"gene","module","kME"
"RPS4Y1",2,-0.049337659657318
"HLA-DRB5",0,0.00452264302889429
"H3F3AP4",2,0.0969282502535231
"HLA-DRB1",0,0.0437440321029722
"RAP1GAP",1,0.115915064744298
"PTMA",2,-0.0657865454202726
"FCGR3A",2,0.155190515750436
"RPS4Y2",2,0.00569615529926839
"RPL23AP64",2,-0.194530724297337
"DEFA1B",0,0.181909980725255
"FTH1P3",2,0.223171909345855
"DEFA4",0,0.247564546339579
"EVI2B",2,0.133968413969585
"DEFA3",0,0.17862460334832
"RPL23AP32",2,-0.115706267385564
"APOBEC3A",2,0.27125956079269
"GIMAP7",2,-0.123992637377005
"FCGR3B",2,0.268982133866395
"PTGR2",2,0.0362256675111245
"TMSB4X",2,0.0106315844375966
"KRT1",1,0.146398781772919
"HACD4",2,0.0487200504182059
"SLC4A1",1,0.13773468880736
"MYOM2",0,-0.0970953421585904
"TDP2",2,0.155768461027271
"CA1",1,0.245415567959506
"GABARAPL2",2,0.134414385165783
"PPIB",2,-0.00583819450611869
"PCDHB9",2,0.0741591354389524
"DEFA1",0,0.136459839840042
"HLA-DRB4",0,-0.116418987934233
"RAP1B",2,0.0232087465673927
"ANXA2P1",2,0.0447035214324884
"SERPINA13P",4,0.153252867185263
"RPL23",2,-0.0999276652819127
"ORM1",0,0.724963137447584
"DTWD2",2,0.0838692981985771
"IFI27",1,0.255479621813418
"CD164",2,0.0314700597631109
"ARG1",3,0.858538930635954
"OLFM4",0,0.304186269438788
"HLA-G",2,0.0658491802113048
"AMY1A",2,0.042358531401423
"FAM46C",1,0.262001879031861
"IFI44L",0,0.125551707144511
"ANP32A",2,0.199832726425171
"ZNF223",2,0.0468307564270716
"CAT",2,0.0837073568962226
"FAM49B",2,0.186603515587949
"IFIT1",0,0.282353488754565
"CCZ1B",1,-0.0915718961672139
"SRSF11",2,-0.0459524019763726
"TMEM158",1,0.298534200236937
"ELANE",1,0.280221586212804
"SPRYD3",4,0.0889838689624615
"S100A12",2,0.531035656627426
"HBZ",1,0.198747706927097
"MMP9",3,0.850143754303771
"TLR1",2,0.294082372971352
"SELENBP1",1,0.079896615315871
"STRIP2",2,0.0300659018952782
"C6ORF62",2,0.0301516420159576
"PABPC1",2,-0.015659961224619
"SEPT7",2,0.00290479532546474
"S100P",0,0.472765711303086
"USP49",2,0.0836504594387259
"LEP",2,0.0589979361518746
"CEACAM8",0,0.394251209723122
"BNIP3L",2,0.194106077898675
"HMGB2",2,0.363128078839348
"CAMP",0,0.468241642900979
"RSAD2",0,0.241936268816008
"ARL6IP1",2,-0.0294795130935804
"C18ORF32",2,0.106442692773796
"IFITM3",0,0.408472329169424
"BMP8B",2,-0.00259834578805267
"SNAPC1",2,-0.00415952642642116
"RPL14",1,-0.220924565180734
"BCL2A1",2,0.26478014875714
"LY96",0,0.575740656961481
"HNRNPH1",2,-0.0412401334941323
"GYPB",1,0.191124158869196
"AHSP",1,0.167308890037875
"TRIM58",1,0.194558854335333
"IFIT1B",1,0.255517719369278
"BLVRB",2,0.0707583174134737
"RAD21",2,0.186247761537066
"EPB42",1,0.0852919562907416
"YY1",2,0.15575477183017
"RPL7",2,-0.132634899811774
"RPS26",4,-0.260675217275853
"ZFP36L1",2,0.274711671255127
"RPS28",2,-0.219866468290436
"FOLR3",3,0.558415816713881
"GP9",1,0.188836315683619
"ITM2A",2,-0.158491220577611
"DPYSL5",4,0.164653673207295
"SSTR2",2,0.12582128938248
"RAB33B",2,0.272626292334676
"PPBP",4,0.23737624393475
"AGTPBP1",2,0.219538847533526
"ITM2B",2,0.0891500692222342
"SNCA",1,0.140489105470476
"SLC5A8",2,0.0221869502196469
"HAUS2",2,0.0995400146534937
"PIK3AP1",2,0.20099054467189
"GIMAP2",1,-0.13195921761461
"NACAP1",2,-0.147868236780512
"ACTR3",2,0.165976932186148
"RNASE3",0,0.248310046201616
"SLC35E1",2,0.127330892980568
"GMPR",1,0.133363778950291
"KCTD12",2,0.194906919045613
"LCN2",1,0.432427085894225
"OSBP2",1,0.117291986939801
"ZNF669",2,0.0569258841244989
"NLRP8",2,0.0677682696668938
"ACSL1",2,0.580621918048002
"TNS1",1,0.194107071444832
"TBC1D32",2,0.03433156358945
"RSRP1",2,0.147010793754605
"DENR",2,0.0619286227470297
"MRPL57",2,-0.0640855350360476
"C11ORF63",2,-0.0191731633317139
"PLA2G2D",2,0.0104601346501065
"EIF3M",2,-0.0971533055735895
"CCBE1",2,0.224473814088765
"FAM210B",1,0.185049712121494
"BCL2L1",1,0.15210943787626
"GNA13",2,0.191884392183672
"HBD",1,0.145792524921212
"DMTN",1,0.117745666217308
"MX1",0,0.276507019667934
"CA4",1,0.799937722069506
"MFSD14A",2,0.02889544053668
"SAMSN1",2,0.165352139136311
"ZNF557",2,-0.00434131519696619
"TMOD1",1,0.222485264976887
"JCHAIN",1,-0.119550270487996
"HERC5",0,0.309604148536851
"RPL13P5",1,-0.322012979918381
"CPPED1",2,0.338425074655079
"RBM38",1,0.0760700616380246
"PPP1R15B",2,0.102213600571782
"ALAS2",1,0.159504378470781
"BLOC1S6",2,0.0753798580122994
"KDM5D",2,-0.152391064608616
"NUBPL",2,0.136699687821772
"METTL7A",2,0.0908837215344676
"HBM",1,0.264939700490286
"TANK",2,0.119169701780815
"CLC",3,-0.323475474318225
"HSPE1",1,-0.345807073620726
"RNASEH2B",2,-0.14378744798608
"IGBP1P1",2,-0.0711445848457732
"GPR1",2,0.0560464241206321
"IGF2BP2",1,0.308647873569188
"XRN2",2,0.178436461680102
"SDPR",0,0.356455508796088
"DOPEY2",2,0.120966934641863
"EIF1AY",4,0.0739247226136053
"HBG1",1,0.0920677707119092
"HERPUD2",2,0.0824142508958606
"EPSTI1",0,0.200814394474663
"IFI44",1,0.0890290983740055
"STRADB",1,0.168251901885539
"PSMC6",2,0.0092534686606712
"KIAA1033",2,0.149299647660896
"FECH",1,0.236767110899378
"CLEC12A",0,0.0996313399679592
"DDX3Y",2,0.0291776732662036
"AOC4P",2,0.076083462505477
"PIP4K2A",1,0.234422880971978
"DDX17",0,0.0470456530731318
"CXCL8",0,0.167063643726119
"GZMH",1,-0.151909944586708
"CHURC1",1,0.00933960706682702
"HBE1",4,0.144151507026326
"XK",1,0.323565441786161
"LSM5",2,-0.131809974822267
"RPL21",1,0.012219810360804
"MS4A3",4,0.26886009085108
"ALPL",1,0.662377070322871
"HLA-DQB1",3,-0.334064393650905
"FBXO38",2,0.169933435551175
"MCEMP1",3,0.749545999948284
"DMC1",2,0.106734963659312
"CCR7",3,-0.595735456736927
"HBG2",1,0.110306309434001
"SLBP",2,0.0163449929843959
"EXO5",2,0.122083685170688
"IFIT3",0,0.350364393848688
"PAPSS1",2,0.128302341242699
"VCAN",2,0.335400096152924
"SPOPL",2,0.164843350275416
"NRGN",1,0.206971492135567
"E2F2",1,0.175263645326558
"PDZK1IP1",1,0.0693125885984191
"HECA",2,0.148072299946303
"CEACAM6",1,0.410659483068915
"PLEK2",1,0.225715156599026
"MCTS1",2,-0.0196407842706842
"PGAM4",2,0.0687566348200228
"C4BPA",0,0.290196767925391
"FAM26F",2,0.022567457804671
"TSNAX",2,0.0763229927669588
"OSTC",2,-0.0785680551828104
"IL10",2,0.0543414303940845
"MCMDC2",2,0.0738884178970965
"RAX2",2,0.140690995774513
"IL18RAP",0,0.729144461127257
"IFI6",0,0.193715708259213
"ATP11B",2,0.247426585367306
"KLRF1",1,-0.142273341887097
"PITHD1",1,0.057949915796639
"MBD4",2,0.12219893958886
"HDC",1,0.0788093416999596
"CTSG",1,0.263255519363045
"GZMK",1,-0.572378994631741
"USP8",2,0.168329457012102
"FKBP5",3,0.739994053196668
"ETS1",1,-0.298435791978275
"RPS23",3,-0.382732007084269
"GSTM2",0,-0.133326408741537
"GYPE",1,0.222458574901965
"PGLYRP1",1,0.714587367678587
"PTGES3",2,-0.111728193207245
"GPBP1L1",2,0.0947890742546182
"LYZ",2,-0.0794528276427975
"GIMAP1",2,-0.164045109269263
"SESN3",1,0.365948064181379
"SLC6A8",1,0.236384695885736
"OR2W3",1,0.127379470426713
"VPREB3",4,-0.562463616702189
"TXNL1",2,0.000543756394488315
"PVALB",1,0.0665170303482889
"LSM6",2,-0.00729555183009182
"ATMIN",2,-0.0507658189944685
"HK2",2,0.471479570640502
"VWCE",1,0.118847238416479
"TSPAN5",1,0.2525632360716
"RPL9",1,-0.0371022253461567
"MPP1",1,0.355311130380104
"AMY2B",2,-0.0303521750294805
"HSPA1A",2,0.53401540062467
"ANKRD9",1,0.159273664392317
"COMMD8",2,0.0182903742604212
"TMEM176A",4,-0.0476940908548835
"RBM47",2,0.507051532025471
"FLI1",2,0.136816254285925
"SYAP1",2,0.100163087165658
"MAP3K7CL",4,0.280211531869736
"CD302",2,0.141583429210494
"MFSD11",2,0.024299905345337
"GLRX5",1,0.209724328961311
"SNX10",2,0.388254121772625
"RAB3IL1",1,0.115793545222081
"WSB2",2,0.0456565504867431
"CRISPLD2",1,0.857656799648813
"TPST1",0,0.811223363719512
"EIF2AK4",2,0.0893696658014059
"OLR1",1,0.350164168387026
"SKAP2",2,0.535626239874197
"BSG",1,0.15151736983855
"RUNDC3A",1,0.107306402332333
"KIAA1324",1,0.563127742649059
"HBQ1",1,0.267614673967391
"KPNA2",2,0.0688497890902179
"SUMO1",2,0.0311087228901093
"MPLKIP",2,-0.00509999949089925
"ECHDC3",1,0.758826884391008
"FKBP14",2,0.201641288101507
"LY75",2,0.0589800295816368
"WDR11",2,0.0893501436627461
"CARD16",2,0.233616908744232
"SNHG5",0,-0.0341887423389696
"IKZF1",0,0.124959905303521
"HYKK",2,0.195439521273189
"EID2B",2,0.177720362814873
"ALPP",2,0.125276956975898
"ANXA3",2,0.567992051123599
"IKBKB",2,-0.0650977242000647
"AZU1",1,0.252257531742164
"RPL31",1,0.0247027003927234
"RPL23AP7",2,-0.165144699315084
"PADI4",3,0.857465035595165
"PPP3CA",2,0.230578324872183
"C1D",2,0.0737631587636567
"GNG11",1,0.149486053107171
"CHPT1",4,0.163215160511253
"FAM213A",2,0.137401865185705
"XRCC2",2,0.222541541743397
"MAGT1",2,0.244362660282207
"RNASE2",0,0.22913919405819
"DCAF12",1,0.198265513703639
"TCN1",0,0.575290000457142
"HSD17B11",2,0.272650625698115
"ZNF683",1,-0.1592919902891
"EAPP",2,0.015837834057797
"BPI",1,0.426338896477836
"MEGF9",2,0.474773330426196
"SMOX",1,0.160159462118942
"DPM2",1,0.0286825494577008
"CMPK1",1,-0.157082408782616
"DYSF",3,0.842101976966591
"TMEM267",2,0.122139127202074
"ISG15",2,0.0842351566353298
"GATSL3",1,0.073274684804321
"TOPORS",2,0.125015188808834
"H3F3C",2,0.145907560261257
"ECHDC1",2,0.0416874793444958
"HIF1A",2,0.339938530718886
"UFM1",2,-0.121986746472834
"NME2",2,-0.0801981274218854
"HNRNPH3",2,0.088670315754714
"ASCC2",1,0.150729148981399
"SH3BGRL2",1,0.296045381495897
"CDKN1B",2,0.120678390751241
"CD24",0,0.0459711900494551
"N4BP2",2,0.154609761429795
"BPGM",1,0.185583918218852
"FCRLA",1,-0.48369219559128
"KIR2DL1",2,-0.126583273027943
"PF4V1",1,0.175000505752042
"ERGIC2",2,0.240168143261248
"LY6E",4,-0.173030336764111
"LTF",1,0.32611916933071
"RNF10",1,0.367492434683634
"MARCH8",1,0.125922063525664
"RPS3A",1,0.00842552333469221
"IQGAP1",2,0.627954635817504
"SMIM14",2,0.0926595726008417
"GSTTP2",2,-0.0356256629114351
"CXORF21",2,0.0971791948252615
"FAM174A",2,0.120643945963095
"DENND6B",4,0.128546530096277
"BIN2",2,0.164681707765252
"GPR65",2,0.183420387466669
"ZNF786",2,0.116201550379969
"ZBTB11",2,0.00887942662864917
"UBXN6",1,0.114320807218277
"CAMK1G",4,0.110911154616685
"PI3",0,0.0299177321141097
"GALNT3",2,0.14255257180887
"MFF",2,0.0982767287537611
"SPICE1",4,0.16230658181181
"EIF3A",2,0.0888012580632221
"USP6",2,0.153878106099169
"CHST13",0,0.488800255386333
"KIAA1551",2,0.404760008100204
"ZNF600",2,-0.00323252675616326
"METTL21A",2,0.194359524372428
"PYGL",2,0.703020249570285
"SELT",2,0.0607125585741655
"ARFGEF1",2,0.184738153548014
"TSPAN2",2,0.250084972875351
"FYB",2,0.283595033414604
"MPO",1,0.311993077767206
"MT2A",1,0.0207083600026951
"SF3B6",2,0.0560551900205143
"IL17RD",2,-0.00469111862918288
"KLHL2",2,0.546655051128086
"AQP10",1,0.216827622970376
"FGFBP2",1,-0.232110995176488
"ARPP19",2,0.0413570625732158
"CARM1",1,0.121611888072574
"TMEM167A",2,0.152646444029215
"KATNBL1",2,0.286241474741756
"TOP1P2",2,0.178242912649074
"TUBA4A",2,0.366187600971493
"ALDH1A1",2,0.125407455500836
"KBTBD7",2,0.515316565096642
"GRINA",1,0.364845948997415
"CLEC1B",1,0.264737542200902
"LGALS3",2,0.0813762785513692
"GSTM1",0,-0.0749961517343788
"NELL2",4,-0.616291990728697
"SYNE1",2,-0.0257169557032261
"MKRN1",1,0.289243637676809
"C2ORF88",1,0.343820787180998
"GSPT1",1,0.211252389887438
"RHOB",2,0.215434179591312
"ADI1",2,-0.0305984291263417
"GPBP1",2,0.090070119052414
"SP3",2,0.188878702685575
"ITPK1-AS1",2,0.152221241492271
"CNBP",2,0.0687221585360339
"RGS18",3,0.562476747870216
"CD48",1,-0.176247277536354
"LCOR",2,0.220806648122429
"EIF2AK2",3,0.703360139146906
"TMEM156",1,-0.0773916644922185
"HAGH",1,0.105029309442234
"SACM1L",2,0.0263132132370441
"TFF3",1,0.292186285236822
"RSL24D1",1,0.0419632447810512
"ANKRD22",1,0.600049541229119
"SBDS",1,-0.270236353758584
"COX7B",1,0.204925125635366
"RNF149",2,0.53183776680301
"CYP1B1",0,0.547317630152934
"ZNF577",2,0.168271253036864
"PATE2",2,0.0627827013476801
"ABCA1",3,0.745688949590747
"IL18R1",3,0.704368103219425
"RN7SK",3,0.423216273670648
"IFIT2",3,0.487364097039686
"GUK1",1,0.144597583037914
"PLIN5",2,0.142859214987496
"BEX1",1,0.137506914914581
"ID2",1,-0.10419752014767
"ADIPOR1",1,0.256356817299702
"IRF2BPL",2,0.597479273558404
"YBX3",1,0.265304507301459
"GDPD1",2,0.0701327387179321
"RAD51",2,0.0112164802784322
"BCL6",3,0.846388248606871
"TESC",1,0.0811134712898981
"TOP1P1",2,0.114913843020903
"LDHB",1,-0.518585085041519
"CTR9",2,0.0707381816549355
"AKAP7",4,0.408460479777789
"PKN2",2,0.334961488414096
"RPL26",1,-0.0892225761537439
"IL7R",4,-0.579235406488767
"ACTN1",1,0.689349432317699
"SLC25A39",1,0.0732065421300187
"CD19",3,-0.48642435306748
"SUMO2",1,-0.124124658947951
"PPM1K",2,0.070123064905297
"HIST1H4H",1,0.636309957972988
"R3HDM4",1,0.289996474553636
"UCP2",0,-0.0709051451899178
"XAF1",0,0.0572594982097632
"EIF4E",2,-0.0106769969188953
"MYL4",1,0.277831875735609
"HEBP2",2,0.384730751157753
"PRRG4",2,0.189620652006533
"HIST1H3H",1,0.131111947054536
"NAPSB",0,-0.229950066564183
"THBS1",1,0.466662699598848
"TMEM70",2,0.0511004783357423
"RBBP4",2,-0.0241457567096056
"HP",1,0.535069570749622
"NFIX",1,0.239212455828904
"RAB6A",2,0.100748788376258
"TMEM128",2,-0.154358985095743
"ATP6V0C",1,0.266272568587944
"SAP30",2,0.551266934417397
"DDX51",1,0.118490823842292
"ARMT1",2,0.0678713101725473
"GYPC",1,0.171641420207381
"SIPA1L2",3,0.837820078625867
"ITLN1",1,0.230749372762775
"HES4",0,0.0460807752128359
"CDC34",1,0.227637331779116
"F13A1",1,0.303498460886387
"LYPLA1",2,0.041634109176383
"HPS1",1,0.136197793291389
"FCGR1B",3,0.432564898995052
"SAR1A",2,0.0740834014739472
"IGF2R",3,0.869182422660549
"ANKRD44",2,0.0812592402344961
"ACRBP",1,0.106488974448449
"SLC2A11",4,0.467293181609695
"LINC01567",2,0.100827653292875
"SLC25A37",1,0.455034985244371
"NKX3-1",0,-0.197937516947563
"IFI27L2",2,-0.0535003093416376
"GNG10",3,0.553386045796811
"MARC1",3,0.832788278200022
"NAA50",2,0.0962286874425197
"RNPC3",2,0.0836860636015133
"IRAK3",3,0.864658073039982
"RETN",1,0.402167693562647
"RPS15A",1,0.142155151328967
"CFD",0,0.065106103947123
"FFAR2",0,0.464589842244114
"FAM118A",0,0.119134694649038
"HLA-DRB3",1,-0.144022645118088
"PDK4",2,0.45738663240566
"HIGD1A",1,0.130133162057953
"LILRA3",3,0.535299144756991
"ITGA2B",1,0.301036052966305
"KIAA0408",2,0.103786137493957
"TMPRSS9",1,-0.0698842975829903
"IRF5",1,0.135951970621673
"TSPAN9",1,0.308596016955195
"PARP9",2,0.389291811604041
"KRT72",0,-0.353400073603637
"LEF1",3,-0.621187137334932
"RTF1",1,0.221065155234094
"GZMA",1,-0.288037609149251
"TMEM106B",2,-0.133356253491708
"GBP1",1,0.114701123216763
"NOL10",4,0.0208747926982262
"NAT8B",1,0.230798283644103
"SIAH2",1,0.282475695713547
"IRS2",3,0.823943205338164
"PMAIP1",2,0.044033264353853
"SIGLEC5",1,0.748916933898579
"FCGR1A",3,0.501414571476788
"CD6",3,-0.719755184777703
"FAM162A",2,-0.223653245306436
"TP53INP1",2,0.36681860082362
"CXCR2",1,0.70110788066946
"FRG1",2,0.036670483841106
"FMC1",2,0.175484555020991
"ZNF69",2,0.262603367775974
"CXCR1",1,0.699886522314585
"CDA",1,0.766926114316005
"NDUFAF7",2,0.0571287632286714
"NKG7",0,-0.374700068339318
"CD79B",1,-0.610334593606451
"CKAP4",3,0.907057909962703
"FKBP3",2,-0.134863640341381
"RABGEF1",2,0.131833580147262
"GUCD1",1,0.0767710644781221
"FAM126B",2,0.243800335216045
"GZMB",0,-0.16508149914888
"GTF2H1",2,-0.0427557054911034
"OAS1",0,0.14070639017157
"HDAC4",2,0.406793186060387
"LRG1",3,0.814300944192557
"PCYOX1",1,-0.0661718163477377
"FPR2",3,0.810119818952544
"CD8A",1,-0.38932201471833
"HIST2H2AA3",3,0.831070591879553
"NCF2",2,0.518893874058802
"GBP5",0,0.0197599109576005
"OSBPL8",2,0.533954636511035
"HINT1",1,-0.325994828254511
"SELL",1,0.657083940679879
"ALG11",2,-0.203993767178755
"TAOK1",0,0.53946474705066
"MCOLN1",1,0.321818633308454
"LUC7L3",1,-0.181958749133449
"TFAP2A",2,0.0183779598777129
"SP4",1,-0.136522015507729
"RPN2",2,0.0041055170083108
"ADM",3,0.768443029702093
"CPVL",0,0.0731310291390323
"MAK",4,0.27179006685096
"SPCS2",2,0.00849195989685061
"RAB2B",1,0.0151302548573755
"SLC4A5",2,-0.0204158152058716
"KIR2DL3",0,0.00682017816855838
"CNGB1",2,0.0412553275134755
"ZNF773",1,-0.096624085317106
"ZFAND6",2,0.099969121920231
"LMOD3",2,0.251377582897475
"BASP1",3,0.784011876136673
"ADRA2C",1,0.150844231175212
"CTAG2",1,0.0122729961526511
"MYC",1,-0.277976543480323
"NPRL3",1,0.138506745186801
"ROPN1B",1,0.0958011226171842
"KLF1",1,0.0655913936629817
"FCMR",4,-0.623653767966128
"CPD",3,0.89198880761966
"PROS1",1,0.427312330249692
"VWF",1,0.354638275069243
"CDC14B",1,0.177067937868479
"SLC38A2",1,0.260944487872325
"WLS",0,0.619489125192377
"NFE2",1,0.557023792151484
"PHF3",2,0.216478513279644
"PPIG",2,0.055957236897198
"SLPI",3,0.542629997109055
"ZNF467",1,0.629320261743843
"PPP1R12A",2,0.274298883015151
"DAAM2",1,0.726700412231431
"ADGRE3",3,0.786116426098533
"VPS41",2,0.0865978513705216
"GPR146",1,0.177270138449569
"INTS8",2,0.0968435363244331
"NSG1",4,-0.45622057004595
"TMEM86B",1,0.245798659881571
"YIPF4",2,0.123782364135206
"SPAST",2,0.13445293093732
"MANSC1",3,0.827576988280177
"MAL",3,-0.67752892678691
"CD55",2,0.736862918028722
"TMIGD3",1,0.579925235067238
"S100A11",2,0.576907136003251
"HSPA4",2,0.00786478563309654
"UBE2O",1,0.0287426792426743
"MED25",1,0.228078340740296
"GNB4",2,0.284934183903748
"NAMPT",3,0.803669783972044
"RASGRP1",1,-0.461982155834898
"CD52",2,-0.366455986580941
"ITGB3",1,0.28915897224831
"BLZF1",2,0.17552340840984
"TAGLN2",1,0.496342132422301
"STXBP2",0,0.25359926965288
"HSCB",1,-0.0650534573218035
"MAP3K2",2,0.616439662576415
"FAM63A",2,0.559057472836692
"MYADM",2,0.538766205275282
"CES2",1,-0.0308515748522498
"G6PC",1,0.18333296891773
"RRM2B",2,0.251967343383045
"DYNC1LI1",2,0.152551990243389
"FAM103A1",2,0.217735157464979
"FAM129A",1,0.73795189921701
"ZNF483",2,0.0674205568923475
"NINJ2",1,0.279866443358124
"PROK2",0,0.667831983933007
"PTCRA",1,0.192047002688543
"HMGB1",2,0.0786610543477429
"F2RL1",2,0.538027609691754
"LILRA5",1,0.654014405793251
"MTMR6",2,0.442541961279733
"WARS",0,0.277844280890143
"TRIM10",1,0.215017588606378
"MEFV",4,0.373424782352555
"SORL1",1,0.840038955771343
"SLC7A5",1,0.193789963521229
"RNF19B",0,0.255682522789964
"CLEC7A",2,0.272742949568628
"DUSP11",2,-0.00186411717333342
"ARHGEF40",1,0.732032341033382
"HIST1H1C",4,0.462000108014738
"HLA-C",0,0.0983938957558874
"KAT2B",2,0.039398002918896
"OASL",1,0.360116247485178
"HYPK",1,0.110385774358581
"PGD",1,0.76697641849596
"TPGS2",1,0.232144828070654
"C5AR1",3,0.856457747746699
"CYSTM1",1,0.839845120030982
"RANGRF",2,-0.052373051923672
"SELPLG",0,0.294566909355465
"HNRNPU",2,0.00598832028634953
"PTMS",1,0.125993433933942
"CNIH4",1,0.39462695046313
"PTPRCAP",1,-0.661791870567027
"KEL",1,0.137421834871758
"RPL37A",2,-0.230180747604608
"NAP1L1",2,-0.0847432753057631
"SPATA13",0,0.325373126610475
"SPI1",2,0.439244360256742
"SLC48A1",1,0.123752116051383
"NDUFA5",2,-0.0213071923554689
"TMEM154",2,0.451131078733113
"ANPEP",1,0.731480573473185
"FBXO7",1,0.115717727773092
"GRN",0,0.518556905046645
"USMG5",0,0.150896221281378
"ITGB5",1,0.287646674547611
"B4GALT5",3,0.927924918031095
"PANX2",3,0.700952003307195
"PRF1",1,-0.0515856508833845
"NXT2",2,-0.0370636565814158
"IL2RB",1,-0.474845259628382
"KDM3A",2,0.104806678625571
"GPAT3",3,0.847806838522061
"LIN7C",2,-0.0740091365374629
"FAM8A1",2,0.33854947705798
"FAM53C",1,0.665457179174279
"KLRB1",1,-0.483245567823316
"DGAT2",2,0.60692940169473
"MOSPD2",2,0.390813222600696
"RGCC",2,-0.449835764670992
"TRIM22",1,0.148595493748162
"DUSP1",3,0.834750790838789
"B3GNT5",2,0.340194617705863
"CD3D",1,-0.629404940960092
"TIMM10",0,-0.0810624913232664
"IDI1",2,0.310374195073661
"ST6GALNAC4",1,0.169991308860265
"CXCL16",0,0.765272908482475
"TXNDC9",2,0.061147984400611
"CCNH",2,0.0514182308544503
"PHOSPHO1",1,0.342736822349924
"ADGRG1",0,-0.0305346888972506
"CD3G",4,-0.3764668173524
"SRSF3",2,-0.0368728082012918
"GATA1",1,0.109650872781997
"CX3CR1",1,-0.183784448734858
"RGS2",3,0.804023205067737
"CLEC4E",1,0.763450352976982
"NCF1",0,0.459985549502333
"CHST15",1,0.824078648194628
"ANKRD33",4,0.514418575828951
"UTP23",2,-0.0527364846887146
"CD163",3,0.671623865543642
"UBE4A",2,0.174542629693586
"SPTLC1",2,0.0140229417660408
"CTDSPL",1,0.258443510022584
"CD3E",3,-0.490472932066356
"ELOVL5",2,0.493007779341473
"PNPLA8",2,0.0871765409300945
"BAZ2B",3,0.811571718691738
"FCHO2",2,0.34877052666774
"GCLM",2,0.170107134833495
"TRIM25",1,0.634275073878595
"DNTTIP2",2,-0.0400880928589563
"ALOX12",1,0.231522891076908
"VNN1",1,0.689281166977989
"RPL5",1,-0.227799263651266
"PIK3IP1",4,-0.4881046881392
"PTGS2",2,0.628151701104268
"MCFD2",2,0.0133098512789986
"MMD",0,0.149802983832129
"TNFSF10",3,0.737538900563102
"MPL",1,0.27837804934272
"SEMA3E",2,0.362869177795469
"EIF2AK1",1,0.264220398637715
"PCED1B",4,-0.582094488037796
"GOLGA8B",1,-0.546382055092316
"NFIL3",2,0.77965666564783
"DPYD",2,0.480652933030728
"LMO2",2,0.210361918411807
"FBXO30",2,0.193858072218504
"CNEP1R1",2,0.239097157744682
"C12ORF57",1,-0.554098354422685
"LOC401357",1,0.532426751535169
"HLA-DOB",3,-0.495621326300008
"TSTA3",1,0.188938935490114
"ALG13",2,-0.0272525329852642
"ITK",3,-0.621984032910382
"ADGRG3",3,0.819467825896989
"F5",3,0.861500850509667
"CLIC3",0,-0.233487385431647
"S1PR5",1,-0.383391063026827
"MARCKS",3,0.758649290039171
"USP10",3,0.782301577752547
"CLEC4D",3,0.823371765816741
"PPP2R3C",2,0.361202010659651
"PASK",2,-0.56597402955287
"FKBP8",1,0.125881863961545
"ECHDC2",4,-0.556055134353918
"HAL",2,0.837483656573052
"H1F0",0,0.301823453932345
"ABHD5",3,0.806782366564904
"TNFSF15",2,0.178733335229397
"TIMP1",1,0.284137032443472
"TMX1",1,0.188199059383016
"HEMGN",1,0.264408168903526
"SNAP23",2,0.311188894649277
"FOXO4",1,0.415185957162916
"TMX4",3,0.733978976307804
"WDR74",1,-0.132838555642901
"CYP27A1",0,0.405423128148766
"ACTRT1",1,0.159582032162064
"ROPN1L",1,0.816004160435387
"GSTT1",1,0.0116218092811646
"FAM101B",1,0.392175976086481
"RPL7A",1,-0.249449085651818
"NT5M",1,0.101121006226089
"RPS6",1,-0.132278831314684
"LIMS1",4,0.217272216352905
"DSC2",1,0.528319348206588
"GNA12",1,0.120959827521792
"SLC2A14",2,0.549516127158529
"IER3IP1",1,-0.164827841360197
"SEC23A",2,0.126137009572702
"MFGE8",2,-0.441374739485211
"VNN3",3,0.825507019359865
"VPS26A",2,0.163318091034348
"OMA1",2,-0.082889132122772
"LGALS2",2,0.200060054963805
"RPL27",0,-0.0542708359447407
"ZNF91",1,-0.178441553771117
"PDCD4",1,0.127300374410581
"GPR183",1,-0.582293694543307
"CIR1",2,0.333237053092981
"C19ORF33",1,0.160543999776975
"TGM3",1,0.625342939015039
"ID3",3,-0.711468238463494
"CD93",3,0.674803654877563
"RIOK3",1,0.361922025607932
"CTNNB1",2,0.099740380407287
"BANK1",1,-0.476431002844314
"TATDN1",2,-0.139036817604703
"CMTM2",3,0.764513534878153
"CPA3",1,-0.00210384175958056
"ZNF682",2,-0.00370492074958691
"AQP9",3,0.893240905358722
"CEBPD",3,0.785575006840709
"CTSZ",3,0.566840306782539
"C14ORF166",1,-0.23756973634365
"GNLY",0,-0.17472381701072
"AGO2",1,0.533391349891769
"HLA-DRB6",1,-0.308926884609817
"CD69",1,-0.363708592700175
"NBPF9",0,0.231929704704723
"RPL13A",1,-0.497044627493915
"LRRFIP1",2,0.497458481689855
"ZNF430",2,0.0952577928255026
"SLC22A4",3,0.794326558524188
"TLN1",1,0.684385801256171
"LAP3",1,0.175214111891663
"OSBPL11",2,0.299775234539464
"DNAJA4",1,-0.0248391801754715
"CD247",1,-0.472677596438623
"ADH4",2,-0.169305059002263
"LRP10",3,0.5859948848052
"SAMD9L",0,0.309503386730748
"ZNF652",2,0.128358140862321
"TNFRSF4",2,-0.342840364472053
"SRPK1",3,0.924316469856584
"TNNC2",1,0.111325362004379
"HNRNPA1P33",1,-0.431992237345656
"TMEM204",2,-0.588702520454502
"ARPC5",2,0.435670310960532
"GNL3L",0,0.185977672241792
"CD74",0,-0.23371250925921
"ITPR3",1,-0.524817273798915
"HIST2H2AC",1,0.805117920335918
"TLR5",0,0.597266018995004
"TMEM91",0,0.79459504889615
"MTF2",2,-0.0138804049306832
"HHEX",2,0.31301115840197
"HELZ2",3,0.683748063758957
"UQCRC2",2,-0.0218158460530667
"PSG9",2,0.457483563477861
"DENND6A",2,0.130861732682442
"HK3",0,0.641177013159601
"P2RY13",2,0.570184563287896
"FAM104A",1,0.320047416018646
"SRP9",1,-0.0153005602587533
"PFKFB3",3,0.733883625432958
"SDCBP",3,0.772434903921791
"PCNX1",3,0.842590242791849
"IDS",2,0.560235044936946
"RBP7",3,0.805910328449861
"HNRNPA1P10",1,-0.338930477115552
"PRKDC",4,0.625878431086005
"ARL16",1,0.153024946566441
"ARAP3",1,0.735933064101715
"ATP6V0E2",3,-0.600548685573945
"LMNB1",0,0.802384610714809
"AKR1C3",0,-0.279890061242805
"PHLDB1",1,0.0013415708984981
"DEK",1,0.0542062567218825
"SOD2",1,0.721906313650629
"PPM1F",1,0.538408451178814
"CBS",1,0.609934460910904
"SCGB1C1",1,0.201871828107511
"RNASE6",3,0.365648970387237
"TBC1D10B",1,0.238041226584705
"HLA-F",2,0.204941432783977
"LAIR2",0,-0.274395257926087
"BTN3A2",1,-0.167143115869276
"PLBD1",3,0.820209668304278
"RNF24",0,0.71630385627589
"IL32",1,-0.637444284364071
"HNRNPDL",1,-0.324099759926965
"PDP1",2,-0.0049501756984795
"NCOA1",2,0.540581951295549
"SPOCK2",3,-0.559589957627171
"PNMA3",1,-0.0525760269449255
"DAPP1",2,0.233443898373725
"UBLCP1",2,0.262498756621873
"PIK3CG",2,0.478845790712508
"HMGN2",1,0.0186748131798295
"MYBPC3",1,0.692840709641207
"HSH2D",0,0.470878108720285
"GZMM",1,-0.616491285185255
"C17ORF97",1,0.0938737853758231
"CD2",1,-0.541455797130297
"MMP8",1,0.286817786361105
"EPB41",1,0.258563229416324
"STAT1",0,0.397735764949908
"MAFB",0,0.403503991878328
"FAM214A",1,-0.0300462162424891
"VTI1B",2,0.132700522012551
"SMAP2",1,0.762364494513636
"LRRC25",1,0.450051839059646
"TAF1D",2,-0.00720354312388242
"PIGX",2,0.133568248320401
"MME",1,0.770370589090716
"MTDH",1,-0.045513266801424
"ATXN1",2,0.304838012938658
"PDIA3P1",2,-0.0699122567557516
"PLOD1",1,0.793160578077751
"SAMD14",1,0.184062787889314
"DPCD",1,0.187257753855922
"NFYB",2,0.064215906557733
"PTBP3",2,0.555242730993791
"STX7",2,0.115721256130228
"TSPAN33",1,0.0314409863440609
"MSRB2",3,0.630594648986399
"TTC25",1,0.273860000337069
"SLIRP",1,0.0184466453108708
"ORM2",1,0.644209375956152
"RRAGD",1,0.813120736319505
"MS4A7",1,-0.115174252375987
"METTL18",2,-0.120103814970327
"DICER1",2,0.29252209160549
"CTNNAL1",1,0.272816785587884
"PVRIG",4,-0.64427367144419
"SLC40A1",3,0.754798523952517
"TMEM123",1,-0.120474326156458
"HIST1H4C",2,-0.333809665155975
"HCG27",3,0.718534586642785
"UTS2",1,0.00833476063005298
"CYBRD1",3,0.65673639860509
"RPL39",1,-0.0109809530741823
"MYH9",3,0.710931346787893
"NOTCH1",3,0.59320779680136
"EHD1",1,0.552971758175938
"DUSP6",2,0.222941196550349
"MBNL3",4,0.250830774785485
"SEMA4A",1,0.719154449285339
"SUCO",2,0.00441353222474921
"TMA7",0,0.206603928729054
"PTGER4",1,0.245644948450266
"ITGAM",3,0.836032028636391
"CCL3L3",0,-0.120893770214151
"TNFSF13B",2,0.643322393695433
"FPR1",3,0.853911328003135
"ACKR1",1,0.0949490092679616
"FAR2",3,0.797311623538042
"TREML1",1,0.118984481309375
"PAK2",3,0.747247507609626
"EXOC8",2,0.147152506596693
"TRPM6",0,0.671384356335224
"HECW2",3,0.849832723742417
"TGFBR3",1,-0.249133689990037
"RNF144B",1,0.822436048473838
"MT1A",2,-0.0952339594672355
"RGPD1",2,-0.0204421963459283
"RPL17",0,-0.349487249526543
"ODC1",1,-0.0501502880749853
"SH3YL1",1,-0.215109073044434
"MGRN1",0,0.449860153451323
"TLR2",0,0.793678836872158
"GNS",0,0.713136605199068
"CD79A",4,-0.404363744782749
"LYST",2,0.47824700721209
"SLC31A2",3,0.79525785337807
"CAPZA2",3,0.568581057679169
"RPS4X",1,-0.581790653795434
"RBM34",2,-0.125475817335794
"DOCK8",2,0.624062029570544
"PFDN5",2,0.290665765134785
"SYNJ2BP",1,-0.279600158873407
"CMTM8",4,-0.250649270153565
"TYW1",4,0.0709029013383792
"KLHL8",1,0.759173443166518
"KCNJ15",1,0.798761367080527
"GPR160",3,0.677872738233186
"GSKIP",2,0.129000598743316
"NT5C3A",3,0.678205157911568
"CD58",2,0.607285819360921
"STAT4",1,-0.468309032488843
"AP2M1",1,0.194593036890088
"STX11",3,0.727307493662545
"KLC3",1,0.131262247046067
"PARP12",4,0.141861754040388
"MARCH1",1,0.071368815741619
"PFKFB4",3,0.855175712134455
"MCOLN2",1,-0.555180784027006
"CRYZ",1,-0.423752731160606
"PLGLB1",0,-0.111918451599455
"REPS2",1,0.810706583284623
"SEC11C",1,-0.251658535226689
"MAF1",1,-0.0623378965345397
"RBM12B",0,-0.00957907363488525
"LYL1",1,0.166780024943085
"ZBTB16",1,0.46375017684309
"GPER1",1,0.584318461195842
"HIST2H2BE",3,0.824556801398056
"FOXC1",1,0.537067967211572
"NDST1",1,0.719941712495054
"HMBS",1,0.101175286870639
"SLC2A3",3,0.836766117701028
"TRAK2",1,0.121414959761275
"MGAM",1,0.759914181655114
"BIRC3",1,-0.113133281238429
"CORO1C",2,0.603570707494422
"TFDP1",0,0.461209077948797
"MBOAT7",3,0.82293433311952
"PTGS1",1,0.204790214579178
"SEC14L1",1,0.594426238642992
"CES3",1,0.238085511128928
"SORT1",1,0.723547236863203
"LY6G6F",1,0.169413639466778
"MEX3C",1,-0.195381588439905
"NOP58",1,-0.328071030419359
"RTN3",4,0.680344961324743
"ASGR1",0,0.148659447460839
"LPCAT2",1,0.327433366709323
"CD68",2,0.0473974167458427
"IRF2",4,0.171609081519727
"ATP9A",1,0.621279450680265
"PNPLA2",1,0.359485879285084
"AXIN2",4,-0.608634476156753
"HLA-DOA",3,-0.496960620590421
"EVL",3,-0.655342437952869
"PRKAR1A",2,0.339735770045721
"BCAS2",2,0.0741761944629794
"NDUFAB1",1,-0.289079597225812
"CMTM5",1,0.226536284159013
"DCLRE1C",2,0.0411996329630545
"NT5C2",2,0.726322470951294
"ARID3A",1,0.827640017731715
"TRIP12",2,0.416640720326064
"CREB1",2,0.389770417153706
"LRCH4",0,0.367029893115849
"YPEL3",4,0.413018883589184
"PPP3R1",1,0.651335105183817
"CASC3",1,0.562980873915199
"CDK10",2,-0.205465575728001
"PACS1",0,0.268719106422917
"PARK7",4,-0.0992215327205203
"SLC43A2",0,0.587610147246423
"STAT2",0,0.321825676087129
"MFN2",1,0.621187027660881
"LIME1",1,-0.580757472520594
"FES",0,0.524821847890508
"SMNDC1",1,0.23813250088405
"TMEM55A",3,0.670522197174314
"GIMAP5",4,-0.639661000472273
"TMEM140",1,0.68490277888927
"KIR3DL2",1,0.0853878126231159
"MX2",0,0.64871178755029
"MAP2K3",1,0.239206021960923
"SLC39A8",1,-0.0613604279101557
"ESPN",1,0.118877043111581
"LYAR",1,-0.423526235557911
"VPS51",2,-0.350392579608469
"CD47",1,-0.276907714479049
"PSTPIP2",2,0.432596437681405
"RPSA",1,-0.334423329319193
"R3HDM1",2,-0.0424146218815628
"BDKRB1",1,0.169163102866569
"LAMP2",3,0.895537112390112
"MRPL15",1,-0.152968501026291
"DDIT4",0,0.273533501812346
"SDHD",1,-0.0362060259616401
"CRIP1",1,-0.559815185385774
"SRPK2",2,0.22560896116351
"FOXO3",1,0.503965508251756
"UBE2D1",2,0.185280997853924
"MPPE1",3,0.498150247748179
"WSB1",2,0.603051402260731
"CNTNAP2",2,-0.42696285396917
"CST7",2,0.382089490186048
"TMEM256",1,-0.215706156660524
"C8ORF37",2,0.154089842859692
"ZNF394",1,0.315499943393336
"SPC24",2,0.0848965062430793
"CTSW",1,-0.380365669223187
"MXD1",3,0.92721532955772
"ESAM",1,0.12275022526519
"OAS2",0,0.0414081589579701
"ADAM17",2,0.49785016563172
"NDUFAF4",2,-0.247027369294841
"NBPF10",0,0.148002383574584
"SPP1",1,0.26380310080593
"AZIN1",2,0.317556664866298
"KLF4",1,0.164203384347281
"AIRE",2,0.122591847777193
"SLC1A5",1,0.21555674117328
"FZD7",1,0.130935761173359
"CTSS",3,0.710957880801123
"ADAM19",3,0.620251160286695
"CD14",0,0.528519398486123
"SMARCA5",2,0.0205341419586285
"SH3GLB1",3,0.880058221840638
"ALPK1",3,0.805822755820854
"TSC22D2",2,0.126619978333962
"FLT3LG",4,-0.732218710728109
"GRAMD1A",3,0.561036353470408
"PLXNC1",3,0.82344040371675
"CTSL",0,0.239653668866566
"CYP51A1",2,0.0953621625645288
"SCO2",2,0.291601065948408
"EAF1",2,0.0373207114790263
"IL1R2",1,0.767343469946889
"DPYSL2",0,0.112761129497338
"TDRD1",2,0.0807695362686252
"CTBS",3,0.802976296727159
"BOLA2",1,-0.234844902997275
"FOS",3,0.783338488865807
"ALDH2",3,0.423379194304247
"AK6",2,-0.0856458529587843
"BANF1",4,-0.525145575835175
"CNPPD1",1,0.268091932942861
"CARHSP1",1,0.560414369789052
"CLDN5",1,0.0766947531731776
"BIRC2",2,0.505257199142948
"RASSF6",2,0.0477134340550994
"PPA1",1,-0.496970378155376
"XPO7",1,0.138167588040399
"PGM5",1,0.311060879778226
"DNAJC30",4,-0.636454554896519
"CPEB4",1,0.564002856554696
"CD7",4,-0.417858585324845
"FIS1",1,-0.0566908389493339
"MRVI1",1,0.493796249718284
"KRT23",0,0.71075245776511
"TMEM14B",1,-0.152759545414143
"EIF1AD",2,0.0023835797755673
"STK17B",2,0.240281276718782
"ZBTB44",4,0.24844298727019
"TREML2",1,0.713337475843278
"VMP1",3,0.860841709500803
"PRTN3",1,0.283599727678903
"MXI1",1,0.253466680076949
"CD96",4,-0.573474200049994
"PTGDS",1,-0.103309709483665
"PAM",0,0.25147220040398
"C9ORF142",4,-0.456780738617399
"VSTM1",0,0.0731911026727229
"TMEM17",1,0.242699147268821
"PCID2",1,-0.507732229655544
"CST3",0,-0.13229375256924
"SLAMF6",1,-0.400217865441172
"PRR14L",1,0.12949617429044
"MARCH6",0,0.504969580259538
"SSH2",3,0.85696342512471
"TANGO2",1,0.293166008050275
"CHSY1",2,0.634546274523885
"PCMTD1",1,0.376024474316836
"OCIAD1",1,-0.0922907397960509
"SHROOM4",0,0.324827184843515
"LTB",1,-0.477351793691545
"MAPK8IP1",1,0.227840135283188
"APMAP",3,0.877220650496059
"TMED7",1,0.198417447441769
"TPP1",0,0.368345534274331
"SRRD",1,0.224707190372054
"GCA",3,0.814921791988266
"EOMES",0,-0.348473097322024
"SLFN11",1,-0.0952643689874243
"NQO2",1,0.593581522470941
"SLC38A5",1,0.205619476589806
"AP2A1",1,0.173159665057509
"SLC2A5",1,0.210290016731145
"HCCS",2,0.0791720252464861
"GMFG",2,0.521665623593065
"MED7",2,0.0735709856542695
"PHC2",1,0.699076790535944
"FAU",4,-0.0953656522887751
"TLR4",3,0.861592876377693
"CHP1",2,0.302525941228779
"GLRX",2,0.476284687817435
"COG3",2,-0.0908389022729828
"LEMD3",1,0.316678188627523
"WRB",2,0.138568534231046
"TMEM71",0,0.747988977287758
"RGL4",1,0.739272507928454
"TMEM45B",1,0.467983588772039
"ZYX",3,0.612710502303691
"CDKN2AIPNL",1,0.170213893449015
"SNRPF",4,-0.591366953716042
"SHKBP1",1,0.491053817530258
"GSK3B",1,0.743663563765231
"RALB",3,0.85350406896275
"CRCP",2,0.0306282295386736
"MCUB",1,-0.507806821002582
"PIK3R2",1,-0.0441069223098866
"KIAA0319L",3,0.727976815185224
"HACD2",1,-0.139420657450789
"APOPT1",2,0.286976577110816
"TXN",3,0.754777777993979
"S1PR1",1,-0.58800786203336
"LIPA",0,0.217014523170551
"CTTN",1,0.229522447503544
"TCAF1",2,0.18037799207765
"CCDC91",2,-0.136857478433318
"KRTAP19-6",1,0.597311583885627
"RAB31",3,0.839329763209628
"BUB3",1,-0.265046708783018
"TRIB1",3,0.905732112760607
"SH2D1A",1,-0.49512795019881
"LILRA2",3,0.671828147088431
"IFNGR1",3,0.775206258724628
"KCNJ2",0,0.795107626060165
"MT1X",4,-0.580690653961487
"NOV",0,0.523422762703128
"SHFM1",4,-0.287293311529132
"EMILIN2",3,0.379857985412889
"C9ORF78",1,0.0667859427871135
"FAM83F",1,0.11740742567396
"EZR",2,-0.159813891631774
"OTOF",0,0.113317216332938
"IL17RA",3,0.844847690130903
"RBMXL1",2,0.0544669594913352
"PRUNE2",1,0.40016939096151
"CCL5",4,-0.253463042059644
"CD160",1,-0.442214265055352
"PRSS33",0,-0.31599682119056
"TGM2",1,0.235978125186986
"BIN1",3,-0.669711001457949
"CDC25B",4,-0.631272836738285
"RHD",1,0.0394874833015182
"RAB8B",2,0.543752550887095
"EEF1G",1,-0.594415114394178
"CCNG2",1,0.322325756661474
"RBBP7",1,-0.188703428393934
"DMXL1",2,0.070579640232191
"PJA2",2,0.691762030945707
"CABP5",1,0.118203934362273
"MYBPH",1,0.251114042438743
"CFLAR",3,0.749059582973692
"KRTCAP2",2,-0.31260339035505
"SMAD5",2,-0.0925749714612649
"HSPB1",0,-0.397762924279312
"SLA",3,0.744984832391533
"P2RX1",1,0.713775001124523
"PI16",2,-0.201069271311332
"TREM1",3,0.747212226011137
"HSDL2",2,0.726641516852451
"C19ORF43",1,-0.290900157801633
"NRG1",1,0.112423825077447
"PEBP1",1,-0.421396913866793
"DDX60",2,0.159368279793084
"OLIG2",0,-0.41400076056259
"E2F3",3,0.824941795440474
"OXR1",1,0.169571836213998
"NR1D1",1,0.0445781844841492
"ITPK1",3,0.770502912328708
"ALOX5AP",1,0.775236263691697
"BEST1",3,0.896797198524946
"PLEKHF1",4,-0.391077603909836
"MOB3A",1,0.667031788574334
"ABTB1",3,0.741506838063516
"CCNJL",1,0.741905089310136
"HLA-DMA",0,-0.367240638108899
"GYG1",3,0.772496199349272
"GABARAP",2,0.288177941685703
"DNA2",1,0.177984595077252
"ADA",2,-0.512312161499927
"TBC1D22B",1,0.121275123775634
"C1GALT1",2,0.200367674095498
"HIP1",1,0.582025568787712
"PPP2R5A",0,0.736885212056122
"TRIB2",4,-0.52380684365149
"DNLZ",4,-0.318707007411588
"CSRNP1",1,0.640815841132771
"HNRNPA2B1",1,-0.197918913593936
"PTGDR",1,-0.371531153218524
"GBP4",4,-0.217903195655228
"MZB1",4,-0.179252562565323
"SRXN1",1,0.524343253545198
"PXN",2,0.455037541353304
"ITPRIP",3,0.900509924247897
"DR1",1,-0.0135700409089217
"NUCB1",1,0.332762261544455
"ERGIC1",3,0.811607917355792
"HCLS1",1,0.625205782713601
"G6PD",1,0.645115141495803
"ANXA5",1,0.0591189372516117
"PIM1",1,0.148733605700787
"CCR1",3,0.377417585838039
"TOB1",1,0.417905587667344
"RPL35A",4,-0.129800728877108
"WBP2",1,0.360508276002836
"IGLL1",0,-0.136514099026693
"RDH14",1,-0.45543275361147
"WNK1",1,0.441026885624537
"GDI2",2,0.209894721338802
"FBL",1,-0.586559205001873
"MBOAT2",4,0.291383008663484
"CYBB",2,0.319493446136302
"MSN",0,0.584097109024634
"FHL2",1,0.17256945102764
"IBTK",1,-0.165811280073651
"GPR18",4,-0.624739293133583
"ZNF641",0,0.358456542976591
"BEX2",3,-0.686687903906082
"TMEM126B",1,-0.158663574008157
"PCNP",1,-0.0371144887410843
"IPP",2,0.0945733737393013
"SULF2",2,0.552011778882534
"PPP1R15A",0,0.733015016515411
"FGL2",0,0.676767764591947
"CSNK1G2",2,0.243617957959708
"BMI1",1,-0.331776378477131
"NCF1C",3,0.747044716529705
"FURIN",1,0.43206008620159
"ZBP1",0,0.379661663861623
"LYPD2",1,-0.192975004863485
"PLEKHA1",1,-0.512973215019821
"MTURN",1,0.411517748872779
"TMCC2",1,0.193094259297987
"CREG1",1,0.510964720135508
"SERINC3",2,0.474750439383406
"CLTC",2,0.215028808814353
"IFI16",0,0.586750223157508
"MAOA",1,0.459406713545102
"AFMID",1,-0.0524973783771239
"TNFSF14",2,0.415595981911511
"OAF",2,-0.214161098066556
"HDGF",1,0.0807028675468126
"EVI2A",2,0.333624638285279
"NPL",3,0.902088622818242
"GLUL",1,0.239894355450233
"HIST1H2AC",1,0.718542967262375
"RYBP",1,0.800122258532882
"SIRPB1",1,0.770942358613172
"ADGRE5",3,0.791074710438393
"NARS",1,0.00465454769060403
"IL1RAP",2,0.569121076798661
"LHFPL2",1,0.614905919332737
"LRP3",1,0.592626119527014
"TMED5",1,0.208446622675638
"DAPK2",1,0.629969743950623
"MED21",2,-0.0367877309528211
"TRPA1",1,0.127215661384871
"SPARC",1,0.214723826795378
"VAMP5",4,-0.0648037909876093
"TNFRSF17",4,-0.192329220759981
"KIAA1211L",1,0.659594101558651
"SH2D1B",0,-0.248548675301422
"TLR7",0,0.0311841593143074
"C10ORF54",3,0.78226313764166
"NAPRT",0,0.284982673425395
"CDC42SE1",3,0.505929034773247
"SMC3",2,0.0858533517829679
"DOCK10",1,-0.474424293473854
"CMBL",1,0.272162584325723
"HPSE",2,0.48131823442133
"SEPT6",1,-0.339848363758299
"PELI1",3,0.763783557722555
"NFXL1",1,-0.09884998164663
"OTX1",1,0.480521542972238
"DDX19A",1,-0.112940877955812
"OCIAD2",1,-0.540060229947796
"SULT1A1",2,0.156782019582584
"CENPV",4,0.011570779221729
"MPZL1",1,0.632706133071135
"ANTXR2",3,0.811693456788448
"NSA2",1,-0.350282083794887
"STAP1",1,-0.373244599943939
"UBXN2A",1,-0.00698542989607343
"INIP",2,0.159667651942466
"CKS2",1,0.0380456127876289
"TIAM2",1,0.564993537695767
"RPL7L1",2,0.08202705842281
"TCEA3",3,-0.663752855695342
"TSEN34",3,0.886102849218146
"SVBP",1,0.453177406433195
"PLSCR3",4,-0.408678696903748
"TSPAN13",1,-0.406375036151817
"SLC11A1",1,0.627777358816596
"NUP214",0,0.780043099061252
"GABARAPL1",1,0.805822261444046
"APBB1IP",3,0.742610306388519
"LPAR6",1,-0.204279601536618
"CEP57",2,-0.0404410721802574
"HK1",1,0.254651208057212
"UBA6",2,0.0715521422919401
"FCER2",3,-0.5279208173931
"TNFRSF1B",4,0.522153926449498
"JAZF1",2,0.295213871994641
"SYTL4",1,0.208951356902293
"ZDHHC19",1,0.454364968027792
"PTGDR2",0,-0.310111698578372
"CD27",3,-0.781026588184765
"CBL",2,0.487345657877541
"RBPMS2",1,0.220008728749451
"SEL1L3",1,-0.501770600634015
"HSPA1B",3,0.49305337557231
"SERPINE2",1,-0.110196690895802
"LILRB2",3,0.768635749042497
"GPX1",1,0.114599946618179
"CR1",1,0.823935377583668
"NUCB2",1,-0.0258320318574248
"GSDMA",1,-0.0293347928265772
"SLC16A3",3,0.835118670102504
"KYNU",0,0.149627511565717
"MRPL3",2,-0.0529804428359274
"CSF2RA",2,0.566531385369199
"SALL3",4,0.0432142429742668
"HIST1H2AE",1,0.284417354852982
"PGRMC1",0,0.176175829304631
"SSBP3",1,0.0644445519976584
"ITGB7",4,-0.587009489566742
"SLC25A44",2,0.571934337259374
"RPS29",0,-0.174886068597474
"PPCS",1,0.130181574577185
"UBN1",1,0.658614699424024
"PGGHG",1,0.570326138922725
"TPRKB",2,0.0646721301219061
"RAD23A",1,0.014799262056039
"ABHD3",1,0.383133623760332
"NLK",2,0.00468227370089881
"TMEM205",2,-0.0908908773080207
"HLA-DMB",1,-0.375526541346155
"MTHFS",3,0.802086779015669
"NOL8",2,-0.190333981930343
"FAM45A",2,0.510079104432461
"RPS21",0,-0.121753056401169
"CEACAM3",0,0.551467838104759
"NMI",2,0.397277957294418
"PTPRC",1,0.434429856750737
"GFOD2",1,0.254466904842498
"DUSP19",2,0.334623406861262
"PRKCH",1,-0.387919035286002
"RFX2",1,0.66505114642444
"UBALD1",1,0.0298145870158697
"TKT",1,0.552162448671942
"ATP2B1",2,0.183398251024266
"RAB32",0,0.622046432304204
"PACSIN2",1,0.844169256878231
"TSEN15",1,-0.528147899541505
"FBXL13",0,0.654033447860776
"TM9SF2",2,0.691484559922102
"ASGR2",1,0.214910506492018
"MYL9",1,0.225015160182515
"HIST1H2BC",4,0.532405744421066
"PPP1R11",4,0.0282504262730931
"EDEM3",2,0.160402612129329
"MARCH2",1,0.207729878338065
"TST",1,0.643560306422978
"LGALS9",1,0.176624773580729
"CSF1R",0,0.211019008544369
"MCM8",2,-0.00668685317381134
"CRIP2",2,-0.520485228169281
"NLRP12",1,0.68503445505901
"APRT",4,-0.668212837022063
"NCL",1,-0.139022687375507
"NDUFA12",4,-0.46146366270591
"TGFBI",0,0.000982039402939493
"TLE3",1,0.656111603648957
"KTN1",1,-0.256845696199321
"YBX1",4,0.170640319283099
"SLC15A3",1,0.626090571163961
"NUDT21",2,-0.0777186343315063
"CHD1",2,0.268443050390337
"STK40",0,0.574499054662237
"NCR3",4,-0.58380630891406
"PPP4R1",3,0.864423422889461
"UBB",1,0.0100630711951518
"ROMO1",4,-0.163631859745024
"PAK1IP1",2,-0.120863080684059
"FAAP100",4,-0.310120855275601
"CXCR5",4,-0.352628961261437
"CNOT8",1,0.112322962889626
"TMEM40",1,0.0909080955886807
"PLIN3",3,0.683812518299943
"RPS5",4,-0.516142886628857
"LYSMD3",2,0.0234938532854773
"CHRNA5",1,0.25717648234679
"KIAA0513",1,0.65702704562358
"LPIN1",1,-0.49202475872362
"TRAPPC5",1,0.339265986344521
"ICOS",4,-0.577891041846251
"SLC12A9",0,0.486883718361538
"SHOC2",2,0.482763989939434
"U2AF1",2,0.178332463530271
"IL1B",0,0.519530185966044
"FAM160B1",3,0.835628785092691
"CDKN1A",1,0.127861275663641
"ACTA2",0,0.397373992703503
"VAMP8",2,-0.192193738841503
"ANG",0,0.18463525356351
"CD37",0,-0.0704139526112123
"FAM96A",1,0.130428078987268
"TBL1X",1,0.76834139370129
"IFIH1",1,0.21821398873772
"CTSO",1,-0.124198275649476
"IL13RA1",3,0.77816527956026
"PPDPF",1,0.113170269552687
"HLA-DPB1",4,-0.296080409473392
"CXCL5",1,0.134191763717743
"FAM214B",3,0.705341756606707
"ARL4A",1,0.448195976421025
"RSRC2",2,0.104503094933552
"MID1IP1",2,0.172059525862466
"FLOT2",1,0.751152455477043
"PTGES",1,0.401689702489032
"FLOT1",1,0.565244843154644
"ZNHIT3",1,-0.250853158633855
"SEP15",1,0.0464185371162936
"BBOF1",1,0.181994587677182
"HNRNPC",1,0.0355319202294817
"GSDMD",0,0.239231600671675
"GPCPD1",2,0.65349166662618
"CCDC82",2,0.0362969117685816
"RPIA",1,0.1493131758033
"ZNF146",1,-0.420567998154446
"SCGB3A1",1,-0.12285852650917
"DCAF6",1,0.430847072077253
"KIR3DL1",0,0.00718139151152498
"MAP1LC3A",1,0.545504371313822
"XBP1",1,-0.415640437657401
"BRSK1",0,0.311332034093249
"DNAJB2",1,0.102369567303702
"UGGT1",1,0.615900454914901
"FAM129C",1,-0.530589120734323
"NCF4",3,0.802518167748359
"CARS2",2,0.33028848502698
"SNRK",3,0.735874845918069
"PFKFB2",1,0.622977935595293
"MYO3B",2,0.18305758416751
"TSC22D3",1,0.688539847475364
"CA2",1,0.35973959892498
"RNF123",1,0.155145694386667
"NME4",1,-0.0538365733728256
"ALG5",1,-0.214913396550458
"ATP6V1A",3,0.810100960843196
"NUMB",3,0.915522586951709
"C17ORF49",2,-0.463980007588533
"LSP1",1,0.49010322626343
"MPHOSPH10",2,-0.101171537674912
"PLXDC2",3,0.883656257454405
"THEMIS",1,-0.443483579619724
"PRIM2",4,0.0177371673686915
"ZMAT3",2,0.407508415465539
"FAM98A",1,-0.136798468833964
"CEBPB",1,0.756422810945882
"GK",3,0.716450651954863
"TNFRSF10C",1,0.628891640000614
"OSCAR",1,0.703946124368481
"CTNNA1",0,0.631030781188162
"STAMBPL1",1,-0.57860117769813
"GPX3",1,0.371915673052592
"JUNB",0,0.421048023921874
"SAP30L",2,0.167776074841966
"LRRK2",2,0.707827696726285
"PBX1",1,0.189450371281614
"EIF4A2",1,-0.184413795657861
"GLMP",0,0.149548704799646
"ZCCHC6",3,0.80522322774648
"WASF2",1,0.487562913051994
"ZNF337",4,-0.645571486908332
"TRIM56",1,0.0509185524664582
"MNDA",3,0.704574957831931
"ATP5L",1,0.0381022271440675
"ZHX2",4,0.308444894106725
"CYB5R4",2,0.665917938123346
"RPS3",2,-0.447486255666269
"TSC22D1",4,0.182090704237562
"GNAI2",3,0.463752455968841
"ADAM8",3,0.793431611905853
"MICALCL",1,0.573313785192876
"TARP",1,-0.285826468111522
"GPSM3",0,0.24745024065317
"RPL4",4,-0.488898946093438
"HTR2A",1,0.194649577640941
"TXNIP",2,0.435219937470398
"OPTN",0,-0.0186479516034472
"PPP2R5B",1,0.183769885026919
"METTL22",1,0.385913069457432
"FCGR2A",2,0.734844614944741
"ZNF581",4,-0.416457420271907
"ARHGDIA",0,-0.0599096886229697
"ITM2C",4,-0.508816422560467
"PLVAP",1,0.193894430264587
"CTSD",0,0.550717176012847
"FNBP4",1,-0.581167125401618
"FAM198B",2,0.329991840050736
"ALDH5A1",1,0.026142050390743
"PHGDH",1,-0.0814860640382076
"CCL23",1,-0.0872480616982312
"ACAP2",2,0.405765699406938
"IMPA2",1,0.567937337783322
"VDAC2",2,0.00702546537017189
"PSMC5",1,-0.206796355856049
"HOXD3",1,0.143435246516648
"SHTN1",0,0.132578612028869
"TBC1D9",1,-0.0478849655416707
"SERF2",1,0.0015837977382414
"RPS10",0,-0.0542806143296678
"BCL3",3,0.485004068439102
"LSM7",1,-0.502701586470032
"RHOG",1,0.470708321264069
"RAB11FIP1",4,0.746134398442491
"SLC16A5",0,0.584797484602749
"IL27RA",1,-0.342732720901593
"FGFR1OP2",2,0.0983552856817434
"KIAA1147",4,-0.604491302688241
"TACSTD2",1,0.304118771890999
"SHARPIN",1,0.0708251896147872
"RARRES3",4,-0.489793052633363
"DOCK5",1,0.801996745338931
"S100A10",0,-0.316696984187151
"IFI35",2,0.155289310169564
"CDK5R1",4,0.351120205463426
"EPB41L3",0,0.37577396392853
"PLSCR1",0,0.561863014680661
"ARL2",4,-0.355220040808522
"RPS13",1,-0.417143047761886
"PGS1",0,0.559487090779019
"ZNF320",2,0.00998674803163031
"TMEM14C",1,-0.279072803751292
"MMRN1",1,0.19862019174188
"GDE1",1,0.7471972718602
"RFK",2,-0.0093166174236727
"LPAR5",4,-0.464771501377847
"CASP5",1,0.48457909344841
"LTA4H",0,-0.0240705691464897
"RNASE4",1,0.141172172412097
"LILRB3",1,0.660828297464991
"CTSA",1,0.294034527765018
"RPL35",1,-0.282506579684123
"HLA-DPA1",1,-0.429298942854645
"ERP44",2,0.00164082747259459
"PRAM1",3,0.693732446920429
"ATG3",2,0.134900695380818
"GFI1B",1,0.0181383397336509
"ANXA4",2,0.0602165100422224
"HAT1",2,0.16055754342347
"VIPR1",2,-0.131627925484679
"PHF5A",0,-0.0790058856460224
"GSTCD",2,-0.0795936881872219
"CISD2",1,0.178190032964399
"ETS2",1,0.802038332969355
"CD300C",0,0.0630727148090992
"TRMT10C",2,-0.120680394375326
"RNF130",2,0.465826141819969
"CAPZB",2,0.234857718383504
"RABL2A",2,-0.206447188143927
"DYNLT1",0,0.643977953752947
"ZDHHC18",3,0.740755146286099
"ME2",1,0.251728544374876
"ANKDD1A",0,-0.156481926039769
"LRIG1",1,-0.655131820094499
"OGT",1,-0.323931328892699
"PYURF",1,-0.394258129757675
"CEACAM1",3,0.70408388943406
"HIST1H2BK",1,0.571655940777121
"GBP3",2,-0.0388042615201725
"RNF165",3,-0.30815182957188
"ZFPM1",2,-0.0885274810457198
"ARRDC4",4,0.278952662059837
"FBN2",1,0.587832466595941
"PTEN",3,0.888589556790304
"XPO6",3,0.818232052538588
"PHF21A",3,0.841343702380386
"DNMT1",1,-0.584968564696365
"GADD45A",3,0.724699632816328
"GNAI3",2,0.672133081650798
"SERINC1",2,0.543693587045011
"NT5DC1",2,-0.0478751739711375
"STAT3",3,0.841599173867011
"CD1D",1,0.325584982094819
"CECR6",1,0.624896351213228
"ABCA13",1,0.304971527148397
"MLF2",4,0.326939058461268
"CWC22",2,0.134832926903775
"SERPING1",1,0.280294766246452
"KRT73",1,-0.339062684895245
"KIF1B",1,0.788196141539223
"HIST1H3D",4,0.571597945325604
"HLX",1,0.807458527854175
"RANBP1",1,-0.481409805163733
"BNIP2",1,0.529864529238485
"SLC45A3",1,-0.167208164125559
"ENO1",2,0.0197788632066702
"UBTD1",1,0.569796963230112
"RILPL1",4,0.494340099170838
"IFNAR1",1,0.741553162408884
"BCKDHA",0,0.159876324033809
"ATP6V1B2",3,0.824308422789074
"SH3GLB2",1,-0.231201754023336
"ASPRV1",1,0.743216458432021
"SOX8",2,-0.377951498208988
"VPS36",1,-0.108703135929155
"SKAP1",1,-0.62364841325762
"DCTN4",2,0.426613584085965
"KLF9",1,-0.00193937375954604
"ACTR6",1,-0.186801617531666
"LTA",4,-0.483334268705024
"USP15",2,0.618361544854304
"ZNF549",2,0.291932687510297
"PRDM1",2,0.220158539596351
"NDUFA4",1,-0.0376666451371118
"CTSB",4,0.314351630439127
"MGLL",1,0.145338276304944
"ATP6AP1",0,0.604436031464903
"MS4A6A",0,0.343936808202188
"ERBB4",1,0.11082847386883
"OLAH",1,0.564117186441615
"BLK",1,-0.558408190782573
"DNAJA3",1,-0.608080720946023
"CD300LF",1,0.386042974578176
"RPS17",0,-0.215834819450893
"FH",1,-0.212270868270797
"HIST1H2BE",4,0.413874292802247
"TYMP",1,0.474323866648242
"PREX1",3,0.803997259375672
"C19ORF35",1,0.545386660361661
"NCOA4",1,0.496426795525917
"FAM65B",3,0.859449025575838
"KRCC1",1,0.0835042226974669
"ALOX5",1,0.676285215750216
"NUDCD2",2,-0.176404436172007
"RPL23A",1,-0.5410757811558
"PIK3CA",2,0.242791838413184
"SSB",2,-0.018629866036518
"FCER1G",1,0.421052043610057
"FAR1",2,0.684279588064639
"SLC6A9",1,0.144183858756537
"RPL10A",4,-0.416394359500228
"SNORD48",1,0.505708527630941
"CEACAM4",1,0.727639627993487
"GHRL",1,0.30278797518806
"GATS",0,0.588437140330832
"C8ORF34",1,0.147354646658227
"PARP14",0,0.263529307343287
"KLHL28",0,0.291299956277442
"ICAM3",1,0.675727299664836
"HEBP1",1,0.211965372585674
"IRX3",1,0.165140797095321
"ANKRD55",1,0.0971053601739911
"TALDO1",1,0.692568972003434
"KLHDC8B",1,0.511042408188395
"ABHD13",2,0.095258106065558
"DCAF13",2,-0.0603203806908576
"NDUFB10",1,-0.149465110660404
"CREBRF",3,0.761318468506202
"MAP1S",4,0.34971963931339
"ZDHHC8",1,-0.554063501281714
"STX3",3,0.850641119235992
"PPT1",2,0.511810968573231
"TAP1",0,0.37859147918573
"NOD2",0,0.342384602837325
"NACC2",1,0.69301055575331
"POLR2A",3,0.526129640754381
"SLX1B",4,0.0962735116183802
"PRKCB",3,0.593235852444069
"CD81",4,-0.483060681033706
"JAM3",1,0.101132413387647
"CKAP2",2,-0.115640668631857
"RPS14",0,-0.158099692130139
"ABLIM3",1,0.25704360624442
"NDUFB2",4,-0.489561821889075
"TOR1AIP1",1,0.500732167723765
"TP53I11",1,0.506785657425632
"SLK",2,0.453459449392379
"THEM6",4,-0.36793723905521
"C1QB",1,0.293820847508018
"TRAM1",1,-0.138717925659874
"PTPN12",2,0.577153021424499
"SNRPG",1,-0.177944798426745
"ANXA2R",1,-0.459890901496614
"ZNF57",2,0.0471348445961511
"CD151",1,0.0768925389363327
"RGMA",4,0.345235321565064
"CITED4",1,0.383247379336743
"PPP3CC",1,-0.64573766342359
"CD36",0,0.302705987731891
"REM2",3,0.60237161697193
"EDDM3A",1,0.167247193608514
"TSPAN7",1,0.165270974434622
"DAB2",1,0.341814410400812
"ZSCAN18",4,-0.330144710913537
"LY86",0,-0.18895255239559
"TMED3",4,-0.359308086292601
"PTGER2",1,-0.437005015626068
"TNFRSF1A",0,0.668727581856831
"MCTP2",3,0.704499372354577
"G3BP1",1,-0.196843199101477
"HDAC1",4,-0.204226722455825
"GFOD1",0,-0.0206473500970545
"MIF",1,-0.613549879804412
"FAM117B",0,0.126898584634126
"TRMT1L",2,0.166476110954781
"KCNK6",2,0.078452653777562
"FAXDC2",1,0.1812743870312
"CEP19",3,0.601540612740725
"HOXB2",2,-0.422791158413308
"TREML4",1,0.160351623325607
"SIPA1L3",1,0.190083904531379
"NDUFB7",4,-0.386523243404059
"PQLC3",1,-0.294892891854509
"AP1S2",1,0.152637420384202
"RAB42",1,0.134214773910982
"RANBP10",1,0.0805183128250277
"CDH9",1,0.161068276982589
"ZNF385D",1,0.165954537345191
"FRY",4,0.296414739648589
"LRWD1",0,0.590242494997357
"SYF2",1,0.201492082067878
"DDX24",4,-0.433786224924553
"LYN",1,0.724459912377112
"APH1A",1,-0.0196102596199912
"NUDT16",1,0.567301461163888
"SUSD3",4,-0.641721303401807
"ADRB2",1,-0.0536265057572587
"EXTL3",1,0.774463815630951
"CAMK1",2,-0.3674819787355
"AQP12A",4,0.455292409796444
"ZNF83",1,-0.469811526580919
"PCSK7",3,-0.588354085020098
"RPL22",4,-0.557349264894006
"C5ORF30",1,0.582305630138655
"SLC30A3",1,0.131272148340667
"ZFR",1,0.187687575798687
"CFP",2,0.569700406205506
"LAMP3",1,0.0972338448426471
"RALBP1",4,0.715189640782144
"MSRA",1,0.652186148715069
"ORMDL3",1,-0.286488064977619
"TSN",2,0.0293018984628277
"ANKRD20A1",0,-0.125866155760761
"CDKL1",1,0.109823475703152
"SRPRB",4,-0.460324192281648
"EIF2B5",2,-0.0829887712444867
"RBM7",2,0.0678079408685187
"DCTN6",2,-0.0141846554301733
"IFI30",0,0.0727686501326909
"PTK6",1,0.233191604295078
"PDE5A",1,0.325803063010453
"ATG7",1,0.684008904305051
"ZCCHC10",4,-0.00107164540042036
"C16ORF58",4,-0.347647367484815
"ATP6V1G1",1,0.0914730280568001
"SLAMF1",1,-0.614158921483408
"GCAT",1,0.0508581733929464
"SEC24A",2,0.0456786607987994
"CLNS1A",1,-0.377390489326981
"PLAUR",1,0.739659100356872
"HMOX1",0,0.174897627677598
"NXT1",4,-0.532946205450382
"NSUN7",3,0.796258028076575
"SAMD9",1,0.4648860066373
"TSPO2",1,0.134282760587967
"PEA15",1,-0.504012962993234
"UBE2W",2,0.179047558348734
"ATP5C1",1,-0.14010537789479
"SLC4A7",1,-0.218395616687959
"FCN1",0,0.338006849130642
"SLC15A4",1,0.583402350092435
"RPL12",2,-0.352585624476011
"LOC407835",1,0.153201115656834
"ZNF681",2,0.0578002548153038
"MSRB1",1,0.75981195968646
"HMGCR",3,0.804368981004596
"ZNF22",1,-0.410076760280984
"NRROS",4,-0.318854829828595
"DEXI",1,-0.581785321746289
"GBP2",0,0.565397906467244
"CAPN15",1,0.582346704696658
"SLC45A4",0,0.715874794872675
"LGALSL",1,0.508393107198972
"SOCS2",1,-0.568738728572746
"ITGAX",1,0.662172138245036
"MED1",2,-0.155109605315537
"FAM212B",1,0.369902917883282
"TCP11L2",1,0.494199881651816
"RXRA",1,0.756656112938326
"TTC38",1,-0.0188518801613855
"SLC37A3",1,0.656946991315443
"IPO8",0,0.0444991893674682
"SH3BGRL3",0,0.0229109142682397
"CACNA1E",1,0.54481287209365
"CD248",1,-0.245735413035103
"SERPINA1",3,0.78450450251262
"TIMP2",1,0.775873305731979
"KLHL22",2,-0.167139745104915
"TFPI",1,0.239336429984096
"ANKRA2",1,-0.241875531138027
"MYO1G",1,-0.21236127788283
"FHIT",0,-0.514259565938281
"OPLAH",1,0.589003868115073
"TPM1",1,0.276012278121175
"TXNDC17",1,0.498818973426757
"NINJ1",0,0.554700425946501
"ADTRP",2,-0.423077405788645
"PAK3",1,0.127736422240815
"RP2",0,0.504775695649585
"FAM65A",0,0.342859511516652
"DENND3",3,0.868744172500795
"PRDX5",1,0.283312324117396
"THNSL2",1,0.265122149566031
"SLC25A42",4,-0.619508335525691
"SLC9A4",1,0.0200756037675885
"ANKRD13A",3,0.838553347000895
"AKAP11",1,-0.38826918026263
"NEDD9",2,0.565593305913197
"BRI3",0,0.570878315668395
"LMO4",1,0.369281448705628
"SRP14",4,-0.171993349130485
"TRAF3IP3",4,-0.430540221593766
"MBD6",3,0.850941817513584
"WDFY1",0,0.451308141694452
"CDC42EP2",1,0.536421920554046
"BTLA",1,-0.586305155305585
"OSBPL2",2,0.627018159794392
"GSTT2",1,0.135716808863007
"ADRA1B",1,0.0943912231522284
"MBTD1",2,-0.0307464211891163
"MFSD1",3,0.611885347066455
"ROCK1",2,0.472942058699902
"SAMD3",1,-0.388037165945877
"CLEC2B",0,0.128440150975437
"RPL24",1,-0.198159522701625
"CHCHD10",4,-0.534836186703326
"JMJD1C",0,0.645430577804658
"PDE9A",1,-0.000221585361923272
"CXCL10",0,0.00264981540774051
"EFR3A",0,0.310143130358322
"SMCO4",0,0.129347548759847
"GRB2",0,0.662559918524569
"COL9A2",1,0.526758117417877
"SIGLEC10",4,0.477805359444987
"HSD17B12",0,0.519439577231115
"OR2W5",1,0.129352719741716
"MAN2A2",3,0.869274941352442
"ULK1",1,0.672392547514044
"TOMM7",1,-0.252670631179128
"CLEC4A",0,0.561721125340484
"THAP12",1,-0.15809063672165
"SYTL3",0,0.593332952206708
"WDR54",4,-0.546763574370852
"TIMM8B",2,0.132336810642972
"NLRC4",1,0.791897279401442
"ARHGAP21",4,0.253168933389524
"SNX27",3,0.702944633524282
"UHMK1",0,0.16902389095025
"SRSF7",1,-0.363284691031235
"COPS2",4,0.0301632330942635
"PA2G4",0,-0.086017775274373
"LPAR2",3,0.797589113472353
"JADE2",2,-0.152670466835253
"SLC22A15",3,0.854671861550298
"MRPL18",1,-0.359603608891329
"DIRC2",3,0.876892710602442
"CCT6P1",1,-0.235606431208193
"MTMR11",0,-0.0749790979943951
"ARPC1B",1,0.267864441715898
"BTG2",1,0.229388062672393
"DDT",1,-0.353949212086869
"CENPB",0,-0.180090434344953
"AP5M1",2,0.0728390800326741
"HSD11B2",1,0.150237441916861
"NOSIP",1,-0.505130472972085
"NBPF14",1,-0.112282188030649
"C4ORF3",0,0.515279004565939
"HAUS4",0,0.638256513701307
"NARF",1,0.536907556987291
"LTN1",4,0.140126562141732
"LEPROTL1",1,-0.245206502457293
"CITED2",1,0.00554151095121606
"CRIPAK",1,0.210735606347323
"TBC1D14",3,0.800095104793336
"RASSF2",1,0.655315679129489
"SUB1",1,0.0192520666813587
"ACADM",1,-0.244496467135256
"THAP11",1,-0.507201505749868
"SF3B4",1,0.0170857735418368
"SERPINB1",3,0.771936935127477
"EED",1,-0.254964286128949
"TRIM21",0,0.618270918584518
"ATP8B4",3,0.481576265699872
"AASDHPPT",1,-0.33310321813604
"STK26",1,0.115506964075768
"GBGT1",1,0.219037208328927
"LIG4",4,0.205829088839931
"ZNF148",3,0.641033663349293
"BRAT1",0,0.00778433050556626
"HMGN4",1,-0.183766609767751
"MBNL2",2,-0.0333181362290209
"OSBPL1A",1,0.649086766008561
"ZRANB1",1,0.489010158101619
"TUBE1",2,-0.23456777904319
"CHST12",4,-0.35660763753553
"KLRC2",2,-0.00434793287385195
"SPOUT1",2,-0.331728393906541
"SPIB",0,-0.528410759961514
"ERAP2",2,0.375818745571484
"TBC1D4",1,-0.676517510812662
"SEC24D",2,0.249035641773974
"FRAT1",3,0.841835672558181
"KAT6A",3,0.744912321161014
"GPNMB",1,0.187516158575262
"CKLF",0,0.693692649596212
"HNRNPR",4,-0.121675477548528
"XPO4",1,-0.240269441546272
"GNG8",1,0.0818359250770341
"SF1",0,0.101667996731721
"SPAG9",3,0.805935186426323
"PDLIM7",1,0.665209555705294
"PLCG2",3,0.751854753927535
"ANXA1",0,0.34793975376049
"KLHL3",3,-0.677762760512522
"TLE4",3,0.785780060777272
"IL6R",1,0.752148745199031
"DPEP3",1,0.568134801065789
"CCDC92",2,-0.235767241069268
"PCOLCE2",1,0.193292878839134
"CSTA",3,0.684648234149904
"PARP1",1,-0.215179882222644
"CNGA2",1,0.152460974878424
"ICAM2",4,-0.688957601956224
"AP5B1",3,0.734568706819299
"RNASE1",1,0.304785070154105
"DCP2",3,0.762509742275672
"GLTSCR2",4,-0.674716894859686
"TGFA",2,0.654886263531689
"FCF1",2,0.0213509989987085
"VPS37B",0,0.591702090292013
"AKIRIN2",3,0.778139418603939
"USF1",0,0.315773271467227
"MED13L",4,0.483215166252386
"JAK1",1,0.341190964620603
"POLE3",1,-0.402590723438338
"UBAP1",1,0.585410193399001
"MRPL13",1,-0.0719305149127518
"RNASE10",1,0.201349669128539
"GJC2",1,0.0138276825048014
"NCF1B",1,0.552686792145787
"ATG2A",0,0.627648574278476
"MARCO",1,0.217069658404049
"PNPT1",2,0.173911007675749
"GGH",4,0.240656862743009
"CLECL1",0,-0.201217419298679
"TSPAN1",1,0.122574735977675
"CSF3R",1,0.803235666027457
"RHCE",1,0.143448921032713
"KDM6B",1,0.744560666516855
"ISG20",0,0.461892357111924
"SVIL",1,0.764689794844848
"SPSB3",0,0.26449128922556
"WNT7B",1,0.135168502589099
"DNM3",1,0.186178794404775
"CLOCK",4,0.247251767320796
"IRF9",3,0.45573891646374
"MRPL48",1,-0.394828227097566
"OR4F3",1,0.0986314679899228
"PLA2G16",0,-0.257184873633807
"KRT10",4,-0.546863257053873
"WAS",3,0.795647186298789
"PRKCDBP",1,-0.00438336553389587
"PRR5",1,-0.0215259214432453
"AARS",4,-0.341023289674379
"KIR3DL3",1,0.0530673738737236
"TXK",0,-0.429508169830312
"SERTM1",1,0.126129684204962
"NTN3",1,0.147201640181948
"TEK",1,0.237521393789331
"PAQR8",1,-0.582822088642407
"MRPL23",4,-0.430965598821147
"SNRNP25",4,-0.441205249409506
"POMZP3",1,0.0307682005280361
"GTPBP6",4,-0.465900425490551
"NXNL1",2,0.200268722808478
"NR1H2",1,0.0987510715537723
"CCPG1",3,0.833932029131113
"CNDP2",4,-0.0455579182567111
"RGS10",1,0.299439267960053
"CMPK2",1,0.0625055929668298
"FAM133B",1,-0.110402780494677
"KLHDC2",1,-0.124347249500836
"KANK2",1,0.125281528124451
"CLDND1",1,-0.189287765891213
"ACTN4",0,0.426155252692872
"STEAP4",3,0.599716583399156
"TM9SF3",2,0.28406999122256
"UBE2Q2",1,-0.287196647262092
"TMSB15A",1,0.0855209331656406
"HRK",1,0.344791224658652
"TBXAS1",1,0.7680849869868
"DENND2D",1,-0.331533797132059
"ENC1",0,0.159894434804336
"APH1B",3,0.824080167838554
"H2AFJ",3,0.717913595930774
"SF3A3",4,-0.385258528202254
"PLOD2",1,0.194753654940413
"CELA1",1,-0.161447457309577
"CD5",4,-0.565522466337817
"SLC14A1",4,0.0708387368604614
"IGSF6",3,0.72045640565601
"TECR",4,-0.510988777157645
"PAK1",1,0.783799331326297
"SNORA32",2,-0.0617879268372224
"KPNB1",3,0.782336708630763
"LIPF",1,0.112324529795064
"RANBP9",2,0.078816870954217
"SLC6A6",1,0.737314470700013
"C1ORF186",1,0.0791975817210458
"ADAP1",0,0.360677861597723
"CLEC5A",1,0.46207127264728
"ZMIZ1",3,0.758868148128449
"SDF2L1",1,-0.385656507685369
"ARL14EP",1,-0.480814074224645
"LECT1",1,0.11781606232728
"IMP3",1,-0.528030237325298
"TMED4",4,-0.0901891181420232
"PSMA4",1,0.0442950590625556
"ZNFX1",0,0.672468790950332
"MT1F",0,-0.438915856089486
"EPHB4",1,0.608621114820653
"ARHGEF12",1,0.242103929513591
"ARMC1",1,-0.340364641759765
"ERLEC1",1,-0.0628634127469273
"LRRC40",2,-0.0579867895642185
"ADAP2",0,0.15872874141206
"EIF4E3",3,0.702187386925144
"TMEM144",0,0.297024574312851
"KCNH6",2,0.0160195547563096
"MSANTD2",2,-0.261770484733851
"CAP1",1,0.6920886709049
"ADORA2A",2,-0.132940185651055
"TMEM56",1,0.194932962523494
"FRAT2",0,0.808370881834443
"UBR2",3,0.88626878400168
"GYPA",1,0.188815446074828
"DBI",1,-0.0882974295645052
"ZNF106",3,0.866368039731771
"UBL7",1,-0.0227995672697586
"GPR176",1,0.155020006930982
"CCR3",0,0.236924656146602
"PPP2R1A",0,-0.159919803569129
"CEP63",2,0.376025095648232
"SPATA4",1,0.110260323841064
"OXNAD1",2,-0.512434663353806
"ERO1A",3,0.691161858642596
"SLX4IP",1,0.265223012066548
"GAS7",1,0.503845669789541
"COBLL1",4,-0.300740237803193
"CHRNA2",1,0.203678545801111
"RRAS",2,-0.341208705362566
"TNFRSF10A",2,-0.372735317274775
"CEBPA",3,0.580659059341782
"SYT11",1,-0.142461102380614
"PHAX",2,0.204553762328491
"LRRC6",1,0.508310863217509
"TDRD9",1,0.484698498231673
"VIM",2,0.496231537153995
"CHRNA3",1,0.175684516563581
"B3GALT1",1,0.151002811383498
"MCL1",3,0.741235981293934
"MTMR3",1,0.758254398161142
"RBM39",1,0.222453271676434
"TMEM51",1,0.00352135213506053
"NDE1",3,0.480310998537523
"CXXC5",0,-0.246082152207727
"PTDSS1",2,-0.279927018823974
"ACPT",1,0.100789402888734
"NFAT5",1,0.356291011000952
"F2R",1,-0.0282828146462695
"PRDX6",1,0.258850554238554
"SIX4",1,0.141825770838086
"PTPN4",1,-0.370906738813891
"LRRN3",3,-0.560644406569298
"ENOSF1",1,-0.6065448916612
"CFHR2",1,0.216062508307815
"MFSD2B",1,0.102476128849958
"APOE",1,0.156393238924521
"BHLHE40",1,0.0861538319766539
"RHAG",1,0.220797218445789
"PQLC1",1,0.0993573349469859
"PAG1",1,0.0963447276925365
"NKTR",1,-0.389310307316192
"SUV39H2",1,0.113704426255028
"FLCN",1,0.125081952341736
"TBCA",1,-0.197754671893695
"SBNO2",3,0.562502752974217
"PISD",3,0.841043104033433
"IKBIP",3,0.687460757954802
"SMPDL3A",4,0.125828831967883
"ARGLU1",1,-0.145327439555105
"NCAPG2",1,-0.159585954951529
"CALM3",2,-0.185539918623442
"SLC14A2",1,0.112036253317698
"RNASEL",2,0.706684681548778
"PAFAH1B3",2,-0.513969814345965
"SP110",3,0.681301869366884
"MAPK3",1,0.745981724774645
"BAZ1A",3,0.834527985306131
"CLPTM1",0,0.091901902476351
"CACNG6",1,-0.0380410900732789
"TMEM47",1,0.0782278312699489
"ADSL",4,-0.34730780568987
"STK3",3,0.73716912707229
"HEPACAM2",1,0.184155404829882
"STARD10",1,0.471059933093722
"PRR30",1,0.181944335257418
"COX7C",4,-0.334053029001377
"PCSK1N",1,-0.11652600781987
"GDPD3",1,0.412380180459605
"DRAP1",4,-0.147798752557124
"LITAF",1,0.74713826590223
"SUMO3",1,-0.446330040296458
"CDKN2D",1,0.594899309468449
"AP1AR",4,-0.0292865794601581
"COX16",4,-0.321877037575984
"TSHZ3",3,0.744617365382617
"C9ORF84",1,0.174084527661448
"CAPNS1",0,0.104103051800429
"CARD8",3,0.605351202182906
"ANKRD10",1,-0.342325830816845
"BCL7C",3,-0.552830214945941
"CNNM1",1,0.174944284840182
"UBXN10",1,0.151342296584694
"MRPL47",2,-0.0893456035913105
"CCNG1",1,-0.216631835288885
"HAVCR2",0,0.213039919850547
"ATF1",2,-0.0370519505290369
"GNPTG",4,-0.220867608676195
"KRT3",1,0.122524078211521
"NDUFA11",2,-0.332908840663095
"C11ORF58",2,0.028955051996182
"OGFR",0,0.224366361963535
"LIN7A",1,0.817414234439255
"LDLRAP1",2,-0.47056285397233
"CUEDC1",0,0.584934222815268
"HIST1H2BD",1,0.497179214094813
"ACOX1",1,0.785775319195597
"HIST1H2AD",4,0.279936245732409
"NDUFS5",1,-0.414596750325888
"TRIM51",1,0.0375007836350932
"FAM120A",2,0.538463510493532
"GOPC",2,-0.132585329298388
"PNP",1,-0.0100003183274898
"CD8B",2,-0.377451201058222
"AKAP3",1,0.170146616721617
"C11ORF53",1,0.15519523539799
"PSME2",1,-0.261830194470569
"MMP15",1,0.143223104074609
"PPP4R3B",1,0.101521942434637
"TC2N",1,-0.679228471169132
"IL4R",3,0.540503536784932
"OR51D1",1,0.176922352390862
"FKBP11",1,-0.359262165174347
"GOLGB1",2,0.24971187007116
"HNMT",0,0.132509349063482
"MYO1A",1,0.19373131392293
"SERP1",1,0.147672090254388
"EFHC2",1,0.501914679542257
"IMPA1",1,0.00506109542413039
"C19ORF45",1,0.141655262694942
"IDO1",1,-0.210254047830122
"VSIG4",1,0.379871107826389
"GALNTL5",1,0.129174353038735
"BNIP3",1,-0.536417816818521
"OR2G3",1,0.118711114340277
"PABPC4",4,-0.45238741605911
"IFNGR2",3,0.795959332771659
"LAMP1",2,0.503028493760573
"PLA2G4C",1,0.0316175155035941
"ATG12",0,0.338915048534406
"TPCN2",1,0.585957713213027
"COX6A2",1,0.0638088286874301
"TNFSF4",1,0.151378717134337
"F11R",1,0.22438810626854
"CES1",0,0.267030033200126
"HIGD2A",1,-0.678511999069319
"CCDC59",1,-0.0737670123188615
"WASF3",1,0.17152474250407
"ZRSR2",2,-0.148362975385064
"OR51E2",1,0.160135953885668
"RNASET2",0,0.48020027849956
"ENDOU",1,0.142555750404854
"SNN",4,0.631275743253232
"ALDOB",1,-0.180182512237926
"APCS",1,0.178999453381014
"RPS9",2,-0.311259188565197
"ZBTB8OS",2,0.171061268651507
"SAMD11",1,0.174288528019691
"RSPO2",1,0.12062741930432
"ATIC",4,-0.450776760112137
"CHIC2",3,0.804568057456718
"RPL34",0,0.169051681796336
"BPIFA1",1,0.104159849893629
"MYLK",1,0.200711999993065
"HNRNPLL",2,0.0396934646010467
"ENTPD1",3,0.875611164142125
"MGST3",1,-0.407145026469812
"HLA-A",0,0.0131546206674635
"IMMT",1,-0.150170608468736
"TMEM165",2,0.494098051194194
"CNRIP1",1,0.130112675292944
"PLAGL1",2,0.315440325173913
"STPG3",1,0.035758174681764
"DNAJC10",1,-0.347167616650545
"CDH16",1,0.143975089650498
"TEX30",2,0.0498186501422483
"CDC5L",2,0.17043583249832
"SFRP2",1,0.0711523374895407
"FAM107B",0,0.447694332551558
"OAZ1",1,-0.00773076157669865
"GHR",1,0.0772114666738755
"HBA2",1,-0.0176947676892729
"PPM1A",1,0.327681567856502
"DECR1",2,0.444996226411456
"MSLN",1,0.132272375352329
"MAN2B2",2,0.24837449389115
"EIF3F",4,-0.651537550682605
"NDUFS8",4,-0.582405687885829
"LYZL6",1,0.119263301711896
"GPHB5",1,0.0791953766564897
"CBLB",1,-0.274810216955034
"KCNJ16",1,0.145459160880431
"UBQLN2",1,0.0792570157890339
"SPTB",1,0.134565226781987
"DPEP2",3,0.763130965681519
"MARCKSL1",0,-0.057868979736347
"ZNF718",1,0.12249744555908
"MEP1A",1,0.117853253444304
"C17ORF53",1,0.324291408355421
"PDLIM1",0,-0.118733485683822
"LCP1",1,0.663324424750901
"CRYGA",1,0.0975716273983707
"RPL3L",1,0.0980744767736249
"BEND4",0,-0.151804059311263
"OAS3",0,0.0520113428927307
"BCKDK",0,0.648141255932086
"BMX",1,0.389126310506561
"ENTPD4",0,0.186714625507423
"CREBBP",1,0.778700610365225
"PSAP",0,0.501370253466233
"XKR3",1,0.389455790436365
"SLC36A1",2,0.450592770967122
"ZNF217",1,0.462400157147734
"EIF2A",4,-0.35940618019682
"ABCA7",1,0.365098385092939
"OGFRL1",2,0.612239136751683
"GPBAR1",2,-0.186637558716535
"ARF6",2,0.121286138301079
"LAMTOR1",1,0.124292599120082
"OR5T2",1,0.0805050461387859
"FBXO6",0,0.209953551771464
"OAT",2,0.15671615628632
"JAML",1,0.738679044467748
"BOK",4,0.337094884430724
"CCDC187",1,0.120412590723637
"ALDOC",2,-0.115968980718864
"MROH8",1,0.0995282849198616
"LMNA",1,0.186564362694945
"ADAM10",4,0.181621738343631
"PSMA3",1,-0.167457007564896
"IL18",2,0.179153341587101
"PRPS1",1,-0.607701035261528
"HES6",1,-0.0270701429861122
"FGD3",3,0.608380120811092
"PKM",1,0.29129218633456
"MYOM3",1,0.145779755123754
"PSMA6",1,0.277069239893685
"STXBP5",3,0.899056059566984
"ADCK2",4,-0.485975981787534
"HAPLN4",1,0.0627952959313775
"PROSER2",1,0.140960187984296
"ENPP1",1,0.0795003478980151
"ATF6",3,0.777998470751429
"TRPM1",1,0.112527228776162
"DTX2",0,0.612579035286213
"RNF138",1,0.0428707577330584
"KIR2DS5",1,-0.00916882800545365
"HIST1H3I",1,0.134284246173202
"POFUT1",4,0.0560967153399585
"SPATS2L",2,0.0223130691110521
"LTB4R",1,0.800826200795819
"SGK1",0,0.469818531382459
"SH3BP5L",1,0.653337704888723
"BST2",1,-0.029645868044827
"TM2D1",1,-0.158053170315733
"REEP5",1,0.308717229904924
"MAP3K8",1,0.385836635455802
"ATP1B3",1,0.00116150096403693
"SERPINB12",1,0.099415235392194
"TEKT2",1,0.141322490982352
"LAPTM4A",2,0.239702006934812
"SLC9A1",1,0.659627641950098
"RAB40C",2,0.33899288755154
"GCKR",1,0.0886182732809642
"ALOXE3",1,0.127119955400311
"GAPT",0,0.420399535018073
"DPYSL4",1,-0.021815482272863
"YIPF3",2,0.401233233602145
"SPRR2B",1,0.137218531837543
"ZNF23",2,-0.0975013804938438
"RNF13",0,0.723474146726555
"ZNF746",3,0.763539501832836
"TMEM8A",0,0.281786920017363
"SULT6B1",1,0.141357043273383
"ZNF721",1,-0.0432870269639677
"AKR1C2",1,0.0550823660195823
"CCDC117",4,0.0784940942157202
"YWHAE",2,-0.00564135377400739
"HGD",1,0.114973325410029
"SLC36A4",2,0.343134521222595
"NXPE1",1,0.0926577942255932
"GABRE",1,0.0993670053806548
"MRPL1",1,-0.234843544919935
"SSH1",1,0.517622203669192
"ZNF653",1,0.0605058167885457
"CCRL2",1,0.121239142582033
"OR10W1",1,0.150774474184454
"SLC32A1",1,0.0740646953905361
"YPEL5",3,0.608344195204568
"CCL2",1,0.170959877512704
"STATH",1,0.0690566768934865
"GPR162",1,0.0592097243113808
"GNG7",0,-0.140850114056973
"CDKN1C",1,-0.1383625541724
"FABP2",1,0.0802738036558524
"SH3D19",1,0.0783941665884479
"MRPL50",1,-0.322079954400102
"ATG16L2",3,0.782437858368597
"IL17D",1,0.160992800102162
"CARD11",1,-0.422539201589845
"DLK1",1,0.0600918408783417
"MTF1",3,0.797660993348176
"TTR",1,0.144260500097659
"NECAB2",1,0.513719167358778
"LPXN",1,-0.444685861205794
"BABAM1",1,-0.144953181320924
"HIST2H2BF",1,0.286827825264397
"ST6GALNAC2",3,0.703840440783982
"MMP25",1,0.370428071676119
"C12ORF50",1,0.121858235293186
"C6ORF120",1,-0.144565941098003
"ACSBG1",1,0.173127592433319
"MS4A2",1,-0.0159259522807159
"OSM",1,0.610575744170625
"GLYATL1",1,0.080987572925142
"TMEM89",1,0.135528646096272
"CCT8",1,-0.366197662576744
"CHMP1B",0,0.488528351189926
"LECT2",1,0.0714365145567095
"ATP6V0D1",1,0.652237828437254
"LGALS1",2,-0.228963034234972
"TBCEL",1,0.240965394567875
"CLK3",1,0.457718523605212
"CYB561A3",4,-0.530078617504094
"KIAA0430",0,0.661374173999812
"GAD2",1,0.0981353603310645
"ATP8B5P",1,0.107650797594874
"C17ORF74",1,0.192511838942995
"CEBPE",1,0.0420094727927724
"TIMM22",4,-0.503711332816286
"HBB",1,0.00643131701319088
"PRR5L",1,-0.288968569659989
"CRLF1",1,0.0982511694365337
"MEG3",1,0.0697489598104838
"ENY2",1,0.213081405573405
"UBE2H",1,0.378424144900425
"LAIR1",1,-0.0430611311508952
"UROS",2,-0.466869404632841
"VWA3B",1,0.166022814722282
"KCNJ10",1,0.139612669818375
"GOLGA8A",0,-0.434972321318814
"ISCA1",2,-0.0608601642015819
"KAZN",1,0.474619014076766
"TSPO",0,0.457414131772808
"LAMB4",1,0.0612334456080726
"RALY",1,0.145899231791279
"MPC1",1,-0.0482442112812944
"TUBB",1,-0.553760860268089
"AGXT",1,0.122223008235413
"MBP",1,0.605059562018585
"PSD4",1,0.524694206076386
"GPC6",1,0.16835482037767
"DEFB107A",1,0.174760752146608
"PINK1",1,0.547536580407377
"RAMP2",1,0.0798332390475755
"CORO1A",0,0.297115220599946
"CCT2",4,-0.399059191616109
"CLCN7",0,-0.035435744091523
"CCDC167",4,-0.487591316553774
"C3ORF62",3,0.823896076477629
"CYP2B7P",1,0.0765845167841883
"CTNNA2",1,0.101707170200401
"RIPPLY2",1,0.130965700780335
"AQP2",1,0.153576425941342
"CPNE8",1,0.0321451762350918
"KRTAP21-2",1,0.236598617166533
"LRRN1",1,0.431528910304701
"MICAL2",1,0.385329176831573
"CCDC58",0,-0.332552232144951
"GAA",1,0.61407092483273
"AFTPH",2,0.267912473287811
"TMEM176B",1,0.0468555580992442
"CPXM2",1,0.101492650174495
"MKNK1",1,0.617533243224902
"MICU2",1,-0.0731456361882765
"C4ORF45",1,0.123071885074953
"IFITM2",1,0.354592540613211
"ERH",1,-0.403487065189718
"THOC3",4,-0.5829999996146
"TRAT1",4,-0.133676581618802
"OR10H1",1,0.0621973550921988
"XRCC6",2,-0.229459291282325
"CRLS1",1,-0.247111045352626
"PCTP",4,0.432736920865562
"TIA1",1,-0.16342104195317
"E2F5",4,-0.587713475197404
"DGCR5",1,0.112119026669506
"PLPPR2",1,0.750480411281553
"AFAP1L1",1,0.0961893883576687
"DSCAM",1,0.213634847252342
"STOML3",1,0.103081959208404
"LGALS9B",1,0.180119386027283
"HPCAL1",1,0.340298331695074
"SGSH",4,-0.235749778247802
"ASF1A",1,-0.329627592925205
"OR13J1",1,0.0380404871409051
"HLA-DRA",0,-0.361459029983467
"KRT7",1,0.158323958468626
"OR5I1",1,0.0694166556781268
"EDDM3B",1,0.132193292136996
"KLHL11",1,0.109745669713931
"ZYG11B",3,0.73679287415673
"POLE4",1,-0.118054912926053
"PLAC8",1,-0.427293887706395
"PYHIN1",1,-0.539962138492563
"IRGQ",1,0.0523536022808433
"SLC8A2",1,0.134053028311982
"C2ORF69",2,-0.0225090207054344
"RSL1D1",4,-0.442556133154821
"STOML2",4,-0.275479501018297
"NUAK2",1,0.656589485045124
"NRDC",3,0.828889336448246
"RMND5A",1,0.382618617161767
"GLDN",1,0.224398606974079
"MRPL14",4,-0.521376529344892
"NKX2-3",1,0.108000011719668
"CDR2",3,-0.638689078799036
"CCND2",1,-0.439864351069722
"TYK2",0,0.607483206586796
"FAM134A",1,0.314159623016098
"HEY1",1,0.324865194635316
"CSGALNACT1",2,0.421842344999304
"GALNT16",1,0.0664971351092972
"KLRD1",0,-0.104231881916322
"GBA",1,0.685172476672327
"AGAP6",1,0.0802486768987219
"ARF3",4,0.44004310634762
"C22ORF15",1,0.0604359459862149
"VAPA",2,0.19713368200285
"BAG6",1,0.188539067941729
"LYSMD2",1,0.0634389994342931
"C15ORF39",0,0.541830439035403
"USP32",1,0.715884124791538
"HSPA13",2,0.132156387288646
"FAM9B",1,0.0649228627908387
"SLC35A1",1,0.282620553237231
"SFRP4",1,0.129620851702747
"NUDC",4,-0.186311098842028
"CNN2",1,0.536667060955167
"GPR84",1,0.425139215323906
"ACSM5",1,0.168652748889312
"TMIGD1",1,0.154336817864959
"KRT77",1,0.00629916218740727
"UGT3A1",1,0.0763647224235235
"MRPS24",4,-0.559950846230626
"MPP4",1,0.0351568652944143
"PPM1E",1,0.145606581547451
"KAT8",1,0.626868466488173
"MISP",1,0.199114030464237
"RHOA",2,0.502721050563948
"RENBP",0,0.262232880074593
"PROC",1,0.154003708917129
"SSR4",4,-0.394553972286225
"ARHGAP9",3,0.809719603080856
"CCNA1",1,0.132267005375438
"OR4C45",1,0.177201812048474
"NTS",1,0.0742066558168911
"SEC61B",1,-0.182549083364936
"HMX2",1,0.0285315464971297
"TM6SF1",3,0.751559238368148
"CCND3",1,0.386451404762193
"TNPO3",1,0.627158579535253
"FARP2",1,0.136587337462818
"KIF1BP",4,-0.0854596034784332
"TLR8",1,0.741563083777799
"LPCAT1",2,0.359824669911176
"ADCY8",1,0.110232635366327
"ZNF385A",1,-0.0415837692044696
"HDAC7",1,0.147820475970277
"SFRP1",1,0.132969393603843
"SAFB",0,0.140586382184807
"C4ORF32",2,0.0647157103914477
"IRF8",1,-0.351976720579639
"AKAP2",1,0.0875616481192611
"SNRPA1",1,-0.658200427507547
"OR51A4",1,0.0472336476890358
"PLCG1",1,-0.50673654594269
"LCE2B",1,0.057378847087856
"ESYT1",3,-0.541024591418939
"C1ORF198",1,0.10855557890423
"ABCA6",1,0.188653764766392
"RBP2",1,0.110621338389494
"BPY2",1,0.050129574994329
"ARID5B",4,-0.379815769659219
"TSC22D4",4,0.327087732591973
"BCL2L13",2,-0.129366578083338
"GNG2",1,0.325477279483221
"RDH5",1,0.301848157420329
"ATP1A3",1,0.168918199629764
"PDZD8",1,0.843922394889279
"SRBD1",3,0.7161011209972
"ZC3HAV1",3,0.599386514153293
"CTAGE10P",1,0.0583536900667771
"SLC26A8",1,0.598839020494374
"SFTPC",1,0.0567674094519634
"SNORD56",1,0.250275007229669
"ZFYVE16",4,0.367130611325032
"ZEB2",1,0.284085255930297
"MTSS1",1,0.0669537497818534
"DPF3",1,0.0675887086933058
"CLDND2",4,-0.141043684406365
"C11ORF74",1,0.0807621300975791
"FLRT1",1,0.0793136466986699
"TPSAB1",1,0.0114492320398237
"SF3B5",4,-0.146704470920936
"MIS18BP1",1,0.416271901749485
"CDH11",1,0.102416671676003
"MKNK2",3,0.569642866695228
"BATF2",1,0.324977396845006
"TOP3A",0,0.349223430089035
"HCK",3,0.704569938115789
"BPIFB4",1,0.0530332706080773
"FNDC9",1,0.0510258080989581
"IL1RAPL1",1,0.036750549513906
"MFRP",1,0.0130737322956008
"NUDT8",1,0.115901252809904
"UVSSA",1,0.525975901293996
"MTNR1B",1,0.08945220238334
"PPIC",1,0.0886576844922104
"FTL",1,0.0909293428660625
"ARHGEF37",1,0.0386243134463882
"IP6K3",1,0.14040886202031
"FAAP20",2,-0.312358039530479
"UGT2A1",1,0.0776852291323193
"EML4",1,-0.379924068733405
"RAET1L",1,0.0037870258285393
"KCNS2",1,0.11613046152453
"CD40LG",3,-0.652322325885628
"EIF3B",1,-0.00112750775179517
"SLC44A2",3,0.71266235062253
"CMC2",1,-0.146172548658722
"MYL12A",3,0.425857695879867
"SH3GL1",4,0.235877244909373
"UNC93B1",3,0.385637345406418
"SPAG1",2,0.145507305888474
"TMEM145",1,0.14535651511014
"SLC25A32",4,-0.0186232240619175
"C1QC",1,0.275284346381285
"TOR1B",2,0.424551701509198
"CWH43",1,0.0574127585988939
"GSN",1,0.470772545647489
"SLC46A1",1,0.117729726854276
"HCAR3",0,0.264845539793145
"STK33",1,0.370592214431331
"ANKRD49",1,0.0928312533348804
"MAGED4B",1,0.203710877123894
"ADGRG5",1,-0.364236106527071
"RAP2C",2,0.318150188462463
"LOR",1,0.225908522113003
"PRLH",1,-0.0213732175408701
"ADAM29",1,0.149233059355517
"MAPKAPK5",1,-0.308085138418611
"HSPH1",1,-0.454338619975224
"RILPL2",0,0.602987691452343
"CLEC4C",1,0.170401582041203
"FASN",1,-0.258662867084812
"PPP1R3C",1,0.0516528046988025
"MIA2",1,0.0492585586038162
"EIF3D",2,-0.404996502546051
"PTOV1",2,0.167393079545406
"C15ORF52",1,0.330009300145971
"OR8J3",1,0.084353819303132
"TDP1",2,0.0512170482151935
"MXD4",4,-0.394200739096437
"RPUSD4",1,-0.468328274424655
"MED4",1,-0.180064995459451
"CALCB",1,0.0307323097809535
"POC1B",2,0.234676173623561
"ZFAND3",1,0.545976704891557
"NDUFB3",3,0.624260438918009
"GSTA1",1,0.0269555480079522
"CDC20B",1,0.0815211249266976
"C17ORF77",1,0.0634999384099517
"DMGDH",1,0.088121560502269
"ATG9A",1,0.447615131628597
"PLEKHO2",4,0.716174461320093
"OR5H15",1,0.13309980975012
"WDR44",4,0.226959568543495
"NAPSA",0,-0.117949983624198
"TAAR8",1,0.11530004068998
"EXOSC8",1,-0.485060613884558
"KLHDC7A",1,0.0932516460227974
"RPH3A",1,0.251321092194666
"NR0B1",1,0.124756100966979
"C3AR1",1,0.683436752187843
"PAPSS2",1,0.344712282090182
"ADAM6",1,0.0722772182556929
"CETP",1,0.383543673685171
"SLCO1B1",1,0.110222568393352
"XAB2",4,-0.11980085280195
"BORCS8-MEF2B",1,0.205305134433801
"CDY2A",1,0.0801351702448121
"C1ORF146",1,0.0779173285974495
"RTCB",4,-0.326583445871073
"FN3K",1,0.146242066176008
"SYNDIG1",1,0.0475724853952406
"SENP6",4,0.135909666357387
"NMD3",1,-0.265315692600309
"HOXC10",1,0.072798331351756
"ZMPSTE24",3,0.738759227375399
"MT1E",0,-0.146063684003434
"ATP6V1G3",1,0.00310555297666714
"JAM2",1,0.129860677586455
"HAPLN2",1,0.106492605615495
"KRTAP12-1",1,0.123641430924615
"DGAT2L6",1,0.0345653601475102
"TDRP",1,0.0840438884631985
"SGSM2",4,-0.284598763788278
"SOX1",1,0.0625414467904584
"CIAO1",1,-0.0674079285206796
"ZBED5",1,-0.120123723626985
"TCEB3C",1,0.0894097079954246
"KRBA1",1,0.14693294949043
"GLIPR2",1,0.660820694166239
"TSPAN6",1,0.151375440171451
"CDK19",3,0.867551612788034
"MVP",1,0.640641637901164
"CLSTN3",1,0.464922863419344
"TTC39C",4,-0.596085312104087
"VASP",1,0.451166342817105
"KCNJ14",1,0.106897515652088
"NDEL1",3,0.865015027937239
"DGKQ",1,-0.241440194515248
"OR8J1",1,0.0737520768181192
"CTAG1B",1,0.0989191001456429
"IMPDH2",4,-0.57360519623122
"KRT83",1,0.10535500805753
"MDGA2",1,0.118947170731941
"ACKR2",1,0.121413036206768
"TFDP3",1,0.0488037840284458
"RXFP2",1,0.0890573158652681
"MSI2",1,0.210785665496
"DEFB103B",1,0.0831766136899462
"ATP2C2",1,0.300763299429194
"GUCA1C",1,0.123468518048799
"WDR1",0,0.406773738810232
"APPL1",2,0.0634193616338669
"METTL5",1,-0.415349608371475
"CHRDL1",1,0.0991376309703598
"MTX1",1,0.711035317547498
"KRTAP3-1",1,0.0744734129283451
"PDE1C",1,0.0777589925291312
"MYO18B",1,0.0820461416318096
"CCDC122",1,0.0868755948351862
"SERPINE1",1,0.155410117747174
"IFNW1",1,0.000364085979450496
"AKAP10",1,0.264140767109777
"PHIP",2,0.481874498584259
"CFAP161",1,0.183602279116878
"DIS3L2",1,0.112487238002885
"SPRR2E",1,0.0719419798924446
"PIP5KL1",1,0.051014153123185
"UCKL1",4,-0.490950301924286
"CAPN1",4,0.450962806170243
"KRT8",1,0.108471795265275
"APEX1",3,-0.660596946694238
"RBMY1A1",1,0.0289949435425345
"TSHZ2",1,-0.395604343473886
"NCSTN",2,0.46622142574118
"CDC20",1,0.152275052228186
"IL7",1,0.122940767784015
"SLC44A1",0,0.402303572511452
"TMEM42",1,-0.60296280844047
"YPEL4",1,0.133052248358018
"GDF15",1,0.0849668505007463
"AIP",2,-0.453847337897882
"DENND5A",3,0.880949499197036
"DEFB106B",1,0.100202579059781
"GAK",2,0.281574607254279
"DLC1",1,0.135389196244484
"SMPX",1,0.0680547006061153
"PRDX3",1,-0.104974460905502
"NUP54",1,-0.428139316771475
"TFPI2",1,0.106921333964677
"XIRP1",1,0.0425352470077072
"CPQ",3,0.818414485146478
"GAGE12I",1,0.060629657835723
"RBM25",1,0.152498570851445
"ADAM18",1,0.0213418164295129
"CACNA1D",1,0.147901326880179
"PLCH1",1,0.0372891035411893
"ALDH3B1",1,0.351596458987459
"C20ORF141",1,0.00982553389832139
"OR8U8",1,0.0601587178699702
"OR8H2",1,0.0558474176989288
"USP38",1,0.53142190600481
"DMP1",1,0.136404136287299
"TRIM16L",1,0.0348157143943659
"MYB",2,-0.127553332473709
"FKBP9",1,0.0402574147294642
"DSCAML1",1,0.0886175041029595
"PSG2",1,0.059919371995172
"FGF23",1,0.0625867435439207
"COX19",1,-0.0757598794796701
"XPO1",1,0.0834703428349349
"KIAA0226L",3,0.50035970853696
"IYD",1,0.106335137241956
"CLPSL2",1,0.0600360186922393
"OR4K15",1,0.07057609879622
"ADGRF3",1,0.0919592569690625
"ENOPH1",1,-0.497709952259295
"ATP6AP2",1,0.522310514804229
"TNFRSF13B",2,-0.35628721378359
"ZNF608",1,0.494118185438037
"SCARB2",0,0.232144596228241
"MIDN",3,0.815312593449549
"SNTG2",1,0.0356897302031508
"RTN4",2,0.4745437361247
"LANCL1",1,-0.468627148148859
"ATP12A",1,0.1621853482259
"OR4N4",1,0.0941551961231051
"MRPL19",2,-0.119888782397372
"FSTL4",1,0.0562115428420018
"PCDHGA6",1,0.0808773664563252
"RBX1",1,-0.0398235701471601
"PANX3",1,0.0760183313343395
"CFC1",1,0.0668464930181409
"HDDC2",1,-0.225118397202831
"EEF2",4,-0.40954770960718
"PRSS27",1,0.129113551093953
"PCDHB11",1,0.0236580279396302
"MPV17L",2,0.0500221393088819
"DEGS1",1,0.551171371578732
"CPN1",1,0.0533065589500437
"IFNL2",1,0.0577534993772148
"SLC9A8",3,0.865406044422523
"ATP5D",2,-0.378852747681057
"RPS24",1,-0.00431193045734871
"HRG",1,0.0871717820484091
"STC1",1,0.141503672724373
"PELI2",3,0.865540434934478
"RNASE9",1,0.0514104335680425
"ADCY1",1,0.0863606371668026
"F2RL3",1,0.173145045020279
"FAM47A",1,0.0216095043343962
"GATA2",1,0.041329799961266
"HIST1H2BA",1,0.0560470678203924
"NIPAL3",4,-0.555941253491204
"KRTAP12-3",1,0.0680144292867843
"WWC3",1,0.69218704567249
"DISC1",1,0.516236992959618
"EIF1B",4,0.396312444822702
"RNF175",1,0.0739666871933446
"HRASLS",1,0.163615796929342
"DUSP3",0,0.287259181881879
"LAG3",4,-0.345091239382043
"OR2AE1",1,0.0752942761366071
"KCNH2",1,0.142961300934679
"SPATA8",1,0.0459499745355644
"IFNA16",1,0.100538216395772
"MAFA",0,0.19633640786062
"KANSL2",1,-0.397645562598308
"SPINK14",1,0.0779165335638285
"FAM76A",2,0.00250160092906252
"LCE2D",1,0.0877614361594508
"AIPL1",1,0.0631633855030469
"FOXN2",1,0.469773005413765
"ABCA8",1,0.0766472870809159
"APLF",1,0.104820112105217
"BMP2",1,0.238826156722483
"SNHG10",1,0.057032936008505
"MAX",3,0.631662712053419
"ENPP6",1,0.0571904133912523
"CRLF3",1,0.405576976342805
"PTPN14",1,0.095364654260712
"TOPBP1",2,0.292781731929165
"GSTM3",1,-0.188988223059912
"TMEM160",4,-0.556231438008346
"MYF5",1,0.0892435437371987
"SEC11A",1,0.325414235674048
"C19ORF70",1,-0.628950851620708
"OSMR",1,0.0610374223687331
"TTC8",4,0.00869849794348303
"LSM1",0,0.219269429515474
"MYOD1",1,0.0393917693385083
"CDH18",1,0.0820905999969169
"OR6C65",1,0.0397936404860829
"CHD7",3,0.6811923974245
"ACP1",2,-0.220087262621049
"ST3GAL4",1,0.605043319643046
"IFRD1",4,0.525536181092333
"S100A8",1,0.152324706934923
"RPA1",0,-0.170700196852625
"NFIB",1,0.156980882115788
"ASAP1",3,0.827243362628146
"SSBP4",1,-0.551731503825581
"TMEM50B",1,-0.441089448027868
"QRFPR",1,0.0281461696517348
"NXPE2",1,0.0637006386405207
"FAM217A",1,0.0386750111538983
"DRC1",1,0.061034668413825
"POU3F1",1,0.0349513493657231
"DRP2",1,0.124678158981185
"PPP2R3A",4,0.22932124506879
"ADARB2",1,0.131080083495145
"TRIM13",2,0.273631800541815
"PCDHB13",1,0.0847066894486164
"PRDM9",1,0.15791579232586
"ACTL7A",1,0.0696634671719296
"TRERF1",1,0.0845838479185333
"OR52H1",1,0.071833870589032
"CC2D2A",1,0.11213225618077
"HNRNPUL2",1,0.27725478568754
"MTPN",2,0.682904438625702
"PPA2",2,-0.0758208859225034
"PNRC2",1,-0.12866683055085
"CARMIL3",1,0.153800072551094
"SLC6A4",1,0.111714609640003
"MGAT4C",1,0.0269126120034162
"NSMCE4A",1,-0.535655465870083
"RNASEH2C",1,0.241717715302222
"BEND2",1,0.117536492026081
"NDST4",1,0.0534911258422211
"IFIT5",3,0.372846794679438
"PUF60",2,-0.254021217491539
"PGR",1,-0.0153140331666563
"CHMP5",0,0.44056037544658
"TRHDE",1,0.114193001635215
"ZFY",1,-0.0209761006251913
"ARL11",1,0.549528862398106
"OR8U9",1,0.102079808516278
"CD63",2,0.443334838384039
"C7ORF33",1,0.0707235642101947
"C14ORF105",1,0.068021608801668
"C1ORF52",1,0.161962511346444
"TMEM196",1,0.0415497515389137
"APOD",1,0.121305104519818
"C12ORF42",1,0.0628707475431074
"MAP3K15",1,0.214015190476046
"TTTY21",1,0.0293951818446387
"DMRTB1",1,0.216275500133465
"TAS2R43",1,0.12401453492921
"DKK1",1,0.0535032628900943
"AMTN",1,0.0936816797598802
"FLG",1,0.111759313669025
"SPATA31A7",1,0.0433280518977308
"PRKAR2B",4,0.147594751420715
"GPR137",1,0.145298157066464
"LSMEM1",0,0.573821337097366
"FAM26E",1,0.0925232136170089
"CYP3A5",1,0.10494040743621
"DDX58",0,0.412541958650219
"FAM84B",4,-0.500511524915926
"C16ORF78",1,0.0662510281139212
"TTC23L",1,0.0723879587242088
"CBX6",1,0.000774721727929237
"OR4K2",1,0.0542351522173431
"PKP2",1,0.111105935418133
"PRKG1",1,0.0504900383823939
"FAM151A",1,0.114861305301319
"IFITM1",0,0.37139262921562
"PRKAA2",1,0.0691791233770091
"NECTIN2",1,0.157984167159981
"EFCAB1",1,0.171720791199548
"JUP",1,0.0544008855797711
"COL17A1",1,0.239816438373059
"OR5AU1",1,0.136375424333864
"GATA6",1,0.10687376491337
"JMJD8",4,-0.528479222165893
"ZC3H18",4,0.320628121485011
"FIBCD1",1,0.201762780012352
"PAX1",1,0.114213522990074
"BACH2",3,-0.575458141176934
"UGT2B15",1,0.0282353279257772
"IZUMO2",1,0.0501752644324978
"PDLIM4",1,0.0462545338705082
"NOX3",1,0.0437800370769626
"SERPINB11",1,0.0725640858925297
"HSPA4L",1,0.0843983235286535
"PCDHB1",1,0.067999258434342
"BCL11A",0,-0.339732049148948
"MICAL1",1,0.621440825438778
"PTPN3",1,0.128151882407871
"PRAME",1,0.183253407851674
"DNAH7",1,0.085668396483164
"RSBN1L",1,0.575509280562423
"PGC",1,0.0383047042926344
"FTMT",1,0.0536132027000136
"OR4B1",1,0.0879484046787284
"HYAL3",1,0.089627067858026
"RPUSD2",4,-0.578878932054479
"POLL",1,0.142678291488888
"ISLR",1,0.169208511946844
"REN",1,0.15514343831739
"SYT8",1,0.0605226765928481
"TAF9B",1,0.0649824503917421
"GRIA3",1,0.128969842393526
"SPTLC2",1,0.665337433785673
"ADAMTS18",1,0.0531665885043583
"PNLIPRP1",1,0.0680682041026921
"REEP1",1,0.104200134322759
"ZBTB1",4,-0.06591271629646
"A2ML1",1,0.0991463928774451
"MLLT6",1,-0.443092988827827
"GPR179",1,0.143224489374496
"SLC5A7",1,0.034653539546875
"HIST1H1B",1,0.0694523649272856
"GP1BA",1,0.230873881469819
"PEX2",1,0.0525749193576872
"LHPP",1,-0.146719772739119
"PEPD",1,-0.301696479032878
"IL13RA2",1,0.0822735889324687
"TMCC3",4,0.641284717538087
"EPAS1",1,0.368826977226958
"RAX",1,0.0927334095909914
"ABCB11",1,0.0622093402900673
"GPX7",1,-0.595191346467733
"ATP8A2",1,0.0788005789655467
"KRT35",1,0.0737133230580714
"DGCR8",0,-0.135951102313661
"LRP12",1,0.128354858347354
"CSRNP3",1,0.0561741638450245
"RIPK4",1,0.200981130167368
"MAEL",1,0.105246179415009
"BRK1",4,-0.0266854196817164
"LSM4",4,-0.585074915707116
"ZP2",1,0.0845490619147831
"NATD1",1,0.192221292701987
"STEAP1",1,0.103431788578329
"PAGE3",1,0.138569676303915
"NCAN",1,0.171225688481141
"MEOX2",1,0.0773396608445244
"PARVB",1,0.174124607968352
"LYZL4",1,0.0300002382221564
"SEPP1",1,0.0448312296415793
"HTR2C",1,0.028920828187444
"LGMN",1,0.114290424187874
"RCC2",4,-0.407652230448962
"FOXA1",1,0.0835153781783927
"SPATA20",1,-0.195648317901491
"YEATS4",1,-0.36201304329635
"SOX3",1,0.0725222693098155
"HEATR4",1,0.0670270608402491
"TRMT112",1,-0.452727541463791
"GGTA1P",1,0.0613031150288453
"CT83",1,0.0599126639220502
"EBF2",1,0.0653040739720423
"REP15",1,0.0840556744686355
"LRP5L",4,-0.342312369606172
"FKBP1A",1,0.653015997651122
"IRS4",1,0.138897536623862
"TRIM15",1,0.0698423588962365
"ANO1",1,0.0576186835267302
"ANXA11",3,0.570336052904882
"F10",1,0.108730341905579
"FAM83B",1,0.099875735885649
"KCNT2",1,0.0707378705858458
"ADAM21",1,0.151431993377064
"ARSE",1,0.149930746119655
"LSM3",1,0.115779314863682
"MXRA8",1,0.0373378830335102
"ARHGAP20",1,0.0629141046005155
"FBP1",1,0.277219247087758
"PRCP",3,0.612301758722017
"TGS1",1,-0.162619489020782
"C14ORF159",3,0.596569263369023
"MARCH7",1,0.557743513552409
"TICAM2",3,0.431717744615686
"CXCL14",1,0.401808810222497
"B9D2",3,0.730140354455984
"TTTY11",1,0.116644780256532
"LSAMP",1,0.138196991174189
"CFAP77",1,0.0622638030115738
"CLK4",1,0.370291604620406
"CDH2",1,0.406169858116116
"NAT8",1,0.0439819508517361
"HSPA12B",1,0.044969669476992
"ODF3L1",1,0.0958696033564889
"PCDHB5",1,0.0213832605557811
"AHSA2",1,0.0411417783889889
"F8A1",1,0.170294664412355
"TBX15",1,0.139513493099107
"LHX1",1,0.084675524747412
"ADAMTS4",1,-0.0533028871953099
"BPIFB1",1,0.0504524172823785
"AOAH",3,0.679202476034164
"ORAOV1",2,-0.265794576401462
"POU4F2",1,0.0714904987087858
"SOX12",1,0.119489645164072
"CHRNB2",1,0.163153253384154
"PLEKHG7",1,0.157107705514342
"FEZF1",1,0.0167615803317367
"EDA2R",1,0.0211010036072686
"LAMTOR3",1,0.530431368115679
"OR10G7",1,0.0887302469259784
"GLT6D1",1,0.0468627849805668
"HSP90B1",1,-0.148854094074705
"PLIN2",0,0.262195940167799
"GNA15",0,0.14920738096233
"AMELY",1,0.102007521146765
"CFL1",2,0.0471789039427134
"KRTAP10-10",1,0.134191678527486
"GEMIN4",4,-0.465745795047596
"NSMF",1,-0.235743101182184
"PHKG1",1,0.0945910471568903
"SAMD4A",1,0.0618857081120602
"LOC284379",1,0.130770046977141
"PSG8",1,0.0894667904170316
"MYT1L",1,0.0521412228562173
"OR10P1",1,0.0424564416363402
"SLC12A2",2,-0.0525704182078629
"F9",1,0.109349148053573
"FAM159A",2,-0.544210961762942
"OR4D9",1,0.0785151124446166
"TTC26",1,0.5012485814214
"CST8",1,0.0655806615927424
"SLC26A11",1,-0.0323819672765717
"RALGAPA1",1,-0.386837268386759
"ONECUT3",1,0.0233604512532131
"MRC2",1,0.10415736332796
"TBX10",1,0.136382670380346
"OR51S1",1,0.0184412624243191
"ELF5",1,0.0418319459398604
"ANKRD20A8P",1,0.058830238697602
"RAB11B",1,0.1559223756992
"AWAT1",1,0.0457823155100142
"RNF40",1,0.309503357559881
"TCN2",1,0.423295870301304
"GLOD4",1,-0.54090247526658
"SLC9C2",1,0.0749771261823126
"YWHAH",0,0.432508318716989
"KCNJ12",1,0.0793365582713763
"RCOR2",1,0.119167391152959
"SEMA7A",1,0.0957959654403019
"DHX58",2,0.00740569888580752
"PRICKLE4",1,-0.443515361237302
"XKR5",1,0.0675677233152186
"SOX21",1,0.0297927266006457
"ZBTB2",2,-0.0837813387928421
"HPRT1",1,-0.418280746585635
"A3GALT2",1,0.090849513925166
"VEGFC",1,0.068830061097725
"C1QL1",1,0.0909953848249185
"LILRB5",1,0.155322528924534
"MYZAP",1,0.0496559805770742
"GJB2",1,0.0375483167033516
"PTPN21",1,0.0786941381333368
"ARHGEF28",1,0.10781436513069
"SLC30A10",1,0.127155407577179
"MED10",4,-0.375691669420876
"FOLH1",1,0.108879048729706
"FAM181B",1,0.033471046695271
"CHMP4C",1,0.163433809694411
"OR7A5",1,0.0859620860879556
"PTH1R",1,0.129023107823976
"CYP4F3",1,0.435406742190619
"FEZ2",0,0.551248057612862
"DUX3",1,0.124030837863545
"SPATA31E1",1,0.140181692327758
"NSMAF",3,0.792251108709843
"CTNNA3",1,0.108073341342575
"MSL2",2,0.169438409157509
"ANKRD2",1,0.110442655921239
"PLA2G4F",1,0.0682479766040867
"CXCR4",2,0.23030143741959
"IMP4",4,-0.393087345442781
"OR13C8",1,0.0524584163461828
"KIAA0825",1,0.0259943487645984
"PRSS54",1,0.121823367231416
"SPTA1",1,0.331452446800876
"ZNF536",1,0.126950022522373
"FAM126A",1,0.0415973718928462
"DNAJC6",1,0.0762397924157428
"FAM3B",1,0.126621422612134
"STYX",1,0.0683654234968037
"SHROOM3",1,0.0401744303221278
"ZNF625",1,0.0574923697407624
"DEFB106A",1,0.0480930878473445
"TSPY26P",1,0.072416175992217
"IGFBP7",2,-0.0336775558150679
"BANF2",1,0.0830427573198695
"OR9G4",1,0.0727161394345138
"VPS4B",1,0.5882043940696
"DACT3",1,0.119314291053399
"FHL3",0,0.173674396997505
"ZC3HC1",4,-0.469298117177356
"FAP",1,0.0563429428875697
"PRPF18",2,0.174455314275094
"RMDN2",1,0.0763243395826697
"MYO1F",3,0.792149933416386
"SPERT",1,0.179190097037978
"UTY",4,0.122768540384618
"PABPN1L",1,0.070261549115832
"STX1B",1,0.0724542059977124
"GNB2",0,0.528055600863708
"C1ORF116",1,0.0595146481708258
"SLC18A2",1,0.115346922605927
"PCDH19",1,0.106727288673176
"CBWD1",4,-0.0166022969599508
"SLIT3",1,0.0831090627139058
"CHST3",1,0.112416306685256
"GOLT1B",1,-0.246289880548697
"FAM49A",4,0.710530989014266
"SHCBP1",4,0.115635748635209
"FBXO39",1,0.0454157930979631
"OR51I1",1,0.0404398943446976
"UBE2U",1,0.131212365067289
"GPX2",1,0.16849520690895
"DMBT1",1,0.0604018442962246
"GAD1",1,0.108626983861604
"N4BP2L2",1,-0.408912182766318
"OTOS",1,0.0916556908133052
"PLA2G7",0,-0.108006386558507
"NDUFB5",1,-0.206117571460661
"MS4A14",0,0.074001441501573
"ARHGAP45",0,0.167162448061547
"SP100",0,0.585235111709353
"HIST1H4D",1,0.282280861298094
"HPS6",4,-0.212851163621344
"OR10C1",1,0.0506981873810152
"CRYGD",1,0.0353865911459471
"DDHD1",4,-0.0762747434625732
"OR2J2",1,0.0992581170442767
"MFSD14B",0,0.494842785677056
"DOK5",1,0.0745919297444297
"FANCD2OS",1,0.0609644946562978
"P2RY10",1,-0.412539895359774
"CUL5",1,-0.288976225638201
"SELM",2,-0.569781629235971
"DPYSL3",1,0.0908486427211563
"CD33",2,0.00137337734352939
"MUM1L1",1,0.0462720510870221
"FAM78B",1,0.106780395765896
"SF3A2",2,-0.318253528294091
"SSTR5",1,0.0587082932735034
"DYNLT3",4,-0.068219683790154
"FAT2",1,0.0907423695853429
"CCDC33",1,0.117183574295977
"GRM7",1,0.0937601991605402
"ADAM2",1,0.131642229143552
"FAM155A",1,0.108909015388424
"OR7C1",1,0.100495894378122
"SEMA6D",1,0.158259619983233
"PPIP5K1",1,0.0636087166108588
"OR10Q1",1,0.0821566862290576
"RFFL",1,0.197448927062254
"TYRP1",1,0.0784434049268938
"CLMP",1,0.0718488951869584
"CBLN4",1,0.0696951039950376
"MRGPRE",1,0.138825134053933
"DOCK6",1,0.143511605847662
"TM6SF2",1,0.0888210930062274
"S100A7A",1,0.10003592385283
"SYT6",1,0.112272039404519
"MYD88",3,0.750505966641192
"HTRA1",1,0.197456408479595
"ANGPTL5",1,0.054530808202279
"TEX37",1,0.0270169747237678
"FAM19A2",1,0.211425207241176
"COL4A3BP",1,0.511583921842585
"TIMP3",1,0.111824772659339
"PTPRN2",1,0.249387555365161
"CAPZA3",1,0.0836277999423473
"SCP2D1",1,0.0840218266444254
"NRL",1,0.0642990406035165
"PPP1R3A",1,-0.000831049600473285
"GOT1L1",1,0.0766860161384949
"C11ORF1",4,-0.563915829490025
"MDH1",1,-0.49689376749397
"SLC7A3",1,0.123981451817926
"DEFB121",1,0.121450249727959
"POMP",1,0.0756905796195595
"PHOX2A",1,0.0936595481340763
"LRRC3B",1,0.0566559891222188
"POLR1D",1,0.247991961243657
"GABRB1",1,0.0537270268129401
"DCAF11",2,0.045135332513186
"SLCO4A1",1,0.146277864746888
"SF3B2",2,0.262857522692569
"SYCP1",1,0.136673129401754
"RSPH14",1,0.290988239742005
"VPS9D1",0,0.462225837718338
"CCDC73",1,0.0169785053239138
"RPS20",1,-0.373754938302177
"BORCS7",0,-0.0420274023087094
"ZNF705D",1,0.0823378884105822
"PITPNM3",1,0.0353340645550864
"TRO",1,0.349265934454651
"INSL4",1,0.148431376879024
"LRIG3",1,0.0120200453908116
"NENF",4,-0.411326199396167
"PTPRS",1,0.123612144991896
"IL22",1,0.0693664525151464
"OPHN1",1,0.142422870400869
"PILRA",3,0.832542745515525
"SKI",1,0.168890175295019
"CRYBA1",1,0.0755889413627313
"SPANXD",1,0.100272841448042
"CYP2B6",1,0.0966437664379341
"VEPH1",1,0.139522496393326
"OR1M1",1,0.0975975151484523
"MS4A12",1,0.0582658844276013
"NRAP",1,0.0605380936162486
"CRYAB",1,0.0939991809647841
"DOK6",1,0.0957048588493995
"ATXN8OS",1,-0.00905348624038818
"BRD4",1,0.307351649735034
"FCGRT",1,0.665047384461194
"SMIM19",1,-0.383578478288333
"MAN1C1",2,-0.502060235757717
"SH3BP1",0,0.071304023795749
"SEMA5A",1,0.0553612424954946
"CLEC3A",1,0.111667168437846
"SOX2",1,0.0732998048203321
"COL21A1",1,0.124409059108637
"DIMT1",1,-0.598486648555351
"SPATA22",1,0.0230886933123053
"ZBTB40",1,-0.585033119143119
"DAW1",1,0.0870266051078821
"PIH1D3",1,0.0791380060928146
"DIRC1",1,0.110900236310004
"PRPF8",0,0.00421940782688372
"ST18",1,0.0752954465757543
"LEPR",1,0.153739125280592
"TMEM246",1,0.0371670831200043
"MRGPRX2",1,0.0887345254818512
"OR56A1",1,0.0590408563328759
"RGS13",1,0.066384510310905
"GATA4",1,0.0333208940049837
"KCTD10",1,-0.0799035204570275
"RPL29P2",4,-0.0188867062773493
"EPHA1",2,-0.43956851207751
"CA9",1,0.0686504359658437
"PAGE2",1,0.16275760305168
"TMEM30A",2,0.244911155436206
"SPO11",1,0.182988826400312
"TIMM21",1,-0.507521986840719
"NKX3-2",1,0.0713136616308375
"STX10",1,0.493319719553763
"HAPLN1",1,0.0676310986330251
"KRTAP6-3",1,0.0704643010690961
"SLC2A6",0,-0.127500446698616
"HNF4G",1,0.153438865697652
"KCNA10",1,0.101198175395185
"GMCL1",3,0.453462879060988
"OR13C5",1,0.0435731475038281
"LAMA1",1,0.0109235158622565
"ZNF791",1,-0.0586399010739157
"OOEP",1,0.0409614245645878
"SPANXC",1,0.00803041426244043
"C11ORF52",1,0.0868791996380178
"SLC2A10",1,0.0570988573091327
"COL23A1",1,0.156955297928531
"GLIS2",1,0.0902830055274994
"XKR9",1,0.0768598392555338
"SMTNL2",1,0.0736817199242058
"LDLRAD2",1,0.0718795360383674
"MMP12",1,0.0859595567153799
"WNT8B",1,0.0451237922598372
"YWHAG",2,0.291543423701714
"CDYL2",1,0.144518787600697
"CLPS",1,0.0794445420509272
"RORA",0,-0.102507447773748
"BTC",1,0.0803238300780039
"PTPN20",1,0.116909701812471
"KRTAP5-8",1,0.0703190830767706
"TBATA",1,0.105526793304393
"PRAMEF8",1,0.095014530388751
"ARL8B",1,0.140213320315349
"SMCO3",1,0.119188223779044
"ARL2BP",1,-0.399004186430598
"HOXA10",1,0.0561653081881356
"RRP12",1,0.774441953995604
"HMCN1",1,0.0681735945047279
"SYT3",1,0.178761432777908
"FAM58A",4,-0.449079378260986
"PRDM14",1,0.0469904460759683
"OR6K6",1,0.0775865191578406
"CAGE1",1,0.215046585722513
"HIST3H2BB",1,0.147715053118754
"HIST1H2BO",1,0.117946098115475
"ABCG1",4,0.253611171927381
"EBNA1BP2",4,-0.524353965318582
"SQRDL",3,0.787036592248421
"GPC3",1,0.0467977043974067
"KLHL1",1,0.0393855258207271
"DCAF15",0,0.0562967750528985
"TREML5P",1,0.222100574944816
"SOX17",1,0.0652798875824325
"STYXL1",1,0.377963136088061
"PTCHD1",1,0.0811149160008296
"UBD",1,0.0699297152356914
"PLXNB1",1,0.0331298413612767
"KLRG1",4,-0.103386878013688
"BHLHE22",1,0.0564490731464306
"OR51G1",1,0.0582104187175546
"AXDND1",1,0.0417750838720043
"HOMER2",1,0.123547949103609
"OR4F15",1,0.0698811271614129
"SSX1",1,0.134800719695462
"SCIMP",2,-0.0260940526007933
"OR5V1",1,0.0919174140351986
"TMEM26",1,0.106940845857707
"RPL11",0,-0.0836318898885011
"PIK3CD",1,0.669004141247995
"CMTM3",1,0.17975551579533
"PRAMEF1",1,0.0816618307936529
"ANK1",1,0.199873133651322
"SEPT5",1,0.0879987405754685
"TMPRSS5",1,0.0604036339307285
"PCDHB12",1,0.0291249276719732
"OR1B1",1,0.0462833699236661
"ARSF",1,0.0787320196736697
"GAS2L3",1,0.219612463239018
"SEMA3C",4,0.253229903543101
"APOC4",1,0.0239273940166865
"PEX5L",1,0.0485092040016515
"SSBP1",1,-0.429106460642973
"AMER3",1,0.0270613053020638
"RAF1",3,0.787563678378291
"PHKA1",1,0.137671598719569
"KLK10",1,0.114610277739933
"SDHAP3",0,0.277153315240079
"ADAMTS9",1,-0.0148277471689805
"CAMK2N2",1,0.0455369298012155
"GTF2H2",4,0.16138858440712
"PLCB2",0,0.442398477189165
"EMILIN1",1,0.0815144133423408
"HS6ST3",1,0.05050765225035
"TMUB1",4,-0.276369670506703
"TFCP2L1",1,0.036745436566903
"OR4M1",1,0.0803803260765697
"CHORDC1",4,-0.0464028814174576
"SDHAF3",1,0.256382196885266
"TPTE",1,0.0305255346111757
"C3ORF70",1,0.133511394740905
"OR4C3",1,0.106644031442968
"TENM2",1,0.150303056599707
"OR56A3",1,0.0841079415783317
"CYP2A6",1,0.0677155895940199
"SNORD116-2",1,0.114503856824904
"AGBL4",1,0.0630022617564777
"CDC25C",1,0.193633411975195
"TMEM258",4,-0.338651007150276
"CDK11B",1,0.0981813396977939
"SLC26A3",1,0.0902804476511201
"CLEC4F",1,-0.0401585223392464
"FOXO1",2,0.194551772565138
"SLC52A1",1,0.0578757340625226
"RFX6",1,0.0789522379662572
"WDR93",1,0.0593590190736698
"C8B",1,0.0581833748723772
"DCDC2",1,0.0240435067066497
"SFTPB",1,0.0914571588759071
"L3MBTL2",2,-0.409403444912321
"PDZD11",1,0.0474246493066764
"NTN1",1,0.0802619995578075
"B3GNTL1",1,0.567350518156094
"OR9G9",1,0.0977922749234974
"WFDC10A",1,0.0865216439475325
"ZNF763",2,0.00209401226838333
"MED16",0,0.311668207736722
"MAGEA8",1,-0.0117114751071946
"ADAM33",1,0.146279956321755
"ITGA7",1,0.115628717994545
"PMCH",1,0.0953069301715003
"KRTAP9-3",1,0.055680451693339
"DCAF8L1",1,0.0570821920652889
"RABGGTB",1,-0.287503011012878
"IGFL4",1,0.0637549874763609
"ZNF257",1,0.0106773670010653
"TPTE2P6",1,0.106496719288672
"TTC36",1,0.0512121661680025
"URM1",4,-0.557098692761651
"VCY",1,0.101448062945464
"SPN",2,-0.00378635040021296
"TDRD5",1,0.0900394986704615
"CNIH1",4,-0.285368064597374
"XKR8",0,0.636737597176814
"ZNF438",1,0.715400599278294
"OR10A5",1,0.117031964739732
"OR5P2",1,0.130999821776296
"CNTNAP4",1,0.122842930781697
"MT1B",1,0.0567056313685535
"GJA4",1,0.05991794328629
"RBMY2FP",1,0.0408229780910924
"CGB2",1,0.121249787726789
"CA14",1,0.0829212810054521
"SCN10A",1,0.0825751214898765
"OR2G2",1,0.0724583629890237
"HCAR2",0,0.388933285282376
"TMC6",4,-0.403598493999688
"FBXL3",4,0.114248795343159
"TAS1R2",1,0.113476611590933
"PCDH20",1,0.0552387089623577
"CIB4",1,0.0802894870467036
"RAB6C",1,0.091444652783091
"KRTAP5-10",1,0.0939067224603215
"TSPEAR",1,0.0147614366744294
"OR8G5",1,0.0233114512731301
"PRPH2",1,0.0897966088910952
"EQTN",1,0.022422907893791
"DDIT3",1,0.622378568303598
"CPA2",1,0.0863638874684405
"CDH19",1,0.145448115181514
"CAPN11",1,0.10627760636636
"DNAH2",1,0.0641712596272207
"RAB40A",1,0.127142579877102
"TEX43",1,0.0443502745872338
"USP3",3,0.825238011383457
"GPR37",1,0.0632970387696735
"CLIP1",2,0.571890028825133
"KRT222",1,0.10585192780136
"POTEB3",1,0.105726165130012
"PIGB",0,0.508138381843181
"SLC25A21",1,0.0557752511100985
"HIST1H2AK",1,0.210448744861025
"ZNF12",1,-0.135105634752807
"IQCD",1,0.0498540113388471
"SPANXB1",1,0.0775837908002859
"ELOVL7",1,0.165554431261839
"FAM71D",1,0.0557382628542828
"OR10H3",1,0.0266235842217297
"CCL17",1,0.0331549462902571
"ACSL4",4,0.589709666697069
"JMJD7-PLA2G4B",0,-0.406511036641031
"MS4A8",1,0.107238231504541
"MAGEC2",1,0.11556768472853
"ZFAND1",2,-0.138967691013994
"BIRC8",1,0.0842436818332207
"RPAIN",4,-0.44866983256426
"DCDC1",1,0.0645862830794193
"FBN3",1,0.0565908790231018
"CCDC87",1,0.0569664788443828
"ZNF407",1,0.195265931626779
"DEFB135",1,0.0326886527399271
"RLBP1",1,0.0947005333363389
"DACH1",1,0.436144558888
"PSD2",1,0.0609018519738923
"VAMP2",0,0.0350998682189546
"MYOZ2",1,0.0920838174030658
"OLIG3",1,0.0882017495704893
"BLOC1S3",1,0.0524527328176581
"GRK2",1,0.0514986214101329
"TMEM130",1,0.118863754546397
"UGT2A3",1,0.0527649791501087
"EDC4",2,0.0672190802702576
"IGFLR1",2,-0.199244518745548
"NXF2",1,0.11857291311538
"TCL1A",2,-0.454589516145265
"MAPKAPK3",1,0.324107952108936
"ARHGEF3",1,-0.346503514636792
"FUT8",1,0.0590123792916583
"TSC1",1,-0.0179822773565103
"DNAJC22",1,0.0846949509402761
"SUMO1P3",4,0.0934332410511784
"POLH",4,0.0173679134090944
"ZNF491",1,0.130057934522025
"GALR2",1,0.0852199750847815
"TPRG1L",1,0.550435855396043
"KLK13",1,0.0275839835038936
"SSTR4",1,0.0687242314443299
"TMC7",1,0.119877332062288
"MAP1A",1,0.132905963444651
"TINAGL1",1,0.0960208908936153
"CREB5",1,0.70469210002718
"NLRX1",1,0.711369982636475
"CDH12",1,0.0635266440797979
"ANP32C",1,0.114351202712142
"COQ10B",0,0.450128665140049
"OR5B3",1,0.0540586834898627
"NLRP6",1,0.372917935534013
"OR13G1",1,0.0743898760980831
"TMPRSS15",1,0.197626098331105
"LALBA",1,0.0733741948378362
"TM4SF18",1,0.0923287045948251
"BAMBI",1,0.215878308673988
"GABPB2",4,0.123536299266398
"TAS2R40",1,0.111325626400714
"C6ORF118",1,0.0393164580307263
"PIP",1,0.150417222921624
"C20ORF85",1,0.156976776119265
"ZNF559",1,-0.437796202312656
"YY1AP1",1,0.4389128888917
"TCF25",0,0.173239149009881
"ROM1",1,0.194740526160761
"PRR23B",1,0.0704679455048334
"LAMTOR4",1,0.510046922406158
"DLX5",1,0.0798858762907802
"CD72",4,-0.429660122183008
"MRC1",1,0.0564877397023601
"STAB2",1,0.0829322978922764
"BCO1",1,0.0547674747887064
"HMGN1",1,-0.354584270485438
"TMEM45A",1,0.172897687246058
"ST6GALNAC3",4,0.481510183562984
"MYOF",1,0.219598132123258
"TNNI3K",1,0.129032046705933
"BICC1",1,0.0846612022696013
"DHRS9",1,0.363081344733513
"SPIN4",0,0.00741774508671742
"DRD5",1,0.0508983864561169
"NID2",1,0.171971828684088
"GFRA4",1,0.189683889258832
"FN3KRP",1,-0.609277174954377
"OR51F1",1,0.0733080112013614
"GGT1",1,0.0120966275845689
"VTN",1,0.122539954594229
"OR5K1",1,0.109192557681841
"AP3B1",0,0.324197464970952
"TMEM100",1,0.108784561060602
"ZNF548",3,-0.742400661005064
"CCDC110",1,0.0654331116634232
"NPAS4",1,0.0703351773380279
"KRT27",1,0.111084345631087
"RAB7A",3,0.829572015222731
"KLHDC1",1,0.0897866177008301
"LDHAL6B",1,0.110790799039938
"MYH6",1,0.114172552970411
"TMEM121",1,0.060098446506751
"TRIM59",1,0.12634508828123
"DIP2B",0,0.70751655621268
"NDUFS7",2,-0.219142966018316
"OR1J4",1,0.0704926321368518
"OR6Q1",1,0.00776307396556514
"ASTL",1,0.160634422204665
"STKLD1",1,0.0664848865543071
"TMPRSS11A",1,0.0948054747294707
"RPH3AL",1,0.291357226807473
"TUBD1",2,-0.119757075995271
"TFDP2",1,0.115686448887664
"CFAP43",1,0.0309858174172385
"LCA5L",1,0.0681798979087705
"HTR1A",1,0.0963110988862713
"TBC1D28",1,0.0970379120113775
"CCDC125",1,0.523066686805942
"ZDHHC15",1,-0.0100708901357262
"NEU3",1,0.0985566545966775
"C1ORF100",1,0.142372712146261
"C9ORF135",1,-0.0184636315567827
"SEPT14",1,0.0852969467858888
"GRIK5",1,0.182628234425156
"KCND2",1,0.0391533235429006
"FLVCR2",0,0.281852624911131
"OR11H6",1,0.0305823903594899
"SHROOM2",1,0.123763536597616
"DUSP18",0,0.423240502447154
"TUBB2A",1,0.162261800608101
"SLC2A13",1,0.107344821239236
"OR2M4",1,0.122686215030838
"TACR1",1,0.157202780915342
"OR4Q3",1,0.0296359825351813
"VHL",1,0.0224901200989632
"EEF1A1",1,-0.0291568650771845
"TP53AIP1",1,0.0322454720219004
"PREX2",1,0.0413107144186783
"DHH",1,0.0909531826024035
"C10ORF62",1,0.0200478159770084
"SPACA1",1,0.103568458158309
"TOM1L1",1,0.0373290429057907
"PRODH",1,0.0889724181854405
"ENKUR",1,0.113915894889231
"IHH",1,0.0903876647699263
"DDX3X",3,0.661270904135923
"DPPA3",1,0.0579915424541976
"FAHD2A",2,-0.0863214644698399
"HAUS3",1,0.0632777337498707
"SPP2",1,0.130865328332884
"HSD17B2",1,0.0180407895743105
"CT55",1,0.0641619345859277
"FMOD",1,0.0998257450659594
"RTFDC1",1,0.726770329185421
"MYH8",1,0.0958980450634425
"DNAH10",1,0.0639644787498074
"ZMYND15",1,0.551050846309187
"DOCK2",0,0.453098380111235
"SCAP",3,0.392106967129449
"TRIM6-TRIM34",1,0.0612255652920148
"SPZ1",1,0.124007704897131
"C16ORF72",3,0.781679213330549
"PSMA5",1,-0.417643268662119
"CNBD1",1,0.0615811675023722
"DKK4",1,0.0927227696636814
"MAGEA4",1,0.0567248490051012
"TCHHL1",1,0.0542822609428997
"SLC13A1",1,0.0327868762556592
"WIPF3",1,0.038353659315917
"ALS2CR11",1,0.0285516797320985
"VN1R4",1,0.122342502206216
"OBP2A",1,0.0646436415672504
"BICDL1",1,0.0537010326871855
"RARB",1,0.141648208670582
"TYR",1,0.034824556392164
"FUT6",4,0.137269830247539
"LASP1",1,0.68956089797343
"RANBP3L",1,0.072379518236977
"TSPAN16",1,0.150401177650092
"RDH12",1,0.0725559430610559
"CHST6",1,0.0419779363420769
"RB1CC1",2,0.712922213620309
"SMIM15",1,0.12599834990704
"MMP26",1,0.0756519399855964
"DLX6",1,0.0259917092258685
"UNC13C",1,0.105645749383541
"PBRM1",1,0.186147056405836
"ELAVL4",1,0.0467325820110982
"IRX6",1,0.237476332416496
"GPR39",1,0.0135906612032405
"AHCTF1",3,0.81248883689604
"PCGF2",1,0.113948487085553
"OR6C6",1,0.108291043588403
"HSPA12A",1,0.061954420782169
"KRTAP10-3",1,0.0468231808016527
"KRTAP13-4",1,0.0388347362278731
"KCNA2",1,0.143506573266965
"DPP4",0,-0.464905398720213
"FSD1L",1,0.194609725110312
"ARNT2",1,0.0757780990035908
"AKR1B1",1,-0.638596301848116
"NUDT2",2,-0.195376220602201
"CD320",4,-0.474202005981634
"AMELX",1,0.035559983992408
"KRT6C",1,0.0239475687756656
"SPATA12",1,0.0876911276473438
"SDAD1",1,-0.386352352378409
"HSPB8",1,0.0159489544879492
"TRAPPC6B",2,0.0407097241658041
"FNDC5",1,0.0792596713821352
"INPP5D",3,0.570333834068827
"UGT1A8",1,0.108424871992925
"FKBP6",1,0.0689335547674298
"CDY1B",1,0.0774542904103252
"PNMA2",1,0.112039259208545
"XAGE5",1,0.0600278215960985
"DNAJC25-GNG10",1,0.0734065515918573
"SNTG1",1,0.0705106068932609
"TTPA",1,0.0885438156269205
"LGALS3BP",1,-0.175661859699221
"SCRN2",1,0.114575065147312
"CABIN1",0,0.29171740736708
"KRTAP4-4",1,0.059370060778142
"PPP1R16B",1,-0.554636621995589
"TMEM217",4,0.252950540940144
"CHRNA6",1,0.0921969364652283
"TAS2R46",1,0.038350284131264
"GABBR2",1,0.0231701359934148
"NDUFB11",4,-0.610762290487941
"SOHLH2",1,0.107452128042335
"KRT19",1,0.0650577039072247
"SPANXN4",1,0.0874296606314165
"CST4",1,0.104213781428795
"GMFB",1,0.465098566877578
"CADM2",1,0.094302438910334
"TRPM5",1,0.0265132456488593
"WBSCR17",1,0.138855825576961
"TG",1,0.136804082398796
"CPNE6",1,0.0872570768209386
"ADCY5",1,0.123827410979607
"MRO",1,0.0545830927472996
"PDF",4,0.0471069465055934
"AKR1B10",1,0.0850875066527698
"KCTD20",1,0.570362823757376
"AKR1C4",1,0.107293493251509
"ZFHX4",1,0.0983921485238814
"CCDC144NL",1,0.164468084800462
"SLFN5",4,-0.357279994593537
"SUCLG2",1,-0.386356624842416
"MGEA5",1,0.469575831651253
"TUSC1",1,0.06407924633018
"PROZ",1,0.0831158276092357
"KRTAP4-2",1,0.0835948948543457
"TMEM92",1,0.0755844610549658
"SUN5",1,0.138397127007164
"SULF1",1,0.0455417295228794
"RBMY1E",1,0.0592155986856918
"MAP4K1",4,-0.569736518568235
"NIPSNAP3A",4,0.0654411337382244
"GRIP2",1,0.077140568302147
"OR12D2",1,0.0769485999878784
"KIAA0319",1,0.402609209047759
"AUTS2",0,-0.0254511958982077
"TCIRG1",1,0.569938343804393
"SLC2A7",1,0.122077428747056
"OR52A1",1,0.0540799944307903
"OR1S2",1,0.0513791494818453
"SH3GL2",1,0.0724143662347626
"GDF3",1,0.0721243638032763
"RCN1",1,0.065144802706291
"OR2T27",1,0.0374920457155723
"NPTN",2,0.365468927928418
"SNAI2",1,0.0746316710841457
"ZFAND2A",0,0.129589207639722
"SYK",0,0.711593291774303
"AKNAD1",1,0.0704247866458423
"HCFC1",0,-0.0137997867113724
"NPHS1",1,0.0268005063081035
"SNAP91",1,0.0440435502493087
"IFNA21",1,0.121190252272692
"KRTAP20-1",1,0.0355823466031924
"WT1",1,0.0843827445504527
"SPANXN2",1,0.120917744443104
"CELF5",1,0.0468954814256623
"IL5",1,0.0999857965324529
"HEPH",1,0.100734995246669
"RASSF7",4,-0.492044857624383
"DEFB127",1,0.0581270763184582
"SLN",1,0.0288977244486116
"CACNA2D1",1,0.0730657671271817
"NMUR2",1,0.13836277480007
"IL36G",1,0.0613793272341739
"TMEM207",1,0.204681270395522
"CYP4F22",1,0.0329653599947588
"NPM3",2,-0.503494680558352
"PCDHGC5",1,0.0838919293367699
"APCDD1L",1,0.11188577370207
"KIF26B",1,0.0843655075790854
"C20ORF144",1,0.103431898655256
"B4GALNT2",1,0.0686699964650994
"NMBR",1,0.0849241998245054
"UQCRH",1,-0.310300866314177
"NOL4",1,0.182697641392574
"GLTPD2",1,0.0601254599473026
"TSC2",1,0.0831149745430569
"FFAR3",1,0.151924236575058
"CSPG5",1,0.0893260531255209
"SFRP5",1,0.0327736776893442
"ODF3L2",1,0.0665397022742077
"GPR21",1,0.120280920824927
"ZSCAN4",1,0.0690340938905394
"ATP5I",2,-0.0305849693358703
"DAOA",1,0.0892571992803043
"MOG",1,0.075036281278767
"C9ORF172",1,0.101746347089897
"RMI1",2,0.498558881198405
"ESYT3",1,0.0743707454856053
"NXF3",1,0.0833508213660254
"CAP2",1,0.0387401481734356
"NKX2-5",1,0.103694863561649
"IQCA1",1,0.110030398543049
"IPO11",0,0.24686559245204
"MRPS31",1,-0.38778731709046
"WDR45",1,0.23849290212531
"UCMA",1,0.09383475658448
"HIST1H1D",1,0.0737209476400494
"IRF1",3,0.357262435620719
"TBX5",1,0.0572250297926151
"LRRTM2",1,0.127487717431832
"SERTAD4",1,0.0875905356813021
"SIX6",1,0.0763618864683125
"CYTH4",2,0.460980059061866
"COA3",4,-0.400761025370034
"CP",1,0.00674776456046981
"RNF144A",2,-0.28099119677542
"ADH7",1,0.0355353450557503
"ACP5",1,0.124493493674925
"RBMY1B",1,0.0817488103027892
"PRRG3",1,0.150723708728087
"LGR4",1,0.0238793059313909
"TRPV4",1,0.147065111037151
"AREG",1,0.0830214361720485
"LARP6",1,0.0958775618524391
"SCGB2A2",1,0.159396364316202
"TPTEP1",1,0.108485355991778
"HTR1B",1,0.0695406232195851
"CD163L1",1,0.153535826854644
"CARD18",1,0.0437602557988549
"C1ORF229",1,-0.0233330070853485
"CGB1",1,0.0832836563217722
"PXDNL",1,0.070320312819396
"SOX9",1,0.0585131494423392
"MTCL1",1,0.101037739618667
"DDC",1,0.0830542617172383
"COX7B2",1,0.0995921319642823
"FILIP1",1,0.120013797827608
"OR10S1",1,0.128157380781406
"COA5",1,-0.29709098594412
"PLEKHG4B",1,0.0714452233793305
"OTOP3",1,0.144642018937697
"MRPS18B",1,-0.601874836960944
"OR10A2",1,0.0270717232482633
"MRPL54",4,-0.363176344570431
"RETNLB",1,0.0786737129446221
"RFPL1S",1,0.0789134740161341
"USF3",1,0.10231676994234
"CBLN1",1,-0.00509564701648236
"MS4A4A",1,0.35109628366315
"NKAIN4",1,0.0925873781158795
"OR13C9",1,0.12675011192685
"ADGRF4",1,0.0964607098705738
"RAB17",1,0.057333416307712
"GPAA1",2,-0.145063161835656
"RNASE8",1,0.0772154183051232
"B3GAT2",1,0.0542063701850959
"AGTRAP",3,0.546174203726828
"RNASE12",1,0.103255690534194
"PTAFR",3,0.837668954028923
"SLFNL1",1,0.0498252878810184
"GRTP1",1,0.0898522410504447
"GLG1",3,0.478610538371547
"NAIP",1,0.432789504195464
"ICAM4",1,0.0737328261067354
"SFT2D1",0,0.502253593098866
"FNDC4",1,0.0952427707225985
"GADL1",1,0.0849467293986932
"OR1Q1",1,0.113050335513192
"ELAVL3",1,0.180049664437908
"CYP3A43",1,0.0904430969282159
"PRSS48",1,0.0486577394252484
"MTNR1A",1,0.0727815232401326
"KCNJ3",1,0.0899720305175715
"TTTY6B",1,0.0591118709423644
"PNN",1,-0.0275608345168986
"ELSPBP1",1,0.097079287948593
"KCNF1",1,0.0805686863775289
"SERPINA9",1,0.061963486817651
"PTCHD3",1,0.108205259126971
"LGI1",1,0.0341055744684885
"C1ORF64",1,0.0756611277448477
"KCNG2",1,0.0812776240536748
"ZNF790",1,0.0256597058189273
"FSD2",1,0.0638183553495365
"RAB5C",3,0.419456903143817
"OR6B3",1,0.140627693318448
"PNPLA7",2,-0.490006729236526
"HRASLS5",1,0.0948401533266775
"LRRC27",1,0.139396026742525
"TRIM50",1,0.0622163460049301
"ADAMTS10",1,0.142516830517478
"TMEM35A",1,0.0879177419437559
"STOM",0,0.261241213011311
"NLRP9",1,0.0277044458962023
"SLC17A8",1,0.0949708806526424
"LOC90768",1,0.0736337043236312
"KRT5",1,0.081009444340927
"LRP6",1,0.137220333389101
"GPC4",1,0.0925215519682591
"FBXO47",1,0.0389105463950395
"ADGRG2",1,0.0872402271966033
"NT5C1A",1,0.0111115457324497
"H2AFB3",1,0.0359158956725466
"CA5A",1,0.0926407652603776
"OR10H2",1,0.0581228645051619
"SPRR1B",1,0.192093543929883
"FMR1NB",1,0.0540539721383629
"CRYBA2",1,0.0954501787561802
"UBE2V2",1,0.0837285214290585
"XKR4",1,0.0479284118887025
"OR2F2",1,0.0674341211793507
"KCNB2",1,0.050661617408523
"RAG2",1,0.046956623316118
"NRSN1",1,0.0237826328418193
"HIST1H1E",1,0.0419576420095673
"KLKP1",1,0.10232126147794
"ANKRD34B",1,0.257956046339234
"SLC25A38",2,-0.246559368148541
"CTXN1",1,0.205558611262754
"UGT2B4",1,0.117555630845038
"KRTAP21-1",1,0.0790255743580558
"S100A16",1,0.126125492818746
"ELAVL2",1,0.0752309259907469
"FAM188A",1,0.0233010050203425
"GTF2IRD2B",1,-0.00313245515432068
"FOXE1",1,0.0928885333104713
"KRT2",1,0.058266337104595
"DNAAF5",1,0.0572410409891696
"OR2K2",1,0.0914912318324662
"KRT39",1,0.0794968701760436
"SLC13A4",1,0.123792405040028
"SLC7A11",1,0.119499634808892
"TXLNA",1,-0.308126289905117
"CLEC4M",1,0.0846494709276898
"VCL",0,0.49754611189349
"RPL13AP17",1,0.0776376995147418
"TTLL7",1,0.116954537815744
"LGI3",1,0.0868812126549702
"NAV3",1,0.157111821521403
"FAM71C",1,0.0861592742102845
"IFNB1",1,0.0375551650097466
"ZSWIM2",1,0.0840809556264374
"GLP2R",1,0.0946207386248173
"MBD3L2",1,0.0972794527711063
"CYYR1",1,0.226216566392364
"OR2J3",1,0.10647166859263
"SV2C",1,0.136798331895474
"IFNA6",1,0.0214102996105918
"HPGDS",1,0.0703191775678935
"TSPY2",1,0.00911679227729958
"NWD1",1,0.0862721548619711
"HMX1",1,0.0691319261028386
"CCKBR",1,0.070067006095272
"FAM71F1",1,0.0848101246947522
"CCL15",1,0.137348232564158
"GPR85",1,0.0360075873163631
"IVNS1ABP",3,0.755428008757271
"KCTD4",1,0.0975291716315462
"PEAR1",1,0.233883504596885
"LHX9",1,0.138228759029808
"IL26",1,0.0467652403930398
"RPL18A",1,-0.315705485215436
"ZNF213",1,0.32035164034914
"PLA2G2E",1,0.071765258833209
"DCTPP1",4,-0.656092668547152
"TCERG1L",1,0.112921502994533
"OR11A1",1,0.0852094776457852
"LOC606724",2,0.380481204822165
"SYT9",1,0.0678284268809733
"GRAP2",4,-0.0701723401913694
"CCIN",1,0.0962591093508924
"CRACR2A",1,0.157690393566831
"CDK5R2",1,0.111935952101071
"TFAM",0,0.00749684686368619
"NHS",1,-0.0172175682136258
"PCYT1B",1,0.0697118365975745
"LYZL2",1,0.0859162266251448
"MLNR",1,0.0635173200077307
"PRM3",1,0.13478481447234
"ACTL6A",1,-0.508453452479425
"IRX5",1,0.0970376028081082
"PIH1D2",1,0.0961487151133129
"MAML3",1,0.523045792915176
"RHOD",1,0.0892359651710314
"CYP8B1",1,0.0804569442178245
"OR8K3",1,0.0419839245864527
"ADAMTS6",1,0.129186461581927
"OR5R1",1,0.1180857784125
"UGCG",1,0.311058435875428
"SS18L2",1,-0.255235262427815
"OR6W1P",1,0.0916466944310935
"IQCF2",1,0.0492473940041106
"C1QTNF4",1,0.0472287255877143
"ZNF623",1,0.0755826846660126
"IL31RA",1,0.177402248508497
"ZNF107",1,0.0833116458898086
"SLC10A6",1,0.0871082963598131
"TGM5",1,0.154718895112023
"SYCE1",1,-0.00542070315780733
"HOXD1",1,0.0061954486748452
"BLOC1S1",3,0.327307857247291
"UBE2N",1,-0.342371158568282
"LRRN4CL",1,0.0930523210921017
"OR51F2",1,0.078196440780403
"OMP",1,0.0318435304850907
"HCAR1",1,0.11379687560068
"C2ORF83",1,0.0673801918012998
"CGB5",1,0.0949647795435313
"SULT1C2",1,0.0889250182971138
"TMEM190",1,-0.0594351278835096
"HOXD9",1,0.0898943747690351
"RGS22",1,0.0738743649464442
"OR2Y1",1,0.0266516207022505
"OR6Y1",1,0.0704409840134972
"NHLRC1",1,0.0662326560822242
"OR5H14",1,0.0873507781367012
"VPS28",1,0.0965135333587615
"ARHGAP29",1,0.0367105247554656
"PIEZO2",1,0.1028338979424
"CALR3",1,0.0400617009047132
"RHOJ",1,0.0535415649086923
"LCN6",1,0.00512129756770166
"PROX1",1,0.0684399027428072
"SLCO1C1",1,0.0845823094598844
"TCF15",1,0.115558609307726
"PTPN1",4,-0.0247420986445004
"OR8B3",1,0.0480302955563888
"CYP26A1",1,0.360748826006282
"KAAG1",1,0.100442758837852
"MRAP2",1,0.0996576264704481
"MPP2",1,0.0655130674851114
"PGAM1",2,0.119701907587326
"ZNF311",1,0.0431310736395772
"PCDHB15",1,0.0642886919629673
"TAGAP",0,0.362028224610825
"WDR6",4,-0.408652544903721
"OR2Z1",1,0.106103495908788
"TYRO3",1,0.0376630214695716
"PCDHGB5",1,0.0436565110190764
"OR52E4",1,0.106161691139167
"HOXB6",1,0.153231111287646
"CCDC148",1,0.115875547503486
"OR7D2",1,0.125456515102149
"C10ORF120",1,0.100444316266696
"AKR1C1",1,0.113844287368328
"IGFL2",1,0.0989120363674016
"CRBN",1,-0.205020021657619
"COX14",1,-0.34978807151441
"SMARCA1",1,-0.0278673561662386
"HRH2",1,0.322271832345504
"TRPC7",1,0.0900721862661124
"CCM2L",1,0.0769775472656484
"RBMY1A3P",1,0.0917982068206279
"HNF1A",1,0.100876988251714
"RTCA",1,-0.079268329616255
"H1FOO",1,0.0660403426326156
"SMN1",1,0.0347425067821598
"ROBO2",1,0.0548588575483045
"PURG",1,0.141183922410206
"OR2T12",1,0.123697060569407
"FAM129B",0,0.306711540827786
"SEMG2",1,0.0290131950268387
"DLG2",1,0.0369033240929892
"IL17A",1,0.113942703965255
"TVP23C",1,0.0715789965045946
"BCAS3",1,0.0710435464398452
"TEX13B",1,0.092693602761822
"NDUFB4",1,0.0565038437800477
"CNBD2",1,0.0252919252860199
"CTHRC1",1,0.0866844253167885
"PASD1",1,0.0248916273555295
"LCT",1,0.0866907831315839
"GDI1",2,0.532269626595542
"TRIM48",1,0.0361052924500441
"NUTM2G",1,0.0410696735078383
"SCUBE2",1,0.0363315778062511
"CGREF1",1,0.0863753372835394
"SPRR2G",1,-0.0358402808091097
"AQP8",1,0.0307021192165944
"KIF2B",1,0.102682780101968
"S100B",1,0.0341681606546889
"MLXIPL",1,0.0906983542848802
"OGDHL",1,0.0617870028172381
"XPNPEP3",2,0.272314679693405
"MAP1LC3C",1,0.152990315475109
"FNDC8",1,0.0419252331472304
"OR5A1",1,0.0817139363881249
"TDO2",1,0.121977539535575
"OR52E6",1,0.110729546109758
"PMP2",1,0.00429313913983419
"PPP1R17",1,0.127553909115705
"NME8",3,0.758566358864981
"RNF150",1,0.0900894303637652
"CNOT3",1,0.293159949969196
"TENM1",1,0.0770836596268407
"TMEM198",1,0.190335580623738
"OR2T3",1,0.0185357773186946
"SERPINA12",1,0.0454139110158066
"MALL",1,0.104771185935222
"TM4SF4",1,0.0912369162806276
"PCK1",1,0.0368869729152016
"RAC3",1,0.0904992015453628
"GPR63",1,0.369060428481721
"DNAJB5",1,0.14539439913811
"TLL1",1,0.0921866992154953
"NIPAL1",1,0.0886632512977331
"TP53TG5",1,0.0112734354808803
"ATP6V0A1",3,0.630632675493049
"CXORF66",1,0.0112838815704042
"KDSR",1,-0.442927955195725
"FAM83A",1,0.170200210619261
"TSKU",1,0.0578947543001875
"KRTAP6-2",1,0.0357232762426302
"TFAP2C",1,0.0811462882241915
"GJD2",1,0.083317720954192
"A4GALT",1,0.0709320498398891
"OR2T33",1,0.0892298215000708
"OR6X1",1,0.0462824122276472
"GAGE2C",1,0.0662596910079228
"SPC25",1,0.111281854133988
"HPCA",1,0.0333898859155758
"SCTR",1,0.176183062922514
"MRPL36",4,-0.290776149153277
"FMR1",1,0.0914952894547512
"GAL",1,0.0191712946731267
"CADPS2",1,0.105193913319438
"H3F3A",1,0.209902241035416
"LRRC2",1,0.104112014112066
"OR8I2",1,0.0785069563562181
"RPS6KA3",2,0.387990623819751
"EPHA10",1,0.169922586981393
"LUZP4",1,0.0737029302420563
"CYP4A22",1,0.0294616519196889
"DCSTAMP",1,0.0867059389454437
"SGIP1",1,-0.00269784509346752
"GRIK3",1,0.0777789581339935
"OOSP2",1,0.088662630195179
"IFNA2",1,0.131336840570709
"LGR5",1,0.0602451906793032
"LCE2C",1,0.0613707276989276
"CTXN3",1,0.105701569370448
"UBALD2",1,0.598681216602261
"HEPACAM",1,0.0899993585433689
"VGLL1",1,0.103679653724576
"NFE2L2",1,0.515727468446407
"SLC22A16",1,0.3726065924954
"EME1",1,0.0654393996639479
"ADAR",1,0.648197081601162
"PKD2L2",1,0.0749672154432988
"ACAA1",1,0.455567283145295
"B4GALT1",4,0.534272080319224
"CNTD1",1,0.0394395875726923
"GRIN2D",1,0.0233316969818923
"MKI67",1,0.0643636030471138
"NEUROD2",1,0.0752606991890566
"MNX1",1,0.1445465390217
"LMO1",1,0.0952998636826645
"ACTG2",1,0.100181467310555
"PARP10",3,0.337006178112092
"HSP90AB1",1,-0.47501895682033
"PLPPR4",1,0.0324519045018669
"C1ORF168",1,0.0755427652827635
"CCDC157",1,0.0409733061975986
"EFEMP1",1,0.045267741684781
"NOBOX",1,0.176932081593727
"SCGB1D2",1,0.0419144889144244
"HMGB4",1,0.0723207733054573
"SYT1",1,0.0690837457731396
"OR1L3",1,0.0498985462579944
"OR2T10",1,0.0723617562506599
"F3",1,0.123763335588516
"ZNF521",1,0.053175664021897
"PNLIPRP2",1,0.0624703673489127
"OR52K1",1,0.108755777010909
"SCOC",1,-0.180960122356834
"DAB2IP",1,0.087024915873501
"CADM3",1,0.0197615982408086
"TMEM178A",1,0.0306058020568521
"TMEM109",4,-0.453518400899269
"S100A3",1,0.113031032878023
"BOC",1,0.114084504795037
"GBP7",1,0.0583000233203529
"KRT79",1,0.0840046830575161
"SMR3A",1,0.089161817159552
"DEFA6",1,0.0960207933958089
"SNRNP40",4,-0.384194919345548
"UQCR10",1,-0.130585662607973
"MEGF10",1,0.0622821843564459
"EFNB3",1,0.0670166020796905
"PNLIPRP3",1,0.0540150493349568
"SMC1B",1,0.025712706540046
"PCDHA4",1,0.0259793951384424
"PKDCC",1,0.101671113568779
"KLF13",2,0.216757978209983
"ZMYM6",1,0.0949741339299787
"MAST4",1,0.22281840223403
"ELL",3,0.678695689530457
"TRIM54",1,0.102030765020073
"RIN2",1,0.207264215996605
"ZYG11A",1,0.0425058050589829
"CYP2C18",1,0.0255048552416122
"CYP2C9",1,0.043934941035541
"LCE1D",1,0.0612372028942441
"OCLN",1,0.0727088443383176
"CLRN1",1,0.191223016535763
"PITX1",1,0.0265396481840371
"NFKBIZ",1,0.5455335911689
"ARRDC3",0,0.323563161486445
"SYT12",1,0.084679751207681
"CD177",1,0.307630756575099
"WFDC5",1,0.117646814705843
"MAST1",1,0.0918203263653915
"GPR139",1,0.0636020102364415
"TMPRSS7",1,0.0770143863007684
"RIN3",1,0.598094469886893
"DDX25",1,0.11424382298517
"USP33",0,0.351360996673788
"CTCFL",1,0.0576812324010004
"CLDN8",1,0.0510506108443011
"ZNF277",1,-0.115429548383941
"OR1J2",1,0.128911377541781
"KANSL1",2,0.499272963603184
"SLC8A3",1,0.152242739083745
"PRG3",1,0.0990528373768753
"USP31",1,0.0233703860273438
"SPAM1",1,0.145925042129101
"BPIFC",1,0.0611728186871137
"RIMS1",1,0.136591951186878
"PRAMEF6",1,0.0902414316232136
"ASB17",1,0.0907777501527852
"GPD1",1,0.075599832743582
"SNAI1",1,0.0599500075279829
"PPP1R9A",1,0.068098071229171
"SIX1",1,0.0330368139858648
"OR5B17",1,0.00170140473666089
"ADH1B",1,0.0714885032659907
"FEM1C",3,0.623361339458316
"KRT25",1,0.0680198496864205
"UBE2S",1,0.0658781538591966
"AWAT2",1,0.140280546018244
"CLUL1",1,0.188739775147277
"ENPEP",1,0.141841403436708
"PPIP5K2",1,0.109469231371071
"KLK4",1,0.0589817861604641
"FERMT1",1,0.0718807698998992
"ZNF595",1,0.0228547086824671
"CLEC4GP1",1,0.0940343281584284
"TESK1",2,-0.331471845475717
"PAPOLA",1,0.52774731083726
"OR10G9",1,0.0759994117462858
"SIM1",1,0.0691287842783593
"GSX2",1,0.0786162599081059
"PDE10A",1,0.0959697197719735
"ALPK3",1,0.0855434447878582
"AADACL2",1,0.0670903063442463
"TMEM88",1,0.705602844571107
"ENAM",1,0.077728562563786
"OR2G6",1,0.092067360765404
"PHF7",1,0.0187544671815622
"MYH2",1,0.0400079825884008
"CCDC178",1,0.0727950264119453
"TBC1D10C",2,-0.0191819141448148
"C21ORF59",1,-0.00591926113149534
"NDST3",1,0.0430655346398179
"PRKD1",1,0.128528076518491
"OR52B4",1,0.088014972097898
"SLC6A13",1,0.430819354203402
"SOHLH1",1,0.0552692539405201
"NKAPL",1,0.0911029016423012
"APC2",1,0.135019219770263
"RASL10B",1,0.0292693479941249
"HOXA4",1,0.103979935025222
"SQSTM1",1,0.247769841720996
"SLC35D3",1,0.11425012828115
"TTC29",1,0.0583710027951494
"IGSF21",1,0.02785629253992
"HIST1H2BG",1,0.333251001460217
"HORMAD2",1,0.112715315132506
"OR10H4",1,0.0542280192987539
"RAET1G",1,0.0663757684317126
"ACOT6",1,0.0630646375154182
"IGSF1",1,0.056737892839991
"CYP2A13",1,0.0451445672349684
"VAX1",1,0.109074971180854
"SLC16A9",1,0.10906475884207
"SLC16A12",2,0.149863908937501
"C6ORF25",1,0.0863191096154646
"TMEM52",1,0.0780333111842557
"TCEAL6",1,0.0476858723027749
"B4GALNT3",1,0.033064381541389
"TBX18",1,0.0709774504632814
"CDKL2",1,0.0303699648855884
"OR2A1",1,0.10023261976756
"CLINT1",1,-0.138936931837863
"HCRTR2",1,0.0765102447988035
"HHIP",1,0.0354406360849356
"COLEC10",1,0.0752618836949739
"RPLP2",1,-0.0680350573226502
"DHRS13",1,0.486021541760617
"COL10A1",1,0.0863423906172707
"MORN5",1,0.0733068249651953
"DOC2B",1,0.0317990366734189
"GPR50",1,0.0645110017079179
"POLR2J",1,0.250930569724254
"UMOD",1,0.176725330437419
"OR6C70",1,0.0644853418089952
"ACSM1",1,0.0625583327535515
"SPATA3",1,0.157873928681662
"SCGB2A1",1,0.0830373719115393
"LRP4",1,0.0599450338404349
"PSMD14",1,-0.398800508197617
"PCDHB2",1,0.0530470200376922
"TXNDC12",2,-0.106633243467857
"LIPI",1,0.105568633197553
"CRP",1,0.0879222682558445
"OR4N5",1,0.0461397604715513
"TECRL",1,0.0702111184864053
"FAM24A",1,0.0599081507517163
"ARHGDIG",1,0.121879567557694
"DMBX1",1,0.0592043598136713
"CNGA1",1,0.0655776803660644
"IKBKG",0,0.584585503671235
"SLC51B",1,0.10940266324387
"CREB3L3",1,0.105836120773656
"CLDN7",1,0.0197133314176627
"IFITM5",1,0.0978920973354574
"NTF3",1,0.0901723393986814
"TTLL2",1,0.0936742201476547
"HTRA3",1,0.112347014482785
"YTHDF3",2,0.373549945634415
"KLK3",1,0.031292983828063
"C4ORF17",1,0.0936617486675496
"TMEM225",1,0.0833427625212413
"GSTK1",4,-0.33856962567245
"GNA14",1,0.100338549218585
"LCE3E",1,0.0233697534701082
"GEMIN8P4",1,0.0456280256884796
"TAS2R19",1,0.0516291877594625
"ACTN3",1,0.120166354368529
"FOXR2",1,0.107587321009507
"ANOS1",1,0.058219244220032
"PLD4",1,0.123714414419115
"INMT",1,-0.0252437369316297
"MAFK",1,0.0998206711055877
"PLEKHS1",1,0.0911313007700406
"OR4C12",1,0.076482941377299
"PRELID2",1,0.0308197365677767
"UBA1",1,0.396452221384919
"CYP4X1",1,0.083455490222577
"AGR3",1,0.0765443737460459
"KRTAP10-1",1,0.0223768456336046
"SNCG",1,0.0595143074154208
"OSBPL10",4,-0.547538379663005
"NDUFB8",4,-0.414858246468467
"CAB39",3,0.871148435018024
"OR7E91P",1,0.107408445621265
"DMD",1,0.193582105033819
"SLC6A14",1,0.113580168350124
"C14ORF177",1,0.0384487627689922
"SYNGR3",1,0.0919388187707522
"OLFM1",0,0.121902483102594
"SLC5A11",1,0.00374247414445436
"PECAM1",3,0.792778046945991
"GPR88",1,0.111290202493114
"THOC5",1,0.650316577832155
"RAB3C",1,0.0566445136150336
"PSG11",1,0.09769370184356
"ALLC",1,0.117360353491449
"TTTY19",1,0.12610856887032
"SHCBP1L",1,0.0835196853383652
"SGCA",1,0.0600642370912962
"KRTAP5-2",1,-0.0149749819307689
"SLC17A4",1,0.0719149385271733
"NYX",1,0.153887269388788
"KLHL40",1,0.0400345327876287
"C2CD4A",1,0.0715355122955976
"GRM8",1,0.0811070755658767
"RBMS1",3,0.823780029693421
"PFDN1",4,-0.586941251925229
"COMMD3",1,-0.123150815514529
"EFCAB3",1,0.0463740244549118
"C14ORF39",1,0.110941876433275
"LRRC49",1,0.0473395075897566
"LSM2",1,-0.473843372910777
"HOGA1",1,0.0531335181278876
"SLC10A5",1,0.0714464282644195
"HSBP1",0,0.455707091891853
"SFTPA1",1,0.165226927298733
"OR1E2",1,0.0866284931531335
"HRH3",1,0.0245926922648738
"SPATA31D1",1,0.0516296905546918
"PLEKHA4",1,0.0144565714978234
"PCDHGB3",1,0.0057411959013188
"SLC34A3",1,0.0929390539975472
"OR5K2",1,0.112426618354377
"TBCCD1",1,-0.00115874712496991
"PCDHA2",1,0.0602256738489826
"KRT14",1,0.0316792321560867
"SEBOX",1,0.13799039446132
"IBSP",1,0.169616660803465
"TMEM105",1,0.195031241307934
"IMPG1",1,0.0988268372167287
"HTN1",1,0.0897579263533554
"NDN",1,0.137612306053434
"TDGF1P3",1,0.148591125231164
"BEGAIN",1,0.334091980250543
"C2ORF27B",1,0.143303083826196
"ZNF367",1,0.135106572100361
"NNAT",1,0.134525977055545
"CAMSAP3",1,0.125627225660244
"DIAPH1",0,0.493013805680085
"TGM4",1,0.041510468886932
"OR9Q2",1,0.135974233548175
"GLRB",1,0.0909214752859765
"CPED1",0,0.0526782231051693
"TAT",1,0.0933224311460191
"GLIPR1L1",1,0.0983850334875621
"ARRB2",1,0.537745330032224
"MMP10",1,0.0958786303934283
"GAP43",1,0.072880121242312
"SLC1A6",1,0.104121083372721
"DOK3",1,0.403785602660225
"CSMD3",1,0.0412176888958891
"OLFML2A",1,0.0896776906285326
"SLC7A14",1,0.0918916019655492
"SPRY4",1,0.0535528728058858
"TMEM98",1,0.128424910351127
"THUMPD1",1,-0.353462900746792
"HIST1H3F",1,0.3097994690743
"KRTAP5-3",1,0.135099031462585
"RARG",1,0.050275629080335
"SPINK4",1,0.0273779416077191
"SGCG",1,-0.00566766881962734
"TNFRSF11B",1,0.0513878512191451
"HAND1",1,0.0525494686601834
"SLCO6A1",1,0.088066937708464
"ASPN",1,0.11930305762865
"DOCK7",1,0.113265417194569
"OR5AK2",1,0.105066019617925
"CHST9",1,0.0736452913401534
"NOS1",1,0.0826106010822635
"GNG13",1,0.0205376223599315
"OR1L4",1,0.0207680969255085
"SHOX2",1,0.19671534617488
"RFPL4B",1,0.0471884214585171
"TBX3",1,0.0627407826674566
"PCDHGA7",1,0.0531705178370216
"FBXL22",1,0.0130294893613173
"XG",1,0.0733201188649386
"LARP1",1,0.076651301922867
"TYMS",1,0.0735882623405847
"CHI3L1",1,0.104537168474377
"CSN2",1,0.0583142519213139
"CYC1",1,-0.392580855768436
"THY1",1,0.137697903579936
"SRGAP1",1,0.246284007849965
"CD274",1,0.0941383955966528
"NR5A1",1,0.0789521252929041
"MAK16",1,-0.472244066424391
"TGFB2",1,0.0859027970209957
"EIF1AX",2,-0.19857175927843
"CYLC1",1,0.0260585255588805
"ADH1A",1,0.0326405279509759
"GABPA",1,0.0498426653906202
"PCDHGA8",1,0.067439706667305
"PDZK1",1,0.0784637293062824
"DSE",1,0.298649392790015
"VENTXP7",1,0.0781647766763379
"ST6GALNAC6",2,-0.555854556485719
"SRSF5",1,-0.0124693736191418
"DPRX",1,0.0643559932677878
"APOBEC4",1,0.0124636390927014
"WFDC1",1,0.0675615128148789
"ART5",1,0.0651497781588761
"ACHE",1,0.0680884499118118
"XAGE2",1,0.163935500966927
"FAT1",1,0.0310097591731053
"GLIPR1",0,0.549794762216415
"PAQR9",1,0.0469300620784887
"PCDHB4",1,0.0811579019415865
"CELA3B",1,0.0859684795778194
"FAM20A",1,0.128309963551266
"OR2AG2",1,0.0880700022258842
"PLA2G1B",1,0.0717853848648274
"ADAMTS15",1,0.154209103808476
"GPR157",1,0.0512120628777209
"PRSS50",1,0.0948733720305171
"OR8K1",1,0.11889379494241
"RPL30",4,-0.401190420974671
"IGFL1",1,0.0114251053446116
"ANO3",1,0.0911838101351214
"SNORD107",1,0.0749133505964346
"HS3ST6",1,0.0950801609657849
"OR6C2",1,0.106523835749614
"KRT33B",1,0.0308985741547077
"CDK4",1,-0.670409101511222
"PBX2",2,0.566789661228354
"TMEM54",1,0.0636125428086498
"UGP2",2,0.153278862184181
"SLITRK2",1,0.116244520653923
"OR1J1",4,0.0134215619724612
"SNORD116-4",1,0.122091393891662
"OR9I1",1,0.064267317744728
"NAA25",4,-0.14023256469414
"EGFL6",1,0.0679149425822824
"GCM2",1,0.0348698782901601
"OR52K2",4,0.400086508154209
"C9",1,0.0975525215284806
"PRPS1L1",1,0.0438727687387819
"SHISA3",1,0.102761192433454
"OR9K2",1,0.0848516655457974
"GALNT13",1,0.0100329631038361
"RPP30",1,0.0769777131144134
"TNS3",0,0.281083314851558
"CHRM1",1,0.0687472471080735
"KCNC3",1,0.0568177415405358
"CCL24",1,0.0904588269113489
"LRRC74A",1,0.0714700269670727
"FAM46D",1,0.0405840821976906
"GJD4",1,0.0906038859756312
"TMEM257",1,0.0895149151158073
"GABRG2",1,0.0983381419847137
"KLHL4",1,0.0629093000330941
"RGS17",1,0.0464078860254805
"SSX4",1,0.0195943110545147
"GPR141",1,0.735829590288988
"OR52B2",1,0.0622746197540788
"CCDC3",1,0.0686322854913126
"OTOR",1,0.0417770238313248
"SLC22A3",1,0.0503157949582868
"DCST2",1,0.0229628543327406
"ELMOD1",1,0.0372601654062295
"SELP",1,0.216401437417996
"OR52J3",1,0.0428231261755144
"OSTF1",3,0.73388693457675
"DBN1",1,0.450462557359568
"OR4S2",1,0.0819221135990098
"SCGB2B2",1,0.0684975492298095
"PNMT",1,0.0422279975678801
"OCM2",1,0.0137487583939229
"SLC29A4",1,0.0625193194284817
"OR2B6",1,0.132431520249342
"KRTAP5-7",1,0.0349956691742577
"CCNL1",1,0.0491472522574061
"GLO1",4,-0.440360203083213
"FAM181A",1,0.060431129588375
"TAS2R39",1,0.0990472064644373
"SLC39A12",1,0.148789280816112
"GULP1",1,0.085195167433771
"ST8SIA2",1,0.133579330285484
"DCD",1,0.0749971792002393
"NKX2-2",1,0.0881239270783327
"AGTR2",1,0.166220790949914
"GFRA3",1,0.0127615390317257
"FOXH1",1,0.105426757537517
"H2BFWT",1,0.0398296937363677
"PLCD4",1,0.0712723385689266
"DHX15",1,-0.161629165591911
"CFHR1",1,0.219273177506778
"SPRED3",1,0.0349830103785607
"FERD3L",1,0.112230496711055
"TBC1D16",1,0.120670069413055
"LCORL",1,0.0143227805726987
"CSH2",1,0.153758563921724
"OR5H6",1,0.0418678325850026
"SPTBN2",1,0.104243056996462
"C3",1,0.0681235414680946
"SHC4",1,0.0810177814882846
"FOXN4",1,0.0909166752755999
"TXNRD3NB",1,0.0762516285404356
"LRRN4",1,0.0389942651925919
"LRRC55",1,0.0384785646273013
"ARID1B",1,0.0469727195340453
"NKD2",1,0.0462535321414616
"TUBA4B",1,0.0745572808002683
"GFPT2",1,0.0432559632901467
"HIST1H4B",1,0.133017547876697
"MICALL2",1,0.186628301736804
"GRXCR2",1,0.106716917674579
"CMA1",1,0.12839473391063
"AGO4",1,0.829646980825288
"SCML2",1,0.0963392171403618
"TMEM2",2,0.433800808845638
"OR2T5",1,0.0851549997915216
"WFDC9",1,0.0850665329714141
"IL36A",1,0.160833283873924
"TCEAL7",1,0.0706723848985042
"CELA2B",1,0.185960584812041
"FXR2",1,0.294600940047016
"ZNF800",1,-0.104191278697449
"KRTAP12-2",1,0.0806012536497458
"RRAD",1,0.00119706954588084
"OR2H1",1,0.0023506420803071
"PXT1",1,0.0687813167912226
"ENPP7",1,0.0830413129192833
"MRGPRX1",1,0.0518793911843572
"SPATA25",1,0.0637795089279153
"STRA8",1,0.0878184327292656
"DPH5",1,-0.434510385288068
"GTF2H2C_2",1,0.0910063279018966
"RDH11",2,-0.0723861133233394
"ECI2",1,-0.507866674430603
"MYRFL",1,0.0585774122203399
"RPLP1",0,-0.424714368285759
"STK32A",1,0.0861204123166519
"SGO1",1,0.0993490071825114
"BRINP2",1,0.140770821180443
"HPN",1,0.217888437429349
"XKRY",1,0.110713942648744
"GIF",1,0.127938562380706
"INSM2",1,0.0768035954029823
"TTC9B",1,0.0766869555817494
"ANGPT4",1,0.0700435994522614
"SPHKAP",1,0.0855811766931155
"CCDC105",1,0.0325928529125832
"AKAP6",1,0.0904296597604968
"TEKT5",1,0.0629623374722158
"ST8SIA3",1,0.0812139354639248
"CEACAM7",1,0.100615310792109
"CABS1",1,0.0533970347212177
"KCNJ9",1,0.0504929456637001
"CNTNAP3",1,0.377559997832885
"ARL4D",1,0.0568973419649942
"KCNK7",1,0.109473483357045
"SCEL",1,0.131061664217553
"MS4A10",1,0.0644830997787877
"KRTAP5-6",1,0.0642708966127039
"NECAP2",0,-0.28958906981572
"KRT76",1,0.0971237721747157
"ANKRD1",1,0.0705116127574768
"LIN28A",1,0.0410153804153776
"STARD6",1,0.0793853034954368
"MOGAT3",1,0.0969992969804176
"VENTX",0,0.239068176869497
"STAT6",0,0.386568046005212
"IGF2",1,0.0794348546042454
"VSTM2A",1,0.097458805967583
"OR8D1",1,0.105982703511347
"DEFB114",1,0.107813774708462
"RERG",1,0.0413754303188512
"AARD",1,0.0756495490266354
"PDILT",1,0.0805247047672563
"FAM46A",0,0.304587529317644
"SLC24A2",1,0.00713352117346281
"IGF1R",1,0.423006290838123
"SDR9C7",1,0.0519367311241916
"PACRGL",1,0.0458137902473731
"XKR7",1,0.111204648145867
"MED14",1,0.125168927150593
"CENPI",1,0.0992433158622025
"ACVRL1",1,0.0852894370186974
"C4ORF36",1,0.0964309411526618
"GRID2",1,0.0634030793964669
"MSH4",1,0.079034154178439
"TCEB3B",1,0.0488290673094659
"PCDHAC1",1,0.0508674769716797
"FAM83E",1,0.0886968622970271
"CKMT1B",1,0.0830540722596195
"TTLL6",1,0.0662234181336371
"NEGR1",1,0.063175040731973
"SWAP70",1,-0.357213806599563
"OR14C36",1,0.163006453481828
"TTC32",1,0.231787062317851
"WNK4",1,0.0580477108632887
"FUT9",1,0.107453055480382
"COL19A1",1,0.0275007248474522
"TTTY8",1,0.145310780833102
"RPS27",1,-0.00990049675320696
"OR10J5",1,0.0603634363926843
"C22ORF31",1,0.0802380280436771
"SLC28A3",1,0.141956037100821
"ANGEL2",1,-0.225102519209502
"DDX56",2,-0.45290517216028
"PRNP",1,-0.224651309577054
"KCNQ5",1,0.0729823561343121
"RNASE11",1,0.0619645407363275
"KRTAP5-5",1,0.0677670181570771
"PTPRN",1,0.131653207292758
"HAMP",1,0.118341800657326
"OR13C4",1,0.0845259967610224
"OR2M3",1,0.0610978663752029
"C1ORF189",1,0.0922368342102457
"AOX1",1,0.0591673325298185
"AADACL4",1,0.130600426820892
"KRTAP10-12",1,0.0831247957046379
"RNF152",1,0.0602505775224954
"C10ORF111",1,0.0811246851388338
"TAS2R13",1,0.105664767942463
"LHFPL4",1,0.0424675311222544
"OVOL2",1,0.0699446386455519
"C11ORF42",1,0.0859209499164982
"ITLN2",1,0.0936181822348786
"TNNI1",1,0.0619936922237676
"EPHA3",1,0.0686565933897658
"PCDHB10",1,0.0715307599348372
"GPR152",1,0.0970007913263451
"OR52N2",1,0.125572298466576
"CPA4",1,0.0332005687382006
"LAGE3",3,-0.776389686995367
"TSHB",1,0.0918067420086251
"SAGE1",1,0.106282584087202
"EGR1",1,0.397500266964849
"MSTN",1,0.0790476050628271
"PGLYRP3",1,0.0950998849514025
"C1QTNF9",1,0.0632473043484661
"OR5D18",1,0.0206688893107384
"NRARP",1,0.0358161950960986
"PMP22",1,0.0943279421585575
"PRL",1,0.176343028833739
"FAM13C",1,0.0524476202330515
"GOLGA6L5P",1,0.0635351508036046
"FHOD3",1,0.00157262795044539
"KCNS3",1,0.0201362894564039
"CBWD2",1,0.0616471939376377
"MRPL32",1,-0.343526091452043
"ADGRB3",1,0.125140957137427
"MBL2",1,0.0724092063997144
"KRTAP10-9",1,0.136946205431234
"ADGRG7",1,0.100173298896627
"ACADL",1,0.0649655577858312
"EFCAB13",1,0.0669735042797377
"DUOX2",1,0.150603012690277
"SAT1",3,0.810784586969464
"NLRP13",1,-0.000994424474011574
"PCDHGA12",1,0.0479752202803878
"GNG4",1,0.084935704120533
"STEAP2",1,0.0754632373277488
"PPID",1,0.071360885875164
"CRHBP",1,0.104214452968447
"EIF3E",1,-0.328504215925805
"OPRPN",1,0.110791387656021
"UGT1A6",1,0.0619152082964186
"FAM71A",1,0.0622632404038874
"SLC52A3",1,0.115373123476813
"MYL10",1,0.101694976622141
"SHB",1,0.113765505280273
"PALM2-AKAP2",1,0.066164704889404
"LIPE",1,-0.00338585494488034
"SPANXA1",1,0.127242497035064
"BPIFA2",1,0.0934771155083064
"WBSCR22",4,-0.615540854884542
"HIST1H2AA",1,0.0553391491963972
"HDGFL1",1,0.0614592341260684
"COL1A2",1,0.0482200468482941
"WDR72",1,0.0360940555026605
"GLYCAM1",1,0.112448019469182
"SVOP",1,0.0409379218423256
"CKMT1A",1,0.137075754416857
"OR6A2",1,0.0602778802563559
"PSMB5",2,-0.261927792162862
"ZNF750",1,0.104147353024007
"RBM42",0,0.0382422462851915
"CXXC1",2,-0.169395658875941
"NOMO2",1,0.0715128361004204
"DUSP12",1,-0.344046351993389
"AFAP1",1,0.146372904695239
"DSC1",1,-0.164383691180092
"PRKD2",2,0.462846712485237
"MAGEA5",1,0.109758246199746
"OR4F6",1,0.0960950603055818
"SPAG17",1,0.110855403975189
"OR10Z1",1,0.0349684061598545
"ZNF354C",1,0.0576546756102592
"ALX1",1,0.0825079391207944
"LURAP1L",1,0.0454705694920255
"OR4N2",1,0.114926797096526
"FJX1",1,0.0847995739330245
"S100A4",1,-0.0296563515348535
"ARFGEF3",1,0.15530966890332
"BPIFA3",1,0.0824848036567561
"OR4D6",1,0.125750075839116
"SELV",1,0.0362402095129653
"OR5AN1",1,0.0878128240186451
"OR4D10",1,0.120877054560297
"ZMAT2",1,0.26398069470164
"EFNA2",1,0.0758879412153007
"SLC38A3",1,0.0814011505964902
"ANGPTL3",1,0.0545628751282572
"CLCA2",1,0.128729003196727
"ZNF695",1,0.116322691362095
"ASIC5",1,0.0781843911089051
"CYP2F1",1,0.159002919982492
"RPP21",4,-0.348436897559362
"VCY1B",1,0.0735586961930584
"PDCD1LG2",1,0.0797164407766806
"TXNDC8",1,0.0450283190842571
"TMEM8C",1,0.0335061480758936
"OR10G8",1,0.0122210651134026
"NPY2R",1,0.0957277763513732
"CACNG2",1,0.0501858691787693
"T",1,0.0130888578875793
"OSGIN2",3,0.812508407366566
"FABP1",1,0.108529347022088
"CITED1",1,0.111150531603881
"SLC36A3",1,0.0934400285339042
"FAM234A",1,0.0321353271049028
"DMRTC2",1,0.146364145866279
"TCTE1",1,0.082242580550965
"ECH1",2,-0.382264322950832
"TMEM74",1,0.0560182399329822
"PCDHGA4",1,0.0645568860507767
"HDX",1,0.134024029085137
"CNPY2",1,-0.493361070598646
"SPANXN1",1,0.0369320348980254
"FAM13A",1,0.145368223512963
"UBE2C",1,0.249316698061354
"ATP13A5",1,0.0625946430200314
"TEX9",1,0.0858107100110028
"CYB5R3",1,0.246679687174298
"EFCAB12",1,0.128618192668601
"ARHGAP26",1,0.633350447671502
"OR5L2",1,0.0386379002964761
"MCF2L2",1,0.0508741365439591
"PSG1",1,0.0854493564141273
"GGN",1,0.0325567746302006
"UACA",1,0.12009702639983
"RP1L1",1,0.0573598813596403
"F13B",1,0.0779867289641708
"C21ORF2",4,-0.535877801730055
"SYT13",1,0.0477575097934079
"RPS6KL1",1,0.130615791160422
"ZRANB3",1,0.0217952496283433
"SLC10A1",1,0.119542847524904
"NTRK1",1,0.14001871653348
"SLC12A8",1,0.150607778301064
"HHIPL1",1,0.0684266149721232
"PPP3R2",1,0.0995143681788565
"LAX1",1,-0.481976628538184
"HIST1H2BB",1,0.0283450256097427
"TMEM126A",1,-0.387579457938404
"RPRM",1,-0.000958772786559708
"LGSN",1,0.172399703281557
"OR10A3",1,0.0548029910519936
"GALNT4",0,0.520738135399628
"GPN3",4,0.358533333595287
"UGT2B28",1,0.0730985926565686
"CPXM1",1,0.103400276831155
"TTTY7",1,0.0308113883921623
"GABRA1",1,0.0858070967555979
"PRDM15",1,0.0919086306066065
"PTPN6",1,0.34775621299631
"PCDHA10",1,0.0715564786226417
"DCAF4L1",1,0.201912311496181
"MYOT",1,0.0767272609281472
"SLC7A13",1,0.0564374081032752
"ZNF474",1,0.052513379014828
"HNF1B",1,0.0998117733171493
"ABHD16B",1,0.108424419712847
"OR10G3",1,0.0878520306921814
"GABBR1",1,0.0724781975366173
"KITLG",1,0.101611526159801
"LDB3",1,0.166225242496711
"ARHGAP18",4,0.156895058462889
"SMIM12",2,0.0186396103193574
"OR2L13",1,0.108984335824215
"WISP3",1,0.0869012032930776
"NBL1",1,-0.241389548580301
"RYR3",1,0.048735912249369
"ZBTB25",3,-0.671944652003465
"BCO2",1,0.0808467322813792
"ZPBP",1,0.0484393500318648
"GSTA2",1,0.0378793453593664
"ALDOA",1,0.312522280795526
"OC90",1,0.0901139862386147
"CHRM4",1,0.0861584944171749
"TFF1",1,0.0678381241318389
"HTR1D",1,0.148011980178635
"C11ORF70",1,0.0494982959588616
"MRPL34",4,-0.554998128865878
"HTR1F",1,0.0910634375534162
"OSR1",1,0.0616082060870431
"HACD3",4,-0.502639383137726
"NDNF",1,0.130286595962727
"TRA2B",1,-0.26696450991975
"TP53TG3",1,0.152361168260148
"RPS12",1,-0.0123515292323232
"KRTAP13-1",1,0.0410674099716474
"MAOB",1,0.1524469530699
"PCDHB14",1,0.130404307036662
"COLCA1",1,0.0803464664810194
"RHBG",1,0.0231006219378817
"HMGN5",1,0.0925595685252016
"ASCL1",1,0.0178241250192032
"PSKH2",1,0.0646876818284566
"GABRA2",1,0.117413749879034
"WNT9A",1,0.119715140193074
"SERPINB6",2,-0.0680394418471077
"GHRH",1,0.0472271484577402
"GCG",1,0.0110156312794301
"S1PR2",1,0.0797055903007007
"SH2D3C",1,0.410056097863999
"KRT33A",1,0.111786953211585
"TCF21",1,0.136577376010716
"TET1",1,0.11890143221744
"FBXO9",1,0.164248090173872
"NID1",1,0.0821099730016419
"SELE",1,0.166590515307585
"RFESD",1,0.0444361085282255
"NEDD4L",1,0.0737878800331596
"DEPDC1",1,0.0714737513813554
"KAT2A",4,-0.491206490516488
"HSPB7",1,0.0449951781849171
"TTLL10",1,0.0367725623949038
"GSTM2P1",1,0.176822751778609
"SLC9C1",1,0.107538392078015
"GPR87",1,0.146741883356087
"HIC1",1,0.207256967352238
"S1PR4",0,0.441371598959953
"SPDYC",1,0.00684248484471965
"MYO7B",1,0.284280166417131
"NT5DC3",1,0.132382126416594
"P2RX6",1,0.0974885416825766
"CCNI2",1,0.0867438273247619
"RESP18",1,0.0941757393545227
"MANF",1,-0.328724509296685
"SLC5A2",1,0.0464315995460753
"SEC14L2",1,0.0508689646765078
"CANT1",3,0.748153462013557
"BCAT1",1,0.648173546615573
"RTP1",1,0.132598785089108
"ANKRD30A",1,0.0789529069978421
"ERICH6",1,0.0970334700767789
"SCGB1D4",1,0.150453282281594
"SYT14",1,0.0845564963602422
"TAS1R1",1,0.0725918549463577
"UGT2B11",1,0.0337802082175827
"SLCO2B1",1,0.19209998193475
"RAP1GAP2",1,0.105112916496823
"SLC18A3",1,0.134552619799201
"TACR3",1,0.0929775348666245
"ERP29",4,-0.466487599371475
"MYL6",1,0.365187690941743
"MMP20",1,0.0839368399838491
"KIF12",1,0.0603396612363771
"SCN7A",1,0.113111697909893
"OR6T1",1,0.116230538429513
"NR0B2",1,0.127954457668568
"ANKRD42",1,0.062825987980455
"ZCCHC16",1,0.0512299263717763
"SP7",1,0.021982431327956
"BAG3",2,-0.429347129165755
"MEDAG",1,0.0961604785374116
"MAD1L1",2,-0.439486806592893
"VBP1",1,0.216753389688795
"RANBP17",1,0.029914966347061
"CNTFR",1,0.0661974814437364
"IFNA1",1,0.0643244463335885
"NOTUM",1,0.113209189024045
"CD4",0,-0.273942276589954
"KIAA1841",1,0.176125645745026
"ODF1",1,0.0982228075560061
"PKD1L1",1,0.0935684481314675
"FABP9",1,0.0675304749927042
"PSMG2",1,-0.343611456648216
"KRTAP26-1",1,0.0813427115597217
"CALML3",1,0.106012504940458
"MAPK4",1,0.113038797675861
"RBM41",1,0.0863155634464899
"PCMTD2",4,-0.260532247206506
"KCNE1",1,0.44769144161914
"NHLH1",1,0.110852634978587
"CHRM5",1,0.0200221161379014
"F11",1,0.104309178702585
"RECQL",1,-0.0355596783382886
"NAGK",0,0.323856816239289
"ARMC4",1,0.0617358497116059
"CRB1",1,0.105080014430035
"HIST3H2A",1,0.11138657079844
"RASGRP3",3,-0.54316843030662
"CENPO",1,0.141324283754822
"IRX4",1,0.0721164096720841
"CYP2D7",1,0.161804326404783
"CD9",1,0.132693770913134
"SLC45A1",1,0.16420599222749
"BPY2B",1,0.0491836561865568
"OR51B4",1,0.0503984571437827
"TIGD6",1,0.13531631530556
"MAGEA3",1,0.154562165986008
"UFC1",4,-0.444057362188026
