"gene","module","kME"
"HBG2",6,0.313906702640127
"HBG1",6,0.248560955472497
"ALAS2",6,0.086054045098278
"DEFA1",12,0.0722409948103897
"DEFA3",12,0.0685973177929001
"RPS15A",3,-0.564920555326292
"HBD",6,-0.0112138848427008
"RPL27",4,-0.570098756025994
"DEFA1B",12,0.0486381343346282
"SLC25A39",6,0.350289089912636
"RPS10",4,-0.546887328695958
"H3F3AP4",1,0.0254900157217545
"RPSA",4,-0.501799850341436
"YBX3",6,0.282455894386472
"GLRX5",6,0.0203054446642133
"RPS28",11,-0.23172127431148
"AHSP",6,0.0816813865711888
"RPL39",3,-0.521930401067184
"RPS17",4,-0.538051473250451
"CDC14B",3,0.49288876156042
"RPS3A",3,-0.586090385953879
"SNCA",6,0.174034415298937
"RGS2",8,0.235847118661865
"RPL35A",4,-0.453883777879481
"RPS3",4,-0.524516114495059
"MKRN1",6,0.33854201440377
"RPS14",4,-0.537746691752167
"CDAN1",1,-0.151748907111426
"SPTLC1",1,-0.139998922683755
"R3HDM4",6,0.653646170293766
"GYPC",6,0.36984710874313
"FAM46C",6,0.101923881733949
"IFITM3",17,0.325729733089929
"CCL5",5,-0.184687452437715
"MX1",17,0.077309016818132
"GPX1",6,0.321715538171071
"RPS15",11,-0.313204974802745
"SPRYD3",18,0.107574700142795
"AIRE",1,-0.162856200120513
"RPL17",4,-0.556453137047931
"PNPT1",1,-0.101266592117376
"HLA-DRA",5,-0.124270034002801
"LCP1",4,0.494641203553594
"RPL10A",4,-0.551710771274653
"RPL11",3,-0.654022490538638
"RPL18A",4,-0.653546788936031
"ALOX5AP",2,0.478209935991808
"SMAP2",2,0.399962774275292
"RPS11",4,-0.575650627617119
"BASP1",13,0.779997135032752
"S100A4",1,0.270361670039102
"GUK1",6,0.233526568681293
"RPL19",4,-0.396283507367358
"IFITM2",3,0.567477594110633
"SLC44A4",1,-0.0939831426694561
"RPLP1",11,-0.426254371760843
"RPL7L1",1,-0.203037745526964
"FKTN",1,-0.071514241325814
"DMC1",15,-0.0313643312252031
"RPL41",4,-0.364777029877691
"OCIAD1",1,-0.0912466117188237
"RPS5",4,-0.512244494256578
"ACTG1",1,0.436781068288294
"RPL12",4,-0.343927682944198
"SLC25A37",6,0.422085623477523
"RPL9",3,-0.404262637288712
"RPL18",9,-0.607025971499263
"RPS6",3,-0.64347941934515
"SOD2",2,0.55845589766478
"ITGB2",3,0.452234925746153
"RPL8",4,-0.431620912115684
"CSF3R",2,0.110955496953145
"ALPL",4,0.379642333056845
"NLRP8",1,-0.187782035127887
"RPL37A",11,-0.270165957147642
"RPL30",4,-0.450245735539382
"RPS25",4,-0.63663421021047
"RPL23AP64",1,-0.227053767487164
"FCN1",15,-0.0265236063843649
"RPL27A",4,-0.668422245944079
"UBB",1,0.051586081905086
"IL18",1,-0.194195322087078
"NCOA4",6,0.262469015342771
"FAM213A",1,-0.0894654250924149
"CDKN2AIPNL",15,-0.291925633974552
"CD14",3,-0.0393525810912241
"RPS27",4,-0.278800337764776
"GABPB2",1,-0.0599538523479861
"RNASET2",2,0.204095616039806
"BCL2L1",6,0.415628082776854
"MYL6",1,0.174500328429543
"INIP",1,-0.088980468842206
"AOC4P",15,-0.0914022116702781
"RPL38",4,-0.432035950912123
"GSPT1",6,0.16228838193458
"TSPO",15,0.0977403731113895
"B2M",1,-0.0474511583480974
"SRGN",1,0.0531067132655629
"MYL12A",7,0.263971735713064
"MCM8",1,-0.027417398542868
"HBM",6,0.128395119769852
"LILRB1",1,-0.179113925584372
"ZNF430",1,-0.0755010383664604
"RPS16",13,-0.657613116395145
"FAU",4,-0.452785708169735
"ACTB",3,0.680624007034504
"FPR1",2,0.561452950541144
"CST3",8,0.33904838836459
"STRADB",6,0.235205223447895
"RPS20",3,-0.580167125969477
"SHCBP1",1,-0.148015092643925
"IL10",1,-0.110015768392093
"MSRB1",2,0.633510898002568
"HCLS1",2,0.655988719078064
"DTWD2",1,-0.0875337938448302
"AQP9",2,0.385056151800175
"TAGLN2",2,0.763686344605374
"TALDO1",2,0.680639679689161
"EEF1B2",3,-0.66267729123705
"RPS27A",4,-0.55376403288443
"PROK2",2,0.197483725473013
"UBC",4,0.507756421134505
"ATP5EP2",1,-0.192128196995829
"CD52",4,-0.388091339066116
"FCGR3B",1,0.0822122305336512
"RPS19",3,-0.604905748159211
"ASCC2",6,0.257201110828477
"PPA2",1,-0.128500114918612
"SLC16A12",1,-0.0996806982436313
"USP49",1,-0.0672834440810832
"GLTSCR2",5,-0.336162740578883
"PRR13",2,0.324448012035548
"RPL3",1,-0.182125182213721
"S100A12",1,0.17979490782926
"S100A10",7,0.0844908851585702
"ZNF549",15,0.0313218927947686
"TMEM267",1,-0.115092001514102
"LITAF",2,0.725442549194224
"PFN1",6,-0.0814412298122079
"DAPP1",1,-0.115569262802603
"GJC1",1,-0.169694743609358
"RPL23",1,-0.480961188057707
"ICAM3",2,0.650312512903653
"RPS9",4,-0.472240785912364
"LYL1",6,0.144534718170615
"PFDN5",3,-0.457630050510729
"ALPP",1,-0.0913864901590997
"RPL24",3,-0.706094058539586
"CAMP",12,0.0694190370909572
"MMP9",2,0.570079485416197
"TMSB10",2,-0.440893759723204
"DAZAP2",15,0.361578369522723
"RPS12",4,-0.352414794674652
"BSG",6,0.525353129837273
"XPNPEP3",15,-0.00686017024553744
"HLA-A",3,0.395233623637446
"FAM177A1",1,0.0533838571464335
"IFITM1",17,0.282523415824155
"CEBPB",2,0.396677275214198
"RACK1",2,-0.482613728268461
"RPL35",3,-0.633322556871364
"CA1",6,0.0333039284411993
"DUSP1",2,0.470613704364136
"FLOT2",2,0.3624849346765
"TYROBP",1,0.446936363199862
"FCER1G",1,0.167167311662378
"RPS29",3,-0.465925083194224
"GCA",10,0.136987348481644
"TMEM17",15,0.022692043785888
"FTH1P3",1,-0.0320837345318824
"MSH3",3,0.031329878216851
"RPS2",5,-0.537237832337806
"SNRPD2",4,-0.586833320931113
"DDX51",15,-0.250759360915229
"CCNI",3,0.522286034578574
"WBP2",3,0.822516315792991
"ALOX5",2,0.208005772747011
"AKR1D1",1,-0.14213224989031
"LOC729603",1,-0.261836793782398
"TOMM7",4,-0.553958353472692
"RAC2",3,0.731494709776466
"HLA-H",3,0.435537014044784
"PSAP",4,-0.14113395952164
"LILRB3",3,0.11186037935403
"VNN2",2,0.350245067453054
"CYBA",1,0.479647876230497
"NPC2",12,-0.220584120054497
"MYADM",2,0.588370036584932
"ITPK1-AS1",15,-0.0862003811105478
"SERF2",6,0.174547041814906
"SELL",2,0.586226020790625
"IFIT2",17,-0.0561107854492989
"EID2B",15,-0.0887033563158482
"BCL6",2,0.135782043126779
"METTL21A",15,-0.0712226712120649
"NKG7",5,0.0636277062356306
"RPS13",3,-0.654322418672598
"ROCK2",1,0.149717561388635
"EIF3E",4,-0.6919069981771
"UBA52",1,0.0333673921939336
"DCAF12",6,0.188352394645088
"GNLY",7,0.0494199890156619
"RPL5",3,-0.735289643396956
"CLC",3,-0.256363032477755
"S100A8",5,0.0530016354394652
"PADI4",2,0.356218500869703
"TCAF1",1,0.0826271699080394
"SULT1A1",1,-0.0357959355435988
"LYN",3,0.725224236052069
"LILRA5",5,-0.004462788507249
"RN7SL1",4,0.0400862256856628
"KIAA0101",1,-0.185055535375785
"RPS24",3,-0.515371540222209
"CAP1",2,0.767315676536052
"HAGH",6,0.155865409124819
"HACD4",1,-0.0843336775168624
"PITHD1",6,0.0733352836977409
"HCST",8,-0.0543254996383986
"SERPINA1",4,0.642830357899399
"TPT1",4,-0.318052671767891
"GNAS",6,0.547513520269279
"IL17RD",1,-0.0645690593675095
"ORC6",3,0.0911782225806657
"SERPINA13P",18,0.0616928592448874
"CRCP",1,-0.120689503529344
"BTF3",1,-0.115497532212087
"SEPT9",16,-0.151414498916196
"PTMA",1,-0.256569655475698
"CXCR2",2,0.6592680046359
"ITIH5",3,0.292565244874271
"FKBP14",15,0.021537528077444
"RPLP2",18,-0.0810109665731729
"PDCD7",1,-0.116791894013497
"SLC2A3",2,0.453352702096819
"HIST1H4C",4,-0.317622601024854
"RPS26",5,-0.0942690852955747
"IFI6",17,-0.00727002911495621
"TUBA3FP",1,-0.0599009685682816
"EEF1G",5,-0.426627777023227
"C8ORF37",1,-0.174644511388833
"RBM38",6,0.375618029852648
"DEFA4",12,-0.103886218301413
"H3F3A",0,0.456796162513564
"MCMDC2",1,-0.117361930940063
"NACA",3,-0.397981312849664
"CFD",0,-0.151929644189458
"FBXO7",6,0.322762917087767
"NFE2",6,0.0570314446635304
"CCND3",2,0.0924037443147468
"S100A9",4,0.0438492154064199
"LY96",10,-0.34576963109187
"FGR",2,0.359750810375819
"CLUAP1",3,0.257216125171282
"LTB",9,-0.359310115690221
"TXNIP",1,0.0767922298346931
"ADGRE5",13,0.778738727934759
"ARHGDIB",6,0.0313588405919353
"MBD4",15,-0.0401753890587229
"HLA-DRB5",5,0.0185527137580678
"KLF2",4,0.288144347042694
"RPL31",3,-0.538724096115423
"COX4I1",4,-0.524954928250912
"ARPC5",1,-0.294062254269437
"NUCB1",6,0.380214637895854
"ANXA1",4,0.017330367965415
"JUND",6,0.565112154132312
"ATP6V1B2",2,0.680321504539628
"RPL21",3,-0.478064803148141
"RPS4X",5,-0.47795601174358
"CD247",5,-0.339428094122186
"TSC22D3",2,0.48507695028621
"ZNF682",1,-0.197883119325031
"RAP1GAP",6,0.0304981980875272
"MAGT1",15,0.02048192235894
"HBA2",3,0.403125597100466
"NUBPL",1,-0.164100542215987
"RPL4",4,-0.544806741906903
"EEF2",16,-0.343317774740447
"ISG20",17,0.149386915128901
"PI3",10,0.27570515022262
"SLC35E1",1,-0.158688054682878
"CEBPD",2,0.713735927817737
"F2R",3,0.143130428451153
"RPS4Y1",1,-0.16546397449555
"FOLR3",12,-0.0256979412328222
"CCR6",4,-0.0194972608187414
"UBXN6",6,0.38909735763147
"KCNH6",1,-0.411233439839654
"GLIPR2",2,0.0663990990638529
"SAT1",2,0.0401749192576544
"LST1",11,0.0178288297694306
"IFIT3",17,-0.0215580459843317
"FTL",1,0.382845452263748
"LASP1",2,0.327600587663679
"ERAP2",15,-0.0850234776885876
"IL18RAP",2,0.255467736958578
"IFI44L",17,0.0398305888968674
"ADIPOR1",6,0.345803287744504
"TESC",6,0.440827498919746
"COX7C",4,-0.488355501821142
"NCF1",13,0.823484859586245
"C9ORF78",6,-0.0952120288211067
"RPL36",4,-0.258704381240212
"LAIR1",4,0.314828098116658
"POLR1D",6,-0.255784260209939
"PRDX5",6,0.442930330012097
"TYMP",1,0.218062890702296
"ACSL1",1,0.00989525829720241
"RHOG",13,0.860135027855243
"EIF4A1",8,-0.268037374127913
"CKLF",11,-0.0521236224987394
"GUCD1",6,0.332171239076355
"PCBP2",6,0.00951742187472959
"FOXO3",6,0.335752739321038
"SARAF",3,-0.400867770724483
"EPB42",6,0.265105867377148
"PABPC1",1,-0.096584783991783
"IGLL1",0,-0.00613213499315456
"HIST1H2BK",14,0.231819917155847
"SUN2",16,-0.123480232330649
"CSF2RA",1,-0.190491004407339
"MYH9",2,0.713466093286362
"STAT1",17,0.00862018752893353
"HINT1",4,-0.501729154562094
"S100A11",4,0.42164572196304
"YWHAZ",3,0.39932322970523
"S100A6",4,0.24469318849776
"TKT",3,0.430803628327636
"MYL4",6,0.242497903111475
"VMP1",2,0.0597169378200567
"SH3BGRL3",3,0.628848466807048
"FAM129A",3,0.661566755424541
"AMY1A",1,-0.0741002603482571
"HYPK",15,-0.0277151138289363
"FRAT2",2,0.213292954283967
"BTG1",5,0.175496894655245
"FAM65B",2,0.508894150311343
"ARPC2",1,0.534384500003729
"HLA-DMB",12,-0.568860385798273
"CALM2",3,-0.246984204928286
"HSPA1A",4,0.378387069519879
"FGL2",17,0.0666909039651588
"ACTN1",2,0.256322386503577
"JAML",2,0.111803570894525
"HERC5",17,0.0221858506956033
"PLBD1",2,0.568120190718094
"CMTM2",2,0.371513243802319
"LY6E",17,0.166558657910074
"SLC7A5P2",4,0.272898989843258
"EIF4A2",4,-0.555899369124749
"NBPF9",1,0.263371888937775
"GIMAP4",15,-0.029718335725116
"AP2S1",6,-0.0436153973617917
"FGD3",2,-0.0631593250583092
"TUBA1B",16,0.213529979108612
"CEP19",15,-0.0328228663486577
"MS4A6A",12,-0.336476643810758
"PSME1",7,0.254824758209682
"MSN",3,0.707896064075751
"HBQ1",6,0.136005481398708
"NDUFA4",3,-0.715403757948705
"RPL26",3,-0.647938741764688
"CD74",7,0.153584781019242
"EIF2AK1",6,0.130645776979483
"IGF2R",2,0.396382410369662
"ARPC3",1,0.308904463331988
"HLA-DPA1",8,-0.145071990227372
"IFIT1",17,0.0709529733304655
"S100P",2,0.125605309325191
"ZFP36L1",1,-0.174016656380686
"POFUT1",1,0.0455055359581464
"CD48",3,-0.582491333642506
"PPT1",4,0.00790558465170831
"FCGR3A",1,-0.0137968821700934
"IFNGR2",2,0.0931572113792695
"VIM",3,0.492711699194441
"CRIP1",8,-0.0827351187047189
"COMMD6",4,-0.537752918298303
"AIF1",1,-0.0806232270250817
"NDUFA1",4,-0.415595571650023
"WAS",13,0.755193875019178
"FAM210B",6,0.152030838652443
"N4BP2",1,-0.125479970652693
"CFL1",1,0.312284602156437
"ZNF223",1,-0.168715234645571
"GBP2",17,0.0343936664249536
"SELENBP1",6,0.229822582561645
"YPEL3",6,0.715666039399063
"MCEMP1",2,0.153499989614241
"IL7R",5,-0.114485955868353
"TIMP1",3,0.549350989402286
"BIRC3",15,-0.119118338496049
"ETS1",11,-0.258279662953452
"CFLAR",4,0.19958381548421
"MPP1",6,0.268771774847016
"DUSP19",15,-0.0676873017480359
"GAPDH",8,0.270357369716543
"ANP32B",6,-0.242090766508367
"ANXA2P1",1,-0.142608413426715
"HK1",6,0.294460026755149
"C10ORF54",2,0.452476718607131
"CD81",5,-0.271435438230726
"SNHG5",4,-0.322564890118058
"ERP29",5,-0.372331716001669
"GPX4",1,0.00832562065182755
"VCAN",1,-0.0960955099181427
"TMBIM6",1,0.501474606593196
"DDX5",4,-0.340201540947784
"EHD1",2,0.0944215933511842
"YWHAB",3,0.237187230342731
"EPSTI1",17,-0.0396512415377882
"UBE2L6",17,-0.0608117961082396
"VAMP8",4,-0.624797063608741
"LCN2",2,0.355841796521405
"ATP5B",10,0.033967312623676
"H2AFY",15,-0.0520365073567548
"GMFG",1,-0.0925657360491539
"XRCC2",15,0.00217967601959918
"IFI27",17,0.0679523355565848
"RPL36AL",3,-0.618667836058289
"MNDA",4,0.361798778383529
"TMEM154",1,0.122466570017078
"ATF4",3,-0.694713046260038
"CPVL",12,-0.166266710694997
"GYPE",6,0.153995611594607
"HLA-E",4,0.552410452956055
"SLC4A5",1,-0.147123814624732
"MYL12B",18,-0.0100321766744629
"BLVRB",18,-0.150415491343161
"TCEB2",6,0.0403939634578759
"LTA4H",2,-0.236145735607921
"AP1S2",4,-0.669323802475868
"CD44",4,-0.486618605607374
"MME",2,0.384863906720233
"TRAM1",4,-0.526871421214543
"EXO5",15,-0.0212248256741614
"HIST2H2AA3",2,0.235083903053571
"SLC4A1",6,0.205767031345001
"ORM1",2,0.269144463226069
"FAM104A",6,0.115061333808118
"ATP6V0E1",0,-0.0909870074285462
"GNS",2,0.255712103695982
"CD3D",5,-0.412412072380061
"MXD1",2,0.309335954015174
"CNN2",4,0.316976635628941
"TNFSF14",1,-0.216822178886647
"PSMA6",4,-0.623504264820474
"JTB",1,0.0735317563621787
"RGS18",10,-0.0725748672288912
"FKBP5",2,0.444252544762201
"HAUS2",1,-0.19771996608675
"GP9",14,0.0613828819700944
"LGALS1",8,-0.245132631533456
"TUBA1A",3,0.668120686763392
"SORL1",2,0.589769775323779
"LGALS3",1,-0.215854126631641
"PGD",2,0.721417234872473
"PRKAR1A",1,-0.0937051874449319
"TMEM123",4,-0.349062916679141
"PIM1",6,0.369874429851921
"FXYD5",16,-0.257041351359781
"PPM1F",2,-0.279487736904951
"NBPF10",0,0.285436654585781
"RALB",2,0.582594624446492
"ANXA2",7,-0.0204466575724553
"RAB2B",6,0.141045903647301
"PDCD4",1,-0.270021428923457
"KLF6",13,0.6794333678503
"HLA-F",1,0.192720310614084
"DPYSL5",18,0.0983846320867857
"ZNF69",15,-0.0210314211317934
"HCP5",4,-0.314428883172118
"CORO1A",13,0.799073746426905
"RHOA",1,0.245640665323269
"APOPT1",15,-0.139912264189028
"PSMB10",9,-0.389769612398449
"TNFRSF14",9,-0.67666252995604
"RAB31",2,0.457786891052161
"BLOC1S6",1,-0.177529485343414
"HBB",4,0.154997318798267
"C20ORF24",5,-0.0126343118715684
"GPR1",15,-0.0866161178837474
"RAB11FIP1",2,0.372916397479833
"RPL13A",4,-0.641652046845367
"EMP3",7,0.218799634794053
"CHST15",2,0.250059863642576
"LILRA3",2,0.187875293015699
"FFAR2",11,0.119457254079297
"E2F2",6,0.322939159208296
"OAS2",17,0.0787097624616295
"TMEM71",10,0.0371899410472344
"ATP5I",4,-0.429866069100361
"NDEL1",2,0.285181333078418
"IRF1",3,0.184204978987576
"HSP90AA1",3,-0.418732361166036
"HNRNPA2B1",11,0.0366239275497262
"ZNF652",1,-0.286909777404769
"ENO1",3,0.417933234257773
"YWHAH",14,0.0792505604023015
"HNRNPU",15,-0.0067251630884391
"HSPA8",5,-0.407487012949559
"COX7A2",4,-0.569399955861534
"ATP5A1",5,-0.360676479788525
"ADM",2,0.0898009099296314
"C1ORF162",8,0.00253910050961118
"NCF1C",5,0.593473664041963
"C6ORF48",4,-0.493917865562435
"KLRB1",4,-0.619582704610175
"SPOCK2",5,-0.00303677942030656
"NINJ2",6,0.341264233823377
"CDC37",9,-0.362324078790844
"UBE2D3",6,0.187685139754875
"EEF1A1",6,-0.391714315145369
"NEDD8",1,-0.146436365307207
"EFHD2",3,0.384250869596903
"GZMA",4,-0.356565780760568
"NAMPT",4,0.281367924964821
"MBP",17,0.126792880791486
"LYZ",18,0.0133019298277794
"IFI44",17,-0.0612761584896139
"GZMH",5,-0.0519838077702504
"LRRFIP1",15,0.139823363206375
"VCL",14,0.272940389414376
"ALDOA",13,0.820520488464254
"PGLYRP1",2,0.553747208182759
"HMGB2",1,-0.0965859452402792
"SLC25A5",8,-0.390089468597565
"SNRPG",4,-0.591719434584824
"ZMAT3",15,-0.0298112913999148
"DYSF",2,0.721298629966299
"DDX17",18,0.127042443312314
"LOC401357",6,0.248283311167471
"NOP10",1,0.0780807887228012
"CCR7",5,-0.230650079886243
"TSPAN5",6,0.382590663546235
"NINJ1",2,0.273808405823808
"CCBE1",1,-0.233116384848999
"CYB5R3",14,0.161997520358095
"CAPZA2",3,-0.308791008012137
"NRGN",14,0.371351495259213
"STAT2",17,-0.237927155393283
"RIOK3",6,-0.0105024249726093
"CHURC1",3,-0.48303801159327
"RARRES3",8,-0.282537144511075
"MAL",5,-0.441311334122907
"RNASE2",12,0.0720899723164433
"CNBP",11,-0.210347282055355
"KRT1",6,0.3553556720918
"UQCRH",4,-0.650914365411074
"CYTH4",3,0.554294697864968
"ARL6IP5",3,-0.737485792428874
"MT2A",1,0.394680164715552
"CLIC1",1,0.294232120985289
"SDCBP",4,0.58076217065093
"GNAI2",13,0.880900321672063
"HLA-DRB1",5,-0.0346746476189697
"SPI1",4,0.69126132025976
"CX3CR1",7,0.120001984577433
"OAZ1",3,0.130302188105185
"PLSCR3",16,-0.287926996440224
"UBN1",2,0.337518036406753
"EIF1",6,-0.0721838092051258
"PRKCB",3,0.517944693258671
"TMA7",3,-0.391849036418039
"STK4",3,0.446471412729878
"CHCHD2",4,-0.526010138234123
"CTSB",10,-0.128585667828551
"CARM1",6,0.227591460802869
"ACTR3",1,-0.106233946747805
"RSL24D1",3,-0.672720707618456
"STK40",13,0.856867551383018
"TNFSF10",10,-0.212098873246847
"SRP9",3,-0.605717047667944
"FCGR2A",1,0.110617744217948
"STRIP2",1,-0.121747837965759
"PCDHB9",1,-0.19091437933752
"TMBIM4",1,-0.224186777454958
"WDR1",3,0.511626691087842
"COX6C",3,-0.581724578165034
"HLA-G",1,0.0990600521737495
"FCMR",5,0.00151651123032932
"YBX1",18,0.153825909581154
"EIF3F",8,-0.373068953132228
"ATP6V0B",2,0.24608744763288
"RAB7A",2,0.465682392566776
"RPL7",1,-0.396415468476602
"GSTK1",8,-0.0710203439645016
"RAX2",1,-0.0670629916234746
"PQLC1",6,0.156648537516716
"TSEN34",2,0.298984280322259
"ATP5G2",4,-0.397689476810032
"NDUFB8",5,-0.46068465513461
"IRF9",17,0.475306594382458
"SP110",17,0.228844590130543
"IFNGR1",2,0.0769852749990676
"CSNK1G2",1,-0.265190282821107
"RGCC",6,-0.115936066743596
"CAT",1,-0.106086849490894
"NCF4",2,0.653906706166455
"HMGN1",5,-0.555096165759187
"MARCKS",5,0.133673882485534
"NUP214",7,0.0202626762126203
"CYTH1",5,0.112296753067341
"EIF4B",5,-0.227330514401635
"EVL",5,-0.336909890210206
"ZNF394",15,-0.0110444917778936
"MCL1",1,0.0656418258697509
"SIRPA",4,0.291767532893281
"COX6B1",6,-0.0475973306303761
"ARHGAP9",8,0.0826888745734248
"PCBP1",4,0.255076509549821
"PPBP",14,0.0377661336276136
"SEP15",3,-0.438249413195588
"SLC16A3",4,0.445839920593329
"CIB1",5,-0.398513435256635
"SLC12A9",2,-0.223364177711832
"ZYX",4,0.614769243887885
"CREB1",15,-0.103705972228905
"PTGR2",1,-0.0681815136645946
"ZNF786",1,-0.0922622614191884
"TMEM258",4,-0.255965568696945
"ACTR2",2,0.307702444571787
"MTPN",1,-0.0134846216324511
"EIF3L",5,-0.226242077967518
"TAP1",17,-0.0272125603724193
"NSA2",4,-0.567039879048494
"CRISPLD2",2,0.621007279755824
"SUMO2",1,-0.268647129371711
"IFIT1B",6,0.182032833117073
"PLEK",4,0.173310498112029
"MGEA5",6,-0.465225589334494
"DNAJB2",6,0.371765458840752
"ARGLU1",3,-0.733682324136666
"CD2",5,-0.0998559267419915
"XBP1",5,-0.0602766454987927
"P2RY13",8,-0.0616919060298745
"HNRNPD",5,-0.312642777120095
"BRI3",5,0.595750892368008
"CD68",1,-0.154510886009903
"SHISA5",17,0.661416449470411
"DENR",1,-0.0851963826888835
"SRP14",15,0.0363216589553639
"SLC31A2",2,0.435312716794674
"CLEC12A",0,-0.0393921203336347
"FAM49B",1,-0.0718111320070213
"EGLN2",2,-0.118848711149405
"TBCA",4,-0.454022809765772
"KPNB1",4,0.352860276142758
"SSR4",4,-0.455896605128568
"BPGM",6,0.000183478365773921
"C11ORF63",1,-0.076135084271701
"HPCAL1",6,0.18281059981666
"PLIN3",4,0.482379628141237
"LIME1",5,-0.525364897352505
"ULK1",2,0.153869491047882
"PACSIN2",2,0.231390623918062
"ZFP36",4,0.2325124982806
"SSTR2",15,0.0210227553730638
"EIF4G2",1,-0.184935950752222
"ITGB1",4,-0.454187810081574
"TLR1",1,-0.0649743161644317
"APOBEC3A",1,-0.0532289420168103
"LAMP2",10,-0.173441416460271
"LDHB",11,-0.315960482011292
"CTSH",12,-0.108172250709337
"TXN",7,-0.0494656747064222
"MKNK2",4,0.507777550793711
"TMEM140",2,0.544324280367408
"CD93",2,0.451747955522845
"ABTB1",8,0.10365542044194
"C5AR1",2,0.750090387697222
"PIK3IP1",5,-0.123097975854114
"DCLRE1C",1,-0.0877242315048657
"SOD1",5,-0.220416202845845
"TGFBI",12,-0.079798508479372
"OSTF1",2,0.451897362731145
"CMTM7",9,-0.170435276253045
"DOPEY2",1,-0.191243337404856
"CD79A",5,-0.0160776549201227
"LFNG",7,-0.062147376215522
"LILRA2",4,0.147759575860792
"ARHGEF18",16,-0.08328822216792
"EIF2AK2",17,0.10276335713141
"FAM53C",2,0.128714315931938
"RXRA",3,0.587385787390835
"EIF3B",6,-0.135618366984139
"DENND6B",18,0.0520345741652346
"MX2",17,0.433445629347882
"YWHAQ",5,-0.521731481168384
"GNG11",14,-0.127773232998569
"MAT2B",3,-0.57626249186306
"ZNF483",15,0.0204169226759036
"CD8A",5,-0.00342094604177718
"GMPR",6,0.214691728026583
"PLAC8",2,-0.518475168892928
"HLA-DMA",12,-0.490435842207867
"SESN3",6,0.12424573657753
"ADD1",6,0.389775020287478
"SSH2",2,0.601401459550111
"ALKBH5",16,-0.0333760353722288
"SMIM14",1,-0.18200585581944
"SLC44A2",4,0.330350421677576
"PRCP",2,-0.120981389269328
"GZMB",5,-0.0545173016339065
"LAPTM5",1,0.476176319539739
"PFKFB4",2,0.335948760604312
"ARL16",1,-0.241144863177753
"PHF11",17,-0.208615846009078
"PIP4K2A",6,0.360005462596896
"RGS10",6,-0.0114374876768125
"NDUFA3",1,-0.0285676599042827
"RTFDC1",2,0.545902499981645
"RPL22",5,-0.282882602380954
"SDPR",10,-0.23849795750769
"SS18L2",4,-0.578075202172863
"LPXN",5,-0.128358900173336
"IL13RA1",2,0.565176294505042
"TUBA4A",4,0.209566114240929
"CD79B",5,-0.282063105998017
"STOM",6,-0.0779704534848444
"NT5C3A",10,0.0704293591052527
"CST7",4,0.3036105502883
"ATP5O",4,-0.615456700800285
"IKZF1",7,0.148132544893546
"IL10RB",6,-0.0496347868878132
"MTCH1",4,-0.482750483327501
"ZNF557",1,-0.0726326449815524
"ATP6V0C",6,0.582081661698252
"PJA2",10,-0.00315906339176371
"APBB1IP",2,0.86236202946899
"RPL14",1,-0.463532288369493
"GSTO1",12,-0.386056499059815
"ID2",11,-0.231040613470368
"UQCRQ",4,-0.579477906080185
"GYPB",6,0.10834334434415
"CXCR1",2,0.725506558781993
"SNRK",10,-0.0742892199011893
"NOSIP",5,-0.144035323834262
"STK24",1,0.183577989479092
"TNFSF13B",1,0.025342922240593
"PYGL",4,0.322050671615393
"PSMB3",1,0.430274278259339
"ATP6V1G1",3,-0.654005975444129
"IGF2BP2",6,0.268991543815838
"CDA",2,0.6521590741463
"GZMK",5,-0.376171874318853
"FYB",3,-0.228888205683686
"NCF2",1,0.0763713226765532
"ADAR",8,0.193619548132948
"NPRL3",6,0.214847862342045
"JCHAIN",0,-0.281602053975338
"MAPKAPK3",1,-0.287040959715019
"CKAP4",2,0.44506226804436
"FCGRT",2,0.727026743974579
"UCP2",6,0.6244172025026
"SPCS1",8,-0.193109277951846
"CDKN1B",3,-0.348904099172836
"ODC1",6,0.254454847615702
"DMTN",6,0.556392265884835
"DBNL",4,0.381712083326096
"GPSM3",13,0.868098801987629
"SEC61B",3,-0.356172395798029
"TRIM58",6,0.2842116237634
"COX8A",8,0.0283307359233099
"HBE1",18,0.155635460379286
"SEMA3E",15,0.108086309993713
"ZNF467",2,-0.0637215490174861
"CD55",8,0.166087448947135
"SEMA4D",2,0.53595578419475
"SHROOM4",15,-0.0132111795253945
"MDH2",5,-0.515226054760521
"CASP1",17,-0.234973712777341
"EDF1",8,-0.106290148867994
"TRABD",9,-0.428108237642588
"MRPL33",4,-0.523985801487403
"RTN4",10,-0.0540508053281107
"ROPN1B",18,0.266588376741147
"CDKN2D",6,0.373971338968804
"RBX1",3,-0.49321665872056
"NFKBIZ",3,-0.184807493930456
"GSTP1",12,-0.39460109300396
"H2AFZ",18,0.0399279368768019
"SLIRP",4,-0.461963089453586
"MCUB",4,-0.701413553228049
"C12ORF57",4,-0.451973253011818
"VPS41",1,-0.106861717784528
"XAF1",17,-0.0823343562542411
"SPSB3",9,-0.534313794095144
"PTBP3",1,-0.0153330118633017
"RUNX3",5,-0.104429602751901
"SRSF5",4,-0.573391515399923
"NDUFB2",4,-0.476340568722059
"GIMAP2",3,-0.498415474255188
"NUMB",2,0.155643801665155
"CA4",2,0.248406374111061
"CD24",12,-0.0867398293388076
"CD37",7,0.637400807832338
"RASSF2",2,0.746708042433042
"SHFM1",4,-0.502868969706612
"C2ORF88",6,0.129092714994867
"COX5B",8,-0.359763911111702
"SH3KBP1",3,0.662196183989924
"ADAP1",2,-0.271332529001654
"FNBP1",16,0.0569381680674233
"ELANE",12,-0.0207571962939742
"CALM3",16,-0.0814835531371683
"PHF21A",2,0.267156072515933
"RPS4Y2",1,-0.216351792544806
"UXT",4,-0.209815125977173
"RAD21",1,-0.271594130410374
"CYFIP2",16,0.280124223051133
"PSMB1",4,-0.533214751770906
"B4GALT5",2,0.602865035450128
"MARCH2",6,0.384327542703724
"TAPBP",3,0.650195099562267
"RHOQ",1,-0.120961750722425
"VPS51",9,-0.240561263883328
"PSMB9",15,0.0997914489250229
"CDC34",6,0.406345670398534
"CSF1R",10,-0.084732485194118
"HMGN2",1,-0.213763076538403
"AES",7,0.22095239213899
"GRN",13,0.824787666552373
"NDE1",2,-0.101570167299013
"DPEP2",2,0.539050424658276
"TPD52L2",2,-0.37367821483268
"HEBP2",1,-0.266035767582351
"MAP3K7CL",10,-0.00767743918792817
"NDUFAF3",14,0.0160240770428341
"LAMTOR5",10,-0.207834493026895
"XPO6",2,0.688882443179854
"QARS",9,-0.635110693357323
"ATP5F1",4,-0.422787382156464
"RPL13P5",11,-0.361027494413633
"CD151",14,0.14407697662706
"KLRF1",3,-0.529883140247454
"NDUFB3",10,-0.112177703408009
"DUSP6",1,-0.169830021953524
"TEX30",3,-0.418220401439489
"VAMP5",12,-0.233792224158488
"NFKB1",16,0.203152147518049
"UBE2F",6,-0.180434982571957
"TNFRSF1A",13,0.76229455128337
"RTN3",2,0.373434601388632
"HCK",4,0.631975316522927
"PRKCD",3,0.532085823851811
"LSM1",3,-0.604544355975965
"ILK",14,0.408973134959061
"DDB1",6,0.127599268740715
"DNAJC8",5,-0.452646369568805
"PTGES3",11,-0.280372071488616
"GABARAPL2",1,-0.0533733395497071
"MATR3",3,-0.63796177329855
"PDZK1IP1",6,0.390557099078879
"OSBP2",6,0.260178291154718
"ESYT2",5,-0.212869946867081
"KIAA0430",3,0.576669851341823
"RAB8B",3,-0.331371700138357
"CASP4",1,-0.170725397713315
"CAB39",2,0.14291248352734
"ARG1",2,0.346521963631704
"NPTN",10,-0.33138283329706
"IRF2BPL",15,0.0858231721929377
"RN7SK",1,0.214115356759882
"ATP6V1A",2,0.249724412745206
"AURKAIP1",1,-0.291392835727881
"FGFBP2",5,0.00896612024764773
"TMEM183A",6,-0.0964307296460592
"DOCK2",3,0.196998406572422
"MSRB2",2,0.099388180535988
"FPR2",2,0.429303727613845
"PLA2G2D",1,-0.14995139191435
"ATP5J",4,-0.478083138592476
"CD6",5,-0.0837683870380312
"CREG1",6,-0.0173478082705789
"DAD1",1,-0.206720656798312
"TGFBR2",14,0.00407475390904961
"RPS23",5,-0.186221892531421
"HIST2H2AC",5,0.201784916454837
"CXCL16",2,0.235182937418708
"GRINA",6,0.683517287440524
"RASSF5",13,0.740732428421473
"DBI",4,-0.443662996134657
"SRSF6",9,-0.50943876679748
"STX16",4,-0.41753716847246
"CCM2",2,0.0221281818405501
"EVI2B",1,-0.038126988507896
"TRIM22",17,-0.0530318256605199
"RNASEK",3,0.57551959798744
"S1PR4",2,0.777019212516401
"CREB5",4,0.259281262650117
"EIF3M",1,-0.47333947093642
"NONO",7,0.0161846184359523
"TMOD1",6,0.0843504034555743
"ATP5H",8,-0.209858065580589
"TMEM158",6,0.0962028643445709
"HIST1H2AC",2,0.189941701068091
"PLCG2",2,0.400183012730605
"GYG1",2,0.268916945294127
"ATP6AP1",2,-0.0782455030297711
"POLE4",4,-0.567949676340336
"MARCH8",6,0.163156146772786
"PRNP",3,-0.617065679213912
"TYK2",2,-0.00465452266092686
"TMEM183B",6,-0.165840937064324
"ISCU",6,0.161699706845817
"LYSMD2",3,-0.534938740956674
"ADD3",3,-0.428972200374988
"PPP1CC",3,-0.835586381772327
"STX11",9,0.39429132567153
"SEC11A",4,-0.567239484168359
"HSD17B11",1,-0.169497836341972
"CDC42SE2",11,-0.263029918466196
"RAB24",2,0.0613548697587471
"LEP",1,-0.138694037115313
"CALM1",7,0.222245610056102
"CMIP",3,0.350858540858585
"KRTCAP2",9,-0.564427514999482
"CSTB",1,0.246808799047025
"YPEL5",10,0.157260157621992
"ADGRE3",8,0.273668816951528
"CARHSP1",6,0.152496749300463
"GBP5",17,-0.105912831699009
"CUTA",5,-0.238389433350672
"RYBP",2,0.49786523661277
"CHMP2A",4,0.622984612909966
"LAMTOR1",8,0.2545667385795
"GLRX",3,-0.395463667267849
"EIF2AK4",1,-0.128030458532452
"MBOAT7",4,0.671626100102422
"SEPT2",16,-0.326124056614216
"PTPN6",11,0.746029154066943
"RAB5B",13,0.811200376069571
"SH3GLB1",2,0.476582406436272
"ATP6V1E1",1,0.280240289181293
"BABAM1",6,0.233537503825499
"CD36",12,-0.34740913790464
"RNF24",2,0.845985700357002
"LAMTOR4",10,0.0175685144947263
"YY1",1,-0.269600759503825
"DEF8",2,0.569412642191593
"EIF3K",2,-0.32815539093555
"GDI2",1,-0.2650438384724
"PPP1R15A",2,0.14780329293542
"ANKRD13A",4,0.520088746919858
"PSMB8",1,-0.187977054258743
"SVBP",6,0.1160765725859
"ZNF669",1,-0.038214797404749
"PCNP",3,-0.550923434874198
"LAMP1",3,0.589696224873461
"ARPC4",1,0.493303167969043
"RAB32",12,-0.188980924972774
"GSTM2",5,-0.0463706778769157
"SLA",8,0.111706057376217
"MORF4L1",11,-0.296802566798599
"GIMAP7",1,-0.227315494633846
"ZFAND5",4,-0.130278851884999
"MARCH7",10,-0.0720057185712043
"TDP1",15,0.0273018895646804
"ELOVL5",1,-0.0705898735541731
"MS4A7",12,-0.368245386851204
"VPS29",3,-0.624943691527991
"ICAM2",8,-0.0879378466057483
"ADAM19",3,0.689040845173616
"TMSB4X",1,-0.060456422084162
"ERGIC1",8,0.235634284081641
"AHNAK",2,-0.250308032710169
"SRSF2",4,-0.574230368035415
"NDUFB5",4,-0.564755889354383
"TMX4",4,0.547619094297106
"MTURN",14,0.0695468842110348
"COX5A",4,-0.536984987824221
"PICALM",8,0.125596079806477
"TAF15",1,0.123757444527992
"ARL5A",4,-0.58959648537614
"ARHGAP15",18,0.173370533033735
"CHPT1",6,-0.010728624702295
"MAP7D1",2,0.276711687517524
"PNP",6,-0.00752679874026815
"MIF",2,-0.348448671524775
"LRG1",4,0.253717340216653
"GSTM1",0,-0.018925536369988
"TBC1D32",1,-0.0432069456710358
"LUC7L3",3,-0.494486223386208
"EIF2S3",8,-0.168591583514503
"PRDX6",1,-0.130274296714626
"SEC61G",4,-0.609376328688759
"BUB3",5,-0.637043072319817
"SIPA1",2,-0.0649097962271582
"WDR74",1,-0.153115169531197
"OLFM4",12,-0.105612123214949
"GHITM",3,-0.445359476945776
"CSK",3,0.679165368911045
"GIMAP5",5,-0.148005425137477
"FAM96A",4,-0.549705719183226
"LDHA",7,0.158827874315781
"TPI1",7,0.456243231103349
"PCNX1",2,0.455446486349541
"G6PD",4,0.620160262798209
"LMOD3",15,-0.0793541566882254
"KIAA1551",1,-0.101978910822456
"IQGAP1",4,0.330092319215837
"PAIP2",10,-0.114960524197745
"SFT2D1",3,-0.205782167675064
"ZNF148",3,0.464495209776147
"ALDH9A1",16,0.0466030164109042
"ARAP3",2,0.0677347744093083
"HNRNPM",7,0.235369294253813
"PPA1",4,-0.45016296079677
"ARF1",4,0.0985482867735348
"TUBA1C",3,0.612020186011932
"CCND2",5,-0.11110777668064
"SNAPC1",1,-0.181124580069971
"F13A1",14,0.113485314077345
"HELZ2",17,0.259851986794665
"CHRNA5",15,-0.170148120504848
"DDX39B",7,0.206083000586163
"COX7B",3,-0.53736363809038
"SYAP1",1,-0.195822301667619
"CXCL8",3,-0.331859433596335
"TBL1X",3,0.582239969042445
"CNIH4",3,-0.461836339349614
"PPP3R1",6,0.171105123615157
"SLC15A3",2,0.363797964768046
"RAB10",3,-0.594479204495712
"RWDD1",4,-0.376998341641165
"ZMAT2",6,0.298423503299452
"FAM120A",1,-0.349516535408415
"NOTCH1",2,-0.272735003026443
"SEC14L1",4,0.512737757822303
"RNF10",6,0.452581408620981
"RNASE3",12,0.00238545273599967
"NAGK",3,0.219539624944378
"TNS1",6,0.438687561540761
"ACP1",6,-0.108193791765974
"DHRS7",4,0.257995738776809
"GNG10",10,-0.014439561938632
"ATP5J2",3,-0.427552598901986
"FCGR1B",0,-0.0771943389877093
"RSRP1",1,-0.277007366627041
"EIF3D",8,-0.127229535657739
"TBC1D10C",1,0.290768735451181
"TPST2",14,-0.0887173779864206
"ARHGEF3",5,-0.35550285583858
"EIF3G",8,-0.202169607092668
"SGK1",10,-0.129298040346336
"PPP1R11",1,0.44110459120108
"HEXB",8,-0.0836086330289456
"RNF130",1,0.0615430598096196
"ANXA11",2,0.194099804180319
"CTSS",1,-0.151711415145414
"CEACAM8",12,-0.0139334894079304
"SLAMF6",5,-0.275426696166641
"MS4A3",12,-0.0710675222347608
"TSPAN32",9,-0.355437066486107
"ARHGEF2",3,0.682478648641794
"UBE2M",6,0.1482217277531
"TMX1",3,-0.668481381847402
"CDC42",1,-0.0786048866898355
"DPM2",6,0.382749122250949
"CTBS",8,0.19301006345962
"TXNDC17",3,-0.487443472740991
"TXNDC12",4,-0.204922225939875
"IMP3",5,-0.469520890376978
"CLEC1B",14,0.137337941873409
"ADGRG1",7,0.284496078390541
"MT1A",1,0.317807279588338
"TLR8",2,0.289302872200774
"ATP6V0D1",3,0.638742036359499
"EIF1B",6,0.122392672515593
"SH3GLB2",6,0.225906346663493
"CXCR4",1,0.311989549592032
"USP10",2,0.327362353183629
"SYK",3,0.582899677481167
"LRP10",4,0.71510688830025
"CAPN1",4,0.283878106473022
"STAT3",2,0.575580530515741
"PSME2",2,-0.455597961489795
"ARHGEF6",16,-0.137294989649747
"PTGS2",10,-0.213450773901516
"IMPDH1",3,0.601087440213155
"STXBP2",13,0.905692921158423
"HSPB1",18,0.106919581120395
"ITGAX",2,0.512471335815859
"MAP4K2",1,-0.0545451948690594
"ARPC1B",3,0.502361388346866
"CNDP2",16,-0.0689031400467315
"TMEM59",3,-0.295323462886231
"HLA-DRB6",11,-0.124921292687944
"DYNLL1",2,-0.428233896464117
"DPYSL2",3,0.123695247197586
"NAP1L4",7,0.05325071378961
"PSMB6",9,-0.407286288568722
"OSBPL8",1,-0.0605764162362661
"TFDP1",6,0.0158825449228896
"ARHGAP30",11,0.371120534745892
"NRDC",2,0.57012014889734
"TMEM91",2,0.196453435723067
"MRPS6",5,-0.635827654666062
"HOPX",3,-0.349065803410032
"DYRK2",5,-0.3333507196887
"NDUFS5",4,-0.566325486982318
"FECH",6,0.0354949649426399
"ROMO1",4,-0.317716808102407
"FIS1",6,0.176684945975302
"SLC38A1",5,-0.0737557495855256
"MAPK3",2,0.271612150514337
"SERPINB1",5,0.0671565879222213
"HECA",1,-0.0901990779334822
"IFI30",14,0.0981677372987622
"RSAD2",17,-0.0688592519843742
"DARS",5,-0.212864125461688
"DCAF6",6,0.302382902472504
"PFKFB3",2,0.369723695126983
"REXO2",6,-0.0882783080563617
"TST",2,0.026660731665287
"COMMD3",4,-0.622620155947372
"PRDX1",5,-0.268499480852069
"TMEM14C",4,-0.66935784314917
"TMEM256",4,-0.566610753873012
"ZBP1",17,0.115583501404603
"BIN1",5,0.0238166275648692
"TPRG1L",11,0.143466410023611
"GRAP",5,-0.25903068694655
"AGO2",11,-0.0242508377220188
"ABCA1",2,0.105476352270288
"PPP4R1",8,0.306366396252741
"PPP2R5A",2,0.209849510424787
"CD7",5,-0.312768888151062
"DENND5A",2,0.352148777612343
"SERPINB6",12,-0.493141634700704
"UQCRFS1",4,-0.271153347552046
"SIAH2",6,0.0633029357527575
"PPP2R3C",1,-0.31474647770154
"HIGD2A",2,-0.268153126836974
"ATP6AP2",3,-0.15030541156654
"HDAC1",16,-0.11424738912174
"HMBS",6,0.0420061192636066
"FBXL5",2,-0.0071237859008831
"LEF1",5,-0.15476504774971
"CCDC130",9,-0.532754606402899
"ATP5D",7,0.292088585587591
"AKT1",11,0.305001890717767
"EZR",16,-0.137044207813591
"PRF1",7,0.256456630432537
"MBNL1",3,-0.355738387052426
"GOLGA8B",5,-0.458218213990543
"CTDSP2",4,0.383566411539738
"MFSD11",15,0.0573958188688276
"WARS",3,0.184498583454166
"DEDD2",4,0.0684323926966514
"FAM107B",4,-0.048746785797903
"MYOM2",0,0.018716940002785
"CLEC4A",3,-0.373276063378316
"FERMT3",3,0.717017437695517
"RALGDS",9,-0.320535156655325
"ADAM15",9,-0.492532092553997
"FKBP1A",11,0.542287161446725
"GNA13",1,-0.111263061144794
"ARHGAP25",2,0.640094296460802
"SNX10",3,-0.225807722468101
"CYSTM1",2,0.433376819609526
"BIRC2",3,-0.484202847754615
"ITK",5,-0.139377451100545
"DDX3X",15,0.0340111156017083
"NT5C2",1,-0.0995058493926994
"DEK",3,-0.563141190399396
"SNAP23",1,-0.118813800420427
"CHSY1",10,-0.0547623072000206
"PILRA",2,0.720006861222279
"ANXA5",15,0.208755253164763
"RFWD2",2,0.0114100638811426
"MARC1",2,0.400145828873506
"MAT2A",4,-0.526112462661033
"PCED1B",5,-0.121354137258935
"DUSP3",12,-0.347307423238642
"RPIA",6,-0.103700684150904
"CAPNS1",3,0.652149681228323
"IMPA2",2,0.560926381376147
"YTHDC1",4,-0.0637020516014277
"RBM5",18,-0.0402722205221502
"TNFRSF1B",4,-0.0715858395126067
"CPPED1",1,0.272506602346408
"SSU72",9,-0.361585549768894
"SNRPF",4,-0.55876537080248
"ABLIM1",5,-0.0473492790466507
"POLE3",5,-0.637361332280381
"EIF3H",4,-0.623544722987365
"FAM63A",1,0.0791823262168134
"RPL23AP32",1,-0.12389200815152
"SNRNP70",5,-0.236033492907573
"SRSF9",4,-0.173866463434286
"DYNLT1",10,0.100048726671561
"UROD",6,-0.029157608366302
"BNIP3L",1,-0.265602992077092
"REEP5",3,-0.610711656327843
"SLC25A3",8,-0.15827544295665
"CCNY",15,-0.0624970100942059
"WIPF1",1,0.0509269762441945
"CDC42SE1",2,0.220107876191014
"DDT",4,-0.427427348782737
"STAU1",1,0.0827145132632893
"CCT8",8,-0.180941320949136
"HMGN4",4,-0.426903217622921
"PTPRE",13,0.469182514605886
"SPOP",1,-0.078153161049241
"LMO2",1,-0.298436359431772
"WAC",1,-0.0436894871319276
"RAB8A",3,0.468677120853645
"PDSS2",18,0.0542520675040915
"UBE2E1",3,-0.728872106969338
"ANP32A",1,0.0776584850314488
"NCL",7,0.130311882502778
"DEGS1",3,-0.657557514133296
"PYURF",4,-0.52703768287824
"IFI16",4,0.296823676212879
"ATP1B3",11,-0.393041984622189
"NDUFAB1",3,-0.577886039808239
"GAPT",0,0.00832059665025076
"TM9SF2",1,-0.101537380099503
"CDC25B",5,-0.0350712528653903
"HPS1",6,0.266620741688194
"REPS2",2,0.532622673536482
"PABPC4",7,0.0825189192102525
"RNASE6",5,0.166640404333274
"ZNHIT3",4,-0.587981227391982
"FLOT1",2,0.731254621881454
"GAK",9,0.107450485852174
"TRAPPC5",6,0.0238802113627431
"MRPL57",1,-0.0558710447792185
"VDAC3",5,-0.36097673316496
"TACC1",17,0.0633171175056337
"SQSTM1",6,0.252646876621375
"CIRBP",7,0.0958672740140824
"SVIL",2,0.226172187993315
"CASP2",1,-0.176675699983821
"PSMD4",6,0.298775103198389
"CNST",5,0.0256891528659113
"BAZ2B",10,-0.185028384029701
"HSP90B1",5,-0.21119490577135
"ANKRD9",6,0.0914401657590853
"EPN1",4,0.545085897318394
"MMD",14,0.0090117243408661
"MTMR3",2,0.670774986682571
"SKAP1",5,-0.289928729982696
"RAD23A",6,0.267497487078162
"NPL",2,0.311063346483619
"SUMF2",9,-0.360522165400045
"SNX27",2,0.241408909431727
"STARD7",4,-0.375822244179259
"SIGLEC10",4,0.11284081948336
"SUZ12",3,-0.44235662393057
"CCZ1B",1,-0.151842070838386
"RPS6KB2",13,-0.620758339812857
"HDGF",6,0.349316416909551
"CD164",1,-0.287569222468688
"CREBRF",2,0.537054621161435
"PTTG1IP",4,-0.100650291855613
"DNAJA1",1,0.0102787914045761
"ZDHHC18",2,0.63687188162916
"CMPK1",3,-0.473268484065096
"NAPSB",7,0.102285033208255
"ATP6V1F",8,-0.184556471758823
"TCN1",12,0.208142256932446
"PELI1",2,0.141895869687114
"LRCH4",2,-0.161790449854294
"GPR65",3,-0.384303326395924
"SLC25A44",4,0.139319119308017
"NDUFB11",8,-0.288062996759258
"LY86",2,-0.112090573724519
"ANPEP",2,0.634739502252122
"HK3",5,0.487182504697778
"PTEN",2,0.274998996529307
"FBL",5,-0.638601489450201
"IRS2",2,0.455097888642349
"ECHDC3",2,0.437547628283931
"DRAP1",7,0.433047871494351
"HCG27",2,0.13484239006629
"STX10",2,0.612833158331211
"TDP2",1,-0.0467078303025973
"WDFY1",3,-0.481239920888749
"RBM47",1,0.0451647342793782
"HNRNPUL1",3,0.422563899741099
"PNRC2",3,-0.644578257926205
"GOLGA7",10,-0.250083390562858
"PIM2",1,0.187184510035992
"IGSF6",4,0.494019628303871
"SRPK1",2,0.184459866024664
"SAE1",5,-0.215926517546479
"PGGHG",2,0.426068249556889
"IL32",7,0.0798597060462803
"PCID2",5,-0.41171002226795
"PLAUR",2,0.464343470366256
"LRRC25",3,0.320101447600074
"TRIM13",15,-0.0634060827897073
"RGL4",2,0.493992202490947
"RAB33B",3,-0.221852236330418
"GNB1",6,0.263688483517579
"TBXAS1",5,0.484883752061686
"KAT6A",3,0.484430495858486
"PGS1",2,0.277524839473588
"TMEM205",9,-0.435038325560031
"PLOD1",2,0.262480315379947
"SLC40A1",10,0.100662431512399
"RNF149",1,-0.128499441252505
"NMI",3,-0.233995623019984
"TMEM86B",6,0.350106517228447
"TP53INP1",1,-0.0966456509701754
"TMEM14B",3,-0.583792999995624
"CSNK2B",1,0.40384980744769
"FNBP4",5,-0.390088131130549
"CLCN7",9,-0.399446239604651
"STAT4",5,-0.100363620079925
"CLK3",11,-0.118537972976813
"MFNG",5,-0.254365762815683
"RPA2",5,-0.250310120097437
"KLHL8",2,0.321961697691402
"MATK",5,-0.535376601661862
"C14ORF159",2,0.373523993317891
"ZNF577",15,-0.0534160291534216
"RBM22",3,-0.322574407230265
"PRKCH",5,-0.0316266853047109
"PPIB",1,-0.171791716802376
"APAF1",1,-0.00487659689470133
"CHST13",7,-0.222323461759708
"IL2RB",5,-0.114235957566963
"WLS",2,0.155251636450034
"ISG15",17,0.0134606852540413
"IRF8",8,-0.382179744968747
"BANF1",7,0.21220641024372
"VNN3",2,0.130051934344706
"DECR1",1,-0.221666666582818
"ARID3A",2,0.609487944257176
"MCOLN1",6,0.479614782894656
"MVP",2,0.657019672223639
"PSMA4",3,-0.47481160354401
"AP2M1",6,0.528366441183787
"SLC5A8",1,-0.0792908846766174
"MFSD10",9,-0.328416046311457
"YIPF3",1,0.194065984327372
"ATP6V0E2",5,-0.275820514695966
"CHIC2",2,0.0983191143388677
"TRIM25",11,-0.0296803928103493
"DOCK8",3,-0.234982258831153
"PSMB4",4,-0.270532085590139
"TRMT112",3,-0.569915948677782
"SUMO3",8,-0.355961076671114
"TRMT5",4,-0.244863018973868
"RBM23",2,0.802447626109665
"TCIRG1",2,0.62396445336411
"SP3",1,-0.252838978156128
"MDH1",5,-0.235645272597965
"MFSD1",12,-0.267750206468435
"SF3B5",4,-0.378811263382072
"PUF60",16,0.0751397829682205
"STK38",1,0.25179919064426
"NCSTN",3,0.380524717053751
"ATRAID",8,-0.448401852375326
"HSBP1",4,-0.435856862513428
"SRSF4",7,0.391423899938813
"MBD6",2,0.542118674419395
"SRRM2",7,0.375052146935785
"TMEM179B",7,0.219398034012521
"TAX1BP1",6,-0.107926499281129
"LIPA",7,-0.0373265467812257
"PRICKLE4",4,-0.688379472553524
"HLA-DRB4",12,-0.122732161862473
"MOB3A",2,0.279976725124124
"TRAK2",6,-0.072422223470317
"BEX3",14,0.075681885373597
"PCMT1",3,-0.484261315809386
"USP3",2,0.232937772812838
"APEX1",8,-0.191193230327788
"PIK3AP1",1,-0.179803155456496
"FAM46A",4,-0.331873668657663
"UBXN1",7,-0.0359411701858315
"MAP1LC3A",2,0.482626775497611
"MAPRE1",4,0.381717161926804
"TMED3",9,-0.648989198985075
"PECAM1",2,0.539732069591404
"PPM1B",10,-0.296291900162223
"OAS1",17,0.119255906101274
"KHDRBS1",5,0.0643695005363614
"GBP1",17,-0.0534607577668987
"ITGAM",4,0.650675151490752
"SKAP2",1,0.134629777157297
"SERINC3",11,0.525463976724338
"FDFT1",6,-0.130649608048864
"UBL5",3,-0.372769393798502
"DHX15",5,-0.67328238935118
"NARS",11,-0.387640280049532
"HIF1A",1,-0.0139991608228501
"IL18R1",2,0.276373417094265
"EIF5A",6,0.133444644440202
"TMEM230",4,-0.358965391436051
"ACRBP",14,0.272670166107234
"TUBB",16,0.0838348861232514
"AKAP7",3,0.0209431275659094
"PTGS1",14,0.184041345514519
"HIGD1A",3,-0.395318001527521
"ECH1",7,0.126151230038925
"PGRMC1",14,-0.0676689866374245
"COX17",4,-0.427410163189406
"C17ORF62",2,0.704721203285246
"DENND2D",5,-0.114020213940323
"GSDMD",9,-0.522079647197657
"TIMP2",3,0.469217459333945
"SF3B1",3,-0.443751608154978
"ITPRIP",2,0.526748866427167
"SRXN1",6,0.445711010044608
"SLC15A4",4,0.358099319524079
"TRIB1",2,0.610670227435938
"NOL7",5,-0.547519836324861
"CPD",2,0.120401452848565
"NDUFB10",11,-0.239462217151033
"RPN1",1,0.0161539788949205
"SLC43A2",2,0.167865013099529
"LILRB2",2,0.262018234746566
"CDKN1A",14,0.0729126452403492
"BLOC1S1",5,0.482107793159663
"NEDD9",1,0.0606138435959584
"COPS3",6,-0.0664243335144723
"VKORC1",8,-0.0375170905314597
"GRAMD1A",2,-0.0967887480455573
"RAD51",1,-0.114637039518407
"PSMC1",1,0.0273869605484494
"FMC1",15,-0.167394146957004
"PTGER4",3,-0.536196548859569
"STK26",3,-0.508423224948467
"PHC2",2,0.674514712051399
"MED25",6,0.790250428262
"FOXO4",6,0.557580970476993
"LEPROTL1",5,-0.436339600100714
"THOC7",4,-0.458966652002274
"RARA",2,0.694519429925913
"CENPB",9,-0.65829883298027
"JMJD8",16,-0.182657968401311
"CCT7",7,0.129684498235185
"NAA20",4,-0.746032064501684
"DCP2",10,-0.360031760026514
"MXD4",9,-0.474501439859457
"TNIP1",6,0.598362168570032
"CSRNP1",11,0.237406912007958
"GMPR2",1,-0.129868851361745
"PSMA5",8,-0.226950921864304
"YY1AP1",6,0.289396720555172
"UBAP1",6,0.576619156678942
"NUP62",16,-0.0690797051579644
"GATSL3",18,0.516063416379187
"PDCD6",5,-0.126756392403593
"MKNK1",2,0.444731309495107
"EIF4E3",2,0.26317152293665
"RPP21",9,-0.574840188747785
"TBC1D14",2,0.493059267755384
"AKNA",13,0.787790126026545
"CCR3",13,0.344645473011949
"ELF1",6,0.0376477867127644
"LCOR",1,-0.166503517730687
"ITGB7",7,0.189534371551457
"SRSF11",1,-0.277664986313906
"E2F3",2,0.246354548666682
"GLTP",4,-0.373901311275616
"BICD2",2,0.177442374812688
"TINF2",1,0.215805950164627
"NAPRT",2,-0.388649741375011
"OCIAD2",4,-0.398488850275133
"TLR5",2,0.0969383391001241
"SEPT7",1,-0.119482340296149
"ST6GALNAC4",6,0.416738249647049
"ST6GAL1",5,0.0119658464682491
"FOXN2",3,-0.48355416755352
"SLC20A1",8,-0.34625575655405
"GPBAR1",12,-0.241213277918394
"IST1",6,-0.0419340453625307
"TMEM126B",3,-0.759584752361883
"PARP12",17,-0.204285101366227
"BCKDK",2,0.190577920714962
"AZIN1",10,-0.154809766933894
"AGAP6",4,-0.385824898428786
"ATG12",4,-0.248820550896619
"ASGR1",12,-0.431023187895819
"OSCAR",3,0.660947393781649
"TRAF3IP3",5,-0.0998200189417962
"ADSL",9,-0.650188392648111
"RBM10",4,0.121557004466318
"APMAP",2,0.460065069952413
"SELK",6,-0.261635472545253
"HSPE1",11,-0.462218149126191
"PAPOLA",1,-0.464685819559305
"HSPD1",5,-0.567093610853255
"PRR5",6,0.520856807580881
"PSMA1",4,-0.555858836319556
"SLC2A11",1,0.243849604282793
"ERGIC3",8,-0.0321639672213602
"CYBB",12,-0.354071740754951
"CNPPD1",6,0.361920029454737
"MLKL",1,-0.535180015158726
"SLC9A3R1",4,0.267695650152209
"LAT2",2,0.432330961941711
"SRRT",16,-0.270557964184237
"VPS37C",2,0.24734769733102
"AKAP17A",5,0.0463379482897362
"IL1RN",2,0.527715533440692
"TLN1",4,0.421783013001268
"LOC606724",3,0.699257317558607
"NDUFA12",4,-0.517739038256442
"THAP12",4,-0.461088593091982
"OSER1",2,0.549020321330015
"GALNT3",15,0.135411679067565
"DHRS4",8,-0.203267816907999
"TANGO2",6,0.334771833110191
"GATAD2A",3,0.514145563076373
"UBE2I",1,0.100672102985119
"MYO1G",7,0.503734012646578
"RTF1",18,0.135033739188311
"SGSM2",9,-0.403640778778812
"PARP4",3,0.433763099310172
"CD300LF",7,-0.313772232260595
"DNMT1",5,-0.413534460956401
"VWCE",6,0.397980644024327
"VEGFB",5,-0.314548641809454
"STX3",2,0.271611355923738
"SLC38A2",3,-0.53302341482873
"CYP27A1",8,0.0866817698058371
"HYKK",15,0.146972548978262
"XK",6,0.115508036574812
"MGAT1",1,0.563563353516977
"SAMD9",17,-0.100014308177666
"GABARAPL1",2,0.409235308693207
"MAPK1",2,0.352918578088582
"ACSL4",10,0.0278778288004899
"ENY2",4,-0.403270380336641
"IP6K1",4,0.226903949519172
"NECAP2",18,0.400266771453333
"TPP1",3,0.577309420168704
"COMMD7",8,-0.249840240219611
"HLA-DRB3",11,-0.0785863170253028
"CS",7,0.341845253016151
"SDHB",4,-0.106042918803557
"WASF2",6,0.477145260031206
"BAZ1A",2,0.126524558129228
"VPS28",6,0.44601467266181
"NACAP1",1,-0.411267960009145
"PANX2",8,0.283792664091029
"HAVCR2",12,-0.484309646541577
"CASC3",2,0.514212355693829
"STX5",3,0.620881267613985
"PPIL3",4,-0.639128279000953
"HES4",17,-0.249789079411679
"HEBP1",6,-0.200269493718887
"HIST1H1C",4,0.164193017997996
"MRPS21",13,-0.810267836525311
"FAM111A",3,-0.652506637830862
"HSH2D",10,0.0552251510648753
"SACM1L",1,-0.431449041082797
"WSB1",15,-0.357277433998101
"ATP5C1",11,-0.30558831979061
"FOS",2,0.498634862070684
"CGGBP1",4,-0.503401714339659
"SSBP1",2,-0.212589843050293
"BMP8B",1,-0.150391161849603
"IRAK3",2,0.248020474048016
"PPM1G",16,-0.179545755591442
"ATP11B",1,-0.301911424950772
"ZMPSTE24",10,-0.119798171313367
"CLNS1A",4,-0.615954832413824
"LSM2",13,-0.781917528137118
"METTL7A",1,-0.248065017987961
"THAP11",5,-0.0655941717474212
"PAM",0,-0.187360282777841
"TPGS2",6,0.212642385955381
"FAM50A",9,-0.345350863577332
"TMEM156",1,-0.228161017183183
"BOLA2",4,-0.425642143906844
"LPAR2",2,0.379927705280118
"NDUFS7",9,-0.451722372436486
"TGOLN2",3,0.268924042754831
"EFR3A",3,-0.412774468676665
"LSP1",13,0.898453804264711
"PLEKHA1",5,-0.111249287522563
"SF3B4",3,0.671847382012078
"RPL23AP7",1,-0.23912962279856
"SNRPB",7,0.178986981845945
"LYRM1",10,-0.27075760252999
"C18ORF32",1,-0.130753895790172
"MPC1",3,-0.628178382799726
"DNAJA4",6,0.19973045638299
"SELPLG",13,0.431875353125592
"EIF3A",3,-0.472668029055092
"ANXA2R",5,-0.554222252292939
"CRLF3",3,-0.152243666396795
"B4GALT3",6,0.11159718904727
"PPM1M",4,0.197976943331298
"GIMAP1",11,-0.437288768736618
"PQLC3",2,-0.527360142931813
"FYN",5,-0.0219494110629022
"BCAP31",3,0.627375517169043
"LMBRD1",10,-0.0635484255988241
"CREBBP",2,0.43053975407956
"RPLP0",4,-0.445330651974851
"BCL2A1",1,-0.0336096176961498
"NCOA1",2,0.478476286793184
"C19ORF43",1,0.0673902081562644
"IFNAR2",3,0.359611331012507
"PDLIM7",2,0.560844396037276
"CTSD",4,0.742226851489775
"ADAM8",2,0.760860462696694
"SNRPN",5,-0.419076906222229
"TSPAN33",14,-0.0408539452885416
"TANK",1,-0.165934577197922
"ZC3HAV1",18,-0.203980612618114
"PRR14",2,-0.171169434095784
"IDS",2,0.495189226316687
"COPE",13,0.709853994068563
"DIAPH1",3,0.693425494447119
"CHCHD10",8,0.0471248092048724
"SCO2",1,-0.216946047743177
"GSTCD",1,-0.265953230929945
"BST2",1,-0.497131683049612
"NKTR",5,-0.41691091606923
"SLC22A4",5,0.146915380264147
"SEC61A1",9,-0.483534152361936
"PARK7",4,-0.485162656762637
"GPAT3",2,0.0470410133831535
"TMEM87A",4,-0.682041739011172
"GRB2",1,0.614839971072207
"SEMA4A",3,0.743849595376003
"CARD8",2,-0.127819016299581
"TMCO1",4,-0.562011068808157
"SYF2",10,-0.412584128481211
"POLR3GL",4,-0.520164804728718
"BRD2",6,-0.614081254528577
"PIK3R2",6,0.0713213309862832
"ASGR2",12,-0.0429395903363709
"FRG1",1,-0.396131247825412
"SRSF1",11,-0.398896728849481
"RNF181",8,-0.144926951749962
"ZRANB2",3,-0.610058280169036
"PSMG2",8,-0.127638513361079
"KCNJ15",2,0.342241071179942
"U2AF2",1,0.159823577435291
"PDHB",5,-0.454780315189196
"DGUOK",9,-0.414811440288423
"PPP2R1A",7,0.607746443172334
"CCPG1",2,0.127079811657693
"COMT",8,0.0252069538144385
"MYD88",2,0.662141368182882
"CD300A",2,0.479201084598803
"OASL",17,0.345583896454312
"DSC2",5,0.0355569133551174
"AKIRIN2",2,0.661405439134632
"LSM7",4,-0.539779319877879
"HNRNPK",1,-0.00903313825780759
"GTPBP6",9,-0.560911218770192
"ZNF746",2,0.469477893195613
"APRT",8,-0.0270196838656917
"HGS",2,-0.0148212475357797
"COQ10B",10,-0.297405482403883
"RRAGD",2,0.362283629416336
"AP1M1",4,0.235242649316091
"ARHGAP4",7,0.104070460812855
"TTC3",5,-0.123451017192697
"TMED5",3,-0.442671594456453
"ZNF428",10,-0.0985009518731317
"SH2D3C",13,0.888462786556154
"CTDSP1",4,0.638291283217773
"KYNU",12,-0.120787903548145
"CMC2",4,-0.622137429029112
"RAP1B",1,-0.305832791404265
"CEBPA",5,0.396822351356339
"ZYG11B",2,0.34204021375691
"RAB37",11,0.273718446258231
"POLR2A",4,0.691660642199256
"NDUFA11",8,-0.223120882689024
"ECHDC2",5,-0.34891385254911
"SDHD",3,-0.445624404767562
"PIK3CD",2,0.46694206013025
"HNRNPAB",7,-0.0285884403848157
"IL1B",2,0.245212096981167
"PRKDC",2,0.246329646961691
"PTPRCAP",5,-0.0716071251974052
"C18ORF25",10,-0.319698981080275
"COPA",3,0.575854379779974
"VIMP",4,-0.736161527069987
"OR2W3",6,0.268776187831545
"KCNJ2",2,0.189661356746056
"MGST3",5,-0.338180400336506
"SLBP",1,-0.218705529934193
"MPPE1",2,-0.143047741823328
"VHL",5,-0.109058105851412
"TRIM4",5,-0.369448888071211
"CYB5R4",10,-0.0160841624907938
"LMO4",15,-0.119888013218592
"TRIM8",2,0.357127065812595
"HIST1H2BD",2,0.410984426935407
"LBH",5,-0.0109546401075258
"FAM117B",3,-0.356293356317816
"RBL2",5,-0.0523987663720894
"NME4",6,0.364234926532733
"PISD",2,0.450646197955285
"TPST1",2,0.462252029752831
"SAMD9L",17,0.190448206508215
"PLEK2",6,0.110835795613023
"RAB40C",2,-0.0404550789871283
"MARCH6",1,0.255856007956247
"CHMP1B",10,-0.0823419074499361
"ZMIZ1",2,0.427478369049644
"WDR83OS",17,-0.36169750652072
"SCAP",2,0.00308634266930599
"SPN",1,-0.0187423745451702
"RSL1D1",4,-0.458624537265385
"ITPR3",5,-0.173384696067802
"C9ORF142",7,0.134904059356736
"FAM212B",2,0.398963506698328
"SNU13",9,-0.475315534081952
"PSMC5",11,-0.446330690612246
"SF3B6",1,-0.205147403961822
"GLIPR1",15,-0.0807541508430267
"LEPROT",5,0.394907765031374
"CTSA",14,0.498591531659423
"BNIP2",10,-0.206810603030076
"SIPA1L2",2,0.456366935195569
"CYC1",8,0.0342654193949648
"ALDH2",5,0.170470341524981
"ABHD5",4,0.50335507842352
"MTHFS",2,0.0785501433847881
"DDIT4",0,0.180594290536437
"KCTD12",1,-0.133393850204109
"ZDHHC8",9,-0.618079307713148
"MIDN",2,0.631540028248343
"VPS4B",10,0.00687446632904559
"TSPAN17",6,-0.387108082249119
"GNL3L",3,0.436521090815995
"SLC35A1",4,-0.63517593018512
"CYBRD1",10,-0.197107269545748
"P2RY8",5,0.0680261124964871
"RPL7A",1,-0.456814092986248
"KIAA1324",2,0.445718555164908
"EMILIN2",5,-0.273443125123366
"OXLD1",9,-0.64663685104067
"CD58",10,-0.178528781426043
"HNRNPC",1,-0.0901705656892723
"PEA15",2,-0.483126660413456
"HSPA1B",4,0.284292666617096
"RAPGEF1",2,-0.00719079935568897
"UBLCP1",3,-0.364960417536265
"DUSP23",13,-0.675062259599016
"GSTTP2",1,-0.123727317841957
"SON",1,-0.224254590386085
"MEGF9",1,0.0719623784009546
"PGLS",3,0.545753819667461
"PDE4B",10,0.0660764559873663
"KBTBD7",1,0.0232987579881685
"CUEDC1",2,0.0883658549638109
"FES",3,0.574557796444214
"TFAP2A",1,-0.0346322313108331
"RAC1",1,0.449335533897378
"DPY30",4,-0.353716846488437
"ANTXR2",2,0.504654108738771
"LPP",2,0.093296990689554
"YIPF6",6,0.147448551783372
"UBE2H",6,0.243431650888537
"TRIP12",4,0.20188593106099
"TMED10P1",3,-0.309313104110658
"RPL13",3,-0.625299371700063
"SCYL1",4,-0.0486549928665451
"HDDC2",3,-0.777910047824136
"PDCD10",3,-0.482356918802418
"NDUFS8",7,-0.176585093720144
"HNRNPR",7,0.12261166872282
"NDUFB7",4,-0.522396847781083
"CYB5B",5,-0.464303505492321
"HBZ",6,0.381431834795651
"GSK3B",2,0.627301991298817
"PPM1A",6,0.157109297659153
"PAK1",2,0.541525314587027
"C4ORF3",10,-0.107851692730074
"GALK1",4,0.0809081029065824
"ARHGAP1",3,0.738884934883066
"MRFAP1",1,0.172846048367793
"COX19",1,-0.481160633842289
"IL17RA",2,0.540738714070887
"C17ORF49",1,0.474928531593533
"FAAP100",9,-0.714388059151986
"TMED4",8,0.0319690187171044
"LRMP",2,0.423123965720562
"ABR",2,0.222946522620304
"TCF25",9,-0.551090933574444
"PPCS",3,-0.492977439788398
"RAB11A",1,-0.0923920404207173
"WDR45",6,0.346700220335118
"NSL1",4,-0.118751601038148
"PTPN12",10,-0.288253994775531
"KLRD1",11,-0.289615461775078
"BLZF1",15,0.0786979716955954
"FAM26F",1,-0.347095301512394
"NBPF11",5,-0.160486493533075
"BTG2",1,0.413812668385947
"PRDM1",3,-0.40869036740613
"TDRD1",15,-0.0355283053036919
"IFFO1",13,-0.758517267499573
"CNOT1",7,0.29909638063007
"GLG1",16,0.042859707877886
"SARNP",4,-0.489135311757439
"TNRC6B",3,0.238481932962614
"C14ORF166",11,-0.330393456499616
"WDR82",7,0.275816281538372
"CYP1B1",3,-0.146144605715201
"NOL10",18,0.306579288392258
"ANAPC13",6,-0.0947665491278099
"SIGLEC5",2,0.557477409354268
"OSTC",3,-0.486987112026528
"PTPRC",2,0.566232432689366
"UBA1",2,0.848682524603163
"TRAPPC1",3,0.480637620737049
"PIK3CG",4,0.33962504417253
"REPIN1",9,-0.431953010692477
"UBQLN2",11,-0.27042255143598
"MTMR14",9,-0.501910704771004
"RNF13",10,-0.0236102600927339
"RNF144B",2,0.281040587653049
"TOR1AIP1",10,-0.0316799714553294
"SAP30",7,-0.0523205358888894
"BTN2A1",1,-0.350849118947905
"RPA1",5,-0.0932066769390457
"CD53",1,0.159464282115595
"CEP63",2,0.152847887136013
"CD96",9,-0.601144579393473
"TM2D1",3,-0.709470413966845
"ATM",5,-0.343340740547491
"POGLUT1",5,-0.265351019109121
"FAM65A",2,-0.330614216466562
"VEZF1",4,-0.368013131370566
"NSMAF",2,-0.0682994581688445
"PGAM1",3,0.531105202191111
"SH3BGRL2",14,0.0751172042818847
"PARVB",14,0.374735228803929
"AKAP13",4,0.226852878788134
"PIN1",8,-0.243946021285112
"INF2",16,-0.00962345691308793
"CDC26",4,-0.643226822396222
"FAM45A",1,-0.12625754843498
"PARVG",4,0.60668539124946
"RNASEH2B",1,-0.32475491089826
"IFNAR1",2,0.334643367987878
"IKBKG",2,0.060705292916982
"RALY",3,0.825725061739746
"LRRK2",1,0.169759612858022
"CDK19",2,0.0817557358834747
"FAM160B1",10,0.0957916694949237
"ACADVL",3,0.448800282976751
"RPS6KA5",2,0.25576546407236
"UFC1",4,-0.339118567786251
"GPR162",0,-0.15695638993151
"CLDN14",1,0.158219723212142
"XRCC6",1,0.242007752816568
"ZBED1",2,0.637390128579793
"NIN",2,0.109021724022227
"ROPN1L",2,0.509423912096009
"SMARCA2",1,-0.134531871607098
"MAFB",12,-0.353929003631092
"OXR1",3,-0.445862791793669
"CLDND1",4,-0.525549507659612
"STAG2",10,-0.304964397933119
"BCL11B",5,-0.126662369553163
"CTSZ",11,0.107001138240878
"TRIOBP",13,0.756548292416209
"FNTA",5,-0.348050410396705
"SLC7A5",6,0.211104163767103
"CNPY3",3,0.686340947135517
"RNF14",6,-0.0674252127190225
"LPIN1",5,-0.351164242759747
"LSM3",4,-0.269628901447816
"SNX17",7,0.310279547761444
"FAM101B",2,0.700787604550184
"HAL",8,0.0938661188772805
"XPO7",6,0.244743828964227
"TOM1",4,0.423463123499976
"CD86",12,-0.191795899240638
"TAGAP",10,-0.19883449938016
"BHLHE40",3,0.455227472309476
"TLE4",10,-0.0500681964901546
"TPM1",6,0.202466561978513
"ST3GAL1",1,0.539850265801923
"TMEM43",2,0.337320069021026
"AKR7A2",14,-0.331470125011322
"NELL2",5,-0.153679565522303
"ZNF106",2,0.330859018349122
"CDV3",1,0.031499495912402
"SCPEP1",4,0.0831971281506586
"CLIP1",1,0.103443456688972
"RAB3IL1",6,0.347863614594966
"PARP1",5,-0.0579843039012731
"FAM198B",12,-0.45830398770052
"HK2",1,0.0203252839571162
"IFRD1",10,-0.0464203735924515
"NDUFS4",2,-0.464769574929038
"SSR2",4,-0.505608905088433
"SNX2",4,-0.205796912205626
"SLC6A8",6,0.375005842394799
"HSP90AB1",7,0.169201893676068
"FAR2",4,0.539366903515609
"FAM214B",5,0.618902242209252
"ZNF217",1,-0.184274439291612
"WTAP",3,-0.168763133022054
"MAP3K2",1,0.358989315022786
"CRKL",15,0.177403483084884
"KLHL2",1,-0.00881670845215393
"CPQ",2,0.334197341427174
"SF3A3",9,-0.469587019512017
"RDH14",4,-0.664355110582432
"TSPAN9",14,0.17207264989045
"SNURF",7,0.06554913064266
"LEMD3",3,-0.502314470725135
"OPTN",6,-0.0106383858748921
"BTN3A2",11,-0.0920708569901275
"KIAA0513",2,0.43234020185431
"COA3",4,-0.661179980117663
"ITM2B",1,-0.0512395640963576
"ILF2",8,-0.311284068086072
"DTX2",2,0.106448314010771
"ZNFX1",2,0.738159578183077
"FAM89B",6,0.625742097826511
"FADD",4,0.164869099487071
"RHOT1",10,0.0321122629393588
"SAR1A",1,-0.112765074781118
"ARL6IP1",1,-0.158860476290809
"C21ORF33",8,-0.387900605179942
"TSTA3",6,0.0551215655091642
"DIABLO",4,-0.729049680296854
"RHBDF2",4,-0.0417316414903904
"RAF1",2,0.411828753631496
"ESYT1",7,0.203891423655157
"PGM1",2,0.718718974150343
"MMADHC",1,0.012851341299028
"BRPF1",16,-0.0481070551652197
"TOP2B",7,0.186773335941096
"GIMAP8",12,-0.176854017895013
"MAP4K1",7,0.275158169952902
"TECR",7,0.267196482688924
"FEM1A",6,0.0517186416292429
"VAMP3",5,0.484902275752852
"FCRLA",5,-0.164257938674215
"POLB",10,-0.106854901095281
"RNF114",1,-0.270115056755567
"MANF",4,-0.371402414166142
"GPR183",5,-0.379530593440868
"ANKRD33",4,-0.0173374606309581
"SNRPA1",5,-0.414803871912022
"LYAR",5,-0.131923945109415
"C6ORF62",1,-0.136957704894105
"SYNJ2BP",1,-0.267934325673764
"SDAD1",7,0.0334918979607386
"CTSG",12,-0.00152649268598205
"JAK1",4,0.349884441752923
"DIP2B",8,0.294590011067432
"SLC48A1",6,0.382412714151256
"ADGRG3",2,0.623901075490894
"ITGB5",14,0.158667839364277
"TWF2",13,0.759458689063117
"XPO1",3,-0.559989556005299
"FAM8A1",1,-0.160090374607238
"HIST2H2BE",5,0.284679527543571
"CD33",12,-0.115488701237348
"NDUFAF7",1,-0.170358425812772
"GAB2",4,0.547434134391787
"RUNDC3A",6,0.483700768367489
"EML3",9,-0.0719570782701152
"XKR8",2,0.694711072094127
"NDUFV2",4,-0.161994612865462
"NFIL3",4,0.246571864651262
"ITPK1",2,0.689798772868791
"HIST1H4H",2,0.171620238569813
"C1QBP",8,-0.396913540704068
"NTAN1",6,0.0145254401483407
"ARPP19",1,-0.17097485556819
"ZDHHC7",1,0.138955834390511
"GMFB",10,-0.529337149360614
"RNF34",4,-0.496114176540869
"RILPL2",2,0.512424028207755
"USP8",1,-0.154144304240027
"DDOST",11,-0.505157399870367
"SSR1",4,-0.317397370653307
"HACD2",3,-0.526202537623633
"SERTAD2",15,-0.096529071975532
"PI4KA",10,-0.487264125118789
"DEF6",4,0.10232607852134
"SYTL2",5,-0.0784158002506193
"CWF19L1",9,-0.50017322828804
"DSE",12,-0.305483537564609
"CEACAM1",7,0.0222792508960527
"GLUD1",2,-0.592826079670734
"AXIN1",7,0.518940717752102
"UBE2J1",10,-0.325603300711804
"ELF4",3,0.669444767958261
"RHOC",2,0.00653734464022422
"EMC6",13,-0.827637113155273
"MMGT1",4,-0.269498600880275
"BUD31",10,0.0644301793717608
"KLHDC8B",14,0.376798793903338
"HSCB",1,-0.38848588456269
"RERE",2,0.504119002483954
"HTR2A",1,-0.369160444070779
"SUPT4H1",2,0.554141856452982
"DYNLRB1",1,0.574838131746396
"RBP7",5,0.401310476685832
"FCGR1A",0,-0.061718999860459
"NUAK2",2,0.674096948269121
"UBAC1",1,0.109526404144424
"SMOX",6,0.474422753938956
"DCTN3",1,0.205057483476954
"FOXJ2",3,0.346801463943475
"KLF13",15,0.500170449659578
"RPS6KA1",2,0.539961198370548
"STAT6",4,0.48724853387789
"CCDC59",4,-0.30895281203834
"LGALS9",13,0.617051803378659
"STAT5B",2,0.534955574267886
"IL27RA",7,0.226846775724993
"SNRPB2",5,-0.262961060456554
"AP3B1",3,0.596973670413387
"ALPK1",2,0.334098043228582
"C15ORF39",13,0.813742556666025
"TROVE2",3,0.44874318138287
"EML4",5,-0.237979001775665
"EMC4",5,-0.364847250664845
"ZNF581",8,0.176925132469106
"WDR6",7,0.156068451990006
"DOCK10",5,-0.345806962315852
"ITGA2B",14,0.241130962912061
"LYST",1,0.00824498592912038
"BCL3",13,0.849221085983654
"TIMM23",6,-0.251147794232541
"MICU2",3,-0.458173321517551
"TMEM9B",4,-0.685166906167762
"TERF2IP",6,0.0583825848003231
"MRPL23",8,-0.246771514862186
"TMEM219",8,0.122703775169589
"CRTAP",12,-0.164497602349872
"EVI2A",3,-0.520869957918205
"LAP3",17,-0.193919016778377
"MRPS24",4,-0.503979543433448
"MARCKSL1",3,0.723833354717867
"TAF10",13,0.506425738316112
"GLMP",12,-0.106513985008858
"ATP6V0A1",2,0.144538478989251
"MTSS1",4,-0.382404840752326
"CHFR",1,0.495047108526331
"BPI",12,0.217747660431428
"PARP14",17,0.0252659501808701
"PTCRA",14,0.0615398964940202
"CAMK1G",18,-0.0103049516338437
"DPM1",3,-0.35443915602305
"EIF3I",8,-0.205641525863864
"DYNC1LI2",15,-0.443482522590613
"ZNF586",11,-0.177596561926277
"SAMD3",5,-0.130485734844484
"MRPL51",2,-0.40509497161088
"RSPRY1",1,0.193347909288378
"IFI35",17,0.197667636352595
"CNOT11",9,-0.40369182043421
"COLGALT1",3,0.269447684853973
"TNFRSF10B",6,0.0907789184979429
"ASNSD1",4,-0.378782577312481
"SLC9A1",2,0.386757353801367
"IGFLR1",1,0.082767633731727
"C5ORF15",4,-0.591644707247059
"SLC16A5",2,-0.163713745173961
"RCBTB2",3,-0.33961758056646
"MLF2",13,0.856607211549776
"TGFBR3",5,-0.0257959368521797
"ZNF787",2,0.22073327555975
"UNC50",4,-0.373038043645606
"KLHL28",7,0.227425046399419
"CENPV",18,0.0433512218562327
"MCM3",5,0.0258433681435997
"AKR1A1",12,-0.279178478182904
"ANXA3",1,0.146071415285048
"PHOSPHO1",6,0.638612695027313
"KANSL1",1,-0.129720091840619
"CNOT8",1,-0.408909351716173
"CRBN",3,-0.660335506586942
"M6PR",7,0.0668108538623818
"LMNB1",2,0.169768546190545
"ETFA",12,-0.249754482917455
"TSG101",6,0.598450597849078
"NUDC",16,-0.051324875721293
"PLIN5",1,-0.0620104647610869
"ARHGDIA",3,0.743059561008482
"ZNF91",1,-0.143702619655233
"HNRNPA1P33",11,-0.448644368489285
"BCL2",5,-0.202069944021699
"PVRIG",5,-0.0192474921927739
"RPUSD4",5,-0.68877096671095
"SEMA4B",13,0.800821314028151
"FBXO11",3,-0.399034882796445
"CORO1C",4,0.229323274399419
"SLC30A7",5,-0.290275876272232
"DERA",12,-0.344507713676867
"UBE2Q2",3,-0.735609741399181
"CEACAM6",12,0.178442336398461
"FAM103A1",1,-0.194210499945842
"GPR137",6,0.159676539643963
"UBE2O",6,0.359882604398576
"CXXC1",9,-0.234378881442909
"DNASE2",1,-0.10907295051234
"RHOB",1,0.124462494758327
"PPP6C",0,-0.155407373906148
"SPG7",9,-0.458576045432402
"PUM1",16,0.176988727181869
"CDK5RAP3",1,0.178459341190733
"ATP6V1D",6,0.228554738431971
"ANAPC5",7,0.00842986429251465
"MCTS1",1,-0.366244872990742
"ADAP2",12,-0.337937906274443
"PPP3CB",4,-0.248261462364873
"ARL2BP",5,-0.17258298628047
"PLEKHO1",4,-0.41612972531741
"RPS21",4,-0.410780499405815
"PTPN1",1,0.419813262026492
"SPAST",1,-0.164037332324483
"MTMR6",1,-0.196203210543024
"UBR4",1,0.448214644265832
"MIS18BP1",3,-0.352184408606459
"PKN2",1,0.197861301922914
"CD3E",7,0.374858986619209
"LOC407835",6,0.775111038879674
"HNRNPUL2",4,0.297145269907521
"DNLZ",1,-0.321255862101005
"PSME4",6,0.138924516536865
"TLR4",2,0.379748486295854
"METAP2",4,-0.542538599828896
"BTK",12,-0.369135679804517
"HHEX",1,-0.397483787011163
"ADRB2",4,-0.490305043181475
"S1PR5",5,0.0116730859040994
"VCPKMT",10,-0.408378270432189
"CPNE3",12,0.109310217997876
"ARL8B",11,-0.347393736348949
"FBXO38",1,-0.149325641795825
"CD2BP2",3,0.436066927333246
"VPS37B",2,0.834705816450984
"ZNHIT1",8,-0.348259503749905
"TMEM147",8,-0.237977095111499
"C12ORF10",6,-0.222204290417524
"POLR2F",4,-0.108808870214776
"ARRB2",5,0.703866096267271
"RFTN1",5,-0.465234214276847
"AQP10",14,0.120588047927224
"PRDX3",4,-0.334374149230735
"CD163",5,0.155211762895542
"AKR1B1",7,0.138204581526657
"OGT",5,-0.475623410657472
"AGTPBP1",1,-0.0495325596373117
"EWSR1",5,0.075202033588838
"DUSP18",1,0.229467624063138
"ATP5G1",9,-0.401513568965491
"SLC25A28",9,-0.594701300290966
"YIPF1",4,0.50176308287442
"UPF2",8,-0.00543703886996874
"OSBPL2",8,0.444091675337365
"RAB5C",13,0.742993192896686
"IL4R",2,0.362940833448605
"PAPSS1",1,-0.154545994768919
"MAN2B2",1,-0.173736177005614
"CSNK1D",2,0.17814729671026
"PCMTD1",3,-0.404880588772982
"LHPP",6,-0.0556517093337418
"ACAP1",7,0.501834539810722
"FAM102A",5,-0.180378637239065
"TRA2B",3,-0.652303683929283
"C7ORF50",4,-0.628292479664215
"MAF1",6,0.403994162490455
"ITGB3",14,0.139041055636139
"SEPT6",5,-0.00540966359697575
"MYO1F",2,0.588884077126097
"KRT23",2,0.456918923528421
"EIF4EBP2",6,0.412548073986078
"ANGEL2",4,-0.667388011492525
"TFG",1,-0.389677808467395
"NFE2L2",1,0.351370682059674
"HSD17B12",10,-0.363054005276507
"ZNF641",2,0.372806371861364
"NEPRO",4,0.68041421114035
"BANK1",5,-0.211720644999289
"YBEY",4,0.737215834409878
"URM1",7,0.205723699544781
"MT1X",8,-0.0258451732128752
"SLPI",5,0.196862968284112
"PHF5A",3,-0.594140352550648
"EXOSC1",8,-0.480576532092672
"PINK1",6,0.413590250514561
"UBXN4",1,-0.114699232757839
"VAMP1",5,-0.285086737928014
"CDC16",9,-0.644954776977241
"TIMM10",4,-0.402669604079973
"KIF1B",2,0.209445791501581
"TMEM173",8,-0.0990330157213534
"TM2D3",3,-0.197534750824129
"HNRNPDL",11,-0.360178223359909
"DNAJB6",3,0.45206494629235
"CHP1",18,0.364808619831793
"PDXK",3,0.0255703009772997
"PHKA2",2,0.00153948777264915
"JAZF1",6,-0.182067529970965
"LPAR6",4,-0.699652408676687
"SYT11",5,-0.13224494403981
"NDUFA8",4,-0.559837436077729
"KPNA4",10,-0.054137998250994
"PRPF8",3,0.592228922385482
"TCEB1",3,-0.518520645923961
"AIP",7,0.31346428586378
"BEX1",12,-0.211168663846218
"ATP8B4",12,-0.364273264420553
"ERH",3,-0.707290412252496
"COPS5",4,-0.36537634898593
"ARF5",11,0.515153726890893
"MTX1",2,0.580726735861562
"TPM3",3,0.555504381886098
"CANT1",2,0.815402608250428
"QRICH1",16,-0.246813701015626
"ABHD3",10,-0.37162147287624
"HNRNPH1",1,-0.136253871223049
"GDPD1",15,0.0382133937480216
"GBA",2,0.674765074819272
"RAPGEF6",1,0.265609097905244
"PSTPIP2",1,-0.0865881458608187
"TMEM50B",4,-0.648069536926862
"CCNG1",3,-0.462379566949572
"BMI1",3,-0.654895102272007
"MAPRE2",7,0.230749351568954
"ZNF683",7,0.138662579513732
"UBE4A",1,-0.298344514544236
"KIAA1147",5,-0.367985087135083
"IVNS1ABP",2,0.262442973118319
"SMNDC1",3,-0.406319759503383
"PAK2",8,0.309466975132685
"PA2G4",6,0.307302352354224
"IL1RAP",1,0.0961290583557178
"TOB1",2,0.437792857454055
"MRPS12",13,-0.810113365146948
"RALA",5,-0.494009778175841
"ATIC",7,0.086424513133564
"FEZ2",3,0.0330554409078495
"INPP5D",4,0.565152639734726
"HCFC1",10,-0.0169838175956339
"SH2B3",15,0.319998453188762
"DENND3",2,0.487098905900036
"C15ORF57",5,-0.188880852928012
"SYPL1",5,-0.358708516852544
"VDAC1",7,0.0858779338461279
"KLHDC2",3,-0.667617334870104
"MYLIP",2,0.248549439986301
"KDM2B",5,-0.592122269544458
"ECHDC1",11,-0.451325617577993
"MID1IP1",1,0.386027598977703
"PHIP",1,0.135928874205437
"INPPL1",3,0.297940232080278
"NDUFS3",9,-0.482112724602115
"HERPUD2",1,-0.144942645852603
"VPREB3",5,-0.0112489551348323
"KCTD20",14,0.255004014527524
"PSMC2",5,-0.104985436792467
"MED16",3,0.236393943296008
"MBNL3",18,0.325415303209694
"GPBP1L1",1,-0.171672556230067
"PIAS1",2,0.561540608376756
"ARF3",4,0.526748114808686
"ME2",1,-0.0381362787621153
"TNFSF15",15,-0.053508174024209
"MPO",12,0.00222198351425006
"RHBDD2",3,0.703753762200086
"COX6A1",4,-0.383445802308495
"NRG1",12,-0.336845454743264
"TYW1",18,-0.0399098374021293
"CPSF4",9,-0.619675959551982
"CCDC90B",4,-0.55632291518539
"CA2",6,-0.0769076659298305
"RNF19B",13,0.863554863795733
"CFP",5,0.554226157740555
"MT1F",8,-0.157687262704711
"CCDC92",9,-0.340179457630749
"F2RL1",10,-0.138941596654524
"CLTB",3,0.338777248302216
"PURB",4,-0.406615362155141
"TBC1D10B",18,0.323370495175249
"PCYOX1",1,0.0129876931686459
"HPS6",16,0.00497357910307284
"ITGA5",5,0.520804593410734
"TRIM56",15,-0.207783608692727
"PPM1K",15,-0.024001396638658
"NDUFA13",8,-0.0448333152593964
"HNMT",12,-0.553893031129005
"EMC7",1,-0.173050008119024
"ARID1A",11,0.262873272697054
"RCC2",16,-0.228987679888851
"H3F3B",2,0.255845889024957
"HNRNPH3",3,-0.341820037517092
"SCARB2",12,-0.194400711395355
"TNK2",16,0.170521782915551
"SET",11,-0.281802099733677
"UROS",4,-0.611025000587921
"SETD3",4,-0.501913260206476
"TRAPPC2L",4,-0.582690408501668
"OGFR",13,0.874730175159793
"TNPO3",3,0.557887236648007
"MAP1LC3B",5,0.386570489487305
"EIF1AX",11,-0.361512251333267
"UBR2",2,0.525777166832466
"IDH3B",16,0.0355839389371078
"BEST1",2,0.42793767529616
"UQCRC2",1,-0.282824965921219
"ADRA2C",18,0.139479816779689
"HTATIP2",5,0.166330701205653
"ATP2B4",3,0.487751078329231
"TMEM160",8,-0.326938103744135
"HEMGN",6,0.164578613847688
"ACADM",3,-0.727223785100015
"FKBP11",5,-0.393580867777806
"BID",1,-0.0448862294156801
"TRIM10",6,0.146674558919317
"KAT8",2,0.286471349358643
"CISD1",5,-0.33792000797653
"PTOV1",13,0.77185750253909
"CDC123",2,0.484892577850886
"LSM14A",1,0.0200839429700923
"SIVA1",13,-0.767686494727691
"FASTK",11,-0.425505083451724
"FAR1",10,-0.129518510780741
"RBM12B",0,0.0359130558990055
"KLHL22",9,-0.271313689452835
"RPL34",3,-0.525040564816381
"FLI1",1,-0.126651797086253
"MFN2",2,0.553516421556877
"RASSF1",8,-0.174787871607812
"PGRMC2",3,-0.691006930617111
"PAN3",2,0.0740573523849248
"PRAM1",5,0.652778270086597
"EOMES",8,-0.232896365560002
"SPICE1",18,-0.00654647092228996
"INTS6",2,0.143879624593609
"ADSS",3,-0.517761592342039
"CCS",6,0.303019972426025
"MRPL18",3,-0.453876580818045
"PGK1",1,0.0625138588596918
"BCKDHA",9,-0.338485297360936
"EPRS",16,-0.152742419134911
"MGST2",5,0.2493289240132
"CELF2",11,0.000845342522164237
"NARF",11,0.196606064825902
"DNAJA2",3,-0.506873830833815
"HDC",0,0.283621229991286
"CTSW",11,0.150454667607168
"SRRM1",4,-0.402936519483099
"GLA",14,-0.0286308945576263
"GTF2E2",5,-0.339542846821997
"ERGIC2",1,-0.161402993506748
"RBM14",16,-0.275995263853592
"NENF",13,-0.770766842137019
"PIAS4",3,0.134997807640084
"SASH3",3,0.65435396388189
"C16ORF72",2,0.373692950214021
"ARL2",9,-0.587076036354688
"RABAC1",1,0.604316029005841
"WSB2",1,-0.201637384919638
"IMP4",9,-0.581787679734682
"BTN3A1",17,0.103647933684017
"C1ORF43",3,-0.370778730898248
"ASPSCR1",9,-0.482962143271688
"ZBTB4",7,0.0735354882090991
"HDAC4",1,-0.194314761209946
"SLC44A1",3,-0.420866440875287
"TMEM8A",13,0.857260426240616
"DGAT2",1,0.373528531833582
"EIF1AY",6,-0.0371347147448703
"SLC1A5",6,0.21776084042148
"KPNA6",1,0.455934657243454
"VBP1",4,-0.33629092645018
"CIAO1",1,-0.342569273006508
"CD3G",4,-0.031582873726383
"MBNL2",3,-0.639427033498632
"DPYD",1,-0.0329627271585938
"PRKAA1",3,-0.509195034211304
"MAP2K3",6,0.64098474323183
"CCDC28A",10,-0.103524997079128
"RFX5",8,-0.180706520016816
"CTAG2",12,-0.135084988822207
"CAMK1D",2,0.588248550568775
"BCL2L13",1,0.0626703586424478
"TMUB2",2,-0.315762575768043
"VPS16",9,-0.464080365046911
"SP1",4,0.474880899458713
"RRAGA",6,0.357419495947586
"H2AFJ",5,0.189618901792689
"FAM217B",1,0.122886071797662
"PNPLA2",6,0.688060424009612
"C19ORF70",2,-0.32865720805053
"ACAA1",1,0.282460820176394
"FAM172A",6,-0.0255602426457315
"PUS1",9,-0.542935161118534
"TMEM176A",11,-0.0697802253631405
"CARD16",1,-0.245593376320199
"LOC399886",18,0.0840428542906146
"ADAM17",1,-0.024904122875921
"RBPJ",13,0.711838782527875
"MPZL1",2,0.447441477463158
"MCM7",5,-0.272974424233786
"RPAIN",4,-0.490792893674598
"TFRC",4,-0.587316191652493
"STAT5A",3,0.517968381075927
"GK",2,0.313755941053883
"LAMTOR3",10,-0.2081083918517
"SPG11",17,0.212566390615315
"UNC93B1",13,0.803409317798737
"PPP2R2B",1,-0.0502236045855433
"DNTTIP1",9,0.573698750210579
"AKIRIN1",11,0.0266145419414507
"SHKBP1",13,0.802986632457801
"TMED7",3,-0.411259352703298
"ASXL2",3,0.065927535497722
"GAS7",4,0.325572302090365
"MTMR11",9,-0.328786128295752
"ANXA7",1,0.0551499588067187
"PLEKHO2",4,0.605806167236665
"G3BP1",11,-0.276658009177334
"PBX2",1,-0.0147275992441058
"RALBP1",4,0.340353308257518
"UGP2",3,-0.350823146419933
"CIR1",1,0.199307801245669
"USP15",10,-0.414713610679832
"PMPCB",13,-0.864028297313644
"MICAL1",2,0.580363208296362
"FAM162A",11,-0.370816914609294
"PDCD2",4,-0.312909858706499
"DCAF11",1,-0.167288171743109
"UBE2N",4,-0.712419664273499
"BTAF1",4,-0.71122304379302
"TRAPPC3",9,-0.531161176009977
"EPB41",6,0.336415536639338
"ALDH1A1",1,-0.309978277794904
"NOD2",1,-0.0418071843553692
"AMZ2",4,-0.117078309410305
"HMG20B",14,-0.0909823464843623
"METTL22",6,0.0939660773920824
"VRK3",1,0.173630637795205
"POLR2G",2,-0.435383190710737
"RGS19",6,0.229803690733732
"ANKRD44",1,-0.180981581602685
"DICER1",1,-0.21433197078889
"PLCB2",2,0.713519323806388
"ITGAL",3,0.492467347960375
"TAX1BP3",14,0.274495394877647
"NSUN2",5,-0.123151823837662
"HBP1",8,0.238473052431091
"PTGER2",4,-0.37027871889928
"CD69",3,-0.568179655520106
"CD1D",12,-0.314652246783659
"ATXN1",1,-0.0185985822615723
"SUMO1",1,-0.159536305827626
"SRP54",3,0.262002101460992
"CCR1",15,0.164530392156265
"DCTN2",8,-0.140918890577588
"PSD4",2,0.26884665257939
"EMD",16,-0.157032119154437
"SH2D1A",3,-0.565412795024921
"PKM",3,0.714556590809684
"PSMB7",4,-0.397729772896677
"GDE1",6,0.492185984573764
"SAMSN1",1,-0.191838080167043
"ITM2A",1,-0.242499762886578
"C19ORF53",4,-0.738836424591009
"UQCR10",1,-0.0820239001140719
"NCOA3",8,-0.221560854648242
"DENND6A",3,-0.325940251519988
"SDF2",1,0.0482160259341484
"PRELID1",8,-0.121636812808012
"TMBIM1",18,0.267322175921477
"GATS",2,0.254758653304055
"PLIN2",1,0.100650086644521
"SF3A2",3,0.636066095147401
"SPOPL",1,-0.169951539797555
"ZBTB16",2,0.430928337151605
"TMED9",8,-0.105840528248325
"PLCL2",1,0.338238250284228
"MRPL22",4,-0.709177651774716
"AARS",16,-0.0709352044076646
"ARAF",4,-0.106199665697218
"ARCN1",3,0.685121087059606
"C16ORF58",9,-0.592841069132559
"KIR2DL3",0,0.115394703024695
"PAPD4",3,-0.463041999328739
"CETN2",6,0.246338274620346
"C4BPA",15,-0.0934643960959845
"MEFV",18,-0.029012481036578
"FBXO33",10,-0.137288835656362
"ATG7",2,0.187895058454599
"RBM25",3,-0.594580970489565
"PVALB",14,0.130779050617639
"LAT",5,-0.090315667366523
"SULF2",2,0.0872928940137097
"CUL4A",3,-0.631955498935209
"FAM134A",6,0.362845169749434
"SRPRB",9,-0.580288212305207
"RNASEL",1,-0.0903871036411943
"CHST7",1,0.321347671840447
"GLB1",3,0.431732259347403
"CALML4",4,-0.611066798013638
"SHMT2",8,-0.190007129612599
"CECR5",9,-0.720479357354505
"CBX6",1,-0.482726272486382
"IQSEC1",2,0.560288494280115
"CLINT1",4,-0.385912947375966
"TIAF1",16,0.256006995313587
"APBB3",1,0.356057307110651
"BRSK1",12,0.168498569781533
"ATF6",2,0.360672588319184
"MANSC1",8,0.430033967888358
"ITLN1",6,0.21373250436807
"ST8SIA4",10,-0.162603188387
"SRRD",6,0.253350753515303
"ZNF653",6,0.114769796029145
"RING1",5,-0.341972025517746
"SEL1L3",5,-0.132369717960725
"MRPL37",9,-0.445552812205662
"TAF1C",5,-0.350671039849421
"TRIM21",3,0.702890051819611
"CLIC3",0,0.258718753703507
"GLO1",8,-0.357836052011254
"KBTBD2",2,0.191204196033674
"ANKRD49",3,-0.528780179167538
"ABCA7",2,0.324575409260694
"AZU1",12,0.250413708181355
"GBP4",17,-0.0140602000140048
"DSTN",3,-0.15839615739741
"PYHIN1",5,-0.397729661417711
"PPP3CA",1,-0.0163734950582049
"NUP88",5,-0.269476825343226
"GLTSCR1L",4,0.486452662998965
"PPP1R15B",1,-0.140675094363338
"NSMCE4A",5,-0.649163606250418
"EIF5",6,0.0403309690065327
"MKLN1",5,-0.192052096665333
"IFI27L2",3,-0.564068857794293
"TMEM60",4,-0.478361704113906
"TM6SF1",2,0.148146759065269
"PLD3",6,-0.32689686016668
"PSIP1",3,-0.349122849751755
"MFSD14A",1,-0.232599918853781
"NUDT5",4,0.446405277825304
"KIAA0319L",2,0.628028719449523
"ARHGAP17",16,-0.227316643112726
"USP38",10,-0.286233970765192
"CISD2",6,-0.101459983344282
"XPNPEP1",14,-0.180380116153875
"TRPC4AP",2,0.780584556628582
"CHD4",3,0.619459954968799
"UBL3",3,-0.267363388190793
"NAAA",8,-0.148346661906658
"ACTA2",3,0.190065912296061
"SAFB",2,-0.304436903837098
"RASGRP1",11,-0.449419205051752
"PCNA",11,-0.307522028733184
"SEC24C",3,0.487504258616813
"PAG1",4,-0.352554788290214
"UBA7",16,-0.121522856332694
"ARHGAP45",2,-0.279905267360661
"SLC25A23",18,0.365680595227321
"TMEM167A",3,-0.34432103534758
"PATE2",1,-0.0868326504890074
"BRK1",4,-0.447531854106995
"NLRX1",2,0.25669207095737
"LPCAT1",1,-0.0146981242539536
"KANSL2",4,-0.705894433364053
"ARID4B",2,0.386838880639946
"FAM120B",2,0.26275494342612
"RPA3",4,-0.531864634231276
"HMGCR",10,-0.154071151789697
"MGRN1",2,0.785962167195347
"DNAJA3",5,-0.516393708452274
"HIST1H3H",14,0.132552248784454
"CEBPZ",3,-0.613761020267175
"CHD1",3,-0.487572317094318
"MALSU1",8,-0.227756219892369
"OLR1",12,-0.0840869028871337
"NOP56",5,-0.291530658710002
"NME1",5,-0.370919087699957
"PDLIM1",14,0.237418809228331
"APH1A",1,0.11498745807632
"TOP1P2",1,0.049754679227333
"ANG",12,-0.0787108295675447
"PSMD7",7,0.237653055404784
"OXSR1",3,0.540568274804081
"LAMTOR2",12,-0.192235246469567
"MRPL54",4,-0.300298244952218
"ATOX1",1,-0.135178537626555
"PRRG4",15,0.0700090403905174
"SRSF8",6,-0.302725244768445
"TIAM2",2,0.420293155541338
"HDAC2",11,-0.0624805844851318
"HAT1",1,-0.096975568231886
"SEC11C",3,-0.491590953551501
"ACAP2",1,0.0811036761170421
"TRIM38",17,0.135230055287166
"CXCR5",5,0.0921848038903567
"OSBPL9",2,0.38173941903587
"FAM129B",12,-0.313082447628887
"IGBP1P1",1,-0.216552435373045
"ZDHHC19",0,0.150805094996926
"EIF4A3",7,0.427129664901899
"APH1B",2,0.504343343292079
"CCDC53",4,-0.465782617824235
"TXLNA",9,-0.557520874214659
"GNPDA1",8,0.0214256834721001
"SLMAP",10,-0.276621660554025
"TSSC4",6,-0.151345961849229
"EEF1D",4,-0.479905053644354
"XRN2",1,0.0772233420708307
"ELL",4,0.371473848261548
"MRPL15",11,-0.573378380565093
"PF4V1",14,0.193771940554447
"PDPK1",10,-0.129817048316641
"ZNF773",1,-0.196460615393088
"PARP9",1,-0.0402470949830988
"ELF2",10,-0.0398190035587778
"PDK4",12,-0.333117293832457
"HLA-DQB1",0,-0.0291947723179898
"DPP7",13,-0.739512852307035
"TMEM55A",10,-0.180960314696858
"NSF",16,-0.0706335013887664
"TFF3",0,0.206553010205794
"EBAG9",5,-0.33920188055178
"ATG16L2",2,0.399665421056044
"TAGLN",0,-0.248164679720129
"PITPNM1",3,0.620634507579706
"CWC15",4,-0.470549047405019
"MTF1",2,0.503059406807779
"LACTB",12,-0.0863970836957732
"PCSK7",7,0.199528854362321
"BCLAF1",5,-0.00428861993380116
"DDX39A",5,-0.211381397772643
"SYTL3",2,0.482115327965842
"ZBTB33",5,-0.287661105459825
"ETS2",2,0.21754168304006
"RETN",12,0.0608139054111561
"SPAG9",8,0.175734940223941
"IRF3",6,0.545307897806248
"MRPL36",4,-0.487152061431159
"CYB5R1",14,-0.18735703974321
"SLC4A7",3,-0.578446797701045
"F5",2,0.496297386355591
"IFIH1",17,-0.185757975216091
"ERICH1",6,-0.188233376986064
"MRPL43",4,-0.362943110510607
"RSRC2",3,-0.401633310771823
"LRWD1",2,0.143236568195704
"PPP1CB",5,-0.0473401920209613
"RBM39",1,0.234764473867746
"NRDE2",1,0.307895818886497
"FH",11,-0.343512211097927
"CTDSPL",14,0.174273202589885
"BAX",1,-0.0448292140569844
"DNAJB11",4,-0.59550035443541
"PTPN22",3,-0.356474539088119
"BIN2",1,0.0365631369787756
"ARIH2",4,-0.246363895654922
"SLC26A11",17,0.120793619472172
"TSC22D2",3,-0.505317528149545
"ECI2",11,-0.371507442572689
"NSG1",5,-0.177053896318752
"TMC6",7,0.314290649745011
"ALDOC",1,0.079233493788611
"PLEKHF1",5,-0.343558521010224
"FAM110A",1,0.376268421852808
"MPC2",6,0.0648622713626217
"ACSS2",3,0.240938102700606
"AKTIP",10,-0.0164598449618083
"SLC25A42",5,-0.239129849660074
"ACTR1A",2,0.131045431117729
"STYXL1",1,0.378335330944977
"KIAA1033",1,-0.242104314954334
"SPPL2A",18,-0.0756473681150237
"ETFB",9,-0.473715489189305
"FKBP3",3,-0.39796496163959
"TBPL1",3,-0.300250041241024
"WDR54",5,-0.241790136816616
"SENP7",3,-0.50387785538987
"MYC",11,-0.320422677921919
"MSRA",2,0.613105100343821
"CDK5RAP2",0,-0.0519402587578703
"PARL",4,-0.51381687771654
"TRAPPC8",6,0.0189029908613667
"BRD9",9,-0.468099508678756
"JUNB",13,0.727298816334501
"AGTRAP",5,0.715175893992854
"DNM2",13,0.869466927673398
"DAP3",4,-0.294707630258646
"PIGB",2,0.00493280724509738
"CITED2",1,-0.00428775846649595
"ZRSR2",9,-0.351677349984233
"SF3B2",3,0.566096485852003
"KLHDC3",13,-0.720140781181085
"AOAH",5,0.0209610080116296
"MOB3C",1,-0.279265287340033
"IL10RA",2,0.0461518855487895
"GABARAP",1,-0.0794875091564674
"DOCK11",8,0.119381898089423
"GPBP1",1,-0.141508937413231
"RRAS",14,0.0011149704060811
"MED6",5,-0.385532506890063
"MCOLN2",5,-0.156991739333089
"MRVI1",2,0.422292336597768
"ANKRD22",2,0.196430601126086
"VPS26A",3,-0.39579835748651
"TMEM203",4,-0.26309550297352
"CYLD",5,-0.095626722915993
"ZNF600",1,-0.106554688777147
"HP",5,0.117578357866916
"CLEC4E",2,0.452483506533843
"RANBP1",11,-0.449709630295705
"EFCAB14",5,-0.0695029823519265
"FIBP",9,-0.391896031328714
"CDC42EP2",2,0.398688105718067
"ZNF512",5,-0.0445270117622407
"LGALS2",12,-0.442775218679501
"UVSSA",2,0.106924529736604
"ALG5",3,-0.614647961606352
"CYB561A3",7,0.171524554913091
"AKR1C3",0,-0.301031104611378
"RENBP",3,0.654277078459399
"TGM2",6,0.292203243676245
"RBMS1",2,0.325751999434125
"SPECC1L",16,-0.0543218714171884
"CBLB",5,-0.131754129880024
"POGK",8,-0.132262207911892
"KLHL5",4,-0.241998030459056
"SAFB2",7,0.597048266147727
"VPS36",3,-0.648911634534518
"MRPL55",3,-0.754126765772544
"SMARCD1",7,0.258180586870788
"CTSO",11,-0.418168209783431
"SEC16A",3,0.476326206150953
"PPP4R3B",3,-0.543024808590877
"FAM133B",1,-0.272792519744552
"ADRM1",3,0.681827303442593
"ZNF277",4,-0.597465620534745
"FYTTD1",3,-0.464554545703061
"FAM3A",1,0.401126827875276
"NPEPL1",2,0.161301116741204
"LTF",12,0.281587360989211
"H1F0",14,0.269618859706438
"IDH3G",3,0.543263936561567
"ZAP70",7,0.236613199712249
"AHCYL1",4,0.455419843444988
"PLXNC1",2,0.307138468427684
"SLC2A1",6,0.102206277222326
"CD27",5,-0.0649535025736967
"IMPDH2",7,-0.00594383803482347
"LSM5",1,-0.397536440186017
"ZDHHC16",9,-0.680110666814531
"KLF9",3,-0.208217183661806
"FOXN3",13,0.53733321762781
"JARID2",2,0.516633089628561
"CLSTN1",7,0.352721709267041
"RCOR3",3,-0.445613024201354
"KMT2E",3,0.416067757728093
"PSMD6",6,0.0355026179340908
"TTC13",4,-0.548908024773503
"PATL1",17,0.343244351805912
"SNX11",2,0.20350945555551
"MRPS33",4,-0.571338672747035
"CMTM8",5,-0.119617050838391
"RNASE4",12,-0.13297890777375
"UBQLN1",4,-0.134787980304329
"ITGB1BP1",3,-0.355933390450805
"GNAI3",10,0.116950338314548
"WNK1",6,0.459915095814844
"ARF4",3,-0.0502255201734165
"ACTR6",3,-0.714361615547311
"USB1",4,0.559571909764795
"ISCA1",6,-0.195202978745822
"SMCO4",12,-0.359733745622527
"PARP10",1,-0.341149616036098
"FEM1C",10,-0.111086917440205
"ITPKB",3,0.278023049974385
"GPCPD1",10,-0.20212604560639
"RAE1",11,0.141414234998927
"LPAR5",5,-0.000194984395146177
"TREM1",2,0.135050769791979
"RPL23A",3,-0.407990314281122
"PNPLA6",3,0.382663224705192
"SQRDL",5,0.560117169093728
"SERINC1",1,0.221673149375602
"WRNIP1",5,-0.377163541609562
"ABCF1",16,-0.0411246749895936
"DGKA",7,0.267175494544246
"RYK",3,-0.809881011931833
"CLEC7A",10,-0.415972871246772
"DPF2",3,0.63231604945856
"STOML2",4,-0.330035974386046
"CD19",5,0.066843359094746
"USF1",1,-0.136279033974643
"SRF",1,0.287923708380175
"TSC22D1",1,0.0426840676056939
"C14ORF2",3,-0.536433748427845
"RSBN1",3,-0.145198562938218
"WBP11",7,0.335855284493895
"SNTB2",2,0.542179506999868
"GOLPH3",3,-0.349420417299884
"JMJD7-PLA2G4B",9,-0.583377822935168
"TSNAX",1,-0.142086904184129
"SBDS",11,-0.482506145270997
"NPRL2",9,-0.486937165046187
"MGAT2",3,-0.685009262697313
"CCDC12",9,-0.420525790120381
"VAMP2",13,0.774048100424341
"TXNL1",1,-0.127465865221847
"ZNF622",1,-0.406217988779843
"CCT6P1",11,-0.385606196873703
"RHCE",6,0.018463425379919
"ZCCHC7",4,-0.428833973312319
"EIF2A",4,-0.402648456983918
"ZC3H4",3,0.686233973573506
"PUM2",1,0.0918875307712123
"GFOD1",0,-0.0594972329437578
"SDF2L1",4,-0.527144159380318
"DERL1",3,-0.619089358964235
"BRD3",3,0.59521496827968
"EXTL3",2,0.647242715644484
"PARP8",5,0.172175849914667
"DUSP22",11,-0.0248020798138453
"RB1CC1",10,-0.0635296274136502
"CHKB",1,0.108871698681904
"SIRPB1",5,0.461517397892044
"DDX1",5,-0.294772658463923
"VPS8",2,0.676880110909458
"JAM3",14,0.115947667506666
"LIMS1",14,0.354756158895144
"ZBED5",3,-0.719877502310232
"E2F4",6,0.283726708531587
"PSMB2",1,0.014006549759138
"AMY2B",1,-0.334142431537672
"TMEM126A",4,-0.582351186941674
"JADE2",1,0.255939909914896
"GZMM",7,0.0487488732907316
"PGAM4",1,-0.0900445302837557
"SLC2A6",0,-0.19642457205075
"FOXO1",1,-0.026672919250991
"ACOX1",2,0.513236217700216
"KLF1",6,0.264096391308293
"ELMO2",13,0.710483810031158
"SGSH",1,0.2988108126841
"NCF1B",5,0.515370608463236
"VTI1B",18,-0.0409875720687211
"VAMP7",12,-0.129561096999206
"CDK10",9,-0.59698101296093
"NXF1",1,0.0502133891738511
"DIRC2",2,0.330010412917844
"KLF4",12,-0.33614565034812
"CERS6",8,0.0411710832733486
"HLA-DOB",5,-0.055767255494595
"XPC",13,0.674187674441595
"SORT1",2,0.486733214289667
"IRF5",6,0.0488673357136907
"PSMC6",1,-0.175638271660178
"TBCB",7,0.39761435106347
"DDX18",5,-0.129646927683215
"NAT8B",14,0.199923797987314
"PANK2",17,0.22453503820577
"ADORA2A",1,0.250877198620448
"DNAJC30",8,-0.261873251927593
"NFIX",6,0.438503255944831
"SBK1",5,-0.129771273370431
"ZSWIM8",2,0.790653251025365
"MLLT6",5,-0.0337705692904473
"HLA-DOA",5,0.0702913064622682
"DHRS1",2,0.166116100493198
"SAMM50",7,0.0457572225142235
"MTRF1L",4,-0.487555655687991
"TREML2",2,0.536953935768638
"MRPS18B",11,-0.201766977882579
"HSDL2",10,0.16913325404087
"SBF1",16,0.340437405747189
"ELMO1",13,0.841903986032463
"CDC40",4,-0.469171871636746
"SLTM",3,-0.699623539414402
"RAP1GAP2",4,0.560407843793331
"RFXANK",6,0.295983228768024
"UBALD2",5,0.664333592476849
"CTSC",11,-0.0718297253874286
"UGCG",2,0.250334303939444
"TOMM70",5,-0.261437829634039
"SZRD1",6,-0.00565893758773896
"GID8",1,-0.214485735090584
"NDUFV1",7,0.00675608811117698
"ARHGAP21",10,-0.202733801507775
"ASCL2",0,-0.191938038662135
"ARFIP1",10,-0.0565348238753843
"NT5C",9,-0.600397520161328
"CRLS1",12,-0.522006734057943
"MED28",4,-0.453814530218584
"PPTC7",4,0.390863321099245
"EDC4",9,-0.302230935044396
"TAOK1",15,0.105025877235747
"GLUL",6,0.428661334534674
"TMEM167B",10,-0.196332916540938
"FBP1",3,0.37977674831774
"SCAMP3",16,0.0517133807286166
"ATXN2",9,-0.234747049862981
"SIN3A",3,0.425289307347192
"PTPN4",5,-0.362794212750418
"PNN",3,-0.343748163864172
"SUB1",3,-0.560263226561196
"RNPS1",7,0.275248877363304
"PELI2",2,0.352205883518929
"PPP1R14B",13,0.578186866899042
"NQO2",5,0.173652592124085
"SUSD3",5,-0.307995161997307
"FAM174A",1,-0.143401972085692
"ARL14EP",5,-0.396949174129952
"TRIM33",5,0.16226961657044
"C19ORF12",4,-0.663560665117981
"UBAC2",3,-0.791359986813766
"CD302",1,-0.15847203280788
"RFNG",6,0.557385406737042
"MRGBP",4,-0.650663026498669
"CBX7",5,0.139858754748818
"COA5",3,-0.734022505517667
"C2CD5",3,-0.479466925452048
"P2RX1",2,0.366840010480761
"EBNA1BP2",7,-0.125726556077773
"MYBPC3",2,0.0930216630762944
"MGST1",12,-0.261162580429051
"RAB35",2,0.0349962063338246
"PNISR",5,-0.247580592861779
"GSDMB",5,-0.0661132046194671
"ERLEC1",4,-0.458986105751182
"PTGDS",1,0.17242800475947
"PPHLN1",5,0.0921579003011823
"SLC39A3",14,-0.0669716660562392
"ENTPD1",2,0.442815461072274
"SNX14",3,-0.501438443256888
"CHD8",3,0.502667654764569
"ATMIN",1,-0.300824070934573
"NIPA2",5,0.13158650016462
"INTS3",2,0.485388482131796
"THOC5",2,0.603773088267016
"RAB29",4,-0.292035083035576
"PREX1",2,0.386676550608606
"TMEM70",1,-0.169471258102354
"CTSL",0,-0.259245012921064
"ZNF22",4,-0.729315336583574
"CARD11",11,-0.333048979859713
"MTDH",3,-0.387217830464605
"SPEN",11,0.419611555450187
"MCRS1",16,-0.258028263301236
"PPP6R3",3,-0.331082411846919
"LSM6",1,-0.263558076331934
"TDRD7",17,-0.119636391363562
"GADD45A",5,0.26173631651273
"MMS19",5,-0.138612718672449
"NME2",1,-0.168580531459376
"ZFR",3,-0.458299039695337
"PDPR",8,-0.052212692182698
"CKS2",3,-0.618684365878279
"CHMP5",10,-0.351039897532705
"SLC8B1",2,-0.224969902282029
"IMMT",1,0.0998620718228005
"UTP6",11,-0.25945251708957
"RNF115",1,0.124648718217727
"PPFIA1",2,-0.050339306289056
"MED30",3,-0.112017478135245
"ZFAND6",1,-0.145483826237717
"PSMA3",3,-0.446951398033508
"VAV3",0,-0.109968759975197
"C1D",1,-0.123851517608612
"TICAM2",4,-0.520578311625698
"SRBD1",2,0.360072472451105
"HPRT1",4,-0.512952550084274
"NAP1L1",11,-0.302713976499164
"PIK3R1",5,-0.223839810885599
"COL4A3BP",11,0.106474639793691
"PPP2R5E",5,-0.0541762846429733
"DHPS",10,0.280567415479681
"PSTPIP1",13,0.616102792809676
"PRMT2",0,0.38234841749954
"CAPZB",1,0.320243970743374
"PEBP1",11,-0.0281543467990154
"RASSF7",9,-0.497633719028364
"CBL",4,0.48120525385624
"DDX24",7,0.279393251486138
"ACSL5",5,-0.439354291185934
"LAGE3",7,-0.147786509979999
"TMIGD3",2,0.366086315058655
"PRKD2",1,0.51761571949152
"CLTA",12,-0.165515549026098
"INTS8",1,-0.20994359418942
"UNC45A",6,0.384578983653198
"LBR",2,0.379573118424298
"E4F1",9,-0.274678287628613
"PEX11B",1,0.0576384417349569
"PEPD",7,0.174442975925612
"MRI1",5,-0.614684904469623
"ATP5L",3,-0.634532577688347
"MAN2A2",2,0.398866472115623
"METAP1",5,-0.137165813533202
"NXT1",5,-0.525975475026815
"SP4",3,-0.379389836287085
"RBM34",11,-0.315594200105896
"SAP30L",1,-0.219613064316161
"MRPS22",4,-0.441039546835962
"CANX",12,-0.104683731512687
"NME3",8,-0.379462866583058
"OSBPL1A",2,0.398671700312942
"CMAS",6,-0.221112246860443
"S1PR1",5,-0.139240411001379
"B9D2",8,0.0287817414707996
"UBE2E3",6,0.0204199214476183
"HENMT1",4,-0.224392073759118
"PRPS1",5,0.0194469453121982
"SCNM1",1,-0.0179452464970095
"ARFGEF1",1,-0.0773649926477161
"NOP2",16,-0.216000530640899
"NDUFB6",1,-0.109935713267001
"CUX1",2,0.497041898541488
"FHL3",2,0.502752959514987
"ZC3H3",3,0.446744513163554
"TGM3",2,0.329273057289618
"RANBP10",6,0.322614712563152
"DEXI",9,-0.536244791079855
"VNN1",2,0.420039457517438
"SPATA13",2,0.410587548125236
"MPLKIP",1,-0.190426514580565
"OPRL1",2,0.349347857970357
"TXNDC9",3,-0.560683228059942
"TIA1",4,-0.474712459054456
"FAM96B",4,-0.587989279797148
"UFM1",1,-0.413562814812669
"ANKRD10",3,-0.522140454440978
"TAF7",3,-0.403904553976386
"MFF",1,-0.0806730688784482
"CCT2",4,-0.329471106307281
"C1ORF52",3,-0.483983273125678
"SIK3",1,-0.147906405080658
"CLPTM1",13,0.870768695376657
"BOLA3",4,-0.471414568619955
"ARHGAP27",2,0.205321835232514
"PXN",1,0.375662808606357
"CLEC2D",5,-0.269856100699348
"PAQR8",5,-0.402798994186086
"GTF2A2",2,-0.263365196901657
"ZFP91",5,-0.261789675393933
"HSPH1",5,-0.288536439474363
"CHD9",4,-0.243969498181993
"ESAM",14,0.228821098575284
"SMARCD3",12,-0.149891052562449
"PEX2",3,-0.561329212471743
"GPR146",6,0.210903750825254
"KIAA0226L",2,0.325774125364364
"ABCC5",2,0.0885343313008283
"RNF123",6,0.400388244929102
"CXXC5",4,-0.145374813028324
"SMG1",5,-0.347893128268042
"HCFC1R1",8,0.378476281071643
"OXA1L",8,-0.32959465404609
"TUBB4B",6,0.571867374718638
"RANGAP1",16,0.0595711596940186
"GNG2",1,0.120776024619497
"AATF",3,0.694380582477886
"RNPC3",1,-0.260148460063392
"KBTBD11",2,-0.0157728961165899
"TREML1",14,0.231744313764943
"TNPO1",1,0.272978285438441
"IL6R",2,0.565876947578599
"NIPBL",2,0.220586020592383
"TRAPPC11",1,-0.302048319648001
"GPS2",6,0.534896323234413
"STK10",4,0.720160849689339
"HPSE",4,0.188944296202715
"PACS1",13,0.892083928570054
"TIMM22",9,-0.548245247171151
"PRKCQ",5,-0.184538920127924
"OSBPL11",1,-0.0370676827743071
"BSCL2",14,0.0388178372232844
"GNA12",6,0.284130353498149
"PPP1R2",4,-0.435198314716776
"TTC14",5,-0.362003204067445
"CORO7",2,0.724295604130796
"RNF44",4,0.537389010015031
"GTF2F2",3,-0.583295040846125
"GPR160",10,-0.0431748260107665
"PIEZO1",2,-0.0699345439045389
"COMMD9",12,-0.289067398289727
"NLRP12",2,0.331440815259903
"REM2",2,-0.0757766037222692
"RAB3GAP1",1,0.0459634272662104
"RAP2A",3,-0.501037980414424
"DR1",3,-0.407410068812577
"ARHGEF40",2,0.524685479643314
"SLC37A3",2,-0.00245734835578969
"ALDH3B1",13,0.773513687750959
"PLXDC2",4,0.531757338095439
"SHTN1",12,-0.243770561717714
"IPO11",10,-0.160915689017972
"KPNA2",1,-0.175933124756141
"ZNF207",4,-0.18168093496938
"TTC4",5,-0.246824996587906
"VMA21",5,-0.663419019748246
"KIAA0408",15,0.023633806031426
"ADA",7,0.109483950732462
"IGBP1",3,-0.353435271395718
"CES3",4,0.339720057270952
"MEX3C",3,-0.523217376511791
"SLC22A18",3,0.587296533547652
"MRPS10",5,-0.434522188323872
"FAM214A",3,-0.351609023634158
"PROS1",14,0.187456086412713
"LPCAT2",15,-0.0378886206407643
"HMGB1",3,-0.345867155802319
"CCNG2",10,-0.193895533729109
"WDR11",1,-0.262651208629589
"TLR7",12,-0.392758525751787
"TRAF5",5,-0.515114121593295
"RHEB",3,-0.48915497732634
"USP33",16,-0.0329215548375937
"N4BP1",3,0.629723097779343
"SLC35A5",3,-0.491884213548866
"DDX19A",1,-0.0118336345327886
"TOP3A",2,0.110152346605984
"FHL2",6,-0.0175195478903105
"BAG6",6,0.470907637773539
"FRAT1",2,0.559859270926297
"HIST1H2BJ",4,-0.277240666705322
"SLC45A4",2,0.350746166559003
"KRT72",0,0.0527231688807499
"ANKRD12",3,-0.518110443685427
"SHOC2",1,-0.0351070196887928
"ZHX2",4,-0.0783244214866098
"FOXJ3",5,-0.0410864103969026
"KATNBL1",1,-0.130724401937669
"HES6",6,-0.237176683531746
"SYNJ1",1,-0.268497076138398
"COMMD8",1,-0.311618081822826
"COQ5",8,-0.295480174600162
"YARS",10,-0.238013930512365
"TSC22D4",13,0.875763465132671
"BEX2",5,-0.26309778750377
"TFAM",3,-0.524267886762004
"H3F3C",1,0.0456821881761473
"BCAS4",9,-0.335316104378995
"CARD19",14,0.333695548083544
"TIPARP",2,0.0597408994646603
"MRPL14",4,-0.408745228093609
"UBE2A",3,-0.372179292553819
"MEPCE",1,-0.0447735826202024
"XRN1",10,-0.456911922102632
"TRPM6",2,0.255487635298365
"LRP3",2,0.00496997462839121
"AFTPH",4,0.52000672159846
"BCL7C",8,0.154613950483014
"ACTL6A",5,-0.174437654818887
"MITD1",4,-0.65051654499153
"ZSCAN18",5,0.131001151818655
"FZD7",6,0.327540187006089
"G3BP2",5,-0.28169099271963
"GLOD4",11,-0.330938506793725
"PPP1R12A",1,-0.204091868071912
"SLC35E3",2,0.27856993191177
"MGAM",2,0.419152858227684
"CHMP4B",3,0.493403862389232
"ACKR1",6,0.230574869965335
"PABPN1",1,-0.0721473572809522
"NUDT1",1,0.0621581782219766
"STXBP5",2,0.39854871433167
"VPS35",16,0.0194678112166256
"NCOR2",13,0.599793412961488
"MFGE8",9,-0.353555737519962
"THBS1",14,0.0788942586931514
"TMEM175",9,-0.197650012210776
"PSG9",1,0.279548448581976
"MAGED1",7,0.221146172822185
"SMARCC2",13,0.767254006406468
"CRK",2,0.111342785448534
"GNA15",14,0.340930517455074
"CASP3",3,-0.347126103023919
"OAF",8,0.16032444031468
"C8ORF76",4,-0.505194695479117
"ZNF146",11,-0.378072760637158
"MYCBP2",5,0.00438176971884393
"FNIP1",2,0.22547969443138
"GCHFR",8,-0.273439251097509
"NOP58",1,-0.321005208923528
"PROSC",8,0.0293237766505741
"LINC01567",1,-0.176635598757618
"CD63",5,-0.0405313534630675
"VWF",14,0.228255869561031
"CXORF38",1,0.334017246184787
"ZBTB40",5,-0.106232998975266
"LYRM5",3,-0.291277100802272
"COX16",4,-0.534300132577879
"GMIP",2,0.775180069806076
"ZNF160",1,-0.325865522742202
"CTNNA1",11,0.231740726489655
"PELO",4,0.436597299233685
"SUGP2",9,-0.663769053117707
"COMMD1",2,-0.342234448975751
"KRT10",5,-0.494163557029376
"CARD9",12,-0.235107265632437
"PHF20L1",10,-0.0409173729206795
"SULT1A2",2,0.250750479067489
"NUCB2",3,-0.306851463509395
"C11ORF54",10,0.0204997590809917
"CSAD",1,0.211531828009353
"ARHGAP19",2,0.333920614496807
"NSFL1C",2,0.49144423783301
"CHMP3",5,0.175677294184442
"SCAND1",1,0.472149780467224
"MRPS11",8,-0.319127352196331
"EBLN2",2,0.122375274544268
"UBASH3B",2,-0.0868489755587795
"RASA1",3,-0.456814555885083
"MRPL11",4,-0.505120149736472
"PITPNM2",4,0.435939758320763
"IL1R2",2,0.518143966220089
"HLX",2,0.619142604833761
"PHB2",2,-0.238569112608159
"TMX2",5,-0.131129175072399
"HAUS4",2,0.43762662872191
"CBX3",5,0.302528033322045
"TNFAIP8",5,-0.150352693030359
"MRPL24",8,-0.251349751770356
"ETV6",1,0.0452471789434761
"GGNBP2",10,0.00256898340225168
"GPN1",8,-0.190386082200525
"STAMBPL1",5,-0.331374359173311
"TOR1B",17,0.100699333498434
"TRAFD1",3,0.438231666728286
"HSPBAP1",2,-0.0154367664918468
"MRPS31",4,-0.64966905013257
"WDR48",1,0.4364569572362
"D2HGDH",7,-0.0669348028577555
"NCK1",4,-0.312151369370131
"EIF4G1",6,0.321191311326543
"SCFD1",2,-0.170819394300297
"BRAT1",9,-0.400506007856486
"USP4",4,0.595654974352848
"ST13",6,-0.410779891408705
"DCAF7",7,0.340475154735224
"CD82",3,0.600670987755793
"TOMM40",5,-0.42253881679923
"PNKD",14,0.427084989351549
"SH3BP5L",2,0.631771385486639
"DDX47",5,-0.462389617553584
"USP1",3,-0.532633614586478
"GPS1",9,-0.235584049716416
"TMEM216",10,-0.249141459485948
"SERP1",3,-0.412348552855157
"STRADA",2,0.0820364091116756
"RNF20",4,0.268340153067575
"THEM6",9,-0.709923344687252
"WDR61",4,-0.429808281291115
"MAD2L2",8,0.118114856376023
"MAEA",2,0.597740497487271
"SMIM19",4,-0.491047278690193
"TNFAIP2",2,0.0393184294246055
"RNH1",3,0.415918874778508
"TPR",3,0.39972891532649
"SNN",8,0.139422946176381
"ATP9A",2,0.288308358984651
"ASH2L",1,0.349531595170749
"MAP1S",4,0.639409582376002
"ERCC1",8,0.319193534064357
"TBK1",10,0.01988769750914
"MTIF3",10,-0.311849410837969
"NCALD",5,-0.0181683030634152
"ATG2A",2,0.67607632175179
"UQCRC1",1,0.592274208191407
"PMAIP1",3,-0.430258334113288
"PCMTD2",4,-0.491850049826932
"PAXBP1",13,-0.840632343262488
"EXOSC3",1,-0.607463945363989
"CEACAM3",2,0.00125676162881953
"SHC1",11,0.542839343193879
"TMPRSS9",6,0.360905062471729
"FKBP8",6,0.642477924325462
"GPI",1,0.213692426775276
"MKKS",13,-0.815115670788274
"ZFP36L2",10,0.0839360253786
"GNB4",1,-0.0257944766959526
"MAX",7,-0.0204866826134617
"LSM4",4,-0.405223581556046
"THUMPD1",3,-0.521722910988497
"TMED2",3,-0.615527458523975
"NUDT3",12,-0.106599734157651
"KLF11",12,-0.474943698334943
"FURIN",6,0.625891686610499
"POC1B",6,-0.198061440701611
"RAB9A",4,-0.29720548036277
"CBFB",4,-0.436006061486975
"DCAKD",9,-0.230263765352377
"BCCIP",4,-0.398362795387518
"DDX60",17,0.0359645612124919
"IAH1",4,-0.365601458525815
"MAP4K4",4,0.50498695412903
"IDI1",3,-0.249204644090894
"RFESD",6,-0.100685736469606
"RRM1",5,-0.311879251581698
"C12ORF76",14,-0.171533720550553
"RABEP1",5,-0.09556361366099
"APPL2",11,0.28277672384395
"ACPT",6,0.363169346720741
"SRSF7",4,-0.567535955250005
"DDX3Y",1,-0.138452532186415
"MAP3K7",4,-0.464863872708806
"RPN2",1,-0.367382834236806
"FLT3LG",7,0.119722171902829
"SALL3",18,0.1068260903626
"ATG9A",6,0.515019702329023
"DAP",6,0.329799017656512
"ERO1A",2,0.00732723509734467
"EXOSC10",5,-0.323582498061198
"EXOSC8",3,-0.808889473585312
"WDR13",6,0.568021678924864
"STRA13",13,-0.769238937617031
"CABIN1",2,0.775416445350465
"SND1",6,0.338182886769361
"ABHD16A",2,0.598081997225703
"METTL5",4,-0.466929124062927
"ADIPOR2",1,0.325384714832925
"CCNL1",3,-0.435823569968413
"NR1H2",3,0.792473333129905
"MTF2",1,-0.179959709431766
"DUSP12",4,-0.515364601963289
"CAMK2G",2,0.309469865289635
"NOV",2,0.16640016596558
"HSPA9",5,-0.345190880227566
"TJAP1",9,-0.577190282908818
"NECAP1",18,-0.063207443577181
"NISCH",7,0.0699070357383528
"TLR2",2,0.172407337242144
"SLC27A3",9,-0.387198044191067
"ANAPC16",3,-0.610467518164192
"TSPAN31",9,-0.685868772321704
"RBCK1",3,0.521622775850217
"ARL4A",6,0.127086555989777
"MAP3K8",10,-0.455715053398693
"NGDN",5,-0.444592484829859
"SUSD6",2,0.533105634801019
"ZGPAT",16,0.234960934900608
"GFOD2",6,0.0649792260041812
"CHMP1A",13,0.806034065625134
"SPG21",1,0.238933282722049
"COA1",10,-0.253206324383313
"BBX",7,0.361710321908934
"STRAP",1,-0.173884786128258
"WDR26",4,0.201546153090103
"GUSB",1,0.177532947460988
"SRPK2",1,0.268731184522952
"TRA2A",3,0.21369308019005
"CDH23",2,0.144500488615284
"KIAA2013",2,0.642271082960235
"DCTD",8,-0.224583305386236
"CD99L2",16,-0.0750938973357114
"SERTAD1",3,0.519823932604909
"APOL3",2,-0.478705849364516
"COPZ1",1,0.030078511865034
"GDI1",4,0.656993915282197
"SDHAF3",3,-0.383651179180403
"DMTF1",3,-0.637587646363094
"KTN1",11,-0.369838470309389
"RASSF6",1,-0.0167648020418721
"WWC3",2,0.405036137475456
"DSTYK",1,-0.170108264376283
"SLC2A14",4,0.200356639358984
"NBPF3",1,-0.110977208263256
"ITM2C",5,-0.0610906350986184
"SLC9A8",2,0.434306115919253
"ZBTB11",1,-0.376546747639506
"GNPTG",4,-0.0932735587989351
"CTNNAL1",6,0.00303586366511028
"STARD10",2,0.696580239883407
"ORMDL3",6,0.242427074600117
"MRPL32",3,-0.742003916862204
"ABHD17B",1,-0.140964682394418
"COPS7A",1,-0.18533272406931
"LCMT1",9,-0.512259887030142
"ZNF324",1,0.195198592690476
"MPZL2",7,-0.20552775133178
"CD160",3,-0.468527862765699
"PTDSS1",1,-0.0272810428447235
"PHPT1",2,-0.443594090214572
"DAB2",14,0.165894368785664
"CCDC174",9,-0.356973138115528
"UBL4A",14,0.314787736350574
"EIF4H",15,0.194651984367962
"COQ8A",11,0.211852578192761
"DPCD",6,0.15540398368593
"DAAM2",2,0.41765483608665
"AKAP11",3,-0.468189795937542
"CORO1B",7,0.384426327596508
"SH3YL1",3,-0.457298461474731
"CCNH",1,-0.274734125786045
"HNRNPA1P10",11,-0.558073977518054
"MSI2",6,0.265258792461148
"UBL7",6,0.638829190028439
"ATP2B1",1,-0.248564433112722
"CTBP1",11,0.206836662026414
"PLA2G16",12,-0.159139770321886
"ARID5B",5,0.000987107362451176
"RBM4",5,0.10536906752543
"DNAJC9",5,-0.460048024864302
"MRPL41",4,-0.478180039318994
"CEPT1",3,-0.645363762400878
"ZCCHC6",8,0.280829187435444
"PEX16",9,-0.526244219726586
"YWHAG",1,-0.227777484579813
"CRYZ",5,-0.505919897420025
"FAF2",5,-0.336634830205836
"ZNF700",4,-0.391209964449286
"ETF1",1,-0.129921879312685
"WDFY2",1,0.200449529431726
"SNRNP27",3,-0.429920044655274
"SP140",17,0.325808813918051
"ZNF689",9,-0.440569869166633
"TMEM41B",3,-0.539991774024746
"GTF2H5",4,-0.500444471328403
"IBTK",3,-0.596476050344617
"SAR1B",3,-0.485686694965992
"C3ORF62",2,0.318055713102522
"MED10",5,-0.267904107601869
"MBOAT2",1,0.10827174211538
"OBFC1",4,-0.28256488115889
"RABGAP1",3,0.473766922334099
"DKC1",5,-0.0741953836227457
"COPB1",4,-0.148994114862928
"NFYC",5,0.715071555170922
"RCSD1",8,0.145455129079295
"TYSND1",9,-0.500725778816457
"VIPR1",1,0.131514899912637
"RAP2C",3,-0.271666556530362
"TRIB2",9,-0.307174682712084
"ASF1A",4,-0.535297611174951
"P2RY10",5,-0.176933517124969
"HNRNPL",3,0.280031793421607
"COPB2",3,0.502287108235303
"CRIPAK",6,0.508207187019588
"MCTP2",2,0.233691390170335
"KIAA0355",9,-0.271899005046381
"EXOC6",2,0.239614486110226
"PPP2CA",3,-0.37392169871883
"MYO3B",15,0.00244863044577645
"ACER3",14,-0.0548043120011369
"SUPT16H",7,0.169812261695656
"ZFAND2A",3,-0.511192222104019
"ANAPC4",1,-0.33555364885844
"AGL",3,-0.421667678687893
"KIR2DL1",1,0.104854673460993
"DPM3",4,-0.371268527030482
"CCNDBP1",6,0.111248639396149
"EAPP",1,-0.14969271814745
"RPRD1A",4,-0.313356365509793
"EDEM3",1,-0.194366854098891
"AHCTF1",2,0.0484860367319691
"TUFM",7,0.237342638761367
"C7ORF43",4,0.653354550949132
"MCM6",5,-0.110997287052866
"ZBTB44",18,-0.0127442575505824
"GSKIP",3,-0.324691080818436
"UGGT1",2,0.242739158092226
"LSM10",6,-0.174201675846705
"MOSPD2",1,-0.00535159051110345
"LTBR",5,0.471843409900808
"F8A1",6,0.54815996088324
"MFSD14B",10,-0.0213528361702544
"UNC119",7,-0.428957959676678
"STAMBP",6,-0.534776542893805
"CCL3L3",4,-0.170789076335207
"IKBKB",1,-0.0839899634254829
"GTPBP4",5,-0.466361878246914
"ZNF800",3,-0.538556303279492
"KIR3DL2",6,0.55217874805076
"SNRNP40",1,-0.14092740197524
"DDX56",7,0.188043692425725
"NAA50",1,-0.18155662810926
"ID3",5,-0.224694278571558
"LANCL1",5,-0.615154933409486
"ZDHHC6",4,-0.178436740604127
"CRELD2",8,-0.160571675536284
"TRAPPC12",1,0.323899678565862
"SLFN11",11,-0.446288015261242
"PRPF3",5,-0.00426282803698661
"NIF3L1",5,-0.547794618817623
"ARMC10",4,-0.495264186441404
"PHLDB1",18,0.287151237559862
"ARPC5L",8,-0.322590694691523
"RRP36",11,-0.622332677903904
"FN3KRP",5,-0.125577952063439
"WDR33",5,-0.398652043034645
"GCLM",1,0.0599434026241343
"KDM3A",1,-0.104767384743427
"ARNTL",15,0.140268389346567
"DEDD",3,0.585782473596152
"PRDX4",4,-0.565767415650005
"UBXN2A",1,-0.280827980779233
"C7ORF26",7,0.475704872569456
"OTOF",17,0.047376906162884
"MAP2K1",4,0.135857167171615
"USP6",1,-0.169454245156249
"SLC39A1",1,0.236764777654144
"DSCAM",6,0.42010282426597
"PSMD10",4,-0.448457782337592
"SPINT2",1,0.149633950838426
"PTMS",6,0.566462846304469
"TCEAL4",5,-0.443605562415696
"ADPGK",3,-0.556542518344846
"GAR1",5,-0.0756586601151721
"ZC3HC1",9,-0.518551021852481
"WDR75",5,-0.645796444864463
"HARS2",2,-0.206153215318737
"GRPEL2",4,-0.612775829642916
"PLPPR2",2,0.712172842353898
"KDM5D",1,-0.108224264741439
"DYM",8,0.0479309090154909
"PITPNC1",3,0.546241744403076
"ZNF337",5,-0.16610367193832
"CLEC4D",2,0.062131289494464
"FBXO6",17,-0.0649673498282133
"SSBP2",15,0.0536121652195085
"MTO1",4,-0.508274062264582
"AMD1",2,0.361222548986083
"MRPL13",3,-0.616512288937121
"TAP2",17,0.124936538644614
"ACTN4",13,0.94401936148497
"PTAFR",2,0.515635538228157
"PRKCZ",2,0.210126764147215
"GRK6",13,0.841716022302475
"FLII",2,0.738025706631473
"ZBTB48",2,-0.171273227047492
"CXORF21",1,0.0457210565720573
"TSPAN2",1,-0.118940986022664
"PASK",5,-0.241452344865809
"JMJD1C",2,0.0853670194381596
"CHD7",2,0.323420804393253
"IK",3,0.520151764107744
"GBGT1",6,0.196247092537463
"SKP1",1,-0.156207654087688
"ZFP90",5,-0.375584551190954
"ADCY3",15,-0.0664171749644031
"SF1",17,0.203068584047242
"TBC1D2B",1,0.143136386625967
"SHARPIN",6,0.518452930998948
"TMEM204",5,-0.021095592895585
"CUL5",3,-0.739584711292916
"TBC1D9",12,-0.459623633504765
"NCOA7",4,-0.217164762385483
"FOPNL",4,-0.437613832237423
"RNF167",1,0.128707226374644
"RPUSD2",5,-0.184035546176362
"TACC3",4,0.593847942944936
"USO1",3,-0.530963447581683
"TOPORS",1,-0.038244643010573
"SAT2",12,-0.198902128976557
"MRPL50",3,-0.708336575252864
"MACF1",5,-0.292398223377902
"TMEM109",7,0.152975158362227
"CDC42EP4",3,0.559814500182325
"RIC8A",3,0.674225740478571
"TRAPPC4",5,-0.22236024884044
"MS4A14",12,-0.309009992671184
"SLC18B1",4,-0.446766175446377
"DGCR2",2,0.710141753754553
"LRRC37B",3,-0.645588256469279
"PIGX",1,-0.0440365642013066
"LY9",5,-0.0533113679182097
"DESI1",6,0.361464573296309
"API5",5,-0.343462803687517
"IL16",3,0.472299172987692
"KIAA1211L",2,0.477153129129004
"KCTD6",12,-0.640682702121547
"TRAPPC2",5,-0.154451674123356
"TSEN15",5,-0.695342475177797
"DGKQ",7,0.239363863262492
"AHCY",4,-0.202954304071127
"NAE1",5,-0.469693181760796
"CDS2",1,0.263703888309324
"CNGB1",1,-0.0450698206239061
"EFNA4",6,0.356720976228264
"TMED10",5,-0.293781149555263
"CLPTM1L",1,0.206879517765263
"LY75",1,-0.131413800902542
"USP32",2,0.359492348776602
"PIGC",5,-0.172558487763875
"NLRP3",5,0.0323023769155278
"CDR2",5,-0.371519720287943
"OSBP",16,-0.125616869455725
"JAK2",7,-0.22998825421725
"SCIMP",12,-0.358769282273417
"AK3",4,-0.349091499196208
"WBP1L",11,0.270502030486928
"EIF2B4",16,-0.174470458648052
"NIFK",5,-0.507563890019485
"HVCN1",1,0.0375565083243634
"BAG5",5,-0.268555440898857
"BMP2K",6,0.305246549889523
"MRPL34",4,-0.325446231583233
"PLEKHB2",15,0.24895335085007
"RRAGC",3,0.466651061242515
"PDE5A",14,0.132751121878507
"CD99",14,0.194700561780877
"CBS",8,0.386345355026133
"PRRC2C",5,-0.008719965945774
"APOBEC3G",5,-0.0610066097809771
"GGA2",16,-0.34264666951703
"LAIR2",0,-0.039991759406268
"GMEB2",2,0.00939623759597926
"RNF220",7,0.00713154821723423
"CLEC2B",3,-0.296921704133344
"YIF1B",14,-0.031929175683835
"RNF126",13,-0.688334543086916
"MNT",13,0.735917066341614
"KDM5B",2,0.680204847408295
"C1RL",2,0.355927009734054
"CMTM5",14,0.233724461348208
"TTC38",0,0.301347046121051
"TTC32",3,-0.341665098487131
"SLC35B1",8,0.0450006556062907
"TTC19",5,-0.449398298219922
"GARS",7,0.0368390076401091
"GLE1",2,-0.229299723544813
"HSD17B4",1,0.266320450339
"STUB1",1,0.459532182860564
"MAP2K4",2,0.563650060801628
"THEMIS",3,-0.543467970596861
"RSU1",4,0.00820217771187202
"TM9SF4",3,0.549090845083522
"NFX1",11,-0.347517102323716
"ANKRD11",6,-0.234757496670248
"RMI1",10,-0.281617602475089
"UBP1",4,-0.453505461620607
"MAPK8IP3",7,0.584349761111339
"MARK2",2,0.808872847084623
"MZF1",16,-0.232041481960633
"PWP1",7,-0.0168890161668502
"SEPW1",4,-0.410698840328562
"IKBIP",10,-0.0216330516093871
"SMAD4",4,-0.125444282788117
"ITGAE",3,-0.482561797030266
"SLU7",10,0.442882681410446
"PGM5",17,0.324948113688196
"CCDC167",4,-0.243597751179396
"DCTN1",2,0.320792886212978
"VPS9D1",2,0.466512052043195
"FSCN1",4,0.346359466871673
"BNIP3",5,-0.558902813047185
"IER3IP1",3,-0.480945310906925
"RHD",6,0.00752467341194196
"MIS12",5,-0.623588793765735
"AP4B1",9,-0.546436782175825
"GRK5",1,-0.298489914381401
"MANBA",2,0.085830741844662
"RP2",10,-0.121769163973768
"ANKRA2",3,-0.522356738783475
"USF2",1,0.405998744671385
"TCEAL8",3,-0.695915740079055
"WDR18",9,-0.433542498694386
"KHNYN",11,0.516012965758894
"MRPL53",6,-0.0727646938752952
"FAM118A",0,-0.0720966134618782
"RNPEP",2,0.116871846974538
"CHMP4A",11,-0.573988258370732
"RBPMS2",14,0.195730207381932
"FCHO2",3,-0.385335583137289
"PTPN11",3,-0.40439177116615
"KIAA0391",5,-0.25182684230032
"LBHD1",1,-0.0164516790775132
"NCBP2",5,-0.652024369817889
"CNOT7",3,-0.282791308039263
"ANO6",14,-0.0215676704050657
"NRROS",7,0.410811930936288
"ZNF721",3,-0.636224992310313
"MPL",14,0.287691444126394
"COQ2",12,-0.204349717638948
"ASPRV1",2,0.597654497966814
"BTBD6",2,-0.0878685964490523
"DNAJC10",3,-0.605200420597771
"RSBN1L",10,-0.0809911178498269
"MRPS15",4,-0.333504224931082
"OCEL1",7,0.354436644461734
"NUDT2",4,-0.229596492333915
"OARD1",4,-0.452602880876154
"TIMM21",5,-0.577756640413339
"EXOC7",1,0.361984630963276
"TMEM101",4,-0.242992930001821
"DNASE1L1",5,0.194181249011931
"DIMT1",5,-0.7091477137096
"RORA",4,-0.00745592778031171
"DDX21",5,-0.272488850688572
"G6PC",18,-0.0671986481647755
"PLGRKT",4,-0.180682718856565
"CLK4",10,-0.36106768268859
"SKP2",4,-0.553115807350276
"HLA-C",1,-0.171948886506959
"MYO9B",2,0.402255014011545
"RUFY1",14,0.40884584315092
"LTB4R",2,0.624907094305374
"CNPY2",3,-0.481844436776947
"NAXE",8,-0.135790254002257
"CRIPT",10,-0.0914183611314435
"VCP",4,0.233023607789805
"VCPIP1",10,-0.31635717003882
"NPEPPS",2,0.26722752057174
"SBNO2",13,0.807048973073725
"AASDHPPT",3,-0.528816086315751
"CPEB4",8,0.0469559667449763
"CNIH1",4,-0.46256141211712
"CTTN",14,0.257890714146627
"N4BP2L2",4,-0.505839740585834
"PRPSAP1",5,-0.293528774447245
"EIF6",1,0.13158971211386
"ATP1A1",1,0.0920752961216439
"VSTM1",8,-0.0429968527905821
"NDST1",2,0.432312436325781
"ZNF319",3,0.590020600656185
"DYNC1LI1",1,0.108941489727784
"LAX1",5,-0.239398623394703
"CCDC50",5,-0.323264229963091
"HNRNPA0",4,-0.384912731424242
"GPR18",5,-0.271656808553781
"HECTD1",5,-0.184393293569051
"ARMT1",1,-0.338849240306944
"ASNS",9,-0.179458121835276
"DYRK1A",4,0.0101933180047618
"NOL11",5,-0.559677215080232
"LZTR1",7,0.119605067759939
"RARS",5,-0.394242358114671
"MLEC",7,0.257269544741533
"NOA1",8,-0.183058772137651
"TRAPPC6B",3,-0.457082505342111
"IRF7",17,0.375723935045824
"ZNF524",8,0.305335439390425
"RAB4B",6,0.721255439978054
"RBBP7",1,-0.0196323337537606
"LYRM2",4,-0.478858216123589
"AP5M1",3,-0.451094385083259
"WIPI2",3,0.604279015723622
"FAAP20",1,0.546676089970492
"RPL26L1",4,-0.261773723068934
"BST1",4,0.275285413729662
"DUS2",2,-0.26768972998435
"ANKDD1A",0,-0.191945883094038
"RRM2B",1,-0.278592424414135
"TRIM39",11,0.3763042874115
"BSDC1",1,0.343422291460991
"CSNK1E",9,-0.328372184758204
"TBCC",10,-0.162723412442911
"HMOX1",4,0.336333646983146
"ACVR1B",2,0.312439178246196
"MAD1L1",7,0.116458596472988
"SCYL2",10,-0.277484587112793
"TOMM20",4,-0.562602407812823
"DHX16",7,0.418807537143634
"SDF4",7,0.505380355337756
"LYPLAL1",3,-0.375829489964039
"ZNF830",3,-0.448391065410167
"RNF40",6,0.713644518600805
"ACLY",15,0.153541505621994
"GTF3C2",7,0.220081185565871
"TBC1D22B",6,0.302167291081858
"ZNF511",13,-0.735055617269165
"MAK",1,0.0181528765309865
"LRRFIP2",2,0.434664204768144
"RBSN",5,-0.492478001233807
"CECR6",2,0.57757994299277
"PHF3",1,-0.0392972156513763
"CNOT2",3,0.352624294663273
"KRTAP19-6",2,0.421664485647472
"NUP54",3,-0.515742993514558
"NUFIP2",10,-0.426849980695055
"PIGP",8,-0.376514576422119
"SLC36A4",15,-0.0874285254207237
"UBE2L3",3,0.347936770165233
"SLK",1,-0.0703372422603326
"CES2",1,0.186693800104604
"PKIA",5,-0.404395533163181
"UIMC1",0,0.030032354381012
"UBASH3A",5,-0.0337149009529809
"ZNF791",3,-0.510861738843678
"SREK1",3,-0.508016954588415
"ADI1",1,-0.0770422969062881
"CARS2",1,-0.193824038508801
"XAB2",7,0.679690831384266
"INTS10",5,-0.569821909300323
"B4GALT1",4,0.270014337514973
"CCDC6",1,-0.0439149156730899
"TPCN2",2,-0.15196520499528
"P2RX7",12,-0.215658444069505
"DCTN5",1,-0.00432541877115325
"C19ORF66",7,-0.431177860526565
"HIST1H2BC",1,0.272031438848806
"SEC22B",11,0.287113294726971
"TOMM22",4,-0.709324593471214
"PPP3CC",5,-0.350600417228471
"RPS6KA3",15,-0.0165248767963324
"ZNF275",5,0.0534754984334103
"SUCLG2",3,-0.623978890508913
"MTRR",3,-0.687251092603145
"FBXO18",10,-0.046850763939295
"RRP12",5,0.474307416840356
"KIAA1191",5,-0.358974823561139
"GMCL1",2,0.262745669065256
"GOLGA3",10,0.136544356571495
"GCC1",4,0.115640468924637
"RAB3IP",5,-0.0397639348196213
"MYB",12,-0.304408673463573
"STX6",2,0.345123108113086
"PAX7",3,-0.288076023783223
"NKX3-1",1,-0.233002102989502
"FBXO21",5,-0.360306859313125
"RAB5A",1,0.0601959845873576
"PRPSAP2",11,-0.22195198342154
"PBDC1",3,-0.452482821332936
"PQBP1",8,-0.134265395543895
"SP100",11,0.474057204662287
"PDIA3P1",1,-0.207700584177413
"SPHK2",9,-0.163288682884557
"GHRL",17,0.237626821187205
"SUSD1",14,0.133087457619772
"DPH5",4,-0.55228384307726
"TRPV2",7,0.271770558033494
"ZNF398",15,-0.149980670414145
"DNAJB1",1,0.386964670719828
"AFMID",18,0.141705769277921
"UBE2G2",5,-0.308504048458543
"MAFF",17,-0.0469070760948919
"SURF1",1,0.130349232088126
"EIF4E2",12,-0.10675827430099
"RTN2",4,-0.459739927713074
"KLHL12",15,-0.0860674090960149
"TLE3",2,0.716074405761391
"STX4",3,0.434984121159662
"TMEM45B",2,0.15373773134755
"MAP3K11",2,0.860705975870828
"SNX6",2,-0.164859127663972
"IDH1",12,-0.146265350896658
"PNPO",2,-0.351569796809459
"OAT",15,0.279546386323372
"IMPA1",3,-0.591314531924816
"KXD1",1,0.250088420398237
"UTS2",0,-0.0144074674448376
"DAPK2",2,0.442945099613482
"RABEPK",1,-0.355164235845999
"TRIM44",4,-0.28238095333896
"LAPTM4B",14,0.0680237330687165
"MICALCL",6,0.445951500748911
"ENTPD4",1,0.00893631470777092
"RAB6A",1,-0.185842788287568
"MRPL21",8,-0.186899603571437
"NFXL1",4,-0.325348672863895
"ALDH5A1",6,0.133737662089017
"POLR3C",1,-0.217944289755895
"PSMD2",6,0.308712425491919
"APEH",7,0.407541015706734
"MAN1B1",9,-0.31617093772724
"MGMT",11,-0.371872200327523
"SIRPG",5,-0.558750971259328
"KAT2A",9,-0.633623989736347
"HLA-DPB1",4,-0.0959032831863464
"CSRP1",3,0.454286988583852
"ALOX12",14,0.310247638592562
"METTL13",9,-0.260474376833127
"HMGA1",7,0.39311748407234
"ZNF839",1,-0.00887031444798415
"GOT2",7,0.285816007836507
"DDX42",3,0.188553754902744
"MZB1",17,0.0825823514930233
"TRRAP",16,-0.00726817413708818
"DPH3",2,0.332309470720067
"TRPT1",9,-0.581655988402609
"FBXO30",1,-0.266384574793392
"ZCCHC17",8,0.026173710873061
"HM13",3,0.585318071407884
"ZNF672",1,0.268921624541952
"NFYB",1,0.0170141785503971
"GATA1",6,0.510593886190373
"PRR5L",4,-0.25060087940638
"ZFAND3",2,0.695404570974317
"OGFRL1",10,-0.083166311455737
"MARCH1",3,-0.381496984992347
"SLC46A3",1,0.0822811513138726
"HSPA4",1,-0.00938490996962097
"TSPAN18",16,-0.0334116644761597
"DDIT3",10,-0.049391151924294
"ASAP1",2,0.407803086884842
"STXBP3",2,0.070010757733004
"PLGLB1",0,-0.0885166391765827
"C1ORF50",1,-0.3559729966508
"HECW2",2,0.431615886866474
"SNAPC4",9,-0.322022595439802
"FAM126B",1,0.0803842904893054
"RNMT",7,0.115716767244903
"PTGDR",4,-0.371592067770643
"ARMC1",11,-0.411766786504725
"ELOF1",6,0.279969085790487
"DCTN4",1,-0.290941386901833
"GNB5",14,-0.340750743763073
"SESN1",4,-0.423126867264707
"ABI3",1,0.115684253228277
"TGFA",1,0.179291867322414
"GTF2B",1,0.206057389412982
"NACC2",2,0.141516680645568
"NUDT16",2,0.477510243522419
"HSPB11",4,-0.424802908698532
"DAGLB",9,-0.270564708825175
"RGPD1",1,0.0555043096336607
"NUP37",4,-0.63468686000515
"KEL",6,0.345261174203644
"RABGEF1",1,-0.0852151939854313
"FAM13B",3,-0.553129110851711
"EIF4G3",11,0.209875050539367
"FAM98A",11,-0.346296157539958
"PNMA3",9,-0.138968085358806
"GPER1",4,0.200529487475037
"TOP1P1",1,0.00100420680888768
"TRADD",7,0.499309697240379
"PRDM8",15,0.220289452932538
"EFTUD2",3,0.432969117449488
"CD300C",3,-0.162422167368761
"CCDC115",5,-0.0258146814464357
"FAM160A2",2,0.610401260733262
"SF3B3",16,0.00513821116026592
"RECQL",1,-0.179597006457526
"CCNJL",2,0.455674913027643
"HAX1",4,-0.53995146555733
"NMD3",3,-0.725631349202863
"QSOX1",4,0.355388302244177
"CYP4V2",4,-0.473930868489605
"RNGTT",3,-0.412952483596924
"TMEM128",11,-0.319128086254203
"JKAMP",10,-0.289976006575378
"ARRDC3",2,0.221959680694529
"RAB27A",5,0.485047069089887
"VPS13C",3,0.327864403587122
"MRPL17",13,-0.774679263927934
"SIAH1",10,-0.205007874229991
"MXI1",6,0.151172619006696
"PHACTR4",5,-0.321268535337116
"EIF2B1",1,-0.0745400136070576
"SPC24",1,-0.0405477515086483
"SLC22A15",2,0.199204805440988
"RBM6",6,-0.0926031761638656
"RRBP1",3,0.406711690876258
"SMAD3",5,-0.239831633211231
"MANBAL",4,-0.149870801051027
"CIDEB",4,0.31859215366646
"CR1",2,0.351865533510203
"MED20",12,-0.594950148674635
"TMEM2",1,0.139213289340247
"DDA1",8,-0.0950998431927954
"TM9SF3",1,-0.199331422687577
"ZEB2",1,-0.239910380424761
"WDR37",5,0.0857375812507226
"REC8",17,0.100056710469979
"KCTD5",15,-0.0988590530238029
"CNNM3",3,0.528624742652064
"RBM17",4,-0.379921310799458
"UBTD1",2,0.768917889295789
"CYSLTR1",10,-0.0596113729681533
"RILPL1",1,0.163194632815164
"SGK3",12,-0.585188534924295
"EPB41L3",4,0.178866803261072
"IL18BP",16,0.111493521786424
"APBA3",3,0.384403587262134
"RBM15",3,-0.640900557546555
"WRB",1,-0.308440091035512
"PCTP",5,0.111253858409087
"TP53INP2",2,0.606035381869009
"UBE4B",4,0.301682609449114
"DBT",9,-0.373954346686708
"DPEP3",2,0.120557010879788
"PPDPF",6,0.564788377938286
"MED23",3,-0.485951789498424
"RGMA",1,0.324832549602151
"MICB",1,-0.272754067383882
"POLDIP3",1,0.615232687409991
"DOCK5",2,0.427145694306873
"SPTSSA",12,-0.443600112708885
"CHCHD5",8,-0.0439656478215299
"LHFPL2",5,-0.0880018171431322
"UBE3C",5,-0.441839794058017
"ATP5SL",1,0.229311985269451
"PPFIBP2",9,-0.282342581700314
"SAMD14",14,0.226491418324134
"FAM134B",5,-0.432910106008389
"DMD",6,0.289754115483137
"ACP5",6,0.219983109526091
"LTA",9,-0.353572979237319
"GPAA1",3,0.599312031639769
"LXN",2,0.187756942404036
"STK39",5,-0.270249049172807
"TTC25",6,0.32886397840753
"DDX58",17,0.319787955743432
"FGA",18,0.153645661408902
"HACL1",5,-0.455395847736085
"CWC25",11,0.0800487636779202
"ATP8B2",5,-0.283277923749686
"TXNRD1",11,0.0857347751428002
"TXK",5,-0.289271953396926
"PLSCR1",2,0.212654079467299
"SLC38A5",6,0.36012621715182
"TBC1D15",10,-0.0897274586686106
"CERS5",1,0.146711522902458
"SECISBP2",1,0.0758265195855991
"ANAPC11",8,-0.259824558646576
"RPS6KB1",3,-0.636205784909272
"GAPVD1",4,0.041024920586027
"WIPI1",2,0.385880438430175
"RIPK2",1,0.0973410795473088
"TCEA3",5,-0.102771624382771
"EMG1",4,-0.403924675803655
"POLR2C",9,0.2083991928547
"CD5",5,0.130904453175842
"TICAM1",10,0.0363438808482239
"SDCCAG3",5,-0.422595355088548
"ZFYVE21",1,-0.0671075255203445
"FAM188A",3,-0.658496071907762
"ERCC5",5,-0.0347594332904176
"TTC39C",5,-0.215440918207018
"YTHDF3",3,-0.324965422112698
"PAF1",4,0.454479116640198
"KRCC1",3,-0.352932587117058
"PSMC3",9,-0.576528009334167
"ZNF83",3,-0.532778154655832
"TSHZ3",4,0.208313766204318
"MKL1",5,0.483835452363008
"ZNF493",1,-0.0271562487094998
"MOB4",3,-0.500573331470038
"BMS1",16,-0.203532232128516
"PNPLA8",1,-0.245883715607454
"PLCG1",5,-0.161980795401863
"CEP44",4,-0.612215703803366
"SNRNP25",8,-0.150546163333778
"ATPIF1",4,-0.359853178372496
"CTR9",1,-0.010257871157636
"PSME3",3,0.570487291351139
"ACBD3",3,-0.573189713104734
"SPOUT1",9,-0.477840720954988
"SMARCA5",1,-0.0183568623205149
"RABGGTB",3,-0.725246968215181
"ZFAND2B",3,0.427264846787812
"GNL2",5,-0.605500616106542
"RABL2A",11,-0.143766684940469
"POLR1E",5,-0.552208838344499
"VPS13B",13,0.692472770998368
"C1ORF123",2,-0.34296331020947
"LARP4B",3,0.160927744889753
"TNFSF12",8,0.154767458308592
"ICOS",4,-0.537057143327464
"STIP1",10,0.367041636215436
"BTBD10",10,0.0112201722699904
"UBA6",3,-0.529205545642495
"RBMX",8,-0.0486763585230079
"ACAT1",5,-0.37427728564143
"U2AF1",1,0.0773497249551703
"NELFB",7,0.553081750086286
"GTF2H1",1,-0.268685304945159
"SPAG1",1,-0.205873394634183
"CCT3",7,0.10260887676916
"RPF2",4,-0.545091154839914
"LY6G6F",14,0.215222100753832
"ILF3",7,0.00891339146096141
"PPP2R2A",11,0.298136625642544
"TTC1",1,0.320398125247699
"UCKL1",7,0.117617877567535
"NOL12",9,-0.399708355913814
"SMG5",4,0.207926927498072
"RBBP4",1,-0.313184603575914
"HIP1",4,0.258168454122851
"TMEM106B",3,-0.44613621302747
"SOCS2",5,-0.476154423963488
"TNPO2",3,0.0453716616515573
"SEC22C",5,-0.228657050129305
"PLP2",5,0.280514986782437
"ENOPH1",4,-0.596841333118817
"FEZ1",6,0.306145616071055
"EXOC3",1,0.454737365985045
"ACOT7",14,-0.119243840886389
"SH3BP1",13,0.745258019319585
"MTCP1",4,-0.367263484457921
"CSTA",5,0.0332705228728965
"SYNE1",1,-0.100976345727635
"TSC1",1,-0.21153546982856
"ADCK2",5,-0.0770157727438097
"PPP1R35",4,0.0755717198523323
"PTTG1",0,-0.404588843814664
"OSGIN2",2,0.303879353409341
"SELT",1,-0.185976048769006
"GNG5",5,0.725218007181891
"TEF",13,0.824546954422734
"PYCR2",1,0.203796924009651
"C18ORF8",6,0.435189142891952
"AP1G2",7,0.548902877425552
"MCEE",4,-0.699869177667568
"NDUFA7",8,-0.158197428895042
"PPP2R5B",6,0.470078897718685
"RRP7A",0,-0.0555704575886646
"RNF135",4,0.438901387180186
"TOPBP1",1,-0.310344037930479
"GAA",2,0.506494362278532
"NFAT5",11,0.343335636678601
"TMUB1",7,0.564781964765797
"NCKAP1L",4,0.0654209873353882
"CA5B",4,-0.491313667953904
"MYL9",14,0.295820911138824
"NOL6",1,-0.222229640280925
"ZNF395",5,-0.054367693154136
"CPNE8",12,-0.54583085402626
"KIAA0907",5,-0.350773402659265
"TTC31",7,0.158848457895246
"CASP5",2,0.233850504989302
"TMEM30A",3,-0.411640757617652
"ANKMY1",9,-0.605239501816812
"PHF23",1,-0.0792112126559404
"SRPRA",3,0.750554312440443
"PAFAH1B3",9,-0.413048376064962
"KYAT3",1,-0.241964253397779
"VSIG4",2,0.116729554250237
"POLR2H",5,-0.666465974500503
"YWHAE",13,0.621359665448116
"TMCC2",6,0.181859315473187
"SLC24A4",11,0.0799806658522915
"MYBPH",7,-0.0439775227831925
"CD47",11,-0.458299064597843
"RIPK1",11,0.382537285629864
"PTPA",10,0.300325077897746
"FAM58A",4,-0.504249708137394
"SYTL1",13,0.754273962589636
"STX2",5,-0.433901948001275
"PAM16",1,0.427196156936432
"SMS",1,-0.109235140759926
"NSMF",1,-0.409586367592185
"MSH6",0,-0.475457037783677
"ECHS1",16,-0.220049051821747
"LRSAM1",2,-0.0196323869258759
"PFDN1",4,-0.2185474301525
"JADE1",11,0.230586290867564
"SUPT5H",3,0.569697091167082
"TVP23B",3,-0.367937894033874
"USP5",7,0.404674371981641
"MED4",3,-0.286990888211153
"FBXW7",3,-0.260785318238605
"PPP2R3A",1,-0.100205836026991
"NIPAL3",5,-0.0520464902703626
"MRPS30",5,-0.196148136483654
"ATXN3",1,0.0558925849838973
"AP2A1",6,0.643545683260883
"CUEDC2",3,0.443926565808348
"NSMCE1",16,-0.116297930374092
"PTRH2",4,-0.385718282739574
"NAB1",3,-0.324414865345785
"TNFRSF10C",2,0.495068653268195
"HIST3H2A",6,0.0720913587100761
"PLA2G7",12,-0.412365280943105
"RTCB",16,-0.100460714988027
"TRAF3IP2",1,0.021245119497915
"BRE",3,0.595814773292234
"ZNF274",5,0.303557219825837
"MRPL35",4,-0.605200422756831
"GMDS",9,-0.270271555893509
"CLDN15",4,-0.390172742891621
"GIT2",2,0.291582441500054
"LRIG1",5,-0.330072337860938
"ZNF816",4,-0.591591749495498
"CLEC16A",16,-0.0600372372858448
"SLC7A6",5,-0.208242054025053
"CPSF3",12,-0.510784907927
"MFSD5",1,0.553721266953121
"STX8",3,-0.553361796195027
"UBQLN4",16,0.0482152292672707
"CYB5A",6,-0.2815863907025
"COASY",2,0.0608518882867624
"SH2D1B",0,-0.243007354459307
"ANKS1A",2,0.620459256998965
"ROCK1",15,-0.0224880672621644
"IRAK1",3,0.394243545647758
"NDUFA9",8,-0.226660301177618
"PFKP",7,0.00149121833745822
"PRPF31",7,0.336340446915875
"CCDC25",9,-0.472286303983488
"SUCO",1,-0.310258740346262
"PSMD1",3,0.596077939633673
"CDC5L",1,0.161185665037781
"CASP8",10,-0.150761461950835
"TUBB2A",6,0.0424417362879952
"ARPC1A",4,-0.108128662481318
"ELP3",9,-0.33756798642644
"AP1G1",2,0.303968180413489
"GPD1L",5,-0.511966734588098
"GDPD3",2,0.0532882214261429
"ZDHHC17",10,-0.296726095960314
"GBAS",3,-0.413366688321644
"SP2",13,0.852264101455273
"TMEM218",4,-0.664609113780137
"CBLL1",11,-0.192561476201521
"PPP1R16B",5,-0.0875966645214782
"ZCCHC9",3,-0.315725379834963
"FGFR1OP2",1,-0.265329685850313
"HNRNPH2",4,0.47121525869582
"KLHL9",4,-0.50573380908763
"NMRAL1",2,-0.475026969971167
"SIL1",9,-0.372945560573174
"XRCC5",4,0.384502031484559
"CHST12",5,-0.38388039182311
"RAB22A",4,-0.344404523534467
"OSBPL5",3,0.22782702906891
"ZNF213",3,0.586380493128619
"AP5B1",5,0.249658844367388
"SLF2",9,-0.414756417411798
"WBSCR22",5,-0.241274360958203
"TRIM5",17,0.218285431638041
"GALC",5,0.0702430275682071
"SKIV2L",2,0.247129179303959
"SWAP70",5,0.0653511487283914
"SMARCA4",16,-0.136757691275189
"ASB8",1,0.00579022469918636
"TARS",1,-0.290554571154027
"CDK4",7,-0.0732315839837147
"LSMEM1",2,0.159061865223108
"CCDC14",5,-0.596462383244508
"SERTAD3",11,0.286145189431104
"DHX40",1,0.37343203106296
"TAPBPL",1,-0.423894471362842
"PAICS",5,0.119987742120208
"RGL2",2,0.364762966257498
"CAMK1",1,0.279930940571156
"KDSR",3,-0.34824395684829
"ABI1",1,0.0843330475528762
"NXT2",1,-0.427502632625197
"KMT2B",13,0.795039291986134
"CHUK",10,0.000477174316045473
"KIAA0922",3,0.42389420465686
"CORO2A",2,0.346304473194012
"BORCS7",4,-0.467499712815188
"ORM2",2,0.307508691938772
"RARS2",1,0.105856792935296
"GNB2",13,0.847264160238841
"TRIM52",4,-0.230994997551156
"PCF11",10,-0.195980258474419
"TNFRSF4",9,-0.429281584931674
"ZRANB1",6,0.172711060241261
"CCP110",3,-0.591769654710079
"SMAD5",3,-0.611381473137684
"L3MBTL2",7,0.260562237642381
"GALNT4",3,-0.180024667844741
"PLRG1",5,-0.251568892661716
"MAP3K4",5,-0.0978817672691652
"NELFCD",7,-0.00681426771237055
"USMG5",10,-0.227113048389459
"SSBP3",6,0.562856754296715
"DCXR",10,0.131101319972314
"ZNF33B",1,0.0497839782962128
"NOL8",11,-0.205427815935658
"RNASEH1",5,-0.0260177832739735
"KLHL21",2,0.560633448049347
"PDK3",2,0.569456638872825
"FAM43A",4,-0.558697831242306
"MIER1",2,0.196157678779145
"FBXO9",6,0.435490045135694
"CITED4",2,0.657106362472689
"NSUN7",2,0.338642179345092
"TRMT1",8,-0.280028090567191
"TMEM42",4,-0.567313905527636
"SIRT1",3,-0.334114610987922
"CMBL",6,0.111408287470066
"MPHOSPH8",4,-0.240166337119362
"NAA38",4,-0.407572145895377
"UBXN11",8,-0.0257093007013918
"XYLT2",5,-0.0443625046219645
"PSMD14",3,-0.54396519250792
"ACTRT1",6,0.293423426735569
"VENTX",9,-0.227137119071184
"CKAP5",16,0.307382178367794
"NIP7",4,-0.498299683975965
"RNF213",17,0.111890767632562
"DDX19B",16,-0.184735553001765
"RASGRP4",2,0.778286097902817
"USP7",6,0.248962332548374
"BFAR",4,-0.28020497752872
"DENND1C",3,0.765488086579293
"FUBP3",5,-0.636496240542996
"EIF4E",1,-0.308127078487287
"HMCES",1,0.0813548294580751
"B3GNT5",1,-0.213932831597316
"WDR20",3,-0.316450442469674
"SUCLG1",4,-0.159365363710961
"LARP7",4,-0.281834623174051
"YIPF4",1,-0.117806675374492
"CPA3",4,0.278381969463242
"INTS1",2,-0.141213978837843
"ST3GAL6",3,-0.436889531037935
"ERAL1",6,0.546928168192847
"KDELR1",1,0.0284917345161665
"UPF1",2,0.659458187913591
"RNF165",0,-0.213717234980163
"IQGAP2",5,0.158222044765188
"ELP6",9,-0.485228811915398
"RBM42",13,0.807514414408525
"AIMP2",16,-0.167394455979714
"DFFA",5,-0.0137681302440146
"ZNF644",3,-0.51544131066903
"PRPF19",16,0.181059076529516
"NCOA6",4,0.536482493973174
"SNX16",3,-0.598632846058411
"TARP",5,-0.103663976184347
"RFX2",2,0.567617071251868
"SUPT20H",2,0.334006340105197
"AZI2",3,-0.505285258088521
"FCAR",2,0.211727757146994
"KDM6B",2,0.541850418159412
"ADGRG5",5,-0.0329375081714991
"IPO8",4,0.324978698053607
"B3GALT4",1,0.362100116024857
"CAPN15",2,0.696956178690585
"TMCO3",2,0.338762074429447
"RBM7",3,-0.362409346363196
"FCGBP",9,-0.139300379769724
"TP53RK",4,-0.419070743217107
"HADH",5,-0.652036635910972
"PTK2B",5,0.678095945496575
"PLEKHM1",13,0.865928862974745
"SAP130",2,0.51442427521545
"NDUFAF2",4,-0.420632563026372
"LGALS8",1,-0.304016501749331
"SLC2A5",12,0.100104921980726
"TATDN1",3,-0.558916481137197
"DNAJB14",6,-0.0498439604788537
"ZNF362",3,0.541329746838133
"CTAGE5",4,0.53042416288711
"FOXC1",2,0.350107701979812
"KLRC3",4,-0.245332778509739
"COX14",3,-0.603736370796324
"C1GALT1",3,-0.232659990775083
"RNF138",3,-0.553821176189507
"LEMD2",9,-0.609475250696366
"KDELR2",6,0.0143983526553834
"COPS7B",5,-0.129483178228465
"EAF1",1,-0.025543315359921
"NUDT14",8,-0.0576493426595427
"NUP205",5,-0.246059888719951
"SSBP4",8,0.207446268588399
"SRP68",7,0.0955712669414908
"NOC3L",3,-0.653398367714307
"SPNS1",0,-0.336348524987046
"NCR3",7,0.0771528525488049
"EXOSC6",4,-0.324155296439827
"TMEM120A",2,0.413807163744275
"CES1",3,0.25001027708716
"HAUS7",16,-0.136586991165697
"ABCB10",3,-0.578740104519992
"DNPH1",5,-0.269890214181011
"C15ORF52",2,0.275319816414274
"MYPOP",7,0.29830485450433
"CTCF",3,0.500884994040408
"ST3GAL5",8,-0.480667019911992
"TAF1D",3,-0.351774120881818
"DRAM1",11,0.156759860278702
"ZC3H15",3,-0.367693748766085
"ACVR1",12,-0.479427743403849
"VAPA",1,-0.141485620703609
"PBX3",1,-0.022685846811341
"FNDC3A",3,-0.345765432863509
"EP300",13,0.754673986775914
"SRP19",4,-0.202981024919109
"TSPAN4",12,-0.441928939415663
"TMEM5",5,-0.392120198017731
"WRAP73",13,0.691033238274199
"DISC1",2,0.518152851079246
"NR1D1",18,0.205169456331509
"RPF1",11,-0.439389369961685
"UBE2E2",12,-0.316099199436121
"ACSL3",2,0.392999158517303
"MTA2",3,0.50055629429324
"TNFRSF17",17,-0.188116657056468
"ARRB1",4,0.442881968885157
"RNF31",11,0.496944889690112
"MAN2B1",3,0.598208371807778
"DOK2",1,0.0435815684098414
"DUSP11",1,-0.151422999997941
"KDM3B",2,0.319643994481901
"FBXW11",3,0.50194835672298
"ESPN",6,0.387125579893427
"DMAP1",16,-0.157757056617175
"ORAI1",3,0.712266459096834
"BLK",5,-0.0195558424686247
"ING3",10,-0.0706015952642659
"PCCB",10,0.160525127535863
"LYPLA1",1,-0.274167757851113
"PLAGL2",3,0.409779845278467
"SEC23B",3,0.571602422436623
"SLAMF1",5,-0.322218824021127
"TBC1D2",5,0.0312472907770707
"CUL2",4,-0.4433514429725
"STK3",7,-0.0552539946527658
"MSANTD4",4,-0.588587656914731
"CHTOP",12,-0.198953926270286
"TRIM26",3,0.642017098522417
"MGME1",4,-0.354053367471487
"PNPLA7",16,0.0609936399933909
"DDX23",1,0.448552377665369
"MRPL45",2,-0.488717136388196
"C21ORF2",16,-0.208961079201495
"STK19",11,0.210282459682513
"RNF144A",9,-0.132065969028218
"SURF4",1,0.323388453138072
"TCF20",1,-0.0848166660936894
"THYN1",5,-0.126219605821593
"PURA",5,-0.523621924478634
"ZC3H18",1,0.245911894025574
"PRKCA",5,-0.157558849776138
"RAB2A",4,0.287682538588865
"FUCA1",8,0.084348191310535
"POLR2I",8,-0.231460149710553
"DIS3L",5,-0.546892470744168
"GIPC1",7,0.420108452823907
"PCM1",6,-0.265164579802981
"FAM83F",18,0.321337791600363
"PPIG",1,-0.114731235513462
"HERC1",3,0.416782111796181
"ZNF438",2,0.35759231663902
"TIAL1",6,-0.305789051876051
"BOD1",4,-0.661718569798517
"ADO",3,-0.738868374652091
"COL9A2",2,0.46308680420688
"USP42",4,-0.164259669544969
"NDST2",9,-0.187353165834786
"ARAP1",2,0.743484176772
"ZBTB20",5,0.114269368488669
"SLC35A4",3,0.672718465453097
"GEMIN4",16,-0.260181102555052
"SDHAF1",4,-0.281188645144117
"MRPL27",4,-0.487096780476729
"BIN3",0,0.290509774680051
"IPP",1,-0.0253193001025912
"MYDGF",4,-0.423444771871857
"MCFD2",1,-0.20038230135067
"IL37",0,0.0613433907322542
"PTP4A3",2,0.630838673168022
"MOB2",6,0.590362437350557
"AAR2",7,0.304669108367402
"POP7",6,0.210701114740861
"PRKCSH",4,0.318703397740629
"LRP5L",4,-0.628779532113143
"SLC46A2",12,-0.246763308522315
"FAM20B",6,-0.075830621542548
"UHMK1",1,0.129308546259901
"CCDC97",13,0.790628768876137
"RMDN3",6,-0.157384121894828
"TBC1D4",5,-0.510369454758204
"WDR59",5,-0.144699966098193
"SYNE2",1,0.126392228346623
"RTCA",3,-0.39250788368212
"PRKAG2",10,-0.170243177343328
"BLVRA",6,-0.299728599462303
"CLOCK",1,0.27023144998967
"TBCD",3,0.406047960310821
"PEX5",5,-0.275126149647062
"DPH2",5,-0.258238280761249
"ITFG2",7,0.0580521461647868
"ARFGAP2",4,-0.112621842751303
"DCAF15",13,0.764158783208651
"RAB21",1,0.0568976626331683
"ZFYVE16",1,-0.00077738631600197
"UBALD1",6,0.712729380250724
"PIGQ",6,0.0237283064309592
"GRSF1",4,-0.67854139495366
"C5ORF30",2,0.251477137847086
"GNAQ",4,0.308607949882006
"FAM49A",8,0.383280570546275
"KLC3",6,0.421111652394737
"GOLGB1",1,0.11923500666563
"FASN",6,0.12134071473241
"SPATA2L",1,0.0896469560443339
"NLRC4",2,0.383123867636437
"GNG7",3,0.477799660421786
"DDRGK1",10,0.125105974673507
"TMEM165",10,-0.417218948286136
"CFAP44",4,0.416448376700418
"ABCG1",1,0.24807480471241
"MS4A4A",1,-0.105977634454879
"HINT2",8,-0.0906134365576474
"TSPYL1",5,-0.0653406574775136
"RANGRF",1,-0.250077133211161
"INPP5A",2,0.498745539974235
"FLCN",6,0.292107205268617
"PHYKPL",11,0.121135765481362
"C11ORF1",4,-0.193327056911008
"SPCS2",1,-0.128868154900614
"FLVCR2",12,-0.207973319420082
"AP3M1",7,0.119653460657653
"TMED1",7,-0.497231347645132
"OLFM1",12,-0.197483173502399
"SPTAN1",7,0.45775146004277
"BRD7",3,-0.526071330999054
"TNFAIP3",10,0.0795073307437359
"SMARCC1",3,0.373657341324137
"CETP",14,0.110510805624674
"PTK2",14,0.0350177864548875
"IPCEF1",1,0.0404308997284452
"UQCC2",4,-0.502703036797388
"NPSR1",1,-0.255414528851403
"DSCR3",7,0.285410217809009
"BZW2",8,-0.356629929495564
"LNPK",3,0.233599681469111
"ZFYVE26",16,-0.0355545168316649
"CLDN5",14,0.237159938356056
"COMMD4",8,0.229898058081945
"AEN",9,-0.425448367739275
"COG3",11,-0.447964713585472
"TPK1",1,0.101768701119376
"TMEM184B",2,0.65618689172569
"TWSG1",3,-0.488343870828676
"SMG7",2,0.4726094439593
"KLHL3",5,-0.27526910393537
"MYO18A",1,0.0496400891402432
"NUP160",4,-0.465666453831846
"ZNF200",17,0.116190043428081
"FXR2",18,0.289091729818388
"SSH3",2,0.370817914352794
"LDLRAP1",5,0.0643018261549357
"ACIN1",1,0.517538908519351
"SLC41A3",9,-0.643435917660852
"HSPA1L",2,0.179684952452375
"DCUN1D5",3,-0.516128861359255
"AGO4",2,0.304301138917913
"SLC7A1",6,-0.0773949763522059
"ZNF598",16,0.247459406206304
"P4HA1",1,-0.354897245224877
"HS1BP3",5,0.592151757001243
"ADAT1",1,0.210975859724312
"PRPF4",7,0.442986664735791
"POLR2B",1,0.0632267208171947
"ZNF831",5,-0.482686917592979
"MSMO1",3,-0.455861706086901
"ZNF671",9,-0.221893298042849
"TRIP4",3,0.598884581366332
"ARHGEF1",13,0.769981314843726
"HIST1H3D",4,0.156091616662446
"ST6GALNAC2",2,0.32923686357623
"APOBR",2,0.669480010216454
"TP53I13",5,-0.602575695980802
"DUSP28",4,-0.406974824820174
"PRRC2A",13,0.878665511879278
"HCAR3",2,0.149645392125795
"YIF1A",13,-0.691796434839083
"AK2",8,-0.0973112020832716
"CREB3L2",1,0.0428290693188216
"ZNHIT6",5,-0.368230118404937
"DCAF5",1,-0.113634101650996
"MRPL48",11,-0.494662066016504
"ZFPM1",3,0.703080440518441
"RALGAPA1",3,-0.58439036563865
"DNAJC5",2,0.64291621063553
"KIDINS220",2,0.434550536868872
"CALR",3,0.451312317957238
"MTMR4",1,-0.231001293338519
"SLC36A1",4,0.0440561671084784
"PNKP",3,0.626010709456298
"ZNRD1",4,-0.197027286187117
"MYO5A",8,0.0576922382904546
"TSPAN3",5,-0.268053873403929
"BCDIN3D",4,-0.522096086426204
"DNA2",6,0.294603414982897
"C1ORF131",4,-0.393787452374208
"LIMK2",2,0.557123034531841
"IL12RB1",13,-0.51662811772579
"CCDC84",5,-0.0604719805183803
"BATF",4,-0.317407279074912
"STIM1",13,0.743047891386945
"SLC25A38",6,0.222124641999471
"AP3S1",10,-0.197600033988876
"BTN3A3",11,-0.180624207160071
"SDHA",16,0.235835450174724
"BTLA",5,-0.334909167762053
"CPSF1",9,-0.381509414921481
"AHSA2",1,-0.355368852944559
"STEAP4",2,0.111132677365882
"EHD4",3,0.385180123219215
"SERPINE2",14,-0.119046796159331
"SRC",14,0.271401878565026
"ITGA3",3,-0.273194652328391
"SLC6A9",6,0.217277998184706
"PHACTR2",1,-0.0586384292370536
"IRF2",1,0.23362674225919
"SLC25A46",3,-0.572261146018078
"KHSRP",4,0.23268506905931
"GMPPA",3,0.512436644272649
"DKFZP586I1420",15,-0.0625969719761521
"UBE3A",5,-0.513681459635301
"SMC4",3,-0.330204647754641
"LAG3",7,0.0757222274176441
"RINL",3,0.191402291235896
"KIR3DL1",4,0.452101218456479
"TRMO",1,0.173117207015206
"ARHGEF7",5,-0.0668357466039289
"CNEP1R1",1,-0.150783006432435
"TTPAL",1,0.44537407574186
"ENSA",1,0.229985719224851
"ACTR10",1,0.400619605469108
"GLYR1",4,0.563355103254524
"NAIP",2,0.0530685101383778
"ENC1",0,0.129990203774489
"TCEAL3",16,-0.214806490729564
"TRMT10C",11,-0.354419573816141
"TMEM209",4,-0.353573796407454
"TLR10",4,-0.180117855143365
"PFKFB2",2,0.385727186185401
"TNNC2",14,-0.0612583666834624
"PPOX",6,0.0747779958165424
"VPS37A",3,-0.351813851918604
"PTGES2",9,-0.539196903414081
"GNL3",5,-0.436799269581605
"ZNF559",5,-0.591062120908016
"KATNB1",3,0.555707752462936
"MICU1",2,0.609814688644901
"RXRB",2,-0.525358304587782
"PHKB",14,-0.0193281092375009
"ORAOV1",9,-0.567426151746426
"MRPL10",1,-0.130914853851514
"SLC10A3",13,0.807415581843706
"DBN1",2,0.17659238886261
"RDH5",2,-0.299111307628174
"NUP50",2,0.51679129130458
"LMF2",13,0.677887918269326
"CGRRF1",3,-0.499437285657457
"GSDMA",18,0.105803214170184
"FBXO32",7,0.0928936459981649
"PDZD8",2,0.300889131436066
"MAFA",17,-0.00730786038967666
"NDRG1",4,0.401322968443703
"C17ORF97",6,0.171196718291479
"INTS12",1,0.138243896822632
"LTBP3",7,0.284557163150801
"SPIB",5,0.0529277148495397
"CTNS",14,-0.109082977260936
"SARS",3,0.209595045079828
"ZZZ3",3,-0.679003840917187
"RUSC1",8,-0.210418285522445
"ATP2A3",4,0.642472324668296
"ARID4A",1,0.0450182582691911
"KAT2B",1,-0.222670220940053
"MVB12A",9,-0.248773940712718
"C2ORF47",4,-0.47136949459592
"SOWAHC",4,-0.513434114780792
"SLC6A6",2,0.396522926813316
"SCOC",3,-0.607580189840862
"ANKRD55",1,0.216380223601524
"N4BP2L1",3,-0.532710128011116
"DRAM2",4,-0.441396010617408
"BOP1",10,-0.297470802253495
"MSL3",2,0.289743139988673
"AXIN2",5,-0.243719019559035
"COX10",16,-0.345376518813464
"HERC4",17,0.147046799131779
"CEACAM4",2,0.458498985513781
"C5ORF51",7,0.185634020294756
"NDRG3",13,0.690475789964028
"HEATR1",10,-0.290535963844539
"HCAR2",2,0.179719644037432
"BLOC1S4",3,-0.689280937552264
"UCHL3",4,-0.364386126065617
"PAGR1",11,-0.10357590394639
"ST6GALNAC6",1,0.258283539153877
"MRPS9",5,-0.248714918279734
"NT5M",14,0.298790762782394
"H1FX",7,0.247274054054832
"FAM234A",3,0.741561008145057
"SH2B2",13,0.78909084198838
"CLIC4",3,-0.325238117735512
"GFM1",3,-0.5949814506819
"PGM2",10,-0.0110304514435484
"TCEB3",18,0.20694000052503
"OSM",2,0.0877285594453218
"OPLAH",2,0.314514400298339
"SLFN5",17,-0.104553166327764
"MEF2D",9,-0.268036454541234
"NME8",7,-0.0170571841733343
"CASZ1",2,0.306975422264834
"GEMIN6",4,-0.593780283209955
"MOAP1",4,-0.174041604216845
"MED1",1,-0.287982537627773
"TLR6",2,0.111393956137061
"C12ORF29",3,-0.584742589106941
"KCNMB1",12,-0.286449115467905
"UTP23",1,0.000257692369265066
"EGLN1",4,0.591145478125184
"PPWD1",5,-0.404517811652384
"DRG1",1,-0.124324613641926
"ATG3",1,-0.0435365973483947
"ATF5",6,-0.0729886690019987
"HMGCS1",3,-0.503088398760933
"RP9",9,-0.581943866997825
"HACD3",7,0.0505934113791142
"RDH11",1,-0.235285791774276
"POR",13,0.753760227657797
"ZFAND1",3,-0.622316199995372
"RNF19A",3,-0.149986293759874
"CD4",3,0.493066673711251
"PHAX",15,-0.195988018540442
"SCAF11",3,0.571177455623825
"FXR1",4,-0.472429800416467
"RAB43",2,0.782450465047529
"ZNF266",1,-0.284237237223529
"GORASP2",5,-0.248952638695007
"LAPTM4A",1,0.0246094228402151
"DCTPP1",5,-0.28229607827355
"CERS2",1,0.285045230031431
"GATAD2B",13,0.879098902877641
"FBN2",5,-0.111507348283236
"FBXL20",2,0.27462386252821
"AK6",1,-0.431985198345894
"PTS",3,-0.559561877839953
"ZSWIM1",1,-0.291130352757444
"KMT5B",2,0.488274480874394
"NMRK1",4,-0.471157919377646
"FBXL13",2,0.313524096432816
"TUBGCP2",1,0.377967003119433
"B4GALT4",2,0.132569269537431
"HACD1",6,-0.0250339664016242
"TMEM55B",1,0.21507026900777
"DHRS12",2,0.316898706215633
"TC2N",5,-0.39245244915761
"USP39",1,0.0499526878379516
"COMMD5",12,-0.257263381476317
"TMEM63A",1,0.35234580454158
"GTPBP3",5,-0.565978885641305
"PIGT",3,0.579611502672354
"ALG11",1,0.0207156104413734
"POLD4",1,0.425887275274145
"PI4KB",3,0.547659723244022
"SPTLC2",2,0.43696956201467
"NICN1",16,-0.153949281505495
"MRPL46",4,-0.427614382551327
"CXORF40B",11,-0.224286121210536
"SUOX",11,-0.14927984439807
"SPATS2L",17,0.0752757544015711
"CHCHD4",13,-0.787240853674581
"CUTC",18,-0.0820922495157585
"OMA1",1,-0.234448345236062
"MED13L",1,0.119304436638843
"NFU1",4,-0.342590261635744
"FCER2",5,0.0588008261180534
"ZNF529",5,-0.594979971818469
"ZNF143",11,0.220071437878721
"ACOT9",2,0.276944527881355
"GALM",1,0.152017442545692
"GPN2",9,-0.39648905553942
"COBLL1",4,-0.280466480709198
"EIF2B2",7,0.122520658625998
"CD300LB",1,0.479420293225191
"PSMD8",13,-0.690233067285356
"SLA2",14,0.277183008478233
"TRIM28",7,0.593957107143835
"FAM175B",16,-0.205134836292304
"MRPS27",8,-0.177233711036395
"GSN",2,0.662704064751046
"ATP13A1",9,-0.329585090020757
"GTF2F1",3,0.622077903467198
"TKTL1",0,-0.208220470962814
"MTHFD2",3,-0.631829558026761
"BECN1",4,0.473390085209321
"SEPN1",3,0.622983762096914
"AGPAT2",5,0.581780215628699
"ANKRD20A1",17,0.285210601287169
"LIN7C",1,-0.313425890038871
"ZNF514",4,-0.537964137361095
"PLOD3",7,0.337896799712976
"ANKFY1",15,0.0455754415910262
"ABHD8",9,-0.358965794510223
"KDM6A",18,-0.0141481762784293
"TOR3A",4,-0.444806414618562
"RIN3",2,0.796379382853125
"RPUSD3",7,0.0965901899888546
"ST3GAL4",2,0.342317743141137
"PRKAG1",12,-0.24453369774027
"LIN7A",2,0.355879511125371
"TNRC6A",6,0.395998550792945
"MPV17",8,0.00875627327187875
"SLC30A5",4,-0.489369064581551
"MAPK14",2,0.45274570372733
"GTPBP8",4,-0.373950361889374
"DLD",1,-0.0186848067933899
"PAFAH1B1",3,0.279413484337175
"GON7",3,-0.590862500385349
"SIPA1L3",6,0.405863455095863
"YEATS4",3,-0.352406931900804
"RANBP3",3,0.709538409057662
"CDKN2C",6,-0.104715711171826
"FAM117A",6,0.203650905795915
"GLRX3",2,-0.565157696595203
"PDP1",3,-0.426501992757082
"MAPKAPK5",11,-0.496912186735413
"NAT10",16,-0.0329171894507384
"PHGDH",1,0.000259381871266381
"PPIH",5,-0.363923658461862
"ALKBH7",8,-0.0520299767917637
"NNT",3,-0.547111276723298
"SH3GL1",4,-0.173101699066715
"AUTS2",4,-0.251709346832888
"DNAJC7",12,-0.302972196206406
"TOLLIP",2,0.549874907701882
"INPP5F",6,0.362159576826311
"PYCARD",5,0.351907319955497
"KIF21B",4,0.562847691033714
"METTL9",6,0.0278886841527228
"TFE3",4,0.581027081400364
"ZBTB14",4,-0.612180460285904
"TCEA1",4,-0.208934810805526
"LDLR",6,-0.108198769489487
"DHRS4L2",12,-0.115893300440871
"CDK13",11,0.15248102014943
"CEP95",5,-0.548094424815181
"NUDT18",8,0.338255996237673
"RPS19BP1",4,-0.113959870341039
"LARS",16,-0.102960623213916
"TNS3",3,0.162204696868403
"USP16",4,-0.418787973750232
"EXOC8",1,-0.0804134966702992
"UNG",5,-0.0476124840401817
"HEPACAM2",6,0.0314103784884732
"CCNT2",3,-0.384846779403083
"ARSG",2,0.582470822925904
"ATP6V0A2",3,-0.42894615419303
"EIF2B5",9,-0.278254357643371
"ALG13",1,-0.378744342916544
"OGFOD1",7,0.169802661740214
"TMEM115",2,-0.136191859471432
"TFIP11",2,0.649666928968521
"ENOSF1",11,-0.400729904994618
"FZD2",12,-0.0576388492989564
"LPCAT3",4,0.550607531700971
"MRPS7",2,-0.652748949181597
"SESTD1",4,-0.0876360568703238
"PRR14L",6,0.553456461054593
"NUP85",4,-0.0194027484546357
"LYSMD3",1,-0.165701024757052
"DYNC1I2",1,-0.0526869768136573
"INSIG2",3,-0.393745877861111
"MT1E",0,0.207363846366248
"CEP57",1,-0.307078221785365
"SCLT1",2,0.117614718074244
"RIN2",12,-0.227122335271665
"WASH1",8,0.14125639891934
"PSMA2",3,-0.535160194150862
"COX15",3,0.355548854054551
"FIG4",1,0.425127434664854
"SGF29",9,-0.424578060300864
"GALK2",5,-0.100425534625212
"CYB561D2",1,0.251816509409164
"SSH1",2,0.49208014898734
"TLK1",3,-0.204267311304022
"SWSAP1",8,0.0107226568166881
"CLDND2",18,-0.219828649266758
"ROGDI",6,0.341186307853555
"DHX58",17,0.11672081300191
"SEC24B",1,-0.344498709867418
"PHTF1",2,0.228043204277722
"SLCO3A1",2,0.6979239009987
"NREP",14,-0.0909827815195958
"FBXO31",7,0.110596434640398
"CCDC189",2,-0.304357588575313
"SDE2",5,-0.0438730463625951
"MCTP1",14,0.255214338066457
"MAOA",6,0.192614708640082
"INTS9",16,0.178912951770147
"TGIF1",5,-0.0756808374128863
"PPM1D",10,-0.326365575368577
"AKAP10",11,-0.00334514858336986
"GPX7",5,-0.263985755795315
"SLC25A43",12,-0.556600109690675
"KIAA0196",7,0.208637422201028
"ELOVL6",6,-0.223953199150273
"LRBA",1,-0.0520156837028211
"IRF2BP2",13,-0.742646218076037
"RNF141",7,0.17884626586076
"CBX4",13,0.696899904750054
"GPX3",2,0.159543121180485
"GRIN1",6,0.234047988984219
"LYPD2",6,0.21600855435731
"UBA3",15,-0.0182090779112292
"MBTD1",1,-0.160646894208453
"SNORD56",6,0.333720402191472
"PRUNE1",14,0.357966788841752
"R3HDM1",1,-0.27323968961531
"GRAP2",14,0.0899595720141755
"AK1",6,-0.281135251346582
"EED",11,-0.33059130185636
"PSMB5",9,-0.33262141960717
"SMIM12",1,-0.531577370285698
"DHX37",9,-0.42402853140125
"NAPSA",3,0.054619372493042
"UBE2G1",4,0.380545246945554
"KIF2A",1,0.0675193646285905
"KCNK6",15,0.115046768580301
"PTGDR2",0,0.149158286271065
"PTPN7",7,0.491943250771226
"BRMS1",1,0.555260701899269
"ACOT13",4,-0.245830964608035
"COMMD10",4,-0.570266976953402
"FAM136A",13,-0.854075294641945
"FAM220A",4,-0.173551160051634
"IFIT5",17,-0.13685929353278
"MRPS28",3,-0.574570077306313
"ZNF589",1,-0.0328098791793871
"TMEM134",8,0.0368080897946684
"KCNH2",6,0.21686469073143
"COPG1",4,0.647187572300169
"SCGB1C1",2,0.212897023245465
"SNRPC",4,-0.41437693581595
"KCTD21",4,-0.252711248302157
"C6ORF120",3,-0.443100347582431
"TTC37",11,-0.213802153094147
"PEF1",6,0.648444781565189
"ZNF25",4,-0.647994347238048
"QDPR",5,-0.093463964902678
"CSGALNACT1",10,0.188580054654835
"PPP6R1",6,0.533814582680045
"PRAME",6,0.302258038868238
"CAPS",13,-0.735049765801772
"MRPL20",4,-0.590937202141531
"ZNF763",15,-0.209701318721501
"CPED1",4,-0.566092011141581
"SMUG1",4,-0.418989850136529
"SLC11A2",4,-0.746023763642214
"APOBEC3F",8,-0.251002872906985
"TMEM106C",3,-0.626493726834566
"CABP5",14,0.0198657204589441
"LARP4",3,-0.347106660214731
"CHMP2B",3,-0.17816056576574
"RPGRIP1",2,0.407760525484937
"PRPF18",1,-0.202108498853829
"MRPS35",3,-0.590789997245766
"SERPINB8",1,0.137321769509799
"KCTD13",13,0.761313872656062
"ZNF212",9,-0.231488095808031
"LINC01089",7,0.377492908438101
"GPR108",3,0.71970823480781
"MCM3AP",16,-0.00684034372038924
"SLC25A25",5,-0.282642585109362
"RHOT2",1,0.358979024839752
"KPNA3",3,-0.336630902009039
"FAH",14,0.37109168061242
"DYNLL2",6,0.0856469367227419
"VAV1",11,0.349218052452431
"TOX2",2,-0.0569638848861212
"TNFSF4",14,0.0854199473957279
"TAF4",15,-0.0117965042275952
"RTP4",17,-0.130986662053192
"PUM3",5,-0.251820923687046
"RNF113A",9,-0.637666736444055
"MAD2L1BP",17,-0.00731866878176545
"PPP2R5C",1,0.0600729626816706
"PHYH",12,-0.571573369738124
"ABCE1",5,-0.569179616323061
"SOCS4",4,-0.496637926747702
"BDKRB1",6,0.259694927484194
"TRMT13",4,-0.574973833959623
"AP3M2",9,-0.37627919906192
"PIK3CA",1,-0.0262874469115773
"WASL",4,-0.406749324108551
"YTHDF2",3,-0.206503975754095
"BLOC1S5",3,-0.639533344308647
"EDRF1",3,-0.611023082021595
"CDC23",5,-0.472664485293148
"SLC30A9",3,-0.476975502083194
"COIL",3,-0.633642185111735
"C19ORF33",14,0.198400191079697
"ZNF18",2,0.689847823639628
"YIPF5",3,-0.379679134159337
"ATG16L1",4,-0.467089780771005
"DNAJB9",4,-0.616978247890053
"NADSYN1",0,0.00114208375665355
"RUNX1",1,-0.122057353962007
"DUSP5",17,-0.100787888245706
"CENPT",1,0.480000522316753
"MRM3",9,-0.595503000932595
"ATG101",1,0.105089137867091
"ZNF20",2,-0.022848037128873
"TNFRSF10A",5,-0.107297779582999
"ERP27",6,-0.352977473176903
"CLTC",1,-0.108703179615078
"TCTEX1D2",4,-0.61177104547596
"FAM189B",10,-0.120625804228775
"NAGPA",1,0.258599914318492
"EXOSC7",8,-0.31759541047381
"RAB1B",4,0.745269328239417
"MRPS16",4,-0.537428266337045
"FAM173A",8,-0.00248252844270837
"ARRDC5",5,0.00119786585234725
"CCDC88B",2,0.654118201219271
"FNTB",1,0.276721065483224
"RPP25L",1,0.291629451069963
"TMX3",3,-0.727781576062879
