dataset,gene,mean_case,mean_control,log2FC,pvalue,padj
GSE16561,CREBBP,1047.0903678557147,932.2534065610013,114.83696129471343,1.777771608619905e-09,3.2877008973570863e-07
GSE16561,JAK2,364.81491737318476,270.7879058395552,94.02701153362955,3.2877008973570864e-09,3.2877008973570863e-07
GSE16561,LIG1,176.2055519511733,230.83396645909457,-54.62841450792126,1.4139231519912626e-08,9.426154346608417e-07
GSE16561,MAX,397.64439519337634,304.2989774181472,93.34541777522912,2.945776412011144e-08,1.2523520828654304e-06
GSE16561,MMP9,3049.8696377356923,2753.8030983433578,296.06653939233456,3.130880207163576e-08,1.2523520828654304e-06
GSE16561,STAT3,1854.1133453604982,1733.9432796766189,120.17006568387933,4.329781564004671e-08,1.4432605213348904e-06
GSE16561,PTEN,1439.2740150299126,1317.8594197650073,121.4145952649053,9.082569246570993e-08,2.595019784734569e-06
GSE16561,SAT1,8713.540562361595,8616.77631198742,96.76425037417539,2.9546051068019787e-07,7.3865127670049464e-06
GSE16561,TIMP2,1371.5485678299142,1263.410878538684,108.13768929123012,4.766140561918128e-07,1.0541858396342181e-05
GSE16561,CDK4,287.00299449327514,364.044474413166,-77.04147991989083,5.481780173893121e-07,1.0541858396342181e-05
GSE16561,SLC40A1,1084.826127214479,946.8913798865287,137.93474732795016,5.7980221179882e-07,1.0541858396342181e-05
GSE16561,TLR4,601.2010271831015,479.5246775049765,121.67634967812495,7.164093841685133e-07,1.1940156402808555e-05
GSE16561,ACSL4,851.1438528749893,768.5949413164291,82.54891155856023,3.202926450917296e-06,4.4980294861944695e-05
GSE16561,GADD45A,378.4300746765336,287.1849000478996,91.245174628634,3.272081248777277e-06,4.4980294861944695e-05
GSE16561,LMNB1,484.6916020329569,362.44272408316397,122.24887794979293,3.373522114645852e-06,4.4980294861944695e-05
GSE16561,ATG7,647.1652770352041,552.3567707906569,94.80850624454717,1.0093492899898144e-05,0.00012191902864462287
GSE16561,MAPK1,1586.9493267927937,1527.059886418755,59.88944037403871,1.0363117434792944e-05,0.00012191902864462287
GSE16561,MAPK3,1722.1673236005836,1628.9907211793154,93.17660242126817,1.449794491753015e-05,0.0001610882768614461
GSE16561,RFC4,192.4746933797808,229.54240336071666,-37.06770998093586,1.6869068099491802e-05,0.00017401069719868778
GSE16561,PTGS2,1064.617866982034,930.069627269374,134.54823971266,1.740106971986878e-05,0.00017401069719868778
GSE16561,PRKDC,553.4167036464597,445.7152517886014,107.70145185785833,5.170456702865344e-05,0.0004924244478919375
GSE16561,SOD1,2529.9153237572823,2608.606304983628,-78.69098122634568,6.033873374573069e-05,0.0005485339431430062
GSE16561,NFE2L2,953.1117927117832,875.6243612595567,77.48743145222647,7.722030118789215e-05,0.0006464793012761448
GSE16561,PRKAA1,670.3185981183938,621.3545303201765,48.96406779821723,7.757751615313737e-05,0.0006464793012761448
GSE16561,HIF1A,609.0076856904994,461.3656448546814,147.64204083581802,9.660051709422585e-05,0.0007728041367538068
GSE16561,BNIP3,280.0792145547913,352.22234295741055,-72.14312840261925,0.00011529273963995389,0.0008678229198208894
GSE16561,GABARAPL1,841.277158133334,747.8828318841839,93.39432624915003,0.00011715609417582007,0.0008678229198208894
GSE16561,CREB1,3234.894561781971,3123.893691124113,111.00087065785783,0.0002556281235447322,0.0017817558668577268
GSE16561,ALOX5,8572.172005641429,8484.336065940342,87.83593970108632,0.00025835460069437036,0.0017817558668577268
GSE16561,NCOA4,17643.732350418908,17558.19708739554,85.53526302336832,0.00036307095783416827,0.0024204730522277887
GSE16561,DDIT3,316.40444252229463,255.38348476491987,61.02095775737476,0.0004083761182411955,0.0026346846338141643
GSE16561,GOT1,215.7730936134859,246.46733580023897,-30.69424218675306,0.0005184527837736992,0.0031784188855880336
GSE16561,LPIN2,226.15763457289964,183.46307597516852,42.69455859773112,0.0005244391161220255,0.0031784188855880336
GSE16561,BNIP3L,619.4936781505502,433.78908377688134,185.70459437366884,0.0008570837755091438,0.005041669267700845
GSE16561,CDK2,210.45291427774623,237.20933548068754,-26.75642120294131,0.0009543696170640011,0.00538916166402197
GSE16561,LPIN1,651.8539699664025,731.8418427631935,-79.98787279679107,0.0009700490995239546,0.00538916166402197
GSE16561,TNF,229.55348086130854,266.8667685761891,-37.313287714880545,0.001256054058624254,0.006789481397968941
GSE16561,CD8A,1319.9271161296385,1441.7991456974366,-121.87202956779811,0.001356208555052649,0.0069576493273637244
GSE16561,FOXO3,4109.932487251765,4024.7921149182826,85.1403723334829,0.0013567416188359264,0.0069576493273637244
GSE16561,CBS,231.95867264810005,159.7718930780713,72.18677957002876,0.0015248521854595888,0.007624260927297944
GSE16561,GADD45B,284.4105021589168,254.33042179139866,30.08008036751815,0.001638534764395603,0.007992852509246844
GSE16561,RPA2,1484.1444815473642,1540.2459039403432,-56.101422392978975,0.002994906205562383,0.014261458121725634
GSE16561,HDAC1,1387.7322945110652,1458.8772500188932,-71.14495550782794,0.003196475412835519,0.014867327501560555
GSE16561,IL1B,889.1605474502608,817.2751384409154,71.88540900934538,0.003442433402130805,0.015647424555140024
GSE16561,NBN,151.1381955486866,127.84066657485512,23.29752897383149,0.004983354031879833,0.022148240141688143
GSE16561,MAPK14,224.25519170041952,182.58641424088125,41.66877745953826,0.005266342458783021,0.02289714112514357
GSE16561,TNFRSF1A,2337.234477345016,2270.3021579165766,66.93231942843931,0.007238416560271742,0.030801772596901034
GSE16561,MCM3,723.5942712960542,774.468322447578,-50.87405115152376,0.008288986878641682,0.03453744532767367
GSE16561,CXCL1,129.32152457243717,107.08291969542033,22.23860487701684,0.010005526355305008,0.04029734539719876
GSE16561,XRCC5,435.0165943732095,402.72850354771253,32.288090825496965,0.010255315041894536,0.04029734539719876
GSE16561,RFC2,171.00529774581355,151.450055465784,19.555242280029546,0.010275823076285684,0.04029734539719876
GSE16561,ATR,149.76143711309965,179.9311228701215,-30.169685757021853,0.010631783719011587,0.040891475842352254
GSE16561,EIF2A,393.4914798466626,444.73733949837464,-51.24585965171201,0.011731330036169026,0.04426916994780764
GSE16561,MCM7,765.0012156222994,795.7322696726796,-30.731054050380294,0.012187116800937202,0.045137469633100745
GSE16561,DPP4,144.96802160653255,178.70310538644836,-33.73508377991581,0.013353106046285274,0.04855674925921918
GSE16561,GABARAP,462.35301827381494,402.613835636076,59.73918263773896,0.01503012123229784,0.05344972697483115
GSE16561,ALOX12,194.9009753679923,138.23169891237777,56.66927645561452,0.015233172187826875,0.05344972697483115
GSE16561,MAP1LC3A,757.9309551877358,701.0715374728652,56.859417714870574,0.018761006964304973,0.06426951544809179
GSE16561,CDKN2B,157.85800517415498,133.6503917128132,24.207613461341793,0.018959507057187075,0.06426951544809179
GSE16561,FOXO4,716.2145023526535,643.8550963845881,72.3594059680654,0.020985489723117697,0.06910013739693371
GSE16561,HDAC3,469.8260527317923,487.25301278131354,-17.426960049521256,0.021075541906064782,0.06910013739693371
GSE16561,EP300,354.2256622795907,323.7062545068591,30.519407772731597,0.02197596358754967,0.07039913371581895
GSE16561,BRCA1,105.36780830673447,94.22776527286346,11.14004303387101,0.02217572712048297,0.07039913371581895
GSE16561,HMOX1,346.9068692054769,302.1605489868556,44.74632021862129,0.025175305671188867,0.07867283022246521
GSE16561,TOP2A,100.52530765861101,88.04970374974134,12.475603908869672,0.030855853829126593,0.0949410887050049
GSE16561,LIG4,134.44894233201086,104.51496016472875,29.93398216728211,0.03290772202299742,0.09972036976665884
GSE16561,RPA3,639.6484368235874,673.0766294895888,-33.42819266600134,0.04454811504288596,0.13297944788921182
GSE16561,CD38,128.66948641175694,110.24032960146747,18.42915681028947,0.04605063399607555,0.13374868351504723
GSE16561,HSP90AA1,4495.618895042645,4472.127466119144,23.49142892350119,0.04614329581269129,0.13374868351504723
GSE16561,HMGB1,306.8421447526381,250.02258011352788,56.81956463911021,0.04692903990481492,0.13408297115661408
GSE16561,BUB1,98.80206996927768,89.76556759738435,9.036502371893334,0.051025660402327415,0.14373425465444342
GSE16561,PLIN2,713.537145178571,677.8132050496246,35.723940128946424,0.05407829578126693,0.15021748828129705
GSE16561,HSPA5,225.0470551251346,208.1802587136364,16.8667964114982,0.06099062261580797,0.16709759620769307
GSE16561,HSPB1,1082.854918953566,1133.8393231564457,-50.98440420287966,0.06228363796232776,0.1683341566549399
GSE16561,CDKN1A,633.9509361927152,585.6157467093244,48.335189483390764,0.06316688874192006,0.16844503664512014
GSE16561,MNT,473.95901796372885,451.5209020814697,22.438115882259126,0.06467964470784232,0.17020959133642716
GSE16561,VDAC3,2310.0727555035896,2334.68658962418,-24.61383412059058,0.08063041972274794,0.2094296616175271
GSE16561,BAP1,181.61454714599722,197.69097143498706,-16.07642428898984,0.0828829401716738,0.2125203594145482
GSE16561,BRD4,135.45792242387824,117.94201214825382,17.51591027562442,0.08757466048985092,0.2217080012401289
GSE16561,MTOR,347.4603412055424,362.5867672307547,-15.126426025212254,0.09324574280452039,0.23311435701130095
GSE16561,ATG3,201.87265426329128,173.01738489298432,28.855269370306956,0.09544859198055035,0.2356755357544453
GSE16561,BLM,148.25322128932706,134.6687336772026,13.584487612124462,0.09910232903690959,0.24171299765099902
GSE16561,CCL2,96.22786395711468,87.0119052272521,9.215958729862578,0.10107634468138597,0.24355745706358067
GSE16561,CDKN1B,1601.5952706186993,1530.5400635517865,71.05520706691277,0.10953926293717924,0.2608077688980458
GSE16561,E2F1,115.9816115333019,107.72621210185362,8.255399431448282,0.11230864704351232,0.26425564010238195
GSE16561,CDC20,120.08368723005394,103.7448167826365,16.338870447417435,0.11544864665586195,0.2679957495173607
GSE16561,XRCC6,877.2709762785124,914.7364868970166,-37.46551061850414,0.11657815104005191,0.2679957495173607
GSE16561,NFKB1,2604.2255323359755,2574.3325291968044,29.893003139171014,0.12647717756036514,0.28744813081901166
GSE16561,ATF2,119.28534249458934,127.702558574527,-8.41721607993766,0.13021283485591018,0.2884488253615123
GSE16561,TRIB3,203.24514566420177,216.0982104372334,-12.853064773031633,0.13114222842411422,0.2884488253615123
GSE16561,TERF2,252.0853950002444,267.7636883071486,-15.67829330690418,0.1312442155394881,0.2884488253615123
GSE16561,ATG5,160.42094169944886,171.64828731472426,-11.227345615275397,0.13470315413676046,0.2928329437755662
GSE16561,SQSTM1,1532.4507884072202,1501.6734384363917,30.77734997082848,0.15009832409684065,0.32279209483191534
GSE16561,MCM6,433.59268528965595,458.6656386267564,-25.072953337100444,0.15441848162236735,0.32854996089865396
GSE16561,AURKA,119.9121237348763,114.60199259202778,5.310131142848519,0.15928772370322164,0.33534257621730873
GSE16561,IL18,15919.979282194228,15887.524757476867,32.45452471736098,0.1637893421671421,0.3412277961815461
GSE16561,XRCC1,190.49582896368733,201.05126226871076,-10.555433305023428,0.1661446442642693,0.34256627683354496
GSE16561,MDM2,103.85355790466919,98.28720961244267,5.566348292226522,0.17269461215730514,0.35243798399450027
GSE16561,GCLC,103.71683416111725,93.71368103779702,10.003153123320232,0.17595404662616326,0.3554627204568955
GSE16561,STEAP3,133.164046043584,125.23495382037397,7.92909222321002,0.1928039262609565,0.3823507220763895
GSE16561,TERF1,180.58254339472032,168.69990216014335,11.882641234576965,0.1930871146485767,0.3823507220763895
GSE16561,BUB1B,113.08118241539871,108.11664007847834,4.964542336920374,0.20362274210654316,0.3992602786402807
GSE16561,CCL3,114.59072232525395,123.35696978949458,-8.766247464240635,0.20780455656332197,0.4017229187995314
GSE16561,ICAM1,105.12188885497271,100.25578071465111,4.8661081403216,0.20889591777575633,0.4017229187995314
GSE16561,GCLM,252.39970624009396,217.93172627527932,34.467979964814646,0.21699265225618103,0.4101271425725416
GSE16561,JUN,168.0281890433192,156.95509899040448,11.073090052914722,0.21847864501150374,0.4101271425725416
GSE16561,CHAC1,96.40247989836266,92.70464286162814,3.697837036734512,0.21941802127630977,0.4101271425725416
GSE16561,PLK1,141.07175727430896,132.77282593131383,8.298931342995132,0.23827124535199737,0.44124304694814326
GSE16561,CCNA2,112.7044240490936,107.52279324885858,5.181630800235027,0.25560201758991036,0.4689945276879089
GSE16561,VDAC2,111.70090626924353,97.22029102209224,14.480615247151292,0.2590838762177497,0.47106159312318124
GSE16561,RFC5,223.2666552714909,232.43463545401127,-9.167980182520381,0.2647168821715958,0.47696735526413647
GSE16561,ADIPOQ,114.85165493513117,110.35157344925865,4.5000814858725136,0.28366187086657313,0.5065390551188805
GSE16561,MCM5,252.6461099150245,268.39003898065454,-15.743929065630027,0.293858048467646,0.520102740650701
GSE16561,PRNP,1575.3646632261093,1596.3001013201301,-20.93543809402081,0.3034997028518929,0.5297348551158279
GSE16561,BUB3,1881.3548073445872,1911.4483858629962,-30.093578518409004,0.30459754169160097,0.5297348551158279
GSE16561,ATF3,104.83020762391683,100.12280361021455,4.707404013702288,0.30961450960623105,0.5338181200107432
GSE16561,IL10,6228.220845369419,6175.701519385814,52.519325983605086,0.31596866792137296,0.540117381062176
GSE16561,IGFBP7,211.37575589674975,227.1979400271192,-15.822184130369436,0.3331734761013031,0.5647008069513613
GSE16561,FOXO1,484.3630510534627,465.41204952042034,18.95100153304236,0.34330617160505517,0.5769851623614373
GSE16561,MMP10,86.60400451575414,84.33772649262879,2.266278023125352,0.35974367296305154,0.5983803674885835
GSE16561,CXCL10,144.1262656679975,130.96669459076134,13.159571077236166,0.362020122330593,0.5983803674885835
GSE16561,TFRC,522.1065610633369,535.5356920693465,-13.429131006009584,0.3841639115083032,0.6297769041119725
GSE16561,E2F2,1587.7255520012602,1544.6897297271746,43.035822274085604,0.395295758786148,0.6427573313595902
GSE16561,CDKN2A,94.88305525602021,92.4140176969358,2.4690375590844127,0.40238027501626017,0.647870287502867
GSE16561,MYC,336.0892458142482,362.3006363836005,-26.21139056935226,0.4049189296892919,0.647870287502867
GSE16561,AURKB,106.88528409200782,102.89244474394725,3.9928393480605706,0.4141272849320894,0.6573448967176022
GSE16561,IRF1,4490.802683497738,4475.6291479948595,15.173535502878622,0.4235636710220759,0.6592947030576677
GSE16561,SIRT6,95.10235748945615,92.56077928958946,2.5415781998666915,0.4252138182590107,0.6592947030576677
GSE16561,ATF4,4626.564315962084,4612.271118172149,14.29319778993522,0.4252450834721957,0.6592947030576677
GSE16561,ABCC2,112.08156144719172,108.88582439055487,3.195737056636844,0.4375554213960955,0.6731621867632238
GSE16561,HMGA2,100.82488798511483,98.18003271561697,2.644855269497853,0.44192559901752704,0.6746955710191253
GSE16561,MDM4,251.8667655972326,241.47880535235277,10.387960244879821,0.45516316339268825,0.6870831515972953
GSE16561,S100A8,23132.27216375679,23115.582800439137,16.68936331765144,0.45817672555242495,0.6870831515972953
GSE16561,MMP2,118.12149543790437,113.82877367739144,4.292721760512933,0.46360256861236715,0.6870831515972953
GSE16561,RGS4,89.36365653564212,87.61146901113636,1.7521875245057572,0.46378112732817434,0.6870831515972953
GSE16561,IFNG,126.76241488655084,119.74064292087387,7.021771965676976,0.47389148228580147,0.694525967145175
GSE16561,MMP3,95.97388584197715,93.67349948398176,2.300386357995393,0.4757502874944449,0.694525967145175
GSE16561,CDO1,88.68629040754503,86.02432632467685,2.661964082868181,0.4830196373231518,0.7000284598886258
GSE16561,SESN2,93.48439345515558,91.43601222392431,2.048381231231275,0.4948870890297925,0.7098947067262834
GSE16561,CHEK2,114.83272785248867,117.91709927545791,-3.084371422969241,0.49823477593330223,0.7098947067262834
GSE16561,TP53,124.95005846614208,120.14915122054975,4.800907245592327,0.5004757682420298,0.7098947067262834
GSE16561,IGFBP5,83.90828041563448,82.31268132153237,1.5955990941021128,0.5060957498075345,0.7128109152218796
GSE16561,IGFBP3,107.14827582284313,110.76339666469528,-3.6151208418521463,0.5206127622986692,0.7231003725375232
GSE16561,LIG3,160.3570377035205,155.26779888254438,5.089238820976107,0.5217387976979906,0.7231003725375232
GSE16561,CXCL2,83.78012809186365,82.43523285378159,1.34489523808206,0.5242477700897044,0.7231003725375232
GSE16561,BRCA2,88.90510597348157,87.50215840403729,1.4029475694442795,0.5317379800958364,0.7255434094826019
GSE16561,TFAM,412.4876300162906,400.62093951716406,11.866690499126548,0.5368329253649984,0.7255434094826019
GSE16561,RFC1,255.94907571611176,250.2909965251387,5.658079190973069,0.5375727674765902,0.7255434094826019
GSE16561,RPS6KB1,371.1957084528639,380.56310846409934,-9.367400011235418,0.5405298400645384,0.7255434094826019
GSE16561,HSPD1,1265.1661984745576,1272.2303200954054,-7.0641216208478,0.5530531249031156,0.7332540627775471
GSE16561,RELA,158.6179453564799,153.02132443876215,5.5966209177177575,0.5536068173970481,0.7332540627775471
GSE16561,CHEK1,106.68637334223193,104.53875072236708,2.1476226198648476,0.5666317171442572,0.7413853547481905
GSE16561,CSF3,98.81429926704168,96.97980344853765,1.834495818504024,0.5701966627804502,0.7413853547481905
GSE16561,SELE,97.97922376585642,95.90401831890551,2.0752054469509034,0.5708667231561066,0.7413853547481905
GSE16561,FANCD2,204.46516190835163,209.3927282219296,-4.927566313577955,0.5839557829501351,0.75239365448095
GSE16561,MMP12,80.13671689928792,79.01728020813668,1.1194366911512361,0.586867050495141,0.75239365448095
GSE16561,HDAC2,735.1924273653361,724.4140974813948,10.778329883941296,0.5942932384356545,0.7570614502365025
GSE16561,MCM4,129.1308012815355,125.69238861672159,3.43841266481391,0.6017323481354359,0.7616865166271339
GSE16561,TIMP1,3123.506663248391,3107.5007625782077,16.00590067018311,0.6081049417568212,0.7649118764236744
GSE16561,CSE1L,375.5075549864436,380.6839982712431,-5.176443284799518,0.6253219918745752,0.7816524898432189
GSE16561,CSF2,85.94269155599201,84.8435918291688,1.099099726823212,0.6360793309688741,0.7901606595886634
GSE16561,SERPINE1,87.3153026548704,85.80793135131849,1.5073713035519063,0.6405715265919256,0.7908290451752168
GSE16561,SNAI1,78.67359534207588,77.70860926373093,0.9649860783449498,0.6469323825491142,0.7937820644774408
GSE16561,SLC7A11,84.50520760737446,83.50340765791503,1.001799949459425,0.6565510520042318,0.79677556060049
GSE16561,VEGFA,136.25647079147274,132.99918864629032,3.2572821451824154,0.6596769066423755,0.79677556060049
GSE16561,CCNB1,89.7582986564114,88.56966428561219,1.1886343707992069,0.6628612378733828,0.79677556060049
GSE16561,TERT,100.5162143603793,99.1487892049659,1.3674251554134003,0.6653075931014092,0.79677556060049
GSE16561,COL3A1,81.8925603536612,80.91579758912589,0.9767627645353087,0.6716375239357997,0.799568480875952
GSE16561,TGFB1,100.39708167240032,99.15613196980327,1.2409497025970495,0.6927853441296786,0.8198643125795013
GSE16561,HMGA1,351.59730393488235,357.04044610484516,-5.443142169962812,0.6984212322579082,0.8216720379504803
GSE16561,TSC2,81.59595655337228,80.77487440078751,0.8210821525847649,0.7171534355320472,0.8376545968778261
GSE16561,GPX4,4452.124971779459,4458.580085199096,-6.4551134196372,0.7203829533149304,0.8376545968778261
GSE16561,PRKAA2,81.59123425419044,80.8672581518477,0.7239761023427462,0.7585784796656394,0.8769693406539184
GSE16561,IL1A,85.15712238828165,84.59267007861168,0.5644523096699743,0.7712257843488622,0.8864664187917957
GSE16561,KEAP1,276.4392535711052,279.21222391712917,-2.7729703460239534,0.7958641400496242,0.9095590171995706
GSE16561,PCNA,443.8820798929312,448.0097127586514,-4.127632865720216,0.8011399759945451,0.9103863363574376
GSE16561,RB1,133.47675854816993,131.80879107539934,1.6679674727705844,0.8412051541459672,0.9449433603610766
GSE16561,BECN1,397.3019037055017,395.69399374385324,1.6079099616484314,0.8552981427456178,0.9449433603610766
GSE16561,COL1A1,85.1219695555676,84.68573458361364,0.4362349719539651,0.8599367241889102,0.9449433603610766
GSE16561,FN1,95.33113345436118,94.96448909575797,0.3666443586032102,0.8652050883001112,0.9449433603610766
GSE16561,AKT1,1987.6484951552977,1990.3533098775415,-2.704814722243782,0.8653823903248977,0.9449433603610766
GSE16561,MKI67,88.60132508488779,88.25515858863048,0.346166496257311,0.8723834865280209,0.9449433603610766
GSE16561,CD74,2724.6037939671173,2729.817423539364,-5.213629572246646,0.8753966543330858,0.9449433603610766
GSE16561,PPARGC1A,82.24955317234999,81.91984016074457,0.32971301160542055,0.8764861298778303,0.9449433603610766
GSE16561,RAD50,129.33962355058054,130.32732014961348,-0.9876965990329438,0.8781836277900292,0.9449433603610766
GSE16561,PARP1,770.5413295121913,766.8930079055025,3.6483216066887962,0.8787973251358013,0.9449433603610766
GSE16561,CCNE1,97.36098651081433,97.75586683114545,-0.39488032033112574,0.9015524796907561,0.9558580956112152
GSE16561,MAD2L1,95.79342288796506,96.84451928647094,-1.0510963985058766,0.9047760588149377,0.9558580956112152
GSE16561,IL6,92.62404926386019,92.28318983287949,0.34085943098070004,0.9052337168625579,0.9558580956112152
GSE16561,SLC3A2,137.34260942393738,136.45338622032673,0.8892232036106407,0.9126235202301096,0.9558580956112152
GSE16561,COL1A2,92.29126095821788,91.99109234319485,0.3001686150230256,0.9128444813087104,0.9558580956112152
GSE16561,ZEB1,90.48182342068446,90.78906025328224,-0.30723683259778056,0.9221228196812454,0.9605446038346307
GSE16561,MCM2,108.50012164450357,108.18683431926888,0.3132873252346826,0.9524812960995205,0.9817527043976516
GSE16561,CD4,220.14921461159452,220.95702437584683,-0.8078097642523119,0.9577357699927154,0.9817527043976516
GSE16561,MMP13,86.77175435608349,86.89269276335108,-0.12093840726758742,0.9617480840614485,0.9817527043976516
GSE16561,MAPK8,93.15334335995011,93.0238416092249,0.1295017507252112,0.963640320309515,0.9817527043976516
GSE16561,RFC3,107.04708632493664,106.88291775117501,0.16416857376162852,0.9670264138316869,0.9817527043976516
GSE16561,RPA1,916.5988802936214,916.1254957275816,0.47338456603984014,0.982582065853473,0.9925071372257303
GSE16561,TSC1,372.48705105504223,372.2749043739079,0.21214668113435664,0.9912450464413807,0.9956206301384511
GSE16561,CCND1,97.7030888113165,97.68699328806736,0.01609552324914887,0.9956206301384511,0.9956206301384511
GSE37587,DDIT3,218.33736214442501,366.46778963834817,-148.13042749392315,7.961825522135719e-07,0.00015923651044271437
GSE37587,MAX,270.683400263361,451.47244433959924,-180.7890440762382,3.5980682960454976e-06,0.0003598068296045498
GSE37587,TFAM,316.2738997588981,497.57443202745645,-181.30053226855836,1.4610832833739004e-05,0.000877921831403477
GSE37587,RPS6KB1,312.819238228278,435.62237984575705,-122.80314161747907,1.8411465387769527e-05,0.000877921831403477
GSE37587,TERF2,291.515008621169,224.1958834451989,67.3191251759701,2.1948045785086928e-05,0.000877921831403477
GSE37587,PRKAA1,524.1287241038663,776.4264988431146,-252.29777473924833,4.20895283531414e-05,0.0014029842784380466
GSE37587,SLC40A1,795.9314805995322,1261.2842002865607,-465.3527196870285,0.000482584815312009,0.010859739957620334
GSE37587,NFKB1,2964.515660527276,2212.6567593162604,751.8589012110156,0.0004875128416861252,0.010859739957620334
GSE37587,IFNG,103.04709960346705,144.59066838230132,-41.54356877883427,0.0005012987604401525,0.010859739957620334
GSE37587,CD4,258.28884320721824,181.56944635909917,76.71939684811906,0.0005429869978810167,0.010859739957620334
GSE37587,PRNP,1244.5544627707568,1911.1404285469096,-666.5859657761528,0.0009067408945542622,0.016486198082804767
GSE37587,PTGS2,748.0457028268214,1268.392023241949,-520.3463204151275,0.001962432448338635,0.03270720747231058
GSE37587,JAK2,275.0057596542405,381.2669517982128,-106.26119214397232,0.002548024752808867,0.03920038081244411
GSE37587,HSPB1,1342.439521171403,852.2097018611303,490.22981931027266,0.0034947506685905176,0.047489861928010114
GSE37587,CDK4,355.42411093630506,276.18558687016883,79.23852406613622,0.0035617396446007586,0.047489861928010114
GSE37587,RPA3,570.2294378955468,732.2926503915528,-162.06321249600603,0.003963872468969615,0.049548405862120184
GSE37587,SERPINE1,82.98515946225876,90.57893944807505,-7.593779985816283,0.00823672907141272,0.09690269495779669
GSE37587,CCL2,85.55515389437699,99.75996668775988,-14.2048127933829,0.010727377757896155,0.11919308619884618
GSE37587,IRF1,4984.118248150974,3969.1302830247337,1014.9879651262404,0.012486707588180141,0.12571962709261897
GSE37587,HMGA1,392.44726240428776,313.58995987738757,78.85730252690018,0.01274273353004583,0.12571962709261897
GSE37587,PTEN,1217.7661428663564,1561.9459698970647,-344.17982703070834,0.01373634127905561,0.12571962709261897
GSE37587,MMP13,89.71729256492932,84.05260869060125,5.664683874328077,0.013829158980188086,0.12571962709261897
GSE37587,MNT,507.28260958621723,422.37748604101165,84.90512354520558,0.015566329641936796,0.13535938819075474
GSE37587,CHEK1,102.00349710668695,109.84823170543437,-7.844734598747422,0.01967704278409734,0.16246630792759667
GSE37587,SOD1,2876.1483857724074,2230.2863121311448,645.8620736412627,0.020308288490949584,0.16246630792759667
GSE37587,STEAP3,136.5306557220435,123.77984903922743,12.750806682816062,0.021538509041292894,0.1656808387791761
GSE37587,EIF2A,355.47650584754814,467.9272797626015,-112.45077391505333,0.025910829546273165,0.1788096017770804
GSE37587,HMGB1,234.31506826539382,333.4843904585577,-99.16932219316388,0.02601292311092244,0.1788096017770804
GSE37587,XRCC1,206.82404813203854,182.01208178681935,24.81196634521919,0.0261381373204061,0.1788096017770804
GSE37587,CXCL10,119.91548233647123,157.43802597114546,-37.522543634674236,0.02682144026656206,0.1788096017770804
GSE37587,XRCC5,452.7556251670744,391.9651582164428,60.79046695063164,0.02890644081995516,0.1864931665803559
GSE37587,MCM3,820.6683574719983,662.0074034960254,158.66095397597292,0.031168441577387046,0.19480275985866904
GSE37587,LIG4,104.42288780922026,140.73088641752352,-36.307998608303265,0.03337451378149515,0.196557127015526
GSE37587,GABARAPL1,685.6855269086183,919.6808366259379,-233.99530971731963,0.03364297664039163,0.196557127015526
GSE37587,CDKN2B,136.76582353167066,160.1525194343158,-23.38669590264513,0.034397497227717046,0.196557127015526
GSE37587,CSF3,101.22718582092763,95.13147257449063,6.0957132464370005,0.03613323077142054,0.20074017095233634
GSE37587,RFC5,215.99948521071929,237.50689303971185,-21.50740782899257,0.038599322313332,0.2081706791121071
GSE37587,TP53,130.80082854729207,115.27419271442486,15.526635832867214,0.03955242903130035,0.2081706791121071
GSE37587,XRCC6,976.5642828949856,802.8173008996124,173.74698199537318,0.042740116733065284,0.21601784420215453
GSE37587,RFC4,193.45285099258615,219.44871134717923,-25.995860354593077,0.04355577851317964,0.21601784420215453
GSE37587,CHEK2,120.31562915203894,111.78124755870333,8.53438159333561,0.044283658061441675,0.21601784420215453
GSE37587,KEAP1,292.43951430988943,262.3498327632149,30.089681546674512,0.04540460759683671,0.21621241712779388
GSE37587,MYC,397.49097430620765,291.5152194072715,105.97575489893615,0.04951411257941154,0.2302981980437746
GSE37587,BAP1,198.54981384998447,176.70332958310556,21.846484266878917,0.05077332806627366,0.23078785484669845
GSE37587,FOXO1,427.4976822405123,524.4677968117819,-96.97011457126962,0.0527768151124277,0.23456362272190087
GSE37587,ATF3,99.03112031025394,107.07891770507031,-8.04779739481637,0.05454148535407507,0.23713689284380463
GSE37587,TOP2A,90.42692928030156,101.01684210641945,-10.589912826117882,0.05614470374237522,0.23891363294627754
GSE37587,MDM4,266.0679890603075,229.05693364583814,37.01105541446938,0.060483910890340616,0.25201629537641923
GSE37587,ACSL4,714.4887281248119,918.9345797938971,-204.4458516690852,0.06417623918305113,0.26194383340020866
GSE37587,TIMP1,3570.1103275165187,2634.4432612574897,935.6670662590291,0.06770035323843664,0.27080141295374655
GSE37587,TNFRSF1A,2507.447221590213,2106.49795273199,400.9492688582227,0.07120971828632446,0.27925379720127236
GSE37587,SESN2,90.31965038547193,95.20656566040222,-4.886915274930288,0.07400221311941771,0.2823477627536831
GSE37587,TERT,102.6073945742564,97.52316355440155,5.084231019854855,0.07482215712972604,0.2823477627536831
GSE37587,CREBBP,908.9846951491503,1092.9346212918845,-183.94992614273417,0.0772358959503744,0.2838412728689356
GSE37587,ATG5,154.49597058841795,174.576192269016,-20.080221680598044,0.0780563500389573,0.2838412728689356
GSE37587,SLC7A11,82.46090420517318,85.93212745910067,-3.4712232539274908,0.08394130052290748,0.29189279907133614
GSE37587,HDAC2,779.0107091584666,681.2704887585281,97.7402203999385,0.08402437922114303,0.29189279907133614
GSE37587,SQSTM1,1644.847896200428,1390.2263942241111,254.62150197631695,0.08464891173068748,0.29189279907133614
GSE37587,ICAM1,100.30259805393435,106.32168384855844,-6.01908579462409,0.09249099655719513,0.3131042137757067
GSE37587,DPP4,171.10556751251374,143.782136698706,27.323430813807732,0.09393126413271201,0.3131042137757067
GSE37587,LPIN2,194.65532163502772,224.4212522248203,-29.76593058979259,0.10161070797619692,0.3331498622170391
GSE37587,RELA,164.90064133053616,147.78207035259913,17.118570977937026,0.10657299336803013,0.3437838495742907
GSE37587,MAPK1,1651.0202509354547,1474.0874829274596,176.93276800799504,0.10983130478037022,0.34867080882657214
GSE37587,IGFBP3,104.23223240944422,112.77619242663383,-8.543960017189605,0.11334804155254623,0.35421262985170693
GSE37587,GCLC,93.84489162090311,105.71065131953968,-11.865759698636566,0.12038942793884964,0.3704290090426143
GSE37587,TERF1,168.2157968007184,183.72710714150784,-15.511310340789436,0.12284518394216525,0.3722581331580765
GSE37587,NFE2L2,975.7580633325693,869.1252280646069,106.63283526796249,0.13117131590550404,0.3915561668821016
GSE37587,CCNA2,107.70456925415809,113.83093348891344,-6.126364234755357,0.13567553245557745,0.39376318879000727
GSE37587,CCNB1,91.17379453435224,87.57038895480422,3.603405579548024,0.1358483001325525,0.39376318879000727
GSE37587,PCNA,486.60723046937755,401.23659522955995,85.3706352398176,0.14081054667504814,0.4023158476429947
GSE37587,FOXO4,773.0075601116331,596.8908744721817,176.11668563945136,0.1496546911523829,0.4215625102884025
GSE37587,MCM7,820.2440494570669,730.9251851463881,89.3188643106788,0.15809862534991154,0.4320221381688203
GSE37587,BNIP3,281.9067267262533,331.4904299877498,-49.58370326149651,0.15864944279968704,0.4320221381688203
GSE37587,PLK1,142.93817219479928,132.80419271458982,10.133979480209462,0.16064612638000644,0.4320221381688203
GSE37587,TFRC,481.40649724484183,569.851808674458,-88.44531142961614,0.1620083018133076,0.4320221381688203
GSE37587,TSC1,392.44455032364937,351.3454207785885,41.09912954506086,0.16466453979059642,0.4330775483358426
GSE37587,NBN,136.46155095918172,147.91160677315492,-11.450055813973194,0.1673468794623517,0.4330775483358426
GSE37587,MMP2,112.71026407266417,120.24465754036342,-7.534393467699246,0.16890024385097863,0.4330775483358426
GSE37587,GOT1,236.13018873722822,218.58441976124993,17.54576897597829,0.17834566771411123,0.4515080195293955
GSE37587,RFC1,245.1518675437684,262.31833067132055,-17.166463127552163,0.18780407261607607,0.46951018154019014
GSE37587,SLC3A2,141.82854691091654,132.0662105472272,9.762336363689343,0.19613177259644698,0.47038101654099296
GSE37587,IL18,16738.327119391128,15029.111753538778,1709.2153658523494,0.19695953919356277,0.47038101654099296
GSE37587,MAP1LC3A,650.0073771541744,814.831093252872,-164.82371609869767,0.1992760718405134,0.47038101654099296
GSE37587,CHAC1,93.25253275369407,96.8559383218274,-3.6034055681333257,0.19936143876242637,0.47038101654099296
GSE37587,RPA1,971.3445186142058,857.707934989666,113.63658362453975,0.199911932029922,0.47038101654099296
GSE37587,HIF1A,467.48456538427695,629.7374307224479,-162.25286533817098,0.20363659638682766,0.47357347996936666
GSE37587,BECN1,410.7621201468654,382.2605423777304,28.501577769134997,0.20634612548225995,0.4743589091546206
GSE37587,BRCA1,98.18292133260572,104.04492081569893,-5.861999483093214,0.22646991840021874,0.5119571805314368
GSE37587,CDO1,85.6820377075968,89.70880990916316,-4.026772201566359,0.2278209453364894,0.5119571805314368
GSE37587,CDKN2A,92.46303959966542,95.56070407588993,-3.0976644762245087,0.23226993139421176,0.5161554030982484
GSE37587,CBS,224.3588610677327,182.39192573748696,41.96693533024575,0.24282760491890357,0.5225332531190824
GSE37587,EP300,357.5493131839672,326.78339445084737,30.765918733119804,0.2429675369261419,0.5225332531190824
GSE37587,MCM5,269.8344111946926,246.80786429123546,23.02654690345716,0.24428055705921708,0.5225332531190824
GSE37587,PRKDC,451.6361927824001,566.9834840494242,-115.3472912670241,0.2455906289659687,0.5225332531190824
GSE37587,HMOX1,348.5929208333613,309.5952989344548,38.997621898906516,0.2505740334592318,0.5275242809668038
GSE37587,IL1B,915.7640530033602,802.9397202955228,112.82433270783747,0.2559238247416029,0.5312293771663431
GSE37587,TLR4,511.73452598756495,594.116690917567,-82.38216493000203,0.2576462479256764,0.5312293771663431
GSE37587,SELE,95.36430841865861,99.10372772015975,-3.739419301501144,0.261391397897156,0.5334518324431755
GSE37587,AKT1,1899.5390886662278,2072.035127656869,-172.49603899064118,0.2905899704478419,0.5853756926623245
GSE37587,HDAC3,486.0529648132449,467.2006979209737,18.85226689227119,0.2942317583689253,0.5853756926623245
GSE37587,ZEB1,92.16160186711153,89.1309864500503,3.0306154170612274,0.2979387238320614,0.5853756926623245
GSE37587,CCL3,114.91042527738831,120.9141855336518,-6.00376025626349,0.2999074250732789,0.5853756926623245
GSE37587,FANCD2,199.8306744417497,212.61596346427478,-12.785289022525092,0.3016728441562295,0.5853756926623245
GSE37587,TGFB1,101.48442477686352,98.4997857160324,2.984639060831114,0.3043953601844087,0.5853756926623245
GSE37587,ADIPOQ,111.16796542880469,115.20623174411867,-4.038266315313976,0.30751497754645374,0.5857428143741976
GSE37587,CDC20,108.24930325244765,119.02312187806116,-10.773818625613515,0.31141545090415984,0.5875763224606789
GSE37587,ATR,169.05903758691633,152.72398223035884,16.33505535655749,0.315911731815256,0.5904892183462729
GSE37587,HDAC1,1490.9223191149708,1330.7230692194255,160.19924989554534,0.32929641415331923,0.6056478059302591
GSE37587,ALOX5,8046.208973262676,8984.498613979222,-938.2896407165454,0.3334595713041555,0.6056478059302591
GSE37587,CSF2,84.59622937399953,86.60386845143444,-2.007639077434902,0.33389886655581535,0.6056478059302591
GSE37587,CXCL1,115.77151928558473,125.54918117071301,-9.777661885128282,0.33613453229129386,0.6056478059302591
GSE37587,MTOR,345.2013572722493,361.18775776292426,-15.986400490674953,0.3452777650075073,0.6165674375134058
GSE37587,MMP3,93.76578235360556,96.54161153253314,-2.77582917892758,0.3493022172703917,0.6182340128679499
GSE37587,E2F2,1751.7687070249333,1362.7579941222434,389.0107129026899,0.35287711629604923,0.6184122669512404
GSE37587,TNF,234.76146790777904,252.15589768177074,-17.394429773991703,0.3555870534969632,0.6184122669512404
GSE37587,ABCC2,112.63634838737151,109.19769183063879,3.438656556732724,0.361421090556284,0.623139811303938
GSE37587,SAT1,8358.861286085195,8971.633713890467,-612.772427805272,0.37007360370723985,0.6264456467523668
GSE37587,CREB1,3045.4331783184293,3325.908779864625,-280.4756015461958,0.3788770494953767,0.6264456467523668
GSE37587,HMGA2,98.51317385372354,101.2411108799593,-2.7279370262357503,0.38364731046458245,0.6264456467523668
GSE37587,E2F1,114.92222377695242,110.78051042633855,4.14171335061387,0.3848289270953197,0.6264456467523668
GSE37587,PARP1,803.7061194602444,730.649514446576,73.05660501366845,0.38505911087117706,0.6264456467523668
GSE37587,TIMP2,1382.4464709546546,1272.982251649157,109.46421930549764,0.38686055812804676,0.6264456467523668
GSE37587,MCM6,458.976310243929,425.8502662394425,33.126044004486516,0.3886300514377268,0.6264456467523668
GSE37587,ATF2,124.86383314254165,120.12442573072929,4.7394074118123655,0.390494205367354,0.6264456467523668
GSE37587,RPA2,1561.0608001218727,1444.541108915966,116.51969120590661,0.3937770475805623,0.6264456467523668
GSE37587,CD8A,1474.8006899476331,1240.7038489093475,234.09684103828567,0.3946607574539911,0.6264456467523668
GSE37587,ATG7,584.6497269418786,634.8234615245675,-50.173734582688894,0.40688172174248427,0.6407586169172981
GSE37587,CDK2,216.02904787551762,225.17644899749305,-9.147401121975435,0.4137728175679689,0.642115015570882
GSE37587,GCLM,222.65882317857125,253.68527520925417,-31.02645203068292,0.41416418504321895,0.642115015570882
GSE37587,MAD2L1,92.3815754040908,99.63053160377115,-7.24895619968035,0.4195548488472096,0.6432541794542799
GSE37587,CCND1,96.66449794095057,98.86562128838928,-2.2011233474387097,0.42427844201160025,0.6432541794542799
GSE37587,IGFBP5,82.53301923347443,84.20541322170367,-1.6723939882292314,0.42454775843982473,0.6432541794542799
GSE37587,LIG1,202.08613316513882,191.5958360902536,10.490297074885206,0.43154259683263607,0.647431046521045
GSE37587,CD74,2925.7741263742646,2492.7696822158655,433.0044441583991,0.43377880116910017,0.647431046521045
GSE37587,HSPA5,214.10037479167153,223.0044837775956,-8.904108985924069,0.44571424060814846,0.6603173934935532
GSE37587,HSP90AA1,4325.597371857165,4631.051604444263,-305.454232587098,0.46026643341764417,0.6768624020847708
GSE37587,GPX4,4269.428231650066,4616.270862337907,-346.84263068784094,0.4846237077832459,0.7074798653770012
GSE37587,ATG3,182.36182605896428,198.2217912608216,-15.859965201857307,0.4941339875998082,0.7161362139127656
GSE37587,VDAC3,2368.24070586804,2267.2725543834617,100.96815148457836,0.49879358332220036,0.7176886090966912
GSE37587,MAPK14,215.3720370231643,200.3377325291176,15.034304494046694,0.5040155369429337,0.7186054882099747
GSE37587,RB1,129.62558613365016,135.79217968470084,-6.166593551050681,0.5066168691880322,0.7186054882099747
GSE37587,CSE1L,371.60225017107416,383.31283929017314,-11.710589119098984,0.5138181261115605,0.7236875015655783
GSE37587,RFC3,105.8108923279122,108.24572936566499,-2.4348370377527857,0.5201536268898508,0.7274875900557354
GSE37587,CDKN1A,572.4037817943313,650.7764157028636,-78.3726339085323,0.5330205454844338,0.7403063131728247
GSE37587,AURKA,116.9251078840769,119.0112900610135,-2.086182176936603,0.5441494010749912,0.7505508980344706
GSE37587,GABARAP,454.0497610208458,422.3949639475888,31.654797073256987,0.5582848393794174,0.7589479885484487
GSE37587,GADD45B,267.5640253026725,277.91447729308265,-10.350451990410136,0.5604413984261578,0.7589479885484487
GSE37587,GADD45A,328.4187667437632,356.2862524015821,-27.867485657818918,0.5639224491175832,0.7589479885484487
GSE37587,LIG3,155.80395155220367,160.89967657454565,-5.0957250223419805,0.5654162514685943,0.7589479885484487
GSE37587,MMP10,85.18439044952136,86.4353335085127,-1.2509430589913393,0.5788038820870546,0.7690258618498828
GSE37587,PLIN2,715.6144229744004,681.9213358851677,33.69308708923279,0.5806145256966615,0.7690258618498828
GSE37587,BNIP3L,501.5559930339064,585.4438872058428,-83.88789417193635,0.5875459993535045,0.7721757362872028
GSE37587,VDAC2,102.12101263003703,109.51556096808241,-7.394548338045382,0.5907144382597102,0.7721757362872028
GSE37587,IL1A,85.49229090826033,84.56893018655298,0.9233607217073541,0.5994725896505866,0.7739392977890535
GSE37587,BUB1B,112.19788083595246,110.2994358580146,1.8984449779378565,0.6023364593572937,0.7739392977890535
GSE37587,JUN,160.95227775911425,166.41773019916616,-5.465452440051905,0.6036726522754617,0.7739392977890535
GSE37587,IL10,6455.8397748912785,5886.118561047744,569.7212138435343,0.6368748625354633,0.811305557370017
GSE37587,MMP9,2655.165425282674,3144.3377857029836,-489.1723604203098,0.6435012244907414,0.8125328924835807
GSE37587,MMP12,79.36710737469258,80.2023467158499,-0.8352393411573189,0.6459636495244467,0.8125328924835807
GSE37587,COL1A1,84.51868297628296,85.52633391931263,-1.0076509430296738,0.6502480219897233,0.8128100274871541
GSE37587,S100A8,22933.33140357907,23332.34774527915,-399.01634170007674,0.6591963676753057,0.8188774753730504
GSE37587,LPIN1,698.8005928331106,661.4293884464436,37.371204386667046,0.6642554848793389,0.8200684998510357
GSE37587,LMNB1,420.06957091431354,451.7684287621966,-31.698857847883062,0.6705185014683538,0.820184566826453
GSE37587,CXCL2,82.94237883689024,83.7507983902201,-0.8084195533298555,0.6725513447976914,0.820184566826453
GSE37587,SNAI1,78.75445818365573,77.99201510566294,0.7624430779927849,0.694341732692141,0.8242382507536341
GSE37587,MKI67,88.18402969316472,88.93114734092107,-0.7471176477563546,0.6948686910653881,0.8242382507536341
GSE37587,RGS4,89.18978165004567,88.35454249366069,0.8352391563849864,0.6961017865046923,0.8242382507536341
GSE37587,MAPK3,1650.8750612201845,1715.1463297939515,-64.27126857376697,0.7030358128789966,0.8242382507536341
GSE37587,MCM2,107.46903217189963,109.29851240347818,-1.8294802315785574,0.7064197383650231,0.8242382507536341
GSE37587,FOXO3,3943.2719299068344,4175.67147308994,-232.39954318310583,0.7142289373836286,0.8242382507536341
GSE37587,STAT3,1836.385942714195,1772.9671544522591,63.41878826193579,0.7157933390949784,0.8242382507536341
GSE37587,MCM4,126.62248274802069,128.9653668477405,-2.342884099719825,0.7174980716037053,0.8242382507536341
GSE37587,CDKN1B,1521.3439639119777,1613.0076279703524,-91.6636640583747,0.7186961286226708,0.8242382507536341
GSE37587,FN1,94.94088261610526,95.63627669298411,-0.6953940768788556,0.7224342641941695,0.8242382507536341
GSE37587,SIRT6,93.66773742969679,94.7098706707122,-1.0421332410154207,0.722774152426737,0.8242382507536341
GSE37587,CD38,119.47971376394523,123.36855654343623,-3.888842779491,0.725329660663198,0.8242382507536341
GSE37587,COL3A1,81.93844981265748,81.23156157506476,0.7068882375927217,0.7357699705527039,0.8313784977996654
GSE37587,NCOA4,17807.309959989445,17374.031572481894,433.2783875075511,0.743589601716637,0.83143292944266
GSE37587,BRCA2,88.1315146112202,88.77901653124044,-0.6475019200202468,0.7441324718511807,0.83143292944266
GSE37587,CCNE1,98.04187773313414,97.10127585559528,0.9406018775388674,0.7508436063156949,0.8342706736841055
GSE37587,TRIB3,209.87667293215125,206.21579679791213,3.6608761342391176,0.7590564395974467,0.838736397345245
GSE37587,ATF4,4682.198733915619,4538.531855031242,143.66687888437718,0.7647426802351227,0.840376571686948
GSE37587,MAPK8,92.83590414114872,93.5025629075943,-0.666658766445579,0.798397869099567,0.8725659771579967
GSE37587,BLM,141.74556869354424,144.1382606307915,-2.392691937247264,0.808974953229679,0.8754490280105909
GSE37587,RFC2,162.50780977401158,164.52119586370026,-2.01338608968868,0.8126920756802828,0.8754490280105909
GSE37587,IGFBP7,219.25788259545234,214.8249849644971,4.432897630955239,0.8141675960498496,0.8754490280105909
GSE37587,COL1A2,91.97144417875826,92.51933043068523,-0.5478862519269683,0.8259834280623858,0.8834047358955998
GSE37587,PRKAA2,81.15682783178067,81.60126701223706,-0.444439180456385,0.8362788753003044,0.8896583779790473
GSE37587,PPARGC1A,82.38067607988943,82.01478003028805,0.3658960496013748,0.850438919657444,0.899935364716872
GSE37587,ALOX12,169.59931959833955,175.03986811536615,-5.440548517026599,0.8667869804867843,0.9124073478808256
GSE37587,BUB3,1876.0637502601994,1901.1285871607,-25.064836900500495,0.8961982093622431,0.9359204894978302
GSE37587,RAD50,129.3409062839557,130.0822768046994,-0.7413705207437147,0.9022498034982541,0.9359204894978302
GSE37587,HSPD1,1258.4743310792724,1272.5986846774556,-14.124353598183234,0.9031632723654062,0.9359204894978302
GSE37587,TSC2,81.23251850041997,81.4662322069959,-0.2337137065759265,0.9103008268382063,0.9384544606579447
GSE37587,MDM2,101.87799923530146,101.64620121692356,0.23179801837790137,0.952420699851463,0.976841743437398
GSE37587,BUB1,95.25621593023347,95.46311003181683,-0.20689410158335875,0.9619376074337339,0.9811356493276002
GSE37587,BRD4,128.77724458608003,128.37111913320285,0.40612545287717694,0.9706154064340977,0.9811356493276002
GSE37587,VEGFA,135.1033753080215,134.8466733705939,0.25670193742760716,0.9713242928343242,0.9811356493276002
GSE37587,AURKB,105.36301015681394,105.39366113463016,-0.03065097781622228,0.994501915972491,0.9959269900250667
GSE37587,IL6,92.56652661855522,92.55311681560437,0.013409802950846483,0.9959269900250667,0.9959269900250667
GSE61616,CCNA2,125.20888901544069,90.85016582947175,34.35872318596894,1.1317228779860335e-07,1.8801047612279145e-05
GSE61616,TIMP1,3217.964486115402,2956.6226263182543,261.34185979714766,1.8801047612279146e-07,1.8801047612279145e-05
GSE61616,MKI67,95.14342091315248,77.80212210061066,17.341298812541822,3.4771689439443365e-07,1.9050731735809602e-05
GSE61616,TOP2A,115.6709152571276,66.09098637128527,49.579928885842335,3.8101463471619206e-07,1.9050731735809602e-05
GSE61616,CDC20,145.18716070878753,67.35581913445087,77.83134157433666,1.0051258666092233e-06,4.020503466436893e-05
GSE61616,MCM2,124.5652454901257,83.16199921193628,41.40324627818943,1.8633104572298948e-06,6.206013949387028e-05
GSE61616,LMNB1,462.7910896079473,400.94104739265583,61.85004221529147,2.1732862750514025e-06,6.206013949387028e-05
GSE61616,CXCL1,150.3583082784474,65.19344863157544,85.16485964687196,2.4824055797548116e-06,6.206013949387028e-05
GSE61616,GADD45A,378.8716840505359,287.0022527159892,91.86943133454673,3.085441439463336e-06,6.856536532140748e-05
GSE61616,TLR4,615.7586372526439,456.88667014931053,158.87196710333336,3.441271960909329e-06,6.882543921818658e-05
GSE61616,MCM6,483.4763674198272,381.45188782464146,102.02447959518577,4.857853336094274e-06,8.832460611080498e-05
GSE61616,IL18,15979.699274067092,15800.80920361188,178.89007045521248,6.6499239708193e-06,0.00010454315742496638
GSE61616,TIMP2,1375.8677656115733,1264.0172893370348,111.85047627453855,7.933152259960841e-06,0.00010454315742496638
GSE61616,MMP2,136.53481129578464,86.67388947735519,49.860921818429446,8.274858075747185e-06,0.00010454315742496638
GSE61616,BAP1,175.3277304817771,204.7937007197232,-29.465970237946095,8.394836384142038e-06,0.00010454315742496638
GSE61616,COL3A1,89.0839702529961,69.13907437864252,19.944895874353577,8.425034846940827e-06,0.00010454315742496638
GSE61616,NFE2L2,962.3005282884867,860.4124989519678,101.88802933651891,9.747198266475791e-06,0.00010454315742496638
GSE61616,ICAM1,115.97817427872762,82.9843175286204,32.99385675010723,9.903088516235369e-06,0.00010454315742496638
GSE61616,GABARAP,459.0505409592168,416.4190568389589,42.63148412025788,9.931599955371806e-06,0.00010454315742496638
GSE61616,PCNA,468.12201656350146,410.3752383077978,57.746778255703646,1.1142836631955654e-05,0.00011142836631955653
GSE61616,RPA1,926.0766780509796,903.6175002693311,22.459177781648464,1.4787095681498607e-05,0.0001408294826809391
GSE61616,MMP12,86.52442314399214,71.26895348330996,15.25546966068218,1.5906490646856822e-05,0.0001446044604259711
GSE61616,BUB1,110.43313310366872,71.53558596657649,38.89754713709223,1.6767560240856745e-05,0.00014580487165962388
GSE61616,MYC,390.19112469199035,285.1526774027873,105.03844728920308,2.182441998382081e-05,0.00018172540439422973
GSE61616,AURKA,128.80379944105226,98.46385524695789,30.33994419409437,2.416404881576947e-05,0.00018172540439422973
GSE61616,HMOX1,399.28426477879674,238.04639356649045,161.2378712123063,2.461081850923604e-05,0.00018172540439422973
GSE61616,BUB1B,124.02921451595634,90.08962803200862,33.93958648394772,2.5202569740328595e-05,0.00018172540439422973
GSE61616,CCNB1,97.77888488124896,79.1943666204189,18.584518260830052,2.5441556615192166e-05,0.00018172540439422973
GSE61616,IRF1,4521.773812244354,4420.5434739729035,101.23033827145082,3.265374385179125e-05,0.00021919198832874999
GSE61616,RFC3,119.4590925334594,89.56225053913482,29.896841994324575,3.2878798249312495e-05,0.00021919198832874999
GSE61616,TNFRSF1A,2362.758338844651,2241.412459611707,121.34587923294384,3.688806009659798e-05,0.00023798748449418053
GSE61616,MCM5,297.8675569556038,203.57526514437015,94.29229181123364,4.203156032929322e-05,0.0002626972520580826
GSE61616,MCM3,789.2555689315799,671.9926209509456,117.2629479806343,5.357179875379471e-05,0.00031419697126220905
GSE61616,NFKB1,2622.3176671319816,2549.810689586689,72.50697754529256,5.4951237105799746e-05,0.00031419697126220905
GSE61616,COL1A1,93.06557219378742,73.01439783321841,20.051174360569007,5.498446997088658e-05,0.00031419697126220905
GSE61616,BUB3,1907.4051109183838,1876.3502246917192,31.05488622666462,5.785228669427538e-05,0.00031831793832386504
GSE61616,CDK2,244.52615714496716,184.6703054208016,59.85585172416555,5.888881858991503e-05,0.00031831793832386504
GSE61616,CDK4,344.5450670473089,281.2283795673586,63.3166874799503,7.295049984420869e-05,0.00038394999918004574
GSE61616,FANCD2,228.2825996893452,170.8254746060761,57.45712508326909,8.679980800131666e-05,0.00044512722051957257
GSE61616,CCL3,137.25217368097685,89.63801611950473,47.614157561472126,0.00011345969060678538,0.0005672984530339268
GSE61616,AURKB,121.96795260475945,83.8494346126012,38.118517992158246,0.00014259952338748806,0.0006799929816234459
GSE61616,BLM,166.36907220267437,122.25184893214669,44.11722327052769,0.00014279852614092363,0.0006799929816234459
GSE61616,COL1A2,101.09415153301966,78.03375418544707,23.06039734757259,0.00015635851680667216,0.0007272489153798705
GSE61616,HSPA5,226.43714957192424,209.401213115599,17.03593645632523,0.00016357665683790497,0.0007435302583541134
GSE61616,SAT1,8700.535227777025,8643.368333755778,57.16689402124757,0.0001681068294533763,0.000747141464237228
GSE61616,FN1,101.97144294233708,84.61401554281267,17.35742739952441,0.00017870406212005762,0.0007769741831306852
GSE61616,TGFB1,110.27657749876741,82.73499820737938,27.541579291388032,0.00019170647135824485,0.0008157722185457228
GSE61616,BNIP3,286.9776923970511,329.80132422803973,-42.82363183098863,0.00020107373027977702,0.0008367691837506966
GSE61616,CD8A,1501.2168838227774,1192.6204877625041,308.59639606027326,0.00020500845001892066,0.0008367691837506966
GSE61616,HSPB1,1168.7200242635042,1000.6085502990416,168.11147396446268,0.0002101631095371446,0.0008406524381485784
GSE61616,TSC2,74.090283310143,90.93901849074643,-16.84873518060344,0.00022629163998939716,0.0008874181960368516
GSE61616,PTGS2,995.3233040785987,1042.9664044623137,-47.64310038371502,0.0002582124419707071,0.000993124776810412
GSE61616,CCND1,104.22791306196468,84.9087903268767,19.319122735087987,0.00031664341540459047,0.0011948808128475112
GSE61616,RPS6KB1,361.57007980768924,390.2781043143744,-28.70802450668515,0.0003274287772771759,0.0012126991751006515
GSE61616,PLIN2,766.681656158368,604.1833866826315,162.4982694757365,0.00036070118098535214,0.0013036054305932449
GSE61616,LIG1,212.12406792704937,166.9294774933005,45.19459043374886,0.00036500952056610857,0.0013036054305932449
GSE61616,RELA,174.75983193620095,127.40984473299307,47.34998720320789,0.0004329625234751727,0.0015191367476761015
GSE61616,PARP1,789.7310165645669,743.1958894415802,46.53512712298664,0.0004405496568260694,0.0015191367476761015
GSE61616,IGFBP7,240.7168559981755,184.43853585264122,56.27832014553428,0.0004897085024836458,0.0016600288219784604
GSE61616,E2F2,1594.9215059439873,1533.5555978093967,61.365908134590654,0.000608976399810225,0.00202992133270075
GSE61616,CDKN2A,102.18377424761213,79.68015262232157,22.503621625290563,0.0007069332926051492,0.002317814074115243
GSE61616,MAPK14,205.50518730469474,217.01570518140085,-11.510517876706103,0.0008097607522338742,0.002612131458818949
GSE61616,GOT1,210.50046257133891,251.69072012227747,-41.190257550938554,0.0008371657688953811,0.0026576691076043847
GSE61616,SESN2,103.08105632478775,80.65186460992263,22.429191714865127,0.0008611514253402057,0.002691098204188143
GSE61616,HDAC3,469.2110529622364,487.19312534519577,-17.98207238295936,0.0009126373708224098,0.002793759539792939
GSE61616,ATG7,630.1209309863849,586.5783566548786,43.54257433150633,0.0009219406481316699,0.002793759539792939
GSE61616,CCL2,109.44891768771602,61.79853181011551,47.650385877600506,0.0010135275624324122,0.0029595571387102636
GSE61616,ATF3,116.74954796642149,81.65154939748189,35.0979985689396,0.0010157328956498686,0.0029595571387102636
GSE61616,ACSL4,810.8564301858494,836.205829003244,-25.349398817394672,0.0010210472128550409,0.0029595571387102636
GSE61616,MCM7,788.3474369291168,755.4587367479302,32.888700181186664,0.001225075336656118,0.003500215247588909
GSE61616,STAT3,1830.2004184128443,1767.790282342186,62.41013607065838,0.0012781318724105284,0.0036003714715789536
GSE61616,SERPINE1,95.58295872494648,70.95835001660575,24.62460870834073,0.0014120729614111325,0.003898065551259761
GSE61616,IL1A,90.06386978537071,78.49894787473873,11.56492191063198,0.001426109339953801,0.003898065551259761
GSE61616,NCOA4,17626.548507214677,17596.184441485362,30.36406572931446,0.0014499424939928567,0.003898065551259761
GSE61616,LIG4,109.07738789492953,136.53973887178444,-27.462350976854907,0.0014617745817224104,0.003898065551259761
GSE61616,MAD2L1,119.17471511350747,65.83312918594387,53.3415859275636,0.0016812401671373112,0.004424316229308714
GSE61616,MDM4,264.26109316415284,221.79601173000455,42.46508143414829,0.0017229213380636258,0.00447512035860682
GSE61616,ATF4,4612.006998555934,4635.874783754336,-23.86778519840209,0.0018154234930627046,0.004654932033494114
GSE61616,CHAC1,82.74938197537247,105.72956334034168,-22.980181364969212,0.001862288908684487,0.0047146554650240174
GSE61616,VEGFA,119.54862904681723,159.1426186356063,-39.593989588789086,0.0019569312413855186,0.004892328103463796
GSE61616,PRKDC,521.8999296711256,502.80108639362413,19.098843277501487,0.002073656156849579,0.0051201386588878494
GSE61616,SQSTM1,1519.106879473924,1531.4009297282125,-12.29405025428855,0.0022007524716289033,0.0053676889551924475
GSE61616,CD74,2774.179903279429,2652.2427374234476,121.93716585598122,0.0027023052124849883,0.006511578825265032
GSE61616,DDIT3,276.4065586252071,304.87862100702733,-28.47206238182025,0.0028807868388736283,0.006859016283032449
GSE61616,PLK1,161.23625062402434,106.48524164169032,54.751008982334014,0.002960398735905399,0.006965644084483292
GSE61616,MCM4,140.1309656690227,113.93477318837267,26.196192480650012,0.0031338768700531444,0.007288085744309638
GSE61616,SLC3A2,146.14581181964013,121.81985610293243,24.325955716707696,0.0034841889727300324,0.00800962982236789
GSE61616,TSC1,363.67248902991,384.0834446652558,-20.410955635345772,0.004297613985600718,0.009767304512728904
GSE61616,MAP1LC3A,730.2345171732504,752.4413502276506,-22.206833054400136,0.004539593265131266,0.010201333180070259
GSE61616,RPA3,664.7465440425128,641.7871931566918,22.95935088582098,0.004594179272174521,0.010209287271498935
GSE61616,SLC7A11,91.003523733106,75.65871312855495,15.344810604551043,0.004766755938304081,0.010476386677591387
GSE61616,HDAC1,1433.8972455477356,1391.9743602118137,41.92288533592182,0.004878422686729835,0.010605266710282248
GSE61616,CHEK1,114.23144680278111,92.60992753557511,21.621519267205997,0.006074315141834014,0.013063043315772073
GSE61616,BECN1,393.53825864044427,405.4499742308968,-11.911715590452559,0.006214076512535468,0.013221439388373337
GSE61616,IL6,97.55281389403021,79.95333114027933,17.599482753750877,0.006296866417861437,0.01325656087970829
GSE61616,BRCA2,95.29929973663555,78.79300122852416,16.506298508111385,0.006523544007835211,0.013539271073633065
GSE61616,BNIP3L,547.724160808136,556.5695937562707,-8.845432948134658,0.0065665464707120366,0.013539271073633065
GSE61616,RFC1,261.30735937022877,247.417759404782,13.889599965446763,0.006678920126301065,0.013611233234340296
GSE61616,CDKN1A,623.1203166837073,598.1655572504284,24.954759433278923,0.006737560450998446,0.013611233234340296
GSE61616,IGFBP3,124.55376486713433,89.75137017634889,34.80239469078545,0.007645632669313123,0.015291265338626245
GSE61616,CXCL10,162.38576600340315,69.10572259488217,93.28004340852098,0.007781427597954286,0.015408767520701557
GSE61616,MAPK1,1554.328080715978,1580.9809275958626,-26.652846879884464,0.00822886371459357,0.016064398915544977
GSE61616,MNT,457.14684425951526,477.1220353608866,-19.975191101371365,0.008273165441505663,0.016064398915544977
GSE61616,TNF,284.08292553576257,201.92718387283415,82.15574166292842,0.009151418615594006,0.017598881953065394
GSE61616,GABARAPL1,789.583094930558,829.4147545947214,-39.83165966416345,0.00985910900451928,0.01876650256734113
GSE61616,S100A8,23186.23126870564,23032.4657032639,153.76556544173945,0.010001860728142985,0.01876650256734113
GSE61616,ATG5,170.83045481562954,159.35766062068774,11.472794194941798,0.010040078873527505,0.01876650256734113
GSE61616,XRCC5,439.5898600012614,403.94870277997745,35.64115722128395,0.010293315690211876,0.019061695722614583
GSE61616,RFC4,215.6423075369159,196.0537312352563,19.5885763016596,0.0109332948246925,0.020061091421454125
GSE61616,RFC5,238.6615587066001,214.75206310414578,23.909495602454314,0.011569574175408973,0.02101849358071723
GSE61616,MDM2,103.3551291794879,96.35276044549656,7.0023687339913465,0.011665263937298064,0.02101849358071723
GSE61616,HIF1A,560.2591288980752,544.4789113909956,15.78021750707967,0.01346434743035111,0.02404347755419841
GSE61616,SLC40A1,1044.4134130114016,1019.8453080001698,24.568105011231864,0.015219598386670325,0.026937342277292612
GSE61616,CHEK2,125.8221455913304,99.92058423292883,25.901561358401565,0.01548484641826707,0.02716639722502995
GSE61616,ALOX12,228.95394147703047,89.1159362038416,139.83800527318886,0.019847811187542884,0.03451793250007458
GSE61616,LIG3,163.6065829400301,147.63725132223914,15.96933161779097,0.02121439946007438,0.036576550793231695
GSE61616,ATG3,193.04044291204576,184.07338825954986,8.967054652495904,0.021642529426507396,0.036995776797448546
GSE61616,CD38,120.73930092322148,106.81102628552003,13.928274637701449,0.02260276372503874,0.03830976902548939
GSE61616,LPIN2,205.10368071978647,220.3659696096886,-15.262288889902123,0.023230130355727713,0.03904223589197935
GSE61616,TERF2,253.189690486315,268.50987842479066,-15.32018793847567,0.026828307144502836,0.04471384524083806
GSE61616,AKT1,2005.9576555403587,1974.7634900148928,31.194165525465905,0.02972849203164228,0.049138003358086414
GSE61616,JAK2,337.5929692226007,325.27475969429076,12.318209528309922,0.031933310795239936,0.05234968982826219
GSE61616,KEAP1,274.4457188300388,284.51272151475627,-10.067002684717465,0.03269484718546348,0.05316235314709509
GSE61616,MAPK8,86.3890293282913,102.52484477657615,-16.135815448284845,0.03569204054994775,0.057215543171190854
GSE61616,ATF2,106.79689343682541,132.02452458392844,-25.227631147103025,0.03575971448199428,0.057215543171190854
GSE61616,VDAC2,111.47274074785405,102.2723382063571,9.200402541496942,0.036579301880718805,0.0580623839376489
GSE61616,TFAM,411.31635837132546,401.7588354761825,9.557522895142938,0.038211877603722175,0.06017618520271208
GSE61616,MAX,366.44762544443637,355.1312546264266,11.316370818009773,0.04094570094157563,0.06397765772121192
GSE61616,IL1B,869.3098400568664,846.3997346967477,22.910105360118678,0.04254555289874075,0.06596209751742751
GSE61616,RGS4,82.26776205892286,97.3299130516834,-15.06215099276055,0.045017752508581116,0.06925808078243248
GSE61616,MTOR,345.85534204355224,360.9709861977834,-15.115644154231177,0.04600010250105334,0.06999710460744568
GSE61616,PPARGC1A,76.08758679865241,89.27730949551275,-13.189722696860343,0.04619808904091415,0.06999710460744568
GSE61616,XRCC6,897.7357390750743,878.5354147493065,19.200324325767838,0.0508132733283445,0.0764109373358564
GSE61616,EIF2A,421.9782400764137,404.45772446734253,17.520515609071197,0.05549514101486071,0.08282856867889657
GSE61616,IGFBP5,87.85135891188631,77.6344362599968,10.216922651889504,0.059908118471085195,0.08857272898627326
GSE61616,TRIB3,223.00826754412955,195.75852840340605,27.249739140723506,0.06022945571066582,0.08857272898627326
GSE61616,LPIN1,671.1352159128769,684.4256294914043,-13.290413578527364,0.06081451549517557,0.08878031459149717
GSE61616,SOD1,2558.7665859210038,2564.9574058140543,-6.190819893050502,0.06421209542949864,0.09306100786883861
GSE61616,CBS,219.6364080525239,195.55771336576842,24.078694686755483,0.06491866947510579,0.09340815751813783
GSE61616,PRKAA2,76.92165262707748,88.69549861387058,-11.773845986793106,0.07021495539665056,0.10030707913807223
GSE61616,CDKN1B,1584.3822142569766,1565.285217879778,19.096996377198593,0.07318054072063143,0.10380218541933536
GSE61616,PTEN,1401.4425781595419,1384.4043674846966,17.03821067484523,0.07630231354885156,0.1074680472519036
GSE61616,ABCC2,103.45438761440619,120.90548644393091,-17.451098829524724,0.08181940788763117,0.11443273830437926
GSE61616,CDO1,82.36320407240969,94.53330512699364,-12.170101054583952,0.08489233284439267,0.11790601783943426
GSE61616,RPA2,1513.2911584277958,1488.3121162360135,24.979042191782355,0.09313945869857623,0.1284682188945879
GSE61616,GCLM,241.68481811771835,228.56002931339395,13.124788804324396,0.09416007760377605,0.12898640767640554
GSE61616,ADIPOQ,103.41884954699599,125.12692490207864,-21.708075355082656,0.09758541954570521,0.13276927829347648
GSE61616,CDKN2B,179.64541230406226,136.84768520063656,42.7977271034257,0.11311292081989459,0.15285529840526296
GSE61616,HDAC2,730.2783447880628,737.6401721262672,-7.361827338204421,0.11642666851721366,0.1562774074056559
GSE61616,CREBBP,1000.2459994098845,1006.9654499287774,-6.719450518892927,0.12112921204887711,0.16150561606516947
GSE61616,SNAI1,82.27121308420944,72.60814191889384,9.6630711653156,0.1370786381177454,0.181561110089729
GSE61616,RAD50,136.62839097582918,117.89460953768773,18.73378143814145,0.14816202598190098,0.1949500341867118
GSE61616,MMP9,2959.995785046537,2928.8348325321717,31.160952514365363,0.16110683382983945,0.21059716840501888
GSE61616,EP300,346.4276886949336,336.0352577688469,10.39243092608666,0.18485171649882517,0.24006716428418853
GSE61616,CCNE1,96.36358910142532,103.9618573943175,-7.598268292892186,0.19464008744103423,0.25114849992391514
GSE61616,FOXO4,678.8110814757385,690.2565834044514,-11.445501928712815,0.20466299506305663,0.26238845520904697
GSE61616,GPX4,4454.210733854339,4458.663053878796,-4.45232002445664,0.2191155644526467,0.2780447901475511
GSE61616,CSE1L,378.0229520735161,381.24351159867956,-3.2205595251634804,0.2196553842165654,0.2780447901475511
GSE61616,FOXO1,483.86141568909005,468.3887172675101,15.472698421579935,0.22941764584686852,0.2885756551532937
GSE61616,NBN,144.20868372774652,132.66056679381467,11.548116933931851,0.23786286228473155,0.29732857785591443
GSE61616,HMGB1,289.6934430127549,284.5881472063078,5.105295806447145,0.24383480538236268,0.3029003793569723
GSE61616,VDAC3,2326.204662733644,2321.993477291651,4.211185441993166,0.25267745772979056,0.3119474786787538
GSE61616,HSPD1,1270.308885939524,1266.2727975363518,4.0360884031722435,0.2653327419657917,0.32556164658379355
GSE61616,PRKAA1,652.9912049775295,645.9132093763052,7.077995601224302,0.28172136920728436,0.343562645374737
GSE61616,E2F1,114.13168239358006,105.18085450208393,8.950827891496132,0.28854549744316943,0.3479619552307254
GSE61616,STEAP3,135.75556860706004,128.3229913217505,7.432577285309549,0.28880842284150204,0.3479619552307254
GSE61616,TFRC,528.9601345390032,538.824253355952,-9.864118816948803,0.29348316072647035,0.3514768391933777
GSE61616,RFC2,167.7920409502376,162.61584387569349,5.17619707454412,0.31260241817014217,0.3721457359168359
GSE61616,CD4,200.4275134777941,233.65424645245434,-33.22673297466025,0.3160777426926681,0.37405650022800957
GSE61616,DPP4,157.2909563450924,167.65501356613885,-10.364057221046437,0.33357808834582986,0.3924448098186234
GSE61616,SIRT6,91.09792977155291,95.92269233807849,-4.824762566525578,0.3359201066013176,0.3928890135687925
GSE61616,TERF1,181.2083321159977,175.56712293062168,5.641209185376027,0.36039788996772765,0.4190673139159624
GSE61616,ATR,175.7666899459585,161.71977539953673,14.04691454642176,0.3710123824933234,0.4289160491252294
GSE61616,RB1,128.8238579380394,124.68756974188375,4.136288196155647,0.5115632285268452,0.5880037109503968
GSE61616,XRCC1,193.8868446664374,197.27889605011276,-3.3920513836753514,0.543699935207081,0.6213713545223783
GSE61616,MMP10,86.18423032696093,82.28853549404413,3.895694832916803,0.592346201143386,0.6731206831174841
GSE61616,FOXO3,4080.8431570540292,4077.7710304521925,3.0721266018367714,0.6149978351030694,0.6949128080260671
GSE61616,CXCL2,81.57127780737963,78.65188361308262,2.9193941942970127,0.6188924437386042,0.6953847682456227
GSE61616,CREB1,3204.0506900529385,3212.281664523738,-8.230974470799538,0.6317594000235751,0.7058764246073465
GSE61616,GADD45B,272.6541183387286,278.21700909045984,-5.562890751731231,0.6562547054140491,0.729171894904499
GSE61616,ALOX5,8543.770290205004,8529.26453778156,14.505752423443482,0.6779963000230794,0.749167182345944
GSE61616,CSF2,83.6947738891463,86.6272741011048,-2.932500211958498,0.6819117005071652,0.7493535170408409
GSE61616,HSP90AA1,4488.061005790049,4490.507377378466,-2.446371588416696,0.7084328699212359,0.7742435736844108
GSE61616,PRNP,1583.882012461281,1585.9877319679304,-2.1057195066493932,0.7398915191672003,0.7986241395668946
GSE61616,TERT,100.51175139006699,97.74888681376049,2.762864576306498,0.743808541559614,0.7986241395668946
GSE61616,MMP3,97.28298250853935,94.10454863520208,3.1784338733372692,0.7457713681015319,0.7986241395668946
GSE61616,IL10,6234.30063457097,6212.805597988535,21.495036582435205,0.7494175937971521,0.7986241395668946
GSE61616,CSF3,101.07867795594225,98.27062984219233,2.808048113749919,0.7516272964532439,0.7986241395668946
GSE61616,HMGA1,354.0939683150449,356.18291127018523,-2.0889429551403396,0.7577042494890791,0.7986241395668946
GSE61616,ZEB1,91.25063232531409,89.86454602218775,1.3860863031263335,0.7586929325885499,0.7986241395668946
GSE61616,TP53,126.01810927664323,123.63270382771603,2.3854054489272016,0.7748436565400145,0.8113546141780257
GSE61616,HMGA2,99.54518100370365,102.41387201075221,-2.868691007048568,0.7906624602377603,0.8197553695705446
GSE61616,IFNG,135.4908706529235,142.13350961195383,-6.642638959030336,0.7910639316355755,0.8197553695705446
GSE61616,MAPK3,1687.3154107002015,1684.0455414386074,3.269869261594067,0.8243570391690147,0.8498526177000152
GSE61616,GCLC,99.02309182454637,96.80392419632696,2.2191676282194095,0.8308699591226073,0.8521743170488281
GSE61616,BRD4,126.82861506386988,125.997841664064,0.8307733998058779,0.8733436999506123,0.891167040765931
GSE61616,BRCA1,101.38323979810193,99.93641118486858,1.4468286132333503,0.9118988553283514,0.9257856399272603
GSE61616,SELE,93.66528282866406,94.13022145944915,-0.4649386307850847,0.9559075118330136,0.9655631432656703
GSE61616,MMP13,86.8192868108512,87.04424406091532,-0.22495725006412215,0.9790323257963874,0.9839520862275251
GSE61616,JUN,164.25448173139225,164.19975998022124,0.05472175117100164,0.9930999938299443,0.9930999938299443
GSE97537,SLC3A2,160.3896417384901,104.27035576790615,56.119285970583945,6.226036544212602e-07,8.603283779624772e-05
GSE97537,HSPB1,1410.327379294357,671.3462021191706,738.9811771751863,8.603283779624773e-07,8.603283779624772e-05
GSE97537,HMOX1,437.6721466781928,179.0263815622639,258.6457651159289,7.848135358911076e-06,0.0003503764134465688
GSE97537,STAT3,1948.7563634314758,1611.9568937635063,336.79946966796956,8.234425825676614e-06,0.0003503764134465688
GSE97537,CD38,149.28544066618497,82.97645221635257,66.3089884498324,9.780027136811295e-06,0.0003503764134465688
GSE97537,TNFRSF1A,2422.2257941757484,2157.324462693554,264.90133148219456,1.0511292403397065e-05,0.0003503764134465688
GSE97537,GADD45A,458.3300627536545,183.25330937537146,275.076753378283,1.8686280362706992e-05,0.0004821789804205614
GSE97537,ATF3,117.89939884948073,82.21533092056163,35.684067928919106,2.499477472282279e-05,0.0004821789804205614
GSE97537,TSC1,347.50895479619527,407.29136356439153,-59.78240876819626,2.5133208095076782e-05,0.0004821789804205614
GSE97537,BNIP3L,522.7264500956965,585.4888928454624,-62.76244274976591,2.5286080594883403e-05,0.0004821789804205614
GSE97537,CDKN1A,688.1903860416934,514.0596562610091,174.1307297806843,2.9601288375172357e-05,0.0004821789804205614
GSE97537,LPIN2,188.4688611973203,239.9076987093904,-51.43883751207008,3.0393376524285433e-05,0.0004821789804205614
GSE97537,PLIN2,831.5078185959059,515.8019691071058,315.7058494888,3.243681952862044e-05,0.0004821789804205614
GSE97537,TIMP1,3439.1184705119554,2667.918005089533,771.2004654224224,3.37525286294393e-05,0.0004821789804205614
GSE97537,CCL2,112.48268695097974,65.12785946051278,47.35482749046696,4.6191149921296107e-05,0.0006158819989506148
GSE97537,TGFB1,109.37094780079893,86.68801463050958,22.682933170289346,5.1130197377194e-05,0.000639127467214925
GSE97537,IL18,15957.843051718673,15838.620545927357,119.22250579131651,6.378151915725613e-05,0.0006910572632147009
GSE97537,FN1,101.62297080398096,86.1209888835431,15.501981920437856,6.636794209764075e-05,0.0006910572632147009
GSE97537,FOXO3,4049.9030006557487,4117.183298444216,-67.28029778846758,6.730333855255321e-05,0.0006910572632147009
GSE97537,MYC,463.1444745405937,182.29604977162327,280.8484247689704,6.91057263214701e-05,0.0006910572632147009
GSE97537,CCL3,137.5772183404565,90.43089924659091,47.1463190938656,7.266120281577122e-05,0.0006920114553882974
GSE97537,CCND1,107.05333546818869,84.56631726794717,22.487018200241522,8.746139657464824e-05,0.0007951036052240749
GSE97537,NFE2L2,958.8622319444374,874.279391547829,84.58284039660839,9.740743435695378e-05,0.0008470211683213371
GSE97537,NFKB1,2621.7415383477355,2552.610132647936,69.13140569979942,0.00010174942389949975,0.0008479118658291646
GSE97537,PCNA,495.37159390696723,375.6634661453576,119.70812776160966,0.00012161946029664648,0.0009655010405435186
GSE97537,HMGA1,397.6238614213297,292.17751184679975,105.44634957452996,0.00012551513527065742,0.0009655010405435186
GSE97537,CXCL10,139.15512838982553,139.07706204688697,0.07806634293856973,0.0001389853166435458,0.0010295208640262652
GSE97537,CDO1,98.7895574906348,72.10066288166452,26.688894608970287,0.00014762597295263062,0.001054471235375933
GSE97537,SAT1,8739.037999338048,8590.000616871992,149.03738246605644,0.00016493463723746081,0.0011374802568100747
GSE97537,HSPD1,1299.4454479653361,1223.7657349545084,75.67971301082775,0.00017775130048770007,0.0011740125325553216
GSE97537,MDM2,113.94717694388815,84.62800138207633,29.319175561811818,0.0001849436173916901,0.0011740125325553216
GSE97537,BECN1,385.96851786858025,411.70744679202215,-25.738928923441904,0.00018784200520885147,0.0011740125325553216
GSE97537,MCM2,123.83682341295778,86.74160330495255,37.095220108005236,0.00021322226570846567,0.0012922561558088828
GSE97537,RPA1,890.8591442770719,952.30958652223,-61.450442245158115,0.000227589282392012,0.001320450269242464
GSE97537,ICAM1,115.24699637753346,86.47445371626597,28.772542661267494,0.00023265999043097315,0.001320450269242464
GSE97537,ATG3,211.4448358340231,162.12342688543504,49.32140894858807,0.00024708528874293394,0.001320450269242464
GSE97537,MCM3,796.0161043157689,668.8128944737211,127.20320984204773,0.00024955713573722704,0.001320450269242464
GSE97537,MCM4,146.76642399138814,101.30101225631151,45.46541173507663,0.00025088555115606817,0.001320450269242464
GSE97537,JUN,195.11621553094656,119.99999542780533,75.11622010314123,0.0003296590961502399,0.0016202009363961401
GSE97537,CDK2,220.6721130840304,220.6107017749248,0.061411309105608325,0.000331734460447573,0.0016202009363961401
GSE97537,ATF4,4678.717517386898,4541.095612209963,137.6219051769349,0.0003321411919612087,0.0016202009363961401
GSE97537,BUB1,108.45135709328575,77.03106203357517,31.420295059710583,0.00037506713156761794,0.001784740362228479
GSE97537,IGFBP3,126.00092773867352,84.0674615514527,41.93346618722083,0.000383719177879123,0.001784740362228479
GSE97537,DDIT3,329.7976826932351,241.90962065149193,87.88806204174318,0.0004225579530554352,0.0019207179684337962
GSE97537,MCM5,288.09826772802796,217.42762474836036,70.6706429796676,0.0004528432684271884,0.0019487627107809594
GSE97537,GABARAPL1,787.5092062508783,831.3387315894204,-43.82952533854211,0.000465646196025913,0.0019487627107809594
GSE97537,JAK2,384.64606215568267,251.14053656444648,133.5055255912362,0.0004726315042296112,0.0019487627107809594
GSE97537,KEAP1,258.567310836598,304.00045029412524,-45.43313945752726,0.00047350300502510534,0.0019487627107809594
GSE97537,MKI67,94.45635684610417,80.05213023555754,14.40422661054663,0.00047744686414133506,0.0019487627107809594
GSE97537,IL1B,946.2955812433727,743.5928221084874,202.70275913488524,0.0005351651914740801,0.0021406607658963203
GSE97537,LMNB1,469.53704875999665,394.26671208619166,75.27033667380499,0.0005550635088466781,0.0021767196425359924
GSE97537,MMP12,85.5450554828011,71.47911987762097,14.06593560518013,0.0006241663791363534,0.002400639919755205
GSE97537,CXCL2,89.35586635126356,74.67301308961463,14.68285326164893,0.0006672624044437658,0.0025179713375236444
GSE97537,CDK4,347.3284852456015,273.0181672093551,74.31031803624637,0.0007720645717915082,0.0028594984140426225
GSE97537,GADD45B,324.82010140262827,200.36865024943444,124.45145115319383,0.0009104663443539007,0.003286732427539546
GSE97537,MCM6,499.42946250821143,364.3920897801806,135.03737272803085,0.000920285079711073,0.003286732427539546
GSE97537,S100A8,23202.248143076187,23018.476289387338,183.77185368884966,0.0009546778593204865,0.0033273851258529196
GSE97537,IRF1,4552.865172019982,4390.515913217661,162.34925880232095,0.0009649416864973466,0.0033273851258529196
GSE97537,SELE,107.51397033138959,82.7111473666077,24.802822964781882,0.0010265561270429633,0.00347985127811174
GSE97537,EP300,342.5858731206234,342.6415585470495,-0.055685426426123286,0.0010835948558207999,0.0035678653656343318
GSE97537,CD74,2819.687615388212,2597.2735472186746,222.4140681695376,0.0010881989365184711,0.0035678653656343318
GSE97537,CCNA2,122.99627958987853,93.54664144660534,29.44963814327319,0.0013740237088058448,0.0044323345445349835
GSE97537,SERPINE1,95.81047955417066,74.00227689360061,21.808202660570046,0.0014057751727045418,0.004462778326046165
GSE97537,GCLM,273.094282258269,191.97889334396936,81.11538891429964,0.0014702136217688727,0.004594417568027727
GSE97537,MMP9,3016.5092639020377,2828.1000274565617,188.40923644547593,0.0015102166068509866,0.004646820328772266
GSE97537,TOP2A,111.89300173913954,73.21357084989174,38.6794308892478,0.00153766774188583,0.004659599217835849
GSE97537,GABARAP,459.293950604825,412.09645761304193,47.197492991783065,0.0015806491234222429,0.004718355592305202
GSE97537,IL6,100.43846704257372,81.31237146121165,19.126095581362065,0.0016114021281796113,0.00473941802405768
GSE97537,TIMP2,1379.3572696607778,1261.898616070795,117.45865358998276,0.0017014060699966954,0.0049316117970918715
GSE97537,MMP3,103.9569998217848,82.66534333726446,21.291656484520345,0.0017688515715493585,0.0050538616329981675
GSE97537,GCLC,115.87715231895734,77.55645778215016,38.32069453680718,0.0020026490891421407,0.005641265039837017
GSE97537,TFAM,436.70131512147185,367.80033372107147,68.90098140040038,0.0023291452820960712,0.00646984800582242
GSE97537,CDKN2B,148.65961635276417,148.61173269139962,0.047883661364551244,0.0023887419400624565,0.006544498465924539
GSE97537,NBN,161.10184332640492,115.89529381070312,45.206549515701795,0.002509156607309036,0.006730024454822863
GSE97537,PTGS2,1155.8319346636283,814.2183332087064,341.6136014549219,0.002544558542966065,0.006730024454822863
GSE97537,BUB1B,111.21246574796416,111.15672019704462,0.055745550919539255,0.002557409292832688,0.006730024454822863
GSE97537,VDAC3,2319.471878601197,2319.5047651407704,-0.03288653957315546,0.002739517428111733,0.007115629683407098
GSE97537,RELA,175.20739007557404,130.28590787227918,44.92148220329486,0.002891271856508771,0.007360911467556991
GSE97537,GOT1,208.96755716576712,253.37084804394848,-44.403290878181366,0.0029075600296850114,0.007360911467556991
GSE97537,MMP13,93.51779044976567,77.4079240893791,16.109866360386576,0.0034654859132189444,0.00866371478304736
GSE97537,CXCL1,149.08789555744394,81.36069414704112,67.72720141040283,0.003587692609499375,0.008849565733338753
GSE97537,SNAI1,83.7136780725426,70.7199510761,12.993726996442604,0.0036283219506688886,0.008849565733338753
GSE97537,PTEN,1430.9910962329504,1340.04382931117,90.94726692178051,0.0037692270619830897,0.009082474848152024
GSE97537,ZEB1,90.61808070678879,90.57162201626281,0.04645869052598073,0.003919738330589532,0.009332710310927458
GSE97537,CBS,160.2347064834408,266.44197888269366,-106.20727239925287,0.004031480502894091,0.009485836477397862
GSE97537,BUB3,1912.2693123686893,1865.8292044383318,46.4401079303575,0.004402546960323422,0.010238481303077725
GSE97537,MAPK8,86.1961056281846,102.76499556641662,-16.56888993823202,0.004516805062655692,0.01025990293952458
GSE97537,TLR4,571.506652146653,531.6372788126894,39.86937333396361,0.004558550731157218,0.01025990293952458
GSE97537,RFC4,227.1562919134918,177.82052268467223,49.33576922881957,0.004565656808088438,0.01025990293952458
GSE97537,HIF1A,591.0377368646853,499.42387678219745,91.6138600824878,0.004797024707607692,0.01066005490579487
GSE97537,SESN2,100.33431393838728,81.9998151980727,18.334498740314586,0.004880643823635065,0.010726689722274868
GSE97537,CD8A,1366.582513012743,1366.5409616378581,0.04155137488487526,0.005531976630015614,0.012026036152207856
GSE97537,XRCC1,194.50186678743668,194.543132745204,-0.04126595776730824,0.00610531197060898,0.013129703162599956
GSE97537,PRNP,1569.4012093075123,1603.1736467458522,-33.77243743833992,0.00750961038911614,0.01597789444492796
GSE97537,PPARGC1A,87.37174377650034,74.74838363741696,12.623360139083374,0.007671253706858946,0.016115088596689787
GSE97537,MCM7,805.9728088293732,735.8017158755404,70.17109295383284,0.0077439184758877145,0.016115088596689787
GSE97537,MAP1LC3A,736.380935017232,736.341044627133,0.039890390099003525,0.007881028027214163,0.016115088596689787
GSE97537,HDAC2,744.0171577181729,713.035728951643,30.981428766529916,0.007896393412377996,0.016115088596689787
GSE97537,PRKAA2,81.30163569822084,81.33674751218238,-0.03511181396154939,0.008477640821941483,0.0171265471150333
GSE97537,RPS6KB1,358.98175236009035,396.89060092935534,-37.90884856926499,0.008892169300219794,0.017784338600439587
GSE97537,TSC2,81.20687316750072,81.39209890701011,-0.18522573950939147,0.009227269697614485,0.01827182118339502
GSE97537,RFC3,107.01207661365818,106.94449483371042,0.06758177994775849,0.009714087340826506,0.01904723008005197
GSE97537,HDAC1,1430.8077027872928,1392.7046547820703,38.10304800522249,0.009937378271479424,0.019113809157626116
GSE97537,CDC20,113.87890873528157,113.84257925608684,0.03632947919473395,0.00993918076196558,0.019113809157626116
GSE97537,IGFBP7,233.95608240188088,194.2503653767776,39.70571702510327,0.010106749409509286,0.01925095125620816
GSE97537,MMP2,116.50633945221664,116.45815600646583,0.04818344575080857,0.011311189391171698,0.021341866775795658
GSE97537,MAX,382.87069772322235,333.0421123141736,49.82858540904874,0.011635757126319458,0.021749078740784033
GSE97537,CHEK1,105.88246556204285,105.84705495848834,0.03541060355451009,0.012287508768990303,0.02275464586850056
GSE97537,MNT,465.41282403674467,465.4409527711808,-0.02812873443610897,0.013061303375150508,0.023965694266331206
GSE97537,XRCC5,422.73948654063804,422.70281836458815,0.03666817604988637,0.0161609972877156,0.02938363143221018
GSE97537,COL3A1,86.46336669658162,74.56654410663137,11.896822589950247,0.017119858928191407,0.03084659266340794
GSE97537,RPA2,1529.8036553643376,1471.6677358571583,58.135919507179324,0.017613217174160097,0.031452173525285884
GSE97537,AURKA,117.90395512464376,117.86582331114724,0.03813181349651984,0.01944613235064623,0.03441793336397563
GSE97537,LIG1,197.0339294836032,197.00087783619878,0.03305164740442024,0.02172984332427331,0.038122532147847915
GSE97537,RPA3,671.5466445922582,625.6177308434562,45.92891374880196,0.02330894135078298,0.04053728930570953
GSE97537,TRIB3,208.17221813801012,208.103232116256,0.06898602175411384,0.024206109257971828,0.04173467113443419
GSE97537,LIG3,158.4362449959918,158.39633522206083,0.0399097739309866,0.024508199898441777,0.04189435880075518
GSE97537,PARP1,769.209799445134,769.1829140155634,0.026885429570597807,0.025269169834869182,0.04282910141503252
GSE97537,PRKDC,499.5395395071856,530.5551187762201,-31.015579269034447,0.027276173897669873,0.04584230907171408
GSE97537,MDM4,247.93264273183019,247.8955177231701,0.03712500866009805,0.02982196267266279,0.049703271121104654
GSE97537,GPX4,4471.308568877006,4431.843065630163,39.46550324684267,0.030709291789962855,0.05075915998340968
GSE97537,BNIP3,307.57198614169465,307.5979137573835,-0.025927615688829064,0.032008226250760406,0.052472502050426896
GSE97537,ATR,161.27669638932042,161.2437198266697,0.03297656265073101,0.032743600258519155,0.053241626436616514
GSE97537,MTOR,339.24618993869706,372.7901636492166,-33.54397371051954,0.03449764893602176,0.055641369251648
GSE97537,HSP90AA1,4494.112569723814,4476.720247665547,17.392322058267382,0.04003231719115877,0.06405170750585402
GSE97537,CHEK2,116.03703564159734,115.96490066907663,0.07213497252071477,0.041138433580849926,0.06521724036788616
GSE97537,HMGB1,298.7796580842588,266.25486603438117,32.52479204987765,0.041412947633607713,0.06521724036788616
GSE97537,BAP1,187.7502095981872,187.72891561184457,0.021293986342641347,0.04373838192962347,0.06834122176503667
GSE97537,FOXO1,477.1836055478717,477.15371024572994,0.029895302141767388,0.044160130221162226,0.06846531817234454
GSE97537,RAD50,129.6993334604268,129.7390928177814,-0.03975935735459757,0.045514173818842936,0.07002180587514298
GSE97537,CSF3,103.75969505054941,90.19799981358294,13.561695236966472,0.055517627176467396,0.08437205469000593
GSE97537,HSPA5,234.6877145730634,196.134052527497,38.5536620455664,0.05568555609540392,0.08437205469000593
GSE97537,TP53,131.9189419040927,110.80962824591033,21.10931365818236,0.066596035160839,0.10014441377569774
GSE97537,CHAC1,100.05578372036247,87.89358425701728,12.162199463345189,0.07311971071590186,0.10913389659089828
GSE97537,MMP10,85.7625143555861,85.71131627286854,0.05119808271756199,0.0794769256936004,0.11774359362014873
GSE97537,RFC1,255.51983328110776,251.37938571929197,4.14044756181579,0.08252079970797005,0.12108656099694945
GSE97537,RFC5,226.77348766814336,226.73881591905428,0.034671749089085324,0.08294429428291038,0.12108656099694945
GSE97537,LIG4,102.99713356541523,151.1442619892182,-48.14712842380297,0.08435897680875083,0.12225938667934905
GSE97537,ATG7,611.0546192533382,611.1122481157886,-0.05762886245042864,0.08568376017937447,0.12328598586960357
GSE97537,DPP4,157.81677865288512,157.8431675300499,-0.026388877164777114,0.08783337081170563,0.12524549629797413
GSE97537,VDAC2,106.18454233723385,106.20286699250634,-0.01832465527249383,0.08829807489007176,0.12524549629797413
GSE97537,ADIPOQ,113.07292028114024,113.22592021882687,-0.15299993768663,0.09246900253350668,0.13023803173733337
GSE97537,E2F2,1571.6674834256353,1571.6908665040391,-0.02338307840386733,0.10005106993793103,0.1399315663467567
GSE97537,ABCC2,110.85070548055884,110.88149214055989,-0.030786660001041355,0.10425814794919941,0.14480298326277696
GSE97537,MAPK1,1553.158799977784,1579.585041455223,-26.426241477439135,0.10639500639295922,0.14675173295580582
GSE97537,CCNB1,89.32664348737616,89.27601522268091,0.050628264695248504,0.10974746130855438,0.1503389880939101
GSE97537,EIF2A,413.0566474085043,413.0289930272782,0.027654381226113856,0.11347559971183559,0.15438857103651102
GSE97537,MAD2L1,96.20877661398535,96.18170427660161,0.027072337383742706,0.12474473817302756,0.1685739705040913
GSE97537,TERF1,176.03895150623723,176.08334213983142,-0.044390633594190376,0.13203712098616624,0.17723103488076006
GSE97537,VEGFA,144.14958119489947,122.23248367089904,21.917097524000425,0.15143971225289454,0.20191961633719271
GSE97537,AURKB,112.60360676514503,95.22591632359885,17.37769044154618,0.15974274296074045,0.21157979200098073
GSE97537,IL1A,84.97919326720857,84.89355034719372,0.0856429200148483,0.16987149782608127,0.223515128718528
GSE97537,CCNE1,97.49861999080983,97.52866074691433,-0.030040756104497746,0.17190850089536247,0.22471699463446074
GSE97537,BRCA1,101.13350469532023,101.11092866621519,0.022576029105039197,0.18084773814729882,0.23486719239908938
GSE97537,PRKAA1,651.7057099939587,651.6887112248533,0.016998769105498468,0.19414332611256788,0.2505075175646037
GSE97537,FANCD2,206.35203897116344,206.3347057011841,0.017333269979332044,0.2042779353162012,0.2618947888669246
GSE97537,SQSTM1,1520.8126351259386,1520.7863060305112,0.026329095427399807,0.21069007863554953,0.2683950046312733
GSE97537,E2F1,112.85017901449605,112.8173233839899,0.03285563050614826,0.23338175144551207,0.29541993853862286
GSE97537,XRCC6,891.593038232084,891.5792967684087,0.013741463675387422,0.256727462771553,0.32150607122244473
GSE97537,SOD1,2562.763461720152,2556.257228807056,6.506232913096028,0.2572048569779558,0.32150607122244473
GSE97537,BRD4,128.79557110354992,128.78101602720238,0.014555076347534168,0.2682505873735855,0.3332305433212242
GSE97537,CDKN1B,1574.7121342079552,1574.6962054764626,0.015928731492522274,0.286781097059186,0.3540507371101061
GSE97537,SLC7A11,86.20728950612492,81.19372888998501,5.013560616139912,0.3075551558732467,0.3773682894150267
GSE97537,MAPK3,1681.5356707091028,1694.0699697241785,-12.534299015075703,0.33917525164699425,0.4136283556670662
GSE97537,ATF2,126.56541812309867,116.7888326307149,9.776585492383774,0.3417921076109231,0.4142934637708159
GSE97537,HMGA2,99.820851919631,99.811729159973,0.009122759657998358,0.34775912131470244,0.4189868931502439
GSE97537,TNF,243.77993967812583,243.76810394720627,0.011835730919557363,0.35403456692468815,0.42399349332297986
GSE97537,FOXO4,688.755930065153,688.7156466923242,0.04028337282886696,0.3567179968334824,0.4246642819446219
GSE97537,BRCA2,88.36407154815412,88.38140202923655,-0.017330481082439064,0.3824481103421119,0.4526013140143336
GSE97537,CREBBP,1003.3956473512269,1003.4053751585825,-0.009727807355602636,0.385509351721547,0.4535404137900553
GSE97537,TFRC,533.1102015802699,519.0722037534659,14.037997826803917,0.3884639748916284,0.45434383028260633
GSE97537,SIRT6,94.14700522877888,94.1155642506396,0.03144097813928681,0.4298629558806706,0.4998406463728728
GSE97537,STEAP3,130.1489671575902,130.13502083062687,0.013946326963321098,0.4515890829668012,0.5220683040078626
GSE97537,BLM,143.09459415908168,143.06210900550784,0.03248515357384463,0.46143324840409183,0.5303830441426343
GSE97537,ATG5,164.70555910512186,164.69637664280387,0.009182462317994577,0.4841633923370764,0.553329591242373
GSE97537,RGS4,87.14781548424651,90.85173565480554,-3.70392017055903,0.4885225330609275,0.5551392421146903
GSE97537,ALOX12,173.33825333716007,173.33169518621486,0.006558150945210173,0.5168736850433233,0.5840380621958455
GSE97537,CREB1,3198.1057670521104,3185.3066518360247,12.799115216085738,0.5391907162810532,0.6058322654843294
GSE97537,CSF2,85.52810690323902,85.5194819268036,0.0086249764354136,0.5440188352757811,0.6078422740511521
GSE97537,AKT1,1988.749611745797,1988.7401924836388,0.009419262158189667,0.5604770721597143,0.6227523023996826
GSE97537,IFNG,124.09014421268186,124.09796484590815,-0.00782063322628801,0.5655662697915804,0.6249351047420778
GSE97537,TERT,99.99054012585027,100.00143385354457,-0.010893727694295308,0.5734526956672681,0.6301677974365583
GSE97537,ACSL4,823.3150211253684,814.8048948856056,8.510126239762826,0.6006001363822213,0.6563935916745588
GSE97537,LPIN1,682.3720052996077,682.3880140291492,-0.01600872954145416,0.6353048931089857,0.6905487968575932
GSE97537,TERF2,258.0577854147036,258.06909781742377,-0.011312402720193404,0.6410320092275692,0.693007577543318
GSE97537,COL1A1,85.97747289662331,83.51826400804838,2.459208888574935,0.6694932606805024,0.7198852265381745
GSE97537,MAPK14,205.86061625772365,211.9412037490335,-6.080587491309842,0.7013427267767609,0.7494351373959212
GSE97537,IL10,6209.11915139042,6209.132426752885,-0.013275362465719809,0.7044690291521658,0.7494351373959212
GSE97537,PLK1,137.90656267226638,137.91708670019358,-0.01052402792720386,0.73377811370679,0.7764847764093017
GSE97537,HDAC3,476.4613271685328,476.45804585729894,0.0032813112338772044,0.7476196374730852,0.7869680394453529
GSE97537,CD4,220.47363217522638,220.46276424471654,0.010867930509846246,0.8176795160639594,0.853395962981731
GSE97537,NCOA4,17611.607192219555,17611.611054445148,-0.003862225592456525,0.8192601244624618,0.853395962981731
GSE97537,COL1A2,92.79602213152852,91.2936925732555,1.5023295582730185,0.8266489040076369,0.8566309886089502
GSE97537,SLC40A1,1032.3699306778353,1032.3656100341154,0.004320643719893269,0.8311294753875544,0.8567997486701013
GSE97537,RB1,132.84568499359017,132.84208190943832,0.0036030841518481793,0.8353797549533488,0.8567997486701013
GSE97537,IGFBP5,83.30325559440186,83.29783071790368,0.00542487649818213,0.8489287489310008,0.8662538254397968
GSE97537,ALOX5,8539.270795288294,8539.267223716766,0.0035715715275728144,0.85450977936187,0.8675226186414924
GSE97537,RFC2,163.55755573867708,163.5548651201697,0.0026906185073869437,0.8796085761425478,0.8884935112550988
GSE97537,CDKN2A,93.94283613948619,93.94106360758244,0.0017725319037538156,0.9455492322352237,0.9503007359147977
GSE97537,CSE1L,377.4795609431115,377.47916079825484,0.00040014485665551547,0.9767665536631706,0.9767665536631706
GSE104036,ATF3,4.069180011389197,0.9462750136628116,3.1229049977263856,6.5573763273579636e-09,
GSE104036,HMOX1,4.484426607900807,1.9821806841891425,2.5022459237116648,1.6126997188283428e-06,
GSE104036,JUN,6.086347399276093,4.50853594874162,1.5778114505344734,1.8281094514668047e-06,
GSE104036,MMP13,0.44476877734336867,0.021560570954147488,0.4232082063892212,3.7195832158665203e-06,
GSE104036,TNF,1.0178117457927598,0.06502009217188635,0.9527916536208735,4.505564231662307e-06,
GSE104036,HSPB1,4.110472939870176,1.390972345200714,2.719500594669462,1.0424913993327009e-05,
GSE104036,XRCC1,3.580034732086889,4.003611253732422,-0.42357652164553317,1.0658537435134275e-05,
GSE104036,CHAC1,4.078749742349731,2.215445018822422,1.863304723527309,1.3522277915549157e-05,
GSE104036,SERPINE1,3.041921519953229,1.2630839256314133,1.7788375943218155,5.389928936882897e-05,
GSE104036,MTOR,7.368546441995999,7.570738531620733,-0.20219208962473356,6.031817820560134e-05,
GSE104036,CDKN1A,4.172863504520927,3.2753899523841485,0.8974735521367783,6.202241384232268e-05,
GSE104036,CDK6,2.3689871073393447,1.3496213759459017,1.019365731393443,6.428047323580501e-05,
GSE104036,TRIB3,1.5041560425094282,0.3192705002633558,1.1848855422460725,6.842180177376537e-05,
GSE104036,CCL3,1.6860812931228626,0.06950611122455386,1.6165751818983087,8.659002809644639e-05,
GSE104036,CXCL1,1.5125898184450106,0.13413865234589947,1.3784511660991112,8.882068546005609e-05,
GSE104036,CCL4,1.9073171893542982,0.021560570954147488,1.8857566184001506,0.00010185762206543197,
GSE104036,LIG4,3.0495967654903615,3.2748322792954525,-0.225235513805091,0.00012479155090789506,
GSE104036,TNFRSF1A,3.479713190476176,2.3567363246246873,1.1229768658514887,0.00016908434443910602,
GSE104036,HSPD1,7.11656460669133,6.007074250866547,1.109490355824783,0.0001723541196695744,
GSE104036,TIMP1,2.0111189597912094,0.6002837831983509,1.4108351765928586,0.00023734650599119432,
GSE104036,SESN2,4.7059213750965165,3.4534643089553168,1.2524570661411998,0.00025948863209270385,
GSE104036,CCL2,1.9175826328720789,0.15175585733132763,1.7658267755407513,0.0004084528392154052,
GSE104036,RB1,4.84503509533985,4.609733652672213,0.23530144266763742,0.0005636305430543293,
GSE104036,SAT1,5.258287119621142,4.621902611090182,0.6363845085309592,0.0006183444401816826,
GSE104036,TGFB1,1.1629504557577908,0.6744299419866938,0.48852051377109695,0.0006406243812919635,
GSE104036,RELA,3.8774435557374907,3.349519041529972,0.5279245142075188,0.0006826970550533091,
GSE104036,PLIN2,3.290039532990257,2.185441476449675,1.1045980565405822,0.0012614994117302154,
GSE104036,GADD45B,4.394122642524662,2.8963023123340634,1.4978203301905988,0.0012927035190894093,
GSE104036,STAT3,6.207207287111639,5.628503337719878,0.5787039493917607,0.0013342657349427439,
GSE104036,SIRT1,4.086222790434815,3.7057423482850447,0.38048044214977006,0.0014817704620245801,
GSE104036,MYC,1.916056915336726,1.2237001835233032,0.6923567318134227,0.0014922022014374182,
GSE104036,MMP12,1.4699415782386502,0.042195833321559906,1.4277457449170903,0.0016600361103156385,
GSE104036,ICAM1,2.819259763792736,1.440210649361272,1.3790491144314638,0.0018036302425621584,
GSE104036,LPIN1,4.691932611249395,4.86390626924592,-0.1719736579965252,0.0018083691040910474,
GSE104036,HSPA5,8.25404639923058,7.78420906560994,0.4698373336206396,0.0018292436950699859,
GSE104036,IL1A,0.9301598618145862,0.2292340495549049,0.7009258122596813,0.0022222104489554783,
GSE104036,PARP1,6.140393275136404,6.339332494778741,-0.1989392196423374,0.0023688524537771372,
GSE104036,TLR4,2.166232862766478,1.6467648985663244,0.5194679642001538,0.0026026233220250014,
GSE104036,HSP90AA1,9.267205209727601,8.724123296951817,0.5430819127757847,0.0026545352186188092,
GSE104036,MMP9,1.3114395788026645,0.8900676370488374,0.4213719417538271,0.0027098043117805017,
GSE104036,HMGA1,3.9576253563372874,3.5901240191123214,0.36750133722496603,0.002750809551750943,
GSE104036,CHEK1,1.6317057760902414,1.0655714937270888,0.5661342823631526,0.0036046903657467595,
GSE104036,PTGS2,5.11912916458835,4.484062104022573,0.6350670605657767,0.0036493569746293576,
GSE104036,CXCL10,0.7943867396568237,0.05315259413530466,0.741234145521519,0.00410124097088114,
GSE104036,ABCC2,0.46904122976574075,0.13203736819705877,0.337003861568682,0.004779150382579543,
GSE104036,CCNA2,1.0650232193524138,0.8569433426852164,0.2080798766671974,0.005209141008274349,
GSE104036,FOXO4,2.845389800650489,3.2522203391867968,-0.4068305385363078,0.005247483655685171,
GSE104036,MAPK14,6.0989931826319355,5.9102961271466095,0.188697055485326,0.00530785257558673,
GSE104036,ACSL4,6.8704257728163585,7.071767211644097,-0.2013414388277388,0.0062312555322838045,
GSE104036,RFC4,1.9168507628283677,1.6103098050497902,0.3065409577785776,0.0067110987273652336,
GSE104036,IL10,0.1476373903736411,0.0,0.1476373903736411,0.007224677223604435,
GSE104036,ATF4,6.355953762625575,5.9464361869092315,0.4095175757163432,0.007785513611356895,
GSE104036,ATG7,4.3328014111672255,4.477233860299775,-0.14443244913254993,0.008159485998854564,
GSE104036,KEAP1,5.114489767517448,5.292176247290971,-0.1776864797735236,0.008206450439531245,
GSE104036,NFKB1,4.315000516719969,4.127884143201556,0.18711637351841315,0.008581798285353354,
GSE104036,IL1B,0.829451638440899,0.2457967777327067,0.5836548607081923,0.00894099503702139,
GSE104036,MDM4,5.433298907013728,5.122593601093264,0.31070530592046364,0.009054076936670733,
GSE104036,ALOX12,0.5889192757911085,0.276269576982038,0.31264969880907045,0.009168973071303332,
GSE104036,NCOA4,5.391970934688864,5.255895346768743,0.13607558792012053,0.009841400402161277,
GSE104036,CSF3,0.4329708346070038,0.0911103056011268,0.341860529005877,0.009936411829473687,
GSE104036,E2F3,4.490944919427544,4.12788321273322,0.3630617066943236,0.010405248699982873,
GSE104036,IGFBP7,4.276045735934924,3.7233251766849627,0.5527205592499618,0.010618435415438124,
GSE104036,DDIT3,4.27191654371472,3.6541611173019355,0.6177554264127849,0.010860473282074977,
GSE104036,MDM2,5.397696100019551,5.018354137470685,0.37934196254886565,0.010942512470034403,
GSE104036,IGFBP3,3.5956511732726733,3.1950608558308136,0.4005903174418597,0.011110536229067328,
GSE104036,VCAM1,4.4882755440837565,4.786624788106044,-0.2983492440222877,0.011442398461563435,
GSE104036,CD74,1.9895131876805958,1.3010420849170574,0.6884711027635384,0.01144644310312225,
GSE104036,TSC2,6.75157658644246,6.947774108656426,-0.19619752221396602,0.011562882354749192,
GSE104036,JAK2,5.454860973216039,5.0616705808253215,0.39319039239071785,0.011759489108328669,
GSE104036,PRKDC,5.4409825888919805,5.681153281907828,-0.24017069301584737,0.011785697024787288,
GSE104036,CD8A,0.20623130952142918,0.0841861056381686,0.12204520388326058,0.012163571824699284,
GSE104036,COL3A1,2.8977507865485546,2.4074531055109065,0.49029768103764804,0.012776312733409702,
GSE104036,ADIPOQ,0.04358648726254016,0.0,0.04358648726254016,0.012801171877065955,
GSE104036,VEGFA,5.110776927327234,4.696710558558966,0.4140663687682684,0.016044410908287024,
GSE104036,CXCL2,0.4763988403842756,0.0,0.4763988403842756,0.01868689898488616,
GSE104036,NLRP3,1.264195206579514,0.4545852775682692,0.8096099290112446,0.01883948279199285,
GSE104036,NFE2L2,3.158521441501536,2.8601958727291095,0.29832556877242666,0.021445171750600046,
GSE104036,HIF1A,6.104634987930876,5.922844287807595,0.18179070012328058,0.021678246785233692,
GSE104036,RFC1,4.60224078395788,4.749082684910472,-0.14684190095259186,0.02254345074150754,
GSE104036,IRF1,2.571963523664218,2.285040460144059,0.28692306352015917,0.023045249302569185,
GSE104036,MCM4,3.1253549088244346,2.873636993118465,0.25171791570596946,0.023376903397815323,
GSE104036,SELE,0.8311521895846833,0.0923303700748803,0.738821819509803,0.024484322725868153,
GSE104036,SLC7A11,6.143187926471715,5.623159987671159,0.5200279388005553,0.026205360324959678,
GSE104036,TFAM,5.0057768955819535,4.698218777918263,0.30755811766369057,0.028618741201543375,
GSE104036,COL1A2,3.8043319583416597,4.168683295516991,-0.3643513371753313,0.030421898445837633,
GSE104036,NBN,3.6731744920086182,3.5050148438848603,0.16815964812375794,0.030447539095361652,
GSE104036,MAP1LC3A,5.907694557527901,6.17406937861174,-0.26637482108383903,0.03271493415140447,
GSE104036,GPX4,6.7649156413660485,6.990251419896004,-0.22533577852995545,0.03280390328834126,
GSE104036,E2F1,2.8770365978955468,3.184567152347659,-0.3075305544521121,0.034203819562790234,
GSE104036,MCM3,1.7287768821852285,1.2366308930390837,0.4921459891461448,0.03697029125497667,
GSE104036,IL18,2.7430176378688707,2.9895252761643634,-0.24650763829549271,0.039259786819828654,
GSE104036,CCND1,4.871398199650637,4.603431068449039,0.26796713120159765,0.03968153484907131,
GSE104036,IL6,0.6940103375182236,0.042195833321559906,0.6518145041966636,0.041834947840807775,
GSE104036,BRD4,5.905038484462061,5.729007878270104,0.17603060619195698,0.04360538865009026,
GSE104036,IFNG,0.028674956890184528,0.0,0.028674956890184528,0.0485724228815638,
GSE104036,FOXO1,3.9094398122495195,3.609731837234996,0.2997079750145235,0.05600862214482442,
GSE104036,PRNP,8.931624379890215,9.039197701966108,-0.10757332207589343,0.05887105476170275,
GSE104036,TOP2A,0.77491363663237,1.022070932832119,-0.2471572961997489,0.06025509226817151,
GSE104036,TIMP2,7.564167465671986,7.789687445515345,-0.22551997984335959,0.06191948594570146,
GSE104036,MAD2L1,2.0836737205410034,2.37142465411034,-0.28775093356933645,0.06332498503936075,
GSE104036,ATM,4.992072654003381,5.131411769265188,-0.13933911526180776,0.06834897475730747,
GSE104036,MMP3,0.963590935737812,0.0,0.963590935737812,0.07376135430154755,
GSE104036,MMP10,0.05902289491713663,0.0,0.05902289491713663,0.07677354931458824,
GSE104036,GADD45A,1.8537222108439406,1.55678575209859,0.2969364587453507,0.08063416163931539,
GSE104036,GCLC,5.721619527357696,5.612902487212544,0.1087170401451516,0.08382870062464699,
GSE104036,LPIN2,6.857859559930808,6.707004656272955,0.15085490365785326,0.09199211859737995,
GSE104036,CDK2,1.070519530231351,0.8727864286175132,0.19773310161383784,0.09284422746238455,
GSE104036,PRKAA2,6.229186445511165,6.069166987821632,0.16001945768953352,0.09632854735454618,
GSE104036,GOT1,7.4079720834154195,7.65409693888655,-0.2461248554711304,0.09654843897069802,
GSE104036,TFRC,7.476982023366557,7.341188438554913,0.13579358481164405,0.09714637926461168,
GSE104036,LMNB1,2.5765033795820025,2.305500467427313,0.2710029121546893,0.10387725469988993,
GSE104036,SLC3A2,6.540702189871626,6.293215298213494,0.24748689165813254,0.10685295215895375,
GSE104036,MAPK1,8.75028145140046,8.888079388708015,-0.13779793730755507,0.1096225156292519,
GSE104036,HDAC2,5.571403492769565,5.4864895835066925,0.08491390926287234,0.1172003553766723,
GSE104036,MCM2,2.279026435961352,1.9065196571579595,0.37250677880339245,0.12007326796995836,
GSE104036,AKT1,6.29985663603106,6.426954749072497,-0.1270981130414368,0.12085283139044184,
GSE104036,EP300,6.8501374307182745,6.778810252498417,0.07132717821985768,0.12210537955417661,
GSE104036,ATF2,6.547573119830663,6.411639090374842,0.13593402945582067,0.12736519713032896,
GSE104036,MAPK3,4.980625630872955,5.142599837843736,-0.1619742069707817,0.1287142207614691,
GSE104036,WRN,3.950813997988551,3.876233459248669,0.07458053873988213,0.13117705789761536,
GSE104036,VDAC2,6.757956199702974,6.8946566512130785,-0.13670045151010424,0.13398135618706963,
GSE104036,EIF2A,4.627241861141576,4.466179556351342,0.1610623047902342,0.1350925780657026,
GSE104036,RFC5,3.9974140331741865,3.8365187569032577,0.1608952762709288,0.14105947065180086,
GSE104036,PRKAA1,4.819904552111696,4.628774646334575,0.19112990577712097,0.14119343732498668,
GSE104036,CDC20,0.8586472243130047,0.6106355300342238,0.2480116942787809,0.1437032505873597,
GSE104036,CBS,4.276653117772097,4.099122432302664,0.1775306854694323,0.1512687674238764,
GSE104036,MAPK8,6.715347320504526,6.562663449177382,0.15268387132714434,0.1512818937755321,
GSE104036,CDK4,4.419871960295948,4.291722145164334,0.12814981513161428,0.1663761821347558,
GSE104036,TSC1,6.5798433516392665,6.7276892802856585,-0.147845928646392,0.17243730762245255,
GSE104036,RFC2,3.9525369643605424,4.1349442115368715,-0.18240724717632917,0.1749613205800629,
GSE104036,MNT,4.228503635059355,4.3779195285053705,-0.14941589344601525,0.18025730154328198,
GSE104036,SNAI1,0.2526696453255557,0.10487556461215446,0.14779408071340122,0.18392455039056782,
GSE104036,FOXO3,6.961993621915947,6.877753454980806,0.08424016693514069,0.18851425784598383,
GSE104036,CCNB1,1.9761424052399423,1.4681713384130257,0.5079710668269166,0.2002578031931564,
GSE104036,SQSTM1,8.260661094209853,8.140216720129112,0.1204443740807406,0.20991719272061143,
GSE104036,GABARAPL1,7.961046579797492,8.175110442526458,-0.21406386272896594,0.21007327158444106,
GSE104036,FANCD2,2.3628050807252605,2.6009824314424796,-0.23817735071721913,0.218284571973754,
GSE104036,BRCA2,3.1119198663830816,2.9983105424914567,0.11360932389162492,0.22378704472664723,
GSE104036,BNIP3L,6.099282966496087,6.21170383810838,-0.11242087161229275,0.25067736865950574,
GSE104036,PTEN,7.911413836735297,7.830144468879115,0.08126936785618177,0.25296570301610194,
GSE104036,AURKA,1.0951052051161472,0.9856892183429758,0.10941598677317133,0.2586841539390137,
GSE104036,FOS,5.612607969255567,5.088096666054581,0.5245113032009856,0.26229753159034047,
GSE104036,ATR,4.331103879827183,4.184803869607443,0.14630001021973982,0.266484692074293,
GSE104036,ALOX5,1.126579944585332,0.9823477465516816,0.1442321980336504,0.27082085320348204,
GSE104036,S100A8,0.7443258112273768,0.4582907421272359,0.2860350691001409,0.27222600653253687,
GSE104036,MAP1LC3B,6.8168358788689,6.886270657861657,-0.06943477899275763,0.27309979377947374,
GSE104036,STEAP3,1.728989303331821,1.9072464128050894,-0.17825710947326834,0.2741555856575786,
GSE104036,GCLM,5.358351994815043,5.233949780253041,0.12440221456200184,0.27605850066034726,
GSE104036,TERF2,4.167025467945359,4.077913462314621,0.08911200563073773,0.29468329461182974,
GSE104036,RPA1,5.141621126075395,5.21803143110689,-0.07641030503149437,0.3004285273757716,
GSE104036,XRCC6,3.840602209221057,3.9721920980986347,-0.13158988887757772,0.3095348387982846,
GSE104036,RPS6KB1,5.2266862729687515,5.161961081141475,0.06472519182727687,0.3117941056656544,
GSE104036,VDAC3,6.107038171205864,6.231627733865662,-0.12458956265979815,0.31518590058452817,
GSE104036,IGFBP5,6.350633033105965,6.4357910103243015,-0.08515797721833618,0.31707352796959276,
GSE104036,SOD1,5.843762732033961,5.948848089157381,-0.1050853571234196,0.3306918014227203,
GSE104036,SIRT6,2.4958993659375572,2.578753027242408,-0.08285366130485095,0.33526333612761283,
GSE104036,ABCC1,5.081790923998135,4.922587770235837,0.15920315376229777,0.3360182905210893,
GSE104036,HDAC3,5.558107746810239,5.6029037579640475,-0.04479601115380838,0.35357273622290086,
GSE104036,CDKN1B,4.749599972427192,4.688140355196456,0.06145961723073601,0.37334355067426284,
GSE104036,RFC3,2.2105745370672607,2.0423823898205553,0.1681921472467054,0.38712189082088533,
GSE104036,SLC40A1,2.5476156054024415,2.699254444691842,-0.15163883928940036,0.3894233672765234,
GSE104036,CCNE1,3.5158078420359065,3.581551855360629,-0.06574401332472268,0.4045858846634359,
GSE104036,RAD50,3.548061924459279,3.649286573731724,-0.1012246492724449,0.4096834775969441,
GSE104036,FTH1,7.7669448625379,7.669431670794015,0.09751319174388495,0.41258547630962766,
GSE104036,RPA2,2.961446619717647,3.083135726463208,-0.12168910674556122,0.4164390347451086,
GSE104036,BNIP3,6.180316120366331,6.315885401456565,-0.13556928109023403,0.4303345565275235,
GSE104036,CDKN2A,0.0245152573601168,0.04953080948922711,-0.025015552129110313,0.4322248793025065,
GSE104036,RPA3,2.1817869678079,2.2614720598388867,-0.07968509203098684,0.43938148260896137,
GSE104036,ATG3,4.319285206443394,4.255981117934955,0.06330408850843838,0.4472587310054826,
GSE104036,MKI67,1.6905257673916856,1.7763631677149732,-0.08583740032328757,0.44999885878571777,
GSE104036,E2F2,0.7902823176127081,0.8599726082799374,-0.06969029066722932,0.45855254797655737,
GSE104036,PNPLA2,2.921747989748505,2.8404980430567703,0.08124994669173446,0.46122719439206517,
GSE104036,COL1A1,2.7591537531395187,2.5989428170090725,0.16021093613044624,0.48264396694939415,
GSE104036,LIG1,2.1881271274645466,2.2759072655890056,-0.08778013812445895,0.5069817774613427,
GSE104036,BAP1,6.970156578238988,6.9125172404057365,0.05763933783325115,0.5169284093252947,
GSE104036,CDKN2B,0.44554414487425037,0.3747784945604053,0.07076565031384507,0.5184747643981578,
GSE104036,CD38,2.3203715094614483,2.129949194856442,0.19042231460500636,0.5287727280308656,
GSE104036,MAX,4.470247884759532,4.418036547741265,0.0522113370182673,0.5473132658817081,
GSE104036,BUB1B,1.9546414287446598,1.8508026477271,0.10383878101755983,0.5512682716535289,
GSE104036,BECN1,5.380270178499271,5.460318188355823,-0.08004800985655258,0.5537322083623101,
GSE104036,CREB1,5.745775060087258,5.7829291449842914,-0.037154084897033535,0.560393565379017,
GSE104036,FN1,5.9245842217395515,5.737649127413142,0.18693509432640987,0.5645557742550209,
GSE104036,PPARGC1A,5.312929412573829,5.347404948087139,-0.03447553551330973,0.5685633340482712,
GSE104036,PCNA,4.7043088383874565,4.635332849167006,0.06897598922045045,0.5857320179751742,
GSE104036,CSE1L,6.121332454275774,6.139235112105862,-0.017902657830087598,0.5933055398313426,
GSE104036,TERF1,2.6337445945970734,2.5494775331365043,0.08426706146056917,0.6065302830000221,
GSE104036,BRCA1,1.4979210993033834,1.3957390662498177,0.10218203305356566,0.6625250637347023,
GSE104036,BUB1,0.1387301387272491,0.18885516797239,-0.050125029245140895,0.6643741793763142,
GSE104036,ATG5,4.173513254181057,4.196955422303522,-0.02344216812246458,0.7131516812704197,
GSE104036,RAD51,0.8179778066755364,0.844766554969337,-0.026788748293800513,0.7472499396559473,
GSE104036,MCM7,3.5828277244006856,3.6226705481447516,-0.039842823744066,0.7494514668424227,
GSE104036,HMGA2,0.12467366890867858,0.14209310584199683,-0.017419436933318252,0.774625611068368,
GSE104036,PLK1,0.5696041290646421,0.5988857643897108,-0.029281635325068667,0.7886173189075587,
GSE104036,CHEK2,0.809660126181646,0.7514273472704914,0.058232778911154526,0.7996732374582367,
GSE104036,CDO1,3.5909864098266695,3.626709983658007,-0.03572357383133751,0.7997143462209708,
GSE104036,LIG3,4.401204491186128,4.427924525242025,-0.026720034055896846,0.815757646932212,
GSE104036,CD4,1.4271784246114219,1.5283259213038727,-0.10114749669245082,0.8273662971544494,
GSE104036,RGS4,8.428197790666948,8.45118490629038,-0.022987115623431364,0.8569975909125711,
GSE104036,BLM,2.3844219854035793,2.3950706788174267,-0.010648693413847443,0.9025830208201979,
GSE104036,HMGB1,5.72782133253832,5.745047468629259,-0.01722613609093937,0.9038958044353576,
GSE104036,AURKB,0.20268969805835502,0.1815089048434149,0.021180793214940125,0.91849604795645,
GSE104036,TERT,1.1756455989629957,1.1946863393624627,-0.019040740399467015,0.9291356487129402,
GSE104036,DPP4,2.6470783568130707,2.661827236337274,-0.014748879524203229,0.9497559846093633,
GSE104036,CREBBP,7.2384127221545205,7.2411820786422965,-0.002769356487775987,0.9579372581237338,
GSE104036,HDAC1,3.580171485552789,3.5762113259174435,0.003960159635345573,0.9595118814225954,
GSE104036,MCM5,2.6094798641041552,2.613212844792034,-0.003732980687878751,0.9650381133763306,
GSE104036,EIF2AK3,5.407861747860815,5.410716622992111,-0.0028548751312964527,0.9670981434774668,
GSE104036,MMP2,1.2429441575592306,1.244918499965505,-0.0019743424062743653,0.9867593303772575,
GSE104036,XRCC5,3.8477517605723617,3.8490221723336133,-0.0012704117612516441,0.9868825264241456,
GSE104036,MCM6,2.779877893427057,2.777259178442506,0.0026187149845511293,0.9876300679548378,
GSE104036,BUB3,5.343020988046564,5.34358445249939,-0.0005634644528260679,0.9939868644985446,
GSE104036,GABARAP,5.5794438733512175,5.579533621355309,-8.974800409156103e-05,0.9990423051336572,
GSE104036,ZEB1,0.0,0.0,0.0,,
