source,target,ligand_complex,receptor_complex,lr_means_mcao,cellphone_pvals_mcao,expr_prod_mcao,scaled_weight_mcao,lr_logfc_mcao,spec_weight_mcao,lrscore_mcao,specificity_rank_mcao,magnitude_rank_mcao,lr_means_sham,cellphone_pvals_sham,expr_prod_sham,scaled_weight_sham,lr_logfc_sham,spec_weight_sham,lrscore_sham,specificity_rank_sham,magnitude_rank_sham,magnitude_rank_diff
Microglia,Astrocyte,CCL4,CCR1,16.188845,0.0,25.659094,0.6124284184933251,inf,0.4523321,0.89370126,4.252623927120245e-05,0.00034699902057358896,0.15270975,1.0,0.02328903,-0.6721687244068747,-inf,0.00028444445,0.24551065,1.0,1.0,-0.9996530009794264
Pericyte,Microglia,TIMP1,CD63,7.052455,0.0,10.460895,0.4690573172062472,-0.2004991339176314,0.19661187,0.8429696,9.635043207025314e-05,0.0035519998422861116,0.15270975,1.0,0.02328903,-0.6721687244068747,-inf,0.00028444445,0.24551065,1.0,1.0,-0.9964480001577138
Microglia,Astrocyte,CCL4,CCR5,15.933932,0.0,9.566621,0.3596693631014841,inf,0.16454576,0.8369639,4.252623927120245e-05,0.0035519998422861116,0.15270975,1.0,0.02328903,-0.6721687244068747,-inf,0.00028444445,0.24551065,1.0,1.0,-0.9964480001577138
Microglia,Astrocyte,CCL3,CCR1,6.649108,0.0,10.149343,0.5927530393620137,339.52772602412307,0.45318744,0.84095806,4.252623927120245e-05,0.004037745691911487,0.15270975,1.0,0.02328903,-0.6721687244068747,-inf,0.00028444445,0.24551065,1.0,1.0,-0.9959622543080885
Pericyte,Oligodendrocyte,TIMP1,CD63,6.2015357,0.0,9.124305,0.38217059913997886,69.80413745638477,0.17149074,0.8337083,4.252623927120245e-05,0.004554126218260977,0.15270975,1.0,0.02328903,-0.6721687244068747,-inf,0.00028444445,0.24551065,1.0,1.0,-0.995445873781739
Microglia,Endothelial,CCL2,ACKR1,5.369822,0.0,11.100795,0.30555598979021237,107.09401932346631,0.4314442,0.84685934,4.252623927120245e-05,0.005482605176105019,0.15270975,1.0,0.02328903,-0.6721687244068747,-inf,0.00028444445,0.24551065,1.0,1.0,-0.994517394823895
Microglia,Astrocyte,CCL2,CCR2,5.2093515,0.0,8.025853,0.5449051762696715,12.890193559950951,0.48704574,0.82462513,4.252623927120245e-05,0.00649554914925873,0.15270975,1.0,0.02328903,-0.6721687244068747,-inf,0.00028444445,0.24551065,1.0,1.0,-0.9935044508507412
Microglia,Astrocyte,CCL2,CCR1,5.1969614,0.0,7.7884355,0.48856078594635727,0.49439140443185003,0.3354843,0.82244325,8.678300076936545e-05,0.00692428842339421,0.15270975,1.0,0.02328903,-0.6721687244068747,-inf,0.00028444445,0.24551065,1.0,1.0,-0.9930757115766058
Microglia,Oligodendrocyte,FN1,MAG,7.9010806,0.0,5.331528,1.9164016197376077,97.96963322787036,0.08548947,0.793063,4.252623927120245e-05,0.011384063031932852,0.15270975,1.0,0.02328903,-0.6721687244068747,-inf,0.00028444445,0.24551065,1.0,1.0,-0.9886159369680672
Astrocyte,Endothelial,CXCL2,ACKR1,4.356029,0.0,8.751587,0.304795144969373,146.11101967975623,0.5548312,0.8307971,4.252623927120245e-05,0.01401599938201905,0.15270975,1.0,0.02328903,-0.6721687244068747,-inf,0.00028444445,0.24551065,1.0,1.0,-0.985984000617981
Astrocyte,Microglia,APOE,LSR,19.402927,0.0,4.4643054,-0.0005578848680851956,-103.80252474767758,0.024515826,0.7781169,0.0056540031041280355,0.016246362184165492,0.15270975,1.0,0.02328903,-0.6721687244068747,-inf,0.00028444445,0.24551065,1.0,1.0,-0.9837536378158345
Pericyte,Astrocyte,TIMP1,CD63,3.534236,0.0,4.9346156,0.10979478299763291,17.80108339756042,0.092745796,0.78664285,0.0004444038763456791,0.021560398554700586,0.15270975,1.0,0.02328903,-0.6721687244068747,-inf,0.00028444445,0.24551065,1.0,1.0,-0.9784396014452994
Microglia,Astrocyte,CCL3,CCR5,6.394196,0.0,3.7840352,0.3399939839701727,342.85843759525744,0.16485691,0.76351804,4.252623927120245e-05,0.021560398554700586,0.15270975,1.0,0.02328903,-0.6721687244068747,-inf,0.00028444445,0.24551065,1.0,1.0,-0.9784396014452994
Microglia,Microglia,APOE,LSR,14.54527,0.0,3.3433025,-0.11830770498206752,100.99593681780038,0.018359818,0.75215685,0.0040759995859753085,0.025503948558943508,0.15270975,1.0,0.02328903,-0.6721687244068747,-inf,0.00028444445,0.24551065,1.0,1.0,-0.9744960514410564
Microglia,Astrocyte,CCL2,CCR5,4.9420495,0.0,2.9038053,0.2358017305545163,3.825102975566238,0.122039795,0.7387883,7.287847190123454e-05,0.028887176500453873,0.15270975,1.0,0.02328903,-0.6721687244068747,-inf,0.00028444445,0.24551065,1.0,1.0,-0.9711128234995461
Pericyte,Pericyte,TIMP1,CD63,3.1084957,0.272,4.2658796,0.06633203583382741,-27.31995646182031,0.08017695,0.7741673,0.0009108125247881897,0.030654366049489568,0.15270975,1.0,0.02328903,-0.6721687244068747,-inf,0.00028444445,0.24551065,1.0,1.0,-0.9693456339505104
Pericyte,Microglia,PTN,SDC4,3.1074162,0.0,7.061617,0.5254155794970508,-55.70863524627999,0.15068792,0.81517696,0.001862345773917499,0.03110399863851072,0.15270975,1.0,0.02328903,-0.6721687244068747,-inf,0.00028444445,0.24551065,1.0,1.0,-0.9688960013614892
Microglia,Endothelial,LGALS3,ENG,3.0615857,0.0,7.829837,0.41220915846101003,49.71092019502646,0.22862986,0.82283,4.252623927120245e-05,0.033399046849965086,0.15270975,1.0,0.02328903,-0.6721687244068747,-inf,0.00028444445,0.24551065,1.0,1.0,-0.9666009531500349
Oligodendrocyte,Oligodendrocyte,PSAP,GPR37L1,4.6104703,0.0,2.2908785,0.2813783548898332,-69.98764484338841,0.02941509,0.71527374,0.0028983669846132333,0.03772598397225411,0.15270975,1.0,0.02328903,-0.6721687244068747,-inf,0.00028444445,0.24551065,1.0,1.0,-0.9622740160277459
Endothelial,Astrocyte,PGLYRP1,TREM1,5.6166363,0.0,2.1510303,0.5410043104751312,48.04104843199401,0.4963977,0.70881647,4.252623927120245e-05,0.04282663429998427,0.15270975,1.0,0.02328903,-0.6721687244068747,-inf,0.00028444445,0.24551065,1.0,1.0,-0.9571733657000158
Astrocyte,Endothelial,CCL2,ACKR1,2.897894,0.0,5.372728,0.10197548610879138,98.50208334085954,0.20881677,0.79369396,0.000492405962271605,0.04282663429998427,0.15270975,1.0,0.02328903,-0.6721687244068747,-inf,0.00028444445,0.24551065,1.0,1.0,-0.9571733657000158
Astrocyte,Oligodendrocyte,PSAP,GPR37L1,4.248773,0.0,2.1060338,0.2182519718566804,34.8538455529392,0.027041668,0.70663,0.0013684080640000004,0.043883505480876724,0.15270975,1.0,0.02328903,-0.6721687244068747,-inf,0.00028444445,0.24551065,1.0,1.0,-0.9561164945191233
Microglia,Endothelial,CCL7,ACKR1,2.8080058,0.0,5.164435,0.2149784076841092,56.378598990988365,0.43895,0.79043794,0.00011017430929187627,0.04441650827233895,0.15270975,1.0,0.02328903,-0.6721687244068747,-inf,0.00028444445,0.24551065,1.0,1.0,-0.9555834917276611
Microglia,Microglia,FN1,C5AR1,3.1648486,0.0,2.0642755,0.32740527010182674,8.878130608387359,0.060464174,0.70454985,0.0001243274556049383,0.04603377425387177,0.15270975,1.0,0.02328903,-0.6721687244068747,-inf,0.00028444445,0.24551065,1.0,1.0,-0.9539662257461282
Astrocyte,Microglia,CCL2,CCR5,2.7675204,0.0,4.163601,0.38999082397459534,-0.7106350996636634,0.1749859,0.7720388,9.886106103796032e-05,0.04657894138814583,0.15270975,1.0,0.02328903,-0.6721687244068747,-inf,0.00028444445,0.24551065,1.0,1.0,-0.9534210586118542
Microglia,Microglia,LGALS3,LAG3,2.7614639,0.0,5.246418,0.5676494818897392,45.67487883763288,0.29978263,0.7917394,4.252623927120245e-05,0.047127130289555105,0.15270975,1.0,0.02328903,-0.6721687244068747,-inf,0.00028444445,0.24551065,1.0,1.0,-0.9528728697104449
Astrocyte,Astrocyte,CCL2,CCR2,2.7374237,0.0,3.884472,0.3413246725882505,4.29825757734418,0.23572764,0.7658748,5.8804307843662496e-05,0.04767834691120747,0.15270975,1.0,0.02328903,-0.6721687244068747,-inf,0.00028444445,0.24551065,1.0,1.0,-0.9523216530887926
Astrocyte,Astrocyte,CCL2,CCR1,2.7250335,0.0,3.7695627,0.28498028226493627,-8.09754457817492,0.16237266,0.7631719,0.00020852506771807682,0.04823259740923722,0.15270975,1.0,0.02328903,-0.6721687244068747,-inf,0.00028444445,0.24551065,1.0,1.0,-0.9517674025907628
Microglia,Microglia,CCL7,CCR5,2.6776323,0.0,4.002184,0.5029937455499132,-42.83411944953484,0.36783475,0.7685407,0.001370228057848733,0.0504797542451417,0.15270975,1.0,0.02328903,-0.6721687244068747,-inf,0.00028444445,0.24551065,1.0,1.0,-0.9495202457548583
Microglia,Astrocyte,CCL7,CCR2,2.6475356,0.0,3.7338765,0.4543275941635683,-37.825226772526996,0.49551886,0.7623112,0.001180643731026464,0.051621402810998473,0.15270975,1.0,0.02328903,-0.6721687244068747,-inf,0.00028444445,0.24551065,1.0,1.0,-0.9483785971890015
Microglia,Astrocyte,CCL7,CCR1,2.6351454,0.0,3.6234221,0.3979832038402541,-50.221028928046096,0.3413207,0.7595801,0.0016644670580207134,0.05219672756958736,0.15270975,1.0,0.02328903,-0.6721687244068747,-inf,0.00028444445,0.24551065,1.0,1.0,-0.9478032724304126
Microglia,Oligodendrocyte,PSAP,GPR37L1,3.663569,0.0,1.8069665,0.11622560313920646,-56.731599270407855,0.023201616,0.69050777,0.0019320672933500385,0.05452799763107302,0.15270975,1.0,0.02328903,-0.6721687244068747,-inf,0.00028444445,0.24551065,1.0,1.0,-0.9454720023689269
Astrocyte,Microglia,CCL2,CCR1,2.535048,0.0,2.007575,0.10383676175031437,3.035773219035203,0.08647563,0.7016428,0.0004679434239999999,0.05452799763107302,0.15270975,1.0,0.02328903,-0.6721687244068747,-inf,0.00028444445,0.24551065,1.0,1.0,-0.9454720023689269
Microglia,Microglia,CCL7,CCR1,2.44516,0.0,1.9297441,0.2168396833256322,-39.08771113083597,0.1817789,0.6974877,0.0012135516906943843,0.05811444437806534,0.15270975,1.0,0.02328903,-0.6721687244068747,-inf,0.00028444445,0.24551065,1.0,1.0,-0.9418855556219347
Oligodendrocyte,Endothelial,PSAP,GPR37L1,4.5794854,0.0,1.7352893,0.26654903470180896,-61.34563588416736,0.022281274,0.6861662,0.0022836592275694355,0.05811444437806534,0.15270975,1.0,0.02328903,-0.6721687244068747,-inf,0.00028444445,0.24551065,1.0,1.0,-0.9418855556219347
Microglia,Pericyte,LGALS3,ENG,2.4278297,0.0,2.374529,0.006665555171235488,35.73472581544471,0.06933582,0.71891147,0.0011502716080207282,0.058722597718326525,0.15270975,1.0,0.02328903,-0.6721687244068747,-inf,0.00028444445,0.24551065,1.0,1.0,-0.9412774022816734
Oligodendrocyte,Microglia,PTN,SDC4,2.3583333,0.0,4.819318,0.3601920130769021,-99.11214119641045,0.102839485,0.7846521,0.002851402211301885,0.061184794323327324,0.15270975,1.0,0.02328903,-0.6721687244068747,-inf,0.00028444445,0.24551065,1.0,1.0,-0.9388152056766726
Astrocyte,Endothelial,PSAP,GPR37L1,4.217788,0.0,1.5952737,0.2034226516686562,43.49585451216024,0.02048346,0.67703784,0.0023154298441432713,0.0630624503667506,0.15270975,1.0,0.02328903,-0.6721687244068747,-inf,0.00028444445,0.24551065,1.0,1.0,-0.9369375496332494
Astrocyte,Astrocyte,CCL4,CCR1,2.306303,1.0,3.0887885,0.151623263266511,-inf,0.054450803,0.7447032,0.16790416095107458,0.0630624503667506,0.15270975,1.0,0.02328903,-0.6721687244068747,-inf,0.00028444445,0.24551065,1.0,1.0,-0.9369375496332494
Microglia,Oligodendrocyte,LGALS3,ENG,2.3196027,0.0,1.4429216,-0.06258533937914298,35.16528216771055,0.042133056,0.6659679,0.00262144,0.06885396788161566,0.15270975,1.0,0.02328903,-0.6721687244068747,-inf,0.00028444445,0.24551065,1.0,1.0,-0.9311460321183843
Astrocyte,Astrocyte,CCL2,CCR5,2.4701219,0.0,1.4054269,0.03222122687309531,-4.766833007040533,0.05906663,0.663033,0.00089260783417162,0.07083703907018477,0.15270975,1.0,0.02328903,-0.6721687244068747,-inf,0.00028444445,0.24551065,1.0,1.0,-0.9291629609298152
Microglia,Endothelial,PSAP,GPR37L1,3.6325839,0.0,1.3687369,0.10139628295118223,-48.08959031118681,0.017574707,0.6600716,0.0028623398278652653,0.07352177838304308,0.15270975,1.0,0.02328903,-0.6721687244068747,-inf,0.00028444445,0.24551065,1.0,1.0,-0.9264782216169569
Microglia,Astrocyte,CCL7,CCR5,2.3802338,0.0,1.3509405,0.14522414844841314,-46.89031735691171,0.12416291,0.6586018,0.0015022068563542025,0.07556571117238639,0.15270975,1.0,0.02328903,-0.6721687244068747,-inf,0.00028444445,0.24551065,1.0,1.0,-0.9244342888276136
Astrocyte,Microglia,PTN,SDC4,1.9292855,0.0,3.5350094,0.26555516935338963,35.62151142856161,0.075433604,0.75731725,5.99572991921963e-05,0.07694275401948027,0.15270975,1.0,0.02328903,-0.6721687244068747,-inf,0.00028444445,0.24551065,1.0,1.0,-0.9230572459805197
Pericyte,Oligodendrocyte,PTN,SDC4,2.4969163,0.0,1.3007749,0.22288472720172786,-55.618448507239926,0.027757252,0.65433496,0.0018395301683790718,0.07973131544309214,0.15270975,1.0,0.02328903,-0.6721687244068747,-inf,0.00028444445,0.24551065,1.0,1.0,-0.9202686845569079
Oligodendrocyte,Microglia,PSAP,GPR37L1,4.550872,0.0,1.2222238,0.2528548007759808,-75.03485137925969,0.015693463,0.6472573,0.003288742128197531,0.08472142019827672,0.15270975,1.0,0.02328903,-0.6721687244068747,-inf,0.00028444445,0.24551065,1.0,1.0,-0.9152785798017233
Microglia,Endothelial,PF4,ACKR1,1.6872997,0.0,2.5674818,0.2172963292224241,108.04133741867015,0.55816656,0.72673744,0.00010486569102027128,0.08472142019827672,0.15270975,1.0,0.02328903,-0.6721687244068747,-inf,0.00028444445,0.24551065,1.0,1.0,-0.9152785798017233
Astrocyte,Endothelial,CCL7,ACKR1,1.655484,0.0,2.4937568,0.08740977684302806,149.21750367333752,0.21195634,0.7238349,0.0005715712126419754,0.08617278857856922,0.15270975,1.0,0.02328903,-0.6721687244068747,-inf,0.00028444445,0.24551065,1.0,1.0,-0.9138272114214308
Microglia,Microglia,TNF,VSIR,1.6421916,0.0,2.6966612,0.7893782195374837,24.48956306570011,0.43020308,0.7315845,4.252623927120245e-05,0.08690272068843327,0.15270975,1.0,0.02328903,-0.6721687244068747,-inf,0.00028444445,0.24551065,1.0,1.0,-0.9130972793115667
Endothelial,Astrocyte,FN1,C5AR1,1.6414859,0.0,2.6935372,0.09766094468565593,-21.044551108321606,0.078895725,0.73147064,0.0005446512160705049,0.08763548457005198,0.15270975,1.0,0.02328903,-0.6721687244068747,-inf,0.00028444445,0.24551065,1.0,1.0,-0.912364515429948
Microglia,Microglia,LGALS3,ENG,2.2919958,0.0,1.2052827,-0.08024893742949143,33.87835770195328,0.03519404,0.6456623,0.003119473485295533,0.08763548457005198,0.15270975,1.0,0.02328903,-0.6721687244068747,-inf,0.00028444445,0.24551065,1.0,1.0,-0.912364515429948
Oligodendrocyte,Microglia,APOE,LSR,5.120135,1.0,1.1682613,-0.346773704530426,-336.50463912368195,0.006415532,0.64208555,0.1927879211235555,0.08985074769072646,0.15270975,1.0,0.02328903,-0.6721687244068747,-inf,0.00028444445,0.24551065,1.0,1.0,-0.9101492523092736
Oligodendrocyte,Pericyte,PSAP,GPR37L1,4.5472493,0.0,1.1572753,0.25112136086466924,-72.98579157553385,0.014859522,0.64099914,0.0035008522239999987,0.09059481959912113,0.15270975,1.0,0.02328903,-0.6721687244068747,-inf,0.00028444445,0.24551065,1.0,1.0,-0.9094051804008789
Endothelial,Microglia,CCL4,CCR5,1.5991578,1.0,2.06551,0.23175159860336284,-inf,0.03552675,0.7046121,0.2598734146515519,0.09134169502723757,0.15270975,1.0,0.02328903,-0.6721687244068747,-inf,0.00028444445,0.24551065,1.0,1.0,-0.9086583049727625
Astrocyte,Astrocyte,CCL4,CCR5,2.0513911,1.0,1.15161,-0.10113579212532998,-inf,0.019807678,0.6404343,0.5779338362322817,0.09209138326434835,0.15270975,1.0,0.02328903,-0.6721687244068747,-inf,0.00028444445,0.24551065,1.0,1.0,-0.9079086167356516
Oligodendrocyte,Astrocyte,CCL4,CCR1,1.5865597,1.0,1.9186262,0.12773238241158258,-inf,0.03382256,0.6968778,0.2713113572192336,0.09209138326434835,0.15270975,1.0,0.02328903,-0.6721687244068747,-inf,0.00028444445,0.24551065,1.0,1.0,-0.9079086167356516
Endothelial,Astrocyte,CCL4,CCR1,1.5566708,1.0,1.8700328,0.12674105689370377,-inf,0.03296593,0.6941615,0.27904669254982345,0.09284389378834135,0.15270975,1.0,0.02328903,-0.6721687244068747,-inf,0.00028444445,0.24551065,1.0,1.0,-0.9071561062116587
Microglia,Endothelial,CXCL2,ACKR1,1.5298891,0.016,2.2027225,0.046872635102782174,59.48508298456969,0.13964774,0.711261,0.0007813695188026217,0.09511822665235736,0.15270975,1.0,0.02328903,-0.6721687244068747,-inf,0.00028444445,0.24551065,1.0,1.0,-0.9048817733476426
Astrocyte,Microglia,CCL7,CCR5,1.5251105,0.0,1.9325393,0.375425114708832,50.004785232814314,0.17761682,0.69764036,4.252623927120245e-05,0.09588193162152825,0.15270975,1.0,0.02328903,-0.6721687244068747,-inf,0.00028444445,0.24551065,1.0,1.0,-0.9041180683784718
Astrocyte,Astrocyte,CCL7,CCR2,1.4950135,0.0,1.8029814,0.32675896332248716,55.01367790982216,0.23927179,0.69027174,4.252623927120245e-05,0.09664843043693314,0.15270975,1.0,0.02328903,-0.6721687244068747,-inf,0.00028444445,0.24551065,1.0,1.0,-0.9033515695630668
Astrocyte,Astrocyte,CCL7,CCR1,1.4826235,0.0,1.7496462,0.27041457299917293,42.61787575430306,0.16481395,0.68705267,5.660388819753085e-05,0.09741773285779384,0.15270975,1.0,0.02328903,-0.6721687244068747,-inf,0.00028444445,0.24551065,1.0,1.0,-0.9025822671422061
Microglia,Astrocyte,LGALS3,ENG,2.2827668,0.0,1.1258417,-0.08615492242453696,34.2275963382054,0.03287438,0.6378246,0.003358342726155159,0.09818980993104275,0.15270975,1.0,0.02328903,-0.6721687244068747,-inf,0.00028444445,0.24551065,1.0,1.0,-0.9018101900689572
Astrocyte,Microglia,PSAP,GPR37L1,4.1891747,0.0,1.1236058,0.18972841774282806,29.806639017067916,0.014427202,0.637595,0.0036478498041249813,0.09974232707127557,0.15270975,1.0,0.02328903,-0.6721687244068747,-inf,0.00028444445,0.24551065,1.0,1.0,-0.9002576729287244
Endothelial,Microglia,CXCL12,SDC4,1.4008974,0.0,1.953336,0.382594174118175,-12.597656806137442,0.20951286,0.69876814,0.00031244977315701033,0.10130594342080404,0.15270975,1.0,0.02328903,-0.6721687244068747,-inf,0.00028444445,0.24551065,1.0,1.0,-0.898694056579196
Astrocyte,Pericyte,PSAP,GPR37L1,4.185552,0.0,1.0638981,0.18799497783151647,31.855698820793748,0.013660548,0.631263,0.003995488492607835,0.10367216125853349,0.15270975,1.0,0.02328903,-0.6721687244068747,-inf,0.00028444445,0.24551065,1.0,1.0,-0.8963278387414665
Endothelial,Microglia,PTN,SDC4,1.3674309,0.0,1.8531576,0.14162958730536823,-89.07129550994625,0.03954455,0.6931984,0.003941587227218293,0.10367216125853349,0.15270975,1.0,0.02328903,-0.6721687244068747,-inf,0.00028444445,0.24551065,1.0,1.0,-0.8963278387414665
Astrocyte,Astrocyte,FN1,C5AR1,1.3628287,1.0,1.795788,-0.03785415503869485,-7.6341612827048255,0.052599978,0.68984425,0.04531935588737815,0.1052634609085594,0.15270975,1.0,0.02328903,-0.6721687244068747,-inf,0.00028444445,0.24551065,1.0,1.0,-0.8947365390914406
Astrocyte,Microglia,CCL3,CCR5,1.3368406,1.0,1.5944533,0.27199080024620725,-355.6133732247793,0.06946464,0.67698157,0.09991418817539276,0.1068657844262389,0.15270975,1.0,0.02328903,-0.6721687244068747,-inf,0.00028444445,0.24551065,1.0,1.0,-0.8931342155737612
Endothelial,Microglia,CCL4,CCR1,1.3666854,1.0,0.9959327,-0.054402463620918134,-inf,0.017556831,0.62354714,0.513034529792,0.11010338826729507,0.15270975,1.0,0.02328903,-0.6721687244068747,-inf,0.00028444445,0.24551065,1.0,1.0,-0.889896611732705
Pericyte,Microglia,CCL4,CCR5,1.2990648,1.0,1.5266173,0.22178899791020962,-inf,0.026257798,0.67220974,0.37840414239651754,0.1109196361543946,0.15270975,1.0,0.02328903,-0.6721687244068747,-inf,0.00028444445,0.24551065,1.0,1.0,-0.8890803638456054
Astrocyte,Astrocyte,CCL3,CCR1,1.2943537,1.0,1.4435562,0.1669802585365482,-363.00028270329057,0.06445753,0.66601676,0.15704108527893182,0.11173861783900459,0.15270975,1.0,0.02328903,-0.6721687244068747,-inf,0.00028444445,0.24551065,1.0,1.0,-0.8882613821609954
Microglia,Microglia,PSAP,GPR37L1,3.6039703,0.0,0.96404827,0.08770204902535413,-61.77880580627914,0.012378467,0.6197205,0.004496957498683738,0.11256034395865441,0.15270975,1.0,0.02328903,-0.6721687244068747,-inf,0.00028444445,0.24551065,1.0,1.0,-0.8874396560413456
Microglia,Endothelial,TNF,FAS,1.2933493,0.0,1.5589476,0.5948801288815578,23.305386411745573,0.4062419,0.67451435,4.252623927120245e-05,0.11338478380265485,0.15270975,1.0,0.02328903,-0.6721687244068747,-inf,0.00028444445,0.24551065,1.0,1.0,-0.8866152161973452
Pericyte,Endothelial,CCL2,ACKR1,1.2896587,1.0,1.6460493,-0.030469459462330914,29.349289657067033,0.06397545,0.68045384,0.04453615865983357,0.1150418472135077,0.15270975,1.0,0.02328903,-0.6721687244068747,-inf,0.00028444445,0.24551065,1.0,1.0,-0.8849581527864923
Astrocyte,Microglia,CCL7,CCR1,1.2926381,0.0,0.9318179,0.08927105248455104,53.75119355151318,0.0877758,0.61570567,0.000544195584,0.11670976876146155,0.15270975,1.0,0.02328903,-0.6721687244068747,-inf,0.00028444445,0.24551065,1.0,1.0,-0.8832902312385384
Microglia,Pericyte,PSAP,GPR37L1,3.6003482,0.0,0.9128192,0.08596860911404251,-59.729746002553306,0.0117206825,0.61326575,0.004996793344,0.12007815508019493,0.15270975,1.0,0.02328903,-0.6721687244068747,-inf,0.00028444445,0.24551065,1.0,1.0,-0.8799218449198051
Pericyte,Astrocyte,CCL4,CCR1,1.2565778,1.0,1.38214,0.11677845620055055,-inf,0.024365097,0.66116405,0.4095255601280293,0.12092700012910118,0.15270975,1.0,0.02328903,-0.6721687244068747,-inf,0.00028444445,0.24551065,1.0,1.0,-0.8790729998708988
Oligodendrocyte,Oligodendrocyte,PTN,SDC4,1.7478336,0.0,0.8877355,0.05766116078157914,-99.02195445737038,0.0189434,0.6099563,0.0048096750755334625,0.12263278902527827,0.15270975,1.0,0.02328903,-0.6721687244068747,-inf,0.00028444445,0.24551065,1.0,1.0,-0.8773672109747217
Astrocyte,Microglia,THBS1,SDC4,1.2410897,0.0,1.4749688,0.4251607526663699,0.3668001993123049,0.24732916,0.6684067,9.147293142789097e-05,0.12348971225388747,0.15270975,1.0,0.02328903,-0.6721687244068747,-inf,0.00028444445,0.24551065,1.0,1.0,-0.8765102877461125
Pericyte,Endothelial,PTN,SDC4,2.4479547,0.0,0.8387583,0.19862225742863182,-60.00469835365768,0.017898275,0.60318476,0.0027701378204541983,0.12694425203760915,0.15270975,1.0,0.02328903,-0.6721687244068747,-inf,0.00028444445,0.24551065,1.0,1.0,-0.8730557479623908
Pericyte,Microglia,ANGPTL4,SDC4,1.1946921,0.0,1.3360826,0.43246945882205995,-13.23787090679175,0.17243798,0.65735745,0.00034359377549616615,0.12956326091197395,0.15270975,1.0,0.02328903,-0.6721687244068747,-inf,0.00028444445,0.24551065,1.0,1.0,-0.8704367390880261
Microglia,Microglia,CXCL10,SDC4,1.1823738,0.0,1.2992089,0.27957175995440653,4.628856597375872,0.23435566,0.65419877,5.544494382894098e-05,0.13309251889171192,0.15270975,1.0,0.02328903,-0.6721687244068747,-inf,0.00028444445,0.24551065,1.0,1.0,-0.8669074811082881
Pericyte,Endothelial,LGALS3,ENG,1.1633035,1.0,0.9230473,0.1502170565535086,-84.2971303871457,0.02695282,0.6145863,0.07276096557021616,0.1357673455330805,0.15270975,1.0,0.02328903,-0.6721687244068747,-inf,0.00028444445,0.24551065,1.0,1.0,-0.8642326544669194
Pericyte,Microglia,CCL2,CCR5,1.1592852,1.0,1.2756076,0.25754587840347304,-69.86342878345617,0.05361065,0.65212214,0.06148060211774985,0.13666423299571223,0.15270975,1.0,0.02328903,-0.6721687244068747,-inf,0.00028444445,0.24551065,1.0,1.0,-0.8633357670042878
Oligodendrocyte,Endothelial,LGALS3,ENG,1.1420798,1.0,0.8458259,0.1472877368855884,-108.82350657112625,0.024697967,0.60418856,0.10707297743693105,0.1393707166440899,0.15270975,1.0,0.02328903,-0.6721687244068747,-inf,0.00028444445,0.24551065,1.0,1.0,-0.8606292833559102
Pericyte,Astrocyte,CCL2,CCR2,1.1291882,1.0,1.1900904,0.2088797270171282,-64.85453610644834,0.07222017,0.64421,0.05582459867415149,0.14210089645778679,0.15270975,1.0,0.02328903,-0.6721687244068747,-inf,0.00028444445,0.24551065,1.0,1.0,-0.8578991035422132
Pericyte,Astrocyte,CCL2,CCR1,1.1167982,1.0,1.1548856,0.15253533669381397,-77.25033826196743,0.049746316,0.6407613,0.06904177774022699,0.14393410145247804,0.15270975,1.0,0.02328903,-0.6721687244068747,-inf,0.00028444445,0.24551065,1.0,1.0,-0.856065898547522
Oligodendrocyte,Astrocyte,CCL4,CCR5,1.3316479,1.0,0.715332,-0.12502667298025838,-inf,0.012303701,0.58398765,0.6243426451775327,0.14393410145247804,0.15270975,1.0,0.02328903,-0.6721687244068747,-inf,0.00028444445,0.24551065,1.0,1.0,-0.856065898547522
Endothelial,Endothelial,LGALS3,ENG,1.1057379,1.0,0.7135983,0.14227295903238604,-44.71236185791935,0.020836946,0.58369285,0.05147310756298858,0.1448546260801401,0.15270975,1.0,0.02328903,-0.6721687244068747,-inf,0.00028444445,0.24551065,1.0,1.0,-0.8551453739198599
Astrocyte,Microglia,CCL3,CCR1,1.1043682,1.0,0.768802,-0.01416326197807373,-351.86696490608045,0.034328472,0.5927169,0.1647615060469751,0.14577779224183857,0.15270975,1.0,0.02328903,-0.6721687244068747,-inf,0.00028444445,0.24551065,1.0,1.0,-0.8542222077581614
Endothelial,Astrocyte,CCL4,CCR5,1.301759,1.0,0.6972146,-0.1260179984981372,-inf,0.011992082,0.5808681,0.640066223218246,0.14670353487566723,0.15270975,1.0,0.02328903,-0.6721687244068747,-inf,0.00028444445,0.24551065,1.0,1.0,-0.8532964651243328
Astrocyte,Astrocyte,THBS1,SDC4,1.0706003,0.0,1.13894,0.34067229405782556,24.783601367194095,0.19098239,0.63915956,4.252623927120245e-05,0.1494963754471657,0.15270975,1.0,0.02328903,-0.6721687244068747,-inf,0.00028444445,0.24551065,1.0,1.0,-0.8505036245528343
Pericyte,Microglia,APOE,LSR,3.0061958,1.0,0.68042696,-0.39801745008569955,-278.991618317122,0.0037365793,0.5778984,0.22425053523881852,0.1504325159928614,0.15270975,1.0,0.02328903,-0.6721687244068747,-inf,0.00028444445,0.24551065,1.0,1.0,-0.8495674840071386
Pericyte,Microglia,CCL4,CCR1,1.0665923,1.0,0.7360933,-0.06436506431407135,-inf,0.012976243,0.5874588,0.6061569221570662,0.15137127963244665,0.15270975,1.0,0.02328903,-0.6721687244068747,-inf,0.00028444445,0.24551065,1.0,1.0,-0.8486287203675533
Endothelial,Microglia,APOE,LSR,2.983147,1.0,0.67510796,-0.39857614999083923,-220.6518262929829,0.0037073696,0.5769409,0.22531320478680197,0.15231260025815238,0.15270975,1.0,0.02328903,-0.6721687244068747,-inf,0.00028444445,0.24551065,1.0,1.0,-0.8476873997418476
Endothelial,Oligodendrocyte,FN1,C5AR1,1.058444,1.0,0.7437022,-0.049612830028772564,-24.81179487265104,0.021783592,0.58870435,0.04936653527569091,0.15231260025815238,0.15270975,1.0,0.02328903,-0.6721687244068747,-inf,0.00028444445,0.24551065,1.0,1.0,-0.8476873997418476
Endothelial,Microglia,ANGPTL4,SDC4,1.0526168,0.0,0.9107954,0.2850847532986898,-7.578865551695885,0.11754942,0.61300254,0.00019979225594087696,0.15420299411673144,0.15270975,1.0,0.02328903,-0.6721687244068747,-inf,0.00028444445,0.24551065,1.0,1.0,-0.8457970058832686
Microglia,Astrocyte,TNF,VSIR,1.0515662,0.0,0.7703969,0.29270953010823764,20.89440081966926,0.122902766,0.59296703,4.252623927120245e-05,0.15515206102871998,0.15270975,1.0,0.02328903,-0.6721687244068747,-inf,0.00028444445,0.24551065,1.0,1.0,-0.84484793897128
Astrocyte,Astrocyte,CCL7,CCR5,1.2277117,0.0,0.6523302,0.017655517607331993,45.948587325437444,0.0599547,0.5727468,0.0010442249155287306,0.15705791901588304,0.15270975,1.0,0.02328903,-0.6721687244068747,-inf,0.00028444445,0.24551065,1.0,1.0,-0.8429420809841169
Pericyte,Endothelial,TIMP1,CD63,1.0328964,1.0,1.0056107,-0.14560773544037742,-19.193943230890547,0.018900389,0.6246815,0.09071339887272793,0.15705791901588304,0.15270975,1.0,0.02328903,-0.6721687244068747,-inf,0.00028444445,0.24551065,1.0,1.0,-0.8429420809841169
Astrocyte,Oligodendrocyte,PTN,SDC4,1.3187858,0.001,0.6511613,-0.03697568294193329,35.711698167601675,0.013895138,0.5725274,0.003838050303999999,0.15801473589209558,0.15270975,1.0,0.02328903,-0.6721687244068747,-inf,0.00028444445,0.24551065,1.0,1.0,-0.8419852641079044
Pericyte,Astrocyte,ANGPTL4,SDC4,1.0242026,0.0,1.0316949,0.3479810002135156,11.17893026109004,0.13315299,0.6276786,4.252623927120245e-05,0.15801473589209558,0.15270975,1.0,0.02328903,-0.6721687244068747,-inf,0.00028444445,0.24551065,1.0,1.0,-0.8419852641079044
Astrocyte,Astrocyte,F10,F3,1.0210402,0.0,0.73962015,0.5800085664937532,13.059157864372501,0.6786654,0.58803785,4.252623927120245e-05,0.15897408702559013,0.15270975,1.0,0.02328903,-0.6721687244068747,-inf,0.00028444445,0.24551065,1.0,1.0,-0.8410259129744099
Pericyte,Endothelial,ADM,RAMP2,1.3933475,0.0,0.6448203,0.3070010681564502,69.92550205686206,0.14943646,0.5713295,4.252623927120245e-05,0.15993600129175184,0.15270975,1.0,0.02328903,-0.6721687244068747,-inf,0.00028444445,0.24551065,1.0,1.0,-0.8400639987082481
Pericyte,Astrocyte,FN1,C5AR1,1.0177102,1.0,0.68392026,-0.20566711977114738,-25.438957353881946,0.020032536,0.5785228,0.10475166469688889,0.16090047553013845,0.15270975,1.0,0.02328903,-0.6721687244068747,-inf,0.00028444445,0.24551065,1.0,1.0,-0.8390995244698616
Microglia,Endothelial,CXCL10,ACKR1,1.0133373,0.0,1.0057443,0.1601938355775464,117.91243766827995,0.47929987,0.624697,0.0002256671604938272,0.1618675065803075,0.15270975,1.0,0.02328903,-0.6721687244068747,-inf,0.00028444445,0.24551065,1.0,1.0,-0.8381324934196925
Microglia,Astrocyte,CXCL10,SDC4,1.0118842,0.0,1.0032218,0.19508330134586216,29.045657765257662,0.18096451,0.6244026,0.00014638012498094803,0.16283709128181656,0.15270975,1.0,0.02328903,-0.6721687244068747,-inf,0.00028444445,0.24551065,1.0,1.0,-0.8371629087181834
Oligodendrocyte,Endothelial,CCL2,ACKR1,0.988533,1.0,0.94826686,-0.05526842699232616,-42.816651881881086,0.0368554,0.6177738,0.052763935674703256,0.16772324192102755,0.15270975,1.0,0.02328903,-0.6721687244068747,-inf,0.00028444445,0.24551065,1.0,1.0,-0.8322767580789725
Endothelial,Endothelial,FN1,C5AR1,1.0195135,1.0,0.6135091,-0.059445243070032905,-19.617123232468376,0.017970141,0.5652235,0.059525181797721066,0.16772324192102755,0.15270975,1.0,0.02328903,-0.6721687244068747,-inf,0.00028444445,0.24551065,1.0,1.0,-0.8322767580789725
Pericyte,Microglia,ADM,GPR84,1.3172282,0.0,0.6060504,0.3218966593505698,99.96505137355453,0.17901947,0.5637199,4.252623927120245e-05,0.16969548724634684,0.15270975,1.0,0.02328903,-0.6721687244068747,-inf,0.00028444445,0.24551065,1.0,1.0,-0.8303045127536531
Oligodendrocyte,Astrocyte,FN1,C5AR1,0.98938257,1.0,0.59265727,-0.21944174106552133,-29.474634270759957,0.017359374,0.56097,0.11224658845907635,0.17167781306496982,0.15270975,1.0,0.02328903,-0.6721687244068747,-inf,0.00028444445,0.24551065,1.0,1.0,-0.8283221869350301
Pericyte,Microglia,CXCL12,SDC4,0.9789076,0.0,0.6901548,0.11457780045084037,-8.201827009548698,0.07402531,0.57962877,0.0004144129780801707,0.17367022707040927,0.15270975,1.0,0.02328903,-0.6721687244068747,-inf,0.00028444445,0.24551065,1.0,1.0,-0.8263297729295908
Microglia,Astrocyte,SELPLG,SELL,1.6370467,0.0,0.5771414,0.6093890228425366,5.048881578697127,0.4933844,0.55770063,4.916002063061767e-05,0.1746702092420792,0.15270975,1.0,0.02328903,-0.6721687244068747,-inf,0.00028444445,0.24551065,1.0,1.0,-0.8253297907579208
Pericyte,Oligodendrocyte,PSAP,GPR37L1,1.2490853,1.0,0.5730499,-0.30497237044425685,-77.16729287830952,0.007358013,0.55682296,0.16679985735591038,0.1766777418587133,0.15270975,1.0,0.02328903,-0.6721687244068747,-inf,0.00028444445,0.24551065,1.0,1.0,-0.8233222581412867
Oligodendrocyte,Endothelial,PTN,SDC4,1.6988719,0.0,0.5724246,0.033398691008483083,-103.40820430378814,0.012214975,0.5566882,0.005549302174274652,0.1776852523291626,0.15270975,1.0,0.02328903,-0.6721687244068747,-inf,0.00028444445,0.24551065,1.0,1.0,-0.8223147476708375
Astrocyte,Pericyte,THBS1,SDC4,0.9301431,0.0,0.86210364,0.2710707228163857,-10.177760237116626,0.14456128,0.6064655,0.00026178163720085815,0.18072278960240357,0.15270975,1.0,0.02328903,-0.6721687244068747,-inf,0.00028444445,0.24551065,1.0,1.0,-0.8192772103975965
Pericyte,Microglia,CCL2,CCR1,0.9268127,1.0,0.61506325,-0.02860818382080793,-66.1170204647573,0.026493648,0.56553435,0.05720634413602152,0.18276032197159217,0.15270975,1.0,0.02328903,-0.6721687244068747,-inf,0.00028444445,0.24551065,1.0,1.0,-0.8172396780284078
Microglia,Astrocyte,FN1,C5AR1,0.97788507,1.0,0.5556158,-0.22503200113528116,-19.140072117320038,0.016274402,0.5530076,0.11790021956430545,0.18583521612714793,0.15270975,1.0,0.02328903,-0.6721687244068747,-inf,0.00028444445,0.24551065,1.0,1.0,-0.8141647838728521
Endothelial,Oligodendrocyte,PSAP,GPR37L1,1.1899364,1.0,0.54282194,-0.31527844555602735,-71.23568001789785,0.0069698836,0.5501266,0.17308356300799996,0.1868651406601869,0.15270975,1.0,0.02328903,-0.6721687244068747,-inf,0.00028444445,0.24551065,1.0,1.0,-0.8131348593398131
Astrocyte,Astrocyte,CCL3,CCR5,1.039442,1.0,0.538209,-0.08577879685529279,-359.6695711321562,0.023447845,0.5490703,0.16655925945640523,0.1878975398330821,0.15270975,1.0,0.02328903,-0.6721687244068747,-inf,0.00028444445,0.24551065,1.0,1.0,-0.8121024601669179
Endothelial,Endothelial,CCL2,ACKR1,0.8888184,1.0,0.71720344,-0.06348001276619393,-4.143401167335455,0.027874876,0.58430505,0.05813158567810517,0.19414376047344922,0.15270975,1.0,0.02328903,-0.6721687244068747,-inf,0.00028444445,0.24551065,1.0,1.0,-0.8058562395265507
Astrocyte,Microglia,TNF,VSIR,0.9827805,0.0,0.51574546,0.37388671241940497,-20.59987972661179,0.082277775,0.5437871,0.0005355927653915346,0.19624551162804804,0.15270975,1.0,0.02328903,-0.6721687244068747,-inf,0.00028444445,0.24551065,1.0,1.0,-0.803754488371952
Pericyte,Pericyte,ANGPTL4,SDC4,0.8837455,0.0,0.7809261,0.27837942897207574,-23.78243134322068,0.100788176,0.59460413,0.000631442191615611,0.19624551162804804,0.15270975,1.0,0.02328903,-0.6721687244068747,-inf,0.00028444445,0.24551065,1.0,1.0,-0.803754488371952
Pericyte,Astrocyte,CCL4,CCR5,1.0016661,1.0,0.5153109,-0.1359805991912904,-inf,0.00886334,0.5436825,0.7259321817376426,0.1973000405036661,0.15270975,1.0,0.02328903,-0.6721687244068747,-inf,0.00028444445,0.24551065,1.0,1.0,-0.8026999594963339
Endothelial,Pericyte,FN1,C5AR1,0.9822508,1.0,0.48889345,-0.06885870419938142,-26.019864786038372,0.014320055,0.5371474,0.07355580651234385,0.2026093030064376,0.15270975,1.0,0.02328903,-0.6721687244068747,-inf,0.00028444445,0.24551065,1.0,1.0,-0.7973906969935625
Microglia,Pericyte,CXCL10,SDC4,0.8714271,0.0,0.75937384,0.12548173010442232,-5.915703839053059,0.1369784,0.59122664,0.0003524973799457399,0.2026093030064376,0.15270975,1.0,0.02328903,-0.6721687244068747,-inf,0.00028444445,0.24551065,1.0,1.0,-0.7973906969935625
Pericyte,Microglia,LGALS3,LAG3,0.8631817,1.0,0.61849207,0.30565737998223774,-88.33317174453929,0.03534091,0.5662172,0.07494150849763702,0.20582399134826662,0.15270975,1.0,0.02328903,-0.6721687244068747,-inf,0.00028444445,0.24551065,1.0,1.0,-0.7941760086517333
Oligodendrocyte,Microglia,CCL2,CCR5,0.85815954,1.0,0.73486036,0.2327469108734778,-142.0293703224043,0.030884376,0.58725566,0.1297141567498468,0.20906047574587047,0.15270975,1.0,0.02328903,-0.6721687244068747,-inf,0.00028444445,0.24551065,1.0,1.0,-0.7909395242541295
Oligodendrocyte,Microglia,CXCL12,SDC4,0.89436185,0.0,0.43707627,0.060882688541730234,-19.648418940378804,0.046880364,0.52319473,0.0006915263652345679,0.21014411261631555,0.15270975,1.0,0.02328903,-0.6721687244068747,-inf,0.00028444445,0.24551065,1.0,1.0,-0.7898558873836845
Pericyte,Endothelial,PSAP,GPR37L1,1.2181002,1.0,0.4340725,-0.31980169063228103,-68.52528391908848,0.0055735307,0.52233446,0.17399277946510106,0.21123015459646022,0.15270975,1.0,0.02328903,-0.6721687244068747,-inf,0.00028444445,0.24551065,1.0,1.0,-0.7887698454035398
Endothelial,Microglia,CCL3,CCR5,0.8530933,1.0,0.7257627,0.23352641805162966,-340.456320484286,0.03161889,0.5857451,0.15943933471702953,0.21123015459646022,0.15270975,1.0,0.02328903,-0.6721687244068747,-inf,0.00028444445,0.24551065,1.0,1.0,-0.7887698454035398
Pericyte,Endothelial,CCL7,ACKR1,0.8518619,1.0,0.63156605,-0.0015387568103628485,-12.713051461553619,0.05367982,0.5687843,0.034463036891712845,0.21231859852586205,0.15270975,1.0,0.02328903,-0.6721687244068747,-inf,0.00028444445,0.24551065,1.0,1.0,-0.787681401474138
Astrocyte,Endothelial,PF4,ACKR1,0.84258133,0.0,0.6100607,0.04704449169897719,97.55476524565574,0.13262624,0.5645308,0.0007696856942539246,0.21340944124407857,0.15270975,1.0,0.02328903,-0.6721687244068747,-inf,0.00028444445,0.24551065,1.0,1.0,-0.7865905587559214
Pericyte,Astrocyte,CCL2,CCR5,0.8618864,1.0,0.43058237,-0.10022371869802699,-73.91962669083304,0.018096318,0.52132726,0.07409175055170371,0.21450271628466427,0.15270975,1.0,0.02328903,-0.6721687244068747,-inf,0.00028444445,0.24551065,1.0,1.0,-0.7854972837153358
Oligodendrocyte,Microglia,LGALS3,LAG3,0.8419579,1.0,0.5667495,0.30272806031431754,-112.85954792851983,0.032384317,0.5554585,0.11408424656160697,0.21450271628466427,0.15270975,1.0,0.02328903,-0.6721687244068747,-inf,0.00028444445,0.24551065,1.0,1.0,-0.7854972837153358
Microglia,Pericyte,TNF,FAS,0.9446259,0.0,0.42162207,0.21486636616236862,21.990506368990747,0.10986936,0.51870286,0.00011290295558360008,0.21559834717934429,0.15270975,1.0,0.02328903,-0.6721687244068747,-inf,0.00028444445,0.24551065,1.0,1.0,-0.7844016528206557
Astrocyte,Endothelial,PTN,SDC4,1.269824,0.0,0.41987813,-0.061238152715029345,31.32544832118392,0.008959784,0.51818544,0.006343300459964032,0.21669636738140596,0.15270975,1.0,0.02328903,-0.6721687244068747,-inf,0.00028444445,0.24551065,1.0,1.0,-0.783303632618594
Endothelial,Endothelial,PSAP,GPR37L1,1.1589513,1.0,0.41117552,-0.33010776574405154,-62.593671058676804,0.0052795312,0.5155704,0.18043844796178143,0.21889956306590447,0.15270975,1.0,0.02328903,-0.6721687244068747,-inf,0.00028444445,0.24551065,1.0,1.0,-0.7811004369340955
Oligodendrocyte,Astrocyte,CCL2,CCR2,0.8280626,1.0,0.6855951,0.18408075948713296,-137.02047764539645,0.04160507,0.578821,0.12817207669518432,0.22000473222745653,0.15270975,1.0,0.02328903,-0.6721687244068747,-inf,0.00028444445,0.24551065,1.0,1.0,-0.7799952677725435
Oligodendrocyte,Astrocyte,CCL2,CCR1,0.8156726,1.0,0.6653141,0.12773636916381872,-149.41627980091556,0.028658185,0.5751565,0.13126760373943222,0.22333452439633694,0.15270975,1.0,0.02328903,-0.6721687244068747,-inf,0.00028444445,0.24551065,1.0,1.0,-0.7766654756036631
Pericyte,Microglia,THBS1,SDC4,0.88384557,0.0,0.40559685,0.17599525460845497,-20.45392401703101,0.06801224,0.51386434,0.0005178153086419754,0.22333452439633694,0.15270975,1.0,0.02328903,-0.6721687244068747,-inf,0.00028444445,0.24551065,1.0,1.0,-0.7766654756036631
Endothelial,Astrocyte,CCL3,CCR1,0.81060636,1.0,0.6570774,0.1285158763419706,-347.84322996279724,0.029339753,0.5736338,0.16386707918148966,0.2244491813369961,0.15270975,1.0,0.02328903,-0.6721687244068747,-inf,0.00028444445,0.24551065,1.0,1.0,-0.7755508186630039
Endothelial,Microglia,LGALS3,LAG3,0.8056161,1.0,0.47814977,0.29771328246111517,-48.748403215312926,0.027321693,0.5343841,0.0408679147437104,0.22893145546040528,0.15270975,1.0,0.02328903,-0.6721687244068747,-inf,0.00028444445,0.24551065,1.0,1.0,-0.7710685445395947
Oligodendrocyte,Microglia,CCL3,CCR5,0.8034044,1.0,0.6365336,0.22957526840998,-421.8073176920118,0.027731499,0.5697448,0.17294512317034047,0.23005790099410622,0.15270975,1.0,0.02328903,-0.6721687244068747,-inf,0.00028444445,0.24551065,1.0,1.0,-0.7699420990058938
Microglia,Endothelial,TNF,VSIR,0.92689705,0.0,0.36380127,0.18787452038144017,20.364096464247122,0.058037855,0.5002739,0.00016384,0.23118669474922565,0.15270975,1.0,0.02328903,-0.6721687244068747,-inf,0.00028444445,0.24551065,1.0,1.0,-0.7688133052507744
Oligodendrocyte,Endothelial,CXCL2,ACKR1,0.8031354,1.0,0.51865464,-0.019456989139316122,-52.91373132694244,0.032881558,0.54448473,0.04238531093610896,0.23118669474922565,0.15270975,1.0,0.02328903,-0.6721687244068747,-inf,0.00028444445,0.24551065,1.0,1.0,-0.7688133052507744
Pericyte,Microglia,CCL3,CCR5,0.7963326,1.0,0.62383443,0.2290129601747251,-385.0905095980077,0.027178241,0.56727314,0.1692781789694239,0.23231783356532115,0.15270975,1.0,0.02328903,-0.6721687244068747,-inf,0.00028444445,0.24551065,1.0,1.0,-0.7676821664346789
Microglia,Astrocyte,TNF,FAS,0.92312056,0.0,0.35148463,0.1914319404840917,21.43551368125248,0.09159242,0.4959687,0.0001531873785679012,0.23458713373867085,0.15270975,1.0,0.02328903,-0.6721687244068747,-inf,0.00028444445,0.24551065,1.0,1.0,-0.7654128662613291
Endothelial,Oligodendrocyte,CXCL12,SDC4,0.7903976,0.013,0.35981143,0.08006332182285204,-12.507470067097378,0.038593017,0.49889544,0.0007394251655011638,0.23572532697398782,0.15270975,1.0,0.02328903,-0.6721687244068747,-inf,0.00028444445,0.24551065,1.0,1.0,-0.7642746730260122
Microglia,Microglia,PTN,SDC4,0.8655105,1.0,0.3507129,0.030916335637937803,-102.129023679397,0.007483866,0.495694,0.12225365355761132,0.23572532697398782,0.15270975,1.0,0.02328903,-0.6721687244068747,-inf,0.00028444445,0.24551065,1.0,1.0,-0.7642746730260122
Astrocyte,Oligodendrocyte,FN1,C5AR1,0.7797869,1.0,0.49582812,-0.18512792975312334,-11.401405047034256,0.0145231765,0.53889775,0.09757548785555374,0.2380086313000933,0.15270975,1.0,0.02328903,-0.6721687244068747,-inf,0.00028444445,0.24551065,1.0,1.0,-0.7619913686999067
Oligodendrocyte,Astrocyte,CCL3,CCR1,0.7609174,1.0,0.5762929,0.12456472670032093,-429.19422717052305,0.025732573,0.55751914,0.17479652159982187,0.23915377419069084,0.15270975,1.0,0.02328903,-0.6721687244068747,-inf,0.00028444445,0.24551065,1.0,1.0,-0.7608462258093092
Astrocyte,Microglia,ANGPTL4,SDC4,0.8607381,0.0,0.33642718,0.08601479700020893,-16.78832124545196,0.04342009,0.49049675,0.0005903868045090688,0.2414510256247634,0.15270975,1.0,0.02328903,-0.6721687244068747,-inf,0.00028444445,0.24551065,1.0,1.0,-0.7585489743752366
Oligodendrocyte,Endothelial,CCL7,ACKR1,0.7599076,1.0,0.4184853,-0.011716743833712948,-74.27979569684686,0.035569068,0.5177706,0.0654444778052104,0.2414510256247634,0.15270975,1.0,0.02328903,-0.6721687244068747,-inf,0.00028444445,0.24551065,1.0,1.0,-0.7585489743752366
Endothelial,Microglia,CCL2,CCR5,0.7584449,1.0,0.5557975,0.22453532509961002,-103.35611960785866,0.023358805,0.553048,0.0977161340115294,0.2426031665136017,0.15270975,1.0,0.02328903,-0.6721687244068747,-inf,0.00028444445,0.24551065,1.0,1.0,-0.7573968334863983
Endothelial,Oligodendrocyte,PTN,SDC4,0.75693107,1.0,0.3413582,-0.16090126498995472,-88.98110877090619,0.007284247,0.49231505,0.12521023704271425,0.24375758227015026,0.15270975,1.0,0.02328903,-0.6721687244068747,-inf,0.00028444445,0.24551065,1.0,1.0,-0.7562424177298497
Pericyte,Astrocyte,CCL3,CCR1,0.75384563,1.0,0.5647955,0.12400241846506604,-392.47741907651897,0.025219195,0.5550321,0.17110568256570055,0.24491430832259642,0.15270975,1.0,0.02328903,-0.6721687244068747,-inf,0.00028444445,0.24551065,1.0,1.0,-0.7550856916774036
Pericyte,Endothelial,CXCL2,ACKR1,0.7492181,1.0,0.393715,-0.02437778692490325,-1.6668681138918373,0.02496066,0.5101499,0.04111837117512574,0.2472346786734126,0.15270975,1.0,0.02328903,-0.6721687244068747,-inf,0.00028444445,0.24551065,1.0,1.0,-0.7527653213265875
Microglia,Oligodendrocyte,TNF,VSIR,0.91189134,0.0,0.31486157,0.17525627989868348,20.452659505470177,0.050230414,0.482222,0.00023033196057674135,0.24839831665089773,0.15270975,1.0,0.02328903,-0.6721687244068747,-inf,0.00028444445,0.24551065,1.0,1.0,-0.7516016833491023
Endothelial,Astrocyte,CD34,SELL,0.9350692,0.0,0.31467205,0.4692027142587669,7.128542915082331,0.44026443,0.48214686,4.252623927120245e-05,0.24956429141224484,0.15270975,1.0,0.02328903,-0.6721687244068747,-inf,0.00028444445,0.24551065,1.0,1.0,-0.7504357085877551
Astrocyte,Endothelial,FN1,C5AR1,0.7408564,1.0,0.40902805,-0.19496034279438368,-6.206733406851594,0.0119807385,0.5149164,0.10145052826466212,0.2507325216144202,0.15270975,1.0,0.02328903,-0.6721687244068747,-inf,0.00028444445,0.24551065,1.0,1.0,-0.7492674783855797
Endothelial,Astrocyte,CCL2,CCR2,0.72834796,1.0,0.5185367,0.1758691737132652,-98.34722693085082,0.031467196,0.54445654,0.08766644897655826,0.25190304314973294,0.15270975,1.0,0.02328903,-0.6721687244068747,-inf,0.00028444445,0.24551065,1.0,1.0,-0.7480969568502671
Endothelial,Endothelial,CCL7,ACKR1,0.7255968,1.0,0.33897868,-0.01551419998699681,-1.982195797736395,0.028811421,0.4914409,0.03752222083219021,0.2530758528577406,0.15270975,1.0,0.02328903,-0.6721687244068747,-inf,0.00028444445,0.24551065,1.0,1.0,-0.7469241471422594
Pericyte,Astrocyte,PGLYRP1,TREM1,0.8921521,1.0,0.30973005,-0.020924464132249604,-53.93690936910792,0.07147704,0.48017094,0.04354655585654995,0.2530758528577406,0.15270975,1.0,0.02328903,-0.6721687244068747,-inf,0.00028444445,0.24551065,1.0,1.0,-0.7469241471422594
Pericyte,Microglia,CCL7,CCR5,0.72148836,1.0,0.48943275,0.2864765810554411,-111.92576990207682,0.044983033,0.53728443,0.11195192034738258,0.25542832415007144,0.15270975,1.0,0.02328903,-0.6721687244068747,-inf,0.00028444445,0.24551065,1.0,1.0,-0.7445716758499286
Endothelial,Astrocyte,CCL2,CCR1,0.71595794,1.0,0.50319755,0.11952478338995096,-110.74302908636992,0.021675069,0.5407303,0.10914746191430125,0.2566080190029147,0.15270975,1.0,0.02328903,-0.6721687244068747,-inf,0.00028444445,0.24551065,1.0,1.0,-0.7433919809970853
Pericyte,Microglia,PSAP,GPR37L1,1.1894866,1.0,0.30573213,-0.33349592455810917,-82.2144994141808,0.0039256285,0.47854975,0.18418566178133333,0.2566080190029147,0.15270975,1.0,0.02328903,-0.6721687244068747,-inf,0.00028444445,0.24551065,1.0,1.0,-0.7433919809970853
Pericyte,Astrocyte,THBS1,SDC4,0.71335614,0.0,0.31319338,0.09150679599991061,3.9628771508507796,0.052517623,0.4815589,0.0005352927764523701,0.257789949873519,0.15270975,1.0,0.02328903,-0.6721687244068747,-inf,0.00028444445,0.24551065,1.0,1.0,-0.742210050126481
Oligodendrocyte,Astrocyte,PGLYRP1,TREM1,0.8563168,1.0,0.29576376,-0.02518564757903677,-49.64068533930217,0.06825402,0.47441542,0.04124396498544527,0.2613493640658242,0.15270975,1.0,0.02328903,-0.6721687244068747,-inf,0.00028444445,0.24551065,1.0,1.0,-0.7386506359341758
Astrocyte,Pericyte,FN1,C5AR1,0.7035937,1.0,0.3259465,-0.2043738039237322,-12.60947496042159,0.009547217,0.48654282,0.10408618245220669,0.2649291843804442,0.15270975,1.0,0.02328903,-0.6721687244068747,-inf,0.00028444445,0.24551065,1.0,1.0,-0.7350708156195558
Endothelial,Microglia,PSAP,GPR37L1,1.1303377,1.0,0.289605,-0.3438019996698797,-76.28288655376913,0.0037185545,0.4717926,0.189894120448,0.2649291843804442,0.15270975,1.0,0.02328903,-0.6721687244068747,-inf,0.00028444445,0.24551065,1.0,1.0,-0.7350708156195558
Pericyte,Pericyte,PSAP,GPR37L1,1.1858644,1.0,0.28948566,-0.33522936446942075,-80.16543961045497,0.0037170227,0.4717413,0.18512975874060178,0.26612695554989607,0.15270975,1.0,0.02328903,-0.6721687244068747,-inf,0.00028444445,0.24551065,1.0,1.0,-0.7338730444501039
Astrocyte,Astrocyte,PGLYRP1,TREM1,0.8362163,1.0,0.28792986,-0.02757664408757421,-43.84314081273586,0.06644617,0.47106984,0.04186290492704892,0.26732697696652225,0.15270975,1.0,0.02328903,-0.6721687244068747,-inf,0.00028444445,0.24551065,1.0,1.0,-0.7326730230334777
Pericyte,Astrocyte,CCL7,CCR2,0.69139147,1.0,0.45662102,0.23781042966909627,-106.91687722506899,0.060597703,0.5286482,0.10367018864916215,0.26973375789952775,0.15270975,1.0,0.02328903,-0.6721687244068747,-inf,0.00028444445,0.24551065,1.0,1.0,-0.7302662421004722
Endothelial,Pericyte,PSAP,GPR37L1,1.1267155,1.0,0.27421555,-0.34553543958119126,-74.23382675004329,0.0035209525,0.4649946,0.1918203836571449,0.2709405110950222,0.15270975,1.0,0.02328903,-0.6721687244068747,-inf,0.00028444445,0.24551065,1.0,1.0,-0.7290594889049777
Endothelial,Pericyte,EDN1,EDNRB,0.69018424,0.0,0.47202876,0.3695076043911352,13.891351497083125,0.36652932,0.5327808,4.252623927120245e-05,0.2721495424681936,0.15270975,1.0,0.02328903,-0.6721687244068747,-inf,0.00028444445,0.24551065,1.0,1.0,-0.7278504575318063
Pericyte,Astrocyte,CCL7,CCR1,0.67900145,1.0,0.44311342,0.18146603934578204,-119.31267938058808,0.041740593,0.5249055,0.1198926613204389,0.2757899091231665,0.15270975,1.0,0.02328903,-0.6721687244068747,-inf,0.00028444445,0.24551065,1.0,1.0,-0.7242100908768335
Endothelial,Microglia,FN1,MAG,0.9151741,0.001,0.26457262,0.07583086634328674,-107.16039588419966,0.0042423434,0.4605446,0.010893875179086117,0.27700781881580555,0.15270975,1.0,0.02328903,-0.6721687244068747,-inf,0.00028444445,0.24551065,1.0,1.0,-0.7229921811841944
Endothelial,Endothelial,CXCL2,ACKR1,0.69261694,1.0,0.2625561,-0.0295436559233732,-67.39815933937908,0.016645476,0.4595943,0.06432217213670598,0.2806749071645639,0.15270975,1.0,0.02328903,-0.6721687244068747,-inf,0.00028444445,0.24551065,1.0,1.0,-0.7193250928354361
Astrocyte,Astrocyte,ANGPTL4,SDC4,0.69024867,0.0,0.25978202,0.0015263383916645779,7.628479922429831,0.033528082,0.45827553,0.0012143831040000003,0.2819016851810167,0.15270975,1.0,0.02328903,-0.6721687244068747,-inf,0.00028444445,0.24551065,1.0,1.0,-0.7180983148189832
Astrocyte,Endothelial,TNF,FAS,0.63393813,0.0,0.2981539,0.1793886217634791,-21.784056380566327,0.07769512,0.47541896,0.0005631123394907072,0.28559526155587234,0.15270975,1.0,0.02328903,-0.6721687244068747,-inf,0.00028444445,0.24551065,1.0,1.0,-0.7144047384441277
Microglia,Pericyte,TNF,VSIR,0.89155453,0.0,0.24853529,0.1581552660338598,20.215818944550897,0.03964927,0.45278707,0.00047599387898186263,0.28559526155587234,0.15270975,1.0,0.02328903,-0.6721687244068747,-inf,0.00028444445,0.24551065,1.0,1.0,-0.7144047384441277
Astrocyte,Oligodendrocyte,THBS1,SDC4,0.6305899,0.002,0.27169448,0.12262990037104697,0.4569869383523688,0.04555891,0.46384588,0.0007094625175192902,0.2868308987181552,0.15270975,1.0,0.02328903,-0.6721687244068747,-inf,0.00028444445,0.24551065,1.0,1.0,-0.7131691012818449
Oligodendrocyte,Microglia,CCL7,CCR5,0.6295341,1.0,0.32430562,0.276298594032091,-173.49251413737008,0.029806446,0.48591244,0.13361914301633512,0.28806869100983123,0.15270975,1.0,0.02328903,-0.6721687244068747,-inf,0.00028444445,0.24551065,1.0,1.0,-0.7119313089901688
Astrocyte,Microglia,CXCL12,SDC4,0.83060616,0.0,0.24623048,0.02039188832683772,-20.45887343783742,0.026410436,0.45163313,0.0014228654585679013,0.28806869100983123,0.15270975,1.0,0.02328903,-0.6721687244068747,-inf,0.00028444445,0.24551065,1.0,1.0,-0.7119313089901688
Oligodendrocyte,Microglia,CCL2,CCR1,0.6256871,1.0,0.35432965,-0.05340715135080318,-138.28296200370542,0.0152626345,0.4969764,0.1289416974586512,0.2893086766604004,0.15270975,1.0,0.02328903,-0.6721687244068747,-inf,0.00028444445,0.24551065,1.0,1.0,-0.7106913233395996
Endothelial,Microglia,CCL3,CCR1,0.6206209,1.0,0.349943,-0.0526276441726513,-336.7099121655871,0.01562562,0.4954193,0.1585626446148029,0.29179521539644876,0.15270975,1.0,0.02328903,-0.6721687244068747,-inf,0.00028444445,0.24551065,1.0,1.0,-0.7082047846035513
Oligodendrocyte,Astrocyte,CCL7,CCR2,0.5994372,1.0,0.30256408,0.22763244264574617,-168.48362146036223,0.040152963,0.47725025,0.13204859781977946,0.29429053154636275,0.15270975,1.0,0.02328903,-0.6721687244068747,-inf,0.00028444445,0.24551065,1.0,1.0,-0.7057094684536372
Endothelial,Microglia,CCL7,CCR5,0.5952233,1.0,0.26269186,0.27250113787880714,-101.1949142382596,0.02414362,0.4596585,0.09386777441061629,0.2955414366577176,0.15270975,1.0,0.02328903,-0.6721687244068747,-inf,0.00028444445,0.24551065,1.0,1.0,-0.7044585633422824
Oligodendrocyte,Astrocyte,CCL7,CCR1,0.58704716,1.0,0.29361373,0.17128805232243194,-180.87942361588134,0.027657954,0.4735059,0.1352011186068239,0.29679451616520525,0.15270975,1.0,0.02328903,-0.6721687244068747,-inf,0.00028444445,0.24551065,1.0,1.0,-0.7032054838347948
Pericyte,Oligodendrocyte,ANGPTL4,SDC4,0.5841923,0.52,0.24611115,0.129938606526737,-13.147684167751686,0.03176369,0.4515731,0.0009542632286341882,0.3005667694600412,0.15270975,1.0,0.02328903,-0.6721687244068747,-inf,0.00028444445,0.24551065,1.0,1.0,-0.6994332305399589
Endothelial,Endothelial,CXCL12,SDC4,0.7414358,0.0,0.23201157,0.05580085204975599,-16.893719913515135,0.024885328,0.4442787,0.0016571050793086418,0.30182855728738495,0.15270975,1.0,0.02328903,-0.6721687244068747,-inf,0.00028444445,0.24551065,1.0,1.0,-0.6981714427126151
Endothelial,Endothelial,PTN,SDC4,0.7079693,1.0,0.22011267,-0.18516373476305076,-93.36735861732394,0.0046969866,0.43778938,0.14878997510976502,0.3043585210284288,0.15270975,1.0,0.02328903,-0.6721687244068747,-inf,0.00028444445,0.24551065,1.0,1.0,-0.6956414789715712
Pericyte,Pericyte,THBS1,SDC4,0.572899,0.021,0.23706707,0.021905224758470766,-30.99848445345994,0.039752435,0.44694135,0.0010407637409211748,0.306897093861193,0.15270975,1.0,0.02328903,-0.6721687244068747,-inf,0.00028444445,0.24551065,1.0,1.0,-0.693102906138807
Oligodendrocyte,Microglia,TNF,VSIR,0.8921641,0.0,0.21604358,0.31679032591843137,-24.002099108133145,0.03446581,0.4354944,0.0006731766398838821,0.3081696007858642,0.15270975,1.0,0.02328903,-0.6721687244068747,-inf,0.00028444445,0.24551065,1.0,1.0,-0.6918303992141358
Microglia,Oligodendrocyte,CXCL10,SDC4,0.5718739,0.172,0.23931888,-0.022959092340916407,4.719043336415936,0.043169145,0.44811004,0.0015562460042164309,0.3081696007858642,0.15270975,1.0,0.02328903,-0.6721687244068747,-inf,0.00028444445,0.24551065,1.0,1.0,-0.6918303992141358
Oligodendrocyte,Microglia,CCL3,CCR1,0.570932,1.0,0.3069192,-0.056578793814300976,-418.06090937331294,0.013704526,0.47903326,0.17202390943643817,0.3094442505021383,0.15270975,1.0,0.02328903,-0.6721687244068747,-inf,0.00028444445,0.24551065,1.0,1.0,-0.6905557494978617
Endothelial,Astrocyte,CCL7,CCR2,0.56512636,1.0,0.24508093,0.2238349864924623,-96.18602156125176,0.032524437,0.4510537,0.08525960892776643,0.3107210826933381,0.15270975,1.0,0.02328903,-0.6721687244068747,-inf,0.00028444445,0.24551065,1.0,1.0,-0.6892789173066619
Pericyte,Microglia,CCL3,CCR1,0.5638602,1.0,0.300796,-0.05714110204955586,-381.34410127930886,0.013431114,0.4765192,0.16836889699169022,0.3120000085830689,0.15270975,1.0,0.02328903,-0.6721687244068747,-inf,0.00028444445,0.24551065,1.0,1.0,-0.687999991416931
Oligodendrocyte,Astrocyte,CCL2,CCR5,0.5607608,1.0,0.24805272,-0.12502268622802223,-146.08556822978116,0.010425045,0.45254633,0.1304894577777778,0.3132810677829694,0.15270975,1.0,0.02328903,-0.6721687244068747,-inf,0.00028444445,0.24551065,1.0,1.0,-0.6867189322170306
Endothelial,Astrocyte,CCL3,CCR5,0.5556946,1.0,0.24498178,-0.12424317904987035,-344.51251839166287,0.010672981,0.45100364,0.16120156545526568,0.3145642571325971,0.15270975,1.0,0.02328903,-0.6721687244068747,-inf,0.00028444445,0.24551065,1.0,1.0,-0.6854357428674029
Endothelial,Astrocyte,FN1,MAG,0.89918447,0.017,0.21109919,0.0713089642677865,-106.77702920621573,0.0033849129,0.43265074,0.013173008729703398,0.3158495734715098,0.15270975,1.0,0.02328903,-0.6721687244068747,-inf,0.00028444445,0.24551065,1.0,1.0,-0.6841504265284901
Microglia,Oligodendrocyte,TNF,FAS,0.8797107,0.0,0.20990768,0.14412837091010205,21.176382483727497,0.054699276,0.43195617,0.00027564198140527364,0.3184266177470676,0.15270975,1.0,0.02328903,-0.6721687244068747,-inf,0.00028444445,0.24551065,1.0,1.0,-0.6815733822529324
Endothelial,Astrocyte,CCL7,CCR1,0.55273634,1.0,0.23783103,0.16749059616914808,-108.58182371677086,0.022403313,0.44733897,0.10638696070417313,0.3184266177470676,0.15270975,1.0,0.02328903,-0.6721687244068747,-inf,0.00028444445,0.24551065,1.0,1.0,-0.6815733822529324
Pericyte,Pericyte,LGALS3,ENG,0.5295476,1.0,0.27992952,-0.2553265467362659,-98.27332476672746,0.008173892,0.46756074,0.1438736260946758,0.32490612169201405,0.15270975,1.0,0.02328903,-0.6721687244068747,-inf,0.00028444445,0.24551065,1.0,1.0,-0.675093878307986
Astrocyte,Pericyte,ANGPTL4,SDC4,0.5497915,0.969,0.19663814,-0.06807523284977526,-27.33288168188089,0.025378585,0.42396295,0.0027701378204541983,0.32490612169201405,0.15270975,1.0,0.02328903,-0.6721687244068747,-inf,0.00028444445,0.24551065,1.0,1.0,-0.675093878307986
Endothelial,Microglia,CCL2,CCR1,0.5259725,1.0,0.26799044,-0.06161873712467095,-99.60971128915979,0.011543601,0.46213943,0.09255400091449473,0.32620838393540674,0.15270975,1.0,0.02328903,-0.6721687244068747,-inf,0.00028444445,0.24551065,1.0,1.0,-0.6737916160645933
Oligodendrocyte,Microglia,SNCA,LAG3,0.6897001,0.0,0.19555189,0.6031356184350056,-4.9094830375151535,0.5734907,0.4232867,0.00016016866106900284,0.32620838393540674,0.15270975,1.0,0.02328903,-0.6721687244068747,-inf,0.00028444445,0.24551065,1.0,1.0,-0.6737916160645933
Oligodendrocyte,Microglia,VWF,SIRPA,0.7059071,0.0,0.19124506,0.30891231235816624,-4.271584116340254,0.07411271,0.42057082,0.00014952413075633209,0.3275127010985889,0.15270975,1.0,0.02328903,-0.6721687244068747,-inf,0.00028444445,0.24551065,1.0,1.0,-0.6724872989014111
Pericyte,Microglia,VWF,SIRPA,0.70427954,0.0,0.18714356,0.3073772362819202,-4.173366942881357,0.07252327,0.41793156,0.00014609678584309686,0.33406569859135316,0.15270975,1.0,0.02328903,-0.6721687244068747,-inf,0.00028444445,0.24551065,1.0,1.0,-0.6659343014086468
Astrocyte,Astrocyte,S100A4,CCR5,0.5125362,0.0,0.21882102,0.30389207128539203,5.526935604056087,0.18433179,0.4370652,4.767605181228797e-05,0.33406569859135316,0.15270975,1.0,0.02328903,-0.6721687244068747,-inf,0.00028444445,0.24551065,1.0,1.0,-0.6659343014086468
Oligodendrocyte,Pericyte,LGALS3,ENG,0.50832385,1.0,0.25651085,-0.25825586640418613,-122.799700950708,0.0074900705,0.45670298,0.14631915866483766,0.33538254072546403,0.15270975,1.0,0.02328903,-0.6721687244068747,-inf,0.00028444445,0.24551065,1.0,1.0,-0.664617459274536
Oligodendrocyte,Astrocyte,CCL3,CCR5,0.50600564,1.0,0.21486245,-0.12819432869152003,-425.8635155993887,0.009360789,0.43482065,0.17386932636345784,0.33670145928146344,0.15270975,1.0,0.02328903,-0.6721687244068747,-inf,0.00028444445,0.24551065,1.0,1.0,-0.6632985407185366
Pericyte,Astrocyte,CCL3,CCR5,0.49893385,1.0,0.21057582,-0.12875663692677491,-389.1467075053846,0.009174037,0.43234608,0.17019043995005842,0.3393455130173586,0.15270975,1.0,0.02328903,-0.6721687244068747,-inf,0.00028444445,0.24551065,1.0,1.0,-0.6606544869826414
Microglia,Microglia,CXCL12,SDC4,0.8080254,0.0,0.17863744,0.006050726669294321,-22.59051435208745,0.019160474,0.41228452,0.00247881052278616,0.3393455130173586,0.15270975,1.0,0.02328903,-0.6721687244068747,-inf,0.00028444445,0.24551065,1.0,1.0,-0.6606544869826414
Astrocyte,Microglia,FN1,MAG,0.63651705,1.0,0.17639123,-0.059684233381064045,-93.75000605858287,0.002828381,0.41075233,0.197669755961123,0.34067064187636953,0.15270975,1.0,0.02328903,-0.6721687244068747,-inf,0.00028444445,0.24551065,1.0,1.0,-0.6593293581236305
Astrocyte,Endothelial,THBS1,SDC4,0.5816281,0.0,0.1751925,0.09836743059795092,-3.929262908065388,0.029377038,0.40992734,0.0010737418240000002,0.34199787904790446,0.15270975,1.0,0.02328903,-0.6721687244068747,-inf,0.00028444445,0.24551065,1.0,1.0,-0.6580021209520955
Pericyte,Microglia,CCL7,CCR1,0.48901594,1.0,0.23599115,0.0003225188311601346,-108.17936158337795,0.022229997,0.44637918,0.10570367705863346,0.3459918082483717,0.15270975,1.0,0.02328903,-0.6721687244068747,-inf,0.00028444445,0.24551065,1.0,1.0,-0.6540081917516283
Endothelial,Pericyte,LGALS3,ENG,0.471982,1.0,0.2164106,-0.2632706442573885,-58.688556237501096,0.0063191513,0.4357031,0.14796355563585553,0.34866468867397127,0.15270975,1.0,0.02328903,-0.6721687244068747,-inf,0.00028444445,0.24551065,1.0,1.0,-0.6513353113260287
Oligodendrocyte,Endothelial,PF4,ACKR1,0.649917,0.28,0.16360979,0.008213444402907596,-2.6458575854228457,0.035568517,0.4016809,0.001119184984493827,0.35000419769303026,0.15270975,1.0,0.02328903,-0.6721687244068747,-inf,0.00028444445,0.24551065,1.0,1.0,-0.6499958023069697
Endothelial,Astrocyte,CCL2,CCR5,0.46104616,1.0,0.1876099,-0.13323427200189,-107.41231751523553,0.007884783,0.41823432,0.11861902895711751,0.3526893826231753,0.15270975,1.0,0.02328903,-0.6721687244068747,-inf,0.00028444445,0.24551065,1.0,1.0,-0.6473106173768247
Pericyte,Endothelial,ANGPTL4,SDC4,0.5352305,1.0,0.158696,0.10567613675364096,-17.533934014169443,0.020481683,0.3980221,0.05319871970736169,0.3526893826231753,0.15270975,1.0,0.02328903,-0.6721687244068747,-inf,0.00028444445,0.24551065,1.0,1.0,-0.6473106173768247
Pericyte,Astrocyte,ADM,RAMP1,0.46069017,0.0,0.16978921,0.2736396123840761,72.24524248755303,0.13904633,0.40614387,5.032098254290505e-05,0.35403500719984315,0.15270975,1.0,0.02328903,-0.6721687244068747,-inf,0.00028444445,0.24551065,1.0,1.0,-0.6459649928001568
Microglia,Astrocyte,PGLYRP1,TREM1,0.49490884,1.0,0.15491018,-0.06817073335122198,-56.985545658640405,0.03574894,0.39513314,0.060939687870917254,0.35943784107852184,0.15270975,1.0,0.02328903,-0.6721687244068747,-inf,0.00028444445,0.24551065,1.0,1.0,-0.6405621589214782
Endothelial,Oligodendrocyte,ANGPTL4,SDC4,0.44211698,1.0,0.16777174,-0.01744609899663313,-7.488678812655821,0.021653023,0.40470317,0.050202470329298574,0.3607935949958389,0.15270975,1.0,0.02328903,-0.6721687244068747,-inf,0.00028444445,0.24551065,1.0,1.0,-0.639206405004161
Microglia,Endothelial,CXCL10,SDC4,0.52291214,0.867,0.15431625,-0.04722156211401246,0.3327934899981795,0.027836084,0.39467418,0.002061240711901235,0.3607935949958389,0.15270975,1.0,0.02328903,-0.6721687244068747,-inf,0.00028444445,0.24551065,1.0,1.0,-0.639206405004161
Pericyte,Oligodendrocyte,FN1,C5AR1,0.4346683,1.0,0.18883458,-0.35294089448557586,-29.20620111821138,0.005531106,0.41902608,0.2016283321457778,0.36215136528632097,0.15270975,1.0,0.02328903,-0.6721687244068747,-inf,0.00028444445,0.24551065,1.0,1.0,-0.637848634713679
Pericyte,Astrocyte,CCL7,CCR5,0.4240896,1.0,0.16520841,-0.07129301604605892,-115.98196780945369,0.015184059,0.40284988,0.11769360576974668,0.36351114878952573,0.15270975,1.0,0.02328903,-0.6721687244068747,-inf,0.00028444445,0.24551065,1.0,1.0,-0.6364888512104743
Pericyte,Oligodendrocyte,LGALS3,ENG,0.42132062,1.0,0.17010379,-0.3245774412866444,-98.8427684144616,0.0049670003,0.40636715,0.17581989523911112,0.36623674279233415,0.15270975,1.0,0.02328903,-0.6721687244068747,-inf,0.00028444445,0.24551065,1.0,1.0,-0.6337632572076659
Endothelial,Astrocyte,ADM,GPR84,0.41429818,1.0,0.14392146,-0.002349752973603944,-96.26174712485263,0.042512547,0.38637525,0.08585739678103226,0.37034019984080274,0.15270975,1.0,0.02328903,-0.6721687244068747,-inf,0.00028444445,0.24551065,1.0,1.0,-0.6296598001591973
Astrocyte,Astrocyte,FN1,MAG,0.6205273,1.0,0.14074036,-0.06420613545656428,-93.36663938059894,0.0022567299,0.38372904,0.2096876881957457,0.37308578388444424,0.15270975,1.0,0.02328903,-0.6721687244068747,-inf,0.00028444445,0.24551065,1.0,1.0,-0.6269142161155558
Oligodendrocyte,Oligodendrocyte,FN1,C5AR1,0.4063407,1.0,0.1636363,-0.3667155157799499,-33.241878035089385,0.0047930293,0.4017004,0.21070848000000003,0.3744615593801025,0.15270975,1.0,0.02328903,-0.6721687244068747,-inf,0.00028444445,0.24551065,1.0,1.0,-0.6255384406198975
Astrocyte,Astrocyte,SELPLG,SELL,0.46612862,1.0,0.13933519,0.12403648808247633,0.7021259055757105,0.11911431,0.3825433,0.013860024947416553,0.3744615593801025,0.15270975,1.0,0.02328903,-0.6721687244068747,-inf,0.00028444445,0.24551065,1.0,1.0,-0.6255384406198975
Oligodendrocyte,Oligodendrocyte,LGALS3,ENG,0.40009683,1.0,0.15587305,-0.3275067609545646,-123.36914459844215,0.004551465,0.39587384,0.17765860439744674,0.3758393658708973,0.15270975,1.0,0.02328903,-0.6721687244068747,-inf,0.00028444445,0.24551065,1.0,1.0,-0.6241606341291027
Oligodendrocyte,Microglia,CCL7,CCR1,0.3970617,1.0,0.15637134,-0.009855468192189965,-169.7461058186712,0.014729937,0.39625558,0.13283244319176976,0.3772191078097695,0.15270975,1.0,0.02328903,-0.6721687244068747,-inf,0.00028444445,0.24551065,1.0,1.0,-0.6227808921902305
Pericyte,Endothelial,FN1,C5AR1,0.39573783,1.0,0.15577705,-0.36277330752683623,-24.011529478028717,0.004562827,0.3958002,0.207655031808,0.37860082819628615,0.15270975,1.0,0.02328903,-0.6721687244068747,-inf,0.00028444445,0.24551065,1.0,1.0,-0.6213991718037138
Microglia,Oligodendrocyte,FN1,C5AR1,0.3948432,1.0,0.15340893,-0.37230577584970964,-22.90731588164947,0.004493462,0.39396998,0.2148214518162671,0.3799845238700049,0.15270975,1.0,0.02328903,-0.6721687244068747,-inf,0.00028444445,0.24551065,1.0,1.0,-0.6200154761299951
Pericyte,Microglia,LGALS3,ENG,0.39371353,1.0,0.1420889,-0.34224103933699285,-100.12969288021888,0.004148971,0.38485727,0.18893539021034111,0.38137019167048314,0.15270975,1.0,0.02328903,-0.6721687244068747,-inf,0.00028444445,0.24551065,1.0,1.0,-0.6186298083295169
Astrocyte,Astrocyte,TNF,VSIR,0.39215508,1.0,0.14734097,-0.12278197700984106,-24.19504197264264,0.023505563,0.38916257,0.08242646220800001,0.3855390429170319,0.15270975,1.0,0.02328903,-0.6721687244068747,-inf,0.00028444445,0.24551065,1.0,1.0,-0.6144609570829681
Pericyte,Astrocyte,LGALS3,ENG,0.3844847,1.0,0.13272373,-0.34814702433203837,-99.78045424396676,0.0038755096,0.3768187,0.1947318189330846,0.3897254830361255,0.15270975,1.0,0.02328903,-0.6721687244068747,-inf,0.00028444445,0.24551065,1.0,1.0,-0.6102745169638746
Oligodendrocyte,Endothelial,TNF,FAS,0.5433217,0.111,0.1248954,0.12229223526250549,-25.186275762087682,0.032546155,0.3697079,0.0008417129689299643,0.39252624541685344,0.15270975,1.0,0.02328903,-0.6721687244068747,-inf,0.00028444445,0.24551065,1.0,1.0,-0.6074737545831466
Oligodendrocyte,Microglia,LGALS3,ENG,0.37248978,1.0,0.13020186,-0.34517035900491305,-124.65606906419943,0.0038018713,0.37456894,0.19085578417924096,0.39392952026848926,0.15270975,1.0,0.02328903,-0.6721687244068747,-inf,0.00028444445,0.24551065,1.0,1.0,-0.6060704797315107
Pericyte,Oligodendrocyte,CXCL12,SDC4,0.3684078,1.0,0.12712896,-0.18795305184448258,-8.111640270508634,0.013635726,0.3717755,0.09950127877220666,0.3967418883776894,0.15270975,1.0,0.02328903,-0.6721687244068747,-inf,0.00028444445,0.24551065,1.0,1.0,-0.6032581116223106
Oligodendrocyte,Endothelial,FN1,C5AR1,0.3674102,1.0,0.13499,-0.3765479288212102,-28.047206394906727,0.0039539584,0.37880865,0.21585715592135343,0.39815097531436894,0.15270975,1.0,0.02328903,-0.6721687244068747,-inf,0.00028444445,0.24551065,1.0,1.0,-0.6018490246856311
Endothelial,Oligodendrocyte,LGALS3,ENG,0.36375502,1.0,0.13150547,-0.33252153880776697,-59.25799988523526,0.0038399366,0.3757366,0.1832444845611779,0.40238985719713893,0.15270975,1.0,0.02328903,-0.6721687244068747,-inf,0.00028444445,0.24551065,1.0,1.0,-0.5976101428028611
Oligodendrocyte,Astrocyte,LGALS3,ENG,0.36326092,1.0,0.12162018,-0.3510763439999586,-124.3068304279473,0.0035512876,0.36661717,0.20063425375400087,0.4038066493987229,0.15270975,1.0,0.02328903,-0.6721687244068747,-inf,0.00028444445,0.24551065,1.0,1.0,-0.5961933506012771
Endothelial,Microglia,CCL7,CCR1,0.3627509,1.0,0.12666287,-0.013652924345473827,-97.44850591956073,0.011931445,0.37134665,0.09010498179289254,0.40522535999922776,0.15270975,1.0,0.02328903,-0.6721687244068747,-inf,0.00028444445,0.24551065,1.0,1.0,-0.5947746400007723
Endothelial,Microglia,EDN1,ADGRL4,0.45140904,1.0,0.111023396,-0.13528557535004393,3.5279186577943205,0.03811418,0.3560986,0.08949911703703704,0.40522535999922776,0.15270975,1.0,0.02328903,-0.6721687244068747,-inf,0.00028444445,0.24551065,1.0,1.0,-0.5947746400007723
Pericyte,Pericyte,ADM,RAMP2,0.36061364,1.0,0.11881716,-0.22296456386438668,63.22338093064841,0.027535757,0.36391416,0.11505192652799999,0.4066459858382111,0.15270975,1.0,0.02328903,-0.6721687244068747,-inf,0.00028444445,0.24551065,1.0,1.0,-0.5933540141617889
Pericyte,Pericyte,FN1,C5AR1,0.35847512,1.0,0.1241357,-0.3721867686561847,-30.414271031598712,0.0036360277,0.36899734,0.21378873416059255,0.4080685237552306,0.15270975,1.0,0.02328903,-0.6721687244068747,-inf,0.00028444445,0.24551065,1.0,1.0,-0.5919314762447694
Endothelial,Endothelial,ANGPTL4,SDC4,0.39315522,1.0,0.108181626,-0.041708568769729185,-11.874928659073579,0.0139621785,0.35313147,0.07517097583904891,0.409492970589844,0.15270975,1.0,0.02328903,-0.6721687244068747,-inf,0.00028444445,0.24551065,1.0,1.0,-0.590507029410156
Microglia,Endothelial,FN1,C5AR1,0.35591272,1.0,0.12655304,-0.38213818889096995,-17.71264424146681,0.0037068333,0.37124544,0.2200298761102223,0.409492970589844,0.15270975,1.0,0.02328903,-0.6721687244068747,-inf,0.00028444445,0.24551065,1.0,1.0,-0.590507029410156
Endothelial,Microglia,LGALS3,ENG,0.33614796,1.0,0.109847456,-0.3501851368581154,-60.54492435099253,0.0032075264,0.35487875,0.19964313302164424,0.41520983194064964,0.15270975,1.0,0.02328903,-0.6721687244068747,-inf,0.00028444445,0.24551065,1.0,1.0,-0.5847901680593504
Endothelial,Oligodendrocyte,ADM,GPR84,0.3797353,1.0,0.1037735,-0.016248499485964782,-112.7232807919963,0.030653354,0.3483947,0.11337070395241682,0.41520983194064964,0.15270975,1.0,0.02328903,-0.6721687244068747,-inf,0.00028444445,0.24551065,1.0,1.0,-0.5847901680593504
Oligodendrocyte,Astrocyte,CCL7,CCR5,0.33213538,1.0,0.10946962,-0.08147100306940902,-177.54871204474694,0.0100611895,0.35448447,0.13440870044238837,0.4166437760200147,0.15270975,1.0,0.02328903,-0.6721687244068747,-inf,0.00028444445,0.24551065,1.0,1.0,-0.5833562239799853
Pericyte,Astrocyte,ADM,RAMP2,0.3305583,1.0,0.10350906,-0.23838749072497784,62.60926072248797,0.023988122,0.3481051,0.12595619855170373,0.41951737911800663,0.15270975,1.0,0.02328903,-0.6721687244068747,-inf,0.00028444445,0.24551065,1.0,1.0,-0.5804826208819933
Oligodendrocyte,Pericyte,FN1,C5AR1,0.3301475,1.0,0.10757091,-0.38596138995055873,-34.44994794847672,0.0031508324,0.35248518,0.22108054181984452,0.42095698364364564,0.15270975,1.0,0.02328903,-0.6721687244068747,-inf,0.00028444445,0.24551065,1.0,1.0,-0.5790430163563544
Endothelial,Astrocyte,LGALS3,ENG,0.3269191,1.0,0.10260734,-0.35609112185316094,-60.19568571474041,0.0029961162,0.347113,0.20262537032644531,0.42239846864268493,0.15270975,1.0,0.02328903,-0.6721687244068747,-inf,0.00028444445,0.24551065,1.0,1.0,-0.5776015313573151
Microglia,Pericyte,FN1,C5AR1,0.31865,1.0,0.100847654,-0.3915516500203185,-24.115385795036804,0.0029539033,0.34515548,0.22213420564320804,0.4281831987762199,0.15270975,1.0,0.02328903,-0.6721687244068747,-inf,0.00028444445,0.24551065,1.0,1.0,-0.5718168012237801
Pericyte,Endothelial,CXCL12,SDC4,0.319446,1.0,0.08197457,-0.21221552161757862,-12.49789011692639,0.008792511,0.32212925,0.11155194102471695,0.43254130021330606,0.15270975,1.0,0.02328903,-0.6721687244068747,-inf,0.00028444445,0.24551065,1.0,1.0,-0.5674586997866939
Pericyte,Oligodendrocyte,ADM,RAMP2,0.30216485,1.0,0.08904739,-0.2529576872435195,62.52156559075529,0.020636642,0.3312307,0.1430640540474879,0.43399771528576814,0.15270975,1.0,0.02328903,-0.6721687244068747,-inf,0.00028444445,0.24551065,1.0,1.0,-0.5660022847142319
Endothelial,Astrocyte,CCL7,CCR5,0.29782456,1.0,0.088671856,-0.08526845922269288,-105.25111214563647,0.008149697,0.33076277,0.11505192652799999,0.43837810908451846,0.15270975,1.0,0.02328903,-0.6721687244068747,-inf,0.00028444445,0.24551065,1.0,1.0,-0.5616218909154815
Astrocyte,Pericyte,TNF,FAS,0.28521478,1.0,0.08063662,-0.2006251409557101,-23.098936423321152,0.021012882,0.32033518,0.10276310732800001,0.4457154927983749,0.15270975,1.0,0.02328903,-0.6721687244068747,-inf,0.00028444445,0.24551065,1.0,1.0,-0.5542845072016251
Microglia,Astrocyte,CD34,SELL,0.2846191,1.0,0.07146877,0.004567617873618507,-3.1570215365994927,0.0999935,0.3073414,0.032834695570670334,0.44718851183593017,0.15270975,1.0,0.02328903,-0.6721687244068747,-inf,0.00028444445,0.24551065,1.0,1.0,-0.5528114881640698
Oligodendrocyte,Oligodendrocyte,CXCL12,SDC4,0.28386205,1.0,0.080511004,-0.24164816375359272,-19.55823220133874,0.00863553,0.3201655,0.13279318315614816,0.4486633051037865,0.15270975,1.0,0.02328903,-0.6721687244068747,-inf,0.00028444445,0.24551065,1.0,1.0,-0.5513366948962135
Pericyte,Microglia,FN1,MAG,0.29139847,1.0,0.06717805,-0.22749719811351654,-111.55480212975999,0.00107718,0.30079076,0.2189822065983795,0.4516183497530869,0.15270975,1.0,0.02328903,-0.6721687244068747,-inf,0.00028444445,0.24551065,1.0,1.0,-0.5483816502469131
Oligodendrocyte,Astrocyte,VWF,SIRPA,0.29282397,1.0,0.06585173,-0.1187463528553031,-8.903882957672591,0.025519354,0.298698,0.08014934122005304,0.45458065081755494,0.15270975,1.0,0.02328903,-0.6721687244068747,-inf,0.00028444445,0.24551065,1.0,1.0,-0.5454193491824451
Pericyte,Oligodendrocyte,THBS1,SDC4,0.27334577,1.0,0.07471238,-0.12653559768686798,-20.363737277990946,0.012528096,0.3120859,0.085917319168,0.45755023285505503,0.15270975,1.0,0.02328903,-0.6721687244068747,-inf,0.00028444445,0.24551065,1.0,1.0,-0.542449767144945
Pericyte,Astrocyte,VWF,SIRPA,0.29119644,1.0,0.06443946,-0.12028142893154915,-8.805665784213696,0.024972059,0.2964323,0.08128291051234383,0.45755023285505503,0.15270975,1.0,0.02328903,-0.6721687244068747,-inf,0.00028444445,0.24551065,1.0,1.0,-0.542449767144945
Astrocyte,Endothelial,TNF,VSIR,0.26748595,1.0,0.06957821,-0.22761698673663855,-24.725346328064777,0.011099934,0.3044952,0.11934053925925926,0.4605269710198274,0.15270975,1.0,0.02328903,-0.6721687244068747,-inf,0.00028444445,0.24551065,1.0,1.0,-0.5394730289801726
Astrocyte,Astrocyte,TNF,FAS,0.26370946,1.0,0.0672226,-0.22405956663398702,-23.65392911105942,0.017517356,0.3008605,0.11647069061747418,0.4620180343939821,0.15270975,1.0,0.02328903,-0.6721687244068747,-inf,0.00028444445,0.24551065,1.0,1.0,-0.5379819656060179
Oligodendrocyte,Astrocyte,TNF,VSIR,0.30153868,1.0,0.061720505,-0.17987836351081468,-27.597261354163994,0.009846381,0.2919566,0.10145052826466212,0.4635108897487259,0.15270975,1.0,0.02328903,-0.6721687244068747,-inf,0.00028444445,0.24551065,1.0,1.0,-0.5364891102512741
Microglia,Oligodendrocyte,PTN,SDC4,0.25501072,1.0,0.06460256,-0.2716145166573851,-102.03883694035693,0.0013785549,0.29669598,0.21585715592135343,0.4650055840656926,0.15270975,1.0,0.02328903,-0.6721687244068747,-inf,0.00028444445,0.24551065,1.0,1.0,-0.5349944159343074
Astrocyte,Oligodendrocyte,TNF,VSIR,0.2524802,1.0,0.06021832,-0.24023522721939525,-24.636783286841723,0.009606734,0.2894164,0.1289674003520146,0.4665020139601038,0.15270975,1.0,0.02328903,-0.6721687244068747,-inf,0.00028444445,0.24551065,1.0,1.0,-0.5334979860398962
Oligodendrocyte,Microglia,FN1,MAG,0.26307082,1.0,0.05821374,-0.24127181940789055,-115.59047904663801,0.00093344005,0.28594762,0.22319086948503705,0.4695002684071609,0.15270975,1.0,0.02328903,-0.6721687244068747,-inf,0.00028444445,0.24551065,1.0,1.0,-0.530499731592839
Pericyte,Pericyte,ADM,RAMP1,0.2515548,0.641,0.06327013,0.007580808965826257,59.9135209617333,0.05181412,0.2945262,0.0011346484512580397,0.4695002684071609,0.15270975,1.0,0.02328903,-0.6721687244068747,-inf,0.00028444445,0.24551065,1.0,1.0,-0.530499731592839
Pericyte,Astrocyte,ADM,GPR84,0.25123286,1.0,0.06310617,-0.10677509103274975,33.67016369629469,0.01864075,0.2942567,0.07680821671459354,0.4710020363772114,0.15270975,1.0,0.02328903,-0.6721687244068747,-inf,0.00028444445,0.24551065,1.0,1.0,-0.5289979636227886
Astrocyte,Oligodendrocyte,ANGPTL4,SDC4,0.25023833,1.0,0.061971083,-0.216516055295114,-16.698134506411897,0.007998136,0.29237553,0.11790021956430545,0.47250557736498466,0.15270975,1.0,0.02328903,-0.6721687244068747,-inf,0.00028444445,0.24551065,1.0,1.0,-0.5274944226350153
Endothelial,Astrocyte,SELPLG,SELL,0.24933246,1.0,0.0582751,0.034175680802344455,-1.2418065428438259,0.049817987,0.28605518,0.025430949876294472,0.47401088821003845,0.15270975,1.0,0.02328903,-0.6721687244068747,-inf,0.00028444445,0.24551065,1.0,1.0,-0.5259891117899615
Microglia,Microglia,FN1,MAG,0.25157332,1.0,0.054575343,-0.24686207947765032,-105.25591689319809,0.00087509945,0.27940452,0.22744756273818742,0.4755179657519302,0.15270975,1.0,0.02328903,-0.6721687244068747,-inf,0.00028444445,0.24551065,1.0,1.0,-0.5244820342480698
Oligodendrocyte,Astrocyte,SELPLG,SELL,0.24813423,1.0,0.057827085,0.03367798689275933,-6.413452456236307,0.049434993,0.28526777,0.02570409109549886,0.4755179657519302,0.15270975,1.0,0.02328903,-0.6721687244068747,-inf,0.00028444445,0.24551065,1.0,1.0,-0.5244820342480698
Pericyte,Astrocyte,FN1,MAG,0.27540877,1.0,0.053600527,-0.23201910018901678,-111.17143545177606,0.00085946854,0.27759376,0.22959395817244438,0.4785374082844585,0.15270975,1.0,0.02328903,-0.6721687244068747,-inf,0.00028444445,0.24551065,1.0,1.0,-0.5214625917155415
Pericyte,Astrocyte,CD34,SELL,0.24160838,1.0,0.055387065,-0.02615410996390985,-1.3803534437017162,0.077493235,0.2808932,0.04148957483614814,0.4815638796790302,0.15270975,1.0,0.02328903,-0.6721687244068747,-inf,0.00028444445,0.24551065,1.0,1.0,-0.5184361203209698
Oligodendrocyte,Astrocyte,CD34,SELL,0.23708716,1.0,0.053696584,-0.029383985773763055,-2.9418339508733067,0.07512804,0.27777332,0.04337758572463467,0.48307974329847614,0.15270975,1.0,0.02328903,-0.6721687244068747,-inf,0.00028444445,0.24551065,1.0,1.0,-0.5169202567015239
Pericyte,Microglia,COL3A1,MAG,0.23696634,1.0,0.049952943,0.2872430913960716,-93.16409366847155,0.009058232,0.2705828,0.10676393145837036,0.48459735465210607,0.15270975,1.0,0.02328903,-0.6721687244068747,-inf,0.00028444445,0.24551065,1.0,1.0,-0.5154026453478939
Endothelial,Pericyte,S100A9,CD68,0.24326603,1.0,0.04877645,-0.24912607321386684,-inf,0.0006357501,0.26823723,1.0,0.48611671057947703,0.15270975,1.0,0.02328903,-0.22924833326091865,-inf,0.00028665565,0.24551065,0.41197997751898013,1.0,-0.513883289420523
Oligodendrocyte,Endothelial,CXCL12,SDC4,0.2349003,1.0,0.051914647,-0.26591063352668876,-23.944482047756495,0.0055683134,0.2744008,0.14961921228800004,0.4876379099765441,0.15270975,1.0,0.02328903,-0.6721687244068747,-inf,0.00028444445,0.24551065,1.0,1.0,-0.5123620900234559
Astrocyte,Pericyte,TNF,VSIR,0.23214343,1.0,0.0475332,-0.25733624108421893,-24.873623847761003,0.0075830547,0.26571086,0.1446859989902222,0.489160745686524,0.15270975,1.0,0.02328903,-0.6721687244068747,-inf,0.00028444445,0.24551065,1.0,1.0,-0.510839254313476
Oligodendrocyte,Astrocyte,FN1,MAG,0.24708116,1.0,0.04644802,-0.2457937214833908,-115.20711236865408,0.0007447801,0.263464,0.23501270646647274,0.4906853164887062,0.15270975,1.0,0.02328903,-0.6721687244068747,-inf,0.00028444445,0.24551065,1.0,1.0,-0.5093146835112938
Pericyte,Microglia,ADM,RAMP2,0.2253335,1.0,0.049914826,-0.2923827498955716,59.65008071821527,0.011567711,0.27050748,0.15720959692800002,0.4906853164887062,0.15270975,1.0,0.02328903,-0.6721687244068747,-inf,0.00028444445,0.24551065,1.0,1.0,-0.5093146835112938
Pericyte,Endothelial,THBS1,SDC4,0.224384,1.0,0.048175614,-0.15079806745996402,-24.749987124408705,0.008078296,0.26702255,0.11647069061747418,0.492211619222648,0.15270975,1.0,0.02328903,-0.6721687244068747,-inf,0.00028444445,0.24551065,1.0,1.0,-0.507788380777352
Microglia,Astrocyte,FN1,MAG,0.23558366,1.0,0.043544985,-0.25138398155315056,-104.87255021521416,0.00069823087,0.25725,0.23610551500800006,0.49680088741060774,0.15270975,1.0,0.02328903,-0.6721687244068747,-inf,0.00028444445,0.24551065,1.0,1.0,-0.5031991125893922
Astrocyte,Oligodendrocyte,CXCL12,SDC4,0.2201064,1.0,0.045356527,-0.2821389639684852,-20.368686698797354,0.004864896,0.26116323,0.15465396148148144,0.49680088741060774,0.15270975,1.0,0.02328903,-0.6721687244068747,-inf,0.00028444445,0.24551065,1.0,1.0,-0.5031991125893922
Pericyte,Oligodendrocyte,ADM,GPR84,0.21666999,1.0,0.045502238,-0.12067383754511059,17.208630029151024,0.013440773,0.2614728,0.08185343662833834,0.49833408626716447,0.15270975,1.0,0.02328903,-0.6721687244068747,-inf,0.00028444445,0.24551065,1.0,1.0,-0.5016659137328355
Pericyte,Astrocyte,SELPLG,SELL,0.21225394,1.0,0.044411447,0.018805869466155145,-5.5604474473335745,0.03796628,0.25913683,0.02912969647185003,0.49986900125326905,0.15270975,1.0,0.02328903,-0.6721687244068747,-inf,0.00028444445,0.24551065,1.0,1.0,-0.500130998746731
Microglia,Endothelial,PTN,SDC4,0.20604897,1.0,0.041656658,-0.2958769864304812,-106.4250867867747,0.0008889119,0.2530374,0.22637888,0.5029439669723516,0.15270975,1.0,0.02328903,-0.6721687244068747,-inf,0.00028444445,0.24551065,1.0,1.0,-0.49705603302764845
Astrocyte,Oligodendrocyte,TNF,FAS,0.22029954,1.0,0.040145542,-0.2713631362079767,-23.913060308584402,0.010461419,0.24956143,0.15045126994055785,0.5044840113844448,0.15270975,1.0,0.02328903,-0.6721687244068747,-inf,0.00028444445,0.24551065,1.0,1.0,-0.49551598861555524
Astrocyte,Astrocyte,CD34,SELL,0.20212592,1.0,0.040624578,-0.05435598977726541,-3.3988072055211904,0.05683872,0.25067383,0.05147310756298858,0.5060257592843161,0.15270975,1.0,0.02328903,-0.6721687244068747,-inf,0.00028444445,0.24551065,1.0,1.0,-0.49397424071568385
Pericyte,Astrocyte,COL3A1,MAG,0.22097665,1.0,0.03985683,0.2827211893205714,-92.78072699048762,0.00722745,0.2488862,0.12745632212408597,0.5075693110652948,0.15270975,1.0,0.02328903,-0.6721687244068747,-inf,0.00028444445,0.24551065,1.0,1.0,-0.4924306889347052
Astrocyte,Endothelial,ANGPTL4,SDC4,0.20127654,1.0,0.039959844,-0.24077852506821007,-21.08438435282965,0.0051573124,0.24912752,0.14550117557154824,0.5075693110652948,0.15270975,1.0,0.02328903,-0.6721687244068747,-inf,0.00028444445,0.24551065,1.0,1.0,-0.4924306889347052
Microglia,Oligodendrocyte,CXCL12,SDC4,0.19752565,1.0,0.032905653,-0.2964801256260286,-22.500327613047386,0.0035294276,0.23140652,0.17765860439744674,0.510661296087132,0.15270975,1.0,0.02328903,-0.6721687244068747,-inf,0.00028444445,0.24551065,1.0,1.0,-0.48933870391286804
Oligodendrocyte,Pericyte,TNF,FAS,0.19459838,1.0,0.03377834,-0.25772152745668375,-26.501155804842508,0.008802206,0.23374246,0.14550117557154824,0.510661296087132,0.15270975,1.0,0.02328903,-0.6721687244068747,-inf,0.00028444445,0.24551065,1.0,1.0,-0.48933870391286804
Oligodendrocyte,Endothelial,TNF,VSIR,0.17686954,1.0,0.029146014,-0.28471337323761214,-28.127565709586133,0.004649715,0.22079332,0.15550299952062918,0.515311947062256,0.15270975,1.0,0.02328903,-0.6721687244068747,-inf,0.00028444445,0.24551065,1.0,1.0,-0.484688052937744
Oligodendrocyte,Astrocyte,TNF,FAS,0.17309305,1.0,0.028159263,-0.28115595313496067,-27.056148492580775,0.0073379464,0.21784481,0.1538077603006566,0.5168655309968262,0.15270975,1.0,0.02328903,-0.6721687244068747,-inf,0.00028444445,0.24551065,1.0,1.0,-0.4831344690031738
Astrocyte,Endothelial,CXCL12,SDC4,0.1711446,1.0,0.029246539,-0.30640143374158124,-24.75493654521511,0.0031369547,0.22108963,0.19085578417924096,0.5168655309968262,0.15270975,1.0,0.02328903,-0.6721687244068747,-inf,0.00028444445,0.24551065,1.0,1.0,-0.4831344690031738
Oligodendrocyte,Oligodendrocyte,TNF,VSIR,0.1618638,1.0,0.025225198,-0.29733161372036887,-28.03900266836308,0.00402422,0.20861623,0.16327244085962506,0.5184207931354232,0.15270975,1.0,0.02328903,-0.6721687244068747,-inf,0.00028444445,0.24551065,1.0,1.0,-0.4815792068645768
Oligodendrocyte,Oligodendrocyte,VWF,SIRPA,0.1536986,1.0,0.023619564,-0.26277704440907124,-9.254084524428649,0.00915323,0.20323923,0.14713995108503705,0.519977730317605,0.15270975,1.0,0.02328903,-0.6721687244068747,-inf,0.00028444445,0.24551065,1.0,1.0,-0.48002226968239503
Pericyte,Oligodendrocyte,VWF,SIRPA,0.15207106,1.0,0.023113012,-0.26431212048531727,-9.155867350969752,0.008956928,0.20148957,0.14878997510976502,0.5215363393829289,0.15270975,1.0,0.02328903,-0.6721687244068747,-inf,0.00028444445,0.24551065,1.0,1.0,-0.47846366061707113
Microglia,Endothelial,CXCL12,SDC4,0.14856386,1.0,0.021218035,-0.32074259539912464,-26.886577459465144,0.0022758255,0.19469567,0.207655031808,0.5230966171709526,0.15270975,1.0,0.02328903,-0.6721687244068747,-inf,0.00028444445,0.24551065,1.0,1.0,-0.47690338282904743
Oligodendrocyte,Pericyte,TNF,VSIR,0.14152703,1.0,0.019911457,-0.3144326275851925,-28.27584322928236,0.0031765094,0.18976147,0.18893539021034111,0.5246585605212339,0.15270975,1.0,0.02328903,-0.6721687244068747,-inf,0.00028444445,0.24551065,1.0,1.0,-0.47534143947876606
Astrocyte,Microglia,FN1,C5AR1,3.5497923,0.0,6.671879,0.514583116198413,20.384041443002573,0.19542433,0.8108618,4.252623927120245e-05,0.021183602314500595,0.47133654,0.972,0.19729261,0.12828531626121603,6.4613678711394495,0.096259564,0.48641628,0.00011559632461333241,0.10536880606717924,-0.08418520375267866
Microglia,Microglia,CCL3,CCR1,6.4591227,0.0,5.4052863,0.4116095188473918,350.6610438213332,0.24135633,0.79418814,4.252623927120245e-05,0.010566029157072306,0.8806099,0.0,0.29579052,0.3459588181966461,36.74405760450559,0.38343215,0.5369659,1.0030339661951379e-05,0.0875759861490689,-0.0770099569919966
Microglia,Microglia,CCL4,CCR1,15.998858,0.0,13.665392,0.4312848979787032,inf,0.24090078,0.8598569,4.252623927120245e-05,0.0019170701207947478,1.2477199,0.0,0.43383723,0.29676801942924075,100.22264000344197,0.3936011,0.58410376,1.5978688623811072e-05,0.07428689687360644,-0.0723698267528117
Microglia,Microglia,CCL2,CCR1,5.006976,0.0,4.1479263,0.30741726543173536,11.627709201641974,0.17867057,0.77170676,4.252623927120245e-05,0.019708486906232107,0.7471534,0.0,0.24560602,0.34325491347039677,3.5620723435707218,0.3688486,0.5137896,1.310248763802311e-05,0.09167558563118715,-0.07196709872495505
Oligodendrocyte,Microglia,FN1,C5AR1,3.176346,0.0,2.2018952,0.3329955301715865,-1.4564315450525598,0.06449516,0.7112224,0.00011215803140821802,0.03972941221569454,0.43812847,0.985,0.15551522,0.10438149778417727,1.9564921255089605,0.07587628,0.45677808,0.00012215337780643187,0.11163164877954032,-0.07190223656384578
Astrocyte,Microglia,CCL4,CCR1,2.1163175,1.0,1.6450115,-0.02952025724811093,-inf,0.028999139,0.6803853,0.4140458727727408,0.067546481399555,0.27859157,0.999,0.06940973,0.11513237345177607,-116.81986744524721,0.06297234,0.35969722,0.00034110098268892237,0.13631362564885335,-0.06876714424929835
Microglia,Microglia,CCL2,CCR5,5.2394485,0.0,8.602572,0.5935713276560164,7.881300882943107,0.36154497,0.82958657,4.252623927120245e-05,0.006080260960049394,0.98017234,0.0,0.854386,0.5904323668392636,3.8722568239321102,0.54909575,0.6634037,1.2496695853212019e-05,0.07428689687360644,-0.06820663591355705
Pericyte,Microglia,FN1,C5AR1,3.2046738,0.0,2.5409641,0.34677015146596046,2.5792453718254507,0.07442675,0.7257053,7.794642710075235e-05,0.03481345260631459,0.47901356,0.86,0.20695071,0.1338107984369468,2.7890691273511052,0.10097179,0.49238765,0.00010035829133045449,0.10273513905475712,-0.06792168644844253
Microglia,Microglia,CCL3,CCR5,6.691595,0.0,11.210269,0.6977635810716727,346.9146355026343,0.4883914,0.8474946,3.054738740557841e-05,0.0038724225703148218,1.1136289,0.0,1.0289621,0.5931362715655129,37.054242084866985,0.5708059,0.6838368,4.371082049422696e-06,0.0648117174250147,-0.06093929485469987
Endothelial,Microglia,FN1,C5AR1,3.8284492,0.0,10.00728,0.6500982159227637,6.973651617385791,0.29312074,0.84001315,4.252623927120245e-05,0.018284852639430405,0.95458055,0.0,0.80523735,0.4761348171933679,15.270717476069303,0.39287737,0.65675724,5.2816780815558766e-06,0.07579778888691636,-0.05751293624748596
Oligodendrocyte,Microglia,CCL4,CCR1,1.3965743,1.0,1.0218124,-0.053411138103039324,-inf,0.018013053,0.62655324,0.49843624319051844,0.1060632395489586,0.16965482,1.0,0.028445544,0.09471510491255145,-200.67952232769744,0.025807368,0.26450253,0.014843284136198273,0.16317639377043366,-0.05711315422147506
Microglia,Microglia,CCL4,CCR5,16.23133,0.0,28.341276,0.7174389602029841,inf,0.4874696,0.8983322,2.4474407213534522e-05,0.00029928716253144324,1.4807389,0.0,1.5091832,0.5439454727981076,100.53282448380335,0.5859442,0.723716,4.371082049422696e-06,0.05078942663115325,-0.05049013946862181
Astrocyte,Microglia,CCL4,CCR5,2.34879,1.0,3.4116642,0.25663380497617005,-inf,0.058680583,0.7540387,0.12916024873718515,0.06180772849376086,0.5116105,0.169,0.24145459,0.3623098268206429,-116.50968296488583,0.09374535,0.51166004,0.000334050037435383,0.09841336254757127,-0.03660563405381041
Oligodendrocyte,Microglia,CCL4,CCR5,1.6290467,1.0,2.119183,0.23274292412124165,-inf,0.036449924,0.70727473,0.24493563815272063,0.08985074769072646,0.40267375,0.677,0.09895309,0.3418925582814183,-200.36933784733606,0.038418785,0.40146393,0.0003936319679039426,0.12560076173463308,-0.035750014043906625
Endothelial,Microglia,ADM,GPR84,1.4802935,0.0,1.3821731,0.4263219974097156,-29.966859447592803,0.40827614,0.6611667,0.0009970250213814382,0.09818980993104275,0.31433582,0.0,0.09482419,0.3380398506365808,16.08345318286853,0.46988708,0.39635408,1.1600927394115973e-05,0.1284834098880909,-0.030293599957048153
Oligodendrocyte,Microglia,S100A9,CD68,3.0676925,0.002,2.5057704,0.47875998362575845,-inf,0.0326601,0.724315,0.024622732711740283,0.03577191837826581,1.411863,0.528,0.61974794,0.5112264204136441,-inf,0.0076282364,0.6266717,0.015109812100687797,0.06551919516757893,-0.029747276789313118
Oligodendrocyte,Microglia,S100A8,CD68,3.2285953,0.174,4.3385887,0.48222690013889746,-inf,0.031874128,0.77564126,0.02681547677392592,0.025915791626821748,1.4995017,0.702,1.0726427,0.5115231985214265,-inf,0.007231934,0.68831384,0.015986132479849223,0.050161796525874575,-0.024246004899052827
Astrocyte,Endothelial,LGALS3,ENG,3.3476343,0.0,8.870608,0.4516780717943297,-32.45846281370393,0.2590202,0.8317444,0.0010859260065064023,0.023492352951999675,1.681814,0.0,2.8210645,0.6081148955242135,30.12789811222299,0.48720777,0.7817242,4.371082049422696e-06,0.04527358756466143,-0.021781234612661758
Endothelial,Pericyte,SPARC,ENG,4.4687524,0.0,4.62652,0.07418422092169069,-37.77432980036438,0.05938475,0.78118265,0.001164443027859912,0.014324835322580226,2.8250299,1.0,2.4020154,-0.1875081842521348,-37.57286833828869,0.04002398,0.7676947,0.013253200219822386,0.03054285581065299,-0.016218020488072762
Astrocyte,Microglia,LGALS3,LAG3,3.0475125,0.0,5.9437914,0.6071183952230589,-36.49450417109751,0.3396309,0.8018413,0.0011484096280568023,0.03481345260631459,1.5214111,0.0,2.2538686,0.8352474886691257,29.805229358545695,0.66878474,0.76196986,4.371082049422696e-06,0.0495378544134661,-0.01472440180715151
Astrocyte,Pericyte,LGALS3,ENG,2.7138784,0.0,2.6901603,0.046134468504555215,-46.43465719328568,0.0785522,0.73134744,0.0014635669028462556,0.04991344632797987,1.1155603,0.0,0.8187522,0.1957651644808993,25.447524372619185,0.1414014,0.65863085,2.6225541445581198e-05,0.06410783497683857,-0.014194388648858698
Endothelial,Endothelial,SPARC,ENG,5.1025085,0.0,15.255615,0.4797278242114652,-23.798135420782632,0.19581692,0.8663591,0.0006416885089616461,0.008773248639682355,3.3912835,0.0,8.276301,0.22484154679117943,-32.89249459868489,0.13790525,0.8598306,0.00010205432939973779,0.021844608574935663,-0.013071359935253308
Pericyte,Endothelial,SPARC,ENG,4.7679105,0.0,14.0382,0.43022498771702744,41.22217777831385,0.1801905,0.8614709,4.252623927120245e-05,0.010566029157072306,3.618229,0.0,9.000527,0.27696901349231284,-10.586007796352302,0.14997277,0.8648098,3.290130820654929e-05,0.02142563966660787,-0.010859610509535563
Endothelial,Microglia,APP,CD74,3.2673366,0.934,8.868093,0.07421839873076258,-inf,0.032922555,0.8317246,0.02943625748655731,0.024689778951432984,2.5998483,0.0,6.556487,0.13902389432885273,-249.59703363576878,0.028451942,0.8451966,0.0004262478558909938,0.034620382502007704,-0.009930603550574721
Microglia,Astrocyte,APP,CD74,9.440636,0.0,17.37173,0.026061546044769984,inf,0.06449208,0.8737016,0.000945685504,0.0019170701207947478,6.8255787,0.0,5.16413,-0.07772966681555571,208.71714001404902,0.022409795,0.82892877,0.00018123473998045441,0.00925757729823697,-0.007340507177442222
Astrocyte,Oligodendrocyte,FN1,MAG,8.286024,0.0,17.231861,2.103579465834194,109.47554406248558,0.2763078,0.8732549,4.252623927120245e-05,0.0021551935194643696,8.392984,0.0,5.1665187,2.970232803334432,33.008449259178974,0.13568276,0.82896143,4.371082049422696e-06,0.008982175543033788,-0.006826982023569419
Pericyte,Pericyte,SPARC,ENG,4.1341543,0.0,4.257319,0.024681384427252873,27.2459833987321,0.05464578,0.77399164,0.0009730949046645326,0.018990222381326888,3.0519753,0.39,2.612206,-0.1353807175510014,-15.266381535956107,0.043526314,0.77509075,0.00021358588942726315,0.025790718465225196,-0.006800496083898308
Astrocyte,Oligodendrocyte,LGALS3,ENG,2.6056514,0.0,1.6347202,-0.023116426045823257,-47.00410084101984,0.04773354,0.6797025,0.0015760390275726265,0.062433611372953626,1.048224,0.0,0.5806465,0.1467317267929581,24.796863663469804,0.1002797,0.6190173,3.170082658592041e-05,0.06911017109323883,-0.006676559720285205
Oligodendrocyte,Pericyte,APP,CD74,3.144435,0.885,3.157178,1.0208185141617976,-inf,0.011720937,0.7467794,0.09071339887272793,0.028887176500453873,4.3339553,0.0,1.6417761,1.6219434964216335,-502.5723036996573,0.007124503,0.7320552,0.0005565664087121052,0.032551132513610685,-0.003663956013156812
Oligodendrocyte,Oligodendrocyte,FN1,MAG,7.912578,0.0,5.6869674,1.9219918798073676,87.63507107443044,0.091188826,0.79830885,4.252623927120245e-05,0.009268862969925878,8.3597765,0.0,4.0724907,2.9463289848573933,28.50357351354849,0.10695148,0.81142753,4.371082049422696e-06,0.012878064115467037,-0.0036092011455411584
Oligodendrocyte,Astrocyte,PSAP,GPR37L1,5.4848337,0.0,17.96894,0.6998440990975769,-53.86344762529523,0.23072284,0.87555474,0.0017503576102069842,0.005290139772003326,5.220092,0.0,19.387514,1.1546241408737963,-10.642639477284394,0.26944005,0.90374094,3.4148613699676824e-05,0.00818039003540949,-0.0028902502634061645
Endothelial,Astrocyte,SPARC,ENG,4.3236895,0.0,2.1935847,-0.018636256674081753,-39.28145927760369,0.028156253,0.71083397,0.0014979843255698822,0.04023795294779863,2.7114143,1.0,1.2233734,-0.27024189030599244,-38.38795716496777,0.020384662,0.7022409,0.022768484802282565,0.04291844537905827,-0.0026804924312596387
Pericyte,Astrocyte,APP,CD74,9.470085,0.0,18.426702,0.041630327593901645,inf,0.06840862,0.87691873,0.0008051357206864808,0.0018031839740588656,7.1453547,0.0,13.645718,0.07823444668043161,211.92728009984444,0.059215724,0.8873445,7.739459615703227e-05,0.004333879901049498,-0.002530695926990632
Astrocyte,Astrocyte,APP,CD74,9.55746,0.0,21.556696,0.08783347179821056,inf,0.08002864,0.88513803,0.0005532089838597774,0.001692752010770084,7.1795034,0.0,14.551457,0.09489035303954269,249.7917352076804,0.0631462,0.8905168,5.161962998682203e-05,0.004144780424785821,-0.002452028414015737
Microglia,Oligodendrocyte,APOE,LSR,14.5903635,0.0,5.9564767,-0.07762462610141269,101.6531893716916,0.03271012,0.80201066,0.003053629395675049,0.008773248639682355,17.198547,0.0,4.614677,-0.08941872267108703,inf,0.025671888,0.8208043,0.00018561483830585558,0.010995154711820799,-0.0022219060721384437
Endothelial,Astrocyte,APP,CD74,9.917172,0.0,34.442596,0.27807486035034407,inf,0.12786719,0.9068965,4.596371271208658e-05,0.0015857778542306697,7.7056785,0.0,28.507477,0.3515211003974993,214.12939874639463,0.12370848,0.9192551,9.075779367504416e-06,0.003779056189513546,-0.0021932783352828764
Oligodendrocyte,Oligodendrocyte,PSAP,GPR37,5.5043178,0.0,18.31831,2.208947990619709,-53.727213114965366,0.29629263,0.8766,0.001728580486595846,0.00510105608795929,6.228785,0.0,35.575005,3.410943727091481,-11.993403651300529,0.28922114,0.9271023,3.6749276758333146e-05,0.0069257320524445404,-0.0018246759644852508
Endothelial,Oligodendrocyte,SPARC,ENG,4.3605256,0.0,2.8113813,0.004933326371312219,-38.34377344809854,0.036086123,0.7356552,0.0011970128973660193,0.030654366049489568,2.7576935,1.0,1.7034725,-0.23654162194007602,-38.22352904743807,0.028384393,0.7356577,0.020860737552107284,0.032043336420748726,-0.0013889703712591586
Pericyte,Oligodendrocyte,FN1,MAG,7.9409056,0.0,6.5627007,1.9357665011017415,91.67074799130846,0.10523095,0.8095934,4.252623927120245e-05,0.007592561378106864,8.400661,0.0,5.419436,2.9757582855101625,29.33615051539063,0.14232486,0.832323,4.371082049422696e-06,0.00844357815349653,-0.0008510167753896661
Oligodendrocyte,Astrocyte,APP,CD74,11.825059,0.0,102.788445,1.28693501209612,inf,0.38159928,0.9439064,3.054738740557841e-05,0.001382214486204989,10.867964,0.0,112.3824,1.8938790475350094,220.597639514504,0.48768455,0.9576348,4.371082049422696e-06,0.0022010226278875535,-0.0008188081416825646
Astrocyte,Oligodendrocyte,APOE,LSR,19.448019,0.0,7.9536715,0.04012519401256964,-103.14527219378637,0.043677755,0.8239709,0.005394985729118598,0.005482605176105019,24.617891,0.0,6.6132445,0.06394495053448274,-inf,0.036790114,0.84575963,0.004834131424743347,0.006222116561391482,-0.0007395113852864624
Microglia,Microglia,APOE,TREM2,16.540705,0.0,118.97935,0.6915879113216181,103.44273796390557,0.23557897,0.9476555,4.252623927120245e-05,0.00021441001044151858,19.835379,0.0,185.303,0.7720608823239684,inf,0.23349859,0.9666952,4.371082049422696e-06,0.0006996445148195607,-0.0004852345043780421
Endothelial,Oligodendrocyte,FN1,MAG,8.564681,0.0,25.846403,2.239094565558545,96.06515423686879,0.41443938,0.89404625,4.252623927120245e-05,0.0020344077677731612,8.876228,0.0,21.08682,3.318082304266584,41.81779886410883,0.5537807,0.907334,4.371082049422696e-06,0.0024831035598036734,-0.0004486957920305122
Microglia,Endothelial,APOE,LSR,15.13492,0.0,37.51369,0.413697242959846,105.77114034587274,0.20600724,0.91044027,4.252623927120245e-05,0.0006381647812561648,17.647009,0.0,35.345425,0.3622445804081782,inf,0.19662997,0.9268832,8.191029030538776e-06,0.0007792852578930996,-0.00014112047663693479
Astrocyte,Astrocyte,APOE,TREM2,19.623827,0.0,21.55772,0.10325178121038014,-111.19720551719404,0.04268426,0.8851405,0.006545863092886846,0.0005111898596353609,24.800549,0.0,24.550459,0.11374361016679088,-inf,0.03093581,0.9135325,0.005147932177736803,0.0006242711917793726,-0.00011308133214401163
Astrocyte,Endothelial,APOE,LSR,19.992577,0.0,50.09196,0.5314470630738284,-99.02732121960523,0.27508107,0.9215503,0.002851402211301885,4.4378602970652155e-05,25.066353,0.0,50.653152,0.515608253613748,-inf,0.28178835,0.9381783,0.0005276618810999948,0.00010619389219344147,-6.181528922278932e-05
Oligodendrocyte,Microglia,APP,CD74,5.1752234,0.0,26.46541,1.0830785504765386,-inf,0.09825212,0.89516205,0.002851402211301885,0.007143693852780441,5.7621336,0.0,25.847036,1.6813818414663628,-243.1287928676594,0.11216347,0.9155437,0.00041791074117146384,0.007168478725625822,-2.478487284538096e-05
Astrocyte,Microglia,APOE,TREM2,21.398361,0.0,158.8729,0.8093377314356004,-101.3557236015724,0.31456813,0.9543803,0.002851402211301885,1.7772510683184855e-06,27.254723,0.0,265.55576,0.9254245555295382,-inf,0.33462438,0.97202575,0.0005276618810999948,2.1714907790346123e-06,-3.942397107161268e-07
Oligodendrocyte,Microglia,BSG,SLC16A1,0.12968315,1.0,0.016816797,-0.48949452938644666,-inf,0.00054443994,0.17711471,1.0,1.0,0.15270975,1.0,0.02328903,-0.6721687244068747,-inf,0.00028444445,0.24551065,1.0,1.0,0.0
Microglia,Pericyte,CAMP,IGF1R,0.12968315,1.0,0.016816797,-0.48949452938644666,-inf,0.00054443994,0.17711471,1.0,1.0,0.15270975,1.0,0.02328903,-0.6721687244068747,-inf,0.00028444445,0.24551065,1.0,1.0,0.0
Oligodendrocyte,Microglia,CCL2,CCR3,0.12968315,1.0,0.016816797,-0.48949452938644666,-inf,0.00054443994,0.17711471,1.0,1.0,0.15270975,1.0,0.02328903,-0.6721687244068747,-inf,0.00028444445,0.24551065,1.0,1.0,0.0
Oligodendrocyte,Astrocyte,CXCL1,ACKR1,0.12968315,1.0,0.016816797,-0.48949452938644666,-inf,0.00054443994,0.17711471,1.0,1.0,0.15270975,1.0,0.02328903,-0.6721687244068747,-inf,0.00028444445,0.24551065,1.0,1.0,0.0
Oligodendrocyte,Oligodendrocyte,CCL11,CCR2,0.12968315,1.0,0.016816797,-0.48949452938644666,-inf,0.00054443994,0.17711471,1.0,1.0,0.15270975,1.0,0.02328903,-0.6721687244068747,-inf,0.00028444445,0.24551065,1.0,1.0,0.0
Microglia,Oligodendrocyte,GAST,CCKBR,0.12968315,1.0,0.016816797,-0.48949452938644666,-inf,0.00054443994,0.17711471,1.0,1.0,0.15270975,1.0,0.02328903,-0.6721687244068747,-inf,0.00028444445,0.24551065,1.0,1.0,0.0
Oligodendrocyte,Oligodendrocyte,CCL11,CCR3,0.12968315,1.0,0.016816797,-0.48949452938644666,-inf,0.00054443994,0.17711471,1.0,1.0,0.15270975,1.0,0.02328903,-0.6721687244068747,-inf,0.00028444445,0.24551065,1.0,1.0,0.0
Oligodendrocyte,Oligodendrocyte,CCL5,ACKR1,0.12968315,1.0,0.016816797,-0.48949452938644666,-inf,0.00054443994,0.17711471,1.0,1.0,0.15270975,1.0,0.02328903,-0.6721687244068747,-inf,0.00028444445,0.24551065,1.0,1.0,0.0
Oligodendrocyte,Astrocyte,CCL8,CCR1,0.12968315,1.0,0.016816797,-0.48949452938644666,-inf,0.00054443994,0.17711471,1.0,1.0,0.15270975,1.0,0.02328903,-0.6721687244068747,-inf,0.00028444445,0.24551065,1.0,1.0,0.0
Oligodendrocyte,Oligodendrocyte,CCL5,CCR1,0.12968315,1.0,0.016816797,-0.48949452938644666,-inf,0.00054443994,0.17711471,1.0,1.0,0.15270975,1.0,0.02328903,-0.6721687244068747,-inf,0.00028444445,0.24551065,1.0,1.0,0.0
Oligodendrocyte,Astrocyte,CCL8,ACKR1,0.12968315,1.0,0.016816797,-0.48949452938644666,-inf,0.00054443994,0.17711471,1.0,1.0,0.15270975,1.0,0.02328903,-0.6721687244068747,-inf,0.00028444445,0.24551065,1.0,1.0,0.0
Microglia,Pericyte,CCL1,ACKR1,0.12968315,1.0,0.016816797,-0.48949452938644666,-inf,0.00054443994,0.17711471,1.0,1.0,0.15270975,1.0,0.02328903,-0.6721687244068747,-inf,0.00028444445,0.24551065,1.0,1.0,0.0
Oligodendrocyte,Oligodendrocyte,CCL5,CCR3,0.12968315,1.0,0.016816797,-0.48949452938644666,-inf,0.00054443994,0.17711471,1.0,1.0,0.15270975,1.0,0.02328903,-0.6721687244068747,-inf,0.00028444445,0.24551065,1.0,1.0,0.0
Microglia,Oligodendrocyte,CYTL1,CCR2,0.12968315,1.0,0.016816797,-0.48949452938644666,-inf,0.00054443994,0.17711471,1.0,1.0,0.15270975,1.0,0.02328903,-0.6721687244068747,-inf,0.00028444445,0.24551065,1.0,1.0,0.0
Oligodendrocyte,Oligodendrocyte,CCL5,CCR5,0.12968315,1.0,0.016816797,-0.48949452938644666,-inf,0.00054443994,0.17711471,1.0,1.0,0.15270975,1.0,0.02328903,-0.6721687244068747,-inf,0.00028444445,0.24551065,1.0,1.0,0.0
Oligodendrocyte,Oligodendrocyte,CCL5,SDC4,0.12968315,1.0,0.016816797,-0.48949452938644666,-inf,0.00054443994,0.17711471,1.0,1.0,0.15270975,1.0,0.02328903,-0.6721687244068747,-inf,0.00028444445,0.24551065,1.0,1.0,0.0
Oligodendrocyte,Oligodendrocyte,CCL7,ACKR1,0.12968315,1.0,0.016816797,-0.48949452938644666,-inf,0.00054443994,0.17711471,1.0,1.0,0.15270975,1.0,0.02328903,-0.6721687244068747,-inf,0.00028444445,0.24551065,1.0,1.0,0.0
Oligodendrocyte,Oligodendrocyte,CCL2,ACKR1,0.12968315,1.0,0.016816797,-0.48949452938644666,-inf,0.00054443994,0.17711471,1.0,1.0,0.15270975,1.0,0.02328903,-0.6721687244068747,-inf,0.00028444445,0.24551065,1.0,1.0,0.0
Microglia,Oligodendrocyte,CXCL9,CCR3,0.12968315,1.0,0.016816797,-0.48949452938644666,-inf,0.00054443994,0.17711471,1.0,1.0,0.15270975,1.0,0.02328903,-0.6721687244068747,-inf,0.00028444445,0.24551065,1.0,1.0,0.0
Oligodendrocyte,Oligodendrocyte,CCL7,CCR1,0.12968315,1.0,0.016816797,-0.48949452938644666,-inf,0.00054443994,0.17711471,1.0,1.0,0.15270975,1.0,0.02328903,-0.6721687244068747,-inf,0.00028444445,0.24551065,1.0,1.0,0.0
Oligodendrocyte,Oligodendrocyte,CCL7,CCR2,0.12968315,1.0,0.016816797,-0.48949452938644666,-inf,0.00054443994,0.17711471,1.0,1.0,0.15270975,1.0,0.02328903,-0.6721687244068747,-inf,0.00028444445,0.24551065,1.0,1.0,0.0
Oligodendrocyte,Oligodendrocyte,CCL7,CCR3,0.12968315,1.0,0.016816797,-0.48949452938644666,-inf,0.00054443994,0.17711471,1.0,1.0,0.15270975,1.0,0.02328903,-0.6721687244068747,-inf,0.00028444445,0.24551065,1.0,1.0,0.0
Oligodendrocyte,Oligodendrocyte,CCL7,CCR5,0.12968315,1.0,0.016816797,-0.48949452938644666,-inf,0.00054443994,0.17711471,1.0,1.0,0.15270975,1.0,0.02328903,-0.6721687244068747,-inf,0.00028444445,0.24551065,1.0,1.0,0.0
Microglia,Oligodendrocyte,EDN1,ADGRL4,0.12968315,1.0,0.016816797,-0.48949452938644666,-inf,0.00054443994,0.17711471,1.0,1.0,0.15270975,1.0,0.02328903,-0.6721687244068747,-inf,0.00028444445,0.24551065,1.0,1.0,0.0
Oligodendrocyte,Microglia,CCL2,CCR2,0.12968315,1.0,0.016816797,-0.48949452938644666,-inf,0.00054443994,0.17711471,1.0,1.0,0.15270975,1.0,0.02328903,-0.6721687244068747,-inf,0.00028444445,0.24551065,1.0,1.0,0.0
Microglia,Pericyte,CCL11,ACKR1,0.12968315,1.0,0.016816797,-0.48949452938644666,-inf,0.00054443994,0.17711471,1.0,1.0,0.15270975,1.0,0.02328903,-0.6721687244068747,-inf,0.00028444445,0.24551065,1.0,1.0,0.0
Microglia,Pericyte,CCL3,CCR3,0.12968315,1.0,0.016816797,-0.48949452938644666,-inf,0.00054443994,0.17711471,1.0,1.0,0.15270975,1.0,0.02328903,-0.6721687244068747,-inf,0.00028444445,0.24551065,1.0,1.0,0.0
Oligodendrocyte,Oligodendrocyte,CAMP,IGF1R,0.12968315,1.0,0.016816797,-0.48949452938644666,-inf,0.00054443994,0.17711471,1.0,1.0,0.15270975,1.0,0.02328903,-0.6721687244068747,-inf,0.00028444445,0.24551065,1.0,1.0,0.0
Oligodendrocyte,Oligodendrocyte,CCL1,ACKR1,0.12968315,1.0,0.016816797,-0.48949452938644666,-inf,0.00054443994,0.17711471,1.0,1.0,0.15270975,1.0,0.02328903,-0.6721687244068747,-inf,0.00028444445,0.24551065,1.0,1.0,0.0
Oligodendrocyte,Astrocyte,CD177,PECAM1,0.12968315,1.0,0.016816797,-0.48949452938644666,-inf,0.00054443994,0.17711471,1.0,1.0,0.15270975,1.0,0.02328903,-0.6721687244068747,-inf,0.00028444445,0.24551065,1.0,1.0,0.0
Microglia,Pericyte,CALCB,RAMP2,0.12968315,1.0,0.016816797,-0.48949452938644666,-inf,0.00054443994,0.17711471,1.0,1.0,0.15270975,1.0,0.02328903,-0.6721687244068747,-inf,0.00028444445,0.24551065,1.0,1.0,0.0
Microglia,Pericyte,CAMP,FPR2,0.12968315,1.0,0.016816797,-0.48949452938644666,-inf,0.00054443994,0.17711471,1.0,1.0,0.15270975,1.0,0.02328903,-0.6721687244068747,-inf,0.00028444445,0.24551065,1.0,1.0,0.0
Microglia,Pericyte,CCL3,CCR5,0.12968315,1.0,0.016816797,-0.48949452938644666,-inf,0.00054443994,0.17711471,1.0,1.0,0.15270975,1.0,0.02328903,-0.6721687244068747,-inf,0.00028444445,0.24551065,1.0,1.0,0.0
Oligodendrocyte,Astrocyte,CXCL1,CXCR1,0.12968315,1.0,0.016816797,-0.48949452938644666,-inf,0.00054443994,0.17711471,1.0,1.0,0.15270975,1.0,0.02328903,-0.6721687244068747,-inf,0.00028444445,0.24551065,1.0,1.0,0.0
Oligodendrocyte,Microglia,CCL5,CCR1,0.12968315,1.0,0.016816797,-0.48949452938644666,-inf,0.00054443994,0.17711471,1.0,1.0,0.15270975,1.0,0.02328903,-0.6721687244068747,-inf,0.00028444445,0.24551065,1.0,1.0,0.0
Oligodendrocyte,Microglia,CCL5,CCR5,0.12968315,1.0,0.016816797,-0.48949452938644666,-inf,0.00054443994,0.17711471,1.0,1.0,0.15270975,1.0,0.02328903,-0.6721687244068747,-inf,0.00028444445,0.24551065,1.0,1.0,0.0
Oligodendrocyte,Microglia,APOB,TREM2,0.12968315,1.0,0.016816797,-0.48949452938644666,-inf,0.00054443994,0.17711471,1.0,1.0,0.15270975,1.0,0.02328903,-0.6721687244068747,-inf,0.00028444445,0.24551065,1.0,1.0,0.0
Microglia,Pericyte,BMP8A,TGFBR1,0.12968315,1.0,0.016816797,-0.48949452938644666,-inf,0.00054443994,0.17711471,1.0,1.0,0.15270975,1.0,0.02328903,-0.6721687244068747,-inf,0.00028444445,0.24551065,1.0,1.0,0.0
Oligodendrocyte,Microglia,APOB,LSR,0.12968315,1.0,0.016816797,-0.48949452938644666,-inf,0.00054443994,0.17711471,1.0,1.0,0.15270975,1.0,0.02328903,-0.6721687244068747,-inf,0.00028444445,0.24551065,1.0,1.0,0.0
Microglia,Pericyte,B2M,KLRD1,0.12968315,1.0,0.016816797,-0.48949452938644666,-inf,0.00054443994,0.17711471,1.0,1.0,0.15270975,1.0,0.02328903,-0.6721687244068747,-inf,0.00028444445,0.24551065,1.0,1.0,0.0
Microglia,Pericyte,CCL4,CCR1,0.12968315,1.0,0.016816797,-0.48949452938644666,-inf,0.00054443994,0.17711471,1.0,1.0,0.15270975,1.0,0.02328903,-0.6721687244068747,-inf,0.00028444445,0.24551065,1.0,1.0,0.0
Oligodendrocyte,Microglia,ANXA1,FPR1,0.12968315,1.0,0.016816797,-0.48949452938644666,-inf,0.00054443994,0.17711471,1.0,1.0,0.15270975,1.0,0.02328903,-0.6721687244068747,-inf,0.00028444445,0.24551065,1.0,1.0,0.0
Oligodendrocyte,Microglia,CCL5,SDC4,0.12968315,1.0,0.016816797,-0.48949452938644666,-inf,0.00054443994,0.17711471,1.0,1.0,0.15270975,1.0,0.02328903,-0.6721687244068747,-inf,0.00028444445,0.24551065,1.0,1.0,0.0
Oligodendrocyte,Microglia,CCL7,ACKR1,0.12968315,1.0,0.016816797,-0.48949452938644666,-inf,0.00054443994,0.17711471,1.0,1.0,0.15270975,1.0,0.02328903,-0.6721687244068747,-inf,0.00028444445,0.24551065,1.0,1.0,0.0
Oligodendrocyte,Oligodendrocyte,CCL11,ACKR1,0.12968315,1.0,0.016816797,-0.48949452938644666,-inf,0.00054443994,0.17711471,1.0,1.0,0.15270975,1.0,0.02328903,-0.6721687244068747,-inf,0.00028444445,0.24551065,1.0,1.0,0.0
Microglia,Pericyte,B2M,KLRC2,0.12968315,1.0,0.016816797,-0.48949452938644666,-inf,0.00054443994,0.17711471,1.0,1.0,0.15270975,1.0,0.02328903,-0.6721687244068747,-inf,0.00028444445,0.24551065,1.0,1.0,0.0
Oligodendrocyte,Microglia,CCL4,CCR3,0.12968315,1.0,0.016816797,-0.48949452938644666,-inf,0.00054443994,0.17711471,1.0,1.0,0.15270975,1.0,0.02328903,-0.6721687244068747,-inf,0.00028444445,0.24551065,1.0,1.0,0.0
Oligodendrocyte,Microglia,CCL7,CCR3,0.12968315,1.0,0.016816797,-0.48949452938644666,-inf,0.00054443994,0.17711471,1.0,1.0,0.15270975,1.0,0.02328903,-0.6721687244068747,-inf,0.00028444445,0.24551065,1.0,1.0,0.0
Microglia,Pericyte,CALCA,GPR84,0.12968315,1.0,0.016816797,-0.48949452938644666,-inf,0.00054443994,0.17711471,1.0,1.0,0.15270975,1.0,0.02328903,-0.6721687244068747,-inf,0.00028444445,0.24551065,1.0,1.0,0.0
Oligodendrocyte,Microglia,CCL3,CCR3,0.12968315,1.0,0.016816797,-0.48949452938644666,-inf,0.00054443994,0.17711471,1.0,1.0,0.15270975,1.0,0.02328903,-0.6721687244068747,-inf,0.00028444445,0.24551065,1.0,1.0,0.0
Microglia,Oligodendrocyte,CXCL5,CXCR2,0.12968315,1.0,0.016816797,-0.48949452938644666,-inf,0.00054443994,0.17711471,1.0,1.0,0.15270975,1.0,0.02328903,-0.6721687244068747,-inf,0.00028444445,0.24551065,1.0,1.0,0.0
Oligodendrocyte,Oligodendrocyte,CAMP,FPR2,0.12968315,1.0,0.016816797,-0.48949452938644666,-inf,0.00054443994,0.17711471,1.0,1.0,0.15270975,1.0,0.02328903,-0.6721687244068747,-inf,0.00028444445,0.24551065,1.0,1.0,0.0
Oligodendrocyte,Astrocyte,CCL7,ACKR1,0.12968315,1.0,0.016816797,-0.48949452938644666,-inf,0.00054443994,0.17711471,1.0,1.0,0.15270975,1.0,0.02328903,-0.6721687244068747,-inf,0.00028444445,0.24551065,1.0,1.0,0.0
Oligodendrocyte,Oligodendrocyte,CCL4,GPR152,0.12968315,1.0,0.016816797,-0.48949452938644666,-inf,0.00054443994,0.17711471,1.0,1.0,0.15270975,1.0,0.02328903,-0.6721687244068747,-inf,0.00028444445,0.24551065,1.0,1.0,0.0
Oligodendrocyte,Oligodendrocyte,CCL24,CCR3,0.12968315,1.0,0.016816797,-0.48949452938644666,-inf,0.00054443994,0.17711471,1.0,1.0,0.15270975,1.0,0.02328903,-0.6721687244068747,-inf,0.00028444445,0.24551065,1.0,1.0,0.0
Oligodendrocyte,Microglia,MSMP,CCR2,0.12968315,1.0,0.016816797,-0.48949452938644666,-inf,0.00054443994,0.17711471,1.0,1.0,0.15270975,1.0,0.02328903,-0.6721687244068747,-inf,0.00028444445,0.24551065,1.0,1.0,0.0
Oligodendrocyte,Microglia,HP,ASGR1,0.12968315,1.0,0.016816797,-0.48949452938644666,-inf,0.00054443994,0.17711471,1.0,1.0,0.15270975,1.0,0.02328903,-0.6721687244068747,-inf,0.00028444445,0.24551065,1.0,1.0,0.0
Oligodendrocyte,Oligodendrocyte,ANGPTL4,SDC4,0.12968315,1.0,0.016816797,-0.48949452938644666,-inf,0.00054443994,0.17711471,1.0,1.0,0.15270975,1.0,0.02328903,-0.6721687244068747,-inf,0.00028444445,0.24551065,1.0,1.0,0.0
Oligodendrocyte,Microglia,EDN1,EDNRB,0.12968315,1.0,0.016816797,-0.48949452938644666,-inf,0.00054443994,0.17711471,1.0,1.0,0.15270975,1.0,0.02328903,-0.6721687244068747,-inf,0.00028444445,0.24551065,1.0,1.0,0.0
Microglia,Oligodendrocyte,SCT,RAMP2,0.12968315,1.0,0.016816797,-0.48949452938644666,-inf,0.00054443994,0.17711471,1.0,1.0,0.15270975,1.0,0.02328903,-0.6721687244068747,-inf,0.00028444445,0.24551065,1.0,1.0,0.0
Microglia,Oligodendrocyte,SELPLG,SELL,0.12968315,1.0,0.016816797,-0.48949452938644666,-inf,0.00054443994,0.17711471,1.0,1.0,0.15270975,1.0,0.02328903,-0.6721687244068747,-inf,0.00028444445,0.24551065,1.0,1.0,0.0
Oligodendrocyte,Microglia,HDC,HRH3,0.12968315,1.0,0.016816797,-0.48949452938644666,-inf,0.00054443994,0.17711471,1.0,1.0,0.15270975,1.0,0.02328903,-0.6721687244068747,-inf,0.00028444445,0.24551065,1.0,1.0,0.0
Oligodendrocyte,Microglia,GZMA,F2RL1,0.12968315,1.0,0.016816797,-0.48949452938644666,-inf,0.00054443994,0.17711471,1.0,1.0,0.15270975,1.0,0.02328903,-0.6721687244068747,-inf,0.00028444445,0.24551065,1.0,1.0,0.0
Oligodendrocyte,Microglia,GAST,GPR152,0.12968315,1.0,0.016816797,-0.48949452938644666,-inf,0.00054443994,0.17711471,1.0,1.0,0.15270975,1.0,0.02328903,-0.6721687244068747,-inf,0.00028444445,0.24551065,1.0,1.0,0.0
Oligodendrocyte,Astrocyte,CCL8,CCR3,0.12968315,1.0,0.016816797,-0.48949452938644666,-inf,0.00054443994,0.17711471,1.0,1.0,0.15270975,1.0,0.02328903,-0.6721687244068747,-inf,0.00028444445,0.24551065,1.0,1.0,0.0
Oligodendrocyte,Oligodendrocyte,ANXA1,FPR1,0.12968315,1.0,0.016816797,-0.48949452938644666,-inf,0.00054443994,0.17711471,1.0,1.0,0.15270975,1.0,0.02328903,-0.6721687244068747,-inf,0.00028444445,0.24551065,1.0,1.0,0.0
Oligodendrocyte,Oligodendrocyte,APOB,LSR,0.12968315,1.0,0.016816797,-0.48949452938644666,-inf,0.00054443994,0.17711471,1.0,1.0,0.15270975,1.0,0.02328903,-0.6721687244068747,-inf,0.00028444445,0.24551065,1.0,1.0,0.0
Oligodendrocyte,Microglia,FN1,CD79A,0.12968315,1.0,0.016816797,-0.48949452938644666,-inf,0.00054443994,0.17711471,1.0,1.0,0.15270975,1.0,0.02328903,-0.6721687244068747,-inf,0.00028444445,0.24551065,1.0,1.0,0.0
Microglia,Oligodendrocyte,SNCA,LAG3,0.12968315,1.0,0.016816797,-0.48949452938644666,-inf,0.00054443994,0.17711471,1.0,1.0,0.15270975,1.0,0.02328903,-0.6721687244068747,-inf,0.00028444445,0.24551065,1.0,1.0,0.0
Oligodendrocyte,Microglia,FGL1,LAG3,0.12968315,1.0,0.016816797,-0.48949452938644666,-inf,0.00054443994,0.17711471,1.0,1.0,0.15270975,1.0,0.02328903,-0.6721687244068747,-inf,0.00028444445,0.24551065,1.0,1.0,0.0
Oligodendrocyte,Microglia,F10,F3,0.12968315,1.0,0.016816797,-0.48949452938644666,-inf,0.00054443994,0.17711471,1.0,1.0,0.15270975,1.0,0.02328903,-0.6721687244068747,-inf,0.00028444445,0.24551065,1.0,1.0,0.0
Oligodendrocyte,Microglia,ADM,RAMP2,0.12968315,1.0,0.016816797,-0.48949452938644666,-inf,0.00054443994,0.17711471,1.0,1.0,0.15270975,1.0,0.02328903,-0.6721687244068747,-inf,0.00028444445,0.24551065,1.0,1.0,0.0
Oligodendrocyte,Microglia,NPY,NPY5R,0.12968315,1.0,0.016816797,-0.48949452938644666,-inf,0.00054443994,0.17711471,1.0,1.0,0.15270975,1.0,0.02328903,-0.6721687244068747,-inf,0.00028444445,0.24551065,1.0,1.0,0.0
Oligodendrocyte,Microglia,IL6,MUSK,0.12968315,1.0,0.016816797,-0.48949452938644666,-inf,0.00054443994,0.17711471,1.0,1.0,0.15270975,1.0,0.02328903,-0.6721687244068747,-inf,0.00028444445,0.24551065,1.0,1.0,0.0
Oligodendrocyte,Microglia,PGLYRP1,TREM1,0.12968315,1.0,0.016816797,-0.48949452938644666,-inf,0.00054443994,0.17711471,1.0,1.0,0.15270975,1.0,0.02328903,-0.6721687244068747,-inf,0.00028444445,0.24551065,1.0,1.0,0.0
Oligodendrocyte,Microglia,ITIH2,FCER1A,0.12968315,1.0,0.016816797,-0.48949452938644666,-inf,0.00054443994,0.17711471,1.0,1.0,0.15270975,1.0,0.02328903,-0.6721687244068747,-inf,0.00028444445,0.24551065,1.0,1.0,0.0
Oligodendrocyte,Microglia,GAST,CCKBR,0.12968315,1.0,0.016816797,-0.48949452938644666,-inf,0.00054443994,0.17711471,1.0,1.0,0.15270975,1.0,0.02328903,-0.6721687244068747,-inf,0.00028444445,0.24551065,1.0,1.0,0.0
Microglia,Oligodendrocyte,FN1,CD79A,0.12968315,1.0,0.016816797,-0.48949452938644666,-inf,0.00054443994,0.17711471,1.0,1.0,0.15270975,1.0,0.02328903,-0.6721687244068747,-inf,0.00028444445,0.24551065,1.0,1.0,0.0
Oligodendrocyte,Astrocyte,CCL8,CCR2,0.12968315,1.0,0.016816797,-0.48949452938644666,-inf,0.00054443994,0.17711471,1.0,1.0,0.15270975,1.0,0.02328903,-0.6721687244068747,-inf,0.00028444445,0.24551065,1.0,1.0,0.0
Oligodendrocyte,Oligodendrocyte,CCL28,CCR3,0.12968315,1.0,0.016816797,-0.48949452938644666,-inf,0.00054443994,0.17711471,1.0,1.0,0.15270975,1.0,0.02328903,-0.6721687244068747,-inf,0.00028444445,0.24551065,1.0,1.0,0.0
Oligodendrocyte,Oligodendrocyte,CCL4,CCR3,0.12968315,1.0,0.016816797,-0.48949452938644666,-inf,0.00054443994,0.17711471,1.0,1.0,0.15270975,1.0,0.02328903,-0.6721687244068747,-inf,0.00028444445,0.24551065,1.0,1.0,0.0
Oligodendrocyte,Oligodendrocyte,CCL2,CCR1,0.12968315,1.0,0.016816797,-0.48949452938644666,-inf,0.00054443994,0.17711471,1.0,1.0,0.15270975,1.0,0.02328903,-0.6721687244068747,-inf,0.00028444445,0.24551065,1.0,1.0,0.0
Microglia,Oligodendrocyte,CXCL9,ACKR1,0.12968315,1.0,0.016816797,-0.48949452938644666,-inf,0.00054443994,0.17711471,1.0,1.0,0.15270975,1.0,0.02328903,-0.6721687244068747,-inf,0.00028444445,0.24551065,1.0,1.0,0.0
Oligodendrocyte,Microglia,CCL5,ACKR1,0.12968315,1.0,0.016816797,-0.48949452938644666,-inf,0.00054443994,0.17711471,1.0,1.0,0.15270975,1.0,0.02328903,-0.6721687244068747,-inf,0.00028444445,0.24551065,1.0,1.0,0.0
Oligodendrocyte,Oligodendrocyte,CCL17,ACKR1,0.12968315,1.0,0.016816797,-0.48949452938644666,-inf,0.00054443994,0.17711471,1.0,1.0,0.15270975,1.0,0.02328903,-0.6721687244068747,-inf,0.00028444445,0.24551065,1.0,1.0,0.0
Oligodendrocyte,Oligodendrocyte,APP,FPR2,0.12968315,1.0,0.016816797,-0.48949452938644666,-inf,0.00054443994,0.17711471,1.0,1.0,0.15270975,1.0,0.02328903,-0.6721687244068747,-inf,0.00028444445,0.24551065,1.0,1.0,0.0
Oligodendrocyte,Astrocyte,CCL8,CCR5,0.12968315,1.0,0.016816797,-0.48949452938644666,-inf,0.00054443994,0.17711471,1.0,1.0,0.15270975,1.0,0.02328903,-0.6721687244068747,-inf,0.00028444445,0.24551065,1.0,1.0,0.0
Oligodendrocyte,Oligodendrocyte,B2M,KLRC1,0.12968315,1.0,0.016816797,-0.48949452938644666,-inf,0.00054443994,0.17711471,1.0,1.0,0.15270975,1.0,0.02328903,-0.6721687244068747,-inf,0.00028444445,0.24551065,1.0,1.0,0.0
Oligodendrocyte,Oligodendrocyte,CCL11,CCR5,0.12968315,1.0,0.016816797,-0.48949452938644666,-inf,0.00054443994,0.17711471,1.0,1.0,0.15270975,1.0,0.02328903,-0.6721687244068747,-inf,0.00028444445,0.24551065,1.0,1.0,0.0
Microglia,Oligodendrocyte,GZMA,F2RL1,0.12968315,1.0,0.016816797,-0.48949452938644666,-inf,0.00054443994,0.17711471,1.0,1.0,0.15270975,1.0,0.02328903,-0.6721687244068747,-inf,0.00028444445,0.24551065,1.0,1.0,0.0
Microglia,Oligodendrocyte,HDC,HRH3,0.12968315,1.0,0.016816797,-0.48949452938644666,-inf,0.00054443994,0.17711471,1.0,1.0,0.15270975,1.0,0.02328903,-0.6721687244068747,-inf,0.00028444445,0.24551065,1.0,1.0,0.0
Microglia,Oligodendrocyte,LGALS3,LAG3,0.12968315,1.0,0.016816797,-0.48949452938644666,-inf,0.00054443994,0.17711471,1.0,1.0,0.15270975,1.0,0.02328903,-0.6721687244068747,-inf,0.00028444445,0.24551065,1.0,1.0,0.0
Microglia,Oligodendrocyte,ITIH2,FCER1A,0.12968315,1.0,0.016816797,-0.48949452938644666,-inf,0.00054443994,0.17711471,1.0,1.0,0.15270975,1.0,0.02328903,-0.6721687244068747,-inf,0.00028444445,0.24551065,1.0,1.0,0.0
Microglia,Oligodendrocyte,IL6,MUSK,0.12968315,1.0,0.016816797,-0.48949452938644666,-inf,0.00054443994,0.17711471,1.0,1.0,0.15270975,1.0,0.02328903,-0.6721687244068747,-inf,0.00028444445,0.24551065,1.0,1.0,0.0
Microglia,Oligodendrocyte,IL6,F3,0.12968315,1.0,0.016816797,-0.48949452938644666,-inf,0.00054443994,0.17711471,1.0,1.0,0.15270975,1.0,0.02328903,-0.6721687244068747,-inf,0.00028444445,0.24551065,1.0,1.0,0.0
Microglia,Oligodendrocyte,IL34,PTPRZ1,0.12968315,1.0,0.016816797,-0.48949452938644666,-inf,0.00054443994,0.17711471,1.0,1.0,0.15270975,1.0,0.02328903,-0.6721687244068747,-inf,0.00028444445,0.24551065,1.0,1.0,0.0
Oligodendrocyte,Microglia,TNF,FAS,0.12968315,1.0,0.016816797,-0.48949452938644666,-inf,0.00054443994,0.17711471,1.0,1.0,0.15270975,1.0,0.02328903,-0.6721687244068747,-inf,0.00028444445,0.24551065,1.0,1.0,0.0
Microglia,Oligodendrocyte,HSPA1A,GRIN2D,0.12968315,1.0,0.016816797,-0.48949452938644666,-inf,0.00054443994,0.17711471,1.0,1.0,0.15270975,1.0,0.02328903,-0.6721687244068747,-inf,0.00028444445,0.24551065,1.0,1.0,0.0
Oligodendrocyte,Oligodendrocyte,ADM,GPR84,0.12968315,1.0,0.016816797,-0.48949452938644666,-inf,0.00054443994,0.17711471,1.0,1.0,0.15270975,1.0,0.02328903,-0.6721687244068747,-inf,0.00028444445,0.24551065,1.0,1.0,0.0
Oligodendrocyte,Oligodendrocyte,ADM,RAMP1,0.12968315,1.0,0.016816797,-0.48949452938644666,-inf,0.00054443994,0.17711471,1.0,1.0,0.15270975,1.0,0.02328903,-0.6721687244068747,-inf,0.00028444445,0.24551065,1.0,1.0,0.0
Oligodendrocyte,Oligodendrocyte,ADM,RAMP2,0.12968315,1.0,0.016816797,-0.48949452938644666,-inf,0.00054443994,0.17711471,1.0,1.0,0.15270975,1.0,0.02328903,-0.6721687244068747,-inf,0.00028444445,0.24551065,1.0,1.0,0.0
Oligodendrocyte,Oligodendrocyte,ANGPTL4,GPIHBP1,0.12968315,1.0,0.016816797,-0.48949452938644666,-inf,0.00054443994,0.17711471,1.0,1.0,0.15270975,1.0,0.02328903,-0.6721687244068747,-inf,0.00028444445,0.24551065,1.0,1.0,0.0
Oligodendrocyte,Oligodendrocyte,CCL3,CCR1,0.12968315,1.0,0.016816797,-0.48949452938644666,-inf,0.00054443994,0.17711471,1.0,1.0,0.15270975,1.0,0.02328903,-0.6721687244068747,-inf,0.00028444445,0.24551065,1.0,1.0,0.0
Oligodendrocyte,Oligodendrocyte,CCL19,CCR7,0.12968315,1.0,0.016816797,-0.48949452938644666,-inf,0.00054443994,0.17711471,1.0,1.0,0.15270975,1.0,0.02328903,-0.6721687244068747,-inf,0.00028444445,0.24551065,1.0,1.0,0.0
Oligodendrocyte,Oligodendrocyte,CALCB,RAMP2,0.12968315,1.0,0.016816797,-0.48949452938644666,-inf,0.00054443994,0.17711471,1.0,1.0,0.15270975,1.0,0.02328903,-0.6721687244068747,-inf,0.00028444445,0.24551065,1.0,1.0,0.0
Oligodendrocyte,Oligodendrocyte,CALCB,RAMP1,0.12968315,1.0,0.016816797,-0.48949452938644666,-inf,0.00054443994,0.17711471,1.0,1.0,0.15270975,1.0,0.02328903,-0.6721687244068747,-inf,0.00028444445,0.24551065,1.0,1.0,0.0
Oligodendrocyte,Oligodendrocyte,CALCB,GPR84,0.12968315,1.0,0.016816797,-0.48949452938644666,-inf,0.00054443994,0.17711471,1.0,1.0,0.15270975,1.0,0.02328903,-0.6721687244068747,-inf,0.00028444445,0.24551065,1.0,1.0,0.0
Microglia,Pericyte,CXCL3,CXCR2,0.12968315,1.0,0.016816797,-0.48949452938644666,-inf,0.00054443994,0.17711471,1.0,1.0,0.15270975,1.0,0.02328903,-0.6721687244068747,-inf,0.00028444445,0.24551065,1.0,1.0,0.0
Oligodendrocyte,Astrocyte,CXCL9,ACKR1,0.12968315,1.0,0.016816797,-0.48949452938644666,-inf,0.00054443994,0.17711471,1.0,1.0,0.15270975,1.0,0.02328903,-0.6721687244068747,-inf,0.00028444445,0.24551065,1.0,1.0,0.0
Oligodendrocyte,Endothelial,CXCL9,CCR3,0.12968315,1.0,0.016816797,-0.48949452938644666,-inf,0.00054443994,0.17711471,1.0,1.0,0.15270975,1.0,0.02328903,-0.6721687244068747,-inf,0.00028444445,0.24551065,1.0,1.0,0.0
Oligodendrocyte,Endothelial,CYTL1,CCR2,0.12968315,1.0,0.016816797,-0.48949452938644666,-inf,0.00054443994,0.17711471,1.0,1.0,0.15270975,1.0,0.02328903,-0.6721687244068747,-inf,0.00028444445,0.24551065,1.0,1.0,0.0
Oligodendrocyte,Oligodendrocyte,CCL8,ACKR1,0.12968315,1.0,0.016816797,-0.48949452938644666,-inf,0.00054443994,0.17711471,1.0,1.0,0.15270975,1.0,0.02328903,-0.6721687244068747,-inf,0.00028444445,0.24551065,1.0,1.0,0.0
Oligodendrocyte,Pericyte,CCL5,CCR5,0.12968315,1.0,0.016816797,-0.48949452938644666,-inf,0.00054443994,0.17711471,1.0,1.0,0.15270975,1.0,0.02328903,-0.6721687244068747,-inf,0.00028444445,0.24551065,1.0,1.0,0.0
Oligodendrocyte,Oligodendrocyte,CCL8,CCR2,0.12968315,1.0,0.016816797,-0.48949452938644666,-inf,0.00054443994,0.17711471,1.0,1.0,0.15270975,1.0,0.02328903,-0.6721687244068747,-inf,0.00028444445,0.24551065,1.0,1.0,0.0
Pericyte,Microglia,PENK,OPRL1,0.12968315,1.0,0.016816797,-0.48949452938644666,-inf,0.00054443994,0.17711471,1.0,1.0,0.15270975,1.0,0.02328903,-0.6721687244068747,-inf,0.00028444445,0.24551065,1.0,1.0,0.0
Oligodendrocyte,Endothelial,CXCL9,ACKR1,0.12968315,1.0,0.016816797,-0.48949452938644666,-inf,0.00054443994,0.17711471,1.0,1.0,0.15270975,1.0,0.02328903,-0.6721687244068747,-inf,0.00028444445,0.24551065,1.0,1.0,0.0
Oligodendrocyte,Astrocyte,HP,ASGR1,0.12968315,1.0,0.016816797,-0.48949452938644666,-inf,0.00054443994,0.17711471,1.0,1.0,0.15270975,1.0,0.02328903,-0.6721687244068747,-inf,0.00028444445,0.24551065,1.0,1.0,0.0
Oligodendrocyte,Astrocyte,CXCL9,CCR3,0.12968315,1.0,0.016816797,-0.48949452938644666,-inf,0.00054443994,0.17711471,1.0,1.0,0.15270975,1.0,0.02328903,-0.6721687244068747,-inf,0.00028444445,0.24551065,1.0,1.0,0.0
Pericyte,Microglia,CXCL9,ACKR1,0.12968315,1.0,0.016816797,-0.48949452938644666,-inf,0.00054443994,0.17711471,1.0,1.0,0.15270975,1.0,0.02328903,-0.6721687244068747,-inf,0.00028444445,0.24551065,1.0,1.0,0.0
Pericyte,Oligodendrocyte,CCL24,CCR3,0.12968315,1.0,0.016816797,-0.48949452938644666,-inf,0.00054443994,0.17711471,1.0,1.0,0.15270975,1.0,0.02328903,-0.6721687244068747,-inf,0.00028444445,0.24551065,1.0,1.0,0.0
Pericyte,Oligodendrocyte,CCL28,CCR3,0.12968315,1.0,0.016816797,-0.48949452938644666,-inf,0.00054443994,0.17711471,1.0,1.0,0.15270975,1.0,0.02328903,-0.6721687244068747,-inf,0.00028444445,0.24551065,1.0,1.0,0.0
Pericyte,Oligodendrocyte,CCL3,CCR1,0.12968315,1.0,0.016816797,-0.48949452938644666,-inf,0.00054443994,0.17711471,1.0,1.0,0.15270975,1.0,0.02328903,-0.6721687244068747,-inf,0.00028444445,0.24551065,1.0,1.0,0.0
Pericyte,Oligodendrocyte,CCL3,CCR3,0.12968315,1.0,0.016816797,-0.48949452938644666,-inf,0.00054443994,0.17711471,1.0,1.0,0.15270975,1.0,0.02328903,-0.6721687244068747,-inf,0.00028444445,0.24551065,1.0,1.0,0.0
Pericyte,Oligodendrocyte,CCL3,CCR5,0.12968315,1.0,0.016816797,-0.48949452938644666,-inf,0.00054443994,0.17711471,1.0,1.0,0.15270975,1.0,0.02328903,-0.6721687244068747,-inf,0.00028444445,0.24551065,1.0,1.0,0.0
Pericyte,Oligodendrocyte,CCL4,CCR1,0.12968315,1.0,0.016816797,-0.48949452938644666,-inf,0.00054443994,0.17711471,1.0,1.0,0.15270975,1.0,0.02328903,-0.6721687244068747,-inf,0.00028444445,0.24551065,1.0,1.0,0.0
Pericyte,Oligodendrocyte,CCL4,CCR3,0.12968315,1.0,0.016816797,-0.48949452938644666,-inf,0.00054443994,0.17711471,1.0,1.0,0.15270975,1.0,0.02328903,-0.6721687244068747,-inf,0.00028444445,0.24551065,1.0,1.0,0.0
Pericyte,Oligodendrocyte,CCL4,CCR5,0.12968315,1.0,0.016816797,-0.48949452938644666,-inf,0.00054443994,0.17711471,1.0,1.0,0.15270975,1.0,0.02328903,-0.6721687244068747,-inf,0.00028444445,0.24551065,1.0,1.0,0.0
Pericyte,Oligodendrocyte,CCL4,GPR152,0.12968315,1.0,0.016816797,-0.48949452938644666,-inf,0.00054443994,0.17711471,1.0,1.0,0.15270975,1.0,0.02328903,-0.6721687244068747,-inf,0.00028444445,0.24551065,1.0,1.0,0.0
Pericyte,Oligodendrocyte,CCL5,ACKR1,0.12968315,1.0,0.016816797,-0.48949452938644666,-inf,0.00054443994,0.17711471,1.0,1.0,0.15270975,1.0,0.02328903,-0.6721687244068747,-inf,0.00028444445,0.24551065,1.0,1.0,0.0
Pericyte,Microglia,CYTL1,CCR2,0.12968315,1.0,0.016816797,-0.48949452938644666,-inf,0.00054443994,0.17711471,1.0,1.0,0.15270975,1.0,0.02328903,-0.6721687244068747,-inf,0.00028444445,0.24551065,1.0,1.0,0.0
Microglia,Pericyte,CXCL5,ACKR1,0.12968315,1.0,0.016816797,-0.48949452938644666,-inf,0.00054443994,0.17711471,1.0,1.0,0.15270975,1.0,0.02328903,-0.6721687244068747,-inf,0.00028444445,0.24551065,1.0,1.0,0.0
Oligodendrocyte,Endothelial,CXCL5,CXCR2,0.12968315,1.0,0.016816797,-0.48949452938644666,-inf,0.00054443994,0.17711471,1.0,1.0,0.15270975,1.0,0.02328903,-0.6721687244068747,-inf,0.00028444445,0.24551065,1.0,1.0,0.0
Pericyte,Microglia,PGLYRP1,TREM1,0.12968315,1.0,0.016816797,-0.48949452938644666,-inf,0.00054443994,0.17711471,1.0,1.0,0.15270975,1.0,0.02328903,-0.6721687244068747,-inf,0.00028444445,0.24551065,1.0,1.0,0.0
Pericyte,Microglia,PPBP,ACKR1,0.12968315,1.0,0.016816797,-0.48949452938644666,-inf,0.00054443994,0.17711471,1.0,1.0,0.15270975,1.0,0.02328903,-0.6721687244068747,-inf,0.00028444445,0.24551065,1.0,1.0,0.0
Pericyte,Microglia,S100A4,CCR5,0.12968315,1.0,0.016816797,-0.48949452938644666,-inf,0.00054443994,0.17711471,1.0,1.0,0.15270975,1.0,0.02328903,-0.6721687244068747,-inf,0.00028444445,0.24551065,1.0,1.0,0.0
Pericyte,Microglia,SAA1,FPR2,0.12968315,1.0,0.016816797,-0.48949452938644666,-inf,0.00054443994,0.17711471,1.0,1.0,0.15270975,1.0,0.02328903,-0.6721687244068747,-inf,0.00028444445,0.24551065,1.0,1.0,0.0
Pericyte,Microglia,SCT,GPR84,0.12968315,1.0,0.016816797,-0.48949452938644666,-inf,0.00054443994,0.17711471,1.0,1.0,0.15270975,1.0,0.02328903,-0.6721687244068747,-inf,0.00028444445,0.24551065,1.0,1.0,0.0
Pericyte,Microglia,SCT,RAMP2,0.12968315,1.0,0.016816797,-0.48949452938644666,-inf,0.00054443994,0.17711471,1.0,1.0,0.15270975,1.0,0.02328903,-0.6721687244068747,-inf,0.00028444445,0.24551065,1.0,1.0,0.0
Pericyte,Microglia,SELPLG,SELL,0.12968315,1.0,0.016816797,-0.48949452938644666,-inf,0.00054443994,0.17711471,1.0,1.0,0.15270975,1.0,0.02328903,-0.6721687244068747,-inf,0.00028444445,0.24551065,1.0,1.0,0.0
Pericyte,Microglia,SNCA,LAG3,0.12968315,1.0,0.016816797,-0.48949452938644666,-inf,0.00054443994,0.17711471,1.0,1.0,0.15270975,1.0,0.02328903,-0.6721687244068747,-inf,0.00028444445,0.24551065,1.0,1.0,0.0
Pericyte,Microglia,NTS,NTSR2,0.12968315,1.0,0.016816797,-0.48949452938644666,-inf,0.00054443994,0.17711471,1.0,1.0,0.15270975,1.0,0.02328903,-0.6721687244068747,-inf,0.00028444445,0.24551065,1.0,1.0,0.0
Pericyte,Microglia,NPY,NPY5R,0.12968315,1.0,0.016816797,-0.48949452938644666,-inf,0.00054443994,0.17711471,1.0,1.0,0.15270975,1.0,0.02328903,-0.6721687244068747,-inf,0.00028444445,0.24551065,1.0,1.0,0.0
Pericyte,Microglia,SAA1,FPR1,0.12968315,1.0,0.016816797,-0.48949452938644666,-inf,0.00054443994,0.17711471,1.0,1.0,0.15270975,1.0,0.02328903,-0.6721687244068747,-inf,0.00028444445,0.24551065,1.0,1.0,0.0
Pericyte,Microglia,CXCL5,CXCR2,0.12968315,1.0,0.016816797,-0.48949452938644666,-inf,0.00054443994,0.17711471,1.0,1.0,0.15270975,1.0,0.02328903,-0.6721687244068747,-inf,0.00028444445,0.24551065,1.0,1.0,0.0
Pericyte,Microglia,PNOC,OPRL1,0.12968315,1.0,0.016816797,-0.48949452938644666,-inf,0.00054443994,0.17711471,1.0,1.0,0.15270975,1.0,0.02328903,-0.6721687244068747,-inf,0.00028444445,0.24551065,1.0,1.0,0.0
Pericyte,Microglia,PF4,ACKR1,0.12968315,1.0,0.016816797,-0.48949452938644666,-inf,0.00054443994,0.17711471,1.0,1.0,0.15270975,1.0,0.02328903,-0.6721687244068747,-inf,0.00028444445,0.24551065,1.0,1.0,0.0
Microglia,Pericyte,CYTL1,CCR2,0.12968315,1.0,0.016816797,-0.48949452938644666,-inf,0.00054443994,0.17711471,1.0,1.0,0.15270975,1.0,0.02328903,-0.6721687244068747,-inf,0.00028444445,0.24551065,1.0,1.0,0.0
Microglia,Pericyte,CXCL9,CCR3,0.12968315,1.0,0.016816797,-0.48949452938644666,-inf,0.00054443994,0.17711471,1.0,1.0,0.15270975,1.0,0.02328903,-0.6721687244068747,-inf,0.00028444445,0.24551065,1.0,1.0,0.0
Microglia,Pericyte,CXCL9,ACKR1,0.12968315,1.0,0.016816797,-0.48949452938644666,-inf,0.00054443994,0.17711471,1.0,1.0,0.15270975,1.0,0.02328903,-0.6721687244068747,-inf,0.00028444445,0.24551065,1.0,1.0,0.0
Oligodendrocyte,Endothelial,CXCL3,ACKR1,0.12968315,1.0,0.016816797,-0.48949452938644666,-inf,0.00054443994,0.17711471,1.0,1.0,0.15270975,1.0,0.02328903,-0.6721687244068747,-inf,0.00028444445,0.24551065,1.0,1.0,0.0
Oligodendrocyte,Endothelial,CXCL3,CXCR1,0.12968315,1.0,0.016816797,-0.48949452938644666,-inf,0.00054443994,0.17711471,1.0,1.0,0.15270975,1.0,0.02328903,-0.6721687244068747,-inf,0.00028444445,0.24551065,1.0,1.0,0.0
Microglia,Pericyte,CXCL5,CXCR2,0.12968315,1.0,0.016816797,-0.48949452938644666,-inf,0.00054443994,0.17711471,1.0,1.0,0.15270975,1.0,0.02328903,-0.6721687244068747,-inf,0.00028444445,0.24551065,1.0,1.0,0.0
Oligodendrocyte,Endothelial,CXCL3,CXCR2,0.12968315,1.0,0.016816797,-0.48949452938644666,-inf,0.00054443994,0.17711471,1.0,1.0,0.15270975,1.0,0.02328903,-0.6721687244068747,-inf,0.00028444445,0.24551065,1.0,1.0,0.0
Oligodendrocyte,Endothelial,CXCL5,ACKR1,0.12968315,1.0,0.016816797,-0.48949452938644666,-inf,0.00054443994,0.17711471,1.0,1.0,0.15270975,1.0,0.02328903,-0.6721687244068747,-inf,0.00028444445,0.24551065,1.0,1.0,0.0
Oligodendrocyte,Endothelial,CXCL5,CXCR1,0.12968315,1.0,0.016816797,-0.48949452938644666,-inf,0.00054443994,0.17711471,1.0,1.0,0.15270975,1.0,0.02328903,-0.6721687244068747,-inf,0.00028444445,0.24551065,1.0,1.0,0.0
Microglia,Pericyte,CXCL5,CXCR1,0.12968315,1.0,0.016816797,-0.48949452938644666,-inf,0.00054443994,0.17711471,1.0,1.0,0.15270975,1.0,0.02328903,-0.6721687244068747,-inf,0.00028444445,0.24551065,1.0,1.0,0.0
Pericyte,Oligodendrocyte,CCL24,CCR2,0.12968315,1.0,0.016816797,-0.48949452938644666,-inf,0.00054443994,0.17711471,1.0,1.0,0.15270975,1.0,0.02328903,-0.6721687244068747,-inf,0.00028444445,0.24551065,1.0,1.0,0.0
Pericyte,Oligodendrocyte,CCL5,CCR1,0.12968315,1.0,0.016816797,-0.48949452938644666,-inf,0.00054443994,0.17711471,1.0,1.0,0.15270975,1.0,0.02328903,-0.6721687244068747,-inf,0.00028444445,0.24551065,1.0,1.0,0.0
Pericyte,Oligodendrocyte,CCL5,CCR5,0.12968315,1.0,0.016816797,-0.48949452938644666,-inf,0.00054443994,0.17711471,1.0,1.0,0.15270975,1.0,0.02328903,-0.6721687244068747,-inf,0.00028444445,0.24551065,1.0,1.0,0.0
Pericyte,Oligodendrocyte,CCL5,SDC4,0.12968315,1.0,0.016816797,-0.48949452938644666,-inf,0.00054443994,0.17711471,1.0,1.0,0.15270975,1.0,0.02328903,-0.6721687244068747,-inf,0.00028444445,0.24551065,1.0,1.0,0.0
Pericyte,Microglia,ITIH2,FCER1A,0.12968315,1.0,0.016816797,-0.48949452938644666,-inf,0.00054443994,0.17711471,1.0,1.0,0.15270975,1.0,0.02328903,-0.6721687244068747,-inf,0.00028444445,0.24551065,1.0,1.0,0.0
Pericyte,Microglia,LPL,GPIHBP1,0.12968315,1.0,0.016816797,-0.48949452938644666,-inf,0.00054443994,0.17711471,1.0,1.0,0.15270975,1.0,0.02328903,-0.6721687244068747,-inf,0.00028444445,0.24551065,1.0,1.0,0.0
Pericyte,Microglia,MFGE8,PDGFRB,0.12968315,1.0,0.016816797,-0.48949452938644666,-inf,0.00054443994,0.17711471,1.0,1.0,0.15270975,1.0,0.02328903,-0.6721687244068747,-inf,0.00028444445,0.24551065,1.0,1.0,0.0
Pericyte,Microglia,MSMP,CCR2,0.12968315,1.0,0.016816797,-0.48949452938644666,-inf,0.00054443994,0.17711471,1.0,1.0,0.15270975,1.0,0.02328903,-0.6721687244068747,-inf,0.00028444445,0.24551065,1.0,1.0,0.0
Pericyte,Microglia,TDGF1,ACVR1C,0.12968315,1.0,0.016816797,-0.48949452938644666,-inf,0.00054443994,0.17711471,1.0,1.0,0.15270975,1.0,0.02328903,-0.6721687244068747,-inf,0.00028444445,0.24551065,1.0,1.0,0.0
Pericyte,Microglia,HSPA1A,GRIN2D,0.12968315,1.0,0.016816797,-0.48949452938644666,-inf,0.00054443994,0.17711471,1.0,1.0,0.15270975,1.0,0.02328903,-0.6721687244068747,-inf,0.00028444445,0.24551065,1.0,1.0,0.0
Pericyte,Microglia,CXCL2,ACKR1,0.12968315,1.0,0.016816797,-0.48949452938644666,-inf,0.00054443994,0.17711471,1.0,1.0,0.15270975,1.0,0.02328903,-0.6721687244068747,-inf,0.00028444445,0.24551065,1.0,1.0,0.0
Oligodendrocyte,Astrocyte,HDC,HRH3,0.12968315,1.0,0.016816797,-0.48949452938644666,-inf,0.00054443994,0.17711471,1.0,1.0,0.15270975,1.0,0.02328903,-0.6721687244068747,-inf,0.00028444445,0.24551065,1.0,1.0,0.0
Oligodendrocyte,Astrocyte,MSMP,CCR2,0.12968315,1.0,0.016816797,-0.48949452938644666,-inf,0.00054443994,0.17711471,1.0,1.0,0.15270975,1.0,0.02328903,-0.6721687244068747,-inf,0.00028444445,0.24551065,1.0,1.0,0.0
Oligodendrocyte,Microglia,CCL24,CCR2,0.12968315,1.0,0.016816797,-0.48949452938644666,-inf,0.00054443994,0.17711471,1.0,1.0,0.15270975,1.0,0.02328903,-0.6721687244068747,-inf,0.00028444445,0.24551065,1.0,1.0,0.0
Oligodendrocyte,Microglia,CCL24,CCR3,0.12968315,1.0,0.016816797,-0.48949452938644666,-inf,0.00054443994,0.17711471,1.0,1.0,0.15270975,1.0,0.02328903,-0.6721687244068747,-inf,0.00028444445,0.24551065,1.0,1.0,0.0
Oligodendrocyte,Microglia,CCL28,CCR3,0.12968315,1.0,0.016816797,-0.48949452938644666,-inf,0.00054443994,0.17711471,1.0,1.0,0.15270975,1.0,0.02328903,-0.6721687244068747,-inf,0.00028444445,0.24551065,1.0,1.0,0.0
Microglia,Pericyte,CALCB,RAMP1,0.12968315,1.0,0.016816797,-0.48949452938644666,-inf,0.00054443994,0.17711471,1.0,1.0,0.15270975,1.0,0.02328903,-0.6721687244068747,-inf,0.00028444445,0.24551065,1.0,1.0,0.0
Oligodendrocyte,Microglia,CXCL9,CCR3,0.12968315,1.0,0.016816797,-0.48949452938644666,-inf,0.00054443994,0.17711471,1.0,1.0,0.15270975,1.0,0.02328903,-0.6721687244068747,-inf,0.00028444445,0.24551065,1.0,1.0,0.0
Microglia,Pericyte,CALCB,GPR84,0.12968315,1.0,0.016816797,-0.48949452938644666,-inf,0.00054443994,0.17711471,1.0,1.0,0.15270975,1.0,0.02328903,-0.6721687244068747,-inf,0.00028444445,0.24551065,1.0,1.0,0.0
Oligodendrocyte,Microglia,CCL5,CCR3,0.12968315,1.0,0.016816797,-0.48949452938644666,-inf,0.00054443994,0.17711471,1.0,1.0,0.15270975,1.0,0.02328903,-0.6721687244068747,-inf,0.00028444445,0.24551065,1.0,1.0,0.0
Oligodendrocyte,Astrocyte,GAST,GPR152,0.12968315,1.0,0.016816797,-0.48949452938644666,-inf,0.00054443994,0.17711471,1.0,1.0,0.15270975,1.0,0.02328903,-0.6721687244068747,-inf,0.00028444445,0.24551065,1.0,1.0,0.0
Oligodendrocyte,Microglia,EDN1,ADGRL4,0.12968315,1.0,0.016816797,-0.48949452938644666,-inf,0.00054443994,0.17711471,1.0,1.0,0.15270975,1.0,0.02328903,-0.6721687244068747,-inf,0.00028444445,0.24551065,1.0,1.0,0.0
Oligodendrocyte,Oligodendrocyte,B2M,KLRC2,0.12968315,1.0,0.016816797,-0.48949452938644666,-inf,0.00054443994,0.17711471,1.0,1.0,0.15270975,1.0,0.02328903,-0.6721687244068747,-inf,0.00028444445,0.24551065,1.0,1.0,0.0
Oligodendrocyte,Oligodendrocyte,B2M,KLRD1,0.12968315,1.0,0.016816797,-0.48949452938644666,-inf,0.00054443994,0.17711471,1.0,1.0,0.15270975,1.0,0.02328903,-0.6721687244068747,-inf,0.00028444445,0.24551065,1.0,1.0,0.0
Oligodendrocyte,Oligodendrocyte,BMP8A,TGFBR1,0.12968315,1.0,0.016816797,-0.48949452938644666,-inf,0.00054443994,0.17711471,1.0,1.0,0.15270975,1.0,0.02328903,-0.6721687244068747,-inf,0.00028444445,0.24551065,1.0,1.0,0.0
Microglia,Oligodendrocyte,GAST,GPR152,0.12968315,1.0,0.016816797,-0.48949452938644666,-inf,0.00054443994,0.17711471,1.0,1.0,0.15270975,1.0,0.02328903,-0.6721687244068747,-inf,0.00028444445,0.24551065,1.0,1.0,0.0
Oligodendrocyte,Oligodendrocyte,CALCA,GPR84,0.12968315,1.0,0.016816797,-0.48949452938644666,-inf,0.00054443994,0.17711471,1.0,1.0,0.15270975,1.0,0.02328903,-0.6721687244068747,-inf,0.00028444445,0.24551065,1.0,1.0,0.0
Pericyte,Microglia,IL6,MUSK,0.12968315,1.0,0.016816797,-0.48949452938644666,-inf,0.00054443994,0.17711471,1.0,1.0,0.15270975,1.0,0.02328903,-0.6721687244068747,-inf,0.00028444445,0.24551065,1.0,1.0,0.0
Oligodendrocyte,Astrocyte,CFP,NCR1,0.12968315,1.0,0.016816797,-0.48949452938644666,-inf,0.00054443994,0.17711471,1.0,1.0,0.15270975,1.0,0.02328903,-0.6721687244068747,-inf,0.00028444445,0.24551065,1.0,1.0,0.0
Pericyte,Microglia,IL6,F3,0.12968315,1.0,0.016816797,-0.48949452938644666,-inf,0.00054443994,0.17711471,1.0,1.0,0.15270975,1.0,0.02328903,-0.6721687244068747,-inf,0.00028444445,0.24551065,1.0,1.0,0.0
Pericyte,Microglia,HP,CD163,0.12968315,1.0,0.016816797,-0.48949452938644666,-inf,0.00054443994,0.17711471,1.0,1.0,0.15270975,1.0,0.02328903,-0.6721687244068747,-inf,0.00028444445,0.24551065,1.0,1.0,0.0
Pericyte,Oligodendrocyte,CCL7,ACKR1,0.12968315,1.0,0.016816797,-0.48949452938644666,-inf,0.00054443994,0.17711471,1.0,1.0,0.15270975,1.0,0.02328903,-0.6721687244068747,-inf,0.00028444445,0.24551065,1.0,1.0,0.0
Pericyte,Oligodendrocyte,CCL7,CCR1,0.12968315,1.0,0.016816797,-0.48949452938644666,-inf,0.00054443994,0.17711471,1.0,1.0,0.15270975,1.0,0.02328903,-0.6721687244068747,-inf,0.00028444445,0.24551065,1.0,1.0,0.0
Pericyte,Oligodendrocyte,CCL7,CCR2,0.12968315,1.0,0.016816797,-0.48949452938644666,-inf,0.00054443994,0.17711471,1.0,1.0,0.15270975,1.0,0.02328903,-0.6721687244068747,-inf,0.00028444445,0.24551065,1.0,1.0,0.0
Pericyte,Oligodendrocyte,CCL7,CCR3,0.12968315,1.0,0.016816797,-0.48949452938644666,-inf,0.00054443994,0.17711471,1.0,1.0,0.15270975,1.0,0.02328903,-0.6721687244068747,-inf,0.00028444445,0.24551065,1.0,1.0,0.0
Pericyte,Oligodendrocyte,CCL7,CCR5,0.12968315,1.0,0.016816797,-0.48949452938644666,-inf,0.00054443994,0.17711471,1.0,1.0,0.15270975,1.0,0.02328903,-0.6721687244068747,-inf,0.00028444445,0.24551065,1.0,1.0,0.0
Pericyte,Oligodendrocyte,CCL8,ACKR1,0.12968315,1.0,0.016816797,-0.48949452938644666,-inf,0.00054443994,0.17711471,1.0,1.0,0.15270975,1.0,0.02328903,-0.6721687244068747,-inf,0.00028444445,0.24551065,1.0,1.0,0.0
Pericyte,Oligodendrocyte,CCL2,CCR2,0.12968315,1.0,0.016816797,-0.48949452938644666,-inf,0.00054443994,0.17711471,1.0,1.0,0.15270975,1.0,0.02328903,-0.6721687244068747,-inf,0.00028444445,0.24551065,1.0,1.0,0.0
Pericyte,Oligodendrocyte,CCL2,CCR1,0.12968315,1.0,0.016816797,-0.48949452938644666,-inf,0.00054443994,0.17711471,1.0,1.0,0.15270975,1.0,0.02328903,-0.6721687244068747,-inf,0.00028444445,0.24551065,1.0,1.0,0.0
Pericyte,Oligodendrocyte,CCL5,CCR3,0.12968315,1.0,0.016816797,-0.48949452938644666,-inf,0.00054443994,0.17711471,1.0,1.0,0.15270975,1.0,0.02328903,-0.6721687244068747,-inf,0.00028444445,0.24551065,1.0,1.0,0.0
Pericyte,Microglia,CXCL9,CCR3,0.12968315,1.0,0.016816797,-0.48949452938644666,-inf,0.00054443994,0.17711471,1.0,1.0,0.15270975,1.0,0.02328903,-0.6721687244068747,-inf,0.00028444445,0.24551065,1.0,1.0,0.0
Pericyte,Oligodendrocyte,CCL2,CCR5,0.12968315,1.0,0.016816797,-0.48949452938644666,-inf,0.00054443994,0.17711471,1.0,1.0,0.15270975,1.0,0.02328903,-0.6721687244068747,-inf,0.00028444445,0.24551065,1.0,1.0,0.0
Pericyte,Microglia,TNF,FAS,0.12968315,1.0,0.016816797,-0.48949452938644666,-inf,0.00054443994,0.17711471,1.0,1.0,0.15270975,1.0,0.02328903,-0.6721687244068747,-inf,0.00028444445,0.24551065,1.0,1.0,0.0
Pericyte,Microglia,EDN1,ADGRL4,0.12968315,1.0,0.016816797,-0.48949452938644666,-inf,0.00054443994,0.17711471,1.0,1.0,0.15270975,1.0,0.02328903,-0.6721687244068747,-inf,0.00028444445,0.24551065,1.0,1.0,0.0
Pericyte,Microglia,EDN1,EDNRB,0.12968315,1.0,0.016816797,-0.48949452938644666,-inf,0.00054443994,0.17711471,1.0,1.0,0.15270975,1.0,0.02328903,-0.6721687244068747,-inf,0.00028444445,0.24551065,1.0,1.0,0.0
Pericyte,Microglia,F10,F3,0.12968315,1.0,0.016816797,-0.48949452938644666,-inf,0.00054443994,0.17711471,1.0,1.0,0.15270975,1.0,0.02328903,-0.6721687244068747,-inf,0.00028444445,0.24551065,1.0,1.0,0.0
Pericyte,Microglia,FGL1,LAG3,0.12968315,1.0,0.016816797,-0.48949452938644666,-inf,0.00054443994,0.17711471,1.0,1.0,0.15270975,1.0,0.02328903,-0.6721687244068747,-inf,0.00028444445,0.24551065,1.0,1.0,0.0
Pericyte,Microglia,FN1,CD79A,0.12968315,1.0,0.016816797,-0.48949452938644666,-inf,0.00054443994,0.17711471,1.0,1.0,0.15270975,1.0,0.02328903,-0.6721687244068747,-inf,0.00028444445,0.24551065,1.0,1.0,0.0
Pericyte,Microglia,GAST,CCKBR,0.12968315,1.0,0.016816797,-0.48949452938644666,-inf,0.00054443994,0.17711471,1.0,1.0,0.15270975,1.0,0.02328903,-0.6721687244068747,-inf,0.00028444445,0.24551065,1.0,1.0,0.0
Pericyte,Microglia,GAST,GPR152,0.12968315,1.0,0.016816797,-0.48949452938644666,-inf,0.00054443994,0.17711471,1.0,1.0,0.15270975,1.0,0.02328903,-0.6721687244068747,-inf,0.00028444445,0.24551065,1.0,1.0,0.0
Pericyte,Microglia,GZMA,F2RL1,0.12968315,1.0,0.016816797,-0.48949452938644666,-inf,0.00054443994,0.17711471,1.0,1.0,0.15270975,1.0,0.02328903,-0.6721687244068747,-inf,0.00028444445,0.24551065,1.0,1.0,0.0
Pericyte,Microglia,HDC,HRH3,0.12968315,1.0,0.016816797,-0.48949452938644666,-inf,0.00054443994,0.17711471,1.0,1.0,0.15270975,1.0,0.02328903,-0.6721687244068747,-inf,0.00028444445,0.24551065,1.0,1.0,0.0
Pericyte,Microglia,HP,ASGR1,0.12968315,1.0,0.016816797,-0.48949452938644666,-inf,0.00054443994,0.17711471,1.0,1.0,0.15270975,1.0,0.02328903,-0.6721687244068747,-inf,0.00028444445,0.24551065,1.0,1.0,0.0
Pericyte,Oligodendrocyte,CCL2,CCR3,0.12968315,1.0,0.016816797,-0.48949452938644666,-inf,0.00054443994,0.17711471,1.0,1.0,0.15270975,1.0,0.02328903,-0.6721687244068747,-inf,0.00028444445,0.24551065,1.0,1.0,0.0
Pericyte,Microglia,IL34,PTPRZ1,0.12968315,1.0,0.016816797,-0.48949452938644666,-inf,0.00054443994,0.17711471,1.0,1.0,0.15270975,1.0,0.02328903,-0.6721687244068747,-inf,0.00028444445,0.24551065,1.0,1.0,0.0
Oligodendrocyte,Microglia,BMP8A,TGFBR1,0.12968315,1.0,0.016816797,-0.48949452938644666,-inf,0.00054443994,0.17711471,1.0,1.0,0.15270975,1.0,0.02328903,-0.6721687244068747,-inf,0.00028444445,0.24551065,1.0,1.0,0.0
Microglia,Oligodendrocyte,RLN3,RAMP2,0.12968315,1.0,0.016816797,-0.48949452938644666,-inf,0.00054443994,0.17711471,1.0,1.0,0.15270975,1.0,0.02328903,-0.6721687244068747,-inf,0.00028444445,0.24551065,1.0,1.0,0.0
Oligodendrocyte,Oligodendrocyte,APOB,TREM2,0.12968315,1.0,0.016816797,-0.48949452938644666,-inf,0.00054443994,0.17711471,1.0,1.0,0.15270975,1.0,0.02328903,-0.6721687244068747,-inf,0.00028444445,0.24551065,1.0,1.0,0.0
Oligodendrocyte,Endothelial,CCL7,CCR5,0.12968315,1.0,0.016816797,-0.48949452938644666,-inf,0.00054443994,0.17711471,1.0,1.0,0.15270975,1.0,0.02328903,-0.6721687244068747,-inf,0.00028444445,0.24551065,1.0,1.0,0.0
Microglia,Pericyte,PNOC,OPRL1,0.12968315,1.0,0.016816797,-0.48949452938644666,-inf,0.00054443994,0.17711471,1.0,1.0,0.15270975,1.0,0.02328903,-0.6721687244068747,-inf,0.00028444445,0.24551065,1.0,1.0,0.0
Oligodendrocyte,Astrocyte,CCL3,CCR3,0.12968315,1.0,0.016816797,-0.48949452938644666,-inf,0.00054443994,0.17711471,1.0,1.0,0.15270975,1.0,0.02328903,-0.6721687244068747,-inf,0.00028444445,0.24551065,1.0,1.0,0.0
Oligodendrocyte,Microglia,CCL8,CCR2,0.12968315,1.0,0.016816797,-0.48949452938644666,-inf,0.00054443994,0.17711471,1.0,1.0,0.15270975,1.0,0.02328903,-0.6721687244068747,-inf,0.00028444445,0.24551065,1.0,1.0,0.0
Oligodendrocyte,Endothelial,CCL7,CCR3,0.12968315,1.0,0.016816797,-0.48949452938644666,-inf,0.00054443994,0.17711471,1.0,1.0,0.15270975,1.0,0.02328903,-0.6721687244068747,-inf,0.00028444445,0.24551065,1.0,1.0,0.0
Oligodendrocyte,Endothelial,CCL7,CCR2,0.12968315,1.0,0.016816797,-0.48949452938644666,-inf,0.00054443994,0.17711471,1.0,1.0,0.15270975,1.0,0.02328903,-0.6721687244068747,-inf,0.00028444445,0.24551065,1.0,1.0,0.0
Oligodendrocyte,Endothelial,CCL7,CCR1,0.12968315,1.0,0.016816797,-0.48949452938644666,-inf,0.00054443994,0.17711471,1.0,1.0,0.15270975,1.0,0.02328903,-0.6721687244068747,-inf,0.00028444445,0.24551065,1.0,1.0,0.0
Microglia,Pericyte,PPBP,ACKR1,0.12968315,1.0,0.016816797,-0.48949452938644666,-inf,0.00054443994,0.17711471,1.0,1.0,0.15270975,1.0,0.02328903,-0.6721687244068747,-inf,0.00028444445,0.24551065,1.0,1.0,0.0
Oligodendrocyte,Microglia,CCL8,CCR1,0.12968315,1.0,0.016816797,-0.48949452938644666,-inf,0.00054443994,0.17711471,1.0,1.0,0.15270975,1.0,0.02328903,-0.6721687244068747,-inf,0.00028444445,0.24551065,1.0,1.0,0.0
Microglia,Pericyte,CCL4,CCR3,0.12968315,1.0,0.016816797,-0.48949452938644666,-inf,0.00054443994,0.17711471,1.0,1.0,0.15270975,1.0,0.02328903,-0.6721687244068747,-inf,0.00028444445,0.24551065,1.0,1.0,0.0
Oligodendrocyte,Microglia,CCL8,CCR3,0.12968315,1.0,0.016816797,-0.48949452938644666,-inf,0.00054443994,0.17711471,1.0,1.0,0.15270975,1.0,0.02328903,-0.6721687244068747,-inf,0.00028444445,0.24551065,1.0,1.0,0.0
Oligodendrocyte,Astrocyte,CSF3,CSF1R,0.12968315,1.0,0.016816797,-0.48949452938644666,-inf,0.00054443994,0.17711471,1.0,1.0,0.15270975,1.0,0.02328903,-0.6721687244068747,-inf,0.00028444445,0.24551065,1.0,1.0,0.0
Oligodendrocyte,Endothelial,CCL2,CCR1,0.12968315,1.0,0.016816797,-0.48949452938644666,-inf,0.00054443994,0.17711471,1.0,1.0,0.15270975,1.0,0.02328903,-0.6721687244068747,-inf,0.00028444445,0.24551065,1.0,1.0,0.0
Oligodendrocyte,Microglia,CXCL5,CXCR1,0.12968315,1.0,0.016816797,-0.48949452938644666,-inf,0.00054443994,0.17711471,1.0,1.0,0.15270975,1.0,0.02328903,-0.6721687244068747,-inf,0.00028444445,0.24551065,1.0,1.0,0.0
Oligodendrocyte,Microglia,CSF3,CSF1R,0.12968315,1.0,0.016816797,-0.48949452938644666,-inf,0.00054443994,0.17711471,1.0,1.0,0.15270975,1.0,0.02328903,-0.6721687244068747,-inf,0.00028444445,0.24551065,1.0,1.0,0.0
Microglia,Pericyte,PSAP,GPR37,0.12968315,1.0,0.016816797,-0.48949452938644666,-inf,0.00054443994,0.17711471,1.0,1.0,0.15270975,1.0,0.02328903,-0.6721687244068747,-inf,0.00028444445,0.24551065,1.0,1.0,0.0
Oligodendrocyte,Endothelial,CCL19,CCR7,0.12968315,1.0,0.016816797,-0.48949452938644666,-inf,0.00054443994,0.17711471,1.0,1.0,0.15270975,1.0,0.02328903,-0.6721687244068747,-inf,0.00028444445,0.24551065,1.0,1.0,0.0
Microglia,Pericyte,RLN3,GPR84,0.12968315,1.0,0.016816797,-0.48949452938644666,-inf,0.00054443994,0.17711471,1.0,1.0,0.15270975,1.0,0.02328903,-0.6721687244068747,-inf,0.00028444445,0.24551065,1.0,1.0,0.0
Microglia,Pericyte,RLN3,RAMP2,0.12968315,1.0,0.016816797,-0.48949452938644666,-inf,0.00054443994,0.17711471,1.0,1.0,0.15270975,1.0,0.02328903,-0.6721687244068747,-inf,0.00028444445,0.24551065,1.0,1.0,0.0
Oligodendrocyte,Microglia,CAMP,IGF1R,0.12968315,1.0,0.016816797,-0.48949452938644666,-inf,0.00054443994,0.17711471,1.0,1.0,0.15270975,1.0,0.02328903,-0.6721687244068747,-inf,0.00028444445,0.24551065,1.0,1.0,0.0
Microglia,Pericyte,S100A4,CCR5,0.12968315,1.0,0.016816797,-0.48949452938644666,-inf,0.00054443994,0.17711471,1.0,1.0,0.15270975,1.0,0.02328903,-0.6721687244068747,-inf,0.00028444445,0.24551065,1.0,1.0,0.0
Oligodendrocyte,Endothelial,APOB,TREM2,0.12968315,1.0,0.016816797,-0.48949452938644666,-inf,0.00054443994,0.17711471,1.0,1.0,0.15270975,1.0,0.02328903,-0.6721687244068747,-inf,0.00028444445,0.24551065,1.0,1.0,0.0
Oligodendrocyte,Endothelial,CCL2,CCR2,0.12968315,1.0,0.016816797,-0.48949452938644666,-inf,0.00054443994,0.17711471,1.0,1.0,0.15270975,1.0,0.02328903,-0.6721687244068747,-inf,0.00028444445,0.24551065,1.0,1.0,0.0
Oligodendrocyte,Astrocyte,EDN1,EDNRB,0.12968315,1.0,0.016816797,-0.48949452938644666,-inf,0.00054443994,0.17711471,1.0,1.0,0.15270975,1.0,0.02328903,-0.6721687244068747,-inf,0.00028444445,0.24551065,1.0,1.0,0.0
Microglia,Pericyte,PGLYRP1,TREM1,0.12968315,1.0,0.016816797,-0.48949452938644666,-inf,0.00054443994,0.17711471,1.0,1.0,0.15270975,1.0,0.02328903,-0.6721687244068747,-inf,0.00028444445,0.24551065,1.0,1.0,0.0
Oligodendrocyte,Endothelial,ADM,RAMP2,0.12968315,1.0,0.016816797,-0.48949452938644666,-inf,0.00054443994,0.17711471,1.0,1.0,0.15270975,1.0,0.02328903,-0.6721687244068747,-inf,0.00028444445,0.24551065,1.0,1.0,0.0
Oligodendrocyte,Astrocyte,CCL28,CCR3,0.12968315,1.0,0.016816797,-0.48949452938644666,-inf,0.00054443994,0.17711471,1.0,1.0,0.15270975,1.0,0.02328903,-0.6721687244068747,-inf,0.00028444445,0.24551065,1.0,1.0,0.0
Oligodendrocyte,Endothelial,CCL11,CCR2,0.12968315,1.0,0.016816797,-0.48949452938644666,-inf,0.00054443994,0.17711471,1.0,1.0,0.15270975,1.0,0.02328903,-0.6721687244068747,-inf,0.00028444445,0.24551065,1.0,1.0,0.0
Oligodendrocyte,Astrocyte,COL3A1,MAG,0.12968315,1.0,0.016816797,-0.48949452938644666,-inf,0.00054443994,0.17711471,1.0,1.0,0.15270975,1.0,0.02328903,-0.6721687244068747,-inf,0.00028444445,0.24551065,1.0,1.0,0.0
Oligodendrocyte,Endothelial,CCL11,ACKR1,0.12968315,1.0,0.016816797,-0.48949452938644666,-inf,0.00054443994,0.17711471,1.0,1.0,0.15270975,1.0,0.02328903,-0.6721687244068747,-inf,0.00028444445,0.24551065,1.0,1.0,0.0
Oligodendrocyte,Endothelial,CCL1,ACKR1,0.12968315,1.0,0.016816797,-0.48949452938644666,-inf,0.00054443994,0.17711471,1.0,1.0,0.15270975,1.0,0.02328903,-0.6721687244068747,-inf,0.00028444445,0.24551065,1.0,1.0,0.0
Oligodendrocyte,Endothelial,CAMP,FPR2,0.12968315,1.0,0.016816797,-0.48949452938644666,-inf,0.00054443994,0.17711471,1.0,1.0,0.15270975,1.0,0.02328903,-0.6721687244068747,-inf,0.00028444445,0.24551065,1.0,1.0,0.0
Microglia,Pericyte,RIMS1,SLC17A7,0.12968315,1.0,0.016816797,-0.48949452938644666,-inf,0.00054443994,0.17711471,1.0,1.0,0.15270975,1.0,0.02328903,-0.6721687244068747,-inf,0.00028444445,0.24551065,1.0,1.0,0.0
Oligodendrocyte,Microglia,CXCL9,ACKR1,0.12968315,1.0,0.016816797,-0.48949452938644666,-inf,0.00054443994,0.17711471,1.0,1.0,0.15270975,1.0,0.02328903,-0.6721687244068747,-inf,0.00028444445,0.24551065,1.0,1.0,0.0
Oligodendrocyte,Microglia,CSF2,CSF1R,0.12968315,1.0,0.016816797,-0.48949452938644666,-inf,0.00054443994,0.17711471,1.0,1.0,0.15270975,1.0,0.02328903,-0.6721687244068747,-inf,0.00028444445,0.24551065,1.0,1.0,0.0
Microglia,Pericyte,APOB,TREM2,0.12968315,1.0,0.016816797,-0.48949452938644666,-inf,0.00054443994,0.17711471,1.0,1.0,0.15270975,1.0,0.02328903,-0.6721687244068747,-inf,0.00028444445,0.24551065,1.0,1.0,0.0
Oligodendrocyte,Endothelial,CALCB,RAMP2,0.12968315,1.0,0.016816797,-0.48949452938644666,-inf,0.00054443994,0.17711471,1.0,1.0,0.15270975,1.0,0.02328903,-0.6721687244068747,-inf,0.00028444445,0.24551065,1.0,1.0,0.0
Microglia,Pericyte,APP,FPR2,0.12968315,1.0,0.016816797,-0.48949452938644666,-inf,0.00054443994,0.17711471,1.0,1.0,0.15270975,1.0,0.02328903,-0.6721687244068747,-inf,0.00028444445,0.24551065,1.0,1.0,0.0
Oligodendrocyte,Endothelial,CALCB,RAMP1,0.12968315,1.0,0.016816797,-0.48949452938644666,-inf,0.00054443994,0.17711471,1.0,1.0,0.15270975,1.0,0.02328903,-0.6721687244068747,-inf,0.00028444445,0.24551065,1.0,1.0,0.0
Oligodendrocyte,Endothelial,CALCB,GPR84,0.12968315,1.0,0.016816797,-0.48949452938644666,-inf,0.00054443994,0.17711471,1.0,1.0,0.15270975,1.0,0.02328903,-0.6721687244068747,-inf,0.00028444445,0.24551065,1.0,1.0,0.0
Oligodendrocyte,Endothelial,CALCA,GPR84,0.12968315,1.0,0.016816797,-0.48949452938644666,-inf,0.00054443994,0.17711471,1.0,1.0,0.15270975,1.0,0.02328903,-0.6721687244068747,-inf,0.00028444445,0.24551065,1.0,1.0,0.0
Microglia,Pericyte,SAA1,FPR1,0.12968315,1.0,0.016816797,-0.48949452938644666,-inf,0.00054443994,0.17711471,1.0,1.0,0.15270975,1.0,0.02328903,-0.6721687244068747,-inf,0.00028444445,0.24551065,1.0,1.0,0.0
Oligodendrocyte,Microglia,CD40LG,CD53,0.12968315,1.0,0.016816797,-0.48949452938644666,-inf,0.00054443994,0.17711471,1.0,1.0,0.15270975,1.0,0.02328903,-0.6721687244068747,-inf,0.00028444445,0.24551065,1.0,1.0,0.0
Oligodendrocyte,Astrocyte,CGA,RAMP2,0.12968315,1.0,0.016816797,-0.48949452938644666,-inf,0.00054443994,0.17711471,1.0,1.0,0.15270975,1.0,0.02328903,-0.6721687244068747,-inf,0.00028444445,0.24551065,1.0,1.0,0.0
Oligodendrocyte,Microglia,CD34,SELL,0.12968315,1.0,0.016816797,-0.48949452938644666,-inf,0.00054443994,0.17711471,1.0,1.0,0.15270975,1.0,0.02328903,-0.6721687244068747,-inf,0.00028444445,0.24551065,1.0,1.0,0.0
Oligodendrocyte,Microglia,CD177,PECAM1,0.12968315,1.0,0.016816797,-0.48949452938644666,-inf,0.00054443994,0.17711471,1.0,1.0,0.15270975,1.0,0.02328903,-0.6721687244068747,-inf,0.00028444445,0.24551065,1.0,1.0,0.0
Oligodendrocyte,Endothelial,ADM,GPR84,0.12968315,1.0,0.016816797,-0.48949452938644666,-inf,0.00054443994,0.17711471,1.0,1.0,0.15270975,1.0,0.02328903,-0.6721687244068747,-inf,0.00028444445,0.24551065,1.0,1.0,0.0
Oligodendrocyte,Endothelial,ADM,RAMP1,0.12968315,1.0,0.016816797,-0.48949452938644666,-inf,0.00054443994,0.17711471,1.0,1.0,0.15270975,1.0,0.02328903,-0.6721687244068747,-inf,0.00028444445,0.24551065,1.0,1.0,0.0
Oligodendrocyte,Microglia,CCL8,CCR5,0.12968315,1.0,0.016816797,-0.48949452938644666,-inf,0.00054443994,0.17711471,1.0,1.0,0.15270975,1.0,0.02328903,-0.6721687244068747,-inf,0.00028444445,0.24551065,1.0,1.0,0.0
Oligodendrocyte,Endothelial,APOB,LSR,0.12968315,1.0,0.016816797,-0.48949452938644666,-inf,0.00054443994,0.17711471,1.0,1.0,0.15270975,1.0,0.02328903,-0.6721687244068747,-inf,0.00028444445,0.24551065,1.0,1.0,0.0
Oligodendrocyte,Endothelial,CCL8,ACKR1,0.12968315,1.0,0.016816797,-0.48949452938644666,-inf,0.00054443994,0.17711471,1.0,1.0,0.15270975,1.0,0.02328903,-0.6721687244068747,-inf,0.00028444445,0.24551065,1.0,1.0,0.0
Oligodendrocyte,Endothelial,ANXA1,FPR1,0.12968315,1.0,0.016816797,-0.48949452938644666,-inf,0.00054443994,0.17711471,1.0,1.0,0.15270975,1.0,0.02328903,-0.6721687244068747,-inf,0.00028444445,0.24551065,1.0,1.0,0.0
Oligodendrocyte,Endothelial,ANGPTL4,GPIHBP1,0.12968315,1.0,0.016816797,-0.48949452938644666,-inf,0.00054443994,0.17711471,1.0,1.0,0.15270975,1.0,0.02328903,-0.6721687244068747,-inf,0.00028444445,0.24551065,1.0,1.0,0.0
Microglia,Pericyte,ANGPTL4,GPIHBP1,0.12968315,1.0,0.016816797,-0.48949452938644666,-inf,0.00054443994,0.17711471,1.0,1.0,0.15270975,1.0,0.02328903,-0.6721687244068747,-inf,0.00028444445,0.24551065,1.0,1.0,0.0
Microglia,Pericyte,CCL4,GPR152,0.12968315,1.0,0.016816797,-0.48949452938644666,-inf,0.00054443994,0.17711471,1.0,1.0,0.15270975,1.0,0.02328903,-0.6721687244068747,-inf,0.00028444445,0.24551065,1.0,1.0,0.0
Oligodendrocyte,Microglia,CCL8,ACKR1,0.12968315,1.0,0.016816797,-0.48949452938644666,-inf,0.00054443994,0.17711471,1.0,1.0,0.15270975,1.0,0.02328903,-0.6721687244068747,-inf,0.00028444445,0.24551065,1.0,1.0,0.0
Oligodendrocyte,Microglia,CCL11,CCR3,0.12968315,1.0,0.016816797,-0.48949452938644666,-inf,0.00054443994,0.17711471,1.0,1.0,0.15270975,1.0,0.02328903,-0.6721687244068747,-inf,0.00028444445,0.24551065,1.0,1.0,0.0
Microglia,Pericyte,ADM,RAMP1,0.12968315,1.0,0.016816797,-0.48949452938644666,-inf,0.00054443994,0.17711471,1.0,1.0,0.15270975,1.0,0.02328903,-0.6721687244068747,-inf,0.00028444445,0.24551065,1.0,1.0,0.0
Oligodendrocyte,Microglia,CXCL10,ACKR1,0.12968315,1.0,0.016816797,-0.48949452938644666,-inf,0.00054443994,0.17711471,1.0,1.0,0.15270975,1.0,0.02328903,-0.6721687244068747,-inf,0.00028444445,0.24551065,1.0,1.0,0.0
Microglia,Pericyte,CCL2,CCR1,0.12968315,1.0,0.016816797,-0.48949452938644666,-inf,0.00054443994,0.17711471,1.0,1.0,0.15270975,1.0,0.02328903,-0.6721687244068747,-inf,0.00028444445,0.24551065,1.0,1.0,0.0
Oligodendrocyte,Microglia,CXCL1,CXCR2,0.12968315,1.0,0.016816797,-0.48949452938644666,-inf,0.00054443994,0.17711471,1.0,1.0,0.15270975,1.0,0.02328903,-0.6721687244068747,-inf,0.00028444445,0.24551065,1.0,1.0,0.0
Oligodendrocyte,Microglia,CXCL1,CXCR1,0.12968315,1.0,0.016816797,-0.48949452938644666,-inf,0.00054443994,0.17711471,1.0,1.0,0.15270975,1.0,0.02328903,-0.6721687244068747,-inf,0.00028444445,0.24551065,1.0,1.0,0.0
Microglia,Pericyte,CCL24,CCR2,0.12968315,1.0,0.016816797,-0.48949452938644666,-inf,0.00054443994,0.17711471,1.0,1.0,0.15270975,1.0,0.02328903,-0.6721687244068747,-inf,0.00028444445,0.24551065,1.0,1.0,0.0
Microglia,Pericyte,B2M,KLRC1,0.12968315,1.0,0.016816797,-0.48949452938644666,-inf,0.00054443994,0.17711471,1.0,1.0,0.15270975,1.0,0.02328903,-0.6721687244068747,-inf,0.00028444445,0.24551065,1.0,1.0,0.0
Oligodendrocyte,Microglia,CXCL1,ACKR1,0.12968315,1.0,0.016816797,-0.48949452938644666,-inf,0.00054443994,0.17711471,1.0,1.0,0.15270975,1.0,0.02328903,-0.6721687244068747,-inf,0.00028444445,0.24551065,1.0,1.0,0.0
Oligodendrocyte,Microglia,CCL11,CCR2,0.12968315,1.0,0.016816797,-0.48949452938644666,-inf,0.00054443994,0.17711471,1.0,1.0,0.15270975,1.0,0.02328903,-0.6721687244068747,-inf,0.00028444445,0.24551065,1.0,1.0,0.0
Oligodendrocyte,Astrocyte,CCL5,CCR1,0.12968315,1.0,0.016816797,-0.48949452938644666,-inf,0.00054443994,0.17711471,1.0,1.0,0.15270975,1.0,0.02328903,-0.6721687244068747,-inf,0.00028444445,0.24551065,1.0,1.0,0.0
Microglia,Pericyte,BSG,SLC16A1,0.12968315,1.0,0.016816797,-0.48949452938644666,-inf,0.00054443994,0.17711471,1.0,1.0,0.15270975,1.0,0.02328903,-0.6721687244068747,-inf,0.00028444445,0.24551065,1.0,1.0,0.0
Oligodendrocyte,Microglia,B2M,KLRD1,0.12968315,1.0,0.016816797,-0.48949452938644666,-inf,0.00054443994,0.17711471,1.0,1.0,0.15270975,1.0,0.02328903,-0.6721687244068747,-inf,0.00028444445,0.24551065,1.0,1.0,0.0
Microglia,Pericyte,CCL2,ACKR1,0.12968315,1.0,0.016816797,-0.48949452938644666,-inf,0.00054443994,0.17711471,1.0,1.0,0.15270975,1.0,0.02328903,-0.6721687244068747,-inf,0.00028444445,0.24551065,1.0,1.0,0.0
Oligodendrocyte,Microglia,CCL19,CCR7,0.12968315,1.0,0.016816797,-0.48949452938644666,-inf,0.00054443994,0.17711471,1.0,1.0,0.15270975,1.0,0.02328903,-0.6721687244068747,-inf,0.00028444445,0.24551065,1.0,1.0,0.0
Oligodendrocyte,Microglia,CCL17,ACKR1,0.12968315,1.0,0.016816797,-0.48949452938644666,-inf,0.00054443994,0.17711471,1.0,1.0,0.15270975,1.0,0.02328903,-0.6721687244068747,-inf,0.00028444445,0.24551065,1.0,1.0,0.0
Oligodendrocyte,Microglia,CCL11,CCR5,0.12968315,1.0,0.016816797,-0.48949452938644666,-inf,0.00054443994,0.17711471,1.0,1.0,0.15270975,1.0,0.02328903,-0.6721687244068747,-inf,0.00028444445,0.24551065,1.0,1.0,0.0
Oligodendrocyte,Astrocyte,CXCL10,ACKR1,0.12968315,1.0,0.016816797,-0.48949452938644666,-inf,0.00054443994,0.17711471,1.0,1.0,0.15270975,1.0,0.02328903,-0.6721687244068747,-inf,0.00028444445,0.24551065,1.0,1.0,0.0
Microglia,Pericyte,CCL19,CCR7,0.12968315,1.0,0.016816797,-0.48949452938644666,-inf,0.00054443994,0.17711471,1.0,1.0,0.15270975,1.0,0.02328903,-0.6721687244068747,-inf,0.00028444445,0.24551065,1.0,1.0,0.0
Oligodendrocyte,Astrocyte,CXCL1,CXCR2,0.12968315,1.0,0.016816797,-0.48949452938644666,-inf,0.00054443994,0.17711471,1.0,1.0,0.15270975,1.0,0.02328903,-0.6721687244068747,-inf,0.00028444445,0.24551065,1.0,1.0,0.0
Oligodendrocyte,Microglia,CCL11,ACKR1,0.12968315,1.0,0.016816797,-0.48949452938644666,-inf,0.00054443994,0.17711471,1.0,1.0,0.15270975,1.0,0.02328903,-0.6721687244068747,-inf,0.00028444445,0.24551065,1.0,1.0,0.0
Oligodendrocyte,Microglia,B2M,KLRC2,0.12968315,1.0,0.016816797,-0.48949452938644666,-inf,0.00054443994,0.17711471,1.0,1.0,0.15270975,1.0,0.02328903,-0.6721687244068747,-inf,0.00028444445,0.24551065,1.0,1.0,0.0
Oligodendrocyte,Microglia,B2M,KLRC1,0.12968315,1.0,0.016816797,-0.48949452938644666,-inf,0.00054443994,0.17711471,1.0,1.0,0.15270975,1.0,0.02328903,-0.6721687244068747,-inf,0.00028444445,0.24551065,1.0,1.0,0.0
Oligodendrocyte,Oligodendrocyte,CCL24,CCR2,0.12968315,1.0,0.016816797,-0.48949452938644666,-inf,0.00054443994,0.17711471,1.0,1.0,0.15270975,1.0,0.02328903,-0.6721687244068747,-inf,0.00028444445,0.24551065,1.0,1.0,0.0
Oligodendrocyte,Oligodendrocyte,CCL2,CCR5,0.12968315,1.0,0.016816797,-0.48949452938644666,-inf,0.00054443994,0.17711471,1.0,1.0,0.15270975,1.0,0.02328903,-0.6721687244068747,-inf,0.00028444445,0.24551065,1.0,1.0,0.0
Oligodendrocyte,Microglia,CALCB,GPR84,0.12968315,1.0,0.016816797,-0.48949452938644666,-inf,0.00054443994,0.17711471,1.0,1.0,0.15270975,1.0,0.02328903,-0.6721687244068747,-inf,0.00028444445,0.24551065,1.0,1.0,0.0
Microglia,Pericyte,CCL24,CCR3,0.12968315,1.0,0.016816797,-0.48949452938644666,-inf,0.00054443994,0.17711471,1.0,1.0,0.15270975,1.0,0.02328903,-0.6721687244068747,-inf,0.00028444445,0.24551065,1.0,1.0,0.0
Oligodendrocyte,Oligodendrocyte,CCL2,CCR3,0.12968315,1.0,0.016816797,-0.48949452938644666,-inf,0.00054443994,0.17711471,1.0,1.0,0.15270975,1.0,0.02328903,-0.6721687244068747,-inf,0.00028444445,0.24551065,1.0,1.0,0.0
Oligodendrocyte,Microglia,CALCA,GPR84,0.12968315,1.0,0.016816797,-0.48949452938644666,-inf,0.00054443994,0.17711471,1.0,1.0,0.15270975,1.0,0.02328903,-0.6721687244068747,-inf,0.00028444445,0.24551065,1.0,1.0,0.0
Oligodendrocyte,Microglia,CCL7,CCR2,0.12968315,1.0,0.016816797,-0.48949452938644666,-inf,0.00054443994,0.17711471,1.0,1.0,0.15270975,1.0,0.02328903,-0.6721687244068747,-inf,0.00028444445,0.24551065,1.0,1.0,0.0
Microglia,Pericyte,CCL2,CCR5,0.12968315,1.0,0.016816797,-0.48949452938644666,-inf,0.00054443994,0.17711471,1.0,1.0,0.15270975,1.0,0.02328903,-0.6721687244068747,-inf,0.00028444445,0.24551065,1.0,1.0,0.0
Oligodendrocyte,Microglia,CCL1,ACKR1,0.12968315,1.0,0.016816797,-0.48949452938644666,-inf,0.00054443994,0.17711471,1.0,1.0,0.15270975,1.0,0.02328903,-0.6721687244068747,-inf,0.00028444445,0.24551065,1.0,1.0,0.0
Microglia,Pericyte,CCL11,CCR2,0.12968315,1.0,0.016816797,-0.48949452938644666,-inf,0.00054443994,0.17711471,1.0,1.0,0.15270975,1.0,0.02328903,-0.6721687244068747,-inf,0.00028444445,0.24551065,1.0,1.0,0.0
Microglia,Pericyte,CCL11,CCR3,0.12968315,1.0,0.016816797,-0.48949452938644666,-inf,0.00054443994,0.17711471,1.0,1.0,0.15270975,1.0,0.02328903,-0.6721687244068747,-inf,0.00028444445,0.24551065,1.0,1.0,0.0
Microglia,Pericyte,CCL2,CCR3,0.12968315,1.0,0.016816797,-0.48949452938644666,-inf,0.00054443994,0.17711471,1.0,1.0,0.15270975,1.0,0.02328903,-0.6721687244068747,-inf,0.00028444445,0.24551065,1.0,1.0,0.0
Microglia,Pericyte,CCL2,CCR2,0.12968315,1.0,0.016816797,-0.48949452938644666,-inf,0.00054443994,0.17711471,1.0,1.0,0.15270975,1.0,0.02328903,-0.6721687244068747,-inf,0.00028444445,0.24551065,1.0,1.0,0.0
Microglia,Pericyte,CCL28,CCR3,0.12968315,1.0,0.016816797,-0.48949452938644666,-inf,0.00054443994,0.17711471,1.0,1.0,0.15270975,1.0,0.02328903,-0.6721687244068747,-inf,0.00028444445,0.24551065,1.0,1.0,0.0
Oligodendrocyte,Microglia,CAMP,FPR2,0.12968315,1.0,0.016816797,-0.48949452938644666,-inf,0.00054443994,0.17711471,1.0,1.0,0.15270975,1.0,0.02328903,-0.6721687244068747,-inf,0.00028444445,0.24551065,1.0,1.0,0.0
Oligodendrocyte,Microglia,CALCB,RAMP2,0.12968315,1.0,0.016816797,-0.48949452938644666,-inf,0.00054443994,0.17711471,1.0,1.0,0.15270975,1.0,0.02328903,-0.6721687244068747,-inf,0.00028444445,0.24551065,1.0,1.0,0.0
Pericyte,Microglia,RLN3,RAMP2,0.12968315,1.0,0.016816797,-0.48949452938644666,-inf,0.00054443994,0.17711471,1.0,1.0,0.15270975,1.0,0.02328903,-0.6721687244068747,-inf,0.00028444445,0.24551065,1.0,1.0,0.0
Oligodendrocyte,Microglia,APP,FPR2,0.12968315,1.0,0.016816797,-0.48949452938644666,-inf,0.00054443994,0.17711471,1.0,1.0,0.15270975,1.0,0.02328903,-0.6721687244068747,-inf,0.00028444445,0.24551065,1.0,1.0,0.0
Oligodendrocyte,Microglia,CALCB,RAMP1,0.12968315,1.0,0.016816797,-0.48949452938644666,-inf,0.00054443994,0.17711471,1.0,1.0,0.15270975,1.0,0.02328903,-0.6721687244068747,-inf,0.00028444445,0.24551065,1.0,1.0,0.0
Microglia,Pericyte,CCL3,CCR1,0.12968315,1.0,0.016816797,-0.48949452938644666,-inf,0.00054443994,0.17711471,1.0,1.0,0.15270975,1.0,0.02328903,-0.6721687244068747,-inf,0.00028444445,0.24551065,1.0,1.0,0.0
Microglia,Pericyte,CCL11,CCR5,0.12968315,1.0,0.016816797,-0.48949452938644666,-inf,0.00054443994,0.17711471,1.0,1.0,0.15270975,1.0,0.02328903,-0.6721687244068747,-inf,0.00028444445,0.24551065,1.0,1.0,0.0
Microglia,Pericyte,CCL17,ACKR1,0.12968315,1.0,0.016816797,-0.48949452938644666,-inf,0.00054443994,0.17711471,1.0,1.0,0.15270975,1.0,0.02328903,-0.6721687244068747,-inf,0.00028444445,0.24551065,1.0,1.0,0.0
Oligodendrocyte,Astrocyte,CXCL10,CCR3,0.12968315,1.0,0.016816797,-0.48949452938644666,-inf,0.00054443994,0.17711471,1.0,1.0,0.15270975,1.0,0.02328903,-0.6721687244068747,-inf,0.00028444445,0.24551065,1.0,1.0,0.0
Oligodendrocyte,Endothelial,ANGPTL4,SDC4,0.12968315,1.0,0.016816797,-0.48949452938644666,-inf,0.00054443994,0.17711471,1.0,1.0,0.15270975,1.0,0.02328903,-0.6721687244068747,-inf,0.00028444445,0.24551065,1.0,1.0,0.0
Oligodendrocyte,Endothelial,CCL11,CCR3,0.12968315,1.0,0.016816797,-0.48949452938644666,-inf,0.00054443994,0.17711471,1.0,1.0,0.15270975,1.0,0.02328903,-0.6721687244068747,-inf,0.00028444445,0.24551065,1.0,1.0,0.0
Microglia,Pericyte,ANXA1,FPR1,0.12968315,1.0,0.016816797,-0.48949452938644666,-inf,0.00054443994,0.17711471,1.0,1.0,0.15270975,1.0,0.02328903,-0.6721687244068747,-inf,0.00028444445,0.24551065,1.0,1.0,0.0
Microglia,Pericyte,CCL4,CCR5,0.12968315,1.0,0.016816797,-0.48949452938644666,-inf,0.00054443994,0.17711471,1.0,1.0,0.15270975,1.0,0.02328903,-0.6721687244068747,-inf,0.00028444445,0.24551065,1.0,1.0,0.0
Microglia,Oligodendrocyte,XCL1,XCR1,0.12968315,1.0,0.016816797,-0.48949452938644666,-inf,0.00054443994,0.17711471,1.0,1.0,0.15270975,1.0,0.02328903,-0.6721687244068747,-inf,0.00028444445,0.24551065,1.0,1.0,0.0
Oligodendrocyte,Microglia,CXCL12,AVPR1A,0.12968315,1.0,0.016816797,-0.48949452938644666,-inf,0.00054443994,0.17711471,1.0,1.0,0.15270975,1.0,0.02328903,-0.6721687244068747,-inf,0.00028444445,0.24551065,1.0,1.0,0.0
Oligodendrocyte,Endothelial,CCL2,CCR3,0.12968315,1.0,0.016816797,-0.48949452938644666,-inf,0.00054443994,0.17711471,1.0,1.0,0.15270975,1.0,0.02328903,-0.6721687244068747,-inf,0.00028444445,0.24551065,1.0,1.0,0.0
Microglia,Oligodendrocyte,VWF,SIRPA,0.12968315,1.0,0.016816797,-0.48949452938644666,-inf,0.00054443994,0.17711471,1.0,1.0,0.15270975,1.0,0.02328903,-0.6721687244068747,-inf,0.00028444445,0.24551065,1.0,1.0,0.0
Microglia,Pericyte,PPBP,CXCR1,0.12968315,1.0,0.016816797,-0.48949452938644666,-inf,0.00054443994,0.17711471,1.0,1.0,0.15270975,1.0,0.02328903,-0.6721687244068747,-inf,0.00028444445,0.24551065,1.0,1.0,0.0
Oligodendrocyte,Endothelial,CCL5,CCR5,0.12968315,1.0,0.016816797,-0.48949452938644666,-inf,0.00054443994,0.17711471,1.0,1.0,0.15270975,1.0,0.02328903,-0.6721687244068747,-inf,0.00028444445,0.24551065,1.0,1.0,0.0
Microglia,Oligodendrocyte,TIMP1,CD63,0.12968315,1.0,0.016816797,-0.48949452938644666,-inf,0.00054443994,0.17711471,1.0,1.0,0.15270975,1.0,0.02328903,-0.6721687244068747,-inf,0.00028444445,0.24551065,1.0,1.0,0.0
Oligodendrocyte,Astrocyte,CSF2,CSF1R,0.12968315,1.0,0.016816797,-0.48949452938644666,-inf,0.00054443994,0.17711471,1.0,1.0,0.15270975,1.0,0.02328903,-0.6721687244068747,-inf,0.00028444445,0.24551065,1.0,1.0,0.0
Oligodendrocyte,Microglia,CXCL2,ACKR1,0.12968315,1.0,0.016816797,-0.48949452938644666,-inf,0.00054443994,0.17711471,1.0,1.0,0.15270975,1.0,0.02328903,-0.6721687244068747,-inf,0.00028444445,0.24551065,1.0,1.0,0.0
Oligodendrocyte,Astrocyte,TIMP1,CD63,0.12968315,1.0,0.016816797,-0.48949452938644666,-inf,0.00054443994,0.17711471,1.0,1.0,0.15270975,1.0,0.02328903,-0.6721687244068747,-inf,0.00028444445,0.24551065,1.0,1.0,0.0
Oligodendrocyte,Microglia,CCL2,ACKR1,0.12968315,1.0,0.016816797,-0.48949452938644666,-inf,0.00054443994,0.17711471,1.0,1.0,0.15270975,1.0,0.02328903,-0.6721687244068747,-inf,0.00028444445,0.24551065,1.0,1.0,0.0
Oligodendrocyte,Microglia,ANGPTL4,GPIHBP1,0.12968315,1.0,0.016816797,-0.48949452938644666,-inf,0.00054443994,0.17711471,1.0,1.0,0.15270975,1.0,0.02328903,-0.6721687244068747,-inf,0.00028444445,0.24551065,1.0,1.0,0.0
Oligodendrocyte,Endothelial,CCL5,SDC4,0.12968315,1.0,0.016816797,-0.48949452938644666,-inf,0.00054443994,0.17711471,1.0,1.0,0.15270975,1.0,0.02328903,-0.6721687244068747,-inf,0.00028444445,0.24551065,1.0,1.0,0.0
Microglia,Pericyte,NTS,NTSR2,0.12968315,1.0,0.016816797,-0.48949452938644666,-inf,0.00054443994,0.17711471,1.0,1.0,0.15270975,1.0,0.02328903,-0.6721687244068747,-inf,0.00028444445,0.24551065,1.0,1.0,0.0
Oligodendrocyte,Microglia,CXCL5,ACKR1,0.12968315,1.0,0.016816797,-0.48949452938644666,-inf,0.00054443994,0.17711471,1.0,1.0,0.15270975,1.0,0.02328903,-0.6721687244068747,-inf,0.00028444445,0.24551065,1.0,1.0,0.0
Oligodendrocyte,Endothelial,CCL8,CCR5,0.12968315,1.0,0.016816797,-0.48949452938644666,-inf,0.00054443994,0.17711471,1.0,1.0,0.15270975,1.0,0.02328903,-0.6721687244068747,-inf,0.00028444445,0.24551065,1.0,1.0,0.0
Microglia,Pericyte,PENK,OPRL1,0.12968315,1.0,0.016816797,-0.48949452938644666,-inf,0.00054443994,0.17711471,1.0,1.0,0.15270975,1.0,0.02328903,-0.6721687244068747,-inf,0.00028444445,0.24551065,1.0,1.0,0.0
Oligodendrocyte,Microglia,CXCL2,XCR1,0.12968315,1.0,0.016816797,-0.48949452938644666,-inf,0.00054443994,0.17711471,1.0,1.0,0.15270975,1.0,0.02328903,-0.6721687244068747,-inf,0.00028444445,0.24551065,1.0,1.0,0.0
Oligodendrocyte,Endothelial,CCL8,CCR3,0.12968315,1.0,0.016816797,-0.48949452938644666,-inf,0.00054443994,0.17711471,1.0,1.0,0.15270975,1.0,0.02328903,-0.6721687244068747,-inf,0.00028444445,0.24551065,1.0,1.0,0.0
Microglia,Pericyte,PPY,NPY5R,0.12968315,1.0,0.016816797,-0.48949452938644666,-inf,0.00054443994,0.17711471,1.0,1.0,0.15270975,1.0,0.02328903,-0.6721687244068747,-inf,0.00028444445,0.24551065,1.0,1.0,0.0
Oligodendrocyte,Microglia,CXCL3,ACKR1,0.12968315,1.0,0.016816797,-0.48949452938644666,-inf,0.00054443994,0.17711471,1.0,1.0,0.15270975,1.0,0.02328903,-0.6721687244068747,-inf,0.00028444445,0.24551065,1.0,1.0,0.0
Oligodendrocyte,Microglia,CXCL3,CXCR2,0.12968315,1.0,0.016816797,-0.48949452938644666,-inf,0.00054443994,0.17711471,1.0,1.0,0.15270975,1.0,0.02328903,-0.6721687244068747,-inf,0.00028444445,0.24551065,1.0,1.0,0.0
Oligodendrocyte,Microglia,CXCL2,CXCR1,0.12968315,1.0,0.016816797,-0.48949452938644666,-inf,0.00054443994,0.17711471,1.0,1.0,0.15270975,1.0,0.02328903,-0.6721687244068747,-inf,0.00028444445,0.24551065,1.0,1.0,0.0
Oligodendrocyte,Endothelial,CCL2,CCR5,0.12968315,1.0,0.016816797,-0.48949452938644666,-inf,0.00054443994,0.17711471,1.0,1.0,0.15270975,1.0,0.02328903,-0.6721687244068747,-inf,0.00028444445,0.24551065,1.0,1.0,0.0
Oligodendrocyte,Endothelial,CCL5,CCR1,0.12968315,1.0,0.016816797,-0.48949452938644666,-inf,0.00054443994,0.17711471,1.0,1.0,0.15270975,1.0,0.02328903,-0.6721687244068747,-inf,0.00028444445,0.24551065,1.0,1.0,0.0
Oligodendrocyte,Endothelial,CCL24,CCR2,0.12968315,1.0,0.016816797,-0.48949452938644666,-inf,0.00054443994,0.17711471,1.0,1.0,0.15270975,1.0,0.02328903,-0.6721687244068747,-inf,0.00028444445,0.24551065,1.0,1.0,0.0
Oligodendrocyte,Microglia,PF4,ACKR1,0.12968315,1.0,0.016816797,-0.48949452938644666,-inf,0.00054443994,0.17711471,1.0,1.0,0.15270975,1.0,0.02328903,-0.6721687244068747,-inf,0.00028444445,0.24551065,1.0,1.0,0.0
Oligodendrocyte,Microglia,PENK,OPRL1,0.12968315,1.0,0.016816797,-0.48949452938644666,-inf,0.00054443994,0.17711471,1.0,1.0,0.15270975,1.0,0.02328903,-0.6721687244068747,-inf,0.00028444445,0.24551065,1.0,1.0,0.0
Oligodendrocyte,Microglia,NTS,NTSR2,0.12968315,1.0,0.016816797,-0.48949452938644666,-inf,0.00054443994,0.17711471,1.0,1.0,0.15270975,1.0,0.02328903,-0.6721687244068747,-inf,0.00028444445,0.24551065,1.0,1.0,0.0
Oligodendrocyte,Astrocyte,CCL5,SDC4,0.12968315,1.0,0.016816797,-0.48949452938644666,-inf,0.00054443994,0.17711471,1.0,1.0,0.15270975,1.0,0.02328903,-0.6721687244068747,-inf,0.00028444445,0.24551065,1.0,1.0,0.0
Oligodendrocyte,Endothelial,XCL1,XCR1,0.12968315,1.0,0.016816797,-0.48949452938644666,-inf,0.00054443994,0.17711471,1.0,1.0,0.15270975,1.0,0.02328903,-0.6721687244068747,-inf,0.00028444445,0.24551065,1.0,1.0,0.0
Oligodendrocyte,Endothelial,B2M,KLRD1,0.12968315,1.0,0.016816797,-0.48949452938644666,-inf,0.00054443994,0.17711471,1.0,1.0,0.15270975,1.0,0.02328903,-0.6721687244068747,-inf,0.00028444445,0.24551065,1.0,1.0,0.0
Microglia,Oligodendrocyte,HP,CD163,0.12968315,1.0,0.016816797,-0.48949452938644666,-inf,0.00054443994,0.17711471,1.0,1.0,0.15270975,1.0,0.02328903,-0.6721687244068747,-inf,0.00028444445,0.24551065,1.0,1.0,0.0
Oligodendrocyte,Endothelial,BMP8A,TGFBR1,0.12968315,1.0,0.016816797,-0.48949452938644666,-inf,0.00054443994,0.17711471,1.0,1.0,0.15270975,1.0,0.02328903,-0.6721687244068747,-inf,0.00028444445,0.24551065,1.0,1.0,0.0
Oligodendrocyte,Endothelial,CCL24,CCR3,0.12968315,1.0,0.016816797,-0.48949452938644666,-inf,0.00054443994,0.17711471,1.0,1.0,0.15270975,1.0,0.02328903,-0.6721687244068747,-inf,0.00028444445,0.24551065,1.0,1.0,0.0
Oligodendrocyte,Endothelial,CCL5,ACKR1,0.12968315,1.0,0.016816797,-0.48949452938644666,-inf,0.00054443994,0.17711471,1.0,1.0,0.15270975,1.0,0.02328903,-0.6721687244068747,-inf,0.00028444445,0.24551065,1.0,1.0,0.0
Oligodendrocyte,Endothelial,CCL4,GPR152,0.12968315,1.0,0.016816797,-0.48949452938644666,-inf,0.00054443994,0.17711471,1.0,1.0,0.15270975,1.0,0.02328903,-0.6721687244068747,-inf,0.00028444445,0.24551065,1.0,1.0,0.0
Microglia,Oligodendrocyte,HP,ASGR1,0.12968315,1.0,0.016816797,-0.48949452938644666,-inf,0.00054443994,0.17711471,1.0,1.0,0.15270975,1.0,0.02328903,-0.6721687244068747,-inf,0.00028444445,0.24551065,1.0,1.0,0.0
Oligodendrocyte,Endothelial,CCL4,CCR5,0.12968315,1.0,0.016816797,-0.48949452938644666,-inf,0.00054443994,0.17711471,1.0,1.0,0.15270975,1.0,0.02328903,-0.6721687244068747,-inf,0.00028444445,0.24551065,1.0,1.0,0.0
Oligodendrocyte,Endothelial,CCL4,CCR3,0.12968315,1.0,0.016816797,-0.48949452938644666,-inf,0.00054443994,0.17711471,1.0,1.0,0.15270975,1.0,0.02328903,-0.6721687244068747,-inf,0.00028444445,0.24551065,1.0,1.0,0.0
Oligodendrocyte,Endothelial,CCL4,CCR1,0.12968315,1.0,0.016816797,-0.48949452938644666,-inf,0.00054443994,0.17711471,1.0,1.0,0.15270975,1.0,0.02328903,-0.6721687244068747,-inf,0.00028444445,0.24551065,1.0,1.0,0.0
Oligodendrocyte,Endothelial,CCL3,CCR5,0.12968315,1.0,0.016816797,-0.48949452938644666,-inf,0.00054443994,0.17711471,1.0,1.0,0.15270975,1.0,0.02328903,-0.6721687244068747,-inf,0.00028444445,0.24551065,1.0,1.0,0.0
Oligodendrocyte,Microglia,XCL1,XCR1,0.12968315,1.0,0.016816797,-0.48949452938644666,-inf,0.00054443994,0.17711471,1.0,1.0,0.15270975,1.0,0.02328903,-0.6721687244068747,-inf,0.00028444445,0.24551065,1.0,1.0,0.0
Oligodendrocyte,Endothelial,CCL3,CCR3,0.12968315,1.0,0.016816797,-0.48949452938644666,-inf,0.00054443994,0.17711471,1.0,1.0,0.15270975,1.0,0.02328903,-0.6721687244068747,-inf,0.00028444445,0.24551065,1.0,1.0,0.0
Oligodendrocyte,Endothelial,CCL3,CCR1,0.12968315,1.0,0.016816797,-0.48949452938644666,-inf,0.00054443994,0.17711471,1.0,1.0,0.15270975,1.0,0.02328903,-0.6721687244068747,-inf,0.00028444445,0.24551065,1.0,1.0,0.0
Microglia,Pericyte,PROK2,PROKR1,0.12968315,1.0,0.016816797,-0.48949452938644666,-inf,0.00054443994,0.17711471,1.0,1.0,0.15270975,1.0,0.02328903,-0.6721687244068747,-inf,0.00028444445,0.24551065,1.0,1.0,0.0
Oligodendrocyte,Oligodendrocyte,CCL2,CCR2,0.12968315,1.0,0.016816797,-0.48949452938644666,-inf,0.00054443994,0.17711471,1.0,1.0,0.15270975,1.0,0.02328903,-0.6721687244068747,-inf,0.00028444445,0.24551065,1.0,1.0,0.0
Oligodendrocyte,Endothelial,CCL28,CCR3,0.12968315,1.0,0.016816797,-0.48949452938644666,-inf,0.00054443994,0.17711471,1.0,1.0,0.15270975,1.0,0.02328903,-0.6721687244068747,-inf,0.00028444445,0.24551065,1.0,1.0,0.0
Oligodendrocyte,Microglia,CCL4,GPR152,0.12968315,1.0,0.016816797,-0.48949452938644666,-inf,0.00054443994,0.17711471,1.0,1.0,0.15270975,1.0,0.02328903,-0.6721687244068747,-inf,0.00028444445,0.24551065,1.0,1.0,0.0
Microglia,Pericyte,PPBP,CXCR2,0.12968315,1.0,0.016816797,-0.48949452938644666,-inf,0.00054443994,0.17711471,1.0,1.0,0.15270975,1.0,0.02328903,-0.6721687244068747,-inf,0.00028444445,0.24551065,1.0,1.0,0.0
Microglia,Pericyte,PTN,PTPRZ1,0.12968315,1.0,0.016816797,-0.48949452938644666,-inf,0.00054443994,0.17711471,1.0,1.0,0.15270975,1.0,0.02328903,-0.6721687244068747,-inf,0.00028444445,0.24551065,1.0,1.0,0.0
Oligodendrocyte,Astrocyte,PF4,ACKR1,0.12968315,1.0,0.016816797,-0.48949452938644666,-inf,0.00054443994,0.17711471,1.0,1.0,0.15270975,1.0,0.02328903,-0.6721687244068747,-inf,0.00028444445,0.24551065,1.0,1.0,0.0
Oligodendrocyte,Astrocyte,CCL11,CCR3,0.12968315,1.0,0.016816797,-0.48949452938644666,-inf,0.00054443994,0.17711471,1.0,1.0,0.15270975,1.0,0.02328903,-0.6721687244068747,-inf,0.00028444445,0.24551065,1.0,1.0,0.0
Microglia,Pericyte,NPY,NPY5R,0.12968315,1.0,0.016816797,-0.48949452938644666,-inf,0.00054443994,0.17711471,1.0,1.0,0.15270975,1.0,0.02328903,-0.6721687244068747,-inf,0.00028444445,0.24551065,1.0,1.0,0.0
Oligodendrocyte,Astrocyte,CXCL10,SDC4,0.12968315,1.0,0.016816797,-0.48949452938644666,-inf,0.00054443994,0.17711471,1.0,1.0,0.15270975,1.0,0.02328903,-0.6721687244068747,-inf,0.00028444445,0.24551065,1.0,1.0,0.0
Oligodendrocyte,Endothelial,CCL8,CCR2,0.12968315,1.0,0.016816797,-0.48949452938644666,-inf,0.00054443994,0.17711471,1.0,1.0,0.15270975,1.0,0.02328903,-0.6721687244068747,-inf,0.00028444445,0.24551065,1.0,1.0,0.0
Microglia,Pericyte,ANGPTL4,SDC4,0.12968315,1.0,0.016816797,-0.48949452938644666,-inf,0.00054443994,0.17711471,1.0,1.0,0.15270975,1.0,0.02328903,-0.6721687244068747,-inf,0.00028444445,0.24551065,1.0,1.0,0.0
Microglia,Pericyte,APOB,LSR,0.12968315,1.0,0.016816797,-0.48949452938644666,-inf,0.00054443994,0.17711471,1.0,1.0,0.15270975,1.0,0.02328903,-0.6721687244068747,-inf,0.00028444445,0.24551065,1.0,1.0,0.0
Oligodendrocyte,Microglia,CGA,RAMP2,0.12968315,1.0,0.016816797,-0.48949452938644666,-inf,0.00054443994,0.17711471,1.0,1.0,0.15270975,1.0,0.02328903,-0.6721687244068747,-inf,0.00028444445,0.24551065,1.0,1.0,0.0
Oligodendrocyte,Endothelial,CCL8,CCR1,0.12968315,1.0,0.016816797,-0.48949452938644666,-inf,0.00054443994,0.17711471,1.0,1.0,0.15270975,1.0,0.02328903,-0.6721687244068747,-inf,0.00028444445,0.24551065,1.0,1.0,0.0
Oligodendrocyte,Microglia,CXCL5,CXCR2,0.12968315,1.0,0.016816797,-0.48949452938644666,-inf,0.00054443994,0.17711471,1.0,1.0,0.15270975,1.0,0.02328903,-0.6721687244068747,-inf,0.00028444445,0.24551065,1.0,1.0,0.0
Microglia,Pericyte,PF4,ACKR1,0.12968315,1.0,0.016816797,-0.48949452938644666,-inf,0.00054443994,0.17711471,1.0,1.0,0.15270975,1.0,0.02328903,-0.6721687244068747,-inf,0.00028444445,0.24551065,1.0,1.0,0.0
Oligodendrocyte,Endothelial,CCL11,CCR5,0.12968315,1.0,0.016816797,-0.48949452938644666,-inf,0.00054443994,0.17711471,1.0,1.0,0.15270975,1.0,0.02328903,-0.6721687244068747,-inf,0.00028444445,0.24551065,1.0,1.0,0.0
Microglia,Pericyte,SAA1,FPR2,0.12968315,1.0,0.016816797,-0.48949452938644666,-inf,0.00054443994,0.17711471,1.0,1.0,0.15270975,1.0,0.02328903,-0.6721687244068747,-inf,0.00028444445,0.24551065,1.0,1.0,0.0
Oligodendrocyte,Astrocyte,CCL24,CCR3,0.12968315,1.0,0.016816797,-0.48949452938644666,-inf,0.00054443994,0.17711471,1.0,1.0,0.15270975,1.0,0.02328903,-0.6721687244068747,-inf,0.00028444445,0.24551065,1.0,1.0,0.0
Oligodendrocyte,Astrocyte,XCL1,XCR1,0.12968315,1.0,0.016816797,-0.48949452938644666,-inf,0.00054443994,0.17711471,1.0,1.0,0.15270975,1.0,0.02328903,-0.6721687244068747,-inf,0.00028444445,0.24551065,1.0,1.0,0.0
Microglia,Oligodendrocyte,TDGF1,ACVR1C,0.12968315,1.0,0.016816797,-0.48949452938644666,-inf,0.00054443994,0.17711471,1.0,1.0,0.15270975,1.0,0.02328903,-0.6721687244068747,-inf,0.00028444445,0.24551065,1.0,1.0,0.0
Oligodendrocyte,Microglia,CGA,GPR84,0.12968315,1.0,0.016816797,-0.48949452938644666,-inf,0.00054443994,0.17711471,1.0,1.0,0.15270975,1.0,0.02328903,-0.6721687244068747,-inf,0.00028444445,0.24551065,1.0,1.0,0.0
Oligodendrocyte,Microglia,CFP,NCR1,0.12968315,1.0,0.016816797,-0.48949452938644666,-inf,0.00054443994,0.17711471,1.0,1.0,0.15270975,1.0,0.02328903,-0.6721687244068747,-inf,0.00028444445,0.24551065,1.0,1.0,0.0
Microglia,Pericyte,SCT,GPR84,0.12968315,1.0,0.016816797,-0.48949452938644666,-inf,0.00054443994,0.17711471,1.0,1.0,0.15270975,1.0,0.02328903,-0.6721687244068747,-inf,0.00028444445,0.24551065,1.0,1.0,0.0
Oligodendrocyte,Endothelial,APP,FPR2,0.12968315,1.0,0.016816797,-0.48949452938644666,-inf,0.00054443994,0.17711471,1.0,1.0,0.15270975,1.0,0.02328903,-0.6721687244068747,-inf,0.00028444445,0.24551065,1.0,1.0,0.0
Oligodendrocyte,Endothelial,B2M,KLRC1,0.12968315,1.0,0.016816797,-0.48949452938644666,-inf,0.00054443994,0.17711471,1.0,1.0,0.15270975,1.0,0.02328903,-0.6721687244068747,-inf,0.00028444445,0.24551065,1.0,1.0,0.0
Oligodendrocyte,Microglia,CD40LG,CD9,0.12968315,1.0,0.016816797,-0.48949452938644666,-inf,0.00054443994,0.17711471,1.0,1.0,0.15270975,1.0,0.02328903,-0.6721687244068747,-inf,0.00028444445,0.24551065,1.0,1.0,0.0
Oligodendrocyte,Endothelial,B2M,KLRC2,0.12968315,1.0,0.016816797,-0.48949452938644666,-inf,0.00054443994,0.17711471,1.0,1.0,0.15270975,1.0,0.02328903,-0.6721687244068747,-inf,0.00028444445,0.24551065,1.0,1.0,0.0
Oligodendrocyte,Endothelial,CAMP,IGF1R,0.12968315,1.0,0.016816797,-0.48949452938644666,-inf,0.00054443994,0.17711471,1.0,1.0,0.15270975,1.0,0.02328903,-0.6721687244068747,-inf,0.00028444445,0.24551065,1.0,1.0,0.0
Oligodendrocyte,Endothelial,CCL17,ACKR1,0.12968315,1.0,0.016816797,-0.48949452938644666,-inf,0.00054443994,0.17711471,1.0,1.0,0.15270975,1.0,0.02328903,-0.6721687244068747,-inf,0.00028444445,0.24551065,1.0,1.0,0.0
Oligodendrocyte,Astrocyte,THBS1,SDC4,0.12968315,1.0,0.016816797,-0.48949452938644666,-inf,0.00054443994,0.17711471,1.0,1.0,0.15270975,1.0,0.02328903,-0.6721687244068747,-inf,0.00028444445,0.24551065,1.0,1.0,0.0
Microglia,Oligodendrocyte,S100A4,CCR5,0.12968315,1.0,0.016816797,-0.48949452938644666,-inf,0.00054443994,0.17711471,1.0,1.0,0.15270975,1.0,0.02328903,-0.6721687244068747,-inf,0.00028444445,0.24551065,1.0,1.0,0.0
Oligodendrocyte,Astrocyte,NPY,NPY5R,0.12968315,1.0,0.016816797,-0.48949452938644666,-inf,0.00054443994,0.17711471,1.0,1.0,0.15270975,1.0,0.02328903,-0.6721687244068747,-inf,0.00028444445,0.24551065,1.0,1.0,0.0
Microglia,Pericyte,ADM,RAMP2,0.12968315,1.0,0.016816797,-0.48949452938644666,-inf,0.00054443994,0.17711471,1.0,1.0,0.15270975,1.0,0.02328903,-0.6721687244068747,-inf,0.00028444445,0.24551065,1.0,1.0,0.0
Oligodendrocyte,Astrocyte,CCL11,CCR2,0.12968315,1.0,0.016816797,-0.48949452938644666,-inf,0.00054443994,0.17711471,1.0,1.0,0.15270975,1.0,0.02328903,-0.6721687244068747,-inf,0.00028444445,0.24551065,1.0,1.0,0.0
Oligodendrocyte,Astrocyte,CAMP,FPR2,0.12968315,1.0,0.016816797,-0.48949452938644666,-inf,0.00054443994,0.17711471,1.0,1.0,0.15270975,1.0,0.02328903,-0.6721687244068747,-inf,0.00028444445,0.24551065,1.0,1.0,0.0
Oligodendrocyte,Microglia,ANGPTL4,SDC4,0.12968315,1.0,0.016816797,-0.48949452938644666,-inf,0.00054443994,0.17711471,1.0,1.0,0.15270975,1.0,0.02328903,-0.6721687244068747,-inf,0.00028444445,0.24551065,1.0,1.0,0.0
Oligodendrocyte,Astrocyte,PPBP,CXCR1,0.12968315,1.0,0.016816797,-0.48949452938644666,-inf,0.00054443994,0.17711471,1.0,1.0,0.15270975,1.0,0.02328903,-0.6721687244068747,-inf,0.00028444445,0.24551065,1.0,1.0,0.0
Oligodendrocyte,Microglia,CXCL3,CXCR1,0.12968315,1.0,0.016816797,-0.48949452938644666,-inf,0.00054443994,0.17711471,1.0,1.0,0.15270975,1.0,0.02328903,-0.6721687244068747,-inf,0.00028444445,0.24551065,1.0,1.0,0.0
Oligodendrocyte,Astrocyte,CALCA,GPR84,0.12968315,1.0,0.016816797,-0.48949452938644666,-inf,0.00054443994,0.17711471,1.0,1.0,0.15270975,1.0,0.02328903,-0.6721687244068747,-inf,0.00028444445,0.24551065,1.0,1.0,0.0
Oligodendrocyte,Microglia,CXCL2,CXCR2,0.12968315,1.0,0.016816797,-0.48949452938644666,-inf,0.00054443994,0.17711471,1.0,1.0,0.15270975,1.0,0.02328903,-0.6721687244068747,-inf,0.00028444445,0.24551065,1.0,1.0,0.0
Microglia,Pericyte,ADM,GPR84,0.12968315,1.0,0.016816797,-0.48949452938644666,-inf,0.00054443994,0.17711471,1.0,1.0,0.15270975,1.0,0.02328903,-0.6721687244068747,-inf,0.00028444445,0.24551065,1.0,1.0,0.0
Oligodendrocyte,Astrocyte,PPBP,ACKR1,0.12968315,1.0,0.016816797,-0.48949452938644666,-inf,0.00054443994,0.17711471,1.0,1.0,0.15270975,1.0,0.02328903,-0.6721687244068747,-inf,0.00028444445,0.24551065,1.0,1.0,0.0
Oligodendrocyte,Astrocyte,CALCB,GPR84,0.12968315,1.0,0.016816797,-0.48949452938644666,-inf,0.00054443994,0.17711471,1.0,1.0,0.15270975,1.0,0.02328903,-0.6721687244068747,-inf,0.00028444445,0.24551065,1.0,1.0,0.0
Oligodendrocyte,Microglia,CXCL10,SDC4,0.12968315,1.0,0.016816797,-0.48949452938644666,-inf,0.00054443994,0.17711471,1.0,1.0,0.15270975,1.0,0.02328903,-0.6721687244068747,-inf,0.00028444445,0.24551065,1.0,1.0,0.0
Oligodendrocyte,Astrocyte,PNOC,OPRL1,0.12968315,1.0,0.016816797,-0.48949452938644666,-inf,0.00054443994,0.17711471,1.0,1.0,0.15270975,1.0,0.02328903,-0.6721687244068747,-inf,0.00028444445,0.24551065,1.0,1.0,0.0
Oligodendrocyte,Microglia,CXCL10,CCR3,0.12968315,1.0,0.016816797,-0.48949452938644666,-inf,0.00054443994,0.17711471,1.0,1.0,0.15270975,1.0,0.02328903,-0.6721687244068747,-inf,0.00028444445,0.24551065,1.0,1.0,0.0
Oligodendrocyte,Astrocyte,CALCB,RAMP1,0.12968315,1.0,0.016816797,-0.48949452938644666,-inf,0.00054443994,0.17711471,1.0,1.0,0.15270975,1.0,0.02328903,-0.6721687244068747,-inf,0.00028444445,0.24551065,1.0,1.0,0.0
Oligodendrocyte,Astrocyte,CALCB,RAMP2,0.12968315,1.0,0.016816797,-0.48949452938644666,-inf,0.00054443994,0.17711471,1.0,1.0,0.15270975,1.0,0.02328903,-0.6721687244068747,-inf,0.00028444445,0.24551065,1.0,1.0,0.0
Oligodendrocyte,Astrocyte,CCL11,ACKR1,0.12968315,1.0,0.016816797,-0.48949452938644666,-inf,0.00054443994,0.17711471,1.0,1.0,0.15270975,1.0,0.02328903,-0.6721687244068747,-inf,0.00028444445,0.24551065,1.0,1.0,0.0
Oligodendrocyte,Astrocyte,CCL5,CCR3,0.12968315,1.0,0.016816797,-0.48949452938644666,-inf,0.00054443994,0.17711471,1.0,1.0,0.15270975,1.0,0.02328903,-0.6721687244068747,-inf,0.00028444445,0.24551065,1.0,1.0,0.0
Oligodendrocyte,Endothelial,CCL5,CCR3,0.12968315,1.0,0.016816797,-0.48949452938644666,-inf,0.00054443994,0.17711471,1.0,1.0,0.15270975,1.0,0.02328903,-0.6721687244068747,-inf,0.00028444445,0.24551065,1.0,1.0,0.0
Oligodendrocyte,Astrocyte,CAMP,IGF1R,0.12968315,1.0,0.016816797,-0.48949452938644666,-inf,0.00054443994,0.17711471,1.0,1.0,0.15270975,1.0,0.02328903,-0.6721687244068747,-inf,0.00028444445,0.24551065,1.0,1.0,0.0
Microglia,Oligodendrocyte,THBS1,SDC4,0.12968315,1.0,0.016816797,-0.48949452938644666,-inf,0.00054443994,0.17711471,1.0,1.0,0.15270975,1.0,0.02328903,-0.6721687244068747,-inf,0.00028444445,0.24551065,1.0,1.0,0.0
Oligodendrocyte,Astrocyte,PENK,OPRL1,0.12968315,1.0,0.016816797,-0.48949452938644666,-inf,0.00054443994,0.17711471,1.0,1.0,0.15270975,1.0,0.02328903,-0.6721687244068747,-inf,0.00028444445,0.24551065,1.0,1.0,0.0
Oligodendrocyte,Astrocyte,NTS,NTSR2,0.12968315,1.0,0.016816797,-0.48949452938644666,-inf,0.00054443994,0.17711471,1.0,1.0,0.15270975,1.0,0.02328903,-0.6721687244068747,-inf,0.00028444445,0.24551065,1.0,1.0,0.0
Oligodendrocyte,Microglia,COL3A1,MAG,0.12968315,1.0,0.016816797,-0.48949452938644666,-inf,0.00054443994,0.17711471,1.0,1.0,0.15270975,1.0,0.02328903,-0.6721687244068747,-inf,0.00028444445,0.24551065,1.0,1.0,0.0
Oligodendrocyte,Astrocyte,CCL1,ACKR1,0.12968315,1.0,0.016816797,-0.48949452938644666,-inf,0.00054443994,0.17711471,1.0,1.0,0.15270975,1.0,0.02328903,-0.6721687244068747,-inf,0.00028444445,0.24551065,1.0,1.0,0.0
Pericyte,Microglia,RLN3,GPR84,0.12968315,1.0,0.016816797,-0.48949452938644666,-inf,0.00054443994,0.17711471,1.0,1.0,0.15270975,1.0,0.02328903,-0.6721687244068747,-inf,0.00028444445,0.24551065,1.0,1.0,0.0
Oligodendrocyte,Astrocyte,HSPA1A,GRIN2D,0.12968315,1.0,0.016816797,-0.48949452938644666,-inf,0.00054443994,0.17711471,1.0,1.0,0.15270975,1.0,0.02328903,-0.6721687244068747,-inf,0.00028444445,0.24551065,1.0,1.0,0.0
Pericyte,Microglia,PTN,PTPRZ1,0.12968315,1.0,0.016816797,-0.48949452938644666,-inf,0.00054443994,0.17711471,1.0,1.0,0.15270975,1.0,0.02328903,-0.6721687244068747,-inf,0.00028444445,0.24551065,1.0,1.0,0.0
Oligodendrocyte,Endothelial,SCT,GPR84,0.12968315,1.0,0.016816797,-0.48949452938644666,-inf,0.00054443994,0.17711471,1.0,1.0,0.15270975,1.0,0.02328903,-0.6721687244068747,-inf,0.00028444445,0.24551065,1.0,1.0,0.0
Oligodendrocyte,Endothelial,HSPA1A,GRIN2D,0.12968315,1.0,0.016816797,-0.48949452938644666,-inf,0.00054443994,0.17711471,1.0,1.0,0.15270975,1.0,0.02328903,-0.6721687244068747,-inf,0.00028444445,0.24551065,1.0,1.0,0.0
Oligodendrocyte,Endothelial,HP,CD163,0.12968315,1.0,0.016816797,-0.48949452938644666,-inf,0.00054443994,0.17711471,1.0,1.0,0.15270975,1.0,0.02328903,-0.6721687244068747,-inf,0.00028444445,0.24551065,1.0,1.0,0.0
Oligodendrocyte,Endothelial,HP,ASGR1,0.12968315,1.0,0.016816797,-0.48949452938644666,-inf,0.00054443994,0.17711471,1.0,1.0,0.15270975,1.0,0.02328903,-0.6721687244068747,-inf,0.00028444445,0.24551065,1.0,1.0,0.0
Oligodendrocyte,Endothelial,CXCL10,ACKR1,0.12968315,1.0,0.016816797,-0.48949452938644666,-inf,0.00054443994,0.17711471,1.0,1.0,0.15270975,1.0,0.02328903,-0.6721687244068747,-inf,0.00028444445,0.24551065,1.0,1.0,0.0
Microglia,Pericyte,HSPA1A,GRIN2D,0.12968315,1.0,0.016816797,-0.48949452938644666,-inf,0.00054443994,0.17711471,1.0,1.0,0.15270975,1.0,0.02328903,-0.6721687244068747,-inf,0.00028444445,0.24551065,1.0,1.0,0.0
Oligodendrocyte,Endothelial,CXCL10,CCR3,0.12968315,1.0,0.016816797,-0.48949452938644666,-inf,0.00054443994,0.17711471,1.0,1.0,0.15270975,1.0,0.02328903,-0.6721687244068747,-inf,0.00028444445,0.24551065,1.0,1.0,0.0
Microglia,Pericyte,HP,CD163,0.12968315,1.0,0.016816797,-0.48949452938644666,-inf,0.00054443994,0.17711471,1.0,1.0,0.15270975,1.0,0.02328903,-0.6721687244068747,-inf,0.00028444445,0.24551065,1.0,1.0,0.0
Oligodendrocyte,Endothelial,CXCL10,SDC4,0.12968315,1.0,0.016816797,-0.48949452938644666,-inf,0.00054443994,0.17711471,1.0,1.0,0.15270975,1.0,0.02328903,-0.6721687244068747,-inf,0.00028444445,0.24551065,1.0,1.0,0.0
Oligodendrocyte,Endothelial,CXCL12,AVPR1A,0.12968315,1.0,0.016816797,-0.48949452938644666,-inf,0.00054443994,0.17711471,1.0,1.0,0.15270975,1.0,0.02328903,-0.6721687244068747,-inf,0.00028444445,0.24551065,1.0,1.0,0.0
Microglia,Pericyte,CCL7,CCR5,0.12968315,1.0,0.016816797,-0.48949452938644666,-inf,0.00054443994,0.17711471,1.0,1.0,0.15270975,1.0,0.02328903,-0.6721687244068747,-inf,0.00028444445,0.24551065,1.0,1.0,0.0
Microglia,Pericyte,HP,ASGR1,0.12968315,1.0,0.016816797,-0.48949452938644666,-inf,0.00054443994,0.17711471,1.0,1.0,0.15270975,1.0,0.02328903,-0.6721687244068747,-inf,0.00028444445,0.24551065,1.0,1.0,0.0
Microglia,Pericyte,CCL8,CCR3,0.12968315,1.0,0.016816797,-0.48949452938644666,-inf,0.00054443994,0.17711471,1.0,1.0,0.15270975,1.0,0.02328903,-0.6721687244068747,-inf,0.00028444445,0.24551065,1.0,1.0,0.0
Oligodendrocyte,Endothelial,S100A4,CCR5,0.12968315,1.0,0.016816797,-0.48949452938644666,-inf,0.00054443994,0.17711471,1.0,1.0,0.15270975,1.0,0.02328903,-0.6721687244068747,-inf,0.00028444445,0.24551065,1.0,1.0,0.0
Oligodendrocyte,Endothelial,RLN3,RAMP2,0.12968315,1.0,0.016816797,-0.48949452938644666,-inf,0.00054443994,0.17711471,1.0,1.0,0.15270975,1.0,0.02328903,-0.6721687244068747,-inf,0.00028444445,0.24551065,1.0,1.0,0.0
Oligodendrocyte,Endothelial,SELPLG,SELL,0.12968315,1.0,0.016816797,-0.48949452938644666,-inf,0.00054443994,0.17711471,1.0,1.0,0.15270975,1.0,0.02328903,-0.6721687244068747,-inf,0.00028444445,0.24551065,1.0,1.0,0.0
Oligodendrocyte,Endothelial,SNCA,LAG3,0.12968315,1.0,0.016816797,-0.48949452938644666,-inf,0.00054443994,0.17711471,1.0,1.0,0.15270975,1.0,0.02328903,-0.6721687244068747,-inf,0.00028444445,0.24551065,1.0,1.0,0.0
Oligodendrocyte,Astrocyte,CCL5,ACKR1,0.12968315,1.0,0.016816797,-0.48949452938644666,-inf,0.00054443994,0.17711471,1.0,1.0,0.15270975,1.0,0.02328903,-0.6721687244068747,-inf,0.00028444445,0.24551065,1.0,1.0,0.0
Microglia,Pericyte,CCL5,SDC4,0.12968315,1.0,0.016816797,-0.48949452938644666,-inf,0.00054443994,0.17711471,1.0,1.0,0.15270975,1.0,0.02328903,-0.6721687244068747,-inf,0.00028444445,0.24551065,1.0,1.0,0.0
Microglia,Pericyte,CCL5,CCR5,0.12968315,1.0,0.016816797,-0.48949452938644666,-inf,0.00054443994,0.17711471,1.0,1.0,0.15270975,1.0,0.02328903,-0.6721687244068747,-inf,0.00028444445,0.24551065,1.0,1.0,0.0
Microglia,Pericyte,CCL5,CCR3,0.12968315,1.0,0.016816797,-0.48949452938644666,-inf,0.00054443994,0.17711471,1.0,1.0,0.15270975,1.0,0.02328903,-0.6721687244068747,-inf,0.00028444445,0.24551065,1.0,1.0,0.0
Oligodendrocyte,Endothelial,TDGF1,ACVR1C,0.12968315,1.0,0.016816797,-0.48949452938644666,-inf,0.00054443994,0.17711471,1.0,1.0,0.15270975,1.0,0.02328903,-0.6721687244068747,-inf,0.00028444445,0.24551065,1.0,1.0,0.0
Oligodendrocyte,Astrocyte,CXCL2,XCR1,0.12968315,1.0,0.016816797,-0.48949452938644666,-inf,0.00054443994,0.17711471,1.0,1.0,0.15270975,1.0,0.02328903,-0.6721687244068747,-inf,0.00028444445,0.24551065,1.0,1.0,0.0
Microglia,Pericyte,CCL8,ACKR1,0.12968315,1.0,0.016816797,-0.48949452938644666,-inf,0.00054443994,0.17711471,1.0,1.0,0.15270975,1.0,0.02328903,-0.6721687244068747,-inf,0.00028444445,0.24551065,1.0,1.0,0.0
Microglia,Pericyte,CCL8,CCR1,0.12968315,1.0,0.016816797,-0.48949452938644666,-inf,0.00054443994,0.17711471,1.0,1.0,0.15270975,1.0,0.02328903,-0.6721687244068747,-inf,0.00028444445,0.24551065,1.0,1.0,0.0
Oligodendrocyte,Astrocyte,CXCL2,ACKR1,0.12968315,1.0,0.016816797,-0.48949452938644666,-inf,0.00054443994,0.17711471,1.0,1.0,0.15270975,1.0,0.02328903,-0.6721687244068747,-inf,0.00028444445,0.24551065,1.0,1.0,0.0
Microglia,Microglia,NPY,NPY5R,0.12968315,1.0,0.016816797,-0.48949452938644666,-inf,0.00054443994,0.17711471,1.0,1.0,0.15270975,1.0,0.02328903,-0.6721687244068747,-inf,0.00028444445,0.24551065,1.0,1.0,0.0
Microglia,Microglia,CAMP,FPR2,0.12968315,1.0,0.016816797,-0.48949452938644666,-inf,0.00054443994,0.17711471,1.0,1.0,0.15270975,1.0,0.02328903,-0.6721687244068747,-inf,0.00028444445,0.24551065,1.0,1.0,0.0
Microglia,Microglia,CCL28,CCR3,0.12968315,1.0,0.016816797,-0.48949452938644666,-inf,0.00054443994,0.17711471,1.0,1.0,0.15270975,1.0,0.02328903,-0.6721687244068747,-inf,0.00028444445,0.24551065,1.0,1.0,0.0
Microglia,Microglia,CAMP,IGF1R,0.12968315,1.0,0.016816797,-0.48949452938644666,-inf,0.00054443994,0.17711471,1.0,1.0,0.15270975,1.0,0.02328903,-0.6721687244068747,-inf,0.00028444445,0.24551065,1.0,1.0,0.0
Microglia,Microglia,CCL11,ACKR1,0.12968315,1.0,0.016816797,-0.48949452938644666,-inf,0.00054443994,0.17711471,1.0,1.0,0.15270975,1.0,0.02328903,-0.6721687244068747,-inf,0.00028444445,0.24551065,1.0,1.0,0.0
Microglia,Microglia,CCL11,CCR2,0.12968315,1.0,0.016816797,-0.48949452938644666,-inf,0.00054443994,0.17711471,1.0,1.0,0.15270975,1.0,0.02328903,-0.6721687244068747,-inf,0.00028444445,0.24551065,1.0,1.0,0.0
Microglia,Microglia,CCL11,CCR3,0.12968315,1.0,0.016816797,-0.48949452938644666,-inf,0.00054443994,0.17711471,1.0,1.0,0.15270975,1.0,0.02328903,-0.6721687244068747,-inf,0.00028444445,0.24551065,1.0,1.0,0.0
Microglia,Microglia,CCL11,CCR5,0.12968315,1.0,0.016816797,-0.48949452938644666,-inf,0.00054443994,0.17711471,1.0,1.0,0.15270975,1.0,0.02328903,-0.6721687244068747,-inf,0.00028444445,0.24551065,1.0,1.0,0.0
Microglia,Microglia,CCL17,ACKR1,0.12968315,1.0,0.016816797,-0.48949452938644666,-inf,0.00054443994,0.17711471,1.0,1.0,0.15270975,1.0,0.02328903,-0.6721687244068747,-inf,0.00028444445,0.24551065,1.0,1.0,0.0
Microglia,Microglia,CCL19,CCR7,0.12968315,1.0,0.016816797,-0.48949452938644666,-inf,0.00054443994,0.17711471,1.0,1.0,0.15270975,1.0,0.02328903,-0.6721687244068747,-inf,0.00028444445,0.24551065,1.0,1.0,0.0
Microglia,Microglia,CCL2,ACKR1,0.12968315,1.0,0.016816797,-0.48949452938644666,-inf,0.00054443994,0.17711471,1.0,1.0,0.15270975,1.0,0.02328903,-0.6721687244068747,-inf,0.00028444445,0.24551065,1.0,1.0,0.0
Microglia,Microglia,CCL2,CCR2,0.12968315,1.0,0.016816797,-0.48949452938644666,-inf,0.00054443994,0.17711471,1.0,1.0,0.15270975,1.0,0.02328903,-0.6721687244068747,-inf,0.00028444445,0.24551065,1.0,1.0,0.0
Microglia,Microglia,CALCB,RAMP2,0.12968315,1.0,0.016816797,-0.48949452938644666,-inf,0.00054443994,0.17711471,1.0,1.0,0.15270975,1.0,0.02328903,-0.6721687244068747,-inf,0.00028444445,0.24551065,1.0,1.0,0.0
Microglia,Microglia,CCL2,CCR3,0.12968315,1.0,0.016816797,-0.48949452938644666,-inf,0.00054443994,0.17711471,1.0,1.0,0.15270975,1.0,0.02328903,-0.6721687244068747,-inf,0.00028444445,0.24551065,1.0,1.0,0.0
Microglia,Microglia,CCL1,ACKR1,0.12968315,1.0,0.016816797,-0.48949452938644666,-inf,0.00054443994,0.17711471,1.0,1.0,0.15270975,1.0,0.02328903,-0.6721687244068747,-inf,0.00028444445,0.24551065,1.0,1.0,0.0
Astrocyte,Oligodendrocyte,PPBP,CXCR1,0.12968315,1.0,0.016816797,-0.48949452938644666,-inf,0.00054443994,0.17711471,1.0,1.0,0.15270975,1.0,0.02328903,-0.6721687244068747,-inf,0.00028444445,0.24551065,1.0,1.0,0.0
Pericyte,Endothelial,CCL5,CCR3,0.12968315,1.0,0.016816797,-0.48949452938644666,-inf,0.00054443994,0.17711471,1.0,1.0,0.15270975,1.0,0.02328903,-0.6721687244068747,-inf,0.00028444445,0.24551065,1.0,1.0,0.0
Astrocyte,Oligodendrocyte,PNOC,OPRL1,0.12968315,1.0,0.016816797,-0.48949452938644666,-inf,0.00054443994,0.17711471,1.0,1.0,0.15270975,1.0,0.02328903,-0.6721687244068747,-inf,0.00028444445,0.24551065,1.0,1.0,0.0
Oligodendrocyte,Astrocyte,CXCL2,CXCR2,0.12968315,1.0,0.016816797,-0.48949452938644666,-inf,0.00054443994,0.17711471,1.0,1.0,0.15270975,1.0,0.02328903,-0.6721687244068747,-inf,0.00028444445,0.24551065,1.0,1.0,0.0
Oligodendrocyte,Astrocyte,CXCL2,CXCR1,0.12968315,1.0,0.016816797,-0.48949452938644666,-inf,0.00054443994,0.17711471,1.0,1.0,0.15270975,1.0,0.02328903,-0.6721687244068747,-inf,0.00028444445,0.24551065,1.0,1.0,0.0
Microglia,Pericyte,CCL8,CCR2,0.12968315,1.0,0.016816797,-0.48949452938644666,-inf,0.00054443994,0.17711471,1.0,1.0,0.15270975,1.0,0.02328903,-0.6721687244068747,-inf,0.00028444445,0.24551065,1.0,1.0,0.0
Oligodendrocyte,Endothelial,SAA1,FPR1,0.12968315,1.0,0.016816797,-0.48949452938644666,-inf,0.00054443994,0.17711471,1.0,1.0,0.15270975,1.0,0.02328903,-0.6721687244068747,-inf,0.00028444445,0.24551065,1.0,1.0,0.0
Oligodendrocyte,Endothelial,SAA1,FPR2,0.12968315,1.0,0.016816797,-0.48949452938644666,-inf,0.00054443994,0.17711471,1.0,1.0,0.15270975,1.0,0.02328903,-0.6721687244068747,-inf,0.00028444445,0.24551065,1.0,1.0,0.0
Oligodendrocyte,Endothelial,THBS1,SDC4,0.12968315,1.0,0.016816797,-0.48949452938644666,-inf,0.00054443994,0.17711471,1.0,1.0,0.15270975,1.0,0.02328903,-0.6721687244068747,-inf,0.00028444445,0.24551065,1.0,1.0,0.0
Microglia,Astrocyte,CCL17,ACKR1,0.12968315,1.0,0.016816797,-0.48949452938644666,-inf,0.00054443994,0.17711471,1.0,1.0,0.15270975,1.0,0.02328903,-0.6721687244068747,-inf,0.00028444445,0.24551065,1.0,1.0,0.0
Microglia,Pericyte,HDC,HRH3,0.12968315,1.0,0.016816797,-0.48949452938644666,-inf,0.00054443994,0.17711471,1.0,1.0,0.15270975,1.0,0.02328903,-0.6721687244068747,-inf,0.00028444445,0.24551065,1.0,1.0,0.0
Microglia,Pericyte,CCL5,CCR1,0.12968315,1.0,0.016816797,-0.48949452938644666,-inf,0.00054443994,0.17711471,1.0,1.0,0.15270975,1.0,0.02328903,-0.6721687244068747,-inf,0.00028444445,0.24551065,1.0,1.0,0.0
Oligodendrocyte,Endothelial,FN1,MAG,0.12968315,1.0,0.016816797,-0.48949452938644666,-inf,0.00054443994,0.17711471,1.0,1.0,0.15270975,1.0,0.02328903,-0.6721687244068747,-inf,0.00028444445,0.24551065,1.0,1.0,0.0
Oligodendrocyte,Astrocyte,CXCL5,ACKR1,0.12968315,1.0,0.016816797,-0.48949452938644666,-inf,0.00054443994,0.17711471,1.0,1.0,0.15270975,1.0,0.02328903,-0.6721687244068747,-inf,0.00028444445,0.24551065,1.0,1.0,0.0
Microglia,Pericyte,CXCL2,ACKR1,0.12968315,1.0,0.016816797,-0.48949452938644666,-inf,0.00054443994,0.17711471,1.0,1.0,0.15270975,1.0,0.02328903,-0.6721687244068747,-inf,0.00028444445,0.24551065,1.0,1.0,0.0
Oligodendrocyte,Endothelial,GAST,CCKBR,0.12968315,1.0,0.016816797,-0.48949452938644666,-inf,0.00054443994,0.17711471,1.0,1.0,0.15270975,1.0,0.02328903,-0.6721687244068747,-inf,0.00028444445,0.24551065,1.0,1.0,0.0
Oligodendrocyte,Endothelial,GAST,GPR152,0.12968315,1.0,0.016816797,-0.48949452938644666,-inf,0.00054443994,0.17711471,1.0,1.0,0.15270975,1.0,0.02328903,-0.6721687244068747,-inf,0.00028444445,0.24551065,1.0,1.0,0.0
Oligodendrocyte,Astrocyte,CXCL3,CXCR2,0.12968315,1.0,0.016816797,-0.48949452938644666,-inf,0.00054443994,0.17711471,1.0,1.0,0.15270975,1.0,0.02328903,-0.6721687244068747,-inf,0.00028444445,0.24551065,1.0,1.0,0.0
Oligodendrocyte,Endothelial,GZMA,F2RL1,0.12968315,1.0,0.016816797,-0.48949452938644666,-inf,0.00054443994,0.17711471,1.0,1.0,0.15270975,1.0,0.02328903,-0.6721687244068747,-inf,0.00028444445,0.24551065,1.0,1.0,0.0
Oligodendrocyte,Endothelial,HDC,HRH3,0.12968315,1.0,0.016816797,-0.48949452938644666,-inf,0.00054443994,0.17711471,1.0,1.0,0.15270975,1.0,0.02328903,-0.6721687244068747,-inf,0.00028444445,0.24551065,1.0,1.0,0.0
Microglia,Pericyte,CXCL2,CXCR2,0.12968315,1.0,0.016816797,-0.48949452938644666,-inf,0.00054443994,0.17711471,1.0,1.0,0.15270975,1.0,0.02328903,-0.6721687244068747,-inf,0.00028444445,0.24551065,1.0,1.0,0.0
Microglia,Pericyte,CCL7,ACKR1,0.12968315,1.0,0.016816797,-0.48949452938644666,-inf,0.00054443994,0.17711471,1.0,1.0,0.15270975,1.0,0.02328903,-0.6721687244068747,-inf,0.00028444445,0.24551065,1.0,1.0,0.0
Microglia,Pericyte,CXCL2,CXCR1,0.12968315,1.0,0.016816797,-0.48949452938644666,-inf,0.00054443994,0.17711471,1.0,1.0,0.15270975,1.0,0.02328903,-0.6721687244068747,-inf,0.00028444445,0.24551065,1.0,1.0,0.0
Oligodendrocyte,Endothelial,CXCL1,ACKR1,0.12968315,1.0,0.016816797,-0.48949452938644666,-inf,0.00054443994,0.17711471,1.0,1.0,0.15270975,1.0,0.02328903,-0.6721687244068747,-inf,0.00028444445,0.24551065,1.0,1.0,0.0
Microglia,Pericyte,FN1,MAG,0.12968315,1.0,0.016816797,-0.48949452938644666,-inf,0.00054443994,0.17711471,1.0,1.0,0.15270975,1.0,0.02328903,-0.6721687244068747,-inf,0.00028444445,0.24551065,1.0,1.0,0.0
Microglia,Pericyte,FN1,CD79A,0.12968315,1.0,0.016816797,-0.48949452938644666,-inf,0.00054443994,0.17711471,1.0,1.0,0.15270975,1.0,0.02328903,-0.6721687244068747,-inf,0.00028444445,0.24551065,1.0,1.0,0.0
Oligodendrocyte,Astrocyte,CYTL1,CCR2,0.12968315,1.0,0.016816797,-0.48949452938644666,-inf,0.00054443994,0.17711471,1.0,1.0,0.15270975,1.0,0.02328903,-0.6721687244068747,-inf,0.00028444445,0.24551065,1.0,1.0,0.0
Oligodendrocyte,Endothelial,CXCL2,CXCR1,0.12968315,1.0,0.016816797,-0.48949452938644666,-inf,0.00054443994,0.17711471,1.0,1.0,0.15270975,1.0,0.02328903,-0.6721687244068747,-inf,0.00028444445,0.24551065,1.0,1.0,0.0
Oligodendrocyte,Endothelial,CXCL2,CXCR2,0.12968315,1.0,0.016816797,-0.48949452938644666,-inf,0.00054443994,0.17711471,1.0,1.0,0.15270975,1.0,0.02328903,-0.6721687244068747,-inf,0.00028444445,0.24551065,1.0,1.0,0.0
Microglia,Pericyte,FGL1,LAG3,0.12968315,1.0,0.016816797,-0.48949452938644666,-inf,0.00054443994,0.17711471,1.0,1.0,0.15270975,1.0,0.02328903,-0.6721687244068747,-inf,0.00028444445,0.24551065,1.0,1.0,0.0
Microglia,Pericyte,IL34,PTPRZ1,0.12968315,1.0,0.016816797,-0.48949452938644666,-inf,0.00054443994,0.17711471,1.0,1.0,0.15270975,1.0,0.02328903,-0.6721687244068747,-inf,0.00028444445,0.24551065,1.0,1.0,0.0
Microglia,Pericyte,F10,F3,0.12968315,1.0,0.016816797,-0.48949452938644666,-inf,0.00054443994,0.17711471,1.0,1.0,0.15270975,1.0,0.02328903,-0.6721687244068747,-inf,0.00028444445,0.24551065,1.0,1.0,0.0
Microglia,Pericyte,IL6,F3,0.12968315,1.0,0.016816797,-0.48949452938644666,-inf,0.00054443994,0.17711471,1.0,1.0,0.15270975,1.0,0.02328903,-0.6721687244068747,-inf,0.00028444445,0.24551065,1.0,1.0,0.0
Oligodendrocyte,Astrocyte,EDN1,ADGRL4,0.12968315,1.0,0.016816797,-0.48949452938644666,-inf,0.00054443994,0.17711471,1.0,1.0,0.15270975,1.0,0.02328903,-0.6721687244068747,-inf,0.00028444445,0.24551065,1.0,1.0,0.0
Oligodendrocyte,Endothelial,CSF2,CSF1R,0.12968315,1.0,0.016816797,-0.48949452938644666,-inf,0.00054443994,0.17711471,1.0,1.0,0.15270975,1.0,0.02328903,-0.6721687244068747,-inf,0.00028444445,0.24551065,1.0,1.0,0.0
Oligodendrocyte,Endothelial,FN1,CD79A,0.12968315,1.0,0.016816797,-0.48949452938644666,-inf,0.00054443994,0.17711471,1.0,1.0,0.15270975,1.0,0.02328903,-0.6721687244068747,-inf,0.00028444445,0.24551065,1.0,1.0,0.0
Oligodendrocyte,Astrocyte,CXCL5,CXCR1,0.12968315,1.0,0.016816797,-0.48949452938644666,-inf,0.00054443994,0.17711471,1.0,1.0,0.15270975,1.0,0.02328903,-0.6721687244068747,-inf,0.00028444445,0.24551065,1.0,1.0,0.0
Microglia,Pericyte,IL6,MUSK,0.12968315,1.0,0.016816797,-0.48949452938644666,-inf,0.00054443994,0.17711471,1.0,1.0,0.15270975,1.0,0.02328903,-0.6721687244068747,-inf,0.00028444445,0.24551065,1.0,1.0,0.0
Microglia,Pericyte,CCL5,ACKR1,0.12968315,1.0,0.016816797,-0.48949452938644666,-inf,0.00054443994,0.17711471,1.0,1.0,0.15270975,1.0,0.02328903,-0.6721687244068747,-inf,0.00028444445,0.24551065,1.0,1.0,0.0
Oligodendrocyte,Endothelial,VWF,SIRPA,0.12968315,1.0,0.016816797,-0.48949452938644666,-inf,0.00054443994,0.17711471,1.0,1.0,0.15270975,1.0,0.02328903,-0.6721687244068747,-inf,0.00028444445,0.24551065,1.0,1.0,0.0
Oligodendrocyte,Astrocyte,GAST,CCKBR,0.12968315,1.0,0.016816797,-0.48949452938644666,-inf,0.00054443994,0.17711471,1.0,1.0,0.15270975,1.0,0.02328903,-0.6721687244068747,-inf,0.00028444445,0.24551065,1.0,1.0,0.0
Microglia,Pericyte,CXCL12,AVPR1A,0.12968315,1.0,0.016816797,-0.48949452938644666,-inf,0.00054443994,0.17711471,1.0,1.0,0.15270975,1.0,0.02328903,-0.6721687244068747,-inf,0.00028444445,0.24551065,1.0,1.0,0.0
Oligodendrocyte,Endothelial,SCT,RAMP2,0.12968315,1.0,0.016816797,-0.48949452938644666,-inf,0.00054443994,0.17711471,1.0,1.0,0.15270975,1.0,0.02328903,-0.6721687244068747,-inf,0.00028444445,0.24551065,1.0,1.0,0.0
Microglia,Pericyte,CCL7,CCR3,0.12968315,1.0,0.016816797,-0.48949452938644666,-inf,0.00054443994,0.17711471,1.0,1.0,0.15270975,1.0,0.02328903,-0.6721687244068747,-inf,0.00028444445,0.24551065,1.0,1.0,0.0
Microglia,Pericyte,CCL8,CCR5,0.12968315,1.0,0.016816797,-0.48949452938644666,-inf,0.00054443994,0.17711471,1.0,1.0,0.15270975,1.0,0.02328903,-0.6721687244068747,-inf,0.00028444445,0.24551065,1.0,1.0,0.0
Oligodendrocyte,Endothelial,RIMS1,SLC17A7,0.12968315,1.0,0.016816797,-0.48949452938644666,-inf,0.00054443994,0.17711471,1.0,1.0,0.15270975,1.0,0.02328903,-0.6721687244068747,-inf,0.00028444445,0.24551065,1.0,1.0,0.0
Oligodendrocyte,Endothelial,RLN3,GPR84,0.12968315,1.0,0.016816797,-0.48949452938644666,-inf,0.00054443994,0.17711471,1.0,1.0,0.15270975,1.0,0.02328903,-0.6721687244068747,-inf,0.00028444445,0.24551065,1.0,1.0,0.0
Oligodendrocyte,Astrocyte,CXCL12,AVPR1A,0.12968315,1.0,0.016816797,-0.48949452938644666,-inf,0.00054443994,0.17711471,1.0,1.0,0.15270975,1.0,0.02328903,-0.6721687244068747,-inf,0.00028444445,0.24551065,1.0,1.0,0.0
Microglia,Pericyte,GZMA,F2RL1,0.12968315,1.0,0.016816797,-0.48949452938644666,-inf,0.00054443994,0.17711471,1.0,1.0,0.15270975,1.0,0.02328903,-0.6721687244068747,-inf,0.00028444445,0.24551065,1.0,1.0,0.0
Microglia,Pericyte,GAST,GPR152,0.12968315,1.0,0.016816797,-0.48949452938644666,-inf,0.00054443994,0.17711471,1.0,1.0,0.15270975,1.0,0.02328903,-0.6721687244068747,-inf,0.00028444445,0.24551065,1.0,1.0,0.0
Microglia,Pericyte,GAST,CCKBR,0.12968315,1.0,0.016816797,-0.48949452938644666,-inf,0.00054443994,0.17711471,1.0,1.0,0.15270975,1.0,0.02328903,-0.6721687244068747,-inf,0.00028444445,0.24551065,1.0,1.0,0.0
Oligodendrocyte,Endothelial,CXCL1,CXCR1,0.12968315,1.0,0.016816797,-0.48949452938644666,-inf,0.00054443994,0.17711471,1.0,1.0,0.15270975,1.0,0.02328903,-0.6721687244068747,-inf,0.00028444445,0.24551065,1.0,1.0,0.0
Oligodendrocyte,Endothelial,CXCL1,CXCR2,0.12968315,1.0,0.016816797,-0.48949452938644666,-inf,0.00054443994,0.17711471,1.0,1.0,0.15270975,1.0,0.02328903,-0.6721687244068747,-inf,0.00028444445,0.24551065,1.0,1.0,0.0
Oligodendrocyte,Microglia,ADM,GPR84,0.12968315,1.0,0.016816797,-0.48949452938644666,-inf,0.00054443994,0.17711471,1.0,1.0,0.15270975,1.0,0.02328903,-0.6721687244068747,-inf,0.00028444445,0.24551065,1.0,1.0,0.0
Oligodendrocyte,Endothelial,CXCL2,XCR1,0.12968315,1.0,0.016816797,-0.48949452938644666,-inf,0.00054443994,0.17711471,1.0,1.0,0.15270975,1.0,0.02328903,-0.6721687244068747,-inf,0.00028444445,0.24551065,1.0,1.0,0.0
Microglia,Pericyte,EDN1,ADGRL4,0.12968315,1.0,0.016816797,-0.48949452938644666,-inf,0.00054443994,0.17711471,1.0,1.0,0.15270975,1.0,0.02328903,-0.6721687244068747,-inf,0.00028444445,0.24551065,1.0,1.0,0.0
Oligodendrocyte,Astrocyte,CXCL5,CXCR2,0.12968315,1.0,0.016816797,-0.48949452938644666,-inf,0.00054443994,0.17711471,1.0,1.0,0.15270975,1.0,0.02328903,-0.6721687244068747,-inf,0.00028444445,0.24551065,1.0,1.0,0.0
Microglia,Pericyte,CXCL3,ACKR1,0.12968315,1.0,0.016816797,-0.48949452938644666,-inf,0.00054443994,0.17711471,1.0,1.0,0.15270975,1.0,0.02328903,-0.6721687244068747,-inf,0.00028444445,0.24551065,1.0,1.0,0.0
Microglia,Pericyte,CXCL2,XCR1,0.12968315,1.0,0.016816797,-0.48949452938644666,-inf,0.00054443994,0.17711471,1.0,1.0,0.15270975,1.0,0.02328903,-0.6721687244068747,-inf,0.00028444445,0.24551065,1.0,1.0,0.0
Oligodendrocyte,Endothelial,F10,F3,0.12968315,1.0,0.016816797,-0.48949452938644666,-inf,0.00054443994,0.17711471,1.0,1.0,0.15270975,1.0,0.02328903,-0.6721687244068747,-inf,0.00028444445,0.24551065,1.0,1.0,0.0
Oligodendrocyte,Endothelial,FGL1,LAG3,0.12968315,1.0,0.016816797,-0.48949452938644666,-inf,0.00054443994,0.17711471,1.0,1.0,0.15270975,1.0,0.02328903,-0.6721687244068747,-inf,0.00028444445,0.24551065,1.0,1.0,0.0
Oligodendrocyte,Endothelial,TIMP1,CD63,0.12968315,1.0,0.016816797,-0.48949452938644666,-inf,0.00054443994,0.17711471,1.0,1.0,0.15270975,1.0,0.02328903,-0.6721687244068747,-inf,0.00028444445,0.24551065,1.0,1.0,0.0
Microglia,Oligodendrocyte,CCL4,CCR1,0.12968315,1.0,0.016816797,-0.48949452938644666,-inf,0.00054443994,0.17711471,1.0,1.0,0.15270975,1.0,0.02328903,-0.6721687244068747,-inf,0.00028444445,0.24551065,1.0,1.0,0.0
Microglia,Oligodendrocyte,CCL7,CCR2,0.12968315,1.0,0.016816797,-0.48949452938644666,-inf,0.00054443994,0.17711471,1.0,1.0,0.15270975,1.0,0.02328903,-0.6721687244068747,-inf,0.00028444445,0.24551065,1.0,1.0,0.0
Microglia,Oligodendrocyte,CCL7,CCR1,0.12968315,1.0,0.016816797,-0.48949452938644666,-inf,0.00054443994,0.17711471,1.0,1.0,0.15270975,1.0,0.02328903,-0.6721687244068747,-inf,0.00028444445,0.24551065,1.0,1.0,0.0
Microglia,Oligodendrocyte,CXCL2,XCR1,0.12968315,1.0,0.016816797,-0.48949452938644666,-inf,0.00054443994,0.17711471,1.0,1.0,0.15270975,1.0,0.02328903,-0.6721687244068747,-inf,0.00028444445,0.24551065,1.0,1.0,0.0
Microglia,Oligodendrocyte,CXCL3,ACKR1,0.12968315,1.0,0.016816797,-0.48949452938644666,-inf,0.00054443994,0.17711471,1.0,1.0,0.15270975,1.0,0.02328903,-0.6721687244068747,-inf,0.00028444445,0.24551065,1.0,1.0,0.0
Microglia,Oligodendrocyte,CSF3,CSF1R,0.12968315,1.0,0.016816797,-0.48949452938644666,-inf,0.00054443994,0.17711471,1.0,1.0,0.15270975,1.0,0.02328903,-0.6721687244068747,-inf,0.00028444445,0.24551065,1.0,1.0,0.0
Microglia,Oligodendrocyte,CCL11,CCR5,0.12968315,1.0,0.016816797,-0.48949452938644666,-inf,0.00054443994,0.17711471,1.0,1.0,0.15270975,1.0,0.02328903,-0.6721687244068747,-inf,0.00028444445,0.24551065,1.0,1.0,0.0
Microglia,Oligodendrocyte,CCL8,ACKR1,0.12968315,1.0,0.016816797,-0.48949452938644666,-inf,0.00054443994,0.17711471,1.0,1.0,0.15270975,1.0,0.02328903,-0.6721687244068747,-inf,0.00028444445,0.24551065,1.0,1.0,0.0
Microglia,Oligodendrocyte,CCL7,CCR3,0.12968315,1.0,0.016816797,-0.48949452938644666,-inf,0.00054443994,0.17711471,1.0,1.0,0.15270975,1.0,0.02328903,-0.6721687244068747,-inf,0.00028444445,0.24551065,1.0,1.0,0.0
Microglia,Oligodendrocyte,CCL19,CCR7,0.12968315,1.0,0.016816797,-0.48949452938644666,-inf,0.00054443994,0.17711471,1.0,1.0,0.15270975,1.0,0.02328903,-0.6721687244068747,-inf,0.00028444445,0.24551065,1.0,1.0,0.0
Microglia,Oligodendrocyte,CCL2,ACKR1,0.12968315,1.0,0.016816797,-0.48949452938644666,-inf,0.00054443994,0.17711471,1.0,1.0,0.15270975,1.0,0.02328903,-0.6721687244068747,-inf,0.00028444445,0.24551065,1.0,1.0,0.0
Microglia,Oligodendrocyte,CCL2,CCR1,0.12968315,1.0,0.016816797,-0.48949452938644666,-inf,0.00054443994,0.17711471,1.0,1.0,0.15270975,1.0,0.02328903,-0.6721687244068747,-inf,0.00028444445,0.24551065,1.0,1.0,0.0
Microglia,Oligodendrocyte,CXCL2,CXCR1,0.12968315,1.0,0.016816797,-0.48949452938644666,-inf,0.00054443994,0.17711471,1.0,1.0,0.15270975,1.0,0.02328903,-0.6721687244068747,-inf,0.00028444445,0.24551065,1.0,1.0,0.0
Microglia,Oligodendrocyte,CXCL2,CXCR2,0.12968315,1.0,0.016816797,-0.48949452938644666,-inf,0.00054443994,0.17711471,1.0,1.0,0.15270975,1.0,0.02328903,-0.6721687244068747,-inf,0.00028444445,0.24551065,1.0,1.0,0.0
Microglia,Oligodendrocyte,CCL2,CCR2,0.12968315,1.0,0.016816797,-0.48949452938644666,-inf,0.00054443994,0.17711471,1.0,1.0,0.15270975,1.0,0.02328903,-0.6721687244068747,-inf,0.00028444445,0.24551065,1.0,1.0,0.0
Microglia,Oligodendrocyte,CCL24,CCR2,0.12968315,1.0,0.016816797,-0.48949452938644666,-inf,0.00054443994,0.17711471,1.0,1.0,0.15270975,1.0,0.02328903,-0.6721687244068747,-inf,0.00028444445,0.24551065,1.0,1.0,0.0
Microglia,Oligodendrocyte,CCL24,CCR3,0.12968315,1.0,0.016816797,-0.48949452938644666,-inf,0.00054443994,0.17711471,1.0,1.0,0.15270975,1.0,0.02328903,-0.6721687244068747,-inf,0.00028444445,0.24551065,1.0,1.0,0.0
Microglia,Oligodendrocyte,CCL28,CCR3,0.12968315,1.0,0.016816797,-0.48949452938644666,-inf,0.00054443994,0.17711471,1.0,1.0,0.15270975,1.0,0.02328903,-0.6721687244068747,-inf,0.00028444445,0.24551065,1.0,1.0,0.0
Microglia,Oligodendrocyte,CCL3,CCR1,0.12968315,1.0,0.016816797,-0.48949452938644666,-inf,0.00054443994,0.17711471,1.0,1.0,0.15270975,1.0,0.02328903,-0.6721687244068747,-inf,0.00028444445,0.24551065,1.0,1.0,0.0
Microglia,Oligodendrocyte,CCL3,CCR3,0.12968315,1.0,0.016816797,-0.48949452938644666,-inf,0.00054443994,0.17711471,1.0,1.0,0.15270975,1.0,0.02328903,-0.6721687244068747,-inf,0.00028444445,0.24551065,1.0,1.0,0.0
Microglia,Oligodendrocyte,CCL7,CCR5,0.12968315,1.0,0.016816797,-0.48949452938644666,-inf,0.00054443994,0.17711471,1.0,1.0,0.15270975,1.0,0.02328903,-0.6721687244068747,-inf,0.00028444445,0.24551065,1.0,1.0,0.0
Microglia,Oligodendrocyte,CCL3,CCR5,0.12968315,1.0,0.016816797,-0.48949452938644666,-inf,0.00054443994,0.17711471,1.0,1.0,0.15270975,1.0,0.02328903,-0.6721687244068747,-inf,0.00028444445,0.24551065,1.0,1.0,0.0
Microglia,Oligodendrocyte,CCL4,CCR3,0.12968315,1.0,0.016816797,-0.48949452938644666,-inf,0.00054443994,0.17711471,1.0,1.0,0.15270975,1.0,0.02328903,-0.6721687244068747,-inf,0.00028444445,0.24551065,1.0,1.0,0.0
Microglia,Oligodendrocyte,CCL4,CCR5,0.12968315,1.0,0.016816797,-0.48949452938644666,-inf,0.00054443994,0.17711471,1.0,1.0,0.15270975,1.0,0.02328903,-0.6721687244068747,-inf,0.00028444445,0.24551065,1.0,1.0,0.0
Microglia,Oligodendrocyte,CCL2,CCR3,0.12968315,1.0,0.016816797,-0.48949452938644666,-inf,0.00054443994,0.17711471,1.0,1.0,0.15270975,1.0,0.02328903,-0.6721687244068747,-inf,0.00028444445,0.24551065,1.0,1.0,0.0
Microglia,Oligodendrocyte,CCL2,CCR5,0.12968315,1.0,0.016816797,-0.48949452938644666,-inf,0.00054443994,0.17711471,1.0,1.0,0.15270975,1.0,0.02328903,-0.6721687244068747,-inf,0.00028444445,0.24551065,1.0,1.0,0.0
Microglia,Microglia,CALCB,GPR84,0.12968315,1.0,0.016816797,-0.48949452938644666,-inf,0.00054443994,0.17711471,1.0,1.0,0.15270975,1.0,0.02328903,-0.6721687244068747,-inf,0.00028444445,0.24551065,1.0,1.0,0.0
Microglia,Microglia,ADM,RAMP1,0.12968315,1.0,0.016816797,-0.48949452938644666,-inf,0.00054443994,0.17711471,1.0,1.0,0.15270975,1.0,0.02328903,-0.6721687244068747,-inf,0.00028444445,0.24551065,1.0,1.0,0.0
Microglia,Microglia,ANGPTL4,GPIHBP1,0.12968315,1.0,0.016816797,-0.48949452938644666,-inf,0.00054443994,0.17711471,1.0,1.0,0.15270975,1.0,0.02328903,-0.6721687244068747,-inf,0.00028444445,0.24551065,1.0,1.0,0.0
Endothelial,Microglia,TIMP1,CD63,0.12968315,1.0,0.016816797,-0.48949452938644666,-inf,0.00054443994,0.17711471,1.0,1.0,0.15270975,1.0,0.02328903,-0.6721687244068747,-inf,0.00028444445,0.24551065,1.0,1.0,0.0
Endothelial,Microglia,TDGF1,ACVR1C,0.12968315,1.0,0.016816797,-0.48949452938644666,-inf,0.00054443994,0.17711471,1.0,1.0,0.15270975,1.0,0.02328903,-0.6721687244068747,-inf,0.00028444445,0.24551065,1.0,1.0,0.0
Microglia,Microglia,COL3A1,MAG,0.12968315,1.0,0.016816797,-0.48949452938644666,-inf,0.00054443994,0.17711471,1.0,1.0,0.15270975,1.0,0.02328903,-0.6721687244068747,-inf,0.00028444445,0.24551065,1.0,1.0,0.0
Microglia,Microglia,CXCL3,CXCR1,0.12968315,1.0,0.016816797,-0.48949452938644666,-inf,0.00054443994,0.17711471,1.0,1.0,0.15270975,1.0,0.02328903,-0.6721687244068747,-inf,0.00028444445,0.24551065,1.0,1.0,0.0
Microglia,Microglia,CSF2,CSF1R,0.12968315,1.0,0.016816797,-0.48949452938644666,-inf,0.00054443994,0.17711471,1.0,1.0,0.15270975,1.0,0.02328903,-0.6721687244068747,-inf,0.00028444445,0.24551065,1.0,1.0,0.0
Microglia,Microglia,CXCL1,ACKR1,0.12968315,1.0,0.016816797,-0.48949452938644666,-inf,0.00054443994,0.17711471,1.0,1.0,0.15270975,1.0,0.02328903,-0.6721687244068747,-inf,0.00028444445,0.24551065,1.0,1.0,0.0
Microglia,Microglia,CXCL1,CXCR1,0.12968315,1.0,0.016816797,-0.48949452938644666,-inf,0.00054443994,0.17711471,1.0,1.0,0.15270975,1.0,0.02328903,-0.6721687244068747,-inf,0.00028444445,0.24551065,1.0,1.0,0.0
Microglia,Microglia,CXCL1,CXCR2,0.12968315,1.0,0.016816797,-0.48949452938644666,-inf,0.00054443994,0.17711471,1.0,1.0,0.15270975,1.0,0.02328903,-0.6721687244068747,-inf,0.00028444445,0.24551065,1.0,1.0,0.0
Microglia,Microglia,CXCL10,ACKR1,0.12968315,1.0,0.016816797,-0.48949452938644666,-inf,0.00054443994,0.17711471,1.0,1.0,0.15270975,1.0,0.02328903,-0.6721687244068747,-inf,0.00028444445,0.24551065,1.0,1.0,0.0
Microglia,Microglia,CXCL10,CCR3,0.12968315,1.0,0.016816797,-0.48949452938644666,-inf,0.00054443994,0.17711471,1.0,1.0,0.15270975,1.0,0.02328903,-0.6721687244068747,-inf,0.00028444445,0.24551065,1.0,1.0,0.0
Microglia,Microglia,CXCL12,AVPR1A,0.12968315,1.0,0.016816797,-0.48949452938644666,-inf,0.00054443994,0.17711471,1.0,1.0,0.15270975,1.0,0.02328903,-0.6721687244068747,-inf,0.00028444445,0.24551065,1.0,1.0,0.0
Pericyte,Pericyte,VWF,SIRPA,0.12968315,1.0,0.016816797,-0.48949452938644666,-inf,0.00054443994,0.17711471,1.0,1.0,0.15270975,1.0,0.02328903,-0.6721687244068747,-inf,0.00028444445,0.24551065,1.0,1.0,0.0
Endothelial,Microglia,THBS1,SDC4,0.12968315,1.0,0.016816797,-0.48949452938644666,-inf,0.00054443994,0.17711471,1.0,1.0,0.15270975,1.0,0.02328903,-0.6721687244068747,-inf,0.00028444445,0.24551065,1.0,1.0,0.0
Microglia,Microglia,CXCL2,ACKR1,0.12968315,1.0,0.016816797,-0.48949452938644666,-inf,0.00054443994,0.17711471,1.0,1.0,0.15270975,1.0,0.02328903,-0.6721687244068747,-inf,0.00028444445,0.24551065,1.0,1.0,0.0
Microglia,Microglia,CXCL2,CXCR2,0.12968315,1.0,0.016816797,-0.48949452938644666,-inf,0.00054443994,0.17711471,1.0,1.0,0.15270975,1.0,0.02328903,-0.6721687244068747,-inf,0.00028444445,0.24551065,1.0,1.0,0.0
Microglia,Microglia,CXCL2,XCR1,0.12968315,1.0,0.016816797,-0.48949452938644666,-inf,0.00054443994,0.17711471,1.0,1.0,0.15270975,1.0,0.02328903,-0.6721687244068747,-inf,0.00028444445,0.24551065,1.0,1.0,0.0
Microglia,Microglia,CSF3,CSF1R,0.12968315,1.0,0.016816797,-0.48949452938644666,-inf,0.00054443994,0.17711471,1.0,1.0,0.15270975,1.0,0.02328903,-0.6721687244068747,-inf,0.00028444445,0.24551065,1.0,1.0,0.0
Microglia,Oligodendrocyte,CXCL3,CXCR2,0.12968315,1.0,0.016816797,-0.48949452938644666,-inf,0.00054443994,0.17711471,1.0,1.0,0.15270975,1.0,0.02328903,-0.6721687244068747,-inf,0.00028444445,0.24551065,1.0,1.0,0.0
Microglia,Astrocyte,CCL11,CCR5,0.12968315,1.0,0.016816797,-0.48949452938644666,-inf,0.00054443994,0.17711471,1.0,1.0,0.15270975,1.0,0.02328903,-0.6721687244068747,-inf,0.00028444445,0.24551065,1.0,1.0,0.0
Microglia,Astrocyte,CCL11,CCR2,0.12968315,1.0,0.016816797,-0.48949452938644666,-inf,0.00054443994,0.17711471,1.0,1.0,0.15270975,1.0,0.02328903,-0.6721687244068747,-inf,0.00028444445,0.24551065,1.0,1.0,0.0
Endothelial,Microglia,SELPLG,SELL,0.12968315,1.0,0.016816797,-0.48949452938644666,-inf,0.00054443994,0.17711471,1.0,1.0,0.15270975,1.0,0.02328903,-0.6721687244068747,-inf,0.00028444445,0.24551065,1.0,1.0,0.0
Endothelial,Microglia,SNCA,LAG3,0.12968315,1.0,0.016816797,-0.48949452938644666,-inf,0.00054443994,0.17711471,1.0,1.0,0.15270975,1.0,0.02328903,-0.6721687244068747,-inf,0.00028444445,0.24551065,1.0,1.0,0.0
Microglia,Microglia,CXCL2,CXCR1,0.12968315,1.0,0.016816797,-0.48949452938644666,-inf,0.00054443994,0.17711471,1.0,1.0,0.15270975,1.0,0.02328903,-0.6721687244068747,-inf,0.00028444445,0.24551065,1.0,1.0,0.0
Microglia,Oligodendrocyte,CCL4,GPR152,0.12968315,1.0,0.016816797,-0.48949452938644666,-inf,0.00054443994,0.17711471,1.0,1.0,0.15270975,1.0,0.02328903,-0.6721687244068747,-inf,0.00028444445,0.24551065,1.0,1.0,0.0
Microglia,Oligodendrocyte,CXCL2,ACKR1,0.12968315,1.0,0.016816797,-0.48949452938644666,-inf,0.00054443994,0.17711471,1.0,1.0,0.15270975,1.0,0.02328903,-0.6721687244068747,-inf,0.00028444445,0.24551065,1.0,1.0,0.0
Microglia,Oligodendrocyte,CXCL10,CCR3,0.12968315,1.0,0.016816797,-0.48949452938644666,-inf,0.00054443994,0.17711471,1.0,1.0,0.15270975,1.0,0.02328903,-0.6721687244068747,-inf,0.00028444445,0.24551065,1.0,1.0,0.0
Microglia,Microglia,RIMS1,SLC17A7,0.12968315,1.0,0.016816797,-0.48949452938644666,-inf,0.00054443994,0.17711471,1.0,1.0,0.15270975,1.0,0.02328903,-0.6721687244068747,-inf,0.00028444445,0.24551065,1.0,1.0,0.0
Microglia,Microglia,CCL5,CCR5,0.12968315,1.0,0.016816797,-0.48949452938644666,-inf,0.00054443994,0.17711471,1.0,1.0,0.15270975,1.0,0.02328903,-0.6721687244068747,-inf,0.00028444445,0.24551065,1.0,1.0,0.0
Microglia,Microglia,CCL5,SDC4,0.12968315,1.0,0.016816797,-0.48949452938644666,-inf,0.00054443994,0.17711471,1.0,1.0,0.15270975,1.0,0.02328903,-0.6721687244068747,-inf,0.00028444445,0.24551065,1.0,1.0,0.0
Microglia,Microglia,CCL7,ACKR1,0.12968315,1.0,0.016816797,-0.48949452938644666,-inf,0.00054443994,0.17711471,1.0,1.0,0.15270975,1.0,0.02328903,-0.6721687244068747,-inf,0.00028444445,0.24551065,1.0,1.0,0.0
Microglia,Microglia,CCL24,CCR2,0.12968315,1.0,0.016816797,-0.48949452938644666,-inf,0.00054443994,0.17711471,1.0,1.0,0.15270975,1.0,0.02328903,-0.6721687244068747,-inf,0.00028444445,0.24551065,1.0,1.0,0.0
Microglia,Microglia,CCL7,CCR2,0.12968315,1.0,0.016816797,-0.48949452938644666,-inf,0.00054443994,0.17711471,1.0,1.0,0.15270975,1.0,0.02328903,-0.6721687244068747,-inf,0.00028444445,0.24551065,1.0,1.0,0.0
Microglia,Microglia,CALCB,RAMP1,0.12968315,1.0,0.016816797,-0.48949452938644666,-inf,0.00054443994,0.17711471,1.0,1.0,0.15270975,1.0,0.02328903,-0.6721687244068747,-inf,0.00028444445,0.24551065,1.0,1.0,0.0
Microglia,Microglia,CCL4,CCR3,0.12968315,1.0,0.016816797,-0.48949452938644666,-inf,0.00054443994,0.17711471,1.0,1.0,0.15270975,1.0,0.02328903,-0.6721687244068747,-inf,0.00028444445,0.24551065,1.0,1.0,0.0
Microglia,Microglia,CALCA,GPR84,0.12968315,1.0,0.016816797,-0.48949452938644666,-inf,0.00054443994,0.17711471,1.0,1.0,0.15270975,1.0,0.02328903,-0.6721687244068747,-inf,0.00028444445,0.24551065,1.0,1.0,0.0
Microglia,Endothelial,SELPLG,SELL,0.12968315,1.0,0.016816797,-0.48949452938644666,-inf,0.00054443994,0.17711471,1.0,1.0,0.15270975,1.0,0.02328903,-0.6721687244068747,-inf,0.00028444445,0.24551065,1.0,1.0,0.0
Astrocyte,Oligodendrocyte,MFGE8,PDGFRB,0.12968315,1.0,0.016816797,-0.48949452938644666,-inf,0.00054443994,0.17711471,1.0,1.0,0.15270975,1.0,0.02328903,-0.6721687244068747,-inf,0.00028444445,0.24551065,1.0,1.0,0.0
Microglia,Endothelial,TDGF1,ACVR1C,0.12968315,1.0,0.016816797,-0.48949452938644666,-inf,0.00054443994,0.17711471,1.0,1.0,0.15270975,1.0,0.02328903,-0.6721687244068747,-inf,0.00028444445,0.24551065,1.0,1.0,0.0
Microglia,Endothelial,THBS1,SDC4,0.12968315,1.0,0.016816797,-0.48949452938644666,-inf,0.00054443994,0.17711471,1.0,1.0,0.15270975,1.0,0.02328903,-0.6721687244068747,-inf,0.00028444445,0.24551065,1.0,1.0,0.0
Microglia,Endothelial,TIMP1,CD63,0.12968315,1.0,0.016816797,-0.48949452938644666,-inf,0.00054443994,0.17711471,1.0,1.0,0.15270975,1.0,0.02328903,-0.6721687244068747,-inf,0.00028444445,0.24551065,1.0,1.0,0.0
Microglia,Endothelial,VWF,SIRPA,0.12968315,1.0,0.016816797,-0.48949452938644666,-inf,0.00054443994,0.17711471,1.0,1.0,0.15270975,1.0,0.02328903,-0.6721687244068747,-inf,0.00028444445,0.24551065,1.0,1.0,0.0
Microglia,Endothelial,XCL1,XCR1,0.12968315,1.0,0.016816797,-0.48949452938644666,-inf,0.00054443994,0.17711471,1.0,1.0,0.15270975,1.0,0.02328903,-0.6721687244068747,-inf,0.00028444445,0.24551065,1.0,1.0,0.0
Microglia,Microglia,ADM,GPR84,0.12968315,1.0,0.016816797,-0.48949452938644666,-inf,0.00054443994,0.17711471,1.0,1.0,0.15270975,1.0,0.02328903,-0.6721687244068747,-inf,0.00028444445,0.24551065,1.0,1.0,0.0
Microglia,Endothelial,SCT,RAMP2,0.12968315,1.0,0.016816797,-0.48949452938644666,-inf,0.00054443994,0.17711471,1.0,1.0,0.15270975,1.0,0.02328903,-0.6721687244068747,-inf,0.00028444445,0.24551065,1.0,1.0,0.0
Microglia,Oligodendrocyte,CCL5,CCR1,0.12968315,1.0,0.016816797,-0.48949452938644666,-inf,0.00054443994,0.17711471,1.0,1.0,0.15270975,1.0,0.02328903,-0.6721687244068747,-inf,0.00028444445,0.24551065,1.0,1.0,0.0
Microglia,Microglia,CCL3,CCR3,0.12968315,1.0,0.016816797,-0.48949452938644666,-inf,0.00054443994,0.17711471,1.0,1.0,0.15270975,1.0,0.02328903,-0.6721687244068747,-inf,0.00028444445,0.24551065,1.0,1.0,0.0
Microglia,Microglia,CCL24,CCR3,0.12968315,1.0,0.016816797,-0.48949452938644666,-inf,0.00054443994,0.17711471,1.0,1.0,0.15270975,1.0,0.02328903,-0.6721687244068747,-inf,0.00028444445,0.24551065,1.0,1.0,0.0
Microglia,Oligodendrocyte,CCL5,CCR5,0.12968315,1.0,0.016816797,-0.48949452938644666,-inf,0.00054443994,0.17711471,1.0,1.0,0.15270975,1.0,0.02328903,-0.6721687244068747,-inf,0.00028444445,0.24551065,1.0,1.0,0.0
Microglia,Oligodendrocyte,CCL5,SDC4,0.12968315,1.0,0.016816797,-0.48949452938644666,-inf,0.00054443994,0.17711471,1.0,1.0,0.15270975,1.0,0.02328903,-0.6721687244068747,-inf,0.00028444445,0.24551065,1.0,1.0,0.0
Microglia,Oligodendrocyte,CCL7,ACKR1,0.12968315,1.0,0.016816797,-0.48949452938644666,-inf,0.00054443994,0.17711471,1.0,1.0,0.15270975,1.0,0.02328903,-0.6721687244068747,-inf,0.00028444445,0.24551065,1.0,1.0,0.0
Microglia,Microglia,CCL5,CCR3,0.12968315,1.0,0.016816797,-0.48949452938644666,-inf,0.00054443994,0.17711471,1.0,1.0,0.15270975,1.0,0.02328903,-0.6721687244068747,-inf,0.00028444445,0.24551065,1.0,1.0,0.0
Oligodendrocyte,Endothelial,CSF3,CSF1R,0.12968315,1.0,0.016816797,-0.48949452938644666,-inf,0.00054443994,0.17711471,1.0,1.0,0.15270975,1.0,0.02328903,-0.6721687244068747,-inf,0.00028444445,0.24551065,1.0,1.0,0.0
Microglia,Microglia,CCL5,CCR1,0.12968315,1.0,0.016816797,-0.48949452938644666,-inf,0.00054443994,0.17711471,1.0,1.0,0.15270975,1.0,0.02328903,-0.6721687244068747,-inf,0.00028444445,0.24551065,1.0,1.0,0.0
Microglia,Microglia,CCL4,GPR152,0.12968315,1.0,0.016816797,-0.48949452938644666,-inf,0.00054443994,0.17711471,1.0,1.0,0.15270975,1.0,0.02328903,-0.6721687244068747,-inf,0.00028444445,0.24551065,1.0,1.0,0.0
Microglia,Microglia,NTS,NTSR2,0.12968315,1.0,0.016816797,-0.48949452938644666,-inf,0.00054443994,0.17711471,1.0,1.0,0.15270975,1.0,0.02328903,-0.6721687244068747,-inf,0.00028444445,0.24551065,1.0,1.0,0.0
Microglia,Oligodendrocyte,CCL11,CCR3,0.12968315,1.0,0.016816797,-0.48949452938644666,-inf,0.00054443994,0.17711471,1.0,1.0,0.15270975,1.0,0.02328903,-0.6721687244068747,-inf,0.00028444445,0.24551065,1.0,1.0,0.0
Microglia,Oligodendrocyte,CCL17,ACKR1,0.12968315,1.0,0.016816797,-0.48949452938644666,-inf,0.00054443994,0.17711471,1.0,1.0,0.15270975,1.0,0.02328903,-0.6721687244068747,-inf,0.00028444445,0.24551065,1.0,1.0,0.0
Microglia,Oligodendrocyte,CCL8,CCR2,0.12968315,1.0,0.016816797,-0.48949452938644666,-inf,0.00054443994,0.17711471,1.0,1.0,0.15270975,1.0,0.02328903,-0.6721687244068747,-inf,0.00028444445,0.24551065,1.0,1.0,0.0
Microglia,Oligodendrocyte,CCL8,CCR3,0.12968315,1.0,0.016816797,-0.48949452938644666,-inf,0.00054443994,0.17711471,1.0,1.0,0.15270975,1.0,0.02328903,-0.6721687244068747,-inf,0.00028444445,0.24551065,1.0,1.0,0.0
Microglia,Oligodendrocyte,CCL8,CCR5,0.12968315,1.0,0.016816797,-0.48949452938644666,-inf,0.00054443994,0.17711471,1.0,1.0,0.15270975,1.0,0.02328903,-0.6721687244068747,-inf,0.00028444445,0.24551065,1.0,1.0,0.0
Microglia,Oligodendrocyte,CD177,PECAM1,0.12968315,1.0,0.016816797,-0.48949452938644666,-inf,0.00054443994,0.17711471,1.0,1.0,0.15270975,1.0,0.02328903,-0.6721687244068747,-inf,0.00028444445,0.24551065,1.0,1.0,0.0
Microglia,Oligodendrocyte,CD34,SELL,0.12968315,1.0,0.016816797,-0.48949452938644666,-inf,0.00054443994,0.17711471,1.0,1.0,0.15270975,1.0,0.02328903,-0.6721687244068747,-inf,0.00028444445,0.24551065,1.0,1.0,0.0
Microglia,Oligodendrocyte,CXCL12,AVPR1A,0.12968315,1.0,0.016816797,-0.48949452938644666,-inf,0.00054443994,0.17711471,1.0,1.0,0.15270975,1.0,0.02328903,-0.6721687244068747,-inf,0.00028444445,0.24551065,1.0,1.0,0.0
Microglia,Oligodendrocyte,CD40LG,CD53,0.12968315,1.0,0.016816797,-0.48949452938644666,-inf,0.00054443994,0.17711471,1.0,1.0,0.15270975,1.0,0.02328903,-0.6721687244068747,-inf,0.00028444445,0.24551065,1.0,1.0,0.0
Microglia,Oligodendrocyte,CFP,NCR1,0.12968315,1.0,0.016816797,-0.48949452938644666,-inf,0.00054443994,0.17711471,1.0,1.0,0.15270975,1.0,0.02328903,-0.6721687244068747,-inf,0.00028444445,0.24551065,1.0,1.0,0.0
Microglia,Oligodendrocyte,CGA,GPR84,0.12968315,1.0,0.016816797,-0.48949452938644666,-inf,0.00054443994,0.17711471,1.0,1.0,0.15270975,1.0,0.02328903,-0.6721687244068747,-inf,0.00028444445,0.24551065,1.0,1.0,0.0
Microglia,Oligodendrocyte,CGA,RAMP2,0.12968315,1.0,0.016816797,-0.48949452938644666,-inf,0.00054443994,0.17711471,1.0,1.0,0.15270975,1.0,0.02328903,-0.6721687244068747,-inf,0.00028444445,0.24551065,1.0,1.0,0.0
Microglia,Oligodendrocyte,COL3A1,MAG,0.12968315,1.0,0.016816797,-0.48949452938644666,-inf,0.00054443994,0.17711471,1.0,1.0,0.15270975,1.0,0.02328903,-0.6721687244068747,-inf,0.00028444445,0.24551065,1.0,1.0,0.0
Microglia,Oligodendrocyte,CCL8,CCR1,0.12968315,1.0,0.016816797,-0.48949452938644666,-inf,0.00054443994,0.17711471,1.0,1.0,0.15270975,1.0,0.02328903,-0.6721687244068747,-inf,0.00028444445,0.24551065,1.0,1.0,0.0
Microglia,Oligodendrocyte,CSF2,CSF1R,0.12968315,1.0,0.016816797,-0.48949452938644666,-inf,0.00054443994,0.17711471,1.0,1.0,0.15270975,1.0,0.02328903,-0.6721687244068747,-inf,0.00028444445,0.24551065,1.0,1.0,0.0
Microglia,Oligodendrocyte,CXCL1,ACKR1,0.12968315,1.0,0.016816797,-0.48949452938644666,-inf,0.00054443994,0.17711471,1.0,1.0,0.15270975,1.0,0.02328903,-0.6721687244068747,-inf,0.00028444445,0.24551065,1.0,1.0,0.0
Microglia,Oligodendrocyte,CXCL1,CXCR1,0.12968315,1.0,0.016816797,-0.48949452938644666,-inf,0.00054443994,0.17711471,1.0,1.0,0.15270975,1.0,0.02328903,-0.6721687244068747,-inf,0.00028444445,0.24551065,1.0,1.0,0.0
Microglia,Oligodendrocyte,CXCL1,CXCR2,0.12968315,1.0,0.016816797,-0.48949452938644666,-inf,0.00054443994,0.17711471,1.0,1.0,0.15270975,1.0,0.02328903,-0.6721687244068747,-inf,0.00028444445,0.24551065,1.0,1.0,0.0
Microglia,Oligodendrocyte,CXCL10,ACKR1,0.12968315,1.0,0.016816797,-0.48949452938644666,-inf,0.00054443994,0.17711471,1.0,1.0,0.15270975,1.0,0.02328903,-0.6721687244068747,-inf,0.00028444445,0.24551065,1.0,1.0,0.0
Microglia,Oligodendrocyte,CD40LG,CD9,0.12968315,1.0,0.016816797,-0.48949452938644666,-inf,0.00054443994,0.17711471,1.0,1.0,0.15270975,1.0,0.02328903,-0.6721687244068747,-inf,0.00028444445,0.24551065,1.0,1.0,0.0
Microglia,Oligodendrocyte,CCL5,ACKR1,0.12968315,1.0,0.016816797,-0.48949452938644666,-inf,0.00054443994,0.17711471,1.0,1.0,0.15270975,1.0,0.02328903,-0.6721687244068747,-inf,0.00028444445,0.24551065,1.0,1.0,0.0
Microglia,Oligodendrocyte,CCL5,CCR3,0.12968315,1.0,0.016816797,-0.48949452938644666,-inf,0.00054443994,0.17711471,1.0,1.0,0.15270975,1.0,0.02328903,-0.6721687244068747,-inf,0.00028444445,0.24551065,1.0,1.0,0.0
Microglia,Microglia,CCL5,ACKR1,0.12968315,1.0,0.016816797,-0.48949452938644666,-inf,0.00054443994,0.17711471,1.0,1.0,0.15270975,1.0,0.02328903,-0.6721687244068747,-inf,0.00028444445,0.24551065,1.0,1.0,0.0
Oligodendrocyte,Endothelial,CD40LG,CD53,0.12968315,1.0,0.016816797,-0.48949452938644666,-inf,0.00054443994,0.17711471,1.0,1.0,0.15270975,1.0,0.02328903,-0.6721687244068747,-inf,0.00028444445,0.24551065,1.0,1.0,0.0
Oligodendrocyte,Endothelial,CD40LG,CD9,0.12968315,1.0,0.016816797,-0.48949452938644666,-inf,0.00054443994,0.17711471,1.0,1.0,0.15270975,1.0,0.02328903,-0.6721687244068747,-inf,0.00028444445,0.24551065,1.0,1.0,0.0
Microglia,Pericyte,MSMP,CCR2,0.12968315,1.0,0.016816797,-0.48949452938644666,-inf,0.00054443994,0.17711471,1.0,1.0,0.15270975,1.0,0.02328903,-0.6721687244068747,-inf,0.00028444445,0.24551065,1.0,1.0,0.0
Pericyte,Oligodendrocyte,APP,FPR2,0.12968315,1.0,0.016816797,-0.48949452938644666,-inf,0.00054443994,0.17711471,1.0,1.0,0.15270975,1.0,0.02328903,-0.6721687244068747,-inf,0.00028444445,0.24551065,1.0,1.0,0.0
Pericyte,Oligodendrocyte,B2M,KLRC1,0.12968315,1.0,0.016816797,-0.48949452938644666,-inf,0.00054443994,0.17711471,1.0,1.0,0.15270975,1.0,0.02328903,-0.6721687244068747,-inf,0.00028444445,0.24551065,1.0,1.0,0.0
Pericyte,Oligodendrocyte,B2M,KLRC2,0.12968315,1.0,0.016816797,-0.48949452938644666,-inf,0.00054443994,0.17711471,1.0,1.0,0.15270975,1.0,0.02328903,-0.6721687244068747,-inf,0.00028444445,0.24551065,1.0,1.0,0.0
Pericyte,Oligodendrocyte,B2M,KLRD1,0.12968315,1.0,0.016816797,-0.48949452938644666,-inf,0.00054443994,0.17711471,1.0,1.0,0.15270975,1.0,0.02328903,-0.6721687244068747,-inf,0.00028444445,0.24551065,1.0,1.0,0.0
Pericyte,Microglia,CXCL5,CXCR1,0.12968315,1.0,0.016816797,-0.48949452938644666,-inf,0.00054443994,0.17711471,1.0,1.0,0.15270975,1.0,0.02328903,-0.6721687244068747,-inf,0.00028444445,0.24551065,1.0,1.0,0.0
Pericyte,Microglia,BSG,SLC16A1,0.12968315,1.0,0.016816797,-0.48949452938644666,-inf,0.00054443994,0.17711471,1.0,1.0,0.15270975,1.0,0.02328903,-0.6721687244068747,-inf,0.00028444445,0.24551065,1.0,1.0,0.0
Pericyte,Oligodendrocyte,BMP8A,TGFBR1,0.12968315,1.0,0.016816797,-0.48949452938644666,-inf,0.00054443994,0.17711471,1.0,1.0,0.15270975,1.0,0.02328903,-0.6721687244068747,-inf,0.00028444445,0.24551065,1.0,1.0,0.0
Pericyte,Oligodendrocyte,CALCB,RAMP1,0.12968315,1.0,0.016816797,-0.48949452938644666,-inf,0.00054443994,0.17711471,1.0,1.0,0.15270975,1.0,0.02328903,-0.6721687244068747,-inf,0.00028444445,0.24551065,1.0,1.0,0.0
Pericyte,Oligodendrocyte,CALCB,RAMP2,0.12968315,1.0,0.016816797,-0.48949452938644666,-inf,0.00054443994,0.17711471,1.0,1.0,0.15270975,1.0,0.02328903,-0.6721687244068747,-inf,0.00028444445,0.24551065,1.0,1.0,0.0
Pericyte,Oligodendrocyte,CAMP,FPR2,0.12968315,1.0,0.016816797,-0.48949452938644666,-inf,0.00054443994,0.17711471,1.0,1.0,0.15270975,1.0,0.02328903,-0.6721687244068747,-inf,0.00028444445,0.24551065,1.0,1.0,0.0
Pericyte,Oligodendrocyte,APOB,TREM2,0.12968315,1.0,0.016816797,-0.48949452938644666,-inf,0.00054443994,0.17711471,1.0,1.0,0.15270975,1.0,0.02328903,-0.6721687244068747,-inf,0.00028444445,0.24551065,1.0,1.0,0.0
Pericyte,Oligodendrocyte,CAMP,IGF1R,0.12968315,1.0,0.016816797,-0.48949452938644666,-inf,0.00054443994,0.17711471,1.0,1.0,0.15270975,1.0,0.02328903,-0.6721687244068747,-inf,0.00028444445,0.24551065,1.0,1.0,0.0
Pericyte,Oligodendrocyte,CCL11,ACKR1,0.12968315,1.0,0.016816797,-0.48949452938644666,-inf,0.00054443994,0.17711471,1.0,1.0,0.15270975,1.0,0.02328903,-0.6721687244068747,-inf,0.00028444445,0.24551065,1.0,1.0,0.0
Pericyte,Oligodendrocyte,CCL11,CCR2,0.12968315,1.0,0.016816797,-0.48949452938644666,-inf,0.00054443994,0.17711471,1.0,1.0,0.15270975,1.0,0.02328903,-0.6721687244068747,-inf,0.00028444445,0.24551065,1.0,1.0,0.0
Pericyte,Oligodendrocyte,CCL11,CCR3,0.12968315,1.0,0.016816797,-0.48949452938644666,-inf,0.00054443994,0.17711471,1.0,1.0,0.15270975,1.0,0.02328903,-0.6721687244068747,-inf,0.00028444445,0.24551065,1.0,1.0,0.0
Pericyte,Oligodendrocyte,CCL11,CCR5,0.12968315,1.0,0.016816797,-0.48949452938644666,-inf,0.00054443994,0.17711471,1.0,1.0,0.15270975,1.0,0.02328903,-0.6721687244068747,-inf,0.00028444445,0.24551065,1.0,1.0,0.0
Pericyte,Oligodendrocyte,CCL17,ACKR1,0.12968315,1.0,0.016816797,-0.48949452938644666,-inf,0.00054443994,0.17711471,1.0,1.0,0.15270975,1.0,0.02328903,-0.6721687244068747,-inf,0.00028444445,0.24551065,1.0,1.0,0.0
Pericyte,Oligodendrocyte,CALCB,GPR84,0.12968315,1.0,0.016816797,-0.48949452938644666,-inf,0.00054443994,0.17711471,1.0,1.0,0.15270975,1.0,0.02328903,-0.6721687244068747,-inf,0.00028444445,0.24551065,1.0,1.0,0.0
Pericyte,Microglia,CALCA,GPR84,0.12968315,1.0,0.016816797,-0.48949452938644666,-inf,0.00054443994,0.17711471,1.0,1.0,0.15270975,1.0,0.02328903,-0.6721687244068747,-inf,0.00028444445,0.24551065,1.0,1.0,0.0
Pericyte,Endothelial,SAA1,FPR2,0.12968315,1.0,0.016816797,-0.48949452938644666,-inf,0.00054443994,0.17711471,1.0,1.0,0.15270975,1.0,0.02328903,-0.6721687244068747,-inf,0.00028444445,0.24551065,1.0,1.0,0.0
Pericyte,Endothelial,PGLYRP1,TREM1,0.12968315,1.0,0.016816797,-0.48949452938644666,-inf,0.00054443994,0.17711471,1.0,1.0,0.15270975,1.0,0.02328903,-0.6721687244068747,-inf,0.00028444445,0.24551065,1.0,1.0,0.0
Pericyte,Oligodendrocyte,CCL8,CCR1,0.12968315,1.0,0.016816797,-0.48949452938644666,-inf,0.00054443994,0.17711471,1.0,1.0,0.15270975,1.0,0.02328903,-0.6721687244068747,-inf,0.00028444445,0.24551065,1.0,1.0,0.0
Pericyte,Oligodendrocyte,CCL1,ACKR1,0.12968315,1.0,0.016816797,-0.48949452938644666,-inf,0.00054443994,0.17711471,1.0,1.0,0.15270975,1.0,0.02328903,-0.6721687244068747,-inf,0.00028444445,0.24551065,1.0,1.0,0.0
Pericyte,Oligodendrocyte,APOB,LSR,0.12968315,1.0,0.016816797,-0.48949452938644666,-inf,0.00054443994,0.17711471,1.0,1.0,0.15270975,1.0,0.02328903,-0.6721687244068747,-inf,0.00028444445,0.24551065,1.0,1.0,0.0
Pericyte,Oligodendrocyte,ANXA1,FPR1,0.12968315,1.0,0.016816797,-0.48949452938644666,-inf,0.00054443994,0.17711471,1.0,1.0,0.15270975,1.0,0.02328903,-0.6721687244068747,-inf,0.00028444445,0.24551065,1.0,1.0,0.0
Pericyte,Oligodendrocyte,ANGPTL4,GPIHBP1,0.12968315,1.0,0.016816797,-0.48949452938644666,-inf,0.00054443994,0.17711471,1.0,1.0,0.15270975,1.0,0.02328903,-0.6721687244068747,-inf,0.00028444445,0.24551065,1.0,1.0,0.0
Pericyte,Endothelial,SCT,RAMP2,0.12968315,1.0,0.016816797,-0.48949452938644666,-inf,0.00054443994,0.17711471,1.0,1.0,0.15270975,1.0,0.02328903,-0.6721687244068747,-inf,0.00028444445,0.24551065,1.0,1.0,0.0
Pericyte,Endothelial,SELPLG,SELL,0.12968315,1.0,0.016816797,-0.48949452938644666,-inf,0.00054443994,0.17711471,1.0,1.0,0.15270975,1.0,0.02328903,-0.6721687244068747,-inf,0.00028444445,0.24551065,1.0,1.0,0.0
Pericyte,Endothelial,SNCA,LAG3,0.12968315,1.0,0.016816797,-0.48949452938644666,-inf,0.00054443994,0.17711471,1.0,1.0,0.15270975,1.0,0.02328903,-0.6721687244068747,-inf,0.00028444445,0.24551065,1.0,1.0,0.0
Pericyte,Endothelial,TDGF1,ACVR1C,0.12968315,1.0,0.016816797,-0.48949452938644666,-inf,0.00054443994,0.17711471,1.0,1.0,0.15270975,1.0,0.02328903,-0.6721687244068747,-inf,0.00028444445,0.24551065,1.0,1.0,0.0
Pericyte,Endothelial,TNF,FAS,0.12968315,1.0,0.016816797,-0.48949452938644666,-inf,0.00054443994,0.17711471,1.0,1.0,0.15270975,1.0,0.02328903,-0.6721687244068747,-inf,0.00028444445,0.24551065,1.0,1.0,0.0
Pericyte,Endothelial,TNF,VSIR,0.12968315,1.0,0.016816797,-0.48949452938644666,-inf,0.00054443994,0.17711471,1.0,1.0,0.15270975,1.0,0.02328903,-0.6721687244068747,-inf,0.00028444445,0.24551065,1.0,1.0,0.0
Pericyte,Endothelial,VWF,SIRPA,0.12968315,1.0,0.016816797,-0.48949452938644666,-inf,0.00054443994,0.17711471,1.0,1.0,0.15270975,1.0,0.02328903,-0.6721687244068747,-inf,0.00028444445,0.24551065,1.0,1.0,0.0
Pericyte,Endothelial,XCL1,XCR1,0.12968315,1.0,0.016816797,-0.48949452938644666,-inf,0.00054443994,0.17711471,1.0,1.0,0.15270975,1.0,0.02328903,-0.6721687244068747,-inf,0.00028444445,0.24551065,1.0,1.0,0.0
Pericyte,Microglia,ADM,RAMP1,0.12968315,1.0,0.016816797,-0.48949452938644666,-inf,0.00054443994,0.17711471,1.0,1.0,0.15270975,1.0,0.02328903,-0.6721687244068747,-inf,0.00028444445,0.24551065,1.0,1.0,0.0
Pericyte,Microglia,ANGPTL4,GPIHBP1,0.12968315,1.0,0.016816797,-0.48949452938644666,-inf,0.00054443994,0.17711471,1.0,1.0,0.15270975,1.0,0.02328903,-0.6721687244068747,-inf,0.00028444445,0.24551065,1.0,1.0,0.0
Pericyte,Microglia,ANXA1,FPR1,0.12968315,1.0,0.016816797,-0.48949452938644666,-inf,0.00054443994,0.17711471,1.0,1.0,0.15270975,1.0,0.02328903,-0.6721687244068747,-inf,0.00028444445,0.24551065,1.0,1.0,0.0
Pericyte,Microglia,APOB,LSR,0.12968315,1.0,0.016816797,-0.48949452938644666,-inf,0.00054443994,0.17711471,1.0,1.0,0.15270975,1.0,0.02328903,-0.6721687244068747,-inf,0.00028444445,0.24551065,1.0,1.0,0.0
Pericyte,Microglia,APOB,TREM2,0.12968315,1.0,0.016816797,-0.48949452938644666,-inf,0.00054443994,0.17711471,1.0,1.0,0.15270975,1.0,0.02328903,-0.6721687244068747,-inf,0.00028444445,0.24551065,1.0,1.0,0.0
Pericyte,Microglia,APP,FPR2,0.12968315,1.0,0.016816797,-0.48949452938644666,-inf,0.00054443994,0.17711471,1.0,1.0,0.15270975,1.0,0.02328903,-0.6721687244068747,-inf,0.00028444445,0.24551065,1.0,1.0,0.0
Pericyte,Microglia,B2M,KLRC1,0.12968315,1.0,0.016816797,-0.48949452938644666,-inf,0.00054443994,0.17711471,1.0,1.0,0.15270975,1.0,0.02328903,-0.6721687244068747,-inf,0.00028444445,0.24551065,1.0,1.0,0.0
Pericyte,Microglia,B2M,KLRC2,0.12968315,1.0,0.016816797,-0.48949452938644666,-inf,0.00054443994,0.17711471,1.0,1.0,0.15270975,1.0,0.02328903,-0.6721687244068747,-inf,0.00028444445,0.24551065,1.0,1.0,0.0
Pericyte,Microglia,B2M,KLRD1,0.12968315,1.0,0.016816797,-0.48949452938644666,-inf,0.00054443994,0.17711471,1.0,1.0,0.15270975,1.0,0.02328903,-0.6721687244068747,-inf,0.00028444445,0.24551065,1.0,1.0,0.0
Pericyte,Microglia,BMP8A,TGFBR1,0.12968315,1.0,0.016816797,-0.48949452938644666,-inf,0.00054443994,0.17711471,1.0,1.0,0.15270975,1.0,0.02328903,-0.6721687244068747,-inf,0.00028444445,0.24551065,1.0,1.0,0.0
Pericyte,Microglia,CXCL3,CXCR1,0.12968315,1.0,0.016816797,-0.48949452938644666,-inf,0.00054443994,0.17711471,1.0,1.0,0.15270975,1.0,0.02328903,-0.6721687244068747,-inf,0.00028444445,0.24551065,1.0,1.0,0.0
Pericyte,Microglia,CXCL3,CXCR2,0.12968315,1.0,0.016816797,-0.48949452938644666,-inf,0.00054443994,0.17711471,1.0,1.0,0.15270975,1.0,0.02328903,-0.6721687244068747,-inf,0.00028444445,0.24551065,1.0,1.0,0.0
Pericyte,Microglia,CXCL5,ACKR1,0.12968315,1.0,0.016816797,-0.48949452938644666,-inf,0.00054443994,0.17711471,1.0,1.0,0.15270975,1.0,0.02328903,-0.6721687244068747,-inf,0.00028444445,0.24551065,1.0,1.0,0.0
Pericyte,Oligodendrocyte,CALCA,GPR84,0.12968315,1.0,0.016816797,-0.48949452938644666,-inf,0.00054443994,0.17711471,1.0,1.0,0.15270975,1.0,0.02328903,-0.6721687244068747,-inf,0.00028444445,0.24551065,1.0,1.0,0.0
Pericyte,Oligodendrocyte,ADM,RAMP1,0.12968315,1.0,0.016816797,-0.48949452938644666,-inf,0.00054443994,0.17711471,1.0,1.0,0.15270975,1.0,0.02328903,-0.6721687244068747,-inf,0.00028444445,0.24551065,1.0,1.0,0.0
Pericyte,Microglia,CALCB,RAMP1,0.12968315,1.0,0.016816797,-0.48949452938644666,-inf,0.00054443994,0.17711471,1.0,1.0,0.15270975,1.0,0.02328903,-0.6721687244068747,-inf,0.00028444445,0.24551065,1.0,1.0,0.0
Pericyte,Microglia,CAMP,FPR2,0.12968315,1.0,0.016816797,-0.48949452938644666,-inf,0.00054443994,0.17711471,1.0,1.0,0.15270975,1.0,0.02328903,-0.6721687244068747,-inf,0.00028444445,0.24551065,1.0,1.0,0.0
Pericyte,Microglia,CCL8,CCR3,0.12968315,1.0,0.016816797,-0.48949452938644666,-inf,0.00054443994,0.17711471,1.0,1.0,0.15270975,1.0,0.02328903,-0.6721687244068747,-inf,0.00028444445,0.24551065,1.0,1.0,0.0
Pericyte,Microglia,CCL8,CCR5,0.12968315,1.0,0.016816797,-0.48949452938644666,-inf,0.00054443994,0.17711471,1.0,1.0,0.15270975,1.0,0.02328903,-0.6721687244068747,-inf,0.00028444445,0.24551065,1.0,1.0,0.0
Pericyte,Endothelial,MSMP,CCR2,0.12968315,1.0,0.016816797,-0.48949452938644666,-inf,0.00054443994,0.17711471,1.0,1.0,0.15270975,1.0,0.02328903,-0.6721687244068747,-inf,0.00028444445,0.24551065,1.0,1.0,0.0
Pericyte,Endothelial,RIMS1,SLC17A7,0.12968315,1.0,0.016816797,-0.48949452938644666,-inf,0.00054443994,0.17711471,1.0,1.0,0.15270975,1.0,0.02328903,-0.6721687244068747,-inf,0.00028444445,0.24551065,1.0,1.0,0.0
Pericyte,Endothelial,NPY,NPY5R,0.12968315,1.0,0.016816797,-0.48949452938644666,-inf,0.00054443994,0.17711471,1.0,1.0,0.15270975,1.0,0.02328903,-0.6721687244068747,-inf,0.00028444445,0.24551065,1.0,1.0,0.0
Pericyte,Endothelial,PENK,OPRL1,0.12968315,1.0,0.016816797,-0.48949452938644666,-inf,0.00054443994,0.17711471,1.0,1.0,0.15270975,1.0,0.02328903,-0.6721687244068747,-inf,0.00028444445,0.24551065,1.0,1.0,0.0
Pericyte,Microglia,CALCB,GPR84,0.12968315,1.0,0.016816797,-0.48949452938644666,-inf,0.00054443994,0.17711471,1.0,1.0,0.15270975,1.0,0.02328903,-0.6721687244068747,-inf,0.00028444445,0.24551065,1.0,1.0,0.0
Pericyte,Endothelial,PF4,ACKR1,0.12968315,1.0,0.016816797,-0.48949452938644666,-inf,0.00054443994,0.17711471,1.0,1.0,0.15270975,1.0,0.02328903,-0.6721687244068747,-inf,0.00028444445,0.24551065,1.0,1.0,0.0
Pericyte,Endothelial,PNOC,OPRL1,0.12968315,1.0,0.016816797,-0.48949452938644666,-inf,0.00054443994,0.17711471,1.0,1.0,0.15270975,1.0,0.02328903,-0.6721687244068747,-inf,0.00028444445,0.24551065,1.0,1.0,0.0
Pericyte,Endothelial,PPBP,ACKR1,0.12968315,1.0,0.016816797,-0.48949452938644666,-inf,0.00054443994,0.17711471,1.0,1.0,0.15270975,1.0,0.02328903,-0.6721687244068747,-inf,0.00028444445,0.24551065,1.0,1.0,0.0
Pericyte,Endothelial,PPBP,CXCR1,0.12968315,1.0,0.016816797,-0.48949452938644666,-inf,0.00054443994,0.17711471,1.0,1.0,0.15270975,1.0,0.02328903,-0.6721687244068747,-inf,0.00028444445,0.24551065,1.0,1.0,0.0
Pericyte,Endothelial,PPBP,CXCR2,0.12968315,1.0,0.016816797,-0.48949452938644666,-inf,0.00054443994,0.17711471,1.0,1.0,0.15270975,1.0,0.02328903,-0.6721687244068747,-inf,0.00028444445,0.24551065,1.0,1.0,0.0
Pericyte,Endothelial,PPY,NPY5R,0.12968315,1.0,0.016816797,-0.48949452938644666,-inf,0.00054443994,0.17711471,1.0,1.0,0.15270975,1.0,0.02328903,-0.6721687244068747,-inf,0.00028444445,0.24551065,1.0,1.0,0.0
Pericyte,Endothelial,PROK2,PROKR1,0.12968315,1.0,0.016816797,-0.48949452938644666,-inf,0.00054443994,0.17711471,1.0,1.0,0.15270975,1.0,0.02328903,-0.6721687244068747,-inf,0.00028444445,0.24551065,1.0,1.0,0.0
Pericyte,Endothelial,PSAP,GPR37,0.12968315,1.0,0.016816797,-0.48949452938644666,-inf,0.00054443994,0.17711471,1.0,1.0,0.15270975,1.0,0.02328903,-0.6721687244068747,-inf,0.00028444445,0.24551065,1.0,1.0,0.0
Pericyte,Endothelial,NTS,NTSR2,0.12968315,1.0,0.016816797,-0.48949452938644666,-inf,0.00054443994,0.17711471,1.0,1.0,0.15270975,1.0,0.02328903,-0.6721687244068747,-inf,0.00028444445,0.24551065,1.0,1.0,0.0
Pericyte,Microglia,TNF,VSIR,0.12968315,1.0,0.016816797,-0.48949452938644666,-inf,0.00054443994,0.17711471,1.0,1.0,0.15270975,1.0,0.02328903,-0.6721687244068747,-inf,0.00028444445,0.24551065,1.0,1.0,0.0
Pericyte,Oligodendrocyte,CCL19,CCR7,0.12968315,1.0,0.016816797,-0.48949452938644666,-inf,0.00054443994,0.17711471,1.0,1.0,0.15270975,1.0,0.02328903,-0.6721687244068747,-inf,0.00028444445,0.24551065,1.0,1.0,0.0
Pericyte,Oligodendrocyte,CCL2,ACKR1,0.12968315,1.0,0.016816797,-0.48949452938644666,-inf,0.00054443994,0.17711471,1.0,1.0,0.15270975,1.0,0.02328903,-0.6721687244068747,-inf,0.00028444445,0.24551065,1.0,1.0,0.0
Pericyte,Microglia,PPBP,CXCR1,0.12968315,1.0,0.016816797,-0.48949452938644666,-inf,0.00054443994,0.17711471,1.0,1.0,0.15270975,1.0,0.02328903,-0.6721687244068747,-inf,0.00028444445,0.24551065,1.0,1.0,0.0
Pericyte,Microglia,PPBP,CXCR2,0.12968315,1.0,0.016816797,-0.48949452938644666,-inf,0.00054443994,0.17711471,1.0,1.0,0.15270975,1.0,0.02328903,-0.6721687244068747,-inf,0.00028444445,0.24551065,1.0,1.0,0.0
Pericyte,Microglia,PPY,NPY5R,0.12968315,1.0,0.016816797,-0.48949452938644666,-inf,0.00054443994,0.17711471,1.0,1.0,0.15270975,1.0,0.02328903,-0.6721687244068747,-inf,0.00028444445,0.24551065,1.0,1.0,0.0
Pericyte,Microglia,PROK2,PROKR1,0.12968315,1.0,0.016816797,-0.48949452938644666,-inf,0.00054443994,0.17711471,1.0,1.0,0.15270975,1.0,0.02328903,-0.6721687244068747,-inf,0.00028444445,0.24551065,1.0,1.0,0.0
Pericyte,Microglia,PSAP,GPR37,0.12968315,1.0,0.016816797,-0.48949452938644666,-inf,0.00054443994,0.17711471,1.0,1.0,0.15270975,1.0,0.02328903,-0.6721687244068747,-inf,0.00028444445,0.24551065,1.0,1.0,0.0
Pericyte,Microglia,PTN,PTPRB,0.12968315,1.0,0.016816797,-0.48949452938644666,-inf,0.00054443994,0.17711471,1.0,1.0,0.15270975,1.0,0.02328903,-0.6721687244068747,-inf,0.00028444445,0.24551065,1.0,1.0,0.0
Pericyte,Endothelial,MFGE8,PDGFRB,0.12968315,1.0,0.016816797,-0.48949452938644666,-inf,0.00054443994,0.17711471,1.0,1.0,0.15270975,1.0,0.02328903,-0.6721687244068747,-inf,0.00028444445,0.24551065,1.0,1.0,0.0
Pericyte,Endothelial,SCT,GPR84,0.12968315,1.0,0.016816797,-0.48949452938644666,-inf,0.00054443994,0.17711471,1.0,1.0,0.15270975,1.0,0.02328903,-0.6721687244068747,-inf,0.00028444445,0.24551065,1.0,1.0,0.0
Pericyte,Endothelial,LPL,GPIHBP1,0.12968315,1.0,0.016816797,-0.48949452938644666,-inf,0.00054443994,0.17711471,1.0,1.0,0.15270975,1.0,0.02328903,-0.6721687244068747,-inf,0.00028444445,0.24551065,1.0,1.0,0.0
Pericyte,Endothelial,ITIH2,FCER1A,0.12968315,1.0,0.016816797,-0.48949452938644666,-inf,0.00054443994,0.17711471,1.0,1.0,0.15270975,1.0,0.02328903,-0.6721687244068747,-inf,0.00028444445,0.24551065,1.0,1.0,0.0
Pericyte,Microglia,CD177,PECAM1,0.12968315,1.0,0.016816797,-0.48949452938644666,-inf,0.00054443994,0.17711471,1.0,1.0,0.15270975,1.0,0.02328903,-0.6721687244068747,-inf,0.00028444445,0.24551065,1.0,1.0,0.0
Pericyte,Microglia,CD34,SELL,0.12968315,1.0,0.016816797,-0.48949452938644666,-inf,0.00054443994,0.17711471,1.0,1.0,0.15270975,1.0,0.02328903,-0.6721687244068747,-inf,0.00028444445,0.24551065,1.0,1.0,0.0
Pericyte,Microglia,CD40LG,CD53,0.12968315,1.0,0.016816797,-0.48949452938644666,-inf,0.00054443994,0.17711471,1.0,1.0,0.15270975,1.0,0.02328903,-0.6721687244068747,-inf,0.00028444445,0.24551065,1.0,1.0,0.0
Pericyte,Microglia,CD40LG,CD9,0.12968315,1.0,0.016816797,-0.48949452938644666,-inf,0.00054443994,0.17711471,1.0,1.0,0.15270975,1.0,0.02328903,-0.6721687244068747,-inf,0.00028444445,0.24551065,1.0,1.0,0.0
Pericyte,Endothelial,RLN3,RAMP2,0.12968315,1.0,0.016816797,-0.48949452938644666,-inf,0.00054443994,0.17711471,1.0,1.0,0.15270975,1.0,0.02328903,-0.6721687244068747,-inf,0.00028444445,0.24551065,1.0,1.0,0.0
Pericyte,Microglia,CFP,NCR1,0.12968315,1.0,0.016816797,-0.48949452938644666,-inf,0.00054443994,0.17711471,1.0,1.0,0.15270975,1.0,0.02328903,-0.6721687244068747,-inf,0.00028444445,0.24551065,1.0,1.0,0.0
Pericyte,Microglia,CGA,RAMP2,0.12968315,1.0,0.016816797,-0.48949452938644666,-inf,0.00054443994,0.17711471,1.0,1.0,0.15270975,1.0,0.02328903,-0.6721687244068747,-inf,0.00028444445,0.24551065,1.0,1.0,0.0
Pericyte,Microglia,CSF2,CSF1R,0.12968315,1.0,0.016816797,-0.48949452938644666,-inf,0.00054443994,0.17711471,1.0,1.0,0.15270975,1.0,0.02328903,-0.6721687244068747,-inf,0.00028444445,0.24551065,1.0,1.0,0.0
Pericyte,Microglia,CSF3,CSF1R,0.12968315,1.0,0.016816797,-0.48949452938644666,-inf,0.00054443994,0.17711471,1.0,1.0,0.15270975,1.0,0.02328903,-0.6721687244068747,-inf,0.00028444445,0.24551065,1.0,1.0,0.0
Pericyte,Microglia,CXCL1,ACKR1,0.12968315,1.0,0.016816797,-0.48949452938644666,-inf,0.00054443994,0.17711471,1.0,1.0,0.15270975,1.0,0.02328903,-0.6721687244068747,-inf,0.00028444445,0.24551065,1.0,1.0,0.0
Pericyte,Microglia,CXCL1,CXCR1,0.12968315,1.0,0.016816797,-0.48949452938644666,-inf,0.00054443994,0.17711471,1.0,1.0,0.15270975,1.0,0.02328903,-0.6721687244068747,-inf,0.00028444445,0.24551065,1.0,1.0,0.0
Pericyte,Microglia,CXCL1,CXCR2,0.12968315,1.0,0.016816797,-0.48949452938644666,-inf,0.00054443994,0.17711471,1.0,1.0,0.15270975,1.0,0.02328903,-0.6721687244068747,-inf,0.00028444445,0.24551065,1.0,1.0,0.0
Pericyte,Microglia,CXCL10,ACKR1,0.12968315,1.0,0.016816797,-0.48949452938644666,-inf,0.00054443994,0.17711471,1.0,1.0,0.15270975,1.0,0.02328903,-0.6721687244068747,-inf,0.00028444445,0.24551065,1.0,1.0,0.0
Pericyte,Microglia,CXCL10,CCR3,0.12968315,1.0,0.016816797,-0.48949452938644666,-inf,0.00054443994,0.17711471,1.0,1.0,0.15270975,1.0,0.02328903,-0.6721687244068747,-inf,0.00028444445,0.24551065,1.0,1.0,0.0
Pericyte,Microglia,CXCL10,SDC4,0.12968315,1.0,0.016816797,-0.48949452938644666,-inf,0.00054443994,0.17711471,1.0,1.0,0.15270975,1.0,0.02328903,-0.6721687244068747,-inf,0.00028444445,0.24551065,1.0,1.0,0.0
Pericyte,Microglia,CXCL12,AVPR1A,0.12968315,1.0,0.016816797,-0.48949452938644666,-inf,0.00054443994,0.17711471,1.0,1.0,0.15270975,1.0,0.02328903,-0.6721687244068747,-inf,0.00028444445,0.24551065,1.0,1.0,0.0
Pericyte,Microglia,CGA,GPR84,0.12968315,1.0,0.016816797,-0.48949452938644666,-inf,0.00054443994,0.17711471,1.0,1.0,0.15270975,1.0,0.02328903,-0.6721687244068747,-inf,0.00028444445,0.24551065,1.0,1.0,0.0
Pericyte,Microglia,XCL1,XCR1,0.12968315,1.0,0.016816797,-0.48949452938644666,-inf,0.00054443994,0.17711471,1.0,1.0,0.15270975,1.0,0.02328903,-0.6721687244068747,-inf,0.00028444445,0.24551065,1.0,1.0,0.0
Pericyte,Endothelial,RLN3,GPR84,0.12968315,1.0,0.016816797,-0.48949452938644666,-inf,0.00054443994,0.17711471,1.0,1.0,0.15270975,1.0,0.02328903,-0.6721687244068747,-inf,0.00028444445,0.24551065,1.0,1.0,0.0
Pericyte,Endothelial,PTN,PTPRZ1,0.12968315,1.0,0.016816797,-0.48949452938644666,-inf,0.00054443994,0.17711471,1.0,1.0,0.15270975,1.0,0.02328903,-0.6721687244068747,-inf,0.00028444445,0.24551065,1.0,1.0,0.0
Pericyte,Endothelial,SAA1,FPR1,0.12968315,1.0,0.016816797,-0.48949452938644666,-inf,0.00054443994,0.17711471,1.0,1.0,0.15270975,1.0,0.02328903,-0.6721687244068747,-inf,0.00028444445,0.24551065,1.0,1.0,0.0
Pericyte,Endothelial,S100A4,CCR5,0.12968315,1.0,0.016816797,-0.48949452938644666,-inf,0.00054443994,0.17711471,1.0,1.0,0.15270975,1.0,0.02328903,-0.6721687244068747,-inf,0.00028444445,0.24551065,1.0,1.0,0.0
Pericyte,Endothelial,IL6,MUSK,0.12968315,1.0,0.016816797,-0.48949452938644666,-inf,0.00054443994,0.17711471,1.0,1.0,0.15270975,1.0,0.02328903,-0.6721687244068747,-inf,0.00028444445,0.24551065,1.0,1.0,0.0
Pericyte,Endothelial,LGALS3,LAG3,0.12968315,1.0,0.016816797,-0.48949452938644666,-inf,0.00054443994,0.17711471,1.0,1.0,0.15270975,1.0,0.02328903,-0.6721687244068747,-inf,0.00028444445,0.24551065,1.0,1.0,0.0
Pericyte,Microglia,RIMS1,SLC17A7,0.12968315,1.0,0.016816797,-0.48949452938644666,-inf,0.00054443994,0.17711471,1.0,1.0,0.15270975,1.0,0.02328903,-0.6721687244068747,-inf,0.00028444445,0.24551065,1.0,1.0,0.0
Microglia,Pericyte,CXCL3,CXCR1,0.12968315,1.0,0.016816797,-0.48949452938644666,-inf,0.00054443994,0.17711471,1.0,1.0,0.15270975,1.0,0.02328903,-0.6721687244068747,-inf,0.00028444445,0.24551065,1.0,1.0,0.0
Microglia,Pericyte,EDN1,EDNRB,0.12968315,1.0,0.016816797,-0.48949452938644666,-inf,0.00054443994,0.17711471,1.0,1.0,0.15270975,1.0,0.02328903,-0.6721687244068747,-inf,0.00028444445,0.24551065,1.0,1.0,0.0
Oligodendrocyte,Astrocyte,APOB,TREM2,0.12968315,1.0,0.016816797,-0.48949452938644666,-inf,0.00054443994,0.17711471,1.0,1.0,0.15270975,1.0,0.02328903,-0.6721687244068747,-inf,0.00028444445,0.24551065,1.0,1.0,0.0
Oligodendrocyte,Astrocyte,APOB,LSR,0.12968315,1.0,0.016816797,-0.48949452938644666,-inf,0.00054443994,0.17711471,1.0,1.0,0.15270975,1.0,0.02328903,-0.6721687244068747,-inf,0.00028444445,0.24551065,1.0,1.0,0.0
Oligodendrocyte,Astrocyte,ANXA1,FPR1,0.12968315,1.0,0.016816797,-0.48949452938644666,-inf,0.00054443994,0.17711471,1.0,1.0,0.15270975,1.0,0.02328903,-0.6721687244068747,-inf,0.00028444445,0.24551065,1.0,1.0,0.0
Oligodendrocyte,Astrocyte,SCT,GPR84,0.12968315,1.0,0.016816797,-0.48949452938644666,-inf,0.00054443994,0.17711471,1.0,1.0,0.15270975,1.0,0.02328903,-0.6721687244068747,-inf,0.00028444445,0.24551065,1.0,1.0,0.0
Microglia,Pericyte,TDGF1,ACVR1C,0.12968315,1.0,0.016816797,-0.48949452938644666,-inf,0.00054443994,0.17711471,1.0,1.0,0.15270975,1.0,0.02328903,-0.6721687244068747,-inf,0.00028444445,0.24551065,1.0,1.0,0.0
Oligodendrocyte,Astrocyte,HP,CD163,0.12968315,1.0,0.016816797,-0.48949452938644666,-inf,0.00054443994,0.17711471,1.0,1.0,0.15270975,1.0,0.02328903,-0.6721687244068747,-inf,0.00028444445,0.24551065,1.0,1.0,0.0
Oligodendrocyte,Oligodendrocyte,CCL3,CCR3,0.12968315,1.0,0.016816797,-0.48949452938644666,-inf,0.00054443994,0.17711471,1.0,1.0,0.15270975,1.0,0.02328903,-0.6721687244068747,-inf,0.00028444445,0.24551065,1.0,1.0,0.0
Oligodendrocyte,Astrocyte,IL34,PTPRZ1,0.12968315,1.0,0.016816797,-0.48949452938644666,-inf,0.00054443994,0.17711471,1.0,1.0,0.15270975,1.0,0.02328903,-0.6721687244068747,-inf,0.00028444445,0.24551065,1.0,1.0,0.0
Oligodendrocyte,Astrocyte,CCL2,ACKR1,0.12968315,1.0,0.016816797,-0.48949452938644666,-inf,0.00054443994,0.17711471,1.0,1.0,0.15270975,1.0,0.02328903,-0.6721687244068747,-inf,0.00028444445,0.24551065,1.0,1.0,0.0
Oligodendrocyte,Astrocyte,IL6,F3,0.12968315,1.0,0.016816797,-0.48949452938644666,-inf,0.00054443994,0.17711471,1.0,1.0,0.15270975,1.0,0.02328903,-0.6721687244068747,-inf,0.00028444445,0.24551065,1.0,1.0,0.0
Oligodendrocyte,Astrocyte,APP,FPR2,0.12968315,1.0,0.016816797,-0.48949452938644666,-inf,0.00054443994,0.17711471,1.0,1.0,0.15270975,1.0,0.02328903,-0.6721687244068747,-inf,0.00028444445,0.24551065,1.0,1.0,0.0
Oligodendrocyte,Astrocyte,IL6,MUSK,0.12968315,1.0,0.016816797,-0.48949452938644666,-inf,0.00054443994,0.17711471,1.0,1.0,0.15270975,1.0,0.02328903,-0.6721687244068747,-inf,0.00028444445,0.24551065,1.0,1.0,0.0
Oligodendrocyte,Astrocyte,CCL2,CCR3,0.12968315,1.0,0.016816797,-0.48949452938644666,-inf,0.00054443994,0.17711471,1.0,1.0,0.15270975,1.0,0.02328903,-0.6721687244068747,-inf,0.00028444445,0.24551065,1.0,1.0,0.0
Oligodendrocyte,Astrocyte,LGALS3,LAG3,0.12968315,1.0,0.016816797,-0.48949452938644666,-inf,0.00054443994,0.17711471,1.0,1.0,0.15270975,1.0,0.02328903,-0.6721687244068747,-inf,0.00028444445,0.24551065,1.0,1.0,0.0
Oligodendrocyte,Astrocyte,CCL19,CCR7,0.12968315,1.0,0.016816797,-0.48949452938644666,-inf,0.00054443994,0.17711471,1.0,1.0,0.15270975,1.0,0.02328903,-0.6721687244068747,-inf,0.00028444445,0.24551065,1.0,1.0,0.0
Oligodendrocyte,Astrocyte,ANGPTL4,SDC4,0.12968315,1.0,0.016816797,-0.48949452938644666,-inf,0.00054443994,0.17711471,1.0,1.0,0.15270975,1.0,0.02328903,-0.6721687244068747,-inf,0.00028444445,0.24551065,1.0,1.0,0.0
Oligodendrocyte,Astrocyte,CCL17,ACKR1,0.12968315,1.0,0.016816797,-0.48949452938644666,-inf,0.00054443994,0.17711471,1.0,1.0,0.15270975,1.0,0.02328903,-0.6721687244068747,-inf,0.00028444445,0.24551065,1.0,1.0,0.0
Oligodendrocyte,Astrocyte,LPL,GPIHBP1,0.12968315,1.0,0.016816797,-0.48949452938644666,-inf,0.00054443994,0.17711471,1.0,1.0,0.15270975,1.0,0.02328903,-0.6721687244068747,-inf,0.00028444445,0.24551065,1.0,1.0,0.0
Oligodendrocyte,Astrocyte,BMP8A,TGFBR1,0.12968315,1.0,0.016816797,-0.48949452938644666,-inf,0.00054443994,0.17711471,1.0,1.0,0.15270975,1.0,0.02328903,-0.6721687244068747,-inf,0.00028444445,0.24551065,1.0,1.0,0.0
Oligodendrocyte,Astrocyte,PPBP,CXCR2,0.12968315,1.0,0.016816797,-0.48949452938644666,-inf,0.00054443994,0.17711471,1.0,1.0,0.15270975,1.0,0.02328903,-0.6721687244068747,-inf,0.00028444445,0.24551065,1.0,1.0,0.0
Oligodendrocyte,Astrocyte,PPY,NPY5R,0.12968315,1.0,0.016816797,-0.48949452938644666,-inf,0.00054443994,0.17711471,1.0,1.0,0.15270975,1.0,0.02328903,-0.6721687244068747,-inf,0.00028444445,0.24551065,1.0,1.0,0.0
Oligodendrocyte,Astrocyte,B2M,KLRD1,0.12968315,1.0,0.016816797,-0.48949452938644666,-inf,0.00054443994,0.17711471,1.0,1.0,0.15270975,1.0,0.02328903,-0.6721687244068747,-inf,0.00028444445,0.24551065,1.0,1.0,0.0
Oligodendrocyte,Astrocyte,ITIH2,FCER1A,0.12968315,1.0,0.016816797,-0.48949452938644666,-inf,0.00054443994,0.17711471,1.0,1.0,0.15270975,1.0,0.02328903,-0.6721687244068747,-inf,0.00028444445,0.24551065,1.0,1.0,0.0
Oligodendrocyte,Astrocyte,PSAP,GPR37,0.12968315,1.0,0.016816797,-0.48949452938644666,-inf,0.00054443994,0.17711471,1.0,1.0,0.15270975,1.0,0.02328903,-0.6721687244068747,-inf,0.00028444445,0.24551065,1.0,1.0,0.0
Oligodendrocyte,Astrocyte,B2M,KLRC1,0.12968315,1.0,0.016816797,-0.48949452938644666,-inf,0.00054443994,0.17711471,1.0,1.0,0.15270975,1.0,0.02328903,-0.6721687244068747,-inf,0.00028444445,0.24551065,1.0,1.0,0.0
Oligodendrocyte,Astrocyte,PROK2,PROKR1,0.12968315,1.0,0.016816797,-0.48949452938644666,-inf,0.00054443994,0.17711471,1.0,1.0,0.15270975,1.0,0.02328903,-0.6721687244068747,-inf,0.00028444445,0.24551065,1.0,1.0,0.0
Microglia,Pericyte,LPL,GPIHBP1,0.12968315,1.0,0.016816797,-0.48949452938644666,-inf,0.00054443994,0.17711471,1.0,1.0,0.15270975,1.0,0.02328903,-0.6721687244068747,-inf,0.00028444445,0.24551065,1.0,1.0,0.0
Microglia,Pericyte,LGALS3,LAG3,0.12968315,1.0,0.016816797,-0.48949452938644666,-inf,0.00054443994,0.17711471,1.0,1.0,0.15270975,1.0,0.02328903,-0.6721687244068747,-inf,0.00028444445,0.24551065,1.0,1.0,0.0
Oligodendrocyte,Endothelial,CFP,NCR1,0.12968315,1.0,0.016816797,-0.48949452938644666,-inf,0.00054443994,0.17711471,1.0,1.0,0.15270975,1.0,0.02328903,-0.6721687244068747,-inf,0.00028444445,0.24551065,1.0,1.0,0.0
Oligodendrocyte,Endothelial,CGA,GPR84,0.12968315,1.0,0.016816797,-0.48949452938644666,-inf,0.00054443994,0.17711471,1.0,1.0,0.15270975,1.0,0.02328903,-0.6721687244068747,-inf,0.00028444445,0.24551065,1.0,1.0,0.0
Oligodendrocyte,Endothelial,CGA,RAMP2,0.12968315,1.0,0.016816797,-0.48949452938644666,-inf,0.00054443994,0.17711471,1.0,1.0,0.15270975,1.0,0.02328903,-0.6721687244068747,-inf,0.00028444445,0.24551065,1.0,1.0,0.0
Oligodendrocyte,Astrocyte,CCL4,CCR3,0.12968315,1.0,0.016816797,-0.48949452938644666,-inf,0.00054443994,0.17711471,1.0,1.0,0.15270975,1.0,0.02328903,-0.6721687244068747,-inf,0.00028444445,0.24551065,1.0,1.0,0.0
Oligodendrocyte,Endothelial,COL3A1,MAG,0.12968315,1.0,0.016816797,-0.48949452938644666,-inf,0.00054443994,0.17711471,1.0,1.0,0.15270975,1.0,0.02328903,-0.6721687244068747,-inf,0.00028444445,0.24551065,1.0,1.0,0.0
Microglia,Pericyte,ITIH2,FCER1A,0.12968315,1.0,0.016816797,-0.48949452938644666,-inf,0.00054443994,0.17711471,1.0,1.0,0.15270975,1.0,0.02328903,-0.6721687244068747,-inf,0.00028444445,0.24551065,1.0,1.0,0.0
Oligodendrocyte,Endothelial,EDN1,EDNRB,0.12968315,1.0,0.016816797,-0.48949452938644666,-inf,0.00054443994,0.17711471,1.0,1.0,0.15270975,1.0,0.02328903,-0.6721687244068747,-inf,0.00028444445,0.24551065,1.0,1.0,0.0
Microglia,Pericyte,CCL7,CCR1,0.12968315,1.0,0.016816797,-0.48949452938644666,-inf,0.00054443994,0.17711471,1.0,1.0,0.15270975,1.0,0.02328903,-0.6721687244068747,-inf,0.00028444445,0.24551065,1.0,1.0,0.0
Oligodendrocyte,Endothelial,PTN,PTPRZ1,0.12968315,1.0,0.016816797,-0.48949452938644666,-inf,0.00054443994,0.17711471,1.0,1.0,0.15270975,1.0,0.02328903,-0.6721687244068747,-inf,0.00028444445,0.24551065,1.0,1.0,0.0
Oligodendrocyte,Astrocyte,SCT,RAMP2,0.12968315,1.0,0.016816797,-0.48949452938644666,-inf,0.00054443994,0.17711471,1.0,1.0,0.15270975,1.0,0.02328903,-0.6721687244068747,-inf,0.00028444445,0.24551065,1.0,1.0,0.0
Oligodendrocyte,Astrocyte,FGL1,LAG3,0.12968315,1.0,0.016816797,-0.48949452938644666,-inf,0.00054443994,0.17711471,1.0,1.0,0.15270975,1.0,0.02328903,-0.6721687244068747,-inf,0.00028444445,0.24551065,1.0,1.0,0.0
Oligodendrocyte,Astrocyte,F10,F3,0.12968315,1.0,0.016816797,-0.48949452938644666,-inf,0.00054443994,0.17711471,1.0,1.0,0.15270975,1.0,0.02328903,-0.6721687244068747,-inf,0.00028444445,0.24551065,1.0,1.0,0.0
Microglia,Pericyte,SNCA,LAG3,0.12968315,1.0,0.016816797,-0.48949452938644666,-inf,0.00054443994,0.17711471,1.0,1.0,0.15270975,1.0,0.02328903,-0.6721687244068747,-inf,0.00028444445,0.24551065,1.0,1.0,0.0
Microglia,Pericyte,SELPLG,SELL,0.12968315,1.0,0.016816797,-0.48949452938644666,-inf,0.00054443994,0.17711471,1.0,1.0,0.15270975,1.0,0.02328903,-0.6721687244068747,-inf,0.00028444445,0.24551065,1.0,1.0,0.0
Oligodendrocyte,Astrocyte,SNCA,LAG3,0.12968315,1.0,0.016816797,-0.48949452938644666,-inf,0.00054443994,0.17711471,1.0,1.0,0.15270975,1.0,0.02328903,-0.6721687244068747,-inf,0.00028444445,0.24551065,1.0,1.0,0.0
Microglia,Pericyte,SCT,RAMP2,0.12968315,1.0,0.016816797,-0.48949452938644666,-inf,0.00054443994,0.17711471,1.0,1.0,0.15270975,1.0,0.02328903,-0.6721687244068747,-inf,0.00028444445,0.24551065,1.0,1.0,0.0
Microglia,Pericyte,VWF,SIRPA,0.12968315,1.0,0.016816797,-0.48949452938644666,-inf,0.00054443994,0.17711471,1.0,1.0,0.15270975,1.0,0.02328903,-0.6721687244068747,-inf,0.00028444445,0.24551065,1.0,1.0,0.0
Oligodendrocyte,Astrocyte,TDGF1,ACVR1C,0.12968315,1.0,0.016816797,-0.48949452938644666,-inf,0.00054443994,0.17711471,1.0,1.0,0.15270975,1.0,0.02328903,-0.6721687244068747,-inf,0.00028444445,0.24551065,1.0,1.0,0.0
Oligodendrocyte,Astrocyte,CCL24,CCR2,0.12968315,1.0,0.016816797,-0.48949452938644666,-inf,0.00054443994,0.17711471,1.0,1.0,0.15270975,1.0,0.02328903,-0.6721687244068747,-inf,0.00028444445,0.24551065,1.0,1.0,0.0
Oligodendrocyte,Astrocyte,ADM,GPR84,0.12968315,1.0,0.016816797,-0.48949452938644666,-inf,0.00054443994,0.17711471,1.0,1.0,0.15270975,1.0,0.02328903,-0.6721687244068747,-inf,0.00028444445,0.24551065,1.0,1.0,0.0
Oligodendrocyte,Astrocyte,B2M,KLRC2,0.12968315,1.0,0.016816797,-0.48949452938644666,-inf,0.00054443994,0.17711471,1.0,1.0,0.15270975,1.0,0.02328903,-0.6721687244068747,-inf,0.00028444445,0.24551065,1.0,1.0,0.0
Microglia,Pericyte,TIMP1,CD63,0.12968315,1.0,0.016816797,-0.48949452938644666,-inf,0.00054443994,0.17711471,1.0,1.0,0.15270975,1.0,0.02328903,-0.6721687244068747,-inf,0.00028444445,0.24551065,1.0,1.0,0.0
Microglia,Pericyte,THBS1,SDC4,0.12968315,1.0,0.016816797,-0.48949452938644666,-inf,0.00054443994,0.17711471,1.0,1.0,0.15270975,1.0,0.02328903,-0.6721687244068747,-inf,0.00028444445,0.24551065,1.0,1.0,0.0
Oligodendrocyte,Astrocyte,SAA1,FPR1,0.12968315,1.0,0.016816797,-0.48949452938644666,-inf,0.00054443994,0.17711471,1.0,1.0,0.15270975,1.0,0.02328903,-0.6721687244068747,-inf,0.00028444445,0.24551065,1.0,1.0,0.0
Oligodendrocyte,Astrocyte,SAA1,FPR2,0.12968315,1.0,0.016816797,-0.48949452938644666,-inf,0.00054443994,0.17711471,1.0,1.0,0.15270975,1.0,0.02328903,-0.6721687244068747,-inf,0.00028444445,0.24551065,1.0,1.0,0.0
Microglia,Pericyte,CD177,PECAM1,0.12968315,1.0,0.016816797,-0.48949452938644666,-inf,0.00054443994,0.17711471,1.0,1.0,0.15270975,1.0,0.02328903,-0.6721687244068747,-inf,0.00028444445,0.24551065,1.0,1.0,0.0
Oligodendrocyte,Endothelial,PROK2,PROKR1,0.12968315,1.0,0.016816797,-0.48949452938644666,-inf,0.00054443994,0.17711471,1.0,1.0,0.15270975,1.0,0.02328903,-0.6721687244068747,-inf,0.00028444445,0.24551065,1.0,1.0,0.0
Oligodendrocyte,Astrocyte,CCL7,CCR3,0.12968315,1.0,0.016816797,-0.48949452938644666,-inf,0.00054443994,0.17711471,1.0,1.0,0.15270975,1.0,0.02328903,-0.6721687244068747,-inf,0.00028444445,0.24551065,1.0,1.0,0.0
Oligodendrocyte,Astrocyte,RLN3,GPR84,0.12968315,1.0,0.016816797,-0.48949452938644666,-inf,0.00054443994,0.17711471,1.0,1.0,0.15270975,1.0,0.02328903,-0.6721687244068747,-inf,0.00028444445,0.24551065,1.0,1.0,0.0
Oligodendrocyte,Astrocyte,RLN3,RAMP2,0.12968315,1.0,0.016816797,-0.48949452938644666,-inf,0.00054443994,0.17711471,1.0,1.0,0.15270975,1.0,0.02328903,-0.6721687244068747,-inf,0.00028444445,0.24551065,1.0,1.0,0.0
Oligodendrocyte,Astrocyte,S100A4,CCR5,0.12968315,1.0,0.016816797,-0.48949452938644666,-inf,0.00054443994,0.17711471,1.0,1.0,0.15270975,1.0,0.02328903,-0.6721687244068747,-inf,0.00028444445,0.24551065,1.0,1.0,0.0
Oligodendrocyte,Astrocyte,ADM,RAMP1,0.12968315,1.0,0.016816797,-0.48949452938644666,-inf,0.00054443994,0.17711471,1.0,1.0,0.15270975,1.0,0.02328903,-0.6721687244068747,-inf,0.00028444445,0.24551065,1.0,1.0,0.0
Oligodendrocyte,Astrocyte,FN1,CD79A,0.12968315,1.0,0.016816797,-0.48949452938644666,-inf,0.00054443994,0.17711471,1.0,1.0,0.15270975,1.0,0.02328903,-0.6721687244068747,-inf,0.00028444445,0.24551065,1.0,1.0,0.0
Microglia,Pericyte,XCL1,XCR1,0.12968315,1.0,0.016816797,-0.48949452938644666,-inf,0.00054443994,0.17711471,1.0,1.0,0.15270975,1.0,0.02328903,-0.6721687244068747,-inf,0.00028444445,0.24551065,1.0,1.0,0.0
Oligodendrocyte,Endothelial,CD177,PECAM1,0.12968315,1.0,0.016816797,-0.48949452938644666,-inf,0.00054443994,0.17711471,1.0,1.0,0.15270975,1.0,0.02328903,-0.6721687244068747,-inf,0.00028444445,0.24551065,1.0,1.0,0.0
Oligodendrocyte,Endothelial,CD34,SELL,0.12968315,1.0,0.016816797,-0.48949452938644666,-inf,0.00054443994,0.17711471,1.0,1.0,0.15270975,1.0,0.02328903,-0.6721687244068747,-inf,0.00028444445,0.24551065,1.0,1.0,0.0
Oligodendrocyte,Endothelial,PPY,NPY5R,0.12968315,1.0,0.016816797,-0.48949452938644666,-inf,0.00054443994,0.17711471,1.0,1.0,0.15270975,1.0,0.02328903,-0.6721687244068747,-inf,0.00028444445,0.24551065,1.0,1.0,0.0
Oligodendrocyte,Endothelial,NPY,NPY5R,0.12968315,1.0,0.016816797,-0.48949452938644666,-inf,0.00054443994,0.17711471,1.0,1.0,0.15270975,1.0,0.02328903,-0.6721687244068747,-inf,0.00028444445,0.24551065,1.0,1.0,0.0
Oligodendrocyte,Endothelial,PENK,OPRL1,0.12968315,1.0,0.016816797,-0.48949452938644666,-inf,0.00054443994,0.17711471,1.0,1.0,0.15270975,1.0,0.02328903,-0.6721687244068747,-inf,0.00028444445,0.24551065,1.0,1.0,0.0
Oligodendrocyte,Astrocyte,CCL4,GPR152,0.12968315,1.0,0.016816797,-0.48949452938644666,-inf,0.00054443994,0.17711471,1.0,1.0,0.15270975,1.0,0.02328903,-0.6721687244068747,-inf,0.00028444445,0.24551065,1.0,1.0,0.0
Microglia,Pericyte,CD40LG,CD9,0.12968315,1.0,0.016816797,-0.48949452938644666,-inf,0.00054443994,0.17711471,1.0,1.0,0.15270975,1.0,0.02328903,-0.6721687244068747,-inf,0.00028444445,0.24551065,1.0,1.0,0.0
Microglia,Pericyte,CD40LG,CD53,0.12968315,1.0,0.016816797,-0.48949452938644666,-inf,0.00054443994,0.17711471,1.0,1.0,0.15270975,1.0,0.02328903,-0.6721687244068747,-inf,0.00028444445,0.24551065,1.0,1.0,0.0
Oligodendrocyte,Endothelial,PGLYRP1,TREM1,0.12968315,1.0,0.016816797,-0.48949452938644666,-inf,0.00054443994,0.17711471,1.0,1.0,0.15270975,1.0,0.02328903,-0.6721687244068747,-inf,0.00028444445,0.24551065,1.0,1.0,0.0
Oligodendrocyte,Endothelial,PPBP,ACKR1,0.12968315,1.0,0.016816797,-0.48949452938644666,-inf,0.00054443994,0.17711471,1.0,1.0,0.15270975,1.0,0.02328903,-0.6721687244068747,-inf,0.00028444445,0.24551065,1.0,1.0,0.0
Oligodendrocyte,Astrocyte,CXCL3,ACKR1,0.12968315,1.0,0.016816797,-0.48949452938644666,-inf,0.00054443994,0.17711471,1.0,1.0,0.15270975,1.0,0.02328903,-0.6721687244068747,-inf,0.00028444445,0.24551065,1.0,1.0,0.0
Oligodendrocyte,Endothelial,PPBP,CXCR1,0.12968315,1.0,0.016816797,-0.48949452938644666,-inf,0.00054443994,0.17711471,1.0,1.0,0.15270975,1.0,0.02328903,-0.6721687244068747,-inf,0.00028444445,0.24551065,1.0,1.0,0.0
Oligodendrocyte,Endothelial,PPBP,CXCR2,0.12968315,1.0,0.016816797,-0.48949452938644666,-inf,0.00054443994,0.17711471,1.0,1.0,0.15270975,1.0,0.02328903,-0.6721687244068747,-inf,0.00028444445,0.24551065,1.0,1.0,0.0
Oligodendrocyte,Endothelial,NTS,NTSR2,0.12968315,1.0,0.016816797,-0.48949452938644666,-inf,0.00054443994,0.17711471,1.0,1.0,0.15270975,1.0,0.02328903,-0.6721687244068747,-inf,0.00028444445,0.24551065,1.0,1.0,0.0
Microglia,Pericyte,CXCL1,ACKR1,0.12968315,1.0,0.016816797,-0.48949452938644666,-inf,0.00054443994,0.17711471,1.0,1.0,0.15270975,1.0,0.02328903,-0.6721687244068747,-inf,0.00028444445,0.24551065,1.0,1.0,0.0
Oligodendrocyte,Endothelial,EDN1,ADGRL4,0.12968315,1.0,0.016816797,-0.48949452938644666,-inf,0.00054443994,0.17711471,1.0,1.0,0.15270975,1.0,0.02328903,-0.6721687244068747,-inf,0.00028444445,0.24551065,1.0,1.0,0.0
Microglia,Pericyte,CD34,SELL,0.12968315,1.0,0.016816797,-0.48949452938644666,-inf,0.00054443994,0.17711471,1.0,1.0,0.15270975,1.0,0.02328903,-0.6721687244068747,-inf,0.00028444445,0.24551065,1.0,1.0,0.0
Oligodendrocyte,Endothelial,MFGE8,PDGFRB,0.12968315,1.0,0.016816797,-0.48949452938644666,-inf,0.00054443994,0.17711471,1.0,1.0,0.15270975,1.0,0.02328903,-0.6721687244068747,-inf,0.00028444445,0.24551065,1.0,1.0,0.0
Oligodendrocyte,Astrocyte,CCL11,CCR5,0.12968315,1.0,0.016816797,-0.48949452938644666,-inf,0.00054443994,0.17711471,1.0,1.0,0.15270975,1.0,0.02328903,-0.6721687244068747,-inf,0.00028444445,0.24551065,1.0,1.0,0.0
Oligodendrocyte,Astrocyte,ANGPTL4,GPIHBP1,0.12968315,1.0,0.016816797,-0.48949452938644666,-inf,0.00054443994,0.17711471,1.0,1.0,0.15270975,1.0,0.02328903,-0.6721687244068747,-inf,0.00028444445,0.24551065,1.0,1.0,0.0
Oligodendrocyte,Astrocyte,ADM,RAMP2,0.12968315,1.0,0.016816797,-0.48949452938644666,-inf,0.00054443994,0.17711471,1.0,1.0,0.15270975,1.0,0.02328903,-0.6721687244068747,-inf,0.00028444445,0.24551065,1.0,1.0,0.0
Oligodendrocyte,Astrocyte,RIMS1,SLC17A7,0.12968315,1.0,0.016816797,-0.48949452938644666,-inf,0.00054443994,0.17711471,1.0,1.0,0.15270975,1.0,0.02328903,-0.6721687244068747,-inf,0.00028444445,0.24551065,1.0,1.0,0.0
Microglia,Pericyte,CFP,NCR1,0.12968315,1.0,0.016816797,-0.48949452938644666,-inf,0.00054443994,0.17711471,1.0,1.0,0.15270975,1.0,0.02328903,-0.6721687244068747,-inf,0.00028444445,0.24551065,1.0,1.0,0.0
Microglia,Pericyte,CGA,GPR84,0.12968315,1.0,0.016816797,-0.48949452938644666,-inf,0.00054443994,0.17711471,1.0,1.0,0.15270975,1.0,0.02328903,-0.6721687244068747,-inf,0.00028444445,0.24551065,1.0,1.0,0.0
Oligodendrocyte,Endothelial,MSMP,CCR2,0.12968315,1.0,0.016816797,-0.48949452938644666,-inf,0.00054443994,0.17711471,1.0,1.0,0.15270975,1.0,0.02328903,-0.6721687244068747,-inf,0.00028444445,0.24551065,1.0,1.0,0.0
Microglia,Pericyte,CXCL10,CCR3,0.12968315,1.0,0.016816797,-0.48949452938644666,-inf,0.00054443994,0.17711471,1.0,1.0,0.15270975,1.0,0.02328903,-0.6721687244068747,-inf,0.00028444445,0.24551065,1.0,1.0,0.0
Oligodendrocyte,Endothelial,IL34,PTPRZ1,0.12968315,1.0,0.016816797,-0.48949452938644666,-inf,0.00054443994,0.17711471,1.0,1.0,0.15270975,1.0,0.02328903,-0.6721687244068747,-inf,0.00028444445,0.24551065,1.0,1.0,0.0
Oligodendrocyte,Astrocyte,CXCL3,CXCR1,0.12968315,1.0,0.016816797,-0.48949452938644666,-inf,0.00054443994,0.17711471,1.0,1.0,0.15270975,1.0,0.02328903,-0.6721687244068747,-inf,0.00028444445,0.24551065,1.0,1.0,0.0
Oligodendrocyte,Endothelial,IL6,F3,0.12968315,1.0,0.016816797,-0.48949452938644666,-inf,0.00054443994,0.17711471,1.0,1.0,0.15270975,1.0,0.02328903,-0.6721687244068747,-inf,0.00028444445,0.24551065,1.0,1.0,0.0
Microglia,Pericyte,CXCL10,ACKR1,0.12968315,1.0,0.016816797,-0.48949452938644666,-inf,0.00054443994,0.17711471,1.0,1.0,0.15270975,1.0,0.02328903,-0.6721687244068747,-inf,0.00028444445,0.24551065,1.0,1.0,0.0
Microglia,Pericyte,CXCL1,CXCR2,0.12968315,1.0,0.016816797,-0.48949452938644666,-inf,0.00054443994,0.17711471,1.0,1.0,0.15270975,1.0,0.02328903,-0.6721687244068747,-inf,0.00028444445,0.24551065,1.0,1.0,0.0
Oligodendrocyte,Endothelial,IL6,MUSK,0.12968315,1.0,0.016816797,-0.48949452938644666,-inf,0.00054443994,0.17711471,1.0,1.0,0.15270975,1.0,0.02328903,-0.6721687244068747,-inf,0.00028444445,0.24551065,1.0,1.0,0.0
Oligodendrocyte,Endothelial,PNOC,OPRL1,0.12968315,1.0,0.016816797,-0.48949452938644666,-inf,0.00054443994,0.17711471,1.0,1.0,0.15270975,1.0,0.02328903,-0.6721687244068747,-inf,0.00028444445,0.24551065,1.0,1.0,0.0
Microglia,Pericyte,CXCL1,CXCR1,0.12968315,1.0,0.016816797,-0.48949452938644666,-inf,0.00054443994,0.17711471,1.0,1.0,0.15270975,1.0,0.02328903,-0.6721687244068747,-inf,0.00028444445,0.24551065,1.0,1.0,0.0
Microglia,Pericyte,CSF3,CSF1R,0.12968315,1.0,0.016816797,-0.48949452938644666,-inf,0.00054443994,0.17711471,1.0,1.0,0.15270975,1.0,0.02328903,-0.6721687244068747,-inf,0.00028444445,0.24551065,1.0,1.0,0.0
Microglia,Pericyte,CSF2,CSF1R,0.12968315,1.0,0.016816797,-0.48949452938644666,-inf,0.00054443994,0.17711471,1.0,1.0,0.15270975,1.0,0.02328903,-0.6721687244068747,-inf,0.00028444445,0.24551065,1.0,1.0,0.0
Microglia,Pericyte,COL3A1,MAG,0.12968315,1.0,0.016816797,-0.48949452938644666,-inf,0.00054443994,0.17711471,1.0,1.0,0.15270975,1.0,0.02328903,-0.6721687244068747,-inf,0.00028444445,0.24551065,1.0,1.0,0.0
Oligodendrocyte,Endothelial,ITIH2,FCER1A,0.12968315,1.0,0.016816797,-0.48949452938644666,-inf,0.00054443994,0.17711471,1.0,1.0,0.15270975,1.0,0.02328903,-0.6721687244068747,-inf,0.00028444445,0.24551065,1.0,1.0,0.0
Microglia,Pericyte,CGA,RAMP2,0.12968315,1.0,0.016816797,-0.48949452938644666,-inf,0.00054443994,0.17711471,1.0,1.0,0.15270975,1.0,0.02328903,-0.6721687244068747,-inf,0.00028444445,0.24551065,1.0,1.0,0.0
Oligodendrocyte,Endothelial,LGALS3,LAG3,0.12968315,1.0,0.016816797,-0.48949452938644666,-inf,0.00054443994,0.17711471,1.0,1.0,0.15270975,1.0,0.02328903,-0.6721687244068747,-inf,0.00028444445,0.24551065,1.0,1.0,0.0
Oligodendrocyte,Endothelial,LPL,GPIHBP1,0.12968315,1.0,0.016816797,-0.48949452938644666,-inf,0.00054443994,0.17711471,1.0,1.0,0.15270975,1.0,0.02328903,-0.6721687244068747,-inf,0.00028444445,0.24551065,1.0,1.0,0.0
Oligodendrocyte,Endothelial,PSAP,GPR37,0.12968315,1.0,0.016816797,-0.48949452938644666,-inf,0.00054443994,0.17711471,1.0,1.0,0.15270975,1.0,0.02328903,-0.6721687244068747,-inf,0.00028444445,0.24551065,1.0,1.0,0.0
Oligodendrocyte,Oligodendrocyte,CCL3,CCR5,0.12968315,1.0,0.016816797,-0.48949452938644666,-inf,0.00054443994,0.17711471,1.0,1.0,0.15270975,1.0,0.02328903,-0.6721687244068747,-inf,0.00028444445,0.24551065,1.0,1.0,0.0
Oligodendrocyte,Oligodendrocyte,PPY,NPY5R,0.12968315,1.0,0.016816797,-0.48949452938644666,-inf,0.00054443994,0.17711471,1.0,1.0,0.15270975,1.0,0.02328903,-0.6721687244068747,-inf,0.00028444445,0.24551065,1.0,1.0,0.0
Microglia,Oligodendrocyte,FGL1,LAG3,0.12968315,1.0,0.016816797,-0.48949452938644666,-inf,0.00054443994,0.17711471,1.0,1.0,0.15270975,1.0,0.02328903,-0.6721687244068747,-inf,0.00028444445,0.24551065,1.0,1.0,0.0
Pericyte,Pericyte,CGA,RAMP2,0.12968315,1.0,0.016816797,-0.48949452938644666,-inf,0.00054443994,0.17711471,1.0,1.0,0.15270975,1.0,0.02328903,-0.6721687244068747,-inf,0.00028444445,0.24551065,1.0,1.0,0.0
Pericyte,Pericyte,COL3A1,MAG,0.12968315,1.0,0.016816797,-0.48949452938644666,-inf,0.00054443994,0.17711471,1.0,1.0,0.15270975,1.0,0.02328903,-0.6721687244068747,-inf,0.00028444445,0.24551065,1.0,1.0,0.0
Pericyte,Pericyte,CSF2,CSF1R,0.12968315,1.0,0.016816797,-0.48949452938644666,-inf,0.00054443994,0.17711471,1.0,1.0,0.15270975,1.0,0.02328903,-0.6721687244068747,-inf,0.00028444445,0.24551065,1.0,1.0,0.0
Pericyte,Pericyte,CSF3,CSF1R,0.12968315,1.0,0.016816797,-0.48949452938644666,-inf,0.00054443994,0.17711471,1.0,1.0,0.15270975,1.0,0.02328903,-0.6721687244068747,-inf,0.00028444445,0.24551065,1.0,1.0,0.0
Pericyte,Pericyte,CXCL1,ACKR1,0.12968315,1.0,0.016816797,-0.48949452938644666,-inf,0.00054443994,0.17711471,1.0,1.0,0.15270975,1.0,0.02328903,-0.6721687244068747,-inf,0.00028444445,0.24551065,1.0,1.0,0.0
Pericyte,Pericyte,CXCL1,CXCR1,0.12968315,1.0,0.016816797,-0.48949452938644666,-inf,0.00054443994,0.17711471,1.0,1.0,0.15270975,1.0,0.02328903,-0.6721687244068747,-inf,0.00028444445,0.24551065,1.0,1.0,0.0
Pericyte,Pericyte,CXCL1,CXCR2,0.12968315,1.0,0.016816797,-0.48949452938644666,-inf,0.00054443994,0.17711471,1.0,1.0,0.15270975,1.0,0.02328903,-0.6721687244068747,-inf,0.00028444445,0.24551065,1.0,1.0,0.0
Pericyte,Pericyte,CXCL10,ACKR1,0.12968315,1.0,0.016816797,-0.48949452938644666,-inf,0.00054443994,0.17711471,1.0,1.0,0.15270975,1.0,0.02328903,-0.6721687244068747,-inf,0.00028444445,0.24551065,1.0,1.0,0.0
Pericyte,Pericyte,CXCL10,CCR3,0.12968315,1.0,0.016816797,-0.48949452938644666,-inf,0.00054443994,0.17711471,1.0,1.0,0.15270975,1.0,0.02328903,-0.6721687244068747,-inf,0.00028444445,0.24551065,1.0,1.0,0.0
Pericyte,Pericyte,CXCL10,SDC4,0.12968315,1.0,0.016816797,-0.48949452938644666,-inf,0.00054443994,0.17711471,1.0,1.0,0.15270975,1.0,0.02328903,-0.6721687244068747,-inf,0.00028444445,0.24551065,1.0,1.0,0.0
Pericyte,Pericyte,CGA,GPR84,0.12968315,1.0,0.016816797,-0.48949452938644666,-inf,0.00054443994,0.17711471,1.0,1.0,0.15270975,1.0,0.02328903,-0.6721687244068747,-inf,0.00028444445,0.24551065,1.0,1.0,0.0
Pericyte,Pericyte,CXCL12,AVPR1A,0.12968315,1.0,0.016816797,-0.48949452938644666,-inf,0.00054443994,0.17711471,1.0,1.0,0.15270975,1.0,0.02328903,-0.6721687244068747,-inf,0.00028444445,0.24551065,1.0,1.0,0.0
Pericyte,Microglia,CCL5,CCR3,0.12968315,1.0,0.016816797,-0.48949452938644666,-inf,0.00054443994,0.17711471,1.0,1.0,0.15270975,1.0,0.02328903,-0.6721687244068747,-inf,0.00028444445,0.24551065,1.0,1.0,0.0
Pericyte,Microglia,CCL5,CCR1,0.12968315,1.0,0.016816797,-0.48949452938644666,-inf,0.00054443994,0.17711471,1.0,1.0,0.15270975,1.0,0.02328903,-0.6721687244068747,-inf,0.00028444445,0.24551065,1.0,1.0,0.0
Pericyte,Microglia,CCL5,ACKR1,0.12968315,1.0,0.016816797,-0.48949452938644666,-inf,0.00054443994,0.17711471,1.0,1.0,0.15270975,1.0,0.02328903,-0.6721687244068747,-inf,0.00028444445,0.24551065,1.0,1.0,0.0
Pericyte,Microglia,CXCL3,ACKR1,0.12968315,1.0,0.016816797,-0.48949452938644666,-inf,0.00054443994,0.17711471,1.0,1.0,0.15270975,1.0,0.02328903,-0.6721687244068747,-inf,0.00028444445,0.24551065,1.0,1.0,0.0
Pericyte,Microglia,CCL8,CCR2,0.12968315,1.0,0.016816797,-0.48949452938644666,-inf,0.00054443994,0.17711471,1.0,1.0,0.15270975,1.0,0.02328903,-0.6721687244068747,-inf,0.00028444445,0.24551065,1.0,1.0,0.0
Pericyte,Microglia,CCL8,CCR1,0.12968315,1.0,0.016816797,-0.48949452938644666,-inf,0.00054443994,0.17711471,1.0,1.0,0.15270975,1.0,0.02328903,-0.6721687244068747,-inf,0.00028444445,0.24551065,1.0,1.0,0.0
Pericyte,Microglia,CCL8,ACKR1,0.12968315,1.0,0.016816797,-0.48949452938644666,-inf,0.00054443994,0.17711471,1.0,1.0,0.15270975,1.0,0.02328903,-0.6721687244068747,-inf,0.00028444445,0.24551065,1.0,1.0,0.0
Pericyte,Microglia,CCL7,CCR3,0.12968315,1.0,0.016816797,-0.48949452938644666,-inf,0.00054443994,0.17711471,1.0,1.0,0.15270975,1.0,0.02328903,-0.6721687244068747,-inf,0.00028444445,0.24551065,1.0,1.0,0.0
Pericyte,Microglia,CAMP,IGF1R,0.12968315,1.0,0.016816797,-0.48949452938644666,-inf,0.00054443994,0.17711471,1.0,1.0,0.15270975,1.0,0.02328903,-0.6721687244068747,-inf,0.00028444445,0.24551065,1.0,1.0,0.0
Pericyte,Microglia,CCL1,ACKR1,0.12968315,1.0,0.016816797,-0.48949452938644666,-inf,0.00054443994,0.17711471,1.0,1.0,0.15270975,1.0,0.02328903,-0.6721687244068747,-inf,0.00028444445,0.24551065,1.0,1.0,0.0
Pericyte,Microglia,CCL5,CCR5,0.12968315,1.0,0.016816797,-0.48949452938644666,-inf,0.00054443994,0.17711471,1.0,1.0,0.15270975,1.0,0.02328903,-0.6721687244068747,-inf,0.00028444445,0.24551065,1.0,1.0,0.0
Pericyte,Pericyte,CFP,NCR1,0.12968315,1.0,0.016816797,-0.48949452938644666,-inf,0.00054443994,0.17711471,1.0,1.0,0.15270975,1.0,0.02328903,-0.6721687244068747,-inf,0.00028444445,0.24551065,1.0,1.0,0.0
Pericyte,Pericyte,CD40LG,CD9,0.12968315,1.0,0.016816797,-0.48949452938644666,-inf,0.00054443994,0.17711471,1.0,1.0,0.15270975,1.0,0.02328903,-0.6721687244068747,-inf,0.00028444445,0.24551065,1.0,1.0,0.0
Pericyte,Oligodendrocyte,CCL8,CCR5,0.12968315,1.0,0.016816797,-0.48949452938644666,-inf,0.00054443994,0.17711471,1.0,1.0,0.15270975,1.0,0.02328903,-0.6721687244068747,-inf,0.00028444445,0.24551065,1.0,1.0,0.0
Pericyte,Oligodendrocyte,MFGE8,PDGFRB,0.12968315,1.0,0.016816797,-0.48949452938644666,-inf,0.00054443994,0.17711471,1.0,1.0,0.15270975,1.0,0.02328903,-0.6721687244068747,-inf,0.00028444445,0.24551065,1.0,1.0,0.0
Pericyte,Oligodendrocyte,MSMP,CCR2,0.12968315,1.0,0.016816797,-0.48949452938644666,-inf,0.00054443994,0.17711471,1.0,1.0,0.15270975,1.0,0.02328903,-0.6721687244068747,-inf,0.00028444445,0.24551065,1.0,1.0,0.0
Pericyte,Oligodendrocyte,CSF3,CSF1R,0.12968315,1.0,0.016816797,-0.48949452938644666,-inf,0.00054443994,0.17711471,1.0,1.0,0.15270975,1.0,0.02328903,-0.6721687244068747,-inf,0.00028444445,0.24551065,1.0,1.0,0.0
Pericyte,Oligodendrocyte,CXCL9,ACKR1,0.12968315,1.0,0.016816797,-0.48949452938644666,-inf,0.00054443994,0.17711471,1.0,1.0,0.15270975,1.0,0.02328903,-0.6721687244068747,-inf,0.00028444445,0.24551065,1.0,1.0,0.0
Pericyte,Oligodendrocyte,CXCL5,CXCR2,0.12968315,1.0,0.016816797,-0.48949452938644666,-inf,0.00054443994,0.17711471,1.0,1.0,0.15270975,1.0,0.02328903,-0.6721687244068747,-inf,0.00028444445,0.24551065,1.0,1.0,0.0
Pericyte,Oligodendrocyte,CXCL5,CXCR1,0.12968315,1.0,0.016816797,-0.48949452938644666,-inf,0.00054443994,0.17711471,1.0,1.0,0.15270975,1.0,0.02328903,-0.6721687244068747,-inf,0.00028444445,0.24551065,1.0,1.0,0.0
Pericyte,Oligodendrocyte,CD177,PECAM1,0.12968315,1.0,0.016816797,-0.48949452938644666,-inf,0.00054443994,0.17711471,1.0,1.0,0.15270975,1.0,0.02328903,-0.6721687244068747,-inf,0.00028444445,0.24551065,1.0,1.0,0.0
Pericyte,Oligodendrocyte,CD34,SELL,0.12968315,1.0,0.016816797,-0.48949452938644666,-inf,0.00054443994,0.17711471,1.0,1.0,0.15270975,1.0,0.02328903,-0.6721687244068747,-inf,0.00028444445,0.24551065,1.0,1.0,0.0
Pericyte,Oligodendrocyte,CD40LG,CD53,0.12968315,1.0,0.016816797,-0.48949452938644666,-inf,0.00054443994,0.17711471,1.0,1.0,0.15270975,1.0,0.02328903,-0.6721687244068747,-inf,0.00028444445,0.24551065,1.0,1.0,0.0
Pericyte,Oligodendrocyte,CD40LG,CD9,0.12968315,1.0,0.016816797,-0.48949452938644666,-inf,0.00054443994,0.17711471,1.0,1.0,0.15270975,1.0,0.02328903,-0.6721687244068747,-inf,0.00028444445,0.24551065,1.0,1.0,0.0
Pericyte,Oligodendrocyte,CFP,NCR1,0.12968315,1.0,0.016816797,-0.48949452938644666,-inf,0.00054443994,0.17711471,1.0,1.0,0.15270975,1.0,0.02328903,-0.6721687244068747,-inf,0.00028444445,0.24551065,1.0,1.0,0.0
Pericyte,Oligodendrocyte,CGA,GPR84,0.12968315,1.0,0.016816797,-0.48949452938644666,-inf,0.00054443994,0.17711471,1.0,1.0,0.15270975,1.0,0.02328903,-0.6721687244068747,-inf,0.00028444445,0.24551065,1.0,1.0,0.0
Pericyte,Oligodendrocyte,CGA,RAMP2,0.12968315,1.0,0.016816797,-0.48949452938644666,-inf,0.00054443994,0.17711471,1.0,1.0,0.15270975,1.0,0.02328903,-0.6721687244068747,-inf,0.00028444445,0.24551065,1.0,1.0,0.0
Pericyte,Oligodendrocyte,CXCL9,CCR3,0.12968315,1.0,0.016816797,-0.48949452938644666,-inf,0.00054443994,0.17711471,1.0,1.0,0.15270975,1.0,0.02328903,-0.6721687244068747,-inf,0.00028444445,0.24551065,1.0,1.0,0.0
Pericyte,Pericyte,B2M,KLRD1,0.12968315,1.0,0.016816797,-0.48949452938644666,-inf,0.00054443994,0.17711471,1.0,1.0,0.15270975,1.0,0.02328903,-0.6721687244068747,-inf,0.00028444445,0.24551065,1.0,1.0,0.0
Pericyte,Pericyte,SCT,GPR84,0.12968315,1.0,0.016816797,-0.48949452938644666,-inf,0.00054443994,0.17711471,1.0,1.0,0.15270975,1.0,0.02328903,-0.6721687244068747,-inf,0.00028444445,0.24551065,1.0,1.0,0.0
Pericyte,Pericyte,SAA1,FPR2,0.12968315,1.0,0.016816797,-0.48949452938644666,-inf,0.00054443994,0.17711471,1.0,1.0,0.15270975,1.0,0.02328903,-0.6721687244068747,-inf,0.00028444445,0.24551065,1.0,1.0,0.0
Pericyte,Microglia,CCL5,SDC4,0.12968315,1.0,0.016816797,-0.48949452938644666,-inf,0.00054443994,0.17711471,1.0,1.0,0.15270975,1.0,0.02328903,-0.6721687244068747,-inf,0.00028444445,0.24551065,1.0,1.0,0.0
Pericyte,Microglia,CCL7,ACKR1,0.12968315,1.0,0.016816797,-0.48949452938644666,-inf,0.00054443994,0.17711471,1.0,1.0,0.15270975,1.0,0.02328903,-0.6721687244068747,-inf,0.00028444445,0.24551065,1.0,1.0,0.0
Pericyte,Microglia,CCL7,CCR2,0.12968315,1.0,0.016816797,-0.48949452938644666,-inf,0.00054443994,0.17711471,1.0,1.0,0.15270975,1.0,0.02328903,-0.6721687244068747,-inf,0.00028444445,0.24551065,1.0,1.0,0.0
Pericyte,Microglia,CCL24,CCR3,0.12968315,1.0,0.016816797,-0.48949452938644666,-inf,0.00054443994,0.17711471,1.0,1.0,0.15270975,1.0,0.02328903,-0.6721687244068747,-inf,0.00028444445,0.24551065,1.0,1.0,0.0
Pericyte,Endothelial,IL6,F3,0.12968315,1.0,0.016816797,-0.48949452938644666,-inf,0.00054443994,0.17711471,1.0,1.0,0.15270975,1.0,0.02328903,-0.6721687244068747,-inf,0.00028444445,0.24551065,1.0,1.0,0.0
Pericyte,Oligodendrocyte,CCL8,CCR2,0.12968315,1.0,0.016816797,-0.48949452938644666,-inf,0.00054443994,0.17711471,1.0,1.0,0.15270975,1.0,0.02328903,-0.6721687244068747,-inf,0.00028444445,0.24551065,1.0,1.0,0.0
Pericyte,Microglia,CCL11,ACKR1,0.12968315,1.0,0.016816797,-0.48949452938644666,-inf,0.00054443994,0.17711471,1.0,1.0,0.15270975,1.0,0.02328903,-0.6721687244068747,-inf,0.00028444445,0.24551065,1.0,1.0,0.0
Pericyte,Oligodendrocyte,LPL,GPIHBP1,0.12968315,1.0,0.016816797,-0.48949452938644666,-inf,0.00054443994,0.17711471,1.0,1.0,0.15270975,1.0,0.02328903,-0.6721687244068747,-inf,0.00028444445,0.24551065,1.0,1.0,0.0
Pericyte,Microglia,CCL11,CCR2,0.12968315,1.0,0.016816797,-0.48949452938644666,-inf,0.00054443994,0.17711471,1.0,1.0,0.15270975,1.0,0.02328903,-0.6721687244068747,-inf,0.00028444445,0.24551065,1.0,1.0,0.0
Pericyte,Pericyte,CXCL2,ACKR1,0.12968315,1.0,0.016816797,-0.48949452938644666,-inf,0.00054443994,0.17711471,1.0,1.0,0.15270975,1.0,0.02328903,-0.6721687244068747,-inf,0.00028444445,0.24551065,1.0,1.0,0.0
Pericyte,Pericyte,PPBP,CXCR2,0.12968315,1.0,0.016816797,-0.48949452938644666,-inf,0.00054443994,0.17711471,1.0,1.0,0.15270975,1.0,0.02328903,-0.6721687244068747,-inf,0.00028444445,0.24551065,1.0,1.0,0.0
Pericyte,Pericyte,PPY,NPY5R,0.12968315,1.0,0.016816797,-0.48949452938644666,-inf,0.00054443994,0.17711471,1.0,1.0,0.15270975,1.0,0.02328903,-0.6721687244068747,-inf,0.00028444445,0.24551065,1.0,1.0,0.0
Pericyte,Pericyte,PROK2,PROKR1,0.12968315,1.0,0.016816797,-0.48949452938644666,-inf,0.00054443994,0.17711471,1.0,1.0,0.15270975,1.0,0.02328903,-0.6721687244068747,-inf,0.00028444445,0.24551065,1.0,1.0,0.0
Pericyte,Pericyte,PSAP,GPR37,0.12968315,1.0,0.016816797,-0.48949452938644666,-inf,0.00054443994,0.17711471,1.0,1.0,0.15270975,1.0,0.02328903,-0.6721687244068747,-inf,0.00028444445,0.24551065,1.0,1.0,0.0
Pericyte,Pericyte,PTN,PTPRZ1,0.12968315,1.0,0.016816797,-0.48949452938644666,-inf,0.00054443994,0.17711471,1.0,1.0,0.15270975,1.0,0.02328903,-0.6721687244068747,-inf,0.00028444445,0.24551065,1.0,1.0,0.0
Pericyte,Pericyte,RIMS1,SLC17A7,0.12968315,1.0,0.016816797,-0.48949452938644666,-inf,0.00054443994,0.17711471,1.0,1.0,0.15270975,1.0,0.02328903,-0.6721687244068747,-inf,0.00028444445,0.24551065,1.0,1.0,0.0
Pericyte,Pericyte,RLN3,GPR84,0.12968315,1.0,0.016816797,-0.48949452938644666,-inf,0.00054443994,0.17711471,1.0,1.0,0.15270975,1.0,0.02328903,-0.6721687244068747,-inf,0.00028444445,0.24551065,1.0,1.0,0.0
Pericyte,Pericyte,RLN3,RAMP2,0.12968315,1.0,0.016816797,-0.48949452938644666,-inf,0.00054443994,0.17711471,1.0,1.0,0.15270975,1.0,0.02328903,-0.6721687244068747,-inf,0.00028444445,0.24551065,1.0,1.0,0.0
Pericyte,Pericyte,S100A4,CCR5,0.12968315,1.0,0.016816797,-0.48949452938644666,-inf,0.00054443994,0.17711471,1.0,1.0,0.15270975,1.0,0.02328903,-0.6721687244068747,-inf,0.00028444445,0.24551065,1.0,1.0,0.0
Pericyte,Pericyte,SAA1,FPR1,0.12968315,1.0,0.016816797,-0.48949452938644666,-inf,0.00054443994,0.17711471,1.0,1.0,0.15270975,1.0,0.02328903,-0.6721687244068747,-inf,0.00028444445,0.24551065,1.0,1.0,0.0
Pericyte,Pericyte,PPBP,ACKR1,0.12968315,1.0,0.016816797,-0.48949452938644666,-inf,0.00054443994,0.17711471,1.0,1.0,0.15270975,1.0,0.02328903,-0.6721687244068747,-inf,0.00028444445,0.24551065,1.0,1.0,0.0
Pericyte,Pericyte,PPBP,CXCR1,0.12968315,1.0,0.016816797,-0.48949452938644666,-inf,0.00054443994,0.17711471,1.0,1.0,0.15270975,1.0,0.02328903,-0.6721687244068747,-inf,0.00028444445,0.24551065,1.0,1.0,0.0
Pericyte,Pericyte,CCL5,SDC4,0.12968315,1.0,0.016816797,-0.48949452938644666,-inf,0.00054443994,0.17711471,1.0,1.0,0.15270975,1.0,0.02328903,-0.6721687244068747,-inf,0.00028444445,0.24551065,1.0,1.0,0.0
Pericyte,Pericyte,CXCL3,ACKR1,0.12968315,1.0,0.016816797,-0.48949452938644666,-inf,0.00054443994,0.17711471,1.0,1.0,0.15270975,1.0,0.02328903,-0.6721687244068747,-inf,0.00028444445,0.24551065,1.0,1.0,0.0
Pericyte,Pericyte,CXCL3,CXCR1,0.12968315,1.0,0.016816797,-0.48949452938644666,-inf,0.00054443994,0.17711471,1.0,1.0,0.15270975,1.0,0.02328903,-0.6721687244068747,-inf,0.00028444445,0.24551065,1.0,1.0,0.0
Pericyte,Pericyte,CXCL3,CXCR2,0.12968315,1.0,0.016816797,-0.48949452938644666,-inf,0.00054443994,0.17711471,1.0,1.0,0.15270975,1.0,0.02328903,-0.6721687244068747,-inf,0.00028444445,0.24551065,1.0,1.0,0.0
Pericyte,Pericyte,CXCL5,ACKR1,0.12968315,1.0,0.016816797,-0.48949452938644666,-inf,0.00054443994,0.17711471,1.0,1.0,0.15270975,1.0,0.02328903,-0.6721687244068747,-inf,0.00028444445,0.24551065,1.0,1.0,0.0
Pericyte,Pericyte,CXCL5,CXCR1,0.12968315,1.0,0.016816797,-0.48949452938644666,-inf,0.00054443994,0.17711471,1.0,1.0,0.15270975,1.0,0.02328903,-0.6721687244068747,-inf,0.00028444445,0.24551065,1.0,1.0,0.0
Pericyte,Pericyte,CD40LG,CD53,0.12968315,1.0,0.016816797,-0.48949452938644666,-inf,0.00054443994,0.17711471,1.0,1.0,0.15270975,1.0,0.02328903,-0.6721687244068747,-inf,0.00028444445,0.24551065,1.0,1.0,0.0
Pericyte,Pericyte,CXCL5,CXCR2,0.12968315,1.0,0.016816797,-0.48949452938644666,-inf,0.00054443994,0.17711471,1.0,1.0,0.15270975,1.0,0.02328903,-0.6721687244068747,-inf,0.00028444445,0.24551065,1.0,1.0,0.0
Pericyte,Pericyte,CD34,SELL,0.12968315,1.0,0.016816797,-0.48949452938644666,-inf,0.00054443994,0.17711471,1.0,1.0,0.15270975,1.0,0.02328903,-0.6721687244068747,-inf,0.00028444445,0.24551065,1.0,1.0,0.0
Pericyte,Pericyte,CCL8,CCR5,0.12968315,1.0,0.016816797,-0.48949452938644666,-inf,0.00054443994,0.17711471,1.0,1.0,0.15270975,1.0,0.02328903,-0.6721687244068747,-inf,0.00028444445,0.24551065,1.0,1.0,0.0
Pericyte,Pericyte,CCL7,CCR1,0.12968315,1.0,0.016816797,-0.48949452938644666,-inf,0.00054443994,0.17711471,1.0,1.0,0.15270975,1.0,0.02328903,-0.6721687244068747,-inf,0.00028444445,0.24551065,1.0,1.0,0.0
Pericyte,Pericyte,CCL7,CCR2,0.12968315,1.0,0.016816797,-0.48949452938644666,-inf,0.00054443994,0.17711471,1.0,1.0,0.15270975,1.0,0.02328903,-0.6721687244068747,-inf,0.00028444445,0.24551065,1.0,1.0,0.0
Pericyte,Pericyte,CYTL1,CCR2,0.12968315,1.0,0.016816797,-0.48949452938644666,-inf,0.00054443994,0.17711471,1.0,1.0,0.15270975,1.0,0.02328903,-0.6721687244068747,-inf,0.00028444445,0.24551065,1.0,1.0,0.0
Pericyte,Pericyte,CXCL9,CCR3,0.12968315,1.0,0.016816797,-0.48949452938644666,-inf,0.00054443994,0.17711471,1.0,1.0,0.15270975,1.0,0.02328903,-0.6721687244068747,-inf,0.00028444445,0.24551065,1.0,1.0,0.0
Pericyte,Microglia,CCL11,CCR5,0.12968315,1.0,0.016816797,-0.48949452938644666,-inf,0.00054443994,0.17711471,1.0,1.0,0.15270975,1.0,0.02328903,-0.6721687244068747,-inf,0.00028444445,0.24551065,1.0,1.0,0.0
Pericyte,Microglia,CCL19,CCR7,0.12968315,1.0,0.016816797,-0.48949452938644666,-inf,0.00054443994,0.17711471,1.0,1.0,0.15270975,1.0,0.02328903,-0.6721687244068747,-inf,0.00028444445,0.24551065,1.0,1.0,0.0
Pericyte,Microglia,CCL2,ACKR1,0.12968315,1.0,0.016816797,-0.48949452938644666,-inf,0.00054443994,0.17711471,1.0,1.0,0.15270975,1.0,0.02328903,-0.6721687244068747,-inf,0.00028444445,0.24551065,1.0,1.0,0.0
Pericyte,Microglia,CCL2,CCR2,0.12968315,1.0,0.016816797,-0.48949452938644666,-inf,0.00054443994,0.17711471,1.0,1.0,0.15270975,1.0,0.02328903,-0.6721687244068747,-inf,0.00028444445,0.24551065,1.0,1.0,0.0
Pericyte,Microglia,CCL2,CCR3,0.12968315,1.0,0.016816797,-0.48949452938644666,-inf,0.00054443994,0.17711471,1.0,1.0,0.15270975,1.0,0.02328903,-0.6721687244068747,-inf,0.00028444445,0.24551065,1.0,1.0,0.0
Pericyte,Microglia,CALCB,RAMP2,0.12968315,1.0,0.016816797,-0.48949452938644666,-inf,0.00054443994,0.17711471,1.0,1.0,0.15270975,1.0,0.02328903,-0.6721687244068747,-inf,0.00028444445,0.24551065,1.0,1.0,0.0
Pericyte,Microglia,CCL24,CCR2,0.12968315,1.0,0.016816797,-0.48949452938644666,-inf,0.00054443994,0.17711471,1.0,1.0,0.15270975,1.0,0.02328903,-0.6721687244068747,-inf,0.00028444445,0.24551065,1.0,1.0,0.0
Pericyte,Microglia,CCL28,CCR3,0.12968315,1.0,0.016816797,-0.48949452938644666,-inf,0.00054443994,0.17711471,1.0,1.0,0.15270975,1.0,0.02328903,-0.6721687244068747,-inf,0.00028444445,0.24551065,1.0,1.0,0.0
Pericyte,Microglia,CCL3,CCR3,0.12968315,1.0,0.016816797,-0.48949452938644666,-inf,0.00054443994,0.17711471,1.0,1.0,0.15270975,1.0,0.02328903,-0.6721687244068747,-inf,0.00028444445,0.24551065,1.0,1.0,0.0
Pericyte,Microglia,CCL4,CCR3,0.12968315,1.0,0.016816797,-0.48949452938644666,-inf,0.00054443994,0.17711471,1.0,1.0,0.15270975,1.0,0.02328903,-0.6721687244068747,-inf,0.00028444445,0.24551065,1.0,1.0,0.0
Pericyte,Microglia,CCL4,GPR152,0.12968315,1.0,0.016816797,-0.48949452938644666,-inf,0.00054443994,0.17711471,1.0,1.0,0.15270975,1.0,0.02328903,-0.6721687244068747,-inf,0.00028444445,0.24551065,1.0,1.0,0.0
Pericyte,Microglia,CCL17,ACKR1,0.12968315,1.0,0.016816797,-0.48949452938644666,-inf,0.00054443994,0.17711471,1.0,1.0,0.15270975,1.0,0.02328903,-0.6721687244068747,-inf,0.00028444445,0.24551065,1.0,1.0,0.0
Pericyte,Pericyte,CXCL2,CXCR1,0.12968315,1.0,0.016816797,-0.48949452938644666,-inf,0.00054443994,0.17711471,1.0,1.0,0.15270975,1.0,0.02328903,-0.6721687244068747,-inf,0.00028444445,0.24551065,1.0,1.0,0.0
Pericyte,Pericyte,CXCL2,CXCR2,0.12968315,1.0,0.016816797,-0.48949452938644666,-inf,0.00054443994,0.17711471,1.0,1.0,0.15270975,1.0,0.02328903,-0.6721687244068747,-inf,0.00028444445,0.24551065,1.0,1.0,0.0
Pericyte,Pericyte,CXCL2,XCR1,0.12968315,1.0,0.016816797,-0.48949452938644666,-inf,0.00054443994,0.17711471,1.0,1.0,0.15270975,1.0,0.02328903,-0.6721687244068747,-inf,0.00028444445,0.24551065,1.0,1.0,0.0
Pericyte,Pericyte,CCL7,CCR3,0.12968315,1.0,0.016816797,-0.48949452938644666,-inf,0.00054443994,0.17711471,1.0,1.0,0.15270975,1.0,0.02328903,-0.6721687244068747,-inf,0.00028444445,0.24551065,1.0,1.0,0.0
Pericyte,Pericyte,CCL7,CCR5,0.12968315,1.0,0.016816797,-0.48949452938644666,-inf,0.00054443994,0.17711471,1.0,1.0,0.15270975,1.0,0.02328903,-0.6721687244068747,-inf,0.00028444445,0.24551065,1.0,1.0,0.0
Pericyte,Pericyte,CCL8,ACKR1,0.12968315,1.0,0.016816797,-0.48949452938644666,-inf,0.00054443994,0.17711471,1.0,1.0,0.15270975,1.0,0.02328903,-0.6721687244068747,-inf,0.00028444445,0.24551065,1.0,1.0,0.0
Pericyte,Pericyte,CCL8,CCR1,0.12968315,1.0,0.016816797,-0.48949452938644666,-inf,0.00054443994,0.17711471,1.0,1.0,0.15270975,1.0,0.02328903,-0.6721687244068747,-inf,0.00028444445,0.24551065,1.0,1.0,0.0
Pericyte,Pericyte,CCL8,CCR2,0.12968315,1.0,0.016816797,-0.48949452938644666,-inf,0.00054443994,0.17711471,1.0,1.0,0.15270975,1.0,0.02328903,-0.6721687244068747,-inf,0.00028444445,0.24551065,1.0,1.0,0.0
Pericyte,Pericyte,CCL8,CCR3,0.12968315,1.0,0.016816797,-0.48949452938644666,-inf,0.00054443994,0.17711471,1.0,1.0,0.15270975,1.0,0.02328903,-0.6721687244068747,-inf,0.00028444445,0.24551065,1.0,1.0,0.0
Pericyte,Pericyte,CD177,PECAM1,0.12968315,1.0,0.016816797,-0.48949452938644666,-inf,0.00054443994,0.17711471,1.0,1.0,0.15270975,1.0,0.02328903,-0.6721687244068747,-inf,0.00028444445,0.24551065,1.0,1.0,0.0
Pericyte,Pericyte,CXCL9,ACKR1,0.12968315,1.0,0.016816797,-0.48949452938644666,-inf,0.00054443994,0.17711471,1.0,1.0,0.15270975,1.0,0.02328903,-0.6721687244068747,-inf,0.00028444445,0.24551065,1.0,1.0,0.0
Pericyte,Microglia,CCL11,CCR3,0.12968315,1.0,0.016816797,-0.48949452938644666,-inf,0.00054443994,0.17711471,1.0,1.0,0.15270975,1.0,0.02328903,-0.6721687244068747,-inf,0.00028444445,0.24551065,1.0,1.0,0.0
Pericyte,Oligodendrocyte,LGALS3,LAG3,0.12968315,1.0,0.016816797,-0.48949452938644666,-inf,0.00054443994,0.17711471,1.0,1.0,0.15270975,1.0,0.02328903,-0.6721687244068747,-inf,0.00028444445,0.24551065,1.0,1.0,0.0
Pericyte,Oligodendrocyte,ITIH2,FCER1A,0.12968315,1.0,0.016816797,-0.48949452938644666,-inf,0.00054443994,0.17711471,1.0,1.0,0.15270975,1.0,0.02328903,-0.6721687244068747,-inf,0.00028444445,0.24551065,1.0,1.0,0.0
Pericyte,Oligodendrocyte,IL6,MUSK,0.12968315,1.0,0.016816797,-0.48949452938644666,-inf,0.00054443994,0.17711471,1.0,1.0,0.15270975,1.0,0.02328903,-0.6721687244068747,-inf,0.00028444445,0.24551065,1.0,1.0,0.0
Pericyte,Pericyte,IL6,MUSK,0.12968315,1.0,0.016816797,-0.48949452938644666,-inf,0.00054443994,0.17711471,1.0,1.0,0.15270975,1.0,0.02328903,-0.6721687244068747,-inf,0.00028444445,0.24551065,1.0,1.0,0.0
Pericyte,Pericyte,ITIH2,FCER1A,0.12968315,1.0,0.016816797,-0.48949452938644666,-inf,0.00054443994,0.17711471,1.0,1.0,0.15270975,1.0,0.02328903,-0.6721687244068747,-inf,0.00028444445,0.24551065,1.0,1.0,0.0
Pericyte,Pericyte,LGALS3,LAG3,0.12968315,1.0,0.016816797,-0.48949452938644666,-inf,0.00054443994,0.17711471,1.0,1.0,0.15270975,1.0,0.02328903,-0.6721687244068747,-inf,0.00028444445,0.24551065,1.0,1.0,0.0
Pericyte,Pericyte,LPL,GPIHBP1,0.12968315,1.0,0.016816797,-0.48949452938644666,-inf,0.00054443994,0.17711471,1.0,1.0,0.15270975,1.0,0.02328903,-0.6721687244068747,-inf,0.00028444445,0.24551065,1.0,1.0,0.0
Pericyte,Pericyte,MSMP,CCR2,0.12968315,1.0,0.016816797,-0.48949452938644666,-inf,0.00054443994,0.17711471,1.0,1.0,0.15270975,1.0,0.02328903,-0.6721687244068747,-inf,0.00028444445,0.24551065,1.0,1.0,0.0
Pericyte,Pericyte,NPY,NPY5R,0.12968315,1.0,0.016816797,-0.48949452938644666,-inf,0.00054443994,0.17711471,1.0,1.0,0.15270975,1.0,0.02328903,-0.6721687244068747,-inf,0.00028444445,0.24551065,1.0,1.0,0.0
Pericyte,Pericyte,NTS,NTSR2,0.12968315,1.0,0.016816797,-0.48949452938644666,-inf,0.00054443994,0.17711471,1.0,1.0,0.15270975,1.0,0.02328903,-0.6721687244068747,-inf,0.00028444445,0.24551065,1.0,1.0,0.0
Pericyte,Pericyte,HSPA1A,GRIN2D,0.12968315,1.0,0.016816797,-0.48949452938644666,-inf,0.00054443994,0.17711471,1.0,1.0,0.15270975,1.0,0.02328903,-0.6721687244068747,-inf,0.00028444445,0.24551065,1.0,1.0,0.0
Pericyte,Pericyte,CCL2,CCR5,0.12968315,1.0,0.016816797,-0.48949452938644666,-inf,0.00054443994,0.17711471,1.0,1.0,0.15270975,1.0,0.02328903,-0.6721687244068747,-inf,0.00028444445,0.24551065,1.0,1.0,0.0
Pericyte,Pericyte,CCL2,CCR3,0.12968315,1.0,0.016816797,-0.48949452938644666,-inf,0.00054443994,0.17711471,1.0,1.0,0.15270975,1.0,0.02328903,-0.6721687244068747,-inf,0.00028444445,0.24551065,1.0,1.0,0.0
Oligodendrocyte,Oligodendrocyte,CXCL2,CXCR2,0.12968315,1.0,0.016816797,-0.48949452938644666,-inf,0.00054443994,0.17711471,1.0,1.0,0.15270975,1.0,0.02328903,-0.6721687244068747,-inf,0.00028444445,0.24551065,1.0,1.0,0.0
Pericyte,Pericyte,CCL2,CCR2,0.12968315,1.0,0.016816797,-0.48949452938644666,-inf,0.00054443994,0.17711471,1.0,1.0,0.15270975,1.0,0.02328903,-0.6721687244068747,-inf,0.00028444445,0.24551065,1.0,1.0,0.0
Pericyte,Oligodendrocyte,EDN1,ADGRL4,0.12968315,1.0,0.016816797,-0.48949452938644666,-inf,0.00054443994,0.17711471,1.0,1.0,0.15270975,1.0,0.02328903,-0.6721687244068747,-inf,0.00028444445,0.24551065,1.0,1.0,0.0
Pericyte,Oligodendrocyte,EDN1,EDNRB,0.12968315,1.0,0.016816797,-0.48949452938644666,-inf,0.00054443994,0.17711471,1.0,1.0,0.15270975,1.0,0.02328903,-0.6721687244068747,-inf,0.00028444445,0.24551065,1.0,1.0,0.0
Pericyte,Oligodendrocyte,F10,F3,0.12968315,1.0,0.016816797,-0.48949452938644666,-inf,0.00054443994,0.17711471,1.0,1.0,0.15270975,1.0,0.02328903,-0.6721687244068747,-inf,0.00028444445,0.24551065,1.0,1.0,0.0
Pericyte,Oligodendrocyte,FGL1,LAG3,0.12968315,1.0,0.016816797,-0.48949452938644666,-inf,0.00054443994,0.17711471,1.0,1.0,0.15270975,1.0,0.02328903,-0.6721687244068747,-inf,0.00028444445,0.24551065,1.0,1.0,0.0
Pericyte,Oligodendrocyte,FN1,CD79A,0.12968315,1.0,0.016816797,-0.48949452938644666,-inf,0.00054443994,0.17711471,1.0,1.0,0.15270975,1.0,0.02328903,-0.6721687244068747,-inf,0.00028444445,0.24551065,1.0,1.0,0.0
Pericyte,Oligodendrocyte,GAST,CCKBR,0.12968315,1.0,0.016816797,-0.48949452938644666,-inf,0.00054443994,0.17711471,1.0,1.0,0.15270975,1.0,0.02328903,-0.6721687244068747,-inf,0.00028444445,0.24551065,1.0,1.0,0.0
Pericyte,Oligodendrocyte,GAST,GPR152,0.12968315,1.0,0.016816797,-0.48949452938644666,-inf,0.00054443994,0.17711471,1.0,1.0,0.15270975,1.0,0.02328903,-0.6721687244068747,-inf,0.00028444445,0.24551065,1.0,1.0,0.0
Pericyte,Pericyte,IL6,F3,0.12968315,1.0,0.016816797,-0.48949452938644666,-inf,0.00054443994,0.17711471,1.0,1.0,0.15270975,1.0,0.02328903,-0.6721687244068747,-inf,0.00028444445,0.24551065,1.0,1.0,0.0
Pericyte,Pericyte,IL34,PTPRZ1,0.12968315,1.0,0.016816797,-0.48949452938644666,-inf,0.00054443994,0.17711471,1.0,1.0,0.15270975,1.0,0.02328903,-0.6721687244068747,-inf,0.00028444445,0.24551065,1.0,1.0,0.0
Pericyte,Pericyte,HP,CD163,0.12968315,1.0,0.016816797,-0.48949452938644666,-inf,0.00054443994,0.17711471,1.0,1.0,0.15270975,1.0,0.02328903,-0.6721687244068747,-inf,0.00028444445,0.24551065,1.0,1.0,0.0
Pericyte,Oligodendrocyte,CYTL1,CCR2,0.12968315,1.0,0.016816797,-0.48949452938644666,-inf,0.00054443994,0.17711471,1.0,1.0,0.15270975,1.0,0.02328903,-0.6721687244068747,-inf,0.00028444445,0.24551065,1.0,1.0,0.0
Oligodendrocyte,Oligodendrocyte,CXCL3,ACKR1,0.12968315,1.0,0.016816797,-0.48949452938644666,-inf,0.00054443994,0.17711471,1.0,1.0,0.15270975,1.0,0.02328903,-0.6721687244068747,-inf,0.00028444445,0.24551065,1.0,1.0,0.0
Pericyte,Microglia,CXCL2,CXCR2,0.12968315,1.0,0.016816797,-0.48949452938644666,-inf,0.00054443994,0.17711471,1.0,1.0,0.15270975,1.0,0.02328903,-0.6721687244068747,-inf,0.00028444445,0.24551065,1.0,1.0,0.0
Pericyte,Astrocyte,EDN1,ADGRL4,0.12968315,1.0,0.016816797,-0.48949452938644666,-inf,0.00054443994,0.17711471,1.0,1.0,0.15270975,1.0,0.02328903,-0.6721687244068747,-inf,0.00028444445,0.24551065,1.0,1.0,0.0
Astrocyte,Pericyte,CXCL10,CCR3,0.12968315,1.0,0.016816797,-0.48949452938644666,-inf,0.00054443994,0.17711471,1.0,1.0,0.15270975,1.0,0.02328903,-0.6721687244068747,-inf,0.00028444445,0.24551065,1.0,1.0,0.0
Pericyte,Astrocyte,CXCL2,CXCR2,0.12968315,1.0,0.016816797,-0.48949452938644666,-inf,0.00054443994,0.17711471,1.0,1.0,0.15270975,1.0,0.02328903,-0.6721687244068747,-inf,0.00028444445,0.24551065,1.0,1.0,0.0
Pericyte,Astrocyte,CXCL2,XCR1,0.12968315,1.0,0.016816797,-0.48949452938644666,-inf,0.00054443994,0.17711471,1.0,1.0,0.15270975,1.0,0.02328903,-0.6721687244068747,-inf,0.00028444445,0.24551065,1.0,1.0,0.0
Pericyte,Astrocyte,CSF2,CSF1R,0.12968315,1.0,0.016816797,-0.48949452938644666,-inf,0.00054443994,0.17711471,1.0,1.0,0.15270975,1.0,0.02328903,-0.6721687244068747,-inf,0.00028444445,0.24551065,1.0,1.0,0.0
Pericyte,Astrocyte,CXCL3,ACKR1,0.12968315,1.0,0.016816797,-0.48949452938644666,-inf,0.00054443994,0.17711471,1.0,1.0,0.15270975,1.0,0.02328903,-0.6721687244068747,-inf,0.00028444445,0.24551065,1.0,1.0,0.0
Pericyte,Astrocyte,CXCL3,CXCR2,0.12968315,1.0,0.016816797,-0.48949452938644666,-inf,0.00054443994,0.17711471,1.0,1.0,0.15270975,1.0,0.02328903,-0.6721687244068747,-inf,0.00028444445,0.24551065,1.0,1.0,0.0
Pericyte,Astrocyte,CXCL5,ACKR1,0.12968315,1.0,0.016816797,-0.48949452938644666,-inf,0.00054443994,0.17711471,1.0,1.0,0.15270975,1.0,0.02328903,-0.6721687244068747,-inf,0.00028444445,0.24551065,1.0,1.0,0.0
Pericyte,Astrocyte,CXCL5,CXCR1,0.12968315,1.0,0.016816797,-0.48949452938644666,-inf,0.00054443994,0.17711471,1.0,1.0,0.15270975,1.0,0.02328903,-0.6721687244068747,-inf,0.00028444445,0.24551065,1.0,1.0,0.0
Pericyte,Astrocyte,CXCL5,CXCR2,0.12968315,1.0,0.016816797,-0.48949452938644666,-inf,0.00054443994,0.17711471,1.0,1.0,0.15270975,1.0,0.02328903,-0.6721687244068747,-inf,0.00028444445,0.24551065,1.0,1.0,0.0
Pericyte,Astrocyte,CXCL9,ACKR1,0.12968315,1.0,0.016816797,-0.48949452938644666,-inf,0.00054443994,0.17711471,1.0,1.0,0.15270975,1.0,0.02328903,-0.6721687244068747,-inf,0.00028444445,0.24551065,1.0,1.0,0.0
Pericyte,Astrocyte,CXCL9,CCR3,0.12968315,1.0,0.016816797,-0.48949452938644666,-inf,0.00054443994,0.17711471,1.0,1.0,0.15270975,1.0,0.02328903,-0.6721687244068747,-inf,0.00028444445,0.24551065,1.0,1.0,0.0
Astrocyte,Pericyte,CXCL10,SDC4,0.12968315,1.0,0.016816797,-0.48949452938644666,-inf,0.00054443994,0.17711471,1.0,1.0,0.15270975,1.0,0.02328903,-0.6721687244068747,-inf,0.00028444445,0.24551065,1.0,1.0,0.0
Pericyte,Astrocyte,CYTL1,CCR2,0.12968315,1.0,0.016816797,-0.48949452938644666,-inf,0.00054443994,0.17711471,1.0,1.0,0.15270975,1.0,0.02328903,-0.6721687244068747,-inf,0.00028444445,0.24551065,1.0,1.0,0.0
Pericyte,Astrocyte,EDN1,EDNRB,0.12968315,1.0,0.016816797,-0.48949452938644666,-inf,0.00054443994,0.17711471,1.0,1.0,0.15270975,1.0,0.02328903,-0.6721687244068747,-inf,0.00028444445,0.24551065,1.0,1.0,0.0
Pericyte,Astrocyte,F10,F3,0.12968315,1.0,0.016816797,-0.48949452938644666,-inf,0.00054443994,0.17711471,1.0,1.0,0.15270975,1.0,0.02328903,-0.6721687244068747,-inf,0.00028444445,0.24551065,1.0,1.0,0.0
Pericyte,Astrocyte,FGL1,LAG3,0.12968315,1.0,0.016816797,-0.48949452938644666,-inf,0.00054443994,0.17711471,1.0,1.0,0.15270975,1.0,0.02328903,-0.6721687244068747,-inf,0.00028444445,0.24551065,1.0,1.0,0.0
Pericyte,Astrocyte,CXCL3,CXCR1,0.12968315,1.0,0.016816797,-0.48949452938644666,-inf,0.00054443994,0.17711471,1.0,1.0,0.15270975,1.0,0.02328903,-0.6721687244068747,-inf,0.00028444445,0.24551065,1.0,1.0,0.0
Microglia,Oligodendrocyte,CXCL5,ACKR1,0.12968315,1.0,0.016816797,-0.48949452938644666,-inf,0.00054443994,0.17711471,1.0,1.0,0.15270975,1.0,0.02328903,-0.6721687244068747,-inf,0.00028444445,0.24551065,1.0,1.0,0.0
Astrocyte,Astrocyte,ADM,GPR84,0.12968315,1.0,0.016816797,-0.48949452938644666,-inf,0.00054443994,0.17711471,1.0,1.0,0.15270975,1.0,0.02328903,-0.6721687244068747,-inf,0.00028444445,0.24551065,1.0,1.0,0.0
Microglia,Oligodendrocyte,CXCL3,CXCR1,0.12968315,1.0,0.016816797,-0.48949452938644666,-inf,0.00054443994,0.17711471,1.0,1.0,0.15270975,1.0,0.02328903,-0.6721687244068747,-inf,0.00028444445,0.24551065,1.0,1.0,0.0
Astrocyte,Pericyte,CXCL1,CXCR1,0.12968315,1.0,0.016816797,-0.48949452938644666,-inf,0.00054443994,0.17711471,1.0,1.0,0.15270975,1.0,0.02328903,-0.6721687244068747,-inf,0.00028444445,0.24551065,1.0,1.0,0.0
Astrocyte,Pericyte,CXCL1,CXCR2,0.12968315,1.0,0.016816797,-0.48949452938644666,-inf,0.00054443994,0.17711471,1.0,1.0,0.15270975,1.0,0.02328903,-0.6721687244068747,-inf,0.00028444445,0.24551065,1.0,1.0,0.0
Astrocyte,Pericyte,CXCL10,ACKR1,0.12968315,1.0,0.016816797,-0.48949452938644666,-inf,0.00054443994,0.17711471,1.0,1.0,0.15270975,1.0,0.02328903,-0.6721687244068747,-inf,0.00028444445,0.24551065,1.0,1.0,0.0
Pericyte,Pericyte,CCL24,CCR2,0.12968315,1.0,0.016816797,-0.48949452938644666,-inf,0.00054443994,0.17711471,1.0,1.0,0.15270975,1.0,0.02328903,-0.6721687244068747,-inf,0.00028444445,0.24551065,1.0,1.0,0.0
Pericyte,Pericyte,SELPLG,SELL,0.12968315,1.0,0.016816797,-0.48949452938644666,-inf,0.00054443994,0.17711471,1.0,1.0,0.15270975,1.0,0.02328903,-0.6721687244068747,-inf,0.00028444445,0.24551065,1.0,1.0,0.0
Pericyte,Pericyte,SNCA,LAG3,0.12968315,1.0,0.016816797,-0.48949452938644666,-inf,0.00054443994,0.17711471,1.0,1.0,0.15270975,1.0,0.02328903,-0.6721687244068747,-inf,0.00028444445,0.24551065,1.0,1.0,0.0
Pericyte,Pericyte,TDGF1,ACVR1C,0.12968315,1.0,0.016816797,-0.48949452938644666,-inf,0.00054443994,0.17711471,1.0,1.0,0.15270975,1.0,0.02328903,-0.6721687244068747,-inf,0.00028444445,0.24551065,1.0,1.0,0.0
Pericyte,Oligodendrocyte,CXCL2,CXCR1,0.12968315,1.0,0.016816797,-0.48949452938644666,-inf,0.00054443994,0.17711471,1.0,1.0,0.15270975,1.0,0.02328903,-0.6721687244068747,-inf,0.00028444445,0.24551065,1.0,1.0,0.0
Pericyte,Oligodendrocyte,CXCL2,CXCR2,0.12968315,1.0,0.016816797,-0.48949452938644666,-inf,0.00054443994,0.17711471,1.0,1.0,0.15270975,1.0,0.02328903,-0.6721687244068747,-inf,0.00028444445,0.24551065,1.0,1.0,0.0
Pericyte,Oligodendrocyte,CXCL2,XCR1,0.12968315,1.0,0.016816797,-0.48949452938644666,-inf,0.00054443994,0.17711471,1.0,1.0,0.15270975,1.0,0.02328903,-0.6721687244068747,-inf,0.00028444445,0.24551065,1.0,1.0,0.0
Pericyte,Oligodendrocyte,CXCL3,ACKR1,0.12968315,1.0,0.016816797,-0.48949452938644666,-inf,0.00054443994,0.17711471,1.0,1.0,0.15270975,1.0,0.02328903,-0.6721687244068747,-inf,0.00028444445,0.24551065,1.0,1.0,0.0
Pericyte,Oligodendrocyte,CXCL1,CXCR1,0.12968315,1.0,0.016816797,-0.48949452938644666,-inf,0.00054443994,0.17711471,1.0,1.0,0.15270975,1.0,0.02328903,-0.6721687244068747,-inf,0.00028444445,0.24551065,1.0,1.0,0.0
Pericyte,Oligodendrocyte,CXCL3,CXCR1,0.12968315,1.0,0.016816797,-0.48949452938644666,-inf,0.00054443994,0.17711471,1.0,1.0,0.15270975,1.0,0.02328903,-0.6721687244068747,-inf,0.00028444445,0.24551065,1.0,1.0,0.0
Pericyte,Oligodendrocyte,CXCL5,ACKR1,0.12968315,1.0,0.016816797,-0.48949452938644666,-inf,0.00054443994,0.17711471,1.0,1.0,0.15270975,1.0,0.02328903,-0.6721687244068747,-inf,0.00028444445,0.24551065,1.0,1.0,0.0
Pericyte,Oligodendrocyte,CXCL10,ACKR1,0.12968315,1.0,0.016816797,-0.48949452938644666,-inf,0.00054443994,0.17711471,1.0,1.0,0.15270975,1.0,0.02328903,-0.6721687244068747,-inf,0.00028444445,0.24551065,1.0,1.0,0.0
Pericyte,Oligodendrocyte,CCL8,CCR3,0.12968315,1.0,0.016816797,-0.48949452938644666,-inf,0.00054443994,0.17711471,1.0,1.0,0.15270975,1.0,0.02328903,-0.6721687244068747,-inf,0.00028444445,0.24551065,1.0,1.0,0.0
Pericyte,Oligodendrocyte,NTS,NTSR2,0.12968315,1.0,0.016816797,-0.48949452938644666,-inf,0.00054443994,0.17711471,1.0,1.0,0.15270975,1.0,0.02328903,-0.6721687244068747,-inf,0.00028444445,0.24551065,1.0,1.0,0.0
Pericyte,Oligodendrocyte,PF4,ACKR1,0.12968315,1.0,0.016816797,-0.48949452938644666,-inf,0.00054443994,0.17711471,1.0,1.0,0.15270975,1.0,0.02328903,-0.6721687244068747,-inf,0.00028444445,0.24551065,1.0,1.0,0.0
Pericyte,Pericyte,APOB,LSR,0.12968315,1.0,0.016816797,-0.48949452938644666,-inf,0.00054443994,0.17711471,1.0,1.0,0.15270975,1.0,0.02328903,-0.6721687244068747,-inf,0.00028444445,0.24551065,1.0,1.0,0.0
Pericyte,Pericyte,APOB,TREM2,0.12968315,1.0,0.016816797,-0.48949452938644666,-inf,0.00054443994,0.17711471,1.0,1.0,0.15270975,1.0,0.02328903,-0.6721687244068747,-inf,0.00028444445,0.24551065,1.0,1.0,0.0
Pericyte,Pericyte,APP,FPR2,0.12968315,1.0,0.016816797,-0.48949452938644666,-inf,0.00054443994,0.17711471,1.0,1.0,0.15270975,1.0,0.02328903,-0.6721687244068747,-inf,0.00028444445,0.24551065,1.0,1.0,0.0
Pericyte,Pericyte,B2M,KLRC1,0.12968315,1.0,0.016816797,-0.48949452938644666,-inf,0.00054443994,0.17711471,1.0,1.0,0.15270975,1.0,0.02328903,-0.6721687244068747,-inf,0.00028444445,0.24551065,1.0,1.0,0.0
Pericyte,Pericyte,B2M,KLRC2,0.12968315,1.0,0.016816797,-0.48949452938644666,-inf,0.00054443994,0.17711471,1.0,1.0,0.15270975,1.0,0.02328903,-0.6721687244068747,-inf,0.00028444445,0.24551065,1.0,1.0,0.0
Pericyte,Oligodendrocyte,CXCL3,CXCR2,0.12968315,1.0,0.016816797,-0.48949452938644666,-inf,0.00054443994,0.17711471,1.0,1.0,0.15270975,1.0,0.02328903,-0.6721687244068747,-inf,0.00028444445,0.24551065,1.0,1.0,0.0
Pericyte,Pericyte,SCT,RAMP2,0.12968315,1.0,0.016816797,-0.48949452938644666,-inf,0.00054443994,0.17711471,1.0,1.0,0.15270975,1.0,0.02328903,-0.6721687244068747,-inf,0.00028444445,0.24551065,1.0,1.0,0.0
Pericyte,Oligodendrocyte,CXCL1,ACKR1,0.12968315,1.0,0.016816797,-0.48949452938644666,-inf,0.00054443994,0.17711471,1.0,1.0,0.15270975,1.0,0.02328903,-0.6721687244068747,-inf,0.00028444445,0.24551065,1.0,1.0,0.0
Pericyte,Oligodendrocyte,CSF2,CSF1R,0.12968315,1.0,0.016816797,-0.48949452938644666,-inf,0.00054443994,0.17711471,1.0,1.0,0.15270975,1.0,0.02328903,-0.6721687244068747,-inf,0.00028444445,0.24551065,1.0,1.0,0.0
Pericyte,Oligodendrocyte,HSPA1A,GRIN2D,0.12968315,1.0,0.016816797,-0.48949452938644666,-inf,0.00054443994,0.17711471,1.0,1.0,0.15270975,1.0,0.02328903,-0.6721687244068747,-inf,0.00028444445,0.24551065,1.0,1.0,0.0
Pericyte,Oligodendrocyte,IL34,PTPRZ1,0.12968315,1.0,0.016816797,-0.48949452938644666,-inf,0.00054443994,0.17711471,1.0,1.0,0.15270975,1.0,0.02328903,-0.6721687244068747,-inf,0.00028444445,0.24551065,1.0,1.0,0.0
Pericyte,Oligodendrocyte,IL6,F3,0.12968315,1.0,0.016816797,-0.48949452938644666,-inf,0.00054443994,0.17711471,1.0,1.0,0.15270975,1.0,0.02328903,-0.6721687244068747,-inf,0.00028444445,0.24551065,1.0,1.0,0.0
Pericyte,Oligodendrocyte,CXCL2,ACKR1,0.12968315,1.0,0.016816797,-0.48949452938644666,-inf,0.00054443994,0.17711471,1.0,1.0,0.15270975,1.0,0.02328903,-0.6721687244068747,-inf,0.00028444445,0.24551065,1.0,1.0,0.0
Pericyte,Pericyte,CCL24,CCR3,0.12968315,1.0,0.016816797,-0.48949452938644666,-inf,0.00054443994,0.17711471,1.0,1.0,0.15270975,1.0,0.02328903,-0.6721687244068747,-inf,0.00028444445,0.24551065,1.0,1.0,0.0
Pericyte,Oligodendrocyte,CXCL12,AVPR1A,0.12968315,1.0,0.016816797,-0.48949452938644666,-inf,0.00054443994,0.17711471,1.0,1.0,0.15270975,1.0,0.02328903,-0.6721687244068747,-inf,0.00028444445,0.24551065,1.0,1.0,0.0
Pericyte,Oligodendrocyte,CXCL10,CCR3,0.12968315,1.0,0.016816797,-0.48949452938644666,-inf,0.00054443994,0.17711471,1.0,1.0,0.15270975,1.0,0.02328903,-0.6721687244068747,-inf,0.00028444445,0.24551065,1.0,1.0,0.0
Pericyte,Pericyte,TNF,FAS,0.12968315,1.0,0.016816797,-0.48949452938644666,-inf,0.00054443994,0.17711471,1.0,1.0,0.15270975,1.0,0.02328903,-0.6721687244068747,-inf,0.00028444445,0.24551065,1.0,1.0,0.0
Pericyte,Pericyte,TNF,VSIR,0.12968315,1.0,0.016816797,-0.48949452938644666,-inf,0.00054443994,0.17711471,1.0,1.0,0.15270975,1.0,0.02328903,-0.6721687244068747,-inf,0.00028444445,0.24551065,1.0,1.0,0.0
Pericyte,Pericyte,PNOC,OPRL1,0.12968315,1.0,0.016816797,-0.48949452938644666,-inf,0.00054443994,0.17711471,1.0,1.0,0.15270975,1.0,0.02328903,-0.6721687244068747,-inf,0.00028444445,0.24551065,1.0,1.0,0.0
Pericyte,Pericyte,PGLYRP1,TREM1,0.12968315,1.0,0.016816797,-0.48949452938644666,-inf,0.00054443994,0.17711471,1.0,1.0,0.15270975,1.0,0.02328903,-0.6721687244068747,-inf,0.00028444445,0.24551065,1.0,1.0,0.0
Pericyte,Pericyte,PF4,ACKR1,0.12968315,1.0,0.016816797,-0.48949452938644666,-inf,0.00054443994,0.17711471,1.0,1.0,0.15270975,1.0,0.02328903,-0.6721687244068747,-inf,0.00028444445,0.24551065,1.0,1.0,0.0
Pericyte,Oligodendrocyte,GZMA,F2RL1,0.12968315,1.0,0.016816797,-0.48949452938644666,-inf,0.00054443994,0.17711471,1.0,1.0,0.15270975,1.0,0.02328903,-0.6721687244068747,-inf,0.00028444445,0.24551065,1.0,1.0,0.0
Pericyte,Pericyte,PENK,OPRL1,0.12968315,1.0,0.016816797,-0.48949452938644666,-inf,0.00054443994,0.17711471,1.0,1.0,0.15270975,1.0,0.02328903,-0.6721687244068747,-inf,0.00028444445,0.24551065,1.0,1.0,0.0
Pericyte,Pericyte,EDN1,EDNRB,0.12968315,1.0,0.016816797,-0.48949452938644666,-inf,0.00054443994,0.17711471,1.0,1.0,0.15270975,1.0,0.02328903,-0.6721687244068747,-inf,0.00028444445,0.24551065,1.0,1.0,0.0
Pericyte,Pericyte,F10,F3,0.12968315,1.0,0.016816797,-0.48949452938644666,-inf,0.00054443994,0.17711471,1.0,1.0,0.15270975,1.0,0.02328903,-0.6721687244068747,-inf,0.00028444445,0.24551065,1.0,1.0,0.0
Pericyte,Pericyte,FGL1,LAG3,0.12968315,1.0,0.016816797,-0.48949452938644666,-inf,0.00054443994,0.17711471,1.0,1.0,0.15270975,1.0,0.02328903,-0.6721687244068747,-inf,0.00028444445,0.24551065,1.0,1.0,0.0
Pericyte,Pericyte,FN1,CD79A,0.12968315,1.0,0.016816797,-0.48949452938644666,-inf,0.00054443994,0.17711471,1.0,1.0,0.15270975,1.0,0.02328903,-0.6721687244068747,-inf,0.00028444445,0.24551065,1.0,1.0,0.0
Pericyte,Pericyte,FN1,MAG,0.12968315,1.0,0.016816797,-0.48949452938644666,-inf,0.00054443994,0.17711471,1.0,1.0,0.15270975,1.0,0.02328903,-0.6721687244068747,-inf,0.00028444445,0.24551065,1.0,1.0,0.0
Pericyte,Pericyte,GAST,CCKBR,0.12968315,1.0,0.016816797,-0.48949452938644666,-inf,0.00054443994,0.17711471,1.0,1.0,0.15270975,1.0,0.02328903,-0.6721687244068747,-inf,0.00028444445,0.24551065,1.0,1.0,0.0
Pericyte,Pericyte,GAST,GPR152,0.12968315,1.0,0.016816797,-0.48949452938644666,-inf,0.00054443994,0.17711471,1.0,1.0,0.15270975,1.0,0.02328903,-0.6721687244068747,-inf,0.00028444445,0.24551065,1.0,1.0,0.0
Pericyte,Pericyte,GZMA,F2RL1,0.12968315,1.0,0.016816797,-0.48949452938644666,-inf,0.00054443994,0.17711471,1.0,1.0,0.15270975,1.0,0.02328903,-0.6721687244068747,-inf,0.00028444445,0.24551065,1.0,1.0,0.0
Pericyte,Pericyte,HDC,HRH3,0.12968315,1.0,0.016816797,-0.48949452938644666,-inf,0.00054443994,0.17711471,1.0,1.0,0.15270975,1.0,0.02328903,-0.6721687244068747,-inf,0.00028444445,0.24551065,1.0,1.0,0.0
Pericyte,Pericyte,HP,ASGR1,0.12968315,1.0,0.016816797,-0.48949452938644666,-inf,0.00054443994,0.17711471,1.0,1.0,0.15270975,1.0,0.02328903,-0.6721687244068747,-inf,0.00028444445,0.24551065,1.0,1.0,0.0
Pericyte,Pericyte,EDN1,ADGRL4,0.12968315,1.0,0.016816797,-0.48949452938644666,-inf,0.00054443994,0.17711471,1.0,1.0,0.15270975,1.0,0.02328903,-0.6721687244068747,-inf,0.00028444445,0.24551065,1.0,1.0,0.0
Pericyte,Oligodendrocyte,HDC,HRH3,0.12968315,1.0,0.016816797,-0.48949452938644666,-inf,0.00054443994,0.17711471,1.0,1.0,0.15270975,1.0,0.02328903,-0.6721687244068747,-inf,0.00028444445,0.24551065,1.0,1.0,0.0
Pericyte,Oligodendrocyte,HP,ASGR1,0.12968315,1.0,0.016816797,-0.48949452938644666,-inf,0.00054443994,0.17711471,1.0,1.0,0.15270975,1.0,0.02328903,-0.6721687244068747,-inf,0.00028444445,0.24551065,1.0,1.0,0.0
Pericyte,Oligodendrocyte,HP,CD163,0.12968315,1.0,0.016816797,-0.48949452938644666,-inf,0.00054443994,0.17711471,1.0,1.0,0.15270975,1.0,0.02328903,-0.6721687244068747,-inf,0.00028444445,0.24551065,1.0,1.0,0.0
Pericyte,Oligodendrocyte,NPY,NPY5R,0.12968315,1.0,0.016816797,-0.48949452938644666,-inf,0.00054443994,0.17711471,1.0,1.0,0.15270975,1.0,0.02328903,-0.6721687244068747,-inf,0.00028444445,0.24551065,1.0,1.0,0.0
Pericyte,Oligodendrocyte,CXCL1,CXCR2,0.12968315,1.0,0.016816797,-0.48949452938644666,-inf,0.00054443994,0.17711471,1.0,1.0,0.15270975,1.0,0.02328903,-0.6721687244068747,-inf,0.00028444445,0.24551065,1.0,1.0,0.0
Pericyte,Oligodendrocyte,CXCL10,SDC4,0.12968315,1.0,0.016816797,-0.48949452938644666,-inf,0.00054443994,0.17711471,1.0,1.0,0.15270975,1.0,0.02328903,-0.6721687244068747,-inf,0.00028444445,0.24551065,1.0,1.0,0.0
Pericyte,Pericyte,CCL7,ACKR1,0.12968315,1.0,0.016816797,-0.48949452938644666,-inf,0.00054443994,0.17711471,1.0,1.0,0.15270975,1.0,0.02328903,-0.6721687244068747,-inf,0.00028444445,0.24551065,1.0,1.0,0.0
Pericyte,Pericyte,CCL28,CCR3,0.12968315,1.0,0.016816797,-0.48949452938644666,-inf,0.00054443994,0.17711471,1.0,1.0,0.15270975,1.0,0.02328903,-0.6721687244068747,-inf,0.00028444445,0.24551065,1.0,1.0,0.0
Pericyte,Pericyte,CCL3,CCR3,0.12968315,1.0,0.016816797,-0.48949452938644666,-inf,0.00054443994,0.17711471,1.0,1.0,0.15270975,1.0,0.02328903,-0.6721687244068747,-inf,0.00028444445,0.24551065,1.0,1.0,0.0
Pericyte,Oligodendrocyte,PROK2,PROKR1,0.12968315,1.0,0.016816797,-0.48949452938644666,-inf,0.00054443994,0.17711471,1.0,1.0,0.15270975,1.0,0.02328903,-0.6721687244068747,-inf,0.00028444445,0.24551065,1.0,1.0,0.0
Pericyte,Oligodendrocyte,PPBP,CXCR2,0.12968315,1.0,0.016816797,-0.48949452938644666,-inf,0.00054443994,0.17711471,1.0,1.0,0.15270975,1.0,0.02328903,-0.6721687244068747,-inf,0.00028444445,0.24551065,1.0,1.0,0.0
Pericyte,Pericyte,CALCB,GPR84,0.12968315,1.0,0.016816797,-0.48949452938644666,-inf,0.00054443994,0.17711471,1.0,1.0,0.15270975,1.0,0.02328903,-0.6721687244068747,-inf,0.00028444445,0.24551065,1.0,1.0,0.0
Pericyte,Pericyte,CALCB,RAMP1,0.12968315,1.0,0.016816797,-0.48949452938644666,-inf,0.00054443994,0.17711471,1.0,1.0,0.15270975,1.0,0.02328903,-0.6721687244068747,-inf,0.00028444445,0.24551065,1.0,1.0,0.0
Pericyte,Pericyte,CALCB,RAMP2,0.12968315,1.0,0.016816797,-0.48949452938644666,-inf,0.00054443994,0.17711471,1.0,1.0,0.15270975,1.0,0.02328903,-0.6721687244068747,-inf,0.00028444445,0.24551065,1.0,1.0,0.0
Pericyte,Pericyte,CAMP,FPR2,0.12968315,1.0,0.016816797,-0.48949452938644666,-inf,0.00054443994,0.17711471,1.0,1.0,0.15270975,1.0,0.02328903,-0.6721687244068747,-inf,0.00028444445,0.24551065,1.0,1.0,0.0
Pericyte,Pericyte,CAMP,IGF1R,0.12968315,1.0,0.016816797,-0.48949452938644666,-inf,0.00054443994,0.17711471,1.0,1.0,0.15270975,1.0,0.02328903,-0.6721687244068747,-inf,0.00028444445,0.24551065,1.0,1.0,0.0
Pericyte,Pericyte,CCL1,ACKR1,0.12968315,1.0,0.016816797,-0.48949452938644666,-inf,0.00054443994,0.17711471,1.0,1.0,0.15270975,1.0,0.02328903,-0.6721687244068747,-inf,0.00028444445,0.24551065,1.0,1.0,0.0
Pericyte,Pericyte,CCL11,ACKR1,0.12968315,1.0,0.016816797,-0.48949452938644666,-inf,0.00054443994,0.17711471,1.0,1.0,0.15270975,1.0,0.02328903,-0.6721687244068747,-inf,0.00028444445,0.24551065,1.0,1.0,0.0
Pericyte,Pericyte,CCL11,CCR2,0.12968315,1.0,0.016816797,-0.48949452938644666,-inf,0.00054443994,0.17711471,1.0,1.0,0.15270975,1.0,0.02328903,-0.6721687244068747,-inf,0.00028444445,0.24551065,1.0,1.0,0.0
Oligodendrocyte,Pericyte,CCL8,CCR3,0.12968315,1.0,0.016816797,-0.48949452938644666,-inf,0.00054443994,0.17711471,1.0,1.0,0.15270975,1.0,0.02328903,-0.6721687244068747,-inf,0.00028444445,0.24551065,1.0,1.0,0.0
Pericyte,Pericyte,CCL11,CCR3,0.12968315,1.0,0.016816797,-0.48949452938644666,-inf,0.00054443994,0.17711471,1.0,1.0,0.15270975,1.0,0.02328903,-0.6721687244068747,-inf,0.00028444445,0.24551065,1.0,1.0,0.0
Pericyte,Oligodendrocyte,PPY,NPY5R,0.12968315,1.0,0.016816797,-0.48949452938644666,-inf,0.00054443994,0.17711471,1.0,1.0,0.15270975,1.0,0.02328903,-0.6721687244068747,-inf,0.00028444445,0.24551065,1.0,1.0,0.0
Pericyte,Pericyte,CCL17,ACKR1,0.12968315,1.0,0.016816797,-0.48949452938644666,-inf,0.00054443994,0.17711471,1.0,1.0,0.15270975,1.0,0.02328903,-0.6721687244068747,-inf,0.00028444445,0.24551065,1.0,1.0,0.0
Pericyte,Pericyte,CCL2,ACKR1,0.12968315,1.0,0.016816797,-0.48949452938644666,-inf,0.00054443994,0.17711471,1.0,1.0,0.15270975,1.0,0.02328903,-0.6721687244068747,-inf,0.00028444445,0.24551065,1.0,1.0,0.0
Pericyte,Pericyte,CCL2,CCR1,0.12968315,1.0,0.016816797,-0.48949452938644666,-inf,0.00054443994,0.17711471,1.0,1.0,0.15270975,1.0,0.02328903,-0.6721687244068747,-inf,0.00028444445,0.24551065,1.0,1.0,0.0
Pericyte,Pericyte,ANXA1,FPR1,0.12968315,1.0,0.016816797,-0.48949452938644666,-inf,0.00054443994,0.17711471,1.0,1.0,0.15270975,1.0,0.02328903,-0.6721687244068747,-inf,0.00028444445,0.24551065,1.0,1.0,0.0
Pericyte,Pericyte,ANGPTL4,GPIHBP1,0.12968315,1.0,0.016816797,-0.48949452938644666,-inf,0.00054443994,0.17711471,1.0,1.0,0.15270975,1.0,0.02328903,-0.6721687244068747,-inf,0.00028444445,0.24551065,1.0,1.0,0.0
Pericyte,Pericyte,ADM,GPR84,0.12968315,1.0,0.016816797,-0.48949452938644666,-inf,0.00054443994,0.17711471,1.0,1.0,0.15270975,1.0,0.02328903,-0.6721687244068747,-inf,0.00028444445,0.24551065,1.0,1.0,0.0
Pericyte,Oligodendrocyte,XCL1,XCR1,0.12968315,1.0,0.016816797,-0.48949452938644666,-inf,0.00054443994,0.17711471,1.0,1.0,0.15270975,1.0,0.02328903,-0.6721687244068747,-inf,0.00028444445,0.24551065,1.0,1.0,0.0
Pericyte,Oligodendrocyte,PGLYRP1,TREM1,0.12968315,1.0,0.016816797,-0.48949452938644666,-inf,0.00054443994,0.17711471,1.0,1.0,0.15270975,1.0,0.02328903,-0.6721687244068747,-inf,0.00028444445,0.24551065,1.0,1.0,0.0
Pericyte,Oligodendrocyte,PNOC,OPRL1,0.12968315,1.0,0.016816797,-0.48949452938644666,-inf,0.00054443994,0.17711471,1.0,1.0,0.15270975,1.0,0.02328903,-0.6721687244068747,-inf,0.00028444445,0.24551065,1.0,1.0,0.0
Pericyte,Pericyte,CCL11,CCR5,0.12968315,1.0,0.016816797,-0.48949452938644666,-inf,0.00054443994,0.17711471,1.0,1.0,0.15270975,1.0,0.02328903,-0.6721687244068747,-inf,0.00028444445,0.24551065,1.0,1.0,0.0
Oligodendrocyte,Pericyte,CCL8,CCR2,0.12968315,1.0,0.016816797,-0.48949452938644666,-inf,0.00054443994,0.17711471,1.0,1.0,0.15270975,1.0,0.02328903,-0.6721687244068747,-inf,0.00028444445,0.24551065,1.0,1.0,0.0
Oligodendrocyte,Pericyte,CCL8,CCR1,0.12968315,1.0,0.016816797,-0.48949452938644666,-inf,0.00054443994,0.17711471,1.0,1.0,0.15270975,1.0,0.02328903,-0.6721687244068747,-inf,0.00028444445,0.24551065,1.0,1.0,0.0
Pericyte,Endothelial,HP,CD163,0.12968315,1.0,0.016816797,-0.48949452938644666,-inf,0.00054443994,0.17711471,1.0,1.0,0.15270975,1.0,0.02328903,-0.6721687244068747,-inf,0.00028444445,0.24551065,1.0,1.0,0.0
Oligodendrocyte,Oligodendrocyte,ITIH2,FCER1A,0.12968315,1.0,0.016816797,-0.48949452938644666,-inf,0.00054443994,0.17711471,1.0,1.0,0.15270975,1.0,0.02328903,-0.6721687244068747,-inf,0.00028444445,0.24551065,1.0,1.0,0.0
Oligodendrocyte,Oligodendrocyte,LGALS3,LAG3,0.12968315,1.0,0.016816797,-0.48949452938644666,-inf,0.00054443994,0.17711471,1.0,1.0,0.15270975,1.0,0.02328903,-0.6721687244068747,-inf,0.00028444445,0.24551065,1.0,1.0,0.0
Oligodendrocyte,Oligodendrocyte,LPL,GPIHBP1,0.12968315,1.0,0.016816797,-0.48949452938644666,-inf,0.00054443994,0.17711471,1.0,1.0,0.15270975,1.0,0.02328903,-0.6721687244068747,-inf,0.00028444445,0.24551065,1.0,1.0,0.0
Oligodendrocyte,Oligodendrocyte,GZMA,F2RL1,0.12968315,1.0,0.016816797,-0.48949452938644666,-inf,0.00054443994,0.17711471,1.0,1.0,0.15270975,1.0,0.02328903,-0.6721687244068747,-inf,0.00028444445,0.24551065,1.0,1.0,0.0
Oligodendrocyte,Pericyte,NTS,NTSR2,0.12968315,1.0,0.016816797,-0.48949452938644666,-inf,0.00054443994,0.17711471,1.0,1.0,0.15270975,1.0,0.02328903,-0.6721687244068747,-inf,0.00028444445,0.24551065,1.0,1.0,0.0
Oligodendrocyte,Pericyte,NPY,NPY5R,0.12968315,1.0,0.016816797,-0.48949452938644666,-inf,0.00054443994,0.17711471,1.0,1.0,0.15270975,1.0,0.02328903,-0.6721687244068747,-inf,0.00028444445,0.24551065,1.0,1.0,0.0
Pericyte,Oligodendrocyte,RIMS1,SLC17A7,0.12968315,1.0,0.016816797,-0.48949452938644666,-inf,0.00054443994,0.17711471,1.0,1.0,0.15270975,1.0,0.02328903,-0.6721687244068747,-inf,0.00028444445,0.24551065,1.0,1.0,0.0
Pericyte,Oligodendrocyte,RLN3,GPR84,0.12968315,1.0,0.016816797,-0.48949452938644666,-inf,0.00054443994,0.17711471,1.0,1.0,0.15270975,1.0,0.02328903,-0.6721687244068747,-inf,0.00028444445,0.24551065,1.0,1.0,0.0
Pericyte,Oligodendrocyte,RLN3,RAMP2,0.12968315,1.0,0.016816797,-0.48949452938644666,-inf,0.00054443994,0.17711471,1.0,1.0,0.15270975,1.0,0.02328903,-0.6721687244068747,-inf,0.00028444445,0.24551065,1.0,1.0,0.0
Pericyte,Oligodendrocyte,PENK,OPRL1,0.12968315,1.0,0.016816797,-0.48949452938644666,-inf,0.00054443994,0.17711471,1.0,1.0,0.15270975,1.0,0.02328903,-0.6721687244068747,-inf,0.00028444445,0.24551065,1.0,1.0,0.0
Pericyte,Oligodendrocyte,S100A4,CCR5,0.12968315,1.0,0.016816797,-0.48949452938644666,-inf,0.00054443994,0.17711471,1.0,1.0,0.15270975,1.0,0.02328903,-0.6721687244068747,-inf,0.00028444445,0.24551065,1.0,1.0,0.0
Pericyte,Oligodendrocyte,SAA1,FPR2,0.12968315,1.0,0.016816797,-0.48949452938644666,-inf,0.00054443994,0.17711471,1.0,1.0,0.15270975,1.0,0.02328903,-0.6721687244068747,-inf,0.00028444445,0.24551065,1.0,1.0,0.0
Pericyte,Oligodendrocyte,SCT,GPR84,0.12968315,1.0,0.016816797,-0.48949452938644666,-inf,0.00054443994,0.17711471,1.0,1.0,0.15270975,1.0,0.02328903,-0.6721687244068747,-inf,0.00028444445,0.24551065,1.0,1.0,0.0
Pericyte,Oligodendrocyte,SCT,RAMP2,0.12968315,1.0,0.016816797,-0.48949452938644666,-inf,0.00054443994,0.17711471,1.0,1.0,0.15270975,1.0,0.02328903,-0.6721687244068747,-inf,0.00028444445,0.24551065,1.0,1.0,0.0
Pericyte,Oligodendrocyte,SELPLG,SELL,0.12968315,1.0,0.016816797,-0.48949452938644666,-inf,0.00054443994,0.17711471,1.0,1.0,0.15270975,1.0,0.02328903,-0.6721687244068747,-inf,0.00028444445,0.24551065,1.0,1.0,0.0
Pericyte,Oligodendrocyte,PTN,PTPRZ1,0.12968315,1.0,0.016816797,-0.48949452938644666,-inf,0.00054443994,0.17711471,1.0,1.0,0.15270975,1.0,0.02328903,-0.6721687244068747,-inf,0.00028444445,0.24551065,1.0,1.0,0.0
Pericyte,Oligodendrocyte,SNCA,LAG3,0.12968315,1.0,0.016816797,-0.48949452938644666,-inf,0.00054443994,0.17711471,1.0,1.0,0.15270975,1.0,0.02328903,-0.6721687244068747,-inf,0.00028444445,0.24551065,1.0,1.0,0.0
Pericyte,Oligodendrocyte,TDGF1,ACVR1C,0.12968315,1.0,0.016816797,-0.48949452938644666,-inf,0.00054443994,0.17711471,1.0,1.0,0.15270975,1.0,0.02328903,-0.6721687244068747,-inf,0.00028444445,0.24551065,1.0,1.0,0.0
Pericyte,Oligodendrocyte,TNF,FAS,0.12968315,1.0,0.016816797,-0.48949452938644666,-inf,0.00054443994,0.17711471,1.0,1.0,0.15270975,1.0,0.02328903,-0.6721687244068747,-inf,0.00028444445,0.24551065,1.0,1.0,0.0
Pericyte,Oligodendrocyte,TNF,VSIR,0.12968315,1.0,0.016816797,-0.48949452938644666,-inf,0.00054443994,0.17711471,1.0,1.0,0.15270975,1.0,0.02328903,-0.6721687244068747,-inf,0.00028444445,0.24551065,1.0,1.0,0.0
Pericyte,Oligodendrocyte,SAA1,FPR1,0.12968315,1.0,0.016816797,-0.48949452938644666,-inf,0.00054443994,0.17711471,1.0,1.0,0.15270975,1.0,0.02328903,-0.6721687244068747,-inf,0.00028444445,0.24551065,1.0,1.0,0.0
Oligodendrocyte,Oligodendrocyte,CCL8,CCR1,0.12968315,1.0,0.016816797,-0.48949452938644666,-inf,0.00054443994,0.17711471,1.0,1.0,0.15270975,1.0,0.02328903,-0.6721687244068747,-inf,0.00028444445,0.24551065,1.0,1.0,0.0
Pericyte,Endothelial,IL34,PTPRZ1,0.12968315,1.0,0.016816797,-0.48949452938644666,-inf,0.00054443994,0.17711471,1.0,1.0,0.15270975,1.0,0.02328903,-0.6721687244068747,-inf,0.00028444445,0.24551065,1.0,1.0,0.0
Pericyte,Oligodendrocyte,PPBP,ACKR1,0.12968315,1.0,0.016816797,-0.48949452938644666,-inf,0.00054443994,0.17711471,1.0,1.0,0.15270975,1.0,0.02328903,-0.6721687244068747,-inf,0.00028444445,0.24551065,1.0,1.0,0.0
Pericyte,Oligodendrocyte,PPBP,CXCR1,0.12968315,1.0,0.016816797,-0.48949452938644666,-inf,0.00054443994,0.17711471,1.0,1.0,0.15270975,1.0,0.02328903,-0.6721687244068747,-inf,0.00028444445,0.24551065,1.0,1.0,0.0
Pericyte,Pericyte,CCL19,CCR7,0.12968315,1.0,0.016816797,-0.48949452938644666,-inf,0.00054443994,0.17711471,1.0,1.0,0.15270975,1.0,0.02328903,-0.6721687244068747,-inf,0.00028444445,0.24551065,1.0,1.0,0.0
Oligodendrocyte,Oligodendrocyte,CXCL2,XCR1,0.12968315,1.0,0.016816797,-0.48949452938644666,-inf,0.00054443994,0.17711471,1.0,1.0,0.15270975,1.0,0.02328903,-0.6721687244068747,-inf,0.00028444445,0.24551065,1.0,1.0,0.0
Oligodendrocyte,Pericyte,CCL2,ACKR1,0.12968315,1.0,0.016816797,-0.48949452938644666,-inf,0.00054443994,0.17711471,1.0,1.0,0.15270975,1.0,0.02328903,-0.6721687244068747,-inf,0.00028444445,0.24551065,1.0,1.0,0.0
Oligodendrocyte,Pericyte,CD40LG,CD53,0.12968315,1.0,0.016816797,-0.48949452938644666,-inf,0.00054443994,0.17711471,1.0,1.0,0.15270975,1.0,0.02328903,-0.6721687244068747,-inf,0.00028444445,0.24551065,1.0,1.0,0.0
Oligodendrocyte,Pericyte,CD40LG,CD9,0.12968315,1.0,0.016816797,-0.48949452938644666,-inf,0.00054443994,0.17711471,1.0,1.0,0.15270975,1.0,0.02328903,-0.6721687244068747,-inf,0.00028444445,0.24551065,1.0,1.0,0.0
Oligodendrocyte,Pericyte,CFP,NCR1,0.12968315,1.0,0.016816797,-0.48949452938644666,-inf,0.00054443994,0.17711471,1.0,1.0,0.15270975,1.0,0.02328903,-0.6721687244068747,-inf,0.00028444445,0.24551065,1.0,1.0,0.0
Oligodendrocyte,Pericyte,CGA,GPR84,0.12968315,1.0,0.016816797,-0.48949452938644666,-inf,0.00054443994,0.17711471,1.0,1.0,0.15270975,1.0,0.02328903,-0.6721687244068747,-inf,0.00028444445,0.24551065,1.0,1.0,0.0
Oligodendrocyte,Pericyte,CGA,RAMP2,0.12968315,1.0,0.016816797,-0.48949452938644666,-inf,0.00054443994,0.17711471,1.0,1.0,0.15270975,1.0,0.02328903,-0.6721687244068747,-inf,0.00028444445,0.24551065,1.0,1.0,0.0
Oligodendrocyte,Pericyte,COL3A1,MAG,0.12968315,1.0,0.016816797,-0.48949452938644666,-inf,0.00054443994,0.17711471,1.0,1.0,0.15270975,1.0,0.02328903,-0.6721687244068747,-inf,0.00028444445,0.24551065,1.0,1.0,0.0
Oligodendrocyte,Pericyte,CSF2,CSF1R,0.12968315,1.0,0.016816797,-0.48949452938644666,-inf,0.00054443994,0.17711471,1.0,1.0,0.15270975,1.0,0.02328903,-0.6721687244068747,-inf,0.00028444445,0.24551065,1.0,1.0,0.0
Oligodendrocyte,Pericyte,CSF3,CSF1R,0.12968315,1.0,0.016816797,-0.48949452938644666,-inf,0.00054443994,0.17711471,1.0,1.0,0.15270975,1.0,0.02328903,-0.6721687244068747,-inf,0.00028444445,0.24551065,1.0,1.0,0.0
Oligodendrocyte,Pericyte,CXCL1,ACKR1,0.12968315,1.0,0.016816797,-0.48949452938644666,-inf,0.00054443994,0.17711471,1.0,1.0,0.15270975,1.0,0.02328903,-0.6721687244068747,-inf,0.00028444445,0.24551065,1.0,1.0,0.0
Oligodendrocyte,Pericyte,CXCL1,CXCR1,0.12968315,1.0,0.016816797,-0.48949452938644666,-inf,0.00054443994,0.17711471,1.0,1.0,0.15270975,1.0,0.02328903,-0.6721687244068747,-inf,0.00028444445,0.24551065,1.0,1.0,0.0
Oligodendrocyte,Pericyte,CCL2,CCR1,0.12968315,1.0,0.016816797,-0.48949452938644666,-inf,0.00054443994,0.17711471,1.0,1.0,0.15270975,1.0,0.02328903,-0.6721687244068747,-inf,0.00028444445,0.24551065,1.0,1.0,0.0
Oligodendrocyte,Pericyte,CXCL1,CXCR2,0.12968315,1.0,0.016816797,-0.48949452938644666,-inf,0.00054443994,0.17711471,1.0,1.0,0.15270975,1.0,0.02328903,-0.6721687244068747,-inf,0.00028444445,0.24551065,1.0,1.0,0.0
Oligodendrocyte,Pericyte,CXCL10,CCR3,0.12968315,1.0,0.016816797,-0.48949452938644666,-inf,0.00054443994,0.17711471,1.0,1.0,0.15270975,1.0,0.02328903,-0.6721687244068747,-inf,0.00028444445,0.24551065,1.0,1.0,0.0
Oligodendrocyte,Pericyte,CXCL10,SDC4,0.12968315,1.0,0.016816797,-0.48949452938644666,-inf,0.00054443994,0.17711471,1.0,1.0,0.15270975,1.0,0.02328903,-0.6721687244068747,-inf,0.00028444445,0.24551065,1.0,1.0,0.0
Oligodendrocyte,Pericyte,CXCL12,AVPR1A,0.12968315,1.0,0.016816797,-0.48949452938644666,-inf,0.00054443994,0.17711471,1.0,1.0,0.15270975,1.0,0.02328903,-0.6721687244068747,-inf,0.00028444445,0.24551065,1.0,1.0,0.0
Oligodendrocyte,Pericyte,CXCL2,ACKR1,0.12968315,1.0,0.016816797,-0.48949452938644666,-inf,0.00054443994,0.17711471,1.0,1.0,0.15270975,1.0,0.02328903,-0.6721687244068747,-inf,0.00028444445,0.24551065,1.0,1.0,0.0
Oligodendrocyte,Pericyte,CXCL2,CXCR1,0.12968315,1.0,0.016816797,-0.48949452938644666,-inf,0.00054443994,0.17711471,1.0,1.0,0.15270975,1.0,0.02328903,-0.6721687244068747,-inf,0.00028444445,0.24551065,1.0,1.0,0.0
Oligodendrocyte,Pericyte,CCL8,ACKR1,0.12968315,1.0,0.016816797,-0.48949452938644666,-inf,0.00054443994,0.17711471,1.0,1.0,0.15270975,1.0,0.02328903,-0.6721687244068747,-inf,0.00028444445,0.24551065,1.0,1.0,0.0
Oligodendrocyte,Pericyte,CXCL2,CXCR2,0.12968315,1.0,0.016816797,-0.48949452938644666,-inf,0.00054443994,0.17711471,1.0,1.0,0.15270975,1.0,0.02328903,-0.6721687244068747,-inf,0.00028444445,0.24551065,1.0,1.0,0.0
Oligodendrocyte,Pericyte,CCL7,CCR5,0.12968315,1.0,0.016816797,-0.48949452938644666,-inf,0.00054443994,0.17711471,1.0,1.0,0.15270975,1.0,0.02328903,-0.6721687244068747,-inf,0.00028444445,0.24551065,1.0,1.0,0.0
Oligodendrocyte,Pericyte,CCL7,CCR2,0.12968315,1.0,0.016816797,-0.48949452938644666,-inf,0.00054443994,0.17711471,1.0,1.0,0.15270975,1.0,0.02328903,-0.6721687244068747,-inf,0.00028444445,0.24551065,1.0,1.0,0.0
Oligodendrocyte,Pericyte,CCL19,CCR7,0.12968315,1.0,0.016816797,-0.48949452938644666,-inf,0.00054443994,0.17711471,1.0,1.0,0.15270975,1.0,0.02328903,-0.6721687244068747,-inf,0.00028444445,0.24551065,1.0,1.0,0.0
Oligodendrocyte,Pericyte,CCL2,CCR2,0.12968315,1.0,0.016816797,-0.48949452938644666,-inf,0.00054443994,0.17711471,1.0,1.0,0.15270975,1.0,0.02328903,-0.6721687244068747,-inf,0.00028444445,0.24551065,1.0,1.0,0.0
Oligodendrocyte,Oligodendrocyte,IL6,MUSK,0.12968315,1.0,0.016816797,-0.48949452938644666,-inf,0.00054443994,0.17711471,1.0,1.0,0.15270975,1.0,0.02328903,-0.6721687244068747,-inf,0.00028444445,0.24551065,1.0,1.0,0.0
Oligodendrocyte,Pericyte,CD177,PECAM1,0.12968315,1.0,0.016816797,-0.48949452938644666,-inf,0.00054443994,0.17711471,1.0,1.0,0.15270975,1.0,0.02328903,-0.6721687244068747,-inf,0.00028444445,0.24551065,1.0,1.0,0.0
Oligodendrocyte,Pericyte,CXCL3,CXCR1,0.12968315,1.0,0.016816797,-0.48949452938644666,-inf,0.00054443994,0.17711471,1.0,1.0,0.15270975,1.0,0.02328903,-0.6721687244068747,-inf,0.00028444445,0.24551065,1.0,1.0,0.0
Oligodendrocyte,Pericyte,CCL8,CCR5,0.12968315,1.0,0.016816797,-0.48949452938644666,-inf,0.00054443994,0.17711471,1.0,1.0,0.15270975,1.0,0.02328903,-0.6721687244068747,-inf,0.00028444445,0.24551065,1.0,1.0,0.0
Oligodendrocyte,Pericyte,CD34,SELL,0.12968315,1.0,0.016816797,-0.48949452938644666,-inf,0.00054443994,0.17711471,1.0,1.0,0.15270975,1.0,0.02328903,-0.6721687244068747,-inf,0.00028444445,0.24551065,1.0,1.0,0.0
Oligodendrocyte,Pericyte,CCL2,CCR5,0.12968315,1.0,0.016816797,-0.48949452938644666,-inf,0.00054443994,0.17711471,1.0,1.0,0.15270975,1.0,0.02328903,-0.6721687244068747,-inf,0.00028444445,0.24551065,1.0,1.0,0.0
Oligodendrocyte,Pericyte,CCL24,CCR2,0.12968315,1.0,0.016816797,-0.48949452938644666,-inf,0.00054443994,0.17711471,1.0,1.0,0.15270975,1.0,0.02328903,-0.6721687244068747,-inf,0.00028444445,0.24551065,1.0,1.0,0.0
Oligodendrocyte,Pericyte,CCL24,CCR3,0.12968315,1.0,0.016816797,-0.48949452938644666,-inf,0.00054443994,0.17711471,1.0,1.0,0.15270975,1.0,0.02328903,-0.6721687244068747,-inf,0.00028444445,0.24551065,1.0,1.0,0.0
Oligodendrocyte,Pericyte,CCL28,CCR3,0.12968315,1.0,0.016816797,-0.48949452938644666,-inf,0.00054443994,0.17711471,1.0,1.0,0.15270975,1.0,0.02328903,-0.6721687244068747,-inf,0.00028444445,0.24551065,1.0,1.0,0.0
Oligodendrocyte,Pericyte,CCL3,CCR1,0.12968315,1.0,0.016816797,-0.48949452938644666,-inf,0.00054443994,0.17711471,1.0,1.0,0.15270975,1.0,0.02328903,-0.6721687244068747,-inf,0.00028444445,0.24551065,1.0,1.0,0.0
Oligodendrocyte,Pericyte,CCL3,CCR3,0.12968315,1.0,0.016816797,-0.48949452938644666,-inf,0.00054443994,0.17711471,1.0,1.0,0.15270975,1.0,0.02328903,-0.6721687244068747,-inf,0.00028444445,0.24551065,1.0,1.0,0.0
Oligodendrocyte,Pericyte,CCL3,CCR5,0.12968315,1.0,0.016816797,-0.48949452938644666,-inf,0.00054443994,0.17711471,1.0,1.0,0.15270975,1.0,0.02328903,-0.6721687244068747,-inf,0.00028444445,0.24551065,1.0,1.0,0.0
Oligodendrocyte,Pericyte,CCL4,CCR1,0.12968315,1.0,0.016816797,-0.48949452938644666,-inf,0.00054443994,0.17711471,1.0,1.0,0.15270975,1.0,0.02328903,-0.6721687244068747,-inf,0.00028444445,0.24551065,1.0,1.0,0.0
Oligodendrocyte,Pericyte,CCL4,CCR3,0.12968315,1.0,0.016816797,-0.48949452938644666,-inf,0.00054443994,0.17711471,1.0,1.0,0.15270975,1.0,0.02328903,-0.6721687244068747,-inf,0.00028444445,0.24551065,1.0,1.0,0.0
Oligodendrocyte,Pericyte,CCL4,CCR5,0.12968315,1.0,0.016816797,-0.48949452938644666,-inf,0.00054443994,0.17711471,1.0,1.0,0.15270975,1.0,0.02328903,-0.6721687244068747,-inf,0.00028444445,0.24551065,1.0,1.0,0.0
Oligodendrocyte,Pericyte,CCL2,CCR3,0.12968315,1.0,0.016816797,-0.48949452938644666,-inf,0.00054443994,0.17711471,1.0,1.0,0.15270975,1.0,0.02328903,-0.6721687244068747,-inf,0.00028444445,0.24551065,1.0,1.0,0.0
Oligodendrocyte,Pericyte,CCL4,GPR152,0.12968315,1.0,0.016816797,-0.48949452938644666,-inf,0.00054443994,0.17711471,1.0,1.0,0.15270975,1.0,0.02328903,-0.6721687244068747,-inf,0.00028444445,0.24551065,1.0,1.0,0.0
Oligodendrocyte,Pericyte,CCL5,CCR1,0.12968315,1.0,0.016816797,-0.48949452938644666,-inf,0.00054443994,0.17711471,1.0,1.0,0.15270975,1.0,0.02328903,-0.6721687244068747,-inf,0.00028444445,0.24551065,1.0,1.0,0.0
Oligodendrocyte,Pericyte,CCL5,CCR3,0.12968315,1.0,0.016816797,-0.48949452938644666,-inf,0.00054443994,0.17711471,1.0,1.0,0.15270975,1.0,0.02328903,-0.6721687244068747,-inf,0.00028444445,0.24551065,1.0,1.0,0.0
Microglia,Oligodendrocyte,CXCL5,CXCR1,0.12968315,1.0,0.016816797,-0.48949452938644666,-inf,0.00054443994,0.17711471,1.0,1.0,0.15270975,1.0,0.02328903,-0.6721687244068747,-inf,0.00028444445,0.24551065,1.0,1.0,0.0
Oligodendrocyte,Pericyte,CCL5,SDC4,0.12968315,1.0,0.016816797,-0.48949452938644666,-inf,0.00054443994,0.17711471,1.0,1.0,0.15270975,1.0,0.02328903,-0.6721687244068747,-inf,0.00028444445,0.24551065,1.0,1.0,0.0
Oligodendrocyte,Pericyte,CCL7,ACKR1,0.12968315,1.0,0.016816797,-0.48949452938644666,-inf,0.00054443994,0.17711471,1.0,1.0,0.15270975,1.0,0.02328903,-0.6721687244068747,-inf,0.00028444445,0.24551065,1.0,1.0,0.0
Oligodendrocyte,Pericyte,CCL7,CCR1,0.12968315,1.0,0.016816797,-0.48949452938644666,-inf,0.00054443994,0.17711471,1.0,1.0,0.15270975,1.0,0.02328903,-0.6721687244068747,-inf,0.00028444445,0.24551065,1.0,1.0,0.0
Oligodendrocyte,Pericyte,CCL7,CCR3,0.12968315,1.0,0.016816797,-0.48949452938644666,-inf,0.00054443994,0.17711471,1.0,1.0,0.15270975,1.0,0.02328903,-0.6721687244068747,-inf,0.00028444445,0.24551065,1.0,1.0,0.0
Oligodendrocyte,Pericyte,CXCL2,XCR1,0.12968315,1.0,0.016816797,-0.48949452938644666,-inf,0.00054443994,0.17711471,1.0,1.0,0.15270975,1.0,0.02328903,-0.6721687244068747,-inf,0.00028444445,0.24551065,1.0,1.0,0.0
Oligodendrocyte,Pericyte,CXCL3,ACKR1,0.12968315,1.0,0.016816797,-0.48949452938644666,-inf,0.00054443994,0.17711471,1.0,1.0,0.15270975,1.0,0.02328903,-0.6721687244068747,-inf,0.00028444445,0.24551065,1.0,1.0,0.0
Oligodendrocyte,Pericyte,CCL5,ACKR1,0.12968315,1.0,0.016816797,-0.48949452938644666,-inf,0.00054443994,0.17711471,1.0,1.0,0.15270975,1.0,0.02328903,-0.6721687244068747,-inf,0.00028444445,0.24551065,1.0,1.0,0.0
Astrocyte,Pericyte,CXCL12,AVPR1A,0.12968315,1.0,0.016816797,-0.48949452938644666,-inf,0.00054443994,0.17711471,1.0,1.0,0.15270975,1.0,0.02328903,-0.6721687244068747,-inf,0.00028444445,0.24551065,1.0,1.0,0.0
Oligodendrocyte,Oligodendrocyte,IL6,F3,0.12968315,1.0,0.016816797,-0.48949452938644666,-inf,0.00054443994,0.17711471,1.0,1.0,0.15270975,1.0,0.02328903,-0.6721687244068747,-inf,0.00028444445,0.24551065,1.0,1.0,0.0
Oligodendrocyte,Oligodendrocyte,HSPA1A,GRIN2D,0.12968315,1.0,0.016816797,-0.48949452938644666,-inf,0.00054443994,0.17711471,1.0,1.0,0.15270975,1.0,0.02328903,-0.6721687244068747,-inf,0.00028444445,0.24551065,1.0,1.0,0.0
Oligodendrocyte,Pericyte,HP,ASGR1,0.12968315,1.0,0.016816797,-0.48949452938644666,-inf,0.00054443994,0.17711471,1.0,1.0,0.15270975,1.0,0.02328903,-0.6721687244068747,-inf,0.00028444445,0.24551065,1.0,1.0,0.0
Oligodendrocyte,Pericyte,HP,CD163,0.12968315,1.0,0.016816797,-0.48949452938644666,-inf,0.00054443994,0.17711471,1.0,1.0,0.15270975,1.0,0.02328903,-0.6721687244068747,-inf,0.00028444445,0.24551065,1.0,1.0,0.0
Oligodendrocyte,Pericyte,HSPA1A,GRIN2D,0.12968315,1.0,0.016816797,-0.48949452938644666,-inf,0.00054443994,0.17711471,1.0,1.0,0.15270975,1.0,0.02328903,-0.6721687244068747,-inf,0.00028444445,0.24551065,1.0,1.0,0.0
Oligodendrocyte,Pericyte,IL34,PTPRZ1,0.12968315,1.0,0.016816797,-0.48949452938644666,-inf,0.00054443994,0.17711471,1.0,1.0,0.15270975,1.0,0.02328903,-0.6721687244068747,-inf,0.00028444445,0.24551065,1.0,1.0,0.0
Oligodendrocyte,Pericyte,IL6,F3,0.12968315,1.0,0.016816797,-0.48949452938644666,-inf,0.00054443994,0.17711471,1.0,1.0,0.15270975,1.0,0.02328903,-0.6721687244068747,-inf,0.00028444445,0.24551065,1.0,1.0,0.0
Oligodendrocyte,Pericyte,IL6,MUSK,0.12968315,1.0,0.016816797,-0.48949452938644666,-inf,0.00054443994,0.17711471,1.0,1.0,0.15270975,1.0,0.02328903,-0.6721687244068747,-inf,0.00028444445,0.24551065,1.0,1.0,0.0
Oligodendrocyte,Pericyte,ITIH2,FCER1A,0.12968315,1.0,0.016816797,-0.48949452938644666,-inf,0.00054443994,0.17711471,1.0,1.0,0.15270975,1.0,0.02328903,-0.6721687244068747,-inf,0.00028444445,0.24551065,1.0,1.0,0.0
Oligodendrocyte,Pericyte,CXCL5,CXCR1,0.12968315,1.0,0.016816797,-0.48949452938644666,-inf,0.00054443994,0.17711471,1.0,1.0,0.15270975,1.0,0.02328903,-0.6721687244068747,-inf,0.00028444445,0.24551065,1.0,1.0,0.0
Oligodendrocyte,Pericyte,CXCL5,ACKR1,0.12968315,1.0,0.016816797,-0.48949452938644666,-inf,0.00054443994,0.17711471,1.0,1.0,0.15270975,1.0,0.02328903,-0.6721687244068747,-inf,0.00028444445,0.24551065,1.0,1.0,0.0
Oligodendrocyte,Pericyte,CXCL3,CXCR2,0.12968315,1.0,0.016816797,-0.48949452938644666,-inf,0.00054443994,0.17711471,1.0,1.0,0.15270975,1.0,0.02328903,-0.6721687244068747,-inf,0.00028444445,0.24551065,1.0,1.0,0.0
Oligodendrocyte,Pericyte,HDC,HRH3,0.12968315,1.0,0.016816797,-0.48949452938644666,-inf,0.00054443994,0.17711471,1.0,1.0,0.15270975,1.0,0.02328903,-0.6721687244068747,-inf,0.00028444445,0.24551065,1.0,1.0,0.0
Oligodendrocyte,Pericyte,LGALS3,LAG3,0.12968315,1.0,0.016816797,-0.48949452938644666,-inf,0.00054443994,0.17711471,1.0,1.0,0.15270975,1.0,0.02328903,-0.6721687244068747,-inf,0.00028444445,0.24551065,1.0,1.0,0.0
Oligodendrocyte,Pericyte,PGLYRP1,TREM1,0.12968315,1.0,0.016816797,-0.48949452938644666,-inf,0.00054443994,0.17711471,1.0,1.0,0.15270975,1.0,0.02328903,-0.6721687244068747,-inf,0.00028444445,0.24551065,1.0,1.0,0.0
Oligodendrocyte,Pericyte,PNOC,OPRL1,0.12968315,1.0,0.016816797,-0.48949452938644666,-inf,0.00054443994,0.17711471,1.0,1.0,0.15270975,1.0,0.02328903,-0.6721687244068747,-inf,0.00028444445,0.24551065,1.0,1.0,0.0
Oligodendrocyte,Pericyte,PPBP,ACKR1,0.12968315,1.0,0.016816797,-0.48949452938644666,-inf,0.00054443994,0.17711471,1.0,1.0,0.15270975,1.0,0.02328903,-0.6721687244068747,-inf,0.00028444445,0.24551065,1.0,1.0,0.0
Oligodendrocyte,Pericyte,PPBP,CXCR1,0.12968315,1.0,0.016816797,-0.48949452938644666,-inf,0.00054443994,0.17711471,1.0,1.0,0.15270975,1.0,0.02328903,-0.6721687244068747,-inf,0.00028444445,0.24551065,1.0,1.0,0.0
Oligodendrocyte,Pericyte,PPBP,CXCR2,0.12968315,1.0,0.016816797,-0.48949452938644666,-inf,0.00054443994,0.17711471,1.0,1.0,0.15270975,1.0,0.02328903,-0.6721687244068747,-inf,0.00028444445,0.24551065,1.0,1.0,0.0
Oligodendrocyte,Pericyte,PPY,NPY5R,0.12968315,1.0,0.016816797,-0.48949452938644666,-inf,0.00054443994,0.17711471,1.0,1.0,0.15270975,1.0,0.02328903,-0.6721687244068747,-inf,0.00028444445,0.24551065,1.0,1.0,0.0
Oligodendrocyte,Pericyte,PROK2,PROKR1,0.12968315,1.0,0.016816797,-0.48949452938644666,-inf,0.00054443994,0.17711471,1.0,1.0,0.15270975,1.0,0.02328903,-0.6721687244068747,-inf,0.00028444445,0.24551065,1.0,1.0,0.0
Oligodendrocyte,Pericyte,PSAP,GPR37,0.12968315,1.0,0.016816797,-0.48949452938644666,-inf,0.00054443994,0.17711471,1.0,1.0,0.15270975,1.0,0.02328903,-0.6721687244068747,-inf,0.00028444445,0.24551065,1.0,1.0,0.0
Oligodendrocyte,Pericyte,PTN,PTPRZ1,0.12968315,1.0,0.016816797,-0.48949452938644666,-inf,0.00054443994,0.17711471,1.0,1.0,0.15270975,1.0,0.02328903,-0.6721687244068747,-inf,0.00028444445,0.24551065,1.0,1.0,0.0
Oligodendrocyte,Pericyte,FN1,MAG,0.12968315,1.0,0.016816797,-0.48949452938644666,-inf,0.00054443994,0.17711471,1.0,1.0,0.15270975,1.0,0.02328903,-0.6721687244068747,-inf,0.00028444445,0.24551065,1.0,1.0,0.0
Oligodendrocyte,Pericyte,PF4,ACKR1,0.12968315,1.0,0.016816797,-0.48949452938644666,-inf,0.00054443994,0.17711471,1.0,1.0,0.15270975,1.0,0.02328903,-0.6721687244068747,-inf,0.00028444445,0.24551065,1.0,1.0,0.0
Oligodendrocyte,Pericyte,GZMA,F2RL1,0.12968315,1.0,0.016816797,-0.48949452938644666,-inf,0.00054443994,0.17711471,1.0,1.0,0.15270975,1.0,0.02328903,-0.6721687244068747,-inf,0.00028444445,0.24551065,1.0,1.0,0.0
Oligodendrocyte,Pericyte,GAST,GPR152,0.12968315,1.0,0.016816797,-0.48949452938644666,-inf,0.00054443994,0.17711471,1.0,1.0,0.15270975,1.0,0.02328903,-0.6721687244068747,-inf,0.00028444445,0.24551065,1.0,1.0,0.0
Oligodendrocyte,Pericyte,GAST,CCKBR,0.12968315,1.0,0.016816797,-0.48949452938644666,-inf,0.00054443994,0.17711471,1.0,1.0,0.15270975,1.0,0.02328903,-0.6721687244068747,-inf,0.00028444445,0.24551065,1.0,1.0,0.0
Pericyte,Pericyte,CCL3,CCR5,0.12968315,1.0,0.016816797,-0.48949452938644666,-inf,0.00054443994,0.17711471,1.0,1.0,0.15270975,1.0,0.02328903,-0.6721687244068747,-inf,0.00028444445,0.24551065,1.0,1.0,0.0
Pericyte,Pericyte,CCL4,CCR1,0.12968315,1.0,0.016816797,-0.48949452938644666,-inf,0.00054443994,0.17711471,1.0,1.0,0.15270975,1.0,0.02328903,-0.6721687244068747,-inf,0.00028444445,0.24551065,1.0,1.0,0.0
Pericyte,Pericyte,CCL4,CCR3,0.12968315,1.0,0.016816797,-0.48949452938644666,-inf,0.00054443994,0.17711471,1.0,1.0,0.15270975,1.0,0.02328903,-0.6721687244068747,-inf,0.00028444445,0.24551065,1.0,1.0,0.0
Pericyte,Pericyte,CCL4,CCR5,0.12968315,1.0,0.016816797,-0.48949452938644666,-inf,0.00054443994,0.17711471,1.0,1.0,0.15270975,1.0,0.02328903,-0.6721687244068747,-inf,0.00028444445,0.24551065,1.0,1.0,0.0
Pericyte,Pericyte,CCL4,GPR152,0.12968315,1.0,0.016816797,-0.48949452938644666,-inf,0.00054443994,0.17711471,1.0,1.0,0.15270975,1.0,0.02328903,-0.6721687244068747,-inf,0.00028444445,0.24551065,1.0,1.0,0.0
Pericyte,Pericyte,CCL5,ACKR1,0.12968315,1.0,0.016816797,-0.48949452938644666,-inf,0.00054443994,0.17711471,1.0,1.0,0.15270975,1.0,0.02328903,-0.6721687244068747,-inf,0.00028444445,0.24551065,1.0,1.0,0.0
Pericyte,Pericyte,CCL5,CCR1,0.12968315,1.0,0.016816797,-0.48949452938644666,-inf,0.00054443994,0.17711471,1.0,1.0,0.15270975,1.0,0.02328903,-0.6721687244068747,-inf,0.00028444445,0.24551065,1.0,1.0,0.0
Pericyte,Pericyte,CCL5,CCR3,0.12968315,1.0,0.016816797,-0.48949452938644666,-inf,0.00054443994,0.17711471,1.0,1.0,0.15270975,1.0,0.02328903,-0.6721687244068747,-inf,0.00028444445,0.24551065,1.0,1.0,0.0
Pericyte,Pericyte,CCL5,CCR5,0.12968315,1.0,0.016816797,-0.48949452938644666,-inf,0.00054443994,0.17711471,1.0,1.0,0.15270975,1.0,0.02328903,-0.6721687244068747,-inf,0.00028444445,0.24551065,1.0,1.0,0.0
Pericyte,Pericyte,CCL3,CCR1,0.12968315,1.0,0.016816797,-0.48949452938644666,-inf,0.00054443994,0.17711471,1.0,1.0,0.15270975,1.0,0.02328903,-0.6721687244068747,-inf,0.00028444445,0.24551065,1.0,1.0,0.0
Pericyte,Pericyte,BMP8A,TGFBR1,0.12968315,1.0,0.016816797,-0.48949452938644666,-inf,0.00054443994,0.17711471,1.0,1.0,0.15270975,1.0,0.02328903,-0.6721687244068747,-inf,0.00028444445,0.24551065,1.0,1.0,0.0
Pericyte,Pericyte,BSG,SLC16A1,0.12968315,1.0,0.016816797,-0.48949452938644666,-inf,0.00054443994,0.17711471,1.0,1.0,0.15270975,1.0,0.02328903,-0.6721687244068747,-inf,0.00028444445,0.24551065,1.0,1.0,0.0
Pericyte,Pericyte,CALCA,GPR84,0.12968315,1.0,0.016816797,-0.48949452938644666,-inf,0.00054443994,0.17711471,1.0,1.0,0.15270975,1.0,0.02328903,-0.6721687244068747,-inf,0.00028444445,0.24551065,1.0,1.0,0.0
Oligodendrocyte,Pericyte,CXCL5,CXCR2,0.12968315,1.0,0.016816797,-0.48949452938644666,-inf,0.00054443994,0.17711471,1.0,1.0,0.15270975,1.0,0.02328903,-0.6721687244068747,-inf,0.00028444445,0.24551065,1.0,1.0,0.0
Oligodendrocyte,Pericyte,CXCL9,ACKR1,0.12968315,1.0,0.016816797,-0.48949452938644666,-inf,0.00054443994,0.17711471,1.0,1.0,0.15270975,1.0,0.02328903,-0.6721687244068747,-inf,0.00028444445,0.24551065,1.0,1.0,0.0
Oligodendrocyte,Pericyte,CXCL9,CCR3,0.12968315,1.0,0.016816797,-0.48949452938644666,-inf,0.00054443994,0.17711471,1.0,1.0,0.15270975,1.0,0.02328903,-0.6721687244068747,-inf,0.00028444445,0.24551065,1.0,1.0,0.0
Oligodendrocyte,Pericyte,CYTL1,CCR2,0.12968315,1.0,0.016816797,-0.48949452938644666,-inf,0.00054443994,0.17711471,1.0,1.0,0.15270975,1.0,0.02328903,-0.6721687244068747,-inf,0.00028444445,0.24551065,1.0,1.0,0.0
Oligodendrocyte,Pericyte,EDN1,ADGRL4,0.12968315,1.0,0.016816797,-0.48949452938644666,-inf,0.00054443994,0.17711471,1.0,1.0,0.15270975,1.0,0.02328903,-0.6721687244068747,-inf,0.00028444445,0.24551065,1.0,1.0,0.0
Oligodendrocyte,Pericyte,EDN1,EDNRB,0.12968315,1.0,0.016816797,-0.48949452938644666,-inf,0.00054443994,0.17711471,1.0,1.0,0.15270975,1.0,0.02328903,-0.6721687244068747,-inf,0.00028444445,0.24551065,1.0,1.0,0.0
Oligodendrocyte,Pericyte,F10,F3,0.12968315,1.0,0.016816797,-0.48949452938644666,-inf,0.00054443994,0.17711471,1.0,1.0,0.15270975,1.0,0.02328903,-0.6721687244068747,-inf,0.00028444445,0.24551065,1.0,1.0,0.0
Oligodendrocyte,Pericyte,FGL1,LAG3,0.12968315,1.0,0.016816797,-0.48949452938644666,-inf,0.00054443994,0.17711471,1.0,1.0,0.15270975,1.0,0.02328903,-0.6721687244068747,-inf,0.00028444445,0.24551065,1.0,1.0,0.0
Oligodendrocyte,Pericyte,CCL17,ACKR1,0.12968315,1.0,0.016816797,-0.48949452938644666,-inf,0.00054443994,0.17711471,1.0,1.0,0.15270975,1.0,0.02328903,-0.6721687244068747,-inf,0.00028444445,0.24551065,1.0,1.0,0.0
Oligodendrocyte,Pericyte,FN1,CD79A,0.12968315,1.0,0.016816797,-0.48949452938644666,-inf,0.00054443994,0.17711471,1.0,1.0,0.15270975,1.0,0.02328903,-0.6721687244068747,-inf,0.00028444445,0.24551065,1.0,1.0,0.0
Oligodendrocyte,Pericyte,RIMS1,SLC17A7,0.12968315,1.0,0.016816797,-0.48949452938644666,-inf,0.00054443994,0.17711471,1.0,1.0,0.15270975,1.0,0.02328903,-0.6721687244068747,-inf,0.00028444445,0.24551065,1.0,1.0,0.0
Oligodendrocyte,Pericyte,RLN3,RAMP2,0.12968315,1.0,0.016816797,-0.48949452938644666,-inf,0.00054443994,0.17711471,1.0,1.0,0.15270975,1.0,0.02328903,-0.6721687244068747,-inf,0.00028444445,0.24551065,1.0,1.0,0.0
Oligodendrocyte,Pericyte,S100A4,CCR5,0.12968315,1.0,0.016816797,-0.48949452938644666,-inf,0.00054443994,0.17711471,1.0,1.0,0.15270975,1.0,0.02328903,-0.6721687244068747,-inf,0.00028444445,0.24551065,1.0,1.0,0.0
Oligodendrocyte,Pericyte,SAA1,FPR1,0.12968315,1.0,0.016816797,-0.48949452938644666,-inf,0.00054443994,0.17711471,1.0,1.0,0.15270975,1.0,0.02328903,-0.6721687244068747,-inf,0.00028444445,0.24551065,1.0,1.0,0.0
Oligodendrocyte,Oligodendrocyte,CXCL10,SDC4,0.12968315,1.0,0.016816797,-0.48949452938644666,-inf,0.00054443994,0.17711471,1.0,1.0,0.15270975,1.0,0.02328903,-0.6721687244068747,-inf,0.00028444445,0.24551065,1.0,1.0,0.0
Oligodendrocyte,Oligodendrocyte,CXCL12,AVPR1A,0.12968315,1.0,0.016816797,-0.48949452938644666,-inf,0.00054443994,0.17711471,1.0,1.0,0.15270975,1.0,0.02328903,-0.6721687244068747,-inf,0.00028444445,0.24551065,1.0,1.0,0.0
Oligodendrocyte,Oligodendrocyte,CXCL2,ACKR1,0.12968315,1.0,0.016816797,-0.48949452938644666,-inf,0.00054443994,0.17711471,1.0,1.0,0.15270975,1.0,0.02328903,-0.6721687244068747,-inf,0.00028444445,0.24551065,1.0,1.0,0.0
Oligodendrocyte,Oligodendrocyte,CXCL2,CXCR1,0.12968315,1.0,0.016816797,-0.48949452938644666,-inf,0.00054443994,0.17711471,1.0,1.0,0.15270975,1.0,0.02328903,-0.6721687244068747,-inf,0.00028444445,0.24551065,1.0,1.0,0.0
Oligodendrocyte,Oligodendrocyte,CSF2,CSF1R,0.12968315,1.0,0.016816797,-0.48949452938644666,-inf,0.00054443994,0.17711471,1.0,1.0,0.15270975,1.0,0.02328903,-0.6721687244068747,-inf,0.00028444445,0.24551065,1.0,1.0,0.0
Oligodendrocyte,Pericyte,PENK,OPRL1,0.12968315,1.0,0.016816797,-0.48949452938644666,-inf,0.00054443994,0.17711471,1.0,1.0,0.15270975,1.0,0.02328903,-0.6721687244068747,-inf,0.00028444445,0.24551065,1.0,1.0,0.0
Oligodendrocyte,Oligodendrocyte,CXCL5,ACKR1,0.12968315,1.0,0.016816797,-0.48949452938644666,-inf,0.00054443994,0.17711471,1.0,1.0,0.15270975,1.0,0.02328903,-0.6721687244068747,-inf,0.00028444445,0.24551065,1.0,1.0,0.0
Oligodendrocyte,Oligodendrocyte,MFGE8,PDGFRB,0.12968315,1.0,0.016816797,-0.48949452938644666,-inf,0.00054443994,0.17711471,1.0,1.0,0.15270975,1.0,0.02328903,-0.6721687244068747,-inf,0.00028444445,0.24551065,1.0,1.0,0.0
Oligodendrocyte,Oligodendrocyte,CXCL5,CXCR2,0.12968315,1.0,0.016816797,-0.48949452938644666,-inf,0.00054443994,0.17711471,1.0,1.0,0.15270975,1.0,0.02328903,-0.6721687244068747,-inf,0.00028444445,0.24551065,1.0,1.0,0.0
Oligodendrocyte,Oligodendrocyte,CXCL9,ACKR1,0.12968315,1.0,0.016816797,-0.48949452938644666,-inf,0.00054443994,0.17711471,1.0,1.0,0.15270975,1.0,0.02328903,-0.6721687244068747,-inf,0.00028444445,0.24551065,1.0,1.0,0.0
Oligodendrocyte,Oligodendrocyte,CXCL9,CCR3,0.12968315,1.0,0.016816797,-0.48949452938644666,-inf,0.00054443994,0.17711471,1.0,1.0,0.15270975,1.0,0.02328903,-0.6721687244068747,-inf,0.00028444445,0.24551065,1.0,1.0,0.0
Oligodendrocyte,Oligodendrocyte,CYTL1,CCR2,0.12968315,1.0,0.016816797,-0.48949452938644666,-inf,0.00054443994,0.17711471,1.0,1.0,0.15270975,1.0,0.02328903,-0.6721687244068747,-inf,0.00028444445,0.24551065,1.0,1.0,0.0
Oligodendrocyte,Oligodendrocyte,EDN1,ADGRL4,0.12968315,1.0,0.016816797,-0.48949452938644666,-inf,0.00054443994,0.17711471,1.0,1.0,0.15270975,1.0,0.02328903,-0.6721687244068747,-inf,0.00028444445,0.24551065,1.0,1.0,0.0
Oligodendrocyte,Oligodendrocyte,EDN1,EDNRB,0.12968315,1.0,0.016816797,-0.48949452938644666,-inf,0.00054443994,0.17711471,1.0,1.0,0.15270975,1.0,0.02328903,-0.6721687244068747,-inf,0.00028444445,0.24551065,1.0,1.0,0.0
Oligodendrocyte,Oligodendrocyte,F10,F3,0.12968315,1.0,0.016816797,-0.48949452938644666,-inf,0.00054443994,0.17711471,1.0,1.0,0.15270975,1.0,0.02328903,-0.6721687244068747,-inf,0.00028444445,0.24551065,1.0,1.0,0.0
Oligodendrocyte,Oligodendrocyte,FGL1,LAG3,0.12968315,1.0,0.016816797,-0.48949452938644666,-inf,0.00054443994,0.17711471,1.0,1.0,0.15270975,1.0,0.02328903,-0.6721687244068747,-inf,0.00028444445,0.24551065,1.0,1.0,0.0
Oligodendrocyte,Oligodendrocyte,FN1,CD79A,0.12968315,1.0,0.016816797,-0.48949452938644666,-inf,0.00054443994,0.17711471,1.0,1.0,0.15270975,1.0,0.02328903,-0.6721687244068747,-inf,0.00028444445,0.24551065,1.0,1.0,0.0
Oligodendrocyte,Oligodendrocyte,GAST,CCKBR,0.12968315,1.0,0.016816797,-0.48949452938644666,-inf,0.00054443994,0.17711471,1.0,1.0,0.15270975,1.0,0.02328903,-0.6721687244068747,-inf,0.00028444445,0.24551065,1.0,1.0,0.0
Oligodendrocyte,Oligodendrocyte,CXCL5,CXCR1,0.12968315,1.0,0.016816797,-0.48949452938644666,-inf,0.00054443994,0.17711471,1.0,1.0,0.15270975,1.0,0.02328903,-0.6721687244068747,-inf,0.00028444445,0.24551065,1.0,1.0,0.0
Oligodendrocyte,Oligodendrocyte,GAST,GPR152,0.12968315,1.0,0.016816797,-0.48949452938644666,-inf,0.00054443994,0.17711471,1.0,1.0,0.15270975,1.0,0.02328903,-0.6721687244068747,-inf,0.00028444445,0.24551065,1.0,1.0,0.0
Oligodendrocyte,Oligodendrocyte,HDC,HRH3,0.12968315,1.0,0.016816797,-0.48949452938644666,-inf,0.00054443994,0.17711471,1.0,1.0,0.15270975,1.0,0.02328903,-0.6721687244068747,-inf,0.00028444445,0.24551065,1.0,1.0,0.0
Oligodendrocyte,Oligodendrocyte,HP,ASGR1,0.12968315,1.0,0.016816797,-0.48949452938644666,-inf,0.00054443994,0.17711471,1.0,1.0,0.15270975,1.0,0.02328903,-0.6721687244068747,-inf,0.00028444445,0.24551065,1.0,1.0,0.0
Oligodendrocyte,Oligodendrocyte,HP,CD163,0.12968315,1.0,0.016816797,-0.48949452938644666,-inf,0.00054443994,0.17711471,1.0,1.0,0.15270975,1.0,0.02328903,-0.6721687244068747,-inf,0.00028444445,0.24551065,1.0,1.0,0.0
Oligodendrocyte,Oligodendrocyte,CXCL10,CCR3,0.12968315,1.0,0.016816797,-0.48949452938644666,-inf,0.00054443994,0.17711471,1.0,1.0,0.15270975,1.0,0.02328903,-0.6721687244068747,-inf,0.00028444445,0.24551065,1.0,1.0,0.0
Oligodendrocyte,Oligodendrocyte,IL34,PTPRZ1,0.12968315,1.0,0.016816797,-0.48949452938644666,-inf,0.00054443994,0.17711471,1.0,1.0,0.15270975,1.0,0.02328903,-0.6721687244068747,-inf,0.00028444445,0.24551065,1.0,1.0,0.0
Oligodendrocyte,Oligodendrocyte,CXCL10,ACKR1,0.12968315,1.0,0.016816797,-0.48949452938644666,-inf,0.00054443994,0.17711471,1.0,1.0,0.15270975,1.0,0.02328903,-0.6721687244068747,-inf,0.00028444445,0.24551065,1.0,1.0,0.0
Oligodendrocyte,Oligodendrocyte,CXCL1,CXCR1,0.12968315,1.0,0.016816797,-0.48949452938644666,-inf,0.00054443994,0.17711471,1.0,1.0,0.15270975,1.0,0.02328903,-0.6721687244068747,-inf,0.00028444445,0.24551065,1.0,1.0,0.0
Oligodendrocyte,Pericyte,SAA1,FPR2,0.12968315,1.0,0.016816797,-0.48949452938644666,-inf,0.00054443994,0.17711471,1.0,1.0,0.15270975,1.0,0.02328903,-0.6721687244068747,-inf,0.00028444445,0.24551065,1.0,1.0,0.0
Oligodendrocyte,Pericyte,SCT,GPR84,0.12968315,1.0,0.016816797,-0.48949452938644666,-inf,0.00054443994,0.17711471,1.0,1.0,0.15270975,1.0,0.02328903,-0.6721687244068747,-inf,0.00028444445,0.24551065,1.0,1.0,0.0
Oligodendrocyte,Pericyte,SCT,RAMP2,0.12968315,1.0,0.016816797,-0.48949452938644666,-inf,0.00054443994,0.17711471,1.0,1.0,0.15270975,1.0,0.02328903,-0.6721687244068747,-inf,0.00028444445,0.24551065,1.0,1.0,0.0
Oligodendrocyte,Pericyte,MSMP,CCR2,0.12968315,1.0,0.016816797,-0.48949452938644666,-inf,0.00054443994,0.17711471,1.0,1.0,0.15270975,1.0,0.02328903,-0.6721687244068747,-inf,0.00028444445,0.24551065,1.0,1.0,0.0
Oligodendrocyte,Pericyte,LPL,GPIHBP1,0.12968315,1.0,0.016816797,-0.48949452938644666,-inf,0.00054443994,0.17711471,1.0,1.0,0.15270975,1.0,0.02328903,-0.6721687244068747,-inf,0.00028444445,0.24551065,1.0,1.0,0.0
Oligodendrocyte,Pericyte,RLN3,GPR84,0.12968315,1.0,0.016816797,-0.48949452938644666,-inf,0.00054443994,0.17711471,1.0,1.0,0.15270975,1.0,0.02328903,-0.6721687244068747,-inf,0.00028444445,0.24551065,1.0,1.0,0.0
Oligodendrocyte,Pericyte,CCL11,CCR5,0.12968315,1.0,0.016816797,-0.48949452938644666,-inf,0.00054443994,0.17711471,1.0,1.0,0.15270975,1.0,0.02328903,-0.6721687244068747,-inf,0.00028444445,0.24551065,1.0,1.0,0.0
Oligodendrocyte,Pericyte,CCL11,CCR3,0.12968315,1.0,0.016816797,-0.48949452938644666,-inf,0.00054443994,0.17711471,1.0,1.0,0.15270975,1.0,0.02328903,-0.6721687244068747,-inf,0.00028444445,0.24551065,1.0,1.0,0.0
Oligodendrocyte,Pericyte,CCL11,CCR2,0.12968315,1.0,0.016816797,-0.48949452938644666,-inf,0.00054443994,0.17711471,1.0,1.0,0.15270975,1.0,0.02328903,-0.6721687244068747,-inf,0.00028444445,0.24551065,1.0,1.0,0.0
Oligodendrocyte,Oligodendrocyte,CXCL3,CXCR1,0.12968315,1.0,0.016816797,-0.48949452938644666,-inf,0.00054443994,0.17711471,1.0,1.0,0.15270975,1.0,0.02328903,-0.6721687244068747,-inf,0.00028444445,0.24551065,1.0,1.0,0.0
Oligodendrocyte,Oligodendrocyte,CCL8,CCR3,0.12968315,1.0,0.016816797,-0.48949452938644666,-inf,0.00054443994,0.17711471,1.0,1.0,0.15270975,1.0,0.02328903,-0.6721687244068747,-inf,0.00028444445,0.24551065,1.0,1.0,0.0
Oligodendrocyte,Oligodendrocyte,CCL8,CCR5,0.12968315,1.0,0.016816797,-0.48949452938644666,-inf,0.00054443994,0.17711471,1.0,1.0,0.15270975,1.0,0.02328903,-0.6721687244068747,-inf,0.00028444445,0.24551065,1.0,1.0,0.0
Oligodendrocyte,Oligodendrocyte,CD177,PECAM1,0.12968315,1.0,0.016816797,-0.48949452938644666,-inf,0.00054443994,0.17711471,1.0,1.0,0.15270975,1.0,0.02328903,-0.6721687244068747,-inf,0.00028444445,0.24551065,1.0,1.0,0.0
Oligodendrocyte,Oligodendrocyte,CD34,SELL,0.12968315,1.0,0.016816797,-0.48949452938644666,-inf,0.00054443994,0.17711471,1.0,1.0,0.15270975,1.0,0.02328903,-0.6721687244068747,-inf,0.00028444445,0.24551065,1.0,1.0,0.0
Oligodendrocyte,Oligodendrocyte,CD40LG,CD53,0.12968315,1.0,0.016816797,-0.48949452938644666,-inf,0.00054443994,0.17711471,1.0,1.0,0.15270975,1.0,0.02328903,-0.6721687244068747,-inf,0.00028444445,0.24551065,1.0,1.0,0.0
Oligodendrocyte,Oligodendrocyte,CD40LG,CD9,0.12968315,1.0,0.016816797,-0.48949452938644666,-inf,0.00054443994,0.17711471,1.0,1.0,0.15270975,1.0,0.02328903,-0.6721687244068747,-inf,0.00028444445,0.24551065,1.0,1.0,0.0
Oligodendrocyte,Oligodendrocyte,CFP,NCR1,0.12968315,1.0,0.016816797,-0.48949452938644666,-inf,0.00054443994,0.17711471,1.0,1.0,0.15270975,1.0,0.02328903,-0.6721687244068747,-inf,0.00028444445,0.24551065,1.0,1.0,0.0
Oligodendrocyte,Oligodendrocyte,CGA,GPR84,0.12968315,1.0,0.016816797,-0.48949452938644666,-inf,0.00054443994,0.17711471,1.0,1.0,0.15270975,1.0,0.02328903,-0.6721687244068747,-inf,0.00028444445,0.24551065,1.0,1.0,0.0
Oligodendrocyte,Oligodendrocyte,CGA,RAMP2,0.12968315,1.0,0.016816797,-0.48949452938644666,-inf,0.00054443994,0.17711471,1.0,1.0,0.15270975,1.0,0.02328903,-0.6721687244068747,-inf,0.00028444445,0.24551065,1.0,1.0,0.0
Oligodendrocyte,Oligodendrocyte,CXCL3,CXCR2,0.12968315,1.0,0.016816797,-0.48949452938644666,-inf,0.00054443994,0.17711471,1.0,1.0,0.15270975,1.0,0.02328903,-0.6721687244068747,-inf,0.00028444445,0.24551065,1.0,1.0,0.0
Oligodendrocyte,Oligodendrocyte,COL3A1,MAG,0.12968315,1.0,0.016816797,-0.48949452938644666,-inf,0.00054443994,0.17711471,1.0,1.0,0.15270975,1.0,0.02328903,-0.6721687244068747,-inf,0.00028444445,0.24551065,1.0,1.0,0.0
Oligodendrocyte,Oligodendrocyte,MSMP,CCR2,0.12968315,1.0,0.016816797,-0.48949452938644666,-inf,0.00054443994,0.17711471,1.0,1.0,0.15270975,1.0,0.02328903,-0.6721687244068747,-inf,0.00028444445,0.24551065,1.0,1.0,0.0
Oligodendrocyte,Oligodendrocyte,CSF3,CSF1R,0.12968315,1.0,0.016816797,-0.48949452938644666,-inf,0.00054443994,0.17711471,1.0,1.0,0.15270975,1.0,0.02328903,-0.6721687244068747,-inf,0.00028444445,0.24551065,1.0,1.0,0.0
Oligodendrocyte,Oligodendrocyte,CXCL1,CXCR2,0.12968315,1.0,0.016816797,-0.48949452938644666,-inf,0.00054443994,0.17711471,1.0,1.0,0.15270975,1.0,0.02328903,-0.6721687244068747,-inf,0.00028444445,0.24551065,1.0,1.0,0.0
Oligodendrocyte,Oligodendrocyte,CCL4,CCR1,0.12968315,1.0,0.016816797,-0.48949452938644666,-inf,0.00054443994,0.17711471,1.0,1.0,0.15270975,1.0,0.02328903,-0.6721687244068747,-inf,0.00028444445,0.24551065,1.0,1.0,0.0
Pericyte,Astrocyte,CXCL2,ACKR1,0.12968315,1.0,0.016816797,-0.48949452938644666,-inf,0.00054443994,0.17711471,1.0,1.0,0.15270975,1.0,0.02328903,-0.6721687244068747,-inf,0.00028444445,0.24551065,1.0,1.0,0.0
Astrocyte,Pericyte,CCL4,GPR152,0.12968315,1.0,0.016816797,-0.48949452938644666,-inf,0.00054443994,0.17711471,1.0,1.0,0.15270975,1.0,0.02328903,-0.6721687244068747,-inf,0.00028444445,0.24551065,1.0,1.0,0.0
Pericyte,Astrocyte,CCL19,CCR7,0.12968315,1.0,0.016816797,-0.48949452938644666,-inf,0.00054443994,0.17711471,1.0,1.0,0.15270975,1.0,0.02328903,-0.6721687244068747,-inf,0.00028444445,0.24551065,1.0,1.0,0.0
Pericyte,Endothelial,APOB,LSR,0.12968315,1.0,0.016816797,-0.48949452938644666,-inf,0.00054443994,0.17711471,1.0,1.0,0.15270975,1.0,0.02328903,-0.6721687244068747,-inf,0.00028444445,0.24551065,1.0,1.0,0.0
Pericyte,Astrocyte,CCL5,SDC4,0.12968315,1.0,0.016816797,-0.48949452938644666,-inf,0.00054443994,0.17711471,1.0,1.0,0.15270975,1.0,0.02328903,-0.6721687244068747,-inf,0.00028444445,0.24551065,1.0,1.0,0.0
Pericyte,Astrocyte,CCL5,CCR3,0.12968315,1.0,0.016816797,-0.48949452938644666,-inf,0.00054443994,0.17711471,1.0,1.0,0.15270975,1.0,0.02328903,-0.6721687244068747,-inf,0.00028444445,0.24551065,1.0,1.0,0.0
Pericyte,Endothelial,CFP,NCR1,0.12968315,1.0,0.016816797,-0.48949452938644666,-inf,0.00054443994,0.17711471,1.0,1.0,0.15270975,1.0,0.02328903,-0.6721687244068747,-inf,0.00028444445,0.24551065,1.0,1.0,0.0
Pericyte,Endothelial,CGA,GPR84,0.12968315,1.0,0.016816797,-0.48949452938644666,-inf,0.00054443994,0.17711471,1.0,1.0,0.15270975,1.0,0.02328903,-0.6721687244068747,-inf,0.00028444445,0.24551065,1.0,1.0,0.0
Pericyte,Endothelial,CGA,RAMP2,0.12968315,1.0,0.016816797,-0.48949452938644666,-inf,0.00054443994,0.17711471,1.0,1.0,0.15270975,1.0,0.02328903,-0.6721687244068747,-inf,0.00028444445,0.24551065,1.0,1.0,0.0
Pericyte,Endothelial,COL3A1,MAG,0.12968315,1.0,0.016816797,-0.48949452938644666,-inf,0.00054443994,0.17711471,1.0,1.0,0.15270975,1.0,0.02328903,-0.6721687244068747,-inf,0.00028444445,0.24551065,1.0,1.0,0.0
Pericyte,Endothelial,CSF2,CSF1R,0.12968315,1.0,0.016816797,-0.48949452938644666,-inf,0.00054443994,0.17711471,1.0,1.0,0.15270975,1.0,0.02328903,-0.6721687244068747,-inf,0.00028444445,0.24551065,1.0,1.0,0.0
Pericyte,Endothelial,CSF3,CSF1R,0.12968315,1.0,0.016816797,-0.48949452938644666,-inf,0.00054443994,0.17711471,1.0,1.0,0.15270975,1.0,0.02328903,-0.6721687244068747,-inf,0.00028444445,0.24551065,1.0,1.0,0.0
Pericyte,Astrocyte,APOB,LSR,0.12968315,1.0,0.016816797,-0.48949452938644666,-inf,0.00054443994,0.17711471,1.0,1.0,0.15270975,1.0,0.02328903,-0.6721687244068747,-inf,0.00028444445,0.24551065,1.0,1.0,0.0
Pericyte,Endothelial,CXCL1,ACKR1,0.12968315,1.0,0.016816797,-0.48949452938644666,-inf,0.00054443994,0.17711471,1.0,1.0,0.15270975,1.0,0.02328903,-0.6721687244068747,-inf,0.00028444445,0.24551065,1.0,1.0,0.0
Pericyte,Endothelial,CXCL1,CXCR2,0.12968315,1.0,0.016816797,-0.48949452938644666,-inf,0.00054443994,0.17711471,1.0,1.0,0.15270975,1.0,0.02328903,-0.6721687244068747,-inf,0.00028444445,0.24551065,1.0,1.0,0.0
Pericyte,Endothelial,CD34,SELL,0.12968315,1.0,0.016816797,-0.48949452938644666,-inf,0.00054443994,0.17711471,1.0,1.0,0.15270975,1.0,0.02328903,-0.6721687244068747,-inf,0.00028444445,0.24551065,1.0,1.0,0.0
Pericyte,Astrocyte,CCL5,CCR5,0.12968315,1.0,0.016816797,-0.48949452938644666,-inf,0.00054443994,0.17711471,1.0,1.0,0.15270975,1.0,0.02328903,-0.6721687244068747,-inf,0.00028444445,0.24551065,1.0,1.0,0.0
Pericyte,Astrocyte,RLN3,GPR84,0.12968315,1.0,0.016816797,-0.48949452938644666,-inf,0.00054443994,0.17711471,1.0,1.0,0.15270975,1.0,0.02328903,-0.6721687244068747,-inf,0.00028444445,0.24551065,1.0,1.0,0.0
Pericyte,Astrocyte,PSAP,GPR37,0.12968315,1.0,0.016816797,-0.48949452938644666,-inf,0.00054443994,0.17711471,1.0,1.0,0.15270975,1.0,0.02328903,-0.6721687244068747,-inf,0.00028444445,0.24551065,1.0,1.0,0.0
Pericyte,Astrocyte,CCL2,CCR3,0.12968315,1.0,0.016816797,-0.48949452938644666,-inf,0.00054443994,0.17711471,1.0,1.0,0.15270975,1.0,0.02328903,-0.6721687244068747,-inf,0.00028444445,0.24551065,1.0,1.0,0.0
Pericyte,Astrocyte,CCL24,CCR2,0.12968315,1.0,0.016816797,-0.48949452938644666,-inf,0.00054443994,0.17711471,1.0,1.0,0.15270975,1.0,0.02328903,-0.6721687244068747,-inf,0.00028444445,0.24551065,1.0,1.0,0.0
Pericyte,Astrocyte,CCL24,CCR3,0.12968315,1.0,0.016816797,-0.48949452938644666,-inf,0.00054443994,0.17711471,1.0,1.0,0.15270975,1.0,0.02328903,-0.6721687244068747,-inf,0.00028444445,0.24551065,1.0,1.0,0.0
Pericyte,Astrocyte,CCL28,CCR3,0.12968315,1.0,0.016816797,-0.48949452938644666,-inf,0.00054443994,0.17711471,1.0,1.0,0.15270975,1.0,0.02328903,-0.6721687244068747,-inf,0.00028444445,0.24551065,1.0,1.0,0.0
Pericyte,Astrocyte,CCL3,CCR3,0.12968315,1.0,0.016816797,-0.48949452938644666,-inf,0.00054443994,0.17711471,1.0,1.0,0.15270975,1.0,0.02328903,-0.6721687244068747,-inf,0.00028444445,0.24551065,1.0,1.0,0.0
Pericyte,Endothelial,CXCL1,CXCR1,0.12968315,1.0,0.016816797,-0.48949452938644666,-inf,0.00054443994,0.17711471,1.0,1.0,0.15270975,1.0,0.02328903,-0.6721687244068747,-inf,0.00028444445,0.24551065,1.0,1.0,0.0
Pericyte,Astrocyte,ANXA1,FPR1,0.12968315,1.0,0.016816797,-0.48949452938644666,-inf,0.00054443994,0.17711471,1.0,1.0,0.15270975,1.0,0.02328903,-0.6721687244068747,-inf,0.00028444445,0.24551065,1.0,1.0,0.0
Pericyte,Astrocyte,ANGPTL4,GPIHBP1,0.12968315,1.0,0.016816797,-0.48949452938644666,-inf,0.00054443994,0.17711471,1.0,1.0,0.15270975,1.0,0.02328903,-0.6721687244068747,-inf,0.00028444445,0.24551065,1.0,1.0,0.0
Oligodendrocyte,Pericyte,XCL1,XCR1,0.12968315,1.0,0.016816797,-0.48949452938644666,-inf,0.00054443994,0.17711471,1.0,1.0,0.15270975,1.0,0.02328903,-0.6721687244068747,-inf,0.00028444445,0.24551065,1.0,1.0,0.0
Pericyte,Endothelial,EDN1,ADGRL4,0.12968315,1.0,0.016816797,-0.48949452938644666,-inf,0.00054443994,0.17711471,1.0,1.0,0.15270975,1.0,0.02328903,-0.6721687244068747,-inf,0.00028444445,0.24551065,1.0,1.0,0.0
Pericyte,Endothelial,CXCL2,XCR1,0.12968315,1.0,0.016816797,-0.48949452938644666,-inf,0.00054443994,0.17711471,1.0,1.0,0.15270975,1.0,0.02328903,-0.6721687244068747,-inf,0.00028444445,0.24551065,1.0,1.0,0.0
Pericyte,Endothelial,CD177,PECAM1,0.12968315,1.0,0.016816797,-0.48949452938644666,-inf,0.00054443994,0.17711471,1.0,1.0,0.15270975,1.0,0.02328903,-0.6721687244068747,-inf,0.00028444445,0.24551065,1.0,1.0,0.0
Pericyte,Endothelial,CD40LG,CD53,0.12968315,1.0,0.016816797,-0.48949452938644666,-inf,0.00054443994,0.17711471,1.0,1.0,0.15270975,1.0,0.02328903,-0.6721687244068747,-inf,0.00028444445,0.24551065,1.0,1.0,0.0
Pericyte,Endothelial,CD40LG,CD9,0.12968315,1.0,0.016816797,-0.48949452938644666,-inf,0.00054443994,0.17711471,1.0,1.0,0.15270975,1.0,0.02328903,-0.6721687244068747,-inf,0.00028444445,0.24551065,1.0,1.0,0.0
Pericyte,Astrocyte,CCL7,CCR3,0.12968315,1.0,0.016816797,-0.48949452938644666,-inf,0.00054443994,0.17711471,1.0,1.0,0.15270975,1.0,0.02328903,-0.6721687244068747,-inf,0.00028444445,0.24551065,1.0,1.0,0.0
Pericyte,Astrocyte,CCL8,ACKR1,0.12968315,1.0,0.016816797,-0.48949452938644666,-inf,0.00054443994,0.17711471,1.0,1.0,0.15270975,1.0,0.02328903,-0.6721687244068747,-inf,0.00028444445,0.24551065,1.0,1.0,0.0
Pericyte,Astrocyte,CCL8,CCR1,0.12968315,1.0,0.016816797,-0.48949452938644666,-inf,0.00054443994,0.17711471,1.0,1.0,0.15270975,1.0,0.02328903,-0.6721687244068747,-inf,0.00028444445,0.24551065,1.0,1.0,0.0
Pericyte,Astrocyte,CCL8,CCR2,0.12968315,1.0,0.016816797,-0.48949452938644666,-inf,0.00054443994,0.17711471,1.0,1.0,0.15270975,1.0,0.02328903,-0.6721687244068747,-inf,0.00028444445,0.24551065,1.0,1.0,0.0
Pericyte,Astrocyte,CCL8,CCR3,0.12968315,1.0,0.016816797,-0.48949452938644666,-inf,0.00054443994,0.17711471,1.0,1.0,0.15270975,1.0,0.02328903,-0.6721687244068747,-inf,0.00028444445,0.24551065,1.0,1.0,0.0
Pericyte,Astrocyte,CCL8,CCR5,0.12968315,1.0,0.016816797,-0.48949452938644666,-inf,0.00054443994,0.17711471,1.0,1.0,0.15270975,1.0,0.02328903,-0.6721687244068747,-inf,0.00028444445,0.24551065,1.0,1.0,0.0
Pericyte,Astrocyte,CD177,PECAM1,0.12968315,1.0,0.016816797,-0.48949452938644666,-inf,0.00054443994,0.17711471,1.0,1.0,0.15270975,1.0,0.02328903,-0.6721687244068747,-inf,0.00028444445,0.24551065,1.0,1.0,0.0
Pericyte,Astrocyte,CD40LG,CD53,0.12968315,1.0,0.016816797,-0.48949452938644666,-inf,0.00054443994,0.17711471,1.0,1.0,0.15270975,1.0,0.02328903,-0.6721687244068747,-inf,0.00028444445,0.24551065,1.0,1.0,0.0
Pericyte,Astrocyte,CD40LG,CD9,0.12968315,1.0,0.016816797,-0.48949452938644666,-inf,0.00054443994,0.17711471,1.0,1.0,0.15270975,1.0,0.02328903,-0.6721687244068747,-inf,0.00028444445,0.24551065,1.0,1.0,0.0
Pericyte,Astrocyte,CFP,NCR1,0.12968315,1.0,0.016816797,-0.48949452938644666,-inf,0.00054443994,0.17711471,1.0,1.0,0.15270975,1.0,0.02328903,-0.6721687244068747,-inf,0.00028444445,0.24551065,1.0,1.0,0.0
Pericyte,Astrocyte,CCL7,ACKR1,0.12968315,1.0,0.016816797,-0.48949452938644666,-inf,0.00054443994,0.17711471,1.0,1.0,0.15270975,1.0,0.02328903,-0.6721687244068747,-inf,0.00028444445,0.24551065,1.0,1.0,0.0
Pericyte,Astrocyte,CCL2,ACKR1,0.12968315,1.0,0.016816797,-0.48949452938644666,-inf,0.00054443994,0.17711471,1.0,1.0,0.15270975,1.0,0.02328903,-0.6721687244068747,-inf,0.00028444445,0.24551065,1.0,1.0,0.0
Pericyte,Astrocyte,CCL17,ACKR1,0.12968315,1.0,0.016816797,-0.48949452938644666,-inf,0.00054443994,0.17711471,1.0,1.0,0.15270975,1.0,0.02328903,-0.6721687244068747,-inf,0.00028444445,0.24551065,1.0,1.0,0.0
Pericyte,Astrocyte,CCL11,CCR5,0.12968315,1.0,0.016816797,-0.48949452938644666,-inf,0.00054443994,0.17711471,1.0,1.0,0.15270975,1.0,0.02328903,-0.6721687244068747,-inf,0.00028444445,0.24551065,1.0,1.0,0.0
Oligodendrocyte,Pericyte,TDGF1,ACVR1C,0.12968315,1.0,0.016816797,-0.48949452938644666,-inf,0.00054443994,0.17711471,1.0,1.0,0.15270975,1.0,0.02328903,-0.6721687244068747,-inf,0.00028444445,0.24551065,1.0,1.0,0.0
Oligodendrocyte,Pericyte,THBS1,SDC4,0.12968315,1.0,0.016816797,-0.48949452938644666,-inf,0.00054443994,0.17711471,1.0,1.0,0.15270975,1.0,0.02328903,-0.6721687244068747,-inf,0.00028444445,0.24551065,1.0,1.0,0.0
Oligodendrocyte,Pericyte,TIMP1,CD63,0.12968315,1.0,0.016816797,-0.48949452938644666,-inf,0.00054443994,0.17711471,1.0,1.0,0.15270975,1.0,0.02328903,-0.6721687244068747,-inf,0.00028444445,0.24551065,1.0,1.0,0.0
Oligodendrocyte,Pericyte,VWF,SIRPA,0.12968315,1.0,0.016816797,-0.48949452938644666,-inf,0.00054443994,0.17711471,1.0,1.0,0.15270975,1.0,0.02328903,-0.6721687244068747,-inf,0.00028444445,0.24551065,1.0,1.0,0.0
Pericyte,Astrocyte,CCL4,CCR3,0.12968315,1.0,0.016816797,-0.48949452938644666,-inf,0.00054443994,0.17711471,1.0,1.0,0.15270975,1.0,0.02328903,-0.6721687244068747,-inf,0.00028444445,0.24551065,1.0,1.0,0.0
Pericyte,Endothelial,CYTL1,CCR2,0.12968315,1.0,0.016816797,-0.48949452938644666,-inf,0.00054443994,0.17711471,1.0,1.0,0.15270975,1.0,0.02328903,-0.6721687244068747,-inf,0.00028444445,0.24551065,1.0,1.0,0.0
Pericyte,Astrocyte,CCL4,GPR152,0.12968315,1.0,0.016816797,-0.48949452938644666,-inf,0.00054443994,0.17711471,1.0,1.0,0.15270975,1.0,0.02328903,-0.6721687244068747,-inf,0.00028444445,0.24551065,1.0,1.0,0.0
Pericyte,Astrocyte,CCL5,CCR1,0.12968315,1.0,0.016816797,-0.48949452938644666,-inf,0.00054443994,0.17711471,1.0,1.0,0.15270975,1.0,0.02328903,-0.6721687244068747,-inf,0.00028444445,0.24551065,1.0,1.0,0.0
Oligodendrocyte,Pericyte,CAMP,FPR2,0.12968315,1.0,0.016816797,-0.48949452938644666,-inf,0.00054443994,0.17711471,1.0,1.0,0.15270975,1.0,0.02328903,-0.6721687244068747,-inf,0.00028444445,0.24551065,1.0,1.0,0.0
Oligodendrocyte,Pericyte,SELPLG,SELL,0.12968315,1.0,0.016816797,-0.48949452938644666,-inf,0.00054443994,0.17711471,1.0,1.0,0.15270975,1.0,0.02328903,-0.6721687244068747,-inf,0.00028444445,0.24551065,1.0,1.0,0.0
Oligodendrocyte,Oligodendrocyte,NPY,NPY5R,0.12968315,1.0,0.016816797,-0.48949452938644666,-inf,0.00054443994,0.17711471,1.0,1.0,0.15270975,1.0,0.02328903,-0.6721687244068747,-inf,0.00028444445,0.24551065,1.0,1.0,0.0
Oligodendrocyte,Oligodendrocyte,XCL1,XCR1,0.12968315,1.0,0.016816797,-0.48949452938644666,-inf,0.00054443994,0.17711471,1.0,1.0,0.15270975,1.0,0.02328903,-0.6721687244068747,-inf,0.00028444445,0.24551065,1.0,1.0,0.0
Oligodendrocyte,Pericyte,ADM,GPR84,0.12968315,1.0,0.016816797,-0.48949452938644666,-inf,0.00054443994,0.17711471,1.0,1.0,0.15270975,1.0,0.02328903,-0.6721687244068747,-inf,0.00028444445,0.24551065,1.0,1.0,0.0
Oligodendrocyte,Pericyte,ADM,RAMP1,0.12968315,1.0,0.016816797,-0.48949452938644666,-inf,0.00054443994,0.17711471,1.0,1.0,0.15270975,1.0,0.02328903,-0.6721687244068747,-inf,0.00028444445,0.24551065,1.0,1.0,0.0
Oligodendrocyte,Pericyte,ADM,RAMP2,0.12968315,1.0,0.016816797,-0.48949452938644666,-inf,0.00054443994,0.17711471,1.0,1.0,0.15270975,1.0,0.02328903,-0.6721687244068747,-inf,0.00028444445,0.24551065,1.0,1.0,0.0
Oligodendrocyte,Pericyte,ANGPTL4,GPIHBP1,0.12968315,1.0,0.016816797,-0.48949452938644666,-inf,0.00054443994,0.17711471,1.0,1.0,0.15270975,1.0,0.02328903,-0.6721687244068747,-inf,0.00028444445,0.24551065,1.0,1.0,0.0
Oligodendrocyte,Pericyte,ANGPTL4,SDC4,0.12968315,1.0,0.016816797,-0.48949452938644666,-inf,0.00054443994,0.17711471,1.0,1.0,0.15270975,1.0,0.02328903,-0.6721687244068747,-inf,0.00028444445,0.24551065,1.0,1.0,0.0
Oligodendrocyte,Pericyte,ANXA1,FPR1,0.12968315,1.0,0.016816797,-0.48949452938644666,-inf,0.00054443994,0.17711471,1.0,1.0,0.15270975,1.0,0.02328903,-0.6721687244068747,-inf,0.00028444445,0.24551065,1.0,1.0,0.0
Oligodendrocyte,Pericyte,CAMP,IGF1R,0.12968315,1.0,0.016816797,-0.48949452938644666,-inf,0.00054443994,0.17711471,1.0,1.0,0.15270975,1.0,0.02328903,-0.6721687244068747,-inf,0.00028444445,0.24551065,1.0,1.0,0.0
Oligodendrocyte,Pericyte,APOB,LSR,0.12968315,1.0,0.016816797,-0.48949452938644666,-inf,0.00054443994,0.17711471,1.0,1.0,0.15270975,1.0,0.02328903,-0.6721687244068747,-inf,0.00028444445,0.24551065,1.0,1.0,0.0
Oligodendrocyte,Pericyte,B2M,KLRC1,0.12968315,1.0,0.016816797,-0.48949452938644666,-inf,0.00054443994,0.17711471,1.0,1.0,0.15270975,1.0,0.02328903,-0.6721687244068747,-inf,0.00028444445,0.24551065,1.0,1.0,0.0
Oligodendrocyte,Pericyte,B2M,KLRC2,0.12968315,1.0,0.016816797,-0.48949452938644666,-inf,0.00054443994,0.17711471,1.0,1.0,0.15270975,1.0,0.02328903,-0.6721687244068747,-inf,0.00028444445,0.24551065,1.0,1.0,0.0
Oligodendrocyte,Pericyte,B2M,KLRD1,0.12968315,1.0,0.016816797,-0.48949452938644666,-inf,0.00054443994,0.17711471,1.0,1.0,0.15270975,1.0,0.02328903,-0.6721687244068747,-inf,0.00028444445,0.24551065,1.0,1.0,0.0
Oligodendrocyte,Pericyte,BMP8A,TGFBR1,0.12968315,1.0,0.016816797,-0.48949452938644666,-inf,0.00054443994,0.17711471,1.0,1.0,0.15270975,1.0,0.02328903,-0.6721687244068747,-inf,0.00028444445,0.24551065,1.0,1.0,0.0
Oligodendrocyte,Pericyte,BSG,SLC16A1,0.12968315,1.0,0.016816797,-0.48949452938644666,-inf,0.00054443994,0.17711471,1.0,1.0,0.15270975,1.0,0.02328903,-0.6721687244068747,-inf,0.00028444445,0.24551065,1.0,1.0,0.0
Oligodendrocyte,Pericyte,CALCA,GPR84,0.12968315,1.0,0.016816797,-0.48949452938644666,-inf,0.00054443994,0.17711471,1.0,1.0,0.15270975,1.0,0.02328903,-0.6721687244068747,-inf,0.00028444445,0.24551065,1.0,1.0,0.0
Oligodendrocyte,Pericyte,CALCB,GPR84,0.12968315,1.0,0.016816797,-0.48949452938644666,-inf,0.00054443994,0.17711471,1.0,1.0,0.15270975,1.0,0.02328903,-0.6721687244068747,-inf,0.00028444445,0.24551065,1.0,1.0,0.0
Oligodendrocyte,Pericyte,CALCB,RAMP1,0.12968315,1.0,0.016816797,-0.48949452938644666,-inf,0.00054443994,0.17711471,1.0,1.0,0.15270975,1.0,0.02328903,-0.6721687244068747,-inf,0.00028444445,0.24551065,1.0,1.0,0.0
Oligodendrocyte,Pericyte,CALCB,RAMP2,0.12968315,1.0,0.016816797,-0.48949452938644666,-inf,0.00054443994,0.17711471,1.0,1.0,0.15270975,1.0,0.02328903,-0.6721687244068747,-inf,0.00028444445,0.24551065,1.0,1.0,0.0
Oligodendrocyte,Pericyte,APOB,TREM2,0.12968315,1.0,0.016816797,-0.48949452938644666,-inf,0.00054443994,0.17711471,1.0,1.0,0.15270975,1.0,0.02328903,-0.6721687244068747,-inf,0.00028444445,0.24551065,1.0,1.0,0.0
Oligodendrocyte,Pericyte,APP,FPR2,0.12968315,1.0,0.016816797,-0.48949452938644666,-inf,0.00054443994,0.17711471,1.0,1.0,0.15270975,1.0,0.02328903,-0.6721687244068747,-inf,0.00028444445,0.24551065,1.0,1.0,0.0
Oligodendrocyte,Pericyte,CCL1,ACKR1,0.12968315,1.0,0.016816797,-0.48949452938644666,-inf,0.00054443994,0.17711471,1.0,1.0,0.15270975,1.0,0.02328903,-0.6721687244068747,-inf,0.00028444445,0.24551065,1.0,1.0,0.0
Oligodendrocyte,Pericyte,CCL11,ACKR1,0.12968315,1.0,0.016816797,-0.48949452938644666,-inf,0.00054443994,0.17711471,1.0,1.0,0.15270975,1.0,0.02328903,-0.6721687244068747,-inf,0.00028444445,0.24551065,1.0,1.0,0.0
Oligodendrocyte,Oligodendrocyte,SAA1,FPR2,0.12968315,1.0,0.016816797,-0.48949452938644666,-inf,0.00054443994,0.17711471,1.0,1.0,0.15270975,1.0,0.02328903,-0.6721687244068747,-inf,0.00028444445,0.24551065,1.0,1.0,0.0
Pericyte,Astrocyte,RIMS1,SLC17A7,0.12968315,1.0,0.016816797,-0.48949452938644666,-inf,0.00054443994,0.17711471,1.0,1.0,0.15270975,1.0,0.02328903,-0.6721687244068747,-inf,0.00028444445,0.24551065,1.0,1.0,0.0
Pericyte,Astrocyte,APOB,TREM2,0.12968315,1.0,0.016816797,-0.48949452938644666,-inf,0.00054443994,0.17711471,1.0,1.0,0.15270975,1.0,0.02328903,-0.6721687244068747,-inf,0.00028444445,0.24551065,1.0,1.0,0.0
Pericyte,Endothelial,ANXA1,FPR1,0.12968315,1.0,0.016816797,-0.48949452938644666,-inf,0.00054443994,0.17711471,1.0,1.0,0.15270975,1.0,0.02328903,-0.6721687244068747,-inf,0.00028444445,0.24551065,1.0,1.0,0.0
Pericyte,Endothelial,ADM,RAMP1,0.12968315,1.0,0.016816797,-0.48949452938644666,-inf,0.00054443994,0.17711471,1.0,1.0,0.15270975,1.0,0.02328903,-0.6721687244068747,-inf,0.00028444445,0.24551065,1.0,1.0,0.0
Oligodendrocyte,Oligodendrocyte,TNF,FAS,0.12968315,1.0,0.016816797,-0.3284595227089503,-27.315279690105758,0.004382244,0.17711471,0.17858231254281481,1.0,0.15270975,1.0,0.02328903,-0.6721687244068747,-inf,0.00028444445,0.24551065,1.0,1.0,0.0
Oligodendrocyte,Oligodendrocyte,TIMP1,CD63,0.12968315,1.0,0.016816797,-0.48949452938644666,-inf,0.00054443994,0.17711471,1.0,1.0,0.15270975,1.0,0.02328903,-0.6721687244068747,-inf,0.00028444445,0.24551065,1.0,1.0,0.0
Oligodendrocyte,Oligodendrocyte,THBS1,SDC4,0.12968315,1.0,0.016816797,-0.48949452938644666,-inf,0.00054443994,0.17711471,1.0,1.0,0.15270975,1.0,0.02328903,-0.6721687244068747,-inf,0.00028444445,0.24551065,1.0,1.0,0.0
Oligodendrocyte,Oligodendrocyte,TDGF1,ACVR1C,0.12968315,1.0,0.016816797,-0.48949452938644666,-inf,0.00054443994,0.17711471,1.0,1.0,0.15270975,1.0,0.02328903,-0.6721687244068747,-inf,0.00028444445,0.24551065,1.0,1.0,0.0
Oligodendrocyte,Oligodendrocyte,NTS,NTSR2,0.12968315,1.0,0.016816797,-0.48949452938644666,-inf,0.00054443994,0.17711471,1.0,1.0,0.15270975,1.0,0.02328903,-0.6721687244068747,-inf,0.00028444445,0.24551065,1.0,1.0,0.0
Oligodendrocyte,Oligodendrocyte,PENK,OPRL1,0.12968315,1.0,0.016816797,-0.48949452938644666,-inf,0.00054443994,0.17711471,1.0,1.0,0.15270975,1.0,0.02328903,-0.6721687244068747,-inf,0.00028444445,0.24551065,1.0,1.0,0.0
Oligodendrocyte,Oligodendrocyte,PF4,ACKR1,0.12968315,1.0,0.016816797,-0.48949452938644666,-inf,0.00054443994,0.17711471,1.0,1.0,0.15270975,1.0,0.02328903,-0.6721687244068747,-inf,0.00028444445,0.24551065,1.0,1.0,0.0
Oligodendrocyte,Oligodendrocyte,PGLYRP1,TREM1,0.12968315,1.0,0.016816797,-0.48949452938644666,-inf,0.00054443994,0.17711471,1.0,1.0,0.15270975,1.0,0.02328903,-0.6721687244068747,-inf,0.00028444445,0.24551065,1.0,1.0,0.0
Oligodendrocyte,Oligodendrocyte,PNOC,OPRL1,0.12968315,1.0,0.016816797,-0.48949452938644666,-inf,0.00054443994,0.17711471,1.0,1.0,0.15270975,1.0,0.02328903,-0.6721687244068747,-inf,0.00028444445,0.24551065,1.0,1.0,0.0
Oligodendrocyte,Oligodendrocyte,PPBP,ACKR1,0.12968315,1.0,0.016816797,-0.48949452938644666,-inf,0.00054443994,0.17711471,1.0,1.0,0.15270975,1.0,0.02328903,-0.6721687244068747,-inf,0.00028444445,0.24551065,1.0,1.0,0.0
Oligodendrocyte,Oligodendrocyte,PPBP,CXCR1,0.12968315,1.0,0.016816797,-0.48949452938644666,-inf,0.00054443994,0.17711471,1.0,1.0,0.15270975,1.0,0.02328903,-0.6721687244068747,-inf,0.00028444445,0.24551065,1.0,1.0,0.0
Oligodendrocyte,Oligodendrocyte,PPBP,CXCR2,0.12968315,1.0,0.016816797,-0.48949452938644666,-inf,0.00054443994,0.17711471,1.0,1.0,0.15270975,1.0,0.02328903,-0.6721687244068747,-inf,0.00028444445,0.24551065,1.0,1.0,0.0
Microglia,Microglia,ANGPTL4,SDC4,0.12968315,1.0,0.016816797,-0.48949452938644666,-inf,0.00054443994,0.17711471,1.0,1.0,0.15270975,1.0,0.02328903,-0.6721687244068747,-inf,0.00028444445,0.24551065,1.0,1.0,0.0
Oligodendrocyte,Oligodendrocyte,PROK2,PROKR1,0.12968315,1.0,0.016816797,-0.48949452938644666,-inf,0.00054443994,0.17711471,1.0,1.0,0.15270975,1.0,0.02328903,-0.6721687244068747,-inf,0.00028444445,0.24551065,1.0,1.0,0.0
Oligodendrocyte,Oligodendrocyte,PTN,PTPRZ1,0.12968315,1.0,0.016816797,-0.48949452938644666,-inf,0.00054443994,0.17711471,1.0,1.0,0.15270975,1.0,0.02328903,-0.6721687244068747,-inf,0.00028444445,0.24551065,1.0,1.0,0.0
Oligodendrocyte,Oligodendrocyte,RIMS1,SLC17A7,0.12968315,1.0,0.016816797,-0.48949452938644666,-inf,0.00054443994,0.17711471,1.0,1.0,0.15270975,1.0,0.02328903,-0.6721687244068747,-inf,0.00028444445,0.24551065,1.0,1.0,0.0
Oligodendrocyte,Oligodendrocyte,RLN3,RAMP2,0.12968315,1.0,0.016816797,-0.48949452938644666,-inf,0.00054443994,0.17711471,1.0,1.0,0.15270975,1.0,0.02328903,-0.6721687244068747,-inf,0.00028444445,0.24551065,1.0,1.0,0.0
Oligodendrocyte,Oligodendrocyte,S100A4,CCR5,0.12968315,1.0,0.016816797,-0.48949452938644666,-inf,0.00054443994,0.17711471,1.0,1.0,0.15270975,1.0,0.02328903,-0.6721687244068747,-inf,0.00028444445,0.24551065,1.0,1.0,0.0
Oligodendrocyte,Oligodendrocyte,SAA1,FPR1,0.12968315,1.0,0.016816797,-0.48949452938644666,-inf,0.00054443994,0.17711471,1.0,1.0,0.15270975,1.0,0.02328903,-0.6721687244068747,-inf,0.00028444445,0.24551065,1.0,1.0,0.0
Pericyte,Astrocyte,CCL5,ACKR1,0.12968315,1.0,0.016816797,-0.48949452938644666,-inf,0.00054443994,0.17711471,1.0,1.0,0.15270975,1.0,0.02328903,-0.6721687244068747,-inf,0.00028444445,0.24551065,1.0,1.0,0.0
Pericyte,Endothelial,CXCL9,CCR3,0.12968315,1.0,0.016816797,-0.48949452938644666,-inf,0.00054443994,0.17711471,1.0,1.0,0.15270975,1.0,0.02328903,-0.6721687244068747,-inf,0.00028444445,0.24551065,1.0,1.0,0.0
Pericyte,Endothelial,CXCL9,ACKR1,0.12968315,1.0,0.016816797,-0.48949452938644666,-inf,0.00054443994,0.17711471,1.0,1.0,0.15270975,1.0,0.02328903,-0.6721687244068747,-inf,0.00028444445,0.24551065,1.0,1.0,0.0
Pericyte,Endothelial,CXCL5,CXCR2,0.12968315,1.0,0.016816797,-0.48949452938644666,-inf,0.00054443994,0.17711471,1.0,1.0,0.15270975,1.0,0.02328903,-0.6721687244068747,-inf,0.00028444445,0.24551065,1.0,1.0,0.0
Microglia,Oligodendrocyte,PPBP,CXCR2,0.12968315,1.0,0.016816797,-0.48949452938644666,-inf,0.00054443994,0.17711471,1.0,1.0,0.15270975,1.0,0.02328903,-0.6721687244068747,-inf,0.00028444445,0.24551065,1.0,1.0,0.0
Oligodendrocyte,Microglia,RIMS1,SLC17A7,0.12968315,1.0,0.016816797,-0.48949452938644666,-inf,0.00054443994,0.17711471,1.0,1.0,0.15270975,1.0,0.02328903,-0.6721687244068747,-inf,0.00028444445,0.24551065,1.0,1.0,0.0
Microglia,Oligodendrocyte,PPBP,CXCR1,0.12968315,1.0,0.016816797,-0.48949452938644666,-inf,0.00054443994,0.17711471,1.0,1.0,0.15270975,1.0,0.02328903,-0.6721687244068747,-inf,0.00028444445,0.24551065,1.0,1.0,0.0
Oligodendrocyte,Microglia,RLN3,GPR84,0.12968315,1.0,0.016816797,-0.48949452938644666,-inf,0.00054443994,0.17711471,1.0,1.0,0.15270975,1.0,0.02328903,-0.6721687244068747,-inf,0.00028444445,0.24551065,1.0,1.0,0.0
Oligodendrocyte,Microglia,RLN3,RAMP2,0.12968315,1.0,0.016816797,-0.48949452938644666,-inf,0.00054443994,0.17711471,1.0,1.0,0.15270975,1.0,0.02328903,-0.6721687244068747,-inf,0.00028444445,0.24551065,1.0,1.0,0.0
Oligodendrocyte,Microglia,S100A4,CCR5,0.12968315,1.0,0.016816797,-0.48949452938644666,-inf,0.00054443994,0.17711471,1.0,1.0,0.15270975,1.0,0.02328903,-0.6721687244068747,-inf,0.00028444445,0.24551065,1.0,1.0,0.0
Microglia,Oligodendrocyte,PPY,NPY5R,0.12968315,1.0,0.016816797,-0.48949452938644666,-inf,0.00054443994,0.17711471,1.0,1.0,0.15270975,1.0,0.02328903,-0.6721687244068747,-inf,0.00028444445,0.24551065,1.0,1.0,0.0
Oligodendrocyte,Microglia,ADM,RAMP1,0.12968315,1.0,0.016816797,-0.48949452938644666,-inf,0.00054443994,0.17711471,1.0,1.0,0.15270975,1.0,0.02328903,-0.6721687244068747,-inf,0.00028444445,0.24551065,1.0,1.0,0.0
Microglia,Pericyte,CCL7,CCR2,0.12968315,1.0,0.016816797,-0.48949452938644666,-inf,0.00054443994,0.17711471,1.0,1.0,0.15270975,1.0,0.02328903,-0.6721687244068747,-inf,0.00028444445,0.24551065,1.0,1.0,0.0
Oligodendrocyte,Microglia,PTN,PTPRB,0.12968315,1.0,0.016816797,-0.48949452938644666,-inf,0.00054443994,0.17711471,1.0,1.0,0.15270975,1.0,0.02328903,-0.6721687244068747,-inf,0.00028444445,0.24551065,1.0,1.0,0.0
Oligodendrocyte,Microglia,PTN,PTPRZ1,0.12968315,1.0,0.016816797,-0.48949452938644666,-inf,0.00054443994,0.17711471,1.0,1.0,0.15270975,1.0,0.02328903,-0.6721687244068747,-inf,0.00028444445,0.24551065,1.0,1.0,0.0
Oligodendrocyte,Microglia,HP,CD163,0.12968315,1.0,0.016816797,-0.48949452938644666,-inf,0.00054443994,0.17711471,1.0,1.0,0.15270975,1.0,0.02328903,-0.6721687244068747,-inf,0.00028444445,0.24551065,1.0,1.0,0.0
Oligodendrocyte,Microglia,TDGF1,ACVR1C,0.12968315,1.0,0.016816797,-0.48949452938644666,-inf,0.00054443994,0.17711471,1.0,1.0,0.15270975,1.0,0.02328903,-0.6721687244068747,-inf,0.00028444445,0.24551065,1.0,1.0,0.0
Oligodendrocyte,Astrocyte,CGA,GPR84,0.12968315,1.0,0.016816797,-0.48949452938644666,-inf,0.00054443994,0.17711471,1.0,1.0,0.15270975,1.0,0.02328903,-0.6721687244068747,-inf,0.00028444445,0.24551065,1.0,1.0,0.0
Oligodendrocyte,Microglia,IL34,PTPRZ1,0.12968315,1.0,0.016816797,-0.48949452938644666,-inf,0.00054443994,0.17711471,1.0,1.0,0.15270975,1.0,0.02328903,-0.6721687244068747,-inf,0.00028444445,0.24551065,1.0,1.0,0.0
Oligodendrocyte,Microglia,IL6,F3,0.12968315,1.0,0.016816797,-0.48949452938644666,-inf,0.00054443994,0.17711471,1.0,1.0,0.15270975,1.0,0.02328903,-0.6721687244068747,-inf,0.00028444445,0.24551065,1.0,1.0,0.0
Microglia,Oligodendrocyte,RLN3,GPR84,0.12968315,1.0,0.016816797,-0.48949452938644666,-inf,0.00054443994,0.17711471,1.0,1.0,0.15270975,1.0,0.02328903,-0.6721687244068747,-inf,0.00028444445,0.24551065,1.0,1.0,0.0
Oligodendrocyte,Microglia,PNOC,OPRL1,0.12968315,1.0,0.016816797,-0.48949452938644666,-inf,0.00054443994,0.17711471,1.0,1.0,0.15270975,1.0,0.02328903,-0.6721687244068747,-inf,0.00028444445,0.24551065,1.0,1.0,0.0
Oligodendrocyte,Microglia,PPBP,ACKR1,0.12968315,1.0,0.016816797,-0.48949452938644666,-inf,0.00054443994,0.17711471,1.0,1.0,0.15270975,1.0,0.02328903,-0.6721687244068747,-inf,0.00028444445,0.24551065,1.0,1.0,0.0
Oligodendrocyte,Microglia,SAA1,FPR2,0.12968315,1.0,0.016816797,-0.48949452938644666,-inf,0.00054443994,0.17711471,1.0,1.0,0.15270975,1.0,0.02328903,-0.6721687244068747,-inf,0.00028444445,0.24551065,1.0,1.0,0.0
Microglia,Oligodendrocyte,PF4,ACKR1,0.12968315,1.0,0.016816797,-0.48949452938644666,-inf,0.00054443994,0.17711471,1.0,1.0,0.15270975,1.0,0.02328903,-0.6721687244068747,-inf,0.00028444445,0.24551065,1.0,1.0,0.0
Oligodendrocyte,Microglia,SCT,GPR84,0.12968315,1.0,0.016816797,-0.48949452938644666,-inf,0.00054443994,0.17711471,1.0,1.0,0.15270975,1.0,0.02328903,-0.6721687244068747,-inf,0.00028444445,0.24551065,1.0,1.0,0.0
Microglia,Oligodendrocyte,PGLYRP1,TREM1,0.12968315,1.0,0.016816797,-0.48949452938644666,-inf,0.00054443994,0.17711471,1.0,1.0,0.15270975,1.0,0.02328903,-0.6721687244068747,-inf,0.00028444445,0.24551065,1.0,1.0,0.0
Microglia,Oligodendrocyte,PROK2,PROKR1,0.12968315,1.0,0.016816797,-0.48949452938644666,-inf,0.00054443994,0.17711471,1.0,1.0,0.15270975,1.0,0.02328903,-0.6721687244068747,-inf,0.00028444445,0.24551065,1.0,1.0,0.0
Microglia,Oligodendrocyte,PNOC,OPRL1,0.12968315,1.0,0.016816797,-0.48949452938644666,-inf,0.00054443994,0.17711471,1.0,1.0,0.15270975,1.0,0.02328903,-0.6721687244068747,-inf,0.00028444445,0.24551065,1.0,1.0,0.0
Oligodendrocyte,Microglia,CYTL1,CCR2,0.12968315,1.0,0.016816797,-0.48949452938644666,-inf,0.00054443994,0.17711471,1.0,1.0,0.15270975,1.0,0.02328903,-0.6721687244068747,-inf,0.00028444445,0.24551065,1.0,1.0,0.0
Microglia,Oligodendrocyte,F10,F3,0.12968315,1.0,0.016816797,-0.48949452938644666,-inf,0.00054443994,0.17711471,1.0,1.0,0.15270975,1.0,0.02328903,-0.6721687244068747,-inf,0.00028444445,0.24551065,1.0,1.0,0.0
Oligodendrocyte,Oligodendrocyte,CCL4,CCR5,0.12968315,1.0,0.016816797,-0.48949452938644666,-inf,0.00054443994,0.17711471,1.0,1.0,0.15270975,1.0,0.02328903,-0.6721687244068747,-inf,0.00028444445,0.24551065,1.0,1.0,0.0
Oligodendrocyte,Microglia,TIMP1,CD63,0.12968315,1.0,0.016816797,-0.48949452938644666,-inf,0.00054443994,0.17711471,1.0,1.0,0.15270975,1.0,0.02328903,-0.6721687244068747,-inf,0.00028444445,0.24551065,1.0,1.0,0.0
Oligodendrocyte,Microglia,THBS1,SDC4,0.12968315,1.0,0.016816797,-0.48949452938644666,-inf,0.00054443994,0.17711471,1.0,1.0,0.15270975,1.0,0.02328903,-0.6721687244068747,-inf,0.00028444445,0.24551065,1.0,1.0,0.0
Microglia,Oligodendrocyte,LPL,GPIHBP1,0.12968315,1.0,0.016816797,-0.48949452938644666,-inf,0.00054443994,0.17711471,1.0,1.0,0.15270975,1.0,0.02328903,-0.6721687244068747,-inf,0.00028444445,0.24551065,1.0,1.0,0.0
Oligodendrocyte,Astrocyte,CCL5,CCR5,0.12968315,1.0,0.016816797,-0.48949452938644666,-inf,0.00054443994,0.17711471,1.0,1.0,0.15270975,1.0,0.02328903,-0.6721687244068747,-inf,0.00028444445,0.24551065,1.0,1.0,0.0
Microglia,Oligodendrocyte,SAA1,FPR2,0.12968315,1.0,0.016816797,-0.48949452938644666,-inf,0.00054443994,0.17711471,1.0,1.0,0.15270975,1.0,0.02328903,-0.6721687244068747,-inf,0.00028444445,0.24551065,1.0,1.0,0.0
Oligodendrocyte,Microglia,LPL,GPIHBP1,0.12968315,1.0,0.016816797,-0.48949452938644666,-inf,0.00054443994,0.17711471,1.0,1.0,0.15270975,1.0,0.02328903,-0.6721687244068747,-inf,0.00028444445,0.24551065,1.0,1.0,0.0
Oligodendrocyte,Microglia,MFGE8,PDGFRB,0.12968315,1.0,0.016816797,-0.48949452938644666,-inf,0.00054443994,0.17711471,1.0,1.0,0.15270975,1.0,0.02328903,-0.6721687244068747,-inf,0.00028444445,0.24551065,1.0,1.0,0.0
Microglia,Oligodendrocyte,SAA1,FPR1,0.12968315,1.0,0.016816797,-0.48949452938644666,-inf,0.00054443994,0.17711471,1.0,1.0,0.15270975,1.0,0.02328903,-0.6721687244068747,-inf,0.00028444445,0.24551065,1.0,1.0,0.0
Microglia,Oligodendrocyte,EDN1,EDNRB,0.12968315,1.0,0.016816797,-0.48949452938644666,-inf,0.00054443994,0.17711471,1.0,1.0,0.15270975,1.0,0.02328903,-0.6721687244068747,-inf,0.00028444445,0.24551065,1.0,1.0,0.0
Oligodendrocyte,Astrocyte,GZMA,F2RL1,0.12968315,1.0,0.016816797,-0.48949452938644666,-inf,0.00054443994,0.17711471,1.0,1.0,0.15270975,1.0,0.02328903,-0.6721687244068747,-inf,0.00028444445,0.24551065,1.0,1.0,0.0
Microglia,Oligodendrocyte,SCT,GPR84,0.12968315,1.0,0.016816797,-0.48949452938644666,-inf,0.00054443994,0.17711471,1.0,1.0,0.15270975,1.0,0.02328903,-0.6721687244068747,-inf,0.00028444445,0.24551065,1.0,1.0,0.0
Oligodendrocyte,Microglia,HSPA1A,GRIN2D,0.12968315,1.0,0.016816797,-0.48949452938644666,-inf,0.00054443994,0.17711471,1.0,1.0,0.15270975,1.0,0.02328903,-0.6721687244068747,-inf,0.00028444445,0.24551065,1.0,1.0,0.0
Microglia,Oligodendrocyte,PPBP,ACKR1,0.12968315,1.0,0.016816797,-0.48949452938644666,-inf,0.00054443994,0.17711471,1.0,1.0,0.15270975,1.0,0.02328903,-0.6721687244068747,-inf,0.00028444445,0.24551065,1.0,1.0,0.0
Oligodendrocyte,Microglia,PPBP,CXCR1,0.12968315,1.0,0.016816797,-0.48949452938644666,-inf,0.00054443994,0.17711471,1.0,1.0,0.15270975,1.0,0.02328903,-0.6721687244068747,-inf,0.00028444445,0.24551065,1.0,1.0,0.0
Microglia,Oligodendrocyte,RIMS1,SLC17A7,0.12968315,1.0,0.016816797,-0.48949452938644666,-inf,0.00054443994,0.17711471,1.0,1.0,0.15270975,1.0,0.02328903,-0.6721687244068747,-inf,0.00028444445,0.24551065,1.0,1.0,0.0
Oligodendrocyte,Astrocyte,CD40LG,CD9,0.12968315,1.0,0.016816797,-0.48949452938644666,-inf,0.00054443994,0.17711471,1.0,1.0,0.15270975,1.0,0.02328903,-0.6721687244068747,-inf,0.00028444445,0.24551065,1.0,1.0,0.0
Oligodendrocyte,Microglia,PPBP,CXCR2,0.12968315,1.0,0.016816797,-0.48949452938644666,-inf,0.00054443994,0.17711471,1.0,1.0,0.15270975,1.0,0.02328903,-0.6721687244068747,-inf,0.00028444445,0.24551065,1.0,1.0,0.0
Oligodendrocyte,Microglia,PPY,NPY5R,0.12968315,1.0,0.016816797,-0.48949452938644666,-inf,0.00054443994,0.17711471,1.0,1.0,0.15270975,1.0,0.02328903,-0.6721687244068747,-inf,0.00028444445,0.24551065,1.0,1.0,0.0
Oligodendrocyte,Microglia,PROK2,PROKR1,0.12968315,1.0,0.016816797,-0.48949452938644666,-inf,0.00054443994,0.17711471,1.0,1.0,0.15270975,1.0,0.02328903,-0.6721687244068747,-inf,0.00028444445,0.24551065,1.0,1.0,0.0
Oligodendrocyte,Microglia,PSAP,GPR37,0.12968315,1.0,0.016816797,-0.48949452938644666,-inf,0.00054443994,0.17711471,1.0,1.0,0.15270975,1.0,0.02328903,-0.6721687244068747,-inf,0.00028444445,0.24551065,1.0,1.0,0.0
Microglia,Oligodendrocyte,PTN,PTPRZ1,0.12968315,1.0,0.016816797,-0.48949452938644666,-inf,0.00054443994,0.17711471,1.0,1.0,0.15270975,1.0,0.02328903,-0.6721687244068747,-inf,0.00028444445,0.24551065,1.0,1.0,0.0
Oligodendrocyte,Microglia,SAA1,FPR1,0.12968315,1.0,0.016816797,-0.48949452938644666,-inf,0.00054443994,0.17711471,1.0,1.0,0.15270975,1.0,0.02328903,-0.6721687244068747,-inf,0.00028444445,0.24551065,1.0,1.0,0.0
Microglia,Oligodendrocyte,PENK,OPRL1,0.12968315,1.0,0.016816797,-0.48949452938644666,-inf,0.00054443994,0.17711471,1.0,1.0,0.15270975,1.0,0.02328903,-0.6721687244068747,-inf,0.00028444445,0.24551065,1.0,1.0,0.0
Microglia,Oligodendrocyte,NTS,NTSR2,0.12968315,1.0,0.016816797,-0.48949452938644666,-inf,0.00054443994,0.17711471,1.0,1.0,0.15270975,1.0,0.02328903,-0.6721687244068747,-inf,0.00028444445,0.24551065,1.0,1.0,0.0
Microglia,Oligodendrocyte,NPY,NPY5R,0.12968315,1.0,0.016816797,-0.48949452938644666,-inf,0.00054443994,0.17711471,1.0,1.0,0.15270975,1.0,0.02328903,-0.6721687244068747,-inf,0.00028444445,0.24551065,1.0,1.0,0.0
Pericyte,Endothelial,CCL8,CCR3,0.12968315,1.0,0.016816797,-0.48949452938644666,-inf,0.00054443994,0.17711471,1.0,1.0,0.15270975,1.0,0.02328903,-0.6721687244068747,-inf,0.00028444445,0.24551065,1.0,1.0,0.0
Pericyte,Endothelial,CCL8,CCR5,0.12968315,1.0,0.016816797,-0.48949452938644666,-inf,0.00054443994,0.17711471,1.0,1.0,0.15270975,1.0,0.02328903,-0.6721687244068747,-inf,0.00028444445,0.24551065,1.0,1.0,0.0
Pericyte,Endothelial,FN1,CD79A,0.12968315,1.0,0.016816797,-0.48949452938644666,-inf,0.00054443994,0.17711471,1.0,1.0,0.15270975,1.0,0.02328903,-0.6721687244068747,-inf,0.00028444445,0.24551065,1.0,1.0,0.0
Pericyte,Endothelial,FGL1,LAG3,0.12968315,1.0,0.016816797,-0.48949452938644666,-inf,0.00054443994,0.17711471,1.0,1.0,0.15270975,1.0,0.02328903,-0.6721687244068747,-inf,0.00028444445,0.24551065,1.0,1.0,0.0
Pericyte,Endothelial,F10,F3,0.12968315,1.0,0.016816797,-0.48949452938644666,-inf,0.00054443994,0.17711471,1.0,1.0,0.15270975,1.0,0.02328903,-0.6721687244068747,-inf,0.00028444445,0.24551065,1.0,1.0,0.0
Pericyte,Endothelial,EDN1,EDNRB,0.12968315,1.0,0.016816797,-0.48949452938644666,-inf,0.00054443994,0.17711471,1.0,1.0,0.15270975,1.0,0.02328903,-0.6721687244068747,-inf,0.00028444445,0.24551065,1.0,1.0,0.0
Pericyte,Endothelial,APOB,TREM2,0.12968315,1.0,0.016816797,-0.48949452938644666,-inf,0.00054443994,0.17711471,1.0,1.0,0.15270975,1.0,0.02328903,-0.6721687244068747,-inf,0.00028444445,0.24551065,1.0,1.0,0.0
Pericyte,Endothelial,APP,FPR2,0.12968315,1.0,0.016816797,-0.48949452938644666,-inf,0.00054443994,0.17711471,1.0,1.0,0.15270975,1.0,0.02328903,-0.6721687244068747,-inf,0.00028444445,0.24551065,1.0,1.0,0.0
Pericyte,Endothelial,B2M,KLRC1,0.12968315,1.0,0.016816797,-0.48949452938644666,-inf,0.00054443994,0.17711471,1.0,1.0,0.15270975,1.0,0.02328903,-0.6721687244068747,-inf,0.00028444445,0.24551065,1.0,1.0,0.0
Pericyte,Endothelial,B2M,KLRC2,0.12968315,1.0,0.016816797,-0.48949452938644666,-inf,0.00054443994,0.17711471,1.0,1.0,0.15270975,1.0,0.02328903,-0.6721687244068747,-inf,0.00028444445,0.24551065,1.0,1.0,0.0
Pericyte,Endothelial,B2M,KLRD1,0.12968315,1.0,0.016816797,-0.48949452938644666,-inf,0.00054443994,0.17711471,1.0,1.0,0.15270975,1.0,0.02328903,-0.6721687244068747,-inf,0.00028444445,0.24551065,1.0,1.0,0.0
Pericyte,Endothelial,CALCA,GPR84,0.12968315,1.0,0.016816797,-0.48949452938644666,-inf,0.00054443994,0.17711471,1.0,1.0,0.15270975,1.0,0.02328903,-0.6721687244068747,-inf,0.00028444445,0.24551065,1.0,1.0,0.0
Pericyte,Endothelial,CCL5,ACKR1,0.12968315,1.0,0.016816797,-0.48949452938644666,-inf,0.00054443994,0.17711471,1.0,1.0,0.15270975,1.0,0.02328903,-0.6721687244068747,-inf,0.00028444445,0.24551065,1.0,1.0,0.0
Pericyte,Endothelial,CCL5,CCR1,0.12968315,1.0,0.016816797,-0.48949452938644666,-inf,0.00054443994,0.17711471,1.0,1.0,0.15270975,1.0,0.02328903,-0.6721687244068747,-inf,0.00028444445,0.24551065,1.0,1.0,0.0
Endothelial,Pericyte,B2M,KLRC1,0.12968315,1.0,0.016816797,-0.48949452938644666,-inf,0.00054443994,0.17711471,1.0,1.0,0.15270975,1.0,0.02328903,-0.6721687244068747,-inf,0.00028444445,0.24551065,1.0,1.0,0.0
Pericyte,Endothelial,CXCL2,CXCR1,0.12968315,1.0,0.016816797,-0.48949452938644666,-inf,0.00054443994,0.17711471,1.0,1.0,0.15270975,1.0,0.02328903,-0.6721687244068747,-inf,0.00028444445,0.24551065,1.0,1.0,0.0
Pericyte,Astrocyte,RLN3,RAMP2,0.12968315,1.0,0.016816797,-0.48949452938644666,-inf,0.00054443994,0.17711471,1.0,1.0,0.15270975,1.0,0.02328903,-0.6721687244068747,-inf,0.00028444445,0.24551065,1.0,1.0,0.0
Pericyte,Endothelial,CXCL2,CXCR2,0.12968315,1.0,0.016816797,-0.48949452938644666,-inf,0.00054443994,0.17711471,1.0,1.0,0.15270975,1.0,0.02328903,-0.6721687244068747,-inf,0.00028444445,0.24551065,1.0,1.0,0.0
Pericyte,Endothelial,CXCL3,ACKR1,0.12968315,1.0,0.016816797,-0.48949452938644666,-inf,0.00054443994,0.17711471,1.0,1.0,0.15270975,1.0,0.02328903,-0.6721687244068747,-inf,0.00028444445,0.24551065,1.0,1.0,0.0
Pericyte,Endothelial,CXCL3,CXCR1,0.12968315,1.0,0.016816797,-0.48949452938644666,-inf,0.00054443994,0.17711471,1.0,1.0,0.15270975,1.0,0.02328903,-0.6721687244068747,-inf,0.00028444445,0.24551065,1.0,1.0,0.0
Pericyte,Endothelial,CXCL3,CXCR2,0.12968315,1.0,0.016816797,-0.48949452938644666,-inf,0.00054443994,0.17711471,1.0,1.0,0.15270975,1.0,0.02328903,-0.6721687244068747,-inf,0.00028444445,0.24551065,1.0,1.0,0.0
Pericyte,Endothelial,CXCL5,ACKR1,0.12968315,1.0,0.016816797,-0.48949452938644666,-inf,0.00054443994,0.17711471,1.0,1.0,0.15270975,1.0,0.02328903,-0.6721687244068747,-inf,0.00028444445,0.24551065,1.0,1.0,0.0
Pericyte,Endothelial,CXCL5,CXCR1,0.12968315,1.0,0.016816797,-0.48949452938644666,-inf,0.00054443994,0.17711471,1.0,1.0,0.15270975,1.0,0.02328903,-0.6721687244068747,-inf,0.00028444445,0.24551065,1.0,1.0,0.0
Pericyte,Endothelial,CCL8,CCR2,0.12968315,1.0,0.016816797,-0.48949452938644666,-inf,0.00054443994,0.17711471,1.0,1.0,0.15270975,1.0,0.02328903,-0.6721687244068747,-inf,0.00028444445,0.24551065,1.0,1.0,0.0
Oligodendrocyte,Oligodendrocyte,SCT,GPR84,0.12968315,1.0,0.016816797,-0.48949452938644666,-inf,0.00054443994,0.17711471,1.0,1.0,0.15270975,1.0,0.02328903,-0.6721687244068747,-inf,0.00028444445,0.24551065,1.0,1.0,0.0
Pericyte,Endothelial,CCL8,CCR1,0.12968315,1.0,0.016816797,-0.48949452938644666,-inf,0.00054443994,0.17711471,1.0,1.0,0.15270975,1.0,0.02328903,-0.6721687244068747,-inf,0.00028444445,0.24551065,1.0,1.0,0.0
Pericyte,Endothelial,CCL7,CCR5,0.12968315,1.0,0.016816797,-0.48949452938644666,-inf,0.00054443994,0.17711471,1.0,1.0,0.15270975,1.0,0.02328903,-0.6721687244068747,-inf,0.00028444445,0.24551065,1.0,1.0,0.0
Oligodendrocyte,Microglia,SELPLG,SELL,0.12968315,1.0,0.016816797,-0.48949452938644666,-inf,0.00054443994,0.17711471,1.0,1.0,0.15270975,1.0,0.02328903,-0.6721687244068747,-inf,0.00028444445,0.24551065,1.0,1.0,0.0
Microglia,Oligodendrocyte,MSMP,CCR2,0.12968315,1.0,0.016816797,-0.48949452938644666,-inf,0.00054443994,0.17711471,1.0,1.0,0.15270975,1.0,0.02328903,-0.6721687244068747,-inf,0.00028444445,0.24551065,1.0,1.0,0.0
Oligodendrocyte,Astrocyte,CD40LG,CD53,0.12968315,1.0,0.016816797,-0.48949452938644666,-inf,0.00054443994,0.17711471,1.0,1.0,0.15270975,1.0,0.02328903,-0.6721687244068747,-inf,0.00028444445,0.24551065,1.0,1.0,0.0
Microglia,Oligodendrocyte,MFGE8,PDGFRB,0.12968315,1.0,0.016816797,-0.48949452938644666,-inf,0.00054443994,0.17711471,1.0,1.0,0.15270975,1.0,0.02328903,-0.6721687244068747,-inf,0.00028444445,0.24551065,1.0,1.0,0.0
Oligodendrocyte,Microglia,SCT,RAMP2,0.12968315,1.0,0.016816797,-0.48949452938644666,-inf,0.00054443994,0.17711471,1.0,1.0,0.15270975,1.0,0.02328903,-0.6721687244068747,-inf,0.00028444445,0.24551065,1.0,1.0,0.0
Astrocyte,Oligodendrocyte,PPBP,ACKR1,0.12968315,1.0,0.016816797,-0.48949452938644666,-inf,0.00054443994,0.17711471,1.0,1.0,0.15270975,1.0,0.02328903,-0.6721687244068747,-inf,0.00028444445,0.24551065,1.0,1.0,0.0
Pericyte,Microglia,CXCL2,CXCR1,0.12968315,1.0,0.016816797,-0.48949452938644666,-inf,0.00054443994,0.17711471,1.0,1.0,0.15270975,1.0,0.02328903,-0.6721687244068747,-inf,0.00028444445,0.24551065,1.0,1.0,0.0
Pericyte,Microglia,CXCL2,XCR1,0.12968315,1.0,0.016816797,-0.48949452938644666,-inf,0.00054443994,0.17711471,1.0,1.0,0.15270975,1.0,0.02328903,-0.6721687244068747,-inf,0.00028444445,0.24551065,1.0,1.0,0.0
Pericyte,Endothelial,FN1,MAG,0.12968315,1.0,0.016816797,-0.48949452938644666,-inf,0.00054443994,0.17711471,1.0,1.0,0.15270975,1.0,0.02328903,-0.6721687244068747,-inf,0.00028444445,0.24551065,1.0,1.0,0.0
Pericyte,Endothelial,GAST,CCKBR,0.12968315,1.0,0.016816797,-0.48949452938644666,-inf,0.00054443994,0.17711471,1.0,1.0,0.15270975,1.0,0.02328903,-0.6721687244068747,-inf,0.00028444445,0.24551065,1.0,1.0,0.0
Pericyte,Endothelial,GAST,GPR152,0.12968315,1.0,0.016816797,-0.48949452938644666,-inf,0.00054443994,0.17711471,1.0,1.0,0.15270975,1.0,0.02328903,-0.6721687244068747,-inf,0.00028444445,0.24551065,1.0,1.0,0.0
Pericyte,Endothelial,GZMA,F2RL1,0.12968315,1.0,0.016816797,-0.48949452938644666,-inf,0.00054443994,0.17711471,1.0,1.0,0.15270975,1.0,0.02328903,-0.6721687244068747,-inf,0.00028444445,0.24551065,1.0,1.0,0.0
Pericyte,Endothelial,HDC,HRH3,0.12968315,1.0,0.016816797,-0.48949452938644666,-inf,0.00054443994,0.17711471,1.0,1.0,0.15270975,1.0,0.02328903,-0.6721687244068747,-inf,0.00028444445,0.24551065,1.0,1.0,0.0
Pericyte,Endothelial,HP,ASGR1,0.12968315,1.0,0.016816797,-0.48949452938644666,-inf,0.00054443994,0.17711471,1.0,1.0,0.15270975,1.0,0.02328903,-0.6721687244068747,-inf,0.00028444445,0.24551065,1.0,1.0,0.0
Pericyte,Endothelial,CXCL12,AVPR1A,0.12968315,1.0,0.016816797,-0.48949452938644666,-inf,0.00054443994,0.17711471,1.0,1.0,0.15270975,1.0,0.02328903,-0.6721687244068747,-inf,0.00028444445,0.24551065,1.0,1.0,0.0
Pericyte,Endothelial,CXCL10,SDC4,0.12968315,1.0,0.016816797,-0.48949452938644666,-inf,0.00054443994,0.17711471,1.0,1.0,0.15270975,1.0,0.02328903,-0.6721687244068747,-inf,0.00028444445,0.24551065,1.0,1.0,0.0
Pericyte,Endothelial,CXCL10,CCR3,0.12968315,1.0,0.016816797,-0.48949452938644666,-inf,0.00054443994,0.17711471,1.0,1.0,0.15270975,1.0,0.02328903,-0.6721687244068747,-inf,0.00028444445,0.24551065,1.0,1.0,0.0
Pericyte,Endothelial,CXCL10,ACKR1,0.12968315,1.0,0.016816797,-0.48949452938644666,-inf,0.00054443994,0.17711471,1.0,1.0,0.15270975,1.0,0.02328903,-0.6721687244068747,-inf,0.00028444445,0.24551065,1.0,1.0,0.0
Pericyte,Endothelial,CCL5,CCR5,0.12968315,1.0,0.016816797,-0.48949452938644666,-inf,0.00054443994,0.17711471,1.0,1.0,0.15270975,1.0,0.02328903,-0.6721687244068747,-inf,0.00028444445,0.24551065,1.0,1.0,0.0
Pericyte,Endothelial,CCL5,SDC4,0.12968315,1.0,0.016816797,-0.48949452938644666,-inf,0.00054443994,0.17711471,1.0,1.0,0.15270975,1.0,0.02328903,-0.6721687244068747,-inf,0.00028444445,0.24551065,1.0,1.0,0.0
Pericyte,Endothelial,CCL7,CCR1,0.12968315,1.0,0.016816797,-0.48949452938644666,-inf,0.00054443994,0.17711471,1.0,1.0,0.15270975,1.0,0.02328903,-0.6721687244068747,-inf,0.00028444445,0.24551065,1.0,1.0,0.0
Pericyte,Endothelial,CCL7,CCR2,0.12968315,1.0,0.016816797,-0.48949452938644666,-inf,0.00054443994,0.17711471,1.0,1.0,0.15270975,1.0,0.02328903,-0.6721687244068747,-inf,0.00028444445,0.24551065,1.0,1.0,0.0
Pericyte,Endothelial,CCL7,CCR3,0.12968315,1.0,0.016816797,-0.48949452938644666,-inf,0.00054443994,0.17711471,1.0,1.0,0.15270975,1.0,0.02328903,-0.6721687244068747,-inf,0.00028444445,0.24551065,1.0,1.0,0.0
Pericyte,Endothelial,CCL8,ACKR1,0.12968315,1.0,0.016816797,-0.48949452938644666,-inf,0.00054443994,0.17711471,1.0,1.0,0.15270975,1.0,0.02328903,-0.6721687244068747,-inf,0.00028444445,0.24551065,1.0,1.0,0.0
Oligodendrocyte,Oligodendrocyte,SCT,RAMP2,0.12968315,1.0,0.016816797,-0.48949452938644666,-inf,0.00054443994,0.17711471,1.0,1.0,0.15270975,1.0,0.02328903,-0.6721687244068747,-inf,0.00028444445,0.24551065,1.0,1.0,0.0
Oligodendrocyte,Oligodendrocyte,SELPLG,SELL,0.12968315,1.0,0.016816797,-0.48949452938644666,-inf,0.00054443994,0.17711471,1.0,1.0,0.15270975,1.0,0.02328903,-0.6721687244068747,-inf,0.00028444445,0.24551065,1.0,1.0,0.0
Pericyte,Endothelial,CCL3,CCR5,0.12968315,1.0,0.016816797,-0.48949452938644666,-inf,0.00054443994,0.17711471,1.0,1.0,0.15270975,1.0,0.02328903,-0.6721687244068747,-inf,0.00028444445,0.24551065,1.0,1.0,0.0
Astrocyte,Pericyte,PPBP,ACKR1,0.12968315,1.0,0.016816797,-0.48949452938644666,-inf,0.00054443994,0.17711471,1.0,1.0,0.15270975,1.0,0.02328903,-0.6721687244068747,-inf,0.00028444445,0.24551065,1.0,1.0,0.0
Astrocyte,Pericyte,PPBP,CXCR1,0.12968315,1.0,0.016816797,-0.48949452938644666,-inf,0.00054443994,0.17711471,1.0,1.0,0.15270975,1.0,0.02328903,-0.6721687244068747,-inf,0.00028444445,0.24551065,1.0,1.0,0.0
Astrocyte,Pericyte,PPBP,CXCR2,0.12968315,1.0,0.016816797,-0.48949452938644666,-inf,0.00054443994,0.17711471,1.0,1.0,0.15270975,1.0,0.02328903,-0.6721687244068747,-inf,0.00028444445,0.24551065,1.0,1.0,0.0
Astrocyte,Pericyte,MSMP,CCR2,0.12968315,1.0,0.016816797,-0.48949452938644666,-inf,0.00054443994,0.17711471,1.0,1.0,0.15270975,1.0,0.02328903,-0.6721687244068747,-inf,0.00028444445,0.24551065,1.0,1.0,0.0
Astrocyte,Pericyte,CCL5,CCR3,0.12968315,1.0,0.016816797,-0.48949452938644666,-inf,0.00054443994,0.17711471,1.0,1.0,0.15270975,1.0,0.02328903,-0.6721687244068747,-inf,0.00028444445,0.24551065,1.0,1.0,0.0
Astrocyte,Pericyte,CCL5,CCR1,0.12968315,1.0,0.016816797,-0.48949452938644666,-inf,0.00054443994,0.17711471,1.0,1.0,0.15270975,1.0,0.02328903,-0.6721687244068747,-inf,0.00028444445,0.24551065,1.0,1.0,0.0
Astrocyte,Pericyte,CCL5,ACKR1,0.12968315,1.0,0.016816797,-0.48949452938644666,-inf,0.00054443994,0.17711471,1.0,1.0,0.15270975,1.0,0.02328903,-0.6721687244068747,-inf,0.00028444445,0.24551065,1.0,1.0,0.0
Pericyte,Astrocyte,MSMP,CCR2,0.12968315,1.0,0.016816797,-0.48949452938644666,-inf,0.00054443994,0.17711471,1.0,1.0,0.15270975,1.0,0.02328903,-0.6721687244068747,-inf,0.00028444445,0.24551065,1.0,1.0,0.0
Pericyte,Astrocyte,NPY,NPY5R,0.12968315,1.0,0.016816797,-0.48949452938644666,-inf,0.00054443994,0.17711471,1.0,1.0,0.15270975,1.0,0.02328903,-0.6721687244068747,-inf,0.00028444445,0.24551065,1.0,1.0,0.0
Pericyte,Astrocyte,NTS,NTSR2,0.12968315,1.0,0.016816797,-0.48949452938644666,-inf,0.00054443994,0.17711471,1.0,1.0,0.15270975,1.0,0.02328903,-0.6721687244068747,-inf,0.00028444445,0.24551065,1.0,1.0,0.0
Astrocyte,Pericyte,PNOC,OPRL1,0.12968315,1.0,0.016816797,-0.48949452938644666,-inf,0.00054443994,0.17711471,1.0,1.0,0.15270975,1.0,0.02328903,-0.6721687244068747,-inf,0.00028444445,0.24551065,1.0,1.0,0.0
Pericyte,Astrocyte,PENK,OPRL1,0.12968315,1.0,0.016816797,-0.48949452938644666,-inf,0.00054443994,0.17711471,1.0,1.0,0.15270975,1.0,0.02328903,-0.6721687244068747,-inf,0.00028444445,0.24551065,1.0,1.0,0.0
Pericyte,Astrocyte,PNOC,OPRL1,0.12968315,1.0,0.016816797,-0.48949452938644666,-inf,0.00054443994,0.17711471,1.0,1.0,0.15270975,1.0,0.02328903,-0.6721687244068747,-inf,0.00028444445,0.24551065,1.0,1.0,0.0
Pericyte,Astrocyte,PPBP,ACKR1,0.12968315,1.0,0.016816797,-0.48949452938644666,-inf,0.00054443994,0.17711471,1.0,1.0,0.15270975,1.0,0.02328903,-0.6721687244068747,-inf,0.00028444445,0.24551065,1.0,1.0,0.0
Pericyte,Astrocyte,PPBP,CXCR1,0.12968315,1.0,0.016816797,-0.48949452938644666,-inf,0.00054443994,0.17711471,1.0,1.0,0.15270975,1.0,0.02328903,-0.6721687244068747,-inf,0.00028444445,0.24551065,1.0,1.0,0.0
Pericyte,Astrocyte,PPBP,CXCR2,0.12968315,1.0,0.016816797,-0.48949452938644666,-inf,0.00054443994,0.17711471,1.0,1.0,0.15270975,1.0,0.02328903,-0.6721687244068747,-inf,0.00028444445,0.24551065,1.0,1.0,0.0
Pericyte,Astrocyte,PROK2,PROKR1,0.12968315,1.0,0.016816797,-0.48949452938644666,-inf,0.00054443994,0.17711471,1.0,1.0,0.15270975,1.0,0.02328903,-0.6721687244068747,-inf,0.00028444445,0.24551065,1.0,1.0,0.0
Pericyte,Astrocyte,GZMA,F2RL1,0.12968315,1.0,0.016816797,-0.48949452938644666,-inf,0.00054443994,0.17711471,1.0,1.0,0.15270975,1.0,0.02328903,-0.6721687244068747,-inf,0.00028444445,0.24551065,1.0,1.0,0.0
Pericyte,Astrocyte,GAST,GPR152,0.12968315,1.0,0.016816797,-0.48949452938644666,-inf,0.00054443994,0.17711471,1.0,1.0,0.15270975,1.0,0.02328903,-0.6721687244068747,-inf,0.00028444445,0.24551065,1.0,1.0,0.0
Pericyte,Astrocyte,GAST,CCKBR,0.12968315,1.0,0.016816797,-0.48949452938644666,-inf,0.00054443994,0.17711471,1.0,1.0,0.15270975,1.0,0.02328903,-0.6721687244068747,-inf,0.00028444445,0.24551065,1.0,1.0,0.0
Pericyte,Astrocyte,FN1,CD79A,0.12968315,1.0,0.016816797,-0.48949452938644666,-inf,0.00054443994,0.17711471,1.0,1.0,0.15270975,1.0,0.02328903,-0.6721687244068747,-inf,0.00028444445,0.24551065,1.0,1.0,0.0
Pericyte,Astrocyte,CXCL1,ACKR1,0.12968315,1.0,0.016816797,-0.48949452938644666,-inf,0.00054443994,0.17711471,1.0,1.0,0.15270975,1.0,0.02328903,-0.6721687244068747,-inf,0.00028444445,0.24551065,1.0,1.0,0.0
Pericyte,Astrocyte,PF4,ACKR1,0.12968315,1.0,0.016816797,-0.48949452938644666,-inf,0.00054443994,0.17711471,1.0,1.0,0.15270975,1.0,0.02328903,-0.6721687244068747,-inf,0.00028444445,0.24551065,1.0,1.0,0.0
Astrocyte,Pericyte,PGLYRP1,TREM1,0.12968315,1.0,0.016816797,-0.48949452938644666,-inf,0.00054443994,0.17711471,1.0,1.0,0.15270975,1.0,0.02328903,-0.6721687244068747,-inf,0.00028444445,0.24551065,1.0,1.0,0.0
Astrocyte,Pericyte,PF4,ACKR1,0.12968315,1.0,0.016816797,-0.48949452938644666,-inf,0.00054443994,0.17711471,1.0,1.0,0.15270975,1.0,0.02328903,-0.6721687244068747,-inf,0.00028444445,0.24551065,1.0,1.0,0.0
Astrocyte,Pericyte,PENK,OPRL1,0.12968315,1.0,0.016816797,-0.48949452938644666,-inf,0.00054443994,0.17711471,1.0,1.0,0.15270975,1.0,0.02328903,-0.6721687244068747,-inf,0.00028444445,0.24551065,1.0,1.0,0.0
Astrocyte,Oligodendrocyte,MSMP,CCR2,0.12968315,1.0,0.016816797,-0.48949452938644666,-inf,0.00054443994,0.17711471,1.0,1.0,0.15270975,1.0,0.02328903,-0.6721687244068747,-inf,0.00028444445,0.24551065,1.0,1.0,0.0
Astrocyte,Oligodendrocyte,NPY,NPY5R,0.12968315,1.0,0.016816797,-0.48949452938644666,-inf,0.00054443994,0.17711471,1.0,1.0,0.15270975,1.0,0.02328903,-0.6721687244068747,-inf,0.00028444445,0.24551065,1.0,1.0,0.0
Astrocyte,Oligodendrocyte,NTS,NTSR2,0.12968315,1.0,0.016816797,-0.48949452938644666,-inf,0.00054443994,0.17711471,1.0,1.0,0.15270975,1.0,0.02328903,-0.6721687244068747,-inf,0.00028444445,0.24551065,1.0,1.0,0.0
Astrocyte,Oligodendrocyte,PENK,OPRL1,0.12968315,1.0,0.016816797,-0.48949452938644666,-inf,0.00054443994,0.17711471,1.0,1.0,0.15270975,1.0,0.02328903,-0.6721687244068747,-inf,0.00028444445,0.24551065,1.0,1.0,0.0
Astrocyte,Oligodendrocyte,PF4,ACKR1,0.12968315,1.0,0.016816797,-0.48949452938644666,-inf,0.00054443994,0.17711471,1.0,1.0,0.15270975,1.0,0.02328903,-0.6721687244068747,-inf,0.00028444445,0.24551065,1.0,1.0,0.0
Astrocyte,Oligodendrocyte,PGLYRP1,TREM1,0.12968315,1.0,0.016816797,-0.48949452938644666,-inf,0.00054443994,0.17711471,1.0,1.0,0.15270975,1.0,0.02328903,-0.6721687244068747,-inf,0.00028444445,0.24551065,1.0,1.0,0.0
Astrocyte,Oligodendrocyte,LGALS3,LAG3,0.12968315,1.0,0.016816797,-0.48949452938644666,-inf,0.00054443994,0.17711471,1.0,1.0,0.15270975,1.0,0.02328903,-0.6721687244068747,-inf,0.00028444445,0.24551065,1.0,1.0,0.0
Astrocyte,Pericyte,CCL5,CCR5,0.12968315,1.0,0.016816797,-0.48949452938644666,-inf,0.00054443994,0.17711471,1.0,1.0,0.15270975,1.0,0.02328903,-0.6721687244068747,-inf,0.00028444445,0.24551065,1.0,1.0,0.0
Astrocyte,Pericyte,CCL4,CCR1,0.12968315,1.0,0.016816797,-0.48949452938644666,-inf,0.00054443994,0.17711471,1.0,1.0,0.15270975,1.0,0.02328903,-0.6721687244068747,-inf,0.00028444445,0.24551065,1.0,1.0,0.0
Astrocyte,Pericyte,PPY,NPY5R,0.12968315,1.0,0.016816797,-0.48949452938644666,-inf,0.00054443994,0.17711471,1.0,1.0,0.15270975,1.0,0.02328903,-0.6721687244068747,-inf,0.00028444445,0.24551065,1.0,1.0,0.0
Astrocyte,Pericyte,HDC,HRH3,0.12968315,1.0,0.016816797,-0.48949452938644666,-inf,0.00054443994,0.17711471,1.0,1.0,0.15270975,1.0,0.02328903,-0.6721687244068747,-inf,0.00028444445,0.24551065,1.0,1.0,0.0
Astrocyte,Pericyte,HP,ASGR1,0.12968315,1.0,0.016816797,-0.48949452938644666,-inf,0.00054443994,0.17711471,1.0,1.0,0.15270975,1.0,0.02328903,-0.6721687244068747,-inf,0.00028444445,0.24551065,1.0,1.0,0.0
Astrocyte,Pericyte,HP,CD163,0.12968315,1.0,0.016816797,-0.48949452938644666,-inf,0.00054443994,0.17711471,1.0,1.0,0.15270975,1.0,0.02328903,-0.6721687244068747,-inf,0.00028444445,0.24551065,1.0,1.0,0.0
Astrocyte,Pericyte,HSPA1A,GRIN2D,0.12968315,1.0,0.016816797,-0.48949452938644666,-inf,0.00054443994,0.17711471,1.0,1.0,0.15270975,1.0,0.02328903,-0.6721687244068747,-inf,0.00028444445,0.24551065,1.0,1.0,0.0
Astrocyte,Pericyte,IL34,PTPRZ1,0.12968315,1.0,0.016816797,-0.48949452938644666,-inf,0.00054443994,0.17711471,1.0,1.0,0.15270975,1.0,0.02328903,-0.6721687244068747,-inf,0.00028444445,0.24551065,1.0,1.0,0.0
Astrocyte,Pericyte,IL6,F3,0.12968315,1.0,0.016816797,-0.48949452938644666,-inf,0.00054443994,0.17711471,1.0,1.0,0.15270975,1.0,0.02328903,-0.6721687244068747,-inf,0.00028444445,0.24551065,1.0,1.0,0.0
Astrocyte,Pericyte,IL6,MUSK,0.12968315,1.0,0.016816797,-0.48949452938644666,-inf,0.00054443994,0.17711471,1.0,1.0,0.15270975,1.0,0.02328903,-0.6721687244068747,-inf,0.00028444445,0.24551065,1.0,1.0,0.0
Astrocyte,Pericyte,ITIH2,FCER1A,0.12968315,1.0,0.016816797,-0.48949452938644666,-inf,0.00054443994,0.17711471,1.0,1.0,0.15270975,1.0,0.02328903,-0.6721687244068747,-inf,0.00028444445,0.24551065,1.0,1.0,0.0
Astrocyte,Pericyte,LGALS3,LAG3,0.12968315,1.0,0.016816797,-0.48949452938644666,-inf,0.00054443994,0.17711471,1.0,1.0,0.15270975,1.0,0.02328903,-0.6721687244068747,-inf,0.00028444445,0.24551065,1.0,1.0,0.0
Astrocyte,Pericyte,LPL,GPIHBP1,0.12968315,1.0,0.016816797,-0.48949452938644666,-inf,0.00054443994,0.17711471,1.0,1.0,0.15270975,1.0,0.02328903,-0.6721687244068747,-inf,0.00028444445,0.24551065,1.0,1.0,0.0
Astrocyte,Pericyte,PSAP,GPR37,0.12968315,1.0,0.016816797,-0.48949452938644666,-inf,0.00054443994,0.17711471,1.0,1.0,0.15270975,1.0,0.02328903,-0.6721687244068747,-inf,0.00028444445,0.24551065,1.0,1.0,0.0
Astrocyte,Pericyte,NPY,NPY5R,0.12968315,1.0,0.016816797,-0.48949452938644666,-inf,0.00054443994,0.17711471,1.0,1.0,0.15270975,1.0,0.02328903,-0.6721687244068747,-inf,0.00028444445,0.24551065,1.0,1.0,0.0
Astrocyte,Pericyte,NTS,NTSR2,0.12968315,1.0,0.016816797,-0.48949452938644666,-inf,0.00054443994,0.17711471,1.0,1.0,0.15270975,1.0,0.02328903,-0.6721687244068747,-inf,0.00028444445,0.24551065,1.0,1.0,0.0
Pericyte,Astrocyte,CXCL1,CXCR1,0.12968315,1.0,0.016816797,-0.48949452938644666,-inf,0.00054443994,0.17711471,1.0,1.0,0.15270975,1.0,0.02328903,-0.6721687244068747,-inf,0.00028444445,0.24551065,1.0,1.0,0.0
Pericyte,Astrocyte,CXCL1,CXCR2,0.12968315,1.0,0.016816797,-0.48949452938644666,-inf,0.00054443994,0.17711471,1.0,1.0,0.15270975,1.0,0.02328903,-0.6721687244068747,-inf,0.00028444445,0.24551065,1.0,1.0,0.0
Pericyte,Astrocyte,CXCL10,ACKR1,0.12968315,1.0,0.016816797,-0.48949452938644666,-inf,0.00054443994,0.17711471,1.0,1.0,0.15270975,1.0,0.02328903,-0.6721687244068747,-inf,0.00028444445,0.24551065,1.0,1.0,0.0
Pericyte,Astrocyte,CXCL10,CCR3,0.12968315,1.0,0.016816797,-0.48949452938644666,-inf,0.00054443994,0.17711471,1.0,1.0,0.15270975,1.0,0.02328903,-0.6721687244068747,-inf,0.00028444445,0.24551065,1.0,1.0,0.0
Pericyte,Astrocyte,CXCL12,AVPR1A,0.12968315,1.0,0.016816797,-0.48949452938644666,-inf,0.00054443994,0.17711471,1.0,1.0,0.15270975,1.0,0.02328903,-0.6721687244068747,-inf,0.00028444445,0.24551065,1.0,1.0,0.0
Pericyte,Astrocyte,CXCL2,CXCR1,0.12968315,1.0,0.016816797,-0.48949452938644666,-inf,0.00054443994,0.17711471,1.0,1.0,0.15270975,1.0,0.02328903,-0.6721687244068747,-inf,0.00028444445,0.24551065,1.0,1.0,0.0
Astrocyte,Pericyte,CXCL2,CXCR1,0.12968315,1.0,0.016816797,-0.48949452938644666,-inf,0.00054443994,0.17711471,1.0,1.0,0.15270975,1.0,0.02328903,-0.6721687244068747,-inf,0.00028444445,0.24551065,1.0,1.0,0.0
Astrocyte,Pericyte,CXCL2,CXCR2,0.12968315,1.0,0.016816797,-0.48949452938644666,-inf,0.00054443994,0.17711471,1.0,1.0,0.15270975,1.0,0.02328903,-0.6721687244068747,-inf,0.00028444445,0.24551065,1.0,1.0,0.0
Astrocyte,Pericyte,CXCL2,XCR1,0.12968315,1.0,0.016816797,-0.48949452938644666,-inf,0.00054443994,0.17711471,1.0,1.0,0.15270975,1.0,0.02328903,-0.6721687244068747,-inf,0.00028444445,0.24551065,1.0,1.0,0.0
Astrocyte,Pericyte,CXCL3,ACKR1,0.12968315,1.0,0.016816797,-0.48949452938644666,-inf,0.00054443994,0.17711471,1.0,1.0,0.15270975,1.0,0.02328903,-0.6721687244068747,-inf,0.00028444445,0.24551065,1.0,1.0,0.0
Astrocyte,Pericyte,CXCL3,CXCR1,0.12968315,1.0,0.016816797,-0.48949452938644666,-inf,0.00054443994,0.17711471,1.0,1.0,0.15270975,1.0,0.02328903,-0.6721687244068747,-inf,0.00028444445,0.24551065,1.0,1.0,0.0
Astrocyte,Pericyte,CXCL3,CXCR2,0.12968315,1.0,0.016816797,-0.48949452938644666,-inf,0.00054443994,0.17711471,1.0,1.0,0.15270975,1.0,0.02328903,-0.6721687244068747,-inf,0.00028444445,0.24551065,1.0,1.0,0.0
Astrocyte,Pericyte,CXCL5,ACKR1,0.12968315,1.0,0.016816797,-0.48949452938644666,-inf,0.00054443994,0.17711471,1.0,1.0,0.15270975,1.0,0.02328903,-0.6721687244068747,-inf,0.00028444445,0.24551065,1.0,1.0,0.0
Astrocyte,Pericyte,CXCL5,CXCR1,0.12968315,1.0,0.016816797,-0.48949452938644666,-inf,0.00054443994,0.17711471,1.0,1.0,0.15270975,1.0,0.02328903,-0.6721687244068747,-inf,0.00028444445,0.24551065,1.0,1.0,0.0
Astrocyte,Pericyte,CXCL5,CXCR2,0.12968315,1.0,0.016816797,-0.48949452938644666,-inf,0.00054443994,0.17711471,1.0,1.0,0.15270975,1.0,0.02328903,-0.6721687244068747,-inf,0.00028444445,0.24551065,1.0,1.0,0.0
Astrocyte,Pericyte,CXCL9,ACKR1,0.12968315,1.0,0.016816797,-0.48949452938644666,-inf,0.00054443994,0.17711471,1.0,1.0,0.15270975,1.0,0.02328903,-0.6721687244068747,-inf,0.00028444445,0.24551065,1.0,1.0,0.0
Astrocyte,Pericyte,CXCL2,ACKR1,0.12968315,1.0,0.016816797,-0.48949452938644666,-inf,0.00054443994,0.17711471,1.0,1.0,0.15270975,1.0,0.02328903,-0.6721687244068747,-inf,0.00028444445,0.24551065,1.0,1.0,0.0
Astrocyte,Pericyte,CXCL9,CCR3,0.12968315,1.0,0.016816797,-0.48949452938644666,-inf,0.00054443994,0.17711471,1.0,1.0,0.15270975,1.0,0.02328903,-0.6721687244068747,-inf,0.00028444445,0.24551065,1.0,1.0,0.0
Astrocyte,Pericyte,EDN1,ADGRL4,0.12968315,1.0,0.016816797,-0.48949452938644666,-inf,0.00054443994,0.17711471,1.0,1.0,0.15270975,1.0,0.02328903,-0.6721687244068747,-inf,0.00028444445,0.24551065,1.0,1.0,0.0
Astrocyte,Pericyte,EDN1,EDNRB,0.12968315,1.0,0.016816797,-0.48949452938644666,-inf,0.00054443994,0.17711471,1.0,1.0,0.15270975,1.0,0.02328903,-0.6721687244068747,-inf,0.00028444445,0.24551065,1.0,1.0,0.0
Astrocyte,Pericyte,F10,F3,0.12968315,1.0,0.016816797,-0.48949452938644666,-inf,0.00054443994,0.17711471,1.0,1.0,0.15270975,1.0,0.02328903,-0.6721687244068747,-inf,0.00028444445,0.24551065,1.0,1.0,0.0
Astrocyte,Pericyte,FGL1,LAG3,0.12968315,1.0,0.016816797,-0.48949452938644666,-inf,0.00054443994,0.17711471,1.0,1.0,0.15270975,1.0,0.02328903,-0.6721687244068747,-inf,0.00028444445,0.24551065,1.0,1.0,0.0
Astrocyte,Pericyte,CXCL1,ACKR1,0.12968315,1.0,0.016816797,-0.48949452938644666,-inf,0.00054443994,0.17711471,1.0,1.0,0.15270975,1.0,0.02328903,-0.6721687244068747,-inf,0.00028444445,0.24551065,1.0,1.0,0.0
Astrocyte,Pericyte,CSF3,CSF1R,0.12968315,1.0,0.016816797,-0.48949452938644666,-inf,0.00054443994,0.17711471,1.0,1.0,0.15270975,1.0,0.02328903,-0.6721687244068747,-inf,0.00028444445,0.24551065,1.0,1.0,0.0
Astrocyte,Pericyte,CSF2,CSF1R,0.12968315,1.0,0.016816797,-0.48949452938644666,-inf,0.00054443994,0.17711471,1.0,1.0,0.15270975,1.0,0.02328903,-0.6721687244068747,-inf,0.00028444445,0.24551065,1.0,1.0,0.0
Astrocyte,Pericyte,COL3A1,MAG,0.12968315,1.0,0.016816797,-0.48949452938644666,-inf,0.00054443994,0.17711471,1.0,1.0,0.15270975,1.0,0.02328903,-0.6721687244068747,-inf,0.00028444445,0.24551065,1.0,1.0,0.0
Astrocyte,Pericyte,CCL4,CCR5,0.12968315,1.0,0.016816797,-0.48949452938644666,-inf,0.00054443994,0.17711471,1.0,1.0,0.15270975,1.0,0.02328903,-0.6721687244068747,-inf,0.00028444445,0.24551065,1.0,1.0,0.0
Oligodendrocyte,Oligodendrocyte,CXCL1,ACKR1,0.12968315,1.0,0.016816797,-0.48949452938644666,-inf,0.00054443994,0.17711471,1.0,1.0,0.15270975,1.0,0.02328903,-0.6721687244068747,-inf,0.00028444445,0.24551065,1.0,1.0,0.0
Astrocyte,Oligodendrocyte,LPL,GPIHBP1,0.12968315,1.0,0.016816797,-0.48949452938644666,-inf,0.00054443994,0.17711471,1.0,1.0,0.15270975,1.0,0.02328903,-0.6721687244068747,-inf,0.00028444445,0.24551065,1.0,1.0,0.0
Pericyte,Astrocyte,CCL11,CCR3,0.12968315,1.0,0.016816797,-0.48949452938644666,-inf,0.00054443994,0.17711471,1.0,1.0,0.15270975,1.0,0.02328903,-0.6721687244068747,-inf,0.00028444445,0.24551065,1.0,1.0,0.0
Pericyte,Astrocyte,IL6,F3,0.12968315,1.0,0.016816797,-0.48949452938644666,-inf,0.00054443994,0.17711471,1.0,1.0,0.15270975,1.0,0.02328903,-0.6721687244068747,-inf,0.00028444445,0.24551065,1.0,1.0,0.0
Pericyte,Astrocyte,PPY,NPY5R,0.12968315,1.0,0.016816797,-0.48949452938644666,-inf,0.00054443994,0.17711471,1.0,1.0,0.15270975,1.0,0.02328903,-0.6721687244068747,-inf,0.00028444445,0.24551065,1.0,1.0,0.0
Pericyte,Astrocyte,CXCL10,SDC4,0.12968315,1.0,0.016816797,-0.48949452938644666,-inf,0.00054443994,0.17711471,1.0,1.0,0.15270975,1.0,0.02328903,-0.6721687244068747,-inf,0.00028444445,0.24551065,1.0,1.0,0.0
Pericyte,Astrocyte,LPL,GPIHBP1,0.12968315,1.0,0.016816797,-0.48949452938644666,-inf,0.00054443994,0.17711471,1.0,1.0,0.15270975,1.0,0.02328903,-0.6721687244068747,-inf,0.00028444445,0.24551065,1.0,1.0,0.0
Pericyte,Astrocyte,ITIH2,FCER1A,0.12968315,1.0,0.016816797,-0.48949452938644666,-inf,0.00054443994,0.17711471,1.0,1.0,0.15270975,1.0,0.02328903,-0.6721687244068747,-inf,0.00028444445,0.24551065,1.0,1.0,0.0
Pericyte,Astrocyte,B2M,KLRC2,0.12968315,1.0,0.016816797,-0.48949452938644666,-inf,0.00054443994,0.17711471,1.0,1.0,0.15270975,1.0,0.02328903,-0.6721687244068747,-inf,0.00028444445,0.24551065,1.0,1.0,0.0
Pericyte,Astrocyte,BMP8A,TGFBR1,0.12968315,1.0,0.016816797,-0.48949452938644666,-inf,0.00054443994,0.17711471,1.0,1.0,0.15270975,1.0,0.02328903,-0.6721687244068747,-inf,0.00028444445,0.24551065,1.0,1.0,0.0
Pericyte,Astrocyte,CALCA,GPR84,0.12968315,1.0,0.016816797,-0.48949452938644666,-inf,0.00054443994,0.17711471,1.0,1.0,0.15270975,1.0,0.02328903,-0.6721687244068747,-inf,0.00028444445,0.24551065,1.0,1.0,0.0
Pericyte,Astrocyte,CALCB,GPR84,0.12968315,1.0,0.016816797,-0.48949452938644666,-inf,0.00054443994,0.17711471,1.0,1.0,0.15270975,1.0,0.02328903,-0.6721687244068747,-inf,0.00028444445,0.24551065,1.0,1.0,0.0
Pericyte,Astrocyte,CALCB,RAMP1,0.12968315,1.0,0.016816797,-0.48949452938644666,-inf,0.00054443994,0.17711471,1.0,1.0,0.15270975,1.0,0.02328903,-0.6721687244068747,-inf,0.00028444445,0.24551065,1.0,1.0,0.0
Pericyte,Astrocyte,CALCB,RAMP2,0.12968315,1.0,0.016816797,-0.48949452938644666,-inf,0.00054443994,0.17711471,1.0,1.0,0.15270975,1.0,0.02328903,-0.6721687244068747,-inf,0.00028444445,0.24551065,1.0,1.0,0.0
Pericyte,Astrocyte,CAMP,FPR2,0.12968315,1.0,0.016816797,-0.48949452938644666,-inf,0.00054443994,0.17711471,1.0,1.0,0.15270975,1.0,0.02328903,-0.6721687244068747,-inf,0.00028444445,0.24551065,1.0,1.0,0.0
Pericyte,Astrocyte,CAMP,IGF1R,0.12968315,1.0,0.016816797,-0.48949452938644666,-inf,0.00054443994,0.17711471,1.0,1.0,0.15270975,1.0,0.02328903,-0.6721687244068747,-inf,0.00028444445,0.24551065,1.0,1.0,0.0
Pericyte,Astrocyte,CCL1,ACKR1,0.12968315,1.0,0.016816797,-0.48949452938644666,-inf,0.00054443994,0.17711471,1.0,1.0,0.15270975,1.0,0.02328903,-0.6721687244068747,-inf,0.00028444445,0.24551065,1.0,1.0,0.0
Pericyte,Astrocyte,CCL11,ACKR1,0.12968315,1.0,0.016816797,-0.48949452938644666,-inf,0.00054443994,0.17711471,1.0,1.0,0.15270975,1.0,0.02328903,-0.6721687244068747,-inf,0.00028444445,0.24551065,1.0,1.0,0.0
Pericyte,Astrocyte,LGALS3,LAG3,0.12968315,1.0,0.016816797,-0.48949452938644666,-inf,0.00054443994,0.17711471,1.0,1.0,0.15270975,1.0,0.02328903,-0.6721687244068747,-inf,0.00028444445,0.24551065,1.0,1.0,0.0
Pericyte,Astrocyte,CCL11,CCR2,0.12968315,1.0,0.016816797,-0.48949452938644666,-inf,0.00054443994,0.17711471,1.0,1.0,0.15270975,1.0,0.02328903,-0.6721687244068747,-inf,0.00028444445,0.24551065,1.0,1.0,0.0
Pericyte,Astrocyte,B2M,KLRD1,0.12968315,1.0,0.016816797,-0.48949452938644666,-inf,0.00054443994,0.17711471,1.0,1.0,0.15270975,1.0,0.02328903,-0.6721687244068747,-inf,0.00028444445,0.24551065,1.0,1.0,0.0
Pericyte,Astrocyte,CGA,RAMP2,0.12968315,1.0,0.016816797,-0.48949452938644666,-inf,0.00054443994,0.17711471,1.0,1.0,0.15270975,1.0,0.02328903,-0.6721687244068747,-inf,0.00028444445,0.24551065,1.0,1.0,0.0
Pericyte,Astrocyte,CSF3,CSF1R,0.12968315,1.0,0.016816797,-0.48949452938644666,-inf,0.00054443994,0.17711471,1.0,1.0,0.15270975,1.0,0.02328903,-0.6721687244068747,-inf,0.00028444445,0.24551065,1.0,1.0,0.0
Pericyte,Astrocyte,HDC,HRH3,0.12968315,1.0,0.016816797,-0.48949452938644666,-inf,0.00054443994,0.17711471,1.0,1.0,0.15270975,1.0,0.02328903,-0.6721687244068747,-inf,0.00028444445,0.24551065,1.0,1.0,0.0
Pericyte,Astrocyte,HP,ASGR1,0.12968315,1.0,0.016816797,-0.48949452938644666,-inf,0.00054443994,0.17711471,1.0,1.0,0.15270975,1.0,0.02328903,-0.6721687244068747,-inf,0.00028444445,0.24551065,1.0,1.0,0.0
Pericyte,Astrocyte,HP,CD163,0.12968315,1.0,0.016816797,-0.48949452938644666,-inf,0.00054443994,0.17711471,1.0,1.0,0.15270975,1.0,0.02328903,-0.6721687244068747,-inf,0.00028444445,0.24551065,1.0,1.0,0.0
Pericyte,Astrocyte,HSPA1A,GRIN2D,0.12968315,1.0,0.016816797,-0.48949452938644666,-inf,0.00054443994,0.17711471,1.0,1.0,0.15270975,1.0,0.02328903,-0.6721687244068747,-inf,0.00028444445,0.24551065,1.0,1.0,0.0
Pericyte,Astrocyte,IL6,MUSK,0.12968315,1.0,0.016816797,-0.48949452938644666,-inf,0.00054443994,0.17711471,1.0,1.0,0.15270975,1.0,0.02328903,-0.6721687244068747,-inf,0.00028444445,0.24551065,1.0,1.0,0.0
Astrocyte,Pericyte,CYTL1,CCR2,0.12968315,1.0,0.016816797,-0.48949452938644666,-inf,0.00054443994,0.17711471,1.0,1.0,0.15270975,1.0,0.02328903,-0.6721687244068747,-inf,0.00028444445,0.24551065,1.0,1.0,0.0
Astrocyte,Oligodendrocyte,GAST,CCKBR,0.12968315,1.0,0.016816797,-0.48949452938644666,-inf,0.00054443994,0.17711471,1.0,1.0,0.15270975,1.0,0.02328903,-0.6721687244068747,-inf,0.00028444445,0.24551065,1.0,1.0,0.0
Astrocyte,Pericyte,CCL3,CCR5,0.12968315,1.0,0.016816797,-0.48949452938644666,-inf,0.00054443994,0.17711471,1.0,1.0,0.15270975,1.0,0.02328903,-0.6721687244068747,-inf,0.00028444445,0.24551065,1.0,1.0,0.0
Pericyte,Endothelial,CAMP,FPR2,0.12968315,1.0,0.016816797,-0.48949452938644666,-inf,0.00054443994,0.17711471,1.0,1.0,0.15270975,1.0,0.02328903,-0.6721687244068747,-inf,0.00028444445,0.24551065,1.0,1.0,0.0
Pericyte,Endothelial,CAMP,IGF1R,0.12968315,1.0,0.016816797,-0.48949452938644666,-inf,0.00054443994,0.17711471,1.0,1.0,0.15270975,1.0,0.02328903,-0.6721687244068747,-inf,0.00028444445,0.24551065,1.0,1.0,0.0
Pericyte,Endothelial,CCL28,CCR3,0.12968315,1.0,0.016816797,-0.48949452938644666,-inf,0.00054443994,0.17711471,1.0,1.0,0.15270975,1.0,0.02328903,-0.6721687244068747,-inf,0.00028444445,0.24551065,1.0,1.0,0.0
Pericyte,Endothelial,CCL1,ACKR1,0.12968315,1.0,0.016816797,-0.48949452938644666,-inf,0.00054443994,0.17711471,1.0,1.0,0.15270975,1.0,0.02328903,-0.6721687244068747,-inf,0.00028444445,0.24551065,1.0,1.0,0.0
Pericyte,Endothelial,CCL11,CCR2,0.12968315,1.0,0.016816797,-0.48949452938644666,-inf,0.00054443994,0.17711471,1.0,1.0,0.15270975,1.0,0.02328903,-0.6721687244068747,-inf,0.00028444445,0.24551065,1.0,1.0,0.0
Pericyte,Endothelial,CCL11,CCR3,0.12968315,1.0,0.016816797,-0.48949452938644666,-inf,0.00054443994,0.17711471,1.0,1.0,0.15270975,1.0,0.02328903,-0.6721687244068747,-inf,0.00028444445,0.24551065,1.0,1.0,0.0
Pericyte,Endothelial,CCL11,CCR5,0.12968315,1.0,0.016816797,-0.48949452938644666,-inf,0.00054443994,0.17711471,1.0,1.0,0.15270975,1.0,0.02328903,-0.6721687244068747,-inf,0.00028444445,0.24551065,1.0,1.0,0.0
Pericyte,Endothelial,CCL17,ACKR1,0.12968315,1.0,0.016816797,-0.48949452938644666,-inf,0.00054443994,0.17711471,1.0,1.0,0.15270975,1.0,0.02328903,-0.6721687244068747,-inf,0.00028444445,0.24551065,1.0,1.0,0.0
Pericyte,Endothelial,CCL19,CCR7,0.12968315,1.0,0.016816797,-0.48949452938644666,-inf,0.00054443994,0.17711471,1.0,1.0,0.15270975,1.0,0.02328903,-0.6721687244068747,-inf,0.00028444445,0.24551065,1.0,1.0,0.0
Pericyte,Endothelial,CCL2,CCR1,0.12968315,1.0,0.016816797,-0.48949452938644666,-inf,0.00054443994,0.17711471,1.0,1.0,0.15270975,1.0,0.02328903,-0.6721687244068747,-inf,0.00028444445,0.24551065,1.0,1.0,0.0
Pericyte,Endothelial,CALCB,RAMP2,0.12968315,1.0,0.016816797,-0.48949452938644666,-inf,0.00054443994,0.17711471,1.0,1.0,0.15270975,1.0,0.02328903,-0.6721687244068747,-inf,0.00028444445,0.24551065,1.0,1.0,0.0
Pericyte,Endothelial,CCL2,CCR2,0.12968315,1.0,0.016816797,-0.48949452938644666,-inf,0.00054443994,0.17711471,1.0,1.0,0.15270975,1.0,0.02328903,-0.6721687244068747,-inf,0.00028444445,0.24551065,1.0,1.0,0.0
Pericyte,Endothelial,CCL2,CCR5,0.12968315,1.0,0.016816797,-0.48949452938644666,-inf,0.00054443994,0.17711471,1.0,1.0,0.15270975,1.0,0.02328903,-0.6721687244068747,-inf,0.00028444445,0.24551065,1.0,1.0,0.0
Pericyte,Endothelial,CCL24,CCR2,0.12968315,1.0,0.016816797,-0.48949452938644666,-inf,0.00054443994,0.17711471,1.0,1.0,0.15270975,1.0,0.02328903,-0.6721687244068747,-inf,0.00028444445,0.24551065,1.0,1.0,0.0
Pericyte,Endothelial,CCL11,ACKR1,0.12968315,1.0,0.016816797,-0.48949452938644666,-inf,0.00054443994,0.17711471,1.0,1.0,0.15270975,1.0,0.02328903,-0.6721687244068747,-inf,0.00028444445,0.24551065,1.0,1.0,0.0
Pericyte,Astrocyte,APP,FPR2,0.12968315,1.0,0.016816797,-0.48949452938644666,-inf,0.00054443994,0.17711471,1.0,1.0,0.15270975,1.0,0.02328903,-0.6721687244068747,-inf,0.00028444445,0.24551065,1.0,1.0,0.0
Pericyte,Astrocyte,B2M,KLRC1,0.12968315,1.0,0.016816797,-0.48949452938644666,-inf,0.00054443994,0.17711471,1.0,1.0,0.15270975,1.0,0.02328903,-0.6721687244068747,-inf,0.00028444445,0.24551065,1.0,1.0,0.0
Pericyte,Astrocyte,CGA,GPR84,0.12968315,1.0,0.016816797,-0.48949452938644666,-inf,0.00054443994,0.17711471,1.0,1.0,0.15270975,1.0,0.02328903,-0.6721687244068747,-inf,0.00028444445,0.24551065,1.0,1.0,0.0
Astrocyte,Pericyte,SAA1,FPR2,0.12968315,1.0,0.016816797,-0.48949452938644666,-inf,0.00054443994,0.17711471,1.0,1.0,0.15270975,1.0,0.02328903,-0.6721687244068747,-inf,0.00028444445,0.24551065,1.0,1.0,0.0
Astrocyte,Pericyte,SCT,GPR84,0.12968315,1.0,0.016816797,-0.48949452938644666,-inf,0.00054443994,0.17711471,1.0,1.0,0.15270975,1.0,0.02328903,-0.6721687244068747,-inf,0.00028444445,0.24551065,1.0,1.0,0.0
Astrocyte,Pericyte,SCT,RAMP2,0.12968315,1.0,0.016816797,-0.48949452938644666,-inf,0.00054443994,0.17711471,1.0,1.0,0.15270975,1.0,0.02328903,-0.6721687244068747,-inf,0.00028444445,0.24551065,1.0,1.0,0.0
Astrocyte,Pericyte,SELPLG,SELL,0.12968315,1.0,0.016816797,-0.48949452938644666,-inf,0.00054443994,0.17711471,1.0,1.0,0.15270975,1.0,0.02328903,-0.6721687244068747,-inf,0.00028444445,0.24551065,1.0,1.0,0.0
Pericyte,Endothelial,CCL2,CCR3,0.12968315,1.0,0.016816797,-0.48949452938644666,-inf,0.00054443994,0.17711471,1.0,1.0,0.15270975,1.0,0.02328903,-0.6721687244068747,-inf,0.00028444445,0.24551065,1.0,1.0,0.0
Oligodendrocyte,Pericyte,SNCA,LAG3,0.12968315,1.0,0.016816797,-0.48949452938644666,-inf,0.00054443994,0.17711471,1.0,1.0,0.15270975,1.0,0.02328903,-0.6721687244068747,-inf,0.00028444445,0.24551065,1.0,1.0,0.0
Pericyte,Endothelial,HSPA1A,GRIN2D,0.12968315,1.0,0.016816797,-0.48949452938644666,-inf,0.00054443994,0.17711471,1.0,1.0,0.15270975,1.0,0.02328903,-0.6721687244068747,-inf,0.00028444445,0.24551065,1.0,1.0,0.0
Oligodendrocyte,Oligodendrocyte,RLN3,GPR84,0.12968315,1.0,0.016816797,-0.48949452938644666,-inf,0.00054443994,0.17711471,1.0,1.0,0.15270975,1.0,0.02328903,-0.6721687244068747,-inf,0.00028444445,0.24551065,1.0,1.0,0.0
Pericyte,Endothelial,CCL4,CCR1,0.12968315,1.0,0.016816797,-0.48949452938644666,-inf,0.00054443994,0.17711471,1.0,1.0,0.15270975,1.0,0.02328903,-0.6721687244068747,-inf,0.00028444445,0.24551065,1.0,1.0,0.0
Pericyte,Endothelial,CCL4,CCR3,0.12968315,1.0,0.016816797,-0.48949452938644666,-inf,0.00054443994,0.17711471,1.0,1.0,0.15270975,1.0,0.02328903,-0.6721687244068747,-inf,0.00028444445,0.24551065,1.0,1.0,0.0
Pericyte,Endothelial,CCL4,CCR5,0.12968315,1.0,0.016816797,-0.48949452938644666,-inf,0.00054443994,0.17711471,1.0,1.0,0.15270975,1.0,0.02328903,-0.6721687244068747,-inf,0.00028444445,0.24551065,1.0,1.0,0.0
Pericyte,Endothelial,CALCB,RAMP1,0.12968315,1.0,0.016816797,-0.48949452938644666,-inf,0.00054443994,0.17711471,1.0,1.0,0.15270975,1.0,0.02328903,-0.6721687244068747,-inf,0.00028444445,0.24551065,1.0,1.0,0.0
Pericyte,Endothelial,CCL4,GPR152,0.12968315,1.0,0.016816797,-0.48949452938644666,-inf,0.00054443994,0.17711471,1.0,1.0,0.15270975,1.0,0.02328903,-0.6721687244068747,-inf,0.00028444445,0.24551065,1.0,1.0,0.0
Pericyte,Endothelial,CALCB,GPR84,0.12968315,1.0,0.016816797,-0.48949452938644666,-inf,0.00054443994,0.17711471,1.0,1.0,0.15270975,1.0,0.02328903,-0.6721687244068747,-inf,0.00028444445,0.24551065,1.0,1.0,0.0
Pericyte,Endothelial,BMP8A,TGFBR1,0.12968315,1.0,0.016816797,-0.48949452938644666,-inf,0.00054443994,0.17711471,1.0,1.0,0.15270975,1.0,0.02328903,-0.6721687244068747,-inf,0.00028444445,0.24551065,1.0,1.0,0.0
Pericyte,Astrocyte,S100A4,CCR5,0.12968315,1.0,0.016816797,-0.48949452938644666,-inf,0.00054443994,0.17711471,1.0,1.0,0.15270975,1.0,0.02328903,-0.6721687244068747,-inf,0.00028444445,0.24551065,1.0,1.0,0.0
Pericyte,Astrocyte,SAA1,FPR1,0.12968315,1.0,0.016816797,-0.48949452938644666,-inf,0.00054443994,0.17711471,1.0,1.0,0.15270975,1.0,0.02328903,-0.6721687244068747,-inf,0.00028444445,0.24551065,1.0,1.0,0.0
Pericyte,Endothelial,CCL3,CCR3,0.12968315,1.0,0.016816797,-0.48949452938644666,-inf,0.00054443994,0.17711471,1.0,1.0,0.15270975,1.0,0.02328903,-0.6721687244068747,-inf,0.00028444445,0.24551065,1.0,1.0,0.0
Pericyte,Astrocyte,SAA1,FPR2,0.12968315,1.0,0.016816797,-0.48949452938644666,-inf,0.00054443994,0.17711471,1.0,1.0,0.15270975,1.0,0.02328903,-0.6721687244068747,-inf,0.00028444445,0.24551065,1.0,1.0,0.0
Pericyte,Astrocyte,SCT,GPR84,0.12968315,1.0,0.016816797,-0.48949452938644666,-inf,0.00054443994,0.17711471,1.0,1.0,0.15270975,1.0,0.02328903,-0.6721687244068747,-inf,0.00028444445,0.24551065,1.0,1.0,0.0
Pericyte,Astrocyte,SCT,RAMP2,0.12968315,1.0,0.016816797,-0.48949452938644666,-inf,0.00054443994,0.17711471,1.0,1.0,0.15270975,1.0,0.02328903,-0.6721687244068747,-inf,0.00028444445,0.24551065,1.0,1.0,0.0
Pericyte,Astrocyte,SNCA,LAG3,0.12968315,1.0,0.016816797,-0.48949452938644666,-inf,0.00054443994,0.17711471,1.0,1.0,0.15270975,1.0,0.02328903,-0.6721687244068747,-inf,0.00028444445,0.24551065,1.0,1.0,0.0
Pericyte,Astrocyte,TDGF1,ACVR1C,0.12968315,1.0,0.016816797,-0.48949452938644666,-inf,0.00054443994,0.17711471,1.0,1.0,0.15270975,1.0,0.02328903,-0.6721687244068747,-inf,0.00028444445,0.24551065,1.0,1.0,0.0
Pericyte,Astrocyte,TNF,FAS,0.12968315,1.0,0.016816797,-0.48949452938644666,-inf,0.00054443994,0.17711471,1.0,1.0,0.15270975,1.0,0.02328903,-0.6721687244068747,-inf,0.00028444445,0.24551065,1.0,1.0,0.0
Pericyte,Astrocyte,TNF,VSIR,0.12968315,1.0,0.016816797,-0.48949452938644666,-inf,0.00054443994,0.17711471,1.0,1.0,0.15270975,1.0,0.02328903,-0.6721687244068747,-inf,0.00028444445,0.24551065,1.0,1.0,0.0
Pericyte,Astrocyte,XCL1,XCR1,0.12968315,1.0,0.016816797,-0.48949452938644666,-inf,0.00054443994,0.17711471,1.0,1.0,0.15270975,1.0,0.02328903,-0.6721687244068747,-inf,0.00028444445,0.24551065,1.0,1.0,0.0
Pericyte,Endothelial,ADM,GPR84,0.12968315,1.0,0.016816797,-0.48949452938644666,-inf,0.00054443994,0.17711471,1.0,1.0,0.15270975,1.0,0.02328903,-0.6721687244068747,-inf,0.00028444445,0.24551065,1.0,1.0,0.0
Pericyte,Endothelial,ANGPTL4,GPIHBP1,0.12968315,1.0,0.016816797,-0.48949452938644666,-inf,0.00054443994,0.17711471,1.0,1.0,0.15270975,1.0,0.02328903,-0.6721687244068747,-inf,0.00028444445,0.24551065,1.0,1.0,0.0
Pericyte,Endothelial,CCL3,CCR1,0.12968315,1.0,0.016816797,-0.48949452938644666,-inf,0.00054443994,0.17711471,1.0,1.0,0.15270975,1.0,0.02328903,-0.6721687244068747,-inf,0.00028444445,0.24551065,1.0,1.0,0.0
Pericyte,Endothelial,CCL24,CCR3,0.12968315,1.0,0.016816797,-0.48949452938644666,-inf,0.00054443994,0.17711471,1.0,1.0,0.15270975,1.0,0.02328903,-0.6721687244068747,-inf,0.00028444445,0.24551065,1.0,1.0,0.0
Oligodendrocyte,Oligodendrocyte,SNCA,LAG3,0.12968315,1.0,0.016816797,-0.48949452938644666,-inf,0.00054443994,0.17711471,1.0,1.0,0.15270975,1.0,0.02328903,-0.6721687244068747,-inf,0.00028444445,0.24551065,1.0,1.0,0.0
Astrocyte,Pericyte,SNCA,LAG3,0.12968315,1.0,0.016816797,-0.48949452938644666,-inf,0.00054443994,0.17711471,1.0,1.0,0.15270975,1.0,0.02328903,-0.6721687244068747,-inf,0.00028444445,0.24551065,1.0,1.0,0.0
Astrocyte,Pericyte,RIMS1,SLC17A7,0.12968315,1.0,0.016816797,-0.48949452938644666,-inf,0.00054443994,0.17711471,1.0,1.0,0.15270975,1.0,0.02328903,-0.6721687244068747,-inf,0.00028444445,0.24551065,1.0,1.0,0.0
Astrocyte,Pericyte,TIMP1,CD63,0.12968315,1.0,0.016816797,-0.48949452938644666,-inf,0.00054443994,0.17711471,1.0,1.0,0.15270975,1.0,0.02328903,-0.6721687244068747,-inf,0.00028444445,0.24551065,1.0,1.0,0.0
Astrocyte,Pericyte,VWF,SIRPA,0.12968315,1.0,0.016816797,-0.48949452938644666,-inf,0.00054443994,0.17711471,1.0,1.0,0.15270975,1.0,0.02328903,-0.6721687244068747,-inf,0.00028444445,0.24551065,1.0,1.0,0.0
Astrocyte,Pericyte,CD40LG,CD53,0.12968315,1.0,0.016816797,-0.48949452938644666,-inf,0.00054443994,0.17711471,1.0,1.0,0.15270975,1.0,0.02328903,-0.6721687244068747,-inf,0.00028444445,0.24551065,1.0,1.0,0.0
Astrocyte,Pericyte,CD40LG,CD9,0.12968315,1.0,0.016816797,-0.48949452938644666,-inf,0.00054443994,0.17711471,1.0,1.0,0.15270975,1.0,0.02328903,-0.6721687244068747,-inf,0.00028444445,0.24551065,1.0,1.0,0.0
Astrocyte,Pericyte,CFP,NCR1,0.12968315,1.0,0.016816797,-0.48949452938644666,-inf,0.00054443994,0.17711471,1.0,1.0,0.15270975,1.0,0.02328903,-0.6721687244068747,-inf,0.00028444445,0.24551065,1.0,1.0,0.0
Astrocyte,Pericyte,CGA,GPR84,0.12968315,1.0,0.016816797,-0.48949452938644666,-inf,0.00054443994,0.17711471,1.0,1.0,0.15270975,1.0,0.02328903,-0.6721687244068747,-inf,0.00028444445,0.24551065,1.0,1.0,0.0
Astrocyte,Pericyte,CGA,RAMP2,0.12968315,1.0,0.016816797,-0.48949452938644666,-inf,0.00054443994,0.17711471,1.0,1.0,0.15270975,1.0,0.02328903,-0.6721687244068747,-inf,0.00028444445,0.24551065,1.0,1.0,0.0
Astrocyte,Pericyte,CCL8,ACKR1,0.12968315,1.0,0.016816797,-0.48949452938644666,-inf,0.00054443994,0.17711471,1.0,1.0,0.15270975,1.0,0.02328903,-0.6721687244068747,-inf,0.00028444445,0.24551065,1.0,1.0,0.0
Astrocyte,Pericyte,FN1,MAG,0.12968315,1.0,0.016816797,-0.48949452938644666,-inf,0.00054443994,0.17711471,1.0,1.0,0.15270975,1.0,0.02328903,-0.6721687244068747,-inf,0.00028444445,0.24551065,1.0,1.0,0.0
Astrocyte,Pericyte,GAST,CCKBR,0.12968315,1.0,0.016816797,-0.48949452938644666,-inf,0.00054443994,0.17711471,1.0,1.0,0.15270975,1.0,0.02328903,-0.6721687244068747,-inf,0.00028444445,0.24551065,1.0,1.0,0.0
Astrocyte,Pericyte,GAST,GPR152,0.12968315,1.0,0.016816797,-0.48949452938644666,-inf,0.00054443994,0.17711471,1.0,1.0,0.15270975,1.0,0.02328903,-0.6721687244068747,-inf,0.00028444445,0.24551065,1.0,1.0,0.0
Astrocyte,Pericyte,CD177,PECAM1,0.12968315,1.0,0.016816797,-0.48949452938644666,-inf,0.00054443994,0.17711471,1.0,1.0,0.15270975,1.0,0.02328903,-0.6721687244068747,-inf,0.00028444445,0.24551065,1.0,1.0,0.0
Astrocyte,Pericyte,PTN,PTPRZ1,0.12968315,1.0,0.016816797,-0.48949452938644666,-inf,0.00054443994,0.17711471,1.0,1.0,0.15270975,1.0,0.02328903,-0.6721687244068747,-inf,0.00028444445,0.24551065,1.0,1.0,0.0
Astrocyte,Pericyte,PROK2,PROKR1,0.12968315,1.0,0.016816797,-0.48949452938644666,-inf,0.00054443994,0.17711471,1.0,1.0,0.15270975,1.0,0.02328903,-0.6721687244068747,-inf,0.00028444445,0.24551065,1.0,1.0,0.0
Astrocyte,Pericyte,GZMA,F2RL1,0.12968315,1.0,0.016816797,-0.48949452938644666,-inf,0.00054443994,0.17711471,1.0,1.0,0.15270975,1.0,0.02328903,-0.6721687244068747,-inf,0.00028444445,0.24551065,1.0,1.0,0.0
Astrocyte,Pericyte,CCL3,CCR3,0.12968315,1.0,0.016816797,-0.48949452938644666,-inf,0.00054443994,0.17711471,1.0,1.0,0.15270975,1.0,0.02328903,-0.6721687244068747,-inf,0.00028444445,0.24551065,1.0,1.0,0.0
Astrocyte,Oligodendrocyte,GAST,GPR152,0.12968315,1.0,0.016816797,-0.48949452938644666,-inf,0.00054443994,0.17711471,1.0,1.0,0.15270975,1.0,0.02328903,-0.6721687244068747,-inf,0.00028444445,0.24551065,1.0,1.0,0.0
Astrocyte,Oligodendrocyte,GZMA,F2RL1,0.12968315,1.0,0.016816797,-0.48949452938644666,-inf,0.00054443994,0.17711471,1.0,1.0,0.15270975,1.0,0.02328903,-0.6721687244068747,-inf,0.00028444445,0.24551065,1.0,1.0,0.0
Astrocyte,Oligodendrocyte,HDC,HRH3,0.12968315,1.0,0.016816797,-0.48949452938644666,-inf,0.00054443994,0.17711471,1.0,1.0,0.15270975,1.0,0.02328903,-0.6721687244068747,-inf,0.00028444445,0.24551065,1.0,1.0,0.0
Astrocyte,Oligodendrocyte,HP,ASGR1,0.12968315,1.0,0.016816797,-0.48949452938644666,-inf,0.00054443994,0.17711471,1.0,1.0,0.15270975,1.0,0.02328903,-0.6721687244068747,-inf,0.00028444445,0.24551065,1.0,1.0,0.0
Astrocyte,Oligodendrocyte,HP,CD163,0.12968315,1.0,0.016816797,-0.48949452938644666,-inf,0.00054443994,0.17711471,1.0,1.0,0.15270975,1.0,0.02328903,-0.6721687244068747,-inf,0.00028444445,0.24551065,1.0,1.0,0.0
Astrocyte,Oligodendrocyte,HSPA1A,GRIN2D,0.12968315,1.0,0.016816797,-0.48949452938644666,-inf,0.00054443994,0.17711471,1.0,1.0,0.15270975,1.0,0.02328903,-0.6721687244068747,-inf,0.00028444445,0.24551065,1.0,1.0,0.0
Astrocyte,Oligodendrocyte,IL34,PTPRZ1,0.12968315,1.0,0.016816797,-0.48949452938644666,-inf,0.00054443994,0.17711471,1.0,1.0,0.15270975,1.0,0.02328903,-0.6721687244068747,-inf,0.00028444445,0.24551065,1.0,1.0,0.0
Astrocyte,Oligodendrocyte,IL6,F3,0.12968315,1.0,0.016816797,-0.48949452938644666,-inf,0.00054443994,0.17711471,1.0,1.0,0.15270975,1.0,0.02328903,-0.6721687244068747,-inf,0.00028444445,0.24551065,1.0,1.0,0.0
Astrocyte,Oligodendrocyte,IL6,MUSK,0.12968315,1.0,0.016816797,-0.48949452938644666,-inf,0.00054443994,0.17711471,1.0,1.0,0.15270975,1.0,0.02328903,-0.6721687244068747,-inf,0.00028444445,0.24551065,1.0,1.0,0.0
Astrocyte,Pericyte,CD34,SELL,0.12968315,1.0,0.016816797,-0.48949452938644666,-inf,0.00054443994,0.17711471,1.0,1.0,0.15270975,1.0,0.02328903,-0.6721687244068747,-inf,0.00028444445,0.24551065,1.0,1.0,0.0
Astrocyte,Oligodendrocyte,ITIH2,FCER1A,0.12968315,1.0,0.016816797,-0.48949452938644666,-inf,0.00054443994,0.17711471,1.0,1.0,0.15270975,1.0,0.02328903,-0.6721687244068747,-inf,0.00028444445,0.24551065,1.0,1.0,0.0
Astrocyte,Pericyte,CCL8,CCR5,0.12968315,1.0,0.016816797,-0.48949452938644666,-inf,0.00054443994,0.17711471,1.0,1.0,0.15270975,1.0,0.02328903,-0.6721687244068747,-inf,0.00028444445,0.24551065,1.0,1.0,0.0
Astrocyte,Pericyte,CCL8,CCR3,0.12968315,1.0,0.016816797,-0.48949452938644666,-inf,0.00054443994,0.17711471,1.0,1.0,0.15270975,1.0,0.02328903,-0.6721687244068747,-inf,0.00028444445,0.24551065,1.0,1.0,0.0
Astrocyte,Pericyte,XCL1,XCR1,0.12968315,1.0,0.016816797,-0.48949452938644666,-inf,0.00054443994,0.17711471,1.0,1.0,0.15270975,1.0,0.02328903,-0.6721687244068747,-inf,0.00028444445,0.24551065,1.0,1.0,0.0
Endothelial,Astrocyte,ANGPTL4,GPIHBP1,0.12968315,1.0,0.016816797,-0.48949452938644666,-inf,0.00054443994,0.17711471,1.0,1.0,0.15270975,1.0,0.02328903,-0.6721687244068747,-inf,0.00028444445,0.24551065,1.0,1.0,0.0
Endothelial,Astrocyte,ANXA1,FPR1,0.12968315,1.0,0.016816797,-0.48949452938644666,-inf,0.00054443994,0.17711471,1.0,1.0,0.15270975,1.0,0.02328903,-0.6721687244068747,-inf,0.00028444445,0.24551065,1.0,1.0,0.0
Endothelial,Astrocyte,APOB,LSR,0.12968315,1.0,0.016816797,-0.48949452938644666,-inf,0.00054443994,0.17711471,1.0,1.0,0.15270975,1.0,0.02328903,-0.6721687244068747,-inf,0.00028444445,0.24551065,1.0,1.0,0.0
Endothelial,Astrocyte,APOB,TREM2,0.12968315,1.0,0.016816797,-0.48949452938644666,-inf,0.00054443994,0.17711471,1.0,1.0,0.15270975,1.0,0.02328903,-0.6721687244068747,-inf,0.00028444445,0.24551065,1.0,1.0,0.0
Endothelial,Astrocyte,APP,FPR2,0.12968315,1.0,0.016816797,-0.48949452938644666,-inf,0.00054443994,0.17711471,1.0,1.0,0.15270975,1.0,0.02328903,-0.6721687244068747,-inf,0.00028444445,0.24551065,1.0,1.0,0.0
Endothelial,Astrocyte,B2M,KLRC1,0.12968315,1.0,0.016816797,-0.48949452938644666,-inf,0.00054443994,0.17711471,1.0,1.0,0.15270975,1.0,0.02328903,-0.6721687244068747,-inf,0.00028444445,0.24551065,1.0,1.0,0.0
Endothelial,Astrocyte,B2M,KLRC2,0.12968315,1.0,0.016816797,-0.48949452938644666,-inf,0.00054443994,0.17711471,1.0,1.0,0.15270975,1.0,0.02328903,-0.6721687244068747,-inf,0.00028444445,0.24551065,1.0,1.0,0.0
Endothelial,Astrocyte,B2M,KLRD1,0.12968315,1.0,0.016816797,-0.48949452938644666,-inf,0.00054443994,0.17711471,1.0,1.0,0.15270975,1.0,0.02328903,-0.6721687244068747,-inf,0.00028444445,0.24551065,1.0,1.0,0.0
Astrocyte,Pericyte,TDGF1,ACVR1C,0.12968315,1.0,0.016816797,-0.48949452938644666,-inf,0.00054443994,0.17711471,1.0,1.0,0.15270975,1.0,0.02328903,-0.6721687244068747,-inf,0.00028444445,0.24551065,1.0,1.0,0.0
Astrocyte,Pericyte,SAA1,FPR1,0.12968315,1.0,0.016816797,-0.48949452938644666,-inf,0.00054443994,0.17711471,1.0,1.0,0.15270975,1.0,0.02328903,-0.6721687244068747,-inf,0.00028444445,0.24551065,1.0,1.0,0.0
Astrocyte,Pericyte,S100A4,CCR5,0.12968315,1.0,0.016816797,-0.48949452938644666,-inf,0.00054443994,0.17711471,1.0,1.0,0.15270975,1.0,0.02328903,-0.6721687244068747,-inf,0.00028444445,0.24551065,1.0,1.0,0.0
Astrocyte,Pericyte,RLN3,RAMP2,0.12968315,1.0,0.016816797,-0.48949452938644666,-inf,0.00054443994,0.17711471,1.0,1.0,0.15270975,1.0,0.02328903,-0.6721687244068747,-inf,0.00028444445,0.24551065,1.0,1.0,0.0
Astrocyte,Pericyte,RLN3,GPR84,0.12968315,1.0,0.016816797,-0.48949452938644666,-inf,0.00054443994,0.17711471,1.0,1.0,0.15270975,1.0,0.02328903,-0.6721687244068747,-inf,0.00028444445,0.24551065,1.0,1.0,0.0
Astrocyte,Pericyte,CCL5,SDC4,0.12968315,1.0,0.016816797,-0.48949452938644666,-inf,0.00054443994,0.17711471,1.0,1.0,0.15270975,1.0,0.02328903,-0.6721687244068747,-inf,0.00028444445,0.24551065,1.0,1.0,0.0
Astrocyte,Pericyte,CCL7,ACKR1,0.12968315,1.0,0.016816797,-0.48949452938644666,-inf,0.00054443994,0.17711471,1.0,1.0,0.15270975,1.0,0.02328903,-0.6721687244068747,-inf,0.00028444445,0.24551065,1.0,1.0,0.0
Astrocyte,Pericyte,CCL7,CCR1,0.12968315,1.0,0.016816797,-0.48949452938644666,-inf,0.00054443994,0.17711471,1.0,1.0,0.15270975,1.0,0.02328903,-0.6721687244068747,-inf,0.00028444445,0.24551065,1.0,1.0,0.0
Astrocyte,Pericyte,CCL7,CCR2,0.12968315,1.0,0.016816797,-0.48949452938644666,-inf,0.00054443994,0.17711471,1.0,1.0,0.15270975,1.0,0.02328903,-0.6721687244068747,-inf,0.00028444445,0.24551065,1.0,1.0,0.0
Astrocyte,Pericyte,CCL7,CCR3,0.12968315,1.0,0.016816797,-0.48949452938644666,-inf,0.00054443994,0.17711471,1.0,1.0,0.15270975,1.0,0.02328903,-0.6721687244068747,-inf,0.00028444445,0.24551065,1.0,1.0,0.0
Astrocyte,Pericyte,FN1,CD79A,0.12968315,1.0,0.016816797,-0.48949452938644666,-inf,0.00054443994,0.17711471,1.0,1.0,0.15270975,1.0,0.02328903,-0.6721687244068747,-inf,0.00028444445,0.24551065,1.0,1.0,0.0
Astrocyte,Pericyte,CCL7,CCR5,0.12968315,1.0,0.016816797,-0.48949452938644666,-inf,0.00054443994,0.17711471,1.0,1.0,0.15270975,1.0,0.02328903,-0.6721687244068747,-inf,0.00028444445,0.24551065,1.0,1.0,0.0
Astrocyte,Pericyte,CCL8,CCR1,0.12968315,1.0,0.016816797,-0.48949452938644666,-inf,0.00054443994,0.17711471,1.0,1.0,0.15270975,1.0,0.02328903,-0.6721687244068747,-inf,0.00028444445,0.24551065,1.0,1.0,0.0
Astrocyte,Pericyte,CCL8,CCR2,0.12968315,1.0,0.016816797,-0.48949452938644666,-inf,0.00054443994,0.17711471,1.0,1.0,0.15270975,1.0,0.02328903,-0.6721687244068747,-inf,0.00028444445,0.24551065,1.0,1.0,0.0
Astrocyte,Pericyte,CCL4,CCR3,0.12968315,1.0,0.016816797,-0.48949452938644666,-inf,0.00054443994,0.17711471,1.0,1.0,0.15270975,1.0,0.02328903,-0.6721687244068747,-inf,0.00028444445,0.24551065,1.0,1.0,0.0
Endothelial,Oligodendrocyte,BMP8A,TGFBR1,0.12968315,1.0,0.016816797,-0.48949452938644666,-inf,0.00054443994,0.17711471,1.0,1.0,0.15270975,1.0,0.02328903,-0.6721687244068747,-inf,0.00028444445,0.24551065,1.0,1.0,0.0
Microglia,Oligodendrocyte,APOB,TREM2,0.12968315,1.0,0.016816797,-0.48949452938644666,-inf,0.00054443994,0.17711471,1.0,1.0,0.15270975,1.0,0.02328903,-0.6721687244068747,-inf,0.00028444445,0.24551065,1.0,1.0,0.0
Endothelial,Microglia,MFGE8,PDGFRB,0.12968315,1.0,0.016816797,-0.48949452938644666,-inf,0.00054443994,0.17711471,1.0,1.0,0.15270975,1.0,0.02328903,-0.6721687244068747,-inf,0.00028444445,0.24551065,1.0,1.0,0.0
Endothelial,Endothelial,PPBP,ACKR1,0.12968315,1.0,0.016816797,-0.48949452938644666,-inf,0.00054443994,0.17711471,1.0,1.0,0.15270975,1.0,0.02328903,-0.6721687244068747,-inf,0.00028444445,0.24551065,1.0,1.0,0.0
Endothelial,Endothelial,MFGE8,PDGFRB,0.12968315,1.0,0.016816797,-0.48949452938644666,-inf,0.00054443994,0.17711471,1.0,1.0,0.15270975,1.0,0.02328903,-0.6721687244068747,-inf,0.00028444445,0.24551065,1.0,1.0,0.0
Endothelial,Endothelial,ANXA1,FPR1,0.12968315,1.0,0.016816797,-0.48949452938644666,-inf,0.00054443994,0.17711471,1.0,1.0,0.15270975,1.0,0.02328903,-0.6721687244068747,-inf,0.00028444445,0.24551065,1.0,1.0,0.0
Endothelial,Endothelial,FN1,MAG,0.12968315,1.0,0.016816797,-0.48949452938644666,-inf,0.00054443994,0.17711471,1.0,1.0,0.15270975,1.0,0.02328903,-0.6721687244068747,-inf,0.00028444445,0.24551065,1.0,1.0,0.0
Endothelial,Endothelial,FGL1,LAG3,0.12968315,1.0,0.016816797,-0.48949452938644666,-inf,0.00054443994,0.17711471,1.0,1.0,0.15270975,1.0,0.02328903,-0.6721687244068747,-inf,0.00028444445,0.24551065,1.0,1.0,0.0
Endothelial,Endothelial,COL3A1,MAG,0.12968315,1.0,0.016816797,-0.48949452938644666,-inf,0.00054443994,0.17711471,1.0,1.0,0.15270975,1.0,0.02328903,-0.6721687244068747,-inf,0.00028444445,0.24551065,1.0,1.0,0.0
Endothelial,Endothelial,CSF2,CSF1R,0.12968315,1.0,0.016816797,-0.48949452938644666,-inf,0.00054443994,0.17711471,1.0,1.0,0.15270975,1.0,0.02328903,-0.6721687244068747,-inf,0.00028444445,0.24551065,1.0,1.0,0.0
Endothelial,Endothelial,CSF3,CSF1R,0.12968315,1.0,0.016816797,-0.48949452938644666,-inf,0.00054443994,0.17711471,1.0,1.0,0.15270975,1.0,0.02328903,-0.6721687244068747,-inf,0.00028444445,0.24551065,1.0,1.0,0.0
Endothelial,Endothelial,CXCL10,CCR3,0.12968315,1.0,0.016816797,-0.48949452938644666,-inf,0.00054443994,0.17711471,1.0,1.0,0.15270975,1.0,0.02328903,-0.6721687244068747,-inf,0.00028444445,0.24551065,1.0,1.0,0.0
Endothelial,Endothelial,CXCL1,ACKR1,0.12968315,1.0,0.016816797,-0.48949452938644666,-inf,0.00054443994,0.17711471,1.0,1.0,0.15270975,1.0,0.02328903,-0.6721687244068747,-inf,0.00028444445,0.24551065,1.0,1.0,0.0
Endothelial,Endothelial,CXCL1,CXCR2,0.12968315,1.0,0.016816797,-0.48949452938644666,-inf,0.00054443994,0.17711471,1.0,1.0,0.15270975,1.0,0.02328903,-0.6721687244068747,-inf,0.00028444445,0.24551065,1.0,1.0,0.0
Endothelial,Endothelial,PPBP,CXCR1,0.12968315,1.0,0.016816797,-0.48949452938644666,-inf,0.00054443994,0.17711471,1.0,1.0,0.15270975,1.0,0.02328903,-0.6721687244068747,-inf,0.00028444445,0.24551065,1.0,1.0,0.0
Endothelial,Astrocyte,CD40LG,CD9,0.12968315,1.0,0.016816797,-0.48949452938644666,-inf,0.00054443994,0.17711471,1.0,1.0,0.15270975,1.0,0.02328903,-0.6721687244068747,-inf,0.00028444445,0.24551065,1.0,1.0,0.0
Endothelial,Endothelial,CCL7,CCR5,0.12968315,1.0,0.016816797,-0.48949452938644666,-inf,0.00054443994,0.17711471,1.0,1.0,0.15270975,1.0,0.02328903,-0.6721687244068747,-inf,0.00028444445,0.24551065,1.0,1.0,0.0
Endothelial,Endothelial,CCL7,CCR2,0.12968315,1.0,0.016816797,-0.48949452938644666,-inf,0.00054443994,0.17711471,1.0,1.0,0.15270975,1.0,0.02328903,-0.6721687244068747,-inf,0.00028444445,0.24551065,1.0,1.0,0.0
Astrocyte,Oligodendrocyte,EDN1,EDNRB,0.12968315,1.0,0.016816797,-0.48949452938644666,-inf,0.00054443994,0.17711471,1.0,1.0,0.15270975,1.0,0.02328903,-0.6721687244068747,-inf,0.00028444445,0.24551065,1.0,1.0,0.0
Astrocyte,Oligodendrocyte,CXCL2,XCR1,0.12968315,1.0,0.016816797,-0.48949452938644666,-inf,0.00054443994,0.17711471,1.0,1.0,0.15270975,1.0,0.02328903,-0.6721687244068747,-inf,0.00028444445,0.24551065,1.0,1.0,0.0
Endothelial,Astrocyte,BMP8A,TGFBR1,0.12968315,1.0,0.016816797,-0.48949452938644666,-inf,0.00054443994,0.17711471,1.0,1.0,0.15270975,1.0,0.02328903,-0.6721687244068747,-inf,0.00028444445,0.24551065,1.0,1.0,0.0
Endothelial,Endothelial,CXCL1,CXCR1,0.12968315,1.0,0.016816797,-0.48949452938644666,-inf,0.00054443994,0.17711471,1.0,1.0,0.15270975,1.0,0.02328903,-0.6721687244068747,-inf,0.00028444445,0.24551065,1.0,1.0,0.0
Endothelial,Endothelial,PNOC,OPRL1,0.12968315,1.0,0.016816797,-0.48949452938644666,-inf,0.00054443994,0.17711471,1.0,1.0,0.15270975,1.0,0.02328903,-0.6721687244068747,-inf,0.00028444445,0.24551065,1.0,1.0,0.0
Endothelial,Endothelial,PGLYRP1,TREM1,0.12968315,1.0,0.016816797,-0.48949452938644666,-inf,0.00054443994,0.17711471,1.0,1.0,0.15270975,1.0,0.02328903,-0.6721687244068747,-inf,0.00028444445,0.24551065,1.0,1.0,0.0
Endothelial,Endothelial,PF4,ACKR1,0.12968315,1.0,0.016816797,-0.48949452938644666,-inf,0.00054443994,0.17711471,1.0,1.0,0.15270975,1.0,0.02328903,-0.6721687244068747,-inf,0.00028444445,0.24551065,1.0,1.0,0.0
Endothelial,Endothelial,EDN1,EDNRB,0.12968315,1.0,0.016816797,-0.48949452938644666,-inf,0.00054443994,0.17711471,1.0,1.0,0.15270975,1.0,0.02328903,-0.6721687244068747,-inf,0.00028444445,0.24551065,1.0,1.0,0.0
Endothelial,Endothelial,F10,F3,0.12968315,1.0,0.016816797,-0.48949452938644666,-inf,0.00054443994,0.17711471,1.0,1.0,0.15270975,1.0,0.02328903,-0.6721687244068747,-inf,0.00028444445,0.24551065,1.0,1.0,0.0
Endothelial,Endothelial,CXCL2,XCR1,0.12968315,1.0,0.016816797,-0.48949452938644666,-inf,0.00054443994,0.17711471,1.0,1.0,0.15270975,1.0,0.02328903,-0.6721687244068747,-inf,0.00028444445,0.24551065,1.0,1.0,0.0
Endothelial,Endothelial,ANGPTL4,GPIHBP1,0.12968315,1.0,0.016816797,-0.48949452938644666,-inf,0.00054443994,0.17711471,1.0,1.0,0.15270975,1.0,0.02328903,-0.6721687244068747,-inf,0.00028444445,0.24551065,1.0,1.0,0.0
Endothelial,Endothelial,ADM,RAMP1,0.12968315,1.0,0.016816797,-0.48949452938644666,-inf,0.00054443994,0.17711471,1.0,1.0,0.15270975,1.0,0.02328903,-0.6721687244068747,-inf,0.00028444445,0.24551065,1.0,1.0,0.0
Endothelial,Endothelial,ADM,GPR84,0.12968315,1.0,0.016816797,-0.48949452938644666,-inf,0.00054443994,0.17711471,1.0,1.0,0.15270975,1.0,0.02328903,-0.6721687244068747,-inf,0.00028444445,0.24551065,1.0,1.0,0.0
Endothelial,Astrocyte,CCL8,CCR3,0.12968315,1.0,0.016816797,-0.48949452938644666,-inf,0.00054443994,0.17711471,1.0,1.0,0.15270975,1.0,0.02328903,-0.6721687244068747,-inf,0.00028444445,0.24551065,1.0,1.0,0.0
Endothelial,Astrocyte,CCL8,CCR5,0.12968315,1.0,0.016816797,-0.48949452938644666,-inf,0.00054443994,0.17711471,1.0,1.0,0.15270975,1.0,0.02328903,-0.6721687244068747,-inf,0.00028444445,0.24551065,1.0,1.0,0.0
Endothelial,Astrocyte,CD177,PECAM1,0.12968315,1.0,0.016816797,-0.48949452938644666,-inf,0.00054443994,0.17711471,1.0,1.0,0.15270975,1.0,0.02328903,-0.6721687244068747,-inf,0.00028444445,0.24551065,1.0,1.0,0.0
Endothelial,Astrocyte,CD40LG,CD53,0.12968315,1.0,0.016816797,-0.48949452938644666,-inf,0.00054443994,0.17711471,1.0,1.0,0.15270975,1.0,0.02328903,-0.6721687244068747,-inf,0.00028444445,0.24551065,1.0,1.0,0.0
Endothelial,Endothelial,CYTL1,CCR2,0.12968315,1.0,0.016816797,-0.48949452938644666,-inf,0.00054443994,0.17711471,1.0,1.0,0.15270975,1.0,0.02328903,-0.6721687244068747,-inf,0.00028444445,0.24551065,1.0,1.0,0.0
Endothelial,Endothelial,CCL8,ACKR1,0.12968315,1.0,0.016816797,-0.48949452938644666,-inf,0.00054443994,0.17711471,1.0,1.0,0.15270975,1.0,0.02328903,-0.6721687244068747,-inf,0.00028444445,0.24551065,1.0,1.0,0.0
Endothelial,Endothelial,CXCL10,SDC4,0.12968315,1.0,0.016816797,-0.48949452938644666,-inf,0.00054443994,0.17711471,1.0,1.0,0.15270975,1.0,0.02328903,-0.6721687244068747,-inf,0.00028444445,0.24551065,1.0,1.0,0.0
Endothelial,Endothelial,CXCL10,ACKR1,0.12968315,1.0,0.016816797,-0.48949452938644666,-inf,0.00054443994,0.17711471,1.0,1.0,0.15270975,1.0,0.02328903,-0.6721687244068747,-inf,0.00028444445,0.24551065,1.0,1.0,0.0
Endothelial,Endothelial,LPL,GPIHBP1,0.12968315,1.0,0.016816797,-0.48949452938644666,-inf,0.00054443994,0.17711471,1.0,1.0,0.15270975,1.0,0.02328903,-0.6721687244068747,-inf,0.00028444445,0.24551065,1.0,1.0,0.0
Endothelial,Endothelial,MSMP,CCR2,0.12968315,1.0,0.016816797,-0.48949452938644666,-inf,0.00054443994,0.17711471,1.0,1.0,0.15270975,1.0,0.02328903,-0.6721687244068747,-inf,0.00028444445,0.24551065,1.0,1.0,0.0
Endothelial,Endothelial,NPY,NPY5R,0.12968315,1.0,0.016816797,-0.48949452938644666,-inf,0.00054443994,0.17711471,1.0,1.0,0.15270975,1.0,0.02328903,-0.6721687244068747,-inf,0.00028444445,0.24551065,1.0,1.0,0.0
Endothelial,Endothelial,NTS,NTSR2,0.12968315,1.0,0.016816797,-0.48949452938644666,-inf,0.00054443994,0.17711471,1.0,1.0,0.15270975,1.0,0.02328903,-0.6721687244068747,-inf,0.00028444445,0.24551065,1.0,1.0,0.0
Endothelial,Endothelial,PENK,OPRL1,0.12968315,1.0,0.016816797,-0.48949452938644666,-inf,0.00054443994,0.17711471,1.0,1.0,0.15270975,1.0,0.02328903,-0.6721687244068747,-inf,0.00028444445,0.24551065,1.0,1.0,0.0
Astrocyte,Oligodendrocyte,PPY,NPY5R,0.12968315,1.0,0.016816797,-0.48949452938644666,-inf,0.00054443994,0.17711471,1.0,1.0,0.15270975,1.0,0.02328903,-0.6721687244068747,-inf,0.00028444445,0.24551065,1.0,1.0,0.0
Astrocyte,Oligodendrocyte,PTN,PTPRZ1,0.12968315,1.0,0.016816797,-0.48949452938644666,-inf,0.00054443994,0.17711471,1.0,1.0,0.15270975,1.0,0.02328903,-0.6721687244068747,-inf,0.00028444445,0.24551065,1.0,1.0,0.0
Astrocyte,Pericyte,BMP8A,TGFBR1,0.12968315,1.0,0.016816797,-0.48949452938644666,-inf,0.00054443994,0.17711471,1.0,1.0,0.15270975,1.0,0.02328903,-0.6721687244068747,-inf,0.00028444445,0.24551065,1.0,1.0,0.0
Astrocyte,Pericyte,BSG,SLC16A1,0.12968315,1.0,0.016816797,-0.48949452938644666,-inf,0.00054443994,0.17711471,1.0,1.0,0.15270975,1.0,0.02328903,-0.6721687244068747,-inf,0.00028444445,0.24551065,1.0,1.0,0.0
Astrocyte,Oligodendrocyte,CXCL1,ACKR1,0.12968315,1.0,0.016816797,-0.48949452938644666,-inf,0.00054443994,0.17711471,1.0,1.0,0.15270975,1.0,0.02328903,-0.6721687244068747,-inf,0.00028444445,0.24551065,1.0,1.0,0.0
Astrocyte,Oligodendrocyte,CXCL1,CXCR1,0.12968315,1.0,0.016816797,-0.48949452938644666,-inf,0.00054443994,0.17711471,1.0,1.0,0.15270975,1.0,0.02328903,-0.6721687244068747,-inf,0.00028444445,0.24551065,1.0,1.0,0.0
Astrocyte,Oligodendrocyte,CXCL1,CXCR2,0.12968315,1.0,0.016816797,-0.48949452938644666,-inf,0.00054443994,0.17711471,1.0,1.0,0.15270975,1.0,0.02328903,-0.6721687244068747,-inf,0.00028444445,0.24551065,1.0,1.0,0.0
Astrocyte,Oligodendrocyte,CXCL10,ACKR1,0.12968315,1.0,0.016816797,-0.48949452938644666,-inf,0.00054443994,0.17711471,1.0,1.0,0.15270975,1.0,0.02328903,-0.6721687244068747,-inf,0.00028444445,0.24551065,1.0,1.0,0.0
Astrocyte,Oligodendrocyte,CXCL10,CCR3,0.12968315,1.0,0.016816797,-0.48949452938644666,-inf,0.00054443994,0.17711471,1.0,1.0,0.15270975,1.0,0.02328903,-0.6721687244068747,-inf,0.00028444445,0.24551065,1.0,1.0,0.0
Astrocyte,Pericyte,CCL2,CCR1,0.12968315,1.0,0.016816797,-0.48949452938644666,-inf,0.00054443994,0.17711471,1.0,1.0,0.15270975,1.0,0.02328903,-0.6721687244068747,-inf,0.00028444445,0.24551065,1.0,1.0,0.0
Astrocyte,Oligodendrocyte,CXCL10,SDC4,0.12968315,1.0,0.016816797,-0.48949452938644666,-inf,0.00054443994,0.17711471,1.0,1.0,0.15270975,1.0,0.02328903,-0.6721687244068747,-inf,0.00028444445,0.24551065,1.0,1.0,0.0
Astrocyte,Oligodendrocyte,CXCL2,ACKR1,0.12968315,1.0,0.016816797,-0.48949452938644666,-inf,0.00054443994,0.17711471,1.0,1.0,0.15270975,1.0,0.02328903,-0.6721687244068747,-inf,0.00028444445,0.24551065,1.0,1.0,0.0
Astrocyte,Oligodendrocyte,CXCL2,CXCR1,0.12968315,1.0,0.016816797,-0.48949452938644666,-inf,0.00054443994,0.17711471,1.0,1.0,0.15270975,1.0,0.02328903,-0.6721687244068747,-inf,0.00028444445,0.24551065,1.0,1.0,0.0
Astrocyte,Oligodendrocyte,FGL1,LAG3,0.12968315,1.0,0.016816797,-0.48949452938644666,-inf,0.00054443994,0.17711471,1.0,1.0,0.15270975,1.0,0.02328903,-0.6721687244068747,-inf,0.00028444445,0.24551065,1.0,1.0,0.0
Astrocyte,Oligodendrocyte,CXCL2,CXCR2,0.12968315,1.0,0.016816797,-0.48949452938644666,-inf,0.00054443994,0.17711471,1.0,1.0,0.15270975,1.0,0.02328903,-0.6721687244068747,-inf,0.00028444445,0.24551065,1.0,1.0,0.0
Astrocyte,Oligodendrocyte,CXCL3,ACKR1,0.12968315,1.0,0.016816797,-0.48949452938644666,-inf,0.00054443994,0.17711471,1.0,1.0,0.15270975,1.0,0.02328903,-0.6721687244068747,-inf,0.00028444445,0.24551065,1.0,1.0,0.0
Astrocyte,Oligodendrocyte,CXCL3,CXCR1,0.12968315,1.0,0.016816797,-0.48949452938644666,-inf,0.00054443994,0.17711471,1.0,1.0,0.15270975,1.0,0.02328903,-0.6721687244068747,-inf,0.00028444445,0.24551065,1.0,1.0,0.0
Astrocyte,Oligodendrocyte,CXCL3,CXCR2,0.12968315,1.0,0.016816797,-0.48949452938644666,-inf,0.00054443994,0.17711471,1.0,1.0,0.15270975,1.0,0.02328903,-0.6721687244068747,-inf,0.00028444445,0.24551065,1.0,1.0,0.0
Astrocyte,Oligodendrocyte,CXCL5,ACKR1,0.12968315,1.0,0.016816797,-0.48949452938644666,-inf,0.00054443994,0.17711471,1.0,1.0,0.15270975,1.0,0.02328903,-0.6721687244068747,-inf,0.00028444445,0.24551065,1.0,1.0,0.0
Astrocyte,Oligodendrocyte,CXCL5,CXCR1,0.12968315,1.0,0.016816797,-0.48949452938644666,-inf,0.00054443994,0.17711471,1.0,1.0,0.15270975,1.0,0.02328903,-0.6721687244068747,-inf,0.00028444445,0.24551065,1.0,1.0,0.0
Astrocyte,Oligodendrocyte,CXCL5,CXCR2,0.12968315,1.0,0.016816797,-0.48949452938644666,-inf,0.00054443994,0.17711471,1.0,1.0,0.15270975,1.0,0.02328903,-0.6721687244068747,-inf,0.00028444445,0.24551065,1.0,1.0,0.0
Astrocyte,Oligodendrocyte,CXCL12,AVPR1A,0.12968315,1.0,0.016816797,-0.48949452938644666,-inf,0.00054443994,0.17711471,1.0,1.0,0.15270975,1.0,0.02328903,-0.6721687244068747,-inf,0.00028444445,0.24551065,1.0,1.0,0.0
Astrocyte,Pericyte,CCL2,CCR2,0.12968315,1.0,0.016816797,-0.48949452938644666,-inf,0.00054443994,0.17711471,1.0,1.0,0.15270975,1.0,0.02328903,-0.6721687244068747,-inf,0.00028444445,0.24551065,1.0,1.0,0.0
Astrocyte,Oligodendrocyte,CSF3,CSF1R,0.12968315,1.0,0.016816797,-0.48949452938644666,-inf,0.00054443994,0.17711471,1.0,1.0,0.15270975,1.0,0.02328903,-0.6721687244068747,-inf,0.00028444445,0.24551065,1.0,1.0,0.0
Endothelial,Endothelial,CXCL9,CCR3,0.12968315,1.0,0.016816797,-0.48949452938644666,-inf,0.00054443994,0.17711471,1.0,1.0,0.15270975,1.0,0.02328903,-0.6721687244068747,-inf,0.00028444445,0.24551065,1.0,1.0,0.0
Astrocyte,Oligodendrocyte,CSF2,CSF1R,0.12968315,1.0,0.016816797,-0.48949452938644666,-inf,0.00054443994,0.17711471,1.0,1.0,0.15270975,1.0,0.02328903,-0.6721687244068747,-inf,0.00028444445,0.24551065,1.0,1.0,0.0
Astrocyte,Oligodendrocyte,FN1,CD79A,0.12968315,1.0,0.016816797,-0.48949452938644666,-inf,0.00054443994,0.17711471,1.0,1.0,0.15270975,1.0,0.02328903,-0.6721687244068747,-inf,0.00028444445,0.24551065,1.0,1.0,0.0
Astrocyte,Pericyte,CALCA,GPR84,0.12968315,1.0,0.016816797,-0.48949452938644666,-inf,0.00054443994,0.17711471,1.0,1.0,0.15270975,1.0,0.02328903,-0.6721687244068747,-inf,0.00028444445,0.24551065,1.0,1.0,0.0
Astrocyte,Pericyte,CALCB,GPR84,0.12968315,1.0,0.016816797,-0.48949452938644666,-inf,0.00054443994,0.17711471,1.0,1.0,0.15270975,1.0,0.02328903,-0.6721687244068747,-inf,0.00028444445,0.24551065,1.0,1.0,0.0
Astrocyte,Pericyte,CALCB,RAMP1,0.12968315,1.0,0.016816797,-0.48949452938644666,-inf,0.00054443994,0.17711471,1.0,1.0,0.15270975,1.0,0.02328903,-0.6721687244068747,-inf,0.00028444445,0.24551065,1.0,1.0,0.0
Astrocyte,Pericyte,CALCB,RAMP2,0.12968315,1.0,0.016816797,-0.48949452938644666,-inf,0.00054443994,0.17711471,1.0,1.0,0.15270975,1.0,0.02328903,-0.6721687244068747,-inf,0.00028444445,0.24551065,1.0,1.0,0.0
Astrocyte,Pericyte,CAMP,FPR2,0.12968315,1.0,0.016816797,-0.48949452938644666,-inf,0.00054443994,0.17711471,1.0,1.0,0.15270975,1.0,0.02328903,-0.6721687244068747,-inf,0.00028444445,0.24551065,1.0,1.0,0.0
Astrocyte,Pericyte,CAMP,IGF1R,0.12968315,1.0,0.016816797,-0.48949452938644666,-inf,0.00054443994,0.17711471,1.0,1.0,0.15270975,1.0,0.02328903,-0.6721687244068747,-inf,0.00028444445,0.24551065,1.0,1.0,0.0
Astrocyte,Pericyte,CCL1,ACKR1,0.12968315,1.0,0.016816797,-0.48949452938644666,-inf,0.00054443994,0.17711471,1.0,1.0,0.15270975,1.0,0.02328903,-0.6721687244068747,-inf,0.00028444445,0.24551065,1.0,1.0,0.0
Astrocyte,Pericyte,CCL11,ACKR1,0.12968315,1.0,0.016816797,-0.48949452938644666,-inf,0.00054443994,0.17711471,1.0,1.0,0.15270975,1.0,0.02328903,-0.6721687244068747,-inf,0.00028444445,0.24551065,1.0,1.0,0.0
Astrocyte,Pericyte,CCL11,CCR2,0.12968315,1.0,0.016816797,-0.48949452938644666,-inf,0.00054443994,0.17711471,1.0,1.0,0.15270975,1.0,0.02328903,-0.6721687244068747,-inf,0.00028444445,0.24551065,1.0,1.0,0.0
Astrocyte,Pericyte,B2M,KLRD1,0.12968315,1.0,0.016816797,-0.48949452938644666,-inf,0.00054443994,0.17711471,1.0,1.0,0.15270975,1.0,0.02328903,-0.6721687244068747,-inf,0.00028444445,0.24551065,1.0,1.0,0.0
Astrocyte,Pericyte,CCL11,CCR3,0.12968315,1.0,0.016816797,-0.48949452938644666,-inf,0.00054443994,0.17711471,1.0,1.0,0.15270975,1.0,0.02328903,-0.6721687244068747,-inf,0.00028444445,0.24551065,1.0,1.0,0.0
Astrocyte,Pericyte,CCL17,ACKR1,0.12968315,1.0,0.016816797,-0.48949452938644666,-inf,0.00054443994,0.17711471,1.0,1.0,0.15270975,1.0,0.02328903,-0.6721687244068747,-inf,0.00028444445,0.24551065,1.0,1.0,0.0
Astrocyte,Pericyte,CCL19,CCR7,0.12968315,1.0,0.016816797,-0.48949452938644666,-inf,0.00054443994,0.17711471,1.0,1.0,0.15270975,1.0,0.02328903,-0.6721687244068747,-inf,0.00028444445,0.24551065,1.0,1.0,0.0
Astrocyte,Pericyte,CCL2,ACKR1,0.12968315,1.0,0.016816797,-0.48949452938644666,-inf,0.00054443994,0.17711471,1.0,1.0,0.15270975,1.0,0.02328903,-0.6721687244068747,-inf,0.00028444445,0.24551065,1.0,1.0,0.0
Astrocyte,Oligodendrocyte,EDN1,ADGRL4,0.12968315,1.0,0.016816797,-0.48949452938644666,-inf,0.00054443994,0.17711471,1.0,1.0,0.15270975,1.0,0.02328903,-0.6721687244068747,-inf,0.00028444445,0.24551065,1.0,1.0,0.0
Astrocyte,Oligodendrocyte,CYTL1,CCR2,0.12968315,1.0,0.016816797,-0.48949452938644666,-inf,0.00054443994,0.17711471,1.0,1.0,0.15270975,1.0,0.02328903,-0.6721687244068747,-inf,0.00028444445,0.24551065,1.0,1.0,0.0
Astrocyte,Oligodendrocyte,CXCL9,CCR3,0.12968315,1.0,0.016816797,-0.48949452938644666,-inf,0.00054443994,0.17711471,1.0,1.0,0.15270975,1.0,0.02328903,-0.6721687244068747,-inf,0.00028444445,0.24551065,1.0,1.0,0.0
Astrocyte,Oligodendrocyte,CXCL9,ACKR1,0.12968315,1.0,0.016816797,-0.48949452938644666,-inf,0.00054443994,0.17711471,1.0,1.0,0.15270975,1.0,0.02328903,-0.6721687244068747,-inf,0.00028444445,0.24551065,1.0,1.0,0.0
Astrocyte,Oligodendrocyte,PPBP,CXCR2,0.12968315,1.0,0.016816797,-0.48949452938644666,-inf,0.00054443994,0.17711471,1.0,1.0,0.15270975,1.0,0.02328903,-0.6721687244068747,-inf,0.00028444445,0.24551065,1.0,1.0,0.0
Astrocyte,Oligodendrocyte,F10,F3,0.12968315,1.0,0.016816797,-0.48949452938644666,-inf,0.00054443994,0.17711471,1.0,1.0,0.15270975,1.0,0.02328903,-0.6721687244068747,-inf,0.00028444445,0.24551065,1.0,1.0,0.0
Endothelial,Endothelial,CXCL12,AVPR1A,0.12968315,1.0,0.016816797,-0.48949452938644666,-inf,0.00054443994,0.17711471,1.0,1.0,0.15270975,1.0,0.02328903,-0.6721687244068747,-inf,0.00028444445,0.24551065,1.0,1.0,0.0
Endothelial,Endothelial,CXCL9,ACKR1,0.12968315,1.0,0.016816797,-0.48949452938644666,-inf,0.00054443994,0.17711471,1.0,1.0,0.15270975,1.0,0.02328903,-0.6721687244068747,-inf,0.00028444445,0.24551065,1.0,1.0,0.0
Endothelial,Endothelial,CXCL5,CXCR2,0.12968315,1.0,0.016816797,-0.48949452938644666,-inf,0.00054443994,0.17711471,1.0,1.0,0.15270975,1.0,0.02328903,-0.6721687244068747,-inf,0.00028444445,0.24551065,1.0,1.0,0.0
Astrocyte,Endothelial,S100A4,CCR5,0.12968315,1.0,0.016816797,-0.48949452938644666,-inf,0.00054443994,0.17711471,1.0,1.0,0.15270975,1.0,0.02328903,-0.6721687244068747,-inf,0.00028444445,0.24551065,1.0,1.0,0.0
Astrocyte,Endothelial,SAA1,FPR1,0.12968315,1.0,0.016816797,-0.48949452938644666,-inf,0.00054443994,0.17711471,1.0,1.0,0.15270975,1.0,0.02328903,-0.6721687244068747,-inf,0.00028444445,0.24551065,1.0,1.0,0.0
Astrocyte,Endothelial,PPBP,CXCR1,0.12968315,1.0,0.016816797,-0.48949452938644666,-inf,0.00054443994,0.17711471,1.0,1.0,0.15270975,1.0,0.02328903,-0.6721687244068747,-inf,0.00028444445,0.24551065,1.0,1.0,0.0
Astrocyte,Endothelial,CXCL1,CXCR2,0.12968315,1.0,0.016816797,-0.48949452938644666,-inf,0.00054443994,0.17711471,1.0,1.0,0.15270975,1.0,0.02328903,-0.6721687244068747,-inf,0.00028444445,0.24551065,1.0,1.0,0.0
Endothelial,Endothelial,CCL28,CCR3,0.12968315,1.0,0.016816797,-0.48949452938644666,-inf,0.00054443994,0.17711471,1.0,1.0,0.15270975,1.0,0.02328903,-0.6721687244068747,-inf,0.00028444445,0.24551065,1.0,1.0,0.0
Astrocyte,Endothelial,CXCL1,ACKR1,0.12968315,1.0,0.016816797,-0.48949452938644666,-inf,0.00054443994,0.17711471,1.0,1.0,0.15270975,1.0,0.02328903,-0.6721687244068747,-inf,0.00028444445,0.24551065,1.0,1.0,0.0
Endothelial,Endothelial,CCL11,CCR2,0.12968315,1.0,0.016816797,-0.48949452938644666,-inf,0.00054443994,0.17711471,1.0,1.0,0.15270975,1.0,0.02328903,-0.6721687244068747,-inf,0.00028444445,0.24551065,1.0,1.0,0.0
Endothelial,Endothelial,CCL11,CCR3,0.12968315,1.0,0.016816797,-0.48949452938644666,-inf,0.00054443994,0.17711471,1.0,1.0,0.15270975,1.0,0.02328903,-0.6721687244068747,-inf,0.00028444445,0.24551065,1.0,1.0,0.0
Endothelial,Endothelial,CCL11,CCR5,0.12968315,1.0,0.016816797,-0.48949452938644666,-inf,0.00054443994,0.17711471,1.0,1.0,0.15270975,1.0,0.02328903,-0.6721687244068747,-inf,0.00028444445,0.24551065,1.0,1.0,0.0
Endothelial,Endothelial,CCL17,ACKR1,0.12968315,1.0,0.016816797,-0.48949452938644666,-inf,0.00054443994,0.17711471,1.0,1.0,0.15270975,1.0,0.02328903,-0.6721687244068747,-inf,0.00028444445,0.24551065,1.0,1.0,0.0
Endothelial,Endothelial,CCL19,CCR7,0.12968315,1.0,0.016816797,-0.48949452938644666,-inf,0.00054443994,0.17711471,1.0,1.0,0.15270975,1.0,0.02328903,-0.6721687244068747,-inf,0.00028444445,0.24551065,1.0,1.0,0.0
Endothelial,Endothelial,CCL2,CCR1,0.12968315,1.0,0.016816797,-0.48949452938644666,-inf,0.00054443994,0.17711471,1.0,1.0,0.15270975,1.0,0.02328903,-0.6721687244068747,-inf,0.00028444445,0.24551065,1.0,1.0,0.0
Endothelial,Endothelial,CCL2,CCR2,0.12968315,1.0,0.016816797,-0.48949452938644666,-inf,0.00054443994,0.17711471,1.0,1.0,0.15270975,1.0,0.02328903,-0.6721687244068747,-inf,0.00028444445,0.24551065,1.0,1.0,0.0
Endothelial,Endothelial,CCL2,CCR3,0.12968315,1.0,0.016816797,-0.48949452938644666,-inf,0.00054443994,0.17711471,1.0,1.0,0.15270975,1.0,0.02328903,-0.6721687244068747,-inf,0.00028444445,0.24551065,1.0,1.0,0.0
Endothelial,Endothelial,CCL2,CCR5,0.12968315,1.0,0.016816797,-0.48949452938644666,-inf,0.00054443994,0.17711471,1.0,1.0,0.15270975,1.0,0.02328903,-0.6721687244068747,-inf,0.00028444445,0.24551065,1.0,1.0,0.0
Endothelial,Endothelial,CAMP,IGF1R,0.12968315,1.0,0.016816797,-0.48949452938644666,-inf,0.00054443994,0.17711471,1.0,1.0,0.15270975,1.0,0.02328903,-0.6721687244068747,-inf,0.00028444445,0.24551065,1.0,1.0,0.0
Endothelial,Endothelial,CFP,NCR1,0.12968315,1.0,0.016816797,-0.48949452938644666,-inf,0.00054443994,0.17711471,1.0,1.0,0.15270975,1.0,0.02328903,-0.6721687244068747,-inf,0.00028444445,0.24551065,1.0,1.0,0.0
Endothelial,Endothelial,CGA,GPR84,0.12968315,1.0,0.016816797,-0.48949452938644666,-inf,0.00054443994,0.17711471,1.0,1.0,0.15270975,1.0,0.02328903,-0.6721687244068747,-inf,0.00028444445,0.24551065,1.0,1.0,0.0
Endothelial,Endothelial,CGA,RAMP2,0.12968315,1.0,0.016816797,-0.48949452938644666,-inf,0.00054443994,0.17711471,1.0,1.0,0.15270975,1.0,0.02328903,-0.6721687244068747,-inf,0.00028444445,0.24551065,1.0,1.0,0.0
Astrocyte,Endothelial,RLN3,RAMP2,0.12968315,1.0,0.016816797,-0.48949452938644666,-inf,0.00054443994,0.17711471,1.0,1.0,0.15270975,1.0,0.02328903,-0.6721687244068747,-inf,0.00028444445,0.24551065,1.0,1.0,0.0
Endothelial,Endothelial,GAST,GPR152,0.12968315,1.0,0.016816797,-0.48949452938644666,-inf,0.00054443994,0.17711471,1.0,1.0,0.15270975,1.0,0.02328903,-0.6721687244068747,-inf,0.00028444445,0.24551065,1.0,1.0,0.0
Astrocyte,Endothelial,RLN3,GPR84,0.12968315,1.0,0.016816797,-0.48949452938644666,-inf,0.00054443994,0.17711471,1.0,1.0,0.15270975,1.0,0.02328903,-0.6721687244068747,-inf,0.00028444445,0.24551065,1.0,1.0,0.0
Astrocyte,Endothelial,PTN,PTPRZ1,0.12968315,1.0,0.016816797,-0.48949452938644666,-inf,0.00054443994,0.17711471,1.0,1.0,0.15270975,1.0,0.02328903,-0.6721687244068747,-inf,0.00028444445,0.24551065,1.0,1.0,0.0
Astrocyte,Microglia,CXCL2,CXCR1,0.12968315,1.0,0.016816797,-0.48949452938644666,-inf,0.00054443994,0.17711471,1.0,1.0,0.15270975,1.0,0.02328903,-0.6721687244068747,-inf,0.00028444445,0.24551065,1.0,1.0,0.0
Astrocyte,Microglia,CXCL2,CXCR2,0.12968315,1.0,0.016816797,-0.48949452938644666,-inf,0.00054443994,0.17711471,1.0,1.0,0.15270975,1.0,0.02328903,-0.6721687244068747,-inf,0.00028444445,0.24551065,1.0,1.0,0.0
Astrocyte,Microglia,CXCL2,XCR1,0.12968315,1.0,0.016816797,-0.48949452938644666,-inf,0.00054443994,0.17711471,1.0,1.0,0.15270975,1.0,0.02328903,-0.6721687244068747,-inf,0.00028444445,0.24551065,1.0,1.0,0.0
Astrocyte,Microglia,CXCL3,ACKR1,0.12968315,1.0,0.016816797,-0.48949452938644666,-inf,0.00054443994,0.17711471,1.0,1.0,0.15270975,1.0,0.02328903,-0.6721687244068747,-inf,0.00028444445,0.24551065,1.0,1.0,0.0
Astrocyte,Microglia,CXCL1,CXCR1,0.12968315,1.0,0.016816797,-0.48949452938644666,-inf,0.00054443994,0.17711471,1.0,1.0,0.15270975,1.0,0.02328903,-0.6721687244068747,-inf,0.00028444445,0.24551065,1.0,1.0,0.0
Astrocyte,Microglia,CXCL3,CXCR2,0.12968315,1.0,0.016816797,-0.48949452938644666,-inf,0.00054443994,0.17711471,1.0,1.0,0.15270975,1.0,0.02328903,-0.6721687244068747,-inf,0.00028444445,0.24551065,1.0,1.0,0.0
Astrocyte,Endothelial,SCT,GPR84,0.12968315,1.0,0.016816797,-0.48949452938644666,-inf,0.00054443994,0.17711471,1.0,1.0,0.15270975,1.0,0.02328903,-0.6721687244068747,-inf,0.00028444445,0.24551065,1.0,1.0,0.0
Astrocyte,Endothelial,SAA1,FPR2,0.12968315,1.0,0.016816797,-0.48949452938644666,-inf,0.00054443994,0.17711471,1.0,1.0,0.15270975,1.0,0.02328903,-0.6721687244068747,-inf,0.00028444445,0.24551065,1.0,1.0,0.0
Astrocyte,Microglia,CCL11,CCR2,0.12968315,1.0,0.016816797,-0.48949452938644666,-inf,0.00054443994,0.17711471,1.0,1.0,0.15270975,1.0,0.02328903,-0.6721687244068747,-inf,0.00028444445,0.24551065,1.0,1.0,0.0
Astrocyte,Endothelial,SNCA,LAG3,0.12968315,1.0,0.016816797,-0.48949452938644666,-inf,0.00054443994,0.17711471,1.0,1.0,0.15270975,1.0,0.02328903,-0.6721687244068747,-inf,0.00028444445,0.24551065,1.0,1.0,0.0
Astrocyte,Endothelial,NPY,NPY5R,0.12968315,1.0,0.016816797,-0.48949452938644666,-inf,0.00054443994,0.17711471,1.0,1.0,0.15270975,1.0,0.02328903,-0.6721687244068747,-inf,0.00028444445,0.24551065,1.0,1.0,0.0
Astrocyte,Endothelial,NTS,NTSR2,0.12968315,1.0,0.016816797,-0.48949452938644666,-inf,0.00054443994,0.17711471,1.0,1.0,0.15270975,1.0,0.02328903,-0.6721687244068747,-inf,0.00028444445,0.24551065,1.0,1.0,0.0
Astrocyte,Endothelial,PENK,OPRL1,0.12968315,1.0,0.016816797,-0.48949452938644666,-inf,0.00054443994,0.17711471,1.0,1.0,0.15270975,1.0,0.02328903,-0.6721687244068747,-inf,0.00028444445,0.24551065,1.0,1.0,0.0
Astrocyte,Endothelial,PGLYRP1,TREM1,0.12968315,1.0,0.016816797,-0.48949452938644666,-inf,0.00054443994,0.17711471,1.0,1.0,0.15270975,1.0,0.02328903,-0.6721687244068747,-inf,0.00028444445,0.24551065,1.0,1.0,0.0
Astrocyte,Endothelial,PNOC,OPRL1,0.12968315,1.0,0.016816797,-0.48949452938644666,-inf,0.00054443994,0.17711471,1.0,1.0,0.15270975,1.0,0.02328903,-0.6721687244068747,-inf,0.00028444445,0.24551065,1.0,1.0,0.0
Astrocyte,Endothelial,PPBP,ACKR1,0.12968315,1.0,0.016816797,-0.48949452938644666,-inf,0.00054443994,0.17711471,1.0,1.0,0.15270975,1.0,0.02328903,-0.6721687244068747,-inf,0.00028444445,0.24551065,1.0,1.0,0.0
Astrocyte,Endothelial,PPBP,CXCR2,0.12968315,1.0,0.016816797,-0.48949452938644666,-inf,0.00054443994,0.17711471,1.0,1.0,0.15270975,1.0,0.02328903,-0.6721687244068747,-inf,0.00028444445,0.24551065,1.0,1.0,0.0
Astrocyte,Endothelial,PPY,NPY5R,0.12968315,1.0,0.016816797,-0.48949452938644666,-inf,0.00054443994,0.17711471,1.0,1.0,0.15270975,1.0,0.02328903,-0.6721687244068747,-inf,0.00028444445,0.24551065,1.0,1.0,0.0
Astrocyte,Endothelial,PROK2,PROKR1,0.12968315,1.0,0.016816797,-0.48949452938644666,-inf,0.00054443994,0.17711471,1.0,1.0,0.15270975,1.0,0.02328903,-0.6721687244068747,-inf,0.00028444445,0.24551065,1.0,1.0,0.0
Astrocyte,Endothelial,RIMS1,SLC17A7,0.12968315,1.0,0.016816797,-0.48949452938644666,-inf,0.00054443994,0.17711471,1.0,1.0,0.15270975,1.0,0.02328903,-0.6721687244068747,-inf,0.00028444445,0.24551065,1.0,1.0,0.0
Astrocyte,Pericyte,CCL2,CCR3,0.12968315,1.0,0.016816797,-0.48949452938644666,-inf,0.00054443994,0.17711471,1.0,1.0,0.15270975,1.0,0.02328903,-0.6721687244068747,-inf,0.00028444445,0.24551065,1.0,1.0,0.0
Endothelial,Endothelial,GZMA,F2RL1,0.12968315,1.0,0.016816797,-0.48949452938644666,-inf,0.00054443994,0.17711471,1.0,1.0,0.15270975,1.0,0.02328903,-0.6721687244068747,-inf,0.00028444445,0.24551065,1.0,1.0,0.0
Endothelial,Endothelial,HP,ASGR1,0.12968315,1.0,0.016816797,-0.48949452938644666,-inf,0.00054443994,0.17711471,1.0,1.0,0.15270975,1.0,0.02328903,-0.6721687244068747,-inf,0.00028444445,0.24551065,1.0,1.0,0.0
Endothelial,Endothelial,B2M,KLRC2,0.12968315,1.0,0.016816797,-0.48949452938644666,-inf,0.00054443994,0.17711471,1.0,1.0,0.15270975,1.0,0.02328903,-0.6721687244068747,-inf,0.00028444445,0.24551065,1.0,1.0,0.0
Endothelial,Endothelial,B2M,KLRD1,0.12968315,1.0,0.016816797,-0.48949452938644666,-inf,0.00054443994,0.17711471,1.0,1.0,0.15270975,1.0,0.02328903,-0.6721687244068747,-inf,0.00028444445,0.24551065,1.0,1.0,0.0
Endothelial,Endothelial,BMP8A,TGFBR1,0.12968315,1.0,0.016816797,-0.48949452938644666,-inf,0.00054443994,0.17711471,1.0,1.0,0.15270975,1.0,0.02328903,-0.6721687244068747,-inf,0.00028444445,0.24551065,1.0,1.0,0.0
Endothelial,Endothelial,CALCA,GPR84,0.12968315,1.0,0.016816797,-0.48949452938644666,-inf,0.00054443994,0.17711471,1.0,1.0,0.15270975,1.0,0.02328903,-0.6721687244068747,-inf,0.00028444445,0.24551065,1.0,1.0,0.0
Endothelial,Endothelial,CALCB,GPR84,0.12968315,1.0,0.016816797,-0.48949452938644666,-inf,0.00054443994,0.17711471,1.0,1.0,0.15270975,1.0,0.02328903,-0.6721687244068747,-inf,0.00028444445,0.24551065,1.0,1.0,0.0
Endothelial,Endothelial,CALCB,RAMP1,0.12968315,1.0,0.016816797,-0.48949452938644666,-inf,0.00054443994,0.17711471,1.0,1.0,0.15270975,1.0,0.02328903,-0.6721687244068747,-inf,0.00028444445,0.24551065,1.0,1.0,0.0
Endothelial,Endothelial,CALCB,RAMP2,0.12968315,1.0,0.016816797,-0.48949452938644666,-inf,0.00054443994,0.17711471,1.0,1.0,0.15270975,1.0,0.02328903,-0.6721687244068747,-inf,0.00028444445,0.24551065,1.0,1.0,0.0
Endothelial,Endothelial,APOB,LSR,0.12968315,1.0,0.016816797,-0.48949452938644666,-inf,0.00054443994,0.17711471,1.0,1.0,0.15270975,1.0,0.02328903,-0.6721687244068747,-inf,0.00028444445,0.24551065,1.0,1.0,0.0
Endothelial,Endothelial,ITIH2,FCER1A,0.12968315,1.0,0.016816797,-0.48949452938644666,-inf,0.00054443994,0.17711471,1.0,1.0,0.15270975,1.0,0.02328903,-0.6721687244068747,-inf,0.00028444445,0.24551065,1.0,1.0,0.0
Endothelial,Endothelial,LGALS3,LAG3,0.12968315,1.0,0.016816797,-0.48949452938644666,-inf,0.00054443994,0.17711471,1.0,1.0,0.15270975,1.0,0.02328903,-0.6721687244068747,-inf,0.00028444445,0.24551065,1.0,1.0,0.0
Endothelial,Endothelial,GAST,CCKBR,0.12968315,1.0,0.016816797,-0.48949452938644666,-inf,0.00054443994,0.17711471,1.0,1.0,0.15270975,1.0,0.02328903,-0.6721687244068747,-inf,0.00028444445,0.24551065,1.0,1.0,0.0
Endothelial,Endothelial,CXCL2,CXCR1,0.12968315,1.0,0.016816797,-0.48949452938644666,-inf,0.00054443994,0.17711471,1.0,1.0,0.15270975,1.0,0.02328903,-0.6721687244068747,-inf,0.00028444445,0.24551065,1.0,1.0,0.0
Endothelial,Endothelial,FN1,CD79A,0.12968315,1.0,0.016816797,-0.48949452938644666,-inf,0.00054443994,0.17711471,1.0,1.0,0.15270975,1.0,0.02328903,-0.6721687244068747,-inf,0.00028444445,0.24551065,1.0,1.0,0.0
Endothelial,Endothelial,CXCL2,CXCR2,0.12968315,1.0,0.016816797,-0.48949452938644666,-inf,0.00054443994,0.17711471,1.0,1.0,0.15270975,1.0,0.02328903,-0.6721687244068747,-inf,0.00028444445,0.24551065,1.0,1.0,0.0
Endothelial,Endothelial,CXCL3,ACKR1,0.12968315,1.0,0.016816797,-0.48949452938644666,-inf,0.00054443994,0.17711471,1.0,1.0,0.15270975,1.0,0.02328903,-0.6721687244068747,-inf,0.00028444445,0.24551065,1.0,1.0,0.0
Endothelial,Endothelial,CXCL3,CXCR1,0.12968315,1.0,0.016816797,-0.48949452938644666,-inf,0.00054443994,0.17711471,1.0,1.0,0.15270975,1.0,0.02328903,-0.6721687244068747,-inf,0.00028444445,0.24551065,1.0,1.0,0.0
Endothelial,Endothelial,CXCL3,CXCR2,0.12968315,1.0,0.016816797,-0.48949452938644666,-inf,0.00054443994,0.17711471,1.0,1.0,0.15270975,1.0,0.02328903,-0.6721687244068747,-inf,0.00028444445,0.24551065,1.0,1.0,0.0
Endothelial,Endothelial,CXCL5,ACKR1,0.12968315,1.0,0.016816797,-0.48949452938644666,-inf,0.00054443994,0.17711471,1.0,1.0,0.15270975,1.0,0.02328903,-0.6721687244068747,-inf,0.00028444445,0.24551065,1.0,1.0,0.0
Endothelial,Endothelial,CXCL5,CXCR1,0.12968315,1.0,0.016816797,-0.48949452938644666,-inf,0.00054443994,0.17711471,1.0,1.0,0.15270975,1.0,0.02328903,-0.6721687244068747,-inf,0.00028444445,0.24551065,1.0,1.0,0.0
Endothelial,Endothelial,B2M,KLRC1,0.12968315,1.0,0.016816797,-0.48949452938644666,-inf,0.00054443994,0.17711471,1.0,1.0,0.15270975,1.0,0.02328903,-0.6721687244068747,-inf,0.00028444445,0.24551065,1.0,1.0,0.0
Endothelial,Endothelial,HDC,HRH3,0.12968315,1.0,0.016816797,-0.48949452938644666,-inf,0.00054443994,0.17711471,1.0,1.0,0.15270975,1.0,0.02328903,-0.6721687244068747,-inf,0.00028444445,0.24551065,1.0,1.0,0.0
Endothelial,Endothelial,APP,FPR2,0.12968315,1.0,0.016816797,-0.48949452938644666,-inf,0.00054443994,0.17711471,1.0,1.0,0.15270975,1.0,0.02328903,-0.6721687244068747,-inf,0.00028444445,0.24551065,1.0,1.0,0.0
Endothelial,Endothelial,CCL24,CCR2,0.12968315,1.0,0.016816797,-0.48949452938644666,-inf,0.00054443994,0.17711471,1.0,1.0,0.15270975,1.0,0.02328903,-0.6721687244068747,-inf,0.00028444445,0.24551065,1.0,1.0,0.0
Endothelial,Endothelial,HP,CD163,0.12968315,1.0,0.016816797,-0.48949452938644666,-inf,0.00054443994,0.17711471,1.0,1.0,0.15270975,1.0,0.02328903,-0.6721687244068747,-inf,0.00028444445,0.24551065,1.0,1.0,0.0
Endothelial,Endothelial,HSPA1A,GRIN2D,0.12968315,1.0,0.016816797,-0.48949452938644666,-inf,0.00054443994,0.17711471,1.0,1.0,0.15270975,1.0,0.02328903,-0.6721687244068747,-inf,0.00028444445,0.24551065,1.0,1.0,0.0
Endothelial,Endothelial,IL34,PTPRZ1,0.12968315,1.0,0.016816797,-0.48949452938644666,-inf,0.00054443994,0.17711471,1.0,1.0,0.15270975,1.0,0.02328903,-0.6721687244068747,-inf,0.00028444445,0.24551065,1.0,1.0,0.0
Endothelial,Endothelial,IL6,F3,0.12968315,1.0,0.016816797,-0.48949452938644666,-inf,0.00054443994,0.17711471,1.0,1.0,0.15270975,1.0,0.02328903,-0.6721687244068747,-inf,0.00028444445,0.24551065,1.0,1.0,0.0
Endothelial,Endothelial,CCL11,ACKR1,0.12968315,1.0,0.016816797,-0.48949452938644666,-inf,0.00054443994,0.17711471,1.0,1.0,0.15270975,1.0,0.02328903,-0.6721687244068747,-inf,0.00028444445,0.24551065,1.0,1.0,0.0
Endothelial,Endothelial,CCL1,ACKR1,0.12968315,1.0,0.016816797,-0.48949452938644666,-inf,0.00054443994,0.17711471,1.0,1.0,0.15270975,1.0,0.02328903,-0.6721687244068747,-inf,0.00028444445,0.24551065,1.0,1.0,0.0
Endothelial,Endothelial,CAMP,FPR2,0.12968315,1.0,0.016816797,-0.48949452938644666,-inf,0.00054443994,0.17711471,1.0,1.0,0.15270975,1.0,0.02328903,-0.6721687244068747,-inf,0.00028444445,0.24551065,1.0,1.0,0.0
Endothelial,Endothelial,CD40LG,CD9,0.12968315,1.0,0.016816797,-0.48949452938644666,-inf,0.00054443994,0.17711471,1.0,1.0,0.15270975,1.0,0.02328903,-0.6721687244068747,-inf,0.00028444445,0.24551065,1.0,1.0,0.0
Endothelial,Endothelial,CCL8,CCR1,0.12968315,1.0,0.016816797,-0.48949452938644666,-inf,0.00054443994,0.17711471,1.0,1.0,0.15270975,1.0,0.02328903,-0.6721687244068747,-inf,0.00028444445,0.24551065,1.0,1.0,0.0
Endothelial,Endothelial,CCL8,CCR2,0.12968315,1.0,0.016816797,-0.48949452938644666,-inf,0.00054443994,0.17711471,1.0,1.0,0.15270975,1.0,0.02328903,-0.6721687244068747,-inf,0.00028444445,0.24551065,1.0,1.0,0.0
Endothelial,Endothelial,CCL8,CCR3,0.12968315,1.0,0.016816797,-0.48949452938644666,-inf,0.00054443994,0.17711471,1.0,1.0,0.15270975,1.0,0.02328903,-0.6721687244068747,-inf,0.00028444445,0.24551065,1.0,1.0,0.0
Endothelial,Endothelial,CCL8,CCR5,0.12968315,1.0,0.016816797,-0.48949452938644666,-inf,0.00054443994,0.17711471,1.0,1.0,0.15270975,1.0,0.02328903,-0.6721687244068747,-inf,0.00028444445,0.24551065,1.0,1.0,0.0
Endothelial,Endothelial,CD177,PECAM1,0.12968315,1.0,0.016816797,-0.48949452938644666,-inf,0.00054443994,0.17711471,1.0,1.0,0.15270975,1.0,0.02328903,-0.6721687244068747,-inf,0.00028444445,0.24551065,1.0,1.0,0.0
Endothelial,Endothelial,CD34,SELL,0.12968315,1.0,0.016816797,-0.48949452938644666,-inf,0.00054443994,0.17711471,1.0,1.0,0.15270975,1.0,0.02328903,-0.6721687244068747,-inf,0.00028444445,0.24551065,1.0,1.0,0.0
Endothelial,Endothelial,CD40LG,CD53,0.12968315,1.0,0.016816797,-0.48949452938644666,-inf,0.00054443994,0.17711471,1.0,1.0,0.15270975,1.0,0.02328903,-0.6721687244068747,-inf,0.00028444445,0.24551065,1.0,1.0,0.0
Endothelial,Endothelial,CCL3,CCR1,0.12968315,1.0,0.016816797,-0.48949452938644666,-inf,0.00054443994,0.17711471,1.0,1.0,0.15270975,1.0,0.02328903,-0.6721687244068747,-inf,0.00028444445,0.24551065,1.0,1.0,0.0
Microglia,Endothelial,NTS,NTSR2,0.12968315,1.0,0.016816797,-0.48949452938644666,-inf,0.00054443994,0.17711471,1.0,1.0,0.15270975,1.0,0.02328903,-0.6721687244068747,-inf,0.00028444445,0.24551065,1.0,1.0,0.0
Endothelial,Endothelial,CCL24,CCR3,0.12968315,1.0,0.016816797,-0.48949452938644666,-inf,0.00054443994,0.17711471,1.0,1.0,0.15270975,1.0,0.02328903,-0.6721687244068747,-inf,0.00028444445,0.24551065,1.0,1.0,0.0
Endothelial,Endothelial,IL6,MUSK,0.12968315,1.0,0.016816797,-0.48949452938644666,-inf,0.00054443994,0.17711471,1.0,1.0,0.15270975,1.0,0.02328903,-0.6721687244068747,-inf,0.00028444445,0.24551065,1.0,1.0,0.0
Endothelial,Endothelial,APOB,TREM2,0.12968315,1.0,0.016816797,-0.48949452938644666,-inf,0.00054443994,0.17711471,1.0,1.0,0.15270975,1.0,0.02328903,-0.6721687244068747,-inf,0.00028444445,0.24551065,1.0,1.0,0.0
Astrocyte,Pericyte,CCL2,CCR5,0.12968315,1.0,0.016816797,-0.48949452938644666,-inf,0.00054443994,0.17711471,1.0,1.0,0.15270975,1.0,0.02328903,-0.6721687244068747,-inf,0.00028444445,0.24551065,1.0,1.0,0.0
Astrocyte,Pericyte,ADM,RAMP1,0.12968315,1.0,0.016816797,-0.48949452938644666,-inf,0.00054443994,0.17711471,1.0,1.0,0.15270975,1.0,0.02328903,-0.6721687244068747,-inf,0.00028444445,0.24551065,1.0,1.0,0.0
Astrocyte,Pericyte,ADM,RAMP2,0.12968315,1.0,0.016816797,-0.48949452938644666,-inf,0.00054443994,0.17711471,1.0,1.0,0.15270975,1.0,0.02328903,-0.6721687244068747,-inf,0.00028444445,0.24551065,1.0,1.0,0.0
Astrocyte,Endothelial,COL3A1,MAG,0.12968315,1.0,0.016816797,-0.48949452938644666,-inf,0.00054443994,0.17711471,1.0,1.0,0.15270975,1.0,0.02328903,-0.6721687244068747,-inf,0.00028444445,0.24551065,1.0,1.0,0.0
Astrocyte,Endothelial,CSF2,CSF1R,0.12968315,1.0,0.016816797,-0.48949452938644666,-inf,0.00054443994,0.17711471,1.0,1.0,0.15270975,1.0,0.02328903,-0.6721687244068747,-inf,0.00028444445,0.24551065,1.0,1.0,0.0
Astrocyte,Endothelial,CSF3,CSF1R,0.12968315,1.0,0.016816797,-0.48949452938644666,-inf,0.00054443994,0.17711471,1.0,1.0,0.15270975,1.0,0.02328903,-0.6721687244068747,-inf,0.00028444445,0.24551065,1.0,1.0,0.0
Astrocyte,Endothelial,CCL8,CCR5,0.12968315,1.0,0.016816797,-0.48949452938644666,-inf,0.00054443994,0.17711471,1.0,1.0,0.15270975,1.0,0.02328903,-0.6721687244068747,-inf,0.00028444445,0.24551065,1.0,1.0,0.0
Astrocyte,Oligodendrocyte,CFP,NCR1,0.12968315,1.0,0.016816797,-0.48949452938644666,-inf,0.00054443994,0.17711471,1.0,1.0,0.15270975,1.0,0.02328903,-0.6721687244068747,-inf,0.00028444445,0.24551065,1.0,1.0,0.0
Astrocyte,Endothelial,IL34,PTPRZ1,0.12968315,1.0,0.016816797,-0.48949452938644666,-inf,0.00054443994,0.17711471,1.0,1.0,0.15270975,1.0,0.02328903,-0.6721687244068747,-inf,0.00028444445,0.24551065,1.0,1.0,0.0
Astrocyte,Endothelial,HP,CD163,0.12968315,1.0,0.016816797,-0.48949452938644666,-inf,0.00054443994,0.17711471,1.0,1.0,0.15270975,1.0,0.02328903,-0.6721687244068747,-inf,0.00028444445,0.24551065,1.0,1.0,0.0
Astrocyte,Endothelial,ANXA1,FPR1,0.12968315,1.0,0.016816797,-0.48949452938644666,-inf,0.00054443994,0.17711471,1.0,1.0,0.15270975,1.0,0.02328903,-0.6721687244068747,-inf,0.00028444445,0.24551065,1.0,1.0,0.0
Astrocyte,Endothelial,CCL7,CCR1,0.12968315,1.0,0.016816797,-0.48949452938644666,-inf,0.00054443994,0.17711471,1.0,1.0,0.15270975,1.0,0.02328903,-0.6721687244068747,-inf,0.00028444445,0.24551065,1.0,1.0,0.0
Astrocyte,Endothelial,CCL7,CCR2,0.12968315,1.0,0.016816797,-0.48949452938644666,-inf,0.00054443994,0.17711471,1.0,1.0,0.15270975,1.0,0.02328903,-0.6721687244068747,-inf,0.00028444445,0.24551065,1.0,1.0,0.0
Astrocyte,Endothelial,CCL7,CCR3,0.12968315,1.0,0.016816797,-0.48949452938644666,-inf,0.00054443994,0.17711471,1.0,1.0,0.15270975,1.0,0.02328903,-0.6721687244068747,-inf,0.00028444445,0.24551065,1.0,1.0,0.0
Astrocyte,Endothelial,CXCL3,CXCR2,0.12968315,1.0,0.016816797,-0.48949452938644666,-inf,0.00054443994,0.17711471,1.0,1.0,0.15270975,1.0,0.02328903,-0.6721687244068747,-inf,0.00028444445,0.24551065,1.0,1.0,0.0
Astrocyte,Endothelial,CXCL5,ACKR1,0.12968315,1.0,0.016816797,-0.48949452938644666,-inf,0.00054443994,0.17711471,1.0,1.0,0.15270975,1.0,0.02328903,-0.6721687244068747,-inf,0.00028444445,0.24551065,1.0,1.0,0.0
Astrocyte,Endothelial,CXCL5,CXCR1,0.12968315,1.0,0.016816797,-0.48949452938644666,-inf,0.00054443994,0.17711471,1.0,1.0,0.15270975,1.0,0.02328903,-0.6721687244068747,-inf,0.00028444445,0.24551065,1.0,1.0,0.0
Astrocyte,Endothelial,CXCL5,CXCR2,0.12968315,1.0,0.016816797,-0.48949452938644666,-inf,0.00054443994,0.17711471,1.0,1.0,0.15270975,1.0,0.02328903,-0.6721687244068747,-inf,0.00028444445,0.24551065,1.0,1.0,0.0
Astrocyte,Endothelial,CXCL9,ACKR1,0.12968315,1.0,0.016816797,-0.48949452938644666,-inf,0.00054443994,0.17711471,1.0,1.0,0.15270975,1.0,0.02328903,-0.6721687244068747,-inf,0.00028444445,0.24551065,1.0,1.0,0.0
Astrocyte,Endothelial,CXCL9,CCR3,0.12968315,1.0,0.016816797,-0.48949452938644666,-inf,0.00054443994,0.17711471,1.0,1.0,0.15270975,1.0,0.02328903,-0.6721687244068747,-inf,0.00028444445,0.24551065,1.0,1.0,0.0
Astrocyte,Endothelial,HSPA1A,GRIN2D,0.12968315,1.0,0.016816797,-0.48949452938644666,-inf,0.00054443994,0.17711471,1.0,1.0,0.15270975,1.0,0.02328903,-0.6721687244068747,-inf,0.00028444445,0.24551065,1.0,1.0,0.0
Astrocyte,Endothelial,CYTL1,CCR2,0.12968315,1.0,0.016816797,-0.48949452938644666,-inf,0.00054443994,0.17711471,1.0,1.0,0.15270975,1.0,0.02328903,-0.6721687244068747,-inf,0.00028444445,0.24551065,1.0,1.0,0.0
Astrocyte,Endothelial,CGA,GPR84,0.12968315,1.0,0.016816797,-0.48949452938644666,-inf,0.00054443994,0.17711471,1.0,1.0,0.15270975,1.0,0.02328903,-0.6721687244068747,-inf,0.00028444445,0.24551065,1.0,1.0,0.0
Astrocyte,Endothelial,EDN1,EDNRB,0.12968315,1.0,0.016816797,-0.48949452938644666,-inf,0.00054443994,0.17711471,1.0,1.0,0.15270975,1.0,0.02328903,-0.6721687244068747,-inf,0.00028444445,0.24551065,1.0,1.0,0.0
Astrocyte,Endothelial,CXCL2,XCR1,0.12968315,1.0,0.016816797,-0.48949452938644666,-inf,0.00054443994,0.17711471,1.0,1.0,0.15270975,1.0,0.02328903,-0.6721687244068747,-inf,0.00028444445,0.24551065,1.0,1.0,0.0
Astrocyte,Endothelial,CD40LG,CD9,0.12968315,1.0,0.016816797,-0.48949452938644666,-inf,0.00054443994,0.17711471,1.0,1.0,0.15270975,1.0,0.02328903,-0.6721687244068747,-inf,0.00028444445,0.24551065,1.0,1.0,0.0
Astrocyte,Endothelial,CCL28,CCR3,0.12968315,1.0,0.016816797,-0.48949452938644666,-inf,0.00054443994,0.17711471,1.0,1.0,0.15270975,1.0,0.02328903,-0.6721687244068747,-inf,0.00028444445,0.24551065,1.0,1.0,0.0
Astrocyte,Endothelial,CALCB,GPR84,0.12968315,1.0,0.016816797,-0.48949452938644666,-inf,0.00054443994,0.17711471,1.0,1.0,0.15270975,1.0,0.02328903,-0.6721687244068747,-inf,0.00028444445,0.24551065,1.0,1.0,0.0
Astrocyte,Endothelial,CALCB,RAMP1,0.12968315,1.0,0.016816797,-0.48949452938644666,-inf,0.00054443994,0.17711471,1.0,1.0,0.15270975,1.0,0.02328903,-0.6721687244068747,-inf,0.00028444445,0.24551065,1.0,1.0,0.0
Astrocyte,Endothelial,CALCB,RAMP2,0.12968315,1.0,0.016816797,-0.48949452938644666,-inf,0.00054443994,0.17711471,1.0,1.0,0.15270975,1.0,0.02328903,-0.6721687244068747,-inf,0.00028444445,0.24551065,1.0,1.0,0.0
Astrocyte,Endothelial,IL6,MUSK,0.12968315,1.0,0.016816797,-0.48949452938644666,-inf,0.00054443994,0.17711471,1.0,1.0,0.15270975,1.0,0.02328903,-0.6721687244068747,-inf,0.00028444445,0.24551065,1.0,1.0,0.0
Astrocyte,Endothelial,ITIH2,FCER1A,0.12968315,1.0,0.016816797,-0.48949452938644666,-inf,0.00054443994,0.17711471,1.0,1.0,0.15270975,1.0,0.02328903,-0.6721687244068747,-inf,0.00028444445,0.24551065,1.0,1.0,0.0
Astrocyte,Endothelial,FN1,MAG,0.12968315,1.0,0.016816797,-0.48949452938644666,-inf,0.00054443994,0.17711471,1.0,1.0,0.15270975,1.0,0.02328903,-0.6721687244068747,-inf,0.00028444445,0.24551065,1.0,1.0,0.0
Astrocyte,Astrocyte,SCT,GPR84,0.12968315,1.0,0.016816797,-0.48949452938644666,-inf,0.00054443994,0.17711471,1.0,1.0,0.15270975,1.0,0.02328903,-0.6721687244068747,-inf,0.00028444445,0.24551065,1.0,1.0,0.0
Astrocyte,Endothelial,CXCL3,ACKR1,0.12968315,1.0,0.016816797,-0.48949452938644666,-inf,0.00054443994,0.17711471,1.0,1.0,0.15270975,1.0,0.02328903,-0.6721687244068747,-inf,0.00028444445,0.24551065,1.0,1.0,0.0
Astrocyte,Endothelial,CXCL2,CXCR2,0.12968315,1.0,0.016816797,-0.48949452938644666,-inf,0.00054443994,0.17711471,1.0,1.0,0.15270975,1.0,0.02328903,-0.6721687244068747,-inf,0.00028444445,0.24551065,1.0,1.0,0.0
Astrocyte,Endothelial,CCL7,CCR5,0.12968315,1.0,0.016816797,-0.48949452938644666,-inf,0.00054443994,0.17711471,1.0,1.0,0.15270975,1.0,0.02328903,-0.6721687244068747,-inf,0.00028444445,0.24551065,1.0,1.0,0.0
Astrocyte,Endothelial,CCL8,ACKR1,0.12968315,1.0,0.016816797,-0.48949452938644666,-inf,0.00054443994,0.17711471,1.0,1.0,0.15270975,1.0,0.02328903,-0.6721687244068747,-inf,0.00028444445,0.24551065,1.0,1.0,0.0
Astrocyte,Endothelial,CCL8,CCR1,0.12968315,1.0,0.016816797,-0.48949452938644666,-inf,0.00054443994,0.17711471,1.0,1.0,0.15270975,1.0,0.02328903,-0.6721687244068747,-inf,0.00028444445,0.24551065,1.0,1.0,0.0
Astrocyte,Endothelial,CCL8,CCR2,0.12968315,1.0,0.016816797,-0.48949452938644666,-inf,0.00054443994,0.17711471,1.0,1.0,0.15270975,1.0,0.02328903,-0.6721687244068747,-inf,0.00028444445,0.24551065,1.0,1.0,0.0
Astrocyte,Endothelial,IL6,F3,0.12968315,1.0,0.016816797,-0.48949452938644666,-inf,0.00054443994,0.17711471,1.0,1.0,0.15270975,1.0,0.02328903,-0.6721687244068747,-inf,0.00028444445,0.24551065,1.0,1.0,0.0
Astrocyte,Endothelial,CCL8,CCR3,0.12968315,1.0,0.016816797,-0.48949452938644666,-inf,0.00054443994,0.17711471,1.0,1.0,0.15270975,1.0,0.02328903,-0.6721687244068747,-inf,0.00028444445,0.24551065,1.0,1.0,0.0
Astrocyte,Endothelial,CD177,PECAM1,0.12968315,1.0,0.016816797,-0.48949452938644666,-inf,0.00054443994,0.17711471,1.0,1.0,0.15270975,1.0,0.02328903,-0.6721687244068747,-inf,0.00028444445,0.24551065,1.0,1.0,0.0
Astrocyte,Endothelial,CD34,SELL,0.12968315,1.0,0.016816797,-0.48949452938644666,-inf,0.00054443994,0.17711471,1.0,1.0,0.15270975,1.0,0.02328903,-0.6721687244068747,-inf,0.00028444445,0.24551065,1.0,1.0,0.0
Astrocyte,Endothelial,CD40LG,CD53,0.12968315,1.0,0.016816797,-0.48949452938644666,-inf,0.00054443994,0.17711471,1.0,1.0,0.15270975,1.0,0.02328903,-0.6721687244068747,-inf,0.00028444445,0.24551065,1.0,1.0,0.0
Astrocyte,Endothelial,CFP,NCR1,0.12968315,1.0,0.016816797,-0.48949452938644666,-inf,0.00054443994,0.17711471,1.0,1.0,0.15270975,1.0,0.02328903,-0.6721687244068747,-inf,0.00028444445,0.24551065,1.0,1.0,0.0
Astrocyte,Endothelial,CCL5,CCR3,0.12968315,1.0,0.016816797,-0.48949452938644666,-inf,0.00054443994,0.17711471,1.0,1.0,0.15270975,1.0,0.02328903,-0.6721687244068747,-inf,0.00028444445,0.24551065,1.0,1.0,0.0
Astrocyte,Endothelial,F10,F3,0.12968315,1.0,0.016816797,-0.48949452938644666,-inf,0.00054443994,0.17711471,1.0,1.0,0.15270975,1.0,0.02328903,-0.6721687244068747,-inf,0.00028444445,0.24551065,1.0,1.0,0.0
Astrocyte,Endothelial,CXCL3,CXCR1,0.12968315,1.0,0.016816797,-0.48949452938644666,-inf,0.00054443994,0.17711471,1.0,1.0,0.15270975,1.0,0.02328903,-0.6721687244068747,-inf,0.00028444445,0.24551065,1.0,1.0,0.0
Endothelial,Astrocyte,CCL5,CCR1,0.12968315,1.0,0.016816797,-0.48949452938644666,-inf,0.00054443994,0.17711471,1.0,1.0,0.15270975,1.0,0.02328903,-0.6721687244068747,-inf,0.00028444445,0.24551065,1.0,1.0,0.0
Endothelial,Astrocyte,CCL5,CCR3,0.12968315,1.0,0.016816797,-0.48949452938644666,-inf,0.00054443994,0.17711471,1.0,1.0,0.15270975,1.0,0.02328903,-0.6721687244068747,-inf,0.00028444445,0.24551065,1.0,1.0,0.0
Endothelial,Astrocyte,CCL5,CCR5,0.12968315,1.0,0.016816797,-0.48949452938644666,-inf,0.00054443994,0.17711471,1.0,1.0,0.15270975,1.0,0.02328903,-0.6721687244068747,-inf,0.00028444445,0.24551065,1.0,1.0,0.0
Endothelial,Astrocyte,CCL5,SDC4,0.12968315,1.0,0.016816797,-0.48949452938644666,-inf,0.00054443994,0.17711471,1.0,1.0,0.15270975,1.0,0.02328903,-0.6721687244068747,-inf,0.00028444445,0.24551065,1.0,1.0,0.0
Endothelial,Astrocyte,CCL7,ACKR1,0.12968315,1.0,0.016816797,-0.48949452938644666,-inf,0.00054443994,0.17711471,1.0,1.0,0.15270975,1.0,0.02328903,-0.6721687244068747,-inf,0.00028444445,0.24551065,1.0,1.0,0.0
Endothelial,Astrocyte,CCL24,CCR2,0.12968315,1.0,0.016816797,-0.48949452938644666,-inf,0.00054443994,0.17711471,1.0,1.0,0.15270975,1.0,0.02328903,-0.6721687244068747,-inf,0.00028444445,0.24551065,1.0,1.0,0.0
Endothelial,Astrocyte,CALCB,GPR84,0.12968315,1.0,0.016816797,-0.48949452938644666,-inf,0.00054443994,0.17711471,1.0,1.0,0.15270975,1.0,0.02328903,-0.6721687244068747,-inf,0.00028444445,0.24551065,1.0,1.0,0.0
Endothelial,Astrocyte,CXCL5,ACKR1,0.12968315,1.0,0.016816797,-0.48949452938644666,-inf,0.00054443994,0.17711471,1.0,1.0,0.15270975,1.0,0.02328903,-0.6721687244068747,-inf,0.00028444445,0.24551065,1.0,1.0,0.0
Endothelial,Astrocyte,CXCL5,CXCR2,0.12968315,1.0,0.016816797,-0.48949452938644666,-inf,0.00054443994,0.17711471,1.0,1.0,0.15270975,1.0,0.02328903,-0.6721687244068747,-inf,0.00028444445,0.24551065,1.0,1.0,0.0
Endothelial,Astrocyte,CCL4,GPR152,0.12968315,1.0,0.016816797,-0.48949452938644666,-inf,0.00054443994,0.17711471,1.0,1.0,0.15270975,1.0,0.02328903,-0.6721687244068747,-inf,0.00028444445,0.24551065,1.0,1.0,0.0
Endothelial,Astrocyte,PPBP,ACKR1,0.12968315,1.0,0.016816797,-0.48949452938644666,-inf,0.00054443994,0.17711471,1.0,1.0,0.15270975,1.0,0.02328903,-0.6721687244068747,-inf,0.00028444445,0.24551065,1.0,1.0,0.0
Endothelial,Astrocyte,CCL11,ACKR1,0.12968315,1.0,0.016816797,-0.48949452938644666,-inf,0.00054443994,0.17711471,1.0,1.0,0.15270975,1.0,0.02328903,-0.6721687244068747,-inf,0.00028444445,0.24551065,1.0,1.0,0.0
Endothelial,Astrocyte,CAMP,IGF1R,0.12968315,1.0,0.016816797,-0.48949452938644666,-inf,0.00054443994,0.17711471,1.0,1.0,0.15270975,1.0,0.02328903,-0.6721687244068747,-inf,0.00028444445,0.24551065,1.0,1.0,0.0
Endothelial,Astrocyte,COL3A1,MAG,0.12968315,1.0,0.016816797,-0.48949452938644666,-inf,0.00054443994,0.17711471,1.0,1.0,0.15270975,1.0,0.02328903,-0.6721687244068747,-inf,0.00028444445,0.24551065,1.0,1.0,0.0
Endothelial,Astrocyte,CSF2,CSF1R,0.12968315,1.0,0.016816797,-0.48949452938644666,-inf,0.00054443994,0.17711471,1.0,1.0,0.15270975,1.0,0.02328903,-0.6721687244068747,-inf,0.00028444445,0.24551065,1.0,1.0,0.0
Endothelial,Astrocyte,CSF3,CSF1R,0.12968315,1.0,0.016816797,-0.48949452938644666,-inf,0.00054443994,0.17711471,1.0,1.0,0.15270975,1.0,0.02328903,-0.6721687244068747,-inf,0.00028444445,0.24551065,1.0,1.0,0.0
Endothelial,Astrocyte,CCL8,CCR2,0.12968315,1.0,0.016816797,-0.48949452938644666,-inf,0.00054443994,0.17711471,1.0,1.0,0.15270975,1.0,0.02328903,-0.6721687244068747,-inf,0.00028444445,0.24551065,1.0,1.0,0.0
Endothelial,Astrocyte,CXCL1,ACKR1,0.12968315,1.0,0.016816797,-0.48949452938644666,-inf,0.00054443994,0.17711471,1.0,1.0,0.15270975,1.0,0.02328903,-0.6721687244068747,-inf,0.00028444445,0.24551065,1.0,1.0,0.0
Endothelial,Astrocyte,CXCL1,CXCR2,0.12968315,1.0,0.016816797,-0.48949452938644666,-inf,0.00054443994,0.17711471,1.0,1.0,0.15270975,1.0,0.02328903,-0.6721687244068747,-inf,0.00028444445,0.24551065,1.0,1.0,0.0
Endothelial,Astrocyte,CCL5,ACKR1,0.12968315,1.0,0.016816797,-0.48949452938644666,-inf,0.00054443994,0.17711471,1.0,1.0,0.15270975,1.0,0.02328903,-0.6721687244068747,-inf,0.00028444445,0.24551065,1.0,1.0,0.0
Astrocyte,Endothelial,FGL1,LAG3,0.12968315,1.0,0.016816797,-0.48949452938644666,-inf,0.00054443994,0.17711471,1.0,1.0,0.15270975,1.0,0.02328903,-0.6721687244068747,-inf,0.00028444445,0.24551065,1.0,1.0,0.0
Endothelial,Astrocyte,CCL4,CCR3,0.12968315,1.0,0.016816797,-0.48949452938644666,-inf,0.00054443994,0.17711471,1.0,1.0,0.15270975,1.0,0.02328903,-0.6721687244068747,-inf,0.00028444445,0.24551065,1.0,1.0,0.0
Endothelial,Astrocyte,CCL3,CCR3,0.12968315,1.0,0.016816797,-0.48949452938644666,-inf,0.00054443994,0.17711471,1.0,1.0,0.15270975,1.0,0.02328903,-0.6721687244068747,-inf,0.00028444445,0.24551065,1.0,1.0,0.0
Astrocyte,Endothelial,FN1,CD79A,0.12968315,1.0,0.016816797,-0.48949452938644666,-inf,0.00054443994,0.17711471,1.0,1.0,0.15270975,1.0,0.02328903,-0.6721687244068747,-inf,0.00028444445,0.24551065,1.0,1.0,0.0
Astrocyte,Endothelial,GAST,CCKBR,0.12968315,1.0,0.016816797,-0.48949452938644666,-inf,0.00054443994,0.17711471,1.0,1.0,0.15270975,1.0,0.02328903,-0.6721687244068747,-inf,0.00028444445,0.24551065,1.0,1.0,0.0
Astrocyte,Endothelial,GAST,GPR152,0.12968315,1.0,0.016816797,-0.48949452938644666,-inf,0.00054443994,0.17711471,1.0,1.0,0.15270975,1.0,0.02328903,-0.6721687244068747,-inf,0.00028444445,0.24551065,1.0,1.0,0.0
Astrocyte,Endothelial,GZMA,F2RL1,0.12968315,1.0,0.016816797,-0.48949452938644666,-inf,0.00054443994,0.17711471,1.0,1.0,0.15270975,1.0,0.02328903,-0.6721687244068747,-inf,0.00028444445,0.24551065,1.0,1.0,0.0
Astrocyte,Endothelial,HDC,HRH3,0.12968315,1.0,0.016816797,-0.48949452938644666,-inf,0.00054443994,0.17711471,1.0,1.0,0.15270975,1.0,0.02328903,-0.6721687244068747,-inf,0.00028444445,0.24551065,1.0,1.0,0.0
Astrocyte,Endothelial,HP,ASGR1,0.12968315,1.0,0.016816797,-0.48949452938644666,-inf,0.00054443994,0.17711471,1.0,1.0,0.15270975,1.0,0.02328903,-0.6721687244068747,-inf,0.00028444445,0.24551065,1.0,1.0,0.0
Astrocyte,Endothelial,EDN1,ADGRL4,0.12968315,1.0,0.016816797,-0.48949452938644666,-inf,0.00054443994,0.17711471,1.0,1.0,0.15270975,1.0,0.02328903,-0.6721687244068747,-inf,0.00028444445,0.24551065,1.0,1.0,0.0
Astrocyte,Oligodendrocyte,CGA,GPR84,0.12968315,1.0,0.016816797,-0.48949452938644666,-inf,0.00054443994,0.17711471,1.0,1.0,0.15270975,1.0,0.02328903,-0.6721687244068747,-inf,0.00028444445,0.24551065,1.0,1.0,0.0
Astrocyte,Oligodendrocyte,CGA,RAMP2,0.12968315,1.0,0.016816797,-0.48949452938644666,-inf,0.00054443994,0.17711471,1.0,1.0,0.15270975,1.0,0.02328903,-0.6721687244068747,-inf,0.00028444445,0.24551065,1.0,1.0,0.0
Endothelial,Astrocyte,HSPA1A,GRIN2D,0.12968315,1.0,0.016816797,-0.48949452938644666,-inf,0.00054443994,0.17711471,1.0,1.0,0.15270975,1.0,0.02328903,-0.6721687244068747,-inf,0.00028444445,0.24551065,1.0,1.0,0.0
Endothelial,Astrocyte,CCL11,CCR3,0.12968315,1.0,0.016816797,-0.48949452938644666,-inf,0.00054443994,0.17711471,1.0,1.0,0.15270975,1.0,0.02328903,-0.6721687244068747,-inf,0.00028444445,0.24551065,1.0,1.0,0.0
Endothelial,Astrocyte,CCL11,CCR5,0.12968315,1.0,0.016816797,-0.48949452938644666,-inf,0.00054443994,0.17711471,1.0,1.0,0.15270975,1.0,0.02328903,-0.6721687244068747,-inf,0.00028444445,0.24551065,1.0,1.0,0.0
Endothelial,Astrocyte,CCL17,ACKR1,0.12968315,1.0,0.016816797,-0.48949452938644666,-inf,0.00054443994,0.17711471,1.0,1.0,0.15270975,1.0,0.02328903,-0.6721687244068747,-inf,0.00028444445,0.24551065,1.0,1.0,0.0
Endothelial,Astrocyte,CCL19,CCR7,0.12968315,1.0,0.016816797,-0.48949452938644666,-inf,0.00054443994,0.17711471,1.0,1.0,0.15270975,1.0,0.02328903,-0.6721687244068747,-inf,0.00028444445,0.24551065,1.0,1.0,0.0
Endothelial,Astrocyte,CCL2,ACKR1,0.12968315,1.0,0.016816797,-0.48949452938644666,-inf,0.00054443994,0.17711471,1.0,1.0,0.15270975,1.0,0.02328903,-0.6721687244068747,-inf,0.00028444445,0.24551065,1.0,1.0,0.0
Endothelial,Astrocyte,CCL8,ACKR1,0.12968315,1.0,0.016816797,-0.48949452938644666,-inf,0.00054443994,0.17711471,1.0,1.0,0.15270975,1.0,0.02328903,-0.6721687244068747,-inf,0.00028444445,0.24551065,1.0,1.0,0.0
Endothelial,Astrocyte,CCL2,CCR3,0.12968315,1.0,0.016816797,-0.48949452938644666,-inf,0.00054443994,0.17711471,1.0,1.0,0.15270975,1.0,0.02328903,-0.6721687244068747,-inf,0.00028444445,0.24551065,1.0,1.0,0.0
Endothelial,Astrocyte,CCL24,CCR3,0.12968315,1.0,0.016816797,-0.48949452938644666,-inf,0.00054443994,0.17711471,1.0,1.0,0.15270975,1.0,0.02328903,-0.6721687244068747,-inf,0.00028444445,0.24551065,1.0,1.0,0.0
Endothelial,Astrocyte,CCL28,CCR3,0.12968315,1.0,0.016816797,-0.48949452938644666,-inf,0.00054443994,0.17711471,1.0,1.0,0.15270975,1.0,0.02328903,-0.6721687244068747,-inf,0.00028444445,0.24551065,1.0,1.0,0.0
Endothelial,Astrocyte,CCL11,CCR2,0.12968315,1.0,0.016816797,-0.48949452938644666,-inf,0.00054443994,0.17711471,1.0,1.0,0.15270975,1.0,0.02328903,-0.6721687244068747,-inf,0.00028444445,0.24551065,1.0,1.0,0.0
Astrocyte,Microglia,CXCL12,AVPR1A,0.12968315,1.0,0.016816797,-0.48949452938644666,-inf,0.00054443994,0.17711471,1.0,1.0,0.15270975,1.0,0.02328903,-0.6721687244068747,-inf,0.00028444445,0.24551065,1.0,1.0,0.0
Astrocyte,Endothelial,CCL5,CCR1,0.12968315,1.0,0.016816797,-0.48949452938644666,-inf,0.00054443994,0.17711471,1.0,1.0,0.15270975,1.0,0.02328903,-0.6721687244068747,-inf,0.00028444445,0.24551065,1.0,1.0,0.0
Astrocyte,Endothelial,CCL4,GPR152,0.12968315,1.0,0.016816797,-0.48949452938644666,-inf,0.00054443994,0.17711471,1.0,1.0,0.15270975,1.0,0.02328903,-0.6721687244068747,-inf,0.00028444445,0.24551065,1.0,1.0,0.0
Astrocyte,Pericyte,CCL24,CCR2,0.12968315,1.0,0.016816797,-0.48949452938644666,-inf,0.00054443994,0.17711471,1.0,1.0,0.15270975,1.0,0.02328903,-0.6721687244068747,-inf,0.00028444445,0.24551065,1.0,1.0,0.0
Astrocyte,Pericyte,CCL24,CCR3,0.12968315,1.0,0.016816797,-0.48949452938644666,-inf,0.00054443994,0.17711471,1.0,1.0,0.15270975,1.0,0.02328903,-0.6721687244068747,-inf,0.00028444445,0.24551065,1.0,1.0,0.0
Astrocyte,Pericyte,CCL28,CCR3,0.12968315,1.0,0.016816797,-0.48949452938644666,-inf,0.00054443994,0.17711471,1.0,1.0,0.15270975,1.0,0.02328903,-0.6721687244068747,-inf,0.00028444445,0.24551065,1.0,1.0,0.0
Astrocyte,Pericyte,CCL3,CCR1,0.12968315,1.0,0.016816797,-0.48949452938644666,-inf,0.00054443994,0.17711471,1.0,1.0,0.15270975,1.0,0.02328903,-0.6721687244068747,-inf,0.00028444445,0.24551065,1.0,1.0,0.0
Astrocyte,Pericyte,CCL11,CCR5,0.12968315,1.0,0.016816797,-0.48949452938644666,-inf,0.00054443994,0.17711471,1.0,1.0,0.15270975,1.0,0.02328903,-0.6721687244068747,-inf,0.00028444445,0.24551065,1.0,1.0,0.0
Astrocyte,Oligodendrocyte,PROK2,PROKR1,0.12968315,1.0,0.016816797,-0.48949452938644666,-inf,0.00054443994,0.17711471,1.0,1.0,0.15270975,1.0,0.02328903,-0.6721687244068747,-inf,0.00028444445,0.24551065,1.0,1.0,0.0
Astrocyte,Pericyte,B2M,KLRC2,0.12968315,1.0,0.016816797,-0.48949452938644666,-inf,0.00054443994,0.17711471,1.0,1.0,0.15270975,1.0,0.02328903,-0.6721687244068747,-inf,0.00028444445,0.24551065,1.0,1.0,0.0
Astrocyte,Pericyte,APP,FPR2,0.12968315,1.0,0.016816797,-0.48949452938644666,-inf,0.00054443994,0.17711471,1.0,1.0,0.15270975,1.0,0.02328903,-0.6721687244068747,-inf,0.00028444445,0.24551065,1.0,1.0,0.0
Astrocyte,Oligodendrocyte,RIMS1,SLC17A7,0.12968315,1.0,0.016816797,-0.48949452938644666,-inf,0.00054443994,0.17711471,1.0,1.0,0.15270975,1.0,0.02328903,-0.6721687244068747,-inf,0.00028444445,0.24551065,1.0,1.0,0.0
Astrocyte,Oligodendrocyte,RLN3,GPR84,0.12968315,1.0,0.016816797,-0.48949452938644666,-inf,0.00054443994,0.17711471,1.0,1.0,0.15270975,1.0,0.02328903,-0.6721687244068747,-inf,0.00028444445,0.24551065,1.0,1.0,0.0
Astrocyte,Oligodendrocyte,VWF,SIRPA,0.12968315,1.0,0.016816797,-0.48949452938644666,-inf,0.00054443994,0.17711471,1.0,1.0,0.15270975,1.0,0.02328903,-0.6721687244068747,-inf,0.00028444445,0.24551065,1.0,1.0,0.0
Astrocyte,Oligodendrocyte,RLN3,RAMP2,0.12968315,1.0,0.016816797,-0.48949452938644666,-inf,0.00054443994,0.17711471,1.0,1.0,0.15270975,1.0,0.02328903,-0.6721687244068747,-inf,0.00028444445,0.24551065,1.0,1.0,0.0
Astrocyte,Oligodendrocyte,SAA1,FPR1,0.12968315,1.0,0.016816797,-0.48949452938644666,-inf,0.00054443994,0.17711471,1.0,1.0,0.15270975,1.0,0.02328903,-0.6721687244068747,-inf,0.00028444445,0.24551065,1.0,1.0,0.0
Astrocyte,Oligodendrocyte,SAA1,FPR2,0.12968315,1.0,0.016816797,-0.48949452938644666,-inf,0.00054443994,0.17711471,1.0,1.0,0.15270975,1.0,0.02328903,-0.6721687244068747,-inf,0.00028444445,0.24551065,1.0,1.0,0.0
Astrocyte,Oligodendrocyte,SCT,GPR84,0.12968315,1.0,0.016816797,-0.48949452938644666,-inf,0.00054443994,0.17711471,1.0,1.0,0.15270975,1.0,0.02328903,-0.6721687244068747,-inf,0.00028444445,0.24551065,1.0,1.0,0.0
Astrocyte,Oligodendrocyte,SCT,RAMP2,0.12968315,1.0,0.016816797,-0.48949452938644666,-inf,0.00054443994,0.17711471,1.0,1.0,0.15270975,1.0,0.02328903,-0.6721687244068747,-inf,0.00028444445,0.24551065,1.0,1.0,0.0
Astrocyte,Oligodendrocyte,SELPLG,SELL,0.12968315,1.0,0.016816797,-0.48949452938644666,-inf,0.00054443994,0.17711471,1.0,1.0,0.15270975,1.0,0.02328903,-0.6721687244068747,-inf,0.00028444445,0.24551065,1.0,1.0,0.0
Astrocyte,Oligodendrocyte,SNCA,LAG3,0.12968315,1.0,0.016816797,-0.48949452938644666,-inf,0.00054443994,0.17711471,1.0,1.0,0.15270975,1.0,0.02328903,-0.6721687244068747,-inf,0.00028444445,0.24551065,1.0,1.0,0.0
Astrocyte,Pericyte,B2M,KLRC1,0.12968315,1.0,0.016816797,-0.48949452938644666,-inf,0.00054443994,0.17711471,1.0,1.0,0.15270975,1.0,0.02328903,-0.6721687244068747,-inf,0.00028444445,0.24551065,1.0,1.0,0.0
Astrocyte,Oligodendrocyte,TIMP1,CD63,0.12968315,1.0,0.016816797,-0.48949452938644666,-inf,0.00054443994,0.17711471,1.0,1.0,0.15270975,1.0,0.02328903,-0.6721687244068747,-inf,0.00028444445,0.24551065,1.0,1.0,0.0
Astrocyte,Oligodendrocyte,TDGF1,ACVR1C,0.12968315,1.0,0.016816797,-0.48949452938644666,-inf,0.00054443994,0.17711471,1.0,1.0,0.15270975,1.0,0.02328903,-0.6721687244068747,-inf,0.00028444445,0.24551065,1.0,1.0,0.0
Astrocyte,Oligodendrocyte,XCL1,XCR1,0.12968315,1.0,0.016816797,-0.48949452938644666,-inf,0.00054443994,0.17711471,1.0,1.0,0.15270975,1.0,0.02328903,-0.6721687244068747,-inf,0.00028444445,0.24551065,1.0,1.0,0.0
Endothelial,Endothelial,CCL3,CCR5,0.12968315,1.0,0.016816797,-0.48949452938644666,-inf,0.00054443994,0.17711471,1.0,1.0,0.15270975,1.0,0.02328903,-0.6721687244068747,-inf,0.00028444445,0.24551065,1.0,1.0,0.0
Astrocyte,Pericyte,ANGPTL4,GPIHBP1,0.12968315,1.0,0.016816797,-0.48949452938644666,-inf,0.00054443994,0.17711471,1.0,1.0,0.15270975,1.0,0.02328903,-0.6721687244068747,-inf,0.00028444445,0.24551065,1.0,1.0,0.0
Astrocyte,Pericyte,ANXA1,FPR1,0.12968315,1.0,0.016816797,-0.48949452938644666,-inf,0.00054443994,0.17711471,1.0,1.0,0.15270975,1.0,0.02328903,-0.6721687244068747,-inf,0.00028444445,0.24551065,1.0,1.0,0.0
Astrocyte,Pericyte,APOB,LSR,0.12968315,1.0,0.016816797,-0.48949452938644666,-inf,0.00054443994,0.17711471,1.0,1.0,0.15270975,1.0,0.02328903,-0.6721687244068747,-inf,0.00028444445,0.24551065,1.0,1.0,0.0
Astrocyte,Pericyte,APOB,TREM2,0.12968315,1.0,0.016816797,-0.48949452938644666,-inf,0.00054443994,0.17711471,1.0,1.0,0.15270975,1.0,0.02328903,-0.6721687244068747,-inf,0.00028444445,0.24551065,1.0,1.0,0.0
Astrocyte,Oligodendrocyte,COL3A1,MAG,0.12968315,1.0,0.016816797,-0.48949452938644666,-inf,0.00054443994,0.17711471,1.0,1.0,0.15270975,1.0,0.02328903,-0.6721687244068747,-inf,0.00028444445,0.24551065,1.0,1.0,0.0
Endothelial,Astrocyte,CALCA,GPR84,0.12968315,1.0,0.016816797,-0.48949452938644666,-inf,0.00054443994,0.17711471,1.0,1.0,0.15270975,1.0,0.02328903,-0.6721687244068747,-inf,0.00028444445,0.24551065,1.0,1.0,0.0
Endothelial,Astrocyte,CALCB,RAMP1,0.12968315,1.0,0.016816797,-0.48949452938644666,-inf,0.00054443994,0.17711471,1.0,1.0,0.15270975,1.0,0.02328903,-0.6721687244068747,-inf,0.00028444445,0.24551065,1.0,1.0,0.0
Astrocyte,Pericyte,ADM,GPR84,0.12968315,1.0,0.016816797,-0.48949452938644666,-inf,0.00054443994,0.17711471,1.0,1.0,0.15270975,1.0,0.02328903,-0.6721687244068747,-inf,0.00028444445,0.24551065,1.0,1.0,0.0
Endothelial,Endothelial,CCL3,CCR3,0.12968315,1.0,0.016816797,-0.48949452938644666,-inf,0.00054443994,0.17711471,1.0,1.0,0.15270975,1.0,0.02328903,-0.6721687244068747,-inf,0.00028444445,0.24551065,1.0,1.0,0.0
Endothelial,Endothelial,CCL4,CCR1,0.12968315,1.0,0.016816797,-0.48949452938644666,-inf,0.00054443994,0.17711471,1.0,1.0,0.15270975,1.0,0.02328903,-0.6721687244068747,-inf,0.00028444445,0.24551065,1.0,1.0,0.0
Endothelial,Endothelial,CCL4,CCR3,0.12968315,1.0,0.016816797,-0.48949452938644666,-inf,0.00054443994,0.17711471,1.0,1.0,0.15270975,1.0,0.02328903,-0.6721687244068747,-inf,0.00028444445,0.24551065,1.0,1.0,0.0
Endothelial,Endothelial,CCL4,CCR5,0.12968315,1.0,0.016816797,-0.48949452938644666,-inf,0.00054443994,0.17711471,1.0,1.0,0.15270975,1.0,0.02328903,-0.6721687244068747,-inf,0.00028444445,0.24551065,1.0,1.0,0.0
Endothelial,Endothelial,CCL4,GPR152,0.12968315,1.0,0.016816797,-0.48949452938644666,-inf,0.00054443994,0.17711471,1.0,1.0,0.15270975,1.0,0.02328903,-0.6721687244068747,-inf,0.00028444445,0.24551065,1.0,1.0,0.0
Endothelial,Endothelial,CCL5,ACKR1,0.12968315,1.0,0.016816797,-0.48949452938644666,-inf,0.00054443994,0.17711471,1.0,1.0,0.15270975,1.0,0.02328903,-0.6721687244068747,-inf,0.00028444445,0.24551065,1.0,1.0,0.0
Endothelial,Endothelial,CCL5,CCR1,0.12968315,1.0,0.016816797,-0.48949452938644666,-inf,0.00054443994,0.17711471,1.0,1.0,0.15270975,1.0,0.02328903,-0.6721687244068747,-inf,0.00028444445,0.24551065,1.0,1.0,0.0
Endothelial,Endothelial,CCL5,CCR3,0.12968315,1.0,0.016816797,-0.48949452938644666,-inf,0.00054443994,0.17711471,1.0,1.0,0.15270975,1.0,0.02328903,-0.6721687244068747,-inf,0.00028444445,0.24551065,1.0,1.0,0.0
Endothelial,Endothelial,CCL5,CCR5,0.12968315,1.0,0.016816797,-0.48949452938644666,-inf,0.00054443994,0.17711471,1.0,1.0,0.15270975,1.0,0.02328903,-0.6721687244068747,-inf,0.00028444445,0.24551065,1.0,1.0,0.0
Endothelial,Endothelial,CCL5,SDC4,0.12968315,1.0,0.016816797,-0.48949452938644666,-inf,0.00054443994,0.17711471,1.0,1.0,0.15270975,1.0,0.02328903,-0.6721687244068747,-inf,0.00028444445,0.24551065,1.0,1.0,0.0
Endothelial,Endothelial,CCL7,CCR1,0.12968315,1.0,0.016816797,-0.48949452938644666,-inf,0.00054443994,0.17711471,1.0,1.0,0.15270975,1.0,0.02328903,-0.6721687244068747,-inf,0.00028444445,0.24551065,1.0,1.0,0.0
Endothelial,Endothelial,CCL7,CCR3,0.12968315,1.0,0.016816797,-0.48949452938644666,-inf,0.00054443994,0.17711471,1.0,1.0,0.15270975,1.0,0.02328903,-0.6721687244068747,-inf,0.00028444445,0.24551065,1.0,1.0,0.0
Astrocyte,Endothelial,CCL5,ACKR1,0.12968315,1.0,0.016816797,-0.48949452938644666,-inf,0.00054443994,0.17711471,1.0,1.0,0.15270975,1.0,0.02328903,-0.6721687244068747,-inf,0.00028444445,0.24551065,1.0,1.0,0.0
Astrocyte,Oligodendrocyte,S100A4,CCR5,0.12968315,1.0,0.016816797,-0.48949452938644666,-inf,0.00054443994,0.17711471,1.0,1.0,0.15270975,1.0,0.02328903,-0.6721687244068747,-inf,0.00028444445,0.24551065,1.0,1.0,0.0
Endothelial,Astrocyte,CGA,GPR84,0.12968315,1.0,0.016816797,-0.48949452938644666,-inf,0.00054443994,0.17711471,1.0,1.0,0.15270975,1.0,0.02328903,-0.6721687244068747,-inf,0.00028444445,0.24551065,1.0,1.0,0.0
Astrocyte,Endothelial,CCL5,CCR5,0.12968315,1.0,0.016816797,-0.48949452938644666,-inf,0.00054443994,0.17711471,1.0,1.0,0.15270975,1.0,0.02328903,-0.6721687244068747,-inf,0.00028444445,0.24551065,1.0,1.0,0.0
Astrocyte,Endothelial,CCL11,CCR2,0.12968315,1.0,0.016816797,-0.48949452938644666,-inf,0.00054443994,0.17711471,1.0,1.0,0.15270975,1.0,0.02328903,-0.6721687244068747,-inf,0.00028444445,0.24551065,1.0,1.0,0.0
Astrocyte,Endothelial,CCL11,CCR3,0.12968315,1.0,0.016816797,-0.48949452938644666,-inf,0.00054443994,0.17711471,1.0,1.0,0.15270975,1.0,0.02328903,-0.6721687244068747,-inf,0.00028444445,0.24551065,1.0,1.0,0.0
Astrocyte,Endothelial,CCL11,CCR5,0.12968315,1.0,0.016816797,-0.48949452938644666,-inf,0.00054443994,0.17711471,1.0,1.0,0.15270975,1.0,0.02328903,-0.6721687244068747,-inf,0.00028444445,0.24551065,1.0,1.0,0.0
Astrocyte,Endothelial,CCL17,ACKR1,0.12968315,1.0,0.016816797,-0.48949452938644666,-inf,0.00054443994,0.17711471,1.0,1.0,0.15270975,1.0,0.02328903,-0.6721687244068747,-inf,0.00028444445,0.24551065,1.0,1.0,0.0
Astrocyte,Endothelial,CCL19,CCR7,0.12968315,1.0,0.016816797,-0.48949452938644666,-inf,0.00054443994,0.17711471,1.0,1.0,0.15270975,1.0,0.02328903,-0.6721687244068747,-inf,0.00028444445,0.24551065,1.0,1.0,0.0
Astrocyte,Endothelial,CCL2,CCR1,0.12968315,1.0,0.016816797,-0.48949452938644666,-inf,0.00054443994,0.17711471,1.0,1.0,0.15270975,1.0,0.02328903,-0.6721687244068747,-inf,0.00028444445,0.24551065,1.0,1.0,0.0
Astrocyte,Endothelial,CCL2,CCR2,0.12968315,1.0,0.016816797,-0.48949452938644666,-inf,0.00054443994,0.17711471,1.0,1.0,0.15270975,1.0,0.02328903,-0.6721687244068747,-inf,0.00028444445,0.24551065,1.0,1.0,0.0
Astrocyte,Endothelial,CCL2,CCR3,0.12968315,1.0,0.016816797,-0.48949452938644666,-inf,0.00054443994,0.17711471,1.0,1.0,0.15270975,1.0,0.02328903,-0.6721687244068747,-inf,0.00028444445,0.24551065,1.0,1.0,0.0
Astrocyte,Endothelial,CCL2,CCR5,0.12968315,1.0,0.016816797,-0.48949452938644666,-inf,0.00054443994,0.17711471,1.0,1.0,0.15270975,1.0,0.02328903,-0.6721687244068747,-inf,0.00028444445,0.24551065,1.0,1.0,0.0
Astrocyte,Endothelial,CCL24,CCR2,0.12968315,1.0,0.016816797,-0.48949452938644666,-inf,0.00054443994,0.17711471,1.0,1.0,0.15270975,1.0,0.02328903,-0.6721687244068747,-inf,0.00028444445,0.24551065,1.0,1.0,0.0
Astrocyte,Endothelial,CALCA,GPR84,0.12968315,1.0,0.016816797,-0.48949452938644666,-inf,0.00054443994,0.17711471,1.0,1.0,0.15270975,1.0,0.02328903,-0.6721687244068747,-inf,0.00028444445,0.24551065,1.0,1.0,0.0
Astrocyte,Endothelial,CCL24,CCR3,0.12968315,1.0,0.016816797,-0.48949452938644666,-inf,0.00054443994,0.17711471,1.0,1.0,0.15270975,1.0,0.02328903,-0.6721687244068747,-inf,0.00028444445,0.24551065,1.0,1.0,0.0
Astrocyte,Endothelial,CCL3,CCR1,0.12968315,1.0,0.016816797,-0.48949452938644666,-inf,0.00054443994,0.17711471,1.0,1.0,0.15270975,1.0,0.02328903,-0.6721687244068747,-inf,0.00028444445,0.24551065,1.0,1.0,0.0
Astrocyte,Endothelial,CCL3,CCR3,0.12968315,1.0,0.016816797,-0.48949452938644666,-inf,0.00054443994,0.17711471,1.0,1.0,0.15270975,1.0,0.02328903,-0.6721687244068747,-inf,0.00028444445,0.24551065,1.0,1.0,0.0
Astrocyte,Endothelial,CCL3,CCR5,0.12968315,1.0,0.016816797,-0.48949452938644666,-inf,0.00054443994,0.17711471,1.0,1.0,0.15270975,1.0,0.02328903,-0.6721687244068747,-inf,0.00028444445,0.24551065,1.0,1.0,0.0
Astrocyte,Endothelial,CCL4,CCR1,0.12968315,1.0,0.016816797,-0.48949452938644666,-inf,0.00054443994,0.17711471,1.0,1.0,0.15270975,1.0,0.02328903,-0.6721687244068747,-inf,0.00028444445,0.24551065,1.0,1.0,0.0
Astrocyte,Endothelial,CCL4,CCR3,0.12968315,1.0,0.016816797,-0.48949452938644666,-inf,0.00054443994,0.17711471,1.0,1.0,0.15270975,1.0,0.02328903,-0.6721687244068747,-inf,0.00028444445,0.24551065,1.0,1.0,0.0
Astrocyte,Endothelial,CCL4,CCR5,0.12968315,1.0,0.016816797,-0.48949452938644666,-inf,0.00054443994,0.17711471,1.0,1.0,0.15270975,1.0,0.02328903,-0.6721687244068747,-inf,0.00028444445,0.24551065,1.0,1.0,0.0
Astrocyte,Endothelial,CCL11,ACKR1,0.12968315,1.0,0.016816797,-0.48949452938644666,-inf,0.00054443994,0.17711471,1.0,1.0,0.15270975,1.0,0.02328903,-0.6721687244068747,-inf,0.00028444445,0.24551065,1.0,1.0,0.0
Endothelial,Astrocyte,CFP,NCR1,0.12968315,1.0,0.016816797,-0.48949452938644666,-inf,0.00054443994,0.17711471,1.0,1.0,0.15270975,1.0,0.02328903,-0.6721687244068747,-inf,0.00028444445,0.24551065,1.0,1.0,0.0
Astrocyte,Endothelial,CCL1,ACKR1,0.12968315,1.0,0.016816797,-0.48949452938644666,-inf,0.00054443994,0.17711471,1.0,1.0,0.15270975,1.0,0.02328903,-0.6721687244068747,-inf,0.00028444445,0.24551065,1.0,1.0,0.0
Astrocyte,Endothelial,BMP8A,TGFBR1,0.12968315,1.0,0.016816797,-0.48949452938644666,-inf,0.00054443994,0.17711471,1.0,1.0,0.15270975,1.0,0.02328903,-0.6721687244068747,-inf,0.00028444445,0.24551065,1.0,1.0,0.0
Endothelial,Astrocyte,CGA,RAMP2,0.12968315,1.0,0.016816797,-0.48949452938644666,-inf,0.00054443994,0.17711471,1.0,1.0,0.15270975,1.0,0.02328903,-0.6721687244068747,-inf,0.00028444445,0.24551065,1.0,1.0,0.0
Astrocyte,Endothelial,CAMP,FPR2,0.12968315,1.0,0.016816797,-0.48949452938644666,-inf,0.00054443994,0.17711471,1.0,1.0,0.15270975,1.0,0.02328903,-0.6721687244068747,-inf,0.00028444445,0.24551065,1.0,1.0,0.0
Astrocyte,Astrocyte,SCT,RAMP2,0.12968315,1.0,0.016816797,-0.48949452938644666,-inf,0.00054443994,0.17711471,1.0,1.0,0.15270975,1.0,0.02328903,-0.6721687244068747,-inf,0.00028444445,0.24551065,1.0,1.0,0.0
Astrocyte,Astrocyte,SNCA,LAG3,0.12968315,1.0,0.016816797,-0.48949452938644666,-inf,0.00054443994,0.17711471,1.0,1.0,0.15270975,1.0,0.02328903,-0.6721687244068747,-inf,0.00028444445,0.24551065,1.0,1.0,0.0
Astrocyte,Astrocyte,TDGF1,ACVR1C,0.12968315,1.0,0.016816797,-0.48949452938644666,-inf,0.00054443994,0.17711471,1.0,1.0,0.15270975,1.0,0.02328903,-0.6721687244068747,-inf,0.00028444445,0.24551065,1.0,1.0,0.0
Astrocyte,Astrocyte,TIMP1,CD63,0.12968315,1.0,0.016816797,-0.48949452938644666,-inf,0.00054443994,0.17711471,1.0,1.0,0.15270975,1.0,0.02328903,-0.6721687244068747,-inf,0.00028444445,0.24551065,1.0,1.0,0.0
Astrocyte,Astrocyte,VWF,SIRPA,0.12968315,1.0,0.016816797,-0.48949452938644666,-inf,0.00054443994,0.17711471,1.0,1.0,0.15270975,1.0,0.02328903,-0.6721687244068747,-inf,0.00028444445,0.24551065,1.0,1.0,0.0
Astrocyte,Astrocyte,XCL1,XCR1,0.12968315,1.0,0.016816797,-0.48949452938644666,-inf,0.00054443994,0.17711471,1.0,1.0,0.15270975,1.0,0.02328903,-0.6721687244068747,-inf,0.00028444445,0.24551065,1.0,1.0,0.0
Astrocyte,Endothelial,ADM,GPR84,0.12968315,1.0,0.016816797,-0.48949452938644666,-inf,0.00054443994,0.17711471,1.0,1.0,0.15270975,1.0,0.02328903,-0.6721687244068747,-inf,0.00028444445,0.24551065,1.0,1.0,0.0
Astrocyte,Endothelial,ADM,RAMP1,0.12968315,1.0,0.016816797,-0.48949452938644666,-inf,0.00054443994,0.17711471,1.0,1.0,0.15270975,1.0,0.02328903,-0.6721687244068747,-inf,0.00028444445,0.24551065,1.0,1.0,0.0
Astrocyte,Endothelial,ADM,RAMP2,0.12968315,1.0,0.016816797,-0.48949452938644666,-inf,0.00054443994,0.17711471,1.0,1.0,0.15270975,1.0,0.02328903,-0.6721687244068747,-inf,0.00028444445,0.24551065,1.0,1.0,0.0
Astrocyte,Endothelial,CCL5,SDC4,0.12968315,1.0,0.016816797,-0.48949452938644666,-inf,0.00054443994,0.17711471,1.0,1.0,0.15270975,1.0,0.02328903,-0.6721687244068747,-inf,0.00028444445,0.24551065,1.0,1.0,0.0
Astrocyte,Endothelial,ANGPTL4,GPIHBP1,0.12968315,1.0,0.016816797,-0.48949452938644666,-inf,0.00054443994,0.17711471,1.0,1.0,0.15270975,1.0,0.02328903,-0.6721687244068747,-inf,0.00028444445,0.24551065,1.0,1.0,0.0
Astrocyte,Endothelial,APOB,LSR,0.12968315,1.0,0.016816797,-0.48949452938644666,-inf,0.00054443994,0.17711471,1.0,1.0,0.15270975,1.0,0.02328903,-0.6721687244068747,-inf,0.00028444445,0.24551065,1.0,1.0,0.0
Endothelial,Microglia,MSMP,CCR2,0.12968315,1.0,0.016816797,-0.48949452938644666,-inf,0.00054443994,0.17711471,1.0,1.0,0.15270975,1.0,0.02328903,-0.6721687244068747,-inf,0.00028444445,0.24551065,1.0,1.0,0.0
Astrocyte,Endothelial,APP,FPR2,0.12968315,1.0,0.016816797,-0.48949452938644666,-inf,0.00054443994,0.17711471,1.0,1.0,0.15270975,1.0,0.02328903,-0.6721687244068747,-inf,0.00028444445,0.24551065,1.0,1.0,0.0
Astrocyte,Endothelial,B2M,KLRC1,0.12968315,1.0,0.016816797,-0.48949452938644666,-inf,0.00054443994,0.17711471,1.0,1.0,0.15270975,1.0,0.02328903,-0.6721687244068747,-inf,0.00028444445,0.24551065,1.0,1.0,0.0
Astrocyte,Endothelial,B2M,KLRC2,0.12968315,1.0,0.016816797,-0.48949452938644666,-inf,0.00054443994,0.17711471,1.0,1.0,0.15270975,1.0,0.02328903,-0.6721687244068747,-inf,0.00028444445,0.24551065,1.0,1.0,0.0
Astrocyte,Endothelial,B2M,KLRD1,0.12968315,1.0,0.016816797,-0.48949452938644666,-inf,0.00054443994,0.17711471,1.0,1.0,0.15270975,1.0,0.02328903,-0.6721687244068747,-inf,0.00028444445,0.24551065,1.0,1.0,0.0
Astrocyte,Endothelial,CAMP,IGF1R,0.12968315,1.0,0.016816797,-0.48949452938644666,-inf,0.00054443994,0.17711471,1.0,1.0,0.15270975,1.0,0.02328903,-0.6721687244068747,-inf,0.00028444445,0.24551065,1.0,1.0,0.0
Endothelial,Astrocyte,CXCL10,ACKR1,0.12968315,1.0,0.016816797,-0.48949452938644666,-inf,0.00054443994,0.17711471,1.0,1.0,0.15270975,1.0,0.02328903,-0.6721687244068747,-inf,0.00028444445,0.24551065,1.0,1.0,0.0
Astrocyte,Microglia,CFP,NCR1,0.12968315,1.0,0.016816797,-0.48949452938644666,-inf,0.00054443994,0.17711471,1.0,1.0,0.15270975,1.0,0.02328903,-0.6721687244068747,-inf,0.00028444445,0.24551065,1.0,1.0,0.0
Astrocyte,Microglia,CXCL10,CCR3,0.12968315,1.0,0.016816797,-0.48949452938644666,-inf,0.00054443994,0.17711471,1.0,1.0,0.15270975,1.0,0.02328903,-0.6721687244068747,-inf,0.00028444445,0.24551065,1.0,1.0,0.0
Astrocyte,Astrocyte,B2M,KLRC1,0.12968315,1.0,0.016816797,-0.48949452938644666,-inf,0.00054443994,0.17711471,1.0,1.0,0.15270975,1.0,0.02328903,-0.6721687244068747,-inf,0.00028444445,0.24551065,1.0,1.0,0.0
Astrocyte,Astrocyte,B2M,KLRC2,0.12968315,1.0,0.016816797,-0.48949452938644666,-inf,0.00054443994,0.17711471,1.0,1.0,0.15270975,1.0,0.02328903,-0.6721687244068747,-inf,0.00028444445,0.24551065,1.0,1.0,0.0
Astrocyte,Astrocyte,B2M,KLRD1,0.12968315,1.0,0.016816797,-0.48949452938644666,-inf,0.00054443994,0.17711471,1.0,1.0,0.15270975,1.0,0.02328903,-0.6721687244068747,-inf,0.00028444445,0.24551065,1.0,1.0,0.0
Astrocyte,Astrocyte,BMP8A,TGFBR1,0.12968315,1.0,0.016816797,-0.48949452938644666,-inf,0.00054443994,0.17711471,1.0,1.0,0.15270975,1.0,0.02328903,-0.6721687244068747,-inf,0.00028444445,0.24551065,1.0,1.0,0.0
Astrocyte,Astrocyte,CD40LG,CD53,0.12968315,1.0,0.016816797,-0.48949452938644666,-inf,0.00054443994,0.17711471,1.0,1.0,0.15270975,1.0,0.02328903,-0.6721687244068747,-inf,0.00028444445,0.24551065,1.0,1.0,0.0
Astrocyte,Astrocyte,CD177,PECAM1,0.12968315,1.0,0.016816797,-0.48949452938644666,-inf,0.00054443994,0.17711471,1.0,1.0,0.15270975,1.0,0.02328903,-0.6721687244068747,-inf,0.00028444445,0.24551065,1.0,1.0,0.0
Astrocyte,Astrocyte,CCL8,CCR5,0.12968315,1.0,0.016816797,-0.48949452938644666,-inf,0.00054443994,0.17711471,1.0,1.0,0.15270975,1.0,0.02328903,-0.6721687244068747,-inf,0.00028444445,0.24551065,1.0,1.0,0.0
Astrocyte,Astrocyte,CCL8,CCR3,0.12968315,1.0,0.016816797,-0.48949452938644666,-inf,0.00054443994,0.17711471,1.0,1.0,0.15270975,1.0,0.02328903,-0.6721687244068747,-inf,0.00028444445,0.24551065,1.0,1.0,0.0
Astrocyte,Astrocyte,APP,FPR2,0.12968315,1.0,0.016816797,-0.48949452938644666,-inf,0.00054443994,0.17711471,1.0,1.0,0.15270975,1.0,0.02328903,-0.6721687244068747,-inf,0.00028444445,0.24551065,1.0,1.0,0.0
Astrocyte,Endothelial,CXCL10,CCR3,0.12968315,1.0,0.016816797,-0.48949452938644666,-inf,0.00054443994,0.17711471,1.0,1.0,0.15270975,1.0,0.02328903,-0.6721687244068747,-inf,0.00028444445,0.24551065,1.0,1.0,0.0
Astrocyte,Endothelial,CXCL12,AVPR1A,0.12968315,1.0,0.016816797,-0.48949452938644666,-inf,0.00054443994,0.17711471,1.0,1.0,0.15270975,1.0,0.02328903,-0.6721687244068747,-inf,0.00028444445,0.24551065,1.0,1.0,0.0
Astrocyte,Endothelial,CXCL2,CXCR1,0.12968315,1.0,0.016816797,-0.48949452938644666,-inf,0.00054443994,0.17711471,1.0,1.0,0.15270975,1.0,0.02328903,-0.6721687244068747,-inf,0.00028444445,0.24551065,1.0,1.0,0.0
Astrocyte,Endothelial,CGA,RAMP2,0.12968315,1.0,0.016816797,-0.48949452938644666,-inf,0.00054443994,0.17711471,1.0,1.0,0.15270975,1.0,0.02328903,-0.6721687244068747,-inf,0.00028444445,0.24551065,1.0,1.0,0.0
Astrocyte,Astrocyte,SAA1,FPR2,0.12968315,1.0,0.016816797,-0.48949452938644666,-inf,0.00054443994,0.17711471,1.0,1.0,0.15270975,1.0,0.02328903,-0.6721687244068747,-inf,0.00028444445,0.24551065,1.0,1.0,0.0
Astrocyte,Astrocyte,SAA1,FPR1,0.12968315,1.0,0.016816797,-0.48949452938644666,-inf,0.00054443994,0.17711471,1.0,1.0,0.15270975,1.0,0.02328903,-0.6721687244068747,-inf,0.00028444445,0.24551065,1.0,1.0,0.0
Astrocyte,Astrocyte,CCL28,CCR3,0.12968315,1.0,0.016816797,-0.48949452938644666,-inf,0.00054443994,0.17711471,1.0,1.0,0.15270975,1.0,0.02328903,-0.6721687244068747,-inf,0.00028444445,0.24551065,1.0,1.0,0.0
Astrocyte,Astrocyte,CCL3,CCR3,0.12968315,1.0,0.016816797,-0.48949452938644666,-inf,0.00054443994,0.17711471,1.0,1.0,0.15270975,1.0,0.02328903,-0.6721687244068747,-inf,0.00028444445,0.24551065,1.0,1.0,0.0
Astrocyte,Astrocyte,CCL2,CCR3,0.12968315,1.0,0.016816797,-0.48949452938644666,-inf,0.00054443994,0.17711471,1.0,1.0,0.15270975,1.0,0.02328903,-0.6721687244068747,-inf,0.00028444445,0.24551065,1.0,1.0,0.0
Astrocyte,Endothelial,CXCL10,SDC4,0.12968315,1.0,0.016816797,-0.48949452938644666,-inf,0.00054443994,0.17711471,1.0,1.0,0.15270975,1.0,0.02328903,-0.6721687244068747,-inf,0.00028444445,0.24551065,1.0,1.0,0.0
Astrocyte,Astrocyte,APOB,TREM2,0.12968315,1.0,0.016816797,-0.48949452938644666,-inf,0.00054443994,0.17711471,1.0,1.0,0.15270975,1.0,0.02328903,-0.6721687244068747,-inf,0.00028444445,0.24551065,1.0,1.0,0.0
Astrocyte,Astrocyte,APOB,LSR,0.12968315,1.0,0.016816797,-0.48949452938644666,-inf,0.00054443994,0.17711471,1.0,1.0,0.15270975,1.0,0.02328903,-0.6721687244068747,-inf,0.00028444445,0.24551065,1.0,1.0,0.0
Astrocyte,Astrocyte,ANXA1,FPR1,0.12968315,1.0,0.016816797,-0.48949452938644666,-inf,0.00054443994,0.17711471,1.0,1.0,0.15270975,1.0,0.02328903,-0.6721687244068747,-inf,0.00028444445,0.24551065,1.0,1.0,0.0
Astrocyte,Microglia,F10,F3,0.12968315,1.0,0.016816797,-0.48949452938644666,-inf,0.00054443994,0.17711471,1.0,1.0,0.15270975,1.0,0.02328903,-0.6721687244068747,-inf,0.00028444445,0.24551065,1.0,1.0,0.0
Astrocyte,Oligodendrocyte,ANXA1,FPR1,0.12968315,1.0,0.016816797,-0.48949452938644666,-inf,0.00054443994,0.17711471,1.0,1.0,0.15270975,1.0,0.02328903,-0.6721687244068747,-inf,0.00028444445,0.24551065,1.0,1.0,0.0
Astrocyte,Oligodendrocyte,APOB,TREM2,0.12968315,1.0,0.016816797,-0.48949452938644666,-inf,0.00054443994,0.17711471,1.0,1.0,0.15270975,1.0,0.02328903,-0.6721687244068747,-inf,0.00028444445,0.24551065,1.0,1.0,0.0
Astrocyte,Astrocyte,CXCL3,CXCR1,0.12968315,1.0,0.016816797,-0.48949452938644666,-inf,0.00054443994,0.17711471,1.0,1.0,0.15270975,1.0,0.02328903,-0.6721687244068747,-inf,0.00028444445,0.24551065,1.0,1.0,0.0
Astrocyte,Astrocyte,CCL11,ACKR1,0.12968315,1.0,0.016816797,-0.48949452938644666,-inf,0.00054443994,0.17711471,1.0,1.0,0.15270975,1.0,0.02328903,-0.6721687244068747,-inf,0.00028444445,0.24551065,1.0,1.0,0.0
Astrocyte,Astrocyte,CXCL2,XCR1,0.12968315,1.0,0.016816797,-0.48949452938644666,-inf,0.00054443994,0.17711471,1.0,1.0,0.15270975,1.0,0.02328903,-0.6721687244068747,-inf,0.00028444445,0.24551065,1.0,1.0,0.0
Astrocyte,Astrocyte,CD40LG,CD9,0.12968315,1.0,0.016816797,-0.48949452938644666,-inf,0.00054443994,0.17711471,1.0,1.0,0.15270975,1.0,0.02328903,-0.6721687244068747,-inf,0.00028444445,0.24551065,1.0,1.0,0.0
Astrocyte,Astrocyte,CFP,NCR1,0.12968315,1.0,0.016816797,-0.48949452938644666,-inf,0.00054443994,0.17711471,1.0,1.0,0.15270975,1.0,0.02328903,-0.6721687244068747,-inf,0.00028444445,0.24551065,1.0,1.0,0.0
Astrocyte,Astrocyte,CGA,GPR84,0.12968315,1.0,0.016816797,-0.48949452938644666,-inf,0.00054443994,0.17711471,1.0,1.0,0.15270975,1.0,0.02328903,-0.6721687244068747,-inf,0.00028444445,0.24551065,1.0,1.0,0.0
Astrocyte,Astrocyte,CGA,RAMP2,0.12968315,1.0,0.016816797,-0.48949452938644666,-inf,0.00054443994,0.17711471,1.0,1.0,0.15270975,1.0,0.02328903,-0.6721687244068747,-inf,0.00028444445,0.24551065,1.0,1.0,0.0
Astrocyte,Astrocyte,COL3A1,MAG,0.12968315,1.0,0.016816797,-0.48949452938644666,-inf,0.00054443994,0.17711471,1.0,1.0,0.15270975,1.0,0.02328903,-0.6721687244068747,-inf,0.00028444445,0.24551065,1.0,1.0,0.0
Astrocyte,Astrocyte,CSF2,CSF1R,0.12968315,1.0,0.016816797,-0.48949452938644666,-inf,0.00054443994,0.17711471,1.0,1.0,0.15270975,1.0,0.02328903,-0.6721687244068747,-inf,0.00028444445,0.24551065,1.0,1.0,0.0
Astrocyte,Astrocyte,CCL8,CCR1,0.12968315,1.0,0.016816797,-0.48949452938644666,-inf,0.00054443994,0.17711471,1.0,1.0,0.15270975,1.0,0.02328903,-0.6721687244068747,-inf,0.00028444445,0.24551065,1.0,1.0,0.0
Astrocyte,Astrocyte,CSF3,CSF1R,0.12968315,1.0,0.016816797,-0.48949452938644666,-inf,0.00054443994,0.17711471,1.0,1.0,0.15270975,1.0,0.02328903,-0.6721687244068747,-inf,0.00028444445,0.24551065,1.0,1.0,0.0
Astrocyte,Astrocyte,CCL24,CCR2,0.12968315,1.0,0.016816797,-0.48949452938644666,-inf,0.00054443994,0.17711471,1.0,1.0,0.15270975,1.0,0.02328903,-0.6721687244068747,-inf,0.00028444445,0.24551065,1.0,1.0,0.0
Astrocyte,Astrocyte,CCL2,ACKR1,0.12968315,1.0,0.016816797,-0.48949452938644666,-inf,0.00054443994,0.17711471,1.0,1.0,0.15270975,1.0,0.02328903,-0.6721687244068747,-inf,0.00028444445,0.24551065,1.0,1.0,0.0
Astrocyte,Astrocyte,ADM,RAMP1,0.12968315,1.0,0.016816797,-0.48949452938644666,-inf,0.00054443994,0.17711471,1.0,1.0,0.15270975,1.0,0.02328903,-0.6721687244068747,-inf,0.00028444445,0.24551065,1.0,1.0,0.0
Astrocyte,Astrocyte,ADM,RAMP2,0.12968315,1.0,0.016816797,-0.48949452938644666,-inf,0.00054443994,0.17711471,1.0,1.0,0.15270975,1.0,0.02328903,-0.6721687244068747,-inf,0.00028444445,0.24551065,1.0,1.0,0.0
Astrocyte,Astrocyte,ANGPTL4,GPIHBP1,0.12968315,1.0,0.016816797,-0.48949452938644666,-inf,0.00054443994,0.17711471,1.0,1.0,0.15270975,1.0,0.02328903,-0.6721687244068747,-inf,0.00028444445,0.24551065,1.0,1.0,0.0
Astrocyte,Astrocyte,CCL4,CCR3,0.12968315,1.0,0.016816797,-0.48949452938644666,-inf,0.00054443994,0.17711471,1.0,1.0,0.15270975,1.0,0.02328903,-0.6721687244068747,-inf,0.00028444445,0.24551065,1.0,1.0,0.0
Astrocyte,Astrocyte,CCL5,ACKR1,0.12968315,1.0,0.016816797,-0.48949452938644666,-inf,0.00054443994,0.17711471,1.0,1.0,0.15270975,1.0,0.02328903,-0.6721687244068747,-inf,0.00028444445,0.24551065,1.0,1.0,0.0
Astrocyte,Astrocyte,CCL5,CCR1,0.12968315,1.0,0.016816797,-0.48949452938644666,-inf,0.00054443994,0.17711471,1.0,1.0,0.15270975,1.0,0.02328903,-0.6721687244068747,-inf,0.00028444445,0.24551065,1.0,1.0,0.0
Astrocyte,Astrocyte,CCL5,CCR3,0.12968315,1.0,0.016816797,-0.48949452938644666,-inf,0.00054443994,0.17711471,1.0,1.0,0.15270975,1.0,0.02328903,-0.6721687244068747,-inf,0.00028444445,0.24551065,1.0,1.0,0.0
Astrocyte,Astrocyte,CXCL1,CXCR1,0.12968315,1.0,0.016816797,-0.48949452938644666,-inf,0.00054443994,0.17711471,1.0,1.0,0.15270975,1.0,0.02328903,-0.6721687244068747,-inf,0.00028444445,0.24551065,1.0,1.0,0.0
Astrocyte,Astrocyte,HP,CD163,0.12968315,1.0,0.016816797,-0.48949452938644666,-inf,0.00054443994,0.17711471,1.0,1.0,0.15270975,1.0,0.02328903,-0.6721687244068747,-inf,0.00028444445,0.24551065,1.0,1.0,0.0
Astrocyte,Astrocyte,HDC,HRH3,0.12968315,1.0,0.016816797,-0.48949452938644666,-inf,0.00054443994,0.17711471,1.0,1.0,0.15270975,1.0,0.02328903,-0.6721687244068747,-inf,0.00028444445,0.24551065,1.0,1.0,0.0
Astrocyte,Astrocyte,CXCL10,ACKR1,0.12968315,1.0,0.016816797,-0.48949452938644666,-inf,0.00054443994,0.17711471,1.0,1.0,0.15270975,1.0,0.02328903,-0.6721687244068747,-inf,0.00028444445,0.24551065,1.0,1.0,0.0
Astrocyte,Astrocyte,CXCL10,CCR3,0.12968315,1.0,0.016816797,-0.48949452938644666,-inf,0.00054443994,0.17711471,1.0,1.0,0.15270975,1.0,0.02328903,-0.6721687244068747,-inf,0.00028444445,0.24551065,1.0,1.0,0.0
Astrocyte,Astrocyte,CXCL10,SDC4,0.12968315,1.0,0.016816797,-0.48949452938644666,-inf,0.00054443994,0.17711471,1.0,1.0,0.15270975,1.0,0.02328903,-0.6721687244068747,-inf,0.00028444445,0.24551065,1.0,1.0,0.0
Astrocyte,Astrocyte,CXCL12,AVPR1A,0.12968315,1.0,0.016816797,-0.48949452938644666,-inf,0.00054443994,0.17711471,1.0,1.0,0.15270975,1.0,0.02328903,-0.6721687244068747,-inf,0.00028444445,0.24551065,1.0,1.0,0.0
Astrocyte,Astrocyte,CXCL2,ACKR1,0.12968315,1.0,0.016816797,-0.48949452938644666,-inf,0.00054443994,0.17711471,1.0,1.0,0.15270975,1.0,0.02328903,-0.6721687244068747,-inf,0.00028444445,0.24551065,1.0,1.0,0.0
Astrocyte,Astrocyte,CXCL2,CXCR1,0.12968315,1.0,0.016816797,-0.48949452938644666,-inf,0.00054443994,0.17711471,1.0,1.0,0.15270975,1.0,0.02328903,-0.6721687244068747,-inf,0.00028444445,0.24551065,1.0,1.0,0.0
Astrocyte,Astrocyte,CXCL2,CXCR2,0.12968315,1.0,0.016816797,-0.48949452938644666,-inf,0.00054443994,0.17711471,1.0,1.0,0.15270975,1.0,0.02328903,-0.6721687244068747,-inf,0.00028444445,0.24551065,1.0,1.0,0.0
Astrocyte,Astrocyte,PENK,OPRL1,0.12968315,1.0,0.016816797,-0.48949452938644666,-inf,0.00054443994,0.17711471,1.0,1.0,0.15270975,1.0,0.02328903,-0.6721687244068747,-inf,0.00028444445,0.24551065,1.0,1.0,0.0
Astrocyte,Astrocyte,CXCL3,ACKR1,0.12968315,1.0,0.016816797,-0.48949452938644666,-inf,0.00054443994,0.17711471,1.0,1.0,0.15270975,1.0,0.02328903,-0.6721687244068747,-inf,0.00028444445,0.24551065,1.0,1.0,0.0
Astrocyte,Astrocyte,HSPA1A,GRIN2D,0.12968315,1.0,0.016816797,-0.48949452938644666,-inf,0.00054443994,0.17711471,1.0,1.0,0.15270975,1.0,0.02328903,-0.6721687244068747,-inf,0.00028444445,0.24551065,1.0,1.0,0.0
Astrocyte,Astrocyte,CAMP,FPR2,0.12968315,1.0,0.016816797,-0.48949452938644666,-inf,0.00054443994,0.17711471,1.0,1.0,0.15270975,1.0,0.02328903,-0.6721687244068747,-inf,0.00028444445,0.24551065,1.0,1.0,0.0
Astrocyte,Astrocyte,CAMP,IGF1R,0.12968315,1.0,0.016816797,-0.48949452938644666,-inf,0.00054443994,0.17711471,1.0,1.0,0.15270975,1.0,0.02328903,-0.6721687244068747,-inf,0.00028444445,0.24551065,1.0,1.0,0.0
Astrocyte,Astrocyte,CCL1,ACKR1,0.12968315,1.0,0.016816797,-0.48949452938644666,-inf,0.00054443994,0.17711471,1.0,1.0,0.15270975,1.0,0.02328903,-0.6721687244068747,-inf,0.00028444445,0.24551065,1.0,1.0,0.0
Astrocyte,Oligodendrocyte,CCL3,CCR1,0.12968315,1.0,0.016816797,-0.48949452938644666,-inf,0.00054443994,0.17711471,1.0,1.0,0.15270975,1.0,0.02328903,-0.6721687244068747,-inf,0.00028444445,0.24551065,1.0,1.0,0.0
Astrocyte,Astrocyte,CCL11,CCR2,0.12968315,1.0,0.016816797,-0.48949452938644666,-inf,0.00054443994,0.17711471,1.0,1.0,0.15270975,1.0,0.02328903,-0.6721687244068747,-inf,0.00028444445,0.24551065,1.0,1.0,0.0
Astrocyte,Astrocyte,CCL11,CCR3,0.12968315,1.0,0.016816797,-0.48949452938644666,-inf,0.00054443994,0.17711471,1.0,1.0,0.15270975,1.0,0.02328903,-0.6721687244068747,-inf,0.00028444445,0.24551065,1.0,1.0,0.0
Astrocyte,Astrocyte,RLN3,RAMP2,0.12968315,1.0,0.016816797,-0.48949452938644666,-inf,0.00054443994,0.17711471,1.0,1.0,0.15270975,1.0,0.02328903,-0.6721687244068747,-inf,0.00028444445,0.24551065,1.0,1.0,0.0
Astrocyte,Microglia,ITIH2,FCER1A,0.12968315,1.0,0.016816797,-0.48949452938644666,-inf,0.00054443994,0.17711471,1.0,1.0,0.15270975,1.0,0.02328903,-0.6721687244068747,-inf,0.00028444445,0.24551065,1.0,1.0,0.0
Astrocyte,Astrocyte,NTS,NTSR2,0.12968315,1.0,0.016816797,-0.48949452938644666,-inf,0.00054443994,0.17711471,1.0,1.0,0.15270975,1.0,0.02328903,-0.6721687244068747,-inf,0.00028444445,0.24551065,1.0,1.0,0.0
Astrocyte,Astrocyte,RIMS1,SLC17A7,0.12968315,1.0,0.016816797,-0.48949452938644666,-inf,0.00054443994,0.17711471,1.0,1.0,0.15270975,1.0,0.02328903,-0.6721687244068747,-inf,0.00028444445,0.24551065,1.0,1.0,0.0
Astrocyte,Astrocyte,CCL5,CCR5,0.12968315,1.0,0.016816797,-0.48949452938644666,-inf,0.00054443994,0.17711471,1.0,1.0,0.15270975,1.0,0.02328903,-0.6721687244068747,-inf,0.00028444445,0.24551065,1.0,1.0,0.0
Astrocyte,Astrocyte,CCL5,SDC4,0.12968315,1.0,0.016816797,-0.48949452938644666,-inf,0.00054443994,0.17711471,1.0,1.0,0.15270975,1.0,0.02328903,-0.6721687244068747,-inf,0.00028444445,0.24551065,1.0,1.0,0.0
Astrocyte,Astrocyte,CCL7,ACKR1,0.12968315,1.0,0.016816797,-0.48949452938644666,-inf,0.00054443994,0.17711471,1.0,1.0,0.15270975,1.0,0.02328903,-0.6721687244068747,-inf,0.00028444445,0.24551065,1.0,1.0,0.0
Astrocyte,Astrocyte,CCL7,CCR3,0.12968315,1.0,0.016816797,-0.48949452938644666,-inf,0.00054443994,0.17711471,1.0,1.0,0.15270975,1.0,0.02328903,-0.6721687244068747,-inf,0.00028444445,0.24551065,1.0,1.0,0.0
Astrocyte,Astrocyte,CCL24,CCR3,0.12968315,1.0,0.016816797,-0.48949452938644666,-inf,0.00054443994,0.17711471,1.0,1.0,0.15270975,1.0,0.02328903,-0.6721687244068747,-inf,0.00028444445,0.24551065,1.0,1.0,0.0
Astrocyte,Astrocyte,CCL8,ACKR1,0.12968315,1.0,0.016816797,-0.48949452938644666,-inf,0.00054443994,0.17711471,1.0,1.0,0.15270975,1.0,0.02328903,-0.6721687244068747,-inf,0.00028444445,0.24551065,1.0,1.0,0.0
Astrocyte,Astrocyte,CCL8,CCR2,0.12968315,1.0,0.016816797,-0.48949452938644666,-inf,0.00054443994,0.17711471,1.0,1.0,0.15270975,1.0,0.02328903,-0.6721687244068747,-inf,0.00028444445,0.24551065,1.0,1.0,0.0
Astrocyte,Astrocyte,CCL4,GPR152,0.12968315,1.0,0.016816797,-0.48949452938644666,-inf,0.00054443994,0.17711471,1.0,1.0,0.15270975,1.0,0.02328903,-0.6721687244068747,-inf,0.00028444445,0.24551065,1.0,1.0,0.0
Astrocyte,Astrocyte,CALCA,GPR84,0.12968315,1.0,0.016816797,-0.48949452938644666,-inf,0.00054443994,0.17711471,1.0,1.0,0.15270975,1.0,0.02328903,-0.6721687244068747,-inf,0.00028444445,0.24551065,1.0,1.0,0.0
Astrocyte,Astrocyte,CALCB,RAMP1,0.12968315,1.0,0.016816797,-0.48949452938644666,-inf,0.00054443994,0.17711471,1.0,1.0,0.15270975,1.0,0.02328903,-0.6721687244068747,-inf,0.00028444445,0.24551065,1.0,1.0,0.0
Astrocyte,Astrocyte,CALCB,RAMP2,0.12968315,1.0,0.016816797,-0.48949452938644666,-inf,0.00054443994,0.17711471,1.0,1.0,0.15270975,1.0,0.02328903,-0.6721687244068747,-inf,0.00028444445,0.24551065,1.0,1.0,0.0
Astrocyte,Astrocyte,PF4,ACKR1,0.12968315,1.0,0.016816797,-0.48949452938644666,-inf,0.00054443994,0.17711471,1.0,1.0,0.15270975,1.0,0.02328903,-0.6721687244068747,-inf,0.00028444445,0.24551065,1.0,1.0,0.0
Astrocyte,Astrocyte,PNOC,OPRL1,0.12968315,1.0,0.016816797,-0.48949452938644666,-inf,0.00054443994,0.17711471,1.0,1.0,0.15270975,1.0,0.02328903,-0.6721687244068747,-inf,0.00028444445,0.24551065,1.0,1.0,0.0
Astrocyte,Astrocyte,PPBP,ACKR1,0.12968315,1.0,0.016816797,-0.48949452938644666,-inf,0.00054443994,0.17711471,1.0,1.0,0.15270975,1.0,0.02328903,-0.6721687244068747,-inf,0.00028444445,0.24551065,1.0,1.0,0.0
Astrocyte,Astrocyte,PPBP,CXCR1,0.12968315,1.0,0.016816797,-0.48949452938644666,-inf,0.00054443994,0.17711471,1.0,1.0,0.15270975,1.0,0.02328903,-0.6721687244068747,-inf,0.00028444445,0.24551065,1.0,1.0,0.0
Astrocyte,Astrocyte,PPBP,CXCR2,0.12968315,1.0,0.016816797,-0.48949452938644666,-inf,0.00054443994,0.17711471,1.0,1.0,0.15270975,1.0,0.02328903,-0.6721687244068747,-inf,0.00028444445,0.24551065,1.0,1.0,0.0
Astrocyte,Astrocyte,PPY,NPY5R,0.12968315,1.0,0.016816797,-0.48949452938644666,-inf,0.00054443994,0.17711471,1.0,1.0,0.15270975,1.0,0.02328903,-0.6721687244068747,-inf,0.00028444445,0.24551065,1.0,1.0,0.0
Astrocyte,Astrocyte,PROK2,PROKR1,0.12968315,1.0,0.016816797,-0.48949452938644666,-inf,0.00054443994,0.17711471,1.0,1.0,0.15270975,1.0,0.02328903,-0.6721687244068747,-inf,0.00028444445,0.24551065,1.0,1.0,0.0
Astrocyte,Astrocyte,PSAP,GPR37,0.12968315,1.0,0.016816797,-0.48949452938644666,-inf,0.00054443994,0.17711471,1.0,1.0,0.15270975,1.0,0.02328903,-0.6721687244068747,-inf,0.00028444445,0.24551065,1.0,1.0,0.0
Astrocyte,Astrocyte,RLN3,GPR84,0.12968315,1.0,0.016816797,-0.48949452938644666,-inf,0.00054443994,0.17711471,1.0,1.0,0.15270975,1.0,0.02328903,-0.6721687244068747,-inf,0.00028444445,0.24551065,1.0,1.0,0.0
Astrocyte,Microglia,PNOC,OPRL1,0.12968315,1.0,0.016816797,-0.48949452938644666,-inf,0.00054443994,0.17711471,1.0,1.0,0.15270975,1.0,0.02328903,-0.6721687244068747,-inf,0.00028444445,0.24551065,1.0,1.0,0.0
Astrocyte,Microglia,PGLYRP1,TREM1,0.12968315,1.0,0.016816797,-0.48949452938644666,-inf,0.00054443994,0.17711471,1.0,1.0,0.15270975,1.0,0.02328903,-0.6721687244068747,-inf,0.00028444445,0.24551065,1.0,1.0,0.0
Astrocyte,Microglia,PF4,ACKR1,0.12968315,1.0,0.016816797,-0.48949452938644666,-inf,0.00054443994,0.17711471,1.0,1.0,0.15270975,1.0,0.02328903,-0.6721687244068747,-inf,0.00028444445,0.24551065,1.0,1.0,0.0
Astrocyte,Astrocyte,CXCL5,ACKR1,0.12968315,1.0,0.016816797,-0.48949452938644666,-inf,0.00054443994,0.17711471,1.0,1.0,0.15270975,1.0,0.02328903,-0.6721687244068747,-inf,0.00028444445,0.24551065,1.0,1.0,0.0
Astrocyte,Astrocyte,CXCL5,CXCR2,0.12968315,1.0,0.016816797,-0.48949452938644666,-inf,0.00054443994,0.17711471,1.0,1.0,0.15270975,1.0,0.02328903,-0.6721687244068747,-inf,0.00028444445,0.24551065,1.0,1.0,0.0
Astrocyte,Astrocyte,CXCL9,ACKR1,0.12968315,1.0,0.016816797,-0.48949452938644666,-inf,0.00054443994,0.17711471,1.0,1.0,0.15270975,1.0,0.02328903,-0.6721687244068747,-inf,0.00028444445,0.24551065,1.0,1.0,0.0
Astrocyte,Astrocyte,CXCL9,CCR3,0.12968315,1.0,0.016816797,-0.48949452938644666,-inf,0.00054443994,0.17711471,1.0,1.0,0.15270975,1.0,0.02328903,-0.6721687244068747,-inf,0.00028444445,0.24551065,1.0,1.0,0.0
Astrocyte,Astrocyte,CYTL1,CCR2,0.12968315,1.0,0.016816797,-0.48949452938644666,-inf,0.00054443994,0.17711471,1.0,1.0,0.15270975,1.0,0.02328903,-0.6721687244068747,-inf,0.00028444445,0.24551065,1.0,1.0,0.0
Astrocyte,Astrocyte,EDN1,ADGRL4,0.12968315,1.0,0.016816797,-0.48949452938644666,-inf,0.00054443994,0.17711471,1.0,1.0,0.15270975,1.0,0.02328903,-0.6721687244068747,-inf,0.00028444445,0.24551065,1.0,1.0,0.0
Astrocyte,Astrocyte,EDN1,EDNRB,0.12968315,1.0,0.016816797,-0.48949452938644666,-inf,0.00054443994,0.17711471,1.0,1.0,0.15270975,1.0,0.02328903,-0.6721687244068747,-inf,0.00028444445,0.24551065,1.0,1.0,0.0
Astrocyte,Astrocyte,FGL1,LAG3,0.12968315,1.0,0.016816797,-0.48949452938644666,-inf,0.00054443994,0.17711471,1.0,1.0,0.15270975,1.0,0.02328903,-0.6721687244068747,-inf,0.00028444445,0.24551065,1.0,1.0,0.0
Astrocyte,Astrocyte,FN1,CD79A,0.12968315,1.0,0.016816797,-0.48949452938644666,-inf,0.00054443994,0.17711471,1.0,1.0,0.15270975,1.0,0.02328903,-0.6721687244068747,-inf,0.00028444445,0.24551065,1.0,1.0,0.0
Astrocyte,Microglia,RLN3,RAMP2,0.12968315,1.0,0.016816797,-0.48949452938644666,-inf,0.00054443994,0.17711471,1.0,1.0,0.15270975,1.0,0.02328903,-0.6721687244068747,-inf,0.00028444445,0.24551065,1.0,1.0,0.0
Astrocyte,Astrocyte,GAST,CCKBR,0.12968315,1.0,0.016816797,-0.48949452938644666,-inf,0.00054443994,0.17711471,1.0,1.0,0.15270975,1.0,0.02328903,-0.6721687244068747,-inf,0.00028444445,0.24551065,1.0,1.0,0.0
Astrocyte,Astrocyte,GZMA,F2RL1,0.12968315,1.0,0.016816797,-0.48949452938644666,-inf,0.00054443994,0.17711471,1.0,1.0,0.15270975,1.0,0.02328903,-0.6721687244068747,-inf,0.00028444445,0.24551065,1.0,1.0,0.0
Astrocyte,Microglia,GAST,CCKBR,0.12968315,1.0,0.016816797,-0.48949452938644666,-inf,0.00054443994,0.17711471,1.0,1.0,0.15270975,1.0,0.02328903,-0.6721687244068747,-inf,0.00028444445,0.24551065,1.0,1.0,0.0
Astrocyte,Endothelial,LPL,GPIHBP1,0.12968315,1.0,0.016816797,-0.48949452938644666,-inf,0.00054443994,0.17711471,1.0,1.0,0.15270975,1.0,0.02328903,-0.6721687244068747,-inf,0.00028444445,0.24551065,1.0,1.0,0.0
Astrocyte,Endothelial,MFGE8,PDGFRB,0.12968315,1.0,0.016816797,-0.48949452938644666,-inf,0.00054443994,0.17711471,1.0,1.0,0.15270975,1.0,0.02328903,-0.6721687244068747,-inf,0.00028444445,0.24551065,1.0,1.0,0.0
Astrocyte,Endothelial,MSMP,CCR2,0.12968315,1.0,0.016816797,-0.48949452938644666,-inf,0.00054443994,0.17711471,1.0,1.0,0.15270975,1.0,0.02328903,-0.6721687244068747,-inf,0.00028444445,0.24551065,1.0,1.0,0.0
Astrocyte,Microglia,PROK2,PROKR1,0.12968315,1.0,0.016816797,-0.48949452938644666,-inf,0.00054443994,0.17711471,1.0,1.0,0.15270975,1.0,0.02328903,-0.6721687244068747,-inf,0.00028444445,0.24551065,1.0,1.0,0.0
Astrocyte,Microglia,PSAP,GPR37,0.12968315,1.0,0.016816797,-0.48949452938644666,-inf,0.00054443994,0.17711471,1.0,1.0,0.15270975,1.0,0.02328903,-0.6721687244068747,-inf,0.00028444445,0.24551065,1.0,1.0,0.0
Astrocyte,Microglia,PTN,PTPRB,0.12968315,1.0,0.016816797,-0.48949452938644666,-inf,0.00054443994,0.17711471,1.0,1.0,0.15270975,1.0,0.02328903,-0.6721687244068747,-inf,0.00028444445,0.24551065,1.0,1.0,0.0
Astrocyte,Astrocyte,HP,ASGR1,0.12968315,1.0,0.016816797,-0.48949452938644666,-inf,0.00054443994,0.17711471,1.0,1.0,0.15270975,1.0,0.02328903,-0.6721687244068747,-inf,0.00028444445,0.24551065,1.0,1.0,0.0
Astrocyte,Microglia,PTN,PTPRZ1,0.12968315,1.0,0.016816797,-0.48949452938644666,-inf,0.00054443994,0.17711471,1.0,1.0,0.15270975,1.0,0.02328903,-0.6721687244068747,-inf,0.00028444445,0.24551065,1.0,1.0,0.0
Astrocyte,Microglia,RLN3,GPR84,0.12968315,1.0,0.016816797,-0.48949452938644666,-inf,0.00054443994,0.17711471,1.0,1.0,0.15270975,1.0,0.02328903,-0.6721687244068747,-inf,0.00028444445,0.24551065,1.0,1.0,0.0
Astrocyte,Microglia,SAA1,FPR1,0.12968315,1.0,0.016816797,-0.48949452938644666,-inf,0.00054443994,0.17711471,1.0,1.0,0.15270975,1.0,0.02328903,-0.6721687244068747,-inf,0.00028444445,0.24551065,1.0,1.0,0.0
Astrocyte,Microglia,SCT,GPR84,0.12968315,1.0,0.016816797,-0.48949452938644666,-inf,0.00054443994,0.17711471,1.0,1.0,0.15270975,1.0,0.02328903,-0.6721687244068747,-inf,0.00028444445,0.24551065,1.0,1.0,0.0
Astrocyte,Microglia,PPY,NPY5R,0.12968315,1.0,0.016816797,-0.48949452938644666,-inf,0.00054443994,0.17711471,1.0,1.0,0.15270975,1.0,0.02328903,-0.6721687244068747,-inf,0.00028444445,0.24551065,1.0,1.0,0.0
Astrocyte,Microglia,SCT,RAMP2,0.12968315,1.0,0.016816797,-0.48949452938644666,-inf,0.00054443994,0.17711471,1.0,1.0,0.15270975,1.0,0.02328903,-0.6721687244068747,-inf,0.00028444445,0.24551065,1.0,1.0,0.0
Astrocyte,Microglia,SNCA,LAG3,0.12968315,1.0,0.016816797,-0.48949452938644666,-inf,0.00054443994,0.17711471,1.0,1.0,0.15270975,1.0,0.02328903,-0.6721687244068747,-inf,0.00028444445,0.24551065,1.0,1.0,0.0
Astrocyte,Microglia,TDGF1,ACVR1C,0.12968315,1.0,0.016816797,-0.48949452938644666,-inf,0.00054443994,0.17711471,1.0,1.0,0.15270975,1.0,0.02328903,-0.6721687244068747,-inf,0.00028444445,0.24551065,1.0,1.0,0.0
Astrocyte,Microglia,TIMP1,CD63,0.12968315,1.0,0.016816797,-0.48949452938644666,-inf,0.00054443994,0.17711471,1.0,1.0,0.15270975,1.0,0.02328903,-0.6721687244068747,-inf,0.00028444445,0.24551065,1.0,1.0,0.0
Astrocyte,Microglia,TNF,FAS,0.12968315,1.0,0.016816797,-0.48949452938644666,-inf,0.00054443994,0.17711471,1.0,1.0,0.15270975,1.0,0.02328903,-0.6721687244068747,-inf,0.00028444445,0.24551065,1.0,1.0,0.0
Astrocyte,Microglia,FN1,CD79A,0.12968315,1.0,0.016816797,-0.48949452938644666,-inf,0.00054443994,0.17711471,1.0,1.0,0.15270975,1.0,0.02328903,-0.6721687244068747,-inf,0.00028444445,0.24551065,1.0,1.0,0.0
Astrocyte,Microglia,XCL1,XCR1,0.12968315,1.0,0.016816797,-0.48949452938644666,-inf,0.00054443994,0.17711471,1.0,1.0,0.15270975,1.0,0.02328903,-0.6721687244068747,-inf,0.00028444445,0.24551065,1.0,1.0,0.0
Astrocyte,Oligodendrocyte,ADM,GPR84,0.12968315,1.0,0.016816797,-0.48949452938644666,-inf,0.00054443994,0.17711471,1.0,1.0,0.15270975,1.0,0.02328903,-0.6721687244068747,-inf,0.00028444445,0.24551065,1.0,1.0,0.0
Astrocyte,Oligodendrocyte,ADM,RAMP1,0.12968315,1.0,0.016816797,-0.48949452938644666,-inf,0.00054443994,0.17711471,1.0,1.0,0.15270975,1.0,0.02328903,-0.6721687244068747,-inf,0.00028444445,0.24551065,1.0,1.0,0.0
Astrocyte,Oligodendrocyte,ADM,RAMP2,0.12968315,1.0,0.016816797,-0.48949452938644666,-inf,0.00054443994,0.17711471,1.0,1.0,0.15270975,1.0,0.02328903,-0.6721687244068747,-inf,0.00028444445,0.24551065,1.0,1.0,0.0
Astrocyte,Microglia,SELPLG,SELL,0.12968315,1.0,0.016816797,-0.48949452938644666,-inf,0.00054443994,0.17711471,1.0,1.0,0.15270975,1.0,0.02328903,-0.6721687244068747,-inf,0.00028444445,0.24551065,1.0,1.0,0.0
Astrocyte,Oligodendrocyte,ANGPTL4,GPIHBP1,0.12968315,1.0,0.016816797,-0.48949452938644666,-inf,0.00054443994,0.17711471,1.0,1.0,0.15270975,1.0,0.02328903,-0.6721687244068747,-inf,0.00028444445,0.24551065,1.0,1.0,0.0
Astrocyte,Microglia,PPBP,CXCR2,0.12968315,1.0,0.016816797,-0.48949452938644666,-inf,0.00054443994,0.17711471,1.0,1.0,0.15270975,1.0,0.02328903,-0.6721687244068747,-inf,0.00028444445,0.24551065,1.0,1.0,0.0
Astrocyte,Microglia,PPBP,ACKR1,0.12968315,1.0,0.016816797,-0.48949452938644666,-inf,0.00054443994,0.17711471,1.0,1.0,0.15270975,1.0,0.02328903,-0.6721687244068747,-inf,0.00028444445,0.24551065,1.0,1.0,0.0
Astrocyte,Microglia,FGL1,LAG3,0.12968315,1.0,0.016816797,-0.48949452938644666,-inf,0.00054443994,0.17711471,1.0,1.0,0.15270975,1.0,0.02328903,-0.6721687244068747,-inf,0.00028444445,0.24551065,1.0,1.0,0.0
Astrocyte,Microglia,SAA1,FPR2,0.12968315,1.0,0.016816797,-0.48949452938644666,-inf,0.00054443994,0.17711471,1.0,1.0,0.15270975,1.0,0.02328903,-0.6721687244068747,-inf,0.00028444445,0.24551065,1.0,1.0,0.0
Astrocyte,Microglia,VWF,SIRPA,0.12968315,1.0,0.016816797,-0.48949452938644666,-inf,0.00054443994,0.17711471,1.0,1.0,0.15270975,1.0,0.02328903,-0.6721687244068747,-inf,0.00028444445,0.24551065,1.0,1.0,0.0
Astrocyte,Astrocyte,CXCL5,CXCR1,0.12968315,1.0,0.016816797,-0.48949452938644666,-inf,0.00054443994,0.17711471,1.0,1.0,0.15270975,1.0,0.02328903,-0.6721687244068747,-inf,0.00028444445,0.24551065,1.0,1.0,0.0
Astrocyte,Astrocyte,CCL11,CCR5,0.12968315,1.0,0.016816797,-0.48949452938644666,-inf,0.00054443994,0.17711471,1.0,1.0,0.15270975,1.0,0.02328903,-0.6721687244068747,-inf,0.00028444445,0.24551065,1.0,1.0,0.0
Astrocyte,Microglia,RIMS1,SLC17A7,0.12968315,1.0,0.016816797,-0.48949452938644666,-inf,0.00054443994,0.17711471,1.0,1.0,0.15270975,1.0,0.02328903,-0.6721687244068747,-inf,0.00028444445,0.24551065,1.0,1.0,0.0
Astrocyte,Microglia,GAST,GPR152,0.12968315,1.0,0.016816797,-0.48949452938644666,-inf,0.00054443994,0.17711471,1.0,1.0,0.15270975,1.0,0.02328903,-0.6721687244068747,-inf,0.00028444445,0.24551065,1.0,1.0,0.0
Astrocyte,Oligodendrocyte,APOB,LSR,0.12968315,1.0,0.016816797,-0.48949452938644666,-inf,0.00054443994,0.17711471,1.0,1.0,0.15270975,1.0,0.02328903,-0.6721687244068747,-inf,0.00028444445,0.24551065,1.0,1.0,0.0
Astrocyte,Oligodendrocyte,CCL8,ACKR1,0.12968315,1.0,0.016816797,-0.48949452938644666,-inf,0.00054443994,0.17711471,1.0,1.0,0.15270975,1.0,0.02328903,-0.6721687244068747,-inf,0.00028444445,0.24551065,1.0,1.0,0.0
Astrocyte,Microglia,GZMA,F2RL1,0.12968315,1.0,0.016816797,-0.48949452938644666,-inf,0.00054443994,0.17711471,1.0,1.0,0.15270975,1.0,0.02328903,-0.6721687244068747,-inf,0.00028444445,0.24551065,1.0,1.0,0.0
Astrocyte,Oligodendrocyte,CCL4,CCR3,0.12968315,1.0,0.016816797,-0.48949452938644666,-inf,0.00054443994,0.17711471,1.0,1.0,0.15270975,1.0,0.02328903,-0.6721687244068747,-inf,0.00028444445,0.24551065,1.0,1.0,0.0
Astrocyte,Oligodendrocyte,CCL3,CCR5,0.12968315,1.0,0.016816797,-0.48949452938644666,-inf,0.00054443994,0.17711471,1.0,1.0,0.15270975,1.0,0.02328903,-0.6721687244068747,-inf,0.00028444445,0.24551065,1.0,1.0,0.0
Astrocyte,Microglia,HP,ASGR1,0.12968315,1.0,0.016816797,-0.48949452938644666,-inf,0.00054443994,0.17711471,1.0,1.0,0.15270975,1.0,0.02328903,-0.6721687244068747,-inf,0.00028444445,0.24551065,1.0,1.0,0.0
Astrocyte,Microglia,HP,CD163,0.12968315,1.0,0.016816797,-0.48949452938644666,-inf,0.00054443994,0.17711471,1.0,1.0,0.15270975,1.0,0.02328903,-0.6721687244068747,-inf,0.00028444445,0.24551065,1.0,1.0,0.0
Astrocyte,Microglia,HSPA1A,GRIN2D,0.12968315,1.0,0.016816797,-0.48949452938644666,-inf,0.00054443994,0.17711471,1.0,1.0,0.15270975,1.0,0.02328903,-0.6721687244068747,-inf,0.00028444445,0.24551065,1.0,1.0,0.0
Astrocyte,Microglia,IL34,PTPRZ1,0.12968315,1.0,0.016816797,-0.48949452938644666,-inf,0.00054443994,0.17711471,1.0,1.0,0.15270975,1.0,0.02328903,-0.6721687244068747,-inf,0.00028444445,0.24551065,1.0,1.0,0.0
Astrocyte,Microglia,IL6,F3,0.12968315,1.0,0.016816797,-0.48949452938644666,-inf,0.00054443994,0.17711471,1.0,1.0,0.15270975,1.0,0.02328903,-0.6721687244068747,-inf,0.00028444445,0.24551065,1.0,1.0,0.0
Astrocyte,Microglia,PPBP,CXCR1,0.12968315,1.0,0.016816797,-0.48949452938644666,-inf,0.00054443994,0.17711471,1.0,1.0,0.15270975,1.0,0.02328903,-0.6721687244068747,-inf,0.00028444445,0.24551065,1.0,1.0,0.0
Astrocyte,Microglia,IL6,MUSK,0.12968315,1.0,0.016816797,-0.48949452938644666,-inf,0.00054443994,0.17711471,1.0,1.0,0.15270975,1.0,0.02328903,-0.6721687244068747,-inf,0.00028444445,0.24551065,1.0,1.0,0.0
Astrocyte,Microglia,LPL,GPIHBP1,0.12968315,1.0,0.016816797,-0.48949452938644666,-inf,0.00054443994,0.17711471,1.0,1.0,0.15270975,1.0,0.02328903,-0.6721687244068747,-inf,0.00028444445,0.24551065,1.0,1.0,0.0
Astrocyte,Microglia,MFGE8,PDGFRB,0.12968315,1.0,0.016816797,-0.48949452938644666,-inf,0.00054443994,0.17711471,1.0,1.0,0.15270975,1.0,0.02328903,-0.6721687244068747,-inf,0.00028444445,0.24551065,1.0,1.0,0.0
Astrocyte,Microglia,MSMP,CCR2,0.12968315,1.0,0.016816797,-0.48949452938644666,-inf,0.00054443994,0.17711471,1.0,1.0,0.15270975,1.0,0.02328903,-0.6721687244068747,-inf,0.00028444445,0.24551065,1.0,1.0,0.0
Astrocyte,Oligodendrocyte,CCL4,CCR1,0.12968315,1.0,0.016816797,-0.48949452938644666,-inf,0.00054443994,0.17711471,1.0,1.0,0.15270975,1.0,0.02328903,-0.6721687244068747,-inf,0.00028444445,0.24551065,1.0,1.0,0.0
Astrocyte,Microglia,NPY,NPY5R,0.12968315,1.0,0.016816797,-0.48949452938644666,-inf,0.00054443994,0.17711471,1.0,1.0,0.15270975,1.0,0.02328903,-0.6721687244068747,-inf,0.00028444445,0.24551065,1.0,1.0,0.0
Astrocyte,Microglia,NTS,NTSR2,0.12968315,1.0,0.016816797,-0.48949452938644666,-inf,0.00054443994,0.17711471,1.0,1.0,0.15270975,1.0,0.02328903,-0.6721687244068747,-inf,0.00028444445,0.24551065,1.0,1.0,0.0
Astrocyte,Microglia,PENK,OPRL1,0.12968315,1.0,0.016816797,-0.48949452938644666,-inf,0.00054443994,0.17711471,1.0,1.0,0.15270975,1.0,0.02328903,-0.6721687244068747,-inf,0.00028444445,0.24551065,1.0,1.0,0.0
Astrocyte,Oligodendrocyte,CCL7,CCR2,0.12968315,1.0,0.016816797,-0.48949452938644666,-inf,0.00054443994,0.17711471,1.0,1.0,0.15270975,1.0,0.02328903,-0.6721687244068747,-inf,0.00028444445,0.24551065,1.0,1.0,0.0
Astrocyte,Astrocyte,GAST,GPR152,0.12968315,1.0,0.016816797,-0.48949452938644666,-inf,0.00054443994,0.17711471,1.0,1.0,0.15270975,1.0,0.02328903,-0.6721687244068747,-inf,0.00028444445,0.24551065,1.0,1.0,0.0
Astrocyte,Oligodendrocyte,CD40LG,CD9,0.12968315,1.0,0.016816797,-0.48949452938644666,-inf,0.00054443994,0.17711471,1.0,1.0,0.15270975,1.0,0.02328903,-0.6721687244068747,-inf,0.00028444445,0.24551065,1.0,1.0,0.0
Astrocyte,Oligodendrocyte,CD34,SELL,0.12968315,1.0,0.016816797,-0.48949452938644666,-inf,0.00054443994,0.17711471,1.0,1.0,0.15270975,1.0,0.02328903,-0.6721687244068747,-inf,0.00028444445,0.24551065,1.0,1.0,0.0
Astrocyte,Oligodendrocyte,CD40LG,CD53,0.12968315,1.0,0.016816797,-0.48949452938644666,-inf,0.00054443994,0.17711471,1.0,1.0,0.15270975,1.0,0.02328903,-0.6721687244068747,-inf,0.00028444445,0.24551065,1.0,1.0,0.0
Astrocyte,Microglia,HDC,HRH3,0.12968315,1.0,0.016816797,-0.48949452938644666,-inf,0.00054443994,0.17711471,1.0,1.0,0.15270975,1.0,0.02328903,-0.6721687244068747,-inf,0.00028444445,0.24551065,1.0,1.0,0.0
Astrocyte,Oligodendrocyte,CCL4,GPR152,0.12968315,1.0,0.016816797,-0.48949452938644666,-inf,0.00054443994,0.17711471,1.0,1.0,0.15270975,1.0,0.02328903,-0.6721687244068747,-inf,0.00028444445,0.24551065,1.0,1.0,0.0
Astrocyte,Oligodendrocyte,CCL5,ACKR1,0.12968315,1.0,0.016816797,-0.48949452938644666,-inf,0.00054443994,0.17711471,1.0,1.0,0.15270975,1.0,0.02328903,-0.6721687244068747,-inf,0.00028444445,0.24551065,1.0,1.0,0.0
Astrocyte,Oligodendrocyte,CCL5,CCR1,0.12968315,1.0,0.016816797,-0.48949452938644666,-inf,0.00054443994,0.17711471,1.0,1.0,0.15270975,1.0,0.02328903,-0.6721687244068747,-inf,0.00028444445,0.24551065,1.0,1.0,0.0
Astrocyte,Oligodendrocyte,CCL5,CCR3,0.12968315,1.0,0.016816797,-0.48949452938644666,-inf,0.00054443994,0.17711471,1.0,1.0,0.15270975,1.0,0.02328903,-0.6721687244068747,-inf,0.00028444445,0.24551065,1.0,1.0,0.0
Astrocyte,Oligodendrocyte,CCL5,CCR5,0.12968315,1.0,0.016816797,-0.48949452938644666,-inf,0.00054443994,0.17711471,1.0,1.0,0.15270975,1.0,0.02328903,-0.6721687244068747,-inf,0.00028444445,0.24551065,1.0,1.0,0.0
Astrocyte,Oligodendrocyte,CCL5,SDC4,0.12968315,1.0,0.016816797,-0.48949452938644666,-inf,0.00054443994,0.17711471,1.0,1.0,0.15270975,1.0,0.02328903,-0.6721687244068747,-inf,0.00028444445,0.24551065,1.0,1.0,0.0
Astrocyte,Oligodendrocyte,CCL7,ACKR1,0.12968315,1.0,0.016816797,-0.48949452938644666,-inf,0.00054443994,0.17711471,1.0,1.0,0.15270975,1.0,0.02328903,-0.6721687244068747,-inf,0.00028444445,0.24551065,1.0,1.0,0.0
Astrocyte,Oligodendrocyte,CCL3,CCR3,0.12968315,1.0,0.016816797,-0.48949452938644666,-inf,0.00054443994,0.17711471,1.0,1.0,0.15270975,1.0,0.02328903,-0.6721687244068747,-inf,0.00028444445,0.24551065,1.0,1.0,0.0
Astrocyte,Oligodendrocyte,CCL7,CCR1,0.12968315,1.0,0.016816797,-0.48949452938644666,-inf,0.00054443994,0.17711471,1.0,1.0,0.15270975,1.0,0.02328903,-0.6721687244068747,-inf,0.00028444445,0.24551065,1.0,1.0,0.0
Astrocyte,Oligodendrocyte,CCL7,CCR3,0.12968315,1.0,0.016816797,-0.48949452938644666,-inf,0.00054443994,0.17711471,1.0,1.0,0.15270975,1.0,0.02328903,-0.6721687244068747,-inf,0.00028444445,0.24551065,1.0,1.0,0.0
Astrocyte,Oligodendrocyte,CCL4,CCR5,0.12968315,1.0,0.016816797,-0.48949452938644666,-inf,0.00054443994,0.17711471,1.0,1.0,0.15270975,1.0,0.02328903,-0.6721687244068747,-inf,0.00028444445,0.24551065,1.0,1.0,0.0
Astrocyte,Oligodendrocyte,CCL7,CCR5,0.12968315,1.0,0.016816797,-0.48949452938644666,-inf,0.00054443994,0.17711471,1.0,1.0,0.15270975,1.0,0.02328903,-0.6721687244068747,-inf,0.00028444445,0.24551065,1.0,1.0,0.0
Astrocyte,Oligodendrocyte,CCL8,CCR1,0.12968315,1.0,0.016816797,-0.48949452938644666,-inf,0.00054443994,0.17711471,1.0,1.0,0.15270975,1.0,0.02328903,-0.6721687244068747,-inf,0.00028444445,0.24551065,1.0,1.0,0.0
Astrocyte,Oligodendrocyte,CCL8,CCR2,0.12968315,1.0,0.016816797,-0.48949452938644666,-inf,0.00054443994,0.17711471,1.0,1.0,0.15270975,1.0,0.02328903,-0.6721687244068747,-inf,0.00028444445,0.24551065,1.0,1.0,0.0
Astrocyte,Oligodendrocyte,CCL8,CCR3,0.12968315,1.0,0.016816797,-0.48949452938644666,-inf,0.00054443994,0.17711471,1.0,1.0,0.15270975,1.0,0.02328903,-0.6721687244068747,-inf,0.00028444445,0.24551065,1.0,1.0,0.0
Astrocyte,Oligodendrocyte,CCL8,CCR5,0.12968315,1.0,0.016816797,-0.48949452938644666,-inf,0.00054443994,0.17711471,1.0,1.0,0.15270975,1.0,0.02328903,-0.6721687244068747,-inf,0.00028444445,0.24551065,1.0,1.0,0.0
Astrocyte,Oligodendrocyte,CD177,PECAM1,0.12968315,1.0,0.016816797,-0.48949452938644666,-inf,0.00054443994,0.17711471,1.0,1.0,0.15270975,1.0,0.02328903,-0.6721687244068747,-inf,0.00028444445,0.24551065,1.0,1.0,0.0
Astrocyte,Astrocyte,CXCL3,CXCR2,0.12968315,1.0,0.016816797,-0.48949452938644666,-inf,0.00054443994,0.17711471,1.0,1.0,0.15270975,1.0,0.02328903,-0.6721687244068747,-inf,0.00028444445,0.24551065,1.0,1.0,0.0
Astrocyte,Astrocyte,CCL17,ACKR1,0.12968315,1.0,0.016816797,-0.48949452938644666,-inf,0.00054443994,0.17711471,1.0,1.0,0.15270975,1.0,0.02328903,-0.6721687244068747,-inf,0.00028444445,0.24551065,1.0,1.0,0.0
Astrocyte,Astrocyte,CCL19,CCR7,0.12968315,1.0,0.016816797,-0.48949452938644666,-inf,0.00054443994,0.17711471,1.0,1.0,0.15270975,1.0,0.02328903,-0.6721687244068747,-inf,0.00028444445,0.24551065,1.0,1.0,0.0
Astrocyte,Astrocyte,CALCB,GPR84,0.12968315,1.0,0.016816797,-0.48949452938644666,-inf,0.00054443994,0.17711471,1.0,1.0,0.15270975,1.0,0.02328903,-0.6721687244068747,-inf,0.00028444445,0.24551065,1.0,1.0,0.0
Astrocyte,Endothelial,TIMP1,CD63,0.12968315,1.0,0.016816797,-0.48949452938644666,-inf,0.00054443994,0.17711471,1.0,1.0,0.15270975,1.0,0.02328903,-0.6721687244068747,-inf,0.00028444445,0.24551065,1.0,1.0,0.0
Astrocyte,Endothelial,VWF,SIRPA,0.12968315,1.0,0.016816797,-0.48949452938644666,-inf,0.00054443994,0.17711471,1.0,1.0,0.15270975,1.0,0.02328903,-0.6721687244068747,-inf,0.00028444445,0.24551065,1.0,1.0,0.0
Astrocyte,Endothelial,XCL1,XCR1,0.12968315,1.0,0.016816797,-0.48949452938644666,-inf,0.00054443994,0.17711471,1.0,1.0,0.15270975,1.0,0.02328903,-0.6721687244068747,-inf,0.00028444445,0.24551065,1.0,1.0,0.0
Astrocyte,Microglia,ADM,GPR84,0.12968315,1.0,0.016816797,-0.48949452938644666,-inf,0.00054443994,0.17711471,1.0,1.0,0.15270975,1.0,0.02328903,-0.6721687244068747,-inf,0.00028444445,0.24551065,1.0,1.0,0.0
Astrocyte,Microglia,ADM,RAMP1,0.12968315,1.0,0.016816797,-0.48949452938644666,-inf,0.00054443994,0.17711471,1.0,1.0,0.15270975,1.0,0.02328903,-0.6721687244068747,-inf,0.00028444445,0.24551065,1.0,1.0,0.0
Astrocyte,Microglia,ADM,RAMP2,0.12968315,1.0,0.016816797,-0.48949452938644666,-inf,0.00054443994,0.17711471,1.0,1.0,0.15270975,1.0,0.02328903,-0.6721687244068747,-inf,0.00028444445,0.24551065,1.0,1.0,0.0
Astrocyte,Microglia,ANGPTL4,GPIHBP1,0.12968315,1.0,0.016816797,-0.48949452938644666,-inf,0.00054443994,0.17711471,1.0,1.0,0.15270975,1.0,0.02328903,-0.6721687244068747,-inf,0.00028444445,0.24551065,1.0,1.0,0.0
Astrocyte,Microglia,ANXA1,FPR1,0.12968315,1.0,0.016816797,-0.48949452938644666,-inf,0.00054443994,0.17711471,1.0,1.0,0.15270975,1.0,0.02328903,-0.6721687244068747,-inf,0.00028444445,0.24551065,1.0,1.0,0.0
Astrocyte,Microglia,APOB,LSR,0.12968315,1.0,0.016816797,-0.48949452938644666,-inf,0.00054443994,0.17711471,1.0,1.0,0.15270975,1.0,0.02328903,-0.6721687244068747,-inf,0.00028444445,0.24551065,1.0,1.0,0.0
Astrocyte,Microglia,APOB,TREM2,0.12968315,1.0,0.016816797,-0.48949452938644666,-inf,0.00054443994,0.17711471,1.0,1.0,0.15270975,1.0,0.02328903,-0.6721687244068747,-inf,0.00028444445,0.24551065,1.0,1.0,0.0
Astrocyte,Microglia,APP,FPR2,0.12968315,1.0,0.016816797,-0.48949452938644666,-inf,0.00054443994,0.17711471,1.0,1.0,0.15270975,1.0,0.02328903,-0.6721687244068747,-inf,0.00028444445,0.24551065,1.0,1.0,0.0
Astrocyte,Endothelial,TDGF1,ACVR1C,0.12968315,1.0,0.016816797,-0.48949452938644666,-inf,0.00054443994,0.17711471,1.0,1.0,0.15270975,1.0,0.02328903,-0.6721687244068747,-inf,0.00028444445,0.24551065,1.0,1.0,0.0
Astrocyte,Microglia,B2M,KLRC1,0.12968315,1.0,0.016816797,-0.48949452938644666,-inf,0.00054443994,0.17711471,1.0,1.0,0.15270975,1.0,0.02328903,-0.6721687244068747,-inf,0.00028444445,0.24551065,1.0,1.0,0.0
Astrocyte,Microglia,B2M,KLRD1,0.12968315,1.0,0.016816797,-0.48949452938644666,-inf,0.00054443994,0.17711471,1.0,1.0,0.15270975,1.0,0.02328903,-0.6721687244068747,-inf,0.00028444445,0.24551065,1.0,1.0,0.0
Astrocyte,Microglia,BMP8A,TGFBR1,0.12968315,1.0,0.016816797,-0.48949452938644666,-inf,0.00054443994,0.17711471,1.0,1.0,0.15270975,1.0,0.02328903,-0.6721687244068747,-inf,0.00028444445,0.24551065,1.0,1.0,0.0
Astrocyte,Microglia,BSG,SLC16A1,0.12968315,1.0,0.016816797,-0.48949452938644666,-inf,0.00054443994,0.17711471,1.0,1.0,0.15270975,1.0,0.02328903,-0.6721687244068747,-inf,0.00028444445,0.24551065,1.0,1.0,0.0
Astrocyte,Microglia,CALCA,GPR84,0.12968315,1.0,0.016816797,-0.48949452938644666,-inf,0.00054443994,0.17711471,1.0,1.0,0.15270975,1.0,0.02328903,-0.6721687244068747,-inf,0.00028444445,0.24551065,1.0,1.0,0.0
Astrocyte,Microglia,CALCB,GPR84,0.12968315,1.0,0.016816797,-0.48949452938644666,-inf,0.00054443994,0.17711471,1.0,1.0,0.15270975,1.0,0.02328903,-0.6721687244068747,-inf,0.00028444445,0.24551065,1.0,1.0,0.0
Astrocyte,Endothelial,CXCL10,ACKR1,0.12968315,1.0,0.016816797,-0.48949452938644666,-inf,0.00054443994,0.17711471,1.0,1.0,0.15270975,1.0,0.02328903,-0.6721687244068747,-inf,0.00028444445,0.24551065,1.0,1.0,0.0
Astrocyte,Microglia,CXCL3,CXCR1,0.12968315,1.0,0.016816797,-0.48949452938644666,-inf,0.00054443994,0.17711471,1.0,1.0,0.15270975,1.0,0.02328903,-0.6721687244068747,-inf,0.00028444445,0.24551065,1.0,1.0,0.0
Astrocyte,Microglia,CALCB,RAMP2,0.12968315,1.0,0.016816797,-0.48949452938644666,-inf,0.00054443994,0.17711471,1.0,1.0,0.15270975,1.0,0.02328903,-0.6721687244068747,-inf,0.00028444445,0.24551065,1.0,1.0,0.0
Astrocyte,Microglia,CXCL5,ACKR1,0.12968315,1.0,0.016816797,-0.48949452938644666,-inf,0.00054443994,0.17711471,1.0,1.0,0.15270975,1.0,0.02328903,-0.6721687244068747,-inf,0.00028444445,0.24551065,1.0,1.0,0.0
Microglia,Endothelial,CALCA,GPR84,0.12968315,1.0,0.016816797,-0.48949452938644666,-inf,0.00054443994,0.17711471,1.0,1.0,0.15270975,1.0,0.02328903,-0.6721687244068747,-inf,0.00028444445,0.24551065,1.0,1.0,0.0
Microglia,Endothelial,CGA,RAMP2,0.12968315,1.0,0.016816797,-0.48949452938644666,-inf,0.00054443994,0.17711471,1.0,1.0,0.15270975,1.0,0.02328903,-0.6721687244068747,-inf,0.00028444445,0.24551065,1.0,1.0,0.0
Microglia,Endothelial,COL3A1,MAG,0.12968315,1.0,0.016816797,-0.48949452938644666,-inf,0.00054443994,0.17711471,1.0,1.0,0.15270975,1.0,0.02328903,-0.6721687244068747,-inf,0.00028444445,0.24551065,1.0,1.0,0.0
Microglia,Endothelial,CSF2,CSF1R,0.12968315,1.0,0.016816797,-0.48949452938644666,-inf,0.00054443994,0.17711471,1.0,1.0,0.15270975,1.0,0.02328903,-0.6721687244068747,-inf,0.00028444445,0.24551065,1.0,1.0,0.0
Microglia,Endothelial,CSF3,CSF1R,0.12968315,1.0,0.016816797,-0.48949452938644666,-inf,0.00054443994,0.17711471,1.0,1.0,0.15270975,1.0,0.02328903,-0.6721687244068747,-inf,0.00028444445,0.24551065,1.0,1.0,0.0
Microglia,Endothelial,CCL5,ACKR1,0.12968315,1.0,0.016816797,-0.48949452938644666,-inf,0.00054443994,0.17711471,1.0,1.0,0.15270975,1.0,0.02328903,-0.6721687244068747,-inf,0.00028444445,0.24551065,1.0,1.0,0.0
Microglia,Endothelial,CCL4,GPR152,0.12968315,1.0,0.016816797,-0.48949452938644666,-inf,0.00054443994,0.17711471,1.0,1.0,0.15270975,1.0,0.02328903,-0.6721687244068747,-inf,0.00028444445,0.24551065,1.0,1.0,0.0
Microglia,Endothelial,CCL4,CCR5,0.12968315,1.0,0.016816797,-0.48949452938644666,-inf,0.00054443994,0.17711471,1.0,1.0,0.15270975,1.0,0.02328903,-0.6721687244068747,-inf,0.00028444445,0.24551065,1.0,1.0,0.0
Microglia,Endothelial,CCL17,ACKR1,0.12968315,1.0,0.016816797,-0.48949452938644666,-inf,0.00054443994,0.17711471,1.0,1.0,0.15270975,1.0,0.02328903,-0.6721687244068747,-inf,0.00028444445,0.24551065,1.0,1.0,0.0
Microglia,Endothelial,CCL4,CCR3,0.12968315,1.0,0.016816797,-0.48949452938644666,-inf,0.00054443994,0.17711471,1.0,1.0,0.15270975,1.0,0.02328903,-0.6721687244068747,-inf,0.00028444445,0.24551065,1.0,1.0,0.0
Microglia,Endothelial,CALCB,GPR84,0.12968315,1.0,0.016816797,-0.48949452938644666,-inf,0.00054443994,0.17711471,1.0,1.0,0.15270975,1.0,0.02328903,-0.6721687244068747,-inf,0.00028444445,0.24551065,1.0,1.0,0.0
Microglia,Endothelial,CALCB,RAMP1,0.12968315,1.0,0.016816797,-0.48949452938644666,-inf,0.00054443994,0.17711471,1.0,1.0,0.15270975,1.0,0.02328903,-0.6721687244068747,-inf,0.00028444445,0.24551065,1.0,1.0,0.0
Microglia,Endothelial,CALCB,RAMP2,0.12968315,1.0,0.016816797,-0.48949452938644666,-inf,0.00054443994,0.17711471,1.0,1.0,0.15270975,1.0,0.02328903,-0.6721687244068747,-inf,0.00028444445,0.24551065,1.0,1.0,0.0
Microglia,Endothelial,CAMP,FPR2,0.12968315,1.0,0.016816797,-0.48949452938644666,-inf,0.00054443994,0.17711471,1.0,1.0,0.15270975,1.0,0.02328903,-0.6721687244068747,-inf,0.00028444445,0.24551065,1.0,1.0,0.0
Microglia,Endothelial,CAMP,IGF1R,0.12968315,1.0,0.016816797,-0.48949452938644666,-inf,0.00054443994,0.17711471,1.0,1.0,0.15270975,1.0,0.02328903,-0.6721687244068747,-inf,0.00028444445,0.24551065,1.0,1.0,0.0
Microglia,Endothelial,CCL1,ACKR1,0.12968315,1.0,0.016816797,-0.48949452938644666,-inf,0.00054443994,0.17711471,1.0,1.0,0.15270975,1.0,0.02328903,-0.6721687244068747,-inf,0.00028444445,0.24551065,1.0,1.0,0.0
Microglia,Endothelial,CCL11,ACKR1,0.12968315,1.0,0.016816797,-0.48949452938644666,-inf,0.00054443994,0.17711471,1.0,1.0,0.15270975,1.0,0.02328903,-0.6721687244068747,-inf,0.00028444445,0.24551065,1.0,1.0,0.0
Microglia,Endothelial,CCL11,CCR2,0.12968315,1.0,0.016816797,-0.48949452938644666,-inf,0.00054443994,0.17711471,1.0,1.0,0.15270975,1.0,0.02328903,-0.6721687244068747,-inf,0.00028444445,0.24551065,1.0,1.0,0.0
Microglia,Endothelial,CCL11,CCR3,0.12968315,1.0,0.016816797,-0.48949452938644666,-inf,0.00054443994,0.17711471,1.0,1.0,0.15270975,1.0,0.02328903,-0.6721687244068747,-inf,0.00028444445,0.24551065,1.0,1.0,0.0
Microglia,Endothelial,CCL11,CCR5,0.12968315,1.0,0.016816797,-0.48949452938644666,-inf,0.00054443994,0.17711471,1.0,1.0,0.15270975,1.0,0.02328903,-0.6721687244068747,-inf,0.00028444445,0.24551065,1.0,1.0,0.0
Astrocyte,Oligodendrocyte,APP,FPR2,0.12968315,1.0,0.016816797,-0.48949452938644666,-inf,0.00054443994,0.17711471,1.0,1.0,0.15270975,1.0,0.02328903,-0.6721687244068747,-inf,0.00028444445,0.24551065,1.0,1.0,0.0
Microglia,Endothelial,CGA,GPR84,0.12968315,1.0,0.016816797,-0.48949452938644666,-inf,0.00054443994,0.17711471,1.0,1.0,0.15270975,1.0,0.02328903,-0.6721687244068747,-inf,0.00028444445,0.24551065,1.0,1.0,0.0
Astrocyte,Microglia,CAMP,FPR2,0.12968315,1.0,0.016816797,-0.48949452938644666,-inf,0.00054443994,0.17711471,1.0,1.0,0.15270975,1.0,0.02328903,-0.6721687244068747,-inf,0.00028444445,0.24551065,1.0,1.0,0.0
Astrocyte,Microglia,EDN1,EDNRB,0.12968315,1.0,0.016816797,-0.48949452938644666,-inf,0.00054443994,0.17711471,1.0,1.0,0.15270975,1.0,0.02328903,-0.6721687244068747,-inf,0.00028444445,0.24551065,1.0,1.0,0.0
Astrocyte,Oligodendrocyte,CCL24,CCR2,0.12968315,1.0,0.016816797,-0.48949452938644666,-inf,0.00054443994,0.17711471,1.0,1.0,0.15270975,1.0,0.02328903,-0.6721687244068747,-inf,0.00028444445,0.24551065,1.0,1.0,0.0
Astrocyte,Oligodendrocyte,CCL11,CCR2,0.12968315,1.0,0.016816797,-0.48949452938644666,-inf,0.00054443994,0.17711471,1.0,1.0,0.15270975,1.0,0.02328903,-0.6721687244068747,-inf,0.00028444445,0.24551065,1.0,1.0,0.0
Astrocyte,Microglia,CCL1,ACKR1,0.12968315,1.0,0.016816797,-0.48949452938644666,-inf,0.00054443994,0.17711471,1.0,1.0,0.15270975,1.0,0.02328903,-0.6721687244068747,-inf,0.00028444445,0.24551065,1.0,1.0,0.0
Astrocyte,Microglia,CCL11,ACKR1,0.12968315,1.0,0.016816797,-0.48949452938644666,-inf,0.00054443994,0.17711471,1.0,1.0,0.15270975,1.0,0.02328903,-0.6721687244068747,-inf,0.00028444445,0.24551065,1.0,1.0,0.0
Astrocyte,Microglia,B2M,KLRC2,0.12968315,1.0,0.016816797,-0.48949452938644666,-inf,0.00054443994,0.17711471,1.0,1.0,0.15270975,1.0,0.02328903,-0.6721687244068747,-inf,0.00028444445,0.24551065,1.0,1.0,0.0
Astrocyte,Endothelial,SELPLG,SELL,0.12968315,1.0,0.016816797,-0.48949452938644666,-inf,0.00054443994,0.17711471,1.0,1.0,0.15270975,1.0,0.02328903,-0.6721687244068747,-inf,0.00028444445,0.24551065,1.0,1.0,0.0
Astrocyte,Endothelial,PSAP,GPR37,0.12968315,1.0,0.016816797,-0.48949452938644666,-inf,0.00054443994,0.17711471,1.0,1.0,0.15270975,1.0,0.02328903,-0.6721687244068747,-inf,0.00028444445,0.24551065,1.0,1.0,0.0
Astrocyte,Microglia,EDN1,ADGRL4,0.12968315,1.0,0.016816797,-0.48949452938644666,-inf,0.00054443994,0.17711471,1.0,1.0,0.15270975,1.0,0.02328903,-0.6721687244068747,-inf,0.00028444445,0.24551065,1.0,1.0,0.0
Astrocyte,Microglia,CCL11,CCR3,0.12968315,1.0,0.016816797,-0.48949452938644666,-inf,0.00054443994,0.17711471,1.0,1.0,0.15270975,1.0,0.02328903,-0.6721687244068747,-inf,0.00028444445,0.24551065,1.0,1.0,0.0
Astrocyte,Microglia,CCL17,ACKR1,0.12968315,1.0,0.016816797,-0.48949452938644666,-inf,0.00054443994,0.17711471,1.0,1.0,0.15270975,1.0,0.02328903,-0.6721687244068747,-inf,0.00028444445,0.24551065,1.0,1.0,0.0
Astrocyte,Microglia,CGA,GPR84,0.12968315,1.0,0.016816797,-0.48949452938644666,-inf,0.00054443994,0.17711471,1.0,1.0,0.15270975,1.0,0.02328903,-0.6721687244068747,-inf,0.00028444445,0.24551065,1.0,1.0,0.0
Astrocyte,Microglia,CGA,RAMP2,0.12968315,1.0,0.016816797,-0.48949452938644666,-inf,0.00054443994,0.17711471,1.0,1.0,0.15270975,1.0,0.02328903,-0.6721687244068747,-inf,0.00028444445,0.24551065,1.0,1.0,0.0
Astrocyte,Microglia,COL3A1,MAG,0.12968315,1.0,0.016816797,-0.48949452938644666,-inf,0.00054443994,0.17711471,1.0,1.0,0.15270975,1.0,0.02328903,-0.6721687244068747,-inf,0.00028444445,0.24551065,1.0,1.0,0.0
Astrocyte,Microglia,CSF2,CSF1R,0.12968315,1.0,0.016816797,-0.48949452938644666,-inf,0.00054443994,0.17711471,1.0,1.0,0.15270975,1.0,0.02328903,-0.6721687244068747,-inf,0.00028444445,0.24551065,1.0,1.0,0.0
Astrocyte,Microglia,CSF3,CSF1R,0.12968315,1.0,0.016816797,-0.48949452938644666,-inf,0.00054443994,0.17711471,1.0,1.0,0.15270975,1.0,0.02328903,-0.6721687244068747,-inf,0.00028444445,0.24551065,1.0,1.0,0.0
Astrocyte,Endothelial,SCT,RAMP2,0.12968315,1.0,0.016816797,-0.48949452938644666,-inf,0.00054443994,0.17711471,1.0,1.0,0.15270975,1.0,0.02328903,-0.6721687244068747,-inf,0.00028444445,0.24551065,1.0,1.0,0.0
Astrocyte,Microglia,CXCL1,ACKR1,0.12968315,1.0,0.016816797,-0.48949452938644666,-inf,0.00054443994,0.17711471,1.0,1.0,0.15270975,1.0,0.02328903,-0.6721687244068747,-inf,0.00028444445,0.24551065,1.0,1.0,0.0
Astrocyte,Microglia,CXCL1,CXCR2,0.12968315,1.0,0.016816797,-0.48949452938644666,-inf,0.00054443994,0.17711471,1.0,1.0,0.15270975,1.0,0.02328903,-0.6721687244068747,-inf,0.00028444445,0.24551065,1.0,1.0,0.0
Astrocyte,Microglia,CXCL10,ACKR1,0.12968315,1.0,0.016816797,-0.48949452938644666,-inf,0.00054443994,0.17711471,1.0,1.0,0.15270975,1.0,0.02328903,-0.6721687244068747,-inf,0.00028444445,0.24551065,1.0,1.0,0.0
Astrocyte,Oligodendrocyte,CCL2,CCR5,0.12968315,1.0,0.016816797,-0.48949452938644666,-inf,0.00054443994,0.17711471,1.0,1.0,0.15270975,1.0,0.02328903,-0.6721687244068747,-inf,0.00028444445,0.24551065,1.0,1.0,0.0
Astrocyte,Microglia,CYTL1,CCR2,0.12968315,1.0,0.016816797,-0.48949452938644666,-inf,0.00054443994,0.17711471,1.0,1.0,0.15270975,1.0,0.02328903,-0.6721687244068747,-inf,0.00028444445,0.24551065,1.0,1.0,0.0
Astrocyte,Oligodendrocyte,CCL2,CCR3,0.12968315,1.0,0.016816797,-0.48949452938644666,-inf,0.00054443994,0.17711471,1.0,1.0,0.15270975,1.0,0.02328903,-0.6721687244068747,-inf,0.00028444445,0.24551065,1.0,1.0,0.0
Astrocyte,Oligodendrocyte,CCL2,CCR1,0.12968315,1.0,0.016816797,-0.48949452938644666,-inf,0.00054443994,0.17711471,1.0,1.0,0.15270975,1.0,0.02328903,-0.6721687244068747,-inf,0.00028444445,0.24551065,1.0,1.0,0.0
Endothelial,Endothelial,PPBP,CXCR2,0.12968315,1.0,0.016816797,-0.48949452938644666,-inf,0.00054443994,0.17711471,1.0,1.0,0.15270975,1.0,0.02328903,-0.6721687244068747,-inf,0.00028444445,0.24551065,1.0,1.0,0.0
Astrocyte,Oligodendrocyte,CCL11,ACKR1,0.12968315,1.0,0.016816797,-0.48949452938644666,-inf,0.00054443994,0.17711471,1.0,1.0,0.15270975,1.0,0.02328903,-0.6721687244068747,-inf,0.00028444445,0.24551065,1.0,1.0,0.0
Astrocyte,Oligodendrocyte,B2M,KLRC2,0.12968315,1.0,0.016816797,-0.48949452938644666,-inf,0.00054443994,0.17711471,1.0,1.0,0.15270975,1.0,0.02328903,-0.6721687244068747,-inf,0.00028444445,0.24551065,1.0,1.0,0.0
Astrocyte,Oligodendrocyte,B2M,KLRD1,0.12968315,1.0,0.016816797,-0.48949452938644666,-inf,0.00054443994,0.17711471,1.0,1.0,0.15270975,1.0,0.02328903,-0.6721687244068747,-inf,0.00028444445,0.24551065,1.0,1.0,0.0
Astrocyte,Oligodendrocyte,BMP8A,TGFBR1,0.12968315,1.0,0.016816797,-0.48949452938644666,-inf,0.00054443994,0.17711471,1.0,1.0,0.15270975,1.0,0.02328903,-0.6721687244068747,-inf,0.00028444445,0.24551065,1.0,1.0,0.0
Astrocyte,Oligodendrocyte,CALCA,GPR84,0.12968315,1.0,0.016816797,-0.48949452938644666,-inf,0.00054443994,0.17711471,1.0,1.0,0.15270975,1.0,0.02328903,-0.6721687244068747,-inf,0.00028444445,0.24551065,1.0,1.0,0.0
Astrocyte,Oligodendrocyte,CALCB,GPR84,0.12968315,1.0,0.016816797,-0.48949452938644666,-inf,0.00054443994,0.17711471,1.0,1.0,0.15270975,1.0,0.02328903,-0.6721687244068747,-inf,0.00028444445,0.24551065,1.0,1.0,0.0
Astrocyte,Oligodendrocyte,CALCB,RAMP1,0.12968315,1.0,0.016816797,-0.48949452938644666,-inf,0.00054443994,0.17711471,1.0,1.0,0.15270975,1.0,0.02328903,-0.6721687244068747,-inf,0.00028444445,0.24551065,1.0,1.0,0.0
Astrocyte,Oligodendrocyte,CALCB,RAMP2,0.12968315,1.0,0.016816797,-0.48949452938644666,-inf,0.00054443994,0.17711471,1.0,1.0,0.15270975,1.0,0.02328903,-0.6721687244068747,-inf,0.00028444445,0.24551065,1.0,1.0,0.0
Astrocyte,Oligodendrocyte,CAMP,FPR2,0.12968315,1.0,0.016816797,-0.48949452938644666,-inf,0.00054443994,0.17711471,1.0,1.0,0.15270975,1.0,0.02328903,-0.6721687244068747,-inf,0.00028444445,0.24551065,1.0,1.0,0.0
Astrocyte,Oligodendrocyte,CAMP,IGF1R,0.12968315,1.0,0.016816797,-0.48949452938644666,-inf,0.00054443994,0.17711471,1.0,1.0,0.15270975,1.0,0.02328903,-0.6721687244068747,-inf,0.00028444445,0.24551065,1.0,1.0,0.0
Astrocyte,Oligodendrocyte,CCL28,CCR3,0.12968315,1.0,0.016816797,-0.48949452938644666,-inf,0.00054443994,0.17711471,1.0,1.0,0.15270975,1.0,0.02328903,-0.6721687244068747,-inf,0.00028444445,0.24551065,1.0,1.0,0.0
Astrocyte,Microglia,CAMP,IGF1R,0.12968315,1.0,0.016816797,-0.48949452938644666,-inf,0.00054443994,0.17711471,1.0,1.0,0.15270975,1.0,0.02328903,-0.6721687244068747,-inf,0.00028444445,0.24551065,1.0,1.0,0.0
Astrocyte,Oligodendrocyte,CCL1,ACKR1,0.12968315,1.0,0.016816797,-0.48949452938644666,-inf,0.00054443994,0.17711471,1.0,1.0,0.15270975,1.0,0.02328903,-0.6721687244068747,-inf,0.00028444445,0.24551065,1.0,1.0,0.0
Astrocyte,Oligodendrocyte,CCL11,CCR3,0.12968315,1.0,0.016816797,-0.48949452938644666,-inf,0.00054443994,0.17711471,1.0,1.0,0.15270975,1.0,0.02328903,-0.6721687244068747,-inf,0.00028444445,0.24551065,1.0,1.0,0.0
Astrocyte,Oligodendrocyte,CCL11,CCR5,0.12968315,1.0,0.016816797,-0.48949452938644666,-inf,0.00054443994,0.17711471,1.0,1.0,0.15270975,1.0,0.02328903,-0.6721687244068747,-inf,0.00028444445,0.24551065,1.0,1.0,0.0
Astrocyte,Oligodendrocyte,CCL17,ACKR1,0.12968315,1.0,0.016816797,-0.48949452938644666,-inf,0.00054443994,0.17711471,1.0,1.0,0.15270975,1.0,0.02328903,-0.6721687244068747,-inf,0.00028444445,0.24551065,1.0,1.0,0.0
Astrocyte,Oligodendrocyte,CCL19,CCR7,0.12968315,1.0,0.016816797,-0.48949452938644666,-inf,0.00054443994,0.17711471,1.0,1.0,0.15270975,1.0,0.02328903,-0.6721687244068747,-inf,0.00028444445,0.24551065,1.0,1.0,0.0
Astrocyte,Oligodendrocyte,CCL2,ACKR1,0.12968315,1.0,0.016816797,-0.48949452938644666,-inf,0.00054443994,0.17711471,1.0,1.0,0.15270975,1.0,0.02328903,-0.6721687244068747,-inf,0.00028444445,0.24551065,1.0,1.0,0.0
Astrocyte,Oligodendrocyte,CCL2,CCR2,0.12968315,1.0,0.016816797,-0.48949452938644666,-inf,0.00054443994,0.17711471,1.0,1.0,0.15270975,1.0,0.02328903,-0.6721687244068747,-inf,0.00028444445,0.24551065,1.0,1.0,0.0
Astrocyte,Microglia,CXCL10,SDC4,0.12968315,1.0,0.016816797,-0.48949452938644666,-inf,0.00054443994,0.17711471,1.0,1.0,0.15270975,1.0,0.02328903,-0.6721687244068747,-inf,0.00028444445,0.24551065,1.0,1.0,0.0
Microglia,Endothelial,CFP,NCR1,0.12968315,1.0,0.016816797,-0.48949452938644666,-inf,0.00054443994,0.17711471,1.0,1.0,0.15270975,1.0,0.02328903,-0.6721687244068747,-inf,0.00028444445,0.24551065,1.0,1.0,0.0
Microglia,Endothelial,CXCL1,ACKR1,0.12968315,1.0,0.016816797,-0.48949452938644666,-inf,0.00054443994,0.17711471,1.0,1.0,0.15270975,1.0,0.02328903,-0.6721687244068747,-inf,0.00028444445,0.24551065,1.0,1.0,0.0
Microglia,Endothelial,CCL5,CCR1,0.12968315,1.0,0.016816797,-0.48949452938644666,-inf,0.00054443994,0.17711471,1.0,1.0,0.15270975,1.0,0.02328903,-0.6721687244068747,-inf,0.00028444445,0.24551065,1.0,1.0,0.0
Microglia,Endothelial,CCL5,CCR3,0.12968315,1.0,0.016816797,-0.48949452938644666,-inf,0.00054443994,0.17711471,1.0,1.0,0.15270975,1.0,0.02328903,-0.6721687244068747,-inf,0.00028444445,0.24551065,1.0,1.0,0.0
Microglia,Endothelial,CCL5,CCR5,0.12968315,1.0,0.016816797,-0.48949452938644666,-inf,0.00054443994,0.17711471,1.0,1.0,0.15270975,1.0,0.02328903,-0.6721687244068747,-inf,0.00028444445,0.24551065,1.0,1.0,0.0
Microglia,Endothelial,CCL5,SDC4,0.12968315,1.0,0.016816797,-0.48949452938644666,-inf,0.00054443994,0.17711471,1.0,1.0,0.15270975,1.0,0.02328903,-0.6721687244068747,-inf,0.00028444445,0.24551065,1.0,1.0,0.0
Microglia,Endothelial,CCL7,CCR1,0.12968315,1.0,0.016816797,-0.48949452938644666,-inf,0.00054443994,0.17711471,1.0,1.0,0.15270975,1.0,0.02328903,-0.6721687244068747,-inf,0.00028444445,0.24551065,1.0,1.0,0.0
Microglia,Endothelial,CCL7,CCR2,0.12968315,1.0,0.016816797,-0.48949452938644666,-inf,0.00054443994,0.17711471,1.0,1.0,0.15270975,1.0,0.02328903,-0.6721687244068747,-inf,0.00028444445,0.24551065,1.0,1.0,0.0
Microglia,Endothelial,CCL7,CCR3,0.12968315,1.0,0.016816797,-0.48949452938644666,-inf,0.00054443994,0.17711471,1.0,1.0,0.15270975,1.0,0.02328903,-0.6721687244068747,-inf,0.00028444445,0.24551065,1.0,1.0,0.0
Microglia,Endothelial,CCL7,CCR5,0.12968315,1.0,0.016816797,-0.48949452938644666,-inf,0.00054443994,0.17711471,1.0,1.0,0.15270975,1.0,0.02328903,-0.6721687244068747,-inf,0.00028444445,0.24551065,1.0,1.0,0.0
Microglia,Endothelial,CCL8,ACKR1,0.12968315,1.0,0.016816797,-0.48949452938644666,-inf,0.00054443994,0.17711471,1.0,1.0,0.15270975,1.0,0.02328903,-0.6721687244068747,-inf,0.00028444445,0.24551065,1.0,1.0,0.0
Microglia,Endothelial,CCL8,CCR1,0.12968315,1.0,0.016816797,-0.48949452938644666,-inf,0.00054443994,0.17711471,1.0,1.0,0.15270975,1.0,0.02328903,-0.6721687244068747,-inf,0.00028444445,0.24551065,1.0,1.0,0.0
Microglia,Endothelial,CCL8,CCR2,0.12968315,1.0,0.016816797,-0.48949452938644666,-inf,0.00054443994,0.17711471,1.0,1.0,0.15270975,1.0,0.02328903,-0.6721687244068747,-inf,0.00028444445,0.24551065,1.0,1.0,0.0
Microglia,Endothelial,CCL8,CCR3,0.12968315,1.0,0.016816797,-0.48949452938644666,-inf,0.00054443994,0.17711471,1.0,1.0,0.15270975,1.0,0.02328903,-0.6721687244068747,-inf,0.00028444445,0.24551065,1.0,1.0,0.0
Astrocyte,Microglia,CCL8,ACKR1,0.12968315,1.0,0.016816797,-0.48949452938644666,-inf,0.00054443994,0.17711471,1.0,1.0,0.15270975,1.0,0.02328903,-0.6721687244068747,-inf,0.00028444445,0.24551065,1.0,1.0,0.0
Astrocyte,Microglia,CCL7,CCR3,0.12968315,1.0,0.016816797,-0.48949452938644666,-inf,0.00054443994,0.17711471,1.0,1.0,0.15270975,1.0,0.02328903,-0.6721687244068747,-inf,0.00028444445,0.24551065,1.0,1.0,0.0
Astrocyte,Microglia,CCL7,CCR2,0.12968315,1.0,0.016816797,-0.48949452938644666,-inf,0.00054443994,0.17711471,1.0,1.0,0.15270975,1.0,0.02328903,-0.6721687244068747,-inf,0.00028444445,0.24551065,1.0,1.0,0.0
Astrocyte,Microglia,CCL7,ACKR1,0.12968315,1.0,0.016816797,-0.48949452938644666,-inf,0.00054443994,0.17711471,1.0,1.0,0.15270975,1.0,0.02328903,-0.6721687244068747,-inf,0.00028444445,0.24551065,1.0,1.0,0.0
Astrocyte,Microglia,CXCL5,CXCR2,0.12968315,1.0,0.016816797,-0.48949452938644666,-inf,0.00054443994,0.17711471,1.0,1.0,0.15270975,1.0,0.02328903,-0.6721687244068747,-inf,0.00028444445,0.24551065,1.0,1.0,0.0
Astrocyte,Microglia,CXCL9,ACKR1,0.12968315,1.0,0.016816797,-0.48949452938644666,-inf,0.00054443994,0.17711471,1.0,1.0,0.15270975,1.0,0.02328903,-0.6721687244068747,-inf,0.00028444445,0.24551065,1.0,1.0,0.0
Astrocyte,Microglia,CXCL9,CCR3,0.12968315,1.0,0.016816797,-0.48949452938644666,-inf,0.00054443994,0.17711471,1.0,1.0,0.15270975,1.0,0.02328903,-0.6721687244068747,-inf,0.00028444445,0.24551065,1.0,1.0,0.0
Endothelial,Endothelial,PSAP,GPR37,0.12968315,1.0,0.016816797,-0.48949452938644666,-inf,0.00054443994,0.17711471,1.0,1.0,0.15270975,1.0,0.02328903,-0.6721687244068747,-inf,0.00028444445,0.24551065,1.0,1.0,0.0
Astrocyte,Microglia,CXCL2,ACKR1,0.12968315,1.0,0.016816797,-0.48949452938644666,-inf,0.00054443994,0.17711471,1.0,1.0,0.15270975,1.0,0.02328903,-0.6721687244068747,-inf,0.00028444445,0.24551065,1.0,1.0,0.0
Endothelial,Endothelial,PROK2,PROKR1,0.12968315,1.0,0.016816797,-0.48949452938644666,-inf,0.00054443994,0.17711471,1.0,1.0,0.15270975,1.0,0.02328903,-0.6721687244068747,-inf,0.00028444445,0.24551065,1.0,1.0,0.0
Astrocyte,Microglia,CCL5,CCR3,0.12968315,1.0,0.016816797,-0.48949452938644666,-inf,0.00054443994,0.17711471,1.0,1.0,0.15270975,1.0,0.02328903,-0.6721687244068747,-inf,0.00028444445,0.24551065,1.0,1.0,0.0
Astrocyte,Astrocyte,NPY,NPY5R,0.12968315,1.0,0.016816797,-0.48949452938644666,-inf,0.00054443994,0.17711471,1.0,1.0,0.15270975,1.0,0.02328903,-0.6721687244068747,-inf,0.00028444445,0.24551065,1.0,1.0,0.0
Astrocyte,Endothelial,LGALS3,LAG3,0.12968315,1.0,0.016816797,-0.48949452938644666,-inf,0.00054443994,0.17711471,1.0,1.0,0.15270975,1.0,0.02328903,-0.6721687244068747,-inf,0.00028444445,0.24551065,1.0,1.0,0.0
Astrocyte,Astrocyte,CXCL1,CXCR2,0.12968315,1.0,0.016816797,-0.48949452938644666,-inf,0.00054443994,0.17711471,1.0,1.0,0.15270975,1.0,0.02328903,-0.6721687244068747,-inf,0.00028444445,0.24551065,1.0,1.0,0.0
Astrocyte,Astrocyte,IL34,PTPRZ1,0.12968315,1.0,0.016816797,-0.48949452938644666,-inf,0.00054443994,0.17711471,1.0,1.0,0.15270975,1.0,0.02328903,-0.6721687244068747,-inf,0.00028444445,0.24551065,1.0,1.0,0.0
Astrocyte,Astrocyte,IL6,F3,0.12968315,1.0,0.016816797,-0.48949452938644666,-inf,0.00054443994,0.17711471,1.0,1.0,0.15270975,1.0,0.02328903,-0.6721687244068747,-inf,0.00028444445,0.24551065,1.0,1.0,0.0
Astrocyte,Astrocyte,IL6,MUSK,0.12968315,1.0,0.016816797,-0.48949452938644666,-inf,0.00054443994,0.17711471,1.0,1.0,0.15270975,1.0,0.02328903,-0.6721687244068747,-inf,0.00028444445,0.24551065,1.0,1.0,0.0
Astrocyte,Astrocyte,ITIH2,FCER1A,0.12968315,1.0,0.016816797,-0.48949452938644666,-inf,0.00054443994,0.17711471,1.0,1.0,0.15270975,1.0,0.02328903,-0.6721687244068747,-inf,0.00028444445,0.24551065,1.0,1.0,0.0
Astrocyte,Astrocyte,LGALS3,LAG3,0.12968315,1.0,0.016816797,-0.48949452938644666,-inf,0.00054443994,0.17711471,1.0,1.0,0.15270975,1.0,0.02328903,-0.6721687244068747,-inf,0.00028444445,0.24551065,1.0,1.0,0.0
Astrocyte,Astrocyte,LPL,GPIHBP1,0.12968315,1.0,0.016816797,-0.48949452938644666,-inf,0.00054443994,0.17711471,1.0,1.0,0.15270975,1.0,0.02328903,-0.6721687244068747,-inf,0.00028444445,0.24551065,1.0,1.0,0.0
Astrocyte,Astrocyte,MSMP,CCR2,0.12968315,1.0,0.016816797,-0.48949452938644666,-inf,0.00054443994,0.17711471,1.0,1.0,0.15270975,1.0,0.02328903,-0.6721687244068747,-inf,0.00028444445,0.24551065,1.0,1.0,0.0
Astrocyte,Astrocyte,CXCL1,ACKR1,0.12968315,1.0,0.016816797,-0.48949452938644666,-inf,0.00054443994,0.17711471,1.0,1.0,0.15270975,1.0,0.02328903,-0.6721687244068747,-inf,0.00028444445,0.24551065,1.0,1.0,0.0
Astrocyte,Oligodendrocyte,CCL24,CCR3,0.12968315,1.0,0.016816797,-0.48949452938644666,-inf,0.00054443994,0.17711471,1.0,1.0,0.15270975,1.0,0.02328903,-0.6721687244068747,-inf,0.00028444445,0.24551065,1.0,1.0,0.0
Astrocyte,Microglia,CALCB,RAMP1,0.12968315,1.0,0.016816797,-0.48949452938644666,-inf,0.00054443994,0.17711471,1.0,1.0,0.15270975,1.0,0.02328903,-0.6721687244068747,-inf,0.00028444445,0.24551065,1.0,1.0,0.0
Astrocyte,Oligodendrocyte,B2M,KLRC1,0.12968315,1.0,0.016816797,-0.48949452938644666,-inf,0.00054443994,0.17711471,1.0,1.0,0.15270975,1.0,0.02328903,-0.6721687244068747,-inf,0.00028444445,0.24551065,1.0,1.0,0.0
Astrocyte,Microglia,CCL8,CCR1,0.12968315,1.0,0.016816797,-0.48949452938644666,-inf,0.00054443994,0.17711471,1.0,1.0,0.15270975,1.0,0.02328903,-0.6721687244068747,-inf,0.00028444445,0.24551065,1.0,1.0,0.0
Astrocyte,Microglia,CCL8,CCR2,0.12968315,1.0,0.016816797,-0.48949452938644666,-inf,0.00054443994,0.17711471,1.0,1.0,0.15270975,1.0,0.02328903,-0.6721687244068747,-inf,0.00028444445,0.24551065,1.0,1.0,0.0
Astrocyte,Microglia,CCL8,CCR3,0.12968315,1.0,0.016816797,-0.48949452938644666,-inf,0.00054443994,0.17711471,1.0,1.0,0.15270975,1.0,0.02328903,-0.6721687244068747,-inf,0.00028444445,0.24551065,1.0,1.0,0.0
Astrocyte,Microglia,CCL8,CCR5,0.12968315,1.0,0.016816797,-0.48949452938644666,-inf,0.00054443994,0.17711471,1.0,1.0,0.15270975,1.0,0.02328903,-0.6721687244068747,-inf,0.00028444445,0.24551065,1.0,1.0,0.0
Astrocyte,Microglia,CD177,PECAM1,0.12968315,1.0,0.016816797,-0.48949452938644666,-inf,0.00054443994,0.17711471,1.0,1.0,0.15270975,1.0,0.02328903,-0.6721687244068747,-inf,0.00028444445,0.24551065,1.0,1.0,0.0
Endothelial,Endothelial,PPY,NPY5R,0.12968315,1.0,0.016816797,-0.48949452938644666,-inf,0.00054443994,0.17711471,1.0,1.0,0.15270975,1.0,0.02328903,-0.6721687244068747,-inf,0.00028444445,0.24551065,1.0,1.0,0.0
Microglia,Endothelial,CD40LG,CD9,0.12968315,1.0,0.016816797,-0.48949452938644666,-inf,0.00054443994,0.17711471,1.0,1.0,0.15270975,1.0,0.02328903,-0.6721687244068747,-inf,0.00028444445,0.24551065,1.0,1.0,0.0
Astrocyte,Microglia,CCL11,CCR5,0.12968315,1.0,0.016816797,-0.48949452938644666,-inf,0.00054443994,0.17711471,1.0,1.0,0.15270975,1.0,0.02328903,-0.6721687244068747,-inf,0.00028444445,0.24551065,1.0,1.0,0.0
Astrocyte,Microglia,CD34,SELL,0.12968315,1.0,0.016816797,-0.48949452938644666,-inf,0.00054443994,0.17711471,1.0,1.0,0.15270975,1.0,0.02328903,-0.6721687244068747,-inf,0.00028444445,0.24551065,1.0,1.0,0.0
Microglia,Endothelial,CCL28,CCR3,0.12968315,1.0,0.016816797,-0.48949452938644666,-inf,0.00054443994,0.17711471,1.0,1.0,0.15270975,1.0,0.02328903,-0.6721687244068747,-inf,0.00028444445,0.24551065,1.0,1.0,0.0
Microglia,Endothelial,CCL3,CCR1,0.12968315,1.0,0.016816797,-0.48949452938644666,-inf,0.00054443994,0.17711471,1.0,1.0,0.15270975,1.0,0.02328903,-0.6721687244068747,-inf,0.00028444445,0.24551065,1.0,1.0,0.0
Microglia,Endothelial,CCL3,CCR3,0.12968315,1.0,0.016816797,-0.48949452938644666,-inf,0.00054443994,0.17711471,1.0,1.0,0.15270975,1.0,0.02328903,-0.6721687244068747,-inf,0.00028444445,0.24551065,1.0,1.0,0.0
Microglia,Endothelial,CCL3,CCR5,0.12968315,1.0,0.016816797,-0.48949452938644666,-inf,0.00054443994,0.17711471,1.0,1.0,0.15270975,1.0,0.02328903,-0.6721687244068747,-inf,0.00028444445,0.24551065,1.0,1.0,0.0
Microglia,Endothelial,CCL4,CCR1,0.12968315,1.0,0.016816797,-0.48949452938644666,-inf,0.00054443994,0.17711471,1.0,1.0,0.15270975,1.0,0.02328903,-0.6721687244068747,-inf,0.00028444445,0.24551065,1.0,1.0,0.0
Microglia,Endothelial,CCL19,CCR7,0.12968315,1.0,0.016816797,-0.48949452938644666,-inf,0.00054443994,0.17711471,1.0,1.0,0.15270975,1.0,0.02328903,-0.6721687244068747,-inf,0.00028444445,0.24551065,1.0,1.0,0.0
Microglia,Endothelial,CCL2,CCR2,0.12968315,1.0,0.016816797,-0.48949452938644666,-inf,0.00054443994,0.17711471,1.0,1.0,0.15270975,1.0,0.02328903,-0.6721687244068747,-inf,0.00028444445,0.24551065,1.0,1.0,0.0
Microglia,Endothelial,CXCL1,CXCR1,0.12968315,1.0,0.016816797,-0.48949452938644666,-inf,0.00054443994,0.17711471,1.0,1.0,0.15270975,1.0,0.02328903,-0.6721687244068747,-inf,0.00028444445,0.24551065,1.0,1.0,0.0
Microglia,Endothelial,CXCL10,CCR3,0.12968315,1.0,0.016816797,-0.48949452938644666,-inf,0.00054443994,0.17711471,1.0,1.0,0.15270975,1.0,0.02328903,-0.6721687244068747,-inf,0.00028444445,0.24551065,1.0,1.0,0.0
Microglia,Endothelial,IL6,MUSK,0.12968315,1.0,0.016816797,-0.48949452938644666,-inf,0.00054443994,0.17711471,1.0,1.0,0.15270975,1.0,0.02328903,-0.6721687244068747,-inf,0.00028444445,0.24551065,1.0,1.0,0.0
Microglia,Endothelial,ITIH2,FCER1A,0.12968315,1.0,0.016816797,-0.48949452938644666,-inf,0.00054443994,0.17711471,1.0,1.0,0.15270975,1.0,0.02328903,-0.6721687244068747,-inf,0.00028444445,0.24551065,1.0,1.0,0.0
Microglia,Endothelial,LGALS3,LAG3,0.12968315,1.0,0.016816797,-0.48949452938644666,-inf,0.00054443994,0.17711471,1.0,1.0,0.15270975,1.0,0.02328903,-0.6721687244068747,-inf,0.00028444445,0.24551065,1.0,1.0,0.0
Microglia,Endothelial,LPL,GPIHBP1,0.12968315,1.0,0.016816797,-0.48949452938644666,-inf,0.00054443994,0.17711471,1.0,1.0,0.15270975,1.0,0.02328903,-0.6721687244068747,-inf,0.00028444445,0.24551065,1.0,1.0,0.0
Microglia,Endothelial,MFGE8,PDGFRB,0.12968315,1.0,0.016816797,-0.48949452938644666,-inf,0.00054443994,0.17711471,1.0,1.0,0.15270975,1.0,0.02328903,-0.6721687244068747,-inf,0.00028444445,0.24551065,1.0,1.0,0.0
Microglia,Endothelial,MSMP,CCR2,0.12968315,1.0,0.016816797,-0.48949452938644666,-inf,0.00054443994,0.17711471,1.0,1.0,0.15270975,1.0,0.02328903,-0.6721687244068747,-inf,0.00028444445,0.24551065,1.0,1.0,0.0
Microglia,Endothelial,NPY,NPY5R,0.12968315,1.0,0.016816797,-0.48949452938644666,-inf,0.00054443994,0.17711471,1.0,1.0,0.15270975,1.0,0.02328903,-0.6721687244068747,-inf,0.00028444445,0.24551065,1.0,1.0,0.0
Microglia,Endothelial,CXCL1,CXCR2,0.12968315,1.0,0.016816797,-0.48949452938644666,-inf,0.00054443994,0.17711471,1.0,1.0,0.15270975,1.0,0.02328903,-0.6721687244068747,-inf,0.00028444445,0.24551065,1.0,1.0,0.0
Astrocyte,Microglia,CXCL5,CXCR1,0.12968315,1.0,0.016816797,-0.48949452938644666,-inf,0.00054443994,0.17711471,1.0,1.0,0.15270975,1.0,0.02328903,-0.6721687244068747,-inf,0.00028444445,0.24551065,1.0,1.0,0.0
Microglia,Endothelial,CCL2,CCR1,0.12968315,1.0,0.016816797,-0.48949452938644666,-inf,0.00054443994,0.17711471,1.0,1.0,0.15270975,1.0,0.02328903,-0.6721687244068747,-inf,0.00028444445,0.24551065,1.0,1.0,0.0
Microglia,Endothelial,CCL24,CCR3,0.12968315,1.0,0.016816797,-0.48949452938644666,-inf,0.00054443994,0.17711471,1.0,1.0,0.15270975,1.0,0.02328903,-0.6721687244068747,-inf,0.00028444445,0.24551065,1.0,1.0,0.0
Astrocyte,Microglia,CD40LG,CD9,0.12968315,1.0,0.016816797,-0.48949452938644666,-inf,0.00054443994,0.17711471,1.0,1.0,0.15270975,1.0,0.02328903,-0.6721687244068747,-inf,0.00028444445,0.24551065,1.0,1.0,0.0
Microglia,Endothelial,CCL24,CCR2,0.12968315,1.0,0.016816797,-0.48949452938644666,-inf,0.00054443994,0.17711471,1.0,1.0,0.15270975,1.0,0.02328903,-0.6721687244068747,-inf,0.00028444445,0.24551065,1.0,1.0,0.0
Microglia,Endothelial,CCL2,CCR3,0.12968315,1.0,0.016816797,-0.48949452938644666,-inf,0.00054443994,0.17711471,1.0,1.0,0.15270975,1.0,0.02328903,-0.6721687244068747,-inf,0.00028444445,0.24551065,1.0,1.0,0.0
Astrocyte,Microglia,CCL19,CCR7,0.12968315,1.0,0.016816797,-0.48949452938644666,-inf,0.00054443994,0.17711471,1.0,1.0,0.15270975,1.0,0.02328903,-0.6721687244068747,-inf,0.00028444445,0.24551065,1.0,1.0,0.0
Astrocyte,Microglia,CCL2,ACKR1,0.12968315,1.0,0.016816797,-0.48949452938644666,-inf,0.00054443994,0.17711471,1.0,1.0,0.15270975,1.0,0.02328903,-0.6721687244068747,-inf,0.00028444445,0.24551065,1.0,1.0,0.0
Astrocyte,Microglia,CCL2,CCR2,0.12968315,1.0,0.016816797,-0.48949452938644666,-inf,0.00054443994,0.17711471,1.0,1.0,0.15270975,1.0,0.02328903,-0.6721687244068747,-inf,0.00028444445,0.24551065,1.0,1.0,0.0
Microglia,Endothelial,CCL8,CCR5,0.12968315,1.0,0.016816797,-0.48949452938644666,-inf,0.00054443994,0.17711471,1.0,1.0,0.15270975,1.0,0.02328903,-0.6721687244068747,-inf,0.00028444445,0.24551065,1.0,1.0,0.0
Astrocyte,Microglia,CCL2,CCR3,0.12968315,1.0,0.016816797,-0.48949452938644666,-inf,0.00054443994,0.17711471,1.0,1.0,0.15270975,1.0,0.02328903,-0.6721687244068747,-inf,0.00028444445,0.24551065,1.0,1.0,0.0
Astrocyte,Microglia,CCL24,CCR3,0.12968315,1.0,0.016816797,-0.48949452938644666,-inf,0.00054443994,0.17711471,1.0,1.0,0.15270975,1.0,0.02328903,-0.6721687244068747,-inf,0.00028444445,0.24551065,1.0,1.0,0.0
Astrocyte,Microglia,CCL28,CCR3,0.12968315,1.0,0.016816797,-0.48949452938644666,-inf,0.00054443994,0.17711471,1.0,1.0,0.15270975,1.0,0.02328903,-0.6721687244068747,-inf,0.00028444445,0.24551065,1.0,1.0,0.0
Astrocyte,Microglia,CCL3,CCR3,0.12968315,1.0,0.016816797,-0.48949452938644666,-inf,0.00054443994,0.17711471,1.0,1.0,0.15270975,1.0,0.02328903,-0.6721687244068747,-inf,0.00028444445,0.24551065,1.0,1.0,0.0
Astrocyte,Microglia,CCL4,CCR3,0.12968315,1.0,0.016816797,-0.48949452938644666,-inf,0.00054443994,0.17711471,1.0,1.0,0.15270975,1.0,0.02328903,-0.6721687244068747,-inf,0.00028444445,0.24551065,1.0,1.0,0.0
Astrocyte,Microglia,CCL4,GPR152,0.12968315,1.0,0.016816797,-0.48949452938644666,-inf,0.00054443994,0.17711471,1.0,1.0,0.15270975,1.0,0.02328903,-0.6721687244068747,-inf,0.00028444445,0.24551065,1.0,1.0,0.0
Astrocyte,Microglia,CCL5,ACKR1,0.12968315,1.0,0.016816797,-0.48949452938644666,-inf,0.00054443994,0.17711471,1.0,1.0,0.15270975,1.0,0.02328903,-0.6721687244068747,-inf,0.00028444445,0.24551065,1.0,1.0,0.0
Astrocyte,Microglia,CD40LG,CD53,0.12968315,1.0,0.016816797,-0.48949452938644666,-inf,0.00054443994,0.17711471,1.0,1.0,0.15270975,1.0,0.02328903,-0.6721687244068747,-inf,0.00028444445,0.24551065,1.0,1.0,0.0
Astrocyte,Microglia,CCL5,CCR1,0.12968315,1.0,0.016816797,-0.48949452938644666,-inf,0.00054443994,0.17711471,1.0,1.0,0.15270975,1.0,0.02328903,-0.6721687244068747,-inf,0.00028444445,0.24551065,1.0,1.0,0.0
Astrocyte,Microglia,CCL5,CCR5,0.12968315,1.0,0.016816797,-0.48949452938644666,-inf,0.00054443994,0.17711471,1.0,1.0,0.15270975,1.0,0.02328903,-0.6721687244068747,-inf,0.00028444445,0.24551065,1.0,1.0,0.0
Astrocyte,Microglia,CCL5,SDC4,0.12968315,1.0,0.016816797,-0.48949452938644666,-inf,0.00054443994,0.17711471,1.0,1.0,0.15270975,1.0,0.02328903,-0.6721687244068747,-inf,0.00028444445,0.24551065,1.0,1.0,0.0
Astrocyte,Microglia,CCL24,CCR2,0.12968315,1.0,0.016816797,-0.48949452938644666,-inf,0.00054443994,0.17711471,1.0,1.0,0.15270975,1.0,0.02328903,-0.6721687244068747,-inf,0.00028444445,0.24551065,1.0,1.0,0.0
Microglia,Endothelial,CD177,PECAM1,0.12968315,1.0,0.016816797,-0.48949452938644666,-inf,0.00054443994,0.17711471,1.0,1.0,0.15270975,1.0,0.02328903,-0.6721687244068747,-inf,0.00028444445,0.24551065,1.0,1.0,0.0
Microglia,Endothelial,CD34,SELL,0.12968315,1.0,0.016816797,-0.48949452938644666,-inf,0.00054443994,0.17711471,1.0,1.0,0.15270975,1.0,0.02328903,-0.6721687244068747,-inf,0.00028444445,0.24551065,1.0,1.0,0.0
Microglia,Endothelial,CD40LG,CD53,0.12968315,1.0,0.016816797,-0.48949452938644666,-inf,0.00054443994,0.17711471,1.0,1.0,0.15270975,1.0,0.02328903,-0.6721687244068747,-inf,0.00028444445,0.24551065,1.0,1.0,0.0
Microglia,Endothelial,CCL2,CCR5,0.12968315,1.0,0.016816797,-0.48949452938644666,-inf,0.00054443994,0.17711471,1.0,1.0,0.15270975,1.0,0.02328903,-0.6721687244068747,-inf,0.00028444445,0.24551065,1.0,1.0,0.0
Endothelial,Astrocyte,CXCL10,CCR3,0.12968315,1.0,0.016816797,-0.48949452938644666,-inf,0.00054443994,0.17711471,1.0,1.0,0.15270975,1.0,0.02328903,-0.6721687244068747,-inf,0.00028444445,0.24551065,1.0,1.0,0.0
Astrocyte,Endothelial,APOB,TREM2,0.12968315,1.0,0.016816797,-0.48949452938644666,-inf,0.00054443994,0.17711471,1.0,1.0,0.15270975,1.0,0.02328903,-0.6721687244068747,-inf,0.00028444445,0.24551065,1.0,1.0,0.0
Endothelial,Astrocyte,CXCL12,AVPR1A,0.12968315,1.0,0.016816797,-0.48949452938644666,-inf,0.00054443994,0.17711471,1.0,1.0,0.15270975,1.0,0.02328903,-0.6721687244068747,-inf,0.00028444445,0.24551065,1.0,1.0,0.0
Microglia,Astrocyte,GZMA,F2RL1,0.12968315,1.0,0.016816797,-0.48949452938644666,-inf,0.00054443994,0.17711471,1.0,1.0,0.15270975,1.0,0.02328903,-0.6721687244068747,-inf,0.00028444445,0.24551065,1.0,1.0,0.0
Microglia,Astrocyte,PROK2,PROKR1,0.12968315,1.0,0.016816797,-0.48949452938644666,-inf,0.00054443994,0.17711471,1.0,1.0,0.15270975,1.0,0.02328903,-0.6721687244068747,-inf,0.00028444445,0.24551065,1.0,1.0,0.0
Endothelial,Astrocyte,CXCL10,SDC4,0.12968315,1.0,0.016816797,-0.48949452938644666,-inf,0.00054443994,0.17711471,1.0,1.0,0.15270975,1.0,0.02328903,-0.6721687244068747,-inf,0.00028444445,0.24551065,1.0,1.0,0.0
Microglia,Astrocyte,SCT,GPR84,0.12968315,1.0,0.016816797,-0.48949452938644666,-inf,0.00054443994,0.17711471,1.0,1.0,0.15270975,1.0,0.02328903,-0.6721687244068747,-inf,0.00028444445,0.24551065,1.0,1.0,0.0
Microglia,Astrocyte,SCT,RAMP2,0.12968315,1.0,0.016816797,-0.48949452938644666,-inf,0.00054443994,0.17711471,1.0,1.0,0.15270975,1.0,0.02328903,-0.6721687244068747,-inf,0.00028444445,0.24551065,1.0,1.0,0.0
Microglia,Astrocyte,SNCA,LAG3,0.12968315,1.0,0.016816797,-0.48949452938644666,-inf,0.00054443994,0.17711471,1.0,1.0,0.15270975,1.0,0.02328903,-0.6721687244068747,-inf,0.00028444445,0.24551065,1.0,1.0,0.0
Microglia,Astrocyte,TDGF1,ACVR1C,0.12968315,1.0,0.016816797,-0.48949452938644666,-inf,0.00054443994,0.17711471,1.0,1.0,0.15270975,1.0,0.02328903,-0.6721687244068747,-inf,0.00028444445,0.24551065,1.0,1.0,0.0
Microglia,Astrocyte,RLN3,GPR84,0.12968315,1.0,0.016816797,-0.48949452938644666,-inf,0.00054443994,0.17711471,1.0,1.0,0.15270975,1.0,0.02328903,-0.6721687244068747,-inf,0.00028444445,0.24551065,1.0,1.0,0.0
Microglia,Astrocyte,HDC,HRH3,0.12968315,1.0,0.016816797,-0.48949452938644666,-inf,0.00054443994,0.17711471,1.0,1.0,0.15270975,1.0,0.02328903,-0.6721687244068747,-inf,0.00028444445,0.24551065,1.0,1.0,0.0
Microglia,Astrocyte,THBS1,SDC4,0.12968315,1.0,0.016816797,-0.48949452938644666,-inf,0.00054443994,0.17711471,1.0,1.0,0.15270975,1.0,0.02328903,-0.6721687244068747,-inf,0.00028444445,0.24551065,1.0,1.0,0.0
Microglia,Astrocyte,PPY,NPY5R,0.12968315,1.0,0.016816797,-0.48949452938644666,-inf,0.00054443994,0.17711471,1.0,1.0,0.15270975,1.0,0.02328903,-0.6721687244068747,-inf,0.00028444445,0.24551065,1.0,1.0,0.0
Microglia,Astrocyte,XCL1,XCR1,0.12968315,1.0,0.016816797,-0.48949452938644666,-inf,0.00054443994,0.17711471,1.0,1.0,0.15270975,1.0,0.02328903,-0.6721687244068747,-inf,0.00028444445,0.24551065,1.0,1.0,0.0
Microglia,Endothelial,ADM,RAMP1,0.12968315,1.0,0.016816797,-0.48949452938644666,-inf,0.00054443994,0.17711471,1.0,1.0,0.15270975,1.0,0.02328903,-0.6721687244068747,-inf,0.00028444445,0.24551065,1.0,1.0,0.0
Microglia,Endothelial,ADM,RAMP2,0.12968315,1.0,0.016816797,-0.48949452938644666,-inf,0.00054443994,0.17711471,1.0,1.0,0.15270975,1.0,0.02328903,-0.6721687244068747,-inf,0.00028444445,0.24551065,1.0,1.0,0.0
Microglia,Endothelial,ANGPTL4,GPIHBP1,0.12968315,1.0,0.016816797,-0.48949452938644666,-inf,0.00054443994,0.17711471,1.0,1.0,0.15270975,1.0,0.02328903,-0.6721687244068747,-inf,0.00028444445,0.24551065,1.0,1.0,0.0
Microglia,Endothelial,ANGPTL4,SDC4,0.12968315,1.0,0.016816797,-0.48949452938644666,-inf,0.00054443994,0.17711471,1.0,1.0,0.15270975,1.0,0.02328903,-0.6721687244068747,-inf,0.00028444445,0.24551065,1.0,1.0,0.0
Microglia,Endothelial,ANXA1,FPR1,0.12968315,1.0,0.016816797,-0.48949452938644666,-inf,0.00054443994,0.17711471,1.0,1.0,0.15270975,1.0,0.02328903,-0.6721687244068747,-inf,0.00028444445,0.24551065,1.0,1.0,0.0
Microglia,Endothelial,APOB,LSR,0.12968315,1.0,0.016816797,-0.48949452938644666,-inf,0.00054443994,0.17711471,1.0,1.0,0.15270975,1.0,0.02328903,-0.6721687244068747,-inf,0.00028444445,0.24551065,1.0,1.0,0.0
Microglia,Astrocyte,VWF,SIRPA,0.12968315,1.0,0.016816797,-0.48949452938644666,-inf,0.00054443994,0.17711471,1.0,1.0,0.15270975,1.0,0.02328903,-0.6721687244068747,-inf,0.00028444445,0.24551065,1.0,1.0,0.0
Microglia,Astrocyte,PPBP,CXCR2,0.12968315,1.0,0.016816797,-0.48949452938644666,-inf,0.00054443994,0.17711471,1.0,1.0,0.15270975,1.0,0.02328903,-0.6721687244068747,-inf,0.00028444445,0.24551065,1.0,1.0,0.0
Microglia,Astrocyte,PPBP,CXCR1,0.12968315,1.0,0.016816797,-0.48949452938644666,-inf,0.00054443994,0.17711471,1.0,1.0,0.15270975,1.0,0.02328903,-0.6721687244068747,-inf,0.00028444445,0.24551065,1.0,1.0,0.0
Microglia,Astrocyte,PPBP,ACKR1,0.12968315,1.0,0.016816797,-0.48949452938644666,-inf,0.00054443994,0.17711471,1.0,1.0,0.15270975,1.0,0.02328903,-0.6721687244068747,-inf,0.00028444445,0.24551065,1.0,1.0,0.0
Endothelial,Pericyte,PPBP,CXCR2,0.12968315,1.0,0.016816797,-0.48949452938644666,-inf,0.00054443994,0.17711471,1.0,1.0,0.15270975,1.0,0.02328903,-0.6721687244068747,-inf,0.00028444445,0.24551065,1.0,1.0,0.0
Microglia,Astrocyte,B2M,KLRC1,0.12968315,1.0,0.016816797,-0.48949452938644666,-inf,0.00054443994,0.17711471,1.0,1.0,0.15270975,1.0,0.02328903,-0.6721687244068747,-inf,0.00028444445,0.24551065,1.0,1.0,0.0
Microglia,Endothelial,IL6,F3,0.12968315,1.0,0.016816797,-0.48949452938644666,-inf,0.00054443994,0.17711471,1.0,1.0,0.15270975,1.0,0.02328903,-0.6721687244068747,-inf,0.00028444445,0.24551065,1.0,1.0,0.0
Endothelial,Microglia,NPY,NPY5R,0.12968315,1.0,0.016816797,-0.48949452938644666,-inf,0.00054443994,0.17711471,1.0,1.0,0.15270975,1.0,0.02328903,-0.6721687244068747,-inf,0.00028444445,0.24551065,1.0,1.0,0.0
Microglia,Astrocyte,HP,ASGR1,0.12968315,1.0,0.016816797,-0.48949452938644666,-inf,0.00054443994,0.17711471,1.0,1.0,0.15270975,1.0,0.02328903,-0.6721687244068747,-inf,0.00028444445,0.24551065,1.0,1.0,0.0
Microglia,Astrocyte,HP,CD163,0.12968315,1.0,0.016816797,-0.48949452938644666,-inf,0.00054443994,0.17711471,1.0,1.0,0.15270975,1.0,0.02328903,-0.6721687244068747,-inf,0.00028444445,0.24551065,1.0,1.0,0.0
Microglia,Astrocyte,HSPA1A,GRIN2D,0.12968315,1.0,0.016816797,-0.48949452938644666,-inf,0.00054443994,0.17711471,1.0,1.0,0.15270975,1.0,0.02328903,-0.6721687244068747,-inf,0.00028444445,0.24551065,1.0,1.0,0.0
Microglia,Astrocyte,IL34,PTPRZ1,0.12968315,1.0,0.016816797,-0.48949452938644666,-inf,0.00054443994,0.17711471,1.0,1.0,0.15270975,1.0,0.02328903,-0.6721687244068747,-inf,0.00028444445,0.24551065,1.0,1.0,0.0
Microglia,Astrocyte,IL6,F3,0.12968315,1.0,0.016816797,-0.48949452938644666,-inf,0.00054443994,0.17711471,1.0,1.0,0.15270975,1.0,0.02328903,-0.6721687244068747,-inf,0.00028444445,0.24551065,1.0,1.0,0.0
Microglia,Astrocyte,IL6,MUSK,0.12968315,1.0,0.016816797,-0.48949452938644666,-inf,0.00054443994,0.17711471,1.0,1.0,0.15270975,1.0,0.02328903,-0.6721687244068747,-inf,0.00028444445,0.24551065,1.0,1.0,0.0
Microglia,Astrocyte,ITIH2,FCER1A,0.12968315,1.0,0.016816797,-0.48949452938644666,-inf,0.00054443994,0.17711471,1.0,1.0,0.15270975,1.0,0.02328903,-0.6721687244068747,-inf,0.00028444445,0.24551065,1.0,1.0,0.0
Microglia,Astrocyte,LGALS3,LAG3,0.12968315,1.0,0.016816797,-0.48949452938644666,-inf,0.00054443994,0.17711471,1.0,1.0,0.15270975,1.0,0.02328903,-0.6721687244068747,-inf,0.00028444445,0.24551065,1.0,1.0,0.0
Microglia,Astrocyte,LPL,GPIHBP1,0.12968315,1.0,0.016816797,-0.48949452938644666,-inf,0.00054443994,0.17711471,1.0,1.0,0.15270975,1.0,0.02328903,-0.6721687244068747,-inf,0.00028444445,0.24551065,1.0,1.0,0.0
Microglia,Astrocyte,PSAP,GPR37,0.12968315,1.0,0.016816797,-0.48949452938644666,-inf,0.00054443994,0.17711471,1.0,1.0,0.15270975,1.0,0.02328903,-0.6721687244068747,-inf,0.00028444445,0.24551065,1.0,1.0,0.0
Microglia,Astrocyte,NPY,NPY5R,0.12968315,1.0,0.016816797,-0.48949452938644666,-inf,0.00054443994,0.17711471,1.0,1.0,0.15270975,1.0,0.02328903,-0.6721687244068747,-inf,0.00028444445,0.24551065,1.0,1.0,0.0
Microglia,Astrocyte,NTS,NTSR2,0.12968315,1.0,0.016816797,-0.48949452938644666,-inf,0.00054443994,0.17711471,1.0,1.0,0.15270975,1.0,0.02328903,-0.6721687244068747,-inf,0.00028444445,0.24551065,1.0,1.0,0.0
Microglia,Astrocyte,PENK,OPRL1,0.12968315,1.0,0.016816797,-0.48949452938644666,-inf,0.00054443994,0.17711471,1.0,1.0,0.15270975,1.0,0.02328903,-0.6721687244068747,-inf,0.00028444445,0.24551065,1.0,1.0,0.0
Microglia,Astrocyte,PF4,ACKR1,0.12968315,1.0,0.016816797,-0.48949452938644666,-inf,0.00054443994,0.17711471,1.0,1.0,0.15270975,1.0,0.02328903,-0.6721687244068747,-inf,0.00028444445,0.24551065,1.0,1.0,0.0
Microglia,Astrocyte,PNOC,OPRL1,0.12968315,1.0,0.016816797,-0.48949452938644666,-inf,0.00054443994,0.17711471,1.0,1.0,0.15270975,1.0,0.02328903,-0.6721687244068747,-inf,0.00028444445,0.24551065,1.0,1.0,0.0
Microglia,Endothelial,APOB,TREM2,0.12968315,1.0,0.016816797,-0.48949452938644666,-inf,0.00054443994,0.17711471,1.0,1.0,0.15270975,1.0,0.02328903,-0.6721687244068747,-inf,0.00028444445,0.24551065,1.0,1.0,0.0
Microglia,Endothelial,APP,FPR2,0.12968315,1.0,0.016816797,-0.48949452938644666,-inf,0.00054443994,0.17711471,1.0,1.0,0.15270975,1.0,0.02328903,-0.6721687244068747,-inf,0.00028444445,0.24551065,1.0,1.0,0.0
Microglia,Astrocyte,TIMP1,CD63,0.12968315,1.0,0.016816797,-0.48949452938644666,-inf,0.00054443994,0.17711471,1.0,1.0,0.15270975,1.0,0.02328903,-0.6721687244068747,-inf,0.00028444445,0.24551065,1.0,1.0,0.0
Microglia,Astrocyte,GAST,CCKBR,0.12968315,1.0,0.016816797,-0.48949452938644666,-inf,0.00054443994,0.17711471,1.0,1.0,0.15270975,1.0,0.02328903,-0.6721687244068747,-inf,0.00028444445,0.24551065,1.0,1.0,0.0
Microglia,Microglia,PROK2,PROKR1,0.12968315,1.0,0.016816797,-0.48949452938644666,-inf,0.00054443994,0.17711471,1.0,1.0,0.15270975,1.0,0.02328903,-0.6721687244068747,-inf,0.00028444445,0.24551065,1.0,1.0,0.0
Microglia,Astrocyte,SAA1,FPR2,0.12968315,1.0,0.016816797,-0.48949452938644666,-inf,0.00054443994,0.17711471,1.0,1.0,0.15270975,1.0,0.02328903,-0.6721687244068747,-inf,0.00028444445,0.24551065,1.0,1.0,0.0
Microglia,Oligodendrocyte,CCL11,ACKR1,0.12968315,1.0,0.016816797,-0.48949452938644666,-inf,0.00054443994,0.17711471,1.0,1.0,0.15270975,1.0,0.02328903,-0.6721687244068747,-inf,0.00028444445,0.24551065,1.0,1.0,0.0
Microglia,Oligodendrocyte,CAMP,IGF1R,0.12968315,1.0,0.016816797,-0.48949452938644666,-inf,0.00054443994,0.17711471,1.0,1.0,0.15270975,1.0,0.02328903,-0.6721687244068747,-inf,0.00028444445,0.24551065,1.0,1.0,0.0
Microglia,Endothelial,SCT,GPR84,0.12968315,1.0,0.016816797,-0.48949452938644666,-inf,0.00054443994,0.17711471,1.0,1.0,0.15270975,1.0,0.02328903,-0.6721687244068747,-inf,0.00028444445,0.24551065,1.0,1.0,0.0
Microglia,Microglia,TNF,FAS,0.12968315,1.0,0.016816797,-0.48949452938644666,-inf,0.00054443994,0.17711471,1.0,1.0,0.15270975,1.0,0.02328903,-0.6721687244068747,-inf,0.00028444445,0.24551065,1.0,1.0,0.0
Microglia,Microglia,VWF,SIRPA,0.12968315,1.0,0.016816797,-0.48949452938644666,-inf,0.00054443994,0.17711471,1.0,1.0,0.15270975,1.0,0.02328903,-0.6721687244068747,-inf,0.00028444445,0.24551065,1.0,1.0,0.0
Microglia,Microglia,XCL1,XCR1,0.12968315,1.0,0.016816797,-0.48949452938644666,-inf,0.00054443994,0.17711471,1.0,1.0,0.15270975,1.0,0.02328903,-0.6721687244068747,-inf,0.00028444445,0.24551065,1.0,1.0,0.0
Microglia,Oligodendrocyte,ADM,GPR84,0.12968315,1.0,0.016816797,-0.48949452938644666,-inf,0.00054443994,0.17711471,1.0,1.0,0.15270975,1.0,0.02328903,-0.6721687244068747,-inf,0.00028444445,0.24551065,1.0,1.0,0.0
Microglia,Oligodendrocyte,ADM,RAMP1,0.12968315,1.0,0.016816797,-0.48949452938644666,-inf,0.00054443994,0.17711471,1.0,1.0,0.15270975,1.0,0.02328903,-0.6721687244068747,-inf,0.00028444445,0.24551065,1.0,1.0,0.0
Microglia,Oligodendrocyte,ADM,RAMP2,0.12968315,1.0,0.016816797,-0.48949452938644666,-inf,0.00054443994,0.17711471,1.0,1.0,0.15270975,1.0,0.02328903,-0.6721687244068747,-inf,0.00028444445,0.24551065,1.0,1.0,0.0
Microglia,Oligodendrocyte,ANGPTL4,GPIHBP1,0.12968315,1.0,0.016816797,-0.48949452938644666,-inf,0.00054443994,0.17711471,1.0,1.0,0.15270975,1.0,0.02328903,-0.6721687244068747,-inf,0.00028444445,0.24551065,1.0,1.0,0.0
Microglia,Oligodendrocyte,ANGPTL4,SDC4,0.12968315,1.0,0.016816797,-0.48949452938644666,-inf,0.00054443994,0.17711471,1.0,1.0,0.15270975,1.0,0.02328903,-0.6721687244068747,-inf,0.00028444445,0.24551065,1.0,1.0,0.0
Microglia,Oligodendrocyte,ANXA1,FPR1,0.12968315,1.0,0.016816797,-0.48949452938644666,-inf,0.00054443994,0.17711471,1.0,1.0,0.15270975,1.0,0.02328903,-0.6721687244068747,-inf,0.00028444445,0.24551065,1.0,1.0,0.0
Microglia,Oligodendrocyte,CCL1,ACKR1,0.12968315,1.0,0.016816797,-0.48949452938644666,-inf,0.00054443994,0.17711471,1.0,1.0,0.15270975,1.0,0.02328903,-0.6721687244068747,-inf,0.00028444445,0.24551065,1.0,1.0,0.0
Microglia,Oligodendrocyte,APOB,LSR,0.12968315,1.0,0.016816797,-0.48949452938644666,-inf,0.00054443994,0.17711471,1.0,1.0,0.15270975,1.0,0.02328903,-0.6721687244068747,-inf,0.00028444445,0.24551065,1.0,1.0,0.0
Microglia,Microglia,TIMP1,CD63,0.12968315,1.0,0.016816797,-0.48949452938644666,-inf,0.00054443994,0.17711471,1.0,1.0,0.15270975,1.0,0.02328903,-0.6721687244068747,-inf,0.00028444445,0.24551065,1.0,1.0,0.0
Microglia,Oligodendrocyte,APP,FPR2,0.12968315,1.0,0.016816797,-0.48949452938644666,-inf,0.00054443994,0.17711471,1.0,1.0,0.15270975,1.0,0.02328903,-0.6721687244068747,-inf,0.00028444445,0.24551065,1.0,1.0,0.0
Microglia,Oligodendrocyte,B2M,KLRC2,0.12968315,1.0,0.016816797,-0.48949452938644666,-inf,0.00054443994,0.17711471,1.0,1.0,0.15270975,1.0,0.02328903,-0.6721687244068747,-inf,0.00028444445,0.24551065,1.0,1.0,0.0
Microglia,Microglia,SAA1,FPR2,0.12968315,1.0,0.016816797,-0.48949452938644666,-inf,0.00054443994,0.17711471,1.0,1.0,0.15270975,1.0,0.02328903,-0.6721687244068747,-inf,0.00028444445,0.24551065,1.0,1.0,0.0
Endothelial,Pericyte,PPBP,CXCR1,0.12968315,1.0,0.016816797,-0.48949452938644666,-inf,0.00054443994,0.17711471,1.0,1.0,0.15270975,1.0,0.02328903,-0.6721687244068747,-inf,0.00028444445,0.24551065,1.0,1.0,0.0
Microglia,Microglia,SAA1,FPR1,0.12968315,1.0,0.016816797,-0.48949452938644666,-inf,0.00054443994,0.17711471,1.0,1.0,0.15270975,1.0,0.02328903,-0.6721687244068747,-inf,0.00028444445,0.24551065,1.0,1.0,0.0
Microglia,Microglia,RLN3,RAMP2,0.12968315,1.0,0.016816797,-0.48949452938644666,-inf,0.00054443994,0.17711471,1.0,1.0,0.15270975,1.0,0.02328903,-0.6721687244068747,-inf,0.00028444445,0.24551065,1.0,1.0,0.0
Microglia,Endothelial,ADM,GPR84,0.12968315,1.0,0.016816797,-0.48949452938644666,-inf,0.00054443994,0.17711471,1.0,1.0,0.15270975,1.0,0.02328903,-0.6721687244068747,-inf,0.00028444445,0.24551065,1.0,1.0,0.0
Microglia,Astrocyte,MSMP,CCR2,0.12968315,1.0,0.016816797,-0.48949452938644666,-inf,0.00054443994,0.17711471,1.0,1.0,0.15270975,1.0,0.02328903,-0.6721687244068747,-inf,0.00028444445,0.24551065,1.0,1.0,0.0
Microglia,Endothelial,SAA1,FPR2,0.12968315,1.0,0.016816797,-0.48949452938644666,-inf,0.00054443994,0.17711471,1.0,1.0,0.15270975,1.0,0.02328903,-0.6721687244068747,-inf,0.00028444445,0.24551065,1.0,1.0,0.0
Microglia,Oligodendrocyte,CCL11,CCR2,0.12968315,1.0,0.016816797,-0.48949452938644666,-inf,0.00054443994,0.17711471,1.0,1.0,0.15270975,1.0,0.02328903,-0.6721687244068747,-inf,0.00028444445,0.24551065,1.0,1.0,0.0
Microglia,Microglia,THBS1,SDC4,0.12968315,1.0,0.016816797,-0.48949452938644666,-inf,0.00054443994,0.17711471,1.0,1.0,0.15270975,1.0,0.02328903,-0.6721687244068747,-inf,0.00028444445,0.24551065,1.0,1.0,0.0
Microglia,Microglia,PENK,OPRL1,0.12968315,1.0,0.016816797,-0.48949452938644666,-inf,0.00054443994,0.17711471,1.0,1.0,0.15270975,1.0,0.02328903,-0.6721687244068747,-inf,0.00028444445,0.24551065,1.0,1.0,0.0
Microglia,Microglia,PF4,ACKR1,0.12968315,1.0,0.016816797,-0.48949452938644666,-inf,0.00054443994,0.17711471,1.0,1.0,0.15270975,1.0,0.02328903,-0.6721687244068747,-inf,0.00028444445,0.24551065,1.0,1.0,0.0
Microglia,Microglia,PGLYRP1,TREM1,0.12968315,1.0,0.016816797,-0.48949452938644666,-inf,0.00054443994,0.17711471,1.0,1.0,0.15270975,1.0,0.02328903,-0.6721687244068747,-inf,0.00028444445,0.24551065,1.0,1.0,0.0
Microglia,Microglia,PNOC,OPRL1,0.12968315,1.0,0.016816797,-0.48949452938644666,-inf,0.00054443994,0.17711471,1.0,1.0,0.15270975,1.0,0.02328903,-0.6721687244068747,-inf,0.00028444445,0.24551065,1.0,1.0,0.0
Microglia,Microglia,PPBP,ACKR1,0.12968315,1.0,0.016816797,-0.48949452938644666,-inf,0.00054443994,0.17711471,1.0,1.0,0.15270975,1.0,0.02328903,-0.6721687244068747,-inf,0.00028444445,0.24551065,1.0,1.0,0.0
Microglia,Microglia,PPBP,CXCR1,0.12968315,1.0,0.016816797,-0.48949452938644666,-inf,0.00054443994,0.17711471,1.0,1.0,0.15270975,1.0,0.02328903,-0.6721687244068747,-inf,0.00028444445,0.24551065,1.0,1.0,0.0
Microglia,Microglia,PPBP,CXCR2,0.12968315,1.0,0.016816797,-0.48949452938644666,-inf,0.00054443994,0.17711471,1.0,1.0,0.15270975,1.0,0.02328903,-0.6721687244068747,-inf,0.00028444445,0.24551065,1.0,1.0,0.0
Microglia,Oligodendrocyte,B2M,KLRC1,0.12968315,1.0,0.016816797,-0.48949452938644666,-inf,0.00054443994,0.17711471,1.0,1.0,0.15270975,1.0,0.02328903,-0.6721687244068747,-inf,0.00028444445,0.24551065,1.0,1.0,0.0
Microglia,Microglia,PPY,NPY5R,0.12968315,1.0,0.016816797,-0.48949452938644666,-inf,0.00054443994,0.17711471,1.0,1.0,0.15270975,1.0,0.02328903,-0.6721687244068747,-inf,0.00028444445,0.24551065,1.0,1.0,0.0
Microglia,Microglia,PSAP,GPR37,0.12968315,1.0,0.016816797,-0.48949452938644666,-inf,0.00054443994,0.17711471,1.0,1.0,0.15270975,1.0,0.02328903,-0.6721687244068747,-inf,0.00028444445,0.24551065,1.0,1.0,0.0
Microglia,Microglia,PTN,PTPRB,0.12968315,1.0,0.016816797,-0.48949452938644666,-inf,0.00054443994,0.17711471,1.0,1.0,0.15270975,1.0,0.02328903,-0.6721687244068747,-inf,0.00028444445,0.24551065,1.0,1.0,0.0
Microglia,Microglia,TDGF1,ACVR1C,0.12968315,1.0,0.016816797,-0.48949452938644666,-inf,0.00054443994,0.17711471,1.0,1.0,0.15270975,1.0,0.02328903,-0.6721687244068747,-inf,0.00028444445,0.24551065,1.0,1.0,0.0
Microglia,Microglia,PTN,PTPRZ1,0.12968315,1.0,0.016816797,-0.48949452938644666,-inf,0.00054443994,0.17711471,1.0,1.0,0.15270975,1.0,0.02328903,-0.6721687244068747,-inf,0.00028444445,0.24551065,1.0,1.0,0.0
Microglia,Microglia,RLN3,GPR84,0.12968315,1.0,0.016816797,-0.48949452938644666,-inf,0.00054443994,0.17711471,1.0,1.0,0.15270975,1.0,0.02328903,-0.6721687244068747,-inf,0.00028444445,0.24551065,1.0,1.0,0.0
Microglia,Microglia,S100A4,CCR5,0.12968315,1.0,0.016816797,-0.48949452938644666,-inf,0.00054443994,0.17711471,1.0,1.0,0.15270975,1.0,0.02328903,-0.6721687244068747,-inf,0.00028444445,0.24551065,1.0,1.0,0.0
Endothelial,Pericyte,PPBP,ACKR1,0.12968315,1.0,0.016816797,-0.48949452938644666,-inf,0.00054443994,0.17711471,1.0,1.0,0.15270975,1.0,0.02328903,-0.6721687244068747,-inf,0.00028444445,0.24551065,1.0,1.0,0.0
Endothelial,Pericyte,PNOC,OPRL1,0.12968315,1.0,0.016816797,-0.48949452938644666,-inf,0.00054443994,0.17711471,1.0,1.0,0.15270975,1.0,0.02328903,-0.6721687244068747,-inf,0.00028444445,0.24551065,1.0,1.0,0.0
Endothelial,Pericyte,PGLYRP1,TREM1,0.12968315,1.0,0.016816797,-0.48949452938644666,-inf,0.00054443994,0.17711471,1.0,1.0,0.15270975,1.0,0.02328903,-0.6721687244068747,-inf,0.00028444445,0.24551065,1.0,1.0,0.0
Endothelial,Pericyte,CSF3,CSF1R,0.12968315,1.0,0.016816797,-0.48949452938644666,-inf,0.00054443994,0.17711471,1.0,1.0,0.15270975,1.0,0.02328903,-0.6721687244068747,-inf,0.00028444445,0.24551065,1.0,1.0,0.0
Endothelial,Pericyte,CXCL3,ACKR1,0.12968315,1.0,0.016816797,-0.48949452938644666,-inf,0.00054443994,0.17711471,1.0,1.0,0.15270975,1.0,0.02328903,-0.6721687244068747,-inf,0.00028444445,0.24551065,1.0,1.0,0.0
Endothelial,Pericyte,IL34,PTPRZ1,0.12968315,1.0,0.016816797,-0.48949452938644666,-inf,0.00054443994,0.17711471,1.0,1.0,0.15270975,1.0,0.02328903,-0.6721687244068747,-inf,0.00028444445,0.24551065,1.0,1.0,0.0
Endothelial,Pericyte,IL6,F3,0.12968315,1.0,0.016816797,-0.48949452938644666,-inf,0.00054443994,0.17711471,1.0,1.0,0.15270975,1.0,0.02328903,-0.6721687244068747,-inf,0.00028444445,0.24551065,1.0,1.0,0.0
Endothelial,Pericyte,IL6,MUSK,0.12968315,1.0,0.016816797,-0.48949452938644666,-inf,0.00054443994,0.17711471,1.0,1.0,0.15270975,1.0,0.02328903,-0.6721687244068747,-inf,0.00028444445,0.24551065,1.0,1.0,0.0
Endothelial,Pericyte,ITIH2,FCER1A,0.12968315,1.0,0.016816797,-0.48949452938644666,-inf,0.00054443994,0.17711471,1.0,1.0,0.15270975,1.0,0.02328903,-0.6721687244068747,-inf,0.00028444445,0.24551065,1.0,1.0,0.0
Endothelial,Pericyte,LGALS3,LAG3,0.12968315,1.0,0.016816797,-0.48949452938644666,-inf,0.00054443994,0.17711471,1.0,1.0,0.15270975,1.0,0.02328903,-0.6721687244068747,-inf,0.00028444445,0.24551065,1.0,1.0,0.0
Endothelial,Pericyte,LPL,GPIHBP1,0.12968315,1.0,0.016816797,-0.48949452938644666,-inf,0.00054443994,0.17711471,1.0,1.0,0.15270975,1.0,0.02328903,-0.6721687244068747,-inf,0.00028444445,0.24551065,1.0,1.0,0.0
Endothelial,Pericyte,MSMP,CCR2,0.12968315,1.0,0.016816797,-0.48949452938644666,-inf,0.00054443994,0.17711471,1.0,1.0,0.15270975,1.0,0.02328903,-0.6721687244068747,-inf,0.00028444445,0.24551065,1.0,1.0,0.0
Endothelial,Pericyte,GZMA,F2RL1,0.12968315,1.0,0.016816797,-0.48949452938644666,-inf,0.00054443994,0.17711471,1.0,1.0,0.15270975,1.0,0.02328903,-0.6721687244068747,-inf,0.00028444445,0.24551065,1.0,1.0,0.0
Endothelial,Pericyte,CXCL3,CXCR1,0.12968315,1.0,0.016816797,-0.48949452938644666,-inf,0.00054443994,0.17711471,1.0,1.0,0.15270975,1.0,0.02328903,-0.6721687244068747,-inf,0.00028444445,0.24551065,1.0,1.0,0.0
Endothelial,Pericyte,COL3A1,MAG,0.12968315,1.0,0.016816797,-0.48949452938644666,-inf,0.00054443994,0.17711471,1.0,1.0,0.15270975,1.0,0.02328903,-0.6721687244068747,-inf,0.00028444445,0.24551065,1.0,1.0,0.0
Endothelial,Pericyte,CXCL2,XCR1,0.12968315,1.0,0.016816797,-0.48949452938644666,-inf,0.00054443994,0.17711471,1.0,1.0,0.15270975,1.0,0.02328903,-0.6721687244068747,-inf,0.00028444445,0.24551065,1.0,1.0,0.0
Endothelial,Pericyte,CCL8,CCR2,0.12968315,1.0,0.016816797,-0.48949452938644666,-inf,0.00054443994,0.17711471,1.0,1.0,0.15270975,1.0,0.02328903,-0.6721687244068747,-inf,0.00028444445,0.24551065,1.0,1.0,0.0
Endothelial,Pericyte,CCL8,CCR3,0.12968315,1.0,0.016816797,-0.48949452938644666,-inf,0.00054443994,0.17711471,1.0,1.0,0.15270975,1.0,0.02328903,-0.6721687244068747,-inf,0.00028444445,0.24551065,1.0,1.0,0.0
Endothelial,Pericyte,CCL8,CCR5,0.12968315,1.0,0.016816797,-0.48949452938644666,-inf,0.00054443994,0.17711471,1.0,1.0,0.15270975,1.0,0.02328903,-0.6721687244068747,-inf,0.00028444445,0.24551065,1.0,1.0,0.0
Endothelial,Pericyte,CD177,PECAM1,0.12968315,1.0,0.016816797,-0.48949452938644666,-inf,0.00054443994,0.17711471,1.0,1.0,0.15270975,1.0,0.02328903,-0.6721687244068747,-inf,0.00028444445,0.24551065,1.0,1.0,0.0
Endothelial,Pericyte,CD34,SELL,0.12968315,1.0,0.016816797,-0.48949452938644666,-inf,0.00054443994,0.17711471,1.0,1.0,0.15270975,1.0,0.02328903,-0.6721687244068747,-inf,0.00028444445,0.24551065,1.0,1.0,0.0
Endothelial,Pericyte,CD40LG,CD53,0.12968315,1.0,0.016816797,-0.48949452938644666,-inf,0.00054443994,0.17711471,1.0,1.0,0.15270975,1.0,0.02328903,-0.6721687244068747,-inf,0.00028444445,0.24551065,1.0,1.0,0.0
Microglia,Astrocyte,APOB,LSR,0.12968315,1.0,0.016816797,-0.48949452938644666,-inf,0.00054443994,0.17711471,1.0,1.0,0.15270975,1.0,0.02328903,-0.6721687244068747,-inf,0.00028444445,0.24551065,1.0,1.0,0.0
Endothelial,Pericyte,CD40LG,CD9,0.12968315,1.0,0.016816797,-0.48949452938644666,-inf,0.00054443994,0.17711471,1.0,1.0,0.15270975,1.0,0.02328903,-0.6721687244068747,-inf,0.00028444445,0.24551065,1.0,1.0,0.0
Microglia,Astrocyte,ANXA1,FPR1,0.12968315,1.0,0.016816797,-0.48949452938644666,-inf,0.00054443994,0.17711471,1.0,1.0,0.15270975,1.0,0.02328903,-0.6721687244068747,-inf,0.00028444445,0.24551065,1.0,1.0,0.0
Microglia,Astrocyte,ANGPTL4,GPIHBP1,0.12968315,1.0,0.016816797,-0.48949452938644666,-inf,0.00054443994,0.17711471,1.0,1.0,0.15270975,1.0,0.02328903,-0.6721687244068747,-inf,0.00028444445,0.24551065,1.0,1.0,0.0
Endothelial,Pericyte,CXCL1,CXCR1,0.12968315,1.0,0.016816797,-0.48949452938644666,-inf,0.00054443994,0.17711471,1.0,1.0,0.15270975,1.0,0.02328903,-0.6721687244068747,-inf,0.00028444445,0.24551065,1.0,1.0,0.0
Endothelial,Pericyte,CXCL1,CXCR2,0.12968315,1.0,0.016816797,-0.48949452938644666,-inf,0.00054443994,0.17711471,1.0,1.0,0.15270975,1.0,0.02328903,-0.6721687244068747,-inf,0.00028444445,0.24551065,1.0,1.0,0.0
Endothelial,Pericyte,CXCL10,ACKR1,0.12968315,1.0,0.016816797,-0.48949452938644666,-inf,0.00054443994,0.17711471,1.0,1.0,0.15270975,1.0,0.02328903,-0.6721687244068747,-inf,0.00028444445,0.24551065,1.0,1.0,0.0
Endothelial,Pericyte,CXCL10,CCR3,0.12968315,1.0,0.016816797,-0.48949452938644666,-inf,0.00054443994,0.17711471,1.0,1.0,0.15270975,1.0,0.02328903,-0.6721687244068747,-inf,0.00028444445,0.24551065,1.0,1.0,0.0
Endothelial,Pericyte,CXCL10,SDC4,0.12968315,1.0,0.016816797,-0.48949452938644666,-inf,0.00054443994,0.17711471,1.0,1.0,0.15270975,1.0,0.02328903,-0.6721687244068747,-inf,0.00028444445,0.24551065,1.0,1.0,0.0
Endothelial,Pericyte,CXCL12,AVPR1A,0.12968315,1.0,0.016816797,-0.48949452938644666,-inf,0.00054443994,0.17711471,1.0,1.0,0.15270975,1.0,0.02328903,-0.6721687244068747,-inf,0.00028444445,0.24551065,1.0,1.0,0.0
Endothelial,Pericyte,CXCL2,ACKR1,0.12968315,1.0,0.016816797,-0.48949452938644666,-inf,0.00054443994,0.17711471,1.0,1.0,0.15270975,1.0,0.02328903,-0.6721687244068747,-inf,0.00028444445,0.24551065,1.0,1.0,0.0
Endothelial,Pericyte,CXCL2,CXCR1,0.12968315,1.0,0.016816797,-0.48949452938644666,-inf,0.00054443994,0.17711471,1.0,1.0,0.15270975,1.0,0.02328903,-0.6721687244068747,-inf,0.00028444445,0.24551065,1.0,1.0,0.0
Endothelial,Pericyte,CXCL2,CXCR2,0.12968315,1.0,0.016816797,-0.48949452938644666,-inf,0.00054443994,0.17711471,1.0,1.0,0.15270975,1.0,0.02328903,-0.6721687244068747,-inf,0.00028444445,0.24551065,1.0,1.0,0.0
Endothelial,Pericyte,CSF2,CSF1R,0.12968315,1.0,0.016816797,-0.48949452938644666,-inf,0.00054443994,0.17711471,1.0,1.0,0.15270975,1.0,0.02328903,-0.6721687244068747,-inf,0.00028444445,0.24551065,1.0,1.0,0.0
Endothelial,Pericyte,CXCL1,ACKR1,0.12968315,1.0,0.016816797,-0.48949452938644666,-inf,0.00054443994,0.17711471,1.0,1.0,0.15270975,1.0,0.02328903,-0.6721687244068747,-inf,0.00028444445,0.24551065,1.0,1.0,0.0
Endothelial,Pericyte,CCL8,ACKR1,0.12968315,1.0,0.016816797,-0.48949452938644666,-inf,0.00054443994,0.17711471,1.0,1.0,0.15270975,1.0,0.02328903,-0.6721687244068747,-inf,0.00028444445,0.24551065,1.0,1.0,0.0
Endothelial,Pericyte,NTS,NTSR2,0.12968315,1.0,0.016816797,-0.48949452938644666,-inf,0.00054443994,0.17711471,1.0,1.0,0.15270975,1.0,0.02328903,-0.6721687244068747,-inf,0.00028444445,0.24551065,1.0,1.0,0.0
Endothelial,Pericyte,TNF,VSIR,0.12968315,1.0,0.016816797,-0.48949452938644666,-inf,0.00054443994,0.17711471,1.0,1.0,0.15270975,1.0,0.02328903,-0.6721687244068747,-inf,0.00028444445,0.24551065,1.0,1.0,0.0
Endothelial,Pericyte,VWF,SIRPA,0.12968315,1.0,0.016816797,-0.48949452938644666,-inf,0.00054443994,0.17711471,1.0,1.0,0.15270975,1.0,0.02328903,-0.6721687244068747,-inf,0.00028444445,0.24551065,1.0,1.0,0.0
Endothelial,Pericyte,XCL1,XCR1,0.12968315,1.0,0.016816797,-0.48949452938644666,-inf,0.00054443994,0.17711471,1.0,1.0,0.15270975,1.0,0.02328903,-0.6721687244068747,-inf,0.00028444445,0.24551065,1.0,1.0,0.0
Microglia,Astrocyte,ADM,GPR84,0.12968315,1.0,0.016816797,-0.48949452938644666,-inf,0.00054443994,0.17711471,1.0,1.0,0.15270975,1.0,0.02328903,-0.6721687244068747,-inf,0.00028444445,0.24551065,1.0,1.0,0.0
Microglia,Astrocyte,ADM,RAMP1,0.12968315,1.0,0.016816797,-0.48949452938644666,-inf,0.00054443994,0.17711471,1.0,1.0,0.15270975,1.0,0.02328903,-0.6721687244068747,-inf,0.00028444445,0.24551065,1.0,1.0,0.0
Microglia,Astrocyte,ADM,RAMP2,0.12968315,1.0,0.016816797,-0.48949452938644666,-inf,0.00054443994,0.17711471,1.0,1.0,0.15270975,1.0,0.02328903,-0.6721687244068747,-inf,0.00028444445,0.24551065,1.0,1.0,0.0
Microglia,Astrocyte,ANGPTL4,SDC4,0.12968315,1.0,0.016816797,-0.48949452938644666,-inf,0.00054443994,0.17711471,1.0,1.0,0.15270975,1.0,0.02328903,-0.6721687244068747,-inf,0.00028444445,0.24551065,1.0,1.0,0.0
Microglia,Oligodendrocyte,B2M,KLRD1,0.12968315,1.0,0.016816797,-0.48949452938644666,-inf,0.00054443994,0.17711471,1.0,1.0,0.15270975,1.0,0.02328903,-0.6721687244068747,-inf,0.00028444445,0.24551065,1.0,1.0,0.0
Endothelial,Pericyte,CFP,NCR1,0.12968315,1.0,0.016816797,-0.48949452938644666,-inf,0.00054443994,0.17711471,1.0,1.0,0.15270975,1.0,0.02328903,-0.6721687244068747,-inf,0.00028444445,0.24551065,1.0,1.0,0.0
Endothelial,Pericyte,CGA,RAMP2,0.12968315,1.0,0.016816797,-0.48949452938644666,-inf,0.00054443994,0.17711471,1.0,1.0,0.15270975,1.0,0.02328903,-0.6721687244068747,-inf,0.00028444445,0.24551065,1.0,1.0,0.0
Endothelial,Pericyte,PSAP,GPR37,0.12968315,1.0,0.016816797,-0.48949452938644666,-inf,0.00054443994,0.17711471,1.0,1.0,0.15270975,1.0,0.02328903,-0.6721687244068747,-inf,0.00028444445,0.24551065,1.0,1.0,0.0
Endothelial,Pericyte,PPY,NPY5R,0.12968315,1.0,0.016816797,-0.48949452938644666,-inf,0.00054443994,0.17711471,1.0,1.0,0.15270975,1.0,0.02328903,-0.6721687244068747,-inf,0.00028444445,0.24551065,1.0,1.0,0.0
Microglia,Astrocyte,B2M,KLRC2,0.12968315,1.0,0.016816797,-0.48949452938644666,-inf,0.00054443994,0.17711471,1.0,1.0,0.15270975,1.0,0.02328903,-0.6721687244068747,-inf,0.00028444445,0.24551065,1.0,1.0,0.0
Microglia,Astrocyte,B2M,KLRD1,0.12968315,1.0,0.016816797,-0.48949452938644666,-inf,0.00054443994,0.17711471,1.0,1.0,0.15270975,1.0,0.02328903,-0.6721687244068747,-inf,0.00028444445,0.24551065,1.0,1.0,0.0
Microglia,Astrocyte,BMP8A,TGFBR1,0.12968315,1.0,0.016816797,-0.48949452938644666,-inf,0.00054443994,0.17711471,1.0,1.0,0.15270975,1.0,0.02328903,-0.6721687244068747,-inf,0.00028444445,0.24551065,1.0,1.0,0.0
Microglia,Astrocyte,CALCA,GPR84,0.12968315,1.0,0.016816797,-0.48949452938644666,-inf,0.00054443994,0.17711471,1.0,1.0,0.15270975,1.0,0.02328903,-0.6721687244068747,-inf,0.00028444445,0.24551065,1.0,1.0,0.0
Microglia,Astrocyte,CALCB,GPR84,0.12968315,1.0,0.016816797,-0.48949452938644666,-inf,0.00054443994,0.17711471,1.0,1.0,0.15270975,1.0,0.02328903,-0.6721687244068747,-inf,0.00028444445,0.24551065,1.0,1.0,0.0
Microglia,Astrocyte,CALCB,RAMP1,0.12968315,1.0,0.016816797,-0.48949452938644666,-inf,0.00054443994,0.17711471,1.0,1.0,0.15270975,1.0,0.02328903,-0.6721687244068747,-inf,0.00028444445,0.24551065,1.0,1.0,0.0
Microglia,Astrocyte,CALCB,RAMP2,0.12968315,1.0,0.016816797,-0.48949452938644666,-inf,0.00054443994,0.17711471,1.0,1.0,0.15270975,1.0,0.02328903,-0.6721687244068747,-inf,0.00028444445,0.24551065,1.0,1.0,0.0
Microglia,Astrocyte,CAMP,FPR2,0.12968315,1.0,0.016816797,-0.48949452938644666,-inf,0.00054443994,0.17711471,1.0,1.0,0.15270975,1.0,0.02328903,-0.6721687244068747,-inf,0.00028444445,0.24551065,1.0,1.0,0.0
Microglia,Astrocyte,CAMP,IGF1R,0.12968315,1.0,0.016816797,-0.48949452938644666,-inf,0.00054443994,0.17711471,1.0,1.0,0.15270975,1.0,0.02328903,-0.6721687244068747,-inf,0.00028444445,0.24551065,1.0,1.0,0.0
Microglia,Astrocyte,CCL1,ACKR1,0.12968315,1.0,0.016816797,-0.48949452938644666,-inf,0.00054443994,0.17711471,1.0,1.0,0.15270975,1.0,0.02328903,-0.6721687244068747,-inf,0.00028444445,0.24551065,1.0,1.0,0.0
Endothelial,Pericyte,PROK2,PROKR1,0.12968315,1.0,0.016816797,-0.48949452938644666,-inf,0.00054443994,0.17711471,1.0,1.0,0.15270975,1.0,0.02328903,-0.6721687244068747,-inf,0.00028444445,0.24551065,1.0,1.0,0.0
Microglia,Astrocyte,CCL11,ACKR1,0.12968315,1.0,0.016816797,-0.48949452938644666,-inf,0.00054443994,0.17711471,1.0,1.0,0.15270975,1.0,0.02328903,-0.6721687244068747,-inf,0.00028444445,0.24551065,1.0,1.0,0.0
Endothelial,Pericyte,NPY,NPY5R,0.12968315,1.0,0.016816797,-0.48949452938644666,-inf,0.00054443994,0.17711471,1.0,1.0,0.15270975,1.0,0.02328903,-0.6721687244068747,-inf,0.00028444445,0.24551065,1.0,1.0,0.0
Endothelial,Pericyte,TIMP1,CD63,0.12968315,1.0,0.016816797,-0.48949452938644666,-inf,0.00054443994,0.17711471,1.0,1.0,0.15270975,1.0,0.02328903,-0.6721687244068747,-inf,0.00028444445,0.24551065,1.0,1.0,0.0
Endothelial,Pericyte,TDGF1,ACVR1C,0.12968315,1.0,0.016816797,-0.48949452938644666,-inf,0.00054443994,0.17711471,1.0,1.0,0.15270975,1.0,0.02328903,-0.6721687244068747,-inf,0.00028444445,0.24551065,1.0,1.0,0.0
Endothelial,Pericyte,PENK,OPRL1,0.12968315,1.0,0.016816797,-0.48949452938644666,-inf,0.00054443994,0.17711471,1.0,1.0,0.15270975,1.0,0.02328903,-0.6721687244068747,-inf,0.00028444445,0.24551065,1.0,1.0,0.0
Endothelial,Pericyte,PF4,ACKR1,0.12968315,1.0,0.016816797,-0.48949452938644666,-inf,0.00054443994,0.17711471,1.0,1.0,0.15270975,1.0,0.02328903,-0.6721687244068747,-inf,0.00028444445,0.24551065,1.0,1.0,0.0
Endothelial,Pericyte,TNF,FAS,0.12968315,1.0,0.016816797,-0.48949452938644666,-inf,0.00054443994,0.17711471,1.0,1.0,0.15270975,1.0,0.02328903,-0.6721687244068747,-inf,0.00028444445,0.24551065,1.0,1.0,0.0
Endothelial,Pericyte,CGA,GPR84,0.12968315,1.0,0.016816797,-0.48949452938644666,-inf,0.00054443994,0.17711471,1.0,1.0,0.15270975,1.0,0.02328903,-0.6721687244068747,-inf,0.00028444445,0.24551065,1.0,1.0,0.0
Endothelial,Oligodendrocyte,NTS,NTSR2,0.12968315,1.0,0.016816797,-0.48949452938644666,-inf,0.00054443994,0.17711471,1.0,1.0,0.15270975,1.0,0.02328903,-0.6721687244068747,-inf,0.00028444445,0.24551065,1.0,1.0,0.0
Endothelial,Oligodendrocyte,MSMP,CCR2,0.12968315,1.0,0.016816797,-0.48949452938644666,-inf,0.00054443994,0.17711471,1.0,1.0,0.15270975,1.0,0.02328903,-0.6721687244068747,-inf,0.00028444445,0.24551065,1.0,1.0,0.0
Endothelial,Pericyte,CCL8,CCR1,0.12968315,1.0,0.016816797,-0.48949452938644666,-inf,0.00054443994,0.17711471,1.0,1.0,0.15270975,1.0,0.02328903,-0.6721687244068747,-inf,0.00028444445,0.24551065,1.0,1.0,0.0
Endothelial,Microglia,NTS,NTSR2,0.12968315,1.0,0.016816797,-0.48949452938644666,-inf,0.00054443994,0.17711471,1.0,1.0,0.15270975,1.0,0.02328903,-0.6721687244068747,-inf,0.00028444445,0.24551065,1.0,1.0,0.0
Microglia,Astrocyte,APOB,TREM2,0.12968315,1.0,0.016816797,-0.48949452938644666,-inf,0.00054443994,0.17711471,1.0,1.0,0.15270975,1.0,0.02328903,-0.6721687244068747,-inf,0.00028444445,0.24551065,1.0,1.0,0.0
Microglia,Astrocyte,APP,FPR2,0.12968315,1.0,0.016816797,-0.48949452938644666,-inf,0.00054443994,0.17711471,1.0,1.0,0.15270975,1.0,0.02328903,-0.6721687244068747,-inf,0.00028444445,0.24551065,1.0,1.0,0.0
Endothelial,Pericyte,THBS1,SDC4,0.12968315,1.0,0.016816797,-0.48949452938644666,-inf,0.00054443994,0.17711471,1.0,1.0,0.15270975,1.0,0.02328903,-0.6721687244068747,-inf,0.00028444445,0.24551065,1.0,1.0,0.0
Endothelial,Pericyte,RIMS1,SLC17A7,0.12968315,1.0,0.016816797,-0.48949452938644666,-inf,0.00054443994,0.17711471,1.0,1.0,0.15270975,1.0,0.02328903,-0.6721687244068747,-inf,0.00028444445,0.24551065,1.0,1.0,0.0
Endothelial,Pericyte,RLN3,RAMP2,0.12968315,1.0,0.016816797,-0.48949452938644666,-inf,0.00054443994,0.17711471,1.0,1.0,0.15270975,1.0,0.02328903,-0.6721687244068747,-inf,0.00028444445,0.24551065,1.0,1.0,0.0
Endothelial,Pericyte,S100A4,CCR5,0.12968315,1.0,0.016816797,-0.48949452938644666,-inf,0.00054443994,0.17711471,1.0,1.0,0.15270975,1.0,0.02328903,-0.6721687244068747,-inf,0.00028444445,0.24551065,1.0,1.0,0.0
Endothelial,Pericyte,SAA1,FPR1,0.12968315,1.0,0.016816797,-0.48949452938644666,-inf,0.00054443994,0.17711471,1.0,1.0,0.15270975,1.0,0.02328903,-0.6721687244068747,-inf,0.00028444445,0.24551065,1.0,1.0,0.0
Endothelial,Pericyte,SAA1,FPR2,0.12968315,1.0,0.016816797,-0.48949452938644666,-inf,0.00054443994,0.17711471,1.0,1.0,0.15270975,1.0,0.02328903,-0.6721687244068747,-inf,0.00028444445,0.24551065,1.0,1.0,0.0
Endothelial,Pericyte,SCT,GPR84,0.12968315,1.0,0.016816797,-0.48949452938644666,-inf,0.00054443994,0.17711471,1.0,1.0,0.15270975,1.0,0.02328903,-0.6721687244068747,-inf,0.00028444445,0.24551065,1.0,1.0,0.0
Endothelial,Pericyte,SCT,RAMP2,0.12968315,1.0,0.016816797,-0.48949452938644666,-inf,0.00054443994,0.17711471,1.0,1.0,0.15270975,1.0,0.02328903,-0.6721687244068747,-inf,0.00028444445,0.24551065,1.0,1.0,0.0
Endothelial,Pericyte,SELPLG,SELL,0.12968315,1.0,0.016816797,-0.48949452938644666,-inf,0.00054443994,0.17711471,1.0,1.0,0.15270975,1.0,0.02328903,-0.6721687244068747,-inf,0.00028444445,0.24551065,1.0,1.0,0.0
Endothelial,Pericyte,PTN,PTPRZ1,0.12968315,1.0,0.016816797,-0.48949452938644666,-inf,0.00054443994,0.17711471,1.0,1.0,0.15270975,1.0,0.02328903,-0.6721687244068747,-inf,0.00028444445,0.24551065,1.0,1.0,0.0
Endothelial,Pericyte,SNCA,LAG3,0.12968315,1.0,0.016816797,-0.48949452938644666,-inf,0.00054443994,0.17711471,1.0,1.0,0.15270975,1.0,0.02328903,-0.6721687244068747,-inf,0.00028444445,0.24551065,1.0,1.0,0.0
Endothelial,Pericyte,RLN3,GPR84,0.12968315,1.0,0.016816797,-0.48949452938644666,-inf,0.00054443994,0.17711471,1.0,1.0,0.15270975,1.0,0.02328903,-0.6721687244068747,-inf,0.00028444445,0.24551065,1.0,1.0,0.0
Microglia,Astrocyte,CCL11,CCR3,0.12968315,1.0,0.016816797,-0.48949452938644666,-inf,0.00054443994,0.17711471,1.0,1.0,0.15270975,1.0,0.02328903,-0.6721687244068747,-inf,0.00028444445,0.24551065,1.0,1.0,0.0
Endothelial,Pericyte,CCL7,CCR5,0.12968315,1.0,0.016816797,-0.48949452938644666,-inf,0.00054443994,0.17711471,1.0,1.0,0.15270975,1.0,0.02328903,-0.6721687244068747,-inf,0.00028444445,0.24551065,1.0,1.0,0.0
Endothelial,Pericyte,CCL7,CCR2,0.12968315,1.0,0.016816797,-0.48949452938644666,-inf,0.00054443994,0.17711471,1.0,1.0,0.15270975,1.0,0.02328903,-0.6721687244068747,-inf,0.00028444445,0.24551065,1.0,1.0,0.0
Endothelial,Oligodendrocyte,NPY,NPY5R,0.12968315,1.0,0.016816797,-0.48949452938644666,-inf,0.00054443994,0.17711471,1.0,1.0,0.15270975,1.0,0.02328903,-0.6721687244068747,-inf,0.00028444445,0.24551065,1.0,1.0,0.0
Endothelial,Oligodendrocyte,PENK,OPRL1,0.12968315,1.0,0.016816797,-0.48949452938644666,-inf,0.00054443994,0.17711471,1.0,1.0,0.15270975,1.0,0.02328903,-0.6721687244068747,-inf,0.00028444445,0.24551065,1.0,1.0,0.0
Microglia,Oligodendrocyte,BMP8A,TGFBR1,0.12968315,1.0,0.016816797,-0.48949452938644666,-inf,0.00054443994,0.17711471,1.0,1.0,0.15270975,1.0,0.02328903,-0.6721687244068747,-inf,0.00028444445,0.24551065,1.0,1.0,0.0
Microglia,Oligodendrocyte,CALCB,GPR84,0.12968315,1.0,0.016816797,-0.48949452938644666,-inf,0.00054443994,0.17711471,1.0,1.0,0.15270975,1.0,0.02328903,-0.6721687244068747,-inf,0.00028444445,0.24551065,1.0,1.0,0.0
Microglia,Microglia,IL6,F3,0.12968315,1.0,0.016816797,-0.48949452938644666,-inf,0.00054443994,0.17711471,1.0,1.0,0.15270975,1.0,0.02328903,-0.6721687244068747,-inf,0.00028444445,0.24551065,1.0,1.0,0.0
Microglia,Microglia,IL6,MUSK,0.12968315,1.0,0.016816797,-0.48949452938644666,-inf,0.00054443994,0.17711471,1.0,1.0,0.15270975,1.0,0.02328903,-0.6721687244068747,-inf,0.00028444445,0.24551065,1.0,1.0,0.0
Microglia,Microglia,ITIH2,FCER1A,0.12968315,1.0,0.016816797,-0.48949452938644666,-inf,0.00054443994,0.17711471,1.0,1.0,0.15270975,1.0,0.02328903,-0.6721687244068747,-inf,0.00028444445,0.24551065,1.0,1.0,0.0
Microglia,Microglia,LPL,GPIHBP1,0.12968315,1.0,0.016816797,-0.48949452938644666,-inf,0.00054443994,0.17711471,1.0,1.0,0.15270975,1.0,0.02328903,-0.6721687244068747,-inf,0.00028444445,0.24551065,1.0,1.0,0.0
Microglia,Microglia,MFGE8,PDGFRB,0.12968315,1.0,0.016816797,-0.48949452938644666,-inf,0.00054443994,0.17711471,1.0,1.0,0.15270975,1.0,0.02328903,-0.6721687244068747,-inf,0.00028444445,0.24551065,1.0,1.0,0.0
Microglia,Microglia,MSMP,CCR2,0.12968315,1.0,0.016816797,-0.48949452938644666,-inf,0.00054443994,0.17711471,1.0,1.0,0.15270975,1.0,0.02328903,-0.6721687244068747,-inf,0.00028444445,0.24551065,1.0,1.0,0.0
Microglia,Microglia,GZMA,F2RL1,0.12968315,1.0,0.016816797,-0.48949452938644666,-inf,0.00054443994,0.17711471,1.0,1.0,0.15270975,1.0,0.02328903,-0.6721687244068747,-inf,0.00028444445,0.24551065,1.0,1.0,0.0
Microglia,Microglia,CCL8,ACKR1,0.12968315,1.0,0.016816797,-0.48949452938644666,-inf,0.00054443994,0.17711471,1.0,1.0,0.15270975,1.0,0.02328903,-0.6721687244068747,-inf,0.00028444445,0.24551065,1.0,1.0,0.0
Microglia,Microglia,IL34,PTPRZ1,0.12968315,1.0,0.016816797,-0.48949452938644666,-inf,0.00054443994,0.17711471,1.0,1.0,0.15270975,1.0,0.02328903,-0.6721687244068747,-inf,0.00028444445,0.24551065,1.0,1.0,0.0
Microglia,Microglia,CXCL3,CXCR2,0.12968315,1.0,0.016816797,-0.48949452938644666,-inf,0.00054443994,0.17711471,1.0,1.0,0.15270975,1.0,0.02328903,-0.6721687244068747,-inf,0.00028444445,0.24551065,1.0,1.0,0.0
Microglia,Microglia,CCL8,CCR2,0.12968315,1.0,0.016816797,-0.48949452938644666,-inf,0.00054443994,0.17711471,1.0,1.0,0.15270975,1.0,0.02328903,-0.6721687244068747,-inf,0.00028444445,0.24551065,1.0,1.0,0.0
Microglia,Microglia,CCL8,CCR3,0.12968315,1.0,0.016816797,-0.48949452938644666,-inf,0.00054443994,0.17711471,1.0,1.0,0.15270975,1.0,0.02328903,-0.6721687244068747,-inf,0.00028444445,0.24551065,1.0,1.0,0.0
Microglia,Microglia,CCL8,CCR5,0.12968315,1.0,0.016816797,-0.48949452938644666,-inf,0.00054443994,0.17711471,1.0,1.0,0.15270975,1.0,0.02328903,-0.6721687244068747,-inf,0.00028444445,0.24551065,1.0,1.0,0.0
Microglia,Microglia,CD177,PECAM1,0.12968315,1.0,0.016816797,-0.48949452938644666,-inf,0.00054443994,0.17711471,1.0,1.0,0.15270975,1.0,0.02328903,-0.6721687244068747,-inf,0.00028444445,0.24551065,1.0,1.0,0.0
Microglia,Microglia,CD34,SELL,0.12968315,1.0,0.016816797,-0.48949452938644666,-inf,0.00054443994,0.17711471,1.0,1.0,0.15270975,1.0,0.02328903,-0.6721687244068747,-inf,0.00028444445,0.24551065,1.0,1.0,0.0
Microglia,Microglia,CD40LG,CD53,0.12968315,1.0,0.016816797,-0.48949452938644666,-inf,0.00054443994,0.17711471,1.0,1.0,0.15270975,1.0,0.02328903,-0.6721687244068747,-inf,0.00028444445,0.24551065,1.0,1.0,0.0
Microglia,Microglia,GAST,GPR152,0.12968315,1.0,0.016816797,-0.48949452938644666,-inf,0.00054443994,0.17711471,1.0,1.0,0.15270975,1.0,0.02328903,-0.6721687244068747,-inf,0.00028444445,0.24551065,1.0,1.0,0.0
Microglia,Microglia,CXCL5,ACKR1,0.12968315,1.0,0.016816797,-0.48949452938644666,-inf,0.00054443994,0.17711471,1.0,1.0,0.15270975,1.0,0.02328903,-0.6721687244068747,-inf,0.00028444445,0.24551065,1.0,1.0,0.0
Microglia,Microglia,CXCL3,ACKR1,0.12968315,1.0,0.016816797,-0.48949452938644666,-inf,0.00054443994,0.17711471,1.0,1.0,0.15270975,1.0,0.02328903,-0.6721687244068747,-inf,0.00028444445,0.24551065,1.0,1.0,0.0
Microglia,Microglia,HSPA1A,GRIN2D,0.12968315,1.0,0.016816797,-0.48949452938644666,-inf,0.00054443994,0.17711471,1.0,1.0,0.15270975,1.0,0.02328903,-0.6721687244068747,-inf,0.00028444445,0.24551065,1.0,1.0,0.0
Microglia,Microglia,HP,CD163,0.12968315,1.0,0.016816797,-0.48949452938644666,-inf,0.00054443994,0.17711471,1.0,1.0,0.15270975,1.0,0.02328903,-0.6721687244068747,-inf,0.00028444445,0.24551065,1.0,1.0,0.0
Microglia,Microglia,HP,ASGR1,0.12968315,1.0,0.016816797,-0.48949452938644666,-inf,0.00054443994,0.17711471,1.0,1.0,0.15270975,1.0,0.02328903,-0.6721687244068747,-inf,0.00028444445,0.24551065,1.0,1.0,0.0
Microglia,Astrocyte,CXCL5,CXCR1,0.12968315,1.0,0.016816797,-0.48949452938644666,-inf,0.00054443994,0.17711471,1.0,1.0,0.15270975,1.0,0.02328903,-0.6721687244068747,-inf,0.00028444445,0.24551065,1.0,1.0,0.0
Microglia,Astrocyte,CXCL5,CXCR2,0.12968315,1.0,0.016816797,-0.48949452938644666,-inf,0.00054443994,0.17711471,1.0,1.0,0.15270975,1.0,0.02328903,-0.6721687244068747,-inf,0.00028444445,0.24551065,1.0,1.0,0.0
Microglia,Astrocyte,CCL24,CCR2,0.12968315,1.0,0.016816797,-0.48949452938644666,-inf,0.00054443994,0.17711471,1.0,1.0,0.15270975,1.0,0.02328903,-0.6721687244068747,-inf,0.00028444445,0.24551065,1.0,1.0,0.0
Microglia,Astrocyte,CXCL9,ACKR1,0.12968315,1.0,0.016816797,-0.48949452938644666,-inf,0.00054443994,0.17711471,1.0,1.0,0.15270975,1.0,0.02328903,-0.6721687244068747,-inf,0.00028444445,0.24551065,1.0,1.0,0.0
Microglia,Astrocyte,CYTL1,CCR2,0.12968315,1.0,0.016816797,-0.48949452938644666,-inf,0.00054443994,0.17711471,1.0,1.0,0.15270975,1.0,0.02328903,-0.6721687244068747,-inf,0.00028444445,0.24551065,1.0,1.0,0.0
Microglia,Astrocyte,EDN1,ADGRL4,0.12968315,1.0,0.016816797,-0.48949452938644666,-inf,0.00054443994,0.17711471,1.0,1.0,0.15270975,1.0,0.02328903,-0.6721687244068747,-inf,0.00028444445,0.24551065,1.0,1.0,0.0
Microglia,Astrocyte,EDN1,EDNRB,0.12968315,1.0,0.016816797,-0.48949452938644666,-inf,0.00054443994,0.17711471,1.0,1.0,0.15270975,1.0,0.02328903,-0.6721687244068747,-inf,0.00028444445,0.24551065,1.0,1.0,0.0
Microglia,Astrocyte,F10,F3,0.12968315,1.0,0.016816797,-0.48949452938644666,-inf,0.00054443994,0.17711471,1.0,1.0,0.15270975,1.0,0.02328903,-0.6721687244068747,-inf,0.00028444445,0.24551065,1.0,1.0,0.0
Microglia,Astrocyte,CXCL3,ACKR1,0.12968315,1.0,0.016816797,-0.48949452938644666,-inf,0.00054443994,0.17711471,1.0,1.0,0.15270975,1.0,0.02328903,-0.6721687244068747,-inf,0.00028444445,0.24551065,1.0,1.0,0.0
Microglia,Astrocyte,FGL1,LAG3,0.12968315,1.0,0.016816797,-0.48949452938644666,-inf,0.00054443994,0.17711471,1.0,1.0,0.15270975,1.0,0.02328903,-0.6721687244068747,-inf,0.00028444445,0.24551065,1.0,1.0,0.0
Microglia,Astrocyte,CGA,RAMP2,0.12968315,1.0,0.016816797,-0.48949452938644666,-inf,0.00054443994,0.17711471,1.0,1.0,0.15270975,1.0,0.02328903,-0.6721687244068747,-inf,0.00028444445,0.24551065,1.0,1.0,0.0
Microglia,Astrocyte,CFP,NCR1,0.12968315,1.0,0.016816797,-0.48949452938644666,-inf,0.00054443994,0.17711471,1.0,1.0,0.15270975,1.0,0.02328903,-0.6721687244068747,-inf,0.00028444445,0.24551065,1.0,1.0,0.0
Microglia,Astrocyte,CCL19,CCR7,0.12968315,1.0,0.016816797,-0.48949452938644666,-inf,0.00054443994,0.17711471,1.0,1.0,0.15270975,1.0,0.02328903,-0.6721687244068747,-inf,0.00028444445,0.24551065,1.0,1.0,0.0
Microglia,Astrocyte,CCL2,ACKR1,0.12968315,1.0,0.016816797,-0.48949452938644666,-inf,0.00054443994,0.17711471,1.0,1.0,0.15270975,1.0,0.02328903,-0.6721687244068747,-inf,0.00028444445,0.24551065,1.0,1.0,0.0
Microglia,Astrocyte,CXCL9,CCR3,0.12968315,1.0,0.016816797,-0.48949452938644666,-inf,0.00054443994,0.17711471,1.0,1.0,0.15270975,1.0,0.02328903,-0.6721687244068747,-inf,0.00028444445,0.24551065,1.0,1.0,0.0
Microglia,Microglia,SCT,RAMP2,0.12968315,1.0,0.016816797,-0.48949452938644666,-inf,0.00054443994,0.17711471,1.0,1.0,0.15270975,1.0,0.02328903,-0.6721687244068747,-inf,0.00028444445,0.24551065,1.0,1.0,0.0
Microglia,Microglia,SELPLG,SELL,0.12968315,1.0,0.016816797,-0.48949452938644666,-inf,0.00054443994,0.17711471,1.0,1.0,0.15270975,1.0,0.02328903,-0.6721687244068747,-inf,0.00028444445,0.24551065,1.0,1.0,0.0
Microglia,Microglia,SNCA,LAG3,0.12968315,1.0,0.016816797,-0.48949452938644666,-inf,0.00054443994,0.17711471,1.0,1.0,0.15270975,1.0,0.02328903,-0.6721687244068747,-inf,0.00028444445,0.24551065,1.0,1.0,0.0
Microglia,Microglia,HDC,HRH3,0.12968315,1.0,0.016816797,-0.48949452938644666,-inf,0.00054443994,0.17711471,1.0,1.0,0.15270975,1.0,0.02328903,-0.6721687244068747,-inf,0.00028444445,0.24551065,1.0,1.0,0.0
Microglia,Microglia,GAST,CCKBR,0.12968315,1.0,0.016816797,-0.48949452938644666,-inf,0.00054443994,0.17711471,1.0,1.0,0.15270975,1.0,0.02328903,-0.6721687244068747,-inf,0.00028444445,0.24551065,1.0,1.0,0.0
Microglia,Microglia,FN1,CD79A,0.12968315,1.0,0.016816797,-0.48949452938644666,-inf,0.00054443994,0.17711471,1.0,1.0,0.15270975,1.0,0.02328903,-0.6721687244068747,-inf,0.00028444445,0.24551065,1.0,1.0,0.0
Microglia,Microglia,ANXA1,FPR1,0.12968315,1.0,0.016816797,-0.48949452938644666,-inf,0.00054443994,0.17711471,1.0,1.0,0.15270975,1.0,0.02328903,-0.6721687244068747,-inf,0.00028444445,0.24551065,1.0,1.0,0.0
Microglia,Microglia,APOB,LSR,0.12968315,1.0,0.016816797,-0.48949452938644666,-inf,0.00054443994,0.17711471,1.0,1.0,0.15270975,1.0,0.02328903,-0.6721687244068747,-inf,0.00028444445,0.24551065,1.0,1.0,0.0
Endothelial,Microglia,TNF,VSIR,0.12968315,1.0,0.016816797,-0.48949452938644666,-inf,0.00054443994,0.17711471,1.0,1.0,0.15270975,1.0,0.02328903,-0.6721687244068747,-inf,0.00028444445,0.24551065,1.0,1.0,0.0
Endothelial,Microglia,XCL1,XCR1,0.12968315,1.0,0.016816797,-0.48949452938644666,-inf,0.00054443994,0.17711471,1.0,1.0,0.15270975,1.0,0.02328903,-0.6721687244068747,-inf,0.00028444445,0.24551065,1.0,1.0,0.0
Endothelial,Oligodendrocyte,ADM,RAMP1,0.12968315,1.0,0.016816797,-0.48949452938644666,-inf,0.00054443994,0.17711471,1.0,1.0,0.15270975,1.0,0.02328903,-0.6721687244068747,-inf,0.00028444445,0.24551065,1.0,1.0,0.0
Endothelial,Oligodendrocyte,ANGPTL4,GPIHBP1,0.12968315,1.0,0.016816797,-0.48949452938644666,-inf,0.00054443994,0.17711471,1.0,1.0,0.15270975,1.0,0.02328903,-0.6721687244068747,-inf,0.00028444445,0.24551065,1.0,1.0,0.0
Endothelial,Oligodendrocyte,ANXA1,FPR1,0.12968315,1.0,0.016816797,-0.48949452938644666,-inf,0.00054443994,0.17711471,1.0,1.0,0.15270975,1.0,0.02328903,-0.6721687244068747,-inf,0.00028444445,0.24551065,1.0,1.0,0.0
Endothelial,Oligodendrocyte,APOB,LSR,0.12968315,1.0,0.016816797,-0.48949452938644666,-inf,0.00054443994,0.17711471,1.0,1.0,0.15270975,1.0,0.02328903,-0.6721687244068747,-inf,0.00028444445,0.24551065,1.0,1.0,0.0
Endothelial,Oligodendrocyte,APOB,TREM2,0.12968315,1.0,0.016816797,-0.48949452938644666,-inf,0.00054443994,0.17711471,1.0,1.0,0.15270975,1.0,0.02328903,-0.6721687244068747,-inf,0.00028444445,0.24551065,1.0,1.0,0.0
Endothelial,Oligodendrocyte,APP,FPR2,0.12968315,1.0,0.016816797,-0.48949452938644666,-inf,0.00054443994,0.17711471,1.0,1.0,0.15270975,1.0,0.02328903,-0.6721687244068747,-inf,0.00028444445,0.24551065,1.0,1.0,0.0
Endothelial,Oligodendrocyte,B2M,KLRC1,0.12968315,1.0,0.016816797,-0.48949452938644666,-inf,0.00054443994,0.17711471,1.0,1.0,0.15270975,1.0,0.02328903,-0.6721687244068747,-inf,0.00028444445,0.24551065,1.0,1.0,0.0
Endothelial,Oligodendrocyte,B2M,KLRC2,0.12968315,1.0,0.016816797,-0.48949452938644666,-inf,0.00054443994,0.17711471,1.0,1.0,0.15270975,1.0,0.02328903,-0.6721687244068747,-inf,0.00028444445,0.24551065,1.0,1.0,0.0
Endothelial,Microglia,TNF,FAS,0.12968315,1.0,0.016816797,-0.48949452938644666,-inf,0.00054443994,0.17711471,1.0,1.0,0.15270975,1.0,0.02328903,-0.6721687244068747,-inf,0.00028444445,0.24551065,1.0,1.0,0.0
Endothelial,Oligodendrocyte,B2M,KLRD1,0.12968315,1.0,0.016816797,-0.48949452938644666,-inf,0.00054443994,0.17711471,1.0,1.0,0.15270975,1.0,0.02328903,-0.6721687244068747,-inf,0.00028444445,0.24551065,1.0,1.0,0.0
Endothelial,Oligodendrocyte,CALCA,GPR84,0.12968315,1.0,0.016816797,-0.48949452938644666,-inf,0.00054443994,0.17711471,1.0,1.0,0.15270975,1.0,0.02328903,-0.6721687244068747,-inf,0.00028444445,0.24551065,1.0,1.0,0.0
Endothelial,Oligodendrocyte,CALCB,GPR84,0.12968315,1.0,0.016816797,-0.48949452938644666,-inf,0.00054443994,0.17711471,1.0,1.0,0.15270975,1.0,0.02328903,-0.6721687244068747,-inf,0.00028444445,0.24551065,1.0,1.0,0.0
Endothelial,Oligodendrocyte,CALCB,RAMP1,0.12968315,1.0,0.016816797,-0.48949452938644666,-inf,0.00054443994,0.17711471,1.0,1.0,0.15270975,1.0,0.02328903,-0.6721687244068747,-inf,0.00028444445,0.24551065,1.0,1.0,0.0
Endothelial,Microglia,SCT,RAMP2,0.12968315,1.0,0.016816797,-0.48949452938644666,-inf,0.00054443994,0.17711471,1.0,1.0,0.15270975,1.0,0.02328903,-0.6721687244068747,-inf,0.00028444445,0.24551065,1.0,1.0,0.0
Endothelial,Microglia,SCT,GPR84,0.12968315,1.0,0.016816797,-0.48949452938644666,-inf,0.00054443994,0.17711471,1.0,1.0,0.15270975,1.0,0.02328903,-0.6721687244068747,-inf,0.00028444445,0.24551065,1.0,1.0,0.0
Endothelial,Microglia,SAA1,FPR2,0.12968315,1.0,0.016816797,-0.48949452938644666,-inf,0.00054443994,0.17711471,1.0,1.0,0.15270975,1.0,0.02328903,-0.6721687244068747,-inf,0.00028444445,0.24551065,1.0,1.0,0.0
Endothelial,Microglia,LPL,GPIHBP1,0.12968315,1.0,0.016816797,-0.48949452938644666,-inf,0.00054443994,0.17711471,1.0,1.0,0.15270975,1.0,0.02328903,-0.6721687244068747,-inf,0.00028444445,0.24551065,1.0,1.0,0.0
Microglia,Microglia,CGA,RAMP2,0.12968315,1.0,0.016816797,-0.48949452938644666,-inf,0.00054443994,0.17711471,1.0,1.0,0.15270975,1.0,0.02328903,-0.6721687244068747,-inf,0.00028444445,0.24551065,1.0,1.0,0.0
Microglia,Astrocyte,CXCL5,ACKR1,0.12968315,1.0,0.016816797,-0.48949452938644666,-inf,0.00054443994,0.17711471,1.0,1.0,0.15270975,1.0,0.02328903,-0.6721687244068747,-inf,0.00028444445,0.24551065,1.0,1.0,0.0
Microglia,Microglia,CGA,GPR84,0.12968315,1.0,0.016816797,-0.48949452938644666,-inf,0.00054443994,0.17711471,1.0,1.0,0.15270975,1.0,0.02328903,-0.6721687244068747,-inf,0.00028444445,0.24551065,1.0,1.0,0.0
Microglia,Microglia,CCL7,CCR3,0.12968315,1.0,0.016816797,-0.48949452938644666,-inf,0.00054443994,0.17711471,1.0,1.0,0.15270975,1.0,0.02328903,-0.6721687244068747,-inf,0.00028444445,0.24551065,1.0,1.0,0.0
Microglia,Microglia,APOB,TREM2,0.12968315,1.0,0.016816797,-0.48949452938644666,-inf,0.00054443994,0.17711471,1.0,1.0,0.15270975,1.0,0.02328903,-0.6721687244068747,-inf,0.00028444445,0.24551065,1.0,1.0,0.0
Microglia,Microglia,APP,FPR2,0.12968315,1.0,0.016816797,-0.48949452938644666,-inf,0.00054443994,0.17711471,1.0,1.0,0.15270975,1.0,0.02328903,-0.6721687244068747,-inf,0.00028444445,0.24551065,1.0,1.0,0.0
Microglia,Microglia,B2M,KLRC1,0.12968315,1.0,0.016816797,-0.48949452938644666,-inf,0.00054443994,0.17711471,1.0,1.0,0.15270975,1.0,0.02328903,-0.6721687244068747,-inf,0.00028444445,0.24551065,1.0,1.0,0.0
Microglia,Microglia,B2M,KLRC2,0.12968315,1.0,0.016816797,-0.48949452938644666,-inf,0.00054443994,0.17711471,1.0,1.0,0.15270975,1.0,0.02328903,-0.6721687244068747,-inf,0.00028444445,0.24551065,1.0,1.0,0.0
Microglia,Microglia,B2M,KLRD1,0.12968315,1.0,0.016816797,-0.48949452938644666,-inf,0.00054443994,0.17711471,1.0,1.0,0.15270975,1.0,0.02328903,-0.6721687244068747,-inf,0.00028444445,0.24551065,1.0,1.0,0.0
Microglia,Microglia,BMP8A,TGFBR1,0.12968315,1.0,0.016816797,-0.48949452938644666,-inf,0.00054443994,0.17711471,1.0,1.0,0.15270975,1.0,0.02328903,-0.6721687244068747,-inf,0.00028444445,0.24551065,1.0,1.0,0.0
Microglia,Microglia,BSG,SLC16A1,0.12968315,1.0,0.016816797,-0.48949452938644666,-inf,0.00054443994,0.17711471,1.0,1.0,0.15270975,1.0,0.02328903,-0.6721687244068747,-inf,0.00028444445,0.24551065,1.0,1.0,0.0
Microglia,Microglia,ADM,RAMP2,0.12968315,1.0,0.016816797,-0.48949452938644666,-inf,0.00054443994,0.17711471,1.0,1.0,0.15270975,1.0,0.02328903,-0.6721687244068747,-inf,0.00028444445,0.24551065,1.0,1.0,0.0
Microglia,Microglia,CD40LG,CD9,0.12968315,1.0,0.016816797,-0.48949452938644666,-inf,0.00054443994,0.17711471,1.0,1.0,0.15270975,1.0,0.02328903,-0.6721687244068747,-inf,0.00028444445,0.24551065,1.0,1.0,0.0
Microglia,Microglia,CCL8,CCR1,0.12968315,1.0,0.016816797,-0.48949452938644666,-inf,0.00054443994,0.17711471,1.0,1.0,0.15270975,1.0,0.02328903,-0.6721687244068747,-inf,0.00028444445,0.24551065,1.0,1.0,0.0
Microglia,Microglia,CXCL5,CXCR1,0.12968315,1.0,0.016816797,-0.48949452938644666,-inf,0.00054443994,0.17711471,1.0,1.0,0.15270975,1.0,0.02328903,-0.6721687244068747,-inf,0.00028444445,0.24551065,1.0,1.0,0.0
Microglia,Microglia,CXCL5,CXCR2,0.12968315,1.0,0.016816797,-0.48949452938644666,-inf,0.00054443994,0.17711471,1.0,1.0,0.15270975,1.0,0.02328903,-0.6721687244068747,-inf,0.00028444445,0.24551065,1.0,1.0,0.0
Microglia,Microglia,CXCL9,ACKR1,0.12968315,1.0,0.016816797,-0.48949452938644666,-inf,0.00054443994,0.17711471,1.0,1.0,0.15270975,1.0,0.02328903,-0.6721687244068747,-inf,0.00028444445,0.24551065,1.0,1.0,0.0
Microglia,Microglia,CXCL9,CCR3,0.12968315,1.0,0.016816797,-0.48949452938644666,-inf,0.00054443994,0.17711471,1.0,1.0,0.15270975,1.0,0.02328903,-0.6721687244068747,-inf,0.00028444445,0.24551065,1.0,1.0,0.0
Microglia,Microglia,CYTL1,CCR2,0.12968315,1.0,0.016816797,-0.48949452938644666,-inf,0.00054443994,0.17711471,1.0,1.0,0.15270975,1.0,0.02328903,-0.6721687244068747,-inf,0.00028444445,0.24551065,1.0,1.0,0.0
Microglia,Microglia,EDN1,ADGRL4,0.12968315,1.0,0.016816797,-0.48949452938644666,-inf,0.00054443994,0.17711471,1.0,1.0,0.15270975,1.0,0.02328903,-0.6721687244068747,-inf,0.00028444445,0.24551065,1.0,1.0,0.0
Microglia,Microglia,EDN1,EDNRB,0.12968315,1.0,0.016816797,-0.48949452938644666,-inf,0.00054443994,0.17711471,1.0,1.0,0.15270975,1.0,0.02328903,-0.6721687244068747,-inf,0.00028444445,0.24551065,1.0,1.0,0.0
Microglia,Microglia,F10,F3,0.12968315,1.0,0.016816797,-0.48949452938644666,-inf,0.00054443994,0.17711471,1.0,1.0,0.15270975,1.0,0.02328903,-0.6721687244068747,-inf,0.00028444445,0.24551065,1.0,1.0,0.0
Microglia,Microglia,FGL1,LAG3,0.12968315,1.0,0.016816797,-0.48949452938644666,-inf,0.00054443994,0.17711471,1.0,1.0,0.15270975,1.0,0.02328903,-0.6721687244068747,-inf,0.00028444445,0.24551065,1.0,1.0,0.0
Microglia,Microglia,CFP,NCR1,0.12968315,1.0,0.016816797,-0.48949452938644666,-inf,0.00054443994,0.17711471,1.0,1.0,0.15270975,1.0,0.02328903,-0.6721687244068747,-inf,0.00028444445,0.24551065,1.0,1.0,0.0
Microglia,Astrocyte,CXCL3,CXCR2,0.12968315,1.0,0.016816797,-0.48949452938644666,-inf,0.00054443994,0.17711471,1.0,1.0,0.15270975,1.0,0.02328903,-0.6721687244068747,-inf,0.00028444445,0.24551065,1.0,1.0,0.0
Microglia,Astrocyte,CXCL3,CXCR1,0.12968315,1.0,0.016816797,-0.48949452938644666,-inf,0.00054443994,0.17711471,1.0,1.0,0.15270975,1.0,0.02328903,-0.6721687244068747,-inf,0.00028444445,0.24551065,1.0,1.0,0.0
Microglia,Astrocyte,CXCL2,XCR1,0.12968315,1.0,0.016816797,-0.48949452938644666,-inf,0.00054443994,0.17711471,1.0,1.0,0.15270975,1.0,0.02328903,-0.6721687244068747,-inf,0.00028444445,0.24551065,1.0,1.0,0.0
Microglia,Endothelial,B2M,KLRC1,0.12968315,1.0,0.016816797,-0.48949452938644666,-inf,0.00054443994,0.17711471,1.0,1.0,0.15270975,1.0,0.02328903,-0.6721687244068747,-inf,0.00028444445,0.24551065,1.0,1.0,0.0
Microglia,Astrocyte,CSF2,CSF1R,0.12968315,1.0,0.016816797,-0.48949452938644666,-inf,0.00054443994,0.17711471,1.0,1.0,0.15270975,1.0,0.02328903,-0.6721687244068747,-inf,0.00028444445,0.24551065,1.0,1.0,0.0
Microglia,Astrocyte,CSF3,CSF1R,0.12968315,1.0,0.016816797,-0.48949452938644666,-inf,0.00054443994,0.17711471,1.0,1.0,0.15270975,1.0,0.02328903,-0.6721687244068747,-inf,0.00028444445,0.24551065,1.0,1.0,0.0
Microglia,Astrocyte,CXCL1,ACKR1,0.12968315,1.0,0.016816797,-0.48949452938644666,-inf,0.00054443994,0.17711471,1.0,1.0,0.15270975,1.0,0.02328903,-0.6721687244068747,-inf,0.00028444445,0.24551065,1.0,1.0,0.0
Microglia,Astrocyte,CXCL1,CXCR1,0.12968315,1.0,0.016816797,-0.48949452938644666,-inf,0.00054443994,0.17711471,1.0,1.0,0.15270975,1.0,0.02328903,-0.6721687244068747,-inf,0.00028444445,0.24551065,1.0,1.0,0.0
Microglia,Endothelial,CXCL9,ACKR1,0.12968315,1.0,0.016816797,-0.48949452938644666,-inf,0.00054443994,0.17711471,1.0,1.0,0.15270975,1.0,0.02328903,-0.6721687244068747,-inf,0.00028444445,0.24551065,1.0,1.0,0.0
Microglia,Endothelial,CXCL5,CXCR2,0.12968315,1.0,0.016816797,-0.48949452938644666,-inf,0.00054443994,0.17711471,1.0,1.0,0.15270975,1.0,0.02328903,-0.6721687244068747,-inf,0.00028444445,0.24551065,1.0,1.0,0.0
Microglia,Endothelial,CXCL5,CXCR1,0.12968315,1.0,0.016816797,-0.48949452938644666,-inf,0.00054443994,0.17711471,1.0,1.0,0.15270975,1.0,0.02328903,-0.6721687244068747,-inf,0.00028444445,0.24551065,1.0,1.0,0.0
Microglia,Endothelial,CXCL5,ACKR1,0.12968315,1.0,0.016816797,-0.48949452938644666,-inf,0.00054443994,0.17711471,1.0,1.0,0.15270975,1.0,0.02328903,-0.6721687244068747,-inf,0.00028444445,0.24551065,1.0,1.0,0.0
Microglia,Endothelial,PPBP,ACKR1,0.12968315,1.0,0.016816797,-0.48949452938644666,-inf,0.00054443994,0.17711471,1.0,1.0,0.15270975,1.0,0.02328903,-0.6721687244068747,-inf,0.00028444445,0.24551065,1.0,1.0,0.0
Microglia,Endothelial,PPBP,CXCR1,0.12968315,1.0,0.016816797,-0.48949452938644666,-inf,0.00054443994,0.17711471,1.0,1.0,0.15270975,1.0,0.02328903,-0.6721687244068747,-inf,0.00028444445,0.24551065,1.0,1.0,0.0
Microglia,Endothelial,PPBP,CXCR2,0.12968315,1.0,0.016816797,-0.48949452938644666,-inf,0.00054443994,0.17711471,1.0,1.0,0.15270975,1.0,0.02328903,-0.6721687244068747,-inf,0.00028444445,0.24551065,1.0,1.0,0.0
Microglia,Endothelial,PPY,NPY5R,0.12968315,1.0,0.016816797,-0.48949452938644666,-inf,0.00054443994,0.17711471,1.0,1.0,0.15270975,1.0,0.02328903,-0.6721687244068747,-inf,0.00028444445,0.24551065,1.0,1.0,0.0
Microglia,Endothelial,PROK2,PROKR1,0.12968315,1.0,0.016816797,-0.48949452938644666,-inf,0.00054443994,0.17711471,1.0,1.0,0.15270975,1.0,0.02328903,-0.6721687244068747,-inf,0.00028444445,0.24551065,1.0,1.0,0.0
Microglia,Endothelial,PSAP,GPR37,0.12968315,1.0,0.016816797,-0.48949452938644666,-inf,0.00054443994,0.17711471,1.0,1.0,0.15270975,1.0,0.02328903,-0.6721687244068747,-inf,0.00028444445,0.24551065,1.0,1.0,0.0
Microglia,Endothelial,PTN,PTPRZ1,0.12968315,1.0,0.016816797,-0.48949452938644666,-inf,0.00054443994,0.17711471,1.0,1.0,0.15270975,1.0,0.02328903,-0.6721687244068747,-inf,0.00028444445,0.24551065,1.0,1.0,0.0
Microglia,Endothelial,RIMS1,SLC17A7,0.12968315,1.0,0.016816797,-0.48949452938644666,-inf,0.00054443994,0.17711471,1.0,1.0,0.15270975,1.0,0.02328903,-0.6721687244068747,-inf,0.00028444445,0.24551065,1.0,1.0,0.0
Microglia,Endothelial,RLN3,GPR84,0.12968315,1.0,0.016816797,-0.48949452938644666,-inf,0.00054443994,0.17711471,1.0,1.0,0.15270975,1.0,0.02328903,-0.6721687244068747,-inf,0.00028444445,0.24551065,1.0,1.0,0.0
Microglia,Endothelial,RLN3,RAMP2,0.12968315,1.0,0.016816797,-0.48949452938644666,-inf,0.00054443994,0.17711471,1.0,1.0,0.15270975,1.0,0.02328903,-0.6721687244068747,-inf,0.00028444445,0.24551065,1.0,1.0,0.0
Microglia,Endothelial,B2M,KLRC2,0.12968315,1.0,0.016816797,-0.48949452938644666,-inf,0.00054443994,0.17711471,1.0,1.0,0.15270975,1.0,0.02328903,-0.6721687244068747,-inf,0.00028444445,0.24551065,1.0,1.0,0.0
Microglia,Astrocyte,CXCL1,CXCR2,0.12968315,1.0,0.016816797,-0.48949452938644666,-inf,0.00054443994,0.17711471,1.0,1.0,0.15270975,1.0,0.02328903,-0.6721687244068747,-inf,0.00028444445,0.24551065,1.0,1.0,0.0
Microglia,Endothelial,B2M,KLRD1,0.12968315,1.0,0.016816797,-0.48949452938644666,-inf,0.00054443994,0.17711471,1.0,1.0,0.15270975,1.0,0.02328903,-0.6721687244068747,-inf,0.00028444445,0.24551065,1.0,1.0,0.0
Microglia,Endothelial,HP,ASGR1,0.12968315,1.0,0.016816797,-0.48949452938644666,-inf,0.00054443994,0.17711471,1.0,1.0,0.15270975,1.0,0.02328903,-0.6721687244068747,-inf,0.00028444445,0.24551065,1.0,1.0,0.0
Microglia,Oligodendrocyte,CALCB,RAMP1,0.12968315,1.0,0.016816797,-0.48949452938644666,-inf,0.00054443994,0.17711471,1.0,1.0,0.15270975,1.0,0.02328903,-0.6721687244068747,-inf,0.00028444445,0.24551065,1.0,1.0,0.0
Microglia,Oligodendrocyte,CALCB,RAMP2,0.12968315,1.0,0.016816797,-0.48949452938644666,-inf,0.00054443994,0.17711471,1.0,1.0,0.15270975,1.0,0.02328903,-0.6721687244068747,-inf,0.00028444445,0.24551065,1.0,1.0,0.0
Microglia,Oligodendrocyte,CAMP,FPR2,0.12968315,1.0,0.016816797,-0.48949452938644666,-inf,0.00054443994,0.17711471,1.0,1.0,0.15270975,1.0,0.02328903,-0.6721687244068747,-inf,0.00028444445,0.24551065,1.0,1.0,0.0
Oligodendrocyte,Pericyte,CXCL10,ACKR1,0.12968315,1.0,0.016816797,-0.48949452938644666,-inf,0.00054443994,0.17711471,1.0,1.0,0.15270975,1.0,0.02328903,-0.6721687244068747,-inf,0.00028444445,0.24551065,1.0,1.0,0.0
Microglia,Microglia,SCT,GPR84,0.12968315,1.0,0.016816797,-0.48949452938644666,-inf,0.00054443994,0.17711471,1.0,1.0,0.15270975,1.0,0.02328903,-0.6721687244068747,-inf,0.00028444445,0.24551065,1.0,1.0,0.0
Microglia,Astrocyte,SAA1,FPR1,0.12968315,1.0,0.016816797,-0.48949452938644666,-inf,0.00054443994,0.17711471,1.0,1.0,0.15270975,1.0,0.02328903,-0.6721687244068747,-inf,0.00028444445,0.24551065,1.0,1.0,0.0
Microglia,Astrocyte,RLN3,RAMP2,0.12968315,1.0,0.016816797,-0.48949452938644666,-inf,0.00054443994,0.17711471,1.0,1.0,0.15270975,1.0,0.02328903,-0.6721687244068747,-inf,0.00028444445,0.24551065,1.0,1.0,0.0
Microglia,Endothelial,HSPA1A,GRIN2D,0.12968315,1.0,0.016816797,-0.48949452938644666,-inf,0.00054443994,0.17711471,1.0,1.0,0.15270975,1.0,0.02328903,-0.6721687244068747,-inf,0.00028444445,0.24551065,1.0,1.0,0.0
Microglia,Endothelial,CXCL9,CCR3,0.12968315,1.0,0.016816797,-0.48949452938644666,-inf,0.00054443994,0.17711471,1.0,1.0,0.15270975,1.0,0.02328903,-0.6721687244068747,-inf,0.00028444445,0.24551065,1.0,1.0,0.0
Microglia,Endothelial,EDN1,ADGRL4,0.12968315,1.0,0.016816797,-0.48949452938644666,-inf,0.00054443994,0.17711471,1.0,1.0,0.15270975,1.0,0.02328903,-0.6721687244068747,-inf,0.00028444445,0.24551065,1.0,1.0,0.0
Microglia,Endothelial,EDN1,EDNRB,0.12968315,1.0,0.016816797,-0.48949452938644666,-inf,0.00054443994,0.17711471,1.0,1.0,0.15270975,1.0,0.02328903,-0.6721687244068747,-inf,0.00028444445,0.24551065,1.0,1.0,0.0
Microglia,Endothelial,F10,F3,0.12968315,1.0,0.016816797,-0.48949452938644666,-inf,0.00054443994,0.17711471,1.0,1.0,0.15270975,1.0,0.02328903,-0.6721687244068747,-inf,0.00028444445,0.24551065,1.0,1.0,0.0
Microglia,Endothelial,FGL1,LAG3,0.12968315,1.0,0.016816797,-0.48949452938644666,-inf,0.00054443994,0.17711471,1.0,1.0,0.15270975,1.0,0.02328903,-0.6721687244068747,-inf,0.00028444445,0.24551065,1.0,1.0,0.0
Microglia,Endothelial,FN1,CD79A,0.12968315,1.0,0.016816797,-0.48949452938644666,-inf,0.00054443994,0.17711471,1.0,1.0,0.15270975,1.0,0.02328903,-0.6721687244068747,-inf,0.00028444445,0.24551065,1.0,1.0,0.0
Microglia,Endothelial,FN1,MAG,0.12968315,1.0,0.016816797,-0.48949452938644666,-inf,0.00054443994,0.17711471,1.0,1.0,0.15270975,1.0,0.02328903,-0.6721687244068747,-inf,0.00028444445,0.24551065,1.0,1.0,0.0
Microglia,Endothelial,GAST,CCKBR,0.12968315,1.0,0.016816797,-0.48949452938644666,-inf,0.00054443994,0.17711471,1.0,1.0,0.15270975,1.0,0.02328903,-0.6721687244068747,-inf,0.00028444445,0.24551065,1.0,1.0,0.0
Microglia,Endothelial,GAST,GPR152,0.12968315,1.0,0.016816797,-0.48949452938644666,-inf,0.00054443994,0.17711471,1.0,1.0,0.15270975,1.0,0.02328903,-0.6721687244068747,-inf,0.00028444445,0.24551065,1.0,1.0,0.0
Microglia,Endothelial,GZMA,F2RL1,0.12968315,1.0,0.016816797,-0.48949452938644666,-inf,0.00054443994,0.17711471,1.0,1.0,0.15270975,1.0,0.02328903,-0.6721687244068747,-inf,0.00028444445,0.24551065,1.0,1.0,0.0
Microglia,Endothelial,HDC,HRH3,0.12968315,1.0,0.016816797,-0.48949452938644666,-inf,0.00054443994,0.17711471,1.0,1.0,0.15270975,1.0,0.02328903,-0.6721687244068747,-inf,0.00028444445,0.24551065,1.0,1.0,0.0
Microglia,Endothelial,CYTL1,CCR2,0.12968315,1.0,0.016816797,-0.48949452938644666,-inf,0.00054443994,0.17711471,1.0,1.0,0.15270975,1.0,0.02328903,-0.6721687244068747,-inf,0.00028444445,0.24551065,1.0,1.0,0.0
Microglia,Oligodendrocyte,CALCA,GPR84,0.12968315,1.0,0.016816797,-0.48949452938644666,-inf,0.00054443994,0.17711471,1.0,1.0,0.15270975,1.0,0.02328903,-0.6721687244068747,-inf,0.00028444445,0.24551065,1.0,1.0,0.0
Microglia,Endothelial,S100A4,CCR5,0.12968315,1.0,0.016816797,-0.48949452938644666,-inf,0.00054443994,0.17711471,1.0,1.0,0.15270975,1.0,0.02328903,-0.6721687244068747,-inf,0.00028444445,0.24551065,1.0,1.0,0.0
Microglia,Endothelial,IL34,PTPRZ1,0.12968315,1.0,0.016816797,-0.48949452938644666,-inf,0.00054443994,0.17711471,1.0,1.0,0.15270975,1.0,0.02328903,-0.6721687244068747,-inf,0.00028444445,0.24551065,1.0,1.0,0.0
Microglia,Astrocyte,CCL8,ACKR1,0.12968315,1.0,0.016816797,-0.48949452938644666,-inf,0.00054443994,0.17711471,1.0,1.0,0.15270975,1.0,0.02328903,-0.6721687244068747,-inf,0.00028444445,0.24551065,1.0,1.0,0.0
Microglia,Astrocyte,CCL8,CCR2,0.12968315,1.0,0.016816797,-0.48949452938644666,-inf,0.00054443994,0.17711471,1.0,1.0,0.15270975,1.0,0.02328903,-0.6721687244068747,-inf,0.00028444445,0.24551065,1.0,1.0,0.0
Microglia,Astrocyte,CCL8,CCR3,0.12968315,1.0,0.016816797,-0.48949452938644666,-inf,0.00054443994,0.17711471,1.0,1.0,0.15270975,1.0,0.02328903,-0.6721687244068747,-inf,0.00028444445,0.24551065,1.0,1.0,0.0
Microglia,Astrocyte,CCL8,CCR5,0.12968315,1.0,0.016816797,-0.48949452938644666,-inf,0.00054443994,0.17711471,1.0,1.0,0.15270975,1.0,0.02328903,-0.6721687244068747,-inf,0.00028444445,0.24551065,1.0,1.0,0.0
Microglia,Astrocyte,CD177,PECAM1,0.12968315,1.0,0.016816797,-0.48949452938644666,-inf,0.00054443994,0.17711471,1.0,1.0,0.15270975,1.0,0.02328903,-0.6721687244068747,-inf,0.00028444445,0.24551065,1.0,1.0,0.0
Microglia,Astrocyte,CD40LG,CD53,0.12968315,1.0,0.016816797,-0.48949452938644666,-inf,0.00054443994,0.17711471,1.0,1.0,0.15270975,1.0,0.02328903,-0.6721687244068747,-inf,0.00028444445,0.24551065,1.0,1.0,0.0
Microglia,Astrocyte,CD40LG,CD9,0.12968315,1.0,0.016816797,-0.48949452938644666,-inf,0.00054443994,0.17711471,1.0,1.0,0.15270975,1.0,0.02328903,-0.6721687244068747,-inf,0.00028444445,0.24551065,1.0,1.0,0.0
Microglia,Astrocyte,CCL5,CCR5,0.12968315,1.0,0.016816797,-0.48949452938644666,-inf,0.00054443994,0.17711471,1.0,1.0,0.15270975,1.0,0.02328903,-0.6721687244068747,-inf,0.00028444445,0.24551065,1.0,1.0,0.0
Microglia,Endothelial,SAA1,FPR1,0.12968315,1.0,0.016816797,-0.48949452938644666,-inf,0.00054443994,0.17711471,1.0,1.0,0.15270975,1.0,0.02328903,-0.6721687244068747,-inf,0.00028444445,0.24551065,1.0,1.0,0.0
Microglia,Astrocyte,FN1,CD79A,0.12968315,1.0,0.016816797,-0.48949452938644666,-inf,0.00054443994,0.17711471,1.0,1.0,0.15270975,1.0,0.02328903,-0.6721687244068747,-inf,0.00028444445,0.24551065,1.0,1.0,0.0
Microglia,Astrocyte,GAST,GPR152,0.12968315,1.0,0.016816797,-0.48949452938644666,-inf,0.00054443994,0.17711471,1.0,1.0,0.15270975,1.0,0.02328903,-0.6721687244068747,-inf,0.00028444445,0.24551065,1.0,1.0,0.0
Microglia,Astrocyte,CCL8,CCR1,0.12968315,1.0,0.016816797,-0.48949452938644666,-inf,0.00054443994,0.17711471,1.0,1.0,0.15270975,1.0,0.02328903,-0.6721687244068747,-inf,0.00028444445,0.24551065,1.0,1.0,0.0
Microglia,Astrocyte,S100A4,CCR5,0.12968315,1.0,0.016816797,-0.48949452938644666,-inf,0.00054443994,0.17711471,1.0,1.0,0.15270975,1.0,0.02328903,-0.6721687244068747,-inf,0.00028444445,0.24551065,1.0,1.0,0.0
Microglia,Astrocyte,CCL24,CCR3,0.12968315,1.0,0.016816797,-0.48949452938644666,-inf,0.00054443994,0.17711471,1.0,1.0,0.15270975,1.0,0.02328903,-0.6721687244068747,-inf,0.00028444445,0.24551065,1.0,1.0,0.0
Microglia,Astrocyte,CCL2,CCR3,0.12968315,1.0,0.016816797,-0.48949452938644666,-inf,0.00054443994,0.17711471,1.0,1.0,0.15270975,1.0,0.02328903,-0.6721687244068747,-inf,0.00028444445,0.24551065,1.0,1.0,0.0
Microglia,Astrocyte,CXCL2,ACKR1,0.12968315,1.0,0.016816797,-0.48949452938644666,-inf,0.00054443994,0.17711471,1.0,1.0,0.15270975,1.0,0.02328903,-0.6721687244068747,-inf,0.00028444445,0.24551065,1.0,1.0,0.0
Microglia,Astrocyte,CXCL2,CXCR1,0.12968315,1.0,0.016816797,-0.48949452938644666,-inf,0.00054443994,0.17711471,1.0,1.0,0.15270975,1.0,0.02328903,-0.6721687244068747,-inf,0.00028444445,0.24551065,1.0,1.0,0.0
Microglia,Astrocyte,CXCL2,CXCR2,0.12968315,1.0,0.016816797,-0.48949452938644666,-inf,0.00054443994,0.17711471,1.0,1.0,0.15270975,1.0,0.02328903,-0.6721687244068747,-inf,0.00028444445,0.24551065,1.0,1.0,0.0
Microglia,Astrocyte,COL3A1,MAG,0.12968315,1.0,0.016816797,-0.48949452938644666,-inf,0.00054443994,0.17711471,1.0,1.0,0.15270975,1.0,0.02328903,-0.6721687244068747,-inf,0.00028444445,0.24551065,1.0,1.0,0.0
Microglia,Astrocyte,CCL28,CCR3,0.12968315,1.0,0.016816797,-0.48949452938644666,-inf,0.00054443994,0.17711471,1.0,1.0,0.15270975,1.0,0.02328903,-0.6721687244068747,-inf,0.00028444445,0.24551065,1.0,1.0,0.0
Microglia,Endothelial,BMP8A,TGFBR1,0.12968315,1.0,0.016816797,-0.48949452938644666,-inf,0.00054443994,0.17711471,1.0,1.0,0.15270975,1.0,0.02328903,-0.6721687244068747,-inf,0.00028444445,0.24551065,1.0,1.0,0.0
Microglia,Astrocyte,CCL7,CCR3,0.12968315,1.0,0.016816797,-0.48949452938644666,-inf,0.00054443994,0.17711471,1.0,1.0,0.15270975,1.0,0.02328903,-0.6721687244068747,-inf,0.00028444445,0.24551065,1.0,1.0,0.0
Microglia,Astrocyte,CCL5,SDC4,0.12968315,1.0,0.016816797,-0.48949452938644666,-inf,0.00054443994,0.17711471,1.0,1.0,0.15270975,1.0,0.02328903,-0.6721687244068747,-inf,0.00028444445,0.24551065,1.0,1.0,0.0
Microglia,Endothelial,HP,CD163,0.12968315,1.0,0.016816797,-0.48949452938644666,-inf,0.00054443994,0.17711471,1.0,1.0,0.15270975,1.0,0.02328903,-0.6721687244068747,-inf,0.00028444445,0.24551065,1.0,1.0,0.0
Microglia,Endothelial,CXCL12,AVPR1A,0.12968315,1.0,0.016816797,-0.48949452938644666,-inf,0.00054443994,0.17711471,1.0,1.0,0.15270975,1.0,0.02328903,-0.6721687244068747,-inf,0.00028444445,0.24551065,1.0,1.0,0.0
Microglia,Endothelial,CXCL2,CXCR1,0.12968315,1.0,0.016816797,-0.48949452938644666,-inf,0.00054443994,0.17711471,1.0,1.0,0.15270975,1.0,0.02328903,-0.6721687244068747,-inf,0.00028444445,0.24551065,1.0,1.0,0.0
Microglia,Endothelial,CXCL2,CXCR2,0.12968315,1.0,0.016816797,-0.48949452938644666,-inf,0.00054443994,0.17711471,1.0,1.0,0.15270975,1.0,0.02328903,-0.6721687244068747,-inf,0.00028444445,0.24551065,1.0,1.0,0.0
Microglia,Endothelial,CXCL2,XCR1,0.12968315,1.0,0.016816797,-0.48949452938644666,-inf,0.00054443994,0.17711471,1.0,1.0,0.15270975,1.0,0.02328903,-0.6721687244068747,-inf,0.00028444445,0.24551065,1.0,1.0,0.0
Microglia,Endothelial,CXCL3,ACKR1,0.12968315,1.0,0.016816797,-0.48949452938644666,-inf,0.00054443994,0.17711471,1.0,1.0,0.15270975,1.0,0.02328903,-0.6721687244068747,-inf,0.00028444445,0.24551065,1.0,1.0,0.0
Microglia,Endothelial,CXCL3,CXCR1,0.12968315,1.0,0.016816797,-0.48949452938644666,-inf,0.00054443994,0.17711471,1.0,1.0,0.15270975,1.0,0.02328903,-0.6721687244068747,-inf,0.00028444445,0.24551065,1.0,1.0,0.0
Microglia,Endothelial,CXCL3,CXCR2,0.12968315,1.0,0.016816797,-0.48949452938644666,-inf,0.00054443994,0.17711471,1.0,1.0,0.15270975,1.0,0.02328903,-0.6721687244068747,-inf,0.00028444445,0.24551065,1.0,1.0,0.0
Microglia,Endothelial,PNOC,OPRL1,0.12968315,1.0,0.016816797,-0.48949452938644666,-inf,0.00054443994,0.17711471,1.0,1.0,0.15270975,1.0,0.02328903,-0.6721687244068747,-inf,0.00028444445,0.24551065,1.0,1.0,0.0
Microglia,Astrocyte,CXCL10,ACKR1,0.12968315,1.0,0.016816797,-0.48949452938644666,-inf,0.00054443994,0.17711471,1.0,1.0,0.15270975,1.0,0.02328903,-0.6721687244068747,-inf,0.00028444445,0.24551065,1.0,1.0,0.0
Microglia,Astrocyte,CXCL10,CCR3,0.12968315,1.0,0.016816797,-0.48949452938644666,-inf,0.00054443994,0.17711471,1.0,1.0,0.15270975,1.0,0.02328903,-0.6721687244068747,-inf,0.00028444445,0.24551065,1.0,1.0,0.0
Microglia,Astrocyte,CXCL12,AVPR1A,0.12968315,1.0,0.016816797,-0.48949452938644666,-inf,0.00054443994,0.17711471,1.0,1.0,0.15270975,1.0,0.02328903,-0.6721687244068747,-inf,0.00028444445,0.24551065,1.0,1.0,0.0
Microglia,Astrocyte,CCL3,CCR3,0.12968315,1.0,0.016816797,-0.48949452938644666,-inf,0.00054443994,0.17711471,1.0,1.0,0.15270975,1.0,0.02328903,-0.6721687244068747,-inf,0.00028444445,0.24551065,1.0,1.0,0.0
Microglia,Astrocyte,CCL4,CCR3,0.12968315,1.0,0.016816797,-0.48949452938644666,-inf,0.00054443994,0.17711471,1.0,1.0,0.15270975,1.0,0.02328903,-0.6721687244068747,-inf,0.00028444445,0.24551065,1.0,1.0,0.0
Microglia,Astrocyte,CCL4,GPR152,0.12968315,1.0,0.016816797,-0.48949452938644666,-inf,0.00054443994,0.17711471,1.0,1.0,0.15270975,1.0,0.02328903,-0.6721687244068747,-inf,0.00028444445,0.24551065,1.0,1.0,0.0
Microglia,Astrocyte,CCL5,ACKR1,0.12968315,1.0,0.016816797,-0.48949452938644666,-inf,0.00054443994,0.17711471,1.0,1.0,0.15270975,1.0,0.02328903,-0.6721687244068747,-inf,0.00028444445,0.24551065,1.0,1.0,0.0
Microglia,Astrocyte,CCL5,CCR1,0.12968315,1.0,0.016816797,-0.48949452938644666,-inf,0.00054443994,0.17711471,1.0,1.0,0.15270975,1.0,0.02328903,-0.6721687244068747,-inf,0.00028444445,0.24551065,1.0,1.0,0.0
Microglia,Astrocyte,CGA,GPR84,0.12968315,1.0,0.016816797,-0.48949452938644666,-inf,0.00054443994,0.17711471,1.0,1.0,0.15270975,1.0,0.02328903,-0.6721687244068747,-inf,0.00028444445,0.24551065,1.0,1.0,0.0
Microglia,Astrocyte,CCL5,CCR3,0.12968315,1.0,0.016816797,-0.48949452938644666,-inf,0.00054443994,0.17711471,1.0,1.0,0.15270975,1.0,0.02328903,-0.6721687244068747,-inf,0.00028444445,0.24551065,1.0,1.0,0.0
Microglia,Astrocyte,CCL7,ACKR1,0.12968315,1.0,0.016816797,-0.48949452938644666,-inf,0.00054443994,0.17711471,1.0,1.0,0.15270975,1.0,0.02328903,-0.6721687244068747,-inf,0.00028444445,0.24551065,1.0,1.0,0.0
Endothelial,Oligodendrocyte,PF4,ACKR1,0.12968315,1.0,0.016816797,-0.48949452938644666,-inf,0.00054443994,0.17711471,1.0,1.0,0.15270975,1.0,0.02328903,-0.6721687244068747,-inf,0.00028444445,0.24551065,1.0,1.0,0.0
Microglia,Astrocyte,RIMS1,SLC17A7,0.12968315,1.0,0.016816797,-0.48949452938644666,-inf,0.00054443994,0.17711471,1.0,1.0,0.15270975,1.0,0.02328903,-0.6721687244068747,-inf,0.00028444445,0.24551065,1.0,1.0,0.0
Endothelial,Pericyte,CCL4,CCR5,0.12968315,1.0,0.016816797,-0.48949452938644666,-inf,0.00054443994,0.17711471,1.0,1.0,0.15270975,1.0,0.02328903,-0.6721687244068747,-inf,0.00028444445,0.24551065,1.0,1.0,0.0
Endothelial,Oligodendrocyte,CXCL2,ACKR1,0.12968315,1.0,0.016816797,-0.48949452938644666,-inf,0.00054443994,0.17711471,1.0,1.0,0.15270975,1.0,0.02328903,-0.6721687244068747,-inf,0.00028444445,0.24551065,1.0,1.0,0.0
Endothelial,Oligodendrocyte,CXCL2,CXCR1,0.12968315,1.0,0.016816797,-0.48949452938644666,-inf,0.00054443994,0.17711471,1.0,1.0,0.15270975,1.0,0.02328903,-0.6721687244068747,-inf,0.00028444445,0.24551065,1.0,1.0,0.0
Endothelial,Oligodendrocyte,CXCL2,CXCR2,0.12968315,1.0,0.016816797,-0.48949452938644666,-inf,0.00054443994,0.17711471,1.0,1.0,0.15270975,1.0,0.02328903,-0.6721687244068747,-inf,0.00028444445,0.24551065,1.0,1.0,0.0
Endothelial,Pericyte,CXCL5,ACKR1,0.12968315,1.0,0.016816797,-0.48949452938644666,-inf,0.00054443994,0.17711471,1.0,1.0,0.15270975,1.0,0.02328903,-0.6721687244068747,-inf,0.00028444445,0.24551065,1.0,1.0,0.0
Endothelial,Microglia,COL3A1,MAG,0.12968315,1.0,0.016816797,-0.48949452938644666,-inf,0.00054443994,0.17711471,1.0,1.0,0.15270975,1.0,0.02328903,-0.6721687244068747,-inf,0.00028444445,0.24551065,1.0,1.0,0.0
Endothelial,Pericyte,CXCL5,CXCR1,0.12968315,1.0,0.016816797,-0.48949452938644666,-inf,0.00054443994,0.17711471,1.0,1.0,0.15270975,1.0,0.02328903,-0.6721687244068747,-inf,0.00028444445,0.24551065,1.0,1.0,0.0
Endothelial,Pericyte,CXCL9,ACKR1,0.12968315,1.0,0.016816797,-0.48949452938644666,-inf,0.00054443994,0.17711471,1.0,1.0,0.15270975,1.0,0.02328903,-0.6721687244068747,-inf,0.00028444445,0.24551065,1.0,1.0,0.0
Endothelial,Pericyte,CXCL9,CCR3,0.12968315,1.0,0.016816797,-0.48949452938644666,-inf,0.00054443994,0.17711471,1.0,1.0,0.15270975,1.0,0.02328903,-0.6721687244068747,-inf,0.00028444445,0.24551065,1.0,1.0,0.0
Endothelial,Pericyte,CYTL1,CCR2,0.12968315,1.0,0.016816797,-0.48949452938644666,-inf,0.00054443994,0.17711471,1.0,1.0,0.15270975,1.0,0.02328903,-0.6721687244068747,-inf,0.00028444445,0.24551065,1.0,1.0,0.0
Endothelial,Pericyte,F10,F3,0.12968315,1.0,0.016816797,-0.48949452938644666,-inf,0.00054443994,0.17711471,1.0,1.0,0.15270975,1.0,0.02328903,-0.6721687244068747,-inf,0.00028444445,0.24551065,1.0,1.0,0.0
Endothelial,Pericyte,FGL1,LAG3,0.12968315,1.0,0.016816797,-0.48949452938644666,-inf,0.00054443994,0.17711471,1.0,1.0,0.15270975,1.0,0.02328903,-0.6721687244068747,-inf,0.00028444445,0.24551065,1.0,1.0,0.0
Endothelial,Pericyte,FN1,CD79A,0.12968315,1.0,0.016816797,-0.48949452938644666,-inf,0.00054443994,0.17711471,1.0,1.0,0.15270975,1.0,0.02328903,-0.6721687244068747,-inf,0.00028444445,0.24551065,1.0,1.0,0.0
Endothelial,Pericyte,FN1,MAG,0.12968315,1.0,0.016816797,-0.48949452938644666,-inf,0.00054443994,0.17711471,1.0,1.0,0.15270975,1.0,0.02328903,-0.6721687244068747,-inf,0.00028444445,0.24551065,1.0,1.0,0.0
Endothelial,Pericyte,GAST,CCKBR,0.12968315,1.0,0.016816797,-0.48949452938644666,-inf,0.00054443994,0.17711471,1.0,1.0,0.15270975,1.0,0.02328903,-0.6721687244068747,-inf,0.00028444445,0.24551065,1.0,1.0,0.0
Endothelial,Pericyte,CXCL3,CXCR2,0.12968315,1.0,0.016816797,-0.48949452938644666,-inf,0.00054443994,0.17711471,1.0,1.0,0.15270975,1.0,0.02328903,-0.6721687244068747,-inf,0.00028444445,0.24551065,1.0,1.0,0.0
Endothelial,Pericyte,GAST,GPR152,0.12968315,1.0,0.016816797,-0.48949452938644666,-inf,0.00054443994,0.17711471,1.0,1.0,0.15270975,1.0,0.02328903,-0.6721687244068747,-inf,0.00028444445,0.24551065,1.0,1.0,0.0
Endothelial,Pericyte,CXCL5,CXCR2,0.12968315,1.0,0.016816797,-0.48949452938644666,-inf,0.00054443994,0.17711471,1.0,1.0,0.15270975,1.0,0.02328903,-0.6721687244068747,-inf,0.00028444445,0.24551065,1.0,1.0,0.0
Endothelial,Microglia,CCL4,CCR3,0.12968315,1.0,0.016816797,-0.48949452938644666,-inf,0.00054443994,0.17711471,1.0,1.0,0.15270975,1.0,0.02328903,-0.6721687244068747,-inf,0.00028444445,0.24551065,1.0,1.0,0.0
Endothelial,Microglia,CGA,RAMP2,0.12968315,1.0,0.016816797,-0.48949452938644666,-inf,0.00054443994,0.17711471,1.0,1.0,0.15270975,1.0,0.02328903,-0.6721687244068747,-inf,0.00028444445,0.24551065,1.0,1.0,0.0
Endothelial,Microglia,CD34,SELL,0.12968315,1.0,0.016816797,-0.48949452938644666,-inf,0.00054443994,0.17711471,1.0,1.0,0.15270975,1.0,0.02328903,-0.6721687244068747,-inf,0.00028444445,0.24551065,1.0,1.0,0.0
Endothelial,Microglia,CFP,NCR1,0.12968315,1.0,0.016816797,-0.48949452938644666,-inf,0.00054443994,0.17711471,1.0,1.0,0.15270975,1.0,0.02328903,-0.6721687244068747,-inf,0.00028444445,0.24551065,1.0,1.0,0.0
Endothelial,Microglia,CXCL1,CXCR2,0.12968315,1.0,0.016816797,-0.48949452938644666,-inf,0.00054443994,0.17711471,1.0,1.0,0.15270975,1.0,0.02328903,-0.6721687244068747,-inf,0.00028444445,0.24551065,1.0,1.0,0.0
Endothelial,Microglia,CXCL1,ACKR1,0.12968315,1.0,0.016816797,-0.48949452938644666,-inf,0.00054443994,0.17711471,1.0,1.0,0.15270975,1.0,0.02328903,-0.6721687244068747,-inf,0.00028444445,0.24551065,1.0,1.0,0.0
Endothelial,Endothelial,SAA1,FPR1,0.12968315,1.0,0.016816797,-0.48949452938644666,-inf,0.00054443994,0.17711471,1.0,1.0,0.15270975,1.0,0.02328903,-0.6721687244068747,-inf,0.00028444445,0.24551065,1.0,1.0,0.0
Endothelial,Endothelial,SAA1,FPR2,0.12968315,1.0,0.016816797,-0.48949452938644666,-inf,0.00054443994,0.17711471,1.0,1.0,0.15270975,1.0,0.02328903,-0.6721687244068747,-inf,0.00028444445,0.24551065,1.0,1.0,0.0
Endothelial,Microglia,GAST,CCKBR,0.12968315,1.0,0.016816797,-0.48949452938644666,-inf,0.00054443994,0.17711471,1.0,1.0,0.15270975,1.0,0.02328903,-0.6721687244068747,-inf,0.00028444445,0.24551065,1.0,1.0,0.0
Endothelial,Endothelial,SCT,GPR84,0.12968315,1.0,0.016816797,-0.48949452938644666,-inf,0.00054443994,0.17711471,1.0,1.0,0.15270975,1.0,0.02328903,-0.6721687244068747,-inf,0.00028444445,0.24551065,1.0,1.0,0.0
Endothelial,Endothelial,SELPLG,SELL,0.12968315,1.0,0.016816797,-0.48949452938644666,-inf,0.00054443994,0.17711471,1.0,1.0,0.15270975,1.0,0.02328903,-0.6721687244068747,-inf,0.00028444445,0.24551065,1.0,1.0,0.0
Endothelial,Microglia,APOB,TREM2,0.12968315,1.0,0.016816797,-0.48949452938644666,-inf,0.00054443994,0.17711471,1.0,1.0,0.15270975,1.0,0.02328903,-0.6721687244068747,-inf,0.00028444445,0.24551065,1.0,1.0,0.0
Endothelial,Endothelial,SNCA,LAG3,0.12968315,1.0,0.016816797,-0.48949452938644666,-inf,0.00054443994,0.17711471,1.0,1.0,0.15270975,1.0,0.02328903,-0.6721687244068747,-inf,0.00028444445,0.24551065,1.0,1.0,0.0
Endothelial,Endothelial,TDGF1,ACVR1C,0.12968315,1.0,0.016816797,-0.48949452938644666,-inf,0.00054443994,0.17711471,1.0,1.0,0.15270975,1.0,0.02328903,-0.6721687244068747,-inf,0.00028444445,0.24551065,1.0,1.0,0.0
Endothelial,Endothelial,THBS1,SDC4,0.12968315,1.0,0.016816797,-0.48949452938644666,-inf,0.00054443994,0.17711471,1.0,1.0,0.15270975,1.0,0.02328903,-0.6721687244068747,-inf,0.00028444445,0.24551065,1.0,1.0,0.0
Endothelial,Endothelial,TIMP1,CD63,0.12968315,1.0,0.016816797,-0.48949452938644666,-inf,0.00054443994,0.17711471,1.0,1.0,0.15270975,1.0,0.02328903,-0.6721687244068747,-inf,0.00028444445,0.24551065,1.0,1.0,0.0
Endothelial,Endothelial,TNF,FAS,0.12968315,1.0,0.016816797,-0.48949452938644666,-inf,0.00054443994,0.17711471,1.0,1.0,0.15270975,1.0,0.02328903,-0.6721687244068747,-inf,0.00028444445,0.24551065,1.0,1.0,0.0
Endothelial,Endothelial,TNF,VSIR,0.12968315,1.0,0.016816797,-0.48949452938644666,-inf,0.00054443994,0.17711471,1.0,1.0,0.15270975,1.0,0.02328903,-0.6721687244068747,-inf,0.00028444445,0.24551065,1.0,1.0,0.0
Endothelial,Endothelial,VWF,SIRPA,0.12968315,1.0,0.016816797,-0.48949452938644666,-inf,0.00054443994,0.17711471,1.0,1.0,0.15270975,1.0,0.02328903,-0.6721687244068747,-inf,0.00028444445,0.24551065,1.0,1.0,0.0
Endothelial,Endothelial,SCT,RAMP2,0.12968315,1.0,0.016816797,-0.48949452938644666,-inf,0.00054443994,0.17711471,1.0,1.0,0.15270975,1.0,0.02328903,-0.6721687244068747,-inf,0.00028444445,0.24551065,1.0,1.0,0.0
Endothelial,Microglia,GAST,GPR152,0.12968315,1.0,0.016816797,-0.48949452938644666,-inf,0.00054443994,0.17711471,1.0,1.0,0.15270975,1.0,0.02328903,-0.6721687244068747,-inf,0.00028444445,0.24551065,1.0,1.0,0.0
Endothelial,Microglia,GZMA,F2RL1,0.12968315,1.0,0.016816797,-0.48949452938644666,-inf,0.00054443994,0.17711471,1.0,1.0,0.15270975,1.0,0.02328903,-0.6721687244068747,-inf,0.00028444445,0.24551065,1.0,1.0,0.0
Endothelial,Microglia,HDC,HRH3,0.12968315,1.0,0.016816797,-0.48949452938644666,-inf,0.00054443994,0.17711471,1.0,1.0,0.15270975,1.0,0.02328903,-0.6721687244068747,-inf,0.00028444445,0.24551065,1.0,1.0,0.0
Endothelial,Microglia,CSF2,CSF1R,0.12968315,1.0,0.016816797,-0.48949452938644666,-inf,0.00054443994,0.17711471,1.0,1.0,0.15270975,1.0,0.02328903,-0.6721687244068747,-inf,0.00028444445,0.24551065,1.0,1.0,0.0
Endothelial,Microglia,CSF3,CSF1R,0.12968315,1.0,0.016816797,-0.48949452938644666,-inf,0.00054443994,0.17711471,1.0,1.0,0.15270975,1.0,0.02328903,-0.6721687244068747,-inf,0.00028444445,0.24551065,1.0,1.0,0.0
Endothelial,Microglia,CXCL1,CXCR1,0.12968315,1.0,0.016816797,-0.48949452938644666,-inf,0.00054443994,0.17711471,1.0,1.0,0.15270975,1.0,0.02328903,-0.6721687244068747,-inf,0.00028444445,0.24551065,1.0,1.0,0.0
Endothelial,Endothelial,S100A4,CCR5,0.12968315,1.0,0.016816797,-0.48949452938644666,-inf,0.00054443994,0.17711471,1.0,1.0,0.15270975,1.0,0.02328903,-0.6721687244068747,-inf,0.00028444445,0.24551065,1.0,1.0,0.0
Endothelial,Microglia,HP,ASGR1,0.12968315,1.0,0.016816797,-0.48949452938644666,-inf,0.00054443994,0.17711471,1.0,1.0,0.15270975,1.0,0.02328903,-0.6721687244068747,-inf,0.00028444445,0.24551065,1.0,1.0,0.0
Endothelial,Microglia,HSPA1A,GRIN2D,0.12968315,1.0,0.016816797,-0.48949452938644666,-inf,0.00054443994,0.17711471,1.0,1.0,0.15270975,1.0,0.02328903,-0.6721687244068747,-inf,0.00028444445,0.24551065,1.0,1.0,0.0
Endothelial,Oligodendrocyte,CCL8,CCR2,0.12968315,1.0,0.016816797,-0.48949452938644666,-inf,0.00054443994,0.17711471,1.0,1.0,0.15270975,1.0,0.02328903,-0.6721687244068747,-inf,0.00028444445,0.24551065,1.0,1.0,0.0
Endothelial,Oligodendrocyte,CCL8,CCR3,0.12968315,1.0,0.016816797,-0.48949452938644666,-inf,0.00054443994,0.17711471,1.0,1.0,0.15270975,1.0,0.02328903,-0.6721687244068747,-inf,0.00028444445,0.24551065,1.0,1.0,0.0
Endothelial,Oligodendrocyte,CCL8,CCR5,0.12968315,1.0,0.016816797,-0.48949452938644666,-inf,0.00054443994,0.17711471,1.0,1.0,0.15270975,1.0,0.02328903,-0.6721687244068747,-inf,0.00028444445,0.24551065,1.0,1.0,0.0
Endothelial,Oligodendrocyte,CD177,PECAM1,0.12968315,1.0,0.016816797,-0.48949452938644666,-inf,0.00054443994,0.17711471,1.0,1.0,0.15270975,1.0,0.02328903,-0.6721687244068747,-inf,0.00028444445,0.24551065,1.0,1.0,0.0
Endothelial,Oligodendrocyte,CD34,SELL,0.12968315,1.0,0.016816797,-0.48949452938644666,-inf,0.00054443994,0.17711471,1.0,1.0,0.15270975,1.0,0.02328903,-0.6721687244068747,-inf,0.00028444445,0.24551065,1.0,1.0,0.0
Endothelial,Oligodendrocyte,CD40LG,CD53,0.12968315,1.0,0.016816797,-0.48949452938644666,-inf,0.00054443994,0.17711471,1.0,1.0,0.15270975,1.0,0.02328903,-0.6721687244068747,-inf,0.00028444445,0.24551065,1.0,1.0,0.0
Endothelial,Oligodendrocyte,CCL7,CCR1,0.12968315,1.0,0.016816797,-0.48949452938644666,-inf,0.00054443994,0.17711471,1.0,1.0,0.15270975,1.0,0.02328903,-0.6721687244068747,-inf,0.00028444445,0.24551065,1.0,1.0,0.0
Endothelial,Oligodendrocyte,CD40LG,CD9,0.12968315,1.0,0.016816797,-0.48949452938644666,-inf,0.00054443994,0.17711471,1.0,1.0,0.15270975,1.0,0.02328903,-0.6721687244068747,-inf,0.00028444445,0.24551065,1.0,1.0,0.0
Endothelial,Oligodendrocyte,CGA,GPR84,0.12968315,1.0,0.016816797,-0.48949452938644666,-inf,0.00054443994,0.17711471,1.0,1.0,0.15270975,1.0,0.02328903,-0.6721687244068747,-inf,0.00028444445,0.24551065,1.0,1.0,0.0
Endothelial,Oligodendrocyte,CGA,RAMP2,0.12968315,1.0,0.016816797,-0.48949452938644666,-inf,0.00054443994,0.17711471,1.0,1.0,0.15270975,1.0,0.02328903,-0.6721687244068747,-inf,0.00028444445,0.24551065,1.0,1.0,0.0
Endothelial,Oligodendrocyte,COL3A1,MAG,0.12968315,1.0,0.016816797,-0.48949452938644666,-inf,0.00054443994,0.17711471,1.0,1.0,0.15270975,1.0,0.02328903,-0.6721687244068747,-inf,0.00028444445,0.24551065,1.0,1.0,0.0
Endothelial,Oligodendrocyte,CSF2,CSF1R,0.12968315,1.0,0.016816797,-0.48949452938644666,-inf,0.00054443994,0.17711471,1.0,1.0,0.15270975,1.0,0.02328903,-0.6721687244068747,-inf,0.00028444445,0.24551065,1.0,1.0,0.0
Endothelial,Oligodendrocyte,CSF3,CSF1R,0.12968315,1.0,0.016816797,-0.48949452938644666,-inf,0.00054443994,0.17711471,1.0,1.0,0.15270975,1.0,0.02328903,-0.6721687244068747,-inf,0.00028444445,0.24551065,1.0,1.0,0.0
Endothelial,Oligodendrocyte,CXCL1,ACKR1,0.12968315,1.0,0.016816797,-0.48949452938644666,-inf,0.00054443994,0.17711471,1.0,1.0,0.15270975,1.0,0.02328903,-0.6721687244068747,-inf,0.00028444445,0.24551065,1.0,1.0,0.0
Endothelial,Oligodendrocyte,CXCL1,CXCR1,0.12968315,1.0,0.016816797,-0.48949452938644666,-inf,0.00054443994,0.17711471,1.0,1.0,0.15270975,1.0,0.02328903,-0.6721687244068747,-inf,0.00028444445,0.24551065,1.0,1.0,0.0
Endothelial,Oligodendrocyte,CXCL1,CXCR2,0.12968315,1.0,0.016816797,-0.48949452938644666,-inf,0.00054443994,0.17711471,1.0,1.0,0.15270975,1.0,0.02328903,-0.6721687244068747,-inf,0.00028444445,0.24551065,1.0,1.0,0.0
Endothelial,Oligodendrocyte,CXCL10,ACKR1,0.12968315,1.0,0.016816797,-0.48949452938644666,-inf,0.00054443994,0.17711471,1.0,1.0,0.15270975,1.0,0.02328903,-0.6721687244068747,-inf,0.00028444445,0.24551065,1.0,1.0,0.0
Endothelial,Oligodendrocyte,CXCL10,CCR3,0.12968315,1.0,0.016816797,-0.48949452938644666,-inf,0.00054443994,0.17711471,1.0,1.0,0.15270975,1.0,0.02328903,-0.6721687244068747,-inf,0.00028444445,0.24551065,1.0,1.0,0.0
Endothelial,Oligodendrocyte,CXCL10,SDC4,0.12968315,1.0,0.016816797,-0.48949452938644666,-inf,0.00054443994,0.17711471,1.0,1.0,0.15270975,1.0,0.02328903,-0.6721687244068747,-inf,0.00028444445,0.24551065,1.0,1.0,0.0
Endothelial,Microglia,CCL28,CCR3,0.12968315,1.0,0.016816797,-0.48949452938644666,-inf,0.00054443994,0.17711471,1.0,1.0,0.15270975,1.0,0.02328903,-0.6721687244068747,-inf,0.00028444445,0.24551065,1.0,1.0,0.0
Endothelial,Microglia,HP,CD163,0.12968315,1.0,0.016816797,-0.48949452938644666,-inf,0.00054443994,0.17711471,1.0,1.0,0.15270975,1.0,0.02328903,-0.6721687244068747,-inf,0.00028444445,0.24551065,1.0,1.0,0.0
Endothelial,Microglia,CCL11,CCR2,0.12968315,1.0,0.016816797,-0.48949452938644666,-inf,0.00054443994,0.17711471,1.0,1.0,0.15270975,1.0,0.02328903,-0.6721687244068747,-inf,0.00028444445,0.24551065,1.0,1.0,0.0
Endothelial,Microglia,CCL7,CCR2,0.12968315,1.0,0.016816797,-0.48949452938644666,-inf,0.00054443994,0.17711471,1.0,1.0,0.15270975,1.0,0.02328903,-0.6721687244068747,-inf,0.00028444445,0.24551065,1.0,1.0,0.0
Endothelial,Microglia,CYTL1,CCR2,0.12968315,1.0,0.016816797,-0.48949452938644666,-inf,0.00054443994,0.17711471,1.0,1.0,0.15270975,1.0,0.02328903,-0.6721687244068747,-inf,0.00028444445,0.24551065,1.0,1.0,0.0
Endothelial,Microglia,CCL5,ACKR1,0.12968315,1.0,0.016816797,-0.48949452938644666,-inf,0.00054443994,0.17711471,1.0,1.0,0.15270975,1.0,0.02328903,-0.6721687244068747,-inf,0.00028444445,0.24551065,1.0,1.0,0.0
Endothelial,Microglia,CXCL10,SDC4,0.12968315,1.0,0.016816797,-0.48949452938644666,-inf,0.00054443994,0.17711471,1.0,1.0,0.15270975,1.0,0.02328903,-0.6721687244068747,-inf,0.00028444445,0.24551065,1.0,1.0,0.0
Endothelial,Microglia,CXCL10,ACKR1,0.12968315,1.0,0.016816797,-0.48949452938644666,-inf,0.00054443994,0.17711471,1.0,1.0,0.15270975,1.0,0.02328903,-0.6721687244068747,-inf,0.00028444445,0.24551065,1.0,1.0,0.0
Endothelial,Microglia,CCL5,CCR3,0.12968315,1.0,0.016816797,-0.48949452938644666,-inf,0.00054443994,0.17711471,1.0,1.0,0.15270975,1.0,0.02328903,-0.6721687244068747,-inf,0.00028444445,0.24551065,1.0,1.0,0.0
Endothelial,Microglia,CCL5,CCR5,0.12968315,1.0,0.016816797,-0.48949452938644666,-inf,0.00054443994,0.17711471,1.0,1.0,0.15270975,1.0,0.02328903,-0.6721687244068747,-inf,0.00028444445,0.24551065,1.0,1.0,0.0
Endothelial,Microglia,CCL5,SDC4,0.12968315,1.0,0.016816797,-0.48949452938644666,-inf,0.00054443994,0.17711471,1.0,1.0,0.15270975,1.0,0.02328903,-0.6721687244068747,-inf,0.00028444445,0.24551065,1.0,1.0,0.0
Endothelial,Microglia,CGA,GPR84,0.12968315,1.0,0.016816797,-0.48949452938644666,-inf,0.00054443994,0.17711471,1.0,1.0,0.15270975,1.0,0.02328903,-0.6721687244068747,-inf,0.00028444445,0.24551065,1.0,1.0,0.0
Endothelial,Microglia,CCL7,ACKR1,0.12968315,1.0,0.016816797,-0.48949452938644666,-inf,0.00054443994,0.17711471,1.0,1.0,0.15270975,1.0,0.02328903,-0.6721687244068747,-inf,0.00028444445,0.24551065,1.0,1.0,0.0
Endothelial,Microglia,CCL7,CCR3,0.12968315,1.0,0.016816797,-0.48949452938644666,-inf,0.00054443994,0.17711471,1.0,1.0,0.15270975,1.0,0.02328903,-0.6721687244068747,-inf,0.00028444445,0.24551065,1.0,1.0,0.0
Endothelial,Microglia,CCL8,ACKR1,0.12968315,1.0,0.016816797,-0.48949452938644666,-inf,0.00054443994,0.17711471,1.0,1.0,0.15270975,1.0,0.02328903,-0.6721687244068747,-inf,0.00028444445,0.24551065,1.0,1.0,0.0
Endothelial,Microglia,CCL8,CCR1,0.12968315,1.0,0.016816797,-0.48949452938644666,-inf,0.00054443994,0.17711471,1.0,1.0,0.15270975,1.0,0.02328903,-0.6721687244068747,-inf,0.00028444445,0.24551065,1.0,1.0,0.0
Endothelial,Microglia,CCL8,CCR2,0.12968315,1.0,0.016816797,-0.48949452938644666,-inf,0.00054443994,0.17711471,1.0,1.0,0.15270975,1.0,0.02328903,-0.6721687244068747,-inf,0.00028444445,0.24551065,1.0,1.0,0.0
Endothelial,Microglia,CCL8,CCR3,0.12968315,1.0,0.016816797,-0.48949452938644666,-inf,0.00054443994,0.17711471,1.0,1.0,0.15270975,1.0,0.02328903,-0.6721687244068747,-inf,0.00028444445,0.24551065,1.0,1.0,0.0
Endothelial,Microglia,CCL8,CCR5,0.12968315,1.0,0.016816797,-0.48949452938644666,-inf,0.00054443994,0.17711471,1.0,1.0,0.15270975,1.0,0.02328903,-0.6721687244068747,-inf,0.00028444445,0.24551065,1.0,1.0,0.0
Endothelial,Microglia,CXCL10,CCR3,0.12968315,1.0,0.016816797,-0.48949452938644666,-inf,0.00054443994,0.17711471,1.0,1.0,0.15270975,1.0,0.02328903,-0.6721687244068747,-inf,0.00028444445,0.24551065,1.0,1.0,0.0
Endothelial,Microglia,CD177,PECAM1,0.12968315,1.0,0.016816797,-0.48949452938644666,-inf,0.00054443994,0.17711471,1.0,1.0,0.15270975,1.0,0.02328903,-0.6721687244068747,-inf,0.00028444445,0.24551065,1.0,1.0,0.0
Endothelial,Microglia,CD40LG,CD53,0.12968315,1.0,0.016816797,-0.48949452938644666,-inf,0.00054443994,0.17711471,1.0,1.0,0.15270975,1.0,0.02328903,-0.6721687244068747,-inf,0.00028444445,0.24551065,1.0,1.0,0.0
Endothelial,Microglia,CD40LG,CD9,0.12968315,1.0,0.016816797,-0.48949452938644666,-inf,0.00054443994,0.17711471,1.0,1.0,0.15270975,1.0,0.02328903,-0.6721687244068747,-inf,0.00028444445,0.24551065,1.0,1.0,0.0
Endothelial,Pericyte,HDC,HRH3,0.12968315,1.0,0.016816797,-0.48949452938644666,-inf,0.00054443994,0.17711471,1.0,1.0,0.15270975,1.0,0.02328903,-0.6721687244068747,-inf,0.00028444445,0.24551065,1.0,1.0,0.0
Endothelial,Oligodendrocyte,CFP,NCR1,0.12968315,1.0,0.016816797,-0.48949452938644666,-inf,0.00054443994,0.17711471,1.0,1.0,0.15270975,1.0,0.02328903,-0.6721687244068747,-inf,0.00028444445,0.24551065,1.0,1.0,0.0
Endothelial,Endothelial,RLN3,RAMP2,0.12968315,1.0,0.016816797,-0.48949452938644666,-inf,0.00054443994,0.17711471,1.0,1.0,0.15270975,1.0,0.02328903,-0.6721687244068747,-inf,0.00028444445,0.24551065,1.0,1.0,0.0
Endothelial,Endothelial,RIMS1,SLC17A7,0.12968315,1.0,0.016816797,-0.48949452938644666,-inf,0.00054443994,0.17711471,1.0,1.0,0.15270975,1.0,0.02328903,-0.6721687244068747,-inf,0.00028444445,0.24551065,1.0,1.0,0.0
Endothelial,Astrocyte,HDC,HRH3,0.12968315,1.0,0.016816797,-0.48949452938644666,-inf,0.00054443994,0.17711471,1.0,1.0,0.15270975,1.0,0.02328903,-0.6721687244068747,-inf,0.00028444445,0.24551065,1.0,1.0,0.0
Endothelial,Astrocyte,HP,ASGR1,0.12968315,1.0,0.016816797,-0.48949452938644666,-inf,0.00054443994,0.17711471,1.0,1.0,0.15270975,1.0,0.02328903,-0.6721687244068747,-inf,0.00028444445,0.24551065,1.0,1.0,0.0
Endothelial,Astrocyte,PENK,OPRL1,0.12968315,1.0,0.016816797,-0.48949452938644666,-inf,0.00054443994,0.17711471,1.0,1.0,0.15270975,1.0,0.02328903,-0.6721687244068747,-inf,0.00028444445,0.24551065,1.0,1.0,0.0
Endothelial,Astrocyte,CXCL9,CCR3,0.12968315,1.0,0.016816797,-0.48949452938644666,-inf,0.00054443994,0.17711471,1.0,1.0,0.15270975,1.0,0.02328903,-0.6721687244068747,-inf,0.00028444445,0.24551065,1.0,1.0,0.0
Endothelial,Astrocyte,HP,CD163,0.12968315,1.0,0.016816797,-0.48949452938644666,-inf,0.00054443994,0.17711471,1.0,1.0,0.15270975,1.0,0.02328903,-0.6721687244068747,-inf,0.00028444445,0.24551065,1.0,1.0,0.0
Endothelial,Astrocyte,IL6,F3,0.12968315,1.0,0.016816797,-0.48949452938644666,-inf,0.00054443994,0.17711471,1.0,1.0,0.15270975,1.0,0.02328903,-0.6721687244068747,-inf,0.00028444445,0.24551065,1.0,1.0,0.0
Endothelial,Astrocyte,IL6,MUSK,0.12968315,1.0,0.016816797,-0.48949452938644666,-inf,0.00054443994,0.17711471,1.0,1.0,0.15270975,1.0,0.02328903,-0.6721687244068747,-inf,0.00028444445,0.24551065,1.0,1.0,0.0
Endothelial,Astrocyte,ITIH2,FCER1A,0.12968315,1.0,0.016816797,-0.48949452938644666,-inf,0.00054443994,0.17711471,1.0,1.0,0.15270975,1.0,0.02328903,-0.6721687244068747,-inf,0.00028444445,0.24551065,1.0,1.0,0.0
Endothelial,Astrocyte,LGALS3,LAG3,0.12968315,1.0,0.016816797,-0.48949452938644666,-inf,0.00054443994,0.17711471,1.0,1.0,0.15270975,1.0,0.02328903,-0.6721687244068747,-inf,0.00028444445,0.24551065,1.0,1.0,0.0
Endothelial,Astrocyte,LPL,GPIHBP1,0.12968315,1.0,0.016816797,-0.48949452938644666,-inf,0.00054443994,0.17711471,1.0,1.0,0.15270975,1.0,0.02328903,-0.6721687244068747,-inf,0.00028444445,0.24551065,1.0,1.0,0.0
Endothelial,Astrocyte,MSMP,CCR2,0.12968315,1.0,0.016816797,-0.48949452938644666,-inf,0.00054443994,0.17711471,1.0,1.0,0.15270975,1.0,0.02328903,-0.6721687244068747,-inf,0.00028444445,0.24551065,1.0,1.0,0.0
Endothelial,Astrocyte,NPY,NPY5R,0.12968315,1.0,0.016816797,-0.48949452938644666,-inf,0.00054443994,0.17711471,1.0,1.0,0.15270975,1.0,0.02328903,-0.6721687244068747,-inf,0.00028444445,0.24551065,1.0,1.0,0.0
Endothelial,Astrocyte,IL34,PTPRZ1,0.12968315,1.0,0.016816797,-0.48949452938644666,-inf,0.00054443994,0.17711471,1.0,1.0,0.15270975,1.0,0.02328903,-0.6721687244068747,-inf,0.00028444445,0.24551065,1.0,1.0,0.0
Endothelial,Astrocyte,PPBP,CXCR2,0.12968315,1.0,0.016816797,-0.48949452938644666,-inf,0.00054443994,0.17711471,1.0,1.0,0.15270975,1.0,0.02328903,-0.6721687244068747,-inf,0.00028444445,0.24551065,1.0,1.0,0.0
Endothelial,Astrocyte,CXCL9,ACKR1,0.12968315,1.0,0.016816797,-0.48949452938644666,-inf,0.00054443994,0.17711471,1.0,1.0,0.15270975,1.0,0.02328903,-0.6721687244068747,-inf,0.00028444445,0.24551065,1.0,1.0,0.0
Endothelial,Astrocyte,PF4,ACKR1,0.12968315,1.0,0.016816797,-0.48949452938644666,-inf,0.00054443994,0.17711471,1.0,1.0,0.15270975,1.0,0.02328903,-0.6721687244068747,-inf,0.00028444445,0.24551065,1.0,1.0,0.0
Endothelial,Astrocyte,PROK2,PROKR1,0.12968315,1.0,0.016816797,-0.48949452938644666,-inf,0.00054443994,0.17711471,1.0,1.0,0.15270975,1.0,0.02328903,-0.6721687244068747,-inf,0.00028444445,0.24551065,1.0,1.0,0.0
Endothelial,Astrocyte,PSAP,GPR37,0.12968315,1.0,0.016816797,-0.48949452938644666,-inf,0.00054443994,0.17711471,1.0,1.0,0.15270975,1.0,0.02328903,-0.6721687244068747,-inf,0.00028444445,0.24551065,1.0,1.0,0.0
Endothelial,Astrocyte,RIMS1,SLC17A7,0.12968315,1.0,0.016816797,-0.48949452938644666,-inf,0.00054443994,0.17711471,1.0,1.0,0.15270975,1.0,0.02328903,-0.6721687244068747,-inf,0.00028444445,0.24551065,1.0,1.0,0.0
Endothelial,Astrocyte,GZMA,F2RL1,0.12968315,1.0,0.016816797,-0.48949452938644666,-inf,0.00054443994,0.17711471,1.0,1.0,0.15270975,1.0,0.02328903,-0.6721687244068747,-inf,0.00028444445,0.24551065,1.0,1.0,0.0
Endothelial,Astrocyte,RLN3,GPR84,0.12968315,1.0,0.016816797,-0.48949452938644666,-inf,0.00054443994,0.17711471,1.0,1.0,0.15270975,1.0,0.02328903,-0.6721687244068747,-inf,0.00028444445,0.24551065,1.0,1.0,0.0
Endothelial,Astrocyte,GAST,GPR152,0.12968315,1.0,0.016816797,-0.48949452938644666,-inf,0.00054443994,0.17711471,1.0,1.0,0.15270975,1.0,0.02328903,-0.6721687244068747,-inf,0.00028444445,0.24551065,1.0,1.0,0.0
Endothelial,Astrocyte,FN1,CD79A,0.12968315,1.0,0.016816797,-0.48949452938644666,-inf,0.00054443994,0.17711471,1.0,1.0,0.15270975,1.0,0.02328903,-0.6721687244068747,-inf,0.00028444445,0.24551065,1.0,1.0,0.0
Endothelial,Astrocyte,CCL1,ACKR1,0.12968315,1.0,0.016816797,-0.48949452938644666,-inf,0.00054443994,0.17711471,1.0,1.0,0.15270975,1.0,0.02328903,-0.6721687244068747,-inf,0.00028444445,0.24551065,1.0,1.0,0.0
Endothelial,Astrocyte,CXCL2,ACKR1,0.12968315,1.0,0.016816797,-0.48949452938644666,-inf,0.00054443994,0.17711471,1.0,1.0,0.15270975,1.0,0.02328903,-0.6721687244068747,-inf,0.00028444445,0.24551065,1.0,1.0,0.0
Endothelial,Astrocyte,CXCL2,CXCR2,0.12968315,1.0,0.016816797,-0.48949452938644666,-inf,0.00054443994,0.17711471,1.0,1.0,0.15270975,1.0,0.02328903,-0.6721687244068747,-inf,0.00028444445,0.24551065,1.0,1.0,0.0
Endothelial,Astrocyte,CXCL2,XCR1,0.12968315,1.0,0.016816797,-0.48949452938644666,-inf,0.00054443994,0.17711471,1.0,1.0,0.15270975,1.0,0.02328903,-0.6721687244068747,-inf,0.00028444445,0.24551065,1.0,1.0,0.0
Endothelial,Astrocyte,CXCL3,ACKR1,0.12968315,1.0,0.016816797,-0.48949452938644666,-inf,0.00054443994,0.17711471,1.0,1.0,0.15270975,1.0,0.02328903,-0.6721687244068747,-inf,0.00028444445,0.24551065,1.0,1.0,0.0
Endothelial,Astrocyte,CXCL3,CXCR1,0.12968315,1.0,0.016816797,-0.48949452938644666,-inf,0.00054443994,0.17711471,1.0,1.0,0.15270975,1.0,0.02328903,-0.6721687244068747,-inf,0.00028444445,0.24551065,1.0,1.0,0.0
Endothelial,Astrocyte,CXCL1,CXCR1,0.12968315,1.0,0.016816797,-0.48949452938644666,-inf,0.00054443994,0.17711471,1.0,1.0,0.15270975,1.0,0.02328903,-0.6721687244068747,-inf,0.00028444445,0.24551065,1.0,1.0,0.0
Endothelial,Astrocyte,CXCL3,CXCR2,0.12968315,1.0,0.016816797,-0.48949452938644666,-inf,0.00054443994,0.17711471,1.0,1.0,0.15270975,1.0,0.02328903,-0.6721687244068747,-inf,0.00028444445,0.24551065,1.0,1.0,0.0
Endothelial,Astrocyte,CCL8,CCR1,0.12968315,1.0,0.016816797,-0.48949452938644666,-inf,0.00054443994,0.17711471,1.0,1.0,0.15270975,1.0,0.02328903,-0.6721687244068747,-inf,0.00028444445,0.24551065,1.0,1.0,0.0
Endothelial,Astrocyte,CCL7,CCR3,0.12968315,1.0,0.016816797,-0.48949452938644666,-inf,0.00054443994,0.17711471,1.0,1.0,0.15270975,1.0,0.02328903,-0.6721687244068747,-inf,0.00028444445,0.24551065,1.0,1.0,0.0
Endothelial,Astrocyte,CALCB,RAMP2,0.12968315,1.0,0.016816797,-0.48949452938644666,-inf,0.00054443994,0.17711471,1.0,1.0,0.15270975,1.0,0.02328903,-0.6721687244068747,-inf,0.00028444445,0.24551065,1.0,1.0,0.0
Endothelial,Astrocyte,CAMP,FPR2,0.12968315,1.0,0.016816797,-0.48949452938644666,-inf,0.00054443994,0.17711471,1.0,1.0,0.15270975,1.0,0.02328903,-0.6721687244068747,-inf,0.00028444445,0.24551065,1.0,1.0,0.0
Endothelial,Astrocyte,CXCL2,CXCR1,0.12968315,1.0,0.016816797,-0.48949452938644666,-inf,0.00054443994,0.17711471,1.0,1.0,0.15270975,1.0,0.02328903,-0.6721687244068747,-inf,0.00028444445,0.24551065,1.0,1.0,0.0
Astrocyte,Endothelial,CXCL1,CXCR1,0.12968315,1.0,0.016816797,-0.48949452938644666,-inf,0.00054443994,0.17711471,1.0,1.0,0.15270975,1.0,0.02328903,-0.6721687244068747,-inf,0.00028444445,0.24551065,1.0,1.0,0.0
Endothelial,Astrocyte,PPBP,CXCR1,0.12968315,1.0,0.016816797,-0.48949452938644666,-inf,0.00054443994,0.17711471,1.0,1.0,0.15270975,1.0,0.02328903,-0.6721687244068747,-inf,0.00028444445,0.24551065,1.0,1.0,0.0
Endothelial,Astrocyte,PPY,NPY5R,0.12968315,1.0,0.016816797,-0.48949452938644666,-inf,0.00054443994,0.17711471,1.0,1.0,0.15270975,1.0,0.02328903,-0.6721687244068747,-inf,0.00028444445,0.24551065,1.0,1.0,0.0
Endothelial,Astrocyte,CYTL1,CCR2,0.12968315,1.0,0.016816797,-0.48949452938644666,-inf,0.00054443994,0.17711471,1.0,1.0,0.15270975,1.0,0.02328903,-0.6721687244068747,-inf,0.00028444445,0.24551065,1.0,1.0,0.0
Endothelial,Astrocyte,F10,F3,0.12968315,1.0,0.016816797,-0.48949452938644666,-inf,0.00054443994,0.17711471,1.0,1.0,0.15270975,1.0,0.02328903,-0.6721687244068747,-inf,0.00028444445,0.24551065,1.0,1.0,0.0
Endothelial,Astrocyte,FGL1,LAG3,0.12968315,1.0,0.016816797,-0.48949452938644666,-inf,0.00054443994,0.17711471,1.0,1.0,0.15270975,1.0,0.02328903,-0.6721687244068747,-inf,0.00028444445,0.24551065,1.0,1.0,0.0
Endothelial,Astrocyte,GAST,CCKBR,0.12968315,1.0,0.016816797,-0.48949452938644666,-inf,0.00054443994,0.17711471,1.0,1.0,0.15270975,1.0,0.02328903,-0.6721687244068747,-inf,0.00028444445,0.24551065,1.0,1.0,0.0
Endothelial,Endothelial,RLN3,GPR84,0.12968315,1.0,0.016816797,-0.48949452938644666,-inf,0.00054443994,0.17711471,1.0,1.0,0.15270975,1.0,0.02328903,-0.6721687244068747,-inf,0.00028444445,0.24551065,1.0,1.0,0.0
Endothelial,Astrocyte,RLN3,RAMP2,0.12968315,1.0,0.016816797,-0.48949452938644666,-inf,0.00054443994,0.17711471,1.0,1.0,0.15270975,1.0,0.02328903,-0.6721687244068747,-inf,0.00028444445,0.24551065,1.0,1.0,0.0
Endothelial,Astrocyte,SAA1,FPR1,0.12968315,1.0,0.016816797,-0.48949452938644666,-inf,0.00054443994,0.17711471,1.0,1.0,0.15270975,1.0,0.02328903,-0.6721687244068747,-inf,0.00028444445,0.24551065,1.0,1.0,0.0
Endothelial,Microglia,CXCL3,ACKR1,0.12968315,1.0,0.016816797,-0.48949452938644666,-inf,0.00054443994,0.17711471,1.0,1.0,0.15270975,1.0,0.02328903,-0.6721687244068747,-inf,0.00028444445,0.24551065,1.0,1.0,0.0
Endothelial,Microglia,CXCL3,CXCR1,0.12968315,1.0,0.016816797,-0.48949452938644666,-inf,0.00054443994,0.17711471,1.0,1.0,0.15270975,1.0,0.02328903,-0.6721687244068747,-inf,0.00028444445,0.24551065,1.0,1.0,0.0
Endothelial,Microglia,CXCL3,CXCR2,0.12968315,1.0,0.016816797,-0.48949452938644666,-inf,0.00054443994,0.17711471,1.0,1.0,0.15270975,1.0,0.02328903,-0.6721687244068747,-inf,0.00028444445,0.24551065,1.0,1.0,0.0
Endothelial,Microglia,CXCL5,ACKR1,0.12968315,1.0,0.016816797,-0.48949452938644666,-inf,0.00054443994,0.17711471,1.0,1.0,0.15270975,1.0,0.02328903,-0.6721687244068747,-inf,0.00028444445,0.24551065,1.0,1.0,0.0
Endothelial,Microglia,CXCL5,CXCR1,0.12968315,1.0,0.016816797,-0.48949452938644666,-inf,0.00054443994,0.17711471,1.0,1.0,0.15270975,1.0,0.02328903,-0.6721687244068747,-inf,0.00028444445,0.24551065,1.0,1.0,0.0
Endothelial,Microglia,CXCL5,CXCR2,0.12968315,1.0,0.016816797,-0.48949452938644666,-inf,0.00054443994,0.17711471,1.0,1.0,0.15270975,1.0,0.02328903,-0.6721687244068747,-inf,0.00028444445,0.24551065,1.0,1.0,0.0
Endothelial,Microglia,CXCL9,ACKR1,0.12968315,1.0,0.016816797,-0.48949452938644666,-inf,0.00054443994,0.17711471,1.0,1.0,0.15270975,1.0,0.02328903,-0.6721687244068747,-inf,0.00028444445,0.24551065,1.0,1.0,0.0
Endothelial,Microglia,CXCL12,AVPR1A,0.12968315,1.0,0.016816797,-0.48949452938644666,-inf,0.00054443994,0.17711471,1.0,1.0,0.15270975,1.0,0.02328903,-0.6721687244068747,-inf,0.00028444445,0.24551065,1.0,1.0,0.0
Endothelial,Microglia,CXCL9,CCR3,0.12968315,1.0,0.016816797,-0.48949452938644666,-inf,0.00054443994,0.17711471,1.0,1.0,0.15270975,1.0,0.02328903,-0.6721687244068747,-inf,0.00028444445,0.24551065,1.0,1.0,0.0
Endothelial,Microglia,EDN1,EDNRB,0.12968315,1.0,0.016816797,-0.48949452938644666,-inf,0.00054443994,0.17711471,1.0,1.0,0.15270975,1.0,0.02328903,-0.6721687244068747,-inf,0.00028444445,0.24551065,1.0,1.0,0.0
Endothelial,Microglia,F10,F3,0.12968315,1.0,0.016816797,-0.48949452938644666,-inf,0.00054443994,0.17711471,1.0,1.0,0.15270975,1.0,0.02328903,-0.6721687244068747,-inf,0.00028444445,0.24551065,1.0,1.0,0.0
Endothelial,Microglia,FGL1,LAG3,0.12968315,1.0,0.016816797,-0.48949452938644666,-inf,0.00054443994,0.17711471,1.0,1.0,0.15270975,1.0,0.02328903,-0.6721687244068747,-inf,0.00028444445,0.24551065,1.0,1.0,0.0
Endothelial,Microglia,FN1,CD79A,0.12968315,1.0,0.016816797,-0.48949452938644666,-inf,0.00054443994,0.17711471,1.0,1.0,0.15270975,1.0,0.02328903,-0.6721687244068747,-inf,0.00028444445,0.24551065,1.0,1.0,0.0
Endothelial,Microglia,ANXA1,FPR1,0.12968315,1.0,0.016816797,-0.48949452938644666,-inf,0.00054443994,0.17711471,1.0,1.0,0.15270975,1.0,0.02328903,-0.6721687244068747,-inf,0.00028444445,0.24551065,1.0,1.0,0.0
Endothelial,Microglia,ANGPTL4,GPIHBP1,0.12968315,1.0,0.016816797,-0.48949452938644666,-inf,0.00054443994,0.17711471,1.0,1.0,0.15270975,1.0,0.02328903,-0.6721687244068747,-inf,0.00028444445,0.24551065,1.0,1.0,0.0
Endothelial,Endothelial,XCL1,XCR1,0.12968315,1.0,0.016816797,-0.48949452938644666,-inf,0.00054443994,0.17711471,1.0,1.0,0.15270975,1.0,0.02328903,-0.6721687244068747,-inf,0.00028444445,0.24551065,1.0,1.0,0.0
Endothelial,Microglia,APP,FPR2,0.12968315,1.0,0.016816797,-0.48949452938644666,-inf,0.00054443994,0.17711471,1.0,1.0,0.15270975,1.0,0.02328903,-0.6721687244068747,-inf,0.00028444445,0.24551065,1.0,1.0,0.0
Endothelial,Microglia,APOB,LSR,0.12968315,1.0,0.016816797,-0.48949452938644666,-inf,0.00054443994,0.17711471,1.0,1.0,0.15270975,1.0,0.02328903,-0.6721687244068747,-inf,0.00028444445,0.24551065,1.0,1.0,0.0
Endothelial,Endothelial,PTN,PTPRZ1,0.12968315,1.0,0.016816797,-0.48949452938644666,-inf,0.00054443994,0.17711471,1.0,1.0,0.15270975,1.0,0.02328903,-0.6721687244068747,-inf,0.00028444445,0.24551065,1.0,1.0,0.0
Endothelial,Microglia,CXCL2,XCR1,0.12968315,1.0,0.016816797,-0.48949452938644666,-inf,0.00054443994,0.17711471,1.0,1.0,0.15270975,1.0,0.02328903,-0.6721687244068747,-inf,0.00028444445,0.24551065,1.0,1.0,0.0
Endothelial,Astrocyte,S100A4,CCR5,0.12968315,1.0,0.016816797,-0.48949452938644666,-inf,0.00054443994,0.17711471,1.0,1.0,0.15270975,1.0,0.02328903,-0.6721687244068747,-inf,0.00028444445,0.24551065,1.0,1.0,0.0
Endothelial,Microglia,CXCL2,CXCR2,0.12968315,1.0,0.016816797,-0.48949452938644666,-inf,0.00054443994,0.17711471,1.0,1.0,0.15270975,1.0,0.02328903,-0.6721687244068747,-inf,0.00028444445,0.24551065,1.0,1.0,0.0
Endothelial,Microglia,CXCL2,ACKR1,0.12968315,1.0,0.016816797,-0.48949452938644666,-inf,0.00054443994,0.17711471,1.0,1.0,0.15270975,1.0,0.02328903,-0.6721687244068747,-inf,0.00028444445,0.24551065,1.0,1.0,0.0
Endothelial,Astrocyte,PNOC,OPRL1,0.12968315,1.0,0.016816797,-0.48949452938644666,-inf,0.00054443994,0.17711471,1.0,1.0,0.15270975,1.0,0.02328903,-0.6721687244068747,-inf,0.00028444445,0.24551065,1.0,1.0,0.0
Endothelial,Astrocyte,SAA1,FPR2,0.12968315,1.0,0.016816797,-0.48949452938644666,-inf,0.00054443994,0.17711471,1.0,1.0,0.15270975,1.0,0.02328903,-0.6721687244068747,-inf,0.00028444445,0.24551065,1.0,1.0,0.0
Endothelial,Astrocyte,SCT,GPR84,0.12968315,1.0,0.016816797,-0.48949452938644666,-inf,0.00054443994,0.17711471,1.0,1.0,0.15270975,1.0,0.02328903,-0.6721687244068747,-inf,0.00028444445,0.24551065,1.0,1.0,0.0
Endothelial,Astrocyte,NTS,NTSR2,0.12968315,1.0,0.016816797,-0.48949452938644666,-inf,0.00054443994,0.17711471,1.0,1.0,0.15270975,1.0,0.02328903,-0.6721687244068747,-inf,0.00028444445,0.24551065,1.0,1.0,0.0
Endothelial,Astrocyte,SCT,RAMP2,0.12968315,1.0,0.016816797,-0.48949452938644666,-inf,0.00054443994,0.17711471,1.0,1.0,0.15270975,1.0,0.02328903,-0.6721687244068747,-inf,0.00028444445,0.24551065,1.0,1.0,0.0
Endothelial,Astrocyte,TDGF1,ACVR1C,0.12968315,1.0,0.016816797,-0.48949452938644666,-inf,0.00054443994,0.17711471,1.0,1.0,0.15270975,1.0,0.02328903,-0.6721687244068747,-inf,0.00028444445,0.24551065,1.0,1.0,0.0
Endothelial,Astrocyte,THBS1,SDC4,0.12968315,1.0,0.016816797,-0.48949452938644666,-inf,0.00054443994,0.17711471,1.0,1.0,0.15270975,1.0,0.02328903,-0.6721687244068747,-inf,0.00028444445,0.24551065,1.0,1.0,0.0
Endothelial,Astrocyte,TIMP1,CD63,0.12968315,1.0,0.016816797,-0.48949452938644666,-inf,0.00054443994,0.17711471,1.0,1.0,0.15270975,1.0,0.02328903,-0.6721687244068747,-inf,0.00028444445,0.24551065,1.0,1.0,0.0
Endothelial,Astrocyte,TNF,FAS,0.12968315,1.0,0.016816797,-0.48949452938644666,-inf,0.00054443994,0.17711471,1.0,1.0,0.15270975,1.0,0.02328903,-0.6721687244068747,-inf,0.00028444445,0.24551065,1.0,1.0,0.0
Endothelial,Astrocyte,TNF,VSIR,0.12968315,1.0,0.016816797,-0.48949452938644666,-inf,0.00054443994,0.17711471,1.0,1.0,0.15270975,1.0,0.02328903,-0.6721687244068747,-inf,0.00028444445,0.24551065,1.0,1.0,0.0
Endothelial,Astrocyte,XCL1,XCR1,0.12968315,1.0,0.016816797,-0.48949452938644666,-inf,0.00054443994,0.17711471,1.0,1.0,0.15270975,1.0,0.02328903,-0.6721687244068747,-inf,0.00028444445,0.24551065,1.0,1.0,0.0
Endothelial,Astrocyte,CXCL5,CXCR1,0.12968315,1.0,0.016816797,-0.48949452938644666,-inf,0.00054443994,0.17711471,1.0,1.0,0.15270975,1.0,0.02328903,-0.6721687244068747,-inf,0.00028444445,0.24551065,1.0,1.0,0.0
Endothelial,Astrocyte,SNCA,LAG3,0.12968315,1.0,0.016816797,-0.48949452938644666,-inf,0.00054443994,0.17711471,1.0,1.0,0.15270975,1.0,0.02328903,-0.6721687244068747,-inf,0.00028444445,0.24551065,1.0,1.0,0.0
Microglia,Endothelial,PENK,OPRL1,0.12968315,1.0,0.016816797,-0.48949452938644666,-inf,0.00054443994,0.17711471,1.0,1.0,0.15270975,1.0,0.02328903,-0.6721687244068747,-inf,0.00028444445,0.24551065,1.0,1.0,0.0
Microglia,Endothelial,SNCA,LAG3,0.12968315,1.0,0.016816797,-0.48949452938644666,-inf,0.00054443994,0.17711471,1.0,1.0,0.15270975,1.0,0.02328903,-0.6721687244068747,-inf,0.00028444445,0.24551065,1.0,1.0,0.0
Endothelial,Oligodendrocyte,PGLYRP1,TREM1,0.12968315,1.0,0.016816797,-0.48949452938644666,-inf,0.00054443994,0.17711471,1.0,1.0,0.15270975,1.0,0.02328903,-0.6721687244068747,-inf,0.00028444445,0.24551065,1.0,1.0,0.0
Endothelial,Oligodendrocyte,CXCL12,AVPR1A,0.12968315,1.0,0.016816797,-0.48949452938644666,-inf,0.00054443994,0.17711471,1.0,1.0,0.15270975,1.0,0.02328903,-0.6721687244068747,-inf,0.00028444445,0.24551065,1.0,1.0,0.0
Endothelial,Microglia,CCL4,GPR152,0.12968315,1.0,0.016816797,-0.48949452938644666,-inf,0.00054443994,0.17711471,1.0,1.0,0.15270975,1.0,0.02328903,-0.6721687244068747,-inf,0.00028444445,0.24551065,1.0,1.0,0.0
Endothelial,Microglia,CCL5,CCR1,0.12968315,1.0,0.016816797,-0.48949452938644666,-inf,0.00054443994,0.17711471,1.0,1.0,0.15270975,1.0,0.02328903,-0.6721687244068747,-inf,0.00028444445,0.24551065,1.0,1.0,0.0
Endothelial,Microglia,CXCL2,CXCR1,0.12968315,1.0,0.016816797,-0.48949452938644666,-inf,0.00054443994,0.17711471,1.0,1.0,0.15270975,1.0,0.02328903,-0.6721687244068747,-inf,0.00028444445,0.24551065,1.0,1.0,0.0
Endothelial,Microglia,ITIH2,FCER1A,0.12968315,1.0,0.016816797,-0.48949452938644666,-inf,0.00054443994,0.17711471,1.0,1.0,0.15270975,1.0,0.02328903,-0.6721687244068747,-inf,0.00028444445,0.24551065,1.0,1.0,0.0
Microglia,Endothelial,PGLYRP1,TREM1,0.12968315,1.0,0.016816797,-0.48949452938644666,-inf,0.00054443994,0.17711471,1.0,1.0,0.15270975,1.0,0.02328903,-0.6721687244068747,-inf,0.00028444445,0.24551065,1.0,1.0,0.0
Endothelial,Oligodendrocyte,CCL8,ACKR1,0.12968315,1.0,0.016816797,-0.48949452938644666,-inf,0.00054443994,0.17711471,1.0,1.0,0.15270975,1.0,0.02328903,-0.6721687244068747,-inf,0.00028444445,0.24551065,1.0,1.0,0.0
Endothelial,Oligodendrocyte,RLN3,RAMP2,0.12968315,1.0,0.016816797,-0.48949452938644666,-inf,0.00054443994,0.17711471,1.0,1.0,0.15270975,1.0,0.02328903,-0.6721687244068747,-inf,0.00028444445,0.24551065,1.0,1.0,0.0
Endothelial,Oligodendrocyte,S100A4,CCR5,0.12968315,1.0,0.016816797,-0.48949452938644666,-inf,0.00054443994,0.17711471,1.0,1.0,0.15270975,1.0,0.02328903,-0.6721687244068747,-inf,0.00028444445,0.24551065,1.0,1.0,0.0
Endothelial,Pericyte,CCL17,ACKR1,0.12968315,1.0,0.016816797,-0.48949452938644666,-inf,0.00054443994,0.17711471,1.0,1.0,0.15270975,1.0,0.02328903,-0.6721687244068747,-inf,0.00028444445,0.24551065,1.0,1.0,0.0
Endothelial,Oligodendrocyte,SAA1,FPR1,0.12968315,1.0,0.016816797,-0.48949452938644666,-inf,0.00054443994,0.17711471,1.0,1.0,0.15270975,1.0,0.02328903,-0.6721687244068747,-inf,0.00028444445,0.24551065,1.0,1.0,0.0
Endothelial,Oligodendrocyte,SCT,GPR84,0.12968315,1.0,0.016816797,-0.48949452938644666,-inf,0.00054443994,0.17711471,1.0,1.0,0.15270975,1.0,0.02328903,-0.6721687244068747,-inf,0.00028444445,0.24551065,1.0,1.0,0.0
Endothelial,Oligodendrocyte,SCT,RAMP2,0.12968315,1.0,0.016816797,-0.48949452938644666,-inf,0.00054443994,0.17711471,1.0,1.0,0.15270975,1.0,0.02328903,-0.6721687244068747,-inf,0.00028444445,0.24551065,1.0,1.0,0.0
Endothelial,Oligodendrocyte,PPY,NPY5R,0.12968315,1.0,0.016816797,-0.48949452938644666,-inf,0.00054443994,0.17711471,1.0,1.0,0.15270975,1.0,0.02328903,-0.6721687244068747,-inf,0.00028444445,0.24551065,1.0,1.0,0.0
Endothelial,Oligodendrocyte,SELPLG,SELL,0.12968315,1.0,0.016816797,-0.48949452938644666,-inf,0.00054443994,0.17711471,1.0,1.0,0.15270975,1.0,0.02328903,-0.6721687244068747,-inf,0.00028444445,0.24551065,1.0,1.0,0.0
Endothelial,Oligodendrocyte,LPL,GPIHBP1,0.12968315,1.0,0.016816797,-0.48949452938644666,-inf,0.00054443994,0.17711471,1.0,1.0,0.15270975,1.0,0.02328903,-0.6721687244068747,-inf,0.00028444445,0.24551065,1.0,1.0,0.0
Endothelial,Oligodendrocyte,ITIH2,FCER1A,0.12968315,1.0,0.016816797,-0.48949452938644666,-inf,0.00054443994,0.17711471,1.0,1.0,0.15270975,1.0,0.02328903,-0.6721687244068747,-inf,0.00028444445,0.24551065,1.0,1.0,0.0
Endothelial,Oligodendrocyte,CXCL2,XCR1,0.12968315,1.0,0.016816797,-0.48949452938644666,-inf,0.00054443994,0.17711471,1.0,1.0,0.15270975,1.0,0.02328903,-0.6721687244068747,-inf,0.00028444445,0.24551065,1.0,1.0,0.0
Endothelial,Oligodendrocyte,CXCL3,ACKR1,0.12968315,1.0,0.016816797,-0.48949452938644666,-inf,0.00054443994,0.17711471,1.0,1.0,0.15270975,1.0,0.02328903,-0.6721687244068747,-inf,0.00028444445,0.24551065,1.0,1.0,0.0
Endothelial,Oligodendrocyte,CXCL3,CXCR1,0.12968315,1.0,0.016816797,-0.48949452938644666,-inf,0.00054443994,0.17711471,1.0,1.0,0.15270975,1.0,0.02328903,-0.6721687244068747,-inf,0.00028444445,0.24551065,1.0,1.0,0.0
Endothelial,Oligodendrocyte,SAA1,FPR2,0.12968315,1.0,0.016816797,-0.48949452938644666,-inf,0.00054443994,0.17711471,1.0,1.0,0.15270975,1.0,0.02328903,-0.6721687244068747,-inf,0.00028444445,0.24551065,1.0,1.0,0.0
Endothelial,Pericyte,CCL19,CCR7,0.12968315,1.0,0.016816797,-0.48949452938644666,-inf,0.00054443994,0.17711471,1.0,1.0,0.15270975,1.0,0.02328903,-0.6721687244068747,-inf,0.00028444445,0.24551065,1.0,1.0,0.0
Endothelial,Pericyte,CCL2,ACKR1,0.12968315,1.0,0.016816797,-0.48949452938644666,-inf,0.00054443994,0.17711471,1.0,1.0,0.15270975,1.0,0.02328903,-0.6721687244068747,-inf,0.00028444445,0.24551065,1.0,1.0,0.0
Endothelial,Pericyte,CCL2,CCR1,0.12968315,1.0,0.016816797,-0.48949452938644666,-inf,0.00054443994,0.17711471,1.0,1.0,0.15270975,1.0,0.02328903,-0.6721687244068747,-inf,0.00028444445,0.24551065,1.0,1.0,0.0
Endothelial,Oligodendrocyte,TIMP1,CD63,0.12968315,1.0,0.016816797,-0.48949452938644666,-inf,0.00054443994,0.17711471,1.0,1.0,0.15270975,1.0,0.02328903,-0.6721687244068747,-inf,0.00028444445,0.24551065,1.0,1.0,0.0
Endothelial,Oligodendrocyte,TNF,FAS,0.12968315,1.0,0.016816797,-0.48949452938644666,-inf,0.00054443994,0.17711471,1.0,1.0,0.15270975,1.0,0.02328903,-0.6721687244068747,-inf,0.00028444445,0.24551065,1.0,1.0,0.0
Endothelial,Oligodendrocyte,RLN3,GPR84,0.12968315,1.0,0.016816797,-0.48949452938644666,-inf,0.00054443994,0.17711471,1.0,1.0,0.15270975,1.0,0.02328903,-0.6721687244068747,-inf,0.00028444445,0.24551065,1.0,1.0,0.0
Endothelial,Oligodendrocyte,TNF,VSIR,0.12968315,1.0,0.016816797,-0.48949452938644666,-inf,0.00054443994,0.17711471,1.0,1.0,0.15270975,1.0,0.02328903,-0.6721687244068747,-inf,0.00028444445,0.24551065,1.0,1.0,0.0
Endothelial,Oligodendrocyte,RIMS1,SLC17A7,0.12968315,1.0,0.016816797,-0.48949452938644666,-inf,0.00054443994,0.17711471,1.0,1.0,0.15270975,1.0,0.02328903,-0.6721687244068747,-inf,0.00028444445,0.24551065,1.0,1.0,0.0
Endothelial,Oligodendrocyte,PROK2,PROKR1,0.12968315,1.0,0.016816797,-0.48949452938644666,-inf,0.00054443994,0.17711471,1.0,1.0,0.15270975,1.0,0.02328903,-0.6721687244068747,-inf,0.00028444445,0.24551065,1.0,1.0,0.0
Endothelial,Oligodendrocyte,GZMA,F2RL1,0.12968315,1.0,0.016816797,-0.48949452938644666,-inf,0.00054443994,0.17711471,1.0,1.0,0.15270975,1.0,0.02328903,-0.6721687244068747,-inf,0.00028444445,0.24551065,1.0,1.0,0.0
Endothelial,Oligodendrocyte,HDC,HRH3,0.12968315,1.0,0.016816797,-0.48949452938644666,-inf,0.00054443994,0.17711471,1.0,1.0,0.15270975,1.0,0.02328903,-0.6721687244068747,-inf,0.00028444445,0.24551065,1.0,1.0,0.0
Endothelial,Oligodendrocyte,HP,ASGR1,0.12968315,1.0,0.016816797,-0.48949452938644666,-inf,0.00054443994,0.17711471,1.0,1.0,0.15270975,1.0,0.02328903,-0.6721687244068747,-inf,0.00028444445,0.24551065,1.0,1.0,0.0
Endothelial,Oligodendrocyte,HP,CD163,0.12968315,1.0,0.016816797,-0.48949452938644666,-inf,0.00054443994,0.17711471,1.0,1.0,0.15270975,1.0,0.02328903,-0.6721687244068747,-inf,0.00028444445,0.24551065,1.0,1.0,0.0
Endothelial,Oligodendrocyte,HSPA1A,GRIN2D,0.12968315,1.0,0.016816797,-0.48949452938644666,-inf,0.00054443994,0.17711471,1.0,1.0,0.15270975,1.0,0.02328903,-0.6721687244068747,-inf,0.00028444445,0.24551065,1.0,1.0,0.0
Endothelial,Oligodendrocyte,IL34,PTPRZ1,0.12968315,1.0,0.016816797,-0.48949452938644666,-inf,0.00054443994,0.17711471,1.0,1.0,0.15270975,1.0,0.02328903,-0.6721687244068747,-inf,0.00028444445,0.24551065,1.0,1.0,0.0
Endothelial,Oligodendrocyte,IL6,F3,0.12968315,1.0,0.016816797,-0.48949452938644666,-inf,0.00054443994,0.17711471,1.0,1.0,0.15270975,1.0,0.02328903,-0.6721687244068747,-inf,0.00028444445,0.24551065,1.0,1.0,0.0
Endothelial,Oligodendrocyte,IL6,MUSK,0.12968315,1.0,0.016816797,-0.48949452938644666,-inf,0.00054443994,0.17711471,1.0,1.0,0.15270975,1.0,0.02328903,-0.6721687244068747,-inf,0.00028444445,0.24551065,1.0,1.0,0.0
Endothelial,Oligodendrocyte,FGL1,LAG3,0.12968315,1.0,0.016816797,-0.48949452938644666,-inf,0.00054443994,0.17711471,1.0,1.0,0.15270975,1.0,0.02328903,-0.6721687244068747,-inf,0.00028444445,0.24551065,1.0,1.0,0.0
Endothelial,Pericyte,CCL7,CCR3,0.12968315,1.0,0.016816797,-0.48949452938644666,-inf,0.00054443994,0.17711471,1.0,1.0,0.15270975,1.0,0.02328903,-0.6721687244068747,-inf,0.00028444445,0.24551065,1.0,1.0,0.0
Endothelial,Oligodendrocyte,SNCA,LAG3,0.12968315,1.0,0.016816797,-0.48949452938644666,-inf,0.00054443994,0.17711471,1.0,1.0,0.15270975,1.0,0.02328903,-0.6721687244068747,-inf,0.00028444445,0.24551065,1.0,1.0,0.0
Endothelial,Oligodendrocyte,CXCL5,CXCR2,0.12968315,1.0,0.016816797,-0.48949452938644666,-inf,0.00054443994,0.17711471,1.0,1.0,0.15270975,1.0,0.02328903,-0.6721687244068747,-inf,0.00028444445,0.24551065,1.0,1.0,0.0
Endothelial,Oligodendrocyte,CXCL5,CXCR1,0.12968315,1.0,0.016816797,-0.48949452938644666,-inf,0.00054443994,0.17711471,1.0,1.0,0.15270975,1.0,0.02328903,-0.6721687244068747,-inf,0.00028444445,0.24551065,1.0,1.0,0.0
Endothelial,Oligodendrocyte,CXCL5,ACKR1,0.12968315,1.0,0.016816797,-0.48949452938644666,-inf,0.00054443994,0.17711471,1.0,1.0,0.15270975,1.0,0.02328903,-0.6721687244068747,-inf,0.00028444445,0.24551065,1.0,1.0,0.0
Endothelial,Oligodendrocyte,CXCL3,CXCR2,0.12968315,1.0,0.016816797,-0.48949452938644666,-inf,0.00054443994,0.17711471,1.0,1.0,0.15270975,1.0,0.02328903,-0.6721687244068747,-inf,0.00028444445,0.24551065,1.0,1.0,0.0
Endothelial,Oligodendrocyte,PPBP,ACKR1,0.12968315,1.0,0.016816797,-0.48949452938644666,-inf,0.00054443994,0.17711471,1.0,1.0,0.15270975,1.0,0.02328903,-0.6721687244068747,-inf,0.00028444445,0.24551065,1.0,1.0,0.0
Endothelial,Oligodendrocyte,PPBP,CXCR1,0.12968315,1.0,0.016816797,-0.48949452938644666,-inf,0.00054443994,0.17711471,1.0,1.0,0.15270975,1.0,0.02328903,-0.6721687244068747,-inf,0.00028444445,0.24551065,1.0,1.0,0.0
Endothelial,Oligodendrocyte,MFGE8,PDGFRB,0.12968315,1.0,0.016816797,-0.48949452938644666,-inf,0.00054443994,0.17711471,1.0,1.0,0.15270975,1.0,0.02328903,-0.6721687244068747,-inf,0.00028444445,0.24551065,1.0,1.0,0.0
Endothelial,Oligodendrocyte,PPBP,CXCR2,0.12968315,1.0,0.016816797,-0.48949452938644666,-inf,0.00054443994,0.17711471,1.0,1.0,0.15270975,1.0,0.02328903,-0.6721687244068747,-inf,0.00028444445,0.24551065,1.0,1.0,0.0
Endothelial,Oligodendrocyte,PTN,PTPRZ1,0.12968315,1.0,0.016816797,-0.48949452938644666,-inf,0.00054443994,0.17711471,1.0,1.0,0.15270975,1.0,0.02328903,-0.6721687244068747,-inf,0.00028444445,0.24551065,1.0,1.0,0.0
Endothelial,Oligodendrocyte,GAST,GPR152,0.12968315,1.0,0.016816797,-0.48949452938644666,-inf,0.00054443994,0.17711471,1.0,1.0,0.15270975,1.0,0.02328903,-0.6721687244068747,-inf,0.00028444445,0.24551065,1.0,1.0,0.0
Endothelial,Oligodendrocyte,XCL1,XCR1,0.12968315,1.0,0.016816797,-0.48949452938644666,-inf,0.00054443994,0.17711471,1.0,1.0,0.15270975,1.0,0.02328903,-0.6721687244068747,-inf,0.00028444445,0.24551065,1.0,1.0,0.0
Endothelial,Pericyte,ANGPTL4,GPIHBP1,0.12968315,1.0,0.016816797,-0.48949452938644666,-inf,0.00054443994,0.17711471,1.0,1.0,0.15270975,1.0,0.02328903,-0.6721687244068747,-inf,0.00028444445,0.24551065,1.0,1.0,0.0
Endothelial,Pericyte,CCL24,CCR2,0.12968315,1.0,0.016816797,-0.48949452938644666,-inf,0.00054443994,0.17711471,1.0,1.0,0.15270975,1.0,0.02328903,-0.6721687244068747,-inf,0.00028444445,0.24551065,1.0,1.0,0.0
Endothelial,Pericyte,CCL24,CCR3,0.12968315,1.0,0.016816797,-0.48949452938644666,-inf,0.00054443994,0.17711471,1.0,1.0,0.15270975,1.0,0.02328903,-0.6721687244068747,-inf,0.00028444445,0.24551065,1.0,1.0,0.0
Endothelial,Pericyte,CCL28,CCR3,0.12968315,1.0,0.016816797,-0.48949452938644666,-inf,0.00054443994,0.17711471,1.0,1.0,0.15270975,1.0,0.02328903,-0.6721687244068747,-inf,0.00028444445,0.24551065,1.0,1.0,0.0
Endothelial,Pericyte,CCL3,CCR1,0.12968315,1.0,0.016816797,-0.48949452938644666,-inf,0.00054443994,0.17711471,1.0,1.0,0.15270975,1.0,0.02328903,-0.6721687244068747,-inf,0.00028444445,0.24551065,1.0,1.0,0.0
Endothelial,Pericyte,CCL11,CCR5,0.12968315,1.0,0.016816797,-0.48949452938644666,-inf,0.00054443994,0.17711471,1.0,1.0,0.15270975,1.0,0.02328903,-0.6721687244068747,-inf,0.00028444445,0.24551065,1.0,1.0,0.0
Endothelial,Pericyte,CCL3,CCR3,0.12968315,1.0,0.016816797,-0.48949452938644666,-inf,0.00054443994,0.17711471,1.0,1.0,0.15270975,1.0,0.02328903,-0.6721687244068747,-inf,0.00028444445,0.24551065,1.0,1.0,0.0
Endothelial,Pericyte,CCL4,CCR1,0.12968315,1.0,0.016816797,-0.48949452938644666,-inf,0.00054443994,0.17711471,1.0,1.0,0.15270975,1.0,0.02328903,-0.6721687244068747,-inf,0.00028444445,0.24551065,1.0,1.0,0.0
Endothelial,Pericyte,CCL11,ACKR1,0.12968315,1.0,0.016816797,-0.48949452938644666,-inf,0.00054443994,0.17711471,1.0,1.0,0.15270975,1.0,0.02328903,-0.6721687244068747,-inf,0.00028444445,0.24551065,1.0,1.0,0.0
Endothelial,Pericyte,CCL4,CCR3,0.12968315,1.0,0.016816797,-0.48949452938644666,-inf,0.00054443994,0.17711471,1.0,1.0,0.15270975,1.0,0.02328903,-0.6721687244068747,-inf,0.00028444445,0.24551065,1.0,1.0,0.0
Endothelial,Pericyte,CCL4,GPR152,0.12968315,1.0,0.016816797,-0.48949452938644666,-inf,0.00054443994,0.17711471,1.0,1.0,0.15270975,1.0,0.02328903,-0.6721687244068747,-inf,0.00028444445,0.24551065,1.0,1.0,0.0
Endothelial,Pericyte,CCL5,ACKR1,0.12968315,1.0,0.016816797,-0.48949452938644666,-inf,0.00054443994,0.17711471,1.0,1.0,0.15270975,1.0,0.02328903,-0.6721687244068747,-inf,0.00028444445,0.24551065,1.0,1.0,0.0
Endothelial,Pericyte,CCL5,CCR1,0.12968315,1.0,0.016816797,-0.48949452938644666,-inf,0.00054443994,0.17711471,1.0,1.0,0.15270975,1.0,0.02328903,-0.6721687244068747,-inf,0.00028444445,0.24551065,1.0,1.0,0.0
Endothelial,Pericyte,CCL5,CCR3,0.12968315,1.0,0.016816797,-0.48949452938644666,-inf,0.00054443994,0.17711471,1.0,1.0,0.15270975,1.0,0.02328903,-0.6721687244068747,-inf,0.00028444445,0.24551065,1.0,1.0,0.0
Endothelial,Pericyte,CCL5,CCR5,0.12968315,1.0,0.016816797,-0.48949452938644666,-inf,0.00054443994,0.17711471,1.0,1.0,0.15270975,1.0,0.02328903,-0.6721687244068747,-inf,0.00028444445,0.24551065,1.0,1.0,0.0
Endothelial,Pericyte,CCL5,SDC4,0.12968315,1.0,0.016816797,-0.48949452938644666,-inf,0.00054443994,0.17711471,1.0,1.0,0.15270975,1.0,0.02328903,-0.6721687244068747,-inf,0.00028444445,0.24551065,1.0,1.0,0.0
Endothelial,Pericyte,CCL7,ACKR1,0.12968315,1.0,0.016816797,-0.48949452938644666,-inf,0.00054443994,0.17711471,1.0,1.0,0.15270975,1.0,0.02328903,-0.6721687244068747,-inf,0.00028444445,0.24551065,1.0,1.0,0.0
Endothelial,Pericyte,CCL7,CCR1,0.12968315,1.0,0.016816797,-0.48949452938644666,-inf,0.00054443994,0.17711471,1.0,1.0,0.15270975,1.0,0.02328903,-0.6721687244068747,-inf,0.00028444445,0.24551065,1.0,1.0,0.0
Endothelial,Pericyte,CCL3,CCR5,0.12968315,1.0,0.016816797,-0.48949452938644666,-inf,0.00054443994,0.17711471,1.0,1.0,0.15270975,1.0,0.02328903,-0.6721687244068747,-inf,0.00028444445,0.24551065,1.0,1.0,0.0
Endothelial,Oligodendrocyte,CCL8,CCR1,0.12968315,1.0,0.016816797,-0.48949452938644666,-inf,0.00054443994,0.17711471,1.0,1.0,0.15270975,1.0,0.02328903,-0.6721687244068747,-inf,0.00028444445,0.24551065,1.0,1.0,0.0
Endothelial,Pericyte,CCL2,CCR5,0.12968315,1.0,0.016816797,-0.48949452938644666,-inf,0.00054443994,0.17711471,1.0,1.0,0.15270975,1.0,0.02328903,-0.6721687244068747,-inf,0.00028444445,0.24551065,1.0,1.0,0.0
Endothelial,Pericyte,ADM,GPR84,0.12968315,1.0,0.016816797,-0.48949452938644666,-inf,0.00054443994,0.17711471,1.0,1.0,0.15270975,1.0,0.02328903,-0.6721687244068747,-inf,0.00028444445,0.24551065,1.0,1.0,0.0
Endothelial,Pericyte,CCL2,CCR3,0.12968315,1.0,0.016816797,-0.48949452938644666,-inf,0.00054443994,0.17711471,1.0,1.0,0.15270975,1.0,0.02328903,-0.6721687244068747,-inf,0.00028444445,0.24551065,1.0,1.0,0.0
Endothelial,Pericyte,CCL11,CCR3,0.12968315,1.0,0.016816797,-0.48949452938644666,-inf,0.00054443994,0.17711471,1.0,1.0,0.15270975,1.0,0.02328903,-0.6721687244068747,-inf,0.00028444445,0.24551065,1.0,1.0,0.0
Endothelial,Pericyte,ANXA1,FPR1,0.12968315,1.0,0.016816797,-0.48949452938644666,-inf,0.00054443994,0.17711471,1.0,1.0,0.15270975,1.0,0.02328903,-0.6721687244068747,-inf,0.00028444445,0.24551065,1.0,1.0,0.0
Endothelial,Pericyte,APOB,LSR,0.12968315,1.0,0.016816797,-0.48949452938644666,-inf,0.00054443994,0.17711471,1.0,1.0,0.15270975,1.0,0.02328903,-0.6721687244068747,-inf,0.00028444445,0.24551065,1.0,1.0,0.0
Endothelial,Pericyte,APOB,TREM2,0.12968315,1.0,0.016816797,-0.48949452938644666,-inf,0.00054443994,0.17711471,1.0,1.0,0.15270975,1.0,0.02328903,-0.6721687244068747,-inf,0.00028444445,0.24551065,1.0,1.0,0.0
Endothelial,Pericyte,CCL11,CCR2,0.12968315,1.0,0.016816797,-0.48949452938644666,-inf,0.00054443994,0.17711471,1.0,1.0,0.15270975,1.0,0.02328903,-0.6721687244068747,-inf,0.00028444445,0.24551065,1.0,1.0,0.0
Endothelial,Oligodendrocyte,THBS1,SDC4,0.12968315,1.0,0.016816797,-0.48949452938644666,-inf,0.00054443994,0.17711471,1.0,1.0,0.15270975,1.0,0.02328903,-0.6721687244068747,-inf,0.00028444445,0.24551065,1.0,1.0,0.0
Endothelial,Pericyte,APP,FPR2,0.12968315,1.0,0.016816797,-0.48949452938644666,-inf,0.00054443994,0.17711471,1.0,1.0,0.15270975,1.0,0.02328903,-0.6721687244068747,-inf,0.00028444445,0.24551065,1.0,1.0,0.0
Endothelial,Pericyte,B2M,KLRD1,0.12968315,1.0,0.016816797,-0.48949452938644666,-inf,0.00054443994,0.17711471,1.0,1.0,0.15270975,1.0,0.02328903,-0.6721687244068747,-inf,0.00028444445,0.24551065,1.0,1.0,0.0
Endothelial,Pericyte,BMP8A,TGFBR1,0.12968315,1.0,0.016816797,-0.48949452938644666,-inf,0.00054443994,0.17711471,1.0,1.0,0.15270975,1.0,0.02328903,-0.6721687244068747,-inf,0.00028444445,0.24551065,1.0,1.0,0.0
Endothelial,Pericyte,BSG,SLC16A1,0.12968315,1.0,0.016816797,-0.48949452938644666,-inf,0.00054443994,0.17711471,1.0,1.0,0.15270975,1.0,0.02328903,-0.6721687244068747,-inf,0.00028444445,0.24551065,1.0,1.0,0.0
Endothelial,Pericyte,CALCA,GPR84,0.12968315,1.0,0.016816797,-0.48949452938644666,-inf,0.00054443994,0.17711471,1.0,1.0,0.15270975,1.0,0.02328903,-0.6721687244068747,-inf,0.00028444445,0.24551065,1.0,1.0,0.0
Endothelial,Pericyte,CALCB,GPR84,0.12968315,1.0,0.016816797,-0.48949452938644666,-inf,0.00054443994,0.17711471,1.0,1.0,0.15270975,1.0,0.02328903,-0.6721687244068747,-inf,0.00028444445,0.24551065,1.0,1.0,0.0
Endothelial,Pericyte,CALCB,RAMP1,0.12968315,1.0,0.016816797,-0.48949452938644666,-inf,0.00054443994,0.17711471,1.0,1.0,0.15270975,1.0,0.02328903,-0.6721687244068747,-inf,0.00028444445,0.24551065,1.0,1.0,0.0
Endothelial,Pericyte,CALCB,RAMP2,0.12968315,1.0,0.016816797,-0.48949452938644666,-inf,0.00054443994,0.17711471,1.0,1.0,0.15270975,1.0,0.02328903,-0.6721687244068747,-inf,0.00028444445,0.24551065,1.0,1.0,0.0
Endothelial,Pericyte,CAMP,FPR2,0.12968315,1.0,0.016816797,-0.48949452938644666,-inf,0.00054443994,0.17711471,1.0,1.0,0.15270975,1.0,0.02328903,-0.6721687244068747,-inf,0.00028444445,0.24551065,1.0,1.0,0.0
Endothelial,Pericyte,CAMP,IGF1R,0.12968315,1.0,0.016816797,-0.48949452938644666,-inf,0.00054443994,0.17711471,1.0,1.0,0.15270975,1.0,0.02328903,-0.6721687244068747,-inf,0.00028444445,0.24551065,1.0,1.0,0.0
Endothelial,Pericyte,CCL1,ACKR1,0.12968315,1.0,0.016816797,-0.48949452938644666,-inf,0.00054443994,0.17711471,1.0,1.0,0.15270975,1.0,0.02328903,-0.6721687244068747,-inf,0.00028444445,0.24551065,1.0,1.0,0.0
Endothelial,Pericyte,B2M,KLRC2,0.12968315,1.0,0.016816797,-0.48949452938644666,-inf,0.00054443994,0.17711471,1.0,1.0,0.15270975,1.0,0.02328903,-0.6721687244068747,-inf,0.00028444445,0.24551065,1.0,1.0,0.0
Endothelial,Oligodendrocyte,PNOC,OPRL1,0.12968315,1.0,0.016816797,-0.48949452938644666,-inf,0.00054443994,0.17711471,1.0,1.0,0.15270975,1.0,0.02328903,-0.6721687244068747,-inf,0.00028444445,0.24551065,1.0,1.0,0.0
Endothelial,Oligodendrocyte,TDGF1,ACVR1C,0.12968315,1.0,0.016816797,-0.48949452938644666,-inf,0.00054443994,0.17711471,1.0,1.0,0.15270975,1.0,0.02328903,-0.6721687244068747,-inf,0.00028444445,0.24551065,1.0,1.0,0.0
Endothelial,Pericyte,CCL2,CCR2,0.12968315,1.0,0.016816797,-0.48949452938644666,-inf,0.00054443994,0.17711471,1.0,1.0,0.15270975,1.0,0.02328903,-0.6721687244068747,-inf,0.00028444445,0.24551065,1.0,1.0,0.0
Endothelial,Oligodendrocyte,GAST,CCKBR,0.12968315,1.0,0.016816797,-0.48949452938644666,-inf,0.00054443994,0.17711471,1.0,1.0,0.15270975,1.0,0.02328903,-0.6721687244068747,-inf,0.00028444445,0.24551065,1.0,1.0,0.0
Pericyte,Pericyte,XCL1,XCR1,0.12968315,1.0,0.016816797,-0.48949452938644666,-inf,0.00054443994,0.17711471,1.0,1.0,0.15270975,1.0,0.02328903,-0.6721687244068747,-inf,0.00028444445,0.24551065,1.0,1.0,0.0
Endothelial,Oligodendrocyte,F10,F3,0.12968315,1.0,0.016816797,-0.48949452938644666,-inf,0.00054443994,0.17711471,1.0,1.0,0.15270975,1.0,0.02328903,-0.6721687244068747,-inf,0.00028444445,0.24551065,1.0,1.0,0.0
Endothelial,Oligodendrocyte,CCL1,ACKR1,0.12968315,1.0,0.016816797,-0.48949452938644666,-inf,0.00054443994,0.17711471,1.0,1.0,0.15270975,1.0,0.02328903,-0.6721687244068747,-inf,0.00028444445,0.24551065,1.0,1.0,0.0
Endothelial,Oligodendrocyte,CCL7,CCR2,0.12968315,1.0,0.016816797,-0.48949452938644666,-inf,0.00054443994,0.17711471,1.0,1.0,0.15270975,1.0,0.02328903,-0.6721687244068747,-inf,0.00028444445,0.24551065,1.0,1.0,0.0
Endothelial,Microglia,PTN,PTPRZ1,0.12968315,1.0,0.016816797,-0.48949452938644666,-inf,0.00054443994,0.17711471,1.0,1.0,0.15270975,1.0,0.02328903,-0.6721687244068747,-inf,0.00028444445,0.24551065,1.0,1.0,0.0
Endothelial,Oligodendrocyte,CCL5,CCR5,0.12968315,1.0,0.016816797,-0.48949452938644666,-inf,0.00054443994,0.17711471,1.0,1.0,0.15270975,1.0,0.02328903,-0.6721687244068747,-inf,0.00028444445,0.24551065,1.0,1.0,0.0
Endothelial,Oligodendrocyte,CCL11,ACKR1,0.12968315,1.0,0.016816797,-0.48949452938644666,-inf,0.00054443994,0.17711471,1.0,1.0,0.15270975,1.0,0.02328903,-0.6721687244068747,-inf,0.00028444445,0.24551065,1.0,1.0,0.0
Endothelial,Oligodendrocyte,CCL11,CCR2,0.12968315,1.0,0.016816797,-0.48949452938644666,-inf,0.00054443994,0.17711471,1.0,1.0,0.15270975,1.0,0.02328903,-0.6721687244068747,-inf,0.00028444445,0.24551065,1.0,1.0,0.0
Endothelial,Microglia,B2M,KLRD1,0.12968315,1.0,0.016816797,-0.48949452938644666,-inf,0.00054443994,0.17711471,1.0,1.0,0.15270975,1.0,0.02328903,-0.6721687244068747,-inf,0.00028444445,0.24551065,1.0,1.0,0.0
Endothelial,Microglia,BMP8A,TGFBR1,0.12968315,1.0,0.016816797,-0.48949452938644666,-inf,0.00054443994,0.17711471,1.0,1.0,0.15270975,1.0,0.02328903,-0.6721687244068747,-inf,0.00028444445,0.24551065,1.0,1.0,0.0
Endothelial,Microglia,BSG,SLC16A1,0.12968315,1.0,0.016816797,-0.48949452938644666,-inf,0.00054443994,0.17711471,1.0,1.0,0.15270975,1.0,0.02328903,-0.6721687244068747,-inf,0.00028444445,0.24551065,1.0,1.0,0.0
Endothelial,Microglia,CALCA,GPR84,0.12968315,1.0,0.016816797,-0.48949452938644666,-inf,0.00054443994,0.17711471,1.0,1.0,0.15270975,1.0,0.02328903,-0.6721687244068747,-inf,0.00028444445,0.24551065,1.0,1.0,0.0
Endothelial,Microglia,CALCB,GPR84,0.12968315,1.0,0.016816797,-0.48949452938644666,-inf,0.00054443994,0.17711471,1.0,1.0,0.15270975,1.0,0.02328903,-0.6721687244068747,-inf,0.00028444445,0.24551065,1.0,1.0,0.0
Endothelial,Microglia,CALCB,RAMP1,0.12968315,1.0,0.016816797,-0.48949452938644666,-inf,0.00054443994,0.17711471,1.0,1.0,0.15270975,1.0,0.02328903,-0.6721687244068747,-inf,0.00028444445,0.24551065,1.0,1.0,0.0
Endothelial,Microglia,CALCB,RAMP2,0.12968315,1.0,0.016816797,-0.48949452938644666,-inf,0.00054443994,0.17711471,1.0,1.0,0.15270975,1.0,0.02328903,-0.6721687244068747,-inf,0.00028444445,0.24551065,1.0,1.0,0.0
Endothelial,Microglia,CAMP,FPR2,0.12968315,1.0,0.016816797,-0.48949452938644666,-inf,0.00054443994,0.17711471,1.0,1.0,0.15270975,1.0,0.02328903,-0.6721687244068747,-inf,0.00028444445,0.24551065,1.0,1.0,0.0
Endothelial,Microglia,CAMP,IGF1R,0.12968315,1.0,0.016816797,-0.48949452938644666,-inf,0.00054443994,0.17711471,1.0,1.0,0.15270975,1.0,0.02328903,-0.6721687244068747,-inf,0.00028444445,0.24551065,1.0,1.0,0.0
Endothelial,Microglia,IL34,PTPRZ1,0.12968315,1.0,0.016816797,-0.48949452938644666,-inf,0.00054443994,0.17711471,1.0,1.0,0.15270975,1.0,0.02328903,-0.6721687244068747,-inf,0.00028444445,0.24551065,1.0,1.0,0.0
Endothelial,Microglia,CCL1,ACKR1,0.12968315,1.0,0.016816797,-0.48949452938644666,-inf,0.00054443994,0.17711471,1.0,1.0,0.15270975,1.0,0.02328903,-0.6721687244068747,-inf,0.00028444445,0.24551065,1.0,1.0,0.0
Endothelial,Microglia,CCL11,ACKR1,0.12968315,1.0,0.016816797,-0.48949452938644666,-inf,0.00054443994,0.17711471,1.0,1.0,0.15270975,1.0,0.02328903,-0.6721687244068747,-inf,0.00028444445,0.24551065,1.0,1.0,0.0
Endothelial,Microglia,CCL11,CCR3,0.12968315,1.0,0.016816797,-0.48949452938644666,-inf,0.00054443994,0.17711471,1.0,1.0,0.15270975,1.0,0.02328903,-0.6721687244068747,-inf,0.00028444445,0.24551065,1.0,1.0,0.0
Endothelial,Oligodendrocyte,CAMP,IGF1R,0.12968315,1.0,0.016816797,-0.48949452938644666,-inf,0.00054443994,0.17711471,1.0,1.0,0.15270975,1.0,0.02328903,-0.6721687244068747,-inf,0.00028444445,0.24551065,1.0,1.0,0.0
Endothelial,Microglia,CCL11,CCR5,0.12968315,1.0,0.016816797,-0.48949452938644666,-inf,0.00054443994,0.17711471,1.0,1.0,0.15270975,1.0,0.02328903,-0.6721687244068747,-inf,0.00028444445,0.24551065,1.0,1.0,0.0
Endothelial,Oligodendrocyte,CAMP,FPR2,0.12968315,1.0,0.016816797,-0.48949452938644666,-inf,0.00054443994,0.17711471,1.0,1.0,0.15270975,1.0,0.02328903,-0.6721687244068747,-inf,0.00028444445,0.24551065,1.0,1.0,0.0
Endothelial,Microglia,SAA1,FPR1,0.12968315,1.0,0.016816797,-0.48949452938644666,-inf,0.00054443994,0.17711471,1.0,1.0,0.15270975,1.0,0.02328903,-0.6721687244068747,-inf,0.00028444445,0.24551065,1.0,1.0,0.0
Endothelial,Oligodendrocyte,CCL7,CCR5,0.12968315,1.0,0.016816797,-0.48949452938644666,-inf,0.00054443994,0.17711471,1.0,1.0,0.15270975,1.0,0.02328903,-0.6721687244068747,-inf,0.00028444445,0.24551065,1.0,1.0,0.0
Endothelial,Oligodendrocyte,FN1,CD79A,0.12968315,1.0,0.016816797,-0.48949452938644666,-inf,0.00054443994,0.17711471,1.0,1.0,0.15270975,1.0,0.02328903,-0.6721687244068747,-inf,0.00028444445,0.24551065,1.0,1.0,0.0
Endothelial,Oligodendrocyte,CCL7,CCR3,0.12968315,1.0,0.016816797,-0.48949452938644666,-inf,0.00054443994,0.17711471,1.0,1.0,0.15270975,1.0,0.02328903,-0.6721687244068747,-inf,0.00028444445,0.24551065,1.0,1.0,0.0
Endothelial,Microglia,PENK,OPRL1,0.12968315,1.0,0.016816797,-0.48949452938644666,-inf,0.00054443994,0.17711471,1.0,1.0,0.15270975,1.0,0.02328903,-0.6721687244068747,-inf,0.00028444445,0.24551065,1.0,1.0,0.0
Endothelial,Microglia,PF4,ACKR1,0.12968315,1.0,0.016816797,-0.48949452938644666,-inf,0.00054443994,0.17711471,1.0,1.0,0.15270975,1.0,0.02328903,-0.6721687244068747,-inf,0.00028444445,0.24551065,1.0,1.0,0.0
Endothelial,Microglia,PGLYRP1,TREM1,0.12968315,1.0,0.016816797,-0.48949452938644666,-inf,0.00054443994,0.17711471,1.0,1.0,0.15270975,1.0,0.02328903,-0.6721687244068747,-inf,0.00028444445,0.24551065,1.0,1.0,0.0
Endothelial,Microglia,PNOC,OPRL1,0.12968315,1.0,0.016816797,-0.48949452938644666,-inf,0.00054443994,0.17711471,1.0,1.0,0.15270975,1.0,0.02328903,-0.6721687244068747,-inf,0.00028444445,0.24551065,1.0,1.0,0.0
Endothelial,Oligodendrocyte,CALCB,RAMP2,0.12968315,1.0,0.016816797,-0.48949452938644666,-inf,0.00054443994,0.17711471,1.0,1.0,0.15270975,1.0,0.02328903,-0.6721687244068747,-inf,0.00028444445,0.24551065,1.0,1.0,0.0
Endothelial,Microglia,PPBP,ACKR1,0.12968315,1.0,0.016816797,-0.48949452938644666,-inf,0.00054443994,0.17711471,1.0,1.0,0.15270975,1.0,0.02328903,-0.6721687244068747,-inf,0.00028444445,0.24551065,1.0,1.0,0.0
Endothelial,Microglia,PPBP,CXCR2,0.12968315,1.0,0.016816797,-0.48949452938644666,-inf,0.00054443994,0.17711471,1.0,1.0,0.15270975,1.0,0.02328903,-0.6721687244068747,-inf,0.00028444445,0.24551065,1.0,1.0,0.0
Endothelial,Microglia,PPY,NPY5R,0.12968315,1.0,0.016816797,-0.48949452938644666,-inf,0.00054443994,0.17711471,1.0,1.0,0.15270975,1.0,0.02328903,-0.6721687244068747,-inf,0.00028444445,0.24551065,1.0,1.0,0.0
Endothelial,Microglia,PROK2,PROKR1,0.12968315,1.0,0.016816797,-0.48949452938644666,-inf,0.00054443994,0.17711471,1.0,1.0,0.15270975,1.0,0.02328903,-0.6721687244068747,-inf,0.00028444445,0.24551065,1.0,1.0,0.0
Endothelial,Microglia,PSAP,GPR37,0.12968315,1.0,0.016816797,-0.48949452938644666,-inf,0.00054443994,0.17711471,1.0,1.0,0.15270975,1.0,0.02328903,-0.6721687244068747,-inf,0.00028444445,0.24551065,1.0,1.0,0.0
Endothelial,Oligodendrocyte,CCL7,ACKR1,0.12968315,1.0,0.016816797,-0.48949452938644666,-inf,0.00054443994,0.17711471,1.0,1.0,0.15270975,1.0,0.02328903,-0.6721687244068747,-inf,0.00028444445,0.24551065,1.0,1.0,0.0
Endothelial,Microglia,PTN,PTPRB,0.12968315,1.0,0.016816797,-0.48949452938644666,-inf,0.00054443994,0.17711471,1.0,1.0,0.15270975,1.0,0.02328903,-0.6721687244068747,-inf,0.00028444445,0.24551065,1.0,1.0,0.0
Endothelial,Microglia,RIMS1,SLC17A7,0.12968315,1.0,0.016816797,-0.48949452938644666,-inf,0.00054443994,0.17711471,1.0,1.0,0.15270975,1.0,0.02328903,-0.6721687244068747,-inf,0.00028444445,0.24551065,1.0,1.0,0.0
Endothelial,Microglia,RLN3,GPR84,0.12968315,1.0,0.016816797,-0.48949452938644666,-inf,0.00054443994,0.17711471,1.0,1.0,0.15270975,1.0,0.02328903,-0.6721687244068747,-inf,0.00028444445,0.24551065,1.0,1.0,0.0
Endothelial,Microglia,RLN3,RAMP2,0.12968315,1.0,0.016816797,-0.48949452938644666,-inf,0.00054443994,0.17711471,1.0,1.0,0.15270975,1.0,0.02328903,-0.6721687244068747,-inf,0.00028444445,0.24551065,1.0,1.0,0.0
Endothelial,Microglia,S100A4,CCR5,0.12968315,1.0,0.016816797,-0.48949452938644666,-inf,0.00054443994,0.17711471,1.0,1.0,0.15270975,1.0,0.02328903,-0.6721687244068747,-inf,0.00028444445,0.24551065,1.0,1.0,0.0
Endothelial,Microglia,PPBP,CXCR1,0.12968315,1.0,0.016816797,-0.48949452938644666,-inf,0.00054443994,0.17711471,1.0,1.0,0.15270975,1.0,0.02328903,-0.6721687244068747,-inf,0.00028444445,0.24551065,1.0,1.0,0.0
Endothelial,Microglia,CCL17,ACKR1,0.12968315,1.0,0.016816797,-0.48949452938644666,-inf,0.00054443994,0.17711471,1.0,1.0,0.15270975,1.0,0.02328903,-0.6721687244068747,-inf,0.00028444445,0.24551065,1.0,1.0,0.0
Endothelial,Microglia,B2M,KLRC2,0.12968315,1.0,0.016816797,-0.48949452938644666,-inf,0.00054443994,0.17711471,1.0,1.0,0.15270975,1.0,0.02328903,-0.6721687244068747,-inf,0.00028444445,0.24551065,1.0,1.0,0.0
Endothelial,Microglia,CCL2,ACKR1,0.12968315,1.0,0.016816797,-0.48949452938644666,-inf,0.00054443994,0.17711471,1.0,1.0,0.15270975,1.0,0.02328903,-0.6721687244068747,-inf,0.00028444445,0.24551065,1.0,1.0,0.0
Endothelial,Oligodendrocyte,CCL3,CCR1,0.12968315,1.0,0.016816797,-0.48949452938644666,-inf,0.00054443994,0.17711471,1.0,1.0,0.15270975,1.0,0.02328903,-0.6721687244068747,-inf,0.00028444445,0.24551065,1.0,1.0,0.0
Endothelial,Oligodendrocyte,CCL3,CCR3,0.12968315,1.0,0.016816797,-0.48949452938644666,-inf,0.00054443994,0.17711471,1.0,1.0,0.15270975,1.0,0.02328903,-0.6721687244068747,-inf,0.00028444445,0.24551065,1.0,1.0,0.0
Endothelial,Oligodendrocyte,CCL3,CCR5,0.12968315,1.0,0.016816797,-0.48949452938644666,-inf,0.00054443994,0.17711471,1.0,1.0,0.15270975,1.0,0.02328903,-0.6721687244068747,-inf,0.00028444445,0.24551065,1.0,1.0,0.0
Endothelial,Oligodendrocyte,CCL4,CCR1,0.12968315,1.0,0.016816797,-0.48949452938644666,-inf,0.00054443994,0.17711471,1.0,1.0,0.15270975,1.0,0.02328903,-0.6721687244068747,-inf,0.00028444445,0.24551065,1.0,1.0,0.0
Endothelial,Oligodendrocyte,CYTL1,CCR2,0.12968315,1.0,0.016816797,-0.48949452938644666,-inf,0.00054443994,0.17711471,1.0,1.0,0.15270975,1.0,0.02328903,-0.6721687244068747,-inf,0.00028444445,0.24551065,1.0,1.0,0.0
Endothelial,Oligodendrocyte,CCL4,CCR3,0.12968315,1.0,0.016816797,-0.48949452938644666,-inf,0.00054443994,0.17711471,1.0,1.0,0.15270975,1.0,0.02328903,-0.6721687244068747,-inf,0.00028444445,0.24551065,1.0,1.0,0.0
Endothelial,Oligodendrocyte,CCL4,CCR5,0.12968315,1.0,0.016816797,-0.48949452938644666,-inf,0.00054443994,0.17711471,1.0,1.0,0.15270975,1.0,0.02328903,-0.6721687244068747,-inf,0.00028444445,0.24551065,1.0,1.0,0.0
Endothelial,Oligodendrocyte,CCL4,GPR152,0.12968315,1.0,0.016816797,-0.48949452938644666,-inf,0.00054443994,0.17711471,1.0,1.0,0.15270975,1.0,0.02328903,-0.6721687244068747,-inf,0.00028444445,0.24551065,1.0,1.0,0.0
Endothelial,Oligodendrocyte,CCL5,ACKR1,0.12968315,1.0,0.016816797,-0.48949452938644666,-inf,0.00054443994,0.17711471,1.0,1.0,0.15270975,1.0,0.02328903,-0.6721687244068747,-inf,0.00028444445,0.24551065,1.0,1.0,0.0
Endothelial,Oligodendrocyte,CCL5,CCR1,0.12968315,1.0,0.016816797,-0.48949452938644666,-inf,0.00054443994,0.17711471,1.0,1.0,0.15270975,1.0,0.02328903,-0.6721687244068747,-inf,0.00028444445,0.24551065,1.0,1.0,0.0
Endothelial,Oligodendrocyte,CCL5,CCR3,0.12968315,1.0,0.016816797,-0.48949452938644666,-inf,0.00054443994,0.17711471,1.0,1.0,0.15270975,1.0,0.02328903,-0.6721687244068747,-inf,0.00028444445,0.24551065,1.0,1.0,0.0
Endothelial,Oligodendrocyte,CCL28,CCR3,0.12968315,1.0,0.016816797,-0.48949452938644666,-inf,0.00054443994,0.17711471,1.0,1.0,0.15270975,1.0,0.02328903,-0.6721687244068747,-inf,0.00028444445,0.24551065,1.0,1.0,0.0
Endothelial,Pericyte,HP,ASGR1,0.12968315,1.0,0.016816797,-0.48949452938644666,-inf,0.00054443994,0.17711471,1.0,1.0,0.15270975,1.0,0.02328903,-0.6721687244068747,-inf,0.00028444445,0.24551065,1.0,1.0,0.0
Endothelial,Pericyte,HP,CD163,0.12968315,1.0,0.016816797,-0.48949452938644666,-inf,0.00054443994,0.17711471,1.0,1.0,0.15270975,1.0,0.02328903,-0.6721687244068747,-inf,0.00028444445,0.24551065,1.0,1.0,0.0
Endothelial,Microglia,CCL19,CCR7,0.12968315,1.0,0.016816797,-0.48949452938644666,-inf,0.00054443994,0.17711471,1.0,1.0,0.15270975,1.0,0.02328903,-0.6721687244068747,-inf,0.00028444445,0.24551065,1.0,1.0,0.0
Endothelial,Pericyte,HSPA1A,GRIN2D,0.12968315,1.0,0.016816797,-0.48949452938644666,-inf,0.00054443994,0.17711471,1.0,1.0,0.15270975,1.0,0.02328903,-0.6721687244068747,-inf,0.00028444445,0.24551065,1.0,1.0,0.0
Endothelial,Oligodendrocyte,CXCL9,ACKR1,0.12968315,1.0,0.016816797,-0.48949452938644666,-inf,0.00054443994,0.17711471,1.0,1.0,0.15270975,1.0,0.02328903,-0.6721687244068747,-inf,0.00028444445,0.24551065,1.0,1.0,0.0
Endothelial,Oligodendrocyte,CCL24,CCR2,0.12968315,1.0,0.016816797,-0.48949452938644666,-inf,0.00054443994,0.17711471,1.0,1.0,0.15270975,1.0,0.02328903,-0.6721687244068747,-inf,0.00028444445,0.24551065,1.0,1.0,0.0
Endothelial,Microglia,IL6,MUSK,0.12968315,1.0,0.016816797,-0.48949452938644666,-inf,0.00054443994,0.17711471,1.0,1.0,0.15270975,1.0,0.02328903,-0.6721687244068747,-inf,0.00028444445,0.24551065,1.0,1.0,0.0
Endothelial,Oligodendrocyte,CCL5,SDC4,0.12968315,1.0,0.016816797,-0.48949452938644666,-inf,0.00054443994,0.17711471,1.0,1.0,0.15270975,1.0,0.02328903,-0.6721687244068747,-inf,0.00028444445,0.24551065,1.0,1.0,0.0
Endothelial,Oligodendrocyte,CCL11,CCR5,0.12968315,1.0,0.016816797,-0.48949452938644666,-inf,0.00054443994,0.17711471,1.0,1.0,0.15270975,1.0,0.02328903,-0.6721687244068747,-inf,0.00028444445,0.24551065,1.0,1.0,0.0
Endothelial,Microglia,CCL2,CCR2,0.12968315,1.0,0.016816797,-0.48949452938644666,-inf,0.00054443994,0.17711471,1.0,1.0,0.15270975,1.0,0.02328903,-0.6721687244068747,-inf,0.00028444445,0.24551065,1.0,1.0,0.0
Endothelial,Microglia,CCL2,CCR3,0.12968315,1.0,0.016816797,-0.48949452938644666,-inf,0.00054443994,0.17711471,1.0,1.0,0.15270975,1.0,0.02328903,-0.6721687244068747,-inf,0.00028444445,0.24551065,1.0,1.0,0.0
Endothelial,Microglia,CCL24,CCR2,0.12968315,1.0,0.016816797,-0.48949452938644666,-inf,0.00054443994,0.17711471,1.0,1.0,0.15270975,1.0,0.02328903,-0.6721687244068747,-inf,0.00028444445,0.24551065,1.0,1.0,0.0
Endothelial,Microglia,CCL24,CCR3,0.12968315,1.0,0.016816797,-0.48949452938644666,-inf,0.00054443994,0.17711471,1.0,1.0,0.15270975,1.0,0.02328903,-0.6721687244068747,-inf,0.00028444445,0.24551065,1.0,1.0,0.0
Endothelial,Microglia,B2M,KLRC1,0.12968315,1.0,0.016816797,-0.48949452938644666,-inf,0.00054443994,0.17711471,1.0,1.0,0.15270975,1.0,0.02328903,-0.6721687244068747,-inf,0.00028444445,0.24551065,1.0,1.0,0.0
Endothelial,Microglia,CCL3,CCR3,0.12968315,1.0,0.016816797,-0.48949452938644666,-inf,0.00054443994,0.17711471,1.0,1.0,0.15270975,1.0,0.02328903,-0.6721687244068747,-inf,0.00028444445,0.24551065,1.0,1.0,0.0
Endothelial,Microglia,IL6,F3,0.12968315,1.0,0.016816797,-0.48949452938644666,-inf,0.00054443994,0.17711471,1.0,1.0,0.15270975,1.0,0.02328903,-0.6721687244068747,-inf,0.00028444445,0.24551065,1.0,1.0,0.0
Endothelial,Oligodendrocyte,CCL24,CCR3,0.12968315,1.0,0.016816797,-0.48949452938644666,-inf,0.00054443994,0.17711471,1.0,1.0,0.15270975,1.0,0.02328903,-0.6721687244068747,-inf,0.00028444445,0.24551065,1.0,1.0,0.0
Endothelial,Oligodendrocyte,CCL11,CCR3,0.12968315,1.0,0.016816797,-0.48949452938644666,-inf,0.00054443994,0.17711471,1.0,1.0,0.15270975,1.0,0.02328903,-0.6721687244068747,-inf,0.00028444445,0.24551065,1.0,1.0,0.0
Endothelial,Oligodendrocyte,CCL2,CCR5,0.12968315,1.0,0.016816797,-0.48949452938644666,-inf,0.00054443994,0.17711471,1.0,1.0,0.15270975,1.0,0.02328903,-0.6721687244068747,-inf,0.00028444445,0.24551065,1.0,1.0,0.0
Endothelial,Oligodendrocyte,CXCL9,CCR3,0.12968315,1.0,0.016816797,-0.48949452938644666,-inf,0.00054443994,0.17711471,1.0,1.0,0.15270975,1.0,0.02328903,-0.6721687244068747,-inf,0.00028444445,0.24551065,1.0,1.0,0.0
Endothelial,Oligodendrocyte,LGALS3,LAG3,0.12968315,1.0,0.016816797,-0.48949452938644666,-inf,0.00054443994,0.17711471,1.0,1.0,0.15270975,1.0,0.02328903,-0.6721687244068747,-inf,0.00028444445,0.24551065,1.0,1.0,0.0
Endothelial,Oligodendrocyte,CCL17,ACKR1,0.12968315,1.0,0.016816797,-0.48949452938644666,-inf,0.00054443994,0.17711471,1.0,1.0,0.15270975,1.0,0.02328903,-0.6721687244068747,-inf,0.00028444445,0.24551065,1.0,1.0,0.0
Endothelial,Oligodendrocyte,CCL19,CCR7,0.12968315,1.0,0.016816797,-0.48949452938644666,-inf,0.00054443994,0.17711471,1.0,1.0,0.15270975,1.0,0.02328903,-0.6721687244068747,-inf,0.00028444445,0.24551065,1.0,1.0,0.0
Endothelial,Oligodendrocyte,CCL2,ACKR1,0.12968315,1.0,0.016816797,-0.48949452938644666,-inf,0.00054443994,0.17711471,1.0,1.0,0.15270975,1.0,0.02328903,-0.6721687244068747,-inf,0.00028444445,0.24551065,1.0,1.0,0.0
Endothelial,Oligodendrocyte,CCL2,CCR1,0.12968315,1.0,0.016816797,-0.48949452938644666,-inf,0.00054443994,0.17711471,1.0,1.0,0.15270975,1.0,0.02328903,-0.6721687244068747,-inf,0.00028444445,0.24551065,1.0,1.0,0.0
Endothelial,Oligodendrocyte,EDN1,EDNRB,0.12968315,1.0,0.016816797,-0.48949452938644666,-inf,0.00054443994,0.17711471,1.0,1.0,0.15270975,1.0,0.02328903,-0.6721687244068747,-inf,0.00028444445,0.24551065,1.0,1.0,0.0
Endothelial,Oligodendrocyte,CCL2,CCR2,0.12968315,1.0,0.016816797,-0.48949452938644666,-inf,0.00054443994,0.17711471,1.0,1.0,0.15270975,1.0,0.02328903,-0.6721687244068747,-inf,0.00028444445,0.24551065,1.0,1.0,0.0
Endothelial,Oligodendrocyte,CCL2,CCR3,0.12968315,1.0,0.016816797,-0.48949452938644666,-inf,0.00054443994,0.17711471,1.0,1.0,0.15270975,1.0,0.02328903,-0.6721687244068747,-inf,0.00028444445,0.24551065,1.0,1.0,0.0
Microglia,Astrocyte,APOE,TREM2,14.76617,0.0,16.1445,-0.014498038903602184,93.60125604828393,0.031966094,0.8696037,0.0014228654585679013,0.001285632022260189,17.381205,0.0,17.131142,-0.03962006303877888,inf,0.021586796,0.898223,0.00016855861597855085,0.0011404390083282936,0.0001451930139318954
Endothelial,Endothelial,BSG,SLC16A1,16.333448,0.0,21.726463,0.4957856063195547,97.65040634851411,0.28235507,0.8855362,4.252623927120245e-05,0.0004529535573726859,23.207428,0.0,36.316463,0.46352053196863047,59.537256825797485,0.30982617,0.9277963,5.594583041143893e-06,0.00026188955394624414,0.00019106400342644176
Microglia,Astrocyte,APOE,LSR,14.599821,0.0,6.5045342,-0.06909201573460927,101.23638860538712,0.03571979,0.80890626,0.002956824563045877,0.0078220181217311,17.224026,0.0,6.360579,-0.06375922090354946,inf,0.03538451,0.8432016,0.0001527057868323225,0.007168478725625822,0.0006535393961052769
Astrocyte,Astrocyte,S100A8,CD68,8.0415945,0.0,21.10205,0.07836401243970356,inf,0.15502955,0.88405,0.0006194764555744552,0.0022794242153663683,20.601667,0.0,15.560864,0.104541795286267,inf,0.104913905,0.8937437,4.5175565083893984e-05,0.0015695324038449763,0.000709891811521392
Microglia,Microglia,S100A8,CD68,2.9979982,0.061,1.711891,0.47660480510637193,-inf,0.012576679,0.6847027,0.08300199110010793,0.05933370539962877,1.4393842,0.999,0.7619709,0.5107363761993555,-inf,0.005137333,0.6505056,0.020075783920790694,0.05860629014258074,0.0007274152570480308
Oligodendrocyte,Endothelial,APOE,LSR,5.7097845,1.0,13.108534,0.18523124341148756,-331.7294355956096,0.071985796,0.8573315,0.1391553549208523,0.004733045765020224,7.409717,0.997,14.22365,0.15062522624643596,-inf,0.07912753,0.8894012,0.006719725652673824,0.003959838232193088,0.0007732075328271363
Astrocyte,Astrocyte,PSAP,GPR37L1,5.1231365,0.0,16.519077,0.6367177160644242,50.97804277103237,0.21210647,0.8708986,4.252623927120245e-05,0.00829095792189858,5.688133,0.0,21.64927,1.253225167310955,15.769348606728794,0.30087304,0.90843475,4.371082049422696e-06,0.007415322228170318,0.0008756356937282619
Astrocyte,Oligodendrocyte,APOE,TREM2,19.530632,0.0,14.346347,0.0661710851198225,-113.254411264153,0.02840575,0.8627614,0.006906102842269996,0.0015857778542306697,24.794092,0.0,23.916431,0.11160788284135459,-inf,0.03013688,0.9124935,0.005474758041373714,0.0006996445148195607,0.000886133339411109
Astrocyte,Endothelial,APOE,TREM2,19.505728,0.0,12.419155,0.05626284620149219,-100.61852105252002,0.024589911,0.85399556,0.005144971409192129,0.0021551935194643696,24.723299,0.0,16.96442,0.08819439345038596,-inf,0.021376712,0.8977751,0.008004210238661495,0.00124135373591018,0.0009138397835541897
Oligodendrocyte,Microglia,APOE,TREM2,7.115569,1.0,41.575348,0.4631219117732596,-334.05783797757675,0.08231914,0.9145439,0.07298957467496296,0.00339690722827128,9.598085,0.797,74.569336,0.5604415281622261,-inf,0.09396414,0.94848776,0.005146600538180596,0.002339961321133415,0.001056945907137865
Astrocyte,Microglia,S100A8,CD68,10.168706,0.0,83.39232,0.6514272824205376,inf,0.61265486,0.9381064,4.252623927120245e-05,0.0014822642166130448,21.70301,0.0,105.47928,0.7759505345832998,inf,0.71115863,0.95633006,4.371082049422696e-06,0.00036553918260414167,0.0011167250340089032
Microglia,Endothelial,APOE,TREM2,14.648071,0.0,9.300661,-0.06148697391249014,104.17994051295794,0.018415298,0.8350311,0.00262144,0.003710506452659394,17.303955,0.0,11.837656,-0.0651692797551838,inf,0.014916522,0.8800421,0.00022870129823721324,0.0024831035598036734,0.0012274028928557206
Astrocyte,Pericyte,APOE,TREM2,19.487925,0.0,11.041498,0.049178012761867756,-113.36516230541159,0.021862153,0.8465117,0.0069675583288700054,0.0028107326455920826,24.710619,0.0,15.719336,0.08400111568839116,-inf,0.019807791,0.89422387,0.009196864620153412,0.001455904600627409,0.0013548280449646737
Microglia,Microglia,APP,CD74,2.7908003,1.0,4.472779,-0.17779491557481153,-inf,0.01660507,0.77828056,0.6692092886328305,0.04549165032516474,1.7197481,0.995,1.1877079,-0.2902268728842023,-255.0092923681144,0.00515407,0.69913834,0.0008124575126180621,0.044088574094206745,0.001403076230957992
Astrocyte,Astrocyte,APOE,LSR,19.457478,0.0,8.685492,0.04865780437937306,-103.56207296009084,0.04769656,0.83026356,0.005601469168780396,0.004733045765020224,24.64337,0.0,9.115279,0.0896044523020203,-inf,0.050709166,0.86554873,0.0035347516725261464,0.003261717901866558,0.0014713278631536663
Microglia,Astrocyte,PSAP,GPR37L1,4.5379324,0.0,14.173286,0.5346913473469502,-40.60740205231468,0.18198629,0.86204123,0.001281426550430911,0.01281340345975122,4.4191422,0.0,15.5170145,0.9858937114061262,3.8872364990754384,0.21564938,0.8936097,1.191215745451003e-05,0.011298905587125214,0.0015144978726260062
Endothelial,Microglia,SPARC,ENG,4.332918,0.0,2.348367,-0.012730271679036231,-39.63069791385581,0.030142996,0.7177907,0.0013684080640000004,0.0372328347812902,2.7393873,1.0,1.513564,-0.24987202108561177,-37.76163705010549,0.025220009,0.7240057,0.02139486145076688,0.03567778710534523,0.0015550476759449705
Microglia,Oligodendrocyte,APOE,TREM2,14.6729765,0.0,10.743928,-0.051578734994159825,91.54405030132496,0.021272967,0.84472847,0.0021855648086425844,0.0029521403407458463,17.374748,0.0,16.688723,-0.04175579036421517,inf,0.021029307,0.8970208,0.00018123473998045441,0.001346510223325219,0.0016056301174206273
Pericyte,Pericyte,MFGE8,PDGFRB,3.1491272,0.0,6.074755,1.715031476654313,4.538172508105712,0.5254759,0.8035671,5.7106100766444334e-05,0.02845323204788285,3.0280604,0.0,5.0008645,1.9373315591907856,-7.065939954560206,0.4701652,0.8266389,2.7169318366204727e-05,0.026710318550074233,0.001742913497808616
Astrocyte,Oligodendrocyte,PSAP,GPR37,5.1426206,0.0,16.840256,2.1458216075865564,51.114277281362234,0.27238563,0.87197727,4.252623927120245e-05,0.008054817704946385,6.696826,0.0,39.725197,3.5095447535286395,14.41858443271266,0.3229618,0.93074423,4.371082049422696e-06,0.006222116561391482,0.0018327011435549032
Microglia,Pericyte,APOE,LSR,14.584389,0.0,5.610263,-0.08301430208576932,101.53961969959805,0.030808879,0.7972134,0.003186376704000001,0.00977777878608971,17.21626,0.0,5.828452,-0.07158002436712521,inf,0.032424234,0.8373391,0.0001644848799098134,0.0079212816721217,0.001856497113968009
Astrocyte,Endothelial,S100A8,CD68,7.5247493,0.0,5.966754,-0.06087174045812441,inf,0.043835703,0.8021475,0.002450998057086419,0.008530436622735409,20.491447,0.0,6.5621057,0.037349524494558556,inf,0.044242796,0.8452526,0.00010300245439200578,0.00645254626875176,0.0020778903539836486
Astrocyte,Microglia,S100A9,CD68,6.9397964,0.0,46.61231,0.665427288704602,inf,0.6075428,0.918908,3.754666666666667e-05,0.003710506452659394,12.463755,0.0,57.733135,0.7797787429434405,inf,0.71061474,0.94186544,4.371082049422696e-06,0.0015695324038449763,0.0021409740488144177
Pericyte,Microglia,APP,CD74,2.82025,1.0,4.744407,-0.16222613402567987,-inf,0.017613484,0.78332555,0.6612212370511128,0.043353549372417956,2.0395243,0.389,3.138404,-0.13426275938821494,-251.79915228231897,0.013619134,0.79068226,0.00043470909385927563,0.04119123160063475,0.0021623177717832037
Endothelial,Oligodendrocyte,BSG,SLC16A1,16.12977,0.0,8.695997,0.2781719718728522,91.02697863971669,0.11301235,0.83034873,4.4576229233348566e-05,0.004554126218260977,22.945917,0.0,12.456785,0.233993794986811,48.47577512612084,0.10627241,0.88270706,2.1492150210858383e-05,0.0022010226278875535,0.002353103590373424
Microglia,Pericyte,APOE,TREM2,14.630267,0.0,8.268939,-0.06857180735211457,91.43329926006638,0.01637249,0.8267723,0.003186376704000001,0.00510105608795929,17.291275,0.0,10.968844,-0.0693625575171786,inf,0.013821741,0.8759599,0.00025008627851281085,0.0026304450752532896,0.002470611012706
Astrocyte,Pericyte,APOE,LSR,19.442045,0.0,7.4913735,0.03473551802821301,-103.25884186587992,0.041139036,0.81958604,0.005446062161106524,0.006708238531754611,24.635605,0.0,8.352694,0.08178364883844455,-inf,0.04646683,0.86038333,0.004059150112066434,0.004144780424785821,0.00256345810696879
Astrocyte,Oligodendrocyte,S100A8,CD68,7.590447,0.0,7.8906465,-0.04317479496341253,inf,0.057969887,0.8233932,0.0019656633805822275,0.00567844996763113,20.530077,0.0,9.715968,0.06089855123592941,inf,0.06550666,0.869219,8.951332865830228e-05,0.0030976219815982316,0.0025808279860328985
Pericyte,Microglia,APOE,TREM2,5.0016303,1.0,24.214607,0.411878166217986,-276.5448171710168,0.047944892,0.8909175,0.14576428735001928,0.009268862969925878,6.3990927,1.0,39.96681,0.49431476013608505,-inf,0.050361812,0.93093944,0.06287950680246092,0.006687086477271507,0.0025817764926543713
Astrocyte,Microglia,APP,CD74,2.9076242,1.0,5.550301,-0.11602298982137094,-inf,0.02060534,0.7963434,0.5907080018289895,0.042302781090066355,2.0736728,0.302,3.3467166,-0.11760685302910387,-213.934697174483,0.01452311,0.79595065,0.0004096965298285114,0.03949770925705305,0.0028050718330133034
Pericyte,Oligodendrocyte,COL3A1,MAG,7.8864737,0.0,4.87996,2.4505067906113296,110.0614564525969,0.8849091,0.7857067,4.737931881115684e-06,0.013109133477781518,8.3853035,0.0,4.913483,3.6310386937088754,39.49582589680495,0.8868877,0.8253721,4.371082049422696e-06,0.010108141570678091,0.003000991907103427
Endothelial,Microglia,APOE,TREM2,4.9785814,1.0,24.025318,0.4113194663128464,-218.20502514687772,0.0475701,0.8905356,0.1375955687190848,0.009521660028677985,6.628559,1.0,42.44888,0.4990565454933933,-inf,0.053489447,0.93285125,0.057385549901416644,0.00645254626875176,0.0030691137599262244
Astrocyte,Microglia,LGALS3,ENG,2.5780444,0.0,1.3654934,-0.04078002409617171,-48.291025306777115,0.039872166,0.6598054,0.0019191408639999995,0.07420019787496222,1.0299177,0.0,0.5159142,0.13340132764742235,25.258755660802386,0.0891002,0.60498464,3.537264044584904e-05,0.07057150635841763,0.003628691516544588
Oligodendrocyte,Astrocyte,APOE,TREM2,5.3410344,1.0,5.6414266,-0.24296403845196063,-343.8993198931984,0.0111700175,0.79766077,0.1603189740757462,0.009521660028677985,7.1439114,1.0,6.893887,-0.2512394172005211,-inf,0.008686925,0.84845096,0.2664221679570331,0.005555525293102178,0.0039661347355758065
Microglia,Oligodendrocyte,PSAP,GPR37,4.5574164,0.0,14.448855,2.0437952388690825,-40.471167541984826,0.2337055,0.86318237,0.0012641975308641975,0.011945923587469896,5.4278355,0.0,28.472855,3.2422132976238105,2.5364723250593046,0.2314814,0.91920996,1.5748459660863584e-05,0.007666258291432988,0.004279665296036908
Pericyte,Oligodendrocyte,SPARC,ENG,4.0259275,0.0,2.5870302,-0.0445695101231256,26.67653975099794,0.03320641,0.7274899,0.001989239289679013,0.03386740920520238,2.984639,0.84,1.8525364,-0.1844141552389426,-15.917042245105488,0.030868193,0.7437332,0.00033691008395686614,0.02956167150513289,0.0043057377000694855
Astrocyte,Astrocyte,LGALS3,ENG,2.5688155,0.0,1.2754929,-0.04668600909121723,-47.94178667052499,0.037244167,0.65211195,0.002013026640338973,0.08185281625770399,1.0019447,0.0,0.4169997,0.11303145842704165,24.632435545940105,0.07201731,0.5792878,4.075368890089411e-05,0.07732276315091297,0.004530053106791027
Astrocyte,Pericyte,S100A8,CD68,7.4936223,0.0,5.0552316,-0.06925907819102592,inf,0.037139058,0.7886623,0.0029888331978271602,0.012520954721676962,20.490223,0.0,6.462097,0.03660242278138354,inf,0.043568525,0.8442455,0.000105873431068333,0.0069257320524445404,0.005595222669232422
Oligodendrocyte,Endothelial,APP,CD74,3.263079,0.988,4.518906,1.0244559316982054,-inf,0.016776316,0.7791645,0.06383189560842066,0.02509527548512537,4.4000616,0.0,2.762168,1.6246948103472174,-433.1157145113722,0.011986454,0.7799189,0.0005070158071613586,0.01938958267757402,0.0057056928075513505
Pericyte,Astrocyte,SPARC,ENG,3.9890916,0.0,2.0185342,-0.06813909316851957,25.738853921492794,0.025909351,0.70221233,0.0028006204807901228,0.04657894138814583,2.9383597,0.977,1.3304259,-0.21811442360485905,-16.081470362635187,0.022168439,0.7109362,0.0004618547192894715,0.040622978811321125,0.005955962576824701
Astrocyte,Endothelial,BSG,SLC16A1,4.9580812,1.0,6.2738595,-0.02765290318214539,-109.93388103451815,0.08153449,0.8061,0.10845322447843517,0.00977777878608971,8.20567,1.0,12.431085,-0.12498099015075537,-47.00495381296146,0.10605315,0.88260007,0.009041858496658622,0.003261717901866558,0.006516060884223152
Astrocyte,Astrocyte,S100A9,CD68,4.8126855,0.0,11.795034,0.09236401872376795,inf,0.15373595,0.85075164,0.0005264996528675508,0.010299966538557982,11.3624115,0.0,8.517099,0.10837000364640773,inf,0.10483367,0.86155,4.366354688080985e-05,0.003779056189513546,0.006520910349044435
Pericyte,Endothelial,APOE,LSR,3.5958457,1.0,7.6347647,0.13398749785621397,-274.2164147890496,0.041926473,0.8209835,0.14410741226982343,0.0204396240213726,4.210724,1.0,7.623427,0.08449845822029485,-inf,0.042409856,0.85480535,0.08713530204507165,0.013537838530443328,0.0069017854909292735
Astrocyte,Oligodendrocyte,S100A9,CD68,4.3615375,0.0,4.4104934,-0.02917478867934814,inf,0.057486176,0.77706826,0.001741258954427678,0.01657800469553738,11.290821,0.0,5.317948,0.06472675959607013,inf,0.065456554,0.8309998,8.450684930489403e-05,0.00871084073671093,0.007867163958826452
Pericyte,Astrocyte,APOE,TREM2,3.2270954,1.0,3.2857194,-0.29420778400723424,-286.3862990866385,0.0065057203,0.75053394,0.15806716164518336,0.026330798036412632,3.9449182,1.0,3.6949058,-0.31736618522666227,-inf,0.004655917,0.80387056,0.3010335327794291,0.018215127889098917,0.008115670147313715
Endothelial,Astrocyte,BSG,SLC16A1,16.067596,0.0,4.718414,0.21174820408687353,90.65351925663286,0.061320055,0.78285897,0.00011851198464624294,0.01401599938201905,22.88488,0.0,6.8879676,0.18042456151341635,48.45274478260893,0.058763232,0.84839576,2.9417043691174075e-05,0.005773601364196374,0.008242398017822675
Pericyte,Microglia,SPARC,ENG,3.9983206,0.0,2.1609647,-0.06223310817347405,25.389615285240666,0.02773755,0.7092917,0.0025636694341569888,0.041781984044532074,2.9663327,0.927,1.6460097,-0.19774455438447835,-15.455150247772904,0.027426908,0.7323077,0.00036541626148986467,0.032043336420748726,0.009738647623783347
Endothelial,Endothelial,APOE,LSR,3.5727968,1.0,7.5750823,0.13342879795107432,-215.87662276491054,0.041598726,0.82040614,0.1359964006345171,0.020810007662286488,4.440191,1.0,8.096868,0.08924024357760313,-inf,0.045043647,0.85850453,0.08454843742620503,0.010995154711820799,0.00981485295046569
Pericyte,Endothelial,BSG,SLC16A1,3.688965,1.0,4.549858,-0.08604054615715304,-88.36789678331192,0.059129525,0.77975124,0.07549296992146554,0.018635922604172267,4.855809,1.0,7.09753,-0.25639422787587934,-49.487673221670136,0.060551066,0.85031307,0.022212430002955575,0.00844357815349653,0.010192344450675737
Astrocyte,Endothelial,S100A9,CD68,4.29584,0.0,3.3351295,-0.046871734174060015,inf,0.043469932,0.7519286,0.00203702669301387,0.025915791626821748,11.2521925,0.0,3.5917094,0.04117773285469928,inf,0.044208955,0.8016279,9.743606003382671e-05,0.015257250953245857,0.01065854067357589
Endothelial,Astrocyte,APOE,TREM2,3.2040465,1.0,3.2600343,-0.29476648391237387,-228.04650706249936,0.006454864,0.74979854,0.15892757391860998,0.02717030564479067,4.174385,1.0,3.9243717,-0.312624399869354,-inf,0.0049450654,0.80857676,0.2966151733923388,0.01455751137557372,0.012612794269216951
Oligodendrocyte,Endothelial,BSG,SLC16A1,3.495712,1.0,4.2873383,-0.09493221162817897,-128.79454718976925,0.05571784,0.77460563,0.12436643763723118,0.021940399538960112,4.836236,1.0,7.066366,-0.257162157845366,-70.90442094984328,0.0602852,0.8500328,0.022489351521319423,0.00871084073671093,0.013229558802249183
Pericyte,Astrocyte,PTN,SDC4,2.9369266,0.0,5.452832,0.44092712088850644,-31.2918340783982,0.11635805,0.7949029,0.0010707118665959049,0.04074956248610895,2.9886212,0.0,3.2873363,0.7441128032159274,-49.9195372521563,0.14118053,0.794493,0.0001728773568546139,0.02717591380789331,0.013573648678215637
Microglia,Endothelial,BSG,SLC16A1,2.9882169,1.0,3.597943,-0.11827898997979894,-123.87651334264604,0.046758525,0.7589352,0.12211690853868312,0.038222226116392435,3.182647,1.0,4.4335685,-0.3220303325705615,-50.68193784712422,0.037824046,0.81784105,0.027225909430781896,0.024440361813658537,0.013781864302733898
Astrocyte,Pericyte,S100A9,CD68,4.264713,0.0,2.825632,-0.05525907190696153,inf,0.036829162,0.73614657,0.0022890058081975312,0.02976449267185044,11.250967,0.0,3.5369709,0.04043063114152426,inf,0.043535203,0.80040395,0.00010019026674068676,0.01561309524042238,0.01415139743142806
Oligodendrocyte,Oligodendrocyte,APP,CD74,3.336215,0.615,5.35832,1.0266980133500667,-inf,0.019892618,0.793474,0.05451665879920256,0.02388831116549408,4.5904064,0.0,5.988203,1.6326166938887705,-376.77290267093474,0.025985865,0.8391721,0.0004608498363392775,0.00953704173367544,0.01435126943181864
Microglia,Endothelial,SELPLG,ESAM,3.3645673,0.0,11.24335,0.7740305131880325,9.126918340245222,0.36163494,0.8476849,4.252623927120245e-05,0.02309957720287769,5.4153113,0.0,21.816751,0.8885247167890951,16.143984779593783,0.4084373,0.90875477,4.371082049422696e-06,0.0079212816721217,0.01517829553075599
Oligodendrocyte,Oligodendrocyte,APOE,LSR,5.1652284,1.0,2.0813913,-0.30609062564977113,-335.84738656979073,0.011430006,0.7054086,0.1676888888888889,0.04441650827233895,6.9612556,1.0,1.857031,-0.3010380768328293,-inf,0.010330841,0.7439641,0.294415722775052,0.02907683000674921,0.01533967826558974
Pericyte,Pericyte,PTN,SDC4,2.7964694,0.0,4.1274405,0.3713255496470666,-66.25319568270892,0.088075496,0.7712703,0.00262144,0.04495256359808097,2.8647375,0.0,1.958202,0.5138229266416046,-48.808798701960676,0.08409847,0.7489836,0.00016449700168254358,0.02956167150513289,0.015390892092948076
Oligodendrocyte,Oligodendrocyte,APOE,TREM2,5.2478414,1.0,3.7542865,-0.28004473454251827,-345.9565256401574,0.0074334834,0.76280475,0.16208711160788228,0.022323598961897114,7.137455,1.0,6.7158494,-0.25337514452595744,-inf,0.008462581,0.8467611,0.26853551616367927,0.005995799876507822,0.016327799085389293
Oligodendrocyte,Astrocyte,APOE,LSR,5.1746855,1.0,2.272901,-0.2975580152829677,-336.26418733609523,0.012481684,0.7144708,0.16414999365132873,0.038222226116392435,6.986734,1.0,2.5596142,-0.27537857506529173,-inf,0.014239378,0.77331305,0.2770560804412565,0.021844608574935663,0.016377617541456772
Oligodendrocyte,Endothelial,APOE,TREM2,5.222936,1.0,3.2499611,-0.2899529734608486,-333.3206354285244,0.006434919,0.7495081,0.1563548771094358,0.02717030564479067,7.0666623,1.0,4.763691,-0.27678863391692604,-inf,0.0060026837,0.82312965,0.279202920255782,0.010695440904881448,0.016474864739909223
Oligodendrocyte,Pericyte,APOE,TREM2,5.2051325,1.0,2.889443,-0.297037806900473,-346.06727668141593,0.0057210936,0.7383096,0.16297561527387142,0.029324265662989492,7.053983,1.0,4.414065,-0.28098191167892084,-inf,0.0055621234,0.8175124,0.28351650684920154,0.011918499088569293,0.0174057665744202
Pericyte,Endothelial,PTN,PTPRB,2.8158286,0.0,4.3101177,0.5814427560326607,-41.51749649948296,0.24607034,0.77506787,0.0012988310761592394,0.043883505480876724,3.2299066,0.0,5.876056,0.4894533634290152,-40.83482296151776,0.16864313,0.8378923,0.0001204272910821709,0.023124952280005294,0.02075855320087143
Endothelial,Microglia,S100A8,CD68,2.9550338,0.016,1.2224895,0.4755572741541682,-inf,0.008981213,0.6472822,0.10743997179388018,0.08400000241398813,1.425194,1.0,0.6886392,0.5105506886283117,-inf,0.0046429187,0.63891697,0.26853551616367927,0.06201771657722842,0.021982285836759707
Astrocyte,Endothelial,SELPLG,ESAM,2.1936493,0.0,2.7144027,0.2886779784279722,4.780162667123807,0.08730698,0.73222786,5.0678365416364185e-05,0.06496658819652328,1.76541,1.0,2.289165,0.07287822689580603,-8.700371013026132,0.04285608,0.7633762,0.004533112083194911,0.04291844537905827,0.022048142817465005
Pericyte,Oligodendrocyte,APOE,TREM2,3.1339023,1.0,2.186598,-0.3312884800977919,-288.44350483359744,0.0043294616,0.710506,0.18137088,0.04074956248610895,3.9384618,1.0,3.599483,-0.31950191255209853,-inf,0.004535676,0.8017997,0.30325240430482814,0.018602671083233303,0.022146891402875644
Oligodendrocyte,Pericyte,APOE,LSR,5.159254,1.0,1.9604129,-0.31148030163412777,-335.9609562418843,0.010765649,0.69914865,0.16947558262296114,0.04823259740923722,6.9789686,1.0,2.3454764,-0.28319937852886745,-inf,0.01304811,0.76556396,0.28568321611526276,0.025790718465225196,0.022441878944012027
Pericyte,Microglia,S100A8,CD68,2.9631855,0.2,1.315347,0.47575603820157303,-inf,0.009663405,0.65559375,0.10276310732800001,0.07763558530352783,1.448169,0.936,0.80736786,0.5108513419022715,-inf,0.0054434068,0.65705496,0.019059161079147204,0.05463217841851442,0.023003406885013414
Astrocyte,Oligodendrocyte,BSG,SLC16A1,4.7544017,1.0,2.5111065,-0.24526653762884792,-116.55730874331559,0.0326341,0.7245273,0.13747523276799997,0.03529113927777106,7.9441586,1.0,4.2639437,-0.35450772713257483,-58.06643551263811,0.036376927,0.8149171,0.031511906860343594,0.0122343355265996,0.023056803751171463
Pericyte,Astrocyte,PTN,PTPRZ1,2.6534958,0.0,2.7783017,0.6389023508924241,-42.39796074086363,0.2767548,0.7345027,0.0013341714015202473,0.05104907091978628,3.0429006,0.0,3.8696914,0.9032718743105538,-46.98927995637682,0.23888761,0.80748844,0.00014117602159481257,0.026248585346303185,0.02480048557348309
Microglia,Microglia,S100A9,CD68,2.943796,0.0,1.0944824,0.4727870887118182,-inf,0.014265436,0.63455546,0.07242419151853244,0.10209192395942716,1.3735005,0.896,0.42150027,0.5102942464529615,-inf,0.0051880833,0.58059543,0.019563214703982243,0.0765585236537121,0.025533400305715062
Oligodendrocyte,Endothelial,SPARC,ENG,2.0354466,1.0,4.096289,0.025968755114867598,-48.2526968826095,0.05257885,0.7706014,0.04012238138740605,0.07217360676942003,1.6409689,1.0,2.69072,-0.1770852873097028,-40.75052861256543,0.04483457,0.77766144,0.012478017418272196,0.04587166086233204,0.026301945907087988
Endothelial,Oligodendrocyte,APOE,TREM2,3.1108534,1.0,2.1695051,-0.3318471800029315,-230.1037128094583,0.0042956173,0.7096982,0.1823062247483932,0.041264237670183064,4.1679287,1.0,3.823023,-0.3147601271947903,-inf,0.004817357,0.80654365,0.2988211162706614,0.014905388242081296,0.026358849428101766
Pericyte,Astrocyte,PSAP,GPR37L1,2.1234486,1.0,4.494826,0.11349337376348695,-61.04309566021635,0.057713974,0.7787045,0.05180663025260711,0.06689712247927007,2.1581948,0.063,4.591241,0.5095633871613074,-25.041122141385888,0.063807264,0.8204296,9.64251223241668e-05,0.03894070956199029,0.02795641291727978
Pericyte,Endothelial,APOE,TREM2,3.1089969,1.0,1.8928652,-0.34119671901612214,-275.80761462196443,0.0037478707,0.69544816,0.18702672114725927,0.051621402810998473,3.867669,1.0,2.5531876,-0.3429154019430672,-inf,0.003217249,0.77309257,0.3235096608070292,0.022267486492374516,0.029353916318623958
Endothelial,Astrocyte,PSAP,GPR37L1,2.0642996,1.0,4.257727,0.10318729865171644,-55.111482799804676,0.054669607,0.77400005,0.04433184114462669,0.07017309922812706,2.0662239,0.583,4.1468024,0.49019030515428197,0.8205847508096618,0.057630636,0.8128072,8.412026291570741e-05,0.04005846423315075,0.03011463499497631
Microglia,Endothelial,SPARC,ENG,2.7161732,1.0,6.5730734,0.12668462618269258,-51.24752820612734,0.08437017,0.8097151,0.0420026580157406,0.04935014091097072,3.87968,0.0,9.834866,0.33701427987405774,-42.79300859074415,0.16387509,0.8699088,0.00012371521933074415,0.018994157435606687,0.030355983475364036
Oligodendrocyte,Astrocyte,S100A8,CD68,1.1014843,1.0,1.0978602,-0.09083636984193656,-inf,0.008065605,0.63491267,0.7561830648794073,0.14670353487566723,0.39815825,1.0,0.15824196,-0.15988554077560624,-inf,0.0010668935,0.45893532,0.33037560137887295,0.11620530134671317,0.03049823352895406
Pericyte,Oligodendrocyte,BSG,SLC16A1,3.4852855,1.0,1.8210766,-0.3036541806038556,-94.99132449210934,0.023666538,0.69133824,0.16591369933736444,0.05394069468063419,4.5942974,1.0,2.4344993,-0.4859209648576988,-60.54915492134678,0.020769414,0.7688904,0.03398819950176922,0.023124952280005294,0.030815742400628898
Endothelial,Endothelial,APOE,TREM2,3.085948,1.0,1.8780683,-0.3417554189212618,-217.46782259782532,0.0037185727,0.69461644,0.18797959120194604,0.05219672756958736,4.097136,1.0,2.7117493,-0.3381736165857589,-inf,0.0034170507,0.7783337,0.314442936872179,0.019788942540490278,0.03240778502909708
Endothelial,Endothelial,ADM,RAMP2,1.5564128,0.0,1.4705927,0.41142640621559595,-60.00640876428527,0.34080842,0.66807735,0.0021530121334829497,0.09359919820913476,1.5400122,0.0,0.71066844,0.3311368139827183,8.918289419305735,0.34619966,0.6425412,1.2745866619339129e-05,0.06064231945488976,0.032956878754245
Oligodendrocyte,Pericyte,SPARC,ENG,1.4016906,1.0,1.2422681,-0.37957484817490694,-62.22889126219125,0.015945414,0.6491121,0.2189822065983795,0.10052274780430301,1.0747151,1.0,0.78092265,-0.589435018353017,-45.430902352169234,0.013012252,0.6532931,0.04010627115552223,0.0669448766528691,0.0335778711514339
Astrocyte,Endothelial,SPARC,ENG,1.9198736,1.0,3.6757836,0.008869551499100292,-41.84082467857117,0.047181357,0.7608877,0.03514555780604118,0.07763558530352783,1.7537754,1.0,3.0507064,-0.15118157416769457,19.307663049030726,0.0508329,0.78832734,0.009997837538219055,0.043501642571451726,0.03413394273207611
Microglia,Oligodendrocyte,BSG,SLC16A1,2.7845373,1.0,1.4400734,-0.3358926244265015,-130.49994105144344,0.018715056,0.66574806,0.1860767777594879,0.06951207816325208,2.9211354,1.0,1.520743,-0.5515570695523809,-61.743419546800865,0.012973896,0.72447824,0.037736175918125135,0.034620382502007704,0.03489169566124438
Pericyte,Pericyte,APOE,TREM2,3.0911934,1.0,1.6828897,-0.3482815524557466,-288.554255874856,0.0033321197,0.6828554,0.19570818370370371,0.059947774431512835,3.8549902,1.0,2.3657994,-0.347108679705062,-inf,0.0029811224,0.7663373,0.33037560137887295,0.024886600745728585,0.03506117368578425
Oligodendrocyte,Oligodendrocyte,BSG,SLC16A1,3.2920325,1.0,1.7160032,-0.3125458460748815,-135.41797489856668,0.022301013,0.6849616,0.17127380067684317,0.058722597718326525,4.574724,1.0,2.42381,-0.48668889482718547,-81.96590264951993,0.020678218,0.7684992,0.034351775662255925,0.02355953161290713,0.035163066105419395
Pericyte,Oligodendrocyte,APOE,LSR,3.051289,1.0,1.2122586,-0.35733437120504474,-278.3343657632308,0.006657144,0.6463222,0.2036253704142369,0.08617278857856922,3.7622623,1.0,0.9953099,-0.3671648448589704,-inf,0.0055370047,0.68023133,0.3419428822789266,0.0495378544134661,0.03663493416510312
Endothelial,Pericyte,APOE,TREM2,3.0681446,1.0,1.6697342,-0.3488402523608862,-230.2144638507169,0.0033060717,0.68200505,0.197669755961123,0.06056480165353636,4.084457,1.0,2.5127234,-0.3423668943477537,-inf,0.00316626,0.77168834,0.3212335289854089,0.022694269150279407,0.03787053250325695
Pericyte,Astrocyte,APOE,LSR,3.0607467,1.0,1.323799,-0.3488017608382413,-278.7511665295353,0.0072696703,0.6563165,0.19668749531783083,0.07694275401948027,3.7877407,1.0,1.3718723,-0.3415053430914328,-inf,0.0076318574,0.7140781,0.3189636854110489,0.03838746105473237,0.0385552929647479
Endothelial,Oligodendrocyte,APOE,LSR,3.0282402,1.0,1.2027822,-0.35789307111018437,-219.9945737390917,0.006605104,0.6454247,0.20462833451614812,0.08837108941807201,3.9917293,1.0,1.057122,-0.3624230595016621,-inf,0.005880871,0.68674827,0.3396171071276429,0.048301013279993324,0.040070076138078684
Pericyte,Oligodendrocyte,PSAP,GPR37,2.142933,1.0,4.582218,1.622597265285619,-60.906861149886495,0.07411588,0.7803592,0.051371871438563796,0.06625067617179006,3.166888,0.0,8.42467,2.765882973378992,-26.391886315402022,0.068491705,0.8608979,9.920978452613735e-05,0.024886600745728585,0.04136407542606148
Endothelial,Astrocyte,APOE,LSR,3.0376978,1.0,1.3134507,-0.34936046074338095,-220.41137450539614,0.007212842,0.6554309,0.198654967808,0.07833128944529322,4.0172076,1.0,1.4570702,-0.3367635577341246,-inf,0.008105821,0.72018903,0.31219206888364553,0.0367503325825617,0.04158095686273152
Endothelial,Oligodendrocyte,PSAP,GPR37,2.0837839,1.0,4.34051,1.6122911901738486,-54.97524828947482,0.07020632,0.77567977,0.04393808296260327,0.06819876058445865,3.0749173,0.0,7.6091504,2.7465098913719665,-0.530179423206472,0.06186162,0.854689,2.1318811418057648e-05,0.02533672217548532,0.042862038408973326
Astrocyte,Astrocyte,PTN,SDC4,1.7587962,0.0,2.72966,0.1810667107448453,60.038312596443404,0.058248248,0.732777,0.0001828171071483006,0.07973131544309214,2.487269,0.0,2.6728778,0.6496234712863278,53.55159076747172,0.1147915,0.7770857,4.371082049422696e-06,0.03621216530257435,0.04351915014051779
Endothelial,Endothelial,APP,CD74,1.3551923,1.0,1.5142058,0.015595779952429376,-inf,0.0056214477,0.67130977,0.8461205551271624,0.1060632395489586,1.2377758,1.0,0.7006652,0.0823368632097073,-439.5839552794816,0.0030405433,0.6409116,0.025683091313292803,0.06132821507564834,0.044735024473310264
Endothelial,Pericyte,APP,CD74,1.2365483,1.0,1.0579147,0.01195836241602169,-inf,0.0039274795,0.6306064,0.9211168705258346,0.12434932187310627,1.1716696,1.0,0.41646105,0.07958554928412331,-509.0405444677667,0.0018072368,0.57913035,0.0281794865794345,0.0780905146202335,0.04625880725287276
Endothelial,Oligodendrocyte,APP,CD74,1.4283284,1.0,1.7954787,0.017837861604290794,-inf,0.006665666,0.68982583,0.8064326162962963,0.09974232707127557,1.428121,0.883,1.5189971,0.09025874675126046,-383.24114343904415,0.0065917033,0.72436357,0.0004886868556731415,0.053336617953942844,0.04640570911733273
Microglia,Pericyte,SPARC,ENG,2.0824172,1.0,1.9933944,-0.27885897710708196,-65.2237225857091,0.025586663,0.7009003,0.15212385769244444,0.06885396788161566,3.3134263,0.0,2.8543546,-0.07533545116925652,-47.47338233034795,0.047561157,0.7827234,0.00017693262329213696,0.022267486492374516,0.04658648138924114
Endothelial,Endothelial,SELPLG,ESAM,1.9768531,0.0,1.1352631,0.19881717114784034,2.8362302187042703,0.03651499,0.6387866,0.0005532089838597774,0.09511822665235736,1.5995095,1.0,1.40157,0.0358056523232457,-6.123861911264492,0.02623917,0.7162594,0.006289363680946849,0.04768812290805178,0.047430103744305584
Endothelial,Microglia,S100A9,CD68,2.9183497,0.0,0.80462813,0.4715602873976967,-inf,0.010487488,0.59820265,0.07242419151853244,0.13044158690698368,1.3654972,0.993,0.38014132,0.5100997785409976,-inf,0.0046790116,0.5679714,0.02139486145076688,0.08277057177647455,0.04767101513050913
Oligodendrocyte,Astrocyte,S100A9,CD68,0.9405816,1.0,0.6340739,-0.09430328635507562,-inf,0.008264491,0.56927025,0.7423883280860649,0.17869526588355572,0.31051952,1.0,0.09142852,-0.16018231888338866,-inf,0.001125358,0.3919999,0.3257920624298636,0.13042147340280352,0.0482737924807522
Astrocyte,Astrocyte,BSG,SLC16A1,4.6922283,1.0,1.3625165,-0.31169030541482656,-116.93076812639941,0.017707136,0.65956044,0.17037324985837035,0.07488151747249237,7.883122,1.0,2.3577437,-0.4080769606059695,-58.089465856150014,0.020114588,0.76603174,0.033268446582850324,0.02533672217548532,0.049544795297007053
Pericyte,Pericyte,APOE,LSR,3.0453148,1.0,1.1417974,-0.3627240471894013,-278.4479354353243,0.006270205,0.63944846,0.20664316313412706,0.09284389378834135,3.7799752,1.0,1.2571013,-0.3493261465550086,-inf,0.006993375,0.7050764,0.3326767018968391,0.04176323556837629,0.051080658219965054
Microglia,Pericyte,SELPLG,ESAM,2.372897,0.0,5.120492,0.37500171586463843,-1.217150055067572,0.16469726,0.7897293,0.00010402919112629459,0.06056480165353636,4.7236705,0.0,10.535346,0.530730465888018,8.420959312370863,0.19723505,0.8737526,5.366778936534268e-06,0.008982175543033788,0.05158262611050257
Oligodendrocyte,Endothelial,SELPLG,ESAM,1.975655,0.0,1.1265353,0.19831947723825522,-2.335415694688211,0.036234267,0.6378957,0.0005715712126419754,0.09741773285779384,1.6954758,1.0,1.9150057,0.057251076101131254,-10.420467310062865,0.03585134,0.74688095,0.005041896698790098,0.04467921787646412,0.052738514981329726
Oligodendrocyte,Astrocyte,PTN,SDC4,2.187844,0.0,3.7213762,0.2757035544683577,-74.69534002852865,0.07941049,0.7620073,0.0031624415858432023,0.06560716731115723,4.32762,0.0,4.9284163,0.9964727347010951,-100.96609298350054,0.21165963,0.82559067,0.00026939675195462436,0.012554191958447194,0.05305297535271004
Oligodendrocyte,Pericyte,PTN,SDC4,2.047387,0.0,2.8168404,0.20610198322691786,-109.65670163283937,0.06010859,0.7358438,0.006313660595160943,0.07150387226887321,4.2037363,0.0,2.9357612,0.7661828581267722,-99.85535443330492,0.1260815,0.78510517,0.0002634923896580001,0.018215127889098917,0.053288744379774294
Astrocyte,Pericyte,MFGE8,PDGFRB,1.5310638,0.0,2.2271228,1.0702191563021124,3.9040375520916384,0.19264965,0.71239084,6.412671847697399e-05,0.09435730595754234,2.0400598,0.0,3.0516922,1.51215004877328,6.668784656848314,0.2869103,0.78835434,6.026570145260425e-06,0.040622978811321125,0.053734327146221214
Astrocyte,Pericyte,PTN,SDC4,1.6183391,0.0,2.0661757,0.11146513950340545,25.07695099213268,0.044090144,0.7046456,0.0004367583965858864,0.09059481959912113,2.3633852,0.0,1.592181,0.41933359471200493,54.66232931766735,0.06837905,0.72903615,1.2163295766851806e-05,0.0367503325825617,0.05384448701655944
Pericyte,Microglia,S100A9,CD68,2.9204175,0.0,0.8281817,0.47165998965276884,-inf,0.010794483,0.6016651,0.07242419151853244,0.12781459027204795,1.3784696,0.701,0.44717935,0.5104149890682912,-inf,0.005504157,0.58777815,0.0188103085196711,0.07353674805746961,0.054277842214578334
Astrocyte,Endothelial,PTN,PTPRB,1.637698,0.0,2.157623,0.32158234588899953,49.81265017535864,0.12318155,0.7091322,4.252623927120245e-05,0.08837108941807201,2.7285542,0.0,4.777722,0.3949640314994156,62.63630505811027,0.13712087,0.82334363,7.372599085222554e-06,0.033578152921709424,0.05479293649636258
Endothelial,Pericyte,APOE,LSR,3.022266,1.0,1.1328719,-0.363282747094541,-220.10814341118524,0.0062211896,0.6385433,0.20866987281160318,0.09588193162152825,4.0094423,1.0,1.3351715,-0.3445843611977003,-inf,0.0074276864,0.71130186,0.3257920624298636,0.04005846423315075,0.0558234673883775
Astrocyte,Pericyte,SPARC,ENG,1.2861177,1.0,1.1147429,-0.3966740517906743,-55.817019058152916,0.014308535,0.63667953,0.22319086948503705,0.11587445057010956,1.1875216,1.0,0.8854008,-0.5635313052110088,14.62728930942692,0.014753137,0.6673731,0.038515991713892125,0.05996002366351904,0.05591442690659052
Oligodendrocyte,Endothelial,PTN,PTPRB,2.066746,0.0,2.9415119,0.416219189612512,-84.92100244961341,0.1679348,0.74003124,0.002851402211301885,0.06951207816325208,4.568905,0.0,8.809458,0.7418132949141829,-91.881378692862,0.2528319,0.8635506,0.00024084006016341207,0.010108141570678091,0.059403936592573994
Astrocyte,Pericyte,SELPLG,ESAM,1.2019789,1.0,1.2362043,-0.11035081889542181,-5.563905728188988,0.039761696,0.6485547,0.0773588870257778,0.12781459027204795,1.0737692,1.0,1.1054417,-0.2849160240052711,-16.423396480249053,0.020695271,0.6915356,0.02449014652610593,0.06838484528354874,0.059429744988499206
Microglia,Oligodendrocyte,SPARC,ENG,1.9741902,1.0,1.211319,-0.34810987165746043,-65.79316623344324,0.015548158,0.64623356,0.19375839880907914,0.08690272068843327,3.24609,0.0,2.0242646,-0.12436888885719774,-48.12404303949733,0.033729643,0.75208974,0.00019923241808949334,0.02717591380789331,0.05972680688053996
Microglia,Astrocyte,SELPLG,ESAM,1.7562548,0.0,1.3131665,0.12690135821828613,-5.197199815175386,0.042237133,0.6554065,0.00039293615598597764,0.08043561924333142,4.2436104,0.0,2.7050445,0.28237604746429634,5.79614457428803,0.050641872,0.7781201,3.0542928479571344e-05,0.020192229682741262,0.060243389560590166
Astrocyte,Astrocyte,PTN,PTPRZ1,1.4753653,0.0,1.3908037,0.3790419407487629,48.93218593397797,0.13854204,0.6618636,4.252623927120245e-05,0.09896467136914547,2.5415483,0.0,3.1463807,0.8087825423809542,56.481848063251206,0.19423549,0.79089224,4.371082049422696e-06,0.03567778710534523,0.06328688426380025
Microglia,Oligodendrocyte,SELPLG,ESAM,1.8331971,0.0,1.7882307,0.15785879055608182,-4.855204181457951,0.05751726,0.6893929,0.00023506870973083368,0.0790298750191905,4.3093195,0.0,3.7768307,0.3163700442990627,6.235936902245187,0.07070707,0.80559355,1.4619603392834778e-05,0.014213624622368179,0.06481625039682232
Oligodendrocyte,Oligodendrocyte,SPARC,ENG,1.2934636,1.0,0.7548847,-0.4488257427252854,-62.79833490992541,0.009689494,0.59051,0.2328361536094815,0.13666423299571223,1.0073789,1.0,0.55381835,-0.6384684560409583,-46.08156306131861,0.00922809,0.61342365,0.04256910012854758,0.07057150635841763,0.0660927266372946
Oligodendrocyte,Astrocyte,PTN,PTPRZ1,1.9044131,0.0,1.8960983,0.47367878447227535,-85.80146669099409,0.18887593,0.6956288,0.002851402211301885,0.07833128944529322,4.381899,0.0,5.8014903,1.1556318057957213,-98.03583568772106,0.35814333,0.837023,0.00025197535457381734,0.011918499088569293,0.06641279035672393
Endothelial,Endothelial,EDN1,ADGRL4,1.1823262,0.0,1.2161007,0.4036340631372708,7.3761087821084,0.41748568,0.6466838,4.252623927120245e-05,0.13398147035171304,1.0758047,0.0,1.0783329,0.3300722703128373,21.510451923774745,0.5143613,0.68888116,1.3349118089203947e-05,0.06623024247737706,0.06775122787433598
Pericyte,Astrocyte,BSG,SLC16A1,3.423112,1.0,0.988109,-0.3700779483898342,-95.36478387519317,0.01284137,0.62262106,0.21173225025270048,0.11173861783900459,4.533261,1.0,1.3461541,-0.5394901983310935,-60.57218526485869,0.011484428,0.7121423,0.036206926097292626,0.03894070956199029,0.0727979082770143
Astrocyte,Oligodendrocyte,APP,CD74,1.0686162,1.0,1.1237419,-0.17240352694784272,-inf,0.004171861,0.63760895,0.9094757283460739,0.1504325159928614,0.90194565,1.0,0.7753623,-0.16637200060669616,-347.57880697775835,0.0033646924,0.65248334,0.024197587182546408,0.07732276315091297,0.07310975284194843
Endothelial,Astrocyte,PTN,SDC4,1.1969414,0.219,1.4309694,0.057141128696823876,-64.65449434206445,0.030535473,0.66504204,0.0024764443990813504,0.1286875845271646,1.3887802,0.0,1.3265672,0.44258973368783017,-102.5232236429689,0.05697179,0.7106376,0.0002815026027711971,0.055285438685402075,0.07340214584176254
Endothelial,Astrocyte,ANGPTL4,SDC4,0.88212734,0.0,0.7032971,0.20059629469014545,16.837935616185906,0.090769194,0.58192515,0.0001273141683133669,0.1973000405036661,0.39086342,0.0,0.10351783,0.5126031919728923,0.3851219949971425,0.22987238,0.4068941,2.0444310909529455e-05,0.12369534920929587,0.07360469129437022
Pericyte,Endothelial,SELPLG,ESAM,1.9397746,0.0,0.86518383,0.18344735981165103,-1.4824106857854789,0.02782807,0.60689104,0.0012143831040000003,0.12434932187310627,1.5723335,1.0,1.2561733,0.029732687723057483,-10.310732339596427,0.02351716,0.7049996,0.0071792503267770445,0.048301013279993324,0.07604830859311294
Microglia,Microglia,SPARC,ENG,1.9465832,1.0,1.0118234,-0.3657734697078089,-67.08009069920053,0.012987488,0.62540317,0.2096876881957457,0.1068657844262389,3.2277837,0.0,1.798593,-0.13769928800273348,-47.66215104216475,0.029969355,0.74090695,0.00022357654250120326,0.03054285581065299,0.0763229286155859
Microglia,Endothelial,APP,CD74,0.878656,1.0,0.7637164,-0.23641753435314472,-inf,0.0028352763,0.59191555,1.0,0.1994164242001208,0.35767576,1.0,0.12692551,-0.3469139040033477,-444.99621401182713,0.00055079453,0.43170655,0.03471782739987417,0.12180306275867497,0.07761336144144582
Microglia,Astrocyte,BSG,SLC16A1,2.7223637,1.0,0.78137815,-0.40231639221248017,-130.87340043452727,0.010154716,0.5946739,0.22637888,0.13132257400890487,2.8600988,1.0,0.84089345,-0.6051263030257756,-61.76644989031277,0.007173904,0.6616242,0.041326005425581576,0.053336617953942844,0.07798595605496203
Oligodendrocyte,Astrocyte,BSG,SLC16A1,3.2298589,1.0,0.93109655,-0.37896961386086014,-135.7914342816505,0.012100441,0.61561406,0.21689584844800003,0.11754781269847964,4.5136876,1.0,1.3402435,-0.5402581283005801,-81.98893299303184,0.011434002,0.711691,0.036585457555494506,0.03949770925705305,0.07805010344142659
Microglia,Astrocyte,SPARC,ENG,1.9373543,1.0,0.94513345,-0.3716794547028544,-66.7308520629484,0.012131474,0.61738294,0.2127590009709447,0.11587445057010956,3.1998107,0.0,1.4537548,-0.15806915722311418,-48.28847115702703,0.02422343,0.71995944,0.00023921460327052893,0.03729226835351937,0.07858218221659019
Pericyte,Pericyte,PTN,PTPRB,2.451797,0.0,0.8750179,0.19762060914260682,-46.35965402064805,0.049955927,0.6082385,0.0014445288875142262,0.12348971225388747,2.7873595,0.0,1.1280214,0.1016288355137343,-57.39243060711103,0.032374278,0.693688,0.00018157391092635388,0.04467921787646412,0.07881049437742335
Microglia,Microglia,SELPLG,ESAM,1.70474,0.0,0.9950994,0.10617468838384397,-5.758392542641575,0.03200672,0.6234489,0.0008669229637530865,0.1109196361543946,4.188161,0.0,1.8006066,0.2536895183019601,5.488698740811156,0.03370964,0.74101436,8.208387173941868e-05,0.03005034944569438,0.08086928670870022
Pericyte,Oligodendrocyte,PTN,PTPRB,2.4460037,0.0,0.82034945,0.1915120641907238,-46.303064915391865,0.046834834,0.6005259,0.0014256772132486518,0.1286875845271646,2.780929,0.0,1.0590314,0.09599382494289743,-60.16453704379695,0.030394258,0.68694234,0.0001999471336513923,0.04768812290805178,0.08099946161911284
Microglia,Oligodendrocyte,APP,CD74,0.9517921,1.0,0.90558136,-0.23417545270128332,-inf,0.003361946,0.6123213,0.9798451200000001,0.1756727376326501,0.5480209,1.0,0.27516636,-0.33899202046179455,-388.6534021713897,0.0011940872,0.5279697,0.0291542145611983,0.09417661179937503,0.08149612583327506
Astrocyte,Endothelial,APP,CD74,0.99548006,1.0,0.9477007,-0.17464560859970413,-inf,0.003518313,0.61770326,0.9739345457097687,0.1657611684968321,0.7116005,1.0,0.35765,-0.1742938841482493,-403.9216188181958,0.0015520258,0.56047386,0.028502036324067954,0.08356279973056012,0.08219836876627197
Endothelial,Astrocyte,CXCL12,SDC4,1.230408,0.0,1.5083251,0.2981057155096306,11.819144361744348,0.16178143,0.67088026,4.252623927120245e-05,0.12521162920035436,1.9338642,0.0,1.9946234,0.6390634772039521,5.649547074880388,0.31298798,0.750712,9.776567901294261e-06,0.04176323556837629,0.08344839363197806
Astrocyte,Oligodendrocyte,SPARC,ENG,1.1778907,1.0,0.6773918,-0.46592494634105275,-56.38646270588708,0.008694817,0.577353,0.23501270646647274,0.15137127963244665,1.1201853,1.0,0.62791264,-0.61256474289895,13.97662860027754,0.0104626985,0.6282014,0.041737766038145135,0.0648117174250147,0.08655956220743195
Microglia,Astrocyte,S100A8,CD68,0.8708871,1.0,0.4331863,-0.09645846487446214,-inf,0.0031824717,0.5220795,1.0,0.21231859852586205,0.3380408,1.0,0.11241,-0.16067236309767718,-inf,0.00075788674,0.4168749,0.3466127827968593,0.12560076173463308,0.08671783679122896
Oligodendrocyte,Microglia,SPARC,ENG,1.2658565,1.0,0.6305606,-0.46648934077563387,-64.08525937568268,0.008093704,0.5685889,0.23610551500800006,0.16380925911049454,0.9890726,1.0,0.4920769,-0.6517988551864939,-45.61967106398603,0.008199313,0.59931827,0.043410894572804386,0.07279012126014345,0.0910191378503511
Endothelial,Microglia,VWF,SIRPA,0.9969614,0.0,0.9247234,0.5834803544244967,11.144555201086956,0.3583557,0.6148011,4.252623927120245e-05,0.16478394171870986,0.98191416,0.0,0.8053656,0.589022171390628,9.168886606685152,0.4155366,0.6567752,4.762706267879974e-06,0.07353674805746961,0.09124719366124025
Pericyte,Oligodendrocyte,APP,CD74,0.9812418,1.0,0.9605766,-0.21860667115215165,-inf,0.0035661142,0.61929536,0.962137954834963,0.17267276062455872,0.8677971,1.0,0.72710073,-0.18302790696580723,-385.4432620855943,0.0031552606,0.64516205,0.025381434408773603,0.07963654817745189,0.09303621244710683
Oligodendrocyte,Astrocyte,SPARC,ENG,1.2566277,1.0,0.5889999,-0.4723953257706794,-63.73602073943056,0.007560242,0.5602076,0.23940209015466662,0.17367022707040927,0.9610996,1.0,0.39773265,-0.6721687244068747,-46.245991178848314,0.006627286,0.57351285,0.22757358073436348,0.07963654817745189,0.09403367889295738
Endothelial,Pericyte,PTN,SDC4,1.0564842,1.0,1.083151,-0.012460442544615969,-99.61585594637518,0.023113372,0.63334787,0.09135550675152279,0.15325650613972808,1.2648964,0.0,0.79021007,0.21229985711350732,-101.41248509277328,0.03393698,0.65463084,0.0002753997918700528,0.05793486084054208,0.09532164529918599
Pericyte,Endothelial,APP,CD74,0.90810573,1.0,0.81009626,-0.22084875280401306,-inf,0.0030074604,0.5990163,1.0,0.1878975398330821,0.6774519,1.0,0.33538848,-0.19094979050736038,-441.78607392603175,0.0014554214,0.55254346,0.028826943285799562,0.08596030969387644,0.10193723013920566
Endothelial,Endothelial,PTN,PTPRB,1.0758433,0.003,1.1310905,0.19765676384097813,-74.88015676314922,0.06457545,0.6383617,0.0031966760950540313,0.14856282963877318,1.6300653,0.0,2.3712153,0.18793029390091798,-93.43850935233036,0.06805401,0.76654196,0.00024636052517273564,0.046473442486686646,0.10208938715208654
Astrocyte,Pericyte,APP,CD74,0.87683606,1.0,0.66212034,-0.17828302613611183,-inf,0.0024581037,0.57456845,1.0,0.20047827270007257,0.6454942,1.0,0.21257986,-0.1770451980738333,-473.3782080064809,0.0009224924,0.49574178,0.030826282848739915,0.09755918550576756,0.10291908719430501
Endothelial,Pericyte,CXCL12,SDC4,1.0899508,0.0,1.1417042,0.22850414426819077,-23.142217242566375,0.12245805,0.63943905,0.0006113181670365353,0.14763188172812622,1.8099804,0.0,1.1881582,0.40877360062962925,6.760285625076013,0.18644081,0.6991783,6.987188236217097e-06,0.043501642571451726,0.10413023915667449
Endothelial,Pericyte,ANGPTL4,SDC4,0.7416702,0.0,0.5323503,0.1309947234487056,-18.123425988124815,0.06870639,0.547715,0.00044323117846526257,0.24839831665089773,0.26697966,0.0,0.061663546,0.2823133153985694,1.4958605451927673,0.13693048,0.34618625,1.7981642753064334e-05,0.14232188476461843,0.1060764318862793
Microglia,Pericyte,APP,CD74,0.76001203,1.0,0.5335779,-0.2400549518895524,-inf,0.0019808935,0.5480002,1.0,0.2403012400190616,0.2915695,1.0,0.075441934,-0.3496652179289317,-514.4528032001123,0.000327381,0.36934906,0.04051026451881768,0.1323725729612232,0.1079286670578384
Astrocyte,Microglia,SPARC,ENG,1.1502836,1.0,0.56583023,-0.4835885443914012,-57.67338717164435,0.0072628427,0.55525804,0.24050700416479928,0.18072278960240357,1.101879,1.0,0.5579109,-0.6258951420444858,14.438520597610124,0.009296283,0.61429626,0.04215212877493193,0.06911017109323883,0.11161261850916473
Pericyte,Astrocyte,PTN,PTPRB,2.4216778,0.0,0.5908042,0.16586471700019595,-46.730242958426125,0.03372979,0.56058437,0.001482792483154307,0.17267276062455872,2.7515275,0.0,0.74358493,0.07022868618252362,-60.07888385124232,0.021340929,0.647724,0.00019522882495760077,0.05928135266489511,0.11339140795966361
Endothelial,Pericyte,MFGE8,PDGFRB,0.87223506,0.0,0.660478,0.8076710727011015,-9.425468906637775,0.057132393,0.5742649,0.0002463492017011433,0.20154259047770934,0.7077452,0.0,0.4232423,0.9387897677984348,-0.8129375892860713,0.039791882,0.5810975,5.508867225045831e-05,0.08435849351995825,0.11718409695775109
Endothelial,Pericyte,SELPLG,ESAM,0.9851827,1.0,0.5170261,-0.2002116261755537,-7.507838176608525,0.016629804,0.54409474,0.10210550752629174,0.19519342894809255,0.90786874,1.0,0.6768205,-0.3219885985778314,-13.846887378487413,0.012670938,0.6369177,0.02691271725331611,0.0765585236537121,0.11863490529438045
Pericyte,Astrocyte,S100A8,CD68,0.8360746,1.0,0.33284262,-0.09730723177926101,-inf,0.002445281,0.48915833,1.0,0.2426031665136017,0.34682548,1.0,0.1191072,-0.16055739739476116,-inf,0.00080304034,0.42392528,0.3396171071276429,0.12369534920929587,0.11890781730430583
Astrocyte,Astrocyte,SPARC,ENG,1.1410547,1.0,0.528536,-0.48949452938644666,-57.324148535392226,0.006784144,0.5468242,0.8036175309577247,0.19205185470050012,1.073906,1.0,0.45094454,-0.6462650112648665,13.81220048274784,0.007513938,0.5887935,0.04298868657482102,0.07279012126014345,0.11926173344035668
Endothelial,Astrocyte,S100A8,CD68,0.82792264,1.0,0.30934545,-0.09750599582666586,-inf,0.0022726553,0.4800159,1.0,0.25425094757800093,0.32385054,1.0,0.10159173,-0.1608580506687211,-inf,0.0006849481,0.40462977,0.3536632349379904,0.1275192515882957,0.12673169598970524
Oligodendrocyte,Pericyte,SELPLG,ESAM,0.9839845,1.0,0.5130513,-0.2007093200851388,-12.679484090001006,0.016501958,0.5431374,0.10342333114773479,0.1983570124145046,1.0038351,1.0,0.9247595,-0.30054317479994586,-18.143492777285786,0.017312672,0.672183,0.025082062832941066,0.07130749619568771,0.12704951621881688
Microglia,Astrocyte,S100A9,CD68,0.81668496,1.0,0.27695385,-0.10027618126901583,-inf,0.003609804,0.46623075,0.9591939864797001,0.26973375789952775,0.27215704,1.0,0.062181965,-0.1611144928440712,-inf,0.00076537364,0.34713432,0.3442747802670173,0.14131248744389258,0.12842127045563517
Astrocyte,Microglia,S100A4,CCR5,0.809935,0.0,0.64826095,0.6616616683868921,9.583133511432957,0.5460861,0.571981,4.252623927120245e-05,0.22556620230139168,0.544496,0.0,0.28447247,0.7151303642078672,6.482766248304793,0.68663573,0.5321123,6.378395587483612e-06,0.09501712916733504,0.13054907313405664
Oligodendrocyte,Pericyte,MFGE8,PDGFRB,0.8312731,0.0,0.5630735,0.7913424667371476,-14.214184571964358,0.048706755,0.55465496,0.00035009182304877477,0.21779677373040685,0.6869383,0.0,0.38219348,0.9298360912292352,-14.849542611890918,0.035932604,0.5686318,7.074101540077134e-05,0.08515767301058563,0.1326391007198212
Endothelial,Astrocyte,PTN,PTPRZ1,0.91351056,0.063,0.7291009,0.2551163587007415,-75.7606210045299,0.07262788,0.58630174,0.003265978208287155,0.18583521612714793,1.4430594,0.0,1.5615698,0.6017488047824566,-99.59296634718942,0.09640037,0.72711444,0.0002576856176373282,0.05205569578389445,0.13377952034325347
Pericyte,Pericyte,APP,CD74,0.78946173,1.0,0.5659817,-0.22448617034042073,-inf,0.0021011916,0.55529106,1.0,0.2368658145077115,0.61134565,1.0,0.19934805,-0.19370110443294436,-511.2426631143169,0.0008650728,0.48771104,0.031167888094591402,0.10186401257861344,0.13500180192909805
Oligodendrocyte,Pericyte,PTN,PTPRB,1.7027144,0.0,0.59717053,0.03239704272245808,-89.7631599707785,0.034093253,0.561904,0.004022645495977685,0.17068538755208507,4.126358,0.0,1.691144,0.35398876699890197,-108.43898633845528,0.048535924,0.73495084,0.00028770628404902935,0.03153935542687177,0.1391460321252133
Microglia,Pericyte,MFGE8,PDGFRB,0.74942136,0.0,0.3684363,0.7587239626320348,-17.35770672969639,0.031870324,0.5018564,0.000918859257366865,0.24607334151049806,0.59375906,0.0,0.1983653,0.8897369892386764,-17.245249573603324,0.01864967,0.48709363,0.00021358588942726315,0.10273513905475712,0.14333820245574094
Pericyte,Astrocyte,CXCL12,SDC4,0.80841815,0.0,0.53292304,0.030089341842296016,16.214974158333092,0.05716079,0.5478481,0.000918859257366865,0.22668558412908124,0.8524754,1.0,0.6692706,0.31078836924717346,-3.724250923611267,0.105019145,0.63561964,0.0019307112685274133,0.080414821834325,0.14627076229475625
Pericyte,Pericyte,SELPLG,ESAM,0.9481042,1.0,0.39402553,-0.215581437511743,-11.826479081098274,0.012673573,0.5102484,0.10676393145837036,0.22668558412908124,0.88069266,1.0,0.6066082,-0.32806156317801966,-18.033757806819345,0.011356475,0.6241615,0.02754143027130234,0.0780905146202335,0.14859506950884774
Oligodendrocyte,Oligodendrocyte,PTN,PTPRB,1.696921,0.0,0.5598611,0.02628849777057507,-89.70657086552232,0.03196321,0.55394816,0.003981961671080032,0.18378280362240815,4.119928,0.0,1.5877131,0.3483537564280651,-111.2110927751412,0.045567457,0.7287585,0.00031355191158877974,0.033578152921709424,0.15020465070069872
Oligodendrocyte,Oligodendrocyte,S100A8,CD68,0.6503365,1.0,0.41052064,-0.21237517724505264,-inf,0.0030159552,0.5153713,1.0,0.2806749071645639,0.32656848,1.0,0.098803885,-0.20352878482594383,-inf,0.0006661521,0.40128267,0.3560254730198185,0.12655837232986217,0.15411653483470172
Microglia,Astrocyte,PTN,SDC4,0.6950211,1.0,0.27081314,-0.05357212297060655,-77.71222251151521,0.0057788845,0.46344188,0.13905810644057431,0.27457422439405654,0.40265948,1.0,0.117975086,0.25673815884817974,-120.10117989840083,0.0050666505,0.42275956,0.020335280907320723,0.1199239365319307,0.15465028786212584
Astrocyte,Pericyte,PTN,PTPRB,1.2736666,0.0,0.4380295,-0.06223980100105435,44.97049265419355,0.025007682,0.5234664,0.0025924340272616983,0.20906047574587047,2.2860072,0.0,0.9171752,0.007139503584134704,46.078697412516995,0.026322978,0.67127496,0.00012113882410202004,0.05078942663115325,0.15827104911471723
Oligodendrocyte,Astrocyte,CXCL12,SDC4,0.7238724,0.396,0.3375011,-0.023605770066814122,4.768382227502986,0.036200035,0.490895,0.0015960202556049386,0.25425094757800093,0.5794636,1.0,0.33466664,0.2279075499698159,-13.002609730888091,0.05251449,0.55227715,0.0026291723822588014,0.09333950409416991,0.16091144348383102
Oligodendrocyte,Endothelial,S100A8,CD68,0.5846387,1.0,0.31042776,-0.23007212273976452,-inf,0.002280607,0.4804518,1.0,0.2993071857268095,0.2879392,1.0,0.06673154,-0.2270778115673147,-inf,0.00044991504,0.35517845,0.37513833091165477,0.13730695701365458,0.1620002287131549
Astrocyte,Oligodendrocyte,PTN,PTPRB,1.2678732,0.0,0.41066277,-0.06834834595293736,45.027081759449736,0.023445278,0.51541454,0.0028623398278652653,0.22000473222745653,2.2795768,0.0,0.86108047,0.0015044930132978307,43.30659097583108,0.024713058,0.6642746,0.00014157095904073763,0.05205569578389445,0.16794903644356207
Endothelial,Astrocyte,S100A9,CD68,0.79123867,1.0,0.20360751,-0.10150298258313736,-inf,0.0026538114,0.4282215,1.0,0.32230799287401946,0.26415375,1.0,0.05608047,-0.16130896075603518,-inf,0.0006902727,0.33552557,0.35130702838545946,0.14536929280426106,0.1769387000697584
Oligodendrocyte,Pericyte,S100A8,CD68,0.5535117,1.0,0.26300466,-0.23845946047266603,-inf,0.0019322055,0.4598063,1.0,0.31713701363926505,0.28671426,1.0,0.06571453,-0.2278249132804897,-inf,0.00044305823,0.35342178,0.37755403526764175,0.1393032806012694,0.17783373303799566
Oligodendrocyte,Astrocyte,PTN,PTPRB,1.6725951,0.0,0.40320417,0.0006411505800472117,-90.13374890855658,0.02301946,0.5131253,0.004063640278370884,0.22556620230139168,4.090526,0.0,1.1147919,0.3225886176676913,-111.12543958258655,0.03199459,0.69243324,0.0003069336344132742,0.04527358756466143,0.18029261473673025
Pericyte,Astrocyte,S100A9,CD68,0.79330647,1.0,0.20956764,-0.1014032803280652,-inf,0.0027314953,0.43175727,1.0,0.319718296162123,0.27712613,1.0,0.06597028,-0.16099375022874152,-inf,0.0008120026,0.35386568,0.3372974731249983,0.1383035100873092,0.1814147860748138
Microglia,Pericyte,PTN,SDC4,0.55456394,1.0,0.20498797,-0.1231736942120464,-112.67358411582593,0.0043742405,0.42904893,0.15465396148148144,0.32101208892458777,0.2787757,1.0,0.07027545,0.026448282273856927,-118.99044134820521,0.0030181045,0.3611259,0.02598704081083523,0.1353235202614535,0.18568856866313427
Pericyte,Astrocyte,IL34,PTPRZ1,0.69411564,0.0,0.4707169,1.1423963427762098,6.367329479121843,0.6348297,0.5324344,4.4809154821298784e-05,0.26732697696652225,0.76115525,0.0,0.57777363,1.5775667611666515,5.914264797340052,0.8589911,0.61843216,8.37398974854327e-06,0.08119657861258565,0.18613039835393658
Astrocyte,Oligodendrocyte,SELPLG,ESAM,0.6622791,1.0,0.43171993,-0.3274937442039784,-9.201959854579368,0.013885987,0.5216565,0.1767377994330133,0.2782279503115313,0.6594179,1.0,0.39629132,-0.49927644559422635,-18.60841889037473,0.0074190763,0.57306874,0.03471782739987417,0.08676641139493602,0.1914615389165953
Oligodendrocyte,Pericyte,CXCL12,SDC4,0.58341527,1.0,0.25546646,-0.09320734130825396,-30.192979376807735,0.027401077,0.45619687,0.0698723025880201,0.3030924614412206,0.45557982,1.0,0.19935437,-0.0023823266045069347,-11.891871180692466,0.031281855,0.48771498,0.006411810673282887,0.10892745622585037,0.19416500521537022
Pericyte,Pericyte,CXCL12,SDC4,0.667961,0.986,0.40338817,-0.039512229399143825,-18.74638744597763,0.04326701,0.5131822,0.001896191754339887,0.27700781881580555,0.7285916,1.0,0.3986714,0.08049849267285064,-2.6135123734156425,0.062557854,0.57380116,0.004244629094975596,0.08277057177647455,0.19423724703933098
Astrocyte,Astrocyte,PTN,PTPRB,1.2435473,0.0,0.29575357,-0.09399569314346522,44.599903716415476,0.016884962,0.47441116,0.003464807713516841,0.26254036545528225,2.2501752,0.0,0.6045963,-0.024260645747075982,43.39224416838571,0.017351948,0.6237717,0.00021853840004468328,0.0669448766528691,0.19559548880241315
Oligodendrocyte,Oligodendrocyte,S100A9,CD68,0.48943377,1.0,0.23709795,-0.2158420937581917,-inf,0.0030903243,0.44695744,1.0,0.3446584431627161,0.23892976,1.0,0.05708658,-0.20382556293372625,-inf,0.0007026565,0.33751065,0.348956871590174,0.14741682263591283,0.19724162052680327
Endothelial,Astrocyte,VWF,SIRPA,0.5838783,0.0,0.31841156,0.1558216892110274,6.512256359754616,0.123393215,0.48362187,0.00023987814399999995,0.30182855728738495,0.47258395,0.0,0.21104881,0.051680116557826686,6.207746900899292,0.10889279,0.49483836,9.473903178312935e-05,0.10448754001649449,0.19734101727089046
Endothelial,Astrocyte,ADM,RAMP1,0.62375546,0.0,0.3872254,0.37806495044322186,-57.6866683335943,0.31711245,0.5080731,0.0020280525715331036,0.2905508525094204,0.62632334,0.0,0.2515831,0.6057819335475377,11.747623164612683,0.30169347,0.51679236,4.480551590972069e-06,0.09084878330663529,0.19970206920278513
Oligodendrocyte,Endothelial,S100A9,CD68,0.42373598,1.0,0.17928888,-0.2335390392529036,-inf,0.0023368434,0.41272563,1.0,0.364872942345011,0.20030046,1.0,0.038555928,-0.2273745896750971,-inf,0.0004745699,0.29512176,0.3679264995645925,0.1589047178643092,0.2059682244807018
Astrocyte,Astrocyte,SELPLG,ESAM,0.58533674,1.0,0.31702852,-0.3584511765417741,-9.543955488296803,0.010197013,0.48307836,0.20563426472793783,0.2980497669083833,0.5937088,1.0,0.28383204,-0.5332704424289927,-19.048211218331886,0.005313697,0.53183174,0.0354573848351848,0.09167558563118715,0.20637418127719614
Microglia,Endothelial,PTN,PTPRB,0.573923,1.0,0.21406059,0.0869435121735477,-87.93788493259997,0.012221002,0.4343613,0.08650794812985824,0.3120000085830689,0.6439446,1.0,0.2108784,0.002078719061267581,-111.01646560776229,0.0060522216,0.4947374,0.01759748106925093,0.09927092765023336,0.21272908093283555
Endothelial,Pericyte,ADM,RAMP2,0.52367896,1.0,0.2709773,-0.11853922580524089,-66.70852989049892,0.062798716,0.46351722,0.0795862902900119,0.3275127010985889,0.45136774,1.0,0.16367623,-0.1786163972640342,6.075241593162406,0.07973431,0.46313033,0.01266897828890833,0.109825514149685,0.21768718694890388
Astrocyte,Microglia,SELPLG,ESAM,0.53382194,1.0,0.24023984,-0.37917784637621627,-10.105148215762991,0.0077271564,0.44858503,0.2179375313571174,0.32360600484997565,0.5382595,1.0,0.18893215,-0.5619569715913288,-19.35565705180876,0.0035370497,0.4810096,0.03812481234809956,0.10448754001649449,0.21911846483348116
Endothelial,Oligodendrocyte,ADM,RAMP2,0.46523017,1.0,0.20308363,-0.14853234918437375,-67.41034523039204,0.04706443,0.4279061,0.09193790475892823,0.3513457933824328,0.31380522,1.0,0.0945576,-0.243032277154117,1.5168429675247515,0.04606341,0.39601734,0.02112671232622351,0.12945081371669928,0.22189497966573354
Oligodendrocyte,Pericyte,S100A9,CD68,0.39260894,1.0,0.15189947,-0.2419263769858051,-inf,0.0019798512,0.39279017,1.0,0.384147477633179,0.19907552,1.0,0.037968326,-0.22812169138827212,-inf,0.00046733735,0.2935269,0.3727284947883831,0.161034292463827,0.22311318516935202
Endothelial,Astrocyte,ADM,RAMP2,0.4936236,1.0,0.23606527,-0.133962152665832,-67.32265009865935,0.054707896,0.446418,0.08889580090246732,0.3433271323757461,0.3798555,1.0,0.12774472,-0.21210234611385478,4.229462085328967,0.062230397,0.43249592,0.01621022443909955,0.11805800467822333,0.22526912769752275
Microglia,Oligodendrocyte,S100A8,CD68,0.41973925,1.0,0.16198047,-0.21799727227757823,-inf,0.0011900152,0.40047884,1.0,0.3676025927970108,0.26645103,1.0,0.07018711,-0.20431560714801478,-inf,0.000473213,0.3609808,0.3703245449747842,0.14232188476461843,0.22528070803239236
Endothelial,Pericyte,EDN1,ADGRL4,0.5187225,1.0,0.21279489,-0.08565657807013469,2.697971579495846,0.07305219,0.43363294,0.06731366774577047,0.33275089199338304,0.5072114,1.0,0.1746168,-0.13716023426408008,21.751587442267127,0.08329165,0.4711832,0.009512039960802016,0.10536880606717924,0.2273820859262038
Astrocyte,Astrocyte,CXCL12,SDC4,0.66011673,1.0,0.190134,-0.06409657028170664,3.957927730044373,0.020393584,0.41986105,0.05859380162850297,0.3301276184184576,0.4968171,1.0,0.23337492,0.2028178410371059,-14.132123043316332,0.03662022,0.5074072,0.0038790600030382608,0.10099625688295,0.22913136153550762
Endothelial,Oligodendrocyte,EDN1,ADGRL4,0.5042973,1.0,0.19098541,-0.0962923142216443,2.153231076198545,0.06556503,0.4204053,0.07196260056973756,0.3380224510989091,0.4997458,1.0,0.16275103,-0.14329488822841147,18.69579269265383,0.07763171,0.46242568,0.009834155824200172,0.10803276171311871,0.2299896893857904
Endothelial,Pericyte,PTN,PTPRB,0.7118119,1.0,0.22962816,-0.18616538304907576,-79.72231428431431,0.013109774,0.44300437,0.09885674666666668,0.3030924614412206,1.1875184,1.0,0.45520017,-0.1998942340143629,-109.99611699792364,0.01306427,0.5899301,0.014058923880485545,0.07204704339621466,0.23104541804500595
Endothelial,Oligodendrocyte,PTN,PTPRB,0.70601845,1.0,0.2152817,-0.19227392800095877,-79.66572517905813,0.012290715,0.43506023,0.10079816605392591,0.3094442505021383,1.181088,1.0,0.42736003,-0.20552924458519978,-112.76822343460955,0.012265256,0.58227545,0.015986132479849223,0.07504058619302217,0.23440366430911613
Endothelial,Astrocyte,EDN1,EDNRB,0.51932514,0.0,0.21370605,0.1768788386994362,-0.9294212053731155,0.16594228,0.4341577,0.00019085183722969057,0.3314382122542594,0.53383905,0.0,0.21693851,0.503709431046466,21.87077993071217,0.5935165,0.49827877,4.371082049422696e-06,0.09670842670152228,0.2347297855527371
Astrocyte,Pericyte,CXCL12,SDC4,0.5196596,1.0,0.14391911,-0.1336981415231465,-31.00343387426635,0.01543662,0.3863733,0.08829502967525191,0.3689703976137044,0.37293333,1.0,0.13901688,-0.027472035537216943,-13.021384493120706,0.021813946,0.44290155,0.007722716478219645,0.1199239365319307,0.24904646108177372
Endothelial,Pericyte,ADM,RAMP1,0.4146201,0.0,0.14429538,0.11200614702497207,-70.01838985941403,0.11816855,0.38668293,0.0029304371302733678,0.3689703976137044,0.37723893,0.0,0.12643003,0.26392209475813755,3.2113106175213897,0.15161237,0.43122682,1.897885403230199e-05,0.11898931209960373,0.2499810855141007
Endothelial,Astrocyte,EDN1,ADGRL4,0.47255096,1.0,0.14298797,-0.11969802883028394,3.3617198415426057,0.049087573,0.38560417,0.08071488,0.37034019984080274,0.4737262,1.0,0.12139583,-0.16467560606406562,18.55806238239725,0.057905417,0.42625093,0.011732855262097887,0.11805800467822333,0.25228219516257944
Endothelial,Microglia,ADM,RAMP2,0.38839883,1.0,0.11383696,-0.18795741183642584,-70.28183010293205,0.026381603,0.3589729,0.10014841739366072,0.4038066493987229,0.23495018,1.0,0.05493668,-0.2799574006005807,0.900728011878706,0.026762214,0.3332324,0.023619229457925467,0.1505119808229377,0.2532946685757852
Pericyte,Oligodendrocyte,S100A8,CD68,0.38492674,1.0,0.12445916,-0.2188460391823771,-inf,0.000914359,0.36930034,1.0,0.39392952026848926,0.2752357,1.0,0.07436874,-0.20420064144509875,-inf,0.00050140626,0.36768195,0.363148194413252,0.1393032806012694,0.25462623966721987
Endothelial,Oligodendrocyte,SELPLG,ESAM,0.4454829,1.0,0.18056116,-0.41735455148411027,-11.145892302998904,0.0058076307,0.41358286,0.22744756273818742,0.35673234971918594,0.49351752,1.0,0.24263431,-0.5363490201667866,-16.03190978861309,0.0045424225,0.51226896,0.03583090410527507,0.10186401257861344,0.2548683371405725
Endothelial,Oligodendrocyte,S100A8,CD68,0.3767748,1.0,0.11567291,-0.21904480322978195,-inf,0.0008498094,0.36081582,1.0,0.4009749391496754,0.25226077,1.0,0.063432336,-0.2045012947190587,-inf,0.00042767124,0.34939373,0.3824029764538148,0.14536929280426106,0.2556056463454144
Microglia,Oligodendrocyte,S100A9,CD68,0.36553708,1.0,0.10356078,-0.22181498867213192,-inf,0.0013498067,0.34816182,1.0,0.4166437760200147,0.20056728,1.0,0.03882548,-0.2047577368944088,-inf,0.00047788775,0.29584688,0.3655343766683191,0.15784462653332562,0.25879914948668903
Microglia,Endothelial,S100A8,CD68,0.35404146,1.0,0.12248649,-0.2356942177722901,-inf,0.00089986646,0.36744165,1.0,0.41091937103597886,0.22782172,1.0,0.047403943,-0.22786463388938563,-inf,0.00031960517,0.31705496,0.399556470550199,0.15155002796173975,0.2593693430742391
Microglia,Astrocyte,PTN,PTPRZ1,0.41159025,1.0,0.13798344,0.14440310703331108,-88.81834917398065,0.013744937,0.3813926,0.07680821671459354,0.3758393658708973,0.45693865,1.0,0.13887449,0.4158972299428062,-117.17092260262135,0.008573137,0.44277516,0.014058923880485545,0.11436586068656047,0.2614735051843368
Microglia,Astrocyte,CXCL12,SDC4,0.637536,1.0,0.13794008,-0.07843773193925004,1.8262868157943402,0.014795315,0.3813555,0.07143639384798173,0.3772191078097695,0.42354217,1.0,0.14356898,0.18057290349857497,-14.798053796241476,0.022528244,0.44688016,0.007312698366932843,0.1125397168469256,0.26467939096284393
Oligodendrocyte,Oligodendrocyte,SELPLG,ESAM,0.4442847,1.0,0.17917302,-0.4178522453936954,-16.317538216391384,0.005762982,0.4126473,0.22851925484990213,0.35943784107852184,0.5894838,1.0,0.3315183,-0.5149035963889012,-20.328515187411462,0.0062064435,0.55110824,0.035086361525988013,0.09250583571068863,0.26693200536783324
Endothelial,Oligodendrocyte,VWF,SIRPA,0.4447529,0.036,0.1142072,0.0117909976572593,6.1620547929985605,0.04425843,0.35934663,0.001088732757138241,0.40238985719713893,0.355368,0.995,0.07427424,-0.07198367370836635,5.73074491206293,0.038322553,0.36753416,0.00016855861597855085,0.1333529747068293,0.26903688249030966
Microglia,Pericyte,S100A8,CD68,0.32291445,1.0,0.10377461,-0.24408155550519162,-inf,0.00076239667,0.3483959,1.0,0.423841830954682,0.2265968,1.0,0.046681494,-0.22861173560256065,-inf,0.00031473432,0.31539458,0.4045089333263614,0.15259123704933575,0.2712505939053462
Microglia,Endothelial,S100A9,CD68,0.2998393,1.0,0.07831066,-0.2395119341668438,-inf,0.0010206976,0.31715733,1.0,0.43984191337330036,0.16193797,1.0,0.02622249,-0.22830676363577965,-inf,0.00032276244,0.2566634,0.39708876279470245,0.1685860368118275,0.2712558765614729
Endothelial,Astrocyte,PTN,PTPRB,0.6816926,1.0,0.15504287,-0.21792127519148663,-80.09290322209239,0.008851602,0.39523548,0.11017064745039598,0.3580840613409759,1.1516864,1.0,0.30006522,-0.2312943833455736,-112.68257024205491,0.008611889,0.53874916,0.020596929595653513,0.08676641139493602,0.2713176499460399
Pericyte,Oligodendrocyte,SELPLG,ESAM,0.4084044,1.0,0.13760564,-0.4327243628202996,-15.464533207488653,0.0044259946,0.38106924,0.22959395817244438,0.37860082819628615,0.4663414,1.0,0.2174638,-0.5424219847669749,-20.218780216945024,0.0040711984,0.49858102,0.036966505207361,0.10714140774273057,0.2714594204535556
Pericyte,Endothelial,S100A8,CD68,0.31922895,1.0,0.0941136,-0.23654298467708895,-inf,0.0006914205,0.33738777,1.0,0.4267341748757801,0.23660639,1.0,0.05022819,-0.2277496681864696,-inf,0.0003386467,0.32335326,0.3872751740667762,0.14844538946590735,0.27828878540987273
Endothelial,Endothelial,S100A8,CD68,0.311077,1.0,0.087469615,-0.23674174872449383,-inf,0.0006426094,0.32925367,1.0,0.43254130021330606,0.21363147,1.0,0.04284181,-0.22805032146042958,-inf,0.00028884652,0.30620223,0.4094840065905445,0.1536356355422599,0.27890566467104616
Endothelial,Oligodendrocyte,S100A9,CD68,0.3400908,1.0,0.07613454,-0.22304178998625346,-inf,0.0009923343,0.3141136,1.0,0.44277503695273307,0.19256398,1.0,0.035015795,-0.20495220480637277,-inf,0.00043099583,0.28520402,0.3799755897961632,0.1621037671952653,0.28067126975746776
Microglia,Pericyte,CXCL12,SDC4,0.49707884,1.0,0.1044117,-0.1480393031806899,-33.13507478851638,0.011199094,0.3490909,0.09379389793928486,0.41234762628818933,0.29965842,1.0,0.08552123,-0.04971697307574788,-13.68731524604585,0.013419635,0.3840697,0.010842819634455299,0.1313954142673396,0.28095221202084975
Pericyte,Oligodendrocyte,S100A9,CD68,0.3421586,1.0,0.078363195,-0.2229420877311813,-inf,0.0010213825,0.31722996,1.0,0.43837810908451846,0.20553638,1.0,0.041190844,-0.2046369942790791,-inf,0.0005070021,0.30204386,0.3607679709434558,0.15573382523552703,0.28264428384899143
Endothelial,Astrocyte,SELPLG,ESAM,0.36854056,1.0,0.13259299,-0.44831198382190596,-11.487887936716339,0.004264766,0.37670296,0.23067167453187745,0.39533473564224864,0.4278084,1.0,0.17377973,-0.570343017001553,-16.471702116570246,0.0032533773,0.47058457,0.038909720659099326,0.11163164877954032,0.2837030868627083
Microglia,Pericyte,S100A9,CD68,0.26871228,1.0,0.06634738,-0.2478992718997453,-inf,0.0008647688,0.299484,1.0,0.45903770278670425,0.16071305,1.0,0.025822852,-0.22905386534895467,-inf,0.00031784349,0.25520113,0.4020298666915564,0.1696772569326901,0.28936044585401416
Pericyte,Pericyte,S100A8,CD68,0.28810194,1.0,0.07973616,-0.24493032240999046,-inf,0.00058579433,0.31911394,1.0,0.44424434992249906,0.23538145,1.0,0.0494627,-0.22849676989964463,-inf,0.00033348566,0.32167545,0.3921704840948286,0.14947709990147762,0.29476725002102144
Endothelial,Pericyte,S100A8,CD68,0.27995,1.0,0.07410715,-0.24512908645739534,-inf,0.00054443994,0.31121346,1.0,0.45013991879631954,0.21240655,1.0,0.04218889,-0.22879742317360457,-inf,0.00028444445,0.30457336,1.0,0.15468315581738312,0.2954567629789364
Endothelial,Endothelial,S100A9,CD68,0.27439302,1.0,0.057571463,-0.24073873548096533,-inf,0.00075038394,0.28481635,1.0,0.47250557736498466,0.15393469,1.0,0.023649456,-0.2285012315477436,-inf,0.00029109194,0.24693583,0.40699365257897724,0.17077156643651392,0.30173401092847074
Oligodendrocyte,Astrocyte,SELPLG,ESAM,0.36734235,1.0,0.13157363,-0.4488096777314911,-16.659533850108822,0.004231979,0.37579736,0.23175240574302702,0.3995619932918451,0.5237747,1.0,0.23744029,-0.5488975932236675,-20.76830751536862,0.004445184,0.5095653,0.037350075763595614,0.09755918550576756,0.3020028077860776
Pericyte,Endothelial,S100A9,CD68,0.2764608,1.0,0.05925673,-0.24063903322589314,-inf,0.00077234965,0.28776398,1.0,0.4665020139601038,0.16690707,1.0,0.027820045,-0.22818602102045,-inf,0.00034242612,0.26234543,0.38483617721396934,0.16425210285385325,0.30224991110625055
Pericyte,Astrocyte,SELPLG,ESAM,0.33146206,1.0,0.1010491,-0.46368179515809527,-15.806528841206088,0.0032501777,0.34538105,0.23392291992359218,0.42095698364364564,0.40063232,1.0,0.1557521,-0.5764159816017412,-20.658572544902178,0.002915877,0.4569669,0.03930600581054089,0.11528392802247694,0.3056730556211687
Endothelial,Microglia,SELPLG,ESAM,0.31702578,1.0,0.10047714,-0.4690386536563481,-12.049080664182528,0.003231781,0.34473965,0.23720134730681292,0.4296340387980895,0.3723591,1.0,0.115676075,-0.5990295461638893,-16.77914795004712,0.002165603,0.42036018,0.04051026451881768,0.1208618453584493,0.3087721934396402
Pericyte,Pericyte,S100A9,CD68,0.24533379,1.0,0.050204262,-0.24902637095879465,-inf,0.00065436016,0.27107835,1.0,0.4815638796790302,0.16568214,1.0,0.027396059,-0.22893312273362498,-inf,0.00033720746,0.2608621,0.3897199490191617,0.16533092266310323,0.31623295701592696
Oligodendrocyte,Microglia,SELPLG,ESAM,0.31582755,1.0,0.09970468,-0.46953634756593327,-17.220726577575007,0.0032069357,0.34386846,0.2383002051103137,0.4310867403305991,0.46832538,1.0,0.15805158,-0.5775841223860037,-21.075753348845492,0.0029589261,0.4587859,0.039704853778259795,0.109825514149685,0.32126122618091413
Pericyte,Microglia,SELPLG,ESAM,0.27994728,1.0,0.07657362,-0.4844084649925374,-16.367721568672277,0.00246294,0.3147334,0.24161494885440155,0.4516183497530869,0.345183,1.0,0.10367601,-0.6051025107640775,-20.966018378379054,0.0019409466,0.40707836,0.040916840427858814,0.12464640962273882,0.3269719401303481
Microglia,Oligodendrocyte,PTN,PTPRB,0.2040981,1.0,0.040742386,-0.3029871796683892,-92.72345334850888,0.0023260366,0.2509459,0.20563426472793783,0.5044840113844448,0.1949673,1.0,0.038006246,-0.39138081942485015,-130.34617969004148,0.0010907813,0.2936304,0.03291225611780619,0.161034292463827,0.34344971892061776
Microglia,Pericyte,PTN,PTPRB,0.20989153,1.0,0.04345748,-0.2968786347165062,-92.78004245376506,0.0024810447,0.25705788,0.20063425375400087,0.5014056292084786,0.2013976,1.0,0.04048214,-0.38574580885401333,-127.57407325335556,0.0011618398,0.3002177,0.032558513816669694,0.15678763952814373,0.3446179896803349
Microglia,Astrocyte,PTN,PTPRB,0.17977226,1.0,0.029342098,-0.32863452685891703,-93.15063139154314,0.0016751791,0.22137065,0.2148214518162671,0.5122098264469666,0.16556568,1.0,0.026685584,-0.417145958185224,-130.26052649748684,0.0007658778,0.25833696,0.033627092090273224,0.1664128489296357,0.34579697751733085
Microglia,Astrocyte,MFGE8,PDGFRB,0.12968315,1.0,0.016816797,-0.48949452938644666,-inf,0.00054443994,0.17711471,1.0,1.0,0.16260575,1.0,0.024959154,-0.11248572930485505,-19.935555168729643,0.0023465795,0.25198156,0.027225909430781896,0.1696772569326901,0.8303227430673099
Oligodendrocyte,Astrocyte,MFGE8,PDGFRB,0.12968315,1.0,0.016816797,-0.48949452938644666,-inf,0.00054443994,0.17711471,1.0,1.0,0.255785,1.0,0.048089188,-0.07238662731429618,-17.539848207017236,0.0045211907,0.3186108,0.022768484802282565,0.1505119808229377,0.8494880191770623
Endothelial,Astrocyte,MFGE8,PDGFRB,0.12968315,1.0,0.016816797,-0.48949452938644666,-inf,0.00054443994,0.17711471,1.0,1.0,0.2765919,1.0,0.05325412,-0.06343295074509657,-3.5032431844123915,0.0050067813,0.3297857,0.020596929595653513,0.14741682263591283,0.8525831773640872
Endothelial,Microglia,ADM,RAMP1,0.12968315,1.0,0.016816797,-0.48949452938644666,-inf,0.00054443994,0.17711471,1.0,1.0,0.244372,0.0,0.05967069,0.08156875870660171,2.562303662669839,0.071555905,0.34247783,7.074101540077134e-05,0.14639146607425538,0.8536085339257447
Astrocyte,Astrocyte,MFGE8,PDGFRB,0.12968315,1.0,0.016816797,-0.48949452938644666,-inf,0.00054443994,0.17711471,1.0,1.0,1.6089064,0.0,0.38397673,0.5099273302297487,3.978479061721994,0.036100257,0.56920266,6.862158532464873e-05,0.08119657861258565,0.9188034213874143
Pericyte,Astrocyte,MFGE8,PDGFRB,0.12968315,1.0,0.016816797,-0.48949452938644666,-inf,0.00054443994,0.17711471,1.0,1.0,2.5969071,0.0,0.6292297,0.9351088406472541,-9.756245549686525,0.059158154,0.6284461,2.9363742906594545e-05,0.06410783497683857,0.9358921650231614
