source,target,ligand,receptor,weight
Microglia,Astrocyte,CCL4,CCR1,0.9996530009794264
Pericyte,Microglia,TIMP1,CD63,0.9964480001577138
Microglia,Astrocyte,CCL4,CCR5,0.9964480001577138
Microglia,Astrocyte,CCL3,CCR1,0.9959622543080885
Pericyte,Oligodendrocyte,TIMP1,CD63,0.995445873781739
Microglia,Endothelial,CCL2,ACKR1,0.994517394823895
Microglia,Astrocyte,CCL2,CCR2,0.9935044508507412
Microglia,Astrocyte,CCL2,CCR1,0.9930757115766058
Microglia,Oligodendrocyte,FN1,MAG,0.9886159369680672
Astrocyte,Endothelial,CXCL2,ACKR1,0.985984000617981
Astrocyte,Microglia,APOE,LSR,0.9837536378158345
Pericyte,Astrocyte,TIMP1,CD63,0.9784396014452994
Microglia,Astrocyte,CCL3,CCR5,0.9784396014452994
Microglia,Microglia,APOE,LSR,0.9744960514410564
Microglia,Astrocyte,CCL2,CCR5,0.9711128234995461
Pericyte,Pericyte,TIMP1,CD63,0.9693456339505104
Pericyte,Microglia,PTN,SDC4,0.9688960013614892
Microglia,Endothelial,LGALS3,ENG,0.9666009531500349
Oligodendrocyte,Oligodendrocyte,PSAP,GPR37L1,0.9622740160277459
Endothelial,Astrocyte,PGLYRP1,TREM1,0.9571733657000158
Astrocyte,Endothelial,CCL2,ACKR1,0.9571733657000158
Astrocyte,Oligodendrocyte,PSAP,GPR37L1,0.9561164945191233
Microglia,Endothelial,CCL7,ACKR1,0.9555834917276611
Microglia,Microglia,FN1,C5AR1,0.9539662257461282
Astrocyte,Microglia,CCL2,CCR5,0.9534210586118542
Microglia,Microglia,LGALS3,LAG3,0.9528728697104449
Astrocyte,Astrocyte,CCL2,CCR2,0.9523216530887926
Astrocyte,Astrocyte,CCL2,CCR1,0.9517674025907628
Microglia,Microglia,CCL7,CCR5,0.9495202457548583
Microglia,Astrocyte,CCL7,CCR2,0.9483785971890015
Microglia,Astrocyte,CCL7,CCR1,0.9478032724304126
Microglia,Oligodendrocyte,PSAP,GPR37L1,0.9454720023689269
Astrocyte,Microglia,CCL2,CCR1,0.9454720023689269
Microglia,Microglia,CCL7,CCR1,0.9418855556219347
Oligodendrocyte,Endothelial,PSAP,GPR37L1,0.9418855556219347
Microglia,Pericyte,LGALS3,ENG,0.9412774022816734
Oligodendrocyte,Microglia,PTN,SDC4,0.9388152056766726
Astrocyte,Endothelial,PSAP,GPR37L1,0.9369375496332494
Astrocyte,Astrocyte,CCL4,CCR1,0.9369375496332494
Microglia,Oligodendrocyte,LGALS3,ENG,0.9311460321183843
Astrocyte,Astrocyte,CCL2,CCR5,0.9291629609298152
Microglia,Endothelial,PSAP,GPR37L1,0.9264782216169569
Microglia,Astrocyte,CCL7,CCR5,0.9244342888276136
Astrocyte,Microglia,PTN,SDC4,0.9230572459805197
Pericyte,Oligodendrocyte,PTN,SDC4,0.9202686845569079
Oligodendrocyte,Microglia,PSAP,GPR37L1,0.9152785798017233
Microglia,Endothelial,PF4,ACKR1,0.9152785798017233
Astrocyte,Endothelial,CCL7,ACKR1,0.9138272114214308
Microglia,Microglia,TNF,VSIR,0.9130972793115667
Endothelial,Astrocyte,FN1,C5AR1,0.912364515429948
Microglia,Microglia,LGALS3,ENG,0.912364515429948
Oligodendrocyte,Microglia,APOE,LSR,0.9101492523092736
Oligodendrocyte,Pericyte,PSAP,GPR37L1,0.9094051804008789
Endothelial,Microglia,CCL4,CCR5,0.9086583049727625
Astrocyte,Astrocyte,CCL4,CCR5,0.9079086167356516
Oligodendrocyte,Astrocyte,CCL4,CCR1,0.9079086167356516
Endothelial,Astrocyte,CCL4,CCR1,0.9071561062116587
Microglia,Endothelial,CXCL2,ACKR1,0.9048817733476426
Astrocyte,Microglia,CCL7,CCR5,0.9041180683784718
Astrocyte,Astrocyte,CCL7,CCR2,0.9033515695630668
Astrocyte,Astrocyte,CCL7,CCR1,0.9025822671422061
Microglia,Astrocyte,LGALS3,ENG,0.9018101900689572
Astrocyte,Microglia,PSAP,GPR37L1,0.9002576729287244
Endothelial,Microglia,CXCL12,SDC4,0.898694056579196
Astrocyte,Pericyte,PSAP,GPR37L1,0.8963278387414665
Endothelial,Microglia,PTN,SDC4,0.8963278387414665
Astrocyte,Astrocyte,FN1,C5AR1,0.8947365390914406
Astrocyte,Microglia,CCL3,CCR5,0.8931342155737612
Endothelial,Microglia,CCL4,CCR1,0.889896611732705
Pericyte,Microglia,CCL4,CCR5,0.8890803638456054
Astrocyte,Astrocyte,CCL3,CCR1,0.8882613821609954
Microglia,Microglia,PSAP,GPR37L1,0.8874396560413456
Microglia,Endothelial,TNF,FAS,0.8866152161973452
Pericyte,Endothelial,CCL2,ACKR1,0.8849581527864923
Astrocyte,Microglia,CCL7,CCR1,0.8832902312385384
Microglia,Pericyte,PSAP,GPR37L1,0.8799218449198051
Pericyte,Astrocyte,CCL4,CCR1,0.8790729998708988
Oligodendrocyte,Oligodendrocyte,PTN,SDC4,0.8773672109747217
Astrocyte,Microglia,THBS1,SDC4,0.8765102877461125
Pericyte,Endothelial,PTN,SDC4,0.8730557479623908
Pericyte,Microglia,ANGPTL4,SDC4,0.8704367390880261
Microglia,Microglia,CXCL10,SDC4,0.8669074811082881
Pericyte,Endothelial,LGALS3,ENG,0.8642326544669194
Pericyte,Microglia,CCL2,CCR5,0.8633357670042878
Oligodendrocyte,Endothelial,LGALS3,ENG,0.8606292833559102
Pericyte,Astrocyte,CCL2,CCR2,0.8578991035422132
Pericyte,Astrocyte,CCL2,CCR1,0.856065898547522
Oligodendrocyte,Astrocyte,CCL4,CCR5,0.856065898547522
Endothelial,Endothelial,LGALS3,ENG,0.8551453739198599
Astrocyte,Microglia,CCL3,CCR1,0.8542222077581614
Endothelial,Astrocyte,CCL4,CCR5,0.8532964651243328
Astrocyte,Astrocyte,THBS1,SDC4,0.8505036245528343
Pericyte,Microglia,APOE,LSR,0.8495674840071386
Pericyte,Microglia,CCL4,CCR1,0.8486287203675533
Endothelial,Microglia,APOE,LSR,0.8476873997418476
Endothelial,Oligodendrocyte,FN1,C5AR1,0.8476873997418476
Endothelial,Microglia,ANGPTL4,SDC4,0.8457970058832686
Microglia,Astrocyte,TNF,VSIR,0.84484793897128
Astrocyte,Astrocyte,CCL7,CCR5,0.8429420809841169
Pericyte,Endothelial,TIMP1,CD63,0.8429420809841169
Astrocyte,Oligodendrocyte,PTN,SDC4,0.8419852641079044
Pericyte,Astrocyte,ANGPTL4,SDC4,0.8419852641079044
Astrocyte,Astrocyte,F10,F3,0.8410259129744099
Pericyte,Endothelial,ADM,RAMP2,0.8400639987082481
Pericyte,Astrocyte,FN1,C5AR1,0.8390995244698616
Microglia,Endothelial,CXCL10,ACKR1,0.8381324934196925
Microglia,Astrocyte,CXCL10,SDC4,0.8371629087181834
Oligodendrocyte,Endothelial,CCL2,ACKR1,0.8322767580789725
Endothelial,Endothelial,FN1,C5AR1,0.8322767580789725
Pericyte,Microglia,ADM,GPR84,0.8303045127536531
Oligodendrocyte,Astrocyte,FN1,C5AR1,0.8283221869350301
Pericyte,Microglia,CXCL12,SDC4,0.8263297729295908
Microglia,Astrocyte,SELPLG,SELL,0.8253297907579208
Pericyte,Oligodendrocyte,PSAP,GPR37L1,0.8233222581412867
Oligodendrocyte,Endothelial,PTN,SDC4,0.8223147476708375
Astrocyte,Pericyte,THBS1,SDC4,0.8192772103975965
Pericyte,Microglia,CCL2,CCR1,0.8172396780284078
Microglia,Astrocyte,FN1,C5AR1,0.8141647838728521
Endothelial,Oligodendrocyte,PSAP,GPR37L1,0.8131348593398131
Astrocyte,Astrocyte,CCL3,CCR5,0.8121024601669179
Endothelial,Endothelial,CCL2,ACKR1,0.8058562395265507
Astrocyte,Microglia,TNF,VSIR,0.803754488371952
Pericyte,Pericyte,ANGPTL4,SDC4,0.803754488371952
Pericyte,Astrocyte,CCL4,CCR5,0.8026999594963339
Endothelial,Pericyte,FN1,C5AR1,0.7973906969935625
Microglia,Pericyte,CXCL10,SDC4,0.7973906969935625
Pericyte,Microglia,LGALS3,LAG3,0.7941760086517333
Oligodendrocyte,Microglia,CCL2,CCR5,0.7909395242541295
Oligodendrocyte,Microglia,CXCL12,SDC4,0.7898558873836845
Pericyte,Endothelial,PSAP,GPR37L1,0.7887698454035398
Endothelial,Microglia,CCL3,CCR5,0.7887698454035398
Pericyte,Endothelial,CCL7,ACKR1,0.787681401474138
Astrocyte,Endothelial,PF4,ACKR1,0.7865905587559214
Pericyte,Astrocyte,CCL2,CCR5,0.7854972837153358
Oligodendrocyte,Microglia,LGALS3,LAG3,0.7854972837153358
Microglia,Pericyte,TNF,FAS,0.7844016528206557
Astrocyte,Endothelial,PTN,SDC4,0.783303632618594
Endothelial,Endothelial,PSAP,GPR37L1,0.7811004369340955
Oligodendrocyte,Astrocyte,CCL2,CCR2,0.7799952677725435
Oligodendrocyte,Astrocyte,CCL2,CCR1,0.7766654756036631
Pericyte,Microglia,THBS1,SDC4,0.7766654756036631
Endothelial,Astrocyte,CCL3,CCR1,0.7755508186630039
Endothelial,Microglia,LGALS3,LAG3,0.7710685445395947
Oligodendrocyte,Microglia,CCL3,CCR5,0.7699420990058938
Microglia,Endothelial,TNF,VSIR,0.7688133052507744
Oligodendrocyte,Endothelial,CXCL2,ACKR1,0.7688133052507744
Pericyte,Microglia,CCL3,CCR5,0.7676821664346789
Microglia,Astrocyte,TNF,FAS,0.7654128662613291
Endothelial,Oligodendrocyte,CXCL12,SDC4,0.7642746730260122
Microglia,Microglia,PTN,SDC4,0.7642746730260122
Astrocyte,Oligodendrocyte,FN1,C5AR1,0.7619913686999067
Oligodendrocyte,Astrocyte,CCL3,CCR1,0.7608462258093092
Astrocyte,Microglia,ANGPTL4,SDC4,0.7585489743752366
Oligodendrocyte,Endothelial,CCL7,ACKR1,0.7585489743752366
Endothelial,Microglia,CCL2,CCR5,0.7573968334863983
Endothelial,Oligodendrocyte,PTN,SDC4,0.7562424177298497
Pericyte,Astrocyte,CCL3,CCR1,0.7550856916774036
Pericyte,Endothelial,CXCL2,ACKR1,0.7527653213265875
Microglia,Oligodendrocyte,TNF,VSIR,0.7516016833491023
Endothelial,Astrocyte,CD34,SELL,0.7504357085877551
Astrocyte,Endothelial,FN1,C5AR1,0.7492674783855797
Endothelial,Astrocyte,CCL2,CCR2,0.7480969568502671
Endothelial,Endothelial,CCL7,ACKR1,0.7469241471422594
Pericyte,Astrocyte,PGLYRP1,TREM1,0.7469241471422594
Pericyte,Microglia,CCL7,CCR5,0.7445716758499286
Endothelial,Astrocyte,CCL2,CCR1,0.7433919809970853
Pericyte,Microglia,PSAP,GPR37L1,0.7433919809970853
Pericyte,Astrocyte,THBS1,SDC4,0.742210050126481
Oligodendrocyte,Astrocyte,PGLYRP1,TREM1,0.7386506359341758
Astrocyte,Pericyte,FN1,C5AR1,0.7350708156195558
Endothelial,Microglia,PSAP,GPR37L1,0.7350708156195558
Pericyte,Pericyte,PSAP,GPR37L1,0.7338730444501039
Astrocyte,Astrocyte,PGLYRP1,TREM1,0.7326730230334777
Pericyte,Astrocyte,CCL7,CCR2,0.7302662421004722
Endothelial,Pericyte,PSAP,GPR37L1,0.7290594889049777
Endothelial,Pericyte,EDN1,EDNRB,0.7278504575318063
Pericyte,Astrocyte,CCL7,CCR1,0.7242100908768335
Endothelial,Microglia,FN1,MAG,0.7229921811841944
Endothelial,Endothelial,CXCL2,ACKR1,0.7193250928354361
Astrocyte,Astrocyte,ANGPTL4,SDC4,0.7180983148189832
Astrocyte,Endothelial,TNF,FAS,0.7144047384441277
Microglia,Pericyte,TNF,VSIR,0.7144047384441277
Astrocyte,Oligodendrocyte,THBS1,SDC4,0.7131691012818449
Oligodendrocyte,Microglia,CCL7,CCR5,0.7119313089901688
Astrocyte,Microglia,CXCL12,SDC4,0.7119313089901688
Oligodendrocyte,Microglia,CCL2,CCR1,0.7106913233395996
Endothelial,Microglia,CCL3,CCR1,0.7082047846035513
Oligodendrocyte,Astrocyte,CCL7,CCR2,0.7057094684536372
Endothelial,Microglia,CCL7,CCR5,0.7044585633422824
Oligodendrocyte,Astrocyte,CCL7,CCR1,0.7032054838347948
Pericyte,Oligodendrocyte,ANGPTL4,SDC4,0.6994332305399589
Endothelial,Endothelial,CXCL12,SDC4,0.6981714427126151
Endothelial,Endothelial,PTN,SDC4,0.6956414789715712
Pericyte,Pericyte,THBS1,SDC4,0.693102906138807
Oligodendrocyte,Microglia,TNF,VSIR,0.6918303992141358
Microglia,Oligodendrocyte,CXCL10,SDC4,0.6918303992141358
Oligodendrocyte,Microglia,CCL3,CCR1,0.6905557494978617
Endothelial,Astrocyte,CCL7,CCR2,0.6892789173066619
Pericyte,Microglia,CCL3,CCR1,0.687999991416931
Oligodendrocyte,Astrocyte,CCL2,CCR5,0.6867189322170306
Endothelial,Astrocyte,CCL3,CCR5,0.6854357428674029
Endothelial,Astrocyte,FN1,MAG,0.6841504265284901
Microglia,Oligodendrocyte,TNF,FAS,0.6815733822529324
Endothelial,Astrocyte,CCL7,CCR1,0.6815733822529324
Pericyte,Pericyte,LGALS3,ENG,0.675093878307986
Astrocyte,Pericyte,ANGPTL4,SDC4,0.675093878307986
Endothelial,Microglia,CCL2,CCR1,0.6737916160645933
Oligodendrocyte,Microglia,SNCA,LAG3,0.6737916160645933
Oligodendrocyte,Microglia,VWF,SIRPA,0.6724872989014111
Pericyte,Microglia,VWF,SIRPA,0.6659343014086468
Astrocyte,Astrocyte,S100A4,CCR5,0.6659343014086468
Oligodendrocyte,Pericyte,LGALS3,ENG,0.664617459274536
Oligodendrocyte,Astrocyte,CCL3,CCR5,0.6632985407185366
Pericyte,Astrocyte,CCL3,CCR5,0.6606544869826414
Microglia,Microglia,CXCL12,SDC4,0.6606544869826414
Astrocyte,Microglia,FN1,MAG,0.6593293581236305
Astrocyte,Endothelial,THBS1,SDC4,0.6580021209520955
Pericyte,Microglia,CCL7,CCR1,0.6540081917516283
Endothelial,Pericyte,LGALS3,ENG,0.6513353113260287
Oligodendrocyte,Endothelial,PF4,ACKR1,0.6499958023069697
Endothelial,Astrocyte,CCL2,CCR5,0.6473106173768247
Pericyte,Endothelial,ANGPTL4,SDC4,0.6473106173768247
Pericyte,Astrocyte,ADM,RAMP1,0.6459649928001568
Microglia,Astrocyte,PGLYRP1,TREM1,0.6405621589214782
Endothelial,Oligodendrocyte,ANGPTL4,SDC4,0.639206405004161
Microglia,Endothelial,CXCL10,SDC4,0.639206405004161
Pericyte,Oligodendrocyte,FN1,C5AR1,0.637848634713679
Pericyte,Astrocyte,CCL7,CCR5,0.6364888512104743
Pericyte,Oligodendrocyte,LGALS3,ENG,0.6337632572076659
Endothelial,Astrocyte,ADM,GPR84,0.6296598001591973
Astrocyte,Astrocyte,FN1,MAG,0.6269142161155558
Oligodendrocyte,Oligodendrocyte,FN1,C5AR1,0.6255384406198975
Astrocyte,Astrocyte,SELPLG,SELL,0.6255384406198975
Oligodendrocyte,Oligodendrocyte,LGALS3,ENG,0.6241606341291027
Oligodendrocyte,Microglia,CCL7,CCR1,0.6227808921902305
Pericyte,Endothelial,FN1,C5AR1,0.6213991718037138
Microglia,Oligodendrocyte,FN1,C5AR1,0.6200154761299951
Pericyte,Microglia,LGALS3,ENG,0.6186298083295169
Astrocyte,Astrocyte,TNF,VSIR,0.6144609570829681
Pericyte,Astrocyte,LGALS3,ENG,0.6102745169638746
Oligodendrocyte,Endothelial,TNF,FAS,0.6074737545831466
Oligodendrocyte,Microglia,LGALS3,ENG,0.6060704797315107
Pericyte,Oligodendrocyte,CXCL12,SDC4,0.6032581116223106
Oligodendrocyte,Endothelial,FN1,C5AR1,0.6018490246856311
Endothelial,Oligodendrocyte,LGALS3,ENG,0.5976101428028611
Oligodendrocyte,Astrocyte,LGALS3,ENG,0.5961933506012771
Endothelial,Microglia,CCL7,CCR1,0.5947746400007723
Endothelial,Microglia,EDN1,ADGRL4,0.5947746400007723
Pericyte,Pericyte,ADM,RAMP2,0.5933540141617889
Pericyte,Pericyte,FN1,C5AR1,0.5919314762447694
Endothelial,Endothelial,ANGPTL4,SDC4,0.590507029410156
Microglia,Endothelial,FN1,C5AR1,0.590507029410156
Endothelial,Microglia,LGALS3,ENG,0.5847901680593504
Endothelial,Oligodendrocyte,ADM,GPR84,0.5847901680593504
Oligodendrocyte,Astrocyte,CCL7,CCR5,0.5833562239799853
Pericyte,Astrocyte,ADM,RAMP2,0.5804826208819933
Oligodendrocyte,Pericyte,FN1,C5AR1,0.5790430163563544
Endothelial,Astrocyte,LGALS3,ENG,0.5776015313573151
Microglia,Pericyte,FN1,C5AR1,0.5718168012237801
Pericyte,Endothelial,CXCL12,SDC4,0.5674586997866939
Pericyte,Oligodendrocyte,ADM,RAMP2,0.5660022847142319
Endothelial,Astrocyte,CCL7,CCR5,0.5616218909154815
Astrocyte,Pericyte,TNF,FAS,0.5542845072016251
Microglia,Astrocyte,CD34,SELL,0.5528114881640698
Oligodendrocyte,Oligodendrocyte,CXCL12,SDC4,0.5513366948962135
Pericyte,Microglia,FN1,MAG,0.5483816502469131
Oligodendrocyte,Astrocyte,VWF,SIRPA,0.5454193491824451
Pericyte,Oligodendrocyte,THBS1,SDC4,0.542449767144945
Pericyte,Astrocyte,VWF,SIRPA,0.542449767144945
Astrocyte,Endothelial,TNF,VSIR,0.5394730289801726
Astrocyte,Astrocyte,TNF,FAS,0.5379819656060179
Oligodendrocyte,Astrocyte,TNF,VSIR,0.5364891102512741
Microglia,Oligodendrocyte,PTN,SDC4,0.5349944159343074
Astrocyte,Oligodendrocyte,TNF,VSIR,0.5334979860398962
Oligodendrocyte,Microglia,FN1,MAG,0.530499731592839
Pericyte,Pericyte,ADM,RAMP1,0.530499731592839
Pericyte,Astrocyte,ADM,GPR84,0.5289979636227886
Astrocyte,Oligodendrocyte,ANGPTL4,SDC4,0.5274944226350153
Endothelial,Astrocyte,SELPLG,SELL,0.5259891117899615
Microglia,Microglia,FN1,MAG,0.5244820342480698
Oligodendrocyte,Astrocyte,SELPLG,SELL,0.5244820342480698
Pericyte,Astrocyte,FN1,MAG,0.5214625917155415
Pericyte,Astrocyte,CD34,SELL,0.5184361203209698
Oligodendrocyte,Astrocyte,CD34,SELL,0.5169202567015239
Pericyte,Microglia,COL3A1,MAG,0.5154026453478939
Endothelial,Pericyte,S100A9,CD68,0.513883289420523
Oligodendrocyte,Endothelial,CXCL12,SDC4,0.5123620900234559
Astrocyte,Pericyte,TNF,VSIR,0.510839254313476
Oligodendrocyte,Astrocyte,FN1,MAG,0.5093146835112938
Pericyte,Microglia,ADM,RAMP2,0.5093146835112938
Pericyte,Endothelial,THBS1,SDC4,0.507788380777352
Microglia,Astrocyte,FN1,MAG,0.5031991125893922
Astrocyte,Oligodendrocyte,CXCL12,SDC4,0.5031991125893922
Pericyte,Oligodendrocyte,ADM,GPR84,0.5016659137328355
Pericyte,Astrocyte,SELPLG,SELL,0.500130998746731
Microglia,Endothelial,PTN,SDC4,0.49705603302764845
Astrocyte,Oligodendrocyte,TNF,FAS,0.49551598861555524
Astrocyte,Astrocyte,CD34,SELL,0.49397424071568385
Pericyte,Astrocyte,COL3A1,MAG,0.4924306889347052
Astrocyte,Endothelial,ANGPTL4,SDC4,0.4924306889347052
Microglia,Oligodendrocyte,CXCL12,SDC4,0.48933870391286804
Oligodendrocyte,Pericyte,TNF,FAS,0.48933870391286804
Oligodendrocyte,Endothelial,TNF,VSIR,0.484688052937744
Oligodendrocyte,Astrocyte,TNF,FAS,0.4831344690031738
Astrocyte,Endothelial,CXCL12,SDC4,0.4831344690031738
Oligodendrocyte,Oligodendrocyte,TNF,VSIR,0.4815792068645768
Oligodendrocyte,Oligodendrocyte,VWF,SIRPA,0.48002226968239503
Pericyte,Oligodendrocyte,VWF,SIRPA,0.47846366061707113
Microglia,Endothelial,CXCL12,SDC4,0.47690338282904743
Oligodendrocyte,Pericyte,TNF,VSIR,0.47534143947876606
Astrocyte,Microglia,FN1,C5AR1,0.08418520375267866
Microglia,Microglia,CCL3,CCR1,0.0770099569919966
Microglia,Microglia,CCL4,CCR1,0.0723698267528117
Microglia,Microglia,CCL2,CCR1,0.07196709872495505
Oligodendrocyte,Microglia,FN1,C5AR1,0.07190223656384578
Astrocyte,Microglia,CCL4,CCR1,0.06876714424929835
Microglia,Microglia,CCL2,CCR5,0.06820663591355705
Pericyte,Microglia,FN1,C5AR1,0.06792168644844253
Microglia,Microglia,CCL3,CCR5,0.06093929485469987
Endothelial,Microglia,FN1,C5AR1,0.05751293624748596
Oligodendrocyte,Microglia,CCL4,CCR1,0.05711315422147506
Microglia,Microglia,CCL4,CCR5,0.05049013946862181
Astrocyte,Microglia,CCL4,CCR5,0.03660563405381041
Oligodendrocyte,Microglia,CCL4,CCR5,0.035750014043906625
Endothelial,Microglia,ADM,GPR84,0.030293599957048153
Oligodendrocyte,Microglia,S100A9,CD68,0.029747276789313118
Oligodendrocyte,Microglia,S100A8,CD68,0.024246004899052827
Astrocyte,Endothelial,LGALS3,ENG,0.021781234612661758
Endothelial,Pericyte,SPARC,ENG,0.016218020488072762
Astrocyte,Microglia,LGALS3,LAG3,0.01472440180715151
Astrocyte,Pericyte,LGALS3,ENG,0.014194388648858698
Endothelial,Endothelial,SPARC,ENG,0.013071359935253308
Pericyte,Endothelial,SPARC,ENG,0.010859610509535563
Endothelial,Microglia,APP,CD74,0.009930603550574721
Microglia,Astrocyte,APP,CD74,0.007340507177442222
Astrocyte,Oligodendrocyte,FN1,MAG,0.006826982023569419
Pericyte,Pericyte,SPARC,ENG,0.006800496083898308
Astrocyte,Oligodendrocyte,LGALS3,ENG,0.006676559720285205
Oligodendrocyte,Pericyte,APP,CD74,0.003663956013156812
Oligodendrocyte,Oligodendrocyte,FN1,MAG,0.0036092011455411584
Oligodendrocyte,Astrocyte,PSAP,GPR37L1,0.0028902502634061645
Endothelial,Astrocyte,SPARC,ENG,0.0026804924312596387
Pericyte,Astrocyte,APP,CD74,0.002530695926990632
Astrocyte,Astrocyte,APP,CD74,0.002452028414015737
Microglia,Oligodendrocyte,APOE,LSR,0.0022219060721384437
Endothelial,Astrocyte,APP,CD74,0.0021932783352828764
Oligodendrocyte,Oligodendrocyte,PSAP,GPR37,0.0018246759644852508
Endothelial,Oligodendrocyte,SPARC,ENG,0.0013889703712591586
Pericyte,Oligodendrocyte,FN1,MAG,0.0008510167753896661
Oligodendrocyte,Astrocyte,APP,CD74,0.0008188081416825646
Astrocyte,Oligodendrocyte,APOE,LSR,0.0007395113852864624
Microglia,Microglia,APOE,TREM2,0.0004852345043780421
Endothelial,Oligodendrocyte,FN1,MAG,0.0004486957920305122
Microglia,Endothelial,APOE,LSR,0.00014112047663693479
Astrocyte,Astrocyte,APOE,TREM2,0.00011308133214401163
Astrocyte,Endothelial,APOE,LSR,6.181528922278932e-05
Oligodendrocyte,Microglia,APP,CD74,2.478487284538096e-05
Astrocyte,Microglia,APOE,TREM2,3.942397107161268e-07
Oligodendrocyte,Microglia,BSG,SLC16A1,-0.0
Microglia,Pericyte,CAMP,IGF1R,-0.0
Oligodendrocyte,Microglia,CCL2,CCR3,-0.0
Oligodendrocyte,Astrocyte,CXCL1,ACKR1,-0.0
Oligodendrocyte,Oligodendrocyte,CCL11,CCR2,-0.0
Microglia,Oligodendrocyte,GAST,CCKBR,-0.0
Oligodendrocyte,Oligodendrocyte,CCL11,CCR3,-0.0
Oligodendrocyte,Oligodendrocyte,CCL5,ACKR1,-0.0
Oligodendrocyte,Astrocyte,CCL8,CCR1,-0.0
Oligodendrocyte,Oligodendrocyte,CCL5,CCR1,-0.0
Oligodendrocyte,Astrocyte,CCL8,ACKR1,-0.0
Microglia,Pericyte,CCL1,ACKR1,-0.0
Oligodendrocyte,Oligodendrocyte,CCL5,CCR3,-0.0
Microglia,Oligodendrocyte,CYTL1,CCR2,-0.0
Oligodendrocyte,Oligodendrocyte,CCL5,CCR5,-0.0
Oligodendrocyte,Oligodendrocyte,CCL5,SDC4,-0.0
Oligodendrocyte,Oligodendrocyte,CCL7,ACKR1,-0.0
Oligodendrocyte,Oligodendrocyte,CCL2,ACKR1,-0.0
Microglia,Oligodendrocyte,CXCL9,CCR3,-0.0
Oligodendrocyte,Oligodendrocyte,CCL7,CCR1,-0.0
Oligodendrocyte,Oligodendrocyte,CCL7,CCR2,-0.0
Oligodendrocyte,Oligodendrocyte,CCL7,CCR3,-0.0
Oligodendrocyte,Oligodendrocyte,CCL7,CCR5,-0.0
Microglia,Oligodendrocyte,EDN1,ADGRL4,-0.0
Oligodendrocyte,Microglia,CCL2,CCR2,-0.0
Microglia,Pericyte,CCL11,ACKR1,-0.0
Microglia,Pericyte,CCL3,CCR3,-0.0
Oligodendrocyte,Oligodendrocyte,CAMP,IGF1R,-0.0
Oligodendrocyte,Oligodendrocyte,CCL1,ACKR1,-0.0
Oligodendrocyte,Astrocyte,CD177,PECAM1,-0.0
Microglia,Pericyte,CALCB,RAMP2,-0.0
Microglia,Pericyte,CAMP,FPR2,-0.0
Microglia,Pericyte,CCL3,CCR5,-0.0
Oligodendrocyte,Astrocyte,CXCL1,CXCR1,-0.0
Oligodendrocyte,Microglia,CCL5,CCR1,-0.0
Oligodendrocyte,Microglia,CCL5,CCR5,-0.0
Oligodendrocyte,Microglia,APOB,TREM2,-0.0
Microglia,Pericyte,BMP8A,TGFBR1,-0.0
Oligodendrocyte,Microglia,APOB,LSR,-0.0
Microglia,Pericyte,B2M,KLRD1,-0.0
Microglia,Pericyte,CCL4,CCR1,-0.0
Oligodendrocyte,Microglia,ANXA1,FPR1,-0.0
Oligodendrocyte,Microglia,CCL5,SDC4,-0.0
Oligodendrocyte,Microglia,CCL7,ACKR1,-0.0
Oligodendrocyte,Oligodendrocyte,CCL11,ACKR1,-0.0
Microglia,Pericyte,B2M,KLRC2,-0.0
Oligodendrocyte,Microglia,CCL4,CCR3,-0.0
Oligodendrocyte,Microglia,CCL7,CCR3,-0.0
Microglia,Pericyte,CALCA,GPR84,-0.0
Oligodendrocyte,Microglia,CCL3,CCR3,-0.0
Microglia,Oligodendrocyte,CXCL5,CXCR2,-0.0
Oligodendrocyte,Oligodendrocyte,CAMP,FPR2,-0.0
Oligodendrocyte,Astrocyte,CCL7,ACKR1,-0.0
Oligodendrocyte,Oligodendrocyte,CCL4,GPR152,-0.0
Oligodendrocyte,Oligodendrocyte,CCL24,CCR3,-0.0
Oligodendrocyte,Microglia,MSMP,CCR2,-0.0
Oligodendrocyte,Microglia,HP,ASGR1,-0.0
Oligodendrocyte,Oligodendrocyte,ANGPTL4,SDC4,-0.0
Oligodendrocyte,Microglia,EDN1,EDNRB,-0.0
Microglia,Oligodendrocyte,SCT,RAMP2,-0.0
Microglia,Oligodendrocyte,SELPLG,SELL,-0.0
Oligodendrocyte,Microglia,HDC,HRH3,-0.0
Oligodendrocyte,Microglia,GZMA,F2RL1,-0.0
Oligodendrocyte,Microglia,GAST,GPR152,-0.0
Oligodendrocyte,Astrocyte,CCL8,CCR3,-0.0
Oligodendrocyte,Oligodendrocyte,ANXA1,FPR1,-0.0
Oligodendrocyte,Oligodendrocyte,APOB,LSR,-0.0
Oligodendrocyte,Microglia,FN1,CD79A,-0.0
Microglia,Oligodendrocyte,SNCA,LAG3,-0.0
Oligodendrocyte,Microglia,FGL1,LAG3,-0.0
Oligodendrocyte,Microglia,F10,F3,-0.0
Oligodendrocyte,Microglia,ADM,RAMP2,-0.0
Oligodendrocyte,Microglia,NPY,NPY5R,-0.0
Oligodendrocyte,Microglia,IL6,MUSK,-0.0
Oligodendrocyte,Microglia,PGLYRP1,TREM1,-0.0
Oligodendrocyte,Microglia,ITIH2,FCER1A,-0.0
Oligodendrocyte,Microglia,GAST,CCKBR,-0.0
Microglia,Oligodendrocyte,FN1,CD79A,-0.0
Oligodendrocyte,Astrocyte,CCL8,CCR2,-0.0
Oligodendrocyte,Oligodendrocyte,CCL28,CCR3,-0.0
Oligodendrocyte,Oligodendrocyte,CCL4,CCR3,-0.0
Oligodendrocyte,Oligodendrocyte,CCL2,CCR1,-0.0
Microglia,Oligodendrocyte,CXCL9,ACKR1,-0.0
Oligodendrocyte,Microglia,CCL5,ACKR1,-0.0
Oligodendrocyte,Oligodendrocyte,CCL17,ACKR1,-0.0
Oligodendrocyte,Oligodendrocyte,APP,FPR2,-0.0
Oligodendrocyte,Astrocyte,CCL8,CCR5,-0.0
Oligodendrocyte,Oligodendrocyte,B2M,KLRC1,-0.0
Oligodendrocyte,Oligodendrocyte,CCL11,CCR5,-0.0
Microglia,Oligodendrocyte,GZMA,F2RL1,-0.0
Microglia,Oligodendrocyte,HDC,HRH3,-0.0
Microglia,Oligodendrocyte,LGALS3,LAG3,-0.0
Microglia,Oligodendrocyte,ITIH2,FCER1A,-0.0
Microglia,Oligodendrocyte,IL6,MUSK,-0.0
Microglia,Oligodendrocyte,IL6,F3,-0.0
Microglia,Oligodendrocyte,IL34,PTPRZ1,-0.0
Oligodendrocyte,Microglia,TNF,FAS,-0.0
Microglia,Oligodendrocyte,HSPA1A,GRIN2D,-0.0
Oligodendrocyte,Oligodendrocyte,ADM,GPR84,-0.0
Oligodendrocyte,Oligodendrocyte,ADM,RAMP1,-0.0
Oligodendrocyte,Oligodendrocyte,ADM,RAMP2,-0.0
Oligodendrocyte,Oligodendrocyte,ANGPTL4,GPIHBP1,-0.0
Oligodendrocyte,Oligodendrocyte,CCL3,CCR1,-0.0
Oligodendrocyte,Oligodendrocyte,CCL19,CCR7,-0.0
Oligodendrocyte,Oligodendrocyte,CALCB,RAMP2,-0.0
Oligodendrocyte,Oligodendrocyte,CALCB,RAMP1,-0.0
Oligodendrocyte,Oligodendrocyte,CALCB,GPR84,-0.0
Microglia,Pericyte,CXCL3,CXCR2,-0.0
Oligodendrocyte,Astrocyte,CXCL9,ACKR1,-0.0
Oligodendrocyte,Endothelial,CXCL9,CCR3,-0.0
Oligodendrocyte,Endothelial,CYTL1,CCR2,-0.0
Oligodendrocyte,Oligodendrocyte,CCL8,ACKR1,-0.0
Oligodendrocyte,Pericyte,CCL5,CCR5,-0.0
Oligodendrocyte,Oligodendrocyte,CCL8,CCR2,-0.0
Pericyte,Microglia,PENK,OPRL1,-0.0
Oligodendrocyte,Endothelial,CXCL9,ACKR1,-0.0
Oligodendrocyte,Astrocyte,HP,ASGR1,-0.0
Oligodendrocyte,Astrocyte,CXCL9,CCR3,-0.0
Pericyte,Microglia,CXCL9,ACKR1,-0.0
Pericyte,Oligodendrocyte,CCL24,CCR3,-0.0
Pericyte,Oligodendrocyte,CCL28,CCR3,-0.0
Pericyte,Oligodendrocyte,CCL3,CCR1,-0.0
Pericyte,Oligodendrocyte,CCL3,CCR3,-0.0
Pericyte,Oligodendrocyte,CCL3,CCR5,-0.0
Pericyte,Oligodendrocyte,CCL4,CCR1,-0.0
Pericyte,Oligodendrocyte,CCL4,CCR3,-0.0
Pericyte,Oligodendrocyte,CCL4,CCR5,-0.0
Pericyte,Oligodendrocyte,CCL4,GPR152,-0.0
Pericyte,Oligodendrocyte,CCL5,ACKR1,-0.0
Pericyte,Microglia,CYTL1,CCR2,-0.0
Microglia,Pericyte,CXCL5,ACKR1,-0.0
Oligodendrocyte,Endothelial,CXCL5,CXCR2,-0.0
Pericyte,Microglia,PGLYRP1,TREM1,-0.0
Pericyte,Microglia,PPBP,ACKR1,-0.0
Pericyte,Microglia,S100A4,CCR5,-0.0
Pericyte,Microglia,SAA1,FPR2,-0.0
Pericyte,Microglia,SCT,GPR84,-0.0
Pericyte,Microglia,SCT,RAMP2,-0.0
Pericyte,Microglia,SELPLG,SELL,-0.0
Pericyte,Microglia,SNCA,LAG3,-0.0
Pericyte,Microglia,NTS,NTSR2,-0.0
Pericyte,Microglia,NPY,NPY5R,-0.0
Pericyte,Microglia,SAA1,FPR1,-0.0
Pericyte,Microglia,CXCL5,CXCR2,-0.0
Pericyte,Microglia,PNOC,OPRL1,-0.0
Pericyte,Microglia,PF4,ACKR1,-0.0
Microglia,Pericyte,CYTL1,CCR2,-0.0
Microglia,Pericyte,CXCL9,CCR3,-0.0
Microglia,Pericyte,CXCL9,ACKR1,-0.0
Oligodendrocyte,Endothelial,CXCL3,ACKR1,-0.0
Oligodendrocyte,Endothelial,CXCL3,CXCR1,-0.0
Microglia,Pericyte,CXCL5,CXCR2,-0.0
Oligodendrocyte,Endothelial,CXCL3,CXCR2,-0.0
Oligodendrocyte,Endothelial,CXCL5,ACKR1,-0.0
Oligodendrocyte,Endothelial,CXCL5,CXCR1,-0.0
Microglia,Pericyte,CXCL5,CXCR1,-0.0
Pericyte,Oligodendrocyte,CCL24,CCR2,-0.0
Pericyte,Oligodendrocyte,CCL5,CCR1,-0.0
Pericyte,Oligodendrocyte,CCL5,CCR5,-0.0
Pericyte,Oligodendrocyte,CCL5,SDC4,-0.0
Pericyte,Microglia,ITIH2,FCER1A,-0.0
Pericyte,Microglia,LPL,GPIHBP1,-0.0
Pericyte,Microglia,MFGE8,PDGFRB,-0.0
Pericyte,Microglia,MSMP,CCR2,-0.0
Pericyte,Microglia,TDGF1,ACVR1C,-0.0
Pericyte,Microglia,HSPA1A,GRIN2D,-0.0
Pericyte,Microglia,CXCL2,ACKR1,-0.0
Oligodendrocyte,Astrocyte,HDC,HRH3,-0.0
Oligodendrocyte,Astrocyte,MSMP,CCR2,-0.0
Oligodendrocyte,Microglia,CCL24,CCR2,-0.0
Oligodendrocyte,Microglia,CCL24,CCR3,-0.0
Oligodendrocyte,Microglia,CCL28,CCR3,-0.0
Microglia,Pericyte,CALCB,RAMP1,-0.0
Oligodendrocyte,Microglia,CXCL9,CCR3,-0.0
Microglia,Pericyte,CALCB,GPR84,-0.0
Oligodendrocyte,Microglia,CCL5,CCR3,-0.0
Oligodendrocyte,Astrocyte,GAST,GPR152,-0.0
Oligodendrocyte,Microglia,EDN1,ADGRL4,-0.0
Oligodendrocyte,Oligodendrocyte,B2M,KLRC2,-0.0
Oligodendrocyte,Oligodendrocyte,B2M,KLRD1,-0.0
Oligodendrocyte,Oligodendrocyte,BMP8A,TGFBR1,-0.0
Microglia,Oligodendrocyte,GAST,GPR152,-0.0
Oligodendrocyte,Oligodendrocyte,CALCA,GPR84,-0.0
Pericyte,Microglia,IL6,MUSK,-0.0
Oligodendrocyte,Astrocyte,CFP,NCR1,-0.0
Pericyte,Microglia,IL6,F3,-0.0
Pericyte,Microglia,HP,CD163,-0.0
Pericyte,Oligodendrocyte,CCL7,ACKR1,-0.0
Pericyte,Oligodendrocyte,CCL7,CCR1,-0.0
Pericyte,Oligodendrocyte,CCL7,CCR2,-0.0
Pericyte,Oligodendrocyte,CCL7,CCR3,-0.0
Pericyte,Oligodendrocyte,CCL7,CCR5,-0.0
Pericyte,Oligodendrocyte,CCL8,ACKR1,-0.0
Pericyte,Oligodendrocyte,CCL2,CCR2,-0.0
Pericyte,Oligodendrocyte,CCL2,CCR1,-0.0
Pericyte,Oligodendrocyte,CCL5,CCR3,-0.0
Pericyte,Microglia,CXCL9,CCR3,-0.0
Pericyte,Oligodendrocyte,CCL2,CCR5,-0.0
Pericyte,Microglia,TNF,FAS,-0.0
Pericyte,Microglia,EDN1,ADGRL4,-0.0
Pericyte,Microglia,EDN1,EDNRB,-0.0
Pericyte,Microglia,F10,F3,-0.0
Pericyte,Microglia,FGL1,LAG3,-0.0
Pericyte,Microglia,FN1,CD79A,-0.0
Pericyte,Microglia,GAST,CCKBR,-0.0
Pericyte,Microglia,GAST,GPR152,-0.0
Pericyte,Microglia,GZMA,F2RL1,-0.0
Pericyte,Microglia,HDC,HRH3,-0.0
Pericyte,Microglia,HP,ASGR1,-0.0
Pericyte,Oligodendrocyte,CCL2,CCR3,-0.0
Pericyte,Microglia,IL34,PTPRZ1,-0.0
Oligodendrocyte,Microglia,BMP8A,TGFBR1,-0.0
Microglia,Oligodendrocyte,RLN3,RAMP2,-0.0
Oligodendrocyte,Oligodendrocyte,APOB,TREM2,-0.0
Oligodendrocyte,Endothelial,CCL7,CCR5,-0.0
Microglia,Pericyte,PNOC,OPRL1,-0.0
Oligodendrocyte,Astrocyte,CCL3,CCR3,-0.0
Oligodendrocyte,Microglia,CCL8,CCR2,-0.0
Oligodendrocyte,Endothelial,CCL7,CCR3,-0.0
Oligodendrocyte,Endothelial,CCL7,CCR2,-0.0
Oligodendrocyte,Endothelial,CCL7,CCR1,-0.0
Microglia,Pericyte,PPBP,ACKR1,-0.0
Oligodendrocyte,Microglia,CCL8,CCR1,-0.0
Microglia,Pericyte,CCL4,CCR3,-0.0
Oligodendrocyte,Microglia,CCL8,CCR3,-0.0
Oligodendrocyte,Astrocyte,CSF3,CSF1R,-0.0
Oligodendrocyte,Endothelial,CCL2,CCR1,-0.0
Oligodendrocyte,Microglia,CXCL5,CXCR1,-0.0
Oligodendrocyte,Microglia,CSF3,CSF1R,-0.0
Microglia,Pericyte,PSAP,GPR37,-0.0
Oligodendrocyte,Endothelial,CCL19,CCR7,-0.0
Microglia,Pericyte,RLN3,GPR84,-0.0
Microglia,Pericyte,RLN3,RAMP2,-0.0
Oligodendrocyte,Microglia,CAMP,IGF1R,-0.0
Microglia,Pericyte,S100A4,CCR5,-0.0
Oligodendrocyte,Endothelial,APOB,TREM2,-0.0
Oligodendrocyte,Endothelial,CCL2,CCR2,-0.0
Oligodendrocyte,Astrocyte,EDN1,EDNRB,-0.0
Microglia,Pericyte,PGLYRP1,TREM1,-0.0
Oligodendrocyte,Endothelial,ADM,RAMP2,-0.0
Oligodendrocyte,Astrocyte,CCL28,CCR3,-0.0
Oligodendrocyte,Endothelial,CCL11,CCR2,-0.0
Oligodendrocyte,Astrocyte,COL3A1,MAG,-0.0
Oligodendrocyte,Endothelial,CCL11,ACKR1,-0.0
Oligodendrocyte,Endothelial,CCL1,ACKR1,-0.0
Oligodendrocyte,Endothelial,CAMP,FPR2,-0.0
Microglia,Pericyte,RIMS1,SLC17A7,-0.0
Oligodendrocyte,Microglia,CXCL9,ACKR1,-0.0
Oligodendrocyte,Microglia,CSF2,CSF1R,-0.0
Microglia,Pericyte,APOB,TREM2,-0.0
Oligodendrocyte,Endothelial,CALCB,RAMP2,-0.0
Microglia,Pericyte,APP,FPR2,-0.0
Oligodendrocyte,Endothelial,CALCB,RAMP1,-0.0
Oligodendrocyte,Endothelial,CALCB,GPR84,-0.0
Oligodendrocyte,Endothelial,CALCA,GPR84,-0.0
Microglia,Pericyte,SAA1,FPR1,-0.0
Oligodendrocyte,Microglia,CD40LG,CD53,-0.0
Oligodendrocyte,Astrocyte,CGA,RAMP2,-0.0
Oligodendrocyte,Microglia,CD34,SELL,-0.0
Oligodendrocyte,Microglia,CD177,PECAM1,-0.0
Oligodendrocyte,Endothelial,ADM,GPR84,-0.0
Oligodendrocyte,Endothelial,ADM,RAMP1,-0.0
Oligodendrocyte,Microglia,CCL8,CCR5,-0.0
Oligodendrocyte,Endothelial,APOB,LSR,-0.0
Oligodendrocyte,Endothelial,CCL8,ACKR1,-0.0
Oligodendrocyte,Endothelial,ANXA1,FPR1,-0.0
Oligodendrocyte,Endothelial,ANGPTL4,GPIHBP1,-0.0
Microglia,Pericyte,ANGPTL4,GPIHBP1,-0.0
Microglia,Pericyte,CCL4,GPR152,-0.0
Oligodendrocyte,Microglia,CCL8,ACKR1,-0.0
Oligodendrocyte,Microglia,CCL11,CCR3,-0.0
Microglia,Pericyte,ADM,RAMP1,-0.0
Oligodendrocyte,Microglia,CXCL10,ACKR1,-0.0
Microglia,Pericyte,CCL2,CCR1,-0.0
Oligodendrocyte,Microglia,CXCL1,CXCR2,-0.0
Oligodendrocyte,Microglia,CXCL1,CXCR1,-0.0
Microglia,Pericyte,CCL24,CCR2,-0.0
Microglia,Pericyte,B2M,KLRC1,-0.0
Oligodendrocyte,Microglia,CXCL1,ACKR1,-0.0
Oligodendrocyte,Microglia,CCL11,CCR2,-0.0
Oligodendrocyte,Astrocyte,CCL5,CCR1,-0.0
Microglia,Pericyte,BSG,SLC16A1,-0.0
Oligodendrocyte,Microglia,B2M,KLRD1,-0.0
Microglia,Pericyte,CCL2,ACKR1,-0.0
Oligodendrocyte,Microglia,CCL19,CCR7,-0.0
Oligodendrocyte,Microglia,CCL17,ACKR1,-0.0
Oligodendrocyte,Microglia,CCL11,CCR5,-0.0
Oligodendrocyte,Astrocyte,CXCL10,ACKR1,-0.0
Microglia,Pericyte,CCL19,CCR7,-0.0
Oligodendrocyte,Astrocyte,CXCL1,CXCR2,-0.0
Oligodendrocyte,Microglia,CCL11,ACKR1,-0.0
Oligodendrocyte,Microglia,B2M,KLRC2,-0.0
Oligodendrocyte,Microglia,B2M,KLRC1,-0.0
Oligodendrocyte,Oligodendrocyte,CCL24,CCR2,-0.0
Oligodendrocyte,Oligodendrocyte,CCL2,CCR5,-0.0
Oligodendrocyte,Microglia,CALCB,GPR84,-0.0
Microglia,Pericyte,CCL24,CCR3,-0.0
Oligodendrocyte,Oligodendrocyte,CCL2,CCR3,-0.0
Oligodendrocyte,Microglia,CALCA,GPR84,-0.0
Oligodendrocyte,Microglia,CCL7,CCR2,-0.0
Microglia,Pericyte,CCL2,CCR5,-0.0
Oligodendrocyte,Microglia,CCL1,ACKR1,-0.0
Microglia,Pericyte,CCL11,CCR2,-0.0
Microglia,Pericyte,CCL11,CCR3,-0.0
Microglia,Pericyte,CCL2,CCR3,-0.0
Microglia,Pericyte,CCL2,CCR2,-0.0
Microglia,Pericyte,CCL28,CCR3,-0.0
Oligodendrocyte,Microglia,CAMP,FPR2,-0.0
Oligodendrocyte,Microglia,CALCB,RAMP2,-0.0
Pericyte,Microglia,RLN3,RAMP2,-0.0
Oligodendrocyte,Microglia,APP,FPR2,-0.0
Oligodendrocyte,Microglia,CALCB,RAMP1,-0.0
Microglia,Pericyte,CCL3,CCR1,-0.0
Microglia,Pericyte,CCL11,CCR5,-0.0
Microglia,Pericyte,CCL17,ACKR1,-0.0
Oligodendrocyte,Astrocyte,CXCL10,CCR3,-0.0
Oligodendrocyte,Endothelial,ANGPTL4,SDC4,-0.0
Oligodendrocyte,Endothelial,CCL11,CCR3,-0.0
Microglia,Pericyte,ANXA1,FPR1,-0.0
Microglia,Pericyte,CCL4,CCR5,-0.0
Microglia,Oligodendrocyte,XCL1,XCR1,-0.0
Oligodendrocyte,Microglia,CXCL12,AVPR1A,-0.0
Oligodendrocyte,Endothelial,CCL2,CCR3,-0.0
Microglia,Oligodendrocyte,VWF,SIRPA,-0.0
Microglia,Pericyte,PPBP,CXCR1,-0.0
Oligodendrocyte,Endothelial,CCL5,CCR5,-0.0
Microglia,Oligodendrocyte,TIMP1,CD63,-0.0
Oligodendrocyte,Astrocyte,CSF2,CSF1R,-0.0
Oligodendrocyte,Microglia,CXCL2,ACKR1,-0.0
Oligodendrocyte,Astrocyte,TIMP1,CD63,-0.0
Oligodendrocyte,Microglia,CCL2,ACKR1,-0.0
Oligodendrocyte,Microglia,ANGPTL4,GPIHBP1,-0.0
Oligodendrocyte,Endothelial,CCL5,SDC4,-0.0
Microglia,Pericyte,NTS,NTSR2,-0.0
Oligodendrocyte,Microglia,CXCL5,ACKR1,-0.0
Oligodendrocyte,Endothelial,CCL8,CCR5,-0.0
Microglia,Pericyte,PENK,OPRL1,-0.0
Oligodendrocyte,Microglia,CXCL2,XCR1,-0.0
Oligodendrocyte,Endothelial,CCL8,CCR3,-0.0
Microglia,Pericyte,PPY,NPY5R,-0.0
Oligodendrocyte,Microglia,CXCL3,ACKR1,-0.0
Oligodendrocyte,Microglia,CXCL3,CXCR2,-0.0
Oligodendrocyte,Microglia,CXCL2,CXCR1,-0.0
Oligodendrocyte,Endothelial,CCL2,CCR5,-0.0
Oligodendrocyte,Endothelial,CCL5,CCR1,-0.0
Oligodendrocyte,Endothelial,CCL24,CCR2,-0.0
Oligodendrocyte,Microglia,PF4,ACKR1,-0.0
Oligodendrocyte,Microglia,PENK,OPRL1,-0.0
Oligodendrocyte,Microglia,NTS,NTSR2,-0.0
Oligodendrocyte,Astrocyte,CCL5,SDC4,-0.0
Oligodendrocyte,Endothelial,XCL1,XCR1,-0.0
Oligodendrocyte,Endothelial,B2M,KLRD1,-0.0
Microglia,Oligodendrocyte,HP,CD163,-0.0
Oligodendrocyte,Endothelial,BMP8A,TGFBR1,-0.0
Oligodendrocyte,Endothelial,CCL24,CCR3,-0.0
Oligodendrocyte,Endothelial,CCL5,ACKR1,-0.0
Oligodendrocyte,Endothelial,CCL4,GPR152,-0.0
Microglia,Oligodendrocyte,HP,ASGR1,-0.0
Oligodendrocyte,Endothelial,CCL4,CCR5,-0.0
Oligodendrocyte,Endothelial,CCL4,CCR3,-0.0
Oligodendrocyte,Endothelial,CCL4,CCR1,-0.0
Oligodendrocyte,Endothelial,CCL3,CCR5,-0.0
Oligodendrocyte,Microglia,XCL1,XCR1,-0.0
Oligodendrocyte,Endothelial,CCL3,CCR3,-0.0
Oligodendrocyte,Endothelial,CCL3,CCR1,-0.0
Microglia,Pericyte,PROK2,PROKR1,-0.0
Oligodendrocyte,Oligodendrocyte,CCL2,CCR2,-0.0
Oligodendrocyte,Endothelial,CCL28,CCR3,-0.0
Oligodendrocyte,Microglia,CCL4,GPR152,-0.0
Microglia,Pericyte,PPBP,CXCR2,-0.0
Microglia,Pericyte,PTN,PTPRZ1,-0.0
Oligodendrocyte,Astrocyte,PF4,ACKR1,-0.0
Oligodendrocyte,Astrocyte,CCL11,CCR3,-0.0
Microglia,Pericyte,NPY,NPY5R,-0.0
Oligodendrocyte,Astrocyte,CXCL10,SDC4,-0.0
Oligodendrocyte,Endothelial,CCL8,CCR2,-0.0
Microglia,Pericyte,ANGPTL4,SDC4,-0.0
Microglia,Pericyte,APOB,LSR,-0.0
Oligodendrocyte,Microglia,CGA,RAMP2,-0.0
Oligodendrocyte,Endothelial,CCL8,CCR1,-0.0
Oligodendrocyte,Microglia,CXCL5,CXCR2,-0.0
Microglia,Pericyte,PF4,ACKR1,-0.0
Oligodendrocyte,Endothelial,CCL11,CCR5,-0.0
Microglia,Pericyte,SAA1,FPR2,-0.0
Oligodendrocyte,Astrocyte,CCL24,CCR3,-0.0
Oligodendrocyte,Astrocyte,XCL1,XCR1,-0.0
Microglia,Oligodendrocyte,TDGF1,ACVR1C,-0.0
Oligodendrocyte,Microglia,CGA,GPR84,-0.0
Oligodendrocyte,Microglia,CFP,NCR1,-0.0
Microglia,Pericyte,SCT,GPR84,-0.0
Oligodendrocyte,Endothelial,APP,FPR2,-0.0
Oligodendrocyte,Endothelial,B2M,KLRC1,-0.0
Oligodendrocyte,Microglia,CD40LG,CD9,-0.0
Oligodendrocyte,Endothelial,B2M,KLRC2,-0.0
Oligodendrocyte,Endothelial,CAMP,IGF1R,-0.0
Oligodendrocyte,Endothelial,CCL17,ACKR1,-0.0
Oligodendrocyte,Astrocyte,THBS1,SDC4,-0.0
Microglia,Oligodendrocyte,S100A4,CCR5,-0.0
Oligodendrocyte,Astrocyte,NPY,NPY5R,-0.0
Microglia,Pericyte,ADM,RAMP2,-0.0
Oligodendrocyte,Astrocyte,CCL11,CCR2,-0.0
Oligodendrocyte,Astrocyte,CAMP,FPR2,-0.0
Oligodendrocyte,Microglia,ANGPTL4,SDC4,-0.0
Oligodendrocyte,Astrocyte,PPBP,CXCR1,-0.0
Oligodendrocyte,Microglia,CXCL3,CXCR1,-0.0
Oligodendrocyte,Astrocyte,CALCA,GPR84,-0.0
Oligodendrocyte,Microglia,CXCL2,CXCR2,-0.0
Microglia,Pericyte,ADM,GPR84,-0.0
Oligodendrocyte,Astrocyte,PPBP,ACKR1,-0.0
Oligodendrocyte,Astrocyte,CALCB,GPR84,-0.0
Oligodendrocyte,Microglia,CXCL10,SDC4,-0.0
Oligodendrocyte,Astrocyte,PNOC,OPRL1,-0.0
Oligodendrocyte,Microglia,CXCL10,CCR3,-0.0
Oligodendrocyte,Astrocyte,CALCB,RAMP1,-0.0
Oligodendrocyte,Astrocyte,CALCB,RAMP2,-0.0
Oligodendrocyte,Astrocyte,CCL11,ACKR1,-0.0
Oligodendrocyte,Astrocyte,CCL5,CCR3,-0.0
Oligodendrocyte,Endothelial,CCL5,CCR3,-0.0
Oligodendrocyte,Astrocyte,CAMP,IGF1R,-0.0
Microglia,Oligodendrocyte,THBS1,SDC4,-0.0
Oligodendrocyte,Astrocyte,PENK,OPRL1,-0.0
Oligodendrocyte,Astrocyte,NTS,NTSR2,-0.0
Oligodendrocyte,Microglia,COL3A1,MAG,-0.0
Oligodendrocyte,Astrocyte,CCL1,ACKR1,-0.0
Pericyte,Microglia,RLN3,GPR84,-0.0
Oligodendrocyte,Astrocyte,HSPA1A,GRIN2D,-0.0
Pericyte,Microglia,PTN,PTPRZ1,-0.0
Oligodendrocyte,Endothelial,SCT,GPR84,-0.0
Oligodendrocyte,Endothelial,HSPA1A,GRIN2D,-0.0
Oligodendrocyte,Endothelial,HP,CD163,-0.0
Oligodendrocyte,Endothelial,HP,ASGR1,-0.0
Oligodendrocyte,Endothelial,CXCL10,ACKR1,-0.0
Microglia,Pericyte,HSPA1A,GRIN2D,-0.0
Oligodendrocyte,Endothelial,CXCL10,CCR3,-0.0
Microglia,Pericyte,HP,CD163,-0.0
Oligodendrocyte,Endothelial,CXCL10,SDC4,-0.0
Oligodendrocyte,Endothelial,CXCL12,AVPR1A,-0.0
Microglia,Pericyte,CCL7,CCR5,-0.0
Microglia,Pericyte,HP,ASGR1,-0.0
Microglia,Pericyte,CCL8,CCR3,-0.0
Oligodendrocyte,Endothelial,S100A4,CCR5,-0.0
Oligodendrocyte,Endothelial,RLN3,RAMP2,-0.0
Oligodendrocyte,Endothelial,SELPLG,SELL,-0.0
Oligodendrocyte,Endothelial,SNCA,LAG3,-0.0
Oligodendrocyte,Astrocyte,CCL5,ACKR1,-0.0
Microglia,Pericyte,CCL5,SDC4,-0.0
Microglia,Pericyte,CCL5,CCR5,-0.0
Microglia,Pericyte,CCL5,CCR3,-0.0
Oligodendrocyte,Endothelial,TDGF1,ACVR1C,-0.0
Oligodendrocyte,Astrocyte,CXCL2,XCR1,-0.0
Microglia,Pericyte,CCL8,ACKR1,-0.0
Microglia,Pericyte,CCL8,CCR1,-0.0
Oligodendrocyte,Astrocyte,CXCL2,ACKR1,-0.0
Microglia,Microglia,NPY,NPY5R,-0.0
Microglia,Microglia,CAMP,FPR2,-0.0
Microglia,Microglia,CCL28,CCR3,-0.0
Microglia,Microglia,CAMP,IGF1R,-0.0
Microglia,Microglia,CCL11,ACKR1,-0.0
Microglia,Microglia,CCL11,CCR2,-0.0
Microglia,Microglia,CCL11,CCR3,-0.0
Microglia,Microglia,CCL11,CCR5,-0.0
Microglia,Microglia,CCL17,ACKR1,-0.0
Microglia,Microglia,CCL19,CCR7,-0.0
Microglia,Microglia,CCL2,ACKR1,-0.0
Microglia,Microglia,CCL2,CCR2,-0.0
Microglia,Microglia,CALCB,RAMP2,-0.0
Microglia,Microglia,CCL2,CCR3,-0.0
Microglia,Microglia,CCL1,ACKR1,-0.0
Astrocyte,Oligodendrocyte,PPBP,CXCR1,-0.0
Pericyte,Endothelial,CCL5,CCR3,-0.0
Astrocyte,Oligodendrocyte,PNOC,OPRL1,-0.0
Oligodendrocyte,Astrocyte,CXCL2,CXCR2,-0.0
Oligodendrocyte,Astrocyte,CXCL2,CXCR1,-0.0
Microglia,Pericyte,CCL8,CCR2,-0.0
Oligodendrocyte,Endothelial,SAA1,FPR1,-0.0
Oligodendrocyte,Endothelial,SAA1,FPR2,-0.0
Oligodendrocyte,Endothelial,THBS1,SDC4,-0.0
Microglia,Astrocyte,CCL17,ACKR1,-0.0
Microglia,Pericyte,HDC,HRH3,-0.0
Microglia,Pericyte,CCL5,CCR1,-0.0
Oligodendrocyte,Endothelial,FN1,MAG,-0.0
Oligodendrocyte,Astrocyte,CXCL5,ACKR1,-0.0
Microglia,Pericyte,CXCL2,ACKR1,-0.0
Oligodendrocyte,Endothelial,GAST,CCKBR,-0.0
Oligodendrocyte,Endothelial,GAST,GPR152,-0.0
Oligodendrocyte,Astrocyte,CXCL3,CXCR2,-0.0
Oligodendrocyte,Endothelial,GZMA,F2RL1,-0.0
Oligodendrocyte,Endothelial,HDC,HRH3,-0.0
Microglia,Pericyte,CXCL2,CXCR2,-0.0
Microglia,Pericyte,CCL7,ACKR1,-0.0
Microglia,Pericyte,CXCL2,CXCR1,-0.0
Oligodendrocyte,Endothelial,CXCL1,ACKR1,-0.0
Microglia,Pericyte,FN1,MAG,-0.0
Microglia,Pericyte,FN1,CD79A,-0.0
Oligodendrocyte,Astrocyte,CYTL1,CCR2,-0.0
Oligodendrocyte,Endothelial,CXCL2,CXCR1,-0.0
Oligodendrocyte,Endothelial,CXCL2,CXCR2,-0.0
Microglia,Pericyte,FGL1,LAG3,-0.0
Microglia,Pericyte,IL34,PTPRZ1,-0.0
Microglia,Pericyte,F10,F3,-0.0
Microglia,Pericyte,IL6,F3,-0.0
Oligodendrocyte,Astrocyte,EDN1,ADGRL4,-0.0
Oligodendrocyte,Endothelial,CSF2,CSF1R,-0.0
Oligodendrocyte,Endothelial,FN1,CD79A,-0.0
Oligodendrocyte,Astrocyte,CXCL5,CXCR1,-0.0
Microglia,Pericyte,IL6,MUSK,-0.0
Microglia,Pericyte,CCL5,ACKR1,-0.0
Oligodendrocyte,Endothelial,VWF,SIRPA,-0.0
Oligodendrocyte,Astrocyte,GAST,CCKBR,-0.0
Microglia,Pericyte,CXCL12,AVPR1A,-0.0
Oligodendrocyte,Endothelial,SCT,RAMP2,-0.0
Microglia,Pericyte,CCL7,CCR3,-0.0
Microglia,Pericyte,CCL8,CCR5,-0.0
Oligodendrocyte,Endothelial,RIMS1,SLC17A7,-0.0
Oligodendrocyte,Endothelial,RLN3,GPR84,-0.0
Oligodendrocyte,Astrocyte,CXCL12,AVPR1A,-0.0
Microglia,Pericyte,GZMA,F2RL1,-0.0
Microglia,Pericyte,GAST,GPR152,-0.0
Microglia,Pericyte,GAST,CCKBR,-0.0
Oligodendrocyte,Endothelial,CXCL1,CXCR1,-0.0
Oligodendrocyte,Endothelial,CXCL1,CXCR2,-0.0
Oligodendrocyte,Microglia,ADM,GPR84,-0.0
Oligodendrocyte,Endothelial,CXCL2,XCR1,-0.0
Microglia,Pericyte,EDN1,ADGRL4,-0.0
Oligodendrocyte,Astrocyte,CXCL5,CXCR2,-0.0
Microglia,Pericyte,CXCL3,ACKR1,-0.0
Microglia,Pericyte,CXCL2,XCR1,-0.0
Oligodendrocyte,Endothelial,F10,F3,-0.0
Oligodendrocyte,Endothelial,FGL1,LAG3,-0.0
Oligodendrocyte,Endothelial,TIMP1,CD63,-0.0
Microglia,Oligodendrocyte,CCL4,CCR1,-0.0
Microglia,Oligodendrocyte,CCL7,CCR2,-0.0
Microglia,Oligodendrocyte,CCL7,CCR1,-0.0
Microglia,Oligodendrocyte,CXCL2,XCR1,-0.0
Microglia,Oligodendrocyte,CXCL3,ACKR1,-0.0
Microglia,Oligodendrocyte,CSF3,CSF1R,-0.0
Microglia,Oligodendrocyte,CCL11,CCR5,-0.0
Microglia,Oligodendrocyte,CCL8,ACKR1,-0.0
Microglia,Oligodendrocyte,CCL7,CCR3,-0.0
Microglia,Oligodendrocyte,CCL19,CCR7,-0.0
Microglia,Oligodendrocyte,CCL2,ACKR1,-0.0
Microglia,Oligodendrocyte,CCL2,CCR1,-0.0
Microglia,Oligodendrocyte,CXCL2,CXCR1,-0.0
Microglia,Oligodendrocyte,CXCL2,CXCR2,-0.0
Microglia,Oligodendrocyte,CCL2,CCR2,-0.0
Microglia,Oligodendrocyte,CCL24,CCR2,-0.0
Microglia,Oligodendrocyte,CCL24,CCR3,-0.0
Microglia,Oligodendrocyte,CCL28,CCR3,-0.0
Microglia,Oligodendrocyte,CCL3,CCR1,-0.0
Microglia,Oligodendrocyte,CCL3,CCR3,-0.0
Microglia,Oligodendrocyte,CCL7,CCR5,-0.0
Microglia,Oligodendrocyte,CCL3,CCR5,-0.0
Microglia,Oligodendrocyte,CCL4,CCR3,-0.0
Microglia,Oligodendrocyte,CCL4,CCR5,-0.0
Microglia,Oligodendrocyte,CCL2,CCR3,-0.0
Microglia,Oligodendrocyte,CCL2,CCR5,-0.0
Microglia,Microglia,CALCB,GPR84,-0.0
Microglia,Microglia,ADM,RAMP1,-0.0
Microglia,Microglia,ANGPTL4,GPIHBP1,-0.0
Endothelial,Microglia,TIMP1,CD63,-0.0
Endothelial,Microglia,TDGF1,ACVR1C,-0.0
Microglia,Microglia,COL3A1,MAG,-0.0
Microglia,Microglia,CXCL3,CXCR1,-0.0
Microglia,Microglia,CSF2,CSF1R,-0.0
Microglia,Microglia,CXCL1,ACKR1,-0.0
Microglia,Microglia,CXCL1,CXCR1,-0.0
Microglia,Microglia,CXCL1,CXCR2,-0.0
Microglia,Microglia,CXCL10,ACKR1,-0.0
Microglia,Microglia,CXCL10,CCR3,-0.0
Microglia,Microglia,CXCL12,AVPR1A,-0.0
Pericyte,Pericyte,VWF,SIRPA,-0.0
Endothelial,Microglia,THBS1,SDC4,-0.0
Microglia,Microglia,CXCL2,ACKR1,-0.0
Microglia,Microglia,CXCL2,CXCR2,-0.0
Microglia,Microglia,CXCL2,XCR1,-0.0
Microglia,Microglia,CSF3,CSF1R,-0.0
Microglia,Oligodendrocyte,CXCL3,CXCR2,-0.0
Microglia,Astrocyte,CCL11,CCR5,-0.0
Microglia,Astrocyte,CCL11,CCR2,-0.0
Endothelial,Microglia,SELPLG,SELL,-0.0
Endothelial,Microglia,SNCA,LAG3,-0.0
Microglia,Microglia,CXCL2,CXCR1,-0.0
Microglia,Oligodendrocyte,CCL4,GPR152,-0.0
Microglia,Oligodendrocyte,CXCL2,ACKR1,-0.0
Microglia,Oligodendrocyte,CXCL10,CCR3,-0.0
Microglia,Microglia,RIMS1,SLC17A7,-0.0
Microglia,Microglia,CCL5,CCR5,-0.0
Microglia,Microglia,CCL5,SDC4,-0.0
Microglia,Microglia,CCL7,ACKR1,-0.0
Microglia,Microglia,CCL24,CCR2,-0.0
Microglia,Microglia,CCL7,CCR2,-0.0
Microglia,Microglia,CALCB,RAMP1,-0.0
Microglia,Microglia,CCL4,CCR3,-0.0
Microglia,Microglia,CALCA,GPR84,-0.0
Microglia,Endothelial,SELPLG,SELL,-0.0
Astrocyte,Oligodendrocyte,MFGE8,PDGFRB,-0.0
Microglia,Endothelial,TDGF1,ACVR1C,-0.0
Microglia,Endothelial,THBS1,SDC4,-0.0
Microglia,Endothelial,TIMP1,CD63,-0.0
Microglia,Endothelial,VWF,SIRPA,-0.0
Microglia,Endothelial,XCL1,XCR1,-0.0
Microglia,Microglia,ADM,GPR84,-0.0
Microglia,Endothelial,SCT,RAMP2,-0.0
Microglia,Oligodendrocyte,CCL5,CCR1,-0.0
Microglia,Microglia,CCL3,CCR3,-0.0
Microglia,Microglia,CCL24,CCR3,-0.0
Microglia,Oligodendrocyte,CCL5,CCR5,-0.0
Microglia,Oligodendrocyte,CCL5,SDC4,-0.0
Microglia,Oligodendrocyte,CCL7,ACKR1,-0.0
Microglia,Microglia,CCL5,CCR3,-0.0
Oligodendrocyte,Endothelial,CSF3,CSF1R,-0.0
Microglia,Microglia,CCL5,CCR1,-0.0
Microglia,Microglia,CCL4,GPR152,-0.0
Microglia,Microglia,NTS,NTSR2,-0.0
Microglia,Oligodendrocyte,CCL11,CCR3,-0.0
Microglia,Oligodendrocyte,CCL17,ACKR1,-0.0
Microglia,Oligodendrocyte,CCL8,CCR2,-0.0
Microglia,Oligodendrocyte,CCL8,CCR3,-0.0
Microglia,Oligodendrocyte,CCL8,CCR5,-0.0
Microglia,Oligodendrocyte,CD177,PECAM1,-0.0
Microglia,Oligodendrocyte,CD34,SELL,-0.0
Microglia,Oligodendrocyte,CXCL12,AVPR1A,-0.0
Microglia,Oligodendrocyte,CD40LG,CD53,-0.0
Microglia,Oligodendrocyte,CFP,NCR1,-0.0
Microglia,Oligodendrocyte,CGA,GPR84,-0.0
Microglia,Oligodendrocyte,CGA,RAMP2,-0.0
Microglia,Oligodendrocyte,COL3A1,MAG,-0.0
Microglia,Oligodendrocyte,CCL8,CCR1,-0.0
Microglia,Oligodendrocyte,CSF2,CSF1R,-0.0
Microglia,Oligodendrocyte,CXCL1,ACKR1,-0.0
Microglia,Oligodendrocyte,CXCL1,CXCR1,-0.0
Microglia,Oligodendrocyte,CXCL1,CXCR2,-0.0
Microglia,Oligodendrocyte,CXCL10,ACKR1,-0.0
Microglia,Oligodendrocyte,CD40LG,CD9,-0.0
Microglia,Oligodendrocyte,CCL5,ACKR1,-0.0
Microglia,Oligodendrocyte,CCL5,CCR3,-0.0
Microglia,Microglia,CCL5,ACKR1,-0.0
Oligodendrocyte,Endothelial,CD40LG,CD53,-0.0
Oligodendrocyte,Endothelial,CD40LG,CD9,-0.0
Microglia,Pericyte,MSMP,CCR2,-0.0
Pericyte,Oligodendrocyte,APP,FPR2,-0.0
Pericyte,Oligodendrocyte,B2M,KLRC1,-0.0
Pericyte,Oligodendrocyte,B2M,KLRC2,-0.0
Pericyte,Oligodendrocyte,B2M,KLRD1,-0.0
Pericyte,Microglia,CXCL5,CXCR1,-0.0
Pericyte,Microglia,BSG,SLC16A1,-0.0
Pericyte,Oligodendrocyte,BMP8A,TGFBR1,-0.0
Pericyte,Oligodendrocyte,CALCB,RAMP1,-0.0
Pericyte,Oligodendrocyte,CALCB,RAMP2,-0.0
Pericyte,Oligodendrocyte,CAMP,FPR2,-0.0
Pericyte,Oligodendrocyte,APOB,TREM2,-0.0
Pericyte,Oligodendrocyte,CAMP,IGF1R,-0.0
Pericyte,Oligodendrocyte,CCL11,ACKR1,-0.0
Pericyte,Oligodendrocyte,CCL11,CCR2,-0.0
Pericyte,Oligodendrocyte,CCL11,CCR3,-0.0
Pericyte,Oligodendrocyte,CCL11,CCR5,-0.0
Pericyte,Oligodendrocyte,CCL17,ACKR1,-0.0
Pericyte,Oligodendrocyte,CALCB,GPR84,-0.0
Pericyte,Microglia,CALCA,GPR84,-0.0
Pericyte,Endothelial,SAA1,FPR2,-0.0
Pericyte,Endothelial,PGLYRP1,TREM1,-0.0
Pericyte,Oligodendrocyte,CCL8,CCR1,-0.0
Pericyte,Oligodendrocyte,CCL1,ACKR1,-0.0
Pericyte,Oligodendrocyte,APOB,LSR,-0.0
Pericyte,Oligodendrocyte,ANXA1,FPR1,-0.0
Pericyte,Oligodendrocyte,ANGPTL4,GPIHBP1,-0.0
Pericyte,Endothelial,SCT,RAMP2,-0.0
Pericyte,Endothelial,SELPLG,SELL,-0.0
Pericyte,Endothelial,SNCA,LAG3,-0.0
Pericyte,Endothelial,TDGF1,ACVR1C,-0.0
Pericyte,Endothelial,TNF,FAS,-0.0
Pericyte,Endothelial,TNF,VSIR,-0.0
Pericyte,Endothelial,VWF,SIRPA,-0.0
Pericyte,Endothelial,XCL1,XCR1,-0.0
Pericyte,Microglia,ADM,RAMP1,-0.0
Pericyte,Microglia,ANGPTL4,GPIHBP1,-0.0
Pericyte,Microglia,ANXA1,FPR1,-0.0
Pericyte,Microglia,APOB,LSR,-0.0
Pericyte,Microglia,APOB,TREM2,-0.0
Pericyte,Microglia,APP,FPR2,-0.0
Pericyte,Microglia,B2M,KLRC1,-0.0
Pericyte,Microglia,B2M,KLRC2,-0.0
Pericyte,Microglia,B2M,KLRD1,-0.0
Pericyte,Microglia,BMP8A,TGFBR1,-0.0
Pericyte,Microglia,CXCL3,CXCR1,-0.0
Pericyte,Microglia,CXCL3,CXCR2,-0.0
Pericyte,Microglia,CXCL5,ACKR1,-0.0
Pericyte,Oligodendrocyte,CALCA,GPR84,-0.0
Pericyte,Oligodendrocyte,ADM,RAMP1,-0.0
Pericyte,Microglia,CALCB,RAMP1,-0.0
Pericyte,Microglia,CAMP,FPR2,-0.0
Pericyte,Microglia,CCL8,CCR3,-0.0
Pericyte,Microglia,CCL8,CCR5,-0.0
Pericyte,Endothelial,MSMP,CCR2,-0.0
Pericyte,Endothelial,RIMS1,SLC17A7,-0.0
Pericyte,Endothelial,NPY,NPY5R,-0.0
Pericyte,Endothelial,PENK,OPRL1,-0.0
Pericyte,Microglia,CALCB,GPR84,-0.0
Pericyte,Endothelial,PF4,ACKR1,-0.0
Pericyte,Endothelial,PNOC,OPRL1,-0.0
Pericyte,Endothelial,PPBP,ACKR1,-0.0
Pericyte,Endothelial,PPBP,CXCR1,-0.0
Pericyte,Endothelial,PPBP,CXCR2,-0.0
Pericyte,Endothelial,PPY,NPY5R,-0.0
Pericyte,Endothelial,PROK2,PROKR1,-0.0
Pericyte,Endothelial,PSAP,GPR37,-0.0
Pericyte,Endothelial,NTS,NTSR2,-0.0
Pericyte,Microglia,TNF,VSIR,-0.0
Pericyte,Oligodendrocyte,CCL19,CCR7,-0.0
Pericyte,Oligodendrocyte,CCL2,ACKR1,-0.0
Pericyte,Microglia,PPBP,CXCR1,-0.0
Pericyte,Microglia,PPBP,CXCR2,-0.0
Pericyte,Microglia,PPY,NPY5R,-0.0
Pericyte,Microglia,PROK2,PROKR1,-0.0
Pericyte,Microglia,PSAP,GPR37,-0.0
Pericyte,Microglia,PTN,PTPRB,-0.0
Pericyte,Endothelial,MFGE8,PDGFRB,-0.0
Pericyte,Endothelial,SCT,GPR84,-0.0
Pericyte,Endothelial,LPL,GPIHBP1,-0.0
Pericyte,Endothelial,ITIH2,FCER1A,-0.0
Pericyte,Microglia,CD177,PECAM1,-0.0
Pericyte,Microglia,CD34,SELL,-0.0
Pericyte,Microglia,CD40LG,CD53,-0.0
Pericyte,Microglia,CD40LG,CD9,-0.0
Pericyte,Endothelial,RLN3,RAMP2,-0.0
Pericyte,Microglia,CFP,NCR1,-0.0
Pericyte,Microglia,CGA,RAMP2,-0.0
Pericyte,Microglia,CSF2,CSF1R,-0.0
Pericyte,Microglia,CSF3,CSF1R,-0.0
Pericyte,Microglia,CXCL1,ACKR1,-0.0
Pericyte,Microglia,CXCL1,CXCR1,-0.0
Pericyte,Microglia,CXCL1,CXCR2,-0.0
Pericyte,Microglia,CXCL10,ACKR1,-0.0
Pericyte,Microglia,CXCL10,CCR3,-0.0
Pericyte,Microglia,CXCL10,SDC4,-0.0
Pericyte,Microglia,CXCL12,AVPR1A,-0.0
Pericyte,Microglia,CGA,GPR84,-0.0
Pericyte,Microglia,XCL1,XCR1,-0.0
Pericyte,Endothelial,RLN3,GPR84,-0.0
Pericyte,Endothelial,PTN,PTPRZ1,-0.0
Pericyte,Endothelial,SAA1,FPR1,-0.0
Pericyte,Endothelial,S100A4,CCR5,-0.0
Pericyte,Endothelial,IL6,MUSK,-0.0
Pericyte,Endothelial,LGALS3,LAG3,-0.0
Pericyte,Microglia,RIMS1,SLC17A7,-0.0
Microglia,Pericyte,CXCL3,CXCR1,-0.0
Microglia,Pericyte,EDN1,EDNRB,-0.0
Oligodendrocyte,Astrocyte,APOB,TREM2,-0.0
Oligodendrocyte,Astrocyte,APOB,LSR,-0.0
Oligodendrocyte,Astrocyte,ANXA1,FPR1,-0.0
Oligodendrocyte,Astrocyte,SCT,GPR84,-0.0
Microglia,Pericyte,TDGF1,ACVR1C,-0.0
Oligodendrocyte,Astrocyte,HP,CD163,-0.0
Oligodendrocyte,Oligodendrocyte,CCL3,CCR3,-0.0
Oligodendrocyte,Astrocyte,IL34,PTPRZ1,-0.0
Oligodendrocyte,Astrocyte,CCL2,ACKR1,-0.0
Oligodendrocyte,Astrocyte,IL6,F3,-0.0
Oligodendrocyte,Astrocyte,APP,FPR2,-0.0
Oligodendrocyte,Astrocyte,IL6,MUSK,-0.0
Oligodendrocyte,Astrocyte,CCL2,CCR3,-0.0
Oligodendrocyte,Astrocyte,LGALS3,LAG3,-0.0
Oligodendrocyte,Astrocyte,CCL19,CCR7,-0.0
Oligodendrocyte,Astrocyte,ANGPTL4,SDC4,-0.0
Oligodendrocyte,Astrocyte,CCL17,ACKR1,-0.0
Oligodendrocyte,Astrocyte,LPL,GPIHBP1,-0.0
Oligodendrocyte,Astrocyte,BMP8A,TGFBR1,-0.0
Oligodendrocyte,Astrocyte,PPBP,CXCR2,-0.0
Oligodendrocyte,Astrocyte,PPY,NPY5R,-0.0
Oligodendrocyte,Astrocyte,B2M,KLRD1,-0.0
Oligodendrocyte,Astrocyte,ITIH2,FCER1A,-0.0
Oligodendrocyte,Astrocyte,PSAP,GPR37,-0.0
Oligodendrocyte,Astrocyte,B2M,KLRC1,-0.0
Oligodendrocyte,Astrocyte,PROK2,PROKR1,-0.0
Microglia,Pericyte,LPL,GPIHBP1,-0.0
Microglia,Pericyte,LGALS3,LAG3,-0.0
Oligodendrocyte,Endothelial,CFP,NCR1,-0.0
Oligodendrocyte,Endothelial,CGA,GPR84,-0.0
Oligodendrocyte,Endothelial,CGA,RAMP2,-0.0
Oligodendrocyte,Astrocyte,CCL4,CCR3,-0.0
Oligodendrocyte,Endothelial,COL3A1,MAG,-0.0
Microglia,Pericyte,ITIH2,FCER1A,-0.0
Oligodendrocyte,Endothelial,EDN1,EDNRB,-0.0
Microglia,Pericyte,CCL7,CCR1,-0.0
Oligodendrocyte,Endothelial,PTN,PTPRZ1,-0.0
Oligodendrocyte,Astrocyte,SCT,RAMP2,-0.0
Oligodendrocyte,Astrocyte,FGL1,LAG3,-0.0
Oligodendrocyte,Astrocyte,F10,F3,-0.0
Microglia,Pericyte,SNCA,LAG3,-0.0
Microglia,Pericyte,SELPLG,SELL,-0.0
Oligodendrocyte,Astrocyte,SNCA,LAG3,-0.0
Microglia,Pericyte,SCT,RAMP2,-0.0
Microglia,Pericyte,VWF,SIRPA,-0.0
Oligodendrocyte,Astrocyte,TDGF1,ACVR1C,-0.0
Oligodendrocyte,Astrocyte,CCL24,CCR2,-0.0
Oligodendrocyte,Astrocyte,ADM,GPR84,-0.0
Oligodendrocyte,Astrocyte,B2M,KLRC2,-0.0
Microglia,Pericyte,TIMP1,CD63,-0.0
Microglia,Pericyte,THBS1,SDC4,-0.0
Oligodendrocyte,Astrocyte,SAA1,FPR1,-0.0
Oligodendrocyte,Astrocyte,SAA1,FPR2,-0.0
Microglia,Pericyte,CD177,PECAM1,-0.0
Oligodendrocyte,Endothelial,PROK2,PROKR1,-0.0
Oligodendrocyte,Astrocyte,CCL7,CCR3,-0.0
Oligodendrocyte,Astrocyte,RLN3,GPR84,-0.0
Oligodendrocyte,Astrocyte,RLN3,RAMP2,-0.0
Oligodendrocyte,Astrocyte,S100A4,CCR5,-0.0
Oligodendrocyte,Astrocyte,ADM,RAMP1,-0.0
Oligodendrocyte,Astrocyte,FN1,CD79A,-0.0
Microglia,Pericyte,XCL1,XCR1,-0.0
Oligodendrocyte,Endothelial,CD177,PECAM1,-0.0
Oligodendrocyte,Endothelial,CD34,SELL,-0.0
Oligodendrocyte,Endothelial,PPY,NPY5R,-0.0
Oligodendrocyte,Endothelial,NPY,NPY5R,-0.0
Oligodendrocyte,Endothelial,PENK,OPRL1,-0.0
Oligodendrocyte,Astrocyte,CCL4,GPR152,-0.0
Microglia,Pericyte,CD40LG,CD9,-0.0
Microglia,Pericyte,CD40LG,CD53,-0.0
Oligodendrocyte,Endothelial,PGLYRP1,TREM1,-0.0
Oligodendrocyte,Endothelial,PPBP,ACKR1,-0.0
Oligodendrocyte,Astrocyte,CXCL3,ACKR1,-0.0
Oligodendrocyte,Endothelial,PPBP,CXCR1,-0.0
Oligodendrocyte,Endothelial,PPBP,CXCR2,-0.0
Oligodendrocyte,Endothelial,NTS,NTSR2,-0.0
Microglia,Pericyte,CXCL1,ACKR1,-0.0
Oligodendrocyte,Endothelial,EDN1,ADGRL4,-0.0
Microglia,Pericyte,CD34,SELL,-0.0
Oligodendrocyte,Endothelial,MFGE8,PDGFRB,-0.0
Oligodendrocyte,Astrocyte,CCL11,CCR5,-0.0
Oligodendrocyte,Astrocyte,ANGPTL4,GPIHBP1,-0.0
Oligodendrocyte,Astrocyte,ADM,RAMP2,-0.0
Oligodendrocyte,Astrocyte,RIMS1,SLC17A7,-0.0
Microglia,Pericyte,CFP,NCR1,-0.0
Microglia,Pericyte,CGA,GPR84,-0.0
Oligodendrocyte,Endothelial,MSMP,CCR2,-0.0
Microglia,Pericyte,CXCL10,CCR3,-0.0
Oligodendrocyte,Endothelial,IL34,PTPRZ1,-0.0
Oligodendrocyte,Astrocyte,CXCL3,CXCR1,-0.0
Oligodendrocyte,Endothelial,IL6,F3,-0.0
Microglia,Pericyte,CXCL10,ACKR1,-0.0
Microglia,Pericyte,CXCL1,CXCR2,-0.0
Oligodendrocyte,Endothelial,IL6,MUSK,-0.0
Oligodendrocyte,Endothelial,PNOC,OPRL1,-0.0
Microglia,Pericyte,CXCL1,CXCR1,-0.0
Microglia,Pericyte,CSF3,CSF1R,-0.0
Microglia,Pericyte,CSF2,CSF1R,-0.0
Microglia,Pericyte,COL3A1,MAG,-0.0
Oligodendrocyte,Endothelial,ITIH2,FCER1A,-0.0
Microglia,Pericyte,CGA,RAMP2,-0.0
Oligodendrocyte,Endothelial,LGALS3,LAG3,-0.0
Oligodendrocyte,Endothelial,LPL,GPIHBP1,-0.0
Oligodendrocyte,Endothelial,PSAP,GPR37,-0.0
Oligodendrocyte,Oligodendrocyte,CCL3,CCR5,-0.0
Oligodendrocyte,Oligodendrocyte,PPY,NPY5R,-0.0
Microglia,Oligodendrocyte,FGL1,LAG3,-0.0
Pericyte,Pericyte,CGA,RAMP2,-0.0
Pericyte,Pericyte,COL3A1,MAG,-0.0
Pericyte,Pericyte,CSF2,CSF1R,-0.0
Pericyte,Pericyte,CSF3,CSF1R,-0.0
Pericyte,Pericyte,CXCL1,ACKR1,-0.0
Pericyte,Pericyte,CXCL1,CXCR1,-0.0
Pericyte,Pericyte,CXCL1,CXCR2,-0.0
Pericyte,Pericyte,CXCL10,ACKR1,-0.0
Pericyte,Pericyte,CXCL10,CCR3,-0.0
Pericyte,Pericyte,CXCL10,SDC4,-0.0
Pericyte,Pericyte,CGA,GPR84,-0.0
Pericyte,Pericyte,CXCL12,AVPR1A,-0.0
Pericyte,Microglia,CCL5,CCR3,-0.0
Pericyte,Microglia,CCL5,CCR1,-0.0
Pericyte,Microglia,CCL5,ACKR1,-0.0
Pericyte,Microglia,CXCL3,ACKR1,-0.0
Pericyte,Microglia,CCL8,CCR2,-0.0
Pericyte,Microglia,CCL8,CCR1,-0.0
Pericyte,Microglia,CCL8,ACKR1,-0.0
Pericyte,Microglia,CCL7,CCR3,-0.0
Pericyte,Microglia,CAMP,IGF1R,-0.0
Pericyte,Microglia,CCL1,ACKR1,-0.0
Pericyte,Microglia,CCL5,CCR5,-0.0
Pericyte,Pericyte,CFP,NCR1,-0.0
Pericyte,Pericyte,CD40LG,CD9,-0.0
Pericyte,Oligodendrocyte,CCL8,CCR5,-0.0
Pericyte,Oligodendrocyte,MFGE8,PDGFRB,-0.0
Pericyte,Oligodendrocyte,MSMP,CCR2,-0.0
Pericyte,Oligodendrocyte,CSF3,CSF1R,-0.0
Pericyte,Oligodendrocyte,CXCL9,ACKR1,-0.0
Pericyte,Oligodendrocyte,CXCL5,CXCR2,-0.0
Pericyte,Oligodendrocyte,CXCL5,CXCR1,-0.0
Pericyte,Oligodendrocyte,CD177,PECAM1,-0.0
Pericyte,Oligodendrocyte,CD34,SELL,-0.0
Pericyte,Oligodendrocyte,CD40LG,CD53,-0.0
Pericyte,Oligodendrocyte,CD40LG,CD9,-0.0
Pericyte,Oligodendrocyte,CFP,NCR1,-0.0
Pericyte,Oligodendrocyte,CGA,GPR84,-0.0
Pericyte,Oligodendrocyte,CGA,RAMP2,-0.0
Pericyte,Oligodendrocyte,CXCL9,CCR3,-0.0
Pericyte,Pericyte,B2M,KLRD1,-0.0
Pericyte,Pericyte,SCT,GPR84,-0.0
Pericyte,Pericyte,SAA1,FPR2,-0.0
Pericyte,Microglia,CCL5,SDC4,-0.0
Pericyte,Microglia,CCL7,ACKR1,-0.0
Pericyte,Microglia,CCL7,CCR2,-0.0
Pericyte,Microglia,CCL24,CCR3,-0.0
Pericyte,Endothelial,IL6,F3,-0.0
Pericyte,Oligodendrocyte,CCL8,CCR2,-0.0
Pericyte,Microglia,CCL11,ACKR1,-0.0
Pericyte,Oligodendrocyte,LPL,GPIHBP1,-0.0
Pericyte,Microglia,CCL11,CCR2,-0.0
Pericyte,Pericyte,CXCL2,ACKR1,-0.0
Pericyte,Pericyte,PPBP,CXCR2,-0.0
Pericyte,Pericyte,PPY,NPY5R,-0.0
Pericyte,Pericyte,PROK2,PROKR1,-0.0
Pericyte,Pericyte,PSAP,GPR37,-0.0
Pericyte,Pericyte,PTN,PTPRZ1,-0.0
Pericyte,Pericyte,RIMS1,SLC17A7,-0.0
Pericyte,Pericyte,RLN3,GPR84,-0.0
Pericyte,Pericyte,RLN3,RAMP2,-0.0
Pericyte,Pericyte,S100A4,CCR5,-0.0
Pericyte,Pericyte,SAA1,FPR1,-0.0
Pericyte,Pericyte,PPBP,ACKR1,-0.0
Pericyte,Pericyte,PPBP,CXCR1,-0.0
Pericyte,Pericyte,CCL5,SDC4,-0.0
Pericyte,Pericyte,CXCL3,ACKR1,-0.0
Pericyte,Pericyte,CXCL3,CXCR1,-0.0
Pericyte,Pericyte,CXCL3,CXCR2,-0.0
Pericyte,Pericyte,CXCL5,ACKR1,-0.0
Pericyte,Pericyte,CXCL5,CXCR1,-0.0
Pericyte,Pericyte,CD40LG,CD53,-0.0
Pericyte,Pericyte,CXCL5,CXCR2,-0.0
Pericyte,Pericyte,CD34,SELL,-0.0
Pericyte,Pericyte,CCL8,CCR5,-0.0
Pericyte,Pericyte,CCL7,CCR1,-0.0
Pericyte,Pericyte,CCL7,CCR2,-0.0
Pericyte,Pericyte,CYTL1,CCR2,-0.0
Pericyte,Pericyte,CXCL9,CCR3,-0.0
Pericyte,Microglia,CCL11,CCR5,-0.0
Pericyte,Microglia,CCL19,CCR7,-0.0
Pericyte,Microglia,CCL2,ACKR1,-0.0
Pericyte,Microglia,CCL2,CCR2,-0.0
Pericyte,Microglia,CCL2,CCR3,-0.0
Pericyte,Microglia,CALCB,RAMP2,-0.0
Pericyte,Microglia,CCL24,CCR2,-0.0
Pericyte,Microglia,CCL28,CCR3,-0.0
Pericyte,Microglia,CCL3,CCR3,-0.0
Pericyte,Microglia,CCL4,CCR3,-0.0
Pericyte,Microglia,CCL4,GPR152,-0.0
Pericyte,Microglia,CCL17,ACKR1,-0.0
Pericyte,Pericyte,CXCL2,CXCR1,-0.0
Pericyte,Pericyte,CXCL2,CXCR2,-0.0
Pericyte,Pericyte,CXCL2,XCR1,-0.0
Pericyte,Pericyte,CCL7,CCR3,-0.0
Pericyte,Pericyte,CCL7,CCR5,-0.0
Pericyte,Pericyte,CCL8,ACKR1,-0.0
Pericyte,Pericyte,CCL8,CCR1,-0.0
Pericyte,Pericyte,CCL8,CCR2,-0.0
Pericyte,Pericyte,CCL8,CCR3,-0.0
Pericyte,Pericyte,CD177,PECAM1,-0.0
Pericyte,Pericyte,CXCL9,ACKR1,-0.0
Pericyte,Microglia,CCL11,CCR3,-0.0
Pericyte,Oligodendrocyte,LGALS3,LAG3,-0.0
Pericyte,Oligodendrocyte,ITIH2,FCER1A,-0.0
Pericyte,Oligodendrocyte,IL6,MUSK,-0.0
Pericyte,Pericyte,IL6,MUSK,-0.0
Pericyte,Pericyte,ITIH2,FCER1A,-0.0
Pericyte,Pericyte,LGALS3,LAG3,-0.0
Pericyte,Pericyte,LPL,GPIHBP1,-0.0
Pericyte,Pericyte,MSMP,CCR2,-0.0
Pericyte,Pericyte,NPY,NPY5R,-0.0
Pericyte,Pericyte,NTS,NTSR2,-0.0
Pericyte,Pericyte,HSPA1A,GRIN2D,-0.0
Pericyte,Pericyte,CCL2,CCR5,-0.0
Pericyte,Pericyte,CCL2,CCR3,-0.0
Oligodendrocyte,Oligodendrocyte,CXCL2,CXCR2,-0.0
Pericyte,Pericyte,CCL2,CCR2,-0.0
Pericyte,Oligodendrocyte,EDN1,ADGRL4,-0.0
Pericyte,Oligodendrocyte,EDN1,EDNRB,-0.0
Pericyte,Oligodendrocyte,F10,F3,-0.0
Pericyte,Oligodendrocyte,FGL1,LAG3,-0.0
Pericyte,Oligodendrocyte,FN1,CD79A,-0.0
Pericyte,Oligodendrocyte,GAST,CCKBR,-0.0
Pericyte,Oligodendrocyte,GAST,GPR152,-0.0
Pericyte,Pericyte,IL6,F3,-0.0
Pericyte,Pericyte,IL34,PTPRZ1,-0.0
Pericyte,Pericyte,HP,CD163,-0.0
Pericyte,Oligodendrocyte,CYTL1,CCR2,-0.0
Oligodendrocyte,Oligodendrocyte,CXCL3,ACKR1,-0.0
Pericyte,Microglia,CXCL2,CXCR2,-0.0
Pericyte,Astrocyte,EDN1,ADGRL4,-0.0
Astrocyte,Pericyte,CXCL10,CCR3,-0.0
Pericyte,Astrocyte,CXCL2,CXCR2,-0.0
Pericyte,Astrocyte,CXCL2,XCR1,-0.0
Pericyte,Astrocyte,CSF2,CSF1R,-0.0
Pericyte,Astrocyte,CXCL3,ACKR1,-0.0
Pericyte,Astrocyte,CXCL3,CXCR2,-0.0
Pericyte,Astrocyte,CXCL5,ACKR1,-0.0
Pericyte,Astrocyte,CXCL5,CXCR1,-0.0
Pericyte,Astrocyte,CXCL5,CXCR2,-0.0
Pericyte,Astrocyte,CXCL9,ACKR1,-0.0
Pericyte,Astrocyte,CXCL9,CCR3,-0.0
Astrocyte,Pericyte,CXCL10,SDC4,-0.0
Pericyte,Astrocyte,CYTL1,CCR2,-0.0
Pericyte,Astrocyte,EDN1,EDNRB,-0.0
Pericyte,Astrocyte,F10,F3,-0.0
Pericyte,Astrocyte,FGL1,LAG3,-0.0
Pericyte,Astrocyte,CXCL3,CXCR1,-0.0
Microglia,Oligodendrocyte,CXCL5,ACKR1,-0.0
Astrocyte,Astrocyte,ADM,GPR84,-0.0
Microglia,Oligodendrocyte,CXCL3,CXCR1,-0.0
Astrocyte,Pericyte,CXCL1,CXCR1,-0.0
Astrocyte,Pericyte,CXCL1,CXCR2,-0.0
Astrocyte,Pericyte,CXCL10,ACKR1,-0.0
Pericyte,Pericyte,CCL24,CCR2,-0.0
Pericyte,Pericyte,SELPLG,SELL,-0.0
Pericyte,Pericyte,SNCA,LAG3,-0.0
Pericyte,Pericyte,TDGF1,ACVR1C,-0.0
Pericyte,Oligodendrocyte,CXCL2,CXCR1,-0.0
Pericyte,Oligodendrocyte,CXCL2,CXCR2,-0.0
Pericyte,Oligodendrocyte,CXCL2,XCR1,-0.0
Pericyte,Oligodendrocyte,CXCL3,ACKR1,-0.0
Pericyte,Oligodendrocyte,CXCL1,CXCR1,-0.0
Pericyte,Oligodendrocyte,CXCL3,CXCR1,-0.0
Pericyte,Oligodendrocyte,CXCL5,ACKR1,-0.0
Pericyte,Oligodendrocyte,CXCL10,ACKR1,-0.0
Pericyte,Oligodendrocyte,CCL8,CCR3,-0.0
Pericyte,Oligodendrocyte,NTS,NTSR2,-0.0
Pericyte,Oligodendrocyte,PF4,ACKR1,-0.0
Pericyte,Pericyte,APOB,LSR,-0.0
Pericyte,Pericyte,APOB,TREM2,-0.0
Pericyte,Pericyte,APP,FPR2,-0.0
Pericyte,Pericyte,B2M,KLRC1,-0.0
Pericyte,Pericyte,B2M,KLRC2,-0.0
Pericyte,Oligodendrocyte,CXCL3,CXCR2,-0.0
Pericyte,Pericyte,SCT,RAMP2,-0.0
Pericyte,Oligodendrocyte,CXCL1,ACKR1,-0.0
Pericyte,Oligodendrocyte,CSF2,CSF1R,-0.0
Pericyte,Oligodendrocyte,HSPA1A,GRIN2D,-0.0
Pericyte,Oligodendrocyte,IL34,PTPRZ1,-0.0
Pericyte,Oligodendrocyte,IL6,F3,-0.0
Pericyte,Oligodendrocyte,CXCL2,ACKR1,-0.0
Pericyte,Pericyte,CCL24,CCR3,-0.0
Pericyte,Oligodendrocyte,CXCL12,AVPR1A,-0.0
Pericyte,Oligodendrocyte,CXCL10,CCR3,-0.0
Pericyte,Pericyte,TNF,FAS,-0.0
Pericyte,Pericyte,TNF,VSIR,-0.0
Pericyte,Pericyte,PNOC,OPRL1,-0.0
Pericyte,Pericyte,PGLYRP1,TREM1,-0.0
Pericyte,Pericyte,PF4,ACKR1,-0.0
Pericyte,Oligodendrocyte,GZMA,F2RL1,-0.0
Pericyte,Pericyte,PENK,OPRL1,-0.0
Pericyte,Pericyte,EDN1,EDNRB,-0.0
Pericyte,Pericyte,F10,F3,-0.0
Pericyte,Pericyte,FGL1,LAG3,-0.0
Pericyte,Pericyte,FN1,CD79A,-0.0
Pericyte,Pericyte,FN1,MAG,-0.0
Pericyte,Pericyte,GAST,CCKBR,-0.0
Pericyte,Pericyte,GAST,GPR152,-0.0
Pericyte,Pericyte,GZMA,F2RL1,-0.0
Pericyte,Pericyte,HDC,HRH3,-0.0
Pericyte,Pericyte,HP,ASGR1,-0.0
Pericyte,Pericyte,EDN1,ADGRL4,-0.0
Pericyte,Oligodendrocyte,HDC,HRH3,-0.0
Pericyte,Oligodendrocyte,HP,ASGR1,-0.0
Pericyte,Oligodendrocyte,HP,CD163,-0.0
Pericyte,Oligodendrocyte,NPY,NPY5R,-0.0
Pericyte,Oligodendrocyte,CXCL1,CXCR2,-0.0
Pericyte,Oligodendrocyte,CXCL10,SDC4,-0.0
Pericyte,Pericyte,CCL7,ACKR1,-0.0
Pericyte,Pericyte,CCL28,CCR3,-0.0
Pericyte,Pericyte,CCL3,CCR3,-0.0
Pericyte,Oligodendrocyte,PROK2,PROKR1,-0.0
Pericyte,Oligodendrocyte,PPBP,CXCR2,-0.0
Pericyte,Pericyte,CALCB,GPR84,-0.0
Pericyte,Pericyte,CALCB,RAMP1,-0.0
Pericyte,Pericyte,CALCB,RAMP2,-0.0
Pericyte,Pericyte,CAMP,FPR2,-0.0
Pericyte,Pericyte,CAMP,IGF1R,-0.0
Pericyte,Pericyte,CCL1,ACKR1,-0.0
Pericyte,Pericyte,CCL11,ACKR1,-0.0
Pericyte,Pericyte,CCL11,CCR2,-0.0
Oligodendrocyte,Pericyte,CCL8,CCR3,-0.0
Pericyte,Pericyte,CCL11,CCR3,-0.0
Pericyte,Oligodendrocyte,PPY,NPY5R,-0.0
Pericyte,Pericyte,CCL17,ACKR1,-0.0
Pericyte,Pericyte,CCL2,ACKR1,-0.0
Pericyte,Pericyte,CCL2,CCR1,-0.0
Pericyte,Pericyte,ANXA1,FPR1,-0.0
Pericyte,Pericyte,ANGPTL4,GPIHBP1,-0.0
Pericyte,Pericyte,ADM,GPR84,-0.0
Pericyte,Oligodendrocyte,XCL1,XCR1,-0.0
Pericyte,Oligodendrocyte,PGLYRP1,TREM1,-0.0
Pericyte,Oligodendrocyte,PNOC,OPRL1,-0.0
Pericyte,Pericyte,CCL11,CCR5,-0.0
Oligodendrocyte,Pericyte,CCL8,CCR2,-0.0
Oligodendrocyte,Pericyte,CCL8,CCR1,-0.0
Pericyte,Endothelial,HP,CD163,-0.0
Oligodendrocyte,Oligodendrocyte,ITIH2,FCER1A,-0.0
Oligodendrocyte,Oligodendrocyte,LGALS3,LAG3,-0.0
Oligodendrocyte,Oligodendrocyte,LPL,GPIHBP1,-0.0
Oligodendrocyte,Oligodendrocyte,GZMA,F2RL1,-0.0
Oligodendrocyte,Pericyte,NTS,NTSR2,-0.0
Oligodendrocyte,Pericyte,NPY,NPY5R,-0.0
Pericyte,Oligodendrocyte,RIMS1,SLC17A7,-0.0
Pericyte,Oligodendrocyte,RLN3,GPR84,-0.0
Pericyte,Oligodendrocyte,RLN3,RAMP2,-0.0
Pericyte,Oligodendrocyte,PENK,OPRL1,-0.0
Pericyte,Oligodendrocyte,S100A4,CCR5,-0.0
Pericyte,Oligodendrocyte,SAA1,FPR2,-0.0
Pericyte,Oligodendrocyte,SCT,GPR84,-0.0
Pericyte,Oligodendrocyte,SCT,RAMP2,-0.0
Pericyte,Oligodendrocyte,SELPLG,SELL,-0.0
Pericyte,Oligodendrocyte,PTN,PTPRZ1,-0.0
Pericyte,Oligodendrocyte,SNCA,LAG3,-0.0
Pericyte,Oligodendrocyte,TDGF1,ACVR1C,-0.0
Pericyte,Oligodendrocyte,TNF,FAS,-0.0
Pericyte,Oligodendrocyte,TNF,VSIR,-0.0
Pericyte,Oligodendrocyte,SAA1,FPR1,-0.0
Oligodendrocyte,Oligodendrocyte,CCL8,CCR1,-0.0
Pericyte,Endothelial,IL34,PTPRZ1,-0.0
Pericyte,Oligodendrocyte,PPBP,ACKR1,-0.0
Pericyte,Oligodendrocyte,PPBP,CXCR1,-0.0
Pericyte,Pericyte,CCL19,CCR7,-0.0
Oligodendrocyte,Oligodendrocyte,CXCL2,XCR1,-0.0
Oligodendrocyte,Pericyte,CCL2,ACKR1,-0.0
Oligodendrocyte,Pericyte,CD40LG,CD53,-0.0
Oligodendrocyte,Pericyte,CD40LG,CD9,-0.0
Oligodendrocyte,Pericyte,CFP,NCR1,-0.0
Oligodendrocyte,Pericyte,CGA,GPR84,-0.0
Oligodendrocyte,Pericyte,CGA,RAMP2,-0.0
Oligodendrocyte,Pericyte,COL3A1,MAG,-0.0
Oligodendrocyte,Pericyte,CSF2,CSF1R,-0.0
Oligodendrocyte,Pericyte,CSF3,CSF1R,-0.0
Oligodendrocyte,Pericyte,CXCL1,ACKR1,-0.0
Oligodendrocyte,Pericyte,CXCL1,CXCR1,-0.0
Oligodendrocyte,Pericyte,CCL2,CCR1,-0.0
Oligodendrocyte,Pericyte,CXCL1,CXCR2,-0.0
Oligodendrocyte,Pericyte,CXCL10,CCR3,-0.0
Oligodendrocyte,Pericyte,CXCL10,SDC4,-0.0
Oligodendrocyte,Pericyte,CXCL12,AVPR1A,-0.0
Oligodendrocyte,Pericyte,CXCL2,ACKR1,-0.0
Oligodendrocyte,Pericyte,CXCL2,CXCR1,-0.0
Oligodendrocyte,Pericyte,CCL8,ACKR1,-0.0
Oligodendrocyte,Pericyte,CXCL2,CXCR2,-0.0
Oligodendrocyte,Pericyte,CCL7,CCR5,-0.0
Oligodendrocyte,Pericyte,CCL7,CCR2,-0.0
Oligodendrocyte,Pericyte,CCL19,CCR7,-0.0
Oligodendrocyte,Pericyte,CCL2,CCR2,-0.0
Oligodendrocyte,Oligodendrocyte,IL6,MUSK,-0.0
Oligodendrocyte,Pericyte,CD177,PECAM1,-0.0
Oligodendrocyte,Pericyte,CXCL3,CXCR1,-0.0
Oligodendrocyte,Pericyte,CCL8,CCR5,-0.0
Oligodendrocyte,Pericyte,CD34,SELL,-0.0
Oligodendrocyte,Pericyte,CCL2,CCR5,-0.0
Oligodendrocyte,Pericyte,CCL24,CCR2,-0.0
Oligodendrocyte,Pericyte,CCL24,CCR3,-0.0
Oligodendrocyte,Pericyte,CCL28,CCR3,-0.0
Oligodendrocyte,Pericyte,CCL3,CCR1,-0.0
Oligodendrocyte,Pericyte,CCL3,CCR3,-0.0
Oligodendrocyte,Pericyte,CCL3,CCR5,-0.0
Oligodendrocyte,Pericyte,CCL4,CCR1,-0.0
Oligodendrocyte,Pericyte,CCL4,CCR3,-0.0
Oligodendrocyte,Pericyte,CCL4,CCR5,-0.0
Oligodendrocyte,Pericyte,CCL2,CCR3,-0.0
Oligodendrocyte,Pericyte,CCL4,GPR152,-0.0
Oligodendrocyte,Pericyte,CCL5,CCR1,-0.0
Oligodendrocyte,Pericyte,CCL5,CCR3,-0.0
Microglia,Oligodendrocyte,CXCL5,CXCR1,-0.0
Oligodendrocyte,Pericyte,CCL5,SDC4,-0.0
Oligodendrocyte,Pericyte,CCL7,ACKR1,-0.0
Oligodendrocyte,Pericyte,CCL7,CCR1,-0.0
Oligodendrocyte,Pericyte,CCL7,CCR3,-0.0
Oligodendrocyte,Pericyte,CXCL2,XCR1,-0.0
Oligodendrocyte,Pericyte,CXCL3,ACKR1,-0.0
Oligodendrocyte,Pericyte,CCL5,ACKR1,-0.0
Astrocyte,Pericyte,CXCL12,AVPR1A,-0.0
Oligodendrocyte,Oligodendrocyte,IL6,F3,-0.0
Oligodendrocyte,Oligodendrocyte,HSPA1A,GRIN2D,-0.0
Oligodendrocyte,Pericyte,HP,ASGR1,-0.0
Oligodendrocyte,Pericyte,HP,CD163,-0.0
Oligodendrocyte,Pericyte,HSPA1A,GRIN2D,-0.0
Oligodendrocyte,Pericyte,IL34,PTPRZ1,-0.0
Oligodendrocyte,Pericyte,IL6,F3,-0.0
Oligodendrocyte,Pericyte,IL6,MUSK,-0.0
Oligodendrocyte,Pericyte,ITIH2,FCER1A,-0.0
Oligodendrocyte,Pericyte,CXCL5,CXCR1,-0.0
Oligodendrocyte,Pericyte,CXCL5,ACKR1,-0.0
Oligodendrocyte,Pericyte,CXCL3,CXCR2,-0.0
Oligodendrocyte,Pericyte,HDC,HRH3,-0.0
Oligodendrocyte,Pericyte,LGALS3,LAG3,-0.0
Oligodendrocyte,Pericyte,PGLYRP1,TREM1,-0.0
Oligodendrocyte,Pericyte,PNOC,OPRL1,-0.0
Oligodendrocyte,Pericyte,PPBP,ACKR1,-0.0
Oligodendrocyte,Pericyte,PPBP,CXCR1,-0.0
Oligodendrocyte,Pericyte,PPBP,CXCR2,-0.0
Oligodendrocyte,Pericyte,PPY,NPY5R,-0.0
Oligodendrocyte,Pericyte,PROK2,PROKR1,-0.0
Oligodendrocyte,Pericyte,PSAP,GPR37,-0.0
Oligodendrocyte,Pericyte,PTN,PTPRZ1,-0.0
Oligodendrocyte,Pericyte,FN1,MAG,-0.0
Oligodendrocyte,Pericyte,PF4,ACKR1,-0.0
Oligodendrocyte,Pericyte,GZMA,F2RL1,-0.0
Oligodendrocyte,Pericyte,GAST,GPR152,-0.0
Oligodendrocyte,Pericyte,GAST,CCKBR,-0.0
Pericyte,Pericyte,CCL3,CCR5,-0.0
Pericyte,Pericyte,CCL4,CCR1,-0.0
Pericyte,Pericyte,CCL4,CCR3,-0.0
Pericyte,Pericyte,CCL4,CCR5,-0.0
Pericyte,Pericyte,CCL4,GPR152,-0.0
Pericyte,Pericyte,CCL5,ACKR1,-0.0
Pericyte,Pericyte,CCL5,CCR1,-0.0
Pericyte,Pericyte,CCL5,CCR3,-0.0
Pericyte,Pericyte,CCL5,CCR5,-0.0
Pericyte,Pericyte,CCL3,CCR1,-0.0
Pericyte,Pericyte,BMP8A,TGFBR1,-0.0
Pericyte,Pericyte,BSG,SLC16A1,-0.0
Pericyte,Pericyte,CALCA,GPR84,-0.0
Oligodendrocyte,Pericyte,CXCL5,CXCR2,-0.0
Oligodendrocyte,Pericyte,CXCL9,ACKR1,-0.0
Oligodendrocyte,Pericyte,CXCL9,CCR3,-0.0
Oligodendrocyte,Pericyte,CYTL1,CCR2,-0.0
Oligodendrocyte,Pericyte,EDN1,ADGRL4,-0.0
Oligodendrocyte,Pericyte,EDN1,EDNRB,-0.0
Oligodendrocyte,Pericyte,F10,F3,-0.0
Oligodendrocyte,Pericyte,FGL1,LAG3,-0.0
Oligodendrocyte,Pericyte,CCL17,ACKR1,-0.0
Oligodendrocyte,Pericyte,FN1,CD79A,-0.0
Oligodendrocyte,Pericyte,RIMS1,SLC17A7,-0.0
Oligodendrocyte,Pericyte,RLN3,RAMP2,-0.0
Oligodendrocyte,Pericyte,S100A4,CCR5,-0.0
Oligodendrocyte,Pericyte,SAA1,FPR1,-0.0
Oligodendrocyte,Oligodendrocyte,CXCL10,SDC4,-0.0
Oligodendrocyte,Oligodendrocyte,CXCL12,AVPR1A,-0.0
Oligodendrocyte,Oligodendrocyte,CXCL2,ACKR1,-0.0
Oligodendrocyte,Oligodendrocyte,CXCL2,CXCR1,-0.0
Oligodendrocyte,Oligodendrocyte,CSF2,CSF1R,-0.0
Oligodendrocyte,Pericyte,PENK,OPRL1,-0.0
Oligodendrocyte,Oligodendrocyte,CXCL5,ACKR1,-0.0
Oligodendrocyte,Oligodendrocyte,MFGE8,PDGFRB,-0.0
Oligodendrocyte,Oligodendrocyte,CXCL5,CXCR2,-0.0
Oligodendrocyte,Oligodendrocyte,CXCL9,ACKR1,-0.0
Oligodendrocyte,Oligodendrocyte,CXCL9,CCR3,-0.0
Oligodendrocyte,Oligodendrocyte,CYTL1,CCR2,-0.0
Oligodendrocyte,Oligodendrocyte,EDN1,ADGRL4,-0.0
Oligodendrocyte,Oligodendrocyte,EDN1,EDNRB,-0.0
Oligodendrocyte,Oligodendrocyte,F10,F3,-0.0
Oligodendrocyte,Oligodendrocyte,FGL1,LAG3,-0.0
Oligodendrocyte,Oligodendrocyte,FN1,CD79A,-0.0
Oligodendrocyte,Oligodendrocyte,GAST,CCKBR,-0.0
Oligodendrocyte,Oligodendrocyte,CXCL5,CXCR1,-0.0
Oligodendrocyte,Oligodendrocyte,GAST,GPR152,-0.0
Oligodendrocyte,Oligodendrocyte,HDC,HRH3,-0.0
Oligodendrocyte,Oligodendrocyte,HP,ASGR1,-0.0
Oligodendrocyte,Oligodendrocyte,HP,CD163,-0.0
Oligodendrocyte,Oligodendrocyte,CXCL10,CCR3,-0.0
Oligodendrocyte,Oligodendrocyte,IL34,PTPRZ1,-0.0
Oligodendrocyte,Oligodendrocyte,CXCL10,ACKR1,-0.0
Oligodendrocyte,Oligodendrocyte,CXCL1,CXCR1,-0.0
Oligodendrocyte,Pericyte,SAA1,FPR2,-0.0
Oligodendrocyte,Pericyte,SCT,GPR84,-0.0
Oligodendrocyte,Pericyte,SCT,RAMP2,-0.0
Oligodendrocyte,Pericyte,MSMP,CCR2,-0.0
Oligodendrocyte,Pericyte,LPL,GPIHBP1,-0.0
Oligodendrocyte,Pericyte,RLN3,GPR84,-0.0
Oligodendrocyte,Pericyte,CCL11,CCR5,-0.0
Oligodendrocyte,Pericyte,CCL11,CCR3,-0.0
Oligodendrocyte,Pericyte,CCL11,CCR2,-0.0
Oligodendrocyte,Oligodendrocyte,CXCL3,CXCR1,-0.0
Oligodendrocyte,Oligodendrocyte,CCL8,CCR3,-0.0
Oligodendrocyte,Oligodendrocyte,CCL8,CCR5,-0.0
Oligodendrocyte,Oligodendrocyte,CD177,PECAM1,-0.0
Oligodendrocyte,Oligodendrocyte,CD34,SELL,-0.0
Oligodendrocyte,Oligodendrocyte,CD40LG,CD53,-0.0
Oligodendrocyte,Oligodendrocyte,CD40LG,CD9,-0.0
Oligodendrocyte,Oligodendrocyte,CFP,NCR1,-0.0
Oligodendrocyte,Oligodendrocyte,CGA,GPR84,-0.0
Oligodendrocyte,Oligodendrocyte,CGA,RAMP2,-0.0
Oligodendrocyte,Oligodendrocyte,CXCL3,CXCR2,-0.0
Oligodendrocyte,Oligodendrocyte,COL3A1,MAG,-0.0
Oligodendrocyte,Oligodendrocyte,MSMP,CCR2,-0.0
Oligodendrocyte,Oligodendrocyte,CSF3,CSF1R,-0.0
Oligodendrocyte,Oligodendrocyte,CXCL1,CXCR2,-0.0
Oligodendrocyte,Oligodendrocyte,CCL4,CCR1,-0.0
Pericyte,Astrocyte,CXCL2,ACKR1,-0.0
Astrocyte,Pericyte,CCL4,GPR152,-0.0
Pericyte,Astrocyte,CCL19,CCR7,-0.0
Pericyte,Endothelial,APOB,LSR,-0.0
Pericyte,Astrocyte,CCL5,SDC4,-0.0
Pericyte,Astrocyte,CCL5,CCR3,-0.0
Pericyte,Endothelial,CFP,NCR1,-0.0
Pericyte,Endothelial,CGA,GPR84,-0.0
Pericyte,Endothelial,CGA,RAMP2,-0.0
Pericyte,Endothelial,COL3A1,MAG,-0.0
Pericyte,Endothelial,CSF2,CSF1R,-0.0
Pericyte,Endothelial,CSF3,CSF1R,-0.0
Pericyte,Astrocyte,APOB,LSR,-0.0
Pericyte,Endothelial,CXCL1,ACKR1,-0.0
Pericyte,Endothelial,CXCL1,CXCR2,-0.0
Pericyte,Endothelial,CD34,SELL,-0.0
Pericyte,Astrocyte,CCL5,CCR5,-0.0
Pericyte,Astrocyte,RLN3,GPR84,-0.0
Pericyte,Astrocyte,PSAP,GPR37,-0.0
Pericyte,Astrocyte,CCL2,CCR3,-0.0
Pericyte,Astrocyte,CCL24,CCR2,-0.0
Pericyte,Astrocyte,CCL24,CCR3,-0.0
Pericyte,Astrocyte,CCL28,CCR3,-0.0
Pericyte,Astrocyte,CCL3,CCR3,-0.0
Pericyte,Endothelial,CXCL1,CXCR1,-0.0
Pericyte,Astrocyte,ANXA1,FPR1,-0.0
Pericyte,Astrocyte,ANGPTL4,GPIHBP1,-0.0
Oligodendrocyte,Pericyte,XCL1,XCR1,-0.0
Pericyte,Endothelial,EDN1,ADGRL4,-0.0
Pericyte,Endothelial,CXCL2,XCR1,-0.0
Pericyte,Endothelial,CD177,PECAM1,-0.0
Pericyte,Endothelial,CD40LG,CD53,-0.0
Pericyte,Endothelial,CD40LG,CD9,-0.0
Pericyte,Astrocyte,CCL7,CCR3,-0.0
Pericyte,Astrocyte,CCL8,ACKR1,-0.0
Pericyte,Astrocyte,CCL8,CCR1,-0.0
Pericyte,Astrocyte,CCL8,CCR2,-0.0
Pericyte,Astrocyte,CCL8,CCR3,-0.0
Pericyte,Astrocyte,CCL8,CCR5,-0.0
Pericyte,Astrocyte,CD177,PECAM1,-0.0
Pericyte,Astrocyte,CD40LG,CD53,-0.0
Pericyte,Astrocyte,CD40LG,CD9,-0.0
Pericyte,Astrocyte,CFP,NCR1,-0.0
Pericyte,Astrocyte,CCL7,ACKR1,-0.0
Pericyte,Astrocyte,CCL2,ACKR1,-0.0
Pericyte,Astrocyte,CCL17,ACKR1,-0.0
Pericyte,Astrocyte,CCL11,CCR5,-0.0
Oligodendrocyte,Pericyte,TDGF1,ACVR1C,-0.0
Oligodendrocyte,Pericyte,THBS1,SDC4,-0.0
Oligodendrocyte,Pericyte,TIMP1,CD63,-0.0
Oligodendrocyte,Pericyte,VWF,SIRPA,-0.0
Pericyte,Astrocyte,CCL4,CCR3,-0.0
Pericyte,Endothelial,CYTL1,CCR2,-0.0
Pericyte,Astrocyte,CCL4,GPR152,-0.0
Pericyte,Astrocyte,CCL5,CCR1,-0.0
Oligodendrocyte,Pericyte,CAMP,FPR2,-0.0
Oligodendrocyte,Pericyte,SELPLG,SELL,-0.0
Oligodendrocyte,Oligodendrocyte,NPY,NPY5R,-0.0
Oligodendrocyte,Oligodendrocyte,XCL1,XCR1,-0.0
Oligodendrocyte,Pericyte,ADM,GPR84,-0.0
Oligodendrocyte,Pericyte,ADM,RAMP1,-0.0
Oligodendrocyte,Pericyte,ADM,RAMP2,-0.0
Oligodendrocyte,Pericyte,ANGPTL4,GPIHBP1,-0.0
Oligodendrocyte,Pericyte,ANGPTL4,SDC4,-0.0
Oligodendrocyte,Pericyte,ANXA1,FPR1,-0.0
Oligodendrocyte,Pericyte,CAMP,IGF1R,-0.0
Oligodendrocyte,Pericyte,APOB,LSR,-0.0
Oligodendrocyte,Pericyte,B2M,KLRC1,-0.0
Oligodendrocyte,Pericyte,B2M,KLRC2,-0.0
Oligodendrocyte,Pericyte,B2M,KLRD1,-0.0
Oligodendrocyte,Pericyte,BMP8A,TGFBR1,-0.0
Oligodendrocyte,Pericyte,BSG,SLC16A1,-0.0
Oligodendrocyte,Pericyte,CALCA,GPR84,-0.0
Oligodendrocyte,Pericyte,CALCB,GPR84,-0.0
Oligodendrocyte,Pericyte,CALCB,RAMP1,-0.0
Oligodendrocyte,Pericyte,CALCB,RAMP2,-0.0
Oligodendrocyte,Pericyte,APOB,TREM2,-0.0
Oligodendrocyte,Pericyte,APP,FPR2,-0.0
Oligodendrocyte,Pericyte,CCL1,ACKR1,-0.0
Oligodendrocyte,Pericyte,CCL11,ACKR1,-0.0
Oligodendrocyte,Oligodendrocyte,SAA1,FPR2,-0.0
Pericyte,Astrocyte,RIMS1,SLC17A7,-0.0
Pericyte,Astrocyte,APOB,TREM2,-0.0
Pericyte,Endothelial,ANXA1,FPR1,-0.0
Pericyte,Endothelial,ADM,RAMP1,-0.0
Oligodendrocyte,Oligodendrocyte,TNF,FAS,-0.0
Oligodendrocyte,Oligodendrocyte,TIMP1,CD63,-0.0
Oligodendrocyte,Oligodendrocyte,THBS1,SDC4,-0.0
Oligodendrocyte,Oligodendrocyte,TDGF1,ACVR1C,-0.0
Oligodendrocyte,Oligodendrocyte,NTS,NTSR2,-0.0
Oligodendrocyte,Oligodendrocyte,PENK,OPRL1,-0.0
Oligodendrocyte,Oligodendrocyte,PF4,ACKR1,-0.0
Oligodendrocyte,Oligodendrocyte,PGLYRP1,TREM1,-0.0
Oligodendrocyte,Oligodendrocyte,PNOC,OPRL1,-0.0
Oligodendrocyte,Oligodendrocyte,PPBP,ACKR1,-0.0
Oligodendrocyte,Oligodendrocyte,PPBP,CXCR1,-0.0
Oligodendrocyte,Oligodendrocyte,PPBP,CXCR2,-0.0
Microglia,Microglia,ANGPTL4,SDC4,-0.0
Oligodendrocyte,Oligodendrocyte,PROK2,PROKR1,-0.0
Oligodendrocyte,Oligodendrocyte,PTN,PTPRZ1,-0.0
Oligodendrocyte,Oligodendrocyte,RIMS1,SLC17A7,-0.0
Oligodendrocyte,Oligodendrocyte,RLN3,RAMP2,-0.0
Oligodendrocyte,Oligodendrocyte,S100A4,CCR5,-0.0
Oligodendrocyte,Oligodendrocyte,SAA1,FPR1,-0.0
Pericyte,Astrocyte,CCL5,ACKR1,-0.0
Pericyte,Endothelial,CXCL9,CCR3,-0.0
Pericyte,Endothelial,CXCL9,ACKR1,-0.0
Pericyte,Endothelial,CXCL5,CXCR2,-0.0
Microglia,Oligodendrocyte,PPBP,CXCR2,-0.0
Oligodendrocyte,Microglia,RIMS1,SLC17A7,-0.0
Microglia,Oligodendrocyte,PPBP,CXCR1,-0.0
Oligodendrocyte,Microglia,RLN3,GPR84,-0.0
Oligodendrocyte,Microglia,RLN3,RAMP2,-0.0
Oligodendrocyte,Microglia,S100A4,CCR5,-0.0
Microglia,Oligodendrocyte,PPY,NPY5R,-0.0
Oligodendrocyte,Microglia,ADM,RAMP1,-0.0
Microglia,Pericyte,CCL7,CCR2,-0.0
Oligodendrocyte,Microglia,PTN,PTPRB,-0.0
Oligodendrocyte,Microglia,PTN,PTPRZ1,-0.0
Oligodendrocyte,Microglia,HP,CD163,-0.0
Oligodendrocyte,Microglia,TDGF1,ACVR1C,-0.0
Oligodendrocyte,Astrocyte,CGA,GPR84,-0.0
Oligodendrocyte,Microglia,IL34,PTPRZ1,-0.0
Oligodendrocyte,Microglia,IL6,F3,-0.0
Microglia,Oligodendrocyte,RLN3,GPR84,-0.0
Oligodendrocyte,Microglia,PNOC,OPRL1,-0.0
Oligodendrocyte,Microglia,PPBP,ACKR1,-0.0
Oligodendrocyte,Microglia,SAA1,FPR2,-0.0
Microglia,Oligodendrocyte,PF4,ACKR1,-0.0
Oligodendrocyte,Microglia,SCT,GPR84,-0.0
Microglia,Oligodendrocyte,PGLYRP1,TREM1,-0.0
Microglia,Oligodendrocyte,PROK2,PROKR1,-0.0
Microglia,Oligodendrocyte,PNOC,OPRL1,-0.0
Oligodendrocyte,Microglia,CYTL1,CCR2,-0.0
Microglia,Oligodendrocyte,F10,F3,-0.0
Oligodendrocyte,Oligodendrocyte,CCL4,CCR5,-0.0
Oligodendrocyte,Microglia,TIMP1,CD63,-0.0
Oligodendrocyte,Microglia,THBS1,SDC4,-0.0
Microglia,Oligodendrocyte,LPL,GPIHBP1,-0.0
Oligodendrocyte,Astrocyte,CCL5,CCR5,-0.0
Microglia,Oligodendrocyte,SAA1,FPR2,-0.0
Oligodendrocyte,Microglia,LPL,GPIHBP1,-0.0
Oligodendrocyte,Microglia,MFGE8,PDGFRB,-0.0
Microglia,Oligodendrocyte,SAA1,FPR1,-0.0
Microglia,Oligodendrocyte,EDN1,EDNRB,-0.0
Oligodendrocyte,Astrocyte,GZMA,F2RL1,-0.0
Microglia,Oligodendrocyte,SCT,GPR84,-0.0
Oligodendrocyte,Microglia,HSPA1A,GRIN2D,-0.0
Microglia,Oligodendrocyte,PPBP,ACKR1,-0.0
Oligodendrocyte,Microglia,PPBP,CXCR1,-0.0
Microglia,Oligodendrocyte,RIMS1,SLC17A7,-0.0
Oligodendrocyte,Astrocyte,CD40LG,CD9,-0.0
Oligodendrocyte,Microglia,PPBP,CXCR2,-0.0
Oligodendrocyte,Microglia,PPY,NPY5R,-0.0
Oligodendrocyte,Microglia,PROK2,PROKR1,-0.0
Oligodendrocyte,Microglia,PSAP,GPR37,-0.0
Microglia,Oligodendrocyte,PTN,PTPRZ1,-0.0
Oligodendrocyte,Microglia,SAA1,FPR1,-0.0
Microglia,Oligodendrocyte,PENK,OPRL1,-0.0
Microglia,Oligodendrocyte,NTS,NTSR2,-0.0
Microglia,Oligodendrocyte,NPY,NPY5R,-0.0
Pericyte,Endothelial,CCL8,CCR3,-0.0
Pericyte,Endothelial,CCL8,CCR5,-0.0
Pericyte,Endothelial,FN1,CD79A,-0.0
Pericyte,Endothelial,FGL1,LAG3,-0.0
Pericyte,Endothelial,F10,F3,-0.0
Pericyte,Endothelial,EDN1,EDNRB,-0.0
Pericyte,Endothelial,APOB,TREM2,-0.0
Pericyte,Endothelial,APP,FPR2,-0.0
Pericyte,Endothelial,B2M,KLRC1,-0.0
Pericyte,Endothelial,B2M,KLRC2,-0.0
Pericyte,Endothelial,B2M,KLRD1,-0.0
Pericyte,Endothelial,CALCA,GPR84,-0.0
Pericyte,Endothelial,CCL5,ACKR1,-0.0
Pericyte,Endothelial,CCL5,CCR1,-0.0
Endothelial,Pericyte,B2M,KLRC1,-0.0
Pericyte,Endothelial,CXCL2,CXCR1,-0.0
Pericyte,Astrocyte,RLN3,RAMP2,-0.0
Pericyte,Endothelial,CXCL2,CXCR2,-0.0
Pericyte,Endothelial,CXCL3,ACKR1,-0.0
Pericyte,Endothelial,CXCL3,CXCR1,-0.0
Pericyte,Endothelial,CXCL3,CXCR2,-0.0
Pericyte,Endothelial,CXCL5,ACKR1,-0.0
Pericyte,Endothelial,CXCL5,CXCR1,-0.0
Pericyte,Endothelial,CCL8,CCR2,-0.0
Oligodendrocyte,Oligodendrocyte,SCT,GPR84,-0.0
Pericyte,Endothelial,CCL8,CCR1,-0.0
Pericyte,Endothelial,CCL7,CCR5,-0.0
Oligodendrocyte,Microglia,SELPLG,SELL,-0.0
Microglia,Oligodendrocyte,MSMP,CCR2,-0.0
Oligodendrocyte,Astrocyte,CD40LG,CD53,-0.0
Microglia,Oligodendrocyte,MFGE8,PDGFRB,-0.0
Oligodendrocyte,Microglia,SCT,RAMP2,-0.0
Astrocyte,Oligodendrocyte,PPBP,ACKR1,-0.0
Pericyte,Microglia,CXCL2,CXCR1,-0.0
Pericyte,Microglia,CXCL2,XCR1,-0.0
Pericyte,Endothelial,FN1,MAG,-0.0
Pericyte,Endothelial,GAST,CCKBR,-0.0
Pericyte,Endothelial,GAST,GPR152,-0.0
Pericyte,Endothelial,GZMA,F2RL1,-0.0
Pericyte,Endothelial,HDC,HRH3,-0.0
Pericyte,Endothelial,HP,ASGR1,-0.0
Pericyte,Endothelial,CXCL12,AVPR1A,-0.0
Pericyte,Endothelial,CXCL10,SDC4,-0.0
Pericyte,Endothelial,CXCL10,CCR3,-0.0
Pericyte,Endothelial,CXCL10,ACKR1,-0.0
Pericyte,Endothelial,CCL5,CCR5,-0.0
Pericyte,Endothelial,CCL5,SDC4,-0.0
Pericyte,Endothelial,CCL7,CCR1,-0.0
Pericyte,Endothelial,CCL7,CCR2,-0.0
Pericyte,Endothelial,CCL7,CCR3,-0.0
Pericyte,Endothelial,CCL8,ACKR1,-0.0
Oligodendrocyte,Oligodendrocyte,SCT,RAMP2,-0.0
Oligodendrocyte,Oligodendrocyte,SELPLG,SELL,-0.0
Pericyte,Endothelial,CCL3,CCR5,-0.0
Astrocyte,Pericyte,PPBP,ACKR1,-0.0
Astrocyte,Pericyte,PPBP,CXCR1,-0.0
Astrocyte,Pericyte,PPBP,CXCR2,-0.0
Astrocyte,Pericyte,MSMP,CCR2,-0.0
Astrocyte,Pericyte,CCL5,CCR3,-0.0
Astrocyte,Pericyte,CCL5,CCR1,-0.0
Astrocyte,Pericyte,CCL5,ACKR1,-0.0
Pericyte,Astrocyte,MSMP,CCR2,-0.0
Pericyte,Astrocyte,NPY,NPY5R,-0.0
Pericyte,Astrocyte,NTS,NTSR2,-0.0
Astrocyte,Pericyte,PNOC,OPRL1,-0.0
Pericyte,Astrocyte,PENK,OPRL1,-0.0
Pericyte,Astrocyte,PNOC,OPRL1,-0.0
Pericyte,Astrocyte,PPBP,ACKR1,-0.0
Pericyte,Astrocyte,PPBP,CXCR1,-0.0
Pericyte,Astrocyte,PPBP,CXCR2,-0.0
Pericyte,Astrocyte,PROK2,PROKR1,-0.0
Pericyte,Astrocyte,GZMA,F2RL1,-0.0
Pericyte,Astrocyte,GAST,GPR152,-0.0
Pericyte,Astrocyte,GAST,CCKBR,-0.0
Pericyte,Astrocyte,FN1,CD79A,-0.0
Pericyte,Astrocyte,CXCL1,ACKR1,-0.0
Pericyte,Astrocyte,PF4,ACKR1,-0.0
Astrocyte,Pericyte,PGLYRP1,TREM1,-0.0
Astrocyte,Pericyte,PF4,ACKR1,-0.0
Astrocyte,Pericyte,PENK,OPRL1,-0.0
Astrocyte,Oligodendrocyte,MSMP,CCR2,-0.0
Astrocyte,Oligodendrocyte,NPY,NPY5R,-0.0
Astrocyte,Oligodendrocyte,NTS,NTSR2,-0.0
Astrocyte,Oligodendrocyte,PENK,OPRL1,-0.0
Astrocyte,Oligodendrocyte,PF4,ACKR1,-0.0
Astrocyte,Oligodendrocyte,PGLYRP1,TREM1,-0.0
Astrocyte,Oligodendrocyte,LGALS3,LAG3,-0.0
Astrocyte,Pericyte,CCL5,CCR5,-0.0
Astrocyte,Pericyte,CCL4,CCR1,-0.0
Astrocyte,Pericyte,PPY,NPY5R,-0.0
Astrocyte,Pericyte,HDC,HRH3,-0.0
Astrocyte,Pericyte,HP,ASGR1,-0.0
Astrocyte,Pericyte,HP,CD163,-0.0
Astrocyte,Pericyte,HSPA1A,GRIN2D,-0.0
Astrocyte,Pericyte,IL34,PTPRZ1,-0.0
Astrocyte,Pericyte,IL6,F3,-0.0
Astrocyte,Pericyte,IL6,MUSK,-0.0
Astrocyte,Pericyte,ITIH2,FCER1A,-0.0
Astrocyte,Pericyte,LGALS3,LAG3,-0.0
Astrocyte,Pericyte,LPL,GPIHBP1,-0.0
Astrocyte,Pericyte,PSAP,GPR37,-0.0
Astrocyte,Pericyte,NPY,NPY5R,-0.0
Astrocyte,Pericyte,NTS,NTSR2,-0.0
Pericyte,Astrocyte,CXCL1,CXCR1,-0.0
Pericyte,Astrocyte,CXCL1,CXCR2,-0.0
Pericyte,Astrocyte,CXCL10,ACKR1,-0.0
Pericyte,Astrocyte,CXCL10,CCR3,-0.0
Pericyte,Astrocyte,CXCL12,AVPR1A,-0.0
Pericyte,Astrocyte,CXCL2,CXCR1,-0.0
Astrocyte,Pericyte,CXCL2,CXCR1,-0.0
Astrocyte,Pericyte,CXCL2,CXCR2,-0.0
Astrocyte,Pericyte,CXCL2,XCR1,-0.0
Astrocyte,Pericyte,CXCL3,ACKR1,-0.0
Astrocyte,Pericyte,CXCL3,CXCR1,-0.0
Astrocyte,Pericyte,CXCL3,CXCR2,-0.0
Astrocyte,Pericyte,CXCL5,ACKR1,-0.0
Astrocyte,Pericyte,CXCL5,CXCR1,-0.0
Astrocyte,Pericyte,CXCL5,CXCR2,-0.0
Astrocyte,Pericyte,CXCL9,ACKR1,-0.0
Astrocyte,Pericyte,CXCL2,ACKR1,-0.0
Astrocyte,Pericyte,CXCL9,CCR3,-0.0
Astrocyte,Pericyte,EDN1,ADGRL4,-0.0
Astrocyte,Pericyte,EDN1,EDNRB,-0.0
Astrocyte,Pericyte,F10,F3,-0.0
Astrocyte,Pericyte,FGL1,LAG3,-0.0
Astrocyte,Pericyte,CXCL1,ACKR1,-0.0
Astrocyte,Pericyte,CSF3,CSF1R,-0.0
Astrocyte,Pericyte,CSF2,CSF1R,-0.0
Astrocyte,Pericyte,COL3A1,MAG,-0.0
Astrocyte,Pericyte,CCL4,CCR5,-0.0
Oligodendrocyte,Oligodendrocyte,CXCL1,ACKR1,-0.0
Astrocyte,Oligodendrocyte,LPL,GPIHBP1,-0.0
Pericyte,Astrocyte,CCL11,CCR3,-0.0
Pericyte,Astrocyte,IL6,F3,-0.0
Pericyte,Astrocyte,PPY,NPY5R,-0.0
Pericyte,Astrocyte,CXCL10,SDC4,-0.0
Pericyte,Astrocyte,LPL,GPIHBP1,-0.0
Pericyte,Astrocyte,ITIH2,FCER1A,-0.0
Pericyte,Astrocyte,B2M,KLRC2,-0.0
Pericyte,Astrocyte,BMP8A,TGFBR1,-0.0
Pericyte,Astrocyte,CALCA,GPR84,-0.0
Pericyte,Astrocyte,CALCB,GPR84,-0.0
Pericyte,Astrocyte,CALCB,RAMP1,-0.0
Pericyte,Astrocyte,CALCB,RAMP2,-0.0
Pericyte,Astrocyte,CAMP,FPR2,-0.0
Pericyte,Astrocyte,CAMP,IGF1R,-0.0
Pericyte,Astrocyte,CCL1,ACKR1,-0.0
Pericyte,Astrocyte,CCL11,ACKR1,-0.0
Pericyte,Astrocyte,LGALS3,LAG3,-0.0
Pericyte,Astrocyte,CCL11,CCR2,-0.0
Pericyte,Astrocyte,B2M,KLRD1,-0.0
Pericyte,Astrocyte,CGA,RAMP2,-0.0
Pericyte,Astrocyte,CSF3,CSF1R,-0.0
Pericyte,Astrocyte,HDC,HRH3,-0.0
Pericyte,Astrocyte,HP,ASGR1,-0.0
Pericyte,Astrocyte,HP,CD163,-0.0
Pericyte,Astrocyte,HSPA1A,GRIN2D,-0.0
Pericyte,Astrocyte,IL6,MUSK,-0.0
Astrocyte,Pericyte,CYTL1,CCR2,-0.0
Astrocyte,Oligodendrocyte,GAST,CCKBR,-0.0
Astrocyte,Pericyte,CCL3,CCR5,-0.0
Pericyte,Endothelial,CAMP,FPR2,-0.0
Pericyte,Endothelial,CAMP,IGF1R,-0.0
Pericyte,Endothelial,CCL28,CCR3,-0.0
Pericyte,Endothelial,CCL1,ACKR1,-0.0
Pericyte,Endothelial,CCL11,CCR2,-0.0
Pericyte,Endothelial,CCL11,CCR3,-0.0
Pericyte,Endothelial,CCL11,CCR5,-0.0
Pericyte,Endothelial,CCL17,ACKR1,-0.0
Pericyte,Endothelial,CCL19,CCR7,-0.0
Pericyte,Endothelial,CCL2,CCR1,-0.0
Pericyte,Endothelial,CALCB,RAMP2,-0.0
Pericyte,Endothelial,CCL2,CCR2,-0.0
Pericyte,Endothelial,CCL2,CCR5,-0.0
Pericyte,Endothelial,CCL24,CCR2,-0.0
Pericyte,Endothelial,CCL11,ACKR1,-0.0
Pericyte,Astrocyte,APP,FPR2,-0.0
Pericyte,Astrocyte,B2M,KLRC1,-0.0
Pericyte,Astrocyte,CGA,GPR84,-0.0
Astrocyte,Pericyte,SAA1,FPR2,-0.0
Astrocyte,Pericyte,SCT,GPR84,-0.0
Astrocyte,Pericyte,SCT,RAMP2,-0.0
Astrocyte,Pericyte,SELPLG,SELL,-0.0
Pericyte,Endothelial,CCL2,CCR3,-0.0
Oligodendrocyte,Pericyte,SNCA,LAG3,-0.0
Pericyte,Endothelial,HSPA1A,GRIN2D,-0.0
Oligodendrocyte,Oligodendrocyte,RLN3,GPR84,-0.0
Pericyte,Endothelial,CCL4,CCR1,-0.0
Pericyte,Endothelial,CCL4,CCR3,-0.0
Pericyte,Endothelial,CCL4,CCR5,-0.0
Pericyte,Endothelial,CALCB,RAMP1,-0.0
Pericyte,Endothelial,CCL4,GPR152,-0.0
Pericyte,Endothelial,CALCB,GPR84,-0.0
Pericyte,Endothelial,BMP8A,TGFBR1,-0.0
Pericyte,Astrocyte,S100A4,CCR5,-0.0
Pericyte,Astrocyte,SAA1,FPR1,-0.0
Pericyte,Endothelial,CCL3,CCR3,-0.0
Pericyte,Astrocyte,SAA1,FPR2,-0.0
Pericyte,Astrocyte,SCT,GPR84,-0.0
Pericyte,Astrocyte,SCT,RAMP2,-0.0
Pericyte,Astrocyte,SNCA,LAG3,-0.0
Pericyte,Astrocyte,TDGF1,ACVR1C,-0.0
Pericyte,Astrocyte,TNF,FAS,-0.0
Pericyte,Astrocyte,TNF,VSIR,-0.0
Pericyte,Astrocyte,XCL1,XCR1,-0.0
Pericyte,Endothelial,ADM,GPR84,-0.0
Pericyte,Endothelial,ANGPTL4,GPIHBP1,-0.0
Pericyte,Endothelial,CCL3,CCR1,-0.0
Pericyte,Endothelial,CCL24,CCR3,-0.0
Oligodendrocyte,Oligodendrocyte,SNCA,LAG3,-0.0
Astrocyte,Pericyte,SNCA,LAG3,-0.0
Astrocyte,Pericyte,RIMS1,SLC17A7,-0.0
Astrocyte,Pericyte,TIMP1,CD63,-0.0
Astrocyte,Pericyte,VWF,SIRPA,-0.0
Astrocyte,Pericyte,CD40LG,CD53,-0.0
Astrocyte,Pericyte,CD40LG,CD9,-0.0
Astrocyte,Pericyte,CFP,NCR1,-0.0
Astrocyte,Pericyte,CGA,GPR84,-0.0
Astrocyte,Pericyte,CGA,RAMP2,-0.0
Astrocyte,Pericyte,CCL8,ACKR1,-0.0
Astrocyte,Pericyte,FN1,MAG,-0.0
Astrocyte,Pericyte,GAST,CCKBR,-0.0
Astrocyte,Pericyte,GAST,GPR152,-0.0
Astrocyte,Pericyte,CD177,PECAM1,-0.0
Astrocyte,Pericyte,PTN,PTPRZ1,-0.0
Astrocyte,Pericyte,PROK2,PROKR1,-0.0
Astrocyte,Pericyte,GZMA,F2RL1,-0.0
Astrocyte,Pericyte,CCL3,CCR3,-0.0
Astrocyte,Oligodendrocyte,GAST,GPR152,-0.0
Astrocyte,Oligodendrocyte,GZMA,F2RL1,-0.0
Astrocyte,Oligodendrocyte,HDC,HRH3,-0.0
Astrocyte,Oligodendrocyte,HP,ASGR1,-0.0
Astrocyte,Oligodendrocyte,HP,CD163,-0.0
Astrocyte,Oligodendrocyte,HSPA1A,GRIN2D,-0.0
Astrocyte,Oligodendrocyte,IL34,PTPRZ1,-0.0
Astrocyte,Oligodendrocyte,IL6,F3,-0.0
Astrocyte,Oligodendrocyte,IL6,MUSK,-0.0
Astrocyte,Pericyte,CD34,SELL,-0.0
Astrocyte,Oligodendrocyte,ITIH2,FCER1A,-0.0
Astrocyte,Pericyte,CCL8,CCR5,-0.0
Astrocyte,Pericyte,CCL8,CCR3,-0.0
Astrocyte,Pericyte,XCL1,XCR1,-0.0
Endothelial,Astrocyte,ANGPTL4,GPIHBP1,-0.0
Endothelial,Astrocyte,ANXA1,FPR1,-0.0
Endothelial,Astrocyte,APOB,LSR,-0.0
Endothelial,Astrocyte,APOB,TREM2,-0.0
Endothelial,Astrocyte,APP,FPR2,-0.0
Endothelial,Astrocyte,B2M,KLRC1,-0.0
Endothelial,Astrocyte,B2M,KLRC2,-0.0
Endothelial,Astrocyte,B2M,KLRD1,-0.0
Astrocyte,Pericyte,TDGF1,ACVR1C,-0.0
Astrocyte,Pericyte,SAA1,FPR1,-0.0
Astrocyte,Pericyte,S100A4,CCR5,-0.0
Astrocyte,Pericyte,RLN3,RAMP2,-0.0
Astrocyte,Pericyte,RLN3,GPR84,-0.0
Astrocyte,Pericyte,CCL5,SDC4,-0.0
Astrocyte,Pericyte,CCL7,ACKR1,-0.0
Astrocyte,Pericyte,CCL7,CCR1,-0.0
Astrocyte,Pericyte,CCL7,CCR2,-0.0
Astrocyte,Pericyte,CCL7,CCR3,-0.0
Astrocyte,Pericyte,FN1,CD79A,-0.0
Astrocyte,Pericyte,CCL7,CCR5,-0.0
Astrocyte,Pericyte,CCL8,CCR1,-0.0
Astrocyte,Pericyte,CCL8,CCR2,-0.0
Astrocyte,Pericyte,CCL4,CCR3,-0.0
Endothelial,Oligodendrocyte,BMP8A,TGFBR1,-0.0
Microglia,Oligodendrocyte,APOB,TREM2,-0.0
Endothelial,Microglia,MFGE8,PDGFRB,-0.0
Endothelial,Endothelial,PPBP,ACKR1,-0.0
Endothelial,Endothelial,MFGE8,PDGFRB,-0.0
Endothelial,Endothelial,ANXA1,FPR1,-0.0
Endothelial,Endothelial,FN1,MAG,-0.0
Endothelial,Endothelial,FGL1,LAG3,-0.0
Endothelial,Endothelial,COL3A1,MAG,-0.0
Endothelial,Endothelial,CSF2,CSF1R,-0.0
Endothelial,Endothelial,CSF3,CSF1R,-0.0
Endothelial,Endothelial,CXCL10,CCR3,-0.0
Endothelial,Endothelial,CXCL1,ACKR1,-0.0
Endothelial,Endothelial,CXCL1,CXCR2,-0.0
Endothelial,Endothelial,PPBP,CXCR1,-0.0
Endothelial,Astrocyte,CD40LG,CD9,-0.0
Endothelial,Endothelial,CCL7,CCR5,-0.0
Endothelial,Endothelial,CCL7,CCR2,-0.0
Astrocyte,Oligodendrocyte,EDN1,EDNRB,-0.0
Astrocyte,Oligodendrocyte,CXCL2,XCR1,-0.0
Endothelial,Astrocyte,BMP8A,TGFBR1,-0.0
Endothelial,Endothelial,CXCL1,CXCR1,-0.0
Endothelial,Endothelial,PNOC,OPRL1,-0.0
Endothelial,Endothelial,PGLYRP1,TREM1,-0.0
Endothelial,Endothelial,PF4,ACKR1,-0.0
Endothelial,Endothelial,EDN1,EDNRB,-0.0
Endothelial,Endothelial,F10,F3,-0.0
Endothelial,Endothelial,CXCL2,XCR1,-0.0
Endothelial,Endothelial,ANGPTL4,GPIHBP1,-0.0
Endothelial,Endothelial,ADM,RAMP1,-0.0
Endothelial,Endothelial,ADM,GPR84,-0.0
Endothelial,Astrocyte,CCL8,CCR3,-0.0
Endothelial,Astrocyte,CCL8,CCR5,-0.0
Endothelial,Astrocyte,CD177,PECAM1,-0.0
Endothelial,Astrocyte,CD40LG,CD53,-0.0
Endothelial,Endothelial,CYTL1,CCR2,-0.0
Endothelial,Endothelial,CCL8,ACKR1,-0.0
Endothelial,Endothelial,CXCL10,SDC4,-0.0
Endothelial,Endothelial,CXCL10,ACKR1,-0.0
Endothelial,Endothelial,LPL,GPIHBP1,-0.0
Endothelial,Endothelial,MSMP,CCR2,-0.0
Endothelial,Endothelial,NPY,NPY5R,-0.0
Endothelial,Endothelial,NTS,NTSR2,-0.0
Endothelial,Endothelial,PENK,OPRL1,-0.0
Astrocyte,Oligodendrocyte,PPY,NPY5R,-0.0
Astrocyte,Oligodendrocyte,PTN,PTPRZ1,-0.0
Astrocyte,Pericyte,BMP8A,TGFBR1,-0.0
Astrocyte,Pericyte,BSG,SLC16A1,-0.0
Astrocyte,Oligodendrocyte,CXCL1,ACKR1,-0.0
Astrocyte,Oligodendrocyte,CXCL1,CXCR1,-0.0
Astrocyte,Oligodendrocyte,CXCL1,CXCR2,-0.0
Astrocyte,Oligodendrocyte,CXCL10,ACKR1,-0.0
Astrocyte,Oligodendrocyte,CXCL10,CCR3,-0.0
Astrocyte,Pericyte,CCL2,CCR1,-0.0
Astrocyte,Oligodendrocyte,CXCL10,SDC4,-0.0
Astrocyte,Oligodendrocyte,CXCL2,ACKR1,-0.0
Astrocyte,Oligodendrocyte,CXCL2,CXCR1,-0.0
Astrocyte,Oligodendrocyte,FGL1,LAG3,-0.0
Astrocyte,Oligodendrocyte,CXCL2,CXCR2,-0.0
Astrocyte,Oligodendrocyte,CXCL3,ACKR1,-0.0
Astrocyte,Oligodendrocyte,CXCL3,CXCR1,-0.0
Astrocyte,Oligodendrocyte,CXCL3,CXCR2,-0.0
Astrocyte,Oligodendrocyte,CXCL5,ACKR1,-0.0
Astrocyte,Oligodendrocyte,CXCL5,CXCR1,-0.0
Astrocyte,Oligodendrocyte,CXCL5,CXCR2,-0.0
Astrocyte,Oligodendrocyte,CXCL12,AVPR1A,-0.0
Astrocyte,Pericyte,CCL2,CCR2,-0.0
Astrocyte,Oligodendrocyte,CSF3,CSF1R,-0.0
Endothelial,Endothelial,CXCL9,CCR3,-0.0
Astrocyte,Oligodendrocyte,CSF2,CSF1R,-0.0
Astrocyte,Oligodendrocyte,FN1,CD79A,-0.0
Astrocyte,Pericyte,CALCA,GPR84,-0.0
Astrocyte,Pericyte,CALCB,GPR84,-0.0
Astrocyte,Pericyte,CALCB,RAMP1,-0.0
Astrocyte,Pericyte,CALCB,RAMP2,-0.0
Astrocyte,Pericyte,CAMP,FPR2,-0.0
Astrocyte,Pericyte,CAMP,IGF1R,-0.0
Astrocyte,Pericyte,CCL1,ACKR1,-0.0
Astrocyte,Pericyte,CCL11,ACKR1,-0.0
Astrocyte,Pericyte,CCL11,CCR2,-0.0
Astrocyte,Pericyte,B2M,KLRD1,-0.0
Astrocyte,Pericyte,CCL11,CCR3,-0.0
Astrocyte,Pericyte,CCL17,ACKR1,-0.0
Astrocyte,Pericyte,CCL19,CCR7,-0.0
Astrocyte,Pericyte,CCL2,ACKR1,-0.0
Astrocyte,Oligodendrocyte,EDN1,ADGRL4,-0.0
Astrocyte,Oligodendrocyte,CYTL1,CCR2,-0.0
Astrocyte,Oligodendrocyte,CXCL9,CCR3,-0.0
Astrocyte,Oligodendrocyte,CXCL9,ACKR1,-0.0
Astrocyte,Oligodendrocyte,PPBP,CXCR2,-0.0
Astrocyte,Oligodendrocyte,F10,F3,-0.0
Endothelial,Endothelial,CXCL12,AVPR1A,-0.0
Endothelial,Endothelial,CXCL9,ACKR1,-0.0
Endothelial,Endothelial,CXCL5,CXCR2,-0.0
Astrocyte,Endothelial,S100A4,CCR5,-0.0
Astrocyte,Endothelial,SAA1,FPR1,-0.0
Astrocyte,Endothelial,PPBP,CXCR1,-0.0
Astrocyte,Endothelial,CXCL1,CXCR2,-0.0
Endothelial,Endothelial,CCL28,CCR3,-0.0
Astrocyte,Endothelial,CXCL1,ACKR1,-0.0
Endothelial,Endothelial,CCL11,CCR2,-0.0
Endothelial,Endothelial,CCL11,CCR3,-0.0
Endothelial,Endothelial,CCL11,CCR5,-0.0
Endothelial,Endothelial,CCL17,ACKR1,-0.0
Endothelial,Endothelial,CCL19,CCR7,-0.0
Endothelial,Endothelial,CCL2,CCR1,-0.0
Endothelial,Endothelial,CCL2,CCR2,-0.0
Endothelial,Endothelial,CCL2,CCR3,-0.0
Endothelial,Endothelial,CCL2,CCR5,-0.0
Endothelial,Endothelial,CAMP,IGF1R,-0.0
Endothelial,Endothelial,CFP,NCR1,-0.0
Endothelial,Endothelial,CGA,GPR84,-0.0
Endothelial,Endothelial,CGA,RAMP2,-0.0
Astrocyte,Endothelial,RLN3,RAMP2,-0.0
Endothelial,Endothelial,GAST,GPR152,-0.0
Astrocyte,Endothelial,RLN3,GPR84,-0.0
Astrocyte,Endothelial,PTN,PTPRZ1,-0.0
Astrocyte,Microglia,CXCL2,CXCR1,-0.0
Astrocyte,Microglia,CXCL2,CXCR2,-0.0
Astrocyte,Microglia,CXCL2,XCR1,-0.0
Astrocyte,Microglia,CXCL3,ACKR1,-0.0
Astrocyte,Microglia,CXCL1,CXCR1,-0.0
Astrocyte,Microglia,CXCL3,CXCR2,-0.0
Astrocyte,Endothelial,SCT,GPR84,-0.0
Astrocyte,Endothelial,SAA1,FPR2,-0.0
Astrocyte,Microglia,CCL11,CCR2,-0.0
Astrocyte,Endothelial,SNCA,LAG3,-0.0
Astrocyte,Endothelial,NPY,NPY5R,-0.0
Astrocyte,Endothelial,NTS,NTSR2,-0.0
Astrocyte,Endothelial,PENK,OPRL1,-0.0
Astrocyte,Endothelial,PGLYRP1,TREM1,-0.0
Astrocyte,Endothelial,PNOC,OPRL1,-0.0
Astrocyte,Endothelial,PPBP,ACKR1,-0.0
Astrocyte,Endothelial,PPBP,CXCR2,-0.0
Astrocyte,Endothelial,PPY,NPY5R,-0.0
Astrocyte,Endothelial,PROK2,PROKR1,-0.0
Astrocyte,Endothelial,RIMS1,SLC17A7,-0.0
Astrocyte,Pericyte,CCL2,CCR3,-0.0
Endothelial,Endothelial,GZMA,F2RL1,-0.0
Endothelial,Endothelial,HP,ASGR1,-0.0
Endothelial,Endothelial,B2M,KLRC2,-0.0
Endothelial,Endothelial,B2M,KLRD1,-0.0
Endothelial,Endothelial,BMP8A,TGFBR1,-0.0
Endothelial,Endothelial,CALCA,GPR84,-0.0
Endothelial,Endothelial,CALCB,GPR84,-0.0
Endothelial,Endothelial,CALCB,RAMP1,-0.0
Endothelial,Endothelial,CALCB,RAMP2,-0.0
Endothelial,Endothelial,APOB,LSR,-0.0
Endothelial,Endothelial,ITIH2,FCER1A,-0.0
Endothelial,Endothelial,LGALS3,LAG3,-0.0
Endothelial,Endothelial,GAST,CCKBR,-0.0
Endothelial,Endothelial,CXCL2,CXCR1,-0.0
Endothelial,Endothelial,FN1,CD79A,-0.0
Endothelial,Endothelial,CXCL2,CXCR2,-0.0
Endothelial,Endothelial,CXCL3,ACKR1,-0.0
Endothelial,Endothelial,CXCL3,CXCR1,-0.0
Endothelial,Endothelial,CXCL3,CXCR2,-0.0
Endothelial,Endothelial,CXCL5,ACKR1,-0.0
Endothelial,Endothelial,CXCL5,CXCR1,-0.0
Endothelial,Endothelial,B2M,KLRC1,-0.0
Endothelial,Endothelial,HDC,HRH3,-0.0
Endothelial,Endothelial,APP,FPR2,-0.0
Endothelial,Endothelial,CCL24,CCR2,-0.0
Endothelial,Endothelial,HP,CD163,-0.0
Endothelial,Endothelial,HSPA1A,GRIN2D,-0.0
Endothelial,Endothelial,IL34,PTPRZ1,-0.0
Endothelial,Endothelial,IL6,F3,-0.0
Endothelial,Endothelial,CCL11,ACKR1,-0.0
Endothelial,Endothelial,CCL1,ACKR1,-0.0
Endothelial,Endothelial,CAMP,FPR2,-0.0
Endothelial,Endothelial,CD40LG,CD9,-0.0
Endothelial,Endothelial,CCL8,CCR1,-0.0
Endothelial,Endothelial,CCL8,CCR2,-0.0
Endothelial,Endothelial,CCL8,CCR3,-0.0
Endothelial,Endothelial,CCL8,CCR5,-0.0
Endothelial,Endothelial,CD177,PECAM1,-0.0
Endothelial,Endothelial,CD34,SELL,-0.0
Endothelial,Endothelial,CD40LG,CD53,-0.0
Endothelial,Endothelial,CCL3,CCR1,-0.0
Microglia,Endothelial,NTS,NTSR2,-0.0
Endothelial,Endothelial,CCL24,CCR3,-0.0
Endothelial,Endothelial,IL6,MUSK,-0.0
Endothelial,Endothelial,APOB,TREM2,-0.0
Astrocyte,Pericyte,CCL2,CCR5,-0.0
Astrocyte,Pericyte,ADM,RAMP1,-0.0
Astrocyte,Pericyte,ADM,RAMP2,-0.0
Astrocyte,Endothelial,COL3A1,MAG,-0.0
Astrocyte,Endothelial,CSF2,CSF1R,-0.0
Astrocyte,Endothelial,CSF3,CSF1R,-0.0
Astrocyte,Endothelial,CCL8,CCR5,-0.0
Astrocyte,Oligodendrocyte,CFP,NCR1,-0.0
Astrocyte,Endothelial,IL34,PTPRZ1,-0.0
Astrocyte,Endothelial,HP,CD163,-0.0
Astrocyte,Endothelial,ANXA1,FPR1,-0.0
Astrocyte,Endothelial,CCL7,CCR1,-0.0
Astrocyte,Endothelial,CCL7,CCR2,-0.0
Astrocyte,Endothelial,CCL7,CCR3,-0.0
Astrocyte,Endothelial,CXCL3,CXCR2,-0.0
Astrocyte,Endothelial,CXCL5,ACKR1,-0.0
Astrocyte,Endothelial,CXCL5,CXCR1,-0.0
Astrocyte,Endothelial,CXCL5,CXCR2,-0.0
Astrocyte,Endothelial,CXCL9,ACKR1,-0.0
Astrocyte,Endothelial,CXCL9,CCR3,-0.0
Astrocyte,Endothelial,HSPA1A,GRIN2D,-0.0
Astrocyte,Endothelial,CYTL1,CCR2,-0.0
Astrocyte,Endothelial,CGA,GPR84,-0.0
Astrocyte,Endothelial,EDN1,EDNRB,-0.0
Astrocyte,Endothelial,CXCL2,XCR1,-0.0
Astrocyte,Endothelial,CD40LG,CD9,-0.0
Astrocyte,Endothelial,CCL28,CCR3,-0.0
Astrocyte,Endothelial,CALCB,GPR84,-0.0
Astrocyte,Endothelial,CALCB,RAMP1,-0.0
Astrocyte,Endothelial,CALCB,RAMP2,-0.0
Astrocyte,Endothelial,IL6,MUSK,-0.0
Astrocyte,Endothelial,ITIH2,FCER1A,-0.0
Astrocyte,Endothelial,FN1,MAG,-0.0
Astrocyte,Astrocyte,SCT,GPR84,-0.0
Astrocyte,Endothelial,CXCL3,ACKR1,-0.0
Astrocyte,Endothelial,CXCL2,CXCR2,-0.0
Astrocyte,Endothelial,CCL7,CCR5,-0.0
Astrocyte,Endothelial,CCL8,ACKR1,-0.0
Astrocyte,Endothelial,CCL8,CCR1,-0.0
Astrocyte,Endothelial,CCL8,CCR2,-0.0
Astrocyte,Endothelial,IL6,F3,-0.0
Astrocyte,Endothelial,CCL8,CCR3,-0.0
Astrocyte,Endothelial,CD177,PECAM1,-0.0
Astrocyte,Endothelial,CD34,SELL,-0.0
Astrocyte,Endothelial,CD40LG,CD53,-0.0
Astrocyte,Endothelial,CFP,NCR1,-0.0
Astrocyte,Endothelial,CCL5,CCR3,-0.0
Astrocyte,Endothelial,F10,F3,-0.0
Astrocyte,Endothelial,CXCL3,CXCR1,-0.0
Endothelial,Astrocyte,CCL5,CCR1,-0.0
Endothelial,Astrocyte,CCL5,CCR3,-0.0
Endothelial,Astrocyte,CCL5,CCR5,-0.0
Endothelial,Astrocyte,CCL5,SDC4,-0.0
Endothelial,Astrocyte,CCL7,ACKR1,-0.0
Endothelial,Astrocyte,CCL24,CCR2,-0.0
Endothelial,Astrocyte,CALCB,GPR84,-0.0
Endothelial,Astrocyte,CXCL5,ACKR1,-0.0
Endothelial,Astrocyte,CXCL5,CXCR2,-0.0
Endothelial,Astrocyte,CCL4,GPR152,-0.0
Endothelial,Astrocyte,PPBP,ACKR1,-0.0
Endothelial,Astrocyte,CCL11,ACKR1,-0.0
Endothelial,Astrocyte,CAMP,IGF1R,-0.0
Endothelial,Astrocyte,COL3A1,MAG,-0.0
Endothelial,Astrocyte,CSF2,CSF1R,-0.0
Endothelial,Astrocyte,CSF3,CSF1R,-0.0
Endothelial,Astrocyte,CCL8,CCR2,-0.0
Endothelial,Astrocyte,CXCL1,ACKR1,-0.0
Endothelial,Astrocyte,CXCL1,CXCR2,-0.0
Endothelial,Astrocyte,CCL5,ACKR1,-0.0
Astrocyte,Endothelial,FGL1,LAG3,-0.0
Endothelial,Astrocyte,CCL4,CCR3,-0.0
Endothelial,Astrocyte,CCL3,CCR3,-0.0
Astrocyte,Endothelial,FN1,CD79A,-0.0
Astrocyte,Endothelial,GAST,CCKBR,-0.0
Astrocyte,Endothelial,GAST,GPR152,-0.0
Astrocyte,Endothelial,GZMA,F2RL1,-0.0
Astrocyte,Endothelial,HDC,HRH3,-0.0
Astrocyte,Endothelial,HP,ASGR1,-0.0
Astrocyte,Endothelial,EDN1,ADGRL4,-0.0
Astrocyte,Oligodendrocyte,CGA,GPR84,-0.0
Astrocyte,Oligodendrocyte,CGA,RAMP2,-0.0
Endothelial,Astrocyte,HSPA1A,GRIN2D,-0.0
Endothelial,Astrocyte,CCL11,CCR3,-0.0
Endothelial,Astrocyte,CCL11,CCR5,-0.0
Endothelial,Astrocyte,CCL17,ACKR1,-0.0
Endothelial,Astrocyte,CCL19,CCR7,-0.0
Endothelial,Astrocyte,CCL2,ACKR1,-0.0
Endothelial,Astrocyte,CCL8,ACKR1,-0.0
Endothelial,Astrocyte,CCL2,CCR3,-0.0
Endothelial,Astrocyte,CCL24,CCR3,-0.0
Endothelial,Astrocyte,CCL28,CCR3,-0.0
Endothelial,Astrocyte,CCL11,CCR2,-0.0
Astrocyte,Microglia,CXCL12,AVPR1A,-0.0
Astrocyte,Endothelial,CCL5,CCR1,-0.0
Astrocyte,Endothelial,CCL4,GPR152,-0.0
Astrocyte,Pericyte,CCL24,CCR2,-0.0
Astrocyte,Pericyte,CCL24,CCR3,-0.0
Astrocyte,Pericyte,CCL28,CCR3,-0.0
Astrocyte,Pericyte,CCL3,CCR1,-0.0
Astrocyte,Pericyte,CCL11,CCR5,-0.0
Astrocyte,Oligodendrocyte,PROK2,PROKR1,-0.0
Astrocyte,Pericyte,B2M,KLRC2,-0.0
Astrocyte,Pericyte,APP,FPR2,-0.0
Astrocyte,Oligodendrocyte,RIMS1,SLC17A7,-0.0
Astrocyte,Oligodendrocyte,RLN3,GPR84,-0.0
Astrocyte,Oligodendrocyte,VWF,SIRPA,-0.0
Astrocyte,Oligodendrocyte,RLN3,RAMP2,-0.0
Astrocyte,Oligodendrocyte,SAA1,FPR1,-0.0
Astrocyte,Oligodendrocyte,SAA1,FPR2,-0.0
Astrocyte,Oligodendrocyte,SCT,GPR84,-0.0
Astrocyte,Oligodendrocyte,SCT,RAMP2,-0.0
Astrocyte,Oligodendrocyte,SELPLG,SELL,-0.0
Astrocyte,Oligodendrocyte,SNCA,LAG3,-0.0
Astrocyte,Pericyte,B2M,KLRC1,-0.0
Astrocyte,Oligodendrocyte,TIMP1,CD63,-0.0
Astrocyte,Oligodendrocyte,TDGF1,ACVR1C,-0.0
Astrocyte,Oligodendrocyte,XCL1,XCR1,-0.0
Endothelial,Endothelial,CCL3,CCR5,-0.0
Astrocyte,Pericyte,ANGPTL4,GPIHBP1,-0.0
Astrocyte,Pericyte,ANXA1,FPR1,-0.0
Astrocyte,Pericyte,APOB,LSR,-0.0
Astrocyte,Pericyte,APOB,TREM2,-0.0
Astrocyte,Oligodendrocyte,COL3A1,MAG,-0.0
Endothelial,Astrocyte,CALCA,GPR84,-0.0
Endothelial,Astrocyte,CALCB,RAMP1,-0.0
Astrocyte,Pericyte,ADM,GPR84,-0.0
Endothelial,Endothelial,CCL3,CCR3,-0.0
Endothelial,Endothelial,CCL4,CCR1,-0.0
Endothelial,Endothelial,CCL4,CCR3,-0.0
Endothelial,Endothelial,CCL4,CCR5,-0.0
Endothelial,Endothelial,CCL4,GPR152,-0.0
Endothelial,Endothelial,CCL5,ACKR1,-0.0
Endothelial,Endothelial,CCL5,CCR1,-0.0
Endothelial,Endothelial,CCL5,CCR3,-0.0
Endothelial,Endothelial,CCL5,CCR5,-0.0
Endothelial,Endothelial,CCL5,SDC4,-0.0
Endothelial,Endothelial,CCL7,CCR1,-0.0
Endothelial,Endothelial,CCL7,CCR3,-0.0
Astrocyte,Endothelial,CCL5,ACKR1,-0.0
Astrocyte,Oligodendrocyte,S100A4,CCR5,-0.0
Endothelial,Astrocyte,CGA,GPR84,-0.0
Astrocyte,Endothelial,CCL5,CCR5,-0.0
Astrocyte,Endothelial,CCL11,CCR2,-0.0
Astrocyte,Endothelial,CCL11,CCR3,-0.0
Astrocyte,Endothelial,CCL11,CCR5,-0.0
Astrocyte,Endothelial,CCL17,ACKR1,-0.0
Astrocyte,Endothelial,CCL19,CCR7,-0.0
Astrocyte,Endothelial,CCL2,CCR1,-0.0
Astrocyte,Endothelial,CCL2,CCR2,-0.0
Astrocyte,Endothelial,CCL2,CCR3,-0.0
Astrocyte,Endothelial,CCL2,CCR5,-0.0
Astrocyte,Endothelial,CCL24,CCR2,-0.0
Astrocyte,Endothelial,CALCA,GPR84,-0.0
Astrocyte,Endothelial,CCL24,CCR3,-0.0
Astrocyte,Endothelial,CCL3,CCR1,-0.0
Astrocyte,Endothelial,CCL3,CCR3,-0.0
Astrocyte,Endothelial,CCL3,CCR5,-0.0
Astrocyte,Endothelial,CCL4,CCR1,-0.0
Astrocyte,Endothelial,CCL4,CCR3,-0.0
Astrocyte,Endothelial,CCL4,CCR5,-0.0
Astrocyte,Endothelial,CCL11,ACKR1,-0.0
Endothelial,Astrocyte,CFP,NCR1,-0.0
Astrocyte,Endothelial,CCL1,ACKR1,-0.0
Astrocyte,Endothelial,BMP8A,TGFBR1,-0.0
Endothelial,Astrocyte,CGA,RAMP2,-0.0
Astrocyte,Endothelial,CAMP,FPR2,-0.0
Astrocyte,Astrocyte,SCT,RAMP2,-0.0
Astrocyte,Astrocyte,SNCA,LAG3,-0.0
Astrocyte,Astrocyte,TDGF1,ACVR1C,-0.0
Astrocyte,Astrocyte,TIMP1,CD63,-0.0
Astrocyte,Astrocyte,VWF,SIRPA,-0.0
Astrocyte,Astrocyte,XCL1,XCR1,-0.0
Astrocyte,Endothelial,ADM,GPR84,-0.0
Astrocyte,Endothelial,ADM,RAMP1,-0.0
Astrocyte,Endothelial,ADM,RAMP2,-0.0
Astrocyte,Endothelial,CCL5,SDC4,-0.0
Astrocyte,Endothelial,ANGPTL4,GPIHBP1,-0.0
Astrocyte,Endothelial,APOB,LSR,-0.0
Endothelial,Microglia,MSMP,CCR2,-0.0
Astrocyte,Endothelial,APP,FPR2,-0.0
Astrocyte,Endothelial,B2M,KLRC1,-0.0
Astrocyte,Endothelial,B2M,KLRC2,-0.0
Astrocyte,Endothelial,B2M,KLRD1,-0.0
Astrocyte,Endothelial,CAMP,IGF1R,-0.0
Endothelial,Astrocyte,CXCL10,ACKR1,-0.0
Astrocyte,Microglia,CFP,NCR1,-0.0
Astrocyte,Microglia,CXCL10,CCR3,-0.0
Astrocyte,Astrocyte,B2M,KLRC1,-0.0
Astrocyte,Astrocyte,B2M,KLRC2,-0.0
Astrocyte,Astrocyte,B2M,KLRD1,-0.0
Astrocyte,Astrocyte,BMP8A,TGFBR1,-0.0
Astrocyte,Astrocyte,CD40LG,CD53,-0.0
Astrocyte,Astrocyte,CD177,PECAM1,-0.0
Astrocyte,Astrocyte,CCL8,CCR5,-0.0
Astrocyte,Astrocyte,CCL8,CCR3,-0.0
Astrocyte,Astrocyte,APP,FPR2,-0.0
Astrocyte,Endothelial,CXCL10,CCR3,-0.0
Astrocyte,Endothelial,CXCL12,AVPR1A,-0.0
Astrocyte,Endothelial,CXCL2,CXCR1,-0.0
Astrocyte,Endothelial,CGA,RAMP2,-0.0
Astrocyte,Astrocyte,SAA1,FPR2,-0.0
Astrocyte,Astrocyte,SAA1,FPR1,-0.0
Astrocyte,Astrocyte,CCL28,CCR3,-0.0
Astrocyte,Astrocyte,CCL3,CCR3,-0.0
Astrocyte,Astrocyte,CCL2,CCR3,-0.0
Astrocyte,Endothelial,CXCL10,SDC4,-0.0
Astrocyte,Astrocyte,APOB,TREM2,-0.0
Astrocyte,Astrocyte,APOB,LSR,-0.0
Astrocyte,Astrocyte,ANXA1,FPR1,-0.0
Astrocyte,Microglia,F10,F3,-0.0
Astrocyte,Oligodendrocyte,ANXA1,FPR1,-0.0
Astrocyte,Oligodendrocyte,APOB,TREM2,-0.0
Astrocyte,Astrocyte,CXCL3,CXCR1,-0.0
Astrocyte,Astrocyte,CCL11,ACKR1,-0.0
Astrocyte,Astrocyte,CXCL2,XCR1,-0.0
Astrocyte,Astrocyte,CD40LG,CD9,-0.0
Astrocyte,Astrocyte,CFP,NCR1,-0.0
Astrocyte,Astrocyte,CGA,GPR84,-0.0
Astrocyte,Astrocyte,CGA,RAMP2,-0.0
Astrocyte,Astrocyte,COL3A1,MAG,-0.0
Astrocyte,Astrocyte,CSF2,CSF1R,-0.0
Astrocyte,Astrocyte,CCL8,CCR1,-0.0
Astrocyte,Astrocyte,CSF3,CSF1R,-0.0
Astrocyte,Astrocyte,CCL24,CCR2,-0.0
Astrocyte,Astrocyte,CCL2,ACKR1,-0.0
Astrocyte,Astrocyte,ADM,RAMP1,-0.0
Astrocyte,Astrocyte,ADM,RAMP2,-0.0
Astrocyte,Astrocyte,ANGPTL4,GPIHBP1,-0.0
Astrocyte,Astrocyte,CCL4,CCR3,-0.0
Astrocyte,Astrocyte,CCL5,ACKR1,-0.0
Astrocyte,Astrocyte,CCL5,CCR1,-0.0
Astrocyte,Astrocyte,CCL5,CCR3,-0.0
Astrocyte,Astrocyte,CXCL1,CXCR1,-0.0
Astrocyte,Astrocyte,HP,CD163,-0.0
Astrocyte,Astrocyte,HDC,HRH3,-0.0
Astrocyte,Astrocyte,CXCL10,ACKR1,-0.0
Astrocyte,Astrocyte,CXCL10,CCR3,-0.0
Astrocyte,Astrocyte,CXCL10,SDC4,-0.0
Astrocyte,Astrocyte,CXCL12,AVPR1A,-0.0
Astrocyte,Astrocyte,CXCL2,ACKR1,-0.0
Astrocyte,Astrocyte,CXCL2,CXCR1,-0.0
Astrocyte,Astrocyte,CXCL2,CXCR2,-0.0
Astrocyte,Astrocyte,PENK,OPRL1,-0.0
Astrocyte,Astrocyte,CXCL3,ACKR1,-0.0
Astrocyte,Astrocyte,HSPA1A,GRIN2D,-0.0
Astrocyte,Astrocyte,CAMP,FPR2,-0.0
Astrocyte,Astrocyte,CAMP,IGF1R,-0.0
Astrocyte,Astrocyte,CCL1,ACKR1,-0.0
Astrocyte,Oligodendrocyte,CCL3,CCR1,-0.0
Astrocyte,Astrocyte,CCL11,CCR2,-0.0
Astrocyte,Astrocyte,CCL11,CCR3,-0.0
Astrocyte,Astrocyte,RLN3,RAMP2,-0.0
Astrocyte,Microglia,ITIH2,FCER1A,-0.0
Astrocyte,Astrocyte,NTS,NTSR2,-0.0
Astrocyte,Astrocyte,RIMS1,SLC17A7,-0.0
Astrocyte,Astrocyte,CCL5,CCR5,-0.0
Astrocyte,Astrocyte,CCL5,SDC4,-0.0
Astrocyte,Astrocyte,CCL7,ACKR1,-0.0
Astrocyte,Astrocyte,CCL7,CCR3,-0.0
Astrocyte,Astrocyte,CCL24,CCR3,-0.0
Astrocyte,Astrocyte,CCL8,ACKR1,-0.0
Astrocyte,Astrocyte,CCL8,CCR2,-0.0
Astrocyte,Astrocyte,CCL4,GPR152,-0.0
Astrocyte,Astrocyte,CALCA,GPR84,-0.0
Astrocyte,Astrocyte,CALCB,RAMP1,-0.0
Astrocyte,Astrocyte,CALCB,RAMP2,-0.0
Astrocyte,Astrocyte,PF4,ACKR1,-0.0
Astrocyte,Astrocyte,PNOC,OPRL1,-0.0
Astrocyte,Astrocyte,PPBP,ACKR1,-0.0
Astrocyte,Astrocyte,PPBP,CXCR1,-0.0
Astrocyte,Astrocyte,PPBP,CXCR2,-0.0
Astrocyte,Astrocyte,PPY,NPY5R,-0.0
Astrocyte,Astrocyte,PROK2,PROKR1,-0.0
Astrocyte,Astrocyte,PSAP,GPR37,-0.0
Astrocyte,Astrocyte,RLN3,GPR84,-0.0
Astrocyte,Microglia,PNOC,OPRL1,-0.0
Astrocyte,Microglia,PGLYRP1,TREM1,-0.0
Astrocyte,Microglia,PF4,ACKR1,-0.0
Astrocyte,Astrocyte,CXCL5,ACKR1,-0.0
Astrocyte,Astrocyte,CXCL5,CXCR2,-0.0
Astrocyte,Astrocyte,CXCL9,ACKR1,-0.0
Astrocyte,Astrocyte,CXCL9,CCR3,-0.0
Astrocyte,Astrocyte,CYTL1,CCR2,-0.0
Astrocyte,Astrocyte,EDN1,ADGRL4,-0.0
Astrocyte,Astrocyte,EDN1,EDNRB,-0.0
Astrocyte,Astrocyte,FGL1,LAG3,-0.0
Astrocyte,Astrocyte,FN1,CD79A,-0.0
Astrocyte,Microglia,RLN3,RAMP2,-0.0
Astrocyte,Astrocyte,GAST,CCKBR,-0.0
Astrocyte,Astrocyte,GZMA,F2RL1,-0.0
Astrocyte,Microglia,GAST,CCKBR,-0.0
Astrocyte,Endothelial,LPL,GPIHBP1,-0.0
Astrocyte,Endothelial,MFGE8,PDGFRB,-0.0
Astrocyte,Endothelial,MSMP,CCR2,-0.0
Astrocyte,Microglia,PROK2,PROKR1,-0.0
Astrocyte,Microglia,PSAP,GPR37,-0.0
Astrocyte,Microglia,PTN,PTPRB,-0.0
Astrocyte,Astrocyte,HP,ASGR1,-0.0
Astrocyte,Microglia,PTN,PTPRZ1,-0.0
Astrocyte,Microglia,RLN3,GPR84,-0.0
Astrocyte,Microglia,SAA1,FPR1,-0.0
Astrocyte,Microglia,SCT,GPR84,-0.0
Astrocyte,Microglia,PPY,NPY5R,-0.0
Astrocyte,Microglia,SCT,RAMP2,-0.0
Astrocyte,Microglia,SNCA,LAG3,-0.0
Astrocyte,Microglia,TDGF1,ACVR1C,-0.0
Astrocyte,Microglia,TIMP1,CD63,-0.0
Astrocyte,Microglia,TNF,FAS,-0.0
Astrocyte,Microglia,FN1,CD79A,-0.0
Astrocyte,Microglia,XCL1,XCR1,-0.0
Astrocyte,Oligodendrocyte,ADM,GPR84,-0.0
Astrocyte,Oligodendrocyte,ADM,RAMP1,-0.0
Astrocyte,Oligodendrocyte,ADM,RAMP2,-0.0
Astrocyte,Microglia,SELPLG,SELL,-0.0
Astrocyte,Oligodendrocyte,ANGPTL4,GPIHBP1,-0.0
Astrocyte,Microglia,PPBP,CXCR2,-0.0
Astrocyte,Microglia,PPBP,ACKR1,-0.0
Astrocyte,Microglia,FGL1,LAG3,-0.0
Astrocyte,Microglia,SAA1,FPR2,-0.0
Astrocyte,Microglia,VWF,SIRPA,-0.0
Astrocyte,Astrocyte,CXCL5,CXCR1,-0.0
Astrocyte,Astrocyte,CCL11,CCR5,-0.0
Astrocyte,Microglia,RIMS1,SLC17A7,-0.0
Astrocyte,Microglia,GAST,GPR152,-0.0
Astrocyte,Oligodendrocyte,APOB,LSR,-0.0
Astrocyte,Oligodendrocyte,CCL8,ACKR1,-0.0
Astrocyte,Microglia,GZMA,F2RL1,-0.0
Astrocyte,Oligodendrocyte,CCL4,CCR3,-0.0
Astrocyte,Oligodendrocyte,CCL3,CCR5,-0.0
Astrocyte,Microglia,HP,ASGR1,-0.0
Astrocyte,Microglia,HP,CD163,-0.0
Astrocyte,Microglia,HSPA1A,GRIN2D,-0.0
Astrocyte,Microglia,IL34,PTPRZ1,-0.0
Astrocyte,Microglia,IL6,F3,-0.0
Astrocyte,Microglia,PPBP,CXCR1,-0.0
Astrocyte,Microglia,IL6,MUSK,-0.0
Astrocyte,Microglia,LPL,GPIHBP1,-0.0
Astrocyte,Microglia,MFGE8,PDGFRB,-0.0
Astrocyte,Microglia,MSMP,CCR2,-0.0
Astrocyte,Oligodendrocyte,CCL4,CCR1,-0.0
Astrocyte,Microglia,NPY,NPY5R,-0.0
Astrocyte,Microglia,NTS,NTSR2,-0.0
Astrocyte,Microglia,PENK,OPRL1,-0.0
Astrocyte,Oligodendrocyte,CCL7,CCR2,-0.0
Astrocyte,Astrocyte,GAST,GPR152,-0.0
Astrocyte,Oligodendrocyte,CD40LG,CD9,-0.0
Astrocyte,Oligodendrocyte,CD34,SELL,-0.0
Astrocyte,Oligodendrocyte,CD40LG,CD53,-0.0
Astrocyte,Microglia,HDC,HRH3,-0.0
Astrocyte,Oligodendrocyte,CCL4,GPR152,-0.0
Astrocyte,Oligodendrocyte,CCL5,ACKR1,-0.0
Astrocyte,Oligodendrocyte,CCL5,CCR1,-0.0
Astrocyte,Oligodendrocyte,CCL5,CCR3,-0.0
Astrocyte,Oligodendrocyte,CCL5,CCR5,-0.0
Astrocyte,Oligodendrocyte,CCL5,SDC4,-0.0
Astrocyte,Oligodendrocyte,CCL7,ACKR1,-0.0
Astrocyte,Oligodendrocyte,CCL3,CCR3,-0.0
Astrocyte,Oligodendrocyte,CCL7,CCR1,-0.0
Astrocyte,Oligodendrocyte,CCL7,CCR3,-0.0
Astrocyte,Oligodendrocyte,CCL4,CCR5,-0.0
Astrocyte,Oligodendrocyte,CCL7,CCR5,-0.0
Astrocyte,Oligodendrocyte,CCL8,CCR1,-0.0
Astrocyte,Oligodendrocyte,CCL8,CCR2,-0.0
Astrocyte,Oligodendrocyte,CCL8,CCR3,-0.0
Astrocyte,Oligodendrocyte,CCL8,CCR5,-0.0
Astrocyte,Oligodendrocyte,CD177,PECAM1,-0.0
Astrocyte,Astrocyte,CXCL3,CXCR2,-0.0
Astrocyte,Astrocyte,CCL17,ACKR1,-0.0
Astrocyte,Astrocyte,CCL19,CCR7,-0.0
Astrocyte,Astrocyte,CALCB,GPR84,-0.0
Astrocyte,Endothelial,TIMP1,CD63,-0.0
Astrocyte,Endothelial,VWF,SIRPA,-0.0
Astrocyte,Endothelial,XCL1,XCR1,-0.0
Astrocyte,Microglia,ADM,GPR84,-0.0
Astrocyte,Microglia,ADM,RAMP1,-0.0
Astrocyte,Microglia,ADM,RAMP2,-0.0
Astrocyte,Microglia,ANGPTL4,GPIHBP1,-0.0
Astrocyte,Microglia,ANXA1,FPR1,-0.0
Astrocyte,Microglia,APOB,LSR,-0.0
Astrocyte,Microglia,APOB,TREM2,-0.0
Astrocyte,Microglia,APP,FPR2,-0.0
Astrocyte,Endothelial,TDGF1,ACVR1C,-0.0
Astrocyte,Microglia,B2M,KLRC1,-0.0
Astrocyte,Microglia,B2M,KLRD1,-0.0
Astrocyte,Microglia,BMP8A,TGFBR1,-0.0
Astrocyte,Microglia,BSG,SLC16A1,-0.0
Astrocyte,Microglia,CALCA,GPR84,-0.0
Astrocyte,Microglia,CALCB,GPR84,-0.0
Astrocyte,Endothelial,CXCL10,ACKR1,-0.0
Astrocyte,Microglia,CXCL3,CXCR1,-0.0
Astrocyte,Microglia,CALCB,RAMP2,-0.0
Astrocyte,Microglia,CXCL5,ACKR1,-0.0
Microglia,Endothelial,CALCA,GPR84,-0.0
Microglia,Endothelial,CGA,RAMP2,-0.0
Microglia,Endothelial,COL3A1,MAG,-0.0
Microglia,Endothelial,CSF2,CSF1R,-0.0
Microglia,Endothelial,CSF3,CSF1R,-0.0
Microglia,Endothelial,CCL5,ACKR1,-0.0
Microglia,Endothelial,CCL4,GPR152,-0.0
Microglia,Endothelial,CCL4,CCR5,-0.0
Microglia,Endothelial,CCL17,ACKR1,-0.0
Microglia,Endothelial,CCL4,CCR3,-0.0
Microglia,Endothelial,CALCB,GPR84,-0.0
Microglia,Endothelial,CALCB,RAMP1,-0.0
Microglia,Endothelial,CALCB,RAMP2,-0.0
Microglia,Endothelial,CAMP,FPR2,-0.0
Microglia,Endothelial,CAMP,IGF1R,-0.0
Microglia,Endothelial,CCL1,ACKR1,-0.0
Microglia,Endothelial,CCL11,ACKR1,-0.0
Microglia,Endothelial,CCL11,CCR2,-0.0
Microglia,Endothelial,CCL11,CCR3,-0.0
Microglia,Endothelial,CCL11,CCR5,-0.0
Astrocyte,Oligodendrocyte,APP,FPR2,-0.0
Microglia,Endothelial,CGA,GPR84,-0.0
Astrocyte,Microglia,CAMP,FPR2,-0.0
Astrocyte,Microglia,EDN1,EDNRB,-0.0
Astrocyte,Oligodendrocyte,CCL24,CCR2,-0.0
Astrocyte,Oligodendrocyte,CCL11,CCR2,-0.0
Astrocyte,Microglia,CCL1,ACKR1,-0.0
Astrocyte,Microglia,CCL11,ACKR1,-0.0
Astrocyte,Microglia,B2M,KLRC2,-0.0
Astrocyte,Endothelial,SELPLG,SELL,-0.0
Astrocyte,Endothelial,PSAP,GPR37,-0.0
Astrocyte,Microglia,EDN1,ADGRL4,-0.0
Astrocyte,Microglia,CCL11,CCR3,-0.0
Astrocyte,Microglia,CCL17,ACKR1,-0.0
Astrocyte,Microglia,CGA,GPR84,-0.0
Astrocyte,Microglia,CGA,RAMP2,-0.0
Astrocyte,Microglia,COL3A1,MAG,-0.0
Astrocyte,Microglia,CSF2,CSF1R,-0.0
Astrocyte,Microglia,CSF3,CSF1R,-0.0
Astrocyte,Endothelial,SCT,RAMP2,-0.0
Astrocyte,Microglia,CXCL1,ACKR1,-0.0
Astrocyte,Microglia,CXCL1,CXCR2,-0.0
Astrocyte,Microglia,CXCL10,ACKR1,-0.0
Astrocyte,Oligodendrocyte,CCL2,CCR5,-0.0
Astrocyte,Microglia,CYTL1,CCR2,-0.0
Astrocyte,Oligodendrocyte,CCL2,CCR3,-0.0
Astrocyte,Oligodendrocyte,CCL2,CCR1,-0.0
Endothelial,Endothelial,PPBP,CXCR2,-0.0
Astrocyte,Oligodendrocyte,CCL11,ACKR1,-0.0
Astrocyte,Oligodendrocyte,B2M,KLRC2,-0.0
Astrocyte,Oligodendrocyte,B2M,KLRD1,-0.0
Astrocyte,Oligodendrocyte,BMP8A,TGFBR1,-0.0
Astrocyte,Oligodendrocyte,CALCA,GPR84,-0.0
Astrocyte,Oligodendrocyte,CALCB,GPR84,-0.0
Astrocyte,Oligodendrocyte,CALCB,RAMP1,-0.0
Astrocyte,Oligodendrocyte,CALCB,RAMP2,-0.0
Astrocyte,Oligodendrocyte,CAMP,FPR2,-0.0
Astrocyte,Oligodendrocyte,CAMP,IGF1R,-0.0
Astrocyte,Oligodendrocyte,CCL28,CCR3,-0.0
Astrocyte,Microglia,CAMP,IGF1R,-0.0
Astrocyte,Oligodendrocyte,CCL1,ACKR1,-0.0
Astrocyte,Oligodendrocyte,CCL11,CCR3,-0.0
Astrocyte,Oligodendrocyte,CCL11,CCR5,-0.0
Astrocyte,Oligodendrocyte,CCL17,ACKR1,-0.0
Astrocyte,Oligodendrocyte,CCL19,CCR7,-0.0
Astrocyte,Oligodendrocyte,CCL2,ACKR1,-0.0
Astrocyte,Oligodendrocyte,CCL2,CCR2,-0.0
Astrocyte,Microglia,CXCL10,SDC4,-0.0
Microglia,Endothelial,CFP,NCR1,-0.0
Microglia,Endothelial,CXCL1,ACKR1,-0.0
Microglia,Endothelial,CCL5,CCR1,-0.0
Microglia,Endothelial,CCL5,CCR3,-0.0
Microglia,Endothelial,CCL5,CCR5,-0.0
Microglia,Endothelial,CCL5,SDC4,-0.0
Microglia,Endothelial,CCL7,CCR1,-0.0
Microglia,Endothelial,CCL7,CCR2,-0.0
Microglia,Endothelial,CCL7,CCR3,-0.0
Microglia,Endothelial,CCL7,CCR5,-0.0
Microglia,Endothelial,CCL8,ACKR1,-0.0
Microglia,Endothelial,CCL8,CCR1,-0.0
Microglia,Endothelial,CCL8,CCR2,-0.0
Microglia,Endothelial,CCL8,CCR3,-0.0
Astrocyte,Microglia,CCL8,ACKR1,-0.0
Astrocyte,Microglia,CCL7,CCR3,-0.0
Astrocyte,Microglia,CCL7,CCR2,-0.0
Astrocyte,Microglia,CCL7,ACKR1,-0.0
Astrocyte,Microglia,CXCL5,CXCR2,-0.0
Astrocyte,Microglia,CXCL9,ACKR1,-0.0
Astrocyte,Microglia,CXCL9,CCR3,-0.0
Endothelial,Endothelial,PSAP,GPR37,-0.0
Astrocyte,Microglia,CXCL2,ACKR1,-0.0
Endothelial,Endothelial,PROK2,PROKR1,-0.0
Astrocyte,Microglia,CCL5,CCR3,-0.0
Astrocyte,Astrocyte,NPY,NPY5R,-0.0
Astrocyte,Endothelial,LGALS3,LAG3,-0.0
Astrocyte,Astrocyte,CXCL1,CXCR2,-0.0
Astrocyte,Astrocyte,IL34,PTPRZ1,-0.0
Astrocyte,Astrocyte,IL6,F3,-0.0
Astrocyte,Astrocyte,IL6,MUSK,-0.0
Astrocyte,Astrocyte,ITIH2,FCER1A,-0.0
Astrocyte,Astrocyte,LGALS3,LAG3,-0.0
Astrocyte,Astrocyte,LPL,GPIHBP1,-0.0
Astrocyte,Astrocyte,MSMP,CCR2,-0.0
Astrocyte,Astrocyte,CXCL1,ACKR1,-0.0
Astrocyte,Oligodendrocyte,CCL24,CCR3,-0.0
Astrocyte,Microglia,CALCB,RAMP1,-0.0
Astrocyte,Oligodendrocyte,B2M,KLRC1,-0.0
Astrocyte,Microglia,CCL8,CCR1,-0.0
Astrocyte,Microglia,CCL8,CCR2,-0.0
Astrocyte,Microglia,CCL8,CCR3,-0.0
Astrocyte,Microglia,CCL8,CCR5,-0.0
Astrocyte,Microglia,CD177,PECAM1,-0.0
Endothelial,Endothelial,PPY,NPY5R,-0.0
Microglia,Endothelial,CD40LG,CD9,-0.0
Astrocyte,Microglia,CCL11,CCR5,-0.0
Astrocyte,Microglia,CD34,SELL,-0.0
Microglia,Endothelial,CCL28,CCR3,-0.0
Microglia,Endothelial,CCL3,CCR1,-0.0
Microglia,Endothelial,CCL3,CCR3,-0.0
Microglia,Endothelial,CCL3,CCR5,-0.0
Microglia,Endothelial,CCL4,CCR1,-0.0
Microglia,Endothelial,CCL19,CCR7,-0.0
Microglia,Endothelial,CCL2,CCR2,-0.0
Microglia,Endothelial,CXCL1,CXCR1,-0.0
Microglia,Endothelial,CXCL10,CCR3,-0.0
Microglia,Endothelial,IL6,MUSK,-0.0
Microglia,Endothelial,ITIH2,FCER1A,-0.0
Microglia,Endothelial,LGALS3,LAG3,-0.0
Microglia,Endothelial,LPL,GPIHBP1,-0.0
Microglia,Endothelial,MFGE8,PDGFRB,-0.0
Microglia,Endothelial,MSMP,CCR2,-0.0
Microglia,Endothelial,NPY,NPY5R,-0.0
Microglia,Endothelial,CXCL1,CXCR2,-0.0
Astrocyte,Microglia,CXCL5,CXCR1,-0.0
Microglia,Endothelial,CCL2,CCR1,-0.0
Microglia,Endothelial,CCL24,CCR3,-0.0
Astrocyte,Microglia,CD40LG,CD9,-0.0
Microglia,Endothelial,CCL24,CCR2,-0.0
Microglia,Endothelial,CCL2,CCR3,-0.0
Astrocyte,Microglia,CCL19,CCR7,-0.0
Astrocyte,Microglia,CCL2,ACKR1,-0.0
Astrocyte,Microglia,CCL2,CCR2,-0.0
Microglia,Endothelial,CCL8,CCR5,-0.0
Astrocyte,Microglia,CCL2,CCR3,-0.0
Astrocyte,Microglia,CCL24,CCR3,-0.0
Astrocyte,Microglia,CCL28,CCR3,-0.0
Astrocyte,Microglia,CCL3,CCR3,-0.0
Astrocyte,Microglia,CCL4,CCR3,-0.0
Astrocyte,Microglia,CCL4,GPR152,-0.0
Astrocyte,Microglia,CCL5,ACKR1,-0.0
Astrocyte,Microglia,CD40LG,CD53,-0.0
Astrocyte,Microglia,CCL5,CCR1,-0.0
Astrocyte,Microglia,CCL5,CCR5,-0.0
Astrocyte,Microglia,CCL5,SDC4,-0.0
Astrocyte,Microglia,CCL24,CCR2,-0.0
Microglia,Endothelial,CD177,PECAM1,-0.0
Microglia,Endothelial,CD34,SELL,-0.0
Microglia,Endothelial,CD40LG,CD53,-0.0
Microglia,Endothelial,CCL2,CCR5,-0.0
Endothelial,Astrocyte,CXCL10,CCR3,-0.0
Astrocyte,Endothelial,APOB,TREM2,-0.0
Endothelial,Astrocyte,CXCL12,AVPR1A,-0.0
Microglia,Astrocyte,GZMA,F2RL1,-0.0
Microglia,Astrocyte,PROK2,PROKR1,-0.0
Endothelial,Astrocyte,CXCL10,SDC4,-0.0
Microglia,Astrocyte,SCT,GPR84,-0.0
Microglia,Astrocyte,SCT,RAMP2,-0.0
Microglia,Astrocyte,SNCA,LAG3,-0.0
Microglia,Astrocyte,TDGF1,ACVR1C,-0.0
Microglia,Astrocyte,RLN3,GPR84,-0.0
Microglia,Astrocyte,HDC,HRH3,-0.0
Microglia,Astrocyte,THBS1,SDC4,-0.0
Microglia,Astrocyte,PPY,NPY5R,-0.0
Microglia,Astrocyte,XCL1,XCR1,-0.0
Microglia,Endothelial,ADM,RAMP1,-0.0
Microglia,Endothelial,ADM,RAMP2,-0.0
Microglia,Endothelial,ANGPTL4,GPIHBP1,-0.0
Microglia,Endothelial,ANGPTL4,SDC4,-0.0
Microglia,Endothelial,ANXA1,FPR1,-0.0
Microglia,Endothelial,APOB,LSR,-0.0
Microglia,Astrocyte,VWF,SIRPA,-0.0
Microglia,Astrocyte,PPBP,CXCR2,-0.0
Microglia,Astrocyte,PPBP,CXCR1,-0.0
Microglia,Astrocyte,PPBP,ACKR1,-0.0
Endothelial,Pericyte,PPBP,CXCR2,-0.0
Microglia,Astrocyte,B2M,KLRC1,-0.0
Microglia,Endothelial,IL6,F3,-0.0
Endothelial,Microglia,NPY,NPY5R,-0.0
Microglia,Astrocyte,HP,ASGR1,-0.0
Microglia,Astrocyte,HP,CD163,-0.0
Microglia,Astrocyte,HSPA1A,GRIN2D,-0.0
Microglia,Astrocyte,IL34,PTPRZ1,-0.0
Microglia,Astrocyte,IL6,F3,-0.0
Microglia,Astrocyte,IL6,MUSK,-0.0
Microglia,Astrocyte,ITIH2,FCER1A,-0.0
Microglia,Astrocyte,LGALS3,LAG3,-0.0
Microglia,Astrocyte,LPL,GPIHBP1,-0.0
Microglia,Astrocyte,PSAP,GPR37,-0.0
Microglia,Astrocyte,NPY,NPY5R,-0.0
Microglia,Astrocyte,NTS,NTSR2,-0.0
Microglia,Astrocyte,PENK,OPRL1,-0.0
Microglia,Astrocyte,PF4,ACKR1,-0.0
Microglia,Astrocyte,PNOC,OPRL1,-0.0
Microglia,Endothelial,APOB,TREM2,-0.0
Microglia,Endothelial,APP,FPR2,-0.0
Microglia,Astrocyte,TIMP1,CD63,-0.0
Microglia,Astrocyte,GAST,CCKBR,-0.0
Microglia,Microglia,PROK2,PROKR1,-0.0
Microglia,Astrocyte,SAA1,FPR2,-0.0
Microglia,Oligodendrocyte,CCL11,ACKR1,-0.0
Microglia,Oligodendrocyte,CAMP,IGF1R,-0.0
Microglia,Endothelial,SCT,GPR84,-0.0
Microglia,Microglia,TNF,FAS,-0.0
Microglia,Microglia,VWF,SIRPA,-0.0
Microglia,Microglia,XCL1,XCR1,-0.0
Microglia,Oligodendrocyte,ADM,GPR84,-0.0
Microglia,Oligodendrocyte,ADM,RAMP1,-0.0
Microglia,Oligodendrocyte,ADM,RAMP2,-0.0
Microglia,Oligodendrocyte,ANGPTL4,GPIHBP1,-0.0
Microglia,Oligodendrocyte,ANGPTL4,SDC4,-0.0
Microglia,Oligodendrocyte,ANXA1,FPR1,-0.0
Microglia,Oligodendrocyte,CCL1,ACKR1,-0.0
Microglia,Oligodendrocyte,APOB,LSR,-0.0
Microglia,Microglia,TIMP1,CD63,-0.0
Microglia,Oligodendrocyte,APP,FPR2,-0.0
Microglia,Oligodendrocyte,B2M,KLRC2,-0.0
Microglia,Microglia,SAA1,FPR2,-0.0
Endothelial,Pericyte,PPBP,CXCR1,-0.0
Microglia,Microglia,SAA1,FPR1,-0.0
Microglia,Microglia,RLN3,RAMP2,-0.0
Microglia,Endothelial,ADM,GPR84,-0.0
Microglia,Astrocyte,MSMP,CCR2,-0.0
Microglia,Endothelial,SAA1,FPR2,-0.0
Microglia,Oligodendrocyte,CCL11,CCR2,-0.0
Microglia,Microglia,THBS1,SDC4,-0.0
Microglia,Microglia,PENK,OPRL1,-0.0
Microglia,Microglia,PF4,ACKR1,-0.0
Microglia,Microglia,PGLYRP1,TREM1,-0.0
Microglia,Microglia,PNOC,OPRL1,-0.0
Microglia,Microglia,PPBP,ACKR1,-0.0
Microglia,Microglia,PPBP,CXCR1,-0.0
Microglia,Microglia,PPBP,CXCR2,-0.0
Microglia,Oligodendrocyte,B2M,KLRC1,-0.0
Microglia,Microglia,PPY,NPY5R,-0.0
Microglia,Microglia,PSAP,GPR37,-0.0
Microglia,Microglia,PTN,PTPRB,-0.0
Microglia,Microglia,TDGF1,ACVR1C,-0.0
Microglia,Microglia,PTN,PTPRZ1,-0.0
Microglia,Microglia,RLN3,GPR84,-0.0
Microglia,Microglia,S100A4,CCR5,-0.0
Endothelial,Pericyte,PPBP,ACKR1,-0.0
Endothelial,Pericyte,PNOC,OPRL1,-0.0
Endothelial,Pericyte,PGLYRP1,TREM1,-0.0
Endothelial,Pericyte,CSF3,CSF1R,-0.0
Endothelial,Pericyte,CXCL3,ACKR1,-0.0
Endothelial,Pericyte,IL34,PTPRZ1,-0.0
Endothelial,Pericyte,IL6,F3,-0.0
Endothelial,Pericyte,IL6,MUSK,-0.0
Endothelial,Pericyte,ITIH2,FCER1A,-0.0
Endothelial,Pericyte,LGALS3,LAG3,-0.0
Endothelial,Pericyte,LPL,GPIHBP1,-0.0
Endothelial,Pericyte,MSMP,CCR2,-0.0
Endothelial,Pericyte,GZMA,F2RL1,-0.0
Endothelial,Pericyte,CXCL3,CXCR1,-0.0
Endothelial,Pericyte,COL3A1,MAG,-0.0
Endothelial,Pericyte,CXCL2,XCR1,-0.0
Endothelial,Pericyte,CCL8,CCR2,-0.0
Endothelial,Pericyte,CCL8,CCR3,-0.0
Endothelial,Pericyte,CCL8,CCR5,-0.0
Endothelial,Pericyte,CD177,PECAM1,-0.0
Endothelial,Pericyte,CD34,SELL,-0.0
Endothelial,Pericyte,CD40LG,CD53,-0.0
Microglia,Astrocyte,APOB,LSR,-0.0
Endothelial,Pericyte,CD40LG,CD9,-0.0
Microglia,Astrocyte,ANXA1,FPR1,-0.0
Microglia,Astrocyte,ANGPTL4,GPIHBP1,-0.0
Endothelial,Pericyte,CXCL1,CXCR1,-0.0
Endothelial,Pericyte,CXCL1,CXCR2,-0.0
Endothelial,Pericyte,CXCL10,ACKR1,-0.0
Endothelial,Pericyte,CXCL10,CCR3,-0.0
Endothelial,Pericyte,CXCL10,SDC4,-0.0
Endothelial,Pericyte,CXCL12,AVPR1A,-0.0
Endothelial,Pericyte,CXCL2,ACKR1,-0.0
Endothelial,Pericyte,CXCL2,CXCR1,-0.0
Endothelial,Pericyte,CXCL2,CXCR2,-0.0
Endothelial,Pericyte,CSF2,CSF1R,-0.0
Endothelial,Pericyte,CXCL1,ACKR1,-0.0
Endothelial,Pericyte,CCL8,ACKR1,-0.0
Endothelial,Pericyte,NTS,NTSR2,-0.0
Endothelial,Pericyte,TNF,VSIR,-0.0
Endothelial,Pericyte,VWF,SIRPA,-0.0
Endothelial,Pericyte,XCL1,XCR1,-0.0
Microglia,Astrocyte,ADM,GPR84,-0.0
Microglia,Astrocyte,ADM,RAMP1,-0.0
Microglia,Astrocyte,ADM,RAMP2,-0.0
Microglia,Astrocyte,ANGPTL4,SDC4,-0.0
Microglia,Oligodendrocyte,B2M,KLRD1,-0.0
Endothelial,Pericyte,CFP,NCR1,-0.0
Endothelial,Pericyte,CGA,RAMP2,-0.0
Endothelial,Pericyte,PSAP,GPR37,-0.0
Endothelial,Pericyte,PPY,NPY5R,-0.0
Microglia,Astrocyte,B2M,KLRC2,-0.0
Microglia,Astrocyte,B2M,KLRD1,-0.0
Microglia,Astrocyte,BMP8A,TGFBR1,-0.0
Microglia,Astrocyte,CALCA,GPR84,-0.0
Microglia,Astrocyte,CALCB,GPR84,-0.0
Microglia,Astrocyte,CALCB,RAMP1,-0.0
Microglia,Astrocyte,CALCB,RAMP2,-0.0
Microglia,Astrocyte,CAMP,FPR2,-0.0
Microglia,Astrocyte,CAMP,IGF1R,-0.0
Microglia,Astrocyte,CCL1,ACKR1,-0.0
Endothelial,Pericyte,PROK2,PROKR1,-0.0
Microglia,Astrocyte,CCL11,ACKR1,-0.0
Endothelial,Pericyte,NPY,NPY5R,-0.0
Endothelial,Pericyte,TIMP1,CD63,-0.0
Endothelial,Pericyte,TDGF1,ACVR1C,-0.0
Endothelial,Pericyte,PENK,OPRL1,-0.0
Endothelial,Pericyte,PF4,ACKR1,-0.0
Endothelial,Pericyte,TNF,FAS,-0.0
Endothelial,Pericyte,CGA,GPR84,-0.0
Endothelial,Oligodendrocyte,NTS,NTSR2,-0.0
Endothelial,Oligodendrocyte,MSMP,CCR2,-0.0
Endothelial,Pericyte,CCL8,CCR1,-0.0
Endothelial,Microglia,NTS,NTSR2,-0.0
Microglia,Astrocyte,APOB,TREM2,-0.0
Microglia,Astrocyte,APP,FPR2,-0.0
Endothelial,Pericyte,THBS1,SDC4,-0.0
Endothelial,Pericyte,RIMS1,SLC17A7,-0.0
Endothelial,Pericyte,RLN3,RAMP2,-0.0
Endothelial,Pericyte,S100A4,CCR5,-0.0
Endothelial,Pericyte,SAA1,FPR1,-0.0
Endothelial,Pericyte,SAA1,FPR2,-0.0
Endothelial,Pericyte,SCT,GPR84,-0.0
Endothelial,Pericyte,SCT,RAMP2,-0.0
Endothelial,Pericyte,SELPLG,SELL,-0.0
Endothelial,Pericyte,PTN,PTPRZ1,-0.0
Endothelial,Pericyte,SNCA,LAG3,-0.0
Endothelial,Pericyte,RLN3,GPR84,-0.0
Microglia,Astrocyte,CCL11,CCR3,-0.0
Endothelial,Pericyte,CCL7,CCR5,-0.0
Endothelial,Pericyte,CCL7,CCR2,-0.0
Endothelial,Oligodendrocyte,NPY,NPY5R,-0.0
Endothelial,Oligodendrocyte,PENK,OPRL1,-0.0
Microglia,Oligodendrocyte,BMP8A,TGFBR1,-0.0
Microglia,Oligodendrocyte,CALCB,GPR84,-0.0
Microglia,Microglia,IL6,F3,-0.0
Microglia,Microglia,IL6,MUSK,-0.0
Microglia,Microglia,ITIH2,FCER1A,-0.0
Microglia,Microglia,LPL,GPIHBP1,-0.0
Microglia,Microglia,MFGE8,PDGFRB,-0.0
Microglia,Microglia,MSMP,CCR2,-0.0
Microglia,Microglia,GZMA,F2RL1,-0.0
Microglia,Microglia,CCL8,ACKR1,-0.0
Microglia,Microglia,IL34,PTPRZ1,-0.0
Microglia,Microglia,CXCL3,CXCR2,-0.0
Microglia,Microglia,CCL8,CCR2,-0.0
Microglia,Microglia,CCL8,CCR3,-0.0
Microglia,Microglia,CCL8,CCR5,-0.0
Microglia,Microglia,CD177,PECAM1,-0.0
Microglia,Microglia,CD34,SELL,-0.0
Microglia,Microglia,CD40LG,CD53,-0.0
Microglia,Microglia,GAST,GPR152,-0.0
Microglia,Microglia,CXCL5,ACKR1,-0.0
Microglia,Microglia,CXCL3,ACKR1,-0.0
Microglia,Microglia,HSPA1A,GRIN2D,-0.0
Microglia,Microglia,HP,CD163,-0.0
Microglia,Microglia,HP,ASGR1,-0.0
Microglia,Astrocyte,CXCL5,CXCR1,-0.0
Microglia,Astrocyte,CXCL5,CXCR2,-0.0
Microglia,Astrocyte,CCL24,CCR2,-0.0
Microglia,Astrocyte,CXCL9,ACKR1,-0.0
Microglia,Astrocyte,CYTL1,CCR2,-0.0
Microglia,Astrocyte,EDN1,ADGRL4,-0.0
Microglia,Astrocyte,EDN1,EDNRB,-0.0
Microglia,Astrocyte,F10,F3,-0.0
Microglia,Astrocyte,CXCL3,ACKR1,-0.0
Microglia,Astrocyte,FGL1,LAG3,-0.0
Microglia,Astrocyte,CGA,RAMP2,-0.0
Microglia,Astrocyte,CFP,NCR1,-0.0
Microglia,Astrocyte,CCL19,CCR7,-0.0
Microglia,Astrocyte,CCL2,ACKR1,-0.0
Microglia,Astrocyte,CXCL9,CCR3,-0.0
Microglia,Microglia,SCT,RAMP2,-0.0
Microglia,Microglia,SELPLG,SELL,-0.0
Microglia,Microglia,SNCA,LAG3,-0.0
Microglia,Microglia,HDC,HRH3,-0.0
Microglia,Microglia,GAST,CCKBR,-0.0
Microglia,Microglia,FN1,CD79A,-0.0
Microglia,Microglia,ANXA1,FPR1,-0.0
Microglia,Microglia,APOB,LSR,-0.0
Endothelial,Microglia,TNF,VSIR,-0.0
Endothelial,Microglia,XCL1,XCR1,-0.0
Endothelial,Oligodendrocyte,ADM,RAMP1,-0.0
Endothelial,Oligodendrocyte,ANGPTL4,GPIHBP1,-0.0
Endothelial,Oligodendrocyte,ANXA1,FPR1,-0.0
Endothelial,Oligodendrocyte,APOB,LSR,-0.0
Endothelial,Oligodendrocyte,APOB,TREM2,-0.0
Endothelial,Oligodendrocyte,APP,FPR2,-0.0
Endothelial,Oligodendrocyte,B2M,KLRC1,-0.0
Endothelial,Oligodendrocyte,B2M,KLRC2,-0.0
Endothelial,Microglia,TNF,FAS,-0.0
Endothelial,Oligodendrocyte,B2M,KLRD1,-0.0
Endothelial,Oligodendrocyte,CALCA,GPR84,-0.0
Endothelial,Oligodendrocyte,CALCB,GPR84,-0.0
Endothelial,Oligodendrocyte,CALCB,RAMP1,-0.0
Endothelial,Microglia,SCT,RAMP2,-0.0
Endothelial,Microglia,SCT,GPR84,-0.0
Endothelial,Microglia,SAA1,FPR2,-0.0
Endothelial,Microglia,LPL,GPIHBP1,-0.0
Microglia,Microglia,CGA,RAMP2,-0.0
Microglia,Astrocyte,CXCL5,ACKR1,-0.0
Microglia,Microglia,CGA,GPR84,-0.0
Microglia,Microglia,CCL7,CCR3,-0.0
Microglia,Microglia,APOB,TREM2,-0.0
Microglia,Microglia,APP,FPR2,-0.0
Microglia,Microglia,B2M,KLRC1,-0.0
Microglia,Microglia,B2M,KLRC2,-0.0
Microglia,Microglia,B2M,KLRD1,-0.0
Microglia,Microglia,BMP8A,TGFBR1,-0.0
Microglia,Microglia,BSG,SLC16A1,-0.0
Microglia,Microglia,ADM,RAMP2,-0.0
Microglia,Microglia,CD40LG,CD9,-0.0
Microglia,Microglia,CCL8,CCR1,-0.0
Microglia,Microglia,CXCL5,CXCR1,-0.0
Microglia,Microglia,CXCL5,CXCR2,-0.0
Microglia,Microglia,CXCL9,ACKR1,-0.0
Microglia,Microglia,CXCL9,CCR3,-0.0
Microglia,Microglia,CYTL1,CCR2,-0.0
Microglia,Microglia,EDN1,ADGRL4,-0.0
Microglia,Microglia,EDN1,EDNRB,-0.0
Microglia,Microglia,F10,F3,-0.0
Microglia,Microglia,FGL1,LAG3,-0.0
Microglia,Microglia,CFP,NCR1,-0.0
Microglia,Astrocyte,CXCL3,CXCR2,-0.0
Microglia,Astrocyte,CXCL3,CXCR1,-0.0
Microglia,Astrocyte,CXCL2,XCR1,-0.0
Microglia,Endothelial,B2M,KLRC1,-0.0
Microglia,Astrocyte,CSF2,CSF1R,-0.0
Microglia,Astrocyte,CSF3,CSF1R,-0.0
Microglia,Astrocyte,CXCL1,ACKR1,-0.0
Microglia,Astrocyte,CXCL1,CXCR1,-0.0
Microglia,Endothelial,CXCL9,ACKR1,-0.0
Microglia,Endothelial,CXCL5,CXCR2,-0.0
Microglia,Endothelial,CXCL5,CXCR1,-0.0
Microglia,Endothelial,CXCL5,ACKR1,-0.0
Microglia,Endothelial,PPBP,ACKR1,-0.0
Microglia,Endothelial,PPBP,CXCR1,-0.0
Microglia,Endothelial,PPBP,CXCR2,-0.0
Microglia,Endothelial,PPY,NPY5R,-0.0
Microglia,Endothelial,PROK2,PROKR1,-0.0
Microglia,Endothelial,PSAP,GPR37,-0.0
Microglia,Endothelial,PTN,PTPRZ1,-0.0
Microglia,Endothelial,RIMS1,SLC17A7,-0.0
Microglia,Endothelial,RLN3,GPR84,-0.0
Microglia,Endothelial,RLN3,RAMP2,-0.0
Microglia,Endothelial,B2M,KLRC2,-0.0
Microglia,Astrocyte,CXCL1,CXCR2,-0.0
Microglia,Endothelial,B2M,KLRD1,-0.0
Microglia,Endothelial,HP,ASGR1,-0.0
Microglia,Oligodendrocyte,CALCB,RAMP1,-0.0
Microglia,Oligodendrocyte,CALCB,RAMP2,-0.0
Microglia,Oligodendrocyte,CAMP,FPR2,-0.0
Oligodendrocyte,Pericyte,CXCL10,ACKR1,-0.0
Microglia,Microglia,SCT,GPR84,-0.0
Microglia,Astrocyte,SAA1,FPR1,-0.0
Microglia,Astrocyte,RLN3,RAMP2,-0.0
Microglia,Endothelial,HSPA1A,GRIN2D,-0.0
Microglia,Endothelial,CXCL9,CCR3,-0.0
Microglia,Endothelial,EDN1,ADGRL4,-0.0
Microglia,Endothelial,EDN1,EDNRB,-0.0
Microglia,Endothelial,F10,F3,-0.0
Microglia,Endothelial,FGL1,LAG3,-0.0
Microglia,Endothelial,FN1,CD79A,-0.0
Microglia,Endothelial,FN1,MAG,-0.0
Microglia,Endothelial,GAST,CCKBR,-0.0
Microglia,Endothelial,GAST,GPR152,-0.0
Microglia,Endothelial,GZMA,F2RL1,-0.0
Microglia,Endothelial,HDC,HRH3,-0.0
Microglia,Endothelial,CYTL1,CCR2,-0.0
Microglia,Oligodendrocyte,CALCA,GPR84,-0.0
Microglia,Endothelial,S100A4,CCR5,-0.0
Microglia,Endothelial,IL34,PTPRZ1,-0.0
Microglia,Astrocyte,CCL8,ACKR1,-0.0
Microglia,Astrocyte,CCL8,CCR2,-0.0
Microglia,Astrocyte,CCL8,CCR3,-0.0
Microglia,Astrocyte,CCL8,CCR5,-0.0
Microglia,Astrocyte,CD177,PECAM1,-0.0
Microglia,Astrocyte,CD40LG,CD53,-0.0
Microglia,Astrocyte,CD40LG,CD9,-0.0
Microglia,Astrocyte,CCL5,CCR5,-0.0
Microglia,Endothelial,SAA1,FPR1,-0.0
Microglia,Astrocyte,FN1,CD79A,-0.0
Microglia,Astrocyte,GAST,GPR152,-0.0
Microglia,Astrocyte,CCL8,CCR1,-0.0
Microglia,Astrocyte,S100A4,CCR5,-0.0
Microglia,Astrocyte,CCL24,CCR3,-0.0
Microglia,Astrocyte,CCL2,CCR3,-0.0
Microglia,Astrocyte,CXCL2,ACKR1,-0.0
Microglia,Astrocyte,CXCL2,CXCR1,-0.0
Microglia,Astrocyte,CXCL2,CXCR2,-0.0
Microglia,Astrocyte,COL3A1,MAG,-0.0
Microglia,Astrocyte,CCL28,CCR3,-0.0
Microglia,Endothelial,BMP8A,TGFBR1,-0.0
Microglia,Astrocyte,CCL7,CCR3,-0.0
Microglia,Astrocyte,CCL5,SDC4,-0.0
Microglia,Endothelial,HP,CD163,-0.0
Microglia,Endothelial,CXCL12,AVPR1A,-0.0
Microglia,Endothelial,CXCL2,CXCR1,-0.0
Microglia,Endothelial,CXCL2,CXCR2,-0.0
Microglia,Endothelial,CXCL2,XCR1,-0.0
Microglia,Endothelial,CXCL3,ACKR1,-0.0
Microglia,Endothelial,CXCL3,CXCR1,-0.0
Microglia,Endothelial,CXCL3,CXCR2,-0.0
Microglia,Endothelial,PNOC,OPRL1,-0.0
Microglia,Astrocyte,CXCL10,ACKR1,-0.0
Microglia,Astrocyte,CXCL10,CCR3,-0.0
Microglia,Astrocyte,CXCL12,AVPR1A,-0.0
Microglia,Astrocyte,CCL3,CCR3,-0.0
Microglia,Astrocyte,CCL4,CCR3,-0.0
Microglia,Astrocyte,CCL4,GPR152,-0.0
Microglia,Astrocyte,CCL5,ACKR1,-0.0
Microglia,Astrocyte,CCL5,CCR1,-0.0
Microglia,Astrocyte,CGA,GPR84,-0.0
Microglia,Astrocyte,CCL5,CCR3,-0.0
Microglia,Astrocyte,CCL7,ACKR1,-0.0
Endothelial,Oligodendrocyte,PF4,ACKR1,-0.0
Microglia,Astrocyte,RIMS1,SLC17A7,-0.0
Endothelial,Pericyte,CCL4,CCR5,-0.0
Endothelial,Oligodendrocyte,CXCL2,ACKR1,-0.0
Endothelial,Oligodendrocyte,CXCL2,CXCR1,-0.0
Endothelial,Oligodendrocyte,CXCL2,CXCR2,-0.0
Endothelial,Pericyte,CXCL5,ACKR1,-0.0
Endothelial,Microglia,COL3A1,MAG,-0.0
Endothelial,Pericyte,CXCL5,CXCR1,-0.0
Endothelial,Pericyte,CXCL9,ACKR1,-0.0
Endothelial,Pericyte,CXCL9,CCR3,-0.0
Endothelial,Pericyte,CYTL1,CCR2,-0.0
Endothelial,Pericyte,F10,F3,-0.0
Endothelial,Pericyte,FGL1,LAG3,-0.0
Endothelial,Pericyte,FN1,CD79A,-0.0
Endothelial,Pericyte,FN1,MAG,-0.0
Endothelial,Pericyte,GAST,CCKBR,-0.0
Endothelial,Pericyte,CXCL3,CXCR2,-0.0
Endothelial,Pericyte,GAST,GPR152,-0.0
Endothelial,Pericyte,CXCL5,CXCR2,-0.0
Endothelial,Microglia,CCL4,CCR3,-0.0
Endothelial,Microglia,CGA,RAMP2,-0.0
Endothelial,Microglia,CD34,SELL,-0.0
Endothelial,Microglia,CFP,NCR1,-0.0
Endothelial,Microglia,CXCL1,CXCR2,-0.0
Endothelial,Microglia,CXCL1,ACKR1,-0.0
Endothelial,Endothelial,SAA1,FPR1,-0.0
Endothelial,Endothelial,SAA1,FPR2,-0.0
Endothelial,Microglia,GAST,CCKBR,-0.0
Endothelial,Endothelial,SCT,GPR84,-0.0
Endothelial,Endothelial,SELPLG,SELL,-0.0
Endothelial,Microglia,APOB,TREM2,-0.0
Endothelial,Endothelial,SNCA,LAG3,-0.0
Endothelial,Endothelial,TDGF1,ACVR1C,-0.0
Endothelial,Endothelial,THBS1,SDC4,-0.0
Endothelial,Endothelial,TIMP1,CD63,-0.0
Endothelial,Endothelial,TNF,FAS,-0.0
Endothelial,Endothelial,TNF,VSIR,-0.0
Endothelial,Endothelial,VWF,SIRPA,-0.0
Endothelial,Endothelial,SCT,RAMP2,-0.0
Endothelial,Microglia,GAST,GPR152,-0.0
Endothelial,Microglia,GZMA,F2RL1,-0.0
Endothelial,Microglia,HDC,HRH3,-0.0
Endothelial,Microglia,CSF2,CSF1R,-0.0
Endothelial,Microglia,CSF3,CSF1R,-0.0
Endothelial,Microglia,CXCL1,CXCR1,-0.0
Endothelial,Endothelial,S100A4,CCR5,-0.0
Endothelial,Microglia,HP,ASGR1,-0.0
Endothelial,Microglia,HSPA1A,GRIN2D,-0.0
Endothelial,Oligodendrocyte,CCL8,CCR2,-0.0
Endothelial,Oligodendrocyte,CCL8,CCR3,-0.0
Endothelial,Oligodendrocyte,CCL8,CCR5,-0.0
Endothelial,Oligodendrocyte,CD177,PECAM1,-0.0
Endothelial,Oligodendrocyte,CD34,SELL,-0.0
Endothelial,Oligodendrocyte,CD40LG,CD53,-0.0
Endothelial,Oligodendrocyte,CCL7,CCR1,-0.0
Endothelial,Oligodendrocyte,CD40LG,CD9,-0.0
Endothelial,Oligodendrocyte,CGA,GPR84,-0.0
Endothelial,Oligodendrocyte,CGA,RAMP2,-0.0
Endothelial,Oligodendrocyte,COL3A1,MAG,-0.0
Endothelial,Oligodendrocyte,CSF2,CSF1R,-0.0
Endothelial,Oligodendrocyte,CSF3,CSF1R,-0.0
Endothelial,Oligodendrocyte,CXCL1,ACKR1,-0.0
Endothelial,Oligodendrocyte,CXCL1,CXCR1,-0.0
Endothelial,Oligodendrocyte,CXCL1,CXCR2,-0.0
Endothelial,Oligodendrocyte,CXCL10,ACKR1,-0.0
Endothelial,Oligodendrocyte,CXCL10,CCR3,-0.0
Endothelial,Oligodendrocyte,CXCL10,SDC4,-0.0
Endothelial,Microglia,CCL28,CCR3,-0.0
Endothelial,Microglia,HP,CD163,-0.0
Endothelial,Microglia,CCL11,CCR2,-0.0
Endothelial,Microglia,CCL7,CCR2,-0.0
Endothelial,Microglia,CYTL1,CCR2,-0.0
Endothelial,Microglia,CCL5,ACKR1,-0.0
Endothelial,Microglia,CXCL10,SDC4,-0.0
Endothelial,Microglia,CXCL10,ACKR1,-0.0
Endothelial,Microglia,CCL5,CCR3,-0.0
Endothelial,Microglia,CCL5,CCR5,-0.0
Endothelial,Microglia,CCL5,SDC4,-0.0
Endothelial,Microglia,CGA,GPR84,-0.0
Endothelial,Microglia,CCL7,ACKR1,-0.0
Endothelial,Microglia,CCL7,CCR3,-0.0
Endothelial,Microglia,CCL8,ACKR1,-0.0
Endothelial,Microglia,CCL8,CCR1,-0.0
Endothelial,Microglia,CCL8,CCR2,-0.0
Endothelial,Microglia,CCL8,CCR3,-0.0
Endothelial,Microglia,CCL8,CCR5,-0.0
Endothelial,Microglia,CXCL10,CCR3,-0.0
Endothelial,Microglia,CD177,PECAM1,-0.0
Endothelial,Microglia,CD40LG,CD53,-0.0
Endothelial,Microglia,CD40LG,CD9,-0.0
Endothelial,Pericyte,HDC,HRH3,-0.0
Endothelial,Oligodendrocyte,CFP,NCR1,-0.0
Endothelial,Endothelial,RLN3,RAMP2,-0.0
Endothelial,Endothelial,RIMS1,SLC17A7,-0.0
Endothelial,Astrocyte,HDC,HRH3,-0.0
Endothelial,Astrocyte,HP,ASGR1,-0.0
Endothelial,Astrocyte,PENK,OPRL1,-0.0
Endothelial,Astrocyte,CXCL9,CCR3,-0.0
Endothelial,Astrocyte,HP,CD163,-0.0
Endothelial,Astrocyte,IL6,F3,-0.0
Endothelial,Astrocyte,IL6,MUSK,-0.0
Endothelial,Astrocyte,ITIH2,FCER1A,-0.0
Endothelial,Astrocyte,LGALS3,LAG3,-0.0
Endothelial,Astrocyte,LPL,GPIHBP1,-0.0
Endothelial,Astrocyte,MSMP,CCR2,-0.0
Endothelial,Astrocyte,NPY,NPY5R,-0.0
Endothelial,Astrocyte,IL34,PTPRZ1,-0.0
Endothelial,Astrocyte,PPBP,CXCR2,-0.0
Endothelial,Astrocyte,CXCL9,ACKR1,-0.0
Endothelial,Astrocyte,PF4,ACKR1,-0.0
Endothelial,Astrocyte,PROK2,PROKR1,-0.0
Endothelial,Astrocyte,PSAP,GPR37,-0.0
Endothelial,Astrocyte,RIMS1,SLC17A7,-0.0
Endothelial,Astrocyte,GZMA,F2RL1,-0.0
Endothelial,Astrocyte,RLN3,GPR84,-0.0
Endothelial,Astrocyte,GAST,GPR152,-0.0
Endothelial,Astrocyte,FN1,CD79A,-0.0
Endothelial,Astrocyte,CCL1,ACKR1,-0.0
Endothelial,Astrocyte,CXCL2,ACKR1,-0.0
Endothelial,Astrocyte,CXCL2,CXCR2,-0.0
Endothelial,Astrocyte,CXCL2,XCR1,-0.0
Endothelial,Astrocyte,CXCL3,ACKR1,-0.0
Endothelial,Astrocyte,CXCL3,CXCR1,-0.0
Endothelial,Astrocyte,CXCL1,CXCR1,-0.0
Endothelial,Astrocyte,CXCL3,CXCR2,-0.0
Endothelial,Astrocyte,CCL8,CCR1,-0.0
Endothelial,Astrocyte,CCL7,CCR3,-0.0
Endothelial,Astrocyte,CALCB,RAMP2,-0.0
Endothelial,Astrocyte,CAMP,FPR2,-0.0
Endothelial,Astrocyte,CXCL2,CXCR1,-0.0
Astrocyte,Endothelial,CXCL1,CXCR1,-0.0
Endothelial,Astrocyte,PPBP,CXCR1,-0.0
Endothelial,Astrocyte,PPY,NPY5R,-0.0
Endothelial,Astrocyte,CYTL1,CCR2,-0.0
Endothelial,Astrocyte,F10,F3,-0.0
Endothelial,Astrocyte,FGL1,LAG3,-0.0
Endothelial,Astrocyte,GAST,CCKBR,-0.0
Endothelial,Endothelial,RLN3,GPR84,-0.0
Endothelial,Astrocyte,RLN3,RAMP2,-0.0
Endothelial,Astrocyte,SAA1,FPR1,-0.0
Endothelial,Microglia,CXCL3,ACKR1,-0.0
Endothelial,Microglia,CXCL3,CXCR1,-0.0
Endothelial,Microglia,CXCL3,CXCR2,-0.0
Endothelial,Microglia,CXCL5,ACKR1,-0.0
Endothelial,Microglia,CXCL5,CXCR1,-0.0
Endothelial,Microglia,CXCL5,CXCR2,-0.0
Endothelial,Microglia,CXCL9,ACKR1,-0.0
Endothelial,Microglia,CXCL12,AVPR1A,-0.0
Endothelial,Microglia,CXCL9,CCR3,-0.0
Endothelial,Microglia,EDN1,EDNRB,-0.0
Endothelial,Microglia,F10,F3,-0.0
Endothelial,Microglia,FGL1,LAG3,-0.0
Endothelial,Microglia,FN1,CD79A,-0.0
Endothelial,Microglia,ANXA1,FPR1,-0.0
Endothelial,Microglia,ANGPTL4,GPIHBP1,-0.0
Endothelial,Endothelial,XCL1,XCR1,-0.0
Endothelial,Microglia,APP,FPR2,-0.0
Endothelial,Microglia,APOB,LSR,-0.0
Endothelial,Endothelial,PTN,PTPRZ1,-0.0
Endothelial,Microglia,CXCL2,XCR1,-0.0
Endothelial,Astrocyte,S100A4,CCR5,-0.0
Endothelial,Microglia,CXCL2,CXCR2,-0.0
Endothelial,Microglia,CXCL2,ACKR1,-0.0
Endothelial,Astrocyte,PNOC,OPRL1,-0.0
Endothelial,Astrocyte,SAA1,FPR2,-0.0
Endothelial,Astrocyte,SCT,GPR84,-0.0
Endothelial,Astrocyte,NTS,NTSR2,-0.0
Endothelial,Astrocyte,SCT,RAMP2,-0.0
Endothelial,Astrocyte,TDGF1,ACVR1C,-0.0
Endothelial,Astrocyte,THBS1,SDC4,-0.0
Endothelial,Astrocyte,TIMP1,CD63,-0.0
Endothelial,Astrocyte,TNF,FAS,-0.0
Endothelial,Astrocyte,TNF,VSIR,-0.0
Endothelial,Astrocyte,XCL1,XCR1,-0.0
Endothelial,Astrocyte,CXCL5,CXCR1,-0.0
Endothelial,Astrocyte,SNCA,LAG3,-0.0
Microglia,Endothelial,PENK,OPRL1,-0.0
Microglia,Endothelial,SNCA,LAG3,-0.0
Endothelial,Oligodendrocyte,PGLYRP1,TREM1,-0.0
Endothelial,Oligodendrocyte,CXCL12,AVPR1A,-0.0
Endothelial,Microglia,CCL4,GPR152,-0.0
Endothelial,Microglia,CCL5,CCR1,-0.0
Endothelial,Microglia,CXCL2,CXCR1,-0.0
Endothelial,Microglia,ITIH2,FCER1A,-0.0
Microglia,Endothelial,PGLYRP1,TREM1,-0.0
Endothelial,Oligodendrocyte,CCL8,ACKR1,-0.0
Endothelial,Oligodendrocyte,RLN3,RAMP2,-0.0
Endothelial,Oligodendrocyte,S100A4,CCR5,-0.0
Endothelial,Pericyte,CCL17,ACKR1,-0.0
Endothelial,Oligodendrocyte,SAA1,FPR1,-0.0
Endothelial,Oligodendrocyte,SCT,GPR84,-0.0
Endothelial,Oligodendrocyte,SCT,RAMP2,-0.0
Endothelial,Oligodendrocyte,PPY,NPY5R,-0.0
Endothelial,Oligodendrocyte,SELPLG,SELL,-0.0
Endothelial,Oligodendrocyte,LPL,GPIHBP1,-0.0
Endothelial,Oligodendrocyte,ITIH2,FCER1A,-0.0
Endothelial,Oligodendrocyte,CXCL2,XCR1,-0.0
Endothelial,Oligodendrocyte,CXCL3,ACKR1,-0.0
Endothelial,Oligodendrocyte,CXCL3,CXCR1,-0.0
Endothelial,Oligodendrocyte,SAA1,FPR2,-0.0
Endothelial,Pericyte,CCL19,CCR7,-0.0
Endothelial,Pericyte,CCL2,ACKR1,-0.0
Endothelial,Pericyte,CCL2,CCR1,-0.0
Endothelial,Oligodendrocyte,TIMP1,CD63,-0.0
Endothelial,Oligodendrocyte,TNF,FAS,-0.0
Endothelial,Oligodendrocyte,RLN3,GPR84,-0.0
Endothelial,Oligodendrocyte,TNF,VSIR,-0.0
Endothelial,Oligodendrocyte,RIMS1,SLC17A7,-0.0
Endothelial,Oligodendrocyte,PROK2,PROKR1,-0.0
Endothelial,Oligodendrocyte,GZMA,F2RL1,-0.0
Endothelial,Oligodendrocyte,HDC,HRH3,-0.0
Endothelial,Oligodendrocyte,HP,ASGR1,-0.0
Endothelial,Oligodendrocyte,HP,CD163,-0.0
Endothelial,Oligodendrocyte,HSPA1A,GRIN2D,-0.0
Endothelial,Oligodendrocyte,IL34,PTPRZ1,-0.0
Endothelial,Oligodendrocyte,IL6,F3,-0.0
Endothelial,Oligodendrocyte,IL6,MUSK,-0.0
Endothelial,Oligodendrocyte,FGL1,LAG3,-0.0
Endothelial,Pericyte,CCL7,CCR3,-0.0
Endothelial,Oligodendrocyte,SNCA,LAG3,-0.0
Endothelial,Oligodendrocyte,CXCL5,CXCR2,-0.0
Endothelial,Oligodendrocyte,CXCL5,CXCR1,-0.0
Endothelial,Oligodendrocyte,CXCL5,ACKR1,-0.0
Endothelial,Oligodendrocyte,CXCL3,CXCR2,-0.0
Endothelial,Oligodendrocyte,PPBP,ACKR1,-0.0
Endothelial,Oligodendrocyte,PPBP,CXCR1,-0.0
Endothelial,Oligodendrocyte,MFGE8,PDGFRB,-0.0
Endothelial,Oligodendrocyte,PPBP,CXCR2,-0.0
Endothelial,Oligodendrocyte,PTN,PTPRZ1,-0.0
Endothelial,Oligodendrocyte,GAST,GPR152,-0.0
Endothelial,Oligodendrocyte,XCL1,XCR1,-0.0
Endothelial,Pericyte,ANGPTL4,GPIHBP1,-0.0
Endothelial,Pericyte,CCL24,CCR2,-0.0
Endothelial,Pericyte,CCL24,CCR3,-0.0
Endothelial,Pericyte,CCL28,CCR3,-0.0
Endothelial,Pericyte,CCL3,CCR1,-0.0
Endothelial,Pericyte,CCL11,CCR5,-0.0
Endothelial,Pericyte,CCL3,CCR3,-0.0
Endothelial,Pericyte,CCL4,CCR1,-0.0
Endothelial,Pericyte,CCL11,ACKR1,-0.0
Endothelial,Pericyte,CCL4,CCR3,-0.0
Endothelial,Pericyte,CCL4,GPR152,-0.0
Endothelial,Pericyte,CCL5,ACKR1,-0.0
Endothelial,Pericyte,CCL5,CCR1,-0.0
Endothelial,Pericyte,CCL5,CCR3,-0.0
Endothelial,Pericyte,CCL5,CCR5,-0.0
Endothelial,Pericyte,CCL5,SDC4,-0.0
Endothelial,Pericyte,CCL7,ACKR1,-0.0
Endothelial,Pericyte,CCL7,CCR1,-0.0
Endothelial,Pericyte,CCL3,CCR5,-0.0
Endothelial,Oligodendrocyte,CCL8,CCR1,-0.0
Endothelial,Pericyte,CCL2,CCR5,-0.0
Endothelial,Pericyte,ADM,GPR84,-0.0
Endothelial,Pericyte,CCL2,CCR3,-0.0
Endothelial,Pericyte,CCL11,CCR3,-0.0
Endothelial,Pericyte,ANXA1,FPR1,-0.0
Endothelial,Pericyte,APOB,LSR,-0.0
Endothelial,Pericyte,APOB,TREM2,-0.0
Endothelial,Pericyte,CCL11,CCR2,-0.0
Endothelial,Oligodendrocyte,THBS1,SDC4,-0.0
Endothelial,Pericyte,APP,FPR2,-0.0
Endothelial,Pericyte,B2M,KLRD1,-0.0
Endothelial,Pericyte,BMP8A,TGFBR1,-0.0
Endothelial,Pericyte,BSG,SLC16A1,-0.0
Endothelial,Pericyte,CALCA,GPR84,-0.0
Endothelial,Pericyte,CALCB,GPR84,-0.0
Endothelial,Pericyte,CALCB,RAMP1,-0.0
Endothelial,Pericyte,CALCB,RAMP2,-0.0
Endothelial,Pericyte,CAMP,FPR2,-0.0
Endothelial,Pericyte,CAMP,IGF1R,-0.0
Endothelial,Pericyte,CCL1,ACKR1,-0.0
Endothelial,Pericyte,B2M,KLRC2,-0.0
Endothelial,Oligodendrocyte,PNOC,OPRL1,-0.0
Endothelial,Oligodendrocyte,TDGF1,ACVR1C,-0.0
Endothelial,Pericyte,CCL2,CCR2,-0.0
Endothelial,Oligodendrocyte,GAST,CCKBR,-0.0
Pericyte,Pericyte,XCL1,XCR1,-0.0
Endothelial,Oligodendrocyte,F10,F3,-0.0
Endothelial,Oligodendrocyte,CCL1,ACKR1,-0.0
Endothelial,Oligodendrocyte,CCL7,CCR2,-0.0
Endothelial,Microglia,PTN,PTPRZ1,-0.0
Endothelial,Oligodendrocyte,CCL5,CCR5,-0.0
Endothelial,Oligodendrocyte,CCL11,ACKR1,-0.0
Endothelial,Oligodendrocyte,CCL11,CCR2,-0.0
Endothelial,Microglia,B2M,KLRD1,-0.0
Endothelial,Microglia,BMP8A,TGFBR1,-0.0
Endothelial,Microglia,BSG,SLC16A1,-0.0
Endothelial,Microglia,CALCA,GPR84,-0.0
Endothelial,Microglia,CALCB,GPR84,-0.0
Endothelial,Microglia,CALCB,RAMP1,-0.0
Endothelial,Microglia,CALCB,RAMP2,-0.0
Endothelial,Microglia,CAMP,FPR2,-0.0
Endothelial,Microglia,CAMP,IGF1R,-0.0
Endothelial,Microglia,IL34,PTPRZ1,-0.0
Endothelial,Microglia,CCL1,ACKR1,-0.0
Endothelial,Microglia,CCL11,ACKR1,-0.0
Endothelial,Microglia,CCL11,CCR3,-0.0
Endothelial,Oligodendrocyte,CAMP,IGF1R,-0.0
Endothelial,Microglia,CCL11,CCR5,-0.0
Endothelial,Oligodendrocyte,CAMP,FPR2,-0.0
Endothelial,Microglia,SAA1,FPR1,-0.0
Endothelial,Oligodendrocyte,CCL7,CCR5,-0.0
Endothelial,Oligodendrocyte,FN1,CD79A,-0.0
Endothelial,Oligodendrocyte,CCL7,CCR3,-0.0
Endothelial,Microglia,PENK,OPRL1,-0.0
Endothelial,Microglia,PF4,ACKR1,-0.0
Endothelial,Microglia,PGLYRP1,TREM1,-0.0
Endothelial,Microglia,PNOC,OPRL1,-0.0
Endothelial,Oligodendrocyte,CALCB,RAMP2,-0.0
Endothelial,Microglia,PPBP,ACKR1,-0.0
Endothelial,Microglia,PPBP,CXCR2,-0.0
Endothelial,Microglia,PPY,NPY5R,-0.0
Endothelial,Microglia,PROK2,PROKR1,-0.0
Endothelial,Microglia,PSAP,GPR37,-0.0
Endothelial,Oligodendrocyte,CCL7,ACKR1,-0.0
Endothelial,Microglia,PTN,PTPRB,-0.0
Endothelial,Microglia,RIMS1,SLC17A7,-0.0
Endothelial,Microglia,RLN3,GPR84,-0.0
Endothelial,Microglia,RLN3,RAMP2,-0.0
Endothelial,Microglia,S100A4,CCR5,-0.0
Endothelial,Microglia,PPBP,CXCR1,-0.0
Endothelial,Microglia,CCL17,ACKR1,-0.0
Endothelial,Microglia,B2M,KLRC2,-0.0
Endothelial,Microglia,CCL2,ACKR1,-0.0
Endothelial,Oligodendrocyte,CCL3,CCR1,-0.0
Endothelial,Oligodendrocyte,CCL3,CCR3,-0.0
Endothelial,Oligodendrocyte,CCL3,CCR5,-0.0
Endothelial,Oligodendrocyte,CCL4,CCR1,-0.0
Endothelial,Oligodendrocyte,CYTL1,CCR2,-0.0
Endothelial,Oligodendrocyte,CCL4,CCR3,-0.0
Endothelial,Oligodendrocyte,CCL4,CCR5,-0.0
Endothelial,Oligodendrocyte,CCL4,GPR152,-0.0
Endothelial,Oligodendrocyte,CCL5,ACKR1,-0.0
Endothelial,Oligodendrocyte,CCL5,CCR1,-0.0
Endothelial,Oligodendrocyte,CCL5,CCR3,-0.0
Endothelial,Oligodendrocyte,CCL28,CCR3,-0.0
Endothelial,Pericyte,HP,ASGR1,-0.0
Endothelial,Pericyte,HP,CD163,-0.0
Endothelial,Microglia,CCL19,CCR7,-0.0
Endothelial,Pericyte,HSPA1A,GRIN2D,-0.0
Endothelial,Oligodendrocyte,CXCL9,ACKR1,-0.0
Endothelial,Oligodendrocyte,CCL24,CCR2,-0.0
Endothelial,Microglia,IL6,MUSK,-0.0
Endothelial,Oligodendrocyte,CCL5,SDC4,-0.0
Endothelial,Oligodendrocyte,CCL11,CCR5,-0.0
Endothelial,Microglia,CCL2,CCR2,-0.0
Endothelial,Microglia,CCL2,CCR3,-0.0
Endothelial,Microglia,CCL24,CCR2,-0.0
Endothelial,Microglia,CCL24,CCR3,-0.0
Endothelial,Microglia,B2M,KLRC1,-0.0
Endothelial,Microglia,CCL3,CCR3,-0.0
Endothelial,Microglia,IL6,F3,-0.0
Endothelial,Oligodendrocyte,CCL24,CCR3,-0.0
Endothelial,Oligodendrocyte,CCL11,CCR3,-0.0
Endothelial,Oligodendrocyte,CCL2,CCR5,-0.0
Endothelial,Oligodendrocyte,CXCL9,CCR3,-0.0
Endothelial,Oligodendrocyte,LGALS3,LAG3,-0.0
Endothelial,Oligodendrocyte,CCL17,ACKR1,-0.0
Endothelial,Oligodendrocyte,CCL19,CCR7,-0.0
Endothelial,Oligodendrocyte,CCL2,ACKR1,-0.0
Endothelial,Oligodendrocyte,CCL2,CCR1,-0.0
Endothelial,Oligodendrocyte,EDN1,EDNRB,-0.0
Endothelial,Oligodendrocyte,CCL2,CCR2,-0.0
Endothelial,Oligodendrocyte,CCL2,CCR3,-0.0
Microglia,Astrocyte,APOE,TREM2,-0.0001451930139318954
Endothelial,Endothelial,BSG,SLC16A1,-0.00019106400342644176
Microglia,Astrocyte,APOE,LSR,-0.0006535393961052769
Astrocyte,Astrocyte,S100A8,CD68,-0.000709891811521392
Microglia,Microglia,S100A8,CD68,-0.0007274152570480308
Oligodendrocyte,Endothelial,APOE,LSR,-0.0007732075328271363
Astrocyte,Astrocyte,PSAP,GPR37L1,-0.0008756356937282619
Astrocyte,Oligodendrocyte,APOE,TREM2,-0.000886133339411109
Astrocyte,Endothelial,APOE,TREM2,-0.0009138397835541897
Oligodendrocyte,Microglia,APOE,TREM2,-0.001056945907137865
Astrocyte,Microglia,S100A8,CD68,-0.0011167250340089032
Microglia,Endothelial,APOE,TREM2,-0.0012274028928557206
Astrocyte,Pericyte,APOE,TREM2,-0.0013548280449646737
Microglia,Microglia,APP,CD74,-0.001403076230957992
Astrocyte,Astrocyte,APOE,LSR,-0.0014713278631536663
Microglia,Astrocyte,PSAP,GPR37L1,-0.0015144978726260062
Endothelial,Microglia,SPARC,ENG,-0.0015550476759449705
Microglia,Oligodendrocyte,APOE,TREM2,-0.0016056301174206273
Pericyte,Pericyte,MFGE8,PDGFRB,-0.001742913497808616
Astrocyte,Oligodendrocyte,PSAP,GPR37,-0.0018327011435549032
Microglia,Pericyte,APOE,LSR,-0.001856497113968009
Astrocyte,Endothelial,S100A8,CD68,-0.0020778903539836486
Astrocyte,Microglia,S100A9,CD68,-0.0021409740488144177
Pericyte,Microglia,APP,CD74,-0.0021623177717832037
Endothelial,Oligodendrocyte,BSG,SLC16A1,-0.002353103590373424
Microglia,Pericyte,APOE,TREM2,-0.002470611012706
Astrocyte,Pericyte,APOE,LSR,-0.00256345810696879
Astrocyte,Oligodendrocyte,S100A8,CD68,-0.0025808279860328985
Pericyte,Microglia,APOE,TREM2,-0.0025817764926543713
Astrocyte,Microglia,APP,CD74,-0.0028050718330133034
Pericyte,Oligodendrocyte,COL3A1,MAG,-0.003000991907103427
Endothelial,Microglia,APOE,TREM2,-0.0030691137599262244
Astrocyte,Microglia,LGALS3,ENG,-0.003628691516544588
Oligodendrocyte,Astrocyte,APOE,TREM2,-0.0039661347355758065
Microglia,Oligodendrocyte,PSAP,GPR37,-0.004279665296036908
Pericyte,Oligodendrocyte,SPARC,ENG,-0.0043057377000694855
Astrocyte,Astrocyte,LGALS3,ENG,-0.004530053106791027
Astrocyte,Pericyte,S100A8,CD68,-0.005595222669232422
Oligodendrocyte,Endothelial,APP,CD74,-0.0057056928075513505
Pericyte,Astrocyte,SPARC,ENG,-0.005955962576824701
Astrocyte,Endothelial,BSG,SLC16A1,-0.006516060884223152
Astrocyte,Astrocyte,S100A9,CD68,-0.006520910349044435
Pericyte,Endothelial,APOE,LSR,-0.0069017854909292735
Astrocyte,Oligodendrocyte,S100A9,CD68,-0.007867163958826452
Pericyte,Astrocyte,APOE,TREM2,-0.008115670147313715
Endothelial,Astrocyte,BSG,SLC16A1,-0.008242398017822675
Pericyte,Microglia,SPARC,ENG,-0.009738647623783347
Endothelial,Endothelial,APOE,LSR,-0.00981485295046569
Pericyte,Endothelial,BSG,SLC16A1,-0.010192344450675737
Astrocyte,Endothelial,S100A9,CD68,-0.01065854067357589
Endothelial,Astrocyte,APOE,TREM2,-0.012612794269216951
Oligodendrocyte,Endothelial,BSG,SLC16A1,-0.013229558802249183
Pericyte,Astrocyte,PTN,SDC4,-0.013573648678215637
Microglia,Endothelial,BSG,SLC16A1,-0.013781864302733898
Astrocyte,Pericyte,S100A9,CD68,-0.01415139743142806
Oligodendrocyte,Oligodendrocyte,APP,CD74,-0.01435126943181864
Microglia,Endothelial,SELPLG,ESAM,-0.01517829553075599
Oligodendrocyte,Oligodendrocyte,APOE,LSR,-0.01533967826558974
Pericyte,Pericyte,PTN,SDC4,-0.015390892092948076
Oligodendrocyte,Oligodendrocyte,APOE,TREM2,-0.016327799085389293
Oligodendrocyte,Astrocyte,APOE,LSR,-0.016377617541456772
Oligodendrocyte,Endothelial,APOE,TREM2,-0.016474864739909223
Oligodendrocyte,Pericyte,APOE,TREM2,-0.0174057665744202
Pericyte,Endothelial,PTN,PTPRB,-0.02075855320087143
Endothelial,Microglia,S100A8,CD68,-0.021982285836759707
Astrocyte,Endothelial,SELPLG,ESAM,-0.022048142817465005
Pericyte,Oligodendrocyte,APOE,TREM2,-0.022146891402875644
Oligodendrocyte,Pericyte,APOE,LSR,-0.022441878944012027
Pericyte,Microglia,S100A8,CD68,-0.023003406885013414
Astrocyte,Oligodendrocyte,BSG,SLC16A1,-0.023056803751171463
Pericyte,Astrocyte,PTN,PTPRZ1,-0.02480048557348309
Microglia,Microglia,S100A9,CD68,-0.025533400305715062
Oligodendrocyte,Endothelial,SPARC,ENG,-0.026301945907087988
Endothelial,Oligodendrocyte,APOE,TREM2,-0.026358849428101766
Pericyte,Astrocyte,PSAP,GPR37L1,-0.02795641291727978
Pericyte,Endothelial,APOE,TREM2,-0.029353916318623958
Endothelial,Astrocyte,PSAP,GPR37L1,-0.03011463499497631
Microglia,Endothelial,SPARC,ENG,-0.030355983475364036
Oligodendrocyte,Astrocyte,S100A8,CD68,-0.03049823352895406
Pericyte,Oligodendrocyte,BSG,SLC16A1,-0.030815742400628898
Endothelial,Endothelial,APOE,TREM2,-0.03240778502909708
Endothelial,Endothelial,ADM,RAMP2,-0.032956878754245
Oligodendrocyte,Pericyte,SPARC,ENG,-0.0335778711514339
Astrocyte,Endothelial,SPARC,ENG,-0.03413394273207611
Microglia,Oligodendrocyte,BSG,SLC16A1,-0.03489169566124438
Pericyte,Pericyte,APOE,TREM2,-0.03506117368578425
Oligodendrocyte,Oligodendrocyte,BSG,SLC16A1,-0.035163066105419395
Pericyte,Oligodendrocyte,APOE,LSR,-0.03663493416510312
Endothelial,Pericyte,APOE,TREM2,-0.03787053250325695
Pericyte,Astrocyte,APOE,LSR,-0.0385552929647479
Endothelial,Oligodendrocyte,APOE,LSR,-0.040070076138078684
Pericyte,Oligodendrocyte,PSAP,GPR37,-0.04136407542606148
Endothelial,Astrocyte,APOE,LSR,-0.04158095686273152
Endothelial,Oligodendrocyte,PSAP,GPR37,-0.042862038408973326
Astrocyte,Astrocyte,PTN,SDC4,-0.04351915014051779
Endothelial,Endothelial,APP,CD74,-0.044735024473310264
Endothelial,Pericyte,APP,CD74,-0.04625880725287276
Endothelial,Oligodendrocyte,APP,CD74,-0.04640570911733273
Microglia,Pericyte,SPARC,ENG,-0.04658648138924114
Endothelial,Endothelial,SELPLG,ESAM,-0.047430103744305584
Endothelial,Microglia,S100A9,CD68,-0.04767101513050913
Oligodendrocyte,Astrocyte,S100A9,CD68,-0.0482737924807522
Astrocyte,Astrocyte,BSG,SLC16A1,-0.049544795297007053
Pericyte,Pericyte,APOE,LSR,-0.051080658219965054
Microglia,Pericyte,SELPLG,ESAM,-0.05158262611050257
Oligodendrocyte,Endothelial,SELPLG,ESAM,-0.052738514981329726
Oligodendrocyte,Astrocyte,PTN,SDC4,-0.05305297535271004
Oligodendrocyte,Pericyte,PTN,SDC4,-0.053288744379774294
Astrocyte,Pericyte,MFGE8,PDGFRB,-0.053734327146221214
Astrocyte,Pericyte,PTN,SDC4,-0.05384448701655944
Pericyte,Microglia,S100A9,CD68,-0.054277842214578334
Astrocyte,Endothelial,PTN,PTPRB,-0.05479293649636258
Endothelial,Pericyte,APOE,LSR,-0.0558234673883775
Astrocyte,Pericyte,SPARC,ENG,-0.05591442690659052
Oligodendrocyte,Endothelial,PTN,PTPRB,-0.059403936592573994
Astrocyte,Pericyte,SELPLG,ESAM,-0.059429744988499206
Microglia,Oligodendrocyte,SPARC,ENG,-0.05972680688053996
Microglia,Astrocyte,SELPLG,ESAM,-0.060243389560590166
Astrocyte,Astrocyte,PTN,PTPRZ1,-0.06328688426380025
Microglia,Oligodendrocyte,SELPLG,ESAM,-0.06481625039682232
Oligodendrocyte,Oligodendrocyte,SPARC,ENG,-0.0660927266372946
Oligodendrocyte,Astrocyte,PTN,PTPRZ1,-0.06641279035672393
Endothelial,Endothelial,EDN1,ADGRL4,-0.06775122787433598
Pericyte,Astrocyte,BSG,SLC16A1,-0.0727979082770143
Astrocyte,Oligodendrocyte,APP,CD74,-0.07310975284194843
Endothelial,Astrocyte,PTN,SDC4,-0.07340214584176254
Endothelial,Astrocyte,ANGPTL4,SDC4,-0.07360469129437022
Pericyte,Endothelial,SELPLG,ESAM,-0.07604830859311294
Microglia,Microglia,SPARC,ENG,-0.0763229286155859
Microglia,Endothelial,APP,CD74,-0.07761336144144582
Microglia,Astrocyte,BSG,SLC16A1,-0.07798595605496203
Oligodendrocyte,Astrocyte,BSG,SLC16A1,-0.07805010344142659
Microglia,Astrocyte,SPARC,ENG,-0.07858218221659019
Pericyte,Pericyte,PTN,PTPRB,-0.07881049437742335
Microglia,Microglia,SELPLG,ESAM,-0.08086928670870022
Pericyte,Oligodendrocyte,PTN,PTPRB,-0.08099946161911284
Microglia,Oligodendrocyte,APP,CD74,-0.08149612583327506
Astrocyte,Endothelial,APP,CD74,-0.08219836876627197
Endothelial,Astrocyte,CXCL12,SDC4,-0.08344839363197806
Astrocyte,Oligodendrocyte,SPARC,ENG,-0.08655956220743195
Microglia,Astrocyte,S100A8,CD68,-0.08671783679122896
Oligodendrocyte,Microglia,SPARC,ENG,-0.0910191378503511
Endothelial,Microglia,VWF,SIRPA,-0.09124719366124025
Pericyte,Oligodendrocyte,APP,CD74,-0.09303621244710683
Oligodendrocyte,Astrocyte,SPARC,ENG,-0.09403367889295738
Endothelial,Pericyte,PTN,SDC4,-0.09532164529918599
Pericyte,Endothelial,APP,CD74,-0.10193723013920566
Endothelial,Endothelial,PTN,PTPRB,-0.10208938715208654
Astrocyte,Pericyte,APP,CD74,-0.10291908719430501
Endothelial,Pericyte,CXCL12,SDC4,-0.10413023915667449
Endothelial,Pericyte,ANGPTL4,SDC4,-0.1060764318862793
Microglia,Pericyte,APP,CD74,-0.1079286670578384
Astrocyte,Microglia,SPARC,ENG,-0.11161261850916473
Pericyte,Astrocyte,PTN,PTPRB,-0.11339140795966361
Endothelial,Pericyte,MFGE8,PDGFRB,-0.11718409695775109
Endothelial,Pericyte,SELPLG,ESAM,-0.11863490529438045
Pericyte,Astrocyte,S100A8,CD68,-0.11890781730430583
Astrocyte,Astrocyte,SPARC,ENG,-0.11926173344035668
Endothelial,Astrocyte,S100A8,CD68,-0.12673169598970524
Oligodendrocyte,Pericyte,SELPLG,ESAM,-0.12704951621881688
Microglia,Astrocyte,S100A9,CD68,-0.12842127045563517
Astrocyte,Microglia,S100A4,CCR5,-0.13054907313405664
Oligodendrocyte,Pericyte,MFGE8,PDGFRB,-0.1326391007198212
Endothelial,Astrocyte,PTN,PTPRZ1,-0.13377952034325347
Pericyte,Pericyte,APP,CD74,-0.13500180192909805
Oligodendrocyte,Pericyte,PTN,PTPRB,-0.1391460321252133
Microglia,Pericyte,MFGE8,PDGFRB,-0.14333820245574094
Pericyte,Astrocyte,CXCL12,SDC4,-0.14627076229475625
Pericyte,Pericyte,SELPLG,ESAM,-0.14859506950884774
Oligodendrocyte,Oligodendrocyte,PTN,PTPRB,-0.15020465070069872
Oligodendrocyte,Oligodendrocyte,S100A8,CD68,-0.15411653483470172
Microglia,Astrocyte,PTN,SDC4,-0.15465028786212584
Astrocyte,Pericyte,PTN,PTPRB,-0.15827104911471723
Oligodendrocyte,Astrocyte,CXCL12,SDC4,-0.16091144348383102
Oligodendrocyte,Endothelial,S100A8,CD68,-0.1620002287131549
Astrocyte,Oligodendrocyte,PTN,PTPRB,-0.16794903644356207
Endothelial,Astrocyte,S100A9,CD68,-0.1769387000697584
Oligodendrocyte,Pericyte,S100A8,CD68,-0.17783373303799566
Oligodendrocyte,Astrocyte,PTN,PTPRB,-0.18029261473673025
Pericyte,Astrocyte,S100A9,CD68,-0.1814147860748138
Microglia,Pericyte,PTN,SDC4,-0.18568856866313427
Pericyte,Astrocyte,IL34,PTPRZ1,-0.18613039835393658
Astrocyte,Oligodendrocyte,SELPLG,ESAM,-0.1914615389165953
Oligodendrocyte,Pericyte,CXCL12,SDC4,-0.19416500521537022
Pericyte,Pericyte,CXCL12,SDC4,-0.19423724703933098
Astrocyte,Astrocyte,PTN,PTPRB,-0.19559548880241315
Oligodendrocyte,Oligodendrocyte,S100A9,CD68,-0.19724162052680327
Endothelial,Astrocyte,VWF,SIRPA,-0.19734101727089046
Endothelial,Astrocyte,ADM,RAMP1,-0.19970206920278513
Oligodendrocyte,Endothelial,S100A9,CD68,-0.2059682244807018
Astrocyte,Astrocyte,SELPLG,ESAM,-0.20637418127719614
Microglia,Endothelial,PTN,PTPRB,-0.21272908093283555
Endothelial,Pericyte,ADM,RAMP2,-0.21768718694890388
Astrocyte,Microglia,SELPLG,ESAM,-0.21911846483348116
Endothelial,Oligodendrocyte,ADM,RAMP2,-0.22189497966573354
Oligodendrocyte,Pericyte,S100A9,CD68,-0.22311318516935202
Endothelial,Astrocyte,ADM,RAMP2,-0.22526912769752275
Microglia,Oligodendrocyte,S100A8,CD68,-0.22528070803239236
Endothelial,Pericyte,EDN1,ADGRL4,-0.2273820859262038
Astrocyte,Astrocyte,CXCL12,SDC4,-0.22913136153550762
Endothelial,Oligodendrocyte,EDN1,ADGRL4,-0.2299896893857904
Endothelial,Pericyte,PTN,PTPRB,-0.23104541804500595
Endothelial,Oligodendrocyte,PTN,PTPRB,-0.23440366430911613
Endothelial,Astrocyte,EDN1,EDNRB,-0.2347297855527371
Astrocyte,Pericyte,CXCL12,SDC4,-0.24904646108177372
Endothelial,Pericyte,ADM,RAMP1,-0.2499810855141007
Endothelial,Astrocyte,EDN1,ADGRL4,-0.25228219516257944
Endothelial,Microglia,ADM,RAMP2,-0.2532946685757852
Pericyte,Oligodendrocyte,S100A8,CD68,-0.25462623966721987
Endothelial,Oligodendrocyte,SELPLG,ESAM,-0.2548683371405725
Endothelial,Oligodendrocyte,S100A8,CD68,-0.2556056463454144
Microglia,Oligodendrocyte,S100A9,CD68,-0.25879914948668903
Microglia,Endothelial,S100A8,CD68,-0.2593693430742391
Microglia,Astrocyte,PTN,PTPRZ1,-0.2614735051843368
Microglia,Astrocyte,CXCL12,SDC4,-0.26467939096284393
Oligodendrocyte,Oligodendrocyte,SELPLG,ESAM,-0.26693200536783324
Endothelial,Oligodendrocyte,VWF,SIRPA,-0.26903688249030966
Microglia,Pericyte,S100A8,CD68,-0.2712505939053462
Microglia,Endothelial,S100A9,CD68,-0.2712558765614729
Endothelial,Astrocyte,PTN,PTPRB,-0.2713176499460399
Pericyte,Oligodendrocyte,SELPLG,ESAM,-0.2714594204535556
Pericyte,Endothelial,S100A8,CD68,-0.27828878540987273
Endothelial,Endothelial,S100A8,CD68,-0.27890566467104616
Endothelial,Oligodendrocyte,S100A9,CD68,-0.28067126975746776
Microglia,Pericyte,CXCL12,SDC4,-0.28095221202084975
Pericyte,Oligodendrocyte,S100A9,CD68,-0.28264428384899143
Endothelial,Astrocyte,SELPLG,ESAM,-0.2837030868627083
Microglia,Pericyte,S100A9,CD68,-0.28936044585401416
Pericyte,Pericyte,S100A8,CD68,-0.29476725002102144
Endothelial,Pericyte,S100A8,CD68,-0.2954567629789364
Endothelial,Endothelial,S100A9,CD68,-0.30173401092847074
Oligodendrocyte,Astrocyte,SELPLG,ESAM,-0.3020028077860776
Pericyte,Endothelial,S100A9,CD68,-0.30224991110625055
Pericyte,Astrocyte,SELPLG,ESAM,-0.3056730556211687
Endothelial,Microglia,SELPLG,ESAM,-0.3087721934396402
Pericyte,Pericyte,S100A9,CD68,-0.31623295701592696
Oligodendrocyte,Microglia,SELPLG,ESAM,-0.32126122618091413
Pericyte,Microglia,SELPLG,ESAM,-0.3269719401303481
Microglia,Oligodendrocyte,PTN,PTPRB,-0.34344971892061776
Microglia,Pericyte,PTN,PTPRB,-0.3446179896803349
Microglia,Astrocyte,PTN,PTPRB,-0.34579697751733085
Microglia,Astrocyte,MFGE8,PDGFRB,-0.8303227430673099
Oligodendrocyte,Astrocyte,MFGE8,PDGFRB,-0.8494880191770623
Endothelial,Astrocyte,MFGE8,PDGFRB,-0.8525831773640872
Endothelial,Microglia,ADM,RAMP1,-0.8536085339257447
Astrocyte,Astrocyte,MFGE8,PDGFRB,-0.9188034213874143
Pericyte,Astrocyte,MFGE8,PDGFRB,-0.9358921650231614
