compound,gene,target_chembl_id,molecule_chembl_id,standard_type,standard_value,standard_units,pchembl_value,source
Aloe emodin,ADP-GLUCOSE RECEPTOR,CHEMBL2001,CHEMBL40275,Ki,10000.0,nM,,ChEMBL
Aloe emodin,ADPG-R,CHEMBL2001,CHEMBL40275,Ki,10000.0,nM,,ChEMBL
Aloe emodin,ALDEHYDE,CHEMBL5354,CHEMBL40275,IC50,6000.0,nM,5.22,ChEMBL
Aloe emodin,ALDEHYDE DEHYDROGENASE FAMILY 1 MEMBER A7,CHEMBL5354,CHEMBL40275,IC50,6000.0,nM,5.22,ChEMBL
Aloe emodin,ALDEHYDE DEHYDROGENASE PHENOBARBITAL-INDUCIBLE,CHEMBL5354,CHEMBL40275,IC50,6000.0,nM,5.22,ChEMBL
Aloe emodin,"ALDEHYDE DEHYDROGENASE, CYTOSOLIC 1",CHEMBL5354,CHEMBL40275,IC50,6000.0,nM,5.22,ChEMBL
Aloe emodin,ALDH CLASS 1,CHEMBL5354,CHEMBL40275,IC50,6000.0,nM,5.22,ChEMBL
Aloe emodin,ALDH-E1,CHEMBL5354,CHEMBL40275,IC50,6000.0,nM,5.22,ChEMBL
Aloe emodin,ALDH1A7,CHEMBL5354,CHEMBL40275,IC50,6000.0,nM,5.22,ChEMBL
Aloe emodin,ALHDII,CHEMBL5354,CHEMBL40275,IC50,6000.0,nM,5.22,ChEMBL
Aloe emodin,ALKALINE,CHEMBL3151,CHEMBL40275,IC50,2880.0,nM,5.54,ChEMBL
Aloe emodin,ALKALINE PHOSPHATASE 3,CHEMBL3151,CHEMBL40275,IC50,2880.0,nM,5.54,ChEMBL
Aloe emodin,ALL-1,CHEMBL2093861,CHEMBL40275,Potency,7079.5,nM,5.15,ChEMBL
Aloe emodin,AMINE,CHEMBL1951,CHEMBL40275,IC50,1770.0,nM,5.75,ChEMBL
Aloe emodin,AMINE OXIDASE [FLAVIN-CONTAINING] A,CHEMBL1951,CHEMBL40275,IC50,1770.0,nM,5.75,ChEMBL
Aloe emodin,B16-F10,CHEMBL612656,CHEMBL40275,IC50,3120.0,nM,5.51,ChEMBL
Aloe emodin,C-TERMINAL CLEAVAGE PRODUCT OF 180 KDA,CHEMBL2093861,CHEMBL40275,Potency,7079.5,nM,5.15,ChEMBL
Aloe emodin,CXXC-TYPE ZINC FINGER PROTEIN 7,CHEMBL2093861,CHEMBL40275,Potency,7079.5,nM,5.15,ChEMBL
Aloe emodin,CYSTEINE METHYLTRANSFERASE KMT2A,CHEMBL2093861,CHEMBL40275,Potency,7079.5,nM,5.15,ChEMBL
Aloe emodin,CYTOSOLIC,CHEMBL5354,CHEMBL40275,IC50,6000.0,nM,5.22,ChEMBL
Aloe emodin,DEHYDROGENASE,CHEMBL5354,CHEMBL40275,IC50,6000.0,nM,5.22,ChEMBL
Aloe emodin,DELTA,CHEMBL3979,CHEMBL40275,Potency,398.1,nM,,ChEMBL
Aloe emodin,ER-ALPHA,CHEMBL206,CHEMBL40275,Potency,3981.1,nM,,ChEMBL
Aloe emodin,ESR1,CHEMBL206,CHEMBL40275,Potency,3981.1,nM,,ChEMBL
Aloe emodin,ESTRADIOL RECEPTOR,CHEMBL206,CHEMBL40275,Potency,3981.1,nM,,ChEMBL
Aloe emodin,ESTROGEN,CHEMBL206,CHEMBL40275,Potency,3981.1,nM,,ChEMBL
Aloe emodin,ESTROGEN RECEPTOR,CHEMBL206,CHEMBL40275,Potency,3981.1,nM,,ChEMBL
Aloe emodin,HCT-116,CHEMBL394,CHEMBL40275,IC50,8700.0,nM,5.06,ChEMBL
Aloe emodin,HEK293,CHEMBL614818,CHEMBL40275,IC50,1000.0,nM,6.0,ChEMBL
Aloe emodin,HEPG2,CHEMBL395,CHEMBL40275,IC50,10000.0,nM,5.0,ChEMBL
Aloe emodin,HISTONE-LYSINE N-METHYLTRANSFERASE 2A,CHEMBL2093861,CHEMBL40275,Potency,7079.5,nM,5.15,ChEMBL
Aloe emodin,IAP,CHEMBL3151,CHEMBL40275,IC50,2880.0,nM,5.54,ChEMBL
Aloe emodin,INTESTINAL ALKALINE PHOSPHATASE,CHEMBL3151,CHEMBL40275,IC50,2880.0,nM,5.54,ChEMBL
Aloe emodin,INTESTINAL-TYPE ALKALINE PHOSPHATASE,CHEMBL3151,CHEMBL40275,IC50,2880.0,nM,5.54,ChEMBL
Aloe emodin,KMT2A,CHEMBL2093861,CHEMBL40275,Potency,7079.5,nM,5.15,ChEMBL
Aloe emodin,LYSINE N-METHYLTRANSFERASE 2A,CHEMBL2093861,CHEMBL40275,Potency,7079.5,nM,5.15,ChEMBL
Aloe emodin,MAO-A,CHEMBL1951,CHEMBL40275,IC50,1770.0,nM,5.75,ChEMBL
Aloe emodin,MAOA,CHEMBL1951,CHEMBL40275,IC50,1770.0,nM,5.75,ChEMBL
Aloe emodin,MCF7,CHEMBL387,CHEMBL40275,IC50,4140.0,nM,5.38,ChEMBL
Aloe emodin,MEN1,CHEMBL2093861,CHEMBL40275,Potency,7079.5,nM,5.15,ChEMBL
Aloe emodin,MENIN,CHEMBL2093861,CHEMBL40275,Potency,7079.5,nM,5.15,ChEMBL
Aloe emodin,MLL CLEAVAGE PRODUCT C180,CHEMBL2093861,CHEMBL40275,Potency,7079.5,nM,5.15,ChEMBL
Aloe emodin,MLL CLEAVAGE PRODUCT N320,CHEMBL2093861,CHEMBL40275,Potency,7079.5,nM,5.15,ChEMBL
Aloe emodin,MONOAMINE OXIDASE TYPE A,CHEMBL1951,CHEMBL40275,IC50,1770.0,nM,5.75,ChEMBL
Aloe emodin,MUS MUSCULUS,CHEMBL375,CHEMBL40275,IC50,10000.0,nM,,ChEMBL
Aloe emodin,MYELOID/LYMPHOID OR MIXED-LINEAGE LEUKEMIA,CHEMBL2093861,CHEMBL40275,Potency,7079.5,nM,5.15,ChEMBL
Aloe emodin,MYELOID/LYMPHOID OR MIXED-LINEAGE LEUKEMIA PROTEIN 1,CHEMBL2093861,CHEMBL40275,Potency,7079.5,nM,5.15,ChEMBL
Aloe emodin,N-TERMINAL CLEAVAGE PRODUCT OF 320 KDA,CHEMBL2093861,CHEMBL40275,Potency,7079.5,nM,5.15,ChEMBL
Aloe emodin,NON-PROTEIN TARGET,CHEMBL3879801,CHEMBL40275,Potency,6.0,nM,,ChEMBL
Aloe emodin,NUC1,CHEMBL3979,CHEMBL40275,Potency,398.1,nM,,ChEMBL
Aloe emodin,NUCI,CHEMBL3979,CHEMBL40275,Potency,398.1,nM,,ChEMBL
Aloe emodin,NUCLEAR HORMONE RECEPTOR 1,CHEMBL3979,CHEMBL40275,Potency,398.1,nM,,ChEMBL
Aloe emodin,NUCLEAR RECEPTOR SUBFAMILY 1 GROUP C MEMBER 2,CHEMBL3979,CHEMBL40275,Potency,398.1,nM,,ChEMBL
Aloe emodin,NUCLEAR RECEPTOR SUBFAMILY 3 GROUP A MEMBER 1,CHEMBL206,CHEMBL40275,Potency,3981.1,nM,,ChEMBL
Aloe emodin,OXIDASE,CHEMBL1951,CHEMBL40275,IC50,1770.0,nM,5.75,ChEMBL
Aloe emodin,P180,CHEMBL2093861,CHEMBL40275,Potency,7079.5,nM,5.15,ChEMBL
Aloe emodin,P2RY12,CHEMBL2001,CHEMBL40275,Ki,10000.0,nM,,ChEMBL
Aloe emodin,P2T(AC),CHEMBL2001,CHEMBL40275,Ki,10000.0,nM,,ChEMBL
Aloe emodin,P2Y PURINOCEPTOR 12,CHEMBL2001,CHEMBL40275,Ki,10000.0,nM,,ChEMBL
Aloe emodin,P2Y(AC),CHEMBL2001,CHEMBL40275,Ki,10000.0,nM,,ChEMBL
Aloe emodin,P2Y(ADP),CHEMBL2001,CHEMBL40275,Ki,10000.0,nM,,ChEMBL
Aloe emodin,P2Y(CYC),CHEMBL2001,CHEMBL40275,Ki,10000.0,nM,,ChEMBL
Aloe emodin,P2Y12,CHEMBL2001,CHEMBL40275,Ki,10000.0,nM,,ChEMBL
Aloe emodin,P2Y12 PLATELET ADP RECEPTOR,CHEMBL2001,CHEMBL40275,Ki,10000.0,nM,,ChEMBL
Aloe emodin,P320,CHEMBL2093861,CHEMBL40275,Potency,7079.5,nM,5.15,ChEMBL
Aloe emodin,PEROXISOME,CHEMBL3979,CHEMBL40275,Potency,398.1,nM,,ChEMBL
Aloe emodin,PEROXISOME PROLIFERATOR-ACTIVATED RECEPTOR BETA,CHEMBL3979,CHEMBL40275,Potency,398.1,nM,,ChEMBL
Aloe emodin,PEROXISOME PROLIFERATOR-ACTIVATED RECEPTOR DELTA,CHEMBL3979,CHEMBL40275,Potency,398.1,nM,,ChEMBL
Aloe emodin,PHOSPHATASE,CHEMBL3151,CHEMBL40275,IC50,2880.0,nM,5.54,ChEMBL
Aloe emodin,PPAR-BETA,CHEMBL3979,CHEMBL40275,Potency,398.1,nM,,ChEMBL
Aloe emodin,PPAR-DELTA,CHEMBL3979,CHEMBL40275,Potency,398.1,nM,,ChEMBL
Aloe emodin,PPARD,CHEMBL3979,CHEMBL40275,Potency,398.1,nM,,ChEMBL
Aloe emodin,PURINOCEPTOR,CHEMBL2001,CHEMBL40275,Ki,10000.0,nM,,ChEMBL
Aloe emodin,RECEPTOR,CHEMBL206,CHEMBL40275,Potency,3981.1,nM,,ChEMBL
Aloe emodin,SP1999,CHEMBL2001,CHEMBL40275,Ki,10000.0,nM,,ChEMBL
Aloe emodin,TRITHORAX-LIKE PROTEIN,CHEMBL2093861,CHEMBL40275,Potency,7079.5,nM,5.15,ChEMBL
Aloe emodin,UNCHECKED,CHEMBL612545,CHEMBL40275,IC50,4560.0,nM,5.34,ChEMBL
Aloe emodin,ZINC FINGER PROTEIN HRX,CHEMBL2093861,CHEMBL40275,Potency,7079.5,nM,5.15,ChEMBL
Alpha-lipoic acid,5'-DEOXYRIBOSE-PHOSPHATE LYASE,CHEMBL2392,CHEMBL33864,Potency,1122.0,nM,5.95,ChEMBL
Alpha-lipoic acid,5'-DRP LYASE,CHEMBL2392,CHEMBL33864,Potency,1122.0,nM,5.95,ChEMBL
Alpha-lipoic acid,70 KDA LAMIN,CHEMBL1293235,CHEMBL33864,Potency,354.8,nM,6.45,ChEMBL
Alpha-lipoic acid,ACETYLCHOLINESTERASE,CHEMBL220,CHEMBL33864,IC50,1.0,nM,9.0,ChEMBL
Alpha-lipoic acid,ACHE,CHEMBL220,CHEMBL33864,IC50,1.0,nM,9.0,ChEMBL
Alpha-lipoic acid,ACID,CHEMBL2061,CHEMBL33864,Potency,1995.3,nM,,ChEMBL
Alpha-lipoic acid,ACUTE MYELOID LEUKEMIA 1 PROTEIN,CHEMBL2093862,CHEMBL33864,Potency,1000.0,nM,,ChEMBL
Alpha-lipoic acid,ADJACENT,CHEMBL1741220,CHEMBL33864,Potency,1000.0,nM,,ChEMBL
Alpha-lipoic acid,ADRA1A,CHEMBL319,CHEMBL33864,Kd,10000.0,nM,,ChEMBL
Alpha-lipoic acid,ADRA1B,CHEMBL315,CHEMBL33864,Kd,10000.0,nM,,ChEMBL
Alpha-lipoic acid,ADRA1D,CHEMBL326,CHEMBL33864,Kd,10000.0,nM,,ChEMBL
Alpha-lipoic acid,ADRENERGIC,CHEMBL319,CHEMBL33864,Kd,10000.0,nM,,ChEMBL
Alpha-lipoic acid,ALPHA-1A ADRENERGIC RECEPTOR,CHEMBL319,CHEMBL33864,Kd,10000.0,nM,,ChEMBL
Alpha-lipoic acid,ALPHA-1A ADRENOCEPTOR,CHEMBL319,CHEMBL33864,Kd,10000.0,nM,,ChEMBL
Alpha-lipoic acid,ALPHA-1A ADRENORECEPTOR,CHEMBL319,CHEMBL33864,Kd,10000.0,nM,,ChEMBL
Alpha-lipoic acid,ALPHA-1B ADRENERGIC RECEPTOR,CHEMBL315,CHEMBL33864,Kd,10000.0,nM,,ChEMBL
Alpha-lipoic acid,ALPHA-1B ADRENOCEPTOR,CHEMBL315,CHEMBL33864,Kd,10000.0,nM,,ChEMBL
Alpha-lipoic acid,ALPHA-1B ADRENORECEPTOR,CHEMBL315,CHEMBL33864,Kd,10000.0,nM,,ChEMBL
Alpha-lipoic acid,ALPHA-1C ADRENERGIC RECEPTOR,CHEMBL319,CHEMBL33864,Kd,10000.0,nM,,ChEMBL
Alpha-lipoic acid,ALPHA-1D ADRENERGIC RECEPTOR,CHEMBL326,CHEMBL33864,Kd,10000.0,nM,,ChEMBL
Alpha-lipoic acid,ALPHA-1D ADRENOCEPTOR,CHEMBL326,CHEMBL33864,Kd,10000.0,nM,,ChEMBL
Alpha-lipoic acid,ALPHA-1D ADRENORECEPTOR,CHEMBL326,CHEMBL33864,Kd,10000.0,nM,,ChEMBL
Alpha-lipoic acid,ANTHRACYCLINE-ASSOCIATED RESISTANCE ARX,CHEMBL2095174,CHEMBL33864,IC50,4740.0,nM,5.32,ChEMBL
Alpha-lipoic acid,AP ENDONUCLEASE 1,CHEMBL5619,CHEMBL33864,Potency,501.2,nM,6.3,ChEMBL
Alpha-lipoic acid,AP LYASE,CHEMBL2392,CHEMBL33864,Potency,1122.0,nM,5.95,ChEMBL
Alpha-lipoic acid,APE-1,CHEMBL5619,CHEMBL33864,Potency,501.2,nM,6.3,ChEMBL
Alpha-lipoic acid,APEN,CHEMBL5619,CHEMBL33864,Potency,501.2,nM,6.3,ChEMBL
Alpha-lipoic acid,APEX NUCLEASE,CHEMBL5619,CHEMBL33864,Potency,501.2,nM,6.3,ChEMBL
Alpha-lipoic acid,APEX1,CHEMBL5619,CHEMBL33864,Potency,501.2,nM,6.3,ChEMBL
Alpha-lipoic acid,APURINIC-APYRIMIDINIC ENDONUCLEASE 1,CHEMBL5619,CHEMBL33864,Potency,501.2,nM,6.3,ChEMBL
Alpha-lipoic acid,ATP-DEPENDENT 6-PHOSPHOFRUCTOKINASE,CHEMBL5686,CHEMBL33864,Potency,477.5,nM,,ChEMBL
Alpha-lipoic acid,ATP-DEPENDENT DNA HELICASE Q1,CHEMBL1293236,CHEMBL33864,Potency,2818.4,nM,5.55,ChEMBL
Alpha-lipoic acid,ATP-PFK,CHEMBL5686,CHEMBL33864,Potency,477.5,nM,,ChEMBL
Alpha-lipoic acid,BAZ2B,CHEMBL1741220,CHEMBL33864,Potency,1000.0,nM,,ChEMBL
Alpha-lipoic acid,BETA,CHEMBL1947,CHEMBL33864,Potency,891.3,nM,6.05,ChEMBL
Alpha-lipoic acid,BIFUNCTIONAL,CHEMBL1293297,CHEMBL33864,IC50,3910.0,nM,5.41,ChEMBL
Alpha-lipoic acid,BIFUNCTIONAL PROTEIN GLMU,CHEMBL1293297,CHEMBL33864,IC50,3910.0,nM,5.41,ChEMBL
Alpha-lipoic acid,BLM,CHEMBL1293237,CHEMBL33864,Potency,7943.3,nM,5.1,ChEMBL
Alpha-lipoic acid,BLOOM SYNDROME PROTEIN,CHEMBL1293237,CHEMBL33864,Potency,7943.3,nM,5.1,ChEMBL
Alpha-lipoic acid,BRAIN,CHEMBL1287622,CHEMBL33864,Potency,3162.3,nM,5.5,ChEMBL
Alpha-lipoic acid,BROMODOMAIN,CHEMBL1741220,CHEMBL33864,Potency,1000.0,nM,,ChEMBL
Alpha-lipoic acid,BROMODOMAIN ADJACENT TO ZINC FINGER DOMAIN PROTEIN 2B,CHEMBL1741220,CHEMBL33864,Potency,1000.0,nM,,ChEMBL
Alpha-lipoic acid,C-ERBA-2,CHEMBL1947,CHEMBL33864,Potency,891.3,nM,6.05,ChEMBL
Alpha-lipoic acid,C-ERBA-BETA,CHEMBL1947,CHEMBL33864,Potency,891.3,nM,6.05,ChEMBL
Alpha-lipoic acid,CBF-ALPHA-2,CHEMBL2093862,CHEMBL33864,Potency,1000.0,nM,,ChEMBL
Alpha-lipoic acid,CBF-BETA,CHEMBL2093862,CHEMBL33864,Potency,1000.0,nM,,ChEMBL
Alpha-lipoic acid,CBFB,CHEMBL2093862,CHEMBL33864,Potency,1000.0,nM,,ChEMBL
Alpha-lipoic acid,CORE-BINDING FACTOR SUBUNIT ALPHA-2,CHEMBL2093862,CHEMBL33864,Potency,1000.0,nM,,ChEMBL
Alpha-lipoic acid,CORE-BINDING FACTOR SUBUNIT BETA,CHEMBL2093862,CHEMBL33864,Potency,1000.0,nM,,ChEMBL
Alpha-lipoic acid,COX-2,CHEMBL230,CHEMBL33864,IC50,0.0,nM,,ChEMBL
Alpha-lipoic acid,CYCLOOXYGENASE-2,CHEMBL230,CHEMBL33864,IC50,0.0,nM,,ChEMBL
Alpha-lipoic acid,CYTOPLASMIC,CHEMBL6035,CHEMBL33864,Potency,891.3,nM,,ChEMBL
Alpha-lipoic acid,DINB PROTEIN,CHEMBL5365,CHEMBL33864,Potency,6701.6,nM,,ChEMBL
Alpha-lipoic acid,DINP,CHEMBL5365,CHEMBL33864,Potency,6701.6,nM,,ChEMBL
Alpha-lipoic acid,DNA,CHEMBL5619,CHEMBL33864,Potency,501.2,nM,6.3,ChEMBL
Alpha-lipoic acid,DNA 3'-5' HELICASE BLM,CHEMBL1293237,CHEMBL33864,Potency,7943.3,nM,5.1,ChEMBL
Alpha-lipoic acid,DNA 3'-5' HELICASE Q1,CHEMBL1293236,CHEMBL33864,Potency,2818.4,nM,5.55,ChEMBL
Alpha-lipoic acid,"DNA HELICASE, RECQ-LIKE TYPE 1",CHEMBL1293236,CHEMBL33864,Potency,2818.4,nM,5.55,ChEMBL
Alpha-lipoic acid,"DNA HELICASE, RECQ-LIKE TYPE 2",CHEMBL1293237,CHEMBL33864,Potency,7943.3,nM,5.1,ChEMBL
Alpha-lipoic acid,DNA POLYMERASE BETA,CHEMBL2392,CHEMBL33864,Potency,1122.0,nM,5.95,ChEMBL
Alpha-lipoic acid,DNA POLYMERASE ETA,CHEMBL5542,CHEMBL33864,Potency,251.2,nM,,ChEMBL
Alpha-lipoic acid,DNA POLYMERASE KAPPA,CHEMBL5365,CHEMBL33864,Potency,6701.6,nM,,ChEMBL
Alpha-lipoic acid,DNA REPAIR NUCLEASE/REDOX REGULATOR APEX1,CHEMBL5619,CHEMBL33864,Potency,501.2,nM,6.3,ChEMBL
Alpha-lipoic acid,"DNA REPAIR NUCLEASE/REDOX REGULATOR APEX1, MITOCHONDRIAL",CHEMBL5619,CHEMBL33864,Potency,501.2,nM,6.3,ChEMBL
Alpha-lipoic acid,DNA-(APURINIC OR APYRIMIDINIC SITE) ENDONUCLEASE,CHEMBL5619,CHEMBL33864,Potency,501.2,nM,6.3,ChEMBL
Alpha-lipoic acid,DNA-DEPENDENT ATPASE Q1,CHEMBL1293236,CHEMBL33864,Potency,2818.4,nM,5.55,ChEMBL
Alpha-lipoic acid,DOMAIN,CHEMBL1741220,CHEMBL33864,Potency,1000.0,nM,,ChEMBL
Alpha-lipoic acid,EHMT2,CHEMBL6032,CHEMBL33864,Potency,1778.3,nM,,ChEMBL
Alpha-lipoic acid,ENDODEOXYRIBONUCLEASE IV,CHEMBL1293285,CHEMBL33864,Potency,891.3,nM,6.05,ChEMBL
Alpha-lipoic acid,ENDONUCLEASE,CHEMBL1293285,CHEMBL33864,Potency,891.3,nM,6.05,ChEMBL
Alpha-lipoic acid,ENDONUCLEASE 4,CHEMBL1293285,CHEMBL33864,Potency,891.3,nM,6.05,ChEMBL
Alpha-lipoic acid,ENDONUCLEASE IV,CHEMBL1293285,CHEMBL33864,Potency,891.3,nM,6.05,ChEMBL
Alpha-lipoic acid,ETA,CHEMBL5542,CHEMBL33864,Potency,251.2,nM,,ChEMBL
Alpha-lipoic acid,EUCHROMATIC HISTONE-LYSINE N-METHYLTRANSFERASE 2,CHEMBL6032,CHEMBL33864,Potency,1778.3,nM,,ChEMBL
Alpha-lipoic acid,FINGER,CHEMBL1741220,CHEMBL33864,Potency,1000.0,nM,,ChEMBL
Alpha-lipoic acid,GEMININ,CHEMBL1293278,CHEMBL33864,Potency,163.6,nM,,ChEMBL
Alpha-lipoic acid,GENERAL CONTROL OF AMINO ACID SYNTHESIS PROTEIN 5-LIKE 2,CHEMBL5501,CHEMBL33864,Potency,3162.3,nM,,ChEMBL
Alpha-lipoic acid,GLMU,CHEMBL1293297,CHEMBL33864,IC50,3910.0,nM,5.41,ChEMBL
Alpha-lipoic acid,GLUCOSAMINE-1-PHOSPHATE N-ACETYLTRANSFERASE,CHEMBL1293297,CHEMBL33864,IC50,3910.0,nM,5.41,ChEMBL
Alpha-lipoic acid,GMNN,CHEMBL1293278,CHEMBL33864,Potency,163.6,nM,,ChEMBL
Alpha-lipoic acid,GROUP,CHEMBL3401,CHEMBL33864,EC50,2800.0,nM,5.55,ChEMBL
Alpha-lipoic acid,H-L(3)MBT,CHEMBL1287622,CHEMBL33864,Potency,3162.3,nM,5.5,ChEMBL
Alpha-lipoic acid,H-L(3)MBT PROTEIN,CHEMBL1287622,CHEMBL33864,Potency,3162.3,nM,5.5,ChEMBL
Alpha-lipoic acid,H3-K9-HMTASE 3,CHEMBL6032,CHEMBL33864,Potency,1778.3,nM,,ChEMBL
Alpha-lipoic acid,HEK293,CHEMBL614818,CHEMBL33864,Potency,5802.4,nM,,ChEMBL
Alpha-lipoic acid,HELICASE,CHEMBL1293236,CHEMBL33864,Potency,2818.4,nM,5.55,ChEMBL
Alpha-lipoic acid,HGCN5,CHEMBL5501,CHEMBL33864,Potency,3162.3,nM,,ChEMBL
Alpha-lipoic acid,HISTONE,CHEMBL5501,CHEMBL33864,Potency,3162.3,nM,,ChEMBL
Alpha-lipoic acid,HISTONE ACETYLTRANSFERASE GCN5,CHEMBL5501,CHEMBL33864,Potency,3162.3,nM,,ChEMBL
Alpha-lipoic acid,HISTONE ACETYLTRANSFERASE KAT2A,CHEMBL5501,CHEMBL33864,Potency,3162.3,nM,,ChEMBL
Alpha-lipoic acid,HISTONE GLUTARYLTRANSFERASE KAT2A,CHEMBL5501,CHEMBL33864,Potency,3162.3,nM,,ChEMBL
Alpha-lipoic acid,HISTONE H3-K9 METHYLTRANSFERASE 3,CHEMBL6032,CHEMBL33864,Potency,1778.3,nM,,ChEMBL
Alpha-lipoic acid,HISTONE SUCCINYLTRANSFERASE KAT2A,CHEMBL5501,CHEMBL33864,Potency,3162.3,nM,,ChEMBL
Alpha-lipoic acid,HISTONE-LYSINE N-METHYLTRANSFERASE EHMT2,CHEMBL6032,CHEMBL33864,Potency,1778.3,nM,,ChEMBL
Alpha-lipoic acid,HLA-B-ASSOCIATED TRANSCRIPT 8,CHEMBL6032,CHEMBL33864,Potency,1778.3,nM,,ChEMBL
Alpha-lipoic acid,HORMONE,CHEMBL1947,CHEMBL33864,Potency,891.3,nM,6.05,ChEMBL
Alpha-lipoic acid,HWALP4,CHEMBL1741220,CHEMBL33864,Potency,1000.0,nM,,ChEMBL
Alpha-lipoic acid,KAPPA,CHEMBL5365,CHEMBL33864,Potency,6701.6,nM,,ChEMBL
Alpha-lipoic acid,KAT2A,CHEMBL5501,CHEMBL33864,Potency,3162.3,nM,,ChEMBL
Alpha-lipoic acid,L(3)MBT PROTEIN HOMOLOG,CHEMBL1287622,CHEMBL33864,Potency,3162.3,nM,5.5,ChEMBL
Alpha-lipoic acid,L(3)MBT-LIKE,CHEMBL1287622,CHEMBL33864,Potency,3162.3,nM,5.5,ChEMBL
Alpha-lipoic acid,L3MBTL1,CHEMBL1287622,CHEMBL33864,Potency,3162.3,nM,5.5,ChEMBL
Alpha-lipoic acid,LAMIN-A/C,CHEMBL1293235,CHEMBL33864,Potency,354.8,nM,6.45,ChEMBL
Alpha-lipoic acid,LETHAL,CHEMBL1287622,CHEMBL33864,Potency,3162.3,nM,5.5,ChEMBL
Alpha-lipoic acid,LETHAL(3)MALIGNANT BRAIN TUMOR-LIKE PROTEIN 1,CHEMBL1287622,CHEMBL33864,Potency,3162.3,nM,5.5,ChEMBL
Alpha-lipoic acid,LMNA,CHEMBL1293235,CHEMBL33864,Potency,354.8,nM,6.45,ChEMBL
Alpha-lipoic acid,LYSINE ACETYLTRANSFERASE 2A,CHEMBL5501,CHEMBL33864,Potency,3162.3,nM,,ChEMBL
Alpha-lipoic acid,LYSINE N-METHYLTRANSFERASE 1C,CHEMBL6032,CHEMBL33864,Potency,1778.3,nM,,ChEMBL
Alpha-lipoic acid,MALIGNANT,CHEMBL1287622,CHEMBL33864,Potency,3162.3,nM,5.5,ChEMBL
Alpha-lipoic acid,MEMBER,CHEMBL3401,CHEMBL33864,EC50,2800.0,nM,5.55,ChEMBL
Alpha-lipoic acid,N-ACETYLGLUCOSAMINE-1-PHOSPHATE URIDYLTRANSFERASE,CHEMBL1293297,CHEMBL33864,IC50,3910.0,nM,5.41,ChEMBL
Alpha-lipoic acid,NADPH-DEPENDENT THIOREDOXIN REDUCTASE,CHEMBL6035,CHEMBL33864,Potency,891.3,nM,,ChEMBL
Alpha-lipoic acid,NFO,CHEMBL1293285,CHEMBL33864,Potency,891.3,nM,6.05,ChEMBL
Alpha-lipoic acid,NON-PROTEIN TARGET,CHEMBL3879801,CHEMBL33864,IC50,1950.0,nM,5.71,ChEMBL
Alpha-lipoic acid,NR1I2,CHEMBL3401,CHEMBL33864,EC50,2800.0,nM,5.55,ChEMBL
Alpha-lipoic acid,NUCLEAR,CHEMBL3401,CHEMBL33864,EC50,2800.0,nM,5.55,ChEMBL
Alpha-lipoic acid,NUCLEAR RECEPTOR SUBFAMILY 1 GROUP A MEMBER 2,CHEMBL1947,CHEMBL33864,Potency,891.3,nM,6.05,ChEMBL
Alpha-lipoic acid,NUCLEAR RECEPTOR SUBFAMILY 1 GROUP I MEMBER 2,CHEMBL3401,CHEMBL33864,EC50,2800.0,nM,5.55,ChEMBL
Alpha-lipoic acid,NUCLEAR RECEPTOR SUBFAMILY 2 GROUP B MEMBER 1,CHEMBL2061,CHEMBL33864,Potency,1995.3,nM,,ChEMBL
Alpha-lipoic acid,ONCOGENE AML-1,CHEMBL2093862,CHEMBL33864,Potency,1000.0,nM,,ChEMBL
Alpha-lipoic acid,ORPHAN NUCLEAR RECEPTOR PAR1,CHEMBL3401,CHEMBL33864,EC50,2800.0,nM,5.55,ChEMBL
Alpha-lipoic acid,ORPHAN NUCLEAR RECEPTOR PXR,CHEMBL3401,CHEMBL33864,EC50,2800.0,nM,5.55,ChEMBL
Alpha-lipoic acid,PEA2-ALPHA B,CHEMBL2093862,CHEMBL33864,Potency,1000.0,nM,,ChEMBL
Alpha-lipoic acid,PEA2-BETA,CHEMBL2093862,CHEMBL33864,Potency,1000.0,nM,,ChEMBL
Alpha-lipoic acid,PEBP2-ALPHA B,CHEMBL2093862,CHEMBL33864,Potency,1000.0,nM,,ChEMBL
Alpha-lipoic acid,PEBP2-BETA,CHEMBL2093862,CHEMBL33864,Potency,1000.0,nM,,ChEMBL
Alpha-lipoic acid,PEROXIDASE TXNRD1,CHEMBL6035,CHEMBL33864,Potency,891.3,nM,,ChEMBL
Alpha-lipoic acid,PFK,CHEMBL5686,CHEMBL33864,Potency,477.5,nM,,ChEMBL
Alpha-lipoic acid,PGH SYNTHASE 2,CHEMBL230,CHEMBL33864,IC50,0.0,nM,,ChEMBL
Alpha-lipoic acid,PGHS-2,CHEMBL230,CHEMBL33864,IC50,0.0,nM,,ChEMBL
Alpha-lipoic acid,PHOSPHOFRUCTOKINASE,CHEMBL5686,CHEMBL33864,Potency,477.5,nM,,ChEMBL
Alpha-lipoic acid,PHOSPHOHEXOKINASE,CHEMBL5686,CHEMBL33864,Potency,477.5,nM,,ChEMBL
Alpha-lipoic acid,PHS II,CHEMBL230,CHEMBL33864,IC50,0.0,nM,,ChEMBL
Alpha-lipoic acid,POLB,CHEMBL2392,CHEMBL33864,Potency,1122.0,nM,5.95,ChEMBL
Alpha-lipoic acid,POLH,CHEMBL5542,CHEMBL33864,Potency,251.2,nM,,ChEMBL
Alpha-lipoic acid,POLK,CHEMBL5365,CHEMBL33864,Potency,6701.6,nM,,ChEMBL
Alpha-lipoic acid,POLYMERASE,CHEMBL2392,CHEMBL33864,Potency,1122.0,nM,5.95,ChEMBL
Alpha-lipoic acid,POLYOMAVIRUS ENHANCER-BINDING PROTEIN 2 ALPHA B SUBUNIT,CHEMBL2093862,CHEMBL33864,Potency,1000.0,nM,,ChEMBL
Alpha-lipoic acid,POLYOMAVIRUS ENHANCER-BINDING PROTEIN 2 BETA SUBUNIT,CHEMBL2093862,CHEMBL33864,Potency,1000.0,nM,,ChEMBL
Alpha-lipoic acid,PREGNANE X RECEPTOR,CHEMBL3401,CHEMBL33864,EC50,2800.0,nM,5.55,ChEMBL
Alpha-lipoic acid,PRELAMIN-A/C,CHEMBL1293235,CHEMBL33864,Potency,354.8,nM,6.45,ChEMBL
Alpha-lipoic acid,PROSTAGLANDIN,CHEMBL230,CHEMBL33864,IC50,0.0,nM,,ChEMBL
Alpha-lipoic acid,PROSTAGLANDIN G/H SYNTHASE 2,CHEMBL230,CHEMBL33864,IC50,0.0,nM,,ChEMBL
Alpha-lipoic acid,PROSTAGLANDIN H2 SYNTHASE 2,CHEMBL230,CHEMBL33864,IC50,0.0,nM,,ChEMBL
Alpha-lipoic acid,PROSTAGLANDIN-ENDOPEROXIDE SYNTHASE 2,CHEMBL230,CHEMBL33864,IC50,0.0,nM,,ChEMBL
Alpha-lipoic acid,PROTEIN,CHEMBL1287622,CHEMBL33864,Potency,3162.3,nM,5.5,ChEMBL
Alpha-lipoic acid,PROTEIN G9A,CHEMBL6032,CHEMBL33864,Potency,1778.3,nM,,ChEMBL
Alpha-lipoic acid,PROTEIN TAT,CHEMBL4011,CHEMBL33864,IC50,5891.0,nM,,ChEMBL
Alpha-lipoic acid,PTGS2,CHEMBL230,CHEMBL33864,IC50,0.0,nM,,ChEMBL
Alpha-lipoic acid,RA42,CHEMBL326,CHEMBL33864,Kd,10000.0,nM,,ChEMBL
Alpha-lipoic acid,RAD30 HOMOLOG A,CHEMBL5542,CHEMBL33864,Potency,251.2,nM,,ChEMBL
Alpha-lipoic acid,RECEPTOR,CHEMBL1947,CHEMBL33864,Potency,891.3,nM,6.05,ChEMBL
Alpha-lipoic acid,RECQ PROTEIN-LIKE 1,CHEMBL1293236,CHEMBL33864,Potency,2818.4,nM,5.55,ChEMBL
Alpha-lipoic acid,RECQ PROTEIN-LIKE 3,CHEMBL1293237,CHEMBL33864,Potency,7943.3,nM,5.1,ChEMBL
Alpha-lipoic acid,RECQ-LIKE DNA HELICASE BLM,CHEMBL1293237,CHEMBL33864,Potency,7943.3,nM,5.1,ChEMBL
Alpha-lipoic acid,RECQ1,CHEMBL1293236,CHEMBL33864,Potency,2818.4,nM,5.55,ChEMBL
Alpha-lipoic acid,RECQ2,CHEMBL1293237,CHEMBL33864,Potency,7943.3,nM,5.1,ChEMBL
Alpha-lipoic acid,RECQL,CHEMBL1293236,CHEMBL33864,Potency,2818.4,nM,5.55,ChEMBL
Alpha-lipoic acid,REDOX FACTOR-1,CHEMBL5619,CHEMBL33864,Potency,501.2,nM,6.3,ChEMBL
Alpha-lipoic acid,REDUCTASE,CHEMBL6035,CHEMBL33864,Potency,891.3,nM,,ChEMBL
Alpha-lipoic acid,REF-1,CHEMBL5619,CHEMBL33864,Potency,501.2,nM,6.3,ChEMBL
Alpha-lipoic acid,REGULATOR,CHEMBL5619,CHEMBL33864,Potency,501.2,nM,6.3,ChEMBL
Alpha-lipoic acid,RENAL CARCINOMA ANTIGEN NY-REN-32,CHEMBL1293235,CHEMBL33864,Potency,354.8,nM,6.45,ChEMBL
Alpha-lipoic acid,REPAIR,CHEMBL5619,CHEMBL33864,Potency,501.2,nM,6.3,ChEMBL
Alpha-lipoic acid,RETINOIC,CHEMBL2061,CHEMBL33864,Potency,1995.3,nM,,ChEMBL
Alpha-lipoic acid,RETINOIC ACID RECEPTOR RXR-ALPHA,CHEMBL2061,CHEMBL33864,Potency,1995.3,nM,,ChEMBL
Alpha-lipoic acid,RETINOID X RECEPTOR ALPHA,CHEMBL2061,CHEMBL33864,Potency,1995.3,nM,,ChEMBL
Alpha-lipoic acid,RUNT-RELATED TRANSCRIPTION FACTOR 1,CHEMBL2093862,CHEMBL33864,Potency,1000.0,nM,,ChEMBL
Alpha-lipoic acid,RUNX1,CHEMBL2093862,CHEMBL33864,Potency,1000.0,nM,,ChEMBL
Alpha-lipoic acid,RXRA,CHEMBL2061,CHEMBL33864,Potency,1995.3,nM,,ChEMBL
Alpha-lipoic acid,SACCHAROMYCES CEREVISIAE,CHEMBL361,CHEMBL33864,Potency,4610.9,nM,5.34,ChEMBL
Alpha-lipoic acid,SAE1,CHEMBL2095174,CHEMBL33864,IC50,4740.0,nM,5.32,ChEMBL
Alpha-lipoic acid,SL3-3 ENHANCER FACTOR 1 ALPHA B SUBUNIT,CHEMBL2093862,CHEMBL33864,Potency,1000.0,nM,,ChEMBL
Alpha-lipoic acid,SL3-3 ENHANCER FACTOR 1 SUBUNIT BETA,CHEMBL2093862,CHEMBL33864,Potency,1000.0,nM,,ChEMBL
Alpha-lipoic acid,SL3/AKV CORE-BINDING FACTOR ALPHA B SUBUNIT,CHEMBL2093862,CHEMBL33864,Potency,1000.0,nM,,ChEMBL
Alpha-lipoic acid,SL3/AKV CORE-BINDING FACTOR BETA SUBUNIT,CHEMBL2093862,CHEMBL33864,Potency,1000.0,nM,,ChEMBL
Alpha-lipoic acid,STAF97,CHEMBL5501,CHEMBL33864,Potency,3162.3,nM,,ChEMBL
Alpha-lipoic acid,STEROID AND XENOBIOTIC RECEPTOR,CHEMBL3401,CHEMBL33864,EC50,2800.0,nM,5.55,ChEMBL
Alpha-lipoic acid,SUBFAMILY,CHEMBL3401,CHEMBL33864,EC50,2800.0,nM,5.55,ChEMBL
Alpha-lipoic acid,SUMO-ACTIVATING ENZYME SUBUNIT 1,CHEMBL2095174,CHEMBL33864,IC50,4740.0,nM,5.32,ChEMBL
Alpha-lipoic acid,"SUMO-ACTIVATING ENZYME SUBUNIT 1, N-TERMINALLY PROCESSED",CHEMBL2095174,CHEMBL33864,IC50,4740.0,nM,5.32,ChEMBL
Alpha-lipoic acid,SUMO-ACTIVATING ENZYME SUBUNIT 2,CHEMBL2095174,CHEMBL33864,IC50,4740.0,nM,5.32,ChEMBL
Alpha-lipoic acid,SXR,CHEMBL3401,CHEMBL33864,EC50,2800.0,nM,5.55,ChEMBL
Alpha-lipoic acid,SYNTHASE,CHEMBL230,CHEMBL33864,IC50,0.0,nM,,ChEMBL
Alpha-lipoic acid,TAR,CHEMBL2362981,CHEMBL33864,Potency,891.3,nM,,ChEMBL
Alpha-lipoic acid,TAR DNA-BINDING PROTEIN 43,CHEMBL2362981,CHEMBL33864,Potency,891.3,nM,,ChEMBL
Alpha-lipoic acid,TARDBP,CHEMBL2362981,CHEMBL33864,Potency,891.3,nM,,ChEMBL
Alpha-lipoic acid,TAT,CHEMBL4011,CHEMBL33864,IC50,5891.0,nM,,ChEMBL
Alpha-lipoic acid,TDP-43,CHEMBL2362981,CHEMBL33864,Potency,891.3,nM,,ChEMBL
Alpha-lipoic acid,TDP1,CHEMBL1075138,CHEMBL33864,Potency,398.1,nM,6.4,ChEMBL
Alpha-lipoic acid,THIOREDOXIN,CHEMBL6035,CHEMBL33864,Potency,891.3,nM,,ChEMBL
Alpha-lipoic acid,"THIOREDOXIN REDUCTASE 1, CYTOPLASMIC",CHEMBL6035,CHEMBL33864,Potency,891.3,nM,,ChEMBL
Alpha-lipoic acid,THIOREDOXIN REDUCTASE TR1,CHEMBL6035,CHEMBL33864,Potency,891.3,nM,,ChEMBL
Alpha-lipoic acid,THRB,CHEMBL1947,CHEMBL33864,Potency,891.3,nM,6.05,ChEMBL
Alpha-lipoic acid,THYROID,CHEMBL1947,CHEMBL33864,Potency,891.3,nM,6.05,ChEMBL
Alpha-lipoic acid,THYROID HORMONE RECEPTOR BETA,CHEMBL1947,CHEMBL33864,Potency,891.3,nM,6.05,ChEMBL
Alpha-lipoic acid,TO,CHEMBL1741220,CHEMBL33864,Potency,1000.0,nM,,ChEMBL
Alpha-lipoic acid,TRANSACTIVATING REGULATORY PROTEIN,CHEMBL4011,CHEMBL33864,IC50,5891.0,nM,,ChEMBL
Alpha-lipoic acid,TXNRD1,CHEMBL6035,CHEMBL33864,Potency,891.3,nM,,ChEMBL
Alpha-lipoic acid,TYR-DNA PHOSPHODIESTERASE 1,CHEMBL1075138,CHEMBL33864,Potency,398.1,nM,6.4,ChEMBL
Alpha-lipoic acid,TYROSYL-DNA PHOSPHODIESTERASE 1,CHEMBL1075138,CHEMBL33864,Potency,398.1,nM,6.4,ChEMBL
Alpha-lipoic acid,UBA2,CHEMBL2095174,CHEMBL33864,IC50,4740.0,nM,5.32,ChEMBL
Alpha-lipoic acid,UBIQUITIN-LIKE 1-ACTIVATING ENZYME E1A,CHEMBL2095174,CHEMBL33864,IC50,4740.0,nM,5.32,ChEMBL
Alpha-lipoic acid,UBIQUITIN-LIKE 1-ACTIVATING ENZYME E1B,CHEMBL2095174,CHEMBL33864,IC50,4740.0,nM,5.32,ChEMBL
Alpha-lipoic acid,UBIQUITIN-LIKE MODIFIER-ACTIVATING ENZYME 2,CHEMBL2095174,CHEMBL33864,IC50,4740.0,nM,5.32,ChEMBL
Alpha-lipoic acid,UDP-N-ACETYLGLUCOSAMINE PYROPHOSPHORYLASE,CHEMBL1293297,CHEMBL33864,IC50,3910.0,nM,5.41,ChEMBL
Alpha-lipoic acid,UNCHECKED,CHEMBL612545,CHEMBL33864,IC50,2400.0,nM,5.62,ChEMBL
Alpha-lipoic acid,XERODERMA PIGMENTOSUM VARIANT TYPE PROTEIN,CHEMBL5542,CHEMBL33864,Potency,251.2,nM,,ChEMBL
Alpha-lipoic acid,ZINC,CHEMBL1741220,CHEMBL33864,Potency,1000.0,nM,,ChEMBL
Apigenin,(R)-LIMONENE 6-MONOOXYGENASE,CHEMBL3397,CHEMBL28,Potency,5011.9,nM,5.3,ChEMBL
Apigenin,(S)-LIMONENE 6-MONOOXYGENASE,CHEMBL3397,CHEMBL28,Potency,5011.9,nM,5.3,ChEMBL
Apigenin,(S)-LIMONENE 7-MONOOXYGENASE,CHEMBL3397,CHEMBL28,Potency,5011.9,nM,5.3,ChEMBL
Apigenin,"1,4-CINEOLE 2-EXO-MONOOXYGENASE",CHEMBL340,CHEMBL28,Potency,7943.3,nM,5.1,ChEMBL
Apigenin,"1,8-CINEOLE 2-EXO-MONOOXYGENASE",CHEMBL340,CHEMBL28,Potency,7943.3,nM,5.1,ChEMBL
Apigenin,12-LOX,CHEMBL2903,CHEMBL28,Potency,5011.9,nM,5.3,ChEMBL
Apigenin,12/15-LIPOXYGENASE,CHEMBL2903,CHEMBL28,Potency,5011.9,nM,5.3,ChEMBL
Apigenin,15-HYDROXYPROSTAGLANDIN DEHYDROGENASE [NAD(+)],CHEMBL1293255,CHEMBL28,Potency,3548.1,nM,5.45,ChEMBL
Apigenin,15-LOX,CHEMBL2903,CHEMBL28,Potency,5011.9,nM,5.3,ChEMBL
Apigenin,15-LOX-1,CHEMBL2903,CHEMBL28,Potency,5011.9,nM,5.3,ChEMBL
Apigenin,15-PGDH,CHEMBL1293255,CHEMBL28,Potency,3548.1,nM,5.45,ChEMBL
Apigenin,17-BETA-ESTRADIOL 17-DEHYDROGENASE,CHEMBL4159,CHEMBL28,Potency,398.1,nM,6.4,ChEMBL
Apigenin,17-BETA-HSD 1,CHEMBL3181,CHEMBL28,IC50,710.0,nM,6.15,ChEMBL
Apigenin,17-BETA-HYDROXYSTEROID DEHYDROGENASE TYPE 1,CHEMBL3181,CHEMBL28,IC50,710.0,nM,6.15,ChEMBL
Apigenin,2'-O-METHYLTRANSFERASE NSP16,CHEMBL4523582,CHEMBL28,IC50,3020.0,nM,5.52,ChEMBL
Apigenin,2-METHYL-3-HYDROXYBUTYRYL-COA DEHYDROGENASE,CHEMBL4159,CHEMBL28,Potency,398.1,nM,6.4,ChEMBL
Apigenin,20 ALPHA-HYDROXYSTEROID DEHYDROGENASE,CHEMBL3181,CHEMBL28,IC50,710.0,nM,6.15,ChEMBL
Apigenin,20-ALPHA-HSD,CHEMBL3181,CHEMBL28,IC50,710.0,nM,6.15,ChEMBL
Apigenin,3-ALPHA-(17-BETA)-HYDROXYSTEROID DEHYDROGENASE (NAD(+)),CHEMBL4159,CHEMBL28,Potency,398.1,nM,6.4,ChEMBL
Apigenin,3-DEOXYGLUCOSONE DEHYDROGENASE,CHEMBL3577,CHEMBL28,Potency,1778.3,nM,5.75,ChEMBL
Apigenin,3-HYDROXY-2-METHYLBUTYRYL-COA DEHYDROGENASE,CHEMBL4159,CHEMBL28,Potency,398.1,nM,6.4,ChEMBL
Apigenin,3-HYDROXYACYL-COA DEHYDROGENASE TYPE II,CHEMBL4159,CHEMBL28,Potency,398.1,nM,6.4,ChEMBL
Apigenin,3-HYDROXYACYL-COA DEHYDROGENASE TYPE-2,CHEMBL4159,CHEMBL28,Potency,398.1,nM,6.4,ChEMBL
Apigenin,3ALPHA(OR 20BETA)-HYDROXYSTEROID DEHYDROGENASE,CHEMBL4159,CHEMBL28,Potency,398.1,nM,6.4,ChEMBL
Apigenin,3C-LIKE PROTEINASE NSP5,CHEMBL4523582,CHEMBL28,IC50,3020.0,nM,5.52,ChEMBL
Apigenin,3CL-PRO,CHEMBL4523582,CHEMBL28,IC50,3020.0,nM,5.52,ChEMBL
Apigenin,3CLP,CHEMBL4523582,CHEMBL28,IC50,3020.0,nM,5.52,ChEMBL
Apigenin,41 KDA UBIQUITIN-SPECIFIC PROTEASE,CHEMBL1293227,CHEMBL28,Potency,10000.0,nM,5.0,ChEMBL
Apigenin,7-ALPHA-HYDROXYSTEROID DEHYDROGENASE,CHEMBL4159,CHEMBL28,Potency,398.1,nM,6.4,ChEMBL
Apigenin,84 KDA MYELOPEROXIDASE,CHEMBL2439,CHEMBL28,IC50,3800.0,nM,5.42,ChEMBL
Apigenin,89 KDA MYELOPEROXIDASE,CHEMBL2439,CHEMBL28,IC50,3800.0,nM,5.42,ChEMBL
Apigenin,AAA,CHEMBL1741209,CHEMBL28,Potency,3262.9,nM,,ChEMBL
Apigenin,ABCB1,CHEMBL4302,CHEMBL28,Kd,10000.0,nM,5.0,ChEMBL
Apigenin,ABCC1,CHEMBL3004,CHEMBL28,Ki,2400.0,nM,5.62,ChEMBL
Apigenin,ABCG2,CHEMBL5393,CHEMBL28,IC50,3100.0,nM,5.51,ChEMBL
Apigenin,ACETYLCHOLINESTERASE,CHEMBL220,CHEMBL28,IC50,12.0,nM,7.92,ChEMBL
Apigenin,ACHE,CHEMBL220,CHEMBL28,IC50,12.0,nM,7.92,ChEMBL
Apigenin,ACID,CHEMBL2903,CHEMBL28,Potency,5011.9,nM,5.3,ChEMBL
Apigenin,ACID BETA-GLUCOSIDASE,CHEMBL2179,CHEMBL28,Potency,8912.5,nM,,ChEMBL
Apigenin,ACUTE MYELOID LEUKEMIA 1 PROTEIN,CHEMBL2093862,CHEMBL28,Potency,8912.5,nM,,ChEMBL
Apigenin,ADABP,CHEMBL284,CHEMBL28,IC50,140.0,nM,6.85,ChEMBL
Apigenin,ADCP-2,CHEMBL284,CHEMBL28,IC50,140.0,nM,6.85,ChEMBL
Apigenin,ADENOSINE,CHEMBL318,CHEMBL28,Ki,3000.0,nM,5.52,ChEMBL
Apigenin,ADENOSINE DEAMINASE COMPLEXING PROTEIN 2,CHEMBL284,CHEMBL28,IC50,140.0,nM,6.85,ChEMBL
Apigenin,ADENOSINE RECEPTOR A1,CHEMBL318,CHEMBL28,Ki,3000.0,nM,5.52,ChEMBL
Apigenin,ADENOSINE RECEPTOR A2A,CHEMBL302,CHEMBL28,Ki,7580.0,nM,5.12,ChEMBL
Apigenin,ADORA1,CHEMBL318,CHEMBL28,Ki,3000.0,nM,5.52,ChEMBL
Apigenin,ADORA2A,CHEMBL302,CHEMBL28,Ki,7580.0,nM,5.12,ChEMBL
Apigenin,ADP-RIBOSYLTRANSFERASE DIPHTHERIA TOXIN-LIKE 5,CHEMBL6164,CHEMBL28,IC50,3162.28,nM,5.5,ChEMBL
Apigenin,ADP-RIBOSYLTRANSFERASE DIPHTHERIA TOXIN-LIKE 6,CHEMBL6154,CHEMBL28,IC50,2951.21,nM,5.53,ChEMBL
Apigenin,AKR1B1,CHEMBL2622,CHEMBL28,IC50,6670.0,nM,5.18,ChEMBL
Apigenin,AKR1B10,CHEMBL5983,CHEMBL28,Ki,6000.0,nM,5.22,ChEMBL
Apigenin,ALBENDAZOLE MONOOXYGENASE (SULFOXIDE-FORMING),CHEMBL340,CHEMBL28,Potency,7943.3,nM,5.1,ChEMBL
Apigenin,ALBENDAZOLE SULFOXIDASE,CHEMBL340,CHEMBL28,Potency,7943.3,nM,5.1,ChEMBL
Apigenin,ALDEHYDE,CHEMBL3577,CHEMBL28,Potency,1778.3,nM,5.75,ChEMBL
Apigenin,ALDEHYDE DEHYDROGENASE 1A1,CHEMBL3577,CHEMBL28,Potency,1778.3,nM,5.75,ChEMBL
Apigenin,ALDEHYDE DEHYDROGENASE FAMILY 1 MEMBER A1,CHEMBL3577,CHEMBL28,Potency,1778.3,nM,5.75,ChEMBL
Apigenin,"ALDEHYDE DEHYDROGENASE, CYTOSOLIC",CHEMBL3577,CHEMBL28,Potency,1778.3,nM,5.75,ChEMBL
Apigenin,ALDEHYDE REDUCTASE,CHEMBL2622,CHEMBL28,IC50,6670.0,nM,5.18,ChEMBL
Apigenin,ALDH-E1,CHEMBL3577,CHEMBL28,Potency,1778.3,nM,5.75,ChEMBL
Apigenin,ALDH1A1,CHEMBL3577,CHEMBL28,Potency,1778.3,nM,5.75,ChEMBL
Apigenin,ALDO-KETO REDUCTASE FAMILY 1 MEMBER B1,CHEMBL2622,CHEMBL28,IC50,6670.0,nM,5.18,ChEMBL
Apigenin,ALDO-KETO REDUCTASE FAMILY 1 MEMBER B10,CHEMBL5983,CHEMBL28,Ki,6000.0,nM,5.22,ChEMBL
Apigenin,ALDOLASE,CHEMBL1293234,CHEMBL28,Potency,6294.6,nM,5.2,ChEMBL
Apigenin,ALDOSE REDUCTASE,CHEMBL2622,CHEMBL28,IC50,6670.0,nM,5.18,ChEMBL
Apigenin,ALDOSE REDUCTASE-LIKE,CHEMBL5983,CHEMBL28,Ki,6000.0,nM,5.22,ChEMBL
Apigenin,ALDOSE REDUCTASE-RELATED PROTEIN,CHEMBL5983,CHEMBL28,Ki,6000.0,nM,5.22,ChEMBL
Apigenin,ALGLUCERASE,CHEMBL2179,CHEMBL28,Potency,8912.5,nM,,ChEMBL
Apigenin,ALHDII,CHEMBL3577,CHEMBL28,Potency,1778.3,nM,5.75,ChEMBL
Apigenin,ALL-1,CHEMBL2093861,CHEMBL28,Potency,10000.0,nM,5.0,ChEMBL
Apigenin,ALOX15,CHEMBL2903,CHEMBL28,Potency,5011.9,nM,5.3,ChEMBL
Apigenin,ALPHA,CHEMBL3629,CHEMBL28,IC50,800.0,nM,6.1,ChEMBL
Apigenin,AMINE,CHEMBL2039,CHEMBL28,IC50,1120.0,nM,5.95,ChEMBL
Apigenin,AMINE OXIDASE [FLAVIN-CONTAINING] A,CHEMBL1951,CHEMBL28,IC50,1700.0,nM,5.77,ChEMBL
Apigenin,AMINE OXIDASE [FLAVIN-CONTAINING] B,CHEMBL2039,CHEMBL28,IC50,1120.0,nM,5.95,ChEMBL
Apigenin,AND,CHEMBL1741208,CHEMBL28,IC50,10000.0,nM,5.0,ChEMBL
Apigenin,ANDROGEN,CHEMBL1871,CHEMBL28,IC50,5200.0,nM,5.28,ChEMBL
Apigenin,ANDROGEN RECEPTOR,CHEMBL1871,CHEMBL28,IC50,5200.0,nM,5.28,ChEMBL
Apigenin,ANGIOTENSIN/VASOPRESSIN RECEPTOR AII/AVP-LIKE,CHEMBL1741208,CHEMBL28,IC50,10000.0,nM,5.0,ChEMBL
Apigenin,ANTIGEN,CHEMBL4096,CHEMBL28,Potency,3981.1,nM,5.4,ChEMBL
Apigenin,ANTIGEN NY-CO-13,CHEMBL4096,CHEMBL28,Potency,3981.1,nM,5.4,ChEMBL
Apigenin,AR,CHEMBL1871,CHEMBL28,IC50,5200.0,nM,5.28,ChEMBL
Apigenin,"ARACHIDONATE 12-LIPOXYGENASE, LEUKOCYTE-TYPE",CHEMBL2903,CHEMBL28,Potency,5011.9,nM,5.3,ChEMBL
Apigenin,ARACHIDONATE 15-LIPOXYGENASE,CHEMBL2903,CHEMBL28,Potency,5011.9,nM,5.3,ChEMBL
Apigenin,ARACHIDONATE OMEGA-6 LIPOXYGENASE,CHEMBL2903,CHEMBL28,Potency,5011.9,nM,5.3,ChEMBL
Apigenin,ARL-1,CHEMBL5983,CHEMBL28,Ki,6000.0,nM,5.22,ChEMBL
Apigenin,ARNT-INTERACTING PROTEIN,CHEMBL4261,CHEMBL28,Potency,1995.3,nM,5.7,ChEMBL
Apigenin,AROMATASE,CHEMBL1978,CHEMBL28,IC50,10000.0,nM,5.0,ChEMBL
Apigenin,ARP,CHEMBL5983,CHEMBL28,Ki,6000.0,nM,5.22,ChEMBL
Apigenin,ARSA,CHEMBL2193,CHEMBL28,Potency,2393.4,nM,,ChEMBL
Apigenin,ARTD5,CHEMBL6164,CHEMBL28,IC50,3162.28,nM,5.5,ChEMBL
Apigenin,ARTD6,CHEMBL6154,CHEMBL28,IC50,2951.21,nM,5.53,ChEMBL
Apigenin,ARYLSULFATASE,CHEMBL2193,CHEMBL28,Potency,2393.4,nM,,ChEMBL
Apigenin,ARYLSULFATASE A,CHEMBL2193,CHEMBL28,Potency,2393.4,nM,,ChEMBL
Apigenin,ARYLSULFATASE A COMPONENT B,CHEMBL2193,CHEMBL28,Potency,2393.4,nM,,ChEMBL
Apigenin,ARYLSULFATASE A COMPONENT C,CHEMBL2193,CHEMBL28,Potency,2393.4,nM,,ChEMBL
Apigenin,ASA,CHEMBL2193,CHEMBL28,Potency,2393.4,nM,,ChEMBL
Apigenin,ASP 2,CHEMBL4822,CHEMBL28,IC50,3790.0,nM,5.42,ChEMBL
Apigenin,ASP2,CHEMBL4822,CHEMBL28,IC50,3790.0,nM,5.42,ChEMBL
Apigenin,ASPARTYL PROTEASE 2,CHEMBL4822,CHEMBL28,IC50,3790.0,nM,5.42,ChEMBL
Apigenin,ATAD5,CHEMBL1741209,CHEMBL28,Potency,3262.9,nM,,ChEMBL
Apigenin,ATAXIN-2,CHEMBL1795085,CHEMBL28,Potency,3981.1,nM,,ChEMBL
Apigenin,ATP-BINDING CASSETTE SUB-FAMILY B MEMBER 1,CHEMBL4302,CHEMBL28,Kd,10000.0,nM,5.0,ChEMBL
Apigenin,ATP-BINDING CASSETTE SUB-FAMILY C MEMBER 1,CHEMBL3004,CHEMBL28,Ki,2400.0,nM,5.62,ChEMBL
Apigenin,ATP-BINDING CASSETTE SUB-FAMILY C MEMBER 7,CHEMBL4051,CHEMBL28,EC50,9000.0,nM,5.05,ChEMBL
Apigenin,ATP-BINDING CASSETTE SUB-FAMILY G MEMBER 2,CHEMBL5393,CHEMBL28,IC50,3100.0,nM,5.51,ChEMBL
Apigenin,ATP-DEPENDENT TRANSLOCASE ABCB1,CHEMBL4302,CHEMBL28,Kd,10000.0,nM,5.0,ChEMBL
Apigenin,ATPASE,CHEMBL1741209,CHEMBL28,Potency,3262.9,nM,,ChEMBL
Apigenin,ATPASE FAMILY AAA DOMAIN-CONTAINING PROTEIN 5,CHEMBL1741209,CHEMBL28,Potency,3262.9,nM,,ChEMBL
Apigenin,ATTR,CHEMBL3194,CHEMBL28,Kd,250.0,nM,6.6,ChEMBL
Apigenin,ATXN2,CHEMBL1795085,CHEMBL28,Potency,3981.1,nM,,ChEMBL
Apigenin,BACE1,CHEMBL4822,CHEMBL28,IC50,3790.0,nM,5.42,ChEMBL
Apigenin,BASIC-HELIX-LOOP-HELIX-PAS PROTEIN MOP1,CHEMBL4261,CHEMBL28,Potency,1995.3,nM,5.7,ChEMBL
Apigenin,BETA,CHEMBL242,CHEMBL28,IC50,130.0,nM,6.89,ChEMBL
Apigenin,BETA-5,CHEMBL4662,CHEMBL28,IC50,1000.0,nM,6.0,ChEMBL
Apigenin,BETA-GC,CHEMBL2179,CHEMBL28,Potency,8912.5,nM,,ChEMBL
Apigenin,BETA-GLUCOCEREBROSIDASE,CHEMBL2179,CHEMBL28,Potency,8912.5,nM,,ChEMBL
Apigenin,BETA-GLUCOSYLCERAMIDASE 1,CHEMBL2179,CHEMBL28,Potency,8912.5,nM,,ChEMBL
Apigenin,BETA-GLUCURONIDASE,CHEMBL4814,CHEMBL28,IC50,2800.0,nM,5.55,ChEMBL
Apigenin,BETA-SECRETASE 1,CHEMBL4822,CHEMBL28,IC50,3790.0,nM,5.42,ChEMBL
Apigenin,BETA-SITE AMYLOID PRECURSOR PROTEIN CLEAVING ENZYME 1,CHEMBL4822,CHEMBL28,IC50,3790.0,nM,5.42,ChEMBL
Apigenin,BETA-SITE APP CLEAVING ENZYME 1,CHEMBL4822,CHEMBL28,IC50,3790.0,nM,5.42,ChEMBL
Apigenin,BHLHE78,CHEMBL4261,CHEMBL28,Potency,1995.3,nM,5.7,ChEMBL
Apigenin,BREAST CANCER RESISTANCE PROTEIN,CHEMBL5393,CHEMBL28,IC50,3100.0,nM,5.51,ChEMBL
Apigenin,BROAD,CHEMBL5393,CHEMBL28,IC50,3100.0,nM,5.51,ChEMBL
Apigenin,BROAD SUBSTRATE SPECIFICITY ATP-BINDING CASSETTE TRANSPORTER ABCG2,CHEMBL5393,CHEMBL28,IC50,3100.0,nM,5.51,ChEMBL
Apigenin,C-MPL LIGAND,CHEMBL1293256,CHEMBL28,Potency,501.2,nM,6.3,ChEMBL
Apigenin,C-TERMINAL CLEAVAGE PRODUCT OF 180 KDA,CHEMBL2093861,CHEMBL28,Potency,10000.0,nM,5.0,ChEMBL
Apigenin,CAMP-DEPENDENT CHLORIDE CHANNEL,CHEMBL4051,CHEMBL28,EC50,9000.0,nM,5.05,ChEMBL
Apigenin,CARRIER,CHEMBL2052034,CHEMBL28,IC50,2630.0,nM,5.58,ChEMBL
Apigenin,CASEIN,CHEMBL3629,CHEMBL28,IC50,800.0,nM,6.1,ChEMBL
Apigenin,CASEIN KINASE II ALPHA 1 POLYPEPTIDE PSEUDOGENE,CHEMBL3832943,CHEMBL28,IC50,800.0,nM,6.1,ChEMBL
Apigenin,CASEIN KINASE II SUBUNIT ALPHA,CHEMBL3832943,CHEMBL28,IC50,800.0,nM,6.1,ChEMBL
Apigenin,CASEIN KINASE II SUBUNIT ALPHA 3,CHEMBL3832943,CHEMBL28,IC50,800.0,nM,6.1,ChEMBL
Apigenin,CASEIN KINASE II SUBUNIT ALPHA',CHEMBL3832943,CHEMBL28,IC50,800.0,nM,6.1,ChEMBL
Apigenin,CASEIN KINASE II SUBUNIT BETA,CHEMBL3832943,CHEMBL28,IC50,800.0,nM,6.1,ChEMBL
Apigenin,CASSETTE,CHEMBL5393,CHEMBL28,IC50,3100.0,nM,5.51,ChEMBL
Apigenin,CATERPILLER PROTEIN 1.1,CHEMBL1741208,CHEMBL28,IC50,10000.0,nM,5.0,ChEMBL
Apigenin,CBF-ALPHA-2,CHEMBL2093862,CHEMBL28,Potency,8912.5,nM,,ChEMBL
Apigenin,CBF-BETA,CHEMBL2093862,CHEMBL28,Potency,8912.5,nM,,ChEMBL
Apigenin,CBFB,CHEMBL2093862,CHEMBL28,Potency,8912.5,nM,,ChEMBL
Apigenin,CCNB1,CHEMBL2094127,CHEMBL28,IC50,4000.0,nM,5.4,ChEMBL
Apigenin,CCNB2,CHEMBL2094127,CHEMBL28,IC50,4000.0,nM,5.4,ChEMBL
Apigenin,CCNB3,CHEMBL2094127,CHEMBL28,IC50,4000.0,nM,5.4,ChEMBL
Apigenin,CDC2-RELATED KINASE 2,CHEMBL4090,CHEMBL28,IC50,7000.0,nM,5.16,ChEMBL
Apigenin,CDK1,CHEMBL2094127,CHEMBL28,IC50,4000.0,nM,5.4,ChEMBL
Apigenin,CDK5,CHEMBL1907600,CHEMBL28,IC50,1600.0,nM,5.8,ChEMBL
Apigenin,CDK5 ACTIVATOR 1,CHEMBL1907600,CHEMBL28,IC50,1600.0,nM,5.8,ChEMBL
Apigenin,CDK5R1,CHEMBL1907600,CHEMBL28,IC50,1600.0,nM,5.8,ChEMBL
Apigenin,CDK6,CHEMBL2508,CHEMBL28,IC50,1700.0,nM,5.77,ChEMBL
Apigenin,CDW338,CHEMBL5393,CHEMBL28,IC50,3100.0,nM,5.51,ChEMBL
Apigenin,CD_ANTIGEN=CD135,CHEMBL1974,CHEMBL28,IC50,1450.0,nM,5.84,ChEMBL
Apigenin,CD_ANTIGEN=CD243,CHEMBL4302,CHEMBL28,Kd,10000.0,nM,5.0,ChEMBL
Apigenin,CD_ANTIGEN=CD26,CHEMBL284,CHEMBL28,IC50,140.0,nM,6.85,ChEMBL
Apigenin,CD_ANTIGEN=CD338,CHEMBL5393,CHEMBL28,IC50,3100.0,nM,5.51,ChEMBL
Apigenin,CELL DIVISION CONTROL PROTEIN 2 HOMOLOG,CHEMBL2094127,CHEMBL28,IC50,4000.0,nM,5.4,ChEMBL
Apigenin,CELL DIVISION PROTEIN KINASE 1,CHEMBL2094127,CHEMBL28,IC50,4000.0,nM,5.4,ChEMBL
Apigenin,CELL DIVISION PROTEIN KINASE 5,CHEMBL1907600,CHEMBL28,IC50,1600.0,nM,5.8,ChEMBL
Apigenin,CELL DIVISION PROTEIN KINASE 6,CHEMBL2508,CHEMBL28,IC50,1700.0,nM,5.77,ChEMBL
Apigenin,CELLULAR,CHEMBL4096,CHEMBL28,Potency,3981.1,nM,5.4,ChEMBL
Apigenin,CELLULAR TUMOR ANTIGEN P53,CHEMBL4096,CHEMBL28,Potency,3981.1,nM,5.4,ChEMBL
Apigenin,CEREBROSIDE-SULFATASE,CHEMBL2193,CHEMBL28,Potency,2393.4,nM,,ChEMBL
Apigenin,CFTR,CHEMBL4051,CHEMBL28,EC50,9000.0,nM,5.05,ChEMBL
Apigenin,CHANNEL,CHEMBL1250411,CHEMBL28,IC50,10000.0,nM,,ChEMBL
Apigenin,CHANNEL CONDUCTANCE-CONTROLLING ATPASE,CHEMBL4051,CHEMBL28,EC50,9000.0,nM,5.05,ChEMBL
Apigenin,CHOLESTEROL,CHEMBL1293277,CHEMBL28,Potency,5804.8,nM,5.24,ChEMBL
Apigenin,CHOLESTEROL 25-HYDROXYLASE,CHEMBL3356,CHEMBL28,IC50,795.0,nM,6.1,ChEMBL
Apigenin,CHOLESTEROL GLUCOSYLTRANSFERASE,CHEMBL2179,CHEMBL28,Potency,8912.5,nM,,ChEMBL
Apigenin,CHOLESTERYL-BETA-GLUCOSIDASE,CHEMBL2179,CHEMBL28,Potency,8912.5,nM,,ChEMBL
Apigenin,CHROMOSOME FRAGILITY-ASSOCIATED GENE 1 PROTEIN,CHEMBL1741209,CHEMBL28,Potency,3262.9,nM,,ChEMBL
Apigenin,CK II ALPHA,CHEMBL2095191,CHEMBL28,IC50,800.0,nM,6.1,ChEMBL
Apigenin,CK II ALPHA 3,CHEMBL3832943,CHEMBL28,IC50,800.0,nM,6.1,ChEMBL
Apigenin,CK II ALPHA',CHEMBL2095191,CHEMBL28,IC50,800.0,nM,6.1,ChEMBL
Apigenin,CK II BETA,CHEMBL2095191,CHEMBL28,IC50,800.0,nM,6.1,ChEMBL
Apigenin,CLASS E BASIC HELIX-LOOP-HELIX PROTEIN 78,CHEMBL4261,CHEMBL28,Potency,1995.3,nM,5.7,ChEMBL
Apigenin,CLR1.1,CHEMBL1741208,CHEMBL28,IC50,10000.0,nM,5.0,ChEMBL
Apigenin,COLD-INDUCED AUTOINFLAMMATORY SYNDROME 1 PROTEIN,CHEMBL1741208,CHEMBL28,IC50,10000.0,nM,5.0,ChEMBL
Apigenin,CONDUCTANCE,CHEMBL4051,CHEMBL28,EC50,9000.0,nM,5.05,ChEMBL
Apigenin,CORE-BINDING FACTOR SUBUNIT ALPHA-2,CHEMBL2093862,CHEMBL28,Potency,8912.5,nM,,ChEMBL
Apigenin,CORE-BINDING FACTOR SUBUNIT BETA,CHEMBL2093862,CHEMBL28,Potency,8912.5,nM,,ChEMBL
Apigenin,COX-2,CHEMBL230,CHEMBL28,IC50,8000.0,nM,5.1,ChEMBL
Apigenin,CRYOPYRIN,CHEMBL1741208,CHEMBL28,IC50,10000.0,nM,5.0,ChEMBL
Apigenin,CSNK2A1,CHEMBL2095191,CHEMBL28,IC50,800.0,nM,6.1,ChEMBL
Apigenin,CSNK2A2,CHEMBL2095191,CHEMBL28,IC50,800.0,nM,6.1,ChEMBL
Apigenin,CSNK2A3,CHEMBL3832943,CHEMBL28,IC50,800.0,nM,6.1,ChEMBL
Apigenin,CSNK2B,CHEMBL3832943,CHEMBL28,IC50,800.0,nM,6.1,ChEMBL
Apigenin,CTHBP,CHEMBL1075189,CHEMBL28,Potency,3162.3,nM,5.5,ChEMBL
Apigenin,CXXC-TYPE ZINC FINGER PROTEIN 7,CHEMBL2093861,CHEMBL28,Potency,10000.0,nM,5.0,ChEMBL
Apigenin,CYCLIN-DEPENDENT KINASE 1,CHEMBL2094127,CHEMBL28,IC50,4000.0,nM,5.4,ChEMBL
Apigenin,CYCLIN-DEPENDENT KINASE 2 HOMOLOG,CHEMBL4090,CHEMBL28,IC50,7000.0,nM,5.16,ChEMBL
Apigenin,CYCLIN-DEPENDENT KINASE 5,CHEMBL1907600,CHEMBL28,IC50,1600.0,nM,5.8,ChEMBL
Apigenin,CYCLIN-DEPENDENT KINASE 5 ACTIVATOR 1,CHEMBL1907600,CHEMBL28,IC50,1600.0,nM,5.8,ChEMBL
Apigenin,"CYCLIN-DEPENDENT KINASE 5 ACTIVATOR 1, P25",CHEMBL1907600,CHEMBL28,IC50,1600.0,nM,5.8,ChEMBL
Apigenin,"CYCLIN-DEPENDENT KINASE 5 ACTIVATOR 1, P35",CHEMBL1907600,CHEMBL28,IC50,1600.0,nM,5.8,ChEMBL
Apigenin,CYCLIN-DEPENDENT KINASE 5 REGULATORY SUBUNIT 1,CHEMBL1907600,CHEMBL28,IC50,1600.0,nM,5.8,ChEMBL
Apigenin,CYCLIN-DEPENDENT KINASE 6,CHEMBL2508,CHEMBL28,IC50,1700.0,nM,5.77,ChEMBL
Apigenin,CYCLIN-DEPENDENT-LIKE KINASE 5,CHEMBL1907600,CHEMBL28,IC50,1600.0,nM,5.8,ChEMBL
Apigenin,CYCLOOXYGENASE-2,CHEMBL230,CHEMBL28,IC50,8000.0,nM,5.1,ChEMBL
Apigenin,CYP19A1,CHEMBL1978,CHEMBL28,IC50,10000.0,nM,5.0,ChEMBL
Apigenin,CYP1A1,CHEMBL2231,CHEMBL28,IC50,427.0,nM,6.37,ChEMBL
Apigenin,CYP1A2,CHEMBL3356,CHEMBL28,IC50,795.0,nM,6.1,ChEMBL
Apigenin,CYP1B1,CHEMBL4878,CHEMBL28,IC50,25.0,nM,7.6,ChEMBL
Apigenin,CYP2C19,CHEMBL3622,CHEMBL28,Potency,7943.3,nM,5.1,ChEMBL
Apigenin,CYP2C9,CHEMBL3397,CHEMBL28,Potency,5011.9,nM,5.3,ChEMBL
Apigenin,CYP3A4,CHEMBL340,CHEMBL28,Potency,7943.3,nM,5.1,ChEMBL
Apigenin,CYPIA1,CHEMBL2231,CHEMBL28,IC50,427.0,nM,6.37,ChEMBL
Apigenin,CYPIA2,CHEMBL3356,CHEMBL28,IC50,795.0,nM,6.1,ChEMBL
Apigenin,CYPIB1,CHEMBL4878,CHEMBL28,IC50,25.0,nM,7.6,ChEMBL
Apigenin,CYPIIC17,CHEMBL3622,CHEMBL28,Potency,7943.3,nM,5.1,ChEMBL
Apigenin,CYPIIC19,CHEMBL3622,CHEMBL28,Potency,7943.3,nM,5.1,ChEMBL
Apigenin,CYPIIC9,CHEMBL3397,CHEMBL28,Potency,5011.9,nM,5.3,ChEMBL
Apigenin,CYPIIIA3,CHEMBL340,CHEMBL28,Potency,7943.3,nM,5.1,ChEMBL
Apigenin,CYPIIIA4,CHEMBL340,CHEMBL28,Potency,7943.3,nM,5.1,ChEMBL
Apigenin,CYPXIX,CHEMBL1978,CHEMBL28,IC50,10000.0,nM,5.0,ChEMBL
Apigenin,CYSTEINE METHYLTRANSFERASE KMT2A,CHEMBL2093861,CHEMBL28,Potency,10000.0,nM,5.0,ChEMBL
Apigenin,CYSTIC,CHEMBL4051,CHEMBL28,EC50,9000.0,nM,5.05,ChEMBL
Apigenin,CYSTIC FIBROSIS TRANSMEMBRANE CONDUCTANCE REGULATOR,CHEMBL4051,CHEMBL28,EC50,9000.0,nM,5.05,ChEMBL
Apigenin,CYTOCHROME,CHEMBL4878,CHEMBL28,IC50,25.0,nM,7.6,ChEMBL
Apigenin,CYTOCHROME P(3)450,CHEMBL3356,CHEMBL28,IC50,795.0,nM,6.1,ChEMBL
Apigenin,CYTOCHROME P-450AROM,CHEMBL1978,CHEMBL28,IC50,10000.0,nM,5.0,ChEMBL
Apigenin,CYTOCHROME P-450MP,CHEMBL3397,CHEMBL28,Potency,5011.9,nM,5.3,ChEMBL
Apigenin,CYTOCHROME P450 19A1,CHEMBL1978,CHEMBL28,IC50,10000.0,nM,5.0,ChEMBL
Apigenin,CYTOCHROME P450 1A1,CHEMBL2231,CHEMBL28,IC50,427.0,nM,6.37,ChEMBL
Apigenin,CYTOCHROME P450 1A2,CHEMBL3356,CHEMBL28,IC50,795.0,nM,6.1,ChEMBL
Apigenin,CYTOCHROME P450 1B1,CHEMBL4878,CHEMBL28,IC50,25.0,nM,7.6,ChEMBL
Apigenin,CYTOCHROME P450 2C19,CHEMBL3622,CHEMBL28,Potency,7943.3,nM,5.1,ChEMBL
Apigenin,CYTOCHROME P450 2C9,CHEMBL3397,CHEMBL28,Potency,5011.9,nM,5.3,ChEMBL
Apigenin,CYTOCHROME P450 3A3,CHEMBL340,CHEMBL28,Potency,7943.3,nM,5.1,ChEMBL
Apigenin,CYTOCHROME P450 3A4,CHEMBL340,CHEMBL28,Potency,7943.3,nM,5.1,ChEMBL
Apigenin,CYTOCHROME P450 4,CHEMBL3356,CHEMBL28,IC50,795.0,nM,6.1,ChEMBL
Apigenin,CYTOCHROME P450 FORM 6,CHEMBL2231,CHEMBL28,IC50,427.0,nM,6.37,ChEMBL
Apigenin,CYTOCHROME P450 HLP,CHEMBL340,CHEMBL28,Potency,7943.3,nM,5.1,ChEMBL
Apigenin,CYTOCHROME P450 MP-4,CHEMBL3397,CHEMBL28,Potency,5011.9,nM,5.3,ChEMBL
Apigenin,CYTOCHROME P450 MP-8,CHEMBL3397,CHEMBL28,Potency,5011.9,nM,5.3,ChEMBL
Apigenin,CYTOCHROME P450 NF-25,CHEMBL340,CHEMBL28,Potency,7943.3,nM,5.1,ChEMBL
Apigenin,CYTOCHROME P450 PB-1,CHEMBL3397,CHEMBL28,Potency,5011.9,nM,5.3,ChEMBL
Apigenin,CYTOCHROME P450-11A,CHEMBL3622,CHEMBL28,Potency,7943.3,nM,5.1,ChEMBL
Apigenin,CYTOCHROME P450-254C,CHEMBL3622,CHEMBL28,Potency,7943.3,nM,5.1,ChEMBL
Apigenin,CYTOCHROME P450-C,CHEMBL2231,CHEMBL28,IC50,427.0,nM,6.37,ChEMBL
Apigenin,CYTOCHROME P450-P1,CHEMBL2231,CHEMBL28,IC50,427.0,nM,6.37,ChEMBL
Apigenin,CYTOCHROME P450-P3,CHEMBL3356,CHEMBL28,IC50,795.0,nM,6.1,ChEMBL
Apigenin,CYTOCHROME P450-PCN1,CHEMBL340,CHEMBL28,Potency,7943.3,nM,5.1,ChEMBL
Apigenin,CYTOSOLIC THYROID HORMONE-BINDING PROTEIN,CHEMBL1075189,CHEMBL28,Potency,3162.3,nM,5.5,ChEMBL
Apigenin,D-GALACTOSE 1-PHOSPHATE PHOSPHATASE,CHEMBL1293238,CHEMBL28,Potency,3981.1,nM,5.4,ChEMBL
Apigenin,D-GLUCOSYL-N-ACYLSPHINGOSINE GLUCOHYDROLASE,CHEMBL2179,CHEMBL28,Potency,8912.5,nM,,ChEMBL
Apigenin,DEACETYLASE,CHEMBL1865,CHEMBL28,IC50,1035.0,nM,5.99,ChEMBL
Apigenin,DEHYDROGENASE,CHEMBL4159,CHEMBL28,Potency,398.1,nM,6.4,ChEMBL
Apigenin,DEUBIQUITINATING ENZYME 1,CHEMBL1795087,CHEMBL28,Potency,4466.8,nM,,ChEMBL
Apigenin,DEUBIQUITINATING ENZYME 2,CHEMBL1293227,CHEMBL28,Potency,10000.0,nM,5.0,ChEMBL
Apigenin,DIHYDROTESTOSTERONE RECEPTOR,CHEMBL1871,CHEMBL28,IC50,5200.0,nM,5.28,ChEMBL
Apigenin,DIPEPTIDYL,CHEMBL284,CHEMBL28,IC50,140.0,nM,6.85,ChEMBL
Apigenin,DIPEPTIDYL PEPTIDASE 4,CHEMBL284,CHEMBL28,IC50,140.0,nM,6.85,ChEMBL
Apigenin,DIPEPTIDYL PEPTIDASE 4 MEMBRANE FORM,CHEMBL284,CHEMBL28,IC50,140.0,nM,6.85,ChEMBL
Apigenin,DIPEPTIDYL PEPTIDASE 4 SOLUBLE FORM,CHEMBL284,CHEMBL28,IC50,140.0,nM,6.85,ChEMBL
Apigenin,DIPEPTIDYL PEPTIDASE IV,CHEMBL284,CHEMBL28,IC50,140.0,nM,6.85,ChEMBL
Apigenin,DIPEPTIDYL PEPTIDASE IV MEMBRANE FORM,CHEMBL284,CHEMBL28,IC50,140.0,nM,6.85,ChEMBL
Apigenin,DIPEPTIDYL PEPTIDASE IV SOLUBLE FORM,CHEMBL284,CHEMBL28,IC50,140.0,nM,6.85,ChEMBL
Apigenin,DPP IV,CHEMBL284,CHEMBL28,IC50,140.0,nM,6.85,ChEMBL
Apigenin,DPP4,CHEMBL284,CHEMBL28,IC50,140.0,nM,6.85,ChEMBL
Apigenin,E2DH,CHEMBL3181,CHEMBL28,IC50,710.0,nM,6.15,ChEMBL
Apigenin,E3 UBIQUITIN-PROTEIN LIGASE HDAC6,CHEMBL1865,CHEMBL28,IC50,1035.0,nM,5.99,ChEMBL
Apigenin,EICOSANOID/DOCOSANOID DEHYDROGENASE [NAD(+)],CHEMBL1293255,CHEMBL28,Potency,3548.1,nM,5.45,ChEMBL
Apigenin,ENDODEOXYRIBONUCLEASE IV,CHEMBL1293285,CHEMBL28,Potency,5623.4,nM,5.25,ChEMBL
Apigenin,ENDONUCLEASE,CHEMBL1293285,CHEMBL28,Potency,5623.4,nM,5.25,ChEMBL
Apigenin,ENDONUCLEASE 4,CHEMBL1293285,CHEMBL28,Potency,5623.4,nM,5.25,ChEMBL
Apigenin,ENDONUCLEASE IV,CHEMBL1293285,CHEMBL28,Potency,5623.4,nM,5.25,ChEMBL
Apigenin,ENDOPLASMIC RETICULUM-ASSOCIATED AMYLOID BETA-PEPTIDE-BINDING PROTEIN,CHEMBL4159,CHEMBL28,Potency,398.1,nM,6.4,ChEMBL
Apigenin,ER-ALPHA,CHEMBL2304421,CHEMBL28,Kd,660.0,nM,6.18,ChEMBL
Apigenin,ER-BETA,CHEMBL242,CHEMBL28,IC50,130.0,nM,6.89,ChEMBL
Apigenin,ERYTHROID,CHEMBL1075094,CHEMBL28,Potency,461.1,nM,,ChEMBL
Apigenin,ESR1,CHEMBL2304421,CHEMBL28,Kd,660.0,nM,6.18,ChEMBL
Apigenin,ESR2,CHEMBL242,CHEMBL28,IC50,130.0,nM,6.89,ChEMBL
Apigenin,ESTRADIOL 17-BETA-DEHYDROGENASE 1,CHEMBL3181,CHEMBL28,IC50,710.0,nM,6.15,ChEMBL
Apigenin,ESTRADIOL RECEPTOR,CHEMBL2304421,CHEMBL28,Kd,660.0,nM,6.18,ChEMBL
Apigenin,ESTROGEN,CHEMBL242,CHEMBL28,IC50,130.0,nM,6.89,ChEMBL
Apigenin,ESTROGEN RECEPTOR,CHEMBL2304421,CHEMBL28,Kd,660.0,nM,6.18,ChEMBL
Apigenin,ESTROGEN RECEPTOR BETA,CHEMBL242,CHEMBL28,IC50,130.0,nM,6.89,ChEMBL
Apigenin,ESTROGEN SYNTHASE,CHEMBL1978,CHEMBL28,IC50,10000.0,nM,5.0,ChEMBL
Apigenin,EXON,CHEMBL4523582,CHEMBL28,IC50,3020.0,nM,5.52,ChEMBL
Apigenin,FACILITATED,CHEMBL2052034,CHEMBL28,IC50,2630.0,nM,5.58,ChEMBL
Apigenin,FACTOR,CHEMBL4261,CHEMBL28,Potency,1995.3,nM,5.7,ChEMBL
Apigenin,FAMILY,CHEMBL2052034,CHEMBL28,IC50,2630.0,nM,5.58,ChEMBL
Apigenin,FATTY,CHEMBL2903,CHEMBL28,Potency,5011.9,nM,5.3,ChEMBL
Apigenin,FBA,CHEMBL1293234,CHEMBL28,Potency,6294.6,nM,5.2,ChEMBL
Apigenin,FENBENDAZOLE MONOOXYGENASE (4'-HYDROXYLATING),CHEMBL3622,CHEMBL28,Potency,7943.3,nM,5.1,ChEMBL
Apigenin,FETAL LIVER KINASE-2,CHEMBL1974,CHEMBL28,IC50,1450.0,nM,5.84,ChEMBL
Apigenin,FIBROSIS,CHEMBL4051,CHEMBL28,EC50,9000.0,nM,5.05,ChEMBL
Apigenin,FL CYTOKINE RECEPTOR,CHEMBL1974,CHEMBL28,IC50,1450.0,nM,5.84,ChEMBL
Apigenin,FLK-2,CHEMBL1974,CHEMBL28,IC50,1450.0,nM,5.84,ChEMBL
Apigenin,FLT-3,CHEMBL1974,CHEMBL28,IC50,1450.0,nM,5.84,ChEMBL
Apigenin,FLT3,CHEMBL1974,CHEMBL28,IC50,1450.0,nM,5.84,ChEMBL
Apigenin,FMS-LIKE TYROSINE KINASE 3,CHEMBL1974,CHEMBL28,IC50,1450.0,nM,5.84,ChEMBL
Apigenin,"FRUCTOSE-1,6-BISPHOSPHATE ALDOLASE",CHEMBL1293234,CHEMBL28,Potency,6294.6,nM,5.2,ChEMBL
Apigenin,FRUCTOSE-BISPHOSPHATE ALDOLASE,CHEMBL1293234,CHEMBL28,Potency,6294.6,nM,5.2,ChEMBL
Apigenin,G2/MITOTIC-SPECIFIC CYCLIN-B1,CHEMBL2094127,CHEMBL28,IC50,4000.0,nM,5.4,ChEMBL
Apigenin,G2/MITOTIC-SPECIFIC CYCLIN-B2,CHEMBL2094127,CHEMBL28,IC50,4000.0,nM,5.4,ChEMBL
Apigenin,G2/MITOTIC-SPECIFIC CYCLIN-B3,CHEMBL2094127,CHEMBL28,IC50,4000.0,nM,5.4,ChEMBL
Apigenin,GABA(A) RECEPTOR SUBUNIT ALPHA-1,CHEMBL1907607,CHEMBL28,Ki,770.0,nM,6.11,ChEMBL
Apigenin,GABA(A) RECEPTOR SUBUNIT ALPHA-2,CHEMBL1907607,CHEMBL28,Ki,770.0,nM,6.11,ChEMBL
Apigenin,GABA(A) RECEPTOR SUBUNIT ALPHA-3,CHEMBL1907607,CHEMBL28,Ki,770.0,nM,6.11,ChEMBL
Apigenin,GABA(A) RECEPTOR SUBUNIT ALPHA-4,CHEMBL1907607,CHEMBL28,Ki,770.0,nM,6.11,ChEMBL
Apigenin,GABA(A) RECEPTOR SUBUNIT ALPHA-5,CHEMBL1907607,CHEMBL28,Ki,770.0,nM,6.11,ChEMBL
Apigenin,GABA(A) RECEPTOR SUBUNIT ALPHA-6,CHEMBL1907607,CHEMBL28,Ki,770.0,nM,6.11,ChEMBL
Apigenin,GABA(A) RECEPTOR SUBUNIT BETA-1,CHEMBL1907607,CHEMBL28,Ki,770.0,nM,6.11,ChEMBL
Apigenin,GABA(A) RECEPTOR SUBUNIT BETA-2,CHEMBL1907607,CHEMBL28,Ki,770.0,nM,6.11,ChEMBL
Apigenin,GABA(A) RECEPTOR SUBUNIT BETA-3,CHEMBL1907607,CHEMBL28,Ki,770.0,nM,6.11,ChEMBL
Apigenin,GABA(A) RECEPTOR SUBUNIT DELTA,CHEMBL1907607,CHEMBL28,Ki,770.0,nM,6.11,ChEMBL
Apigenin,GABA(A) RECEPTOR SUBUNIT EPSILON,CHEMBL1907607,CHEMBL28,Ki,770.0,nM,6.11,ChEMBL
Apigenin,GABA(A) RECEPTOR SUBUNIT GAMMA-1,CHEMBL1907607,CHEMBL28,Ki,770.0,nM,6.11,ChEMBL
Apigenin,GABA(A) RECEPTOR SUBUNIT GAMMA-2,CHEMBL1907607,CHEMBL28,Ki,770.0,nM,6.11,ChEMBL
Apigenin,GABA(A) RECEPTOR SUBUNIT GAMMA-3,CHEMBL1907607,CHEMBL28,Ki,770.0,nM,6.11,ChEMBL
Apigenin,GABA(A) RECEPTOR SUBUNIT PI,CHEMBL1907607,CHEMBL28,Ki,770.0,nM,6.11,ChEMBL
Apigenin,GABA(A) RECEPTOR SUBUNIT THETA,CHEMBL1907607,CHEMBL28,Ki,770.0,nM,6.11,ChEMBL
Apigenin,GABAAR SUBUNIT ALPHA-1,CHEMBL1907607,CHEMBL28,Ki,770.0,nM,6.11,ChEMBL
Apigenin,GABAAR SUBUNIT ALPHA-2,CHEMBL1907607,CHEMBL28,Ki,770.0,nM,6.11,ChEMBL
Apigenin,GABAAR SUBUNIT ALPHA-3,CHEMBL1907607,CHEMBL28,Ki,770.0,nM,6.11,ChEMBL
Apigenin,GABAAR SUBUNIT ALPHA-4,CHEMBL1907607,CHEMBL28,Ki,770.0,nM,6.11,ChEMBL
Apigenin,GABAAR SUBUNIT ALPHA-5,CHEMBL1907607,CHEMBL28,Ki,770.0,nM,6.11,ChEMBL
Apigenin,GABAAR SUBUNIT ALPHA-6,CHEMBL1907607,CHEMBL28,Ki,770.0,nM,6.11,ChEMBL
Apigenin,GABAAR SUBUNIT BETA-1,CHEMBL1907607,CHEMBL28,Ki,770.0,nM,6.11,ChEMBL
Apigenin,GABAAR SUBUNIT BETA-2,CHEMBL1907607,CHEMBL28,Ki,770.0,nM,6.11,ChEMBL
Apigenin,GABAAR SUBUNIT BETA-3,CHEMBL1907607,CHEMBL28,Ki,770.0,nM,6.11,ChEMBL
Apigenin,GABAAR SUBUNIT DELTA,CHEMBL1907607,CHEMBL28,Ki,770.0,nM,6.11,ChEMBL
Apigenin,GABAAR SUBUNIT EPSILON,CHEMBL1907607,CHEMBL28,Ki,770.0,nM,6.11,ChEMBL
Apigenin,GABAAR SUBUNIT GAMMA-1,CHEMBL1907607,CHEMBL28,Ki,770.0,nM,6.11,ChEMBL
Apigenin,GABAAR SUBUNIT GAMMA-2,CHEMBL1907607,CHEMBL28,Ki,770.0,nM,6.11,ChEMBL
Apigenin,GABAAR SUBUNIT GAMMA-3,CHEMBL1907607,CHEMBL28,Ki,770.0,nM,6.11,ChEMBL
Apigenin,GABAAR SUBUNIT PI,CHEMBL1907607,CHEMBL28,Ki,770.0,nM,6.11,ChEMBL
Apigenin,GABAAR SUBUNIT THETA,CHEMBL2093872,CHEMBL28,Ki,3019.95,nM,5.52,ChEMBL
Apigenin,GABRA1,CHEMBL1907607,CHEMBL28,Ki,770.0,nM,6.11,ChEMBL
Apigenin,GABRA2,CHEMBL1907607,CHEMBL28,Ki,770.0,nM,6.11,ChEMBL
Apigenin,GABRA3,CHEMBL1907607,CHEMBL28,Ki,770.0,nM,6.11,ChEMBL
Apigenin,GABRA4,CHEMBL1907607,CHEMBL28,Ki,770.0,nM,6.11,ChEMBL
Apigenin,GABRA5,CHEMBL1907607,CHEMBL28,Ki,770.0,nM,6.11,ChEMBL
Apigenin,GABRA6,CHEMBL1907607,CHEMBL28,Ki,770.0,nM,6.11,ChEMBL
Apigenin,GABRB1,CHEMBL1907607,CHEMBL28,Ki,770.0,nM,6.11,ChEMBL
Apigenin,GABRB2,CHEMBL1907607,CHEMBL28,Ki,770.0,nM,6.11,ChEMBL
Apigenin,GABRB3,CHEMBL1907607,CHEMBL28,Ki,770.0,nM,6.11,ChEMBL
Apigenin,GABRD,CHEMBL1907607,CHEMBL28,Ki,770.0,nM,6.11,ChEMBL
Apigenin,GABRE,CHEMBL1907607,CHEMBL28,Ki,770.0,nM,6.11,ChEMBL
Apigenin,GABRG1,CHEMBL1907607,CHEMBL28,Ki,770.0,nM,6.11,ChEMBL
Apigenin,GABRG2,CHEMBL1907607,CHEMBL28,Ki,770.0,nM,6.11,ChEMBL
Apigenin,GABRG3,CHEMBL1907607,CHEMBL28,Ki,770.0,nM,6.11,ChEMBL
Apigenin,GABRP,CHEMBL1907607,CHEMBL28,Ki,770.0,nM,6.11,ChEMBL
Apigenin,GABRQ,CHEMBL1907607,CHEMBL28,Ki,770.0,nM,6.11,ChEMBL
Apigenin,GAG-POL POLYPROTEIN,CHEMBL3471,CHEMBL28,IC50,1500.0,nM,5.82,ChEMBL
Apigenin,GAMMA,CHEMBL235,CHEMBL28,Potency,8912.5,nM,,ChEMBL
Apigenin,GAMMA-AMINOBUTYRIC ACID RECEPTOR SUBUNIT ALPHA-1,CHEMBL1907607,CHEMBL28,Ki,770.0,nM,6.11,ChEMBL
Apigenin,GAMMA-AMINOBUTYRIC ACID RECEPTOR SUBUNIT ALPHA-2,CHEMBL1907607,CHEMBL28,Ki,770.0,nM,6.11,ChEMBL
Apigenin,GAMMA-AMINOBUTYRIC ACID RECEPTOR SUBUNIT ALPHA-3,CHEMBL1907607,CHEMBL28,Ki,770.0,nM,6.11,ChEMBL
Apigenin,GAMMA-AMINOBUTYRIC ACID RECEPTOR SUBUNIT ALPHA-4,CHEMBL1907607,CHEMBL28,Ki,770.0,nM,6.11,ChEMBL
Apigenin,GAMMA-AMINOBUTYRIC ACID RECEPTOR SUBUNIT ALPHA-5,CHEMBL1907607,CHEMBL28,Ki,770.0,nM,6.11,ChEMBL
Apigenin,GAMMA-AMINOBUTYRIC ACID RECEPTOR SUBUNIT ALPHA-6,CHEMBL1907607,CHEMBL28,Ki,770.0,nM,6.11,ChEMBL
Apigenin,GAMMA-AMINOBUTYRIC ACID RECEPTOR SUBUNIT BETA-1,CHEMBL1907607,CHEMBL28,Ki,770.0,nM,6.11,ChEMBL
Apigenin,GAMMA-AMINOBUTYRIC ACID RECEPTOR SUBUNIT BETA-2,CHEMBL1907607,CHEMBL28,Ki,770.0,nM,6.11,ChEMBL
Apigenin,GAMMA-AMINOBUTYRIC ACID RECEPTOR SUBUNIT BETA-3,CHEMBL1907607,CHEMBL28,Ki,770.0,nM,6.11,ChEMBL
Apigenin,GAMMA-AMINOBUTYRIC ACID RECEPTOR SUBUNIT DELTA,CHEMBL1907607,CHEMBL28,Ki,770.0,nM,6.11,ChEMBL
Apigenin,GAMMA-AMINOBUTYRIC ACID RECEPTOR SUBUNIT EPSILON,CHEMBL1907607,CHEMBL28,Ki,770.0,nM,6.11,ChEMBL
Apigenin,GAMMA-AMINOBUTYRIC ACID RECEPTOR SUBUNIT GAMMA-1,CHEMBL1907607,CHEMBL28,Ki,770.0,nM,6.11,ChEMBL
Apigenin,GAMMA-AMINOBUTYRIC ACID RECEPTOR SUBUNIT GAMMA-2,CHEMBL1907607,CHEMBL28,Ki,770.0,nM,6.11,ChEMBL
Apigenin,GAMMA-AMINOBUTYRIC ACID RECEPTOR SUBUNIT GAMMA-3,CHEMBL1907607,CHEMBL28,Ki,770.0,nM,6.11,ChEMBL
Apigenin,GAMMA-AMINOBUTYRIC ACID RECEPTOR SUBUNIT PI,CHEMBL1907607,CHEMBL28,Ki,770.0,nM,6.11,ChEMBL
Apigenin,GAMMA-AMINOBUTYRIC ACID RECEPTOR SUBUNIT THETA,CHEMBL1907607,CHEMBL28,Ki,770.0,nM,6.11,ChEMBL
Apigenin,GBA1,CHEMBL2179,CHEMBL28,Potency,8912.5,nM,,ChEMBL
Apigenin,GFL,CHEMBL4523582,CHEMBL28,IC50,3020.0,nM,5.52,ChEMBL
Apigenin,GLFBA,CHEMBL1293234,CHEMBL28,Potency,6294.6,nM,5.2,ChEMBL
Apigenin,GLFBPA,CHEMBL1293234,CHEMBL28,Potency,6294.6,nM,5.2,ChEMBL
Apigenin,GLUCOCORTICOID,CHEMBL2034,CHEMBL28,Potency,7.1,nM,,ChEMBL
Apigenin,GLUCOCORTICOID RECEPTOR,CHEMBL2034,CHEMBL28,Potency,7.1,nM,,ChEMBL
Apigenin,GLUCOSE,CHEMBL2052034,CHEMBL28,IC50,2630.0,nM,5.58,ChEMBL
Apigenin,GLUCOSE TRANSPORTER TYPE 9,CHEMBL2052034,CHEMBL28,IC50,2630.0,nM,5.58,ChEMBL
Apigenin,GLUCOSYLCERAMIDASE BETA 1,CHEMBL2179,CHEMBL28,Potency,8912.5,nM,,ChEMBL
Apigenin,GLUT-9,CHEMBL2052034,CHEMBL28,IC50,2630.0,nM,5.58,ChEMBL
Apigenin,GLUTATHIONE-S-CONJUGATE-TRANSLOCATING ATPASE ABCC1,CHEMBL3004,CHEMBL28,Ki,2400.0,nM,5.62,ChEMBL
Apigenin,GLYCOGEN,CHEMBL262,CHEMBL28,IC50,1900.0,nM,5.72,ChEMBL
Apigenin,GLYCOGEN SYNTHASE KINASE-3 ALPHA,CHEMBL2095188,CHEMBL28,IC50,1400.0,nM,5.85,ChEMBL
Apigenin,GLYCOGEN SYNTHASE KINASE-3 BETA,CHEMBL2095188,CHEMBL28,IC50,1400.0,nM,5.85,ChEMBL
Apigenin,GROWTH FACTOR-LIKE PEPTIDE,CHEMBL4523582,CHEMBL28,IC50,3020.0,nM,5.52,ChEMBL
Apigenin,GSK-3 ALPHA,CHEMBL2095188,CHEMBL28,IC50,1400.0,nM,5.85,ChEMBL
Apigenin,GSK-3 BETA,CHEMBL2095188,CHEMBL28,IC50,1400.0,nM,5.85,ChEMBL
Apigenin,GSK3A,CHEMBL2095188,CHEMBL28,IC50,1400.0,nM,5.85,ChEMBL
Apigenin,GSK3B,CHEMBL2095188,CHEMBL28,IC50,1400.0,nM,5.85,ChEMBL
Apigenin,GUANINE-N7 METHYLTRANSFERASE NSP14,CHEMBL4523582,CHEMBL28,IC50,3020.0,nM,5.52,ChEMBL
Apigenin,GUSB,CHEMBL4814,CHEMBL28,IC50,2800.0,nM,5.55,ChEMBL
Apigenin,HARP,CHEMBL5983,CHEMBL28,Ki,6000.0,nM,5.22,ChEMBL
Apigenin,HDAC6,CHEMBL1865,CHEMBL28,IC50,1035.0,nM,5.99,ChEMBL
Apigenin,HEK293,CHEMBL614818,CHEMBL28,Potency,4107.8,nM,,ChEMBL
Apigenin,HEL,CHEMBL4523582,CHEMBL28,IC50,3020.0,nM,5.52,ChEMBL
Apigenin,HELA,CHEMBL399,CHEMBL28,IC50,6092.0,nM,5.21,ChEMBL
Apigenin,HELA S3,CHEMBL4296436,CHEMBL28,IC50,10000.0,nM,,ChEMBL
Apigenin,HELICASE NSP13,CHEMBL4523582,CHEMBL28,IC50,3020.0,nM,5.52,ChEMBL
Apigenin,HEPATITIS C VIRUS,CHEMBL379,CHEMBL28,EC50,7900.0,nM,5.1,ChEMBL
Apigenin,HEPOXILIN A3 SYNTHASE ALOX15,CHEMBL2903,CHEMBL28,Potency,5011.9,nM,5.3,ChEMBL
Apigenin,HIF-1-ALPHA,CHEMBL4261,CHEMBL28,Potency,1995.3,nM,5.7,ChEMBL
Apigenin,HIF1-ALPHA,CHEMBL4261,CHEMBL28,Potency,1995.3,nM,5.7,ChEMBL
Apigenin,HIF1A,CHEMBL4261,CHEMBL28,Potency,1995.3,nM,5.7,ChEMBL
Apigenin,HISTONE-LYSINE N-METHYLTRANSFERASE 2A,CHEMBL2093861,CHEMBL28,Potency,10000.0,nM,5.0,ChEMBL
Apigenin,HOMOLOG,CHEMBL4090,CHEMBL28,IC50,7000.0,nM,5.16,ChEMBL
Apigenin,HOST TRANSLATION INHIBITOR NSP1,CHEMBL4523582,CHEMBL28,IC50,3020.0,nM,5.52,ChEMBL
Apigenin,HPGD,CHEMBL1293255,CHEMBL28,Potency,3548.1,nM,5.45,ChEMBL
Apigenin,HSD17B1,CHEMBL3181,CHEMBL28,IC50,710.0,nM,6.15,ChEMBL
Apigenin,HSD17B10,CHEMBL4159,CHEMBL28,Potency,398.1,nM,6.4,ChEMBL
Apigenin,HT-29,CHEMBL384,CHEMBL28,IC50,2000.0,nM,5.7,ChEMBL
Apigenin,HTRP-5,CHEMBL1250411,CHEMBL28,IC50,10000.0,nM,,ChEMBL
Apigenin,HTRP5,CHEMBL1250411,CHEMBL28,IC50,10000.0,nM,,ChEMBL
Apigenin,HUBP,CHEMBL1795087,CHEMBL28,Potency,4466.8,nM,,ChEMBL
Apigenin,HUMAN IMMUNODEFICIENCY VIRUS 1,CHEMBL378,CHEMBL28,EC50,9000.0,nM,5.05,ChEMBL
Apigenin,HYDROLASE,CHEMBL1293227,CHEMBL28,Potency,10000.0,nM,5.0,ChEMBL
Apigenin,HYDROPEROXY ICOSATETRAENOATE DEHYDRATASE,CHEMBL4878,CHEMBL28,IC50,25.0,nM,7.6,ChEMBL
Apigenin,HYPOXIA-INDUCIBLE FACTOR 1-ALPHA,CHEMBL4261,CHEMBL28,Potency,1995.3,nM,5.7,ChEMBL
Apigenin,II,CHEMBL3629,CHEMBL28,IC50,800.0,nM,6.1,ChEMBL
Apigenin,IMIGLUCERASE,CHEMBL2179,CHEMBL28,Potency,8912.5,nM,,ChEMBL
Apigenin,IMP 1,CHEMBL1293238,CHEMBL28,Potency,3981.1,nM,5.4,ChEMBL
Apigenin,IMPA1,CHEMBL1293238,CHEMBL28,Potency,3981.1,nM,5.4,ChEMBL
Apigenin,IMPASE 1,CHEMBL1293238,CHEMBL28,Potency,3981.1,nM,5.4,ChEMBL
Apigenin,INFLUENZA A VIRUS,CHEMBL613740,CHEMBL28,IC50,4740.0,nM,5.32,ChEMBL
Apigenin,INOSITOL,CHEMBL1293238,CHEMBL28,Potency,3981.1,nM,5.4,ChEMBL
Apigenin,INOSITOL HEXAKISPHOSPHATE KINASE 2,CHEMBL4523488,CHEMBL28,IC50,7100.0,nM,5.15,ChEMBL
Apigenin,INOSITOL MONOPHOSPHATASE 1,CHEMBL1293238,CHEMBL28,Potency,3981.1,nM,5.4,ChEMBL
Apigenin,INOSITOL-1(OR 4)-MONOPHOSPHATASE 1,CHEMBL1293238,CHEMBL28,Potency,3981.1,nM,5.4,ChEMBL
Apigenin,INSP6 KINASE 2,CHEMBL4523488,CHEMBL28,IC50,7100.0,nM,5.15,ChEMBL
Apigenin,INSP6K2,CHEMBL4523488,CHEMBL28,IC50,7100.0,nM,5.15,ChEMBL
Apigenin,INTRACELLULAR,CHEMBL1293277,CHEMBL28,Potency,5804.8,nM,5.24,ChEMBL
Apigenin,IP6K2,CHEMBL4523488,CHEMBL28,IC50,7100.0,nM,5.15,ChEMBL
Apigenin,KIDNEY OXIDASE-1,CHEMBL1250375,CHEMBL28,IC50,1130.0,nM,5.95,ChEMBL
Apigenin,KIDNEY SUPEROXIDE-PRODUCING NADPH OXIDASE,CHEMBL1250375,CHEMBL28,IC50,1130.0,nM,5.95,ChEMBL
Apigenin,KINASE,CHEMBL4204,CHEMBL28,IC50,308.0,nM,6.51,ChEMBL
Apigenin,KMT2A,CHEMBL2093861,CHEMBL28,Potency,10000.0,nM,5.0,ChEMBL
Apigenin,KOX-1,CHEMBL1250375,CHEMBL28,IC50,1130.0,nM,5.95,ChEMBL
Apigenin,LEADER PROTEIN,CHEMBL4523582,CHEMBL28,IC50,3020.0,nM,5.52,ChEMBL
Apigenin,LEISHMANIA AMAZONENSIS,CHEMBL612877,CHEMBL28,EC50,3850.0,nM,5.42,ChEMBL
Apigenin,LEUKOTRIENE C(4) TRANSPORTER,CHEMBL3004,CHEMBL28,Ki,2400.0,nM,5.62,ChEMBL
Apigenin,LINOLEATE 13S-LIPOXYGENASE,CHEMBL2903,CHEMBL28,Potency,5011.9,nM,5.3,ChEMBL
Apigenin,LIPOXYGENASE,CHEMBL2903,CHEMBL28,Potency,5011.9,nM,5.3,ChEMBL
Apigenin,LITHIUM-SENSITIVE MYO-INOSITOL MONOPHOSPHATASE A1,CHEMBL1293238,CHEMBL28,Potency,3981.1,nM,5.4,ChEMBL
Apigenin,LRR,CHEMBL1741208,CHEMBL28,IC50,10000.0,nM,5.0,ChEMBL
Apigenin,LTC4 TRANSPORTER,CHEMBL3004,CHEMBL28,Ki,2400.0,nM,5.62,ChEMBL
Apigenin,LYSINE N-METHYLTRANSFERASE 2A,CHEMBL2093861,CHEMBL28,Potency,10000.0,nM,5.0,ChEMBL
Apigenin,LYSOSOMAL,CHEMBL2179,CHEMBL28,Potency,8912.5,nM,,ChEMBL
Apigenin,LYSOSOMAL ACID GCASE,CHEMBL2179,CHEMBL28,Potency,8912.5,nM,,ChEMBL
Apigenin,LYSOSOMAL ACID GLUCOSYLCERAMIDASE,CHEMBL2179,CHEMBL28,Potency,8912.5,nM,,ChEMBL
Apigenin,LYSOSOMAL CHOLESTEROL GLYCOSYLTRANSFERASE,CHEMBL2179,CHEMBL28,Potency,8912.5,nM,,ChEMBL
Apigenin,LYSOSOMAL GALACTOSYLCERAMIDASE,CHEMBL2179,CHEMBL28,Potency,8912.5,nM,,ChEMBL
Apigenin,LYSOSOMAL GLYCOSYLCERAMIDASE,CHEMBL2179,CHEMBL28,Potency,8912.5,nM,,ChEMBL
Apigenin,M-PHASE PHOSPHOPROTEIN 8,CHEMBL1741210,CHEMBL28,Potency,794.3,nM,,ChEMBL
Apigenin,MACROPAIN EPSILON CHAIN,CHEMBL4662,CHEMBL28,IC50,1000.0,nM,6.0,ChEMBL
Apigenin,MAIN PROTEASE,CHEMBL4523582,CHEMBL28,IC50,3020.0,nM,5.52,ChEMBL
Apigenin,MAO-A,CHEMBL1951,CHEMBL28,IC50,1700.0,nM,5.77,ChEMBL
Apigenin,MAO-B,CHEMBL2039,CHEMBL28,IC50,1120.0,nM,5.95,ChEMBL
Apigenin,MAOA,CHEMBL1951,CHEMBL28,IC50,1700.0,nM,5.77,ChEMBL
Apigenin,MAOB,CHEMBL2039,CHEMBL28,IC50,1120.0,nM,5.95,ChEMBL
Apigenin,MAP,CHEMBL4204,CHEMBL28,IC50,308.0,nM,6.51,ChEMBL
Apigenin,MAP KINASE SIGNAL-INTEGRATING KINASE 2,CHEMBL4204,CHEMBL28,IC50,308.0,nM,6.51,ChEMBL
Apigenin,MAP KINASE-INTERACTING SERINE/THREONINE-PROTEIN KINASE 2,CHEMBL4204,CHEMBL28,IC50,308.0,nM,6.51,ChEMBL
Apigenin,MAPK SIGNAL-INTEGRATING KINASE 2,CHEMBL4204,CHEMBL28,IC50,308.0,nM,6.51,ChEMBL
Apigenin,MAPT,CHEMBL1293224,CHEMBL28,Potency,8912.5,nM,5.05,ChEMBL
Apigenin,MCF7,CHEMBL387,CHEMBL28,IC50,1000.0,nM,6.0,ChEMBL
Apigenin,MEGAKARYOCYTE COLONY-STIMULATING FACTOR,CHEMBL1293256,CHEMBL28,Potency,501.2,nM,6.3,ChEMBL
Apigenin,MEGAKARYOCYTE GROWTH AND DEVELOPMENT FACTOR,CHEMBL1293256,CHEMBL28,Potency,501.2,nM,6.3,ChEMBL
Apigenin,MEMAPSIN-2,CHEMBL4822,CHEMBL28,IC50,3790.0,nM,5.42,ChEMBL
Apigenin,MEMBER,CHEMBL2052034,CHEMBL28,IC50,2630.0,nM,5.58,ChEMBL
Apigenin,MEMBER OF PAS PROTEIN 1,CHEMBL4261,CHEMBL28,Potency,1995.3,nM,5.7,ChEMBL
Apigenin,MEMBRANE-ASSOCIATED ASPARTIC PROTEASE 2,CHEMBL4822,CHEMBL28,IC50,3790.0,nM,5.42,ChEMBL
Apigenin,MEN1,CHEMBL2093861,CHEMBL28,Potency,10000.0,nM,5.0,ChEMBL
Apigenin,MENIN,CHEMBL2093861,CHEMBL28,Potency,10000.0,nM,5.0,ChEMBL
Apigenin,MEPHENYTOIN 4-HYDROXYLASE,CHEMBL3622,CHEMBL28,Potency,7943.3,nM,5.1,ChEMBL
Apigenin,MGDF,CHEMBL1293256,CHEMBL28,Potency,501.2,nM,6.3,ChEMBL
Apigenin,MHBD,CHEMBL4159,CHEMBL28,Potency,398.1,nM,6.4,ChEMBL
Apigenin,MICROTUBULE-ASSOCIATED PROTEIN TAU,CHEMBL1293224,CHEMBL28,Potency,8912.5,nM,5.05,ChEMBL
Apigenin,MITOCHONDRIAL RIBONUCLEASE P PROTEIN 2,CHEMBL4159,CHEMBL28,Potency,398.1,nM,6.4,ChEMBL
Apigenin,MITOCHONDRIAL RNASE P PROTEIN 2,CHEMBL4159,CHEMBL28,Potency,398.1,nM,6.4,ChEMBL
Apigenin,MITOXANTRONE RESISTANCE-ASSOCIATED PROTEIN,CHEMBL5393,CHEMBL28,IC50,3100.0,nM,5.51,ChEMBL
Apigenin,MKNK2,CHEMBL4204,CHEMBL28,IC50,308.0,nM,6.51,ChEMBL
Apigenin,MLL CLEAVAGE PRODUCT C180,CHEMBL2093861,CHEMBL28,Potency,10000.0,nM,5.0,ChEMBL
Apigenin,MLL CLEAVAGE PRODUCT N320,CHEMBL2093861,CHEMBL28,Potency,10000.0,nM,5.0,ChEMBL
Apigenin,MNK2,CHEMBL4204,CHEMBL28,IC50,308.0,nM,6.51,ChEMBL
Apigenin,MONOAMINE OXIDASE TYPE A,CHEMBL1951,CHEMBL28,IC50,1700.0,nM,5.77,ChEMBL
Apigenin,MONOAMINE OXIDASE TYPE B,CHEMBL2039,CHEMBL28,IC50,1120.0,nM,5.95,ChEMBL
Apigenin,MONOCYTE,CHEMBL614076,CHEMBL28,IC50,1200.0,nM,5.92,ChEMBL
Apigenin,MONOPHOSPHATASE,CHEMBL1293238,CHEMBL28,Potency,3981.1,nM,5.4,ChEMBL
Apigenin,MPHOSPH8,CHEMBL1741210,CHEMBL28,Potency,794.3,nM,,ChEMBL
Apigenin,MPO,CHEMBL2439,CHEMBL28,IC50,3800.0,nM,5.42,ChEMBL
Apigenin,MPRO,CHEMBL4523582,CHEMBL28,IC50,3020.0,nM,5.52,ChEMBL
Apigenin,MULTICATALYTIC ENDOPEPTIDASE COMPLEX EPSILON CHAIN,CHEMBL4662,CHEMBL28,IC50,1000.0,nM,6.0,ChEMBL
Apigenin,MULTIDRUG,CHEMBL3004,CHEMBL28,Ki,2400.0,nM,5.62,ChEMBL
Apigenin,MULTIDRUG RESISTANCE PROTEIN 1,CHEMBL4302,CHEMBL28,Kd,10000.0,nM,5.0,ChEMBL
Apigenin,MULTIDRUG RESISTANCE-ASSOCIATED PROTEIN 1,CHEMBL3004,CHEMBL28,Ki,2400.0,nM,5.62,ChEMBL
Apigenin,MYELOID/LYMPHOID OR MIXED-LINEAGE LEUKEMIA,CHEMBL2093861,CHEMBL28,Potency,10000.0,nM,5.0,ChEMBL
Apigenin,MYELOID/LYMPHOID OR MIXED-LINEAGE LEUKEMIA PROTEIN 1,CHEMBL2093861,CHEMBL28,Potency,10000.0,nM,5.0,ChEMBL
Apigenin,MYELOPEROXIDASE,CHEMBL2439,CHEMBL28,IC50,3800.0,nM,5.42,ChEMBL
Apigenin,MYELOPEROXIDASE HEAVY CHAIN,CHEMBL2439,CHEMBL28,IC50,3800.0,nM,5.42,ChEMBL
Apigenin,MYELOPEROXIDASE LIGHT CHAIN,CHEMBL2439,CHEMBL28,IC50,3800.0,nM,5.42,ChEMBL
Apigenin,MYELOPROLIFERATIVE LEUKEMIA VIRUS ONCOGENE LIGAND,CHEMBL1293256,CHEMBL28,Potency,501.2,nM,6.3,ChEMBL
Apigenin,N-TERMINAL CLEAVAGE PRODUCT OF 320 KDA,CHEMBL2093861,CHEMBL28,Potency,10000.0,nM,5.0,ChEMBL
Apigenin,NACHT,CHEMBL1741208,CHEMBL28,IC50,10000.0,nM,5.0,ChEMBL
Apigenin,"NACHT, LRR AND PYD DOMAINS-CONTAINING PROTEIN 3",CHEMBL1741208,CHEMBL28,IC50,10000.0,nM,5.0,ChEMBL
Apigenin,NADPH,CHEMBL1250375,CHEMBL28,IC50,1130.0,nM,5.95,ChEMBL
Apigenin,NADPH OXIDASE 4,CHEMBL1250375,CHEMBL28,IC50,1130.0,nM,5.95,ChEMBL
Apigenin,NCI/ADR-RES,CHEMBL613829,CHEMBL28,IC50,200.0,nM,6.7,ChEMBL
Apigenin,NENDOU,CHEMBL4523582,CHEMBL28,IC50,3020.0,nM,5.52,ChEMBL
Apigenin,NEUROFIBRILLARY TANGLE PROTEIN,CHEMBL1293224,CHEMBL28,Potency,8912.5,nM,5.05,ChEMBL
Apigenin,NEUTROPHIL,CHEMBL613710,CHEMBL28,IC50,7700.0,nM,5.11,ChEMBL
Apigenin,NF-E2-RELATED FACTOR 2,CHEMBL1075094,CHEMBL28,Potency,461.1,nM,,ChEMBL
Apigenin,NFE2-RELATED FACTOR 2,CHEMBL1075094,CHEMBL28,Potency,461.1,nM,,ChEMBL
Apigenin,NFE2L2,CHEMBL1075094,CHEMBL28,Potency,461.1,nM,,ChEMBL
Apigenin,NFO,CHEMBL1293285,CHEMBL28,Potency,5623.4,nM,5.25,ChEMBL
Apigenin,NIEMANN-PICK C1 PROTEIN,CHEMBL1293277,CHEMBL28,Potency,5804.8,nM,5.24,ChEMBL
Apigenin,NIFEDIPINE OXIDASE,CHEMBL340,CHEMBL28,Potency,7943.3,nM,5.1,ChEMBL
Apigenin,NLRP3,CHEMBL1741208,CHEMBL28,IC50,10000.0,nM,5.0,ChEMBL
Apigenin,NON-PROTEIN TARGET,CHEMBL3879801,CHEMBL28,IC50,1330.0,nM,5.88,ChEMBL
Apigenin,NON-STRUCTURAL PROTEIN 1,CHEMBL4523582,CHEMBL28,IC50,3020.0,nM,5.52,ChEMBL
Apigenin,NON-STRUCTURAL PROTEIN 10,CHEMBL4523582,CHEMBL28,IC50,3020.0,nM,5.52,ChEMBL
Apigenin,NON-STRUCTURAL PROTEIN 12,CHEMBL4523582,CHEMBL28,IC50,3020.0,nM,5.52,ChEMBL
Apigenin,NON-STRUCTURAL PROTEIN 13,CHEMBL4523582,CHEMBL28,IC50,3020.0,nM,5.52,ChEMBL
Apigenin,NON-STRUCTURAL PROTEIN 14,CHEMBL4523582,CHEMBL28,IC50,3020.0,nM,5.52,ChEMBL
Apigenin,NON-STRUCTURAL PROTEIN 15,CHEMBL4523582,CHEMBL28,IC50,3020.0,nM,5.52,ChEMBL
Apigenin,NON-STRUCTURAL PROTEIN 16,CHEMBL4523582,CHEMBL28,IC50,3020.0,nM,5.52,ChEMBL
Apigenin,NON-STRUCTURAL PROTEIN 2,CHEMBL4523582,CHEMBL28,IC50,3020.0,nM,5.52,ChEMBL
Apigenin,NON-STRUCTURAL PROTEIN 3,CHEMBL4523582,CHEMBL28,IC50,3020.0,nM,5.52,ChEMBL
Apigenin,NON-STRUCTURAL PROTEIN 4,CHEMBL4523582,CHEMBL28,IC50,3020.0,nM,5.52,ChEMBL
Apigenin,NON-STRUCTURAL PROTEIN 5,CHEMBL4523582,CHEMBL28,IC50,3020.0,nM,5.52,ChEMBL
Apigenin,NON-STRUCTURAL PROTEIN 6,CHEMBL4523582,CHEMBL28,IC50,3020.0,nM,5.52,ChEMBL
Apigenin,NON-STRUCTURAL PROTEIN 7,CHEMBL4523582,CHEMBL28,IC50,3020.0,nM,5.52,ChEMBL
Apigenin,NON-STRUCTURAL PROTEIN 8,CHEMBL4523582,CHEMBL28,IC50,3020.0,nM,5.52,ChEMBL
Apigenin,NON-STRUCTURAL PROTEIN 9,CHEMBL4523582,CHEMBL28,IC50,3020.0,nM,5.52,ChEMBL
Apigenin,NOX4,CHEMBL1250375,CHEMBL28,IC50,1130.0,nM,5.95,ChEMBL
Apigenin,NPC,CHEMBL1293277,CHEMBL28,Potency,5804.8,nM,5.24,ChEMBL
Apigenin,NPC INTRACELLULAR CHOLESTEROL TRANSPORTER 1,CHEMBL1293277,CHEMBL28,Potency,5804.8,nM,5.24,ChEMBL
Apigenin,NPC1,CHEMBL1293277,CHEMBL28,Potency,5804.8,nM,5.24,ChEMBL
Apigenin,NR3C1,CHEMBL2034,CHEMBL28,Potency,7.1,nM,,ChEMBL
Apigenin,NRF-2,CHEMBL1075094,CHEMBL28,Potency,461.1,nM,,ChEMBL
Apigenin,NSP1,CHEMBL4523582,CHEMBL28,IC50,3020.0,nM,5.52,ChEMBL
Apigenin,NSP10,CHEMBL4523582,CHEMBL28,IC50,3020.0,nM,5.52,ChEMBL
Apigenin,NSP12,CHEMBL4523582,CHEMBL28,IC50,3020.0,nM,5.52,ChEMBL
Apigenin,NSP13,CHEMBL4523582,CHEMBL28,IC50,3020.0,nM,5.52,ChEMBL
Apigenin,NSP14,CHEMBL4523582,CHEMBL28,IC50,3020.0,nM,5.52,ChEMBL
Apigenin,NSP15,CHEMBL4523582,CHEMBL28,IC50,3020.0,nM,5.52,ChEMBL
Apigenin,NSP16,CHEMBL4523582,CHEMBL28,IC50,3020.0,nM,5.52,ChEMBL
Apigenin,NSP2,CHEMBL4523582,CHEMBL28,IC50,3020.0,nM,5.52,ChEMBL
Apigenin,NSP3,CHEMBL4523582,CHEMBL28,IC50,3020.0,nM,5.52,ChEMBL
Apigenin,NSP4,CHEMBL4523582,CHEMBL28,IC50,3020.0,nM,5.52,ChEMBL
Apigenin,NSP5,CHEMBL4523582,CHEMBL28,IC50,3020.0,nM,5.52,ChEMBL
Apigenin,NSP6,CHEMBL4523582,CHEMBL28,IC50,3020.0,nM,5.52,ChEMBL
Apigenin,NSP7,CHEMBL4523582,CHEMBL28,IC50,3020.0,nM,5.52,ChEMBL
Apigenin,NSP8,CHEMBL4523582,CHEMBL28,IC50,3020.0,nM,5.52,ChEMBL
Apigenin,NSP9,CHEMBL4523582,CHEMBL28,IC50,3020.0,nM,5.52,ChEMBL
Apigenin,NUCLEAR,CHEMBL1293231,CHEMBL28,Potency,562.3,nM,6.25,ChEMBL
Apigenin,NUCLEAR FACTOR ERYTHROID 2-RELATED FACTOR 2,CHEMBL1075094,CHEMBL28,Potency,461.1,nM,,ChEMBL
Apigenin,"NUCLEAR FACTOR, ERYTHROID DERIVED 2, LIKE 2",CHEMBL1075094,CHEMBL28,Potency,461.1,nM,,ChEMBL
Apigenin,NUCLEAR RECEPTOR ROR-GAMMA,CHEMBL1293231,CHEMBL28,Potency,562.3,nM,6.25,ChEMBL
Apigenin,NUCLEAR RECEPTOR RZR-GAMMA,CHEMBL1293231,CHEMBL28,Potency,562.3,nM,6.25,ChEMBL
Apigenin,NUCLEAR RECEPTOR SUBFAMILY 1 GROUP C MEMBER 3,CHEMBL235,CHEMBL28,Potency,8912.5,nM,,ChEMBL
Apigenin,NUCLEAR RECEPTOR SUBFAMILY 1 GROUP F MEMBER 3,CHEMBL1293231,CHEMBL28,Potency,562.3,nM,6.25,ChEMBL
Apigenin,NUCLEAR RECEPTOR SUBFAMILY 3 GROUP A MEMBER 1,CHEMBL2304421,CHEMBL28,Kd,660.0,nM,6.18,ChEMBL
Apigenin,NUCLEAR RECEPTOR SUBFAMILY 3 GROUP A MEMBER 2,CHEMBL242,CHEMBL28,IC50,130.0,nM,6.89,ChEMBL
Apigenin,NUCLEAR RECEPTOR SUBFAMILY 3 GROUP C MEMBER 1,CHEMBL2034,CHEMBL28,Potency,7.1,nM,,ChEMBL
Apigenin,NUCLEAR RECEPTOR SUBFAMILY 3 GROUP C MEMBER 4,CHEMBL1871,CHEMBL28,IC50,5200.0,nM,5.28,ChEMBL
Apigenin,OIP-3,CHEMBL1075189,CHEMBL28,Potency,3162.3,nM,5.5,ChEMBL
Apigenin,ONCOGENE AML-1,CHEMBL2093862,CHEMBL28,Potency,8912.5,nM,,ChEMBL
Apigenin,OPA-INTERACTING PROTEIN 3,CHEMBL1075189,CHEMBL28,Potency,3162.3,nM,5.5,ChEMBL
Apigenin,ORF1AB POLYPROTEIN,CHEMBL4523582,CHEMBL28,IC50,3020.0,nM,5.52,ChEMBL
Apigenin,OXIDASE,CHEMBL2039,CHEMBL28,IC50,1120.0,nM,5.95,ChEMBL
Apigenin,P(I)-UPTAKE STIMULATOR,CHEMBL4523488,CHEMBL28,IC50,7100.0,nM,5.15,ChEMBL
Apigenin,P-GLYCOPROTEIN 1,CHEMBL4302,CHEMBL28,Kd,10000.0,nM,5.0,ChEMBL
Apigenin,P12,CHEMBL4295557,CHEMBL28,IC50,10000.0,nM,,ChEMBL
Apigenin,P180,CHEMBL2093861,CHEMBL28,Potency,10000.0,nM,5.0,ChEMBL
Apigenin,P23,CHEMBL1907600,CHEMBL28,IC50,1600.0,nM,5.8,ChEMBL
Apigenin,P25,CHEMBL1907600,CHEMBL28,IC50,1600.0,nM,5.8,ChEMBL
Apigenin,P320,CHEMBL2093861,CHEMBL28,Potency,10000.0,nM,5.0,ChEMBL
Apigenin,P34 PROTEIN KINASE,CHEMBL2094127,CHEMBL28,IC50,4000.0,nM,5.4,ChEMBL
Apigenin,P35,CHEMBL1907600,CHEMBL28,IC50,1600.0,nM,5.8,ChEMBL
Apigenin,P58,CHEMBL1075189,CHEMBL28,Potency,3162.3,nM,5.5,ChEMBL
Apigenin,P65 HOMOLOG,CHEMBL4523582,CHEMBL28,IC50,3020.0,nM,5.52,ChEMBL
Apigenin,P72-SYK,CHEMBL2599,CHEMBL28,EC50,3000.0,nM,5.52,ChEMBL
Apigenin,PAIRED HELICAL FILAMENT-TAU,CHEMBL1293224,CHEMBL28,Potency,8912.5,nM,5.05,ChEMBL
Apigenin,PAPAIN-LIKE PROTEASE NSP3,CHEMBL4523582,CHEMBL28,IC50,3020.0,nM,5.52,ChEMBL
Apigenin,PAPAIN-LIKE PROTEINASE,CHEMBL4523582,CHEMBL28,IC50,3020.0,nM,5.52,ChEMBL
Apigenin,PAPAIN-LIKE PROTEINASE NSP3,CHEMBL4295557,CHEMBL28,IC50,10000.0,nM,,ChEMBL
Apigenin,PAS DOMAIN-CONTAINING PROTEIN 8,CHEMBL4261,CHEMBL28,Potency,1995.3,nM,5.7,ChEMBL
Apigenin,PEA2-ALPHA B,CHEMBL2093862,CHEMBL28,Potency,8912.5,nM,,ChEMBL
Apigenin,PEA2-BETA,CHEMBL2093862,CHEMBL28,Potency,8912.5,nM,,ChEMBL
Apigenin,PEBP2-ALPHA B,CHEMBL2093862,CHEMBL28,Potency,8912.5,nM,,ChEMBL
Apigenin,PEBP2-BETA,CHEMBL2093862,CHEMBL28,Potency,8912.5,nM,,ChEMBL
Apigenin,PEPTIDASE,CHEMBL284,CHEMBL28,IC50,140.0,nM,6.85,ChEMBL
Apigenin,PERITONEAL MACROPHAGE,CHEMBL5314330,CHEMBL28,IC50,7700.0,nM,5.11,ChEMBL
Apigenin,PEROXISOME,CHEMBL235,CHEMBL28,Potency,8912.5,nM,,ChEMBL
Apigenin,PEROXISOME PROLIFERATOR-ACTIVATED RECEPTOR GAMMA,CHEMBL235,CHEMBL28,Potency,8912.5,nM,,ChEMBL
Apigenin,PFMRK,CHEMBL4090,CHEMBL28,IC50,7000.0,nM,5.16,ChEMBL
Apigenin,PGH SYNTHASE 2,CHEMBL230,CHEMBL28,IC50,8000.0,nM,5.1,ChEMBL
Apigenin,PGHS-2,CHEMBL230,CHEMBL28,IC50,8000.0,nM,5.1,ChEMBL
Apigenin,PHF-TAU,CHEMBL1293224,CHEMBL28,Potency,8912.5,nM,5.05,ChEMBL
Apigenin,PHOSPHOLIPID TRANSPORTER ABCB1,CHEMBL4302,CHEMBL28,Kd,10000.0,nM,5.0,ChEMBL
Apigenin,PHOSPHOPROTEIN,CHEMBL1741210,CHEMBL28,Potency,794.3,nM,,ChEMBL
Apigenin,PHOSPHOPROTEIN P53,CHEMBL4096,CHEMBL28,Potency,3981.1,nM,5.4,ChEMBL
Apigenin,PHOSVITIN,CHEMBL3832943,CHEMBL28,IC50,800.0,nM,6.1,ChEMBL
Apigenin,PHS II,CHEMBL230,CHEMBL28,IC50,8000.0,nM,5.1,ChEMBL
Apigenin,PIUS,CHEMBL4523488,CHEMBL28,IC50,7100.0,nM,5.15,ChEMBL
Apigenin,PKM,CHEMBL1075189,CHEMBL28,Potency,3162.3,nM,5.5,ChEMBL
Apigenin,PL-PRO,CHEMBL4523582,CHEMBL28,IC50,3020.0,nM,5.52,ChEMBL
Apigenin,PL2-PRO,CHEMBL4523582,CHEMBL28,IC50,3020.0,nM,5.52,ChEMBL
Apigenin,PLACENTA-SPECIFIC ATP-BINDING CASSETTE TRANSPORTER,CHEMBL5393,CHEMBL28,IC50,3100.0,nM,5.51,ChEMBL
Apigenin,PLACENTAL 17-BETA-HYDROXYSTEROID DEHYDROGENASE,CHEMBL3181,CHEMBL28,IC50,710.0,nM,6.15,ChEMBL
Apigenin,PLASMODIUM FALCIPARUM,CHEMBL364,CHEMBL28,IC50,10000.0,nM,5.0,ChEMBL
Apigenin,POL,CHEMBL3471,CHEMBL28,IC50,1500.0,nM,5.82,ChEMBL
Apigenin,POLY,CHEMBL6154,CHEMBL28,IC50,2951.21,nM,5.53,ChEMBL
Apigenin,POLY [ADP-RIBOSE] POLYMERASE 5A,CHEMBL6164,CHEMBL28,IC50,3162.28,nM,5.5,ChEMBL
Apigenin,POLY [ADP-RIBOSE] POLYMERASE 5B,CHEMBL6154,CHEMBL28,IC50,2951.21,nM,5.53,ChEMBL
Apigenin,POLY [ADP-RIBOSE] POLYMERASE TANKYRASE-1,CHEMBL6164,CHEMBL28,IC50,3162.28,nM,5.5,ChEMBL
Apigenin,POLY [ADP-RIBOSE] POLYMERASE TANKYRASE-2,CHEMBL6154,CHEMBL28,IC50,2951.21,nM,5.53,ChEMBL
Apigenin,POLYMERASE,CHEMBL6154,CHEMBL28,IC50,2951.21,nM,5.53,ChEMBL
Apigenin,POLYOMAVIRUS ENHANCER-BINDING PROTEIN 2 ALPHA B SUBUNIT,CHEMBL2093862,CHEMBL28,Potency,8912.5,nM,,ChEMBL
Apigenin,POLYOMAVIRUS ENHANCER-BINDING PROTEIN 2 BETA SUBUNIT,CHEMBL2093862,CHEMBL28,Potency,8912.5,nM,,ChEMBL
Apigenin,POLYPROTEIN,CHEMBL3471,CHEMBL28,IC50,1500.0,nM,5.82,ChEMBL
Apigenin,POLYUNSATURATED,CHEMBL2903,CHEMBL28,Potency,5011.9,nM,5.3,ChEMBL
Apigenin,POLYUNSATURATED FATTY ACID LIPOXYGENASE ALOX15,CHEMBL2903,CHEMBL28,Potency,5011.9,nM,5.3,ChEMBL
Apigenin,POTENTIAL,CHEMBL1250411,CHEMBL28,IC50,10000.0,nM,,ChEMBL
Apigenin,PP1AB,CHEMBL4523582,CHEMBL28,IC50,3020.0,nM,5.52,ChEMBL
Apigenin,PPAR-GAMMA,CHEMBL235,CHEMBL28,Potency,8912.5,nM,,ChEMBL
Apigenin,PPARG,CHEMBL235,CHEMBL28,Potency,8912.5,nM,,ChEMBL
Apigenin,PR160GAG-POL,CHEMBL3471,CHEMBL28,IC50,1500.0,nM,5.82,ChEMBL
Apigenin,PREALBUMIN,CHEMBL3194,CHEMBL28,Kd,250.0,nM,6.6,ChEMBL
Apigenin,PROOFREADING EXORIBONUCLEASE NSP14,CHEMBL4523582,CHEMBL28,IC50,3020.0,nM,5.52,ChEMBL
Apigenin,PROSTAGLANDIN,CHEMBL230,CHEMBL28,IC50,8000.0,nM,5.1,ChEMBL
Apigenin,PROSTAGLANDIN DEHYDROGENASE 1,CHEMBL1293255,CHEMBL28,Potency,3548.1,nM,5.45,ChEMBL
Apigenin,PROSTAGLANDIN G/H SYNTHASE 2,CHEMBL230,CHEMBL28,IC50,8000.0,nM,5.1,ChEMBL
Apigenin,PROSTAGLANDIN H2 SYNTHASE 2,CHEMBL230,CHEMBL28,IC50,8000.0,nM,5.1,ChEMBL
Apigenin,PROSTAGLANDIN-ENDOPEROXIDE SYNTHASE 2,CHEMBL230,CHEMBL28,IC50,8000.0,nM,5.1,ChEMBL
Apigenin,PROTEASOME,CHEMBL4662,CHEMBL28,IC50,1000.0,nM,6.0,ChEMBL
Apigenin,PROTEASOME CHAIN 6,CHEMBL4662,CHEMBL28,IC50,1000.0,nM,6.0,ChEMBL
Apigenin,PROTEASOME EPSILON CHAIN,CHEMBL4662,CHEMBL28,IC50,1000.0,nM,6.0,ChEMBL
Apigenin,PROTEASOME SUBUNIT BETA TYPE-5,CHEMBL4662,CHEMBL28,IC50,1000.0,nM,6.0,ChEMBL
Apigenin,PROTEASOME SUBUNIT BETA-5,CHEMBL4662,CHEMBL28,IC50,1000.0,nM,6.0,ChEMBL
Apigenin,PROTEASOME SUBUNIT MB1,CHEMBL4662,CHEMBL28,IC50,1000.0,nM,6.0,ChEMBL
Apigenin,PROTEASOME SUBUNIT X,CHEMBL4662,CHEMBL28,IC50,1000.0,nM,6.0,ChEMBL
Apigenin,PROTEIN,CHEMBL1865,CHEMBL28,IC50,1035.0,nM,5.99,ChEMBL
Apigenin,PROTEIN DEACETYLASE HDAC6,CHEMBL1865,CHEMBL28,IC50,1035.0,nM,5.99,ChEMBL
Apigenin,PROTEIN G5A,CHEMBL3832943,CHEMBL28,IC50,800.0,nM,6.1,ChEMBL
Apigenin,PROTEIN POLY-ADP-RIBOSYLTRANSFERASE TANKYRASE-1,CHEMBL6164,CHEMBL28,IC50,3162.28,nM,5.5,ChEMBL
Apigenin,PROTEIN POLY-ADP-RIBOSYLTRANSFERASE TANKYRASE-2,CHEMBL6154,CHEMBL28,IC50,2951.21,nM,5.53,ChEMBL
Apigenin,PSMB5,CHEMBL4662,CHEMBL28,IC50,1000.0,nM,6.0,ChEMBL
Apigenin,PTGS2,CHEMBL230,CHEMBL28,IC50,8000.0,nM,5.1,ChEMBL
Apigenin,PYD,CHEMBL1741208,CHEMBL28,IC50,10000.0,nM,5.0,ChEMBL
Apigenin,PYRIN-CONTAINING APAF1-LIKE PROTEIN 1,CHEMBL1741208,CHEMBL28,IC50,10000.0,nM,5.0,ChEMBL
Apigenin,PYRUVATE,CHEMBL1075189,CHEMBL28,Potency,3162.3,nM,5.5,ChEMBL
Apigenin,PYRUVATE KINASE 2/3,CHEMBL1075189,CHEMBL28,Potency,3162.3,nM,5.5,ChEMBL
Apigenin,PYRUVATE KINASE MUSCLE ISOZYME,CHEMBL1075189,CHEMBL28,Potency,3162.3,nM,5.5,ChEMBL
Apigenin,PYRUVATE KINASE PKM,CHEMBL1075189,CHEMBL28,Potency,3162.3,nM,5.5,ChEMBL
Apigenin,QUININE 3-MONOOXYGENASE,CHEMBL340,CHEMBL28,Potency,7943.3,nM,5.1,ChEMBL
Apigenin,RALDH 1,CHEMBL3577,CHEMBL28,Potency,1778.3,nM,5.75,ChEMBL
Apigenin,RALDH1,CHEMBL3577,CHEMBL28,Potency,1778.3,nM,5.75,ChEMBL
Apigenin,RAR-RELATED ORPHAN RECEPTOR C,CHEMBL1293231,CHEMBL28,Potency,562.3,nM,6.25,ChEMBL
Apigenin,RATTUS NORVEGICUS,CHEMBL376,CHEMBL28,IC50,3400.0,nM,5.47,ChEMBL
Apigenin,RAW264.7,CHEMBL612557,CHEMBL28,IC50,500.0,nM,6.3,ChEMBL
Apigenin,RDRP,CHEMBL4523582,CHEMBL28,IC50,3020.0,nM,5.52,ChEMBL
Apigenin,RECEPTOR,CHEMBL242,CHEMBL28,IC50,130.0,nM,6.89,ChEMBL
Apigenin,RECEPTOR-TYPE TYROSINE-PROTEIN KINASE FLT3,CHEMBL1974,CHEMBL28,IC50,1450.0,nM,5.84,ChEMBL
Apigenin,REDUCTASE,CHEMBL5983,CHEMBL28,Ki,6000.0,nM,5.22,ChEMBL
Apigenin,REGULATOR,CHEMBL4051,CHEMBL28,EC50,9000.0,nM,5.05,ChEMBL
Apigenin,RENAL NAD(P)H-OXIDASE,CHEMBL1250375,CHEMBL28,IC50,1130.0,nM,5.95,ChEMBL
Apigenin,REP,CHEMBL4523582,CHEMBL28,IC50,3020.0,nM,5.52,ChEMBL
Apigenin,REPLICASE,CHEMBL4523582,CHEMBL28,IC50,3020.0,nM,5.52,ChEMBL
Apigenin,REPLICASE POLYPROTEIN 1AB,CHEMBL4523582,CHEMBL28,IC50,3020.0,nM,5.52,ChEMBL
Apigenin,RETINAL DEHYDROGENASE 1,CHEMBL3577,CHEMBL28,Potency,1778.3,nM,5.75,ChEMBL
Apigenin,RETINOID-RELATED ORPHAN RECEPTOR-GAMMA,CHEMBL1293231,CHEMBL28,Potency,562.3,nM,6.25,ChEMBL
Apigenin,RNA-CAPPING ENZYME SUBUNIT NSP9,CHEMBL4523582,CHEMBL28,IC50,3020.0,nM,5.52,ChEMBL
Apigenin,RNA-DIRECTED RNA POLYMERASE NSP12,CHEMBL4523582,CHEMBL28,IC50,3020.0,nM,5.52,ChEMBL
Apigenin,RORC,CHEMBL1293231,CHEMBL28,Potency,562.3,nM,6.25,ChEMBL
Apigenin,RUNT-RELATED TRANSCRIPTION FACTOR 1,CHEMBL2093862,CHEMBL28,Potency,8912.5,nM,,ChEMBL
Apigenin,RUNX1,CHEMBL2093862,CHEMBL28,Potency,8912.5,nM,,ChEMBL
Apigenin,S-MEPHENYTOIN 4-HYDROXYLASE,CHEMBL3397,CHEMBL28,Potency,5011.9,nM,5.3,ChEMBL
Apigenin,SARS CORONAVIRUS MAIN PROTEINASE,CHEMBL4523582,CHEMBL28,IC50,3020.0,nM,5.52,ChEMBL
Apigenin,SARS-COV-2,CHEMBL4303835,CHEMBL28,EC50,5100.0,nM,5.29,ChEMBL
Apigenin,SERINE/THREONINE-PROTEIN KINASE GSK3A,CHEMBL2095188,CHEMBL28,IC50,1400.0,nM,5.85,ChEMBL
Apigenin,SERINE/THREONINE-PROTEIN KINASE GSK3B,CHEMBL2095188,CHEMBL28,IC50,1400.0,nM,5.85,ChEMBL
Apigenin,SERINE/THREONINE-PROTEIN KINASE PLSTIRE,CHEMBL2508,CHEMBL28,IC50,1700.0,nM,5.77,ChEMBL
Apigenin,SERINE/THREONINE-PROTEIN KINASE PSSALRE,CHEMBL1907600,CHEMBL28,IC50,1600.0,nM,5.8,ChEMBL
Apigenin,SGTASE,CHEMBL2179,CHEMBL28,Potency,8912.5,nM,,ChEMBL
Apigenin,SHORT,CHEMBL1250411,CHEMBL28,IC50,10000.0,nM,,ChEMBL
Apigenin,SHORT CHAIN DEHYDROGENASE/REDUCTASE FAMILY 28C MEMBER 1,CHEMBL3181,CHEMBL28,IC50,710.0,nM,6.15,ChEMBL
Apigenin,SHORT CHAIN DEHYDROGENASE/REDUCTASE FAMILY 36C MEMBER 1,CHEMBL1293255,CHEMBL28,Potency,3548.1,nM,5.45,ChEMBL
Apigenin,SHORT CHAIN DEHYDROGENASE/REDUCTASE FAMILY 5C MEMBER 1,CHEMBL4159,CHEMBL28,Potency,398.1,nM,6.4,ChEMBL
Apigenin,SHORT TRANSIENT RECEPTOR POTENTIAL CHANNEL 5,CHEMBL1250411,CHEMBL28,IC50,10000.0,nM,,ChEMBL
Apigenin,SHORT-CHAIN TYPE DEHYDROGENASE/REDUCTASE XH98G2,CHEMBL4159,CHEMBL28,Potency,398.1,nM,6.4,ChEMBL
Apigenin,SI REDUCTASE,CHEMBL5983,CHEMBL28,Ki,6000.0,nM,5.22,ChEMBL
Apigenin,SL3-3 ENHANCER FACTOR 1 ALPHA B SUBUNIT,CHEMBL2093862,CHEMBL28,Potency,8912.5,nM,,ChEMBL
Apigenin,SL3-3 ENHANCER FACTOR 1 SUBUNIT BETA,CHEMBL2093862,CHEMBL28,Potency,8912.5,nM,,ChEMBL
Apigenin,SL3/AKV CORE-BINDING FACTOR ALPHA B SUBUNIT,CHEMBL2093862,CHEMBL28,Potency,8912.5,nM,,ChEMBL
Apigenin,SL3/AKV CORE-BINDING FACTOR BETA SUBUNIT,CHEMBL2093862,CHEMBL28,Potency,8912.5,nM,,ChEMBL
Apigenin,SLC2A9,CHEMBL2052034,CHEMBL28,IC50,2630.0,nM,5.58,ChEMBL
Apigenin,SMALL INTESTINE REDUCTASE,CHEMBL5983,CHEMBL28,Ki,6000.0,nM,5.22,ChEMBL
Apigenin,SOLUTE,CHEMBL2052034,CHEMBL28,IC50,2630.0,nM,5.58,ChEMBL
Apigenin,"SOLUTE CARRIER FAMILY 2, FACILITATED GLUCOSE TRANSPORTER MEMBER 9",CHEMBL2052034,CHEMBL28,IC50,2630.0,nM,5.58,ChEMBL
Apigenin,SPECIFICITY,CHEMBL5393,CHEMBL28,IC50,3100.0,nM,5.51,ChEMBL
Apigenin,SPINOCEREBELLAR ATAXIA TYPE 2 PROTEIN,CHEMBL1795085,CHEMBL28,Potency,3981.1,nM,,ChEMBL
Apigenin,SPLEEN TYROSINE KINASE,CHEMBL2599,CHEMBL28,EC50,3000.0,nM,5.52,ChEMBL
Apigenin,STEM CELL TYROSINE KINASE 1,CHEMBL1974,CHEMBL28,IC50,1450.0,nM,5.84,ChEMBL
Apigenin,STK-1,CHEMBL1974,CHEMBL28,IC50,1450.0,nM,5.84,ChEMBL
Apigenin,SUBSTRATE,CHEMBL5393,CHEMBL28,IC50,3100.0,nM,5.51,ChEMBL
Apigenin,SUBUNIT,CHEMBL3629,CHEMBL28,IC50,800.0,nM,6.1,ChEMBL
Apigenin,SYK,CHEMBL2599,CHEMBL28,EC50,3000.0,nM,5.52,ChEMBL
Apigenin,SYNTHASE,CHEMBL262,CHEMBL28,IC50,1900.0,nM,5.72,ChEMBL
Apigenin,T-CELL ACTIVATION ANTIGEN CD26,CHEMBL284,CHEMBL28,IC50,140.0,nM,6.85,ChEMBL
Apigenin,TANK1,CHEMBL6164,CHEMBL28,IC50,3162.28,nM,5.5,ChEMBL
Apigenin,TANK2,CHEMBL6154,CHEMBL28,IC50,2951.21,nM,5.53,ChEMBL
Apigenin,TANKYRASE I,CHEMBL6164,CHEMBL28,IC50,3162.28,nM,5.5,ChEMBL
Apigenin,TANKYRASE II,CHEMBL6154,CHEMBL28,IC50,2951.21,nM,5.53,ChEMBL
Apigenin,TANKYRASE-1,CHEMBL6164,CHEMBL28,IC50,3162.28,nM,5.5,ChEMBL
Apigenin,TANKYRASE-2,CHEMBL6154,CHEMBL28,IC50,2951.21,nM,5.53,ChEMBL
Apigenin,TANKYRASE-LIKE PROTEIN,CHEMBL6154,CHEMBL28,IC50,2951.21,nM,5.53,ChEMBL
Apigenin,TANKYRASE-RELATED PROTEIN,CHEMBL6154,CHEMBL28,IC50,2951.21,nM,5.53,ChEMBL
Apigenin,TAU,CHEMBL1293224,CHEMBL28,Potency,8912.5,nM,5.05,ChEMBL
Apigenin,TAU PROTEIN KINASE II 23 KDA SUBUNIT,CHEMBL1907600,CHEMBL28,IC50,1600.0,nM,5.8,ChEMBL
Apigenin,TAU PROTEIN KINASE II CATALYTIC SUBUNIT,CHEMBL1907600,CHEMBL28,IC50,1600.0,nM,5.8,ChEMBL
Apigenin,TBPA,CHEMBL3194,CHEMBL28,Kd,250.0,nM,6.6,ChEMBL
Apigenin,TDP1,CHEMBL1075138,CHEMBL28,Potency,8912.5,nM,5.05,ChEMBL
Apigenin,THBP1,CHEMBL1075189,CHEMBL28,Potency,3162.3,nM,5.5,ChEMBL
Apigenin,THPO,CHEMBL1293256,CHEMBL28,Potency,501.2,nM,6.3,ChEMBL
Apigenin,THREONINE-PROTEIN KINASE PKM2,CHEMBL1075189,CHEMBL28,Potency,3162.3,nM,5.5,ChEMBL
Apigenin,THROMBOPOIETIN,CHEMBL1293256,CHEMBL28,Potency,501.2,nM,6.3,ChEMBL
Apigenin,THYMUS ORPHAN RECEPTOR,CHEMBL1293231,CHEMBL28,Potency,562.3,nM,6.25,ChEMBL
Apigenin,THYROID HORMONE-BINDING PROTEIN 1,CHEMBL1075189,CHEMBL28,Potency,3162.3,nM,5.5,ChEMBL
Apigenin,THYROID-STIMULATING HORMONE RECEPTOR,CHEMBL1963,CHEMBL28,Potency,3981.1,nM,5.4,ChEMBL
Apigenin,THYROTROPIN,CHEMBL1963,CHEMBL28,Potency,3981.1,nM,5.4,ChEMBL
Apigenin,THYROTROPIN RECEPTOR,CHEMBL1963,CHEMBL28,Potency,3981.1,nM,5.4,ChEMBL
Apigenin,TNKS,CHEMBL6164,CHEMBL28,IC50,3162.28,nM,5.5,ChEMBL
Apigenin,TNKS-1,CHEMBL6164,CHEMBL28,IC50,3162.28,nM,5.5,ChEMBL
Apigenin,TNKS-2,CHEMBL6154,CHEMBL28,IC50,2951.21,nM,5.53,ChEMBL
Apigenin,TNKS2,CHEMBL6154,CHEMBL28,IC50,2951.21,nM,5.53,ChEMBL
Apigenin,TOR,CHEMBL1293231,CHEMBL28,Potency,562.3,nM,6.25,ChEMBL
Apigenin,TP103,CHEMBL284,CHEMBL28,IC50,140.0,nM,6.85,ChEMBL
Apigenin,TP53,CHEMBL4096,CHEMBL28,Potency,3981.1,nM,5.4,ChEMBL
Apigenin,TPKII CATALYTIC SUBUNIT,CHEMBL1907600,CHEMBL28,IC50,1600.0,nM,5.8,ChEMBL
Apigenin,TPKII REGULATORY SUBUNIT,CHEMBL1907600,CHEMBL28,IC50,1600.0,nM,5.8,ChEMBL
Apigenin,TRANSIENT,CHEMBL1250411,CHEMBL28,IC50,10000.0,nM,,ChEMBL
Apigenin,TRANSIENT RECEPTOR PROTEIN 5,CHEMBL1250411,CHEMBL28,IC50,10000.0,nM,,ChEMBL
Apigenin,TRANSLOCASE,CHEMBL4302,CHEMBL28,Kd,10000.0,nM,5.0,ChEMBL
Apigenin,TRANSMEMBRANE,CHEMBL4051,CHEMBL28,EC50,9000.0,nM,5.05,ChEMBL
Apigenin,TRANSPORTER,CHEMBL2052034,CHEMBL28,IC50,2630.0,nM,5.58,ChEMBL
Apigenin,TRANSTHYRETIN,CHEMBL3194,CHEMBL28,Kd,250.0,nM,6.6,ChEMBL
Apigenin,TRF1-INTERACTING ANKYRIN-RELATED ADP-RIBOSE POLYMERASE,CHEMBL6164,CHEMBL28,IC50,3162.28,nM,5.5,ChEMBL
Apigenin,TRF1-INTERACTING ANKYRIN-RELATED ADP-RIBOSE POLYMERASE 2,CHEMBL6154,CHEMBL28,IC50,2951.21,nM,5.53,ChEMBL
Apigenin,TRINUCLEOTIDE REPEAT-CONTAINING GENE 13 PROTEIN,CHEMBL1795085,CHEMBL28,Potency,3981.1,nM,,ChEMBL
Apigenin,TRITHORAX-LIKE PROTEIN,CHEMBL2093861,CHEMBL28,Potency,10000.0,nM,5.0,ChEMBL
Apigenin,TRP-5,CHEMBL1250411,CHEMBL28,IC50,10000.0,nM,,ChEMBL
Apigenin,TRPC5,CHEMBL1250411,CHEMBL28,IC50,10000.0,nM,,ChEMBL
Apigenin,TSH-R,CHEMBL1963,CHEMBL28,Potency,3981.1,nM,5.4,ChEMBL
Apigenin,TSHR,CHEMBL1963,CHEMBL28,Potency,3981.1,nM,5.4,ChEMBL
Apigenin,TTR,CHEMBL3194,CHEMBL28,Kd,250.0,nM,6.6,ChEMBL
Apigenin,TUBULIN-LYSINE DEACETYLASE HDAC6,CHEMBL1865,CHEMBL28,IC50,1035.0,nM,5.99,ChEMBL
Apigenin,TUMOR,CHEMBL4096,CHEMBL28,Potency,3981.1,nM,5.4,ChEMBL
Apigenin,TUMOR M2-PK,CHEMBL1075189,CHEMBL28,Potency,3162.3,nM,5.5,ChEMBL
Apigenin,TUMOR SUPPRESSOR P53,CHEMBL4096,CHEMBL28,Potency,3981.1,nM,5.4,ChEMBL
Apigenin,TWA3,CHEMBL1741210,CHEMBL28,Potency,794.3,nM,,ChEMBL
Apigenin,TWO HYBRID-ASSOCIATED PROTEIN 3 WITH RANBPM,CHEMBL1741210,CHEMBL28,Potency,794.3,nM,,ChEMBL
Apigenin,TYPE,CHEMBL3181,CHEMBL28,IC50,710.0,nM,6.15,ChEMBL
Apigenin,TYPE II HADH,CHEMBL4159,CHEMBL28,Potency,398.1,nM,6.4,ChEMBL
Apigenin,TYR-DNA PHOSPHODIESTERASE 1,CHEMBL1075138,CHEMBL28,Potency,8912.5,nM,5.05,ChEMBL
Apigenin,TYROSINE-PROTEIN KINASE PKM2,CHEMBL1075189,CHEMBL28,Potency,3162.3,nM,5.5,ChEMBL
Apigenin,TYROSINE-PROTEIN KINASE SYK,CHEMBL2599,CHEMBL28,EC50,3000.0,nM,5.52,ChEMBL
Apigenin,TYROSYL-DNA PHOSPHODIESTERASE 1,CHEMBL1075138,CHEMBL28,Potency,8912.5,nM,5.05,ChEMBL
Apigenin,UBIQUITIN,CHEMBL1293227,CHEMBL28,Potency,10000.0,nM,5.0,ChEMBL
Apigenin,UBIQUITIN CARBOXYL-TERMINAL HYDROLASE 1,CHEMBL1795087,CHEMBL28,Potency,4466.8,nM,,ChEMBL
Apigenin,"UBIQUITIN CARBOXYL-TERMINAL HYDROLASE 1, N-TERMINAL FRAGMENT",CHEMBL1795087,CHEMBL28,Potency,4466.8,nM,,ChEMBL
Apigenin,UBIQUITIN CARBOXYL-TERMINAL HYDROLASE 2,CHEMBL1293227,CHEMBL28,Potency,10000.0,nM,5.0,ChEMBL
Apigenin,UBIQUITIN THIOESTERASE 1,CHEMBL1795087,CHEMBL28,Potency,4466.8,nM,,ChEMBL
Apigenin,UBIQUITIN THIOESTERASE 2,CHEMBL1293227,CHEMBL28,Potency,10000.0,nM,5.0,ChEMBL
Apigenin,UBIQUITIN-SPECIFIC-PROCESSING PROTEASE 1,CHEMBL1795087,CHEMBL28,Potency,4466.8,nM,,ChEMBL
Apigenin,UBIQUITIN-SPECIFIC-PROCESSING PROTEASE 2,CHEMBL1293227,CHEMBL28,Potency,10000.0,nM,5.0,ChEMBL
Apigenin,UNCHECKED,CHEMBL612545,CHEMBL28,IC50,3900.0,nM,5.41,ChEMBL
Apigenin,URATE EXPORTER,CHEMBL5393,CHEMBL28,IC50,3100.0,nM,5.51,ChEMBL
Apigenin,URATE TRANSPORTER,CHEMBL2052034,CHEMBL28,IC50,2630.0,nM,5.58,ChEMBL
Apigenin,URIDYLATE-SPECIFIC ENDORIBONUCLEASE NSP15,CHEMBL4523582,CHEMBL28,IC50,3020.0,nM,5.52,ChEMBL
Apigenin,USP1,CHEMBL1795087,CHEMBL28,Potency,4466.8,nM,,ChEMBL
Apigenin,USP2,CHEMBL1293227,CHEMBL28,Potency,10000.0,nM,5.0,ChEMBL
Apigenin,VIRAL PROTEIN GENOME-LINKED NSP9,CHEMBL4523582,CHEMBL28,IC50,3020.0,nM,5.52,ChEMBL
Apigenin,XANTHINE,CHEMBL1929,CHEMBL28,IC50,700.0,nM,6.16,ChEMBL
Apigenin,XANTHINE DEHYDROGENASE,CHEMBL1929,CHEMBL28,IC50,700.0,nM,6.16,ChEMBL
Apigenin,XANTHINE DEHYDROGENASE/OXIDASE,CHEMBL1929,CHEMBL28,IC50,700.0,nM,6.16,ChEMBL
Apigenin,XANTHINE OXIDASE,CHEMBL1929,CHEMBL28,IC50,700.0,nM,6.16,ChEMBL
Apigenin,XANTHINE OXIDOREDUCTASE,CHEMBL1929,CHEMBL28,IC50,700.0,nM,6.16,ChEMBL
Apigenin,XDH,CHEMBL1929,CHEMBL28,IC50,700.0,nM,6.16,ChEMBL
Apigenin,XOR,CHEMBL1929,CHEMBL28,IC50,700.0,nM,6.16,ChEMBL
Apigenin,ZINC FINGER PROTEIN HRX,CHEMBL2093861,CHEMBL28,Potency,10000.0,nM,5.0,ChEMBL
Artemisinin,HD PROTEIN,CHEMBL5514,CHEMBL77,Potency,3162.3,nM,5.5,ChEMBL
Artemisinin,HTT,CHEMBL5514,CHEMBL77,Potency,3162.3,nM,5.5,ChEMBL
Artemisinin,HUNTINGTIN,CHEMBL5514,CHEMBL77,Potency,3162.3,nM,5.5,ChEMBL
Artemisinin,"HUNTINGTIN, MYRISTOYLATED N-TERMINAL FRAGMENT",CHEMBL5514,CHEMBL77,Potency,3162.3,nM,5.5,ChEMBL
Artemisinin,HUNTINGTON DISEASE PROTEIN,CHEMBL5514,CHEMBL77,Potency,3162.3,nM,5.5,ChEMBL
Artemisinin,PLASMODIUM FALCIPARUM,CHEMBL364,CHEMBL77,Potency,2.7,nM,,ChEMBL
Artemisinin,TDP1,CHEMBL1075138,CHEMBL77,Potency,231.1,nM,,ChEMBL
Artemisinin,TYR-DNA PHOSPHODIESTERASE 1,CHEMBL1075138,CHEMBL77,Potency,231.1,nM,,ChEMBL
Artemisinin,TYROSYL-DNA PHOSPHODIESTERASE 1,CHEMBL1075138,CHEMBL77,Potency,231.1,nM,,ChEMBL
Artemisinin,UNCHECKED,CHEMBL612545,CHEMBL77,Potency,44.7,nM,,ChEMBL
BCP,ALPHA,CHEMBL239,CHEMBL445740,EC50,9580.0,nM,5.02,ChEMBL
BCP,CANNABINOID,CHEMBL253,CHEMBL445740,EC50,1900.0,nM,5.72,ChEMBL
BCP,CANNABINOID RECEPTOR 2,CHEMBL253,CHEMBL445740,EC50,1900.0,nM,5.72,ChEMBL
BCP,CB-2,CHEMBL253,CHEMBL445740,EC50,1900.0,nM,5.72,ChEMBL
BCP,CB2,CHEMBL253,CHEMBL445740,EC50,1900.0,nM,5.72,ChEMBL
BCP,CNR2,CHEMBL253,CHEMBL445740,EC50,1900.0,nM,5.72,ChEMBL
BCP,CX5,CHEMBL253,CHEMBL445740,EC50,1900.0,nM,5.72,ChEMBL
BCP,HCB2,CHEMBL253,CHEMBL445740,EC50,1900.0,nM,5.72,ChEMBL
BCP,ILEUM,CHEMBL613680,CHEMBL445740,IC50,1490.0,nM,5.83,ChEMBL
BCP,NUCLEAR RECEPTOR SUBFAMILY 1 GROUP C MEMBER 1,CHEMBL239,CHEMBL445740,EC50,9580.0,nM,5.02,ChEMBL
BCP,PEROXISOME,CHEMBL239,CHEMBL445740,EC50,9580.0,nM,5.02,ChEMBL
BCP,PEROXISOME PROLIFERATOR-ACTIVATED RECEPTOR ALPHA,CHEMBL239,CHEMBL445740,EC50,9580.0,nM,5.02,ChEMBL
BCP,PPAR-ALPHA,CHEMBL239,CHEMBL445740,EC50,9580.0,nM,5.02,ChEMBL
BCP,PPARA,CHEMBL239,CHEMBL445740,EC50,9580.0,nM,5.02,ChEMBL
BCP,RECEPTOR,CHEMBL253,CHEMBL445740,EC50,1900.0,nM,5.72,ChEMBL
Baicalein,(R)-LIMONENE 6-MONOOXYGENASE,CHEMBL3622,CHEMBL8260,Potency,5011.9,nM,5.3,ChEMBL
Baicalein,(S)-LIMONENE 6-MONOOXYGENASE,CHEMBL3622,CHEMBL8260,Potency,5011.9,nM,5.3,ChEMBL
Baicalein,(S)-LIMONENE 7-MONOOXYGENASE,CHEMBL3622,CHEMBL8260,Potency,5011.9,nM,5.3,ChEMBL
Baicalein,"1,4-CINEOLE 2-EXO-MONOOXYGENASE",CHEMBL340,CHEMBL8260,IC50,9200.0,nM,5.04,ChEMBL
Baicalein,"1,8-CINEOLE 2-EXO-MONOOXYGENASE",CHEMBL340,CHEMBL8260,IC50,9200.0,nM,5.04,ChEMBL
Baicalein,12-LOX,CHEMBL2741,CHEMBL8260,IC50,15.0,nM,7.82,ChEMBL
Baicalein,12/15-LIPOXYGENASE,CHEMBL2741,CHEMBL8260,IC50,15.0,nM,7.82,ChEMBL
Baicalein,12S-LIPOXYGENASE,CHEMBL3687,CHEMBL8260,IC50,860.0,nM,6.07,ChEMBL
Baicalein,12S-LOX,CHEMBL3687,CHEMBL8260,IC50,860.0,nM,6.07,ChEMBL
Baicalein,15-HYDROXYPROSTAGLANDIN DEHYDROGENASE [NAD(+)],CHEMBL1293255,CHEMBL8260,Potency,7943.3,nM,5.1,ChEMBL
Baicalein,15-LIPOXYGENASE 2,CHEMBL3289,CHEMBL8260,IC50,260.0,nM,6.58,ChEMBL
Baicalein,15-LOX,CHEMBL2741,CHEMBL8260,IC50,15.0,nM,7.82,ChEMBL
Baicalein,15-LOX-1,CHEMBL2903,CHEMBL8260,IC50,9100.0,nM,5.04,ChEMBL
Baicalein,15-LOX-2,CHEMBL3289,CHEMBL8260,IC50,260.0,nM,6.58,ChEMBL
Baicalein,15-LOX-B,CHEMBL3289,CHEMBL8260,IC50,260.0,nM,6.58,ChEMBL
Baicalein,15-PGDH,CHEMBL1293255,CHEMBL8260,Potency,7943.3,nM,5.1,ChEMBL
Baicalein,17-BETA-ESTRADIOL 17-DEHYDROGENASE,CHEMBL4159,CHEMBL8260,Potency,1995.3,nM,5.7,ChEMBL
Baicalein,2'-O-METHYLTRANSFERASE NSP16,CHEMBL4523582,CHEMBL8260,IC50,20.0,nM,7.7,ChEMBL
Baicalein,2-METHYL-3-HYDROXYBUTYRYL-COA DEHYDROGENASE,CHEMBL4159,CHEMBL8260,Potency,1995.3,nM,5.7,ChEMBL
Baicalein,3'-5' EXONUCLEASE,CHEMBL2146312,CHEMBL8260,Potency,5323.3,nM,,ChEMBL
Baicalein,3-ALPHA-(17-BETA)-HYDROXYSTEROID DEHYDROGENASE (NAD(+)),CHEMBL4159,CHEMBL8260,Potency,1995.3,nM,5.7,ChEMBL
Baicalein,3-HYDROXY-2-METHYLBUTYRYL-COA DEHYDROGENASE,CHEMBL4159,CHEMBL8260,Potency,1995.3,nM,5.7,ChEMBL
Baicalein,3-HYDROXYACYL-COA DEHYDROGENASE TYPE II,CHEMBL4159,CHEMBL8260,Potency,1995.3,nM,5.7,ChEMBL
Baicalein,3-HYDROXYACYL-COA DEHYDROGENASE TYPE-2,CHEMBL4159,CHEMBL8260,Potency,1995.3,nM,5.7,ChEMBL
Baicalein,3ALPHA(OR 20BETA)-HYDROXYSTEROID DEHYDROGENASE,CHEMBL4159,CHEMBL8260,Potency,1995.3,nM,5.7,ChEMBL
Baicalein,3C-LIKE PROTEINASE NSP5,CHEMBL4523582,CHEMBL8260,IC50,20.0,nM,7.7,ChEMBL
Baicalein,3CL-PRO,CHEMBL4523582,CHEMBL8260,IC50,20.0,nM,7.7,ChEMBL
Baicalein,3CLP,CHEMBL4523582,CHEMBL8260,IC50,20.0,nM,7.7,ChEMBL
Baicalein,41 KDA UBIQUITIN-SPECIFIC PROTEASE,CHEMBL1293227,CHEMBL8260,Potency,631.0,nM,6.2,ChEMBL
Baicalein,5-LIPOXYGENASE,CHEMBL312,CHEMBL8260,IC50,10000.0,nM,5.0,ChEMBL
Baicalein,5-LO,CHEMBL312,CHEMBL8260,IC50,10000.0,nM,5.0,ChEMBL
Baicalein,7-ALPHA-HYDROXYSTEROID DEHYDROGENASE,CHEMBL4159,CHEMBL8260,Potency,1995.3,nM,5.7,ChEMBL
Baicalein,AAA,CHEMBL1741209,CHEMBL8260,Potency,3262.9,nM,,ChEMBL
Baicalein,ACID,CHEMBL2741,CHEMBL8260,IC50,15.0,nM,7.82,ChEMBL
Baicalein,ALBENDAZOLE MONOOXYGENASE (SULFOXIDE-FORMING),CHEMBL340,CHEMBL8260,IC50,9200.0,nM,5.04,ChEMBL
Baicalein,ALBENDAZOLE SULFOXIDASE,CHEMBL340,CHEMBL8260,IC50,9200.0,nM,5.04,ChEMBL
Baicalein,ALDOLASE,CHEMBL1293234,CHEMBL8260,Potency,7924.5,nM,5.1,ChEMBL
Baicalein,ALOX12,CHEMBL3687,CHEMBL8260,IC50,860.0,nM,6.07,ChEMBL
Baicalein,ALOX15,CHEMBL2741,CHEMBL8260,IC50,15.0,nM,7.82,ChEMBL
Baicalein,ALOX15B,CHEMBL3289,CHEMBL8260,IC50,260.0,nM,6.58,ChEMBL
Baicalein,ALOX5,CHEMBL312,CHEMBL8260,IC50,10000.0,nM,5.0,ChEMBL
Baicalein,ALPHA-SYNUCLEIN,CHEMBL6152,CHEMBL8260,IC50,8200.0,nM,5.09,ChEMBL
Baicalein,ALPHA-TRYPSIN CHAIN 1,CHEMBL2095204,CHEMBL8260,IC50,3700.0,nM,5.43,ChEMBL
Baicalein,ALPHA-TRYPSIN CHAIN 2,CHEMBL2095204,CHEMBL8260,IC50,3700.0,nM,5.43,ChEMBL
Baicalein,ANIONIC TRYPSIN I,CHEMBL2095204,CHEMBL8260,IC50,3700.0,nM,5.43,ChEMBL
Baicalein,ANIONIC TRYPSIN-I,CHEMBL2095204,CHEMBL8260,IC50,3700.0,nM,5.43,ChEMBL
Baicalein,ANIONIC TRYPSINOGEN,CHEMBL2095204,CHEMBL8260,IC50,3700.0,nM,5.43,ChEMBL
Baicalein,ANTHRAX LETHAL TOXIN ENDOPEPTIDASE COMPONENT,CHEMBL4372,CHEMBL8260,Potency,1258.9,nM,5.9,ChEMBL
Baicalein,ANTIGEN,CHEMBL4096,CHEMBL8260,Potency,631.0,nM,6.2,ChEMBL
Baicalein,ANTIGEN NY-CO-13,CHEMBL4096,CHEMBL8260,Potency,631.0,nM,6.2,ChEMBL
Baicalein,AP ENDONUCLEASE 1,CHEMBL5619,CHEMBL8260,Potency,631.0,nM,6.2,ChEMBL
Baicalein,APE-1,CHEMBL5619,CHEMBL8260,Potency,631.0,nM,6.2,ChEMBL
Baicalein,APEN,CHEMBL5619,CHEMBL8260,Potency,631.0,nM,6.2,ChEMBL
Baicalein,APEX NUCLEASE,CHEMBL5619,CHEMBL8260,Potency,631.0,nM,6.2,ChEMBL
Baicalein,APEX1,CHEMBL5619,CHEMBL8260,Potency,631.0,nM,6.2,ChEMBL
Baicalein,APURINIC-APYRIMIDINIC ENDONUCLEASE 1,CHEMBL5619,CHEMBL8260,Potency,631.0,nM,6.2,ChEMBL
Baicalein,ARACHIDONATE (12S)-LIPOXYGENASE,CHEMBL3687,CHEMBL8260,IC50,860.0,nM,6.07,ChEMBL
Baicalein,ARACHIDONATE (15S)-LIPOXYGENASE,CHEMBL3687,CHEMBL8260,IC50,860.0,nM,6.07,ChEMBL
Baicalein,"ARACHIDONATE 12-LIPOXYGENASE, LEUKOCYTE-TYPE",CHEMBL2741,CHEMBL8260,IC50,15.0,nM,7.82,ChEMBL
Baicalein,ARACHIDONATE 15-LIPOXYGENASE,CHEMBL2741,CHEMBL8260,IC50,15.0,nM,7.82,ChEMBL
Baicalein,ARACHIDONATE 15-LIPOXYGENASE B,CHEMBL3289,CHEMBL8260,IC50,260.0,nM,6.58,ChEMBL
Baicalein,ARACHIDONATE 15-LIPOXYGENASE TYPE II,CHEMBL3289,CHEMBL8260,IC50,260.0,nM,6.58,ChEMBL
Baicalein,ARACHIDONATE 5-LIPOXYGENASE,CHEMBL312,CHEMBL8260,IC50,10000.0,nM,5.0,ChEMBL
Baicalein,ARACHIDONATE OMEGA-6 LIPOXYGENASE,CHEMBL2741,CHEMBL8260,IC50,15.0,nM,7.82,ChEMBL
Baicalein,ATAD5,CHEMBL1741209,CHEMBL8260,Potency,3262.9,nM,,ChEMBL
Baicalein,ATP-DEPENDENT 6-PHOSPHOFRUCTOKINASE,CHEMBL5686,CHEMBL8260,Potency,5358.2,nM,,ChEMBL
Baicalein,ATP-DEPENDENT DNA HELICASE Q1,CHEMBL1293236,CHEMBL8260,Potency,5011.9,nM,5.3,ChEMBL
Baicalein,ATP-DEPENDENT HELICASE,CHEMBL2146312,CHEMBL8260,Potency,5323.3,nM,,ChEMBL
Baicalein,ATP-PFK,CHEMBL5686,CHEMBL8260,Potency,5358.2,nM,,ChEMBL
Baicalein,ATPASE,CHEMBL1741209,CHEMBL8260,Potency,3262.9,nM,,ChEMBL
Baicalein,ATPASE FAMILY AAA DOMAIN-CONTAINING PROTEIN 5,CHEMBL1741209,CHEMBL8260,Potency,3262.9,nM,,ChEMBL
Baicalein,BETA-TRYPSIN,CHEMBL2095204,CHEMBL8260,IC50,3700.0,nM,5.43,ChEMBL
Baicalein,BIFUNCTIONAL,CHEMBL2146312,CHEMBL8260,Potency,5323.3,nM,,ChEMBL
Baicalein,BIFUNCTIONAL 3'-5' EXONUCLEASE/ATP-DEPENDENT HELICASE WRN,CHEMBL2146312,CHEMBL8260,Potency,5323.3,nM,,ChEMBL
Baicalein,BILIRUBIN-SPECIFIC UDPGT ISOZYME 1,CHEMBL1287617,CHEMBL8260,IC50,4400.0,nM,5.36,ChEMBL
Baicalein,BLM,CHEMBL1293237,CHEMBL8260,Potency,6309.6,nM,5.2,ChEMBL
Baicalein,BLOOM SYNDROME PROTEIN,CHEMBL1293237,CHEMBL8260,Potency,6309.6,nM,5.2,ChEMBL
Baicalein,BRAIN TRYPSINOGEN,CHEMBL2095204,CHEMBL8260,IC50,3700.0,nM,5.43,ChEMBL
Baicalein,BRCA1,CHEMBL5990,CHEMBL8260,Potency,3981.1,nM,,ChEMBL
Baicalein,BREAST,CHEMBL5990,CHEMBL8260,Potency,3981.1,nM,,ChEMBL
Baicalein,BREAST CANCER TYPE 1 SUSCEPTIBILITY PROTEIN,CHEMBL5990,CHEMBL8260,Potency,3981.1,nM,,ChEMBL
Baicalein,CANCER,CHEMBL5990,CHEMBL8260,Potency,3981.1,nM,,ChEMBL
Baicalein,CASEIN KINASE II ALPHA 1 POLYPEPTIDE PSEUDOGENE,CHEMBL3832943,CHEMBL8260,IC50,10000.0,nM,5.0,ChEMBL
Baicalein,CASEIN KINASE II SUBUNIT ALPHA,CHEMBL3832943,CHEMBL8260,IC50,10000.0,nM,5.0,ChEMBL
Baicalein,CASEIN KINASE II SUBUNIT ALPHA 3,CHEMBL3832943,CHEMBL8260,IC50,10000.0,nM,5.0,ChEMBL
Baicalein,CASEIN KINASE II SUBUNIT ALPHA',CHEMBL3832943,CHEMBL8260,IC50,10000.0,nM,5.0,ChEMBL
Baicalein,CASEIN KINASE II SUBUNIT BETA,CHEMBL3988629,CHEMBL8260,IC50,10000.0,nM,5.0,ChEMBL
Baicalein,CATIONIC TRYPSINOGEN,CHEMBL2095204,CHEMBL8260,IC50,3700.0,nM,5.43,ChEMBL
Baicalein,CCNB1,CHEMBL1907602,CHEMBL8260,IC50,6530.0,nM,5.18,ChEMBL
Baicalein,CDK1,CHEMBL1907602,CHEMBL8260,IC50,6530.0,nM,5.18,ChEMBL
Baicalein,CD_ANTIGEN=CD135,CHEMBL1974,CHEMBL8260,IC50,10000.0,nM,,ChEMBL
Baicalein,CELL DIVISION CONTROL PROTEIN 2 HOMOLOG,CHEMBL1907602,CHEMBL8260,IC50,6530.0,nM,5.18,ChEMBL
Baicalein,CELL DIVISION PROTEIN KINASE 1,CHEMBL1907602,CHEMBL8260,IC50,6530.0,nM,5.18,ChEMBL
Baicalein,CELLULAR,CHEMBL4096,CHEMBL8260,Potency,631.0,nM,6.2,ChEMBL
Baicalein,CELLULAR TUMOR ANTIGEN P53,CHEMBL4096,CHEMBL8260,Potency,631.0,nM,6.2,ChEMBL
Baicalein,CHOLESTEROL 25-HYDROXYLASE,CHEMBL3397,CHEMBL8260,Potency,5011.9,nM,5.3,ChEMBL
Baicalein,CHROMOSOME FRAGILITY-ASSOCIATED GENE 1 PROTEIN,CHEMBL1741209,CHEMBL8260,Potency,3262.9,nM,,ChEMBL
Baicalein,CK II ALPHA,CHEMBL3988629,CHEMBL8260,IC50,10000.0,nM,5.0,ChEMBL
Baicalein,CK II ALPHA 3,CHEMBL3832943,CHEMBL8260,IC50,10000.0,nM,5.0,ChEMBL
Baicalein,CK II ALPHA',CHEMBL3832943,CHEMBL8260,IC50,10000.0,nM,5.0,ChEMBL
Baicalein,CK II BETA,CHEMBL3988629,CHEMBL8260,IC50,10000.0,nM,5.0,ChEMBL
Baicalein,CSNK2A1,CHEMBL3988629,CHEMBL8260,IC50,10000.0,nM,5.0,ChEMBL
Baicalein,CSNK2A2,CHEMBL3832943,CHEMBL8260,IC50,10000.0,nM,5.0,ChEMBL
Baicalein,CSNK2A3,CHEMBL3832943,CHEMBL8260,IC50,10000.0,nM,5.0,ChEMBL
Baicalein,CSNK2B,CHEMBL3988629,CHEMBL8260,IC50,10000.0,nM,5.0,ChEMBL
Baicalein,CYCLIN-DEPENDENT KINASE 1,CHEMBL1907602,CHEMBL8260,IC50,6530.0,nM,5.18,ChEMBL
Baicalein,CYP1A1,CHEMBL2231,CHEMBL8260,Ki,1220.0,nM,5.91,ChEMBL
Baicalein,CYP1B1,CHEMBL4878,CHEMBL8260,Ki,260.0,nM,6.58,ChEMBL
Baicalein,CYP2C19,CHEMBL3622,CHEMBL8260,Potency,5011.9,nM,5.3,ChEMBL
Baicalein,CYP2C9,CHEMBL3397,CHEMBL8260,Potency,5011.9,nM,5.3,ChEMBL
Baicalein,CYP3A4,CHEMBL340,CHEMBL8260,IC50,9200.0,nM,5.04,ChEMBL
Baicalein,CYPIA1,CHEMBL2231,CHEMBL8260,Ki,1220.0,nM,5.91,ChEMBL
Baicalein,CYPIB1,CHEMBL4878,CHEMBL8260,Ki,260.0,nM,6.58,ChEMBL
Baicalein,CYPIIC17,CHEMBL3622,CHEMBL8260,Potency,5011.9,nM,5.3,ChEMBL
Baicalein,CYPIIC19,CHEMBL3622,CHEMBL8260,Potency,5011.9,nM,5.3,ChEMBL
Baicalein,CYPIIC9,CHEMBL3397,CHEMBL8260,Potency,5011.9,nM,5.3,ChEMBL
Baicalein,CYPIIIA3,CHEMBL340,CHEMBL8260,IC50,9200.0,nM,5.04,ChEMBL
Baicalein,CYPIIIA4,CHEMBL340,CHEMBL8260,IC50,9200.0,nM,5.04,ChEMBL
Baicalein,CYTOCHROME,CHEMBL4878,CHEMBL8260,Ki,260.0,nM,6.58,ChEMBL
Baicalein,CYTOCHROME P-450MP,CHEMBL3397,CHEMBL8260,Potency,5011.9,nM,5.3,ChEMBL
Baicalein,CYTOCHROME P450 1A1,CHEMBL2231,CHEMBL8260,Ki,1220.0,nM,5.91,ChEMBL
Baicalein,CYTOCHROME P450 1B1,CHEMBL4878,CHEMBL8260,Ki,260.0,nM,6.58,ChEMBL
Baicalein,CYTOCHROME P450 2C19,CHEMBL3622,CHEMBL8260,Potency,5011.9,nM,5.3,ChEMBL
Baicalein,CYTOCHROME P450 2C9,CHEMBL3397,CHEMBL8260,Potency,5011.9,nM,5.3,ChEMBL
Baicalein,CYTOCHROME P450 3A3,CHEMBL340,CHEMBL8260,IC50,9200.0,nM,5.04,ChEMBL
Baicalein,CYTOCHROME P450 3A4,CHEMBL340,CHEMBL8260,IC50,9200.0,nM,5.04,ChEMBL
Baicalein,CYTOCHROME P450 FORM 6,CHEMBL2231,CHEMBL8260,Ki,1220.0,nM,5.91,ChEMBL
Baicalein,CYTOCHROME P450 HLP,CHEMBL340,CHEMBL8260,IC50,9200.0,nM,5.04,ChEMBL
Baicalein,CYTOCHROME P450 MP-4,CHEMBL3397,CHEMBL8260,Potency,5011.9,nM,5.3,ChEMBL
Baicalein,CYTOCHROME P450 MP-8,CHEMBL3397,CHEMBL8260,Potency,5011.9,nM,5.3,ChEMBL
Baicalein,CYTOCHROME P450 NF-25,CHEMBL340,CHEMBL8260,IC50,9200.0,nM,5.04,ChEMBL
Baicalein,CYTOCHROME P450 PB-1,CHEMBL3397,CHEMBL8260,Potency,5011.9,nM,5.3,ChEMBL
Baicalein,CYTOCHROME P450-11A,CHEMBL3622,CHEMBL8260,Potency,5011.9,nM,5.3,ChEMBL
Baicalein,CYTOCHROME P450-254C,CHEMBL3622,CHEMBL8260,Potency,5011.9,nM,5.3,ChEMBL
Baicalein,CYTOCHROME P450-C,CHEMBL2231,CHEMBL8260,Ki,1220.0,nM,5.91,ChEMBL
Baicalein,CYTOCHROME P450-P1,CHEMBL2231,CHEMBL8260,Ki,1220.0,nM,5.91,ChEMBL
Baicalein,CYTOCHROME P450-PCN1,CHEMBL340,CHEMBL8260,IC50,9200.0,nM,5.04,ChEMBL
Baicalein,DEACETYLASE,CHEMBL1865,CHEMBL8260,IC50,1204.0,nM,5.92,ChEMBL
Baicalein,DEHYDROGENASE,CHEMBL4159,CHEMBL8260,Potency,1995.3,nM,5.7,ChEMBL
Baicalein,DEMETHYLASE,CHEMBL1293226,CHEMBL8260,Potency,891.3,nM,6.05,ChEMBL
Baicalein,DEUBIQUITINATING ENZYME 2,CHEMBL1293227,CHEMBL8260,Potency,631.0,nM,6.2,ChEMBL
Baicalein,DINB PROTEIN,CHEMBL5365,CHEMBL8260,Potency,1778.3,nM,,ChEMBL
Baicalein,DINP,CHEMBL5365,CHEMBL8260,Potency,1778.3,nM,,ChEMBL
Baicalein,DNA,CHEMBL5619,CHEMBL8260,Potency,631.0,nM,6.2,ChEMBL
Baicalein,DNA 3'-5' HELICASE BLM,CHEMBL1293237,CHEMBL8260,Potency,6309.6,nM,5.2,ChEMBL
Baicalein,DNA 3'-5' HELICASE Q1,CHEMBL1293236,CHEMBL8260,Potency,5011.9,nM,5.3,ChEMBL
Baicalein,DNA 3'-5' HELICASE WRN,CHEMBL2146312,CHEMBL8260,Potency,5323.3,nM,,ChEMBL
Baicalein,"DNA HELICASE, RECQ-LIKE TYPE 1",CHEMBL1293236,CHEMBL8260,Potency,5011.9,nM,5.3,ChEMBL
Baicalein,"DNA HELICASE, RECQ-LIKE TYPE 2",CHEMBL1293237,CHEMBL8260,Potency,6309.6,nM,5.2,ChEMBL
Baicalein,"DNA HELICASE, RECQ-LIKE TYPE 3",CHEMBL2146312,CHEMBL8260,Potency,5323.3,nM,,ChEMBL
Baicalein,DNA POLYMERASE ETA,CHEMBL5542,CHEMBL8260,Potency,3162.3,nM,,ChEMBL
Baicalein,DNA POLYMERASE KAPPA,CHEMBL5365,CHEMBL8260,Potency,1778.3,nM,,ChEMBL
Baicalein,DNA REPAIR NUCLEASE/REDOX REGULATOR APEX1,CHEMBL5619,CHEMBL8260,Potency,631.0,nM,6.2,ChEMBL
Baicalein,"DNA REPAIR NUCLEASE/REDOX REGULATOR APEX1, MITOCHONDRIAL",CHEMBL5619,CHEMBL8260,Potency,631.0,nM,6.2,ChEMBL
Baicalein,DNA-(APURINIC OR APYRIMIDINIC SITE) ENDONUCLEASE,CHEMBL5619,CHEMBL8260,Potency,631.0,nM,6.2,ChEMBL
Baicalein,DNA-DEPENDENT ATPASE Q1,CHEMBL1293236,CHEMBL8260,Potency,5011.9,nM,5.3,ChEMBL
Baicalein,E3 UBIQUITIN-PROTEIN LIGASE HDAC6,CHEMBL1865,CHEMBL8260,IC50,1204.0,nM,5.92,ChEMBL
Baicalein,EICOSANOID/DOCOSANOID DEHYDROGENASE [NAD(+)],CHEMBL1293255,CHEMBL8260,Potency,7943.3,nM,5.1,ChEMBL
Baicalein,ENDOPLASMIC RETICULUM-ASSOCIATED AMYLOID BETA-PEPTIDE-BINDING PROTEIN,CHEMBL4159,CHEMBL8260,Potency,1995.3,nM,5.7,ChEMBL
Baicalein,ETA,CHEMBL5542,CHEMBL8260,Potency,3162.3,nM,,ChEMBL
Baicalein,EXON,CHEMBL4523582,CHEMBL8260,IC50,20.0,nM,7.7,ChEMBL
Baicalein,FACTOR,CHEMBL4372,CHEMBL8260,Potency,1258.9,nM,5.9,ChEMBL
Baicalein,FAMILY,CHEMBL1741209,CHEMBL8260,Potency,3262.9,nM,,ChEMBL
Baicalein,FATTY,CHEMBL2741,CHEMBL8260,IC50,15.0,nM,7.82,ChEMBL
Baicalein,FBA,CHEMBL1293234,CHEMBL8260,Potency,7924.5,nM,5.1,ChEMBL
Baicalein,FENBENDAZOLE MONOOXYGENASE (4'-HYDROXYLATING),CHEMBL3622,CHEMBL8260,Potency,5011.9,nM,5.3,ChEMBL
Baicalein,FETAL LIVER KINASE-2,CHEMBL1974,CHEMBL8260,IC50,10000.0,nM,,ChEMBL
Baicalein,FL CYTOKINE RECEPTOR,CHEMBL1974,CHEMBL8260,IC50,10000.0,nM,,ChEMBL
Baicalein,FLK-2,CHEMBL1974,CHEMBL8260,IC50,10000.0,nM,,ChEMBL
Baicalein,FLT-3,CHEMBL1974,CHEMBL8260,IC50,10000.0,nM,,ChEMBL
Baicalein,FLT3,CHEMBL1974,CHEMBL8260,IC50,10000.0,nM,,ChEMBL
Baicalein,FMS-LIKE TYROSINE KINASE 3,CHEMBL1974,CHEMBL8260,IC50,10000.0,nM,,ChEMBL
Baicalein,"FRUCTOSE-1,6-BISPHOSPHATE ALDOLASE",CHEMBL1293234,CHEMBL8260,Potency,7924.5,nM,5.1,ChEMBL
Baicalein,FRUCTOSE-BISPHOSPHATE ALDOLASE,CHEMBL1293234,CHEMBL8260,Potency,7924.5,nM,5.1,ChEMBL
Baicalein,G PROTEIN-COUPLED RECEPTOR KINASE 6,CHEMBL6144,CHEMBL8260,IC50,8700.0,nM,5.06,ChEMBL
Baicalein,G PROTEIN-COUPLED RECEPTOR KINASE GRK6,CHEMBL6144,CHEMBL8260,IC50,8700.0,nM,5.06,ChEMBL
Baicalein,G2/MITOTIC-SPECIFIC CYCLIN-B1,CHEMBL1907602,CHEMBL8260,IC50,6530.0,nM,5.18,ChEMBL
Baicalein,GABA(A) RECEPTOR SUBUNIT ALPHA-1,CHEMBL2093872,CHEMBL8260,Ki,5623.41,nM,5.25,ChEMBL
Baicalein,GABA(A) RECEPTOR SUBUNIT ALPHA-2,CHEMBL2093872,CHEMBL8260,Ki,5623.41,nM,5.25,ChEMBL
Baicalein,GABA(A) RECEPTOR SUBUNIT ALPHA-3,CHEMBL2093872,CHEMBL8260,Ki,5623.41,nM,5.25,ChEMBL
Baicalein,GABA(A) RECEPTOR SUBUNIT ALPHA-4,CHEMBL2093872,CHEMBL8260,Ki,5623.41,nM,5.25,ChEMBL
Baicalein,GABA(A) RECEPTOR SUBUNIT ALPHA-5,CHEMBL2093872,CHEMBL8260,Ki,5623.41,nM,5.25,ChEMBL
Baicalein,GABA(A) RECEPTOR SUBUNIT ALPHA-6,CHEMBL2093872,CHEMBL8260,Ki,5623.41,nM,5.25,ChEMBL
Baicalein,GABA(A) RECEPTOR SUBUNIT BETA-1,CHEMBL2093872,CHEMBL8260,Ki,5623.41,nM,5.25,ChEMBL
Baicalein,GABA(A) RECEPTOR SUBUNIT BETA-2,CHEMBL2093872,CHEMBL8260,Ki,5623.41,nM,5.25,ChEMBL
Baicalein,GABA(A) RECEPTOR SUBUNIT BETA-3,CHEMBL2093872,CHEMBL8260,Ki,5623.41,nM,5.25,ChEMBL
Baicalein,GABA(A) RECEPTOR SUBUNIT DELTA,CHEMBL2093872,CHEMBL8260,Ki,5623.41,nM,5.25,ChEMBL
Baicalein,GABA(A) RECEPTOR SUBUNIT EPSILON,CHEMBL2093872,CHEMBL8260,Ki,5623.41,nM,5.25,ChEMBL
Baicalein,GABA(A) RECEPTOR SUBUNIT GAMMA-1,CHEMBL2093872,CHEMBL8260,Ki,5623.41,nM,5.25,ChEMBL
Baicalein,GABA(A) RECEPTOR SUBUNIT GAMMA-2,CHEMBL2093872,CHEMBL8260,Ki,5623.41,nM,5.25,ChEMBL
Baicalein,GABA(A) RECEPTOR SUBUNIT GAMMA-3,CHEMBL2093872,CHEMBL8260,Ki,5623.41,nM,5.25,ChEMBL
Baicalein,GABA(A) RECEPTOR SUBUNIT PI,CHEMBL2093872,CHEMBL8260,Ki,5623.41,nM,5.25,ChEMBL
Baicalein,GABA(A) RECEPTOR SUBUNIT THETA,CHEMBL2093872,CHEMBL8260,Ki,5623.41,nM,5.25,ChEMBL
Baicalein,GABAAR SUBUNIT ALPHA-1,CHEMBL2093872,CHEMBL8260,Ki,5623.41,nM,5.25,ChEMBL
Baicalein,GABAAR SUBUNIT ALPHA-2,CHEMBL2093872,CHEMBL8260,Ki,5623.41,nM,5.25,ChEMBL
Baicalein,GABAAR SUBUNIT ALPHA-3,CHEMBL2093872,CHEMBL8260,Ki,5623.41,nM,5.25,ChEMBL
Baicalein,GABAAR SUBUNIT ALPHA-4,CHEMBL2093872,CHEMBL8260,Ki,5623.41,nM,5.25,ChEMBL
Baicalein,GABAAR SUBUNIT ALPHA-5,CHEMBL2093872,CHEMBL8260,Ki,5623.41,nM,5.25,ChEMBL
Baicalein,GABAAR SUBUNIT ALPHA-6,CHEMBL2093872,CHEMBL8260,Ki,5623.41,nM,5.25,ChEMBL
Baicalein,GABAAR SUBUNIT BETA-1,CHEMBL2093872,CHEMBL8260,Ki,5623.41,nM,5.25,ChEMBL
Baicalein,GABAAR SUBUNIT BETA-2,CHEMBL2093872,CHEMBL8260,Ki,5623.41,nM,5.25,ChEMBL
Baicalein,GABAAR SUBUNIT BETA-3,CHEMBL2093872,CHEMBL8260,Ki,5623.41,nM,5.25,ChEMBL
Baicalein,GABAAR SUBUNIT DELTA,CHEMBL2093872,CHEMBL8260,Ki,5623.41,nM,5.25,ChEMBL
Baicalein,GABAAR SUBUNIT EPSILON,CHEMBL2093872,CHEMBL8260,Ki,5623.41,nM,5.25,ChEMBL
Baicalein,GABAAR SUBUNIT GAMMA-1,CHEMBL2093872,CHEMBL8260,Ki,5623.41,nM,5.25,ChEMBL
Baicalein,GABAAR SUBUNIT GAMMA-2,CHEMBL2093872,CHEMBL8260,Ki,5623.41,nM,5.25,ChEMBL
Baicalein,GABAAR SUBUNIT GAMMA-3,CHEMBL2093872,CHEMBL8260,Ki,5623.41,nM,5.25,ChEMBL
Baicalein,GABAAR SUBUNIT PI,CHEMBL2093872,CHEMBL8260,Ki,5623.41,nM,5.25,ChEMBL
Baicalein,GABAAR SUBUNIT THETA,CHEMBL2093872,CHEMBL8260,Ki,5623.41,nM,5.25,ChEMBL
Baicalein,GABRA1,CHEMBL2093872,CHEMBL8260,Ki,5623.41,nM,5.25,ChEMBL
Baicalein,GABRA2,CHEMBL2093872,CHEMBL8260,Ki,5623.41,nM,5.25,ChEMBL
Baicalein,GABRA3,CHEMBL2093872,CHEMBL8260,Ki,5623.41,nM,5.25,ChEMBL
Baicalein,GABRA4,CHEMBL2093872,CHEMBL8260,Ki,5623.41,nM,5.25,ChEMBL
Baicalein,GABRA5,CHEMBL2093872,CHEMBL8260,Ki,5623.41,nM,5.25,ChEMBL
Baicalein,GABRA6,CHEMBL2093872,CHEMBL8260,Ki,5623.41,nM,5.25,ChEMBL
Baicalein,GABRB1,CHEMBL2093872,CHEMBL8260,Ki,5623.41,nM,5.25,ChEMBL
Baicalein,GABRB2,CHEMBL2093872,CHEMBL8260,Ki,5623.41,nM,5.25,ChEMBL
Baicalein,GABRB3,CHEMBL2093872,CHEMBL8260,Ki,5623.41,nM,5.25,ChEMBL
Baicalein,GABRD,CHEMBL2093872,CHEMBL8260,Ki,5623.41,nM,5.25,ChEMBL
Baicalein,GABRE,CHEMBL2093872,CHEMBL8260,Ki,5623.41,nM,5.25,ChEMBL
Baicalein,GABRG1,CHEMBL2093872,CHEMBL8260,Ki,5623.41,nM,5.25,ChEMBL
Baicalein,GABRG2,CHEMBL2093872,CHEMBL8260,Ki,5623.41,nM,5.25,ChEMBL
Baicalein,GABRG3,CHEMBL2093872,CHEMBL8260,Ki,5623.41,nM,5.25,ChEMBL
Baicalein,GABRP,CHEMBL2093872,CHEMBL8260,Ki,5623.41,nM,5.25,ChEMBL
Baicalein,GABRQ,CHEMBL2093872,CHEMBL8260,Ki,5623.41,nM,5.25,ChEMBL
Baicalein,GAG-POL POLYPROTEIN,CHEMBL3471,CHEMBL8260,IC50,1200.0,nM,5.92,ChEMBL
Baicalein,GAMMA-AMINOBUTYRIC ACID RECEPTOR SUBUNIT ALPHA-1,CHEMBL2093872,CHEMBL8260,Ki,5623.41,nM,5.25,ChEMBL
Baicalein,GAMMA-AMINOBUTYRIC ACID RECEPTOR SUBUNIT ALPHA-2,CHEMBL2093872,CHEMBL8260,Ki,5623.41,nM,5.25,ChEMBL
Baicalein,GAMMA-AMINOBUTYRIC ACID RECEPTOR SUBUNIT ALPHA-3,CHEMBL2093872,CHEMBL8260,Ki,5623.41,nM,5.25,ChEMBL
Baicalein,GAMMA-AMINOBUTYRIC ACID RECEPTOR SUBUNIT ALPHA-4,CHEMBL2093872,CHEMBL8260,Ki,5623.41,nM,5.25,ChEMBL
Baicalein,GAMMA-AMINOBUTYRIC ACID RECEPTOR SUBUNIT ALPHA-5,CHEMBL2093872,CHEMBL8260,Ki,5623.41,nM,5.25,ChEMBL
Baicalein,GAMMA-AMINOBUTYRIC ACID RECEPTOR SUBUNIT ALPHA-6,CHEMBL2093872,CHEMBL8260,Ki,5623.41,nM,5.25,ChEMBL
Baicalein,GAMMA-AMINOBUTYRIC ACID RECEPTOR SUBUNIT BETA-1,CHEMBL2093872,CHEMBL8260,Ki,5623.41,nM,5.25,ChEMBL
Baicalein,GAMMA-AMINOBUTYRIC ACID RECEPTOR SUBUNIT BETA-2,CHEMBL2093872,CHEMBL8260,Ki,5623.41,nM,5.25,ChEMBL
Baicalein,GAMMA-AMINOBUTYRIC ACID RECEPTOR SUBUNIT BETA-3,CHEMBL2093872,CHEMBL8260,Ki,5623.41,nM,5.25,ChEMBL
Baicalein,GAMMA-AMINOBUTYRIC ACID RECEPTOR SUBUNIT DELTA,CHEMBL2093872,CHEMBL8260,Ki,5623.41,nM,5.25,ChEMBL
Baicalein,GAMMA-AMINOBUTYRIC ACID RECEPTOR SUBUNIT EPSILON,CHEMBL2093872,CHEMBL8260,Ki,5623.41,nM,5.25,ChEMBL
Baicalein,GAMMA-AMINOBUTYRIC ACID RECEPTOR SUBUNIT GAMMA-1,CHEMBL2093872,CHEMBL8260,Ki,5623.41,nM,5.25,ChEMBL
Baicalein,GAMMA-AMINOBUTYRIC ACID RECEPTOR SUBUNIT GAMMA-2,CHEMBL2093872,CHEMBL8260,Ki,5623.41,nM,5.25,ChEMBL
Baicalein,GAMMA-AMINOBUTYRIC ACID RECEPTOR SUBUNIT GAMMA-3,CHEMBL2093872,CHEMBL8260,Ki,5623.41,nM,5.25,ChEMBL
Baicalein,GAMMA-AMINOBUTYRIC ACID RECEPTOR SUBUNIT PI,CHEMBL2093872,CHEMBL8260,Ki,5623.41,nM,5.25,ChEMBL
Baicalein,GAMMA-AMINOBUTYRIC ACID RECEPTOR SUBUNIT THETA,CHEMBL2093872,CHEMBL8260,Ki,5623.41,nM,5.25,ChEMBL
Baicalein,GEMININ,CHEMBL1293278,CHEMBL8260,Potency,1636.0,nM,,ChEMBL
Baicalein,GFL,CHEMBL4523582,CHEMBL8260,IC50,20.0,nM,7.7,ChEMBL
Baicalein,GLFBA,CHEMBL1293234,CHEMBL8260,Potency,7924.5,nM,5.1,ChEMBL
Baicalein,GLFBPA,CHEMBL1293234,CHEMBL8260,Potency,7924.5,nM,5.1,ChEMBL
Baicalein,GMNN,CHEMBL1293278,CHEMBL8260,Potency,1636.0,nM,,ChEMBL
Baicalein,GRK6,CHEMBL6144,CHEMBL8260,IC50,8700.0,nM,5.06,ChEMBL
Baicalein,GROWTH FACTOR-LIKE PEPTIDE,CHEMBL4523582,CHEMBL8260,IC50,20.0,nM,7.7,ChEMBL
Baicalein,GUANINE-N7 METHYLTRANSFERASE NSP14,CHEMBL4523582,CHEMBL8260,IC50,20.0,nM,7.7,ChEMBL
Baicalein,HD8,CHEMBL3192,CHEMBL8260,IC50,3950.0,nM,5.4,ChEMBL
Baicalein,HDAC6,CHEMBL1865,CHEMBL8260,IC50,1204.0,nM,5.92,ChEMBL
Baicalein,HDAC8,CHEMBL3192,CHEMBL8260,IC50,3950.0,nM,5.4,ChEMBL
Baicalein,HEL,CHEMBL4523582,CHEMBL8260,IC50,20.0,nM,7.7,ChEMBL
Baicalein,HELICASE,CHEMBL1293236,CHEMBL8260,Potency,5011.9,nM,5.3,ChEMBL
Baicalein,HELICASE NSP13,CHEMBL4523582,CHEMBL8260,IC50,20.0,nM,7.7,ChEMBL
Baicalein,HEPOXILIN A3 SYNTHASE ALOX15,CHEMBL2741,CHEMBL8260,IC50,15.0,nM,7.82,ChEMBL
Baicalein,HISTONE,CHEMBL3192,CHEMBL8260,IC50,3950.0,nM,5.4,ChEMBL
Baicalein,HISTONE DEACETYLASE 8,CHEMBL3192,CHEMBL8260,IC50,3950.0,nM,5.4,ChEMBL
Baicalein,HOST TRANSLATION INHIBITOR NSP1,CHEMBL4523582,CHEMBL8260,IC50,20.0,nM,7.7,ChEMBL
Baicalein,HPGD,CHEMBL1293255,CHEMBL8260,Potency,7943.3,nM,5.1,ChEMBL
Baicalein,HSD17B10,CHEMBL4159,CHEMBL8260,Potency,1995.3,nM,5.7,ChEMBL
Baicalein,HUG-BR1,CHEMBL1287617,CHEMBL8260,IC50,4400.0,nM,5.36,ChEMBL
Baicalein,HYDROLASE,CHEMBL1293227,CHEMBL8260,Potency,631.0,nM,6.2,ChEMBL
Baicalein,HYDROPEROXY ICOSATETRAENOATE DEHYDRATASE,CHEMBL4878,CHEMBL8260,Ki,260.0,nM,6.58,ChEMBL
Baicalein,KAPPA,CHEMBL5365,CHEMBL8260,Potency,1778.3,nM,,ChEMBL
Baicalein,KDM4D-LIKE PROTEIN,CHEMBL1293226,CHEMBL8260,Potency,891.3,nM,6.05,ChEMBL
Baicalein,KDM4E,CHEMBL1293226,CHEMBL8260,Potency,891.3,nM,6.05,ChEMBL
Baicalein,KINASE,CHEMBL2073,CHEMBL8260,IC50,3300.0,nM,5.48,ChEMBL
Baicalein,LEADER PROTEIN,CHEMBL4523582,CHEMBL8260,IC50,20.0,nM,7.7,ChEMBL
Baicalein,LEF,CHEMBL4372,CHEMBL8260,Potency,1258.9,nM,5.9,ChEMBL
Baicalein,LETHAL,CHEMBL4372,CHEMBL8260,Potency,1258.9,nM,5.9,ChEMBL
Baicalein,LETHAL FACTOR,CHEMBL4372,CHEMBL8260,Potency,1258.9,nM,5.9,ChEMBL
Baicalein,LINOLEATE (13S)-LIPOXYGENASE,CHEMBL3687,CHEMBL8260,IC50,860.0,nM,6.07,ChEMBL
Baicalein,LINOLEATE 13-LIPOXYGENASE 15-LOB,CHEMBL3289,CHEMBL8260,IC50,260.0,nM,6.58,ChEMBL
Baicalein,LINOLEATE 13S-LIPOXYGENASE,CHEMBL2741,CHEMBL8260,IC50,15.0,nM,7.82,ChEMBL
Baicalein,LIPOXIN SYNTHASE 12-LO,CHEMBL3687,CHEMBL8260,IC50,860.0,nM,6.07,ChEMBL
Baicalein,LIPOXYGENASE,CHEMBL2741,CHEMBL8260,IC50,15.0,nM,7.82,ChEMBL
Baicalein,LYSINE-SPECIFIC DEMETHYLASE 4D-LIKE,CHEMBL1293226,CHEMBL8260,Potency,891.3,nM,6.05,ChEMBL
Baicalein,LYSINE-SPECIFIC DEMETHYLASE 4E,CHEMBL1293226,CHEMBL8260,Potency,891.3,nM,6.05,ChEMBL
Baicalein,MAIN PROTEASE,CHEMBL4523582,CHEMBL8260,IC50,20.0,nM,7.7,ChEMBL
Baicalein,MAPT,CHEMBL1293224,CHEMBL8260,Potency,10000.0,nM,5.0,ChEMBL
Baicalein,MEPHENYTOIN 4-HYDROXYLASE,CHEMBL3622,CHEMBL8260,Potency,5011.9,nM,5.3,ChEMBL
Baicalein,MESOTRYPSIN,CHEMBL2095204,CHEMBL8260,IC50,3700.0,nM,5.43,ChEMBL
Baicalein,MESOTRYPSINOGEN,CHEMBL2095204,CHEMBL8260,IC50,3700.0,nM,5.43,ChEMBL
Baicalein,MHBD,CHEMBL4159,CHEMBL8260,Potency,1995.3,nM,5.7,ChEMBL
Baicalein,MICROTUBULE-ASSOCIATED PROTEIN TAU,CHEMBL1293224,CHEMBL8260,Potency,10000.0,nM,5.0,ChEMBL
Baicalein,MITOCHONDRIAL RIBONUCLEASE P PROTEIN 2,CHEMBL4159,CHEMBL8260,Potency,1995.3,nM,5.7,ChEMBL
Baicalein,MITOCHONDRIAL RNASE P PROTEIN 2,CHEMBL4159,CHEMBL8260,Potency,1995.3,nM,5.7,ChEMBL
Baicalein,MPRO,CHEMBL4523582,CHEMBL8260,IC50,20.0,nM,7.7,ChEMBL
Baicalein,NACP,CHEMBL6152,CHEMBL8260,IC50,8200.0,nM,5.09,ChEMBL
Baicalein,NENDOU,CHEMBL4523582,CHEMBL8260,IC50,20.0,nM,7.7,ChEMBL
Baicalein,NEUROFIBRILLARY TANGLE PROTEIN,CHEMBL1293224,CHEMBL8260,Potency,10000.0,nM,5.0,ChEMBL
Baicalein,NIFEDIPINE OXIDASE,CHEMBL340,CHEMBL8260,IC50,9200.0,nM,5.04,ChEMBL
Baicalein,NON-A BETA COMPONENT OF AD AMYLOID,CHEMBL6152,CHEMBL8260,IC50,8200.0,nM,5.09,ChEMBL
Baicalein,NON-A4 COMPONENT OF AMYLOID PRECURSOR,CHEMBL6152,CHEMBL8260,IC50,8200.0,nM,5.09,ChEMBL
Baicalein,NON-PROTEIN TARGET,CHEMBL3879801,CHEMBL8260,IC50,2720.0,nM,5.57,ChEMBL
Baicalein,NON-STRUCTURAL PROTEIN 1,CHEMBL4523582,CHEMBL8260,IC50,20.0,nM,7.7,ChEMBL
Baicalein,NON-STRUCTURAL PROTEIN 10,CHEMBL4523582,CHEMBL8260,IC50,20.0,nM,7.7,ChEMBL
Baicalein,NON-STRUCTURAL PROTEIN 12,CHEMBL4523582,CHEMBL8260,IC50,20.0,nM,7.7,ChEMBL
Baicalein,NON-STRUCTURAL PROTEIN 13,CHEMBL4523582,CHEMBL8260,IC50,20.0,nM,7.7,ChEMBL
Baicalein,NON-STRUCTURAL PROTEIN 14,CHEMBL4523582,CHEMBL8260,IC50,20.0,nM,7.7,ChEMBL
Baicalein,NON-STRUCTURAL PROTEIN 15,CHEMBL4523582,CHEMBL8260,IC50,20.0,nM,7.7,ChEMBL
Baicalein,NON-STRUCTURAL PROTEIN 16,CHEMBL4523582,CHEMBL8260,IC50,20.0,nM,7.7,ChEMBL
Baicalein,NON-STRUCTURAL PROTEIN 2,CHEMBL4523582,CHEMBL8260,IC50,20.0,nM,7.7,ChEMBL
Baicalein,NON-STRUCTURAL PROTEIN 3,CHEMBL4523582,CHEMBL8260,IC50,20.0,nM,7.7,ChEMBL
Baicalein,NON-STRUCTURAL PROTEIN 4,CHEMBL4523582,CHEMBL8260,IC50,20.0,nM,7.7,ChEMBL
Baicalein,NON-STRUCTURAL PROTEIN 5,CHEMBL4523582,CHEMBL8260,IC50,20.0,nM,7.7,ChEMBL
Baicalein,NON-STRUCTURAL PROTEIN 6,CHEMBL4523582,CHEMBL8260,IC50,20.0,nM,7.7,ChEMBL
Baicalein,NON-STRUCTURAL PROTEIN 7,CHEMBL4523582,CHEMBL8260,IC50,20.0,nM,7.7,ChEMBL
Baicalein,NON-STRUCTURAL PROTEIN 8,CHEMBL4523582,CHEMBL8260,IC50,20.0,nM,7.7,ChEMBL
Baicalein,NON-STRUCTURAL PROTEIN 9,CHEMBL4523582,CHEMBL8260,IC50,20.0,nM,7.7,ChEMBL
Baicalein,NSP1,CHEMBL4523582,CHEMBL8260,IC50,20.0,nM,7.7,ChEMBL
Baicalein,NSP10,CHEMBL4523582,CHEMBL8260,IC50,20.0,nM,7.7,ChEMBL
Baicalein,NSP12,CHEMBL4523582,CHEMBL8260,IC50,20.0,nM,7.7,ChEMBL
Baicalein,NSP13,CHEMBL4523582,CHEMBL8260,IC50,20.0,nM,7.7,ChEMBL
Baicalein,NSP14,CHEMBL4523582,CHEMBL8260,IC50,20.0,nM,7.7,ChEMBL
Baicalein,NSP15,CHEMBL4523582,CHEMBL8260,IC50,20.0,nM,7.7,ChEMBL
Baicalein,NSP16,CHEMBL4523582,CHEMBL8260,IC50,20.0,nM,7.7,ChEMBL
Baicalein,NSP2,CHEMBL4523582,CHEMBL8260,IC50,20.0,nM,7.7,ChEMBL
Baicalein,NSP3,CHEMBL4523582,CHEMBL8260,IC50,20.0,nM,7.7,ChEMBL
Baicalein,NSP4,CHEMBL4523582,CHEMBL8260,IC50,20.0,nM,7.7,ChEMBL
Baicalein,NSP5,CHEMBL4523582,CHEMBL8260,IC50,20.0,nM,7.7,ChEMBL
Baicalein,NSP6,CHEMBL4523582,CHEMBL8260,IC50,20.0,nM,7.7,ChEMBL
Baicalein,NSP7,CHEMBL4523582,CHEMBL8260,IC50,20.0,nM,7.7,ChEMBL
Baicalein,NSP8,CHEMBL4523582,CHEMBL8260,IC50,20.0,nM,7.7,ChEMBL
Baicalein,NSP9,CHEMBL4523582,CHEMBL8260,IC50,20.0,nM,7.7,ChEMBL
Baicalein,NUCLEAR,CHEMBL1293231,CHEMBL8260,Potency,5011.9,nM,5.3,ChEMBL
Baicalein,NUCLEAR RECEPTOR ROR-GAMMA,CHEMBL1293231,CHEMBL8260,Potency,5011.9,nM,5.3,ChEMBL
Baicalein,NUCLEAR RECEPTOR RZR-GAMMA,CHEMBL1293231,CHEMBL8260,Potency,5011.9,nM,5.3,ChEMBL
Baicalein,NUCLEAR RECEPTOR SUBFAMILY 1 GROUP F MEMBER 3,CHEMBL1293231,CHEMBL8260,Potency,5011.9,nM,5.3,ChEMBL
Baicalein,ORF1AB POLYPROTEIN,CHEMBL4523582,CHEMBL8260,IC50,20.0,nM,7.7,ChEMBL
Baicalein,P12,CHEMBL4295557,CHEMBL8260,IC50,10000.0,nM,,ChEMBL
Baicalein,P34 PROTEIN KINASE,CHEMBL1907602,CHEMBL8260,IC50,6530.0,nM,5.18,ChEMBL
Baicalein,P61-YES,CHEMBL2073,CHEMBL8260,IC50,3300.0,nM,5.48,ChEMBL
Baicalein,P65 HOMOLOG,CHEMBL4523582,CHEMBL8260,IC50,20.0,nM,7.7,ChEMBL
Baicalein,PAIRED HELICAL FILAMENT-TAU,CHEMBL1293224,CHEMBL8260,Potency,10000.0,nM,5.0,ChEMBL
Baicalein,PAPAIN-LIKE PROTEASE NSP3,CHEMBL4523582,CHEMBL8260,IC50,20.0,nM,7.7,ChEMBL
Baicalein,PAPAIN-LIKE PROTEINASE,CHEMBL4523582,CHEMBL8260,IC50,20.0,nM,7.7,ChEMBL
Baicalein,PAPAIN-LIKE PROTEINASE NSP3,CHEMBL4295557,CHEMBL8260,IC50,10000.0,nM,,ChEMBL
Baicalein,PFK,CHEMBL5686,CHEMBL8260,Potency,5358.2,nM,,ChEMBL
Baicalein,PHF-TAU,CHEMBL1293224,CHEMBL8260,Potency,10000.0,nM,5.0,ChEMBL
Baicalein,PHOSPHOFRUCTOKINASE,CHEMBL5686,CHEMBL8260,Potency,5358.2,nM,,ChEMBL
Baicalein,PHOSPHOHEXOKINASE,CHEMBL5686,CHEMBL8260,Potency,5358.2,nM,,ChEMBL
Baicalein,PHOSPHOPROTEIN P53,CHEMBL4096,CHEMBL8260,Potency,631.0,nM,6.2,ChEMBL
Baicalein,PHOSVITIN,CHEMBL3988629,CHEMBL8260,IC50,10000.0,nM,5.0,ChEMBL
Baicalein,PL-PRO,CHEMBL4523582,CHEMBL8260,IC50,20.0,nM,7.7,ChEMBL
Baicalein,PL2-PRO,CHEMBL4523582,CHEMBL8260,IC50,20.0,nM,7.7,ChEMBL
Baicalein,PLATELET-TYPE LIPOXYGENASE 12,CHEMBL3687,CHEMBL8260,IC50,860.0,nM,6.07,ChEMBL
Baicalein,PLK-1,CHEMBL3024,CHEMBL8260,IC50,9000.0,nM,5.05,ChEMBL
Baicalein,PLK1,CHEMBL3024,CHEMBL8260,IC50,9000.0,nM,5.05,ChEMBL
Baicalein,POL,CHEMBL4523582,CHEMBL8260,IC50,20.0,nM,7.7,ChEMBL
Baicalein,POLH,CHEMBL5542,CHEMBL8260,Potency,3162.3,nM,,ChEMBL
Baicalein,POLK,CHEMBL5365,CHEMBL8260,Potency,1778.3,nM,,ChEMBL
Baicalein,POLO-LIKE KINASE 1,CHEMBL3024,CHEMBL8260,IC50,9000.0,nM,5.05,ChEMBL
Baicalein,POLYMERASE,CHEMBL5542,CHEMBL8260,Potency,3162.3,nM,,ChEMBL
Baicalein,POLYPROTEIN,CHEMBL4523582,CHEMBL8260,IC50,20.0,nM,7.7,ChEMBL
Baicalein,POLYUNSATURATED,CHEMBL2741,CHEMBL8260,IC50,15.0,nM,7.82,ChEMBL
Baicalein,POLYUNSATURATED FATTY ACID 5-LIPOXYGENASE,CHEMBL312,CHEMBL8260,IC50,10000.0,nM,5.0,ChEMBL
Baicalein,POLYUNSATURATED FATTY ACID LIPOXYGENASE ALOX12,CHEMBL3687,CHEMBL8260,IC50,860.0,nM,6.07,ChEMBL
Baicalein,POLYUNSATURATED FATTY ACID LIPOXYGENASE ALOX15,CHEMBL2741,CHEMBL8260,IC50,15.0,nM,7.82,ChEMBL
Baicalein,POLYUNSATURATED FATTY ACID LIPOXYGENASE ALOX15B,CHEMBL3289,CHEMBL8260,IC50,260.0,nM,6.58,ChEMBL
Baicalein,PP1AB,CHEMBL4523582,CHEMBL8260,IC50,20.0,nM,7.7,ChEMBL
Baicalein,PR160GAG-POL,CHEMBL3471,CHEMBL8260,IC50,1200.0,nM,5.92,ChEMBL
Baicalein,PRETRYPSINOGEN I,CHEMBL2095204,CHEMBL8260,IC50,3700.0,nM,5.43,ChEMBL
Baicalein,PROOFREADING EXORIBONUCLEASE NSP14,CHEMBL4523582,CHEMBL8260,IC50,20.0,nM,7.7,ChEMBL
Baicalein,PROSTAGLANDIN DEHYDROGENASE 1,CHEMBL1293255,CHEMBL8260,Potency,7943.3,nM,5.1,ChEMBL
Baicalein,PROTEIN,CHEMBL1865,CHEMBL8260,IC50,1204.0,nM,5.92,ChEMBL
Baicalein,PROTEIN DEACETYLASE HDAC6,CHEMBL1865,CHEMBL8260,IC50,1204.0,nM,5.92,ChEMBL
Baicalein,PROTEIN DEACETYLASE HDAC8,CHEMBL3192,CHEMBL8260,IC50,3950.0,nM,5.4,ChEMBL
Baicalein,PROTEIN DECROTONYLASE HDAC8,CHEMBL3192,CHEMBL8260,IC50,3950.0,nM,5.4,ChEMBL
Baicalein,PROTEIN G5A,CHEMBL3832943,CHEMBL8260,IC50,10000.0,nM,5.0,ChEMBL
Baicalein,PROTO-ONCOGENE C-YES,CHEMBL2073,CHEMBL8260,IC50,3300.0,nM,5.48,ChEMBL
Baicalein,PRSS1,CHEMBL2095204,CHEMBL8260,IC50,3700.0,nM,5.43,ChEMBL
Baicalein,PRSS2,CHEMBL2095204,CHEMBL8260,IC50,3700.0,nM,5.43,ChEMBL
Baicalein,PRSS3,CHEMBL2095204,CHEMBL8260,IC50,3700.0,nM,5.43,ChEMBL
Baicalein,QUININE 3-MONOOXYGENASE,CHEMBL340,CHEMBL8260,IC50,9200.0,nM,5.04,ChEMBL
Baicalein,RAD30 HOMOLOG A,CHEMBL5542,CHEMBL8260,Potency,3162.3,nM,,ChEMBL
Baicalein,RAR-RELATED ORPHAN RECEPTOR C,CHEMBL1293231,CHEMBL8260,Potency,5011.9,nM,5.3,ChEMBL
Baicalein,RDRP,CHEMBL4523582,CHEMBL8260,IC50,20.0,nM,7.7,ChEMBL
Baicalein,RECEPTOR,CHEMBL1293231,CHEMBL8260,Potency,5011.9,nM,5.3,ChEMBL
Baicalein,RECEPTOR-TYPE TYROSINE-PROTEIN KINASE FLT3,CHEMBL1974,CHEMBL8260,IC50,10000.0,nM,,ChEMBL
Baicalein,RECQ PROTEIN-LIKE 1,CHEMBL1293236,CHEMBL8260,Potency,5011.9,nM,5.3,ChEMBL
Baicalein,RECQ PROTEIN-LIKE 2,CHEMBL2146312,CHEMBL8260,Potency,5323.3,nM,,ChEMBL
Baicalein,RECQ PROTEIN-LIKE 3,CHEMBL1293237,CHEMBL8260,Potency,6309.6,nM,5.2,ChEMBL
Baicalein,RECQ-LIKE DNA HELICASE BLM,CHEMBL1293237,CHEMBL8260,Potency,6309.6,nM,5.2,ChEMBL
Baicalein,RECQ1,CHEMBL1293236,CHEMBL8260,Potency,5011.9,nM,5.3,ChEMBL
Baicalein,RECQ2,CHEMBL1293237,CHEMBL8260,Potency,6309.6,nM,5.2,ChEMBL
Baicalein,RECQL,CHEMBL1293236,CHEMBL8260,Potency,5011.9,nM,5.3,ChEMBL
Baicalein,REDOX FACTOR-1,CHEMBL5619,CHEMBL8260,Potency,631.0,nM,6.2,ChEMBL
Baicalein,REF-1,CHEMBL5619,CHEMBL8260,Potency,631.0,nM,6.2,ChEMBL
Baicalein,REGULATOR,CHEMBL5619,CHEMBL8260,Potency,631.0,nM,6.2,ChEMBL
Baicalein,REP,CHEMBL4523582,CHEMBL8260,IC50,20.0,nM,7.7,ChEMBL
Baicalein,REPAIR,CHEMBL5619,CHEMBL8260,Potency,631.0,nM,6.2,ChEMBL
Baicalein,REPLICASE,CHEMBL4523582,CHEMBL8260,IC50,20.0,nM,7.7,ChEMBL
Baicalein,REPLICASE POLYPROTEIN 1AB,CHEMBL4523582,CHEMBL8260,IC50,20.0,nM,7.7,ChEMBL
Baicalein,RETINOID-RELATED ORPHAN RECEPTOR-GAMMA,CHEMBL1293231,CHEMBL8260,Potency,5011.9,nM,5.3,ChEMBL
Baicalein,RING FINGER PROTEIN 53,CHEMBL5990,CHEMBL8260,Potency,3981.1,nM,,ChEMBL
Baicalein,RING-TYPE E3 UBIQUITIN TRANSFERASE BRCA1,CHEMBL5990,CHEMBL8260,Potency,3981.1,nM,,ChEMBL
Baicalein,RNA-CAPPING ENZYME SUBUNIT NSP9,CHEMBL4523582,CHEMBL8260,IC50,20.0,nM,7.7,ChEMBL
Baicalein,RNA-DIRECTED RNA POLYMERASE NSP12,CHEMBL4523582,CHEMBL8260,IC50,20.0,nM,7.7,ChEMBL
Baicalein,RORC,CHEMBL1293231,CHEMBL8260,Potency,5011.9,nM,5.3,ChEMBL
Baicalein,S-MEPHENYTOIN 4-HYDROXYLASE,CHEMBL3397,CHEMBL8260,Potency,5011.9,nM,5.3,ChEMBL
Baicalein,SARS CORONAVIRUS MAIN PROTEINASE,CHEMBL4523582,CHEMBL8260,IC50,20.0,nM,7.7,ChEMBL
Baicalein,SARS-COV-2,CHEMBL4303835,CHEMBL8260,EC50,1690.0,nM,5.77,ChEMBL
Baicalein,SERINE PROTEASE 1,CHEMBL2095204,CHEMBL8260,IC50,3700.0,nM,5.43,ChEMBL
Baicalein,SERINE PROTEASE 2,CHEMBL2095204,CHEMBL8260,IC50,3700.0,nM,5.43,ChEMBL
Baicalein,SERINE PROTEASE 3,CHEMBL2095204,CHEMBL8260,IC50,3700.0,nM,5.43,ChEMBL
Baicalein,SERINE PROTEASE 4,CHEMBL2095204,CHEMBL8260,IC50,3700.0,nM,5.43,ChEMBL
Baicalein,SERINE/THREONINE-PROTEIN KINASE 13,CHEMBL3024,CHEMBL8260,IC50,9000.0,nM,5.05,ChEMBL
Baicalein,SERINE/THREONINE-PROTEIN KINASE PLK1,CHEMBL3024,CHEMBL8260,IC50,9000.0,nM,5.05,ChEMBL
Baicalein,SHORT CHAIN DEHYDROGENASE/REDUCTASE FAMILY 36C MEMBER 1,CHEMBL1293255,CHEMBL8260,Potency,7943.3,nM,5.1,ChEMBL
Baicalein,SHORT CHAIN DEHYDROGENASE/REDUCTASE FAMILY 5C MEMBER 1,CHEMBL4159,CHEMBL8260,Potency,1995.3,nM,5.7,ChEMBL
Baicalein,SHORT-CHAIN TYPE DEHYDROGENASE/REDUCTASE XH98G2,CHEMBL4159,CHEMBL8260,Potency,1995.3,nM,5.7,ChEMBL
Baicalein,SNCA,CHEMBL6152,CHEMBL8260,IC50,8200.0,nM,5.09,ChEMBL
Baicalein,STEM CELL TYROSINE KINASE 1,CHEMBL1974,CHEMBL8260,IC50,10000.0,nM,,ChEMBL
Baicalein,STK-1,CHEMBL1974,CHEMBL8260,IC50,10000.0,nM,,ChEMBL
Baicalein,STPK13,CHEMBL3024,CHEMBL8260,IC50,9000.0,nM,5.05,ChEMBL
Baicalein,SUSCEPTIBILITY,CHEMBL5990,CHEMBL8260,Potency,3981.1,nM,,ChEMBL
Baicalein,TAU,CHEMBL1293224,CHEMBL8260,Potency,10000.0,nM,5.0,ChEMBL
Baicalein,THYMUS ORPHAN RECEPTOR,CHEMBL1293231,CHEMBL8260,Potency,5011.9,nM,5.3,ChEMBL
Baicalein,TOR,CHEMBL1293231,CHEMBL8260,Potency,5011.9,nM,5.3,ChEMBL
Baicalein,TP53,CHEMBL4096,CHEMBL8260,Potency,631.0,nM,6.2,ChEMBL
Baicalein,TRYPSIN I,CHEMBL2095204,CHEMBL8260,IC50,3700.0,nM,5.43,ChEMBL
Baicalein,TRYPSIN II,CHEMBL2095204,CHEMBL8260,IC50,3700.0,nM,5.43,ChEMBL
Baicalein,TRYPSIN III,CHEMBL2095204,CHEMBL8260,IC50,3700.0,nM,5.43,ChEMBL
Baicalein,TRYPSIN IV,CHEMBL2095204,CHEMBL8260,IC50,3700.0,nM,5.43,ChEMBL
Baicalein,TRYPSIN-1,CHEMBL2095204,CHEMBL8260,IC50,3700.0,nM,5.43,ChEMBL
Baicalein,TRYPSIN-2,CHEMBL2095204,CHEMBL8260,IC50,3700.0,nM,5.43,ChEMBL
Baicalein,TRYPSIN-3,CHEMBL2095204,CHEMBL8260,IC50,3700.0,nM,5.43,ChEMBL
Baicalein,TUBULIN-LYSINE DEACETYLASE HDAC6,CHEMBL1865,CHEMBL8260,IC50,1204.0,nM,5.92,ChEMBL
Baicalein,TUMOR,CHEMBL4096,CHEMBL8260,Potency,631.0,nM,6.2,ChEMBL
Baicalein,TUMOR SUPPRESSOR P53,CHEMBL4096,CHEMBL8260,Potency,631.0,nM,6.2,ChEMBL
Baicalein,TYPE,CHEMBL5990,CHEMBL8260,Potency,3981.1,nM,,ChEMBL
Baicalein,TYPE II HADH,CHEMBL4159,CHEMBL8260,Potency,1995.3,nM,5.7,ChEMBL
Baicalein,TYROSINE-PROTEIN KINASE YES,CHEMBL2073,CHEMBL8260,IC50,3300.0,nM,5.48,ChEMBL
Baicalein,UBIQUITIN,CHEMBL1293227,CHEMBL8260,Potency,631.0,nM,6.2,ChEMBL
Baicalein,UBIQUITIN CARBOXYL-TERMINAL HYDROLASE 2,CHEMBL1293227,CHEMBL8260,Potency,631.0,nM,6.2,ChEMBL
Baicalein,UBIQUITIN THIOESTERASE 2,CHEMBL1293227,CHEMBL8260,Potency,631.0,nM,6.2,ChEMBL
Baicalein,UBIQUITIN-SPECIFIC-PROCESSING PROTEASE 2,CHEMBL1293227,CHEMBL8260,Potency,631.0,nM,6.2,ChEMBL
Baicalein,UDP-GLUCURONOSYLTRANSFERASE 1-1,CHEMBL1287617,CHEMBL8260,IC50,4400.0,nM,5.36,ChEMBL
Baicalein,UDP-GLUCURONOSYLTRANSFERASE 1A ISOFORM 1,CHEMBL1287617,CHEMBL8260,IC50,4400.0,nM,5.36,ChEMBL
Baicalein,UDP-GLUCURONOSYLTRANSFERASE 1A1,CHEMBL1287617,CHEMBL8260,IC50,4400.0,nM,5.36,ChEMBL
Baicalein,UDPGT 1-1,CHEMBL1287617,CHEMBL8260,IC50,4400.0,nM,5.36,ChEMBL
Baicalein,UGT1*1,CHEMBL1287617,CHEMBL8260,IC50,4400.0,nM,5.36,ChEMBL
Baicalein,UGT1-01,CHEMBL1287617,CHEMBL8260,IC50,4400.0,nM,5.36,ChEMBL
Baicalein,UGT1.1,CHEMBL1287617,CHEMBL8260,IC50,4400.0,nM,5.36,ChEMBL
Baicalein,UGT1A1,CHEMBL1287617,CHEMBL8260,IC50,4400.0,nM,5.36,ChEMBL
Baicalein,UNCHECKED,CHEMBL612545,CHEMBL8260,IC50,500.0,nM,6.3,ChEMBL
Baicalein,URIDYLATE-SPECIFIC ENDORIBONUCLEASE NSP15,CHEMBL4523582,CHEMBL8260,IC50,20.0,nM,7.7,ChEMBL
Baicalein,USP2,CHEMBL1293227,CHEMBL8260,Potency,631.0,nM,6.2,ChEMBL
Baicalein,VIRAL PROTEIN GENOME-LINKED NSP9,CHEMBL4523582,CHEMBL8260,IC50,20.0,nM,7.7,ChEMBL
Baicalein,WERNER SYNDROME PROTEIN,CHEMBL2146312,CHEMBL8260,Potency,5323.3,nM,,ChEMBL
Baicalein,WRN,CHEMBL2146312,CHEMBL8260,Potency,5323.3,nM,,ChEMBL
Baicalein,XANTHINE,CHEMBL1929,CHEMBL8260,IC50,2790.0,nM,5.55,ChEMBL
Baicalein,XANTHINE DEHYDROGENASE,CHEMBL1929,CHEMBL8260,IC50,2790.0,nM,5.55,ChEMBL
Baicalein,XANTHINE DEHYDROGENASE/OXIDASE,CHEMBL1929,CHEMBL8260,IC50,2790.0,nM,5.55,ChEMBL
Baicalein,XANTHINE OXIDASE,CHEMBL1929,CHEMBL8260,IC50,2790.0,nM,5.55,ChEMBL
Baicalein,XANTHINE OXIDOREDUCTASE,CHEMBL1929,CHEMBL8260,IC50,2790.0,nM,5.55,ChEMBL
Baicalein,XDH,CHEMBL1929,CHEMBL8260,IC50,2790.0,nM,5.55,ChEMBL
Baicalein,XERODERMA PIGMENTOSUM VARIANT TYPE PROTEIN,CHEMBL5542,CHEMBL8260,Potency,3162.3,nM,,ChEMBL
Baicalein,XOR,CHEMBL1929,CHEMBL8260,IC50,2790.0,nM,5.55,ChEMBL
Baicalein,YES,CHEMBL2073,CHEMBL8260,IC50,3300.0,nM,5.48,ChEMBL
Baicalein,YES1,CHEMBL2073,CHEMBL8260,IC50,3300.0,nM,5.48,ChEMBL
Baicalein,[HISTONE H3]-TRIMETHYL-L-LYSINE(9) DEMETHYLASE 4E,CHEMBL1293226,CHEMBL8260,Potency,891.3,nM,6.05,ChEMBL
Catechin,CTHBP,CHEMBL1075189,CHEMBL80941,IC50,1330.0,nM,5.88,ChEMBL
Catechin,CYTOSOLIC THYROID HORMONE-BINDING PROTEIN,CHEMBL1075189,CHEMBL80941,IC50,1330.0,nM,5.88,ChEMBL
Catechin,KINASE,CHEMBL1075189,CHEMBL80941,IC50,1330.0,nM,5.88,ChEMBL
Catechin,OIP-3,CHEMBL1075189,CHEMBL80941,IC50,1330.0,nM,5.88,ChEMBL
Catechin,OPA-INTERACTING PROTEIN 3,CHEMBL1075189,CHEMBL80941,IC50,1330.0,nM,5.88,ChEMBL
Catechin,P58,CHEMBL1075189,CHEMBL80941,IC50,1330.0,nM,5.88,ChEMBL
Catechin,PKM,CHEMBL1075189,CHEMBL80941,IC50,1330.0,nM,5.88,ChEMBL
Catechin,PYRUVATE,CHEMBL1075189,CHEMBL80941,IC50,1330.0,nM,5.88,ChEMBL
Catechin,PYRUVATE KINASE 2/3,CHEMBL1075189,CHEMBL80941,IC50,1330.0,nM,5.88,ChEMBL
Catechin,PYRUVATE KINASE MUSCLE ISOZYME,CHEMBL1075189,CHEMBL80941,IC50,1330.0,nM,5.88,ChEMBL
Catechin,PYRUVATE KINASE PKM,CHEMBL1075189,CHEMBL80941,IC50,1330.0,nM,5.88,ChEMBL
Catechin,THBP1,CHEMBL1075189,CHEMBL80941,IC50,1330.0,nM,5.88,ChEMBL
Catechin,THREONINE-PROTEIN KINASE PKM2,CHEMBL1075189,CHEMBL80941,IC50,1330.0,nM,5.88,ChEMBL
Catechin,THYROID HORMONE-BINDING PROTEIN 1,CHEMBL1075189,CHEMBL80941,IC50,1330.0,nM,5.88,ChEMBL
Catechin,TUMOR M2-PK,CHEMBL1075189,CHEMBL80941,IC50,1330.0,nM,5.88,ChEMBL
Catechin,TYROSINE-PROTEIN KINASE PKM2,CHEMBL1075189,CHEMBL80941,IC50,1330.0,nM,5.88,ChEMBL
Chrysin,(R)-LIMONENE 6-MONOOXYGENASE,CHEMBL3622,CHEMBL117,Potency,794.3,nM,6.1,ChEMBL
Chrysin,(S)-LIMONENE 6-MONOOXYGENASE,CHEMBL3622,CHEMBL117,Potency,794.3,nM,6.1,ChEMBL
Chrysin,(S)-LIMONENE 7-MONOOXYGENASE,CHEMBL3622,CHEMBL117,Potency,794.3,nM,6.1,ChEMBL
Chrysin,"1,4-CINEOLE 2-EXO-MONOOXYGENASE",CHEMBL340,CHEMBL117,Potency,2511.9,nM,5.6,ChEMBL
Chrysin,"1,8-CINEOLE 2-EXO-MONOOXYGENASE",CHEMBL340,CHEMBL117,Potency,2511.9,nM,5.6,ChEMBL
Chrysin,15-HYDROXYPROSTAGLANDIN DEHYDROGENASE [NAD(+)],CHEMBL1293255,CHEMBL117,Potency,3981.1,nM,5.4,ChEMBL
Chrysin,15-HYDROXYPROSTAGLANDIN DEHYDROGENASE [NADP(+)],CHEMBL5586,CHEMBL117,IC50,670.0,nM,6.17,ChEMBL
Chrysin,15-PGDH,CHEMBL1293255,CHEMBL117,Potency,3981.1,nM,5.4,ChEMBL
Chrysin,17-BETA-ESTRADIOL 17-DEHYDROGENASE,CHEMBL4159,CHEMBL117,Potency,10000.0,nM,5.0,ChEMBL
Chrysin,2-METHYL-3-HYDROXYBUTYRYL-COA DEHYDROGENASE,CHEMBL4159,CHEMBL117,Potency,10000.0,nM,5.0,ChEMBL
Chrysin,20-ALPHA-HSD,CHEMBL3081,CHEMBL117,IC50,7790.0,nM,5.11,ChEMBL
Chrysin,20-ALPHA-HYDROXYSTEROID DEHYDROGENASE,CHEMBL3081,CHEMBL117,IC50,7790.0,nM,5.11,ChEMBL
Chrysin,20-BETA-HYDROXYSTEROID DEHYDROGENASE,CHEMBL5586,CHEMBL117,IC50,670.0,nM,6.17,ChEMBL
Chrysin,3-ALPHA-(17-BETA)-HYDROXYSTEROID DEHYDROGENASE (NAD(+)),CHEMBL4159,CHEMBL117,Potency,10000.0,nM,5.0,ChEMBL
Chrysin,3-DEOXYGLUCOSONE DEHYDROGENASE,CHEMBL3577,CHEMBL117,Potency,8912.5,nM,5.05,ChEMBL
Chrysin,3-HYDROXY-2-METHYLBUTYRYL-COA DEHYDROGENASE,CHEMBL4159,CHEMBL117,Potency,10000.0,nM,5.0,ChEMBL
Chrysin,3-HYDROXYACYL-COA DEHYDROGENASE TYPE II,CHEMBL4159,CHEMBL117,Potency,10000.0,nM,5.0,ChEMBL
Chrysin,3-HYDROXYACYL-COA DEHYDROGENASE TYPE-2,CHEMBL4159,CHEMBL117,Potency,10000.0,nM,5.0,ChEMBL
Chrysin,3-OXOACYL-[ACYL-CARRIER-PROTEIN] REDUCTASE,CHEMBL4513,CHEMBL117,IC50,10000.0,nM,5.0,ChEMBL
Chrysin,3ALPHA(OR 20BETA)-HYDROXYSTEROID DEHYDROGENASE,CHEMBL4159,CHEMBL117,Potency,10000.0,nM,5.0,ChEMBL
Chrysin,7-ALPHA-HYDROXYSTEROID DEHYDROGENASE,CHEMBL4159,CHEMBL117,Potency,10000.0,nM,5.0,ChEMBL
Chrysin,ABCB1,CHEMBL4302,CHEMBL117,Kd,8912.51,nM,5.05,ChEMBL
Chrysin,ABCG2,CHEMBL5393,CHEMBL117,IC50,1500.0,nM,5.82,ChEMBL
Chrysin,AKR1B1,CHEMBL3081,CHEMBL117,IC50,7790.0,nM,5.11,ChEMBL
Chrysin,AKR1B10,CHEMBL5983,CHEMBL117,IC50,2100.0,nM,5.68,ChEMBL
Chrysin,ALBENDAZOLE MONOOXYGENASE (SULFOXIDE-FORMING),CHEMBL340,CHEMBL117,Potency,2511.9,nM,5.6,ChEMBL
Chrysin,ALBENDAZOLE SULFOXIDASE,CHEMBL340,CHEMBL117,Potency,2511.9,nM,5.6,ChEMBL
Chrysin,ALCOHOL DEHYDROGENASE [NAD(P)+] CBR1,CHEMBL5586,CHEMBL117,IC50,670.0,nM,6.17,ChEMBL
Chrysin,ALDEHYDE,CHEMBL3577,CHEMBL117,Potency,8912.5,nM,5.05,ChEMBL
Chrysin,ALDEHYDE DEHYDROGENASE 1A1,CHEMBL3577,CHEMBL117,Potency,8912.5,nM,5.05,ChEMBL
Chrysin,ALDEHYDE DEHYDROGENASE FAMILY 1 MEMBER A1,CHEMBL3577,CHEMBL117,Potency,8912.5,nM,5.05,ChEMBL
Chrysin,"ALDEHYDE DEHYDROGENASE, CYTOSOLIC",CHEMBL3577,CHEMBL117,Potency,8912.5,nM,5.05,ChEMBL
Chrysin,ALDEHYDE REDUCTASE,CHEMBL3081,CHEMBL117,IC50,7790.0,nM,5.11,ChEMBL
Chrysin,ALDH-E1,CHEMBL3577,CHEMBL117,Potency,8912.5,nM,5.05,ChEMBL
Chrysin,ALDH1A1,CHEMBL3577,CHEMBL117,Potency,8912.5,nM,5.05,ChEMBL
Chrysin,ALDO-KETO REDUCTASE FAMILY 1 MEMBER B1,CHEMBL3081,CHEMBL117,IC50,7790.0,nM,5.11,ChEMBL
Chrysin,ALDO-KETO REDUCTASE FAMILY 1 MEMBER B10,CHEMBL5983,CHEMBL117,IC50,2100.0,nM,5.68,ChEMBL
Chrysin,ALDOSE REDUCTASE,CHEMBL3081,CHEMBL117,IC50,7790.0,nM,5.11,ChEMBL
Chrysin,ALDOSE REDUCTASE-LIKE,CHEMBL5983,CHEMBL117,IC50,2100.0,nM,5.68,ChEMBL
Chrysin,ALDOSE REDUCTASE-RELATED PROTEIN,CHEMBL5983,CHEMBL117,IC50,2100.0,nM,5.68,ChEMBL
Chrysin,ALHDII,CHEMBL3577,CHEMBL117,Potency,8912.5,nM,5.05,ChEMBL
Chrysin,ALPHA-KETOGLUTARATE-DEPENDENT DIOXYGENASE FTO,CHEMBL2331065,CHEMBL117,IC50,8300.0,nM,5.08,ChEMBL
Chrysin,AMINE OXIDASE [FLAVIN-CONTAINING] A,CHEMBL2095205,CHEMBL117,IC50,1600.0,nM,5.8,ChEMBL
Chrysin,AMINE OXIDASE [FLAVIN-CONTAINING] B,CHEMBL2095205,CHEMBL117,IC50,1600.0,nM,5.8,ChEMBL
Chrysin,ANHYDRASE,CHEMBL2326,CHEMBL117,Ki,171.41,nM,6.77,ChEMBL
Chrysin,ARL-1,CHEMBL5983,CHEMBL117,IC50,2100.0,nM,5.68,ChEMBL
Chrysin,ARNT-INTERACTING PROTEIN,CHEMBL4261,CHEMBL117,Potency,6309.6,nM,5.2,ChEMBL
Chrysin,AROMATASE,CHEMBL1978,CHEMBL117,Ki,2600.0,nM,5.58,ChEMBL
Chrysin,ARP,CHEMBL5983,CHEMBL117,IC50,2100.0,nM,5.68,ChEMBL
Chrysin,ATAXIN-2,CHEMBL1795085,CHEMBL117,Potency,3981.1,nM,,ChEMBL
Chrysin,ATP-BINDING CASSETTE SUB-FAMILY B MEMBER 1,CHEMBL4302,CHEMBL117,Kd,8912.51,nM,5.05,ChEMBL
Chrysin,ATP-BINDING CASSETTE SUB-FAMILY G MEMBER 2,CHEMBL5393,CHEMBL117,IC50,1500.0,nM,5.82,ChEMBL
Chrysin,ATP-DEPENDENT TRANSLOCASE ABCB1,CHEMBL4302,CHEMBL117,Kd,8912.51,nM,5.05,ChEMBL
Chrysin,ATXN2,CHEMBL1795085,CHEMBL117,Potency,3981.1,nM,,ChEMBL
Chrysin,BASIC-HELIX-LOOP-HELIX-PAS PROTEIN MOP1,CHEMBL4261,CHEMBL117,Potency,6309.6,nM,5.2,ChEMBL
Chrysin,BETA,CHEMBL4662,CHEMBL117,IC50,4900.0,nM,5.31,ChEMBL
Chrysin,BETA-5,CHEMBL4662,CHEMBL117,IC50,4900.0,nM,5.31,ChEMBL
Chrysin,BHLHE78,CHEMBL4261,CHEMBL117,Potency,6309.6,nM,5.2,ChEMBL
Chrysin,BREAST CANCER RESISTANCE PROTEIN,CHEMBL5393,CHEMBL117,IC50,1500.0,nM,5.82,ChEMBL
Chrysin,BROAD,CHEMBL5393,CHEMBL117,IC50,1500.0,nM,5.82,ChEMBL
Chrysin,BROAD SUBSTRATE SPECIFICITY ATP-BINDING CASSETTE TRANSPORTER ABCG2,CHEMBL5393,CHEMBL117,IC50,1500.0,nM,5.82,ChEMBL
Chrysin,CA-I,CHEMBL261,CHEMBL117,Ki,5490.0,nM,5.26,ChEMBL
Chrysin,CA-II,CHEMBL205,CHEMBL117,Ki,4380.0,nM,5.36,ChEMBL
Chrysin,CA-IV,CHEMBL3729,CHEMBL117,Ki,537.75,nM,6.27,ChEMBL
Chrysin,CA-IX,CHEMBL3594,CHEMBL117,Ki,2650.0,nM,5.58,ChEMBL
Chrysin,CA-VII,CHEMBL2326,CHEMBL117,Ki,171.41,nM,6.77,ChEMBL
Chrysin,CA-XII,CHEMBL3242,CHEMBL117,Ki,8960.0,nM,5.05,ChEMBL
Chrysin,CA1,CHEMBL261,CHEMBL117,Ki,5490.0,nM,5.26,ChEMBL
Chrysin,CA12,CHEMBL3242,CHEMBL117,Ki,8960.0,nM,5.05,ChEMBL
Chrysin,CA2,CHEMBL205,CHEMBL117,Ki,4380.0,nM,5.36,ChEMBL
Chrysin,CA4,CHEMBL3729,CHEMBL117,Ki,537.75,nM,6.27,ChEMBL
Chrysin,CA7,CHEMBL2326,CHEMBL117,Ki,171.41,nM,6.77,ChEMBL
Chrysin,CA9,CHEMBL3594,CHEMBL117,Ki,2650.0,nM,5.58,ChEMBL
Chrysin,CAB,CHEMBL261,CHEMBL117,Ki,5490.0,nM,5.26,ChEMBL
Chrysin,CAC,CHEMBL205,CHEMBL117,Ki,4380.0,nM,5.36,ChEMBL
Chrysin,CACO-2,CHEMBL614058,CHEMBL117,IC50,9500.0,nM,5.02,ChEMBL
Chrysin,CAIX,CHEMBL3594,CHEMBL117,Ki,2650.0,nM,5.58,ChEMBL
Chrysin,CARBONATE DEHYDRATASE I,CHEMBL261,CHEMBL117,Ki,5490.0,nM,5.26,ChEMBL
Chrysin,CARBONATE DEHYDRATASE II,CHEMBL205,CHEMBL117,Ki,4380.0,nM,5.36,ChEMBL
Chrysin,CARBONATE DEHYDRATASE IV,CHEMBL3729,CHEMBL117,Ki,537.75,nM,6.27,ChEMBL
Chrysin,CARBONATE DEHYDRATASE IX,CHEMBL3594,CHEMBL117,Ki,2650.0,nM,5.58,ChEMBL
Chrysin,CARBONATE DEHYDRATASE VII,CHEMBL2326,CHEMBL117,Ki,171.41,nM,6.77,ChEMBL
Chrysin,CARBONATE DEHYDRATASE XII,CHEMBL3242,CHEMBL117,Ki,8960.0,nM,5.05,ChEMBL
Chrysin,CARBONIC,CHEMBL2326,CHEMBL117,Ki,171.41,nM,6.77,ChEMBL
Chrysin,CARBONIC ANHYDRASE 1,CHEMBL261,CHEMBL117,Ki,5490.0,nM,5.26,ChEMBL
Chrysin,CARBONIC ANHYDRASE 12,CHEMBL3242,CHEMBL117,Ki,8960.0,nM,5.05,ChEMBL
Chrysin,CARBONIC ANHYDRASE 2,CHEMBL205,CHEMBL117,Ki,4380.0,nM,5.36,ChEMBL
Chrysin,CARBONIC ANHYDRASE 4,CHEMBL3729,CHEMBL117,Ki,537.75,nM,6.27,ChEMBL
Chrysin,CARBONIC ANHYDRASE 7,CHEMBL2326,CHEMBL117,Ki,171.41,nM,6.77,ChEMBL
Chrysin,CARBONIC ANHYDRASE 9,CHEMBL3594,CHEMBL117,Ki,2650.0,nM,5.58,ChEMBL
Chrysin,CARBONIC ANHYDRASE B,CHEMBL261,CHEMBL117,Ki,5490.0,nM,5.26,ChEMBL
Chrysin,CARBONIC ANHYDRASE C,CHEMBL205,CHEMBL117,Ki,4380.0,nM,5.36,ChEMBL
Chrysin,CARBONIC ANHYDRASE I,CHEMBL261,CHEMBL117,Ki,5490.0,nM,5.26,ChEMBL
Chrysin,CARBONIC ANHYDRASE II,CHEMBL205,CHEMBL117,Ki,4380.0,nM,5.36,ChEMBL
Chrysin,CARBONIC ANHYDRASE IV,CHEMBL3729,CHEMBL117,Ki,537.75,nM,6.27,ChEMBL
Chrysin,CARBONIC ANHYDRASE IX,CHEMBL3594,CHEMBL117,Ki,2650.0,nM,5.58,ChEMBL
Chrysin,CARBONIC ANHYDRASE VII,CHEMBL2326,CHEMBL117,Ki,171.41,nM,6.77,ChEMBL
Chrysin,CARBONIC ANHYDRASE XII,CHEMBL3242,CHEMBL117,Ki,8960.0,nM,5.05,ChEMBL
Chrysin,CARBONYL,CHEMBL5586,CHEMBL117,IC50,670.0,nM,6.17,ChEMBL
Chrysin,CARBONYL REDUCTASE [NADPH] 1,CHEMBL5586,CHEMBL117,IC50,670.0,nM,6.17,ChEMBL
Chrysin,CASEIN KINASE II ALPHA 1 POLYPEPTIDE PSEUDOGENE,CHEMBL3832943,CHEMBL117,IC50,9000.0,nM,5.05,ChEMBL
Chrysin,CASEIN KINASE II SUBUNIT ALPHA,CHEMBL3832943,CHEMBL117,IC50,9000.0,nM,5.05,ChEMBL
Chrysin,CASEIN KINASE II SUBUNIT ALPHA 3,CHEMBL3832943,CHEMBL117,IC50,9000.0,nM,5.05,ChEMBL
Chrysin,CASEIN KINASE II SUBUNIT ALPHA',CHEMBL3832943,CHEMBL117,IC50,9000.0,nM,5.05,ChEMBL
Chrysin,CASEIN KINASE II SUBUNIT BETA,CHEMBL3832943,CHEMBL117,IC50,9000.0,nM,5.05,ChEMBL
Chrysin,CASSETTE,CHEMBL5393,CHEMBL117,IC50,1500.0,nM,5.82,ChEMBL
Chrysin,CBR1,CHEMBL5586,CHEMBL117,IC50,670.0,nM,6.17,ChEMBL
Chrysin,CCNB1,CHEMBL2094127,CHEMBL117,IC50,7100.0,nM,5.15,ChEMBL
Chrysin,CCNB2,CHEMBL2094127,CHEMBL117,IC50,7100.0,nM,5.15,ChEMBL
Chrysin,CCNB3,CHEMBL2094127,CHEMBL117,IC50,7100.0,nM,5.15,ChEMBL
Chrysin,CDK1,CHEMBL2094127,CHEMBL117,IC50,7100.0,nM,5.15,ChEMBL
Chrysin,CDK5,CHEMBL1907600,CHEMBL117,IC50,3100.0,nM,5.51,ChEMBL
Chrysin,CDK5 ACTIVATOR 1,CHEMBL1907600,CHEMBL117,IC50,3100.0,nM,5.51,ChEMBL
Chrysin,CDK5R1,CHEMBL1907600,CHEMBL117,IC50,3100.0,nM,5.51,ChEMBL
Chrysin,CDK6,CHEMBL2508,CHEMBL117,IC50,6000.0,nM,5.22,ChEMBL
Chrysin,CDW338,CHEMBL5393,CHEMBL117,IC50,1500.0,nM,5.82,ChEMBL
Chrysin,CD_ANTIGEN=CD135,CHEMBL1974,CHEMBL117,IC50,10000.0,nM,,ChEMBL
Chrysin,CD_ANTIGEN=CD243,CHEMBL4302,CHEMBL117,Kd,8912.51,nM,5.05,ChEMBL
Chrysin,CD_ANTIGEN=CD338,CHEMBL5393,CHEMBL117,IC50,1500.0,nM,5.82,ChEMBL
Chrysin,CELL DIVISION CONTROL PROTEIN 2 HOMOLOG,CHEMBL2094127,CHEMBL117,IC50,7100.0,nM,5.15,ChEMBL
Chrysin,CELL DIVISION PROTEIN KINASE 1,CHEMBL2094127,CHEMBL117,IC50,7100.0,nM,5.15,ChEMBL
Chrysin,CELL DIVISION PROTEIN KINASE 5,CHEMBL1907600,CHEMBL117,IC50,3100.0,nM,5.51,ChEMBL
Chrysin,CELL DIVISION PROTEIN KINASE 6,CHEMBL2508,CHEMBL117,IC50,6000.0,nM,5.22,ChEMBL
Chrysin,CHOLESTEROL 25-HYDROXYLASE,CHEMBL3356,CHEMBL117,IC50,84.0,nM,7.08,ChEMBL
Chrysin,CK II ALPHA,CHEMBL3832943,CHEMBL117,IC50,9000.0,nM,5.05,ChEMBL
Chrysin,CK II ALPHA 3,CHEMBL3832943,CHEMBL117,IC50,9000.0,nM,5.05,ChEMBL
Chrysin,CK II ALPHA',CHEMBL3832943,CHEMBL117,IC50,9000.0,nM,5.05,ChEMBL
Chrysin,CK II BETA,CHEMBL3832943,CHEMBL117,IC50,9000.0,nM,5.05,ChEMBL
Chrysin,CLASS E BASIC HELIX-LOOP-HELIX PROTEIN 78,CHEMBL4261,CHEMBL117,Potency,6309.6,nM,5.2,ChEMBL
Chrysin,COMPONENT OF GEMS 1,CHEMBL1293232,CHEMBL117,Potency,3981.1,nM,5.4,ChEMBL
Chrysin,CSNK2A1,CHEMBL3832943,CHEMBL117,IC50,9000.0,nM,5.05,ChEMBL
Chrysin,CSNK2A2,CHEMBL3832943,CHEMBL117,IC50,9000.0,nM,5.05,ChEMBL
Chrysin,CSNK2A3,CHEMBL3832943,CHEMBL117,IC50,9000.0,nM,5.05,ChEMBL
Chrysin,CSNK2B,CHEMBL3988629,CHEMBL117,IC50,9000.0,nM,5.05,ChEMBL
Chrysin,CYANAMIDE HYDRATASE CA1,CHEMBL261,CHEMBL117,Ki,5490.0,nM,5.26,ChEMBL
Chrysin,CYANAMIDE HYDRATASE CA2,CHEMBL205,CHEMBL117,Ki,4380.0,nM,5.36,ChEMBL
Chrysin,CYCLIN-DEPENDENT KINASE 1,CHEMBL2094127,CHEMBL117,IC50,7100.0,nM,5.15,ChEMBL
Chrysin,CYCLIN-DEPENDENT KINASE 5,CHEMBL1907600,CHEMBL117,IC50,3100.0,nM,5.51,ChEMBL
Chrysin,CYCLIN-DEPENDENT KINASE 5 ACTIVATOR 1,CHEMBL1907600,CHEMBL117,IC50,3100.0,nM,5.51,ChEMBL
Chrysin,"CYCLIN-DEPENDENT KINASE 5 ACTIVATOR 1, P25",CHEMBL1907600,CHEMBL117,IC50,3100.0,nM,5.51,ChEMBL
Chrysin,"CYCLIN-DEPENDENT KINASE 5 ACTIVATOR 1, P35",CHEMBL1907600,CHEMBL117,IC50,3100.0,nM,5.51,ChEMBL
Chrysin,CYCLIN-DEPENDENT KINASE 5 REGULATORY SUBUNIT 1,CHEMBL1907600,CHEMBL117,IC50,3100.0,nM,5.51,ChEMBL
Chrysin,CYCLIN-DEPENDENT KINASE 6,CHEMBL2508,CHEMBL117,IC50,6000.0,nM,5.22,ChEMBL
Chrysin,CYCLIN-DEPENDENT-LIKE KINASE 5,CHEMBL1907600,CHEMBL117,IC50,3100.0,nM,5.51,ChEMBL
Chrysin,CYP19A1,CHEMBL1978,CHEMBL117,Ki,2600.0,nM,5.58,ChEMBL
Chrysin,CYP1A1,CHEMBL2231,CHEMBL117,IC50,153.0,nM,6.82,ChEMBL
Chrysin,CYP1A2,CHEMBL3356,CHEMBL117,IC50,84.0,nM,7.08,ChEMBL
Chrysin,CYP1B1,CHEMBL4878,CHEMBL117,IC50,24.0,nM,7.62,ChEMBL
Chrysin,CYP2C19,CHEMBL3622,CHEMBL117,Potency,794.3,nM,6.1,ChEMBL
Chrysin,CYP2C9,CHEMBL3397,CHEMBL117,IC50,5225.0,nM,5.28,ChEMBL
Chrysin,CYP3A4,CHEMBL340,CHEMBL117,Potency,2511.9,nM,5.6,ChEMBL
Chrysin,CYPIA1,CHEMBL2231,CHEMBL117,IC50,153.0,nM,6.82,ChEMBL
Chrysin,CYPIA2,CHEMBL3356,CHEMBL117,IC50,84.0,nM,7.08,ChEMBL
Chrysin,CYPIB1,CHEMBL4878,CHEMBL117,IC50,24.0,nM,7.62,ChEMBL
Chrysin,CYPIIC17,CHEMBL3622,CHEMBL117,Potency,794.3,nM,6.1,ChEMBL
Chrysin,CYPIIC19,CHEMBL3622,CHEMBL117,Potency,794.3,nM,6.1,ChEMBL
Chrysin,CYPIIC9,CHEMBL3397,CHEMBL117,IC50,5225.0,nM,5.28,ChEMBL
Chrysin,CYPIIIA3,CHEMBL340,CHEMBL117,Potency,2511.9,nM,5.6,ChEMBL
Chrysin,CYPIIIA4,CHEMBL340,CHEMBL117,Potency,2511.9,nM,5.6,ChEMBL
Chrysin,CYPXIX,CHEMBL1978,CHEMBL117,Ki,2600.0,nM,5.58,ChEMBL
Chrysin,CYTOCHROME,CHEMBL4878,CHEMBL117,IC50,24.0,nM,7.62,ChEMBL
Chrysin,CYTOCHROME P(3)450,CHEMBL3356,CHEMBL117,IC50,84.0,nM,7.08,ChEMBL
Chrysin,CYTOCHROME P-450AROM,CHEMBL1978,CHEMBL117,Ki,2600.0,nM,5.58,ChEMBL
Chrysin,CYTOCHROME P-450MP,CHEMBL3397,CHEMBL117,IC50,5225.0,nM,5.28,ChEMBL
Chrysin,CYTOCHROME P450 19A1,CHEMBL1978,CHEMBL117,Ki,2600.0,nM,5.58,ChEMBL
Chrysin,CYTOCHROME P450 1A1,CHEMBL2231,CHEMBL117,IC50,153.0,nM,6.82,ChEMBL
Chrysin,CYTOCHROME P450 1A2,CHEMBL3356,CHEMBL117,IC50,84.0,nM,7.08,ChEMBL
Chrysin,CYTOCHROME P450 1B1,CHEMBL4878,CHEMBL117,IC50,24.0,nM,7.62,ChEMBL
Chrysin,CYTOCHROME P450 2C19,CHEMBL3622,CHEMBL117,Potency,794.3,nM,6.1,ChEMBL
Chrysin,CYTOCHROME P450 2C9,CHEMBL3397,CHEMBL117,IC50,5225.0,nM,5.28,ChEMBL
Chrysin,CYTOCHROME P450 3A3,CHEMBL340,CHEMBL117,Potency,2511.9,nM,5.6,ChEMBL
Chrysin,CYTOCHROME P450 3A4,CHEMBL340,CHEMBL117,Potency,2511.9,nM,5.6,ChEMBL
Chrysin,CYTOCHROME P450 4,CHEMBL3356,CHEMBL117,IC50,84.0,nM,7.08,ChEMBL
Chrysin,CYTOCHROME P450 FORM 6,CHEMBL2231,CHEMBL117,IC50,153.0,nM,6.82,ChEMBL
Chrysin,CYTOCHROME P450 HLP,CHEMBL340,CHEMBL117,Potency,2511.9,nM,5.6,ChEMBL
Chrysin,CYTOCHROME P450 MP-4,CHEMBL3397,CHEMBL117,IC50,5225.0,nM,5.28,ChEMBL
Chrysin,CYTOCHROME P450 MP-8,CHEMBL3397,CHEMBL117,IC50,5225.0,nM,5.28,ChEMBL
Chrysin,CYTOCHROME P450 NF-25,CHEMBL340,CHEMBL117,Potency,2511.9,nM,5.6,ChEMBL
Chrysin,CYTOCHROME P450 PB-1,CHEMBL3397,CHEMBL117,IC50,5225.0,nM,5.28,ChEMBL
Chrysin,CYTOCHROME P450-11A,CHEMBL3622,CHEMBL117,Potency,794.3,nM,6.1,ChEMBL
Chrysin,CYTOCHROME P450-254C,CHEMBL3622,CHEMBL117,Potency,794.3,nM,6.1,ChEMBL
Chrysin,CYTOCHROME P450-C,CHEMBL2231,CHEMBL117,IC50,153.0,nM,6.82,ChEMBL
Chrysin,CYTOCHROME P450-P1,CHEMBL2231,CHEMBL117,IC50,153.0,nM,6.82,ChEMBL
Chrysin,CYTOCHROME P450-P3,CHEMBL3356,CHEMBL117,IC50,84.0,nM,7.08,ChEMBL
Chrysin,CYTOCHROME P450-PCN1,CHEMBL340,CHEMBL117,Potency,2511.9,nM,5.6,ChEMBL
Chrysin,DEACETYLASE,CHEMBL1865,CHEMBL117,IC50,534.0,nM,6.27,ChEMBL
Chrysin,DEHYDROGENASE,CHEMBL1293255,CHEMBL117,Potency,3981.1,nM,5.4,ChEMBL
Chrysin,DIOXYGENASE,CHEMBL2331065,CHEMBL117,IC50,8300.0,nM,5.08,ChEMBL
Chrysin,DU-145,CHEMBL613508,CHEMBL117,IC50,9810.0,nM,5.01,ChEMBL
Chrysin,E3 UBIQUITIN-PROTEIN LIGASE HDAC6,CHEMBL1865,CHEMBL117,IC50,534.0,nM,6.27,ChEMBL
Chrysin,EICOSANOID/DOCOSANOID DEHYDROGENASE [NAD(+)],CHEMBL1293255,CHEMBL117,Potency,3981.1,nM,5.4,ChEMBL
Chrysin,ENDOPLASMIC RETICULUM-ASSOCIATED AMYLOID BETA-PEPTIDE-BINDING PROTEIN,CHEMBL4159,CHEMBL117,Potency,10000.0,nM,5.0,ChEMBL
Chrysin,ESTROGEN SYNTHASE,CHEMBL1978,CHEMBL117,Ki,2600.0,nM,5.58,ChEMBL
Chrysin,FABG,CHEMBL4513,CHEMBL117,IC50,10000.0,nM,5.0,ChEMBL
Chrysin,FACTOR,CHEMBL4261,CHEMBL117,Potency,6309.6,nM,5.2,ChEMBL
Chrysin,FAMILY,CHEMBL5983,CHEMBL117,IC50,2100.0,nM,5.68,ChEMBL
Chrysin,FAT MASS AND OBESITY-ASSOCIATED PROTEIN,CHEMBL2331065,CHEMBL117,IC50,8300.0,nM,5.08,ChEMBL
Chrysin,FENBENDAZOLE MONOOXYGENASE (4'-HYDROXYLATING),CHEMBL3622,CHEMBL117,Potency,794.3,nM,6.1,ChEMBL
Chrysin,FETAL LIVER KINASE-2,CHEMBL1974,CHEMBL117,IC50,10000.0,nM,,ChEMBL
Chrysin,FL CYTOKINE RECEPTOR,CHEMBL1974,CHEMBL117,IC50,10000.0,nM,,ChEMBL
Chrysin,FLK-2,CHEMBL1974,CHEMBL117,IC50,10000.0,nM,,ChEMBL
Chrysin,FLT-3,CHEMBL1974,CHEMBL117,IC50,10000.0,nM,,ChEMBL
Chrysin,FLT3,CHEMBL1974,CHEMBL117,IC50,10000.0,nM,,ChEMBL
Chrysin,FMS-LIKE TYROSINE KINASE 3,CHEMBL1974,CHEMBL117,IC50,10000.0,nM,,ChEMBL
Chrysin,FTO,CHEMBL2331065,CHEMBL117,IC50,8300.0,nM,5.08,ChEMBL
Chrysin,G2/MITOTIC-SPECIFIC CYCLIN-B1,CHEMBL2094127,CHEMBL117,IC50,7100.0,nM,5.15,ChEMBL
Chrysin,G2/MITOTIC-SPECIFIC CYCLIN-B2,CHEMBL2094127,CHEMBL117,IC50,7100.0,nM,5.15,ChEMBL
Chrysin,G2/MITOTIC-SPECIFIC CYCLIN-B3,CHEMBL2094127,CHEMBL117,IC50,7100.0,nM,5.15,ChEMBL
Chrysin,GABA(A) RECEPTOR SUBUNIT ALPHA-1,CHEMBL1907607,CHEMBL117,Ki,920.0,nM,6.04,ChEMBL
Chrysin,GABA(A) RECEPTOR SUBUNIT ALPHA-2,CHEMBL1907607,CHEMBL117,Ki,920.0,nM,6.04,ChEMBL
Chrysin,GABA(A) RECEPTOR SUBUNIT ALPHA-3,CHEMBL1907607,CHEMBL117,Ki,920.0,nM,6.04,ChEMBL
Chrysin,GABA(A) RECEPTOR SUBUNIT ALPHA-4,CHEMBL1907607,CHEMBL117,Ki,920.0,nM,6.04,ChEMBL
Chrysin,GABA(A) RECEPTOR SUBUNIT ALPHA-5,CHEMBL1907607,CHEMBL117,Ki,920.0,nM,6.04,ChEMBL
Chrysin,GABA(A) RECEPTOR SUBUNIT ALPHA-6,CHEMBL1907607,CHEMBL117,Ki,920.0,nM,6.04,ChEMBL
Chrysin,GABA(A) RECEPTOR SUBUNIT BETA-1,CHEMBL1907607,CHEMBL117,Ki,920.0,nM,6.04,ChEMBL
Chrysin,GABA(A) RECEPTOR SUBUNIT BETA-2,CHEMBL1907607,CHEMBL117,Ki,920.0,nM,6.04,ChEMBL
Chrysin,GABA(A) RECEPTOR SUBUNIT BETA-3,CHEMBL1907607,CHEMBL117,Ki,920.0,nM,6.04,ChEMBL
Chrysin,GABA(A) RECEPTOR SUBUNIT DELTA,CHEMBL1907607,CHEMBL117,Ki,920.0,nM,6.04,ChEMBL
Chrysin,GABA(A) RECEPTOR SUBUNIT EPSILON,CHEMBL1907607,CHEMBL117,Ki,920.0,nM,6.04,ChEMBL
Chrysin,GABA(A) RECEPTOR SUBUNIT GAMMA-1,CHEMBL1907607,CHEMBL117,Ki,920.0,nM,6.04,ChEMBL
Chrysin,GABA(A) RECEPTOR SUBUNIT GAMMA-2,CHEMBL1907607,CHEMBL117,Ki,920.0,nM,6.04,ChEMBL
Chrysin,GABA(A) RECEPTOR SUBUNIT GAMMA-3,CHEMBL1907607,CHEMBL117,Ki,920.0,nM,6.04,ChEMBL
Chrysin,GABA(A) RECEPTOR SUBUNIT PI,CHEMBL1907607,CHEMBL117,Ki,920.0,nM,6.04,ChEMBL
Chrysin,GABA(A) RECEPTOR SUBUNIT THETA,CHEMBL1907607,CHEMBL117,Ki,920.0,nM,6.04,ChEMBL
Chrysin,GABAAR SUBUNIT ALPHA-1,CHEMBL1907607,CHEMBL117,Ki,920.0,nM,6.04,ChEMBL
Chrysin,GABAAR SUBUNIT ALPHA-2,CHEMBL1907607,CHEMBL117,Ki,920.0,nM,6.04,ChEMBL
Chrysin,GABAAR SUBUNIT ALPHA-3,CHEMBL1907607,CHEMBL117,Ki,920.0,nM,6.04,ChEMBL
Chrysin,GABAAR SUBUNIT ALPHA-4,CHEMBL1907607,CHEMBL117,Ki,920.0,nM,6.04,ChEMBL
Chrysin,GABAAR SUBUNIT ALPHA-5,CHEMBL1907607,CHEMBL117,Ki,920.0,nM,6.04,ChEMBL
Chrysin,GABAAR SUBUNIT ALPHA-6,CHEMBL1907607,CHEMBL117,Ki,920.0,nM,6.04,ChEMBL
Chrysin,GABAAR SUBUNIT BETA-1,CHEMBL1907607,CHEMBL117,Ki,920.0,nM,6.04,ChEMBL
Chrysin,GABAAR SUBUNIT BETA-2,CHEMBL1907607,CHEMBL117,Ki,920.0,nM,6.04,ChEMBL
Chrysin,GABAAR SUBUNIT BETA-3,CHEMBL1907607,CHEMBL117,Ki,920.0,nM,6.04,ChEMBL
Chrysin,GABAAR SUBUNIT DELTA,CHEMBL1907607,CHEMBL117,Ki,920.0,nM,6.04,ChEMBL
Chrysin,GABAAR SUBUNIT EPSILON,CHEMBL1907607,CHEMBL117,Ki,920.0,nM,6.04,ChEMBL
Chrysin,GABAAR SUBUNIT GAMMA-1,CHEMBL1907607,CHEMBL117,Ki,920.0,nM,6.04,ChEMBL
Chrysin,GABAAR SUBUNIT GAMMA-2,CHEMBL1907607,CHEMBL117,Ki,920.0,nM,6.04,ChEMBL
Chrysin,GABAAR SUBUNIT GAMMA-3,CHEMBL1907607,CHEMBL117,Ki,920.0,nM,6.04,ChEMBL
Chrysin,GABAAR SUBUNIT PI,CHEMBL1907607,CHEMBL117,Ki,920.0,nM,6.04,ChEMBL
Chrysin,GABAAR SUBUNIT THETA,CHEMBL2093872,CHEMBL117,Ki,3019.95,nM,5.52,ChEMBL
Chrysin,GABRA1,CHEMBL1907607,CHEMBL117,Ki,920.0,nM,6.04,ChEMBL
Chrysin,GABRA2,CHEMBL1907607,CHEMBL117,Ki,920.0,nM,6.04,ChEMBL
Chrysin,GABRA3,CHEMBL1907607,CHEMBL117,Ki,920.0,nM,6.04,ChEMBL
Chrysin,GABRA4,CHEMBL1907607,CHEMBL117,Ki,920.0,nM,6.04,ChEMBL
Chrysin,GABRA5,CHEMBL1907607,CHEMBL117,Ki,920.0,nM,6.04,ChEMBL
Chrysin,GABRA6,CHEMBL1907607,CHEMBL117,Ki,920.0,nM,6.04,ChEMBL
Chrysin,GABRB1,CHEMBL1907607,CHEMBL117,Ki,920.0,nM,6.04,ChEMBL
Chrysin,GABRB2,CHEMBL1907607,CHEMBL117,Ki,920.0,nM,6.04,ChEMBL
Chrysin,GABRB3,CHEMBL1907607,CHEMBL117,Ki,920.0,nM,6.04,ChEMBL
Chrysin,GABRD,CHEMBL1907607,CHEMBL117,Ki,920.0,nM,6.04,ChEMBL
Chrysin,GABRE,CHEMBL1907607,CHEMBL117,Ki,920.0,nM,6.04,ChEMBL
Chrysin,GABRG1,CHEMBL1907607,CHEMBL117,Ki,920.0,nM,6.04,ChEMBL
Chrysin,GABRG2,CHEMBL1907607,CHEMBL117,Ki,920.0,nM,6.04,ChEMBL
Chrysin,GABRG3,CHEMBL1907607,CHEMBL117,Ki,920.0,nM,6.04,ChEMBL
Chrysin,GABRP,CHEMBL1907607,CHEMBL117,Ki,920.0,nM,6.04,ChEMBL
Chrysin,GABRQ,CHEMBL1907607,CHEMBL117,Ki,920.0,nM,6.04,ChEMBL
Chrysin,GAG-POL POLYPROTEIN,CHEMBL3471,CHEMBL117,IC50,1400.0,nM,5.85,ChEMBL
Chrysin,GAMMA,CHEMBL235,CHEMBL117,Ki,7860.0,nM,5.11,ChEMBL
Chrysin,GAMMA-AMINOBUTYRIC ACID RECEPTOR SUBUNIT ALPHA-1,CHEMBL1907607,CHEMBL117,Ki,920.0,nM,6.04,ChEMBL
Chrysin,GAMMA-AMINOBUTYRIC ACID RECEPTOR SUBUNIT ALPHA-2,CHEMBL1907607,CHEMBL117,Ki,920.0,nM,6.04,ChEMBL
Chrysin,GAMMA-AMINOBUTYRIC ACID RECEPTOR SUBUNIT ALPHA-3,CHEMBL1907607,CHEMBL117,Ki,920.0,nM,6.04,ChEMBL
Chrysin,GAMMA-AMINOBUTYRIC ACID RECEPTOR SUBUNIT ALPHA-4,CHEMBL1907607,CHEMBL117,Ki,920.0,nM,6.04,ChEMBL
Chrysin,GAMMA-AMINOBUTYRIC ACID RECEPTOR SUBUNIT ALPHA-5,CHEMBL1907607,CHEMBL117,Ki,920.0,nM,6.04,ChEMBL
Chrysin,GAMMA-AMINOBUTYRIC ACID RECEPTOR SUBUNIT ALPHA-6,CHEMBL1907607,CHEMBL117,Ki,920.0,nM,6.04,ChEMBL
Chrysin,GAMMA-AMINOBUTYRIC ACID RECEPTOR SUBUNIT BETA-1,CHEMBL1907607,CHEMBL117,Ki,920.0,nM,6.04,ChEMBL
Chrysin,GAMMA-AMINOBUTYRIC ACID RECEPTOR SUBUNIT BETA-2,CHEMBL1907607,CHEMBL117,Ki,920.0,nM,6.04,ChEMBL
Chrysin,GAMMA-AMINOBUTYRIC ACID RECEPTOR SUBUNIT BETA-3,CHEMBL1907607,CHEMBL117,Ki,920.0,nM,6.04,ChEMBL
Chrysin,GAMMA-AMINOBUTYRIC ACID RECEPTOR SUBUNIT DELTA,CHEMBL1907607,CHEMBL117,Ki,920.0,nM,6.04,ChEMBL
Chrysin,GAMMA-AMINOBUTYRIC ACID RECEPTOR SUBUNIT EPSILON,CHEMBL1907607,CHEMBL117,Ki,920.0,nM,6.04,ChEMBL
Chrysin,GAMMA-AMINOBUTYRIC ACID RECEPTOR SUBUNIT GAMMA-1,CHEMBL1907607,CHEMBL117,Ki,920.0,nM,6.04,ChEMBL
Chrysin,GAMMA-AMINOBUTYRIC ACID RECEPTOR SUBUNIT GAMMA-2,CHEMBL1907607,CHEMBL117,Ki,920.0,nM,6.04,ChEMBL
Chrysin,GAMMA-AMINOBUTYRIC ACID RECEPTOR SUBUNIT GAMMA-3,CHEMBL1907607,CHEMBL117,Ki,920.0,nM,6.04,ChEMBL
Chrysin,GAMMA-AMINOBUTYRIC ACID RECEPTOR SUBUNIT PI,CHEMBL1907607,CHEMBL117,Ki,920.0,nM,6.04,ChEMBL
Chrysin,GAMMA-AMINOBUTYRIC ACID RECEPTOR SUBUNIT THETA,CHEMBL1907607,CHEMBL117,Ki,920.0,nM,6.04,ChEMBL
Chrysin,GEMIN-1,CHEMBL1293232,CHEMBL117,Potency,3981.1,nM,5.4,ChEMBL
Chrysin,GLYCOGEN SYNTHASE KINASE-3 ALPHA,CHEMBL2095188,CHEMBL117,IC50,7200.0,nM,5.14,ChEMBL
Chrysin,GLYCOGEN SYNTHASE KINASE-3 BETA,CHEMBL2095188,CHEMBL117,IC50,7200.0,nM,5.14,ChEMBL
Chrysin,GSK-3 ALPHA,CHEMBL2095188,CHEMBL117,IC50,7200.0,nM,5.14,ChEMBL
Chrysin,GSK-3 BETA,CHEMBL2095188,CHEMBL117,IC50,7200.0,nM,5.14,ChEMBL
Chrysin,GSK3A,CHEMBL2095188,CHEMBL117,IC50,7200.0,nM,5.14,ChEMBL
Chrysin,GSK3B,CHEMBL2095188,CHEMBL117,IC50,7200.0,nM,5.14,ChEMBL
Chrysin,HARP,CHEMBL5983,CHEMBL117,IC50,2100.0,nM,5.68,ChEMBL
Chrysin,HDAC6,CHEMBL1865,CHEMBL117,IC50,534.0,nM,6.27,ChEMBL
Chrysin,HELA,CHEMBL399,CHEMBL117,IC50,10000.0,nM,,ChEMBL
Chrysin,HIF-1-ALPHA,CHEMBL4261,CHEMBL117,Potency,6309.6,nM,5.2,ChEMBL
Chrysin,HIF1-ALPHA,CHEMBL4261,CHEMBL117,Potency,6309.6,nM,5.2,ChEMBL
Chrysin,HIF1A,CHEMBL4261,CHEMBL117,Potency,6309.6,nM,5.2,ChEMBL
Chrysin,HPGD,CHEMBL1293255,CHEMBL117,Potency,3981.1,nM,5.4,ChEMBL
Chrysin,HSD17B10,CHEMBL4159,CHEMBL117,Potency,10000.0,nM,5.0,ChEMBL
Chrysin,HT-29,CHEMBL384,CHEMBL117,IC50,3100.0,nM,5.51,ChEMBL
Chrysin,HUMAN IMMUNODEFICIENCY VIRUS 1,CHEMBL378,CHEMBL117,EC50,5000.0,nM,5.3,ChEMBL
Chrysin,HYDROPEROXY ICOSATETRAENOATE DEHYDRATASE,CHEMBL4878,CHEMBL117,IC50,24.0,nM,7.62,ChEMBL
Chrysin,HYPOXIA-INDUCIBLE FACTOR 1-ALPHA,CHEMBL4261,CHEMBL117,Potency,6309.6,nM,5.2,ChEMBL
Chrysin,KINASE,CHEMBL2508,CHEMBL117,IC50,6000.0,nM,5.22,ChEMBL
Chrysin,M6A(M)-DEMETHYLASE FTO,CHEMBL2331065,CHEMBL117,IC50,8300.0,nM,5.08,ChEMBL
Chrysin,MACROPAIN EPSILON CHAIN,CHEMBL4662,CHEMBL117,IC50,4900.0,nM,5.31,ChEMBL
Chrysin,MAO-A,CHEMBL2095205,CHEMBL117,IC50,1600.0,nM,5.8,ChEMBL
Chrysin,MAO-B,CHEMBL2095205,CHEMBL117,IC50,1600.0,nM,5.8,ChEMBL
Chrysin,MAOA,CHEMBL2095205,CHEMBL117,IC50,1600.0,nM,5.8,ChEMBL
Chrysin,MAOB,CHEMBL2095205,CHEMBL117,IC50,1600.0,nM,5.8,ChEMBL
Chrysin,MAPT,CHEMBL1293224,CHEMBL117,Potency,5623.4,nM,5.25,ChEMBL
Chrysin,MCF7,CHEMBL387,CHEMBL117,IC50,50.0,nM,7.3,ChEMBL
Chrysin,MEMBER,CHEMBL5983,CHEMBL117,IC50,2100.0,nM,5.68,ChEMBL
Chrysin,MEMBER OF PAS PROTEIN 1,CHEMBL4261,CHEMBL117,Potency,6309.6,nM,5.2,ChEMBL
Chrysin,MEMBRANE ANTIGEN MN,CHEMBL3594,CHEMBL117,Ki,2650.0,nM,5.58,ChEMBL
Chrysin,MEPHENYTOIN 4-HYDROXYLASE,CHEMBL3622,CHEMBL117,Potency,794.3,nM,6.1,ChEMBL
Chrysin,MHBD,CHEMBL4159,CHEMBL117,Potency,10000.0,nM,5.0,ChEMBL
Chrysin,MICROTUBULE-ASSOCIATED PROTEIN TAU,CHEMBL1293224,CHEMBL117,Potency,5623.4,nM,5.25,ChEMBL
Chrysin,MITOCHONDRIAL RIBONUCLEASE P PROTEIN 2,CHEMBL4159,CHEMBL117,Potency,10000.0,nM,5.0,ChEMBL
Chrysin,MITOCHONDRIAL RNASE P PROTEIN 2,CHEMBL4159,CHEMBL117,Potency,10000.0,nM,5.0,ChEMBL
Chrysin,MITOXANTRONE RESISTANCE-ASSOCIATED PROTEIN,CHEMBL5393,CHEMBL117,IC50,1500.0,nM,5.82,ChEMBL
Chrysin,MONOAMINE OXIDASE TYPE A,CHEMBL2095205,CHEMBL117,IC50,1600.0,nM,5.8,ChEMBL
Chrysin,MONOAMINE OXIDASE TYPE B,CHEMBL2095205,CHEMBL117,IC50,1600.0,nM,5.8,ChEMBL
Chrysin,MONOCYTE,CHEMBL614076,CHEMBL117,IC50,2400.0,nM,5.62,ChEMBL
Chrysin,MOTOR,CHEMBL1293232,CHEMBL117,Potency,3981.1,nM,5.4,ChEMBL
Chrysin,MRNA (2'-O-METHYLADENOSINE-N(6)-)-DEMETHYLASE FTO,CHEMBL2331065,CHEMBL117,IC50,8300.0,nM,5.08,ChEMBL
Chrysin,MRNA N(6)-METHYLADENOSINE DEMETHYLASE FTO,CHEMBL2331065,CHEMBL117,IC50,8300.0,nM,5.08,ChEMBL
Chrysin,MULTICATALYTIC ENDOPEPTIDASE COMPLEX EPSILON CHAIN,CHEMBL4662,CHEMBL117,IC50,4900.0,nM,5.31,ChEMBL
Chrysin,MULTIDRUG RESISTANCE PROTEIN 1,CHEMBL4302,CHEMBL117,Kd,8912.51,nM,5.05,ChEMBL
Chrysin,NADPH-DEPENDENT CARBONYL REDUCTASE 1,CHEMBL5586,CHEMBL117,IC50,670.0,nM,6.17,ChEMBL
Chrysin,NEUROFIBRILLARY TANGLE PROTEIN,CHEMBL1293224,CHEMBL117,Potency,5623.4,nM,5.25,ChEMBL
Chrysin,NEURON,CHEMBL1293232,CHEMBL117,Potency,3981.1,nM,5.4,ChEMBL
Chrysin,NEUTROPHIL,CHEMBL5314326,CHEMBL117,IC50,2250.0,nM,5.65,ChEMBL
Chrysin,NIFEDIPINE OXIDASE,CHEMBL340,CHEMBL117,Potency,2511.9,nM,5.6,ChEMBL
Chrysin,NON-PROTEIN TARGET,CHEMBL3879801,CHEMBL117,IC50,1870.0,nM,5.73,ChEMBL
Chrysin,NUCLEAR,CHEMBL1293231,CHEMBL117,Potency,10000.0,nM,5.0,ChEMBL
Chrysin,NUCLEAR RECEPTOR ROR-GAMMA,CHEMBL1293231,CHEMBL117,Potency,10000.0,nM,5.0,ChEMBL
Chrysin,NUCLEAR RECEPTOR RZR-GAMMA,CHEMBL1293231,CHEMBL117,Potency,10000.0,nM,5.0,ChEMBL
Chrysin,NUCLEAR RECEPTOR SUBFAMILY 1 GROUP C MEMBER 3,CHEMBL235,CHEMBL117,Ki,7860.0,nM,5.11,ChEMBL
Chrysin,NUCLEAR RECEPTOR SUBFAMILY 1 GROUP F MEMBER 3,CHEMBL1293231,CHEMBL117,Potency,10000.0,nM,5.0,ChEMBL
Chrysin,P-GLYCOPROTEIN 1,CHEMBL4302,CHEMBL117,Kd,8912.51,nM,5.05,ChEMBL
Chrysin,P23,CHEMBL1907600,CHEMBL117,IC50,3100.0,nM,5.51,ChEMBL
Chrysin,P25,CHEMBL1907600,CHEMBL117,IC50,3100.0,nM,5.51,ChEMBL
Chrysin,P34 PROTEIN KINASE,CHEMBL2094127,CHEMBL117,IC50,7100.0,nM,5.15,ChEMBL
Chrysin,P35,CHEMBL1907600,CHEMBL117,IC50,3100.0,nM,5.51,ChEMBL
Chrysin,P54/58N,CHEMBL3594,CHEMBL117,Ki,2650.0,nM,5.58,ChEMBL
Chrysin,PAIRED HELICAL FILAMENT-TAU,CHEMBL1293224,CHEMBL117,Potency,5623.4,nM,5.25,ChEMBL
Chrysin,PARATHYROID,CHEMBL1793,CHEMBL117,Potency,2511.9,nM,,ChEMBL
Chrysin,PARATHYROID HORMONE 1 RECEPTOR,CHEMBL1793,CHEMBL117,Potency,2511.9,nM,,ChEMBL
Chrysin,PARATHYROID HORMONE/PARATHYROID HORMONE-RELATED PEPTIDE RECEPTOR,CHEMBL1793,CHEMBL117,Potency,2511.9,nM,,ChEMBL
Chrysin,PAS DOMAIN-CONTAINING PROTEIN 8,CHEMBL4261,CHEMBL117,Potency,6309.6,nM,5.2,ChEMBL
Chrysin,PEPTIDE,CHEMBL1793,CHEMBL117,Potency,2511.9,nM,,ChEMBL
Chrysin,PEROXISOME,CHEMBL235,CHEMBL117,Ki,7860.0,nM,5.11,ChEMBL
Chrysin,PEROXISOME PROLIFERATOR-ACTIVATED RECEPTOR GAMMA,CHEMBL235,CHEMBL117,Ki,7860.0,nM,5.11,ChEMBL
Chrysin,PG-9-KR,CHEMBL5586,CHEMBL117,IC50,670.0,nM,6.17,ChEMBL
Chrysin,PHF-TAU,CHEMBL1293224,CHEMBL117,Potency,5623.4,nM,5.25,ChEMBL
Chrysin,PHOSPHOLIPID TRANSPORTER ABCB1,CHEMBL4302,CHEMBL117,Kd,8912.51,nM,5.05,ChEMBL
Chrysin,PHOSVITIN,CHEMBL3988629,CHEMBL117,IC50,9000.0,nM,5.05,ChEMBL
Chrysin,PLACENTA-SPECIFIC ATP-BINDING CASSETTE TRANSPORTER,CHEMBL5393,CHEMBL117,IC50,1500.0,nM,5.82,ChEMBL
Chrysin,PMW1,CHEMBL3594,CHEMBL117,Ki,2650.0,nM,5.58,ChEMBL
Chrysin,POL,CHEMBL3471,CHEMBL117,IC50,1400.0,nM,5.85,ChEMBL
Chrysin,POLYPROTEIN,CHEMBL3471,CHEMBL117,IC50,1400.0,nM,5.85,ChEMBL
Chrysin,PPAR-GAMMA,CHEMBL235,CHEMBL117,Ki,7860.0,nM,5.11,ChEMBL
Chrysin,PPARG,CHEMBL235,CHEMBL117,Ki,7860.0,nM,5.11,ChEMBL
Chrysin,PR160GAG-POL,CHEMBL3471,CHEMBL117,IC50,1400.0,nM,5.85,ChEMBL
Chrysin,PROSTAGLANDIN 9-KETOREDUCTASE,CHEMBL5586,CHEMBL117,IC50,670.0,nM,6.17,ChEMBL
Chrysin,PROSTAGLANDIN DEHYDROGENASE 1,CHEMBL1293255,CHEMBL117,Potency,3981.1,nM,5.4,ChEMBL
Chrysin,PROSTAGLANDIN-E(2) 9-REDUCTASE,CHEMBL5586,CHEMBL117,IC50,670.0,nM,6.17,ChEMBL
Chrysin,PROTEASOME,CHEMBL4662,CHEMBL117,IC50,4900.0,nM,5.31,ChEMBL
Chrysin,PROTEASOME CHAIN 6,CHEMBL4662,CHEMBL117,IC50,4900.0,nM,5.31,ChEMBL
Chrysin,PROTEASOME EPSILON CHAIN,CHEMBL4662,CHEMBL117,IC50,4900.0,nM,5.31,ChEMBL
Chrysin,PROTEASOME SUBUNIT BETA TYPE-5,CHEMBL4662,CHEMBL117,IC50,4900.0,nM,5.31,ChEMBL
Chrysin,PROTEASOME SUBUNIT BETA-5,CHEMBL4662,CHEMBL117,IC50,4900.0,nM,5.31,ChEMBL
Chrysin,PROTEASOME SUBUNIT MB1,CHEMBL4662,CHEMBL117,IC50,4900.0,nM,5.31,ChEMBL
Chrysin,PROTEASOME SUBUNIT X,CHEMBL4662,CHEMBL117,IC50,4900.0,nM,5.31,ChEMBL
Chrysin,PROTEIN,CHEMBL1865,CHEMBL117,IC50,534.0,nM,6.27,ChEMBL
Chrysin,PROTEIN DEACETYLASE HDAC6,CHEMBL1865,CHEMBL117,IC50,534.0,nM,6.27,ChEMBL
Chrysin,PROTEIN G5A,CHEMBL3832943,CHEMBL117,IC50,9000.0,nM,5.05,ChEMBL
Chrysin,PSMB5,CHEMBL4662,CHEMBL117,IC50,4900.0,nM,5.31,ChEMBL
Chrysin,PTH/PTHR RECEPTOR,CHEMBL1793,CHEMBL117,Potency,2511.9,nM,,ChEMBL
Chrysin,PTH/PTHRP TYPE I RECEPTOR,CHEMBL1793,CHEMBL117,Potency,2511.9,nM,,ChEMBL
Chrysin,PTH1 RECEPTOR,CHEMBL1793,CHEMBL117,Potency,2511.9,nM,,ChEMBL
Chrysin,PTH1R,CHEMBL1793,CHEMBL117,Potency,2511.9,nM,,ChEMBL
Chrysin,QUININE 3-MONOOXYGENASE,CHEMBL340,CHEMBL117,Potency,2511.9,nM,5.6,ChEMBL
Chrysin,RALDH 1,CHEMBL3577,CHEMBL117,Potency,8912.5,nM,5.05,ChEMBL
Chrysin,RALDH1,CHEMBL3577,CHEMBL117,Potency,8912.5,nM,5.05,ChEMBL
Chrysin,RAR-RELATED ORPHAN RECEPTOR C,CHEMBL1293231,CHEMBL117,Potency,10000.0,nM,5.0,ChEMBL
Chrysin,RCC-ASSOCIATED ANTIGEN G250,CHEMBL3594,CHEMBL117,Ki,2650.0,nM,5.58,ChEMBL
Chrysin,RECEPTOR,CHEMBL235,CHEMBL117,Ki,7860.0,nM,5.11,ChEMBL
Chrysin,RECEPTOR-TYPE TYROSINE-PROTEIN KINASE FLT3,CHEMBL1974,CHEMBL117,IC50,10000.0,nM,,ChEMBL
Chrysin,REDUCTASE,CHEMBL5586,CHEMBL117,IC50,670.0,nM,6.17,ChEMBL
Chrysin,RENAL CELL CARCINOMA-ASSOCIATED ANTIGEN G250,CHEMBL3594,CHEMBL117,Ki,2650.0,nM,5.58,ChEMBL
Chrysin,RETINAL DEHYDROGENASE 1,CHEMBL3577,CHEMBL117,Potency,8912.5,nM,5.05,ChEMBL
Chrysin,RETINOID-RELATED ORPHAN RECEPTOR-GAMMA,CHEMBL1293231,CHEMBL117,Potency,10000.0,nM,5.0,ChEMBL
Chrysin,RORC,CHEMBL1293231,CHEMBL117,Potency,10000.0,nM,5.0,ChEMBL
Chrysin,S-MEPHENYTOIN 4-HYDROXYLASE,CHEMBL3397,CHEMBL117,IC50,5225.0,nM,5.28,ChEMBL
Chrysin,SERINE/THREONINE-PROTEIN KINASE GSK3A,CHEMBL2095188,CHEMBL117,IC50,7200.0,nM,5.14,ChEMBL
Chrysin,SERINE/THREONINE-PROTEIN KINASE GSK3B,CHEMBL2095188,CHEMBL117,IC50,7200.0,nM,5.14,ChEMBL
Chrysin,SERINE/THREONINE-PROTEIN KINASE PLSTIRE,CHEMBL2508,CHEMBL117,IC50,6000.0,nM,5.22,ChEMBL
Chrysin,SERINE/THREONINE-PROTEIN KINASE PSSALRE,CHEMBL1907600,CHEMBL117,IC50,3100.0,nM,5.51,ChEMBL
Chrysin,SGC-7901,CHEMBL614909,CHEMBL117,IC50,5800.0,nM,5.24,ChEMBL
Chrysin,SHORT CHAIN DEHYDROGENASE/REDUCTASE FAMILY 21C MEMBER 1,CHEMBL5586,CHEMBL117,IC50,670.0,nM,6.17,ChEMBL
Chrysin,SHORT CHAIN DEHYDROGENASE/REDUCTASE FAMILY 36C MEMBER 1,CHEMBL1293255,CHEMBL117,Potency,3981.1,nM,5.4,ChEMBL
Chrysin,SHORT CHAIN DEHYDROGENASE/REDUCTASE FAMILY 5C MEMBER 1,CHEMBL4159,CHEMBL117,Potency,10000.0,nM,5.0,ChEMBL
Chrysin,SHORT-CHAIN TYPE DEHYDROGENASE/REDUCTASE XH98G2,CHEMBL4159,CHEMBL117,Potency,10000.0,nM,5.0,ChEMBL
Chrysin,SI REDUCTASE,CHEMBL5983,CHEMBL117,IC50,2100.0,nM,5.68,ChEMBL
Chrysin,SMALL INTESTINE REDUCTASE,CHEMBL5983,CHEMBL117,IC50,2100.0,nM,5.68,ChEMBL
Chrysin,SMN1,CHEMBL1293232,CHEMBL117,Potency,3981.1,nM,5.4,ChEMBL
Chrysin,SMN2,CHEMBL1293232,CHEMBL117,Potency,3981.1,nM,5.4,ChEMBL
Chrysin,SPECIFICITY,CHEMBL5393,CHEMBL117,IC50,1500.0,nM,5.82,ChEMBL
Chrysin,SPINOCEREBELLAR ATAXIA TYPE 2 PROTEIN,CHEMBL1795085,CHEMBL117,Potency,3981.1,nM,,ChEMBL
Chrysin,STEM CELL TYROSINE KINASE 1,CHEMBL1974,CHEMBL117,IC50,10000.0,nM,,ChEMBL
Chrysin,STK-1,CHEMBL1974,CHEMBL117,IC50,10000.0,nM,,ChEMBL
Chrysin,SUBSTRATE,CHEMBL5393,CHEMBL117,IC50,1500.0,nM,5.82,ChEMBL
Chrysin,SUBUNIT,CHEMBL4662,CHEMBL117,IC50,4900.0,nM,5.31,ChEMBL
Chrysin,SURVIVAL,CHEMBL1293232,CHEMBL117,Potency,3981.1,nM,5.4,ChEMBL
Chrysin,SURVIVAL MOTOR NEURON PROTEIN,CHEMBL1293232,CHEMBL117,Potency,3981.1,nM,5.4,ChEMBL
Chrysin,TAU,CHEMBL1293224,CHEMBL117,Potency,5623.4,nM,5.25,ChEMBL
Chrysin,TAU PROTEIN KINASE II 23 KDA SUBUNIT,CHEMBL1907600,CHEMBL117,IC50,3100.0,nM,5.51,ChEMBL
Chrysin,TAU PROTEIN KINASE II CATALYTIC SUBUNIT,CHEMBL1907600,CHEMBL117,IC50,3100.0,nM,5.51,ChEMBL
Chrysin,TDP1,CHEMBL1075138,CHEMBL117,Potency,3264.3,nM,,ChEMBL
Chrysin,THYMUS ORPHAN RECEPTOR,CHEMBL1293231,CHEMBL117,Potency,10000.0,nM,5.0,ChEMBL
Chrysin,TOR,CHEMBL1293231,CHEMBL117,Potency,10000.0,nM,5.0,ChEMBL
Chrysin,TPKII CATALYTIC SUBUNIT,CHEMBL1907600,CHEMBL117,IC50,3100.0,nM,5.51,ChEMBL
Chrysin,TPKII REGULATORY SUBUNIT,CHEMBL1907600,CHEMBL117,IC50,3100.0,nM,5.51,ChEMBL
Chrysin,TRANSLOCASE,CHEMBL4302,CHEMBL117,Kd,8912.51,nM,5.05,ChEMBL
Chrysin,TRANSPORTER,CHEMBL5393,CHEMBL117,IC50,1500.0,nM,5.82,ChEMBL
Chrysin,TRINUCLEOTIDE REPEAT-CONTAINING GENE 13 PROTEIN,CHEMBL1795085,CHEMBL117,Potency,3981.1,nM,,ChEMBL
Chrysin,TRNA N1-METHYL ADENINE DEMETHYLASE FTO,CHEMBL2331065,CHEMBL117,IC50,8300.0,nM,5.08,ChEMBL
Chrysin,TUBULIN-LYSINE DEACETYLASE HDAC6,CHEMBL1865,CHEMBL117,IC50,534.0,nM,6.27,ChEMBL
Chrysin,TUMOR ANTIGEN HOM-RCC-3.1.3,CHEMBL3242,CHEMBL117,Ki,8960.0,nM,5.05,ChEMBL
Chrysin,TYPE II HADH,CHEMBL4159,CHEMBL117,Potency,10000.0,nM,5.0,ChEMBL
Chrysin,TYR-DNA PHOSPHODIESTERASE 1,CHEMBL1075138,CHEMBL117,Potency,3264.3,nM,,ChEMBL
Chrysin,TYROSYL-DNA PHOSPHODIESTERASE 1,CHEMBL1075138,CHEMBL117,Potency,3264.3,nM,,ChEMBL
Chrysin,U6 SMALL NUCLEAR RNA (2'-O-METHYLADENOSINE-N(6)-)-DEMETHYLASE FTO,CHEMBL2331065,CHEMBL117,IC50,8300.0,nM,5.08,ChEMBL
Chrysin,U6 SMALL NUCLEAR RNA N(6)-METHYLADENOSINE-DEMETHYLASE FTO,CHEMBL2331065,CHEMBL117,IC50,8300.0,nM,5.08,ChEMBL
Chrysin,UNCHECKED,CHEMBL612545,CHEMBL117,IC50,3900.0,nM,5.41,ChEMBL
Chrysin,URATE EXPORTER,CHEMBL5393,CHEMBL117,IC50,1500.0,nM,5.82,ChEMBL
Chrysin,XANTHINE,CHEMBL1929,CHEMBL117,IC50,840.0,nM,6.08,ChEMBL
Chrysin,XANTHINE DEHYDROGENASE,CHEMBL1929,CHEMBL117,IC50,840.0,nM,6.08,ChEMBL
Chrysin,XANTHINE DEHYDROGENASE/OXIDASE,CHEMBL1929,CHEMBL117,IC50,840.0,nM,6.08,ChEMBL
Chrysin,XANTHINE OXIDASE,CHEMBL1929,CHEMBL117,IC50,840.0,nM,6.08,ChEMBL
Chrysin,XANTHINE OXIDOREDUCTASE,CHEMBL1929,CHEMBL117,IC50,840.0,nM,6.08,ChEMBL
Chrysin,XDH,CHEMBL1929,CHEMBL117,IC50,840.0,nM,6.08,ChEMBL
Chrysin,XOR,CHEMBL1929,CHEMBL117,IC50,840.0,nM,6.08,ChEMBL
Chrysophanol,A549,CHEMBL392,CHEMBL41092,IC50,5700.0,nM,5.24,ChEMBL
Chrysophanol,ADP-GLUCOSE RECEPTOR,CHEMBL2001,CHEMBL41092,Ki,10000.0,nM,,ChEMBL
Chrysophanol,ADPG-R,CHEMBL2001,CHEMBL41092,Ki,10000.0,nM,,ChEMBL
Chrysophanol,ATP-DEPENDENT DNA HELICASE Q1,CHEMBL1293236,CHEMBL41092,Potency,7079.5,nM,5.15,ChEMBL
Chrysophanol,DNA,CHEMBL1293236,CHEMBL41092,Potency,7079.5,nM,5.15,ChEMBL
Chrysophanol,DNA 3'-5' HELICASE Q1,CHEMBL1293236,CHEMBL41092,Potency,7079.5,nM,5.15,ChEMBL
Chrysophanol,"DNA HELICASE, RECQ-LIKE TYPE 1",CHEMBL1293236,CHEMBL41092,Potency,7079.5,nM,5.15,ChEMBL
Chrysophanol,DNA-DEPENDENT ATPASE Q1,CHEMBL1293236,CHEMBL41092,Potency,7079.5,nM,5.15,ChEMBL
Chrysophanol,ERK-2,CHEMBL4040,CHEMBL41092,Potency,3162.3,nM,5.5,ChEMBL
Chrysophanol,ERT1,CHEMBL4040,CHEMBL41092,Potency,3162.3,nM,5.5,ChEMBL
Chrysophanol,EXTRACELLULAR SIGNAL-REGULATED KINASE 2,CHEMBL4040,CHEMBL41092,Potency,3162.3,nM,5.5,ChEMBL
Chrysophanol,HELICASE,CHEMBL1293236,CHEMBL41092,Potency,7079.5,nM,5.15,ChEMBL
Chrysophanol,KINASE,CHEMBL4040,CHEMBL41092,Potency,3162.3,nM,5.5,ChEMBL
Chrysophanol,MAP KINASE 1,CHEMBL4040,CHEMBL41092,Potency,3162.3,nM,5.5,ChEMBL
Chrysophanol,MAP KINASE 2,CHEMBL4040,CHEMBL41092,Potency,3162.3,nM,5.5,ChEMBL
Chrysophanol,MAP KINASE ISOFORM P42,CHEMBL4040,CHEMBL41092,Potency,3162.3,nM,5.5,ChEMBL
Chrysophanol,MAPK 1,CHEMBL4040,CHEMBL41092,Potency,3162.3,nM,5.5,ChEMBL
Chrysophanol,MAPK 2,CHEMBL4040,CHEMBL41092,Potency,3162.3,nM,5.5,ChEMBL
Chrysophanol,MAPK1,CHEMBL4040,CHEMBL41092,Potency,3162.3,nM,5.5,ChEMBL
Chrysophanol,MAPT,CHEMBL1293224,CHEMBL41092,Potency,2238.7,nM,5.65,ChEMBL
Chrysophanol,MICROTUBULE-ASSOCIATED PROTEIN TAU,CHEMBL1293224,CHEMBL41092,Potency,2238.7,nM,5.65,ChEMBL
Chrysophanol,MITOGEN-ACTIVATED PROTEIN KINASE 1,CHEMBL4040,CHEMBL41092,Potency,3162.3,nM,5.5,ChEMBL
Chrysophanol,MITOGEN-ACTIVATED PROTEIN KINASE 2,CHEMBL4040,CHEMBL41092,Potency,3162.3,nM,5.5,ChEMBL
Chrysophanol,NCI-H157,CHEMBL614783,CHEMBL41092,IC50,2700.0,nM,5.57,ChEMBL
Chrysophanol,NEUROFIBRILLARY TANGLE PROTEIN,CHEMBL1293224,CHEMBL41092,Potency,2238.7,nM,5.65,ChEMBL
Chrysophanol,NON-PROTEIN TARGET,CHEMBL3879801,CHEMBL41092,Potency,1.9,nM,,ChEMBL
Chrysophanol,NUCLEAR,CHEMBL1741186,CHEMBL41092,Potency,6682.4,nM,,ChEMBL
Chrysophanol,NUCLEAR RECEPTOR ROR-GAMMA,CHEMBL1741186,CHEMBL41092,Potency,6682.4,nM,,ChEMBL
Chrysophanol,NUCLEAR RECEPTOR RZR-GAMMA,CHEMBL1741186,CHEMBL41092,Potency,6682.4,nM,,ChEMBL
Chrysophanol,NUCLEAR RECEPTOR SUBFAMILY 1 GROUP F MEMBER 3,CHEMBL1741186,CHEMBL41092,Potency,6682.4,nM,,ChEMBL
Chrysophanol,P2RY12,CHEMBL2001,CHEMBL41092,Ki,10000.0,nM,,ChEMBL
Chrysophanol,P2T(AC),CHEMBL2001,CHEMBL41092,Ki,10000.0,nM,,ChEMBL
Chrysophanol,P2Y PURINOCEPTOR 12,CHEMBL2001,CHEMBL41092,Ki,10000.0,nM,,ChEMBL
Chrysophanol,P2Y(AC),CHEMBL2001,CHEMBL41092,Ki,10000.0,nM,,ChEMBL
Chrysophanol,P2Y(ADP),CHEMBL2001,CHEMBL41092,Ki,10000.0,nM,,ChEMBL
Chrysophanol,P2Y(CYC),CHEMBL2001,CHEMBL41092,Ki,10000.0,nM,,ChEMBL
Chrysophanol,P2Y12,CHEMBL2001,CHEMBL41092,Ki,10000.0,nM,,ChEMBL
Chrysophanol,P2Y12 PLATELET ADP RECEPTOR,CHEMBL2001,CHEMBL41092,Ki,10000.0,nM,,ChEMBL
Chrysophanol,P42-MAPK,CHEMBL4040,CHEMBL41092,Potency,3162.3,nM,5.5,ChEMBL
Chrysophanol,PAIRED HELICAL FILAMENT-TAU,CHEMBL1293224,CHEMBL41092,Potency,2238.7,nM,5.65,ChEMBL
Chrysophanol,PHF-TAU,CHEMBL1293224,CHEMBL41092,Potency,2238.7,nM,5.65,ChEMBL
Chrysophanol,PLASMODIUM FALCIPARUM,CHEMBL364,CHEMBL41092,Potency,3294.4,nM,,ChEMBL
Chrysophanol,PROTEIN,CHEMBL1293224,CHEMBL41092,Potency,2238.7,nM,5.65,ChEMBL
Chrysophanol,PURINOCEPTOR,CHEMBL2001,CHEMBL41092,Ki,10000.0,nM,,ChEMBL
Chrysophanol,RAR-RELATED ORPHAN RECEPTOR C,CHEMBL1741186,CHEMBL41092,Potency,6682.4,nM,,ChEMBL
Chrysophanol,RECEPTOR,CHEMBL1741186,CHEMBL41092,Potency,6682.4,nM,,ChEMBL
Chrysophanol,RECQ PROTEIN-LIKE 1,CHEMBL1293236,CHEMBL41092,Potency,7079.5,nM,5.15,ChEMBL
Chrysophanol,RECQ1,CHEMBL1293236,CHEMBL41092,Potency,7079.5,nM,5.15,ChEMBL
Chrysophanol,RECQL,CHEMBL1293236,CHEMBL41092,Potency,7079.5,nM,5.15,ChEMBL
Chrysophanol,RETINOID-RELATED ORPHAN RECEPTOR-GAMMA,CHEMBL1741186,CHEMBL41092,Potency,6682.4,nM,,ChEMBL
Chrysophanol,RORC,CHEMBL1741186,CHEMBL41092,Potency,6682.4,nM,,ChEMBL
Chrysophanol,SP1999,CHEMBL2001,CHEMBL41092,Ki,10000.0,nM,,ChEMBL
Chrysophanol,TAU,CHEMBL1293224,CHEMBL41092,Potency,2238.7,nM,5.65,ChEMBL
Chrysophanol,UNCHECKED,CHEMBL612545,CHEMBL41092,Potency,5955.7,nM,,ChEMBL
Cinnamaldehyde,3-DEOXYGLUCOSONE DEHYDROGENASE,CHEMBL3577,CHEMBL293492,Potency,2511.9,nM,5.6,ChEMBL
Cinnamaldehyde,70 KDA LAMIN,CHEMBL1293235,CHEMBL293492,Potency,631.0,nM,6.2,ChEMBL
Cinnamaldehyde,ALDEHYDE,CHEMBL3577,CHEMBL293492,Potency,2511.9,nM,5.6,ChEMBL
Cinnamaldehyde,ALDEHYDE DEHYDROGENASE 1A1,CHEMBL3577,CHEMBL293492,Potency,2511.9,nM,5.6,ChEMBL
Cinnamaldehyde,ALDEHYDE DEHYDROGENASE FAMILY 1 MEMBER A1,CHEMBL3577,CHEMBL293492,Potency,2511.9,nM,5.6,ChEMBL
Cinnamaldehyde,"ALDEHYDE DEHYDROGENASE, CYTOSOLIC",CHEMBL3577,CHEMBL293492,Potency,2511.9,nM,5.6,ChEMBL
Cinnamaldehyde,ALDH-E1,CHEMBL3577,CHEMBL293492,Potency,2511.9,nM,5.6,ChEMBL
Cinnamaldehyde,ALDH1A1,CHEMBL3577,CHEMBL293492,Potency,2511.9,nM,5.6,ChEMBL
Cinnamaldehyde,ALHDII,CHEMBL3577,CHEMBL293492,Potency,2511.9,nM,5.6,ChEMBL
Cinnamaldehyde,ANKYRIN-LIKE WITH TRANSMEMBRANE DOMAINS PROTEIN 1,CHEMBL1075310,CHEMBL293492,EC50,3400.0,nM,5.47,ChEMBL
Cinnamaldehyde,CATION,CHEMBL1075310,CHEMBL293492,EC50,3400.0,nM,5.47,ChEMBL
Cinnamaldehyde,CELL,CHEMBL3999,CHEMBL293492,IC50,6860.0,nM,5.16,ChEMBL
Cinnamaldehyde,CELL DIVISION PROTEIN FTSZ,CHEMBL3999,CHEMBL293492,IC50,6860.0,nM,5.16,ChEMBL
Cinnamaldehyde,CHANNEL,CHEMBL1075310,CHEMBL293492,EC50,3400.0,nM,5.47,ChEMBL
Cinnamaldehyde,DEHYDROGENASE,CHEMBL3577,CHEMBL293492,Potency,2511.9,nM,5.6,ChEMBL
Cinnamaldehyde,DIVISION,CHEMBL3999,CHEMBL293492,IC50,6860.0,nM,5.16,ChEMBL
Cinnamaldehyde,FTSZ,CHEMBL3999,CHEMBL293492,IC50,6860.0,nM,5.16,ChEMBL
Cinnamaldehyde,GEMININ,CHEMBL1293278,CHEMBL293492,Potency,145.8,nM,,ChEMBL
Cinnamaldehyde,GMNN,CHEMBL1293278,CHEMBL293492,Potency,145.8,nM,,ChEMBL
Cinnamaldehyde,LAMIN-A/C,CHEMBL1293235,CHEMBL293492,Potency,631.0,nM,6.2,ChEMBL
Cinnamaldehyde,LMNA,CHEMBL1293235,CHEMBL293492,Potency,631.0,nM,6.2,ChEMBL
Cinnamaldehyde,MEMBER,CHEMBL1075310,CHEMBL293492,EC50,3400.0,nM,5.47,ChEMBL
Cinnamaldehyde,P120,CHEMBL6007,CHEMBL293492,EC50,6500.0,nM,5.19,ChEMBL
Cinnamaldehyde,POTENTIAL,CHEMBL1075310,CHEMBL293492,EC50,3400.0,nM,5.47,ChEMBL
Cinnamaldehyde,PRELAMIN-A/C,CHEMBL1293235,CHEMBL293492,Potency,631.0,nM,6.2,ChEMBL
Cinnamaldehyde,PROTEIN,CHEMBL3999,CHEMBL293492,IC50,6860.0,nM,5.16,ChEMBL
Cinnamaldehyde,PSEUDOMONAS AERUGINOSA,CHEMBL348,CHEMBL293492,IC50,2290.0,nM,5.64,ChEMBL
Cinnamaldehyde,RALDH 1,CHEMBL3577,CHEMBL293492,Potency,2511.9,nM,5.6,ChEMBL
Cinnamaldehyde,RALDH1,CHEMBL3577,CHEMBL293492,Potency,2511.9,nM,5.6,ChEMBL
Cinnamaldehyde,RECEPTOR,CHEMBL1075310,CHEMBL293492,EC50,3400.0,nM,5.47,ChEMBL
Cinnamaldehyde,RENAL CARCINOMA ANTIGEN NY-REN-32,CHEMBL1293235,CHEMBL293492,Potency,631.0,nM,6.2,ChEMBL
Cinnamaldehyde,RETINAL DEHYDROGENASE 1,CHEMBL3577,CHEMBL293492,Potency,2511.9,nM,5.6,ChEMBL
Cinnamaldehyde,RRNA N-GLYCOSYLASE,CHEMBL2095183,CHEMBL293492,Potency,1.6,nM,8.8,ChEMBL
Cinnamaldehyde,SHIGA TOXIN SUBUNIT B,CHEMBL2095183,CHEMBL293492,Potency,1.6,nM,8.8,ChEMBL
Cinnamaldehyde,STX1,CHEMBL2095183,CHEMBL293492,Potency,1.6,nM,8.8,ChEMBL
Cinnamaldehyde,SUBFAMILY,CHEMBL1075310,CHEMBL293492,EC50,3400.0,nM,5.47,ChEMBL
Cinnamaldehyde,TRANSFORMATION-SENSITIVE PROTEIN P120,CHEMBL6007,CHEMBL293492,EC50,6500.0,nM,5.19,ChEMBL
Cinnamaldehyde,TRANSIENT,CHEMBL1075310,CHEMBL293492,EC50,3400.0,nM,5.47,ChEMBL
Cinnamaldehyde,TRANSIENT RECEPTOR POTENTIAL CATION CHANNEL SUBFAMILY A MEMBER 1,CHEMBL1075310,CHEMBL293492,EC50,3400.0,nM,5.47,ChEMBL
Cinnamaldehyde,TRPA1,CHEMBL1075310,CHEMBL293492,EC50,3400.0,nM,5.47,ChEMBL
Cinnamaldehyde,WASABI RECEPTOR,CHEMBL1075310,CHEMBL293492,EC50,3400.0,nM,5.47,ChEMBL
Cinnamic_acid,ACID,CHEMBL3785,CHEMBL27246,Ki,4900.0,nM,5.31,ChEMBL
Cinnamic_acid,ADP-RIBOSYLTRANSFERASE DIPHTHERIA TOXIN-LIKE 5,CHEMBL3038515,CHEMBL27246,IC50,685.0,nM,6.16,ChEMBL
Cinnamic_acid,ADP-RIBOSYLTRANSFERASE DIPHTHERIA TOXIN-LIKE 6,CHEMBL3038515,CHEMBL27246,IC50,685.0,nM,6.16,ChEMBL
Cinnamic_acid,ANTIGEN NY-CO-9,CHEMBL2093865,CHEMBL27246,Ki,8.21,nM,8.09,ChEMBL
Cinnamic_acid,ARTD5,CHEMBL3038515,CHEMBL27246,IC50,685.0,nM,6.16,ChEMBL
Cinnamic_acid,ARTD6,CHEMBL3038515,CHEMBL27246,IC50,685.0,nM,6.16,ChEMBL
Cinnamic_acid,BV-2,CHEMBL614781,CHEMBL27246,EC50,10000.0,nM,,ChEMBL
Cinnamic_acid,CRESOLASE,CHEMBL6066154,CHEMBL27246,Ki,5000.0,nM,5.3,ChEMBL
Cinnamic_acid,CRESOLASE 1,CHEMBL6066154,CHEMBL27246,Ki,5000.0,nM,5.3,ChEMBL
Cinnamic_acid,CRESOLASE 2,CHEMBL6066154,CHEMBL27246,Ki,5000.0,nM,5.3,ChEMBL
Cinnamic_acid,E3 UBIQUITIN-PROTEIN LIGASE HDAC6,CHEMBL2093865,CHEMBL27246,Ki,8.21,nM,8.09,ChEMBL
Cinnamic_acid,G-PROTEIN COUPLED RECEPTOR 109A,CHEMBL3785,CHEMBL27246,Ki,4900.0,nM,5.31,ChEMBL
Cinnamic_acid,G-PROTEIN COUPLED RECEPTOR HM74A,CHEMBL3785,CHEMBL27246,Ki,4900.0,nM,5.31,ChEMBL
Cinnamic_acid,HCAR2,CHEMBL3785,CHEMBL27246,Ki,4900.0,nM,5.31,ChEMBL
Cinnamic_acid,HD1,CHEMBL2093865,CHEMBL27246,Ki,8.21,nM,8.09,ChEMBL
Cinnamic_acid,HD10,CHEMBL2093865,CHEMBL27246,Ki,8.21,nM,8.09,ChEMBL
Cinnamic_acid,HD11,CHEMBL2093865,CHEMBL27246,Ki,8.21,nM,8.09,ChEMBL
Cinnamic_acid,HD2,CHEMBL2093865,CHEMBL27246,Ki,8.21,nM,8.09,ChEMBL
Cinnamic_acid,HD3,CHEMBL2093865,CHEMBL27246,Ki,8.21,nM,8.09,ChEMBL
Cinnamic_acid,HD4,CHEMBL2093865,CHEMBL27246,Ki,8.21,nM,8.09,ChEMBL
Cinnamic_acid,HD5,CHEMBL2093865,CHEMBL27246,Ki,8.21,nM,8.09,ChEMBL
Cinnamic_acid,HD7,CHEMBL2093865,CHEMBL27246,Ki,8.21,nM,8.09,ChEMBL
Cinnamic_acid,HD7A,CHEMBL2093865,CHEMBL27246,Ki,8.21,nM,8.09,ChEMBL
Cinnamic_acid,HD7B,CHEMBL2093865,CHEMBL27246,Ki,8.21,nM,8.09,ChEMBL
Cinnamic_acid,HD8,CHEMBL2093865,CHEMBL27246,Ki,8.21,nM,8.09,ChEMBL
Cinnamic_acid,HD9,CHEMBL2093865,CHEMBL27246,Ki,8.21,nM,8.09,ChEMBL
Cinnamic_acid,HDAC1,CHEMBL2093865,CHEMBL27246,Ki,8.21,nM,8.09,ChEMBL
Cinnamic_acid,HDAC10,CHEMBL2093865,CHEMBL27246,Ki,8.21,nM,8.09,ChEMBL
Cinnamic_acid,HDAC11,CHEMBL2093865,CHEMBL27246,Ki,8.21,nM,8.09,ChEMBL
Cinnamic_acid,HDAC2,CHEMBL2093865,CHEMBL27246,Ki,8.21,nM,8.09,ChEMBL
Cinnamic_acid,HDAC3,CHEMBL2093865,CHEMBL27246,Ki,8.21,nM,8.09,ChEMBL
Cinnamic_acid,HDAC4,CHEMBL2093865,CHEMBL27246,Ki,8.21,nM,8.09,ChEMBL
Cinnamic_acid,HDAC5,CHEMBL2093865,CHEMBL27246,Ki,8.21,nM,8.09,ChEMBL
Cinnamic_acid,HDAC6,CHEMBL2093865,CHEMBL27246,Ki,8.21,nM,8.09,ChEMBL
Cinnamic_acid,HDAC7,CHEMBL2093865,CHEMBL27246,Ki,8.21,nM,8.09,ChEMBL
Cinnamic_acid,HDAC8,CHEMBL2093865,CHEMBL27246,Ki,8.21,nM,8.09,ChEMBL
Cinnamic_acid,HDAC9,CHEMBL2093865,CHEMBL27246,Ki,8.21,nM,8.09,ChEMBL
Cinnamic_acid,HISTONE DEACETYLASE 1,CHEMBL2093865,CHEMBL27246,Ki,8.21,nM,8.09,ChEMBL
Cinnamic_acid,HISTONE DEACETYLASE 10,CHEMBL2093865,CHEMBL27246,Ki,8.21,nM,8.09,ChEMBL
Cinnamic_acid,HISTONE DEACETYLASE 11,CHEMBL2093865,CHEMBL27246,Ki,8.21,nM,8.09,ChEMBL
Cinnamic_acid,HISTONE DEACETYLASE 2,CHEMBL2093865,CHEMBL27246,Ki,8.21,nM,8.09,ChEMBL
Cinnamic_acid,HISTONE DEACETYLASE 3,CHEMBL2093865,CHEMBL27246,Ki,8.21,nM,8.09,ChEMBL
Cinnamic_acid,HISTONE DEACETYLASE 4,CHEMBL2093865,CHEMBL27246,Ki,8.21,nM,8.09,ChEMBL
Cinnamic_acid,HISTONE DEACETYLASE 5,CHEMBL2093865,CHEMBL27246,Ki,8.21,nM,8.09,ChEMBL
Cinnamic_acid,HISTONE DEACETYLASE 7,CHEMBL2093865,CHEMBL27246,Ki,8.21,nM,8.09,ChEMBL
Cinnamic_acid,HISTONE DEACETYLASE 7A,CHEMBL2093865,CHEMBL27246,Ki,8.21,nM,8.09,ChEMBL
Cinnamic_acid,HISTONE DEACETYLASE 7B,CHEMBL2093865,CHEMBL27246,Ki,8.21,nM,8.09,ChEMBL
Cinnamic_acid,HISTONE DEACETYLASE 8,CHEMBL2093865,CHEMBL27246,Ki,8.21,nM,8.09,ChEMBL
Cinnamic_acid,HISTONE DEACETYLASE 9,CHEMBL2093865,CHEMBL27246,Ki,8.21,nM,8.09,ChEMBL
Cinnamic_acid,HISTONE DEACETYLASE-RELATED PROTEIN,CHEMBL2093865,CHEMBL27246,Ki,8.21,nM,8.09,ChEMBL
Cinnamic_acid,HT-22,CHEMBL614316,CHEMBL27246,EC50,10000.0,nM,,ChEMBL
Cinnamic_acid,HYDROXYCARBOXYLIC ACID RECEPTOR 2,CHEMBL3785,CHEMBL27246,Ki,4900.0,nM,5.31,ChEMBL
Cinnamic_acid,MEF2-INTERACTING TRANSCRIPTION REPRESSOR MITR,CHEMBL2093865,CHEMBL27246,Ki,8.21,nM,8.09,ChEMBL
Cinnamic_acid,MUS MUSCULUS,CHEMBL375,CHEMBL27246,IC50,180.0,nM,6.75,ChEMBL
Cinnamic_acid,NIACIN RECEPTOR 1,CHEMBL3785,CHEMBL27246,Ki,4900.0,nM,5.31,ChEMBL
Cinnamic_acid,NICOTINIC ACID RECEPTOR,CHEMBL3785,CHEMBL27246,Ki,4900.0,nM,5.31,ChEMBL
Cinnamic_acid,PHENOLASE 1,CHEMBL6066154,CHEMBL27246,Ki,5000.0,nM,5.3,ChEMBL
Cinnamic_acid,PHENOLASE 2,CHEMBL6066154,CHEMBL27246,Ki,5000.0,nM,5.3,ChEMBL
Cinnamic_acid,PHENOLASE 3,CHEMBL6066154,CHEMBL27246,Ki,5000.0,nM,5.3,ChEMBL
Cinnamic_acid,PHENOLASE 4,CHEMBL6066154,CHEMBL27246,Ki,5000.0,nM,5.3,ChEMBL
Cinnamic_acid,POLY [ADP-RIBOSE] POLYMERASE 5A,CHEMBL3038515,CHEMBL27246,IC50,685.0,nM,6.16,ChEMBL
Cinnamic_acid,POLY [ADP-RIBOSE] POLYMERASE 5B,CHEMBL3038515,CHEMBL27246,IC50,685.0,nM,6.16,ChEMBL
Cinnamic_acid,POLY [ADP-RIBOSE] POLYMERASE TANKYRASE-1,CHEMBL3038515,CHEMBL27246,IC50,685.0,nM,6.16,ChEMBL
Cinnamic_acid,POLY [ADP-RIBOSE] POLYMERASE TANKYRASE-2,CHEMBL3038515,CHEMBL27246,IC50,685.0,nM,6.16,ChEMBL
Cinnamic_acid,POLYAMINE DEACETYLASE HDAC10,CHEMBL2093865,CHEMBL27246,Ki,8.21,nM,8.09,ChEMBL
Cinnamic_acid,POLYPHENOL OXIDASE 1,CHEMBL6066154,CHEMBL27246,Ki,5000.0,nM,5.3,ChEMBL
Cinnamic_acid,POLYPHENOL OXIDASE 2,CHEMBL6066154,CHEMBL27246,Ki,5000.0,nM,5.3,ChEMBL
Cinnamic_acid,POLYPHENOL OXIDASE 3,CHEMBL6066154,CHEMBL27246,Ki,5000.0,nM,5.3,ChEMBL
Cinnamic_acid,POLYPHENOL OXIDASE 4,CHEMBL6066154,CHEMBL27246,Ki,5000.0,nM,5.3,ChEMBL
Cinnamic_acid,PPO1,CHEMBL6066154,CHEMBL27246,Ki,5000.0,nM,5.3,ChEMBL
Cinnamic_acid,PPO2,CHEMBL6066154,CHEMBL27246,Ki,5000.0,nM,5.3,ChEMBL
Cinnamic_acid,PPO3,CHEMBL6066154,CHEMBL27246,Ki,5000.0,nM,5.3,ChEMBL
Cinnamic_acid,PPO4,CHEMBL6066154,CHEMBL27246,Ki,5000.0,nM,5.3,ChEMBL
Cinnamic_acid,PROTEIN DEACETYLASE HDAC1,CHEMBL2093865,CHEMBL27246,Ki,8.21,nM,8.09,ChEMBL
Cinnamic_acid,PROTEIN DEACETYLASE HDAC3,CHEMBL2093865,CHEMBL27246,Ki,8.21,nM,8.09,ChEMBL
Cinnamic_acid,PROTEIN DEACETYLASE HDAC6,CHEMBL2093865,CHEMBL27246,Ki,8.21,nM,8.09,ChEMBL
Cinnamic_acid,PROTEIN DEACETYLASE HDAC7,CHEMBL2093865,CHEMBL27246,Ki,8.21,nM,8.09,ChEMBL
Cinnamic_acid,PROTEIN DEACETYLASE HDAC8,CHEMBL2093865,CHEMBL27246,Ki,8.21,nM,8.09,ChEMBL
Cinnamic_acid,PROTEIN DEACYLASE HDAC1,CHEMBL2093865,CHEMBL27246,Ki,8.21,nM,8.09,ChEMBL
Cinnamic_acid,PROTEIN DEACYLASE HDAC2,CHEMBL2093865,CHEMBL27246,Ki,8.21,nM,8.09,ChEMBL
Cinnamic_acid,PROTEIN DEACYLASE HDAC3,CHEMBL2093865,CHEMBL27246,Ki,8.21,nM,8.09,ChEMBL
Cinnamic_acid,PROTEIN DECROTONYLASE HDAC8,CHEMBL2093865,CHEMBL27246,Ki,8.21,nM,8.09,ChEMBL
Cinnamic_acid,PROTEIN POLY-ADP-RIBOSYLTRANSFERASE TANKYRASE-1,CHEMBL3038515,CHEMBL27246,IC50,685.0,nM,6.16,ChEMBL
Cinnamic_acid,PROTEIN POLY-ADP-RIBOSYLTRANSFERASE TANKYRASE-2,CHEMBL3038515,CHEMBL27246,IC50,685.0,nM,6.16,ChEMBL
Cinnamic_acid,RECEPTOR,CHEMBL3785,CHEMBL27246,Ki,4900.0,nM,5.31,ChEMBL
Cinnamic_acid,RPD3-2,CHEMBL2093865,CHEMBL27246,Ki,8.21,nM,8.09,ChEMBL
Cinnamic_acid,SMAP45,CHEMBL2093865,CHEMBL27246,Ki,8.21,nM,8.09,ChEMBL
Cinnamic_acid,TANK1,CHEMBL3038515,CHEMBL27246,IC50,685.0,nM,6.16,ChEMBL
Cinnamic_acid,TANK2,CHEMBL3038515,CHEMBL27246,IC50,685.0,nM,6.16,ChEMBL
Cinnamic_acid,TANKYRASE I,CHEMBL3038515,CHEMBL27246,IC50,685.0,nM,6.16,ChEMBL
Cinnamic_acid,TANKYRASE II,CHEMBL3038515,CHEMBL27246,IC50,685.0,nM,6.16,ChEMBL
Cinnamic_acid,TANKYRASE-1,CHEMBL3038515,CHEMBL27246,IC50,685.0,nM,6.16,ChEMBL
Cinnamic_acid,TANKYRASE-2,CHEMBL3038515,CHEMBL27246,IC50,685.0,nM,6.16,ChEMBL
Cinnamic_acid,TANKYRASE-LIKE PROTEIN,CHEMBL3038515,CHEMBL27246,IC50,685.0,nM,6.16,ChEMBL
Cinnamic_acid,TANKYRASE-RELATED PROTEIN,CHEMBL3038515,CHEMBL27246,IC50,685.0,nM,6.16,ChEMBL
Cinnamic_acid,TNKS,CHEMBL3038515,CHEMBL27246,IC50,685.0,nM,6.16,ChEMBL
Cinnamic_acid,TNKS-1,CHEMBL3038515,CHEMBL27246,IC50,685.0,nM,6.16,ChEMBL
Cinnamic_acid,TNKS-2,CHEMBL3038515,CHEMBL27246,IC50,685.0,nM,6.16,ChEMBL
Cinnamic_acid,TNKS2,CHEMBL3038515,CHEMBL27246,IC50,685.0,nM,6.16,ChEMBL
Cinnamic_acid,TRF1-INTERACTING ANKYRIN-RELATED ADP-RIBOSE POLYMERASE,CHEMBL3038515,CHEMBL27246,IC50,685.0,nM,6.16,ChEMBL
Cinnamic_acid,TRF1-INTERACTING ANKYRIN-RELATED ADP-RIBOSE POLYMERASE 2,CHEMBL3038515,CHEMBL27246,IC50,685.0,nM,6.16,ChEMBL
Cinnamic_acid,TUBULIN-LYSINE DEACETYLASE HDAC6,CHEMBL2093865,CHEMBL27246,Ki,8.21,nM,8.09,ChEMBL
Cinnamic_acid,TYROSINASE 1,CHEMBL6066154,CHEMBL27246,Ki,5000.0,nM,5.3,ChEMBL
Cinnamic_acid,TYROSINASE 2,CHEMBL6066154,CHEMBL27246,Ki,5000.0,nM,5.3,ChEMBL
Cinnamic_acid,TYROSINASE 3,CHEMBL6066154,CHEMBL27246,Ki,5000.0,nM,5.3,ChEMBL
Cinnamic_acid,TYROSINASE 4,CHEMBL6066154,CHEMBL27246,Ki,5000.0,nM,5.3,ChEMBL
Curcumin,(R)-LIMONENE 6-MONOOXYGENASE,CHEMBL3397,CHEMBL140,IC50,4300.0,nM,5.37,ChEMBL
Curcumin,(S)-LIMONENE 6-MONOOXYGENASE,CHEMBL3397,CHEMBL140,IC50,4300.0,nM,5.37,ChEMBL
Curcumin,(S)-LIMONENE 7-MONOOXYGENASE,CHEMBL3397,CHEMBL140,IC50,4300.0,nM,5.37,ChEMBL
Curcumin,1-ACYLGLYCEROL-3-PHOSPHATE O-ACYLTRANSFERASE ABHD5,CHEMBL3883313,CHEMBL140,IC50,9167.0,nM,5.04,ChEMBL
Curcumin,10 KDA CHAPERONIN,CHEMBL4106139,CHEMBL140,IC50,2900.0,nM,5.54,ChEMBL
Curcumin,"10 KDA HEAT SHOCK PROTEIN, MITOCHONDRIAL",CHEMBL4106131,CHEMBL140,IC50,8300.0,nM,5.08,ChEMBL
Curcumin,11-BETA-HSD1,CHEMBL2391,CHEMBL140,IC50,4125.0,nM,5.38,ChEMBL
Curcumin,11-BETA-HYDROXYSTEROID DEHYDROGENASE 1,CHEMBL2391,CHEMBL140,IC50,4125.0,nM,5.38,ChEMBL
Curcumin,11-DH,CHEMBL2391,CHEMBL140,IC50,4125.0,nM,5.38,ChEMBL
Curcumin,12-LOX,CHEMBL2903,CHEMBL140,IC50,1200.0,nM,5.92,ChEMBL
Curcumin,12/15-LIPOXYGENASE,CHEMBL2903,CHEMBL140,IC50,1200.0,nM,5.92,ChEMBL
Curcumin,15-LIPOXYGENASE 2,CHEMBL2457,CHEMBL140,Potency,7943.3,nM,,ChEMBL
Curcumin,15-LOX,CHEMBL2903,CHEMBL140,IC50,1200.0,nM,5.92,ChEMBL
Curcumin,15-LOX-1,CHEMBL2903,CHEMBL140,IC50,1200.0,nM,5.92,ChEMBL
Curcumin,15-LOX-2,CHEMBL2457,CHEMBL140,Potency,7943.3,nM,,ChEMBL
Curcumin,15-LOX-B,CHEMBL2457,CHEMBL140,Potency,7943.3,nM,,ChEMBL
Curcumin,17-BETA-ESTRADIOL 17-DEHYDROGENASE,CHEMBL4159,CHEMBL140,Potency,3981.1,nM,5.4,ChEMBL
Curcumin,17-BETA-HSD 2,CHEMBL2789,CHEMBL140,IC50,1730.0,nM,5.76,ChEMBL
Curcumin,17-BETA-HSD 3,CHEMBL1075158,CHEMBL140,IC50,9000.0,nM,5.05,ChEMBL
Curcumin,17-BETA-HYDROXYSTEROID DEHYDROGENASE TYPE 2,CHEMBL2789,CHEMBL140,IC50,1730.0,nM,5.76,ChEMBL
Curcumin,17-BETA-HYDROXYSTEROID DEHYDROGENASE TYPE 3,CHEMBL1075158,CHEMBL140,IC50,9000.0,nM,5.05,ChEMBL
Curcumin,2-METHYL-3-HYDROXYBUTYRYL-COA DEHYDROGENASE,CHEMBL4159,CHEMBL140,Potency,3981.1,nM,5.4,ChEMBL
Curcumin,20 ALPHA-HYDROXYSTEROID DEHYDROGENASE,CHEMBL2789,CHEMBL140,IC50,1730.0,nM,5.76,ChEMBL
Curcumin,20-ALPHA-HSD,CHEMBL2789,CHEMBL140,IC50,1730.0,nM,5.76,ChEMBL
Curcumin,2008,CHEMBL612818,CHEMBL140,IC50,5000.0,nM,5.3,ChEMBL
Curcumin,3-ALPHA-(17-BETA)-HYDROXYSTEROID DEHYDROGENASE (NAD(+)),CHEMBL4159,CHEMBL140,Potency,3981.1,nM,5.4,ChEMBL
Curcumin,3-DEOXYGLUCOSONE DEHYDROGENASE,CHEMBL3577,CHEMBL140,Potency,8912.5,nM,5.05,ChEMBL
Curcumin,3-HYDROXY-2-METHYLBUTYRYL-COA DEHYDROGENASE,CHEMBL4159,CHEMBL140,Potency,3981.1,nM,5.4,ChEMBL
Curcumin,3-HYDROXYACYL-COA DEHYDROGENASE TYPE II,CHEMBL4159,CHEMBL140,Potency,3981.1,nM,5.4,ChEMBL
Curcumin,3-HYDROXYACYL-COA DEHYDROGENASE TYPE-2,CHEMBL4159,CHEMBL140,Potency,3981.1,nM,5.4,ChEMBL
Curcumin,3ALPHA(OR 20BETA)-HYDROXYSTEROID DEHYDROGENASE,CHEMBL4159,CHEMBL140,Potency,3981.1,nM,5.4,ChEMBL
Curcumin,41 KDA UBIQUITIN-SPECIFIC PROTEASE,CHEMBL1293227,CHEMBL140,Potency,10000.0,nM,5.0,ChEMBL
Curcumin,5-LIPOXYGENASE,CHEMBL215,CHEMBL140,IC50,8000.0,nM,5.1,ChEMBL
Curcumin,5-LO,CHEMBL215,CHEMBL140,IC50,8000.0,nM,5.1,ChEMBL
Curcumin,60 KDA CHAPERONIN,CHEMBL4106139,CHEMBL140,IC50,2900.0,nM,5.54,ChEMBL
Curcumin,"60 KDA HEAT SHOCK PROTEIN, MITOCHONDRIAL",CHEMBL4106131,CHEMBL140,IC50,8300.0,nM,5.08,ChEMBL
Curcumin,67 KDA MATRIX METALLOPROTEINASE-9,CHEMBL321,CHEMBL140,IC50,8500.0,nM,5.07,ChEMBL
Curcumin,7-ALPHA-HYDROXYSTEROID DEHYDROGENASE,CHEMBL4159,CHEMBL140,Potency,3981.1,nM,5.4,ChEMBL
Curcumin,7-OXOSTEROID REDUCTASE,CHEMBL2391,CHEMBL140,IC50,4125.0,nM,5.38,ChEMBL
Curcumin,70 KDA LAMIN,CHEMBL1293235,CHEMBL140,Potency,1778.3,nM,5.75,ChEMBL
Curcumin,82 KDA MATRIX METALLOPROTEINASE-9,CHEMBL321,CHEMBL140,IC50,8500.0,nM,5.07,ChEMBL
Curcumin,92 KDA GELATINASE,CHEMBL321,CHEMBL140,IC50,8500.0,nM,5.07,ChEMBL
Curcumin,92 KDA TYPE IV COLLAGENASE,CHEMBL321,CHEMBL140,IC50,8500.0,nM,5.07,ChEMBL
Curcumin,A2780,CHEMBL614004,CHEMBL140,IC50,8000.0,nM,5.1,ChEMBL
Curcumin,A549,CHEMBL392,CHEMBL140,IC50,6800.0,nM,5.17,ChEMBL
Curcumin,ABCB1,CHEMBL4302,CHEMBL140,IC50,1000.0,nM,,ChEMBL
Curcumin,ABCG2,CHEMBL5393,CHEMBL140,IC50,1630.0,nM,5.79,ChEMBL
Curcumin,ABETA40,CHEMBL2487,CHEMBL140,Ki,0.208,nM,9.68,ChEMBL
Curcumin,ABETA42,CHEMBL2487,CHEMBL140,Ki,0.208,nM,9.68,ChEMBL
Curcumin,ABHD5,CHEMBL3883313,CHEMBL140,IC50,9167.0,nM,5.04,ChEMBL
Curcumin,ABHYDROLASE DOMAIN-CONTAINING PROTEIN 5,CHEMBL3883313,CHEMBL140,IC50,9167.0,nM,5.04,ChEMBL
Curcumin,ABPP,CHEMBL2487,CHEMBL140,Ki,0.208,nM,9.68,ChEMBL
Curcumin,ACETYLCHOLINESTERASE,CHEMBL220,CHEMBL140,IC50,5000.0,nM,,ChEMBL
Curcumin,ACHE,CHEMBL220,CHEMBL140,IC50,5000.0,nM,,ChEMBL
Curcumin,ACID,CHEMBL2903,CHEMBL140,IC50,1200.0,nM,5.92,ChEMBL
Curcumin,ACTIVATOR PROTEIN 1,CHEMBL2111421,CHEMBL140,IC50,6.9,nM,8.16,ChEMBL
Curcumin,ACYLCHOLINE ACYLHYDROLASE,CHEMBL1914,CHEMBL140,IC50,5000.0,nM,,ChEMBL
Curcumin,ADMET,CHEMBL612558,CHEMBL140,IC50,9000.0,nM,5.05,ChEMBL
Curcumin,ADRB2,CHEMBL210,CHEMBL140,Potency,6513.1,nM,,ChEMBL
Curcumin,ADRENERGIC,CHEMBL210,CHEMBL140,Potency,6513.1,nM,,ChEMBL
Curcumin,AGS,CHEMBL613860,CHEMBL140,IC50,9770.0,nM,5.01,ChEMBL
Curcumin,AICD-50,CHEMBL2487,CHEMBL140,Ki,0.208,nM,9.68,ChEMBL
Curcumin,AICD-57,CHEMBL2487,CHEMBL140,Ki,0.208,nM,9.68,ChEMBL
Curcumin,AICD-59,CHEMBL2487,CHEMBL140,Ki,0.208,nM,9.68,ChEMBL
Curcumin,AID(50),CHEMBL2487,CHEMBL140,Ki,0.208,nM,9.68,ChEMBL
Curcumin,AID(57),CHEMBL2487,CHEMBL140,Ki,0.208,nM,9.68,ChEMBL
Curcumin,AID(59),CHEMBL2487,CHEMBL140,Ki,0.208,nM,9.68,ChEMBL
Curcumin,AKR1B1,CHEMBL1900,CHEMBL140,IC50,7300.0,nM,5.14,ChEMBL
Curcumin,ALANYL AMINOPEPTIDASE,CHEMBL1907,CHEMBL140,IC50,10000.0,nM,5.0,ChEMBL
Curcumin,ALDEHYDE,CHEMBL3577,CHEMBL140,Potency,8912.5,nM,5.05,ChEMBL
Curcumin,ALDEHYDE DEHYDROGENASE 1A1,CHEMBL3577,CHEMBL140,Potency,8912.5,nM,5.05,ChEMBL
Curcumin,ALDEHYDE DEHYDROGENASE FAMILY 1 MEMBER A1,CHEMBL3577,CHEMBL140,Potency,8912.5,nM,5.05,ChEMBL
Curcumin,"ALDEHYDE DEHYDROGENASE, CYTOSOLIC",CHEMBL3577,CHEMBL140,Potency,8912.5,nM,5.05,ChEMBL
Curcumin,ALDEHYDE REDUCTASE,CHEMBL1900,CHEMBL140,IC50,7300.0,nM,5.14,ChEMBL
Curcumin,ALDH-E1,CHEMBL3577,CHEMBL140,Potency,8912.5,nM,5.05,ChEMBL
Curcumin,ALDH1A1,CHEMBL3577,CHEMBL140,Potency,8912.5,nM,5.05,ChEMBL
Curcumin,ALDO-KETO REDUCTASE FAMILY 1 MEMBER B1,CHEMBL1900,CHEMBL140,IC50,7300.0,nM,5.14,ChEMBL
Curcumin,ALDOKETOMUTASE,CHEMBL2424,CHEMBL140,Ki,10000.0,nM,5.0,ChEMBL
Curcumin,ALDOSE REDUCTASE,CHEMBL1900,CHEMBL140,IC50,7300.0,nM,5.14,ChEMBL
Curcumin,ALHDII,CHEMBL3577,CHEMBL140,Potency,8912.5,nM,5.05,ChEMBL
Curcumin,ALKALINE,CHEMBL5573,CHEMBL140,IC50,7410.0,nM,5.13,ChEMBL
Curcumin,ALL-1,CHEMBL2093861,CHEMBL140,Potency,3981.1,nM,5.4,ChEMBL
Curcumin,ALOX15,CHEMBL2903,CHEMBL140,IC50,1200.0,nM,5.92,ChEMBL
Curcumin,ALOX15B,CHEMBL2457,CHEMBL140,Potency,7943.3,nM,,ChEMBL
Curcumin,ALOX5,CHEMBL215,CHEMBL140,IC50,8000.0,nM,5.1,ChEMBL
Curcumin,ALPHA-CTF,CHEMBL2487,CHEMBL140,Ki,0.208,nM,9.68,ChEMBL
Curcumin,ALPHA-SECRETASE C-TERMINAL FRAGMENT,CHEMBL2487,CHEMBL140,Ki,0.208,nM,9.68,ChEMBL
Curcumin,ALPHA-SYNUCLEIN,CHEMBL6152,CHEMBL140,IC50,220.0,nM,6.66,ChEMBL
Curcumin,ALPI,CHEMBL5573,CHEMBL140,IC50,7410.0,nM,5.13,ChEMBL
Curcumin,ALZHEIMER DISEASE AMYLOID A4 PROTEIN HOMOLOG,CHEMBL2487,CHEMBL140,Ki,0.208,nM,9.68,ChEMBL
Curcumin,ALZHEIMER DISEASE AMYLOID PROTEIN,CHEMBL2487,CHEMBL140,Ki,0.208,nM,9.68,ChEMBL
Curcumin,AMINE,CHEMBL1951,CHEMBL140,Ki,710.0,nM,6.15,ChEMBL
Curcumin,AMINE OXIDASE [FLAVIN-CONTAINING] A,CHEMBL1951,CHEMBL140,Ki,710.0,nM,6.15,ChEMBL
Curcumin,AMINE OXIDASE [FLAVIN-CONTAINING] B,CHEMBL2039,CHEMBL140,IC50,2560.0,nM,5.59,ChEMBL
Curcumin,AMINOPEPTIDASE,CHEMBL1907,CHEMBL140,IC50,10000.0,nM,5.0,ChEMBL
Curcumin,AMINOPEPTIDASE M,CHEMBL1907,CHEMBL140,IC50,10000.0,nM,5.0,ChEMBL
Curcumin,AMINOPEPTIDASE N,CHEMBL1907,CHEMBL140,IC50,10000.0,nM,5.0,ChEMBL
Curcumin,AMYLOID INTRACELLULAR DOMAIN 50,CHEMBL2487,CHEMBL140,Ki,0.208,nM,9.68,ChEMBL
Curcumin,AMYLOID INTRACELLULAR DOMAIN 57,CHEMBL2487,CHEMBL140,Ki,0.208,nM,9.68,ChEMBL
Curcumin,AMYLOID INTRACELLULAR DOMAIN 59,CHEMBL2487,CHEMBL140,Ki,0.208,nM,9.68,ChEMBL
Curcumin,AMYLOID PRECURSOR PROTEIN,CHEMBL2487,CHEMBL140,Ki,0.208,nM,9.68,ChEMBL
Curcumin,AMYLOID-BETA (A4) PRECURSOR PROTEIN,CHEMBL2487,CHEMBL140,Ki,0.208,nM,9.68,ChEMBL
Curcumin,AMYLOID-BETA A4 PROTEIN,CHEMBL2487,CHEMBL140,Ki,0.208,nM,9.68,ChEMBL
Curcumin,AMYLOID-BETA PRECURSOR PROTEIN,CHEMBL2487,CHEMBL140,Ki,0.208,nM,9.68,ChEMBL
Curcumin,AMYLOID-BETA PROTEIN 40,CHEMBL2487,CHEMBL140,Ki,0.208,nM,9.68,ChEMBL
Curcumin,AMYLOID-BETA PROTEIN 42,CHEMBL2487,CHEMBL140,Ki,0.208,nM,9.68,ChEMBL
Curcumin,ANHYDRASE,CHEMBL205,CHEMBL140,Ki,380.0,nM,6.42,ChEMBL
Curcumin,ANPEP,CHEMBL1907,CHEMBL140,IC50,10000.0,nM,5.0,ChEMBL
Curcumin,ANTHRAX LETHAL TOXIN ENDOPEPTIDASE COMPONENT,CHEMBL4372,CHEMBL140,Potency,79.4,nM,7.1,ChEMBL
Curcumin,ANTIGEN NY-CO-9,CHEMBL2093865,CHEMBL140,Ki,539.0,nM,6.27,ChEMBL
Curcumin,AP-M,CHEMBL1907,CHEMBL140,IC50,10000.0,nM,5.0,ChEMBL
Curcumin,AP-N,CHEMBL1907,CHEMBL140,IC50,10000.0,nM,5.0,ChEMBL
Curcumin,AP1,CHEMBL2111421,CHEMBL140,IC50,6.9,nM,8.16,ChEMBL
Curcumin,APP,CHEMBL2487,CHEMBL140,Ki,0.208,nM,9.68,ChEMBL
Curcumin,APPI,CHEMBL2487,CHEMBL140,Ki,0.208,nM,9.68,ChEMBL
Curcumin,"ARACHIDONATE 12-LIPOXYGENASE, LEUKOCYTE-TYPE",CHEMBL2903,CHEMBL140,IC50,1200.0,nM,5.92,ChEMBL
Curcumin,ARACHIDONATE 15-LIPOXYGENASE,CHEMBL2903,CHEMBL140,IC50,1200.0,nM,5.92,ChEMBL
Curcumin,ARACHIDONATE 15-LIPOXYGENASE B,CHEMBL2457,CHEMBL140,Potency,7943.3,nM,,ChEMBL
Curcumin,ARACHIDONATE 15-LIPOXYGENASE TYPE II,CHEMBL2457,CHEMBL140,Potency,7943.3,nM,,ChEMBL
Curcumin,ARACHIDONATE 5-LIPOXYGENASE,CHEMBL215,CHEMBL140,IC50,8000.0,nM,5.1,ChEMBL
Curcumin,ARACHIDONATE OMEGA-6 LIPOXYGENASE,CHEMBL2903,CHEMBL140,IC50,1200.0,nM,5.92,ChEMBL
Curcumin,ARNT-INTERACTING PROTEIN,CHEMBL4261,CHEMBL140,Potency,6309.6,nM,5.2,ChEMBL
Curcumin,ASP 2,CHEMBL4822,CHEMBL140,IC50,5700.0,nM,5.24,ChEMBL
Curcumin,ASP2,CHEMBL4822,CHEMBL140,IC50,5700.0,nM,5.24,ChEMBL
Curcumin,ASPARTYL PROTEASE 2,CHEMBL4822,CHEMBL140,IC50,5700.0,nM,5.24,ChEMBL
Curcumin,ATP-BINDING CASSETTE SUB-FAMILY B MEMBER 1,CHEMBL4302,CHEMBL140,IC50,1000.0,nM,,ChEMBL
Curcumin,ATP-BINDING CASSETTE SUB-FAMILY G MEMBER 2,CHEMBL5393,CHEMBL140,IC50,1630.0,nM,5.79,ChEMBL
Curcumin,ATP-DEPENDENT TRANSLOCASE ABCB1,CHEMBL4302,CHEMBL140,IC50,1000.0,nM,,ChEMBL
Curcumin,ATP2A1,CHEMBL4693,CHEMBL140,Ki,5800.0,nM,5.24,ChEMBL
Curcumin,ATP2A2,CHEMBL3901,CHEMBL140,IC50,7000.0,nM,5.16,ChEMBL
Curcumin,ATP2A3,CHEMBL2401,CHEMBL140,Ki,8600.0,nM,5.07,ChEMBL
Curcumin,ATPASE,CHEMBL4693,CHEMBL140,Ki,5800.0,nM,5.24,ChEMBL
Curcumin,B16-F10,CHEMBL612656,CHEMBL140,IC50,10000.0,nM,5.0,ChEMBL
Curcumin,BACE1,CHEMBL4822,CHEMBL140,IC50,5700.0,nM,5.24,ChEMBL
Curcumin,BASIC-HELIX-LOOP-HELIX-PAS PROTEIN MOP1,CHEMBL4261,CHEMBL140,Potency,6309.6,nM,5.2,ChEMBL
Curcumin,BCHE,CHEMBL1914,CHEMBL140,IC50,5000.0,nM,,ChEMBL
Curcumin,BETA,CHEMBL3669,CHEMBL140,IC50,66.0,nM,7.18,ChEMBL
Curcumin,BETA-2 ADRENERGIC RECEPTOR,CHEMBL210,CHEMBL140,Potency,6513.1,nM,,ChEMBL
Curcumin,BETA-2 ADRENOCEPTOR,CHEMBL210,CHEMBL140,Potency,6513.1,nM,,ChEMBL
Curcumin,BETA-2 ADRENORECEPTOR,CHEMBL210,CHEMBL140,Potency,6513.1,nM,,ChEMBL
Curcumin,BETA-5,CHEMBL4662,CHEMBL140,IC50,10000.0,nM,5.0,ChEMBL
Curcumin,BETA-APP40,CHEMBL2487,CHEMBL140,Ki,0.208,nM,9.68,ChEMBL
Curcumin,BETA-APP42,CHEMBL2487,CHEMBL140,Ki,0.208,nM,9.68,ChEMBL
Curcumin,BETA-CTF,CHEMBL2487,CHEMBL140,Ki,0.208,nM,9.68,ChEMBL
Curcumin,BETA-LACTAMASE,CHEMBL1293246,CHEMBL140,IC50,7751.0,nM,5.11,ChEMBL
Curcumin,BETA-SECRETASE 1,CHEMBL4822,CHEMBL140,IC50,5700.0,nM,5.24,ChEMBL
Curcumin,BETA-SECRETASE C-TERMINAL FRAGMENT,CHEMBL2487,CHEMBL140,Ki,0.208,nM,9.68,ChEMBL
Curcumin,BETA-SITE AMYLOID PRECURSOR PROTEIN CLEAVING ENZYME 1,CHEMBL4822,CHEMBL140,IC50,5700.0,nM,5.24,ChEMBL
Curcumin,BETA-SITE APP CLEAVING ENZYME 1,CHEMBL4822,CHEMBL140,IC50,5700.0,nM,5.24,ChEMBL
Curcumin,BHLHE78,CHEMBL4261,CHEMBL140,Potency,6309.6,nM,5.2,ChEMBL
Curcumin,BLA(TEM-2),CHEMBL1293246,CHEMBL140,IC50,7751.0,nM,5.11,ChEMBL
Curcumin,BONE MARROW CELL,CHEMBL4296515,CHEMBL140,IC50,7500.0,nM,5.12,ChEMBL
Curcumin,BRAF35-HDAC COMPLEX PROTEIN BHC110,CHEMBL6136,CHEMBL140,IC50,9600.0,nM,5.02,ChEMBL
Curcumin,BRCA1,CHEMBL5990,CHEMBL140,Potency,5011.9,nM,5.3,ChEMBL
Curcumin,BREAST,CHEMBL5990,CHEMBL140,Potency,5011.9,nM,5.3,ChEMBL
Curcumin,BREAST CANCER RESISTANCE PROTEIN,CHEMBL5393,CHEMBL140,IC50,1630.0,nM,5.79,ChEMBL
Curcumin,BREAST CANCER TYPE 1 SUSCEPTIBILITY PROTEIN,CHEMBL5990,CHEMBL140,Potency,5011.9,nM,5.3,ChEMBL
Curcumin,BROAD,CHEMBL5393,CHEMBL140,IC50,1630.0,nM,5.79,ChEMBL
Curcumin,BROAD SUBSTRATE SPECIFICITY ATP-BINDING CASSETTE TRANSPORTER ABCG2,CHEMBL5393,CHEMBL140,IC50,1630.0,nM,5.79,ChEMBL
Curcumin,BUTYRYLCHOLINE ESTERASE,CHEMBL1914,CHEMBL140,IC50,5000.0,nM,,ChEMBL
Curcumin,BV-2,CHEMBL614781,CHEMBL140,IC50,3100.0,nM,5.51,ChEMBL
Curcumin,BXPC-3,CHEMBL614530,CHEMBL140,IC50,2900.0,nM,5.54,ChEMBL
Curcumin,C-TERMINAL CLEAVAGE PRODUCT OF 180 KDA,CHEMBL2093861,CHEMBL140,Potency,3981.1,nM,5.4,ChEMBL
Curcumin,C31,CHEMBL2487,CHEMBL140,Ki,0.208,nM,9.68,ChEMBL
Curcumin,C80,CHEMBL2487,CHEMBL140,Ki,0.208,nM,9.68,ChEMBL
Curcumin,C83,CHEMBL2487,CHEMBL140,Ki,0.208,nM,9.68,ChEMBL
Curcumin,C99,CHEMBL2487,CHEMBL140,Ki,0.208,nM,9.68,ChEMBL
Curcumin,CA-I,CHEMBL261,CHEMBL140,Ki,2410.0,nM,5.62,ChEMBL
Curcumin,CA-II,CHEMBL205,CHEMBL140,Ki,380.0,nM,6.42,ChEMBL
Curcumin,CA-IV,CHEMBL3729,CHEMBL140,Ki,4970.0,nM,5.3,ChEMBL
Curcumin,CA-IX,CHEMBL3594,CHEMBL140,Ki,4050.0,nM,5.39,ChEMBL
Curcumin,CA-VB,CHEMBL3969,CHEMBL140,Ki,9460.0,nM,5.02,ChEMBL
Curcumin,CA-VI,CHEMBL3025,CHEMBL140,Ki,9940.0,nM,5.0,ChEMBL
Curcumin,CA-VII,CHEMBL2326,CHEMBL140,Ki,9300.0,nM,5.03,ChEMBL
Curcumin,CA-XII,CHEMBL3242,CHEMBL140,Ki,3480.0,nM,5.46,ChEMBL
Curcumin,CA-XIII,CHEMBL3912,CHEMBL140,Ki,6850.0,nM,5.16,ChEMBL
Curcumin,CA-XV,CHEMBL5973,CHEMBL140,Ki,5090.0,nM,5.29,ChEMBL
Curcumin,CA1,CHEMBL261,CHEMBL140,Ki,2410.0,nM,5.62,ChEMBL
Curcumin,CA12,CHEMBL3242,CHEMBL140,Ki,3480.0,nM,5.46,ChEMBL
Curcumin,CA13,CHEMBL3912,CHEMBL140,Ki,6850.0,nM,5.16,ChEMBL
Curcumin,CA15,CHEMBL5973,CHEMBL140,Ki,5090.0,nM,5.29,ChEMBL
Curcumin,CA2,CHEMBL205,CHEMBL140,Ki,380.0,nM,6.42,ChEMBL
Curcumin,CA4,CHEMBL3729,CHEMBL140,Ki,4970.0,nM,5.3,ChEMBL
Curcumin,CA5B,CHEMBL3969,CHEMBL140,Ki,9460.0,nM,5.02,ChEMBL
Curcumin,CA6,CHEMBL3025,CHEMBL140,Ki,9940.0,nM,5.0,ChEMBL
Curcumin,CA7,CHEMBL2326,CHEMBL140,Ki,9300.0,nM,5.03,ChEMBL
Curcumin,CA9,CHEMBL3594,CHEMBL140,Ki,4050.0,nM,5.39,ChEMBL
Curcumin,CAB,CHEMBL261,CHEMBL140,Ki,2410.0,nM,5.62,ChEMBL
Curcumin,CAC,CHEMBL205,CHEMBL140,Ki,380.0,nM,6.42,ChEMBL
Curcumin,CAIX,CHEMBL3594,CHEMBL140,Ki,4050.0,nM,5.39,ChEMBL
Curcumin,CALCIUM,CHEMBL4693,CHEMBL140,Ki,5800.0,nM,5.24,ChEMBL
Curcumin,CALCIUM PUMP 1,CHEMBL4693,CHEMBL140,Ki,5800.0,nM,5.24,ChEMBL
Curcumin,CALCIUM PUMP 2,CHEMBL3901,CHEMBL140,IC50,7000.0,nM,5.16,ChEMBL
Curcumin,CALCIUM PUMP 3,CHEMBL2401,CHEMBL140,Ki,8600.0,nM,5.07,ChEMBL
Curcumin,"CALCIUM-TRANSPORTING ATPASE SARCOPLASMIC RETICULUM TYPE, FAST TWITCH SKELETAL MUSCLE ISOFORM",CHEMBL4693,CHEMBL140,Ki,5800.0,nM,5.24,ChEMBL
Curcumin,"CALCIUM-TRANSPORTING ATPASE SARCOPLASMIC RETICULUM TYPE, SLOW TWITCH SKELETAL MUSCLE ISOFORM",CHEMBL3901,CHEMBL140,IC50,7000.0,nM,5.16,ChEMBL
Curcumin,CANCER,CHEMBL5990,CHEMBL140,Potency,5011.9,nM,5.3,ChEMBL
Curcumin,CARBONATE DEHYDRATASE I,CHEMBL261,CHEMBL140,Ki,2410.0,nM,5.62,ChEMBL
Curcumin,CARBONATE DEHYDRATASE II,CHEMBL205,CHEMBL140,Ki,380.0,nM,6.42,ChEMBL
Curcumin,CARBONATE DEHYDRATASE IV,CHEMBL3729,CHEMBL140,Ki,4970.0,nM,5.3,ChEMBL
Curcumin,CARBONATE DEHYDRATASE IX,CHEMBL3594,CHEMBL140,Ki,4050.0,nM,5.39,ChEMBL
Curcumin,CARBONATE DEHYDRATASE VB,CHEMBL3969,CHEMBL140,Ki,9460.0,nM,5.02,ChEMBL
Curcumin,CARBONATE DEHYDRATASE VI,CHEMBL3025,CHEMBL140,Ki,9940.0,nM,5.0,ChEMBL
Curcumin,CARBONATE DEHYDRATASE VII,CHEMBL2326,CHEMBL140,Ki,9300.0,nM,5.03,ChEMBL
Curcumin,CARBONATE DEHYDRATASE XII,CHEMBL3242,CHEMBL140,Ki,3480.0,nM,5.46,ChEMBL
Curcumin,CARBONATE DEHYDRATASE XIII,CHEMBL3912,CHEMBL140,Ki,6850.0,nM,5.16,ChEMBL
Curcumin,CARBONATE DEHYDRATASE XV,CHEMBL5973,CHEMBL140,Ki,5090.0,nM,5.29,ChEMBL
Curcumin,CARBONIC,CHEMBL205,CHEMBL140,Ki,380.0,nM,6.42,ChEMBL
Curcumin,CARBONIC ANHYDRASE 1,CHEMBL261,CHEMBL140,Ki,2410.0,nM,5.62,ChEMBL
Curcumin,CARBONIC ANHYDRASE 12,CHEMBL3242,CHEMBL140,Ki,3480.0,nM,5.46,ChEMBL
Curcumin,CARBONIC ANHYDRASE 13,CHEMBL3912,CHEMBL140,Ki,6850.0,nM,5.16,ChEMBL
Curcumin,CARBONIC ANHYDRASE 15,CHEMBL5973,CHEMBL140,Ki,5090.0,nM,5.29,ChEMBL
Curcumin,CARBONIC ANHYDRASE 2,CHEMBL205,CHEMBL140,Ki,380.0,nM,6.42,ChEMBL
Curcumin,CARBONIC ANHYDRASE 4,CHEMBL3729,CHEMBL140,Ki,4970.0,nM,5.3,ChEMBL
Curcumin,"CARBONIC ANHYDRASE 5B, MITOCHONDRIAL",CHEMBL3969,CHEMBL140,Ki,9460.0,nM,5.02,ChEMBL
Curcumin,CARBONIC ANHYDRASE 6,CHEMBL3025,CHEMBL140,Ki,9940.0,nM,5.0,ChEMBL
Curcumin,CARBONIC ANHYDRASE 7,CHEMBL2326,CHEMBL140,Ki,9300.0,nM,5.03,ChEMBL
Curcumin,CARBONIC ANHYDRASE 9,CHEMBL3594,CHEMBL140,Ki,4050.0,nM,5.39,ChEMBL
Curcumin,CARBONIC ANHYDRASE B,CHEMBL261,CHEMBL140,Ki,2410.0,nM,5.62,ChEMBL
Curcumin,CARBONIC ANHYDRASE C,CHEMBL205,CHEMBL140,Ki,380.0,nM,6.42,ChEMBL
Curcumin,CARBONIC ANHYDRASE I,CHEMBL261,CHEMBL140,Ki,2410.0,nM,5.62,ChEMBL
Curcumin,CARBONIC ANHYDRASE II,CHEMBL205,CHEMBL140,Ki,380.0,nM,6.42,ChEMBL
Curcumin,CARBONIC ANHYDRASE IV,CHEMBL3729,CHEMBL140,Ki,4970.0,nM,5.3,ChEMBL
Curcumin,CARBONIC ANHYDRASE IX,CHEMBL3594,CHEMBL140,Ki,4050.0,nM,5.39,ChEMBL
Curcumin,CARBONIC ANHYDRASE VB,CHEMBL3969,CHEMBL140,Ki,9460.0,nM,5.02,ChEMBL
Curcumin,CARBONIC ANHYDRASE VI,CHEMBL3025,CHEMBL140,Ki,9940.0,nM,5.0,ChEMBL
Curcumin,CARBONIC ANHYDRASE VII,CHEMBL2326,CHEMBL140,Ki,9300.0,nM,5.03,ChEMBL
Curcumin,CARBONIC ANHYDRASE XII,CHEMBL3242,CHEMBL140,Ki,3480.0,nM,5.46,ChEMBL
Curcumin,CARBONIC ANHYDRASE XIII,CHEMBL3912,CHEMBL140,Ki,6850.0,nM,5.16,ChEMBL
Curcumin,CARBONIC ANHYDRASE XV,CHEMBL5973,CHEMBL140,Ki,5090.0,nM,5.29,ChEMBL
Curcumin,CASEIN,CHEMBL4937,CHEMBL140,IC50,10000.0,nM,,ChEMBL
Curcumin,CASEIN KINASE I ISOFORM EPSILON,CHEMBL4937,CHEMBL140,IC50,10000.0,nM,,ChEMBL
Curcumin,CASSETTE,CHEMBL5393,CHEMBL140,IC50,1630.0,nM,5.79,ChEMBL
Curcumin,CATALYTIC,CHEMBL4523128,CHEMBL140,IC50,1000.0,nM,,ChEMBL
Curcumin,CCRF-CEM,CHEMBL382,CHEMBL140,IC50,8700.0,nM,5.06,ChEMBL
Curcumin,CDC-LIKE KINASE 1,CHEMBL4224,CHEMBL140,IC50,4921.0,nM,5.31,ChEMBL
Curcumin,CDC-LIKE KINASE 2,CHEMBL4225,CHEMBL140,IC50,10000.0,nM,,ChEMBL
Curcumin,CDC-LIKE KINASE 3,CHEMBL4226,CHEMBL140,IC50,10000.0,nM,,ChEMBL
Curcumin,CDC-LIKE KINASE 4,CHEMBL4203,CHEMBL140,IC50,9749.0,nM,5.01,ChEMBL
Curcumin,CDGSH,CHEMBL1795168,CHEMBL140,IC50,2360.0,nM,5.63,ChEMBL
Curcumin,CDGSH IRON-SULFUR DOMAIN-CONTAINING PROTEIN 1,CHEMBL1795168,CHEMBL140,IC50,2360.0,nM,5.63,ChEMBL
Curcumin,CDK5,CHEMBL1907600,CHEMBL140,IC50,10000.0,nM,,ChEMBL
Curcumin,CDK5 ACTIVATOR 1,CHEMBL1907600,CHEMBL140,IC50,10000.0,nM,,ChEMBL
Curcumin,CDK5R1,CHEMBL1907600,CHEMBL140,IC50,10000.0,nM,,ChEMBL
Curcumin,CDW338,CHEMBL5393,CHEMBL140,IC50,1630.0,nM,5.79,ChEMBL
Curcumin,CD_ANTIGEN=CD13,CHEMBL1907,CHEMBL140,IC50,10000.0,nM,5.0,ChEMBL
Curcumin,CD_ANTIGEN=CD142,CHEMBL4081,CHEMBL140,IC50,199.63,nM,6.7,ChEMBL
Curcumin,CD_ANTIGEN=CD243,CHEMBL4302,CHEMBL140,IC50,1000.0,nM,,ChEMBL
Curcumin,CD_ANTIGEN=CD284,CHEMBL1795167,CHEMBL140,IC50,6000.0,nM,5.22,ChEMBL
Curcumin,CD_ANTIGEN=CD289,CHEMBL5804,CHEMBL140,IC50,8362.0,nM,5.08,ChEMBL
Curcumin,CD_ANTIGEN=CD338,CHEMBL5393,CHEMBL140,IC50,1630.0,nM,5.79,ChEMBL
Curcumin,CELL DIVISION PROTEIN KINASE 5,CHEMBL1907600,CHEMBL140,IC50,10000.0,nM,,ChEMBL
Curcumin,CELLULAR ONCOGENE FOS,CHEMBL2111421,CHEMBL140,IC50,6.9,nM,8.16,ChEMBL
Curcumin,CEREBRAL VASCULAR AMYLOID PEPTIDE,CHEMBL2487,CHEMBL140,Ki,0.208,nM,9.68,ChEMBL
Curcumin,CHAIN,CHEMBL1293254,CHEMBL140,Potency,7079.5,nM,5.15,ChEMBL
Curcumin,CHANNEL,CHEMBL1075183,CHEMBL140,IC50,930.0,nM,6.03,ChEMBL
Curcumin,CHAPERONIN 10,CHEMBL4106131,CHEMBL140,IC50,8300.0,nM,5.08,ChEMBL
Curcumin,CHAPERONIN 60,CHEMBL4106131,CHEMBL140,IC50,8300.0,nM,5.08,ChEMBL
Curcumin,CHAPERONIN GROEL,CHEMBL4106139,CHEMBL140,IC50,2900.0,nM,5.54,ChEMBL
Curcumin,CHAPERONIN-10,CHEMBL4106139,CHEMBL140,IC50,2900.0,nM,5.54,ChEMBL
Curcumin,CHAPERONIN-60,CHEMBL4106139,CHEMBL140,IC50,2900.0,nM,5.54,ChEMBL
Curcumin,CHOLESTEROL 25-HYDROXYLASE,CHEMBL3397,CHEMBL140,IC50,4300.0,nM,5.37,ChEMBL
Curcumin,CHOLINE ESTERASE II,CHEMBL1914,CHEMBL140,IC50,5000.0,nM,,ChEMBL
Curcumin,CHOLINESTERASE,CHEMBL1914,CHEMBL140,IC50,5000.0,nM,,ChEMBL
Curcumin,CISD1,CHEMBL1795168,CHEMBL140,IC50,2360.0,nM,5.63,ChEMBL
Curcumin,CKI-EPSILON,CHEMBL4937,CHEMBL140,IC50,10000.0,nM,,ChEMBL
Curcumin,CKIE,CHEMBL4937,CHEMBL140,IC50,10000.0,nM,,ChEMBL
Curcumin,CLASS E BASIC HELIX-LOOP-HELIX PROTEIN 78,CHEMBL4261,CHEMBL140,Potency,6309.6,nM,5.2,ChEMBL
Curcumin,CLK1,CHEMBL4224,CHEMBL140,IC50,4921.0,nM,5.31,ChEMBL
Curcumin,CLK2,CHEMBL4225,CHEMBL140,IC50,10000.0,nM,,ChEMBL
Curcumin,CLK3,CHEMBL4226,CHEMBL140,IC50,10000.0,nM,,ChEMBL
Curcumin,CLK4,CHEMBL4203,CHEMBL140,IC50,9749.0,nM,5.01,ChEMBL
Curcumin,CO-CHAPERONIN GROES,CHEMBL4106139,CHEMBL140,IC50,2900.0,nM,5.54,ChEMBL
Curcumin,COAGULATION FACTOR III,CHEMBL4081,CHEMBL140,IC50,199.63,nM,6.7,ChEMBL
Curcumin,CORTICOSTEROID 11-BETA-DEHYDROGENASE ISOZYME 1,CHEMBL2391,CHEMBL140,IC50,4125.0,nM,5.38,ChEMBL
Curcumin,COX-1,CHEMBL2096674,CHEMBL140,IC50,2000.0,nM,5.7,ChEMBL
Curcumin,COX-2,CHEMBL2096674,CHEMBL140,IC50,2000.0,nM,5.7,ChEMBL
Curcumin,COXSACKIEVIRUS B4,CHEMBL612320,CHEMBL140,EC50,10.0,nM,,ChEMBL
Curcumin,CPG DNA METHYLASE,CHEMBL4373,CHEMBL140,IC50,30.0,nM,7.52,ChEMBL
Curcumin,CPN10,CHEMBL4106139,CHEMBL140,IC50,2900.0,nM,5.54,ChEMBL
Curcumin,CPN60,CHEMBL4106139,CHEMBL140,IC50,2900.0,nM,5.54,ChEMBL
Curcumin,CSNK1E,CHEMBL4937,CHEMBL140,IC50,10000.0,nM,,ChEMBL
Curcumin,CT26,CHEMBL613866,CHEMBL140,IC50,7700.0,nM,5.11,ChEMBL
Curcumin,CVAP,CHEMBL2487,CHEMBL140,Ki,0.208,nM,9.68,ChEMBL
Curcumin,CXXC-TYPE ZINC FINGER PROTEIN 7,CHEMBL2093861,CHEMBL140,Potency,3981.1,nM,5.4,ChEMBL
Curcumin,CXXC-TYPE ZINC FINGER PROTEIN 9,CHEMBL1993,CHEMBL140,IC50,1000.0,nM,,ChEMBL
Curcumin,CYANAMIDE HYDRATASE CA1,CHEMBL261,CHEMBL140,Ki,2410.0,nM,5.62,ChEMBL
Curcumin,CYANAMIDE HYDRATASE CA2,CHEMBL205,CHEMBL140,Ki,380.0,nM,6.42,ChEMBL
Curcumin,CYCLIN-DEPENDENT KINASE 5,CHEMBL1907600,CHEMBL140,IC50,10000.0,nM,,ChEMBL
Curcumin,CYCLIN-DEPENDENT KINASE 5 ACTIVATOR 1,CHEMBL1907600,CHEMBL140,IC50,10000.0,nM,,ChEMBL
Curcumin,"CYCLIN-DEPENDENT KINASE 5 ACTIVATOR 1, P25",CHEMBL1907600,CHEMBL140,IC50,10000.0,nM,,ChEMBL
Curcumin,"CYCLIN-DEPENDENT KINASE 5 ACTIVATOR 1, P35",CHEMBL1907600,CHEMBL140,IC50,10000.0,nM,,ChEMBL
Curcumin,CYCLIN-DEPENDENT KINASE 5 REGULATORY SUBUNIT 1,CHEMBL1907600,CHEMBL140,IC50,10000.0,nM,,ChEMBL
Curcumin,CYCLIN-DEPENDENT-LIKE KINASE 5,CHEMBL1907600,CHEMBL140,IC50,10000.0,nM,,ChEMBL
Curcumin,CYCLOOXYGENASE-1,CHEMBL2096674,CHEMBL140,IC50,2000.0,nM,5.7,ChEMBL
Curcumin,CYCLOOXYGENASE-2,CHEMBL2096674,CHEMBL140,IC50,2000.0,nM,5.7,ChEMBL
Curcumin,CYP2C9,CHEMBL3397,CHEMBL140,IC50,4300.0,nM,5.37,ChEMBL
Curcumin,CYPIIC9,CHEMBL3397,CHEMBL140,IC50,4300.0,nM,5.37,ChEMBL
Curcumin,CYSTEINE,CHEMBL4188,CHEMBL140,IC50,7750.0,nM,5.11,ChEMBL
Curcumin,CYSTEINE METHYLTRANSFERASE KMT2A,CHEMBL2093861,CHEMBL140,Potency,3981.1,nM,5.4,ChEMBL
Curcumin,CYSTEINE PROTEASE,CHEMBL4188,CHEMBL140,IC50,7750.0,nM,5.11,ChEMBL
Curcumin,CYSTEINE TRANSAMINASE CISD1,CHEMBL1795168,CHEMBL140,IC50,2360.0,nM,5.63,ChEMBL
Curcumin,CYTOCHROME,CHEMBL3397,CHEMBL140,IC50,4300.0,nM,5.37,ChEMBL
Curcumin,CYTOCHROME P-450MP,CHEMBL3397,CHEMBL140,IC50,4300.0,nM,5.37,ChEMBL
Curcumin,CYTOCHROME P450 2C9,CHEMBL3397,CHEMBL140,IC50,4300.0,nM,5.37,ChEMBL
Curcumin,CYTOCHROME P450 MP-4,CHEMBL3397,CHEMBL140,IC50,4300.0,nM,5.37,ChEMBL
Curcumin,CYTOCHROME P450 MP-8,CHEMBL3397,CHEMBL140,IC50,4300.0,nM,5.37,ChEMBL
Curcumin,CYTOCHROME P450 PB-1,CHEMBL3397,CHEMBL140,IC50,4300.0,nM,5.37,ChEMBL
Curcumin,CYTOSINE-SPECIFIC METHYLTRANSFERASE SSSI,CHEMBL4373,CHEMBL140,IC50,30.0,nM,7.52,ChEMBL
Curcumin,D-AMINO-ACID OXIDASE,CHEMBL6172,CHEMBL140,IC50,1070.0,nM,5.97,ChEMBL
Curcumin,DAAO,CHEMBL6172,CHEMBL140,IC50,1070.0,nM,5.97,ChEMBL
Curcumin,DAMOX,CHEMBL6172,CHEMBL140,IC50,1070.0,nM,5.97,ChEMBL
Curcumin,DAO,CHEMBL6172,CHEMBL140,IC50,1070.0,nM,5.97,ChEMBL
Curcumin,DEHYDROGENASE,CHEMBL2789,CHEMBL140,IC50,1730.0,nM,5.76,ChEMBL
Curcumin,DEMETHYLASE,CHEMBL6136,CHEMBL140,IC50,9600.0,nM,5.02,ChEMBL
Curcumin,DENGUE VIRUS TYPE 2,CHEMBL613966,CHEMBL140,IC50,4200.0,nM,5.38,ChEMBL
Curcumin,DEUBIQUITINATING ENZYME 1,CHEMBL1795087,CHEMBL140,Potency,2511.9,nM,,ChEMBL
Curcumin,DEUBIQUITINATING ENZYME 2,CHEMBL1293227,CHEMBL140,Potency,10000.0,nM,5.0,ChEMBL
Curcumin,DLD-1,CHEMBL614285,CHEMBL140,IC50,10000.0,nM,5.0,ChEMBL
Curcumin,DNA,CHEMBL1993,CHEMBL140,IC50,1000.0,nM,,ChEMBL
Curcumin,DNA (CYTOSINE-5)-METHYLTRANSFERASE 1,CHEMBL1993,CHEMBL140,IC50,1000.0,nM,,ChEMBL
Curcumin,DNA METHYLTRANSFERASE HSAI,CHEMBL1993,CHEMBL140,IC50,1000.0,nM,,ChEMBL
Curcumin,DNA MTASE HSAI,CHEMBL1993,CHEMBL140,IC50,1000.0,nM,,ChEMBL
Curcumin,DNA-BINDING FACTOR KBF1,CHEMBL2094258,CHEMBL140,IC50,8000.0,nM,5.1,ChEMBL
Curcumin,DNA-BINDING FACTOR KBF2,CHEMBL2094258,CHEMBL140,IC50,8000.0,nM,5.1,ChEMBL
Curcumin,DNMT1,CHEMBL1993,CHEMBL140,IC50,1000.0,nM,,ChEMBL
Curcumin,DU-145,CHEMBL613508,CHEMBL140,IC50,300.0,nM,6.52,ChEMBL
Curcumin,DUAL,CHEMBL4376,CHEMBL140,IC50,2.5,nM,8.6,ChEMBL
Curcumin,DUAL SPECIFICITY PROTEIN KINASE CLK1,CHEMBL4224,CHEMBL140,IC50,4921.0,nM,5.31,ChEMBL
Curcumin,DUAL SPECIFICITY PROTEIN KINASE CLK2,CHEMBL4225,CHEMBL140,IC50,10000.0,nM,,ChEMBL
Curcumin,DUAL SPECIFICITY PROTEIN KINASE CLK3,CHEMBL4226,CHEMBL140,IC50,10000.0,nM,,ChEMBL
Curcumin,DUAL SPECIFICITY PROTEIN KINASE CLK4,CHEMBL4203,CHEMBL140,IC50,9749.0,nM,5.01,ChEMBL
Curcumin,DUAL SPECIFICITY TYROSINE-PHOSPHORYLATION-REGULATED KINASE 1A,CHEMBL2292,CHEMBL140,IC50,300.0,nM,6.52,ChEMBL
Curcumin,DUAL SPECIFICITY TYROSINE-PHOSPHORYLATION-REGULATED KINASE 1B,CHEMBL5543,CHEMBL140,IC50,147.7,nM,6.83,ChEMBL
Curcumin,DUAL SPECIFICITY TYROSINE-PHOSPHORYLATION-REGULATED KINASE 2,CHEMBL4376,CHEMBL140,IC50,2.5,nM,8.6,ChEMBL
Curcumin,DUAL SPECIFICITY TYROSINE-PHOSPHORYLATION-REGULATED KINASE 3,CHEMBL4575,CHEMBL140,IC50,4264.0,nM,5.37,ChEMBL
Curcumin,DUAL SPECIFICITY TYROSINE-PHOSPHORYLATION-REGULATED KINASE 4,CHEMBL1075115,CHEMBL140,IC50,10000.0,nM,,ChEMBL
Curcumin,DUAL SPECIFICITY YAK1-RELATED KINASE,CHEMBL2292,CHEMBL140,IC50,300.0,nM,6.52,ChEMBL
Curcumin,DYRK1A,CHEMBL2292,CHEMBL140,IC50,300.0,nM,6.52,ChEMBL
Curcumin,DYRK1B,CHEMBL5543,CHEMBL140,IC50,147.7,nM,6.83,ChEMBL
Curcumin,DYRK2,CHEMBL4376,CHEMBL140,IC50,2.5,nM,8.6,ChEMBL
Curcumin,DYRK3,CHEMBL4575,CHEMBL140,IC50,4264.0,nM,5.37,ChEMBL
Curcumin,DYRK4,CHEMBL1075115,CHEMBL140,IC50,10000.0,nM,,ChEMBL
Curcumin,E1A-ASSOCIATED PROTEIN P300,CHEMBL3784,CHEMBL140,IC50,6500.0,nM,5.19,ChEMBL
Curcumin,E2DH,CHEMBL2789,CHEMBL140,IC50,1730.0,nM,5.76,ChEMBL
Curcumin,E3 UBIQUITIN-PROTEIN LIGASE HDAC6,CHEMBL2093865,CHEMBL140,Ki,539.0,nM,6.27,ChEMBL
Curcumin,EAG HOMOLOG,CHEMBL240,CHEMBL140,Potency,3162.3,nM,,ChEMBL
Curcumin,EAG-RELATED PROTEIN 1,CHEMBL240,CHEMBL140,Potency,3162.3,nM,,ChEMBL
Curcumin,EARLY-PREGNANCY FACTOR,CHEMBL4106131,CHEMBL140,IC50,8300.0,nM,5.08,ChEMBL
Curcumin,EBP-1,CHEMBL2094258,CHEMBL140,IC50,8000.0,nM,5.1,ChEMBL
Curcumin,EGFR,CHEMBL203,CHEMBL140,IC50,8600.0,nM,5.07,ChEMBL
Curcumin,ENDOPLASMIC RETICULUM CLASS 1/2 CA(2+) ATPASE,CHEMBL4693,CHEMBL140,Ki,5800.0,nM,5.24,ChEMBL
Curcumin,ENDOPLASMIC RETICULUM-ASSOCIATED AMYLOID BETA-PEPTIDE-BINDING PROTEIN,CHEMBL4159,CHEMBL140,Potency,3981.1,nM,5.4,ChEMBL
Curcumin,EP300,CHEMBL3784,CHEMBL140,IC50,6500.0,nM,5.19,ChEMBL
Curcumin,EPF,CHEMBL4106131,CHEMBL140,IC50,8300.0,nM,5.08,ChEMBL
Curcumin,EPIDERMAL,CHEMBL203,CHEMBL140,IC50,8600.0,nM,5.07,ChEMBL
Curcumin,EPIDERMAL GROWTH FACTOR RECEPTOR,CHEMBL203,CHEMBL140,IC50,8600.0,nM,5.07,ChEMBL
Curcumin,EPSILON,CHEMBL3582,CHEMBL140,EC50,8810.0,nM,5.05,ChEMBL
Curcumin,ERG-1,CHEMBL240,CHEMBL140,Potency,3162.3,nM,,ChEMBL
Curcumin,ERK-2,CHEMBL4040,CHEMBL140,Potency,10000.0,nM,5.0,ChEMBL
Curcumin,ERT1,CHEMBL4040,CHEMBL140,Potency,10000.0,nM,5.0,ChEMBL
Curcumin,ERYTHROID,CHEMBL1075094,CHEMBL140,EC50,9900.0,nM,5.0,ChEMBL
Curcumin,ESTRADIOL 17-BETA-DEHYDROGENASE 2,CHEMBL2789,CHEMBL140,IC50,1730.0,nM,5.76,ChEMBL
Curcumin,ETHER-A-GO-GO-RELATED GENE POTASSIUM CHANNEL 1,CHEMBL240,CHEMBL140,Potency,3162.3,nM,,ChEMBL
Curcumin,ETHER-A-GO-GO-RELATED PROTEIN 1,CHEMBL240,CHEMBL140,Potency,3162.3,nM,,ChEMBL
Curcumin,EXTRACELLULAR SIGNAL-REGULATED KINASE 2,CHEMBL4040,CHEMBL140,Potency,10000.0,nM,5.0,ChEMBL
Curcumin,F3,CHEMBL4081,CHEMBL140,IC50,199.63,nM,6.7,ChEMBL
Curcumin,FACTOR,CHEMBL4372,CHEMBL140,Potency,79.4,nM,7.1,ChEMBL
Curcumin,FACTOR A,CHEMBL3669,CHEMBL140,IC50,66.0,nM,7.18,ChEMBL
Curcumin,FAMILY,CHEMBL1900,CHEMBL140,IC50,7300.0,nM,5.14,ChEMBL
Curcumin,FATTY,CHEMBL2903,CHEMBL140,IC50,1200.0,nM,5.92,ChEMBL
Curcumin,FELID ALPHAHERPESVIRUS 1,CHEMBL612743,CHEMBL140,EC50,271.0,nM,,ChEMBL
Curcumin,FELINE CORONAVIRUS,CHEMBL612744,CHEMBL140,EC50,271.0,nM,,ChEMBL
Curcumin,FERRITIN,CHEMBL1293254,CHEMBL140,Potency,7079.5,nM,5.15,ChEMBL
Curcumin,FERRITIN L SUBUNIT,CHEMBL1293254,CHEMBL140,Potency,7079.5,nM,5.15,ChEMBL
Curcumin,FERRITIN LIGHT CHAIN,CHEMBL1293254,CHEMBL140,Potency,7079.5,nM,5.15,ChEMBL
Curcumin,FLAVIN-CONTAINING AMINE OXIDASE DOMAIN-CONTAINING PROTEIN 2,CHEMBL6136,CHEMBL140,IC50,9600.0,nM,5.02,ChEMBL
Curcumin,FOS,CHEMBL2111421,CHEMBL140,IC50,6.9,nM,8.16,ChEMBL
Curcumin,"FOS PROTO-ONCOGENE, AP-1 TRANSCRIPTION FACTOR SUBUNIT",CHEMBL2111421,CHEMBL140,IC50,6.9,nM,8.16,ChEMBL
Curcumin,FTL,CHEMBL1293254,CHEMBL140,Potency,7079.5,nM,5.15,ChEMBL
Curcumin,G-PROTEIN COUPLED RECEPTOR 154,CHEMBL5162,CHEMBL140,Potency,316.2,nM,6.5,ChEMBL
Curcumin,G-PROTEIN COUPLED RECEPTOR FOR ASTHMA SUSCEPTIBILITY,CHEMBL5162,CHEMBL140,Potency,316.2,nM,6.5,ChEMBL
Curcumin,G-PROTEIN COUPLED RECEPTOR PGR14,CHEMBL5162,CHEMBL140,Potency,316.2,nM,6.5,ChEMBL
Curcumin,G0/G1 SWITCH REGULATORY PROTEIN 7,CHEMBL2111421,CHEMBL140,IC50,6.9,nM,8.16,ChEMBL
Curcumin,GAMMA-CTF(50),CHEMBL2487,CHEMBL140,Ki,0.208,nM,9.68,ChEMBL
Curcumin,GAMMA-CTF(57),CHEMBL2487,CHEMBL140,Ki,0.208,nM,9.68,ChEMBL
Curcumin,GAMMA-CTF(59),CHEMBL2487,CHEMBL140,Ki,0.208,nM,9.68,ChEMBL
Curcumin,GAMMA-SECRETASE C-TERMINAL FRAGMENT 50,CHEMBL2487,CHEMBL140,Ki,0.208,nM,9.68,ChEMBL
Curcumin,GAMMA-SECRETASE C-TERMINAL FRAGMENT 57,CHEMBL2487,CHEMBL140,Ki,0.208,nM,9.68,ChEMBL
Curcumin,GAMMA-SECRETASE C-TERMINAL FRAGMENT 59,CHEMBL2487,CHEMBL140,Ki,0.208,nM,9.68,ChEMBL
Curcumin,GELATINASE B,CHEMBL321,CHEMBL140,IC50,8500.0,nM,5.07,ChEMBL
Curcumin,GELB,CHEMBL321,CHEMBL140,IC50,8500.0,nM,5.07,ChEMBL
Curcumin,GEMININ,CHEMBL1293278,CHEMBL140,Potency,3264.3,nM,,ChEMBL
Curcumin,GLO1,CHEMBL2424,CHEMBL140,Ki,10000.0,nM,5.0,ChEMBL
Curcumin,GLUTATHIONE,CHEMBL4589,CHEMBL140,IC50,1810.0,nM,5.74,ChEMBL
Curcumin,GLUTATHIONE PEROXIDASE PTGES,CHEMBL5658,CHEMBL140,IC50,600.0,nM,6.22,ChEMBL
Curcumin,GLUTATHIONE S-TRANSFERASE MU 2,CHEMBL4589,CHEMBL140,IC50,1810.0,nM,5.74,ChEMBL
Curcumin,GLUTATHIONE TRANSFERASE PTGES,CHEMBL5658,CHEMBL140,IC50,600.0,nM,6.22,ChEMBL
Curcumin,GLX I,CHEMBL2424,CHEMBL140,Ki,10000.0,nM,5.0,ChEMBL
Curcumin,GLYCOGEN,CHEMBL3669,CHEMBL140,IC50,66.0,nM,7.18,ChEMBL
Curcumin,GLYCOGEN SYNTHASE KINASE-3 BETA,CHEMBL3669,CHEMBL140,IC50,66.0,nM,7.18,ChEMBL
Curcumin,GLYOXALASE I,CHEMBL2424,CHEMBL140,Ki,10000.0,nM,5.0,ChEMBL
Curcumin,GMNN,CHEMBL1293278,CHEMBL140,Potency,3264.3,nM,,ChEMBL
Curcumin,GP150,CHEMBL1907,CHEMBL140,IC50,10000.0,nM,5.0,ChEMBL
Curcumin,GROL,CHEMBL4106139,CHEMBL140,IC50,2900.0,nM,5.54,ChEMBL
Curcumin,GROS,CHEMBL4106139,CHEMBL140,IC50,2900.0,nM,5.54,ChEMBL
Curcumin,GROWTH,CHEMBL203,CHEMBL140,IC50,8600.0,nM,5.07,ChEMBL
Curcumin,GSK-3 BETA,CHEMBL3669,CHEMBL140,IC50,66.0,nM,7.18,ChEMBL
Curcumin,GSK3B,CHEMBL3669,CHEMBL140,IC50,66.0,nM,7.18,ChEMBL
Curcumin,GST CLASS-MU 2,CHEMBL4589,CHEMBL140,IC50,1810.0,nM,5.74,ChEMBL
Curcumin,GSTM2,CHEMBL4589,CHEMBL140,IC50,1810.0,nM,5.74,ChEMBL
Curcumin,GSTM2-2,CHEMBL4589,CHEMBL140,IC50,1810.0,nM,5.74,ChEMBL
Curcumin,H-ERG,CHEMBL240,CHEMBL140,Potency,3162.3,nM,,ChEMBL
Curcumin,H2TF1,CHEMBL2094258,CHEMBL140,IC50,8000.0,nM,5.1,ChEMBL
Curcumin,HAPN,CHEMBL1907,CHEMBL140,IC50,10000.0,nM,5.0,ChEMBL
Curcumin,HAT1,CHEMBL4523128,CHEMBL140,IC50,1000.0,nM,,ChEMBL
Curcumin,HCT-116,CHEMBL394,CHEMBL140,IC50,4000.0,nM,5.4,ChEMBL
Curcumin,HD PROTEIN,CHEMBL5514,CHEMBL140,Potency,3548.1,nM,5.45,ChEMBL
Curcumin,HD1,CHEMBL2093865,CHEMBL140,Ki,539.0,nM,6.27,ChEMBL
Curcumin,HD10,CHEMBL2093865,CHEMBL140,Ki,539.0,nM,6.27,ChEMBL
Curcumin,HD11,CHEMBL2093865,CHEMBL140,Ki,539.0,nM,6.27,ChEMBL
Curcumin,HD2,CHEMBL2093865,CHEMBL140,Ki,539.0,nM,6.27,ChEMBL
Curcumin,HD3,CHEMBL2093865,CHEMBL140,Ki,539.0,nM,6.27,ChEMBL
Curcumin,HD4,CHEMBL2093865,CHEMBL140,Ki,539.0,nM,6.27,ChEMBL
Curcumin,HD5,CHEMBL2093865,CHEMBL140,Ki,539.0,nM,6.27,ChEMBL
Curcumin,HD7,CHEMBL2093865,CHEMBL140,Ki,539.0,nM,6.27,ChEMBL
Curcumin,HD7A,CHEMBL2093865,CHEMBL140,Ki,539.0,nM,6.27,ChEMBL
Curcumin,HD7B,CHEMBL2093865,CHEMBL140,Ki,539.0,nM,6.27,ChEMBL
Curcumin,HD8,CHEMBL2093865,CHEMBL140,Ki,539.0,nM,6.27,ChEMBL
Curcumin,HD9,CHEMBL2093865,CHEMBL140,Ki,539.0,nM,6.27,ChEMBL
Curcumin,HDAC1,CHEMBL2093865,CHEMBL140,Ki,539.0,nM,6.27,ChEMBL
Curcumin,HDAC10,CHEMBL2093865,CHEMBL140,Ki,539.0,nM,6.27,ChEMBL
Curcumin,HDAC11,CHEMBL2093865,CHEMBL140,Ki,539.0,nM,6.27,ChEMBL
Curcumin,HDAC2,CHEMBL2093865,CHEMBL140,Ki,539.0,nM,6.27,ChEMBL
Curcumin,HDAC3,CHEMBL2093865,CHEMBL140,Ki,539.0,nM,6.27,ChEMBL
Curcumin,HDAC4,CHEMBL2093865,CHEMBL140,Ki,539.0,nM,6.27,ChEMBL
Curcumin,HDAC5,CHEMBL2093865,CHEMBL140,Ki,539.0,nM,6.27,ChEMBL
Curcumin,HDAC6,CHEMBL2093865,CHEMBL140,Ki,539.0,nM,6.27,ChEMBL
Curcumin,HDAC7,CHEMBL2093865,CHEMBL140,Ki,539.0,nM,6.27,ChEMBL
Curcumin,HDAC8,CHEMBL2093865,CHEMBL140,Ki,539.0,nM,6.27,ChEMBL
Curcumin,HDAC9,CHEMBL2093865,CHEMBL140,Ki,539.0,nM,6.27,ChEMBL
Curcumin,HEAT SHOCK PROTEIN 60,CHEMBL4106131,CHEMBL140,IC50,8300.0,nM,5.08,ChEMBL
Curcumin,HEAT SHOCK PROTEIN FAMILY D MEMBER 1,CHEMBL4106131,CHEMBL140,IC50,8300.0,nM,5.08,ChEMBL
Curcumin,HEAT SHOCK PROTEIN FAMILY E MEMBER 1,CHEMBL4106131,CHEMBL140,IC50,8300.0,nM,5.08,ChEMBL
Curcumin,HELA,CHEMBL399,CHEMBL140,IC50,8200.0,nM,5.09,ChEMBL
Curcumin,HEP 3B2,CHEMBL4296437,CHEMBL140,IC50,10000.0,nM,5.0,ChEMBL
Curcumin,HEP-NOS,CHEMBL4481,CHEMBL140,IC50,6000.0,nM,5.22,ChEMBL
Curcumin,HEPATOCYTE NOS,CHEMBL4481,CHEMBL140,IC50,6000.0,nM,5.22,ChEMBL
Curcumin,HEPG2,CHEMBL395,CHEMBL140,IC50,4430.0,nM,5.35,ChEMBL
Curcumin,HEPOXILIN A3 SYNTHASE ALOX15,CHEMBL2903,CHEMBL140,IC50,1200.0,nM,5.92,ChEMBL
Curcumin,HERG-1,CHEMBL240,CHEMBL140,Potency,3162.3,nM,,ChEMBL
Curcumin,HERG1,CHEMBL240,CHEMBL140,Potency,3162.3,nM,,ChEMBL
Curcumin,HIF-1-ALPHA,CHEMBL4261,CHEMBL140,Potency,6309.6,nM,5.2,ChEMBL
Curcumin,HIF1-ALPHA,CHEMBL4261,CHEMBL140,Potency,6309.6,nM,5.2,ChEMBL
Curcumin,HIF1A,CHEMBL4261,CHEMBL140,Potency,6309.6,nM,5.2,ChEMBL
Curcumin,HISTONE,CHEMBL3784,CHEMBL140,IC50,6500.0,nM,5.19,ChEMBL
Curcumin,HISTONE ACETYLTRANSFERASE 1,CHEMBL4523128,CHEMBL140,IC50,1000.0,nM,,ChEMBL
Curcumin,HISTONE ACETYLTRANSFERASE P300,CHEMBL3784,CHEMBL140,IC50,6500.0,nM,5.19,ChEMBL
Curcumin,HISTONE ACETYLTRANSFERASE TYPE B CATALYTIC SUBUNIT,CHEMBL4523128,CHEMBL140,IC50,1000.0,nM,,ChEMBL
Curcumin,HISTONE BUTYRYLTRANSFERASE P300,CHEMBL3784,CHEMBL140,IC50,6500.0,nM,5.19,ChEMBL
Curcumin,HISTONE CROTONYLTRANSFERASE P300,CHEMBL3784,CHEMBL140,IC50,6500.0,nM,5.19,ChEMBL
Curcumin,HISTONE DEACETYLASE 1,CHEMBL2093865,CHEMBL140,Ki,539.0,nM,6.27,ChEMBL
Curcumin,HISTONE DEACETYLASE 10,CHEMBL2093865,CHEMBL140,Ki,539.0,nM,6.27,ChEMBL
Curcumin,HISTONE DEACETYLASE 11,CHEMBL2093865,CHEMBL140,Ki,539.0,nM,6.27,ChEMBL
Curcumin,HISTONE DEACETYLASE 2,CHEMBL2093865,CHEMBL140,Ki,539.0,nM,6.27,ChEMBL
Curcumin,HISTONE DEACETYLASE 3,CHEMBL2093865,CHEMBL140,Ki,539.0,nM,6.27,ChEMBL
Curcumin,HISTONE DEACETYLASE 4,CHEMBL2093865,CHEMBL140,Ki,539.0,nM,6.27,ChEMBL
Curcumin,HISTONE DEACETYLASE 5,CHEMBL2093865,CHEMBL140,Ki,539.0,nM,6.27,ChEMBL
Curcumin,HISTONE DEACETYLASE 7,CHEMBL2093865,CHEMBL140,Ki,539.0,nM,6.27,ChEMBL
Curcumin,HISTONE DEACETYLASE 7A,CHEMBL2093865,CHEMBL140,Ki,539.0,nM,6.27,ChEMBL
Curcumin,HISTONE DEACETYLASE 7B,CHEMBL2093865,CHEMBL140,Ki,539.0,nM,6.27,ChEMBL
Curcumin,HISTONE DEACETYLASE 8,CHEMBL2093865,CHEMBL140,Ki,539.0,nM,6.27,ChEMBL
Curcumin,HISTONE DEACETYLASE 9,CHEMBL2093865,CHEMBL140,Ki,539.0,nM,6.27,ChEMBL
Curcumin,HISTONE DEACETYLASE-RELATED PROTEIN,CHEMBL2093865,CHEMBL140,Ki,539.0,nM,6.27,ChEMBL
Curcumin,HISTONE METHACRYLTRANSFERASE HAT1,CHEMBL4523128,CHEMBL140,IC50,1000.0,nM,,ChEMBL
Curcumin,HISTONE-LYSINE N-METHYLTRANSFERASE 2A,CHEMBL2093861,CHEMBL140,Potency,3981.1,nM,5.4,ChEMBL
Curcumin,HL-60,CHEMBL383,CHEMBL140,IC50,6300.0,nM,5.2,ChEMBL
Curcumin,HMNB,CHEMBL2292,CHEMBL140,IC50,300.0,nM,6.52,ChEMBL
Curcumin,HP86,CHEMBL2292,CHEMBL140,IC50,300.0,nM,6.52,ChEMBL
Curcumin,HSC-2,CHEMBL1075468,CHEMBL140,IC50,7800.0,nM,5.11,ChEMBL
Curcumin,HSC-4,CHEMBL1075469,CHEMBL140,IC50,7100.0,nM,5.15,ChEMBL
Curcumin,HSD11B1,CHEMBL2391,CHEMBL140,IC50,4125.0,nM,5.38,ChEMBL
Curcumin,HSD17B10,CHEMBL4159,CHEMBL140,Potency,3981.1,nM,5.4,ChEMBL
Curcumin,HSD17B2,CHEMBL2789,CHEMBL140,IC50,1730.0,nM,5.76,ChEMBL
Curcumin,HSD17B3,CHEMBL1075158,CHEMBL140,IC50,9000.0,nM,5.05,ChEMBL
Curcumin,HSP-60,CHEMBL4106131,CHEMBL140,IC50,8300.0,nM,5.08,ChEMBL
Curcumin,HSP10,CHEMBL4106131,CHEMBL140,IC50,8300.0,nM,5.08,ChEMBL
Curcumin,HSP60,CHEMBL4106131,CHEMBL140,IC50,8300.0,nM,5.08,ChEMBL
Curcumin,HSPD1,CHEMBL4106131,CHEMBL140,IC50,8300.0,nM,5.08,ChEMBL
Curcumin,HSPE1,CHEMBL4106131,CHEMBL140,IC50,8300.0,nM,5.08,ChEMBL
Curcumin,HT-1080,CHEMBL614580,CHEMBL140,IC50,10000.0,nM,5.0,ChEMBL
Curcumin,HTT,CHEMBL5514,CHEMBL140,Potency,3548.1,nM,5.45,ChEMBL
Curcumin,HUBP,CHEMBL1795087,CHEMBL140,Potency,2511.9,nM,,ChEMBL
Curcumin,HUCHA60,CHEMBL4106131,CHEMBL140,IC50,8300.0,nM,5.08,ChEMBL
Curcumin,HUMAN ALPHAHERPESVIRUS 1,CHEMBL377,CHEMBL140,EC50,10.0,nM,8.0,ChEMBL
Curcumin,HUMAN ALPHAHERPESVIRUS 2,CHEMBL370,CHEMBL140,EC50,10.0,nM,8.0,ChEMBL
Curcumin,HUMAN GAMMAHERPESVIRUS 4,CHEMBL613124,CHEMBL140,IC50,10.2,nM,7.99,ChEMBL
Curcumin,HUMAN IMMUNODEFICIENCY VIRUS 1,CHEMBL378,CHEMBL140,IC50,37.0,nM,7.43,ChEMBL
Curcumin,HUMAN IMMUNODEFICIENCY VIRUS 2,CHEMBL380,CHEMBL140,IC50,37.0,nM,7.43,ChEMBL
Curcumin,HUMAN RESPIROVIRUS 3,CHEMBL613126,CHEMBL140,EC50,10.0,nM,,ChEMBL
Curcumin,HUNTINGTIN,CHEMBL5514,CHEMBL140,Potency,3548.1,nM,5.45,ChEMBL
Curcumin,"HUNTINGTIN, MYRISTOYLATED N-TERMINAL FRAGMENT",CHEMBL5514,CHEMBL140,Potency,3548.1,nM,5.45,ChEMBL
Curcumin,HUNTINGTON DISEASE PROTEIN,CHEMBL5514,CHEMBL140,Potency,3548.1,nM,5.45,ChEMBL
Curcumin,HYDROLASE,CHEMBL1293227,CHEMBL140,Potency,10000.0,nM,5.0,ChEMBL
Curcumin,HYPOXIA-INDUCIBLE FACTOR 1-ALPHA,CHEMBL4261,CHEMBL140,Potency,6309.6,nM,5.2,ChEMBL
Curcumin,IAP,CHEMBL5573,CHEMBL140,IC50,7410.0,nM,5.13,ChEMBL
Curcumin,IMPORTIN SUBUNIT BETA-1,CHEMBL3885594,CHEMBL140,Potency,5011.9,nM,,ChEMBL
Curcumin,IMPORTIN-90,CHEMBL3885594,CHEMBL140,Potency,5011.9,nM,,ChEMBL
Curcumin,INDUCIBLE,CHEMBL3464,CHEMBL140,IC50,800.0,nM,6.1,ChEMBL
Curcumin,INDUCIBLE NO SYNTHASE,CHEMBL3464,CHEMBL140,IC50,800.0,nM,6.1,ChEMBL
Curcumin,INDUCIBLE NOS,CHEMBL3464,CHEMBL140,IC50,800.0,nM,6.1,ChEMBL
Curcumin,INFLUENZA A VIRUS,CHEMBL613740,CHEMBL140,IC50,6700.0,nM,5.17,ChEMBL
Curcumin,INFLUENZA B VIRUS,CHEMBL613129,CHEMBL140,EC50,470.0,nM,6.33,ChEMBL
Curcumin,INOS,CHEMBL3464,CHEMBL140,IC50,800.0,nM,6.1,ChEMBL
Curcumin,INTESTINAL ALKALINE PHOSPHATASE,CHEMBL5573,CHEMBL140,IC50,7410.0,nM,5.13,ChEMBL
Curcumin,INTESTINAL-TYPE ALKALINE PHOSPHATASE,CHEMBL5573,CHEMBL140,IC50,7410.0,nM,5.13,ChEMBL
Curcumin,INWARDLY,CHEMBL240,CHEMBL140,Potency,3162.3,nM,,ChEMBL
Curcumin,ISOFORM,CHEMBL4937,CHEMBL140,IC50,10000.0,nM,,ChEMBL
Curcumin,J774.A1,CHEMBL614040,CHEMBL140,IC50,5600.0,nM,5.25,ChEMBL
Curcumin,JUN,CHEMBL2111421,CHEMBL140,IC50,6.9,nM,8.16,ChEMBL
Curcumin,JURKAT,CHEMBL397,CHEMBL140,IC50,4290.0,nM,5.37,ChEMBL
Curcumin,K562,CHEMBL385,CHEMBL140,IC50,6810.0,nM,5.17,ChEMBL
Curcumin,KARYOPHERIN SUBUNIT BETA-1,CHEMBL3885594,CHEMBL140,Potency,5011.9,nM,,ChEMBL
Curcumin,KCNH2,CHEMBL240,CHEMBL140,Potency,3162.3,nM,,ChEMBL
Curcumin,KCNK2,CHEMBL1075183,CHEMBL140,IC50,930.0,nM,6.03,ChEMBL
Curcumin,KDM1A,CHEMBL6136,CHEMBL140,IC50,9600.0,nM,5.02,ChEMBL
Curcumin,KETONE-ALDEHYDE MUTASE,CHEMBL2424,CHEMBL140,Ki,10000.0,nM,5.0,ChEMBL
Curcumin,KINASE,CHEMBL4376,CHEMBL140,IC50,2.5,nM,8.6,ChEMBL
Curcumin,KMT2A,CHEMBL2093861,CHEMBL140,Potency,3981.1,nM,5.4,ChEMBL
Curcumin,KPNB1,CHEMBL3885594,CHEMBL140,Potency,5011.9,nM,,ChEMBL
Curcumin,L02,CHEMBL4296457,CHEMBL140,IC50,7200.0,nM,5.14,ChEMBL
Curcumin,L1210,CHEMBL386,CHEMBL140,IC50,9000.0,nM,5.05,ChEMBL
Curcumin,LACTOYLGLUTATHIONE LYASE,CHEMBL2424,CHEMBL140,Ki,10000.0,nM,5.0,ChEMBL
Curcumin,LAMIN-A/C,CHEMBL1293235,CHEMBL140,Potency,1778.3,nM,5.75,ChEMBL
Curcumin,LB24-AB,CHEMBL1973,CHEMBL140,IC50,5000.0,nM,5.3,ChEMBL
Curcumin,LEF,CHEMBL4372,CHEMBL140,Potency,79.4,nM,7.1,ChEMBL
Curcumin,LETHAL,CHEMBL4372,CHEMBL140,Potency,79.4,nM,7.1,ChEMBL
Curcumin,LETHAL FACTOR,CHEMBL4372,CHEMBL140,Potency,79.4,nM,7.1,ChEMBL
Curcumin,LIGHT,CHEMBL1293254,CHEMBL140,Potency,7079.5,nM,5.15,ChEMBL
Curcumin,LINOLEATE 13-LIPOXYGENASE 15-LOB,CHEMBL2457,CHEMBL140,Potency,7943.3,nM,,ChEMBL
Curcumin,LINOLEATE 13S-LIPOXYGENASE,CHEMBL2903,CHEMBL140,IC50,1200.0,nM,5.92,ChEMBL
Curcumin,LIPID DROPLET-ASSOCIATED PROTEIN,CHEMBL3883313,CHEMBL140,IC50,9167.0,nM,5.04,ChEMBL
Curcumin,LIPID DROPLET-BINDING PROTEIN CGI-58,CHEMBL3883313,CHEMBL140,IC50,9167.0,nM,5.04,ChEMBL
Curcumin,LIPOXYGENASE,CHEMBL2903,CHEMBL140,IC50,1200.0,nM,5.92,ChEMBL
Curcumin,LMNA,CHEMBL1293235,CHEMBL140,Potency,1778.3,nM,5.75,ChEMBL
Curcumin,LNCAP,CHEMBL612518,CHEMBL140,IC50,3800.0,nM,5.42,ChEMBL
Curcumin,LOVO,CHEMBL614721,CHEMBL140,IC50,10000.0,nM,5.0,ChEMBL
Curcumin,LS174T,CHEMBL614097,CHEMBL140,IC50,6500.0,nM,5.19,ChEMBL
Curcumin,LYASE,CHEMBL2424,CHEMBL140,Ki,10000.0,nM,5.0,ChEMBL
Curcumin,LYMPHOCYTE TRANSLOCATION CHROMOSOME 10 PROTEIN,CHEMBL2094258,CHEMBL140,IC50,8000.0,nM,5.1,ChEMBL
Curcumin,LYSINE N-METHYLTRANSFERASE 2A,CHEMBL2093861,CHEMBL140,Potency,3981.1,nM,5.4,ChEMBL
Curcumin,LYSINE-SPECIFIC HISTONE DEMETHYLASE 1A,CHEMBL6136,CHEMBL140,IC50,9600.0,nM,5.02,ChEMBL
Curcumin,LYT10,CHEMBL2094258,CHEMBL140,IC50,8000.0,nM,5.1,ChEMBL
Curcumin,M.HSAI,CHEMBL1993,CHEMBL140,IC50,1000.0,nM,,ChEMBL
Curcumin,M.SSSI,CHEMBL4373,CHEMBL140,IC50,30.0,nM,7.52,ChEMBL
Curcumin,MAC-NOS,CHEMBL3464,CHEMBL140,IC50,800.0,nM,6.1,ChEMBL
Curcumin,MACROPAIN EPSILON CHAIN,CHEMBL4662,CHEMBL140,IC50,10000.0,nM,5.0,ChEMBL
Curcumin,MACROPHAGE NOS,CHEMBL3464,CHEMBL140,IC50,800.0,nM,6.1,ChEMBL
Curcumin,MAMMALIAN ORTHOREOVIRUS 1,CHEMBL612927,CHEMBL140,EC50,10.0,nM,,ChEMBL
Curcumin,MAO-A,CHEMBL1951,CHEMBL140,Ki,710.0,nM,6.15,ChEMBL
Curcumin,MAO-B,CHEMBL2039,CHEMBL140,IC50,2560.0,nM,5.59,ChEMBL
Curcumin,MAOA,CHEMBL1951,CHEMBL140,Ki,710.0,nM,6.15,ChEMBL
Curcumin,MAOB,CHEMBL2039,CHEMBL140,IC50,2560.0,nM,5.59,ChEMBL
Curcumin,MAP KINASE 1,CHEMBL4040,CHEMBL140,Potency,10000.0,nM,5.0,ChEMBL
Curcumin,MAP KINASE 2,CHEMBL4040,CHEMBL140,Potency,10000.0,nM,5.0,ChEMBL
Curcumin,MAP KINASE ISOFORM P42,CHEMBL4040,CHEMBL140,Potency,10000.0,nM,5.0,ChEMBL
Curcumin,MAPK 1,CHEMBL4040,CHEMBL140,Potency,10000.0,nM,5.0,ChEMBL
Curcumin,MAPK 2,CHEMBL4040,CHEMBL140,Potency,10000.0,nM,5.0,ChEMBL
Curcumin,MAPK1,CHEMBL4040,CHEMBL140,Potency,10000.0,nM,5.0,ChEMBL
Curcumin,MAPT,CHEMBL1293224,CHEMBL140,Potency,3548.1,nM,5.45,ChEMBL
Curcumin,MATRIX,CHEMBL321,CHEMBL140,IC50,8500.0,nM,5.07,ChEMBL
Curcumin,MATRIX METALLOPROTEINASE-9,CHEMBL321,CHEMBL140,IC50,8500.0,nM,5.07,ChEMBL
Curcumin,MCF7,CHEMBL387,CHEMBL140,IC50,5580.0,nM,5.25,ChEMBL
Curcumin,MCMT,CHEMBL1993,CHEMBL140,IC50,1000.0,nM,,ChEMBL
Curcumin,MDA-MB-231,CHEMBL400,CHEMBL140,EC50,7600.0,nM,5.12,ChEMBL
Curcumin,MDA-MB-468,CHEMBL614335,CHEMBL140,EC50,9700.0,nM,5.01,ChEMBL
Curcumin,MEF2-INTERACTING TRANSCRIPTION REPRESSOR MITR,CHEMBL2093865,CHEMBL140,Ki,539.0,nM,6.27,ChEMBL
Curcumin,MEMAPSIN-2,CHEMBL4822,CHEMBL140,IC50,5700.0,nM,5.24,ChEMBL
Curcumin,MEMBER,CHEMBL1075183,CHEMBL140,IC50,930.0,nM,6.03,ChEMBL
Curcumin,MEMBER OF PAS PROTEIN 1,CHEMBL4261,CHEMBL140,Potency,6309.6,nM,5.2,ChEMBL
Curcumin,MEMBRANE ANTIGEN MN,CHEMBL3594,CHEMBL140,Ki,4050.0,nM,5.39,ChEMBL
Curcumin,MEMBRANE-ASSOCIATED ASPARTIC PROTEASE 2,CHEMBL4822,CHEMBL140,IC50,5700.0,nM,5.24,ChEMBL
Curcumin,MEN1,CHEMBL2093861,CHEMBL140,Potency,3981.1,nM,5.4,ChEMBL
Curcumin,MENIN,CHEMBL2093861,CHEMBL140,Potency,3981.1,nM,5.4,ChEMBL
Curcumin,METHYLGLYOXALASE,CHEMBL2424,CHEMBL140,Ki,10000.0,nM,5.0,ChEMBL
Curcumin,MGST1-L1,CHEMBL5658,CHEMBL140,IC50,600.0,nM,6.22,ChEMBL
Curcumin,MHBD,CHEMBL4159,CHEMBL140,Potency,3981.1,nM,5.4,ChEMBL
Curcumin,MIA PACA-2,CHEMBL614725,CHEMBL140,IC50,9000.0,nM,5.05,ChEMBL
Curcumin,MICROSOMAL 17-BETA-HYDROXYSTEROID DEHYDROGENASE,CHEMBL2789,CHEMBL140,IC50,1730.0,nM,5.76,ChEMBL
Curcumin,MICROSOMAL AMINOPEPTIDASE,CHEMBL1907,CHEMBL140,IC50,10000.0,nM,5.0,ChEMBL
Curcumin,MICROSOMAL GLUTATHIONE S-TRANSFERASE 1-LIKE 1,CHEMBL5658,CHEMBL140,IC50,600.0,nM,6.22,ChEMBL
Curcumin,MICROSOMAL PROSTAGLANDIN E SYNTHASE 1,CHEMBL5658,CHEMBL140,IC50,600.0,nM,6.22,ChEMBL
Curcumin,MICROTUBULE-ASSOCIATED PROTEIN TAU,CHEMBL1293224,CHEMBL140,Potency,3548.1,nM,5.45,ChEMBL
Curcumin,MINIBRAIN-RELATED KINASE,CHEMBL5543,CHEMBL140,IC50,147.7,nM,6.83,ChEMBL
Curcumin,MIRK PROTEIN KINASE,CHEMBL5543,CHEMBL140,IC50,147.7,nM,6.83,ChEMBL
Curcumin,MITOCHONDRIAL,CHEMBL3969,CHEMBL140,Ki,9460.0,nM,5.02,ChEMBL
Curcumin,MITOCHONDRIAL MATRIX PROTEIN P1,CHEMBL4106131,CHEMBL140,IC50,8300.0,nM,5.08,ChEMBL
Curcumin,MITOCHONDRIAL RIBONUCLEASE P PROTEIN 2,CHEMBL4159,CHEMBL140,Potency,3981.1,nM,5.4,ChEMBL
Curcumin,MITOCHONDRIAL RNASE P PROTEIN 2,CHEMBL4159,CHEMBL140,Potency,3981.1,nM,5.4,ChEMBL
Curcumin,MITOGEN-ACTIVATED PROTEIN KINASE 1,CHEMBL4040,CHEMBL140,Potency,10000.0,nM,5.0,ChEMBL
Curcumin,MITOGEN-ACTIVATED PROTEIN KINASE 2,CHEMBL4040,CHEMBL140,Potency,10000.0,nM,5.0,ChEMBL
Curcumin,MITONEET,CHEMBL1795168,CHEMBL140,IC50,2360.0,nM,5.63,ChEMBL
Curcumin,MITOXANTRONE RESISTANCE-ASSOCIATED PROTEIN,CHEMBL5393,CHEMBL140,IC50,1630.0,nM,5.79,ChEMBL
Curcumin,MLL CLEAVAGE PRODUCT C180,CHEMBL2093861,CHEMBL140,Potency,3981.1,nM,5.4,ChEMBL
Curcumin,MLL CLEAVAGE PRODUCT N320,CHEMBL2093861,CHEMBL140,Potency,3981.1,nM,5.4,ChEMBL
Curcumin,MMP-9,CHEMBL321,CHEMBL140,IC50,8500.0,nM,5.07,ChEMBL
Curcumin,MMP9,CHEMBL321,CHEMBL140,IC50,8500.0,nM,5.07,ChEMBL
Curcumin,MNBH,CHEMBL2292,CHEMBL140,IC50,300.0,nM,6.52,ChEMBL
Curcumin,MOLECULAR IDENTITY UNKNOWN,CHEMBL612546,CHEMBL140,EC50,7480.0,nM,5.13,ChEMBL
Curcumin,MONOAMINE OXIDASE TYPE A,CHEMBL1951,CHEMBL140,Ki,710.0,nM,6.15,ChEMBL
Curcumin,MONOAMINE OXIDASE TYPE B,CHEMBL2039,CHEMBL140,IC50,2560.0,nM,5.59,ChEMBL
Curcumin,MONOCYTE,CHEMBL614076,CHEMBL140,IC50,1200.0,nM,5.92,ChEMBL
Curcumin,MONOPHENOL MONOOXYGENASE,CHEMBL1973,CHEMBL140,IC50,5000.0,nM,5.3,ChEMBL
Curcumin,MPGES-1,CHEMBL5658,CHEMBL140,IC50,600.0,nM,6.22,ChEMBL
Curcumin,MU,CHEMBL4589,CHEMBL140,IC50,1810.0,nM,5.74,ChEMBL
Curcumin,MULTICATALYTIC ENDOPEPTIDASE COMPLEX EPSILON CHAIN,CHEMBL4662,CHEMBL140,IC50,10000.0,nM,5.0,ChEMBL
Curcumin,MULTIDRUG RESISTANCE PROTEIN 1,CHEMBL4302,CHEMBL140,IC50,1000.0,nM,,ChEMBL
Curcumin,MYELOID PLASMA MEMBRANE GLYCOPROTEIN CD13,CHEMBL1907,CHEMBL140,IC50,10000.0,nM,5.0,ChEMBL
Curcumin,MYELOID/LYMPHOID OR MIXED-LINEAGE LEUKEMIA,CHEMBL2093861,CHEMBL140,Potency,3981.1,nM,5.4,ChEMBL
Curcumin,MYELOID/LYMPHOID OR MIXED-LINEAGE LEUKEMIA PROTEIN 1,CHEMBL2093861,CHEMBL140,Potency,3981.1,nM,5.4,ChEMBL
Curcumin,N-APP,CHEMBL2487,CHEMBL140,Ki,0.208,nM,9.68,ChEMBL
Curcumin,N-TERMINAL CLEAVAGE PRODUCT OF 320 KDA,CHEMBL2093861,CHEMBL140,Potency,3981.1,nM,5.4,ChEMBL
Curcumin,NA,CHEMBL3559643,CHEMBL140,IC50,10000.0,nM,5.0,ChEMBL
Curcumin,NACP,CHEMBL6152,CHEMBL140,IC50,220.0,nM,6.66,ChEMBL
Curcumin,NCI-H1975,CHEMBL614348,CHEMBL140,IC50,1400.0,nM,5.85,ChEMBL
Curcumin,NCI-H460,CHEMBL396,CHEMBL140,IC50,8500.0,nM,5.07,ChEMBL
Curcumin,NEURAMINIDASE,CHEMBL3559643,CHEMBL140,IC50,10000.0,nM,5.0,ChEMBL
Curcumin,NEUROFIBRILLARY TANGLE PROTEIN,CHEMBL1293224,CHEMBL140,Potency,3548.1,nM,5.45,ChEMBL
Curcumin,NEUROPEPTIDE,CHEMBL5162,CHEMBL140,Potency,316.2,nM,6.5,ChEMBL
Curcumin,NEUROPEPTIDE S RECEPTOR,CHEMBL5162,CHEMBL140,Potency,316.2,nM,6.5,ChEMBL
Curcumin,NF-E2-RELATED FACTOR 2,CHEMBL1075094,CHEMBL140,EC50,9900.0,nM,5.0,ChEMBL
Curcumin,NFE2-RELATED FACTOR 2,CHEMBL1075094,CHEMBL140,EC50,9900.0,nM,5.0,ChEMBL
Curcumin,NFE2L2,CHEMBL1075094,CHEMBL140,EC50,9900.0,nM,5.0,ChEMBL
Curcumin,NFKB1,CHEMBL2094258,CHEMBL140,IC50,8000.0,nM,5.1,ChEMBL
Curcumin,NFKB2,CHEMBL2094258,CHEMBL140,IC50,8000.0,nM,5.1,ChEMBL
Curcumin,NIH3T3,CHEMBL614822,CHEMBL140,IC50,9510.0,nM,5.02,ChEMBL
Curcumin,NITRIC,CHEMBL3464,CHEMBL140,IC50,800.0,nM,6.1,ChEMBL
Curcumin,"NITRIC OXIDE SYNTHASE, INDUCIBLE",CHEMBL3464,CHEMBL140,IC50,800.0,nM,6.1,ChEMBL
Curcumin,NO RELEVANT TARGET,CHEMBL2362975,CHEMBL140,IC50,1800.0,nM,5.75,ChEMBL
Curcumin,NON-A BETA COMPONENT OF AD AMYLOID,CHEMBL6152,CHEMBL140,IC50,220.0,nM,6.66,ChEMBL
Curcumin,NON-A4 COMPONENT OF AMYLOID PRECURSOR,CHEMBL6152,CHEMBL140,IC50,220.0,nM,6.66,ChEMBL
Curcumin,NON-PROTEIN TARGET,CHEMBL3879801,CHEMBL140,EC50,10000.0,nM,5.0,ChEMBL
Curcumin,NOS TYPE II,CHEMBL3464,CHEMBL140,IC50,800.0,nM,6.1,ChEMBL
Curcumin,NOS2,CHEMBL3464,CHEMBL140,IC50,800.0,nM,6.1,ChEMBL
Curcumin,NPKC-EPSILON,CHEMBL3582,CHEMBL140,EC50,8810.0,nM,5.05,ChEMBL
Curcumin,NPSR1,CHEMBL5162,CHEMBL140,Potency,316.2,nM,6.5,ChEMBL
Curcumin,NRF-2,CHEMBL1075094,CHEMBL140,EC50,9900.0,nM,5.0,ChEMBL
Curcumin,NUCLEAR,CHEMBL3251,CHEMBL140,IC50,8200.0,nM,5.09,ChEMBL
Curcumin,NUCLEAR FACTOR ERYTHROID 2-RELATED FACTOR 2,CHEMBL1075094,CHEMBL140,EC50,9900.0,nM,5.0,ChEMBL
Curcumin,NUCLEAR FACTOR NF-KAPPA-B P100 SUBUNIT,CHEMBL2094258,CHEMBL140,IC50,8000.0,nM,5.1,ChEMBL
Curcumin,NUCLEAR FACTOR NF-KAPPA-B P105 SUBUNIT,CHEMBL2094258,CHEMBL140,IC50,8000.0,nM,5.1,ChEMBL
Curcumin,NUCLEAR FACTOR NF-KAPPA-B P50 SUBUNIT,CHEMBL2094258,CHEMBL140,IC50,8000.0,nM,5.1,ChEMBL
Curcumin,NUCLEAR FACTOR NF-KAPPA-B P52 SUBUNIT,CHEMBL2094258,CHEMBL140,IC50,8000.0,nM,5.1,ChEMBL
Curcumin,NUCLEAR FACTOR NF-KAPPA-B P65 SUBUNIT,CHEMBL2094258,CHEMBL140,IC50,8000.0,nM,5.1,ChEMBL
Curcumin,NUCLEAR FACTOR OF KAPPA LIGHT POLYPEPTIDE GENE ENHANCER IN B-CELLS 1,CHEMBL2094258,CHEMBL140,IC50,8000.0,nM,5.1,ChEMBL
Curcumin,NUCLEAR FACTOR OF KAPPA LIGHT POLYPEPTIDE GENE ENHANCER IN B-CELLS 2,CHEMBL2094258,CHEMBL140,IC50,8000.0,nM,5.1,ChEMBL
Curcumin,NUCLEAR FACTOR OF KAPPA LIGHT POLYPEPTIDE GENE ENHANCER IN B-CELLS 3,CHEMBL2094258,CHEMBL140,IC50,8000.0,nM,5.1,ChEMBL
Curcumin,NUCLEAR FACTOR P97,CHEMBL3885594,CHEMBL140,Potency,5011.9,nM,,ChEMBL
Curcumin,"NUCLEAR FACTOR, ERYTHROID DERIVED 2, LIKE 2",CHEMBL1075094,CHEMBL140,EC50,9900.0,nM,5.0,ChEMBL
Curcumin,ONCOGENE LYT-10,CHEMBL2094258,CHEMBL140,IC50,8000.0,nM,5.1,ChEMBL
Curcumin,ORPHAN,CHEMBL4373,CHEMBL140,IC50,30.0,nM,7.52,ChEMBL
Curcumin,ORPHAN METHYLTRANSFERASE M.SSSI,CHEMBL4373,CHEMBL140,IC50,30.0,nM,7.52,ChEMBL
Curcumin,OXIDASE,CHEMBL1951,CHEMBL140,Ki,710.0,nM,6.15,ChEMBL
Curcumin,OXIDE,CHEMBL3464,CHEMBL140,IC50,800.0,nM,6.1,ChEMBL
Curcumin,P-GLYCOPROTEIN 1,CHEMBL4302,CHEMBL140,IC50,1000.0,nM,,ChEMBL
Curcumin,P180,CHEMBL2093861,CHEMBL140,Potency,3981.1,nM,5.4,ChEMBL
Curcumin,P23,CHEMBL1907600,CHEMBL140,IC50,10000.0,nM,,ChEMBL
Curcumin,P25,CHEMBL1907600,CHEMBL140,IC50,10000.0,nM,,ChEMBL
Curcumin,P3(40),CHEMBL2487,CHEMBL140,Ki,0.208,nM,9.68,ChEMBL
Curcumin,P3(42),CHEMBL2487,CHEMBL140,Ki,0.208,nM,9.68,ChEMBL
Curcumin,P300 HAT,CHEMBL3784,CHEMBL140,IC50,6500.0,nM,5.19,ChEMBL
Curcumin,P320,CHEMBL2093861,CHEMBL140,Potency,3981.1,nM,5.4,ChEMBL
Curcumin,P35,CHEMBL1907600,CHEMBL140,IC50,10000.0,nM,,ChEMBL
Curcumin,P39,CHEMBL2111421,CHEMBL140,IC50,6.9,nM,8.16,ChEMBL
Curcumin,P42-MAPK,CHEMBL4040,CHEMBL140,Potency,10000.0,nM,5.0,ChEMBL
Curcumin,P53-INDUCED GENE 12 PROTEIN,CHEMBL5658,CHEMBL140,IC50,600.0,nM,6.22,ChEMBL
Curcumin,P54/58N,CHEMBL3594,CHEMBL140,Ki,4050.0,nM,5.39,ChEMBL
Curcumin,P60 LYMPHOCYTE PROTEIN,CHEMBL4106131,CHEMBL140,IC50,8300.0,nM,5.08,ChEMBL
Curcumin,P60-SRC,CHEMBL3074,CHEMBL140,IC50,2200.0,nM,5.66,ChEMBL
Curcumin,PAIRED HELICAL FILAMENT-TAU,CHEMBL1293224,CHEMBL140,Potency,3548.1,nM,5.45,ChEMBL
Curcumin,PAS DOMAIN-CONTAINING PROTEIN 8,CHEMBL4261,CHEMBL140,Potency,6309.6,nM,5.2,ChEMBL
Curcumin,PC-3,CHEMBL390,CHEMBL140,IC50,7700.0,nM,5.11,ChEMBL
Curcumin,PEPTIDYL-CYSTEINE S-NITROSYLASE NOS2,CHEMBL3464,CHEMBL140,IC50,800.0,nM,6.1,ChEMBL
Curcumin,PERILIPIN-1,CHEMBL3883313,CHEMBL140,IC50,9167.0,nM,5.04,ChEMBL
Curcumin,PGH SYNTHASE 1,CHEMBL2096674,CHEMBL140,IC50,2000.0,nM,5.7,ChEMBL
Curcumin,PGH SYNTHASE 2,CHEMBL2096674,CHEMBL140,IC50,2000.0,nM,5.7,ChEMBL
Curcumin,PGHS-1,CHEMBL2096674,CHEMBL140,IC50,2000.0,nM,5.7,ChEMBL
Curcumin,PGHS-2,CHEMBL2096674,CHEMBL140,IC50,2000.0,nM,5.7,ChEMBL
Curcumin,PHF-TAU,CHEMBL1293224,CHEMBL140,Potency,3548.1,nM,5.45,ChEMBL
Curcumin,PHOSPHATASE,CHEMBL5573,CHEMBL140,IC50,7410.0,nM,5.13,ChEMBL
Curcumin,PHOSPHOLIPID TRANSPORTER ABCB1,CHEMBL4302,CHEMBL140,IC50,1000.0,nM,,ChEMBL
Curcumin,PHS 1,CHEMBL2096674,CHEMBL140,IC50,2000.0,nM,5.7,ChEMBL
Curcumin,PHS II,CHEMBL2096674,CHEMBL140,IC50,2000.0,nM,5.7,ChEMBL
Curcumin,PLACENTA-SPECIFIC ATP-BINDING CASSETTE TRANSPORTER,CHEMBL5393,CHEMBL140,IC50,1630.0,nM,5.79,ChEMBL
Curcumin,PLASMODIUM FALCIPARUM,CHEMBL364,CHEMBL140,IC50,3250.0,nM,5.49,ChEMBL
Curcumin,PLIN1,CHEMBL3883313,CHEMBL140,IC50,9167.0,nM,5.04,ChEMBL
Curcumin,PLK-1,CHEMBL3024,CHEMBL140,Potency,1683.4,nM,,ChEMBL
Curcumin,PLK1,CHEMBL3024,CHEMBL140,Potency,1683.4,nM,,ChEMBL
Curcumin,PMW1,CHEMBL3594,CHEMBL140,Ki,4050.0,nM,5.39,ChEMBL
Curcumin,PN-II,CHEMBL2487,CHEMBL140,Ki,0.208,nM,9.68,ChEMBL
Curcumin,POLO-LIKE KINASE 1,CHEMBL3024,CHEMBL140,Potency,1683.4,nM,,ChEMBL
Curcumin,POLYAMINE DEACETYLASE HDAC10,CHEMBL2093865,CHEMBL140,Ki,539.0,nM,6.27,ChEMBL
Curcumin,POLYUNSATURATED,CHEMBL2903,CHEMBL140,IC50,1200.0,nM,5.92,ChEMBL
Curcumin,POLYUNSATURATED FATTY ACID 5-LIPOXYGENASE,CHEMBL215,CHEMBL140,IC50,8000.0,nM,5.1,ChEMBL
Curcumin,POLYUNSATURATED FATTY ACID LIPOXYGENASE ALOX15,CHEMBL2903,CHEMBL140,IC50,1200.0,nM,5.92,ChEMBL
Curcumin,POLYUNSATURATED FATTY ACID LIPOXYGENASE ALOX15B,CHEMBL2457,CHEMBL140,Potency,7943.3,nM,,ChEMBL
Curcumin,PORE TARGETING COMPLEX 97 KDA SUBUNIT,CHEMBL3885594,CHEMBL140,Potency,5011.9,nM,,ChEMBL
Curcumin,POTASSIUM,CHEMBL1075183,CHEMBL140,IC50,930.0,nM,6.03,ChEMBL
Curcumin,POTASSIUM CHANNEL SUBFAMILY K MEMBER 2,CHEMBL1075183,CHEMBL140,IC50,930.0,nM,6.03,ChEMBL
Curcumin,POTASSIUM VOLTAGE-GATED CHANNEL SUBFAMILY H MEMBER 2,CHEMBL240,CHEMBL140,Potency,3162.3,nM,,ChEMBL
Curcumin,PP60C-SRC,CHEMBL3074,CHEMBL140,IC50,2200.0,nM,5.66,ChEMBL
Curcumin,PREA4,CHEMBL2487,CHEMBL140,Ki,0.208,nM,9.68,ChEMBL
Curcumin,PRECURSOR,CHEMBL2487,CHEMBL140,Ki,0.208,nM,9.68,ChEMBL
Curcumin,PRELAMIN-A/C,CHEMBL1293235,CHEMBL140,Potency,1778.3,nM,5.75,ChEMBL
Curcumin,PRKCE,CHEMBL3582,CHEMBL140,EC50,8810.0,nM,5.05,ChEMBL
Curcumin,PROSTAGLANDIN,CHEMBL5658,CHEMBL140,IC50,600.0,nM,6.22,ChEMBL
Curcumin,PROSTAGLANDIN E SYNTHASE,CHEMBL5658,CHEMBL140,IC50,600.0,nM,6.22,ChEMBL
Curcumin,PROSTAGLANDIN G/H SYNTHASE 1,CHEMBL2096674,CHEMBL140,IC50,2000.0,nM,5.7,ChEMBL
Curcumin,PROSTAGLANDIN G/H SYNTHASE 2,CHEMBL2096674,CHEMBL140,IC50,2000.0,nM,5.7,ChEMBL
Curcumin,PROSTAGLANDIN H2 SYNTHASE 1,CHEMBL2096674,CHEMBL140,IC50,2000.0,nM,5.7,ChEMBL
Curcumin,PROSTAGLANDIN H2 SYNTHASE 2,CHEMBL2096674,CHEMBL140,IC50,2000.0,nM,5.7,ChEMBL
Curcumin,PROSTAGLANDIN-ENDOPEROXIDE SYNTHASE 1,CHEMBL2096674,CHEMBL140,IC50,2000.0,nM,5.7,ChEMBL
Curcumin,PROSTAGLANDIN-ENDOPEROXIDE SYNTHASE 2,CHEMBL2096674,CHEMBL140,IC50,2000.0,nM,5.7,ChEMBL
Curcumin,PROTEASE,CHEMBL4188,CHEMBL140,IC50,7750.0,nM,5.11,ChEMBL
Curcumin,PROTEASE NEXIN-II,CHEMBL2487,CHEMBL140,Ki,0.208,nM,9.68,ChEMBL
Curcumin,PROTEASOME,CHEMBL4662,CHEMBL140,IC50,10000.0,nM,5.0,ChEMBL
Curcumin,PROTEASOME CHAIN 6,CHEMBL4662,CHEMBL140,IC50,10000.0,nM,5.0,ChEMBL
Curcumin,PROTEASOME EPSILON CHAIN,CHEMBL4662,CHEMBL140,IC50,10000.0,nM,5.0,ChEMBL
Curcumin,PROTEASOME SUBUNIT BETA TYPE-5,CHEMBL4662,CHEMBL140,IC50,10000.0,nM,5.0,ChEMBL
Curcumin,PROTEASOME SUBUNIT BETA-5,CHEMBL4662,CHEMBL140,IC50,10000.0,nM,5.0,ChEMBL
Curcumin,PROTEASOME SUBUNIT MB1,CHEMBL4662,CHEMBL140,IC50,10000.0,nM,5.0,ChEMBL
Curcumin,PROTEASOME SUBUNIT X,CHEMBL4662,CHEMBL140,IC50,10000.0,nM,5.0,ChEMBL
Curcumin,PROTEIN,CHEMBL2487,CHEMBL140,Ki,0.208,nM,9.68,ChEMBL
Curcumin,PROTEIN 2-HYDROXYISOBUTYRYLTRANSFERASE P300,CHEMBL3784,CHEMBL140,IC50,6500.0,nM,5.19,ChEMBL
Curcumin,PROTEIN C-FOS,CHEMBL2111421,CHEMBL140,IC50,6.9,nM,8.16,ChEMBL
Curcumin,PROTEIN DEACETYLASE HDAC1,CHEMBL2093865,CHEMBL140,Ki,539.0,nM,6.27,ChEMBL
Curcumin,PROTEIN DEACETYLASE HDAC3,CHEMBL2093865,CHEMBL140,Ki,539.0,nM,6.27,ChEMBL
Curcumin,PROTEIN DEACETYLASE HDAC6,CHEMBL2093865,CHEMBL140,Ki,539.0,nM,6.27,ChEMBL
Curcumin,PROTEIN DEACETYLASE HDAC7,CHEMBL2093865,CHEMBL140,Ki,539.0,nM,6.27,ChEMBL
Curcumin,PROTEIN DEACETYLASE HDAC8,CHEMBL2093865,CHEMBL140,Ki,539.0,nM,6.27,ChEMBL
Curcumin,PROTEIN DEACYLASE HDAC1,CHEMBL2093865,CHEMBL140,Ki,539.0,nM,6.27,ChEMBL
Curcumin,PROTEIN DEACYLASE HDAC2,CHEMBL2093865,CHEMBL140,Ki,539.0,nM,6.27,ChEMBL
Curcumin,PROTEIN DEACYLASE HDAC3,CHEMBL2093865,CHEMBL140,Ki,539.0,nM,6.27,ChEMBL
Curcumin,PROTEIN DECROTONYLASE HDAC8,CHEMBL2093865,CHEMBL140,Ki,539.0,nM,6.27,ChEMBL
Curcumin,PROTEIN ISONICOTINYLTRANSFERASE P300,CHEMBL3784,CHEMBL140,IC50,6500.0,nM,5.19,ChEMBL
Curcumin,PROTEIN KINASE C EPSILON TYPE,CHEMBL3582,CHEMBL140,EC50,8810.0,nM,5.05,ChEMBL
Curcumin,PROTEIN KINASE MINIBRAIN HOMOLOG,CHEMBL2292,CHEMBL140,IC50,300.0,nM,6.52,ChEMBL
Curcumin,PROTEIN LACTYLTRANSFERAS P300,CHEMBL3784,CHEMBL140,IC50,6500.0,nM,5.19,ChEMBL
Curcumin,PROTEIN PROPIONYLTRANSFERASE P300,CHEMBL3784,CHEMBL140,IC50,6500.0,nM,5.19,ChEMBL
Curcumin,PROTO-ONCOGENE C-ERBB-1,CHEMBL203,CHEMBL140,IC50,8600.0,nM,5.07,ChEMBL
Curcumin,PROTO-ONCOGENE C-FOS,CHEMBL2111421,CHEMBL140,IC50,6.9,nM,8.16,ChEMBL
Curcumin,PROTO-ONCOGENE C-JUN,CHEMBL2111421,CHEMBL140,IC50,6.9,nM,8.16,ChEMBL
Curcumin,PROTO-ONCOGENE C-SRC,CHEMBL3074,CHEMBL140,IC50,2200.0,nM,5.66,ChEMBL
Curcumin,PROTO-ONCOGENE TYROSINE-PROTEIN KINASE SRC,CHEMBL3074,CHEMBL140,IC50,2200.0,nM,5.66,ChEMBL
Curcumin,PSEUDOCHOLINESTERASE,CHEMBL1914,CHEMBL140,IC50,5000.0,nM,,ChEMBL
Curcumin,PSMB5,CHEMBL4662,CHEMBL140,IC50,10000.0,nM,5.0,ChEMBL
Curcumin,PTAC97,CHEMBL3885594,CHEMBL140,Potency,5011.9,nM,,ChEMBL
Curcumin,PTGES,CHEMBL5658,CHEMBL140,IC50,600.0,nM,6.22,ChEMBL
Curcumin,PTGS1,CHEMBL2096674,CHEMBL140,IC50,2000.0,nM,5.7,ChEMBL
Curcumin,PTGS2,CHEMBL2096674,CHEMBL140,IC50,2000.0,nM,5.7,ChEMBL
Curcumin,PUNTA TORO VIRUS,CHEMBL613741,CHEMBL140,EC50,10.0,nM,,ChEMBL
Curcumin,PWR-1E,CHEMBL4296487,CHEMBL140,IC50,8140.0,nM,5.09,ChEMBL
Curcumin,RALDH 1,CHEMBL3577,CHEMBL140,Potency,8912.5,nM,5.05,ChEMBL
Curcumin,RALDH1,CHEMBL3577,CHEMBL140,Potency,8912.5,nM,5.05,ChEMBL
Curcumin,RATTUS NORVEGICUS,CHEMBL376,CHEMBL140,IC50,53.4,nM,7.27,ChEMBL
Curcumin,RAW264.7,CHEMBL612557,CHEMBL140,IC50,8300.0,nM,5.08,ChEMBL
Curcumin,RBL-2H3,CHEMBL614632,CHEMBL140,IC50,3000.0,nM,5.52,ChEMBL
Curcumin,RCC-ASSOCIATED ANTIGEN G250,CHEMBL3594,CHEMBL140,Ki,4050.0,nM,5.39,ChEMBL
Curcumin,RECEPTOR,CHEMBL5162,CHEMBL140,Potency,316.2,nM,6.5,ChEMBL
Curcumin,RECEPTOR TYROSINE-PROTEIN KINASE ERBB-1,CHEMBL203,CHEMBL140,IC50,8600.0,nM,5.07,ChEMBL
Curcumin,RECTIFYING,CHEMBL240,CHEMBL140,Potency,3162.3,nM,,ChEMBL
Curcumin,REDK,CHEMBL4575,CHEMBL140,IC50,4264.0,nM,5.37,ChEMBL
Curcumin,REDUCTASE,CHEMBL1900,CHEMBL140,IC50,7300.0,nM,5.14,ChEMBL
Curcumin,REGULATORY ERYTHROID KINASE,CHEMBL4575,CHEMBL140,IC50,4264.0,nM,5.37,ChEMBL
Curcumin,RELA,CHEMBL2094258,CHEMBL140,IC50,8000.0,nM,5.1,ChEMBL
Curcumin,RENAL CARCINOMA ANTIGEN NY-REN-32,CHEMBL1293235,CHEMBL140,Potency,1778.3,nM,5.75,ChEMBL
Curcumin,RENAL CELL CARCINOMA-ASSOCIATED ANTIGEN G250,CHEMBL3594,CHEMBL140,Ki,4050.0,nM,5.39,ChEMBL
Curcumin,RESPIRATORY SYNCYTIAL VIRUS,CHEMBL612679,CHEMBL140,EC50,10.0,nM,,ChEMBL
Curcumin,RETICULUM,CHEMBL4693,CHEMBL140,Ki,5800.0,nM,5.24,ChEMBL
Curcumin,RETINAL DEHYDROGENASE 1,CHEMBL3577,CHEMBL140,Potency,8912.5,nM,5.05,ChEMBL
Curcumin,RHODESAIN,CHEMBL4188,CHEMBL140,IC50,7750.0,nM,5.11,ChEMBL
Curcumin,RING FINGER PROTEIN 53,CHEMBL5990,CHEMBL140,Potency,5011.9,nM,5.3,ChEMBL
Curcumin,RING-TYPE E3 UBIQUITIN TRANSFERASE BRCA1,CHEMBL5990,CHEMBL140,Potency,5011.9,nM,5.3,ChEMBL
Curcumin,RNA U TRANSPORTER 1,CHEMBL3885594,CHEMBL140,Potency,5011.9,nM,,ChEMBL
Curcumin,RPD3-2,CHEMBL2093865,CHEMBL140,Ki,539.0,nM,6.27,ChEMBL
Curcumin,S-APP-ALPHA,CHEMBL2487,CHEMBL140,Ki,0.208,nM,9.68,ChEMBL
Curcumin,S-APP-BETA,CHEMBL2487,CHEMBL140,Ki,0.208,nM,9.68,ChEMBL
Curcumin,S-D-LACTOYLGLUTATHIONE METHYLGLYOXAL LYASE,CHEMBL2424,CHEMBL140,Ki,10000.0,nM,5.0,ChEMBL
Curcumin,S-MEPHENYTOIN 4-HYDROXYLASE,CHEMBL3397,CHEMBL140,IC50,4300.0,nM,5.37,ChEMBL
Curcumin,SALIVARY CARBONIC ANHYDRASE,CHEMBL3025,CHEMBL140,Ki,9940.0,nM,5.0,ChEMBL
Curcumin,SARCOPLASMIC/ENDOPLASMIC RETICULUM CALCIUM ATPASE 1,CHEMBL4693,CHEMBL140,Ki,5800.0,nM,5.24,ChEMBL
Curcumin,SARCOPLASMIC/ENDOPLASMIC RETICULUM CALCIUM ATPASE 2,CHEMBL3901,CHEMBL140,IC50,7000.0,nM,5.16,ChEMBL
Curcumin,SARCOPLASMIC/ENDOPLASMIC RETICULUM CALCIUM ATPASE 3,CHEMBL2401,CHEMBL140,Ki,8600.0,nM,5.07,ChEMBL
Curcumin,SARS-COV,CHEMBL4303836,CHEMBL140,EC50,10000.0,nM,,ChEMBL
Curcumin,SECRETED CARBONIC ANHYDRASE,CHEMBL3025,CHEMBL140,Ki,9940.0,nM,5.0,ChEMBL
Curcumin,SERCA1,CHEMBL4693,CHEMBL140,Ki,5800.0,nM,5.24,ChEMBL
Curcumin,SERCA2,CHEMBL3901,CHEMBL140,IC50,7000.0,nM,5.16,ChEMBL
Curcumin,SERCA3,CHEMBL2401,CHEMBL140,Ki,8600.0,nM,5.07,ChEMBL
Curcumin,SERINE/THREONINE-PROTEIN KINASE 13,CHEMBL3024,CHEMBL140,Potency,1683.4,nM,,ChEMBL
Curcumin,SERINE/THREONINE-PROTEIN KINASE GSK3B,CHEMBL3669,CHEMBL140,IC50,66.0,nM,7.18,ChEMBL
Curcumin,SERINE/THREONINE-PROTEIN KINASE PLK1,CHEMBL3024,CHEMBL140,Potency,1683.4,nM,,ChEMBL
Curcumin,SERINE/THREONINE-PROTEIN KINASE PSSALRE,CHEMBL1907600,CHEMBL140,IC50,10000.0,nM,,ChEMBL
Curcumin,SH-SY5Y,CHEMBL614910,CHEMBL140,EC50,5290.0,nM,5.28,ChEMBL
Curcumin,SHORT CHAIN DEHYDROGENASE/REDUCTASE FAMILY 26C MEMBER 1,CHEMBL4235,CHEMBL140,IC50,4501.0,nM,5.35,ChEMBL
Curcumin,SHORT CHAIN DEHYDROGENASE/REDUCTASE FAMILY 5C MEMBER 1,CHEMBL4159,CHEMBL140,Potency,3981.1,nM,5.4,ChEMBL
Curcumin,SHORT CHAIN DEHYDROGENASE/REDUCTASE FAMILY 9C MEMBER 2,CHEMBL2789,CHEMBL140,IC50,1730.0,nM,5.76,ChEMBL
Curcumin,SHORT-CHAIN TYPE DEHYDROGENASE/REDUCTASE XH98G2,CHEMBL4159,CHEMBL140,Potency,3981.1,nM,5.4,ChEMBL
Curcumin,SINDBIS VIRUS,CHEMBL613725,CHEMBL140,EC50,10.0,nM,,ChEMBL
Curcumin,SK-BR-3,CHEMBL613834,CHEMBL140,IC50,2110.0,nM,5.68,ChEMBL
Curcumin,SK-N-SH,CHEMBL614924,CHEMBL140,IC50,6400.0,nM,5.19,ChEMBL
Curcumin,SK-OV-3,CHEMBL614925,CHEMBL140,IC50,6700.0,nM,5.17,ChEMBL
Curcumin,SK29-AB,CHEMBL1973,CHEMBL140,IC50,5000.0,nM,5.3,ChEMBL
Curcumin,SMAP45,CHEMBL2093865,CHEMBL140,Ki,539.0,nM,6.27,ChEMBL
Curcumin,SNCA,CHEMBL6152,CHEMBL140,IC50,220.0,nM,6.66,ChEMBL
Curcumin,SNUPN,CHEMBL3885594,CHEMBL140,Potency,5011.9,nM,,ChEMBL
Curcumin,SNURPORTIN-1,CHEMBL3885594,CHEMBL140,Potency,5011.9,nM,,ChEMBL
Curcumin,SOLUBLE APP-ALPHA,CHEMBL2487,CHEMBL140,Ki,0.208,nM,9.68,ChEMBL
Curcumin,SOLUBLE APP-BETA,CHEMBL2487,CHEMBL140,Ki,0.208,nM,9.68,ChEMBL
Curcumin,SPECIFICITY,CHEMBL4376,CHEMBL140,IC50,2.5,nM,8.6,ChEMBL
Curcumin,SR CA(2+)-ATPASE 1,CHEMBL4693,CHEMBL140,Ki,5800.0,nM,5.24,ChEMBL
Curcumin,SR CA(2+)-ATPASE 2,CHEMBL3901,CHEMBL140,IC50,7000.0,nM,5.16,ChEMBL
Curcumin,SR CA(2+)-ATPASE 3,CHEMBL2401,CHEMBL140,Ki,8600.0,nM,5.07,ChEMBL
Curcumin,SRC,CHEMBL3074,CHEMBL140,IC50,2200.0,nM,5.66,ChEMBL
Curcumin,SSSIM,CHEMBL4373,CHEMBL140,IC50,30.0,nM,7.52,ChEMBL
Curcumin,STPK13,CHEMBL3024,CHEMBL140,Potency,1683.4,nM,,ChEMBL
Curcumin,SUBFAMILY,CHEMBL1075183,CHEMBL140,IC50,930.0,nM,6.03,ChEMBL
Curcumin,SUBSTRATE,CHEMBL5393,CHEMBL140,IC50,1630.0,nM,5.79,ChEMBL
Curcumin,SUBUNIT,CHEMBL3251,CHEMBL140,IC50,8200.0,nM,5.09,ChEMBL
Curcumin,SUSCEPTIBILITY,CHEMBL5990,CHEMBL140,Potency,5011.9,nM,5.3,ChEMBL
Curcumin,SYNTHASE,CHEMBL3669,CHEMBL140,IC50,66.0,nM,7.18,ChEMBL
Curcumin,T98G,CHEMBL614775,CHEMBL140,IC50,10000.0,nM,5.0,ChEMBL
Curcumin,TAU,CHEMBL1293224,CHEMBL140,Potency,3548.1,nM,5.45,ChEMBL
Curcumin,TAU PROTEIN KINASE II 23 KDA SUBUNIT,CHEMBL1907600,CHEMBL140,IC50,10000.0,nM,,ChEMBL
Curcumin,TAU PROTEIN KINASE II CATALYTIC SUBUNIT,CHEMBL1907600,CHEMBL140,IC50,10000.0,nM,,ChEMBL
Curcumin,TDP1,CHEMBL1075138,CHEMBL140,Potency,1122.0,nM,5.95,ChEMBL
Curcumin,TESTICULAR 17-BETA-HYDROXYSTEROID DEHYDROGENASE,CHEMBL1075158,CHEMBL140,IC50,9000.0,nM,5.05,ChEMBL
Curcumin,TESTOSTERONE 17-BETA-DEHYDROGENASE,CHEMBL2789,CHEMBL140,IC50,1730.0,nM,5.76,ChEMBL
Curcumin,TESTOSTERONE 17-BETA-DEHYDROGENASE 3,CHEMBL1075158,CHEMBL140,IC50,9000.0,nM,5.05,ChEMBL
Curcumin,THP-1,CHEMBL614245,CHEMBL140,IC50,1210.0,nM,5.92,ChEMBL
Curcumin,THROMBOPLASTIN,CHEMBL4081,CHEMBL140,IC50,199.63,nM,6.7,ChEMBL
Curcumin,THYMOCYTE,CHEMBL613302,CHEMBL140,IC50,1020.0,nM,5.99,ChEMBL
Curcumin,THYROID-STIMULATING HORMONE RECEPTOR,CHEMBL1963,CHEMBL140,Potency,10000.0,nM,5.0,ChEMBL
Curcumin,THYROTROPIN,CHEMBL1963,CHEMBL140,Potency,10000.0,nM,5.0,ChEMBL
Curcumin,THYROTROPIN RECEPTOR,CHEMBL1963,CHEMBL140,Potency,10000.0,nM,5.0,ChEMBL
Curcumin,TISSUE,CHEMBL4081,CHEMBL140,IC50,199.63,nM,6.7,ChEMBL
Curcumin,TISSUE FACTOR,CHEMBL4081,CHEMBL140,IC50,199.63,nM,6.7,ChEMBL
Curcumin,TLR4,CHEMBL1795167,CHEMBL140,IC50,6000.0,nM,5.22,ChEMBL
Curcumin,TLR9,CHEMBL5804,CHEMBL140,IC50,8362.0,nM,5.08,ChEMBL
Curcumin,TOLL-LIKE RECEPTOR 4,CHEMBL1795167,CHEMBL140,IC50,6000.0,nM,5.22,ChEMBL
Curcumin,TOLL-LIKE RECEPTOR 9,CHEMBL5804,CHEMBL140,IC50,8362.0,nM,5.08,ChEMBL
Curcumin,TPKII CATALYTIC SUBUNIT,CHEMBL1907600,CHEMBL140,IC50,10000.0,nM,,ChEMBL
Curcumin,TPKII REGULATORY SUBUNIT,CHEMBL1907600,CHEMBL140,IC50,10000.0,nM,,ChEMBL
Curcumin,TRANSCRIPTION FACTOR AP-1 SUBUNIT C-FOS,CHEMBL2111421,CHEMBL140,IC50,6.9,nM,8.16,ChEMBL
Curcumin,TRANSCRIPTION FACTOR AP-1 SUBUNIT JUN,CHEMBL2111421,CHEMBL140,IC50,6.9,nM,8.16,ChEMBL
Curcumin,TRANSCRIPTION FACTOR JUN,CHEMBL2111421,CHEMBL140,IC50,6.9,nM,8.16,ChEMBL
Curcumin,TRANSCRIPTION FACTOR P65,CHEMBL2094258,CHEMBL140,IC50,8000.0,nM,5.1,ChEMBL
Curcumin,TRANSLOCASE,CHEMBL4302,CHEMBL140,IC50,1000.0,nM,,ChEMBL
Curcumin,TRANSPORTER,CHEMBL5393,CHEMBL140,IC50,1630.0,nM,5.79,ChEMBL
Curcumin,TRITHORAX-LIKE PROTEIN,CHEMBL2093861,CHEMBL140,Potency,3981.1,nM,5.4,ChEMBL
Curcumin,TRYPANOSOMA BRUCEI,CHEMBL612849,CHEMBL140,IC50,3600.0,nM,5.44,ChEMBL
Curcumin,TRYPANOSOMA BRUCEI BRUCEI,CHEMBL612851,CHEMBL140,EC50,2500.0,nM,5.6,ChEMBL
Curcumin,TRYPANOSOMA BRUCEI RHODESIENSE,CHEMBL612348,CHEMBL140,EC50,4850.0,nM,5.31,ChEMBL
Curcumin,TRYPANOSOMA EVANSI,CHEMBL1075362,CHEMBL140,EC50,2000.0,nM,5.7,ChEMBL
Curcumin,TSH-R,CHEMBL1963,CHEMBL140,Potency,10000.0,nM,5.0,ChEMBL
Curcumin,TSHR,CHEMBL1963,CHEMBL140,Potency,10000.0,nM,5.0,ChEMBL
Curcumin,TUBULIN-LYSINE DEACETYLASE HDAC6,CHEMBL2093865,CHEMBL140,Ki,539.0,nM,6.27,ChEMBL
Curcumin,TUMOR ANTIGEN HOM-RCC-3.1.3,CHEMBL3242,CHEMBL140,Ki,3480.0,nM,5.46,ChEMBL
Curcumin,TUMOR REJECTION ANTIGEN AB,CHEMBL1973,CHEMBL140,IC50,5000.0,nM,5.3,ChEMBL
Curcumin,TYPE,CHEMBL2789,CHEMBL140,IC50,1730.0,nM,5.76,ChEMBL
Curcumin,TYPE II HADH,CHEMBL4159,CHEMBL140,Potency,3981.1,nM,5.4,ChEMBL
Curcumin,TYR,CHEMBL1973,CHEMBL140,IC50,5000.0,nM,5.3,ChEMBL
Curcumin,TYR-DNA PHOSPHODIESTERASE 1,CHEMBL1075138,CHEMBL140,Potency,1122.0,nM,5.95,ChEMBL
Curcumin,TYROSINASE,CHEMBL1973,CHEMBL140,IC50,5000.0,nM,5.3,ChEMBL
Curcumin,TYROSYL-DNA PHOSPHODIESTERASE 1,CHEMBL1075138,CHEMBL140,Potency,1122.0,nM,5.95,ChEMBL
Curcumin,U-87 MG,CHEMBL614247,CHEMBL140,IC50,7150.0,nM,5.15,ChEMBL
Curcumin,U-937,CHEMBL612794,CHEMBL140,IC50,1880.0,nM,5.73,ChEMBL
Curcumin,UBIQUITIN,CHEMBL1293227,CHEMBL140,Potency,10000.0,nM,5.0,ChEMBL
Curcumin,UBIQUITIN CARBOXYL-TERMINAL HYDROLASE 1,CHEMBL1795087,CHEMBL140,Potency,2511.9,nM,,ChEMBL
Curcumin,"UBIQUITIN CARBOXYL-TERMINAL HYDROLASE 1, N-TERMINAL FRAGMENT",CHEMBL1795087,CHEMBL140,Potency,2511.9,nM,,ChEMBL
Curcumin,UBIQUITIN CARBOXYL-TERMINAL HYDROLASE 2,CHEMBL1293227,CHEMBL140,Potency,10000.0,nM,5.0,ChEMBL
Curcumin,UBIQUITIN THIOESTERASE 1,CHEMBL1795087,CHEMBL140,Potency,2511.9,nM,,ChEMBL
Curcumin,UBIQUITIN THIOESTERASE 2,CHEMBL1293227,CHEMBL140,Potency,10000.0,nM,5.0,ChEMBL
Curcumin,UBIQUITIN-SPECIFIC-PROCESSING PROTEASE 1,CHEMBL1795087,CHEMBL140,Potency,2511.9,nM,,ChEMBL
Curcumin,UBIQUITIN-SPECIFIC-PROCESSING PROTEASE 2,CHEMBL1293227,CHEMBL140,Potency,10000.0,nM,5.0,ChEMBL
Curcumin,UNCHECKED,CHEMBL612545,CHEMBL140,EC50,10000.0,nM,5.0,ChEMBL
Curcumin,URATE EXPORTER,CHEMBL5393,CHEMBL140,IC50,1630.0,nM,5.79,ChEMBL
Curcumin,USP1,CHEMBL1795087,CHEMBL140,Potency,2511.9,nM,,ChEMBL
Curcumin,USP2,CHEMBL1293227,CHEMBL140,Potency,10000.0,nM,5.0,ChEMBL
Curcumin,V-JUN AVIAN SARCOMA VIRUS 17 ONCOGENE HOMOLOG,CHEMBL2111421,CHEMBL140,IC50,6.9,nM,8.16,ChEMBL
Curcumin,VACCINIA VIRUS,CHEMBL613493,CHEMBL140,EC50,10.0,nM,8.0,ChEMBL
Curcumin,VESICULAR STOMATITIS VIRUS,CHEMBL613739,CHEMBL140,EC50,10.0,nM,8.0,ChEMBL
Curcumin,VOLTAGE-GATED INWARDLY RECTIFYING POTASSIUM CHANNEL KCNH2,CHEMBL240,CHEMBL140,Potency,3162.3,nM,,ChEMBL
Curcumin,VOLTAGE-GATED POTASSIUM CHANNEL SUBUNIT KV11.1,CHEMBL240,CHEMBL140,Potency,3162.3,nM,,ChEMBL
Curcumin,ZINC FINGER PROTEIN HRX,CHEMBL2093861,CHEMBL140,Potency,3981.1,nM,5.4,ChEMBL
Curcumin,[HISTONE H3]-DIMETHYL-L-LYSINE(4) FAD-DEPENDENT DEMETHYLASE 1A,CHEMBL6136,CHEMBL140,IC50,9600.0,nM,5.02,ChEMBL
Daidzein,(R)-LIMONENE 6-MONOOXYGENASE,CHEMBL3397,CHEMBL8145,Potency,6309.6,nM,5.2,ChEMBL
Daidzein,(S)-LIMONENE 6-MONOOXYGENASE,CHEMBL3397,CHEMBL8145,Potency,6309.6,nM,5.2,ChEMBL
Daidzein,(S)-LIMONENE 7-MONOOXYGENASE,CHEMBL3397,CHEMBL8145,Potency,6309.6,nM,5.2,ChEMBL
Daidzein,70 KDA LAMIN,CHEMBL1293235,CHEMBL8145,Potency,5.0,nM,8.3,ChEMBL
Daidzein,78 KDA GLUCOSE-REGULATED PROTEIN,CHEMBL1781865,CHEMBL8145,Potency,1468.9,nM,,ChEMBL
Daidzein,AAA,CHEMBL1741209,CHEMBL8145,Potency,9196.2,nM,,ChEMBL
Daidzein,AH RECEPTOR,CHEMBL3201,CHEMBL8145,Potency,6309.6,nM,,ChEMBL
Daidzein,AHR,CHEMBL3201,CHEMBL8145,Potency,6309.6,nM,,ChEMBL
Daidzein,ALDEHYDE,CHEMBL1935,CHEMBL8145,IC50,9000.0,nM,5.05,ChEMBL
Daidzein,"ALDEHYDE DEHYDROGENASE, MITOCHONDRIAL",CHEMBL1935,CHEMBL8145,IC50,9000.0,nM,5.05,ChEMBL
Daidzein,ALDH CLASS 2,CHEMBL1935,CHEMBL8145,IC50,9000.0,nM,5.05,ChEMBL
Daidzein,ALDH-E2,CHEMBL1935,CHEMBL8145,IC50,9000.0,nM,5.05,ChEMBL
Daidzein,ALDH2,CHEMBL1935,CHEMBL8145,IC50,9000.0,nM,5.05,ChEMBL
Daidzein,ALDHI,CHEMBL1935,CHEMBL8145,IC50,9000.0,nM,5.05,ChEMBL
Daidzein,ANHYDRASE,CHEMBL2326,CHEMBL8145,Ki,4.2,nM,8.38,ChEMBL
Daidzein,ANTIGEN,CHEMBL4096,CHEMBL8145,Potency,10000.0,nM,5.0,ChEMBL
Daidzein,ANTIGEN NY-CO-13,CHEMBL4096,CHEMBL8145,Potency,10000.0,nM,5.0,ChEMBL
Daidzein,AP ENDONUCLEASE 1,CHEMBL5619,CHEMBL8145,Potency,281.8,nM,,ChEMBL
Daidzein,APE-1,CHEMBL5619,CHEMBL8145,Potency,281.8,nM,,ChEMBL
Daidzein,APEN,CHEMBL5619,CHEMBL8145,Potency,281.8,nM,,ChEMBL
Daidzein,APEX NUCLEASE,CHEMBL5619,CHEMBL8145,Potency,281.8,nM,,ChEMBL
Daidzein,APEX1,CHEMBL5619,CHEMBL8145,Potency,281.8,nM,,ChEMBL
Daidzein,APURINIC-APYRIMIDINIC ENDONUCLEASE 1,CHEMBL5619,CHEMBL8145,Potency,281.8,nM,,ChEMBL
Daidzein,ARSA,CHEMBL2193,CHEMBL8145,Potency,6745.6,nM,,ChEMBL
Daidzein,ARYL,CHEMBL3201,CHEMBL8145,Potency,6309.6,nM,,ChEMBL
Daidzein,ARYL HYDROCARBON RECEPTOR,CHEMBL3201,CHEMBL8145,Potency,6309.6,nM,,ChEMBL
Daidzein,ARYL SULFOTRANSFERASE,CHEMBL4886,CHEMBL8145,IC50,290.0,nM,6.54,ChEMBL
Daidzein,ARYL SULFOTRANSFERASE IV,CHEMBL4886,CHEMBL8145,IC50,290.0,nM,6.54,ChEMBL
Daidzein,ARYLSULFATASE,CHEMBL2193,CHEMBL8145,Potency,6745.6,nM,,ChEMBL
Daidzein,ARYLSULFATASE A,CHEMBL2193,CHEMBL8145,Potency,6745.6,nM,,ChEMBL
Daidzein,ARYLSULFATASE A COMPONENT B,CHEMBL2193,CHEMBL8145,Potency,6745.6,nM,,ChEMBL
Daidzein,ARYLSULFATASE A COMPONENT C,CHEMBL2193,CHEMBL8145,Potency,6745.6,nM,,ChEMBL
Daidzein,ASA,CHEMBL2193,CHEMBL8145,Potency,6745.6,nM,,ChEMBL
Daidzein,ASTIV,CHEMBL4886,CHEMBL8145,IC50,290.0,nM,6.54,ChEMBL
Daidzein,ATAD5,CHEMBL1741209,CHEMBL8145,Potency,9196.2,nM,,ChEMBL
Daidzein,ATAXIN-2,CHEMBL1795085,CHEMBL8145,Potency,7079.5,nM,,ChEMBL
Daidzein,ATP-DEPENDENT 6-PHOSPHOFRUCTOKINASE,CHEMBL5686,CHEMBL8145,Potency,756.9,nM,,ChEMBL
Daidzein,ATP-PFK,CHEMBL5686,CHEMBL8145,Potency,756.9,nM,,ChEMBL
Daidzein,ATPASE,CHEMBL1741209,CHEMBL8145,Potency,9196.2,nM,,ChEMBL
Daidzein,ATPASE FAMILY AAA DOMAIN-CONTAINING PROTEIN 5,CHEMBL1741209,CHEMBL8145,Potency,9196.2,nM,,ChEMBL
Daidzein,ATXN2,CHEMBL1795085,CHEMBL8145,Potency,7079.5,nM,,ChEMBL
Daidzein,BETA,CHEMBL242,CHEMBL8145,IC50,1100.0,nM,5.96,ChEMBL
Daidzein,BHLHE76,CHEMBL3201,CHEMBL8145,Potency,6309.6,nM,,ChEMBL
Daidzein,BILIRUBIN-SPECIFIC UDPGT ISOZYME 1,CHEMBL1287617,CHEMBL8145,IC50,7300.0,nM,5.14,ChEMBL
Daidzein,BINDING-IMMUNOGLOBULIN PROTEIN,CHEMBL1781865,CHEMBL8145,Potency,1468.9,nM,,ChEMBL
Daidzein,BIP,CHEMBL1781865,CHEMBL8145,Potency,1468.9,nM,,ChEMBL
Daidzein,BLM,CHEMBL1293237,CHEMBL8145,Potency,501.2,nM,6.3,ChEMBL
Daidzein,BLOOM SYNDROME PROTEIN,CHEMBL1293237,CHEMBL8145,Potency,501.2,nM,6.3,ChEMBL
Daidzein,C-MPL LIGAND,CHEMBL1293256,CHEMBL8145,Potency,2511.9,nM,5.6,ChEMBL
Daidzein,CA-I,CHEMBL261,CHEMBL8145,Ki,10000.0,nM,,ChEMBL
Daidzein,CA-II,CHEMBL205,CHEMBL8145,Ki,10000.0,nM,,ChEMBL
Daidzein,CA-IV,CHEMBL3729,CHEMBL8145,Ki,718.7,nM,6.14,ChEMBL
Daidzein,CA-VII,CHEMBL2326,CHEMBL8145,Ki,4.2,nM,8.38,ChEMBL
Daidzein,CA-XII,CHEMBL3242,CHEMBL8145,Ki,56.4,nM,7.25,ChEMBL
Daidzein,CA1,CHEMBL261,CHEMBL8145,Ki,10000.0,nM,,ChEMBL
Daidzein,CA12,CHEMBL3242,CHEMBL8145,Ki,56.4,nM,7.25,ChEMBL
Daidzein,CA2,CHEMBL205,CHEMBL8145,Ki,10000.0,nM,,ChEMBL
Daidzein,CA4,CHEMBL3729,CHEMBL8145,Ki,718.7,nM,6.14,ChEMBL
Daidzein,CA7,CHEMBL2326,CHEMBL8145,Ki,4.2,nM,8.38,ChEMBL
Daidzein,CAB,CHEMBL261,CHEMBL8145,Ki,10000.0,nM,,ChEMBL
Daidzein,CAC,CHEMBL205,CHEMBL8145,Ki,10000.0,nM,,ChEMBL
Daidzein,CARBONATE DEHYDRATASE I,CHEMBL261,CHEMBL8145,Ki,10000.0,nM,,ChEMBL
Daidzein,CARBONATE DEHYDRATASE II,CHEMBL205,CHEMBL8145,Ki,10000.0,nM,,ChEMBL
Daidzein,CARBONATE DEHYDRATASE IV,CHEMBL3729,CHEMBL8145,Ki,718.7,nM,6.14,ChEMBL
Daidzein,CARBONATE DEHYDRATASE VII,CHEMBL2326,CHEMBL8145,Ki,4.2,nM,8.38,ChEMBL
Daidzein,CARBONATE DEHYDRATASE XII,CHEMBL3242,CHEMBL8145,Ki,56.4,nM,7.25,ChEMBL
Daidzein,CARBONIC,CHEMBL2326,CHEMBL8145,Ki,4.2,nM,8.38,ChEMBL
Daidzein,CARBONIC ANHYDRASE 1,CHEMBL261,CHEMBL8145,Ki,10000.0,nM,,ChEMBL
Daidzein,CARBONIC ANHYDRASE 12,CHEMBL3242,CHEMBL8145,Ki,56.4,nM,7.25,ChEMBL
Daidzein,CARBONIC ANHYDRASE 2,CHEMBL205,CHEMBL8145,Ki,10000.0,nM,,ChEMBL
Daidzein,CARBONIC ANHYDRASE 4,CHEMBL3729,CHEMBL8145,Ki,718.7,nM,6.14,ChEMBL
Daidzein,CARBONIC ANHYDRASE 7,CHEMBL2326,CHEMBL8145,Ki,4.2,nM,8.38,ChEMBL
Daidzein,CARBONIC ANHYDRASE B,CHEMBL261,CHEMBL8145,Ki,10000.0,nM,,ChEMBL
Daidzein,CARBONIC ANHYDRASE C,CHEMBL205,CHEMBL8145,Ki,10000.0,nM,,ChEMBL
Daidzein,CARBONIC ANHYDRASE I,CHEMBL261,CHEMBL8145,Ki,10000.0,nM,,ChEMBL
Daidzein,CARBONIC ANHYDRASE II,CHEMBL205,CHEMBL8145,Ki,10000.0,nM,,ChEMBL
Daidzein,CARBONIC ANHYDRASE IV,CHEMBL3729,CHEMBL8145,Ki,718.7,nM,6.14,ChEMBL
Daidzein,CARBONIC ANHYDRASE VII,CHEMBL2326,CHEMBL8145,Ki,4.2,nM,8.38,ChEMBL
Daidzein,CARBONIC ANHYDRASE XII,CHEMBL3242,CHEMBL8145,Ki,56.4,nM,7.25,ChEMBL
Daidzein,CELLULAR,CHEMBL4096,CHEMBL8145,Potency,10000.0,nM,5.0,ChEMBL
Daidzein,CELLULAR TUMOR ANTIGEN P53,CHEMBL4096,CHEMBL8145,Potency,10000.0,nM,5.0,ChEMBL
Daidzein,CEREBROSIDE-SULFATASE,CHEMBL2193,CHEMBL8145,Potency,6745.6,nM,,ChEMBL
Daidzein,CHAPERONE,CHEMBL1781865,CHEMBL8145,Potency,1468.9,nM,,ChEMBL
Daidzein,CHOLESTEROL,CHEMBL1293277,CHEMBL8145,Potency,9200.0,nM,5.04,ChEMBL
Daidzein,CHOLESTEROL 25-HYDROXYLASE,CHEMBL3397,CHEMBL8145,Potency,6309.6,nM,5.2,ChEMBL
Daidzein,CHROMOSOME FRAGILITY-ASSOCIATED GENE 1 PROTEIN,CHEMBL1741209,CHEMBL8145,Potency,9196.2,nM,,ChEMBL
Daidzein,CLASS E BASIC HELIX-LOOP-HELIX PROTEIN 76,CHEMBL3201,CHEMBL8145,Potency,6309.6,nM,,ChEMBL
Daidzein,CYANAMIDE HYDRATASE CA1,CHEMBL261,CHEMBL8145,Ki,10000.0,nM,,ChEMBL
Daidzein,CYANAMIDE HYDRATASE CA2,CHEMBL205,CHEMBL8145,Ki,10000.0,nM,,ChEMBL
Daidzein,CYP2C19,CHEMBL3622,CHEMBL8145,Potency,10000.0,nM,5.0,ChEMBL
Daidzein,CYP2C9,CHEMBL3397,CHEMBL8145,Potency,6309.6,nM,5.2,ChEMBL
Daidzein,CYPIIC17,CHEMBL3622,CHEMBL8145,Potency,10000.0,nM,5.0,ChEMBL
Daidzein,CYPIIC19,CHEMBL3622,CHEMBL8145,Potency,10000.0,nM,5.0,ChEMBL
Daidzein,CYPIIC9,CHEMBL3397,CHEMBL8145,Potency,6309.6,nM,5.2,ChEMBL
Daidzein,CYTOCHROME,CHEMBL3397,CHEMBL8145,Potency,6309.6,nM,5.2,ChEMBL
Daidzein,CYTOCHROME P-450MP,CHEMBL3397,CHEMBL8145,Potency,6309.6,nM,5.2,ChEMBL
Daidzein,CYTOCHROME P450 2C19,CHEMBL3622,CHEMBL8145,Potency,10000.0,nM,5.0,ChEMBL
Daidzein,CYTOCHROME P450 2C9,CHEMBL3397,CHEMBL8145,Potency,6309.6,nM,5.2,ChEMBL
Daidzein,CYTOCHROME P450 MP-4,CHEMBL3397,CHEMBL8145,Potency,6309.6,nM,5.2,ChEMBL
Daidzein,CYTOCHROME P450 MP-8,CHEMBL3397,CHEMBL8145,Potency,6309.6,nM,5.2,ChEMBL
Daidzein,CYTOCHROME P450 PB-1,CHEMBL3397,CHEMBL8145,Potency,6309.6,nM,5.2,ChEMBL
Daidzein,CYTOCHROME P450-11A,CHEMBL3622,CHEMBL8145,Potency,10000.0,nM,5.0,ChEMBL
Daidzein,CYTOCHROME P450-254C,CHEMBL3622,CHEMBL8145,Potency,10000.0,nM,5.0,ChEMBL
Daidzein,CYTOPLASMIC,CHEMBL6035,CHEMBL8145,Potency,8436.8,nM,,ChEMBL
Daidzein,D-GALACTOSE 1-PHOSPHATE PHOSPHATASE,CHEMBL1293238,CHEMBL8145,Potency,501.2,nM,6.3,ChEMBL
Daidzein,DEACETYLASE,CHEMBL1865,CHEMBL8145,IC50,917.1,nM,6.04,ChEMBL
Daidzein,DEHYDROGENASE,CHEMBL1935,CHEMBL8145,IC50,9000.0,nM,5.05,ChEMBL
Daidzein,DNA,CHEMBL1293237,CHEMBL8145,Potency,501.2,nM,6.3,ChEMBL
Daidzein,DNA 3'-5' HELICASE BLM,CHEMBL1293237,CHEMBL8145,Potency,501.2,nM,6.3,ChEMBL
Daidzein,"DNA HELICASE, RECQ-LIKE TYPE 2",CHEMBL1293237,CHEMBL8145,Potency,501.2,nM,6.3,ChEMBL
Daidzein,DNA REPAIR NUCLEASE/REDOX REGULATOR APEX1,CHEMBL5619,CHEMBL8145,Potency,281.8,nM,,ChEMBL
Daidzein,"DNA REPAIR NUCLEASE/REDOX REGULATOR APEX1, MITOCHONDRIAL",CHEMBL5619,CHEMBL8145,Potency,281.8,nM,,ChEMBL
Daidzein,DNA-(APURINIC OR APYRIMIDINIC SITE) ENDONUCLEASE,CHEMBL5619,CHEMBL8145,Potency,281.8,nM,,ChEMBL
Daidzein,DNA-BINDING FACTOR KBF1,CHEMBL3251,CHEMBL8145,Potency,4466.8,nM,5.35,ChEMBL
Daidzein,E3 UBIQUITIN-PROTEIN LIGASE HDAC6,CHEMBL1865,CHEMBL8145,IC50,917.1,nM,6.04,ChEMBL
Daidzein,EBP-1,CHEMBL3251,CHEMBL8145,Potency,4466.8,nM,5.35,ChEMBL
Daidzein,ENDOPLASMIC,CHEMBL1781865,CHEMBL8145,Potency,1468.9,nM,,ChEMBL
Daidzein,ENDOPLASMIC RETICULUM CHAPERONE BIP,CHEMBL1781865,CHEMBL8145,Potency,1468.9,nM,,ChEMBL
Daidzein,ER-ALPHA,CHEMBL2304421,CHEMBL8145,Kd,5900.0,nM,5.23,ChEMBL
Daidzein,ER-BETA,CHEMBL242,CHEMBL8145,IC50,1100.0,nM,5.96,ChEMBL
Daidzein,ERYTHROID,CHEMBL1075094,CHEMBL8145,Potency,841.3,nM,,ChEMBL
Daidzein,ESR1,CHEMBL2304421,CHEMBL8145,Kd,5900.0,nM,5.23,ChEMBL
Daidzein,ESR2,CHEMBL242,CHEMBL8145,IC50,1100.0,nM,5.96,ChEMBL
Daidzein,ESTRADIOL RECEPTOR,CHEMBL2304421,CHEMBL8145,Kd,5900.0,nM,5.23,ChEMBL
Daidzein,ESTROGEN,CHEMBL242,CHEMBL8145,IC50,1100.0,nM,5.96,ChEMBL
Daidzein,ESTROGEN RECEPTOR,CHEMBL2304421,CHEMBL8145,Kd,5900.0,nM,5.23,ChEMBL
Daidzein,ESTROGEN RECEPTOR BETA,CHEMBL242,CHEMBL8145,IC50,1100.0,nM,5.96,ChEMBL
Daidzein,FACTOR,CHEMBL3251,CHEMBL8145,Potency,4466.8,nM,5.35,ChEMBL
Daidzein,FAMILY,CHEMBL1741209,CHEMBL8145,Potency,9196.2,nM,,ChEMBL
Daidzein,FENBENDAZOLE MONOOXYGENASE (4'-HYDROXYLATING),CHEMBL3622,CHEMBL8145,Potency,10000.0,nM,5.0,ChEMBL
Daidzein,GEMININ,CHEMBL1293278,CHEMBL8145,Potency,410.9,nM,,ChEMBL
Daidzein,GMNN,CHEMBL1293278,CHEMBL8145,Potency,410.9,nM,,ChEMBL
Daidzein,GRP-78,CHEMBL1781865,CHEMBL8145,Potency,1468.9,nM,,ChEMBL
Daidzein,HDAC6,CHEMBL1865,CHEMBL8145,IC50,917.1,nM,6.04,ChEMBL
Daidzein,HEAT SHOCK PROTEIN 70 FAMILY PROTEIN 5,CHEMBL1781865,CHEMBL8145,Potency,1468.9,nM,,ChEMBL
Daidzein,HEAT SHOCK PROTEIN FAMILY A MEMBER 5,CHEMBL1781865,CHEMBL8145,Potency,1468.9,nM,,ChEMBL
Daidzein,HELICASE,CHEMBL1293237,CHEMBL8145,Potency,501.2,nM,6.3,ChEMBL
Daidzein,HSP70 FAMILY PROTEIN 5,CHEMBL1781865,CHEMBL8145,Potency,1468.9,nM,,ChEMBL
Daidzein,HSPA5,CHEMBL1781865,CHEMBL8145,Potency,1468.9,nM,,ChEMBL
Daidzein,HUG-BR1,CHEMBL1287617,CHEMBL8145,IC50,7300.0,nM,5.14,ChEMBL
Daidzein,HYDROCARBON,CHEMBL3201,CHEMBL8145,Potency,6309.6,nM,,ChEMBL
Daidzein,IMMUNOGLOBULIN HEAVY CHAIN-BINDING PROTEIN,CHEMBL1781865,CHEMBL8145,Potency,1468.9,nM,,ChEMBL
Daidzein,IMP 1,CHEMBL1293238,CHEMBL8145,Potency,501.2,nM,6.3,ChEMBL
Daidzein,IMPA1,CHEMBL1293238,CHEMBL8145,Potency,501.2,nM,6.3,ChEMBL
Daidzein,IMPASE 1,CHEMBL1293238,CHEMBL8145,Potency,501.2,nM,6.3,ChEMBL
Daidzein,INOSITOL,CHEMBL1293238,CHEMBL8145,Potency,501.2,nM,6.3,ChEMBL
Daidzein,INOSITOL MONOPHOSPHATASE 1,CHEMBL1293238,CHEMBL8145,Potency,501.2,nM,6.3,ChEMBL
Daidzein,INOSITOL-1(OR 4)-MONOPHOSPHATASE 1,CHEMBL1293238,CHEMBL8145,Potency,501.2,nM,6.3,ChEMBL
Daidzein,INTRACELLULAR,CHEMBL1293277,CHEMBL8145,Potency,9200.0,nM,5.04,ChEMBL
Daidzein,ISHIKAWA,CHEMBL614649,CHEMBL8145,IC50,1200.0,nM,5.92,ChEMBL
Daidzein,LAMIN-A/C,CHEMBL1293235,CHEMBL8145,Potency,5.0,nM,8.3,ChEMBL
Daidzein,LITHIUM-SENSITIVE MYO-INOSITOL MONOPHOSPHATASE A1,CHEMBL1293238,CHEMBL8145,Potency,501.2,nM,6.3,ChEMBL
Daidzein,LMNA,CHEMBL1293235,CHEMBL8145,Potency,5.0,nM,8.3,ChEMBL
Daidzein,LUCIFERASE,CHEMBL5567,CHEMBL8145,Potency,10000.0,nM,5.0,ChEMBL
Daidzein,LUCIFERIN,CHEMBL5567,CHEMBL8145,Potency,10000.0,nM,5.0,ChEMBL
Daidzein,LUCIFERIN 4-MONOOXYGENASE,CHEMBL5567,CHEMBL8145,Potency,10000.0,nM,5.0,ChEMBL
Daidzein,MAPT,CHEMBL1293224,CHEMBL8145,Potency,7079.5,nM,5.15,ChEMBL
Daidzein,MCF7,CHEMBL387,CHEMBL8145,IC50,10.0,nM,8.0,ChEMBL
Daidzein,MEGAKARYOCYTE COLONY-STIMULATING FACTOR,CHEMBL1293256,CHEMBL8145,Potency,2511.9,nM,5.6,ChEMBL
Daidzein,MEGAKARYOCYTE GROWTH AND DEVELOPMENT FACTOR,CHEMBL1293256,CHEMBL8145,Potency,2511.9,nM,5.6,ChEMBL
Daidzein,MEPHENYTOIN 4-HYDROXYLASE,CHEMBL3622,CHEMBL8145,Potency,10000.0,nM,5.0,ChEMBL
Daidzein,MGDF,CHEMBL1293256,CHEMBL8145,Potency,2511.9,nM,5.6,ChEMBL
Daidzein,MICROTUBULE-ASSOCIATED PROTEIN TAU,CHEMBL1293224,CHEMBL8145,Potency,7079.5,nM,5.15,ChEMBL
Daidzein,MINOXIDIL SULFOTRANSFERASE,CHEMBL4886,CHEMBL8145,IC50,290.0,nM,6.54,ChEMBL
Daidzein,MITOCHONDRIAL,CHEMBL1935,CHEMBL8145,IC50,9000.0,nM,5.05,ChEMBL
Daidzein,MOLECULAR IDENTITY UNKNOWN,CHEMBL612546,CHEMBL8145,Potency,10000.0,nM,,ChEMBL
Daidzein,MONOPHOSPHATASE,CHEMBL1293238,CHEMBL8145,Potency,501.2,nM,6.3,ChEMBL
Daidzein,MX-ST,CHEMBL4886,CHEMBL8145,IC50,290.0,nM,6.54,ChEMBL
Daidzein,MYELOPROLIFERATIVE LEUKEMIA VIRUS ONCOGENE LIGAND,CHEMBL1293256,CHEMBL8145,Potency,2511.9,nM,5.6,ChEMBL
Daidzein,NADPH-DEPENDENT THIOREDOXIN REDUCTASE,CHEMBL6035,CHEMBL8145,Potency,8436.8,nM,,ChEMBL
Daidzein,NEUROFIBRILLARY TANGLE PROTEIN,CHEMBL1293224,CHEMBL8145,Potency,7079.5,nM,5.15,ChEMBL
Daidzein,NF-E2-RELATED FACTOR 2,CHEMBL1075094,CHEMBL8145,Potency,841.3,nM,,ChEMBL
Daidzein,NFE2-RELATED FACTOR 2,CHEMBL1075094,CHEMBL8145,Potency,841.3,nM,,ChEMBL
Daidzein,NFE2L2,CHEMBL1075094,CHEMBL8145,Potency,841.3,nM,,ChEMBL
Daidzein,NFKB1,CHEMBL3251,CHEMBL8145,Potency,4466.8,nM,5.35,ChEMBL
Daidzein,NIEMANN-PICK C1 PROTEIN,CHEMBL1293277,CHEMBL8145,Potency,9200.0,nM,5.04,ChEMBL
Daidzein,NON-PROTEIN TARGET,CHEMBL3879801,CHEMBL8145,Potency,1.3,nM,,ChEMBL
Daidzein,NPC,CHEMBL1293277,CHEMBL8145,Potency,9200.0,nM,5.04,ChEMBL
Daidzein,NPC INTRACELLULAR CHOLESTEROL TRANSPORTER 1,CHEMBL1293277,CHEMBL8145,Potency,9200.0,nM,5.04,ChEMBL
Daidzein,NPC1,CHEMBL1293277,CHEMBL8145,Potency,9200.0,nM,5.04,ChEMBL
Daidzein,NRF-2,CHEMBL1075094,CHEMBL8145,Potency,841.3,nM,,ChEMBL
Daidzein,NUCLEAR,CHEMBL3251,CHEMBL8145,Potency,4466.8,nM,5.35,ChEMBL
Daidzein,NUCLEAR FACTOR ERYTHROID 2-RELATED FACTOR 2,CHEMBL1075094,CHEMBL8145,Potency,841.3,nM,,ChEMBL
Daidzein,NUCLEAR FACTOR NF-KAPPA-B P105 SUBUNIT,CHEMBL3251,CHEMBL8145,Potency,4466.8,nM,5.35,ChEMBL
Daidzein,NUCLEAR FACTOR NF-KAPPA-B P50 SUBUNIT,CHEMBL3251,CHEMBL8145,Potency,4466.8,nM,5.35,ChEMBL
Daidzein,NUCLEAR FACTOR OF KAPPA LIGHT POLYPEPTIDE GENE ENHANCER IN B-CELLS 1,CHEMBL3251,CHEMBL8145,Potency,4466.8,nM,5.35,ChEMBL
Daidzein,"NUCLEAR FACTOR, ERYTHROID DERIVED 2, LIKE 2",CHEMBL1075094,CHEMBL8145,Potency,841.3,nM,,ChEMBL
Daidzein,NUCLEAR RECEPTOR ROR-GAMMA,CHEMBL1741186,CHEMBL8145,Potency,1188.3,nM,,ChEMBL
Daidzein,NUCLEAR RECEPTOR RZR-GAMMA,CHEMBL1741186,CHEMBL8145,Potency,1188.3,nM,,ChEMBL
Daidzein,NUCLEAR RECEPTOR SUBFAMILY 1 GROUP F MEMBER 3,CHEMBL1741186,CHEMBL8145,Potency,1188.3,nM,,ChEMBL
Daidzein,NUCLEAR RECEPTOR SUBFAMILY 3 GROUP A MEMBER 1,CHEMBL2304421,CHEMBL8145,Kd,5900.0,nM,5.23,ChEMBL
Daidzein,NUCLEAR RECEPTOR SUBFAMILY 3 GROUP A MEMBER 2,CHEMBL242,CHEMBL8145,IC50,1100.0,nM,5.96,ChEMBL
Daidzein,OF,CHEMBL1795091,CHEMBL8145,Potency,945.7,nM,,ChEMBL
Daidzein,PAIRED HELICAL FILAMENT-TAU,CHEMBL1293224,CHEMBL8145,Potency,7079.5,nM,5.15,ChEMBL
Daidzein,PEROXIDASE TXNRD1,CHEMBL6035,CHEMBL8145,Potency,8436.8,nM,,ChEMBL
Daidzein,PFK,CHEMBL5686,CHEMBL8145,Potency,756.9,nM,,ChEMBL
Daidzein,PHENOL SULFOTRANSFERASE,CHEMBL4886,CHEMBL8145,IC50,290.0,nM,6.54,ChEMBL
Daidzein,PHF-TAU,CHEMBL1293224,CHEMBL8145,Potency,7079.5,nM,5.15,ChEMBL
Daidzein,PHOSPHOFRUCTOKINASE,CHEMBL5686,CHEMBL8145,Potency,756.9,nM,,ChEMBL
Daidzein,PHOSPHOHEXOKINASE,CHEMBL5686,CHEMBL8145,Potency,756.9,nM,,ChEMBL
Daidzein,PHOSPHOPROTEIN P53,CHEMBL4096,CHEMBL8145,Potency,10000.0,nM,5.0,ChEMBL
Daidzein,PRELAMIN-A/C,CHEMBL1293235,CHEMBL8145,Potency,5.0,nM,8.3,ChEMBL
Daidzein,PROTEIN,CHEMBL1865,CHEMBL8145,IC50,917.1,nM,6.04,ChEMBL
Daidzein,PROTEIN DEACETYLASE HDAC6,CHEMBL1865,CHEMBL8145,IC50,917.1,nM,6.04,ChEMBL
Daidzein,PST-1,CHEMBL4886,CHEMBL8145,IC50,290.0,nM,6.54,ChEMBL
Daidzein,RAB9A,CHEMBL1293294,CHEMBL8145,Potency,10000.0,nM,5.0,ChEMBL
Daidzein,RADICAL SCAVENGING ACTIVITY,CHEMBL613712,CHEMBL8145,IC50,1000.0,nM,,ChEMBL
Daidzein,RAR-RELATED ORPHAN RECEPTOR C,CHEMBL1741186,CHEMBL8145,Potency,1188.3,nM,,ChEMBL
Daidzein,RAS-RELATED PROTEIN RAB-9A,CHEMBL1293294,CHEMBL8145,Potency,10000.0,nM,5.0,ChEMBL
Daidzein,RECEPTOR,CHEMBL242,CHEMBL8145,IC50,1100.0,nM,5.96,ChEMBL
Daidzein,RECQ PROTEIN-LIKE 3,CHEMBL1293237,CHEMBL8145,Potency,501.2,nM,6.3,ChEMBL
Daidzein,RECQ-LIKE DNA HELICASE BLM,CHEMBL1293237,CHEMBL8145,Potency,501.2,nM,6.3,ChEMBL
Daidzein,RECQ2,CHEMBL1293237,CHEMBL8145,Potency,501.2,nM,6.3,ChEMBL
Daidzein,REDOX FACTOR-1,CHEMBL5619,CHEMBL8145,Potency,281.8,nM,,ChEMBL
Daidzein,REDUCTASE,CHEMBL6035,CHEMBL8145,Potency,8436.8,nM,,ChEMBL
Daidzein,REF-1,CHEMBL5619,CHEMBL8145,Potency,281.8,nM,,ChEMBL
Daidzein,REGULATOR,CHEMBL1795091,CHEMBL8145,Potency,945.7,nM,,ChEMBL
Daidzein,REGULATOR OF G-PROTEIN SIGNALING 4,CHEMBL1795091,CHEMBL8145,Potency,945.7,nM,,ChEMBL
Daidzein,RENAL CARCINOMA ANTIGEN NY-REN-32,CHEMBL1293235,CHEMBL8145,Potency,5.0,nM,8.3,ChEMBL
Daidzein,REPAIR,CHEMBL5619,CHEMBL8145,Potency,281.8,nM,,ChEMBL
Daidzein,RETICULUM,CHEMBL1781865,CHEMBL8145,Potency,1468.9,nM,,ChEMBL
Daidzein,RETINOID-RELATED ORPHAN RECEPTOR-GAMMA,CHEMBL1741186,CHEMBL8145,Potency,1188.3,nM,,ChEMBL
Daidzein,RGP4,CHEMBL1795091,CHEMBL8145,Potency,945.7,nM,,ChEMBL
Daidzein,RGS4,CHEMBL1795091,CHEMBL8145,Potency,945.7,nM,,ChEMBL
Daidzein,RORC,CHEMBL1741186,CHEMBL8145,Potency,1188.3,nM,,ChEMBL
Daidzein,S-MEPHENYTOIN 4-HYDROXYLASE,CHEMBL3397,CHEMBL8145,Potency,6309.6,nM,5.2,ChEMBL
Daidzein,SIGNALING,CHEMBL1795091,CHEMBL8145,Potency,945.7,nM,,ChEMBL
Daidzein,SPINOCEREBELLAR ATAXIA TYPE 2 PROTEIN,CHEMBL1795085,CHEMBL8145,Potency,7079.5,nM,,ChEMBL
Daidzein,ST1A1,CHEMBL4886,CHEMBL8145,IC50,290.0,nM,6.54,ChEMBL
Daidzein,SUBUNIT,CHEMBL3251,CHEMBL8145,Potency,4466.8,nM,5.35,ChEMBL
Daidzein,SULFOKINASE,CHEMBL4886,CHEMBL8145,IC50,290.0,nM,6.54,ChEMBL
Daidzein,SULFOTRANSFERASE 1A1,CHEMBL4886,CHEMBL8145,IC50,290.0,nM,6.54,ChEMBL
Daidzein,SULT1A1,CHEMBL4886,CHEMBL8145,IC50,290.0,nM,6.54,ChEMBL
Daidzein,TAU,CHEMBL1293224,CHEMBL8145,Potency,7079.5,nM,5.15,ChEMBL
Daidzein,TDP1,CHEMBL1075138,CHEMBL8145,Potency,354.8,nM,6.45,ChEMBL
Daidzein,THIOREDOXIN,CHEMBL6035,CHEMBL8145,Potency,8436.8,nM,,ChEMBL
Daidzein,"THIOREDOXIN REDUCTASE 1, CYTOPLASMIC",CHEMBL6035,CHEMBL8145,Potency,8436.8,nM,,ChEMBL
Daidzein,THIOREDOXIN REDUCTASE TR1,CHEMBL6035,CHEMBL8145,Potency,8436.8,nM,,ChEMBL
Daidzein,THPO,CHEMBL1293256,CHEMBL8145,Potency,2511.9,nM,5.6,ChEMBL
Daidzein,THROMBOPOIETIN,CHEMBL1293256,CHEMBL8145,Potency,2511.9,nM,5.6,ChEMBL
Daidzein,TP53,CHEMBL4096,CHEMBL8145,Potency,10000.0,nM,5.0,ChEMBL
Daidzein,TRANSPORTER,CHEMBL1293277,CHEMBL8145,Potency,9200.0,nM,5.04,ChEMBL
Daidzein,TRINUCLEOTIDE REPEAT-CONTAINING GENE 13 PROTEIN,CHEMBL1795085,CHEMBL8145,Potency,7079.5,nM,,ChEMBL
Daidzein,TUBULIN-LYSINE DEACETYLASE HDAC6,CHEMBL1865,CHEMBL8145,IC50,917.1,nM,6.04,ChEMBL
Daidzein,TUMOR,CHEMBL4096,CHEMBL8145,Potency,10000.0,nM,5.0,ChEMBL
Daidzein,TUMOR ANTIGEN HOM-RCC-3.1.3,CHEMBL3242,CHEMBL8145,Ki,56.4,nM,7.25,ChEMBL
Daidzein,TUMOR SUPPRESSOR P53,CHEMBL4096,CHEMBL8145,Potency,10000.0,nM,5.0,ChEMBL
Daidzein,TXNRD1,CHEMBL6035,CHEMBL8145,Potency,8436.8,nM,,ChEMBL
Daidzein,TYR-DNA PHOSPHODIESTERASE 1,CHEMBL1075138,CHEMBL8145,Potency,354.8,nM,6.45,ChEMBL
Daidzein,TYROSINE-ESTER SULFOTRANSFERASE,CHEMBL4886,CHEMBL8145,IC50,290.0,nM,6.54,ChEMBL
Daidzein,TYROSYL-DNA PHOSPHODIESTERASE 1,CHEMBL1075138,CHEMBL8145,Potency,354.8,nM,6.45,ChEMBL
Daidzein,UDP-GLUCURONOSYLTRANSFERASE 1-1,CHEMBL1287617,CHEMBL8145,IC50,7300.0,nM,5.14,ChEMBL
Daidzein,UDP-GLUCURONOSYLTRANSFERASE 1A ISOFORM 1,CHEMBL1287617,CHEMBL8145,IC50,7300.0,nM,5.14,ChEMBL
Daidzein,UDP-GLUCURONOSYLTRANSFERASE 1A1,CHEMBL1287617,CHEMBL8145,IC50,7300.0,nM,5.14,ChEMBL
Daidzein,UDPGT 1-1,CHEMBL1287617,CHEMBL8145,IC50,7300.0,nM,5.14,ChEMBL
Daidzein,UGT1*1,CHEMBL1287617,CHEMBL8145,IC50,7300.0,nM,5.14,ChEMBL
Daidzein,UGT1-01,CHEMBL1287617,CHEMBL8145,IC50,7300.0,nM,5.14,ChEMBL
Daidzein,UGT1.1,CHEMBL1287617,CHEMBL8145,IC50,7300.0,nM,5.14,ChEMBL
Daidzein,UGT1A1,CHEMBL1287617,CHEMBL8145,IC50,7300.0,nM,5.14,ChEMBL
Daidzein,UNCHECKED,CHEMBL612545,CHEMBL8145,IC50,9000.0,nM,5.05,ChEMBL
Danshensu,NON-PROTEIN TARGET,CHEMBL3879801,CHEMBL3392011,Potency,9432.9,nM,,ChEMBL
Dihydroartemisinin,786-0,CHEMBL613102,CHEMBL307261,IC50,630.0,nM,6.2,ChEMBL
Dihydroartemisinin,A2780,CHEMBL614004,CHEMBL307261,IC50,1000.0,nM,6.0,ChEMBL
Dihydroartemisinin,A549,CHEMBL392,CHEMBL307261,IC50,630.0,nM,6.2,ChEMBL
Dihydroartemisinin,ADR5000 CELL LINE,CHEMBL614266,CHEMBL307261,EC50,265.0,nM,6.58,ChEMBL
Dihydroartemisinin,BV-2,CHEMBL614781,CHEMBL307261,IC50,7400.0,nM,5.13,ChEMBL
Dihydroartemisinin,C-33-A,CHEMBL2366313,CHEMBL307261,EC50,1710.0,nM,5.77,ChEMBL
Dihydroartemisinin,CANDIDA ALBICANS,CHEMBL366,CHEMBL307261,IC50,880.0,nM,6.06,ChEMBL
Dihydroartemisinin,CCRF-CEM,CHEMBL382,CHEMBL307261,IC50,90.0,nM,7.05,ChEMBL
Dihydroartemisinin,CRYPTOCOCCUS NEOFORMANS,CHEMBL365,CHEMBL307261,IC50,280.0,nM,6.55,ChEMBL
Dihydroartemisinin,HCT-116,CHEMBL394,CHEMBL307261,IC50,5100.0,nM,5.29,ChEMBL
Dihydroartemisinin,HCT-15,CHEMBL612263,CHEMBL307261,IC50,460.0,nM,6.34,ChEMBL
Dihydroartemisinin,HEK293,CHEMBL614818,CHEMBL307261,IC50,9900.0,nM,5.0,ChEMBL
Dihydroartemisinin,HELA,CHEMBL399,CHEMBL307261,IC50,8850.0,nM,5.05,ChEMBL
Dihydroartemisinin,HL-60,CHEMBL383,CHEMBL307261,IC50,2410.0,nM,5.62,ChEMBL
Dihydroartemisinin,HT-29,CHEMBL384,CHEMBL307261,IC50,5290.0,nM,5.28,ChEMBL
Dihydroartemisinin,HUMAN BETAHERPESVIRUS 5,CHEMBL371,CHEMBL307261,IC50,10000.0,nM,,ChEMBL
Dihydroartemisinin,HUVEC,CHEMBL613979,CHEMBL307261,IC50,8910.0,nM,5.05,ChEMBL
Dihydroartemisinin,J774,CHEMBL614123,CHEMBL307261,EC50,1500.0,nM,5.82,ChEMBL
Dihydroartemisinin,JURKAT,CHEMBL397,CHEMBL307261,IC50,650.0,nM,6.19,ChEMBL
Dihydroartemisinin,K562,CHEMBL385,CHEMBL307261,IC50,9810.0,nM,5.01,ChEMBL
Dihydroartemisinin,L02,CHEMBL4296457,CHEMBL307261,IC50,360.0,nM,6.44,ChEMBL
Dihydroartemisinin,L6,CHEMBL614793,CHEMBL307261,IC50,730.0,nM,6.14,ChEMBL
Dihydroartemisinin,LEISHMANIA DONOVANI,CHEMBL367,CHEMBL307261,IC50,4100.0,nM,5.39,ChEMBL
Dihydroartemisinin,MCF7,CHEMBL387,CHEMBL307261,EC50,8240.0,nM,5.08,ChEMBL
Dihydroartemisinin,MDA-MB-231,CHEMBL400,CHEMBL307261,IC50,5640.0,nM,5.25,ChEMBL
Dihydroartemisinin,MDA-MB-361,CHEMBL614129,CHEMBL307261,EC50,1710.0,nM,5.77,ChEMBL
Dihydroartemisinin,MEMBRANE-ASSOCIATED PROSTAGLANDIN E SYNTHASE-2,CHEMBL4411,CHEMBL307261,IC50,9600.0,nM,5.02,ChEMBL
Dihydroartemisinin,MICROSOMAL PROSTAGLANDIN E SYNTHASE 2,CHEMBL4411,CHEMBL307261,IC50,9600.0,nM,5.02,ChEMBL
Dihydroartemisinin,MPGE SYNTHASE-2,CHEMBL4411,CHEMBL307261,IC50,9600.0,nM,5.02,ChEMBL
Dihydroartemisinin,MPGES-2,CHEMBL4411,CHEMBL307261,IC50,9600.0,nM,5.02,ChEMBL
Dihydroartemisinin,NCI-H460,CHEMBL396,CHEMBL307261,IC50,5290.0,nM,5.28,ChEMBL
Dihydroartemisinin,NON-PROTEIN TARGET,CHEMBL3879801,CHEMBL307261,IC50,5480.0,nM,5.26,ChEMBL
Dihydroartemisinin,OVCAR-3,CHEMBL614213,CHEMBL307261,IC50,1000.0,nM,6.0,ChEMBL
Dihydroartemisinin,PC-3,CHEMBL390,CHEMBL307261,IC50,2490.0,nM,5.6,ChEMBL
Dihydroartemisinin,PLASMODIUM FALCIPARUM,CHEMBL364,CHEMBL307261,IC50,1.1,nM,8.96,ChEMBL
Dihydroartemisinin,PLASMODIUM YOELII,CHEMBL612889,CHEMBL307261,IC50,1000.0,nM,,ChEMBL
Dihydroartemisinin,PROSTAGLANDIN,CHEMBL4411,CHEMBL307261,IC50,9600.0,nM,5.02,ChEMBL
Dihydroartemisinin,PROSTAGLANDIN E SYNTHASE 2,CHEMBL4411,CHEMBL307261,IC50,9600.0,nM,5.02,ChEMBL
Dihydroartemisinin,PROSTAGLANDIN E SYNTHASE 2 TRUNCATED FORM,CHEMBL4411,CHEMBL307261,IC50,9600.0,nM,5.02,ChEMBL
Dihydroartemisinin,PROSTAGLANDIN-H(2) E-ISOMERASE,CHEMBL4411,CHEMBL307261,IC50,9600.0,nM,5.02,ChEMBL
Dihydroartemisinin,PTGES2,CHEMBL4411,CHEMBL307261,IC50,9600.0,nM,5.02,ChEMBL
Dihydroartemisinin,SK-MEL-2,CHEMBL614917,CHEMBL307261,IC50,750.0,nM,6.12,ChEMBL
Dihydroartemisinin,SK-OV-3,CHEMBL614925,CHEMBL307261,IC50,850.0,nM,6.07,ChEMBL
Dihydroartemisinin,SMMC-7721,CHEMBL613831,CHEMBL307261,IC50,400.0,nM,6.4,ChEMBL
Dihydroartemisinin,SW-620,CHEMBL612262,CHEMBL307261,IC50,6610.0,nM,5.18,ChEMBL
Dihydroartemisinin,SYNTHASE,CHEMBL4411,CHEMBL307261,IC50,9600.0,nM,5.02,ChEMBL
Dihydroartemisinin,T47D,CHEMBL614361,CHEMBL307261,EC50,4600.0,nM,5.34,ChEMBL
Dihydroartemisinin,THP-1,CHEMBL614245,CHEMBL307261,IC50,9050.0,nM,5.04,ChEMBL
Dihydroartemisinin,U-937,CHEMBL612794,CHEMBL307261,IC50,1000.0,nM,,ChEMBL
Dihydroartemisinin,UNCHECKED,CHEMBL612545,CHEMBL307261,IC50,0.22,nM,9.66,ChEMBL
Dihydroartemisinin,XF498,CHEMBL613533,CHEMBL307261,IC50,540.0,nM,6.27,ChEMBL
Dimethyl fumarate,ACID,CHEMBL3785,CHEMBL2107333,IC50,130.0,nM,6.89,ChEMBL
Dimethyl fumarate,CYTOSOLIC INHIBITOR OF NRF2,CHEMBL3038498,CHEMBL2107333,EC50,5110.0,nM,5.29,ChEMBL
Dimethyl fumarate,ERYTHROID,CHEMBL1075094,CHEMBL2107333,EC50,5114.0,nM,5.29,ChEMBL
Dimethyl fumarate,FACTOR,CHEMBL1075094,CHEMBL2107333,EC50,5114.0,nM,5.29,ChEMBL
Dimethyl fumarate,G-PROTEIN COUPLED RECEPTOR 109A,CHEMBL3785,CHEMBL2107333,IC50,130.0,nM,6.89,ChEMBL
Dimethyl fumarate,G-PROTEIN COUPLED RECEPTOR HM74A,CHEMBL3785,CHEMBL2107333,IC50,130.0,nM,6.89,ChEMBL
Dimethyl fumarate,HCAR2,CHEMBL3785,CHEMBL2107333,IC50,130.0,nM,6.89,ChEMBL
Dimethyl fumarate,HYDROXYCARBOXYLIC ACID RECEPTOR 2,CHEMBL3785,CHEMBL2107333,IC50,130.0,nM,6.89,ChEMBL
Dimethyl fumarate,INRF2,CHEMBL3038498,CHEMBL2107333,EC50,5110.0,nM,5.29,ChEMBL
Dimethyl fumarate,KEAP1,CHEMBL3038498,CHEMBL2107333,EC50,5110.0,nM,5.29,ChEMBL
Dimethyl fumarate,KELCH-LIKE ECH-ASSOCIATED PROTEIN 1,CHEMBL3038498,CHEMBL2107333,EC50,5110.0,nM,5.29,ChEMBL
Dimethyl fumarate,KELCH-LIKE PROTEIN 19,CHEMBL3038498,CHEMBL2107333,EC50,5110.0,nM,5.29,ChEMBL
Dimethyl fumarate,NF-E2-RELATED FACTOR 2,CHEMBL3038498,CHEMBL2107333,EC50,5110.0,nM,5.29,ChEMBL
Dimethyl fumarate,NFE2-RELATED FACTOR 2,CHEMBL1075094,CHEMBL2107333,EC50,5114.0,nM,5.29,ChEMBL
Dimethyl fumarate,NFE2L2,CHEMBL1075094,CHEMBL2107333,EC50,5114.0,nM,5.29,ChEMBL
Dimethyl fumarate,NIACIN RECEPTOR 1,CHEMBL3785,CHEMBL2107333,IC50,130.0,nM,6.89,ChEMBL
Dimethyl fumarate,NICOTINIC ACID RECEPTOR,CHEMBL3785,CHEMBL2107333,IC50,130.0,nM,6.89,ChEMBL
Dimethyl fumarate,NRF-2,CHEMBL1075094,CHEMBL2107333,EC50,5114.0,nM,5.29,ChEMBL
Dimethyl fumarate,NUCLEAR,CHEMBL1075094,CHEMBL2107333,EC50,5114.0,nM,5.29,ChEMBL
Dimethyl fumarate,NUCLEAR FACTOR ERYTHROID 2-RELATED FACTOR 2,CHEMBL1075094,CHEMBL2107333,EC50,5114.0,nM,5.29,ChEMBL
Dimethyl fumarate,"NUCLEAR FACTOR, ERYTHROID DERIVED 2, LIKE 2",CHEMBL3038498,CHEMBL2107333,EC50,5110.0,nM,5.29,ChEMBL
Dimethyl fumarate,RECEPTOR,CHEMBL3785,CHEMBL2107333,IC50,130.0,nM,6.89,ChEMBL
Edaravone,"1,25-DIHYDROXYVITAMIN D3 RECEPTOR",CHEMBL1977,CHEMBL290916,Potency,3981.1,nM,,ChEMBL
Edaravone,3-DEOXYGLUCOSONE DEHYDROGENASE,CHEMBL3577,CHEMBL290916,Potency,10000.0,nM,5.0,ChEMBL
Edaravone,ACUTE MYELOID LEUKEMIA 1 PROTEIN,CHEMBL2093862,CHEMBL290916,Potency,3548.1,nM,,ChEMBL
Edaravone,ALDEHYDE,CHEMBL3577,CHEMBL290916,Potency,10000.0,nM,5.0,ChEMBL
Edaravone,ALDEHYDE DEHYDROGENASE 1A1,CHEMBL3577,CHEMBL290916,Potency,10000.0,nM,5.0,ChEMBL
Edaravone,ALDEHYDE DEHYDROGENASE FAMILY 1 MEMBER A1,CHEMBL3577,CHEMBL290916,Potency,10000.0,nM,5.0,ChEMBL
Edaravone,"ALDEHYDE DEHYDROGENASE, CYTOSOLIC",CHEMBL3577,CHEMBL290916,Potency,10000.0,nM,5.0,ChEMBL
Edaravone,ALDH-E1,CHEMBL3577,CHEMBL290916,Potency,10000.0,nM,5.0,ChEMBL
Edaravone,ALDH1A1,CHEMBL3577,CHEMBL290916,Potency,10000.0,nM,5.0,ChEMBL
Edaravone,ALHDII,CHEMBL3577,CHEMBL290916,Potency,10000.0,nM,5.0,ChEMBL
Edaravone,ANTHRAX LETHAL TOXIN ENDOPEPTIDASE COMPONENT,CHEMBL4372,CHEMBL290916,Potency,1.6,nM,8.8,ChEMBL
Edaravone,AP ENDONUCLEASE 1,CHEMBL5619,CHEMBL290916,Potency,3981.1,nM,,ChEMBL
Edaravone,APE-1,CHEMBL5619,CHEMBL290916,Potency,3981.1,nM,,ChEMBL
Edaravone,APEN,CHEMBL5619,CHEMBL290916,Potency,3981.1,nM,,ChEMBL
Edaravone,APEX NUCLEASE,CHEMBL5619,CHEMBL290916,Potency,3981.1,nM,,ChEMBL
Edaravone,APEX1,CHEMBL5619,CHEMBL290916,Potency,3981.1,nM,,ChEMBL
Edaravone,APURINIC-APYRIMIDINIC ENDONUCLEASE 1,CHEMBL5619,CHEMBL290916,Potency,3981.1,nM,,ChEMBL
Edaravone,CBF-ALPHA-2,CHEMBL2093862,CHEMBL290916,Potency,3548.1,nM,,ChEMBL
Edaravone,CBF-BETA,CHEMBL2093862,CHEMBL290916,Potency,3548.1,nM,,ChEMBL
Edaravone,CBFB,CHEMBL2093862,CHEMBL290916,Potency,3548.1,nM,,ChEMBL
Edaravone,COMPONENT OF GEMS 1,CHEMBL1293232,CHEMBL290916,Potency,707.9,nM,6.15,ChEMBL
Edaravone,CORE-BINDING FACTOR SUBUNIT ALPHA-2,CHEMBL2093862,CHEMBL290916,Potency,3548.1,nM,,ChEMBL
Edaravone,CORE-BINDING FACTOR SUBUNIT BETA,CHEMBL2093862,CHEMBL290916,Potency,3548.1,nM,,ChEMBL
Edaravone,DEHYDROGENASE,CHEMBL3577,CHEMBL290916,Potency,10000.0,nM,5.0,ChEMBL
Edaravone,DEMETHYLASE,CHEMBL1293226,CHEMBL290916,Potency,1122.0,nM,5.95,ChEMBL
Edaravone,DNA,CHEMBL5391,CHEMBL290916,Potency,707.9,nM,,ChEMBL
Edaravone,DNA POLYMERASE IOTA,CHEMBL5391,CHEMBL290916,Potency,707.9,nM,,ChEMBL
Edaravone,DNA REPAIR NUCLEASE/REDOX REGULATOR APEX1,CHEMBL5619,CHEMBL290916,Potency,3981.1,nM,,ChEMBL
Edaravone,"DNA REPAIR NUCLEASE/REDOX REGULATOR APEX1, MITOCHONDRIAL",CHEMBL5619,CHEMBL290916,Potency,3981.1,nM,,ChEMBL
Edaravone,DNA-(APURINIC OR APYRIMIDINIC SITE) ENDONUCLEASE,CHEMBL5619,CHEMBL290916,Potency,3981.1,nM,,ChEMBL
Edaravone,DNASE IV,CHEMBL5027,CHEMBL290916,Potency,8912.5,nM,,ChEMBL
Edaravone,ENDONUCLEASE,CHEMBL5027,CHEMBL290916,Potency,8912.5,nM,,ChEMBL
Edaravone,ENDONUCLEASE PI-MTUI,CHEMBL1741171,CHEMBL290916,EC50,2950.0,nM,5.53,ChEMBL
Edaravone,ETA2,CHEMBL5391,CHEMBL290916,Potency,707.9,nM,,ChEMBL
Edaravone,FACTOR,CHEMBL4372,CHEMBL290916,Potency,1.6,nM,8.8,ChEMBL
Edaravone,FEN-1,CHEMBL5027,CHEMBL290916,Potency,8912.5,nM,,ChEMBL
Edaravone,FEN1,CHEMBL5027,CHEMBL290916,Potency,8912.5,nM,,ChEMBL
Edaravone,FLAP,CHEMBL5027,CHEMBL290916,Potency,8912.5,nM,,ChEMBL
Edaravone,FLAP ENDONUCLEASE 1,CHEMBL5027,CHEMBL290916,Potency,8912.5,nM,,ChEMBL
Edaravone,FLAP STRUCTURE-SPECIFIC ENDONUCLEASE 1,CHEMBL5027,CHEMBL290916,Potency,8912.5,nM,,ChEMBL
Edaravone,GEMIN-1,CHEMBL1293232,CHEMBL290916,Potency,707.9,nM,6.15,ChEMBL
Edaravone,GEMININ,CHEMBL1293278,CHEMBL290916,Potency,2818.4,nM,,ChEMBL
Edaravone,GLUCOCORTICOID,CHEMBL2034,CHEMBL290916,Potency,25.1,nM,,ChEMBL
Edaravone,GLUCOCORTICOID RECEPTOR,CHEMBL2034,CHEMBL290916,Potency,25.1,nM,,ChEMBL
Edaravone,GMNN,CHEMBL1293278,CHEMBL290916,Potency,2818.4,nM,,ChEMBL
Edaravone,HFEN-1,CHEMBL5027,CHEMBL290916,Potency,8912.5,nM,,ChEMBL
Edaravone,IOTA,CHEMBL5391,CHEMBL290916,Potency,707.9,nM,,ChEMBL
Edaravone,KDM4D-LIKE PROTEIN,CHEMBL1293226,CHEMBL290916,Potency,1122.0,nM,5.95,ChEMBL
Edaravone,KDM4E,CHEMBL1293226,CHEMBL290916,Potency,1122.0,nM,5.95,ChEMBL
Edaravone,LEF,CHEMBL4372,CHEMBL290916,Potency,1.6,nM,8.8,ChEMBL
Edaravone,LETHAL,CHEMBL4372,CHEMBL290916,Potency,1.6,nM,8.8,ChEMBL
Edaravone,LETHAL FACTOR,CHEMBL4372,CHEMBL290916,Potency,1.6,nM,8.8,ChEMBL
Edaravone,LYMPHOBLASTOID CELL,CHEMBL614696,CHEMBL290916,Potency,2511.9,nM,5.6,ChEMBL
Edaravone,LYSINE-SPECIFIC DEMETHYLASE 4D-LIKE,CHEMBL1293226,CHEMBL290916,Potency,1122.0,nM,5.95,ChEMBL
Edaravone,LYSINE-SPECIFIC DEMETHYLASE 4E,CHEMBL1293226,CHEMBL290916,Potency,1122.0,nM,5.95,ChEMBL
Edaravone,MAPT,CHEMBL1293224,CHEMBL290916,Potency,2818.4,nM,5.55,ChEMBL
Edaravone,MATURATION FACTOR 1,CHEMBL5027,CHEMBL290916,Potency,8912.5,nM,,ChEMBL
Edaravone,MF1,CHEMBL5027,CHEMBL290916,Potency,8912.5,nM,,ChEMBL
Edaravone,MICROTUBULE-ASSOCIATED PROTEIN TAU,CHEMBL1293224,CHEMBL290916,Potency,2818.4,nM,5.55,ChEMBL
Edaravone,MOTOR,CHEMBL1293232,CHEMBL290916,Potency,707.9,nM,6.15,ChEMBL
Edaravone,MTU RECA INTEIN,CHEMBL1741171,CHEMBL290916,EC50,2950.0,nM,5.53,ChEMBL
Edaravone,NEUROFIBRILLARY TANGLE PROTEIN,CHEMBL1293224,CHEMBL290916,Potency,2818.4,nM,5.55,ChEMBL
Edaravone,NEURON,CHEMBL1293232,CHEMBL290916,Potency,707.9,nM,6.15,ChEMBL
Edaravone,NO RELEVANT TARGET,CHEMBL2362975,CHEMBL290916,IC50,4500.0,nM,5.35,ChEMBL
Edaravone,NON-PROTEIN TARGET,CHEMBL3879801,CHEMBL290916,Potency,2.7,nM,,ChEMBL
Edaravone,NR3C1,CHEMBL2034,CHEMBL290916,Potency,25.1,nM,,ChEMBL
Edaravone,NUCLEAR RECEPTOR SUBFAMILY 1 GROUP I MEMBER 1,CHEMBL1977,CHEMBL290916,Potency,3981.1,nM,,ChEMBL
Edaravone,NUCLEAR RECEPTOR SUBFAMILY 3 GROUP C MEMBER 1,CHEMBL2034,CHEMBL290916,Potency,25.1,nM,,ChEMBL
Edaravone,ONCOGENE AML-1,CHEMBL2093862,CHEMBL290916,Potency,3548.1,nM,,ChEMBL
Edaravone,PAIRED HELICAL FILAMENT-TAU,CHEMBL1293224,CHEMBL290916,Potency,2818.4,nM,5.55,ChEMBL
Edaravone,PC-12,CHEMBL612556,CHEMBL290916,EC50,9200.0,nM,5.04,ChEMBL
Edaravone,PEA2-ALPHA B,CHEMBL2093862,CHEMBL290916,Potency,3548.1,nM,,ChEMBL
Edaravone,PEA2-BETA,CHEMBL2093862,CHEMBL290916,Potency,3548.1,nM,,ChEMBL
Edaravone,PEBP2-ALPHA B,CHEMBL2093862,CHEMBL290916,Potency,3548.1,nM,,ChEMBL
Edaravone,PEBP2-BETA,CHEMBL2093862,CHEMBL290916,Potency,3548.1,nM,,ChEMBL
Edaravone,PHF-TAU,CHEMBL1293224,CHEMBL290916,Potency,2818.4,nM,5.55,ChEMBL
Edaravone,PLASMODIUM FALCIPARUM,CHEMBL364,CHEMBL290916,Potency,3013.1,nM,,ChEMBL
Edaravone,POLI,CHEMBL5391,CHEMBL290916,Potency,707.9,nM,,ChEMBL
Edaravone,POLYMERASE,CHEMBL5391,CHEMBL290916,Potency,707.9,nM,,ChEMBL
Edaravone,POLYOMAVIRUS ENHANCER-BINDING PROTEIN 2 ALPHA B SUBUNIT,CHEMBL2093862,CHEMBL290916,Potency,3548.1,nM,,ChEMBL
Edaravone,POLYOMAVIRUS ENHANCER-BINDING PROTEIN 2 BETA SUBUNIT,CHEMBL2093862,CHEMBL290916,Potency,3548.1,nM,,ChEMBL
Edaravone,PROTEIN,CHEMBL1293232,CHEMBL290916,Potency,707.9,nM,6.15,ChEMBL
Edaravone,PROTEIN RECA,CHEMBL1741171,CHEMBL290916,EC50,2950.0,nM,5.53,ChEMBL
Edaravone,RAD30 HOMOLOG B,CHEMBL5391,CHEMBL290916,Potency,707.9,nM,,ChEMBL
Edaravone,RALDH 1,CHEMBL3577,CHEMBL290916,Potency,10000.0,nM,5.0,ChEMBL
Edaravone,RALDH1,CHEMBL3577,CHEMBL290916,Potency,10000.0,nM,5.0,ChEMBL
Edaravone,RECA,CHEMBL1741171,CHEMBL290916,EC50,2950.0,nM,5.53,ChEMBL
Edaravone,RECEPTOR,CHEMBL1977,CHEMBL290916,Potency,3981.1,nM,,ChEMBL
Edaravone,RECOMBINASE A,CHEMBL1741171,CHEMBL290916,EC50,2950.0,nM,5.53,ChEMBL
Edaravone,REDOX FACTOR-1,CHEMBL5619,CHEMBL290916,Potency,3981.1,nM,,ChEMBL
Edaravone,REF-1,CHEMBL5619,CHEMBL290916,Potency,3981.1,nM,,ChEMBL
Edaravone,REGULATOR,CHEMBL5619,CHEMBL290916,Potency,3981.1,nM,,ChEMBL
Edaravone,REPAIR,CHEMBL5619,CHEMBL290916,Potency,3981.1,nM,,ChEMBL
Edaravone,RETINAL DEHYDROGENASE 1,CHEMBL3577,CHEMBL290916,Potency,10000.0,nM,5.0,ChEMBL
Edaravone,RUNT-RELATED TRANSCRIPTION FACTOR 1,CHEMBL2093862,CHEMBL290916,Potency,3548.1,nM,,ChEMBL
Edaravone,RUNX1,CHEMBL2093862,CHEMBL290916,Potency,3548.1,nM,,ChEMBL
Edaravone,SCN2A,CHEMBL613872,CHEMBL290916,IC50,1000.0,nM,,ChEMBL
Edaravone,SH-SY5Y,CHEMBL614910,CHEMBL290916,EC50,3750.0,nM,5.43,ChEMBL
Edaravone,SL3-3 ENHANCER FACTOR 1 ALPHA B SUBUNIT,CHEMBL2093862,CHEMBL290916,Potency,3548.1,nM,,ChEMBL
Edaravone,SL3-3 ENHANCER FACTOR 1 SUBUNIT BETA,CHEMBL2093862,CHEMBL290916,Potency,3548.1,nM,,ChEMBL
Edaravone,SL3/AKV CORE-BINDING FACTOR ALPHA B SUBUNIT,CHEMBL2093862,CHEMBL290916,Potency,3548.1,nM,,ChEMBL
Edaravone,SL3/AKV CORE-BINDING FACTOR BETA SUBUNIT,CHEMBL2093862,CHEMBL290916,Potency,3548.1,nM,,ChEMBL
Edaravone,SMN1,CHEMBL1293232,CHEMBL290916,Potency,707.9,nM,6.15,ChEMBL
Edaravone,SMN2,CHEMBL1293232,CHEMBL290916,Potency,707.9,nM,6.15,ChEMBL
Edaravone,SURVIVAL,CHEMBL1293232,CHEMBL290916,Potency,707.9,nM,6.15,ChEMBL
Edaravone,SURVIVAL MOTOR NEURON PROTEIN,CHEMBL1293232,CHEMBL290916,Potency,707.9,nM,6.15,ChEMBL
Edaravone,TAU,CHEMBL1293224,CHEMBL290916,Potency,2818.4,nM,5.55,ChEMBL
Edaravone,TDP1,CHEMBL1075138,CHEMBL290916,Potency,0.8,nM,,ChEMBL
Edaravone,TYR-DNA PHOSPHODIESTERASE 1,CHEMBL1075138,CHEMBL290916,Potency,0.8,nM,,ChEMBL
Edaravone,TYROSYL-DNA PHOSPHODIESTERASE 1,CHEMBL1075138,CHEMBL290916,Potency,0.8,nM,,ChEMBL
Edaravone,UNCHECKED,CHEMBL612545,CHEMBL290916,IC50,250.0,nM,6.6,ChEMBL
Edaravone,VDR,CHEMBL1977,CHEMBL290916,Potency,3981.1,nM,,ChEMBL
Edaravone,VITAMIN,CHEMBL1977,CHEMBL290916,Potency,3981.1,nM,,ChEMBL
Edaravone,VITAMIN D3 RECEPTOR,CHEMBL1977,CHEMBL290916,Potency,3981.1,nM,,ChEMBL
Edaravone,[HISTONE H3]-TRIMETHYL-L-LYSINE(9) DEMETHYLASE 4E,CHEMBL1293226,CHEMBL290916,Potency,1122.0,nM,5.95,ChEMBL
Emodin,(R)-LIMONENE 6-MONOOXYGENASE,CHEMBL3397,CHEMBL289277,Potency,3981.1,nM,5.4,ChEMBL
Emodin,(S)-LIMONENE 6-MONOOXYGENASE,CHEMBL3397,CHEMBL289277,Potency,3981.1,nM,5.4,ChEMBL
Emodin,(S)-LIMONENE 7-MONOOXYGENASE,CHEMBL3397,CHEMBL289277,Potency,3981.1,nM,5.4,ChEMBL
Emodin,"1,4-CINEOLE 2-EXO-MONOOXYGENASE",CHEMBL340,CHEMBL289277,Potency,10000.0,nM,5.0,ChEMBL
Emodin,"1,8-CINEOLE 2-EXO-MONOOXYGENASE",CHEMBL340,CHEMBL289277,Potency,10000.0,nM,5.0,ChEMBL
Emodin,12-LOX,CHEMBL2903,CHEMBL289277,Potency,10000.0,nM,5.0,ChEMBL
Emodin,12/15-LIPOXYGENASE,CHEMBL2903,CHEMBL289277,Potency,10000.0,nM,5.0,ChEMBL
Emodin,15-LOX,CHEMBL2903,CHEMBL289277,Potency,10000.0,nM,5.0,ChEMBL
Emodin,15-LOX-1,CHEMBL2903,CHEMBL289277,Potency,10000.0,nM,5.0,ChEMBL
Emodin,17-BETA-ESTRADIOL 17-DEHYDROGENASE,CHEMBL4159,CHEMBL289277,Potency,398.1,nM,6.4,ChEMBL
Emodin,2-METHYL-3-HYDROXYBUTYRYL-COA DEHYDROGENASE,CHEMBL4159,CHEMBL289277,Potency,398.1,nM,6.4,ChEMBL
Emodin,3-ALPHA-(17-BETA)-HYDROXYSTEROID DEHYDROGENASE (NAD(+)),CHEMBL4159,CHEMBL289277,Potency,398.1,nM,6.4,ChEMBL
Emodin,3-HYDROXY-2-METHYLBUTYRYL-COA DEHYDROGENASE,CHEMBL4159,CHEMBL289277,Potency,398.1,nM,6.4,ChEMBL
Emodin,3-HYDROXYACYL-COA DEHYDROGENASE TYPE II,CHEMBL4159,CHEMBL289277,Potency,398.1,nM,6.4,ChEMBL
Emodin,3-HYDROXYACYL-COA DEHYDROGENASE TYPE-2,CHEMBL4159,CHEMBL289277,Potency,398.1,nM,6.4,ChEMBL
Emodin,3ALPHA(OR 20BETA)-HYDROXYSTEROID DEHYDROGENASE,CHEMBL4159,CHEMBL289277,Potency,398.1,nM,6.4,ChEMBL
Emodin,7-ALPHA-HYDROXYSTEROID DEHYDROGENASE,CHEMBL4159,CHEMBL289277,Potency,398.1,nM,6.4,ChEMBL
Emodin,70 KDA LAMIN,CHEMBL1293235,CHEMBL289277,Potency,5.6,nM,8.25,ChEMBL
Emodin,A549,CHEMBL392,CHEMBL289277,EC50,2900.0,nM,5.54,ChEMBL
Emodin,ACID,CHEMBL2903,CHEMBL289277,Potency,10000.0,nM,5.0,ChEMBL
Emodin,ADP-GLUCOSE RECEPTOR,CHEMBL2001,CHEMBL289277,Ki,10000.0,nM,,ChEMBL
Emodin,ADPG-R,CHEMBL2001,CHEMBL289277,Ki,10000.0,nM,,ChEMBL
Emodin,AGS,CHEMBL613860,CHEMBL289277,EC50,1500.0,nM,5.82,ChEMBL
Emodin,AKR1B1,CHEMBL1900,CHEMBL289277,Ki,2113.0,nM,5.67,ChEMBL
Emodin,ALBENDAZOLE MONOOXYGENASE (SULFOXIDE-FORMING),CHEMBL340,CHEMBL289277,Potency,10000.0,nM,5.0,ChEMBL
Emodin,ALBENDAZOLE SULFOXIDASE,CHEMBL340,CHEMBL289277,Potency,10000.0,nM,5.0,ChEMBL
Emodin,ALDEHYDE REDUCTASE,CHEMBL1900,CHEMBL289277,Ki,2113.0,nM,5.67,ChEMBL
Emodin,ALDO-KETO REDUCTASE FAMILY 1 MEMBER B1,CHEMBL1900,CHEMBL289277,Ki,2113.0,nM,5.67,ChEMBL
Emodin,ALDOSE REDUCTASE,CHEMBL1900,CHEMBL289277,Ki,2113.0,nM,5.67,ChEMBL
Emodin,ALOX15,CHEMBL2903,CHEMBL289277,Potency,10000.0,nM,5.0,ChEMBL
Emodin,ALPHA,CHEMBL3629,CHEMBL289277,IC50,2000.0,nM,5.7,ChEMBL
Emodin,ALPHA-KETOGLUTARATE-DEPENDENT DIOXYGENASE FTO,CHEMBL2331065,CHEMBL289277,IC50,4530.0,nM,5.34,ChEMBL
Emodin,AMINE,CHEMBL2039,CHEMBL289277,IC50,3240.0,nM,5.49,ChEMBL
Emodin,AMINE OXIDASE [FLAVIN-CONTAINING] A,CHEMBL1951,CHEMBL289277,IC50,4320.0,nM,5.37,ChEMBL
Emodin,AMINE OXIDASE [FLAVIN-CONTAINING] B,CHEMBL2039,CHEMBL289277,IC50,3240.0,nM,5.49,ChEMBL
Emodin,ANTHRAX LETHAL TOXIN ENDOPEPTIDASE COMPONENT,CHEMBL4372,CHEMBL289277,Potency,2511.9,nM,5.6,ChEMBL
Emodin,AP ENDONUCLEASE 1,CHEMBL5619,CHEMBL289277,Potency,10000.0,nM,,ChEMBL
Emodin,APE-1,CHEMBL5619,CHEMBL289277,Potency,10000.0,nM,,ChEMBL
Emodin,APEN,CHEMBL5619,CHEMBL289277,Potency,10000.0,nM,,ChEMBL
Emodin,APEX NUCLEASE,CHEMBL5619,CHEMBL289277,Potency,10000.0,nM,,ChEMBL
Emodin,APEX1,CHEMBL5619,CHEMBL289277,Potency,10000.0,nM,,ChEMBL
Emodin,APURINIC-APYRIMIDINIC ENDONUCLEASE 1,CHEMBL5619,CHEMBL289277,Potency,10000.0,nM,,ChEMBL
Emodin,"ARACHIDONATE 12-LIPOXYGENASE, LEUKOCYTE-TYPE",CHEMBL2903,CHEMBL289277,Potency,10000.0,nM,5.0,ChEMBL
Emodin,ARACHIDONATE 15-LIPOXYGENASE,CHEMBL2903,CHEMBL289277,Potency,10000.0,nM,5.0,ChEMBL
Emodin,ARACHIDONATE OMEGA-6 LIPOXYGENASE,CHEMBL2903,CHEMBL289277,Potency,10000.0,nM,5.0,ChEMBL
Emodin,ARNT-INTERACTING PROTEIN,CHEMBL4261,CHEMBL289277,Potency,10000.0,nM,5.0,ChEMBL
Emodin,ARSA,CHEMBL2193,CHEMBL289277,Potency,2133.1,nM,,ChEMBL
Emodin,ARYLSULFATASE,CHEMBL2193,CHEMBL289277,Potency,2133.1,nM,,ChEMBL
Emodin,ARYLSULFATASE A,CHEMBL2193,CHEMBL289277,Potency,2133.1,nM,,ChEMBL
Emodin,ARYLSULFATASE A COMPONENT B,CHEMBL2193,CHEMBL289277,Potency,2133.1,nM,,ChEMBL
Emodin,ARYLSULFATASE A COMPONENT C,CHEMBL2193,CHEMBL289277,Potency,2133.1,nM,,ChEMBL
Emodin,ASA,CHEMBL2193,CHEMBL289277,Potency,2133.1,nM,,ChEMBL
Emodin,BASIC-HELIX-LOOP-HELIX-PAS PROTEIN MOP1,CHEMBL4261,CHEMBL289277,Potency,10000.0,nM,5.0,ChEMBL
Emodin,BETA,CHEMBL4208,CHEMBL289277,IC50,240.0,nM,6.62,ChEMBL
Emodin,BETA-5,CHEMBL4662,CHEMBL289277,IC50,1220.0,nM,5.91,ChEMBL
Emodin,BETA-6,CHEMBL4208,CHEMBL289277,IC50,240.0,nM,6.62,ChEMBL
Emodin,BHLHE78,CHEMBL4261,CHEMBL289277,Potency,10000.0,nM,5.0,ChEMBL
Emodin,BLM,CHEMBL1293237,CHEMBL289277,Potency,3548.1,nM,5.45,ChEMBL
Emodin,BLOOM SYNDROME PROTEIN,CHEMBL1293237,CHEMBL289277,Potency,3548.1,nM,5.45,ChEMBL
Emodin,CALU-1,CHEMBL613505,CHEMBL289277,IC50,6250.0,nM,5.2,ChEMBL
Emodin,CASEIN,CHEMBL3629,CHEMBL289277,IC50,2000.0,nM,5.7,ChEMBL
Emodin,CASEIN KINASE II ALPHA 1 POLYPEPTIDE PSEUDOGENE,CHEMBL3832943,CHEMBL289277,Ki,1900.0,nM,5.72,ChEMBL
Emodin,CASEIN KINASE II SUBUNIT ALPHA,CHEMBL3038477,CHEMBL289277,IC50,460.0,nM,6.34,ChEMBL
Emodin,CASEIN KINASE II SUBUNIT ALPHA 3,CHEMBL3832943,CHEMBL289277,Ki,1900.0,nM,5.72,ChEMBL
Emodin,CASEIN KINASE II SUBUNIT ALPHA',CHEMBL2095191,CHEMBL289277,IC50,580.0,nM,6.24,ChEMBL
Emodin,CASEIN KINASE II SUBUNIT BETA,CHEMBL3038477,CHEMBL289277,IC50,460.0,nM,6.34,ChEMBL
Emodin,CEREBROSIDE-SULFATASE,CHEMBL2193,CHEMBL289277,Potency,2133.1,nM,,ChEMBL
Emodin,CHOLESTEROL 25-HYDROXYLASE,CHEMBL3356,CHEMBL289277,IC50,3730.0,nM,5.43,ChEMBL
Emodin,CK II ALPHA,CHEMBL3038477,CHEMBL289277,IC50,460.0,nM,6.34,ChEMBL
Emodin,CK II ALPHA 3,CHEMBL3832943,CHEMBL289277,Ki,1900.0,nM,5.72,ChEMBL
Emodin,CK II ALPHA',CHEMBL2095191,CHEMBL289277,IC50,580.0,nM,6.24,ChEMBL
Emodin,CK II BETA,CHEMBL3038477,CHEMBL289277,IC50,460.0,nM,6.34,ChEMBL
Emodin,CLASS E BASIC HELIX-LOOP-HELIX PROTEIN 78,CHEMBL4261,CHEMBL289277,Potency,10000.0,nM,5.0,ChEMBL
Emodin,CRUZAINE,CHEMBL3563,CHEMBL289277,Potency,3162.3,nM,5.5,ChEMBL
Emodin,CRUZIPAIN,CHEMBL3563,CHEMBL289277,Potency,3162.3,nM,5.5,ChEMBL
Emodin,CSNK2A1,CHEMBL3038477,CHEMBL289277,IC50,460.0,nM,6.34,ChEMBL
Emodin,CSNK2A2,CHEMBL2095191,CHEMBL289277,IC50,580.0,nM,6.24,ChEMBL
Emodin,CSNK2A3,CHEMBL3832943,CHEMBL289277,Ki,1900.0,nM,5.72,ChEMBL
Emodin,CSNK2B,CHEMBL3038477,CHEMBL289277,IC50,460.0,nM,6.34,ChEMBL
Emodin,CYP1A2,CHEMBL3356,CHEMBL289277,IC50,3730.0,nM,5.43,ChEMBL
Emodin,CYP1B1,CHEMBL4878,CHEMBL289277,IC50,3730.0,nM,5.43,ChEMBL
Emodin,CYP2C19,CHEMBL3622,CHEMBL289277,Potency,7943.3,nM,5.1,ChEMBL
Emodin,CYP2C9,CHEMBL3397,CHEMBL289277,Potency,3981.1,nM,5.4,ChEMBL
Emodin,CYP3A4,CHEMBL340,CHEMBL289277,Potency,10000.0,nM,5.0,ChEMBL
Emodin,CYPIA2,CHEMBL3356,CHEMBL289277,IC50,3730.0,nM,5.43,ChEMBL
Emodin,CYPIB1,CHEMBL4878,CHEMBL289277,IC50,3730.0,nM,5.43,ChEMBL
Emodin,CYPIIC17,CHEMBL3622,CHEMBL289277,Potency,7943.3,nM,5.1,ChEMBL
Emodin,CYPIIC19,CHEMBL3622,CHEMBL289277,Potency,7943.3,nM,5.1,ChEMBL
Emodin,CYPIIC9,CHEMBL3397,CHEMBL289277,Potency,3981.1,nM,5.4,ChEMBL
Emodin,CYPIIIA3,CHEMBL340,CHEMBL289277,Potency,10000.0,nM,5.0,ChEMBL
Emodin,CYPIIIA4,CHEMBL340,CHEMBL289277,Potency,10000.0,nM,5.0,ChEMBL
Emodin,CYTOCHROME,CHEMBL4878,CHEMBL289277,IC50,3730.0,nM,5.43,ChEMBL
Emodin,CYTOCHROME P(3)450,CHEMBL3356,CHEMBL289277,IC50,3730.0,nM,5.43,ChEMBL
Emodin,CYTOCHROME P-450MP,CHEMBL3397,CHEMBL289277,Potency,3981.1,nM,5.4,ChEMBL
Emodin,CYTOCHROME P450 1A2,CHEMBL3356,CHEMBL289277,IC50,3730.0,nM,5.43,ChEMBL
Emodin,CYTOCHROME P450 1B1,CHEMBL4878,CHEMBL289277,IC50,3730.0,nM,5.43,ChEMBL
Emodin,CYTOCHROME P450 2C19,CHEMBL3622,CHEMBL289277,Potency,7943.3,nM,5.1,ChEMBL
Emodin,CYTOCHROME P450 2C9,CHEMBL3397,CHEMBL289277,Potency,3981.1,nM,5.4,ChEMBL
Emodin,CYTOCHROME P450 3A3,CHEMBL340,CHEMBL289277,Potency,10000.0,nM,5.0,ChEMBL
Emodin,CYTOCHROME P450 3A4,CHEMBL340,CHEMBL289277,Potency,10000.0,nM,5.0,ChEMBL
Emodin,CYTOCHROME P450 4,CHEMBL3356,CHEMBL289277,IC50,3730.0,nM,5.43,ChEMBL
Emodin,CYTOCHROME P450 HLP,CHEMBL340,CHEMBL289277,Potency,10000.0,nM,5.0,ChEMBL
Emodin,CYTOCHROME P450 MP-4,CHEMBL3397,CHEMBL289277,Potency,3981.1,nM,5.4,ChEMBL
Emodin,CYTOCHROME P450 MP-8,CHEMBL3397,CHEMBL289277,Potency,3981.1,nM,5.4,ChEMBL
Emodin,CYTOCHROME P450 NF-25,CHEMBL340,CHEMBL289277,Potency,10000.0,nM,5.0,ChEMBL
Emodin,CYTOCHROME P450 PB-1,CHEMBL3397,CHEMBL289277,Potency,3981.1,nM,5.4,ChEMBL
Emodin,CYTOCHROME P450-11A,CHEMBL3622,CHEMBL289277,Potency,7943.3,nM,5.1,ChEMBL
Emodin,CYTOCHROME P450-254C,CHEMBL3622,CHEMBL289277,Potency,7943.3,nM,5.1,ChEMBL
Emodin,CYTOCHROME P450-P3,CHEMBL3356,CHEMBL289277,IC50,3730.0,nM,5.43,ChEMBL
Emodin,CYTOCHROME P450-PCN1,CHEMBL340,CHEMBL289277,Potency,10000.0,nM,5.0,ChEMBL
Emodin,CYTOPLASMIC,CHEMBL6035,CHEMBL289277,Potency,4228.4,nM,,ChEMBL
Emodin,DEACETYLASE,CHEMBL1865,CHEMBL289277,IC50,1076.0,nM,5.97,ChEMBL
Emodin,DEHYDROGENASE,CHEMBL4159,CHEMBL289277,Potency,398.1,nM,6.4,ChEMBL
Emodin,DELTA,CHEMBL3979,CHEMBL289277,Potency,5623.4,nM,,ChEMBL
Emodin,DIOXYGENASE,CHEMBL2331065,CHEMBL289277,IC50,4530.0,nM,5.34,ChEMBL
Emodin,DNA,CHEMBL1293237,CHEMBL289277,Potency,3548.1,nM,5.45,ChEMBL
Emodin,DNA 3'-5' HELICASE BLM,CHEMBL1293237,CHEMBL289277,Potency,3548.1,nM,5.45,ChEMBL
Emodin,"DNA HELICASE, RECQ-LIKE TYPE 2",CHEMBL1293237,CHEMBL289277,Potency,3548.1,nM,5.45,ChEMBL
Emodin,DNA POLYMERASE IOTA,CHEMBL5391,CHEMBL289277,Potency,3981.1,nM,,ChEMBL
Emodin,DNA REPAIR NUCLEASE/REDOX REGULATOR APEX1,CHEMBL5619,CHEMBL289277,Potency,10000.0,nM,,ChEMBL
Emodin,"DNA REPAIR NUCLEASE/REDOX REGULATOR APEX1, MITOCHONDRIAL",CHEMBL5619,CHEMBL289277,Potency,10000.0,nM,,ChEMBL
Emodin,DNA-(APURINIC OR APYRIMIDINIC SITE) ENDONUCLEASE,CHEMBL5619,CHEMBL289277,Potency,10000.0,nM,,ChEMBL
Emodin,DNASE IV,CHEMBL5027,CHEMBL289277,Potency,6701.6,nM,,ChEMBL
Emodin,E3 UBIQUITIN-PROTEIN LIGASE HDAC6,CHEMBL1865,CHEMBL289277,IC50,1076.0,nM,5.97,ChEMBL
Emodin,EHMT2,CHEMBL6032,CHEMBL289277,Potency,8912.5,nM,,ChEMBL
Emodin,ENDONUCLEASE,CHEMBL5027,CHEMBL289277,Potency,6701.6,nM,,ChEMBL
Emodin,ENDOPLASMIC RETICULUM-ASSOCIATED AMYLOID BETA-PEPTIDE-BINDING PROTEIN,CHEMBL4159,CHEMBL289277,Potency,398.1,nM,6.4,ChEMBL
Emodin,ER-ALPHA,CHEMBL206,CHEMBL289277,IC50,2700.0,nM,5.57,ChEMBL
Emodin,ER-BETA,CHEMBL242,CHEMBL289277,IC50,5200.0,nM,5.28,ChEMBL
Emodin,ERYTHROID,CHEMBL1075094,CHEMBL289277,Potency,9688.5,nM,,ChEMBL
Emodin,ESR1,CHEMBL206,CHEMBL289277,IC50,2700.0,nM,5.57,ChEMBL
Emodin,ESR2,CHEMBL242,CHEMBL289277,IC50,5200.0,nM,5.28,ChEMBL
Emodin,ESTRADIOL RECEPTOR,CHEMBL206,CHEMBL289277,IC50,2700.0,nM,5.57,ChEMBL
Emodin,ESTROGEN,CHEMBL206,CHEMBL289277,IC50,2700.0,nM,5.57,ChEMBL
Emodin,ESTROGEN RECEPTOR,CHEMBL206,CHEMBL289277,IC50,2700.0,nM,5.57,ChEMBL
Emodin,ESTROGEN RECEPTOR BETA,CHEMBL242,CHEMBL289277,IC50,5200.0,nM,5.28,ChEMBL
Emodin,ETA2,CHEMBL5391,CHEMBL289277,Potency,3981.1,nM,,ChEMBL
Emodin,EUCHROMATIC HISTONE-LYSINE N-METHYLTRANSFERASE 2,CHEMBL6032,CHEMBL289277,Potency,8912.5,nM,,ChEMBL
Emodin,FACTOR,CHEMBL4372,CHEMBL289277,Potency,2511.9,nM,5.6,ChEMBL
Emodin,FAMILY,CHEMBL1900,CHEMBL289277,Ki,2113.0,nM,5.67,ChEMBL
Emodin,FAT MASS AND OBESITY-ASSOCIATED PROTEIN,CHEMBL2331065,CHEMBL289277,IC50,4530.0,nM,5.34,ChEMBL
Emodin,FATTY,CHEMBL2903,CHEMBL289277,Potency,10000.0,nM,5.0,ChEMBL
Emodin,FEN-1,CHEMBL5027,CHEMBL289277,Potency,6701.6,nM,,ChEMBL
Emodin,FEN1,CHEMBL5027,CHEMBL289277,Potency,6701.6,nM,,ChEMBL
Emodin,FENBENDAZOLE MONOOXYGENASE (4'-HYDROXYLATING),CHEMBL3622,CHEMBL289277,Potency,7943.3,nM,5.1,ChEMBL
Emodin,FLAP,CHEMBL5027,CHEMBL289277,Potency,6701.6,nM,,ChEMBL
Emodin,FLAP ENDONUCLEASE 1,CHEMBL5027,CHEMBL289277,Potency,6701.6,nM,,ChEMBL
Emodin,FLAP STRUCTURE-SPECIFIC ENDONUCLEASE 1,CHEMBL5027,CHEMBL289277,Potency,6701.6,nM,,ChEMBL
Emodin,FTO,CHEMBL2331065,CHEMBL289277,IC50,4530.0,nM,5.34,ChEMBL
Emodin,GEMININ,CHEMBL1293278,CHEMBL289277,Potency,1835.6,nM,,ChEMBL
Emodin,GLUCOCORTICOID,CHEMBL2034,CHEMBL289277,Potency,10000.0,nM,,ChEMBL
Emodin,GLUCOCORTICOID RECEPTOR,CHEMBL2034,CHEMBL289277,Potency,10000.0,nM,,ChEMBL
Emodin,GMNN,CHEMBL1293278,CHEMBL289277,Potency,1835.6,nM,,ChEMBL
Emodin,H3-K9-HMTASE 3,CHEMBL6032,CHEMBL289277,Potency,8912.5,nM,,ChEMBL
Emodin,HCT-116,CHEMBL394,CHEMBL289277,IC50,5700.0,nM,5.24,ChEMBL
Emodin,HDAC6,CHEMBL1865,CHEMBL289277,IC50,1076.0,nM,5.97,ChEMBL
Emodin,HEK293,CHEMBL614818,CHEMBL289277,IC50,1300.0,nM,5.89,ChEMBL
Emodin,HELICASE,CHEMBL1293237,CHEMBL289277,Potency,3548.1,nM,5.45,ChEMBL
Emodin,HEPG2,CHEMBL395,CHEMBL289277,IC50,5200.0,nM,5.28,ChEMBL
Emodin,HEPOXILIN A3 SYNTHASE ALOX15,CHEMBL2903,CHEMBL289277,Potency,10000.0,nM,5.0,ChEMBL
Emodin,HFEN-1,CHEMBL5027,CHEMBL289277,Potency,6701.6,nM,,ChEMBL
Emodin,HIF-1-ALPHA,CHEMBL4261,CHEMBL289277,Potency,10000.0,nM,5.0,ChEMBL
Emodin,HIF1-ALPHA,CHEMBL4261,CHEMBL289277,Potency,10000.0,nM,5.0,ChEMBL
Emodin,HIF1A,CHEMBL4261,CHEMBL289277,Potency,10000.0,nM,5.0,ChEMBL
Emodin,HISTONE H3-K9 METHYLTRANSFERASE 3,CHEMBL6032,CHEMBL289277,Potency,8912.5,nM,,ChEMBL
Emodin,HISTONE-LYSINE N-METHYLTRANSFERASE EHMT2,CHEMBL6032,CHEMBL289277,Potency,8912.5,nM,,ChEMBL
Emodin,HLA-B-ASSOCIATED TRANSCRIPT 8,CHEMBL6032,CHEMBL289277,Potency,8912.5,nM,,ChEMBL
Emodin,HSD17B10,CHEMBL4159,CHEMBL289277,Potency,398.1,nM,6.4,ChEMBL
Emodin,HYDROPEROXY ICOSATETRAENOATE DEHYDRATASE,CHEMBL4878,CHEMBL289277,IC50,3730.0,nM,5.43,ChEMBL
Emodin,HYPOXIA-INDUCIBLE FACTOR 1-ALPHA,CHEMBL4261,CHEMBL289277,Potency,10000.0,nM,5.0,ChEMBL
Emodin,II,CHEMBL3629,CHEMBL289277,IC50,2000.0,nM,5.7,ChEMBL
Emodin,IOTA,CHEMBL5391,CHEMBL289277,Potency,3981.1,nM,,ChEMBL
Emodin,IVA,CHEMBL4162,CHEMBL289277,IC50,3500.0,nM,5.46,ChEMBL
Emodin,KINASE,CHEMBL3629,CHEMBL289277,IC50,2000.0,nM,5.7,ChEMBL
Emodin,LAMIN-A/C,CHEMBL1293235,CHEMBL289277,Potency,5.6,nM,8.25,ChEMBL
Emodin,LEF,CHEMBL4372,CHEMBL289277,Potency,2511.9,nM,5.6,ChEMBL
Emodin,LETHAL,CHEMBL4372,CHEMBL289277,Potency,2511.9,nM,5.6,ChEMBL
Emodin,LETHAL FACTOR,CHEMBL4372,CHEMBL289277,Potency,2511.9,nM,5.6,ChEMBL
Emodin,LINOLEATE 13S-LIPOXYGENASE,CHEMBL2903,CHEMBL289277,Potency,10000.0,nM,5.0,ChEMBL
Emodin,LIPOXYGENASE,CHEMBL2903,CHEMBL289277,Potency,10000.0,nM,5.0,ChEMBL
Emodin,LMNA,CHEMBL1293235,CHEMBL289277,Potency,5.6,nM,8.25,ChEMBL
Emodin,LYMPHOBLASTOID CELL,CHEMBL614696,CHEMBL289277,Potency,631.0,nM,6.2,ChEMBL
Emodin,LYSINE N-METHYLTRANSFERASE 1C,CHEMBL6032,CHEMBL289277,Potency,8912.5,nM,,ChEMBL
Emodin,M6A(M)-DEMETHYLASE FTO,CHEMBL2331065,CHEMBL289277,IC50,4530.0,nM,5.34,ChEMBL
Emodin,MACROPAIN EPSILON CHAIN,CHEMBL4662,CHEMBL289277,IC50,1220.0,nM,5.91,ChEMBL
Emodin,MACROPAIN SUBUNIT C5,CHEMBL4208,CHEMBL289277,IC50,240.0,nM,6.62,ChEMBL
Emodin,MAJOR CYSTEINE PROTEINASE,CHEMBL3563,CHEMBL289277,Potency,3162.3,nM,5.5,ChEMBL
Emodin,MAO-A,CHEMBL1951,CHEMBL289277,IC50,4320.0,nM,5.37,ChEMBL
Emodin,MAO-B,CHEMBL2039,CHEMBL289277,IC50,3240.0,nM,5.49,ChEMBL
Emodin,MAOA,CHEMBL1951,CHEMBL289277,IC50,4320.0,nM,5.37,ChEMBL
Emodin,MAOB,CHEMBL2039,CHEMBL289277,IC50,3240.0,nM,5.49,ChEMBL
Emodin,MAPT,CHEMBL1293224,CHEMBL289277,Potency,10000.0,nM,5.0,ChEMBL
Emodin,MATURATION FACTOR 1,CHEMBL5027,CHEMBL289277,Potency,6701.6,nM,,ChEMBL
Emodin,MEMBER,CHEMBL1900,CHEMBL289277,Ki,2113.0,nM,5.67,ChEMBL
Emodin,MEMBER OF PAS PROTEIN 1,CHEMBL4261,CHEMBL289277,Potency,10000.0,nM,5.0,ChEMBL
Emodin,MEPHENYTOIN 4-HYDROXYLASE,CHEMBL3622,CHEMBL289277,Potency,7943.3,nM,5.1,ChEMBL
Emodin,MF1,CHEMBL5027,CHEMBL289277,Potency,6701.6,nM,,ChEMBL
Emodin,MHBD,CHEMBL4159,CHEMBL289277,Potency,398.1,nM,6.4,ChEMBL
Emodin,MICROTUBULE-ASSOCIATED PROTEIN TAU,CHEMBL1293224,CHEMBL289277,Potency,10000.0,nM,5.0,ChEMBL
Emodin,MITOCHONDRIAL RIBONUCLEASE P PROTEIN 2,CHEMBL4159,CHEMBL289277,Potency,398.1,nM,6.4,ChEMBL
Emodin,MITOCHONDRIAL RNASE P PROTEIN 2,CHEMBL4159,CHEMBL289277,Potency,398.1,nM,6.4,ChEMBL
Emodin,MONOAMINE OXIDASE TYPE A,CHEMBL1951,CHEMBL289277,IC50,4320.0,nM,5.37,ChEMBL
Emodin,MONOAMINE OXIDASE TYPE B,CHEMBL2039,CHEMBL289277,IC50,3240.0,nM,5.49,ChEMBL
Emodin,MRNA (2'-O-METHYLADENOSINE-N(6)-)-DEMETHYLASE FTO,CHEMBL2331065,CHEMBL289277,IC50,4530.0,nM,5.34,ChEMBL
Emodin,MRNA N(6)-METHYLADENOSINE DEMETHYLASE FTO,CHEMBL2331065,CHEMBL289277,IC50,4530.0,nM,5.34,ChEMBL
Emodin,MULTICATALYTIC ENDOPEPTIDASE COMPLEX EPSILON CHAIN,CHEMBL4662,CHEMBL289277,IC50,1220.0,nM,5.91,ChEMBL
Emodin,MULTICATALYTIC ENDOPEPTIDASE COMPLEX SUBUNIT C5,CHEMBL4208,CHEMBL289277,IC50,240.0,nM,6.62,ChEMBL
Emodin,NADPH-DEPENDENT THIOREDOXIN REDUCTASE,CHEMBL6035,CHEMBL289277,Potency,4228.4,nM,,ChEMBL
Emodin,NEUROFIBRILLARY TANGLE PROTEIN,CHEMBL1293224,CHEMBL289277,Potency,10000.0,nM,5.0,ChEMBL
Emodin,NF-E2-RELATED FACTOR 2,CHEMBL1075094,CHEMBL289277,Potency,9688.5,nM,,ChEMBL
Emodin,NFE2-RELATED FACTOR 2,CHEMBL1075094,CHEMBL289277,Potency,9688.5,nM,,ChEMBL
Emodin,NFE2L2,CHEMBL1075094,CHEMBL289277,Potency,9688.5,nM,,ChEMBL
Emodin,NIFEDIPINE OXIDASE,CHEMBL340,CHEMBL289277,Potency,10000.0,nM,5.0,ChEMBL
Emodin,NON-PROTEIN TARGET,CHEMBL3879801,CHEMBL289277,Potency,10000.0,nM,5.0,ChEMBL
Emodin,NR3C1,CHEMBL2034,CHEMBL289277,Potency,10000.0,nM,,ChEMBL
Emodin,NRF-2,CHEMBL1075094,CHEMBL289277,Potency,9688.5,nM,,ChEMBL
Emodin,NUC1,CHEMBL3979,CHEMBL289277,Potency,5623.4,nM,,ChEMBL
Emodin,NUCI,CHEMBL3979,CHEMBL289277,Potency,5623.4,nM,,ChEMBL
Emodin,NUCLEAR,CHEMBL1075094,CHEMBL289277,Potency,9688.5,nM,,ChEMBL
Emodin,NUCLEAR FACTOR ERYTHROID 2-RELATED FACTOR 2,CHEMBL1075094,CHEMBL289277,Potency,9688.5,nM,,ChEMBL
Emodin,"NUCLEAR FACTOR, ERYTHROID DERIVED 2, LIKE 2",CHEMBL1075094,CHEMBL289277,Potency,9688.5,nM,,ChEMBL
Emodin,NUCLEAR HORMONE RECEPTOR 1,CHEMBL3979,CHEMBL289277,Potency,5623.4,nM,,ChEMBL
Emodin,NUCLEAR RECEPTOR SUBFAMILY 1 GROUP C MEMBER 2,CHEMBL3979,CHEMBL289277,Potency,5623.4,nM,,ChEMBL
Emodin,NUCLEAR RECEPTOR SUBFAMILY 3 GROUP A MEMBER 1,CHEMBL206,CHEMBL289277,IC50,2700.0,nM,5.57,ChEMBL
Emodin,NUCLEAR RECEPTOR SUBFAMILY 3 GROUP A MEMBER 2,CHEMBL242,CHEMBL289277,IC50,5200.0,nM,5.28,ChEMBL
Emodin,NUCLEAR RECEPTOR SUBFAMILY 3 GROUP C MEMBER 1,CHEMBL2034,CHEMBL289277,Potency,10000.0,nM,,ChEMBL
Emodin,OXIDASE,CHEMBL2039,CHEMBL289277,IC50,3240.0,nM,5.49,ChEMBL
Emodin,P2RY12,CHEMBL2001,CHEMBL289277,Ki,10000.0,nM,,ChEMBL
Emodin,P2T(AC),CHEMBL2001,CHEMBL289277,Ki,10000.0,nM,,ChEMBL
Emodin,P2Y PURINOCEPTOR 12,CHEMBL2001,CHEMBL289277,Ki,10000.0,nM,,ChEMBL
Emodin,P2Y(AC),CHEMBL2001,CHEMBL289277,Ki,10000.0,nM,,ChEMBL
Emodin,P2Y(ADP),CHEMBL2001,CHEMBL289277,Ki,10000.0,nM,,ChEMBL
Emodin,P2Y(CYC),CHEMBL2001,CHEMBL289277,Ki,10000.0,nM,,ChEMBL
Emodin,P2Y12,CHEMBL2001,CHEMBL289277,Ki,10000.0,nM,,ChEMBL
Emodin,P2Y12 PLATELET ADP RECEPTOR,CHEMBL2001,CHEMBL289277,Ki,10000.0,nM,,ChEMBL
Emodin,PAIRED HELICAL FILAMENT-TAU,CHEMBL1293224,CHEMBL289277,Potency,10000.0,nM,5.0,ChEMBL
Emodin,PAS DOMAIN-CONTAINING PROTEIN 8,CHEMBL4261,CHEMBL289277,Potency,10000.0,nM,5.0,ChEMBL
Emodin,PEROXIDASE TXNRD1,CHEMBL6035,CHEMBL289277,Potency,4228.4,nM,,ChEMBL
Emodin,PEROXISOME,CHEMBL3979,CHEMBL289277,Potency,5623.4,nM,,ChEMBL
Emodin,PEROXISOME PROLIFERATOR-ACTIVATED RECEPTOR BETA,CHEMBL3979,CHEMBL289277,Potency,5623.4,nM,,ChEMBL
Emodin,PEROXISOME PROLIFERATOR-ACTIVATED RECEPTOR DELTA,CHEMBL3979,CHEMBL289277,Potency,5623.4,nM,,ChEMBL
Emodin,PHF-TAU,CHEMBL1293224,CHEMBL289277,Potency,10000.0,nM,5.0,ChEMBL
Emodin,PHOSPHATASE,CHEMBL4162,CHEMBL289277,IC50,3500.0,nM,5.46,ChEMBL
Emodin,PHOSVITIN,CHEMBL3038477,CHEMBL289277,IC50,460.0,nM,6.34,ChEMBL
Emodin,PIM1,CHEMBL2147,CHEMBL289277,IC50,2500.0,nM,5.6,ChEMBL
Emodin,PLASMODIUM FALCIPARUM,CHEMBL364,CHEMBL289277,IC50,10000.0,nM,,ChEMBL
Emodin,POLI,CHEMBL5391,CHEMBL289277,Potency,3981.1,nM,,ChEMBL
Emodin,POLYMERASE,CHEMBL5391,CHEMBL289277,Potency,3981.1,nM,,ChEMBL
Emodin,POLYUNSATURATED,CHEMBL2903,CHEMBL289277,Potency,10000.0,nM,5.0,ChEMBL
Emodin,POLYUNSATURATED FATTY ACID LIPOXYGENASE ALOX15,CHEMBL2903,CHEMBL289277,Potency,10000.0,nM,5.0,ChEMBL
Emodin,PPAR-BETA,CHEMBL3979,CHEMBL289277,Potency,5623.4,nM,,ChEMBL
Emodin,PPAR-DELTA,CHEMBL3979,CHEMBL289277,Potency,5623.4,nM,,ChEMBL
Emodin,PPARD,CHEMBL3979,CHEMBL289277,Potency,5623.4,nM,,ChEMBL
Emodin,PRELAMIN-A/C,CHEMBL1293235,CHEMBL289277,Potency,5.6,nM,8.25,ChEMBL
Emodin,PRL-3,CHEMBL4162,CHEMBL289277,IC50,3500.0,nM,5.46,ChEMBL
Emodin,PRL-R,CHEMBL4162,CHEMBL289277,IC50,3500.0,nM,5.46,ChEMBL
Emodin,PROTEASOME,CHEMBL4208,CHEMBL289277,IC50,240.0,nM,6.62,ChEMBL
Emodin,PROTEASOME CHAIN 6,CHEMBL4662,CHEMBL289277,IC50,1220.0,nM,5.91,ChEMBL
Emodin,PROTEASOME COMPONENT C5,CHEMBL4208,CHEMBL289277,IC50,240.0,nM,6.62,ChEMBL
Emodin,PROTEASOME EPSILON CHAIN,CHEMBL4662,CHEMBL289277,IC50,1220.0,nM,5.91,ChEMBL
Emodin,PROTEASOME GAMMA CHAIN,CHEMBL4208,CHEMBL289277,IC50,240.0,nM,6.62,ChEMBL
Emodin,PROTEASOME SUBUNIT BETA TYPE-1,CHEMBL4208,CHEMBL289277,IC50,240.0,nM,6.62,ChEMBL
Emodin,PROTEASOME SUBUNIT BETA TYPE-5,CHEMBL4662,CHEMBL289277,IC50,1220.0,nM,5.91,ChEMBL
Emodin,PROTEASOME SUBUNIT BETA-5,CHEMBL4662,CHEMBL289277,IC50,1220.0,nM,5.91,ChEMBL
Emodin,PROTEASOME SUBUNIT BETA-6,CHEMBL4208,CHEMBL289277,IC50,240.0,nM,6.62,ChEMBL
Emodin,PROTEASOME SUBUNIT MB1,CHEMBL4662,CHEMBL289277,IC50,1220.0,nM,5.91,ChEMBL
Emodin,PROTEASOME SUBUNIT X,CHEMBL4662,CHEMBL289277,IC50,1220.0,nM,5.91,ChEMBL
Emodin,PROTEIN,CHEMBL1865,CHEMBL289277,IC50,1076.0,nM,5.97,ChEMBL
Emodin,PROTEIN DEACETYLASE HDAC6,CHEMBL1865,CHEMBL289277,IC50,1076.0,nM,5.97,ChEMBL
Emodin,PROTEIN G5A,CHEMBL3038477,CHEMBL289277,IC50,460.0,nM,6.34,ChEMBL
Emodin,PROTEIN G9A,CHEMBL6032,CHEMBL289277,Potency,8912.5,nM,,ChEMBL
Emodin,PROTEIN TYROSINE PHOSPHATASE TYPE IVA 3,CHEMBL4162,CHEMBL289277,IC50,3500.0,nM,5.46,ChEMBL
Emodin,PROTEIN-TYROSINE PHOSPHATASE 4A3,CHEMBL4162,CHEMBL289277,IC50,3500.0,nM,5.46,ChEMBL
Emodin,PROTEIN-TYROSINE PHOSPHATASE OF REGENERATING LIVER 3,CHEMBL4162,CHEMBL289277,IC50,3500.0,nM,5.46,ChEMBL
Emodin,PSMB1,CHEMBL4208,CHEMBL289277,IC50,240.0,nM,6.62,ChEMBL
Emodin,PSMB5,CHEMBL4662,CHEMBL289277,IC50,1220.0,nM,5.91,ChEMBL
Emodin,PTP4A3,CHEMBL4162,CHEMBL289277,IC50,3500.0,nM,5.46,ChEMBL
Emodin,PURINOCEPTOR,CHEMBL2001,CHEMBL289277,Ki,10000.0,nM,,ChEMBL
Emodin,QUININE 3-MONOOXYGENASE,CHEMBL340,CHEMBL289277,Potency,10000.0,nM,5.0,ChEMBL
Emodin,RAD30 HOMOLOG B,CHEMBL5391,CHEMBL289277,Potency,3981.1,nM,,ChEMBL
Emodin,RECEPTOR,CHEMBL206,CHEMBL289277,IC50,2700.0,nM,5.57,ChEMBL
Emodin,RECQ PROTEIN-LIKE 3,CHEMBL1293237,CHEMBL289277,Potency,3548.1,nM,5.45,ChEMBL
Emodin,RECQ-LIKE DNA HELICASE BLM,CHEMBL1293237,CHEMBL289277,Potency,3548.1,nM,5.45,ChEMBL
Emodin,RECQ2,CHEMBL1293237,CHEMBL289277,Potency,3548.1,nM,5.45,ChEMBL
Emodin,REDOX FACTOR-1,CHEMBL5619,CHEMBL289277,Potency,10000.0,nM,,ChEMBL
Emodin,REDUCTASE,CHEMBL1900,CHEMBL289277,Ki,2113.0,nM,5.67,ChEMBL
Emodin,REF-1,CHEMBL5619,CHEMBL289277,Potency,10000.0,nM,,ChEMBL
Emodin,REGULATOR,CHEMBL5619,CHEMBL289277,Potency,10000.0,nM,,ChEMBL
Emodin,RENAL CARCINOMA ANTIGEN NY-REN-32,CHEMBL1293235,CHEMBL289277,Potency,5.6,nM,8.25,ChEMBL
Emodin,REPAIR,CHEMBL5619,CHEMBL289277,Potency,10000.0,nM,,ChEMBL
Emodin,S-MEPHENYTOIN 4-HYDROXYLASE,CHEMBL3397,CHEMBL289277,Potency,3981.1,nM,5.4,ChEMBL
Emodin,SACCHAROMYCES CEREVISIAE,CHEMBL361,CHEMBL289277,Potency,2592.9,nM,5.59,ChEMBL
Emodin,SARS-COV-2,CHEMBL4303835,CHEMBL289277,EC50,2210.0,nM,5.66,ChEMBL
Emodin,SERINE/THREONINE-PROTEIN KINASE PIM-1,CHEMBL2147,CHEMBL289277,IC50,2500.0,nM,5.6,ChEMBL
Emodin,SGC-7901,CHEMBL614909,CHEMBL289277,IC50,5600.0,nM,5.25,ChEMBL
Emodin,SHORT CHAIN DEHYDROGENASE/REDUCTASE FAMILY 5C MEMBER 1,CHEMBL4159,CHEMBL289277,Potency,398.1,nM,6.4,ChEMBL
Emodin,SHORT-CHAIN TYPE DEHYDROGENASE/REDUCTASE XH98G2,CHEMBL4159,CHEMBL289277,Potency,398.1,nM,6.4,ChEMBL
Emodin,SP1999,CHEMBL2001,CHEMBL289277,Ki,10000.0,nM,,ChEMBL
Emodin,SUBUNIT,CHEMBL4208,CHEMBL289277,IC50,240.0,nM,6.62,ChEMBL
Emodin,SUID ALPHAHERPESVIRUS 1,CHEMBL613133,CHEMBL289277,EC50,470.0,nM,6.33,ChEMBL
Emodin,T-24,CHEMBL614774,CHEMBL289277,EC50,1700.0,nM,5.77,ChEMBL
Emodin,TAU,CHEMBL1293224,CHEMBL289277,Potency,10000.0,nM,5.0,ChEMBL
Emodin,TDP1,CHEMBL1075138,CHEMBL289277,Potency,6513.1,nM,,ChEMBL
Emodin,THIOREDOXIN,CHEMBL6035,CHEMBL289277,Potency,4228.4,nM,,ChEMBL
Emodin,"THIOREDOXIN REDUCTASE 1, CYTOPLASMIC",CHEMBL6035,CHEMBL289277,Potency,4228.4,nM,,ChEMBL
Emodin,THIOREDOXIN REDUCTASE TR1,CHEMBL6035,CHEMBL289277,Potency,4228.4,nM,,ChEMBL
Emodin,THYROID-STIMULATING HORMONE RECEPTOR,CHEMBL1963,CHEMBL289277,Potency,7943.3,nM,5.1,ChEMBL
Emodin,THYROTROPIN,CHEMBL1963,CHEMBL289277,Potency,7943.3,nM,5.1,ChEMBL
Emodin,THYROTROPIN RECEPTOR,CHEMBL1963,CHEMBL289277,Potency,7943.3,nM,5.1,ChEMBL
Emodin,TRNA N1-METHYL ADENINE DEMETHYLASE FTO,CHEMBL2331065,CHEMBL289277,IC50,4530.0,nM,5.34,ChEMBL
Emodin,TSH-R,CHEMBL1963,CHEMBL289277,Potency,7943.3,nM,5.1,ChEMBL
Emodin,TSHR,CHEMBL1963,CHEMBL289277,Potency,7943.3,nM,5.1,ChEMBL
Emodin,TUBULIN-LYSINE DEACETYLASE HDAC6,CHEMBL1865,CHEMBL289277,IC50,1076.0,nM,5.97,ChEMBL
Emodin,TXNRD1,CHEMBL6035,CHEMBL289277,Potency,4228.4,nM,,ChEMBL
Emodin,TYPE,CHEMBL4162,CHEMBL289277,IC50,3500.0,nM,5.46,ChEMBL
Emodin,TYPE II HADH,CHEMBL4159,CHEMBL289277,Potency,398.1,nM,6.4,ChEMBL
Emodin,TYR-DNA PHOSPHODIESTERASE 1,CHEMBL1075138,CHEMBL289277,Potency,6513.1,nM,,ChEMBL
Emodin,TYROSINE,CHEMBL4162,CHEMBL289277,IC50,3500.0,nM,5.46,ChEMBL
Emodin,TYROSYL-DNA PHOSPHODIESTERASE 1,CHEMBL1075138,CHEMBL289277,Potency,6513.1,nM,,ChEMBL
Emodin,U6 SMALL NUCLEAR RNA (2'-O-METHYLADENOSINE-N(6)-)-DEMETHYLASE FTO,CHEMBL2331065,CHEMBL289277,IC50,4530.0,nM,5.34,ChEMBL
Emodin,U6 SMALL NUCLEAR RNA N(6)-METHYLADENOSINE-DEMETHYLASE FTO,CHEMBL2331065,CHEMBL289277,IC50,4530.0,nM,5.34,ChEMBL
Emodin,UNCHECKED,CHEMBL612545,CHEMBL289277,IC50,890.0,nM,6.05,ChEMBL
Emodin,ZIKA VIRUS,CHEMBL4296612,CHEMBL289277,IC50,3200.0,nM,5.5,ChEMBL
Epicatechin,CTHBP,CHEMBL1075189,CHEMBL80941,IC50,1330.0,nM,5.88,ChEMBL
Epicatechin,CYTOSOLIC THYROID HORMONE-BINDING PROTEIN,CHEMBL1075189,CHEMBL80941,IC50,1330.0,nM,5.88,ChEMBL
Epicatechin,KINASE,CHEMBL1075189,CHEMBL80941,IC50,1330.0,nM,5.88,ChEMBL
Epicatechin,OIP-3,CHEMBL1075189,CHEMBL80941,IC50,1330.0,nM,5.88,ChEMBL
Epicatechin,OPA-INTERACTING PROTEIN 3,CHEMBL1075189,CHEMBL80941,IC50,1330.0,nM,5.88,ChEMBL
Epicatechin,P58,CHEMBL1075189,CHEMBL80941,IC50,1330.0,nM,5.88,ChEMBL
Epicatechin,PKM,CHEMBL1075189,CHEMBL80941,IC50,1330.0,nM,5.88,ChEMBL
Epicatechin,PYRUVATE,CHEMBL1075189,CHEMBL80941,IC50,1330.0,nM,5.88,ChEMBL
Epicatechin,PYRUVATE KINASE 2/3,CHEMBL1075189,CHEMBL80941,IC50,1330.0,nM,5.88,ChEMBL
Epicatechin,PYRUVATE KINASE MUSCLE ISOZYME,CHEMBL1075189,CHEMBL80941,IC50,1330.0,nM,5.88,ChEMBL
Epicatechin,PYRUVATE KINASE PKM,CHEMBL1075189,CHEMBL80941,IC50,1330.0,nM,5.88,ChEMBL
Epicatechin,THBP1,CHEMBL1075189,CHEMBL80941,IC50,1330.0,nM,5.88,ChEMBL
Epicatechin,THREONINE-PROTEIN KINASE PKM2,CHEMBL1075189,CHEMBL80941,IC50,1330.0,nM,5.88,ChEMBL
Epicatechin,THYROID HORMONE-BINDING PROTEIN 1,CHEMBL1075189,CHEMBL80941,IC50,1330.0,nM,5.88,ChEMBL
Epicatechin,TUMOR M2-PK,CHEMBL1075189,CHEMBL80941,IC50,1330.0,nM,5.88,ChEMBL
Epicatechin,TYROSINE-PROTEIN KINASE PKM2,CHEMBL1075189,CHEMBL80941,IC50,1330.0,nM,5.88,ChEMBL
Erastin,AMINO ACID TRANSPORT SYSTEM XC-,CHEMBL1075149,CHEMBL401989,IC50,200.0,nM,6.7,ChEMBL
Erastin,B16,CHEMBL381,CHEMBL401989,IC50,5000.0,nM,5.3,ChEMBL
Erastin,BJ,CHEMBL614358,CHEMBL401989,IC50,2600.0,nM,5.58,ChEMBL
Erastin,C-33-A,CHEMBL2366313,CHEMBL401989,EC50,600.0,nM,6.22,ChEMBL
Erastin,CALCIUM CHANNEL BLOCKER RESISTANCE PROTEIN CCBR1,CHEMBL1075149,CHEMBL401989,IC50,200.0,nM,6.7,ChEMBL
Erastin,CALU-1,CHEMBL613505,CHEMBL401989,IC50,4000.0,nM,5.4,ChEMBL
Erastin,CHANNEL,CHEMBL6190,CHEMBL401989,Kd,100.0,nM,7.0,ChEMBL
Erastin,CYSTINE/GLUTAMATE TRANSPORTER,CHEMBL1075149,CHEMBL401989,IC50,200.0,nM,6.7,ChEMBL
Erastin,HELA,CHEMBL399,CHEMBL401989,EC50,600.0,nM,6.22,ChEMBL
Erastin,HEPA 1-6,CHEMBL6066745,CHEMBL401989,IC50,500.0,nM,6.3,ChEMBL
Erastin,HT-1080,CHEMBL614580,CHEMBL401989,IC50,3400.0,nM,5.47,ChEMBL
Erastin,HVDAC2,CHEMBL6190,CHEMBL401989,Kd,100.0,nM,7.0,ChEMBL
Erastin,ID8,CHEMBL6066801,CHEMBL401989,IC50,1200.0,nM,5.92,ChEMBL
Erastin,ION,CHEMBL6190,CHEMBL401989,Kd,100.0,nM,7.0,ChEMBL
Erastin,LNCAP,CHEMBL612518,CHEMBL401989,EC50,6000.0,nM,5.22,ChEMBL
Erastin,MC-38,CHEMBL612821,CHEMBL401989,IC50,500.0,nM,6.3,ChEMBL
Erastin,NON-PROTEIN TARGET,CHEMBL3879801,CHEMBL401989,EC50,3000.0,nM,5.52,ChEMBL
Erastin,NON-SELECTIVE VOLTAGE-GATED ION CHANNEL VDAC2,CHEMBL6190,CHEMBL401989,Kd,100.0,nM,7.0,ChEMBL
Erastin,OUTER MITOCHONDRIAL MEMBRANE PROTEIN PORIN 2,CHEMBL6190,CHEMBL401989,Kd,100.0,nM,7.0,ChEMBL
Erastin,SK-ES1,CHEMBL613970,CHEMBL401989,EC50,7000.0,nM,5.16,ChEMBL
Erastin,SK-LMS-1,CHEMBL2366096,CHEMBL401989,EC50,6000.0,nM,5.22,ChEMBL
Erastin,SK-N-MC,CHEMBL614163,CHEMBL401989,EC50,10000.0,nM,5.0,ChEMBL
Erastin,SLC7A11,CHEMBL1075149,CHEMBL401989,IC50,200.0,nM,6.7,ChEMBL
Erastin,SOLUTE CARRIER FAMILY 7 MEMBER 11,CHEMBL1075149,CHEMBL401989,IC50,200.0,nM,6.7,ChEMBL
Erastin,SVR,CHEMBL614869,CHEMBL401989,EC50,2500.0,nM,5.6,ChEMBL
Erastin,TRANSPORTER,CHEMBL1075149,CHEMBL401989,IC50,200.0,nM,6.7,ChEMBL
Erastin,U-937,CHEMBL612794,CHEMBL401989,EC50,10000.0,nM,5.0,ChEMBL
Erastin,U2OS,CHEMBL615023,CHEMBL401989,EC50,6000.0,nM,5.22,ChEMBL
Erastin,UNCHECKED,CHEMBL612545,CHEMBL401989,IC50,625.0,nM,6.2,ChEMBL
Erastin,VDAC-2,CHEMBL6190,CHEMBL401989,Kd,100.0,nM,7.0,ChEMBL
Erastin,VDAC2,CHEMBL6190,CHEMBL401989,Kd,100.0,nM,7.0,ChEMBL
Erastin,XCT,CHEMBL1075149,CHEMBL401989,IC50,200.0,nM,6.7,ChEMBL
Eucalyptol,AP ENDONUCLEASE 1,CHEMBL5619,CHEMBL485259,Potency,891.3,nM,,ChEMBL
Eucalyptol,APE-1,CHEMBL5619,CHEMBL485259,Potency,891.3,nM,,ChEMBL
Eucalyptol,APEN,CHEMBL5619,CHEMBL485259,Potency,891.3,nM,,ChEMBL
Eucalyptol,APEX NUCLEASE,CHEMBL5619,CHEMBL485259,Potency,891.3,nM,,ChEMBL
Eucalyptol,APEX1,CHEMBL5619,CHEMBL485259,Potency,891.3,nM,,ChEMBL
Eucalyptol,APURINIC-APYRIMIDINIC ENDONUCLEASE 1,CHEMBL5619,CHEMBL485259,Potency,891.3,nM,,ChEMBL
Eucalyptol,DNA,CHEMBL5619,CHEMBL485259,Potency,891.3,nM,,ChEMBL
Eucalyptol,DNA REPAIR NUCLEASE/REDOX REGULATOR APEX1,CHEMBL5619,CHEMBL485259,Potency,891.3,nM,,ChEMBL
Eucalyptol,"DNA REPAIR NUCLEASE/REDOX REGULATOR APEX1, MITOCHONDRIAL",CHEMBL5619,CHEMBL485259,Potency,891.3,nM,,ChEMBL
Eucalyptol,DNA-(APURINIC OR APYRIMIDINIC SITE) ENDONUCLEASE,CHEMBL5619,CHEMBL485259,Potency,891.3,nM,,ChEMBL
Eucalyptol,ERK-2,CHEMBL4040,CHEMBL485259,Potency,31.6,nM,7.5,ChEMBL
Eucalyptol,ERT1,CHEMBL4040,CHEMBL485259,Potency,31.6,nM,7.5,ChEMBL
Eucalyptol,EXTRACELLULAR SIGNAL-REGULATED KINASE 2,CHEMBL4040,CHEMBL485259,Potency,31.6,nM,7.5,ChEMBL
Eucalyptol,GEMININ,CHEMBL1293278,CHEMBL485259,Potency,5804.8,nM,,ChEMBL
Eucalyptol,GMNN,CHEMBL1293278,CHEMBL485259,Potency,5804.8,nM,,ChEMBL
Eucalyptol,KINASE,CHEMBL4040,CHEMBL485259,Potency,31.6,nM,7.5,ChEMBL
Eucalyptol,LYMPHOBLASTOID CELL,CHEMBL614696,CHEMBL485259,Potency,7943.3,nM,5.1,ChEMBL
Eucalyptol,MAP KINASE 1,CHEMBL4040,CHEMBL485259,Potency,31.6,nM,7.5,ChEMBL
Eucalyptol,MAP KINASE 2,CHEMBL4040,CHEMBL485259,Potency,31.6,nM,7.5,ChEMBL
Eucalyptol,MAP KINASE ISOFORM P42,CHEMBL4040,CHEMBL485259,Potency,31.6,nM,7.5,ChEMBL
Eucalyptol,MAPK 1,CHEMBL4040,CHEMBL485259,Potency,31.6,nM,7.5,ChEMBL
Eucalyptol,MAPK 2,CHEMBL4040,CHEMBL485259,Potency,31.6,nM,7.5,ChEMBL
Eucalyptol,MAPK1,CHEMBL4040,CHEMBL485259,Potency,31.6,nM,7.5,ChEMBL
Eucalyptol,MAPT,CHEMBL1293224,CHEMBL485259,Potency,4466.8,nM,5.35,ChEMBL
Eucalyptol,MICROTUBULE-ASSOCIATED PROTEIN TAU,CHEMBL1293224,CHEMBL485259,Potency,4466.8,nM,5.35,ChEMBL
Eucalyptol,MITOGEN-ACTIVATED PROTEIN KINASE 1,CHEMBL4040,CHEMBL485259,Potency,31.6,nM,7.5,ChEMBL
Eucalyptol,MITOGEN-ACTIVATED PROTEIN KINASE 2,CHEMBL4040,CHEMBL485259,Potency,31.6,nM,7.5,ChEMBL
Eucalyptol,NEUROFIBRILLARY TANGLE PROTEIN,CHEMBL1293224,CHEMBL485259,Potency,4466.8,nM,5.35,ChEMBL
Eucalyptol,P42-MAPK,CHEMBL4040,CHEMBL485259,Potency,31.6,nM,7.5,ChEMBL
Eucalyptol,PAIRED HELICAL FILAMENT-TAU,CHEMBL1293224,CHEMBL485259,Potency,4466.8,nM,5.35,ChEMBL
Eucalyptol,PHF-TAU,CHEMBL1293224,CHEMBL485259,Potency,4466.8,nM,5.35,ChEMBL
Eucalyptol,PROTEIN,CHEMBL4040,CHEMBL485259,Potency,31.6,nM,7.5,ChEMBL
Eucalyptol,REDOX FACTOR-1,CHEMBL5619,CHEMBL485259,Potency,891.3,nM,,ChEMBL
Eucalyptol,REF-1,CHEMBL5619,CHEMBL485259,Potency,891.3,nM,,ChEMBL
Eucalyptol,REGULATOR,CHEMBL5619,CHEMBL485259,Potency,891.3,nM,,ChEMBL
Eucalyptol,REPAIR,CHEMBL5619,CHEMBL485259,Potency,891.3,nM,,ChEMBL
Eucalyptol,TAU,CHEMBL1293224,CHEMBL485259,Potency,4466.8,nM,5.35,ChEMBL
Eucalyptol,TDP1,CHEMBL1075138,CHEMBL485259,Potency,2660.9,nM,,ChEMBL
Eucalyptol,TYR-DNA PHOSPHODIESTERASE 1,CHEMBL1075138,CHEMBL485259,Potency,2660.9,nM,,ChEMBL
Eucalyptol,TYROSYL-DNA PHOSPHODIESTERASE 1,CHEMBL1075138,CHEMBL485259,Potency,2660.9,nM,,ChEMBL
Eucalyptol,UNCHECKED,CHEMBL612545,CHEMBL485259,IC50,10000.0,nM,,ChEMBL
Fer-1,12-LOX,CHEMBL2903,CHEMBL3633556,IC50,95.0,nM,7.02,ChEMBL
Fer-1,12/15-LIPOXYGENASE,CHEMBL2903,CHEMBL3633556,IC50,95.0,nM,7.02,ChEMBL
Fer-1,15-LOX,CHEMBL2903,CHEMBL3633556,IC50,95.0,nM,7.02,ChEMBL
Fer-1,15-LOX-1,CHEMBL2903,CHEMBL3633556,IC50,95.0,nM,7.02,ChEMBL
Fer-1,786-0,CHEMBL613102,CHEMBL3633556,EC50,253.0,nM,6.6,ChEMBL
Fer-1,ACID,CHEMBL2903,CHEMBL3633556,IC50,95.0,nM,7.02,ChEMBL
Fer-1,ALOX15,CHEMBL2903,CHEMBL3633556,IC50,95.0,nM,7.02,ChEMBL
Fer-1,AML12,CHEMBL5058625,CHEMBL3633556,EC50,104.0,nM,6.98,ChEMBL
Fer-1,"ARACHIDONATE 12-LIPOXYGENASE, LEUKOCYTE-TYPE",CHEMBL2903,CHEMBL3633556,IC50,95.0,nM,7.02,ChEMBL
Fer-1,ARACHIDONATE 15-LIPOXYGENASE,CHEMBL2903,CHEMBL3633556,IC50,95.0,nM,7.02,ChEMBL
Fer-1,ARACHIDONATE OMEGA-6 LIPOXYGENASE,CHEMBL2903,CHEMBL3633556,IC50,95.0,nM,7.02,ChEMBL
Fer-1,BJ,CHEMBL614358,CHEMBL3633556,EC50,38.2,nM,7.42,ChEMBL
Fer-1,ES-2,CHEMBL5058622,CHEMBL3633556,EC50,70.14,nM,7.15,ChEMBL
Fer-1,FATTY,CHEMBL2903,CHEMBL3633556,IC50,95.0,nM,7.02,ChEMBL
Fer-1,H9C2,CHEMBL614576,CHEMBL3633556,EC50,68.6,nM,7.16,ChEMBL
Fer-1,HEK-293T,CHEMBL3706568,CHEMBL3633556,EC50,5690.0,nM,5.25,ChEMBL
Fer-1,HEPOXILIN A3 SYNTHASE ALOX15,CHEMBL2903,CHEMBL3633556,IC50,95.0,nM,7.02,ChEMBL
Fer-1,HIPPOCAMPUS,CHEMBL613631,CHEMBL3633556,IC50,90.0,nM,7.05,ChEMBL
Fer-1,HT-1080,CHEMBL614580,CHEMBL3633556,EC50,88.0,nM,7.06,ChEMBL
Fer-1,HT-22,CHEMBL614316,CHEMBL3633556,EC50,81.2,nM,7.09,ChEMBL
Fer-1,HUVEC,CHEMBL613979,CHEMBL3633556,EC50,600.0,nM,6.22,ChEMBL
Fer-1,IMR-32,CHEMBL614585,CHEMBL3633556,IC50,33.0,nM,7.48,ChEMBL
Fer-1,LINOLEATE 13S-LIPOXYGENASE,CHEMBL2903,CHEMBL3633556,IC50,95.0,nM,7.02,ChEMBL
Fer-1,LIPOXYGENASE,CHEMBL2903,CHEMBL3633556,IC50,95.0,nM,7.02,ChEMBL
Fer-1,LX-2,CHEMBL5465457,CHEMBL3633556,EC50,66.96,nM,7.17,ChEMBL
Fer-1,LYMPHOCYTE,CHEMBL5314318,CHEMBL3633556,EC50,48.0,nM,7.32,ChEMBL
Fer-1,NIH3T3,CHEMBL614822,CHEMBL3633556,IC50,220.0,nM,6.66,ChEMBL
Fer-1,NO RELEVANT TARGET,CHEMBL2362975,CHEMBL3633556,IC50,6270.0,nM,5.2,ChEMBL
Fer-1,NON-PROTEIN TARGET,CHEMBL3879801,CHEMBL3633556,IC50,18.0,nM,7.75,ChEMBL
Fer-1,POLYUNSATURATED,CHEMBL2903,CHEMBL3633556,IC50,95.0,nM,7.02,ChEMBL
Fer-1,POLYUNSATURATED FATTY ACID LIPOXYGENASE ALOX15,CHEMBL2903,CHEMBL3633556,IC50,95.0,nM,7.02,ChEMBL
Fer-1,RAW264.7,CHEMBL612557,CHEMBL3633556,EC50,40.0,nM,7.4,ChEMBL
Fer-1,SH-SY5Y,CHEMBL614910,CHEMBL3633556,IC50,20.0,nM,7.7,ChEMBL
Fer-1,UNCHECKED,CHEMBL612545,CHEMBL3633556,EC50,33.0,nM,7.48,ChEMBL
Ferulic acid,12-LOX,CHEMBL4358,CHEMBL32749,IC50,3975.0,nM,5.4,ChEMBL
Ferulic acid,12/15-LIPOXYGENASE,CHEMBL4358,CHEMBL32749,IC50,3975.0,nM,5.4,ChEMBL
Ferulic acid,15-LOX,CHEMBL4358,CHEMBL32749,IC50,3975.0,nM,5.4,ChEMBL
Ferulic acid,A549,CHEMBL392,CHEMBL32749,IC50,10000.0,nM,,ChEMBL
Ferulic acid,ACID,CHEMBL4358,CHEMBL32749,IC50,3975.0,nM,5.4,ChEMBL
Ferulic acid,ALOX15,CHEMBL4358,CHEMBL32749,IC50,3975.0,nM,5.4,ChEMBL
Ferulic acid,ALPHA-SYNUCLEIN,CHEMBL6152,CHEMBL32749,IC50,750.0,nM,6.12,ChEMBL
Ferulic acid,ANHYDRASE,CHEMBL205,CHEMBL32749,Ki,2400.0,nM,5.62,ChEMBL
Ferulic acid,"ARACHIDONATE 12-LIPOXYGENASE, LEUKOCYTE-TYPE",CHEMBL4358,CHEMBL32749,IC50,3975.0,nM,5.4,ChEMBL
Ferulic acid,ARACHIDONATE 15-LIPOXYGENASE,CHEMBL4358,CHEMBL32749,IC50,3975.0,nM,5.4,ChEMBL
Ferulic acid,ARACHIDONATE OMEGA-6 LIPOXYGENASE,CHEMBL4358,CHEMBL32749,IC50,3975.0,nM,5.4,ChEMBL
Ferulic acid,BT-549,CHEMBL614072,CHEMBL32749,IC50,1200.0,nM,5.92,ChEMBL
Ferulic acid,BV-2,CHEMBL614781,CHEMBL32749,EC50,10000.0,nM,,ChEMBL
Ferulic acid,CA-I,CHEMBL261,CHEMBL32749,Ki,2890.0,nM,5.54,ChEMBL
Ferulic acid,CA-II,CHEMBL205,CHEMBL32749,Ki,2400.0,nM,5.62,ChEMBL
Ferulic acid,CA-IX,CHEMBL3594,CHEMBL32749,Ki,9870.0,nM,5.01,ChEMBL
Ferulic acid,CA-VA,CHEMBL4789,CHEMBL32749,Ki,7040.0,nM,5.15,ChEMBL
Ferulic acid,CA-VI,CHEMBL3025,CHEMBL32749,Ki,8450.0,nM,5.07,ChEMBL
Ferulic acid,CA-VII,CHEMBL2326,CHEMBL32749,Ki,7410.0,nM,5.13,ChEMBL
Ferulic acid,CA-XII,CHEMBL3242,CHEMBL32749,Ki,9780.0,nM,5.01,ChEMBL
Ferulic acid,CA-XIV,CHEMBL3510,CHEMBL32749,Ki,9430.0,nM,5.03,ChEMBL
Ferulic acid,CA1,CHEMBL261,CHEMBL32749,Ki,2890.0,nM,5.54,ChEMBL
Ferulic acid,CA12,CHEMBL3242,CHEMBL32749,Ki,9780.0,nM,5.01,ChEMBL
Ferulic acid,CA14,CHEMBL3510,CHEMBL32749,Ki,9430.0,nM,5.03,ChEMBL
Ferulic acid,CA2,CHEMBL205,CHEMBL32749,Ki,2400.0,nM,5.62,ChEMBL
Ferulic acid,CA5A,CHEMBL4789,CHEMBL32749,Ki,7040.0,nM,5.15,ChEMBL
Ferulic acid,CA6,CHEMBL3025,CHEMBL32749,Ki,8450.0,nM,5.07,ChEMBL
Ferulic acid,CA7,CHEMBL2326,CHEMBL32749,Ki,7410.0,nM,5.13,ChEMBL
Ferulic acid,CA9,CHEMBL3594,CHEMBL32749,Ki,9870.0,nM,5.01,ChEMBL
Ferulic acid,CAB,CHEMBL261,CHEMBL32749,Ki,2890.0,nM,5.54,ChEMBL
Ferulic acid,CAC,CHEMBL205,CHEMBL32749,Ki,2400.0,nM,5.62,ChEMBL
Ferulic acid,CAIX,CHEMBL3594,CHEMBL32749,Ki,9870.0,nM,5.01,ChEMBL
Ferulic acid,CARBONATE DEHYDRATASE I,CHEMBL261,CHEMBL32749,Ki,2890.0,nM,5.54,ChEMBL
Ferulic acid,CARBONATE DEHYDRATASE II,CHEMBL205,CHEMBL32749,Ki,2400.0,nM,5.62,ChEMBL
Ferulic acid,CARBONATE DEHYDRATASE IX,CHEMBL3594,CHEMBL32749,Ki,9870.0,nM,5.01,ChEMBL
Ferulic acid,CARBONATE DEHYDRATASE VA,CHEMBL4789,CHEMBL32749,Ki,7040.0,nM,5.15,ChEMBL
Ferulic acid,CARBONATE DEHYDRATASE VI,CHEMBL3025,CHEMBL32749,Ki,8450.0,nM,5.07,ChEMBL
Ferulic acid,CARBONATE DEHYDRATASE VII,CHEMBL2326,CHEMBL32749,Ki,7410.0,nM,5.13,ChEMBL
Ferulic acid,CARBONATE DEHYDRATASE XII,CHEMBL3242,CHEMBL32749,Ki,9780.0,nM,5.01,ChEMBL
Ferulic acid,CARBONATE DEHYDRATASE XIV,CHEMBL3510,CHEMBL32749,Ki,9430.0,nM,5.03,ChEMBL
Ferulic acid,CARBONIC,CHEMBL205,CHEMBL32749,Ki,2400.0,nM,5.62,ChEMBL
Ferulic acid,CARBONIC ANHYDRASE 1,CHEMBL261,CHEMBL32749,Ki,2890.0,nM,5.54,ChEMBL
Ferulic acid,CARBONIC ANHYDRASE 12,CHEMBL3242,CHEMBL32749,Ki,9780.0,nM,5.01,ChEMBL
Ferulic acid,CARBONIC ANHYDRASE 14,CHEMBL3510,CHEMBL32749,Ki,9430.0,nM,5.03,ChEMBL
Ferulic acid,CARBONIC ANHYDRASE 2,CHEMBL205,CHEMBL32749,Ki,2400.0,nM,5.62,ChEMBL
Ferulic acid,"CARBONIC ANHYDRASE 5A, MITOCHONDRIAL",CHEMBL4789,CHEMBL32749,Ki,7040.0,nM,5.15,ChEMBL
Ferulic acid,CARBONIC ANHYDRASE 6,CHEMBL3025,CHEMBL32749,Ki,8450.0,nM,5.07,ChEMBL
Ferulic acid,CARBONIC ANHYDRASE 7,CHEMBL2326,CHEMBL32749,Ki,7410.0,nM,5.13,ChEMBL
Ferulic acid,CARBONIC ANHYDRASE 9,CHEMBL3594,CHEMBL32749,Ki,9870.0,nM,5.01,ChEMBL
Ferulic acid,CARBONIC ANHYDRASE B,CHEMBL261,CHEMBL32749,Ki,2890.0,nM,5.54,ChEMBL
Ferulic acid,CARBONIC ANHYDRASE C,CHEMBL205,CHEMBL32749,Ki,2400.0,nM,5.62,ChEMBL
Ferulic acid,CARBONIC ANHYDRASE I,CHEMBL261,CHEMBL32749,Ki,2890.0,nM,5.54,ChEMBL
Ferulic acid,CARBONIC ANHYDRASE II,CHEMBL205,CHEMBL32749,Ki,2400.0,nM,5.62,ChEMBL
Ferulic acid,CARBONIC ANHYDRASE IX,CHEMBL3594,CHEMBL32749,Ki,9870.0,nM,5.01,ChEMBL
Ferulic acid,CARBONIC ANHYDRASE VA,CHEMBL4789,CHEMBL32749,Ki,7040.0,nM,5.15,ChEMBL
Ferulic acid,CARBONIC ANHYDRASE VI,CHEMBL3025,CHEMBL32749,Ki,8450.0,nM,5.07,ChEMBL
Ferulic acid,CARBONIC ANHYDRASE VII,CHEMBL2326,CHEMBL32749,Ki,7410.0,nM,5.13,ChEMBL
Ferulic acid,CARBONIC ANHYDRASE XII,CHEMBL3242,CHEMBL32749,Ki,9780.0,nM,5.01,ChEMBL
Ferulic acid,CARBONIC ANHYDRASE XIV,CHEMBL3510,CHEMBL32749,Ki,9430.0,nM,5.03,ChEMBL
Ferulic acid,CASEIN KINASE II ALPHA 1 POLYPEPTIDE PSEUDOGENE,CHEMBL3832943,CHEMBL32749,IC50,840.0,nM,6.08,ChEMBL
Ferulic acid,CASEIN KINASE II SUBUNIT ALPHA,CHEMBL3832943,CHEMBL32749,IC50,840.0,nM,6.08,ChEMBL
Ferulic acid,CASEIN KINASE II SUBUNIT ALPHA 3,CHEMBL3832943,CHEMBL32749,IC50,840.0,nM,6.08,ChEMBL
Ferulic acid,CASEIN KINASE II SUBUNIT ALPHA',CHEMBL3832943,CHEMBL32749,IC50,840.0,nM,6.08,ChEMBL
Ferulic acid,CASEIN KINASE II SUBUNIT BETA,CHEMBL3832943,CHEMBL32749,IC50,840.0,nM,6.08,ChEMBL
Ferulic acid,CK II ALPHA,CHEMBL3832943,CHEMBL32749,IC50,840.0,nM,6.08,ChEMBL
Ferulic acid,CK II ALPHA 3,CHEMBL3832943,CHEMBL32749,IC50,840.0,nM,6.08,ChEMBL
Ferulic acid,CK II ALPHA',CHEMBL3832943,CHEMBL32749,IC50,840.0,nM,6.08,ChEMBL
Ferulic acid,CK II BETA,CHEMBL3832943,CHEMBL32749,IC50,840.0,nM,6.08,ChEMBL
Ferulic acid,CSNK2A1,CHEMBL3832943,CHEMBL32749,IC50,840.0,nM,6.08,ChEMBL
Ferulic acid,CSNK2A2,CHEMBL3832943,CHEMBL32749,IC50,840.0,nM,6.08,ChEMBL
Ferulic acid,CSNK2A3,CHEMBL3832943,CHEMBL32749,IC50,840.0,nM,6.08,ChEMBL
Ferulic acid,CSNK2B,CHEMBL3832943,CHEMBL32749,IC50,840.0,nM,6.08,ChEMBL
Ferulic acid,CYANAMIDE HYDRATASE CA1,CHEMBL261,CHEMBL32749,Ki,2890.0,nM,5.54,ChEMBL
Ferulic acid,CYANAMIDE HYDRATASE CA2,CHEMBL205,CHEMBL32749,Ki,2400.0,nM,5.62,ChEMBL
Ferulic acid,ERYTHROID CELL-SPECIFIC 15-LIPOXYGENASE,CHEMBL4358,CHEMBL32749,IC50,3975.0,nM,5.4,ChEMBL
Ferulic acid,FATTY,CHEMBL4358,CHEMBL32749,IC50,3975.0,nM,5.4,ChEMBL
Ferulic acid,GEMININ,CHEMBL1293278,CHEMBL32749,Potency,6.5,nM,,ChEMBL
Ferulic acid,GMNN,CHEMBL1293278,CHEMBL32749,Potency,6.5,nM,,ChEMBL
Ferulic acid,HEPOXILIN A3 SYNTHASE ALOX15,CHEMBL4358,CHEMBL32749,IC50,3975.0,nM,5.4,ChEMBL
Ferulic acid,HT-22,CHEMBL614316,CHEMBL32749,EC50,10000.0,nM,,ChEMBL
Ferulic acid,HUMAN IMMUNODEFICIENCY VIRUS 1,CHEMBL378,CHEMBL32749,EC50,10000.0,nM,,ChEMBL
Ferulic acid,L-12LO,CHEMBL4358,CHEMBL32749,IC50,3975.0,nM,5.4,ChEMBL
Ferulic acid,LEISHMANIA AMAZONENSIS,CHEMBL612877,CHEMBL32749,IC50,1700.0,nM,5.77,ChEMBL
Ferulic acid,LINOLEATE 13S-LIPOXYGENASE,CHEMBL4358,CHEMBL32749,IC50,3975.0,nM,5.4,ChEMBL
Ferulic acid,LIPOXYGENASE,CHEMBL4358,CHEMBL32749,IC50,3975.0,nM,5.4,ChEMBL
Ferulic acid,MCF7,CHEMBL387,CHEMBL32749,IC50,360.0,nM,6.44,ChEMBL
Ferulic acid,MDA-MB-231,CHEMBL400,CHEMBL32749,IC50,500.0,nM,6.3,ChEMBL
Ferulic acid,MEMBRANE ANTIGEN MN,CHEMBL3594,CHEMBL32749,Ki,9870.0,nM,5.01,ChEMBL
Ferulic acid,MITOCHONDRIAL,CHEMBL4789,CHEMBL32749,Ki,7040.0,nM,5.15,ChEMBL
Ferulic acid,MUS MUSCULUS,CHEMBL375,CHEMBL32749,IC50,200.0,nM,6.7,ChEMBL
Ferulic acid,NACP,CHEMBL6152,CHEMBL32749,IC50,750.0,nM,6.12,ChEMBL
Ferulic acid,NO RELEVANT TARGET,CHEMBL2362975,CHEMBL32749,EC50,92.7,nM,7.03,ChEMBL
Ferulic acid,NON-A BETA COMPONENT OF AD AMYLOID,CHEMBL6152,CHEMBL32749,IC50,750.0,nM,6.12,ChEMBL
Ferulic acid,NON-A4 COMPONENT OF AMYLOID PRECURSOR,CHEMBL6152,CHEMBL32749,IC50,750.0,nM,6.12,ChEMBL
Ferulic acid,P54/58N,CHEMBL3594,CHEMBL32749,Ki,9870.0,nM,5.01,ChEMBL
Ferulic acid,PARATHYROID,CHEMBL1793,CHEMBL32749,Potency,8912.5,nM,,ChEMBL
Ferulic acid,PARATHYROID HORMONE 1 RECEPTOR,CHEMBL1793,CHEMBL32749,Potency,8912.5,nM,,ChEMBL
Ferulic acid,PARATHYROID HORMONE/PARATHYROID HORMONE-RELATED PEPTIDE RECEPTOR,CHEMBL1793,CHEMBL32749,Potency,8912.5,nM,,ChEMBL
Ferulic acid,PEPTIDE,CHEMBL1793,CHEMBL32749,Potency,8912.5,nM,,ChEMBL
Ferulic acid,PHOSVITIN,CHEMBL3832943,CHEMBL32749,IC50,840.0,nM,6.08,ChEMBL
Ferulic acid,PMW1,CHEMBL3594,CHEMBL32749,Ki,9870.0,nM,5.01,ChEMBL
Ferulic acid,POLYUNSATURATED,CHEMBL4358,CHEMBL32749,IC50,3975.0,nM,5.4,ChEMBL
Ferulic acid,POLYUNSATURATED FATTY ACID LIPOXYGENASE ALOX15,CHEMBL4358,CHEMBL32749,IC50,3975.0,nM,5.4,ChEMBL
Ferulic acid,PROTEIN G5A,CHEMBL3832943,CHEMBL32749,IC50,840.0,nM,6.08,ChEMBL
Ferulic acid,PTH/PTHR RECEPTOR,CHEMBL1793,CHEMBL32749,Potency,8912.5,nM,,ChEMBL
Ferulic acid,PTH/PTHRP TYPE I RECEPTOR,CHEMBL1793,CHEMBL32749,Potency,8912.5,nM,,ChEMBL
Ferulic acid,PTH1 RECEPTOR,CHEMBL1793,CHEMBL32749,Potency,8912.5,nM,,ChEMBL
Ferulic acid,PTH1R,CHEMBL1793,CHEMBL32749,Potency,8912.5,nM,,ChEMBL
Ferulic acid,RCC-ASSOCIATED ANTIGEN G250,CHEMBL3594,CHEMBL32749,Ki,9870.0,nM,5.01,ChEMBL
Ferulic acid,RECEPTOR,CHEMBL1793,CHEMBL32749,Potency,8912.5,nM,,ChEMBL
Ferulic acid,RENAL CELL CARCINOMA-ASSOCIATED ANTIGEN G250,CHEMBL3594,CHEMBL32749,Ki,9870.0,nM,5.01,ChEMBL
Ferulic acid,SALIVARY CARBONIC ANHYDRASE,CHEMBL3025,CHEMBL32749,Ki,8450.0,nM,5.07,ChEMBL
Ferulic acid,SECRETED CARBONIC ANHYDRASE,CHEMBL3025,CHEMBL32749,Ki,8450.0,nM,5.07,ChEMBL
Ferulic acid,SK-MEL-2,CHEMBL614917,CHEMBL32749,IC50,10000.0,nM,,ChEMBL
Ferulic acid,SK-OV-3,CHEMBL614925,CHEMBL32749,IC50,10000.0,nM,,ChEMBL
Ferulic acid,SNCA,CHEMBL6152,CHEMBL32749,IC50,750.0,nM,6.12,ChEMBL
Ferulic acid,TDP1,CHEMBL1075138,CHEMBL32749,Potency,3662.6,nM,,ChEMBL
Ferulic acid,TUMOR ANTIGEN HOM-RCC-3.1.3,CHEMBL3242,CHEMBL32749,Ki,9780.0,nM,5.01,ChEMBL
Ferulic acid,TYR-DNA PHOSPHODIESTERASE 1,CHEMBL1075138,CHEMBL32749,Potency,3662.6,nM,,ChEMBL
Ferulic acid,TYROSYL-DNA PHOSPHODIESTERASE 1,CHEMBL1075138,CHEMBL32749,Potency,3662.6,nM,,ChEMBL
Ferulic acid,UNCHECKED,CHEMBL612545,CHEMBL32749,Ki,0.77,nM,9.11,ChEMBL
Fisetin,12-LOX,CHEMBL2903,CHEMBL31574,IC50,1400.0,nM,5.85,ChEMBL
Fisetin,12/15-LIPOXYGENASE,CHEMBL2903,CHEMBL31574,IC50,1400.0,nM,5.85,ChEMBL
Fisetin,12S-LIPOXYGENASE,CHEMBL3687,CHEMBL31574,IC50,950.0,nM,6.02,ChEMBL
Fisetin,12S-LOX,CHEMBL3687,CHEMBL31574,IC50,950.0,nM,6.02,ChEMBL
Fisetin,15-HYDROXYPROSTAGLANDIN DEHYDROGENASE [NAD(+)],CHEMBL1293255,CHEMBL31574,Potency,8912.5,nM,5.05,ChEMBL
Fisetin,15-LOX,CHEMBL2903,CHEMBL31574,IC50,1400.0,nM,5.85,ChEMBL
Fisetin,15-LOX-1,CHEMBL2903,CHEMBL31574,IC50,1400.0,nM,5.85,ChEMBL
Fisetin,15-PGDH,CHEMBL1293255,CHEMBL31574,Potency,8912.5,nM,5.05,ChEMBL
Fisetin,17-BETA-ESTRADIOL 17-DEHYDROGENASE,CHEMBL4159,CHEMBL31574,Potency,1258.9,nM,5.9,ChEMBL
Fisetin,2-METHYL-3-HYDROXYBUTYRYL-COA DEHYDROGENASE,CHEMBL4159,CHEMBL31574,Potency,1258.9,nM,5.9,ChEMBL
Fisetin,3-ALPHA-(17-BETA)-HYDROXYSTEROID DEHYDROGENASE (NAD(+)),CHEMBL4159,CHEMBL31574,Potency,1258.9,nM,5.9,ChEMBL
Fisetin,3-HYDROXY-2-METHYLBUTYRYL-COA DEHYDROGENASE,CHEMBL4159,CHEMBL31574,Potency,1258.9,nM,5.9,ChEMBL
Fisetin,3-HYDROXYACYL-COA DEHYDROGENASE TYPE II,CHEMBL4159,CHEMBL31574,Potency,1258.9,nM,5.9,ChEMBL
Fisetin,3-HYDROXYACYL-COA DEHYDROGENASE TYPE-2,CHEMBL4159,CHEMBL31574,Potency,1258.9,nM,5.9,ChEMBL
Fisetin,3-HYDROXYACYL-[ACYL-CARRIER-PROTEIN] DEHYDRATASE,CHEMBL4512,CHEMBL31574,IC50,2000.0,nM,5.7,ChEMBL
Fisetin,3-OXOACYL-[ACYL-CARRIER-PROTEIN] REDUCTASE,CHEMBL4513,CHEMBL31574,IC50,4100.0,nM,5.39,ChEMBL
Fisetin,3ALPHA(OR 20BETA)-HYDROXYSTEROID DEHYDROGENASE,CHEMBL4159,CHEMBL31574,Potency,1258.9,nM,5.9,ChEMBL
Fisetin,7-ALPHA-HYDROXYSTEROID DEHYDROGENASE,CHEMBL4159,CHEMBL31574,Potency,1258.9,nM,5.9,ChEMBL
Fisetin,90 KDA RIBOSOMAL PROTEIN S6 KINASE 1,CHEMBL2553,CHEMBL31574,IC50,3790.0,nM,5.42,ChEMBL
Fisetin,90 KDA RIBOSOMAL PROTEIN S6 KINASE 2,CHEMBL3906,CHEMBL31574,IC50,891.0,nM,6.05,ChEMBL
Fisetin,90 KDA RIBOSOMAL PROTEIN S6 KINASE 3,CHEMBL2345,CHEMBL31574,IC50,2780.0,nM,5.56,ChEMBL
Fisetin,ACETYLCHOLINESTERASE,CHEMBL220,CHEMBL31574,IC50,12.0,nM,7.92,ChEMBL
Fisetin,ACHE,CHEMBL220,CHEMBL31574,IC50,12.0,nM,7.92,ChEMBL
Fisetin,ACID,CHEMBL3687,CHEMBL31574,IC50,950.0,nM,6.02,ChEMBL
Fisetin,ALL-1,CHEMBL2093861,CHEMBL31574,Potency,8912.5,nM,5.05,ChEMBL
Fisetin,ALOX12,CHEMBL3687,CHEMBL31574,IC50,950.0,nM,6.02,ChEMBL
Fisetin,ALOX15,CHEMBL2903,CHEMBL31574,IC50,1400.0,nM,5.85,ChEMBL
Fisetin,ALPHA,CHEMBL3629,CHEMBL31574,Ki,350.0,nM,6.46,ChEMBL
Fisetin,ALPHA-KETOGLUTARATE-DEPENDENT DIOXYGENASE FTO,CHEMBL2331065,CHEMBL31574,IC50,9200.0,nM,5.04,ChEMBL
Fisetin,ANION,CHEMBL1743124,CHEMBL31574,IC50,6700.0,nM,5.17,ChEMBL
Fisetin,ANTIGEN,CHEMBL4096,CHEMBL31574,Potency,1995.3,nM,5.7,ChEMBL
Fisetin,ANTIGEN NY-CO-13,CHEMBL4096,CHEMBL31574,Potency,1995.3,nM,5.7,ChEMBL
Fisetin,AP ENDONUCLEASE 1,CHEMBL5619,CHEMBL31574,Potency,891.3,nM,6.05,ChEMBL
Fisetin,APE-1,CHEMBL5619,CHEMBL31574,Potency,891.3,nM,6.05,ChEMBL
Fisetin,APEN,CHEMBL5619,CHEMBL31574,Potency,891.3,nM,6.05,ChEMBL
Fisetin,APEX NUCLEASE,CHEMBL5619,CHEMBL31574,Potency,891.3,nM,6.05,ChEMBL
Fisetin,APEX1,CHEMBL5619,CHEMBL31574,Potency,891.3,nM,6.05,ChEMBL
Fisetin,APURINIC-APYRIMIDINIC ENDONUCLEASE 1,CHEMBL5619,CHEMBL31574,Potency,891.3,nM,6.05,ChEMBL
Fisetin,ARACHIDONATE (12S)-LIPOXYGENASE,CHEMBL3687,CHEMBL31574,IC50,950.0,nM,6.02,ChEMBL
Fisetin,ARACHIDONATE (15S)-LIPOXYGENASE,CHEMBL3687,CHEMBL31574,IC50,950.0,nM,6.02,ChEMBL
Fisetin,"ARACHIDONATE 12-LIPOXYGENASE, LEUKOCYTE-TYPE",CHEMBL2903,CHEMBL31574,IC50,1400.0,nM,5.85,ChEMBL
Fisetin,ARACHIDONATE 15-LIPOXYGENASE,CHEMBL2903,CHEMBL31574,IC50,1400.0,nM,5.85,ChEMBL
Fisetin,ARACHIDONATE OMEGA-6 LIPOXYGENASE,CHEMBL2903,CHEMBL31574,IC50,1400.0,nM,5.85,ChEMBL
Fisetin,ARG1,CHEMBL3232699,CHEMBL31574,IC50,1400.0,nM,5.85,ChEMBL
Fisetin,ARGINASE,CHEMBL3108635,CHEMBL31574,IC50,1400.0,nM,5.85,ChEMBL
Fisetin,ARGINASE-1,CHEMBL3232699,CHEMBL31574,IC50,1400.0,nM,5.85,ChEMBL
Fisetin,ATP-DEPENDENT DNA HELICASE Q1,CHEMBL1293236,CHEMBL31574,Potency,3162.3,nM,5.5,ChEMBL
Fisetin,C-TERMINAL CLEAVAGE PRODUCT OF 180 KDA,CHEMBL2093861,CHEMBL31574,Potency,8912.5,nM,5.05,ChEMBL
Fisetin,CARRIER,CHEMBL1743124,CHEMBL31574,IC50,6700.0,nM,5.17,ChEMBL
Fisetin,CASEIN,CHEMBL3629,CHEMBL31574,Ki,350.0,nM,6.46,ChEMBL
Fisetin,CASEIN KINASE II ALPHA 1 POLYPEPTIDE PSEUDOGENE,CHEMBL3832943,CHEMBL31574,IC50,350.0,nM,6.46,ChEMBL
Fisetin,CASEIN KINASE II SUBUNIT ALPHA,CHEMBL2095191,CHEMBL31574,IC50,350.0,nM,6.46,ChEMBL
Fisetin,CASEIN KINASE II SUBUNIT ALPHA 3,CHEMBL3832943,CHEMBL31574,IC50,350.0,nM,6.46,ChEMBL
Fisetin,CASEIN KINASE II SUBUNIT ALPHA',CHEMBL2095191,CHEMBL31574,IC50,350.0,nM,6.46,ChEMBL
Fisetin,CASEIN KINASE II SUBUNIT BETA,CHEMBL2095191,CHEMBL31574,IC50,350.0,nM,6.46,ChEMBL
Fisetin,CCNB1,CHEMBL2094127,CHEMBL31574,IC50,790.0,nM,6.1,ChEMBL
Fisetin,CCNB2,CHEMBL2094127,CHEMBL31574,IC50,790.0,nM,6.1,ChEMBL
Fisetin,CCNB3,CHEMBL2094127,CHEMBL31574,IC50,790.0,nM,6.1,ChEMBL
Fisetin,CDK1,CHEMBL2094127,CHEMBL31574,IC50,790.0,nM,6.1,ChEMBL
Fisetin,CDK2,CHEMBL301,CHEMBL31574,IC50,5000.0,nM,5.3,ChEMBL
Fisetin,CDK5,CHEMBL1907600,CHEMBL31574,IC50,570.0,nM,6.24,ChEMBL
Fisetin,CDK5 ACTIVATOR 1,CHEMBL1907600,CHEMBL31574,IC50,570.0,nM,6.24,ChEMBL
Fisetin,CDK5R1,CHEMBL1907600,CHEMBL31574,IC50,570.0,nM,6.24,ChEMBL
Fisetin,CDK6,CHEMBL2508,CHEMBL31574,IC50,850.0,nM,6.07,ChEMBL
Fisetin,CELL DIVISION CONTROL PROTEIN 2 HOMOLOG,CHEMBL2094127,CHEMBL31574,IC50,790.0,nM,6.1,ChEMBL
Fisetin,CELL DIVISION PROTEIN KINASE 1,CHEMBL2094127,CHEMBL31574,IC50,790.0,nM,6.1,ChEMBL
Fisetin,CELL DIVISION PROTEIN KINASE 2,CHEMBL301,CHEMBL31574,IC50,5000.0,nM,5.3,ChEMBL
Fisetin,CELL DIVISION PROTEIN KINASE 5,CHEMBL1907600,CHEMBL31574,IC50,570.0,nM,6.24,ChEMBL
Fisetin,CELL DIVISION PROTEIN KINASE 6,CHEMBL2508,CHEMBL31574,IC50,850.0,nM,6.07,ChEMBL
Fisetin,CELLULAR,CHEMBL4096,CHEMBL31574,Potency,1995.3,nM,5.7,ChEMBL
Fisetin,CELLULAR TUMOR ANTIGEN P53,CHEMBL4096,CHEMBL31574,Potency,1995.3,nM,5.7,ChEMBL
Fisetin,CK II ALPHA,CHEMBL2095191,CHEMBL31574,IC50,350.0,nM,6.46,ChEMBL
Fisetin,CK II ALPHA 3,CHEMBL3832943,CHEMBL31574,IC50,350.0,nM,6.46,ChEMBL
Fisetin,CK II ALPHA',CHEMBL2095191,CHEMBL31574,IC50,350.0,nM,6.46,ChEMBL
Fisetin,CK II BETA,CHEMBL3832943,CHEMBL31574,IC50,350.0,nM,6.46,ChEMBL
Fisetin,CREB-BINDING PROTEIN,CHEMBL5747,CHEMBL31574,Potency,10000.0,nM,5.0,ChEMBL
Fisetin,CREBBP,CHEMBL5747,CHEMBL31574,Potency,10000.0,nM,5.0,ChEMBL
Fisetin,CSNK2A1,CHEMBL3832943,CHEMBL31574,IC50,350.0,nM,6.46,ChEMBL
Fisetin,CSNK2A2,CHEMBL3832943,CHEMBL31574,IC50,350.0,nM,6.46,ChEMBL
Fisetin,CSNK2A3,CHEMBL3832943,CHEMBL31574,IC50,350.0,nM,6.46,ChEMBL
Fisetin,CSNK2B,CHEMBL2095191,CHEMBL31574,IC50,350.0,nM,6.46,ChEMBL
Fisetin,CTHBP,CHEMBL1075189,CHEMBL31574,IC50,900.0,nM,6.05,ChEMBL
Fisetin,CXXC-TYPE ZINC FINGER PROTEIN 7,CHEMBL2093861,CHEMBL31574,Potency,8912.5,nM,5.05,ChEMBL
Fisetin,CYCLIN-DEPENDENT KINASE 1,CHEMBL2094127,CHEMBL31574,IC50,790.0,nM,6.1,ChEMBL
Fisetin,CYCLIN-DEPENDENT KINASE 2,CHEMBL301,CHEMBL31574,IC50,5000.0,nM,5.3,ChEMBL
Fisetin,CYCLIN-DEPENDENT KINASE 5,CHEMBL1907600,CHEMBL31574,IC50,570.0,nM,6.24,ChEMBL
Fisetin,CYCLIN-DEPENDENT KINASE 5 ACTIVATOR 1,CHEMBL1907600,CHEMBL31574,IC50,570.0,nM,6.24,ChEMBL
Fisetin,"CYCLIN-DEPENDENT KINASE 5 ACTIVATOR 1, P25",CHEMBL1907600,CHEMBL31574,IC50,570.0,nM,6.24,ChEMBL
Fisetin,"CYCLIN-DEPENDENT KINASE 5 ACTIVATOR 1, P35",CHEMBL1907600,CHEMBL31574,IC50,570.0,nM,6.24,ChEMBL
Fisetin,CYCLIN-DEPENDENT KINASE 5 REGULATORY SUBUNIT 1,CHEMBL1907600,CHEMBL31574,IC50,570.0,nM,6.24,ChEMBL
Fisetin,CYCLIN-DEPENDENT KINASE 6,CHEMBL2508,CHEMBL31574,IC50,850.0,nM,6.07,ChEMBL
Fisetin,CYCLIN-DEPENDENT-LIKE KINASE 5,CHEMBL1907600,CHEMBL31574,IC50,570.0,nM,6.24,ChEMBL
Fisetin,CYSTEINE METHYLTRANSFERASE KMT2A,CHEMBL2093861,CHEMBL31574,Potency,8912.5,nM,5.05,ChEMBL
Fisetin,CYTOSOLIC THYROID HORMONE-BINDING PROTEIN,CHEMBL1075189,CHEMBL31574,IC50,900.0,nM,6.05,ChEMBL
Fisetin,DEACETYLASE,CHEMBL1865,CHEMBL31574,IC50,2308.0,nM,5.64,ChEMBL
Fisetin,DEHYDRATASE,CHEMBL4512,CHEMBL31574,IC50,2000.0,nM,5.7,ChEMBL
Fisetin,DEHYDROGENASE,CHEMBL4159,CHEMBL31574,Potency,1258.9,nM,5.9,ChEMBL
Fisetin,DINB PROTEIN,CHEMBL5365,CHEMBL31574,Potency,562.3,nM,,ChEMBL
Fisetin,DINP,CHEMBL5365,CHEMBL31574,Potency,562.3,nM,,ChEMBL
Fisetin,DIOXYGENASE,CHEMBL2331065,CHEMBL31574,IC50,9200.0,nM,5.04,ChEMBL
Fisetin,DNA,CHEMBL5619,CHEMBL31574,Potency,891.3,nM,6.05,ChEMBL
Fisetin,DNA 3'-5' HELICASE Q1,CHEMBL1293236,CHEMBL31574,Potency,3162.3,nM,5.5,ChEMBL
Fisetin,"DNA HELICASE, RECQ-LIKE TYPE 1",CHEMBL1293236,CHEMBL31574,Potency,3162.3,nM,5.5,ChEMBL
Fisetin,DNA POLYMERASE KAPPA,CHEMBL5365,CHEMBL31574,Potency,562.3,nM,,ChEMBL
Fisetin,DNA REPAIR NUCLEASE/REDOX REGULATOR APEX1,CHEMBL5619,CHEMBL31574,Potency,891.3,nM,6.05,ChEMBL
Fisetin,"DNA REPAIR NUCLEASE/REDOX REGULATOR APEX1, MITOCHONDRIAL",CHEMBL5619,CHEMBL31574,Potency,891.3,nM,6.05,ChEMBL
Fisetin,DNA-(APURINIC OR APYRIMIDINIC SITE) ENDONUCLEASE,CHEMBL5619,CHEMBL31574,Potency,891.3,nM,6.05,ChEMBL
Fisetin,DNA-DEPENDENT ATPASE Q1,CHEMBL1293236,CHEMBL31574,Potency,3162.3,nM,5.5,ChEMBL
Fisetin,E3 UBIQUITIN-PROTEIN LIGASE HDAC6,CHEMBL1865,CHEMBL31574,IC50,2308.0,nM,5.64,ChEMBL
Fisetin,EICOSANOID/DOCOSANOID DEHYDROGENASE [NAD(+)],CHEMBL1293255,CHEMBL31574,Potency,8912.5,nM,5.05,ChEMBL
Fisetin,ENDOPLASMIC RETICULUM-ASSOCIATED AMYLOID BETA-PEPTIDE-BINDING PROTEIN,CHEMBL4159,CHEMBL31574,Potency,1258.9,nM,5.9,ChEMBL
Fisetin,ENOYL-ACYL-CARRIER PROTEIN REDUCTASE,CHEMBL4150,CHEMBL31574,IC50,1000.0,nM,6.0,ChEMBL
Fisetin,ERK-2,CHEMBL4040,CHEMBL31574,Potency,7943.3,nM,5.1,ChEMBL
Fisetin,ERT1,CHEMBL4040,CHEMBL31574,Potency,7943.3,nM,5.1,ChEMBL
Fisetin,EXTRACELLULAR SIGNAL-REGULATED KINASE 2,CHEMBL4040,CHEMBL31574,Potency,7943.3,nM,5.1,ChEMBL
Fisetin,FABG,CHEMBL4513,CHEMBL31574,IC50,4100.0,nM,5.39,ChEMBL
Fisetin,FABI,CHEMBL4150,CHEMBL31574,IC50,1000.0,nM,6.0,ChEMBL
Fisetin,FABZ,CHEMBL4512,CHEMBL31574,IC50,2000.0,nM,5.7,ChEMBL
Fisetin,FAMILY,CHEMBL1743124,CHEMBL31574,IC50,6700.0,nM,5.17,ChEMBL
Fisetin,FAT MASS AND OBESITY-ASSOCIATED PROTEIN,CHEMBL2331065,CHEMBL31574,IC50,9200.0,nM,5.04,ChEMBL
Fisetin,FATTY,CHEMBL3687,CHEMBL31574,IC50,950.0,nM,6.02,ChEMBL
Fisetin,FTO,CHEMBL2331065,CHEMBL31574,IC50,9200.0,nM,5.04,ChEMBL
Fisetin,G2/MITOTIC-SPECIFIC CYCLIN-B1,CHEMBL2094127,CHEMBL31574,IC50,790.0,nM,6.1,ChEMBL
Fisetin,G2/MITOTIC-SPECIFIC CYCLIN-B2,CHEMBL2094127,CHEMBL31574,IC50,790.0,nM,6.1,ChEMBL
Fisetin,G2/MITOTIC-SPECIFIC CYCLIN-B3,CHEMBL2094127,CHEMBL31574,IC50,790.0,nM,6.1,ChEMBL
Fisetin,GAG-POL POLYPROTEIN,CHEMBL3471,CHEMBL31574,IC50,8500.0,nM,5.07,ChEMBL
Fisetin,GLYCOGEN SYNTHASE KINASE-3 ALPHA,CHEMBL2095188,CHEMBL31574,IC50,420.0,nM,6.38,ChEMBL
Fisetin,GLYCOGEN SYNTHASE KINASE-3 BETA,CHEMBL2095188,CHEMBL31574,IC50,420.0,nM,6.38,ChEMBL
Fisetin,GSK-3 ALPHA,CHEMBL2095188,CHEMBL31574,IC50,420.0,nM,6.38,ChEMBL
Fisetin,GSK-3 BETA,CHEMBL2095188,CHEMBL31574,IC50,420.0,nM,6.38,ChEMBL
Fisetin,GSK3A,CHEMBL2095188,CHEMBL31574,IC50,420.0,nM,6.38,ChEMBL
Fisetin,GSK3B,CHEMBL2095188,CHEMBL31574,IC50,420.0,nM,6.38,ChEMBL
Fisetin,HDAC6,CHEMBL1865,CHEMBL31574,IC50,2308.0,nM,5.64,ChEMBL
Fisetin,HELICASE,CHEMBL1293236,CHEMBL31574,Potency,3162.3,nM,5.5,ChEMBL
Fisetin,HEPOXILIN A3 SYNTHASE ALOX15,CHEMBL2903,CHEMBL31574,IC50,1400.0,nM,5.85,ChEMBL
Fisetin,HISTONE LYSINE ACETYLTRANSFERASE CREBBP,CHEMBL5747,CHEMBL31574,Potency,10000.0,nM,5.0,ChEMBL
Fisetin,HISTONE-LYSINE N-METHYLTRANSFERASE 2A,CHEMBL2093861,CHEMBL31574,Potency,8912.5,nM,5.05,ChEMBL
Fisetin,HPGD,CHEMBL1293255,CHEMBL31574,Potency,8912.5,nM,5.05,ChEMBL
Fisetin,HSD17B10,CHEMBL4159,CHEMBL31574,Potency,1258.9,nM,5.9,ChEMBL
Fisetin,HT-22,CHEMBL614316,CHEMBL31574,EC50,2800.0,nM,5.55,ChEMBL
Fisetin,II,CHEMBL3629,CHEMBL31574,Ki,350.0,nM,6.46,ChEMBL
Fisetin,INSULIN-STIMULATED PROTEIN KINASE 1,CHEMBL2345,CHEMBL31574,IC50,2780.0,nM,5.56,ChEMBL
Fisetin,ISPK-1,CHEMBL2345,CHEMBL31574,IC50,2780.0,nM,5.56,ChEMBL
Fisetin,KAPPA,CHEMBL5365,CHEMBL31574,Potency,562.3,nM,,ChEMBL
Fisetin,KINASE,CHEMBL3629,CHEMBL31574,Ki,350.0,nM,6.46,ChEMBL
Fisetin,KMT2A,CHEMBL2093861,CHEMBL31574,Potency,8912.5,nM,5.05,ChEMBL
Fisetin,LINOLEATE (13S)-LIPOXYGENASE,CHEMBL3687,CHEMBL31574,IC50,950.0,nM,6.02,ChEMBL
Fisetin,LINOLEATE 13S-LIPOXYGENASE,CHEMBL2903,CHEMBL31574,IC50,1400.0,nM,5.85,ChEMBL
Fisetin,LIPOXIN SYNTHASE 12-LO,CHEMBL3687,CHEMBL31574,IC50,950.0,nM,6.02,ChEMBL
Fisetin,LIPOXYGENASE,CHEMBL3687,CHEMBL31574,IC50,950.0,nM,6.02,ChEMBL
Fisetin,LIVER-TYPE ARGINASE,CHEMBL3232699,CHEMBL31574,IC50,1400.0,nM,5.85,ChEMBL
Fisetin,LYSINE N-METHYLTRANSFERASE 2A,CHEMBL2093861,CHEMBL31574,Potency,8912.5,nM,5.05,ChEMBL
Fisetin,M6A(M)-DEMETHYLASE FTO,CHEMBL2331065,CHEMBL31574,IC50,9200.0,nM,5.04,ChEMBL
Fisetin,MAP KINASE 1,CHEMBL4040,CHEMBL31574,Potency,7943.3,nM,5.1,ChEMBL
Fisetin,MAP KINASE 2,CHEMBL4040,CHEMBL31574,Potency,7943.3,nM,5.1,ChEMBL
Fisetin,MAP KINASE ISOFORM P42,CHEMBL4040,CHEMBL31574,Potency,7943.3,nM,5.1,ChEMBL
Fisetin,MAP KINASE-ACTIVATED PROTEIN KINASE 1A,CHEMBL2553,CHEMBL31574,IC50,3790.0,nM,5.42,ChEMBL
Fisetin,MAP KINASE-ACTIVATED PROTEIN KINASE 1B,CHEMBL2345,CHEMBL31574,IC50,2780.0,nM,5.56,ChEMBL
Fisetin,MAP KINASE-ACTIVATED PROTEIN KINASE 1C,CHEMBL3906,CHEMBL31574,IC50,891.0,nM,6.05,ChEMBL
Fisetin,MAPK 1,CHEMBL4040,CHEMBL31574,Potency,7943.3,nM,5.1,ChEMBL
Fisetin,MAPK 2,CHEMBL4040,CHEMBL31574,Potency,7943.3,nM,5.1,ChEMBL
Fisetin,MAPK-ACTIVATED PROTEIN KINASE 1A,CHEMBL2553,CHEMBL31574,IC50,3790.0,nM,5.42,ChEMBL
Fisetin,MAPK-ACTIVATED PROTEIN KINASE 1B,CHEMBL2345,CHEMBL31574,IC50,2780.0,nM,5.56,ChEMBL
Fisetin,MAPK-ACTIVATED PROTEIN KINASE 1C,CHEMBL3906,CHEMBL31574,IC50,891.0,nM,6.05,ChEMBL
Fisetin,MAPK1,CHEMBL4040,CHEMBL31574,Potency,7943.3,nM,5.1,ChEMBL
Fisetin,MAPKAP KINASE 1A,CHEMBL2553,CHEMBL31574,IC50,3790.0,nM,5.42,ChEMBL
Fisetin,MAPKAP KINASE 1B,CHEMBL2345,CHEMBL31574,IC50,2780.0,nM,5.56,ChEMBL
Fisetin,MAPKAP KINASE 1C,CHEMBL3906,CHEMBL31574,IC50,891.0,nM,6.05,ChEMBL
Fisetin,MAPKAPK-1A,CHEMBL2553,CHEMBL31574,IC50,3790.0,nM,5.42,ChEMBL
Fisetin,MAPKAPK-1B,CHEMBL2345,CHEMBL31574,IC50,2780.0,nM,5.56,ChEMBL
Fisetin,MAPKAPK-1C,CHEMBL3906,CHEMBL31574,IC50,891.0,nM,6.05,ChEMBL
Fisetin,MAPT,CHEMBL1293224,CHEMBL31574,Potency,5011.9,nM,5.3,ChEMBL
Fisetin,MCF-10A,CHEMBL614321,CHEMBL31574,IC50,2440.0,nM,5.61,ChEMBL
Fisetin,MCF7,CHEMBL387,CHEMBL31574,IC50,8500.0,nM,5.07,ChEMBL
Fisetin,MEMBER,CHEMBL1743124,CHEMBL31574,IC50,6700.0,nM,5.17,ChEMBL
Fisetin,MEN1,CHEMBL2093861,CHEMBL31574,Potency,8912.5,nM,5.05,ChEMBL
Fisetin,MENIN,CHEMBL2093861,CHEMBL31574,Potency,8912.5,nM,5.05,ChEMBL
Fisetin,MHBD,CHEMBL4159,CHEMBL31574,Potency,1258.9,nM,5.9,ChEMBL
Fisetin,MICROTUBULE-ASSOCIATED PROTEIN TAU,CHEMBL1293224,CHEMBL31574,Potency,5011.9,nM,5.3,ChEMBL
Fisetin,MITOCHONDRIAL RIBONUCLEASE P PROTEIN 2,CHEMBL4159,CHEMBL31574,Potency,1258.9,nM,5.9,ChEMBL
Fisetin,MITOCHONDRIAL RNASE P PROTEIN 2,CHEMBL4159,CHEMBL31574,Potency,1258.9,nM,5.9,ChEMBL
Fisetin,MITOGEN-ACTIVATED PROTEIN KINASE 1,CHEMBL4040,CHEMBL31574,Potency,7943.3,nM,5.1,ChEMBL
Fisetin,MITOGEN-ACTIVATED PROTEIN KINASE 2,CHEMBL4040,CHEMBL31574,Potency,7943.3,nM,5.1,ChEMBL
Fisetin,MLL CLEAVAGE PRODUCT C180,CHEMBL2093861,CHEMBL31574,Potency,8912.5,nM,5.05,ChEMBL
Fisetin,MLL CLEAVAGE PRODUCT N320,CHEMBL2093861,CHEMBL31574,Potency,8912.5,nM,5.05,ChEMBL
Fisetin,MONOCYTE,CHEMBL614076,CHEMBL31574,IC50,3700.0,nM,5.43,ChEMBL
Fisetin,MRNA (2'-O-METHYLADENOSINE-N(6)-)-DEMETHYLASE FTO,CHEMBL2331065,CHEMBL31574,IC50,9200.0,nM,5.04,ChEMBL
Fisetin,MRNA N(6)-METHYLADENOSINE DEMETHYLASE FTO,CHEMBL2331065,CHEMBL31574,IC50,9200.0,nM,5.04,ChEMBL
Fisetin,MYELOID/LYMPHOID OR MIXED-LINEAGE LEUKEMIA,CHEMBL2093861,CHEMBL31574,Potency,8912.5,nM,5.05,ChEMBL
Fisetin,MYELOID/LYMPHOID OR MIXED-LINEAGE LEUKEMIA PROTEIN 1,CHEMBL2093861,CHEMBL31574,Potency,8912.5,nM,5.05,ChEMBL
Fisetin,N-TERMINAL CLEAVAGE PRODUCT OF 320 KDA,CHEMBL2093861,CHEMBL31574,Potency,8912.5,nM,5.05,ChEMBL
Fisetin,NEUROFIBRILLARY TANGLE PROTEIN,CHEMBL1293224,CHEMBL31574,Potency,5011.9,nM,5.3,ChEMBL
Fisetin,NO RELEVANT TARGET,CHEMBL2362975,CHEMBL31574,IC50,10100.0,nM,5.0,ChEMBL
Fisetin,NON-PROTEIN TARGET,CHEMBL3879801,CHEMBL31574,IC50,1840.0,nM,5.74,ChEMBL
Fisetin,OATP-B,CHEMBL1743124,CHEMBL31574,IC50,6700.0,nM,5.17,ChEMBL
Fisetin,OATP-RP2,CHEMBL1743124,CHEMBL31574,IC50,6700.0,nM,5.17,ChEMBL
Fisetin,OATP2B1,CHEMBL1743124,CHEMBL31574,IC50,6700.0,nM,5.17,ChEMBL
Fisetin,OATPRP2,CHEMBL1743124,CHEMBL31574,IC50,6700.0,nM,5.17,ChEMBL
Fisetin,OIP-3,CHEMBL1075189,CHEMBL31574,IC50,900.0,nM,6.05,ChEMBL
Fisetin,OPA-INTERACTING PROTEIN 3,CHEMBL1075189,CHEMBL31574,IC50,900.0,nM,6.05,ChEMBL
Fisetin,ORGANIC,CHEMBL1743124,CHEMBL31574,IC50,6700.0,nM,5.17,ChEMBL
Fisetin,ORGANIC ANION TRANSPORTER B,CHEMBL1743124,CHEMBL31574,IC50,6700.0,nM,5.17,ChEMBL
Fisetin,ORGANIC ANION TRANSPORTER POLYPEPTIDE-RELATED PROTEIN 2,CHEMBL1743124,CHEMBL31574,IC50,6700.0,nM,5.17,ChEMBL
Fisetin,ORGANIC ANION TRANSPORTING POLYPEPTIDE 2B1,CHEMBL1743124,CHEMBL31574,IC50,6700.0,nM,5.17,ChEMBL
Fisetin,ORYCTOLAGUS CUNICULUS,CHEMBL374,CHEMBL31574,EC50,2000.0,nM,5.7,ChEMBL
Fisetin,P180,CHEMBL2093861,CHEMBL31574,Potency,8912.5,nM,5.05,ChEMBL
Fisetin,P23,CHEMBL1907600,CHEMBL31574,IC50,570.0,nM,6.24,ChEMBL
Fisetin,P25,CHEMBL1907600,CHEMBL31574,IC50,570.0,nM,6.24,ChEMBL
Fisetin,P320,CHEMBL2093861,CHEMBL31574,Potency,8912.5,nM,5.05,ChEMBL
Fisetin,P33 PROTEIN KINASE,CHEMBL301,CHEMBL31574,IC50,5000.0,nM,5.3,ChEMBL
Fisetin,P34 PROTEIN KINASE,CHEMBL2094127,CHEMBL31574,IC50,790.0,nM,6.1,ChEMBL
Fisetin,P35,CHEMBL1907600,CHEMBL31574,IC50,570.0,nM,6.24,ChEMBL
Fisetin,P42-MAPK,CHEMBL4040,CHEMBL31574,Potency,7943.3,nM,5.1,ChEMBL
Fisetin,P58,CHEMBL1075189,CHEMBL31574,IC50,900.0,nM,6.05,ChEMBL
Fisetin,P90-RSK 1,CHEMBL2553,CHEMBL31574,IC50,3790.0,nM,5.42,ChEMBL
Fisetin,P90-RSK 2,CHEMBL3906,CHEMBL31574,IC50,891.0,nM,6.05,ChEMBL
Fisetin,P90-RSK 3,CHEMBL2345,CHEMBL31574,IC50,2780.0,nM,5.56,ChEMBL
Fisetin,P90RSK1,CHEMBL2553,CHEMBL31574,IC50,3790.0,nM,5.42,ChEMBL
Fisetin,P90RSK2,CHEMBL3906,CHEMBL31574,IC50,891.0,nM,6.05,ChEMBL
Fisetin,P90RSK3,CHEMBL2345,CHEMBL31574,IC50,2780.0,nM,5.56,ChEMBL
Fisetin,P90S6K,CHEMBL2553,CHEMBL31574,IC50,3790.0,nM,5.42,ChEMBL
Fisetin,PAIRED HELICAL FILAMENT-TAU,CHEMBL1293224,CHEMBL31574,Potency,5011.9,nM,5.3,ChEMBL
Fisetin,PHF-TAU,CHEMBL1293224,CHEMBL31574,Potency,5011.9,nM,5.3,ChEMBL
Fisetin,PHOSPHOPROTEIN P53,CHEMBL4096,CHEMBL31574,Potency,1995.3,nM,5.7,ChEMBL
Fisetin,PHOSVITIN,CHEMBL2095191,CHEMBL31574,IC50,350.0,nM,6.46,ChEMBL
Fisetin,PKM,CHEMBL1075189,CHEMBL31574,IC50,900.0,nM,6.05,ChEMBL
Fisetin,PLASMODIUM FALCIPARUM,CHEMBL364,CHEMBL31574,IC50,8200.0,nM,5.09,ChEMBL
Fisetin,PLATELET-TYPE LIPOXYGENASE 12,CHEMBL3687,CHEMBL31574,IC50,950.0,nM,6.02,ChEMBL
Fisetin,POL,CHEMBL3471,CHEMBL31574,IC50,8500.0,nM,5.07,ChEMBL
Fisetin,POLK,CHEMBL5365,CHEMBL31574,Potency,562.3,nM,,ChEMBL
Fisetin,POLYMERASE,CHEMBL5365,CHEMBL31574,Potency,562.3,nM,,ChEMBL
Fisetin,POLYPROTEIN,CHEMBL3471,CHEMBL31574,IC50,8500.0,nM,5.07,ChEMBL
Fisetin,POLYUNSATURATED,CHEMBL3687,CHEMBL31574,IC50,950.0,nM,6.02,ChEMBL
Fisetin,POLYUNSATURATED FATTY ACID LIPOXYGENASE ALOX12,CHEMBL3687,CHEMBL31574,IC50,950.0,nM,6.02,ChEMBL
Fisetin,POLYUNSATURATED FATTY ACID LIPOXYGENASE ALOX15,CHEMBL2903,CHEMBL31574,IC50,1400.0,nM,5.85,ChEMBL
Fisetin,PP90RSK2,CHEMBL2345,CHEMBL31574,IC50,2780.0,nM,5.56,ChEMBL
Fisetin,PP90RSK3,CHEMBL3906,CHEMBL31574,IC50,891.0,nM,6.05,ChEMBL
Fisetin,PR160GAG-POL,CHEMBL3471,CHEMBL31574,IC50,8500.0,nM,5.07,ChEMBL
Fisetin,PROSTAGLANDIN DEHYDROGENASE 1,CHEMBL1293255,CHEMBL31574,Potency,8912.5,nM,5.05,ChEMBL
Fisetin,PROTEIN,CHEMBL3906,CHEMBL31574,IC50,891.0,nM,6.05,ChEMBL
Fisetin,PROTEIN DEACETYLASE HDAC6,CHEMBL1865,CHEMBL31574,IC50,2308.0,nM,5.64,ChEMBL
Fisetin,PROTEIN G5A,CHEMBL2095191,CHEMBL31574,IC50,350.0,nM,6.46,ChEMBL
Fisetin,PROTEIN LACTYLTRANSFERAS CREBBP,CHEMBL5747,CHEMBL31574,Potency,10000.0,nM,5.0,ChEMBL
Fisetin,PROTEIN-LYSINE ACETYLTRANSFERASE CREBBP,CHEMBL5747,CHEMBL31574,Potency,10000.0,nM,5.0,ChEMBL
Fisetin,PWR-1E,CHEMBL4296487,CHEMBL31574,IC50,5390.0,nM,5.27,ChEMBL
Fisetin,PYRUVATE,CHEMBL1075189,CHEMBL31574,IC50,900.0,nM,6.05,ChEMBL
Fisetin,PYRUVATE KINASE 2/3,CHEMBL1075189,CHEMBL31574,IC50,900.0,nM,6.05,ChEMBL
Fisetin,PYRUVATE KINASE MUSCLE ISOZYME,CHEMBL1075189,CHEMBL31574,IC50,900.0,nM,6.05,ChEMBL
Fisetin,PYRUVATE KINASE PKM,CHEMBL1075189,CHEMBL31574,IC50,900.0,nM,6.05,ChEMBL
Fisetin,RATTUS NORVEGICUS,CHEMBL376,CHEMBL31574,IC50,200.0,nM,6.7,ChEMBL
Fisetin,RECQ PROTEIN-LIKE 1,CHEMBL1293236,CHEMBL31574,Potency,3162.3,nM,5.5,ChEMBL
Fisetin,RECQ1,CHEMBL1293236,CHEMBL31574,Potency,3162.3,nM,5.5,ChEMBL
Fisetin,RECQL,CHEMBL1293236,CHEMBL31574,Potency,3162.3,nM,5.5,ChEMBL
Fisetin,REDOX FACTOR-1,CHEMBL5619,CHEMBL31574,Potency,891.3,nM,6.05,ChEMBL
Fisetin,REDUCTASE,CHEMBL4150,CHEMBL31574,IC50,1000.0,nM,6.0,ChEMBL
Fisetin,REF-1,CHEMBL5619,CHEMBL31574,Potency,891.3,nM,6.05,ChEMBL
Fisetin,REGULATOR,CHEMBL5619,CHEMBL31574,Potency,891.3,nM,6.05,ChEMBL
Fisetin,REPAIR,CHEMBL5619,CHEMBL31574,Potency,891.3,nM,6.05,ChEMBL
Fisetin,RIBOSOMAL,CHEMBL3906,CHEMBL31574,IC50,891.0,nM,6.05,ChEMBL
Fisetin,RIBOSOMAL PROTEIN S6 KINASE ALPHA-1,CHEMBL2553,CHEMBL31574,IC50,3790.0,nM,5.42,ChEMBL
Fisetin,RIBOSOMAL PROTEIN S6 KINASE ALPHA-2,CHEMBL3906,CHEMBL31574,IC50,891.0,nM,6.05,ChEMBL
Fisetin,RIBOSOMAL PROTEIN S6 KINASE ALPHA-3,CHEMBL2345,CHEMBL31574,IC50,2780.0,nM,5.56,ChEMBL
Fisetin,RIBOSOMAL S6 KINASE 1,CHEMBL2553,CHEMBL31574,IC50,3790.0,nM,5.42,ChEMBL
Fisetin,RIBOSOMAL S6 KINASE 2,CHEMBL2345,CHEMBL31574,IC50,2780.0,nM,5.56,ChEMBL
Fisetin,RIBOSOMAL S6 KINASE 3,CHEMBL3906,CHEMBL31574,IC50,891.0,nM,6.05,ChEMBL
Fisetin,RPS6KA1,CHEMBL2553,CHEMBL31574,IC50,3790.0,nM,5.42,ChEMBL
Fisetin,RPS6KA2,CHEMBL3906,CHEMBL31574,IC50,891.0,nM,6.05,ChEMBL
Fisetin,RPS6KA3,CHEMBL2345,CHEMBL31574,IC50,2780.0,nM,5.56,ChEMBL
Fisetin,RSK-1,CHEMBL2553,CHEMBL31574,IC50,3790.0,nM,5.42,ChEMBL
Fisetin,RSK-2,CHEMBL2345,CHEMBL31574,IC50,2780.0,nM,5.56,ChEMBL
Fisetin,RSK-3,CHEMBL3906,CHEMBL31574,IC50,891.0,nM,6.05,ChEMBL
Fisetin,S6K-ALPHA-1,CHEMBL2553,CHEMBL31574,IC50,3790.0,nM,5.42,ChEMBL
Fisetin,S6K-ALPHA-2,CHEMBL3906,CHEMBL31574,IC50,891.0,nM,6.05,ChEMBL
Fisetin,S6K-ALPHA-3,CHEMBL2345,CHEMBL31574,IC50,2780.0,nM,5.56,ChEMBL
Fisetin,SERINE/THREONINE-PROTEIN KINASE GSK3A,CHEMBL2095188,CHEMBL31574,IC50,420.0,nM,6.38,ChEMBL
Fisetin,SERINE/THREONINE-PROTEIN KINASE GSK3B,CHEMBL2095188,CHEMBL31574,IC50,420.0,nM,6.38,ChEMBL
Fisetin,SERINE/THREONINE-PROTEIN KINASE PLSTIRE,CHEMBL2508,CHEMBL31574,IC50,850.0,nM,6.07,ChEMBL
Fisetin,SERINE/THREONINE-PROTEIN KINASE PSSALRE,CHEMBL1907600,CHEMBL31574,IC50,570.0,nM,6.24,ChEMBL
Fisetin,SHORT CHAIN DEHYDROGENASE/REDUCTASE FAMILY 36C MEMBER 1,CHEMBL1293255,CHEMBL31574,Potency,8912.5,nM,5.05,ChEMBL
Fisetin,SHORT CHAIN DEHYDROGENASE/REDUCTASE FAMILY 5C MEMBER 1,CHEMBL4159,CHEMBL31574,Potency,1258.9,nM,5.9,ChEMBL
Fisetin,SHORT-CHAIN TYPE DEHYDROGENASE/REDUCTASE XH98G2,CHEMBL4159,CHEMBL31574,Potency,1258.9,nM,5.9,ChEMBL
Fisetin,SLCO2B1,CHEMBL1743124,CHEMBL31574,IC50,6700.0,nM,5.17,ChEMBL
Fisetin,SOLUTE,CHEMBL1743124,CHEMBL31574,IC50,6700.0,nM,5.17,ChEMBL
Fisetin,SOLUTE CARRIER FAMILY 21 MEMBER 9,CHEMBL1743124,CHEMBL31574,IC50,6700.0,nM,5.17,ChEMBL
Fisetin,SOLUTE CARRIER ORGANIC ANION TRANSPORTER FAMILY MEMBER 2B1,CHEMBL1743124,CHEMBL31574,IC50,6700.0,nM,5.17,ChEMBL
Fisetin,SUBUNIT,CHEMBL3629,CHEMBL31574,Ki,350.0,nM,6.46,ChEMBL
Fisetin,TAU,CHEMBL1293224,CHEMBL31574,Potency,5011.9,nM,5.3,ChEMBL
Fisetin,TAU PROTEIN KINASE II 23 KDA SUBUNIT,CHEMBL1907600,CHEMBL31574,IC50,570.0,nM,6.24,ChEMBL
Fisetin,TAU PROTEIN KINASE II CATALYTIC SUBUNIT,CHEMBL1907600,CHEMBL31574,IC50,570.0,nM,6.24,ChEMBL
Fisetin,TDP1,CHEMBL1075138,CHEMBL31574,Potency,6683.8,nM,,ChEMBL
Fisetin,THBP1,CHEMBL1075189,CHEMBL31574,IC50,900.0,nM,6.05,ChEMBL
Fisetin,THREONINE-PROTEIN KINASE PKM2,CHEMBL1075189,CHEMBL31574,IC50,900.0,nM,6.05,ChEMBL
Fisetin,THYROID HORMONE-BINDING PROTEIN 1,CHEMBL1075189,CHEMBL31574,IC50,900.0,nM,6.05,ChEMBL
Fisetin,TP53,CHEMBL4096,CHEMBL31574,Potency,1995.3,nM,5.7,ChEMBL
Fisetin,TPKII CATALYTIC SUBUNIT,CHEMBL1907600,CHEMBL31574,IC50,570.0,nM,6.24,ChEMBL
Fisetin,TPKII REGULATORY SUBUNIT,CHEMBL1907600,CHEMBL31574,IC50,570.0,nM,6.24,ChEMBL
Fisetin,TRANSPORTER,CHEMBL1743124,CHEMBL31574,IC50,6700.0,nM,5.17,ChEMBL
Fisetin,TRITHORAX-LIKE PROTEIN,CHEMBL2093861,CHEMBL31574,Potency,8912.5,nM,5.05,ChEMBL
Fisetin,TRNA N1-METHYL ADENINE DEMETHYLASE FTO,CHEMBL2331065,CHEMBL31574,IC50,9200.0,nM,5.04,ChEMBL
Fisetin,TUBULIN-LYSINE DEACETYLASE HDAC6,CHEMBL1865,CHEMBL31574,IC50,2308.0,nM,5.64,ChEMBL
Fisetin,TUMOR,CHEMBL4096,CHEMBL31574,Potency,1995.3,nM,5.7,ChEMBL
Fisetin,TUMOR M2-PK,CHEMBL1075189,CHEMBL31574,IC50,900.0,nM,6.05,ChEMBL
Fisetin,TUMOR SUPPRESSOR P53,CHEMBL4096,CHEMBL31574,Potency,1995.3,nM,5.7,ChEMBL
Fisetin,TYPE I ARGINASE,CHEMBL3232699,CHEMBL31574,IC50,1400.0,nM,5.85,ChEMBL
Fisetin,TYPE II HADH,CHEMBL4159,CHEMBL31574,Potency,1258.9,nM,5.9,ChEMBL
Fisetin,TYR-DNA PHOSPHODIESTERASE 1,CHEMBL1075138,CHEMBL31574,Potency,6683.8,nM,,ChEMBL
Fisetin,TYROSINE-PROTEIN KINASE PKM2,CHEMBL1075189,CHEMBL31574,IC50,900.0,nM,6.05,ChEMBL
Fisetin,TYROSYL-DNA PHOSPHODIESTERASE 1,CHEMBL1075138,CHEMBL31574,Potency,6683.8,nM,,ChEMBL
Fisetin,U6 SMALL NUCLEAR RNA (2'-O-METHYLADENOSINE-N(6)-)-DEMETHYLASE FTO,CHEMBL2331065,CHEMBL31574,IC50,9200.0,nM,5.04,ChEMBL
Fisetin,U6 SMALL NUCLEAR RNA N(6)-METHYLADENOSINE-DEMETHYLASE FTO,CHEMBL2331065,CHEMBL31574,IC50,9200.0,nM,5.04,ChEMBL
Fisetin,UNCHECKED,CHEMBL612545,CHEMBL31574,IC50,15.0,nM,7.82,ChEMBL
Fisetin,XANTHINE,CHEMBL1929,CHEMBL31574,IC50,4330.0,nM,5.36,ChEMBL
Fisetin,XANTHINE DEHYDROGENASE,CHEMBL1929,CHEMBL31574,IC50,4330.0,nM,5.36,ChEMBL
Fisetin,XANTHINE DEHYDROGENASE/OXIDASE,CHEMBL1929,CHEMBL31574,IC50,4330.0,nM,5.36,ChEMBL
Fisetin,XANTHINE OXIDASE,CHEMBL1929,CHEMBL31574,IC50,4330.0,nM,5.36,ChEMBL
Fisetin,XANTHINE OXIDOREDUCTASE,CHEMBL1929,CHEMBL31574,IC50,4330.0,nM,5.36,ChEMBL
Fisetin,XDH,CHEMBL1929,CHEMBL31574,IC50,4330.0,nM,5.36,ChEMBL
Fisetin,XOR,CHEMBL1929,CHEMBL31574,IC50,4330.0,nM,5.36,ChEMBL
Fisetin,ZINC FINGER PROTEIN HRX,CHEMBL2093861,CHEMBL31574,Potency,8912.5,nM,5.05,ChEMBL
Formononetin,(R)-LIMONENE 6-MONOOXYGENASE,CHEMBL3397,CHEMBL242341,Potency,10.0,nM,8.0,ChEMBL
Formononetin,(S)-LIMONENE 6-MONOOXYGENASE,CHEMBL3397,CHEMBL242341,Potency,10.0,nM,8.0,ChEMBL
Formononetin,(S)-LIMONENE 7-MONOOXYGENASE,CHEMBL3397,CHEMBL242341,Potency,10.0,nM,8.0,ChEMBL
Formononetin,ANDROGEN RECEPTOR-ASSOCIATED PROTEIN 24,CHEMBL3885569,CHEMBL242341,Potency,7307.8,nM,,ChEMBL
Formononetin,ANTIGEN,CHEMBL4096,CHEMBL242341,Potency,3981.1,nM,5.4,ChEMBL
Formononetin,ANTIGEN NY-CO-13,CHEMBL4096,CHEMBL242341,Potency,3981.1,nM,5.4,ChEMBL
Formononetin,APOPTOSIS,CHEMBL4860,CHEMBL242341,Ki,10.0,nM,8.0,ChEMBL
Formononetin,APOPTOSIS REGULATOR BCL-2,CHEMBL4860,CHEMBL242341,Ki,10.0,nM,8.0,ChEMBL
Formononetin,BCL2,CHEMBL4860,CHEMBL242341,Ki,10.0,nM,8.0,ChEMBL
Formononetin,BRCA1,CHEMBL5990,CHEMBL242341,Potency,2238.7,nM,,ChEMBL
Formononetin,BREAST,CHEMBL5990,CHEMBL242341,Potency,2238.7,nM,,ChEMBL
Formononetin,BREAST CANCER TYPE 1 SUSCEPTIBILITY PROTEIN,CHEMBL5990,CHEMBL242341,Potency,2238.7,nM,,ChEMBL
Formononetin,CANCER,CHEMBL5990,CHEMBL242341,Potency,2238.7,nM,,ChEMBL
Formononetin,CELLULAR,CHEMBL4096,CHEMBL242341,Potency,3981.1,nM,5.4,ChEMBL
Formononetin,CELLULAR TUMOR ANTIGEN P53,CHEMBL4096,CHEMBL242341,Potency,3981.1,nM,5.4,ChEMBL
Formononetin,CHOLESTEROL 25-HYDROXYLASE,CHEMBL3397,CHEMBL242341,Potency,10.0,nM,8.0,ChEMBL
Formononetin,CYP1B1,CHEMBL4878,CHEMBL242341,Ki,3700.0,nM,5.43,ChEMBL
Formononetin,CYP2C19,CHEMBL3622,CHEMBL242341,Potency,7943.3,nM,5.1,ChEMBL
Formononetin,CYP2C9,CHEMBL3397,CHEMBL242341,Potency,10.0,nM,8.0,ChEMBL
Formononetin,CYP2D6,CHEMBL289,CHEMBL242341,Potency,10000.0,nM,5.0,ChEMBL
Formononetin,CYPIB1,CHEMBL4878,CHEMBL242341,Ki,3700.0,nM,5.43,ChEMBL
Formononetin,CYPIIC17,CHEMBL3622,CHEMBL242341,Potency,7943.3,nM,5.1,ChEMBL
Formononetin,CYPIIC19,CHEMBL3622,CHEMBL242341,Potency,7943.3,nM,5.1,ChEMBL
Formononetin,CYPIIC9,CHEMBL3397,CHEMBL242341,Potency,10.0,nM,8.0,ChEMBL
Formononetin,CYPIID6,CHEMBL289,CHEMBL242341,Potency,10000.0,nM,5.0,ChEMBL
Formononetin,CYTOCHROME,CHEMBL3397,CHEMBL242341,Potency,10.0,nM,8.0,ChEMBL
Formononetin,CYTOCHROME P-450MP,CHEMBL3397,CHEMBL242341,Potency,10.0,nM,8.0,ChEMBL
Formononetin,CYTOCHROME P450 1B1,CHEMBL4878,CHEMBL242341,Ki,3700.0,nM,5.43,ChEMBL
Formononetin,CYTOCHROME P450 2C19,CHEMBL3622,CHEMBL242341,Potency,7943.3,nM,5.1,ChEMBL
Formononetin,CYTOCHROME P450 2C9,CHEMBL3397,CHEMBL242341,Potency,10.0,nM,8.0,ChEMBL
Formononetin,CYTOCHROME P450 2D6,CHEMBL289,CHEMBL242341,Potency,10000.0,nM,5.0,ChEMBL
Formononetin,CYTOCHROME P450 MP-4,CHEMBL3397,CHEMBL242341,Potency,10.0,nM,8.0,ChEMBL
Formononetin,CYTOCHROME P450 MP-8,CHEMBL3397,CHEMBL242341,Potency,10.0,nM,8.0,ChEMBL
Formononetin,CYTOCHROME P450 PB-1,CHEMBL3397,CHEMBL242341,Potency,10.0,nM,8.0,ChEMBL
Formononetin,CYTOCHROME P450-11A,CHEMBL3622,CHEMBL242341,Potency,7943.3,nM,5.1,ChEMBL
Formononetin,CYTOCHROME P450-254C,CHEMBL3622,CHEMBL242341,Potency,7943.3,nM,5.1,ChEMBL
Formononetin,CYTOCHROME P450-DB1,CHEMBL289,CHEMBL242341,Potency,10000.0,nM,5.0,ChEMBL
Formononetin,DEACETYLASE,CHEMBL1865,CHEMBL242341,IC50,287.9,nM,6.54,ChEMBL
Formononetin,DEBRISOQUINE 4-HYDROXYLASE,CHEMBL289,CHEMBL242341,Potency,10000.0,nM,5.0,ChEMBL
Formononetin,E3 UBIQUITIN-PROTEIN LIGASE HDAC6,CHEMBL1865,CHEMBL242341,IC50,287.9,nM,6.54,ChEMBL
Formononetin,FENBENDAZOLE MONOOXYGENASE (4'-HYDROXYLATING),CHEMBL3622,CHEMBL242341,Potency,7943.3,nM,5.1,ChEMBL
Formononetin,GIARDIA,CHEMBL615046,CHEMBL242341,Potency,584.8,nM,,ChEMBL
Formononetin,GTP-BINDING NUCLEAR PROTEIN RAN,CHEMBL3885569,CHEMBL242341,Potency,7307.8,nM,,ChEMBL
Formononetin,GTPASE RAN,CHEMBL3885569,CHEMBL242341,Potency,7307.8,nM,,ChEMBL
Formononetin,HDAC6,CHEMBL1865,CHEMBL242341,IC50,287.9,nM,6.54,ChEMBL
Formononetin,HELA,CHEMBL399,CHEMBL242341,IC50,8510.0,nM,5.07,ChEMBL
Formononetin,HYDROPEROXY ICOSATETRAENOATE DEHYDRATASE,CHEMBL4878,CHEMBL242341,Ki,3700.0,nM,5.43,ChEMBL
Formononetin,IL-2,CHEMBL5880,CHEMBL242341,Kd,5470.0,nM,5.26,ChEMBL
Formononetin,IL2,CHEMBL5880,CHEMBL242341,Kd,5470.0,nM,5.26,ChEMBL
Formononetin,IMPORTIN SUBUNIT BETA-1,CHEMBL3885569,CHEMBL242341,Potency,7307.8,nM,,ChEMBL
Formononetin,IMPORTIN-90,CHEMBL3885569,CHEMBL242341,Potency,7307.8,nM,,ChEMBL
Formononetin,INN=ALDESLEUKIN,CHEMBL5880,CHEMBL242341,Kd,5470.0,nM,5.26,ChEMBL
Formononetin,INTERLEUKIN-2,CHEMBL5880,CHEMBL242341,Kd,5470.0,nM,5.26,ChEMBL
Formononetin,KARYOPHERIN SUBUNIT BETA-1,CHEMBL3885569,CHEMBL242341,Potency,7307.8,nM,,ChEMBL
Formononetin,KPNB1,CHEMBL3885569,CHEMBL242341,Potency,7307.8,nM,,ChEMBL
Formononetin,MAPT,CHEMBL1293224,CHEMBL242341,Potency,5011.9,nM,5.3,ChEMBL
Formononetin,MEPHENYTOIN 4-HYDROXYLASE,CHEMBL3622,CHEMBL242341,Potency,7943.3,nM,5.1,ChEMBL
Formononetin,MICROTUBULE-ASSOCIATED PROTEIN TAU,CHEMBL1293224,CHEMBL242341,Potency,5011.9,nM,5.3,ChEMBL
Formononetin,NA,CHEMBL6135,CHEMBL242341,IC50,5040.0,nM,5.3,ChEMBL
Formononetin,NEURAMINIDASE,CHEMBL6135,CHEMBL242341,IC50,5040.0,nM,5.3,ChEMBL
Formononetin,NEUROFIBRILLARY TANGLE PROTEIN,CHEMBL1293224,CHEMBL242341,Potency,5011.9,nM,5.3,ChEMBL
Formononetin,NUCLEAR FACTOR P97,CHEMBL3885569,CHEMBL242341,Potency,7307.8,nM,,ChEMBL
Formononetin,PAIRED HELICAL FILAMENT-TAU,CHEMBL1293224,CHEMBL242341,Potency,5011.9,nM,5.3,ChEMBL
Formononetin,PHF-TAU,CHEMBL1293224,CHEMBL242341,Potency,5011.9,nM,5.3,ChEMBL
Formononetin,PHOSPHOPROTEIN P53,CHEMBL4096,CHEMBL242341,Potency,3981.1,nM,5.4,ChEMBL
Formononetin,PORE TARGETING COMPLEX 97 KDA SUBUNIT,CHEMBL3885569,CHEMBL242341,Potency,7307.8,nM,,ChEMBL
Formononetin,PROTEIN,CHEMBL1865,CHEMBL242341,IC50,287.9,nM,6.54,ChEMBL
Formononetin,PROTEIN DEACETYLASE HDAC6,CHEMBL1865,CHEMBL242341,IC50,287.9,nM,6.54,ChEMBL
Formononetin,PTAC97,CHEMBL3885569,CHEMBL242341,Potency,7307.8,nM,,ChEMBL
Formononetin,RAN,CHEMBL3885569,CHEMBL242341,Potency,7307.8,nM,,ChEMBL
Formononetin,RAS-LIKE PROTEIN TC4,CHEMBL3885569,CHEMBL242341,Potency,7307.8,nM,,ChEMBL
Formononetin,RAS-RELATED NUCLEAR PROTEIN,CHEMBL3885569,CHEMBL242341,Potency,7307.8,nM,,ChEMBL
Formononetin,REGULATOR,CHEMBL4860,CHEMBL242341,Ki,10.0,nM,8.0,ChEMBL
Formononetin,RING FINGER PROTEIN 53,CHEMBL5990,CHEMBL242341,Potency,2238.7,nM,,ChEMBL
Formononetin,RING-TYPE E3 UBIQUITIN TRANSFERASE BRCA1,CHEMBL5990,CHEMBL242341,Potency,2238.7,nM,,ChEMBL
Formononetin,RNA U TRANSPORTER 1,CHEMBL3885569,CHEMBL242341,Potency,7307.8,nM,,ChEMBL
Formononetin,S-MEPHENYTOIN 4-HYDROXYLASE,CHEMBL3397,CHEMBL242341,Potency,10.0,nM,8.0,ChEMBL
Formononetin,SGC-7901,CHEMBL614909,CHEMBL242341,IC50,2170.0,nM,5.66,ChEMBL
Formononetin,SNUPN,CHEMBL3885569,CHEMBL242341,Potency,7307.8,nM,,ChEMBL
Formononetin,SNURPORTIN-1,CHEMBL3885569,CHEMBL242341,Potency,7307.8,nM,,ChEMBL
Formononetin,SUSCEPTIBILITY,CHEMBL5990,CHEMBL242341,Potency,2238.7,nM,,ChEMBL
Formononetin,T-CELL GROWTH FACTOR,CHEMBL5880,CHEMBL242341,Kd,5470.0,nM,5.26,ChEMBL
Formononetin,TAU,CHEMBL1293224,CHEMBL242341,Potency,5011.9,nM,5.3,ChEMBL
Formononetin,TCGF,CHEMBL5880,CHEMBL242341,Kd,5470.0,nM,5.26,ChEMBL
Formononetin,TP53,CHEMBL4096,CHEMBL242341,Potency,3981.1,nM,5.4,ChEMBL
Formononetin,TUBULIN-LYSINE DEACETYLASE HDAC6,CHEMBL1865,CHEMBL242341,IC50,287.9,nM,6.54,ChEMBL
Formononetin,TUMOR,CHEMBL4096,CHEMBL242341,Potency,3981.1,nM,5.4,ChEMBL
Formononetin,TUMOR SUPPRESSOR P53,CHEMBL4096,CHEMBL242341,Potency,3981.1,nM,5.4,ChEMBL
Formononetin,TYPE,CHEMBL5990,CHEMBL242341,Potency,2238.7,nM,,ChEMBL
Formononetin,UNCHECKED,CHEMBL612545,CHEMBL242341,IC50,340.0,nM,6.47,ChEMBL
Galangin,(R)-LIMONENE 6-MONOOXYGENASE,CHEMBL3397,CHEMBL309490,Potency,3162.3,nM,5.5,ChEMBL
Galangin,(S)-LIMONENE 6-MONOOXYGENASE,CHEMBL3397,CHEMBL309490,Potency,3162.3,nM,5.5,ChEMBL
Galangin,(S)-LIMONENE 7-MONOOXYGENASE,CHEMBL3397,CHEMBL309490,Potency,3162.3,nM,5.5,ChEMBL
Galangin,ABCB1,CHEMBL4302,CHEMBL309490,Kd,5888.44,nM,5.23,ChEMBL
Galangin,ABCB1A,CHEMBL2573,CHEMBL309490,Kd,5900.0,nM,5.23,ChEMBL
Galangin,ACETYLCHOLINESTERASE,CHEMBL220,CHEMBL309490,IC50,12.0,nM,7.92,ChEMBL
Galangin,ACHE,CHEMBL220,CHEMBL309490,IC50,12.0,nM,7.92,ChEMBL
Galangin,ACYLCHOLINE ACYLHYDROLASE,CHEMBL1914,CHEMBL309490,Ki,6900.0,nM,5.16,ChEMBL
Galangin,ADENOSINE,CHEMBL318,CHEMBL309490,Ki,863.0,nM,6.06,ChEMBL
Galangin,ADENOSINE RECEPTOR A1,CHEMBL318,CHEMBL309490,Ki,863.0,nM,6.06,ChEMBL
Galangin,ADENOSINE RECEPTOR A2A,CHEMBL302,CHEMBL309490,Ki,966.0,nM,6.01,ChEMBL
Galangin,ADENOSINE RECEPTOR A2B,CHEMBL2094117,CHEMBL309490,Ki,966.0,nM,6.01,ChEMBL
Galangin,ADENOSINE RECEPTOR A3,CHEMBL256,CHEMBL309490,Ki,3150.0,nM,5.5,ChEMBL
Galangin,ADORA1,CHEMBL318,CHEMBL309490,Ki,863.0,nM,6.06,ChEMBL
Galangin,ADORA2A,CHEMBL302,CHEMBL309490,Ki,966.0,nM,6.01,ChEMBL
Galangin,ADORA2B,CHEMBL2094117,CHEMBL309490,Ki,966.0,nM,6.01,ChEMBL
Galangin,ADORA3,CHEMBL256,CHEMBL309490,Ki,3150.0,nM,5.5,ChEMBL
Galangin,AMINE,CHEMBL1951,CHEMBL309490,IC50,130.0,nM,6.89,ChEMBL
Galangin,AMINE OXIDASE [FLAVIN-CONTAINING] A,CHEMBL1951,CHEMBL309490,IC50,130.0,nM,6.89,ChEMBL
Galangin,AMINE OXIDASE [FLAVIN-CONTAINING] B,CHEMBL2039,CHEMBL309490,IC50,3650.0,nM,5.44,ChEMBL
Galangin,ANHYDRASE,CHEMBL2326,CHEMBL309490,Ki,24.5,nM,7.61,ChEMBL
Galangin,ATP-BINDING CASSETTE SUB-FAMILY B MEMBER 1,CHEMBL4302,CHEMBL309490,Kd,5888.44,nM,5.23,ChEMBL
Galangin,ATP-BINDING CASSETTE SUB-FAMILY B MEMBER 1A,CHEMBL2573,CHEMBL309490,Kd,5900.0,nM,5.23,ChEMBL
Galangin,ATP-DEPENDENT TRANSLOCASE ABCB1,CHEMBL2573,CHEMBL309490,Kd,5900.0,nM,5.23,ChEMBL
Galangin,ATP2A1,CHEMBL4693,CHEMBL309490,IC50,9000.0,nM,5.05,ChEMBL
Galangin,ATPASE,CHEMBL4693,CHEMBL309490,IC50,9000.0,nM,5.05,ChEMBL
Galangin,BCHE,CHEMBL1914,CHEMBL309490,Ki,6900.0,nM,5.16,ChEMBL
Galangin,BUTYRYLCHOLINE ESTERASE,CHEMBL1914,CHEMBL309490,Ki,6900.0,nM,5.16,ChEMBL
Galangin,CA-I,CHEMBL261,CHEMBL309490,Ki,10000.0,nM,,ChEMBL
Galangin,CA-II,CHEMBL205,CHEMBL309490,Ki,10000.0,nM,,ChEMBL
Galangin,CA-IV,CHEMBL3729,CHEMBL309490,Ki,568.3,nM,6.25,ChEMBL
Galangin,CA-VII,CHEMBL2326,CHEMBL309490,Ki,24.5,nM,7.61,ChEMBL
Galangin,CA-XII,CHEMBL3242,CHEMBL309490,Ki,41.8,nM,7.38,ChEMBL
Galangin,CA1,CHEMBL261,CHEMBL309490,Ki,10000.0,nM,,ChEMBL
Galangin,CA12,CHEMBL3242,CHEMBL309490,Ki,41.8,nM,7.38,ChEMBL
Galangin,CA2,CHEMBL205,CHEMBL309490,Ki,10000.0,nM,,ChEMBL
Galangin,CA4,CHEMBL3729,CHEMBL309490,Ki,568.3,nM,6.25,ChEMBL
Galangin,CA7,CHEMBL2326,CHEMBL309490,Ki,24.5,nM,7.61,ChEMBL
Galangin,CAB,CHEMBL261,CHEMBL309490,Ki,10000.0,nM,,ChEMBL
Galangin,CAC,CHEMBL205,CHEMBL309490,Ki,10000.0,nM,,ChEMBL
Galangin,CALCIUM,CHEMBL4693,CHEMBL309490,IC50,9000.0,nM,5.05,ChEMBL
Galangin,CALCIUM PUMP 1,CHEMBL4693,CHEMBL309490,IC50,9000.0,nM,5.05,ChEMBL
Galangin,"CALCIUM-TRANSPORTING ATPASE SARCOPLASMIC RETICULUM TYPE, FAST TWITCH SKELETAL MUSCLE ISOFORM",CHEMBL4693,CHEMBL309490,IC50,9000.0,nM,5.05,ChEMBL
Galangin,CARBONATE DEHYDRATASE I,CHEMBL261,CHEMBL309490,Ki,10000.0,nM,,ChEMBL
Galangin,CARBONATE DEHYDRATASE II,CHEMBL205,CHEMBL309490,Ki,10000.0,nM,,ChEMBL
Galangin,CARBONATE DEHYDRATASE IV,CHEMBL3729,CHEMBL309490,Ki,568.3,nM,6.25,ChEMBL
Galangin,CARBONATE DEHYDRATASE VII,CHEMBL2326,CHEMBL309490,Ki,24.5,nM,7.61,ChEMBL
Galangin,CARBONATE DEHYDRATASE XII,CHEMBL3242,CHEMBL309490,Ki,41.8,nM,7.38,ChEMBL
Galangin,CARBONIC,CHEMBL2326,CHEMBL309490,Ki,24.5,nM,7.61,ChEMBL
Galangin,CARBONIC ANHYDRASE 1,CHEMBL261,CHEMBL309490,Ki,10000.0,nM,,ChEMBL
Galangin,CARBONIC ANHYDRASE 12,CHEMBL3242,CHEMBL309490,Ki,41.8,nM,7.38,ChEMBL
Galangin,CARBONIC ANHYDRASE 2,CHEMBL205,CHEMBL309490,Ki,10000.0,nM,,ChEMBL
Galangin,CARBONIC ANHYDRASE 4,CHEMBL3729,CHEMBL309490,Ki,568.3,nM,6.25,ChEMBL
Galangin,CARBONIC ANHYDRASE 7,CHEMBL2326,CHEMBL309490,Ki,24.5,nM,7.61,ChEMBL
Galangin,CARBONIC ANHYDRASE B,CHEMBL261,CHEMBL309490,Ki,10000.0,nM,,ChEMBL
Galangin,CARBONIC ANHYDRASE C,CHEMBL205,CHEMBL309490,Ki,10000.0,nM,,ChEMBL
Galangin,CARBONIC ANHYDRASE I,CHEMBL261,CHEMBL309490,Ki,10000.0,nM,,ChEMBL
Galangin,CARBONIC ANHYDRASE II,CHEMBL205,CHEMBL309490,Ki,10000.0,nM,,ChEMBL
Galangin,CARBONIC ANHYDRASE IV,CHEMBL3729,CHEMBL309490,Ki,568.3,nM,6.25,ChEMBL
Galangin,CARBONIC ANHYDRASE VII,CHEMBL2326,CHEMBL309490,Ki,24.5,nM,7.61,ChEMBL
Galangin,CARBONIC ANHYDRASE XII,CHEMBL3242,CHEMBL309490,Ki,41.8,nM,7.38,ChEMBL
Galangin,CD_ANTIGEN=CD135,CHEMBL1974,CHEMBL309490,IC50,10000.0,nM,,ChEMBL
Galangin,CD_ANTIGEN=CD243,CHEMBL4302,CHEMBL309490,Kd,5888.44,nM,5.23,ChEMBL
Galangin,CELLULAR THYROID HORMONE-BINDING PROTEIN,CHEMBL5422,CHEMBL309490,Ki,5900.0,nM,5.23,ChEMBL
Galangin,CHANNEL,CHEMBL1250411,CHEMBL309490,IC50,450.0,nM,6.35,ChEMBL
Galangin,CHOLESTEROL 25-HYDROXYLASE,CHEMBL3356,CHEMBL309490,IC50,40.0,nM,7.4,ChEMBL
Galangin,CHOLINE ESTERASE II,CHEMBL1914,CHEMBL309490,Ki,6900.0,nM,5.16,ChEMBL
Galangin,CHOLINESTERASE,CHEMBL1914,CHEMBL309490,Ki,6900.0,nM,5.16,ChEMBL
Galangin,CYANAMIDE HYDRATASE CA1,CHEMBL261,CHEMBL309490,Ki,10000.0,nM,,ChEMBL
Galangin,CYANAMIDE HYDRATASE CA2,CHEMBL205,CHEMBL309490,Ki,10000.0,nM,,ChEMBL
Galangin,CYP1A1,CHEMBL2231,CHEMBL309490,IC50,77.0,nM,7.11,ChEMBL
Galangin,CYP1A2,CHEMBL3356,CHEMBL309490,IC50,40.0,nM,7.4,ChEMBL
Galangin,CYP1B1,CHEMBL4878,CHEMBL309490,IC50,25.0,nM,7.6,ChEMBL
Galangin,CYP2C19,CHEMBL3622,CHEMBL309490,Potency,3981.1,nM,5.4,ChEMBL
Galangin,CYP2C9,CHEMBL3397,CHEMBL309490,Potency,3162.3,nM,5.5,ChEMBL
Galangin,CYPIA1,CHEMBL2231,CHEMBL309490,IC50,77.0,nM,7.11,ChEMBL
Galangin,CYPIA2,CHEMBL3356,CHEMBL309490,IC50,40.0,nM,7.4,ChEMBL
Galangin,CYPIB1,CHEMBL4878,CHEMBL309490,IC50,25.0,nM,7.6,ChEMBL
Galangin,CYPIIC17,CHEMBL3622,CHEMBL309490,Potency,3981.1,nM,5.4,ChEMBL
Galangin,CYPIIC19,CHEMBL3622,CHEMBL309490,Potency,3981.1,nM,5.4,ChEMBL
Galangin,CYPIIC9,CHEMBL3397,CHEMBL309490,Potency,3162.3,nM,5.5,ChEMBL
Galangin,CYTOCHROME,CHEMBL4878,CHEMBL309490,IC50,25.0,nM,7.6,ChEMBL
Galangin,CYTOCHROME P(3)450,CHEMBL3356,CHEMBL309490,IC50,40.0,nM,7.4,ChEMBL
Galangin,CYTOCHROME P-450MP,CHEMBL3397,CHEMBL309490,Potency,3162.3,nM,5.5,ChEMBL
Galangin,CYTOCHROME P450 1A1,CHEMBL2231,CHEMBL309490,IC50,77.0,nM,7.11,ChEMBL
Galangin,CYTOCHROME P450 1A2,CHEMBL3356,CHEMBL309490,IC50,40.0,nM,7.4,ChEMBL
Galangin,CYTOCHROME P450 1B1,CHEMBL4878,CHEMBL309490,IC50,25.0,nM,7.6,ChEMBL
Galangin,CYTOCHROME P450 2C19,CHEMBL3622,CHEMBL309490,Potency,3981.1,nM,5.4,ChEMBL
Galangin,CYTOCHROME P450 2C9,CHEMBL3397,CHEMBL309490,Potency,3162.3,nM,5.5,ChEMBL
Galangin,CYTOCHROME P450 4,CHEMBL3356,CHEMBL309490,IC50,40.0,nM,7.4,ChEMBL
Galangin,CYTOCHROME P450 FORM 6,CHEMBL2231,CHEMBL309490,IC50,77.0,nM,7.11,ChEMBL
Galangin,CYTOCHROME P450 MP-4,CHEMBL3397,CHEMBL309490,Potency,3162.3,nM,5.5,ChEMBL
Galangin,CYTOCHROME P450 MP-8,CHEMBL3397,CHEMBL309490,Potency,3162.3,nM,5.5,ChEMBL
Galangin,CYTOCHROME P450 PB-1,CHEMBL3397,CHEMBL309490,Potency,3162.3,nM,5.5,ChEMBL
Galangin,CYTOCHROME P450-11A,CHEMBL3622,CHEMBL309490,Potency,3981.1,nM,5.4,ChEMBL
Galangin,CYTOCHROME P450-254C,CHEMBL3622,CHEMBL309490,Potency,3981.1,nM,5.4,ChEMBL
Galangin,CYTOCHROME P450-C,CHEMBL2231,CHEMBL309490,IC50,77.0,nM,7.11,ChEMBL
Galangin,CYTOCHROME P450-P1,CHEMBL2231,CHEMBL309490,IC50,77.0,nM,7.11,ChEMBL
Galangin,CYTOCHROME P450-P3,CHEMBL3356,CHEMBL309490,IC50,40.0,nM,7.4,ChEMBL
Galangin,ENDOPLASMIC RETICULUM CLASS 1/2 CA(2+) ATPASE,CHEMBL4693,CHEMBL309490,IC50,9000.0,nM,5.05,ChEMBL
Galangin,FENBENDAZOLE MONOOXYGENASE (4'-HYDROXYLATING),CHEMBL3622,CHEMBL309490,Potency,3981.1,nM,5.4,ChEMBL
Galangin,FETAL LIVER KINASE-2,CHEMBL1974,CHEMBL309490,IC50,10000.0,nM,,ChEMBL
Galangin,FL CYTOKINE RECEPTOR,CHEMBL1974,CHEMBL309490,IC50,10000.0,nM,,ChEMBL
Galangin,FLK-2,CHEMBL1974,CHEMBL309490,IC50,10000.0,nM,,ChEMBL
Galangin,FLT-3,CHEMBL1974,CHEMBL309490,IC50,10000.0,nM,,ChEMBL
Galangin,FLT3,CHEMBL1974,CHEMBL309490,IC50,10000.0,nM,,ChEMBL
Galangin,FMS-LIKE TYROSINE KINASE 3,CHEMBL1974,CHEMBL309490,IC50,10000.0,nM,,ChEMBL
Galangin,GAMMA,CHEMBL235,CHEMBL309490,Ki,5600.0,nM,5.25,ChEMBL
Galangin,HELA,CHEMBL399,CHEMBL309490,IC50,10000.0,nM,,ChEMBL
Galangin,HTRP-5,CHEMBL1250411,CHEMBL309490,IC50,450.0,nM,6.35,ChEMBL
Galangin,HTRP5,CHEMBL1250411,CHEMBL309490,IC50,450.0,nM,6.35,ChEMBL
Galangin,HYDROPEROXY ICOSATETRAENOATE DEHYDRATASE,CHEMBL4878,CHEMBL309490,IC50,25.0,nM,7.6,ChEMBL
Galangin,IMPORT,CHEMBL1741180,CHEMBL309490,IC50,8560.0,nM,5.07,ChEMBL
Galangin,INNER,CHEMBL1741180,CHEMBL309490,IC50,8560.0,nM,5.07,ChEMBL
Galangin,KINASE,CHEMBL1974,CHEMBL309490,IC50,10000.0,nM,,ChEMBL
Galangin,LEISHMANIA DONOVANI,CHEMBL367,CHEMBL309490,IC50,5550.0,nM,5.26,ChEMBL
Galangin,MAO-A,CHEMBL1951,CHEMBL309490,IC50,130.0,nM,6.89,ChEMBL
Galangin,MAO-B,CHEMBL2039,CHEMBL309490,IC50,3650.0,nM,5.44,ChEMBL
Galangin,MAOA,CHEMBL1951,CHEMBL309490,IC50,130.0,nM,6.89,ChEMBL
Galangin,MAOB,CHEMBL2039,CHEMBL309490,IC50,3650.0,nM,5.44,ChEMBL
Galangin,MDR1A,CHEMBL2573,CHEMBL309490,Kd,5900.0,nM,5.23,ChEMBL
Galangin,MEMBRANE,CHEMBL1741180,CHEMBL309490,IC50,8560.0,nM,5.07,ChEMBL
Galangin,MEMBRANE IMPORT MACHINERY PROTEIN MIM23,CHEMBL1741180,CHEMBL309490,IC50,8560.0,nM,5.07,ChEMBL
Galangin,MEPHENYTOIN 4-HYDROXYLASE,CHEMBL3622,CHEMBL309490,Potency,3981.1,nM,5.4,ChEMBL
Galangin,MITOCHONDRIAL,CHEMBL1741180,CHEMBL309490,IC50,8560.0,nM,5.07,ChEMBL
Galangin,MITOCHONDRIAL IMPORT INNER MEMBRANE TRANSLOCASE SUBUNIT TIM23,CHEMBL1741180,CHEMBL309490,IC50,8560.0,nM,5.07,ChEMBL
Galangin,MITOCHONDRIAL PROTEIN IMPORT PROTEIN 3,CHEMBL1741180,CHEMBL309490,IC50,8560.0,nM,5.07,ChEMBL
Galangin,MITOCHONDRIAL PROTEIN IMPORT PROTEIN MAS6,CHEMBL1741180,CHEMBL309490,IC50,8560.0,nM,5.07,ChEMBL
Galangin,MONOAMINE OXIDASE TYPE A,CHEMBL1951,CHEMBL309490,IC50,130.0,nM,6.89,ChEMBL
Galangin,MONOAMINE OXIDASE TYPE B,CHEMBL2039,CHEMBL309490,IC50,3650.0,nM,5.44,ChEMBL
Galangin,MULTIDRUG RESISTANCE PROTEIN 1,CHEMBL4302,CHEMBL309490,Kd,5888.44,nM,5.23,ChEMBL
Galangin,MULTIDRUG RESISTANCE PROTEIN 1A,CHEMBL2573,CHEMBL309490,Kd,5900.0,nM,5.23,ChEMBL
Galangin,MULTIDRUG RESISTANCE PROTEIN 3,CHEMBL2573,CHEMBL309490,Kd,5900.0,nM,5.23,ChEMBL
Galangin,NON-PROTEIN TARGET,CHEMBL3879801,CHEMBL309490,IC50,6740.0,nM,5.17,ChEMBL
Galangin,NUCLEAR RECEPTOR SUBFAMILY 1 GROUP C MEMBER 3,CHEMBL235,CHEMBL309490,Ki,5600.0,nM,5.25,ChEMBL
Galangin,OXIDASE,CHEMBL1951,CHEMBL309490,IC50,130.0,nM,6.89,ChEMBL
Galangin,P-GLYCOPROTEIN 1,CHEMBL4302,CHEMBL309490,Kd,5888.44,nM,5.23,ChEMBL
Galangin,P-GLYCOPROTEIN 3,CHEMBL2573,CHEMBL309490,Kd,5900.0,nM,5.23,ChEMBL
Galangin,P4HB,CHEMBL5422,CHEMBL309490,Ki,5900.0,nM,5.23,ChEMBL
Galangin,P55,CHEMBL5422,CHEMBL309490,Ki,5900.0,nM,5.23,ChEMBL
Galangin,PDI,CHEMBL5422,CHEMBL309490,Ki,5900.0,nM,5.23,ChEMBL
Galangin,PEROXISOME,CHEMBL235,CHEMBL309490,Ki,5600.0,nM,5.25,ChEMBL
Galangin,PEROXISOME PROLIFERATOR-ACTIVATED RECEPTOR GAMMA,CHEMBL235,CHEMBL309490,Ki,5600.0,nM,5.25,ChEMBL
Galangin,PHOSPHOLIPID TRANSPORTER ABCB1,CHEMBL4302,CHEMBL309490,Kd,5888.44,nM,5.23,ChEMBL
Galangin,POTENTIAL,CHEMBL1250411,CHEMBL309490,IC50,450.0,nM,6.35,ChEMBL
Galangin,PPAR-GAMMA,CHEMBL235,CHEMBL309490,Ki,5600.0,nM,5.25,ChEMBL
Galangin,PPARG,CHEMBL235,CHEMBL309490,Ki,5600.0,nM,5.25,ChEMBL
Galangin,PROLYL 4-HYDROXYLASE SUBUNIT BETA,CHEMBL5422,CHEMBL309490,Ki,5900.0,nM,5.23,ChEMBL
Galangin,PROTEIN,CHEMBL5422,CHEMBL309490,Ki,5900.0,nM,5.23,ChEMBL
Galangin,PROTEIN DISULFIDE-ISOMERASE,CHEMBL5422,CHEMBL309490,Ki,5900.0,nM,5.23,ChEMBL
Galangin,PSEUDOCHOLINESTERASE,CHEMBL1914,CHEMBL309490,Ki,6900.0,nM,5.16,ChEMBL
Galangin,RECEPTOR,CHEMBL1250411,CHEMBL309490,IC50,450.0,nM,6.35,ChEMBL
Galangin,RECEPTOR-TYPE TYROSINE-PROTEIN KINASE FLT3,CHEMBL1974,CHEMBL309490,IC50,10000.0,nM,,ChEMBL
Galangin,RETICULUM,CHEMBL4693,CHEMBL309490,IC50,9000.0,nM,5.05,ChEMBL
Galangin,S-MEPHENYTOIN 4-HYDROXYLASE,CHEMBL3397,CHEMBL309490,Potency,3162.3,nM,5.5,ChEMBL
Galangin,SARCOPLASMIC/ENDOPLASMIC RETICULUM CALCIUM ATPASE 1,CHEMBL4693,CHEMBL309490,IC50,9000.0,nM,5.05,ChEMBL
Galangin,SERCA1,CHEMBL4693,CHEMBL309490,IC50,9000.0,nM,5.05,ChEMBL
Galangin,SHORT,CHEMBL1250411,CHEMBL309490,IC50,450.0,nM,6.35,ChEMBL
Galangin,SHORT TRANSIENT RECEPTOR POTENTIAL CHANNEL 5,CHEMBL1250411,CHEMBL309490,IC50,450.0,nM,6.35,ChEMBL
Galangin,SR CA(2+)-ATPASE 1,CHEMBL4693,CHEMBL309490,IC50,9000.0,nM,5.05,ChEMBL
Galangin,STEM CELL TYROSINE KINASE 1,CHEMBL1974,CHEMBL309490,IC50,10000.0,nM,,ChEMBL
Galangin,STK-1,CHEMBL1974,CHEMBL309490,IC50,10000.0,nM,,ChEMBL
Galangin,SUBUNIT,CHEMBL1741180,CHEMBL309490,IC50,8560.0,nM,5.07,ChEMBL
Galangin,TIM23,CHEMBL1741180,CHEMBL309490,IC50,8560.0,nM,5.07,ChEMBL
Galangin,TRANSIENT,CHEMBL1250411,CHEMBL309490,IC50,450.0,nM,6.35,ChEMBL
Galangin,TRANSIENT RECEPTOR PROTEIN 5,CHEMBL1250411,CHEMBL309490,IC50,450.0,nM,6.35,ChEMBL
Galangin,TRANSLOCASE,CHEMBL4302,CHEMBL309490,Kd,5888.44,nM,5.23,ChEMBL
Galangin,TRP-5,CHEMBL1250411,CHEMBL309490,IC50,450.0,nM,6.35,ChEMBL
Galangin,TRPC5,CHEMBL1250411,CHEMBL309490,IC50,450.0,nM,6.35,ChEMBL
Galangin,TUMOR ANTIGEN HOM-RCC-3.1.3,CHEMBL3242,CHEMBL309490,Ki,41.8,nM,7.38,ChEMBL
Galangin,UNCHECKED,CHEMBL612545,CHEMBL309490,IC50,1670.0,nM,5.78,ChEMBL
Galangin,XANTHINE,CHEMBL1929,CHEMBL309490,IC50,1800.0,nM,5.75,ChEMBL
Galangin,XANTHINE DEHYDROGENASE,CHEMBL1929,CHEMBL309490,IC50,1800.0,nM,5.75,ChEMBL
Galangin,XANTHINE DEHYDROGENASE/OXIDASE,CHEMBL1929,CHEMBL309490,IC50,1800.0,nM,5.75,ChEMBL
Galangin,XANTHINE OXIDASE,CHEMBL1929,CHEMBL309490,IC50,1800.0,nM,5.75,ChEMBL
Galangin,XANTHINE OXIDOREDUCTASE,CHEMBL1929,CHEMBL309490,IC50,1800.0,nM,5.75,ChEMBL
Galangin,XDH,CHEMBL1929,CHEMBL309490,IC50,1800.0,nM,5.75,ChEMBL
Galangin,XOR,CHEMBL1929,CHEMBL309490,IC50,1800.0,nM,5.75,ChEMBL
Genistein,(R)-LIMONENE 6-MONOOXYGENASE,CHEMBL3397,CHEMBL44,Potency,1000.0,nM,6.0,ChEMBL
Genistein,(S)-LIMONENE 6-MONOOXYGENASE,CHEMBL3397,CHEMBL44,Potency,1000.0,nM,6.0,ChEMBL
Genistein,(S)-LIMONENE 7-MONOOXYGENASE,CHEMBL3397,CHEMBL44,Potency,1000.0,nM,6.0,ChEMBL
Genistein,"1,25-DIHYDROXYVITAMIN D3 RECEPTOR",CHEMBL1977,CHEMBL44,Potency,7079.5,nM,,ChEMBL
Genistein,"1,4-CINEOLE 2-EXO-MONOOXYGENASE",CHEMBL340,CHEMBL44,Potency,7943.3,nM,5.1,ChEMBL
Genistein,"1,8-CINEOLE 2-EXO-MONOOXYGENASE",CHEMBL340,CHEMBL44,Potency,7943.3,nM,5.1,ChEMBL
Genistein,12-LOX,CHEMBL4358,CHEMBL44,IC50,9033.0,nM,5.04,ChEMBL
Genistein,12/15-LIPOXYGENASE,CHEMBL4358,CHEMBL44,IC50,9033.0,nM,5.04,ChEMBL
Genistein,15-LOX,CHEMBL4358,CHEMBL44,IC50,9033.0,nM,5.04,ChEMBL
Genistein,17-BETA-HSD 1,CHEMBL3181,CHEMBL44,IC50,2210.0,nM,5.66,ChEMBL
Genistein,17-BETA-HYDROXYSTEROID DEHYDROGENASE TYPE 1,CHEMBL3181,CHEMBL44,IC50,2210.0,nM,5.66,ChEMBL
Genistein,20 ALPHA-HYDROXYSTEROID DEHYDROGENASE,CHEMBL3181,CHEMBL44,IC50,2210.0,nM,5.66,ChEMBL
Genistein,20-ALPHA-HSD,CHEMBL3181,CHEMBL44,IC50,2210.0,nM,5.66,ChEMBL
Genistein,3-HYDROXYACYL-[ACYL-CARRIER-PROTEIN] DEHYDRATASE,CHEMBL4512,CHEMBL44,IC50,7000.0,nM,5.16,ChEMBL
Genistein,5-HT-1C,CHEMBL225,CHEMBL44,Ki,7806.0,nM,5.11,ChEMBL
Genistein,5-HT-2,CHEMBL224,CHEMBL44,Ki,2991.0,nM,5.52,ChEMBL
Genistein,5-HT-2A,CHEMBL224,CHEMBL44,Ki,2991.0,nM,5.52,ChEMBL
Genistein,5-HT-2C,CHEMBL225,CHEMBL44,Ki,7806.0,nM,5.11,ChEMBL
Genistein,5-HT1C,CHEMBL225,CHEMBL44,Ki,7806.0,nM,5.11,ChEMBL
Genistein,5-HT2C,CHEMBL225,CHEMBL44,Ki,7806.0,nM,5.11,ChEMBL
Genistein,5-HTR2C,CHEMBL225,CHEMBL44,Ki,7806.0,nM,5.11,ChEMBL
Genistein,5-HYDROXYTRYPTAMINE RECEPTOR 1C,CHEMBL225,CHEMBL44,Ki,7806.0,nM,5.11,ChEMBL
Genistein,5-HYDROXYTRYPTAMINE RECEPTOR 2A,CHEMBL224,CHEMBL44,Ki,2991.0,nM,5.52,ChEMBL
Genistein,5-HYDROXYTRYPTAMINE RECEPTOR 2C,CHEMBL225,CHEMBL44,Ki,7806.0,nM,5.11,ChEMBL
Genistein,78 KDA GLUCOSE-REGULATED PROTEIN,CHEMBL1781865,CHEMBL44,Potency,4645.1,nM,,ChEMBL
Genistein,AAA,CHEMBL1741209,CHEMBL44,Potency,9196.2,nM,,ChEMBL
Genistein,ABCG2,CHEMBL5393,CHEMBL44,IC50,6900.0,nM,5.16,ChEMBL
Genistein,ABELSON MURINE LEUKEMIA VIRAL ONCOGENE HOMOLOG 1,CHEMBL1862,CHEMBL44,IC50,10000.0,nM,5.0,ChEMBL
Genistein,ABELSON MURINE LEUKEMIA VIRAL ONCOGENE HOMOLOG 2,CHEMBL2111414,CHEMBL44,IC50,10000.0,nM,,ChEMBL
Genistein,ABELSON TYROSINE-PROTEIN KINASE 1,CHEMBL1862,CHEMBL44,IC50,10000.0,nM,5.0,ChEMBL
Genistein,ABELSON TYROSINE-PROTEIN KINASE 2,CHEMBL2111414,CHEMBL44,IC50,10000.0,nM,,ChEMBL
Genistein,ABELSON-RELATED GENE PROTEIN,CHEMBL2111414,CHEMBL44,IC50,10000.0,nM,,ChEMBL
Genistein,ABL1,CHEMBL1862,CHEMBL44,IC50,10000.0,nM,5.0,ChEMBL
Genistein,ABL2,CHEMBL2111414,CHEMBL44,IC50,10000.0,nM,,ChEMBL
Genistein,ACID,CHEMBL4358,CHEMBL44,IC50,9033.0,nM,5.04,ChEMBL
Genistein,ACID BETA-GLUCOSIDASE,CHEMBL2179,CHEMBL44,Potency,10000.0,nM,,ChEMBL
Genistein,ADABP,CHEMBL284,CHEMBL44,IC50,480.0,nM,6.32,ChEMBL
Genistein,ADCP-2,CHEMBL284,CHEMBL44,IC50,480.0,nM,6.32,ChEMBL
Genistein,ADENOSINE,CHEMBL318,CHEMBL44,Ki,5000.0,nM,5.3,ChEMBL
Genistein,ADENOSINE DEAMINASE COMPLEXING PROTEIN 2,CHEMBL284,CHEMBL44,IC50,480.0,nM,6.32,ChEMBL
Genistein,ADENOSINE RECEPTOR A1,CHEMBL318,CHEMBL44,Ki,5000.0,nM,5.3,ChEMBL
Genistein,ADENOSINE RECEPTOR A2A,CHEMBL251,CHEMBL44,Ki,9792.0,nM,5.01,ChEMBL
Genistein,ADORA1,CHEMBL318,CHEMBL44,Ki,5000.0,nM,5.3,ChEMBL
Genistein,ADORA2A,CHEMBL251,CHEMBL44,Ki,9792.0,nM,5.01,ChEMBL
Genistein,AKR1B1,CHEMBL1900,CHEMBL44,IC50,550.0,nM,6.26,ChEMBL
Genistein,AKR1B10,CHEMBL5983,CHEMBL44,IC50,5500.0,nM,5.26,ChEMBL
Genistein,ALBENDAZOLE MONOOXYGENASE (SULFOXIDE-FORMING),CHEMBL340,CHEMBL44,Potency,7943.3,nM,5.1,ChEMBL
Genistein,ALBENDAZOLE SULFOXIDASE,CHEMBL340,CHEMBL44,Potency,7943.3,nM,5.1,ChEMBL
Genistein,ALDEHYDE,CHEMBL3257,CHEMBL44,IC50,340.0,nM,6.47,ChEMBL
Genistein,ALDEHYDE OXIDASE,CHEMBL3257,CHEMBL44,IC50,340.0,nM,6.47,ChEMBL
Genistein,ALDEHYDE OXIDASE 1,CHEMBL3257,CHEMBL44,IC50,340.0,nM,6.47,ChEMBL
Genistein,ALDEHYDE REDUCTASE,CHEMBL1900,CHEMBL44,IC50,550.0,nM,6.26,ChEMBL
Genistein,ALDO-KETO REDUCTASE FAMILY 1 MEMBER B1,CHEMBL1900,CHEMBL44,IC50,550.0,nM,6.26,ChEMBL
Genistein,ALDO-KETO REDUCTASE FAMILY 1 MEMBER B10,CHEMBL5983,CHEMBL44,IC50,5500.0,nM,5.26,ChEMBL
Genistein,ALDOSE REDUCTASE,CHEMBL1900,CHEMBL44,IC50,550.0,nM,6.26,ChEMBL
Genistein,ALDOSE REDUCTASE-LIKE,CHEMBL5983,CHEMBL44,IC50,5500.0,nM,5.26,ChEMBL
Genistein,ALDOSE REDUCTASE-RELATED PROTEIN,CHEMBL5983,CHEMBL44,IC50,5500.0,nM,5.26,ChEMBL
Genistein,ALGLUCERASE,CHEMBL2179,CHEMBL44,Potency,10000.0,nM,,ChEMBL
Genistein,ALOX15,CHEMBL4358,CHEMBL44,IC50,9033.0,nM,5.04,ChEMBL
Genistein,"ALPHA-1,4-GLUCOSIDASE",CHEMBL2074,CHEMBL44,IC50,2610.0,nM,5.58,ChEMBL
Genistein,AMINE,CHEMBL1951,CHEMBL44,IC50,2520.0,nM,5.6,ChEMBL
Genistein,AMINE OXIDASE [FLAVIN-CONTAINING] A,CHEMBL2095205,CHEMBL44,IC50,900.0,nM,6.05,ChEMBL
Genistein,AMINE OXIDASE [FLAVIN-CONTAINING] B,CHEMBL2095205,CHEMBL44,IC50,900.0,nM,6.05,ChEMBL
Genistein,ANDROGEN,CHEMBL1871,CHEMBL44,Potency,3548.1,nM,,ChEMBL
Genistein,ANDROGEN RECEPTOR,CHEMBL1871,CHEMBL44,Potency,3548.1,nM,,ChEMBL
Genistein,ANION,CHEMBL1743121,CHEMBL44,IC50,3890.45,nM,5.41,ChEMBL
Genistein,ANN-1,CHEMBL614520,CHEMBL44,IC50,8000.0,nM,5.1,ChEMBL
Genistein,ANTIGEN,CHEMBL4096,CHEMBL44,Potency,10000.0,nM,5.0,ChEMBL
Genistein,ANTIGEN NY-CO-13,CHEMBL4096,CHEMBL44,Potency,10000.0,nM,5.0,ChEMBL
Genistein,AOX1,CHEMBL3257,CHEMBL44,IC50,340.0,nM,6.47,ChEMBL
Genistein,AR,CHEMBL1871,CHEMBL44,Potency,3548.1,nM,,ChEMBL
Genistein,"ARACHIDONATE 12-LIPOXYGENASE, LEUKOCYTE-TYPE",CHEMBL4358,CHEMBL44,IC50,9033.0,nM,5.04,ChEMBL
Genistein,ARACHIDONATE 15-LIPOXYGENASE,CHEMBL4358,CHEMBL44,IC50,9033.0,nM,5.04,ChEMBL
Genistein,ARACHIDONATE OMEGA-6 LIPOXYGENASE,CHEMBL4358,CHEMBL44,IC50,9033.0,nM,5.04,ChEMBL
Genistein,ARL-1,CHEMBL5983,CHEMBL44,IC50,5500.0,nM,5.26,ChEMBL
Genistein,ARNT-INTERACTING PROTEIN,CHEMBL4261,CHEMBL44,Potency,5011.9,nM,5.3,ChEMBL
Genistein,ARP,CHEMBL5983,CHEMBL44,IC50,5500.0,nM,5.26,ChEMBL
Genistein,ARYL SULFOTRANSFERASE,CHEMBL4886,CHEMBL44,IC50,290.0,nM,6.54,ChEMBL
Genistein,ARYL SULFOTRANSFERASE IV,CHEMBL4886,CHEMBL44,IC50,290.0,nM,6.54,ChEMBL
Genistein,ASTIV,CHEMBL4886,CHEMBL44,IC50,290.0,nM,6.54,ChEMBL
Genistein,ATAD5,CHEMBL1741209,CHEMBL44,Potency,9196.2,nM,,ChEMBL
Genistein,ATP-BINDING CASSETTE SUB-FAMILY C MEMBER 7,CHEMBL4051,CHEMBL44,EC50,4400.0,nM,5.36,ChEMBL
Genistein,ATP-BINDING CASSETTE SUB-FAMILY G MEMBER 2,CHEMBL5393,CHEMBL44,IC50,6900.0,nM,5.16,ChEMBL
Genistein,ATPASE,CHEMBL1741209,CHEMBL44,Potency,9196.2,nM,,ChEMBL
Genistein,ATPASE FAMILY AAA DOMAIN-CONTAINING PROTEIN 5,CHEMBL1741209,CHEMBL44,Potency,9196.2,nM,,ChEMBL
Genistein,ATTR,CHEMBL3194,CHEMBL44,IC50,7800.0,nM,5.11,ChEMBL
Genistein,AZAHETEROCYCLE HYDROXYLASE,CHEMBL3257,CHEMBL44,IC50,340.0,nM,6.47,ChEMBL
Genistein,BALB/MK,CHEMBL614065,CHEMBL44,IC50,9100.0,nM,5.04,ChEMBL
Genistein,BASIC-HELIX-LOOP-HELIX-PAS PROTEIN MOP1,CHEMBL4261,CHEMBL44,Potency,5011.9,nM,5.3,ChEMBL
Genistein,BETA,CHEMBL242,CHEMBL44,EC50,200.0,nM,6.7,ChEMBL
Genistein,BETA-5,CHEMBL4662,CHEMBL44,IC50,9260.0,nM,5.03,ChEMBL
Genistein,BETA-GC,CHEMBL2179,CHEMBL44,Potency,10000.0,nM,,ChEMBL
Genistein,BETA-GLUCOCEREBROSIDASE,CHEMBL2179,CHEMBL44,Potency,10000.0,nM,,ChEMBL
Genistein,BETA-GLUCOSYLCERAMIDASE 1,CHEMBL2179,CHEMBL44,Potency,10000.0,nM,,ChEMBL
Genistein,BHLHE78,CHEMBL4261,CHEMBL44,Potency,5011.9,nM,5.3,ChEMBL
Genistein,BINDING-IMMUNOGLOBULIN PROTEIN,CHEMBL1781865,CHEMBL44,Potency,4645.1,nM,,ChEMBL
Genistein,BIP,CHEMBL1781865,CHEMBL44,Potency,4645.1,nM,,ChEMBL
Genistein,BLM,CHEMBL1293237,CHEMBL44,Potency,0.2,nM,,ChEMBL
Genistein,BLOOM SYNDROME PROTEIN,CHEMBL1293237,CHEMBL44,Potency,0.2,nM,,ChEMBL
Genistein,BRCA1,CHEMBL5990,CHEMBL44,Potency,10000.0,nM,,ChEMBL
Genistein,BREAST,CHEMBL5990,CHEMBL44,Potency,10000.0,nM,,ChEMBL
Genistein,BREAST CANCER RESISTANCE PROTEIN,CHEMBL5393,CHEMBL44,IC50,6900.0,nM,5.16,ChEMBL
Genistein,BREAST CANCER TYPE 1 SUSCEPTIBILITY PROTEIN,CHEMBL5990,CHEMBL44,Potency,10000.0,nM,,ChEMBL
Genistein,BROAD,CHEMBL5393,CHEMBL44,IC50,6900.0,nM,5.16,ChEMBL
Genistein,BROAD SUBSTRATE SPECIFICITY ATP-BINDING CASSETTE TRANSPORTER ABCG2,CHEMBL5393,CHEMBL44,IC50,6900.0,nM,5.16,ChEMBL
Genistein,C-ERBA-2,CHEMBL1947,CHEMBL44,Potency,3.2,nM,,ChEMBL
Genistein,C-ERBA-BETA,CHEMBL1947,CHEMBL44,Potency,3.2,nM,,ChEMBL
Genistein,C-JUN N-TERMINAL KINASE KINASE 1,CHEMBL2897,CHEMBL44,IC50,400.0,nM,6.4,ChEMBL
Genistein,C-MPL LIGAND,CHEMBL1293256,CHEMBL44,Potency,1584.9,nM,5.8,ChEMBL
Genistein,CAMP-DEPENDENT CHLORIDE CHANNEL,CHEMBL4051,CHEMBL44,EC50,4400.0,nM,5.36,ChEMBL
Genistein,CANCER,CHEMBL5990,CHEMBL44,Potency,10000.0,nM,,ChEMBL
Genistein,CARRIER,CHEMBL1743121,CHEMBL44,IC50,3890.45,nM,5.41,ChEMBL
Genistein,CASSETTE,CHEMBL5393,CHEMBL44,IC50,6900.0,nM,5.16,ChEMBL
Genistein,CDW338,CHEMBL5393,CHEMBL44,IC50,6900.0,nM,5.16,ChEMBL
Genistein,CD_ANTIGEN=CD26,CHEMBL284,CHEMBL44,IC50,480.0,nM,6.32,ChEMBL
Genistein,CD_ANTIGEN=CD338,CHEMBL5393,CHEMBL44,IC50,6900.0,nM,5.16,ChEMBL
Genistein,CELLULAR,CHEMBL4096,CHEMBL44,Potency,10000.0,nM,5.0,ChEMBL
Genistein,CELLULAR TUMOR ANTIGEN P53,CHEMBL4096,CHEMBL44,Potency,10000.0,nM,5.0,ChEMBL
Genistein,CFTR,CHEMBL4051,CHEMBL44,EC50,4400.0,nM,5.36,ChEMBL
Genistein,CHANNEL CONDUCTANCE-CONTROLLING ATPASE,CHEMBL4051,CHEMBL44,EC50,4400.0,nM,5.36,ChEMBL
Genistein,CHAPERONE,CHEMBL1781865,CHEMBL44,Potency,4645.1,nM,,ChEMBL
Genistein,CHOLESTEROL,CHEMBL1293277,CHEMBL44,Potency,4466.8,nM,5.35,ChEMBL
Genistein,CHOLESTEROL 25-HYDROXYLASE,CHEMBL3397,CHEMBL44,Potency,1000.0,nM,6.0,ChEMBL
Genistein,CHOLESTEROL GLUCOSYLTRANSFERASE,CHEMBL2179,CHEMBL44,Potency,10000.0,nM,,ChEMBL
Genistein,CHOLESTERYL-BETA-GLUCOSIDASE,CHEMBL2179,CHEMBL44,Potency,10000.0,nM,,ChEMBL
Genistein,CHROMOSOME FRAGILITY-ASSOCIATED GENE 1 PROTEIN,CHEMBL1741209,CHEMBL44,Potency,9196.2,nM,,ChEMBL
Genistein,CLASS E BASIC HELIX-LOOP-HELIX PROTEIN 78,CHEMBL4261,CHEMBL44,Potency,5011.9,nM,5.3,ChEMBL
Genistein,CONDUCTANCE,CHEMBL4051,CHEMBL44,EC50,4400.0,nM,5.36,ChEMBL
Genistein,CYP2C19,CHEMBL3622,CHEMBL44,Potency,10000.0,nM,5.0,ChEMBL
Genistein,CYP2C9,CHEMBL3397,CHEMBL44,Potency,1000.0,nM,6.0,ChEMBL
Genistein,CYP3A4,CHEMBL340,CHEMBL44,Potency,7943.3,nM,5.1,ChEMBL
Genistein,CYPIIC17,CHEMBL3622,CHEMBL44,Potency,10000.0,nM,5.0,ChEMBL
Genistein,CYPIIC19,CHEMBL3622,CHEMBL44,Potency,10000.0,nM,5.0,ChEMBL
Genistein,CYPIIC9,CHEMBL3397,CHEMBL44,Potency,1000.0,nM,6.0,ChEMBL
Genistein,CYPIIIA3,CHEMBL340,CHEMBL44,Potency,7943.3,nM,5.1,ChEMBL
Genistein,CYPIIIA4,CHEMBL340,CHEMBL44,Potency,7943.3,nM,5.1,ChEMBL
Genistein,CYSTIC,CHEMBL4051,CHEMBL44,EC50,4400.0,nM,5.36,ChEMBL
Genistein,CYSTIC FIBROSIS TRANSMEMBRANE CONDUCTANCE REGULATOR,CHEMBL4051,CHEMBL44,EC50,4400.0,nM,5.36,ChEMBL
Genistein,CYTOCHROME,CHEMBL3397,CHEMBL44,Potency,1000.0,nM,6.0,ChEMBL
Genistein,CYTOCHROME P-450MP,CHEMBL3397,CHEMBL44,Potency,1000.0,nM,6.0,ChEMBL
Genistein,CYTOCHROME P450 2C19,CHEMBL3622,CHEMBL44,Potency,10000.0,nM,5.0,ChEMBL
Genistein,CYTOCHROME P450 2C9,CHEMBL3397,CHEMBL44,Potency,1000.0,nM,6.0,ChEMBL
Genistein,CYTOCHROME P450 3A3,CHEMBL340,CHEMBL44,Potency,7943.3,nM,5.1,ChEMBL
Genistein,CYTOCHROME P450 3A4,CHEMBL340,CHEMBL44,Potency,7943.3,nM,5.1,ChEMBL
Genistein,CYTOCHROME P450 5A1,CHEMBL1835,CHEMBL44,IC50,7720.0,nM,5.11,ChEMBL
Genistein,CYTOCHROME P450 HLP,CHEMBL340,CHEMBL44,Potency,7943.3,nM,5.1,ChEMBL
Genistein,CYTOCHROME P450 MP-4,CHEMBL3397,CHEMBL44,Potency,1000.0,nM,6.0,ChEMBL
Genistein,CYTOCHROME P450 MP-8,CHEMBL3397,CHEMBL44,Potency,1000.0,nM,6.0,ChEMBL
Genistein,CYTOCHROME P450 NF-25,CHEMBL340,CHEMBL44,Potency,7943.3,nM,5.1,ChEMBL
Genistein,CYTOCHROME P450 PB-1,CHEMBL3397,CHEMBL44,Potency,1000.0,nM,6.0,ChEMBL
Genistein,CYTOCHROME P450-11A,CHEMBL3622,CHEMBL44,Potency,10000.0,nM,5.0,ChEMBL
Genistein,CYTOCHROME P450-254C,CHEMBL3622,CHEMBL44,Potency,10000.0,nM,5.0,ChEMBL
Genistein,CYTOCHROME P450-PCN1,CHEMBL340,CHEMBL44,Potency,7943.3,nM,5.1,ChEMBL
Genistein,CYTOPLASMIC,CHEMBL6035,CHEMBL44,Potency,1122.0,nM,,ChEMBL
Genistein,D-GLUCOSYL-N-ACYLSPHINGOSINE GLUCOHYDROLASE,CHEMBL2179,CHEMBL44,Potency,10000.0,nM,,ChEMBL
Genistein,DEACETYLASE,CHEMBL1865,CHEMBL44,IC50,1885.0,nM,5.72,ChEMBL
Genistein,DEHYDRATASE,CHEMBL4512,CHEMBL44,IC50,7000.0,nM,5.16,ChEMBL
Genistein,DEHYDROGENASE,CHEMBL3181,CHEMBL44,IC50,2210.0,nM,5.66,ChEMBL
Genistein,DIHYDROTESTOSTERONE RECEPTOR,CHEMBL1871,CHEMBL44,Potency,3548.1,nM,,ChEMBL
Genistein,DIPEPTIDYL,CHEMBL284,CHEMBL44,IC50,480.0,nM,6.32,ChEMBL
Genistein,DIPEPTIDYL PEPTIDASE 4,CHEMBL284,CHEMBL44,IC50,480.0,nM,6.32,ChEMBL
Genistein,DIPEPTIDYL PEPTIDASE 4 MEMBRANE FORM,CHEMBL284,CHEMBL44,IC50,480.0,nM,6.32,ChEMBL
Genistein,DIPEPTIDYL PEPTIDASE 4 SOLUBLE FORM,CHEMBL284,CHEMBL44,IC50,480.0,nM,6.32,ChEMBL
Genistein,DIPEPTIDYL PEPTIDASE IV,CHEMBL284,CHEMBL44,IC50,480.0,nM,6.32,ChEMBL
Genistein,DIPEPTIDYL PEPTIDASE IV MEMBRANE FORM,CHEMBL284,CHEMBL44,IC50,480.0,nM,6.32,ChEMBL
Genistein,DIPEPTIDYL PEPTIDASE IV SOLUBLE FORM,CHEMBL284,CHEMBL44,IC50,480.0,nM,6.32,ChEMBL
Genistein,DNA,CHEMBL1293237,CHEMBL44,Potency,0.2,nM,,ChEMBL
Genistein,DNA 3'-5' HELICASE BLM,CHEMBL1293237,CHEMBL44,Potency,0.2,nM,,ChEMBL
Genistein,"DNA HELICASE, RECQ-LIKE TYPE 2",CHEMBL1293237,CHEMBL44,Potency,0.2,nM,,ChEMBL
Genistein,DNASE IV,CHEMBL5027,CHEMBL44,Potency,5323.3,nM,,ChEMBL
Genistein,DPP IV,CHEMBL284,CHEMBL44,IC50,480.0,nM,6.32,ChEMBL
Genistein,DPP4,CHEMBL284,CHEMBL44,IC50,480.0,nM,6.32,ChEMBL
Genistein,DUAL,CHEMBL2897,CHEMBL44,IC50,400.0,nM,6.4,ChEMBL
Genistein,DUAL SPECIFICITY MITOGEN-ACTIVATED PROTEIN KINASE KINASE 4,CHEMBL2897,CHEMBL44,IC50,400.0,nM,6.4,ChEMBL
Genistein,E2DH,CHEMBL3181,CHEMBL44,IC50,2210.0,nM,5.66,ChEMBL
Genistein,E3 UBIQUITIN-PROTEIN LIGASE HDAC6,CHEMBL1865,CHEMBL44,IC50,1885.0,nM,5.72,ChEMBL
Genistein,EGFR,CHEMBL203,CHEMBL44,IC50,1000.0,nM,6.0,ChEMBL
Genistein,ENDONUCLEASE,CHEMBL5027,CHEMBL44,Potency,5323.3,nM,,ChEMBL
Genistein,ENDOPLASMIC,CHEMBL1781865,CHEMBL44,Potency,4645.1,nM,,ChEMBL
Genistein,ENDOPLASMIC RETICULUM CHAPERONE BIP,CHEMBL1781865,CHEMBL44,Potency,4645.1,nM,,ChEMBL
Genistein,EPIDERMAL,CHEMBL203,CHEMBL44,IC50,1000.0,nM,6.0,ChEMBL
Genistein,EPIDERMAL GROWTH FACTOR RECEPTOR,CHEMBL203,CHEMBL44,IC50,1000.0,nM,6.0,ChEMBL
Genistein,ER-ALPHA,CHEMBL2093866,CHEMBL44,IC50,990.0,nM,6.0,ChEMBL
Genistein,ER-BETA,CHEMBL242,CHEMBL44,EC50,200.0,nM,6.7,ChEMBL
Genistein,ERK-2,CHEMBL4040,CHEMBL44,Potency,1995.3,nM,5.7,ChEMBL
Genistein,ERR BETA-2,CHEMBL3751,CHEMBL44,IC50,395.0,nM,6.4,ChEMBL
Genistein,ERR-ALPHA,CHEMBL3429,CHEMBL44,IC50,10.0,nM,8.0,ChEMBL
Genistein,ERR-BETA,CHEMBL3751,CHEMBL44,IC50,395.0,nM,6.4,ChEMBL
Genistein,ERT1,CHEMBL4040,CHEMBL44,Potency,1995.3,nM,5.7,ChEMBL
Genistein,ERYTHROID,CHEMBL1075094,CHEMBL44,Potency,9688.5,nM,,ChEMBL
Genistein,ERYTHROID CELL-SPECIFIC 15-LIPOXYGENASE,CHEMBL4358,CHEMBL44,IC50,9033.0,nM,5.04,ChEMBL
Genistein,ESR1,CHEMBL2093866,CHEMBL44,IC50,990.0,nM,6.0,ChEMBL
Genistein,ESR2,CHEMBL242,CHEMBL44,EC50,200.0,nM,6.7,ChEMBL
Genistein,ESRRA,CHEMBL3429,CHEMBL44,IC50,10.0,nM,8.0,ChEMBL
Genistein,ESRRB,CHEMBL3751,CHEMBL44,IC50,395.0,nM,6.4,ChEMBL
Genistein,ESTRADIOL 17-BETA-DEHYDROGENASE 1,CHEMBL3181,CHEMBL44,IC50,2210.0,nM,5.66,ChEMBL
Genistein,ESTRADIOL RECEPTOR,CHEMBL2093866,CHEMBL44,IC50,990.0,nM,6.0,ChEMBL
Genistein,ESTROGEN,CHEMBL242,CHEMBL44,EC50,200.0,nM,6.7,ChEMBL
Genistein,ESTROGEN RECEPTOR,CHEMBL2093866,CHEMBL44,IC50,990.0,nM,6.0,ChEMBL
Genistein,ESTROGEN RECEPTOR BETA,CHEMBL242,CHEMBL44,EC50,200.0,nM,6.7,ChEMBL
Genistein,ESTROGEN RECEPTOR-LIKE 1,CHEMBL3429,CHEMBL44,IC50,10.0,nM,8.0,ChEMBL
Genistein,ESTROGEN RECEPTOR-LIKE 2,CHEMBL3751,CHEMBL44,IC50,395.0,nM,6.4,ChEMBL
Genistein,ESTROGEN-RELATED RECEPTOR ALPHA,CHEMBL3429,CHEMBL44,IC50,10.0,nM,8.0,ChEMBL
Genistein,ESTROGEN-RELATED RECEPTOR BETA,CHEMBL3751,CHEMBL44,IC50,395.0,nM,6.4,ChEMBL
Genistein,EXTRACELLULAR SIGNAL-REGULATED KINASE 2,CHEMBL4040,CHEMBL44,Potency,1995.3,nM,5.7,ChEMBL
Genistein,FABZ,CHEMBL4512,CHEMBL44,IC50,7000.0,nM,5.16,ChEMBL
Genistein,FACILITATED,CHEMBL2535,CHEMBL44,Ki,7000.0,nM,5.16,ChEMBL
Genistein,FACTOR,CHEMBL203,CHEMBL44,IC50,1000.0,nM,6.0,ChEMBL
Genistein,FAMILY,CHEMBL1900,CHEMBL44,IC50,550.0,nM,6.26,ChEMBL
Genistein,FATTY,CHEMBL4358,CHEMBL44,IC50,9033.0,nM,5.04,ChEMBL
Genistein,FEN-1,CHEMBL5027,CHEMBL44,Potency,5323.3,nM,,ChEMBL
Genistein,FEN1,CHEMBL5027,CHEMBL44,Potency,5323.3,nM,,ChEMBL
Genistein,FENBENDAZOLE MONOOXYGENASE (4'-HYDROXYLATING),CHEMBL3622,CHEMBL44,Potency,10000.0,nM,5.0,ChEMBL
Genistein,FIBROSIS,CHEMBL4051,CHEMBL44,EC50,4400.0,nM,5.36,ChEMBL
Genistein,FLAP,CHEMBL5027,CHEMBL44,Potency,5323.3,nM,,ChEMBL
Genistein,FLAP ENDONUCLEASE 1,CHEMBL5027,CHEMBL44,Potency,5323.3,nM,,ChEMBL
Genistein,FLAP STRUCTURE-SPECIFIC ENDONUCLEASE 1,CHEMBL5027,CHEMBL44,Potency,5323.3,nM,,ChEMBL
Genistein,GAG-POL POLYPROTEIN,CHEMBL3471,CHEMBL44,IC50,1100.0,nM,5.96,ChEMBL
Genistein,GAMMA,CHEMBL235,CHEMBL44,Potency,10000.0,nM,,ChEMBL
Genistein,GBA1,CHEMBL2179,CHEMBL44,Potency,10000.0,nM,,ChEMBL
Genistein,GLP-1 RECEPTOR,CHEMBL1784,CHEMBL44,Potency,1584.9,nM,,ChEMBL
Genistein,GLP-1-R,CHEMBL1784,CHEMBL44,Potency,1584.9,nM,,ChEMBL
Genistein,GLP-1R,CHEMBL1784,CHEMBL44,Potency,1584.9,nM,,ChEMBL
Genistein,GLP1R,CHEMBL1784,CHEMBL44,Potency,1584.9,nM,,ChEMBL
Genistein,GLUCAGON-LIKE PEPTIDE 1 RECEPTOR,CHEMBL1784,CHEMBL44,Potency,1584.9,nM,,ChEMBL
Genistein,GLUCOSE,CHEMBL2535,CHEMBL44,Ki,7000.0,nM,5.16,ChEMBL
Genistein,"GLUCOSE TRANSPORTER TYPE 1, ERYTHROCYTE/BRAIN",CHEMBL2535,CHEMBL44,Ki,7000.0,nM,5.16,ChEMBL
Genistein,GLUCOSYLCERAMIDASE BETA 1,CHEMBL2179,CHEMBL44,Potency,10000.0,nM,,ChEMBL
Genistein,GLUT-1,CHEMBL2535,CHEMBL44,Ki,7000.0,nM,5.16,ChEMBL
Genistein,GROWTH,CHEMBL203,CHEMBL44,IC50,1000.0,nM,6.0,ChEMBL
Genistein,GRP-78,CHEMBL1781865,CHEMBL44,Potency,4645.1,nM,,ChEMBL
Genistein,HARP,CHEMBL5983,CHEMBL44,IC50,5500.0,nM,5.26,ChEMBL
Genistein,HDAC6,CHEMBL1865,CHEMBL44,IC50,1885.0,nM,5.72,ChEMBL
Genistein,HEAT SHOCK PROTEIN 70 FAMILY PROTEIN 5,CHEMBL1781865,CHEMBL44,Potency,4645.1,nM,,ChEMBL
Genistein,HEAT SHOCK PROTEIN FAMILY A MEMBER 5,CHEMBL1781865,CHEMBL44,Potency,4645.1,nM,,ChEMBL
Genistein,HELICASE,CHEMBL1293237,CHEMBL44,Potency,0.2,nM,,ChEMBL
Genistein,HEPG2 GLUCOSE TRANSPORTER,CHEMBL2535,CHEMBL44,Ki,7000.0,nM,5.16,ChEMBL
Genistein,HEPOXILIN A3 SYNTHASE ALOX15,CHEMBL4358,CHEMBL44,IC50,9033.0,nM,5.04,ChEMBL
Genistein,HFEN-1,CHEMBL5027,CHEMBL44,Potency,5323.3,nM,,ChEMBL
Genistein,HIF-1-ALPHA,CHEMBL4261,CHEMBL44,Potency,5011.9,nM,5.3,ChEMBL
Genistein,HIF1-ALPHA,CHEMBL4261,CHEMBL44,Potency,5011.9,nM,5.3,ChEMBL
Genistein,HIF1A,CHEMBL4261,CHEMBL44,Potency,5011.9,nM,5.3,ChEMBL
Genistein,HORMONE,CHEMBL3429,CHEMBL44,IC50,10.0,nM,8.0,ChEMBL
Genistein,HSD17B1,CHEMBL3181,CHEMBL44,IC50,2210.0,nM,5.66,ChEMBL
Genistein,HSP70 FAMILY PROTEIN 5,CHEMBL1781865,CHEMBL44,Potency,4645.1,nM,,ChEMBL
Genistein,HSPA5,CHEMBL1781865,CHEMBL44,Potency,4645.1,nM,,ChEMBL
Genistein,HTR2A,CHEMBL224,CHEMBL44,Ki,2991.0,nM,5.52,ChEMBL
Genistein,HTR2C,CHEMBL225,CHEMBL44,Ki,7806.0,nM,5.11,ChEMBL
Genistein,HYDROPEROXY ICOSATETRAENOATE DEHYDRATASE,CHEMBL1835,CHEMBL44,IC50,7720.0,nM,5.11,ChEMBL
Genistein,HYPOXIA-INDUCIBLE FACTOR 1-ALPHA,CHEMBL4261,CHEMBL44,Potency,5011.9,nM,5.3,ChEMBL
Genistein,IMIGLUCERASE,CHEMBL2179,CHEMBL44,Potency,10000.0,nM,,ChEMBL
Genistein,IMMUNOGLOBULIN HEAVY CHAIN-BINDING PROTEIN,CHEMBL1781865,CHEMBL44,Potency,4645.1,nM,,ChEMBL
Genistein,INTRACELLULAR,CHEMBL1293277,CHEMBL44,Potency,4466.8,nM,5.35,ChEMBL
Genistein,ISHIKAWA,CHEMBL614649,CHEMBL44,IC50,510.0,nM,6.29,ChEMBL
Genistein,JNK-ACTIVATING KINASE 1,CHEMBL2897,CHEMBL44,IC50,400.0,nM,6.4,ChEMBL
Genistein,JNKK,CHEMBL2897,CHEMBL44,IC50,400.0,nM,6.4,ChEMBL
Genistein,KINASE,CHEMBL2897,CHEMBL44,IC50,400.0,nM,6.4,ChEMBL
Genistein,L-12LO,CHEMBL4358,CHEMBL44,IC50,9033.0,nM,5.04,ChEMBL
Genistein,LINOLEATE 13S-LIPOXYGENASE,CHEMBL4358,CHEMBL44,IC50,9033.0,nM,5.04,ChEMBL
Genistein,LIPOXYGENASE,CHEMBL4358,CHEMBL44,IC50,9033.0,nM,5.04,ChEMBL
Genistein,LIVER-SPECIFIC ORGANIC ANION TRANSPORTER 1,CHEMBL1697668,CHEMBL44,IC50,9120.11,nM,5.04,ChEMBL
Genistein,LIVER-SPECIFIC ORGANIC ANION TRANSPORTER 2,CHEMBL1743121,CHEMBL44,IC50,3890.45,nM,5.41,ChEMBL
Genistein,LNCAP,CHEMBL612518,CHEMBL44,IC50,10000.0,nM,5.0,ChEMBL
Genistein,LST-1,CHEMBL1697668,CHEMBL44,IC50,9120.11,nM,5.04,ChEMBL
Genistein,LST-2,CHEMBL1743121,CHEMBL44,IC50,3890.45,nM,5.41,ChEMBL
Genistein,LUCIFERASE,CHEMBL5567,CHEMBL44,Potency,9074.3,nM,,ChEMBL
Genistein,LUCIFERIN,CHEMBL5567,CHEMBL44,Potency,9074.3,nM,,ChEMBL
Genistein,LUCIFERIN 4-MONOOXYGENASE,CHEMBL5567,CHEMBL44,Potency,9074.3,nM,,ChEMBL
Genistein,LYSOSOMAL,CHEMBL2179,CHEMBL44,Potency,10000.0,nM,,ChEMBL
Genistein,LYSOSOMAL ACID GCASE,CHEMBL2179,CHEMBL44,Potency,10000.0,nM,,ChEMBL
Genistein,LYSOSOMAL ACID GLUCOSYLCERAMIDASE,CHEMBL2179,CHEMBL44,Potency,10000.0,nM,,ChEMBL
Genistein,LYSOSOMAL CHOLESTEROL GLYCOSYLTRANSFERASE,CHEMBL2179,CHEMBL44,Potency,10000.0,nM,,ChEMBL
Genistein,LYSOSOMAL GALACTOSYLCERAMIDASE,CHEMBL2179,CHEMBL44,Potency,10000.0,nM,,ChEMBL
Genistein,LYSOSOMAL GLYCOSYLCERAMIDASE,CHEMBL2179,CHEMBL44,Potency,10000.0,nM,,ChEMBL
Genistein,MACROPAIN EPSILON CHAIN,CHEMBL4662,CHEMBL44,IC50,9260.0,nM,5.03,ChEMBL
Genistein,MALTASE-GLUCOAMYLASE,CHEMBL2074,CHEMBL44,IC50,2610.0,nM,5.58,ChEMBL
Genistein,MAO-A,CHEMBL2095205,CHEMBL44,IC50,900.0,nM,6.05,ChEMBL
Genistein,MAO-B,CHEMBL2095205,CHEMBL44,IC50,900.0,nM,6.05,ChEMBL
Genistein,MAOA,CHEMBL2095205,CHEMBL44,IC50,900.0,nM,6.05,ChEMBL
Genistein,MAOB,CHEMBL2095205,CHEMBL44,IC50,900.0,nM,6.05,ChEMBL
Genistein,MAP KINASE 1,CHEMBL4040,CHEMBL44,Potency,1995.3,nM,5.7,ChEMBL
Genistein,MAP KINASE 2,CHEMBL4040,CHEMBL44,Potency,1995.3,nM,5.7,ChEMBL
Genistein,MAP KINASE ISOFORM P42,CHEMBL4040,CHEMBL44,Potency,1995.3,nM,5.7,ChEMBL
Genistein,MAP KINASE KINASE 4,CHEMBL2897,CHEMBL44,IC50,400.0,nM,6.4,ChEMBL
Genistein,MAP2K4,CHEMBL2897,CHEMBL44,IC50,400.0,nM,6.4,ChEMBL
Genistein,MAPK 1,CHEMBL4040,CHEMBL44,Potency,1995.3,nM,5.7,ChEMBL
Genistein,MAPK 2,CHEMBL4040,CHEMBL44,Potency,1995.3,nM,5.7,ChEMBL
Genistein,MAPK/ERK KINASE 4,CHEMBL2897,CHEMBL44,IC50,400.0,nM,6.4,ChEMBL
Genistein,MAPK1,CHEMBL4040,CHEMBL44,Potency,1995.3,nM,5.7,ChEMBL
Genistein,MAPKK 4,CHEMBL2897,CHEMBL44,IC50,400.0,nM,6.4,ChEMBL
Genistein,MAPT,CHEMBL1293224,CHEMBL44,Potency,446.7,nM,6.35,ChEMBL
Genistein,MATURATION FACTOR 1,CHEMBL5027,CHEMBL44,Potency,5323.3,nM,,ChEMBL
Genistein,MCF7,CHEMBL387,CHEMBL44,IC50,1000.0,nM,6.0,ChEMBL
Genistein,MEGAKARYOCYTE COLONY-STIMULATING FACTOR,CHEMBL1293256,CHEMBL44,Potency,1584.9,nM,5.8,ChEMBL
Genistein,MEGAKARYOCYTE GROWTH AND DEVELOPMENT FACTOR,CHEMBL1293256,CHEMBL44,Potency,1584.9,nM,5.8,ChEMBL
Genistein,MEK 4,CHEMBL2897,CHEMBL44,IC50,400.0,nM,6.4,ChEMBL
Genistein,MEMBER,CHEMBL1900,CHEMBL44,IC50,550.0,nM,6.26,ChEMBL
Genistein,MEMBER OF PAS PROTEIN 1,CHEMBL4261,CHEMBL44,Potency,5011.9,nM,5.3,ChEMBL
Genistein,MEPHENYTOIN 4-HYDROXYLASE,CHEMBL3622,CHEMBL44,Potency,10000.0,nM,5.0,ChEMBL
Genistein,MF1,CHEMBL5027,CHEMBL44,Potency,5323.3,nM,,ChEMBL
Genistein,MGAM,CHEMBL2074,CHEMBL44,IC50,2610.0,nM,5.58,ChEMBL
Genistein,MGDF,CHEMBL1293256,CHEMBL44,Potency,1584.9,nM,5.8,ChEMBL
Genistein,MICRORNA 21,CHEMBL1615322,CHEMBL44,Potency,2074.9,nM,5.68,ChEMBL
Genistein,MICROTUBULE-ASSOCIATED PROTEIN TAU,CHEMBL1293224,CHEMBL44,Potency,446.7,nM,6.35,ChEMBL
Genistein,MINOXIDIL SULFOTRANSFERASE,CHEMBL4886,CHEMBL44,IC50,290.0,nM,6.54,ChEMBL
Genistein,MITOGEN-ACTIVATED PROTEIN KINASE 1,CHEMBL4040,CHEMBL44,Potency,1995.3,nM,5.7,ChEMBL
Genistein,MITOGEN-ACTIVATED PROTEIN KINASE 2,CHEMBL4040,CHEMBL44,Potency,1995.3,nM,5.7,ChEMBL
Genistein,MITOXANTRONE RESISTANCE-ASSOCIATED PROTEIN,CHEMBL5393,CHEMBL44,IC50,6900.0,nM,5.16,ChEMBL
Genistein,MONOAMINE OXIDASE TYPE A,CHEMBL2095205,CHEMBL44,IC50,900.0,nM,6.05,ChEMBL
Genistein,MONOAMINE OXIDASE TYPE B,CHEMBL2095205,CHEMBL44,IC50,900.0,nM,6.05,ChEMBL
Genistein,MULTICATALYTIC ENDOPEPTIDASE COMPLEX EPSILON CHAIN,CHEMBL4662,CHEMBL44,IC50,9260.0,nM,5.03,ChEMBL
Genistein,MX-ST,CHEMBL4886,CHEMBL44,IC50,290.0,nM,6.54,ChEMBL
Genistein,MYELIN,CHEMBL2007624,CHEMBL44,Potency,5102.8,nM,,ChEMBL
Genistein,MYELOPROLIFERATIVE LEUKEMIA VIRUS ONCOGENE LIGAND,CHEMBL1293256,CHEMBL44,Potency,1584.9,nM,5.8,ChEMBL
Genistein,NADPH-DEPENDENT THIOREDOXIN REDUCTASE,CHEMBL6035,CHEMBL44,Potency,1122.0,nM,,ChEMBL
Genistein,NEUROFIBRILLARY TANGLE PROTEIN,CHEMBL1293224,CHEMBL44,Potency,446.7,nM,6.35,ChEMBL
Genistein,NEUTROPHIL,CHEMBL5314326,CHEMBL44,IC50,1110.0,nM,5.96,ChEMBL
Genistein,NF-E2-RELATED FACTOR 2,CHEMBL1075094,CHEMBL44,Potency,9688.5,nM,,ChEMBL
Genistein,NFE2-RELATED FACTOR 2,CHEMBL1075094,CHEMBL44,Potency,9688.5,nM,,ChEMBL
Genistein,NFE2L2,CHEMBL1075094,CHEMBL44,Potency,9688.5,nM,,ChEMBL
Genistein,NIEMANN-PICK C1 PROTEIN,CHEMBL1293277,CHEMBL44,Potency,4466.8,nM,5.35,ChEMBL
Genistein,NIFEDIPINE OXIDASE,CHEMBL340,CHEMBL44,Potency,7943.3,nM,5.1,ChEMBL
Genistein,NON-PROTEIN TARGET,CHEMBL3879801,CHEMBL44,Potency,10000.0,nM,5.0,ChEMBL
Genistein,NPC,CHEMBL1293277,CHEMBL44,Potency,4466.8,nM,5.35,ChEMBL
Genistein,NPC INTRACELLULAR CHOLESTEROL TRANSPORTER 1,CHEMBL1293277,CHEMBL44,Potency,4466.8,nM,5.35,ChEMBL
Genistein,NPC1,CHEMBL1293277,CHEMBL44,Potency,4466.8,nM,5.35,ChEMBL
Genistein,NRF-2,CHEMBL1075094,CHEMBL44,Potency,9688.5,nM,,ChEMBL
Genistein,NUCLEAR,CHEMBL1075094,CHEMBL44,Potency,9688.5,nM,,ChEMBL
Genistein,NUCLEAR FACTOR ERYTHROID 2-RELATED FACTOR 2,CHEMBL1075094,CHEMBL44,Potency,9688.5,nM,,ChEMBL
Genistein,"NUCLEAR FACTOR, ERYTHROID DERIVED 2, LIKE 2",CHEMBL1075094,CHEMBL44,Potency,9688.5,nM,,ChEMBL
Genistein,NUCLEAR RECEPTOR SUBFAMILY 1 GROUP A MEMBER 2,CHEMBL1947,CHEMBL44,Potency,3.2,nM,,ChEMBL
Genistein,NUCLEAR RECEPTOR SUBFAMILY 1 GROUP C MEMBER 3,CHEMBL235,CHEMBL44,Potency,10000.0,nM,,ChEMBL
Genistein,NUCLEAR RECEPTOR SUBFAMILY 1 GROUP I MEMBER 1,CHEMBL1977,CHEMBL44,Potency,7079.5,nM,,ChEMBL
Genistein,NUCLEAR RECEPTOR SUBFAMILY 2 GROUP B MEMBER 1,CHEMBL2061,CHEMBL44,Potency,8912.5,nM,,ChEMBL
Genistein,NUCLEAR RECEPTOR SUBFAMILY 3 GROUP A MEMBER 1,CHEMBL2093866,CHEMBL44,IC50,990.0,nM,6.0,ChEMBL
Genistein,NUCLEAR RECEPTOR SUBFAMILY 3 GROUP A MEMBER 2,CHEMBL242,CHEMBL44,EC50,200.0,nM,6.7,ChEMBL
Genistein,NUCLEAR RECEPTOR SUBFAMILY 3 GROUP B MEMBER 1,CHEMBL3429,CHEMBL44,IC50,10.0,nM,8.0,ChEMBL
Genistein,NUCLEAR RECEPTOR SUBFAMILY 3 GROUP B MEMBER 2,CHEMBL3751,CHEMBL44,IC50,395.0,nM,6.4,ChEMBL
Genistein,NUCLEAR RECEPTOR SUBFAMILY 3 GROUP C MEMBER 4,CHEMBL1871,CHEMBL44,Potency,3548.1,nM,,ChEMBL
Genistein,OATP-2,CHEMBL1697668,CHEMBL44,IC50,9120.11,nM,5.04,ChEMBL
Genistein,OATP-8,CHEMBL1743121,CHEMBL44,IC50,3890.45,nM,5.41,ChEMBL
Genistein,OATP-B,CHEMBL1743124,CHEMBL44,IC50,5300.0,nM,5.28,ChEMBL
Genistein,OATP-C,CHEMBL1697668,CHEMBL44,IC50,9120.11,nM,5.04,ChEMBL
Genistein,OATP-RP2,CHEMBL1743124,CHEMBL44,IC50,5300.0,nM,5.28,ChEMBL
Genistein,OATP1B3,CHEMBL1743121,CHEMBL44,IC50,3890.45,nM,5.41,ChEMBL
Genistein,OATP2B1,CHEMBL1743124,CHEMBL44,IC50,5300.0,nM,5.28,ChEMBL
Genistein,OATPRP2,CHEMBL1743124,CHEMBL44,IC50,5300.0,nM,5.28,ChEMBL
Genistein,ORGANIC,CHEMBL1743121,CHEMBL44,IC50,3890.45,nM,5.41,ChEMBL
Genistein,ORGANIC ANION TRANSPORTER 8,CHEMBL1743121,CHEMBL44,IC50,3890.45,nM,5.41,ChEMBL
Genistein,ORGANIC ANION TRANSPORTER B,CHEMBL1743124,CHEMBL44,IC50,5300.0,nM,5.28,ChEMBL
Genistein,ORGANIC ANION TRANSPORTER POLYPEPTIDE-RELATED PROTEIN 2,CHEMBL1743124,CHEMBL44,IC50,5300.0,nM,5.28,ChEMBL
Genistein,ORGANIC ANION TRANSPORTER SLC21A6,CHEMBL1697668,CHEMBL44,IC50,9120.11,nM,5.04,ChEMBL
Genistein,ORGANIC ANION TRANSPORTING POLYPEPTIDE 2B1,CHEMBL1743124,CHEMBL44,IC50,5300.0,nM,5.28,ChEMBL
Genistein,ORGANIC ANION-TRANSPORTING POLYPEPTIDE 8,CHEMBL1743121,CHEMBL44,IC50,3890.45,nM,5.41,ChEMBL
Genistein,OXIDASE,CHEMBL3257,CHEMBL44,IC50,340.0,nM,6.47,ChEMBL
Genistein,P150,CHEMBL1862,CHEMBL44,IC50,10000.0,nM,5.0,ChEMBL
Genistein,P42-MAPK,CHEMBL4040,CHEMBL44,Potency,1995.3,nM,5.7,ChEMBL
Genistein,P60-SRC,CHEMBL267,CHEMBL44,IC50,10000.0,nM,,ChEMBL
Genistein,PAIRED HELICAL FILAMENT-TAU,CHEMBL1293224,CHEMBL44,Potency,446.7,nM,6.35,ChEMBL
Genistein,PAS DOMAIN-CONTAINING PROTEIN 8,CHEMBL4261,CHEMBL44,Potency,5011.9,nM,5.3,ChEMBL
Genistein,PEPTIDASE,CHEMBL284,CHEMBL44,IC50,480.0,nM,6.32,ChEMBL
Genistein,PEPTIDE,CHEMBL1784,CHEMBL44,Potency,1584.9,nM,,ChEMBL
Genistein,PERIPHERAL,CHEMBL2007624,CHEMBL44,Potency,5102.8,nM,,ChEMBL
Genistein,PERIPHERAL MYELIN PROTEIN 22,CHEMBL2007624,CHEMBL44,Potency,5102.8,nM,,ChEMBL
Genistein,PEROXIDASE TXNRD1,CHEMBL6035,CHEMBL44,Potency,1122.0,nM,,ChEMBL
Genistein,PEROXISOME,CHEMBL235,CHEMBL44,Potency,10000.0,nM,,ChEMBL
Genistein,PEROXISOME PROLIFERATOR-ACTIVATED RECEPTOR GAMMA,CHEMBL235,CHEMBL44,Potency,10000.0,nM,,ChEMBL
Genistein,PHENOL SULFOTRANSFERASE,CHEMBL4886,CHEMBL44,IC50,290.0,nM,6.54,ChEMBL
Genistein,PHF-TAU,CHEMBL1293224,CHEMBL44,Potency,446.7,nM,6.35,ChEMBL
Genistein,PHOSPHOPROTEIN P53,CHEMBL4096,CHEMBL44,Potency,10000.0,nM,5.0,ChEMBL
Genistein,PLACENTA-SPECIFIC ATP-BINDING CASSETTE TRANSPORTER,CHEMBL5393,CHEMBL44,IC50,6900.0,nM,5.16,ChEMBL
Genistein,PLACENTAL 17-BETA-HYDROXYSTEROID DEHYDROGENASE,CHEMBL3181,CHEMBL44,IC50,2210.0,nM,5.66,ChEMBL
Genistein,PLASMODIUM FALCIPARUM,CHEMBL364,CHEMBL44,Potency,3294.4,nM,,ChEMBL
Genistein,PMP-22,CHEMBL2007624,CHEMBL44,Potency,5102.8,nM,,ChEMBL
Genistein,PMP22,CHEMBL2007624,CHEMBL44,Potency,5102.8,nM,,ChEMBL
Genistein,POL,CHEMBL3471,CHEMBL44,IC50,1100.0,nM,5.96,ChEMBL
Genistein,POLYPROTEIN,CHEMBL3471,CHEMBL44,IC50,1100.0,nM,5.96,ChEMBL
Genistein,POLYUNSATURATED,CHEMBL4358,CHEMBL44,IC50,9033.0,nM,5.04,ChEMBL
Genistein,POLYUNSATURATED FATTY ACID LIPOXYGENASE ALOX15,CHEMBL4358,CHEMBL44,IC50,9033.0,nM,5.04,ChEMBL
Genistein,PP60C-SRC,CHEMBL267,CHEMBL44,IC50,10000.0,nM,,ChEMBL
Genistein,PPAR-GAMMA,CHEMBL235,CHEMBL44,Potency,10000.0,nM,,ChEMBL
Genistein,PPARG,CHEMBL235,CHEMBL44,Potency,10000.0,nM,,ChEMBL
Genistein,PR160GAG-POL,CHEMBL3471,CHEMBL44,IC50,1100.0,nM,5.96,ChEMBL
Genistein,PREALBUMIN,CHEMBL3194,CHEMBL44,IC50,7800.0,nM,5.11,ChEMBL
Genistein,PROTEASOME,CHEMBL4662,CHEMBL44,IC50,9260.0,nM,5.03,ChEMBL
Genistein,PROTEASOME CHAIN 6,CHEMBL4662,CHEMBL44,IC50,9260.0,nM,5.03,ChEMBL
Genistein,PROTEASOME EPSILON CHAIN,CHEMBL4662,CHEMBL44,IC50,9260.0,nM,5.03,ChEMBL
Genistein,PROTEASOME SUBUNIT BETA TYPE-5,CHEMBL4662,CHEMBL44,IC50,9260.0,nM,5.03,ChEMBL
Genistein,PROTEASOME SUBUNIT BETA-5,CHEMBL4662,CHEMBL44,IC50,9260.0,nM,5.03,ChEMBL
Genistein,PROTEASOME SUBUNIT MB1,CHEMBL4662,CHEMBL44,IC50,9260.0,nM,5.03,ChEMBL
Genistein,PROTEASOME SUBUNIT X,CHEMBL4662,CHEMBL44,IC50,9260.0,nM,5.03,ChEMBL
Genistein,PROTEIN,CHEMBL2897,CHEMBL44,IC50,400.0,nM,6.4,ChEMBL
Genistein,PROTEIN CD25,CHEMBL2007624,CHEMBL44,Potency,5102.8,nM,,ChEMBL
Genistein,PROTEIN DEACETYLASE HDAC6,CHEMBL1865,CHEMBL44,IC50,1885.0,nM,5.72,ChEMBL
Genistein,PROTO-ONCOGENE C-ABL,CHEMBL1862,CHEMBL44,IC50,10000.0,nM,5.0,ChEMBL
Genistein,PROTO-ONCOGENE C-ERBB-1,CHEMBL203,CHEMBL44,IC50,1000.0,nM,6.0,ChEMBL
Genistein,PROTO-ONCOGENE C-SRC,CHEMBL267,CHEMBL44,IC50,10000.0,nM,,ChEMBL
Genistein,PROTO-ONCOGENE TYROSINE-PROTEIN KINASE SRC,CHEMBL267,CHEMBL44,IC50,10000.0,nM,,ChEMBL
Genistein,PSMB5,CHEMBL4662,CHEMBL44,IC50,9260.0,nM,5.03,ChEMBL
Genistein,PST-1,CHEMBL4886,CHEMBL44,IC50,290.0,nM,6.54,ChEMBL
Genistein,QUININE 3-MONOOXYGENASE,CHEMBL340,CHEMBL44,Potency,7943.3,nM,5.1,ChEMBL
Genistein,RAB9A,CHEMBL1293294,CHEMBL44,Potency,3981.1,nM,5.4,ChEMBL
Genistein,RADICAL SCAVENGING ACTIVITY,CHEMBL613712,CHEMBL44,IC50,1000.0,nM,,ChEMBL
Genistein,RAS-RELATED PROTEIN RAB-9A,CHEMBL1293294,CHEMBL44,Potency,3981.1,nM,5.4,ChEMBL
Genistein,RAW264.7,CHEMBL612557,CHEMBL44,IC50,1000.0,nM,,ChEMBL
Genistein,RECEPTOR,CHEMBL3429,CHEMBL44,IC50,10.0,nM,8.0,ChEMBL
Genistein,RECEPTOR TYROSINE-PROTEIN KINASE ERBB-1,CHEMBL203,CHEMBL44,IC50,1000.0,nM,6.0,ChEMBL
Genistein,RECQ PROTEIN-LIKE 3,CHEMBL1293237,CHEMBL44,Potency,0.2,nM,,ChEMBL
Genistein,RECQ-LIKE DNA HELICASE BLM,CHEMBL1293237,CHEMBL44,Potency,0.2,nM,,ChEMBL
Genistein,RECQ2,CHEMBL1293237,CHEMBL44,Potency,0.2,nM,,ChEMBL
Genistein,REDUCTASE,CHEMBL1900,CHEMBL44,IC50,550.0,nM,6.26,ChEMBL
Genistein,REGULATOR,CHEMBL4051,CHEMBL44,EC50,4400.0,nM,5.36,ChEMBL
Genistein,RETICULUM,CHEMBL1781865,CHEMBL44,Potency,4645.1,nM,,ChEMBL
Genistein,RETINOIC,CHEMBL2061,CHEMBL44,Potency,8912.5,nM,,ChEMBL
Genistein,RETINOIC ACID RECEPTOR RXR-ALPHA,CHEMBL2061,CHEMBL44,Potency,8912.5,nM,,ChEMBL
Genistein,RETINOID X RECEPTOR ALPHA,CHEMBL2061,CHEMBL44,Potency,8912.5,nM,,ChEMBL
Genistein,RING FINGER PROTEIN 53,CHEMBL5990,CHEMBL44,Potency,10000.0,nM,,ChEMBL
Genistein,RING-TYPE E3 UBIQUITIN TRANSFERASE BRCA1,CHEMBL5990,CHEMBL44,Potency,10000.0,nM,,ChEMBL
Genistein,RXRA,CHEMBL2061,CHEMBL44,Potency,8912.5,nM,,ChEMBL
Genistein,S-MEPHENYTOIN 4-HYDROXYLASE,CHEMBL3397,CHEMBL44,Potency,1000.0,nM,6.0,ChEMBL
Genistein,SAG,CHEMBL2007624,CHEMBL44,Potency,5102.8,nM,,ChEMBL
Genistein,SAPK KINASE 1,CHEMBL2897,CHEMBL44,IC50,400.0,nM,6.4,ChEMBL
Genistein,SAPK/ERK KINASE 1,CHEMBL2897,CHEMBL44,IC50,400.0,nM,6.4,ChEMBL
Genistein,SAPKK-1,CHEMBL2897,CHEMBL44,IC50,400.0,nM,6.4,ChEMBL
Genistein,SAPKK1,CHEMBL2897,CHEMBL44,IC50,400.0,nM,6.4,ChEMBL
Genistein,SCHWANN CELL MEMBRANE GLYCOPROTEIN,CHEMBL2007624,CHEMBL44,Potency,5102.8,nM,,ChEMBL
Genistein,SEK1,CHEMBL2897,CHEMBL44,IC50,400.0,nM,6.4,ChEMBL
Genistein,SEROTONIN RECEPTOR 2A,CHEMBL224,CHEMBL44,Ki,2991.0,nM,5.52,ChEMBL
Genistein,SEROTONIN RECEPTOR 2C,CHEMBL225,CHEMBL44,Ki,7806.0,nM,5.11,ChEMBL
Genistein,SGTASE,CHEMBL2179,CHEMBL44,Potency,10000.0,nM,,ChEMBL
Genistein,SHORT CHAIN DEHYDROGENASE/REDUCTASE FAMILY 28C MEMBER 1,CHEMBL3181,CHEMBL44,IC50,2210.0,nM,5.66,ChEMBL
Genistein,SI REDUCTASE,CHEMBL5983,CHEMBL44,IC50,5500.0,nM,5.26,ChEMBL
Genistein,SLC2A1,CHEMBL2535,CHEMBL44,Ki,7000.0,nM,5.16,ChEMBL
Genistein,SLCO1B1,CHEMBL1697668,CHEMBL44,IC50,9120.11,nM,5.04,ChEMBL
Genistein,SLCO1B3,CHEMBL1743121,CHEMBL44,IC50,3890.45,nM,5.41,ChEMBL
Genistein,SLCO2B1,CHEMBL1743124,CHEMBL44,IC50,5300.0,nM,5.28,ChEMBL
Genistein,SMALL INTESTINE REDUCTASE,CHEMBL5983,CHEMBL44,IC50,5500.0,nM,5.26,ChEMBL
Genistein,SODIUM-INDEPENDENT ORGANIC ANION-TRANSPORTING POLYPEPTIDE 2,CHEMBL1697668,CHEMBL44,IC50,9120.11,nM,5.04,ChEMBL
Genistein,SOLUTE,CHEMBL1743121,CHEMBL44,IC50,3890.45,nM,5.41,ChEMBL
Genistein,"SOLUTE CARRIER FAMILY 2, FACILITATED GLUCOSE TRANSPORTER MEMBER 1",CHEMBL2535,CHEMBL44,Ki,7000.0,nM,5.16,ChEMBL
Genistein,SOLUTE CARRIER FAMILY 21 MEMBER 6,CHEMBL1697668,CHEMBL44,IC50,9120.11,nM,5.04,ChEMBL
Genistein,SOLUTE CARRIER FAMILY 21 MEMBER 8,CHEMBL1743121,CHEMBL44,IC50,3890.45,nM,5.41,ChEMBL
Genistein,SOLUTE CARRIER FAMILY 21 MEMBER 9,CHEMBL1743124,CHEMBL44,IC50,5300.0,nM,5.28,ChEMBL
Genistein,SOLUTE CARRIER ORGANIC ANION TRANSPORTER FAMILY MEMBER 1B1,CHEMBL1697668,CHEMBL44,IC50,9120.11,nM,5.04,ChEMBL
Genistein,SOLUTE CARRIER ORGANIC ANION TRANSPORTER FAMILY MEMBER 1B3,CHEMBL1743121,CHEMBL44,IC50,3890.45,nM,5.41,ChEMBL
Genistein,SOLUTE CARRIER ORGANIC ANION TRANSPORTER FAMILY MEMBER 2B1,CHEMBL1743124,CHEMBL44,IC50,5300.0,nM,5.28,ChEMBL
Genistein,SPECIFICITY,CHEMBL2897,CHEMBL44,IC50,400.0,nM,6.4,ChEMBL
Genistein,SR13 MYELIN PROTEIN,CHEMBL2007624,CHEMBL44,Potency,5102.8,nM,,ChEMBL
Genistein,SRC,CHEMBL267,CHEMBL44,IC50,10000.0,nM,,ChEMBL
Genistein,ST1A1,CHEMBL4886,CHEMBL44,IC50,290.0,nM,6.54,ChEMBL
Genistein,STEROID,CHEMBL3429,CHEMBL44,IC50,10.0,nM,8.0,ChEMBL
Genistein,STEROID HORMONE RECEPTOR ERR1,CHEMBL3429,CHEMBL44,IC50,10.0,nM,8.0,ChEMBL
Genistein,STEROID HORMONE RECEPTOR ERR2,CHEMBL3751,CHEMBL44,IC50,395.0,nM,6.4,ChEMBL
Genistein,STRESS-ACTIVATED PROTEIN KINASE KINASE 1,CHEMBL2897,CHEMBL44,IC50,400.0,nM,6.4,ChEMBL
Genistein,SUBSTRATE,CHEMBL5393,CHEMBL44,IC50,6900.0,nM,5.16,ChEMBL
Genistein,SUBUNIT,CHEMBL4662,CHEMBL44,IC50,9260.0,nM,5.03,ChEMBL
Genistein,SULFOKINASE,CHEMBL4886,CHEMBL44,IC50,290.0,nM,6.54,ChEMBL
Genistein,SULFOTRANSFERASE 1A1,CHEMBL4886,CHEMBL44,IC50,290.0,nM,6.54,ChEMBL
Genistein,SULT1A1,CHEMBL4886,CHEMBL44,IC50,290.0,nM,6.54,ChEMBL
Genistein,SUSCEPTIBILITY,CHEMBL5990,CHEMBL44,Potency,10000.0,nM,,ChEMBL
Genistein,SYNTHASE,CHEMBL1835,CHEMBL44,IC50,7720.0,nM,5.11,ChEMBL
Genistein,T-CELL ACTIVATION ANTIGEN CD26,CHEMBL284,CHEMBL44,IC50,480.0,nM,6.32,ChEMBL
Genistein,TAU,CHEMBL1293224,CHEMBL44,Potency,446.7,nM,6.35,ChEMBL
Genistein,TBPA,CHEMBL3194,CHEMBL44,IC50,7800.0,nM,5.11,ChEMBL
Genistein,TBXAS1,CHEMBL1835,CHEMBL44,IC50,7720.0,nM,5.11,ChEMBL
Genistein,TDP1,CHEMBL1075138,CHEMBL44,Potency,8912.5,nM,5.05,ChEMBL
Genistein,THIOREDOXIN,CHEMBL6035,CHEMBL44,Potency,1122.0,nM,,ChEMBL
Genistein,"THIOREDOXIN REDUCTASE 1, CYTOPLASMIC",CHEMBL6035,CHEMBL44,Potency,1122.0,nM,,ChEMBL
Genistein,THIOREDOXIN REDUCTASE TR1,CHEMBL6035,CHEMBL44,Potency,1122.0,nM,,ChEMBL
Genistein,THPO,CHEMBL1293256,CHEMBL44,Potency,1584.9,nM,5.8,ChEMBL
Genistein,THRB,CHEMBL1947,CHEMBL44,Potency,3.2,nM,,ChEMBL
Genistein,THROMBOPOIETIN,CHEMBL1293256,CHEMBL44,Potency,1584.9,nM,5.8,ChEMBL
Genistein,THROMBOXANE-A SYNTHASE,CHEMBL1835,CHEMBL44,IC50,7720.0,nM,5.11,ChEMBL
Genistein,THYROID,CHEMBL1947,CHEMBL44,Potency,3.2,nM,,ChEMBL
Genistein,THYROID HORMONE RECEPTOR BETA,CHEMBL1947,CHEMBL44,Potency,3.2,nM,,ChEMBL
Genistein,THYROID-STIMULATING HORMONE RECEPTOR,CHEMBL1963,CHEMBL44,Potency,1000.0,nM,6.0,ChEMBL
Genistein,THYROTROPIN,CHEMBL1963,CHEMBL44,Potency,1000.0,nM,6.0,ChEMBL
Genistein,THYROTROPIN RECEPTOR,CHEMBL1963,CHEMBL44,Potency,1000.0,nM,6.0,ChEMBL
Genistein,TP103,CHEMBL284,CHEMBL44,IC50,480.0,nM,6.32,ChEMBL
Genistein,TP53,CHEMBL4096,CHEMBL44,Potency,10000.0,nM,5.0,ChEMBL
Genistein,TRANSMEMBRANE,CHEMBL4051,CHEMBL44,EC50,4400.0,nM,5.36,ChEMBL
Genistein,TRANSPORTER,CHEMBL1743121,CHEMBL44,IC50,3890.45,nM,5.41,ChEMBL
Genistein,TRANSTHYRETIN,CHEMBL3194,CHEMBL44,IC50,7800.0,nM,5.11,ChEMBL
Genistein,TRYPANOSOMA BRUCEI BRUCEI,CHEMBL612851,CHEMBL44,IC50,4200.0,nM,5.38,ChEMBL
Genistein,TSH-R,CHEMBL1963,CHEMBL44,Potency,1000.0,nM,6.0,ChEMBL
Genistein,TSHR,CHEMBL1963,CHEMBL44,Potency,1000.0,nM,6.0,ChEMBL
Genistein,TTR,CHEMBL3194,CHEMBL44,IC50,7800.0,nM,5.11,ChEMBL
Genistein,TUBULIN-LYSINE DEACETYLASE HDAC6,CHEMBL1865,CHEMBL44,IC50,1885.0,nM,5.72,ChEMBL
Genistein,TUMOR,CHEMBL4096,CHEMBL44,Potency,10000.0,nM,5.0,ChEMBL
Genistein,TUMOR SUPPRESSOR P53,CHEMBL4096,CHEMBL44,Potency,10000.0,nM,5.0,ChEMBL
Genistein,TXA SYNTHASE,CHEMBL1835,CHEMBL44,IC50,7720.0,nM,5.11,ChEMBL
Genistein,TXNRD1,CHEMBL6035,CHEMBL44,Potency,1122.0,nM,,ChEMBL
Genistein,TXS,CHEMBL1835,CHEMBL44,IC50,7720.0,nM,5.11,ChEMBL
Genistein,TYPE,CHEMBL3181,CHEMBL44,IC50,2210.0,nM,5.66,ChEMBL
Genistein,TYR-DNA PHOSPHODIESTERASE 1,CHEMBL1075138,CHEMBL44,Potency,8912.5,nM,5.05,ChEMBL
Genistein,TYROSINE-ESTER SULFOTRANSFERASE,CHEMBL4886,CHEMBL44,IC50,290.0,nM,6.54,ChEMBL
Genistein,TYROSINE-PROTEIN KINASE ABL1,CHEMBL1862,CHEMBL44,IC50,10000.0,nM,5.0,ChEMBL
Genistein,TYROSINE-PROTEIN KINASE ABL2,CHEMBL2111414,CHEMBL44,IC50,10000.0,nM,,ChEMBL
Genistein,TYROSINE-PROTEIN KINASE ARG,CHEMBL2111414,CHEMBL44,IC50,10000.0,nM,,ChEMBL
Genistein,TYROSYL-DNA PHOSPHODIESTERASE 1,CHEMBL1075138,CHEMBL44,Potency,8912.5,nM,5.05,ChEMBL
Genistein,UNCHECKED,CHEMBL612545,CHEMBL44,IC50,365.0,nM,6.44,ChEMBL
Genistein,URATE EXPORTER,CHEMBL5393,CHEMBL44,IC50,6900.0,nM,5.16,ChEMBL
Genistein,VDR,CHEMBL1977,CHEMBL44,Potency,7079.5,nM,,ChEMBL
Genistein,VITAMIN,CHEMBL1977,CHEMBL44,Potency,7079.5,nM,,ChEMBL
Genistein,VITAMIN D3 RECEPTOR,CHEMBL1977,CHEMBL44,Potency,7079.5,nM,,ChEMBL
Genistein,XANTHINE,CHEMBL3649,CHEMBL44,IC50,1730.0,nM,5.76,ChEMBL
Genistein,XANTHINE DEHYDROGENASE,CHEMBL3649,CHEMBL44,IC50,1730.0,nM,5.76,ChEMBL
Genistein,XANTHINE DEHYDROGENASE/OXIDASE,CHEMBL3649,CHEMBL44,IC50,1730.0,nM,5.76,ChEMBL
Genistein,XANTHINE OXIDASE,CHEMBL3649,CHEMBL44,IC50,1730.0,nM,5.76,ChEMBL
Genistein,XANTHINE OXIDOREDUCTASE,CHEMBL3649,CHEMBL44,IC50,1730.0,nM,5.76,ChEMBL
Genistein,XDH,CHEMBL3649,CHEMBL44,IC50,1730.0,nM,5.76,ChEMBL
Genistein,XOR,CHEMBL3649,CHEMBL44,IC50,1730.0,nM,5.76,ChEMBL
Hesperetin,ANKYRIN-LIKE WITH TRANSMEMBRANE DOMAINS PROTEIN 1,CHEMBL5160,CHEMBL88169,IC50,2.7,nM,8.57,ChEMBL
Hesperetin,AROMATASE,CHEMBL1978,CHEMBL88169,IC50,3303.7,nM,5.48,ChEMBL
Hesperetin,CATION,CHEMBL5160,CHEMBL88169,IC50,2.7,nM,8.57,ChEMBL
Hesperetin,CHANNEL,CHEMBL5160,CHEMBL88169,IC50,2.7,nM,8.57,ChEMBL
Hesperetin,CYP19A1,CHEMBL1978,CHEMBL88169,IC50,3303.7,nM,5.48,ChEMBL
Hesperetin,CYPXIX,CHEMBL1978,CHEMBL88169,IC50,3303.7,nM,5.48,ChEMBL
Hesperetin,CYTOCHROME P-450AROM,CHEMBL1978,CHEMBL88169,IC50,3303.7,nM,5.48,ChEMBL
Hesperetin,CYTOCHROME P450 19A1,CHEMBL1978,CHEMBL88169,IC50,3303.7,nM,5.48,ChEMBL
Hesperetin,ESTROGEN SYNTHASE,CHEMBL1978,CHEMBL88169,IC50,3303.7,nM,5.48,ChEMBL
Hesperetin,MAPT,CHEMBL1293224,CHEMBL88169,Potency,10000.0,nM,5.0,ChEMBL
Hesperetin,MEMBER,CHEMBL5160,CHEMBL88169,IC50,2.7,nM,8.57,ChEMBL
Hesperetin,MICROTUBULE-ASSOCIATED PROTEIN TAU,CHEMBL1293224,CHEMBL88169,Potency,10000.0,nM,5.0,ChEMBL
Hesperetin,NEUROFIBRILLARY TANGLE PROTEIN,CHEMBL1293224,CHEMBL88169,Potency,10000.0,nM,5.0,ChEMBL
Hesperetin,PAIRED HELICAL FILAMENT-TAU,CHEMBL1293224,CHEMBL88169,Potency,10000.0,nM,5.0,ChEMBL
Hesperetin,PHF-TAU,CHEMBL1293224,CHEMBL88169,Potency,10000.0,nM,5.0,ChEMBL
Hesperetin,POTENTIAL,CHEMBL5160,CHEMBL88169,IC50,2.7,nM,8.57,ChEMBL
Hesperetin,PROTEIN,CHEMBL1293224,CHEMBL88169,Potency,10000.0,nM,5.0,ChEMBL
Hesperetin,RECEPTOR,CHEMBL5160,CHEMBL88169,IC50,2.7,nM,8.57,ChEMBL
Hesperetin,SUBFAMILY,CHEMBL5160,CHEMBL88169,IC50,2.7,nM,8.57,ChEMBL
Hesperetin,TAU,CHEMBL1293224,CHEMBL88169,Potency,10000.0,nM,5.0,ChEMBL
Hesperetin,TRANSIENT,CHEMBL5160,CHEMBL88169,IC50,2.7,nM,8.57,ChEMBL
Hesperetin,TRANSIENT RECEPTOR POTENTIAL CATION CHANNEL SUBFAMILY A MEMBER 1,CHEMBL5160,CHEMBL88169,IC50,2.7,nM,8.57,ChEMBL
Hesperetin,TRPA1,CHEMBL5160,CHEMBL88169,IC50,2.7,nM,8.57,ChEMBL
Hesperetin,UNCHECKED,CHEMBL612545,CHEMBL88169,Potency,3162.3,nM,5.5,ChEMBL
Hesperetin,WASABI RECEPTOR,CHEMBL5160,CHEMBL88169,IC50,2.7,nM,8.57,ChEMBL
Hesperetin,XANTHINE,CHEMBL1929,CHEMBL88169,IC50,840.0,nM,6.08,ChEMBL
Hesperetin,XANTHINE DEHYDROGENASE,CHEMBL1929,CHEMBL88169,IC50,840.0,nM,6.08,ChEMBL
Hesperetin,XANTHINE DEHYDROGENASE/OXIDASE,CHEMBL1929,CHEMBL88169,IC50,840.0,nM,6.08,ChEMBL
Hesperetin,XANTHINE OXIDASE,CHEMBL1929,CHEMBL88169,IC50,840.0,nM,6.08,ChEMBL
Hesperetin,XANTHINE OXIDOREDUCTASE,CHEMBL1929,CHEMBL88169,IC50,840.0,nM,6.08,ChEMBL
Hesperetin,XDH,CHEMBL1929,CHEMBL88169,IC50,840.0,nM,6.08,ChEMBL
Hesperetin,XOR,CHEMBL1929,CHEMBL88169,IC50,840.0,nM,6.08,ChEMBL
Honokiol,5-LIPOXYGENASE,CHEMBL215,CHEMBL16901,IC50,4200.0,nM,5.38,ChEMBL
Honokiol,5-LO,CHEMBL215,CHEMBL16901,IC50,4200.0,nM,5.38,ChEMBL
Honokiol,A549,CHEMBL392,CHEMBL16901,IC50,7750.0,nM,5.11,ChEMBL
Honokiol,ACID,CHEMBL215,CHEMBL16901,IC50,4200.0,nM,5.38,ChEMBL
Honokiol,ALL-1,CHEMBL2093861,CHEMBL16901,Potency,10000.0,nM,5.0,ChEMBL
Honokiol,ALOX5,CHEMBL215,CHEMBL16901,IC50,4200.0,nM,5.38,ChEMBL
Honokiol,ARACHIDONATE 5-LIPOXYGENASE,CHEMBL215,CHEMBL16901,IC50,4200.0,nM,5.38,ChEMBL
Honokiol,C-TERMINAL CLEAVAGE PRODUCT OF 180 KDA,CHEMBL2093861,CHEMBL16901,Potency,10000.0,nM,5.0,ChEMBL
Honokiol,CANN6,CHEMBL218,CHEMBL16901,Ki,6460.0,nM,5.19,ChEMBL
Honokiol,CANNABINOID,CHEMBL253,CHEMBL16901,Ki,5610.0,nM,5.25,ChEMBL
Honokiol,CANNABINOID RECEPTOR 1,CHEMBL218,CHEMBL16901,Ki,6460.0,nM,5.19,ChEMBL
Honokiol,CANNABINOID RECEPTOR 2,CHEMBL253,CHEMBL16901,Ki,5610.0,nM,5.25,ChEMBL
Honokiol,CB-2,CHEMBL253,CHEMBL16901,Ki,5610.0,nM,5.25,ChEMBL
Honokiol,CB-R,CHEMBL218,CHEMBL16901,Ki,6460.0,nM,5.19,ChEMBL
Honokiol,CB1,CHEMBL218,CHEMBL16901,Ki,6460.0,nM,5.19,ChEMBL
Honokiol,CB2,CHEMBL253,CHEMBL16901,Ki,5610.0,nM,5.25,ChEMBL
Honokiol,CNR1,CHEMBL218,CHEMBL16901,Ki,6460.0,nM,5.19,ChEMBL
Honokiol,CNR2,CHEMBL253,CHEMBL16901,Ki,5610.0,nM,5.25,ChEMBL
Honokiol,COX-1,CHEMBL2949,CHEMBL16901,IC50,1800.0,nM,5.75,ChEMBL
Honokiol,COX-2,CHEMBL4102,CHEMBL16901,IC50,2100.0,nM,5.68,ChEMBL
Honokiol,CX5,CHEMBL253,CHEMBL16901,Ki,5610.0,nM,5.25,ChEMBL
Honokiol,CXXC-TYPE ZINC FINGER PROTEIN 7,CHEMBL2093861,CHEMBL16901,Potency,10000.0,nM,5.0,ChEMBL
Honokiol,CYCLOOXYGENASE-1,CHEMBL2949,CHEMBL16901,IC50,1800.0,nM,5.75,ChEMBL
Honokiol,CYCLOOXYGENASE-2,CHEMBL4102,CHEMBL16901,IC50,2100.0,nM,5.68,ChEMBL
Honokiol,CYSTEINE METHYLTRANSFERASE KMT2A,CHEMBL2093861,CHEMBL16901,Potency,10000.0,nM,5.0,ChEMBL
Honokiol,DEACETYLASE,CHEMBL4461,CHEMBL16901,EC50,170.0,nM,6.77,ChEMBL
Honokiol,FATTY,CHEMBL215,CHEMBL16901,IC50,4200.0,nM,5.38,ChEMBL
Honokiol,GEMININ,CHEMBL1293278,CHEMBL16901,Potency,206.0,nM,,ChEMBL
Honokiol,GMNN,CHEMBL1293278,CHEMBL16901,Potency,206.0,nM,,ChEMBL
Honokiol,HCB2,CHEMBL253,CHEMBL16901,Ki,5610.0,nM,5.25,ChEMBL
Honokiol,HEPATITIS C VIRUS,CHEMBL379,CHEMBL16901,EC50,9400.0,nM,5.03,ChEMBL
Honokiol,HISTONE-LYSINE N-METHYLTRANSFERASE 2A,CHEMBL2093861,CHEMBL16901,Potency,10000.0,nM,5.0,ChEMBL
Honokiol,HSIRT3,CHEMBL4461,CHEMBL16901,EC50,170.0,nM,6.77,ChEMBL
Honokiol,HUMAN IMMUNODEFICIENCY VIRUS 1,CHEMBL378,CHEMBL16901,EC50,3300.0,nM,5.48,ChEMBL
Honokiol,KMT2A,CHEMBL2093861,CHEMBL16901,Potency,10000.0,nM,5.0,ChEMBL
Honokiol,LYSINE N-METHYLTRANSFERASE 2A,CHEMBL2093861,CHEMBL16901,Potency,10000.0,nM,5.0,ChEMBL
Honokiol,MEN1,CHEMBL2093861,CHEMBL16901,Potency,10000.0,nM,5.0,ChEMBL
Honokiol,MENIN,CHEMBL2093861,CHEMBL16901,Potency,10000.0,nM,5.0,ChEMBL
Honokiol,MITOCHONDRIAL,CHEMBL4461,CHEMBL16901,EC50,170.0,nM,6.77,ChEMBL
Honokiol,MLL CLEAVAGE PRODUCT C180,CHEMBL2093861,CHEMBL16901,Potency,10000.0,nM,5.0,ChEMBL
Honokiol,MLL CLEAVAGE PRODUCT N320,CHEMBL2093861,CHEMBL16901,Potency,10000.0,nM,5.0,ChEMBL
Honokiol,MYELOID/LYMPHOID OR MIXED-LINEAGE LEUKEMIA,CHEMBL2093861,CHEMBL16901,Potency,10000.0,nM,5.0,ChEMBL
Honokiol,MYELOID/LYMPHOID OR MIXED-LINEAGE LEUKEMIA PROTEIN 1,CHEMBL2093861,CHEMBL16901,Potency,10000.0,nM,5.0,ChEMBL
Honokiol,N-TERMINAL CLEAVAGE PRODUCT OF 320 KDA,CHEMBL2093861,CHEMBL16901,Potency,10000.0,nM,5.0,ChEMBL
Honokiol,NA,CHEMBL6135,CHEMBL16901,IC50,1390.0,nM,5.86,ChEMBL
Honokiol,"NAD-DEPENDENT PROTEIN DEACETYLASE SIRTUIN-3, MITOCHONDRIAL",CHEMBL4461,CHEMBL16901,EC50,170.0,nM,6.77,ChEMBL
Honokiol,NAD-DEPENDENT PROTEIN DELACTYLASE SIRTUIN-3,CHEMBL4461,CHEMBL16901,EC50,170.0,nM,6.77,ChEMBL
Honokiol,NEURAMINIDASE,CHEMBL6135,CHEMBL16901,IC50,1390.0,nM,5.86,ChEMBL
Honokiol,NON-PROTEIN TARGET,CHEMBL3879801,CHEMBL16901,Potency,2.7,nM,,ChEMBL
Honokiol,NUCLEAR,CHEMBL1293231,CHEMBL16901,Potency,4466.8,nM,5.35,ChEMBL
Honokiol,NUCLEAR RECEPTOR ROR-GAMMA,CHEMBL1293231,CHEMBL16901,Potency,4466.8,nM,5.35,ChEMBL
Honokiol,NUCLEAR RECEPTOR RZR-GAMMA,CHEMBL1293231,CHEMBL16901,Potency,4466.8,nM,5.35,ChEMBL
Honokiol,NUCLEAR RECEPTOR SUBFAMILY 1 GROUP F MEMBER 3,CHEMBL1293231,CHEMBL16901,Potency,4466.8,nM,5.35,ChEMBL
Honokiol,P180,CHEMBL2093861,CHEMBL16901,Potency,10000.0,nM,5.0,ChEMBL
Honokiol,P320,CHEMBL2093861,CHEMBL16901,Potency,10000.0,nM,5.0,ChEMBL
Honokiol,PGH SYNTHASE 1,CHEMBL2949,CHEMBL16901,IC50,1800.0,nM,5.75,ChEMBL
Honokiol,PGH SYNTHASE 2,CHEMBL4102,CHEMBL16901,IC50,2100.0,nM,5.68,ChEMBL
Honokiol,PGHS-1,CHEMBL2949,CHEMBL16901,IC50,1800.0,nM,5.75,ChEMBL
Honokiol,PGHS-2,CHEMBL4102,CHEMBL16901,IC50,2100.0,nM,5.68,ChEMBL
Honokiol,PHS 1,CHEMBL2949,CHEMBL16901,IC50,1800.0,nM,5.75,ChEMBL
Honokiol,PHS II,CHEMBL4102,CHEMBL16901,IC50,2100.0,nM,5.68,ChEMBL
Honokiol,PLASMODIUM FALCIPARUM,CHEMBL364,CHEMBL16901,Potency,8275.3,nM,,ChEMBL
Honokiol,POLYUNSATURATED,CHEMBL215,CHEMBL16901,IC50,4200.0,nM,5.38,ChEMBL
Honokiol,POLYUNSATURATED FATTY ACID 5-LIPOXYGENASE,CHEMBL215,CHEMBL16901,IC50,4200.0,nM,5.38,ChEMBL
Honokiol,PROSTAGLANDIN,CHEMBL2949,CHEMBL16901,IC50,1800.0,nM,5.75,ChEMBL
Honokiol,PROSTAGLANDIN G/H SYNTHASE 1,CHEMBL2949,CHEMBL16901,IC50,1800.0,nM,5.75,ChEMBL
Honokiol,PROSTAGLANDIN G/H SYNTHASE 2,CHEMBL4102,CHEMBL16901,IC50,2100.0,nM,5.68,ChEMBL
Honokiol,PROSTAGLANDIN H2 SYNTHASE 1,CHEMBL2949,CHEMBL16901,IC50,1800.0,nM,5.75,ChEMBL
Honokiol,PROSTAGLANDIN H2 SYNTHASE 2,CHEMBL4102,CHEMBL16901,IC50,2100.0,nM,5.68,ChEMBL
Honokiol,PROSTAGLANDIN-ENDOPEROXIDE SYNTHASE 1,CHEMBL2949,CHEMBL16901,IC50,1800.0,nM,5.75,ChEMBL
Honokiol,PROSTAGLANDIN-ENDOPEROXIDE SYNTHASE 2,CHEMBL4102,CHEMBL16901,IC50,2100.0,nM,5.68,ChEMBL
Honokiol,PROTEIN,CHEMBL4461,CHEMBL16901,EC50,170.0,nM,6.77,ChEMBL
Honokiol,PTGS1,CHEMBL2949,CHEMBL16901,IC50,1800.0,nM,5.75,ChEMBL
Honokiol,PTGS2,CHEMBL4102,CHEMBL16901,IC50,2100.0,nM,5.68,ChEMBL
Honokiol,RAR-RELATED ORPHAN RECEPTOR C,CHEMBL1293231,CHEMBL16901,Potency,4466.8,nM,5.35,ChEMBL
Honokiol,RECEPTOR,CHEMBL1293231,CHEMBL16901,Potency,4466.8,nM,5.35,ChEMBL
Honokiol,REGULATORY PROTEIN SIR2 HOMOLOG 3,CHEMBL4461,CHEMBL16901,EC50,170.0,nM,6.77,ChEMBL
Honokiol,RETINOID-RELATED ORPHAN RECEPTOR-GAMMA,CHEMBL1293231,CHEMBL16901,Potency,4466.8,nM,5.35,ChEMBL
Honokiol,RORC,CHEMBL1293231,CHEMBL16901,Potency,4466.8,nM,5.35,ChEMBL
Honokiol,SARS-COV,CHEMBL4303836,CHEMBL16901,EC50,6500.0,nM,5.19,ChEMBL
Honokiol,SIR2-LIKE PROTEIN 3,CHEMBL4461,CHEMBL16901,EC50,170.0,nM,6.77,ChEMBL
Honokiol,SIRT3,CHEMBL4461,CHEMBL16901,EC50,170.0,nM,6.77,ChEMBL
Honokiol,SYNTHASE,CHEMBL2949,CHEMBL16901,IC50,1800.0,nM,5.75,ChEMBL
Honokiol,THYMUS ORPHAN RECEPTOR,CHEMBL1293231,CHEMBL16901,Potency,4466.8,nM,5.35,ChEMBL
Honokiol,TOR,CHEMBL1293231,CHEMBL16901,Potency,4466.8,nM,5.35,ChEMBL
Honokiol,TRITHORAX-LIKE PROTEIN,CHEMBL2093861,CHEMBL16901,Potency,10000.0,nM,5.0,ChEMBL
Honokiol,UACC-903,CHEMBL612446,CHEMBL16901,IC50,7450.0,nM,5.13,ChEMBL
Honokiol,UNCHECKED,CHEMBL612545,CHEMBL16901,IC50,600.0,nM,6.22,ChEMBL
Honokiol,ZINC FINGER PROTEIN HRX,CHEMBL2093861,CHEMBL16901,Potency,10000.0,nM,5.0,ChEMBL
Hydroxytyrosol,ASP 2,CHEMBL4822,CHEMBL1950045,IC50,35.0,nM,7.46,ChEMBL
Hydroxytyrosol,ASP2,CHEMBL4822,CHEMBL1950045,IC50,35.0,nM,7.46,ChEMBL
Hydroxytyrosol,ASPARTYL PROTEASE 2,CHEMBL4822,CHEMBL1950045,IC50,35.0,nM,7.46,ChEMBL
Hydroxytyrosol,BACE1,CHEMBL4822,CHEMBL1950045,IC50,35.0,nM,7.46,ChEMBL
Hydroxytyrosol,BETA-SECRETASE 1,CHEMBL4822,CHEMBL1950045,IC50,35.0,nM,7.46,ChEMBL
Hydroxytyrosol,BETA-SITE AMYLOID PRECURSOR PROTEIN CLEAVING ENZYME 1,CHEMBL4822,CHEMBL1950045,IC50,35.0,nM,7.46,ChEMBL
Hydroxytyrosol,BETA-SITE APP CLEAVING ENZYME 1,CHEMBL4822,CHEMBL1950045,IC50,35.0,nM,7.46,ChEMBL
Hydroxytyrosol,GEMININ,CHEMBL1293278,CHEMBL1950045,Potency,4109.5,nM,,ChEMBL
Hydroxytyrosol,GMNN,CHEMBL1293278,CHEMBL1950045,Potency,4109.5,nM,,ChEMBL
Hydroxytyrosol,MEMAPSIN-2,CHEMBL4822,CHEMBL1950045,IC50,35.0,nM,7.46,ChEMBL
Hydroxytyrosol,MEMBRANE-ASSOCIATED ASPARTIC PROTEASE 2,CHEMBL4822,CHEMBL1950045,IC50,35.0,nM,7.46,ChEMBL
Hydroxytyrosol,NADPH,CHEMBL6110,CHEMBL1950045,Potency,3548.1,nM,5.45,ChEMBL
Hydroxytyrosol,NO RELEVANT TARGET,CHEMBL2362975,CHEMBL1950045,IC50,2450.0,nM,5.61,ChEMBL
Hydroxytyrosol,REDUCTASE,CHEMBL6110,CHEMBL1950045,Potency,3548.1,nM,5.45,ChEMBL
Hydroxytyrosol,TGR,CHEMBL6110,CHEMBL1950045,Potency,3548.1,nM,5.45,ChEMBL
Hydroxytyrosol,THIOREDOXIN-DISULFIDE REDUCTASE (NADPH),CHEMBL6110,CHEMBL1950045,Potency,3548.1,nM,5.45,ChEMBL
Hydroxytyrosol,UNCHECKED,CHEMBL612545,CHEMBL1950045,IC50,7500.0,nM,5.12,ChEMBL
Idebenone,(R)-LIMONENE 6-MONOOXYGENASE,CHEMBL3622,CHEMBL252556,IC50,800.0,nM,6.1,ChEMBL
Idebenone,(S)-LIMONENE 6-MONOOXYGENASE,CHEMBL3622,CHEMBL252556,IC50,800.0,nM,6.1,ChEMBL
Idebenone,(S)-LIMONENE 7-MONOOXYGENASE,CHEMBL3622,CHEMBL252556,IC50,800.0,nM,6.1,ChEMBL
Idebenone,"1,4-CINEOLE 2-EXO-MONOOXYGENASE",CHEMBL340,CHEMBL252556,IC50,7000.0,nM,5.16,ChEMBL
Idebenone,"1,8-CINEOLE 2-EXO-MONOOXYGENASE",CHEMBL340,CHEMBL252556,IC50,7000.0,nM,5.16,ChEMBL
Idebenone,5-LIPOXYGENASE,CHEMBL215,CHEMBL252556,IC50,10000.0,nM,,ChEMBL
Idebenone,5-LO,CHEMBL215,CHEMBL252556,IC50,10000.0,nM,,ChEMBL
Idebenone,ACID,CHEMBL215,CHEMBL252556,IC50,10000.0,nM,,ChEMBL
Idebenone,ALBENDAZOLE MONOOXYGENASE (SULFOXIDE-FORMING),CHEMBL340,CHEMBL252556,IC50,7000.0,nM,5.16,ChEMBL
Idebenone,ALBENDAZOLE SULFOXIDASE,CHEMBL340,CHEMBL252556,IC50,7000.0,nM,5.16,ChEMBL
Idebenone,ALDOLASE,CHEMBL1293234,CHEMBL252556,Potency,4456.3,nM,5.35,ChEMBL
Idebenone,ALOX5,CHEMBL215,CHEMBL252556,IC50,10000.0,nM,,ChEMBL
Idebenone,ARACHIDONATE 5-LIPOXYGENASE,CHEMBL215,CHEMBL252556,IC50,10000.0,nM,,ChEMBL
Idebenone,CHOLESTEROL 25-HYDROXYLASE,CHEMBL289,CHEMBL252556,IC50,3000.0,nM,5.52,ChEMBL
Idebenone,CYP2C19,CHEMBL3622,CHEMBL252556,IC50,800.0,nM,6.1,ChEMBL
Idebenone,CYP2C9,CHEMBL3397,CHEMBL252556,IC50,5000.0,nM,5.3,ChEMBL
Idebenone,CYP2D6,CHEMBL289,CHEMBL252556,IC50,3000.0,nM,5.52,ChEMBL
Idebenone,CYP3A4,CHEMBL340,CHEMBL252556,IC50,7000.0,nM,5.16,ChEMBL
Idebenone,CYPIIC17,CHEMBL3622,CHEMBL252556,IC50,800.0,nM,6.1,ChEMBL
Idebenone,CYPIIC19,CHEMBL3622,CHEMBL252556,IC50,800.0,nM,6.1,ChEMBL
Idebenone,CYPIIC9,CHEMBL3397,CHEMBL252556,IC50,5000.0,nM,5.3,ChEMBL
Idebenone,CYPIID6,CHEMBL289,CHEMBL252556,IC50,3000.0,nM,5.52,ChEMBL
Idebenone,CYPIIIA3,CHEMBL340,CHEMBL252556,IC50,7000.0,nM,5.16,ChEMBL
Idebenone,CYPIIIA4,CHEMBL340,CHEMBL252556,IC50,7000.0,nM,5.16,ChEMBL
Idebenone,CYTOCHROME,CHEMBL3622,CHEMBL252556,IC50,800.0,nM,6.1,ChEMBL
Idebenone,CYTOCHROME P-450MP,CHEMBL3397,CHEMBL252556,IC50,5000.0,nM,5.3,ChEMBL
Idebenone,CYTOCHROME P450 2C19,CHEMBL3622,CHEMBL252556,IC50,800.0,nM,6.1,ChEMBL
Idebenone,CYTOCHROME P450 2C9,CHEMBL3397,CHEMBL252556,IC50,5000.0,nM,5.3,ChEMBL
Idebenone,CYTOCHROME P450 2D6,CHEMBL289,CHEMBL252556,IC50,3000.0,nM,5.52,ChEMBL
Idebenone,CYTOCHROME P450 3A3,CHEMBL340,CHEMBL252556,IC50,7000.0,nM,5.16,ChEMBL
Idebenone,CYTOCHROME P450 3A4,CHEMBL340,CHEMBL252556,IC50,7000.0,nM,5.16,ChEMBL
Idebenone,CYTOCHROME P450 HLP,CHEMBL340,CHEMBL252556,IC50,7000.0,nM,5.16,ChEMBL
Idebenone,CYTOCHROME P450 MP-4,CHEMBL3397,CHEMBL252556,IC50,5000.0,nM,5.3,ChEMBL
Idebenone,CYTOCHROME P450 MP-8,CHEMBL3397,CHEMBL252556,IC50,5000.0,nM,5.3,ChEMBL
Idebenone,CYTOCHROME P450 NF-25,CHEMBL340,CHEMBL252556,IC50,7000.0,nM,5.16,ChEMBL
Idebenone,CYTOCHROME P450 PB-1,CHEMBL3397,CHEMBL252556,IC50,5000.0,nM,5.3,ChEMBL
Idebenone,CYTOCHROME P450-11A,CHEMBL3622,CHEMBL252556,IC50,800.0,nM,6.1,ChEMBL
Idebenone,CYTOCHROME P450-254C,CHEMBL3622,CHEMBL252556,IC50,800.0,nM,6.1,ChEMBL
Idebenone,CYTOCHROME P450-DB1,CHEMBL289,CHEMBL252556,IC50,3000.0,nM,5.52,ChEMBL
Idebenone,CYTOCHROME P450-PCN1,CHEMBL340,CHEMBL252556,IC50,7000.0,nM,5.16,ChEMBL
Idebenone,DEACETYLASE,CHEMBL4523517,CHEMBL252556,IC50,1900.0,nM,5.72,ChEMBL
Idebenone,DEBRISOQUINE 4-HYDROXYLASE,CHEMBL289,CHEMBL252556,IC50,3000.0,nM,5.52,ChEMBL
Idebenone,FATTY,CHEMBL215,CHEMBL252556,IC50,10000.0,nM,,ChEMBL
Idebenone,FBA,CHEMBL1293234,CHEMBL252556,Potency,4456.3,nM,5.35,ChEMBL
Idebenone,FENBENDAZOLE MONOOXYGENASE (4'-HYDROXYLATING),CHEMBL3622,CHEMBL252556,IC50,800.0,nM,6.1,ChEMBL
Idebenone,FIBROBLAST,CHEMBL613838,CHEMBL252556,EC50,592.0,nM,6.23,ChEMBL
Idebenone,"FRUCTOSE-1,6-BISPHOSPHATE ALDOLASE",CHEMBL1293234,CHEMBL252556,Potency,4456.3,nM,5.35,ChEMBL
Idebenone,FRUCTOSE-BISPHOSPHATE ALDOLASE,CHEMBL1293234,CHEMBL252556,Potency,4456.3,nM,5.35,ChEMBL
Idebenone,GLFBA,CHEMBL1293234,CHEMBL252556,Potency,4456.3,nM,5.35,ChEMBL
Idebenone,GLFBPA,CHEMBL1293234,CHEMBL252556,Potency,4456.3,nM,5.35,ChEMBL
Idebenone,MEPHENYTOIN 4-HYDROXYLASE,CHEMBL3622,CHEMBL252556,IC50,800.0,nM,6.1,ChEMBL
Idebenone,NAD-DEPENDENT PROTEIN DEACETYLASE,CHEMBL4523517,CHEMBL252556,IC50,1900.0,nM,5.72,ChEMBL
Idebenone,NIFEDIPINE OXIDASE,CHEMBL340,CHEMBL252556,IC50,7000.0,nM,5.16,ChEMBL
Idebenone,NON-PROTEIN TARGET,CHEMBL3879801,CHEMBL252556,EC50,850.0,nM,6.07,ChEMBL
Idebenone,PLASMODIUM FALCIPARUM,CHEMBL364,CHEMBL252556,Potency,6012.0,nM,,ChEMBL
Idebenone,POLYUNSATURATED,CHEMBL215,CHEMBL252556,IC50,10000.0,nM,,ChEMBL
Idebenone,POLYUNSATURATED FATTY ACID 5-LIPOXYGENASE,CHEMBL215,CHEMBL252556,IC50,10000.0,nM,,ChEMBL
Idebenone,PROTEIN,CHEMBL4523517,CHEMBL252556,IC50,1900.0,nM,5.72,ChEMBL
Idebenone,QUININE 3-MONOOXYGENASE,CHEMBL340,CHEMBL252556,IC50,7000.0,nM,5.16,ChEMBL
Idebenone,RATTUS NORVEGICUS,CHEMBL376,CHEMBL252556,IC50,1300.0,nM,5.89,ChEMBL
Idebenone,S-MEPHENYTOIN 4-HYDROXYLASE,CHEMBL3397,CHEMBL252556,IC50,5000.0,nM,5.3,ChEMBL
Idebenone,SIRT2,CHEMBL4523517,CHEMBL252556,IC50,1900.0,nM,5.72,ChEMBL
Idebenone,TDP1,CHEMBL1075138,CHEMBL252556,Potency,5956.9,nM,,ChEMBL
Idebenone,TYR-DNA PHOSPHODIESTERASE 1,CHEMBL1075138,CHEMBL252556,Potency,5956.9,nM,,ChEMBL
Idebenone,TYROSYL-DNA PHOSPHODIESTERASE 1,CHEMBL1075138,CHEMBL252556,Potency,5956.9,nM,,ChEMBL
Idebenone,UNCHECKED,CHEMBL612545,CHEMBL252556,EC50,730.0,nM,6.14,ChEMBL
Kaempferol,(R)-LIMONENE 6-MONOOXYGENASE,CHEMBL3397,CHEMBL150,Ki,6000.0,nM,5.22,ChEMBL
Kaempferol,(S)-LIMONENE 6-MONOOXYGENASE,CHEMBL3397,CHEMBL150,Ki,6000.0,nM,5.22,ChEMBL
Kaempferol,(S)-LIMONENE 7-MONOOXYGENASE,CHEMBL3397,CHEMBL150,Ki,6000.0,nM,5.22,ChEMBL
Kaempferol,"1,4-CINEOLE 2-EXO-MONOOXYGENASE",CHEMBL340,CHEMBL150,Potency,7943.3,nM,5.1,ChEMBL
Kaempferol,"1,8-CINEOLE 2-EXO-MONOOXYGENASE",CHEMBL340,CHEMBL150,Potency,7943.3,nM,5.1,ChEMBL
Kaempferol,12-LOX,CHEMBL4358,CHEMBL150,IC50,2200.0,nM,5.66,ChEMBL
Kaempferol,12/15-LIPOXYGENASE,CHEMBL4358,CHEMBL150,IC50,2200.0,nM,5.66,ChEMBL
Kaempferol,15-LOX,CHEMBL4358,CHEMBL150,IC50,2200.0,nM,5.66,ChEMBL
Kaempferol,15-LOX-1,CHEMBL2903,CHEMBL150,Potency,10000.0,nM,5.0,ChEMBL
Kaempferol,17-BETA-HSD 1,CHEMBL3181,CHEMBL150,IC50,1050.0,nM,5.98,ChEMBL
Kaempferol,17-BETA-HSD 2,CHEMBL2789,CHEMBL150,IC50,360.0,nM,6.44,ChEMBL
Kaempferol,17-BETA-HYDROXYSTEROID DEHYDROGENASE TYPE 1,CHEMBL3181,CHEMBL150,IC50,1050.0,nM,5.98,ChEMBL
Kaempferol,17-BETA-HYDROXYSTEROID DEHYDROGENASE TYPE 2,CHEMBL2789,CHEMBL150,IC50,360.0,nM,6.44,ChEMBL
Kaempferol,20 ALPHA-HYDROXYSTEROID DEHYDROGENASE,CHEMBL2789,CHEMBL150,IC50,360.0,nM,6.44,ChEMBL
Kaempferol,20-ALPHA-HSD,CHEMBL2789,CHEMBL150,IC50,360.0,nM,6.44,ChEMBL
Kaempferol,3-OXOACYL-[ACYL-CARRIER-PROTEIN] REDUCTASE,CHEMBL4513,CHEMBL150,IC50,4000.0,nM,5.4,ChEMBL
Kaempferol,5-LIPOXYGENASE,CHEMBL215,CHEMBL150,IC50,2700.0,nM,5.57,ChEMBL
Kaempferol,5-LO,CHEMBL215,CHEMBL150,IC50,2700.0,nM,5.57,ChEMBL
Kaempferol,70 KDA LAMIN,CHEMBL1293235,CHEMBL150,Potency,3548.1,nM,5.45,ChEMBL
Kaempferol,84 KDA MYELOPEROXIDASE,CHEMBL2439,CHEMBL150,IC50,2240.0,nM,5.65,ChEMBL
Kaempferol,89 KDA MYELOPEROXIDASE,CHEMBL2439,CHEMBL150,IC50,2240.0,nM,5.65,ChEMBL
Kaempferol,90 KDA RIBOSOMAL PROTEIN S6 KINASE 3,CHEMBL2345,CHEMBL150,IC50,1710.0,nM,5.77,ChEMBL
Kaempferol,A549,CHEMBL392,CHEMBL150,IC50,10000.0,nM,,ChEMBL
Kaempferol,ABCB1,CHEMBL4302,CHEMBL150,Kd,6760.83,nM,5.17,ChEMBL
Kaempferol,ABCB1A,CHEMBL2573,CHEMBL150,Kd,6700.0,nM,5.17,ChEMBL
Kaempferol,ABCC1,CHEMBL3004,CHEMBL150,Ki,2400.0,nM,5.62,ChEMBL
Kaempferol,ABCG2,CHEMBL5393,CHEMBL150,IC50,4700.0,nM,5.33,ChEMBL
Kaempferol,ACID,CHEMBL4358,CHEMBL150,IC50,2200.0,nM,5.66,ChEMBL
Kaempferol,ADABP,CHEMBL284,CHEMBL150,IC50,490.0,nM,6.31,ChEMBL
Kaempferol,ADCP-2,CHEMBL284,CHEMBL150,IC50,490.0,nM,6.31,ChEMBL
Kaempferol,ADENOSINE DEAMINASE COMPLEXING PROTEIN 2,CHEMBL284,CHEMBL150,IC50,490.0,nM,6.31,ChEMBL
Kaempferol,AH RECEPTOR,CHEMBL3201,CHEMBL150,IC50,28.0,nM,7.55,ChEMBL
Kaempferol,AHR,CHEMBL3201,CHEMBL150,IC50,28.0,nM,7.55,ChEMBL
Kaempferol,AKR1B1,CHEMBL2622,CHEMBL150,IC50,1330.0,nM,5.88,ChEMBL
Kaempferol,ALBENDAZOLE MONOOXYGENASE (SULFOXIDE-FORMING),CHEMBL340,CHEMBL150,Potency,7943.3,nM,5.1,ChEMBL
Kaempferol,ALBENDAZOLE SULFOXIDASE,CHEMBL340,CHEMBL150,Potency,7943.3,nM,5.1,ChEMBL
Kaempferol,ALDEHYDE REDUCTASE,CHEMBL2622,CHEMBL150,IC50,1330.0,nM,5.88,ChEMBL
Kaempferol,ALDO-KETO REDUCTASE FAMILY 1 MEMBER B1,CHEMBL2622,CHEMBL150,IC50,1330.0,nM,5.88,ChEMBL
Kaempferol,ALDOSE REDUCTASE,CHEMBL2622,CHEMBL150,IC50,1330.0,nM,5.88,ChEMBL
Kaempferol,ALOX15,CHEMBL4358,CHEMBL150,IC50,2200.0,nM,5.66,ChEMBL
Kaempferol,ALOX5,CHEMBL215,CHEMBL150,IC50,2700.0,nM,5.57,ChEMBL
Kaempferol,ANDROGEN,CHEMBL1871,CHEMBL150,IC50,9700.0,nM,5.01,ChEMBL
Kaempferol,ANDROGEN RECEPTOR,CHEMBL1871,CHEMBL150,IC50,9700.0,nM,5.01,ChEMBL
Kaempferol,ANHYDRASE,CHEMBL2326,CHEMBL150,Ki,25.0,nM,7.6,ChEMBL
Kaempferol,ANTHRAX LETHAL TOXIN ENDOPEPTIDASE COMPONENT,CHEMBL4372,CHEMBL150,Potency,5011.9,nM,5.3,ChEMBL
Kaempferol,ANTIGEN,CHEMBL4096,CHEMBL150,Potency,5011.9,nM,5.3,ChEMBL
Kaempferol,ANTIGEN NY-CO-13,CHEMBL4096,CHEMBL150,Potency,5011.9,nM,5.3,ChEMBL
Kaempferol,AR,CHEMBL1871,CHEMBL150,IC50,9700.0,nM,5.01,ChEMBL
Kaempferol,"ARACHIDONATE 12-LIPOXYGENASE, LEUKOCYTE-TYPE",CHEMBL4358,CHEMBL150,IC50,2200.0,nM,5.66,ChEMBL
Kaempferol,ARACHIDONATE 15-LIPOXYGENASE,CHEMBL4358,CHEMBL150,IC50,2200.0,nM,5.66,ChEMBL
Kaempferol,ARACHIDONATE 5-LIPOXYGENASE,CHEMBL215,CHEMBL150,IC50,2700.0,nM,5.57,ChEMBL
Kaempferol,ARACHIDONATE OMEGA-6 LIPOXYGENASE,CHEMBL4358,CHEMBL150,IC50,2200.0,nM,5.66,ChEMBL
Kaempferol,ARNT-INTERACTING PROTEIN,CHEMBL4261,CHEMBL150,Potency,1584.9,nM,5.8,ChEMBL
Kaempferol,ARYL,CHEMBL3201,CHEMBL150,IC50,28.0,nM,7.55,ChEMBL
Kaempferol,ARYL HYDROCARBON RECEPTOR,CHEMBL3201,CHEMBL150,IC50,28.0,nM,7.55,ChEMBL
Kaempferol,ARYL SULFOTRANSFERASE,CHEMBL4886,CHEMBL150,IC50,290.0,nM,6.54,ChEMBL
Kaempferol,ARYL SULFOTRANSFERASE IV,CHEMBL4886,CHEMBL150,IC50,290.0,nM,6.54,ChEMBL
Kaempferol,ASTIV,CHEMBL4886,CHEMBL150,IC50,290.0,nM,6.54,ChEMBL
Kaempferol,ATP-BINDING CASSETTE SUB-FAMILY B MEMBER 1,CHEMBL4302,CHEMBL150,Kd,6760.83,nM,5.17,ChEMBL
Kaempferol,ATP-BINDING CASSETTE SUB-FAMILY B MEMBER 1A,CHEMBL2573,CHEMBL150,Kd,6700.0,nM,5.17,ChEMBL
Kaempferol,ATP-BINDING CASSETTE SUB-FAMILY C MEMBER 1,CHEMBL3004,CHEMBL150,Ki,2400.0,nM,5.62,ChEMBL
Kaempferol,ATP-BINDING CASSETTE SUB-FAMILY G MEMBER 2,CHEMBL5393,CHEMBL150,IC50,4700.0,nM,5.33,ChEMBL
Kaempferol,ATP-DEPENDENT TRANSLOCASE ABCB1,CHEMBL2573,CHEMBL150,Kd,6700.0,nM,5.17,ChEMBL
Kaempferol,BASIC-HELIX-LOOP-HELIX-PAS PROTEIN MOP1,CHEMBL4261,CHEMBL150,Potency,1584.9,nM,5.8,ChEMBL
Kaempferol,BGC-823,CHEMBL614526,CHEMBL150,IC50,10000.0,nM,,ChEMBL
Kaempferol,BHLHE76,CHEMBL3201,CHEMBL150,IC50,28.0,nM,7.55,ChEMBL
Kaempferol,BHLHE78,CHEMBL4261,CHEMBL150,Potency,1584.9,nM,5.8,ChEMBL
Kaempferol,BREAST CANCER RESISTANCE PROTEIN,CHEMBL5393,CHEMBL150,IC50,4700.0,nM,5.33,ChEMBL
Kaempferol,BROAD,CHEMBL5393,CHEMBL150,IC50,4700.0,nM,5.33,ChEMBL
Kaempferol,BROAD SUBSTRATE SPECIFICITY ATP-BINDING CASSETTE TRANSPORTER ABCG2,CHEMBL5393,CHEMBL150,IC50,4700.0,nM,5.33,ChEMBL
Kaempferol,BT-549,CHEMBL614072,CHEMBL150,IC50,10000.0,nM,,ChEMBL
Kaempferol,BV-2,CHEMBL614781,CHEMBL150,IC50,8860.0,nM,5.05,ChEMBL
Kaempferol,CA-I,CHEMBL261,CHEMBL150,Ki,10000.0,nM,,ChEMBL
Kaempferol,CA-II,CHEMBL205,CHEMBL150,Ki,9525.7,nM,5.02,ChEMBL
Kaempferol,CA-IV,CHEMBL3729,CHEMBL150,Ki,10000.0,nM,,ChEMBL
Kaempferol,CA-VII,CHEMBL2326,CHEMBL150,Ki,25.0,nM,7.6,ChEMBL
Kaempferol,CA-XII,CHEMBL3242,CHEMBL150,Ki,145.9,nM,6.84,ChEMBL
Kaempferol,CA1,CHEMBL261,CHEMBL150,Ki,10000.0,nM,,ChEMBL
Kaempferol,CA12,CHEMBL3242,CHEMBL150,Ki,145.9,nM,6.84,ChEMBL
Kaempferol,CA2,CHEMBL205,CHEMBL150,Ki,9525.7,nM,5.02,ChEMBL
Kaempferol,CA4,CHEMBL3729,CHEMBL150,Ki,10000.0,nM,,ChEMBL
Kaempferol,CA7,CHEMBL2326,CHEMBL150,Ki,25.0,nM,7.6,ChEMBL
Kaempferol,CAB,CHEMBL261,CHEMBL150,Ki,10000.0,nM,,ChEMBL
Kaempferol,CAC,CHEMBL205,CHEMBL150,Ki,9525.7,nM,5.02,ChEMBL
Kaempferol,CARBONATE DEHYDRATASE I,CHEMBL261,CHEMBL150,Ki,10000.0,nM,,ChEMBL
Kaempferol,CARBONATE DEHYDRATASE II,CHEMBL205,CHEMBL150,Ki,9525.7,nM,5.02,ChEMBL
Kaempferol,CARBONATE DEHYDRATASE IV,CHEMBL3729,CHEMBL150,Ki,10000.0,nM,,ChEMBL
Kaempferol,CARBONATE DEHYDRATASE VII,CHEMBL2326,CHEMBL150,Ki,25.0,nM,7.6,ChEMBL
Kaempferol,CARBONATE DEHYDRATASE XII,CHEMBL3242,CHEMBL150,Ki,145.9,nM,6.84,ChEMBL
Kaempferol,CARBONIC,CHEMBL2326,CHEMBL150,Ki,25.0,nM,7.6,ChEMBL
Kaempferol,CARBONIC ANHYDRASE 1,CHEMBL261,CHEMBL150,Ki,10000.0,nM,,ChEMBL
Kaempferol,CARBONIC ANHYDRASE 12,CHEMBL3242,CHEMBL150,Ki,145.9,nM,6.84,ChEMBL
Kaempferol,CARBONIC ANHYDRASE 2,CHEMBL205,CHEMBL150,Ki,9525.7,nM,5.02,ChEMBL
Kaempferol,CARBONIC ANHYDRASE 4,CHEMBL3729,CHEMBL150,Ki,10000.0,nM,,ChEMBL
Kaempferol,CARBONIC ANHYDRASE 7,CHEMBL2326,CHEMBL150,Ki,25.0,nM,7.6,ChEMBL
Kaempferol,CARBONIC ANHYDRASE B,CHEMBL261,CHEMBL150,Ki,10000.0,nM,,ChEMBL
Kaempferol,CARBONIC ANHYDRASE C,CHEMBL205,CHEMBL150,Ki,9525.7,nM,5.02,ChEMBL
Kaempferol,CARBONIC ANHYDRASE I,CHEMBL261,CHEMBL150,Ki,10000.0,nM,,ChEMBL
Kaempferol,CARBONIC ANHYDRASE II,CHEMBL205,CHEMBL150,Ki,9525.7,nM,5.02,ChEMBL
Kaempferol,CARBONIC ANHYDRASE IV,CHEMBL3729,CHEMBL150,Ki,10000.0,nM,,ChEMBL
Kaempferol,CARBONIC ANHYDRASE VII,CHEMBL2326,CHEMBL150,Ki,25.0,nM,7.6,ChEMBL
Kaempferol,CARBONIC ANHYDRASE XII,CHEMBL3242,CHEMBL150,Ki,145.9,nM,6.84,ChEMBL
Kaempferol,CARBOXY-TERMINAL DOMAIN RNA POLYMERASE II POLYPEPTIDE A SMALL PHOSPHATASE 1,CHEMBL1795098,CHEMBL150,IC50,9933.0,nM,5.0,ChEMBL
Kaempferol,CARRIER,CHEMBL2535,CHEMBL150,IC50,4000.0,nM,5.4,ChEMBL
Kaempferol,CASEIN KINASE II ALPHA 1 POLYPEPTIDE PSEUDOGENE,CHEMBL3832943,CHEMBL150,IC50,400.0,nM,6.4,ChEMBL
Kaempferol,CASEIN KINASE II SUBUNIT ALPHA,CHEMBL3988629,CHEMBL150,IC50,400.0,nM,6.4,ChEMBL
Kaempferol,CASEIN KINASE II SUBUNIT ALPHA 3,CHEMBL3832943,CHEMBL150,IC50,400.0,nM,6.4,ChEMBL
Kaempferol,CASEIN KINASE II SUBUNIT ALPHA',CHEMBL3832943,CHEMBL150,IC50,400.0,nM,6.4,ChEMBL
Kaempferol,CASEIN KINASE II SUBUNIT BETA,CHEMBL3988629,CHEMBL150,IC50,400.0,nM,6.4,ChEMBL
Kaempferol,CASSETTE,CHEMBL5393,CHEMBL150,IC50,4700.0,nM,5.33,ChEMBL
Kaempferol,CDGSH,CHEMBL1795168,CHEMBL150,IC50,3100.0,nM,5.51,ChEMBL
Kaempferol,CDGSH IRON-SULFUR DOMAIN-CONTAINING PROTEIN 1,CHEMBL1795168,CHEMBL150,IC50,3100.0,nM,5.51,ChEMBL
Kaempferol,CDW338,CHEMBL5393,CHEMBL150,IC50,4700.0,nM,5.33,ChEMBL
Kaempferol,CD_ANTIGEN=CD135,CHEMBL1974,CHEMBL150,IC50,2320.0,nM,5.63,ChEMBL
Kaempferol,CD_ANTIGEN=CD243,CHEMBL4302,CHEMBL150,Kd,6760.83,nM,5.17,ChEMBL
Kaempferol,CD_ANTIGEN=CD26,CHEMBL284,CHEMBL150,IC50,490.0,nM,6.31,ChEMBL
Kaempferol,CD_ANTIGEN=CD338,CHEMBL5393,CHEMBL150,IC50,4700.0,nM,5.33,ChEMBL
Kaempferol,CELLULAR,CHEMBL4096,CHEMBL150,Potency,5011.9,nM,5.3,ChEMBL
Kaempferol,CELLULAR TUMOR ANTIGEN P53,CHEMBL4096,CHEMBL150,Potency,5011.9,nM,5.3,ChEMBL
Kaempferol,CHANNEL,CHEMBL1250411,CHEMBL150,IC50,3900.0,nM,5.41,ChEMBL
Kaempferol,CHOLESTEROL 25-HYDROXYLASE,CHEMBL3356,CHEMBL150,IC50,716.0,nM,6.14,ChEMBL
Kaempferol,CISD1,CHEMBL1795168,CHEMBL150,IC50,3100.0,nM,5.51,ChEMBL
Kaempferol,CK II ALPHA,CHEMBL3988629,CHEMBL150,IC50,400.0,nM,6.4,ChEMBL
Kaempferol,CK II ALPHA 3,CHEMBL3832943,CHEMBL150,IC50,400.0,nM,6.4,ChEMBL
Kaempferol,CK II ALPHA',CHEMBL3832943,CHEMBL150,IC50,400.0,nM,6.4,ChEMBL
Kaempferol,CK II BETA,CHEMBL3832943,CHEMBL150,IC50,400.0,nM,6.4,ChEMBL
Kaempferol,CLASS E BASIC HELIX-LOOP-HELIX PROTEIN 76,CHEMBL3201,CHEMBL150,IC50,28.0,nM,7.55,ChEMBL
Kaempferol,CLASS E BASIC HELIX-LOOP-HELIX PROTEIN 78,CHEMBL4261,CHEMBL150,Potency,1584.9,nM,5.8,ChEMBL
Kaempferol,CSNK2A1,CHEMBL3832943,CHEMBL150,IC50,400.0,nM,6.4,ChEMBL
Kaempferol,CSNK2A2,CHEMBL3832943,CHEMBL150,IC50,400.0,nM,6.4,ChEMBL
Kaempferol,CSNK2A3,CHEMBL3832943,CHEMBL150,IC50,400.0,nM,6.4,ChEMBL
Kaempferol,CSNK2B,CHEMBL3832943,CHEMBL150,IC50,400.0,nM,6.4,ChEMBL
Kaempferol,CTDSP1,CHEMBL1795098,CHEMBL150,IC50,9933.0,nM,5.0,ChEMBL
Kaempferol,CYANAMIDE HYDRATASE CA1,CHEMBL261,CHEMBL150,Ki,10000.0,nM,,ChEMBL
Kaempferol,CYANAMIDE HYDRATASE CA2,CHEMBL205,CHEMBL150,Ki,9525.7,nM,5.02,ChEMBL
Kaempferol,CYP1A1,CHEMBL2231,CHEMBL150,IC50,632.0,nM,6.2,ChEMBL
Kaempferol,CYP1A2,CHEMBL3356,CHEMBL150,IC50,716.0,nM,6.14,ChEMBL
Kaempferol,CYP1B1,CHEMBL4878,CHEMBL150,IC50,47.0,nM,7.33,ChEMBL
Kaempferol,CYP2C19,CHEMBL3622,CHEMBL150,Potency,10000.0,nM,5.0,ChEMBL
Kaempferol,CYP2C9,CHEMBL3397,CHEMBL150,Ki,6000.0,nM,5.22,ChEMBL
Kaempferol,CYP2D6,CHEMBL289,CHEMBL150,Potency,10000.0,nM,5.0,ChEMBL
Kaempferol,CYP3A4,CHEMBL340,CHEMBL150,Potency,7943.3,nM,5.1,ChEMBL
Kaempferol,CYPIA1,CHEMBL2231,CHEMBL150,IC50,632.0,nM,6.2,ChEMBL
Kaempferol,CYPIA2,CHEMBL3356,CHEMBL150,IC50,716.0,nM,6.14,ChEMBL
Kaempferol,CYPIB1,CHEMBL4878,CHEMBL150,IC50,47.0,nM,7.33,ChEMBL
Kaempferol,CYPIIC17,CHEMBL3622,CHEMBL150,Potency,10000.0,nM,5.0,ChEMBL
Kaempferol,CYPIIC19,CHEMBL3622,CHEMBL150,Potency,10000.0,nM,5.0,ChEMBL
Kaempferol,CYPIIC9,CHEMBL3397,CHEMBL150,Ki,6000.0,nM,5.22,ChEMBL
Kaempferol,CYPIID6,CHEMBL289,CHEMBL150,Potency,10000.0,nM,5.0,ChEMBL
Kaempferol,CYPIIIA3,CHEMBL340,CHEMBL150,Potency,7943.3,nM,5.1,ChEMBL
Kaempferol,CYPIIIA4,CHEMBL340,CHEMBL150,Potency,7943.3,nM,5.1,ChEMBL
Kaempferol,CYSTEINE TRANSAMINASE CISD1,CHEMBL1795168,CHEMBL150,IC50,3100.0,nM,5.51,ChEMBL
Kaempferol,CYTOCHROME,CHEMBL4878,CHEMBL150,IC50,47.0,nM,7.33,ChEMBL
Kaempferol,CYTOCHROME P(3)450,CHEMBL3356,CHEMBL150,IC50,716.0,nM,6.14,ChEMBL
Kaempferol,CYTOCHROME P-450MP,CHEMBL3397,CHEMBL150,Ki,6000.0,nM,5.22,ChEMBL
Kaempferol,CYTOCHROME P450 1A1,CHEMBL2231,CHEMBL150,IC50,632.0,nM,6.2,ChEMBL
Kaempferol,CYTOCHROME P450 1A2,CHEMBL3356,CHEMBL150,IC50,716.0,nM,6.14,ChEMBL
Kaempferol,CYTOCHROME P450 1B1,CHEMBL4878,CHEMBL150,IC50,47.0,nM,7.33,ChEMBL
Kaempferol,CYTOCHROME P450 2C19,CHEMBL3622,CHEMBL150,Potency,10000.0,nM,5.0,ChEMBL
Kaempferol,CYTOCHROME P450 2C9,CHEMBL3397,CHEMBL150,Ki,6000.0,nM,5.22,ChEMBL
Kaempferol,CYTOCHROME P450 2D6,CHEMBL289,CHEMBL150,Potency,10000.0,nM,5.0,ChEMBL
Kaempferol,CYTOCHROME P450 3A3,CHEMBL340,CHEMBL150,Potency,7943.3,nM,5.1,ChEMBL
Kaempferol,CYTOCHROME P450 3A4,CHEMBL340,CHEMBL150,Potency,7943.3,nM,5.1,ChEMBL
Kaempferol,CYTOCHROME P450 4,CHEMBL3356,CHEMBL150,IC50,716.0,nM,6.14,ChEMBL
Kaempferol,CYTOCHROME P450 FORM 6,CHEMBL2231,CHEMBL150,IC50,632.0,nM,6.2,ChEMBL
Kaempferol,CYTOCHROME P450 HLP,CHEMBL340,CHEMBL150,Potency,7943.3,nM,5.1,ChEMBL
Kaempferol,CYTOCHROME P450 MP-4,CHEMBL3397,CHEMBL150,Ki,6000.0,nM,5.22,ChEMBL
Kaempferol,CYTOCHROME P450 MP-8,CHEMBL3397,CHEMBL150,Ki,6000.0,nM,5.22,ChEMBL
Kaempferol,CYTOCHROME P450 NF-25,CHEMBL340,CHEMBL150,Potency,7943.3,nM,5.1,ChEMBL
Kaempferol,CYTOCHROME P450 PB-1,CHEMBL3397,CHEMBL150,Ki,6000.0,nM,5.22,ChEMBL
Kaempferol,CYTOCHROME P450-11A,CHEMBL3622,CHEMBL150,Potency,10000.0,nM,5.0,ChEMBL
Kaempferol,CYTOCHROME P450-254C,CHEMBL3622,CHEMBL150,Potency,10000.0,nM,5.0,ChEMBL
Kaempferol,CYTOCHROME P450-C,CHEMBL2231,CHEMBL150,IC50,632.0,nM,6.2,ChEMBL
Kaempferol,CYTOCHROME P450-DB1,CHEMBL289,CHEMBL150,Potency,10000.0,nM,5.0,ChEMBL
Kaempferol,CYTOCHROME P450-P1,CHEMBL2231,CHEMBL150,IC50,632.0,nM,6.2,ChEMBL
Kaempferol,CYTOCHROME P450-P3,CHEMBL3356,CHEMBL150,IC50,716.0,nM,6.14,ChEMBL
Kaempferol,CYTOCHROME P450-PCN1,CHEMBL340,CHEMBL150,Potency,7943.3,nM,5.1,ChEMBL
Kaempferol,DAP KINASE 1,CHEMBL2558,CHEMBL150,IC50,10000.0,nM,5.0,ChEMBL
Kaempferol,DAPK1,CHEMBL2558,CHEMBL150,IC50,10000.0,nM,5.0,ChEMBL
Kaempferol,DEACETYLASE,CHEMBL1865,CHEMBL150,IC50,1714.0,nM,5.77,ChEMBL
Kaempferol,DEATH-ASSOCIATED PROTEIN KINASE 1,CHEMBL2558,CHEMBL150,IC50,10000.0,nM,5.0,ChEMBL
Kaempferol,DEBRISOQUINE 4-HYDROXYLASE,CHEMBL289,CHEMBL150,Potency,10000.0,nM,5.0,ChEMBL
Kaempferol,DEHYDROGENASE,CHEMBL2789,CHEMBL150,IC50,360.0,nM,6.44,ChEMBL
Kaempferol,DIHYDROTESTOSTERONE RECEPTOR,CHEMBL1871,CHEMBL150,IC50,9700.0,nM,5.01,ChEMBL
Kaempferol,DIPEPTIDYL,CHEMBL284,CHEMBL150,IC50,490.0,nM,6.31,ChEMBL
Kaempferol,DIPEPTIDYL PEPTIDASE 4,CHEMBL284,CHEMBL150,IC50,490.0,nM,6.31,ChEMBL
Kaempferol,DIPEPTIDYL PEPTIDASE 4 MEMBRANE FORM,CHEMBL284,CHEMBL150,IC50,490.0,nM,6.31,ChEMBL
Kaempferol,DIPEPTIDYL PEPTIDASE 4 SOLUBLE FORM,CHEMBL284,CHEMBL150,IC50,490.0,nM,6.31,ChEMBL
Kaempferol,DIPEPTIDYL PEPTIDASE IV,CHEMBL284,CHEMBL150,IC50,490.0,nM,6.31,ChEMBL
Kaempferol,DIPEPTIDYL PEPTIDASE IV MEMBRANE FORM,CHEMBL284,CHEMBL150,IC50,490.0,nM,6.31,ChEMBL
Kaempferol,DIPEPTIDYL PEPTIDASE IV SOLUBLE FORM,CHEMBL284,CHEMBL150,IC50,490.0,nM,6.31,ChEMBL
Kaempferol,DOMAIN,CHEMBL1795098,CHEMBL150,IC50,9933.0,nM,5.0,ChEMBL
Kaempferol,DPP IV,CHEMBL284,CHEMBL150,IC50,490.0,nM,6.31,ChEMBL
Kaempferol,DPP4,CHEMBL284,CHEMBL150,IC50,490.0,nM,6.31,ChEMBL
Kaempferol,E2DH,CHEMBL2789,CHEMBL150,IC50,360.0,nM,6.44,ChEMBL
Kaempferol,E3 UBIQUITIN-PROTEIN LIGASE HDAC6,CHEMBL1865,CHEMBL150,IC50,1714.0,nM,5.77,ChEMBL
Kaempferol,EAG HOMOLOG,CHEMBL240,CHEMBL150,Potency,2.2,nM,,ChEMBL
Kaempferol,EAG-RELATED PROTEIN 1,CHEMBL240,CHEMBL150,Potency,2.2,nM,,ChEMBL
Kaempferol,ENTAMOEBA HISTOLYTICA,CHEMBL612853,CHEMBL150,IC50,230.0,nM,6.64,ChEMBL
Kaempferol,ER-ALPHA,CHEMBL206,CHEMBL150,Potency,8912.5,nM,,ChEMBL
Kaempferol,ERG-1,CHEMBL240,CHEMBL150,Potency,2.2,nM,,ChEMBL
Kaempferol,ERR-ALPHA,CHEMBL3429,CHEMBL150,IC50,9640.0,nM,5.02,ChEMBL
Kaempferol,ERYTHROID,CHEMBL1075094,CHEMBL150,Potency,8412.7,nM,,ChEMBL
Kaempferol,ERYTHROID CELL-SPECIFIC 15-LIPOXYGENASE,CHEMBL4358,CHEMBL150,IC50,2200.0,nM,5.66,ChEMBL
Kaempferol,ESR1,CHEMBL206,CHEMBL150,Potency,8912.5,nM,,ChEMBL
Kaempferol,ESRRA,CHEMBL3429,CHEMBL150,IC50,9640.0,nM,5.02,ChEMBL
Kaempferol,ESTRADIOL 17-BETA-DEHYDROGENASE 1,CHEMBL3181,CHEMBL150,IC50,1050.0,nM,5.98,ChEMBL
Kaempferol,ESTRADIOL 17-BETA-DEHYDROGENASE 2,CHEMBL2789,CHEMBL150,IC50,360.0,nM,6.44,ChEMBL
Kaempferol,ESTRADIOL RECEPTOR,CHEMBL206,CHEMBL150,Potency,8912.5,nM,,ChEMBL
Kaempferol,ESTROGEN,CHEMBL206,CHEMBL150,Potency,8912.5,nM,,ChEMBL
Kaempferol,ESTROGEN RECEPTOR,CHEMBL206,CHEMBL150,Potency,8912.5,nM,,ChEMBL
Kaempferol,ESTROGEN RECEPTOR-LIKE 1,CHEMBL3429,CHEMBL150,IC50,9640.0,nM,5.02,ChEMBL
Kaempferol,ESTROGEN-RELATED RECEPTOR ALPHA,CHEMBL3429,CHEMBL150,IC50,9640.0,nM,5.02,ChEMBL
Kaempferol,ETHER-A-GO-GO-RELATED GENE POTASSIUM CHANNEL 1,CHEMBL240,CHEMBL150,Potency,2.2,nM,,ChEMBL
Kaempferol,ETHER-A-GO-GO-RELATED PROTEIN 1,CHEMBL240,CHEMBL150,Potency,2.2,nM,,ChEMBL
Kaempferol,FABG,CHEMBL4513,CHEMBL150,IC50,4000.0,nM,5.4,ChEMBL
Kaempferol,FACILITATED,CHEMBL2535,CHEMBL150,IC50,4000.0,nM,5.4,ChEMBL
Kaempferol,FACTOR,CHEMBL4261,CHEMBL150,Potency,1584.9,nM,5.8,ChEMBL
Kaempferol,FAMILY,CHEMBL2622,CHEMBL150,IC50,1330.0,nM,5.88,ChEMBL
Kaempferol,FATTY,CHEMBL4358,CHEMBL150,IC50,2200.0,nM,5.66,ChEMBL
Kaempferol,FENBENDAZOLE MONOOXYGENASE (4'-HYDROXYLATING),CHEMBL3622,CHEMBL150,Potency,10000.0,nM,5.0,ChEMBL
Kaempferol,FETAL LIVER KINASE-2,CHEMBL1974,CHEMBL150,IC50,2320.0,nM,5.63,ChEMBL
Kaempferol,FL CYTOKINE RECEPTOR,CHEMBL1974,CHEMBL150,IC50,2320.0,nM,5.63,ChEMBL
Kaempferol,FLK-2,CHEMBL1974,CHEMBL150,IC50,2320.0,nM,5.63,ChEMBL
Kaempferol,FLT-3,CHEMBL1974,CHEMBL150,IC50,2320.0,nM,5.63,ChEMBL
Kaempferol,FLT3,CHEMBL1974,CHEMBL150,IC50,2320.0,nM,5.63,ChEMBL
Kaempferol,FMS-LIKE TYROSINE KINASE 3,CHEMBL1974,CHEMBL150,IC50,2320.0,nM,5.63,ChEMBL
Kaempferol,GAMMA,CHEMBL235,CHEMBL150,Potency,14.1,nM,,ChEMBL
Kaempferol,GLUCOSE,CHEMBL2535,CHEMBL150,IC50,4000.0,nM,5.4,ChEMBL
Kaempferol,"GLUCOSE TRANSPORTER TYPE 1, ERYTHROCYTE/BRAIN",CHEMBL2535,CHEMBL150,IC50,4000.0,nM,5.4,ChEMBL
Kaempferol,GLUT-1,CHEMBL2535,CHEMBL150,IC50,4000.0,nM,5.4,ChEMBL
Kaempferol,GLUTATHIONE-S-CONJUGATE-TRANSLOCATING ATPASE ABCC1,CHEMBL3004,CHEMBL150,Ki,2400.0,nM,5.62,ChEMBL
Kaempferol,GLYCOGEN SYNTHASE KINASE-3 ALPHA,CHEMBL2095188,CHEMBL150,IC50,3500.0,nM,5.46,ChEMBL
Kaempferol,GLYCOGEN SYNTHASE KINASE-3 BETA,CHEMBL2095188,CHEMBL150,IC50,3500.0,nM,5.46,ChEMBL
Kaempferol,GSK-3 ALPHA,CHEMBL2095188,CHEMBL150,IC50,3500.0,nM,5.46,ChEMBL
Kaempferol,GSK-3 BETA,CHEMBL2095188,CHEMBL150,IC50,3500.0,nM,5.46,ChEMBL
Kaempferol,GSK3A,CHEMBL2095188,CHEMBL150,IC50,3500.0,nM,5.46,ChEMBL
Kaempferol,GSK3B,CHEMBL2095188,CHEMBL150,IC50,3500.0,nM,5.46,ChEMBL
Kaempferol,H-ERG,CHEMBL240,CHEMBL150,Potency,2.2,nM,,ChEMBL
Kaempferol,HCC1937,CHEMBL1075458,CHEMBL150,IC50,10000.0,nM,,ChEMBL
Kaempferol,HCT-116,CHEMBL394,CHEMBL150,IC50,10000.0,nM,,ChEMBL
Kaempferol,HDAC6,CHEMBL1865,CHEMBL150,IC50,1714.0,nM,5.77,ChEMBL
Kaempferol,HEPG2,CHEMBL395,CHEMBL150,EC50,7740.0,nM,5.11,ChEMBL
Kaempferol,HEPG2 GLUCOSE TRANSPORTER,CHEMBL2535,CHEMBL150,IC50,4000.0,nM,5.4,ChEMBL
Kaempferol,HEPOXILIN A3 SYNTHASE ALOX15,CHEMBL4358,CHEMBL150,IC50,2200.0,nM,5.66,ChEMBL
Kaempferol,HERG-1,CHEMBL240,CHEMBL150,Potency,2.2,nM,,ChEMBL
Kaempferol,HERG1,CHEMBL240,CHEMBL150,Potency,2.2,nM,,ChEMBL
Kaempferol,HIF-1-ALPHA,CHEMBL4261,CHEMBL150,Potency,1584.9,nM,5.8,ChEMBL
Kaempferol,HIF1-ALPHA,CHEMBL4261,CHEMBL150,Potency,1584.9,nM,5.8,ChEMBL
Kaempferol,HIF1A,CHEMBL4261,CHEMBL150,Potency,1584.9,nM,5.8,ChEMBL
Kaempferol,HORMONE,CHEMBL3429,CHEMBL150,IC50,9640.0,nM,5.02,ChEMBL
Kaempferol,HSD17B1,CHEMBL3181,CHEMBL150,IC50,1050.0,nM,5.98,ChEMBL
Kaempferol,HSD17B2,CHEMBL2789,CHEMBL150,IC50,360.0,nM,6.44,ChEMBL
Kaempferol,HTRP-5,CHEMBL1250411,CHEMBL150,IC50,3900.0,nM,5.41,ChEMBL
Kaempferol,HTRP5,CHEMBL1250411,CHEMBL150,IC50,3900.0,nM,5.41,ChEMBL
Kaempferol,HYDROCARBON,CHEMBL3201,CHEMBL150,IC50,28.0,nM,7.55,ChEMBL
Kaempferol,HYDROPEROXY ICOSATETRAENOATE DEHYDRATASE,CHEMBL4878,CHEMBL150,IC50,47.0,nM,7.33,ChEMBL
Kaempferol,HYPOXIA-INDUCIBLE FACTOR 1-ALPHA,CHEMBL4261,CHEMBL150,Potency,1584.9,nM,5.8,ChEMBL
Kaempferol,II,CHEMBL1795098,CHEMBL150,IC50,9933.0,nM,5.0,ChEMBL
Kaempferol,INOSITOL,CHEMBL4523488,CHEMBL150,IC50,2500.0,nM,5.6,ChEMBL
Kaempferol,"INOSITOL 1,3,4,6-TETRAKISPHOSPHATE 5-KINASE",CHEMBL4523401,CHEMBL150,IC50,4400.0,nM,5.36,ChEMBL
Kaempferol,INOSITOL HEXAKISPHOSPHATE KINASE 2,CHEMBL4523488,CHEMBL150,IC50,2500.0,nM,5.6,ChEMBL
Kaempferol,INOSITOL POLYPHOSPHATE MULTIKINASE,CHEMBL4523401,CHEMBL150,IC50,4400.0,nM,5.36,ChEMBL
Kaempferol,INSP6 KINASE 2,CHEMBL4523488,CHEMBL150,IC50,2500.0,nM,5.6,ChEMBL
Kaempferol,INSP6K2,CHEMBL4523488,CHEMBL150,IC50,2500.0,nM,5.6,ChEMBL
Kaempferol,INSULIN-STIMULATED PROTEIN KINASE 1,CHEMBL2345,CHEMBL150,IC50,1710.0,nM,5.77,ChEMBL
Kaempferol,INWARDLY,CHEMBL240,CHEMBL150,Potency,2.2,nM,,ChEMBL
Kaempferol,IP6K2,CHEMBL4523488,CHEMBL150,IC50,2500.0,nM,5.6,ChEMBL
Kaempferol,IPMK,CHEMBL4523401,CHEMBL150,IC50,4400.0,nM,5.36,ChEMBL
Kaempferol,ISPK-1,CHEMBL2345,CHEMBL150,IC50,1710.0,nM,5.77,ChEMBL
Kaempferol,KCNH2,CHEMBL240,CHEMBL150,Potency,2.2,nM,,ChEMBL
Kaempferol,KIDNEY OXIDASE-1,CHEMBL1250375,CHEMBL150,IC50,1200.0,nM,5.92,ChEMBL
Kaempferol,KIDNEY SUPEROXIDE-PRODUCING NADPH OXIDASE,CHEMBL1250375,CHEMBL150,IC50,1200.0,nM,5.92,ChEMBL
Kaempferol,KINASE,CHEMBL2345,CHEMBL150,IC50,1710.0,nM,5.77,ChEMBL
Kaempferol,KOX-1,CHEMBL1250375,CHEMBL150,IC50,1200.0,nM,5.92,ChEMBL
Kaempferol,L-12LO,CHEMBL4358,CHEMBL150,IC50,2200.0,nM,5.66,ChEMBL
Kaempferol,LAMIN-A/C,CHEMBL1293235,CHEMBL150,Potency,3548.1,nM,5.45,ChEMBL
Kaempferol,LB24-AB,CHEMBL1973,CHEMBL150,IC50,1000.0,nM,6.0,ChEMBL
Kaempferol,LEF,CHEMBL4372,CHEMBL150,Potency,5011.9,nM,5.3,ChEMBL
Kaempferol,LETHAL,CHEMBL4372,CHEMBL150,Potency,5011.9,nM,5.3,ChEMBL
Kaempferol,LETHAL FACTOR,CHEMBL4372,CHEMBL150,Potency,5011.9,nM,5.3,ChEMBL
Kaempferol,LEUKOTRIENE C(4) TRANSPORTER,CHEMBL3004,CHEMBL150,Ki,2400.0,nM,5.62,ChEMBL
Kaempferol,LINOLEATE 13S-LIPOXYGENASE,CHEMBL4358,CHEMBL150,IC50,2200.0,nM,5.66,ChEMBL
Kaempferol,LIPOXYGENASE,CHEMBL4358,CHEMBL150,IC50,2200.0,nM,5.66,ChEMBL
Kaempferol,LMNA,CHEMBL1293235,CHEMBL150,Potency,3548.1,nM,5.45,ChEMBL
Kaempferol,LTC4 TRANSPORTER,CHEMBL3004,CHEMBL150,Ki,2400.0,nM,5.62,ChEMBL
Kaempferol,MAP KINASE-ACTIVATED PROTEIN KINASE 1B,CHEMBL2345,CHEMBL150,IC50,1710.0,nM,5.77,ChEMBL
Kaempferol,MAPK-ACTIVATED PROTEIN KINASE 1B,CHEMBL2345,CHEMBL150,IC50,1710.0,nM,5.77,ChEMBL
Kaempferol,MAPKAP KINASE 1B,CHEMBL2345,CHEMBL150,IC50,1710.0,nM,5.77,ChEMBL
Kaempferol,MAPKAPK-1B,CHEMBL2345,CHEMBL150,IC50,1710.0,nM,5.77,ChEMBL
Kaempferol,MCF7,CHEMBL387,CHEMBL150,IC50,10000.0,nM,,ChEMBL
Kaempferol,MDR1A,CHEMBL2573,CHEMBL150,Kd,6700.0,nM,5.17,ChEMBL
Kaempferol,MEMBER,CHEMBL2622,CHEMBL150,IC50,1330.0,nM,5.88,ChEMBL
Kaempferol,MEMBER OF PAS PROTEIN 1,CHEMBL4261,CHEMBL150,Potency,1584.9,nM,5.8,ChEMBL
Kaempferol,MEPHENYTOIN 4-HYDROXYLASE,CHEMBL3622,CHEMBL150,Potency,10000.0,nM,5.0,ChEMBL
Kaempferol,MICROSOMAL 17-BETA-HYDROXYSTEROID DEHYDROGENASE,CHEMBL2789,CHEMBL150,IC50,360.0,nM,6.44,ChEMBL
Kaempferol,MINOXIDIL SULFOTRANSFERASE,CHEMBL4886,CHEMBL150,IC50,290.0,nM,6.54,ChEMBL
Kaempferol,MITONEET,CHEMBL1795168,CHEMBL150,IC50,3100.0,nM,5.51,ChEMBL
Kaempferol,MITOXANTRONE RESISTANCE-ASSOCIATED PROTEIN,CHEMBL5393,CHEMBL150,IC50,4700.0,nM,5.33,ChEMBL
Kaempferol,MONOCYTE,CHEMBL614076,CHEMBL150,IC50,2700.0,nM,5.57,ChEMBL
Kaempferol,MONOPHENOL MONOOXYGENASE,CHEMBL1973,CHEMBL150,IC50,1000.0,nM,6.0,ChEMBL
Kaempferol,MPO,CHEMBL2439,CHEMBL150,IC50,2240.0,nM,5.65,ChEMBL
Kaempferol,MULTIDRUG,CHEMBL3004,CHEMBL150,Ki,2400.0,nM,5.62,ChEMBL
Kaempferol,MULTIDRUG RESISTANCE PROTEIN 1,CHEMBL4302,CHEMBL150,Kd,6760.83,nM,5.17,ChEMBL
Kaempferol,MULTIDRUG RESISTANCE PROTEIN 1A,CHEMBL2573,CHEMBL150,Kd,6700.0,nM,5.17,ChEMBL
Kaempferol,MULTIDRUG RESISTANCE PROTEIN 3,CHEMBL2573,CHEMBL150,Kd,6700.0,nM,5.17,ChEMBL
Kaempferol,MULTIDRUG RESISTANCE-ASSOCIATED PROTEIN 1,CHEMBL3004,CHEMBL150,Ki,2400.0,nM,5.62,ChEMBL
Kaempferol,MULTIKINASE,CHEMBL4523401,CHEMBL150,IC50,4400.0,nM,5.36,ChEMBL
Kaempferol,MX-ST,CHEMBL4886,CHEMBL150,IC50,290.0,nM,6.54,ChEMBL
Kaempferol,MYELOPEROXIDASE,CHEMBL2439,CHEMBL150,IC50,2240.0,nM,5.65,ChEMBL
Kaempferol,MYELOPEROXIDASE HEAVY CHAIN,CHEMBL2439,CHEMBL150,IC50,2240.0,nM,5.65,ChEMBL
Kaempferol,MYELOPEROXIDASE LIGHT CHAIN,CHEMBL2439,CHEMBL150,IC50,2240.0,nM,5.65,ChEMBL
Kaempferol,NADPH,CHEMBL1250375,CHEMBL150,IC50,1200.0,nM,5.92,ChEMBL
Kaempferol,NADPH OXIDASE 4,CHEMBL1250375,CHEMBL150,IC50,1200.0,nM,5.92,ChEMBL
Kaempferol,NANH,CHEMBL5189,CHEMBL150,IC50,8000.0,nM,5.1,ChEMBL
Kaempferol,NEURAMINIDASE,CHEMBL5189,CHEMBL150,IC50,8000.0,nM,5.1,ChEMBL
Kaempferol,NF-E2-RELATED FACTOR 2,CHEMBL1075094,CHEMBL150,Potency,8412.7,nM,,ChEMBL
Kaempferol,NFE2-RELATED FACTOR 2,CHEMBL1075094,CHEMBL150,Potency,8412.7,nM,,ChEMBL
Kaempferol,NFE2L2,CHEMBL1075094,CHEMBL150,Potency,8412.7,nM,,ChEMBL
Kaempferol,NIFEDIPINE OXIDASE,CHEMBL340,CHEMBL150,Potency,7943.3,nM,5.1,ChEMBL
Kaempferol,NLI-IF,CHEMBL1795098,CHEMBL150,IC50,9933.0,nM,5.0,ChEMBL
Kaempferol,NLI-INTERACTING FACTOR 3,CHEMBL1795098,CHEMBL150,IC50,9933.0,nM,5.0,ChEMBL
Kaempferol,NO RELEVANT TARGET,CHEMBL2362975,CHEMBL150,IC50,4730.0,nM,5.33,ChEMBL
Kaempferol,NON-PROTEIN TARGET,CHEMBL3879801,CHEMBL150,IC50,840.0,nM,6.08,ChEMBL
Kaempferol,NOX4,CHEMBL1250375,CHEMBL150,IC50,1200.0,nM,5.92,ChEMBL
Kaempferol,NRF-2,CHEMBL1075094,CHEMBL150,Potency,8412.7,nM,,ChEMBL
Kaempferol,NUCLEAR,CHEMBL1075094,CHEMBL150,Potency,8412.7,nM,,ChEMBL
Kaempferol,NUCLEAR FACTOR ERYTHROID 2-RELATED FACTOR 2,CHEMBL1075094,CHEMBL150,Potency,8412.7,nM,,ChEMBL
Kaempferol,"NUCLEAR FACTOR, ERYTHROID DERIVED 2, LIKE 2",CHEMBL1075094,CHEMBL150,Potency,8412.7,nM,,ChEMBL
Kaempferol,NUCLEAR LIM INTERACTOR-INTERACTING FACTOR 3,CHEMBL1795098,CHEMBL150,IC50,9933.0,nM,5.0,ChEMBL
Kaempferol,NUCLEAR RECEPTOR SUBFAMILY 1 GROUP C MEMBER 3,CHEMBL235,CHEMBL150,Potency,14.1,nM,,ChEMBL
Kaempferol,NUCLEAR RECEPTOR SUBFAMILY 3 GROUP A MEMBER 1,CHEMBL206,CHEMBL150,Potency,8912.5,nM,,ChEMBL
Kaempferol,NUCLEAR RECEPTOR SUBFAMILY 3 GROUP B MEMBER 1,CHEMBL3429,CHEMBL150,IC50,9640.0,nM,5.02,ChEMBL
Kaempferol,NUCLEAR RECEPTOR SUBFAMILY 3 GROUP C MEMBER 4,CHEMBL1871,CHEMBL150,IC50,9700.0,nM,5.01,ChEMBL
Kaempferol,OSTEOCLAST,CHEMBL612548,CHEMBL150,IC50,1600.0,nM,5.8,ChEMBL
Kaempferol,OXIDASE,CHEMBL1250375,CHEMBL150,IC50,1200.0,nM,5.92,ChEMBL
Kaempferol,P(I)-UPTAKE STIMULATOR,CHEMBL4523488,CHEMBL150,IC50,2500.0,nM,5.6,ChEMBL
Kaempferol,P-GLYCOPROTEIN 1,CHEMBL4302,CHEMBL150,Kd,6760.83,nM,5.17,ChEMBL
Kaempferol,P-GLYCOPROTEIN 3,CHEMBL2573,CHEMBL150,Kd,6700.0,nM,5.17,ChEMBL
Kaempferol,P61-YES,CHEMBL2073,CHEMBL150,Ki,6770.0,nM,5.17,ChEMBL
Kaempferol,P90-RSK 3,CHEMBL2345,CHEMBL150,IC50,1710.0,nM,5.77,ChEMBL
Kaempferol,P90RSK3,CHEMBL2345,CHEMBL150,IC50,1710.0,nM,5.77,ChEMBL
Kaempferol,PAS DOMAIN-CONTAINING PROTEIN 8,CHEMBL4261,CHEMBL150,Potency,1584.9,nM,5.8,ChEMBL
Kaempferol,PEPTIDASE,CHEMBL284,CHEMBL150,IC50,490.0,nM,6.31,ChEMBL
Kaempferol,PEROXISOME,CHEMBL235,CHEMBL150,Potency,14.1,nM,,ChEMBL
Kaempferol,PEROXISOME PROLIFERATOR-ACTIVATED RECEPTOR GAMMA,CHEMBL235,CHEMBL150,Potency,14.1,nM,,ChEMBL
Kaempferol,PHENOL SULFOTRANSFERASE,CHEMBL4886,CHEMBL150,IC50,290.0,nM,6.54,ChEMBL
Kaempferol,PHOSPHATASE,CHEMBL1795098,CHEMBL150,IC50,9933.0,nM,5.0,ChEMBL
Kaempferol,PHOSPHOLIPID TRANSPORTER ABCB1,CHEMBL2573,CHEMBL150,Kd,6700.0,nM,5.17,ChEMBL
Kaempferol,PHOSPHOPROTEIN P53,CHEMBL4096,CHEMBL150,Potency,5011.9,nM,5.3,ChEMBL
Kaempferol,PHOSVITIN,CHEMBL3832943,CHEMBL150,IC50,400.0,nM,6.4,ChEMBL
Kaempferol,PIUS,CHEMBL4523488,CHEMBL150,IC50,2500.0,nM,5.6,ChEMBL
Kaempferol,PLACENTA-SPECIFIC ATP-BINDING CASSETTE TRANSPORTER,CHEMBL5393,CHEMBL150,IC50,4700.0,nM,5.33,ChEMBL
Kaempferol,PLACENTAL 17-BETA-HYDROXYSTEROID DEHYDROGENASE,CHEMBL3181,CHEMBL150,IC50,1050.0,nM,5.98,ChEMBL
Kaempferol,POLYMERASE,CHEMBL1795098,CHEMBL150,IC50,9933.0,nM,5.0,ChEMBL
Kaempferol,POLYPEPTIDE,CHEMBL1795098,CHEMBL150,IC50,9933.0,nM,5.0,ChEMBL
Kaempferol,POLYPHOSPHATE,CHEMBL4523401,CHEMBL150,IC50,4400.0,nM,5.36,ChEMBL
Kaempferol,POLYUNSATURATED,CHEMBL4358,CHEMBL150,IC50,2200.0,nM,5.66,ChEMBL
Kaempferol,POLYUNSATURATED FATTY ACID 5-LIPOXYGENASE,CHEMBL215,CHEMBL150,IC50,2700.0,nM,5.57,ChEMBL
Kaempferol,POLYUNSATURATED FATTY ACID LIPOXYGENASE ALOX15,CHEMBL4358,CHEMBL150,IC50,2200.0,nM,5.66,ChEMBL
Kaempferol,POTASSIUM,CHEMBL240,CHEMBL150,Potency,2.2,nM,,ChEMBL
Kaempferol,POTASSIUM VOLTAGE-GATED CHANNEL SUBFAMILY H MEMBER 2,CHEMBL240,CHEMBL150,Potency,2.2,nM,,ChEMBL
Kaempferol,POTENTIAL,CHEMBL1250411,CHEMBL150,IC50,3900.0,nM,5.41,ChEMBL
Kaempferol,PP90RSK2,CHEMBL2345,CHEMBL150,IC50,1710.0,nM,5.77,ChEMBL
Kaempferol,PPAR-GAMMA,CHEMBL235,CHEMBL150,Potency,14.1,nM,,ChEMBL
Kaempferol,PPARG,CHEMBL235,CHEMBL150,Potency,14.1,nM,,ChEMBL
Kaempferol,PRELAMIN-A/C,CHEMBL1293235,CHEMBL150,Potency,3548.1,nM,5.45,ChEMBL
Kaempferol,PROTEIN,CHEMBL1865,CHEMBL150,IC50,1714.0,nM,5.77,ChEMBL
Kaempferol,PROTEIN DEACETYLASE HDAC6,CHEMBL1865,CHEMBL150,IC50,1714.0,nM,5.77,ChEMBL
Kaempferol,PROTEIN G5A,CHEMBL3832943,CHEMBL150,IC50,400.0,nM,6.4,ChEMBL
Kaempferol,PROTO-ONCOGENE C-YES,CHEMBL2073,CHEMBL150,Ki,6770.0,nM,5.17,ChEMBL
Kaempferol,PST-1,CHEMBL4886,CHEMBL150,IC50,290.0,nM,6.54,ChEMBL
Kaempferol,QUININE 3-MONOOXYGENASE,CHEMBL340,CHEMBL150,Potency,7943.3,nM,5.1,ChEMBL
Kaempferol,RECEPTOR,CHEMBL3201,CHEMBL150,IC50,28.0,nM,7.55,ChEMBL
Kaempferol,RECEPTOR-TYPE TYROSINE-PROTEIN KINASE FLT3,CHEMBL1974,CHEMBL150,IC50,2320.0,nM,5.63,ChEMBL
Kaempferol,RECTIFYING,CHEMBL240,CHEMBL150,Potency,2.2,nM,,ChEMBL
Kaempferol,REDUCTASE,CHEMBL2622,CHEMBL150,IC50,1330.0,nM,5.88,ChEMBL
Kaempferol,RENAL CARCINOMA ANTIGEN NY-REN-32,CHEMBL1293235,CHEMBL150,Potency,3548.1,nM,5.45,ChEMBL
Kaempferol,RENAL NAD(P)H-OXIDASE,CHEMBL1250375,CHEMBL150,IC50,1200.0,nM,5.92,ChEMBL
Kaempferol,RIBOSOMAL,CHEMBL2345,CHEMBL150,IC50,1710.0,nM,5.77,ChEMBL
Kaempferol,RIBOSOMAL PROTEIN S6 KINASE ALPHA-3,CHEMBL2345,CHEMBL150,IC50,1710.0,nM,5.77,ChEMBL
Kaempferol,RIBOSOMAL S6 KINASE 2,CHEMBL2345,CHEMBL150,IC50,1710.0,nM,5.77,ChEMBL
Kaempferol,RNA,CHEMBL1795098,CHEMBL150,IC50,9933.0,nM,5.0,ChEMBL
Kaempferol,RPS6KA3,CHEMBL2345,CHEMBL150,IC50,1710.0,nM,5.77,ChEMBL
Kaempferol,RSK-2,CHEMBL2345,CHEMBL150,IC50,1710.0,nM,5.77,ChEMBL
Kaempferol,S-MEPHENYTOIN 4-HYDROXYLASE,CHEMBL3397,CHEMBL150,Ki,6000.0,nM,5.22,ChEMBL
Kaempferol,S6K-ALPHA-3,CHEMBL2345,CHEMBL150,IC50,1710.0,nM,5.77,ChEMBL
Kaempferol,SARS-COV-2,CHEMBL4303835,CHEMBL150,EC50,3000.0,nM,5.52,ChEMBL
Kaempferol,SCP1,CHEMBL1795098,CHEMBL150,IC50,9933.0,nM,5.0,ChEMBL
Kaempferol,SERINE/THREONINE-PROTEIN KINASE GSK3A,CHEMBL2095188,CHEMBL150,IC50,3500.0,nM,5.46,ChEMBL
Kaempferol,SERINE/THREONINE-PROTEIN KINASE GSK3B,CHEMBL2095188,CHEMBL150,IC50,3500.0,nM,5.46,ChEMBL
Kaempferol,SHORT,CHEMBL1250411,CHEMBL150,IC50,3900.0,nM,5.41,ChEMBL
Kaempferol,SHORT CHAIN DEHYDROGENASE/REDUCTASE FAMILY 28C MEMBER 1,CHEMBL3181,CHEMBL150,IC50,1050.0,nM,5.98,ChEMBL
Kaempferol,SHORT CHAIN DEHYDROGENASE/REDUCTASE FAMILY 9C MEMBER 2,CHEMBL2789,CHEMBL150,IC50,360.0,nM,6.44,ChEMBL
Kaempferol,SHORT TRANSIENT RECEPTOR POTENTIAL CHANNEL 5,CHEMBL1250411,CHEMBL150,IC50,3900.0,nM,5.41,ChEMBL
Kaempferol,SIALIDASE,CHEMBL5189,CHEMBL150,IC50,8000.0,nM,5.1,ChEMBL
Kaempferol,SK-MEL-2,CHEMBL614917,CHEMBL150,IC50,10000.0,nM,,ChEMBL
Kaempferol,SK-OV-3,CHEMBL614925,CHEMBL150,IC50,10000.0,nM,,ChEMBL
Kaempferol,SK29-AB,CHEMBL1973,CHEMBL150,IC50,1000.0,nM,6.0,ChEMBL
Kaempferol,SLC2A1,CHEMBL2535,CHEMBL150,IC50,4000.0,nM,5.4,ChEMBL
Kaempferol,SMALL,CHEMBL1795098,CHEMBL150,IC50,9933.0,nM,5.0,ChEMBL
Kaempferol,SMALL C-TERMINAL DOMAIN PHOSPHATASE 1,CHEMBL1795098,CHEMBL150,IC50,9933.0,nM,5.0,ChEMBL
Kaempferol,SMALL CTD PHOSPHATASE 1,CHEMBL1795098,CHEMBL150,IC50,9933.0,nM,5.0,ChEMBL
Kaempferol,SOLUTE,CHEMBL2535,CHEMBL150,IC50,4000.0,nM,5.4,ChEMBL
Kaempferol,"SOLUTE CARRIER FAMILY 2, FACILITATED GLUCOSE TRANSPORTER MEMBER 1",CHEMBL2535,CHEMBL150,IC50,4000.0,nM,5.4,ChEMBL
Kaempferol,SPECIFICITY,CHEMBL5393,CHEMBL150,IC50,4700.0,nM,5.33,ChEMBL
Kaempferol,ST1A1,CHEMBL4886,CHEMBL150,IC50,290.0,nM,6.54,ChEMBL
Kaempferol,STEM CELL TYROSINE KINASE 1,CHEMBL1974,CHEMBL150,IC50,2320.0,nM,5.63,ChEMBL
Kaempferol,STEROID,CHEMBL3429,CHEMBL150,IC50,9640.0,nM,5.02,ChEMBL
Kaempferol,STEROID HORMONE RECEPTOR ERR1,CHEMBL3429,CHEMBL150,IC50,9640.0,nM,5.02,ChEMBL
Kaempferol,STK-1,CHEMBL1974,CHEMBL150,IC50,2320.0,nM,5.63,ChEMBL
Kaempferol,SUBSTRATE,CHEMBL5393,CHEMBL150,IC50,4700.0,nM,5.33,ChEMBL
Kaempferol,SULFOKINASE,CHEMBL4886,CHEMBL150,IC50,290.0,nM,6.54,ChEMBL
Kaempferol,SULFOTRANSFERASE 1A1,CHEMBL4886,CHEMBL150,IC50,290.0,nM,6.54,ChEMBL
Kaempferol,SULT1A1,CHEMBL4886,CHEMBL150,IC50,290.0,nM,6.54,ChEMBL
Kaempferol,T-CELL ACTIVATION ANTIGEN CD26,CHEMBL284,CHEMBL150,IC50,490.0,nM,6.31,ChEMBL
Kaempferol,TDP1,CHEMBL1075138,CHEMBL150,Potency,1995.3,nM,5.7,ChEMBL
Kaempferol,TESTOSTERONE 17-BETA-DEHYDROGENASE,CHEMBL2789,CHEMBL150,IC50,360.0,nM,6.44,ChEMBL
Kaempferol,TP103,CHEMBL284,CHEMBL150,IC50,490.0,nM,6.31,ChEMBL
Kaempferol,TP53,CHEMBL4096,CHEMBL150,Potency,5011.9,nM,5.3,ChEMBL
Kaempferol,TRANSIENT,CHEMBL1250411,CHEMBL150,IC50,3900.0,nM,5.41,ChEMBL
Kaempferol,TRANSIENT RECEPTOR PROTEIN 5,CHEMBL1250411,CHEMBL150,IC50,3900.0,nM,5.41,ChEMBL
Kaempferol,TRANSLOCASE,CHEMBL2573,CHEMBL150,Kd,6700.0,nM,5.17,ChEMBL
Kaempferol,TRANSPORTER,CHEMBL2535,CHEMBL150,IC50,4000.0,nM,5.4,ChEMBL
Kaempferol,TRP-5,CHEMBL1250411,CHEMBL150,IC50,3900.0,nM,5.41,ChEMBL
Kaempferol,TRPC5,CHEMBL1250411,CHEMBL150,IC50,3900.0,nM,5.41,ChEMBL
Kaempferol,TRYPANOSOMA BRUCEI BRUCEI,CHEMBL612851,CHEMBL150,IC50,9000.0,nM,5.05,ChEMBL
Kaempferol,TUBULIN-LYSINE DEACETYLASE HDAC6,CHEMBL1865,CHEMBL150,IC50,1714.0,nM,5.77,ChEMBL
Kaempferol,TUMOR,CHEMBL4096,CHEMBL150,Potency,5011.9,nM,5.3,ChEMBL
Kaempferol,TUMOR ANTIGEN HOM-RCC-3.1.3,CHEMBL3242,CHEMBL150,Ki,145.9,nM,6.84,ChEMBL
Kaempferol,TUMOR REJECTION ANTIGEN AB,CHEMBL1973,CHEMBL150,IC50,1000.0,nM,6.0,ChEMBL
Kaempferol,TUMOR SUPPRESSOR P53,CHEMBL4096,CHEMBL150,Potency,5011.9,nM,5.3,ChEMBL
Kaempferol,TYPE,CHEMBL2789,CHEMBL150,IC50,360.0,nM,6.44,ChEMBL
Kaempferol,TYR,CHEMBL1973,CHEMBL150,IC50,1000.0,nM,6.0,ChEMBL
Kaempferol,TYR-DNA PHOSPHODIESTERASE 1,CHEMBL1075138,CHEMBL150,Potency,1995.3,nM,5.7,ChEMBL
Kaempferol,TYROSINASE,CHEMBL1973,CHEMBL150,IC50,1000.0,nM,6.0,ChEMBL
Kaempferol,TYROSINE-ESTER SULFOTRANSFERASE,CHEMBL4886,CHEMBL150,IC50,290.0,nM,6.54,ChEMBL
Kaempferol,TYROSINE-PROTEIN KINASE YES,CHEMBL2073,CHEMBL150,Ki,6770.0,nM,5.17,ChEMBL
Kaempferol,TYROSYL-DNA PHOSPHODIESTERASE 1,CHEMBL1075138,CHEMBL150,Potency,1995.3,nM,5.7,ChEMBL
Kaempferol,UNCHECKED,CHEMBL612545,CHEMBL150,IC50,3200.0,nM,5.5,ChEMBL
Kaempferol,URATE EXPORTER,CHEMBL5393,CHEMBL150,IC50,4700.0,nM,5.33,ChEMBL
Kaempferol,VOLTAGE-GATED INWARDLY RECTIFYING POTASSIUM CHANNEL KCNH2,CHEMBL240,CHEMBL150,Potency,2.2,nM,,ChEMBL
Kaempferol,VOLTAGE-GATED POTASSIUM CHANNEL SUBUNIT KV11.1,CHEMBL240,CHEMBL150,Potency,2.2,nM,,ChEMBL
Kaempferol,XANTHINE,CHEMBL1929,CHEMBL150,IC50,1060.0,nM,5.97,ChEMBL
Kaempferol,XANTHINE DEHYDROGENASE,CHEMBL1929,CHEMBL150,IC50,1060.0,nM,5.97,ChEMBL
Kaempferol,XANTHINE DEHYDROGENASE/OXIDASE,CHEMBL1929,CHEMBL150,IC50,1060.0,nM,5.97,ChEMBL
Kaempferol,XANTHINE OXIDASE,CHEMBL1929,CHEMBL150,IC50,1060.0,nM,5.97,ChEMBL
Kaempferol,XANTHINE OXIDOREDUCTASE,CHEMBL1929,CHEMBL150,IC50,1060.0,nM,5.97,ChEMBL
Kaempferol,XDH,CHEMBL1929,CHEMBL150,IC50,1060.0,nM,5.97,ChEMBL
Kaempferol,XOR,CHEMBL1929,CHEMBL150,IC50,1060.0,nM,5.97,ChEMBL
Kaempferol,YES,CHEMBL2073,CHEMBL150,Ki,6770.0,nM,5.17,ChEMBL
Kaempferol,YES1,CHEMBL2073,CHEMBL150,Ki,6770.0,nM,5.17,ChEMBL
Lip-1,ACAT2,CHEMBL2240,CHEMBL2094750,IC50,22.0,nM,7.66,ChEMBL
Lip-1,"ACETYL-COA ACETYLTRANSFERASE, CYTOSOLIC",CHEMBL2240,CHEMBL2094750,IC50,22.0,nM,7.66,ChEMBL
Lip-1,ACETYL-COA TRANSFERASE-LIKE PROTEIN,CHEMBL2240,CHEMBL2094750,IC50,22.0,nM,7.66,ChEMBL
Lip-1,CYTOSOLIC,CHEMBL2240,CHEMBL2094750,IC50,22.0,nM,7.66,ChEMBL
Lip-1,CYTOSOLIC ACETOACETYL-COA THIOLASE,CHEMBL2240,CHEMBL2094750,IC50,22.0,nM,7.66,ChEMBL
Lip-1,LYMPHOCYTE,CHEMBL5314318,CHEMBL2094750,EC50,22.0,nM,7.66,ChEMBL
Lip-1,MEF,CHEMBL614342,CHEMBL2094750,IC50,22.0,nM,7.66,ChEMBL
Lip-1,MRC5,CHEMBL614181,CHEMBL2094750,IC50,9140.0,nM,5.04,ChEMBL
Lip-1,TRYPANOSOMA BRUCEI BRUCEI,CHEMBL612851,CHEMBL2094750,IC50,1200.0,nM,5.92,ChEMBL
Lip-1,UNCHECKED,CHEMBL612545,CHEMBL2094750,EC50,22.0,nM,7.66,ChEMBL
Luteolin,"1,4-CINEOLE 2-EXO-MONOOXYGENASE",CHEMBL340,CHEMBL151,Potency,5011.9,nM,5.3,ChEMBL
Luteolin,"1,8-CINEOLE 2-EXO-MONOOXYGENASE",CHEMBL340,CHEMBL151,Potency,5011.9,nM,5.3,ChEMBL
Luteolin,12-LOX,CHEMBL2903,CHEMBL151,Potency,2511.9,nM,5.6,ChEMBL
Luteolin,12/15-LIPOXYGENASE,CHEMBL2903,CHEMBL151,Potency,2511.9,nM,5.6,ChEMBL
Luteolin,12S-LIPOXYGENASE,CHEMBL3687,CHEMBL151,Potency,2511.9,nM,5.6,ChEMBL
Luteolin,12S-LOX,CHEMBL3687,CHEMBL151,Potency,2511.9,nM,5.6,ChEMBL
Luteolin,15-LIPOXYGENASE 2,CHEMBL2457,CHEMBL151,Potency,10000.0,nM,,ChEMBL
Luteolin,15-LOX,CHEMBL2903,CHEMBL151,Potency,2511.9,nM,5.6,ChEMBL
Luteolin,15-LOX-1,CHEMBL2903,CHEMBL151,Potency,2511.9,nM,5.6,ChEMBL
Luteolin,15-LOX-2,CHEMBL2457,CHEMBL151,Potency,10000.0,nM,,ChEMBL
Luteolin,15-LOX-B,CHEMBL2457,CHEMBL151,Potency,10000.0,nM,,ChEMBL
Luteolin,17-BETA-ESTRADIOL 17-DEHYDROGENASE,CHEMBL4159,CHEMBL151,Potency,10000.0,nM,5.0,ChEMBL
Luteolin,2'-O-METHYLTRANSFERASE NSP16,CHEMBL4523582,CHEMBL151,IC50,4600.0,nM,5.34,ChEMBL
Luteolin,2'-PHOSPHO-ADP-RIBOSYL CYCLASE,CHEMBL4660,CHEMBL151,IC50,8200.0,nM,5.09,ChEMBL
Luteolin,2'-PHOSPHO-ADP-RIBOSYL CYCLASE/2'-PHOSPHO-CYCLIC-ADP-RIBOSE TRANSFERASE,CHEMBL4660,CHEMBL151,IC50,8200.0,nM,5.09,ChEMBL
Luteolin,2'-PHOSPHO-CYCLIC-ADP-RIBOSE TRANSFERASE,CHEMBL4660,CHEMBL151,IC50,8200.0,nM,5.09,ChEMBL
Luteolin,2-METHYL-3-HYDROXYBUTYRYL-COA DEHYDROGENASE,CHEMBL4159,CHEMBL151,Potency,10000.0,nM,5.0,ChEMBL
Luteolin,20-ALPHA-HSD,CHEMBL3081,CHEMBL151,IC50,9570.0,nM,5.02,ChEMBL
Luteolin,20-ALPHA-HYDROXYSTEROID DEHYDROGENASE,CHEMBL3081,CHEMBL151,IC50,9570.0,nM,5.02,ChEMBL
Luteolin,3'-5' EXONUCLEASE,CHEMBL2146312,CHEMBL151,Potency,10000.0,nM,,ChEMBL
Luteolin,3-ALPHA-(17-BETA)-HYDROXYSTEROID DEHYDROGENASE (NAD(+)),CHEMBL4159,CHEMBL151,Potency,10000.0,nM,5.0,ChEMBL
Luteolin,3-DEOXYGLUCOSONE DEHYDROGENASE,CHEMBL3577,CHEMBL151,Potency,8912.5,nM,5.05,ChEMBL
Luteolin,3-HYDROXY-2-METHYLBUTYRYL-COA DEHYDROGENASE,CHEMBL4159,CHEMBL151,Potency,10000.0,nM,5.0,ChEMBL
Luteolin,3-HYDROXYACYL-COA DEHYDROGENASE TYPE II,CHEMBL4159,CHEMBL151,Potency,10000.0,nM,5.0,ChEMBL
Luteolin,3-HYDROXYACYL-COA DEHYDROGENASE TYPE-2,CHEMBL4159,CHEMBL151,Potency,10000.0,nM,5.0,ChEMBL
Luteolin,3-HYDROXYACYL-[ACYL-CARRIER-PROTEIN] DEHYDRATASE,CHEMBL4512,CHEMBL151,IC50,5000.0,nM,5.3,ChEMBL
Luteolin,3-OXOACYL-[ACYL-CARRIER-PROTEIN] REDUCTASE,CHEMBL4513,CHEMBL151,IC50,4000.0,nM,5.4,ChEMBL
Luteolin,3ALPHA(OR 20BETA)-HYDROXYSTEROID DEHYDROGENASE,CHEMBL4159,CHEMBL151,Potency,10000.0,nM,5.0,ChEMBL
Luteolin,3C-LIKE PROTEINASE NSP5,CHEMBL4523582,CHEMBL151,IC50,4600.0,nM,5.34,ChEMBL
Luteolin,3CL-PRO,CHEMBL4523582,CHEMBL151,IC50,4600.0,nM,5.34,ChEMBL
Luteolin,3CLP,CHEMBL4523582,CHEMBL151,IC50,4600.0,nM,5.34,ChEMBL
Luteolin,4T1,CHEMBL612589,CHEMBL151,IC50,6980.0,nM,5.16,ChEMBL
Luteolin,5'-DEOXYRIBOSE-PHOSPHATE LYASE,CHEMBL2392,CHEMBL151,Potency,7079.5,nM,5.15,ChEMBL
Luteolin,5'-DRP LYASE,CHEMBL2392,CHEMBL151,Potency,7079.5,nM,5.15,ChEMBL
Luteolin,5-LIPOXYGENASE,CHEMBL215,CHEMBL151,IC50,1600.0,nM,5.8,ChEMBL
Luteolin,5-LO,CHEMBL215,CHEMBL151,IC50,1600.0,nM,5.8,ChEMBL
Luteolin,67 KDA MATRIX METALLOPROTEINASE-9,CHEMBL321,CHEMBL151,IC50,5620.0,nM,5.25,ChEMBL
Luteolin,7-ALPHA-HYDROXYSTEROID DEHYDROGENASE,CHEMBL4159,CHEMBL151,Potency,10000.0,nM,5.0,ChEMBL
Luteolin,70 KDA LAMIN,CHEMBL1293235,CHEMBL151,Potency,3162.3,nM,5.5,ChEMBL
Luteolin,72 KDA GELATINASE,CHEMBL333,CHEMBL151,IC50,3610.0,nM,5.44,ChEMBL
Luteolin,72 KDA TYPE IV COLLAGENASE,CHEMBL333,CHEMBL151,IC50,3610.0,nM,5.44,ChEMBL
Luteolin,82 KDA MATRIX METALLOPROTEINASE-9,CHEMBL321,CHEMBL151,IC50,5620.0,nM,5.25,ChEMBL
Luteolin,90 KDA RIBOSOMAL PROTEIN S6 KINASE 3,CHEMBL2345,CHEMBL151,IC50,4420.0,nM,5.36,ChEMBL
Luteolin,92 KDA GELATINASE,CHEMBL321,CHEMBL151,IC50,5620.0,nM,5.25,ChEMBL
Luteolin,92 KDA TYPE IV COLLAGENASE,CHEMBL321,CHEMBL151,IC50,5620.0,nM,5.25,ChEMBL
Luteolin,A DISINTEGRIN AND METALLOPROTEINASE WITH THROMBOSPONDIN MOTIFS 4,CHEMBL2318,CHEMBL151,IC50,9800.0,nM,5.01,ChEMBL
Luteolin,AAA,CHEMBL1741209,CHEMBL151,Potency,7304.8,nM,,ChEMBL
Luteolin,ABCG2,CHEMBL5393,CHEMBL151,IC50,8900.0,nM,5.05,ChEMBL
Luteolin,ABETA40,CHEMBL2487,CHEMBL151,IC50,6400.0,nM,5.19,ChEMBL
Luteolin,ABETA42,CHEMBL2487,CHEMBL151,IC50,6400.0,nM,5.19,ChEMBL
Luteolin,ABPP,CHEMBL2487,CHEMBL151,IC50,6400.0,nM,5.19,ChEMBL
Luteolin,ACID,CHEMBL215,CHEMBL151,IC50,1600.0,nM,5.8,ChEMBL
Luteolin,ACUTE MYELOID LEUKEMIA 1 PROTEIN,CHEMBL2093862,CHEMBL151,Potency,10000.0,nM,,ChEMBL
Luteolin,ADABP,CHEMBL284,CHEMBL151,IC50,120.0,nM,6.92,ChEMBL
Luteolin,ADAM-TS 4,CHEMBL2318,CHEMBL151,IC50,9800.0,nM,5.01,ChEMBL
Luteolin,ADAM-TS4,CHEMBL2318,CHEMBL151,IC50,9800.0,nM,5.01,ChEMBL
Luteolin,ADAMTS-4,CHEMBL2318,CHEMBL151,IC50,9800.0,nM,5.01,ChEMBL
Luteolin,ADAMTS4,CHEMBL2318,CHEMBL151,IC50,9800.0,nM,5.01,ChEMBL
Luteolin,ADCP-2,CHEMBL284,CHEMBL151,IC50,120.0,nM,6.92,ChEMBL
Luteolin,ADENOSINE,CHEMBL318,CHEMBL151,Ki,1660.0,nM,5.78,ChEMBL
Luteolin,ADENOSINE DEAMINASE COMPLEXING PROTEIN 2,CHEMBL284,CHEMBL151,IC50,120.0,nM,6.92,ChEMBL
Luteolin,ADENOSINE RECEPTOR A1,CHEMBL318,CHEMBL151,Ki,1660.0,nM,5.78,ChEMBL
Luteolin,ADMET,CHEMBL612558,CHEMBL151,Ki,9840.0,nM,5.01,ChEMBL
Luteolin,ADMP-1,CHEMBL2318,CHEMBL151,IC50,9800.0,nM,5.01,ChEMBL
Luteolin,ADORA1,CHEMBL318,CHEMBL151,Ki,1660.0,nM,5.78,ChEMBL
Luteolin,ADP-RIBOSYL CYCLASE 1,CHEMBL4660,CHEMBL151,IC50,8200.0,nM,5.09,ChEMBL
Luteolin,ADP-RIBOSYL CYCLASE/CYCLIC ADP-RIBOSE HYDROLASE 1,CHEMBL4660,CHEMBL151,IC50,8200.0,nM,5.09,ChEMBL
Luteolin,ADP-RIBOSYLTRANSFERASE DIPHTHERIA TOXIN-LIKE 1,CHEMBL3105,CHEMBL151,IC50,4265.8,nM,5.37,ChEMBL
Luteolin,ADP-RIBOSYLTRANSFERASE DIPHTHERIA TOXIN-LIKE 5,CHEMBL6164,CHEMBL151,IC50,2398.83,nM,5.62,ChEMBL
Luteolin,ADP-RIBOSYLTRANSFERASE DIPHTHERIA TOXIN-LIKE 6,CHEMBL6154,CHEMBL151,IC50,1071.52,nM,5.97,ChEMBL
Luteolin,ADPRC 1,CHEMBL4660,CHEMBL151,IC50,8200.0,nM,5.09,ChEMBL
Luteolin,ADPRT 1,CHEMBL3105,CHEMBL151,IC50,4265.8,nM,5.37,ChEMBL
Luteolin,AGGRECANASE-1,CHEMBL2318,CHEMBL151,IC50,9800.0,nM,5.01,ChEMBL
Luteolin,AICD-50,CHEMBL2487,CHEMBL151,IC50,6400.0,nM,5.19,ChEMBL
Luteolin,AICD-57,CHEMBL2487,CHEMBL151,IC50,6400.0,nM,5.19,ChEMBL
Luteolin,AICD-59,CHEMBL2487,CHEMBL151,IC50,6400.0,nM,5.19,ChEMBL
Luteolin,AID(50),CHEMBL2487,CHEMBL151,IC50,6400.0,nM,5.19,ChEMBL
Luteolin,AID(57),CHEMBL2487,CHEMBL151,IC50,6400.0,nM,5.19,ChEMBL
Luteolin,AID(59),CHEMBL2487,CHEMBL151,IC50,6400.0,nM,5.19,ChEMBL
Luteolin,AKR1B1,CHEMBL1900,CHEMBL151,IC50,600.0,nM,6.22,ChEMBL
Luteolin,AKR1B10,CHEMBL5983,CHEMBL151,IC50,9200.0,nM,5.04,ChEMBL
Luteolin,ALBENDAZOLE MONOOXYGENASE (SULFOXIDE-FORMING),CHEMBL340,CHEMBL151,Potency,5011.9,nM,5.3,ChEMBL
Luteolin,ALBENDAZOLE SULFOXIDASE,CHEMBL340,CHEMBL151,Potency,5011.9,nM,5.3,ChEMBL
Luteolin,ALDEHYDE,CHEMBL3577,CHEMBL151,Potency,8912.5,nM,5.05,ChEMBL
Luteolin,ALDEHYDE DEHYDROGENASE 1A1,CHEMBL3577,CHEMBL151,Potency,8912.5,nM,5.05,ChEMBL
Luteolin,ALDEHYDE DEHYDROGENASE FAMILY 1 MEMBER A1,CHEMBL3577,CHEMBL151,Potency,8912.5,nM,5.05,ChEMBL
Luteolin,"ALDEHYDE DEHYDROGENASE, CYTOSOLIC",CHEMBL3577,CHEMBL151,Potency,8912.5,nM,5.05,ChEMBL
Luteolin,ALDEHYDE REDUCTASE,CHEMBL1900,CHEMBL151,IC50,600.0,nM,6.22,ChEMBL
Luteolin,ALDH-E1,CHEMBL3577,CHEMBL151,Potency,8912.5,nM,5.05,ChEMBL
Luteolin,ALDH1A1,CHEMBL3577,CHEMBL151,Potency,8912.5,nM,5.05,ChEMBL
Luteolin,ALDO-KETO REDUCTASE FAMILY 1 MEMBER B1,CHEMBL1900,CHEMBL151,IC50,600.0,nM,6.22,ChEMBL
Luteolin,ALDO-KETO REDUCTASE FAMILY 1 MEMBER B10,CHEMBL5983,CHEMBL151,IC50,9200.0,nM,5.04,ChEMBL
Luteolin,ALDOKETOMUTASE,CHEMBL2424,CHEMBL151,IC50,7700.0,nM,5.11,ChEMBL
Luteolin,ALDOSE REDUCTASE,CHEMBL1900,CHEMBL151,IC50,600.0,nM,6.22,ChEMBL
Luteolin,ALDOSE REDUCTASE-LIKE,CHEMBL5983,CHEMBL151,IC50,9200.0,nM,5.04,ChEMBL
Luteolin,ALDOSE REDUCTASE-RELATED PROTEIN,CHEMBL5983,CHEMBL151,IC50,9200.0,nM,5.04,ChEMBL
Luteolin,ALHDII,CHEMBL3577,CHEMBL151,Potency,8912.5,nM,5.05,ChEMBL
Luteolin,ALOX12,CHEMBL3687,CHEMBL151,Potency,2511.9,nM,5.6,ChEMBL
Luteolin,ALOX15,CHEMBL2903,CHEMBL151,Potency,2511.9,nM,5.6,ChEMBL
Luteolin,ALOX15B,CHEMBL2457,CHEMBL151,Potency,10000.0,nM,,ChEMBL
Luteolin,ALOX5,CHEMBL215,CHEMBL151,IC50,1600.0,nM,5.8,ChEMBL
Luteolin,ALPHA-CTF,CHEMBL2487,CHEMBL151,IC50,6400.0,nM,5.19,ChEMBL
Luteolin,ALPHA-KETOGLUTARATE-DEPENDENT DIOXYGENASE FTO,CHEMBL2331065,CHEMBL151,IC50,7500.0,nM,5.12,ChEMBL
Luteolin,ALPHA-SECRETASE C-TERMINAL FRAGMENT,CHEMBL2487,CHEMBL151,IC50,6400.0,nM,5.19,ChEMBL
Luteolin,ALZHEIMER DISEASE AMYLOID A4 PROTEIN HOMOLOG,CHEMBL2487,CHEMBL151,IC50,6400.0,nM,5.19,ChEMBL
Luteolin,ALZHEIMER DISEASE AMYLOID PROTEIN,CHEMBL2487,CHEMBL151,IC50,6400.0,nM,5.19,ChEMBL
Luteolin,AMINE,CHEMBL1951,CHEMBL151,IC50,4900.0,nM,5.31,ChEMBL
Luteolin,AMINE OXIDASE [FLAVIN-CONTAINING] A,CHEMBL1951,CHEMBL151,IC50,4900.0,nM,5.31,ChEMBL
Luteolin,AMYLOID INTRACELLULAR DOMAIN 50,CHEMBL2487,CHEMBL151,IC50,6400.0,nM,5.19,ChEMBL
Luteolin,AMYLOID INTRACELLULAR DOMAIN 57,CHEMBL2487,CHEMBL151,IC50,6400.0,nM,5.19,ChEMBL
Luteolin,AMYLOID INTRACELLULAR DOMAIN 59,CHEMBL2487,CHEMBL151,IC50,6400.0,nM,5.19,ChEMBL
Luteolin,AMYLOID PRECURSOR PROTEIN,CHEMBL2487,CHEMBL151,IC50,6400.0,nM,5.19,ChEMBL
Luteolin,AMYLOID-BETA (A4) PRECURSOR PROTEIN,CHEMBL2487,CHEMBL151,IC50,6400.0,nM,5.19,ChEMBL
Luteolin,AMYLOID-BETA A4 PROTEIN,CHEMBL2487,CHEMBL151,IC50,6400.0,nM,5.19,ChEMBL
Luteolin,AMYLOID-BETA PRECURSOR PROTEIN,CHEMBL2487,CHEMBL151,IC50,6400.0,nM,5.19,ChEMBL
Luteolin,AMYLOID-BETA PROTEIN 40,CHEMBL2487,CHEMBL151,IC50,6400.0,nM,5.19,ChEMBL
Luteolin,AMYLOID-BETA PROTEIN 42,CHEMBL2487,CHEMBL151,IC50,6400.0,nM,5.19,ChEMBL
Luteolin,AND,CHEMBL3984,CHEMBL151,IC50,1500.0,nM,5.82,ChEMBL
Luteolin,ANHYDRASE,CHEMBL2326,CHEMBL151,Ki,4.7,nM,8.33,ChEMBL
Luteolin,ANION,CHEMBL1743124,CHEMBL151,IC50,3900.0,nM,5.41,ChEMBL
Luteolin,ANTHRAX LETHAL TOXIN ENDOPEPTIDASE COMPONENT,CHEMBL4372,CHEMBL151,Potency,1000.0,nM,6.0,ChEMBL
Luteolin,ANTIGEN,CHEMBL4096,CHEMBL151,Potency,3162.3,nM,5.5,ChEMBL
Luteolin,ANTIGEN NY-CO-13,CHEMBL4096,CHEMBL151,Potency,3162.3,nM,5.5,ChEMBL
Luteolin,AP ENDONUCLEASE 1,CHEMBL5619,CHEMBL151,Potency,5011.9,nM,,ChEMBL
Luteolin,AP LYASE,CHEMBL2392,CHEMBL151,Potency,7079.5,nM,5.15,ChEMBL
Luteolin,APE-1,CHEMBL5619,CHEMBL151,Potency,5011.9,nM,,ChEMBL
Luteolin,APEN,CHEMBL5619,CHEMBL151,Potency,5011.9,nM,,ChEMBL
Luteolin,APEX NUCLEASE,CHEMBL5619,CHEMBL151,Potency,5011.9,nM,,ChEMBL
Luteolin,APEX1,CHEMBL5619,CHEMBL151,Potency,5011.9,nM,,ChEMBL
Luteolin,APP,CHEMBL2487,CHEMBL151,IC50,6400.0,nM,5.19,ChEMBL
Luteolin,APPI,CHEMBL2487,CHEMBL151,IC50,6400.0,nM,5.19,ChEMBL
Luteolin,APURINIC-APYRIMIDINIC ENDONUCLEASE 1,CHEMBL5619,CHEMBL151,Potency,5011.9,nM,,ChEMBL
Luteolin,ARACHIDONATE (12S)-LIPOXYGENASE,CHEMBL3687,CHEMBL151,Potency,2511.9,nM,5.6,ChEMBL
Luteolin,ARACHIDONATE (15S)-LIPOXYGENASE,CHEMBL3687,CHEMBL151,Potency,2511.9,nM,5.6,ChEMBL
Luteolin,"ARACHIDONATE 12-LIPOXYGENASE, LEUKOCYTE-TYPE",CHEMBL2903,CHEMBL151,Potency,2511.9,nM,5.6,ChEMBL
Luteolin,ARACHIDONATE 15-LIPOXYGENASE,CHEMBL2903,CHEMBL151,Potency,2511.9,nM,5.6,ChEMBL
Luteolin,ARACHIDONATE 15-LIPOXYGENASE B,CHEMBL2457,CHEMBL151,Potency,10000.0,nM,,ChEMBL
Luteolin,ARACHIDONATE 15-LIPOXYGENASE TYPE II,CHEMBL2457,CHEMBL151,Potency,10000.0,nM,,ChEMBL
Luteolin,ARACHIDONATE 5-LIPOXYGENASE,CHEMBL215,CHEMBL151,IC50,1600.0,nM,5.8,ChEMBL
Luteolin,ARACHIDONATE OMEGA-6 LIPOXYGENASE,CHEMBL2903,CHEMBL151,Potency,2511.9,nM,5.6,ChEMBL
Luteolin,ARG1,CHEMBL3232699,CHEMBL151,IC50,9000.0,nM,5.05,ChEMBL
Luteolin,ARGINASE,CHEMBL3108635,CHEMBL151,IC50,9000.0,nM,5.05,ChEMBL
Luteolin,ARGINASE-1,CHEMBL3232699,CHEMBL151,IC50,9000.0,nM,5.05,ChEMBL
Luteolin,ARL-1,CHEMBL5983,CHEMBL151,IC50,9200.0,nM,5.04,ChEMBL
Luteolin,ARNT-INTERACTING PROTEIN,CHEMBL4261,CHEMBL151,Potency,398.1,nM,6.4,ChEMBL
Luteolin,AROMATASE,CHEMBL1978,CHEMBL151,IC50,1199.5,nM,5.92,ChEMBL
Luteolin,ARP,CHEMBL5983,CHEMBL151,IC50,9200.0,nM,5.04,ChEMBL
Luteolin,ARTD1,CHEMBL3105,CHEMBL151,IC50,4265.8,nM,5.37,ChEMBL
Luteolin,ARTD5,CHEMBL6164,CHEMBL151,IC50,2398.83,nM,5.62,ChEMBL
Luteolin,ARTD6,CHEMBL6154,CHEMBL151,IC50,1071.52,nM,5.97,ChEMBL
Luteolin,ASP 2,CHEMBL4822,CHEMBL151,IC50,520.0,nM,6.28,ChEMBL
Luteolin,ASP2,CHEMBL4822,CHEMBL151,IC50,520.0,nM,6.28,ChEMBL
Luteolin,ASPARTYL PROTEASE 2,CHEMBL4822,CHEMBL151,IC50,520.0,nM,6.28,ChEMBL
Luteolin,ATAD5,CHEMBL1741209,CHEMBL151,Potency,7304.8,nM,,ChEMBL
Luteolin,ATP-BINDING CASSETTE SUB-FAMILY G MEMBER 2,CHEMBL5393,CHEMBL151,IC50,8900.0,nM,5.05,ChEMBL
Luteolin,ATP-DEPENDENT DNA HELICASE Q1,CHEMBL1293236,CHEMBL151,Potency,7943.3,nM,5.1,ChEMBL
Luteolin,ATP-DEPENDENT HELICASE,CHEMBL2146312,CHEMBL151,Potency,10000.0,nM,,ChEMBL
Luteolin,ATPASE,CHEMBL1741209,CHEMBL151,Potency,7304.8,nM,,ChEMBL
Luteolin,ATPASE FAMILY AAA DOMAIN-CONTAINING PROTEIN 5,CHEMBL1741209,CHEMBL151,Potency,7304.8,nM,,ChEMBL
Luteolin,ATTR,CHEMBL3194,CHEMBL151,IC50,6400.0,nM,5.19,ChEMBL
Luteolin,BACE1,CHEMBL4822,CHEMBL151,IC50,520.0,nM,6.28,ChEMBL
Luteolin,BASIC-HELIX-LOOP-HELIX-PAS PROTEIN MOP1,CHEMBL4261,CHEMBL151,Potency,398.1,nM,6.4,ChEMBL
Luteolin,BETA,CHEMBL4662,CHEMBL151,IC50,1300.0,nM,5.89,ChEMBL
Luteolin,BETA-5,CHEMBL4662,CHEMBL151,IC50,1300.0,nM,5.89,ChEMBL
Luteolin,BETA-APP40,CHEMBL2487,CHEMBL151,IC50,6400.0,nM,5.19,ChEMBL
Luteolin,BETA-APP42,CHEMBL2487,CHEMBL151,IC50,6400.0,nM,5.19,ChEMBL
Luteolin,BETA-CTF,CHEMBL2487,CHEMBL151,IC50,6400.0,nM,5.19,ChEMBL
Luteolin,BETA-SECRETASE 1,CHEMBL4822,CHEMBL151,IC50,520.0,nM,6.28,ChEMBL
Luteolin,BETA-SECRETASE C-TERMINAL FRAGMENT,CHEMBL2487,CHEMBL151,IC50,6400.0,nM,5.19,ChEMBL
Luteolin,BETA-SITE AMYLOID PRECURSOR PROTEIN CLEAVING ENZYME 1,CHEMBL4822,CHEMBL151,IC50,520.0,nM,6.28,ChEMBL
Luteolin,BETA-SITE APP CLEAVING ENZYME 1,CHEMBL4822,CHEMBL151,IC50,520.0,nM,6.28,ChEMBL
Luteolin,BHLHE78,CHEMBL4261,CHEMBL151,Potency,398.1,nM,6.4,ChEMBL
Luteolin,BIFUNCTIONAL,CHEMBL2146312,CHEMBL151,Potency,10000.0,nM,,ChEMBL
Luteolin,BIFUNCTIONAL 3'-5' EXONUCLEASE/ATP-DEPENDENT HELICASE WRN,CHEMBL2146312,CHEMBL151,Potency,10000.0,nM,,ChEMBL
Luteolin,BLM,CHEMBL1293237,CHEMBL151,Potency,3827.3,nM,,ChEMBL
Luteolin,BLOOM SYNDROME PROTEIN,CHEMBL1293237,CHEMBL151,Potency,3827.3,nM,,ChEMBL
Luteolin,BONE MARROW SERINE PROTEASE,CHEMBL248,CHEMBL151,Ki,10100.0,nM,5.0,ChEMBL
Luteolin,BREAST CANCER RESISTANCE PROTEIN,CHEMBL5393,CHEMBL151,IC50,8900.0,nM,5.05,ChEMBL
Luteolin,BROAD,CHEMBL5393,CHEMBL151,IC50,8900.0,nM,5.05,ChEMBL
Luteolin,BROAD SUBSTRATE SPECIFICITY ATP-BINDING CASSETTE TRANSPORTER ABCG2,CHEMBL5393,CHEMBL151,IC50,8900.0,nM,5.05,ChEMBL
Luteolin,C31,CHEMBL2487,CHEMBL151,IC50,6400.0,nM,5.19,ChEMBL
Luteolin,C80,CHEMBL2487,CHEMBL151,IC50,6400.0,nM,5.19,ChEMBL
Luteolin,C83,CHEMBL2487,CHEMBL151,IC50,6400.0,nM,5.19,ChEMBL
Luteolin,C99,CHEMBL2487,CHEMBL151,IC50,6400.0,nM,5.19,ChEMBL
Luteolin,CA-I,CHEMBL261,CHEMBL151,Ki,10000.0,nM,,ChEMBL
Luteolin,CA-II,CHEMBL205,CHEMBL151,Ki,3691.6,nM,5.43,ChEMBL
Luteolin,CA-IV,CHEMBL3729,CHEMBL151,Ki,293.0,nM,6.53,ChEMBL
Luteolin,CA-VII,CHEMBL2326,CHEMBL151,Ki,4.7,nM,8.33,ChEMBL
Luteolin,CA-XII,CHEMBL3242,CHEMBL151,Ki,60.3,nM,7.22,ChEMBL
Luteolin,CA1,CHEMBL261,CHEMBL151,Ki,10000.0,nM,,ChEMBL
Luteolin,CA12,CHEMBL3242,CHEMBL151,Ki,60.3,nM,7.22,ChEMBL
Luteolin,CA2,CHEMBL205,CHEMBL151,Ki,3691.6,nM,5.43,ChEMBL
Luteolin,CA4,CHEMBL3729,CHEMBL151,Ki,293.0,nM,6.53,ChEMBL
Luteolin,CA7,CHEMBL2326,CHEMBL151,Ki,4.7,nM,8.33,ChEMBL
Luteolin,CAB,CHEMBL261,CHEMBL151,Ki,10000.0,nM,,ChEMBL
Luteolin,CAC,CHEMBL205,CHEMBL151,Ki,3691.6,nM,5.43,ChEMBL
Luteolin,CADPR HYDROLASE 1,CHEMBL4660,CHEMBL151,IC50,8200.0,nM,5.09,ChEMBL
Luteolin,CARBONATE DEHYDRATASE I,CHEMBL261,CHEMBL151,Ki,10000.0,nM,,ChEMBL
Luteolin,CARBONATE DEHYDRATASE II,CHEMBL205,CHEMBL151,Ki,3691.6,nM,5.43,ChEMBL
Luteolin,CARBONATE DEHYDRATASE IV,CHEMBL3729,CHEMBL151,Ki,293.0,nM,6.53,ChEMBL
Luteolin,CARBONATE DEHYDRATASE VII,CHEMBL2326,CHEMBL151,Ki,4.7,nM,8.33,ChEMBL
Luteolin,CARBONATE DEHYDRATASE XII,CHEMBL3242,CHEMBL151,Ki,60.3,nM,7.22,ChEMBL
Luteolin,CARBONIC,CHEMBL2326,CHEMBL151,Ki,4.7,nM,8.33,ChEMBL
Luteolin,CARBONIC ANHYDRASE 1,CHEMBL261,CHEMBL151,Ki,10000.0,nM,,ChEMBL
Luteolin,CARBONIC ANHYDRASE 12,CHEMBL3242,CHEMBL151,Ki,60.3,nM,7.22,ChEMBL
Luteolin,CARBONIC ANHYDRASE 2,CHEMBL205,CHEMBL151,Ki,3691.6,nM,5.43,ChEMBL
Luteolin,CARBONIC ANHYDRASE 4,CHEMBL3729,CHEMBL151,Ki,293.0,nM,6.53,ChEMBL
Luteolin,CARBONIC ANHYDRASE 7,CHEMBL2326,CHEMBL151,Ki,4.7,nM,8.33,ChEMBL
Luteolin,CARBONIC ANHYDRASE B,CHEMBL261,CHEMBL151,Ki,10000.0,nM,,ChEMBL
Luteolin,CARBONIC ANHYDRASE C,CHEMBL205,CHEMBL151,Ki,3691.6,nM,5.43,ChEMBL
Luteolin,CARBONIC ANHYDRASE I,CHEMBL261,CHEMBL151,Ki,10000.0,nM,,ChEMBL
Luteolin,CARBONIC ANHYDRASE II,CHEMBL205,CHEMBL151,Ki,3691.6,nM,5.43,ChEMBL
Luteolin,CARBONIC ANHYDRASE IV,CHEMBL3729,CHEMBL151,Ki,293.0,nM,6.53,ChEMBL
Luteolin,CARBONIC ANHYDRASE VII,CHEMBL2326,CHEMBL151,Ki,4.7,nM,8.33,ChEMBL
Luteolin,CARBONIC ANHYDRASE XII,CHEMBL3242,CHEMBL151,Ki,60.3,nM,7.22,ChEMBL
Luteolin,CARRIER,CHEMBL1743124,CHEMBL151,IC50,3900.0,nM,5.41,ChEMBL
Luteolin,CASEIN KINASE II ALPHA 1 POLYPEPTIDE PSEUDOGENE,CHEMBL3832943,CHEMBL151,IC50,500.0,nM,6.3,ChEMBL
Luteolin,CASEIN KINASE II SUBUNIT ALPHA,CHEMBL3832943,CHEMBL151,IC50,500.0,nM,6.3,ChEMBL
Luteolin,CASEIN KINASE II SUBUNIT ALPHA 3,CHEMBL3832943,CHEMBL151,IC50,500.0,nM,6.3,ChEMBL
Luteolin,CASEIN KINASE II SUBUNIT ALPHA',CHEMBL3832943,CHEMBL151,IC50,500.0,nM,6.3,ChEMBL
Luteolin,CASEIN KINASE II SUBUNIT BETA,CHEMBL3832943,CHEMBL151,IC50,500.0,nM,6.3,ChEMBL
Luteolin,CASSETTE,CHEMBL5393,CHEMBL151,IC50,8900.0,nM,5.05,ChEMBL
Luteolin,CBF-ALPHA-2,CHEMBL2093862,CHEMBL151,Potency,10000.0,nM,,ChEMBL
Luteolin,CBF-BETA,CHEMBL2093862,CHEMBL151,Potency,10000.0,nM,,ChEMBL
Luteolin,CBFB,CHEMBL2093862,CHEMBL151,Potency,10000.0,nM,,ChEMBL
Luteolin,CCNB1,CHEMBL2094127,CHEMBL151,IC50,6200.0,nM,5.21,ChEMBL
Luteolin,CCNB2,CHEMBL2094127,CHEMBL151,IC50,6200.0,nM,5.21,ChEMBL
Luteolin,CCNB3,CHEMBL2094127,CHEMBL151,IC50,6200.0,nM,5.21,ChEMBL
Luteolin,CD38,CHEMBL4660,CHEMBL151,IC50,8200.0,nM,5.09,ChEMBL
Luteolin,CDK1,CHEMBL2094127,CHEMBL151,IC50,6200.0,nM,5.21,ChEMBL
Luteolin,CDK5,CHEMBL1907600,CHEMBL151,IC50,3800.0,nM,5.42,ChEMBL
Luteolin,CDK5 ACTIVATOR 1,CHEMBL1907600,CHEMBL151,IC50,3800.0,nM,5.42,ChEMBL
Luteolin,CDK5R1,CHEMBL1907600,CHEMBL151,IC50,3800.0,nM,5.42,ChEMBL
Luteolin,CDW338,CHEMBL5393,CHEMBL151,IC50,8900.0,nM,5.05,ChEMBL
Luteolin,CD_ANTIGEN=CD135,CHEMBL1974,CHEMBL151,IC50,830.0,nM,6.08,ChEMBL
Luteolin,CD_ANTIGEN=CD26,CHEMBL284,CHEMBL151,IC50,120.0,nM,6.92,ChEMBL
Luteolin,CD_ANTIGEN=CD338,CHEMBL5393,CHEMBL151,IC50,8900.0,nM,5.05,ChEMBL
Luteolin,CD_ANTIGEN=CD38,CHEMBL4660,CHEMBL151,IC50,8200.0,nM,5.09,ChEMBL
Luteolin,CELL DIVISION CONTROL PROTEIN 2 HOMOLOG,CHEMBL2094127,CHEMBL151,IC50,6200.0,nM,5.21,ChEMBL
Luteolin,CELL DIVISION PROTEIN KINASE 1,CHEMBL2094127,CHEMBL151,IC50,6200.0,nM,5.21,ChEMBL
Luteolin,CELL DIVISION PROTEIN KINASE 5,CHEMBL1907600,CHEMBL151,IC50,3800.0,nM,5.42,ChEMBL
Luteolin,CELLULAR,CHEMBL4096,CHEMBL151,Potency,3162.3,nM,5.5,ChEMBL
Luteolin,CELLULAR TUMOR ANTIGEN P53,CHEMBL4096,CHEMBL151,Potency,3162.3,nM,5.5,ChEMBL
Luteolin,CEREBRAL VASCULAR AMYLOID PEPTIDE,CHEMBL2487,CHEMBL151,IC50,6400.0,nM,5.19,ChEMBL
Luteolin,CHANNEL,CHEMBL1250411,CHEMBL151,IC50,10000.0,nM,,ChEMBL
Luteolin,CHOLESTEROL 25-HYDROXYLASE,CHEMBL3356,CHEMBL151,IC50,3370.0,nM,5.47,ChEMBL
Luteolin,CHROMOSOME FRAGILITY-ASSOCIATED GENE 1 PROTEIN,CHEMBL1741209,CHEMBL151,Potency,7304.8,nM,,ChEMBL
Luteolin,CK II ALPHA,CHEMBL3832943,CHEMBL151,IC50,500.0,nM,6.3,ChEMBL
Luteolin,CK II ALPHA 3,CHEMBL3832943,CHEMBL151,IC50,500.0,nM,6.3,ChEMBL
Luteolin,CK II ALPHA',CHEMBL3832943,CHEMBL151,IC50,500.0,nM,6.3,ChEMBL
Luteolin,CK II BETA,CHEMBL3988629,CHEMBL151,IC50,500.0,nM,6.3,ChEMBL
Luteolin,CLASS E BASIC HELIX-LOOP-HELIX PROTEIN 78,CHEMBL4261,CHEMBL151,Potency,398.1,nM,6.4,ChEMBL
Luteolin,COLLAGENASE,CHEMBL333,CHEMBL151,IC50,3610.0,nM,5.44,ChEMBL
Luteolin,COLLAGENASE 3,CHEMBL280,CHEMBL151,IC50,10050.0,nM,5.0,ChEMBL
Luteolin,COMPONENT OF GEMS 1,CHEMBL1293232,CHEMBL151,Potency,8912.5,nM,5.05,ChEMBL
Luteolin,CORE-BINDING FACTOR SUBUNIT ALPHA-2,CHEMBL2093862,CHEMBL151,Potency,10000.0,nM,,ChEMBL
Luteolin,CORE-BINDING FACTOR SUBUNIT BETA,CHEMBL2093862,CHEMBL151,Potency,10000.0,nM,,ChEMBL
Luteolin,COUPLED,CHEMBL1293267,CHEMBL151,EC50,7240.0,nM,5.14,ChEMBL
Luteolin,CSNK2A1,CHEMBL3988629,CHEMBL151,IC50,500.0,nM,6.3,ChEMBL
Luteolin,CSNK2A2,CHEMBL3832943,CHEMBL151,IC50,500.0,nM,6.3,ChEMBL
Luteolin,CSNK2A3,CHEMBL3832943,CHEMBL151,IC50,500.0,nM,6.3,ChEMBL
Luteolin,CSNK2B,CHEMBL3832943,CHEMBL151,IC50,500.0,nM,6.3,ChEMBL
Luteolin,CVAP,CHEMBL2487,CHEMBL151,IC50,6400.0,nM,5.19,ChEMBL
Luteolin,CYANAMIDE HYDRATASE CA1,CHEMBL261,CHEMBL151,Ki,10000.0,nM,,ChEMBL
Luteolin,CYANAMIDE HYDRATASE CA2,CHEMBL205,CHEMBL151,Ki,3691.6,nM,5.43,ChEMBL
Luteolin,CYCLIC ADP-RIBOSE HYDROLASE 1,CHEMBL4660,CHEMBL151,IC50,8200.0,nM,5.09,ChEMBL
Luteolin,CYCLIN-DEPENDENT KINASE 1,CHEMBL2094127,CHEMBL151,IC50,6200.0,nM,5.21,ChEMBL
Luteolin,CYCLIN-DEPENDENT KINASE 5,CHEMBL1907600,CHEMBL151,IC50,3800.0,nM,5.42,ChEMBL
Luteolin,CYCLIN-DEPENDENT KINASE 5 ACTIVATOR 1,CHEMBL1907600,CHEMBL151,IC50,3800.0,nM,5.42,ChEMBL
Luteolin,"CYCLIN-DEPENDENT KINASE 5 ACTIVATOR 1, P25",CHEMBL1907600,CHEMBL151,IC50,3800.0,nM,5.42,ChEMBL
Luteolin,"CYCLIN-DEPENDENT KINASE 5 ACTIVATOR 1, P35",CHEMBL1907600,CHEMBL151,IC50,3800.0,nM,5.42,ChEMBL
Luteolin,CYCLIN-DEPENDENT KINASE 5 REGULATORY SUBUNIT 1,CHEMBL1907600,CHEMBL151,IC50,3800.0,nM,5.42,ChEMBL
Luteolin,CYCLIN-DEPENDENT-LIKE KINASE 5,CHEMBL1907600,CHEMBL151,IC50,3800.0,nM,5.42,ChEMBL
Luteolin,CYP19A1,CHEMBL1978,CHEMBL151,IC50,1199.5,nM,5.92,ChEMBL
Luteolin,CYP1A1,CHEMBL2231,CHEMBL151,IC50,1249.0,nM,5.9,ChEMBL
Luteolin,CYP1A2,CHEMBL3356,CHEMBL151,IC50,3370.0,nM,5.47,ChEMBL
Luteolin,CYP1B1,CHEMBL4878,CHEMBL151,IC50,79.0,nM,7.1,ChEMBL
Luteolin,CYP3A4,CHEMBL340,CHEMBL151,Potency,5011.9,nM,5.3,ChEMBL
Luteolin,CYPIA1,CHEMBL2231,CHEMBL151,IC50,1249.0,nM,5.9,ChEMBL
Luteolin,CYPIA2,CHEMBL3356,CHEMBL151,IC50,3370.0,nM,5.47,ChEMBL
Luteolin,CYPIB1,CHEMBL4878,CHEMBL151,IC50,79.0,nM,7.1,ChEMBL
Luteolin,CYPIIIA3,CHEMBL340,CHEMBL151,Potency,5011.9,nM,5.3,ChEMBL
Luteolin,CYPIIIA4,CHEMBL340,CHEMBL151,Potency,5011.9,nM,5.3,ChEMBL
Luteolin,CYPXIX,CHEMBL1978,CHEMBL151,IC50,1199.5,nM,5.92,ChEMBL
Luteolin,CYTOCHROME,CHEMBL4878,CHEMBL151,IC50,79.0,nM,7.1,ChEMBL
Luteolin,CYTOCHROME P(3)450,CHEMBL3356,CHEMBL151,IC50,3370.0,nM,5.47,ChEMBL
Luteolin,CYTOCHROME P-450AROM,CHEMBL1978,CHEMBL151,IC50,1199.5,nM,5.92,ChEMBL
Luteolin,CYTOCHROME P450 19A1,CHEMBL1978,CHEMBL151,IC50,1199.5,nM,5.92,ChEMBL
Luteolin,CYTOCHROME P450 1A1,CHEMBL2231,CHEMBL151,IC50,1249.0,nM,5.9,ChEMBL
Luteolin,CYTOCHROME P450 1A2,CHEMBL3356,CHEMBL151,IC50,3370.0,nM,5.47,ChEMBL
Luteolin,CYTOCHROME P450 1B1,CHEMBL4878,CHEMBL151,IC50,79.0,nM,7.1,ChEMBL
Luteolin,CYTOCHROME P450 3A3,CHEMBL340,CHEMBL151,Potency,5011.9,nM,5.3,ChEMBL
Luteolin,CYTOCHROME P450 3A4,CHEMBL340,CHEMBL151,Potency,5011.9,nM,5.3,ChEMBL
Luteolin,CYTOCHROME P450 4,CHEMBL3356,CHEMBL151,IC50,3370.0,nM,5.47,ChEMBL
Luteolin,CYTOCHROME P450 FORM 6,CHEMBL2231,CHEMBL151,IC50,1249.0,nM,5.9,ChEMBL
Luteolin,CYTOCHROME P450 HLP,CHEMBL340,CHEMBL151,Potency,5011.9,nM,5.3,ChEMBL
Luteolin,CYTOCHROME P450 NF-25,CHEMBL340,CHEMBL151,Potency,5011.9,nM,5.3,ChEMBL
Luteolin,CYTOCHROME P450-C,CHEMBL2231,CHEMBL151,IC50,1249.0,nM,5.9,ChEMBL
Luteolin,CYTOCHROME P450-P1,CHEMBL2231,CHEMBL151,IC50,1249.0,nM,5.9,ChEMBL
Luteolin,CYTOCHROME P450-P3,CHEMBL3356,CHEMBL151,IC50,3370.0,nM,5.47,ChEMBL
Luteolin,CYTOCHROME P450-PCN1,CHEMBL340,CHEMBL151,Potency,5011.9,nM,5.3,ChEMBL
Luteolin,DA TRANSPORTER,CHEMBL338,CHEMBL151,EC50,1450.0,nM,5.84,ChEMBL
Luteolin,DAT,CHEMBL338,CHEMBL151,EC50,1450.0,nM,5.84,ChEMBL
Luteolin,DEACETYLASE,CHEMBL1865,CHEMBL151,IC50,1438.0,nM,5.84,ChEMBL
Luteolin,DEACYLASE,CHEMBL2163182,CHEMBL151,IC50,1900.0,nM,5.72,ChEMBL
Luteolin,DEHYDRATASE,CHEMBL4512,CHEMBL151,IC50,5000.0,nM,5.3,ChEMBL
Luteolin,DEHYDROGENASE,CHEMBL3577,CHEMBL151,Potency,8912.5,nM,5.05,ChEMBL
Luteolin,DEMETHYLASE,CHEMBL1293226,CHEMBL151,Potency,8912.5,nM,5.05,ChEMBL
Luteolin,DINB PROTEIN,CHEMBL5365,CHEMBL151,Potency,6309.6,nM,,ChEMBL
Luteolin,DINP,CHEMBL5365,CHEMBL151,Potency,6309.6,nM,,ChEMBL
Luteolin,DIOXYGENASE,CHEMBL2331065,CHEMBL151,IC50,7500.0,nM,5.12,ChEMBL
Luteolin,DIPEPTIDYL,CHEMBL284,CHEMBL151,IC50,120.0,nM,6.92,ChEMBL
Luteolin,DIPEPTIDYL PEPTIDASE 4,CHEMBL284,CHEMBL151,IC50,120.0,nM,6.92,ChEMBL
Luteolin,DIPEPTIDYL PEPTIDASE 4 MEMBRANE FORM,CHEMBL284,CHEMBL151,IC50,120.0,nM,6.92,ChEMBL
Luteolin,DIPEPTIDYL PEPTIDASE 4 SOLUBLE FORM,CHEMBL284,CHEMBL151,IC50,120.0,nM,6.92,ChEMBL
Luteolin,DIPEPTIDYL PEPTIDASE IV,CHEMBL284,CHEMBL151,IC50,120.0,nM,6.92,ChEMBL
Luteolin,DIPEPTIDYL PEPTIDASE IV MEMBRANE FORM,CHEMBL284,CHEMBL151,IC50,120.0,nM,6.92,ChEMBL
Luteolin,DIPEPTIDYL PEPTIDASE IV SOLUBLE FORM,CHEMBL284,CHEMBL151,IC50,120.0,nM,6.92,ChEMBL
Luteolin,DISINTEGRIN,CHEMBL2318,CHEMBL151,IC50,9800.0,nM,5.01,ChEMBL
Luteolin,DNA,CHEMBL1075164,CHEMBL151,IC50,660.0,nM,6.18,ChEMBL
Luteolin,DNA 3'-5' HELICASE BLM,CHEMBL1293237,CHEMBL151,Potency,3827.3,nM,,ChEMBL
Luteolin,DNA 3'-5' HELICASE Q1,CHEMBL1293236,CHEMBL151,Potency,7943.3,nM,5.1,ChEMBL
Luteolin,DNA 3'-5' HELICASE WRN,CHEMBL2146312,CHEMBL151,Potency,10000.0,nM,,ChEMBL
Luteolin,DNA ADP-RIBOSYLTRANSFERASE PARP1,CHEMBL3105,CHEMBL151,IC50,4265.8,nM,5.37,ChEMBL
Luteolin,"DNA HELICASE, RECQ-LIKE TYPE 1",CHEMBL1293236,CHEMBL151,Potency,7943.3,nM,5.1,ChEMBL
Luteolin,"DNA HELICASE, RECQ-LIKE TYPE 2",CHEMBL1293237,CHEMBL151,Potency,3827.3,nM,,ChEMBL
Luteolin,"DNA HELICASE, RECQ-LIKE TYPE 3",CHEMBL2146312,CHEMBL151,Potency,10000.0,nM,,ChEMBL
Luteolin,DNA POLYMERASE BETA,CHEMBL2392,CHEMBL151,Potency,7079.5,nM,5.15,ChEMBL
Luteolin,DNA POLYMERASE ETA,CHEMBL5542,CHEMBL151,Potency,3162.3,nM,,ChEMBL
Luteolin,DNA POLYMERASE IOTA,CHEMBL5391,CHEMBL151,Potency,3981.1,nM,,ChEMBL
Luteolin,DNA POLYMERASE KAPPA,CHEMBL5365,CHEMBL151,Potency,6309.6,nM,,ChEMBL
Luteolin,DNA REPAIR NUCLEASE/REDOX REGULATOR APEX1,CHEMBL5619,CHEMBL151,Potency,5011.9,nM,,ChEMBL
Luteolin,"DNA REPAIR NUCLEASE/REDOX REGULATOR APEX1, MITOCHONDRIAL",CHEMBL5619,CHEMBL151,Potency,5011.9,nM,,ChEMBL
Luteolin,DNA TOPOISOMERASE 1,CHEMBL1075164,CHEMBL151,IC50,660.0,nM,6.18,ChEMBL
Luteolin,DNA TOPOISOMERASE I,CHEMBL1075164,CHEMBL151,IC50,660.0,nM,6.18,ChEMBL
Luteolin,DNA-(APURINIC OR APYRIMIDINIC SITE) ENDONUCLEASE,CHEMBL5619,CHEMBL151,Potency,5011.9,nM,,ChEMBL
Luteolin,DNA-DEPENDENT ATPASE Q1,CHEMBL1293236,CHEMBL151,Potency,7943.3,nM,5.1,ChEMBL
Luteolin,DOPAMINE,CHEMBL338,CHEMBL151,EC50,1450.0,nM,5.84,ChEMBL
Luteolin,DPP IV,CHEMBL284,CHEMBL151,IC50,120.0,nM,6.92,ChEMBL
Luteolin,DPP4,CHEMBL284,CHEMBL151,IC50,120.0,nM,6.92,ChEMBL
Luteolin,E3 UBIQUITIN-PROTEIN LIGASE HDAC6,CHEMBL1865,CHEMBL151,IC50,1438.0,nM,5.84,ChEMBL
Luteolin,EHMT2,CHEMBL6032,CHEMBL151,Potency,10000.0,nM,,ChEMBL
Luteolin,ELANE,CHEMBL248,CHEMBL151,Ki,10100.0,nM,5.0,ChEMBL
Luteolin,ELASTASE,CHEMBL248,CHEMBL151,Ki,10100.0,nM,5.0,ChEMBL
Luteolin,ELASTASE-2,CHEMBL248,CHEMBL151,Ki,10100.0,nM,5.0,ChEMBL
Luteolin,ENDOPLASMIC RETICULUM-ASSOCIATED AMYLOID BETA-PEPTIDE-BINDING PROTEIN,CHEMBL4159,CHEMBL151,Potency,10000.0,nM,5.0,ChEMBL
Luteolin,ENOYL-ACYL-CARRIER PROTEIN REDUCTASE,CHEMBL4150,CHEMBL151,IC50,2000.0,nM,5.7,ChEMBL
Luteolin,ENOYL-[ACYL-CARRIER-PROTEIN] REDUCTASE [NADH] FABI,CHEMBL1857,CHEMBL151,Ki,7050.0,nM,5.15,ChEMBL
Luteolin,ENR,CHEMBL1857,CHEMBL151,Ki,7050.0,nM,5.15,ChEMBL
Luteolin,ESTROGEN SYNTHASE,CHEMBL1978,CHEMBL151,IC50,1199.5,nM,5.92,ChEMBL
Luteolin,ETA,CHEMBL5542,CHEMBL151,Potency,3162.3,nM,,ChEMBL
Luteolin,ETA2,CHEMBL5391,CHEMBL151,Potency,3981.1,nM,,ChEMBL
Luteolin,EUCHROMATIC HISTONE-LYSINE N-METHYLTRANSFERASE 2,CHEMBL6032,CHEMBL151,Potency,10000.0,nM,,ChEMBL
Luteolin,EXON,CHEMBL4523582,CHEMBL151,IC50,4600.0,nM,5.34,ChEMBL
Luteolin,FABG,CHEMBL4513,CHEMBL151,IC50,4000.0,nM,5.4,ChEMBL
Luteolin,FABI,CHEMBL4150,CHEMBL151,IC50,2000.0,nM,5.7,ChEMBL
Luteolin,FABZ,CHEMBL4512,CHEMBL151,IC50,5000.0,nM,5.3,ChEMBL
Luteolin,FACTOR,CHEMBL4261,CHEMBL151,Potency,398.1,nM,6.4,ChEMBL
Luteolin,FAMILY,CHEMBL1900,CHEMBL151,IC50,600.0,nM,6.22,ChEMBL
Luteolin,FAT MASS AND OBESITY-ASSOCIATED PROTEIN,CHEMBL2331065,CHEMBL151,IC50,7500.0,nM,5.12,ChEMBL
Luteolin,FATTY,CHEMBL215,CHEMBL151,IC50,1600.0,nM,5.8,ChEMBL
Luteolin,FETAL LIVER KINASE-2,CHEMBL1974,CHEMBL151,IC50,830.0,nM,6.08,ChEMBL
Luteolin,FL CYTOKINE RECEPTOR,CHEMBL1974,CHEMBL151,IC50,830.0,nM,6.08,ChEMBL
Luteolin,FLK-2,CHEMBL1974,CHEMBL151,IC50,830.0,nM,6.08,ChEMBL
Luteolin,FLT-3,CHEMBL1974,CHEMBL151,IC50,830.0,nM,6.08,ChEMBL
Luteolin,FLT3,CHEMBL1974,CHEMBL151,IC50,830.0,nM,6.08,ChEMBL
Luteolin,FMS-LIKE TYROSINE KINASE 3,CHEMBL1974,CHEMBL151,IC50,830.0,nM,6.08,ChEMBL
Luteolin,FTO,CHEMBL2331065,CHEMBL151,IC50,7500.0,nM,5.12,ChEMBL
Luteolin,G-PROTEIN COUPLED RECEPTOR 35,CHEMBL1293267,CHEMBL151,EC50,7240.0,nM,5.14,ChEMBL
Luteolin,G2/MITOTIC-SPECIFIC CYCLIN-B1,CHEMBL2094127,CHEMBL151,IC50,6200.0,nM,5.21,ChEMBL
Luteolin,G2/MITOTIC-SPECIFIC CYCLIN-B2,CHEMBL2094127,CHEMBL151,IC50,6200.0,nM,5.21,ChEMBL
Luteolin,G2/MITOTIC-SPECIFIC CYCLIN-B3,CHEMBL2094127,CHEMBL151,IC50,6200.0,nM,5.21,ChEMBL
Luteolin,GAG-POL POLYPROTEIN,CHEMBL3471,CHEMBL151,IC50,8900.0,nM,5.05,ChEMBL
Luteolin,GAMMA,CHEMBL2459,CHEMBL151,EC50,2300.0,nM,5.64,ChEMBL
Luteolin,GAMMA-CTF(50),CHEMBL2487,CHEMBL151,IC50,6400.0,nM,5.19,ChEMBL
Luteolin,GAMMA-CTF(57),CHEMBL2487,CHEMBL151,IC50,6400.0,nM,5.19,ChEMBL
Luteolin,GAMMA-CTF(59),CHEMBL2487,CHEMBL151,IC50,6400.0,nM,5.19,ChEMBL
Luteolin,GAMMA-SECRETASE C-TERMINAL FRAGMENT 50,CHEMBL2487,CHEMBL151,IC50,6400.0,nM,5.19,ChEMBL
Luteolin,GAMMA-SECRETASE C-TERMINAL FRAGMENT 57,CHEMBL2487,CHEMBL151,IC50,6400.0,nM,5.19,ChEMBL
Luteolin,GAMMA-SECRETASE C-TERMINAL FRAGMENT 59,CHEMBL2487,CHEMBL151,IC50,6400.0,nM,5.19,ChEMBL
Luteolin,GELATINASE A,CHEMBL333,CHEMBL151,IC50,3610.0,nM,5.44,ChEMBL
Luteolin,GELATINASE B,CHEMBL321,CHEMBL151,IC50,5620.0,nM,5.25,ChEMBL
Luteolin,GELB,CHEMBL321,CHEMBL151,IC50,5620.0,nM,5.25,ChEMBL
Luteolin,GEMIN-1,CHEMBL1293232,CHEMBL151,Potency,8912.5,nM,5.05,ChEMBL
Luteolin,GEMININ,CHEMBL1293278,CHEMBL151,Potency,3662.6,nM,,ChEMBL
Luteolin,GFL,CHEMBL4523582,CHEMBL151,IC50,4600.0,nM,5.34,ChEMBL
Luteolin,GLO1,CHEMBL2424,CHEMBL151,IC50,7700.0,nM,5.11,ChEMBL
Luteolin,GLUTAMINYL-PEPTIDE CYCLOTRANSFERASE-LIKE PROTEIN,CHEMBL3638349,CHEMBL151,Kd,9400.0,nM,5.03,ChEMBL
Luteolin,GLX I,CHEMBL2424,CHEMBL151,IC50,7700.0,nM,5.11,ChEMBL
Luteolin,GLYCOGEN,CHEMBL262,CHEMBL151,IC50,1500.0,nM,5.82,ChEMBL
Luteolin,GLYCOGEN SYNTHASE KINASE-3 ALPHA,CHEMBL2095188,CHEMBL151,IC50,800.0,nM,6.1,ChEMBL
Luteolin,GLYCOGEN SYNTHASE KINASE-3 BETA,CHEMBL2095188,CHEMBL151,IC50,800.0,nM,6.1,ChEMBL
Luteolin,GLYOXALASE I,CHEMBL2424,CHEMBL151,IC50,7700.0,nM,5.11,ChEMBL
Luteolin,GMNN,CHEMBL1293278,CHEMBL151,Potency,3662.6,nM,,ChEMBL
Luteolin,GOLGI-RESIDENT GLUTAMINYL-PEPTIDE CYCLOTRANSFERASE,CHEMBL3638349,CHEMBL151,Kd,9400.0,nM,5.03,ChEMBL
Luteolin,GPR35,CHEMBL1293267,CHEMBL151,EC50,7240.0,nM,5.14,ChEMBL
Luteolin,GQC,CHEMBL3638349,CHEMBL151,Kd,9400.0,nM,5.03,ChEMBL
Luteolin,GROWTH FACTOR-LIKE PEPTIDE,CHEMBL4523582,CHEMBL151,IC50,4600.0,nM,5.34,ChEMBL
Luteolin,GSK-3 ALPHA,CHEMBL2095188,CHEMBL151,IC50,800.0,nM,6.1,ChEMBL
Luteolin,GSK-3 BETA,CHEMBL2095188,CHEMBL151,IC50,800.0,nM,6.1,ChEMBL
Luteolin,GSK3A,CHEMBL2095188,CHEMBL151,IC50,800.0,nM,6.1,ChEMBL
Luteolin,GSK3B,CHEMBL2095188,CHEMBL151,IC50,800.0,nM,6.1,ChEMBL
Luteolin,GUANINE-N7 METHYLTRANSFERASE NSP14,CHEMBL4523582,CHEMBL151,IC50,4600.0,nM,5.34,ChEMBL
Luteolin,H3-K4-HMTASE SETD7,CHEMBL5523,CHEMBL151,IC50,6080.0,nM,5.22,ChEMBL
Luteolin,H3-K9-HMTASE 3,CHEMBL6032,CHEMBL151,Potency,10000.0,nM,,ChEMBL
Luteolin,H9C2,CHEMBL614576,CHEMBL151,EC50,5530.0,nM,5.26,ChEMBL
Luteolin,HARP,CHEMBL5983,CHEMBL151,IC50,9200.0,nM,5.04,ChEMBL
Luteolin,HDAC6,CHEMBL1865,CHEMBL151,IC50,1438.0,nM,5.84,ChEMBL
Luteolin,HEL,CHEMBL4523582,CHEMBL151,IC50,4600.0,nM,5.34,ChEMBL
Luteolin,HELICASE,CHEMBL1293236,CHEMBL151,Potency,7943.3,nM,5.1,ChEMBL
Luteolin,HELICASE NSP13,CHEMBL4523582,CHEMBL151,IC50,4600.0,nM,5.34,ChEMBL
Luteolin,HEPATITIS C VIRUS,CHEMBL379,CHEMBL151,EC50,4700.0,nM,5.33,ChEMBL
Luteolin,HEPOXILIN A3 SYNTHASE ALOX15,CHEMBL2903,CHEMBL151,Potency,2511.9,nM,5.6,ChEMBL
Luteolin,HIF-1-ALPHA,CHEMBL4261,CHEMBL151,Potency,398.1,nM,6.4,ChEMBL
Luteolin,HIF1-ALPHA,CHEMBL4261,CHEMBL151,Potency,398.1,nM,6.4,ChEMBL
Luteolin,HIF1A,CHEMBL4261,CHEMBL151,Potency,398.1,nM,6.4,ChEMBL
Luteolin,HISTONE H3-K4 METHYLTRANSFERASE SETD7,CHEMBL5523,CHEMBL151,IC50,6080.0,nM,5.22,ChEMBL
Luteolin,HISTONE H3-K9 METHYLTRANSFERASE 3,CHEMBL6032,CHEMBL151,Potency,10000.0,nM,,ChEMBL
Luteolin,HISTONE-LYSINE N-METHYLTRANSFERASE EHMT2,CHEMBL6032,CHEMBL151,Potency,10000.0,nM,,ChEMBL
Luteolin,HISTONE-LYSINE N-METHYLTRANSFERASE SETD7,CHEMBL5523,CHEMBL151,IC50,6080.0,nM,5.22,ChEMBL
Luteolin,HLA-B-ASSOCIATED TRANSCRIPT 8,CHEMBL6032,CHEMBL151,Potency,10000.0,nM,,ChEMBL
Luteolin,HLE,CHEMBL248,CHEMBL151,Ki,10100.0,nM,5.0,ChEMBL
Luteolin,HME,CHEMBL4393,CHEMBL151,IC50,980.0,nM,6.01,ChEMBL
Luteolin,HMETTL14,CHEMBL4106140,CHEMBL151,IC50,6230.0,nM,5.21,ChEMBL
Luteolin,HMETTL3,CHEMBL4106140,CHEMBL151,IC50,6230.0,nM,5.21,ChEMBL
Luteolin,HOST TRANSLATION INHIBITOR NSP1,CHEMBL4523582,CHEMBL151,IC50,4600.0,nM,5.34,ChEMBL
Luteolin,HSD17B10,CHEMBL4159,CHEMBL151,Potency,10000.0,nM,5.0,ChEMBL
Luteolin,HSIRT6,CHEMBL2163182,CHEMBL151,IC50,1900.0,nM,5.72,ChEMBL
Luteolin,HTRP-5,CHEMBL1250411,CHEMBL151,IC50,10000.0,nM,,ChEMBL
Luteolin,HTRP5,CHEMBL1250411,CHEMBL151,IC50,10000.0,nM,,ChEMBL
Luteolin,HUMAN IMMUNODEFICIENCY VIRUS 1,CHEMBL378,CHEMBL151,EC50,10000.0,nM,5.0,ChEMBL
Luteolin,HUMAN LEUKOCYTE ELASTASE,CHEMBL248,CHEMBL151,Ki,10100.0,nM,5.0,ChEMBL
Luteolin,HYDROLASE,CHEMBL4660,CHEMBL151,IC50,8200.0,nM,5.09,ChEMBL
Luteolin,HYDROPEROXY ICOSATETRAENOATE DEHYDRATASE,CHEMBL4878,CHEMBL151,IC50,79.0,nM,7.1,ChEMBL
Luteolin,HYPOXIA-INDUCIBLE FACTOR 1-ALPHA,CHEMBL4261,CHEMBL151,Potency,398.1,nM,6.4,ChEMBL
Luteolin,INFLUENZA A VIRUS,CHEMBL613740,CHEMBL151,IC50,6820.0,nM,5.17,ChEMBL
Luteolin,INOSITOL,CHEMBL4523488,CHEMBL151,IC50,1300.0,nM,5.89,ChEMBL
Luteolin,"INOSITOL 1,3,4,6-TETRAKISPHOSPHATE 5-KINASE",CHEMBL4523401,CHEMBL151,IC50,5500.0,nM,5.26,ChEMBL
Luteolin,INOSITOL HEXAKISPHOSPHATE KINASE 2,CHEMBL4523488,CHEMBL151,IC50,1300.0,nM,5.89,ChEMBL
Luteolin,INOSITOL POLYPHOSPHATE MULTIKINASE,CHEMBL4523401,CHEMBL151,IC50,5500.0,nM,5.26,ChEMBL
Luteolin,INSP6 KINASE 2,CHEMBL4523488,CHEMBL151,IC50,1300.0,nM,5.89,ChEMBL
Luteolin,INSP6K2,CHEMBL4523488,CHEMBL151,IC50,1300.0,nM,5.89,ChEMBL
Luteolin,INSULIN-STIMULATED PROTEIN KINASE 1,CHEMBL2345,CHEMBL151,IC50,4420.0,nM,5.36,ChEMBL
Luteolin,IOTA,CHEMBL5391,CHEMBL151,Potency,3981.1,nM,,ChEMBL
Luteolin,IP6K2,CHEMBL4523488,CHEMBL151,IC50,1300.0,nM,5.89,ChEMBL
Luteolin,IPMK,CHEMBL4523401,CHEMBL151,IC50,5500.0,nM,5.26,ChEMBL
Luteolin,ISOQC,CHEMBL3638349,CHEMBL151,Kd,9400.0,nM,5.03,ChEMBL
Luteolin,ISPK-1,CHEMBL2345,CHEMBL151,IC50,4420.0,nM,5.36,ChEMBL
Luteolin,IV,CHEMBL333,CHEMBL151,IC50,3610.0,nM,5.44,ChEMBL
Luteolin,KAPPA,CHEMBL5365,CHEMBL151,Potency,6309.6,nM,,ChEMBL
Luteolin,KDA,CHEMBL333,CHEMBL151,IC50,3610.0,nM,5.44,ChEMBL
Luteolin,KDM4D-LIKE PROTEIN,CHEMBL1293226,CHEMBL151,Potency,8912.5,nM,5.05,ChEMBL
Luteolin,KDM4E,CHEMBL1293226,CHEMBL151,Potency,8912.5,nM,5.05,ChEMBL
Luteolin,KETONE-ALDEHYDE MUTASE,CHEMBL2424,CHEMBL151,IC50,7700.0,nM,5.11,ChEMBL
Luteolin,KIDNEY OXIDASE-1,CHEMBL1250375,CHEMBL151,IC50,850.0,nM,6.07,ChEMBL
Luteolin,KIDNEY SUPEROXIDE-PRODUCING NADPH OXIDASE,CHEMBL1250375,CHEMBL151,IC50,850.0,nM,6.07,ChEMBL
Luteolin,KINASE,CHEMBL4718,CHEMBL151,IC50,179.0,nM,6.75,ChEMBL
Luteolin,KOX-1,CHEMBL1250375,CHEMBL151,IC50,850.0,nM,6.07,ChEMBL
Luteolin,KYNA RECEPTOR,CHEMBL1293267,CHEMBL151,EC50,7240.0,nM,5.14,ChEMBL
Luteolin,KYNURENIC ACID RECEPTOR,CHEMBL1293267,CHEMBL151,EC50,7240.0,nM,5.14,ChEMBL
Luteolin,L-1,CHEMBL4586,CHEMBL151,IC50,3200.0,nM,5.5,ChEMBL
Luteolin,LACTOYLGLUTATHIONE LYASE,CHEMBL2424,CHEMBL151,IC50,7700.0,nM,5.11,ChEMBL
Luteolin,LAMIN-A/C,CHEMBL1293235,CHEMBL151,Potency,3162.3,nM,5.5,ChEMBL
Luteolin,LEADER PROTEIN,CHEMBL4523582,CHEMBL151,IC50,4600.0,nM,5.34,ChEMBL
Luteolin,LEF,CHEMBL4372,CHEMBL151,Potency,1000.0,nM,6.0,ChEMBL
Luteolin,LEISHMANIA DONOVANI,CHEMBL367,CHEMBL151,IC50,7700.0,nM,5.11,ChEMBL
Luteolin,LETHAL,CHEMBL4372,CHEMBL151,Potency,1000.0,nM,6.0,ChEMBL
Luteolin,LETHAL FACTOR,CHEMBL4372,CHEMBL151,Potency,1000.0,nM,6.0,ChEMBL
Luteolin,LINOLEATE,CHEMBL4586,CHEMBL151,IC50,3200.0,nM,5.5,ChEMBL
Luteolin,LINOLEATE (13S)-LIPOXYGENASE,CHEMBL3687,CHEMBL151,Potency,2511.9,nM,5.6,ChEMBL
Luteolin,LINOLEATE 13-LIPOXYGENASE 15-LOB,CHEMBL2457,CHEMBL151,Potency,10000.0,nM,,ChEMBL
Luteolin,LINOLEATE 13S-LIPOXYGENASE,CHEMBL2903,CHEMBL151,Potency,2511.9,nM,5.6,ChEMBL
Luteolin,LIPOXIN SYNTHASE 12-LO,CHEMBL3687,CHEMBL151,Potency,2511.9,nM,5.6,ChEMBL
Luteolin,LIPOXYGENASE,CHEMBL3687,CHEMBL151,Potency,2511.9,nM,5.6,ChEMBL
Luteolin,LIPOXYGENASE-1,CHEMBL4586,CHEMBL151,IC50,3200.0,nM,5.5,ChEMBL
Luteolin,LIVER-TYPE ARGINASE,CHEMBL3232699,CHEMBL151,IC50,9000.0,nM,5.05,ChEMBL
Luteolin,LMNA,CHEMBL1293235,CHEMBL151,Potency,3162.3,nM,5.5,ChEMBL
Luteolin,LNCAP,CHEMBL612518,CHEMBL151,IC50,5000.0,nM,5.3,ChEMBL
Luteolin,LOX1.1,CHEMBL4586,CHEMBL151,IC50,3200.0,nM,5.5,ChEMBL
Luteolin,LYASE,CHEMBL2424,CHEMBL151,IC50,7700.0,nM,5.11,ChEMBL
Luteolin,LYSINE N-METHYLTRANSFERASE 1C,CHEMBL6032,CHEMBL151,Potency,10000.0,nM,,ChEMBL
Luteolin,LYSINE N-METHYLTRANSFERASE 7,CHEMBL5523,CHEMBL151,IC50,6080.0,nM,5.22,ChEMBL
Luteolin,LYSINE-SPECIFIC DEMETHYLASE 4D-LIKE,CHEMBL1293226,CHEMBL151,Potency,8912.5,nM,5.05,ChEMBL
Luteolin,LYSINE-SPECIFIC DEMETHYLASE 4E,CHEMBL1293226,CHEMBL151,Potency,8912.5,nM,5.05,ChEMBL
Luteolin,M6A(M)-DEMETHYLASE FTO,CHEMBL2331065,CHEMBL151,IC50,7500.0,nM,5.12,ChEMBL
Luteolin,MACROPAIN EPSILON CHAIN,CHEMBL4662,CHEMBL151,IC50,1300.0,nM,5.89,ChEMBL
Luteolin,MACROPHAGE,CHEMBL4393,CHEMBL151,IC50,980.0,nM,6.01,ChEMBL
Luteolin,MACROPHAGE ELASTASE,CHEMBL4393,CHEMBL151,IC50,980.0,nM,6.01,ChEMBL
Luteolin,MACROPHAGE METALLOELASTASE,CHEMBL4393,CHEMBL151,IC50,980.0,nM,6.01,ChEMBL
Luteolin,MAIN PROTEASE,CHEMBL4523582,CHEMBL151,IC50,4600.0,nM,5.34,ChEMBL
Luteolin,MAO-A,CHEMBL1951,CHEMBL151,IC50,4900.0,nM,5.31,ChEMBL
Luteolin,MAOA,CHEMBL1951,CHEMBL151,IC50,4900.0,nM,5.31,ChEMBL
Luteolin,MAP,CHEMBL4718,CHEMBL151,IC50,179.0,nM,6.75,ChEMBL
Luteolin,MAP KINASE SIGNAL-INTEGRATING KINASE 1,CHEMBL4718,CHEMBL151,IC50,179.0,nM,6.75,ChEMBL
Luteolin,MAP KINASE SIGNAL-INTEGRATING KINASE 2,CHEMBL4204,CHEMBL151,IC50,579.0,nM,6.24,ChEMBL
Luteolin,MAP KINASE-ACTIVATED PROTEIN KINASE 1B,CHEMBL2345,CHEMBL151,IC50,4420.0,nM,5.36,ChEMBL
Luteolin,MAP KINASE-INTERACTING SERINE/THREONINE-PROTEIN KINASE 1,CHEMBL4718,CHEMBL151,IC50,179.0,nM,6.75,ChEMBL
Luteolin,MAP KINASE-INTERACTING SERINE/THREONINE-PROTEIN KINASE 2,CHEMBL4204,CHEMBL151,IC50,579.0,nM,6.24,ChEMBL
Luteolin,MAPK SIGNAL-INTEGRATING KINASE 1,CHEMBL4718,CHEMBL151,IC50,179.0,nM,6.75,ChEMBL
Luteolin,MAPK SIGNAL-INTEGRATING KINASE 2,CHEMBL4204,CHEMBL151,IC50,579.0,nM,6.24,ChEMBL
Luteolin,MAPK-ACTIVATED PROTEIN KINASE 1B,CHEMBL2345,CHEMBL151,IC50,4420.0,nM,5.36,ChEMBL
Luteolin,MAPKAP KINASE 1B,CHEMBL2345,CHEMBL151,IC50,4420.0,nM,5.36,ChEMBL
Luteolin,MAPKAPK-1B,CHEMBL2345,CHEMBL151,IC50,4420.0,nM,5.36,ChEMBL
Luteolin,MATRIX,CHEMBL321,CHEMBL151,IC50,5620.0,nM,5.25,ChEMBL
Luteolin,MATRIX METALLOPROTEINASE-12,CHEMBL4393,CHEMBL151,IC50,980.0,nM,6.01,ChEMBL
Luteolin,MATRIX METALLOPROTEINASE-13,CHEMBL280,CHEMBL151,IC50,10050.0,nM,5.0,ChEMBL
Luteolin,MATRIX METALLOPROTEINASE-2,CHEMBL333,CHEMBL151,IC50,3610.0,nM,5.44,ChEMBL
Luteolin,MATRIX METALLOPROTEINASE-9,CHEMBL321,CHEMBL151,IC50,5620.0,nM,5.25,ChEMBL
Luteolin,MCF7,CHEMBL387,CHEMBL151,IC50,5000.0,nM,5.3,ChEMBL
Luteolin,MCT 1,CHEMBL4360,CHEMBL151,IC50,410.0,nM,6.39,ChEMBL
Luteolin,MDA-MB-231,CHEMBL400,CHEMBL151,IC50,7290.0,nM,5.14,ChEMBL
Luteolin,MEDULLASIN,CHEMBL248,CHEMBL151,Ki,10100.0,nM,5.0,ChEMBL
Luteolin,MEMAPSIN-2,CHEMBL4822,CHEMBL151,IC50,520.0,nM,6.28,ChEMBL
Luteolin,MEMBER,CHEMBL1900,CHEMBL151,IC50,600.0,nM,6.22,ChEMBL
Luteolin,MEMBER OF PAS PROTEIN 1,CHEMBL4261,CHEMBL151,Potency,398.1,nM,6.4,ChEMBL
Luteolin,MEMBRANE-ASSOCIATED ASPARTIC PROTEASE 2,CHEMBL4822,CHEMBL151,IC50,520.0,nM,6.28,ChEMBL
Luteolin,MEMBRANE-ASSOCIATED TYROSINE- AND THREONINE-SPECIFIC CDC2-INHIBITORY KINASE,CHEMBL3984,CHEMBL151,IC50,1500.0,nM,5.82,ChEMBL
Luteolin,METALLOELASTASE,CHEMBL4393,CHEMBL151,IC50,980.0,nM,6.01,ChEMBL
Luteolin,METHYLGLYOXALASE,CHEMBL2424,CHEMBL151,IC50,7700.0,nM,5.11,ChEMBL
Luteolin,METHYLTRANSFERASE-LIKE PROTEIN 14,CHEMBL4106140,CHEMBL151,IC50,6230.0,nM,5.21,ChEMBL
Luteolin,METHYLTRANSFERASE-LIKE PROTEIN 3,CHEMBL4106140,CHEMBL151,IC50,6230.0,nM,5.21,ChEMBL
Luteolin,METTL14,CHEMBL4106140,CHEMBL151,IC50,6230.0,nM,5.21,ChEMBL
Luteolin,METTL3,CHEMBL4106140,CHEMBL151,IC50,6230.0,nM,5.21,ChEMBL
Luteolin,MHBD,CHEMBL4159,CHEMBL151,Potency,10000.0,nM,5.0,ChEMBL
Luteolin,MICRORNA 21,CHEMBL1615322,CHEMBL151,Potency,3288.5,nM,5.48,ChEMBL
Luteolin,MITOCHONDRIAL RIBONUCLEASE P PROTEIN 2,CHEMBL4159,CHEMBL151,Potency,10000.0,nM,5.0,ChEMBL
Luteolin,MITOCHONDRIAL RNASE P PROTEIN 2,CHEMBL4159,CHEMBL151,Potency,10000.0,nM,5.0,ChEMBL
Luteolin,MITOXANTRONE RESISTANCE-ASSOCIATED PROTEIN,CHEMBL5393,CHEMBL151,IC50,8900.0,nM,5.05,ChEMBL
Luteolin,MKNK1,CHEMBL4718,CHEMBL151,IC50,179.0,nM,6.75,ChEMBL
Luteolin,MKNK2,CHEMBL4204,CHEMBL151,IC50,579.0,nM,6.24,ChEMBL
Luteolin,MME,CHEMBL4393,CHEMBL151,IC50,980.0,nM,6.01,ChEMBL
Luteolin,MMP-12,CHEMBL4393,CHEMBL151,IC50,980.0,nM,6.01,ChEMBL
Luteolin,MMP-13,CHEMBL280,CHEMBL151,IC50,10050.0,nM,5.0,ChEMBL
Luteolin,MMP-2,CHEMBL333,CHEMBL151,IC50,3610.0,nM,5.44,ChEMBL
Luteolin,MMP-9,CHEMBL321,CHEMBL151,IC50,5620.0,nM,5.25,ChEMBL
Luteolin,MMP12,CHEMBL4393,CHEMBL151,IC50,980.0,nM,6.01,ChEMBL
Luteolin,MMP13,CHEMBL280,CHEMBL151,IC50,10050.0,nM,5.0,ChEMBL
Luteolin,MMP2,CHEMBL333,CHEMBL151,IC50,3610.0,nM,5.44,ChEMBL
Luteolin,MMP9,CHEMBL321,CHEMBL151,IC50,5620.0,nM,5.25,ChEMBL
Luteolin,MNK1,CHEMBL4718,CHEMBL151,IC50,179.0,nM,6.75,ChEMBL
Luteolin,MNK2,CHEMBL4204,CHEMBL151,IC50,579.0,nM,6.24,ChEMBL
Luteolin,MOLM-13,CHEMBL3706572,CHEMBL151,IC50,4500.0,nM,5.35,ChEMBL
Luteolin,MONOAMINE OXIDASE TYPE A,CHEMBL1951,CHEMBL151,IC50,4900.0,nM,5.31,ChEMBL
Luteolin,MONOCARBOXYLATE,CHEMBL4360,CHEMBL151,IC50,410.0,nM,6.39,ChEMBL
Luteolin,MONOCARBOXYLATE TRANSPORTER 1,CHEMBL4360,CHEMBL151,IC50,410.0,nM,6.39,ChEMBL
Luteolin,MONOCYTE,CHEMBL614076,CHEMBL151,IC50,1500.0,nM,5.82,ChEMBL
Luteolin,MOTIFS,CHEMBL2318,CHEMBL151,IC50,9800.0,nM,5.01,ChEMBL
Luteolin,MOTOR,CHEMBL1293232,CHEMBL151,Potency,8912.5,nM,5.05,ChEMBL
Luteolin,MPRO,CHEMBL4523582,CHEMBL151,IC50,4600.0,nM,5.34,ChEMBL
Luteolin,MRNA (2'-O-METHYLADENOSINE-N(6)-)-DEMETHYLASE FTO,CHEMBL2331065,CHEMBL151,IC50,7500.0,nM,5.12,ChEMBL
Luteolin,MRNA N(6)-METHYLADENOSINE DEMETHYLASE FTO,CHEMBL2331065,CHEMBL151,IC50,7500.0,nM,5.12,ChEMBL
Luteolin,MT-A70,CHEMBL4106140,CHEMBL151,IC50,6230.0,nM,5.21,ChEMBL
Luteolin,MULTICATALYTIC ENDOPEPTIDASE COMPLEX EPSILON CHAIN,CHEMBL4662,CHEMBL151,IC50,1300.0,nM,5.89,ChEMBL
Luteolin,MULTIKINASE,CHEMBL4523401,CHEMBL151,IC50,5500.0,nM,5.26,ChEMBL
Luteolin,MV4-11,CHEMBL613835,CHEMBL151,IC50,3100.0,nM,5.51,ChEMBL
Luteolin,MYT1 KINASE,CHEMBL3984,CHEMBL151,IC50,1500.0,nM,5.82,ChEMBL
Luteolin,N(6)-ADENOSINE-METHYLTRANSFERASE 70 KDA SUBUNIT,CHEMBL4106140,CHEMBL151,IC50,6230.0,nM,5.21,ChEMBL
Luteolin,N(6)-ADENOSINE-METHYLTRANSFERASE CATALYTIC SUBUNIT METTL3,CHEMBL4106140,CHEMBL151,IC50,6230.0,nM,5.21,ChEMBL
Luteolin,N(6)-ADENOSINE-METHYLTRANSFERASE NON-CATALYTIC SUBUNIT METTL14,CHEMBL4106140,CHEMBL151,IC50,6230.0,nM,5.21,ChEMBL
Luteolin,N-APP,CHEMBL2487,CHEMBL151,IC50,6400.0,nM,5.19,ChEMBL
Luteolin,NAD(+) ADP-RIBOSYLTRANSFERASE 1,CHEMBL3105,CHEMBL151,IC50,4265.8,nM,5.37,ChEMBL
Luteolin,NAD-DEPENDENT PROTEIN DEACETYLASE SIRTUIN-6,CHEMBL2163182,CHEMBL151,IC50,1900.0,nM,5.72,ChEMBL
Luteolin,NAD-DEPENDENT PROTEIN DEACYLASE SIRTUIN-6,CHEMBL2163182,CHEMBL151,IC50,1900.0,nM,5.72,ChEMBL
Luteolin,NADH-DEPENDENT ENOYL-ACP REDUCTASE,CHEMBL1857,CHEMBL151,Ki,7050.0,nM,5.15,ChEMBL
Luteolin,NADPH,CHEMBL1250375,CHEMBL151,IC50,850.0,nM,6.07,ChEMBL
Luteolin,NADPH OXIDASE 4,CHEMBL1250375,CHEMBL151,IC50,850.0,nM,6.07,ChEMBL
Luteolin,NANH,CHEMBL5189,CHEMBL151,IC50,4300.0,nM,5.37,ChEMBL
Luteolin,NENDOU,CHEMBL4523582,CHEMBL151,IC50,4600.0,nM,5.34,ChEMBL
Luteolin,NEURAMINIDASE,CHEMBL5189,CHEMBL151,IC50,4300.0,nM,5.37,ChEMBL
Luteolin,NEURON,CHEMBL1293232,CHEMBL151,Potency,8912.5,nM,5.05,ChEMBL
Luteolin,NEUTROPHIL,CHEMBL613710,CHEMBL151,IC50,900.0,nM,6.05,ChEMBL
Luteolin,NEUTROPHIL ELASTASE,CHEMBL248,CHEMBL151,Ki,10100.0,nM,5.0,ChEMBL
Luteolin,NIFEDIPINE OXIDASE,CHEMBL340,CHEMBL151,Potency,5011.9,nM,5.3,ChEMBL
Luteolin,NON-PROTEIN TARGET,CHEMBL3879801,CHEMBL151,IC50,1130.0,nM,5.95,ChEMBL
Luteolin,NON-STRUCTURAL PROTEIN 1,CHEMBL4523582,CHEMBL151,IC50,4600.0,nM,5.34,ChEMBL
Luteolin,NON-STRUCTURAL PROTEIN 10,CHEMBL4523582,CHEMBL151,IC50,4600.0,nM,5.34,ChEMBL
Luteolin,NON-STRUCTURAL PROTEIN 12,CHEMBL4523582,CHEMBL151,IC50,4600.0,nM,5.34,ChEMBL
Luteolin,NON-STRUCTURAL PROTEIN 13,CHEMBL4523582,CHEMBL151,IC50,4600.0,nM,5.34,ChEMBL
Luteolin,NON-STRUCTURAL PROTEIN 14,CHEMBL4523582,CHEMBL151,IC50,4600.0,nM,5.34,ChEMBL
Luteolin,NON-STRUCTURAL PROTEIN 15,CHEMBL4523582,CHEMBL151,IC50,4600.0,nM,5.34,ChEMBL
Luteolin,NON-STRUCTURAL PROTEIN 16,CHEMBL4523582,CHEMBL151,IC50,4600.0,nM,5.34,ChEMBL
Luteolin,NON-STRUCTURAL PROTEIN 2,CHEMBL4523582,CHEMBL151,IC50,4600.0,nM,5.34,ChEMBL
Luteolin,NON-STRUCTURAL PROTEIN 3,CHEMBL4523582,CHEMBL151,IC50,4600.0,nM,5.34,ChEMBL
Luteolin,NON-STRUCTURAL PROTEIN 4,CHEMBL4523582,CHEMBL151,IC50,4600.0,nM,5.34,ChEMBL
Luteolin,NON-STRUCTURAL PROTEIN 5,CHEMBL4523582,CHEMBL151,IC50,4600.0,nM,5.34,ChEMBL
Luteolin,NON-STRUCTURAL PROTEIN 6,CHEMBL4523582,CHEMBL151,IC50,4600.0,nM,5.34,ChEMBL
Luteolin,NON-STRUCTURAL PROTEIN 7,CHEMBL4523582,CHEMBL151,IC50,4600.0,nM,5.34,ChEMBL
Luteolin,NON-STRUCTURAL PROTEIN 8,CHEMBL4523582,CHEMBL151,IC50,4600.0,nM,5.34,ChEMBL
Luteolin,NON-STRUCTURAL PROTEIN 9,CHEMBL4523582,CHEMBL151,IC50,4600.0,nM,5.34,ChEMBL
Luteolin,NOX4,CHEMBL1250375,CHEMBL151,IC50,850.0,nM,6.07,ChEMBL
Luteolin,NSP1,CHEMBL4523582,CHEMBL151,IC50,4600.0,nM,5.34,ChEMBL
Luteolin,NSP10,CHEMBL4523582,CHEMBL151,IC50,4600.0,nM,5.34,ChEMBL
Luteolin,NSP12,CHEMBL4523582,CHEMBL151,IC50,4600.0,nM,5.34,ChEMBL
Luteolin,NSP13,CHEMBL4523582,CHEMBL151,IC50,4600.0,nM,5.34,ChEMBL
Luteolin,NSP14,CHEMBL4523582,CHEMBL151,IC50,4600.0,nM,5.34,ChEMBL
Luteolin,NSP15,CHEMBL4523582,CHEMBL151,IC50,4600.0,nM,5.34,ChEMBL
Luteolin,NSP16,CHEMBL4523582,CHEMBL151,IC50,4600.0,nM,5.34,ChEMBL
Luteolin,NSP2,CHEMBL4523582,CHEMBL151,IC50,4600.0,nM,5.34,ChEMBL
Luteolin,NSP3,CHEMBL4523582,CHEMBL151,IC50,4600.0,nM,5.34,ChEMBL
Luteolin,NSP4,CHEMBL4523582,CHEMBL151,IC50,4600.0,nM,5.34,ChEMBL
Luteolin,NSP5,CHEMBL4523582,CHEMBL151,IC50,4600.0,nM,5.34,ChEMBL
Luteolin,NSP6,CHEMBL4523582,CHEMBL151,IC50,4600.0,nM,5.34,ChEMBL
Luteolin,NSP7,CHEMBL4523582,CHEMBL151,IC50,4600.0,nM,5.34,ChEMBL
Luteolin,NSP8,CHEMBL4523582,CHEMBL151,IC50,4600.0,nM,5.34,ChEMBL
Luteolin,NSP9,CHEMBL4523582,CHEMBL151,IC50,4600.0,nM,5.34,ChEMBL
Luteolin,NT-PARP-1,CHEMBL3105,CHEMBL151,IC50,4265.8,nM,5.37,ChEMBL
Luteolin,NUCLEAR RECEPTOR SUBFAMILY 1 GROUP C MEMBER 3,CHEMBL2459,CHEMBL151,EC50,2300.0,nM,5.64,ChEMBL
Luteolin,OATP-B,CHEMBL1743124,CHEMBL151,IC50,3900.0,nM,5.41,ChEMBL
Luteolin,OATP-RP2,CHEMBL1743124,CHEMBL151,IC50,3900.0,nM,5.41,ChEMBL
Luteolin,OATP2B1,CHEMBL1743124,CHEMBL151,IC50,3900.0,nM,5.41,ChEMBL
Luteolin,OATPRP2,CHEMBL1743124,CHEMBL151,IC50,3900.0,nM,5.41,ChEMBL
Luteolin,ONCOGENE AML-1,CHEMBL2093862,CHEMBL151,Potency,10000.0,nM,,ChEMBL
Luteolin,ORF1AB POLYPROTEIN,CHEMBL4523582,CHEMBL151,IC50,4600.0,nM,5.34,ChEMBL
Luteolin,ORGANIC,CHEMBL1743124,CHEMBL151,IC50,3900.0,nM,5.41,ChEMBL
Luteolin,ORGANIC ANION TRANSPORTER B,CHEMBL1743124,CHEMBL151,IC50,3900.0,nM,5.41,ChEMBL
Luteolin,ORGANIC ANION TRANSPORTER POLYPEPTIDE-RELATED PROTEIN 2,CHEMBL1743124,CHEMBL151,IC50,3900.0,nM,5.41,ChEMBL
Luteolin,ORGANIC ANION TRANSPORTING POLYPEPTIDE 2B1,CHEMBL1743124,CHEMBL151,IC50,3900.0,nM,5.41,ChEMBL
Luteolin,OXIDASE,CHEMBL1250375,CHEMBL151,IC50,850.0,nM,6.07,ChEMBL
Luteolin,P(I)-UPTAKE STIMULATOR,CHEMBL4523488,CHEMBL151,IC50,1300.0,nM,5.89,ChEMBL
Luteolin,P23,CHEMBL1907600,CHEMBL151,IC50,3800.0,nM,5.42,ChEMBL
Luteolin,P25,CHEMBL1907600,CHEMBL151,IC50,3800.0,nM,5.42,ChEMBL
Luteolin,P3(40),CHEMBL2487,CHEMBL151,IC50,6400.0,nM,5.19,ChEMBL
Luteolin,P3(42),CHEMBL2487,CHEMBL151,IC50,6400.0,nM,5.19,ChEMBL
Luteolin,P34 PROTEIN KINASE,CHEMBL2094127,CHEMBL151,IC50,6200.0,nM,5.21,ChEMBL
Luteolin,P35,CHEMBL1907600,CHEMBL151,IC50,3800.0,nM,5.42,ChEMBL
Luteolin,P61-YES,CHEMBL2073,CHEMBL151,Ki,2380.0,nM,5.62,ChEMBL
Luteolin,P65 HOMOLOG,CHEMBL4523582,CHEMBL151,IC50,4600.0,nM,5.34,ChEMBL
Luteolin,P72-SYK,CHEMBL2599,CHEMBL151,EC50,4500.0,nM,5.35,ChEMBL
Luteolin,P90-RSK 3,CHEMBL2345,CHEMBL151,IC50,4420.0,nM,5.36,ChEMBL
Luteolin,P90RSK3,CHEMBL2345,CHEMBL151,IC50,4420.0,nM,5.36,ChEMBL
Luteolin,PAPAIN-LIKE PROTEASE NSP3,CHEMBL4523582,CHEMBL151,IC50,4600.0,nM,5.34,ChEMBL
Luteolin,PAPAIN-LIKE PROTEINASE,CHEMBL4523582,CHEMBL151,IC50,4600.0,nM,5.34,ChEMBL
Luteolin,PARP-1,CHEMBL3105,CHEMBL151,IC50,4265.8,nM,5.37,ChEMBL
Luteolin,PARP1,CHEMBL3105,CHEMBL151,IC50,4265.8,nM,5.37,ChEMBL
Luteolin,PAS DOMAIN-CONTAINING PROTEIN 8,CHEMBL4261,CHEMBL151,Potency,398.1,nM,6.4,ChEMBL
Luteolin,PEA2-ALPHA B,CHEMBL2093862,CHEMBL151,Potency,10000.0,nM,,ChEMBL
Luteolin,PEA2-BETA,CHEMBL2093862,CHEMBL151,Potency,10000.0,nM,,ChEMBL
Luteolin,PEBP2-ALPHA B,CHEMBL2093862,CHEMBL151,Potency,10000.0,nM,,ChEMBL
Luteolin,PEBP2-BETA,CHEMBL2093862,CHEMBL151,Potency,10000.0,nM,,ChEMBL
Luteolin,PEPTIDASE,CHEMBL284,CHEMBL151,IC50,120.0,nM,6.92,ChEMBL
Luteolin,PEROXISOME,CHEMBL2459,CHEMBL151,EC50,2300.0,nM,5.64,ChEMBL
Luteolin,PEROXISOME PROLIFERATOR-ACTIVATED RECEPTOR GAMMA,CHEMBL2459,CHEMBL151,EC50,2300.0,nM,5.64,ChEMBL
Luteolin,PEX,CHEMBL333,CHEMBL151,IC50,3610.0,nM,5.44,ChEMBL
Luteolin,PHOSPHOPROTEIN P53,CHEMBL4096,CHEMBL151,Potency,3162.3,nM,5.5,ChEMBL
Luteolin,PHOSVITIN,CHEMBL3832943,CHEMBL151,IC50,500.0,nM,6.3,ChEMBL
Luteolin,PIUS,CHEMBL4523488,CHEMBL151,IC50,1300.0,nM,5.89,ChEMBL
Luteolin,PKMYT1,CHEMBL3984,CHEMBL151,IC50,1500.0,nM,5.82,ChEMBL
Luteolin,PL-PRO,CHEMBL4523582,CHEMBL151,IC50,4600.0,nM,5.34,ChEMBL
Luteolin,PL2-PRO,CHEMBL4523582,CHEMBL151,IC50,4600.0,nM,5.34,ChEMBL
Luteolin,PLACENTA-SPECIFIC ATP-BINDING CASSETTE TRANSPORTER,CHEMBL5393,CHEMBL151,IC50,8900.0,nM,5.05,ChEMBL
Luteolin,PLASMODIUM FALCIPARUM,CHEMBL364,CHEMBL151,IC50,9600.0,nM,5.02,ChEMBL
Luteolin,PLATELET-TYPE LIPOXYGENASE 12,CHEMBL3687,CHEMBL151,Potency,2511.9,nM,5.6,ChEMBL
Luteolin,PMN ELASTASE,CHEMBL248,CHEMBL151,Ki,10100.0,nM,5.0,ChEMBL
Luteolin,PN-II,CHEMBL2487,CHEMBL151,IC50,6400.0,nM,5.19,ChEMBL
Luteolin,POL,CHEMBL4523582,CHEMBL151,IC50,4600.0,nM,5.34,ChEMBL
Luteolin,POLB,CHEMBL2392,CHEMBL151,Potency,7079.5,nM,5.15,ChEMBL
Luteolin,POLH,CHEMBL5542,CHEMBL151,Potency,3162.3,nM,,ChEMBL
Luteolin,POLI,CHEMBL5391,CHEMBL151,Potency,3981.1,nM,,ChEMBL
Luteolin,POLK,CHEMBL5365,CHEMBL151,Potency,6309.6,nM,,ChEMBL
Luteolin,POLY,CHEMBL6154,CHEMBL151,IC50,1071.52,nM,5.97,ChEMBL
Luteolin,POLY [ADP-RIBOSE] POLYMERASE 1,CHEMBL3105,CHEMBL151,IC50,4265.8,nM,5.37,ChEMBL
Luteolin,"POLY [ADP-RIBOSE] POLYMERASE 1, 24-KDA FORM",CHEMBL3105,CHEMBL151,IC50,4265.8,nM,5.37,ChEMBL
Luteolin,"POLY [ADP-RIBOSE] POLYMERASE 1, 28-KDA FORM",CHEMBL3105,CHEMBL151,IC50,4265.8,nM,5.37,ChEMBL
Luteolin,"POLY [ADP-RIBOSE] POLYMERASE 1, 89-KDA FORM",CHEMBL3105,CHEMBL151,IC50,4265.8,nM,5.37,ChEMBL
Luteolin,"POLY [ADP-RIBOSE] POLYMERASE 1, PROCESSED C-TERMINUS",CHEMBL3105,CHEMBL151,IC50,4265.8,nM,5.37,ChEMBL
Luteolin,"POLY [ADP-RIBOSE] POLYMERASE 1, PROCESSED N-TERMINUS",CHEMBL3105,CHEMBL151,IC50,4265.8,nM,5.37,ChEMBL
Luteolin,POLY [ADP-RIBOSE] POLYMERASE 5A,CHEMBL6164,CHEMBL151,IC50,2398.83,nM,5.62,ChEMBL
Luteolin,POLY [ADP-RIBOSE] POLYMERASE 5B,CHEMBL6154,CHEMBL151,IC50,1071.52,nM,5.97,ChEMBL
Luteolin,POLY [ADP-RIBOSE] POLYMERASE TANKYRASE-1,CHEMBL6164,CHEMBL151,IC50,2398.83,nM,5.62,ChEMBL
Luteolin,POLY [ADP-RIBOSE] POLYMERASE TANKYRASE-2,CHEMBL6154,CHEMBL151,IC50,1071.52,nM,5.97,ChEMBL
Luteolin,POLYMERASE,CHEMBL6154,CHEMBL151,IC50,1071.52,nM,5.97,ChEMBL
Luteolin,POLYOMAVIRUS ENHANCER-BINDING PROTEIN 2 ALPHA B SUBUNIT,CHEMBL2093862,CHEMBL151,Potency,10000.0,nM,,ChEMBL
Luteolin,POLYOMAVIRUS ENHANCER-BINDING PROTEIN 2 BETA SUBUNIT,CHEMBL2093862,CHEMBL151,Potency,10000.0,nM,,ChEMBL
Luteolin,POLYPHOSPHATE,CHEMBL4523401,CHEMBL151,IC50,5500.0,nM,5.26,ChEMBL
Luteolin,POLYPROTEIN,CHEMBL4523582,CHEMBL151,IC50,4600.0,nM,5.34,ChEMBL
Luteolin,POLYUNSATURATED,CHEMBL215,CHEMBL151,IC50,1600.0,nM,5.8,ChEMBL
Luteolin,POLYUNSATURATED FATTY ACID 5-LIPOXYGENASE,CHEMBL215,CHEMBL151,IC50,1600.0,nM,5.8,ChEMBL
Luteolin,POLYUNSATURATED FATTY ACID LIPOXYGENASE ALOX12,CHEMBL3687,CHEMBL151,Potency,2511.9,nM,5.6,ChEMBL
Luteolin,POLYUNSATURATED FATTY ACID LIPOXYGENASE ALOX15,CHEMBL2903,CHEMBL151,Potency,2511.9,nM,5.6,ChEMBL
Luteolin,POLYUNSATURATED FATTY ACID LIPOXYGENASE ALOX15B,CHEMBL2457,CHEMBL151,Potency,10000.0,nM,,ChEMBL
Luteolin,POLY[ADP-RIBOSE] SYNTHASE 1,CHEMBL3105,CHEMBL151,IC50,4265.8,nM,5.37,ChEMBL
Luteolin,POTENTIAL,CHEMBL1250411,CHEMBL151,IC50,10000.0,nM,,ChEMBL
Luteolin,PP1AB,CHEMBL4523582,CHEMBL151,IC50,4600.0,nM,5.34,ChEMBL
Luteolin,PP90RSK2,CHEMBL2345,CHEMBL151,IC50,4420.0,nM,5.36,ChEMBL
Luteolin,PPAR-GAMMA,CHEMBL2459,CHEMBL151,EC50,2300.0,nM,5.64,ChEMBL
Luteolin,PPARG,CHEMBL2459,CHEMBL151,EC50,2300.0,nM,5.64,ChEMBL
Luteolin,PR160GAG-POL,CHEMBL3471,CHEMBL151,IC50,8900.0,nM,5.05,ChEMBL
Luteolin,PREA4,CHEMBL2487,CHEMBL151,IC50,6400.0,nM,5.19,ChEMBL
Luteolin,PREALBUMIN,CHEMBL3194,CHEMBL151,IC50,6400.0,nM,5.19,ChEMBL
Luteolin,PRECURSOR,CHEMBL2487,CHEMBL151,IC50,6400.0,nM,5.19,ChEMBL
Luteolin,PRELAMIN-A/C,CHEMBL1293235,CHEMBL151,Potency,3162.3,nM,5.5,ChEMBL
Luteolin,PROOFREADING EXORIBONUCLEASE NSP14,CHEMBL4523582,CHEMBL151,IC50,4600.0,nM,5.34,ChEMBL
Luteolin,PROTEASE NEXIN-II,CHEMBL2487,CHEMBL151,IC50,6400.0,nM,5.19,ChEMBL
Luteolin,PROTEASOME,CHEMBL4662,CHEMBL151,IC50,1300.0,nM,5.89,ChEMBL
Luteolin,PROTEASOME CHAIN 6,CHEMBL4662,CHEMBL151,IC50,1300.0,nM,5.89,ChEMBL
Luteolin,PROTEASOME EPSILON CHAIN,CHEMBL4662,CHEMBL151,IC50,1300.0,nM,5.89,ChEMBL
Luteolin,PROTEASOME SUBUNIT BETA TYPE-5,CHEMBL4662,CHEMBL151,IC50,1300.0,nM,5.89,ChEMBL
Luteolin,PROTEASOME SUBUNIT BETA-5,CHEMBL4662,CHEMBL151,IC50,1300.0,nM,5.89,ChEMBL
Luteolin,PROTEASOME SUBUNIT MB1,CHEMBL4662,CHEMBL151,IC50,1300.0,nM,5.89,ChEMBL
Luteolin,PROTEASOME SUBUNIT X,CHEMBL4662,CHEMBL151,IC50,1300.0,nM,5.89,ChEMBL
Luteolin,PROTEIN,CHEMBL1865,CHEMBL151,IC50,1438.0,nM,5.84,ChEMBL
Luteolin,PROTEIN DEACETYLASE HDAC6,CHEMBL1865,CHEMBL151,IC50,1438.0,nM,5.84,ChEMBL
Luteolin,PROTEIN G5A,CHEMBL3832943,CHEMBL151,IC50,500.0,nM,6.3,ChEMBL
Luteolin,PROTEIN G9A,CHEMBL6032,CHEMBL151,Potency,10000.0,nM,,ChEMBL
Luteolin,PROTEIN MONO-ADP-RIBOSYLTRANSFERASE SIRTUIN-6,CHEMBL2163182,CHEMBL151,IC50,1900.0,nM,5.72,ChEMBL
Luteolin,PROTEIN POLY-ADP-RIBOSYLTRANSFERASE PARP1,CHEMBL3105,CHEMBL151,IC50,4265.8,nM,5.37,ChEMBL
Luteolin,PROTEIN POLY-ADP-RIBOSYLTRANSFERASE TANKYRASE-1,CHEMBL6164,CHEMBL151,IC50,2398.83,nM,5.62,ChEMBL
Luteolin,PROTEIN POLY-ADP-RIBOSYLTRANSFERASE TANKYRASE-2,CHEMBL6154,CHEMBL151,IC50,1071.52,nM,5.97,ChEMBL
Luteolin,PROTO-ONCOGENE C-YES,CHEMBL2073,CHEMBL151,Ki,2380.0,nM,5.62,ChEMBL
Luteolin,PSMB5,CHEMBL4662,CHEMBL151,IC50,1300.0,nM,5.89,ChEMBL
Luteolin,QPCTL,CHEMBL3638349,CHEMBL151,Kd,9400.0,nM,5.03,ChEMBL
Luteolin,QUININE 3-MONOOXYGENASE,CHEMBL340,CHEMBL151,Potency,5011.9,nM,5.3,ChEMBL
Luteolin,RAD30 HOMOLOG A,CHEMBL5542,CHEMBL151,Potency,3162.3,nM,,ChEMBL
Luteolin,RAD30 HOMOLOG B,CHEMBL5391,CHEMBL151,Potency,3981.1,nM,,ChEMBL
Luteolin,RADICAL SCAVENGING ACTIVITY,CHEMBL613712,CHEMBL151,EC50,6120.0,nM,5.21,ChEMBL
Luteolin,RALDH 1,CHEMBL3577,CHEMBL151,Potency,8912.5,nM,5.05,ChEMBL
Luteolin,RALDH1,CHEMBL3577,CHEMBL151,Potency,8912.5,nM,5.05,ChEMBL
Luteolin,RAW264.7,CHEMBL612557,CHEMBL151,IC50,7390.0,nM,5.13,ChEMBL
Luteolin,RBL-2H3,CHEMBL614632,CHEMBL151,IC50,5800.0,nM,5.24,ChEMBL
Luteolin,RDRP,CHEMBL4523582,CHEMBL151,IC50,4600.0,nM,5.34,ChEMBL
Luteolin,RECEPTOR,CHEMBL318,CHEMBL151,Ki,1660.0,nM,5.78,ChEMBL
Luteolin,RECEPTOR-TYPE TYROSINE-PROTEIN KINASE FLT3,CHEMBL1974,CHEMBL151,IC50,830.0,nM,6.08,ChEMBL
Luteolin,RECQ PROTEIN-LIKE 1,CHEMBL1293236,CHEMBL151,Potency,7943.3,nM,5.1,ChEMBL
Luteolin,RECQ PROTEIN-LIKE 2,CHEMBL2146312,CHEMBL151,Potency,10000.0,nM,,ChEMBL
Luteolin,RECQ PROTEIN-LIKE 3,CHEMBL1293237,CHEMBL151,Potency,3827.3,nM,,ChEMBL
Luteolin,RECQ-LIKE DNA HELICASE BLM,CHEMBL1293237,CHEMBL151,Potency,3827.3,nM,,ChEMBL
Luteolin,RECQ1,CHEMBL1293236,CHEMBL151,Potency,7943.3,nM,5.1,ChEMBL
Luteolin,RECQ2,CHEMBL1293237,CHEMBL151,Potency,3827.3,nM,,ChEMBL
Luteolin,RECQL,CHEMBL1293236,CHEMBL151,Potency,7943.3,nM,5.1,ChEMBL
Luteolin,REDOX FACTOR-1,CHEMBL5619,CHEMBL151,Potency,5011.9,nM,,ChEMBL
Luteolin,REDUCTASE,CHEMBL1900,CHEMBL151,IC50,600.0,nM,6.22,ChEMBL
Luteolin,REF-1,CHEMBL5619,CHEMBL151,Potency,5011.9,nM,,ChEMBL
Luteolin,REGULATOR,CHEMBL5619,CHEMBL151,Potency,5011.9,nM,,ChEMBL
Luteolin,REGULATORY PROTEIN SIR2 HOMOLOG 6,CHEMBL2163182,CHEMBL151,IC50,1900.0,nM,5.72,ChEMBL
Luteolin,RENAL CARCINOMA ANTIGEN NY-REN-32,CHEMBL1293235,CHEMBL151,Potency,3162.3,nM,5.5,ChEMBL
Luteolin,RENAL NAD(P)H-OXIDASE,CHEMBL1250375,CHEMBL151,IC50,850.0,nM,6.07,ChEMBL
Luteolin,REP,CHEMBL4523582,CHEMBL151,IC50,4600.0,nM,5.34,ChEMBL
Luteolin,REPAIR,CHEMBL5619,CHEMBL151,Potency,5011.9,nM,,ChEMBL
Luteolin,REPLICASE,CHEMBL4523582,CHEMBL151,IC50,4600.0,nM,5.34,ChEMBL
Luteolin,REPLICASE POLYPROTEIN 1AB,CHEMBL4523582,CHEMBL151,IC50,4600.0,nM,5.34,ChEMBL
Luteolin,RETINAL DEHYDROGENASE 1,CHEMBL3577,CHEMBL151,Potency,8912.5,nM,5.05,ChEMBL
Luteolin,RIBOSOMAL,CHEMBL2345,CHEMBL151,IC50,4420.0,nM,5.36,ChEMBL
Luteolin,RIBOSOMAL PROTEIN S6 KINASE ALPHA-3,CHEMBL2345,CHEMBL151,IC50,4420.0,nM,5.36,ChEMBL
Luteolin,RIBOSOMAL S6 KINASE 2,CHEMBL2345,CHEMBL151,IC50,4420.0,nM,5.36,ChEMBL
Luteolin,RNA-CAPPING ENZYME SUBUNIT NSP9,CHEMBL4523582,CHEMBL151,IC50,4600.0,nM,5.34,ChEMBL
Luteolin,RNA-DIRECTED RNA POLYMERASE NSP12,CHEMBL4523582,CHEMBL151,IC50,4600.0,nM,5.34,ChEMBL
Luteolin,RPS6KA3,CHEMBL2345,CHEMBL151,IC50,4420.0,nM,5.36,ChEMBL
Luteolin,RSK-2,CHEMBL2345,CHEMBL151,IC50,4420.0,nM,5.36,ChEMBL
Luteolin,RUNT-RELATED TRANSCRIPTION FACTOR 1,CHEMBL2093862,CHEMBL151,Potency,10000.0,nM,,ChEMBL
Luteolin,RUNX1,CHEMBL2093862,CHEMBL151,Potency,10000.0,nM,,ChEMBL
Luteolin,S-APP-ALPHA,CHEMBL2487,CHEMBL151,IC50,6400.0,nM,5.19,ChEMBL
Luteolin,S-APP-BETA,CHEMBL2487,CHEMBL151,IC50,6400.0,nM,5.19,ChEMBL
Luteolin,S-D-LACTOYLGLUTATHIONE METHYLGLYOXAL LYASE,CHEMBL2424,CHEMBL151,IC50,7700.0,nM,5.11,ChEMBL
Luteolin,S6K-ALPHA-3,CHEMBL2345,CHEMBL151,IC50,4420.0,nM,5.36,ChEMBL
Luteolin,SARS CORONAVIRUS MAIN PROTEINASE,CHEMBL4523582,CHEMBL151,IC50,4600.0,nM,5.34,ChEMBL
Luteolin,SARS-COV-2,CHEMBL4303835,CHEMBL151,EC50,10000.0,nM,5.0,ChEMBL
Luteolin,SEED,CHEMBL4586,CHEMBL151,IC50,3200.0,nM,5.5,ChEMBL
Luteolin,SEED LINOLEATE 13S-LIPOXYGENASE-1,CHEMBL4586,CHEMBL151,IC50,3200.0,nM,5.5,ChEMBL
Luteolin,SERINE/THREONINE-PROTEIN KINASE GSK3A,CHEMBL2095188,CHEMBL151,IC50,800.0,nM,6.1,ChEMBL
Luteolin,SERINE/THREONINE-PROTEIN KINASE GSK3B,CHEMBL2095188,CHEMBL151,IC50,800.0,nM,6.1,ChEMBL
Luteolin,SERINE/THREONINE-PROTEIN KINASE PSSALRE,CHEMBL1907600,CHEMBL151,IC50,3800.0,nM,5.42,ChEMBL
Luteolin,SET DOMAIN-CONTAINING PROTEIN 7,CHEMBL5523,CHEMBL151,IC50,6080.0,nM,5.22,ChEMBL
Luteolin,SET7/9,CHEMBL5523,CHEMBL151,IC50,6080.0,nM,5.22,ChEMBL
Luteolin,SETD7,CHEMBL5523,CHEMBL151,IC50,6080.0,nM,5.22,ChEMBL
Luteolin,SHORT,CHEMBL1250411,CHEMBL151,IC50,10000.0,nM,,ChEMBL
Luteolin,SHORT CHAIN DEHYDROGENASE/REDUCTASE FAMILY 5C MEMBER 1,CHEMBL4159,CHEMBL151,Potency,10000.0,nM,5.0,ChEMBL
Luteolin,SHORT TRANSIENT RECEPTOR POTENTIAL CHANNEL 5,CHEMBL1250411,CHEMBL151,IC50,10000.0,nM,,ChEMBL
Luteolin,SHORT-CHAIN TYPE DEHYDROGENASE/REDUCTASE XH98G2,CHEMBL4159,CHEMBL151,Potency,10000.0,nM,5.0,ChEMBL
Luteolin,SI REDUCTASE,CHEMBL5983,CHEMBL151,IC50,9200.0,nM,5.04,ChEMBL
Luteolin,SIALIDASE,CHEMBL5189,CHEMBL151,IC50,4300.0,nM,5.37,ChEMBL
Luteolin,SIR2-LIKE PROTEIN 6,CHEMBL2163182,CHEMBL151,IC50,1900.0,nM,5.72,ChEMBL
Luteolin,SIRT6,CHEMBL2163182,CHEMBL151,IC50,1900.0,nM,5.72,ChEMBL
Luteolin,SL3-3 ENHANCER FACTOR 1 ALPHA B SUBUNIT,CHEMBL2093862,CHEMBL151,Potency,10000.0,nM,,ChEMBL
Luteolin,SL3-3 ENHANCER FACTOR 1 SUBUNIT BETA,CHEMBL2093862,CHEMBL151,Potency,10000.0,nM,,ChEMBL
Luteolin,SL3/AKV CORE-BINDING FACTOR ALPHA B SUBUNIT,CHEMBL2093862,CHEMBL151,Potency,10000.0,nM,,ChEMBL
Luteolin,SL3/AKV CORE-BINDING FACTOR BETA SUBUNIT,CHEMBL2093862,CHEMBL151,Potency,10000.0,nM,,ChEMBL
Luteolin,SLC16A1,CHEMBL4360,CHEMBL151,IC50,410.0,nM,6.39,ChEMBL
Luteolin,SLC6A3,CHEMBL338,CHEMBL151,EC50,1450.0,nM,5.84,ChEMBL
Luteolin,SLCO2B1,CHEMBL1743124,CHEMBL151,IC50,3900.0,nM,5.41,ChEMBL
Luteolin,SMALL INTESTINE REDUCTASE,CHEMBL5983,CHEMBL151,IC50,9200.0,nM,5.04,ChEMBL
Luteolin,SMN1,CHEMBL1293232,CHEMBL151,Potency,8912.5,nM,5.05,ChEMBL
Luteolin,SMN2,CHEMBL1293232,CHEMBL151,Potency,8912.5,nM,5.05,ChEMBL
Luteolin,SODIUM-DEPENDENT DOPAMINE TRANSPORTER,CHEMBL338,CHEMBL151,EC50,1450.0,nM,5.84,ChEMBL
Luteolin,SOLUBLE APP-ALPHA,CHEMBL2487,CHEMBL151,IC50,6400.0,nM,5.19,ChEMBL
Luteolin,SOLUBLE APP-BETA,CHEMBL2487,CHEMBL151,IC50,6400.0,nM,5.19,ChEMBL
Luteolin,SOLUTE,CHEMBL1743124,CHEMBL151,IC50,3900.0,nM,5.41,ChEMBL
Luteolin,SOLUTE CARRIER FAMILY 16 MEMBER 1,CHEMBL4360,CHEMBL151,IC50,410.0,nM,6.39,ChEMBL
Luteolin,SOLUTE CARRIER FAMILY 21 MEMBER 9,CHEMBL1743124,CHEMBL151,IC50,3900.0,nM,5.41,ChEMBL
Luteolin,SOLUTE CARRIER FAMILY 6 MEMBER 3,CHEMBL338,CHEMBL151,EC50,1450.0,nM,5.84,ChEMBL
Luteolin,SOLUTE CARRIER ORGANIC ANION TRANSPORTER FAMILY MEMBER 2B1,CHEMBL1743124,CHEMBL151,IC50,3900.0,nM,5.41,ChEMBL
Luteolin,SPECIFICITY,CHEMBL5393,CHEMBL151,IC50,8900.0,nM,5.05,ChEMBL
Luteolin,SPLEEN TYROSINE KINASE,CHEMBL2599,CHEMBL151,EC50,4500.0,nM,5.35,ChEMBL
Luteolin,STEM CELL TYROSINE KINASE 1,CHEMBL1974,CHEMBL151,IC50,830.0,nM,6.08,ChEMBL
Luteolin,STK-1,CHEMBL1974,CHEMBL151,IC50,830.0,nM,6.08,ChEMBL
Luteolin,SUBSTRATE,CHEMBL5393,CHEMBL151,IC50,8900.0,nM,5.05,ChEMBL
Luteolin,SUBUNIT,CHEMBL4662,CHEMBL151,IC50,1300.0,nM,5.89,ChEMBL
Luteolin,SURVIVAL,CHEMBL1293232,CHEMBL151,Potency,8912.5,nM,5.05,ChEMBL
Luteolin,SURVIVAL MOTOR NEURON PROTEIN,CHEMBL1293232,CHEMBL151,Potency,8912.5,nM,5.05,ChEMBL
Luteolin,SYK,CHEMBL2599,CHEMBL151,EC50,4500.0,nM,5.35,ChEMBL
Luteolin,SYNTHASE,CHEMBL262,CHEMBL151,IC50,1500.0,nM,5.82,ChEMBL
Luteolin,T-CELL ACTIVATION ANTIGEN CD26,CHEMBL284,CHEMBL151,IC50,120.0,nM,6.92,ChEMBL
Luteolin,T10,CHEMBL4660,CHEMBL151,IC50,8200.0,nM,5.09,ChEMBL
Luteolin,TANK1,CHEMBL6164,CHEMBL151,IC50,2398.83,nM,5.62,ChEMBL
Luteolin,TANK2,CHEMBL6154,CHEMBL151,IC50,1071.52,nM,5.97,ChEMBL
Luteolin,TANKYRASE I,CHEMBL6164,CHEMBL151,IC50,2398.83,nM,5.62,ChEMBL
Luteolin,TANKYRASE II,CHEMBL6154,CHEMBL151,IC50,1071.52,nM,5.97,ChEMBL
Luteolin,TANKYRASE-1,CHEMBL6164,CHEMBL151,IC50,2398.83,nM,5.62,ChEMBL
Luteolin,TANKYRASE-2,CHEMBL6154,CHEMBL151,IC50,1071.52,nM,5.97,ChEMBL
Luteolin,TANKYRASE-LIKE PROTEIN,CHEMBL6154,CHEMBL151,IC50,1071.52,nM,5.97,ChEMBL
Luteolin,TANKYRASE-RELATED PROTEIN,CHEMBL6154,CHEMBL151,IC50,1071.52,nM,5.97,ChEMBL
Luteolin,TAU PROTEIN KINASE II 23 KDA SUBUNIT,CHEMBL1907600,CHEMBL151,IC50,3800.0,nM,5.42,ChEMBL
Luteolin,TAU PROTEIN KINASE II CATALYTIC SUBUNIT,CHEMBL1907600,CHEMBL151,IC50,3800.0,nM,5.42,ChEMBL
Luteolin,TBE-1,CHEMBL333,CHEMBL151,IC50,3610.0,nM,5.44,ChEMBL
Luteolin,TBPA,CHEMBL3194,CHEMBL151,IC50,6400.0,nM,5.19,ChEMBL
Luteolin,THROMBOSPONDIN,CHEMBL2318,CHEMBL151,IC50,9800.0,nM,5.01,ChEMBL
Luteolin,TNKS,CHEMBL6164,CHEMBL151,IC50,2398.83,nM,5.62,ChEMBL
Luteolin,TNKS-1,CHEMBL6164,CHEMBL151,IC50,2398.83,nM,5.62,ChEMBL
Luteolin,TNKS-2,CHEMBL6154,CHEMBL151,IC50,1071.52,nM,5.97,ChEMBL
Luteolin,TNKS2,CHEMBL6154,CHEMBL151,IC50,1071.52,nM,5.97,ChEMBL
Luteolin,TOP1,CHEMBL1075164,CHEMBL151,IC50,660.0,nM,6.18,ChEMBL
Luteolin,TOPOISOMERASE,CHEMBL1075164,CHEMBL151,IC50,660.0,nM,6.18,ChEMBL
Luteolin,TP103,CHEMBL284,CHEMBL151,IC50,120.0,nM,6.92,ChEMBL
Luteolin,TP53,CHEMBL4096,CHEMBL151,Potency,3162.3,nM,5.5,ChEMBL
Luteolin,TPKII CATALYTIC SUBUNIT,CHEMBL1907600,CHEMBL151,IC50,3800.0,nM,5.42,ChEMBL
Luteolin,TPKII REGULATORY SUBUNIT,CHEMBL1907600,CHEMBL151,IC50,3800.0,nM,5.42,ChEMBL
Luteolin,TRANSIENT,CHEMBL1250411,CHEMBL151,IC50,10000.0,nM,,ChEMBL
Luteolin,TRANSIENT RECEPTOR PROTEIN 5,CHEMBL1250411,CHEMBL151,IC50,10000.0,nM,,ChEMBL
Luteolin,TRANSPORTER,CHEMBL4360,CHEMBL151,IC50,410.0,nM,6.39,ChEMBL
Luteolin,TRANSTHYRETIN,CHEMBL3194,CHEMBL151,IC50,6400.0,nM,5.19,ChEMBL
Luteolin,TRF1-INTERACTING ANKYRIN-RELATED ADP-RIBOSE POLYMERASE,CHEMBL6164,CHEMBL151,IC50,2398.83,nM,5.62,ChEMBL
Luteolin,TRF1-INTERACTING ANKYRIN-RELATED ADP-RIBOSE POLYMERASE 2,CHEMBL6154,CHEMBL151,IC50,1071.52,nM,5.97,ChEMBL
Luteolin,TRNA N1-METHYL ADENINE DEMETHYLASE FTO,CHEMBL2331065,CHEMBL151,IC50,7500.0,nM,5.12,ChEMBL
Luteolin,TRP-5,CHEMBL1250411,CHEMBL151,IC50,10000.0,nM,,ChEMBL
Luteolin,TRPC5,CHEMBL1250411,CHEMBL151,IC50,10000.0,nM,,ChEMBL
Luteolin,TTR,CHEMBL3194,CHEMBL151,IC50,6400.0,nM,5.19,ChEMBL
Luteolin,TUBULIN-LYSINE DEACETYLASE HDAC6,CHEMBL1865,CHEMBL151,IC50,1438.0,nM,5.84,ChEMBL
Luteolin,TUMOR,CHEMBL4096,CHEMBL151,Potency,3162.3,nM,5.5,ChEMBL
Luteolin,TUMOR ANTIGEN HOM-RCC-3.1.3,CHEMBL3242,CHEMBL151,Ki,60.3,nM,7.22,ChEMBL
Luteolin,TUMOR SUPPRESSOR P53,CHEMBL4096,CHEMBL151,Potency,3162.3,nM,5.5,ChEMBL
Luteolin,TYPE,CHEMBL333,CHEMBL151,IC50,3610.0,nM,5.44,ChEMBL
Luteolin,TYPE I ARGINASE,CHEMBL3232699,CHEMBL151,IC50,9000.0,nM,5.05,ChEMBL
Luteolin,TYPE II HADH,CHEMBL4159,CHEMBL151,Potency,10000.0,nM,5.0,ChEMBL
Luteolin,TYROSINE-PROTEIN KINASE SYK,CHEMBL2599,CHEMBL151,EC50,4500.0,nM,5.35,ChEMBL
Luteolin,TYROSINE-PROTEIN KINASE YES,CHEMBL2073,CHEMBL151,Ki,2380.0,nM,5.62,ChEMBL
Luteolin,U6 SMALL NUCLEAR RNA (2'-O-METHYLADENOSINE-N(6)-)-DEMETHYLASE FTO,CHEMBL2331065,CHEMBL151,IC50,7500.0,nM,5.12,ChEMBL
Luteolin,U6 SMALL NUCLEAR RNA N(6)-METHYLADENOSINE-DEMETHYLASE FTO,CHEMBL2331065,CHEMBL151,IC50,7500.0,nM,5.12,ChEMBL
Luteolin,UNCHECKED,CHEMBL612545,CHEMBL151,IC50,7100.0,nM,5.15,ChEMBL
Luteolin,URATE EXPORTER,CHEMBL5393,CHEMBL151,IC50,8900.0,nM,5.05,ChEMBL
Luteolin,URIDYLATE-SPECIFIC ENDORIBONUCLEASE NSP15,CHEMBL4523582,CHEMBL151,IC50,4600.0,nM,5.34,ChEMBL
Luteolin,VIRAL PROTEIN GENOME-LINKED NSP9,CHEMBL4523582,CHEMBL151,IC50,4600.0,nM,5.34,ChEMBL
Luteolin,WERNER SYNDROME PROTEIN,CHEMBL2146312,CHEMBL151,Potency,10000.0,nM,,ChEMBL
Luteolin,WITH,CHEMBL2318,CHEMBL151,IC50,9800.0,nM,5.01,ChEMBL
Luteolin,WRN,CHEMBL2146312,CHEMBL151,Potency,10000.0,nM,,ChEMBL
Luteolin,XANTHINE,CHEMBL1929,CHEMBL151,IC50,550.0,nM,6.26,ChEMBL
Luteolin,XANTHINE DEHYDROGENASE,CHEMBL1929,CHEMBL151,IC50,550.0,nM,6.26,ChEMBL
Luteolin,XANTHINE DEHYDROGENASE/OXIDASE,CHEMBL1929,CHEMBL151,IC50,550.0,nM,6.26,ChEMBL
Luteolin,XANTHINE OXIDASE,CHEMBL1929,CHEMBL151,IC50,550.0,nM,6.26,ChEMBL
Luteolin,XANTHINE OXIDOREDUCTASE,CHEMBL1929,CHEMBL151,IC50,550.0,nM,6.26,ChEMBL
Luteolin,XDH,CHEMBL1929,CHEMBL151,IC50,550.0,nM,6.26,ChEMBL
Luteolin,XERODERMA PIGMENTOSUM VARIANT TYPE PROTEIN,CHEMBL5542,CHEMBL151,Potency,3162.3,nM,,ChEMBL
Luteolin,XOR,CHEMBL1929,CHEMBL151,IC50,550.0,nM,6.26,ChEMBL
Luteolin,YES,CHEMBL2073,CHEMBL151,Ki,2380.0,nM,5.62,ChEMBL
Luteolin,YES1,CHEMBL2073,CHEMBL151,Ki,2380.0,nM,5.62,ChEMBL
Luteolin,[HISTONE H3]-TRIMETHYL-L-LYSINE(9) DEMETHYLASE 4E,CHEMBL1293226,CHEMBL151,Potency,8912.5,nM,5.05,ChEMBL
ML162,4T1,CHEMBL612589,CHEMBL1499544,IC50,2520.0,nM,5.6,ChEMBL
ML162,A549,CHEMBL392,CHEMBL1499544,IC50,2090.0,nM,5.68,ChEMBL
ML162,ADMET,CHEMBL612558,CHEMBL1499544,IC50,578.0,nM,6.24,ChEMBL
ML162,ALPHA,CHEMBL2146305,CHEMBL1499544,Potency,501.2,nM,,ChEMBL
ML162,ANTERIOR PITUITARY GLYCOPROTEIN HORMONES COMMON SUBUNIT ALPHA,CHEMBL2146305,CHEMBL1499544,Potency,501.2,nM,,ChEMBL
ML162,ASPC1,CHEMBL612588,CHEMBL1499544,IC50,142.0,nM,6.85,ChEMBL
ML162,ATAXIN-2,CHEMBL1795085,CHEMBL1499544,Potency,1412.5,nM,,ChEMBL
ML162,ATXN2,CHEMBL1795085,CHEMBL1499544,Potency,1412.5,nM,,ChEMBL
ML162,BJ,CHEMBL614358,CHEMBL1499544,EC50,167.0,nM,6.78,ChEMBL
ML162,BT-549,CHEMBL614072,CHEMBL1499544,IC50,650.0,nM,6.19,ChEMBL
ML162,CATALYTIC,CHEMBL1075165,CHEMBL1499544,IC50,25.0,nM,7.6,ChEMBL
ML162,CG-ALPHA,CHEMBL2146305,CHEMBL1499544,Potency,501.2,nM,,ChEMBL
ML162,CGA,CHEMBL2146305,CHEMBL1499544,Potency,501.2,nM,,ChEMBL
ML162,CHAIN,CHEMBL2146305,CHEMBL1499544,Potency,501.2,nM,,ChEMBL
ML162,CHOLESTEROL,CHEMBL1293277,CHEMBL1499544,Potency,891.3,nM,6.05,ChEMBL
ML162,CHORIOGONADOTROPIN ALPHA CHAIN,CHEMBL2146305,CHEMBL1499544,Potency,501.2,nM,,ChEMBL
ML162,CHORIONIC GONADOTROPHIN SUBUNIT ALPHA,CHEMBL2146305,CHEMBL1499544,Potency,501.2,nM,,ChEMBL
ML162,ENDONUCLEASE PI-MTUI,CHEMBL1741171,CHEMBL1499544,EC50,240.0,nM,6.62,ChEMBL
ML162,ERYTHROID,CHEMBL1075094,CHEMBL1499544,Potency,3548.1,nM,,ChEMBL
ML162,FACTOR,CHEMBL1075094,CHEMBL1499544,Potency,3548.1,nM,,ChEMBL
ML162,FAMILY,CHEMBL1293258,CHEMBL1499544,Potency,7943.3,nM,,ChEMBL
ML162,FOLLICLE-STIMULATING HORMONE ALPHA CHAIN,CHEMBL2146305,CHEMBL1499544,Potency,501.2,nM,,ChEMBL
ML162,FOLLITROPIN ALPHA CHAIN,CHEMBL2146305,CHEMBL1499544,Potency,501.2,nM,,ChEMBL
ML162,FSH-ALPHA,CHEMBL2146305,CHEMBL1499544,Potency,501.2,nM,,ChEMBL
ML162,GEMININ,CHEMBL1293278,CHEMBL1499544,Potency,6513.1,nM,,ChEMBL
ML162,GLUTATHIONE,CHEMBL4295754,CHEMBL1499544,EC50,28.0,nM,7.55,ChEMBL
ML162,GLUTATHIONE PEROXIDASE 4,CHEMBL4295754,CHEMBL1499544,EC50,28.0,nM,7.55,ChEMBL
ML162,GLYCOPROTEIN,CHEMBL2146305,CHEMBL1499544,Potency,501.2,nM,,ChEMBL
ML162,GLYCOPROTEIN HORMONES ALPHA CHAIN,CHEMBL2146305,CHEMBL1499544,Potency,501.2,nM,,ChEMBL
ML162,GMNN,CHEMBL1293278,CHEMBL1499544,Potency,6513.1,nM,,ChEMBL
ML162,GPX-4,CHEMBL4295754,CHEMBL1499544,EC50,28.0,nM,7.55,ChEMBL
ML162,GPX4,CHEMBL4295754,CHEMBL1499544,EC50,28.0,nM,7.55,ChEMBL
ML162,GSHPX-4,CHEMBL4295754,CHEMBL1499544,EC50,28.0,nM,7.55,ChEMBL
ML162,HCT-116,CHEMBL394,CHEMBL1499544,IC50,4140.0,nM,5.38,ChEMBL
ML162,HEPG2,CHEMBL395,CHEMBL1499544,IC50,3710.0,nM,5.43,ChEMBL
ML162,HMAD-3,CHEMBL1293258,CHEMBL1499544,Potency,7943.3,nM,,ChEMBL
ML162,HORMONES,CHEMBL2146305,CHEMBL1499544,Potency,501.2,nM,,ChEMBL
ML162,HSMAD3,CHEMBL1293258,CHEMBL1499544,Potency,7943.3,nM,,ChEMBL
ML162,HT-1080,CHEMBL614580,CHEMBL1499544,IC50,660.0,nM,6.18,ChEMBL
ML162,HUH-7,CHEMBL614039,CHEMBL1499544,EC50,138.0,nM,6.86,ChEMBL
ML162,HVPS34,CHEMBL1075165,CHEMBL1499544,IC50,25.0,nM,7.6,ChEMBL
ML162,HYDROPEROXIDE,CHEMBL4295754,CHEMBL1499544,EC50,28.0,nM,7.55,ChEMBL
ML162,INTRACELLULAR,CHEMBL1293277,CHEMBL1499544,Potency,891.3,nM,6.05,ChEMBL
ML162,JV15-2,CHEMBL1293258,CHEMBL1499544,Potency,7943.3,nM,,ChEMBL
ML162,LSH-ALPHA,CHEMBL2146305,CHEMBL1499544,Potency,501.2,nM,,ChEMBL
ML162,LUTEINIZING HORMONE ALPHA CHAIN,CHEMBL2146305,CHEMBL1499544,Potency,501.2,nM,,ChEMBL
ML162,LUTROPIN ALPHA CHAIN,CHEMBL2146305,CHEMBL1499544,Potency,501.2,nM,,ChEMBL
ML162,MAD HOMOLOG 3,CHEMBL1293258,CHEMBL1499544,Potency,7943.3,nM,,ChEMBL
ML162,MAD3,CHEMBL1293258,CHEMBL1499544,Potency,7943.3,nM,,ChEMBL
ML162,MBNL1,CHEMBL1293317,CHEMBL1499544,Potency,125.9,nM,,ChEMBL
ML162,MCF7,CHEMBL387,CHEMBL1499544,IC50,10100.0,nM,5.0,ChEMBL
ML162,MDA-MB-231,CHEMBL400,CHEMBL1499544,IC50,160.0,nM,6.8,ChEMBL
ML162,MDA-MB-468,CHEMBL614335,CHEMBL1499544,IC50,120.0,nM,6.92,ChEMBL
ML162,MEMBER,CHEMBL1293258,CHEMBL1499544,Potency,7943.3,nM,,ChEMBL
ML162,MOTHERS AGAINST DECAPENTAPLEGIC HOMOLOG 3,CHEMBL1293258,CHEMBL1499544,Potency,7943.3,nM,,ChEMBL
ML162,MOTHERS AGAINST DPP HOMOLOG 3,CHEMBL1293258,CHEMBL1499544,Potency,7943.3,nM,,ChEMBL
ML162,MTU RECA INTEIN,CHEMBL1741171,CHEMBL1499544,EC50,240.0,nM,6.62,ChEMBL
ML162,MUSCLEBLIND-LIKE PROTEIN 1,CHEMBL1293317,CHEMBL1499544,Potency,125.9,nM,,ChEMBL
ML162,NADPH,CHEMBL6110,CHEMBL1499544,Potency,10000.0,nM,5.0,ChEMBL
ML162,NCI-H522,CHEMBL614387,CHEMBL1499544,IC50,14.0,nM,7.85,ChEMBL
ML162,NF-E2-RELATED FACTOR 2,CHEMBL1075094,CHEMBL1499544,Potency,3548.1,nM,,ChEMBL
ML162,NFE2-RELATED FACTOR 2,CHEMBL1075094,CHEMBL1499544,Potency,3548.1,nM,,ChEMBL
ML162,NFE2L2,CHEMBL1075094,CHEMBL1499544,Potency,3548.1,nM,,ChEMBL
ML162,NIEMANN-PICK C1 PROTEIN,CHEMBL1293277,CHEMBL1499544,Potency,891.3,nM,6.05,ChEMBL
ML162,NON-PROTEIN TARGET,CHEMBL3879801,CHEMBL1499544,IC50,25.0,nM,7.6,ChEMBL
ML162,NPC,CHEMBL1293277,CHEMBL1499544,Potency,891.3,nM,6.05,ChEMBL
ML162,NPC INTRACELLULAR CHOLESTEROL TRANSPORTER 1,CHEMBL1293277,CHEMBL1499544,Potency,891.3,nM,6.05,ChEMBL
ML162,NPC1,CHEMBL1293277,CHEMBL1499544,Potency,891.3,nM,6.05,ChEMBL
ML162,NRF-2,CHEMBL1075094,CHEMBL1499544,Potency,3548.1,nM,,ChEMBL
ML162,NUCLEAR,CHEMBL1075094,CHEMBL1499544,Potency,3548.1,nM,,ChEMBL
ML162,NUCLEAR FACTOR ERYTHROID 2-RELATED FACTOR 2,CHEMBL1075094,CHEMBL1499544,Potency,3548.1,nM,,ChEMBL
ML162,"NUCLEAR FACTOR, ERYTHROID DERIVED 2, LIKE 2",CHEMBL1075094,CHEMBL1499544,Potency,3548.1,nM,,ChEMBL
ML162,PEROXIDASE,CHEMBL4295754,CHEMBL1499544,EC50,28.0,nM,7.55,ChEMBL
ML162,PHGPX,CHEMBL4295754,CHEMBL1499544,EC50,28.0,nM,7.55,ChEMBL
ML162,PHOSPHATIDYLINOSITOL 3-KINASE CATALYTIC SUBUNIT TYPE 3,CHEMBL1075165,CHEMBL1499544,IC50,25.0,nM,7.6,ChEMBL
ML162,PHOSPHATIDYLINOSITOL 3-KINASE P100 SUBUNIT,CHEMBL1075165,CHEMBL1499544,IC50,25.0,nM,7.6,ChEMBL
ML162,PHOSPHOINOSITIDE-3-KINASE CLASS 3,CHEMBL1075165,CHEMBL1499544,IC50,25.0,nM,7.6,ChEMBL
ML162,PHOSPHOLIPID,CHEMBL4295754,CHEMBL1499544,EC50,28.0,nM,7.55,ChEMBL
ML162,PHOSPHOLIPID HYDROPEROXIDE GLUTATHIONE PEROXIDASE GPX4,CHEMBL4295754,CHEMBL1499544,EC50,28.0,nM,7.55,ChEMBL
ML162,PI3-KINASE TYPE 3,CHEMBL1075165,CHEMBL1499544,IC50,25.0,nM,7.6,ChEMBL
ML162,PI3K TYPE 3,CHEMBL1075165,CHEMBL1499544,IC50,25.0,nM,7.6,ChEMBL
ML162,PIK3C3,CHEMBL1075165,CHEMBL1499544,IC50,25.0,nM,7.6,ChEMBL
ML162,PLASMODIUM FALCIPARUM,CHEMBL364,CHEMBL1499544,Potency,4653.5,nM,,ChEMBL
ML162,PROTEIN,CHEMBL1741171,CHEMBL1499544,EC50,240.0,nM,6.62,ChEMBL
ML162,PROTEIN RECA,CHEMBL1741171,CHEMBL1499544,EC50,240.0,nM,6.62,ChEMBL
ML162,PROTEIN YORKIE HOMOLOG,CHEMBL5465250,CHEMBL1499544,IC50,1100.0,nM,5.96,ChEMBL
ML162,PTDINS-3-KINASE TYPE 3,CHEMBL1075165,CHEMBL1499544,IC50,25.0,nM,7.6,ChEMBL
ML162,RAB9A,CHEMBL1293294,CHEMBL1499544,Potency,251.2,nM,6.6,ChEMBL
ML162,RAS-RELATED PROTEIN RAB-9A,CHEMBL1293294,CHEMBL1499544,Potency,251.2,nM,6.6,ChEMBL
ML162,RECA,CHEMBL1741171,CHEMBL1499544,EC50,240.0,nM,6.62,ChEMBL
ML162,RECOMBINASE A,CHEMBL1741171,CHEMBL1499544,EC50,240.0,nM,6.62,ChEMBL
ML162,REDUCTASE,CHEMBL6110,CHEMBL1499544,Potency,10000.0,nM,5.0,ChEMBL
ML162,SMAD,CHEMBL1293258,CHEMBL1499544,Potency,7943.3,nM,,ChEMBL
ML162,SMAD 3,CHEMBL1293258,CHEMBL1499544,Potency,7943.3,nM,,ChEMBL
ML162,SMAD FAMILY MEMBER 3,CHEMBL1293258,CHEMBL1499544,Potency,7943.3,nM,,ChEMBL
ML162,SMAD3,CHEMBL1293258,CHEMBL1499544,Potency,7943.3,nM,,ChEMBL
ML162,SPINOCEREBELLAR ATAXIA TYPE 2 PROTEIN,CHEMBL1795085,CHEMBL1499544,Potency,1412.5,nM,,ChEMBL
ML162,SUBUNIT,CHEMBL1075165,CHEMBL1499544,IC50,25.0,nM,7.6,ChEMBL
ML162,TDP1,CHEMBL1075138,CHEMBL1499544,Potency,1458.1,nM,,ChEMBL
ML162,TEA DOMAIN FAMILY MEMBER 4,CHEMBL5465250,CHEMBL1499544,IC50,1100.0,nM,5.96,ChEMBL
ML162,TEAD-4,CHEMBL5465250,CHEMBL1499544,IC50,1100.0,nM,5.96,ChEMBL
ML162,TEAD4,CHEMBL5465250,CHEMBL1499544,IC50,1100.0,nM,5.96,ChEMBL
ML162,TGR,CHEMBL6110,CHEMBL1499544,Potency,10000.0,nM,5.0,ChEMBL
ML162,THIOREDOXIN-DISULFIDE REDUCTASE (NADPH),CHEMBL6110,CHEMBL1499544,Potency,10000.0,nM,5.0,ChEMBL
ML162,THYROID-STIMULATING HORMONE ALPHA CHAIN,CHEMBL2146305,CHEMBL1499544,Potency,501.2,nM,,ChEMBL
ML162,THYROTROPIN ALPHA CHAIN,CHEMBL2146305,CHEMBL1499544,Potency,501.2,nM,,ChEMBL
ML162,TRANSCRIPTION FACTOR 13-LIKE 1,CHEMBL5465250,CHEMBL1499544,IC50,1100.0,nM,5.96,ChEMBL
ML162,TRANSCRIPTION FACTOR RTEF-1,CHEMBL5465250,CHEMBL1499544,IC50,1100.0,nM,5.96,ChEMBL
ML162,TRANSCRIPTIONAL COACTIVATOR YAP1,CHEMBL5465250,CHEMBL1499544,IC50,1100.0,nM,5.96,ChEMBL
ML162,TRANSCRIPTIONAL ENHANCER FACTOR TEF-3,CHEMBL5465250,CHEMBL1499544,IC50,1100.0,nM,5.96,ChEMBL
ML162,TRANSPORTER,CHEMBL1293277,CHEMBL1499544,Potency,891.3,nM,6.05,ChEMBL
ML162,TRINUCLEOTIDE REPEAT-CONTAINING GENE 13 PROTEIN,CHEMBL1795085,CHEMBL1499544,Potency,1412.5,nM,,ChEMBL
ML162,TRIPLET-EXPANSION RNA-BINDING PROTEIN,CHEMBL1293317,CHEMBL1499544,Potency,125.9,nM,,ChEMBL
ML162,TSH-ALPHA,CHEMBL2146305,CHEMBL1499544,Potency,501.2,nM,,ChEMBL
ML162,TYPE,CHEMBL1075165,CHEMBL1499544,IC50,25.0,nM,7.6,ChEMBL
ML162,TYR-DNA PHOSPHODIESTERASE 1,CHEMBL1075138,CHEMBL1499544,Potency,1458.1,nM,,ChEMBL
ML162,TYROSYL-DNA PHOSPHODIESTERASE 1,CHEMBL1075138,CHEMBL1499544,Potency,1458.1,nM,,ChEMBL
ML162,UNCHECKED,CHEMBL612545,CHEMBL1499544,EC50,765.0,nM,6.12,ChEMBL
ML162,YAP1,CHEMBL5465250,CHEMBL1499544,IC50,1100.0,nM,5.96,ChEMBL
ML162,YES-ASSOCIATED PROTEIN 1,CHEMBL5465250,CHEMBL1499544,IC50,1100.0,nM,5.96,ChEMBL
ML162,YES-ASSOCIATED PROTEIN YAP65 HOMOLOG,CHEMBL5465250,CHEMBL1499544,IC50,1100.0,nM,5.96,ChEMBL
Magnolol,AFFINITY,CHEMBL4507,CHEMBL180920,IC50,2886.57,nM,,ChEMBL
Magnolol,CANDIDA ALBICANS,CHEMBL366,CHEMBL180920,IC50,7500.0,nM,5.12,ChEMBL
Magnolol,CANN6,CHEMBL218,CHEMBL180920,Ki,3150.0,nM,5.5,ChEMBL
Magnolol,CANNABINOID,CHEMBL218,CHEMBL180920,Ki,3150.0,nM,5.5,ChEMBL
Magnolol,CANNABINOID RECEPTOR 1,CHEMBL218,CHEMBL180920,Ki,3150.0,nM,5.5,ChEMBL
Magnolol,CANNABINOID RECEPTOR 2,CHEMBL253,CHEMBL180920,EC50,3280.0,nM,5.48,ChEMBL
Magnolol,CB-2,CHEMBL253,CHEMBL180920,EC50,3280.0,nM,5.48,ChEMBL
Magnolol,CB-R,CHEMBL218,CHEMBL180920,Ki,3150.0,nM,5.5,ChEMBL
Magnolol,CB1,CHEMBL218,CHEMBL180920,Ki,3150.0,nM,5.5,ChEMBL
Magnolol,CB2,CHEMBL253,CHEMBL180920,EC50,3280.0,nM,5.48,ChEMBL
Magnolol,CHOLINE,CHEMBL4507,CHEMBL180920,IC50,2886.57,nM,,ChEMBL
Magnolol,CHT,CHEMBL4507,CHEMBL180920,IC50,2886.57,nM,,ChEMBL
Magnolol,CNR1,CHEMBL218,CHEMBL180920,Ki,3150.0,nM,5.5,ChEMBL
Magnolol,CNR2,CHEMBL253,CHEMBL180920,EC50,3280.0,nM,5.48,ChEMBL
Magnolol,CX5,CHEMBL253,CHEMBL180920,EC50,3280.0,nM,5.48,ChEMBL
Magnolol,GABA(A) RECEPTOR SUBUNIT ALPHA-1,CHEMBL2095172,CHEMBL180920,EC50,4800.0,nM,5.32,ChEMBL
Magnolol,GABA(A) RECEPTOR SUBUNIT BETA-2,CHEMBL2095172,CHEMBL180920,EC50,4800.0,nM,5.32,ChEMBL
Magnolol,GABA(A) RECEPTOR SUBUNIT GAMMA-2,CHEMBL2095172,CHEMBL180920,EC50,4800.0,nM,5.32,ChEMBL
Magnolol,GABAAR SUBUNIT ALPHA-1,CHEMBL2095172,CHEMBL180920,EC50,4800.0,nM,5.32,ChEMBL
Magnolol,GABAAR SUBUNIT BETA-2,CHEMBL2095172,CHEMBL180920,EC50,4800.0,nM,5.32,ChEMBL
Magnolol,GABAAR SUBUNIT GAMMA-2,CHEMBL2095172,CHEMBL180920,EC50,4800.0,nM,5.32,ChEMBL
Magnolol,GABRA1,CHEMBL2095172,CHEMBL180920,EC50,4800.0,nM,5.32,ChEMBL
Magnolol,GABRB2,CHEMBL2095172,CHEMBL180920,EC50,4800.0,nM,5.32,ChEMBL
Magnolol,GABRG2,CHEMBL2095172,CHEMBL180920,EC50,4800.0,nM,5.32,ChEMBL
Magnolol,GAMMA,CHEMBL235,CHEMBL180920,EC50,1620.0,nM,5.79,ChEMBL
Magnolol,GAMMA-AMINOBUTYRIC ACID RECEPTOR SUBUNIT ALPHA-1,CHEMBL2095172,CHEMBL180920,EC50,4800.0,nM,5.32,ChEMBL
Magnolol,GAMMA-AMINOBUTYRIC ACID RECEPTOR SUBUNIT BETA-2,CHEMBL2095172,CHEMBL180920,EC50,4800.0,nM,5.32,ChEMBL
Magnolol,GAMMA-AMINOBUTYRIC ACID RECEPTOR SUBUNIT GAMMA-2,CHEMBL2095172,CHEMBL180920,EC50,4800.0,nM,5.32,ChEMBL
Magnolol,GEMININ,CHEMBL1293278,CHEMBL180920,Potency,9200.0,nM,,ChEMBL
Magnolol,GMNN,CHEMBL1293278,CHEMBL180920,Potency,9200.0,nM,,ChEMBL
Magnolol,HCB2,CHEMBL253,CHEMBL180920,EC50,3280.0,nM,5.48,ChEMBL
Magnolol,HCHT1,CHEMBL4507,CHEMBL180920,IC50,2886.57,nM,,ChEMBL
Magnolol,HEMICHOLINIUM-3-SENSITIVE CHOLINE TRANSPORTER,CHEMBL4507,CHEMBL180920,IC50,2886.57,nM,,ChEMBL
Magnolol,HEPATITIS B VIRUS,CHEMBL613497,CHEMBL180920,IC50,8670.0,nM,5.06,ChEMBL
Magnolol,HIGH,CHEMBL4507,CHEMBL180920,IC50,2886.57,nM,,ChEMBL
Magnolol,HIGH AFFINITY CHOLINE TRANSPORTER 1,CHEMBL4507,CHEMBL180920,IC50,2886.57,nM,,ChEMBL
Magnolol,MAPT,CHEMBL1293224,CHEMBL180920,Potency,562.3,nM,6.25,ChEMBL
Magnolol,MICROTUBULE-ASSOCIATED PROTEIN TAU,CHEMBL1293224,CHEMBL180920,Potency,562.3,nM,6.25,ChEMBL
Magnolol,NEUROFIBRILLARY TANGLE PROTEIN,CHEMBL1293224,CHEMBL180920,Potency,562.3,nM,6.25,ChEMBL
Magnolol,NUCLEAR RECEPTOR SUBFAMILY 1 GROUP C MEMBER 3,CHEMBL235,CHEMBL180920,EC50,1620.0,nM,5.79,ChEMBL
Magnolol,PAIRED HELICAL FILAMENT-TAU,CHEMBL1293224,CHEMBL180920,Potency,562.3,nM,6.25,ChEMBL
Magnolol,PEROXISOME,CHEMBL235,CHEMBL180920,EC50,1620.0,nM,5.79,ChEMBL
Magnolol,PEROXISOME PROLIFERATOR-ACTIVATED RECEPTOR GAMMA,CHEMBL235,CHEMBL180920,EC50,1620.0,nM,5.79,ChEMBL
Magnolol,PHF-TAU,CHEMBL1293224,CHEMBL180920,Potency,562.3,nM,6.25,ChEMBL
Magnolol,PLASMODIUM FALCIPARUM,CHEMBL364,CHEMBL180920,Potency,3696.4,nM,,ChEMBL
Magnolol,PPAR-GAMMA,CHEMBL235,CHEMBL180920,EC50,1620.0,nM,5.79,ChEMBL
Magnolol,PPARG,CHEMBL235,CHEMBL180920,EC50,1620.0,nM,5.79,ChEMBL
Magnolol,PROTEIN,CHEMBL1293224,CHEMBL180920,Potency,562.3,nM,6.25,ChEMBL
Magnolol,RECEPTOR,CHEMBL235,CHEMBL180920,EC50,1620.0,nM,5.79,ChEMBL
Magnolol,SARS-COV,CHEMBL4303836,CHEMBL180920,EC50,3800.0,nM,5.42,ChEMBL
Magnolol,SLC5A7,CHEMBL4507,CHEMBL180920,IC50,2886.57,nM,,ChEMBL
Magnolol,SOLUTE CARRIER FAMILY 5 MEMBER 7,CHEMBL4507,CHEMBL180920,IC50,2886.57,nM,,ChEMBL
Magnolol,TAU,CHEMBL1293224,CHEMBL180920,Potency,562.3,nM,6.25,ChEMBL
Magnolol,TRANSPORTER,CHEMBL4507,CHEMBL180920,IC50,2886.57,nM,,ChEMBL
Magnolol,UNCHECKED,CHEMBL612545,CHEMBL180920,IC50,2000.0,nM,5.7,ChEMBL
Melatonin,70 KDA LAMIN,CHEMBL1293235,CHEMBL45,Potency,0.8,nM,,ChEMBL
Melatonin,84 KDA MYELOPEROXIDASE,CHEMBL2439,CHEMBL45,IC50,3000.0,nM,5.52,ChEMBL
Melatonin,89 KDA MYELOPEROXIDASE,CHEMBL2439,CHEMBL45,IC50,3000.0,nM,5.52,ChEMBL
Melatonin,ACETYLCHOLINE,CHEMBL276,CHEMBL45,Potency,63.1,nM,7.2,ChEMBL
Melatonin,ACETYLCHOLINESTERASE,CHEMBL4768,CHEMBL45,IC50,100.0,nM,,ChEMBL
Melatonin,ACHE,CHEMBL4768,CHEMBL45,IC50,100.0,nM,,ChEMBL
Melatonin,ATP-DEPENDENT 6-PHOSPHOFRUCTOKINASE,CHEMBL5686,CHEMBL45,Potency,8492.1,nM,,ChEMBL
Melatonin,ATP-PFK,CHEMBL5686,CHEMBL45,Potency,8492.1,nM,,ChEMBL
Melatonin,BCHE,CHEMBL5077,CHEMBL45,IC50,100.0,nM,,ChEMBL
Melatonin,BLM,CHEMBL1293237,CHEMBL45,Potency,1.6,nM,8.8,ChEMBL
Melatonin,BLOOM SYNDROME PROTEIN,CHEMBL1293237,CHEMBL45,Potency,1.6,nM,8.8,ChEMBL
Melatonin,CARBOXYLIC,CHEMBL5077,CHEMBL45,IC50,100.0,nM,,ChEMBL
Melatonin,CARBOXYLIC ESTER HYDROLASE,CHEMBL5077,CHEMBL45,IC50,100.0,nM,,ChEMBL
Melatonin,CHOLESTEROL 25-HYDROXYLASE,CHEMBL289,CHEMBL45,Potency,10000.0,nM,5.0,ChEMBL
Melatonin,CHRM1,CHEMBL276,CHEMBL45,Potency,63.1,nM,7.2,ChEMBL
Melatonin,CKA,CHEMBL2095154,CHEMBL45,Ki,0.67,nM,9.17,ChEMBL
Melatonin,CKB,CHEMBL2095154,CHEMBL45,Ki,0.67,nM,9.17,ChEMBL
Melatonin,COUPLED,CHEMBL1293267,CHEMBL45,EC50,10000.0,nM,,ChEMBL
Melatonin,CYP2D6,CHEMBL289,CHEMBL45,Potency,10000.0,nM,5.0,ChEMBL
Melatonin,CYPIID6,CHEMBL289,CHEMBL45,Potency,10000.0,nM,5.0,ChEMBL
Melatonin,CYTOCHROME,CHEMBL289,CHEMBL45,Potency,10000.0,nM,5.0,ChEMBL
Melatonin,CYTOCHROME P450 2D6,CHEMBL289,CHEMBL45,Potency,10000.0,nM,5.0,ChEMBL
Melatonin,CYTOCHROME P450-DB1,CHEMBL289,CHEMBL45,Potency,10000.0,nM,5.0,ChEMBL
Melatonin,CYTOPLASMIC,CHEMBL6035,CHEMBL45,Potency,794.3,nM,,ChEMBL
Melatonin,DEBRISOQUINE 4-HYDROXYLASE,CHEMBL289,CHEMBL45,Potency,10000.0,nM,5.0,ChEMBL
Melatonin,DEHYDROGENASE,CHEMBL3959,CHEMBL45,Ki,27.6,nM,7.56,ChEMBL
Melatonin,DNA,CHEMBL1293237,CHEMBL45,Potency,1.6,nM,8.8,ChEMBL
Melatonin,DNA 3'-5' HELICASE BLM,CHEMBL1293237,CHEMBL45,Potency,1.6,nM,8.8,ChEMBL
Melatonin,"DNA HELICASE, RECQ-LIKE TYPE 2",CHEMBL1293237,CHEMBL45,Potency,1.6,nM,8.8,ChEMBL
Melatonin,EHMT2,CHEMBL6032,CHEMBL45,Potency,10000.0,nM,,ChEMBL
Melatonin,ESTER,CHEMBL5077,CHEMBL45,IC50,100.0,nM,,ChEMBL
Melatonin,EUCHROMATIC HISTONE-LYSINE N-METHYLTRANSFERASE 2,CHEMBL6032,CHEMBL45,Potency,10000.0,nM,,ChEMBL
Melatonin,G-PROTEIN COUPLED RECEPTOR 35,CHEMBL1293267,CHEMBL45,EC50,10000.0,nM,,ChEMBL
Melatonin,G-PROTEIN COUPLED RECEPTOR 97,CHEMBL264,CHEMBL45,Ki,0.5,nM,9.3,ChEMBL
Melatonin,GEMININ,CHEMBL1293278,CHEMBL45,Potency,562.3,nM,,ChEMBL
Melatonin,GMNN,CHEMBL1293278,CHEMBL45,Potency,562.3,nM,,ChEMBL
Melatonin,GPR35,CHEMBL1293267,CHEMBL45,EC50,10000.0,nM,,ChEMBL
Melatonin,H3-K9-HMTASE 3,CHEMBL6032,CHEMBL45,Potency,10000.0,nM,,ChEMBL
Melatonin,H3R,CHEMBL264,CHEMBL45,Ki,0.5,nM,9.3,ChEMBL
Melatonin,HELICASE,CHEMBL1293237,CHEMBL45,Potency,1.6,nM,8.8,ChEMBL
Melatonin,HH3R,CHEMBL264,CHEMBL45,Ki,0.5,nM,9.3,ChEMBL
Melatonin,HISTAMINE,CHEMBL264,CHEMBL45,Ki,0.5,nM,9.3,ChEMBL
Melatonin,HISTAMINE H3 RECEPTOR,CHEMBL264,CHEMBL45,Ki,0.5,nM,9.3,ChEMBL
Melatonin,HISTONE H3-K9 METHYLTRANSFERASE 3,CHEMBL6032,CHEMBL45,Potency,10000.0,nM,,ChEMBL
Melatonin,HISTONE-LYSINE N-METHYLTRANSFERASE EHMT2,CHEMBL6032,CHEMBL45,Potency,10000.0,nM,,ChEMBL
Melatonin,HLA-B-ASSOCIATED TRANSCRIPT 8,CHEMBL6032,CHEMBL45,Potency,10000.0,nM,,ChEMBL
Melatonin,HRH3,CHEMBL264,CHEMBL45,Ki,0.5,nM,9.3,ChEMBL
Melatonin,HYDROLASE,CHEMBL5077,CHEMBL45,IC50,100.0,nM,,ChEMBL
Melatonin,KYNA RECEPTOR,CHEMBL1293267,CHEMBL45,EC50,10000.0,nM,,ChEMBL
Melatonin,KYNURENIC ACID RECEPTOR,CHEMBL1293267,CHEMBL45,EC50,10000.0,nM,,ChEMBL
Melatonin,LAMIN-A/C,CHEMBL1293235,CHEMBL45,Potency,0.8,nM,,ChEMBL
Melatonin,LMNA,CHEMBL1293235,CHEMBL45,Potency,0.8,nM,,ChEMBL
Melatonin,LYSINE N-METHYLTRANSFERASE 1C,CHEMBL6032,CHEMBL45,Potency,10000.0,nM,,ChEMBL
Melatonin,M-PHASE PHOSPHOPROTEIN 8,CHEMBL1741210,CHEMBL45,Potency,177.8,nM,,ChEMBL
Melatonin,MDA-MB-231,CHEMBL400,CHEMBL45,IC50,900.0,nM,6.05,ChEMBL
Melatonin,MEL-1A-R,CHEMBL2094268,CHEMBL45,IC50,0.017,nM,10.77,ChEMBL
Melatonin,MEL-1B-R,CHEMBL2094268,CHEMBL45,IC50,0.017,nM,10.77,ChEMBL
Melatonin,MEL-1C-R,CHEMBL5495,CHEMBL45,EC50,0.08511,nM,10.07,ChEMBL
Melatonin,MEL1A RECEPTOR,CHEMBL2094268,CHEMBL45,IC50,0.017,nM,10.77,ChEMBL
Melatonin,MEL1B RECEPTOR,CHEMBL2094268,CHEMBL45,IC50,0.017,nM,10.77,ChEMBL
Melatonin,MEL1C (ALPHA) RECEPTOR,CHEMBL5495,CHEMBL45,EC50,0.08511,nM,10.07,ChEMBL
Melatonin,MEL1C RECEPTOR,CHEMBL5495,CHEMBL45,EC50,0.08511,nM,10.07,ChEMBL
Melatonin,MELANOPHORE,CHEMBL614313,CHEMBL45,EC50,0.23,nM,9.64,ChEMBL
Melatonin,MELATONIN,CHEMBL5495,CHEMBL45,EC50,0.08511,nM,10.07,ChEMBL
Melatonin,MELATONIN RECEPTOR TYPE 1A,CHEMBL2094268,CHEMBL45,IC50,0.017,nM,10.77,ChEMBL
Melatonin,MELATONIN RECEPTOR TYPE 1B,CHEMBL2094268,CHEMBL45,IC50,0.017,nM,10.77,ChEMBL
Melatonin,MELATONIN RECEPTOR TYPE 1C,CHEMBL5495,CHEMBL45,EC50,0.08511,nM,10.07,ChEMBL
Melatonin,MPHOSPH8,CHEMBL1741210,CHEMBL45,Potency,177.8,nM,,ChEMBL
Melatonin,MPO,CHEMBL2439,CHEMBL45,IC50,3000.0,nM,5.52,ChEMBL
Melatonin,MTNR1A,CHEMBL2094268,CHEMBL45,IC50,0.017,nM,10.77,ChEMBL
Melatonin,MTNR1B,CHEMBL2094268,CHEMBL45,IC50,0.017,nM,10.77,ChEMBL
Melatonin,MTNR1C,CHEMBL5495,CHEMBL45,EC50,0.08511,nM,10.07,ChEMBL
Melatonin,MUSCARINIC,CHEMBL276,CHEMBL45,Potency,63.1,nM,7.2,ChEMBL
Melatonin,MUSCARINIC ACETYLCHOLINE RECEPTOR M1,CHEMBL276,CHEMBL45,Potency,63.1,nM,7.2,ChEMBL
Melatonin,MYELOPEROXIDASE,CHEMBL2439,CHEMBL45,IC50,3000.0,nM,5.52,ChEMBL
Melatonin,MYELOPEROXIDASE HEAVY CHAIN,CHEMBL2439,CHEMBL45,IC50,3000.0,nM,5.52,ChEMBL
Melatonin,MYELOPEROXIDASE LIGHT CHAIN,CHEMBL2439,CHEMBL45,IC50,3000.0,nM,5.52,ChEMBL
Melatonin,NADPH-DEPENDENT THIOREDOXIN REDUCTASE,CHEMBL6035,CHEMBL45,Potency,794.3,nM,,ChEMBL
Melatonin,NO RELEVANT TARGET,CHEMBL2362975,CHEMBL45,IC50,1920.0,nM,5.72,ChEMBL
Melatonin,NON-PROTEIN TARGET,CHEMBL3879801,CHEMBL45,IC50,1920.0,nM,5.72,ChEMBL
Melatonin,NQO2,CHEMBL3959,CHEMBL45,Ki,27.6,nM,7.56,ChEMBL
Melatonin,NRH DEHYDROGENASE [QUINONE] 2,CHEMBL3959,CHEMBL45,Ki,27.6,nM,7.56,ChEMBL
Melatonin,NRH:QUINONE OXIDOREDUCTASE 2,CHEMBL3959,CHEMBL45,Ki,27.6,nM,7.56,ChEMBL
Melatonin,OF,CHEMBL1795091,CHEMBL45,Potency,2119.2,nM,,ChEMBL
Melatonin,PEROXIDASE TXNRD1,CHEMBL6035,CHEMBL45,Potency,794.3,nM,,ChEMBL
Melatonin,PFK,CHEMBL5686,CHEMBL45,Potency,8492.1,nM,,ChEMBL
Melatonin,PHOSPHOFRUCTOKINASE,CHEMBL5686,CHEMBL45,Potency,8492.1,nM,,ChEMBL
Melatonin,PHOSPHOHEXOKINASE,CHEMBL5686,CHEMBL45,Potency,8492.1,nM,,ChEMBL
Melatonin,PHOSPHOPROTEIN,CHEMBL1741210,CHEMBL45,Potency,177.8,nM,,ChEMBL
Melatonin,PLASMODIUM FALCIPARUM,CHEMBL364,CHEMBL45,Potency,9528.3,nM,,ChEMBL
Melatonin,PRELAMIN-A/C,CHEMBL1293235,CHEMBL45,Potency,0.8,nM,,ChEMBL
Melatonin,PROTEIN G9A,CHEMBL6032,CHEMBL45,Potency,10000.0,nM,,ChEMBL
Melatonin,QR2,CHEMBL3959,CHEMBL45,Ki,27.6,nM,7.56,ChEMBL
Melatonin,QUINONE REDUCTASE 2,CHEMBL3959,CHEMBL45,Ki,27.6,nM,7.56,ChEMBL
Melatonin,RATTUS NORVEGICUS,CHEMBL376,CHEMBL45,IC50,0.0798,nM,10.1,ChEMBL
Melatonin,RECEPTOR,CHEMBL5495,CHEMBL45,EC50,0.08511,nM,10.07,ChEMBL
Melatonin,RECQ PROTEIN-LIKE 3,CHEMBL1293237,CHEMBL45,Potency,1.6,nM,8.8,ChEMBL
Melatonin,RECQ-LIKE DNA HELICASE BLM,CHEMBL1293237,CHEMBL45,Potency,1.6,nM,8.8,ChEMBL
Melatonin,RECQ2,CHEMBL1293237,CHEMBL45,Potency,1.6,nM,8.8,ChEMBL
Melatonin,REDUCTASE,CHEMBL6035,CHEMBL45,Potency,794.3,nM,,ChEMBL
Melatonin,REGULATOR,CHEMBL1795091,CHEMBL45,Potency,2119.2,nM,,ChEMBL
Melatonin,REGULATOR OF G-PROTEIN SIGNALING 4,CHEMBL1795091,CHEMBL45,Potency,2119.2,nM,,ChEMBL
Melatonin,RENAL CARCINOMA ANTIGEN NY-REN-32,CHEMBL1293235,CHEMBL45,Potency,0.8,nM,,ChEMBL
Melatonin,RGP4,CHEMBL1795091,CHEMBL45,Potency,2119.2,nM,,ChEMBL
Melatonin,RGS4,CHEMBL1795091,CHEMBL45,Potency,2119.2,nM,,ChEMBL
Melatonin,RIBOSYLDIHYDRONICOTINAMIDE DEHYDROGENASE [QUINONE],CHEMBL3959,CHEMBL45,Ki,27.6,nM,7.56,ChEMBL
Melatonin,SH-SY5Y,CHEMBL614910,CHEMBL45,EC50,1000.0,nM,,ChEMBL
Melatonin,SIGNALING,CHEMBL1795091,CHEMBL45,Potency,2119.2,nM,,ChEMBL
Melatonin,THIOREDOXIN,CHEMBL6035,CHEMBL45,Potency,794.3,nM,,ChEMBL
Melatonin,"THIOREDOXIN REDUCTASE 1, CYTOPLASMIC",CHEMBL6035,CHEMBL45,Potency,794.3,nM,,ChEMBL
Melatonin,THIOREDOXIN REDUCTASE TR1,CHEMBL6035,CHEMBL45,Potency,794.3,nM,,ChEMBL
Melatonin,TWA3,CHEMBL1741210,CHEMBL45,Potency,177.8,nM,,ChEMBL
Melatonin,TWO HYBRID-ASSOCIATED PROTEIN 3 WITH RANBPM,CHEMBL1741210,CHEMBL45,Potency,177.8,nM,,ChEMBL
Melatonin,TXNRD1,CHEMBL6035,CHEMBL45,Potency,794.3,nM,,ChEMBL
Melatonin,TYPE,CHEMBL5495,CHEMBL45,EC50,0.08511,nM,10.07,ChEMBL
Melatonin,UNCHECKED,CHEMBL612545,CHEMBL45,Ki,27.6,nM,7.56,ChEMBL
N-acetylcysteine,"1,25-DIHYDROXYVITAMIN D3 RECEPTOR",CHEMBL1977,CHEMBL600,Potency,1122.0,nM,,ChEMBL
N-acetylcysteine,12-LOX,CHEMBL2903,CHEMBL600,Potency,25.1,nM,7.6,ChEMBL
N-acetylcysteine,12/15-LIPOXYGENASE,CHEMBL2903,CHEMBL600,Potency,25.1,nM,7.6,ChEMBL
N-acetylcysteine,15-LOX,CHEMBL2903,CHEMBL600,Potency,25.1,nM,7.6,ChEMBL
N-acetylcysteine,15-LOX-1,CHEMBL2903,CHEMBL600,Potency,25.1,nM,7.6,ChEMBL
N-acetylcysteine,ACID,CHEMBL2903,CHEMBL600,Potency,25.1,nM,7.6,ChEMBL
N-acetylcysteine,ALOX15,CHEMBL2903,CHEMBL600,Potency,25.1,nM,7.6,ChEMBL
N-acetylcysteine,"ARACHIDONATE 12-LIPOXYGENASE, LEUKOCYTE-TYPE",CHEMBL2903,CHEMBL600,Potency,25.1,nM,7.6,ChEMBL
N-acetylcysteine,ARACHIDONATE 15-LIPOXYGENASE,CHEMBL2903,CHEMBL600,Potency,25.1,nM,7.6,ChEMBL
N-acetylcysteine,ARACHIDONATE OMEGA-6 LIPOXYGENASE,CHEMBL2903,CHEMBL600,Potency,25.1,nM,7.6,ChEMBL
N-acetylcysteine,ATP-DEPENDENT DNA HELICASE Q1,CHEMBL1293236,CHEMBL600,Potency,1412.5,nM,5.85,ChEMBL
N-acetylcysteine,BETA,CHEMBL1947,CHEMBL600,Potency,562.3,nM,6.25,ChEMBL
N-acetylcysteine,BLM,CHEMBL1293237,CHEMBL600,Potency,1000.0,nM,6.0,ChEMBL
N-acetylcysteine,BLOOM SYNDROME PROTEIN,CHEMBL1293237,CHEMBL600,Potency,1000.0,nM,6.0,ChEMBL
N-acetylcysteine,C-ERBA-2,CHEMBL1947,CHEMBL600,Potency,562.3,nM,6.25,ChEMBL
N-acetylcysteine,C-ERBA-BETA,CHEMBL1947,CHEMBL600,Potency,562.3,nM,6.25,ChEMBL
N-acetylcysteine,COMPONENT OF GEMS 1,CHEMBL1293232,CHEMBL600,Potency,1584.9,nM,5.8,ChEMBL
N-acetylcysteine,D(1A) DOPAMINE RECEPTOR,CHEMBL2056,CHEMBL600,Potency,5804.5,nM,,ChEMBL
N-acetylcysteine,DNA,CHEMBL1293237,CHEMBL600,Potency,1000.0,nM,6.0,ChEMBL
N-acetylcysteine,DNA 3'-5' HELICASE BLM,CHEMBL1293237,CHEMBL600,Potency,1000.0,nM,6.0,ChEMBL
N-acetylcysteine,DNA 3'-5' HELICASE Q1,CHEMBL1293236,CHEMBL600,Potency,1412.5,nM,5.85,ChEMBL
N-acetylcysteine,"DNA HELICASE, RECQ-LIKE TYPE 1",CHEMBL1293236,CHEMBL600,Potency,1412.5,nM,5.85,ChEMBL
N-acetylcysteine,"DNA HELICASE, RECQ-LIKE TYPE 2",CHEMBL1293237,CHEMBL600,Potency,1000.0,nM,6.0,ChEMBL
N-acetylcysteine,DNA-BINDING FACTOR KBF1,CHEMBL3251,CHEMBL600,Potency,4466.8,nM,5.35,ChEMBL
N-acetylcysteine,DNA-DEPENDENT ATPASE Q1,CHEMBL1293236,CHEMBL600,Potency,1412.5,nM,5.85,ChEMBL
N-acetylcysteine,DOPAMINE,CHEMBL2056,CHEMBL600,Potency,5804.5,nM,,ChEMBL
N-acetylcysteine,DOPAMINE D1 RECEPTOR,CHEMBL2056,CHEMBL600,Potency,5804.5,nM,,ChEMBL
N-acetylcysteine,DRD1,CHEMBL2056,CHEMBL600,Potency,5804.5,nM,,ChEMBL
N-acetylcysteine,EBP-1,CHEMBL3251,CHEMBL600,Potency,4466.8,nM,5.35,ChEMBL
N-acetylcysteine,EHMT2,CHEMBL6032,CHEMBL600,Potency,8436.8,nM,,ChEMBL
N-acetylcysteine,EUCHROMATIC HISTONE-LYSINE N-METHYLTRANSFERASE 2,CHEMBL6032,CHEMBL600,Potency,8436.8,nM,,ChEMBL
N-acetylcysteine,FACTOR,CHEMBL3251,CHEMBL600,Potency,4466.8,nM,5.35,ChEMBL
N-acetylcysteine,FATTY,CHEMBL2903,CHEMBL600,Potency,25.1,nM,7.6,ChEMBL
N-acetylcysteine,GEMIN-1,CHEMBL1293232,CHEMBL600,Potency,1584.9,nM,5.8,ChEMBL
N-acetylcysteine,GEMININ,CHEMBL1293278,CHEMBL600,Potency,259.3,nM,,ChEMBL
N-acetylcysteine,GLUCOCORTICOID,CHEMBL2034,CHEMBL600,Potency,2.8,nM,,ChEMBL
N-acetylcysteine,GLUCOCORTICOID RECEPTOR,CHEMBL2034,CHEMBL600,Potency,2.8,nM,,ChEMBL
N-acetylcysteine,GMNN,CHEMBL1293278,CHEMBL600,Potency,259.3,nM,,ChEMBL
N-acetylcysteine,H3-K9-HMTASE 3,CHEMBL6032,CHEMBL600,Potency,8436.8,nM,,ChEMBL
N-acetylcysteine,HELICASE,CHEMBL1293237,CHEMBL600,Potency,1000.0,nM,6.0,ChEMBL
N-acetylcysteine,HEPOXILIN A3 SYNTHASE ALOX15,CHEMBL2903,CHEMBL600,Potency,25.1,nM,7.6,ChEMBL
N-acetylcysteine,HISTONE H3-K9 METHYLTRANSFERASE 3,CHEMBL6032,CHEMBL600,Potency,8436.8,nM,,ChEMBL
N-acetylcysteine,HISTONE-LYSINE N-METHYLTRANSFERASE EHMT2,CHEMBL6032,CHEMBL600,Potency,8436.8,nM,,ChEMBL
N-acetylcysteine,HLA-B-ASSOCIATED TRANSCRIPT 8,CHEMBL6032,CHEMBL600,Potency,8436.8,nM,,ChEMBL
N-acetylcysteine,HORMONE,CHEMBL1947,CHEMBL600,Potency,562.3,nM,6.25,ChEMBL
N-acetylcysteine,LINOLEATE 13S-LIPOXYGENASE,CHEMBL2903,CHEMBL600,Potency,25.1,nM,7.6,ChEMBL
N-acetylcysteine,LIPOXYGENASE,CHEMBL2903,CHEMBL600,Potency,25.1,nM,7.6,ChEMBL
N-acetylcysteine,LYSINE N-METHYLTRANSFERASE 1C,CHEMBL6032,CHEMBL600,Potency,8436.8,nM,,ChEMBL
N-acetylcysteine,MOTOR,CHEMBL1293232,CHEMBL600,Potency,1584.9,nM,5.8,ChEMBL
N-acetylcysteine,NEURON,CHEMBL1293232,CHEMBL600,Potency,1584.9,nM,5.8,ChEMBL
N-acetylcysteine,NFKB1,CHEMBL3251,CHEMBL600,Potency,4466.8,nM,5.35,ChEMBL
N-acetylcysteine,NR3C1,CHEMBL2034,CHEMBL600,Potency,2.8,nM,,ChEMBL
N-acetylcysteine,NUCLEAR,CHEMBL3251,CHEMBL600,Potency,4466.8,nM,5.35,ChEMBL
N-acetylcysteine,NUCLEAR FACTOR NF-KAPPA-B P105 SUBUNIT,CHEMBL3251,CHEMBL600,Potency,4466.8,nM,5.35,ChEMBL
N-acetylcysteine,NUCLEAR FACTOR NF-KAPPA-B P50 SUBUNIT,CHEMBL3251,CHEMBL600,Potency,4466.8,nM,5.35,ChEMBL
N-acetylcysteine,NUCLEAR FACTOR OF KAPPA LIGHT POLYPEPTIDE GENE ENHANCER IN B-CELLS 1,CHEMBL3251,CHEMBL600,Potency,4466.8,nM,5.35,ChEMBL
N-acetylcysteine,NUCLEAR RECEPTOR SUBFAMILY 1 GROUP A MEMBER 2,CHEMBL1947,CHEMBL600,Potency,562.3,nM,6.25,ChEMBL
N-acetylcysteine,NUCLEAR RECEPTOR SUBFAMILY 1 GROUP I MEMBER 1,CHEMBL1977,CHEMBL600,Potency,1122.0,nM,,ChEMBL
N-acetylcysteine,NUCLEAR RECEPTOR SUBFAMILY 3 GROUP C MEMBER 1,CHEMBL2034,CHEMBL600,Potency,2.8,nM,,ChEMBL
N-acetylcysteine,OF,CHEMBL1795091,CHEMBL600,Potency,237.6,nM,,ChEMBL
N-acetylcysteine,POLYUNSATURATED,CHEMBL2903,CHEMBL600,Potency,25.1,nM,7.6,ChEMBL
N-acetylcysteine,POLYUNSATURATED FATTY ACID LIPOXYGENASE ALOX15,CHEMBL2903,CHEMBL600,Potency,25.1,nM,7.6,ChEMBL
N-acetylcysteine,PROTEIN,CHEMBL1293232,CHEMBL600,Potency,1584.9,nM,5.8,ChEMBL
N-acetylcysteine,PROTEIN G9A,CHEMBL6032,CHEMBL600,Potency,8436.8,nM,,ChEMBL
N-acetylcysteine,RECEPTOR,CHEMBL1947,CHEMBL600,Potency,562.3,nM,6.25,ChEMBL
N-acetylcysteine,RECQ PROTEIN-LIKE 1,CHEMBL1293236,CHEMBL600,Potency,1412.5,nM,5.85,ChEMBL
N-acetylcysteine,RECQ PROTEIN-LIKE 3,CHEMBL1293237,CHEMBL600,Potency,1000.0,nM,6.0,ChEMBL
N-acetylcysteine,RECQ-LIKE DNA HELICASE BLM,CHEMBL1293237,CHEMBL600,Potency,1000.0,nM,6.0,ChEMBL
N-acetylcysteine,RECQ1,CHEMBL1293236,CHEMBL600,Potency,1412.5,nM,5.85,ChEMBL
N-acetylcysteine,RECQ2,CHEMBL1293237,CHEMBL600,Potency,1000.0,nM,6.0,ChEMBL
N-acetylcysteine,RECQL,CHEMBL1293236,CHEMBL600,Potency,1412.5,nM,5.85,ChEMBL
N-acetylcysteine,REGULATOR,CHEMBL1795091,CHEMBL600,Potency,237.6,nM,,ChEMBL
N-acetylcysteine,REGULATOR OF G-PROTEIN SIGNALING 4,CHEMBL1795091,CHEMBL600,Potency,237.6,nM,,ChEMBL
N-acetylcysteine,RGP4,CHEMBL1795091,CHEMBL600,Potency,237.6,nM,,ChEMBL
N-acetylcysteine,RGS4,CHEMBL1795091,CHEMBL600,Potency,237.6,nM,,ChEMBL
N-acetylcysteine,SIGNALING,CHEMBL1795091,CHEMBL600,Potency,237.6,nM,,ChEMBL
N-acetylcysteine,SMN1,CHEMBL1293232,CHEMBL600,Potency,1584.9,nM,5.8,ChEMBL
N-acetylcysteine,SMN2,CHEMBL1293232,CHEMBL600,Potency,1584.9,nM,5.8,ChEMBL
N-acetylcysteine,SUBUNIT,CHEMBL3251,CHEMBL600,Potency,4466.8,nM,5.35,ChEMBL
N-acetylcysteine,SURVIVAL,CHEMBL1293232,CHEMBL600,Potency,1584.9,nM,5.8,ChEMBL
N-acetylcysteine,SURVIVAL MOTOR NEURON PROTEIN,CHEMBL1293232,CHEMBL600,Potency,1584.9,nM,5.8,ChEMBL
N-acetylcysteine,THRB,CHEMBL1947,CHEMBL600,Potency,562.3,nM,6.25,ChEMBL
N-acetylcysteine,THYROID,CHEMBL1947,CHEMBL600,Potency,562.3,nM,6.25,ChEMBL
N-acetylcysteine,THYROID HORMONE RECEPTOR BETA,CHEMBL1947,CHEMBL600,Potency,562.3,nM,6.25,ChEMBL
N-acetylcysteine,UNCHECKED,CHEMBL612545,CHEMBL600,Potency,7943.3,nM,5.1,ChEMBL
N-acetylcysteine,VDR,CHEMBL1977,CHEMBL600,Potency,1122.0,nM,,ChEMBL
N-acetylcysteine,VITAMIN,CHEMBL1977,CHEMBL600,Potency,1122.0,nM,,ChEMBL
N-acetylcysteine,VITAMIN D3 RECEPTOR,CHEMBL1977,CHEMBL600,Potency,1122.0,nM,,ChEMBL
Naringenin,(R)-LIMONENE 6-MONOOXYGENASE,CHEMBL3622,CHEMBL9352,Potency,7943.3,nM,5.1,ChEMBL
Naringenin,(S)-LIMONENE 6-MONOOXYGENASE,CHEMBL3622,CHEMBL9352,Potency,7943.3,nM,5.1,ChEMBL
Naringenin,(S)-LIMONENE 7-MONOOXYGENASE,CHEMBL3622,CHEMBL9352,Potency,7943.3,nM,5.1,ChEMBL
Naringenin,"1,4-CINEOLE 2-EXO-MONOOXYGENASE",CHEMBL340,CHEMBL9352,Potency,5011.9,nM,5.3,ChEMBL
Naringenin,"1,8-CINEOLE 2-EXO-MONOOXYGENASE",CHEMBL340,CHEMBL9352,Potency,5011.9,nM,5.3,ChEMBL
Naringenin,15-HYDROXYPROSTAGLANDIN DEHYDROGENASE [NADP(+)],CHEMBL5586,CHEMBL9352,Ki,3430.0,nM,5.46,ChEMBL
Naringenin,17-BETA-HSD 1,CHEMBL3181,CHEMBL9352,IC50,4960.0,nM,5.3,ChEMBL
Naringenin,17-BETA-HYDROXYSTEROID DEHYDROGENASE TYPE 1,CHEMBL3181,CHEMBL9352,IC50,4960.0,nM,5.3,ChEMBL
Naringenin,20 ALPHA-HYDROXYSTEROID DEHYDROGENASE,CHEMBL3181,CHEMBL9352,IC50,4960.0,nM,5.3,ChEMBL
Naringenin,20-ALPHA-HSD,CHEMBL3181,CHEMBL9352,IC50,4960.0,nM,5.3,ChEMBL
Naringenin,20-BETA-HYDROXYSTEROID DEHYDROGENASE,CHEMBL5586,CHEMBL9352,Ki,3430.0,nM,5.46,ChEMBL
Naringenin,ABCC1,CHEMBL3004,CHEMBL9352,Ki,2400.0,nM,5.62,ChEMBL
Naringenin,ABP,CHEMBL3305,CHEMBL9352,Kd,954.99,nM,6.02,ChEMBL
Naringenin,ADABP,CHEMBL284,CHEMBL9352,IC50,240.0,nM,6.62,ChEMBL
Naringenin,ADCP-2,CHEMBL284,CHEMBL9352,IC50,240.0,nM,6.62,ChEMBL
Naringenin,ADENOSINE DEAMINASE COMPLEXING PROTEIN 2,CHEMBL284,CHEMBL9352,IC50,240.0,nM,6.62,ChEMBL
Naringenin,ALBENDAZOLE MONOOXYGENASE (SULFOXIDE-FORMING),CHEMBL340,CHEMBL9352,Potency,5011.9,nM,5.3,ChEMBL
Naringenin,ALBENDAZOLE SULFOXIDASE,CHEMBL340,CHEMBL9352,Potency,5011.9,nM,5.3,ChEMBL
Naringenin,ALCOHOL DEHYDROGENASE [NAD(P)+] CBR1,CHEMBL5586,CHEMBL9352,Ki,3430.0,nM,5.46,ChEMBL
Naringenin,ANHYDRASE,CHEMBL2326,CHEMBL9352,Ki,4.3,nM,8.37,ChEMBL
Naringenin,AROMATASE,CHEMBL1978,CHEMBL9352,IC50,2.9,nM,8.54,ChEMBL
Naringenin,ATP-BINDING CASSETTE SUB-FAMILY C MEMBER 1,CHEMBL3004,CHEMBL9352,Ki,2400.0,nM,5.62,ChEMBL
Naringenin,ATTR,CHEMBL3194,CHEMBL9352,Kd,1630.0,nM,5.79,ChEMBL
Naringenin,BJ,CHEMBL614358,CHEMBL9352,EC50,10000.0,nM,,ChEMBL
Naringenin,CA-I,CHEMBL261,CHEMBL9352,Ki,10000.0,nM,,ChEMBL
Naringenin,CA-II,CHEMBL205,CHEMBL9352,Ki,10000.0,nM,,ChEMBL
Naringenin,CA-IV,CHEMBL3729,CHEMBL9352,Ki,79.5,nM,7.1,ChEMBL
Naringenin,CA-VII,CHEMBL2326,CHEMBL9352,Ki,4.3,nM,8.37,ChEMBL
Naringenin,CA-XII,CHEMBL3242,CHEMBL9352,Ki,44.3,nM,7.35,ChEMBL
Naringenin,CA1,CHEMBL261,CHEMBL9352,Ki,10000.0,nM,,ChEMBL
Naringenin,CA12,CHEMBL3242,CHEMBL9352,Ki,44.3,nM,7.35,ChEMBL
Naringenin,CA2,CHEMBL205,CHEMBL9352,Ki,10000.0,nM,,ChEMBL
Naringenin,CA4,CHEMBL3729,CHEMBL9352,Ki,79.5,nM,7.1,ChEMBL
Naringenin,CA7,CHEMBL2326,CHEMBL9352,Ki,4.3,nM,8.37,ChEMBL
Naringenin,CAB,CHEMBL261,CHEMBL9352,Ki,10000.0,nM,,ChEMBL
Naringenin,CAC,CHEMBL205,CHEMBL9352,Ki,10000.0,nM,,ChEMBL
Naringenin,CARBONATE DEHYDRATASE I,CHEMBL261,CHEMBL9352,Ki,10000.0,nM,,ChEMBL
Naringenin,CARBONATE DEHYDRATASE II,CHEMBL205,CHEMBL9352,Ki,10000.0,nM,,ChEMBL
Naringenin,CARBONATE DEHYDRATASE IV,CHEMBL3729,CHEMBL9352,Ki,79.5,nM,7.1,ChEMBL
Naringenin,CARBONATE DEHYDRATASE VII,CHEMBL2326,CHEMBL9352,Ki,4.3,nM,8.37,ChEMBL
Naringenin,CARBONATE DEHYDRATASE XII,CHEMBL3242,CHEMBL9352,Ki,44.3,nM,7.35,ChEMBL
Naringenin,CARBONIC,CHEMBL2326,CHEMBL9352,Ki,4.3,nM,8.37,ChEMBL
Naringenin,CARBONIC ANHYDRASE 1,CHEMBL261,CHEMBL9352,Ki,10000.0,nM,,ChEMBL
Naringenin,CARBONIC ANHYDRASE 12,CHEMBL3242,CHEMBL9352,Ki,44.3,nM,7.35,ChEMBL
Naringenin,CARBONIC ANHYDRASE 2,CHEMBL205,CHEMBL9352,Ki,10000.0,nM,,ChEMBL
Naringenin,CARBONIC ANHYDRASE 4,CHEMBL3729,CHEMBL9352,Ki,79.5,nM,7.1,ChEMBL
Naringenin,CARBONIC ANHYDRASE 7,CHEMBL2326,CHEMBL9352,Ki,4.3,nM,8.37,ChEMBL
Naringenin,CARBONIC ANHYDRASE B,CHEMBL261,CHEMBL9352,Ki,10000.0,nM,,ChEMBL
Naringenin,CARBONIC ANHYDRASE C,CHEMBL205,CHEMBL9352,Ki,10000.0,nM,,ChEMBL
Naringenin,CARBONIC ANHYDRASE I,CHEMBL261,CHEMBL9352,Ki,10000.0,nM,,ChEMBL
Naringenin,CARBONIC ANHYDRASE II,CHEMBL205,CHEMBL9352,Ki,10000.0,nM,,ChEMBL
Naringenin,CARBONIC ANHYDRASE IV,CHEMBL3729,CHEMBL9352,Ki,79.5,nM,7.1,ChEMBL
Naringenin,CARBONIC ANHYDRASE VII,CHEMBL2326,CHEMBL9352,Ki,4.3,nM,8.37,ChEMBL
Naringenin,CARBONIC ANHYDRASE XII,CHEMBL3242,CHEMBL9352,Ki,44.3,nM,7.35,ChEMBL
Naringenin,CARBONYL,CHEMBL5586,CHEMBL9352,Ki,3430.0,nM,5.46,ChEMBL
Naringenin,CARBONYL REDUCTASE [NADPH] 1,CHEMBL5586,CHEMBL9352,Ki,3430.0,nM,5.46,ChEMBL
Naringenin,CBR1,CHEMBL5586,CHEMBL9352,Ki,3430.0,nM,5.46,ChEMBL
Naringenin,CCRF-CEM,CHEMBL382,CHEMBL9352,EC50,10000.0,nM,,ChEMBL
Naringenin,CD_ANTIGEN=CD135,CHEMBL1974,CHEMBL9352,IC50,10000.0,nM,,ChEMBL
Naringenin,CD_ANTIGEN=CD26,CHEMBL284,CHEMBL9352,IC50,240.0,nM,6.62,ChEMBL
Naringenin,CHOLESTEROL 25-HYDROXYLASE,CHEMBL340,CHEMBL9352,Potency,5011.9,nM,5.3,ChEMBL
Naringenin,COL2,CHEMBL614462,CHEMBL9352,EC50,1000.0,nM,,ChEMBL
Naringenin,CYANAMIDE HYDRATASE CA1,CHEMBL261,CHEMBL9352,Ki,10000.0,nM,,ChEMBL
Naringenin,CYANAMIDE HYDRATASE CA2,CHEMBL205,CHEMBL9352,Ki,10000.0,nM,,ChEMBL
Naringenin,CYP19A1,CHEMBL1978,CHEMBL9352,IC50,2.9,nM,8.54,ChEMBL
Naringenin,CYP1B1,CHEMBL4878,CHEMBL9352,IC50,3656.0,nM,5.44,ChEMBL
Naringenin,CYP2C19,CHEMBL3622,CHEMBL9352,Potency,7943.3,nM,5.1,ChEMBL
Naringenin,CYP3A4,CHEMBL340,CHEMBL9352,Potency,5011.9,nM,5.3,ChEMBL
Naringenin,CYPIB1,CHEMBL4878,CHEMBL9352,IC50,3656.0,nM,5.44,ChEMBL
Naringenin,CYPIIC17,CHEMBL3622,CHEMBL9352,Potency,7943.3,nM,5.1,ChEMBL
Naringenin,CYPIIC19,CHEMBL3622,CHEMBL9352,Potency,7943.3,nM,5.1,ChEMBL
Naringenin,CYPIIIA3,CHEMBL340,CHEMBL9352,Potency,5011.9,nM,5.3,ChEMBL
Naringenin,CYPIIIA4,CHEMBL340,CHEMBL9352,Potency,5011.9,nM,5.3,ChEMBL
Naringenin,CYPXIX,CHEMBL1978,CHEMBL9352,IC50,2.9,nM,8.54,ChEMBL
Naringenin,CYTOCHROME,CHEMBL4878,CHEMBL9352,IC50,3656.0,nM,5.44,ChEMBL
Naringenin,CYTOCHROME P-450AROM,CHEMBL1978,CHEMBL9352,IC50,2.9,nM,8.54,ChEMBL
Naringenin,CYTOCHROME P450 19A1,CHEMBL1978,CHEMBL9352,IC50,2.9,nM,8.54,ChEMBL
Naringenin,CYTOCHROME P450 1B1,CHEMBL4878,CHEMBL9352,IC50,3656.0,nM,5.44,ChEMBL
Naringenin,CYTOCHROME P450 2C19,CHEMBL3622,CHEMBL9352,Potency,7943.3,nM,5.1,ChEMBL
Naringenin,CYTOCHROME P450 3A3,CHEMBL340,CHEMBL9352,Potency,5011.9,nM,5.3,ChEMBL
Naringenin,CYTOCHROME P450 3A4,CHEMBL340,CHEMBL9352,Potency,5011.9,nM,5.3,ChEMBL
Naringenin,CYTOCHROME P450 HLP,CHEMBL340,CHEMBL9352,Potency,5011.9,nM,5.3,ChEMBL
Naringenin,CYTOCHROME P450 NF-25,CHEMBL340,CHEMBL9352,Potency,5011.9,nM,5.3,ChEMBL
Naringenin,CYTOCHROME P450-11A,CHEMBL3622,CHEMBL9352,Potency,7943.3,nM,5.1,ChEMBL
Naringenin,CYTOCHROME P450-254C,CHEMBL3622,CHEMBL9352,Potency,7943.3,nM,5.1,ChEMBL
Naringenin,CYTOCHROME P450-PCN1,CHEMBL340,CHEMBL9352,Potency,5011.9,nM,5.3,ChEMBL
Naringenin,DEHYDROGENASE,CHEMBL3181,CHEMBL9352,IC50,4960.0,nM,5.3,ChEMBL
Naringenin,DIPEPTIDYL,CHEMBL284,CHEMBL9352,IC50,240.0,nM,6.62,ChEMBL
Naringenin,DIPEPTIDYL PEPTIDASE 4,CHEMBL284,CHEMBL9352,IC50,240.0,nM,6.62,ChEMBL
Naringenin,DIPEPTIDYL PEPTIDASE 4 MEMBRANE FORM,CHEMBL284,CHEMBL9352,IC50,240.0,nM,6.62,ChEMBL
Naringenin,DIPEPTIDYL PEPTIDASE 4 SOLUBLE FORM,CHEMBL284,CHEMBL9352,IC50,240.0,nM,6.62,ChEMBL
Naringenin,DIPEPTIDYL PEPTIDASE IV,CHEMBL284,CHEMBL9352,IC50,240.0,nM,6.62,ChEMBL
Naringenin,DIPEPTIDYL PEPTIDASE IV MEMBRANE FORM,CHEMBL284,CHEMBL9352,IC50,240.0,nM,6.62,ChEMBL
Naringenin,DIPEPTIDYL PEPTIDASE IV SOLUBLE FORM,CHEMBL284,CHEMBL9352,IC50,240.0,nM,6.62,ChEMBL
Naringenin,DPP IV,CHEMBL284,CHEMBL9352,IC50,240.0,nM,6.62,ChEMBL
Naringenin,DPP4,CHEMBL284,CHEMBL9352,IC50,240.0,nM,6.62,ChEMBL
Naringenin,E2DH,CHEMBL3181,CHEMBL9352,IC50,4960.0,nM,5.3,ChEMBL
Naringenin,ESTRADIOL 17-BETA-DEHYDROGENASE 1,CHEMBL3181,CHEMBL9352,IC50,4960.0,nM,5.3,ChEMBL
Naringenin,ESTROGEN SYNTHASE,CHEMBL1978,CHEMBL9352,IC50,2.9,nM,8.54,ChEMBL
Naringenin,FENBENDAZOLE MONOOXYGENASE (4'-HYDROXYLATING),CHEMBL3622,CHEMBL9352,Potency,7943.3,nM,5.1,ChEMBL
Naringenin,FETAL LIVER KINASE-2,CHEMBL1974,CHEMBL9352,IC50,10000.0,nM,,ChEMBL
Naringenin,FL CYTOKINE RECEPTOR,CHEMBL1974,CHEMBL9352,IC50,10000.0,nM,,ChEMBL
Naringenin,FLK-2,CHEMBL1974,CHEMBL9352,IC50,10000.0,nM,,ChEMBL
Naringenin,FLT-3,CHEMBL1974,CHEMBL9352,IC50,10000.0,nM,,ChEMBL
Naringenin,FLT3,CHEMBL1974,CHEMBL9352,IC50,10000.0,nM,,ChEMBL
Naringenin,FMS-LIKE TYROSINE KINASE 3,CHEMBL1974,CHEMBL9352,IC50,10000.0,nM,,ChEMBL
Naringenin,GAG-POL POLYPROTEIN,CHEMBL3471,CHEMBL9352,IC50,1700.0,nM,5.77,ChEMBL
Naringenin,GEMININ,CHEMBL1293278,CHEMBL9352,Potency,4.6,nM,,ChEMBL
Naringenin,GLOBULIN,CHEMBL3305,CHEMBL9352,Kd,954.99,nM,6.02,ChEMBL
Naringenin,GLUTATHIONE-S-CONJUGATE-TRANSLOCATING ATPASE ABCC1,CHEMBL3004,CHEMBL9352,Ki,2400.0,nM,5.62,ChEMBL
Naringenin,GMNN,CHEMBL1293278,CHEMBL9352,Potency,4.6,nM,,ChEMBL
Naringenin,HELA,CHEMBL399,CHEMBL9352,EC50,10000.0,nM,,ChEMBL
Naringenin,HSD17B1,CHEMBL3181,CHEMBL9352,IC50,4960.0,nM,5.3,ChEMBL
Naringenin,HYDROPEROXY ICOSATETRAENOATE DEHYDRATASE,CHEMBL4878,CHEMBL9352,IC50,3656.0,nM,5.44,ChEMBL
Naringenin,KINASE,CHEMBL1974,CHEMBL9352,IC50,10000.0,nM,,ChEMBL
Naringenin,LEUKOTRIENE C(4) TRANSPORTER,CHEMBL3004,CHEMBL9352,Ki,2400.0,nM,5.62,ChEMBL
Naringenin,LTC4 TRANSPORTER,CHEMBL3004,CHEMBL9352,Ki,2400.0,nM,5.62,ChEMBL
Naringenin,MCF7,CHEMBL387,CHEMBL9352,IC50,300.0,nM,6.52,ChEMBL
Naringenin,MEPHENYTOIN 4-HYDROXYLASE,CHEMBL3622,CHEMBL9352,Potency,7943.3,nM,5.1,ChEMBL
Naringenin,MULTIDRUG,CHEMBL3004,CHEMBL9352,Ki,2400.0,nM,5.62,ChEMBL
Naringenin,MULTIDRUG RESISTANCE-ASSOCIATED PROTEIN 1,CHEMBL3004,CHEMBL9352,Ki,2400.0,nM,5.62,ChEMBL
Naringenin,MUS MUSCULUS,CHEMBL375,CHEMBL9352,IC50,1310.0,nM,5.88,ChEMBL
Naringenin,NADPH-DEPENDENT CARBONYL REDUCTASE 1,CHEMBL5586,CHEMBL9352,Ki,3430.0,nM,5.46,ChEMBL
Naringenin,NEUTROPHIL,CHEMBL5314326,CHEMBL9352,IC50,5300.0,nM,5.28,ChEMBL
Naringenin,NIFEDIPINE OXIDASE,CHEMBL340,CHEMBL9352,Potency,5011.9,nM,5.3,ChEMBL
Naringenin,NO RELEVANT TARGET,CHEMBL2362975,CHEMBL9352,IC50,1050.0,nM,5.98,ChEMBL
Naringenin,PEPTIDASE,CHEMBL284,CHEMBL9352,IC50,240.0,nM,6.62,ChEMBL
Naringenin,PG-9-KR,CHEMBL5586,CHEMBL9352,Ki,3430.0,nM,5.46,ChEMBL
Naringenin,PLACENTAL 17-BETA-HYDROXYSTEROID DEHYDROGENASE,CHEMBL3181,CHEMBL9352,IC50,4960.0,nM,5.3,ChEMBL
Naringenin,PLASMODIUM FALCIPARUM,CHEMBL364,CHEMBL9352,Potency,7375.3,nM,,ChEMBL
Naringenin,POL,CHEMBL3471,CHEMBL9352,IC50,1700.0,nM,5.77,ChEMBL
Naringenin,POLYPROTEIN,CHEMBL3471,CHEMBL9352,IC50,1700.0,nM,5.77,ChEMBL
Naringenin,PR160GAG-POL,CHEMBL3471,CHEMBL9352,IC50,1700.0,nM,5.77,ChEMBL
Naringenin,PREALBUMIN,CHEMBL3194,CHEMBL9352,Kd,1630.0,nM,5.79,ChEMBL
Naringenin,PROSTAGLANDIN 9-KETOREDUCTASE,CHEMBL5586,CHEMBL9352,Ki,3430.0,nM,5.46,ChEMBL
Naringenin,PROSTAGLANDIN-E(2) 9-REDUCTASE,CHEMBL5586,CHEMBL9352,Ki,3430.0,nM,5.46,ChEMBL
Naringenin,PROTEIN,CHEMBL3004,CHEMBL9352,Ki,2400.0,nM,5.62,ChEMBL
Naringenin,QUININE 3-MONOOXYGENASE,CHEMBL340,CHEMBL9352,Potency,5011.9,nM,5.3,ChEMBL
Naringenin,RECEPTOR-TYPE TYROSINE-PROTEIN KINASE FLT3,CHEMBL1974,CHEMBL9352,IC50,10000.0,nM,,ChEMBL
Naringenin,REDUCTASE,CHEMBL5586,CHEMBL9352,Ki,3430.0,nM,5.46,ChEMBL
Naringenin,RPMI-8226,CHEMBL614882,CHEMBL9352,EC50,10000.0,nM,,ChEMBL
Naringenin,SBP,CHEMBL3305,CHEMBL9352,Kd,954.99,nM,6.02,ChEMBL
Naringenin,SEX,CHEMBL3305,CHEMBL9352,Kd,954.99,nM,6.02,ChEMBL
Naringenin,SEX HORMONE-BINDING GLOBULIN,CHEMBL3305,CHEMBL9352,Kd,954.99,nM,6.02,ChEMBL
Naringenin,SEX STEROID-BINDING PROTEIN,CHEMBL3305,CHEMBL9352,Kd,954.99,nM,6.02,ChEMBL
Naringenin,SHBG,CHEMBL3305,CHEMBL9352,Kd,954.99,nM,6.02,ChEMBL
Naringenin,SHORT CHAIN DEHYDROGENASE/REDUCTASE FAMILY 21C MEMBER 1,CHEMBL5586,CHEMBL9352,Ki,3430.0,nM,5.46,ChEMBL
Naringenin,SHORT CHAIN DEHYDROGENASE/REDUCTASE FAMILY 28C MEMBER 1,CHEMBL3181,CHEMBL9352,IC50,4960.0,nM,5.3,ChEMBL
Naringenin,STEM CELL TYROSINE KINASE 1,CHEMBL1974,CHEMBL9352,IC50,10000.0,nM,,ChEMBL
Naringenin,STK-1,CHEMBL1974,CHEMBL9352,IC50,10000.0,nM,,ChEMBL
Naringenin,T-CELL ACTIVATION ANTIGEN CD26,CHEMBL284,CHEMBL9352,IC50,240.0,nM,6.62,ChEMBL
Naringenin,TBPA,CHEMBL3194,CHEMBL9352,Kd,1630.0,nM,5.79,ChEMBL
Naringenin,TDP1,CHEMBL1075138,CHEMBL9352,Potency,7079.5,nM,5.15,ChEMBL
Naringenin,TEBG,CHEMBL3305,CHEMBL9352,Kd,954.99,nM,6.02,ChEMBL
Naringenin,TESTIS-SPECIFIC ANDROGEN-BINDING PROTEIN,CHEMBL3305,CHEMBL9352,Kd,954.99,nM,6.02,ChEMBL
Naringenin,TESTOSTERONE-ESTRADIOL-BINDING GLOBULIN,CHEMBL3305,CHEMBL9352,Kd,954.99,nM,6.02,ChEMBL
Naringenin,TESTOSTERONE-ESTROGEN-BINDING GLOBULIN,CHEMBL3305,CHEMBL9352,Kd,954.99,nM,6.02,ChEMBL
Naringenin,THP-1,CHEMBL614245,CHEMBL9352,EC50,10000.0,nM,,ChEMBL
Naringenin,TP103,CHEMBL284,CHEMBL9352,IC50,240.0,nM,6.62,ChEMBL
Naringenin,TRANSTHYRETIN,CHEMBL3194,CHEMBL9352,Kd,1630.0,nM,5.79,ChEMBL
Naringenin,TTR,CHEMBL3194,CHEMBL9352,Kd,1630.0,nM,5.79,ChEMBL
Naringenin,TUMOR ANTIGEN HOM-RCC-3.1.3,CHEMBL3242,CHEMBL9352,Ki,44.3,nM,7.35,ChEMBL
Naringenin,TYPE,CHEMBL3181,CHEMBL9352,IC50,4960.0,nM,5.3,ChEMBL
Naringenin,TYR-DNA PHOSPHODIESTERASE 1,CHEMBL1075138,CHEMBL9352,Potency,7079.5,nM,5.15,ChEMBL
Naringenin,TYROSYL-DNA PHOSPHODIESTERASE 1,CHEMBL1075138,CHEMBL9352,Potency,7079.5,nM,5.15,ChEMBL
Naringenin,U-266,CHEMBL2366315,CHEMBL9352,EC50,10000.0,nM,,ChEMBL
Naringenin,UNCHECKED,CHEMBL612545,CHEMBL9352,IC50,1800.0,nM,5.75,ChEMBL
Nobiletin,A2780/TAXOL,CHEMBL4483224,CHEMBL76447,IC50,9000.0,nM,5.05,ChEMBL
Nobiletin,A549/TR,CHEMBL4483226,CHEMBL76447,IC50,9000.0,nM,5.05,ChEMBL
Nobiletin,ABCG2,CHEMBL5393,CHEMBL76447,IC50,4900.0,nM,5.31,ChEMBL
Nobiletin,ALL-1,CHEMBL2093861,CHEMBL76447,Potency,7943.3,nM,5.1,ChEMBL
Nobiletin,AMPC,CHEMBL2026,CHEMBL76447,Potency,1412.5,nM,5.85,ChEMBL
Nobiletin,ATP-BINDING CASSETTE SUB-FAMILY G MEMBER 2,CHEMBL5393,CHEMBL76447,IC50,4900.0,nM,5.31,ChEMBL
Nobiletin,BETA-LACTAMASE,CHEMBL2026,CHEMBL76447,Potency,1412.5,nM,5.85,ChEMBL
Nobiletin,BREAST CANCER RESISTANCE PROTEIN,CHEMBL5393,CHEMBL76447,IC50,4900.0,nM,5.31,ChEMBL
Nobiletin,BROAD,CHEMBL5393,CHEMBL76447,IC50,4900.0,nM,5.31,ChEMBL
Nobiletin,BROAD SUBSTRATE SPECIFICITY ATP-BINDING CASSETTE TRANSPORTER ABCG2,CHEMBL5393,CHEMBL76447,IC50,4900.0,nM,5.31,ChEMBL
Nobiletin,C-TERMINAL CLEAVAGE PRODUCT OF 180 KDA,CHEMBL2093861,CHEMBL76447,Potency,7943.3,nM,5.1,ChEMBL
Nobiletin,CASSETTE,CHEMBL5393,CHEMBL76447,IC50,4900.0,nM,5.31,ChEMBL
Nobiletin,CDW338,CHEMBL5393,CHEMBL76447,IC50,4900.0,nM,5.31,ChEMBL
Nobiletin,CD_ANTIGEN=CD338,CHEMBL5393,CHEMBL76447,IC50,4900.0,nM,5.31,ChEMBL
Nobiletin,CEPHALOSPORINASE,CHEMBL2026,CHEMBL76447,Potency,1412.5,nM,5.85,ChEMBL
Nobiletin,CSASE,CHEMBL2026,CHEMBL76447,Potency,1412.5,nM,5.85,ChEMBL
Nobiletin,CXXC-TYPE ZINC FINGER PROTEIN 7,CHEMBL2093861,CHEMBL76447,Potency,7943.3,nM,5.1,ChEMBL
Nobiletin,CYSTEINE METHYLTRANSFERASE KMT2A,CHEMBL2093861,CHEMBL76447,Potency,7943.3,nM,5.1,ChEMBL
Nobiletin,EHMT2,CHEMBL6032,CHEMBL76447,Potency,501.2,nM,,ChEMBL
Nobiletin,EUCHROMATIC HISTONE-LYSINE N-METHYLTRANSFERASE 2,CHEMBL6032,CHEMBL76447,Potency,501.2,nM,,ChEMBL
Nobiletin,GEMININ,CHEMBL1293278,CHEMBL76447,Potency,316.2,nM,,ChEMBL
Nobiletin,GLP-1 RECEPTOR,CHEMBL1784,CHEMBL76447,Potency,1778.3,nM,,ChEMBL
Nobiletin,GLP-1-R,CHEMBL1784,CHEMBL76447,Potency,1778.3,nM,,ChEMBL
Nobiletin,GLP-1R,CHEMBL1784,CHEMBL76447,Potency,1778.3,nM,,ChEMBL
Nobiletin,GLP1R,CHEMBL1784,CHEMBL76447,Potency,1778.3,nM,,ChEMBL
Nobiletin,GLUCAGON-LIKE PEPTIDE 1 RECEPTOR,CHEMBL1784,CHEMBL76447,Potency,1778.3,nM,,ChEMBL
Nobiletin,GMNN,CHEMBL1293278,CHEMBL76447,Potency,316.2,nM,,ChEMBL
Nobiletin,H3-K9-HMTASE 3,CHEMBL6032,CHEMBL76447,Potency,501.2,nM,,ChEMBL
Nobiletin,HISTONE H3-K9 METHYLTRANSFERASE 3,CHEMBL6032,CHEMBL76447,Potency,501.2,nM,,ChEMBL
Nobiletin,HISTONE-LYSINE N-METHYLTRANSFERASE 2A,CHEMBL2093861,CHEMBL76447,Potency,7943.3,nM,5.1,ChEMBL
Nobiletin,HISTONE-LYSINE N-METHYLTRANSFERASE EHMT2,CHEMBL6032,CHEMBL76447,Potency,501.2,nM,,ChEMBL
Nobiletin,HLA-B-ASSOCIATED TRANSCRIPT 8,CHEMBL6032,CHEMBL76447,Potency,501.2,nM,,ChEMBL
Nobiletin,KMT2A,CHEMBL2093861,CHEMBL76447,Potency,7943.3,nM,5.1,ChEMBL
Nobiletin,LYSINE N-METHYLTRANSFERASE 1C,CHEMBL6032,CHEMBL76447,Potency,501.2,nM,,ChEMBL
Nobiletin,LYSINE N-METHYLTRANSFERASE 2A,CHEMBL2093861,CHEMBL76447,Potency,7943.3,nM,5.1,ChEMBL
Nobiletin,MEN1,CHEMBL2093861,CHEMBL76447,Potency,7943.3,nM,5.1,ChEMBL
Nobiletin,MENIN,CHEMBL2093861,CHEMBL76447,Potency,7943.3,nM,5.1,ChEMBL
Nobiletin,MITOXANTRONE RESISTANCE-ASSOCIATED PROTEIN,CHEMBL5393,CHEMBL76447,IC50,4900.0,nM,5.31,ChEMBL
Nobiletin,MLL CLEAVAGE PRODUCT C180,CHEMBL2093861,CHEMBL76447,Potency,7943.3,nM,5.1,ChEMBL
Nobiletin,MLL CLEAVAGE PRODUCT N320,CHEMBL2093861,CHEMBL76447,Potency,7943.3,nM,5.1,ChEMBL
Nobiletin,MONOCYTE,CHEMBL614076,CHEMBL76447,IC50,10000.0,nM,5.0,ChEMBL
Nobiletin,MYELOID/LYMPHOID OR MIXED-LINEAGE LEUKEMIA,CHEMBL2093861,CHEMBL76447,Potency,7943.3,nM,5.1,ChEMBL
Nobiletin,MYELOID/LYMPHOID OR MIXED-LINEAGE LEUKEMIA PROTEIN 1,CHEMBL2093861,CHEMBL76447,Potency,7943.3,nM,5.1,ChEMBL
Nobiletin,N-TERMINAL CLEAVAGE PRODUCT OF 320 KDA,CHEMBL2093861,CHEMBL76447,Potency,7943.3,nM,5.1,ChEMBL
Nobiletin,P180,CHEMBL2093861,CHEMBL76447,Potency,7943.3,nM,5.1,ChEMBL
Nobiletin,P320,CHEMBL2093861,CHEMBL76447,Potency,7943.3,nM,5.1,ChEMBL
Nobiletin,PEPTIDE,CHEMBL1784,CHEMBL76447,Potency,1778.3,nM,,ChEMBL
Nobiletin,PLACENTA-SPECIFIC ATP-BINDING CASSETTE TRANSPORTER,CHEMBL5393,CHEMBL76447,IC50,4900.0,nM,5.31,ChEMBL
Nobiletin,PLASMODIUM FALCIPARUM,CHEMBL364,CHEMBL76447,Potency,104.2,nM,,ChEMBL
Nobiletin,PROTEIN G9A,CHEMBL6032,CHEMBL76447,Potency,501.2,nM,,ChEMBL
Nobiletin,RECEPTOR,CHEMBL1784,CHEMBL76447,Potency,1778.3,nM,,ChEMBL
Nobiletin,SPECIFICITY,CHEMBL5393,CHEMBL76447,IC50,4900.0,nM,5.31,ChEMBL
Nobiletin,SUBSTRATE,CHEMBL5393,CHEMBL76447,IC50,4900.0,nM,5.31,ChEMBL
Nobiletin,TRANSPORTER,CHEMBL5393,CHEMBL76447,IC50,4900.0,nM,5.31,ChEMBL
Nobiletin,TRITHORAX-LIKE PROTEIN,CHEMBL2093861,CHEMBL76447,Potency,7943.3,nM,5.1,ChEMBL
Nobiletin,UNCHECKED,CHEMBL612545,CHEMBL76447,Potency,5173.5,nM,,ChEMBL
Nobiletin,URATE EXPORTER,CHEMBL5393,CHEMBL76447,IC50,4900.0,nM,5.31,ChEMBL
Nobiletin,ZINC FINGER PROTEIN HRX,CHEMBL2093861,CHEMBL76447,Potency,7943.3,nM,5.1,ChEMBL
Oroxylin A,ANION,CHEMBL1743124,CHEMBL183513,IC50,7100.0,nM,5.15,ChEMBL
Oroxylin A,CARRIER,CHEMBL1743124,CHEMBL183513,IC50,7100.0,nM,5.15,ChEMBL
Oroxylin A,CD_ANTIGEN=CD135,CHEMBL1974,CHEMBL183513,IC50,1480.0,nM,5.83,ChEMBL
Oroxylin A,FAMILY,CHEMBL1743124,CHEMBL183513,IC50,7100.0,nM,5.15,ChEMBL
Oroxylin A,FETAL LIVER KINASE-2,CHEMBL1974,CHEMBL183513,IC50,1480.0,nM,5.83,ChEMBL
Oroxylin A,FL CYTOKINE RECEPTOR,CHEMBL1974,CHEMBL183513,IC50,1480.0,nM,5.83,ChEMBL
Oroxylin A,FLK-2,CHEMBL1974,CHEMBL183513,IC50,1480.0,nM,5.83,ChEMBL
Oroxylin A,FLT-3,CHEMBL1974,CHEMBL183513,IC50,1480.0,nM,5.83,ChEMBL
Oroxylin A,FLT3,CHEMBL1974,CHEMBL183513,IC50,1480.0,nM,5.83,ChEMBL
Oroxylin A,FMS-LIKE TYROSINE KINASE 3,CHEMBL1974,CHEMBL183513,IC50,1480.0,nM,5.83,ChEMBL
Oroxylin A,KINASE,CHEMBL1974,CHEMBL183513,IC50,1480.0,nM,5.83,ChEMBL
Oroxylin A,MEMBER,CHEMBL1743124,CHEMBL183513,IC50,7100.0,nM,5.15,ChEMBL
Oroxylin A,OATP-B,CHEMBL1743124,CHEMBL183513,IC50,7100.0,nM,5.15,ChEMBL
Oroxylin A,OATP-RP2,CHEMBL1743124,CHEMBL183513,IC50,7100.0,nM,5.15,ChEMBL
Oroxylin A,OATP2B1,CHEMBL1743124,CHEMBL183513,IC50,7100.0,nM,5.15,ChEMBL
Oroxylin A,OATPRP2,CHEMBL1743124,CHEMBL183513,IC50,7100.0,nM,5.15,ChEMBL
Oroxylin A,ORGANIC,CHEMBL1743124,CHEMBL183513,IC50,7100.0,nM,5.15,ChEMBL
Oroxylin A,ORGANIC ANION TRANSPORTER B,CHEMBL1743124,CHEMBL183513,IC50,7100.0,nM,5.15,ChEMBL
Oroxylin A,ORGANIC ANION TRANSPORTER POLYPEPTIDE-RELATED PROTEIN 2,CHEMBL1743124,CHEMBL183513,IC50,7100.0,nM,5.15,ChEMBL
Oroxylin A,ORGANIC ANION TRANSPORTING POLYPEPTIDE 2B1,CHEMBL1743124,CHEMBL183513,IC50,7100.0,nM,5.15,ChEMBL
Oroxylin A,RECEPTOR-TYPE TYROSINE-PROTEIN KINASE FLT3,CHEMBL1974,CHEMBL183513,IC50,1480.0,nM,5.83,ChEMBL
Oroxylin A,SLCO2B1,CHEMBL1743124,CHEMBL183513,IC50,7100.0,nM,5.15,ChEMBL
Oroxylin A,SOLUTE,CHEMBL1743124,CHEMBL183513,IC50,7100.0,nM,5.15,ChEMBL
Oroxylin A,SOLUTE CARRIER FAMILY 21 MEMBER 9,CHEMBL1743124,CHEMBL183513,IC50,7100.0,nM,5.15,ChEMBL
Oroxylin A,SOLUTE CARRIER ORGANIC ANION TRANSPORTER FAMILY MEMBER 2B1,CHEMBL1743124,CHEMBL183513,IC50,7100.0,nM,5.15,ChEMBL
Oroxylin A,STEM CELL TYROSINE KINASE 1,CHEMBL1974,CHEMBL183513,IC50,1480.0,nM,5.83,ChEMBL
Oroxylin A,STK-1,CHEMBL1974,CHEMBL183513,IC50,1480.0,nM,5.83,ChEMBL
Oroxylin A,TRANSPORTER,CHEMBL1743124,CHEMBL183513,IC50,7100.0,nM,5.15,ChEMBL
Oroxylin A,UNCHECKED,CHEMBL612545,CHEMBL183513,IC50,3900.0,nM,5.41,ChEMBL
Phloretin,(R)-LIMONENE 6-MONOOXYGENASE,CHEMBL3397,CHEMBL45068,Potency,2511.9,nM,5.6,ChEMBL
Phloretin,(S)-LIMONENE 6-MONOOXYGENASE,CHEMBL3397,CHEMBL45068,Potency,2511.9,nM,5.6,ChEMBL
Phloretin,(S)-LIMONENE 7-MONOOXYGENASE,CHEMBL3397,CHEMBL45068,Potency,2511.9,nM,5.6,ChEMBL
Phloretin,"1,4-CINEOLE 2-EXO-MONOOXYGENASE",CHEMBL340,CHEMBL45068,Potency,10000.0,nM,5.0,ChEMBL
Phloretin,"1,8-CINEOLE 2-EXO-MONOOXYGENASE",CHEMBL340,CHEMBL45068,Potency,10000.0,nM,5.0,ChEMBL
Phloretin,5'-DEOXYRIBOSE-PHOSPHATE LYASE,CHEMBL2392,CHEMBL45068,Potency,7079.5,nM,5.15,ChEMBL
Phloretin,5'-DRP LYASE,CHEMBL2392,CHEMBL45068,Potency,7079.5,nM,5.15,ChEMBL
Phloretin,70 KDA LAMIN,CHEMBL1293235,CHEMBL45068,Potency,5.0,nM,8.3,ChEMBL
Phloretin,AAA,CHEMBL1741209,CHEMBL45068,Potency,2908.1,nM,,ChEMBL
Phloretin,ALBENDAZOLE MONOOXYGENASE (SULFOXIDE-FORMING),CHEMBL340,CHEMBL45068,Potency,10000.0,nM,5.0,ChEMBL
Phloretin,ALBENDAZOLE SULFOXIDASE,CHEMBL340,CHEMBL45068,Potency,10000.0,nM,5.0,ChEMBL
Phloretin,ALL-1,CHEMBL2093861,CHEMBL45068,Potency,7943.3,nM,5.1,ChEMBL
Phloretin,ANTHRAX LETHAL TOXIN ENDOPEPTIDASE COMPONENT,CHEMBL4372,CHEMBL45068,Potency,7943.3,nM,5.1,ChEMBL
Phloretin,AP LYASE,CHEMBL2392,CHEMBL45068,Potency,7079.5,nM,5.15,ChEMBL
Phloretin,AROMATASE,CHEMBL1978,CHEMBL45068,IC50,2600.16,nM,5.58,ChEMBL
Phloretin,ARSA,CHEMBL2193,CHEMBL45068,Potency,2685.5,nM,,ChEMBL
Phloretin,ARYLSULFATASE,CHEMBL2193,CHEMBL45068,Potency,2685.5,nM,,ChEMBL
Phloretin,ARYLSULFATASE A,CHEMBL2193,CHEMBL45068,Potency,2685.5,nM,,ChEMBL
Phloretin,ARYLSULFATASE A COMPONENT B,CHEMBL2193,CHEMBL45068,Potency,2685.5,nM,,ChEMBL
Phloretin,ARYLSULFATASE A COMPONENT C,CHEMBL2193,CHEMBL45068,Potency,2685.5,nM,,ChEMBL
Phloretin,ASA,CHEMBL2193,CHEMBL45068,Potency,2685.5,nM,,ChEMBL
Phloretin,ATAD5,CHEMBL1741209,CHEMBL45068,Potency,2908.1,nM,,ChEMBL
Phloretin,ATPASE,CHEMBL1741209,CHEMBL45068,Potency,2908.1,nM,,ChEMBL
Phloretin,ATPASE FAMILY AAA DOMAIN-CONTAINING PROTEIN 5,CHEMBL1741209,CHEMBL45068,Potency,2908.1,nM,,ChEMBL
Phloretin,ATTR,CHEMBL3194,CHEMBL45068,Kd,8100.0,nM,5.09,ChEMBL
Phloretin,BETA,CHEMBL2392,CHEMBL45068,Potency,7079.5,nM,5.15,ChEMBL
Phloretin,C-TERMINAL CLEAVAGE PRODUCT OF 180 KDA,CHEMBL2093861,CHEMBL45068,Potency,7943.3,nM,5.1,ChEMBL
Phloretin,CEREBROSIDE-SULFATASE,CHEMBL2193,CHEMBL45068,Potency,2685.5,nM,,ChEMBL
Phloretin,CHOLESTEROL 25-HYDROXYLASE,CHEMBL3397,CHEMBL45068,Potency,2511.9,nM,5.6,ChEMBL
Phloretin,CHROMOSOME FRAGILITY-ASSOCIATED GENE 1 PROTEIN,CHEMBL1741209,CHEMBL45068,Potency,2908.1,nM,,ChEMBL
Phloretin,CXXC-TYPE ZINC FINGER PROTEIN 7,CHEMBL2093861,CHEMBL45068,Potency,7943.3,nM,5.1,ChEMBL
Phloretin,CYP19A1,CHEMBL1978,CHEMBL45068,IC50,2600.16,nM,5.58,ChEMBL
Phloretin,CYP2C19,CHEMBL3622,CHEMBL45068,Potency,3981.1,nM,5.4,ChEMBL
Phloretin,CYP2C9,CHEMBL3397,CHEMBL45068,Potency,2511.9,nM,5.6,ChEMBL
Phloretin,CYP3A4,CHEMBL340,CHEMBL45068,Potency,10000.0,nM,5.0,ChEMBL
Phloretin,CYPIIC17,CHEMBL3622,CHEMBL45068,Potency,3981.1,nM,5.4,ChEMBL
Phloretin,CYPIIC19,CHEMBL3622,CHEMBL45068,Potency,3981.1,nM,5.4,ChEMBL
Phloretin,CYPIIC9,CHEMBL3397,CHEMBL45068,Potency,2511.9,nM,5.6,ChEMBL
Phloretin,CYPIIIA3,CHEMBL340,CHEMBL45068,Potency,10000.0,nM,5.0,ChEMBL
Phloretin,CYPIIIA4,CHEMBL340,CHEMBL45068,Potency,10000.0,nM,5.0,ChEMBL
Phloretin,CYPXIX,CHEMBL1978,CHEMBL45068,IC50,2600.16,nM,5.58,ChEMBL
Phloretin,CYSTEINE METHYLTRANSFERASE KMT2A,CHEMBL2093861,CHEMBL45068,Potency,7943.3,nM,5.1,ChEMBL
Phloretin,CYTOCHROME,CHEMBL3397,CHEMBL45068,Potency,2511.9,nM,5.6,ChEMBL
Phloretin,CYTOCHROME P-450AROM,CHEMBL1978,CHEMBL45068,IC50,2600.16,nM,5.58,ChEMBL
Phloretin,CYTOCHROME P-450MP,CHEMBL3397,CHEMBL45068,Potency,2511.9,nM,5.6,ChEMBL
Phloretin,CYTOCHROME P450 19A1,CHEMBL1978,CHEMBL45068,IC50,2600.16,nM,5.58,ChEMBL
Phloretin,CYTOCHROME P450 2C19,CHEMBL3622,CHEMBL45068,Potency,3981.1,nM,5.4,ChEMBL
Phloretin,CYTOCHROME P450 2C9,CHEMBL3397,CHEMBL45068,Potency,2511.9,nM,5.6,ChEMBL
Phloretin,CYTOCHROME P450 3A3,CHEMBL340,CHEMBL45068,Potency,10000.0,nM,5.0,ChEMBL
Phloretin,CYTOCHROME P450 3A4,CHEMBL340,CHEMBL45068,Potency,10000.0,nM,5.0,ChEMBL
Phloretin,CYTOCHROME P450 HLP,CHEMBL340,CHEMBL45068,Potency,10000.0,nM,5.0,ChEMBL
Phloretin,CYTOCHROME P450 MP-4,CHEMBL3397,CHEMBL45068,Potency,2511.9,nM,5.6,ChEMBL
Phloretin,CYTOCHROME P450 MP-8,CHEMBL3397,CHEMBL45068,Potency,2511.9,nM,5.6,ChEMBL
Phloretin,CYTOCHROME P450 NF-25,CHEMBL340,CHEMBL45068,Potency,10000.0,nM,5.0,ChEMBL
Phloretin,CYTOCHROME P450 PB-1,CHEMBL3397,CHEMBL45068,Potency,2511.9,nM,5.6,ChEMBL
Phloretin,CYTOCHROME P450-11A,CHEMBL3622,CHEMBL45068,Potency,3981.1,nM,5.4,ChEMBL
Phloretin,CYTOCHROME P450-254C,CHEMBL3622,CHEMBL45068,Potency,3981.1,nM,5.4,ChEMBL
Phloretin,CYTOCHROME P450-PCN1,CHEMBL340,CHEMBL45068,Potency,10000.0,nM,5.0,ChEMBL
Phloretin,CYTOPLASMIC,CHEMBL6035,CHEMBL45068,Potency,10000.0,nM,,ChEMBL
Phloretin,DNA,CHEMBL2392,CHEMBL45068,Potency,7079.5,nM,5.15,ChEMBL
Phloretin,DNA POLYMERASE BETA,CHEMBL2392,CHEMBL45068,Potency,7079.5,nM,5.15,ChEMBL
Phloretin,EHMT2,CHEMBL6032,CHEMBL45068,Potency,670.2,nM,,ChEMBL
Phloretin,ER-ALPHA,CHEMBL206,CHEMBL45068,IC50,300.0,nM,6.52,ChEMBL
Phloretin,ESR1,CHEMBL206,CHEMBL45068,IC50,300.0,nM,6.52,ChEMBL
Phloretin,ESTRADIOL RECEPTOR,CHEMBL206,CHEMBL45068,IC50,300.0,nM,6.52,ChEMBL
Phloretin,ESTROGEN,CHEMBL206,CHEMBL45068,IC50,300.0,nM,6.52,ChEMBL
Phloretin,ESTROGEN RECEPTOR,CHEMBL206,CHEMBL45068,IC50,300.0,nM,6.52,ChEMBL
Phloretin,ESTROGEN SYNTHASE,CHEMBL1978,CHEMBL45068,IC50,2600.16,nM,5.58,ChEMBL
Phloretin,EUCHROMATIC HISTONE-LYSINE N-METHYLTRANSFERASE 2,CHEMBL6032,CHEMBL45068,Potency,670.2,nM,,ChEMBL
Phloretin,FACTOR,CHEMBL4372,CHEMBL45068,Potency,7943.3,nM,5.1,ChEMBL
Phloretin,FAMILY,CHEMBL1741209,CHEMBL45068,Potency,2908.1,nM,,ChEMBL
Phloretin,FENBENDAZOLE MONOOXYGENASE (4'-HYDROXYLATING),CHEMBL3622,CHEMBL45068,Potency,3981.1,nM,5.4,ChEMBL
Phloretin,GEMININ,CHEMBL1293278,CHEMBL45068,Potency,290.9,nM,,ChEMBL
Phloretin,GLS,CHEMBL2146302,CHEMBL45068,Potency,10000.0,nM,,ChEMBL
Phloretin,GLUTAMINASE,CHEMBL2146302,CHEMBL45068,Potency,10000.0,nM,,ChEMBL
Phloretin,"GLUTAMINASE KIDNEY ISOFORM, MITOCHONDRIAL",CHEMBL2146302,CHEMBL45068,Potency,10000.0,nM,,ChEMBL
Phloretin,"GLUTAMINASE KIDNEY ISOFORM, MITOCHONDRIAL 65 KDA CHAIN",CHEMBL2146302,CHEMBL45068,Potency,10000.0,nM,,ChEMBL
Phloretin,"GLUTAMINASE KIDNEY ISOFORM, MITOCHONDRIAL 68 KDA CHAIN",CHEMBL2146302,CHEMBL45068,Potency,10000.0,nM,,ChEMBL
Phloretin,GMNN,CHEMBL1293278,CHEMBL45068,Potency,290.9,nM,,ChEMBL
Phloretin,H3-K9-HMTASE 3,CHEMBL6032,CHEMBL45068,Potency,670.2,nM,,ChEMBL
Phloretin,HISTONE H3-K9 METHYLTRANSFERASE 3,CHEMBL6032,CHEMBL45068,Potency,670.2,nM,,ChEMBL
Phloretin,HISTONE-LYSINE N-METHYLTRANSFERASE 2A,CHEMBL2093861,CHEMBL45068,Potency,7943.3,nM,5.1,ChEMBL
Phloretin,HISTONE-LYSINE N-METHYLTRANSFERASE EHMT2,CHEMBL6032,CHEMBL45068,Potency,670.2,nM,,ChEMBL
Phloretin,HLA-B-ASSOCIATED TRANSCRIPT 8,CHEMBL6032,CHEMBL45068,Potency,670.2,nM,,ChEMBL
Phloretin,HMAD-3,CHEMBL1293258,CHEMBL45068,Potency,5623.4,nM,,ChEMBL
Phloretin,HSMAD3,CHEMBL1293258,CHEMBL45068,Potency,5623.4,nM,,ChEMBL
Phloretin,ISOFORM,CHEMBL2146302,CHEMBL45068,Potency,10000.0,nM,,ChEMBL
Phloretin,JV15-2,CHEMBL1293258,CHEMBL45068,Potency,5623.4,nM,,ChEMBL
Phloretin,K-GLUTAMINASE,CHEMBL2146302,CHEMBL45068,Potency,10000.0,nM,,ChEMBL
Phloretin,KIDNEY,CHEMBL2146302,CHEMBL45068,Potency,10000.0,nM,,ChEMBL
Phloretin,KMT2A,CHEMBL2093861,CHEMBL45068,Potency,7943.3,nM,5.1,ChEMBL
Phloretin,L-GLUTAMINE AMIDOHYDROLASE,CHEMBL2146302,CHEMBL45068,Potency,10000.0,nM,,ChEMBL
Phloretin,LAMIN-A/C,CHEMBL1293235,CHEMBL45068,Potency,5.0,nM,8.3,ChEMBL
Phloretin,LEF,CHEMBL4372,CHEMBL45068,Potency,7943.3,nM,5.1,ChEMBL
Phloretin,LETHAL,CHEMBL4372,CHEMBL45068,Potency,7943.3,nM,5.1,ChEMBL
Phloretin,LETHAL FACTOR,CHEMBL4372,CHEMBL45068,Potency,7943.3,nM,5.1,ChEMBL
Phloretin,LMNA,CHEMBL1293235,CHEMBL45068,Potency,5.0,nM,8.3,ChEMBL
Phloretin,LYSINE N-METHYLTRANSFERASE 1C,CHEMBL6032,CHEMBL45068,Potency,670.2,nM,,ChEMBL
Phloretin,LYSINE N-METHYLTRANSFERASE 2A,CHEMBL2093861,CHEMBL45068,Potency,7943.3,nM,5.1,ChEMBL
Phloretin,M-PHASE PHOSPHOPROTEIN 8,CHEMBL1741210,CHEMBL45068,Potency,707.9,nM,,ChEMBL
Phloretin,MAD HOMOLOG 3,CHEMBL1293258,CHEMBL45068,Potency,5623.4,nM,,ChEMBL
Phloretin,MAD3,CHEMBL1293258,CHEMBL45068,Potency,5623.4,nM,,ChEMBL
Phloretin,MCF7,CHEMBL387,CHEMBL45068,IC50,7000.0,nM,5.16,ChEMBL
Phloretin,MCT 1,CHEMBL4360,CHEMBL45068,IC50,2570.0,nM,5.59,ChEMBL
Phloretin,MDA-MB-231,CHEMBL400,CHEMBL45068,IC50,10000.0,nM,,ChEMBL
Phloretin,MEMBER,CHEMBL1293258,CHEMBL45068,Potency,5623.4,nM,,ChEMBL
Phloretin,MEN1,CHEMBL2093861,CHEMBL45068,Potency,7943.3,nM,5.1,ChEMBL
Phloretin,MENIN,CHEMBL2093861,CHEMBL45068,Potency,7943.3,nM,5.1,ChEMBL
Phloretin,MEPHENYTOIN 4-HYDROXYLASE,CHEMBL3622,CHEMBL45068,Potency,3981.1,nM,5.4,ChEMBL
Phloretin,MITOCHONDRIAL,CHEMBL2146302,CHEMBL45068,Potency,10000.0,nM,,ChEMBL
Phloretin,MLL CLEAVAGE PRODUCT C180,CHEMBL2093861,CHEMBL45068,Potency,7943.3,nM,5.1,ChEMBL
Phloretin,MLL CLEAVAGE PRODUCT N320,CHEMBL2093861,CHEMBL45068,Potency,7943.3,nM,5.1,ChEMBL
Phloretin,MONOCARBOXYLATE,CHEMBL4360,CHEMBL45068,IC50,2570.0,nM,5.59,ChEMBL
Phloretin,MONOCARBOXYLATE TRANSPORTER 1,CHEMBL4360,CHEMBL45068,IC50,2570.0,nM,5.59,ChEMBL
Phloretin,MOTHERS AGAINST DECAPENTAPLEGIC HOMOLOG 3,CHEMBL1293258,CHEMBL45068,Potency,5623.4,nM,,ChEMBL
Phloretin,MOTHERS AGAINST DPP HOMOLOG 3,CHEMBL1293258,CHEMBL45068,Potency,5623.4,nM,,ChEMBL
Phloretin,MPHOSPH8,CHEMBL1741210,CHEMBL45068,Potency,707.9,nM,,ChEMBL
Phloretin,MYELOID/LYMPHOID OR MIXED-LINEAGE LEUKEMIA,CHEMBL2093861,CHEMBL45068,Potency,7943.3,nM,5.1,ChEMBL
Phloretin,MYELOID/LYMPHOID OR MIXED-LINEAGE LEUKEMIA PROTEIN 1,CHEMBL2093861,CHEMBL45068,Potency,7943.3,nM,5.1,ChEMBL
Phloretin,N-TERMINAL CLEAVAGE PRODUCT OF 320 KDA,CHEMBL2093861,CHEMBL45068,Potency,7943.3,nM,5.1,ChEMBL
Phloretin,NADPH-DEPENDENT THIOREDOXIN REDUCTASE,CHEMBL6035,CHEMBL45068,Potency,10000.0,nM,,ChEMBL
Phloretin,NIFEDIPINE OXIDASE,CHEMBL340,CHEMBL45068,Potency,10000.0,nM,5.0,ChEMBL
Phloretin,NON-PROTEIN TARGET,CHEMBL3879801,CHEMBL45068,Potency,10000.0,nM,5.0,ChEMBL
Phloretin,NUCLEAR RECEPTOR SUBFAMILY 3 GROUP A MEMBER 1,CHEMBL206,CHEMBL45068,IC50,300.0,nM,6.52,ChEMBL
Phloretin,P180,CHEMBL2093861,CHEMBL45068,Potency,7943.3,nM,5.1,ChEMBL
Phloretin,P320,CHEMBL2093861,CHEMBL45068,Potency,7943.3,nM,5.1,ChEMBL
Phloretin,PEROXIDASE TXNRD1,CHEMBL6035,CHEMBL45068,Potency,10000.0,nM,,ChEMBL
Phloretin,PHOSPHOPROTEIN,CHEMBL1741210,CHEMBL45068,Potency,707.9,nM,,ChEMBL
Phloretin,PLASMODIUM FALCIPARUM,CHEMBL364,CHEMBL45068,IC50,10000.0,nM,5.0,ChEMBL
Phloretin,POLB,CHEMBL2392,CHEMBL45068,Potency,7079.5,nM,5.15,ChEMBL
Phloretin,POLYMERASE,CHEMBL2392,CHEMBL45068,Potency,7079.5,nM,5.15,ChEMBL
Phloretin,PREALBUMIN,CHEMBL3194,CHEMBL45068,Kd,8100.0,nM,5.09,ChEMBL
Phloretin,PRELAMIN-A/C,CHEMBL1293235,CHEMBL45068,Potency,5.0,nM,8.3,ChEMBL
Phloretin,PROTEIN,CHEMBL1741209,CHEMBL45068,Potency,2908.1,nM,,ChEMBL
Phloretin,PROTEIN G9A,CHEMBL6032,CHEMBL45068,Potency,670.2,nM,,ChEMBL
Phloretin,QUININE 3-MONOOXYGENASE,CHEMBL340,CHEMBL45068,Potency,10000.0,nM,5.0,ChEMBL
Phloretin,RECEPTOR,CHEMBL206,CHEMBL45068,IC50,300.0,nM,6.52,ChEMBL
Phloretin,REDUCTASE,CHEMBL6035,CHEMBL45068,Potency,10000.0,nM,,ChEMBL
Phloretin,RENAL CARCINOMA ANTIGEN NY-REN-32,CHEMBL1293235,CHEMBL45068,Potency,5.0,nM,8.3,ChEMBL
Phloretin,S-MEPHENYTOIN 4-HYDROXYLASE,CHEMBL3397,CHEMBL45068,Potency,2511.9,nM,5.6,ChEMBL
Phloretin,SLC16A1,CHEMBL4360,CHEMBL45068,IC50,2570.0,nM,5.59,ChEMBL
Phloretin,SMAD,CHEMBL1293258,CHEMBL45068,Potency,5623.4,nM,,ChEMBL
Phloretin,SMAD 3,CHEMBL1293258,CHEMBL45068,Potency,5623.4,nM,,ChEMBL
Phloretin,SMAD FAMILY MEMBER 3,CHEMBL1293258,CHEMBL45068,Potency,5623.4,nM,,ChEMBL
Phloretin,SMAD3,CHEMBL1293258,CHEMBL45068,Potency,5623.4,nM,,ChEMBL
Phloretin,SOLUTE CARRIER FAMILY 16 MEMBER 1,CHEMBL4360,CHEMBL45068,IC50,2570.0,nM,5.59,ChEMBL
Phloretin,TBPA,CHEMBL3194,CHEMBL45068,Kd,8100.0,nM,5.09,ChEMBL
Phloretin,THIOREDOXIN,CHEMBL6035,CHEMBL45068,Potency,10000.0,nM,,ChEMBL
Phloretin,"THIOREDOXIN REDUCTASE 1, CYTOPLASMIC",CHEMBL6035,CHEMBL45068,Potency,10000.0,nM,,ChEMBL
Phloretin,THIOREDOXIN REDUCTASE TR1,CHEMBL6035,CHEMBL45068,Potency,10000.0,nM,,ChEMBL
Phloretin,TRANSPORTER,CHEMBL4360,CHEMBL45068,IC50,2570.0,nM,5.59,ChEMBL
Phloretin,TRANSTHYRETIN,CHEMBL3194,CHEMBL45068,Kd,8100.0,nM,5.09,ChEMBL
Phloretin,TRITHORAX-LIKE PROTEIN,CHEMBL2093861,CHEMBL45068,Potency,7943.3,nM,5.1,ChEMBL
Phloretin,TTR,CHEMBL3194,CHEMBL45068,Kd,8100.0,nM,5.09,ChEMBL
Phloretin,TWA3,CHEMBL1741210,CHEMBL45068,Potency,707.9,nM,,ChEMBL
Phloretin,TWO HYBRID-ASSOCIATED PROTEIN 3 WITH RANBPM,CHEMBL1741210,CHEMBL45068,Potency,707.9,nM,,ChEMBL
Phloretin,TXNRD1,CHEMBL6035,CHEMBL45068,Potency,10000.0,nM,,ChEMBL
Phloretin,UNCHECKED,CHEMBL612545,CHEMBL45068,Potency,3548.1,nM,,ChEMBL
Phloretin,ZINC FINGER PROTEIN HRX,CHEMBL2093861,CHEMBL45068,Potency,7943.3,nM,5.1,ChEMBL
Physcion,A549,CHEMBL392,CHEMBL42624,IC50,1500.0,nM,5.82,ChEMBL
Physcion,ADP-GLUCOSE RECEPTOR,CHEMBL2001,CHEMBL42624,Ki,10000.0,nM,,ChEMBL
Physcion,ADPG-R,CHEMBL2001,CHEMBL42624,Ki,10000.0,nM,,ChEMBL
Physcion,BONE MARROW SERINE PROTEASE,CHEMBL248,CHEMBL42624,IC50,6200.0,nM,5.21,ChEMBL
Physcion,ELANE,CHEMBL248,CHEMBL42624,IC50,6200.0,nM,5.21,ChEMBL
Physcion,ELASTASE,CHEMBL248,CHEMBL42624,IC50,6200.0,nM,5.21,ChEMBL
Physcion,ELASTASE-2,CHEMBL248,CHEMBL42624,IC50,6200.0,nM,5.21,ChEMBL
Physcion,HLE,CHEMBL248,CHEMBL42624,IC50,6200.0,nM,5.21,ChEMBL
Physcion,HUMAN LEUKOCYTE ELASTASE,CHEMBL248,CHEMBL42624,IC50,6200.0,nM,5.21,ChEMBL
Physcion,MAPT,CHEMBL1293224,CHEMBL42624,Potency,3548.1,nM,5.45,ChEMBL
Physcion,MEDULLASIN,CHEMBL248,CHEMBL42624,IC50,6200.0,nM,5.21,ChEMBL
Physcion,MICROTUBULE-ASSOCIATED PROTEIN TAU,CHEMBL1293224,CHEMBL42624,Potency,3548.1,nM,5.45,ChEMBL
Physcion,NCI-H157,CHEMBL614783,CHEMBL42624,IC50,3000.0,nM,5.52,ChEMBL
Physcion,NEUROFIBRILLARY TANGLE PROTEIN,CHEMBL1293224,CHEMBL42624,Potency,3548.1,nM,5.45,ChEMBL
Physcion,NEUTROPHIL,CHEMBL248,CHEMBL42624,IC50,6200.0,nM,5.21,ChEMBL
Physcion,NEUTROPHIL ELASTASE,CHEMBL248,CHEMBL42624,IC50,6200.0,nM,5.21,ChEMBL
Physcion,NON-PROTEIN TARGET,CHEMBL3879801,CHEMBL42624,Potency,8193.0,nM,,ChEMBL
Physcion,P2RY12,CHEMBL2001,CHEMBL42624,Ki,10000.0,nM,,ChEMBL
Physcion,P2T(AC),CHEMBL2001,CHEMBL42624,Ki,10000.0,nM,,ChEMBL
Physcion,P2Y PURINOCEPTOR 12,CHEMBL2001,CHEMBL42624,Ki,10000.0,nM,,ChEMBL
Physcion,P2Y(AC),CHEMBL2001,CHEMBL42624,Ki,10000.0,nM,,ChEMBL
Physcion,P2Y(ADP),CHEMBL2001,CHEMBL42624,Ki,10000.0,nM,,ChEMBL
Physcion,P2Y(CYC),CHEMBL2001,CHEMBL42624,Ki,10000.0,nM,,ChEMBL
Physcion,P2Y12,CHEMBL2001,CHEMBL42624,Ki,10000.0,nM,,ChEMBL
Physcion,P2Y12 PLATELET ADP RECEPTOR,CHEMBL2001,CHEMBL42624,Ki,10000.0,nM,,ChEMBL
Physcion,PAIRED HELICAL FILAMENT-TAU,CHEMBL1293224,CHEMBL42624,Potency,3548.1,nM,5.45,ChEMBL
Physcion,PHF-TAU,CHEMBL1293224,CHEMBL42624,Potency,3548.1,nM,5.45,ChEMBL
Physcion,PMN ELASTASE,CHEMBL248,CHEMBL42624,IC50,6200.0,nM,5.21,ChEMBL
Physcion,PROTEIN,CHEMBL1293224,CHEMBL42624,Potency,3548.1,nM,5.45,ChEMBL
Physcion,PURINOCEPTOR,CHEMBL2001,CHEMBL42624,Ki,10000.0,nM,,ChEMBL
Physcion,SP1999,CHEMBL2001,CHEMBL42624,Ki,10000.0,nM,,ChEMBL
Physcion,TAU,CHEMBL1293224,CHEMBL42624,Potency,3548.1,nM,5.45,ChEMBL
Physcion,UNCHECKED,CHEMBL612545,CHEMBL42624,IC50,5320.0,nM,5.27,ChEMBL
Pinocembrin,AP ENDONUCLEASE 1,CHEMBL5619,CHEMBL70518,Potency,1778.3,nM,,ChEMBL
Pinocembrin,APE-1,CHEMBL5619,CHEMBL70518,Potency,1778.3,nM,,ChEMBL
Pinocembrin,APEN,CHEMBL5619,CHEMBL70518,Potency,1778.3,nM,,ChEMBL
Pinocembrin,APEX NUCLEASE,CHEMBL5619,CHEMBL70518,Potency,1778.3,nM,,ChEMBL
Pinocembrin,APEX1,CHEMBL5619,CHEMBL70518,Potency,1778.3,nM,,ChEMBL
Pinocembrin,APURINIC-APYRIMIDINIC ENDONUCLEASE 1,CHEMBL5619,CHEMBL70518,Potency,1778.3,nM,,ChEMBL
Pinocembrin,DNA,CHEMBL5619,CHEMBL70518,Potency,1778.3,nM,,ChEMBL
Pinocembrin,DNA REPAIR NUCLEASE/REDOX REGULATOR APEX1,CHEMBL5619,CHEMBL70518,Potency,1778.3,nM,,ChEMBL
Pinocembrin,"DNA REPAIR NUCLEASE/REDOX REGULATOR APEX1, MITOCHONDRIAL",CHEMBL5619,CHEMBL70518,Potency,1778.3,nM,,ChEMBL
Pinocembrin,DNA-(APURINIC OR APYRIMIDINIC SITE) ENDONUCLEASE,CHEMBL5619,CHEMBL70518,Potency,1778.3,nM,,ChEMBL
Pinocembrin,NON-PROTEIN TARGET,CHEMBL3879801,CHEMBL70518,IC50,10000.0,nM,,ChEMBL
Pinocembrin,PLASMODIUM FALCIPARUM,CHEMBL364,CHEMBL70518,Potency,3294.4,nM,,ChEMBL
Pinocembrin,REDOX FACTOR-1,CHEMBL5619,CHEMBL70518,Potency,1778.3,nM,,ChEMBL
Pinocembrin,REF-1,CHEMBL5619,CHEMBL70518,Potency,1778.3,nM,,ChEMBL
Pinocembrin,REGULATOR,CHEMBL5619,CHEMBL70518,Potency,1778.3,nM,,ChEMBL
Pinocembrin,REPAIR,CHEMBL5619,CHEMBL70518,Potency,1778.3,nM,,ChEMBL
Pinocembrin,UNCHECKED,CHEMBL612545,CHEMBL70518,Potency,10000.0,nM,,ChEMBL
Plumbagin,(R)-LIMONENE 6-MONOOXYGENASE,CHEMBL3397,CHEMBL295316,IC50,10000.0,nM,,ChEMBL
Plumbagin,(S)-LIMONENE 6-MONOOXYGENASE,CHEMBL3397,CHEMBL295316,IC50,10000.0,nM,,ChEMBL
Plumbagin,(S)-LIMONENE 7-MONOOXYGENASE,CHEMBL3397,CHEMBL295316,IC50,10000.0,nM,,ChEMBL
Plumbagin,"1,25-DIHYDROXYVITAMIN D3 RECEPTOR",CHEMBL1977,CHEMBL295316,Potency,891.3,nM,,ChEMBL
Plumbagin,"1,4-CINEOLE 2-EXO-MONOOXYGENASE",CHEMBL340,CHEMBL295316,IC50,10000.0,nM,,ChEMBL
Plumbagin,"1,8-CINEOLE 2-EXO-MONOOXYGENASE",CHEMBL340,CHEMBL295316,IC50,10000.0,nM,,ChEMBL
Plumbagin,10 KDA CHAPERONIN,CHEMBL4106139,CHEMBL295316,IC50,290.0,nM,6.54,ChEMBL
Plumbagin,"10 KDA HEAT SHOCK PROTEIN, MITOCHONDRIAL",CHEMBL4106131,CHEMBL295316,IC50,6300.0,nM,5.2,ChEMBL
Plumbagin,12-LOX,CHEMBL2903,CHEMBL295316,Potency,3162.3,nM,5.5,ChEMBL
Plumbagin,12/15-LIPOXYGENASE,CHEMBL2903,CHEMBL295316,Potency,3162.3,nM,5.5,ChEMBL
Plumbagin,15-LOX,CHEMBL2903,CHEMBL295316,Potency,3162.3,nM,5.5,ChEMBL
Plumbagin,15-LOX-1,CHEMBL2903,CHEMBL295316,Potency,3162.3,nM,5.5,ChEMBL
Plumbagin,60 KDA CHAPERONIN,CHEMBL4106139,CHEMBL295316,IC50,290.0,nM,6.54,ChEMBL
Plumbagin,"60 KDA HEAT SHOCK PROTEIN, MITOCHONDRIAL",CHEMBL4106131,CHEMBL295316,IC50,6300.0,nM,5.2,ChEMBL
Plumbagin,78 KDA GLUCOSE-REGULATED PROTEIN,CHEMBL1781865,CHEMBL295316,Potency,7943.3,nM,,ChEMBL
Plumbagin,A549,CHEMBL392,CHEMBL295316,IC50,3000.0,nM,5.52,ChEMBL
Plumbagin,ACHN,CHEMBL614519,CHEMBL295316,EC50,3700.0,nM,5.43,ChEMBL
Plumbagin,ACID,CHEMBL2903,CHEMBL295316,Potency,3162.3,nM,5.5,ChEMBL
Plumbagin,ALBENDAZOLE MONOOXYGENASE (SULFOXIDE-FORMING),CHEMBL340,CHEMBL295316,IC50,10000.0,nM,,ChEMBL
Plumbagin,ALBENDAZOLE SULFOXIDASE,CHEMBL340,CHEMBL295316,IC50,10000.0,nM,,ChEMBL
Plumbagin,ALDOLASE,CHEMBL1293234,CHEMBL295316,Potency,111.9,nM,6.95,ChEMBL
Plumbagin,ALL-1,CHEMBL2093861,CHEMBL295316,Potency,10000.0,nM,5.0,ChEMBL
Plumbagin,ALOX15,CHEMBL2903,CHEMBL295316,Potency,3162.3,nM,5.5,ChEMBL
Plumbagin,ANDROGEN RECEPTOR COACTIVATOR 267 KDA PROTEIN,CHEMBL3588738,CHEMBL295316,IC50,5700.0,nM,5.24,ChEMBL
Plumbagin,ANDROGEN RECEPTOR-ASSOCIATED PROTEIN OF 267 KDA,CHEMBL3588738,CHEMBL295316,IC50,5700.0,nM,5.24,ChEMBL
Plumbagin,ANKYRIN-LIKE WITH TRANSMEMBRANE DOMAINS PROTEIN 1,CHEMBL6007,CHEMBL295316,EC50,460.0,nM,6.34,ChEMBL
Plumbagin,ANTIGEN,CHEMBL4096,CHEMBL295316,Potency,10000.0,nM,5.0,ChEMBL
Plumbagin,ANTIGEN NY-CO-13,CHEMBL4096,CHEMBL295316,Potency,10000.0,nM,5.0,ChEMBL
Plumbagin,"ARACHIDONATE 12-LIPOXYGENASE, LEUKOCYTE-TYPE",CHEMBL2903,CHEMBL295316,Potency,3162.3,nM,5.5,ChEMBL
Plumbagin,ARACHIDONATE 15-LIPOXYGENASE,CHEMBL2903,CHEMBL295316,Potency,3162.3,nM,5.5,ChEMBL
Plumbagin,ARACHIDONATE OMEGA-6 LIPOXYGENASE,CHEMBL2903,CHEMBL295316,Potency,3162.3,nM,5.5,ChEMBL
Plumbagin,BINDING-IMMUNOGLOBULIN PROTEIN,CHEMBL1781865,CHEMBL295316,Potency,7943.3,nM,,ChEMBL
Plumbagin,BIP,CHEMBL1781865,CHEMBL295316,Potency,7943.3,nM,,ChEMBL
Plumbagin,BT-474,CHEMBL614529,CHEMBL295316,IC50,1800.0,nM,5.75,ChEMBL
Plumbagin,C-TERMINAL CLEAVAGE PRODUCT OF 180 KDA,CHEMBL2093861,CHEMBL295316,Potency,10000.0,nM,5.0,ChEMBL
Plumbagin,CATION,CHEMBL6007,CHEMBL295316,EC50,460.0,nM,6.34,ChEMBL
Plumbagin,CDC25A,CHEMBL3775,CHEMBL295316,IC50,700.0,nM,6.16,ChEMBL
Plumbagin,CDC25B,CHEMBL4804,CHEMBL295316,IC50,3100.0,nM,5.51,ChEMBL
Plumbagin,CELLULAR,CHEMBL4096,CHEMBL295316,Potency,10000.0,nM,5.0,ChEMBL
Plumbagin,CELLULAR TUMOR ANTIGEN P53,CHEMBL4096,CHEMBL295316,Potency,10000.0,nM,5.0,ChEMBL
Plumbagin,CHANNEL,CHEMBL6007,CHEMBL295316,EC50,460.0,nM,6.34,ChEMBL
Plumbagin,CHAPERONE,CHEMBL1781865,CHEMBL295316,Potency,7943.3,nM,,ChEMBL
Plumbagin,CHAPERONIN 10,CHEMBL4106131,CHEMBL295316,IC50,6300.0,nM,5.2,ChEMBL
Plumbagin,CHAPERONIN 60,CHEMBL4106131,CHEMBL295316,IC50,6300.0,nM,5.2,ChEMBL
Plumbagin,CHAPERONIN GROEL,CHEMBL4106139,CHEMBL295316,IC50,290.0,nM,6.54,ChEMBL
Plumbagin,CHAPERONIN-10,CHEMBL4106139,CHEMBL295316,IC50,290.0,nM,6.54,ChEMBL
Plumbagin,CHAPERONIN-60,CHEMBL4106139,CHEMBL295316,IC50,290.0,nM,6.54,ChEMBL
Plumbagin,CHOLESTEROL 25-HYDROXYLASE,CHEMBL3356,CHEMBL295316,IC50,2460.0,nM,5.61,ChEMBL
Plumbagin,CO-CHAPERONIN GROES,CHEMBL4106139,CHEMBL295316,IC50,290.0,nM,6.54,ChEMBL
Plumbagin,CPN10,CHEMBL4106139,CHEMBL295316,IC50,290.0,nM,6.54,ChEMBL
Plumbagin,CPN60,CHEMBL4106139,CHEMBL295316,IC50,290.0,nM,6.54,ChEMBL
Plumbagin,CXXC-TYPE ZINC FINGER PROTEIN 7,CHEMBL2093861,CHEMBL295316,Potency,10000.0,nM,5.0,ChEMBL
Plumbagin,CYP1A1,CHEMBL2231,CHEMBL295316,IC50,2770.0,nM,5.56,ChEMBL
Plumbagin,CYP1A2,CHEMBL3356,CHEMBL295316,IC50,2460.0,nM,5.61,ChEMBL
Plumbagin,CYP1B1,CHEMBL4878,CHEMBL295316,IC50,6150.0,nM,5.21,ChEMBL
Plumbagin,CYP2C19,CHEMBL3622,CHEMBL295316,IC50,10000.0,nM,,ChEMBL
Plumbagin,CYP2C9,CHEMBL3397,CHEMBL295316,IC50,10000.0,nM,,ChEMBL
Plumbagin,CYP2D6,CHEMBL289,CHEMBL295316,IC50,10000.0,nM,,ChEMBL
Plumbagin,CYP3A4,CHEMBL340,CHEMBL295316,IC50,10000.0,nM,,ChEMBL
Plumbagin,CYPIA1,CHEMBL2231,CHEMBL295316,IC50,2770.0,nM,5.56,ChEMBL
Plumbagin,CYPIA2,CHEMBL3356,CHEMBL295316,IC50,2460.0,nM,5.61,ChEMBL
Plumbagin,CYPIB1,CHEMBL4878,CHEMBL295316,IC50,6150.0,nM,5.21,ChEMBL
Plumbagin,CYPIIC17,CHEMBL3622,CHEMBL295316,IC50,10000.0,nM,,ChEMBL
Plumbagin,CYPIIC19,CHEMBL3622,CHEMBL295316,IC50,10000.0,nM,,ChEMBL
Plumbagin,CYPIIC9,CHEMBL3397,CHEMBL295316,IC50,10000.0,nM,,ChEMBL
Plumbagin,CYPIID6,CHEMBL289,CHEMBL295316,IC50,10000.0,nM,,ChEMBL
Plumbagin,CYPIIIA3,CHEMBL340,CHEMBL295316,IC50,10000.0,nM,,ChEMBL
Plumbagin,CYPIIIA4,CHEMBL340,CHEMBL295316,IC50,10000.0,nM,,ChEMBL
Plumbagin,CYSTEINE METHYLTRANSFERASE KMT2A,CHEMBL2093861,CHEMBL295316,Potency,10000.0,nM,5.0,ChEMBL
Plumbagin,CYTOCHROME,CHEMBL3356,CHEMBL295316,IC50,2460.0,nM,5.61,ChEMBL
Plumbagin,CYTOCHROME P(3)450,CHEMBL3356,CHEMBL295316,IC50,2460.0,nM,5.61,ChEMBL
Plumbagin,CYTOCHROME P-450MP,CHEMBL3397,CHEMBL295316,IC50,10000.0,nM,,ChEMBL
Plumbagin,CYTOCHROME P450 1A1,CHEMBL2231,CHEMBL295316,IC50,2770.0,nM,5.56,ChEMBL
Plumbagin,CYTOCHROME P450 1A2,CHEMBL3356,CHEMBL295316,IC50,2460.0,nM,5.61,ChEMBL
Plumbagin,CYTOCHROME P450 1B1,CHEMBL4878,CHEMBL295316,IC50,6150.0,nM,5.21,ChEMBL
Plumbagin,CYTOCHROME P450 2C19,CHEMBL3622,CHEMBL295316,IC50,10000.0,nM,,ChEMBL
Plumbagin,CYTOCHROME P450 2C9,CHEMBL3397,CHEMBL295316,IC50,10000.0,nM,,ChEMBL
Plumbagin,CYTOCHROME P450 2D6,CHEMBL289,CHEMBL295316,IC50,10000.0,nM,,ChEMBL
Plumbagin,CYTOCHROME P450 3A3,CHEMBL340,CHEMBL295316,IC50,10000.0,nM,,ChEMBL
Plumbagin,CYTOCHROME P450 3A4,CHEMBL340,CHEMBL295316,IC50,10000.0,nM,,ChEMBL
Plumbagin,CYTOCHROME P450 4,CHEMBL3356,CHEMBL295316,IC50,2460.0,nM,5.61,ChEMBL
Plumbagin,CYTOCHROME P450 FORM 6,CHEMBL2231,CHEMBL295316,IC50,2770.0,nM,5.56,ChEMBL
Plumbagin,CYTOCHROME P450 HLP,CHEMBL340,CHEMBL295316,IC50,10000.0,nM,,ChEMBL
Plumbagin,CYTOCHROME P450 MP-4,CHEMBL3397,CHEMBL295316,IC50,10000.0,nM,,ChEMBL
Plumbagin,CYTOCHROME P450 MP-8,CHEMBL3397,CHEMBL295316,IC50,10000.0,nM,,ChEMBL
Plumbagin,CYTOCHROME P450 NF-25,CHEMBL340,CHEMBL295316,IC50,10000.0,nM,,ChEMBL
Plumbagin,CYTOCHROME P450 PB-1,CHEMBL3397,CHEMBL295316,IC50,10000.0,nM,,ChEMBL
Plumbagin,CYTOCHROME P450-11A,CHEMBL3622,CHEMBL295316,IC50,10000.0,nM,,ChEMBL
Plumbagin,CYTOCHROME P450-254C,CHEMBL3622,CHEMBL295316,IC50,10000.0,nM,,ChEMBL
Plumbagin,CYTOCHROME P450-C,CHEMBL2231,CHEMBL295316,IC50,2770.0,nM,5.56,ChEMBL
Plumbagin,CYTOCHROME P450-DB1,CHEMBL289,CHEMBL295316,IC50,10000.0,nM,,ChEMBL
Plumbagin,CYTOCHROME P450-P1,CHEMBL2231,CHEMBL295316,IC50,2770.0,nM,5.56,ChEMBL
Plumbagin,CYTOCHROME P450-P3,CHEMBL3356,CHEMBL295316,IC50,2460.0,nM,5.61,ChEMBL
Plumbagin,CYTOCHROME P450-PCN1,CHEMBL340,CHEMBL295316,IC50,10000.0,nM,,ChEMBL
Plumbagin,D-GALACTOSE 1-PHOSPHATE PHOSPHATASE,CHEMBL1293238,CHEMBL295316,Potency,1995.3,nM,5.7,ChEMBL
Plumbagin,DEBRISOQUINE 4-HYDROXYLASE,CHEMBL289,CHEMBL295316,IC50,10000.0,nM,,ChEMBL
Plumbagin,DEMETHYLASE,CHEMBL1293226,CHEMBL295316,Potency,8912.5,nM,5.05,ChEMBL
Plumbagin,DINB PROTEIN,CHEMBL5365,CHEMBL295316,Potency,10000.0,nM,,ChEMBL
Plumbagin,DINP,CHEMBL5365,CHEMBL295316,Potency,10000.0,nM,,ChEMBL
Plumbagin,DNA,CHEMBL5365,CHEMBL295316,Potency,10000.0,nM,,ChEMBL
Plumbagin,DNA POLYMERASE KAPPA,CHEMBL5365,CHEMBL295316,Potency,10000.0,nM,,ChEMBL
Plumbagin,DU-145,CHEMBL613508,CHEMBL295316,IC50,5230.0,nM,5.28,ChEMBL
Plumbagin,DUAL SPECIFICITY PHOSPHATASE CDC25A,CHEMBL3775,CHEMBL295316,IC50,700.0,nM,6.16,ChEMBL
Plumbagin,DUAL SPECIFICITY PHOSPHATASE CDC25B,CHEMBL4804,CHEMBL295316,IC50,3100.0,nM,5.51,ChEMBL
Plumbagin,E1A-ASSOCIATED PROTEIN P300,CHEMBL3784,CHEMBL295316,Kd,2000.0,nM,5.7,ChEMBL
Plumbagin,EARLY-PREGNANCY FACTOR,CHEMBL4106131,CHEMBL295316,IC50,6300.0,nM,5.2,ChEMBL
Plumbagin,ENDOPLASMIC,CHEMBL1781865,CHEMBL295316,Potency,7943.3,nM,,ChEMBL
Plumbagin,ENDOPLASMIC RETICULUM CHAPERONE BIP,CHEMBL1781865,CHEMBL295316,Potency,7943.3,nM,,ChEMBL
Plumbagin,EP300,CHEMBL3784,CHEMBL295316,Kd,2000.0,nM,5.7,ChEMBL
Plumbagin,EPF,CHEMBL4106131,CHEMBL295316,IC50,6300.0,nM,5.2,ChEMBL
Plumbagin,ERK-2,CHEMBL4040,CHEMBL295316,Potency,7079.5,nM,5.15,ChEMBL
Plumbagin,ERT1,CHEMBL4040,CHEMBL295316,Potency,7079.5,nM,5.15,ChEMBL
Plumbagin,EXTRACELLULAR SIGNAL-REGULATED KINASE 2,CHEMBL4040,CHEMBL295316,Potency,7079.5,nM,5.15,ChEMBL
Plumbagin,FATTY,CHEMBL2903,CHEMBL295316,Potency,3162.3,nM,5.5,ChEMBL
Plumbagin,FBA,CHEMBL1293234,CHEMBL295316,Potency,111.9,nM,6.95,ChEMBL
Plumbagin,FENBENDAZOLE MONOOXYGENASE (4'-HYDROXYLATING),CHEMBL3622,CHEMBL295316,IC50,10000.0,nM,,ChEMBL
Plumbagin,"FRUCTOSE-1,6-BISPHOSPHATE ALDOLASE",CHEMBL1293234,CHEMBL295316,Potency,111.9,nM,6.95,ChEMBL
Plumbagin,FRUCTOSE-BISPHOSPHATE ALDOLASE,CHEMBL1293234,CHEMBL295316,Potency,111.9,nM,6.95,ChEMBL
Plumbagin,GLFBA,CHEMBL1293234,CHEMBL295316,Potency,111.9,nM,6.95,ChEMBL
Plumbagin,GLFBPA,CHEMBL1293234,CHEMBL295316,Potency,111.9,nM,6.95,ChEMBL
Plumbagin,GROL,CHEMBL4106139,CHEMBL295316,IC50,290.0,nM,6.54,ChEMBL
Plumbagin,GROS,CHEMBL4106139,CHEMBL295316,IC50,290.0,nM,6.54,ChEMBL
Plumbagin,GRP-78,CHEMBL1781865,CHEMBL295316,Potency,7943.3,nM,,ChEMBL
Plumbagin,H3-K36-HMTASE,CHEMBL3588738,CHEMBL295316,IC50,5700.0,nM,5.24,ChEMBL
Plumbagin,HCT-116,CHEMBL394,CHEMBL295316,IC50,9800.0,nM,5.01,ChEMBL
Plumbagin,HEAT SHOCK PROTEIN 60,CHEMBL4106131,CHEMBL295316,IC50,6300.0,nM,5.2,ChEMBL
Plumbagin,HEAT SHOCK PROTEIN 70 FAMILY PROTEIN 5,CHEMBL1781865,CHEMBL295316,Potency,7943.3,nM,,ChEMBL
Plumbagin,HEAT SHOCK PROTEIN FAMILY A MEMBER 5,CHEMBL1781865,CHEMBL295316,Potency,7943.3,nM,,ChEMBL
Plumbagin,HEAT SHOCK PROTEIN FAMILY D MEMBER 1,CHEMBL4106131,CHEMBL295316,IC50,6300.0,nM,5.2,ChEMBL
Plumbagin,HEAT SHOCK PROTEIN FAMILY E MEMBER 1,CHEMBL4106131,CHEMBL295316,IC50,6300.0,nM,5.2,ChEMBL
Plumbagin,HEPG2,CHEMBL395,CHEMBL295316,IC50,9170.0,nM,5.04,ChEMBL
Plumbagin,HEPOXILIN A3 SYNTHASE ALOX15,CHEMBL2903,CHEMBL295316,Potency,3162.3,nM,5.5,ChEMBL
Plumbagin,HISTONE,CHEMBL3784,CHEMBL295316,Kd,2000.0,nM,5.7,ChEMBL
Plumbagin,HISTONE ACETYLTRANSFERASE P300,CHEMBL3784,CHEMBL295316,Kd,2000.0,nM,5.7,ChEMBL
Plumbagin,HISTONE BUTYRYLTRANSFERASE P300,CHEMBL3784,CHEMBL295316,Kd,2000.0,nM,5.7,ChEMBL
Plumbagin,HISTONE CROTONYLTRANSFERASE P300,CHEMBL3784,CHEMBL295316,Kd,2000.0,nM,5.7,ChEMBL
Plumbagin,HISTONE-LYSINE N-METHYLTRANSFERASE 2A,CHEMBL2093861,CHEMBL295316,Potency,10000.0,nM,5.0,ChEMBL
Plumbagin,"HISTONE-LYSINE N-METHYLTRANSFERASE, H3 LYSINE-36 SPECIFIC",CHEMBL3588738,CHEMBL295316,IC50,5700.0,nM,5.24,ChEMBL
Plumbagin,HL-60,CHEMBL383,CHEMBL295316,IC50,3670.0,nM,5.43,ChEMBL
Plumbagin,HSP-60,CHEMBL4106131,CHEMBL295316,IC50,6300.0,nM,5.2,ChEMBL
Plumbagin,HSP10,CHEMBL4106131,CHEMBL295316,IC50,6300.0,nM,5.2,ChEMBL
Plumbagin,HSP60,CHEMBL4106131,CHEMBL295316,IC50,6300.0,nM,5.2,ChEMBL
Plumbagin,HSP70 FAMILY PROTEIN 5,CHEMBL1781865,CHEMBL295316,Potency,7943.3,nM,,ChEMBL
Plumbagin,HSPA5,CHEMBL1781865,CHEMBL295316,Potency,7943.3,nM,,ChEMBL
Plumbagin,HSPD1,CHEMBL4106131,CHEMBL295316,IC50,6300.0,nM,5.2,ChEMBL
Plumbagin,HSPE1,CHEMBL4106131,CHEMBL295316,IC50,6300.0,nM,5.2,ChEMBL
Plumbagin,HT-29,CHEMBL384,CHEMBL295316,IC50,4190.0,nM,5.38,ChEMBL
Plumbagin,HUCHA60,CHEMBL4106131,CHEMBL295316,IC50,6300.0,nM,5.2,ChEMBL
Plumbagin,HYDROPEROXY ICOSATETRAENOATE DEHYDRATASE,CHEMBL3356,CHEMBL295316,IC50,2460.0,nM,5.61,ChEMBL
Plumbagin,IMMUNOGLOBULIN HEAVY CHAIN-BINDING PROTEIN,CHEMBL1781865,CHEMBL295316,Potency,7943.3,nM,,ChEMBL
Plumbagin,IMP 1,CHEMBL1293238,CHEMBL295316,Potency,1995.3,nM,5.7,ChEMBL
Plumbagin,IMPA1,CHEMBL1293238,CHEMBL295316,Potency,1995.3,nM,5.7,ChEMBL
Plumbagin,IMPASE 1,CHEMBL1293238,CHEMBL295316,Potency,1995.3,nM,5.7,ChEMBL
Plumbagin,INDUCER,CHEMBL3775,CHEMBL295316,IC50,700.0,nM,6.16,ChEMBL
Plumbagin,INOSITOL,CHEMBL1293238,CHEMBL295316,Potency,1995.3,nM,5.7,ChEMBL
Plumbagin,INOSITOL MONOPHOSPHATASE 1,CHEMBL1293238,CHEMBL295316,Potency,1995.3,nM,5.7,ChEMBL
Plumbagin,INOSITOL-1(OR 4)-MONOPHOSPHATASE 1,CHEMBL1293238,CHEMBL295316,Potency,1995.3,nM,5.7,ChEMBL
Plumbagin,JURKAT,CHEMBL397,CHEMBL295316,IC50,950.0,nM,6.02,ChEMBL
Plumbagin,KAPPA,CHEMBL5365,CHEMBL295316,Potency,10000.0,nM,,ChEMBL
Plumbagin,KB,CHEMBL398,CHEMBL295316,IC50,9830.0,nM,5.01,ChEMBL
Plumbagin,KDM4D-LIKE PROTEIN,CHEMBL1293226,CHEMBL295316,Potency,8912.5,nM,5.05,ChEMBL
Plumbagin,KDM4E,CHEMBL1293226,CHEMBL295316,Potency,8912.5,nM,5.05,ChEMBL
Plumbagin,KINASE,CHEMBL4040,CHEMBL295316,Potency,7079.5,nM,5.15,ChEMBL
Plumbagin,KMT2A,CHEMBL2093861,CHEMBL295316,Potency,10000.0,nM,5.0,ChEMBL
Plumbagin,LINOLEATE 13S-LIPOXYGENASE,CHEMBL2903,CHEMBL295316,Potency,3162.3,nM,5.5,ChEMBL
Plumbagin,LIPOXYGENASE,CHEMBL2903,CHEMBL295316,Potency,3162.3,nM,5.5,ChEMBL
Plumbagin,LITHIUM-SENSITIVE MYO-INOSITOL MONOPHOSPHATASE A1,CHEMBL1293238,CHEMBL295316,Potency,1995.3,nM,5.7,ChEMBL
Plumbagin,LS174T,CHEMBL614097,CHEMBL295316,IC50,9900.0,nM,5.0,ChEMBL
Plumbagin,LYSINE N-METHYLTRANSFERASE 2A,CHEMBL2093861,CHEMBL295316,Potency,10000.0,nM,5.0,ChEMBL
Plumbagin,LYSINE N-METHYLTRANSFERASE 3B,CHEMBL3588738,CHEMBL295316,IC50,5700.0,nM,5.24,ChEMBL
Plumbagin,LYSINE-SPECIFIC DEMETHYLASE 4D-LIKE,CHEMBL1293226,CHEMBL295316,Potency,8912.5,nM,5.05,ChEMBL
Plumbagin,LYSINE-SPECIFIC DEMETHYLASE 4E,CHEMBL1293226,CHEMBL295316,Potency,8912.5,nM,5.05,ChEMBL
Plumbagin,M-PHASE INDUCER PHOSPHATASE 1,CHEMBL3775,CHEMBL295316,IC50,700.0,nM,6.16,ChEMBL
Plumbagin,M-PHASE INDUCER PHOSPHATASE 2,CHEMBL4804,CHEMBL295316,IC50,3100.0,nM,5.51,ChEMBL
Plumbagin,MAP KINASE 1,CHEMBL4040,CHEMBL295316,Potency,7079.5,nM,5.15,ChEMBL
Plumbagin,MAP KINASE 2,CHEMBL4040,CHEMBL295316,Potency,7079.5,nM,5.15,ChEMBL
Plumbagin,MAP KINASE ISOFORM P42,CHEMBL4040,CHEMBL295316,Potency,7079.5,nM,5.15,ChEMBL
Plumbagin,MAPK 1,CHEMBL4040,CHEMBL295316,Potency,7079.5,nM,5.15,ChEMBL
Plumbagin,MAPK 2,CHEMBL4040,CHEMBL295316,Potency,7079.5,nM,5.15,ChEMBL
Plumbagin,MAPK1,CHEMBL4040,CHEMBL295316,Potency,7079.5,nM,5.15,ChEMBL
Plumbagin,MAPT,CHEMBL1293224,CHEMBL295316,Potency,2238.7,nM,5.65,ChEMBL
Plumbagin,MCF7,CHEMBL387,CHEMBL295316,IC50,5500.0,nM,5.26,ChEMBL
Plumbagin,MCF7/PTX,CHEMBL4483255,CHEMBL295316,IC50,3500.0,nM,5.46,ChEMBL
Plumbagin,MDA-MB-231,CHEMBL400,CHEMBL295316,IC50,3500.0,nM,5.46,ChEMBL
Plumbagin,MDA-MB-468,CHEMBL614335,CHEMBL295316,IC50,2500.0,nM,5.6,ChEMBL
Plumbagin,MEMBER,CHEMBL6007,CHEMBL295316,EC50,460.0,nM,6.34,ChEMBL
Plumbagin,MEN1,CHEMBL2093861,CHEMBL295316,Potency,10000.0,nM,5.0,ChEMBL
Plumbagin,MENIN,CHEMBL2093861,CHEMBL295316,Potency,10000.0,nM,5.0,ChEMBL
Plumbagin,MEPHENYTOIN 4-HYDROXYLASE,CHEMBL3622,CHEMBL295316,IC50,10000.0,nM,,ChEMBL
Plumbagin,MICROTUBULE-ASSOCIATED PROTEIN TAU,CHEMBL1293224,CHEMBL295316,Potency,2238.7,nM,5.65,ChEMBL
Plumbagin,MITOCHONDRIAL MATRIX PROTEIN P1,CHEMBL4106131,CHEMBL295316,IC50,6300.0,nM,5.2,ChEMBL
Plumbagin,MITOGEN-ACTIVATED PROTEIN KINASE 1,CHEMBL4040,CHEMBL295316,Potency,7079.5,nM,5.15,ChEMBL
Plumbagin,MITOGEN-ACTIVATED PROTEIN KINASE 2,CHEMBL4040,CHEMBL295316,Potency,7079.5,nM,5.15,ChEMBL
Plumbagin,MLL CLEAVAGE PRODUCT C180,CHEMBL2093861,CHEMBL295316,Potency,10000.0,nM,5.0,ChEMBL
Plumbagin,MLL CLEAVAGE PRODUCT N320,CHEMBL2093861,CHEMBL295316,Potency,10000.0,nM,5.0,ChEMBL
Plumbagin,MONO-MAC-6,CHEMBL2366062,CHEMBL295316,IC50,2600.0,nM,5.58,ChEMBL
Plumbagin,MONOPHOSPHATASE,CHEMBL1293238,CHEMBL295316,Potency,1995.3,nM,5.7,ChEMBL
Plumbagin,MYELOID/LYMPHOID OR MIXED-LINEAGE LEUKEMIA,CHEMBL2093861,CHEMBL295316,Potency,10000.0,nM,5.0,ChEMBL
Plumbagin,MYELOID/LYMPHOID OR MIXED-LINEAGE LEUKEMIA PROTEIN 1,CHEMBL2093861,CHEMBL295316,Potency,10000.0,nM,5.0,ChEMBL
Plumbagin,N-TERMINAL CLEAVAGE PRODUCT OF 320 KDA,CHEMBL2093861,CHEMBL295316,Potency,10000.0,nM,5.0,ChEMBL
Plumbagin,NEUROFIBRILLARY TANGLE PROTEIN,CHEMBL1293224,CHEMBL295316,Potency,2238.7,nM,5.65,ChEMBL
Plumbagin,NIFEDIPINE OXIDASE,CHEMBL340,CHEMBL295316,IC50,10000.0,nM,,ChEMBL
Plumbagin,NON-PROTEIN TARGET,CHEMBL3879801,CHEMBL295316,EC50,800.0,nM,6.1,ChEMBL
Plumbagin,NR-BINDING SET DOMAIN-CONTAINING PROTEIN,CHEMBL3588738,CHEMBL295316,IC50,5700.0,nM,5.24,ChEMBL
Plumbagin,NSD1,CHEMBL3588738,CHEMBL295316,IC50,5700.0,nM,5.24,ChEMBL
Plumbagin,NUCLEAR,CHEMBL1293231,CHEMBL295316,Potency,5623.4,nM,5.25,ChEMBL
Plumbagin,NUCLEAR RECEPTOR ROR-GAMMA,CHEMBL1293231,CHEMBL295316,Potency,5623.4,nM,5.25,ChEMBL
Plumbagin,NUCLEAR RECEPTOR RZR-GAMMA,CHEMBL1293231,CHEMBL295316,Potency,5623.4,nM,5.25,ChEMBL
Plumbagin,NUCLEAR RECEPTOR SUBFAMILY 1 GROUP F MEMBER 3,CHEMBL1293231,CHEMBL295316,Potency,5623.4,nM,5.25,ChEMBL
Plumbagin,NUCLEAR RECEPTOR SUBFAMILY 1 GROUP I MEMBER 1,CHEMBL1977,CHEMBL295316,Potency,891.3,nM,,ChEMBL
Plumbagin,NUCLEAR RECEPTOR-BINDING SET DOMAIN-CONTAINING PROTEIN 1,CHEMBL3588738,CHEMBL295316,IC50,5700.0,nM,5.24,ChEMBL
Plumbagin,P120,CHEMBL6007,CHEMBL295316,EC50,460.0,nM,6.34,ChEMBL
Plumbagin,P180,CHEMBL2093861,CHEMBL295316,Potency,10000.0,nM,5.0,ChEMBL
Plumbagin,P300 HAT,CHEMBL3784,CHEMBL295316,Kd,2000.0,nM,5.7,ChEMBL
Plumbagin,P320,CHEMBL2093861,CHEMBL295316,Potency,10000.0,nM,5.0,ChEMBL
Plumbagin,P42-MAPK,CHEMBL4040,CHEMBL295316,Potency,7079.5,nM,5.15,ChEMBL
Plumbagin,P60 LYMPHOCYTE PROTEIN,CHEMBL4106131,CHEMBL295316,IC50,6300.0,nM,5.2,ChEMBL
Plumbagin,PAIRED HELICAL FILAMENT-TAU,CHEMBL1293224,CHEMBL295316,Potency,2238.7,nM,5.65,ChEMBL
Plumbagin,PBMC,CHEMBL613107,CHEMBL295316,EC50,800.0,nM,6.1,ChEMBL
Plumbagin,PHF-TAU,CHEMBL1293224,CHEMBL295316,Potency,2238.7,nM,5.65,ChEMBL
Plumbagin,PHOSPHATASE,CHEMBL3775,CHEMBL295316,IC50,700.0,nM,6.16,ChEMBL
Plumbagin,PHOSPHOPROTEIN P53,CHEMBL4096,CHEMBL295316,Potency,10000.0,nM,5.0,ChEMBL
Plumbagin,PLASMODIUM FALCIPARUM,CHEMBL364,CHEMBL295316,IC50,270.0,nM,6.57,ChEMBL
Plumbagin,POLK,CHEMBL5365,CHEMBL295316,Potency,10000.0,nM,,ChEMBL
Plumbagin,POLYMERASE,CHEMBL5365,CHEMBL295316,Potency,10000.0,nM,,ChEMBL
Plumbagin,POLYUNSATURATED,CHEMBL2903,CHEMBL295316,Potency,3162.3,nM,5.5,ChEMBL
Plumbagin,POLYUNSATURATED FATTY ACID LIPOXYGENASE ALOX15,CHEMBL2903,CHEMBL295316,Potency,3162.3,nM,5.5,ChEMBL
Plumbagin,POTENTIAL,CHEMBL6007,CHEMBL295316,EC50,460.0,nM,6.34,ChEMBL
Plumbagin,PROTEIN,CHEMBL1293224,CHEMBL295316,Potency,2238.7,nM,5.65,ChEMBL
Plumbagin,PROTEIN 2-HYDROXYISOBUTYRYLTRANSFERASE P300,CHEMBL3784,CHEMBL295316,Kd,2000.0,nM,5.7,ChEMBL
Plumbagin,PROTEIN ISONICOTINYLTRANSFERASE P300,CHEMBL3784,CHEMBL295316,Kd,2000.0,nM,5.7,ChEMBL
Plumbagin,PROTEIN LACTYLTRANSFERAS P300,CHEMBL3784,CHEMBL295316,Kd,2000.0,nM,5.7,ChEMBL
Plumbagin,PROTEIN PROPIONYLTRANSFERASE P300,CHEMBL3784,CHEMBL295316,Kd,2000.0,nM,5.7,ChEMBL
Plumbagin,QUININE 3-MONOOXYGENASE,CHEMBL340,CHEMBL295316,IC50,10000.0,nM,,ChEMBL
Plumbagin,RAR-RELATED ORPHAN RECEPTOR C,CHEMBL1293231,CHEMBL295316,Potency,5623.4,nM,5.25,ChEMBL
Plumbagin,RECEPTOR,CHEMBL6007,CHEMBL295316,EC50,460.0,nM,6.34,ChEMBL
Plumbagin,RETICULUM,CHEMBL1781865,CHEMBL295316,Potency,7943.3,nM,,ChEMBL
Plumbagin,RETINOID-RELATED ORPHAN RECEPTOR-GAMMA,CHEMBL1293231,CHEMBL295316,Potency,5623.4,nM,5.25,ChEMBL
Plumbagin,RHODANESE,CHEMBL4295835,CHEMBL295316,IC50,60.0,nM,7.22,ChEMBL
Plumbagin,RORC,CHEMBL1293231,CHEMBL295316,Potency,5623.4,nM,5.25,ChEMBL
Plumbagin,S-MEPHENYTOIN 4-HYDROXYLASE,CHEMBL3397,CHEMBL295316,IC50,10000.0,nM,,ChEMBL
Plumbagin,SAS,CHEMBL1075569,CHEMBL295316,IC50,3000.0,nM,5.52,ChEMBL
Plumbagin,SK-BR-3,CHEMBL613834,CHEMBL295316,IC50,3200.0,nM,5.5,ChEMBL
Plumbagin,SK-MEL-28,CHEMBL614919,CHEMBL295316,IC50,5000.0,nM,5.3,ChEMBL
Plumbagin,SMMC-7721,CHEMBL613831,CHEMBL295316,IC50,5410.0,nM,5.27,ChEMBL
Plumbagin,SPECIFIC,CHEMBL3588738,CHEMBL295316,IC50,5700.0,nM,5.24,ChEMBL
Plumbagin,SUBFAMILY,CHEMBL6007,CHEMBL295316,EC50,460.0,nM,6.34,ChEMBL
Plumbagin,SW-620,CHEMBL612262,CHEMBL295316,IC50,7700.0,nM,5.11,ChEMBL
Plumbagin,SW480,CHEMBL612544,CHEMBL295316,IC50,7300.0,nM,5.14,ChEMBL
Plumbagin,SW982,CHEMBL2366238,CHEMBL295316,IC50,3600.0,nM,5.44,ChEMBL
Plumbagin,TAU,CHEMBL1293224,CHEMBL295316,Potency,2238.7,nM,5.65,ChEMBL
Plumbagin,TDP1,CHEMBL1075138,CHEMBL295316,Potency,2660.9,nM,,ChEMBL
Plumbagin,THIOSULFATE,CHEMBL4295835,CHEMBL295316,IC50,60.0,nM,7.22,ChEMBL
Plumbagin,THIOSULFATE SULFURTRANSFERASE,CHEMBL4295835,CHEMBL295316,IC50,60.0,nM,7.22,ChEMBL
Plumbagin,THP-1,CHEMBL614245,CHEMBL295316,IC50,1100.0,nM,5.96,ChEMBL
Plumbagin,THYMUS ORPHAN RECEPTOR,CHEMBL1293231,CHEMBL295316,Potency,5623.4,nM,5.25,ChEMBL
Plumbagin,TOR,CHEMBL1293231,CHEMBL295316,Potency,5623.4,nM,5.25,ChEMBL
Plumbagin,TP53,CHEMBL4096,CHEMBL295316,Potency,10000.0,nM,5.0,ChEMBL
Plumbagin,TRANSFORMATION-SENSITIVE PROTEIN P120,CHEMBL6007,CHEMBL295316,EC50,460.0,nM,6.34,ChEMBL
Plumbagin,TRANSIENT,CHEMBL6007,CHEMBL295316,EC50,460.0,nM,6.34,ChEMBL
Plumbagin,TRANSIENT RECEPTOR POTENTIAL CATION CHANNEL SUBFAMILY A MEMBER 1,CHEMBL6007,CHEMBL295316,EC50,460.0,nM,6.34,ChEMBL
Plumbagin,TRITHORAX-LIKE PROTEIN,CHEMBL2093861,CHEMBL295316,Potency,10000.0,nM,5.0,ChEMBL
Plumbagin,TRPA1,CHEMBL6007,CHEMBL295316,EC50,460.0,nM,6.34,ChEMBL
Plumbagin,TRYPANOSOMA CRUZI,CHEMBL368,CHEMBL295316,IC50,1380.0,nM,5.86,ChEMBL
Plumbagin,TST,CHEMBL4295835,CHEMBL295316,IC50,60.0,nM,7.22,ChEMBL
Plumbagin,TUMOR,CHEMBL4096,CHEMBL295316,Potency,10000.0,nM,5.0,ChEMBL
Plumbagin,TUMOR SUPPRESSOR P53,CHEMBL4096,CHEMBL295316,Potency,10000.0,nM,5.0,ChEMBL
Plumbagin,TYR-DNA PHOSPHODIESTERASE 1,CHEMBL1075138,CHEMBL295316,Potency,2660.9,nM,,ChEMBL
Plumbagin,TYROSYL-DNA PHOSPHODIESTERASE 1,CHEMBL1075138,CHEMBL295316,Potency,2660.9,nM,,ChEMBL
Plumbagin,U-937,CHEMBL612794,CHEMBL295316,IC50,2400.0,nM,5.62,ChEMBL
Plumbagin,UNCHECKED,CHEMBL612545,CHEMBL295316,IC50,2400.0,nM,5.62,ChEMBL
Plumbagin,VDR,CHEMBL1977,CHEMBL295316,Potency,891.3,nM,,ChEMBL
Plumbagin,VITAMIN,CHEMBL1977,CHEMBL295316,Potency,891.3,nM,,ChEMBL
Plumbagin,VITAMIN D3 RECEPTOR,CHEMBL1977,CHEMBL295316,Potency,891.3,nM,,ChEMBL
Plumbagin,WASABI RECEPTOR,CHEMBL6007,CHEMBL295316,EC50,460.0,nM,6.34,ChEMBL
Plumbagin,ZINC FINGER PROTEIN HRX,CHEMBL2093861,CHEMBL295316,Potency,10000.0,nM,5.0,ChEMBL
Plumbagin,[HISTONE H3]-TRIMETHYL-L-LYSINE(9) DEMETHYLASE 4E,CHEMBL1293226,CHEMBL295316,Potency,8912.5,nM,5.05,ChEMBL
Quercetin,(R)-LIMONENE 6-MONOOXYGENASE,CHEMBL3397,CHEMBL50,Potency,7943.3,nM,5.1,ChEMBL
Quercetin,(S)-LIMONENE 6-MONOOXYGENASE,CHEMBL3397,CHEMBL50,Potency,7943.3,nM,5.1,ChEMBL
Quercetin,(S)-LIMONENE 7-MONOOXYGENASE,CHEMBL3397,CHEMBL50,Potency,7943.3,nM,5.1,ChEMBL
Quercetin,"1,4-ALPHA-D-GLUCAN GLUCANOHYDROLASE 1",CHEMBL6066863,CHEMBL50,IC50,8210.0,nM,5.09,ChEMBL
Quercetin,"1,4-CINEOLE 2-EXO-MONOOXYGENASE",CHEMBL340,CHEMBL50,Potency,6309.6,nM,5.2,ChEMBL
Quercetin,"1,8-CINEOLE 2-EXO-MONOOXYGENASE",CHEMBL340,CHEMBL50,Potency,6309.6,nM,5.2,ChEMBL
Quercetin,12-LOX,CHEMBL4358,CHEMBL50,IC50,430.0,nM,6.37,ChEMBL
Quercetin,12/15-LIPOXYGENASE,CHEMBL4358,CHEMBL50,IC50,430.0,nM,6.37,ChEMBL
Quercetin,12S-LIPOXYGENASE,CHEMBL3687,CHEMBL50,IC50,440.0,nM,6.36,ChEMBL
Quercetin,12S-LOX,CHEMBL3687,CHEMBL50,IC50,440.0,nM,6.36,ChEMBL
Quercetin,15-HYDROXYPROSTAGLANDIN DEHYDROGENASE [NAD(+)],CHEMBL1293255,CHEMBL50,Potency,8912.5,nM,5.05,ChEMBL
Quercetin,15-LOX,CHEMBL4358,CHEMBL50,IC50,430.0,nM,6.37,ChEMBL
Quercetin,15-LOX-1,CHEMBL2903,CHEMBL50,IC50,2200.0,nM,5.66,ChEMBL
Quercetin,15-PGDH,CHEMBL1293255,CHEMBL50,Potency,8912.5,nM,5.05,ChEMBL
Quercetin,17-ALPHA-HSD,CHEMBL1075270,CHEMBL50,IC50,6900.0,nM,5.16,ChEMBL
Quercetin,17-ALPHA-HYDROXYSTEROID DEHYDROGENASE,CHEMBL1075270,CHEMBL50,IC50,6900.0,nM,5.16,ChEMBL
Quercetin,17-BETA-ESTRADIOL 17-DEHYDROGENASE,CHEMBL4159,CHEMBL50,Potency,7943.3,nM,5.1,ChEMBL
Quercetin,17-BETA-HSD 2,CHEMBL2789,CHEMBL50,IC50,1540.0,nM,5.81,ChEMBL
Quercetin,17-BETA-HYDROXYSTEROID DEHYDROGENASE TYPE 2,CHEMBL2789,CHEMBL50,IC50,1540.0,nM,5.81,ChEMBL
Quercetin,2'-O-METHYLTRANSFERASE NSP16,CHEMBL4523582,CHEMBL50,IC50,6900.0,nM,5.16,ChEMBL
Quercetin,2-METHYL-3-HYDROXYBUTYRYL-COA DEHYDROGENASE,CHEMBL4159,CHEMBL50,Potency,7943.3,nM,5.1,ChEMBL
Quercetin,20 ALPHA-HYDROXYSTEROID DEHYDROGENASE,CHEMBL2789,CHEMBL50,IC50,1540.0,nM,5.81,ChEMBL
Quercetin,20-ALPHA-HSD,CHEMBL2789,CHEMBL50,IC50,1540.0,nM,5.81,ChEMBL
Quercetin,20-ALPHA-HYDROXYSTEROID DEHYDROGENASE,CHEMBL3081,CHEMBL50,IC50,2850.0,nM,5.54,ChEMBL
Quercetin,3(OR 17)-ALPHA-HYDROXYSTEROID DEHYDROGENASE,CHEMBL1075270,CHEMBL50,IC50,6900.0,nM,5.16,ChEMBL
Quercetin,3-ALPHA-(17-BETA)-HYDROXYSTEROID DEHYDROGENASE (NAD(+)),CHEMBL4159,CHEMBL50,Potency,7943.3,nM,5.1,ChEMBL
Quercetin,3-ALPHA-HYDROXYSTEROID DEHYDROGENASE,CHEMBL1075270,CHEMBL50,IC50,6900.0,nM,5.16,ChEMBL
Quercetin,3-DG-REDUCING ENZYME,CHEMBL3871,CHEMBL50,IC50,2320.0,nM,5.63,ChEMBL
Quercetin,3-HYDROXY-2-METHYLBUTYRYL-COA DEHYDROGENASE,CHEMBL4159,CHEMBL50,Potency,7943.3,nM,5.1,ChEMBL
Quercetin,3-HYDROXYACYL-COA DEHYDROGENASE TYPE II,CHEMBL4159,CHEMBL50,Potency,7943.3,nM,5.1,ChEMBL
Quercetin,3-HYDROXYACYL-COA DEHYDROGENASE TYPE-2,CHEMBL4159,CHEMBL50,Potency,7943.3,nM,5.1,ChEMBL
Quercetin,3-HYDROXYACYL-[ACYL-CARRIER-PROTEIN] DEHYDRATASE,CHEMBL4512,CHEMBL50,IC50,1500.0,nM,5.82,ChEMBL
Quercetin,3-OXOACYL-[ACYL-CARRIER-PROTEIN] REDUCTASE,CHEMBL4513,CHEMBL50,IC50,5400.0,nM,5.27,ChEMBL
Quercetin,3ALPHA(OR 20BETA)-HYDROXYSTEROID DEHYDROGENASE,CHEMBL4159,CHEMBL50,Potency,7943.3,nM,5.1,ChEMBL
Quercetin,3C-LIKE PROTEINASE NSP5,CHEMBL4523582,CHEMBL50,IC50,6900.0,nM,5.16,ChEMBL
Quercetin,3CL-PRO,CHEMBL4523582,CHEMBL50,IC50,6900.0,nM,5.16,ChEMBL
Quercetin,3CLP,CHEMBL4523582,CHEMBL50,IC50,6900.0,nM,5.16,ChEMBL
Quercetin,5'-DEOXYNUCLEOTIDASE,CHEMBL1075214,CHEMBL50,Ki,45.3,nM,7.34,ChEMBL
Quercetin,5'-DEOXYRIBOSE-PHOSPHATE LYASE,CHEMBL2392,CHEMBL50,Potency,199.5,nM,6.7,ChEMBL
Quercetin,5'-DRP LYASE,CHEMBL2392,CHEMBL50,Potency,199.5,nM,6.7,ChEMBL
Quercetin,5'-NT,CHEMBL1075214,CHEMBL50,Ki,45.3,nM,7.34,ChEMBL
Quercetin,5'-NUCLEOTIDASE,CHEMBL1075214,CHEMBL50,Ki,45.3,nM,7.34,ChEMBL
Quercetin,5-LIPOXYGENASE,CHEMBL312,CHEMBL50,IC50,300.0,nM,6.52,ChEMBL
Quercetin,5-LO,CHEMBL312,CHEMBL50,IC50,300.0,nM,6.52,ChEMBL
Quercetin,67 KDA MATRIX METALLOPROTEINASE-9,CHEMBL321,CHEMBL50,IC50,1610.0,nM,5.79,ChEMBL
Quercetin,7-ALPHA-HYDROXYSTEROID DEHYDROGENASE,CHEMBL4159,CHEMBL50,Potency,7943.3,nM,5.1,ChEMBL
Quercetin,70 KDA LYSOSOMAL ALPHA-GLUCOSIDASE,CHEMBL3833502,CHEMBL50,IC50,7800.0,nM,5.11,ChEMBL
Quercetin,72 KDA GELATINASE,CHEMBL333,CHEMBL50,IC50,6680.0,nM,5.17,ChEMBL
Quercetin,72 KDA TYPE IV COLLAGENASE,CHEMBL333,CHEMBL50,IC50,6680.0,nM,5.17,ChEMBL
Quercetin,76 KDA LYSOSOMAL ALPHA-GLUCOSIDASE,CHEMBL3833502,CHEMBL50,IC50,7800.0,nM,5.11,ChEMBL
Quercetin,82 KDA MATRIX METALLOPROTEINASE-9,CHEMBL321,CHEMBL50,IC50,1610.0,nM,5.79,ChEMBL
Quercetin,84 KDA MYELOPEROXIDASE,CHEMBL2439,CHEMBL50,IC50,1270.0,nM,5.9,ChEMBL
Quercetin,89 KDA MYELOPEROXIDASE,CHEMBL2439,CHEMBL50,IC50,1270.0,nM,5.9,ChEMBL
Quercetin,92 KDA GELATINASE,CHEMBL321,CHEMBL50,IC50,1610.0,nM,5.79,ChEMBL
Quercetin,92 KDA TYPE IV COLLAGENASE,CHEMBL321,CHEMBL50,IC50,1610.0,nM,5.79,ChEMBL
Quercetin,A549,CHEMBL392,CHEMBL50,IC50,6200.0,nM,5.21,ChEMBL
Quercetin,ABCB1,CHEMBL4302,CHEMBL50,Kd,7079.46,nM,5.15,ChEMBL
Quercetin,ABCC1,CHEMBL3004,CHEMBL50,Ki,2400.0,nM,5.62,ChEMBL
Quercetin,ABCG2,CHEMBL5393,CHEMBL50,IC50,6900.0,nM,5.16,ChEMBL
Quercetin,ABETA40,CHEMBL2487,CHEMBL50,IC50,7940.0,nM,5.1,ChEMBL
Quercetin,ABETA42,CHEMBL2487,CHEMBL50,IC50,7940.0,nM,5.1,ChEMBL
Quercetin,ABPP,CHEMBL2487,CHEMBL50,IC50,7940.0,nM,5.1,ChEMBL
Quercetin,ACETYLCHOLINE,CHEMBL276,CHEMBL50,Potency,3162.3,nM,5.5,ChEMBL
Quercetin,ACETYLCHOLINESTERASE,CHEMBL220,CHEMBL50,IC50,2910.0,nM,5.54,ChEMBL
Quercetin,ACETYLTRANSFERASE SPHK1,CHEMBL4394,CHEMBL50,IC50,2800.0,nM,5.55,ChEMBL
Quercetin,ACHE,CHEMBL220,CHEMBL50,IC50,2910.0,nM,5.54,ChEMBL
Quercetin,ACID,CHEMBL312,CHEMBL50,IC50,300.0,nM,6.52,ChEMBL
Quercetin,ACID MALTASE,CHEMBL3833502,CHEMBL50,IC50,7800.0,nM,5.11,ChEMBL
Quercetin,ACTIVATION PEPTIDE FRAGMENT 1,CHEMBL204,CHEMBL50,Kd,38.7,nM,7.41,ChEMBL
Quercetin,ACTIVATION PEPTIDE FRAGMENT 2,CHEMBL204,CHEMBL50,Kd,38.7,nM,7.41,ChEMBL
Quercetin,ACTIVATOR,CHEMBL5401,CHEMBL50,Potency,2511.9,nM,5.6,ChEMBL
Quercetin,ADABP,CHEMBL284,CHEMBL50,IC50,2920.0,nM,5.54,ChEMBL
Quercetin,ADCP-2,CHEMBL284,CHEMBL50,IC50,2920.0,nM,5.54,ChEMBL
Quercetin,ADENOSINE,CHEMBL318,CHEMBL50,Ki,2470.0,nM,5.61,ChEMBL
Quercetin,ADENOSINE DEAMINASE COMPLEXING PROTEIN 2,CHEMBL284,CHEMBL50,IC50,2920.0,nM,5.54,ChEMBL
Quercetin,ADENOSINE RECEPTOR A1,CHEMBL318,CHEMBL50,Ki,2470.0,nM,5.61,ChEMBL
Quercetin,ADENOSINE RECEPTOR A2A,CHEMBL302,CHEMBL50,Ki,6990.0,nM,5.16,ChEMBL
Quercetin,ADHESION,CHEMBL2695,CHEMBL50,IC50,1200.0,nM,5.92,ChEMBL
Quercetin,ADMET,CHEMBL612558,CHEMBL50,Ki,1980.0,nM,5.7,ChEMBL
Quercetin,ADORA1,CHEMBL318,CHEMBL50,Ki,2470.0,nM,5.61,ChEMBL
Quercetin,ADORA2A,CHEMBL302,CHEMBL50,Ki,6990.0,nM,5.16,ChEMBL
Quercetin,AGLUCOSIDASE ALFA,CHEMBL3833502,CHEMBL50,IC50,7800.0,nM,5.11,ChEMBL
Quercetin,AICD-50,CHEMBL2487,CHEMBL50,IC50,7940.0,nM,5.1,ChEMBL
Quercetin,AICD-57,CHEMBL2487,CHEMBL50,IC50,7940.0,nM,5.1,ChEMBL
Quercetin,AICD-59,CHEMBL2487,CHEMBL50,IC50,7940.0,nM,5.1,ChEMBL
Quercetin,AID(50),CHEMBL2487,CHEMBL50,IC50,7940.0,nM,5.1,ChEMBL
Quercetin,AID(57),CHEMBL2487,CHEMBL50,IC50,7940.0,nM,5.1,ChEMBL
Quercetin,AID(59),CHEMBL2487,CHEMBL50,IC50,7940.0,nM,5.1,ChEMBL
Quercetin,AIM-1,CHEMBL2185,CHEMBL50,IC50,910.0,nM,6.04,ChEMBL
Quercetin,AKR1A1,CHEMBL3871,CHEMBL50,IC50,2320.0,nM,5.63,ChEMBL
Quercetin,AKR1B1,CHEMBL1900,CHEMBL50,IC50,2200.0,nM,5.66,ChEMBL
Quercetin,AKR1B10,CHEMBL5983,CHEMBL50,IC50,1900.0,nM,5.72,ChEMBL
Quercetin,AKR1C21,CHEMBL1075270,CHEMBL50,IC50,6900.0,nM,5.16,ChEMBL
Quercetin,AKT1,CHEMBL4282,CHEMBL50,IC50,5390.0,nM,5.27,ChEMBL
Quercetin,ALBENDAZOLE MONOOXYGENASE (SULFOXIDE-FORMING),CHEMBL340,CHEMBL50,Potency,6309.6,nM,5.2,ChEMBL
Quercetin,ALBENDAZOLE SULFOXIDASE,CHEMBL340,CHEMBL50,Potency,6309.6,nM,5.2,ChEMBL
Quercetin,ALCOHOL DEHYDROGENASE [NADP(+)],CHEMBL3871,CHEMBL50,IC50,2320.0,nM,5.63,ChEMBL
Quercetin,ALDEHYDE REDUCTASE,CHEMBL1900,CHEMBL50,IC50,2200.0,nM,5.66,ChEMBL
Quercetin,ALDO-KETO REDUCTASE FAMILY 1 MEMBER A1,CHEMBL3871,CHEMBL50,IC50,2320.0,nM,5.63,ChEMBL
Quercetin,ALDO-KETO REDUCTASE FAMILY 1 MEMBER B1,CHEMBL1900,CHEMBL50,IC50,2200.0,nM,5.66,ChEMBL
Quercetin,ALDO-KETO REDUCTASE FAMILY 1 MEMBER B10,CHEMBL5983,CHEMBL50,IC50,1900.0,nM,5.72,ChEMBL
Quercetin,ALDO-KETO REDUCTASE FAMILY 1 MEMBER C21,CHEMBL1075270,CHEMBL50,IC50,6900.0,nM,5.16,ChEMBL
Quercetin,ALDOKETOMUTASE,CHEMBL2424,CHEMBL50,IC50,3200.0,nM,5.5,ChEMBL
Quercetin,ALDOSE REDUCTASE,CHEMBL1900,CHEMBL50,IC50,2200.0,nM,5.66,ChEMBL
Quercetin,ALDOSE REDUCTASE-LIKE,CHEMBL5983,CHEMBL50,IC50,1900.0,nM,5.72,ChEMBL
Quercetin,ALDOSE REDUCTASE-RELATED PROTEIN,CHEMBL5983,CHEMBL50,IC50,1900.0,nM,5.72,ChEMBL
Quercetin,ALK,CHEMBL4247,CHEMBL50,IC50,3320.0,nM,5.48,ChEMBL
Quercetin,ALK TYROSINE KINASE RECEPTOR,CHEMBL4247,CHEMBL50,IC50,3320.0,nM,5.48,ChEMBL
Quercetin,ALL-1,CHEMBL2093861,CHEMBL50,Potency,10000.0,nM,5.0,ChEMBL
Quercetin,ALOX12,CHEMBL3687,CHEMBL50,IC50,440.0,nM,6.36,ChEMBL
Quercetin,ALOX15,CHEMBL4358,CHEMBL50,IC50,430.0,nM,6.37,ChEMBL
Quercetin,ALOX5,CHEMBL312,CHEMBL50,IC50,300.0,nM,6.52,ChEMBL
Quercetin,ALPHA,CHEMBL3629,CHEMBL50,Ki,1180.0,nM,5.93,ChEMBL
Quercetin,"ALPHA-1,4-GLUCOSIDASE",CHEMBL3833502,CHEMBL50,IC50,7800.0,nM,5.11,ChEMBL
Quercetin,ALPHA-AMYLASE 1A,CHEMBL6066863,CHEMBL50,IC50,8210.0,nM,5.09,ChEMBL
Quercetin,ALPHA-CTF,CHEMBL2487,CHEMBL50,IC50,7940.0,nM,5.1,ChEMBL
Quercetin,ALPHA-KETOGLUTARATE-DEPENDENT DIOXYGENASE FTO,CHEMBL2331065,CHEMBL50,IC50,9500.0,nM,5.02,ChEMBL
Quercetin,ALPHA-SECRETASE C-TERMINAL FRAGMENT,CHEMBL2487,CHEMBL50,IC50,7940.0,nM,5.1,ChEMBL
Quercetin,ALPHA-TRYPSIN CHAIN 1,CHEMBL3769,CHEMBL50,IC50,7100.0,nM,5.15,ChEMBL
Quercetin,ALPHA-TRYPSIN CHAIN 2,CHEMBL3769,CHEMBL50,IC50,7100.0,nM,5.15,ChEMBL
Quercetin,ALZHEIMER DISEASE AMYLOID A4 PROTEIN HOMOLOG,CHEMBL2487,CHEMBL50,IC50,7940.0,nM,5.1,ChEMBL
Quercetin,ALZHEIMER DISEASE AMYLOID PROTEIN,CHEMBL2487,CHEMBL50,IC50,7940.0,nM,5.1,ChEMBL
Quercetin,AMINE,CHEMBL3254,CHEMBL50,IC50,10.0,nM,8.0,ChEMBL
Quercetin,AMINE OXIDASE [FLAVIN-CONTAINING] A,CHEMBL3254,CHEMBL50,IC50,10.0,nM,8.0,ChEMBL
Quercetin,AMPC,CHEMBL2026,CHEMBL50,IC50,4000.0,nM,5.4,ChEMBL
Quercetin,AMPK-RELATED PROTEIN KINASE 5,CHEMBL5784,CHEMBL50,IC50,5090.0,nM,5.29,ChEMBL
Quercetin,AMY1A,CHEMBL6066863,CHEMBL50,IC50,8210.0,nM,5.09,ChEMBL
Quercetin,AMYLOID INTRACELLULAR DOMAIN 50,CHEMBL2487,CHEMBL50,IC50,7940.0,nM,5.1,ChEMBL
Quercetin,AMYLOID INTRACELLULAR DOMAIN 57,CHEMBL2487,CHEMBL50,IC50,7940.0,nM,5.1,ChEMBL
Quercetin,AMYLOID INTRACELLULAR DOMAIN 59,CHEMBL2487,CHEMBL50,IC50,7940.0,nM,5.1,ChEMBL
Quercetin,AMYLOID PRECURSOR PROTEIN,CHEMBL2487,CHEMBL50,IC50,7940.0,nM,5.1,ChEMBL
Quercetin,AMYLOID-BETA (A4) PRECURSOR PROTEIN,CHEMBL2487,CHEMBL50,IC50,7940.0,nM,5.1,ChEMBL
Quercetin,AMYLOID-BETA A4 PROTEIN,CHEMBL2487,CHEMBL50,IC50,7940.0,nM,5.1,ChEMBL
Quercetin,AMYLOID-BETA PRECURSOR PROTEIN,CHEMBL2487,CHEMBL50,IC50,7940.0,nM,5.1,ChEMBL
Quercetin,AMYLOID-BETA PROTEIN 40,CHEMBL2487,CHEMBL50,IC50,7940.0,nM,5.1,ChEMBL
Quercetin,AMYLOID-BETA PROTEIN 42,CHEMBL2487,CHEMBL50,IC50,7940.0,nM,5.1,ChEMBL
Quercetin,ANAPLASTIC LYMPHOMA KINASE,CHEMBL4247,CHEMBL50,IC50,3320.0,nM,5.48,ChEMBL
Quercetin,AND,CHEMBL5401,CHEMBL50,Potency,2511.9,nM,5.6,ChEMBL
Quercetin,ANHYDRASE,CHEMBL205,CHEMBL50,Ki,2540.0,nM,5.59,ChEMBL
Quercetin,ANION,CHEMBL1743124,CHEMBL50,IC50,7300.0,nM,5.14,ChEMBL
Quercetin,ANIONIC TRYPSIN I,CHEMBL3769,CHEMBL50,IC50,7100.0,nM,5.15,ChEMBL
Quercetin,ANIONIC TRYPSIN-I,CHEMBL3769,CHEMBL50,IC50,7100.0,nM,5.15,ChEMBL
Quercetin,ANTIDIURETIC HORMONE RECEPTOR,CHEMBL1790,CHEMBL50,IC50,7000.0,nM,5.16,ChEMBL
Quercetin,ANTIGEN,CHEMBL4096,CHEMBL50,Potency,1000.0,nM,6.0,ChEMBL
Quercetin,ANTIGEN NY-CO-13,CHEMBL4096,CHEMBL50,Potency,1000.0,nM,6.0,ChEMBL
Quercetin,AP ENDONUCLEASE 1,CHEMBL5619,CHEMBL50,Potency,1412.5,nM,,ChEMBL
Quercetin,AP LYASE,CHEMBL2392,CHEMBL50,Potency,199.5,nM,6.7,ChEMBL
Quercetin,APE-1,CHEMBL5619,CHEMBL50,Potency,1412.5,nM,,ChEMBL
Quercetin,APEN,CHEMBL5619,CHEMBL50,Potency,1412.5,nM,,ChEMBL
Quercetin,APEX NUCLEASE,CHEMBL5619,CHEMBL50,Potency,1412.5,nM,,ChEMBL
Quercetin,APEX1,CHEMBL5619,CHEMBL50,Potency,1412.5,nM,,ChEMBL
Quercetin,APP,CHEMBL2487,CHEMBL50,IC50,7940.0,nM,5.1,ChEMBL
Quercetin,APPI,CHEMBL2487,CHEMBL50,IC50,7940.0,nM,5.1,ChEMBL
Quercetin,APURINIC-APYRIMIDINIC ENDONUCLEASE 1,CHEMBL5619,CHEMBL50,Potency,1412.5,nM,,ChEMBL
Quercetin,ARACHIDONATE (12S)-LIPOXYGENASE,CHEMBL3687,CHEMBL50,IC50,440.0,nM,6.36,ChEMBL
Quercetin,ARACHIDONATE (15S)-LIPOXYGENASE,CHEMBL3687,CHEMBL50,IC50,440.0,nM,6.36,ChEMBL
Quercetin,"ARACHIDONATE 12-LIPOXYGENASE, LEUKOCYTE-TYPE",CHEMBL4358,CHEMBL50,IC50,430.0,nM,6.37,ChEMBL
Quercetin,ARACHIDONATE 15-LIPOXYGENASE,CHEMBL4358,CHEMBL50,IC50,430.0,nM,6.37,ChEMBL
Quercetin,ARACHIDONATE 5-LIPOXYGENASE,CHEMBL312,CHEMBL50,IC50,300.0,nM,6.52,ChEMBL
Quercetin,ARACHIDONATE OMEGA-6 LIPOXYGENASE,CHEMBL4358,CHEMBL50,IC50,430.0,nM,6.37,ChEMBL
Quercetin,ARGINASE,CHEMBL3108635,CHEMBL50,IC50,4000.0,nM,5.4,ChEMBL
Quercetin,ARK-2,CHEMBL2185,CHEMBL50,IC50,910.0,nM,6.04,ChEMBL
Quercetin,ARK5,CHEMBL5784,CHEMBL50,IC50,5090.0,nM,5.29,ChEMBL
Quercetin,ARL-1,CHEMBL5983,CHEMBL50,IC50,1900.0,nM,5.72,ChEMBL
Quercetin,ARNT-INTERACTING PROTEIN,CHEMBL4261,CHEMBL50,Potency,10000.0,nM,5.0,ChEMBL
Quercetin,AROMATASE,CHEMBL1978,CHEMBL50,IC50,12.0,nM,7.92,ChEMBL
Quercetin,ARP,CHEMBL5983,CHEMBL50,IC50,1900.0,nM,5.72,ChEMBL
Quercetin,ARYL SULFOTRANSFERASE,CHEMBL4886,CHEMBL50,IC50,290.0,nM,6.54,ChEMBL
Quercetin,ARYL SULFOTRANSFERASE IV,CHEMBL4886,CHEMBL50,IC50,290.0,nM,6.54,ChEMBL
Quercetin,ASP 2,CHEMBL4822,CHEMBL50,IC50,5400.0,nM,5.27,ChEMBL
Quercetin,ASP2,CHEMBL4822,CHEMBL50,IC50,5400.0,nM,5.27,ChEMBL
Quercetin,ASPARTYL PROTEASE 2,CHEMBL4822,CHEMBL50,IC50,5400.0,nM,5.27,ChEMBL
Quercetin,ASTIV,CHEMBL4886,CHEMBL50,IC50,290.0,nM,6.54,ChEMBL
Quercetin,ATP-BINDING CASSETTE SUB-FAMILY B MEMBER 1,CHEMBL4302,CHEMBL50,Kd,7079.46,nM,5.15,ChEMBL
Quercetin,ATP-BINDING CASSETTE SUB-FAMILY C MEMBER 1,CHEMBL3004,CHEMBL50,Ki,2400.0,nM,5.62,ChEMBL
Quercetin,ATP-BINDING CASSETTE SUB-FAMILY G MEMBER 2,CHEMBL5393,CHEMBL50,IC50,6900.0,nM,5.16,ChEMBL
Quercetin,ATP-DEPENDENT 6-PHOSPHOFRUCTOKINASE,CHEMBL5686,CHEMBL50,Potency,6745.6,nM,,ChEMBL
Quercetin,ATP-DEPENDENT DNA HELICASE Q1,CHEMBL1293236,CHEMBL50,Potency,1000.0,nM,6.0,ChEMBL
Quercetin,ATP-DEPENDENT TRANSLOCASE ABCB1,CHEMBL4302,CHEMBL50,Kd,7079.46,nM,5.15,ChEMBL
Quercetin,ATP-PFK,CHEMBL5686,CHEMBL50,Potency,6745.6,nM,,ChEMBL
Quercetin,ATP2A1,CHEMBL4693,CHEMBL50,IC50,9000.0,nM,5.05,ChEMBL
Quercetin,ATPASE,CHEMBL4693,CHEMBL50,IC50,9000.0,nM,5.05,ChEMBL
Quercetin,AURKB,CHEMBL2185,CHEMBL50,IC50,910.0,nM,6.04,ChEMBL
Quercetin,AURORA,CHEMBL2185,CHEMBL50,IC50,910.0,nM,6.04,ChEMBL
Quercetin,AURORA 1,CHEMBL2185,CHEMBL50,IC50,910.0,nM,6.04,ChEMBL
Quercetin,AURORA KINASE B,CHEMBL2185,CHEMBL50,IC50,910.0,nM,6.04,ChEMBL
Quercetin,AURORA- AND IPL1-LIKE MIDBODY-ASSOCIATED PROTEIN 1,CHEMBL2185,CHEMBL50,IC50,910.0,nM,6.04,ChEMBL
Quercetin,AURORA-RELATED KINASE 2,CHEMBL2185,CHEMBL50,IC50,910.0,nM,6.04,ChEMBL
Quercetin,AURORA/IPL1-RELATED KINASE 2,CHEMBL2185,CHEMBL50,IC50,910.0,nM,6.04,ChEMBL
Quercetin,AVPR V2,CHEMBL1790,CHEMBL50,IC50,7000.0,nM,5.16,ChEMBL
Quercetin,AVPR2,CHEMBL1790,CHEMBL50,IC50,7000.0,nM,5.16,ChEMBL
Quercetin,AXL,CHEMBL4895,CHEMBL50,IC50,960.0,nM,6.02,ChEMBL
Quercetin,AXL ONCOGENE,CHEMBL4895,CHEMBL50,IC50,960.0,nM,6.02,ChEMBL
Quercetin,B-CELL CLL/LYMPHOMA 9 PROTEIN,CHEMBL3885525,CHEMBL50,IC50,10080.0,nM,5.0,ChEMBL
Quercetin,B-CELL LYMPHOMA 9 PROTEIN,CHEMBL3885525,CHEMBL50,IC50,10080.0,nM,5.0,ChEMBL
Quercetin,BACE1,CHEMBL4822,CHEMBL50,IC50,5400.0,nM,5.27,ChEMBL
Quercetin,BASIC-HELIX-LOOP-HELIX-PAS PROTEIN MOP1,CHEMBL4261,CHEMBL50,Potency,10000.0,nM,5.0,ChEMBL
Quercetin,BCL-9,CHEMBL3885525,CHEMBL50,IC50,10080.0,nM,5.0,ChEMBL
Quercetin,BCL9,CHEMBL3885525,CHEMBL50,IC50,10080.0,nM,5.0,ChEMBL
Quercetin,BETA,CHEMBL2392,CHEMBL50,Potency,199.5,nM,6.7,ChEMBL
Quercetin,BETA-5,CHEMBL4662,CHEMBL50,IC50,2000.0,nM,5.7,ChEMBL
Quercetin,BETA-APP40,CHEMBL2487,CHEMBL50,IC50,7940.0,nM,5.1,ChEMBL
Quercetin,BETA-APP42,CHEMBL2487,CHEMBL50,IC50,7940.0,nM,5.1,ChEMBL
Quercetin,BETA-CATENIN,CHEMBL5866,CHEMBL50,Kd,5580.0,nM,5.25,ChEMBL
Quercetin,BETA-CTF,CHEMBL2487,CHEMBL50,IC50,7940.0,nM,5.1,ChEMBL
Quercetin,BETA-LACTAMASE,CHEMBL2026,CHEMBL50,IC50,4000.0,nM,5.4,ChEMBL
Quercetin,BETA-SECRETASE 1,CHEMBL4822,CHEMBL50,IC50,5400.0,nM,5.27,ChEMBL
Quercetin,BETA-SECRETASE C-TERMINAL FRAGMENT,CHEMBL2487,CHEMBL50,IC50,7940.0,nM,5.1,ChEMBL
Quercetin,BETA-SITE AMYLOID PRECURSOR PROTEIN CLEAVING ENZYME 1,CHEMBL4822,CHEMBL50,IC50,5400.0,nM,5.27,ChEMBL
Quercetin,BETA-SITE APP CLEAVING ENZYME 1,CHEMBL4822,CHEMBL50,IC50,5400.0,nM,5.27,ChEMBL
Quercetin,BETA-TRYPSIN,CHEMBL3769,CHEMBL50,IC50,7100.0,nM,5.15,ChEMBL
Quercetin,BHLHE78,CHEMBL4261,CHEMBL50,Potency,10000.0,nM,5.0,ChEMBL
Quercetin,BRAF,CHEMBL5145,CHEMBL50,IC50,7589.0,nM,5.12,ChEMBL
Quercetin,BRAF35-HDAC COMPLEX PROTEIN BHC110,CHEMBL6136,CHEMBL50,IC50,1260.0,nM,5.9,ChEMBL
Quercetin,BRAIN,CHEMBL613617,CHEMBL50,IC50,1496.0,nM,5.83,ChEMBL
Quercetin,BREAST CANCER RESISTANCE PROTEIN,CHEMBL5393,CHEMBL50,IC50,6900.0,nM,5.16,ChEMBL
Quercetin,BROAD,CHEMBL5393,CHEMBL50,IC50,6900.0,nM,5.16,ChEMBL
Quercetin,BROAD SUBSTRATE SPECIFICITY ATP-BINDING CASSETTE TRANSPORTER ABCG2,CHEMBL5393,CHEMBL50,IC50,6900.0,nM,5.16,ChEMBL
Quercetin,BT-549,CHEMBL614072,CHEMBL50,IC50,10000.0,nM,,ChEMBL
Quercetin,BV-2,CHEMBL614781,CHEMBL50,IC50,4300.0,nM,5.37,ChEMBL
Quercetin,C-C CHEMOKINE RECEPTOR TYPE 4,CHEMBL2414,CHEMBL50,IC50,10000.0,nM,5.0,ChEMBL
Quercetin,C-C CKR-4,CHEMBL2414,CHEMBL50,IC50,10000.0,nM,5.0,ChEMBL
Quercetin,C-TERMINAL CLEAVAGE PRODUCT OF 180 KDA,CHEMBL2093861,CHEMBL50,Potency,10000.0,nM,5.0,ChEMBL
Quercetin,C-X-C CHEMOKINE RECEPTOR TYPE 1,CHEMBL4029,CHEMBL50,IC50,4500.0,nM,5.35,ChEMBL
Quercetin,C31,CHEMBL2487,CHEMBL50,IC50,7940.0,nM,5.1,ChEMBL
Quercetin,C80,CHEMBL2487,CHEMBL50,IC50,7940.0,nM,5.1,ChEMBL
Quercetin,C83,CHEMBL2487,CHEMBL50,IC50,7940.0,nM,5.1,ChEMBL
Quercetin,C99,CHEMBL2487,CHEMBL50,IC50,7940.0,nM,5.1,ChEMBL
Quercetin,CA-I,CHEMBL261,CHEMBL50,Ki,2680.0,nM,5.57,ChEMBL
Quercetin,CA-II,CHEMBL205,CHEMBL50,Ki,2540.0,nM,5.59,ChEMBL
Quercetin,CA-III,CHEMBL2885,CHEMBL50,Ki,8100.0,nM,5.09,ChEMBL
Quercetin,CA-IV,CHEMBL3729,CHEMBL50,Ki,7890.0,nM,5.1,ChEMBL
Quercetin,CA-IX,CHEMBL3594,CHEMBL50,Ki,7000.0,nM,5.16,ChEMBL
Quercetin,CA-VA,CHEMBL4789,CHEMBL50,Ki,6810.0,nM,5.17,ChEMBL
Quercetin,CA-VI,CHEMBL3025,CHEMBL50,Ki,6170.0,nM,5.21,ChEMBL
Quercetin,CA-VII,CHEMBL2326,CHEMBL50,Ki,4840.0,nM,5.32,ChEMBL
Quercetin,CA-XII,CHEMBL3242,CHEMBL50,Ki,9390.0,nM,5.03,ChEMBL
Quercetin,CA-XIII,CHEMBL2186,CHEMBL50,Ki,9030.0,nM,5.04,ChEMBL
Quercetin,CA-XIV,CHEMBL3510,CHEMBL50,Ki,5410.0,nM,5.27,ChEMBL
Quercetin,CA1,CHEMBL261,CHEMBL50,Ki,2680.0,nM,5.57,ChEMBL
Quercetin,CA12,CHEMBL3242,CHEMBL50,Ki,9390.0,nM,5.03,ChEMBL
Quercetin,CA13,CHEMBL2186,CHEMBL50,Ki,9030.0,nM,5.04,ChEMBL
Quercetin,CA14,CHEMBL3510,CHEMBL50,Ki,5410.0,nM,5.27,ChEMBL
Quercetin,CA2,CHEMBL205,CHEMBL50,Ki,2540.0,nM,5.59,ChEMBL
Quercetin,CA3,CHEMBL2885,CHEMBL50,Ki,8100.0,nM,5.09,ChEMBL
Quercetin,CA4,CHEMBL3729,CHEMBL50,Ki,7890.0,nM,5.1,ChEMBL
Quercetin,CA5A,CHEMBL4789,CHEMBL50,Ki,6810.0,nM,5.17,ChEMBL
Quercetin,CA6,CHEMBL3025,CHEMBL50,Ki,6170.0,nM,5.21,ChEMBL
Quercetin,CA7,CHEMBL2326,CHEMBL50,Ki,4840.0,nM,5.32,ChEMBL
Quercetin,CA9,CHEMBL3594,CHEMBL50,Ki,7000.0,nM,5.16,ChEMBL
Quercetin,CAB,CHEMBL261,CHEMBL50,Ki,2680.0,nM,5.57,ChEMBL
Quercetin,CAC,CHEMBL205,CHEMBL50,Ki,2540.0,nM,5.59,ChEMBL
Quercetin,CAIX,CHEMBL3594,CHEMBL50,Ki,7000.0,nM,5.16,ChEMBL
Quercetin,CALCIUM,CHEMBL4693,CHEMBL50,IC50,9000.0,nM,5.05,ChEMBL
Quercetin,CALCIUM PUMP 1,CHEMBL4693,CHEMBL50,IC50,9000.0,nM,5.05,ChEMBL
Quercetin,"CALCIUM-TRANSPORTING ATPASE SARCOPLASMIC RETICULUM TYPE, FAST TWITCH SKELETAL MUSCLE ISOFORM",CHEMBL4693,CHEMBL50,IC50,9000.0,nM,5.05,ChEMBL
Quercetin,CALCIUM/CALMODULIN-DEPENDENT PROTEIN KINASE TYPE II SUBUNIT BETA,CHEMBL4121,CHEMBL50,IC50,3000.0,nM,5.52,ChEMBL
Quercetin,CAM KINASE II SUBUNIT BETA,CHEMBL4121,CHEMBL50,IC50,3000.0,nM,5.52,ChEMBL
Quercetin,CAMK-II SUBUNIT BETA,CHEMBL4121,CHEMBL50,IC50,3000.0,nM,5.52,ChEMBL
Quercetin,CAMK2B,CHEMBL4121,CHEMBL50,IC50,3000.0,nM,5.52,ChEMBL
Quercetin,CARBONATE DEHYDRATASE I,CHEMBL261,CHEMBL50,Ki,2680.0,nM,5.57,ChEMBL
Quercetin,CARBONATE DEHYDRATASE II,CHEMBL205,CHEMBL50,Ki,2540.0,nM,5.59,ChEMBL
Quercetin,CARBONATE DEHYDRATASE III,CHEMBL2885,CHEMBL50,Ki,8100.0,nM,5.09,ChEMBL
Quercetin,CARBONATE DEHYDRATASE IV,CHEMBL3729,CHEMBL50,Ki,7890.0,nM,5.1,ChEMBL
Quercetin,CARBONATE DEHYDRATASE IX,CHEMBL3594,CHEMBL50,Ki,7000.0,nM,5.16,ChEMBL
Quercetin,CARBONATE DEHYDRATASE VA,CHEMBL4789,CHEMBL50,Ki,6810.0,nM,5.17,ChEMBL
Quercetin,CARBONATE DEHYDRATASE VI,CHEMBL3025,CHEMBL50,Ki,6170.0,nM,5.21,ChEMBL
Quercetin,CARBONATE DEHYDRATASE VII,CHEMBL2326,CHEMBL50,Ki,4840.0,nM,5.32,ChEMBL
Quercetin,CARBONATE DEHYDRATASE XII,CHEMBL3242,CHEMBL50,Ki,9390.0,nM,5.03,ChEMBL
Quercetin,CARBONATE DEHYDRATASE XIII,CHEMBL2186,CHEMBL50,Ki,9030.0,nM,5.04,ChEMBL
Quercetin,CARBONATE DEHYDRATASE XIV,CHEMBL3510,CHEMBL50,Ki,5410.0,nM,5.27,ChEMBL
Quercetin,CARBONIC,CHEMBL205,CHEMBL50,Ki,2540.0,nM,5.59,ChEMBL
Quercetin,CARBONIC ANHYDRASE 1,CHEMBL261,CHEMBL50,Ki,2680.0,nM,5.57,ChEMBL
Quercetin,CARBONIC ANHYDRASE 12,CHEMBL3242,CHEMBL50,Ki,9390.0,nM,5.03,ChEMBL
Quercetin,CARBONIC ANHYDRASE 13,CHEMBL2186,CHEMBL50,Ki,9030.0,nM,5.04,ChEMBL
Quercetin,CARBONIC ANHYDRASE 14,CHEMBL3510,CHEMBL50,Ki,5410.0,nM,5.27,ChEMBL
Quercetin,CARBONIC ANHYDRASE 2,CHEMBL205,CHEMBL50,Ki,2540.0,nM,5.59,ChEMBL
Quercetin,CARBONIC ANHYDRASE 3,CHEMBL2885,CHEMBL50,Ki,8100.0,nM,5.09,ChEMBL
Quercetin,CARBONIC ANHYDRASE 4,CHEMBL3729,CHEMBL50,Ki,7890.0,nM,5.1,ChEMBL
Quercetin,"CARBONIC ANHYDRASE 5A, MITOCHONDRIAL",CHEMBL4789,CHEMBL50,Ki,6810.0,nM,5.17,ChEMBL
Quercetin,CARBONIC ANHYDRASE 6,CHEMBL3025,CHEMBL50,Ki,6170.0,nM,5.21,ChEMBL
Quercetin,CARBONIC ANHYDRASE 7,CHEMBL2326,CHEMBL50,Ki,4840.0,nM,5.32,ChEMBL
Quercetin,CARBONIC ANHYDRASE 9,CHEMBL3594,CHEMBL50,Ki,7000.0,nM,5.16,ChEMBL
Quercetin,CARBONIC ANHYDRASE B,CHEMBL261,CHEMBL50,Ki,2680.0,nM,5.57,ChEMBL
Quercetin,CARBONIC ANHYDRASE C,CHEMBL205,CHEMBL50,Ki,2540.0,nM,5.59,ChEMBL
Quercetin,CARBONIC ANHYDRASE I,CHEMBL261,CHEMBL50,Ki,2680.0,nM,5.57,ChEMBL
Quercetin,CARBONIC ANHYDRASE II,CHEMBL205,CHEMBL50,Ki,2540.0,nM,5.59,ChEMBL
Quercetin,CARBONIC ANHYDRASE III,CHEMBL2885,CHEMBL50,Ki,8100.0,nM,5.09,ChEMBL
Quercetin,CARBONIC ANHYDRASE IV,CHEMBL3729,CHEMBL50,Ki,7890.0,nM,5.1,ChEMBL
Quercetin,CARBONIC ANHYDRASE IX,CHEMBL3594,CHEMBL50,Ki,7000.0,nM,5.16,ChEMBL
Quercetin,CARBONIC ANHYDRASE VA,CHEMBL4789,CHEMBL50,Ki,6810.0,nM,5.17,ChEMBL
Quercetin,CARBONIC ANHYDRASE VI,CHEMBL3025,CHEMBL50,Ki,6170.0,nM,5.21,ChEMBL
Quercetin,CARBONIC ANHYDRASE VII,CHEMBL2326,CHEMBL50,Ki,4840.0,nM,5.32,ChEMBL
Quercetin,CARBONIC ANHYDRASE XII,CHEMBL3242,CHEMBL50,Ki,9390.0,nM,5.03,ChEMBL
Quercetin,CARBONIC ANHYDRASE XIII,CHEMBL2186,CHEMBL50,Ki,9030.0,nM,5.04,ChEMBL
Quercetin,CARBONIC ANHYDRASE XIV,CHEMBL3510,CHEMBL50,Ki,5410.0,nM,5.27,ChEMBL
Quercetin,CARRIER,CHEMBL1743124,CHEMBL50,IC50,7300.0,nM,5.14,ChEMBL
Quercetin,CASEIN,CHEMBL3629,CHEMBL50,Ki,1180.0,nM,5.93,ChEMBL
Quercetin,CASEIN KINASE II ALPHA 1 POLYPEPTIDE PSEUDOGENE,CHEMBL3832943,CHEMBL50,IC50,550.0,nM,6.26,ChEMBL
Quercetin,CASEIN KINASE II SUBUNIT ALPHA,CHEMBL3832943,CHEMBL50,IC50,550.0,nM,6.26,ChEMBL
Quercetin,CASEIN KINASE II SUBUNIT ALPHA 3,CHEMBL3832943,CHEMBL50,IC50,550.0,nM,6.26,ChEMBL
Quercetin,CASEIN KINASE II SUBUNIT ALPHA',CHEMBL3832943,CHEMBL50,IC50,550.0,nM,6.26,ChEMBL
Quercetin,CASEIN KINASE II SUBUNIT BETA,CHEMBL3988629,CHEMBL50,IC50,550.0,nM,6.26,ChEMBL
Quercetin,CASSETTE,CHEMBL5393,CHEMBL50,IC50,6900.0,nM,5.16,ChEMBL
Quercetin,CATENIN,CHEMBL5866,CHEMBL50,Kd,5580.0,nM,5.25,ChEMBL
Quercetin,CATENIN BETA-1,CHEMBL5866,CHEMBL50,Kd,5580.0,nM,5.25,ChEMBL
Quercetin,CATIONIC TRYPSIN,CHEMBL3769,CHEMBL50,IC50,7100.0,nM,5.15,ChEMBL
Quercetin,CC-CKR-4,CHEMBL2414,CHEMBL50,IC50,10000.0,nM,5.0,ChEMBL
Quercetin,CCR-4,CHEMBL2414,CHEMBL50,IC50,10000.0,nM,5.0,ChEMBL
Quercetin,CCR4,CHEMBL2414,CHEMBL50,IC50,10000.0,nM,5.0,ChEMBL
Quercetin,CDK1,CHEMBL308,CHEMBL50,IC50,450.0,nM,6.35,ChEMBL
Quercetin,CDW128A,CHEMBL4029,CHEMBL50,IC50,4500.0,nM,5.35,ChEMBL
Quercetin,CDW338,CHEMBL5393,CHEMBL50,IC50,6900.0,nM,5.16,ChEMBL
Quercetin,CD_ANTIGEN=CD135,CHEMBL1974,CHEMBL50,IC50,590.0,nM,6.23,ChEMBL
Quercetin,CD_ANTIGEN=CD181,CHEMBL4029,CHEMBL50,IC50,4500.0,nM,5.35,ChEMBL
Quercetin,CD_ANTIGEN=CD194,CHEMBL2414,CHEMBL50,IC50,10000.0,nM,5.0,ChEMBL
Quercetin,CD_ANTIGEN=CD221,CHEMBL1957,CHEMBL50,IC50,300.0,nM,6.52,ChEMBL
Quercetin,CD_ANTIGEN=CD243,CHEMBL4302,CHEMBL50,Kd,7079.46,nM,5.15,ChEMBL
Quercetin,CD_ANTIGEN=CD246,CHEMBL4247,CHEMBL50,IC50,3320.0,nM,5.48,ChEMBL
Quercetin,CD_ANTIGEN=CD26,CHEMBL284,CHEMBL50,IC50,2920.0,nM,5.54,ChEMBL
Quercetin,CD_ANTIGEN=CD309,CHEMBL279,CHEMBL50,IC50,280.0,nM,6.55,ChEMBL
Quercetin,CD_ANTIGEN=CD338,CHEMBL5393,CHEMBL50,IC50,6900.0,nM,5.16,ChEMBL
Quercetin,CD_ANTIGEN=CD73,CHEMBL1075214,CHEMBL50,Ki,45.3,nM,7.34,ChEMBL
Quercetin,CELL DIVISION CONTROL PROTEIN 2 HOMOLOG,CHEMBL308,CHEMBL50,IC50,450.0,nM,6.35,ChEMBL
Quercetin,CELL DIVISION PROTEIN KINASE 1,CHEMBL308,CHEMBL50,IC50,450.0,nM,6.35,ChEMBL
Quercetin,CELLULAR,CHEMBL4096,CHEMBL50,Potency,1000.0,nM,6.0,ChEMBL
Quercetin,CELLULAR TUMOR ANTIGEN P53,CHEMBL4096,CHEMBL50,Potency,1000.0,nM,6.0,ChEMBL
Quercetin,CEPHALOSPORINASE,CHEMBL2026,CHEMBL50,IC50,4000.0,nM,5.4,ChEMBL
Quercetin,CEREBRAL VASCULAR AMYLOID PEPTIDE,CHEMBL2487,CHEMBL50,IC50,7940.0,nM,5.1,ChEMBL
Quercetin,CHANNEL,CHEMBL1250411,CHEMBL50,IC50,6500.0,nM,5.19,ChEMBL
Quercetin,CHEMOKINE,CHEMBL4029,CHEMBL50,IC50,4500.0,nM,5.35,ChEMBL
Quercetin,CHOLESTEROL 25-HYDROXYLASE,CHEMBL3356,CHEMBL50,IC50,4097.0,nM,5.39,ChEMBL
Quercetin,CHRM1,CHEMBL276,CHEMBL50,Potency,3162.3,nM,5.5,ChEMBL
Quercetin,CK II ALPHA,CHEMBL3832943,CHEMBL50,IC50,550.0,nM,6.26,ChEMBL
Quercetin,CK II ALPHA 3,CHEMBL3832943,CHEMBL50,IC50,550.0,nM,6.26,ChEMBL
Quercetin,CK II ALPHA',CHEMBL3832943,CHEMBL50,IC50,550.0,nM,6.26,ChEMBL
Quercetin,CK II BETA,CHEMBL2095191,CHEMBL50,IC50,550.0,nM,6.26,ChEMBL
Quercetin,CLASS E BASIC HELIX-LOOP-HELIX PROTEIN 78,CHEMBL4261,CHEMBL50,Potency,10000.0,nM,5.0,ChEMBL
Quercetin,COAGULATION FACTOR II,CHEMBL204,CHEMBL50,Kd,38.7,nM,7.41,ChEMBL
Quercetin,COLLAGENASE,CHEMBL333,CHEMBL50,IC50,6680.0,nM,5.17,ChEMBL
Quercetin,COLLAGENASE 3,CHEMBL280,CHEMBL50,IC50,8460.0,nM,5.07,ChEMBL
Quercetin,COUPLED,CHEMBL1293267,CHEMBL50,EC50,8020.0,nM,5.1,ChEMBL
Quercetin,CSASE,CHEMBL2026,CHEMBL50,IC50,4000.0,nM,5.4,ChEMBL
Quercetin,CSNK2A1,CHEMBL3832943,CHEMBL50,IC50,550.0,nM,6.26,ChEMBL
Quercetin,CSNK2A2,CHEMBL3832943,CHEMBL50,IC50,550.0,nM,6.26,ChEMBL
Quercetin,CSNK2A3,CHEMBL3832943,CHEMBL50,IC50,550.0,nM,6.26,ChEMBL
Quercetin,CSNK2B,CHEMBL2095191,CHEMBL50,IC50,550.0,nM,6.26,ChEMBL
Quercetin,CTNNB1,CHEMBL5866,CHEMBL50,Kd,5580.0,nM,5.25,ChEMBL
Quercetin,CVAP,CHEMBL2487,CHEMBL50,IC50,7940.0,nM,5.1,ChEMBL
Quercetin,CXC-R1,CHEMBL4029,CHEMBL50,IC50,4500.0,nM,5.35,ChEMBL
Quercetin,CXCR-1,CHEMBL4029,CHEMBL50,IC50,4500.0,nM,5.35,ChEMBL
Quercetin,CXCR1,CHEMBL4029,CHEMBL50,IC50,4500.0,nM,5.35,ChEMBL
Quercetin,CXXC-TYPE ZINC FINGER PROTEIN 7,CHEMBL2093861,CHEMBL50,Potency,10000.0,nM,5.0,ChEMBL
Quercetin,CYANAMIDE HYDRATASE CA1,CHEMBL261,CHEMBL50,Ki,2680.0,nM,5.57,ChEMBL
Quercetin,CYANAMIDE HYDRATASE CA2,CHEMBL205,CHEMBL50,Ki,2540.0,nM,5.59,ChEMBL
Quercetin,CYCLIN-DEPENDENT KINASE 1,CHEMBL308,CHEMBL50,IC50,450.0,nM,6.35,ChEMBL
Quercetin,CYP19A1,CHEMBL1978,CHEMBL50,IC50,12.0,nM,7.92,ChEMBL
Quercetin,CYP1A1,CHEMBL2231,CHEMBL50,IC50,1191.0,nM,5.92,ChEMBL
Quercetin,CYP1A2,CHEMBL3356,CHEMBL50,IC50,4097.0,nM,5.39,ChEMBL
Quercetin,CYP1B1,CHEMBL4878,CHEMBL50,IC50,77.0,nM,7.11,ChEMBL
Quercetin,CYP2C8,CHEMBL3721,CHEMBL50,IC50,1390.0,nM,5.86,ChEMBL
Quercetin,CYP2C9,CHEMBL3397,CHEMBL50,Potency,7943.3,nM,5.1,ChEMBL
Quercetin,CYP3A4,CHEMBL340,CHEMBL50,Potency,6309.6,nM,5.2,ChEMBL
Quercetin,CYPIA1,CHEMBL2231,CHEMBL50,IC50,1191.0,nM,5.92,ChEMBL
Quercetin,CYPIA2,CHEMBL3356,CHEMBL50,IC50,4097.0,nM,5.39,ChEMBL
Quercetin,CYPIB1,CHEMBL4878,CHEMBL50,IC50,77.0,nM,7.11,ChEMBL
Quercetin,CYPIIC8,CHEMBL3721,CHEMBL50,IC50,1390.0,nM,5.86,ChEMBL
Quercetin,CYPIIC9,CHEMBL3397,CHEMBL50,Potency,7943.3,nM,5.1,ChEMBL
Quercetin,CYPIIIA3,CHEMBL340,CHEMBL50,Potency,6309.6,nM,5.2,ChEMBL
Quercetin,CYPIIIA4,CHEMBL340,CHEMBL50,Potency,6309.6,nM,5.2,ChEMBL
Quercetin,CYPXIX,CHEMBL1978,CHEMBL50,IC50,12.0,nM,7.92,ChEMBL
Quercetin,CYSTEINE METHYLTRANSFERASE KMT2A,CHEMBL2093861,CHEMBL50,Potency,10000.0,nM,5.0,ChEMBL
Quercetin,CYTOCHROME,CHEMBL4878,CHEMBL50,IC50,77.0,nM,7.11,ChEMBL
Quercetin,CYTOCHROME P(3)450,CHEMBL3356,CHEMBL50,IC50,4097.0,nM,5.39,ChEMBL
Quercetin,CYTOCHROME P-450AROM,CHEMBL1978,CHEMBL50,IC50,12.0,nM,7.92,ChEMBL
Quercetin,CYTOCHROME P-450MP,CHEMBL3397,CHEMBL50,Potency,7943.3,nM,5.1,ChEMBL
Quercetin,CYTOCHROME P450 19A1,CHEMBL1978,CHEMBL50,IC50,12.0,nM,7.92,ChEMBL
Quercetin,CYTOCHROME P450 1A1,CHEMBL2231,CHEMBL50,IC50,1191.0,nM,5.92,ChEMBL
Quercetin,CYTOCHROME P450 1A2,CHEMBL3356,CHEMBL50,IC50,4097.0,nM,5.39,ChEMBL
Quercetin,CYTOCHROME P450 1B1,CHEMBL4878,CHEMBL50,IC50,77.0,nM,7.11,ChEMBL
Quercetin,CYTOCHROME P450 2C8,CHEMBL3721,CHEMBL50,IC50,1390.0,nM,5.86,ChEMBL
Quercetin,CYTOCHROME P450 2C9,CHEMBL3397,CHEMBL50,Potency,7943.3,nM,5.1,ChEMBL
Quercetin,CYTOCHROME P450 3A3,CHEMBL340,CHEMBL50,Potency,6309.6,nM,5.2,ChEMBL
Quercetin,CYTOCHROME P450 3A4,CHEMBL340,CHEMBL50,Potency,6309.6,nM,5.2,ChEMBL
Quercetin,CYTOCHROME P450 4,CHEMBL3356,CHEMBL50,IC50,4097.0,nM,5.39,ChEMBL
Quercetin,CYTOCHROME P450 FORM 1,CHEMBL3721,CHEMBL50,IC50,1390.0,nM,5.86,ChEMBL
Quercetin,CYTOCHROME P450 FORM 6,CHEMBL2231,CHEMBL50,IC50,1191.0,nM,5.92,ChEMBL
Quercetin,CYTOCHROME P450 HLP,CHEMBL340,CHEMBL50,Potency,6309.6,nM,5.2,ChEMBL
Quercetin,CYTOCHROME P450 IIC2,CHEMBL3721,CHEMBL50,IC50,1390.0,nM,5.86,ChEMBL
Quercetin,CYTOCHROME P450 MP-12,CHEMBL3721,CHEMBL50,IC50,1390.0,nM,5.86,ChEMBL
Quercetin,CYTOCHROME P450 MP-20,CHEMBL3721,CHEMBL50,IC50,1390.0,nM,5.86,ChEMBL
Quercetin,CYTOCHROME P450 MP-4,CHEMBL3397,CHEMBL50,Potency,7943.3,nM,5.1,ChEMBL
Quercetin,CYTOCHROME P450 MP-8,CHEMBL3397,CHEMBL50,Potency,7943.3,nM,5.1,ChEMBL
Quercetin,CYTOCHROME P450 NF-25,CHEMBL340,CHEMBL50,Potency,6309.6,nM,5.2,ChEMBL
Quercetin,CYTOCHROME P450 PB-1,CHEMBL3397,CHEMBL50,Potency,7943.3,nM,5.1,ChEMBL
Quercetin,CYTOCHROME P450-C,CHEMBL2231,CHEMBL50,IC50,1191.0,nM,5.92,ChEMBL
Quercetin,CYTOCHROME P450-P1,CHEMBL2231,CHEMBL50,IC50,1191.0,nM,5.92,ChEMBL
Quercetin,CYTOCHROME P450-P3,CHEMBL3356,CHEMBL50,IC50,4097.0,nM,5.39,ChEMBL
Quercetin,CYTOCHROME P450-PCN1,CHEMBL340,CHEMBL50,Potency,6309.6,nM,5.2,ChEMBL
Quercetin,D(1A) DOPAMINE RECEPTOR,CHEMBL2056,CHEMBL50,Potency,4466.8,nM,,ChEMBL
Quercetin,D(2C) DOPAMINE RECEPTOR,CHEMBL219,CHEMBL50,Ki,7846.0,nM,5.11,ChEMBL
Quercetin,D(4) DOPAMINE RECEPTOR,CHEMBL219,CHEMBL50,Ki,7846.0,nM,5.11,ChEMBL
Quercetin,D-ALA-D-ALA LIGASE,CHEMBL2366488,CHEMBL50,Ki,4300.0,nM,5.37,ChEMBL
Quercetin,D-ALANINE--D-ALANINE LIGASE,CHEMBL2366488,CHEMBL50,Ki,4300.0,nM,5.37,ChEMBL
Quercetin,D-ALANYLALANINE SYNTHETASE,CHEMBL2366488,CHEMBL50,Ki,4300.0,nM,5.37,ChEMBL
Quercetin,D-GALACTOSE 1-PHOSPHATE PHOSPHATASE,CHEMBL1293238,CHEMBL50,Potency,10000.0,nM,5.0,ChEMBL
Quercetin,DAP KINASE 1,CHEMBL2558,CHEMBL50,IC50,8900.0,nM,5.05,ChEMBL
Quercetin,DAPK1,CHEMBL2558,CHEMBL50,IC50,8900.0,nM,5.05,ChEMBL
Quercetin,DD1,CHEMBL1075270,CHEMBL50,IC50,6900.0,nM,5.16,ChEMBL
Quercetin,DD3,CHEMBL1075270,CHEMBL50,IC50,6900.0,nM,5.16,ChEMBL
Quercetin,DDL,CHEMBL2366488,CHEMBL50,Ki,4300.0,nM,5.37,ChEMBL
Quercetin,DEACETYLASE,CHEMBL1865,CHEMBL50,IC50,816.6,nM,6.09,ChEMBL
Quercetin,DEACYLASE,CHEMBL2163182,CHEMBL50,IC50,1900.0,nM,5.72,ChEMBL
Quercetin,DEATH-ASSOCIATED PROTEIN KINASE 1,CHEMBL2558,CHEMBL50,IC50,8900.0,nM,5.05,ChEMBL
Quercetin,DEHYDRATASE,CHEMBL4512,CHEMBL50,IC50,1500.0,nM,5.82,ChEMBL
Quercetin,DEHYDROGENASE,CHEMBL2789,CHEMBL50,IC50,1540.0,nM,5.81,ChEMBL
Quercetin,DEMETHYLASE,CHEMBL6136,CHEMBL50,IC50,1260.0,nM,5.9,ChEMBL
Quercetin,DIHYDRODIOL DEHYDROGENASE TYPE 1,CHEMBL1075270,CHEMBL50,IC50,6900.0,nM,5.16,ChEMBL
Quercetin,DIHYDRODIOL DEHYDROGENASE TYPE 3,CHEMBL1075270,CHEMBL50,IC50,6900.0,nM,5.16,ChEMBL
Quercetin,DINB PROTEIN,CHEMBL5365,CHEMBL50,Potency,946.6,nM,,ChEMBL
Quercetin,DINP,CHEMBL5365,CHEMBL50,Potency,946.6,nM,,ChEMBL
Quercetin,DIOXYGENASE,CHEMBL2331065,CHEMBL50,IC50,9500.0,nM,5.02,ChEMBL
Quercetin,DIPEPTIDYL,CHEMBL284,CHEMBL50,IC50,2920.0,nM,5.54,ChEMBL
Quercetin,DIPEPTIDYL PEPTIDASE 4,CHEMBL284,CHEMBL50,IC50,2920.0,nM,5.54,ChEMBL
Quercetin,DIPEPTIDYL PEPTIDASE 4 MEMBRANE FORM,CHEMBL284,CHEMBL50,IC50,2920.0,nM,5.54,ChEMBL
Quercetin,DIPEPTIDYL PEPTIDASE 4 SOLUBLE FORM,CHEMBL284,CHEMBL50,IC50,2920.0,nM,5.54,ChEMBL
Quercetin,DIPEPTIDYL PEPTIDASE IV,CHEMBL284,CHEMBL50,IC50,2920.0,nM,5.54,ChEMBL
Quercetin,DIPEPTIDYL PEPTIDASE IV MEMBRANE FORM,CHEMBL284,CHEMBL50,IC50,2920.0,nM,5.54,ChEMBL
Quercetin,DIPEPTIDYL PEPTIDASE IV SOLUBLE FORM,CHEMBL284,CHEMBL50,IC50,2920.0,nM,5.54,ChEMBL
Quercetin,DNA,CHEMBL2392,CHEMBL50,Potency,199.5,nM,6.7,ChEMBL
Quercetin,DNA 3'-5' HELICASE Q1,CHEMBL1293236,CHEMBL50,Potency,1000.0,nM,6.0,ChEMBL
Quercetin,"DNA HELICASE, RECQ-LIKE TYPE 1",CHEMBL1293236,CHEMBL50,Potency,1000.0,nM,6.0,ChEMBL
Quercetin,DNA POLYMERASE BETA,CHEMBL2392,CHEMBL50,Potency,199.5,nM,6.7,ChEMBL
Quercetin,DNA POLYMERASE ETA,CHEMBL5542,CHEMBL50,Potency,794.3,nM,,ChEMBL
Quercetin,DNA POLYMERASE IOTA,CHEMBL5391,CHEMBL50,Potency,562.3,nM,,ChEMBL
Quercetin,DNA POLYMERASE KAPPA,CHEMBL5365,CHEMBL50,Potency,946.6,nM,,ChEMBL
Quercetin,DNA REPAIR NUCLEASE/REDOX REGULATOR APEX1,CHEMBL5619,CHEMBL50,Potency,1412.5,nM,,ChEMBL
Quercetin,"DNA REPAIR NUCLEASE/REDOX REGULATOR APEX1, MITOCHONDRIAL",CHEMBL5619,CHEMBL50,Potency,1412.5,nM,,ChEMBL
Quercetin,DNA-(APURINIC OR APYRIMIDINIC SITE) ENDONUCLEASE,CHEMBL5619,CHEMBL50,Potency,1412.5,nM,,ChEMBL
Quercetin,DNA-BINDING FACTOR KBF1,CHEMBL3251,CHEMBL50,Potency,5623.4,nM,5.25,ChEMBL
Quercetin,DNA-DEPENDENT ATPASE Q1,CHEMBL1293236,CHEMBL50,Potency,1000.0,nM,6.0,ChEMBL
Quercetin,DNASE IV,CHEMBL5027,CHEMBL50,Potency,2377.8,nM,,ChEMBL
Quercetin,DOPAMINE,CHEMBL219,CHEMBL50,Ki,7846.0,nM,5.11,ChEMBL
Quercetin,DOPAMINE D1 RECEPTOR,CHEMBL2056,CHEMBL50,Potency,4466.8,nM,,ChEMBL
Quercetin,DOPAMINE D4 RECEPTOR,CHEMBL219,CHEMBL50,Ki,7846.0,nM,5.11,ChEMBL
Quercetin,DPP IV,CHEMBL284,CHEMBL50,IC50,2920.0,nM,5.54,ChEMBL
Quercetin,DPP4,CHEMBL284,CHEMBL50,IC50,2920.0,nM,5.54,ChEMBL
Quercetin,DRD1,CHEMBL2056,CHEMBL50,Potency,4466.8,nM,,ChEMBL
Quercetin,DRD4,CHEMBL219,CHEMBL50,Ki,7846.0,nM,5.11,ChEMBL
Quercetin,DUAL,CHEMBL3587,CHEMBL50,IC50,10000.0,nM,,ChEMBL
Quercetin,DUAL SPECIFICITY MITOGEN-ACTIVATED PROTEIN KINASE KINASE 1,CHEMBL3587,CHEMBL50,IC50,10000.0,nM,,ChEMBL
Quercetin,E2DH,CHEMBL2789,CHEMBL50,IC50,1540.0,nM,5.81,ChEMBL
Quercetin,E3 UBIQUITIN-PROTEIN LIGASE HDAC6,CHEMBL1865,CHEMBL50,IC50,816.6,nM,6.09,ChEMBL
Quercetin,EA.HY 926,CHEMBL4296410,CHEMBL50,EC50,2669.3,nM,5.57,ChEMBL
Quercetin,EBP-1,CHEMBL3251,CHEMBL50,Potency,5623.4,nM,5.25,ChEMBL
Quercetin,ECTO-5'-NUCLEOTIDASE,CHEMBL1075214,CHEMBL50,Ki,45.3,nM,7.34,ChEMBL
Quercetin,EGFR,CHEMBL203,CHEMBL50,IC50,900.0,nM,6.05,ChEMBL
Quercetin,EICOSANOID/DOCOSANOID DEHYDROGENASE [NAD(+)],CHEMBL1293255,CHEMBL50,Potency,8912.5,nM,5.05,ChEMBL
Quercetin,ELAV-LIKE PROTEIN 1,CHEMBL1250379,CHEMBL50,IC50,1400.0,nM,5.85,ChEMBL
Quercetin,ELAV-LIKE PROTEIN 3,CHEMBL4105924,CHEMBL50,IC50,1800.0,nM,5.75,ChEMBL
Quercetin,ELAVL1,CHEMBL1250379,CHEMBL50,IC50,1400.0,nM,5.85,ChEMBL
Quercetin,ELAVL3,CHEMBL4105924,CHEMBL50,IC50,1800.0,nM,5.75,ChEMBL
Quercetin,ENDONUCLEASE,CHEMBL5027,CHEMBL50,Potency,2377.8,nM,,ChEMBL
Quercetin,ENDOPLASMIC RETICULUM CLASS 1/2 CA(2+) ATPASE,CHEMBL4693,CHEMBL50,IC50,9000.0,nM,5.05,ChEMBL
Quercetin,ENDOPLASMIC RETICULUM-ASSOCIATED AMYLOID BETA-PEPTIDE-BINDING PROTEIN,CHEMBL4159,CHEMBL50,Potency,7943.3,nM,5.1,ChEMBL
Quercetin,ENDOTHELIAL,CHEMBL279,CHEMBL50,IC50,280.0,nM,6.55,ChEMBL
Quercetin,ENOYL-ACYL-CARRIER PROTEIN REDUCTASE,CHEMBL4150,CHEMBL50,IC50,1500.0,nM,5.82,ChEMBL
Quercetin,EPIDERMAL,CHEMBL203,CHEMBL50,IC50,900.0,nM,6.05,ChEMBL
Quercetin,EPIDERMAL GROWTH FACTOR RECEPTOR,CHEMBL203,CHEMBL50,IC50,900.0,nM,6.05,ChEMBL
Quercetin,ERK ACTIVATOR KINASE 1,CHEMBL3587,CHEMBL50,IC50,10000.0,nM,,ChEMBL
Quercetin,ERYTHROID CELL-SPECIFIC 15-LIPOXYGENASE,CHEMBL4358,CHEMBL50,IC50,430.0,nM,6.37,ChEMBL
Quercetin,ESTRADIOL 17-BETA-DEHYDROGENASE 2,CHEMBL2789,CHEMBL50,IC50,1540.0,nM,5.81,ChEMBL
Quercetin,ESTROGEN SYNTHASE,CHEMBL1978,CHEMBL50,IC50,12.0,nM,7.92,ChEMBL
Quercetin,ETA,CHEMBL5542,CHEMBL50,Potency,794.3,nM,,ChEMBL
Quercetin,ETA2,CHEMBL5391,CHEMBL50,Potency,562.3,nM,,ChEMBL
Quercetin,EXON,CHEMBL4523582,CHEMBL50,IC50,6900.0,nM,5.16,ChEMBL
Quercetin,F2,CHEMBL204,CHEMBL50,Kd,38.7,nM,7.41,ChEMBL
Quercetin,FABG,CHEMBL4513,CHEMBL50,IC50,5400.0,nM,5.27,ChEMBL
Quercetin,FABI,CHEMBL4150,CHEMBL50,IC50,1500.0,nM,5.82,ChEMBL
Quercetin,FABZ,CHEMBL4512,CHEMBL50,IC50,1500.0,nM,5.82,ChEMBL
Quercetin,FACTOR,CHEMBL279,CHEMBL50,IC50,280.0,nM,6.55,ChEMBL
Quercetin,FADK 1,CHEMBL2695,CHEMBL50,IC50,1200.0,nM,5.92,ChEMBL
Quercetin,FAMILY,CHEMBL5983,CHEMBL50,IC50,1900.0,nM,5.72,ChEMBL
Quercetin,FAT MASS AND OBESITY-ASSOCIATED PROTEIN,CHEMBL2331065,CHEMBL50,IC50,9500.0,nM,5.02,ChEMBL
Quercetin,FATTY,CHEMBL312,CHEMBL50,IC50,300.0,nM,6.52,ChEMBL
Quercetin,FEN-1,CHEMBL5027,CHEMBL50,Potency,2377.8,nM,,ChEMBL
Quercetin,FEN1,CHEMBL5027,CHEMBL50,Potency,2377.8,nM,,ChEMBL
Quercetin,FETAL LIVER KINASE 1,CHEMBL279,CHEMBL50,IC50,280.0,nM,6.55,ChEMBL
Quercetin,FETAL LIVER KINASE-2,CHEMBL1974,CHEMBL50,IC50,590.0,nM,6.23,ChEMBL
Quercetin,FL CYTOKINE RECEPTOR,CHEMBL1974,CHEMBL50,IC50,590.0,nM,6.23,ChEMBL
Quercetin,FLAP,CHEMBL5027,CHEMBL50,Potency,2377.8,nM,,ChEMBL
Quercetin,FLAP ENDONUCLEASE 1,CHEMBL5027,CHEMBL50,Potency,2377.8,nM,,ChEMBL
Quercetin,FLAP STRUCTURE-SPECIFIC ENDONUCLEASE 1,CHEMBL5027,CHEMBL50,Potency,2377.8,nM,,ChEMBL
Quercetin,FLAVIN-CONTAINING AMINE OXIDASE DOMAIN-CONTAINING PROTEIN 2,CHEMBL6136,CHEMBL50,IC50,1260.0,nM,5.9,ChEMBL
Quercetin,FLK-1,CHEMBL279,CHEMBL50,IC50,280.0,nM,6.55,ChEMBL
Quercetin,FLK-2,CHEMBL1974,CHEMBL50,IC50,590.0,nM,6.23,ChEMBL
Quercetin,FLT-3,CHEMBL1974,CHEMBL50,IC50,590.0,nM,6.23,ChEMBL
Quercetin,FLT3,CHEMBL1974,CHEMBL50,IC50,590.0,nM,6.23,ChEMBL
Quercetin,FMS-LIKE TYROSINE KINASE 3,CHEMBL1974,CHEMBL50,IC50,590.0,nM,6.23,ChEMBL
Quercetin,FOCAL,CHEMBL2695,CHEMBL50,IC50,1200.0,nM,5.92,ChEMBL
Quercetin,FOCAL ADHESION KINASE 1,CHEMBL2695,CHEMBL50,IC50,1200.0,nM,5.92,ChEMBL
Quercetin,FOCAL ADHESION KINASE-RELATED NONKINASE,CHEMBL2695,CHEMBL50,IC50,1200.0,nM,5.92,ChEMBL
Quercetin,FORM,CHEMBL2568,CHEMBL50,IC50,4800.0,nM,5.32,ChEMBL
Quercetin,FRNK,CHEMBL2695,CHEMBL50,IC50,1200.0,nM,5.92,ChEMBL
Quercetin,FTO,CHEMBL2331065,CHEMBL50,IC50,9500.0,nM,5.02,ChEMBL
Quercetin,G-PROTEIN COUPLED RECEPTOR 154,CHEMBL5162,CHEMBL50,Potency,158.5,nM,6.8,ChEMBL
Quercetin,G-PROTEIN COUPLED RECEPTOR 35,CHEMBL1293267,CHEMBL50,EC50,8020.0,nM,5.1,ChEMBL
Quercetin,G-PROTEIN COUPLED RECEPTOR FOR ASTHMA SUSCEPTIBILITY,CHEMBL5162,CHEMBL50,Potency,158.5,nM,6.8,ChEMBL
Quercetin,G-PROTEIN COUPLED RECEPTOR PGR14,CHEMBL5162,CHEMBL50,Potency,158.5,nM,6.8,ChEMBL
Quercetin,GAA,CHEMBL3833502,CHEMBL50,IC50,7800.0,nM,5.11,ChEMBL
Quercetin,GAG-POL POLYPROTEIN,CHEMBL3471,CHEMBL50,IC50,8000.0,nM,5.1,ChEMBL
Quercetin,GAMMA-CTF(50),CHEMBL2487,CHEMBL50,IC50,7940.0,nM,5.1,ChEMBL
Quercetin,GAMMA-CTF(57),CHEMBL2487,CHEMBL50,IC50,7940.0,nM,5.1,ChEMBL
Quercetin,GAMMA-CTF(59),CHEMBL2487,CHEMBL50,IC50,7940.0,nM,5.1,ChEMBL
Quercetin,GAMMA-SECRETASE C-TERMINAL FRAGMENT 50,CHEMBL2487,CHEMBL50,IC50,7940.0,nM,5.1,ChEMBL
Quercetin,GAMMA-SECRETASE C-TERMINAL FRAGMENT 57,CHEMBL2487,CHEMBL50,IC50,7940.0,nM,5.1,ChEMBL
Quercetin,GAMMA-SECRETASE C-TERMINAL FRAGMENT 59,CHEMBL2487,CHEMBL50,IC50,7940.0,nM,5.1,ChEMBL
Quercetin,GELATINASE A,CHEMBL333,CHEMBL50,IC50,6680.0,nM,5.17,ChEMBL
Quercetin,GELATINASE B,CHEMBL321,CHEMBL50,IC50,1610.0,nM,5.79,ChEMBL
Quercetin,GELB,CHEMBL321,CHEMBL50,IC50,1610.0,nM,5.79,ChEMBL
Quercetin,GFL,CHEMBL4523582,CHEMBL50,IC50,6900.0,nM,5.16,ChEMBL
Quercetin,GLO1,CHEMBL2424,CHEMBL50,IC50,3200.0,nM,5.5,ChEMBL
Quercetin,"GLUCAN 1,4-ALPHA-GLUCOSIDASE",CHEMBL3833502,CHEMBL50,IC50,7800.0,nM,5.11,ChEMBL
Quercetin,GLUCOAMYLASE,CHEMBL3833502,CHEMBL50,IC50,7800.0,nM,5.11,ChEMBL
Quercetin,GLUCURONATE REDUCTASE,CHEMBL3871,CHEMBL50,IC50,2320.0,nM,5.63,ChEMBL
Quercetin,GLUCURONOLACTONE REDUCTASE,CHEMBL3871,CHEMBL50,IC50,2320.0,nM,5.63,ChEMBL
Quercetin,GLUTATHIONE-S-CONJUGATE-TRANSLOCATING ATPASE ABCC1,CHEMBL3004,CHEMBL50,Ki,2400.0,nM,5.62,ChEMBL
Quercetin,GLX I,CHEMBL2424,CHEMBL50,IC50,3200.0,nM,5.5,ChEMBL
Quercetin,GLYCOGEN,CHEMBL262,CHEMBL50,IC50,2000.0,nM,5.7,ChEMBL
Quercetin,"GLYCOGEN PHOSPHORYLASE, LIVER FORM",CHEMBL2568,CHEMBL50,IC50,4800.0,nM,5.32,ChEMBL
Quercetin,GLYCOGEN SYNTHASE KINASE-3 ALPHA,CHEMBL2095188,CHEMBL50,IC50,2100.0,nM,5.68,ChEMBL
Quercetin,GLYCOGEN SYNTHASE KINASE-3 BETA,CHEMBL262,CHEMBL50,IC50,2000.0,nM,5.7,ChEMBL
Quercetin,GLYCOSOMAL,CHEMBL1741167,CHEMBL50,Potency,7568.6,nM,,ChEMBL
Quercetin,GLYOXALASE I,CHEMBL2424,CHEMBL50,IC50,3200.0,nM,5.5,ChEMBL
Quercetin,GPR35,CHEMBL1293267,CHEMBL50,EC50,8020.0,nM,5.1,ChEMBL
Quercetin,GROUP IB PHOSPHOLIPASE A2,CHEMBL4426,CHEMBL50,IC50,2000.0,nM,5.7,ChEMBL
Quercetin,GROWTH,CHEMBL279,CHEMBL50,IC50,280.0,nM,6.55,ChEMBL
Quercetin,GROWTH FACTOR-LIKE PEPTIDE,CHEMBL4523582,CHEMBL50,IC50,6900.0,nM,5.16,ChEMBL
Quercetin,GSK-3 ALPHA,CHEMBL2095188,CHEMBL50,IC50,2100.0,nM,5.68,ChEMBL
Quercetin,GSK-3 BETA,CHEMBL262,CHEMBL50,IC50,2000.0,nM,5.7,ChEMBL
Quercetin,GSK3A,CHEMBL2095188,CHEMBL50,IC50,2100.0,nM,5.68,ChEMBL
Quercetin,GSK3B,CHEMBL262,CHEMBL50,IC50,2000.0,nM,5.7,ChEMBL
Quercetin,GUANINE-N7 METHYLTRANSFERASE NSP14,CHEMBL4523582,CHEMBL50,IC50,6900.0,nM,5.16,ChEMBL
Quercetin,HARP,CHEMBL5983,CHEMBL50,IC50,1900.0,nM,5.72,ChEMBL
Quercetin,HCT-116,CHEMBL394,CHEMBL50,IC50,6700.0,nM,5.17,ChEMBL
Quercetin,HDAC6,CHEMBL1865,CHEMBL50,IC50,816.6,nM,6.09,ChEMBL
Quercetin,HEK-293T,CHEMBL3706568,CHEMBL50,IC50,1200.0,nM,5.92,ChEMBL
Quercetin,HEK293,CHEMBL614818,CHEMBL50,Potency,1253.8,nM,,ChEMBL
Quercetin,HEL,CHEMBL4523582,CHEMBL50,IC50,6900.0,nM,5.16,ChEMBL
Quercetin,HELA,CHEMBL399,CHEMBL50,IC50,3560.0,nM,5.45,ChEMBL
Quercetin,HELICASE,CHEMBL1293236,CHEMBL50,Potency,1000.0,nM,6.0,ChEMBL
Quercetin,HELICASE NSP13,CHEMBL4523582,CHEMBL50,IC50,6900.0,nM,5.16,ChEMBL
Quercetin,HEPATOCYTE,CHEMBL3717,CHEMBL50,IC50,580.0,nM,6.24,ChEMBL
Quercetin,HEPATOCYTE GROWTH FACTOR RECEPTOR,CHEMBL3717,CHEMBL50,IC50,580.0,nM,6.24,ChEMBL
Quercetin,HEPG2,CHEMBL395,CHEMBL50,EC50,4630.0,nM,5.33,ChEMBL
Quercetin,HEPOXILIN A3 SYNTHASE ALOX15,CHEMBL4358,CHEMBL50,IC50,430.0,nM,6.37,ChEMBL
Quercetin,HFEN-1,CHEMBL5027,CHEMBL50,Potency,2377.8,nM,,ChEMBL
Quercetin,HGF RECEPTOR,CHEMBL3717,CHEMBL50,IC50,580.0,nM,6.24,ChEMBL
Quercetin,HGF/SF RECEPTOR,CHEMBL3717,CHEMBL50,IC50,580.0,nM,6.24,ChEMBL
Quercetin,HIF-1-ALPHA,CHEMBL4261,CHEMBL50,Potency,10000.0,nM,5.0,ChEMBL
Quercetin,HIF1-ALPHA,CHEMBL4261,CHEMBL50,Potency,10000.0,nM,5.0,ChEMBL
Quercetin,HIF1A,CHEMBL4261,CHEMBL50,Potency,10000.0,nM,5.0,ChEMBL
Quercetin,HIGH AFFINITY INTERLEUKIN-8 RECEPTOR A,CHEMBL4029,CHEMBL50,IC50,4500.0,nM,5.35,ChEMBL
Quercetin,HISTONE,CHEMBL6136,CHEMBL50,IC50,1260.0,nM,5.9,ChEMBL
Quercetin,HISTONE-LYSINE N-METHYLTRANSFERASE 2A,CHEMBL2093861,CHEMBL50,Potency,10000.0,nM,5.0,ChEMBL
Quercetin,HMETTL14,CHEMBL4106140,CHEMBL50,IC50,2730.0,nM,5.56,ChEMBL
Quercetin,HMETTL3,CHEMBL4106140,CHEMBL50,IC50,2730.0,nM,5.56,ChEMBL
Quercetin,HOP-62,CHEMBL614643,CHEMBL50,IC50,7520.0,nM,5.12,ChEMBL
Quercetin,HOST TRANSLATION INHIBITOR NSP1,CHEMBL4523582,CHEMBL50,IC50,6900.0,nM,5.16,ChEMBL
Quercetin,HPGD,CHEMBL1293255,CHEMBL50,Potency,8912.5,nM,5.05,ChEMBL
Quercetin,HSD17B10,CHEMBL4159,CHEMBL50,Potency,7943.3,nM,5.1,ChEMBL
Quercetin,HSD17B2,CHEMBL2789,CHEMBL50,IC50,1540.0,nM,5.81,ChEMBL
Quercetin,HSIRT6,CHEMBL2163182,CHEMBL50,IC50,1900.0,nM,5.72,ChEMBL
Quercetin,HSPK 21,CHEMBL3835,CHEMBL50,IC50,5730.0,nM,5.24,ChEMBL
Quercetin,HT-22,CHEMBL614316,CHEMBL50,EC50,2980.0,nM,5.53,ChEMBL
Quercetin,HTRP-5,CHEMBL1250411,CHEMBL50,IC50,6500.0,nM,5.19,ChEMBL
Quercetin,HTRP5,CHEMBL1250411,CHEMBL50,IC50,6500.0,nM,5.19,ChEMBL
Quercetin,HU-ANTIGEN C,CHEMBL4105924,CHEMBL50,IC50,1800.0,nM,5.75,ChEMBL
Quercetin,HU-ANTIGEN R,CHEMBL1250379,CHEMBL50,IC50,1400.0,nM,5.85,ChEMBL
Quercetin,HUC,CHEMBL4105924,CHEMBL50,IC50,1800.0,nM,5.75,ChEMBL
Quercetin,HUR,CHEMBL1250379,CHEMBL50,IC50,1400.0,nM,5.85,ChEMBL
Quercetin,HYDROPEROXY ICOSATETRAENOATE DEHYDRATASE,CHEMBL4878,CHEMBL50,IC50,77.0,nM,7.11,ChEMBL
Quercetin,HYPOXIA-INDUCIBLE FACTOR 1-ALPHA,CHEMBL4261,CHEMBL50,Potency,10000.0,nM,5.0,ChEMBL
Quercetin,IGF-I RECEPTOR,CHEMBL1957,CHEMBL50,IC50,300.0,nM,6.52,ChEMBL
Quercetin,IGF1R,CHEMBL1957,CHEMBL50,IC50,300.0,nM,6.52,ChEMBL
Quercetin,II,CHEMBL3629,CHEMBL50,Ki,1180.0,nM,5.93,ChEMBL
Quercetin,IL-4 STAT,CHEMBL5401,CHEMBL50,Potency,2511.9,nM,5.6,ChEMBL
Quercetin,IL-8 RECEPTOR TYPE 1,CHEMBL4029,CHEMBL50,IC50,4500.0,nM,5.35,ChEMBL
Quercetin,IL-8R A,CHEMBL4029,CHEMBL50,IC50,4500.0,nM,5.35,ChEMBL
Quercetin,IMP 1,CHEMBL1293238,CHEMBL50,Potency,10000.0,nM,5.0,ChEMBL
Quercetin,IMP-SPECIFIC 5'-NUCLEOTIDASE,CHEMBL1075214,CHEMBL50,Ki,45.3,nM,7.34,ChEMBL
Quercetin,IMPA1,CHEMBL1293238,CHEMBL50,Potency,10000.0,nM,5.0,ChEMBL
Quercetin,IMPASE 1,CHEMBL1293238,CHEMBL50,Potency,10000.0,nM,5.0,ChEMBL
Quercetin,INFLUENZA A VIRUS,CHEMBL613740,CHEMBL50,EC50,84.46,nM,7.07,ChEMBL
Quercetin,INOSITOL,CHEMBL4523488,CHEMBL50,IC50,700.0,nM,6.16,ChEMBL
Quercetin,"INOSITOL 1,3,4,6-TETRAKISPHOSPHATE 5-KINASE",CHEMBL4523401,CHEMBL50,IC50,2300.0,nM,5.64,ChEMBL
Quercetin,INOSITOL HEXAKISPHOSPHATE KINASE 2,CHEMBL4523488,CHEMBL50,IC50,700.0,nM,6.16,ChEMBL
Quercetin,INOSITOL MONOPHOSPHATASE 1,CHEMBL1293238,CHEMBL50,Potency,10000.0,nM,5.0,ChEMBL
Quercetin,INOSITOL POLYPHOSPHATE MULTIKINASE,CHEMBL4523401,CHEMBL50,IC50,2300.0,nM,5.64,ChEMBL
Quercetin,INOSITOL-1(OR 4)-MONOPHOSPHATASE 1,CHEMBL1293238,CHEMBL50,Potency,10000.0,nM,5.0,ChEMBL
Quercetin,INSP6 KINASE 2,CHEMBL4523488,CHEMBL50,IC50,700.0,nM,6.16,ChEMBL
Quercetin,INSP6K2,CHEMBL4523488,CHEMBL50,IC50,700.0,nM,6.16,ChEMBL
Quercetin,INSULIN-LIKE GROWTH FACTOR 1 RECEPTOR,CHEMBL1957,CHEMBL50,IC50,300.0,nM,6.52,ChEMBL
Quercetin,INSULIN-LIKE GROWTH FACTOR 1 RECEPTOR ALPHA CHAIN,CHEMBL1957,CHEMBL50,IC50,300.0,nM,6.52,ChEMBL
Quercetin,INSULIN-LIKE GROWTH FACTOR 1 RECEPTOR BETA CHAIN,CHEMBL1957,CHEMBL50,IC50,300.0,nM,6.52,ChEMBL
Quercetin,INSULIN-LIKE GROWTH FACTOR I RECEPTOR,CHEMBL1957,CHEMBL50,IC50,300.0,nM,6.52,ChEMBL
Quercetin,IOTA,CHEMBL5391,CHEMBL50,Potency,562.3,nM,,ChEMBL
Quercetin,IP6K2,CHEMBL4523488,CHEMBL50,IC50,700.0,nM,6.16,ChEMBL
Quercetin,IPMK,CHEMBL4523401,CHEMBL50,IC50,2300.0,nM,5.64,ChEMBL
Quercetin,ISOMALTASE,CHEMBL3833502,CHEMBL50,IC50,7800.0,nM,5.11,ChEMBL
Quercetin,ISOMERASE,CHEMBL2288,CHEMBL50,Potency,2685.5,nM,,ChEMBL
Quercetin,IV,CHEMBL333,CHEMBL50,IC50,6680.0,nM,5.17,ChEMBL
Quercetin,JURKAT,CHEMBL397,CHEMBL50,IC50,5000.0,nM,5.3,ChEMBL
Quercetin,K5-5,CHEMBL2414,CHEMBL50,IC50,10000.0,nM,5.0,ChEMBL
Quercetin,K562,CHEMBL385,CHEMBL50,IC50,2500.0,nM,5.6,ChEMBL
Quercetin,KAPPA,CHEMBL5365,CHEMBL50,Potency,946.6,nM,,ChEMBL
Quercetin,KDA,CHEMBL333,CHEMBL50,IC50,6680.0,nM,5.17,ChEMBL
Quercetin,KDM1A,CHEMBL6136,CHEMBL50,IC50,1260.0,nM,5.9,ChEMBL
Quercetin,KDM4D-LIKE PROTEIN,CHEMBL1293226,CHEMBL50,Potency,8912.5,nM,5.05,ChEMBL
Quercetin,KDM4E,CHEMBL1293226,CHEMBL50,Potency,8912.5,nM,5.05,ChEMBL
Quercetin,KDR,CHEMBL279,CHEMBL50,IC50,280.0,nM,6.55,ChEMBL
Quercetin,KETONE-ALDEHYDE MUTASE,CHEMBL2424,CHEMBL50,IC50,3200.0,nM,5.5,ChEMBL
Quercetin,KIDNEY OXIDASE-1,CHEMBL1250375,CHEMBL50,IC50,680.0,nM,6.17,ChEMBL
Quercetin,KIDNEY SUPEROXIDE-PRODUCING NADPH OXIDASE,CHEMBL1250375,CHEMBL50,IC50,680.0,nM,6.17,ChEMBL
Quercetin,KINASE,CHEMBL2147,CHEMBL50,IC50,43.0,nM,7.37,ChEMBL
Quercetin,KINASE INSERT DOMAIN RECEPTOR,CHEMBL279,CHEMBL50,IC50,280.0,nM,6.55,ChEMBL
Quercetin,KMT2A,CHEMBL2093861,CHEMBL50,Potency,10000.0,nM,5.0,ChEMBL
Quercetin,KOX-1,CHEMBL1250375,CHEMBL50,IC50,680.0,nM,6.17,ChEMBL
Quercetin,KYNA RECEPTOR,CHEMBL1293267,CHEMBL50,EC50,8020.0,nM,5.1,ChEMBL
Quercetin,KYNURENIC ACID RECEPTOR,CHEMBL1293267,CHEMBL50,EC50,8020.0,nM,5.1,ChEMBL
Quercetin,L-12LO,CHEMBL4358,CHEMBL50,IC50,430.0,nM,6.37,ChEMBL
Quercetin,LACTOPEROXIDASE,CHEMBL2295561,CHEMBL50,IC50,6100.0,nM,5.21,ChEMBL
Quercetin,LACTOYLGLUTATHIONE LYASE,CHEMBL2424,CHEMBL50,IC50,3200.0,nM,5.5,ChEMBL
Quercetin,LEADER PROTEIN,CHEMBL4523582,CHEMBL50,IC50,6900.0,nM,5.16,ChEMBL
Quercetin,LEISHMANIA AMAZONENSIS,CHEMBL612877,CHEMBL50,IC50,3400.0,nM,5.47,ChEMBL
Quercetin,LEISHMANIA DONOVANI,CHEMBL367,CHEMBL50,IC50,6000.0,nM,5.22,ChEMBL
Quercetin,LEUKOTRIENE C(4) TRANSPORTER,CHEMBL3004,CHEMBL50,Ki,2400.0,nM,5.62,ChEMBL
Quercetin,LIGASE,CHEMBL2366488,CHEMBL50,Ki,4300.0,nM,5.37,ChEMBL
Quercetin,LINOLEATE (13S)-LIPOXYGENASE,CHEMBL3687,CHEMBL50,IC50,440.0,nM,6.36,ChEMBL
Quercetin,LINOLEATE 13S-LIPOXYGENASE,CHEMBL4358,CHEMBL50,IC50,430.0,nM,6.37,ChEMBL
Quercetin,LIPASE,CHEMBL1812,CHEMBL50,IC50,1530.0,nM,5.82,ChEMBL
Quercetin,LIPOXIN SYNTHASE 12-LO,CHEMBL3687,CHEMBL50,IC50,440.0,nM,6.36,ChEMBL
Quercetin,LIPOXYGENASE,CHEMBL4358,CHEMBL50,IC50,430.0,nM,6.37,ChEMBL
Quercetin,LITHIUM-SENSITIVE MYO-INOSITOL MONOPHOSPHATASE A1,CHEMBL1293238,CHEMBL50,Potency,10000.0,nM,5.0,ChEMBL
Quercetin,LIVER,CHEMBL2568,CHEMBL50,IC50,4800.0,nM,5.32,ChEMBL
Quercetin,LIVER MICROSOMES,CHEMBL613694,CHEMBL50,IC50,7500.0,nM,5.12,ChEMBL
Quercetin,LPO,CHEMBL2295561,CHEMBL50,IC50,6100.0,nM,5.21,ChEMBL
Quercetin,LTC4 TRANSPORTER,CHEMBL3004,CHEMBL50,Ki,2400.0,nM,5.62,ChEMBL
Quercetin,LYASE,CHEMBL2424,CHEMBL50,IC50,3200.0,nM,5.5,ChEMBL
Quercetin,LYSINE N-METHYLTRANSFERASE 2A,CHEMBL2093861,CHEMBL50,Potency,10000.0,nM,5.0,ChEMBL
Quercetin,LYSINE-SPECIFIC DEMETHYLASE 4D-LIKE,CHEMBL1293226,CHEMBL50,Potency,8912.5,nM,5.05,ChEMBL
Quercetin,LYSINE-SPECIFIC DEMETHYLASE 4E,CHEMBL1293226,CHEMBL50,Potency,8912.5,nM,5.05,ChEMBL
Quercetin,LYSINE-SPECIFIC HISTONE DEMETHYLASE 1A,CHEMBL6136,CHEMBL50,IC50,1260.0,nM,5.9,ChEMBL
Quercetin,LYSOSOMAL ALPHA-GLUCOSIDASE,CHEMBL3833502,CHEMBL50,IC50,7800.0,nM,5.11,ChEMBL
Quercetin,M6A(M)-DEMETHYLASE FTO,CHEMBL2331065,CHEMBL50,IC50,9500.0,nM,5.02,ChEMBL
Quercetin,MACROPAIN EPSILON CHAIN,CHEMBL4662,CHEMBL50,IC50,2000.0,nM,5.7,ChEMBL
Quercetin,MAIN PROTEASE,CHEMBL4523582,CHEMBL50,IC50,6900.0,nM,5.16,ChEMBL
Quercetin,MALATE,CHEMBL4255,CHEMBL50,IC50,6000.0,nM,5.22,ChEMBL
Quercetin,MALATE DEHYDROGENASE,CHEMBL4255,CHEMBL50,IC50,6000.0,nM,5.22,ChEMBL
Quercetin,MALTASE-GLUCOAMYLASE,CHEMBL3833502,CHEMBL50,IC50,7800.0,nM,5.11,ChEMBL
Quercetin,MALTASE-GLUCOAMYLASE (ALPHA-GLUCOSIDASE) PSEUDOGENE,CHEMBL3833502,CHEMBL50,IC50,7800.0,nM,5.11,ChEMBL
Quercetin,MAO-A,CHEMBL3254,CHEMBL50,IC50,10.0,nM,8.0,ChEMBL
Quercetin,MAOA,CHEMBL3254,CHEMBL50,IC50,10.0,nM,8.0,ChEMBL
Quercetin,MAP KINASE KINASE 1,CHEMBL3587,CHEMBL50,IC50,10000.0,nM,,ChEMBL
Quercetin,MAP2K1,CHEMBL3587,CHEMBL50,IC50,10000.0,nM,,ChEMBL
Quercetin,MAPK/ERK KINASE 1,CHEMBL3587,CHEMBL50,IC50,10000.0,nM,,ChEMBL
Quercetin,MAPKK 1,CHEMBL3587,CHEMBL50,IC50,10000.0,nM,,ChEMBL
Quercetin,MAPT,CHEMBL1293224,CHEMBL50,Potency,5011.9,nM,5.3,ChEMBL
Quercetin,MATRIX,CHEMBL321,CHEMBL50,IC50,1610.0,nM,5.79,ChEMBL
Quercetin,MATRIX METALLOPROTEINASE-13,CHEMBL280,CHEMBL50,IC50,8460.0,nM,5.07,ChEMBL
Quercetin,MATRIX METALLOPROTEINASE-2,CHEMBL333,CHEMBL50,IC50,6680.0,nM,5.17,ChEMBL
Quercetin,MATRIX METALLOPROTEINASE-3,CHEMBL283,CHEMBL50,IC50,5570.0,nM,5.25,ChEMBL
Quercetin,MATRIX METALLOPROTEINASE-9,CHEMBL321,CHEMBL50,IC50,1610.0,nM,5.79,ChEMBL
Quercetin,MATURATION FACTOR 1,CHEMBL5027,CHEMBL50,Potency,2377.8,nM,,ChEMBL
Quercetin,MCF-10A,CHEMBL614321,CHEMBL50,IC50,9320.0,nM,5.03,ChEMBL
Quercetin,MCF7,CHEMBL387,CHEMBL50,IC50,5000.0,nM,5.3,ChEMBL
Quercetin,MCT 2,CHEMBL2073718,CHEMBL50,IC50,5000.0,nM,5.3,ChEMBL
Quercetin,MDH,CHEMBL4255,CHEMBL50,IC50,6000.0,nM,5.22,ChEMBL
Quercetin,MEK 1,CHEMBL3587,CHEMBL50,IC50,10000.0,nM,,ChEMBL
Quercetin,MEMAPSIN-2,CHEMBL4822,CHEMBL50,IC50,5400.0,nM,5.27,ChEMBL
Quercetin,MEMBER,CHEMBL5983,CHEMBL50,IC50,1900.0,nM,5.72,ChEMBL
Quercetin,MEMBER OF PAS PROTEIN 1,CHEMBL4261,CHEMBL50,Potency,10000.0,nM,5.0,ChEMBL
Quercetin,MEMBRANE ANTIGEN MN,CHEMBL3594,CHEMBL50,Ki,7000.0,nM,5.16,ChEMBL
Quercetin,MEMBRANE-ASSOCIATED ASPARTIC PROTEASE 2,CHEMBL4822,CHEMBL50,IC50,5400.0,nM,5.27,ChEMBL
Quercetin,MEN1,CHEMBL2093861,CHEMBL50,Potency,10000.0,nM,5.0,ChEMBL
Quercetin,MENIN,CHEMBL2093861,CHEMBL50,Potency,10000.0,nM,5.0,ChEMBL
Quercetin,MET,CHEMBL3717,CHEMBL50,IC50,580.0,nM,6.24,ChEMBL
Quercetin,METHYLGLYOXALASE,CHEMBL2424,CHEMBL50,IC50,3200.0,nM,5.5,ChEMBL
Quercetin,METHYLTRANSFERASE-LIKE PROTEIN 14,CHEMBL4106140,CHEMBL50,IC50,2730.0,nM,5.56,ChEMBL
Quercetin,METHYLTRANSFERASE-LIKE PROTEIN 3,CHEMBL4106140,CHEMBL50,IC50,2730.0,nM,5.56,ChEMBL
Quercetin,METTL14,CHEMBL4106140,CHEMBL50,IC50,2730.0,nM,5.56,ChEMBL
Quercetin,METTL3,CHEMBL4106140,CHEMBL50,IC50,2730.0,nM,5.56,ChEMBL
Quercetin,MF1,CHEMBL5027,CHEMBL50,Potency,2377.8,nM,,ChEMBL
Quercetin,MGAM,CHEMBL3833502,CHEMBL50,IC50,7800.0,nM,5.11,ChEMBL
Quercetin,MGAM2,CHEMBL3833502,CHEMBL50,IC50,7800.0,nM,5.11,ChEMBL
Quercetin,MHBD,CHEMBL4159,CHEMBL50,Potency,7943.3,nM,5.1,ChEMBL
Quercetin,MICROSOMAL 17-BETA-HYDROXYSTEROID DEHYDROGENASE,CHEMBL2789,CHEMBL50,IC50,1540.0,nM,5.81,ChEMBL
Quercetin,MICROTUBULE-ASSOCIATED PROTEIN TAU,CHEMBL1293224,CHEMBL50,Potency,5011.9,nM,5.3,ChEMBL
Quercetin,MINOXIDIL SULFOTRANSFERASE,CHEMBL4886,CHEMBL50,IC50,290.0,nM,6.54,ChEMBL
Quercetin,MITOCHONDRIAL,CHEMBL4789,CHEMBL50,Ki,6810.0,nM,5.17,ChEMBL
Quercetin,MITOCHONDRIAL RIBONUCLEASE P PROTEIN 2,CHEMBL4159,CHEMBL50,Potency,7943.3,nM,5.1,ChEMBL
Quercetin,MITOCHONDRIAL RNASE P PROTEIN 2,CHEMBL4159,CHEMBL50,Potency,7943.3,nM,5.1,ChEMBL
Quercetin,MITOXANTRONE RESISTANCE-ASSOCIATED PROTEIN,CHEMBL5393,CHEMBL50,IC50,6900.0,nM,5.16,ChEMBL
Quercetin,MKK1,CHEMBL3587,CHEMBL50,IC50,10000.0,nM,,ChEMBL
Quercetin,MLL CLEAVAGE PRODUCT C180,CHEMBL2093861,CHEMBL50,Potency,10000.0,nM,5.0,ChEMBL
Quercetin,MLL CLEAVAGE PRODUCT N320,CHEMBL2093861,CHEMBL50,Potency,10000.0,nM,5.0,ChEMBL
Quercetin,MMP-13,CHEMBL280,CHEMBL50,IC50,8460.0,nM,5.07,ChEMBL
Quercetin,MMP-2,CHEMBL333,CHEMBL50,IC50,6680.0,nM,5.17,ChEMBL
Quercetin,MMP-3,CHEMBL283,CHEMBL50,IC50,5570.0,nM,5.25,ChEMBL
Quercetin,MMP-9,CHEMBL321,CHEMBL50,IC50,1610.0,nM,5.79,ChEMBL
Quercetin,MMP13,CHEMBL280,CHEMBL50,IC50,8460.0,nM,5.07,ChEMBL
Quercetin,MMP2,CHEMBL333,CHEMBL50,IC50,6680.0,nM,5.17,ChEMBL
Quercetin,MMP3,CHEMBL283,CHEMBL50,IC50,5570.0,nM,5.25,ChEMBL
Quercetin,MMP9,CHEMBL321,CHEMBL50,IC50,1610.0,nM,5.79,ChEMBL
Quercetin,MONOAMINE OXIDASE TYPE A,CHEMBL3254,CHEMBL50,IC50,10.0,nM,8.0,ChEMBL
Quercetin,MONOCARBOXYLATE,CHEMBL2073718,CHEMBL50,IC50,5000.0,nM,5.3,ChEMBL
Quercetin,MONOCARBOXYLATE TRANSPORTER 2,CHEMBL2073718,CHEMBL50,IC50,5000.0,nM,5.3,ChEMBL
Quercetin,MONOPHOSPHATASE,CHEMBL1293238,CHEMBL50,Potency,10000.0,nM,5.0,ChEMBL
Quercetin,MPO,CHEMBL2439,CHEMBL50,IC50,1270.0,nM,5.9,ChEMBL
Quercetin,MPRO,CHEMBL4523582,CHEMBL50,IC50,6900.0,nM,5.16,ChEMBL
Quercetin,MRNA (2'-O-METHYLADENOSINE-N(6)-)-DEMETHYLASE FTO,CHEMBL2331065,CHEMBL50,IC50,9500.0,nM,5.02,ChEMBL
Quercetin,MRNA N(6)-METHYLADENOSINE DEMETHYLASE FTO,CHEMBL2331065,CHEMBL50,IC50,9500.0,nM,5.02,ChEMBL
Quercetin,MT-A70,CHEMBL4106140,CHEMBL50,IC50,2730.0,nM,5.56,ChEMBL
Quercetin,MULTICATALYTIC ENDOPEPTIDASE COMPLEX EPSILON CHAIN,CHEMBL4662,CHEMBL50,IC50,2000.0,nM,5.7,ChEMBL
Quercetin,MULTIDRUG,CHEMBL3004,CHEMBL50,Ki,2400.0,nM,5.62,ChEMBL
Quercetin,MULTIDRUG RESISTANCE PROTEIN 1,CHEMBL4302,CHEMBL50,Kd,7079.46,nM,5.15,ChEMBL
Quercetin,MULTIDRUG RESISTANCE-ASSOCIATED PROTEIN 1,CHEMBL3004,CHEMBL50,Ki,2400.0,nM,5.62,ChEMBL
Quercetin,MULTIKINASE,CHEMBL4523401,CHEMBL50,IC50,2300.0,nM,5.64,ChEMBL
Quercetin,MUSCARINIC,CHEMBL276,CHEMBL50,Potency,3162.3,nM,5.5,ChEMBL
Quercetin,MUSCARINIC ACETYLCHOLINE RECEPTOR M1,CHEMBL276,CHEMBL50,Potency,3162.3,nM,5.5,ChEMBL
Quercetin,MX-ST,CHEMBL4886,CHEMBL50,IC50,290.0,nM,6.54,ChEMBL
Quercetin,MYELOID/LYMPHOID OR MIXED-LINEAGE LEUKEMIA,CHEMBL2093861,CHEMBL50,Potency,10000.0,nM,5.0,ChEMBL
Quercetin,MYELOID/LYMPHOID OR MIXED-LINEAGE LEUKEMIA PROTEIN 1,CHEMBL2093861,CHEMBL50,Potency,10000.0,nM,5.0,ChEMBL
Quercetin,MYELOPEROXIDASE,CHEMBL2439,CHEMBL50,IC50,1270.0,nM,5.9,ChEMBL
Quercetin,MYELOPEROXIDASE HEAVY CHAIN,CHEMBL2439,CHEMBL50,IC50,1270.0,nM,5.9,ChEMBL
Quercetin,MYELOPEROXIDASE LIGHT CHAIN,CHEMBL2439,CHEMBL50,IC50,1270.0,nM,5.9,ChEMBL
Quercetin,N(6)-ADENOSINE-METHYLTRANSFERASE 70 KDA SUBUNIT,CHEMBL4106140,CHEMBL50,IC50,2730.0,nM,5.56,ChEMBL
Quercetin,N(6)-ADENOSINE-METHYLTRANSFERASE CATALYTIC SUBUNIT METTL3,CHEMBL4106140,CHEMBL50,IC50,2730.0,nM,5.56,ChEMBL
Quercetin,N(6)-ADENOSINE-METHYLTRANSFERASE NON-CATALYTIC SUBUNIT METTL14,CHEMBL4106140,CHEMBL50,IC50,2730.0,nM,5.56,ChEMBL
Quercetin,N-APP,CHEMBL2487,CHEMBL50,IC50,7940.0,nM,5.1,ChEMBL
Quercetin,N-TERMINAL CLEAVAGE PRODUCT OF 320 KDA,CHEMBL2093861,CHEMBL50,Potency,10000.0,nM,5.0,ChEMBL
Quercetin,NA,CHEMBL6135,CHEMBL50,Ki,3800.0,nM,5.42,ChEMBL
Quercetin,NAD-DEPENDENT PROTEIN DEACETYLASE SIRTUIN-6,CHEMBL2163182,CHEMBL50,IC50,1900.0,nM,5.72,ChEMBL
Quercetin,NAD-DEPENDENT PROTEIN DEACYLASE SIRTUIN-6,CHEMBL2163182,CHEMBL50,IC50,1900.0,nM,5.72,ChEMBL
Quercetin,NADPH,CHEMBL1250375,CHEMBL50,IC50,680.0,nM,6.17,ChEMBL
Quercetin,NADPH OXIDASE 4,CHEMBL1250375,CHEMBL50,IC50,680.0,nM,6.17,ChEMBL
Quercetin,NANH,CHEMBL5189,CHEMBL50,IC50,2700.0,nM,5.57,ChEMBL
Quercetin,NCI-H157,CHEMBL614783,CHEMBL50,IC50,6000.0,nM,5.22,ChEMBL
Quercetin,NCI-H1792,CHEMBL1075525,CHEMBL50,IC50,3850.0,nM,5.42,ChEMBL
Quercetin,NCI-H522,CHEMBL614387,CHEMBL50,IC50,5770.0,nM,5.24,ChEMBL
Quercetin,NEK2,CHEMBL3835,CHEMBL50,IC50,5730.0,nM,5.24,ChEMBL
Quercetin,NEK6,CHEMBL4309,CHEMBL50,IC50,4230.0,nM,5.37,ChEMBL
Quercetin,NENDOU,CHEMBL4523582,CHEMBL50,IC50,6900.0,nM,5.16,ChEMBL
Quercetin,NEURAMINIDASE,CHEMBL5189,CHEMBL50,IC50,2700.0,nM,5.57,ChEMBL
Quercetin,NEUROFIBRILLARY TANGLE PROTEIN,CHEMBL1293224,CHEMBL50,Potency,5011.9,nM,5.3,ChEMBL
Quercetin,NEUROPEPTIDE,CHEMBL5162,CHEMBL50,Potency,158.5,nM,6.8,ChEMBL
Quercetin,NEUROPEPTIDE S RECEPTOR,CHEMBL5162,CHEMBL50,Potency,158.5,nM,6.8,ChEMBL
Quercetin,NEUTROPHIL,CHEMBL5314326,CHEMBL50,IC50,4400.0,nM,5.36,ChEMBL
Quercetin,NEVER IN MITOSIS A-RELATED KINASE 2,CHEMBL3835,CHEMBL50,IC50,5730.0,nM,5.24,ChEMBL
Quercetin,NEVER IN MITOSIS A-RELATED KINASE 6,CHEMBL4309,CHEMBL50,IC50,4230.0,nM,5.37,ChEMBL
Quercetin,NFKB1,CHEMBL3251,CHEMBL50,Potency,5623.4,nM,5.25,ChEMBL
Quercetin,NIFEDIPINE OXIDASE,CHEMBL340,CHEMBL50,Potency,6309.6,nM,5.2,ChEMBL
Quercetin,NIMA-LIKE PROTEIN KINASE 1,CHEMBL3835,CHEMBL50,IC50,5730.0,nM,5.24,ChEMBL
Quercetin,NIMA-RELATED PROTEIN KINASE 2,CHEMBL3835,CHEMBL50,IC50,5730.0,nM,5.24,ChEMBL
Quercetin,NIMA-RELATED PROTEIN KINASE 6,CHEMBL4309,CHEMBL50,IC50,4230.0,nM,5.37,ChEMBL
Quercetin,NO RELEVANT TARGET,CHEMBL2362975,CHEMBL50,IC50,610.0,nM,6.21,ChEMBL
Quercetin,NON-PROTEIN TARGET,CHEMBL3879801,CHEMBL50,IC50,500.0,nM,6.3,ChEMBL
Quercetin,NON-STRUCTURAL PROTEIN 1,CHEMBL4523582,CHEMBL50,IC50,6900.0,nM,5.16,ChEMBL
Quercetin,NON-STRUCTURAL PROTEIN 10,CHEMBL4523582,CHEMBL50,IC50,6900.0,nM,5.16,ChEMBL
Quercetin,NON-STRUCTURAL PROTEIN 12,CHEMBL4523582,CHEMBL50,IC50,6900.0,nM,5.16,ChEMBL
Quercetin,NON-STRUCTURAL PROTEIN 13,CHEMBL4523582,CHEMBL50,IC50,6900.0,nM,5.16,ChEMBL
Quercetin,NON-STRUCTURAL PROTEIN 14,CHEMBL4523582,CHEMBL50,IC50,6900.0,nM,5.16,ChEMBL
Quercetin,NON-STRUCTURAL PROTEIN 15,CHEMBL4523582,CHEMBL50,IC50,6900.0,nM,5.16,ChEMBL
Quercetin,NON-STRUCTURAL PROTEIN 16,CHEMBL4523582,CHEMBL50,IC50,6900.0,nM,5.16,ChEMBL
Quercetin,NON-STRUCTURAL PROTEIN 2,CHEMBL4523582,CHEMBL50,IC50,6900.0,nM,5.16,ChEMBL
Quercetin,NON-STRUCTURAL PROTEIN 3,CHEMBL4523582,CHEMBL50,IC50,6900.0,nM,5.16,ChEMBL
Quercetin,NON-STRUCTURAL PROTEIN 4,CHEMBL4523582,CHEMBL50,IC50,6900.0,nM,5.16,ChEMBL
Quercetin,NON-STRUCTURAL PROTEIN 5,CHEMBL4523582,CHEMBL50,IC50,6900.0,nM,5.16,ChEMBL
Quercetin,NON-STRUCTURAL PROTEIN 6,CHEMBL4523582,CHEMBL50,IC50,6900.0,nM,5.16,ChEMBL
Quercetin,NON-STRUCTURAL PROTEIN 7,CHEMBL4523582,CHEMBL50,IC50,6900.0,nM,5.16,ChEMBL
Quercetin,NON-STRUCTURAL PROTEIN 8,CHEMBL4523582,CHEMBL50,IC50,6900.0,nM,5.16,ChEMBL
Quercetin,NON-STRUCTURAL PROTEIN 9,CHEMBL4523582,CHEMBL50,IC50,6900.0,nM,5.16,ChEMBL
Quercetin,NOX4,CHEMBL1250375,CHEMBL50,IC50,680.0,nM,6.17,ChEMBL
Quercetin,NPSR1,CHEMBL5162,CHEMBL50,Potency,158.5,nM,6.8,ChEMBL
Quercetin,NSP1,CHEMBL4523582,CHEMBL50,IC50,6900.0,nM,5.16,ChEMBL
Quercetin,NSP10,CHEMBL4523582,CHEMBL50,IC50,6900.0,nM,5.16,ChEMBL
Quercetin,NSP12,CHEMBL4523582,CHEMBL50,IC50,6900.0,nM,5.16,ChEMBL
Quercetin,NSP13,CHEMBL4523582,CHEMBL50,IC50,6900.0,nM,5.16,ChEMBL
Quercetin,NSP14,CHEMBL4523582,CHEMBL50,IC50,6900.0,nM,5.16,ChEMBL
Quercetin,NSP15,CHEMBL4523582,CHEMBL50,IC50,6900.0,nM,5.16,ChEMBL
Quercetin,NSP16,CHEMBL4523582,CHEMBL50,IC50,6900.0,nM,5.16,ChEMBL
Quercetin,NSP2,CHEMBL4523582,CHEMBL50,IC50,6900.0,nM,5.16,ChEMBL
Quercetin,NSP3,CHEMBL4523582,CHEMBL50,IC50,6900.0,nM,5.16,ChEMBL
Quercetin,NSP4,CHEMBL4523582,CHEMBL50,IC50,6900.0,nM,5.16,ChEMBL
Quercetin,NSP5,CHEMBL4523582,CHEMBL50,IC50,6900.0,nM,5.16,ChEMBL
Quercetin,NSP6,CHEMBL4523582,CHEMBL50,IC50,6900.0,nM,5.16,ChEMBL
Quercetin,NSP7,CHEMBL4523582,CHEMBL50,IC50,6900.0,nM,5.16,ChEMBL
Quercetin,NSP8,CHEMBL4523582,CHEMBL50,IC50,6900.0,nM,5.16,ChEMBL
Quercetin,NSP9,CHEMBL4523582,CHEMBL50,IC50,6900.0,nM,5.16,ChEMBL
Quercetin,NT5E,CHEMBL1075214,CHEMBL50,Ki,45.3,nM,7.34,ChEMBL
Quercetin,NUAK,CHEMBL5784,CHEMBL50,IC50,5090.0,nM,5.29,ChEMBL
Quercetin,NUAK FAMILY SNF1-LIKE KINASE 1,CHEMBL5784,CHEMBL50,IC50,5090.0,nM,5.29,ChEMBL
Quercetin,NUAK1,CHEMBL5784,CHEMBL50,IC50,5090.0,nM,5.29,ChEMBL
Quercetin,NUCLEAR,CHEMBL3251,CHEMBL50,Potency,5623.4,nM,5.25,ChEMBL
Quercetin,NUCLEAR FACTOR NF-KAPPA-B P105 SUBUNIT,CHEMBL3251,CHEMBL50,Potency,5623.4,nM,5.25,ChEMBL
Quercetin,NUCLEAR FACTOR NF-KAPPA-B P50 SUBUNIT,CHEMBL3251,CHEMBL50,Potency,5623.4,nM,5.25,ChEMBL
Quercetin,NUCLEAR FACTOR OF KAPPA LIGHT POLYPEPTIDE GENE ENHANCER IN B-CELLS 1,CHEMBL3251,CHEMBL50,Potency,5623.4,nM,5.25,ChEMBL
Quercetin,OATP-B,CHEMBL1743124,CHEMBL50,IC50,7300.0,nM,5.14,ChEMBL
Quercetin,OATP-RP2,CHEMBL1743124,CHEMBL50,IC50,7300.0,nM,5.14,ChEMBL
Quercetin,OATP2B1,CHEMBL1743124,CHEMBL50,IC50,7300.0,nM,5.14,ChEMBL
Quercetin,OATPRP2,CHEMBL1743124,CHEMBL50,IC50,7300.0,nM,5.14,ChEMBL
Quercetin,OF,CHEMBL5401,CHEMBL50,Potency,2511.9,nM,5.6,ChEMBL
Quercetin,OMPHALOCELE KINASE 1,CHEMBL5784,CHEMBL50,IC50,5090.0,nM,5.29,ChEMBL
Quercetin,ORF1AB POLYPROTEIN,CHEMBL4523582,CHEMBL50,IC50,6900.0,nM,5.16,ChEMBL
Quercetin,ORGANIC,CHEMBL1743124,CHEMBL50,IC50,7300.0,nM,5.14,ChEMBL
Quercetin,ORGANIC ANION TRANSPORTER B,CHEMBL1743124,CHEMBL50,IC50,7300.0,nM,5.14,ChEMBL
Quercetin,ORGANIC ANION TRANSPORTER POLYPEPTIDE-RELATED PROTEIN 2,CHEMBL1743124,CHEMBL50,IC50,7300.0,nM,5.14,ChEMBL
Quercetin,ORGANIC ANION TRANSPORTING POLYPEPTIDE 2B1,CHEMBL1743124,CHEMBL50,IC50,7300.0,nM,5.14,ChEMBL
Quercetin,OSTEOCLAST,CHEMBL612548,CHEMBL50,IC50,5300.0,nM,5.28,ChEMBL
Quercetin,OXIDASE,CHEMBL3254,CHEMBL50,IC50,10.0,nM,8.0,ChEMBL
Quercetin,P(I)-UPTAKE STIMULATOR,CHEMBL4523488,CHEMBL50,IC50,700.0,nM,6.16,ChEMBL
Quercetin,P-GLYCOPROTEIN 1,CHEMBL4302,CHEMBL50,Kd,7079.46,nM,5.15,ChEMBL
Quercetin,P125FAK,CHEMBL2695,CHEMBL50,IC50,1200.0,nM,5.92,ChEMBL
Quercetin,P180,CHEMBL2093861,CHEMBL50,Potency,10000.0,nM,5.0,ChEMBL
Quercetin,P3(40),CHEMBL2487,CHEMBL50,IC50,7940.0,nM,5.1,ChEMBL
Quercetin,P3(42),CHEMBL2487,CHEMBL50,IC50,7940.0,nM,5.1,ChEMBL
Quercetin,P320,CHEMBL2093861,CHEMBL50,Potency,10000.0,nM,5.0,ChEMBL
Quercetin,P34 PROTEIN KINASE,CHEMBL308,CHEMBL50,IC50,450.0,nM,6.35,ChEMBL
Quercetin,P54/58N,CHEMBL3594,CHEMBL50,Ki,7000.0,nM,5.16,ChEMBL
Quercetin,P60-SRC,CHEMBL267,CHEMBL50,IC50,120.0,nM,6.92,ChEMBL
Quercetin,P61-YES,CHEMBL2073,CHEMBL50,Ki,472.0,nM,6.33,ChEMBL
Quercetin,P65 HOMOLOG,CHEMBL4523582,CHEMBL50,IC50,6900.0,nM,5.16,ChEMBL
Quercetin,P94,CHEMBL5145,CHEMBL50,IC50,7589.0,nM,5.12,ChEMBL
Quercetin,PAIRED HELICAL FILAMENT-TAU,CHEMBL1293224,CHEMBL50,Potency,5011.9,nM,5.3,ChEMBL
Quercetin,PAK-1,CHEMBL3384,CHEMBL50,IC50,5800.0,nM,5.24,ChEMBL
Quercetin,PANCREATIC,CHEMBL1812,CHEMBL50,IC50,1530.0,nM,5.82,ChEMBL
Quercetin,PANCREATIC LIPASE,CHEMBL1812,CHEMBL50,IC50,1530.0,nM,5.82,ChEMBL
Quercetin,PANCREATIC TRIACYLGLYCEROL LIPASE,CHEMBL1812,CHEMBL50,IC50,1530.0,nM,5.82,ChEMBL
Quercetin,PAPAIN-LIKE PROTEASE NSP3,CHEMBL4523582,CHEMBL50,IC50,6900.0,nM,5.16,ChEMBL
Quercetin,PAPAIN-LIKE PROTEINASE,CHEMBL4523582,CHEMBL50,IC50,6900.0,nM,5.16,ChEMBL
Quercetin,PARANEOPLASTIC CEREBELLAR DEGENERATION-ASSOCIATED ANTIGEN,CHEMBL4105924,CHEMBL50,IC50,1800.0,nM,5.75,ChEMBL
Quercetin,PARANEOPLASTIC LIMBIC ENCEPHALITIS ANTIGEN 21,CHEMBL4105924,CHEMBL50,IC50,1800.0,nM,5.75,ChEMBL
Quercetin,PAS DOMAIN-CONTAINING PROTEIN 8,CHEMBL4261,CHEMBL50,Potency,10000.0,nM,5.0,ChEMBL
Quercetin,PEPTIDASE,CHEMBL284,CHEMBL50,IC50,2920.0,nM,5.54,ChEMBL
Quercetin,PEPTIDYL-PROLYL CIS-TRANS ISOMERASE NIMA-INTERACTING 1,CHEMBL2288,CHEMBL50,Potency,2685.5,nM,,ChEMBL
Quercetin,PEPTIDYL-PROLYL CIS-TRANS ISOMERASE PIN1,CHEMBL2288,CHEMBL50,Potency,2685.5,nM,,ChEMBL
Quercetin,PEX,CHEMBL333,CHEMBL50,IC50,6680.0,nM,5.17,ChEMBL
Quercetin,PFK,CHEMBL5686,CHEMBL50,Potency,6745.6,nM,,ChEMBL
Quercetin,PHENOL SULFOTRANSFERASE,CHEMBL4886,CHEMBL50,IC50,290.0,nM,6.54,ChEMBL
Quercetin,PHF-TAU,CHEMBL1293224,CHEMBL50,Potency,5011.9,nM,5.3,ChEMBL
Quercetin,PHOSPHATIDYLCHOLINE 2-ACYLHYDROLASE 1B,CHEMBL4426,CHEMBL50,IC50,2000.0,nM,5.7,ChEMBL
Quercetin,PHOSPHATIDYLINOSITOL 3-KINASE 85 KDA REGULATORY SUBUNIT ALPHA,CHEMBL2506,CHEMBL50,IC50,3800.0,nM,5.42,ChEMBL
Quercetin,PHOSPHATIDYLINOSITOL 3-KINASE REGULATORY SUBUNIT ALPHA,CHEMBL2506,CHEMBL50,IC50,3800.0,nM,5.42,ChEMBL
Quercetin,PHOSPHOFRUCTOKINASE,CHEMBL5686,CHEMBL50,Potency,6745.6,nM,,ChEMBL
Quercetin,PHOSPHOGLYCERATE KINASE C,CHEMBL1741167,CHEMBL50,Potency,7568.6,nM,,ChEMBL
Quercetin,"PHOSPHOGLYCERATE KINASE, GLYCOSOMAL",CHEMBL1741167,CHEMBL50,Potency,7568.6,nM,,ChEMBL
Quercetin,PHOSPHOHEXOKINASE,CHEMBL5686,CHEMBL50,Potency,6745.6,nM,,ChEMBL
Quercetin,PHOSPHOLIPASE,CHEMBL4426,CHEMBL50,IC50,2000.0,nM,5.7,ChEMBL
Quercetin,PHOSPHOLIPASE A2,CHEMBL4426,CHEMBL50,IC50,2000.0,nM,5.7,ChEMBL
Quercetin,PHOSPHOLIPID TRANSPORTER ABCB1,CHEMBL4302,CHEMBL50,Kd,7079.46,nM,5.15,ChEMBL
Quercetin,PHOSPHOPROTEIN P53,CHEMBL4096,CHEMBL50,Potency,1000.0,nM,6.0,ChEMBL
Quercetin,PHOSPHORYLASE,CHEMBL2568,CHEMBL50,IC50,4800.0,nM,5.32,ChEMBL
Quercetin,PHOSVITIN,CHEMBL2095191,CHEMBL50,IC50,550.0,nM,6.26,ChEMBL
Quercetin,PI3-KINASE REGULATORY SUBUNIT ALPHA,CHEMBL2506,CHEMBL50,IC50,3800.0,nM,5.42,ChEMBL
Quercetin,PI3-KINASE SUBUNIT P85-ALPHA,CHEMBL2506,CHEMBL50,IC50,3800.0,nM,5.42,ChEMBL
Quercetin,PI3K REGULATORY SUBUNIT ALPHA,CHEMBL2506,CHEMBL50,IC50,3800.0,nM,5.42,ChEMBL
Quercetin,PIK3R1,CHEMBL2506,CHEMBL50,IC50,3800.0,nM,5.42,ChEMBL
Quercetin,PIM1,CHEMBL2147,CHEMBL50,IC50,43.0,nM,7.37,ChEMBL
Quercetin,PIN1,CHEMBL2288,CHEMBL50,Potency,2685.5,nM,,ChEMBL
Quercetin,PIUS,CHEMBL4523488,CHEMBL50,IC50,700.0,nM,6.16,ChEMBL
Quercetin,PKB,CHEMBL4282,CHEMBL50,IC50,5390.0,nM,5.27,ChEMBL
Quercetin,PKB ALPHA,CHEMBL4282,CHEMBL50,IC50,5390.0,nM,5.27,ChEMBL
Quercetin,PKN1,CHEMBL3384,CHEMBL50,IC50,5800.0,nM,5.24,ChEMBL
Quercetin,PL-PRO,CHEMBL4523582,CHEMBL50,IC50,6900.0,nM,5.16,ChEMBL
Quercetin,PL2-PRO,CHEMBL4523582,CHEMBL50,IC50,6900.0,nM,5.16,ChEMBL
Quercetin,PLA2G1B,CHEMBL4426,CHEMBL50,IC50,2000.0,nM,5.7,ChEMBL
Quercetin,PLACENTA-SPECIFIC ATP-BINDING CASSETTE TRANSPORTER,CHEMBL5393,CHEMBL50,IC50,6900.0,nM,5.16,ChEMBL
Quercetin,PLASMODIUM FALCIPARUM,CHEMBL364,CHEMBL50,IC50,10000.0,nM,5.0,ChEMBL
Quercetin,PLATELET-TYPE LIPOXYGENASE 12,CHEMBL3687,CHEMBL50,IC50,440.0,nM,6.36,ChEMBL
Quercetin,PLK-1,CHEMBL3024,CHEMBL50,IC50,5750.0,nM,5.24,ChEMBL
Quercetin,PLK1,CHEMBL3024,CHEMBL50,IC50,5750.0,nM,5.24,ChEMBL
Quercetin,PMW1,CHEMBL3594,CHEMBL50,Ki,7000.0,nM,5.16,ChEMBL
Quercetin,PN-II,CHEMBL2487,CHEMBL50,IC50,7940.0,nM,5.1,ChEMBL
Quercetin,PNLIP,CHEMBL1812,CHEMBL50,IC50,1530.0,nM,5.82,ChEMBL
Quercetin,POL,CHEMBL4523582,CHEMBL50,IC50,6900.0,nM,5.16,ChEMBL
Quercetin,POLB,CHEMBL2392,CHEMBL50,Potency,199.5,nM,6.7,ChEMBL
Quercetin,POLH,CHEMBL5542,CHEMBL50,Potency,794.3,nM,,ChEMBL
Quercetin,POLI,CHEMBL5391,CHEMBL50,Potency,562.3,nM,,ChEMBL
Quercetin,POLK,CHEMBL5365,CHEMBL50,Potency,946.6,nM,,ChEMBL
Quercetin,POLO-LIKE KINASE 1,CHEMBL3024,CHEMBL50,IC50,5750.0,nM,5.24,ChEMBL
Quercetin,POLYMERASE,CHEMBL2392,CHEMBL50,Potency,199.5,nM,6.7,ChEMBL
Quercetin,POLYPHOSPHATE,CHEMBL4523401,CHEMBL50,IC50,2300.0,nM,5.64,ChEMBL
Quercetin,POLYPROTEIN,CHEMBL4523582,CHEMBL50,IC50,6900.0,nM,5.16,ChEMBL
Quercetin,POLYUNSATURATED,CHEMBL312,CHEMBL50,IC50,300.0,nM,6.52,ChEMBL
Quercetin,POLYUNSATURATED FATTY ACID 5-LIPOXYGENASE,CHEMBL312,CHEMBL50,IC50,300.0,nM,6.52,ChEMBL
Quercetin,POLYUNSATURATED FATTY ACID LIPOXYGENASE ALOX12,CHEMBL3687,CHEMBL50,IC50,440.0,nM,6.36,ChEMBL
Quercetin,POLYUNSATURATED FATTY ACID LIPOXYGENASE ALOX15,CHEMBL4358,CHEMBL50,IC50,430.0,nM,6.37,ChEMBL
Quercetin,POTENTIAL,CHEMBL1250411,CHEMBL50,IC50,6500.0,nM,5.19,ChEMBL
Quercetin,PP125FAK,CHEMBL2695,CHEMBL50,IC50,1200.0,nM,5.92,ChEMBL
Quercetin,PP1AB,CHEMBL4523582,CHEMBL50,IC50,6900.0,nM,5.16,ChEMBL
Quercetin,PP60C-SRC,CHEMBL267,CHEMBL50,IC50,120.0,nM,6.92,ChEMBL
Quercetin,PPIASE PIN1,CHEMBL2288,CHEMBL50,Potency,2685.5,nM,,ChEMBL
Quercetin,PPP1R71,CHEMBL2695,CHEMBL50,IC50,1200.0,nM,5.92,ChEMBL
Quercetin,PR160GAG-POL,CHEMBL3471,CHEMBL50,IC50,8000.0,nM,5.1,ChEMBL
Quercetin,PREA4,CHEMBL2487,CHEMBL50,IC50,7940.0,nM,5.1,ChEMBL
Quercetin,PRECURSOR,CHEMBL2487,CHEMBL50,IC50,7940.0,nM,5.1,ChEMBL
Quercetin,PRETRYPSINOGEN I,CHEMBL3769,CHEMBL50,IC50,7100.0,nM,5.15,ChEMBL
Quercetin,PROBABLE MALTASE-GLUCOAMYLASE 2,CHEMBL3833502,CHEMBL50,IC50,7800.0,nM,5.11,ChEMBL
Quercetin,PROOFREADING EXORIBONUCLEASE NSP14,CHEMBL4523582,CHEMBL50,IC50,6900.0,nM,5.16,ChEMBL
Quercetin,PROSTAGLANDIN DEHYDROGENASE 1,CHEMBL1293255,CHEMBL50,Potency,8912.5,nM,5.05,ChEMBL
Quercetin,PROTEASE,CHEMBL3769,CHEMBL50,IC50,7100.0,nM,5.15,ChEMBL
Quercetin,PROTEASE NEXIN-II,CHEMBL2487,CHEMBL50,IC50,7940.0,nM,5.1,ChEMBL
Quercetin,PROTEASE-ACTIVATED KINASE 1,CHEMBL3384,CHEMBL50,IC50,5800.0,nM,5.24,ChEMBL
Quercetin,PROTEASOME,CHEMBL4662,CHEMBL50,IC50,2000.0,nM,5.7,ChEMBL
Quercetin,PROTEASOME CHAIN 6,CHEMBL4662,CHEMBL50,IC50,2000.0,nM,5.7,ChEMBL
Quercetin,PROTEASOME EPSILON CHAIN,CHEMBL4662,CHEMBL50,IC50,2000.0,nM,5.7,ChEMBL
Quercetin,PROTEASOME SUBUNIT BETA TYPE-5,CHEMBL4662,CHEMBL50,IC50,2000.0,nM,5.7,ChEMBL
Quercetin,PROTEASOME SUBUNIT BETA-5,CHEMBL4662,CHEMBL50,IC50,2000.0,nM,5.7,ChEMBL
Quercetin,PROTEASOME SUBUNIT MB1,CHEMBL4662,CHEMBL50,IC50,2000.0,nM,5.7,ChEMBL
Quercetin,PROTEASOME SUBUNIT X,CHEMBL4662,CHEMBL50,IC50,2000.0,nM,5.7,ChEMBL
Quercetin,PROTEIN,CHEMBL1865,CHEMBL50,IC50,816.6,nM,6.09,ChEMBL
Quercetin,PROTEIN DEACETYLASE HDAC6,CHEMBL1865,CHEMBL50,IC50,816.6,nM,6.09,ChEMBL
Quercetin,PROTEIN G5A,CHEMBL3832943,CHEMBL50,IC50,550.0,nM,6.26,ChEMBL
Quercetin,PROTEIN KINASE B,CHEMBL4282,CHEMBL50,IC50,5390.0,nM,5.27,ChEMBL
Quercetin,PROTEIN KINASE B ALPHA,CHEMBL4282,CHEMBL50,IC50,5390.0,nM,5.27,ChEMBL
Quercetin,PROTEIN KINASE C-LIKE 1,CHEMBL3384,CHEMBL50,IC50,5800.0,nM,5.24,ChEMBL
Quercetin,PROTEIN KINASE C-LIKE PKN,CHEMBL3384,CHEMBL50,IC50,5800.0,nM,5.24,ChEMBL
Quercetin,PROTEIN KINASE PKN-ALPHA,CHEMBL3384,CHEMBL50,IC50,5800.0,nM,5.24,ChEMBL
Quercetin,PROTEIN KINASE SID6-1512,CHEMBL4309,CHEMBL50,IC50,4230.0,nM,5.37,ChEMBL
Quercetin,PROTEIN LEGLESS HOMOLOG,CHEMBL3885525,CHEMBL50,IC50,10080.0,nM,5.0,ChEMBL
Quercetin,PROTEIN MONO-ADP-RIBOSYLTRANSFERASE SIRTUIN-6,CHEMBL2163182,CHEMBL50,IC50,1900.0,nM,5.72,ChEMBL
Quercetin,PROTEIN PHOSPHATASE 1 REGULATORY SUBUNIT 71,CHEMBL2695,CHEMBL50,IC50,1200.0,nM,5.92,ChEMBL
Quercetin,PROTEIN-KINASE C-RELATED KINASE 1,CHEMBL3384,CHEMBL50,IC50,5800.0,nM,5.24,ChEMBL
Quercetin,PROTEIN-TYROSINE KINASE 2,CHEMBL2695,CHEMBL50,IC50,1200.0,nM,5.92,ChEMBL
Quercetin,PROTEIN-TYROSINE KINASE RECEPTOR FLK-1,CHEMBL279,CHEMBL50,IC50,280.0,nM,6.55,ChEMBL
Quercetin,PROTHROMBIN,CHEMBL204,CHEMBL50,Kd,38.7,nM,7.41,ChEMBL
Quercetin,PROTO-ONCOGENE B-RAF,CHEMBL5145,CHEMBL50,IC50,7589.0,nM,5.12,ChEMBL
Quercetin,PROTO-ONCOGENE C-AKT,CHEMBL4282,CHEMBL50,IC50,5390.0,nM,5.27,ChEMBL
Quercetin,PROTO-ONCOGENE C-ERBB-1,CHEMBL203,CHEMBL50,IC50,900.0,nM,6.05,ChEMBL
Quercetin,PROTO-ONCOGENE C-MET,CHEMBL3717,CHEMBL50,IC50,580.0,nM,6.24,ChEMBL
Quercetin,PROTO-ONCOGENE C-SRC,CHEMBL267,CHEMBL50,IC50,120.0,nM,6.92,ChEMBL
Quercetin,PROTO-ONCOGENE C-YES,CHEMBL2073,CHEMBL50,Ki,472.0,nM,6.33,ChEMBL
Quercetin,PROTO-ONCOGENE TYROSINE-PROTEIN KINASE SRC,CHEMBL267,CHEMBL50,IC50,120.0,nM,6.92,ChEMBL
Quercetin,PRSS1,CHEMBL3769,CHEMBL50,IC50,7100.0,nM,5.15,ChEMBL
Quercetin,PSMB5,CHEMBL4662,CHEMBL50,IC50,2000.0,nM,5.7,ChEMBL
Quercetin,PST-1,CHEMBL4886,CHEMBL50,IC50,290.0,nM,6.54,ChEMBL
Quercetin,PTDINS-3-KINASE REGULATORY SUBUNIT ALPHA,CHEMBL2506,CHEMBL50,IC50,3800.0,nM,5.42,ChEMBL
Quercetin,PTDINS-3-KINASE REGULATORY SUBUNIT P85-ALPHA,CHEMBL2506,CHEMBL50,IC50,3800.0,nM,5.42,ChEMBL
Quercetin,PTK2,CHEMBL2695,CHEMBL50,IC50,1200.0,nM,5.92,ChEMBL
Quercetin,PTL,CHEMBL1812,CHEMBL50,IC50,1530.0,nM,5.82,ChEMBL
Quercetin,PYGL,CHEMBL2568,CHEMBL50,IC50,4800.0,nM,5.32,ChEMBL
Quercetin,QUININE 3-MONOOXYGENASE,CHEMBL340,CHEMBL50,Potency,6309.6,nM,5.2,ChEMBL
Quercetin,RAC-ALPHA SERINE/THREONINE-PROTEIN KINASE,CHEMBL4282,CHEMBL50,IC50,5390.0,nM,5.27,ChEMBL
Quercetin,RAC-PK-ALPHA,CHEMBL4282,CHEMBL50,IC50,5390.0,nM,5.27,ChEMBL
Quercetin,RAD30 HOMOLOG A,CHEMBL5542,CHEMBL50,Potency,794.3,nM,,ChEMBL
Quercetin,RAD30 HOMOLOG B,CHEMBL5391,CHEMBL50,Potency,562.3,nM,,ChEMBL
Quercetin,RADICAL SCAVENGING ACTIVITY,CHEMBL613712,CHEMBL50,EC50,5500.0,nM,5.26,ChEMBL
Quercetin,RATTUS NORVEGICUS,CHEMBL376,CHEMBL50,IC50,8500.0,nM,5.07,ChEMBL
Quercetin,RAW264.7,CHEMBL612557,CHEMBL50,IC50,9600.0,nM,5.02,ChEMBL
Quercetin,RCC-ASSOCIATED ANTIGEN G250,CHEMBL3594,CHEMBL50,Ki,7000.0,nM,5.16,ChEMBL
Quercetin,RDRP,CHEMBL4523582,CHEMBL50,IC50,6900.0,nM,5.16,ChEMBL
Quercetin,RECEPTOR,CHEMBL5162,CHEMBL50,Potency,158.5,nM,6.8,ChEMBL
Quercetin,RECEPTOR TYROSINE-PROTEIN KINASE ERBB-1,CHEMBL203,CHEMBL50,IC50,900.0,nM,6.05,ChEMBL
Quercetin,RECEPTOR-TYPE TYROSINE-PROTEIN KINASE FLT3,CHEMBL1974,CHEMBL50,IC50,590.0,nM,6.23,ChEMBL
Quercetin,RECQ PROTEIN-LIKE 1,CHEMBL1293236,CHEMBL50,Potency,1000.0,nM,6.0,ChEMBL
Quercetin,RECQ1,CHEMBL1293236,CHEMBL50,Potency,1000.0,nM,6.0,ChEMBL
Quercetin,RECQL,CHEMBL1293236,CHEMBL50,Potency,1000.0,nM,6.0,ChEMBL
Quercetin,REDOX FACTOR-1,CHEMBL5619,CHEMBL50,Potency,1412.5,nM,,ChEMBL
Quercetin,REDUCTASE,CHEMBL4150,CHEMBL50,IC50,1500.0,nM,5.82,ChEMBL
Quercetin,REF-1,CHEMBL5619,CHEMBL50,Potency,1412.5,nM,,ChEMBL
Quercetin,REGULATOR,CHEMBL5619,CHEMBL50,Potency,1412.5,nM,,ChEMBL
Quercetin,REGULATORY,CHEMBL2506,CHEMBL50,IC50,3800.0,nM,5.42,ChEMBL
Quercetin,REGULATORY PROTEIN SIR2 HOMOLOG 6,CHEMBL2163182,CHEMBL50,IC50,1900.0,nM,5.72,ChEMBL
Quercetin,RENAL CELL CARCINOMA-ASSOCIATED ANTIGEN G250,CHEMBL3594,CHEMBL50,Ki,7000.0,nM,5.16,ChEMBL
Quercetin,RENAL NAD(P)H-OXIDASE,CHEMBL1250375,CHEMBL50,IC50,680.0,nM,6.17,ChEMBL
Quercetin,RENAL-TYPE ARGININE VASOPRESSIN RECEPTOR,CHEMBL1790,CHEMBL50,IC50,7000.0,nM,5.16,ChEMBL
Quercetin,REP,CHEMBL4523582,CHEMBL50,IC50,6900.0,nM,5.16,ChEMBL
Quercetin,REPAIR,CHEMBL5619,CHEMBL50,Potency,1412.5,nM,,ChEMBL
Quercetin,REPLICASE,CHEMBL4523582,CHEMBL50,IC50,6900.0,nM,5.16,ChEMBL
Quercetin,REPLICASE POLYPROTEIN 1AB,CHEMBL4523582,CHEMBL50,IC50,6900.0,nM,5.16,ChEMBL
Quercetin,RETICULUM,CHEMBL4693,CHEMBL50,IC50,9000.0,nM,5.05,ChEMBL
Quercetin,RNA-CAPPING ENZYME SUBUNIT NSP9,CHEMBL4523582,CHEMBL50,IC50,6900.0,nM,5.16,ChEMBL
Quercetin,RNA-DIRECTED RNA POLYMERASE NSP12,CHEMBL4523582,CHEMBL50,IC50,6900.0,nM,5.16,ChEMBL
Quercetin,ROTAMASE PIN1,CHEMBL2288,CHEMBL50,Potency,2685.5,nM,,ChEMBL
Quercetin,S-APP-ALPHA,CHEMBL2487,CHEMBL50,IC50,7940.0,nM,5.1,ChEMBL
Quercetin,S-APP-BETA,CHEMBL2487,CHEMBL50,IC50,7940.0,nM,5.1,ChEMBL
Quercetin,S-D-LACTOYLGLUTATHIONE METHYLGLYOXAL LYASE,CHEMBL2424,CHEMBL50,IC50,3200.0,nM,5.5,ChEMBL
Quercetin,S-MEPHENYTOIN 4-HYDROXYLASE,CHEMBL3721,CHEMBL50,IC50,1390.0,nM,5.86,ChEMBL
Quercetin,S-NITROSO-COA REDUCTASE,CHEMBL3871,CHEMBL50,IC50,2320.0,nM,5.63,ChEMBL
Quercetin,SALIVARY ALPHA-AMYLASE,CHEMBL6066863,CHEMBL50,IC50,8210.0,nM,5.09,ChEMBL
Quercetin,SALIVARY CARBONIC ANHYDRASE,CHEMBL3025,CHEMBL50,Ki,6170.0,nM,5.21,ChEMBL
Quercetin,SARCOPLASMIC/ENDOPLASMIC RETICULUM CALCIUM ATPASE 1,CHEMBL4693,CHEMBL50,IC50,9000.0,nM,5.05,ChEMBL
Quercetin,SARS CORONAVIRUS MAIN PROTEINASE,CHEMBL4523582,CHEMBL50,IC50,6900.0,nM,5.16,ChEMBL
Quercetin,SARS-COV-2,CHEMBL4303835,CHEMBL50,EC50,2400.0,nM,5.62,ChEMBL
Quercetin,SCATTER FACTOR RECEPTOR,CHEMBL3717,CHEMBL50,IC50,580.0,nM,6.24,ChEMBL
Quercetin,SCORR,CHEMBL3871,CHEMBL50,IC50,2320.0,nM,5.63,ChEMBL
Quercetin,SECRETED CARBONIC ANHYDRASE,CHEMBL3025,CHEMBL50,Ki,6170.0,nM,5.21,ChEMBL
Quercetin,SERCA1,CHEMBL4693,CHEMBL50,IC50,9000.0,nM,5.05,ChEMBL
Quercetin,SERINE,CHEMBL3769,CHEMBL50,IC50,7100.0,nM,5.15,ChEMBL
Quercetin,SERINE PROTEASE 1,CHEMBL3769,CHEMBL50,IC50,7100.0,nM,5.15,ChEMBL
Quercetin,SERINE-THREONINE PROTEIN KINASE N,CHEMBL3384,CHEMBL50,IC50,5800.0,nM,5.24,ChEMBL
Quercetin,SERINE/THREONINE-PROTEIN KINASE 12,CHEMBL2185,CHEMBL50,IC50,910.0,nM,6.04,ChEMBL
Quercetin,SERINE/THREONINE-PROTEIN KINASE 13,CHEMBL3024,CHEMBL50,IC50,5750.0,nM,5.24,ChEMBL
Quercetin,SERINE/THREONINE-PROTEIN KINASE 5,CHEMBL2185,CHEMBL50,IC50,910.0,nM,6.04,ChEMBL
Quercetin,SERINE/THREONINE-PROTEIN KINASE AURORA-B,CHEMBL2185,CHEMBL50,IC50,910.0,nM,6.04,ChEMBL
Quercetin,SERINE/THREONINE-PROTEIN KINASE B-RAF,CHEMBL5145,CHEMBL50,IC50,7589.0,nM,5.12,ChEMBL
Quercetin,SERINE/THREONINE-PROTEIN KINASE GSK3A,CHEMBL2095188,CHEMBL50,IC50,2100.0,nM,5.68,ChEMBL
Quercetin,SERINE/THREONINE-PROTEIN KINASE GSK3B,CHEMBL262,CHEMBL50,IC50,2000.0,nM,5.7,ChEMBL
Quercetin,SERINE/THREONINE-PROTEIN KINASE N1,CHEMBL3384,CHEMBL50,IC50,5800.0,nM,5.24,ChEMBL
Quercetin,SERINE/THREONINE-PROTEIN KINASE NEK2,CHEMBL3835,CHEMBL50,IC50,5730.0,nM,5.24,ChEMBL
Quercetin,SERINE/THREONINE-PROTEIN KINASE NEK6,CHEMBL4309,CHEMBL50,IC50,4230.0,nM,5.37,ChEMBL
Quercetin,SERINE/THREONINE-PROTEIN KINASE PIM-1,CHEMBL2147,CHEMBL50,IC50,43.0,nM,7.37,ChEMBL
Quercetin,SERINE/THREONINE-PROTEIN KINASE PLK1,CHEMBL3024,CHEMBL50,IC50,5750.0,nM,5.24,ChEMBL
Quercetin,SF RECEPTOR,CHEMBL3717,CHEMBL50,IC50,580.0,nM,6.24,ChEMBL
Quercetin,SH-SY5Y,CHEMBL614910,CHEMBL50,IC50,5600.0,nM,5.25,ChEMBL
Quercetin,SHORT,CHEMBL1250411,CHEMBL50,IC50,6500.0,nM,5.19,ChEMBL
Quercetin,SHORT CHAIN DEHYDROGENASE/REDUCTASE FAMILY 36C MEMBER 1,CHEMBL1293255,CHEMBL50,Potency,8912.5,nM,5.05,ChEMBL
Quercetin,SHORT CHAIN DEHYDROGENASE/REDUCTASE FAMILY 5C MEMBER 1,CHEMBL4159,CHEMBL50,Potency,7943.3,nM,5.1,ChEMBL
Quercetin,SHORT CHAIN DEHYDROGENASE/REDUCTASE FAMILY 9C MEMBER 2,CHEMBL2789,CHEMBL50,IC50,1540.0,nM,5.81,ChEMBL
Quercetin,SHORT TRANSIENT RECEPTOR POTENTIAL CHANNEL 5,CHEMBL1250411,CHEMBL50,IC50,6500.0,nM,5.19,ChEMBL
Quercetin,SHORT-CHAIN TYPE DEHYDROGENASE/REDUCTASE XH98G2,CHEMBL4159,CHEMBL50,Potency,7943.3,nM,5.1,ChEMBL
Quercetin,SI,CHEMBL3833502,CHEMBL50,IC50,7800.0,nM,5.11,ChEMBL
Quercetin,SI REDUCTASE,CHEMBL5983,CHEMBL50,IC50,1900.0,nM,5.72,ChEMBL
Quercetin,SIALIDASE,CHEMBL5189,CHEMBL50,IC50,2700.0,nM,5.57,ChEMBL
Quercetin,SIGNAL,CHEMBL5401,CHEMBL50,Potency,2511.9,nM,5.6,ChEMBL
Quercetin,SIGNAL TRANSDUCER AND ACTIVATOR OF TRANSCRIPTION 6,CHEMBL5401,CHEMBL50,Potency,2511.9,nM,5.6,ChEMBL
Quercetin,SIR2-LIKE PROTEIN 6,CHEMBL2163182,CHEMBL50,IC50,1900.0,nM,5.72,ChEMBL
Quercetin,SIRT6,CHEMBL2163182,CHEMBL50,IC50,1900.0,nM,5.72,ChEMBL
Quercetin,SK 1,CHEMBL4394,CHEMBL50,IC50,2800.0,nM,5.55,ChEMBL
Quercetin,SK-MEL-2,CHEMBL614917,CHEMBL50,IC50,10000.0,nM,,ChEMBL
Quercetin,SK-OV-3,CHEMBL614925,CHEMBL50,IC50,10000.0,nM,,ChEMBL
Quercetin,SL-1,CHEMBL283,CHEMBL50,IC50,5570.0,nM,5.25,ChEMBL
Quercetin,SLC16A7,CHEMBL2073718,CHEMBL50,IC50,5000.0,nM,5.3,ChEMBL
Quercetin,SLCO2B1,CHEMBL1743124,CHEMBL50,IC50,7300.0,nM,5.14,ChEMBL
Quercetin,SMALL INTESTINE REDUCTASE,CHEMBL5983,CHEMBL50,IC50,1900.0,nM,5.72,ChEMBL
Quercetin,SOLUBLE APP-ALPHA,CHEMBL2487,CHEMBL50,IC50,7940.0,nM,5.1,ChEMBL
Quercetin,SOLUBLE APP-BETA,CHEMBL2487,CHEMBL50,IC50,7940.0,nM,5.1,ChEMBL
Quercetin,SOLUTE,CHEMBL1743124,CHEMBL50,IC50,7300.0,nM,5.14,ChEMBL
Quercetin,SOLUTE CARRIER FAMILY 16 MEMBER 7,CHEMBL2073718,CHEMBL50,IC50,5000.0,nM,5.3,ChEMBL
Quercetin,SOLUTE CARRIER FAMILY 21 MEMBER 9,CHEMBL1743124,CHEMBL50,IC50,7300.0,nM,5.14,ChEMBL
Quercetin,SOLUTE CARRIER ORGANIC ANION TRANSPORTER FAMILY MEMBER 2B1,CHEMBL1743124,CHEMBL50,IC50,7300.0,nM,5.14,ChEMBL
Quercetin,SPECIFICITY,CHEMBL5393,CHEMBL50,IC50,6900.0,nM,5.16,ChEMBL
Quercetin,SPHINGOSINE,CHEMBL4394,CHEMBL50,IC50,2800.0,nM,5.55,ChEMBL
Quercetin,SPHINGOSINE KINASE 1,CHEMBL4394,CHEMBL50,IC50,2800.0,nM,5.55,ChEMBL
Quercetin,SPHK1,CHEMBL4394,CHEMBL50,IC50,2800.0,nM,5.55,ChEMBL
Quercetin,SPK 1,CHEMBL4394,CHEMBL50,IC50,2800.0,nM,5.55,ChEMBL
Quercetin,SR CA(2+)-ATPASE 1,CHEMBL4693,CHEMBL50,IC50,9000.0,nM,5.05,ChEMBL
Quercetin,SRC,CHEMBL267,CHEMBL50,IC50,120.0,nM,6.92,ChEMBL
Quercetin,ST1A1,CHEMBL4886,CHEMBL50,IC50,290.0,nM,6.54,ChEMBL
Quercetin,STAT6,CHEMBL5401,CHEMBL50,Potency,2511.9,nM,5.6,ChEMBL
Quercetin,STEM CELL TYROSINE KINASE 1,CHEMBL1974,CHEMBL50,IC50,590.0,nM,6.23,ChEMBL
Quercetin,STK-1,CHEMBL1974,CHEMBL50,IC50,590.0,nM,6.23,ChEMBL
Quercetin,STPK13,CHEMBL3024,CHEMBL50,IC50,5750.0,nM,5.24,ChEMBL
Quercetin,STROMELYSIN-1,CHEMBL283,CHEMBL50,IC50,5570.0,nM,5.25,ChEMBL
Quercetin,SUBSTRATE,CHEMBL5393,CHEMBL50,IC50,6900.0,nM,5.16,ChEMBL
Quercetin,SUBUNIT,CHEMBL3629,CHEMBL50,Ki,1180.0,nM,5.93,ChEMBL
Quercetin,SUCRASE,CHEMBL3833502,CHEMBL50,IC50,7800.0,nM,5.11,ChEMBL
Quercetin,"SUCRASE-ISOMALTASE, INTESTINAL",CHEMBL3833502,CHEMBL50,IC50,7800.0,nM,5.11,ChEMBL
Quercetin,SULFOKINASE,CHEMBL4886,CHEMBL50,IC50,290.0,nM,6.54,ChEMBL
Quercetin,SULFOTRANSFERASE 1A1,CHEMBL4886,CHEMBL50,IC50,290.0,nM,6.54,ChEMBL
Quercetin,SULT1A1,CHEMBL4886,CHEMBL50,IC50,290.0,nM,6.54,ChEMBL
Quercetin,SYNTHASE,CHEMBL262,CHEMBL50,IC50,2000.0,nM,5.7,ChEMBL
Quercetin,T-CELL ACTIVATION ANTIGEN CD26,CHEMBL284,CHEMBL50,IC50,2920.0,nM,5.54,ChEMBL
Quercetin,TAU,CHEMBL1293224,CHEMBL50,Potency,5011.9,nM,5.3,ChEMBL
Quercetin,TBE-1,CHEMBL333,CHEMBL50,IC50,6680.0,nM,5.17,ChEMBL
Quercetin,TDP1,CHEMBL1075138,CHEMBL50,Potency,5804.8,nM,,ChEMBL
Quercetin,TESTOSTERONE 17-BETA-DEHYDROGENASE,CHEMBL2789,CHEMBL50,IC50,1540.0,nM,5.81,ChEMBL
Quercetin,THROMBIN HEAVY CHAIN,CHEMBL204,CHEMBL50,Kd,38.7,nM,7.41,ChEMBL
Quercetin,THROMBIN LIGHT CHAIN,CHEMBL204,CHEMBL50,Kd,38.7,nM,7.41,ChEMBL
Quercetin,THYMIDYLATE 5'-PHOSPHATASE,CHEMBL1075214,CHEMBL50,Ki,45.3,nM,7.34,ChEMBL
Quercetin,THYROID-STIMULATING HORMONE RECEPTOR,CHEMBL1963,CHEMBL50,Potency,10000.0,nM,5.0,ChEMBL
Quercetin,THYROTROPIN,CHEMBL1963,CHEMBL50,Potency,10000.0,nM,5.0,ChEMBL
Quercetin,THYROTROPIN RECEPTOR,CHEMBL1963,CHEMBL50,Potency,10000.0,nM,5.0,ChEMBL
Quercetin,TP103,CHEMBL284,CHEMBL50,IC50,2920.0,nM,5.54,ChEMBL
Quercetin,TP53,CHEMBL4096,CHEMBL50,Potency,1000.0,nM,6.0,ChEMBL
Quercetin,TRANSCRIPTION,CHEMBL5401,CHEMBL50,Potency,2511.9,nM,5.6,ChEMBL
Quercetin,TRANSDUCER,CHEMBL5401,CHEMBL50,Potency,2511.9,nM,5.6,ChEMBL
Quercetin,TRANSIENT,CHEMBL1250411,CHEMBL50,IC50,6500.0,nM,5.19,ChEMBL
Quercetin,TRANSIENT RECEPTOR PROTEIN 5,CHEMBL1250411,CHEMBL50,IC50,6500.0,nM,5.19,ChEMBL
Quercetin,TRANSIN-1,CHEMBL283,CHEMBL50,IC50,5570.0,nM,5.25,ChEMBL
Quercetin,TRANSLOCASE,CHEMBL4302,CHEMBL50,Kd,7079.46,nM,5.15,ChEMBL
Quercetin,TRANSPORTER,CHEMBL2073718,CHEMBL50,IC50,5000.0,nM,5.3,ChEMBL
Quercetin,TRIACYLGLYCEROL,CHEMBL1812,CHEMBL50,IC50,1530.0,nM,5.82,ChEMBL
Quercetin,TRITHORAX-LIKE PROTEIN,CHEMBL2093861,CHEMBL50,Potency,10000.0,nM,5.0,ChEMBL
Quercetin,TRNA N1-METHYL ADENINE DEMETHYLASE FTO,CHEMBL2331065,CHEMBL50,IC50,9500.0,nM,5.02,ChEMBL
Quercetin,TRP-5,CHEMBL1250411,CHEMBL50,IC50,6500.0,nM,5.19,ChEMBL
Quercetin,TRPC5,CHEMBL1250411,CHEMBL50,IC50,6500.0,nM,5.19,ChEMBL
Quercetin,TRYPSIN I,CHEMBL3769,CHEMBL50,IC50,7100.0,nM,5.15,ChEMBL
Quercetin,TRYPSIN-I,CHEMBL3769,CHEMBL50,IC50,7100.0,nM,5.15,ChEMBL
Quercetin,TSH-R,CHEMBL1963,CHEMBL50,Potency,10000.0,nM,5.0,ChEMBL
Quercetin,TSHR,CHEMBL1963,CHEMBL50,Potency,10000.0,nM,5.0,ChEMBL
Quercetin,TUBULIN-LYSINE DEACETYLASE HDAC6,CHEMBL1865,CHEMBL50,IC50,816.6,nM,6.09,ChEMBL
Quercetin,TUMOR,CHEMBL4096,CHEMBL50,Potency,1000.0,nM,6.0,ChEMBL
Quercetin,TUMOR ANTIGEN HOM-RCC-3.1.3,CHEMBL3242,CHEMBL50,Ki,9390.0,nM,5.03,ChEMBL
Quercetin,TUMOR SUPPRESSOR P53,CHEMBL4096,CHEMBL50,Potency,1000.0,nM,6.0,ChEMBL
Quercetin,TYPE,CHEMBL2789,CHEMBL50,IC50,1540.0,nM,5.81,ChEMBL
Quercetin,TYPE II HADH,CHEMBL4159,CHEMBL50,Potency,7943.3,nM,5.1,ChEMBL
Quercetin,TYR-DNA PHOSPHODIESTERASE 1,CHEMBL1075138,CHEMBL50,Potency,5804.8,nM,,ChEMBL
Quercetin,TYROSINE,CHEMBL4247,CHEMBL50,IC50,3320.0,nM,5.48,ChEMBL
Quercetin,TYROSINE-ESTER SULFOTRANSFERASE,CHEMBL4886,CHEMBL50,IC50,290.0,nM,6.54,ChEMBL
Quercetin,TYROSINE-PROTEIN KINASE MET,CHEMBL3717,CHEMBL50,IC50,580.0,nM,6.24,ChEMBL
Quercetin,TYROSINE-PROTEIN KINASE RECEPTOR UFO,CHEMBL4895,CHEMBL50,IC50,960.0,nM,6.02,ChEMBL
Quercetin,TYROSINE-PROTEIN KINASE YES,CHEMBL2073,CHEMBL50,Ki,472.0,nM,6.33,ChEMBL
Quercetin,TYROSYL-DNA PHOSPHODIESTERASE 1,CHEMBL1075138,CHEMBL50,Potency,5804.8,nM,,ChEMBL
Quercetin,U6 SMALL NUCLEAR RNA (2'-O-METHYLADENOSINE-N(6)-)-DEMETHYLASE FTO,CHEMBL2331065,CHEMBL50,IC50,9500.0,nM,5.02,ChEMBL
Quercetin,U6 SMALL NUCLEAR RNA N(6)-METHYLADENOSINE-DEMETHYLASE FTO,CHEMBL2331065,CHEMBL50,IC50,9500.0,nM,5.02,ChEMBL
Quercetin,UFO,CHEMBL4895,CHEMBL50,IC50,960.0,nM,6.02,ChEMBL
Quercetin,UNCHECKED,CHEMBL612545,CHEMBL50,IC50,950.0,nM,6.02,ChEMBL
Quercetin,URATE EXPORTER,CHEMBL5393,CHEMBL50,IC50,6900.0,nM,5.16,ChEMBL
Quercetin,UREA,CHEMBL3885651,CHEMBL50,Ki,9340.0,nM,5.03,ChEMBL
Quercetin,UREA AMIDOHYDROLASE SUBUNIT ALPHA,CHEMBL3885651,CHEMBL50,Ki,9340.0,nM,5.03,ChEMBL
Quercetin,UREA AMIDOHYDROLASE SUBUNIT BETA,CHEMBL3885651,CHEMBL50,Ki,9340.0,nM,5.03,ChEMBL
Quercetin,UREASE SUBUNIT ALPHA,CHEMBL3885651,CHEMBL50,Ki,9340.0,nM,5.03,ChEMBL
Quercetin,UREASE SUBUNIT BETA,CHEMBL3885651,CHEMBL50,Ki,9340.0,nM,5.03,ChEMBL
Quercetin,UREB,CHEMBL3885651,CHEMBL50,Ki,9340.0,nM,5.03,ChEMBL
Quercetin,URIDYLATE-SPECIFIC ENDORIBONUCLEASE NSP15,CHEMBL4523582,CHEMBL50,IC50,6900.0,nM,5.16,ChEMBL
Quercetin,V-RAF MURINE SARCOMA VIRAL ONCOGENE HOMOLOG B1,CHEMBL5145,CHEMBL50,IC50,7589.0,nM,5.12,ChEMBL
Quercetin,V2R,CHEMBL1790,CHEMBL50,IC50,7000.0,nM,5.16,ChEMBL
Quercetin,VASCULAR,CHEMBL279,CHEMBL50,IC50,280.0,nM,6.55,ChEMBL
Quercetin,VASCULAR ENDOTHELIAL GROWTH FACTOR RECEPTOR 2,CHEMBL279,CHEMBL50,IC50,280.0,nM,6.55,ChEMBL
Quercetin,VASOPRESSIN,CHEMBL1790,CHEMBL50,IC50,7000.0,nM,5.16,ChEMBL
Quercetin,VASOPRESSIN V2 RECEPTOR,CHEMBL1790,CHEMBL50,IC50,7000.0,nM,5.16,ChEMBL
Quercetin,VEGFR-2,CHEMBL279,CHEMBL50,IC50,280.0,nM,6.55,ChEMBL
Quercetin,VIRAL PROTEIN GENOME-LINKED NSP9,CHEMBL4523582,CHEMBL50,IC50,6900.0,nM,5.16,ChEMBL
Quercetin,XANTHINE,CHEMBL3649,CHEMBL50,Ki,1200.0,nM,5.92,ChEMBL
Quercetin,XANTHINE DEHYDROGENASE,CHEMBL3649,CHEMBL50,Ki,1200.0,nM,5.92,ChEMBL
Quercetin,XANTHINE DEHYDROGENASE/OXIDASE,CHEMBL3649,CHEMBL50,Ki,1200.0,nM,5.92,ChEMBL
Quercetin,XANTHINE OXIDASE,CHEMBL3649,CHEMBL50,Ki,1200.0,nM,5.92,ChEMBL
Quercetin,XANTHINE OXIDOREDUCTASE,CHEMBL3649,CHEMBL50,Ki,1200.0,nM,5.92,ChEMBL
Quercetin,XDH,CHEMBL3649,CHEMBL50,Ki,1200.0,nM,5.92,ChEMBL
Quercetin,XERODERMA PIGMENTOSUM VARIANT TYPE PROTEIN,CHEMBL5542,CHEMBL50,Potency,794.3,nM,,ChEMBL
Quercetin,XOR,CHEMBL3649,CHEMBL50,Ki,1200.0,nM,5.92,ChEMBL
Quercetin,YES,CHEMBL2073,CHEMBL50,Ki,472.0,nM,6.33,ChEMBL
Quercetin,YES1,CHEMBL2073,CHEMBL50,Ki,472.0,nM,6.33,ChEMBL
Quercetin,ZINC FINGER PROTEIN HRX,CHEMBL2093861,CHEMBL50,Potency,10000.0,nM,5.0,ChEMBL
Quercetin,[HISTONE H3]-DIMETHYL-L-LYSINE(4) FAD-DEPENDENT DEMETHYLASE 1A,CHEMBL6136,CHEMBL50,IC50,1260.0,nM,5.9,ChEMBL
Quercetin,[HISTONE H3]-TRIMETHYL-L-LYSINE(9) DEMETHYLASE 4E,CHEMBL1293226,CHEMBL50,Potency,8912.5,nM,5.05,ChEMBL
RSL3,NON-PROTEIN TARGET,CHEMBL3879801,CHEMBL1951051,IC50,100.0,nM,7.0,ChEMBL
Resveratrol,(R)-LIMONENE 6-MONOOXYGENASE,CHEMBL3622,CHEMBL165,IC50,3000.0,nM,5.52,ChEMBL
Resveratrol,(S)-LIMONENE 6-MONOOXYGENASE,CHEMBL3622,CHEMBL165,IC50,3000.0,nM,5.52,ChEMBL
Resveratrol,(S)-LIMONENE 7-MONOOXYGENASE,CHEMBL3622,CHEMBL165,IC50,3000.0,nM,5.52,ChEMBL
Resveratrol,"1,4-CINEOLE 2-EXO-MONOOXYGENASE",CHEMBL340,CHEMBL165,Potency,3981.1,nM,5.4,ChEMBL
Resveratrol,"1,8-CINEOLE 2-EXO-MONOOXYGENASE",CHEMBL340,CHEMBL165,Potency,3981.1,nM,5.4,ChEMBL
Resveratrol,15-HYDROXYPROSTAGLANDIN DEHYDROGENASE [NAD(+)],CHEMBL1293255,CHEMBL165,Potency,10000.0,nM,5.0,ChEMBL
Resveratrol,15-PGDH,CHEMBL1293255,CHEMBL165,Potency,10000.0,nM,5.0,ChEMBL
Resveratrol,5-LIPOXYGENASE,CHEMBL215,CHEMBL165,IC50,4900.0,nM,5.31,ChEMBL
Resveratrol,5-LO,CHEMBL215,CHEMBL165,IC50,4900.0,nM,5.31,ChEMBL
Resveratrol,70 KDA LAMIN,CHEMBL1293235,CHEMBL165,Potency,5.0,nM,8.3,ChEMBL
Resveratrol,78 KDA GLUCOSE-REGULATED PROTEIN,CHEMBL1781865,CHEMBL165,Potency,130.9,nM,,ChEMBL
Resveratrol,A549,CHEMBL392,CHEMBL165,IC50,0.0447,nM,10.35,ChEMBL
Resveratrol,AAA,CHEMBL1741209,CHEMBL165,Potency,2908.1,nM,,ChEMBL
Resveratrol,ABETA40,CHEMBL2487,CHEMBL165,IC50,4100.0,nM,5.39,ChEMBL
Resveratrol,ABETA42,CHEMBL2487,CHEMBL165,IC50,4100.0,nM,5.39,ChEMBL
Resveratrol,ABPP,CHEMBL2487,CHEMBL165,IC50,4100.0,nM,5.39,ChEMBL
Resveratrol,ACETYLCHOLINESTERASE,CHEMBL220,CHEMBL165,IC50,5000.0,nM,,ChEMBL
Resveratrol,ACHE,CHEMBL220,CHEMBL165,IC50,5000.0,nM,,ChEMBL
Resveratrol,ACID,CHEMBL215,CHEMBL165,IC50,4900.0,nM,5.31,ChEMBL
Resveratrol,ACYLCHOLINE ACYLHYDROLASE,CHEMBL1914,CHEMBL165,IC50,5000.0,nM,,ChEMBL
Resveratrol,ADABP,CHEMBL284,CHEMBL165,IC50,0.6,nM,9.22,ChEMBL
Resveratrol,ADCP-2,CHEMBL284,CHEMBL165,IC50,0.6,nM,9.22,ChEMBL
Resveratrol,ADENOSINE DEAMINASE COMPLEXING PROTEIN 2,CHEMBL284,CHEMBL165,IC50,0.6,nM,9.22,ChEMBL
Resveratrol,AH RECEPTOR,CHEMBL4725,CHEMBL165,Ki,169.0,nM,6.77,ChEMBL
Resveratrol,AHR,CHEMBL4725,CHEMBL165,Ki,169.0,nM,6.77,ChEMBL
Resveratrol,AICD-50,CHEMBL2487,CHEMBL165,IC50,4100.0,nM,5.39,ChEMBL
Resveratrol,AICD-57,CHEMBL2487,CHEMBL165,IC50,4100.0,nM,5.39,ChEMBL
Resveratrol,AICD-59,CHEMBL2487,CHEMBL165,IC50,4100.0,nM,5.39,ChEMBL
Resveratrol,AID(50),CHEMBL2487,CHEMBL165,IC50,4100.0,nM,5.39,ChEMBL
Resveratrol,AID(57),CHEMBL2487,CHEMBL165,IC50,4100.0,nM,5.39,ChEMBL
Resveratrol,AID(59),CHEMBL2487,CHEMBL165,IC50,4100.0,nM,5.39,ChEMBL
Resveratrol,ALBENDAZOLE MONOOXYGENASE (SULFOXIDE-FORMING),CHEMBL340,CHEMBL165,Potency,3981.1,nM,5.4,ChEMBL
Resveratrol,ALBENDAZOLE SULFOXIDASE,CHEMBL340,CHEMBL165,Potency,3981.1,nM,5.4,ChEMBL
Resveratrol,ALOX5,CHEMBL215,CHEMBL165,IC50,4900.0,nM,5.31,ChEMBL
Resveratrol,ALPHA,CHEMBL4005,CHEMBL165,IC50,250.0,nM,6.6,ChEMBL
Resveratrol,ALPHA-CTF,CHEMBL2487,CHEMBL165,IC50,4100.0,nM,5.39,ChEMBL
Resveratrol,ALPHA-SECRETASE C-TERMINAL FRAGMENT,CHEMBL2487,CHEMBL165,IC50,4100.0,nM,5.39,ChEMBL
Resveratrol,ALZHEIMER DISEASE AMYLOID A4 PROTEIN HOMOLOG,CHEMBL2487,CHEMBL165,IC50,4100.0,nM,5.39,ChEMBL
Resveratrol,ALZHEIMER DISEASE AMYLOID PROTEIN,CHEMBL2487,CHEMBL165,IC50,4100.0,nM,5.39,ChEMBL
Resveratrol,AMINE,CHEMBL1951,CHEMBL165,IC50,449.0,nM,6.35,ChEMBL
Resveratrol,AMINE OXIDASE [FLAVIN-CONTAINING] A,CHEMBL1951,CHEMBL165,IC50,449.0,nM,6.35,ChEMBL
Resveratrol,AMINE OXIDASE [FLAVIN-CONTAINING] B,CHEMBL2039,CHEMBL165,IC50,5010.0,nM,5.3,ChEMBL
Resveratrol,AMINOPEPTIDASE,CHEMBL1293263,CHEMBL165,IC50,2242.0,nM,5.65,ChEMBL
Resveratrol,AMYLOID INTRACELLULAR DOMAIN 50,CHEMBL2487,CHEMBL165,IC50,4100.0,nM,5.39,ChEMBL
Resveratrol,AMYLOID INTRACELLULAR DOMAIN 57,CHEMBL2487,CHEMBL165,IC50,4100.0,nM,5.39,ChEMBL
Resveratrol,AMYLOID INTRACELLULAR DOMAIN 59,CHEMBL2487,CHEMBL165,IC50,4100.0,nM,5.39,ChEMBL
Resveratrol,AMYLOID PRECURSOR PROTEIN,CHEMBL2487,CHEMBL165,IC50,4100.0,nM,5.39,ChEMBL
Resveratrol,AMYLOID-BETA (A4) PRECURSOR PROTEIN,CHEMBL2487,CHEMBL165,IC50,4100.0,nM,5.39,ChEMBL
Resveratrol,AMYLOID-BETA A4 PROTEIN,CHEMBL2487,CHEMBL165,IC50,4100.0,nM,5.39,ChEMBL
Resveratrol,AMYLOID-BETA PRECURSOR PROTEIN,CHEMBL2487,CHEMBL165,IC50,4100.0,nM,5.39,ChEMBL
Resveratrol,AMYLOID-BETA PROTEIN 40,CHEMBL2487,CHEMBL165,IC50,4100.0,nM,5.39,ChEMBL
Resveratrol,AMYLOID-BETA PROTEIN 42,CHEMBL2487,CHEMBL165,IC50,4100.0,nM,5.39,ChEMBL
Resveratrol,ANHYDRASE,CHEMBL3594,CHEMBL165,Ki,810.0,nM,6.09,ChEMBL
Resveratrol,ANKYRIN-LIKE WITH TRANSMEMBRANE DOMAINS PROTEIN 1,CHEMBL6007,CHEMBL165,IC50,750.0,nM,6.12,ChEMBL
Resveratrol,ANTIGEN,CHEMBL4096,CHEMBL165,Potency,6309.6,nM,5.2,ChEMBL
Resveratrol,ANTIGEN NY-CO-13,CHEMBL4096,CHEMBL165,Potency,6309.6,nM,5.2,ChEMBL
Resveratrol,AORTA,CHEMBL613606,CHEMBL165,IC50,6918.31,nM,5.16,ChEMBL
Resveratrol,APP,CHEMBL2487,CHEMBL165,IC50,4100.0,nM,5.39,ChEMBL
Resveratrol,APPI,CHEMBL2487,CHEMBL165,IC50,4100.0,nM,5.39,ChEMBL
Resveratrol,ARACHIDONATE 5-LIPOXYGENASE,CHEMBL215,CHEMBL165,IC50,4900.0,nM,5.31,ChEMBL
Resveratrol,ARNT-INTERACTING PROTEIN,CHEMBL4261,CHEMBL165,Potency,10000.0,nM,5.0,ChEMBL
Resveratrol,ARSA,CHEMBL2193,CHEMBL165,Potency,379.3,nM,,ChEMBL
Resveratrol,ARYL,CHEMBL4725,CHEMBL165,Ki,169.0,nM,6.77,ChEMBL
Resveratrol,ARYL HYDROCARBON RECEPTOR,CHEMBL4725,CHEMBL165,Ki,169.0,nM,6.77,ChEMBL
Resveratrol,ARYLSULFATASE,CHEMBL2193,CHEMBL165,Potency,379.3,nM,,ChEMBL
Resveratrol,ARYLSULFATASE A,CHEMBL2193,CHEMBL165,Potency,379.3,nM,,ChEMBL
Resveratrol,ARYLSULFATASE A COMPONENT B,CHEMBL2193,CHEMBL165,Potency,379.3,nM,,ChEMBL
Resveratrol,ARYLSULFATASE A COMPONENT C,CHEMBL2193,CHEMBL165,Potency,379.3,nM,,ChEMBL
Resveratrol,ASA,CHEMBL2193,CHEMBL165,Potency,379.3,nM,,ChEMBL
Resveratrol,ASPARTYL,CHEMBL1293263,CHEMBL165,IC50,2242.0,nM,5.65,ChEMBL
Resveratrol,ASPARTYL AMINOPEPTIDASE,CHEMBL1293263,CHEMBL165,IC50,2242.0,nM,5.65,ChEMBL
Resveratrol,ATAD5,CHEMBL1741209,CHEMBL165,Potency,2908.1,nM,,ChEMBL
Resveratrol,ATAXIN-2,CHEMBL1795085,CHEMBL165,Potency,6309.6,nM,,ChEMBL
Resveratrol,ATP-DEPENDENT 6-PHOSPHOFRUCTOKINASE,CHEMBL5686,CHEMBL165,Potency,9528.3,nM,,ChEMBL
Resveratrol,ATP-PFK,CHEMBL5686,CHEMBL165,Potency,9528.3,nM,,ChEMBL
Resveratrol,ATPASE,CHEMBL1741209,CHEMBL165,Potency,2908.1,nM,,ChEMBL
Resveratrol,ATPASE FAMILY AAA DOMAIN-CONTAINING PROTEIN 5,CHEMBL1741209,CHEMBL165,Potency,2908.1,nM,,ChEMBL
Resveratrol,ATTR,CHEMBL3194,CHEMBL165,Kd,470.0,nM,6.33,ChEMBL
Resveratrol,ATXN2,CHEMBL1795085,CHEMBL165,Potency,6309.6,nM,,ChEMBL
Resveratrol,BASIC-HELIX-LOOP-HELIX-PAS PROTEIN MOP1,CHEMBL4261,CHEMBL165,Potency,10000.0,nM,5.0,ChEMBL
Resveratrol,BCHE,CHEMBL1914,CHEMBL165,IC50,5000.0,nM,,ChEMBL
Resveratrol,BETA,CHEMBL3145,CHEMBL165,IC50,500.0,nM,6.3,ChEMBL
Resveratrol,BETA-APP40,CHEMBL2487,CHEMBL165,IC50,4100.0,nM,5.39,ChEMBL
Resveratrol,BETA-APP42,CHEMBL2487,CHEMBL165,IC50,4100.0,nM,5.39,ChEMBL
Resveratrol,BETA-CTF,CHEMBL2487,CHEMBL165,IC50,4100.0,nM,5.39,ChEMBL
Resveratrol,BETA-SECRETASE C-TERMINAL FRAGMENT,CHEMBL2487,CHEMBL165,IC50,4100.0,nM,5.39,ChEMBL
Resveratrol,BHLHE78,CHEMBL4261,CHEMBL165,Potency,10000.0,nM,5.0,ChEMBL
Resveratrol,BINDING-IMMUNOGLOBULIN PROTEIN,CHEMBL1781865,CHEMBL165,Potency,130.9,nM,,ChEMBL
Resveratrol,BIP,CHEMBL1781865,CHEMBL165,Potency,130.9,nM,,ChEMBL
Resveratrol,BUTYRYLCHOLINE ESTERASE,CHEMBL1914,CHEMBL165,IC50,5000.0,nM,,ChEMBL
Resveratrol,BV-2,CHEMBL614781,CHEMBL165,IC50,9500.0,nM,5.02,ChEMBL
Resveratrol,C31,CHEMBL2487,CHEMBL165,IC50,4100.0,nM,5.39,ChEMBL
Resveratrol,C80,CHEMBL2487,CHEMBL165,IC50,4100.0,nM,5.39,ChEMBL
Resveratrol,C83,CHEMBL2487,CHEMBL165,IC50,4100.0,nM,5.39,ChEMBL
Resveratrol,C99,CHEMBL2487,CHEMBL165,IC50,4100.0,nM,5.39,ChEMBL
Resveratrol,CA-I,CHEMBL261,CHEMBL165,Ki,2210.0,nM,5.66,ChEMBL
Resveratrol,CA-II,CHEMBL205,CHEMBL165,Ki,2770.0,nM,5.56,ChEMBL
Resveratrol,CA-III,CHEMBL2885,CHEMBL165,Ki,9090.0,nM,5.04,ChEMBL
Resveratrol,CA-IV,CHEMBL3729,CHEMBL165,Ki,4470.0,nM,5.35,ChEMBL
Resveratrol,CA-IX,CHEMBL3594,CHEMBL165,Ki,810.0,nM,6.09,ChEMBL
Resveratrol,CA-VA,CHEMBL4789,CHEMBL165,Ki,4750.0,nM,5.32,ChEMBL
Resveratrol,CA-VB,CHEMBL3969,CHEMBL165,Ki,4640.0,nM,5.33,ChEMBL
Resveratrol,CA-VI,CHEMBL3025,CHEMBL165,Ki,8070.0,nM,5.09,ChEMBL
Resveratrol,CA-VII,CHEMBL2326,CHEMBL165,Ki,4350.0,nM,5.36,ChEMBL
Resveratrol,CA-XII,CHEMBL3242,CHEMBL165,Ki,950.0,nM,6.02,ChEMBL
Resveratrol,CA-XIII,CHEMBL3912,CHEMBL165,Ki,4090.0,nM,5.39,ChEMBL
Resveratrol,CA-XIV,CHEMBL3510,CHEMBL165,Ki,830.0,nM,6.08,ChEMBL
Resveratrol,CA-XV,CHEMBL5973,CHEMBL165,Ki,9360.0,nM,5.03,ChEMBL
Resveratrol,CA1,CHEMBL261,CHEMBL165,Ki,2210.0,nM,5.66,ChEMBL
Resveratrol,CA12,CHEMBL3242,CHEMBL165,Ki,950.0,nM,6.02,ChEMBL
Resveratrol,CA13,CHEMBL3912,CHEMBL165,Ki,4090.0,nM,5.39,ChEMBL
Resveratrol,CA14,CHEMBL3510,CHEMBL165,Ki,830.0,nM,6.08,ChEMBL
Resveratrol,CA15,CHEMBL5973,CHEMBL165,Ki,9360.0,nM,5.03,ChEMBL
Resveratrol,CA2,CHEMBL205,CHEMBL165,Ki,2770.0,nM,5.56,ChEMBL
Resveratrol,CA3,CHEMBL2885,CHEMBL165,Ki,9090.0,nM,5.04,ChEMBL
Resveratrol,CA4,CHEMBL3729,CHEMBL165,Ki,4470.0,nM,5.35,ChEMBL
Resveratrol,CA5A,CHEMBL4789,CHEMBL165,Ki,4750.0,nM,5.32,ChEMBL
Resveratrol,CA5B,CHEMBL3969,CHEMBL165,Ki,4640.0,nM,5.33,ChEMBL
Resveratrol,CA6,CHEMBL3025,CHEMBL165,Ki,8070.0,nM,5.09,ChEMBL
Resveratrol,CA7,CHEMBL2326,CHEMBL165,Ki,4350.0,nM,5.36,ChEMBL
Resveratrol,CA9,CHEMBL3594,CHEMBL165,Ki,810.0,nM,6.09,ChEMBL
Resveratrol,CAB,CHEMBL261,CHEMBL165,Ki,2210.0,nM,5.66,ChEMBL
Resveratrol,CAC,CHEMBL205,CHEMBL165,Ki,2770.0,nM,5.56,ChEMBL
Resveratrol,CAIX,CHEMBL3594,CHEMBL165,Ki,810.0,nM,6.09,ChEMBL
Resveratrol,CARBONATE DEHYDRATASE I,CHEMBL261,CHEMBL165,Ki,2210.0,nM,5.66,ChEMBL
Resveratrol,CARBONATE DEHYDRATASE II,CHEMBL205,CHEMBL165,Ki,2770.0,nM,5.56,ChEMBL
Resveratrol,CARBONATE DEHYDRATASE III,CHEMBL2885,CHEMBL165,Ki,9090.0,nM,5.04,ChEMBL
Resveratrol,CARBONATE DEHYDRATASE IV,CHEMBL3729,CHEMBL165,Ki,4470.0,nM,5.35,ChEMBL
Resveratrol,CARBONATE DEHYDRATASE IX,CHEMBL3594,CHEMBL165,Ki,810.0,nM,6.09,ChEMBL
Resveratrol,CARBONATE DEHYDRATASE VA,CHEMBL4789,CHEMBL165,Ki,4750.0,nM,5.32,ChEMBL
Resveratrol,CARBONATE DEHYDRATASE VB,CHEMBL3969,CHEMBL165,Ki,4640.0,nM,5.33,ChEMBL
Resveratrol,CARBONATE DEHYDRATASE VI,CHEMBL3025,CHEMBL165,Ki,8070.0,nM,5.09,ChEMBL
Resveratrol,CARBONATE DEHYDRATASE VII,CHEMBL2326,CHEMBL165,Ki,4350.0,nM,5.36,ChEMBL
Resveratrol,CARBONATE DEHYDRATASE XII,CHEMBL3242,CHEMBL165,Ki,950.0,nM,6.02,ChEMBL
Resveratrol,CARBONATE DEHYDRATASE XIII,CHEMBL3912,CHEMBL165,Ki,4090.0,nM,5.39,ChEMBL
Resveratrol,CARBONATE DEHYDRATASE XIV,CHEMBL3510,CHEMBL165,Ki,830.0,nM,6.08,ChEMBL
Resveratrol,CARBONATE DEHYDRATASE XV,CHEMBL5973,CHEMBL165,Ki,9360.0,nM,5.03,ChEMBL
Resveratrol,CARBONIC,CHEMBL3594,CHEMBL165,Ki,810.0,nM,6.09,ChEMBL
Resveratrol,CARBONIC ANHYDRASE 1,CHEMBL261,CHEMBL165,Ki,2210.0,nM,5.66,ChEMBL
Resveratrol,CARBONIC ANHYDRASE 12,CHEMBL3242,CHEMBL165,Ki,950.0,nM,6.02,ChEMBL
Resveratrol,CARBONIC ANHYDRASE 13,CHEMBL3912,CHEMBL165,Ki,4090.0,nM,5.39,ChEMBL
Resveratrol,CARBONIC ANHYDRASE 14,CHEMBL3510,CHEMBL165,Ki,830.0,nM,6.08,ChEMBL
Resveratrol,CARBONIC ANHYDRASE 15,CHEMBL5973,CHEMBL165,Ki,9360.0,nM,5.03,ChEMBL
Resveratrol,CARBONIC ANHYDRASE 2,CHEMBL205,CHEMBL165,Ki,2770.0,nM,5.56,ChEMBL
Resveratrol,CARBONIC ANHYDRASE 3,CHEMBL2885,CHEMBL165,Ki,9090.0,nM,5.04,ChEMBL
Resveratrol,CARBONIC ANHYDRASE 4,CHEMBL3729,CHEMBL165,Ki,4470.0,nM,5.35,ChEMBL
Resveratrol,"CARBONIC ANHYDRASE 5A, MITOCHONDRIAL",CHEMBL4789,CHEMBL165,Ki,4750.0,nM,5.32,ChEMBL
Resveratrol,"CARBONIC ANHYDRASE 5B, MITOCHONDRIAL",CHEMBL3969,CHEMBL165,Ki,4640.0,nM,5.33,ChEMBL
Resveratrol,CARBONIC ANHYDRASE 6,CHEMBL3025,CHEMBL165,Ki,8070.0,nM,5.09,ChEMBL
Resveratrol,CARBONIC ANHYDRASE 7,CHEMBL2326,CHEMBL165,Ki,4350.0,nM,5.36,ChEMBL
Resveratrol,CARBONIC ANHYDRASE 9,CHEMBL3594,CHEMBL165,Ki,810.0,nM,6.09,ChEMBL
Resveratrol,CARBONIC ANHYDRASE B,CHEMBL261,CHEMBL165,Ki,2210.0,nM,5.66,ChEMBL
Resveratrol,CARBONIC ANHYDRASE C,CHEMBL205,CHEMBL165,Ki,2770.0,nM,5.56,ChEMBL
Resveratrol,CARBONIC ANHYDRASE I,CHEMBL261,CHEMBL165,Ki,2210.0,nM,5.66,ChEMBL
Resveratrol,CARBONIC ANHYDRASE II,CHEMBL205,CHEMBL165,Ki,2770.0,nM,5.56,ChEMBL
Resveratrol,CARBONIC ANHYDRASE III,CHEMBL2885,CHEMBL165,Ki,9090.0,nM,5.04,ChEMBL
Resveratrol,CARBONIC ANHYDRASE IV,CHEMBL3729,CHEMBL165,Ki,4470.0,nM,5.35,ChEMBL
Resveratrol,CARBONIC ANHYDRASE IX,CHEMBL3594,CHEMBL165,Ki,810.0,nM,6.09,ChEMBL
Resveratrol,CARBONIC ANHYDRASE VA,CHEMBL4789,CHEMBL165,Ki,4750.0,nM,5.32,ChEMBL
Resveratrol,CARBONIC ANHYDRASE VB,CHEMBL3969,CHEMBL165,Ki,4640.0,nM,5.33,ChEMBL
Resveratrol,CARBONIC ANHYDRASE VI,CHEMBL3025,CHEMBL165,Ki,8070.0,nM,5.09,ChEMBL
Resveratrol,CARBONIC ANHYDRASE VII,CHEMBL2326,CHEMBL165,Ki,4350.0,nM,5.36,ChEMBL
Resveratrol,CARBONIC ANHYDRASE XII,CHEMBL3242,CHEMBL165,Ki,950.0,nM,6.02,ChEMBL
Resveratrol,CARBONIC ANHYDRASE XIII,CHEMBL3912,CHEMBL165,Ki,4090.0,nM,5.39,ChEMBL
Resveratrol,CARBONIC ANHYDRASE XIV,CHEMBL3510,CHEMBL165,Ki,830.0,nM,6.08,ChEMBL
Resveratrol,CARBONIC ANHYDRASE XV,CHEMBL5973,CHEMBL165,Ki,9360.0,nM,5.03,ChEMBL
Resveratrol,CATALYTIC,CHEMBL4005,CHEMBL165,IC50,250.0,nM,6.6,ChEMBL
Resveratrol,CATION,CHEMBL6007,CHEMBL165,IC50,750.0,nM,6.12,ChEMBL
Resveratrol,CBX1,CHEMBL1741193,CHEMBL165,Potency,0.04228,nM,,ChEMBL
Resveratrol,CCRF-CEM,CHEMBL382,CHEMBL165,IC50,900.0,nM,6.05,ChEMBL
Resveratrol,CD_ANTIGEN=CD135,CHEMBL1974,CHEMBL165,IC50,1400.0,nM,5.85,ChEMBL
Resveratrol,CD_ANTIGEN=CD26,CHEMBL284,CHEMBL165,IC50,0.6,nM,9.22,ChEMBL
Resveratrol,CELLULAR,CHEMBL4096,CHEMBL165,Potency,6309.6,nM,5.2,ChEMBL
Resveratrol,CELLULAR TUMOR ANTIGEN P53,CHEMBL4096,CHEMBL165,Potency,6309.6,nM,5.2,ChEMBL
Resveratrol,CEREBRAL VASCULAR AMYLOID PEPTIDE,CHEMBL2487,CHEMBL165,IC50,4100.0,nM,5.39,ChEMBL
Resveratrol,CEREBROSIDE-SULFATASE,CHEMBL2193,CHEMBL165,Potency,379.3,nM,,ChEMBL
Resveratrol,CHANNEL,CHEMBL6007,CHEMBL165,IC50,750.0,nM,6.12,ChEMBL
Resveratrol,CHAPERONE,CHEMBL1781865,CHEMBL165,Potency,130.9,nM,,ChEMBL
Resveratrol,CHOLESTEROL,CHEMBL1293277,CHEMBL165,Potency,5623.4,nM,5.25,ChEMBL
Resveratrol,CHOLESTEROL 25-HYDROXYLASE,CHEMBL3544905,CHEMBL165,IC50,230.0,nM,6.64,ChEMBL
Resveratrol,CHOLINE ESTERASE II,CHEMBL1914,CHEMBL165,IC50,5000.0,nM,,ChEMBL
Resveratrol,CHOLINESTERASE,CHEMBL1914,CHEMBL165,IC50,5000.0,nM,,ChEMBL
Resveratrol,CHROMOBOX,CHEMBL1741193,CHEMBL165,Potency,0.04228,nM,,ChEMBL
Resveratrol,CHROMOBOX PROTEIN HOMOLOG 1,CHEMBL1741193,CHEMBL165,Potency,0.04228,nM,,ChEMBL
Resveratrol,CHROMOSOME FRAGILITY-ASSOCIATED GENE 1 PROTEIN,CHEMBL1741209,CHEMBL165,Potency,2908.1,nM,,ChEMBL
Resveratrol,CLASS E BASIC HELIX-LOOP-HELIX PROTEIN 78,CHEMBL4261,CHEMBL165,Potency,10000.0,nM,5.0,ChEMBL
Resveratrol,COMPONENT OF GEMS 1,CHEMBL1293232,CHEMBL165,Potency,8912.5,nM,5.05,ChEMBL
Resveratrol,COX-1,CHEMBL2949,CHEMBL165,IC50,380.0,nM,6.42,ChEMBL
Resveratrol,COX-2,CHEMBL230,CHEMBL165,IC50,996.0,nM,6.0,ChEMBL
Resveratrol,CVAP,CHEMBL2487,CHEMBL165,IC50,4100.0,nM,5.39,ChEMBL
Resveratrol,CYANAMIDE HYDRATASE CA1,CHEMBL261,CHEMBL165,Ki,2210.0,nM,5.66,ChEMBL
Resveratrol,CYANAMIDE HYDRATASE CA2,CHEMBL205,CHEMBL165,Ki,2770.0,nM,5.56,ChEMBL
Resveratrol,CYCLOOXYGENASE-1,CHEMBL2949,CHEMBL165,IC50,380.0,nM,6.42,ChEMBL
Resveratrol,CYCLOOXYGENASE-2,CHEMBL230,CHEMBL165,IC50,996.0,nM,6.0,ChEMBL
Resveratrol,CYP1A1,CHEMBL3544905,CHEMBL165,IC50,230.0,nM,6.64,ChEMBL
Resveratrol,CYP1A2,CHEMBL3544905,CHEMBL165,IC50,230.0,nM,6.64,ChEMBL
Resveratrol,CYP1B1,CHEMBL4878,CHEMBL165,Ki,800.0,nM,6.1,ChEMBL
Resveratrol,CYP2C19,CHEMBL3622,CHEMBL165,IC50,3000.0,nM,5.52,ChEMBL
Resveratrol,CYP2C9,CHEMBL3397,CHEMBL165,IC50,7000.0,nM,5.16,ChEMBL
Resveratrol,CYP3A4,CHEMBL340,CHEMBL165,Potency,3981.1,nM,5.4,ChEMBL
Resveratrol,CYPIA1,CHEMBL3544905,CHEMBL165,IC50,230.0,nM,6.64,ChEMBL
Resveratrol,CYPIA2,CHEMBL3544905,CHEMBL165,IC50,230.0,nM,6.64,ChEMBL
Resveratrol,CYPIB1,CHEMBL4878,CHEMBL165,Ki,800.0,nM,6.1,ChEMBL
Resveratrol,CYPIIC17,CHEMBL3622,CHEMBL165,IC50,3000.0,nM,5.52,ChEMBL
Resveratrol,CYPIIC19,CHEMBL3622,CHEMBL165,IC50,3000.0,nM,5.52,ChEMBL
Resveratrol,CYPIIC9,CHEMBL3397,CHEMBL165,IC50,7000.0,nM,5.16,ChEMBL
Resveratrol,CYPIIIA3,CHEMBL340,CHEMBL165,Potency,3981.1,nM,5.4,ChEMBL
Resveratrol,CYPIIIA4,CHEMBL340,CHEMBL165,Potency,3981.1,nM,5.4,ChEMBL
Resveratrol,CYTOCHROME,CHEMBL4878,CHEMBL165,Ki,800.0,nM,6.1,ChEMBL
Resveratrol,CYTOCHROME P(3)450,CHEMBL3544905,CHEMBL165,IC50,230.0,nM,6.64,ChEMBL
Resveratrol,CYTOCHROME P-450MP,CHEMBL3397,CHEMBL165,IC50,7000.0,nM,5.16,ChEMBL
Resveratrol,CYTOCHROME P450 1A1,CHEMBL3544905,CHEMBL165,IC50,230.0,nM,6.64,ChEMBL
Resveratrol,CYTOCHROME P450 1A2,CHEMBL3544905,CHEMBL165,IC50,230.0,nM,6.64,ChEMBL
Resveratrol,CYTOCHROME P450 1B1,CHEMBL4878,CHEMBL165,Ki,800.0,nM,6.1,ChEMBL
Resveratrol,CYTOCHROME P450 2C19,CHEMBL3622,CHEMBL165,IC50,3000.0,nM,5.52,ChEMBL
Resveratrol,CYTOCHROME P450 2C9,CHEMBL3397,CHEMBL165,IC50,7000.0,nM,5.16,ChEMBL
Resveratrol,CYTOCHROME P450 3A3,CHEMBL340,CHEMBL165,Potency,3981.1,nM,5.4,ChEMBL
Resveratrol,CYTOCHROME P450 3A4,CHEMBL340,CHEMBL165,Potency,3981.1,nM,5.4,ChEMBL
Resveratrol,CYTOCHROME P450 4,CHEMBL3544905,CHEMBL165,IC50,230.0,nM,6.64,ChEMBL
Resveratrol,CYTOCHROME P450 FORM 6,CHEMBL3544905,CHEMBL165,IC50,230.0,nM,6.64,ChEMBL
Resveratrol,CYTOCHROME P450 HLP,CHEMBL340,CHEMBL165,Potency,3981.1,nM,5.4,ChEMBL
Resveratrol,CYTOCHROME P450 MP-4,CHEMBL3397,CHEMBL165,IC50,7000.0,nM,5.16,ChEMBL
Resveratrol,CYTOCHROME P450 MP-8,CHEMBL3397,CHEMBL165,IC50,7000.0,nM,5.16,ChEMBL
Resveratrol,CYTOCHROME P450 NF-25,CHEMBL340,CHEMBL165,Potency,3981.1,nM,5.4,ChEMBL
Resveratrol,CYTOCHROME P450 PB-1,CHEMBL3397,CHEMBL165,IC50,7000.0,nM,5.16,ChEMBL
Resveratrol,CYTOCHROME P450-11A,CHEMBL3622,CHEMBL165,IC50,3000.0,nM,5.52,ChEMBL
Resveratrol,CYTOCHROME P450-254C,CHEMBL3622,CHEMBL165,IC50,3000.0,nM,5.52,ChEMBL
Resveratrol,CYTOCHROME P450-C,CHEMBL3544905,CHEMBL165,IC50,230.0,nM,6.64,ChEMBL
Resveratrol,CYTOCHROME P450-P1,CHEMBL3544905,CHEMBL165,IC50,230.0,nM,6.64,ChEMBL
Resveratrol,CYTOCHROME P450-P3,CHEMBL3544905,CHEMBL165,IC50,230.0,nM,6.64,ChEMBL
Resveratrol,CYTOCHROME P450-PCN1,CHEMBL340,CHEMBL165,Potency,3981.1,nM,5.4,ChEMBL
Resveratrol,D-GALACTOSE 1-PHOSPHATE PHOSPHATASE,CHEMBL1293238,CHEMBL165,Potency,10000.0,nM,5.0,ChEMBL
Resveratrol,DANIO RERIO,CHEMBL613963,CHEMBL165,EC50,600.0,nM,6.22,ChEMBL
Resveratrol,DEACETYLASE,CHEMBL1865,CHEMBL165,IC50,1331.0,nM,5.88,ChEMBL
Resveratrol,DEHYDROGENASE,CHEMBL3959,CHEMBL165,IC50,960.0,nM,6.02,ChEMBL
Resveratrol,DIPEPTIDYL,CHEMBL284,CHEMBL165,IC50,0.6,nM,9.22,ChEMBL
Resveratrol,DIPEPTIDYL PEPTIDASE 4,CHEMBL284,CHEMBL165,IC50,0.6,nM,9.22,ChEMBL
Resveratrol,DIPEPTIDYL PEPTIDASE 4 MEMBRANE FORM,CHEMBL284,CHEMBL165,IC50,0.6,nM,9.22,ChEMBL
Resveratrol,DIPEPTIDYL PEPTIDASE 4 SOLUBLE FORM,CHEMBL284,CHEMBL165,IC50,0.6,nM,9.22,ChEMBL
Resveratrol,DIPEPTIDYL PEPTIDASE IV,CHEMBL284,CHEMBL165,IC50,0.6,nM,9.22,ChEMBL
Resveratrol,DIPEPTIDYL PEPTIDASE IV MEMBRANE FORM,CHEMBL284,CHEMBL165,IC50,0.6,nM,9.22,ChEMBL
Resveratrol,DIPEPTIDYL PEPTIDASE IV SOLUBLE FORM,CHEMBL284,CHEMBL165,IC50,0.6,nM,9.22,ChEMBL
Resveratrol,DNA,CHEMBL1828,CHEMBL165,IC50,3300.0,nM,5.48,ChEMBL
Resveratrol,DNA POLYMERASE ALPHA CATALYTIC SUBUNIT,CHEMBL1828,CHEMBL165,IC50,3300.0,nM,5.48,ChEMBL
Resveratrol,DNA POLYMERASE ALPHA CATALYTIC SUBUNIT P180,CHEMBL1828,CHEMBL165,IC50,3300.0,nM,5.48,ChEMBL
Resveratrol,DNA-BINDING FACTOR KBF1,CHEMBL2094258,CHEMBL165,EC50,5203.0,nM,5.28,ChEMBL
Resveratrol,DNA-BINDING FACTOR KBF2,CHEMBL2094258,CHEMBL165,EC50,5203.0,nM,5.28,ChEMBL
Resveratrol,DPP IV,CHEMBL284,CHEMBL165,IC50,0.6,nM,9.22,ChEMBL
Resveratrol,DPP4,CHEMBL284,CHEMBL165,IC50,0.6,nM,9.22,ChEMBL
Resveratrol,E3 UBIQUITIN-PROTEIN LIGASE HDAC6,CHEMBL1865,CHEMBL165,IC50,1331.0,nM,5.88,ChEMBL
Resveratrol,EBP-1,CHEMBL2094258,CHEMBL165,EC50,5203.0,nM,5.28,ChEMBL
Resveratrol,EHMT2,CHEMBL6032,CHEMBL165,Potency,7943.3,nM,,ChEMBL
Resveratrol,EICOSANOID/DOCOSANOID DEHYDROGENASE [NAD(+)],CHEMBL1293255,CHEMBL165,Potency,10000.0,nM,5.0,ChEMBL
Resveratrol,ENDOPLASMIC,CHEMBL1781865,CHEMBL165,Potency,130.9,nM,,ChEMBL
Resveratrol,ENDOPLASMIC RETICULUM CHAPERONE BIP,CHEMBL1781865,CHEMBL165,Potency,130.9,nM,,ChEMBL
Resveratrol,ER-ALPHA,CHEMBL206,CHEMBL165,Ki,785.0,nM,6.11,ChEMBL
Resveratrol,ERYTHROID,CHEMBL1075094,CHEMBL165,EC50,5400.0,nM,5.27,ChEMBL
Resveratrol,ESR1,CHEMBL206,CHEMBL165,Ki,785.0,nM,6.11,ChEMBL
Resveratrol,ESTRADIOL RECEPTOR,CHEMBL206,CHEMBL165,Ki,785.0,nM,6.11,ChEMBL
Resveratrol,ESTROGEN,CHEMBL206,CHEMBL165,Ki,785.0,nM,6.11,ChEMBL
Resveratrol,ESTROGEN RECEPTOR,CHEMBL206,CHEMBL165,Ki,785.0,nM,6.11,ChEMBL
Resveratrol,EUCHROMATIC HISTONE-LYSINE N-METHYLTRANSFERASE 2,CHEMBL6032,CHEMBL165,Potency,7943.3,nM,,ChEMBL
Resveratrol,FACTOR,CHEMBL1075094,CHEMBL165,EC50,5400.0,nM,5.27,ChEMBL
Resveratrol,FAMILY,CHEMBL1741209,CHEMBL165,Potency,2908.1,nM,,ChEMBL
Resveratrol,FATTY,CHEMBL215,CHEMBL165,IC50,4900.0,nM,5.31,ChEMBL
Resveratrol,FENBENDAZOLE MONOOXYGENASE (4'-HYDROXYLATING),CHEMBL3622,CHEMBL165,IC50,3000.0,nM,5.52,ChEMBL
Resveratrol,FETAL LIVER KINASE-2,CHEMBL1974,CHEMBL165,IC50,1400.0,nM,5.85,ChEMBL
Resveratrol,FK506-BINDING PROTEIN 12-RAPAMYCIN COMPLEX-ASSOCIATED PROTEIN 1,CHEMBL2842,CHEMBL165,Potency,3689.8,nM,5.43,ChEMBL
Resveratrol,FKBP12-RAPAMYCIN COMPLEX-ASSOCIATED PROTEIN,CHEMBL2842,CHEMBL165,Potency,3689.8,nM,5.43,ChEMBL
Resveratrol,FL CYTOKINE RECEPTOR,CHEMBL1974,CHEMBL165,IC50,1400.0,nM,5.85,ChEMBL
Resveratrol,FLK-2,CHEMBL1974,CHEMBL165,IC50,1400.0,nM,5.85,ChEMBL
Resveratrol,FLT-3,CHEMBL1974,CHEMBL165,IC50,1400.0,nM,5.85,ChEMBL
Resveratrol,FLT3,CHEMBL1974,CHEMBL165,IC50,1400.0,nM,5.85,ChEMBL
Resveratrol,FMS-LIKE TYROSINE KINASE 3,CHEMBL1974,CHEMBL165,IC50,1400.0,nM,5.85,ChEMBL
Resveratrol,GAMMA-CTF(50),CHEMBL2487,CHEMBL165,IC50,4100.0,nM,5.39,ChEMBL
Resveratrol,GAMMA-CTF(57),CHEMBL2487,CHEMBL165,IC50,4100.0,nM,5.39,ChEMBL
Resveratrol,GAMMA-CTF(59),CHEMBL2487,CHEMBL165,IC50,4100.0,nM,5.39,ChEMBL
Resveratrol,GAMMA-SECRETASE C-TERMINAL FRAGMENT 50,CHEMBL2487,CHEMBL165,IC50,4100.0,nM,5.39,ChEMBL
Resveratrol,GAMMA-SECRETASE C-TERMINAL FRAGMENT 57,CHEMBL2487,CHEMBL165,IC50,4100.0,nM,5.39,ChEMBL
Resveratrol,GAMMA-SECRETASE C-TERMINAL FRAGMENT 59,CHEMBL2487,CHEMBL165,IC50,4100.0,nM,5.39,ChEMBL
Resveratrol,GEMIN-1,CHEMBL1293232,CHEMBL165,Potency,8912.5,nM,5.05,ChEMBL
Resveratrol,GRP-78,CHEMBL1781865,CHEMBL165,Potency,130.9,nM,,ChEMBL
Resveratrol,H2TF1,CHEMBL2094258,CHEMBL165,EC50,5203.0,nM,5.28,ChEMBL
Resveratrol,H3-K9-HMTASE 3,CHEMBL6032,CHEMBL165,Potency,7943.3,nM,,ChEMBL
Resveratrol,HACAT,CHEMBL614392,CHEMBL165,IC50,182.6,nM,6.74,ChEMBL
Resveratrol,HD PROTEIN,CHEMBL5514,CHEMBL165,Potency,2238.7,nM,5.65,ChEMBL
Resveratrol,HDAC6,CHEMBL1865,CHEMBL165,IC50,1331.0,nM,5.88,ChEMBL
Resveratrol,HEAT SHOCK PROTEIN 70 FAMILY PROTEIN 5,CHEMBL1781865,CHEMBL165,Potency,130.9,nM,,ChEMBL
Resveratrol,HEAT SHOCK PROTEIN FAMILY A MEMBER 5,CHEMBL1781865,CHEMBL165,Potency,130.9,nM,,ChEMBL
Resveratrol,HEK293,CHEMBL614818,CHEMBL165,Potency,7304.8,nM,,ChEMBL
Resveratrol,HELA,CHEMBL399,CHEMBL165,IC50,0.0225,nM,10.65,ChEMBL
Resveratrol,HETEROCHROMATIN PROTEIN 1 HOMOLOG BETA,CHEMBL1741193,CHEMBL165,Potency,0.04228,nM,,ChEMBL
Resveratrol,HETEROCHROMATIN PROTEIN P25,CHEMBL1741193,CHEMBL165,Potency,0.04228,nM,,ChEMBL
Resveratrol,HIF-1-ALPHA,CHEMBL4261,CHEMBL165,Potency,10000.0,nM,5.0,ChEMBL
Resveratrol,HIF1-ALPHA,CHEMBL4261,CHEMBL165,Potency,10000.0,nM,5.0,ChEMBL
Resveratrol,HIF1A,CHEMBL4261,CHEMBL165,Potency,10000.0,nM,5.0,ChEMBL
Resveratrol,HISTONE H3-K9 METHYLTRANSFERASE 3,CHEMBL6032,CHEMBL165,Potency,7943.3,nM,,ChEMBL
Resveratrol,HISTONE-LYSINE N-METHYLTRANSFERASE EHMT2,CHEMBL6032,CHEMBL165,Potency,7943.3,nM,,ChEMBL
Resveratrol,HL-60,CHEMBL383,CHEMBL165,IC50,5000.0,nM,5.3,ChEMBL
Resveratrol,HLA-B-ASSOCIATED TRANSCRIPT 8,CHEMBL6032,CHEMBL165,Potency,7943.3,nM,,ChEMBL
Resveratrol,HOMOLOG,CHEMBL1741193,CHEMBL165,Potency,0.04228,nM,,ChEMBL
Resveratrol,HP1 BETA,CHEMBL1741193,CHEMBL165,Potency,0.04228,nM,,ChEMBL
Resveratrol,HP1HSBETA,CHEMBL1741193,CHEMBL165,Potency,0.04228,nM,,ChEMBL
Resveratrol,HPGD,CHEMBL1293255,CHEMBL165,Potency,10000.0,nM,5.0,ChEMBL
Resveratrol,HSC-2,CHEMBL1075468,CHEMBL165,IC50,3100.0,nM,5.51,ChEMBL
Resveratrol,HSP70 FAMILY PROTEIN 5,CHEMBL1781865,CHEMBL165,Potency,130.9,nM,,ChEMBL
Resveratrol,HSPA5,CHEMBL1781865,CHEMBL165,Potency,130.9,nM,,ChEMBL
Resveratrol,HT-22,CHEMBL614316,CHEMBL165,EC50,4667.0,nM,5.33,ChEMBL
Resveratrol,HTT,CHEMBL5514,CHEMBL165,Potency,2238.7,nM,5.65,ChEMBL
Resveratrol,HUMAN CORONAVIRUS 229E,CHEMBL613837,CHEMBL165,EC50,4600.0,nM,5.34,ChEMBL
Resveratrol,HUMAN IMMUNODEFICIENCY VIRUS 1,CHEMBL378,CHEMBL165,EC50,10000.0,nM,5.0,ChEMBL
Resveratrol,HUNTINGTIN,CHEMBL5514,CHEMBL165,Potency,2238.7,nM,5.65,ChEMBL
Resveratrol,"HUNTINGTIN, MYRISTOYLATED N-TERMINAL FRAGMENT",CHEMBL5514,CHEMBL165,Potency,2238.7,nM,5.65,ChEMBL
Resveratrol,HUNTINGTON DISEASE PROTEIN,CHEMBL5514,CHEMBL165,Potency,2238.7,nM,5.65,ChEMBL
Resveratrol,HYDROCARBON,CHEMBL4725,CHEMBL165,Ki,169.0,nM,6.77,ChEMBL
Resveratrol,HYDROPEROXY ICOSATETRAENOATE DEHYDRATASE,CHEMBL3544905,CHEMBL165,IC50,230.0,nM,6.64,ChEMBL
Resveratrol,HYPOXIA-INDUCIBLE FACTOR 1-ALPHA,CHEMBL4261,CHEMBL165,Potency,10000.0,nM,5.0,ChEMBL
Resveratrol,IMMUNOGLOBULIN HEAVY CHAIN-BINDING PROTEIN,CHEMBL1781865,CHEMBL165,Potency,130.9,nM,,ChEMBL
Resveratrol,IMP 1,CHEMBL1293238,CHEMBL165,Potency,10000.0,nM,5.0,ChEMBL
Resveratrol,IMPA1,CHEMBL1293238,CHEMBL165,Potency,10000.0,nM,5.0,ChEMBL
Resveratrol,IMPASE 1,CHEMBL1293238,CHEMBL165,Potency,10000.0,nM,5.0,ChEMBL
Resveratrol,INOSITOL,CHEMBL1293238,CHEMBL165,Potency,10000.0,nM,5.0,ChEMBL
Resveratrol,INOSITOL MONOPHOSPHATASE 1,CHEMBL1293238,CHEMBL165,Potency,10000.0,nM,5.0,ChEMBL
Resveratrol,INOSITOL-1(OR 4)-MONOPHOSPHATASE 1,CHEMBL1293238,CHEMBL165,Potency,10000.0,nM,5.0,ChEMBL
Resveratrol,INTRACELLULAR,CHEMBL1293277,CHEMBL165,Potency,5623.4,nM,5.25,ChEMBL
Resveratrol,ISHIKAWA,CHEMBL614649,CHEMBL165,IC50,3400.0,nM,5.47,ChEMBL
Resveratrol,ISOFORM,CHEMBL4005,CHEMBL165,IC50,250.0,nM,6.6,ChEMBL
Resveratrol,J774,CHEMBL614123,CHEMBL165,IC50,6800.0,nM,5.17,ChEMBL
Resveratrol,KINASE,CHEMBL1974,CHEMBL165,IC50,1400.0,nM,5.85,ChEMBL
Resveratrol,LAMIN-A/C,CHEMBL1293235,CHEMBL165,Potency,5.0,nM,8.3,ChEMBL
Resveratrol,LB24-AB,CHEMBL1973,CHEMBL165,IC50,1700.0,nM,5.77,ChEMBL
Resveratrol,LITHIUM-SENSITIVE MYO-INOSITOL MONOPHOSPHATASE A1,CHEMBL1293238,CHEMBL165,Potency,10000.0,nM,5.0,ChEMBL
Resveratrol,LIVER,CHEMBL613430,CHEMBL165,EC50,7440.0,nM,5.13,ChEMBL
Resveratrol,LMNA,CHEMBL1293235,CHEMBL165,Potency,5.0,nM,8.3,ChEMBL
Resveratrol,LUCIFERASE,CHEMBL5567,CHEMBL165,Potency,5011.9,nM,5.3,ChEMBL
Resveratrol,LUCIFERIN,CHEMBL5567,CHEMBL165,Potency,5011.9,nM,5.3,ChEMBL
Resveratrol,LUCIFERIN 4-MONOOXYGENASE,CHEMBL5567,CHEMBL165,Potency,5011.9,nM,5.3,ChEMBL
Resveratrol,LYMPHOCYTE TRANSLOCATION CHROMOSOME 10 PROTEIN,CHEMBL2094258,CHEMBL165,EC50,5203.0,nM,5.28,ChEMBL
Resveratrol,LYSINE N-METHYLTRANSFERASE 1C,CHEMBL6032,CHEMBL165,Potency,7943.3,nM,,ChEMBL
Resveratrol,LYT10,CHEMBL2094258,CHEMBL165,EC50,5203.0,nM,5.28,ChEMBL
Resveratrol,M-PHASE PHOSPHOPROTEIN 8,CHEMBL1741210,CHEMBL165,Potency,158.5,nM,,ChEMBL
Resveratrol,M18 ASPARTYL AMINOPEPTIDASE,CHEMBL1293263,CHEMBL165,IC50,2242.0,nM,5.65,ChEMBL
Resveratrol,M18AAP,CHEMBL1293263,CHEMBL165,IC50,2242.0,nM,5.65,ChEMBL
Resveratrol,M31,CHEMBL1741193,CHEMBL165,Potency,0.04228,nM,,ChEMBL
Resveratrol,MAMMALIAN TARGET OF RAPAMYCIN,CHEMBL2842,CHEMBL165,Potency,3689.8,nM,5.43,ChEMBL
Resveratrol,MAO-A,CHEMBL1951,CHEMBL165,IC50,449.0,nM,6.35,ChEMBL
Resveratrol,MAO-B,CHEMBL2039,CHEMBL165,IC50,5010.0,nM,5.3,ChEMBL
Resveratrol,MAOA,CHEMBL1951,CHEMBL165,IC50,449.0,nM,6.35,ChEMBL
Resveratrol,MAOB,CHEMBL2039,CHEMBL165,IC50,5010.0,nM,5.3,ChEMBL
Resveratrol,MAPT,CHEMBL1293224,CHEMBL165,Potency,8912.5,nM,5.05,ChEMBL
Resveratrol,MCF7,CHEMBL387,CHEMBL165,IC50,0.0791,nM,10.1,ChEMBL
Resveratrol,MECHANISTIC TARGET OF RAPAMYCIN,CHEMBL2842,CHEMBL165,Potency,3689.8,nM,5.43,ChEMBL
Resveratrol,MEMBER,CHEMBL6007,CHEMBL165,IC50,750.0,nM,6.12,ChEMBL
Resveratrol,MEMBER OF PAS PROTEIN 1,CHEMBL4261,CHEMBL165,Potency,10000.0,nM,5.0,ChEMBL
Resveratrol,MEMBRANE ANTIGEN MN,CHEMBL3594,CHEMBL165,Ki,810.0,nM,6.09,ChEMBL
Resveratrol,MEPHENYTOIN 4-HYDROXYLASE,CHEMBL3622,CHEMBL165,IC50,3000.0,nM,5.52,ChEMBL
Resveratrol,MICRORNA 21,CHEMBL1615322,CHEMBL165,Potency,4140.0,nM,5.38,ChEMBL
Resveratrol,MICROTUBULE-ASSOCIATED PROTEIN TAU,CHEMBL1293224,CHEMBL165,Potency,8912.5,nM,5.05,ChEMBL
Resveratrol,MITOCHONDRIAL,CHEMBL3969,CHEMBL165,Ki,4640.0,nM,5.33,ChEMBL
Resveratrol,MODIFIER 1 PROTEIN,CHEMBL1741193,CHEMBL165,Potency,0.04228,nM,,ChEMBL
Resveratrol,MONOAMINE OXIDASE TYPE A,CHEMBL1951,CHEMBL165,IC50,449.0,nM,6.35,ChEMBL
Resveratrol,MONOAMINE OXIDASE TYPE B,CHEMBL2039,CHEMBL165,IC50,5010.0,nM,5.3,ChEMBL
Resveratrol,MONOPHENOL MONOOXYGENASE,CHEMBL1973,CHEMBL165,IC50,1700.0,nM,5.77,ChEMBL
Resveratrol,MONOPHOSPHATASE,CHEMBL1293238,CHEMBL165,Potency,10000.0,nM,5.0,ChEMBL
Resveratrol,MOTOR,CHEMBL1293232,CHEMBL165,Potency,8912.5,nM,5.05,ChEMBL
Resveratrol,MPHOSPH8,CHEMBL1741210,CHEMBL165,Potency,158.5,nM,,ChEMBL
Resveratrol,MTOR,CHEMBL2842,CHEMBL165,Potency,3689.8,nM,5.43,ChEMBL
Resveratrol,N-APP,CHEMBL2487,CHEMBL165,IC50,4100.0,nM,5.39,ChEMBL
Resveratrol,NET,CHEMBL222,CHEMBL165,IC50,2312.0,nM,5.64,ChEMBL
Resveratrol,NEUROFIBRILLARY TANGLE PROTEIN,CHEMBL1293224,CHEMBL165,Potency,8912.5,nM,5.05,ChEMBL
Resveratrol,NEURON,CHEMBL1293232,CHEMBL165,Potency,8912.5,nM,5.05,ChEMBL
Resveratrol,NF-E2-RELATED FACTOR 2,CHEMBL1075094,CHEMBL165,EC50,5400.0,nM,5.27,ChEMBL
Resveratrol,NFE2-RELATED FACTOR 2,CHEMBL1075094,CHEMBL165,EC50,5400.0,nM,5.27,ChEMBL
Resveratrol,NFE2L2,CHEMBL1075094,CHEMBL165,EC50,5400.0,nM,5.27,ChEMBL
Resveratrol,NFKB1,CHEMBL2094258,CHEMBL165,EC50,5203.0,nM,5.28,ChEMBL
Resveratrol,NFKB2,CHEMBL2094258,CHEMBL165,EC50,5203.0,nM,5.28,ChEMBL
Resveratrol,NIEMANN-PICK C1 PROTEIN,CHEMBL1293277,CHEMBL165,Potency,5623.4,nM,5.25,ChEMBL
Resveratrol,NIFEDIPINE OXIDASE,CHEMBL340,CHEMBL165,Potency,3981.1,nM,5.4,ChEMBL
Resveratrol,NO RELEVANT TARGET,CHEMBL2362975,CHEMBL165,IC50,1700.0,nM,5.77,ChEMBL
Resveratrol,NON-PROTEIN TARGET,CHEMBL3879801,CHEMBL165,EC50,5600.0,nM,5.25,ChEMBL
Resveratrol,NORADRENALINE,CHEMBL222,CHEMBL165,IC50,2312.0,nM,5.64,ChEMBL
Resveratrol,NOREPINEPHRINE TRANSPORTER,CHEMBL222,CHEMBL165,IC50,2312.0,nM,5.64,ChEMBL
Resveratrol,NPC,CHEMBL1293277,CHEMBL165,Potency,5623.4,nM,5.25,ChEMBL
Resveratrol,NPC INTRACELLULAR CHOLESTEROL TRANSPORTER 1,CHEMBL1293277,CHEMBL165,Potency,5623.4,nM,5.25,ChEMBL
Resveratrol,NPC1,CHEMBL1293277,CHEMBL165,Potency,5623.4,nM,5.25,ChEMBL
Resveratrol,NQO2,CHEMBL3959,CHEMBL165,IC50,960.0,nM,6.02,ChEMBL
Resveratrol,NRF-2,CHEMBL1075094,CHEMBL165,EC50,5400.0,nM,5.27,ChEMBL
Resveratrol,NRH DEHYDROGENASE [QUINONE] 2,CHEMBL3959,CHEMBL165,IC50,960.0,nM,6.02,ChEMBL
Resveratrol,NRH:QUINONE OXIDOREDUCTASE 2,CHEMBL3959,CHEMBL165,IC50,960.0,nM,6.02,ChEMBL
Resveratrol,NUCLEAR,CHEMBL1075094,CHEMBL165,EC50,5400.0,nM,5.27,ChEMBL
Resveratrol,NUCLEAR FACTOR ERYTHROID 2-RELATED FACTOR 2,CHEMBL1075094,CHEMBL165,EC50,5400.0,nM,5.27,ChEMBL
Resveratrol,NUCLEAR FACTOR NF-KAPPA-B P100 SUBUNIT,CHEMBL2094258,CHEMBL165,EC50,5203.0,nM,5.28,ChEMBL
Resveratrol,NUCLEAR FACTOR NF-KAPPA-B P105 SUBUNIT,CHEMBL2094258,CHEMBL165,EC50,5203.0,nM,5.28,ChEMBL
Resveratrol,NUCLEAR FACTOR NF-KAPPA-B P50 SUBUNIT,CHEMBL2094258,CHEMBL165,EC50,5203.0,nM,5.28,ChEMBL
Resveratrol,NUCLEAR FACTOR NF-KAPPA-B P52 SUBUNIT,CHEMBL2094258,CHEMBL165,EC50,5203.0,nM,5.28,ChEMBL
Resveratrol,NUCLEAR FACTOR NF-KAPPA-B P65 SUBUNIT,CHEMBL2094258,CHEMBL165,EC50,5203.0,nM,5.28,ChEMBL
Resveratrol,NUCLEAR FACTOR OF KAPPA LIGHT POLYPEPTIDE GENE ENHANCER IN B-CELLS 1,CHEMBL2094258,CHEMBL165,EC50,5203.0,nM,5.28,ChEMBL
Resveratrol,NUCLEAR FACTOR OF KAPPA LIGHT POLYPEPTIDE GENE ENHANCER IN B-CELLS 2,CHEMBL2094258,CHEMBL165,EC50,5203.0,nM,5.28,ChEMBL
Resveratrol,NUCLEAR FACTOR OF KAPPA LIGHT POLYPEPTIDE GENE ENHANCER IN B-CELLS 3,CHEMBL2094258,CHEMBL165,EC50,5203.0,nM,5.28,ChEMBL
Resveratrol,"NUCLEAR FACTOR, ERYTHROID DERIVED 2, LIKE 2",CHEMBL1075094,CHEMBL165,EC50,5400.0,nM,5.27,ChEMBL
Resveratrol,NUCLEAR RECEPTOR ROR-GAMMA,CHEMBL1293231,CHEMBL165,Potency,10000.0,nM,5.0,ChEMBL
Resveratrol,NUCLEAR RECEPTOR RZR-GAMMA,CHEMBL1293231,CHEMBL165,Potency,10000.0,nM,5.0,ChEMBL
Resveratrol,NUCLEAR RECEPTOR SUBFAMILY 1 GROUP F MEMBER 3,CHEMBL1293231,CHEMBL165,Potency,10000.0,nM,5.0,ChEMBL
Resveratrol,NUCLEAR RECEPTOR SUBFAMILY 3 GROUP A MEMBER 1,CHEMBL206,CHEMBL165,Ki,785.0,nM,6.11,ChEMBL
Resveratrol,ONCOGENE LYT-10,CHEMBL2094258,CHEMBL165,EC50,5203.0,nM,5.28,ChEMBL
Resveratrol,OXIDASE,CHEMBL1951,CHEMBL165,IC50,449.0,nM,6.35,ChEMBL
Resveratrol,P110ALPHA,CHEMBL4005,CHEMBL165,IC50,250.0,nM,6.6,ChEMBL
Resveratrol,P110BETA,CHEMBL3145,CHEMBL165,IC50,500.0,nM,6.3,ChEMBL
Resveratrol,P120,CHEMBL6007,CHEMBL165,IC50,750.0,nM,6.12,ChEMBL
Resveratrol,P25BETA,CHEMBL1741193,CHEMBL165,Potency,0.04228,nM,,ChEMBL
Resveratrol,P3(40),CHEMBL2487,CHEMBL165,IC50,4100.0,nM,5.39,ChEMBL
Resveratrol,P3(42),CHEMBL2487,CHEMBL165,IC50,4100.0,nM,5.39,ChEMBL
Resveratrol,P54/58N,CHEMBL3594,CHEMBL165,Ki,810.0,nM,6.09,ChEMBL
Resveratrol,PAIRED HELICAL FILAMENT-TAU,CHEMBL1293224,CHEMBL165,Potency,8912.5,nM,5.05,ChEMBL
Resveratrol,PARATHYROID,CHEMBL1793,CHEMBL165,Potency,3981.1,nM,,ChEMBL
Resveratrol,PARATHYROID HORMONE 1 RECEPTOR,CHEMBL1793,CHEMBL165,Potency,3981.1,nM,,ChEMBL
Resveratrol,PARATHYROID HORMONE/PARATHYROID HORMONE-RELATED PEPTIDE RECEPTOR,CHEMBL1793,CHEMBL165,Potency,3981.1,nM,,ChEMBL
Resveratrol,PAS DOMAIN-CONTAINING PROTEIN 8,CHEMBL4261,CHEMBL165,Potency,10000.0,nM,5.0,ChEMBL
Resveratrol,PEPTIDASE,CHEMBL284,CHEMBL165,IC50,0.6,nM,9.22,ChEMBL
Resveratrol,PEPTIDE,CHEMBL1793,CHEMBL165,Potency,3981.1,nM,,ChEMBL
Resveratrol,PFK,CHEMBL5686,CHEMBL165,Potency,9528.3,nM,,ChEMBL
Resveratrol,PFM18AAP,CHEMBL1293263,CHEMBL165,IC50,2242.0,nM,5.65,ChEMBL
Resveratrol,PGH SYNTHASE 1,CHEMBL2949,CHEMBL165,IC50,380.0,nM,6.42,ChEMBL
Resveratrol,PGH SYNTHASE 2,CHEMBL230,CHEMBL165,IC50,996.0,nM,6.0,ChEMBL
Resveratrol,PGHS-1,CHEMBL2949,CHEMBL165,IC50,380.0,nM,6.42,ChEMBL
Resveratrol,PGHS-2,CHEMBL230,CHEMBL165,IC50,996.0,nM,6.0,ChEMBL
Resveratrol,PHF-TAU,CHEMBL1293224,CHEMBL165,Potency,8912.5,nM,5.05,ChEMBL
Resveratrol,"PHOSPHATIDYLINOSITOL 4,5-BISPHOSPHATE 3-KINASE 110 KDA CATALYTIC SUBUNIT ALPHA",CHEMBL4005,CHEMBL165,IC50,250.0,nM,6.6,ChEMBL
Resveratrol,"PHOSPHATIDYLINOSITOL 4,5-BISPHOSPHATE 3-KINASE 110 KDA CATALYTIC SUBUNIT BETA",CHEMBL3145,CHEMBL165,IC50,500.0,nM,6.3,ChEMBL
Resveratrol,"PHOSPHATIDYLINOSITOL 4,5-BISPHOSPHATE 3-KINASE CATALYTIC SUBUNIT ALPHA ISOFORM",CHEMBL4005,CHEMBL165,IC50,250.0,nM,6.6,ChEMBL
Resveratrol,"PHOSPHATIDYLINOSITOL 4,5-BISPHOSPHATE 3-KINASE CATALYTIC SUBUNIT BETA ISOFORM",CHEMBL3145,CHEMBL165,IC50,500.0,nM,6.3,ChEMBL
Resveratrol,PHOSPHOFRUCTOKINASE,CHEMBL5686,CHEMBL165,Potency,9528.3,nM,,ChEMBL
Resveratrol,PHOSPHOHEXOKINASE,CHEMBL5686,CHEMBL165,Potency,9528.3,nM,,ChEMBL
Resveratrol,PHOSPHOINOSITIDE 3-KINASE ALPHA,CHEMBL4005,CHEMBL165,IC50,250.0,nM,6.6,ChEMBL
Resveratrol,PHOSPHOINOSITIDE-3-KINASE CATALYTIC ALPHA POLYPEPTIDE,CHEMBL4005,CHEMBL165,IC50,250.0,nM,6.6,ChEMBL
Resveratrol,PHOSPHOPROTEIN,CHEMBL1741210,CHEMBL165,Potency,158.5,nM,,ChEMBL
Resveratrol,PHOSPHOPROTEIN P53,CHEMBL4096,CHEMBL165,Potency,6309.6,nM,5.2,ChEMBL
Resveratrol,PHS 1,CHEMBL2949,CHEMBL165,IC50,380.0,nM,6.42,ChEMBL
Resveratrol,PHS II,CHEMBL230,CHEMBL165,IC50,996.0,nM,6.0,ChEMBL
Resveratrol,PI3-KINASE SUBUNIT ALPHA,CHEMBL4005,CHEMBL165,IC50,250.0,nM,6.6,ChEMBL
Resveratrol,PI3-KINASE SUBUNIT BETA,CHEMBL3145,CHEMBL165,IC50,500.0,nM,6.3,ChEMBL
Resveratrol,PI3K-ALPHA,CHEMBL4005,CHEMBL165,IC50,250.0,nM,6.6,ChEMBL
Resveratrol,PI3K-BETA,CHEMBL3145,CHEMBL165,IC50,500.0,nM,6.3,ChEMBL
Resveratrol,PI3KALPHA,CHEMBL4005,CHEMBL165,IC50,250.0,nM,6.6,ChEMBL
Resveratrol,PI3KBETA,CHEMBL3145,CHEMBL165,IC50,500.0,nM,6.3,ChEMBL
Resveratrol,PIK3CA,CHEMBL4005,CHEMBL165,IC50,250.0,nM,6.6,ChEMBL
Resveratrol,PIK3CB,CHEMBL3145,CHEMBL165,IC50,500.0,nM,6.3,ChEMBL
Resveratrol,PIM1,CHEMBL2147,CHEMBL165,IC50,1400.0,nM,5.85,ChEMBL
Resveratrol,PLASMODIUM FALCIPARUM,CHEMBL364,CHEMBL165,IC50,10000.0,nM,5.0,ChEMBL
Resveratrol,PMW1,CHEMBL3594,CHEMBL165,Ki,810.0,nM,6.09,ChEMBL
Resveratrol,PN-II,CHEMBL2487,CHEMBL165,IC50,4100.0,nM,5.39,ChEMBL
Resveratrol,POLA1,CHEMBL1828,CHEMBL165,IC50,3300.0,nM,5.48,ChEMBL
Resveratrol,POLYMERASE,CHEMBL1828,CHEMBL165,IC50,3300.0,nM,5.48,ChEMBL
Resveratrol,POLYUNSATURATED,CHEMBL215,CHEMBL165,IC50,4900.0,nM,5.31,ChEMBL
Resveratrol,POLYUNSATURATED FATTY ACID 5-LIPOXYGENASE,CHEMBL215,CHEMBL165,IC50,4900.0,nM,5.31,ChEMBL
Resveratrol,POTENTIAL,CHEMBL5160,CHEMBL165,IC50,750.0,nM,6.12,ChEMBL
Resveratrol,PREA4,CHEMBL2487,CHEMBL165,IC50,4100.0,nM,5.39,ChEMBL
Resveratrol,PREALBUMIN,CHEMBL3194,CHEMBL165,Kd,470.0,nM,6.33,ChEMBL
Resveratrol,PRECURSOR,CHEMBL2487,CHEMBL165,IC50,4100.0,nM,5.39,ChEMBL
Resveratrol,PRELAMIN-A/C,CHEMBL1293235,CHEMBL165,Potency,5.0,nM,8.3,ChEMBL
Resveratrol,PROSTAGLANDIN,CHEMBL2949,CHEMBL165,IC50,380.0,nM,6.42,ChEMBL
Resveratrol,PROSTAGLANDIN DEHYDROGENASE 1,CHEMBL1293255,CHEMBL165,Potency,10000.0,nM,5.0,ChEMBL
Resveratrol,PROSTAGLANDIN G/H SYNTHASE 1,CHEMBL2949,CHEMBL165,IC50,380.0,nM,6.42,ChEMBL
Resveratrol,PROSTAGLANDIN G/H SYNTHASE 2,CHEMBL230,CHEMBL165,IC50,996.0,nM,6.0,ChEMBL
Resveratrol,PROSTAGLANDIN H2 SYNTHASE 1,CHEMBL2949,CHEMBL165,IC50,380.0,nM,6.42,ChEMBL
Resveratrol,PROSTAGLANDIN H2 SYNTHASE 2,CHEMBL230,CHEMBL165,IC50,996.0,nM,6.0,ChEMBL
Resveratrol,PROSTAGLANDIN-ENDOPEROXIDE SYNTHASE 1,CHEMBL2949,CHEMBL165,IC50,380.0,nM,6.42,ChEMBL
Resveratrol,PROSTAGLANDIN-ENDOPEROXIDE SYNTHASE 2,CHEMBL230,CHEMBL165,IC50,996.0,nM,6.0,ChEMBL
Resveratrol,PROTEASE NEXIN-II,CHEMBL2487,CHEMBL165,IC50,4100.0,nM,5.39,ChEMBL
Resveratrol,PROTEIN,CHEMBL1865,CHEMBL165,IC50,1331.0,nM,5.88,ChEMBL
Resveratrol,PROTEIN DEACETYLASE HDAC6,CHEMBL1865,CHEMBL165,IC50,1331.0,nM,5.88,ChEMBL
Resveratrol,PROTEIN G9A,CHEMBL6032,CHEMBL165,Potency,7943.3,nM,,ChEMBL
Resveratrol,PSEUDOCHOLINESTERASE,CHEMBL1914,CHEMBL165,IC50,5000.0,nM,,ChEMBL
Resveratrol,PTDINS-3-KINASE SUBUNIT ALPHA,CHEMBL4005,CHEMBL165,IC50,250.0,nM,6.6,ChEMBL
Resveratrol,PTDINS-3-KINASE SUBUNIT BETA,CHEMBL3145,CHEMBL165,IC50,500.0,nM,6.3,ChEMBL
Resveratrol,PTDINS-3-KINASE SUBUNIT P110-ALPHA,CHEMBL4005,CHEMBL165,IC50,250.0,nM,6.6,ChEMBL
Resveratrol,PTDINS-3-KINASE SUBUNIT P110-BETA,CHEMBL3145,CHEMBL165,IC50,500.0,nM,6.3,ChEMBL
Resveratrol,PTGS1,CHEMBL2949,CHEMBL165,IC50,380.0,nM,6.42,ChEMBL
Resveratrol,PTGS2,CHEMBL230,CHEMBL165,IC50,996.0,nM,6.0,ChEMBL
Resveratrol,PTH/PTHR RECEPTOR,CHEMBL1793,CHEMBL165,Potency,3981.1,nM,,ChEMBL
Resveratrol,PTH/PTHRP TYPE I RECEPTOR,CHEMBL1793,CHEMBL165,Potency,3981.1,nM,,ChEMBL
Resveratrol,PTH1 RECEPTOR,CHEMBL1793,CHEMBL165,Potency,3981.1,nM,,ChEMBL
Resveratrol,PTH1R,CHEMBL1793,CHEMBL165,Potency,3981.1,nM,,ChEMBL
Resveratrol,QR2,CHEMBL3959,CHEMBL165,IC50,960.0,nM,6.02,ChEMBL
Resveratrol,QUININE 3-MONOOXYGENASE,CHEMBL340,CHEMBL165,Potency,3981.1,nM,5.4,ChEMBL
Resveratrol,QUINONE REDUCTASE 2,CHEMBL3959,CHEMBL165,IC50,960.0,nM,6.02,ChEMBL
Resveratrol,RAB9A,CHEMBL1293294,CHEMBL165,Potency,3981.1,nM,5.4,ChEMBL
Resveratrol,RAPAMYCIN AND FKBP12 TARGET 1,CHEMBL2842,CHEMBL165,Potency,3689.8,nM,5.43,ChEMBL
Resveratrol,RAPAMYCIN TARGET PROTEIN 1,CHEMBL2842,CHEMBL165,Potency,3689.8,nM,5.43,ChEMBL
Resveratrol,RAR-RELATED ORPHAN RECEPTOR C,CHEMBL1293231,CHEMBL165,Potency,10000.0,nM,5.0,ChEMBL
Resveratrol,RAS-RELATED PROTEIN RAB-9A,CHEMBL1293294,CHEMBL165,Potency,3981.1,nM,5.4,ChEMBL
Resveratrol,RAW264.7,CHEMBL612557,CHEMBL165,IC50,4000.0,nM,5.4,ChEMBL
Resveratrol,RCC-ASSOCIATED ANTIGEN G250,CHEMBL3594,CHEMBL165,Ki,810.0,nM,6.09,ChEMBL
Resveratrol,RECEPTOR,CHEMBL4725,CHEMBL165,Ki,169.0,nM,6.77,ChEMBL
Resveratrol,RECEPTOR-TYPE TYROSINE-PROTEIN KINASE FLT3,CHEMBL1974,CHEMBL165,IC50,1400.0,nM,5.85,ChEMBL
Resveratrol,RELA,CHEMBL2094258,CHEMBL165,EC50,5203.0,nM,5.28,ChEMBL
Resveratrol,RENAL CARCINOMA ANTIGEN NY-REN-32,CHEMBL1293235,CHEMBL165,Potency,5.0,nM,8.3,ChEMBL
Resveratrol,RENAL CELL CARCINOMA-ASSOCIATED ANTIGEN G250,CHEMBL3594,CHEMBL165,Ki,810.0,nM,6.09,ChEMBL
Resveratrol,RETICULUM,CHEMBL1781865,CHEMBL165,Potency,130.9,nM,,ChEMBL
Resveratrol,RETINOID-RELATED ORPHAN RECEPTOR-GAMMA,CHEMBL1293231,CHEMBL165,Potency,10000.0,nM,5.0,ChEMBL
Resveratrol,RIBOSYLDIHYDRONICOTINAMIDE DEHYDROGENASE [QUINONE],CHEMBL3959,CHEMBL165,IC50,960.0,nM,6.02,ChEMBL
Resveratrol,RORC,CHEMBL1293231,CHEMBL165,Potency,10000.0,nM,5.0,ChEMBL
Resveratrol,S-APP-ALPHA,CHEMBL2487,CHEMBL165,IC50,4100.0,nM,5.39,ChEMBL
Resveratrol,S-APP-BETA,CHEMBL2487,CHEMBL165,IC50,4100.0,nM,5.39,ChEMBL
Resveratrol,S-MEPHENYTOIN 4-HYDROXYLASE,CHEMBL3397,CHEMBL165,IC50,7000.0,nM,5.16,ChEMBL
Resveratrol,SALIVARY CARBONIC ANHYDRASE,CHEMBL3025,CHEMBL165,Ki,8070.0,nM,5.09,ChEMBL
Resveratrol,SARS-COV-2,CHEMBL4303835,CHEMBL165,EC50,4500.0,nM,5.35,ChEMBL
Resveratrol,SECRETED CARBONIC ANHYDRASE,CHEMBL3025,CHEMBL165,Ki,8070.0,nM,5.09,ChEMBL
Resveratrol,SERINE/THREONINE PROTEIN KINASE PIK3CA,CHEMBL4005,CHEMBL165,IC50,250.0,nM,6.6,ChEMBL
Resveratrol,SERINE/THREONINE PROTEIN KINASE PIK3CB,CHEMBL3145,CHEMBL165,IC50,500.0,nM,6.3,ChEMBL
Resveratrol,SERINE/THREONINE-PROTEIN KINASE MTOR,CHEMBL2842,CHEMBL165,Potency,3689.8,nM,5.43,ChEMBL
Resveratrol,SERINE/THREONINE-PROTEIN KINASE PIM-1,CHEMBL2147,CHEMBL165,IC50,1400.0,nM,5.85,ChEMBL
Resveratrol,SHORT CHAIN DEHYDROGENASE/REDUCTASE FAMILY 36C MEMBER 1,CHEMBL1293255,CHEMBL165,Potency,10000.0,nM,5.0,ChEMBL
Resveratrol,SK-N-SH,CHEMBL614924,CHEMBL165,IC50,0.0403,nM,10.39,ChEMBL
Resveratrol,SK29-AB,CHEMBL1973,CHEMBL165,IC50,1700.0,nM,5.77,ChEMBL
Resveratrol,SLC6A2,CHEMBL222,CHEMBL165,IC50,2312.0,nM,5.64,ChEMBL
Resveratrol,SMN1,CHEMBL1293232,CHEMBL165,Potency,8912.5,nM,5.05,ChEMBL
Resveratrol,SMN2,CHEMBL1293232,CHEMBL165,Potency,8912.5,nM,5.05,ChEMBL
Resveratrol,SODIUM-DEPENDENT NORADRENALINE TRANSPORTER,CHEMBL222,CHEMBL165,IC50,2312.0,nM,5.64,ChEMBL
Resveratrol,SOLUBLE APP-ALPHA,CHEMBL2487,CHEMBL165,IC50,4100.0,nM,5.39,ChEMBL
Resveratrol,SOLUBLE APP-BETA,CHEMBL2487,CHEMBL165,IC50,4100.0,nM,5.39,ChEMBL
Resveratrol,SOLUTE CARRIER FAMILY 6 MEMBER 2,CHEMBL222,CHEMBL165,IC50,2312.0,nM,5.64,ChEMBL
Resveratrol,SPINOCEREBELLAR ATAXIA TYPE 2 PROTEIN,CHEMBL1795085,CHEMBL165,Potency,6309.6,nM,,ChEMBL
Resveratrol,STEM CELL TYROSINE KINASE 1,CHEMBL1974,CHEMBL165,IC50,1400.0,nM,5.85,ChEMBL
Resveratrol,STK-1,CHEMBL1974,CHEMBL165,IC50,1400.0,nM,5.85,ChEMBL
Resveratrol,SUBFAMILY,CHEMBL5160,CHEMBL165,IC50,750.0,nM,6.12,ChEMBL
Resveratrol,SUBUNIT,CHEMBL4005,CHEMBL165,IC50,250.0,nM,6.6,ChEMBL
Resveratrol,SURVIVAL,CHEMBL1293232,CHEMBL165,Potency,8912.5,nM,5.05,ChEMBL
Resveratrol,SURVIVAL MOTOR NEURON PROTEIN,CHEMBL1293232,CHEMBL165,Potency,8912.5,nM,5.05,ChEMBL
Resveratrol,SYNTHASE,CHEMBL2949,CHEMBL165,IC50,380.0,nM,6.42,ChEMBL
Resveratrol,T-CELL ACTIVATION ANTIGEN CD26,CHEMBL284,CHEMBL165,IC50,0.6,nM,9.22,ChEMBL
Resveratrol,TAU,CHEMBL1293224,CHEMBL165,Potency,8912.5,nM,5.05,ChEMBL
Resveratrol,TBPA,CHEMBL3194,CHEMBL165,Kd,470.0,nM,6.33,ChEMBL
Resveratrol,TDP1,CHEMBL1075138,CHEMBL165,Potency,9200.0,nM,,ChEMBL
Resveratrol,THYMUS ORPHAN RECEPTOR,CHEMBL1293231,CHEMBL165,Potency,10000.0,nM,5.0,ChEMBL
Resveratrol,TOR,CHEMBL1293231,CHEMBL165,Potency,10000.0,nM,5.0,ChEMBL
Resveratrol,TP103,CHEMBL284,CHEMBL165,IC50,0.6,nM,9.22,ChEMBL
Resveratrol,TP53,CHEMBL4096,CHEMBL165,Potency,6309.6,nM,5.2,ChEMBL
Resveratrol,TRANSCRIPTION FACTOR P65,CHEMBL2094258,CHEMBL165,EC50,5203.0,nM,5.28,ChEMBL
Resveratrol,TRANSFORMATION-SENSITIVE PROTEIN P120,CHEMBL6007,CHEMBL165,IC50,750.0,nM,6.12,ChEMBL
Resveratrol,TRANSIENT,CHEMBL6007,CHEMBL165,IC50,750.0,nM,6.12,ChEMBL
Resveratrol,TRANSIENT RECEPTOR POTENTIAL CATION CHANNEL SUBFAMILY A MEMBER 1,CHEMBL6007,CHEMBL165,IC50,750.0,nM,6.12,ChEMBL
Resveratrol,TRANSPORTER,CHEMBL222,CHEMBL165,IC50,2312.0,nM,5.64,ChEMBL
Resveratrol,TRANSTHYRETIN,CHEMBL3194,CHEMBL165,Kd,470.0,nM,6.33,ChEMBL
Resveratrol,TRINUCLEOTIDE REPEAT-CONTAINING GENE 13 PROTEIN,CHEMBL1795085,CHEMBL165,Potency,6309.6,nM,,ChEMBL
Resveratrol,TRPA1,CHEMBL6007,CHEMBL165,IC50,750.0,nM,6.12,ChEMBL
Resveratrol,TTR,CHEMBL3194,CHEMBL165,Kd,470.0,nM,6.33,ChEMBL
Resveratrol,TUBULIN-LYSINE DEACETYLASE HDAC6,CHEMBL1865,CHEMBL165,IC50,1331.0,nM,5.88,ChEMBL
Resveratrol,TUMOR,CHEMBL4096,CHEMBL165,Potency,6309.6,nM,5.2,ChEMBL
Resveratrol,TUMOR ANTIGEN HOM-RCC-3.1.3,CHEMBL3242,CHEMBL165,Ki,950.0,nM,6.02,ChEMBL
Resveratrol,TUMOR REJECTION ANTIGEN AB,CHEMBL1973,CHEMBL165,IC50,1700.0,nM,5.77,ChEMBL
Resveratrol,TUMOR SUPPRESSOR P53,CHEMBL4096,CHEMBL165,Potency,6309.6,nM,5.2,ChEMBL
Resveratrol,TWA3,CHEMBL1741210,CHEMBL165,Potency,158.5,nM,,ChEMBL
Resveratrol,TWO HYBRID-ASSOCIATED PROTEIN 3 WITH RANBPM,CHEMBL1741210,CHEMBL165,Potency,158.5,nM,,ChEMBL
Resveratrol,TYR,CHEMBL1973,CHEMBL165,IC50,1700.0,nM,5.77,ChEMBL
Resveratrol,TYR-DNA PHOSPHODIESTERASE 1,CHEMBL1075138,CHEMBL165,Potency,9200.0,nM,,ChEMBL
Resveratrol,TYROSINASE,CHEMBL1973,CHEMBL165,IC50,1700.0,nM,5.77,ChEMBL
Resveratrol,TYROSINE-PROTEIN KINASE MTOR,CHEMBL2842,CHEMBL165,Potency,3689.8,nM,5.43,ChEMBL
Resveratrol,TYROSYL-DNA PHOSPHODIESTERASE 1,CHEMBL1075138,CHEMBL165,Potency,9200.0,nM,,ChEMBL
Resveratrol,UNCHECKED,CHEMBL612545,CHEMBL165,EC50,6000.0,nM,5.22,ChEMBL
Resveratrol,WASABI RECEPTOR,CHEMBL6007,CHEMBL165,IC50,750.0,nM,6.12,ChEMBL
Salidroside,AMINE,CHEMBL2039,CHEMBL465208,IC50,810.0,nM,6.09,ChEMBL
Salidroside,AMINE OXIDASE [FLAVIN-CONTAINING] B,CHEMBL2039,CHEMBL465208,IC50,810.0,nM,6.09,ChEMBL
Salidroside,MAO-B,CHEMBL2039,CHEMBL465208,IC50,810.0,nM,6.09,ChEMBL
Salidroside,MAOB,CHEMBL2039,CHEMBL465208,IC50,810.0,nM,6.09,ChEMBL
Salidroside,MONOAMINE OXIDASE TYPE B,CHEMBL2039,CHEMBL465208,IC50,810.0,nM,6.09,ChEMBL
Salidroside,OXIDASE,CHEMBL2039,CHEMBL465208,IC50,810.0,nM,6.09,ChEMBL
Salidroside,PC-12,CHEMBL612556,CHEMBL465208,EC50,210.0,nM,6.68,ChEMBL
Schisandrin,A549,CHEMBL392,CHEMBL253688,IC50,8500.0,nM,5.07,ChEMBL
Schisandrin,ANDROGEN RECEPTOR-ASSOCIATED PROTEIN 24,CHEMBL3885569,CHEMBL253688,Potency,2909.3,nM,,ChEMBL
Schisandrin,DU-145,CHEMBL613508,CHEMBL253688,IC50,5380.0,nM,5.27,ChEMBL
Schisandrin,GTP-BINDING NUCLEAR PROTEIN RAN,CHEMBL3885569,CHEMBL253688,Potency,2909.3,nM,,ChEMBL
Schisandrin,GTPASE RAN,CHEMBL3885569,CHEMBL253688,Potency,2909.3,nM,,ChEMBL
Schisandrin,HELA,CHEMBL399,CHEMBL253688,IC50,5060.0,nM,5.3,ChEMBL
Schisandrin,IMPORTIN SUBUNIT BETA-1,CHEMBL3885569,CHEMBL253688,Potency,2909.3,nM,,ChEMBL
Schisandrin,IMPORTIN-90,CHEMBL3885569,CHEMBL253688,Potency,2909.3,nM,,ChEMBL
Schisandrin,KARYOPHERIN SUBUNIT BETA-1,CHEMBL3885569,CHEMBL253688,Potency,2909.3,nM,,ChEMBL
Schisandrin,KPNB1,CHEMBL3885569,CHEMBL253688,Potency,2909.3,nM,,ChEMBL
Schisandrin,NON-STRUCTURAL PROTEIN 1,CHEMBL1293303,CHEMBL253688,Potency,3981.1,nM,5.4,ChEMBL
Schisandrin,NS1,CHEMBL1293303,CHEMBL253688,Potency,3981.1,nM,5.4,ChEMBL
Schisandrin,NUCLEAR FACTOR P97,CHEMBL3885569,CHEMBL253688,Potency,2909.3,nM,,ChEMBL
Schisandrin,PLASMODIUM FALCIPARUM,CHEMBL364,CHEMBL253688,Potency,7375.3,nM,,ChEMBL
Schisandrin,PORE TARGETING COMPLEX 97 KDA SUBUNIT,CHEMBL3885569,CHEMBL253688,Potency,2909.3,nM,,ChEMBL
Schisandrin,PROTEIN,CHEMBL1293303,CHEMBL253688,Potency,3981.1,nM,5.4,ChEMBL
Schisandrin,PTAC97,CHEMBL3885569,CHEMBL253688,Potency,2909.3,nM,,ChEMBL
Schisandrin,RAN,CHEMBL3885569,CHEMBL253688,Potency,2909.3,nM,,ChEMBL
Schisandrin,RAS-LIKE PROTEIN TC4,CHEMBL3885569,CHEMBL253688,Potency,2909.3,nM,,ChEMBL
Schisandrin,RAS-RELATED NUCLEAR PROTEIN,CHEMBL3885569,CHEMBL253688,Potency,2909.3,nM,,ChEMBL
Schisandrin,RNA U TRANSPORTER 1,CHEMBL3885569,CHEMBL253688,Potency,2909.3,nM,,ChEMBL
Schisandrin,SNUPN,CHEMBL3885569,CHEMBL253688,Potency,2909.3,nM,,ChEMBL
Schisandrin,SNURPORTIN-1,CHEMBL3885569,CHEMBL253688,Potency,2909.3,nM,,ChEMBL
Schisandrin,UNCHECKED,CHEMBL612545,CHEMBL253688,IC50,5360.0,nM,5.27,ChEMBL
Schisandrin B,BETA,CHEMBL262,CHEMBL402435,IC50,73.0,nM,7.14,ChEMBL
Schisandrin B,GLYCOGEN,CHEMBL262,CHEMBL402435,IC50,73.0,nM,7.14,ChEMBL
Schisandrin B,GLYCOGEN SYNTHASE KINASE-3 BETA,CHEMBL262,CHEMBL402435,IC50,73.0,nM,7.14,ChEMBL
Schisandrin B,GSK-3 BETA,CHEMBL262,CHEMBL402435,IC50,73.0,nM,7.14,ChEMBL
Schisandrin B,GSK3B,CHEMBL262,CHEMBL402435,IC50,73.0,nM,7.14,ChEMBL
Schisandrin B,SERINE/THREONINE-PROTEIN KINASE GSK3B,CHEMBL262,CHEMBL402435,IC50,73.0,nM,7.14,ChEMBL
Schisandrin B,SYNTHASE,CHEMBL262,CHEMBL402435,IC50,73.0,nM,7.14,ChEMBL
Scutellarein,"1,4-ALPHA-D-GLUCAN GLUCANOHYDROLASE 1",CHEMBL2478,CHEMBL55415,IC50,9640.0,nM,5.02,ChEMBL
Scutellarein,2'-O-METHYLTRANSFERASE NSP16,CHEMBL4523582,CHEMBL55415,IC50,5800.0,nM,5.24,ChEMBL
Scutellarein,3C-LIKE PROTEINASE NSP5,CHEMBL4523582,CHEMBL55415,IC50,5800.0,nM,5.24,ChEMBL
Scutellarein,3CL-PRO,CHEMBL4523582,CHEMBL55415,IC50,5800.0,nM,5.24,ChEMBL
Scutellarein,3CLP,CHEMBL4523582,CHEMBL55415,IC50,5800.0,nM,5.24,ChEMBL
Scutellarein,ALL-1,CHEMBL1293299,CHEMBL55415,IC50,2920.0,nM,5.54,ChEMBL
Scutellarein,ALPHA-AMYLASE 1A,CHEMBL2478,CHEMBL55415,IC50,9640.0,nM,5.02,ChEMBL
Scutellarein,AMY1A,CHEMBL2478,CHEMBL55415,IC50,9640.0,nM,5.02,ChEMBL
Scutellarein,ANION,CHEMBL1743124,CHEMBL55415,IC50,350.0,nM,6.46,ChEMBL
Scutellarein,C-TERMINAL CLEAVAGE PRODUCT OF 180 KDA,CHEMBL1293299,CHEMBL55415,IC50,2920.0,nM,5.54,ChEMBL
Scutellarein,CARRIER,CHEMBL1743124,CHEMBL55415,IC50,350.0,nM,6.46,ChEMBL
Scutellarein,CD_ANTIGEN=CD135,CHEMBL1974,CHEMBL55415,IC50,10000.0,nM,,ChEMBL
Scutellarein,CXXC-TYPE ZINC FINGER PROTEIN 7,CHEMBL1293299,CHEMBL55415,IC50,2920.0,nM,5.54,ChEMBL
Scutellarein,CYP1A1,CHEMBL2231,CHEMBL55415,Ki,1640.0,nM,5.79,ChEMBL
Scutellarein,CYP1B1,CHEMBL4878,CHEMBL55415,Ki,220.0,nM,6.66,ChEMBL
Scutellarein,CYPIA1,CHEMBL2231,CHEMBL55415,Ki,1640.0,nM,5.79,ChEMBL
Scutellarein,CYPIB1,CHEMBL4878,CHEMBL55415,Ki,220.0,nM,6.66,ChEMBL
Scutellarein,CYSTEINE METHYLTRANSFERASE KMT2A,CHEMBL1293299,CHEMBL55415,IC50,2920.0,nM,5.54,ChEMBL
Scutellarein,CYTOCHROME,CHEMBL4878,CHEMBL55415,Ki,220.0,nM,6.66,ChEMBL
Scutellarein,CYTOCHROME P450 1A1,CHEMBL2231,CHEMBL55415,Ki,1640.0,nM,5.79,ChEMBL
Scutellarein,CYTOCHROME P450 1B1,CHEMBL4878,CHEMBL55415,Ki,220.0,nM,6.66,ChEMBL
Scutellarein,CYTOCHROME P450 FORM 6,CHEMBL2231,CHEMBL55415,Ki,1640.0,nM,5.79,ChEMBL
Scutellarein,CYTOCHROME P450-C,CHEMBL2231,CHEMBL55415,Ki,1640.0,nM,5.79,ChEMBL
Scutellarein,CYTOCHROME P450-P1,CHEMBL2231,CHEMBL55415,Ki,1640.0,nM,5.79,ChEMBL
Scutellarein,ENHANCER OF ZESTE HOMOLOG 1,CHEMBL2189116,CHEMBL55415,IC50,8770.0,nM,5.06,ChEMBL
Scutellarein,ENX-2,CHEMBL2189116,CHEMBL55415,IC50,8770.0,nM,5.06,ChEMBL
Scutellarein,EXON,CHEMBL4523582,CHEMBL55415,IC50,5800.0,nM,5.24,ChEMBL
Scutellarein,EZH1,CHEMBL2189116,CHEMBL55415,IC50,8770.0,nM,5.06,ChEMBL
Scutellarein,FAMILY,CHEMBL1743124,CHEMBL55415,IC50,350.0,nM,6.46,ChEMBL
Scutellarein,FETAL LIVER KINASE-2,CHEMBL1974,CHEMBL55415,IC50,10000.0,nM,,ChEMBL
Scutellarein,FL CYTOKINE RECEPTOR,CHEMBL1974,CHEMBL55415,IC50,10000.0,nM,,ChEMBL
Scutellarein,FLK-2,CHEMBL1974,CHEMBL55415,IC50,10000.0,nM,,ChEMBL
Scutellarein,FLT-3,CHEMBL1974,CHEMBL55415,IC50,10000.0,nM,,ChEMBL
Scutellarein,FLT3,CHEMBL1974,CHEMBL55415,IC50,10000.0,nM,,ChEMBL
Scutellarein,FMS-LIKE TYROSINE KINASE 3,CHEMBL1974,CHEMBL55415,IC50,10000.0,nM,,ChEMBL
Scutellarein,G PROTEIN-COUPLED RECEPTOR KINASE 6,CHEMBL6144,CHEMBL55415,IC50,6610.0,nM,5.18,ChEMBL
Scutellarein,G PROTEIN-COUPLED RECEPTOR KINASE GRK6,CHEMBL6144,CHEMBL55415,IC50,6610.0,nM,5.18,ChEMBL
Scutellarein,GFL,CHEMBL4523582,CHEMBL55415,IC50,5800.0,nM,5.24,ChEMBL
Scutellarein,GRK6,CHEMBL6144,CHEMBL55415,IC50,6610.0,nM,5.18,ChEMBL
Scutellarein,GROWTH FACTOR-LIKE PEPTIDE,CHEMBL4523582,CHEMBL55415,IC50,5800.0,nM,5.24,ChEMBL
Scutellarein,GUANINE-N7 METHYLTRANSFERASE NSP14,CHEMBL4523582,CHEMBL55415,IC50,5800.0,nM,5.24,ChEMBL
Scutellarein,H3-K4-HMTASE SETD7,CHEMBL5523,CHEMBL55415,IC50,1960.0,nM,5.71,ChEMBL
Scutellarein,HEL,CHEMBL4523582,CHEMBL55415,IC50,5800.0,nM,5.24,ChEMBL
Scutellarein,HELICASE NSP13,CHEMBL4523582,CHEMBL55415,IC50,5800.0,nM,5.24,ChEMBL
Scutellarein,HISTONE H3-K4 METHYLTRANSFERASE SETD7,CHEMBL5523,CHEMBL55415,IC50,1960.0,nM,5.71,ChEMBL
Scutellarein,HISTONE-LYSINE N-METHYLTRANSFERASE 2A,CHEMBL1293299,CHEMBL55415,IC50,2920.0,nM,5.54,ChEMBL
Scutellarein,HISTONE-LYSINE N-METHYLTRANSFERASE EZH1,CHEMBL2189116,CHEMBL55415,IC50,8770.0,nM,5.06,ChEMBL
Scutellarein,HISTONE-LYSINE N-METHYLTRANSFERASE NSD2,CHEMBL3108645,CHEMBL55415,IC50,2650.0,nM,5.58,ChEMBL
Scutellarein,HISTONE-LYSINE N-METHYLTRANSFERASE SETD7,CHEMBL5523,CHEMBL55415,IC50,1960.0,nM,5.71,ChEMBL
Scutellarein,HOST TRANSLATION INHIBITOR NSP1,CHEMBL4523582,CHEMBL55415,IC50,5800.0,nM,5.24,ChEMBL
Scutellarein,HYDROPEROXY ICOSATETRAENOATE DEHYDRATASE,CHEMBL4878,CHEMBL55415,Ki,220.0,nM,6.66,ChEMBL
Scutellarein,KINASE,CHEMBL6144,CHEMBL55415,IC50,6610.0,nM,5.18,ChEMBL
Scutellarein,KMT2A,CHEMBL1293299,CHEMBL55415,IC50,2920.0,nM,5.54,ChEMBL
Scutellarein,LEADER PROTEIN,CHEMBL4523582,CHEMBL55415,IC50,5800.0,nM,5.24,ChEMBL
Scutellarein,LYSINE N-METHYLTRANSFERASE 2A,CHEMBL1293299,CHEMBL55415,IC50,2920.0,nM,5.54,ChEMBL
Scutellarein,LYSINE N-METHYLTRANSFERASE 7,CHEMBL5523,CHEMBL55415,IC50,1960.0,nM,5.71,ChEMBL
Scutellarein,MAIN PROTEASE,CHEMBL4523582,CHEMBL55415,IC50,5800.0,nM,5.24,ChEMBL
Scutellarein,MEMBER,CHEMBL1743124,CHEMBL55415,IC50,350.0,nM,6.46,ChEMBL
Scutellarein,MLL CLEAVAGE PRODUCT C180,CHEMBL1293299,CHEMBL55415,IC50,2920.0,nM,5.54,ChEMBL
Scutellarein,MLL CLEAVAGE PRODUCT N320,CHEMBL1293299,CHEMBL55415,IC50,2920.0,nM,5.54,ChEMBL
Scutellarein,MMSET,CHEMBL3108645,CHEMBL55415,IC50,2650.0,nM,5.58,ChEMBL
Scutellarein,MPRO,CHEMBL4523582,CHEMBL55415,IC50,5800.0,nM,5.24,ChEMBL
Scutellarein,MULTIPLE MYELOMA SET DOMAIN-CONTAINING PROTEIN,CHEMBL3108645,CHEMBL55415,IC50,2650.0,nM,5.58,ChEMBL
Scutellarein,MYELOID/LYMPHOID OR MIXED-LINEAGE LEUKEMIA,CHEMBL1293299,CHEMBL55415,IC50,2920.0,nM,5.54,ChEMBL
Scutellarein,MYELOID/LYMPHOID OR MIXED-LINEAGE LEUKEMIA PROTEIN 1,CHEMBL1293299,CHEMBL55415,IC50,2920.0,nM,5.54,ChEMBL
Scutellarein,N-TERMINAL CLEAVAGE PRODUCT OF 320 KDA,CHEMBL1293299,CHEMBL55415,IC50,2920.0,nM,5.54,ChEMBL
Scutellarein,NENDOU,CHEMBL4523582,CHEMBL55415,IC50,5800.0,nM,5.24,ChEMBL
Scutellarein,NON-STRUCTURAL PROTEIN 1,CHEMBL4523582,CHEMBL55415,IC50,5800.0,nM,5.24,ChEMBL
Scutellarein,NON-STRUCTURAL PROTEIN 10,CHEMBL4523582,CHEMBL55415,IC50,5800.0,nM,5.24,ChEMBL
Scutellarein,NON-STRUCTURAL PROTEIN 12,CHEMBL4523582,CHEMBL55415,IC50,5800.0,nM,5.24,ChEMBL
Scutellarein,NON-STRUCTURAL PROTEIN 13,CHEMBL4523582,CHEMBL55415,IC50,5800.0,nM,5.24,ChEMBL
Scutellarein,NON-STRUCTURAL PROTEIN 14,CHEMBL4523582,CHEMBL55415,IC50,5800.0,nM,5.24,ChEMBL
Scutellarein,NON-STRUCTURAL PROTEIN 15,CHEMBL4523582,CHEMBL55415,IC50,5800.0,nM,5.24,ChEMBL
Scutellarein,NON-STRUCTURAL PROTEIN 16,CHEMBL4523582,CHEMBL55415,IC50,5800.0,nM,5.24,ChEMBL
Scutellarein,NON-STRUCTURAL PROTEIN 2,CHEMBL4523582,CHEMBL55415,IC50,5800.0,nM,5.24,ChEMBL
Scutellarein,NON-STRUCTURAL PROTEIN 3,CHEMBL4523582,CHEMBL55415,IC50,5800.0,nM,5.24,ChEMBL
Scutellarein,NON-STRUCTURAL PROTEIN 4,CHEMBL4523582,CHEMBL55415,IC50,5800.0,nM,5.24,ChEMBL
Scutellarein,NON-STRUCTURAL PROTEIN 5,CHEMBL4523582,CHEMBL55415,IC50,5800.0,nM,5.24,ChEMBL
Scutellarein,NON-STRUCTURAL PROTEIN 6,CHEMBL4523582,CHEMBL55415,IC50,5800.0,nM,5.24,ChEMBL
Scutellarein,NON-STRUCTURAL PROTEIN 7,CHEMBL4523582,CHEMBL55415,IC50,5800.0,nM,5.24,ChEMBL
Scutellarein,NON-STRUCTURAL PROTEIN 8,CHEMBL4523582,CHEMBL55415,IC50,5800.0,nM,5.24,ChEMBL
Scutellarein,NON-STRUCTURAL PROTEIN 9,CHEMBL4523582,CHEMBL55415,IC50,5800.0,nM,5.24,ChEMBL
Scutellarein,NSD2,CHEMBL3108645,CHEMBL55415,IC50,2650.0,nM,5.58,ChEMBL
Scutellarein,NSP1,CHEMBL4523582,CHEMBL55415,IC50,5800.0,nM,5.24,ChEMBL
Scutellarein,NSP10,CHEMBL4523582,CHEMBL55415,IC50,5800.0,nM,5.24,ChEMBL
Scutellarein,NSP12,CHEMBL4523582,CHEMBL55415,IC50,5800.0,nM,5.24,ChEMBL
Scutellarein,NSP13,CHEMBL4523582,CHEMBL55415,IC50,5800.0,nM,5.24,ChEMBL
Scutellarein,NSP14,CHEMBL4523582,CHEMBL55415,IC50,5800.0,nM,5.24,ChEMBL
Scutellarein,NSP15,CHEMBL4523582,CHEMBL55415,IC50,5800.0,nM,5.24,ChEMBL
Scutellarein,NSP16,CHEMBL4523582,CHEMBL55415,IC50,5800.0,nM,5.24,ChEMBL
Scutellarein,NSP2,CHEMBL4523582,CHEMBL55415,IC50,5800.0,nM,5.24,ChEMBL
Scutellarein,NSP3,CHEMBL4523582,CHEMBL55415,IC50,5800.0,nM,5.24,ChEMBL
Scutellarein,NSP4,CHEMBL4523582,CHEMBL55415,IC50,5800.0,nM,5.24,ChEMBL
Scutellarein,NSP5,CHEMBL4523582,CHEMBL55415,IC50,5800.0,nM,5.24,ChEMBL
Scutellarein,NSP6,CHEMBL4523582,CHEMBL55415,IC50,5800.0,nM,5.24,ChEMBL
Scutellarein,NSP7,CHEMBL4523582,CHEMBL55415,IC50,5800.0,nM,5.24,ChEMBL
Scutellarein,NSP8,CHEMBL4523582,CHEMBL55415,IC50,5800.0,nM,5.24,ChEMBL
Scutellarein,NSP9,CHEMBL4523582,CHEMBL55415,IC50,5800.0,nM,5.24,ChEMBL
Scutellarein,NUCLEAR SET DOMAIN-CONTAINING PROTEIN 2,CHEMBL3108645,CHEMBL55415,IC50,2650.0,nM,5.58,ChEMBL
Scutellarein,OATP-B,CHEMBL1743124,CHEMBL55415,IC50,350.0,nM,6.46,ChEMBL
Scutellarein,OATP-RP2,CHEMBL1743124,CHEMBL55415,IC50,350.0,nM,6.46,ChEMBL
Scutellarein,OATP2B1,CHEMBL1743124,CHEMBL55415,IC50,350.0,nM,6.46,ChEMBL
Scutellarein,OATPRP2,CHEMBL1743124,CHEMBL55415,IC50,350.0,nM,6.46,ChEMBL
Scutellarein,ORF1AB POLYPROTEIN,CHEMBL4523582,CHEMBL55415,IC50,5800.0,nM,5.24,ChEMBL
Scutellarein,ORGANIC,CHEMBL1743124,CHEMBL55415,IC50,350.0,nM,6.46,ChEMBL
Scutellarein,ORGANIC ANION TRANSPORTER B,CHEMBL1743124,CHEMBL55415,IC50,350.0,nM,6.46,ChEMBL
Scutellarein,ORGANIC ANION TRANSPORTER POLYPEPTIDE-RELATED PROTEIN 2,CHEMBL1743124,CHEMBL55415,IC50,350.0,nM,6.46,ChEMBL
Scutellarein,ORGANIC ANION TRANSPORTING POLYPEPTIDE 2B1,CHEMBL1743124,CHEMBL55415,IC50,350.0,nM,6.46,ChEMBL
Scutellarein,P180,CHEMBL1293299,CHEMBL55415,IC50,2920.0,nM,5.54,ChEMBL
Scutellarein,P320,CHEMBL1293299,CHEMBL55415,IC50,2920.0,nM,5.54,ChEMBL
Scutellarein,P65 HOMOLOG,CHEMBL4523582,CHEMBL55415,IC50,5800.0,nM,5.24,ChEMBL
Scutellarein,PAPAIN-LIKE PROTEASE NSP3,CHEMBL4523582,CHEMBL55415,IC50,5800.0,nM,5.24,ChEMBL
Scutellarein,PAPAIN-LIKE PROTEINASE,CHEMBL4523582,CHEMBL55415,IC50,5800.0,nM,5.24,ChEMBL
Scutellarein,PHOSPHATASE,CHEMBL2396508,CHEMBL55415,IC50,600.0,nM,6.22,ChEMBL
Scutellarein,PL-PRO,CHEMBL4523582,CHEMBL55415,IC50,5800.0,nM,5.24,ChEMBL
Scutellarein,PL2-PRO,CHEMBL4523582,CHEMBL55415,IC50,5800.0,nM,5.24,ChEMBL
Scutellarein,POL,CHEMBL4523582,CHEMBL55415,IC50,5800.0,nM,5.24,ChEMBL
Scutellarein,POLYPROTEIN,CHEMBL4523582,CHEMBL55415,IC50,5800.0,nM,5.24,ChEMBL
Scutellarein,PP1AB,CHEMBL4523582,CHEMBL55415,IC50,5800.0,nM,5.24,ChEMBL
Scutellarein,PROOFREADING EXORIBONUCLEASE NSP14,CHEMBL4523582,CHEMBL55415,IC50,5800.0,nM,5.24,ChEMBL
Scutellarein,PROTEIN TRITHORAX-5,CHEMBL3108645,CHEMBL55415,IC50,2650.0,nM,5.58,ChEMBL
Scutellarein,PTPRS,CHEMBL2396508,CHEMBL55415,IC50,600.0,nM,6.22,ChEMBL
Scutellarein,R-PTP-S,CHEMBL2396508,CHEMBL55415,IC50,600.0,nM,6.22,ChEMBL
Scutellarein,R-PTP-SIGMA,CHEMBL2396508,CHEMBL55415,IC50,600.0,nM,6.22,ChEMBL
Scutellarein,RDRP,CHEMBL4523582,CHEMBL55415,IC50,5800.0,nM,5.24,ChEMBL
Scutellarein,RECEPTOR,CHEMBL6144,CHEMBL55415,IC50,6610.0,nM,5.18,ChEMBL
Scutellarein,RECEPTOR-TYPE TYROSINE-PROTEIN KINASE FLT3,CHEMBL1974,CHEMBL55415,IC50,10000.0,nM,,ChEMBL
Scutellarein,RECEPTOR-TYPE TYROSINE-PROTEIN PHOSPHATASE S,CHEMBL2396508,CHEMBL55415,IC50,600.0,nM,6.22,ChEMBL
Scutellarein,RECEPTOR-TYPE TYROSINE-PROTEIN PHOSPHATASE SIGMA,CHEMBL2396508,CHEMBL55415,IC50,600.0,nM,6.22,ChEMBL
Scutellarein,REP,CHEMBL4523582,CHEMBL55415,IC50,5800.0,nM,5.24,ChEMBL
Scutellarein,REPLICASE,CHEMBL4523582,CHEMBL55415,IC50,5800.0,nM,5.24,ChEMBL
Scutellarein,REPLICASE POLYPROTEIN 1AB,CHEMBL4523582,CHEMBL55415,IC50,5800.0,nM,5.24,ChEMBL
Scutellarein,RNA-CAPPING ENZYME SUBUNIT NSP9,CHEMBL4523582,CHEMBL55415,IC50,5800.0,nM,5.24,ChEMBL
Scutellarein,RNA-DIRECTED RNA POLYMERASE NSP12,CHEMBL4523582,CHEMBL55415,IC50,5800.0,nM,5.24,ChEMBL
Scutellarein,SALIVARY ALPHA-AMYLASE,CHEMBL2478,CHEMBL55415,IC50,9640.0,nM,5.02,ChEMBL
Scutellarein,SARS CORONAVIRUS MAIN PROTEINASE,CHEMBL4523582,CHEMBL55415,IC50,5800.0,nM,5.24,ChEMBL
Scutellarein,SET DOMAIN-CONTAINING PROTEIN 7,CHEMBL5523,CHEMBL55415,IC50,1960.0,nM,5.71,ChEMBL
Scutellarein,SET7/9,CHEMBL5523,CHEMBL55415,IC50,1960.0,nM,5.71,ChEMBL
Scutellarein,SETD7,CHEMBL5523,CHEMBL55415,IC50,1960.0,nM,5.71,ChEMBL
Scutellarein,SLCO2B1,CHEMBL1743124,CHEMBL55415,IC50,350.0,nM,6.46,ChEMBL
Scutellarein,SOLUTE,CHEMBL1743124,CHEMBL55415,IC50,350.0,nM,6.46,ChEMBL
Scutellarein,SOLUTE CARRIER FAMILY 21 MEMBER 9,CHEMBL1743124,CHEMBL55415,IC50,350.0,nM,6.46,ChEMBL
Scutellarein,SOLUTE CARRIER ORGANIC ANION TRANSPORTER FAMILY MEMBER 2B1,CHEMBL1743124,CHEMBL55415,IC50,350.0,nM,6.46,ChEMBL
Scutellarein,STEM CELL TYROSINE KINASE 1,CHEMBL1974,CHEMBL55415,IC50,10000.0,nM,,ChEMBL
Scutellarein,STK-1,CHEMBL1974,CHEMBL55415,IC50,10000.0,nM,,ChEMBL
Scutellarein,TRANSPORTER,CHEMBL1743124,CHEMBL55415,IC50,350.0,nM,6.46,ChEMBL
Scutellarein,TRITHORAX-LIKE PROTEIN,CHEMBL1293299,CHEMBL55415,IC50,2920.0,nM,5.54,ChEMBL
Scutellarein,UNCHECKED,CHEMBL612545,CHEMBL55415,IC50,860.0,nM,6.07,ChEMBL
Scutellarein,URIDYLATE-SPECIFIC ENDORIBONUCLEASE NSP15,CHEMBL4523582,CHEMBL55415,IC50,5800.0,nM,5.24,ChEMBL
Scutellarein,VIRAL PROTEIN GENOME-LINKED NSP9,CHEMBL4523582,CHEMBL55415,IC50,5800.0,nM,5.24,ChEMBL
Scutellarein,WOLF-HIRSCHHORN SYNDROME CANDIDATE 1 PROTEIN,CHEMBL3108645,CHEMBL55415,IC50,2650.0,nM,5.58,ChEMBL
Scutellarein,ZINC FINGER PROTEIN HRX,CHEMBL1293299,CHEMBL55415,IC50,2920.0,nM,5.54,ChEMBL
Shikonin,"1,25-DIHYDROXYVITAMIN D3 RECEPTOR",CHEMBL1977,CHEMBL9470,Potency,1778.3,nM,,ChEMBL
Shikonin,2'-O-METHYLTRANSFERASE NSP16,CHEMBL4523582,CHEMBL9470,IC50,670.0,nM,6.17,ChEMBL
Shikonin,23132-87,CHEMBL1075382,CHEMBL9470,IC50,2108.3,nM,5.68,ChEMBL
Shikonin,3C-LIKE PROTEINASE NSP5,CHEMBL4523582,CHEMBL9470,IC50,670.0,nM,6.17,ChEMBL
Shikonin,3CL-PRO,CHEMBL4523582,CHEMBL9470,IC50,670.0,nM,6.17,ChEMBL
Shikonin,3CLP,CHEMBL4523582,CHEMBL9470,IC50,670.0,nM,6.17,ChEMBL
Shikonin,639-V,CHEMBL1075383,CHEMBL9470,IC50,265.01,nM,6.58,ChEMBL
Shikonin,647-V,CHEMBL1075384,CHEMBL9470,IC50,358.52,nM,6.45,ChEMBL
Shikonin,697,CHEMBL2366253,CHEMBL9470,IC50,875.65,nM,6.06,ChEMBL
Shikonin,769-P,CHEMBL1075385,CHEMBL9470,IC50,688.6,nM,6.16,ChEMBL
Shikonin,786-0,CHEMBL613102,CHEMBL9470,IC50,343.75,nM,6.46,ChEMBL
Shikonin,8-MG-BA,CHEMBL2366115,CHEMBL9470,IC50,85.56,nM,7.07,ChEMBL
Shikonin,8305C,CHEMBL1075386,CHEMBL9470,IC50,304.84,nM,6.52,ChEMBL
Shikonin,8505C,CHEMBL1075387,CHEMBL9470,IC50,3099.47,nM,5.51,ChEMBL
Shikonin,A 172,CHEMBL614512,CHEMBL9470,IC50,469.75,nM,6.33,ChEMBL
Shikonin,A-375,CHEMBL613859,CHEMBL9470,IC50,311.11,nM,6.51,ChEMBL
Shikonin,A-427,CHEMBL614515,CHEMBL9470,IC50,17.99,nM,7.75,ChEMBL
Shikonin,A-431,CHEMBL614069,CHEMBL9470,IC50,106.97,nM,6.97,ChEMBL
Shikonin,A101D,CHEMBL2366306,CHEMBL9470,IC50,0.7121,nM,9.15,ChEMBL
Shikonin,A204,CHEMBL614514,CHEMBL9470,IC50,126.54,nM,6.9,ChEMBL
Shikonin,A2058,CHEMBL613503,CHEMBL9470,IC50,919.12,nM,6.04,ChEMBL
Shikonin,A253 CELL LINE,CHEMBL614255,CHEMBL9470,IC50,7.493,nM,8.12,ChEMBL
Shikonin,A2780,CHEMBL614004,CHEMBL9470,IC50,2562.45,nM,5.59,ChEMBL
Shikonin,A3-KAW,CHEMBL2366273,CHEMBL9470,IC50,2140.29,nM,5.67,ChEMBL
Shikonin,A388,CHEMBL2366355,CHEMBL9470,IC50,866.56,nM,6.06,ChEMBL
Shikonin,A4-FUK,CHEMBL2366356,CHEMBL9470,IC50,249.73,nM,6.6,ChEMBL
Shikonin,A498,CHEMBL614516,CHEMBL9470,IC50,81.9,nM,7.09,ChEMBL
Shikonin,A549,CHEMBL392,CHEMBL9470,IC50,3530.0,nM,5.45,ChEMBL
Shikonin,A673,CHEMBL614517,CHEMBL9470,IC50,1220.48,nM,5.91,ChEMBL
Shikonin,A704,CHEMBL614567,CHEMBL9470,IC50,2704.66,nM,5.57,ChEMBL
Shikonin,ABC-1,CHEMBL1075391,CHEMBL9470,IC50,707.48,nM,6.15,ChEMBL
Shikonin,ACHN,CHEMBL614519,CHEMBL9470,IC50,146.38,nM,6.83,ChEMBL
Shikonin,ACN,CHEMBL2366195,CHEMBL9470,IC50,916.95,nM,6.04,ChEMBL
Shikonin,ACUTE MYELOID LEUKEMIA 1 PROTEIN,CHEMBL2093862,CHEMBL9470,Potency,68.4,nM,,ChEMBL
Shikonin,ADMET,CHEMBL612558,CHEMBL9470,IC50,1300.0,nM,5.89,ChEMBL
Shikonin,AGS,CHEMBL613860,CHEMBL9470,IC50,612.57,nM,6.21,ChEMBL
Shikonin,ALL-PO,CHEMBL2366294,CHEMBL9470,IC50,315.12,nM,6.5,ChEMBL
Shikonin,AM-38,CHEMBL2366192,CHEMBL9470,IC50,96.31,nM,7.02,ChEMBL
Shikonin,AN3-CA,CHEMBL1075392,CHEMBL9470,IC50,79.65,nM,7.1,ChEMBL
Shikonin,AP ENDONUCLEASE 1,CHEMBL5619,CHEMBL9470,Potency,7079.5,nM,,ChEMBL
Shikonin,APE-1,CHEMBL5619,CHEMBL9470,Potency,7079.5,nM,,ChEMBL
Shikonin,APEN,CHEMBL5619,CHEMBL9470,Potency,7079.5,nM,,ChEMBL
Shikonin,APEX NUCLEASE,CHEMBL5619,CHEMBL9470,Potency,7079.5,nM,,ChEMBL
Shikonin,APEX1,CHEMBL5619,CHEMBL9470,Potency,7079.5,nM,,ChEMBL
Shikonin,APURINIC-APYRIMIDINIC ENDONUCLEASE 1,CHEMBL5619,CHEMBL9470,Potency,7079.5,nM,,ChEMBL
Shikonin,ARH-77,CHEMBL2366241,CHEMBL9470,IC50,873.49,nM,6.06,ChEMBL
Shikonin,ASPC1,CHEMBL612588,CHEMBL9470,IC50,618.87,nM,6.21,ChEMBL
Shikonin,ATN-1,CHEMBL2366277,CHEMBL9470,IC50,849.13,nM,6.07,ChEMBL
Shikonin,ATP-DEPENDENT DNA HELICASE Q1,CHEMBL1293236,CHEMBL9470,Potency,10000.0,nM,5.0,ChEMBL
Shikonin,AU565,CHEMBL1075393,CHEMBL9470,IC50,1239.81,nM,5.91,ChEMBL
Shikonin,B16-F10,CHEMBL612656,CHEMBL9470,IC50,3720.0,nM,5.43,ChEMBL
Shikonin,BB30-HNC,CHEMBL2366271,CHEMBL9470,IC50,243.49,nM,6.61,ChEMBL
Shikonin,BB65-RCC,CHEMBL2366247,CHEMBL9470,IC50,695.45,nM,6.16,ChEMBL
Shikonin,BC-3,CHEMBL2366371,CHEMBL9470,IC50,926.19,nM,6.03,ChEMBL
Shikonin,BC1 CELL LINE,CHEMBL614277,CHEMBL9470,IC50,2681.4,nM,5.57,ChEMBL
Shikonin,BCPAP,CHEMBL1075394,CHEMBL9470,IC50,922.59,nM,6.04,ChEMBL
Shikonin,BE-13,CHEMBL2366303,CHEMBL9470,IC50,1195.23,nM,5.92,ChEMBL
Shikonin,BEAS-2B,CHEMBL4296403,CHEMBL9470,IC50,5360.0,nM,5.27,ChEMBL
Shikonin,BECKER,CHEMBL2366230,CHEMBL9470,IC50,1582.22,nM,5.8,ChEMBL
Shikonin,BEL-7402,CHEMBL614279,CHEMBL9470,IC50,1240.0,nM,5.91,ChEMBL
Shikonin,BEN,CHEMBL1075395,CHEMBL9470,IC50,813.72,nM,6.09,ChEMBL
Shikonin,BFTC-905,CHEMBL1075396,CHEMBL9470,IC50,283.61,nM,6.55,ChEMBL
Shikonin,BFTC-909,CHEMBL1075397,CHEMBL9470,IC50,3627.83,nM,5.44,ChEMBL
Shikonin,BHT-101,CHEMBL1075398,CHEMBL9470,IC50,1250.23,nM,5.9,ChEMBL
Shikonin,BHY,CHEMBL1075399,CHEMBL9470,IC50,563.96,nM,6.25,ChEMBL
Shikonin,BL-41,CHEMBL2366173,CHEMBL9470,IC50,483.4,nM,6.32,ChEMBL
Shikonin,BL-70,CHEMBL2366317,CHEMBL9470,IC50,278.02,nM,6.56,ChEMBL
Shikonin,BOKU,CHEMBL2366109,CHEMBL9470,IC50,1874.88,nM,5.73,ChEMBL
Shikonin,BPH-1,CHEMBL2366131,CHEMBL9470,IC50,1259.99,nM,5.9,ChEMBL
Shikonin,BT-20,CHEMBL613870,CHEMBL9470,IC50,2561.3,nM,5.59,ChEMBL
Shikonin,BT-474,CHEMBL614529,CHEMBL9470,IC50,208.36,nM,6.68,ChEMBL
Shikonin,BV-173,CHEMBL2366145,CHEMBL9470,IC50,435.95,nM,6.36,ChEMBL
Shikonin,BXPC-3,CHEMBL614530,CHEMBL9470,IC50,333.58,nM,6.48,ChEMBL
Shikonin,C-33-A,CHEMBL2366313,CHEMBL9470,IC50,912.75,nM,6.04,ChEMBL
Shikonin,C-4-II,CHEMBL1075400,CHEMBL9470,IC50,587.72,nM,6.23,ChEMBL
Shikonin,C2BBE1,CHEMBL2366283,CHEMBL9470,IC50,755.64,nM,6.12,ChEMBL
Shikonin,C32,CHEMBL1075401,CHEMBL9470,IC50,2677.89,nM,5.57,ChEMBL
Shikonin,C3A,CHEMBL1075402,CHEMBL9470,IC50,657.06,nM,6.18,ChEMBL
Shikonin,C8166,CHEMBL614533,CHEMBL9470,IC50,407.51,nM,6.39,ChEMBL
Shikonin,CA-SKI,CHEMBL1075403,CHEMBL9470,IC50,650.31,nM,6.19,ChEMBL
Shikonin,CA46,CHEMBL612566,CHEMBL9470,IC50,191.85,nM,6.72,ChEMBL
Shikonin,CA9-22,CHEMBL1075404,CHEMBL9470,IC50,580.63,nM,6.24,ChEMBL
Shikonin,CAKI-1,CHEMBL614067,CHEMBL9470,IC50,894.13,nM,6.05,ChEMBL
Shikonin,CAL-120,CHEMBL1075405,CHEMBL9470,IC50,1360.85,nM,5.87,ChEMBL
Shikonin,CAL-12T,CHEMBL1075406,CHEMBL9470,IC50,1902.22,nM,5.72,ChEMBL
Shikonin,CAL-148,CHEMBL1075407,CHEMBL9470,IC50,676.6,nM,6.17,ChEMBL
Shikonin,CAL-33,CHEMBL1075409,CHEMBL9470,IC50,2000.04,nM,5.7,ChEMBL
Shikonin,CAL-39,CHEMBL1075410,CHEMBL9470,IC50,483.23,nM,6.32,ChEMBL
Shikonin,CAL-51,CHEMBL1075411,CHEMBL9470,IC50,20.85,nM,7.68,ChEMBL
Shikonin,CAL-54,CHEMBL1075412,CHEMBL9470,IC50,1419.9,nM,5.85,ChEMBL
Shikonin,CAL-62,CHEMBL1075413,CHEMBL9470,IC50,1279.99,nM,5.89,ChEMBL
Shikonin,CAL-72,CHEMBL1075414,CHEMBL9470,IC50,1012.93,nM,5.99,ChEMBL
Shikonin,CAL-85-1,CHEMBL1075415,CHEMBL9470,IC50,160.73,nM,6.79,ChEMBL
Shikonin,CALU-1,CHEMBL613505,CHEMBL9470,IC50,1232.12,nM,5.91,ChEMBL
Shikonin,CALU-3,CHEMBL614534,CHEMBL9470,IC50,1108.34,nM,5.96,ChEMBL
Shikonin,CAMA-1,CHEMBL1075416,CHEMBL9470,IC50,1516.69,nM,5.82,ChEMBL
Shikonin,CAOV-3 CELL LINE,CHEMBL614379,CHEMBL9470,IC50,766.5,nM,6.12,ChEMBL
Shikonin,CAOV-4,CHEMBL2366249,CHEMBL9470,IC50,1884.19,nM,5.72,ChEMBL
Shikonin,CAPAN-1,CHEMBL614536,CHEMBL9470,IC50,758.89,nM,6.12,ChEMBL
Shikonin,CAPAN-2,CHEMBL1075417,CHEMBL9470,IC50,1005.29,nM,6.0,ChEMBL
Shikonin,CAR-1,CHEMBL1075418,CHEMBL9470,IC50,1308.43,nM,5.88,ChEMBL
Shikonin,CAS-1,CHEMBL2366100,CHEMBL9470,IC50,462.11,nM,6.33,ChEMBL
Shikonin,CBF-ALPHA-2,CHEMBL2093862,CHEMBL9470,Potency,68.4,nM,,ChEMBL
Shikonin,CBF-BETA,CHEMBL2093862,CHEMBL9470,Potency,68.4,nM,,ChEMBL
Shikonin,CBFB,CHEMBL2093862,CHEMBL9470,Potency,68.4,nM,,ChEMBL
Shikonin,CCF-STTG1,CHEMBL1075419,CHEMBL9470,IC50,768.01,nM,6.12,ChEMBL
Shikonin,CCRF-CEM,CHEMBL382,CHEMBL9470,IC50,567.02,nM,6.25,ChEMBL
Shikonin,CDC25A,CHEMBL3775,CHEMBL9470,IC50,220.0,nM,6.66,ChEMBL
Shikonin,CDC25B,CHEMBL4804,CHEMBL9470,IC50,400.0,nM,6.4,ChEMBL
Shikonin,CDC25C,CHEMBL2378,CHEMBL9470,IC50,4780.0,nM,5.32,ChEMBL
Shikonin,CESS,CHEMBL2366361,CHEMBL9470,IC50,776.45,nM,6.11,ChEMBL
Shikonin,CGTH-W-1,CHEMBL2366300,CHEMBL9470,IC50,499.93,nM,6.3,ChEMBL
Shikonin,CHAGO-K-1,CHEMBL1075421,CHEMBL9470,IC50,656.72,nM,6.18,ChEMBL
Shikonin,CHL-1,CHEMBL1075422,CHEMBL9470,IC50,167.8,nM,6.78,ChEMBL
Shikonin,CHP-126,CHEMBL2366137,CHEMBL9470,IC50,695.35,nM,6.16,ChEMBL
Shikonin,CHP-212,CHEMBL1075423,CHEMBL9470,IC50,1096.47,nM,5.96,ChEMBL
Shikonin,CMK,CHEMBL2366177,CHEMBL9470,IC50,352.13,nM,6.45,ChEMBL
Shikonin,CNE,CHEMBL613824,CHEMBL9470,IC50,700.0,nM,6.16,ChEMBL
Shikonin,COLO 205,CHEMBL614561,CHEMBL9470,IC50,537.72,nM,6.27,ChEMBL
Shikonin,COLO-320-HSR,CHEMBL2366265,CHEMBL9470,IC50,384.48,nM,6.42,ChEMBL
Shikonin,COLO-668,CHEMBL2366215,CHEMBL9470,IC50,6196.13,nM,5.21,ChEMBL
Shikonin,COLO-678,CHEMBL1075425,CHEMBL9470,IC50,1628.64,nM,5.79,ChEMBL
Shikonin,COLO-679,CHEMBL1075426,CHEMBL9470,IC50,184.01,nM,6.74,ChEMBL
Shikonin,COLO-680N,CHEMBL1075427,CHEMBL9470,IC50,590.03,nM,6.23,ChEMBL
Shikonin,COLO-684,CHEMBL2366176,CHEMBL9470,IC50,400.53,nM,6.4,ChEMBL
Shikonin,COLO-741,CHEMBL1075428,CHEMBL9470,IC50,2694.21,nM,5.57,ChEMBL
Shikonin,COLO-824,CHEMBL1075430,CHEMBL9470,IC50,715.2,nM,6.15,ChEMBL
Shikonin,COLO-829,CHEMBL2366275,CHEMBL9470,IC50,657.99,nM,6.18,ChEMBL
Shikonin,COMPLEX,CHEMBL4105809,CHEMBL9470,IC50,190.0,nM,6.72,ChEMBL
Shikonin,COMPONENT OF GEMS 1,CHEMBL1293232,CHEMBL9470,Potency,5623.4,nM,5.25,ChEMBL
Shikonin,COP9 SIGNALOSOME COMPLEX SUBUNIT 5,CHEMBL4105809,CHEMBL9470,IC50,190.0,nM,6.72,ChEMBL
Shikonin,COPS5,CHEMBL4105809,CHEMBL9470,IC50,190.0,nM,6.72,ChEMBL
Shikonin,COR-L105,CHEMBL1075431,CHEMBL9470,IC50,230.34,nM,6.64,ChEMBL
Shikonin,COR-L23,CHEMBL613854,CHEMBL9470,IC50,301.5,nM,6.52,ChEMBL
Shikonin,CORE-BINDING FACTOR SUBUNIT ALPHA-2,CHEMBL2093862,CHEMBL9470,Potency,68.4,nM,,ChEMBL
Shikonin,CORE-BINDING FACTOR SUBUNIT BETA,CHEMBL2093862,CHEMBL9470,Potency,68.4,nM,,ChEMBL
Shikonin,CP50-MEL-B,CHEMBL2366076,CHEMBL9470,IC50,1433.36,nM,5.84,ChEMBL
Shikonin,CP66-MEL,CHEMBL2366363,CHEMBL9470,IC50,2396.67,nM,5.62,ChEMBL
Shikonin,CTB-1,CHEMBL2366344,CHEMBL9470,IC50,859.02,nM,6.07,ChEMBL
Shikonin,CTHBP,CHEMBL1075189,CHEMBL9470,IC50,8820.0,nM,5.05,ChEMBL
Shikonin,CWR22R,CHEMBL612657,CHEMBL9470,IC50,4614.94,nM,5.34,ChEMBL
Shikonin,CYTOSOLIC THYROID HORMONE-BINDING PROTEIN,CHEMBL1075189,CHEMBL9470,IC50,8820.0,nM,5.05,ChEMBL
Shikonin,D-247MG,CHEMBL2366237,CHEMBL9470,IC50,1660.02,nM,5.78,ChEMBL
Shikonin,D-263MG,CHEMBL2366183,CHEMBL9470,IC50,2230.07,nM,5.65,ChEMBL
Shikonin,D-336MG,CHEMBL2366113,CHEMBL9470,IC50,1749.77,nM,5.76,ChEMBL
Shikonin,D-392MG,CHEMBL2366161,CHEMBL9470,IC50,915.29,nM,6.04,ChEMBL
Shikonin,D-502MG,CHEMBL2366343,CHEMBL9470,IC50,4365.48,nM,5.36,ChEMBL
Shikonin,D-542MG,CHEMBL2366208,CHEMBL9470,IC50,580.88,nM,6.24,ChEMBL
Shikonin,D-GALACTOSE 1-PHOSPHATE PHOSPHATASE,CHEMBL1293238,CHEMBL9470,Potency,7079.5,nM,5.15,ChEMBL
Shikonin,D283 MED,CHEMBL614476,CHEMBL9470,IC50,835.31,nM,6.08,ChEMBL
Shikonin,DAOY,CHEMBL612519,CHEMBL9470,IC50,158.77,nM,6.8,ChEMBL
Shikonin,DAUDI,CHEMBL614281,CHEMBL9470,IC50,3442.87,nM,5.46,ChEMBL
Shikonin,DB,CHEMBL2366331,CHEMBL9470,IC50,726.29,nM,6.14,ChEMBL
Shikonin,DBTRG-05MG,CHEMBL614801,CHEMBL9470,IC50,611.1,nM,6.21,ChEMBL
Shikonin,DEL,CHEMBL2366186,CHEMBL9470,IC50,153.81,nM,6.81,ChEMBL
Shikonin,DG-75,CHEMBL2366199,CHEMBL9470,IC50,1167.49,nM,5.93,ChEMBL
Shikonin,DINB PROTEIN,CHEMBL5365,CHEMBL9470,Potency,891.3,nM,,ChEMBL
Shikonin,DINP,CHEMBL5365,CHEMBL9470,Potency,891.3,nM,,ChEMBL
Shikonin,DJM-1,CHEMBL2366264,CHEMBL9470,IC50,6387.23,nM,5.2,ChEMBL
Shikonin,DK-MG,CHEMBL1075433,CHEMBL9470,IC50,9817.5,nM,5.01,ChEMBL
Shikonin,DMS-273,CHEMBL614034,CHEMBL9470,IC50,395.79,nM,6.4,ChEMBL
Shikonin,DNA,CHEMBL1293236,CHEMBL9470,Potency,10000.0,nM,5.0,ChEMBL
Shikonin,DNA 3'-5' HELICASE Q1,CHEMBL1293236,CHEMBL9470,Potency,10000.0,nM,5.0,ChEMBL
Shikonin,"DNA HELICASE, RECQ-LIKE TYPE 1",CHEMBL1293236,CHEMBL9470,Potency,10000.0,nM,5.0,ChEMBL
Shikonin,DNA POLYMERASE KAPPA,CHEMBL5365,CHEMBL9470,Potency,891.3,nM,,ChEMBL
Shikonin,DNA REPAIR NUCLEASE/REDOX REGULATOR APEX1,CHEMBL5619,CHEMBL9470,Potency,7079.5,nM,,ChEMBL
Shikonin,"DNA REPAIR NUCLEASE/REDOX REGULATOR APEX1, MITOCHONDRIAL",CHEMBL5619,CHEMBL9470,Potency,7079.5,nM,,ChEMBL
Shikonin,DNA TOPOISOMERASE 2-ALPHA,CHEMBL2094255,CHEMBL9470,IC50,6200.0,nM,5.21,ChEMBL
Shikonin,DNA TOPOISOMERASE 2-BETA,CHEMBL2094255,CHEMBL9470,IC50,6200.0,nM,5.21,ChEMBL
Shikonin,"DNA TOPOISOMERASE II, ALPHA ISOZYME",CHEMBL2094255,CHEMBL9470,IC50,6200.0,nM,5.21,ChEMBL
Shikonin,"DNA TOPOISOMERASE II, BETA ISOZYME",CHEMBL2094255,CHEMBL9470,IC50,6200.0,nM,5.21,ChEMBL
Shikonin,DNA-(APURINIC OR APYRIMIDINIC SITE) ENDONUCLEASE,CHEMBL5619,CHEMBL9470,Potency,7079.5,nM,,ChEMBL
Shikonin,DNA-DEPENDENT ATPASE Q1,CHEMBL1293236,CHEMBL9470,Potency,10000.0,nM,5.0,ChEMBL
Shikonin,DOHH-2,CHEMBL2366181,CHEMBL9470,IC50,706.26,nM,6.15,ChEMBL
Shikonin,DOK,CHEMBL1075435,CHEMBL9470,IC50,5185.18,nM,5.29,ChEMBL
Shikonin,DOTC2-4510,CHEMBL1075436,CHEMBL9470,IC50,262.79,nM,6.58,ChEMBL
Shikonin,DU-145,CHEMBL613508,CHEMBL9470,IC50,193.09,nM,6.71,ChEMBL
Shikonin,DU-4475,CHEMBL2366246,CHEMBL9470,IC50,179.84,nM,6.75,ChEMBL
Shikonin,DUAL SPECIFICITY PHOSPHATASE CDC25A,CHEMBL3775,CHEMBL9470,IC50,220.0,nM,6.66,ChEMBL
Shikonin,DUAL SPECIFICITY PHOSPHATASE CDC25B,CHEMBL4804,CHEMBL9470,IC50,400.0,nM,6.4,ChEMBL
Shikonin,DUAL SPECIFICITY PHOSPHATASE CDC25C,CHEMBL2378,CHEMBL9470,IC50,4780.0,nM,5.32,ChEMBL
Shikonin,EB-3,CHEMBL2366369,CHEMBL9470,IC50,1142.2,nM,5.94,ChEMBL
Shikonin,EB2,CHEMBL2366338,CHEMBL9470,IC50,310.95,nM,6.51,ChEMBL
Shikonin,ECC12,CHEMBL2366180,CHEMBL9470,IC50,9648.24,nM,5.02,ChEMBL
Shikonin,ECC4,CHEMBL2366367,CHEMBL9470,IC50,1203.45,nM,5.92,ChEMBL
Shikonin,EFE-184,CHEMBL1075438,CHEMBL9470,IC50,543.94,nM,6.26,ChEMBL
Shikonin,EFM-19,CHEMBL1075439,CHEMBL9470,IC50,212.1,nM,6.67,ChEMBL
Shikonin,EFO-21,CHEMBL1075440,CHEMBL9470,IC50,1338.59,nM,5.87,ChEMBL
Shikonin,EFO-27,CHEMBL1075441,CHEMBL9470,IC50,330.34,nM,6.48,ChEMBL
Shikonin,EGFR,CHEMBL203,CHEMBL9470,IC50,139.2,nM,6.86,ChEMBL
Shikonin,EGI-1,CHEMBL1075442,CHEMBL9470,IC50,2511.08,nM,5.6,ChEMBL
Shikonin,EHEB,CHEMBL2366258,CHEMBL9470,IC50,2094.47,nM,5.68,ChEMBL
Shikonin,EHMT2,CHEMBL6032,CHEMBL9470,Potency,6309.6,nM,,ChEMBL
Shikonin,EKVX,CHEMBL614487,CHEMBL9470,IC50,3674.07,nM,5.43,ChEMBL
Shikonin,EM-2,CHEMBL2366281,CHEMBL9470,IC50,976.93,nM,6.01,ChEMBL
Shikonin,EOL1,CHEMBL614489,CHEMBL9470,IC50,508.75,nM,6.29,ChEMBL
Shikonin,EPIDERMAL,CHEMBL203,CHEMBL9470,IC50,139.2,nM,6.86,ChEMBL
Shikonin,EPIDERMAL GROWTH FACTOR RECEPTOR,CHEMBL203,CHEMBL9470,IC50,139.2,nM,6.86,ChEMBL
Shikonin,ES1,CHEMBL2366146,CHEMBL9470,IC50,502.89,nM,6.3,ChEMBL
Shikonin,ES3,CHEMBL2366135,CHEMBL9470,IC50,656.49,nM,6.18,ChEMBL
Shikonin,ES4,CHEMBL2366118,CHEMBL9470,IC50,4634.59,nM,5.33,ChEMBL
Shikonin,ES5,CHEMBL2366312,CHEMBL9470,IC50,2634.45,nM,5.58,ChEMBL
Shikonin,ES6,CHEMBL2366373,CHEMBL9470,IC50,7878.52,nM,5.1,ChEMBL
Shikonin,ES7,CHEMBL2366297,CHEMBL9470,IC50,548.49,nM,6.26,ChEMBL
Shikonin,ES8,CHEMBL2366069,CHEMBL9470,IC50,777.79,nM,6.11,ChEMBL
Shikonin,ETK-1,CHEMBL2366116,CHEMBL9470,IC50,2445.68,nM,5.61,ChEMBL
Shikonin,EUCHROMATIC HISTONE-LYSINE N-METHYLTRANSFERASE 2,CHEMBL6032,CHEMBL9470,Potency,6309.6,nM,,ChEMBL
Shikonin,EVSA-T,CHEMBL614295,CHEMBL9470,IC50,409.8,nM,6.39,ChEMBL
Shikonin,EW-1,CHEMBL2366364,CHEMBL9470,IC50,843.9,nM,6.07,ChEMBL
Shikonin,EW-11,CHEMBL2366223,CHEMBL9470,IC50,447.16,nM,6.35,ChEMBL
Shikonin,EW-13,CHEMBL2366124,CHEMBL9470,IC50,266.74,nM,6.57,ChEMBL
Shikonin,EW-16,CHEMBL2366358,CHEMBL9470,IC50,299.15,nM,6.52,ChEMBL
Shikonin,EW-18,CHEMBL2366097,CHEMBL9470,IC50,528.62,nM,6.28,ChEMBL
Shikonin,EW-3,CHEMBL2366307,CHEMBL9470,IC50,721.5,nM,6.14,ChEMBL
Shikonin,EW-7,CHEMBL2366112,CHEMBL9470,IC50,1290.91,nM,5.89,ChEMBL
Shikonin,EXON,CHEMBL4523582,CHEMBL9470,IC50,670.0,nM,6.17,ChEMBL
Shikonin,FACTOR,CHEMBL203,CHEMBL9470,IC50,139.2,nM,6.86,ChEMBL
Shikonin,FADU,CHEMBL612250,CHEMBL9470,IC50,1766.39,nM,5.75,ChEMBL
Shikonin,FIBROBLAST,CHEMBL5314315,CHEMBL9470,IC50,1200.0,nM,5.92,ChEMBL
Shikonin,FTC-133,CHEMBL1075445,CHEMBL9470,IC50,5743.15,nM,5.24,ChEMBL
Shikonin,G-361,CHEMBL614036,CHEMBL9470,IC50,473.21,nM,6.33,ChEMBL
Shikonin,G-401,CHEMBL613509,CHEMBL9470,IC50,234.92,nM,6.63,ChEMBL
Shikonin,G-402,CHEMBL1075446,CHEMBL9470,IC50,881.67,nM,6.05,ChEMBL
Shikonin,GAK,CHEMBL2366301,CHEMBL9470,IC50,1037.69,nM,5.98,ChEMBL
Shikonin,GAMG,CHEMBL1075447,CHEMBL9470,IC50,1709.71,nM,5.77,ChEMBL
Shikonin,GB-1,CHEMBL2366292,CHEMBL9470,IC50,1329.99,nM,5.88,ChEMBL
Shikonin,GCIY,CHEMBL2366234,CHEMBL9470,IC50,35.98,nM,7.44,ChEMBL
Shikonin,GCT,CHEMBL1075448,CHEMBL9470,IC50,1151.53,nM,5.94,ChEMBL
Shikonin,GDM-1,CHEMBL2366157,CHEMBL9470,IC50,2676.06,nM,5.57,ChEMBL
Shikonin,GEMIN-1,CHEMBL1293232,CHEMBL9470,Potency,5623.4,nM,5.25,ChEMBL
Shikonin,GFL,CHEMBL4523582,CHEMBL9470,IC50,670.0,nM,6.17,ChEMBL
Shikonin,GI-1,CHEMBL2366272,CHEMBL9470,IC50,568.29,nM,6.25,ChEMBL
Shikonin,GI-ME-N,CHEMBL2366074,CHEMBL9470,IC50,551.75,nM,6.26,ChEMBL
Shikonin,GOTO,CHEMBL2366179,CHEMBL9470,IC50,4588.35,nM,5.34,ChEMBL
Shikonin,GP5D,CHEMBL1075450,CHEMBL9470,IC50,1337.76,nM,5.87,ChEMBL
Shikonin,GR-ST,CHEMBL2366111,CHEMBL9470,IC50,102.18,nM,6.99,ChEMBL
Shikonin,GROWTH,CHEMBL203,CHEMBL9470,IC50,139.2,nM,6.86,ChEMBL
Shikonin,GROWTH FACTOR-LIKE PEPTIDE,CHEMBL4523582,CHEMBL9470,IC50,670.0,nM,6.17,ChEMBL
Shikonin,GT3TKB,CHEMBL2366148,CHEMBL9470,IC50,345.5,nM,6.46,ChEMBL
Shikonin,GUANINE-N7 METHYLTRANSFERASE NSP14,CHEMBL4523582,CHEMBL9470,IC50,670.0,nM,6.17,ChEMBL
Shikonin,H3-K9-HMTASE 3,CHEMBL6032,CHEMBL9470,Potency,6309.6,nM,,ChEMBL
Shikonin,H4,CHEMBL1075452,CHEMBL9470,IC50,283.93,nM,6.55,ChEMBL
Shikonin,HAL-01,CHEMBL2366142,CHEMBL9470,IC50,195.73,nM,6.71,ChEMBL
Shikonin,HCC1143,CHEMBL1075453,CHEMBL9470,IC50,529.69,nM,6.28,ChEMBL
Shikonin,HCC1187,CHEMBL2366202,CHEMBL9470,IC50,1019.79,nM,5.99,ChEMBL
Shikonin,HCC1419,CHEMBL1075455,CHEMBL9470,IC50,1689.76,nM,5.77,ChEMBL
Shikonin,HCC1569,CHEMBL1075456,CHEMBL9470,IC50,809.94,nM,6.09,ChEMBL
Shikonin,HCC1599,CHEMBL2366063,CHEMBL9470,IC50,388.27,nM,6.41,ChEMBL
Shikonin,HCC1806,CHEMBL1075457,CHEMBL9470,IC50,1270.34,nM,5.9,ChEMBL
Shikonin,HCC1937,CHEMBL1075458,CHEMBL9470,IC50,1662.86,nM,5.78,ChEMBL
Shikonin,HCC1954,CHEMBL1075459,CHEMBL9470,IC50,901.82,nM,6.04,ChEMBL
Shikonin,HCC2157,CHEMBL2366126,CHEMBL9470,IC50,337.83,nM,6.47,ChEMBL
Shikonin,HCC2218,CHEMBL2366221,CHEMBL9470,IC50,496.03,nM,6.3,ChEMBL
Shikonin,HCC38,CHEMBL1075460,CHEMBL9470,IC50,786.51,nM,6.1,ChEMBL
Shikonin,HCC70,CHEMBL1075461,CHEMBL9470,IC50,2008.36,nM,5.7,ChEMBL
Shikonin,HCC827,CHEMBL4296422,CHEMBL9470,IC50,9210.0,nM,5.04,ChEMBL
Shikonin,HCE-4,CHEMBL2366207,CHEMBL9470,IC50,388.84,nM,6.41,ChEMBL
Shikonin,HCE-T,CHEMBL2366139,CHEMBL9470,IC50,720.09,nM,6.14,ChEMBL
Shikonin,HCT-116,CHEMBL394,CHEMBL9470,IC50,230.0,nM,6.64,ChEMBL
Shikonin,HCT-15,CHEMBL612263,CHEMBL9470,IC50,7300.0,nM,5.14,ChEMBL
Shikonin,HCT-8,CHEMBL613510,CHEMBL9470,IC50,9200.0,nM,5.04,ChEMBL
Shikonin,HD-MY-Z,CHEMBL2366322,CHEMBL9470,IC50,470.14,nM,6.33,ChEMBL
Shikonin,HEC-1,CHEMBL1075462,CHEMBL9470,IC50,1134.41,nM,5.95,ChEMBL
Shikonin,HEK-293T,CHEMBL3706568,CHEMBL9470,IC50,1520.0,nM,5.82,ChEMBL
Shikonin,HEL,CHEMBL4523582,CHEMBL9470,IC50,670.0,nM,6.17,ChEMBL
Shikonin,HELA,CHEMBL399,CHEMBL9470,IC50,6420.0,nM,5.19,ChEMBL
Shikonin,HELICASE,CHEMBL1293236,CHEMBL9470,Potency,10000.0,nM,5.0,ChEMBL
Shikonin,HELICASE NSP13,CHEMBL4523582,CHEMBL9470,IC50,670.0,nM,6.17,ChEMBL
Shikonin,HEPG2,CHEMBL395,CHEMBL9470,IC50,240.0,nM,6.62,ChEMBL
Shikonin,HFF-1,CHEMBL4296427,CHEMBL9470,IC50,5000.0,nM,,ChEMBL
Shikonin,HGC-27,CHEMBL1075463,CHEMBL9470,IC50,228.34,nM,6.64,ChEMBL
Shikonin,HH,CHEMBL2366310,CHEMBL9470,IC50,1117.63,nM,5.95,ChEMBL
Shikonin,HISTONE H3-K9 METHYLTRANSFERASE 3,CHEMBL6032,CHEMBL9470,Potency,6309.6,nM,,ChEMBL
Shikonin,HISTONE-LYSINE N-METHYLTRANSFERASE EHMT2,CHEMBL6032,CHEMBL9470,Potency,6309.6,nM,,ChEMBL
Shikonin,HL-60,CHEMBL383,CHEMBL9470,IC50,440.0,nM,6.36,ChEMBL
Shikonin,HLA-B-ASSOCIATED TRANSCRIPT 8,CHEMBL6032,CHEMBL9470,Potency,6309.6,nM,,ChEMBL
Shikonin,HLE,CHEMBL1075464,CHEMBL9470,IC50,88.31,nM,7.05,ChEMBL
Shikonin,HMV-2 CELL LINE,CHEMBL614826,CHEMBL9470,IC50,56.4,nM,7.25,ChEMBL
Shikonin,HN,CHEMBL1075465,CHEMBL9470,IC50,1367.64,nM,5.86,ChEMBL
Shikonin,HO-1-N-1,CHEMBL1075466,CHEMBL9470,IC50,462.12,nM,6.33,ChEMBL
Shikonin,HOP-62,CHEMBL614643,CHEMBL9470,IC50,1160.87,nM,5.93,ChEMBL
Shikonin,HOP-92,CHEMBL613889,CHEMBL9470,IC50,2010.24,nM,5.7,ChEMBL
Shikonin,HOS,CHEMBL614736,CHEMBL9470,IC50,186.08,nM,6.73,ChEMBL
Shikonin,HOST TRANSLATION INHIBITOR NSP1,CHEMBL4523582,CHEMBL9470,IC50,670.0,nM,6.17,ChEMBL
Shikonin,HPAF-II,CHEMBL1075467,CHEMBL9470,IC50,1266.25,nM,5.9,ChEMBL
Shikonin,HS-578T,CHEMBL614645,CHEMBL9470,IC50,6223.4,nM,5.21,ChEMBL
Shikonin,HSC-2,CHEMBL1075468,CHEMBL9470,IC50,223.18,nM,6.65,ChEMBL
Shikonin,HSC-3,CHEMBL612279,CHEMBL9470,IC50,336.66,nM,6.47,ChEMBL
Shikonin,HSC-4,CHEMBL1075469,CHEMBL9470,IC50,2118.83,nM,5.67,ChEMBL
Shikonin,HT,CHEMBL2366130,CHEMBL9470,IC50,1087.45,nM,5.96,ChEMBL
Shikonin,HT-1080,CHEMBL614580,CHEMBL9470,IC50,259.95,nM,6.58,ChEMBL
Shikonin,HT-1376,CHEMBL612258,CHEMBL9470,IC50,915.31,nM,6.04,ChEMBL
Shikonin,HT-144,CHEMBL2366291,CHEMBL9470,IC50,561.17,nM,6.25,ChEMBL
Shikonin,HT-29,CHEMBL384,CHEMBL9470,IC50,644.57,nM,6.19,ChEMBL
Shikonin,HT-3,CHEMBL1075470,CHEMBL9470,IC50,948.27,nM,6.02,ChEMBL
Shikonin,HT1197,CHEMBL614836,CHEMBL9470,IC50,275.82,nM,6.56,ChEMBL
Shikonin,HT55,CHEMBL1075471,CHEMBL9470,IC50,1689.62,nM,5.77,ChEMBL
Shikonin,HTC-C3,CHEMBL1075472,CHEMBL9470,IC50,542.37,nM,6.27,ChEMBL
Shikonin,HUCCT-1,CHEMBL614581,CHEMBL9470,IC50,483.02,nM,6.32,ChEMBL
Shikonin,HUH-7,CHEMBL614039,CHEMBL9470,IC50,1955.26,nM,5.71,ChEMBL
Shikonin,HUO-3N1,CHEMBL1075475,CHEMBL9470,IC50,4433.41,nM,5.35,ChEMBL
Shikonin,HUO9,CHEMBL1075476,CHEMBL9470,IC50,1658.0,nM,5.78,ChEMBL
Shikonin,HUP-T3,CHEMBL1075477,CHEMBL9470,IC50,833.73,nM,6.08,ChEMBL
Shikonin,HUP-T4,CHEMBL1075478,CHEMBL9470,IC50,1361.78,nM,5.87,ChEMBL
Shikonin,HUTU80,CHEMBL614582,CHEMBL9470,IC50,370.2,nM,6.43,ChEMBL
Shikonin,IA-LM,CHEMBL2366366,CHEMBL9470,IC50,2080.5,nM,5.68,ChEMBL
Shikonin,IGR-1,CHEMBL1075479,CHEMBL9470,IC50,153.98,nM,6.81,ChEMBL
Shikonin,IGROV-1,CHEMBL613984,CHEMBL9470,IC50,55.61,nM,7.25,ChEMBL
Shikonin,IM-9,CHEMBL614584,CHEMBL9470,IC50,3412.07,nM,5.47,ChEMBL
Shikonin,IMP 1,CHEMBL1293238,CHEMBL9470,Potency,7079.5,nM,5.15,ChEMBL
Shikonin,IMPA1,CHEMBL1293238,CHEMBL9470,Potency,7079.5,nM,5.15,ChEMBL
Shikonin,IMPASE 1,CHEMBL1293238,CHEMBL9470,Potency,7079.5,nM,5.15,ChEMBL
Shikonin,IMR-5,CHEMBL2366209,CHEMBL9470,IC50,589.4,nM,6.23,ChEMBL
Shikonin,INDUCER,CHEMBL3775,CHEMBL9470,IC50,220.0,nM,6.66,ChEMBL
Shikonin,INOSITOL,CHEMBL1293238,CHEMBL9470,Potency,7079.5,nM,5.15,ChEMBL
Shikonin,INOSITOL MONOPHOSPHATASE 1,CHEMBL1293238,CHEMBL9470,Potency,7079.5,nM,5.15,ChEMBL
Shikonin,INOSITOL-1(OR 4)-MONOPHOSPHATASE 1,CHEMBL1293238,CHEMBL9470,Potency,7079.5,nM,5.15,ChEMBL
Shikonin,IST-MES1,CHEMBL2366194,CHEMBL9470,IC50,1696.61,nM,5.77,ChEMBL
Shikonin,IST-SL2,CHEMBL2366101,CHEMBL9470,IC50,200.14,nM,6.7,ChEMBL
Shikonin,J-RT3-T3-5,CHEMBL2366219,CHEMBL9470,IC50,2086.36,nM,5.68,ChEMBL
Shikonin,J82,CHEMBL614586,CHEMBL9470,IC50,142.55,nM,6.85,ChEMBL
Shikonin,JAR,CHEMBL614587,CHEMBL9470,IC50,3262.95,nM,5.49,ChEMBL
Shikonin,JEG-3,CHEMBL2366348,CHEMBL9470,IC50,3171.65,nM,5.5,ChEMBL
Shikonin,JIYOYE,CHEMBL614588,CHEMBL9470,IC50,1387.92,nM,5.86,ChEMBL
Shikonin,JUN ACTIVATION DOMAIN-BINDING PROTEIN 1,CHEMBL4105809,CHEMBL9470,IC50,190.0,nM,6.72,ChEMBL
Shikonin,JURKAT,CHEMBL397,CHEMBL9470,IC50,970.0,nM,6.01,ChEMBL
Shikonin,JVM-2,CHEMBL2366359,CHEMBL9470,IC50,3868.13,nM,5.41,ChEMBL
Shikonin,K052,CHEMBL2366354,CHEMBL9470,IC50,1098.89,nM,5.96,ChEMBL
Shikonin,K5,CHEMBL2366152,CHEMBL9470,IC50,734.38,nM,6.13,ChEMBL
Shikonin,K562,CHEMBL385,CHEMBL9470,IC50,630.0,nM,6.2,ChEMBL
Shikonin,KALS-1,CHEMBL2366155,CHEMBL9470,IC50,1317.29,nM,5.88,ChEMBL
Shikonin,KAPPA,CHEMBL5365,CHEMBL9470,Potency,891.3,nM,,ChEMBL
Shikonin,KARPAS-299,CHEMBL2366156,CHEMBL9470,IC50,799.41,nM,6.1,ChEMBL
Shikonin,KARPAS-45,CHEMBL2366305,CHEMBL9470,IC50,9989.05,nM,5.0,ChEMBL
Shikonin,KASUMI 1,CHEMBL613988,CHEMBL9470,IC50,123.71,nM,6.91,ChEMBL
Shikonin,KE-37,CHEMBL2366287,CHEMBL9470,IC50,244.45,nM,6.61,ChEMBL
Shikonin,KG-1,CHEMBL612264,CHEMBL9470,IC50,1597.73,nM,5.8,ChEMBL
Shikonin,KGN,CHEMBL2366154,CHEMBL9470,IC50,1307.27,nM,5.88,ChEMBL
Shikonin,KINASE,CHEMBL1075189,CHEMBL9470,IC50,8820.0,nM,5.05,ChEMBL
Shikonin,KLE,CHEMBL2366239,CHEMBL9470,IC50,684.66,nM,6.17,ChEMBL
Shikonin,KM-H2,CHEMBL2366250,CHEMBL9470,IC50,1036.17,nM,5.99,ChEMBL
Shikonin,KM12,CHEMBL614709,CHEMBL9470,IC50,739.71,nM,6.13,ChEMBL
Shikonin,KMOE-2,CHEMBL2366347,CHEMBL9470,IC50,1240.66,nM,5.91,ChEMBL
Shikonin,KMS-12-PE,CHEMBL2366257,CHEMBL9470,IC50,559.38,nM,6.25,ChEMBL
Shikonin,KNS-81-FD,CHEMBL2366203,CHEMBL9470,IC50,1081.94,nM,5.97,ChEMBL
Shikonin,KOSC-2,CHEMBL1075481,CHEMBL9470,IC50,1490.84,nM,5.83,ChEMBL
Shikonin,KP-4,CHEMBL1075482,CHEMBL9470,IC50,500.8,nM,6.3,ChEMBL
Shikonin,KP-N-YS,CHEMBL2366065,CHEMBL9470,IC50,351.7,nM,6.45,ChEMBL
Shikonin,KS-1,CHEMBL2366228,CHEMBL9470,IC50,41.5,nM,7.38,ChEMBL
Shikonin,KU-19-19,CHEMBL1075483,CHEMBL9470,IC50,3183.07,nM,5.5,ChEMBL
Shikonin,KU812 CELL LINE,CHEMBL613997,CHEMBL9470,IC50,8.306,nM,8.08,ChEMBL
Shikonin,KURAMOCHI,CHEMBL2366119,CHEMBL9470,IC50,3159.36,nM,5.5,ChEMBL
Shikonin,KY821,CHEMBL2366190,CHEMBL9470,IC50,746.85,nM,6.13,ChEMBL
Shikonin,KYSE-140,CHEMBL1075484,CHEMBL9470,IC50,373.93,nM,6.43,ChEMBL
Shikonin,KYSE-150 CELL LINE,CHEMBL613998,CHEMBL9470,IC50,901.94,nM,6.04,ChEMBL
Shikonin,KYSE-180,CHEMBL1075485,CHEMBL9470,IC50,1010.32,nM,6.0,ChEMBL
Shikonin,KYSE-270,CHEMBL1075486,CHEMBL9470,IC50,216.92,nM,6.66,ChEMBL
Shikonin,KYSE-410,CHEMBL1075487,CHEMBL9470,IC50,752.42,nM,6.12,ChEMBL
Shikonin,KYSE-450,CHEMBL1075488,CHEMBL9470,IC50,138.15,nM,6.86,ChEMBL
Shikonin,KYSE-510,CHEMBL613868,CHEMBL9470,IC50,252.7,nM,6.6,ChEMBL
Shikonin,KYSE-520 CELL LINE,CHEMBL612701,CHEMBL9470,IC50,598.42,nM,6.22,ChEMBL
Shikonin,KYSE-70 CELL LINE,CHEMBL614012,CHEMBL9470,IC50,2415.66,nM,5.62,ChEMBL
Shikonin,L-428,CHEMBL2366233,CHEMBL9470,IC50,1205.02,nM,5.92,ChEMBL
Shikonin,L-540,CHEMBL2366153,CHEMBL9470,IC50,4900.04,nM,5.31,ChEMBL
Shikonin,L02,CHEMBL4296457,CHEMBL9470,IC50,3410.0,nM,5.47,ChEMBL
Shikonin,L929,CHEMBL612267,CHEMBL9470,IC50,3200.0,nM,5.5,ChEMBL
Shikonin,LAMA-84,CHEMBL2366090,CHEMBL9470,IC50,1209.53,nM,5.92,ChEMBL
Shikonin,LAN-6,CHEMBL2366123,CHEMBL9470,IC50,3219.16,nM,5.49,ChEMBL
Shikonin,LB1047-RCC,CHEMBL2366136,CHEMBL9470,IC50,302.44,nM,6.52,ChEMBL
Shikonin,LB2241-RCC,CHEMBL2366330,CHEMBL9470,IC50,1288.29,nM,5.89,ChEMBL
Shikonin,LB2518-MEL,CHEMBL2366335,CHEMBL9470,IC50,3283.31,nM,5.48,ChEMBL
Shikonin,LB373-MEL-D,CHEMBL2366296,CHEMBL9470,IC50,390.74,nM,6.41,ChEMBL
Shikonin,LB647-SCLC,CHEMBL2366140,CHEMBL9470,IC50,232.78,nM,6.63,ChEMBL
Shikonin,LB831-BLC,CHEMBL2366222,CHEMBL9470,IC50,1916.8,nM,5.72,ChEMBL
Shikonin,LC-2-AD,CHEMBL2366260,CHEMBL9470,IC50,952.55,nM,6.02,ChEMBL
Shikonin,LC4-1,CHEMBL2366091,CHEMBL9470,IC50,360.29,nM,6.44,ChEMBL
Shikonin,LCLC-103H CELL LINE,CHEMBL614066,CHEMBL9470,IC50,345.6,nM,6.46,ChEMBL
Shikonin,LCLC-97TM1,CHEMBL1075489,CHEMBL9470,IC50,613.12,nM,6.21,ChEMBL
Shikonin,LEADER PROTEIN,CHEMBL4523582,CHEMBL9470,IC50,670.0,nM,6.17,ChEMBL
Shikonin,LITHIUM-SENSITIVE MYO-INOSITOL MONOPHOSPHATASE A1,CHEMBL1293238,CHEMBL9470,Potency,7079.5,nM,5.15,ChEMBL
Shikonin,LK-2,CHEMBL1075490,CHEMBL9470,IC50,8570.71,nM,5.07,ChEMBL
Shikonin,LN-405,CHEMBL1075491,CHEMBL9470,IC50,6914.68,nM,5.16,ChEMBL
Shikonin,LOUCY,CHEMBL2366252,CHEMBL9470,IC50,586.06,nM,6.23,ChEMBL
Shikonin,LOVO,CHEMBL614721,CHEMBL9470,IC50,1335.09,nM,5.87,ChEMBL
Shikonin,LOX IMVI,CHEMBL614096,CHEMBL9470,IC50,411.85,nM,6.38,ChEMBL
Shikonin,LP-1,CHEMBL2366066,CHEMBL9470,IC50,686.37,nM,6.16,ChEMBL
Shikonin,LS-1034,CHEMBL2366072,CHEMBL9470,IC50,2747.15,nM,5.56,ChEMBL
Shikonin,LS-123,CHEMBL2366334,CHEMBL9470,IC50,537.66,nM,6.27,ChEMBL
Shikonin,LS-411N,CHEMBL2366189,CHEMBL9470,IC50,3189.61,nM,5.5,ChEMBL
Shikonin,LS-513,CHEMBL2366311,CHEMBL9470,IC50,1477.97,nM,5.83,ChEMBL
Shikonin,LS174T,CHEMBL614097,CHEMBL9470,IC50,8900.0,nM,5.05,ChEMBL
Shikonin,LU-134-A,CHEMBL2366236,CHEMBL9470,IC50,809.71,nM,6.09,ChEMBL
Shikonin,LU-139,CHEMBL2366248,CHEMBL9470,IC50,6264.09,nM,5.2,ChEMBL
Shikonin,LU-165,CHEMBL2366132,CHEMBL9470,IC50,634.05,nM,6.2,ChEMBL
Shikonin,LU-99A,CHEMBL1075493,CHEMBL9470,IC50,1295.65,nM,5.89,ChEMBL
Shikonin,LXF-289 CELL LINE,CHEMBL614107,CHEMBL9470,IC50,3271.56,nM,5.49,ChEMBL
Shikonin,LYSINE N-METHYLTRANSFERASE 1C,CHEMBL6032,CHEMBL9470,Potency,6309.6,nM,,ChEMBL
Shikonin,M-PHASE INDUCER PHOSPHATASE 1,CHEMBL3775,CHEMBL9470,IC50,220.0,nM,6.66,ChEMBL
Shikonin,M-PHASE INDUCER PHOSPHATASE 2,CHEMBL4804,CHEMBL9470,IC50,400.0,nM,6.4,ChEMBL
Shikonin,M-PHASE INDUCER PHOSPHATASE 3,CHEMBL2378,CHEMBL9470,IC50,4780.0,nM,5.32,ChEMBL
Shikonin,M059J,CHEMBL1075494,CHEMBL9470,IC50,134.19,nM,6.87,ChEMBL
Shikonin,M14,CHEMBL614317,CHEMBL9470,IC50,1492.69,nM,5.83,ChEMBL
Shikonin,MAIN PROTEASE,CHEMBL4523582,CHEMBL9470,IC50,670.0,nM,6.17,ChEMBL
Shikonin,MAPT,CHEMBL1293224,CHEMBL9470,Potency,2238.7,nM,5.65,ChEMBL
Shikonin,MC-CAR,CHEMBL2366274,CHEMBL9470,IC50,813.62,nM,6.09,ChEMBL
Shikonin,MC-IXC,CHEMBL1075495,CHEMBL9470,IC50,387.38,nM,6.41,ChEMBL
Shikonin,MC116,CHEMBL2366256,CHEMBL9470,IC50,1786.36,nM,5.75,ChEMBL
Shikonin,MCF10,CHEMBL613878,CHEMBL9470,IC50,4560.0,nM,5.34,ChEMBL
Shikonin,MCF7,CHEMBL387,CHEMBL9470,IC50,1450.0,nM,5.84,ChEMBL
Shikonin,MDA-MB-134-VI,CHEMBL2366242,CHEMBL9470,IC50,709.4,nM,6.15,ChEMBL
Shikonin,MDA-MB-157,CHEMBL1075496,CHEMBL9470,IC50,636.63,nM,6.2,ChEMBL
Shikonin,MDA-MB-175-VII,CHEMBL1075497,CHEMBL9470,IC50,2053.07,nM,5.69,ChEMBL
Shikonin,MDA-MB-231,CHEMBL400,CHEMBL9470,IC50,6600.0,nM,5.18,ChEMBL
Shikonin,MDA-MB-361,CHEMBL614129,CHEMBL9470,IC50,1732.36,nM,5.76,ChEMBL
Shikonin,MDA-MB-415,CHEMBL1075498,CHEMBL9470,IC50,2276.74,nM,5.64,ChEMBL
Shikonin,MDA-MB-436,CHEMBL4296465,CHEMBL9470,IC50,3610.0,nM,5.44,ChEMBL
Shikonin,MDA-MB-453,CHEMBL614334,CHEMBL9470,IC50,2518.94,nM,5.6,ChEMBL
Shikonin,MDA-MB-468,CHEMBL614335,CHEMBL9470,IC50,966.84,nM,6.01,ChEMBL
Shikonin,ME-180,CHEMBL1075499,CHEMBL9470,IC50,278.91,nM,6.55,ChEMBL
Shikonin,MEG-01,CHEMBL2366084,CHEMBL9470,IC50,451.25,nM,6.35,ChEMBL
Shikonin,MEL-HO,CHEMBL1075500,CHEMBL9470,IC50,148.82,nM,6.83,ChEMBL
Shikonin,MEL-JUSO,CHEMBL1075501,CHEMBL9470,IC50,540.14,nM,6.27,ChEMBL
Shikonin,MES-SA,CHEMBL614343,CHEMBL9470,IC50,41.32,nM,7.38,ChEMBL
Shikonin,MEWO,CHEMBL613300,CHEMBL9470,IC50,517.32,nM,6.29,ChEMBL
Shikonin,MFE-280,CHEMBL1075502,CHEMBL9470,IC50,4946.54,nM,5.31,ChEMBL
Shikonin,MFE-296,CHEMBL1075503,CHEMBL9470,IC50,662.44,nM,6.18,ChEMBL
Shikonin,MFH-INO,CHEMBL2366262,CHEMBL9470,IC50,863.85,nM,6.06,ChEMBL
Shikonin,MFM-223,CHEMBL1075504,CHEMBL9470,IC50,898.77,nM,6.05,ChEMBL
Shikonin,MG-63,CHEMBL614347,CHEMBL9470,IC50,256.77,nM,6.59,ChEMBL
Shikonin,MGC-803,CHEMBL3706566,CHEMBL9470,IC50,1510.0,nM,5.82,ChEMBL
Shikonin,MHH-CALL-2,CHEMBL2366286,CHEMBL9470,IC50,715.04,nM,6.15,ChEMBL
Shikonin,MHH-ES-1,CHEMBL1075505,CHEMBL9470,IC50,688.56,nM,6.16,ChEMBL
Shikonin,MHH-NB-11,CHEMBL2366185,CHEMBL9470,IC50,485.95,nM,6.31,ChEMBL
Shikonin,MHH-PREB-1,CHEMBL2366127,CHEMBL9470,IC50,251.57,nM,6.6,ChEMBL
Shikonin,MIA PACA-2,CHEMBL614725,CHEMBL9470,IC50,276.49,nM,6.56,ChEMBL
Shikonin,MICROTUBULE-ASSOCIATED PROTEIN TAU,CHEMBL1293224,CHEMBL9470,Potency,2238.7,nM,5.65,ChEMBL
Shikonin,MKN-1,CHEMBL614352,CHEMBL9470,IC50,235.76,nM,6.63,ChEMBL
Shikonin,MKN-28,CHEMBL614353,CHEMBL9470,IC50,616.87,nM,6.21,ChEMBL
Shikonin,MKN-45,CHEMBL614354,CHEMBL9470,IC50,608.39,nM,6.22,ChEMBL
Shikonin,MKN-7,CHEMBL614355,CHEMBL9470,IC50,2205.51,nM,5.66,ChEMBL
Shikonin,ML-2,CHEMBL614356,CHEMBL9470,IC50,617.74,nM,6.21,ChEMBL
Shikonin,MLMA,CHEMBL2366211,CHEMBL9470,IC50,539.08,nM,6.27,ChEMBL
Shikonin,MMAC-SF,CHEMBL2366196,CHEMBL9470,IC50,751.96,nM,6.12,ChEMBL
Shikonin,MN-60,CHEMBL2366070,CHEMBL9470,IC50,347.88,nM,6.46,ChEMBL
Shikonin,MO,CHEMBL614722,CHEMBL9470,IC50,819.71,nM,6.09,ChEMBL
Shikonin,MOLT-16,CHEMBL2366362,CHEMBL9470,IC50,2762.98,nM,5.56,ChEMBL
Shikonin,MOLT-4,CHEMBL614177,CHEMBL9470,IC50,410.12,nM,6.39,ChEMBL
Shikonin,MONO-MAC-6,CHEMBL2366062,CHEMBL9470,IC50,244.77,nM,6.61,ChEMBL
Shikonin,MONOPHOSPHATASE,CHEMBL1293238,CHEMBL9470,Potency,7079.5,nM,5.15,ChEMBL
Shikonin,MOTOR,CHEMBL1293232,CHEMBL9470,Potency,5623.4,nM,5.25,ChEMBL
Shikonin,MPP-89,CHEMBL2366357,CHEMBL9470,IC50,857.25,nM,6.07,ChEMBL
Shikonin,MPRO,CHEMBL4523582,CHEMBL9470,IC50,670.0,nM,6.17,ChEMBL
Shikonin,MRK-NU-1,CHEMBL2366325,CHEMBL9470,IC50,101.93,nM,6.99,ChEMBL
Shikonin,MS-1,CHEMBL2366125,CHEMBL9470,IC50,1772.48,nM,5.75,ChEMBL
Shikonin,MV4-11,CHEMBL613835,CHEMBL9470,IC50,273.63,nM,6.56,ChEMBL
Shikonin,MZ1-PC,CHEMBL2366204,CHEMBL9470,IC50,19.28,nM,7.71,ChEMBL
Shikonin,MZ2-MEL,CHEMBL2366226,CHEMBL9470,IC50,385.22,nM,6.41,ChEMBL
Shikonin,MZ7-MEL,CHEMBL2366138,CHEMBL9470,IC50,113.72,nM,6.94,ChEMBL
Shikonin,NALM-6,CHEMBL614187,CHEMBL9470,IC50,2.797,nM,8.55,ChEMBL
Shikonin,NB1,CHEMBL2366284,CHEMBL9470,IC50,1034.34,nM,5.99,ChEMBL
Shikonin,NB10,CHEMBL2366243,CHEMBL9470,IC50,1343.65,nM,5.87,ChEMBL
Shikonin,NB12,CHEMBL2366285,CHEMBL9470,IC50,666.31,nM,6.18,ChEMBL
Shikonin,NB13,CHEMBL2366225,CHEMBL9470,IC50,316.93,nM,6.5,ChEMBL
Shikonin,NB5,CHEMBL2366328,CHEMBL9470,IC50,2432.63,nM,5.61,ChEMBL
Shikonin,NB6,CHEMBL2366318,CHEMBL9470,IC50,454.4,nM,6.34,ChEMBL
Shikonin,NB69,CHEMBL1075510,CHEMBL9470,IC50,212.73,nM,6.67,ChEMBL
Shikonin,NCCIT,CHEMBL1075511,CHEMBL9470,IC50,517.16,nM,6.29,ChEMBL
Shikonin,NCI-H1092,CHEMBL2366351,CHEMBL9470,IC50,1393.11,nM,5.86,ChEMBL
Shikonin,NCI-H1299,CHEMBL612255,CHEMBL9470,IC50,1071.94,nM,5.97,ChEMBL
Shikonin,NCI-H1355,CHEMBL2366227,CHEMBL9470,IC50,2822.51,nM,5.55,ChEMBL
Shikonin,NCI-H1417,CHEMBL2366149,CHEMBL9470,IC50,815.92,nM,6.09,ChEMBL
Shikonin,NCI-H1436,CHEMBL2366205,CHEMBL9470,IC50,603.96,nM,6.22,ChEMBL
Shikonin,NCI-H1437,CHEMBL1075513,CHEMBL9470,IC50,1557.48,nM,5.81,ChEMBL
Shikonin,NCI-H1522,CHEMBL2366178,CHEMBL9470,IC50,519.44,nM,6.28,ChEMBL
Shikonin,NCI-H1563,CHEMBL1075514,CHEMBL9470,IC50,626.38,nM,6.2,ChEMBL
Shikonin,NCI-H1618,CHEMBL2366290,CHEMBL9470,IC50,2019.66,nM,5.7,ChEMBL
Shikonin,NCI-H1623,CHEMBL1075517,CHEMBL9470,IC50,2727.21,nM,5.56,ChEMBL
Shikonin,NCI-H1650,CHEMBL1075518,CHEMBL9470,IC50,1375.03,nM,5.86,ChEMBL
Shikonin,NCI-H1694,CHEMBL2366333,CHEMBL9470,IC50,840.09,nM,6.08,ChEMBL
Shikonin,NCI-H1703,CHEMBL1075522,CHEMBL9470,IC50,2297.23,nM,5.64,ChEMBL
Shikonin,NCI-H1734,CHEMBL1075523,CHEMBL9470,IC50,6895.11,nM,5.16,ChEMBL
Shikonin,NCI-H1770,CHEMBL2366171,CHEMBL9470,IC50,243.14,nM,6.61,ChEMBL
Shikonin,NCI-H187,CHEMBL2366276,CHEMBL9470,IC50,2359.32,nM,5.63,ChEMBL
Shikonin,NCI-H1882,CHEMBL2366210,CHEMBL9470,IC50,576.09,nM,6.24,ChEMBL
Shikonin,NCI-H1963,CHEMBL2366075,CHEMBL9470,IC50,100.11,nM,7.0,ChEMBL
Shikonin,NCI-H1975,CHEMBL614348,CHEMBL9470,IC50,4280.0,nM,5.37,ChEMBL
Shikonin,NCI-H1993,CHEMBL1075527,CHEMBL9470,IC50,2940.26,nM,5.53,ChEMBL
Shikonin,NCI-H2009,CHEMBL1075528,CHEMBL9470,IC50,20.54,nM,7.69,ChEMBL
Shikonin,NCI-H2030,CHEMBL1075530,CHEMBL9470,IC50,562.65,nM,6.25,ChEMBL
Shikonin,NCI-H2052,CHEMBL1075531,CHEMBL9470,IC50,61.13,nM,7.21,ChEMBL
Shikonin,NCI-H2081,CHEMBL2366082,CHEMBL9470,IC50,1524.77,nM,5.82,ChEMBL
Shikonin,NCI-H2087,CHEMBL1075532,CHEMBL9470,IC50,440.72,nM,6.36,ChEMBL
Shikonin,NCI-H2141,CHEMBL2366323,CHEMBL9470,IC50,1711.56,nM,5.77,ChEMBL
Shikonin,NCI-H2170,CHEMBL1075534,CHEMBL9470,IC50,1717.23,nM,5.76,ChEMBL
Shikonin,NCI-H2171,CHEMBL2366213,CHEMBL9470,IC50,908.96,nM,6.04,ChEMBL
Shikonin,NCI-H2196,CHEMBL1075535,CHEMBL9470,IC50,654.27,nM,6.18,ChEMBL
Shikonin,NCI-H2227,CHEMBL2366217,CHEMBL9470,IC50,4886.99,nM,5.31,ChEMBL
Shikonin,NCI-H2228,CHEMBL1075536,CHEMBL9470,IC50,900.95,nM,6.04,ChEMBL
Shikonin,NCI-H226,CHEMBL614740,CHEMBL9470,IC50,645.17,nM,6.19,ChEMBL
Shikonin,NCI-H2342,CHEMBL1075537,CHEMBL9470,IC50,134.45,nM,6.87,ChEMBL
Shikonin,NCI-H2347,CHEMBL1075538,CHEMBL9470,IC50,967.81,nM,6.01,ChEMBL
Shikonin,NCI-H2405,CHEMBL1075539,CHEMBL9470,IC50,674.53,nM,6.17,ChEMBL
Shikonin,NCI-H28,CHEMBL1075541,CHEMBL9470,IC50,1008.35,nM,6.0,ChEMBL
Shikonin,NCI-H292,CHEMBL614733,CHEMBL9470,IC50,853.29,nM,6.07,ChEMBL
Shikonin,NCI-H345,CHEMBL614195,CHEMBL9470,IC50,989.57,nM,6.0,ChEMBL
Shikonin,NCI-H358,CHEMBL614135,CHEMBL9470,IC50,657.76,nM,6.18,ChEMBL
Shikonin,NCI-H460,CHEMBL396,CHEMBL9470,IC50,1277.69,nM,5.89,ChEMBL
Shikonin,NCI-H520,CHEMBL614099,CHEMBL9470,IC50,1354.54,nM,5.87,ChEMBL
Shikonin,NCI-H522,CHEMBL614387,CHEMBL9470,IC50,559.79,nM,6.25,ChEMBL
Shikonin,NCI-H526,CHEMBL2366102,CHEMBL9470,IC50,2636.52,nM,5.58,ChEMBL
Shikonin,NCI-H596,CHEMBL612256,CHEMBL9470,IC50,817.86,nM,6.09,ChEMBL
Shikonin,NCI-H630,CHEMBL612540,CHEMBL9470,IC50,1303.9,nM,5.88,ChEMBL
Shikonin,NCI-H64,CHEMBL2366319,CHEMBL9470,IC50,547.1,nM,6.26,ChEMBL
Shikonin,NCI-H650,CHEMBL1075543,CHEMBL9470,IC50,665.19,nM,6.18,ChEMBL
Shikonin,NCI-H661,CHEMBL1075544,CHEMBL9470,IC50,5428.73,nM,5.26,ChEMBL
Shikonin,NCI-H69,CHEMBL614805,CHEMBL9470,IC50,6713.8,nM,5.17,ChEMBL
Shikonin,NCI-H719,CHEMBL2366184,CHEMBL9470,IC50,2611.26,nM,5.58,ChEMBL
Shikonin,NCI-H727,CHEMBL1075545,CHEMBL9470,IC50,638.3,nM,6.2,ChEMBL
Shikonin,NCI-H747,CHEMBL2366087,CHEMBL9470,IC50,441.39,nM,6.36,ChEMBL
Shikonin,NCI-H748,CHEMBL2366163,CHEMBL9470,IC50,1782.46,nM,5.75,ChEMBL
Shikonin,NCI-H810,CHEMBL1075546,CHEMBL9470,IC50,502.62,nM,6.3,ChEMBL
Shikonin,NCI-N87,CHEMBL614197,CHEMBL9470,IC50,2942.3,nM,5.53,ChEMBL
Shikonin,NEC8,CHEMBL2366340,CHEMBL9470,IC50,839.9,nM,6.08,ChEMBL
Shikonin,NENDOU,CHEMBL4523582,CHEMBL9470,IC50,670.0,nM,6.17,ChEMBL
Shikonin,NEUROFIBRILLARY TANGLE PROTEIN,CHEMBL1293224,CHEMBL9470,Potency,2238.7,nM,5.65,ChEMBL
Shikonin,NEURON,CHEMBL1293232,CHEMBL9470,Potency,5623.4,nM,5.25,ChEMBL
Shikonin,NH-12,CHEMBL2366263,CHEMBL9470,IC50,850.19,nM,6.07,ChEMBL
Shikonin,NKM-1,CHEMBL2366133,CHEMBL9470,IC50,101.2,nM,7.0,ChEMBL
Shikonin,NMC-G1,CHEMBL2366349,CHEMBL9470,IC50,1297.14,nM,5.89,ChEMBL
Shikonin,NO-10,CHEMBL2366071,CHEMBL9470,IC50,290.23,nM,6.54,ChEMBL
Shikonin,NO-11,CHEMBL2366326,CHEMBL9470,IC50,805.42,nM,6.09,ChEMBL
Shikonin,NOMO-1,CHEMBL2366198,CHEMBL9470,IC50,1155.91,nM,5.94,ChEMBL
Shikonin,NON-PROTEIN TARGET,CHEMBL3879801,CHEMBL9470,IC50,670.0,nM,6.17,ChEMBL
Shikonin,NON-STRUCTURAL PROTEIN 1,CHEMBL4523582,CHEMBL9470,IC50,670.0,nM,6.17,ChEMBL
Shikonin,NON-STRUCTURAL PROTEIN 10,CHEMBL4523582,CHEMBL9470,IC50,670.0,nM,6.17,ChEMBL
Shikonin,NON-STRUCTURAL PROTEIN 12,CHEMBL4523582,CHEMBL9470,IC50,670.0,nM,6.17,ChEMBL
Shikonin,NON-STRUCTURAL PROTEIN 13,CHEMBL4523582,CHEMBL9470,IC50,670.0,nM,6.17,ChEMBL
Shikonin,NON-STRUCTURAL PROTEIN 14,CHEMBL4523582,CHEMBL9470,IC50,670.0,nM,6.17,ChEMBL
Shikonin,NON-STRUCTURAL PROTEIN 15,CHEMBL4523582,CHEMBL9470,IC50,670.0,nM,6.17,ChEMBL
Shikonin,NON-STRUCTURAL PROTEIN 16,CHEMBL4523582,CHEMBL9470,IC50,670.0,nM,6.17,ChEMBL
Shikonin,NON-STRUCTURAL PROTEIN 2,CHEMBL4523582,CHEMBL9470,IC50,670.0,nM,6.17,ChEMBL
Shikonin,NON-STRUCTURAL PROTEIN 3,CHEMBL4523582,CHEMBL9470,IC50,670.0,nM,6.17,ChEMBL
Shikonin,NON-STRUCTURAL PROTEIN 4,CHEMBL4523582,CHEMBL9470,IC50,670.0,nM,6.17,ChEMBL
Shikonin,NON-STRUCTURAL PROTEIN 5,CHEMBL4523582,CHEMBL9470,IC50,670.0,nM,6.17,ChEMBL
Shikonin,NON-STRUCTURAL PROTEIN 6,CHEMBL4523582,CHEMBL9470,IC50,670.0,nM,6.17,ChEMBL
Shikonin,NON-STRUCTURAL PROTEIN 7,CHEMBL4523582,CHEMBL9470,IC50,670.0,nM,6.17,ChEMBL
Shikonin,NON-STRUCTURAL PROTEIN 8,CHEMBL4523582,CHEMBL9470,IC50,670.0,nM,6.17,ChEMBL
Shikonin,NON-STRUCTURAL PROTEIN 9,CHEMBL4523582,CHEMBL9470,IC50,670.0,nM,6.17,ChEMBL
Shikonin,NSP1,CHEMBL4523582,CHEMBL9470,IC50,670.0,nM,6.17,ChEMBL
Shikonin,NSP10,CHEMBL4523582,CHEMBL9470,IC50,670.0,nM,6.17,ChEMBL
Shikonin,NSP12,CHEMBL4523582,CHEMBL9470,IC50,670.0,nM,6.17,ChEMBL
Shikonin,NSP13,CHEMBL4523582,CHEMBL9470,IC50,670.0,nM,6.17,ChEMBL
Shikonin,NSP14,CHEMBL4523582,CHEMBL9470,IC50,670.0,nM,6.17,ChEMBL
Shikonin,NSP15,CHEMBL4523582,CHEMBL9470,IC50,670.0,nM,6.17,ChEMBL
Shikonin,NSP16,CHEMBL4523582,CHEMBL9470,IC50,670.0,nM,6.17,ChEMBL
Shikonin,NSP2,CHEMBL4523582,CHEMBL9470,IC50,670.0,nM,6.17,ChEMBL
Shikonin,NSP3,CHEMBL4523582,CHEMBL9470,IC50,670.0,nM,6.17,ChEMBL
Shikonin,NSP4,CHEMBL4523582,CHEMBL9470,IC50,670.0,nM,6.17,ChEMBL
Shikonin,NSP5,CHEMBL4523582,CHEMBL9470,IC50,670.0,nM,6.17,ChEMBL
Shikonin,NSP6,CHEMBL4523582,CHEMBL9470,IC50,670.0,nM,6.17,ChEMBL
Shikonin,NSP7,CHEMBL4523582,CHEMBL9470,IC50,670.0,nM,6.17,ChEMBL
Shikonin,NSP8,CHEMBL4523582,CHEMBL9470,IC50,670.0,nM,6.17,ChEMBL
Shikonin,NSP9,CHEMBL4523582,CHEMBL9470,IC50,670.0,nM,6.17,ChEMBL
Shikonin,NTERA-2-CL-D1,CHEMBL614206,CHEMBL9470,IC50,143.57,nM,6.84,ChEMBL
Shikonin,NUCLEAR RECEPTOR SUBFAMILY 1 GROUP I MEMBER 1,CHEMBL1977,CHEMBL9470,Potency,1778.3,nM,,ChEMBL
Shikonin,NUGC-3,CHEMBL614208,CHEMBL9470,IC50,765.43,nM,6.12,ChEMBL
Shikonin,NY,CHEMBL1075552,CHEMBL9470,IC50,1045.57,nM,5.98,ChEMBL
Shikonin,OAW-28,CHEMBL1075553,CHEMBL9470,IC50,1198.21,nM,5.92,ChEMBL
Shikonin,OAW-42,CHEMBL1075554,CHEMBL9470,IC50,577.68,nM,6.24,ChEMBL
Shikonin,OCI-AML2,CHEMBL2366220,CHEMBL9470,IC50,298.37,nM,6.53,ChEMBL
Shikonin,OCUB-M,CHEMBL2366121,CHEMBL9470,IC50,865.23,nM,6.06,ChEMBL
Shikonin,OE19,CHEMBL1075555,CHEMBL9470,IC50,807.34,nM,6.09,ChEMBL
Shikonin,OE33,CHEMBL1075556,CHEMBL9470,IC50,1813.21,nM,5.74,ChEMBL
Shikonin,OIP-3,CHEMBL1075189,CHEMBL9470,IC50,8820.0,nM,5.05,ChEMBL
Shikonin,OMC-1,CHEMBL2366339,CHEMBL9470,IC50,1748.88,nM,5.76,ChEMBL
Shikonin,ONCOGENE AML-1,CHEMBL2093862,CHEMBL9470,Potency,68.4,nM,,ChEMBL
Shikonin,ONS-76,CHEMBL2366068,CHEMBL9470,IC50,358.07,nM,6.45,ChEMBL
Shikonin,OPA-INTERACTING PROTEIN 3,CHEMBL1075189,CHEMBL9470,IC50,8820.0,nM,5.05,ChEMBL
Shikonin,OPM-2,CHEMBL2366353,CHEMBL9470,IC50,343.26,nM,6.46,ChEMBL
Shikonin,ORF1AB POLYPROTEIN,CHEMBL4523582,CHEMBL9470,IC50,670.0,nM,6.17,ChEMBL
Shikonin,OS-RC-2,CHEMBL2366188,CHEMBL9470,IC50,313.89,nM,6.5,ChEMBL
Shikonin,OVCAR-3,CHEMBL614213,CHEMBL9470,IC50,382.81,nM,6.42,ChEMBL
Shikonin,OVCAR-4,CHEMBL614051,CHEMBL9470,IC50,669.55,nM,6.17,ChEMBL
Shikonin,OVCAR-5,CHEMBL614214,CHEMBL9470,IC50,1123.89,nM,5.95,ChEMBL
Shikonin,OVCAR-8,CHEMBL612555,CHEMBL9470,IC50,460.05,nM,6.34,ChEMBL
Shikonin,P12-ICHIKAWA,CHEMBL614660,CHEMBL9470,IC50,1388.36,nM,5.86,ChEMBL
Shikonin,P30-OHK,CHEMBL2366165,CHEMBL9470,IC50,220.48,nM,6.66,ChEMBL
Shikonin,P31-FUJ,CHEMBL2366370,CHEMBL9470,IC50,2066.09,nM,5.68,ChEMBL
Shikonin,P58,CHEMBL1075189,CHEMBL9470,IC50,8820.0,nM,5.05,ChEMBL
Shikonin,P65 HOMOLOG,CHEMBL4523582,CHEMBL9470,IC50,670.0,nM,6.17,ChEMBL
Shikonin,PA-1,CHEMBL614949,CHEMBL9470,IC50,201.28,nM,6.7,ChEMBL
Shikonin,PAIRED HELICAL FILAMENT-TAU,CHEMBL1293224,CHEMBL9470,Potency,2238.7,nM,5.65,ChEMBL
Shikonin,PANC-03-27,CHEMBL1075557,CHEMBL9470,IC50,167.4,nM,6.78,ChEMBL
Shikonin,PANC1005,CHEMBL612583,CHEMBL9470,IC50,415.63,nM,6.38,ChEMBL
Shikonin,PAPAIN-LIKE PROTEASE NSP3,CHEMBL4523582,CHEMBL9470,IC50,670.0,nM,6.17,ChEMBL
Shikonin,PAPAIN-LIKE PROTEINASE,CHEMBL4523582,CHEMBL9470,IC50,670.0,nM,6.17,ChEMBL
Shikonin,PBMC,CHEMBL613107,CHEMBL9470,IC50,5000.0,nM,5.3,ChEMBL
Shikonin,PC-14,CHEMBL614140,CHEMBL9470,IC50,1507.16,nM,5.82,ChEMBL
Shikonin,PC-3,CHEMBL390,CHEMBL9470,IC50,858.79,nM,6.07,ChEMBL
Shikonin,PEA2-ALPHA B,CHEMBL2093862,CHEMBL9470,Potency,68.4,nM,,ChEMBL
Shikonin,PEA2-BETA,CHEMBL2093862,CHEMBL9470,Potency,68.4,nM,,ChEMBL
Shikonin,PEBP2-ALPHA B,CHEMBL2093862,CHEMBL9470,Potency,68.4,nM,,ChEMBL
Shikonin,PEBP2-BETA,CHEMBL2093862,CHEMBL9470,Potency,68.4,nM,,ChEMBL
Shikonin,PF-382,CHEMBL2366235,CHEMBL9470,IC50,789.51,nM,6.1,ChEMBL
Shikonin,PHF-TAU,CHEMBL1293224,CHEMBL9470,Potency,2238.7,nM,5.65,ChEMBL
Shikonin,PHOSPHATASE,CHEMBL3775,CHEMBL9470,IC50,220.0,nM,6.66,ChEMBL
Shikonin,PKM,CHEMBL1075189,CHEMBL9470,IC50,8820.0,nM,5.05,ChEMBL
Shikonin,PL-PRO,CHEMBL4523582,CHEMBL9470,IC50,670.0,nM,6.17,ChEMBL
Shikonin,PL2-PRO,CHEMBL4523582,CHEMBL9470,IC50,670.0,nM,6.17,ChEMBL
Shikonin,PLASMODIUM BERGHEI,CHEMBL612653,CHEMBL9470,IC50,1370.0,nM,5.86,ChEMBL
Shikonin,PLASMODIUM FALCIPARUM,CHEMBL364,CHEMBL9470,IC50,5000.0,nM,,ChEMBL
Shikonin,PLC-PRF-5,CHEMBL1075561,CHEMBL9470,IC50,1815.79,nM,5.74,ChEMBL
Shikonin,POL,CHEMBL4523582,CHEMBL9470,IC50,670.0,nM,6.17,ChEMBL
Shikonin,POLK,CHEMBL5365,CHEMBL9470,Potency,891.3,nM,,ChEMBL
Shikonin,POLYMERASE,CHEMBL5365,CHEMBL9470,Potency,891.3,nM,,ChEMBL
Shikonin,POLYOMAVIRUS ENHANCER-BINDING PROTEIN 2 ALPHA B SUBUNIT,CHEMBL2093862,CHEMBL9470,Potency,68.4,nM,,ChEMBL
Shikonin,POLYOMAVIRUS ENHANCER-BINDING PROTEIN 2 BETA SUBUNIT,CHEMBL2093862,CHEMBL9470,Potency,68.4,nM,,ChEMBL
Shikonin,POLYPROTEIN,CHEMBL4523582,CHEMBL9470,IC50,670.0,nM,6.17,ChEMBL
Shikonin,PP1AB,CHEMBL4523582,CHEMBL9470,IC50,670.0,nM,6.17,ChEMBL
Shikonin,PROOFREADING EXORIBONUCLEASE NSP14,CHEMBL4523582,CHEMBL9470,IC50,670.0,nM,6.17,ChEMBL
Shikonin,PROTEIN,CHEMBL1293224,CHEMBL9470,Potency,2238.7,nM,5.65,ChEMBL
Shikonin,PROTEIN G9A,CHEMBL6032,CHEMBL9470,Potency,6309.6,nM,,ChEMBL
Shikonin,PROTO-ONCOGENE C-ERBB-1,CHEMBL203,CHEMBL9470,IC50,139.2,nM,6.86,ChEMBL
Shikonin,PYRUVATE,CHEMBL1075189,CHEMBL9470,IC50,8820.0,nM,5.05,ChEMBL
Shikonin,PYRUVATE KINASE 2/3,CHEMBL1075189,CHEMBL9470,IC50,8820.0,nM,5.05,ChEMBL
Shikonin,PYRUVATE KINASE MUSCLE ISOZYME,CHEMBL1075189,CHEMBL9470,IC50,8820.0,nM,5.05,ChEMBL
Shikonin,PYRUVATE KINASE PKM,CHEMBL1075189,CHEMBL9470,IC50,8820.0,nM,5.05,ChEMBL
Shikonin,QIMR-WIL,CHEMBL2366337,CHEMBL9470,IC50,181.89,nM,6.74,ChEMBL
Shikonin,RAJI,CHEMBL614628,CHEMBL9470,IC50,631.17,nM,6.2,ChEMBL
Shikonin,RAMOS-2G6-4C10,CHEMBL2366170,CHEMBL9470,IC50,315.03,nM,6.5,ChEMBL
Shikonin,RCC10RGB,CHEMBL2366191,CHEMBL9470,IC50,1563.9,nM,5.81,ChEMBL
Shikonin,RCM-1,CHEMBL1075562,CHEMBL9470,IC50,2002.19,nM,5.7,ChEMBL
Shikonin,RD,CHEMBL614144,CHEMBL9470,IC50,449.06,nM,6.35,ChEMBL
Shikonin,RDRP,CHEMBL4523582,CHEMBL9470,IC50,670.0,nM,6.17,ChEMBL
Shikonin,RECEPTOR,CHEMBL203,CHEMBL9470,IC50,139.2,nM,6.86,ChEMBL
Shikonin,RECEPTOR TYROSINE-PROTEIN KINASE ERBB-1,CHEMBL203,CHEMBL9470,IC50,139.2,nM,6.86,ChEMBL
Shikonin,RECQ PROTEIN-LIKE 1,CHEMBL1293236,CHEMBL9470,Potency,10000.0,nM,5.0,ChEMBL
Shikonin,RECQ1,CHEMBL1293236,CHEMBL9470,Potency,10000.0,nM,5.0,ChEMBL
Shikonin,RECQL,CHEMBL1293236,CHEMBL9470,Potency,10000.0,nM,5.0,ChEMBL
Shikonin,REDOX FACTOR-1,CHEMBL5619,CHEMBL9470,Potency,7079.5,nM,,ChEMBL
Shikonin,REF-1,CHEMBL5619,CHEMBL9470,Potency,7079.5,nM,,ChEMBL
Shikonin,REGULATOR,CHEMBL5619,CHEMBL9470,Potency,7079.5,nM,,ChEMBL
Shikonin,REH,CHEMBL2366320,CHEMBL9470,IC50,146.96,nM,6.83,ChEMBL
Shikonin,REP,CHEMBL4523582,CHEMBL9470,IC50,670.0,nM,6.17,ChEMBL
Shikonin,REPAIR,CHEMBL5619,CHEMBL9470,Potency,7079.5,nM,,ChEMBL
Shikonin,REPLICASE,CHEMBL4523582,CHEMBL9470,IC50,670.0,nM,6.17,ChEMBL
Shikonin,REPLICASE POLYPROTEIN 1AB,CHEMBL4523582,CHEMBL9470,IC50,670.0,nM,6.17,ChEMBL
Shikonin,RERF-LC-MS,CHEMBL1075563,CHEMBL9470,IC50,4189.97,nM,5.38,ChEMBL
Shikonin,RH-1,CHEMBL2366078,CHEMBL9470,IC50,719.88,nM,6.14,ChEMBL
Shikonin,RKO,CHEMBL614879,CHEMBL9470,IC50,270.3,nM,6.57,ChEMBL
Shikonin,RL95-2,CHEMBL2366168,CHEMBL9470,IC50,719.73,nM,6.14,ChEMBL
Shikonin,RMG-I,CHEMBL1075564,CHEMBL9470,IC50,864.23,nM,6.06,ChEMBL
Shikonin,RNA-CAPPING ENZYME SUBUNIT NSP9,CHEMBL4523582,CHEMBL9470,IC50,670.0,nM,6.17,ChEMBL
Shikonin,RNA-DIRECTED RNA POLYMERASE NSP12,CHEMBL4523582,CHEMBL9470,IC50,670.0,nM,6.17,ChEMBL
Shikonin,RO82-W-1,CHEMBL1075565,CHEMBL9470,IC50,2842.95,nM,5.55,ChEMBL
Shikonin,RPMI 8402,CHEMBL612517,CHEMBL9470,IC50,1498.31,nM,5.82,ChEMBL
Shikonin,RPMI-2650,CHEMBL1075566,CHEMBL9470,IC50,374.74,nM,6.43,ChEMBL
Shikonin,RPMI-6666,CHEMBL2366187,CHEMBL9470,IC50,587.13,nM,6.23,ChEMBL
Shikonin,RPMI-7951,CHEMBL612447,CHEMBL9470,IC50,156.09,nM,6.81,ChEMBL
Shikonin,RPMI-8226,CHEMBL614882,CHEMBL9470,IC50,471.88,nM,6.33,ChEMBL
Shikonin,RPMI-8866,CHEMBL2366341,CHEMBL9470,IC50,536.04,nM,6.27,ChEMBL
Shikonin,RS4-11,CHEMBL2366159,CHEMBL9470,IC50,416.76,nM,6.38,ChEMBL
Shikonin,RT-112,CHEMBL614145,CHEMBL9470,IC50,70.37,nM,7.15,ChEMBL
Shikonin,RT-4,CHEMBL614884,CHEMBL9470,IC50,10121.92,nM,5.0,ChEMBL
Shikonin,RUNT-RELATED TRANSCRIPTION FACTOR 1,CHEMBL2093862,CHEMBL9470,Potency,68.4,nM,,ChEMBL
Shikonin,RUNX1,CHEMBL2093862,CHEMBL9470,Potency,68.4,nM,,ChEMBL
Shikonin,RVH-421,CHEMBL1075567,CHEMBL9470,IC50,1467.47,nM,5.83,ChEMBL
Shikonin,RXF 393,CHEMBL614886,CHEMBL9470,IC50,749.01,nM,6.13,ChEMBL
Shikonin,S-117,CHEMBL1075568,CHEMBL9470,IC50,387.1,nM,6.41,ChEMBL
Shikonin,SAOS-2,CHEMBL614894,CHEMBL9470,IC50,2367.35,nM,5.63,ChEMBL
Shikonin,SARS CORONAVIRUS MAIN PROTEINASE,CHEMBL4523582,CHEMBL9470,IC50,670.0,nM,6.17,ChEMBL
Shikonin,SARS-COV-2,CHEMBL4303835,CHEMBL9470,IC50,670.0,nM,6.17,ChEMBL
Shikonin,SAS,CHEMBL1075569,CHEMBL9470,IC50,853.74,nM,6.07,ChEMBL
Shikonin,SBC-5,CHEMBL614896,CHEMBL9470,IC50,215.46,nM,6.67,ChEMBL
Shikonin,SCC-15,CHEMBL614899,CHEMBL9470,IC50,650.5,nM,6.19,ChEMBL
Shikonin,SCC-25,CHEMBL614901,CHEMBL9470,IC50,382.64,nM,6.42,ChEMBL
Shikonin,SCC-3,CHEMBL2366081,CHEMBL9470,IC50,1003.43,nM,6.0,ChEMBL
Shikonin,SCC-4,CHEMBL1075570,CHEMBL9470,IC50,440.6,nM,6.36,ChEMBL
Shikonin,SCC-9,CHEMBL1075571,CHEMBL9470,IC50,196.75,nM,6.71,ChEMBL
Shikonin,SCLC-21H,CHEMBL1075574,CHEMBL9470,IC50,1364.86,nM,5.87,ChEMBL
Shikonin,SF-126,CHEMBL614905,CHEMBL9470,IC50,772.97,nM,6.11,ChEMBL
Shikonin,SF-268,CHEMBL613977,CHEMBL9470,IC50,5577.43,nM,5.25,ChEMBL
Shikonin,SF-295,CHEMBL614908,CHEMBL9470,IC50,664.18,nM,6.18,ChEMBL
Shikonin,SF-539,CHEMBL614860,CHEMBL9470,IC50,856.82,nM,6.07,ChEMBL
Shikonin,SGN5,CHEMBL4105809,CHEMBL9470,IC50,190.0,nM,6.72,ChEMBL
Shikonin,SH-4,CHEMBL2366309,CHEMBL9470,IC50,371.35,nM,6.43,ChEMBL
Shikonin,SHP77,CHEMBL612569,CHEMBL9470,IC50,445.54,nM,6.35,ChEMBL
Shikonin,SIG-M5,CHEMBL2366251,CHEMBL9470,IC50,169.86,nM,6.77,ChEMBL
Shikonin,SIGNALOSOME,CHEMBL4105809,CHEMBL9470,IC50,190.0,nM,6.72,ChEMBL
Shikonin,SIGNALOSOME SUBUNIT 5,CHEMBL4105809,CHEMBL9470,IC50,190.0,nM,6.72,ChEMBL
Shikonin,SIMA,CHEMBL2366067,CHEMBL9470,IC50,2318.43,nM,5.63,ChEMBL
Shikonin,SJRH30,CHEMBL1075575,CHEMBL9470,IC50,369.2,nM,6.43,ChEMBL
Shikonin,SJSA-1,CHEMBL2366298,CHEMBL9470,IC50,5525.33,nM,5.26,ChEMBL
Shikonin,SK-BR-3,CHEMBL613834,CHEMBL9470,IC50,3750.0,nM,5.43,ChEMBL
Shikonin,SK-CO-1,CHEMBL1075576,CHEMBL9470,IC50,2054.9,nM,5.69,ChEMBL
Shikonin,SK-HEP1,CHEMBL614912,CHEMBL9470,IC50,547.51,nM,6.26,ChEMBL
Shikonin,SK-LMS-1,CHEMBL2366096,CHEMBL9470,IC50,108.41,nM,6.96,ChEMBL
Shikonin,SK-LU-1,CHEMBL614913,CHEMBL9470,IC50,750.1,nM,6.12,ChEMBL
Shikonin,SK-MEL-2,CHEMBL614917,CHEMBL9470,IC50,6328.9,nM,5.2,ChEMBL
Shikonin,SK-MEL-24,CHEMBL2366314,CHEMBL9470,IC50,1133.44,nM,5.95,ChEMBL
Shikonin,SK-MEL-30,CHEMBL1075577,CHEMBL9470,IC50,694.8,nM,6.16,ChEMBL
Shikonin,SK-MEL3,CHEMBL614920,CHEMBL9470,IC50,2642.21,nM,5.58,ChEMBL
Shikonin,SK-MES-1,CHEMBL614923,CHEMBL9470,IC50,6286.32,nM,5.2,ChEMBL
Shikonin,SK-MM-2,CHEMBL2366232,CHEMBL9470,IC50,498.97,nM,6.3,ChEMBL
Shikonin,SK-N-AS,CHEMBL1075578,CHEMBL9470,IC50,1786.2,nM,5.75,ChEMBL
Shikonin,SK-N-DZ,CHEMBL1075579,CHEMBL9470,IC50,1803.2,nM,5.74,ChEMBL
Shikonin,SK-N-FI,CHEMBL2366120,CHEMBL9470,IC50,7693.54,nM,5.11,ChEMBL
Shikonin,SK-NEP-1,CHEMBL1075580,CHEMBL9470,IC50,1081.12,nM,5.97,ChEMBL
Shikonin,SK-OV-3,CHEMBL614925,CHEMBL9470,IC50,1560.3,nM,5.81,ChEMBL
Shikonin,SK-PN-DW,CHEMBL2366108,CHEMBL9470,IC50,36.55,nM,7.44,ChEMBL
Shikonin,SK-UT-1,CHEMBL2366316,CHEMBL9470,IC50,7.438,nM,8.13,ChEMBL
Shikonin,SKG-IIIA,CHEMBL1075581,CHEMBL9470,IC50,4388.27,nM,5.36,ChEMBL
Shikonin,SL3-3 ENHANCER FACTOR 1 ALPHA B SUBUNIT,CHEMBL2093862,CHEMBL9470,Potency,68.4,nM,,ChEMBL
Shikonin,SL3-3 ENHANCER FACTOR 1 SUBUNIT BETA,CHEMBL2093862,CHEMBL9470,Potency,68.4,nM,,ChEMBL
Shikonin,SL3/AKV CORE-BINDING FACTOR ALPHA B SUBUNIT,CHEMBL2093862,CHEMBL9470,Potency,68.4,nM,,ChEMBL
Shikonin,SL3/AKV CORE-BINDING FACTOR BETA SUBUNIT,CHEMBL2093862,CHEMBL9470,Potency,68.4,nM,,ChEMBL
Shikonin,SMN1,CHEMBL1293232,CHEMBL9470,Potency,5623.4,nM,5.25,ChEMBL
Shikonin,SMN2,CHEMBL1293232,CHEMBL9470,Potency,5623.4,nM,5.25,ChEMBL
Shikonin,SN12C,CHEMBL614054,CHEMBL9470,IC50,1762.58,nM,5.75,ChEMBL
Shikonin,SNB-75,CHEMBL614451,CHEMBL9470,IC50,745.95,nM,6.13,ChEMBL
Shikonin,SNG-M,CHEMBL1075582,CHEMBL9470,IC50,272.37,nM,6.57,ChEMBL
Shikonin,SNU-387,CHEMBL1075583,CHEMBL9470,IC50,1068.57,nM,5.97,ChEMBL
Shikonin,SNU-423,CHEMBL1075584,CHEMBL9470,IC50,163.07,nM,6.79,ChEMBL
Shikonin,SNU-449,CHEMBL1075585,CHEMBL9470,IC50,813.25,nM,6.09,ChEMBL
Shikonin,SNU-5,CHEMBL614934,CHEMBL9470,IC50,9536.71,nM,5.02,ChEMBL
Shikonin,SNU1,CHEMBL614931,CHEMBL9470,IC50,1602.2,nM,5.79,ChEMBL
Shikonin,SORTASE,CHEMBL5362,CHEMBL9470,IC50,5000.0,nM,5.3,ChEMBL
Shikonin,SORTASE A,CHEMBL5362,CHEMBL9470,IC50,5000.0,nM,5.3,ChEMBL
Shikonin,SR,CHEMBL614300,CHEMBL9470,IC50,140.73,nM,6.85,ChEMBL
Shikonin,SRTA,CHEMBL5362,CHEMBL9470,IC50,5000.0,nM,5.3,ChEMBL
Shikonin,ST486,CHEMBL2366293,CHEMBL9470,IC50,6.179,nM,8.21,ChEMBL
Shikonin,SU-DHL-1,CHEMBL2366200,CHEMBL9470,IC50,499.22,nM,6.3,ChEMBL
Shikonin,SUBUNIT,CHEMBL4105809,CHEMBL9470,IC50,190.0,nM,6.72,ChEMBL
Shikonin,SUP-T1,CHEMBL614940,CHEMBL9470,IC50,1822.91,nM,5.74,ChEMBL
Shikonin,SURVIVAL,CHEMBL1293232,CHEMBL9470,Potency,5623.4,nM,5.25,ChEMBL
Shikonin,SURVIVAL MOTOR NEURON PROTEIN,CHEMBL1293232,CHEMBL9470,Potency,5623.4,nM,5.25,ChEMBL
Shikonin,SW 954,CHEMBL614943,CHEMBL9470,IC50,466.71,nM,6.33,ChEMBL
Shikonin,SW 962,CHEMBL613530,CHEMBL9470,IC50,568.3,nM,6.25,ChEMBL
Shikonin,SW-620,CHEMBL612262,CHEMBL9470,IC50,358.55,nM,6.45,ChEMBL
Shikonin,SW1088,CHEMBL614243,CHEMBL9470,IC50,699.55,nM,6.16,ChEMBL
Shikonin,SW13,CHEMBL1075587,CHEMBL9470,IC50,1409.19,nM,5.85,ChEMBL
Shikonin,SW1417,CHEMBL1075588,CHEMBL9470,IC50,825.83,nM,6.08,ChEMBL
Shikonin,SW1463,CHEMBL1075589,CHEMBL9470,IC50,8606.36,nM,5.07,ChEMBL
Shikonin,SW1573,CHEMBL612570,CHEMBL9470,IC50,371.8,nM,6.43,ChEMBL
Shikonin,SW1710,CHEMBL1075590,CHEMBL9470,IC50,2.91,nM,8.54,ChEMBL
Shikonin,SW1783,CHEMBL1075591,CHEMBL9470,IC50,1068.84,nM,5.97,ChEMBL
Shikonin,SW1990,CHEMBL1075592,CHEMBL9470,IC50,1617.18,nM,5.79,ChEMBL
Shikonin,SW48,CHEMBL614055,CHEMBL9470,IC50,1258.27,nM,5.9,ChEMBL
Shikonin,SW626,CHEMBL1075593,CHEMBL9470,IC50,635.13,nM,6.2,ChEMBL
Shikonin,SW684,CHEMBL2366143,CHEMBL9470,IC50,777.33,nM,6.11,ChEMBL
Shikonin,SW756,CHEMBL1075594,CHEMBL9470,IC50,761.77,nM,6.12,ChEMBL
Shikonin,SW780,CHEMBL1075595,CHEMBL9470,IC50,405.52,nM,6.39,ChEMBL
Shikonin,SW872,CHEMBL2366302,CHEMBL9470,IC50,367.48,nM,6.43,ChEMBL
Shikonin,SW982,CHEMBL2366238,CHEMBL9470,IC50,60.23,nM,7.22,ChEMBL
Shikonin,T-24,CHEMBL614774,CHEMBL9470,IC50,2462.32,nM,5.61,ChEMBL
Shikonin,T47D,CHEMBL614361,CHEMBL9470,IC50,223.06,nM,6.65,ChEMBL
Shikonin,T98G,CHEMBL614775,CHEMBL9470,IC50,1082.08,nM,5.97,ChEMBL
Shikonin,TAU,CHEMBL1293224,CHEMBL9470,Potency,2238.7,nM,5.65,ChEMBL
Shikonin,TCC-SUP,CHEMBL615010,CHEMBL9470,IC50,554.45,nM,6.26,ChEMBL
Shikonin,TE-10,CHEMBL2366308,CHEMBL9470,IC50,986.09,nM,6.01,ChEMBL
Shikonin,TE-11,CHEMBL2366166,CHEMBL9470,IC50,4014.26,nM,5.4,ChEMBL
Shikonin,TE-12,CHEMBL2366278,CHEMBL9470,IC50,2343.25,nM,5.63,ChEMBL
Shikonin,TE-15,CHEMBL2366086,CHEMBL9470,IC50,400.31,nM,6.4,ChEMBL
Shikonin,TE-441-T,CHEMBL2366268,CHEMBL9470,IC50,2.238,nM,8.65,ChEMBL
Shikonin,TE-5,CHEMBL2366245,CHEMBL9470,IC50,1004.32,nM,6.0,ChEMBL
Shikonin,TE-6,CHEMBL2366144,CHEMBL9470,IC50,2967.91,nM,5.53,ChEMBL
Shikonin,TE-8,CHEMBL2366182,CHEMBL9470,IC50,1280.63,nM,5.89,ChEMBL
Shikonin,TE-9,CHEMBL2366147,CHEMBL9470,IC50,407.52,nM,6.39,ChEMBL
Shikonin,TGBC1TKB,CHEMBL2366089,CHEMBL9470,IC50,1428.19,nM,5.84,ChEMBL
Shikonin,TGW,CHEMBL1075600,CHEMBL9470,IC50,521.64,nM,6.28,ChEMBL
Shikonin,THBP1,CHEMBL1075189,CHEMBL9470,IC50,8820.0,nM,5.05,ChEMBL
Shikonin,THP-1,CHEMBL614245,CHEMBL9470,IC50,891.43,nM,6.05,ChEMBL
Shikonin,THREONINE-PROTEIN KINASE PKM2,CHEMBL1075189,CHEMBL9470,IC50,8820.0,nM,5.05,ChEMBL
Shikonin,THYROID HORMONE-BINDING PROTEIN 1,CHEMBL1075189,CHEMBL9470,IC50,8820.0,nM,5.05,ChEMBL
Shikonin,TK-10,CHEMBL614056,CHEMBL9470,IC50,1224.02,nM,5.91,ChEMBL
Shikonin,TOP2A,CHEMBL2094255,CHEMBL9470,IC50,6200.0,nM,5.21,ChEMBL
Shikonin,TOP2B,CHEMBL2094255,CHEMBL9470,IC50,6200.0,nM,5.21,ChEMBL
Shikonin,TT,CHEMBL2366083,CHEMBL9470,IC50,1698.76,nM,5.77,ChEMBL
Shikonin,TUMOR M2-PK,CHEMBL1075189,CHEMBL9470,IC50,8820.0,nM,5.05,ChEMBL
Shikonin,TUR,CHEMBL2366218,CHEMBL9470,IC50,465.99,nM,6.33,ChEMBL
Shikonin,TYK-NU,CHEMBL1075601,CHEMBL9470,IC50,1152.13,nM,5.94,ChEMBL
Shikonin,TYROSINE-PROTEIN KINASE PKM2,CHEMBL1075189,CHEMBL9470,IC50,8820.0,nM,5.05,ChEMBL
Shikonin,U-118-MG,CHEMBL1075602,CHEMBL9470,IC50,841.85,nM,6.08,ChEMBL
Shikonin,U-251,CHEMBL615022,CHEMBL9470,IC50,1432.46,nM,5.84,ChEMBL
Shikonin,U-266,CHEMBL2366315,CHEMBL9470,IC50,675.16,nM,6.17,ChEMBL
Shikonin,U-698-M,CHEMBL2366098,CHEMBL9470,IC50,300.87,nM,6.52,ChEMBL
Shikonin,U-87 MG,CHEMBL614247,CHEMBL9470,IC50,1275.78,nM,5.89,ChEMBL
Shikonin,U-937,CHEMBL612794,CHEMBL9470,IC50,1200.0,nM,5.92,ChEMBL
Shikonin,UACC-62,CHEMBL614610,CHEMBL9470,IC50,1229.98,nM,5.91,ChEMBL
Shikonin,UACC-812,CHEMBL1075604,CHEMBL9470,IC50,5077.15,nM,5.29,ChEMBL
Shikonin,UMUC3,CHEMBL612799,CHEMBL9470,IC50,967.27,nM,6.01,ChEMBL
Shikonin,UNCHECKED,CHEMBL612545,CHEMBL9470,IC50,1250.0,nM,5.9,ChEMBL
Shikonin,UO-31,CHEMBL614388,CHEMBL9470,IC50,770.84,nM,6.11,ChEMBL
Shikonin,URIDYLATE-SPECIFIC ENDORIBONUCLEASE NSP15,CHEMBL4523582,CHEMBL9470,IC50,670.0,nM,6.17,ChEMBL
Shikonin,VA-ES-BJ,CHEMBL2366259,CHEMBL9470,IC50,400.58,nM,6.4,ChEMBL
Shikonin,VDR,CHEMBL1977,CHEMBL9470,Potency,1778.3,nM,,ChEMBL
Shikonin,VERO,CHEMBL391,CHEMBL9470,IC50,6760.0,nM,5.17,ChEMBL
Shikonin,VIRAL PROTEIN GENOME-LINKED NSP9,CHEMBL4523582,CHEMBL9470,IC50,670.0,nM,6.17,ChEMBL
Shikonin,VITAMIN,CHEMBL1977,CHEMBL9470,Potency,1778.3,nM,,ChEMBL
Shikonin,VITAMIN D3 RECEPTOR,CHEMBL1977,CHEMBL9470,Potency,1778.3,nM,,ChEMBL
Shikonin,VM-CUB-1,CHEMBL1075607,CHEMBL9470,IC50,1028.56,nM,5.99,ChEMBL
Shikonin,VMRC-RCZ,CHEMBL1075610,CHEMBL9470,IC50,546.67,nM,6.26,ChEMBL
Shikonin,WSU-NHL,CHEMBL2366193,CHEMBL9470,IC50,260.33,nM,6.58,ChEMBL
Shikonin,YKG-1,CHEMBL1075612,CHEMBL9470,IC50,228.91,nM,6.64,ChEMBL
Shikonin,YT,CHEMBL2366114,CHEMBL9470,IC50,383.89,nM,6.42,ChEMBL
Sulforaphane,A549,CHEMBL392,CHEMBL48802,IC50,10000.0,nM,,ChEMBL
Sulforaphane,AP ENDONUCLEASE 1,CHEMBL5619,CHEMBL48802,Potency,7079.5,nM,,ChEMBL
Sulforaphane,APE-1,CHEMBL5619,CHEMBL48802,Potency,7079.5,nM,,ChEMBL
Sulforaphane,APEN,CHEMBL5619,CHEMBL48802,Potency,7079.5,nM,,ChEMBL
Sulforaphane,APEX NUCLEASE,CHEMBL5619,CHEMBL48802,Potency,7079.5,nM,,ChEMBL
Sulforaphane,APEX1,CHEMBL5619,CHEMBL48802,Potency,7079.5,nM,,ChEMBL
Sulforaphane,APURINIC-APYRIMIDINIC ENDONUCLEASE 1,CHEMBL5619,CHEMBL48802,Potency,7079.5,nM,,ChEMBL
Sulforaphane,ARPE-19,CHEMBL4296399,CHEMBL48802,IC50,10000.0,nM,5.0,ChEMBL
Sulforaphane,BV-2,CHEMBL614781,CHEMBL48802,EC50,1780.0,nM,5.75,ChEMBL
Sulforaphane,CCRF-CEM,CHEMBL382,CHEMBL48802,IC50,10000.0,nM,,ChEMBL
Sulforaphane,COX-2,CHEMBL230,CHEMBL48802,IC50,6354.0,nM,5.2,ChEMBL
Sulforaphane,CYCLOOXYGENASE-2,CHEMBL230,CHEMBL48802,IC50,6354.0,nM,5.2,ChEMBL
Sulforaphane,CYTOSOLIC INHIBITOR OF NRF2,CHEMBL3038498,CHEMBL48802,EC50,870.0,nM,6.06,ChEMBL
Sulforaphane,DNA,CHEMBL5619,CHEMBL48802,Potency,7079.5,nM,,ChEMBL
Sulforaphane,DNA REPAIR NUCLEASE/REDOX REGULATOR APEX1,CHEMBL5619,CHEMBL48802,Potency,7079.5,nM,,ChEMBL
Sulforaphane,"DNA REPAIR NUCLEASE/REDOX REGULATOR APEX1, MITOCHONDRIAL",CHEMBL5619,CHEMBL48802,Potency,7079.5,nM,,ChEMBL
Sulforaphane,DNA-(APURINIC OR APYRIMIDINIC SITE) ENDONUCLEASE,CHEMBL5619,CHEMBL48802,Potency,7079.5,nM,,ChEMBL
Sulforaphane,DU-145,CHEMBL613508,CHEMBL48802,IC50,10000.0,nM,5.0,ChEMBL
Sulforaphane,EGFR,CHEMBL203,CHEMBL48802,IC50,9000.0,nM,5.05,ChEMBL
Sulforaphane,EPIDERMAL,CHEMBL203,CHEMBL48802,IC50,9000.0,nM,5.05,ChEMBL
Sulforaphane,EPIDERMAL GROWTH FACTOR RECEPTOR,CHEMBL203,CHEMBL48802,IC50,9000.0,nM,5.05,ChEMBL
Sulforaphane,ERYTHROID,CHEMBL1075094,CHEMBL48802,EC50,1200.0,nM,5.92,ChEMBL
Sulforaphane,FACTOR,CHEMBL1075094,CHEMBL48802,EC50,1200.0,nM,5.92,ChEMBL
Sulforaphane,GIF,CHEMBL2085,CHEMBL48802,IC50,2200.0,nM,5.66,ChEMBL
Sulforaphane,GLYCOSYLATION-INHIBITING FACTOR,CHEMBL2085,CHEMBL48802,IC50,2200.0,nM,5.66,ChEMBL
Sulforaphane,GROWTH,CHEMBL203,CHEMBL48802,IC50,9000.0,nM,5.05,ChEMBL
Sulforaphane,HCC827,CHEMBL4296422,CHEMBL48802,IC50,10000.0,nM,,ChEMBL
Sulforaphane,HELA,CHEMBL399,CHEMBL48802,IC50,10000.0,nM,,ChEMBL
Sulforaphane,HEP 3B2,CHEMBL4296437,CHEMBL48802,IC50,10000.0,nM,,ChEMBL
Sulforaphane,HEPG2,CHEMBL395,CHEMBL48802,EC50,4000.0,nM,5.4,ChEMBL
Sulforaphane,INDUCIBLE,CHEMBL3464,CHEMBL48802,IC50,400.0,nM,6.4,ChEMBL
Sulforaphane,INDUCIBLE NO SYNTHASE,CHEMBL3464,CHEMBL48802,IC50,400.0,nM,6.4,ChEMBL
Sulforaphane,INDUCIBLE NOS,CHEMBL3464,CHEMBL48802,IC50,400.0,nM,6.4,ChEMBL
Sulforaphane,INHIBITORY,CHEMBL2085,CHEMBL48802,IC50,2200.0,nM,5.66,ChEMBL
Sulforaphane,INOS,CHEMBL3464,CHEMBL48802,IC50,400.0,nM,6.4,ChEMBL
Sulforaphane,INRF2,CHEMBL3038498,CHEMBL48802,EC50,870.0,nM,6.06,ChEMBL
Sulforaphane,JURKAT,CHEMBL397,CHEMBL48802,IC50,3800.0,nM,5.42,ChEMBL
Sulforaphane,KEAP1,CHEMBL3038498,CHEMBL48802,EC50,870.0,nM,6.06,ChEMBL
Sulforaphane,KELCH-LIKE ECH-ASSOCIATED PROTEIN 1,CHEMBL3038498,CHEMBL48802,EC50,870.0,nM,6.06,ChEMBL
Sulforaphane,KELCH-LIKE PROTEIN 19,CHEMBL3038498,CHEMBL48802,EC50,870.0,nM,6.06,ChEMBL
Sulforaphane,L-DOPACHROME ISOMERASE,CHEMBL2085,CHEMBL48802,IC50,2200.0,nM,5.66,ChEMBL
Sulforaphane,L-DOPACHROME TAUTOMERASE,CHEMBL2085,CHEMBL48802,IC50,2200.0,nM,5.66,ChEMBL
Sulforaphane,MAC-NOS,CHEMBL3464,CHEMBL48802,IC50,400.0,nM,6.4,ChEMBL
Sulforaphane,MACROPHAGE,CHEMBL2085,CHEMBL48802,IC50,2200.0,nM,5.66,ChEMBL
Sulforaphane,MACROPHAGE MIGRATION INHIBITORY FACTOR,CHEMBL2085,CHEMBL48802,IC50,2200.0,nM,5.66,ChEMBL
Sulforaphane,MACROPHAGE NOS,CHEMBL3464,CHEMBL48802,IC50,400.0,nM,6.4,ChEMBL
Sulforaphane,MCF7,CHEMBL387,CHEMBL48802,IC50,10000.0,nM,,ChEMBL
Sulforaphane,MDA-MB-231,CHEMBL400,CHEMBL48802,IC50,10000.0,nM,,ChEMBL
Sulforaphane,MIF,CHEMBL2085,CHEMBL48802,IC50,2200.0,nM,5.66,ChEMBL
Sulforaphane,MIGRATION,CHEMBL2085,CHEMBL48802,IC50,2200.0,nM,5.66,ChEMBL
Sulforaphane,NCI-H1299,CHEMBL612255,CHEMBL48802,IC50,7648.0,nM,5.12,ChEMBL
Sulforaphane,NCI-H1975,CHEMBL614348,CHEMBL48802,IC50,10000.0,nM,,ChEMBL
Sulforaphane,NF-E2-RELATED FACTOR 2,CHEMBL3038498,CHEMBL48802,EC50,870.0,nM,6.06,ChEMBL
Sulforaphane,NFE2-RELATED FACTOR 2,CHEMBL3038498,CHEMBL48802,EC50,870.0,nM,6.06,ChEMBL
Sulforaphane,NFE2L2,CHEMBL3038498,CHEMBL48802,EC50,870.0,nM,6.06,ChEMBL
Sulforaphane,NITRIC,CHEMBL3464,CHEMBL48802,IC50,400.0,nM,6.4,ChEMBL
Sulforaphane,"NITRIC OXIDE SYNTHASE, INDUCIBLE",CHEMBL3464,CHEMBL48802,IC50,400.0,nM,6.4,ChEMBL
Sulforaphane,NON-PROTEIN TARGET,CHEMBL3879801,CHEMBL48802,IC50,6250.0,nM,5.2,ChEMBL
Sulforaphane,NOS TYPE II,CHEMBL3464,CHEMBL48802,IC50,400.0,nM,6.4,ChEMBL
Sulforaphane,NOS2,CHEMBL3464,CHEMBL48802,IC50,400.0,nM,6.4,ChEMBL
Sulforaphane,NRF-2,CHEMBL3038498,CHEMBL48802,EC50,870.0,nM,6.06,ChEMBL
Sulforaphane,NUCLEAR,CHEMBL1075094,CHEMBL48802,EC50,1200.0,nM,5.92,ChEMBL
Sulforaphane,NUCLEAR FACTOR ERYTHROID 2-RELATED FACTOR 2,CHEMBL3038498,CHEMBL48802,EC50,870.0,nM,6.06,ChEMBL
Sulforaphane,"NUCLEAR FACTOR, ERYTHROID DERIVED 2, LIKE 2",CHEMBL3038498,CHEMBL48802,EC50,870.0,nM,6.06,ChEMBL
Sulforaphane,NUCLEAR RECEPTOR ROR-GAMMA,CHEMBL1293231,CHEMBL48802,Potency,3162.3,nM,5.5,ChEMBL
Sulforaphane,NUCLEAR RECEPTOR RZR-GAMMA,CHEMBL1293231,CHEMBL48802,Potency,3162.3,nM,5.5,ChEMBL
Sulforaphane,NUCLEAR RECEPTOR SUBFAMILY 1 GROUP F MEMBER 3,CHEMBL1293231,CHEMBL48802,Potency,3162.3,nM,5.5,ChEMBL
Sulforaphane,OXIDE,CHEMBL3464,CHEMBL48802,IC50,400.0,nM,6.4,ChEMBL
Sulforaphane,PC-9,CHEMBL614102,CHEMBL48802,IC50,6308.0,nM,5.2,ChEMBL
Sulforaphane,PEPTIDYL-CYSTEINE S-NITROSYLASE NOS2,CHEMBL3464,CHEMBL48802,IC50,400.0,nM,6.4,ChEMBL
Sulforaphane,PGH SYNTHASE 2,CHEMBL230,CHEMBL48802,IC50,6354.0,nM,5.2,ChEMBL
Sulforaphane,PGHS-2,CHEMBL230,CHEMBL48802,IC50,6354.0,nM,5.2,ChEMBL
Sulforaphane,PHENYLPYRUVATE TAUTOMERASE,CHEMBL2085,CHEMBL48802,IC50,2200.0,nM,5.66,ChEMBL
Sulforaphane,PHS II,CHEMBL230,CHEMBL48802,IC50,6354.0,nM,5.2,ChEMBL
Sulforaphane,PROSTAGLANDIN,CHEMBL230,CHEMBL48802,IC50,6354.0,nM,5.2,ChEMBL
Sulforaphane,PROSTAGLANDIN G/H SYNTHASE 2,CHEMBL230,CHEMBL48802,IC50,6354.0,nM,5.2,ChEMBL
Sulforaphane,PROSTAGLANDIN H2 SYNTHASE 2,CHEMBL230,CHEMBL48802,IC50,6354.0,nM,5.2,ChEMBL
Sulforaphane,PROSTAGLANDIN-ENDOPEROXIDE SYNTHASE 2,CHEMBL230,CHEMBL48802,IC50,6354.0,nM,5.2,ChEMBL
Sulforaphane,PROTO-ONCOGENE C-ERBB-1,CHEMBL203,CHEMBL48802,IC50,9000.0,nM,5.05,ChEMBL
Sulforaphane,PTGS2,CHEMBL230,CHEMBL48802,IC50,6354.0,nM,5.2,ChEMBL
Sulforaphane,RAR-RELATED ORPHAN RECEPTOR C,CHEMBL1293231,CHEMBL48802,Potency,3162.3,nM,5.5,ChEMBL
Sulforaphane,RECEPTOR,CHEMBL1293231,CHEMBL48802,Potency,3162.3,nM,5.5,ChEMBL
Sulforaphane,RECEPTOR TYROSINE-PROTEIN KINASE ERBB-1,CHEMBL203,CHEMBL48802,IC50,9000.0,nM,5.05,ChEMBL
Sulforaphane,REDOX FACTOR-1,CHEMBL5619,CHEMBL48802,Potency,7079.5,nM,,ChEMBL
Sulforaphane,REF-1,CHEMBL5619,CHEMBL48802,Potency,7079.5,nM,,ChEMBL
Sulforaphane,REGULATOR,CHEMBL5619,CHEMBL48802,Potency,7079.5,nM,,ChEMBL
Sulforaphane,REPAIR,CHEMBL5619,CHEMBL48802,Potency,7079.5,nM,,ChEMBL
Sulforaphane,RETINOID-RELATED ORPHAN RECEPTOR-GAMMA,CHEMBL1293231,CHEMBL48802,Potency,3162.3,nM,5.5,ChEMBL
Sulforaphane,RORC,CHEMBL1293231,CHEMBL48802,Potency,3162.3,nM,5.5,ChEMBL
Sulforaphane,SIHA,CHEMBL612542,CHEMBL48802,IC50,9953.0,nM,5.0,ChEMBL
Sulforaphane,SMMC-7721,CHEMBL613831,CHEMBL48802,IC50,7870.0,nM,5.1,ChEMBL
Sulforaphane,SYNTHASE,CHEMBL3464,CHEMBL48802,IC50,400.0,nM,6.4,ChEMBL
Sulforaphane,THYMUS ORPHAN RECEPTOR,CHEMBL1293231,CHEMBL48802,Potency,3162.3,nM,5.5,ChEMBL
Sulforaphane,TOR,CHEMBL1293231,CHEMBL48802,Potency,3162.3,nM,5.5,ChEMBL
Sulforaphane,U-937,CHEMBL612794,CHEMBL48802,IC50,10000.0,nM,,ChEMBL
Sulforaphane,UNCHECKED,CHEMBL612545,CHEMBL48802,IC50,6300.0,nM,5.2,ChEMBL
Tangeretin,3-DEOXYGLUCOSONE DEHYDROGENASE,CHEMBL3577,CHEMBL73930,Potency,1412.5,nM,5.85,ChEMBL
Tangeretin,ALDEHYDE,CHEMBL3577,CHEMBL73930,Potency,1412.5,nM,5.85,ChEMBL
Tangeretin,ALDEHYDE DEHYDROGENASE 1A1,CHEMBL3577,CHEMBL73930,Potency,1412.5,nM,5.85,ChEMBL
Tangeretin,ALDEHYDE DEHYDROGENASE FAMILY 1 MEMBER A1,CHEMBL3577,CHEMBL73930,Potency,1412.5,nM,5.85,ChEMBL
Tangeretin,"ALDEHYDE DEHYDROGENASE, CYTOSOLIC",CHEMBL3577,CHEMBL73930,Potency,1412.5,nM,5.85,ChEMBL
Tangeretin,ALDH-E1,CHEMBL3577,CHEMBL73930,Potency,1412.5,nM,5.85,ChEMBL
Tangeretin,ALDH1A1,CHEMBL3577,CHEMBL73930,Potency,1412.5,nM,5.85,ChEMBL
Tangeretin,ALHDII,CHEMBL3577,CHEMBL73930,Potency,1412.5,nM,5.85,ChEMBL
Tangeretin,ALL-1,CHEMBL2093861,CHEMBL73930,Potency,10000.0,nM,5.0,ChEMBL
Tangeretin,BETA,CHEMBL1947,CHEMBL73930,Potency,0.6,nM,,ChEMBL
Tangeretin,C-ERBA-2,CHEMBL1947,CHEMBL73930,Potency,0.6,nM,,ChEMBL
Tangeretin,C-ERBA-BETA,CHEMBL1947,CHEMBL73930,Potency,0.6,nM,,ChEMBL
Tangeretin,C-TERMINAL CLEAVAGE PRODUCT OF 180 KDA,CHEMBL2093861,CHEMBL73930,Potency,10000.0,nM,5.0,ChEMBL
Tangeretin,CXXC-TYPE ZINC FINGER PROTEIN 7,CHEMBL2093861,CHEMBL73930,Potency,10000.0,nM,5.0,ChEMBL
Tangeretin,CYSTEINE METHYLTRANSFERASE KMT2A,CHEMBL2093861,CHEMBL73930,Potency,10000.0,nM,5.0,ChEMBL
Tangeretin,D-OR-1,CHEMBL3222,CHEMBL73930,Ki,7000.0,nM,5.16,ChEMBL
Tangeretin,DEHYDROGENASE,CHEMBL3577,CHEMBL73930,Potency,1412.5,nM,5.85,ChEMBL
Tangeretin,DELTA-TYPE OPIOID RECEPTOR,CHEMBL3222,CHEMBL73930,Ki,7000.0,nM,5.16,ChEMBL
Tangeretin,DOR-1,CHEMBL3222,CHEMBL73930,Ki,7000.0,nM,5.16,ChEMBL
Tangeretin,HISTONE-LYSINE N-METHYLTRANSFERASE 2A,CHEMBL2093861,CHEMBL73930,Potency,10000.0,nM,5.0,ChEMBL
Tangeretin,HORMONE,CHEMBL1947,CHEMBL73930,Potency,0.6,nM,,ChEMBL
Tangeretin,K56,CHEMBL3222,CHEMBL73930,Ki,7000.0,nM,5.16,ChEMBL
Tangeretin,KMT2A,CHEMBL2093861,CHEMBL73930,Potency,10000.0,nM,5.0,ChEMBL
Tangeretin,LYSINE N-METHYLTRANSFERASE 2A,CHEMBL2093861,CHEMBL73930,Potency,10000.0,nM,5.0,ChEMBL
Tangeretin,MEN1,CHEMBL2093861,CHEMBL73930,Potency,10000.0,nM,5.0,ChEMBL
Tangeretin,MENIN,CHEMBL2093861,CHEMBL73930,Potency,10000.0,nM,5.0,ChEMBL
Tangeretin,MLL CLEAVAGE PRODUCT C180,CHEMBL2093861,CHEMBL73930,Potency,10000.0,nM,5.0,ChEMBL
Tangeretin,MLL CLEAVAGE PRODUCT N320,CHEMBL2093861,CHEMBL73930,Potency,10000.0,nM,5.0,ChEMBL
Tangeretin,MSL-2,CHEMBL3222,CHEMBL73930,Ki,7000.0,nM,5.16,ChEMBL
Tangeretin,MYELOID/LYMPHOID OR MIXED-LINEAGE LEUKEMIA,CHEMBL2093861,CHEMBL73930,Potency,10000.0,nM,5.0,ChEMBL
Tangeretin,MYELOID/LYMPHOID OR MIXED-LINEAGE LEUKEMIA PROTEIN 1,CHEMBL2093861,CHEMBL73930,Potency,10000.0,nM,5.0,ChEMBL
Tangeretin,N-TERMINAL CLEAVAGE PRODUCT OF 320 KDA,CHEMBL2093861,CHEMBL73930,Potency,10000.0,nM,5.0,ChEMBL
Tangeretin,NUCLEAR RECEPTOR SUBFAMILY 1 GROUP A MEMBER 2,CHEMBL1947,CHEMBL73930,Potency,0.6,nM,,ChEMBL
Tangeretin,OPIOID,CHEMBL3222,CHEMBL73930,Ki,7000.0,nM,5.16,ChEMBL
Tangeretin,OPRD1,CHEMBL3222,CHEMBL73930,Ki,7000.0,nM,5.16,ChEMBL
Tangeretin,P180,CHEMBL2093861,CHEMBL73930,Potency,10000.0,nM,5.0,ChEMBL
Tangeretin,P320,CHEMBL2093861,CHEMBL73930,Potency,10000.0,nM,5.0,ChEMBL
Tangeretin,PROTEIN,CHEMBL2362981,CHEMBL73930,Potency,3981.1,nM,,ChEMBL
Tangeretin,RALDH 1,CHEMBL3577,CHEMBL73930,Potency,1412.5,nM,5.85,ChEMBL
Tangeretin,RALDH1,CHEMBL3577,CHEMBL73930,Potency,1412.5,nM,5.85,ChEMBL
Tangeretin,RECEPTOR,CHEMBL3222,CHEMBL73930,Ki,7000.0,nM,5.16,ChEMBL
Tangeretin,RETINAL DEHYDROGENASE 1,CHEMBL3577,CHEMBL73930,Potency,1412.5,nM,5.85,ChEMBL
Tangeretin,TAR,CHEMBL2362981,CHEMBL73930,Potency,3981.1,nM,,ChEMBL
Tangeretin,TAR DNA-BINDING PROTEIN 43,CHEMBL2362981,CHEMBL73930,Potency,3981.1,nM,,ChEMBL
Tangeretin,TARDBP,CHEMBL2362981,CHEMBL73930,Potency,3981.1,nM,,ChEMBL
Tangeretin,TDP-43,CHEMBL2362981,CHEMBL73930,Potency,3981.1,nM,,ChEMBL
Tangeretin,THRB,CHEMBL1947,CHEMBL73930,Potency,0.6,nM,,ChEMBL
Tangeretin,THYROID,CHEMBL1947,CHEMBL73930,Potency,0.6,nM,,ChEMBL
Tangeretin,THYROID HORMONE RECEPTOR BETA,CHEMBL1947,CHEMBL73930,Potency,0.6,nM,,ChEMBL
Tangeretin,TRITHORAX-LIKE PROTEIN,CHEMBL2093861,CHEMBL73930,Potency,10000.0,nM,5.0,ChEMBL
Tangeretin,UNCHECKED,CHEMBL612545,CHEMBL73930,Potency,1000.0,nM,6.0,ChEMBL
Tangeretin,ZINC FINGER PROTEIN HRX,CHEMBL2093861,CHEMBL73930,Potency,10000.0,nM,5.0,ChEMBL
Tanshinone IIA,"1,25-DIHYDROXYVITAMIN D3 RECEPTOR",CHEMBL1977,CHEMBL187266,Potency,5623.4,nM,,ChEMBL
Tanshinone IIA,2'-O-METHYLTRANSFERASE NSP16,CHEMBL4523582,CHEMBL187266,IC50,1571.0,nM,5.8,ChEMBL
Tanshinone IIA,3-DEOXYGLUCOSONE DEHYDROGENASE,CHEMBL3577,CHEMBL187266,Potency,2818.4,nM,5.55,ChEMBL
Tanshinone IIA,3C-LIKE PROTEINASE NSP5,CHEMBL4523582,CHEMBL187266,IC50,1571.0,nM,5.8,ChEMBL
Tanshinone IIA,3CL-PRO,CHEMBL4523582,CHEMBL187266,IC50,1571.0,nM,5.8,ChEMBL
Tanshinone IIA,3CLP,CHEMBL4523582,CHEMBL187266,IC50,1571.0,nM,5.8,ChEMBL
Tanshinone IIA,A549,CHEMBL392,CHEMBL187266,IC50,2200.0,nM,5.66,ChEMBL
Tanshinone IIA,ACAT,CHEMBL2265,CHEMBL187266,Ki,6890.0,nM,5.16,ChEMBL
Tanshinone IIA,ACYL-COENZYME A:CHOLESTEROL ACYLTRANSFERASE,CHEMBL2265,CHEMBL187266,Ki,6890.0,nM,5.16,ChEMBL
Tanshinone IIA,ADENYLATE CYCLASE-STIMULATING G ALPHA PROTEIN,CHEMBL4377,CHEMBL187266,Potency,3162.3,nM,,ChEMBL
Tanshinone IIA,ADJACENT,CHEMBL1741220,CHEMBL187266,Potency,7943.3,nM,,ChEMBL
Tanshinone IIA,AGS,CHEMBL613860,CHEMBL187266,IC50,10000.0,nM,5.0,ChEMBL
Tanshinone IIA,AKR1B1,CHEMBL2622,CHEMBL187266,IC50,1140.0,nM,5.94,ChEMBL
Tanshinone IIA,ALDEHYDE,CHEMBL3577,CHEMBL187266,Potency,2818.4,nM,5.55,ChEMBL
Tanshinone IIA,ALDEHYDE DEHYDROGENASE 1A1,CHEMBL3577,CHEMBL187266,Potency,2818.4,nM,5.55,ChEMBL
Tanshinone IIA,ALDEHYDE DEHYDROGENASE FAMILY 1 MEMBER A1,CHEMBL3577,CHEMBL187266,Potency,2818.4,nM,5.55,ChEMBL
Tanshinone IIA,"ALDEHYDE DEHYDROGENASE, CYTOSOLIC",CHEMBL3577,CHEMBL187266,Potency,2818.4,nM,5.55,ChEMBL
Tanshinone IIA,ALDEHYDE REDUCTASE,CHEMBL2622,CHEMBL187266,IC50,1140.0,nM,5.94,ChEMBL
Tanshinone IIA,ALDH-E1,CHEMBL3577,CHEMBL187266,Potency,2818.4,nM,5.55,ChEMBL
Tanshinone IIA,ALDH1A1,CHEMBL3577,CHEMBL187266,Potency,2818.4,nM,5.55,ChEMBL
Tanshinone IIA,ALDO-KETO REDUCTASE FAMILY 1 MEMBER B1,CHEMBL2622,CHEMBL187266,IC50,1140.0,nM,5.94,ChEMBL
Tanshinone IIA,ALDOLASE,CHEMBL1293234,CHEMBL187266,Potency,7062.7,nM,5.15,ChEMBL
Tanshinone IIA,ALDOSE REDUCTASE,CHEMBL2622,CHEMBL187266,IC50,1140.0,nM,5.94,ChEMBL
Tanshinone IIA,ALHDII,CHEMBL3577,CHEMBL187266,Potency,2818.4,nM,5.55,ChEMBL
Tanshinone IIA,ALPHA,CHEMBL4377,CHEMBL187266,Potency,3162.3,nM,,ChEMBL
Tanshinone IIA,AND,CHEMBL3779755,CHEMBL187266,IC50,5150.0,nM,5.29,ChEMBL
Tanshinone IIA,ANDROGEN RECEPTOR COACTIVATOR 267 KDA PROTEIN,CHEMBL3588738,CHEMBL187266,IC50,1400.0,nM,5.85,ChEMBL
Tanshinone IIA,ANDROGEN RECEPTOR-ASSOCIATED PROTEIN OF 267 KDA,CHEMBL3588738,CHEMBL187266,IC50,1400.0,nM,5.85,ChEMBL
Tanshinone IIA,AP ENDONUCLEASE 1,CHEMBL5619,CHEMBL187266,Kd,0.88,nM,9.06,ChEMBL
Tanshinone IIA,APAF-1,CHEMBL1795093,CHEMBL187266,IC50,4820.0,nM,5.32,ChEMBL
Tanshinone IIA,APAF1,CHEMBL1795093,CHEMBL187266,IC50,4820.0,nM,5.32,ChEMBL
Tanshinone IIA,APE-1,CHEMBL5619,CHEMBL187266,Kd,0.88,nM,9.06,ChEMBL
Tanshinone IIA,APEN,CHEMBL5619,CHEMBL187266,Kd,0.88,nM,9.06,ChEMBL
Tanshinone IIA,APEX NUCLEASE,CHEMBL5619,CHEMBL187266,Kd,0.88,nM,9.06,ChEMBL
Tanshinone IIA,APEX1,CHEMBL5619,CHEMBL187266,Kd,0.88,nM,9.06,ChEMBL
Tanshinone IIA,APOPTOTIC,CHEMBL1795093,CHEMBL187266,IC50,4820.0,nM,5.32,ChEMBL
Tanshinone IIA,APOPTOTIC PROTEASE-ACTIVATING FACTOR 1,CHEMBL1795093,CHEMBL187266,IC50,4820.0,nM,5.32,ChEMBL
Tanshinone IIA,APURINIC-APYRIMIDINIC ENDONUCLEASE 1,CHEMBL5619,CHEMBL187266,Kd,0.88,nM,9.06,ChEMBL
Tanshinone IIA,ARNT-INTERACTING PROTEIN,CHEMBL2221345,CHEMBL187266,IC50,7530.0,nM,5.12,ChEMBL
Tanshinone IIA,BASIC-HELIX-LOOP-HELIX-PAS PROTEIN MOP1,CHEMBL2221345,CHEMBL187266,IC50,7530.0,nM,5.12,ChEMBL
Tanshinone IIA,BASIC-HELIX-LOOP-HELIX-PAS PROTEIN MOP2,CHEMBL2221345,CHEMBL187266,IC50,7530.0,nM,5.12,ChEMBL
Tanshinone IIA,BAZ2B,CHEMBL1741220,CHEMBL187266,Potency,7943.3,nM,,ChEMBL
Tanshinone IIA,BGC-823,CHEMBL614526,CHEMBL187266,IC50,2800.0,nM,5.55,ChEMBL
Tanshinone IIA,BHLHE73,CHEMBL2221345,CHEMBL187266,IC50,7530.0,nM,5.12,ChEMBL
Tanshinone IIA,BHLHE78,CHEMBL2221345,CHEMBL187266,IC50,7530.0,nM,5.12,ChEMBL
Tanshinone IIA,BRAIN CARBOXYLESTERASE HBR1,CHEMBL2265,CHEMBL187266,Ki,6890.0,nM,5.16,ChEMBL
Tanshinone IIA,BROMODOMAIN,CHEMBL1741220,CHEMBL187266,Potency,7943.3,nM,,ChEMBL
Tanshinone IIA,BROMODOMAIN ADJACENT TO ZINC FINGER DOMAIN PROTEIN 2B,CHEMBL1741220,CHEMBL187266,Potency,7943.3,nM,,ChEMBL
Tanshinone IIA,CARBOXYLESTERASE 1,CHEMBL2265,CHEMBL187266,Ki,6890.0,nM,5.16,ChEMBL
Tanshinone IIA,CARBOXYLESTERASE 2,CHEMBL3180,CHEMBL187266,Ki,69.4,nM,7.16,ChEMBL
Tanshinone IIA,CBX1,CHEMBL1741193,CHEMBL187266,Potency,7079.5,nM,,ChEMBL
Tanshinone IIA,CE-1,CHEMBL2265,CHEMBL187266,Ki,6890.0,nM,5.16,ChEMBL
Tanshinone IIA,CE-2,CHEMBL3180,CHEMBL187266,Ki,69.4,nM,7.16,ChEMBL
Tanshinone IIA,CEH,CHEMBL2265,CHEMBL187266,Ki,6890.0,nM,5.16,ChEMBL
Tanshinone IIA,CES1,CHEMBL2265,CHEMBL187266,Ki,6890.0,nM,5.16,ChEMBL
Tanshinone IIA,CES2,CHEMBL3180,CHEMBL187266,Ki,69.4,nM,7.16,ChEMBL
Tanshinone IIA,CHAIN,CHEMBL1293254,CHEMBL187266,Potency,8912.5,nM,5.05,ChEMBL
Tanshinone IIA,CHOLESTERYL ESTER HYDROLASE,CHEMBL2265,CHEMBL187266,Ki,6890.0,nM,5.16,ChEMBL
Tanshinone IIA,CHROMOBOX,CHEMBL1741193,CHEMBL187266,Potency,7079.5,nM,,ChEMBL
Tanshinone IIA,CHROMOBOX PROTEIN HOMOLOG 1,CHEMBL1741193,CHEMBL187266,Potency,7079.5,nM,,ChEMBL
Tanshinone IIA,CLASS E BASIC HELIX-LOOP-HELIX PROTEIN 73,CHEMBL2221345,CHEMBL187266,IC50,7530.0,nM,5.12,ChEMBL
Tanshinone IIA,CLASS E BASIC HELIX-LOOP-HELIX PROTEIN 78,CHEMBL2221345,CHEMBL187266,IC50,7530.0,nM,5.12,ChEMBL
Tanshinone IIA,COCAINE,CHEMBL3180,CHEMBL187266,Ki,69.4,nM,7.16,ChEMBL
Tanshinone IIA,COCAINE CARBOXYLESTERASE,CHEMBL2265,CHEMBL187266,Ki,6890.0,nM,5.16,ChEMBL
Tanshinone IIA,COCAINE ESTERASE,CHEMBL3180,CHEMBL187266,Ki,69.4,nM,7.16,ChEMBL
Tanshinone IIA,COLD AUTOINFLAMMATORY SYNDROME 1 PROTEIN HOMOLOG,CHEMBL3779755,CHEMBL187266,IC50,5150.0,nM,5.29,ChEMBL
Tanshinone IIA,CRYOPYRIN,CHEMBL3779755,CHEMBL187266,IC50,5150.0,nM,5.29,ChEMBL
Tanshinone IIA,CWR22R,CHEMBL612657,CHEMBL187266,IC50,6700.0,nM,5.17,ChEMBL
Tanshinone IIA,DEHYDROGENASE,CHEMBL3577,CHEMBL187266,Potency,2818.4,nM,5.55,ChEMBL
Tanshinone IIA,DNA,CHEMBL5619,CHEMBL187266,Kd,0.88,nM,9.06,ChEMBL
Tanshinone IIA,DNA REPAIR NUCLEASE/REDOX REGULATOR APEX1,CHEMBL5619,CHEMBL187266,Kd,0.88,nM,9.06,ChEMBL
Tanshinone IIA,"DNA REPAIR NUCLEASE/REDOX REGULATOR APEX1, MITOCHONDRIAL",CHEMBL5619,CHEMBL187266,Kd,0.88,nM,9.06,ChEMBL
Tanshinone IIA,DNA-(APURINIC OR APYRIMIDINIC SITE) ENDONUCLEASE,CHEMBL5619,CHEMBL187266,Kd,0.88,nM,9.06,ChEMBL
Tanshinone IIA,DOMAIN,CHEMBL1741220,CHEMBL187266,Potency,7943.3,nM,,ChEMBL
Tanshinone IIA,EGASYN,CHEMBL2265,CHEMBL187266,Ki,6890.0,nM,5.16,ChEMBL
Tanshinone IIA,EHMT2,CHEMBL6032,CHEMBL187266,Potency,1778.3,nM,,ChEMBL
Tanshinone IIA,ENDOTHELIAL PAS DOMAIN-CONTAINING PROTEIN 1,CHEMBL2221345,CHEMBL187266,IC50,7530.0,nM,5.12,ChEMBL
Tanshinone IIA,EPAS-1,CHEMBL2221345,CHEMBL187266,IC50,7530.0,nM,5.12,ChEMBL
Tanshinone IIA,EPAS1,CHEMBL2221345,CHEMBL187266,IC50,7530.0,nM,5.12,ChEMBL
Tanshinone IIA,ERK-2,CHEMBL4040,CHEMBL187266,Potency,10000.0,nM,5.0,ChEMBL
Tanshinone IIA,ERT1,CHEMBL4040,CHEMBL187266,Potency,10000.0,nM,5.0,ChEMBL
Tanshinone IIA,ESTERASE,CHEMBL3180,CHEMBL187266,Ki,69.4,nM,7.16,ChEMBL
Tanshinone IIA,EUCHROMATIC HISTONE-LYSINE N-METHYLTRANSFERASE 2,CHEMBL6032,CHEMBL187266,Potency,1778.3,nM,,ChEMBL
Tanshinone IIA,EXON,CHEMBL4523582,CHEMBL187266,IC50,1571.0,nM,5.8,ChEMBL
Tanshinone IIA,EXTRACELLULAR SIGNAL-REGULATED KINASE 2,CHEMBL4040,CHEMBL187266,Potency,10000.0,nM,5.0,ChEMBL
Tanshinone IIA,FACTOR,CHEMBL1795093,CHEMBL187266,IC50,4820.0,nM,5.32,ChEMBL
Tanshinone IIA,FAMILY,CHEMBL2622,CHEMBL187266,IC50,1140.0,nM,5.94,ChEMBL
Tanshinone IIA,FBA,CHEMBL1293234,CHEMBL187266,Potency,7062.7,nM,5.15,ChEMBL
Tanshinone IIA,FERRITIN,CHEMBL1293254,CHEMBL187266,Potency,8912.5,nM,5.05,ChEMBL
Tanshinone IIA,FERRITIN L SUBUNIT,CHEMBL1293254,CHEMBL187266,Potency,8912.5,nM,5.05,ChEMBL
Tanshinone IIA,FERRITIN LIGHT CHAIN,CHEMBL1293254,CHEMBL187266,Potency,8912.5,nM,5.05,ChEMBL
Tanshinone IIA,FINGER,CHEMBL1741220,CHEMBL187266,Potency,7943.3,nM,,ChEMBL
Tanshinone IIA,"FRUCTOSE-1,6-BISPHOSPHATE ALDOLASE",CHEMBL1293234,CHEMBL187266,Potency,7062.7,nM,5.15,ChEMBL
Tanshinone IIA,FRUCTOSE-BISPHOSPHATE ALDOLASE,CHEMBL1293234,CHEMBL187266,Potency,7062.7,nM,5.15,ChEMBL
Tanshinone IIA,FTL,CHEMBL1293254,CHEMBL187266,Potency,8912.5,nM,5.05,ChEMBL
Tanshinone IIA,GAMMA,CHEMBL235,CHEMBL187266,Ki,2560.0,nM,5.59,ChEMBL
Tanshinone IIA,GFL,CHEMBL4523582,CHEMBL187266,IC50,1571.0,nM,5.8,ChEMBL
Tanshinone IIA,GLFBA,CHEMBL1293234,CHEMBL187266,Potency,7062.7,nM,5.15,ChEMBL
Tanshinone IIA,GLFBPA,CHEMBL1293234,CHEMBL187266,Potency,7062.7,nM,5.15,ChEMBL
Tanshinone IIA,GNAS,CHEMBL4377,CHEMBL187266,Potency,3162.3,nM,,ChEMBL
Tanshinone IIA,GROWTH FACTOR-LIKE PEPTIDE,CHEMBL4523582,CHEMBL187266,IC50,1571.0,nM,5.8,ChEMBL
Tanshinone IIA,GUANINE,CHEMBL4377,CHEMBL187266,Potency,3162.3,nM,,ChEMBL
Tanshinone IIA,GUANINE NUCLEOTIDE-BINDING PROTEIN G(S) SUBUNIT ALPHA ISOFORMS SHORT,CHEMBL4377,CHEMBL187266,Potency,3162.3,nM,,ChEMBL
Tanshinone IIA,GUANINE-N7 METHYLTRANSFERASE NSP14,CHEMBL4523582,CHEMBL187266,IC50,1571.0,nM,5.8,ChEMBL
Tanshinone IIA,H3-K36-HMTASE,CHEMBL3588738,CHEMBL187266,IC50,1400.0,nM,5.85,ChEMBL
Tanshinone IIA,H3-K9-HMTASE 3,CHEMBL6032,CHEMBL187266,Potency,1778.3,nM,,ChEMBL
Tanshinone IIA,HCE-1,CHEMBL2265,CHEMBL187266,Ki,6890.0,nM,5.16,ChEMBL
Tanshinone IIA,HCE-2,CHEMBL3180,CHEMBL187266,Ki,69.4,nM,7.16,ChEMBL
Tanshinone IIA,HEL,CHEMBL4523582,CHEMBL187266,IC50,1571.0,nM,5.8,ChEMBL
Tanshinone IIA,HELA,CHEMBL399,CHEMBL187266,IC50,3470.0,nM,5.46,ChEMBL
Tanshinone IIA,HELICASE NSP13,CHEMBL4523582,CHEMBL187266,IC50,1571.0,nM,5.8,ChEMBL
Tanshinone IIA,HEMATOPOIETIC CELL PROTEIN-TYROSINE PHOSPHATASE,CHEMBL3166,CHEMBL187266,IC50,2140.0,nM,5.67,ChEMBL
Tanshinone IIA,HEPG2,CHEMBL395,CHEMBL187266,IC50,4910.0,nM,5.31,ChEMBL
Tanshinone IIA,HEST2,CHEMBL2916,CHEMBL187266,IC50,5000.0,nM,5.3,ChEMBL
Tanshinone IIA,HETEROCHROMATIN PROTEIN 1 HOMOLOG BETA,CHEMBL1741193,CHEMBL187266,Potency,7079.5,nM,,ChEMBL
Tanshinone IIA,HETEROCHROMATIN PROTEIN P25,CHEMBL1741193,CHEMBL187266,Potency,7079.5,nM,,ChEMBL
Tanshinone IIA,HIF-1-ALPHA,CHEMBL2221345,CHEMBL187266,IC50,7530.0,nM,5.12,ChEMBL
Tanshinone IIA,HIF-1-ALPHA-LIKE FACTOR,CHEMBL2221345,CHEMBL187266,IC50,7530.0,nM,5.12,ChEMBL
Tanshinone IIA,HIF-2-ALPHA,CHEMBL2221345,CHEMBL187266,IC50,7530.0,nM,5.12,ChEMBL
Tanshinone IIA,HIF1-ALPHA,CHEMBL2221345,CHEMBL187266,IC50,7530.0,nM,5.12,ChEMBL
Tanshinone IIA,HIF1A,CHEMBL2221345,CHEMBL187266,IC50,7530.0,nM,5.12,ChEMBL
Tanshinone IIA,HIF2-ALPHA,CHEMBL2221345,CHEMBL187266,IC50,7530.0,nM,5.12,ChEMBL
Tanshinone IIA,HISTONE H3-K9 METHYLTRANSFERASE 3,CHEMBL6032,CHEMBL187266,Potency,1778.3,nM,,ChEMBL
Tanshinone IIA,HISTONE-LYSINE N-METHYLTRANSFERASE EHMT2,CHEMBL6032,CHEMBL187266,Potency,1778.3,nM,,ChEMBL
Tanshinone IIA,"HISTONE-LYSINE N-METHYLTRANSFERASE, H3 LYSINE-36 SPECIFIC",CHEMBL3588738,CHEMBL187266,IC50,1400.0,nM,5.85,ChEMBL
Tanshinone IIA,HLA-B-ASSOCIATED TRANSCRIPT 8,CHEMBL6032,CHEMBL187266,Potency,1778.3,nM,,ChEMBL
Tanshinone IIA,HLF,CHEMBL2221345,CHEMBL187266,IC50,7530.0,nM,5.12,ChEMBL
Tanshinone IIA,HMAD-3,CHEMBL1293258,CHEMBL187266,Potency,5011.9,nM,,ChEMBL
Tanshinone IIA,HMSE,CHEMBL2265,CHEMBL187266,Ki,6890.0,nM,5.16,ChEMBL
Tanshinone IIA,HOMOLOG,CHEMBL1741193,CHEMBL187266,Potency,7079.5,nM,,ChEMBL
Tanshinone IIA,HOST TRANSLATION INHIBITOR NSP1,CHEMBL4523582,CHEMBL187266,IC50,1571.0,nM,5.8,ChEMBL
Tanshinone IIA,HP1 BETA,CHEMBL1741193,CHEMBL187266,Potency,7079.5,nM,,ChEMBL
Tanshinone IIA,HP1HSBETA,CHEMBL1741193,CHEMBL187266,Potency,7079.5,nM,,ChEMBL
Tanshinone IIA,HSMAD3,CHEMBL1293258,CHEMBL187266,Potency,5011.9,nM,,ChEMBL
Tanshinone IIA,HWALP4,CHEMBL1741220,CHEMBL187266,Potency,7943.3,nM,,ChEMBL
Tanshinone IIA,HYPOXIA-INDUCIBLE FACTOR 1-ALPHA,CHEMBL2221345,CHEMBL187266,IC50,7530.0,nM,5.12,ChEMBL
Tanshinone IIA,HYPOXIA-INDUCIBLE FACTOR 2-ALPHA,CHEMBL2221345,CHEMBL187266,IC50,7530.0,nM,5.12,ChEMBL
Tanshinone IIA,IDO-1,CHEMBL4685,CHEMBL187266,IC50,10000.0,nM,,ChEMBL
Tanshinone IIA,IDO1,CHEMBL4685,CHEMBL187266,IC50,10000.0,nM,,ChEMBL
Tanshinone IIA,INDOLEAMINE,CHEMBL4685,CHEMBL187266,IC50,10000.0,nM,,ChEMBL
Tanshinone IIA,"INDOLEAMINE 2,3-DIOXYGENASE 1",CHEMBL4685,CHEMBL187266,IC50,10000.0,nM,,ChEMBL
Tanshinone IIA,"INDOLEAMINE-PYRROLE 2,3-DIOXYGENASE",CHEMBL4685,CHEMBL187266,IC50,10000.0,nM,,ChEMBL
Tanshinone IIA,ISOFORMS,CHEMBL4377,CHEMBL187266,Potency,3162.3,nM,,ChEMBL
Tanshinone IIA,JV15-2,CHEMBL1293258,CHEMBL187266,Potency,5011.9,nM,,ChEMBL
Tanshinone IIA,K562,CHEMBL385,CHEMBL187266,IC50,4600.0,nM,5.34,ChEMBL
Tanshinone IIA,KINASE,CHEMBL4040,CHEMBL187266,Potency,10000.0,nM,5.0,ChEMBL
Tanshinone IIA,LEADER PROTEIN,CHEMBL4523582,CHEMBL187266,IC50,1571.0,nM,5.8,ChEMBL
Tanshinone IIA,LIGHT,CHEMBL1293254,CHEMBL187266,Potency,8912.5,nM,5.05,ChEMBL
Tanshinone IIA,LIVER,CHEMBL2265,CHEMBL187266,Ki,6890.0,nM,5.16,ChEMBL
Tanshinone IIA,LIVER CARBOXYLESTERASE 1,CHEMBL2265,CHEMBL187266,Ki,6890.0,nM,5.16,ChEMBL
Tanshinone IIA,LNCAP,CHEMBL612518,CHEMBL187266,IC50,500.0,nM,6.3,ChEMBL
Tanshinone IIA,LRR,CHEMBL3779755,CHEMBL187266,IC50,5150.0,nM,5.29,ChEMBL
Tanshinone IIA,LYSINE N-METHYLTRANSFERASE 1C,CHEMBL6032,CHEMBL187266,Potency,1778.3,nM,,ChEMBL
Tanshinone IIA,LYSINE N-METHYLTRANSFERASE 3B,CHEMBL3588738,CHEMBL187266,IC50,1400.0,nM,5.85,ChEMBL
Tanshinone IIA,M31,CHEMBL1741193,CHEMBL187266,Potency,7079.5,nM,,ChEMBL
Tanshinone IIA,MAD HOMOLOG 3,CHEMBL1293258,CHEMBL187266,Potency,5011.9,nM,,ChEMBL
Tanshinone IIA,MAD3,CHEMBL1293258,CHEMBL187266,Potency,5011.9,nM,,ChEMBL
Tanshinone IIA,MAIN PROTEASE,CHEMBL3927,CHEMBL187266,IC50,1600.0,nM,5.8,ChEMBL
Tanshinone IIA,MAP KINASE 1,CHEMBL4040,CHEMBL187266,Potency,10000.0,nM,5.0,ChEMBL
Tanshinone IIA,MAP KINASE 2,CHEMBL4040,CHEMBL187266,Potency,10000.0,nM,5.0,ChEMBL
Tanshinone IIA,MAP KINASE ISOFORM P42,CHEMBL4040,CHEMBL187266,Potency,10000.0,nM,5.0,ChEMBL
Tanshinone IIA,MAPK 1,CHEMBL4040,CHEMBL187266,Potency,10000.0,nM,5.0,ChEMBL
Tanshinone IIA,MAPK 2,CHEMBL4040,CHEMBL187266,Potency,10000.0,nM,5.0,ChEMBL
Tanshinone IIA,MAPK1,CHEMBL4040,CHEMBL187266,Potency,10000.0,nM,5.0,ChEMBL
Tanshinone IIA,MAPT,CHEMBL1293224,CHEMBL187266,Potency,5011.9,nM,5.3,ChEMBL
Tanshinone IIA,MAST CELL MATURATION-ASSOCIATED-INDUCIBLE PROTEIN 1,CHEMBL3779755,CHEMBL187266,IC50,5150.0,nM,5.29,ChEMBL
Tanshinone IIA,MCF7,CHEMBL387,CHEMBL187266,EC50,900.0,nM,6.05,ChEMBL
Tanshinone IIA,MDA-MB-231,CHEMBL400,CHEMBL187266,IC50,7695.0,nM,5.11,ChEMBL
Tanshinone IIA,MEMBER,CHEMBL2622,CHEMBL187266,IC50,1140.0,nM,5.94,ChEMBL
Tanshinone IIA,MEMBER OF PAS PROTEIN 1,CHEMBL2221345,CHEMBL187266,IC50,7530.0,nM,5.12,ChEMBL
Tanshinone IIA,MEMBER OF PAS PROTEIN 2,CHEMBL2221345,CHEMBL187266,IC50,7530.0,nM,5.12,ChEMBL
Tanshinone IIA,METHYLUMBELLIFERYL-ACETATE DEACETYLASE 1,CHEMBL2265,CHEMBL187266,Ki,6890.0,nM,5.16,ChEMBL
Tanshinone IIA,METHYLUMBELLIFERYL-ACETATE DEACETYLASE 2,CHEMBL3180,CHEMBL187266,Ki,69.4,nM,7.16,ChEMBL
Tanshinone IIA,MGC-803,CHEMBL3706566,CHEMBL187266,IC50,5000.0,nM,,ChEMBL
Tanshinone IIA,MIA PACA-2,CHEMBL614725,CHEMBL187266,IC50,1900.0,nM,5.72,ChEMBL
Tanshinone IIA,MICROTUBULE-ASSOCIATED PROTEIN TAU,CHEMBL1293224,CHEMBL187266,Potency,5011.9,nM,5.3,ChEMBL
Tanshinone IIA,MITOGEN-ACTIVATED PROTEIN KINASE 1,CHEMBL4040,CHEMBL187266,Potency,10000.0,nM,5.0,ChEMBL
Tanshinone IIA,MITOGEN-ACTIVATED PROTEIN KINASE 2,CHEMBL4040,CHEMBL187266,Potency,10000.0,nM,5.0,ChEMBL
Tanshinone IIA,MODIFIER 1 PROTEIN,CHEMBL1741193,CHEMBL187266,Potency,7079.5,nM,,ChEMBL
Tanshinone IIA,MONOCYTE/MACROPHAGE SERINE ESTERASE,CHEMBL2265,CHEMBL187266,Ki,6890.0,nM,5.16,ChEMBL
Tanshinone IIA,MOTHERS AGAINST DECAPENTAPLEGIC HOMOLOG 3,CHEMBL1293258,CHEMBL187266,Potency,5011.9,nM,,ChEMBL
Tanshinone IIA,MOTHERS AGAINST DPP HOMOLOG 3,CHEMBL1293258,CHEMBL187266,Potency,5011.9,nM,,ChEMBL
Tanshinone IIA,MPRO,CHEMBL3927,CHEMBL187266,IC50,1600.0,nM,5.8,ChEMBL
Tanshinone IIA,NACHT,CHEMBL3779755,CHEMBL187266,IC50,5150.0,nM,5.29,ChEMBL
Tanshinone IIA,"NACHT, LRR AND PYD DOMAINS-CONTAINING PROTEIN 3",CHEMBL3779755,CHEMBL187266,IC50,5150.0,nM,5.29,ChEMBL
Tanshinone IIA,NADPH,CHEMBL6110,CHEMBL187266,Potency,10000.0,nM,5.0,ChEMBL
Tanshinone IIA,NCI-N87,CHEMBL614197,CHEMBL187266,IC50,3100.0,nM,5.51,ChEMBL
Tanshinone IIA,NENDOU,CHEMBL4523582,CHEMBL187266,IC50,1571.0,nM,5.8,ChEMBL
Tanshinone IIA,NEUROFIBRILLARY TANGLE PROTEIN,CHEMBL1293224,CHEMBL187266,Potency,5011.9,nM,5.3,ChEMBL
Tanshinone IIA,NLRP3,CHEMBL3779755,CHEMBL187266,IC50,5150.0,nM,5.29,ChEMBL
Tanshinone IIA,NON-PROTEIN TARGET,CHEMBL3879801,CHEMBL187266,IC50,400.0,nM,6.4,ChEMBL
Tanshinone IIA,NON-STRUCTURAL PROTEIN 1,CHEMBL3927,CHEMBL187266,IC50,1600.0,nM,5.8,ChEMBL
Tanshinone IIA,NON-STRUCTURAL PROTEIN 10,CHEMBL4523582,CHEMBL187266,IC50,1571.0,nM,5.8,ChEMBL
Tanshinone IIA,NON-STRUCTURAL PROTEIN 11,CHEMBL3927,CHEMBL187266,IC50,1600.0,nM,5.8,ChEMBL
Tanshinone IIA,NON-STRUCTURAL PROTEIN 12,CHEMBL4523582,CHEMBL187266,IC50,1571.0,nM,5.8,ChEMBL
Tanshinone IIA,NON-STRUCTURAL PROTEIN 13,CHEMBL4523582,CHEMBL187266,IC50,1571.0,nM,5.8,ChEMBL
Tanshinone IIA,NON-STRUCTURAL PROTEIN 14,CHEMBL4523582,CHEMBL187266,IC50,1571.0,nM,5.8,ChEMBL
Tanshinone IIA,NON-STRUCTURAL PROTEIN 15,CHEMBL4523582,CHEMBL187266,IC50,1571.0,nM,5.8,ChEMBL
Tanshinone IIA,NON-STRUCTURAL PROTEIN 16,CHEMBL4523582,CHEMBL187266,IC50,1571.0,nM,5.8,ChEMBL
Tanshinone IIA,NON-STRUCTURAL PROTEIN 2,CHEMBL4523582,CHEMBL187266,IC50,1571.0,nM,5.8,ChEMBL
Tanshinone IIA,NON-STRUCTURAL PROTEIN 3,CHEMBL4523582,CHEMBL187266,IC50,1571.0,nM,5.8,ChEMBL
Tanshinone IIA,NON-STRUCTURAL PROTEIN 4,CHEMBL4523582,CHEMBL187266,IC50,1571.0,nM,5.8,ChEMBL
Tanshinone IIA,NON-STRUCTURAL PROTEIN 5,CHEMBL4523582,CHEMBL187266,IC50,1571.0,nM,5.8,ChEMBL
Tanshinone IIA,NON-STRUCTURAL PROTEIN 6,CHEMBL4523582,CHEMBL187266,IC50,1571.0,nM,5.8,ChEMBL
Tanshinone IIA,NON-STRUCTURAL PROTEIN 7,CHEMBL4523582,CHEMBL187266,IC50,1571.0,nM,5.8,ChEMBL
Tanshinone IIA,NON-STRUCTURAL PROTEIN 8,CHEMBL4523582,CHEMBL187266,IC50,1571.0,nM,5.8,ChEMBL
Tanshinone IIA,NON-STRUCTURAL PROTEIN 9,CHEMBL3927,CHEMBL187266,IC50,1600.0,nM,5.8,ChEMBL
Tanshinone IIA,NR-BINDING SET DOMAIN-CONTAINING PROTEIN,CHEMBL3588738,CHEMBL187266,IC50,1400.0,nM,5.85,ChEMBL
Tanshinone IIA,NS1,CHEMBL1293303,CHEMBL187266,Potency,1584.9,nM,5.8,ChEMBL
Tanshinone IIA,NSD1,CHEMBL3588738,CHEMBL187266,IC50,1400.0,nM,5.85,ChEMBL
Tanshinone IIA,NSP1,CHEMBL3927,CHEMBL187266,IC50,1600.0,nM,5.8,ChEMBL
Tanshinone IIA,NSP10,CHEMBL3927,CHEMBL187266,IC50,1600.0,nM,5.8,ChEMBL
Tanshinone IIA,NSP11,CHEMBL3927,CHEMBL187266,IC50,1600.0,nM,5.8,ChEMBL
Tanshinone IIA,NSP12,CHEMBL4523582,CHEMBL187266,IC50,1571.0,nM,5.8,ChEMBL
Tanshinone IIA,NSP13,CHEMBL4523582,CHEMBL187266,IC50,1571.0,nM,5.8,ChEMBL
Tanshinone IIA,NSP14,CHEMBL4523582,CHEMBL187266,IC50,1571.0,nM,5.8,ChEMBL
Tanshinone IIA,NSP15,CHEMBL4523582,CHEMBL187266,IC50,1571.0,nM,5.8,ChEMBL
Tanshinone IIA,NSP16,CHEMBL4523582,CHEMBL187266,IC50,1571.0,nM,5.8,ChEMBL
Tanshinone IIA,NSP2,CHEMBL3927,CHEMBL187266,IC50,1600.0,nM,5.8,ChEMBL
Tanshinone IIA,NSP3,CHEMBL3927,CHEMBL187266,IC50,1600.0,nM,5.8,ChEMBL
Tanshinone IIA,NSP4,CHEMBL3927,CHEMBL187266,IC50,1600.0,nM,5.8,ChEMBL
Tanshinone IIA,NSP5,CHEMBL3927,CHEMBL187266,IC50,1600.0,nM,5.8,ChEMBL
Tanshinone IIA,NSP6,CHEMBL3927,CHEMBL187266,IC50,1600.0,nM,5.8,ChEMBL
Tanshinone IIA,NSP7,CHEMBL3927,CHEMBL187266,IC50,1600.0,nM,5.8,ChEMBL
Tanshinone IIA,NSP8,CHEMBL3927,CHEMBL187266,IC50,1600.0,nM,5.8,ChEMBL
Tanshinone IIA,NSP9,CHEMBL3927,CHEMBL187266,IC50,1600.0,nM,5.8,ChEMBL
Tanshinone IIA,NUCLEAR RECEPTOR SUBFAMILY 1 GROUP C MEMBER 3,CHEMBL235,CHEMBL187266,Ki,2560.0,nM,5.59,ChEMBL
Tanshinone IIA,NUCLEAR RECEPTOR SUBFAMILY 1 GROUP I MEMBER 1,CHEMBL1977,CHEMBL187266,Potency,5623.4,nM,,ChEMBL
Tanshinone IIA,NUCLEAR RECEPTOR-BINDING SET DOMAIN-CONTAINING PROTEIN 1,CHEMBL3588738,CHEMBL187266,IC50,1400.0,nM,5.85,ChEMBL
Tanshinone IIA,OF,CHEMBL1795091,CHEMBL187266,Potency,1062.1,nM,,ChEMBL
Tanshinone IIA,ORF1A POLYPROTEIN,CHEMBL3927,CHEMBL187266,IC50,1600.0,nM,5.8,ChEMBL
Tanshinone IIA,ORF1AB POLYPROTEIN,CHEMBL4523582,CHEMBL187266,IC50,1571.0,nM,5.8,ChEMBL
Tanshinone IIA,P25BETA,CHEMBL1741193,CHEMBL187266,Potency,7079.5,nM,,ChEMBL
Tanshinone IIA,P42-MAPK,CHEMBL4040,CHEMBL187266,Potency,10000.0,nM,5.0,ChEMBL
Tanshinone IIA,P65 HOMOLOG,CHEMBL3927,CHEMBL187266,IC50,1600.0,nM,5.8,ChEMBL
Tanshinone IIA,PAIRED HELICAL FILAMENT-TAU,CHEMBL1293224,CHEMBL187266,Potency,5011.9,nM,5.3,ChEMBL
Tanshinone IIA,PAPAIN-LIKE PROTEASE NSP3,CHEMBL3927,CHEMBL187266,IC50,1600.0,nM,5.8,ChEMBL
Tanshinone IIA,PAPAIN-LIKE PROTEINASE,CHEMBL4523582,CHEMBL187266,IC50,1571.0,nM,5.8,ChEMBL
Tanshinone IIA,PAS DOMAIN-CONTAINING PROTEIN 2,CHEMBL2221345,CHEMBL187266,IC50,7530.0,nM,5.12,ChEMBL
Tanshinone IIA,PAS DOMAIN-CONTAINING PROTEIN 8,CHEMBL2221345,CHEMBL187266,IC50,7530.0,nM,5.12,ChEMBL
Tanshinone IIA,PC-3,CHEMBL390,CHEMBL187266,EC50,1200.0,nM,5.92,ChEMBL
Tanshinone IIA,PEROXISOME,CHEMBL235,CHEMBL187266,Ki,2560.0,nM,5.59,ChEMBL
Tanshinone IIA,PEROXISOME PROLIFERATOR-ACTIVATED RECEPTOR GAMMA,CHEMBL235,CHEMBL187266,Ki,2560.0,nM,5.59,ChEMBL
Tanshinone IIA,PHF-TAU,CHEMBL1293224,CHEMBL187266,Potency,5011.9,nM,5.3,ChEMBL
Tanshinone IIA,PHOSPHATASE,CHEMBL3166,CHEMBL187266,IC50,2140.0,nM,5.67,ChEMBL
Tanshinone IIA,PL-PRO,CHEMBL3927,CHEMBL187266,IC50,1600.0,nM,5.8,ChEMBL
Tanshinone IIA,PL2-PRO,CHEMBL3927,CHEMBL187266,IC50,1600.0,nM,5.8,ChEMBL
Tanshinone IIA,PLASMODIUM FALCIPARUM,CHEMBL364,CHEMBL187266,Potency,1471.6,nM,,ChEMBL
Tanshinone IIA,POL,CHEMBL4523582,CHEMBL187266,IC50,1571.0,nM,5.8,ChEMBL
Tanshinone IIA,POLYPROTEIN,CHEMBL3927,CHEMBL187266,IC50,1600.0,nM,5.8,ChEMBL
Tanshinone IIA,PP1A,CHEMBL3927,CHEMBL187266,IC50,1600.0,nM,5.8,ChEMBL
Tanshinone IIA,PP1AB,CHEMBL4523582,CHEMBL187266,IC50,1571.0,nM,5.8,ChEMBL
Tanshinone IIA,PPAR-GAMMA,CHEMBL235,CHEMBL187266,Ki,2560.0,nM,5.59,ChEMBL
Tanshinone IIA,PPARG,CHEMBL235,CHEMBL187266,Ki,2560.0,nM,5.59,ChEMBL
Tanshinone IIA,PROOFREADING EXORIBONUCLEASE NSP14,CHEMBL4523582,CHEMBL187266,IC50,1571.0,nM,5.8,ChEMBL
Tanshinone IIA,PROTEIN,CHEMBL1293303,CHEMBL187266,Potency,1584.9,nM,5.8,ChEMBL
Tanshinone IIA,PROTEIN G9A,CHEMBL6032,CHEMBL187266,Potency,1778.3,nM,,ChEMBL
Tanshinone IIA,PROTEIN-TYROSINE PHOSPHATASE 1C,CHEMBL3166,CHEMBL187266,IC50,2140.0,nM,5.67,ChEMBL
Tanshinone IIA,PROTEIN-TYROSINE PHOSPHATASE 1D,CHEMBL3864,CHEMBL187266,IC50,2590.0,nM,5.59,ChEMBL
Tanshinone IIA,PROTEIN-TYROSINE PHOSPHATASE 2C,CHEMBL3864,CHEMBL187266,IC50,2590.0,nM,5.59,ChEMBL
Tanshinone IIA,PROTEIN-TYROSINE PHOSPHATASE SHP-1,CHEMBL3166,CHEMBL187266,IC50,2140.0,nM,5.67,ChEMBL
Tanshinone IIA,PTP-1C,CHEMBL3166,CHEMBL187266,IC50,2140.0,nM,5.67,ChEMBL
Tanshinone IIA,PTP-1D,CHEMBL3864,CHEMBL187266,IC50,2590.0,nM,5.59,ChEMBL
Tanshinone IIA,PTP-2C,CHEMBL3864,CHEMBL187266,IC50,2590.0,nM,5.59,ChEMBL
Tanshinone IIA,PTPN11,CHEMBL3864,CHEMBL187266,IC50,2590.0,nM,5.59,ChEMBL
Tanshinone IIA,PTPN6,CHEMBL3166,CHEMBL187266,IC50,2140.0,nM,5.67,ChEMBL
Tanshinone IIA,PYD,CHEMBL3779755,CHEMBL187266,IC50,5150.0,nM,5.29,ChEMBL
Tanshinone IIA,PYRIN-CONTAINING APAF1-LIKE PROTEIN 1,CHEMBL3779755,CHEMBL187266,IC50,5150.0,nM,5.29,ChEMBL
Tanshinone IIA,RALDH 1,CHEMBL3577,CHEMBL187266,Potency,2818.4,nM,5.55,ChEMBL
Tanshinone IIA,RALDH1,CHEMBL3577,CHEMBL187266,Potency,2818.4,nM,5.55,ChEMBL
Tanshinone IIA,RDRP,CHEMBL4523582,CHEMBL187266,IC50,1571.0,nM,5.8,ChEMBL
Tanshinone IIA,RECEPTOR,CHEMBL235,CHEMBL187266,Ki,2560.0,nM,5.59,ChEMBL
Tanshinone IIA,REDOX FACTOR-1,CHEMBL5619,CHEMBL187266,Kd,0.88,nM,9.06,ChEMBL
Tanshinone IIA,REDUCTASE,CHEMBL2622,CHEMBL187266,IC50,1140.0,nM,5.94,ChEMBL
Tanshinone IIA,REF-1,CHEMBL5619,CHEMBL187266,Kd,0.88,nM,9.06,ChEMBL
Tanshinone IIA,REGULATOR,CHEMBL5619,CHEMBL187266,Kd,0.88,nM,9.06,ChEMBL
Tanshinone IIA,REGULATOR OF G-PROTEIN SIGNALING 4,CHEMBL1795091,CHEMBL187266,Potency,1062.1,nM,,ChEMBL
Tanshinone IIA,REH,CHEMBL2265,CHEMBL187266,Ki,6890.0,nM,5.16,ChEMBL
Tanshinone IIA,REP,CHEMBL4523582,CHEMBL187266,IC50,1571.0,nM,5.8,ChEMBL
Tanshinone IIA,REPAIR,CHEMBL5619,CHEMBL187266,Kd,0.88,nM,9.06,ChEMBL
Tanshinone IIA,REPLICASE,CHEMBL3927,CHEMBL187266,IC50,1600.0,nM,5.8,ChEMBL
Tanshinone IIA,REPLICASE POLYPROTEIN 1A,CHEMBL3927,CHEMBL187266,IC50,1600.0,nM,5.8,ChEMBL
Tanshinone IIA,REPLICASE POLYPROTEIN 1AB,CHEMBL4523582,CHEMBL187266,IC50,1571.0,nM,5.8,ChEMBL
Tanshinone IIA,RETINAL DEHYDROGENASE 1,CHEMBL3577,CHEMBL187266,Potency,2818.4,nM,5.55,ChEMBL
Tanshinone IIA,RETINYL ESTER HYDROLASE,CHEMBL2265,CHEMBL187266,Ki,6890.0,nM,5.16,ChEMBL
Tanshinone IIA,REVERSE,CHEMBL2916,CHEMBL187266,IC50,5000.0,nM,5.3,ChEMBL
Tanshinone IIA,RGP4,CHEMBL1795091,CHEMBL187266,Potency,1062.1,nM,,ChEMBL
Tanshinone IIA,RGS4,CHEMBL1795091,CHEMBL187266,Potency,1062.1,nM,,ChEMBL
Tanshinone IIA,RNA-CAPPING ENZYME SUBUNIT NSP9,CHEMBL4523582,CHEMBL187266,IC50,1571.0,nM,5.8,ChEMBL
Tanshinone IIA,RNA-DIRECTED RNA POLYMERASE NSP12,CHEMBL4523582,CHEMBL187266,IC50,1571.0,nM,5.8,ChEMBL
Tanshinone IIA,SARS CORONAVIRUS MAIN PROTEINASE,CHEMBL4523582,CHEMBL187266,IC50,1571.0,nM,5.8,ChEMBL
Tanshinone IIA,SERINE ESTERASE 1,CHEMBL2265,CHEMBL187266,Ki,6890.0,nM,5.16,ChEMBL
Tanshinone IIA,SH-PTP1,CHEMBL3166,CHEMBL187266,IC50,2140.0,nM,5.67,ChEMBL
Tanshinone IIA,SH-PTP2,CHEMBL3864,CHEMBL187266,IC50,2590.0,nM,5.59,ChEMBL
Tanshinone IIA,SH-PTP3,CHEMBL3864,CHEMBL187266,IC50,2590.0,nM,5.59,ChEMBL
Tanshinone IIA,SHORT,CHEMBL4377,CHEMBL187266,Potency,3162.3,nM,,ChEMBL
Tanshinone IIA,SHP-2,CHEMBL3864,CHEMBL187266,IC50,2590.0,nM,5.59,ChEMBL
Tanshinone IIA,SHP2,CHEMBL3864,CHEMBL187266,IC50,2590.0,nM,5.59,ChEMBL
Tanshinone IIA,SIGNALING,CHEMBL1795091,CHEMBL187266,Potency,1062.1,nM,,ChEMBL
Tanshinone IIA,SMAD,CHEMBL1293258,CHEMBL187266,Potency,5011.9,nM,,ChEMBL
Tanshinone IIA,SMAD 3,CHEMBL1293258,CHEMBL187266,Potency,5011.9,nM,,ChEMBL
Tanshinone IIA,SMAD FAMILY MEMBER 3,CHEMBL1293258,CHEMBL187266,Potency,5011.9,nM,,ChEMBL
Tanshinone IIA,SMAD3,CHEMBL1293258,CHEMBL187266,Potency,5011.9,nM,,ChEMBL
Tanshinone IIA,SPECIFIC,CHEMBL3588738,CHEMBL187266,IC50,1400.0,nM,5.85,ChEMBL
Tanshinone IIA,SUBUNIT,CHEMBL4377,CHEMBL187266,Potency,3162.3,nM,,ChEMBL
Tanshinone IIA,TAU,CHEMBL1293224,CHEMBL187266,Potency,5011.9,nM,5.3,ChEMBL
Tanshinone IIA,TDO,CHEMBL2140,CHEMBL187266,IC50,10000.0,nM,,ChEMBL
Tanshinone IIA,TDO2,CHEMBL2140,CHEMBL187266,IC50,10000.0,nM,,ChEMBL
Tanshinone IIA,TDP1,CHEMBL1075138,CHEMBL187266,Potency,1299.5,nM,,ChEMBL
Tanshinone IIA,TELOMERASE,CHEMBL2916,CHEMBL187266,IC50,5000.0,nM,5.3,ChEMBL
Tanshinone IIA,TELOMERASE CATALYTIC SUBUNIT,CHEMBL2916,CHEMBL187266,IC50,5000.0,nM,5.3,ChEMBL
Tanshinone IIA,TELOMERASE REVERSE TRANSCRIPTASE,CHEMBL2916,CHEMBL187266,IC50,5000.0,nM,5.3,ChEMBL
Tanshinone IIA,TELOMERASE-ASSOCIATED PROTEIN 2,CHEMBL2916,CHEMBL187266,IC50,5000.0,nM,5.3,ChEMBL
Tanshinone IIA,TERT,CHEMBL2916,CHEMBL187266,IC50,5000.0,nM,5.3,ChEMBL
Tanshinone IIA,TGH,CHEMBL2265,CHEMBL187266,Ki,6890.0,nM,5.16,ChEMBL
Tanshinone IIA,TGR,CHEMBL6110,CHEMBL187266,Potency,10000.0,nM,5.0,ChEMBL
Tanshinone IIA,THIOREDOXIN-DISULFIDE REDUCTASE (NADPH),CHEMBL6110,CHEMBL187266,Potency,10000.0,nM,5.0,ChEMBL
Tanshinone IIA,TO,CHEMBL1741220,CHEMBL187266,Potency,7943.3,nM,,ChEMBL
Tanshinone IIA,TOXOPLASMA GONDII,CHEMBL612888,CHEMBL187266,IC50,2500.0,nM,5.6,ChEMBL
Tanshinone IIA,TP2,CHEMBL2916,CHEMBL187266,IC50,5000.0,nM,5.3,ChEMBL
Tanshinone IIA,TRANSCRIPTASE,CHEMBL2916,CHEMBL187266,IC50,5000.0,nM,5.3,ChEMBL
Tanshinone IIA,TRIACYLGLYCEROL HYDROLASE,CHEMBL2265,CHEMBL187266,Ki,6890.0,nM,5.16,ChEMBL
Tanshinone IIA,TRPO,CHEMBL2140,CHEMBL187266,IC50,10000.0,nM,,ChEMBL
Tanshinone IIA,"TRYPTAMIN 2,3-DIOXYGENASE",CHEMBL2140,CHEMBL187266,IC50,10000.0,nM,,ChEMBL
Tanshinone IIA,TRYPTOPHAN,CHEMBL2140,CHEMBL187266,IC50,10000.0,nM,,ChEMBL
Tanshinone IIA,"TRYPTOPHAN 2,3-DIOXYGENASE",CHEMBL2140,CHEMBL187266,IC50,10000.0,nM,,ChEMBL
Tanshinone IIA,TRYPTOPHAN OXYGENASE,CHEMBL2140,CHEMBL187266,IC50,10000.0,nM,,ChEMBL
Tanshinone IIA,TRYPTOPHAN PYRROLASE,CHEMBL2140,CHEMBL187266,IC50,10000.0,nM,,ChEMBL
Tanshinone IIA,TRYPTOPHANASE,CHEMBL2140,CHEMBL187266,IC50,10000.0,nM,,ChEMBL
Tanshinone IIA,TYPE,CHEMBL3166,CHEMBL187266,IC50,2140.0,nM,5.67,ChEMBL
Tanshinone IIA,TYR-DNA PHOSPHODIESTERASE 1,CHEMBL1075138,CHEMBL187266,Potency,1299.5,nM,,ChEMBL
Tanshinone IIA,TYROSINE-PROTEIN PHOSPHATASE NON-RECEPTOR TYPE 11,CHEMBL3864,CHEMBL187266,IC50,2590.0,nM,5.59,ChEMBL
Tanshinone IIA,TYROSINE-PROTEIN PHOSPHATASE NON-RECEPTOR TYPE 6,CHEMBL3166,CHEMBL187266,IC50,2140.0,nM,5.67,ChEMBL
Tanshinone IIA,TYROSYL-DNA PHOSPHODIESTERASE 1,CHEMBL1075138,CHEMBL187266,Potency,1299.5,nM,,ChEMBL
Tanshinone IIA,U-937,CHEMBL612794,CHEMBL187266,IC50,5000.0,nM,,ChEMBL
Tanshinone IIA,UNCHECKED,CHEMBL612545,CHEMBL187266,IC50,3228.0,nM,5.49,ChEMBL
Tanshinone IIA,URIDYLATE-SPECIFIC ENDORIBONUCLEASE NSP15,CHEMBL4523582,CHEMBL187266,IC50,1571.0,nM,5.8,ChEMBL
Tanshinone IIA,VDR,CHEMBL1977,CHEMBL187266,Potency,5623.4,nM,,ChEMBL
Tanshinone IIA,VIRAL PROTEIN GENOME-LINKED NSP9,CHEMBL4523582,CHEMBL187266,IC50,1571.0,nM,5.8,ChEMBL
Tanshinone IIA,VITAMIN,CHEMBL1977,CHEMBL187266,Potency,5623.4,nM,,ChEMBL
Tanshinone IIA,VITAMIN D3 RECEPTOR,CHEMBL1977,CHEMBL187266,Potency,5623.4,nM,,ChEMBL
Tanshinone IIA,ZINC,CHEMBL1741220,CHEMBL187266,Potency,7943.3,nM,,ChEMBL
Tetramethylpyrazine,A549,CHEMBL392,CHEMBL303697,IC50,6420.0,nM,5.19,ChEMBL
Tetramethylpyrazine,HCT-116,CHEMBL394,CHEMBL303697,IC50,8170.0,nM,5.09,ChEMBL
Tetramethylpyrazine,K562,CHEMBL385,CHEMBL303697,IC50,5090.0,nM,5.29,ChEMBL
Tetramethylpyrazine,MDA-MB-231,CHEMBL400,CHEMBL303697,IC50,4860.0,nM,5.31,ChEMBL
Tetramethylpyrazine,NCI-H1975,CHEMBL614348,CHEMBL303697,IC50,5610.0,nM,5.25,ChEMBL
Tetramethylpyrazine,SK-HEP1,CHEMBL614912,CHEMBL303697,IC50,9670.0,nM,5.01,ChEMBL
Tetramethylpyrazine,UNCHECKED,CHEMBL612545,CHEMBL303697,IC50,9500.0,nM,5.02,ChEMBL
Tyrosol,2'-O-METHYLTRANSFERASE NSP16,CHEMBL4523582,CHEMBL53566,IC50,6680.0,nM,5.17,ChEMBL
Tyrosol,3C-LIKE PROTEINASE NSP5,CHEMBL4523582,CHEMBL53566,IC50,6680.0,nM,5.17,ChEMBL
Tyrosol,3CL-PRO,CHEMBL4523582,CHEMBL53566,IC50,6680.0,nM,5.17,ChEMBL
Tyrosol,3CLP,CHEMBL4523582,CHEMBL53566,IC50,6680.0,nM,5.17,ChEMBL
Tyrosol,ANHYDRASE,CHEMBL5631,CHEMBL53566,Ki,850.0,nM,6.07,ChEMBL
Tyrosol,BETA-CA 1,CHEMBL5631,CHEMBL53566,Ki,850.0,nM,6.07,ChEMBL
Tyrosol,BETA-CARBONIC ANHYDRASE 1,CHEMBL5631,CHEMBL53566,Ki,850.0,nM,6.07,ChEMBL
Tyrosol,CA-II,CHEMBL205,CHEMBL53566,Ki,8700.0,nM,5.06,ChEMBL
Tyrosol,CA2,CHEMBL205,CHEMBL53566,Ki,8700.0,nM,5.06,ChEMBL
Tyrosol,CAC,CHEMBL205,CHEMBL53566,Ki,8700.0,nM,5.06,ChEMBL
Tyrosol,CAN2,CHEMBL1697676,CHEMBL53566,Ki,1080.0,nM,5.97,ChEMBL
Tyrosol,CARBONATE DEHYDRATASE,CHEMBL1697676,CHEMBL53566,Ki,1080.0,nM,5.97,ChEMBL
Tyrosol,CARBONATE DEHYDRATASE 1,CHEMBL5631,CHEMBL53566,Ki,850.0,nM,6.07,ChEMBL
Tyrosol,CARBONATE DEHYDRATASE II,CHEMBL205,CHEMBL53566,Ki,8700.0,nM,5.06,ChEMBL
Tyrosol,CARBONIC,CHEMBL1697676,CHEMBL53566,Ki,1080.0,nM,5.97,ChEMBL
Tyrosol,CARBONIC ANHYDRASE,CHEMBL1697676,CHEMBL53566,Ki,1080.0,nM,5.97,ChEMBL
Tyrosol,CARBONIC ANHYDRASE 2,CHEMBL205,CHEMBL53566,Ki,8700.0,nM,5.06,ChEMBL
Tyrosol,CARBONIC ANHYDRASE C,CHEMBL205,CHEMBL53566,Ki,8700.0,nM,5.06,ChEMBL
Tyrosol,CARBONIC ANHYDRASE II,CHEMBL205,CHEMBL53566,Ki,8700.0,nM,5.06,ChEMBL
Tyrosol,CYANAMIDE HYDRATASE CA2,CHEMBL205,CHEMBL53566,Ki,8700.0,nM,5.06,ChEMBL
Tyrosol,EXON,CHEMBL4523582,CHEMBL53566,IC50,6680.0,nM,5.17,ChEMBL
Tyrosol,GFL,CHEMBL4523582,CHEMBL53566,IC50,6680.0,nM,5.17,ChEMBL
Tyrosol,GLS,CHEMBL2146302,CHEMBL53566,Potency,10000.0,nM,,ChEMBL
Tyrosol,GLUTAMINASE,CHEMBL2146302,CHEMBL53566,Potency,10000.0,nM,,ChEMBL
Tyrosol,"GLUTAMINASE KIDNEY ISOFORM, MITOCHONDRIAL",CHEMBL2146302,CHEMBL53566,Potency,10000.0,nM,,ChEMBL
Tyrosol,"GLUTAMINASE KIDNEY ISOFORM, MITOCHONDRIAL 65 KDA CHAIN",CHEMBL2146302,CHEMBL53566,Potency,10000.0,nM,,ChEMBL
Tyrosol,"GLUTAMINASE KIDNEY ISOFORM, MITOCHONDRIAL 68 KDA CHAIN",CHEMBL2146302,CHEMBL53566,Potency,10000.0,nM,,ChEMBL
Tyrosol,GROWTH FACTOR-LIKE PEPTIDE,CHEMBL4523582,CHEMBL53566,IC50,6680.0,nM,5.17,ChEMBL
Tyrosol,GUANINE-N7 METHYLTRANSFERASE NSP14,CHEMBL4523582,CHEMBL53566,IC50,6680.0,nM,5.17,ChEMBL
Tyrosol,HEL,CHEMBL4523582,CHEMBL53566,IC50,6680.0,nM,5.17,ChEMBL
Tyrosol,HELICASE NSP13,CHEMBL4523582,CHEMBL53566,IC50,6680.0,nM,5.17,ChEMBL
Tyrosol,HOST TRANSLATION INHIBITOR NSP1,CHEMBL4523582,CHEMBL53566,IC50,6680.0,nM,5.17,ChEMBL
Tyrosol,ISOFORM,CHEMBL2146302,CHEMBL53566,Potency,10000.0,nM,,ChEMBL
Tyrosol,K-GLUTAMINASE,CHEMBL2146302,CHEMBL53566,Potency,10000.0,nM,,ChEMBL
Tyrosol,KIDNEY,CHEMBL2146302,CHEMBL53566,Potency,10000.0,nM,,ChEMBL
Tyrosol,L-GLUTAMINE AMIDOHYDROLASE,CHEMBL2146302,CHEMBL53566,Potency,10000.0,nM,,ChEMBL
Tyrosol,LEADER PROTEIN,CHEMBL4523582,CHEMBL53566,IC50,6680.0,nM,5.17,ChEMBL
Tyrosol,LEISHMANIA DONOVANI,CHEMBL367,CHEMBL53566,IC50,10000.0,nM,,ChEMBL
Tyrosol,MAIN PROTEASE,CHEMBL4523582,CHEMBL53566,IC50,6680.0,nM,5.17,ChEMBL
Tyrosol,MITOCHONDRIAL,CHEMBL2146302,CHEMBL53566,Potency,10000.0,nM,,ChEMBL
Tyrosol,MPRO,CHEMBL4523582,CHEMBL53566,IC50,6680.0,nM,5.17,ChEMBL
Tyrosol,MTCA 1,CHEMBL5631,CHEMBL53566,Ki,850.0,nM,6.07,ChEMBL
Tyrosol,MTCA1,CHEMBL5631,CHEMBL53566,Ki,850.0,nM,6.07,ChEMBL
Tyrosol,NCE103,CHEMBL5337,CHEMBL53566,Ki,1100.0,nM,5.96,ChEMBL
Tyrosol,NENDOU,CHEMBL4523582,CHEMBL53566,IC50,6680.0,nM,5.17,ChEMBL
Tyrosol,NON-CLASSICAL EXPORT PROTEIN 103,CHEMBL5337,CHEMBL53566,Ki,1100.0,nM,5.96,ChEMBL
Tyrosol,NON-STRUCTURAL PROTEIN 1,CHEMBL4523582,CHEMBL53566,IC50,6680.0,nM,5.17,ChEMBL
Tyrosol,NON-STRUCTURAL PROTEIN 10,CHEMBL4523582,CHEMBL53566,IC50,6680.0,nM,5.17,ChEMBL
Tyrosol,NON-STRUCTURAL PROTEIN 12,CHEMBL4523582,CHEMBL53566,IC50,6680.0,nM,5.17,ChEMBL
Tyrosol,NON-STRUCTURAL PROTEIN 13,CHEMBL4523582,CHEMBL53566,IC50,6680.0,nM,5.17,ChEMBL
Tyrosol,NON-STRUCTURAL PROTEIN 14,CHEMBL4523582,CHEMBL53566,IC50,6680.0,nM,5.17,ChEMBL
Tyrosol,NON-STRUCTURAL PROTEIN 15,CHEMBL4523582,CHEMBL53566,IC50,6680.0,nM,5.17,ChEMBL
Tyrosol,NON-STRUCTURAL PROTEIN 16,CHEMBL4523582,CHEMBL53566,IC50,6680.0,nM,5.17,ChEMBL
Tyrosol,NON-STRUCTURAL PROTEIN 2,CHEMBL4523582,CHEMBL53566,IC50,6680.0,nM,5.17,ChEMBL
Tyrosol,NON-STRUCTURAL PROTEIN 3,CHEMBL4523582,CHEMBL53566,IC50,6680.0,nM,5.17,ChEMBL
Tyrosol,NON-STRUCTURAL PROTEIN 4,CHEMBL4523582,CHEMBL53566,IC50,6680.0,nM,5.17,ChEMBL
Tyrosol,NON-STRUCTURAL PROTEIN 5,CHEMBL4523582,CHEMBL53566,IC50,6680.0,nM,5.17,ChEMBL
Tyrosol,NON-STRUCTURAL PROTEIN 6,CHEMBL4523582,CHEMBL53566,IC50,6680.0,nM,5.17,ChEMBL
Tyrosol,NON-STRUCTURAL PROTEIN 7,CHEMBL4523582,CHEMBL53566,IC50,6680.0,nM,5.17,ChEMBL
Tyrosol,NON-STRUCTURAL PROTEIN 8,CHEMBL4523582,CHEMBL53566,IC50,6680.0,nM,5.17,ChEMBL
Tyrosol,NON-STRUCTURAL PROTEIN 9,CHEMBL4523582,CHEMBL53566,IC50,6680.0,nM,5.17,ChEMBL
Tyrosol,NSP1,CHEMBL4523582,CHEMBL53566,IC50,6680.0,nM,5.17,ChEMBL
Tyrosol,NSP10,CHEMBL4523582,CHEMBL53566,IC50,6680.0,nM,5.17,ChEMBL
Tyrosol,NSP12,CHEMBL4523582,CHEMBL53566,IC50,6680.0,nM,5.17,ChEMBL
Tyrosol,NSP13,CHEMBL4523582,CHEMBL53566,IC50,6680.0,nM,5.17,ChEMBL
Tyrosol,NSP14,CHEMBL4523582,CHEMBL53566,IC50,6680.0,nM,5.17,ChEMBL
Tyrosol,NSP15,CHEMBL4523582,CHEMBL53566,IC50,6680.0,nM,5.17,ChEMBL
Tyrosol,NSP16,CHEMBL4523582,CHEMBL53566,IC50,6680.0,nM,5.17,ChEMBL
Tyrosol,NSP2,CHEMBL4523582,CHEMBL53566,IC50,6680.0,nM,5.17,ChEMBL
Tyrosol,NSP3,CHEMBL4523582,CHEMBL53566,IC50,6680.0,nM,5.17,ChEMBL
Tyrosol,NSP4,CHEMBL4523582,CHEMBL53566,IC50,6680.0,nM,5.17,ChEMBL
Tyrosol,NSP5,CHEMBL4523582,CHEMBL53566,IC50,6680.0,nM,5.17,ChEMBL
Tyrosol,NSP6,CHEMBL4523582,CHEMBL53566,IC50,6680.0,nM,5.17,ChEMBL
Tyrosol,NSP7,CHEMBL4523582,CHEMBL53566,IC50,6680.0,nM,5.17,ChEMBL
Tyrosol,NSP8,CHEMBL4523582,CHEMBL53566,IC50,6680.0,nM,5.17,ChEMBL
Tyrosol,NSP9,CHEMBL4523582,CHEMBL53566,IC50,6680.0,nM,5.17,ChEMBL
Tyrosol,ORF1AB POLYPROTEIN,CHEMBL4523582,CHEMBL53566,IC50,6680.0,nM,5.17,ChEMBL
Tyrosol,P65 HOMOLOG,CHEMBL4523582,CHEMBL53566,IC50,6680.0,nM,5.17,ChEMBL
Tyrosol,PAPAIN-LIKE PROTEASE NSP3,CHEMBL4523582,CHEMBL53566,IC50,6680.0,nM,5.17,ChEMBL
Tyrosol,PAPAIN-LIKE PROTEINASE,CHEMBL4523582,CHEMBL53566,IC50,6680.0,nM,5.17,ChEMBL
Tyrosol,PL-PRO,CHEMBL4523582,CHEMBL53566,IC50,6680.0,nM,5.17,ChEMBL
Tyrosol,PL2-PRO,CHEMBL4523582,CHEMBL53566,IC50,6680.0,nM,5.17,ChEMBL
Tyrosol,POL,CHEMBL4523582,CHEMBL53566,IC50,6680.0,nM,5.17,ChEMBL
Tyrosol,POLYPROTEIN,CHEMBL4523582,CHEMBL53566,IC50,6680.0,nM,5.17,ChEMBL
Tyrosol,PP1AB,CHEMBL4523582,CHEMBL53566,IC50,6680.0,nM,5.17,ChEMBL
Tyrosol,PROOFREADING EXORIBONUCLEASE NSP14,CHEMBL4523582,CHEMBL53566,IC50,6680.0,nM,5.17,ChEMBL
Tyrosol,RDRP,CHEMBL4523582,CHEMBL53566,IC50,6680.0,nM,5.17,ChEMBL
Tyrosol,REP,CHEMBL4523582,CHEMBL53566,IC50,6680.0,nM,5.17,ChEMBL
Tyrosol,REPLICASE,CHEMBL4523582,CHEMBL53566,IC50,6680.0,nM,5.17,ChEMBL
Tyrosol,REPLICASE POLYPROTEIN 1AB,CHEMBL4523582,CHEMBL53566,IC50,6680.0,nM,5.17,ChEMBL
Tyrosol,RNA-CAPPING ENZYME SUBUNIT NSP9,CHEMBL4523582,CHEMBL53566,IC50,6680.0,nM,5.17,ChEMBL
Tyrosol,RNA-DIRECTED RNA POLYMERASE NSP12,CHEMBL4523582,CHEMBL53566,IC50,6680.0,nM,5.17,ChEMBL
Tyrosol,SARS CORONAVIRUS MAIN PROTEINASE,CHEMBL4523582,CHEMBL53566,IC50,6680.0,nM,5.17,ChEMBL
Tyrosol,TRYPANOSOMA BRUCEI BRUCEI,CHEMBL612851,CHEMBL53566,IC50,10000.0,nM,,ChEMBL
Tyrosol,UNCHECKED,CHEMBL612545,CHEMBL53566,IC50,7500.0,nM,5.12,ChEMBL
Tyrosol,URIDYLATE-SPECIFIC ENDORIBONUCLEASE NSP15,CHEMBL4523582,CHEMBL53566,IC50,6680.0,nM,5.17,ChEMBL
Tyrosol,VIRAL PROTEIN GENOME-LINKED NSP9,CHEMBL4523582,CHEMBL53566,IC50,6680.0,nM,5.17,ChEMBL
Wogonin,BRAF35-HDAC COMPLEX PROTEIN BHC110,CHEMBL6136,CHEMBL16171,IC50,8870.0,nM,5.05,ChEMBL
Wogonin,C-2K,CHEMBL2111389,CHEMBL16171,IC50,190.0,nM,6.72,ChEMBL
Wogonin,CBX1,CHEMBL1741193,CHEMBL16171,Potency,1000.0,nM,,ChEMBL
Wogonin,CCNA2,CHEMBL3038469,CHEMBL16171,IC50,1460.0,nM,5.84,ChEMBL
Wogonin,CCNC,CHEMBL3038474,CHEMBL16171,IC50,5900.0,nM,5.23,ChEMBL
Wogonin,CCNT1,CHEMBL2111389,CHEMBL16171,IC50,190.0,nM,6.72,ChEMBL
Wogonin,CDK2,CHEMBL3038469,CHEMBL16171,IC50,1460.0,nM,5.84,ChEMBL
Wogonin,CDK8,CHEMBL3038474,CHEMBL16171,IC50,5900.0,nM,5.23,ChEMBL
Wogonin,CDK9,CHEMBL2111389,CHEMBL16171,IC50,190.0,nM,6.72,ChEMBL
Wogonin,CELL DIVISION CYCLE 2-LIKE PROTEIN KINASE 4,CHEMBL3116,CHEMBL16171,IC50,190.0,nM,6.72,ChEMBL
Wogonin,CELL DIVISION PROTEIN KINASE 2,CHEMBL301,CHEMBL16171,IC50,1460.0,nM,5.84,ChEMBL
Wogonin,CELL DIVISION PROTEIN KINASE 8,CHEMBL3038474,CHEMBL16171,IC50,5900.0,nM,5.23,ChEMBL
Wogonin,CELL DIVISION PROTEIN KINASE 9,CHEMBL2111389,CHEMBL16171,IC50,190.0,nM,6.72,ChEMBL
Wogonin,CHROMOBOX,CHEMBL1741193,CHEMBL16171,Potency,1000.0,nM,,ChEMBL
Wogonin,CHROMOBOX PROTEIN HOMOLOG 1,CHEMBL1741193,CHEMBL16171,Potency,1000.0,nM,,ChEMBL
Wogonin,COX-2,CHEMBL4321,CHEMBL16171,IC50,1070.0,nM,5.97,ChEMBL
Wogonin,CTHBP,CHEMBL1075189,CHEMBL16171,Ki,3530.0,nM,5.45,ChEMBL
Wogonin,CYCLIN A,CHEMBL3038469,CHEMBL16171,IC50,1460.0,nM,5.84,ChEMBL
Wogonin,CYCLIN-A,CHEMBL3038469,CHEMBL16171,IC50,1460.0,nM,5.84,ChEMBL
Wogonin,CYCLIN-A2,CHEMBL3038469,CHEMBL16171,IC50,1460.0,nM,5.84,ChEMBL
Wogonin,CYCLIN-C,CHEMBL3038474,CHEMBL16171,IC50,5900.0,nM,5.23,ChEMBL
Wogonin,CYCLIN-DEPENDENT KINASE 2,CHEMBL301,CHEMBL16171,IC50,1460.0,nM,5.84,ChEMBL
Wogonin,CYCLIN-DEPENDENT KINASE 8,CHEMBL3038474,CHEMBL16171,IC50,5900.0,nM,5.23,ChEMBL
Wogonin,CYCLIN-DEPENDENT KINASE 9,CHEMBL2111389,CHEMBL16171,IC50,190.0,nM,6.72,ChEMBL
Wogonin,CYCLIN-T,CHEMBL2111389,CHEMBL16171,IC50,190.0,nM,6.72,ChEMBL
Wogonin,CYCLIN-T1,CHEMBL2111389,CHEMBL16171,IC50,190.0,nM,6.72,ChEMBL
Wogonin,CYCLOOXYGENASE-2,CHEMBL4321,CHEMBL16171,IC50,1070.0,nM,5.97,ChEMBL
Wogonin,CYCT1,CHEMBL2111389,CHEMBL16171,IC50,190.0,nM,6.72,ChEMBL
Wogonin,CYTOSOLIC THYROID HORMONE-BINDING PROTEIN,CHEMBL1075189,CHEMBL16171,Ki,3530.0,nM,5.45,ChEMBL
Wogonin,DEMETHYLASE,CHEMBL6136,CHEMBL16171,IC50,8870.0,nM,5.05,ChEMBL
Wogonin,FLAVIN-CONTAINING AMINE OXIDASE DOMAIN-CONTAINING PROTEIN 2,CHEMBL6136,CHEMBL16171,IC50,8870.0,nM,5.05,ChEMBL
Wogonin,GABA(A) RECEPTOR SUBUNIT ALPHA-1,CHEMBL2093872,CHEMBL16171,Ki,2041.74,nM,5.69,ChEMBL
Wogonin,GABA(A) RECEPTOR SUBUNIT ALPHA-2,CHEMBL2093872,CHEMBL16171,Ki,2041.74,nM,5.69,ChEMBL
Wogonin,GABA(A) RECEPTOR SUBUNIT ALPHA-3,CHEMBL2093872,CHEMBL16171,Ki,2041.74,nM,5.69,ChEMBL
Wogonin,GABA(A) RECEPTOR SUBUNIT ALPHA-4,CHEMBL2093872,CHEMBL16171,Ki,2041.74,nM,5.69,ChEMBL
Wogonin,GABA(A) RECEPTOR SUBUNIT ALPHA-5,CHEMBL2093872,CHEMBL16171,Ki,2041.74,nM,5.69,ChEMBL
Wogonin,GABA(A) RECEPTOR SUBUNIT ALPHA-6,CHEMBL2093872,CHEMBL16171,Ki,2041.74,nM,5.69,ChEMBL
Wogonin,GABA(A) RECEPTOR SUBUNIT BETA-1,CHEMBL2093872,CHEMBL16171,Ki,2041.74,nM,5.69,ChEMBL
Wogonin,GABA(A) RECEPTOR SUBUNIT BETA-2,CHEMBL2093872,CHEMBL16171,Ki,2041.74,nM,5.69,ChEMBL
Wogonin,GABA(A) RECEPTOR SUBUNIT BETA-3,CHEMBL2093872,CHEMBL16171,Ki,2041.74,nM,5.69,ChEMBL
Wogonin,GABA(A) RECEPTOR SUBUNIT DELTA,CHEMBL2093872,CHEMBL16171,Ki,2041.74,nM,5.69,ChEMBL
Wogonin,GABA(A) RECEPTOR SUBUNIT EPSILON,CHEMBL2093872,CHEMBL16171,Ki,2041.74,nM,5.69,ChEMBL
Wogonin,GABA(A) RECEPTOR SUBUNIT GAMMA-1,CHEMBL2093872,CHEMBL16171,Ki,2041.74,nM,5.69,ChEMBL
Wogonin,GABA(A) RECEPTOR SUBUNIT GAMMA-2,CHEMBL2093872,CHEMBL16171,Ki,2041.74,nM,5.69,ChEMBL
Wogonin,GABA(A) RECEPTOR SUBUNIT GAMMA-3,CHEMBL2093872,CHEMBL16171,Ki,2041.74,nM,5.69,ChEMBL
Wogonin,GABA(A) RECEPTOR SUBUNIT PI,CHEMBL2093872,CHEMBL16171,Ki,2041.74,nM,5.69,ChEMBL
Wogonin,GABA(A) RECEPTOR SUBUNIT THETA,CHEMBL2093872,CHEMBL16171,Ki,2041.74,nM,5.69,ChEMBL
Wogonin,GABAAR SUBUNIT ALPHA-1,CHEMBL2093872,CHEMBL16171,Ki,2041.74,nM,5.69,ChEMBL
Wogonin,GABAAR SUBUNIT ALPHA-2,CHEMBL2093872,CHEMBL16171,Ki,2041.74,nM,5.69,ChEMBL
Wogonin,GABAAR SUBUNIT ALPHA-3,CHEMBL2093872,CHEMBL16171,Ki,2041.74,nM,5.69,ChEMBL
Wogonin,GABAAR SUBUNIT ALPHA-4,CHEMBL2093872,CHEMBL16171,Ki,2041.74,nM,5.69,ChEMBL
Wogonin,GABAAR SUBUNIT ALPHA-5,CHEMBL2093872,CHEMBL16171,Ki,2041.74,nM,5.69,ChEMBL
Wogonin,GABAAR SUBUNIT ALPHA-6,CHEMBL2093872,CHEMBL16171,Ki,2041.74,nM,5.69,ChEMBL
Wogonin,GABAAR SUBUNIT BETA-1,CHEMBL2093872,CHEMBL16171,Ki,2041.74,nM,5.69,ChEMBL
Wogonin,GABAAR SUBUNIT BETA-2,CHEMBL2093872,CHEMBL16171,Ki,2041.74,nM,5.69,ChEMBL
Wogonin,GABAAR SUBUNIT BETA-3,CHEMBL2093872,CHEMBL16171,Ki,2041.74,nM,5.69,ChEMBL
Wogonin,GABAAR SUBUNIT DELTA,CHEMBL2093872,CHEMBL16171,Ki,2041.74,nM,5.69,ChEMBL
Wogonin,GABAAR SUBUNIT EPSILON,CHEMBL2093872,CHEMBL16171,Ki,2041.74,nM,5.69,ChEMBL
Wogonin,GABAAR SUBUNIT GAMMA-1,CHEMBL2093872,CHEMBL16171,Ki,2041.74,nM,5.69,ChEMBL
Wogonin,GABAAR SUBUNIT GAMMA-2,CHEMBL2093872,CHEMBL16171,Ki,2041.74,nM,5.69,ChEMBL
Wogonin,GABAAR SUBUNIT GAMMA-3,CHEMBL2093872,CHEMBL16171,Ki,2041.74,nM,5.69,ChEMBL
Wogonin,GABAAR SUBUNIT PI,CHEMBL2093872,CHEMBL16171,Ki,2041.74,nM,5.69,ChEMBL
Wogonin,GABAAR SUBUNIT THETA,CHEMBL2093872,CHEMBL16171,Ki,2041.74,nM,5.69,ChEMBL
Wogonin,GABRA1,CHEMBL2093872,CHEMBL16171,Ki,2041.74,nM,5.69,ChEMBL
Wogonin,GABRA2,CHEMBL2093872,CHEMBL16171,Ki,2041.74,nM,5.69,ChEMBL
Wogonin,GABRA3,CHEMBL2093872,CHEMBL16171,Ki,2041.74,nM,5.69,ChEMBL
Wogonin,GABRA4,CHEMBL2093872,CHEMBL16171,Ki,2041.74,nM,5.69,ChEMBL
Wogonin,GABRA5,CHEMBL2093872,CHEMBL16171,Ki,2041.74,nM,5.69,ChEMBL
Wogonin,GABRA6,CHEMBL2093872,CHEMBL16171,Ki,2041.74,nM,5.69,ChEMBL
Wogonin,GABRB1,CHEMBL2093872,CHEMBL16171,Ki,2041.74,nM,5.69,ChEMBL
Wogonin,GABRB2,CHEMBL2093872,CHEMBL16171,Ki,2041.74,nM,5.69,ChEMBL
Wogonin,GABRB3,CHEMBL2093872,CHEMBL16171,Ki,2041.74,nM,5.69,ChEMBL
Wogonin,GABRD,CHEMBL2093872,CHEMBL16171,Ki,2041.74,nM,5.69,ChEMBL
Wogonin,GABRE,CHEMBL2093872,CHEMBL16171,Ki,2041.74,nM,5.69,ChEMBL
Wogonin,GABRG1,CHEMBL2093872,CHEMBL16171,Ki,2041.74,nM,5.69,ChEMBL
Wogonin,GABRG2,CHEMBL2093872,CHEMBL16171,Ki,2041.74,nM,5.69,ChEMBL
Wogonin,GABRG3,CHEMBL2093872,CHEMBL16171,Ki,2041.74,nM,5.69,ChEMBL
Wogonin,GABRP,CHEMBL2093872,CHEMBL16171,Ki,2041.74,nM,5.69,ChEMBL
Wogonin,GABRQ,CHEMBL2093872,CHEMBL16171,Ki,2041.74,nM,5.69,ChEMBL
Wogonin,GAMMA-AMINOBUTYRIC ACID RECEPTOR SUBUNIT ALPHA-1,CHEMBL2093872,CHEMBL16171,Ki,2041.74,nM,5.69,ChEMBL
Wogonin,GAMMA-AMINOBUTYRIC ACID RECEPTOR SUBUNIT ALPHA-2,CHEMBL2093872,CHEMBL16171,Ki,2041.74,nM,5.69,ChEMBL
Wogonin,GAMMA-AMINOBUTYRIC ACID RECEPTOR SUBUNIT ALPHA-3,CHEMBL2093872,CHEMBL16171,Ki,2041.74,nM,5.69,ChEMBL
Wogonin,GAMMA-AMINOBUTYRIC ACID RECEPTOR SUBUNIT ALPHA-4,CHEMBL2093872,CHEMBL16171,Ki,2041.74,nM,5.69,ChEMBL
Wogonin,GAMMA-AMINOBUTYRIC ACID RECEPTOR SUBUNIT ALPHA-5,CHEMBL2093872,CHEMBL16171,Ki,2041.74,nM,5.69,ChEMBL
Wogonin,GAMMA-AMINOBUTYRIC ACID RECEPTOR SUBUNIT ALPHA-6,CHEMBL2093872,CHEMBL16171,Ki,2041.74,nM,5.69,ChEMBL
Wogonin,GAMMA-AMINOBUTYRIC ACID RECEPTOR SUBUNIT BETA-1,CHEMBL2093872,CHEMBL16171,Ki,2041.74,nM,5.69,ChEMBL
Wogonin,GAMMA-AMINOBUTYRIC ACID RECEPTOR SUBUNIT BETA-2,CHEMBL2093872,CHEMBL16171,Ki,2041.74,nM,5.69,ChEMBL
Wogonin,GAMMA-AMINOBUTYRIC ACID RECEPTOR SUBUNIT BETA-3,CHEMBL2093872,CHEMBL16171,Ki,2041.74,nM,5.69,ChEMBL
Wogonin,GAMMA-AMINOBUTYRIC ACID RECEPTOR SUBUNIT DELTA,CHEMBL2093872,CHEMBL16171,Ki,2041.74,nM,5.69,ChEMBL
Wogonin,GAMMA-AMINOBUTYRIC ACID RECEPTOR SUBUNIT EPSILON,CHEMBL2093872,CHEMBL16171,Ki,2041.74,nM,5.69,ChEMBL
Wogonin,GAMMA-AMINOBUTYRIC ACID RECEPTOR SUBUNIT GAMMA-1,CHEMBL2093872,CHEMBL16171,Ki,2041.74,nM,5.69,ChEMBL
Wogonin,GAMMA-AMINOBUTYRIC ACID RECEPTOR SUBUNIT GAMMA-2,CHEMBL2093872,CHEMBL16171,Ki,2041.74,nM,5.69,ChEMBL
Wogonin,GAMMA-AMINOBUTYRIC ACID RECEPTOR SUBUNIT GAMMA-3,CHEMBL2093872,CHEMBL16171,Ki,2041.74,nM,5.69,ChEMBL
Wogonin,GAMMA-AMINOBUTYRIC ACID RECEPTOR SUBUNIT PI,CHEMBL2093872,CHEMBL16171,Ki,2041.74,nM,5.69,ChEMBL
Wogonin,GAMMA-AMINOBUTYRIC ACID RECEPTOR SUBUNIT THETA,CHEMBL2093872,CHEMBL16171,Ki,2041.74,nM,5.69,ChEMBL
Wogonin,GLUCOCORTICOID-REGULATED INFLAMMATORY CYCLOOXYGENASE,CHEMBL4321,CHEMBL16171,IC50,1070.0,nM,5.97,ChEMBL
Wogonin,GRIPGHS,CHEMBL4321,CHEMBL16171,IC50,1070.0,nM,5.97,ChEMBL
Wogonin,HETEROCHROMATIN PROTEIN 1 HOMOLOG BETA,CHEMBL1741193,CHEMBL16171,Potency,1000.0,nM,,ChEMBL
Wogonin,HETEROCHROMATIN PROTEIN P25,CHEMBL1741193,CHEMBL16171,Potency,1000.0,nM,,ChEMBL
Wogonin,HISTONE,CHEMBL6136,CHEMBL16171,IC50,8870.0,nM,5.05,ChEMBL
Wogonin,HOMOLOG,CHEMBL1741193,CHEMBL16171,Potency,1000.0,nM,,ChEMBL
Wogonin,HP1 BETA,CHEMBL1741193,CHEMBL16171,Potency,1000.0,nM,,ChEMBL
Wogonin,HP1HSBETA,CHEMBL1741193,CHEMBL16171,Potency,1000.0,nM,,ChEMBL
Wogonin,HSRB11,CHEMBL3038474,CHEMBL16171,IC50,5900.0,nM,5.23,ChEMBL
Wogonin,INDUCIBLE,CHEMBL3464,CHEMBL16171,IC50,7800.0,nM,5.11,ChEMBL
Wogonin,INDUCIBLE NO SYNTHASE,CHEMBL3464,CHEMBL16171,IC50,7800.0,nM,5.11,ChEMBL
Wogonin,INDUCIBLE NOS,CHEMBL3464,CHEMBL16171,IC50,7800.0,nM,5.11,ChEMBL
Wogonin,INOS,CHEMBL3464,CHEMBL16171,IC50,7800.0,nM,5.11,ChEMBL
Wogonin,KDM1A,CHEMBL6136,CHEMBL16171,IC50,8870.0,nM,5.05,ChEMBL
Wogonin,KINASE,CHEMBL3116,CHEMBL16171,IC50,190.0,nM,6.72,ChEMBL
Wogonin,LYSINE-SPECIFIC HISTONE DEMETHYLASE 1A,CHEMBL6136,CHEMBL16171,IC50,8870.0,nM,5.05,ChEMBL
Wogonin,M31,CHEMBL1741193,CHEMBL16171,Potency,1000.0,nM,,ChEMBL
Wogonin,MAC-NOS,CHEMBL3464,CHEMBL16171,IC50,7800.0,nM,5.11,ChEMBL
Wogonin,MACROPHAGE ACTIVATION-ASSOCIATED MARKER PROTEIN P71/73,CHEMBL4321,CHEMBL16171,IC50,1070.0,nM,5.97,ChEMBL
Wogonin,MACROPHAGE NOS,CHEMBL3464,CHEMBL16171,IC50,7800.0,nM,5.11,ChEMBL
Wogonin,MCF7,CHEMBL387,CHEMBL16171,IC50,30.0,nM,7.52,ChEMBL
Wogonin,MEDIATOR COMPLEX SUBUNIT CDK8,CHEMBL3038474,CHEMBL16171,IC50,5900.0,nM,5.23,ChEMBL
Wogonin,MEDIATOR OF RNA POLYMERASE II TRANSCRIPTION SUBUNIT CDK8,CHEMBL3038474,CHEMBL16171,IC50,5900.0,nM,5.23,ChEMBL
Wogonin,MODIFIER 1 PROTEIN,CHEMBL1741193,CHEMBL16171,Potency,1000.0,nM,,ChEMBL
Wogonin,NITRIC,CHEMBL3464,CHEMBL16171,IC50,7800.0,nM,5.11,ChEMBL
Wogonin,"NITRIC OXIDE SYNTHASE, INDUCIBLE",CHEMBL3464,CHEMBL16171,IC50,7800.0,nM,5.11,ChEMBL
Wogonin,NOS TYPE II,CHEMBL3464,CHEMBL16171,IC50,7800.0,nM,5.11,ChEMBL
Wogonin,NOS2,CHEMBL3464,CHEMBL16171,IC50,7800.0,nM,5.11,ChEMBL
Wogonin,OIP-3,CHEMBL1075189,CHEMBL16171,Ki,3530.0,nM,5.45,ChEMBL
Wogonin,OPA-INTERACTING PROTEIN 3,CHEMBL1075189,CHEMBL16171,Ki,3530.0,nM,5.45,ChEMBL
Wogonin,OXIDE,CHEMBL3464,CHEMBL16171,IC50,7800.0,nM,5.11,ChEMBL
Wogonin,P25BETA,CHEMBL1741193,CHEMBL16171,Potency,1000.0,nM,,ChEMBL
Wogonin,P33 PROTEIN KINASE,CHEMBL301,CHEMBL16171,IC50,1460.0,nM,5.84,ChEMBL
Wogonin,P58,CHEMBL1075189,CHEMBL16171,Ki,3530.0,nM,5.45,ChEMBL
Wogonin,PEPTIDYL-CYSTEINE S-NITROSYLASE NOS2,CHEMBL3464,CHEMBL16171,IC50,7800.0,nM,5.11,ChEMBL
Wogonin,PES-2,CHEMBL4321,CHEMBL16171,IC50,1070.0,nM,5.97,ChEMBL
Wogonin,PGH SYNTHASE 2,CHEMBL4321,CHEMBL16171,IC50,1070.0,nM,5.97,ChEMBL
Wogonin,PGHS-2,CHEMBL4321,CHEMBL16171,IC50,1070.0,nM,5.97,ChEMBL
Wogonin,PHS II,CHEMBL4321,CHEMBL16171,IC50,1070.0,nM,5.97,ChEMBL
Wogonin,PKM,CHEMBL1075189,CHEMBL16171,Ki,3530.0,nM,5.45,ChEMBL
Wogonin,PROSTAGLANDIN,CHEMBL4321,CHEMBL16171,IC50,1070.0,nM,5.97,ChEMBL
Wogonin,PROSTAGLANDIN G/H SYNTHASE 2,CHEMBL4321,CHEMBL16171,IC50,1070.0,nM,5.97,ChEMBL
Wogonin,PROSTAGLANDIN H2 SYNTHASE 2,CHEMBL4321,CHEMBL16171,IC50,1070.0,nM,5.97,ChEMBL
Wogonin,PROSTAGLANDIN-ENDOPEROXIDE SYNTHASE 2,CHEMBL4321,CHEMBL16171,IC50,1070.0,nM,5.97,ChEMBL
Wogonin,PROTEIN,CHEMBL1741193,CHEMBL16171,Potency,1000.0,nM,,ChEMBL
Wogonin,PROTEIN KINASE K35,CHEMBL3038474,CHEMBL16171,IC50,5900.0,nM,5.23,ChEMBL
Wogonin,PTGS2,CHEMBL4321,CHEMBL16171,IC50,1070.0,nM,5.97,ChEMBL
Wogonin,PYRUVATE,CHEMBL1075189,CHEMBL16171,Ki,3530.0,nM,5.45,ChEMBL
Wogonin,PYRUVATE KINASE 2/3,CHEMBL1075189,CHEMBL16171,Ki,3530.0,nM,5.45,ChEMBL
Wogonin,PYRUVATE KINASE MUSCLE ISOZYME,CHEMBL1075189,CHEMBL16171,Ki,3530.0,nM,5.45,ChEMBL
Wogonin,PYRUVATE KINASE PKM,CHEMBL1075189,CHEMBL16171,Ki,3530.0,nM,5.45,ChEMBL
Wogonin,RAW264.7,CHEMBL612557,CHEMBL16171,IC50,1080.0,nM,5.97,ChEMBL
Wogonin,SERINE/THREONINE-PROTEIN KINASE PITALRE,CHEMBL2111389,CHEMBL16171,IC50,190.0,nM,6.72,ChEMBL
Wogonin,SRB11 HOMOLOG,CHEMBL3038474,CHEMBL16171,IC50,5900.0,nM,5.23,ChEMBL
Wogonin,SYNTHASE,CHEMBL4321,CHEMBL16171,IC50,1070.0,nM,5.97,ChEMBL
Wogonin,TAT-ASSOCIATED KINASE COMPLEX CATALYTIC SUBUNIT,CHEMBL3116,CHEMBL16171,IC50,190.0,nM,6.72,ChEMBL
Wogonin,THBP1,CHEMBL1075189,CHEMBL16171,Ki,3530.0,nM,5.45,ChEMBL
Wogonin,THREONINE-PROTEIN KINASE PKM2,CHEMBL1075189,CHEMBL16171,Ki,3530.0,nM,5.45,ChEMBL
Wogonin,THYROID HORMONE-BINDING PROTEIN 1,CHEMBL1075189,CHEMBL16171,Ki,3530.0,nM,5.45,ChEMBL
Wogonin,TIS10 PROTEIN,CHEMBL4321,CHEMBL16171,IC50,1070.0,nM,5.97,ChEMBL
Wogonin,TUMOR M2-PK,CHEMBL1075189,CHEMBL16171,Ki,3530.0,nM,5.45,ChEMBL
Wogonin,TYROSINE-PROTEIN KINASE PKM2,CHEMBL1075189,CHEMBL16171,Ki,3530.0,nM,5.45,ChEMBL
Wogonin,UNCHECKED,CHEMBL612545,CHEMBL16171,Potency,9200.0,nM,,ChEMBL
Wogonin,[HISTONE H3]-DIMETHYL-L-LYSINE(4) FAD-DEPENDENT DEMETHYLASE 1A,CHEMBL6136,CHEMBL16171,IC50,8870.0,nM,5.05,ChEMBL
