gene,categories,max_confidence,confidence_levels,experiment_count,organisms,pmids,hgnc_ids,ensg_ids,uniprot_ids,pathway_notes,row_count
A2M-AS1,driver,1.0,Validated,0,Human,35920801,HGNC:27057,ENSG00000245105,,A2M-AS1 :+: Ferroptosis,1
AADAC,suppressor,1.0,Validated,0,"Human, mice",36163032,HGNC:17,ENSG00000114771,P22760,"AADAC :+: SLC7A11, SLC7A11 :-: Ferroptosis",1
ABCB6,suppressor,1.0,Validated,0,"Human, mice",37044150,HGNC:47,ENSG00000115657,Q9NP58,"ABCB6 :+: (PI3K/AKT), (PI3K/AKT) :-: Ferroptosis",1
ABCC1,driver|marker,1.0,Deduced|Validated,0,Human|Mice,30726737|35505093|35803910,HGNC:51,ENSG00000103222,P33527,"ABCC1 :+: MRP1, MRP1 :+: Ferroptosis|ABCC1 :-: GSH, GSH :-: Ferroptosis",3
ABCC5,suppressor,1.0,Validated,0,Human,34768109,HGNC:56,ENSG00000114770,O15440,"ABCC5 :+: SLC7A11, SLC7A11 :-: Ferroptosis",1
ABHD12,suppressor,1.0,Validated,0,"Human|Human, mice",32195565|38053637,HGNC:15868,ENSG00000100997,Q8N2K0,ABHD12 :-: Ferroptosis,2
AC005332.7,suppressor,1.0,Validated,0,"Human, mice",36914604,,,,"AC005332.7 :-: miR-331-3p, miR-331-3p :-: CCND2, CCND2 :-: Ferroptosis",1
ACADM,suppressor,1.0,Validated,0,"Human, mice",37612627,HGNC:89,ENSG00000117054,P11310,"ACADM :+: GPX4, GPX4 :-: Ferroptosis",1
ACAT2,suppressor,1.0,Validated,0,Human,37244629,HGNC:94,ENSG00000120437,Q9BWD1,"ACAT2 :+: GPX4, GPX4 :-: Ferroptosis",1
ACO1,driver|marker,1.0,Deduced|Screened|Validated,0,Human|Mice,27514700|34386079|35121990|35505093,HGNC:117,ENSG00000122729,P21399,"ACO1 :+: Lipid ROS, Lipid ROS :+: Ferroptosis|ACO1 :+: Mfrn1, Mfrn1 :+: Ferroptosis|ACO1 :+: TFRC, TFRC :+: Ferroptosis, ACO1 :-: FPN, FPN :-: Ferroptosis, ACO1 :-: FTH1, FTH1 :-: Ferroptosis",4
ACOT1,suppressor,1.0,Validated,0,Mice,32934217,HGNC:33128,ENSG00000184227,Q86TX2,ACOT1 :-: Ferroptosis,1
ACOT7,suppressor,1.0,Validated,0,Human,37003979,HGNC:24157,ENSG00000097021,O00154,ACOT7 :-: Ferroptosis,1
ACSF2,driver|marker|unclassified,1.0,Deduced|Validated,0,Human|Mice|Rat,22632970|30539824|35505093|35919817,HGNC:26101,ENSG00000167107,Q96CM8,ACSF2 :+: Ferroptosis|ACSF2 :?: Ferroptosis,4
ACSL1,driver|suppressor,1.0,Validated,0,Human,33854057|36882396,HGNC:3569|HGNC:3569 ,ENSG00000151726,P33121,"ACSL1 :+: FSP1, FSP1 :-: Ferroptosis, ACSL1 :+: SLC7A11, SLC7A11 :-: Ferroptosis|ACSL1 :+: αESA, αESA :+: Ferroptosis",2
ACSL3,driver|marker|suppressor,1.0,Deduced|Validated,0,"Human|Human, mice|Mice",30686757|35505093|36192773,HGNC:3570,ENSG0000012398|ENSG00000123983,O95573,ACSL3 :+: Ferroptosis|ACSL3 :-: Ferroptosis,3
ACSL4,driver|marker,1.0,Deduced|Predicted|Screened|Validated,0,"Human|Human, mice|Mice|Mice, Human|Miice|Rat|Zebrafish",25965523|27565726|27842066|27842070|28551825|30737476|30962574|31789401|32541921|32593899|32939090|33070393|33444733|33889074|34053456|34734006|35444645|35505093|35697672|35721711|35868067|35869042|35978430|36483736|36495698|36581060|36919939|37300304|37428466|37451020|37670055|37691145|37884942|37893066,HGNC:3571,ENSG00000068366,O60488,"ACSL4  :+: Ferroptosis|ACSL4 :+: 5-HETE, 5-HETE :+: Ferroptosis|ACSL4 :+: Ferroptosis|ACSL4 :+: Lipid ROS, Lipid ROS :+: Ferroptosis|ACSL4 :+: PE, PE :+: Ferroptosis|ACSL4 :+: iron uptake, iron uptake :+: Ferroptosis, ACSL4 :+: Lipid ROS, Lpid ROS :+: Ferroptosis, ACSL4 :-: iron chelation, iron chelation :-: Ferroptosis|ACSL4 :-: (AMPK/mTOR), (AMPK/mTOR) :-: Ferroptosis|ACSL4 :-: GPX4, GPX4 :-: Ferroptosis|ACSL4 :-: GPX4, GPX4 :-: Ferroptosis, ACSL4 :+: 5-HETE, 5-HETE :+: Ferroptosis, ACSL4 :+: 12-HETE, 12-HETE :+: Ferroptosis, ACSL4 :+: 15-HETE, 15-HETE :+: Ferroptosis|ACSL4 :+: Ferroptosis",35
ACTL6A,suppressor,1.0,Validated,0,"Human, mice",37443154,HGNC:24124,ENSG00000136518,O96019,ACTL6A :-: Ferroptosis,1
ACVR1B,driver,1.0,Validated,0,Human,30804470,HGNC:172,ENSG00000135503,P36896,"ACVR1B :-: NFE2L2, NFE2L2 :-: Ferroptosis ",1
ADAM23,driver,1.0,Validated,0,Human,35003396,HGNC:202,ENSG00000114948,O75077,"ADAM23 :-: GPX4, GPX4 :-: Ferroptosis, ADAM23 :-: SLC7A11, SLC7A11 :-: Ferroptosis, ADAM23 :-: SLC3A2, SLC3A2 :-: Ferroptosis",1
ADAMTS13,suppressor,1.0,Validated,0,Mice,34666603,HGNC:1366,ENSG00000160323,Q76LX8,"ADAMTS13 :+: NRF2, NRF2 :-: Ferroptosis",1
ADAMTS9-AS1,suppressor,1.0,Validated,0,Human,35311457,HGNC:40625,ENSG00000241158,,"ADAMTS9-AS1 :-: microRNA-587, microRNA-587 :-: SLC7A11, SLC7A11 :-: Ferroptosis",1
ADGRF5,driver,1.0,Validated,0,Mice,37266730,HGNC:19030,ENSG00000069122,Q8IZF2,"ADGRF5 :-: (system Xc–/GSH/GPX4), (system Xc–/GSH/GPX4) :-: Ferroptosis",1
ADIPOQ,suppressor,1.0,Validated,0,Mice,34859390,HGNC:13633,ENSG00000181092,Q15848,"ADIPOQ :-: CPT-1, CPT-1 :+: Ferroptosis, ADIPOQ :-: GLUT4, GLUT4 :+: Ferroptosis",1
ADIPOR1,suppressor,1.0,Validated,0,Human,35733794,HGNC:24040,ENSG00000159346,Q96A54,"ADIPOR1 :+: SLC7A11, SLC7A11 :-: Ferroptosis, ADIPOR1 :+: NRF2, NRF2 :-: Ferroptosis",1
ADORA1,suppressor,1.0,Validated,0,Rat,35653908,HGNC:262,ENSG00000163485,P30542,"ADORA1 :+: GPX4, GPX4 :-: Ferroptosis",1
ADORA2B,suppressor,1.0,Validated,0,Rat,35653908,HGNC:264,ENSG00000170425,P29275,"ADORA2B :+: GPX4, GPX4 :-: Ferroptosis",1
AEBP1,suppressor,1.0,Validated,0,"Human, mice",36352396,HGNC:303,ENSG00000106624,Q8IUX7,"AEBP1 :+: (JNK/ P38 /ERK), (JNK/ P38 /ERK) :-: Ferroptosis",1
AGAP2-AS1,suppressor,1.0,Validated,0,Human,35707044,HGNC:48633,ENSG00000255737,,"AGAP2-AS1 :+: SLC7A11, SLC7A11 :-: Ferroptosis",1
AGER,suppressor,1.0,Validated,0,"Human, mice",37280194,HGNC:320,ENSG00000204305,Q15109,"AGER :+: Sirt4, Sirt4 :-: Ferroptosis",1
AGPS,driver,1.0,Validated,0,Human,32939090,HGNC:327,ENSG00000018510,,"AGPS :+: PUFA-ePLs, PUFA-ePLs :+: Ferroptosis",1
AGTR2,driver,1.0,Validated,0,Human,36860117,HGNC:338,ENSG00000180772,P50052,"AGTR2 :+: p53, p53 :-: SLC7A11, SLC7A11 :-: ALOX12, ALOX12  :+: Ferroptosis",1
AHR,driver|suppressor,1.0,Validated,0,"Human, mice|Mice",37056388|37538043,HGNC:348,ENSG00000106546,P35869,"AHR :+: SLC7A11, SLC7A11 :-: Ferroptosis|AHR :+: STAT3, STAT3 :+: Ferroptosis",2
AIFM2,suppressor,1.0,Validated,0,"Human|Human, mice|Human,rat|Mice|Rat",31634899|31634900|31964528|35774015|36443441|36566325|36893885|37529339|37633973|37739993|37903990|37914914,HGNC:11231|HGNC:21411,ENSG00000042286|ENSG00000198513,Q8WXF7|Q9BRQ8,"AIFM2 :+: CoQ10H2, CoQ10H2 :-: Ferroptosis|AIFM2 :+: ESCRT-III, ESCRT-III :-: Ferroptosis|AIFM2 :+: NADPH, NADPH :-: Ferroptosis|AIFM2 :+: PI3K, PI3K :+: AKT, AKT :-: GSK3β, GSK3β :+: Ferroptosis|AIFM2 :-: Ferroptosis|FSP1 :+: CoQ10, CoQ10 :-: Lipid ROS, Lipid ROS :+: Ferroptosis",12
AIM2,suppressor,1.0,Validated,0,"Human, mice",36923928,HGNC:357,ENSG00000163568,O14862,"AIM2 :-: ACSL4, ACSL4 :+: Ferroptosis",1
AKR1C1,suppressor,1.0,Validated,0,"Human|Human, mice",24844246|31780644|36066316,HGNC:384,ENSG00000187134,Q04828,"AKR1C1 :-: Ferroptosis|AKR1C1 :-: Lipid ROS, Lipid ROS :+: Ferroptosis",3
AKR1C2,suppressor,1.0,Validated,0,Human,24844246|31780644|38049916,HGNC:385,ENSG00000151632,P52895,"AKR1C2 :-: Ferroptosis|AKR1C2 :-: Lipid ROS, Lipid ROS :+: Ferroptosis",3
AKR1C3,suppressor,1.0,Validated,0,"Human|Human, mice",24844246|31780644|36920042,HGNC:386,ENSG00000196139,P42330,"AKR1C3 :+: YAP, YAP :+: SLC7A11, SLC7A11 :-: Ferroptosis|AKR1C3 :-: Ferroptosis|AKR1C3 :-: Lipid ROS, Lipid ROS :+: Ferroptosis",3
AKT,suppressor,1.0,Validated,0,"Human, mice",36648507,HGNC:391,ENSG00000142208,P31749,"AKT :-: GSK3β, GSK3β :-: Nrf2, Nrf2 :-: Ferroptosis",1
AKT1,marker|suppressor|unclassified,1.0,Deduced|Validated,0,"Human, mice|Rat",35370724|37011414|38102129,HGNC:391,ENSG00000142208,P31749,"AKT1 :+: GPX4, GPX4 :-: Ferroptosis|AKT1 :?: Ferroptosis",3
AKT1S1,suppressor,1.0,Deduced|Validated,0,Human|Mice,33707434|36722887,HGNC:28426,ENSG00000204673,Q96B36,"AKT1S1 :+: GPX4, GPX4 :-: Ferroptosis|AKT1S1 :-: Ferroptosis",2
ALDH2,suppressor,1.0,Validated,0,Mice|Rat,37103763|37209766|37552043,HGNC:404,ENSG00000111275,P05091,ALDH2 :-: Ferroptosis,3
ALDH3A2,suppressor,1.0,Validated,0,Human|Mice,32458004|37247796,HGNC:403,ENSG00000072210,P51648,ALDH3A2 :-: Ferroptosis,2
ALG3,suppressor,1.0,Validated,0,"Human, mice",35676564,HGNC:23056,ENSG00000214160,Q92685,"ALG3 :+: GPX4, GPX4 :-: Ferroptosis, ALG3 :+: SLC7A11, SLC7A11 :-: Ferroptosis, ALG3 :+: NRF2, NRF2 :-: Ferroptosis",1
ALKBH5,driver|suppressor,1.0,Deduced|Validated,0,"Human, mice",35689537|36070054|36820954|37979586,HGNC:25996,ENSG00000091542,Q6P6C2,"ALKBH5 :-: Ferroptosis|ALKBH5 :-: NFE2L2, NFE2L2 :-: Ferroptosis|ALKBH5 :-: SLC7A11, SLC7A11 :-: Ferroptosis|ALKBH5 :-: TIAM1, TIAM1 :+: (Nrf2/HO-1), (Nrf2/HO-1) :-: Ferroptosis",4
ALOX12,driver|unclassified,1.0,Deduced|Validated,0,"Human|Human, mice|Mice",27506793|28837253|29632885|30962574|33290842|36517470,HGNC:429,ENSG00000108839,P18054,"ALOX12 :+: Ferroptosis|ALOX12 :+: Lipid peroxide, Lipid peroxide :+: Ferroptosis|ALOX12 :+: PUFAs peroxidation, PUFAs peroxidation :+: Ferroptosis|ALOX12 :+: PUFAs-OOH, PUFAs-OOH :+: Ferroptosis|ALOX12 :?: Ferroptosis",6
ALOX12B,driver,1.0,Validated,0,Human,27506793,HGNC:430,ENSG00000179477,O75342,"ALOX12B :+: PUFAs peroxidation, PUFAs peroxidation :+: Ferroptosis",1
ALOX15,driver|marker|unclassified,1.0,Deduced|Validated,0,"Human|Human, mice|Mice|Rat",27506793|27698118|27842066|28837253|29632885|32080625|35444645|35970840|36581060|36987924|37154013|37271497,HGNC:433,ENSG00000161905,P16050,"ALOX15 :+: Ferroptosis|ALOX15 :+: Lipid ROS, Lipid ROS :+: Ferroptosis|ALOX15 :+: PE, PE :+: Ferroptosis|ALOX15 :+: PHD2, PHD2 :-: HIF-2α, HIF-2α :-: Ferroptosis|ALOX15 :+: PUFAs peroxidation, PUFAs peroxidation :+: Ferroptosis|ALOX15 :?: Ferroptosis|AlOX15 :+: Ferroptosis",12
ALOX15B,driver,1.0,Deduced|Validated,0,"Human|Human, mice|Mice",27506793|35919817|36581060|36801644,HGNC:434,ENSG00000179593,O15296,"ALOX15B :+: Ferroptosis|ALOX15B :+: PUFAs peroxidation, PUFAs peroxidation :+: Ferroptosis",4
ALOX5,driver|unclassified,1.0,Deduced|Validated,0,"Human|Human, mice|Mice",26235588|27506793|29632885|30294906|36192773|37080437|37121496|38062004,HGNC:435,ENSG00000012779,P09917,"ALOX5 :+: AMPK, AMPK :-: mTOR, mTOR :-: Ferroptosis|ALOX5 :+: Ferroptosis|ALOX5 :+: Lipid ROS, Lipid ROS :+: Ferroptosis|ALOX5 :+: PUFAs peroxidation, PUFAs peroxidation :+: Ferroptosis|ALOX5 :?: Ferroptosis",8
ALOXE3,driver,1.0,Validated,0,Human|Mice,27506793|33579899,HGNC:13743,ENSG00000179148,Q9BYJ1,"ALOXE3 :+: Ferroptosis|ALOXE3 :+: PUFAs peroxidation, PUFAs peroxidation :+: Ferroptosis",2
AMBRA1,driver,1.0,Validated,0,Human,37806389,HGNC:25990,ENSG00000110497,Q9C0C7,"AMBRA1 :+: BECN1, BECN1 :+: Ferroptosis",1
AMER1,driver,1.0,Validated,0,"Human, mice",37682704,HGNC:26837,ENSG00000184675,Q5JTC6,"AMER1 :-: SLC7A11, SLC7A11 :-: Ferroptosis, AMER1 :-: FTL, FTL :-: Ferroptosis",1
AMFR,driver,1.0,Validated,0,"Human, mice",38065978,HGNC:463,ENSG00000159461,Q9UKV5,"AMFR :+: ACSL4, ACSL4 :+: Ferroptosis",1
ANGPTL4,suppressor,1.0,Validated,0,"Human, mice",36050447,HGNC:16039,ENSG00000167772,Q9BY76,"ANGPTL4 :+: GPX4, GPX4 :-: Ferroptosis",1
ANO1,driver|suppressor,1.0,Validated,0,"Human , mice|Human, mice|Mice",36572666|37341301|37976603,HGNC:21625,ENSG00000131620,Q5XXA6,"ANO1 :+: (PI3K/Akt), (PI3K/Akt) :-: Ferroptosis|ANO1 :+: PTGS2, PTGS2 :+: Ferroptosis, ANO1 :-: GPX4, GPX4 :-: Ferroptosis|ANO1 :-: GPX4, GPX4 :-:  Ferroptosis",3
ANO6,driver,1.0,Validated,0,"Human, mice",31060306,HGNC:25240,ENSG00000177119,Q4KMQ2,ANO6 :+: Ferroptosis,1
ANXA10,suppressor,1.0,Validated,0,"Human, mice",37666806,HGNC:534,ENSG00000109511,Q9UJ72,"ANXA10 :-: TFRC, TFRC :+: Ferroptosis",1
AOC1,driver,1.0,Validated,0,Human,35922412,HGNC:80,ENSG00000002726,P19801,AOC1 :+: Ferroptosis,1
APELA,suppressor,1.0,Validated,0,"Human, mice|Mice",35122997|36611895|36681202,HGNC:48925,ENSG00000248329,P0DMC3,"APELA :+: APJ, APJ :+: (NRF2/ARE), (NRF2/ARE) :-: Ferroptosis|APELA :+: FTH1, FTH1 :-: Ferroptosis|APELA :-: IL-6, IL-6 :+: STAT3, STAT3 :+: Ferroptosis",3
APOC1,suppressor,1.0,Validated,0,"Human, mice",35581292|37804922,HGNC:607,ENSG00000130208,P02654,"APOC1 :-: KEAP1, KEAP1 :-: NRF2, NRF2 :-: Ferroptosis, APOC1 :+: CBS, CBS :+: GPX4, GPX4 :-: Ferroptosis|Apoc1 :+: GPX4, GPX4 :-: Ferroptosis",2
APOE,suppressor,1.0,Validated,0,Human,35484240,HGNC:613,ENSG00000130203,P02649,"ApoE :+: (PI3K/AKT), (PI3K/AKT) :-: Ferroptosis",1
APOL3,driver,1.0,Validated,0,Human,36923931,HGNC:14868,ENSG00000128284,O95236,"APOL3 :-: LDHA, LDHA :-: Ferroptosis",1
APP,driver,1.0,Validated,0,Mice,35619150,HGNC:620,ENSG00000142192,P05067,APP :+: Ferroptosis,1
AQP11,suppressor,1.0,Validated,0,Mice,36009321,HGNC:19940,ENSG00000178301,Q8NBQ7,AQP11 :-: Ferroptosis,1
AQP4,suppressor,1.0,Validated,0,Mice,35761873,HGNC:637,ENSG00000171885,P55087,AQP4 :-: Ferroptosis,1
AR,suppressor,1.0,Validated,0,Human,31896509,HGNC:644,ENSG00000169083,P10275,"AR :+: GPX4, GPX4 :-: Lipid ROS, Lipid ROS :+: Ferroptosis",1
ARF6,suppressor,1.0,Validated,0,Human,32368394|35837166,HGNC:659,ENSG00000165527,P62330,"ARF6 :-: ACSL4, ACSL4 :+: Ferroptosis|ARF6 :-: Ferroptosis",2
ARG2,suppressor,1.0,Validated,0,Mice,36604146,HGNC:664,ENSG00000081181,P78540,"Arg2 :+: (Akt/GPX4), (Akt/GPX4) :-: Ferroptosis",1
ARGLU1-DT,driver,1.0,Validated,0,"Human, mice",36570007,HGNC:43691,ENSG00000272274,,"ARGLU1-DT :-: miR-4328, miR-4328 :-: DDIT4, DDIT4 :+: Ferroptosis",1
ARHGEF26-AS1,driver,1.0,Validated,0,Human,35003396,HGNC:41048,ENSG00000243069,,"ARHGEF26-AS1 :-: miR-372-3p, miR-372-3p :-: ADAM23, ADAM23 :+: Ferroptosis",1
ARMC5,driver,1.0,Validated,0,Human,35997859,HGNC:25781,ENSG00000140691,Q96C12,"ARMC5 :-: NRF1, NRF1 :-: Ferroptosis",1
ARNTL,suppressor,1.0,Validated,0,"Human, mice",31355331,HGNC:701,ENSG00000133794,O00327,"ARNTL :-: EGLN2, EGLN2 :-: HIF1A, HIF1A  :-: Lipid ROS, Lipid ROS :+: Ferroptosis",1
ARPC1A,suppressor,1.0,Validated,0,Human,35871131,HGNC:703,ENSG00000241685,Q92747,ARPC1A :-: Ferroptosis,1
ASAH2,suppressor,1.0,Validated,0,Mice,33547170,HGNC:18860,ENSG00000188611,Q9NR71,"ASAH2 :-: p53, p53 :+: Hmox1, Hmox1 :+: Lipid ROS, Lipid ROS :+: Ferroptosis, ASAH2 :-: p53, p53 :-: GSH, GSH :-: Ferroptosis ",1
ASAP2,suppressor,1.0,Validated,0,"Human, mice",36153434,HGNC:2721,ENSG00000151693,O43150,"ASAP2 :-: miR-770-5p, miR-770-5p :-:  SOX2, SOX2 :+: SLC7A11, SLC7A11 :-: Ferroptosis",1
ASCL1,suppressor,1.0,Validated,0,"Human, mice",37355053,HGNC:738,ENSG00000139352,P50553,"ASCL1 :+: CREB1, CREB1 :-: Ferroptosis",1
ASL,driver,1.0,Validated,0,"Human, mice",37834044,HGNC:746,ENSG00000126522,P04424,ASL :+: Ferroptosis,1
ASMTL-AS1,driver,1.0,Validated,0,Human,34658100,HGNC:25811,ENSG00000236017,,"ASMTL-AS1 :+: SAT1, SAT1 :+: Ferroptosis",1
ASS1,suppressor,1.0,Validated,0,Human,36892426,HGNC:758,ENSG00000130707,P00966,ASS1 :-: Ferroptosis,1
ATF2,suppressor,1.0,Validated,0,Human,33008584|36473315,HGNC:784,ENSG00000115966,P15336,"ATF2 :+: HSPH1, HSPH1 :+: SLC7A11, SLC7A11 :-: Ferroptosis|ATF2 :+: NRF2, NRF2 :-: Ferroptosis",2
ATF3,driver|suppressor|unclassified,1.0,Screened|Validated,0,"Human|Human, rat|Mice|Mice, rat|Rat",24844246|31273299|34098867|34112960|35480873|36210815|36340581|36743288|37300304|37918704,HGNC:785,ENSG00000162772,P18847,"ATF3 :+: FTO, FTO :-: Acsl4, Acsl4 :+: Ferroptosis|ATF3 :+: Ferroptosis|ATF3 :+: Lipid ROS, Lipid ROS :+: Ferroptosis, ATF3 :+: MDA, MDA :+: Ferroptosis, ATF3 :-: GSH, GSH :-: Ferroptosis, ATF3 :-: Nrf2/Keap1 pathway, Nrf2/Keap1 pathway :-: Ferroptosis|ATF3 :+: NOX4, NOX4 :+: H2O2, H2O2 :+: Ferroptosis, ATF3 :+: SOD1, SOD1 :+: H2O2, H2O2 :+: Ferroptosis, ATF3 :-: SLC7A11, SLC7A11 :-: H2O2, H2O2 :+: Ferroptosis|ATF3 :-: GPX4, GPX4 :-: Ferroptosis|ATF3 :-: SLC7A11, SLC7A11 :+: System Xc-, System Xc- :+: GSH, GSH :-: Lipid ROS, Lipid ROS :+: Ferroptosis|ATF3 :-: Slc7a11, Slc7a11 :-: Ferroptosis|ATF3 :?: Ferroptosis",10
ATF4,driver|suppressor|unclassified,1.0,Deduced|Screened|Validated,0,"Human|Human, mice|Mice|Mice, rat",24844246|28130223|28553953|29383104|33055209|35724508|36113464|36996941|37647899|38113413|38150993,HGNC:786,ENSG00000128272,P18848,"ATF4 :+: Ferroptosis|ATF4 :+: GPX4, GPX4 :-: Ferroptosis|ATF4 :+: HSPA5, HSPA5 :+: GPX4, GPX4 :-: Lipid ROS, Lipid ROS :+: Ferroptosis|ATF4 :+: SLC7A11, SLC7A11 :-: Ferroptosis|ATF4 :+: xCT, xCT :-: Ferroptosis|ATF4 :+: xCT, xCT :-: Lipid ROS, Lipid ROS :+: Ferroptosis|ATF4 :-: Ferroptosis|ATF4 :?: Ferroptosis",11
ATF6,suppressor,1.0,Validated,0,"Human, mice",35089606,HGNC:791,ENSG00000118217,P18850,"ATF6 :+: PLA2G4A, PLA2G4A :-: Ferroptosis",1
ATG13,driver,1.0,Validated,0,Mice,27514700,HGNC:29091,ENSG00000175224,O75143,"ATG13 :+: Lipid ROS, Lipid ROS :+: Ferroptosis",1
ATG16L1,driver,1.0,Screened|Validated,0,Human|Mice,27514700|37161854,HGNC:21498,ENSG00000085978,Q676U5,"ATG16L1 :+: Ferroptosis|ATG16L1 :+: Lipid ROS, Lipid ROS :+: Ferroptosis",2
ATG3,driver,1.0,Validated,0,Mice,27514700,HGNC:20962,ENSG00000144848,Q9NT62,"ATG3 :+: Lipid ROS, Lipid ROS :+: Ferroptosis",1
ATG5,driver,1.0,Validated,0,"Human, mice|Mice",27245739|27514700|36522583,HGNC:589,ENSG00000057663,Q9H1Y0,"ATG5 :+: Ferroptosis|ATG5 :+: Lipid ROS, Lipid ROS :+: Ferroptosis|ATG5 :-: GPX4, GPX4 :-: Ferroptosis",3
ATG7,driver,1.0,Validated,0,"Human|Human, mice",27245739|36254233,HGNC:16935,ENSG00000197548,O95352,"ATG7 :+: Ferroptosis|ATG7 :-: FTH1, FTH1 :-: Ferroptosis",2
ATM,driver,1.0,Validated,0,"Human|Human, rat|Mice",31320750|35865965|36752571,HGNC:795,ENSG00000149311,Q13315,"ATM :+: NCOA4, NCOA4 :+: Ferroptosis|ATM :-: FPN1, FPN1 :-: Fe, ATM :-: FTH1, FTH1 :-: Fe, ATM :-: FTL, FTL :-: Fe, Fe :+: Ferroptosis, ATM :-: GPX4, GPX4 :-: Ferroptosis, ATM :-: SLC40A1, SLC40A1 :-: Fe, Fe :+: Ferroptosis|ATM :-: GPX4, GPX4 :-: Ferroptosis|ATM :-: MTF1, MTF1 :+: FTL, MTF1 :+: FTH1, FTL :-: Ferroptosis, FTH1 :-: Ferroptosis",4
ATP2B3,driver,1.0,Validated,0,Mice,37298147,HGNC:816,ENSG00000067842,Q16720,"ATP2B3 :-: P62, P62 :-: KEAP1, KEAP1 :-: NRF2, NRF2 :+: HO-1, HO-1 :-: Ferroptosis",1
ATP5MC3,driver|unclassified,1.0,Deduced|Validated,0,Human,22632970|26097885,HGNC:843,ENSG00000154518,P48201,ATP5MC3 :+: Ferroptosis|ATP5MC3 :?: Ferroptosis,2
ATXN8OS,driver,1.0,Validated,0,Human,35460867,HGNC:10561,ENSG00000230223,P0DMR3,"ATXN8OS :+: (ADAR/GLS2), (ADAR/GLS2) :+: Ferroptosis",1
AURKA,suppressor|unclassified,1.0,Predicted|Validated,0,Human,31740746|35875069,HGNC:11393,ENSG00000087586,O14965,"AURKA :+: GPX4, GPX4 :-: Ferroptosis, AURKA :+: xCT, xCT :-: Ferroptosis, AURKA :-: PTGS2, PTGS2 :+: Ferroptosis, AURKA :-: ACSL4, ACSL4 :+: Ferroptosis|AURKA :?: Ferroptosis",2
AXL,suppressor,1.0,Validated,0,Human,35332208,HGNC:905,ENSG00000167601,P30530,AXL :-: Ferroptosis,1
B3GNT3,suppressor,1.0,Validated,0,"Human, mice",37479744,HGNC:13528,ENSG00000179913,Q9Y2A9,"B3GNT3 :+: SLC3A2, SLC3A2 :-: Ferroptosis",1
BACH1,driver|suppressor,1.0,Validated,0,"Human|Human, mice|Mice|Rat",31740582|35853860|36181980|36621150|36670112|36813742|37094356|37161649,HGNC:935,ENSG00000156273,O14867,"BACH1 :+: Ferroptosis|BACH1 :+: KDM4C, KDM4C :+: COX2, COX2 :+: Ferroptosis|BACH1 :+: Lipid ROS, Lipid ROS :+: Ferroptosis|BACH1 :-: (Nrf2/HO-1), (Nrf2/HO-1) :-: Ferroptosis|BACH1 :-: FSP1, FSP1 :-: Ferroptosis|BACH1 :-: Gclm, Gclm :+: GSH, GSH :-: Ferroptosis, BACH1 :-: Src7a11, Src7a11 :+: GSH, GSH :-: Ferroptosis, BACH1 :-: Fth1, Fth1 :-: Fe2, Fe2 :+: Ferroptosis, BACH1 :-: Ftl1, Ftl1 :-: Fe2, Fe2 :+: Ferroptosis, BACH1 :-: Slc40a1, Slc40a1 :-: Fe2, Fe2 :+: Ferroptosis|BACH1 :-: HMOX1, HMOX1 :-: GPX4, GPX4 :-: Ferroptosis|BACH1 :-: SCD1, SCD1 :-: Ferroptosis|BACH1 :-: SLC40A1, SLC40A1 :-: Ferroptosis",9
BACH2,driver,1.0,Validated,0,"Human, mice",37532764,HGNC:14078,ENSG00000112182,Q9BYV9,"BACH2 :-: SLC7A11, SLC7A11 :-: Ferroptosis, BACH2 :-: GPX4, GPX4 :-: Ferroptosis",1
BAP1,driver,1.0,Validated,0,Human,30202049|30907299|35266886,HGNC:950,ENSG00000163930,Q92560,"BAP1 :+: IP3R, IP3R :+: Ferroptosis|BAP1 :-: SLC7A11, SLC7A11 :-: Ferroptosis|BAP1 :-: SLC7A11, SLC7A11 :-: Lipid ROS, Lipid ROS :+: Ferroptosis",3
BAP31,suppressor,1.0,Validated,0,"Human, mice",37296105,HGNC:16695,ENSG00000185825,P51572,"BAP31 :-: VDAC1, VDAC1 :+: Ferroptosis",1
BBOX1-AS1,suppressor,1.0,Validated,0,"Human, mice",36216119,HGNC:50700,ENSG00000254560,,"BBOX1-AS1 :-: miR-513a-3p, miR-513a-3p :-: SLC7A11,SLC7A11 :-: Ferroptosis",1
BCAT1,suppressor,1.0,Validated,0,"Mice, rat|Rat",35326233|36808838,HGNC:976,ENSG00000060982,P54687,"BCAT1 :+: (Keap1/Nrf2/HO-1), (Keap1/Nrf2/HO-1) :-: Ferroptosis|BCAT1 :+: GPX4, GPX4 :-: Ferroptosis",2
BCAT2,suppressor,1.0,Validated,0,"Human|Mice, rat",33097833|35326233,HGNC:977,ENSG00000105552,O15382,"BCAT2 :+: (Keap1/Nrf2/HO-1), (Keap1/Nrf2/HO-1) :-: Ferroptosis|BCAT2 :-: Ferroptosis",2
BCL2,suppressor,1.0,Validated,0,"Human, mice",36693553,HGNC:990,ENSG00000171791,P10415,"BCL2 :+: (NRF2/HMOX1/GPX4), (NRF2/HMOX1/GPX4) :-: Ferroptosis",1
BCL6,driver,1.0,Validated,0,Human,37060074,HGNC:1001,ENSG00000113916,P41182,"BCL6 :-: FZD7, FZD7 :+: β-catenin, β-catenin :+: TP63, TP63 :+: GPX4, GPX4 :-: Ferroptosis",1
BDNF-AS,suppressor,1.0,Validated,0,Human,35280682,HGNC:20608,ENSG00000245573,,"BDNF-AS :+: WDR5, WDR5 :-: FBXW7, FBXW7 :+: VDAC3 ubiquitination, VDAC3 ubiquitination :+: Ferroptosis",1
BECN1,driver,1.0,Deduced|Screened|Validated,0,"Human|Human, mice|Mice|Rat",27514700|30057310|31650158|33058849|35395830|36102305|36126834|36137421|36232407|37806389,HGNC:1034,ENSG00000126581,Q14457,"(Beclin1/SLC7A11) :-: System Xc-, System Xc- :-: Ferroptosis|BECN1  :-: SLC7A11, SLC7A11 :-: Ferroptosis|BECN1 :+: Ferroptosis|BECN1 :+: Lipid ROS, Lipid ROS :+: Ferroptosis|BECN1 :-: GPX4, GPX4 :-: Ferroptosis, BECN1 :-: SLC7A11, SLC7A11 :-: Ferroptosis|BECN1 :-: SLC7A11, SLC7A11 :-: Ferroptosis|BECN1 :-: System Xc-, System Xc- :+: GSH, GSH :-: Lipid ROS, Lipid ROS :+: Ferroptosis",10
BEX1,suppressor,1.0,Validated,0,Human,33745298,HGNC:1036,ENSG00000133169,Q9HBH7,BEX1 :-: Ferroptosis,1
BGN,suppressor,1.0,Validated,0,Human,37128782,HGNC:1044,ENSG00000182492,P21810,BGN :-: Ferroptosis,1
BHLHE40,suppressor,1.0,Validated,0,"Human, mice",38064101,HGNC:1046,ENSG00000134107,O14503,"BHLHE40 :+: SREBF1, SREBF1 :-: Ferroptosis",1
BID,driver,1.0,Validated,0,Mice,28384611,HGNC:1050,ENSG00000015475,P55957,BID :+: Ferroptosis,1
BMAL1,driver|suppressor,1.0,Validated,0,"Human, mice|Mice",36166594|37271497|37356350|37690659,HGNC:701,ENSG00000133794,O00327,"BMAL1 :+: (Nrf2/ARE), (Nrf2/ARE) :-: Ferroptosis|BMAL1 :+: Ferroptosis|BMAL1 :+: Nrf2, Nrf2 :-: Ferroptosis|BMAL1 :-: EBF3, EBF3 :+: ALOX15, ALOX15 :+: Ferroptosis",4
BMP4,suppressor,1.0,Validated,0,"Human, mice",35477568,HGNC:1071,ENSG00000125378,P12644,"BMP4 :+: GPX4, GPX4 :-: Ferroptosis",1
BNC1,suppressor,1.0,Validated,0,"Human, mice",36198708,HGNC:1081,ENSG00000169594,Q01954,"BNC1 :+: (NF2/YAP), (NF2/YAP) :-: Ferroptosis",1
BRCA1,driver|suppressor,1.0,Validated,0,Rat,35667247|36541514,HGNC:1100,ENSG00000012048,P38398,BRCA1 :+: Ferroptosis|BRCA1 :-: Ferroptosis,2
BRD4,driver|suppressor,1.0,Deduced|Validated,0,"Human|Human, mice",30988278|32937365|36309482|37294920|37993451|38049916,HGNC:13575,ENSG00000141867,O60885,"BRD4 :+: (IL-6/STAT3), (IL-6/STAT3) :+: AKR1C2, AKR1C2 :-: Ferroptosis|BRD4 :+: FSP1, FSP1 :-: Ferroptosis|BRD4 :+: Ferroptosis|BRD4 :+: SRPK2, SRPK2 :+: SRSF2, SRSF2 :+: ACSL3, ACSL3 :+: Ferroptosis|BRD4 :-: Ferritinophagy, Ferritinophagy :+: Lipid ROS, Lipid ROS :+: Ferroptosis|BRD4 :-: Ferroptosis",6
BRD7,driver,1.0,Validated,0,"Human, mice",32863216,HGNC:14310,ENSG00000166164,Q9NPI1,"BRD7 :+: Lipid ROS, Lipid ROS :+: Ferroptosis, BRD7 :-: GSH, GSH :-: Ferroptosis ",1
BSG,driver,1.0,Validated,0,Mice,35096272,HGNC:1116,ENSG00000172270,P35613,"BSG :+: ACSL4, ACSL4 :+: Ferroptosis, BSG :+: NOX1, NOX1 :+: Ferroptosis, BSG :-: GPX4, GPX4 :-: Ferroptosis, BSG :-: FTH1, FTH1 :-: Ferroptosis",1
BTK,suppressor,1.0,Validated,0,"Human, mice",36693553,HGNC:1133,ENSG00000010671,Q06187,"BTK :+: (NRF2/HMOX1/GPX4), (NRF2/HMOX1/GPX4) :-: Ferroptosis",1
C19ORF12,suppressor,1.0,Validated,0,Human,35182730,HGNC:25443,ENSG00000131943,Q9NSK7,C19orf12 :-: Ferroptosis,1
C1QTNF6,suppressor,1.0,Validated,0,Human,38084702,HGNC:14343,ENSG00000133466,Q9BXI9,"C1QTNF6 :-: SOCS2, SOCS2 :-: GPX4, GPX4 :-: Ferroptosis",1
C8ORF76,suppressor,1.0,Validated,0,Human,35884471,HGNC:25924,ENSG00000189376,Q96K31,"C8orf76 :+: SLC7A11, SLC7A11 :-: Ferroptosis",1
CA9,suppressor,1.0,Validated,0,"Human|Human, mice",31442913|37463506,HGNC:1383,ENSG00000107159,Q16790,CA9 :-: Ferroptosis,2
CACNA1G-AS1,suppressor,1.0,Validated,0,"Human, mice",37304234,HGNC:27377,ENSG00000250107,,"CACNA1G-AS1 :+: IGF2BP1 , IGF2BP1 :+: FTH1, FTH1 :-: Ferroptosis",1
CAMKK2,suppressor,1.0,Validated,0,Human,34242660,HGNC:1470,ENSG00000110931,Q96RR4,"CAMKK2 :+: NRF2, NRF2 :-: Ferroptosis",1
CAPG,suppressor|unclassified,1.0,Deduced|Validated,0,Human,31108460|37468079,HGNC:1474,ENSG00000042493,P40121,"CAPG :-: p53, p53 :+: Ferroptosis|CAPG :?: Ferroptosis",2
CAPRIN2,suppressor,1.0,Validated,0,"Human, mice",36276162,HGNC:21259,ENSG00000110888,Q6IMN6,"CAPRIN2 :+: HMGCR, HMGCR :-: Ferroptosis",1
CARM1,driver|suppressor,1.0,Validated,0,"Human, mice|Mice, rat",35383293|37946697|38028203,HGNC:23393,ENSG00000142453,Q86X55,"CARM1 :+: GPX4, GPX4 :-: Ferroptosis|CARM1 :-: ACSL4, ACSL4 :+: Ferroptosis|CARM1 :-: NRF2, NRF2 :+: GPX4, GPX4 :-: Ferroptosis",3
CARS1,driver|marker,1.0,Deduced|Validated,0,"Human, rat|Mice",26184909|35505093,HGNC:1493,ENSG00000110619,P49589,"CARS1 :-: Transsulfuration pathway, Transsulfuration pathway :-: Ferroptosis",2
CASC11,suppressor,1.0,Validated,0,Human,37552314,HGNC:48939,ENSG00000249375,,"CASC11 :+: SLC7A11, SLC7A11 :-: Ferroptosis",1
CAV-1,suppressor,1.0,Validated,0,Mice,35350885,HGNC:1527,ENSG00000105974,Q03135,"CAV-1 :+: (AMPK/Nrf2/Fpn), (AMPK/Nrf2/Fpn) :-: Ferroptosis",1
CAV1,driver|suppressor,1.0,Validated,0,"Human|Human, mice|Rat",31877357|34874578|35489326|36128191,HGNC:1527,ENSG00000105974,Q03135,"CAV-1 :+: xCT, xCT :+: GPX4, GPX4 :-: Ferroptosis, CAV-1 :-: RNS, RNS :+: Ferroptosis|CAV1 :+: Ferroptosis|CAV1 :-: Ferroptosis",4
CAVIN1,driver,1.0,Validated,0,Mice,35547748,HGNC:9688,ENSG00000177469,Q6NZI2,"CAVIN1 :+: PLA2G4A, PLA2G4A :+: Ferroptosis",1
CBS,marker|suppressor|unclassified,1.0,Deduced|Screened|Validated,0,"Human|Human, mice|Mice",24844246|30258181|31819185|34737229|35499052|35505093,HGNC:1550,ENSG00000160200,P35520,"CBS :+: Cystathionine, Cystathionine :+: Cysteine, Cysteine :+: GSH, GSH :-: Lipid ROS, Lipid ROS :+: Ferroptosis|CBS :+: GSH, GSH :-: Ferroptosis, CBS :-: Lipid ROS, Lipid ROS :+: Ferroptosis|CBS :-: Ferroptosis|CBS :?: Ferroptosis",7
CBSLR,suppressor,1.0,Validated,0,Human,35499052,HGNC:55459,,,"CBSLR :-: ACSL4, ACSL4 :+: Ferroptosis",1
CBX5,driver,1.0,Validated,0,"Human, mice",37589000,HGNC:1555,ENSG00000094916,P45973,"CBX5 :-: NRF2, NRF2 :-: Ferroptosis",1
CCDC6,driver,1.0,Validated,0,"Human, mice",34841108,HGNC:18782,ENSG00000108091,Q16204,"CCDC6 :-: (xCT/SLC7A11), (xCT/SLC7A11) :-: Ferroptosis",1
CCT3,suppressor,1.0,Validated,0,Human,35773623,HGNC:1616,ENSG00000163468,P49368,"CCT3 :+: SLC7A11, SLC7A11 :-: Ferroptosis",1
CD276,suppressor,1.0,Validated,0,"Human, mice",37661645,HGNC:19137,ENSG00000103855,Q5ZPR3,CD276 :-: Ferroptosis,1
CD36,driver,1.0,Validated,0,"Human, mice",37588197,HGNC:1663,ENSG00000135218,P16671,"CD36 :-: FSP1, FSP1 :-: Ferroptosis",1
CD38,driver,1.0,Validated,0,Human,36351893,HGNC:1667,ENSG00000004468,P28907,"CD38 :-: DHFR, DHFR :-: Ferroptosis",1
CD44,suppressor,1.0,Validated,0,"Human|Human, mice",30709928|37715221,HGNC:1681,ENSG00000026508,P16070,"CD44 :+: SLC7A11, SLC7A11 :-: Ferroptosis|CD44 :-: Ferroptosis",2
CD74,driver,1.0,Validated,0,Mice,35033649,HGNC:1697,ENSG00000019582,P04233,CD74 :+: Ferroptosis,1
CD82,driver,1.0,Validated,0,Human,33655331,HGNC:6210,ENSG00000085117,,KAI1 :+: Ferroptosis,1
CDC25A,suppressor,1.0,Validated,0,Human,34743185,HGNC:1725,ENSG00000164045,P30304,"CDC25A :+: ERBB2, ERBB2 :-: Ferroptosis",1
CDC27,driver,1.0,Validated,0,"Human, mice",35242701,HGNC:1728,ENSG00000004897,P30260,"CDC27 :+: ODC1, ODC1 :+: Ferroptosis",1
CDH1,suppressor,1.0,Validated,0,"Human|Human, mice",32896720|33984142|34801472|36717701,HGNC:1748,ENSG00000039068,P12830,"CDH1 :+: GPX4, GPX4 :-: Ferroptosis, CDH1 :-: ACSL4, ACSL4 :+: Ferroptosis|CDH1 :-: (YAP/TAZ), (YAP/TAZ) :+: Ferroptosis|CDH1 :-: Ferroptosis|CDH1 :-: Lipid ROS, Lpid ROS :+: Ferroptosis, CDH1 :-: Fe2, Fe2 :+: Ferroptosis",4
CDH4,suppressor,1.0,Validated,0,Human,37237299,HGNC:1763,ENSG00000179242,P55283,CDH4 :-: Ferroptosis,1
CDK1,suppressor,1.0,Validated,0,"Human, mice",37428466,HGNC:1722,ENSG00000170312,P06493,"CDK1 :-: ACSL4, ACSL4 :+: Ferroptosis",1
CDKN1A,marker|suppressor,1.0,Predicted|Validated,0,Human,29346757|32979260|35444645,HGNC:1784,ENSG00000124762,P38936,"(p21/CDK2) :-: Ferroptosis|CDKN1A :+: GSH, GSH :-: Lipid ROS, Lipid ROS :+: Ferroptosis",3
CDKN2A,driver|suppressor,1.0,Validated,0,"Human, mice",28985506|37236196,HGNC:1787,ENSG00000147889,P42771,"CDKN2A :-: Ferroptosis|CDKN2A :-: NFE2L2, NFE2L2 :+: SLC7A11, SLC7A11 :-: Ferroptosis, CDKN2A :+: p53, p53 :-: SLC7A11, SLC7A11 :-: Ferroptosis",2
CDO1,driver,1.0,Validated,0,Human,29144989,HGNC:1795,ENSG00000129596,Q16878,"CDO1 :-: GPX4, GPX4 :-: Ferroptosis",1
CEBPG,suppressor|unclassified,1.0,Screened|Validated,0,"Human|Human, mice",24844246|37210575,HGNC:1837,ENSG00000153879,P53567,"CEBPG :+: SLC7A11, SLC7A11 :-: Ferroptosis|CEBPG :?: Ferroptosis",2
CEMIP,suppressor,1.0,Validated,0,Human,35363929,HGNC:29213,ENSG00000103888,Q8WUJ3,CEMIP :-: Ferroptosis,1
CENPA,suppressor,1.0,Validated,0,Human,37577230,HGNC:1851,ENSG00000115163,P49450,"CENPA :+: STMN1, STMN1 :-: Ferroptosis",1
CERK,suppressor,1.0,Validated,0,Human,35560154,HGNC:19256,ENSG00000100422,Q8TCT0,CERK :-: Ferroptosis,1
CERS6-AS1,suppressor,1.0,Validated,0,Human,35777805,HGNC:44485,ENSG00000227617,,"CERS6-AS1 :+: miR-497-5p, miR-497-5p :-: LASP1, LASP1 :+: Ferroptosis",1
CFL1,driver,1.0,Validated,0,Mice,34657120,HGNC:1874,ENSG00000172757,P23528,CFL1 :+: Ferroptosis,1
CGAS,driver|suppressor,1.0,Validated,0,"Human|Human, mice",32186434|36116741|36864172,HGNC:21367,ENSG00000164430,Q8N884,"CGAS :+: MDA, MDA :+: Ferroptosis|CGAS :-: Ferroptosis|cGAS :+: (ATF3/SLC7A11/GPX4), (ATF3/SLC7A11/GPX4) :+: Ferroptosis",3
CHAC1,driver|marker,1.0,Validated,0,"Human|Human, mice",24844246|29383104|34345279|36675091|36916093|37553341|38247333,HGNC:28680,ENSG00000128965,Q9BUX1,"CHAC1 :+: (GCN2/eIF2α/ATF4), (GCN2/eIF2α/ATF4) :+: Ferroptosis|CHAC1 :+: Ferroptosis|CHAC1 :+: PTGS2, PTGS2 :+: Ferroptosis|CHAC1 :-: GPx4, GPx4 :-: ACSL4, ACSL4 :+: Ferroptosis|CHAC1 :-: GSH, GSH :-: Ferroptosis",7
CHMP1A,suppressor,1.0,Validated,0,Mice,34426578,HGNC:8740,ENSG00000131165,Q9HD42,CHMP1A :-: Ferroptosis,1
CHMP5,suppressor,1.0,Validated,0,"Human|Human, mice",31761326,HGNC:26942,ENSG00000086065,Q9NZZ3,"CHMP5 :-: Ferroptosis|CHMP5 :-: HMGB1, HMGB1 :+: Ferroptosis",2
CHMP6,suppressor,1.0,Validated,0,"Human|Human, mice",31761326,HGNC:25675,ENSG00000176108,Q96FZ7,"CHMP6 :-: Ferroptosis|CHMP6 :-: HMGB1, HMGB1 :+: Ferroptosis",2
CHREP-BETA,driver,1.0,Validated,0,"Human, mice",36828294,,,,"ChREP-beta :+: TXNIP, TXNIP :+: Ferroptosis",1
CIRBP,driver,1.0,Validated,0,Human|Mice,34114349|35844517|36061308,HGNC:1982,ENSG00000099622,Q14011,"CIRBP :+: ELAVL1, ELAVL1 :+: Ferroptosis|CIRBP :+: TP53, TP53 :+: Ferroptosis, CIRBP :-: GPX4, GPX4 :-: Ferroptosis|CIRBP :-: GPX4, GPX4 :-: Ferroptosis, CIRBP :-: TLR4, TLR4 :-: Ferrotosis",3
CIRC-BGN,suppressor,1.0,Validated,0,Human,35234341,,,,"circ-BGN :+: SLC7A11, SLC7A11 :-: Ferroptosis",1
CIRC-CARM1,driver,1.0,Validated,0,Mice,35114894,,,,"circ-Carm1 :-: miR-3098-3p, miR-3098-3p :-: ACSL4, ACSL4 :+: Ferroptosis",1
CIRC-ITCH,suppressor,1.0,Validated,0,Mice,36537855,,,,"circ-ITCH :+: NRF2, NRF2 :-: Ferroptosis",1
CIRC-STC2,driver,1.0,Validated,0,Human,37480032,,,O76061,"circ-STC2 :-: miR-486, miR-486 :-: TFR2, TFR2 :+: Ferroptosis",1
CIRC-TTBK2,suppressor,1.0,Validated,0,Human,32196629,HGNC:19141,ENSG00000128881,Q6IQ55,"circ-TTBK2 :-: Lipid ROS, Lipid ROS :+: Ferroptosis, circ-TTBK2 :+: ITGB8, ITBG8 :-: Ferroptosis",1
CIRC0097009,suppressor,1.0,Validated,0,Human,33987373,,,,"circ0097009 :-: miR-1261, miR-1261 :-: SLC7A11, SLC7A11 :-: Ferroptosis",1
CIRCACAP2,suppressor,1.0,Validated,0,Human,35847361,,,,"circACAP2 :-: miR-193a-5p, miR-193a-5p :-: GPX4, GPX4 :-: Ferroptosis",1
CIRCAFF1,driver,1.0,Validated,0,Mice,35952845,,,,"circAFF1 :-: MIR140, MIR140 :-: GSK3B, GSK3B :+: Ferroptosis",1
CIRCBBS2,suppressor,1.0,Validated,0,Human,37603538,,,,"circBBS2 :-: miR-494, miR-494 :-: SLC7A11, SLC7A11 :-: Ferroptosis",1
CIRCBCAR3,suppressor,1.0,Validated,0,Human,38063095,,,,"CircBCAR3 :-: miR-27a-3p, miR-27a-3p :-: SLC7A11, SLC7A11 :-: Ferroptosis",1
CIRCBLNK,suppressor,1.0,Validated,0,"Human, mice",37711054,,,,"circBLNK :-: MIR188, MIR188 :-: GPX4, GPX4 :-: Ferroptosis",1
CIRCCDK14,suppressor,1.0,Validated,0,"Human, mice",35002529,,,,"CircCDK14 :-: miR-3938, miR-3938 :-: PDGFRA, PDGFRA :+: GPX4, GPX4 :-: Ferroptosis, PDGFRA :+: SLC7A11, SLC7A11 :-: Ferroptosis",1
CIRCCMSS1,driver,1.0,Validated,0,Mice,37352916,,,,"CircCmss1 :+: EIF4A3, EIF4A3 :+: TfR1, TfR1 :+: Ferroptosis",1
CIRCCMTM3,suppressor,1.0,Validated,0,Human,36586770,,,,"circCMTM3 :+: PARK7, PARK7 :-: Ferroptosis",1
CIRCDTL,suppressor,1.0,Validated,0,Human,34621297,,,,"circDTL :-: miR-1287-5p, miR-1287-5p :-: GPX4, GPX4 :-: Ferroptosis",1
CIRCEPSTI1,suppressor,1.0,Validated,0,Human,33534779,,,,"circEPSTI1 :-: miR-375, miR-375 :-: SLC7A11, SLC7A11 :-: Ferroptosis, circEPSTI1 :-: miR-409-3P, miR-409-3P :-: SLC7A11, SLC7A11 :-: Ferroptosis, circEPSTI1 :-: miR-515-5P, miR-515-5P :-: SLC7A11, SLC7A11 :-: Ferroptosis",1
CIRCEXOC5,driver,1.0,Validated,0,Mice,35709678,,,,"CircEXOC5 :+: (PTBP1/ACSL4), (PTBP1/ACSL4) :+: Ferroptosis",1
CIRCFNDC3B,suppressor,1.0,Validated,0,Mice,34434890,,,,"CircFNDC3B :-: miR-520d-5p, miR-520d-5p :-: SLC7A11, SLC7A11 :-: Ferroptosis",1
CIRCGFRA1,suppressor,1.0,Validated,0,"Human, mice",34668628,,,,"circGFRA1 :-: miR‐1228, miR‐1228 :-: AIFM2, AIFM2 :-: Ferroptosis",1
CIRCHIPK3,driver|suppressor,1.0,Validated,0,"Human|Human, mice",37253602|37566605,,,,"CircHIPK3 :-: miR-1278, miR-1278 :-: DNMT1, DNMT1 :-: GPX4, GPX4 :-: Ferroptosis|circHIPK3 :-: miR-508-3p, miR-508-3p :-: Bcl-2, Bcl-2 :-: beclin1, beclin1 :-: SLC7A11, SLC7A11 :-: Ferroptosis",2
CIRCHMGA2,driver,1.0,Validated,0,"Human, mice",37501954,,,,"CircHMGA2 +: NLRP3, NLRP3 :+: Ferroptosis",1
CIRCIDE,driver,1.0,Validated,0,"Human, mice",36989117,,,,"CircIDE :-: MiR-19b-3p, MiR-19b-3p :-: RBMS1, RBMS1 :+: Ferroptosis",1
CIRCIL4R,suppressor,1.0,Validated,0,Human,32808701,,,,"CircIL4R :-: miR-541-3p, miR-541-3p :-: GPX4, GPX4 :-: Ferroptosis",1
CIRCKDM4C,driver,1.0,Validated,0,"Human, mice",33733556,,,,"CircKDM4C :-: hsa-let-7b-5p, hsa-let-7b-5p :-: P53, P53 :+: Ferroptosis",1
CIRCKIF4A,suppressor,1.0,Validated,0,Human,34153004,,,,"circKIF4A :-: miR-1231, miR-1231 :-: GPX4, GPX4 :-: Ferroptosis",1
CIRCLMO1,driver,1.0,Validated,0,"Human, mice",35321435,,,,"circLMO1 :-: miR-4291, miR-4291 :-: ACSL4, ACSL4 :+: Ferroptosis",1
CIRCLRFN5,driver,1.0,Validated,0,"Human, mice",36266731,,,,"CircLRFN5 :-: PRRX2, PRRX2 :+: GCH1, GCH1 :-: Ferroptosis",1
CIRCOMA1,suppressor,1.0,Validated,0,"Human, mice",36853491,,,,"CircOMA1 :-: miR-145-5p, miR-145-5p :+: Ferroptosis",1
CIRCP4HB,suppressor,1.0,Validated,0,Human,35399564,,,,"CircP4HB :-: miR-1184, miR-1184 :-: SLC7A11, SLC7A11 :-: Ferroptosis",1
CIRCPDE3B,suppressor,1.0,Validated,0,"Human, mice",38092323,,,,"circPDE3B :-: MIR516B, MIR516B :-: SLC7A11, SLC7A11 :-: Ferroptosis ",1
CIRCPSEN1,driver,1.0,Validated,0,Human,34903141,,,,"circPSEN1 :-: miR-200b-3p, miR-200b-3p :+: CFL2, CFL2 :-: Ferroptosis",1
CIRCPVT1,suppressor,1.0,Validated,0,Human,34966683,,,,"CircPVT1 :-: MiR-30a-5p, MiR-30a-5p :-: FZD3, FZD3 :-: Ferroptosis",1
CIRCRAPGEF5,suppressor,1.0,Validated,0,"Human, mice",36182807,,,,"CircRAPGEF5 :+: TFRC, TFRC :-: Ferroptosis",1
CIRCRHBG,suppressor,1.0,Validated,0,Human,34532485,,,,"circRHBG :-: miR-515-5p, miR-515-5p :-: SLC7A11, SLC7A11 :-: Ferroptosis",1
CIRCRHOT1,suppressor,1.0,Validated,0,"Human|Human, mice",33686957|37720433,,,,"CircRHOT1 :+: KAT5, KAT5 :+: GPX4, GPX4 :-: Ferroptosis|circRHOT1 :-: miR-106a-5p, miR-106a-5p :-: STAT3, STAT3 :-: Ferroptosis ",2
CIRCRNA-ST6GALNAC6,driver,1.0,Validated,0,Human,35945269,,,,"CircRNA-ST6GALNAC6 :-: HSPB1, HSPB1 :-: (P38 MAPK), (P38 MAPK) :+: Ferroptosis",1
CIRCRNA1615,suppressor,1.0,Validated,0,Mice,34712388,,,,"circRNA1615 :-: miR-152-3p, miR-152-3p :-: LRP6, LRP6 :-: Ferroptosis",1
CIRCRNF10,suppressor,1.0,Validated,0,"Human, mice",37723588,,,,"circRNF10 :+: ZBTB48, ZBTB48 :+: IGF2BP3, IGF2BP3 :+: HSPB1, HSPB1 :+: (SLC7A11/GSH/GPX4), (SLC7A11/GSH/GPX4) :-: Ferroptosis",1
CIRCRPPH1,driver,1.0,Validated,0,Human,36190453,,,,"circRPPH1 :-:  (miR-375/SLC7A11),  (miR-375/SLC7A11) :-: ferroptosis",1
CIRCSAV1,driver,1.0,Validated,0,"Human, mice",36828914,,,,"circSAV1 :+: YTHDF1, YTHDF1 :+: IREB2, IREB2 :+: Ferroptosis",1
CIRCSCN8A,driver,1.0,Validated,0,"Human, mice",36482742,,,,"CircSCN8A :-: miR-1290, miR-1290 :-: ACSL4,  ACSL4 :+: Ferroptosis",1
CIRCSEPT9,suppressor,1.0,Validated,0,Human,38040194,,,,"circSEPT9 :+:  GCH1, GCH1 :-: Ferroptosis",1
CIRCSLC8A1,driver,1.0,Validated,0,"Human, rat|Mice, rat",37918704|38158500,,,,"circSLC8A1 :+: FUS, FUS :+: ATF3, ATF3 :+: Ferroptosis|circSlC8A1 :-: miR-673-5p, miR-673-5p :-: TFRC, TFRC :+: Ferroptosis",2
CIRCSNX12,suppressor,1.0,Validated,0,Human,36617466,,,,"CircSnx12 :-: miR-194-5p, miR-194-5p :-: SLC7A11, SLC7A11 :-: Ferroptosis",1
CIRCSTIL,suppressor,1.0,Validated,0,Human,36840697,,,,"circSTIL :-: MIR431, MIR431 :-: SLC7A11, SLC7A11 :-: Ferroptosis",1
CIRCUBE2I,driver,1.0,Validated,0,Human,37985449,,,,circUBE2I :+: Ferroptosis,1
CIRCZBTB46,suppressor,1.0,Validated,0,"Human, mice",36672408,,,,"CircZBTB46 :+: SCD, SCD :-: Ferroptosis",1
CIRC_0000140,driver,1.0,Validated,0,Human,38105907,,,,"circ_0000140 :-: miR-527, miR-527 :+: SLC7A11, SLC7A11 :-: Ferroptosis",1
CIRC_0000190,driver,1.0,Validated,0,Mice,35037032,,,,"Circ_0000190 :-: MiR-382-5p, MiR-382-5p :-: Ferroptosis",1
CIRC_0000745,suppressor,1.0,Validated,0,Human,34957935,,,,"Circ_0000745 :-: miR-494-3p, miR-494-3p :-: NET1, NET1 :-: Ferroptosis",1
CIRC_0007142,suppressor,1.0,Validated,0,Human,33797091,,,,"circ_0007142 :-: miR-874-3p, miR-874-3p :-: GDPD5 ,GDPD5 :-: Ferroptosis",1
CIRC_0067934,suppressor,1.0,Validated,0,Human,34290668,,,,"circ_0067934 :-: miR-545-3p, miR-545-3p :-: SLC7A11, SLC7A11 :-: Ferroptosis",1
CIRC_0070440,suppressor,1.0,Validated,0,"Human, mice",36852950,,,,circ_0070440 :-: Ferroptosis,1
CIRC_0072464,suppressor,1.0,Validated,0,Mice,35814268,,,,"circ_0072464 :-: miR-431, miR-431 :-: NRF2, NRF2 :-: Ferroptosis",1
CISD1,marker|suppressor,1.0,Deduced|Validated,0,Human|Mice,27510639|35444645|35505093,HGNC:30880,ENSG00000122873,Q9NZ45,"CISD1 :-: Mitochondrial lipid ROS, Mitochondrial lipid ROS :+: Ferroptosis",3
CISD2,suppressor,1.0,Validated,0,"Human|Human, mice|Mice",29928961|34485112|36180832|36802066,HGNC:24212,ENSG00000145354,Q8N5K1,"CISD2 :+: AKT, AKT :+: mTOR, mTOR :-: Ferroptosis|CISD2 :+: p62, p62 :-: Keap1, Keap1 :-: NRF2, NRF2 :-: Ferroptosis|CISD2 :-: Beclin 1, Beclin 1 :+: Ferroptosis|CISD2 :-: Lipid ROS, Lipid ROS :+: Ferroptosis",4
CISD3,suppressor,1.0,Validated,0,Human,34497268,HGNC:27578,ENSG00000277972,P0C7P0,CISD3 :-: Ferroptosis,1
CKB,suppressor,1.0,Validated,0,"Human, mice",37156912,HGNC:1991,ENSG00000166165,P12277,"CKB :+: GPX4, GPX4 :-: Ferroptosis",1
CLOCK,suppressor,1.0,Validated,0,Mice,35704277,HGNC:2082,ENSG00000134852,O15516,"CLOCK :+: GPX4, GPX4 :-: Ferroptosis, CLOCK :+: PPARG, PPARG :-: Ferroptosis",1
CLTRN,driver,1.0,Validated,0,Human,33508374,HGNC:29437,ENSG00000147003,Q9HBJ8,"CLTRN :+: Lipid ROS, Lipid ROS :+: Ferroptosis, CLTRN :+: Fe2+, Fe2+ :+: Ferroptosis, CLTRN :-: GSH, GSH :-: Ferroptosis, CLTRN :-: GPX4, GPX4 :-: Ferroptosis, CLTRN :-: SLC7A11, SLC7A11 :-: Ferroptosis, CLTRN :-: FTH1, FTH1 :-: Ferroptosis, CLTRN :+: ACSL4, ACSL4 :+: Ferroptosis, CLTRN :+: PTGS2, PTGS2 :+: Ferroptosis, CLTRN :+: NOX1, NOX1 :+: Ferroptosis",1
CNIH4,suppressor,1.0,Validated,0,Human,37716418,HGNC:25013 ,ENSG00000143771,Q9P003,"CNIH4 :+: SLC7A11, SLC7A11 :-: Ferroptosis, CNIH4 :+: GPX4, GPX4 :-: Ferroptosis",1
CNR1,suppressor,1.0,Validated,0,"Human, mice",36130940,HGNC:2159,ENSG00000118432,P21554,"CNR1 :+: (ERK/AKT), (ERK/AKT) :+: (SCD1/FASD2), (SCD1/FASD2) :-: Ferroptosis",1
COMMD10,driver,1.0,Validated,0,Human,35101526,HGNC:30201,ENSG00000145781,Q9Y6G5,"COMMD10 :-: HIF1α, HIF1α :+: SLC7A11, SLC7A11 :-: Ferroptosis",1
COPZ1,suppressor,1.0,Validated,0,Human,33420375,HGNC:2243,ENSG00000111481,P61923,"COPZ1 :-: NCOA4, NCOA4 :-: ferritin, ferritin :-: ferrous iron, ferrous iron :+: Ferroptosis",1
COX4I2,driver,1.0,Validated,0,Rat,34026834,HGNC:16232,ENSG00000131055,Q96KJ9,COX4I2 :+: Ferroptosis,1
COX7A1,driver,1.0,Validated,0,"Human, mice",36418320,HGNC:2287,ENSG00000161281,P24310,COX7A1 :+: Ferroptosis,1
CP,suppressor,1.0,Validated,0,Human,32283255,HGNC:2295,ENSG00000047457,P00450,"CP :-: Fe2+, Fe2+ :+: Ferroptosis, CP :-: Lipid ROS, Lipid ROS :+: Ferroptosis",1
CPEB1,driver,1.0,Validated,0,Human,34184391,HGNC:21744,ENSG00000214575,Q9BZB8,"CPEB1 :-: TWIST1, TWIST1 :+: GPX4, GPX4 :-: Ferroptosis",1
CPLX2,suppressor,1.0,Validated,0,Human,36107387,HGNC:2310,ENSG00000145920,Q6PUV4,CPLX2 :-: Ferroptosis,1
CPT1A,suppressor,1.0,Validated,0,Human,37150518,HGNC:2328,ENSG00000110090,P50416,CPT1A :-: Ferroptosis,1
CREB,suppressor,1.0,Validated,0,Mice,37422794,,,,CREB :-: Ferroptosis,1
CREB1,suppressor,1.0,Deduced|Validated,0,"Human|Human, mice",33846793|37957645,HGNC:2345,ENSG00000118260,P16220,"CREB1 :+: GPX4, GPX4 :-: Ferroptosis|CREB1 :+: SCD, SCD :-: Ferroptosis",2
CRTC3,suppressor,1.0,Validated,0,"Human, mice",37666810,HGNC:26148,ENSG00000140577,Q6UUV7,CRTC3 :+: Ferroptosis,1
CS,driver|marker,1.0,Deduced|Validated,0,Human|Mice,22632970|35444645|35505093,HGNC:2422,ENSG00000062485,O75390,CS :+: Ferroptosis,3
CSE,suppressor,1.0,Validated,0,Human,36109647,HGNC:2501,ENSG00000116761,P32929,CSE :-: Ferroptosis,1
CST1,suppressor,1.0,Validated,0,Mice,36369321,HGNC:2473,ENSG00000170373,P01037,"CST1 :+: GPX4, GPX4 :-: Ferroptosis",1
CTNS,suppressor,1.0,Validated,0,"Human, mice",37647899,HGNC:2518,ENSG00000040531,O60931,CTNS :-: Ferroptosis,1
CTSB,driver,1.0,Deduced|Validated,0,"Human, mice|_NA_",33268027|33340545,HGNC:2527,ENSG00000164733,,"CTSB :+: DNA damage, DNA damage :+: DNA sensor pathway, DNA sensor pathway :+: Ferroptosis|CTSB :+: Ferroptosis",2
CUL9,suppressor,1.0,Validated,0,Human,35505093,HGNC:15982,ENSG00000112659,Q8IWT3,"CUL9 :-: HNRNPC, HNRNPC :+: MATE1, MATE1 :+: Ferroptosis",1
CX3CL1,driver,1.0,Validated,0,"Human|Human, mice",36397015|37875838,HGNC:10647,ENSG00000006210,P78423,"CX3CL1 :+: Ferroptosis|CX3CL1 :-: HIF1A, HIF1A :+: HO-1, HO-1 :-: Ferroptosis",2
CXCL10,driver,1.0,Validated,0,"Human, mice",36610561,HGNC:10637,ENSG00000169245,P02778,"CXCL10 :+: STAT3, STAT3 :-: SLC7A11, SLC7A11 :-: Ferroptosis",1
CXCL8,suppressor,1.0,Validated,0,Human,37765018,HGNC:6025,ENSG00000169429,P10145,"CXCL8 :+: CXCR2, CXCR2 :+: NF-κB, NF-κB :+: SLC7A11, SLC7A11 :-: Ferroptosis, NF-κB :+: GPX4, GPX4 :-: Ferroptosis",1
CYB5R1,driver,1.0,Validated,0,Human,33321093,HGNC:13397,ENSG00000159348,,"CYB5R1 :+: hydrogen peroxide, hydrogen peroxide :+: PUFA peroxidation, PUFA peroxidation :+: Ferroptosis",1
CYBB,driver|suppressor,1.0,Deduced|Validated,0,"Human|Human, mice",22632970|37175412,HGNC:2578,ENSG00000165168,P04839,"CYBB :+: Ferroptosis|CYBB :+: Nrf2, Nrf2 :+: SOD2, SOD2 :-: Ferroptosis",2
CYGB,driver|suppressor,1.0,Deduced|Validated,0,Human,33611811|36009267,HGNC:16505,ENSG00000161544,Q8WWM9,"CYGB :+: p53, p53 :+: YAP1, YAP1 :+: ACSL4, ACSL4 :+: Lipid ROS, Lipid ROS :+: Ferroptosis|CYGB :-: Ferroptosis",2
CYP1B1,suppressor,1.0,Validated,0,"Human, mice",37059712,HGNC:2597,ENSG00000138061,Q16678,"CYP1B1 :+: FBXO10 , FBXO10 :-: ACSL4, ACSL4 :+: Ferroptosis",1
CYP24A1,suppressor,1.0,Validated,0,"Human, mice",37414755,HGNC:2602,ENSG00000019186,Q07973,CYP24A1 :-: Ferroptosis,1
CYP2E1,suppressor,1.0,Validated,0,Monkey,36993697,HGNC:2631,ENSG00000130649,P05181,CYP2E1 :-: Ferroptosis,1
DACT3-AS1,driver,1.0,Validated,0,"Human, mice",36764075,HGNC:44120,ENSG00000245598,,"DACT3-AS1 :-: miR-181a-5p, miR-181a-5p :-: SIRT1, SIRT1 :+: Ferroptosis",1
DAZAP1,suppressor,1.0,Validated,0,_NA_,33358859,HGNC:2683,ENSG00000071626,Q96EP5,(DAZAP1/SLC7A11) :-: Ferroptosis,1
DCLK3,suppressor,1.0,Validated,0,Human,37340227,HGNC:19005,ENSG00000163673,Q9C098,"DCLK3 :+: TCF4, TCF4 :-: Ferroptosis",1
DCPS,suppressor,1.0,Validated,0,"Human, mice",37245534,HGNC:29812,ENSG00000110063,Q96C86,DCPS :-: Ferroptosis,1
DDIT4,driver|unclassified,1.0,Screened|Validated,0,"Human|Human, mice",24844246|36528956,HGNC:24944,ENSG00000168209,Q9NX09,"DDIT4 :-: (PI3K/Akt), (PI3K/Akt) :-: Ferroptosis|DDIT4 :?: Ferroptosis",3
DDR2,driver,1.0,Validated,0,Human,33603168,HGNC:2731,ENSG00000162733,Q16832,DDR2 :+: Ferroptosis,1
DDX5,driver,1.0,Validated,0,"Human, mice",38036507,HGNC:2746,ENSG00000108654,P17844,"DDX5 :-: Wnt, Wnt :+: β-catenin, β-catenin :-: Ferroptosis, DDX5 :-: DVL1, DVL1 :-: Ferroptosis",1
DECR1,suppressor,1.0,Validated,0,Human,32686647,HGNC:2753,ENSG00000104325,Q16698,"DECR1 :-: Lipid ROS, Lipid ROS :+: Ferroptosis",1
DELE1,suppressor,1.0,Validated,0,Mice,36113464,HGNC:28969,ENSG00000081791,Q14154,"DELE1:+: Atf4, Atf4 :+: GPX4, GPX4 :-: Ferroptosis",1
DHODH,driver|suppressor,1.0,Deduced|Validated,0,"Human|Human, mice",33981038|36672495|36737723|37291265,HGNC:2867,ENSG00000102967,Q02127,"DHODH :+: CoQ/CoQH2 ratio, CoQ/CoQH2 ratio :-: Ferroptosis|DHODH :+: Ferroptosis|DHODH :+: mTOR, mTOR :-: Ferroptosis|DHODH :-: Ferroptosis",4
DKK1,suppressor,1.0,Validated,0,"Human, mice",35296660,HGNC:2891,ENSG00000107984,O94907,"DKK1 :+: SLC7A11, SLC7A11 :-: Ferroptosis",1
DLD,driver,1.0,Validated,0,Human,31931284,HGNC:2898,ENSG00000091140,P09622,"DLD :+: Lipid ROS, Lipid ROS :+: Ferroptosis",1
DLEU1,suppressor,1.0,Validated,0,"Human, mice",36878845,HGNC:13747,ENSG00000176124,O43261,DLEU1 :-: Ferroptosis,1
DNAJB6,driver,1.0,Predicted|Validated,0,"Human|Human, mice",31701262,HGNC:14888,ENSG00000105993,O75190,"DNAJB6 :-: GPX4, GPX4 :-: Ferroptosis|DNAJB6a :+: Lipid ROS, Lipid ROS :+: Ferroptosis, DNAJB6a :-: GSH, GSH :-: Ferroptosis, DNAJB6a :-: GPX4, GPX4 :-: Ferroptosis",2
DPEP1,driver,1.0,Validated,0,Mice,34426578,HGNC:3002,ENSG00000015413,P16444,DPEP1 :+: Ferroptosis,1
DPP4,driver|marker|suppressor,1.0,Deduced|Validated,0,"Human|Human, mice|Mice",28813679|35444645|35919817,HGNC:3009,ENSG00000197635,P27487,"DPP4 :+: Lipid ROS, Lipid ROS :+: Ferroptosis|DPP4 :-: Ferroptosis",3
DPP9,suppressor,1.0,Validated,0,"Human, mice",37713596,HGNC:18648,ENSG00000142002,Q86TI2,"DPP9 :+: NRF2, NRF2 :+: SLC7A11, SLC7A11 :-: Ferroptosis",1
DUOX1,driver,1.0,Deduced|Validated,0,Human,22632970|37536262,HGNC:3062,ENSG00000137857,Q9NRD9,DUOX1 :+: Ferroptosis,2
DUXAP8,suppressor,1.0,Validated,0,"Human, mice",37337470,HGNC:32187,ENSG00000271672,,"DUXAP8 :+: SLC7A11, SLC7A11 :-: Ferroptosis",1
DYRK1A,driver,1.0,Validated,0,Rat,37702441,HGNC:3091,ENSG00000157540,Q13627,"DYRK1A :-: SLC7A11, SLC7A11 :+: GPX4, GPX4 :-: Ferroptosis",1
E2F1,driver,1.0,Validated,0,"Human, mice",36928314,HGNC:3113,ENSG00000101412,Q01094,"E2F1 :+: ACSL4, ACSL4 :+: Ferroptosis",1
E2F2,driver,1.0,Validated,0,"Human, mice",36928314,HGNC:3114,ENSG00000007968,Q14209,"E2F2 :+: ACSL4, ACSL4 :+: Ferroptosis",1
E2F3,driver,1.0,Validated,0,"Human, mice",36928314,HGNC:3115,ENSG00000112242,O00716,"E2F3 :+: ACSL4, ACSL4 :+: Ferroptosis",1
E2F7,suppressor,1.0,Validated,0,"Human, mice",37481196,HGNC:23820,ENSG00000165891,Q96AV8,E2F7 :-: Ferroptosis,1
EBF3,driver,1.0,Validated,0,"Human, mice",37271497,HGNC:19087,ENSG00000108001,Q9H4W6,"EBF3 :+: ALOX15, ALOX15 :+: Ferroptosis",1
ECH1,suppressor,1.0,Validated,0,"Human, mice",33813878,HGNC:3149,ENSG00000104823,Q13011,"ECH1 :+: GPX4, GPX4 :-: Ferroptosis",1
EDN1,driver,1.0,Validated,0,Mice,37963542,HGNC:3176,ENSG00000078401,P05305,EDN1 :+: Ferroptosis,1
EGF,suppressor,1.0,Validated,0,"Mice, rat",37036428,HGNC:3229,ENSG00000138798,P01133,"EGF :+: (Nrf2/HO-1), (Nrf2/HO-1) :-: Ferroptosis",1
EGFR,driver|suppressor,1.0,Validated,0,"Human|Human, mice",28297659|37810027|37979586,HGNC:3236,ENSG00000146648,P00533,"EGFR :+: MAPK, MAPK :+: Ferroptosis|EGFR :-: Ferroptosis",3
EGLN2,driver,1.0,Validated,0,"Human, mice",31355331,HGNC:14660,ENSG00000269858,Q96KS0,"EGLN2 :-: HIF1A, HIF1A  :-: Lipid ROS, Lipid ROS :+: Ferroptosis",1
EGR1,driver,1.0,Validated,0,"Human, mice|Mice",34339707|37453477|38062004,HGNC:3238,ENSG00000120738,P18146,"EGR1 :+: ALOX5, ALOX5 :+: Ferroptosis|EGR1 :+: MAP3K14, MAP3K14 :+: NF-κB, NF-κB :+: Ferroptosis|EGR1 :+: MIR15A, MIR15A :-: GPX4, GPX4 :-: Ferroptosis",3
EHMT2,driver,1.0,Validated,0,"Human, mice",35930635,HGNC:14129,ENSG00000204371,Q96KQ7,EHMT2 :+: Ferroptosis,1
EIF2AK3,suppressor,1.0,Validated,0,"Human, mice",37536085,HGNC:3255,ENSG00000172071,Q9NZJ5,"EIF2AK3 :+: SLC7A11, SLC7A11 :-: Ferroptosis",1
EIF3H,suppressor,1.0,Validated,0,"Human, mice",37559097,HGNC:3273,ENSG00000147677,O15372,"EIF3H :+: OGT, OGT :-: Ferroptosis",1
EIF4E,driver,1.0,Validated,0,"Human, mice",36274088,HGNC:3287,ENSG00000151247,P06730,"EIF4E :+: ALDH1B1, ALDH1B1 :-: GPX4, GPX4 :-: Ferroptosis",1
ELAVL1,driver|unclassified,1.0,Deduced|Validated,0,"Human|Human, mice|Rat",30081711|30787392|33568052|36173508,HGNC:3312,ENSG00000066044,Q15717,"ELAVL1 :+: Ferroptosis|ELAVL1 :+: autophagy, autophagy :+: Ferroptosis, ELAVL1 :-: GPX4, GPX4 :-: Ferroptosis|ELAVL1 :-: PINK1, PINK1 :-: Ferroptosis|ELAVL1 :?: Ferroptosis",4
ELK1,suppressor,1.0,Validated,0,"Human, mice",35962333,HGNC:3321,ENSG00000126767,P19419,"ELK1 :+: GPX4, GPX4 :-: Ferroptosis",1
ELOVL5,driver|suppressor,1.0,Validated,0,Human,33288688|36714261,HGNC:21308,ENSG00000012660,Q9NYP7,"ELOVL5 :+: Arachidonic acid, Arachidonic acid :+: Ferroptosis|ELOVL5 :+: GPX4, GPX4 :-: Ferroptosis",2
EMC2,driver|marker,1.0,Validated,0,Human,22632970|35444645,HGNC:28963,ENSG00000104412,Q15006,EMC2 :+: Ferroptosis,2
EMP1,driver,1.0,Validated,0,Human,35432717|35850179,HGNC:3333,ENSG00000134531,P54849,"EMP1 :+: Rac1, Rac1 :+: Ferroptosis|EMP1 :-: PPARG, PPARG :+: SLC7A11, SLC7A11 :-: Ferroptosis",2
EMP2,suppressor,1.0,Validated,0,"Human, mice",37502927,HGNC:3334,ENSG00000213853,P54851,"EMP2 :+: GPX4, GPX4 :-: Ferroptosis",1
ENO1,suppressor,1.0,Validated,0,Human,35121990,HGNC:3350,ENSG00000074800,P06733,"ENO1 :+: CNOT6, CNOT6 :-: IRP1, IRP1 :+: Mfrn1, Mfrn1 :+: Ferroptosis",1
ENO3,suppressor,1.0,Validated,0,Mice,33987359,HGNC:3354,ENSG00000108515,P13929,"ENO3 :+: GPX4, GPX4 :-: Ferroptosis",1
ENPP2,suppressor,1.0,Validated,0,Human|Rat|Rats,29551679|34296293|37052764,HGNC:3357,ENSG00000136960,Q13822,"ENPP2 :-: Fe2+, Fe2+ :+: Ferroptosis, ENPP2 :-: Lipid ROS, Lipid ROS :+: Ferroptosis, ENPP2 :+: SLC7A11, SLC7A11 :-: Ferroptosis, ENPP2 :+: GPX4, GPX4 :-: Ferroptosis, ENPP2 :+: FPN1, FPN1 :-: iron accumulation, iron accumulation :+: Ferroptosis, ENPP2 :-: NOX4, NOX4 :+: Ferroptosis|ENPP2 :-: Ferroptosis",3
EP300,driver|suppressor,1.0,Validated,0,"Human|Human, mice",37415103|37548102|37696842,HGNC:3373,ENSG00000100393,Q09472,"EP300 :-: Ferroptosis|EP300 :-: HIF-1α, HIF-1α :+: HMOX1, HMOX1 :+: Ferroptosis|EP300 :-: HSPA5, HSPA5 :-: Ferroptosis",3
EPAS1,driver,1.0,Validated,0,Mice,30962421|34561933|36209275,HGNC:3374,ENSG00000116016,Q99814,"EPAS1 :+: Ferroptosis|EPAS1 :+: HILPDA, EPAS1 :+: PLIN2, HILPDA :+: PUFA, PLIN2 :+: PUFA, PUFA :+: PUFA-phospholipid hydroperoxides, PUFA-phospholipid hydroperoxides :+: Ferroptosis|EPAS1 :+: MDA, MDA :+: Ferroptosis, EPAS1 :-: GPX4, GPX4 :-: Ferroptosis",3
EPHA2,driver,1.0,Validated,0,Mice,36138043,HGNC:3386,ENSG00000142627,P29317,"EPHA2 :-: IL-23, IL-23 :-: Ferroptosis",1
EPHA4,driver,1.0,Validated,0,Rat,37056141,HGNC:3388,ENSG00000116106,P54764,"EPHA4 :+: Beclin1, Beclin1 :+: TFR1, TFR1 :+: Ferroptosis",1
EREG,suppressor,1.0,Validated,0,Human,36899869,HGNC:3443,ENSG00000124882,O14944,"EREG :+: GPX4, GPX4 :-: Ferroptosis",1
ERK,driver,1.0,Validated,0,"Human, mice",37913581,HGNC:3393,ENSG00000133216,P29323,"ERK :+: MAPK, MAPK :+: Ferroptosis",1
ERN1,driver,1.0,Validated,0,"Human, mice",36091771,HGNC:3449,ENSG00000178607,O75460,"ERN1 :+: JNK, JNK :+: Ferroptosis",1
ESR1,suppressor,1.0,Validated,0,Human,35613689,HGNC:3467,ENSG00000091831,P03372,"ESR1 :+: NEDD4L, NEDD4L :-: CD71 ,CD71 :+: Ferroptosis",1
ETHE1,driver,1.0,Validated,0,Human,36109647,HGNC:23287,ENSG00000105755,O95571,ETHE1 :+: Ferroptosis,1
ETS1,suppressor,1.0,Validated,0,"Human|Human, mice",37327642|37490064,HGNC:3488,ENSG00000134954,P14921,"ETS1 :+: (Nrf2/HO-1), (Nrf2/HO-1) :-: Ferroptosis|ETS1 :+: SLC7A11, SLC7A11 :-: Ferroptosis",2
ETV4,suppressor,1.0,Validated,0,Human,34283663,HGNC:3493,ENSG00000175832,P43268,"ETV4 :+: SLC7A11, SLC7A11 :-: Ferroptosis",1
EZH2,suppressor,1.0,Validated,0,Human,34614259,HGNC:3527,ENSG00000106462,Q15910,"EZH2 :-: miR-125b-5p, miR-125b-5p :-: SLC7A11, SLC7A11 :-: Ferroptosis",1
FABP4,driver|suppressor,1.0,Validated,0,Human|Mice,34030117|35441580|37150518,HGNC:3559,ENSG00000170323,P15090,"FABP4 :-: CPT1A, CPT1A :-: Ferroptosis|FABP4 :-: Ferroptosis|FABP4 :-: PPARγ, PPARγ :+: GPX4, GPX4 :-: Ferroptosis",3
FADS1,driver,1.0,Validated,0,Human,33288688,HGNC:3574,ENSG00000149485,,"FADS1 :+: Arachidonic acid, Arachidonic acid :+: Ferroptosis",1
FADS2,driver|marker|suppressor,1.0,Deduced|Validated,0,Human|Mice,28900510|34520742|35505093|35547771,HGNC:3575,ENSG00000134824,O95864,"FADS2 :+: Ferroptosis|FADS2 :+: GPX4, GPX4 :-: Ferroptosis|FADS2 :-: Ferroptosis",4
FAF1,suppressor,1.0,Validated,0,"Human, mice",35467997,HGNC:3578,ENSG00000185104,Q9UNN5,FAF1 :-: Ferroptosis,1
FAM98A,suppressor,1.0,Validated,0,"Human, mice",35421356,HGNC:24520,ENSG00000119812,Q8NCA5,"FAM98A :+: SLC7A11, SLC7A11 :-: Ferroptosis",1
FANCD2,marker|suppressor,1.0,Deduced|Validated,0,"Human|Human, mice|Mice",27773819|35444645|35505093|36814203,HGNC:3585,ENSG00000144554,Q9BXW9,"FANCD2 :+: JAK2, JAK2 :+: STAT3, STAT3 :-: Ferroptosis|FANCD2 :-: Ferroptosis",4
FAR1,driver,1.0,Validated,0,Human,32939090|33731874,HGNC:26222,ENSG00000197601,Q8WVX9,"FAR1 :+: Ferroptosis|FAR1 :+: PUFA-ePLs, PUFA-ePLs :+: Ferroptosis",2
FBLN1,suppressor,1.0,Validated,0,Human,35127942,HGNC:3600,ENSG00000077942,P23142,FBLN1 :-: Ferroptosis,1
FBXL5,suppressor,1.0,Validated,0,"Human, mice",38118197,HGNC:13602,ENSG00000118564,Q9UKA1,"FBXL5 :-: IRP2, IRP2 :+: Ferroptosis",1
FBXO31,driver,1.0,Validated,0,Human,36269678,HGNC:16510,ENSG00000103264,Q5XUX0,"FBXO31 :-: GPX4, GPX4 :-: Ferroptosis",1
FBXW7,driver,1.0,Deduced|Validated,0,"Human|Human, mice",31679460|33271455,HGNC:16712,ENSG00000109670,Q969H0,"FBXW7 :+: Ferroptosis|FBXW7 :-: (NR4A1/SCD1), (NR4A1/SCD1) :+: SCD1, SCD1 :-: Ferroptosis",2
FDFT1,marker,1.0,Deduced|Validated,0,Human|Mice,35444645|35505093,HGNC:3629,ENSG00000079459,P37268,,2
FDX1,driver|suppressor,1.0,Validated,0,Human,37144519|37517308,HGNC:3638,ENSG00000137714,P10109,FDX1 :+: Ferroptosis|FDX1 :-: Ferroptosis,2
FEACR,suppressor,1.0,Validated,0,Mice,37370086,,,,"FEACR :+: NAMPT, NAMPT :+: Sirt1, Sirt1 :+: FOXO1, FOXO1 :+: FTH1, FTH1 :-: Ferroptosis",1
FECH,suppressor,1.0,Validated,0,"Human, mice",37604811,HGNC:3647,ENSG00000066926,P22830,FECH :-: Ferroptosis,1
FEN1,suppressor,1.0,Validated,0,"Human, mice",37993428,HGNC:3650,ENSG00000168496,P39748,"FEN1 :-: ACSL4, ACSL4 :+: Ferroptosis",1
FGF10,suppressor,1.0,Validated,0,"Human, mice",38147776,HGNC:3666,ENSG00000070193,O15520,"FGF10 :+: SIRT1, SIRT1 :+: NRF2, NRF2 :-: Ferroptosis",1
FGF2,suppressor,1.0,Validated,0,"Human, mice",37705747,HGNC:3676,ENSG00000138685,P09038,"FGF2  :+: KLF2, KLF2 :+: NFE2L2, NFE2L2 :-: Ferroptosis",1
FGF21,suppressor,1.0,Deduced|Validated,0,"Mice|Mice, rat|Rat",34530349|37660729|38051901,HGNC:3678|HGNC:3678 ,ENSG00000105550,Q9NSA1,"FGF21 :+: (FGFR1/β-Klotho), (FGFR1/β-Klotho) :-: Ferroptosis|FGF21 :+: FPN, FPN :-: Fe2+, Fe2+ :+: Ferroptosis, FGF21 :+: FTH, FTH :-: Fe2+, Fe2+ :+: Ferroptosis, FGF21 :+: FTL, FTL :-: Fe2+, Fe2+ :+: Ferroptosis, FGF21 :+: GPX4, GPX4 :-: Ferroptosis, FGF21 :+: NRF2, NRF2 :-: Ferroptosis, FGF21 :-: PTGS2, PTGS2 :+: Ferroptosis, FGF21 :-: Lipid ROS, Lpid ROS :+: Ferroptosis, FGF21 :-: MDA, MDA :+: Ferroptosis, FGF21 :+: GSH, GSH :-: Ferroptosis, FGF21 :-: HO-1, HO-1 :+: Ferroptosis, FGF21 :+: SLC7A11, SLC7A11 :-: Ferroptosis, FGF21 :+: FTH, FTH :-: Fe2+, Fe2+ :+: Ferroptosis|FGF21 :-: HMOX1, HMOX1 :+: Ferroptosis",3
FGF4,suppressor,1.0,Validated,0,Mice,36702076,HGNC:3682,ENSG00000075388,P08620,"FGF4 :+: CISD3, CISD3 :-: Ferroptosis",1
FGFR4,suppressor,1.0,Validated,0,Human|Rat,35466502|35562334,HGNC:3691,ENSG00000160867,P22455,"FGFR4 :+: GPX4, GPX4 :-: Ferroptosis, FGFR4 :+: xCT, xCT :-: Ferroptosis|FGFR4 :+: SLC7A11, SLC7A11 :-: Ferroptosis, FGFR4 :+: FPN1, FPN1 :-: Ferroptosis, FGFR4 :+: GPX4, GPX4 :-: Ferroptosis",2
FH,suppressor,1.0,Validated,0,Human,29917289,HGNC:3700,ENSG00000091483,P07954,"FH :+: GPX4, GPX4 :-: Ferroptosis",1
FHOD1,suppressor,1.0,Validated,0,"Human, mice",37211949,HGNC:17905,ENSG00000135723,Q9Y613,"FHOD1 :+: HSPB1, HSPB1 :-: Ferroptosis",1
FLRT2,driver,1.0,Validated,0,Human,37480224,HGNC:3761,ENSG00000185070,O43155,"FLRT2 :+: ACSL4, ACSL4 :+: Ferroptosis",1
FLT3,driver,1.0,Validated,0,Mice,24739485,HGNC:3765,ENSG00000122025,P36888,"FLT3 :+: Lipid ROS, Lipid ROS :+: Ferroptosis",1
FMO1,driver,1.0,Validated,0,Human,37553313,HGNC:3769,ENSG00000010932,Q01740,"FMO1 :-: PPARα, PPARα :-: Ferroptosis",1
FNDC3B,suppressor,1.0,Validated,0,Mice,36336231,HGNC:24670,ENSG00000075420,Q53EP0,"FNDC3B :+: AMPK, AMPK :-: Ferroptosis",1
FNDC5,suppressor,1.0,Deduced|Validated,0,"Human|Human, mice|Rat",32997405|35032153|35392237,HGNC:20240,ENSG00000160097,Q8NAU1,"FNDC5 :+: (PI3K/Akt), (PI3K/Akt) :+: NRF2, NRF2 :-: Ferroptosis|FNDC5 :+: NRF2, NRF2 :-: Ferroptosis, FNDC5 :+: HO-1, HO-1 :-: Ferroptosis|Irisin :-: Ferroptosis",3
FOSL1,driver,1.0,Validated,0,Mice,36831172,HGNC:13718,ENSG00000175592,P15407,FOSL1 :+: Ferroptosis,1
FOXA2,suppressor,1.0,Validated,0,"Human, mice",37875418,HGNC:5022,ENSG00000125798,Q9Y261,"FOXA2 :+: (NRF2/GPX4), (NRF2/GPX4) :-: Ferroptosis",1
FOXM1,suppressor,1.0,Validated,0,"Human, mice",37236507|38091112,HGNC:3818,ENSG00000111206,Q08050,"FOXM1 :+: LCN2, LCN2 :-: Ferroptosis|FOXM1 :+: MEF2C, MEF2C :+: GPX4, GPX4 :-: Ferroptosis",2
FOXN4,driver,1.0,Validated,0,Mice,37605566,HGNC:21399,ENSG00000139445,Q96NZ1,"FOXN4 :+: ( HIF-1α/MMP2 ), ( HIF-1α/MMP2 ) :+: Ferroptosis",1
FOXO3,driver,1.0,Validated,0,Mice,36380623,HGNC:3821,ENSG00000118689,O43524,"FOXO3 :+: NOX4, NOX4 :+: Ferroptosis",1
FOXQ1,suppressor,1.0,Validated,0,"Human, mice",37591453,HGNC:20951,ENSG00000164379,Q9C009,"FOXQ1 :+: circ_0000643, circ_0000643 :-: miR-153, miR-153 :-: SLC7A11, SLC7A11 :-: Ferroptosis",1
FSCN1,driver,1.0,Validated,0,"Human, mice",35165254,HGNC:11148,ENSG00000075618,Q16658,"FSCN1 :-: SLC7A11, SLC7A11 :-: Ferroptosis",1
FTH1,driver|marker|suppressor|unclassified,1.0,Deduced|Validated,0,"Human|Human, mice|Mice|Mice, Human|Rat",26403645|27514700|27773819|30557609|32959272|33892112|33997705|34965856|35197507|35504898|35505093|35690207|35721711|35903602|35919817|36395957|36566913|37011414,HGNC:3976,ENSG00000167996,P02794|P36969,"FTH1 :+: GPX4, GPX4 :-: Ferroptosis, FTH1 :-: ACSL4, ACSL4  :+:  Ferroptosis|FTH1 :+: NCOA4, NCOA4 :+: Ferroptosis|FTH1 :-: ACSL4, ACSL4 :+: Ferroptosis|FTH1 :-: Ferroptosis|FTH1 :-: Lipid ROS, Lipid ROS :+: Ferroptosis|FTH1 :?: Ferroptosis",18
FTL,marker|suppressor|unclassified,1.0,Deduced|Validated,0,"Human|Human, rat|Mice|Rat",26097885|33333054|33997705|35218147|35919817|36395957|36446230,HGNC:3999,ENSG00000087086,P02792,"FTL :+: FSP1, FSP1 :-: Ferroptosis|FTL :-: Ferroptosis|FTL :-: p53, FTL :-: SLC7A11, p53 :+: Ferroptosis, SLC7A11 :+: Ferroptosis|FTL :?: Ferroptosis",7
FTMT,suppressor,1.0,Deduced|Validated,0,"Human|Mice|Mice, fly|Rat",28066232|32810738|33594527|33953171|36395957,HGNC:17345,ENSG00000181867,Q8N4E7,"FTMT :+: GPX4, GPX4 :-: Ferroptosis, FTMT :+: GSH, GSH :-: Ferroptosis, FTMT :-: Lipid ROS, Lipid ROS :+: Ferroptosis, FTMT :+: FPN1, FPN1 :-: Fe2, Fe2 :+: Ferroptosis|FTMT :-: Ferroptosis|FTMT :-: Labile iron pool, Labile iron pool :+: Ferroptosis|FTMT :-: Lipid ROS, Lipid ROS :+: Ferroptosis",5
FTO,driver|suppressor,1.0,Validated,0,"Human, mice|Mice",36343416|37300304|38003537,HGNC:24678,ENSG00000140718,Q9C0B1,"FTO :+: OTUB1, OTUB1 :-: Ferroptosis|FTO :-: ACSL3, ACSL3 :+: GPX4, GPX4 :-: Ferroptosis|FTO :-: ACSL4, ACSL4 :+: Ferroptosis",3
FTX,suppressor,1.0,Validated,0,Rat,37121382,HGNC:37190,ENSG00000230590,,"FTX :-: miR-142-5p, miR-142-5p :+: GABPB1, GABPB1:+: Ferroptosis",1
FUNDC1,driver|suppressor,1.0,Validated,0,"Human, mice|Mice",35598771|36828120,HGNC:28746,ENSG00000069509,Q8IVP5,"FUNDC1 :+: Ferroptosis|FUNDC1 :+: GPX4, GPX4 :-: Ferroptosis",2
FUNDC2,driver,1.0,Validated,0,"Human, mice",36037337,HGNC:24925,ENSG00000165775,Q9BWH2,"FUNDC2 :-: SLC25A11, SLC25A11 :+: GPX4, GPX4 :-: Ferroptosis",1
FXN,suppressor,1.0,Validated,0,"Human|Mice|Mice, rat",31974344|32169822|33017621|37343689,HGNC:3951,ENSG00000165060,Q16595,"FXN :-: Ferroptosis|FXN :-: Lipid ROS, Lipid ROS :+: Ferroptosis|FXN :-: Lipid ROS, Lipid ROS :+: Ferroptosis, FXN :-: labile iron, labile iron :+: Ferroptosis",4
FXR1,suppressor,1.0,Validated,0,Human,35294905,HGNC:4023,ENSG00000114416,P51114,"FXR1 :+: GPX4, GPX4 :-: Ferroptosis",1
FZD7,suppressor,1.0,Validated,0,"Human, mice",33172933|38071893,HGNC:4045,ENSG00000155760,O75084,"FZD7 :+: GPX4, GPX4 :-: Ferroptosis",2
G3BP1,driver|suppressor,1.0,Validated,0,"Human|Human, mice",36450665|37113783|37243773|38118197,HGNC:30292,ENSG00000145907,Q13283,"G3BP1 :+: p53, p53 :+: SLC7A11, SLC7A11 :-: Ferroptosis|G3BP1 :-: FBXL5, FBXL5 :-: IRP2, IRP2 :+: Ferroptosis|G3BP1 :-: Ferroptosis|G3BP1 :-: MTOR, MTOR :+: Ferroptosis",4
G6PD,driver|marker|suppressor,1.0,Deduced|Validated,0,Human|Mice,22632970|34325001|35505093,HGNC:4057,ENSG00000160211,P11413,"G6PD :+: Ferroptosis|G6PD :-: POR, POR :+: Ferroptosis",3
GABARAPL1,driver,1.0,Screened|Validated,0,Human|Mice,27514700|36062307,HGNC:4068,ENSG00000139112,Q9H0R8,"GABARAPL1 :+: Ferroptosis|GABARAPL1 :+: Lipid ROS, Lipid ROS :+: Ferroptosis",2
GALNT14,suppressor,1.0,Validated,0,Human,34643088,HGNC:22946,ENSG00000158089,Q96FL9,"GALNT14 :+: EGFR, EGFR :+: mTOR, mTOR :-: Ferroptosis",1
GALNT5,suppressor,1.0,Validated,0,"Human, mice",37970359,HGNC:4127,ENSG00000136542,Q7Z7M9,GALNT5 :-: Ferroptosis,1
GAS1,driver,1.0,Validated,0,"Human, mice",37859699,HGNC:4165,ENSG00000180447,P54826,"GAS1 :+: p53, p53 :-: SLC7A11, SLC7A11 :+: GPX4, GPX4 :-: Ferroptosis",1
GATA1,suppressor,1.0,Validated,0,Human,36978786,HGNC:4170,ENSG00000102145,P15976,"GATA1 :+: GPX4, GPX4 :-: Ferroptosis",1
GATA3,suppressor,1.0,Validated,0,Human,37230023,HGNC:4172,ENSG00000107485,P23771,"GATA3 :-: CYB5R2, CYB5R2 :+: Ferroptosis",1
GATA6,suppressor,1.0,Validated,0,Rat,37059928,HGNC:4174,ENSG00000141448,Q92908,"GATA6 :+: miR-193, miR-193 :-: ATG7, ATG7 :+: Ferroptosis",1
GCH1,suppressor,1.0,Validated,0,Human|Mice,31989025|35223839|37735250|38040194,HGNC:4193,ENSG00000131979,P30793,"GCH1 :+: AMPK, AMPK :-: Ferroptosis|GCH1 :+: HO-1, HO-1 :-: Ferroptosis, GCH1 :+: NRF2, NRF2 :-: Ferroptosis, GCH1 :+: BH4, BH4 :-: Ferroptosis|GCH1 :+: Phospholipid, Phospholipid :-: Ferroptosis, GCH1 :+: CoQ10, CoQ10 :-: Lipid ROS, Lipid ROS :+: Ferroptosis|GCH1 :-: Ferroptosis",4
GCLC,marker|suppressor,1.0,Deduced|Validated,0,Human|Mice,26166707|33357455|35115492|35505093,HGNC:4311,ENSG00000001084,P4850|P48506,"GCLC :+: GSH, GSH :-: Ferroptosis|GCLC :+: gamma-glutamyl-peptides, gamma-glutamyl-peptides :-: Glu, Glu :+: Ferroptosis|GCLC :-: Ferroptosis",4
GDF15,driver|suppressor|unclassified,1.0,Screened|Validated,0,Human|Mice,24844246|32209255|35860670|38082448,HGNC:30142,ENSG00000130513,Q99988|Q99988 ,"GDF15 :+: (p62/Keap1/Nrf2), (p62/Keap1/Nrf2) :+: Ferroptosis|GDF15 :+: Ferroptosis|GDF15 :+: SLC7A11, SLC7A11 :-: Ferroptosis, GDF15 :+: System Xc-, System Xc- :-: Ferroptosis|GDF15 :?: Ferroptosis",4
GFPT1,driver,1.0,Validated,0,"Human, mice",37532764,HGNC:4241,ENSG00000198380,Q06210,"GFPT1 :-: SLC7A11, SLC7A11 :-: Ferroptosis, GFPT1 :-: GPX4, GPX4 :-: Ferroptosis",1
GGT1,suppressor,1.0,Validated,0,Human|Mice,35148992|38020723,HGNC:4250,ENSG00000100031,P19440,"GGT1 :+: GCLC, GCLC :-: Ferroptosis|GGT1 :-: Ferroptosis",2
GINS4,suppressor,1.0,Validated,0,"Human, mice",37018198,HGNC:28226,ENSG00000147536,Q9BRT9,"GINS4 :+: Snail, Snail :-: p53, p53 :+: Ferroptosis",1
GJA1,driver,1.0,Validated,0,"Human|Human, mice",34785303|37391124,HGNC:4274,ENSG00000152661,P17302,"GJA1 :+: Ferroptosis|GJA1 :-: SLC7A11, SLC7A11 :+: GSH, GSH :-: Ferroptosis",2
GLRX5,suppressor,1.0,Screened|Validated,0,"Human, mice|Mice",32685019|38100056,HGNC:20134,ENSG00000182512,Q86SX6,"GLRX5 :-: Ferrpotosis|GLRX5 :-: Lipid ROS, Lipid ROS :+: Ferroptosis",2
GLS,suppressor,1.0,Validated,0,"Human|Human, mice",36176239|37773303,HGNC:4331,ENSG00000115419,O94925,"GLS :+: GPX4, GPX4 :-: Ferroptosis|GLS :-: Ferroptosis",2
GLS2,driver|marker,1.0,Deduced|Screened|Validated,0,"Human|Human, mice|Mice",26166707|27034505|27514700|35444645|35460867|35505093|35895807,HGNC:29570,ENSG00000135423,Q9UI32,"GLS2 :+: Ferroptosis|GLS2 :+: Lipid ROS, Lipid ROS :+: Ferroptosis|GSL2 :+: Glutamate, Glutamate :+: Ferroptosis",7
GM47283,driver,1.0,Validated,0,Mice,35485136,,,,"Gm47283 :-: miR-706, miR-706 :-: Ptgs2, Ptgs2 :+: Ferroptosis",1
GMFB,driver,1.0,Validated,0,Rat,35325805,HGNC:4373,ENSG00000197045,P60983,"GMFB :+: ACSL4, ACSL4 :+: Ferroptosis",1
GOT1,driver|marker|suppressor,1.0,Deduced|Validated,0,"Human|Human, mice|Mice",26166707|30035324|34381026|35505093|36387145|36497150|37291265,HGNC:4432,ENSG00000120053,P17174,"GOT1 :+: NRF2, NRF2 :-: Ferroptosis|GOT1 :+: alpha KG, alpha KG :+: Lipid ROS, Lipid ROS :+: Ferroptosis|GOT1 :+: alpha-Ketoglutarate, alpha-Ketoglutarate :+: Ferroptosis|GOT1 :-: Ferroptosis|GOT1 :-: labile iron, labile iron :+: Ferroptosis",7
GPX3,suppressor,1.0,Validated,0,"Human, rat",37633909,HGNC:4555,ENSG00000211445,P22352,"GPX3 :-: (AMPK/m-TOR), (AMPK/m-TOR) :+: Ferroptosis, GPX3 :+: (Nrf2/GPX4), (Nrf2/GPX4) :-: Ferroptosis",1
GPX4,marker|suppressor|unclassified,1.0,Deduced|Validated,0,"Human|Human, mice|Human, mice, rat|Human, rat|Mice|Mice, Human|Pig|Rat",24439385|25402683|25824823|27441659|27773819|27793671|27964880|28212525|28297659|29436589|29463878|30524291|30539824|31685805|32457486|32577235|32634425|34133924|34267193|35038550|35104016|35197507|35218147|35305351|35318305|35337799|35444645|35505093|35690207|35693278|35721711|35728282|35753433|35859150|35919817|35947500|35962333|35974396|36290619|36371529|36456115|36495698|36565564|36566325|36595221|36622894|36626251|36855135|37105419|37247721|37418978|37481227|37549729|37690733|37861894|38176266,HGNC:4556,ENSG00000167468,P36969,"GPX4 :+: Ferroptosis|GPX4 :+: mTOR, mTOR :-: Ferroptosis|GPX4 :-: 8-OHdG, 8-OHdG :+: Ferroptosis|GPX4 :-: ACSL4, ACSL4 :+: Ferroptosis|GPX4 :-: Ferroptosis|GPX4 :-: LDH, LDH :+: Ferroptosis|GPX4 :-: Lipid ROS, Lipid ROS :+: Ferroptosis|GPX4 :-: Lpid ROS, Lpid ROS :+: Ferroptosis|GPX4 :-: TFR1, TFR1 :+: Ferroptosis|GPX4 :?: Ferroptosis",56
GPX7,suppressor,1.0,Validated,0,Human,35127512,HGNC:4559,ENSG00000116157,Q96SL4,GPX7 :-: Ferroptosis,1
GRN,suppressor,1.0,Validated,0,Mice,36514959,HGNC:4601,ENSG00000030582,P28799,"GRN :-: lipid ROS, lipid ROS :+: Ferroptosis",1
GRSF1,suppressor,1.0,Validated,0,Mice|Rat,35600863|37506966|37861894,HGNC:4610,ENSG00000132463,Q12849,"GRSF1 :+: GPX4, GPX4 :-: Ferroptosis",3
GSK3B,driver,1.0,Validated,0,"Human|Human, mice",32642794|34732689|37156294,HGNC:4617,ENSG00000082701,P49841,"GSK3B :+: Ferroptosis|GSK3B :+: Lipid ROS, Lipid ROS :+: Ferroptosis, GSK3B :-: GPX4, GPX4 :-: Ferroptosis|GSK3B :+: labile iron, labile iron :+: Ferroptosis",3
GSS,suppressor,1.0,Validated,0,Mice,38114454,HGNC:4624,ENSG00000100983,P48637,"GSS :+: GPX4, GPX4 :-: Ferroptosis",1
GSTM1,suppressor,1.0,Validated,0,Human,34586745,HGNC:4632,ENSG00000134184,P09488,GSTM1 :-: Ferroptosis,1
GSTP1,suppressor,1.0,Validated,0,"Human, mice",38016474,HGNC:4638,ENSG00000084207,P09211,GSTP1 :-: Ferroptosis,1
GSTZ1,driver,1.0,Validated,0,Human,33931597|36905252,HGNC:4643,ENSG00000100577,O43708,"GSTZ1 :+: HMGB1, HMGB1 :-: GPX4, GPX4 :-: Ferroptosis|GSTZ1 :+: Lipid ROS, Lipid ROS :+: Ferroptosis, GSTZ1 :+: Fe2+, Fe2+ :+: Ferroptosis, GSTZ1 :-: GPX4, GPX4 :-: Ferroptosis, GSTZ1 :-: SLC7A11, SLC7A11 :-: Ferroptosis, GSTZ1 :-: FTL, FTL :-: Ferroptosis",2
H19,driver|suppressor,1.0,Validated,0,"Human|Human, mice",34288826|35224289,HGNC:4713,ENSG00000130600,,"H19 :-: miR-106b-5p, miR-106b-5p :-: ACSL4, ACSL4 :+: Ferroptosis|H19 :-: miR-19b-3p, miR-19b-3p :-: FTH1, FTH1 :-: Ferroptosis",2
HACE1,suppressor,1.0,Validated,0,"Human, mice",38070140,HGNC:21033,ENSG00000085382,Q8IYU2,"HACE1 :+: NRF2, NRF2 :-: Ferroptosis",1
HBP1,driver,1.0,Validated,0,"Human, mice",37406020,HGNC:23200,ENSG00000105856,O60381,"HBP1 :-: UHRF1, UHRF1 :-: CDO1, CDO1 :+: Ferroptosis",1
HCAR1,suppressor,1.0,Validated,0,"Human, mice",33296645,HGNC:4532,ENSG00000196917,Q9BXC0,"(HCAR1/MCT1) :-: (AMP/ATP), (AMP/ATP) :+: AMPK, AMPK :-: SREBP1, SREBP1 :+: SCD1, SCD1 :-: Ferroptosis, (HCAR1/MCT1) :-: ACSL4, ACSL4 :+: Ferroptosis",1
HCG18,suppressor,1.0,Validated,0,"Human, mice",36786348,HGNC:31337,ENSG00000231074,,"HCG18 :+: GPX4, GPX4 :-: Ferroptosis",1
HCP5,suppressor,1.0,Validated,0,"Human, mice",36980766,HGNC:21659,ENSG00000206337,Q6MZN7,HCP5 :-: Ferroptosis,1
HDAC3,driver|suppressor,1.0,Validated,0,"Human, mice",37890360|38034086,HGNC:4854,ENSG00000171720,O15379,"HDAC3 :-: GPX4, GPX4 :-: Ferroptosis|HDAC3 :-: Yap, Yap :-: Hamp, Hamp :-: Ferroptosis",2
HDAC6,driver|suppressor,1.0,Validated,0,Human|Mice,37620223|37696842,HGNC:14064,ENSG00000094631,Q9UBN7,"HDAC6 :+: Ferroptosis|HDAC6 :+: HSPA5, HSPA5 :-: Ferroptosis",2
HDDC3,driver,1.0,Validated,0,Human,32462112,HGNC:30522,ENSG00000184508,Q8N4P3,"HDDC3 :-: NADPH, NADPH :-: Ferroptosis, HDDC3 :-: GSH, GSH :-: Ferroptosis, HDDC3 :+: Lipid ROS, Lipid ROS :+: Ferroptosis",1
HDLBP,driver,1.0,Validated,0,"Human, mice",36423520,HGNC:4857,ENSG00000115677,Q00341,"HDLBP :+: LncFAL, LncFAL :-: FSP1, FSP1 :-: Ferroptosis",1
HECTD3,driver,1.0,Validated,0,"Human, mice",37422058,HGNC:26117,ENSG00000126107,Q5T447,"HECTD3 :-: SLC7A11, SLC7A11 :-: Ferroptosis",1
HECW1,driver,1.0,Validated,0,"Human, mice",38049396,HGNC:22195,ENSG00000002746,Q76N89,"HECW1 :-: ZNF350, ZNF350 :-: NCOA4, NCOA4 :+: Ferroptosis",1
HELLS,suppressor,1.0,Validated,0,"Human, mice",28900510|37414755,HGNC:4861,ENSG00000119969,Q9NRZ9,"HELLS :+: CYP24A1, CYP24A1 :-: Ferroptosis|HELLS :+: GLUT1, HELLS :+: SCD, HELLS :+: FADS2, GLUT1 :-: Ferroptosis, SCD :-: Ferroptosis, FADS2 :-: Ferroptosis",2
HEPFAL,driver,1.0,Validated,0,Human,36008384,HGNC:56244,ENSG00000274225,,"HEPFAL :-: SLC7A11, SLC7A11 :-: Ferroptosis",1
HERPUD1,driver|unclassified,1.0,Screened|Validated,0,"Human|Human, mice",24844246|36038536,HGNC:13744,ENSG00000051108,Q15011,"HERPUD1 :+: MDM2, MDM2 :+: Ferroptosis|HERPUD1 :?: Ferroptosis",2
HIF1A,driver|suppressor,1.0,Validated,0,"Human|Human, mice|Mice",30962421|31355331|33895289|35447413|35597117|36209275|36817050|37415103|37542723|37614036,HGNC:4910,ENSG00000100644,Q16665,"HIF1A  :-: Lipid ROS, Lipid ROS :+: Ferroptosis|HIF1A :+: (Hippo/YAP), (Hippo/YAP) :-: Ferroptosis|HIF1A :+: Ferroptosis|HIF1A :+: HILPDA, HIF1A :+: PLIN2, HILPDA :+: PUFA, PLIN2 :+: PUFA, PUFA :+: PUFA-phospholipid hydroperoxides, PUFA-phospholipid hydroperoxides :+: Ferroptosis|HIF1A :+: HMOX1, HMOX1 :+: Ferroptosis|HIF1A :+: SLC1A1, SLC1A1 :-: Ferroptosis|HIF1A :+: YTHDF1, YTHDF1 :+: BECN1, BECN1 :+: Ferroptosis|HIF1A :+: lncRNA-PMAN, lncRNA-PMAN :+: SLC7A11, SLC7A11 :-: Ferroptosis|HIF1A :-: GPX4, GPX4 :-: Ferroptosis|HIF1A :-: iron accumulation, iron accumulation :+: Ferroptosis, HIF1A :-: Lpid ROS, Lipid ROS :+: Ferroptosis, HIF1A :-: PTGS2, PTGS2 :+: Ferroptosis, HIF1A :-: MDA, MDA :+: Ferroptosis, HIF1A :+: GSH, GSH :-: Ferroptosis",10
HILPDA,driver,1.0,Validated,0,Mice,30962421,HGNC:28859,ENSG00000135245,Q9Y5L2,"HILPDA :+: PUFA, PUFA :+: PUFA-phospholipid hydroperoxides, PUFA-phospholipid hydroperoxides :+: Ferroptosis",1
HJURP,suppressor,1.0,Validated,0,Human,37848756,HGNC:25444,ENSG00000123485,Q8NCD3,HJURP :-: Ferroptosis,1
HLF,suppressor,1.0,Validated,0,Human,34991659,HGNC:4977,ENSG00000108924,Q16534,"HLF :+: GGT1, GGT1 :+: GPX4, GPX4 :-: Ferroptosis",1
HMGA2,suppressor,1.0,Validated,0,Human,37113783,HGNC:5009,ENSG00000149948,P52926,HMGA2 :-: Ferroptosis,1
HMGB1,driver|unclassified,1.0,Deduced|Validated,0,"Human, mice|Mice|Rat",30686534|31105999|33565572|35432719|36731154|37907744,HGNC:4983,ENSG00000189403,P09429,"HMGB1 :+: ACSL4, ACSL4 :+: Ferroptosis|HMGB1 :+: Ferroptosis|HMGB1 :+: lactate dehydrogenase, lactate dehydrogenase :+: Ferroptosis, HMGB1 :+: Lipid ROS, Lipid ROS :+: Ferroptosis, HMGB1 :+: ACSL4, ACSL4 :+: Ferroptosis, HMGB1 :-: GPX4, GPX4 :-: Ferroptosis, HMGB1 :-: Nrf2, Nrf2 :-: Ferroptosis|HMGB1 :-: GPX4, GPX4 :-: Ferroptosis|HMGB1 :?: Ferroptosis",6
HMGB2,driver,1.0,Validated,0,"Human, mice",38148870,HGNC:5000,ENSG00000164104,P26583,"HMGB2 :+: NF-κβ, NF-κβ :+: Ferroptosis",1
HMGCL,driver,1.0,Validated,0,"Human, mice",36508088,HGNC:5005,ENSG00000117305,P35914,"HMGCL :+: DPP4, DPP4 :+: Ferroptosis",1
HMGCR,marker|suppressor,1.0,Deduced|Validated,0,"Human, mice|Mice",35505093|36276162,HGNC:5006,ENSG00000113161,P04035,HMGCR :-: Ferroptosis,2
HMOX1,driver|marker|suppressor|unclassified,1.0,Deduced|Validated,0,"Cow|Human|Human, mice|Mice|Rat",26097885|26403645|26405158|28515173|29274359|30692261|31036877|31740582|33895485|34388243|34508760|35505093|35646542|35656025|36300537|36421410|36509314|36584429|36696656|37257587|37286868|37422643|38051901,HGNC:5013|HGNC:5013 ,ENSG00000100292,P09601,"HMOX1 :+: FTH1, FTH1 :+: Ferroptosis|HMOX1 :+: Ferroptosis|HMOX1 :+: Lipid ROS, Lipid ROS :+: Ferroptosis|HMOX1 :+: Lipid ROS, Lipid ROS :+: Ferroptosis, HMOX1 :+: iron overload, iron overload :+: Ferroptosis|HMOX1 :+: cellular ferrous accumulation, cellular ferrous accumulation :+: Ferroptosis, HMOX1 :+: TFR, TFR :+: iron accumulation, iron accumulation :+: Ferroptosis, HMOX1 :-: SLC40A1, SLC40A1 :-: iron accumulation, iron accumulation :+: Ferroptosis|HMOX1 :-: (NF-κB), (NF-κB) :+: Ferroptosis|HMOX1 :-: Ferroptosis|HMOX1 :?: Ferroptosis",24
HNF4A,driver|suppressor|unclassified,1.0,Deduced|Validated,0,"Human|Human, mice",31108460|37180584|37296105,HGNC:5024,ENSG00000101076,P41235,"HNF4A :+: BAP31, BAP31 :-: VDAC1, VDAC1 :+: Ferroptosis|HNF4A :+: POR, POR :+: Ferroptosis|HNF4A :?: Ferroptosis",3
HNRNPD,suppressor,1.0,Validated,0,"Human, mice",35391558,HGNC:5036,ENSG00000138668,Q14103,"HNRNPD :+: NRF2, NRF2 :-: Ferroptosis, HNRNPD :-: ATF3, ATF3 :+: Ferroptosis",1
HNRNPL,suppressor,1.0,Validated,0,Human,35256940,HGNC:5045,ENSG00000104824,P14866,"HNRNPL :+: YY1, YY1 :+: PD-L1, PD-L1 :-: Ferroptosis",1
HNRNPM,suppressor,1.0,Validated,0,"Human, mice",38016815,HGNC:5046,ENSG00000099783,P52272,"HNRNPM :+: SMARCA4, SMARCA4 :-: Ferroptosis",1
HOTAIR,driver,1.0,Validated,0,Rat,33906483,HGNC:33510,ENSG00000228630,,"HOTAIR :-: UPF1, UPF1 :-: ACSL4, ACSL4 :+: Ferroptosis",1
HOXA11-AS,suppressor,1.0,Validated,0,"Human, mice",36628203,HGNC:24957,ENSG00000240990,,"HOXA11-AS :-: miR-155, miR-155 :+: Ferroptosis",1
HOXC-AS3,suppressor,1.0,Validated,0,"Human, mice",37548102,HGNC:43751,ENSG00000251151,,HOXC-AS3 :-: Ferroptosis,1
HOXD10,driver,1.0,Validated,0,"Human, mice",38138552,HGNC:5133,ENSG00000128710,P28358,"HOXD10 :+: ACSL4, ACSL4 :+: Ferroptosis",1
HPCAL1,driver,1.0,Validated,0,"Human, mice",35403545,HGNC:5145,ENSG00000115756,P37235,"HPCAL1 :-: CDH2, CDH2 :-: Ferroptosis",1
HPX,suppressor,1.0,Validated,0,"Human, mice",36563141,HGNC:5171,ENSG0000011016,P02790,"HPX :-: (PTGS2/COX2), (PTGS2/COX2) :+: Ferroptosis",1
HRH1,suppressor,1.0,Validated,0,"Human, mice",36165929,HGNC:5182,ENSG00000196639,P35367,"HRH1 :-: STAT3, STAT3 :-: SLC7A11, SLC7A11 :-: Ferroptosis",1
HSA_CIRC_0008367,driver,1.0,Validated,0,Human,32802409,,,,hsa_circ_0008367 :+: Ferroptosis,1
HSA_CIRC_0050900,suppressor,1.0,Validated,0,Human,38028176,,,,"hsa_circ_0050900 :-: hsa-miR-605-3p, hsa-miR-605-3p :-: SLC3A2, SLC3A2 :-: Ferroptosis",1
HSA_CIRC_0057105,driver,1.0,Validated,0,"Human, mice",37496319,,,,"hsa_circ_0057105 :-: miR-577, miR-577 :-: COL1A1, COL1A1 :+: VDAC2, VDAC2 :+: Ferroptosis",1
HSDL2,driver,1.0,Validated,0,"Human, mice",37718459,HGNC:18572,ENSG00000119471,Q6YN16,"HSDL2 :+: p53, p53 :-: SLC7A11, SLC7A11 :-: Ferroptosis",1
HSF1,suppressor,1.0,Validated,0,"Human|Human, mice",25728673|33098823|34223704,HGNC:5224,ENSG00000185122,Q00613,"HSF1 :+: PROM2, PROM2 :-: Ferroptosis|HSF1 :-: Ferroptosis",3
HSP90AA1,driver,1.0,Validated,0,Mice,35697672,HGNC:5253,ENSG00000080824,P07900,HSP90AA1 :+: Ferroptosis,1
HSPA5,marker|suppressor,1.0,Deduced|Predicted|Validated,0,"Human|Human, mice|Mice|Mice, rat",28130223|31456633|31519193|35320827|35444645|35723198|36982218|37948404,HGNC:5238,ENSG00000044574,P11021,"GRP78 :-: Lipid ROS, Lipid ROS :+: Ferroptosis|HSPA5 :+: GPX4, GPX4 :-: Ferroptosis|HSPA5 :+: GPX4, GPX4 :-: Lipid ROS, Lipid ROS :+: Ferroptosis|HSPA5 :+: HIF-1α, HIF-1α :-: Ferroptosis|HSPA5 :-: P53, P53 :-: (SLC7A11/GPX4), (SLC7A11/GPX4) :-: Ferroptosis",8
HSPA8,suppressor,1.0,Deduced|Validated,0,"Human|Human, mice|Mice",36254713|37715221|37948404,HGNC:5241,ENSG00000109971,P11142,"HSPA8 :+: CD44, CD44 :-: Ferroptosis|HSPA8 :+: HIF-1α, HIF-1α :-: Ferroptosis|HSPA8 :-: Ferroptosis",3
HSPB1,marker|suppressor,1.0,Deduced|Validated,0,"Human|Human, mice|Mice|Rat",25728673|27773819|34791597|35444645|36321738|36639654|37454220,HGNC:5246,ENSG00000106211,P04792,"HSPB1 :+: G6PD, G6PD :-: Ferroptosis|HSPB1 :+: SLC7A11, SLC7A11 :-: Ferroptosis, HSPB1 :+: HO-1, HO-1 :-: Ferroptosis|HSPB1 :-: ACSL4, ACSL4 :+: Ferroptosis|HSPB1 :-: Ferroptosis|HSPB1 :-: Ikβ-α, Ikβ-α :-: NF-κB, NF-κB :-: Ferroptosis",7
HTR2B,suppressor,1.0,Validated,0,"Human, mice",38037454,HGNC:5294,ENSG00000135914,P41595,"HTR2B :+: (PI3K/Akt/mTOR), (PI3K/Akt/mTOR) :+: HIF1α, HIF1α :-: Ferroptosis, (PI3K/Akt/mTOR) :+: ABCD1, ABCD1 :-: Ferroptosis",1
HULC,suppressor,1.0,Validated,0,Human,35615577,HGNC:34232,ENSG00000285219,,"HULC :-: miR-3200-5p, miR-3200-5p :-: ATF4, ATF4 :-: Ferroptosis",1
HUWE1,suppressor,1.0,Validated,0,Mice,35260822,HGNC:30892,ENSG00000086758,Q7Z6Z7,"HUWE1 :-: TfR1, TfR1 :+: Ferroptosis",1
ICA1,driver,1.0,Validated,0,"Human, mice",35397620,HGNC:5343,ENSG00000003147,Q05084,"ICA1 :+: STING, STING :+: Ferroptosis",1
IDH1,driver,1.0,Validated,0,Human|Mice,31591388|35600114|36290297,HGNC:5382,ENSG00000138413,O75874,"IDH1 :+: Ferroptosis|IDH1 :-: GPX4, GPX4 :-: Lipid ROS, Lipid ROS :+: Ferroptosis, IDH1 :-: GSH, GSH :-: Ferroptosis|IDH1 :-: NRF2, NRF2 :-: Ferroptosis",3
IDH2,suppressor,1.0,Validated,0,"Human, mice",32089268,HGNC:5383,ENSG00000182054,P48735,"IDH2 :-: Lipid ROS, Lipid ROS :+: Ferroptosis",1
IDO1,driver|suppressor,1.0,Validated,0,Human|Mice,33899121|35245456,HGNC:6059,ENSG00000131203,P14902,"IDO1 :+: Lipid ROS, Lipid ROS :+: Ferroptosis|IDO1 :+: NRF2, NRF2 :+: SLC7A11, SLC7A11 :-: Ferroptosis",2
IFI35,driver,1.0,Validated,0,Mice,37777065,HGNC:5399,ENSG00000068079,P80217,"IFI35 :-: Nrf2, Nrf2 :-: Ferroptosis",1
IFNA1,driver,1.0,Deduced|Validated,0,"Human|Human, mice",34385713|35868067,HGNC:5417,ENSG00000197919,P01562,"IFNA1 :+: ACSL4, ACSL4 :+: Ferroptosis|IFNA1 :-: GPX4, GPX4 :-: Ferroptosis",2
IFNG,driver,1.0,Validated,0,"Human|Human, mice|Mice|Mice, rat",31043744|34318944|34741776|35216678|35322867|35868067|36216021,HGNC:5438,ENSG00000111537,P01579,"IFNG :+: (JAK1-2/STAT1/SLC7A11), (JAK1-2/STAT1/SLC7A11) :+: Ferroptosis, IFNG :-: SLC40A1, SLC40A1 :-: Ferroptosis|IFNG :+: ACSL4, ACSL4 :+: Ferroptosis|IFNG :+: JAK/STAT, JAK/STAT :-: SLC7A11, SLC7A11 :-: Ferroptosis|IFNG :+: Lipid ROS, Lipid ROS :+: Ferroptosis, IFNG :-: System Xc-, System Xc- :-: Ferroptosis, IFNG :+: ACSL4, ACSL4 :+: Ferroptosis, IFNG :-: GPX4, GPX4 :-: Ferroptosis|IFNG :-: (MEK1/2-ERK1/2), (MEK1/2-ERK1/2) :+: GPX4, GPX4 :-: Ferroptosis|IFNG :-: SLC3A2, IFNG :-: SLC7A11, SLC3A2 :+: System Xc-, SLC7A11 :+: System Xc-, System Xc- :+: Cystine, Cystine :-: Lipid ROS, Lipid ROS :+: Ferroptosis",7
IGF1R,suppressor,1.0,Validated,0,"Human, mice",36889082,HGNC:5465,ENSG00000140443,P08069,"IGF1R :+: (PI3K/AKT/mTOR), (PI3K/AKT/mTOR) :+: SREBP1, SREBP1 :+: SCD, SCD :-: Ferroptosis",1
IGF2BP2,suppressor,1.0,Validated,0,Mice,38039694,HGNC:28867,ENSG00000073792,Q9Y6M1,"IGF2BP2 :+: GPX4, GPX4 :-: Ferroptosis",1
IGF2BP3,suppressor,1.0,Validated,0,"Human|Human, mice",36030651|36457846,HGNC:28868,ENSG00000136231,O00425,"IGF2BP3 :+: NRF2, NRF2 :-: Ferroptosis|IGF2BP3 :-: Ferroptosis",2
IGFBP6,suppressor,1.0,Validated,0,Human,36714261,HGNC:5475,ENSG00000167779,P24592,"IGFBP6 :+: GPX4, GPX4 :-: Ferroptosis",1
IGFBP7,driver,1.0,Validated,0,Zebrafish,37714372,HGNC:5476,ENSG00000163453,Q16270,IGFBP7 :+: Ferroptosis,1
IL-10,suppressor,1.0,Validated,0,Mice,38070317,HGNC:5962,ENSG00000136634,P22301,"IL-10 :+: STAT3, STAT3 :+: DLK1, DLK1 :-: ACC, ACC :+: Ferroptosis",1
IL17A,driver|suppressor|unclassified,1.0,Deduced|Validated,0,"Human, mice|Mice",36411467|37961757|38035662,HGNC:5981,ENSG00000112115,Q16552,"IL-17A :?: Ferroptosis|IL17A :+: NFE2L2, NFE2L2 :-: Ferroptosis|IL17A :-: (xCT/GSH/GPX4), (xCT/GSH/GPX4) :-: Ferroptosis",3
IL1B,driver,1.0,Validated,0,"Human, mice",33376672,HGNC:5992,ENSG00000125538,,"IL1B :+: ROS, ROS :+: Ferroptosis",1
IL23A,suppressor,1.0,Validated,0,Mice,36138043,HGNC:15488,ENSG00000110944,Q9NPF7,IL23A :-: Ferroptosis,1
IL33,suppressor|unclassified,1.0,Deduced|Validated,0,"Human, mice|Mice",27352622|37816731,HGNC:16028,ENSG00000137033,O95760,"IL-33 :+: ST2, ST2 :-: (p38/JNK/ATF3), (p38/JNK/ATF3) :-: SLC7A11, SLC7A11 :-: Ferroptosis|IL33 :?: Ferroptosis",2
IL37,suppressor,1.0,Validated,0,"Human, mice",37206550,HGNC:15563,ENSG00000125571,Q9NZH6,"IL37 :+: NRF2, NRF2 :-: Ferroptosis",1
IL6,driver|suppressor|unclassified,1.0,Deduced|Validated,0,"Human|Human, mice|Mice",25385600|33166496|34402724|34902522|35115492|37273451,HGNC:6018,ENSG00000136244,P05231,"IL-6 :-: SLC40A1, SLC40A1 :-: Ferroptosis|IL-6 :-: miR-10a-5p, miR-10a-5p :-: IL-6R, IL-6R :+: Ferroptosis|IL6 :+: (JAK2/STAT3), (JAK2/STAT3) :+: xCT, xCT :-: Ferroptosis|IL6 :+: Lipid ROS, Lipid ROS :+: Ferroptosis, IL6 :+: Fe2, Fe2 :+: Ferroptosis|IL6 :+: SLC7A11, SLC7A11 :-: Ferroptosis|IL6 :?: Ferroptosis",6
IL9,suppressor,1.0,Validated,0,Mice,35192544,HGNC:6029,ENSG00000145839,P15248,"IL-9 :+: STAT3, STAT3 :-: Ferroptosis",1
IREB2,driver|marker|unclassified,1.0,Deduced|Screened|Validated,0,Human|Mice|Rat,22632970|27514700|30539824|32947011|34039609|34307348|35505093,HGNC:6115,ENSG00000136381,P48200,"IREB2 :+: Ferroptosis|IREB2 :+: Lipid ROS, Lipid ROS :+: Ferroptosis|IREB2 :-: FPN, FPN :-: Ferroptosis, IREB2 :-: FTH1, FTH1 :-: Ferroptosis|IREB2 :?: Ferroptosis|IRP2 :+: Fe, Fe :+: ROS, ROS :+: Ferroptosis",7
IRF1,driver,1.0,Validated,0,"Human, mice",37517591,HGNC:6116,ENSG00000125347,P10914,"IRF1 :-: SPI1, SPI1 :+: GPX4, GPX4 :-: Ferroptosis",1
IRF7,driver,1.0,Validated,0,Mice|Rat,36336986|37946128,HGNC:6122,ENSG00000185507,Q92985,"IRF7 :+: Srg3, Srg3 :+: NF-kB, NK-kB :+: Ferroptosis|IRF7 :-: miR-375-3p, miR-375-3p :-: SLC11A2, SLC11A2 :+: Ferroptosis",2
IRF8,driver,1.0,Validated,0,Mice,36672246,HGNC:5358,ENSG00000140968,Q02556,"IRF8 :-: p53, p53 :-: Ferroptosis",1
IRF9,driver,1.0,Validated,0,Mice,37804406,HGNC:6131,ENSG00000213928,Q00978,"IRF9 :-: STAT3, STAT3 :-: Ferroptosis",1
ISCU,suppressor,1.0,Validated,0,Human,30557609,HGNC:29882,ENSG00000136003,Q9H1K1,"ISCU :+: GSH, GSH :-: Ferroptosis",1
ITGB2-AS1,suppressor,1.0,Validated,0,Human,37370246,HGNC:44304,ENSG00000227039,,"ITGB2-AS1 :+: NAMPT, NAMPT :-: Ferroptosis",1
ITGB3,suppressor,1.0,Validated,0,"Human, mice",36263165,HGNC:6156,ENSG00000259207,P05106,"ITGB3 :+: (MAPK/ERK/ATF4/Nrf2); (MAPK/ERK/ATF4/Nrf2) :+: SLC7A11, SLC7A11 :-: Ferroptosis",1
JUN,suppressor,1.0,Deduced|Validated,0,"Human, mice|Rat",31394193|35191156,HGNC:6204,ENSG00000177606,P05412,"JUN :+: GSH, GSH :-: Ferroptosis, JUN :+: PSAT1, PSAT1 :-: Ferroptosis, JUN :+: CBS, CBS :-: Ferroptosis|JUN :-: Ferroptosis",2
JUND,suppressor,1.0,Validated,0,"Human, mice",36400758,HGNC:6206,ENSG00000130522,P17535,"JUND :+: Linc00976, Linc00976 :-: miR-3202, miR-3202 :-: GPX4, GPX4 :-: Ferroptosis",1
KAT5,suppressor,1.0,Validated,0,Rat,35685642,HGNC:5275,ENSG00000172977,Q92993,"KAT5 :+: GPX4, GPX4 :-: Ferroptosis",1
KAT6B,suppressor,1.0,Validated,0,Human,35432536,HGNC:17582,ENSG00000156650,Q8WYB5,"KAT6B :+: STAT3, STAT3 :-: Ferroptosis",1
KCNMA1,suppressor,1.0,Validated,0,Mice,38056217,HGNC:6284,ENSG00000156113,Q12791,"KCNMA1 :+: GPX4, GPX4 :-: Ferroptosis",1
KCNQ1OT1,driver,1.0,Validated,0,Mice,36717099,HGNC:6295,ENSG00000269821,,"KCNQ1OT1 :+: SRSF1, SRSF1 :+: ACSL4, ACSL4 :+: Ferroptosis",1
KDM1A,driver|suppressor,1.0,Validated,0,"Human|Human, mice",35775122|36357457|37923740,HGNC:29079,ENSG00000004487,O60341,"KDM1A :+: (TLR4/NOX4), (TLR4/NOX4) :+: Ferroptosis|KDM1A :+: c-Myc, c-Myc :-: HOMX1, HOMX1  :+: Ferroptosis|KDM1A :-: ATF4, ATF4 :+: xCT, xCT :+: Ferroptosis",3
KDM3B,suppressor,1.0,Validated,0,Human,32107878,HGNC:1337,ENSG00000120733,Q7LBC6,"KDM3B :+: SLC7A11, SLC7A11 :-: Ferroptosis",1
KDM4A,suppressor,1.0,Validated,0,Human,33689883|35287356,HGNC:22978,ENSG00000066135,O75164,"KDM4A :+: HIF1A, HIF1A :-: Ferroptosis|KDM4A :-: lipid peroxidation, lipid peroxidation :+: Ferroptosis, KDM4A :+: GSH, GSH :-: Ferroptosis, KDM4A :+: SLC7A11, SLC7A11 :-: Ferroptosis",2
KDM4D,suppressor,1.0,Validated,0,Human,37989263,HGNC:25498,ENSG00000186280,Q6B0I6,"KDM4D :-: p53, p53 :+: Ferroptosis",1
KDM5A,driver,1.0,Validated,0,Human,33741422,HGNC:9886,ENSG00000073614,P29375,"KDM5A :-: MPC1, MPC1 :-: Ferroptosis",1
KDM5C,driver,1.0,Validated,0,"Human, mice",34522206,HGNC:11114,ENSG00000126012,P41229,KDM5C :+: Ferroptosis,1
KDM6B,driver,1.0,Validated,0,"Human|Human, mice",34542160|37967773,HGNC:29012,ENSG00000132510,O15054,"KDM6B :+: ACSL4, ACSL4 :+: Ferroptosis|KDM6B :-: NRF2, NRF2 :-: Ferroptosis",2
KEAP1,driver|marker|unclassified,1.0,Deduced|Screened|Validated,0,"Human|Human, mice|Human, rat|Mice",26403645|28012440|28805788|32939090|35459868|35505093|35919817|36396105|37633973,HGNC:23177,ENSG00000079999,Q14145,"KEAP1 :+: Ferroptosis|KEAP1 :-: NFE2L2, NFE2L2 :-: Ferroptosis|KEAP1 :-: NRF2, NRF2 :+: FSP1, FSP1 :-: Ferroptosis|KEAP1 :-: NRF2, NRF2 :-: Ferroptosis|KEAP1 :?: Ferroptosis",10
KIF20A,suppressor,1.0,Validated,0,Human,33819186,HGNC:9787,ENSG00000112984,O95235,"KIF20A :+: NUAK1, NUAK1 :+: NRF2, NRF2 :+: GPX4, GPX4 :-: Ferroptosis",1
KL,suppressor,1.0,Validated,0,"Human, mice",36990131|38196698,HGNC:6344,ENSG00000133116,Q9UEF7,"KL :+: Nrf2, Nrf2 :-: Ferroptosis|KL :-: Ferroptotsis",2
KLF11,driver,1.0,Validated,0,"Human, mice",37248295,HGNC:11811,ENSG00000172059,O14901,"KLF11 :-: GPX4, GPX4 :-: Ferroptosis",1
KLF15,suppressor,1.0,Validated,0,"Human, mice|Rat",36510036|37833977,HGNC:14536,ENSG00000163884,Q9UIH9,"KLF15 :+: (NRF2/GPX4), (NRF2/GPX4) :-: Ferroptosis|KLF15 :+: (Nrf2/SLC7A11/GPX4), (Nrf2/SLC7A11/GPX4) :-: Ferroptosis",2
KLF2,driver,1.0,Validated,0,"Human|Human, mice",34520818|37147883,HGNC:6347,ENSG00000127528,Q9Y5W3,"KLF2 :-: (PI3K/AKT ), (PI3K/AKT ) :-: Ferroptosis|KLF2 :-: GPX4, GPX4 :-: Ferroptosis",2
KLF6,driver,1.0,Validated,0,Mice,37530646,HGNC:2235,ENSG00000067082,Q99612,"KLF6 :+: ACSL4, ACSL4 :+: Ferroptosis",1
KLHDC3,suppressor,1.0,Validated,0,Human,34743205,HGNC:20704,ENSG00000124702,Q9BQ90,"KLHDC3 :-: p14ARF, p14ARF :-: NRF2, NRF2 :+: SLC7A11, SLC7A11 :-: Ferroptosis, KLHDC3 :-: p14ARF, p14ARF :-: MDM2, MDM2 :-: p53, p53 :-: SLC7A11, SLC7A11 :-: Ferroptosis",1
KMT2B,driver,1.0,Validated,0,Rat,36162497,HGNC:15840,ENSG00000272333,Q9UMN6,"KMT2B :+: (TNF-α/RFK/NOX2), (TNF-α/RFK/NOX2) :+: Ferroptosis",1
KMT2D,driver,1.0,Validated,0,Mice,34890228,HGNC:7133,ENSG00000167548,O14686,"KMT2D :+: ALOX12, ALOX12 :+: Ferroptosis",1
KMT5A,suppressor,1.0,Validated,0,Human,36934248,HGNC:29489,ENSG00000183955,Q9NQR1,"KMT5A :-: RRAD, RRAD :+: Ferroptosis",1
LACTB,driver,1.0,Validated,0,Human,37157950,HGNC:16468,ENSG00000103642,P83111,"LACTB :-: PISD, PISD :-: Ferroptosis",1
LAMP2,suppressor,1.0,Validated,0,Human,31672277,HGNC:6501,ENSG00000005893,P13473,"LAMP2 :+: Cysteine, Cysteine :+: GSH, GSH :-: Lipid ROS, Lipid ROS :+: Ferroptosis|LAMP2 :+: GSH, GSH :-: Ferroptosis, LAMP2 :-: Lipid ROS, Lipid ROS :+: Ferroptosis",2
LAMTOR5,suppressor,1.0,Validated,0,"Human, mice",36109580,HGNC:17955,ENSG00000134248,O43504,"LAMTOR5 :+: ZNF263,ZNF263 :+: SCD, SCD :-: Ferroptosis",1
LCN2,driver|suppressor,1.0,Screened|Validated,0,"Human|Human, mice|Mice",34069743|34146401|34921145|34969358|35577350|35714703|35990970|36973755|37390872|37477758|38000702|38091112,HGNC:6526,ENSG00000148346,P80188,"LCN2 :+: (MAPK/ERK) pathway, (MAPK/ERK) pathway :+: Ferroptosis|LCN2 :+: ETS1, ETS1 :+: SLC7A11, SLC7A11 :-: Ferroptosis|LCN2 :+: Ferroptosis|LCN2 :+: GPX4, GPX4 :-: Ferroptosis|LCN2 :+: PTGS2, PTGS2 :+: Ferroptosis|LCN2 :+: integrated stress response (ISR), integrated stress response (ISR) :+: SLC7A11, SLC7A11 :-: Ferroptosis|LCN2 :-: Ferroptosis",12
LDLR,suppressor,1.0,Validated,0,"Human, mice",37690092,HGNC:6547,ENSG00000130164,P01130,"LDLR :+: (PI3K/AKT), (PI3K/AKT) :-: Ferroptosis",1
LGMN,driver,1.0,Validated,0,Mice,33431801,HGNC:9472,ENSG00000100600,Q99538,"LGMN :+: Lipid ROS, Lipid ROS :+: Ferroptosis, LGMN :+: MDA, MDA :+: Ferroptosis, LGMN :+: Acsl4, Acsl4 :+: Ferroptosis, LGMN :+: Cox-2, Cox-2 :+: Ferroptosis, LGMN :-: GPX4, GPX4 :-: Ferroptosis",1
LIFR,driver,1.0,Validated,0,Human,34921145,HGNC:6597,ENSG00000113594,P42702,"LIFR :+: SHP1, SHP1 :-: NF-κB signaling, NF-κB signaling :+: LCN2, LCN2 :-: Ferroptosis",1
LIN28A,driver,1.0,Validated,0,Mice,35359144,HGNC:15986,ENSG00000131914,Q9H9Z2,LIN28A :+: Ferroptosis,1
LINC-ROR,driver,1.0,Validated,0,Human,38157079,HGNC:43773,ENSG00000258609,,"LINC-ROR :-: miR-769-5p, miR-769-5p :-: CBX7, CBX7 :+: Ferroptosis",1
LINC00239,suppressor,1.0,Validated,0,"Human, mice",36038548,HGNC:20119,ENSG00000258512,,"LINC00239 :-: Keap1, Keap1 :-: Nrf2, Nrf2 :-: Ferroptosis",1
LINC00336,suppressor,1.0,Validated,0,Human,30787392,HGNC:33813,ENSG00000197251,Q6ZUF6,(LINC00336/ELAVL1) :-: Ferroptosis,1
LINC00460,suppressor,1.0,Validated,0,Human,36938678,HGNC:42809,ENSG00000233532,,"LINC00460 :-: miR-320a, miR-320a :-: MAL2, MAL2 :-: Ferroptosis",1
LINC00472,driver,1.0,Validated,0,Human,29588351,HGNC:21380,ENSG00000233237,Q9H8W2,"LINC00472 :+: p53, p53 :+: Ferroptosis",1
LINC00578,suppressor,1.0,Validated,0,Human,36846713,HGNC:43807,ENSG00000228221,,"LINC00578 :+: SLC7A11, SLC7A11 :-: Ferroptosis",1
LINC00616,driver,1.0,Validated,0,Human,35611986,HGNC:44065,ENSG00000248307,,"LINC00616 :-: miR-370, miR-370 :-: TFRC ,TFRC :+: Ferroptosis",1
LINC00618,driver,1.0,Validated,0,"Human, mice",33002417,HGNC:20110,ENSG00000225163,,"LINC00618 :+: Lipid ROS, Lipid ROS :+: Ferroptosis,  LINC00618 :+: Iron, Iron :+: Ferroptosis, LINC00618 :-: SLC7A11, SLC7A11 :-: Ferroptosis",1
LINC00641,suppressor,1.0,Validated,0,"Human, mice",37311754,HGNC:27511,ENSG00000258441,,"LINC00641 :-: PTGS2, PTGS2 :+: Ferroptosis, LINC00641 :+: SLC7A11, SLC7A11 :-: Ferroptosis",1
LINC00941,suppressor,1.0,Validated,0,"Human, mice",36276162,HGNC:48635,ENSG00000235884,,"LINC00941 :+: CAPRIN2, CAPRIN2 :+: HMGCR, HMGCR :-: Ferroptosis",1
LINC00976,suppressor,1.0,Validated,0,"Human, mice",36400758,HGNC:50610,,,"Linc00976 :-: miR-3202, miR-3202 :-: GPX4, GPX4 :-: Ferroptosis",1
LINC01133,suppressor,1.0,Validated,0,Human,38007473,HGNC:49447,ENSG00000224259,,"LINC01133 :+: FSP1, FSP1 :-: Ferroptosis",1
LINC01134,suppressor,1.0,Validated,0,Human,35875091,HGNC:49449,ENSG00000236423,,"LINC01134 :+: GPX4, GPX4 :-: Ferroptosis",1
LINC01564,suppressor,1.0,Validated,0,Human,35420382,HGNC:51361,ENSG00000235899,,"LINC01564 :+: NFE2L2, NFE2L2 :-: Ferroptosis",1
LINC01606,suppressor,1.0,Validated,0,Human,35485210,HGNC:51656,ENSG00000253301,,LINC01606 :-: Ferroptosis,1
LINC01833,suppressor,1.0,Validated,0,Human,34728613,HGNC:52644,ENSG00000259439,,"LINC01833 :-: miR-129-5p, miR-129-5p :-: PROM2, PROM2 :-: Ferroptosis",1
LINC02587,suppressor,1.0,Validated,0,"Human, mice",37848823,HGNC:50672,ENSG00000229108,,"LINC02587 :+: (CoQ-FSP1), (CoQ-FSP1) :-: Ferroptosis",1
LIP,driver,1.0,Validated,0,Zebrafish,35978430,,,,"LIP :+: ACSL4 , ACSL4  :+: Ferroptosis, LIP :+: TFRC, TFRC :+: Ferroptosis",1
LNC-MRGPRF-6:1,driver,1.0,Validated,0,Human,37621767,,,,"lnc-MRGPRF-6:1 :-: GPX4, GPX4 :-: Ferroptosis",1
LNCAABR07025387.1,driver,1.0,Validated,0,Rat,35186915,,,,"lncAABR07025387.1 :-: miR-205, miR-205 :-: ACSL4, ACSL4 :+: Ferroptosis",1
LNCRNA AABR07017145.1,driver,1.0,Validated,0,Rat,34938604,,,,"lncRNA AABR07017145.1 :-: MiR-30b-5p, MiR-30b-5p :-: TIMP1, TIMP1 :+: Ferroptosis",1
LONP1,driver,1.0,Validated,0,Human,31822343,HGNC:9479,ENSG00000196365,P36776,"LONP1 :-: GPX4, GPX4 :-: Ferroptosis, LONP1 :+: ACSL4, ACSL4 :+: Ferroptosis, LONP1 :-: GSH, GSH :-: Ferroptosis, LONP1 :+: MDA, MDA :+: Ferroptosis, LONP1 :-: Nrf2, Nrf2 :+: GPX4, GPX4 :-: Lipid ROS, Lipid ROS :+: Ferroptosis|LONP1 :-: Nrf2/Keap1 pathway, Nrf2/Keap1 pathway :-: Ferroptosis, LONP1 :-: GPX4, GPX4 :-: Ferroptosis",2
LOX,driver|marker,1.0,Deduced|Validated,0,Mice,35505093|36176900,HGNC:6664,ENSG00000113083,P28300,"LOX :+: ERK, ERK :+: Alox5, Alox5 :+: Ferroptosis",2
LPCAT3,driver|marker,1.0,Deduced|Predicted|Screened|Validated,0,Human|Mice,25965523|27842066|32939090|35444645|35505093|35658397,HGNC:30244,ENSG00000111684,Q6P1A2,LPCAT3 :+: Ferroptosis,6
LPIN1,driver,1.0,Validated,0,Mice,31061954,HGNC:13345,ENSG00000134324,Q14693,LPIN1 :+: Ferroptosis,1
LRP8,suppressor,1.0,Validated,0,Human,35637349,HGNC:6700,ENSG00000157193,Q14114,"LRP8 :+: GPX4, GPX4 :-: Ferroptosis",1
LRRK2,suppressor,1.0,Validated,0,Human,36336242,HGNC:18618,ENSG00000188906,Q5S007,LRRK2 :-: Ferroptosis,1
LTBP2,suppressor,1.0,Validated,0,Human,35968244,HGNC:6715,ENSG00000119681,Q14767,"LTBP2 :+: GPX4, GPX4 :-: Ferroptosis",1
LTF,suppressor,1.0,Validated,0,Mice,35131600,HGNC:6720,ENSG00000012223,P02788,LTF :-: Ferroptosis,1
LUCAT1,suppressor,1.0,Validated,0,"Human, mice",37944649,HGNC:48498,ENSG00000248323,,"LUCAT1 :+: IGF2BP1, IGF2BP1 :+: STAT3, STAT3 :-: Ferroptosis",1
MALAT1,suppressor,1.0,Validated,0,Human,35399101,HGNC:29665,ENSG00000251562,,"MALAT1 :-: miR-145-5p, miR-145-5p :-: MUC1, MUC1 :-: Ferroptosis",1
MALT1,driver|suppressor,1.0,Validated,0,"Human, mice|Rat",37146710|38097554,HGNC:6819,ENSG00000172175,Q9UDY8,"MALT1 :-: (Nrf2/SLC7A11), (Nrf2/SLC7A11) :-: Ferroptosis|MALT1 :-: Ferroptosis",2
MAP3K11,driver,1.0,Validated,0,Mice,32710001|35247112,HGNC:6850,ENSG00000173327,Q16584,"MAP3K11 :+: Ferroptosis|MAP3K11 :+: p53, p53 :-: GPX4, GPX4 :-:  Ferroptosis",2
MAP3K14,driver,1.0,Validated,0,Mice,34558831,HGNC:6853,ENSG00000006062,Q99558,"MAP3K14 :+: Lipid ROS, Lipid ROS :+: Ferroptosis",1
MAP3K7,suppressor,1.0,Validated,0,"Human, mice",36968217,HGNC:6859,ENSG00000135341,O43318,MAP3K7 :-: Ferroptosis,1
MAPK1,driver,1.0,Validated,0,Human|Mice|Rat,28297659|29330409|35514314|35525219,HGNC:6871,ENSG00000100030,P28482,"MAPK :-: GPX4, GPX4 :-: Lipid ROS, MAPK :+: NOX4, NOX4 :+: H2O2, H2O2 :+: Lipid ROS, Lipid ROS :+: Ferroptosis|MAPK1 :+: Ferroptosis|MAPK1 :+: Lipid ROS, Lipid ROS :+: Ferroptosis|MAPK1 :-: FTH1, FTH1 :-: Ferroptosis",4
MAPK14,driver|unclassified,1.0,Deduced|Validated,0,Human|Mice|Rat,28887319|29436589|35447293,HGNC:6876,ENSG00000112062,Q16539,"MAPK14 :+: (p53/SAT1/AlOX15), (p53/SAT1/AlOX15) :+: Ferroptosis|MAPK14 :+: Ferroptosis|MAPK14 :?: Ferroptosis",3
MAPK3,driver,1.0,Validated,0,Human|Mice|Rat,28297659|29330409|35514314|35525219,HGNC:6877,ENSG00000102882,P27361,"MAPK :-: GPX4, GPX4 :-: Lipid ROS, MAPK :+: NOX4, NOX4 :+: H2O2, H2O2 :+: Lipid ROS, Lipid ROS :+: Ferroptosis|MAPK3 :+: Ferroptosis|MAPK3 :+: Lipid ROS, Lipid ROS :+: Ferroptosis|MAPK3 :-: FTH1, FTH1 :-: Ferroptosis",4
MAPK8,driver|suppressor,1.0,Validated,0,"Human|Human, mice|Rat",29330409|32782585|35514314|36091771|37681928,HGNC:6881,ENSG00000107643,P45983,"MAPK8 :+: FSP1, FSP1 :-: Ferroptosis|MAPK8 :+: Ferroptosis|MAPK8 :+: Lipid ROS, Lipid ROS :+: Ferroptosis",5
MAPK9,driver,1.0,Validated,0,Rat,29330409,HGNC:6886,ENSG00000050748,P45984,"MAPK9 :+: Lipid ROS, Lipid ROS :+: Ferroptosis",1
MARCHF5,suppressor,1.0,Validated,0,Rat,34390730,HGNC:26025,ENSG00000198060,Q9NX47,"MARCHF5 :+: GPX4, GPX4 :-: Ferroptosis",1
MARCHF6,suppressor,1.0,Validated,0,"Human, mice",35941365|37421621,HGNC:30550,ENSG00000145495,O60337,"MARCHF6 :-: Ferroptosis|Marchf6 :-: POMC, POMC :-: GPX4, GPX4 :-: Ferroptosis",2
MAT1A,driver,1.0,Validated,0,"Human, mice",37230466,HGNC:6903,ENSG00000151224,Q00266,"MAT1A :+: IFN-γ, IFN-γ :+: Ferroptosis",1
MAT2A,suppressor,1.0,Validated,0,"Human, mice",37457846,HGNC:6904,ENSG00000168906,P31153,"MAT2A :+:STAT3, STAT3 :+: SLC7A11, SLC7A11 :-: Ferroptosis",1
MAZ,suppressor,1.0,Validated,0,"Human, mice",36164395,HGNC:6914,ENSG00000103495,P56270,"MAZ :+: FTH1, FTH1 :-: Ferroptosis",1
MBOAT1,suppressor,1.0,Validated,0,Human,37267948,HGNC:21579,ENSG00000172197,Q6ZNC8,MBOAT1 :-: Ferroptosis,1
MBOAT2,suppressor,1.0,Validated,0,Human,37267948,HGNC:25193,ENSG00000143797,Q6ZWT7,MBOAT2 :-: Ferroptosis,1
MBOAT7,driver,1.0,Validated,0,Human,37691145,HGNC:15505,ENSG00000125505,Q96N66,MBOAT7 :+: Ferroptosis,1
MCF2L,suppressor,1.0,Validated,0,"Human, mice",36330204,HGNC:14576,ENSG00000126217,O15068,"MCF2L :+: GXP4, GXP4 :-: Ferroptosis",1
MCOLN1,driver,1.0,Validated,0,"Human, mice",38097005,HGNC:13356,ENSG00000090674,Q9GZU1,"MCOLN1 :-:  GPX4, GPX4 :-: Ferroptosis",1
MCU,driver,1.0,Deduced|Validated,0,"Human|Human, mice",35413105|36156348,HGNC:23526,ENSG00000156026,Q8NE86,MCU :+: Ferroptosis,2
MDM2,driver|suppressor,1.0,Validated,0,Human,32079652|35505093,HGNC:6973,ENSG00000135679,Q00987,"MDM2 :+: Lipid ROS, Lipid ROS :+: Ferroptosis, MDM2 :-: PPARα, PPARα :-: Ferroptosis|MDM2 :-: Ferroptosis",2
MDM4,driver,1.0,Validated,0,Human,32079652,HGNC:6974,ENSG00000198625,O15151,"MDM4 :+: Lipid ROS, Lipid ROS :+: Ferroptosis, MDM4 :-: PPARα, PPARα :-: Ferroptosis",1
ME1,suppressor,1.0,Validated,0,"Human, mice|Mice",35421237|36840630,HGNC:6983,ENSG00000065833,P48163,ME1 :-: Ferroptosis,2
MEF2C,suppressor,1.0,Validated,0,Human,33984142,HGNC:6996,ENSG00000081189,Q06413,"MEF2C :+: NF2, NF2 :-: Ferroptosis, MEF2C :+: E-Cadherin, E-Cadherin :-: Ferroptosis",1
MEG3,driver,1.0,Validated,0,Mice,34587716,HGNC:14575,ENSG00000214548,,"MEG3 :+: p53, p53 :-: GPX4, GPX4 :-: Ferroptosis",1
MEG8,suppressor,1.0,Validated,0,Human,33839417,HGNC:14574,ENSG00000225746,,"MEG8 :-: MDA, MDA :+: Ferroptosis, MEG8 :-: Lipid ROS, Lipid ROS :+: Ferroptosis, MEG8 :+: GPX4, GPX4 :-: Ferroptosis, MEG8 :+: SLC7A11, SLC7A11 :-: Ferroptosis",1
MELK,suppressor,1.0,Validated,0,"Human, mice",37008632,HGNC:16870,ENSG00000165304,Q14680,"MELK :+: (AKT/mTOR), (AKT/mTOR) :-: Ferroptosis",1
MEN1,driver,1.0,Validated,0,Human,36604142,HGNC:7010,ENSG00000133895,O00255,"MEN1 :-: (mTOR/SCD1), (mTOR/SCD1) :-: Ferroptosis",1
METRNL,suppressor,1.0,Validated,0,Mice,37880599,HGNC:27584,ENSG00000176845,Q641Q3,"METRNL :+: SIRT1, SIRT1 :-: P53, P53 :-: SLC7A11, SLC7A11 :-: Ferroptosis",1
METTL1,driver,1.0,Validated,0,"Human, mice",38040806,HGNC:7030,ENSG00000037897,Q9UBP6,"METTL1 :+: miR-26a-5p, miR-26a-5p :-: FTH1, FTH1 :-: Ferroptosis",1
METTL14,driver|suppressor,1.0,Validated,0,"Human|Human, rat",34648132|37881068,HGNC:29330,ENSG00000145388,Q9HCE5,"METTL14 :+: KCNQ1OT1, KCNQ1OT1 :-: miR-7-5p, miR-7-5p :-: Ferroptosis |METTL14 :-: TRAF6, TRAF6 :+: Ferroptosis",2
METTL16,suppressor,1.0,Validated,0,Human,36434904,HGNC:28484,ENSG00000127804,Q86W50,"METTL16 :+: GPX4, GPX4 :-: Ferroptosis",1
METTL3,driver|suppressor,1.0,Deduced|Validated,0,"Human|Human, mice|Mice|Mice, rat|Rat",34996469|35522946|35637949|35758287|35844806|36484954|36645573|37105375|37542992|37715457,HGNC:17563,ENSG00000165819,Q86U44,"METTL3 :+: FSP1, FSP1 :-: Ferroptosis|METTL3 :+: Ferroptosis|METTL3 :+: HIF‐1α, HIF‐1α :+: Ferroptosis|METTL3 :+: LMNB1, LMNB1 :-: p53, p53 :-: Ferroptosis|METTL3 :+: TFRC, TFRC :+: Ferroptosis|METTL3 :+: YTHDF1,YTHD :+: SLC7A11, SLC7A11 :-: Ferroptosis|METTL3 :+: YTHDF2, YTHDF2 :-: SLC7A11, SLC7A11 :-: Ferroptosis|METTL3 :-: Ferroptosis |METTL3 :-: GPX4, GPX4 :-: Ferroptosis|METTL3 :-: SLC7A11, SLC7A11 :-: Ferroptosis, METTL3 :-: FSP1, FSP1 :-: Ferroptosis",10
METTL9,suppressor,1.0,Validated,0,"Human, mice",38017014,HGNC:24586,ENSG00000197006,Q9H1A3,"METTL9 :+: SLC7A11, SLC7A11 :-: Ferroptosis",1
MEX3A,suppressor,1.0,Validated,0,"Human, mice",36354374,HGNC:33482,ENSG00000254726,A1L020,"MEX3A :-: p53, p53 :+: Ferroptosis",1
MFGE8,suppressor,1.0,Validated,0,"Human, mice",36596780,HGNC:7036,ENSG00000140545,Q08431,MFGE8 :-: Ferroptosis,1
MFN1,suppressor,1.0,Validated,0,Mice,35725978,HGNC:18262,ENSG00000171109,Q8IWA4,MFN1 :-: Ferroptosis,1
MFN2,driver,1.0,Validated,0,Rat,32593899,HGNC:16877,ENSG00000116688,O95140,"MFN2 :+: 5-HETE, 5-HETE :+: Ferroptosis",1
MGST1,suppressor,1.0,Validated,0,Human,33539732|37161854|37426275,HGNC:7061,ENSG00000008394,P10620,"MGST1 :+: (Akt/GSK-3β), (Akt/GSK-3β) :-: Ferroptosis, MGST1 :-: ATG16L1, ATG16L1 :+: Ferroptosis|MGST1 :-: ALOX5, ALOX5 :+: Lipid ROS, Lipid ROS :+: Ferroptosis|MGST1 :-: Ferroptosis",3
MIB1,driver,1.0,Validated,0,Human,34670864,HGNC:21086,ENSG00000101752,Q86YT6,"MIB1 :-: NRF2, NRF2 :-: Ferroptosis",1
MIB2,driver,1.0,Validated,0,Mice,34121396,HGNC:30577,ENSG00000197530,Q96AX9,"MIB2 :-: GPX4, GPX4 :-: Ferroptosis",1
MICU1,driver,1.0,Validated,0,Human,33822458,HGNC:1530,ENSG00000107745,Q9BPX6,"MICU1 :+: Lipid ROS, Lipid ROS :+: Ferroptosis",1
MIOX,driver,1.0,Validated,0,"Human, mice",31437128,HGNC:14522,ENSG00000100253,Q9UGB7,"MIOX :-: GPX4, GPX4 :-: Ferroptosis, MIOX :-: GSH, GSH :-: Ferroptosis",1
MIR-129-5P,suppressor,1.0,Validated,0,"Human, mice",37303049,,,,"miR-129-5p :-: ACSL4, ACSL4 :+: Ferroptosis",1
MIR-182-5P,driver,1.0,Validated,0,"Human, rat",33116120,,,,"miR-182-5p :-: GPX4, GPX4 :-: Ferroptosis",1
MIR-194-5P,driver,1.0,Validated,0,Rat,36647717,,,,"miR-194-5p :+: PTGS2, PTGS2 :+: Ferroptosis",1
MIR-19B-3P,driver|suppressor,1.0,Validated,0,"Human, mice",36989117|37691947,,,,"MiR-19b-3p :-: RBMS1, RBMS1 :+: Ferroptosis|miR-19b-3p :-: SLC7A11, SLC7A11 :-: Ferroptosis",2
MIR-26A-5P,suppressor,1.0,Validated,0,"Human, mice",37059741,,,,"MiR-26a-5p :-: (PTGS2/PGE2), (PTGS2/PGE2) :+: Ferroptosis",1
MIR-378A-3P,driver,1.0,Validated,0,"Human, rat",33116120,,,,"miR-378a-3p :-: SLC7A11, SLC7A11 :-: Ferroptosis",1
MIR-7-5P,suppressor,1.0,Validated,0,Human,34361070,,,,"miR-7-5p :-: ALOX12, ALOX12 :+: Lpid ROS, Lipid ROS :+: Ferroptosis",1
MIR-706,suppressor,1.0,Validated,0,Mice,35485136,,,,"miR-706 :-: Ptgs2, Ptgs2 :+: Ferroptosis",1
MIR1-1,suppressor,1.0,Validated,0,"Human, mice",37425490,HGNC:31499,ENSG00000199017,,"MIR1-1 :-: CX43, CX43 :+: Ferroptosis",1
MIR1-2,suppressor,1.0,Validated,0,"Human, mice",37425490,HGNC:31500,ENSG00000284453,,"MIR1-2 :-: CX43, CX43 :+: Ferroptosis",1
MIR124-1,driver,1.0,Validated,0,"Human, mice",38027010,HGNC:31502,ENSG00000284321,,"MIR124-1 :-: NRF2, NRF2 :-: Ferroptosis",1
MIR124-2,driver,1.0,Validated,0,"Human, mice",38027010,HGNC:31503,ENSG00000207816,,"MIR124-2 :-: NRF2, NRF2 :-: Ferroptosis",1
MIR124-3,driver|suppressor,1.0,Validated,0,"Human, mice|Mice",35459211|38027010,HGNC:31504,ENSG00000207598,,"MIR124-3 :-: NRF2, NRF2 :-: Ferroptosis|MIR124-3 :-: STEAP3, STEAP3 :+: Ferroptosis",2
MIR125B1,suppressor,1.0,Validated,0,Mice,36913799,HGNC:31506,ENSG00000207971,,"MIR125B1 :-: Keap1, Keap1 :-: Nrf2, Nrf2 :+: GPX4, GPX4 :-: Ferroptosis",1
MIR125B2,suppressor,1.0,Validated,0,Mice,36913799,HGNC:31507,ENSG00000207863,,"MIR125B2 :-: Keap1, Keap1 :-: Nrf2, Nrf2 :+: GPX4, GPX4 :-: Ferroptosis",1
MIR129-2,driver,1.0,Deduced|Validated,0,Chicken|Mice,36436380|37926174,HGNC:31513,ENSG00000199077,,"MIR129-2 :-: SLC7A11, SLC7A11 :+: GPX4, GPX4 :-: Ferroptosis|MIR129-2 :-: SMAD3, SMAD3 :+: GPX4, GPX4 :-: Ferroptosis",2
MIR130B,suppressor,1.0,Validated,0,"Human|Human, mice",34117611|37705752,HGNC:31515,ENSG00000283871,,"MIR130B :-: ACSL4, ACSL4 :+: Ferroptosis|miR-130b-3p :-: DKK1, DKK1 :-: Nrf2/HO-1 pathway, Nrf2/HO-1 pathway :-: Ferroptosis, miR-130b-3p :-: Lipid ROS, Lpid ROS :+: Ferroptosis, miR-130b-3p :-: iron accumulation, iron accumulation :+: Ferroptosis",2
MIR135B,driver,1.0,Validated,0,Rat,34485394,HGNC:31760,ENSG00000199059,,"MIR135B :-: GPX4, GPX4 :-: Ferroptosis",1
MIR137,suppressor,1.0,Validated,0,"Human, mice",29348676,HGNC:31523,ENSG00000284202,,"MIR137 :-: SLC1A5, SLC1A5 :+: Glutaminolysis, Glutaminolysis :+: Lipid ROS, Lipid ROS :+: Ferroptosis",1
MIR140,driver,1.0,Validated,0,"Human, mice",35271999,HGNC:31527,ENSG00000208017,,"MIR140 :-: SLC7A11, SLC7A11 :-: Ferroptosis",1
MIR142,driver,1.0,Validated,0,"Human|Human, mice",35557596|35706810,HGNC:31529,ENSG00000284353,,"MIR142 :-: SLC3A2, SLC3A2 :-: Ferroptosis",2
MIR144,driver,1.0,Validated,0,"Human, mice|Mice|Mice, rat",35761309|37461104|37819479,HGNC:31531,ENSG00000283819,,"MIR144 :-: (USP22/SIRT1), (USP22/SIRT1) :-: Ferroptosis|MIR144 :-: SLC7A11, SLC7A11 :-: Ferroptosis|MIR144 :-: ZEB1, ZEB1 :-: Ferroptosis",3
MIR147A,driver,1.0,Validated,0,Human,35942174,HGNC:31534,ENSG00000207814,,"MIR147A :-: SLC40A1, SLC40A1 :-: Ferroptosis",1
MIR148A,driver,1.0,Validated,0,Human,37686618,HGNC:31535,ENSG00000199085,,"MIR148A :-: SLC7A11, SLC7A11 :-: Ferroptosis",1
MIR149,driver,1.0,Validated,0,"Human, mice",37781038,HGNC:31536,ENSG00000207611,,"MIR149 :-: MKL-1, MKL-1 :+: (system Xc-), (system Xc-) :-: Ferroptosis",1
MIR15A,driver,1.0,Validated,0,Human|Mice,34339707|34727409|35069876,HGNC:31543,ENSG00000283785,,"MIR15A :-: GPX4, GPX4 :-: Ferroptosis|miR-15a :-: GPX4, GPX4 :-: Ferroptosis",3
MIR17,suppressor,1.0,Validated,0,Human,31160087,HGNC:31547,ENSG00000284536,,"MIR17 :-: A20, A20 :+: ACSL4, ACSL4 :+: Lipid ROS, A20 :-: GPX4, GPX4 :-: Lipid ROS, Lipid ROS :+: Ferroptosis",1
MIR17HG,suppressor,1.0,Validated,0,"Human, mice",37269748,HGNC:23564,ENSG00000215417,Q75NE6,MIR17HG :-: Ferroptosis,1
MIR181B1,driver,1.0,Validated,0,"Human, rat",37932746,HGNC:31550,ENSG00000207975,,"MIR181B1 :-: SLC7A11, SLC7A11 :-: Ferroptosis",1
MIR181B2,driver,1.0,Validated,0,"Human, rat",37932746,HGNC:31551,ENSG00000207737,,"MIR181B2 :-: SLC7A11, SLC7A11 :-: Ferroptosis",1
MIR190A,suppressor,1.0,Validated,0,Human,34111670,HGNC:31560,ENSG00000211137,,"miR-190a-5p :-: GLS2, GLS2 :+: Lpid ROS, Lipid ROS :+: Ferroptosis, miR-190a-5p :-: GLS2, GLS2 :+: MDA, MDA :+: Ferroptosis, miR-190a-5p :-: GLS2, GLS2 :+: Fe2 accumulation, Fe2 accumulation :+: Ferroptosis",1
MIR193A,suppressor,1.0,Validated,0,"Human, mice",35035663,HGNC:31563,ENSG00000207614,,"MIR193A :-: TGF- β2, TGF- β2 :+: Ferroptosis",1
MIR19A,suppressor,1.0,Validated,0,Human,35599631,HGNC:31574,ENSG00000284204,,"miR-19a :-: IREB2, IREB2 :+: Ferroptosis",1
MIR20A,suppressor,1.0,Validated,0,"Human, mice",36695612,HGNC:31577,ENSG00000283762,,"miR20A :-: ACSL4, ACSL4 :+: Ferroptosis",1
MIR21,driver|suppressor,1.0,Validated,0,"Human, mice",35738798|37008632,HGNC:31586,ENSG00000284190,,"MIR21 :+: MELK, MELK :+: (AKT/mTOR), (AKT/mTOR) :-: Ferroptosis|MIR21 :+: TXNRD1, TXNRD1 :+: Ferroptosis",2
MIR210,suppressor,1.0,Validated,0,Rat,36272206,HGNC:31587,ENSG00000199038,,MIR210 :-: Ferroptosis,1
MIR2115,suppressor,1.0,Validated,0,Rat,36279730,HGNC:37309,ENSG00000252466,,"MIR2115 :-: GOT1, GOT1 :+: Ferroptosis",1
MIR212,suppressor,1.0,Validated,0,Mice,31533781,HGNC:31589,ENSG00000267195,,(miR-212-5p/Ptgs2) :-: Ferroptosis,1
MIR214,driver|suppressor,1.0,Validated,0,"Human|Human, mice|Mice|Rat",31960438|32827544|35366755|37087800,HGNC:31591,ENSG00000283844,,"MIR214 :-: GPX4, GPX4 :-:  Ferroptosis|MIR214 :-: ME2, ME2 :-: Ferroptosis|MIR214 :-: PVT1, PVT1 :+: Ferroptosis|miR-214 :+: Lipid ROS, Lipid ROS :+: Ferroptosis, miR-214 :+: malondialdehyde, malondialdehyde :+: Ferroptosis, miR-214 :+: Fe2+, Fe2+ :+: Ferroptosis, miR-214 :-: glutathione, glutathione :-: Ferroptosis, miR-214 :-: ATF4, ATF4 :-: Ferroptosis",4
MIR217,suppressor,1.0,Validated,0,Human,36461670,HGNC:31594,ENSG00000207548,,MIR217 :-: Ferroptosis,1
MIR221,suppressor,1.0,Validated,0,"Human, mice",36947996,HGNC:31601,ENSG00000207870,,"MIR221 :-: ATF3, ATF3 :-: GPX4, GPX4 :-: Ferroptosis, ATF3 :-: HRD1, HRD1 :-: ACSL4, ACSL4 :+: Ferroptosis",1
MIR222,suppressor,1.0,Validated,0,"Human, mice",34978008,HGNC:31602,ENSG00000207725,,"MIR222 :-: TFRC, TFRC :+: Ferroptosis",1
MIR23A,driver|suppressor,1.0,Validated,0,Beagles|Human,34980204|35677105,HGNC:31605,ENSG00000207980,,"MIR23A :-: ACSL4, ACSL4 :+: Ferroptosis|MIR23A :-: SLC7A11, SLC7A11 :-: Ferroptosis",2
MIR26A1,driver,1.0,Validated,0,Human,37776596,HGNC:31610,ENSG00000199075,,"MIR26A1 :-: SLC7A11, SLC7A11 :-: Ferroptosis",1
MIR26A2,driver,1.0,Validated,0,Human,37776596,HGNC:31611,ENSG00000207789,,"MIR26A2 :-: SLC7A11, SLC7A11 :-: Ferroptosis",1
MIR27A,driver|suppressor,1.0,Validated,0,Human|Rat,34722314|36180007|36456793,HGNC:31613,ENSG00000207808,,"MIR27A :-: SLC7A11, SLC7A11 :+: Ferroptosis|MIR27A :-: SLC7A11, SLC7A11 :-: Ferroptosis|MiR-27a :-: Nrf2, Nrf2 :-: Ferroptosis",3
MIR29A,suppressor,1.0,Validated,0,Human|Mice|Rat,35720183|36806086|36919939,HGNC:31605|HGNC:31616,ENSG00000207980|ENSG00000284032,,"MIR29A :-: ACSL4, ACSL4 :+: Ferroptosis|MIR29A :-: IREB2, IREB2 :+: Ferroptosis|miR-29a-5p :+: (NRF2/FTH1), (NRF2/FTH1) :-: Ferroptosis",3
MIR302A,driver,1.0,Validated,0,Human,34181495,HGNC:31623,ENSG00000207927,,"MIR302A :-: ferroportin, ferroportin :-: Ferroptosis",1
MIR30E,suppressor,1.0,Validated,0,Human,35068337,HGNC:31629,ENSG00000198974,,MIR30E :-: Ferroptosis,1
MIR324,driver,1.0,Validated,0,Human|Mice,33662669|38063103,HGNC:31767,ENSG00000199053,,"MIR324 :+: Ferroptosis|MIR324 :-: GPX4, GPX4 :-: Ferroptosis",2
MIR335,driver,1.0,Validated,0,Rat,33649797,HGNC:31773,ENSG00000199043,,"miR-335 :-: FTH1, FTH1 :-: iron release, iron release :+: Ferroptosis, miR-335 :-: FTH1, FTH1 :-: Lipid ROS, Lipid ROS :+: Ferroptosis, miR-335 :-: FTH1, FTH1 :+:  mitochondrial membrane potential, mitochondrial membrane potential :-: Ferroptosis",1
MIR34C,driver,1.0,Validated,0,Human,35093695,HGNC:31637,ENSG00000207562,,"MIR34C :-: SLC7A11, SLC7A11 :-: Ferroptosis",1
MIR375,driver,1.0,Validated,0,Human|Rat,34090492|35498204,HGNC:31868,ENSG00000198973,,"MIR375 :-: GPX4, GPX4 :-: Ferroptosis|MIR375 :-: SLC7A11, SLC7A11 :+: GSH, GSH :-: Ferroptosis, MIR375 :-: SLC7A11, SLC7A11 :+: cysteine, cysteine :-: Ferroptosis",2
MIR424,suppressor,1.0,Validated,0,Human,33038905,HGNC:31881,ENSG00000284231,,"miR-424-5p :-: ACSL4, ACSL4 :+: Ferroptosis",1
MIR429,driver,1.0,Validated,0,Human,37128782,HGNC:13784,ENSG00000198976,,"MIR429 :-: BGN, BGN :-: Ferroptosis",1
MIR432,suppressor,1.0,Validated,0,Rat,37822721,HGNC:32083,ENSG00000272458,,"MIR432 :-: Keap1, Keap1 :-: (Nrf2/SLC7A11), (Nrf2/SLC7A11) :-: Ferroptosis",1
MIR4443,suppressor,1.0,Validated,0,Human,33781830,HGNC:41830,ENSG00000265483,,"MIR4443 :-: METTL3, METTL3 :-: FSP1, FSP1 :-: Ferroptosis",1
MIR450B,suppressor,1.0,Validated,0,Mice,37597361,HGNC:33642,ENSG00000216001,,"MIR450B :-: ACSL4, ACSL4 :+: Ferroptosis",1
MIR4735,driver,1.0,Validated,0,Human,35646516,HGNC:41888,ENSG00000265986,,"MIR4735 :-: SLC40A1, SLC40A1 :-: Ferroptosis",1
MIR491,suppressor,1.0,Validated,0,"Human, mice",37327702,HGNC:32076,ENSG00000207609,,"MIR491 :-: TP53, TP53 :-: p21, p21 :-: Ferroptosis",1
MIR494,driver,1.0,Validated,0,Mice,35936219,HGNC:32084,ENSG00000194717,,"MIR494 :-: REST, REST :-: SP1, SP1 :+: ACSL4, ACSL4 :+: Ferroptosis",1
MIR509-1,driver,1.0,Validated,0,Human,37229918,HGNC:32146,ENSG00000208000,,"MIR509-1 :-: SLC7A11, SLC7A11 :-: Ferroptosis",1
MIR5096,driver,1.0,Validated,0,Human,34571083,HGNC:41611,,,"MIR5096 :-: SLC7A11, SLC7A11 :-: Ferroptosis",1
MIR522,suppressor,1.0,Validated,0,Human,32106859,HGNC:32127,ENSG00000283685,,"MIR522 :-: Lipid ROS, Lipid ROS :+: Ferroptosis",1
MIR539,driver,1.0,Validated,0,Human,34601499,HGNC:32529,ENSG00000202560,,"MIR539 :-: TIPE, TIPE :-: (SAPK/JNK), (SAPK/JNK) :-: GPX4, GPX4 :-: Ferroptosis",1
MIR545,suppressor,1.0,Validated,0,Human,34954694,HGNC:32531,ENSG00000207820,,"MIR545 :-: TF, TF :+: Ferroptosis",1
MIR552,suppressor,1.0,Validated,0,"Human, mice",37126948,HGNC:32808,ENSG00000207941,,"miR-552-5p :-: ACSL4, ACSL4 :+: Ferroptosis",1
MIR605,driver,1.0,Validated,0,Human,38028176,HGNC:32861,ENSG00000207813,,"MIR605 :-: SLC3A2, SLC3A2 :-: Ferroptosis",1
MIR6077,suppressor,1.0,Validated,0,Human,35505963,HGNC:50025,ENSG00000278596,,"MIR6077 :-: KEAP1, KEAP1 :+: Ferroptosis",1
MIR612,driver,1.0,Validated,0,"Human, mice",38084209,HGNC:32868,ENSG00000283791,,"MIR612 :+: HADHA, HADHA :+: Ferroptosis",1
MIR6315,driver,1.0,Validated,0,Rat,36946310,,,,miR6315 :+: Ferroptosis,1
MIR670,suppressor,1.0,Validated,0,Human,34323631,HGNC:37304,ENSG00000211568,,"MIR670 :-: ACSL4, ACSL4 :+: Ferroptosis",1
MIR6852,driver,1.0,Validated,0,Human,30787392,HGNC:49993,ENSG00000284195,,"MIR6852 :-: CBS, CBS :-: Ferroptosis",1
MIR761,driver,1.0,Validated,0,Human,32196629,HGNC:37305,ENSG00000283899,,"MIR761 :-: ITGB8, ITGB8 :-: Ferroptosis",1
MIR770,driver,1.0,Validated,0,"Human, mice",36153434,HGNC:33143,ENSG00000211574,,"MIR770 :-:  SOX2, SOX2 :+: SLC7A11, SLC7A11 :-: Ferroptosis",1
MIR9-1,suppressor,1.0,Validated,0,Human,30035324,HGNC:31641,ENSG00000207933,,"MIR9 :-: GOT1, GOT1 :+: alpha KG, alpha KG :+: Lipid ROS, Lipid ROS :+: Ferroptosis",1
MIR9-2,suppressor,1.0,Validated,0,Human,30035324,HGNC:31642,ENSG00000284447,,"MIR9 :-: GOT1, GOT1 :+: alpha KG, alpha KG :+: Lipid ROS, Lipid ROS :+: Ferroptosis",1
MIR9-3,suppressor,1.0,Validated,0,Human,30035324,HGNC:31646,ENSG00000284329,,"MIR9 :-: GOT1, GOT1 :+: alpha KG, alpha KG :+: Lipid ROS, Lipid ROS :+: Ferroptosis",1
MIR9-3HG,suppressor,1.0,Validated,0,Mice,34953631,HGNC:27388,ENSG00000255571,,"MIR9-3HG :-: PUM2, PUM2 :-: PRDX6, PRDX6 :-: Ferroptosis",1
MIR93,driver,1.0,Validated,0,"Human|Human, mice",36341347|36639741,HGNC:31645,ENSG00000207757,,"MIR93 :+: Ferroptosis|MIR93 :-: NF- κB, NF- κB :-: Ferroptosis",2
MIR96,suppressor,1.0,Validated,0,"Human, mice",38124152,HGNC:31648,ENSG00000199158,,"MIR96 :-: PTEN, PTEN :+: Ferroptosis",1
MIRN672,driver,1.0,Validated,0,Rat,35237382,HGNC:33633,,,"MIRN672 :-: FSP1, FSP1 :-: Ferroptosis",1
MITD1,suppressor,1.0,Validated,0,Human,36046690,HGNC:25207,ENSG00000158411,Q8WV92,"MITD1 :+: TAZ, TAZ :+: SLC7A11, SLC7A11 :-: Ferroptosis",1
MITF,suppressor,1.0,Validated,0,"Human, mice",36429010,HGNC:7105,ENSG00000187098,O75030,MITF :-: Ferroptosis,1
MLST8,suppressor|unclassified,1.0,Deduced|Validated,0,"Human|Human, mice|Mice",33707434|34949833|36189894|36722887,HGNC:24825,ENSG00000167965,Q9BVC4,"MLST8 :+: GPX4, GPX4 :-: Ferroptosis|MLST8 :-: Ferroptosis|MLST8 :-: GSK3B, GSK3B :-: GPX4, GPX4 :-: Ferroptosis|MLST8 :?: Ferroptosis",4
MMD,driver,1.0,Screened|Validated,0,Human,32939090|37691145,HGNC:7153,ENSG00000108960,Q15546,"MMD :+: ACSL4, ACSL4 :+: Ferroptosis, MMD :+: MBOAT7, MBOAT7 :+: Ferroptosis|MMD :+: Ferroptosis",2
MMU_CIRCRNA_0000309,suppressor,1.0,Validated,0,Mice,34913724,,,,"mmu_circRNA_0000309 :-: miR-188-3p, miR-188-3p :-: GPX4, GPX4 :-: Ferroptosis",1
MPC1,suppressor,1.0,Validated,0,Human,33741422,HGNC:21606,ENSG00000060762,Q9Y5U8,MPC1 :-: Ferroptosis,1
MPO,driver,1.0,Validated,0,"Human, mice",35178161,HGNC:7218,ENSG00000005381,P05164,MPO :+: Ferroptosis,1
MRTFA,suppressor,1.0,Validated,0,"Human, mice",37781038,HGNC:14334,ENSG00000196588,Q969V6,"MRTFA :+: (system Xc-), (system Xc-) :-: Ferroptosis",1
MS4A15,suppressor,1.0,Validated,0,Mice,34663908,HGNC:28573,ENSG00000166961,Q8N5U1,MS4A15 :-: Ferroptosis,1
MT-RNR1,suppressor,1.0,Validated,0,"Human,rat",37290680,HGNC:7470,ENSG00000211459,,MT-RNR1 :-: Ferroptosis,1
MT1DP,driver,1.0,Validated,0,Human,32929075,HGNC:7396,ENSG00000205361,,"MT1DP :+: miR-365a-3p, miR-365a-3p :-: NRF2, NRF2 :-: Ferroptosis",1
MT1G,marker|suppressor,1.0,Deduced|Validated,0,"Human|Human, mice",27015352|35444645|36204178,HGNC:7399,ENSG00000125144,P13640,MT1G :-: Ferroptosis,3
MTCH1,driver|suppressor,1.0,Screened|Validated,0,"Human|Human, mice",32939090|37550282,HGNC:17586,ENSG00000137409,Q9NZJ7,"MTCH1 :+: Ferroptosis|MTCH1 :+: FoxO1, FoxO1 :+: GPX4, GPX4 :-: Ferroptosis",2
MTDH,driver,1.0,Validated,0,"Human, mice",31527591,HGNC:29608,ENSG00000147649,Q86UE4,"MTDH :-: Cysteine, Cystein :-: Ferroptosis, MTDH :-: SLC3A2, SLC3A2 :-: Ferroptosis, MTDH :-: GPX4, GPX4 :-: Ferroptosis, MTDH :-: GSH, GSH :-: Ferroptosis, MTDH :+: Glutamate, Glutamate :+: Ferroptosis",1
MTF1,suppressor,1.0,Validated,0,Human,31320750,HGNC:7428,ENSG00000188786,Q14872,"MTF1 :-: ATM, ATM :-: FPN1, FPN1 :-: Fe, ATM :-: FTH1, FTH1 :-: Fe, ATM :-: FTL, FTL :-: Fe, Fe :+: Ferroptosis",1
MTHFR,suppressor,1.0,Validated,0,"Human, mice",36149747,HGNC:7436,ENSG00000177000,P42898,"MTHFR :-: TRC8, TRC8 :-: HMOX1, HMOX1 :-: Ferroptosis",1
MTOR,driver|suppressor|unclassified,1.0,Deduced|Validated,0,"Human|Human, mice|Mice",29127238|32457486|33707434|34949833|36189894|36722887|36840630|37968262,HGNC:3942,ENSG00000198793,P42345,"MTOR :+: Ferroptosis|MTOR :+: GPX4, GPX4 :-: Ferroptosis|MTOR :+: Srebp1, Srebp1 :+: Me1, Me1 :-: Ferroptosis|MTOR :-: Ferroptosis|MTOR :-: GSK3B, GSK3B :-: GPX4, GPX4 :-: Ferroptosis|MTOR :?: Ferroptosis",8
MTTP,suppressor,1.0,Validated,0,"Human, mice",35978266,HGNC:7467,ENSG00000138823,P55157,"MTTP :+: PRAP1, PRAP1 :-: ZEB1, ZEB1 :-: GPX4, GPX4 :-: Ferroptosis",1
MUC1,suppressor,1.0,Validated,0,Human|Mice,26930718|35910848,HGNC:7508,ENSG00000185499,P15941,"MUC1 :+: GSK3β phosphorylation, GSK3β phosphorylation :+: NRF2, NRF2 :+: GPX4, GPX4 :-: Ferroptosis|MUC1 :+: System Xc-, System Xc- :+: GSH, GSH :-: Ferroptosis",2
MXRA8,suppressor,1.0,Validated,0,Human,35281049,HGNC:7542,ENSG00000162576,Q9BRK3,MXRA8 :-: Ferroptosis,1
MYB,driver,1.0,Validated,0,Human,29144989,HGNC:7545,ENSG00000118513,P10242,"MYB :+: CDO1, CDO1 :-: GPX4, GPX4 :-: Ferroptosis",1
MYC,suppressor,1.0,Validated,0,"Human|Human, mice",36357457|36552889,HGNC:7553,ENSG00000136997,P01106,"MYC :-: HOMX1, HOMX1  :+: Ferroptosis|MYC :-: NCOA4, NCOA4 :+: Ferroptosis",2
MYCN,driver|unclassified,1.0,Deduced|Validated,0,Human,34011924|35174317|35484422,HGNC:7559,ENSG00000134323,P04198,"MYCN :-: GPX4, GPX4 :-: Ferroptosis, MYCN :+: TFRC, TFRC :+: Fe2+, Fe2+ :+: Ferroptosis, MYCN :+: TFRC, TFRC :+: Lipid ROS, Lipid ROS :+: Ferroptosis|MYCN :-: GSH, GSH :-: Ferroptosis|MYCN :?: Ferroptosis",3
NAT10,suppressor,1.0,Validated,0,"Human|Human, mice",36209353|37237981,HGNC:29830,ENSG00000135372,Q9H0A0,"NAT10 :+: FSP1, FSP1 :-: Ferroptosis|NAT10 :+: SLC7A11, SLC7A11 :-: Ferroptosis",2
NCOA4,driver|marker,1.0,Deduced|Validated,0,"Human|Human, mice|Mice|Rat",27245739|27514700|32810738|34634471|35444645|35505093|35932693|36398583|36610517|36660932|36843388|37903234,HGNC:7671,ENSG00000266412,Q13772,"NCOA4 :+: Ferroptosis|NCOA4 :+: Lipid ROS, Lipid ROS :+: Ferroptosis|NCOA4 :-: FTH1, FTH1 :-: Ferroptosis|NCOA4 :-: FTMT :-: Ferroptosis",12
NDRG1,driver|suppressor,1.0,Deduced|Validated,0,Human,34917147|37208604,HGNC:7679,ENSG00000104419,Q92597,"NDRG1 :+: GPX4, GPX4 :-: Ferroptosis|NDRG1 :-: GPX4, GPX4 :-: Ferroptosis",2
NDUFA4,suppressor,1.0,Validated,0,"Human, mice",37602474,HGNC:7687,ENSG00000189043,O00483,NDUFA4 :-: Ferroptosis,1
NEAT1,driver|suppressor,1.0,Validated,0,Human|Rat,33730930|35038133|35338333|35833822|36081284,HGNC:30815,ENSG00000245532,,"NEAT1 :-: Ferroptosis|NEAT1 :-: miR-362-3p, miR-362-3p :-: MIOX, MIOX :+: Ferroptosis|NEAT1 :-: miR-9-5p, miR-9-5p :-: TFRC, TFRC :+: Ferroptosis, NEAT1 :-: miR-9-5p, miR-9-5p :-: GOT1, GOT1 :+: Ferroptosis|NEAT1 :-: miR‑150‑5p, miR‑150‑5p :-: BAP1, BAP1 :-: SLC7A11, SLC7A11 :-: Ferroptosis",5
NEDD4,suppressor,1.0,Validated,0,Human,31974380,HGNC:7727,ENSG00000069869,P46934,"NEDD4 :-: Lipid ROS, Lipid ROS :+: Ferroptosis, NEDD4 :-: iron accumulation, iron accumulation :+: Ferroptosis, NEDD4 :+: GSH, GSH :-: Ferroptosis, NEDD4 :-: GSSG, GSSG :+: Ferroptosis",1
NEDD4L,driver|suppressor,1.0,Validated,0,"Human|Human, mice",32811647|36662677,HGNC:7728,ENSG00000049759,Q96PU5,"NEDD4L :-: GPX4, GPX4 :-: Ferroptosis|NEDD4L :-: LTF, LTF :+: Ferroptosis",2
NEUROD1,suppressor,1.0,Validated,0,"Human, mice",38134213,HGNC:7762,ENSG00000162992,Q13562,"NEUROD1 :+: GPX4, GPX4 :-: Ferroptosis",1
NF2,suppressor,1.0,Validated,0,"Human|Human, mice",31341276|33984142,HGNC:7773,ENSG00000186575,P35240,"NF2 :+: GPX4, GPX4 :-: Ferroptosis, NF2 :-: ACSL4, ACSL4 :+: Ferroptosis|NF2 :-: YAP, YAP :+: Ferroptosis",2
NFE2L1,suppressor,1.0,Validated,0,"Human|Human, mice|Mice",34999280|35271393|37848756,HGNC:7781,ENSG00000082641,Q14494,"NFE2L1 :+: GPX4, GPX4 :-: Ferroptosis|NFE2L1 :+: HJURP, HJURP :-: Ferroptosis",3
NFE2L2,driver|marker|suppressor|unclassified,1.0,Deduced|Predicted|Validated,0,"Human|Human, Mice|Human, mice|Human, rat|Mice|Mice, rat|Rabbit, rat|Rat|Rat, mice",26403645|27015352|27773819|28012440|28805788|28985506|30339884|30692261|31819185|32601262|32642794|32898818|32907551|32937103|33014271|33152439|33197769|35110526|35256941|35271393|35278496|35303762|35305560|35337799|35359876|35444645|35466502|35480867|35505093|35525219|35602105|35623314|35787281|35803910|35853860|35870111|35909950|35919817|35979396|35993016|36105203|36105483|36139727|36174419|36234847|36290582|36403522|36410674|36453238|36482709|36500657|36507835|36572326|36586453|36724221|36856923|36935054|37005797|37060393|37100272|37110816|37156294|37209607|37247721|37267508|37286868|37352984|37517642|37523980|37598476|37633973|37658132|37674121|37738327|37822721|38123006|38176266,HGNC:7782,ENSG00000116044,Q16236,"NFE2L2 :+: (ABCC1/MRP1), (ABCC1/MRP1) :+: Ferroptosis|NFE2L2 :+: (NQO1/HMOX1/FTH1), (NQO1/HMOX1/FTH1) :-: Ferroptosis|NFE2L2 :+: CBS, CBS :+: Cystathionine, Cystathionine :+: Cysteine, Cysteine :+: GSH, GSH :-: Lipid ROS, Lipid ROS :+: Ferroptosis|NFE2L2 :+: CBS, CBS :-: Ferroptosis, NFE2L2 :+: GSH, GSH :-: Ferroptosis, NFE2L2 :-: MDA, MDA :+: Ferroptosis|NFE2L2 :+: FTH1, FTH1 :-: Ferroptosis, NFE2L2 :+: FPN, FPN :-: Ferroptosis, NFE2L2 :+: HO-1, HO-1 :-: Ferroptosis|NFE2L2 :+: Ferroportin, Ferroportin :-: Ferroptosis|NFE2L2 :+: GPX4, GPX4 :-: Ferroptosis|NFE2L2 :+: GPX4, GPX4 :-: Ferroptosis, NFE2L2 :-: COX2, COX2 :+: Ferroptosis|NFE2L2 :+: GSH, GSH :-: Ferroptosis|NFE2L2 :+: HERC2, HERC2 :-: NCOA4, NCOA4 :+: Ferroptosis, NFE2L2 :+: VAMP8, VAMP8 :-: Ferroptosis|NFE2L2 :+: HO-1, HO-1 :+: GPX4, GPX4 :-: Ferroptosis|NFE2L2 :+: HO-1, HO-1 :-: Ferroptosis|NFE2L2 :+: HO-1, HO-1 :-: Ferroptosis, NFE2L2 :+: NQO-1, NQO-1 :-: Ferroptosis|NFE2L2 :+: HO-1, HO-1 :-: Ferroptosis, NRF2 :+: SLC7A11, SLC7A11 :-: Ferroptosis|NFE2L2 :+: MT1G, MT1G :-: Ferroptosis|NFE2L2 :+: NQO1, NQO1 :-: Ferroptosis, NFE2L2 :+: SLC7A11, SLC7A11 :-: Ferroptosis|NFE2L2 :+: SLC7A11, SLC7A11 :-: Ferroptosis|NFE2L2 :+: SLC7A11, SLC7A11 :-: Ferroptosis, NFE2L2 :+: GPX4, GPX4 :-: Ferroptosis|NFE2L2 :+: SLC7A11, SLC7A11 :-: Ferroptosis, NFE2L2 :+: HO-1, HO-1 :-: Ferroptosis|NFE2L2 :+: Slc7a11, Slc7a11 :-: Ferroptosis|NFE2L2 :+: xCT, xCT :-: Lipid ROS, Lipid ROS :+: Ferroptosis|NFE2L2 :-: ACSL4, ACSL4 :+: Ferroptosis, NFE2L2 :+: GPX4, GPX4 :-: Ferroptosis|NFE2L2 :-: FOCAD, FOCAD :+: FAK, FAK :+: Ferroptosis|NFE2L2 :-: Ferroptosis|NFE2L2 :-: GSK-3β, GSK-3β :+: Ferroptosis|NFE2L2 :-: VEGFR2, VEGFR2 :+: Ferroptosis, NFE2L2 :-: Keap1, Keap1 :+: Ferroptosis|NFE2L2 :-: phosphorylation of ERK1/2, phosphorylation of ERK1/2 :-: FTH1, FTH1 :-: Ferroptosis|NFE2L2 :?: Ferroptosis|NRF2 :+: FSP1, :+: CoQ10H2, CoQ10H2:-: Ferroptosis|NRF2 :+: SLC7A11, SLC7A11 :-: Ferroptosis|NRF2 :-: Ferroptosis|Nrf2 :+: SLC7A11, SLC7A11 :+: Cystine, Cystine :+: GSH, GSH :+: GPX4, GPX4 :-: Lipid ROS, Lipid ROS :+: Ferroptosis|Nrf2 :+: SLC7A11, SLC7A11 :+: GSH, GSH :-: Ferroptosis, Nrf2 :+: GCL, GCL :+: GSH, GSH :-: Ferroptosis, Nrf2 :+: FTH1, FTH1 :-: Ferroptosis|Nrf2 :-: Ferroptosis|Nrf2 :-: ROS, ROS :+: Ferroptosis",78
NFKB2,suppressor,1.0,Validated,0,"Human, mice",37520713,HGNC:7795,ENSG00000077150,Q00653,"NFKB2 :+: LCN2, LCN2 :+: FPN1, FPN1 :-: Ferroptosis",1
NFS1,marker|suppressor,1.0,Deduced|Validated,0,Human|Mice,29168506|35221331|35505093,HGNC:15910,ENSG00000244005,Q9Y697,"NFS1 :-: Ferroptosis|NFS1 :-: TFRC, TFRC :+: Ferroptosis",3
NHLRC1,driver,1.0,Validated,0,"Mice, rat",37343689,HGNC:21576,ENSG00000187566,Q6VVB1,"NHLRC1 :-: FXN, FXN :-: Ferroptosis",1
NKAP,suppressor,1.0,Validated,0,"Human, mice",35064112,HGNC:29873,ENSG00000101882,Q8N5F7,"NKAP :+: SLC7A11, SLC7A11 :-: Ferroptosis",1
NLRP3,driver,1.0,Validated,0,"Human, mice|Mice",36435361|36581063|37759588,HGNC:16400,ENSG00000162711,Q96P20,"NLRP3 :+: Ferroptosis|NLRP3 :-: NRF2, NRF2 :-: Ferroptosis",3
NMDAR,driver,1.0,Validated,0,Mice,37451346,,,,NMDAR :+: Ferroptosis,1
NOD1,suppressor,1.0,Validated,0,"Human, mice",35247718,HGNC:16390,ENSG00000106100,Q9Y239,"NOD1 :+: SLC40A1, SLC40A1 :-: Ferroptosis, NOD1 :+: GPX4, GPX4 :-: Ferroptosis, NOD1 :+: SPIC, SPIC :-: Ferroptosis, NOD1 :+: HMOX1, HMOX1 :-: Ferroptosis, NOD1 :+: COL1A1, COL1A1 :-: Ferroptosis",1
NODAL,suppressor,1.0,Validated,0,"Human, mice",37002201,HGNC:7865,ENSG00000156574,Q96S42,"NODAL :+: (Smad2/3), (Smad2/3) :+: SCD1, SCD1 :-: Ferroptosis",1
NOS2,suppressor|unclassified,1.0,Deduced|Validated,0,Human|Mice|Rat,24439385|32080625|35262869,HGNC:7873,ENSG00000007171,P35228,"NOS2 :-: Ferroptosis|NOS2 :-: Lipid ROS, Lipid ROS :+: Ferroptosis|NOS2 :?: Ferroptosis",3
NOTCH3,suppressor,1.0,Validated,0,"Human, mice",35258176,HGNC:7883,ENSG00000074181,Q9UM47,"NOTCH3 :+: GPX4, GPX4 :-: Ferroptosis, NOTCH3 :+: PRDX6, PRDX6 :-: Ferroptosis",1
NOX4,driver|marker,1.0,Deduced|Validated,0,"Human|Human, rat|Mice|Mice, Human|Rat",22632970|28297659|29702192|31196626|33774476|35197507|35721711|36611810,HGNC:7891,ENSG00000086991,Q9NPH5,"NOX4 :+: Ferroptosis|NOX4 :+: H2O2, H2O2 :+: Lipid ROS, Lipid ROS :+: Ferroptosis|NOX4 :+: Lipid ROS, Lipid ROS :+: Ferroptosis|NOX4 :-: Mitochondrial respiration ATP production, Mitochondrial respiration ATP production :-: Impaired mitochondrial metabolism, Impaired mitochondrial metabolism :+: Oxidative stress-induced lipid peroxidation, Oxidative stress-induced lipid peroxidation :+: Ferroptosis",8
NPC1,suppressor,1.0,Validated,0,Mice,35936782,HGNC:7897,ENSG00000141458,O15118,NPC1 :-: Ferroptosis,1
NQO1,marker|suppressor,1.0,Deduced|Validated,0,"Human|Human, mice|Mice",26403645|35505093|36319062,HGNC:2874,ENSG00000181019,P15559,NQO1 :-: Ferroptosis,3
NR0B1,suppressor,1.0,Validated,0,"Human, mice",38058844,HGNC:7960,ENSG00000169297,P51843,"NR0B1 :+: NRF2, NRF2 :+: CBS, CBS :-: Ferroptosis, NR0B1 :+: c-JUN, c-JUN :+: CBS, CBS :-: Ferroptosis",1
NR1D1,driver,1.0,Deduced|Validated,0,Mice,33068011|34673015|35845882,HGNC:7962,ENSG00000126368,P20393,"(NR1D1/RORE) :-: SLC7A11, SLC7A11 :-: Ferroptosis, (NR1D1/RORE) :-: HO1, HO1 :-: Ferroptosis|NR1D1 :-: GPX4, GPX4 :-: Ferroptosis|NR1D1 :-: SLC7A11, SLC7A11 :-: Ferroptosis",3
NR1D2,driver,1.0,Deduced|Validated,0,Mice,33068011|35845882,HGNC:7963,ENSG00000174738,Q14995,"(NR1D2/RORE) :-: SLC7A11, SLC7A11 :-: Ferroptosis, (NR1D2/RORE) :-: HO1, HO1 :-: Ferroptosis|NR1D2 :-: HO-1, HO-1 :-: Ferroptosis",2
NR1H4,suppressor,1.0,Validated,0,"Human|Human, mice",35767918|37903763,HGNC:7967,ENSG00000012504,Q96RI1,"NR1H4 :+: FSP1, FSP1 :-: Ferroptosis, NR1H4 :+: PPARα, PPARα :-: Ferroptosis, NR1H4 :+: GPX4, GPX4 :-: Ferroptosis, NR1H4 :+: ACSL3, ACSL3 :-: Ferroptosis, NR1H4 :+: SCD1, SCD1 :-: Ferroptosis|NR1H4 :-: Ferroptosis",2
NR2F2,driver,1.0,Validated,0,"Mice, rat",36081650,HGNC:7976,ENSG00000185551,P24468,"NR2F2 :-: PGC-1α, PGC-1α :-: Ferroptosis",1
NSUN2,suppressor,1.0,Validated,0,"Human, mice",38042059,HGNC:25994,ENSG00000037474,Q08J23,"NSUN2  :+: SLC7A11, SLC7A11 :-: Ferroptosis",1
NSUN5,suppressor,1.0,Validated,0,"Human|Human, mice",35249107|37528314|38014838,HGNC:16385,ENSG00000130305,Q96P11,"NSUN5 :+: FTH1, FTH1 :-: Ferroptosis|NSUN5 :+: FTH1, FTH1 :-: Ferroptosis, NSUN5 :+: FTL, FTL :-: Ferroptosis|NSUN5 :-: Ferriotisus",3
NTN1,suppressor,1.0,Validated,0,"Human, mice",36468399,HGNC:8029,ENSG00000065320,O95631,"NTN1 :+: (UNC5B/Nrf2), (UNC5B/Nrf2) :+: GPX4, GPX4 :-: Ferroptosis",1
NTRK2,driver|suppressor,1.0,Validated,0,"Human, rat|Mice",36493983|36555849,HGNC:8032,ENSG00000148053,Q16620,"NTRK2 :+: (PI3K/Akt/Nrf2), (PI3K/Akt/Nrf2) :-: Ferroptosis|NTRK2 :+: Ferroptosis",2
NUAK2,driver,1.0,Validated,0,Human,35523770,HGNC:29558,ENSG00000163545,Q9H093,"NUAK2 :-: GPX4, GPX4 :-: Ferroptosis",1
NUP62,driver|suppressor,1.0,Validated,0,"Human|Mice|human, mice",35216629|35691001|35847598|35910831,HGNC:8066,ENSG00000213024,P37198,"NUP62 :+: SLC7A11, SLC7A11 :-: Ferroptosis|NUP62 :-: KEAP1, KEAP1 :-: NRF2, NRF2 :-: Ferroptosis|NUP62 :-: Keap1, Keap1 :-: NRF2, NRF2 :-: Ferroptosis|NUP62 :-: SLC7A11, SLC7A11 :-: Ferroptosis|NUP62 :-: keap1, keap1 :-: NRF2, NRF2 :-: Ferroptosis",5
NUPR1,suppressor,1.0,Validated,0,Human,33510144|37477758,HGNC:29990,ENSG00000176046,O60356,"NUPR1 :+: LCN2, LCN2 :-: Ferroptosis|NUPR1 :-: Lipid ROS, Lipid ROS :+: Ferroptosis, NUPR1 :+: LCN2, LCN2 :-: Fe2, Fe2 :+: Ferroptosis, NUPR1 :+: LCN2, LCN2 :-: MDA, MDA :+: Ferroptosis",2
OGFRP1,suppressor,1.0,Validated,0,Human,36066402,HGNC:50511,ENSG00000182057,,"OGFRP1 :+: miR-299-3p, miR-299-3p :-: SLC38A1, SLC38A1 :+: Ferroptosis",1
OGT,suppressor,1.0,Validated,0,"Human, mice",37559097,HGNC:8127,ENSG00000147162,O15294,OGT :-: Ferroptosis,1
OIP5-AS1,suppressor,1.0,Validated,0,Human,34051661|35872956,HGNC:43563,ENSG00000247556,,"OIP5-AS1 :+: GPX4, GPX4 :-: Ferroptosis|OIP5-AS1 :-: miR-128-3p, miR-128-3p :-: SLC7A11, SLC7A11 :-: Ferroptosis, OIP5-AS1 :-: Fe2, Fe2 :+: Ferroptosis, OIP5-AS1 :-: iron content, iron content :+: Ferroptosis, OIP5-AS1 :+: GSH, GSH :-: Ferroptosis",2
OMA1,suppressor,1.0,Validated,0,Mice,36113464,HGNC:29661,ENSG00000162600,Q96E52,"OMA1 :+: Dele1, Dele1 :+: Atf4, Atf4 :+: GPX4, GPX4 :-: Ferroptosis",1
OPRM1,suppressor,1.0,Validated,0,Mice,36717099,HGNC:8156,ENSG00000112038,P35372,"OPRM1 :-: HIF-1α, HIF-1α :+: KCNQ1OT1, KCNQ1OT1 :-: GPX4, GPX4 :-: Ferroptosis, KCNQ1OT1 :+: ACSL4, ACSL4 :+: Ferroptosis",1
ORMDL3,driver,1.0,Validated,0,"Human, mice",36680386,HGNC:16038,ENSG00000172057,Q8N138,"ORMDL3 :+: (PERK/ATF4/HSPA5), (PERK/ATF4/HSPA5) :-: GPX4, GPX4 :-: Ferroptosis",1
OSFER2,driver,1.0,Validated,0,Oryza sativa,36352872,,,,OsFER2 :+: Ferroptosis,1
OTUB1,suppressor,1.0,Validated,0,"Human|Human, mice|Human, rat",30709928|34927544|35700835,HGNC:23077,ENSG00000167770,Q96FW1,"OTUB1 :+: SLC7A11, SLC7A11 :-: Ferroptosis",3
OTUD5,suppressor,1.0,Validated,0,"Human, mice|Mice",37537342|37552043|38110369,HGNC:25402,ENSG00000068308,Q96G74,"OTUD5 :+: GPX4, GPX4 :-: Ferroptosis|OTUD5 :+: SLC7A11, SLC7A11 :+: c-Myc, c-Myc :-: Ferroptosis|OTUD5 :-: Ferroptosis",3
OTUD6B-AS1,driver,1.0,Validated,0,Human,37184781,HGNC:50466,ENSG00000253738,,"OTUD6B-AS1 :+: TRIM16, TRIM16 :+: Ferroptosis",1
P2RX7,driver,1.0,Validated,0,Rat,36282438,HGNC:8537,ENSG00000089041,Q99572,"P2RX7 :+: ERK1/2, ERK1/2 :+: P53, P53 :-: SLC7A11, SLC7A11 :+: GPX4, GPX4 :-: Ferroptosis",1
P4HA1,suppressor,1.0,Validated,0,Human,36702290,HGNC:8546,ENSG00000122884,P13674,"P4HA1 :+: HMGCS1, HMGCS1 :-: Ferroptosis",1
P4HB,driver|suppressor,1.0,Deduced|Validated,0,Human,33124817|36654750,HGNC:8548,ENSG00000185624,P07237,"P4HB :+: SLC7A11, SLC7A11 :-: Ferroptosis|P4HB :-: ER stress, ER stress :+: Ferroptosis|P4HB :-: SLC7A11, SLC7A11 :-: Ferroptosis",3
P66SHC,driver,1.0,Validated,0,Mice,35986536,,,,P66Shc :+: Ferroptosis,1
PADI4,driver,1.0,Validated,0,Mice,35637949,HGNC:18368,ENSG00000159339,Q9UM07,PADI4 :+: Ferroptosis,1
PANX1,driver,1.0,Validated,0,"Human|Human, mice",31694915|35325354,HGNC:8599,ENSG00000110218,Q96RD7,"PANX1 :-: HMOX1, HMOX1 :-: Ferroptosis, PANX1 :+: MAPK/ERK, MAPK/ERK :+: Ferroptinophagy, Ferroptinophagy :+: Ferroptosis|Panx1 :-: SLC7A11, SLC7A11 :-: Ferroptosis ",2
PANX2,suppressor,1.0,Validated,0,Human,32547072,HGNC:8600,ENSG00000073150,Q96RD6,"PANX2 :-: Fe2, Fe2 :+: Ferroptosis, PANX2 :-: MDA, MDA :+: Ferroptosis",1
PAQR3,driver,1.0,Validated,0,"Human|Human, mice",33955706|37690092,HGNC:30130,ENSG00000163291,Q6TCH7,"PAQR3 :+: MDA, MDA :+: Ferroptosis, PAQR3 :+: Fe, Fe :+: Ferroptosis, PAQR3 :-: NRF2, NRF2 :-: Ferroptosis|PAQR3 :-: LDLR, LDLR :+: (PI3K/AKT), (PI3K/AKT) :-: Ferroptosis",2
PARK7,suppressor,1.0,Validated,0,"Human|Human, mice|Rat",32144268|33024240|35190654|37820776,HGNC:16369,ENSG00000116288,Q99497,"PARK7 :+: (ATF4/HSPA5), (ATF4/HSPA5) :-: Ferroptosis|PARK7 :-: Ferroptosis|PARK7 :-: Lipid ROS, Lipid ROS :+: Ferroptosis, PARK7 :+: GSH, GSH :-: Ferroptosis, PARK7 :+: AHCY, AHCY :-: Ferroptosis",4
PARL,suppressor,1.0,Validated,0,"Human, mice|Mice",36658222|37505079,HGNC:18253,ENSG00000175193,Q9H300,"PARL :+: (GPX4/CoQ), (GPX4/CoQ) :-: Ferroptosis|PARL :-: Ferroptosis",2
PCAT1,suppressor,1.0,Validated,0,Human,35402284,HGNC:43022,ENSG00000253438,,"PCAT1 :+: c-Myc, c-Myc :+: SLC7A11, SLC7A11 :-: Ferroptosis, PCAT1 :-: miR-25-3p, miR-25-3p :-: SLC7A11, SLC7A11 :-: Ferroptosis",1
PCBP1,suppressor,1.0,Validated,0,Human,35290903|36988300|37157950,HGNC:8647,ENSG00000169564,Q15365,"PCBP1 :-: Ferroptosis|PCBP1 :-: LACTB, LACTB :-: PISD, PISD :-: Ferroptosis",3
PCBP2,suppressor,1.0,Validated,0,"Human, rat",35089637,HGNC:8648,ENSG00000197111,Q15366,PCBP2 :-: Ferroptosis,1
PCDH7,suppressor,1.0,Validated,0,Human,35926236,HGNC:8659,ENSG00000169851,O60245,"PCDH7 :-: (MEK1/2/ERK/c-Fos), (MEK1/2/ERK/c-Fos) :+: Ferroptosis",1
PCDHB14,driver,1.0,Validated,0,Human,35688944,HGNC:8685,ENSG00000120327,Q9Y5E9,"PCDHB14 :-: SLC7A11, SLC7A11 :-: Ferroptosis",1
PCSK9,suppressor,1.0,Validated,0,"Human, zebrafish",36611859,HGNC:20001,ENSG00000169174,Q8NBP7,"PCSK9 :+: (p62/Keap1/Nrf2), (p62/Keap1/Nrf2) :-: Ferroptosis",1
PDE4A,driver,1.0,Validated,0,"Human, mice",37501933,HGNC:8780,ENSG00000065989,P27815,"PDE4A :-: (PKA/CREB), (PKA/CREB) :-: Ferroptosis",1
PDE4B,driver,1.0,Validated,0,"Human, mice",37501933,HGNC:8781,ENSG00000184588,Q07343,"PDE4B :-: (PKA/CREB), (PKA/CREB) :-: Ferroptosis",1
PDE4C,driver,1.0,Validated,0,"Human, mice",37501933,HGNC:8782,ENSG00000105650,Q08493,"PDE4C :-: (PKA/CREB), (PKA/CREB) :-: Ferroptosis",1
PDE4D,driver,1.0,Validated,0,"Human, mice",37501933,HGNC:8783,ENSG00000113448,Q08499,"PDE4D :-: (PKA/CREB), (PKA/CREB) :-: Ferroptosis",1
PDGFRA,suppressor,1.0,Validated,0,"Human, mice",35002529,HGNC:8803,ENSG00000134853,P16234,"PDGFRA :+: GPX4, GPX4 :-: Ferroptosis, PDGFRA :+: SLC7A11, SLC7A11 :-: Ferroptosis",1
PDIA2,driver,1.0,Validated,0,Human,35499331,HGNC:14180,ENSG00000185615,Q13087,PDIA2 :+: Ferroptosis,1
PDIA4,suppressor,1.0,Validated,0,"Human, mice",36906674,HGNC:30167,ENSG00000155660,P13667,"PDIA4 :+: ATF4, ATF4 :+: SLC7A11, SLC7A11 :-: Ferroptosis",1
PDK4,suppressor,1.0,Validated,0,Human,33626342,HGNC:8812,ENSG00000004799,Q16654,"PDK4 :-: pyruvate oxidation, pyruvate oxidation :+: Ferroptosis",1
PDSS2,suppressor,1.0,Validated,0,Human,33929387,HGNC:23041,ENSG00000164494,Q86YH6,"PDSS2 :+: Nrf2, Nrf2 :-: iron content, iron content :+: Ferroptosis, PDSS2 :+: Nrf2, Nrf2 :-: Lipid ROS, Lipid ROS :+: Ferroptosis, PDSS2 :+: Nrf2, Nrf2 :+: GSH, GSH :-: Ferroptosis",1
PEBP1,driver|marker,1.0,Deduced|Validated,0,"Human|Human, mice|Mice",29053969|32513718|35505093,HGNC:8630,ENSG00000089220,P30086,(PEBP1/15LO) :+: Ferroptosis|PEBP1 :+: Ferroptosis,3
PEDS1,suppressor,1.0,Validated,0,"Human|Human, mice",33731874|35843092|37700851,HGNC:16735,ENSG00000240849,A5PLL7,"PEDS1 :+: p62, p62 :+: GPX4, GPX4 :-: Ferroptosis|PEDS1 :-: FAR1, FAR1 :+: Ferroptosis|PEDS1 :-: Ferroptosis",4
PELATON,suppressor,1.0,Validated,0,Human,35574340,HGNC:50328,ENSG00000224397,,"PELATON :+: SLC7A11, SLC7A11 :-: Ferroptosis, PELATON :-: ACSL4, ACSL4 :+: Ferroptosis, PELATON :-: COX2, COX2 :+: Ferroptosis",1
PER1,driver|suppressor,1.0,Deduced|Validated,0,Human|Mice,35134674|36361751,HGNC:8845,ENSG00000179094,O15534,"PER1 :-: Ferroptosis|PER1 :-: HIF1A, HIF1A :-: Ferroptosis",2
PER2,driver|suppressor,1.0,Deduced|Validated,0,Mice,36285301|36361751,HGNC:8846,ENSG00000132326,O15055,PER2 :+: Ferroptosis|PER2 :-: Ferroptosis,2
PEX10,driver,1.0,Validated,0,"Human, mice",32939090,HGNC:8851,ENSG00000157911,,"PEX10 :+: PUFA-ePLs, PUFA-ePLs :+: Ferroptosis",1
PEX12,driver,1.0,Validated,0,Human,32939090,HGNC:8854,ENSG00000108733,,"PEX12 :+: PUFA-ePLs, PUFA-ePLs :+: Ferroptosis",1
PEX14,suppressor,1.0,Validated,0,"Human, rat",36030684,HGNC:8856,ENSG00000142655,O75381,PEX14 :-: Ferroptosis,1
PEX2,driver,1.0,Validated,0,Human,32939090,HGNC:9717,ENSG00000164751,,"PEX2 :+: PUFA-ePLs, PUFA-ePLs :+: Ferroptosis",1
PEX3,driver,1.0,Validated,0,Human,32939090,HGNC:8858,ENSG00000034693,,"PEX3 :+: PUFA-ePLs, PUFA-ePLs :+: Ferroptosis",1
PFKFB2,suppressor,1.0,Validated,0,"Mice, rat",37155368,HGNC:8873,ENSG00000123836,O60825,"PFKFB2 :+: AMPK, AMPK :-: Ferroptosis",1
PGAM1,suppressor,1.0,Validated,0,"Human, mice",37705495,HGNC:8888,ENSG00000171314,P18669,"PGAM1 :+: AKT, AKT :+: LCN2, LCN2 :-: Ferroptosis",1
PGAM5,suppressor,1.0,Validated,0,"Human, mice",36780919,HGNC:28763,ENSG00000247077,Q96HS1,"PGAM5 :-: Keap1, Keap1 :-: Nrf2, Nrf2 :-: Ferroptosis",1
PGD,driver|marker,1.0,Deduced|Validated,0,Human|Mice,22632970|35505093,HGNC:8891,ENSG00000142657,P52209,PGD :+: Ferroptosis,2
PGM5P3-AS1,driver,1.0,Validated,0,Human,35325342,HGNC:51194,ENSG00000277631,,"PGM5P3-AS1 :+: MAP1LC3C, MAP1LC3C :+: Ferroptosis",1
PGRMC1,driver|suppressor,1.0,Validated,0,Human|Mice,34749765|36724820,HGNC:16090,ENSG00000101856,O00264,"PGRMC1 :-: Ferroptosis|PGRMC1 :-: xCT, xCT :-: Ferroptosis",2
PHGDH,suppressor,1.0,Validated,0,"Human, mice",36147463,HGNC:8923,ENSG00000092621,O43175,"PHGDH :+: SLC7A11, SLC7A11 :-: Ferroptosis",1
PHKG2,driver|marker,1.0,Deduced|Validated,0,Human|Mice,27506793|35505093|36948350,HGNC:8931,ENSG00000156873,P15735,"PHKG2 :+: ALOX5, ALOX5 :+: Ferroptosis|PHKG2 :+: PUFAs peroxidation, PUFAs peroxidation :+: Ferroptosis",3
PI3K,suppressor,1.0,Validated,0,Rat,36035224,HGNC:8975,ENSG00000121879,P42336,"PI3K :+: (AKT/mTOR), (AKT/mTOR) :-: Ferroptosis",1
PIAS3,driver,1.0,Validated,0,"Human, mice",37689128,HGNC:16861,ENSG00000131788,Q9Y6X2,"PIAS3 :+: TGF-β, TGF-β :+: TXNIP, TXNIP :+: Ferroptosis",1
PIEZO1,driver,1.0,Validated,0,"Human, mice",34568428,HGNC:28993,ENSG00000103335,Q92508,"PIEZO1 :+: (Ca2+/calpain), (Ca2+/calpain) :-: VE-cadherin, VE-cadherin :-: Ferroptosis",1
PIK3CA,driver|suppressor,1.0,Deduced|Validated,0,Human|Mice,24739485|33229547,HGNC:8975,ENSG00000121879,P42336,"PIK3CA :+: PI3K-AKT pathway, PI3K-AKT pathway :-: Ferroptosis|PIK3CA :-: GSH, GSH :-: Lipid ROS, Lipid ROS :+: Ferroptosis",2
PIM1,suppressor,1.0,Validated,0,Human,36068222,HGNC:8986,ENSG00000137193,P11309,"PIM1 :+: MYC,  MYC :-: Ferroptosis",1
PIM3,driver,1.0,Validated,0,"Human, rat",38148455,HGNC:19310,ENSG00000198355,Q86V86,PIM3 :+: Ferroptosis,1
PINK1,suppressor,1.0,Validated,0,Rat,38012584,HGNC:14581,ENSG00000158828,Q9BXM7,PINK1 :-: Ferroptosis,1
PIR,suppressor,1.0,Validated,0,"Human, mice",33373853,HGNC:30048,ENSG00000087842,O00625,"PIR :-: oxidative DNA damage, oxidative DNA damage :+: HMGB1, HMGB1 :+: ACSL4, ACSL4 :+: Ferroptosis",1
PKM,suppressor,1.0,Validated,0,Mice,37100272,HGNC:9021,ENSG00000067225,P14618,"PKM2 :+: NRF2, NRF2 :+: GPX4, GPX4 :-: Ferroptosis",1
PKM2,suppressor,1.0,Validated,0,Human,36210578,HGNC:9021,ENSG00000067225,P14618,PKM2 :-: Ferroptosis,1
PLA2G6,suppressor,1.0,Validated,0,"Human|Human, mice",33087576|33542532|34131139|35340268,HGNC:9039,ENSG00000184381,O60733,"PLA2G6 :+: SLC7A11, SLC7A11 :-: Ferroptosis|PLA2G6 :-: Ferroptosis|PLA2G6 :-: Lipid ROS, Lipid ROS :+: Ferroptosis",4
PLA2G7,suppressor,1.0,Validated,0,"Human, mice",37714840,HGNC:9040,ENSG00000146070,Q13093,PLA2G7 :-: Ferroptosis,1
PLK1,suppressor,1.0,Validated,0,"Human, mice",37879213,HGNC:9077,ENSG00000166851,P53350,"PLK1 :+: PPP, PPP :-: Ferroptosis",1
PLTP,suppressor,1.0,Validated,0,Human,36309086,HGNC:9093,ENSG00000100979,P55058,PLTP :-: Ferroptosis,1
PML,suppressor,1.0,Validated,0,Human,29081404,HGNC:9113,ENSG00000140464,P29590,PML :-: Ferroptosis,1
PNO1,suppressor,1.0,Validated,0,Human|Mice,36446769|37929351,HGNC:32790,ENSG00000115946,Q9NRX1,PNO1 :-: Ferroptosis,2
POLE2,suppressor,1.0,Validated,0,Human,38070189,HGNC:9178,ENSG00000100479,P56282,"POLE2 :+: NRF2, NRF2 :+: GPX4, GPX4 :-: Ferroptosis",1
POMC,driver,1.0,Validated,0,"Human, mice",37421621,HGNC:9201,ENSG00000115138,P01189,"POMC :-: GPX4, GPX4 :-: Ferroptosis",1
POR,driver,1.0,Validated,0,"Human|Human, mice",32080622|33321093,HGNC:9208,ENSG00000127948,P16435,"POR :+: Lipid ROS, Lipid ROS :+: Ferroptosis|POR :+: hydrogen peroxide, hydrogen peroxide :+: PUFA peroxidation, PUFA peroxidation :+: Ferroptosis",2
POU2F2,suppressor,1.0,Validated,0,Mice,36306010,HGNC:9213,ENSG00000028277,P09086,"POU2F2 :+: SESN2, SESN2 :-: Ferroptosis",1
PPARA,suppressor,1.0,Validated,0,Human|Mice,32079652|35703725|36147466|37553313,HGNC:9232,ENSG00000186951,Q07869,"PPARA :+: FABP1, FABP1 :+: GPX4, GPX4 :-:  Ferroptosis, FABP1 :-: ACSL4 , ACSL4  :+:  Ferroptosis|PPARA :+: GPX4, GPX4 :-: Ferroptosis, PPARA :-: TRF, TRF :+: Ferroptosis|PPARA :-: Ferroptosis",4
PPARD,suppressor,1.0,Deduced|Validated,0,Human|Mice,34649350|35624674,HGNC:9235,ENSG00000112033,Q03181,"PPARD :+: catalase, catalase :-: H2O2, H2O2 :+: Ferroptosis|PPARD :-: Ferroptosis",2
PPARG,driver|suppressor,1.0,Validated,0,Mice|Rat,34478917|35490721|35517804|37620972,HGNC:9236,ENSG00000132170,P37231,"PPARG :+: Ferroptosis|PPARG :+: NRF2, NRF2 :-: Ferroptosis|PPARG :+: Pink1, Pink1 :-: Ferroptosis|PPARG :-: Cox2, Cox2 :+: Ferroptosis",4
PPARGC1A,suppressor,1.0,Validated,0,"Human, rat",37730054,HGNC:9237,ENSG00000109819,Q9UBK2,"PPARGC1A :+: NRF1, NRF1 :+: GSTK1, GSTK1 :-: Ferroptosis",1
PPM1K,driver,1.0,Validated,0,"Mice, rat",37752100,HGNC:25415,ENSG00000163644,Q8N3J5,"PPM1K :-: GPX4, GPX4 :-: Ferroptosis",1
PPP1R13L,suppressor,1.0,Validated,0,Mice,32203170,HGNC:18838,ENSG00000104881,Q8WUF5 ,"PPP1R13L :+: Nrf2, Nrf2 :-: Ferroptosis",1
PPP2R2B,driver,1.0,Validated,0,"Human, mice",37554285,HGNC:9305,ENSG00000156475,Q00005,"PPP2R2B :-: GPX4, GPX4 :+: p53, p53 :-: Ferroptosis",1
PRDX1,suppressor|unclassified,1.0,Deduced|Validated,0,"Human|Human, mice",31901729|35646542,HGNC:9352,ENSG00000117450|ENSG00000117450 ,Q06830,"PRDX1 :-: Ferroptosis|PRDX1 :-: Lipid ROS, Lipid ROS :+: Ferroptosis|PRDX1 :?: Ferroptosis",3
PRDX2,suppressor,1.0,Validated,0,"Human, mice|Rat",35646542|36819780,HGNC:9353,ENSG00000167815,P32119,"PRDX2 :+: GPX4, GPX4 :-: ACSL4, ACSL4 :+: Ferroptosis|PRDX2 :-: Ferroptosis",2
PRDX3,driver|marker,1.0,Validated,0,"Human, mice",37863053,HGNC:9354,ENSG00000165672,P30048,PRDX3 :+: Ferroptosis,2
PRDX4,suppressor,1.0,Validated,0,"Human, mice",35646542,HGNC:17169,ENSG00000123131,Q13162,PRDX4 :-: Ferroptosis,1
PRDX6,suppressor,1.0,Validated,0,"Human|Human, mice|Mice|Rat|Rat, mice",31036877|33894270|35646542|35723029|35983876|36566948,HGNC:16753,ENSG00000117592,P30041,"PRDX6 :+: NRF2, NRF2 :-: Ferroptosis|PRDX6 :-: Ferroptosis|PRDX6 :-: HMGB1, HMGB1 :+:  Ferroptosis|PRDX6 :-: Lipid ROS, Lipid ROS :+: Ferroptosis|PRDX6 :-: Lipid ROS, Lipid ROS :+: Ferroptosis, PRDX6 :+: GSH, GSH :-: Ferroptosis, PRDX6 :+: GPX4,GPX4 :-: Ferroptosis, PRDX6 :+: SLC7A11, SLC7A11 :-: Ferroptosis|Prdx6 :-: Ferroptosis",6
PRKAA1,driver,1.0,Validated,0,Human,30057310,HGNC:9376,ENSG00000132356,Q13131,"PRKAA1 :+: (BECN1/SLC7A11), (BECN1/SLC7A11) :+: Ferroptosis",1
PRKAA2,driver|suppressor,1.0,Deduced|Validated,0,"Human|Human, mice|Human, porcine|Mice",30057310|32029897|32329068|35482440|35486494|36137421|36246395|36502872|37013504|37210607|37331642,HGNC:9377,ENSG00000162409,P54646|P54646 ,"PRKAA2 :+: (BECN1/SLC7A11), (BECN1/SLC7A11) :+: Ferroptosis|PRKAA2 :+: BECN1, BECN1 :-: SLC7A11, SLC7A11 :-: Ferroptosis|PRKAA2 :+: Ferroptosis|PRKAA2 :+: GPX4, GPX4 :-: Ferroptosis|PRKAA2 :+: phosphorylation of ACC, phosphorylation of ACC :-: Ferroptosis, PRKAA2 :-: PUFA-containing lipid biosynthesis, PUFA-containing lipid biosynthesis :+: Ferroptosis|PRKAA2 :-: (JAK2/STAT3), JAK2/STAT3 :-: p53, p53 :-: GPX4, GPX4 :-: Ferroptosis|PRKAA2 :-: ACC, ACC :+: Ferroptosis|PRKAA2 :-: Ferroptosis|PRKAA2 :-: LCN2, LCN2 :+: Ferroptosis",11
PRKCA,driver,1.0,Validated,0,Human,31173656,HGNC:9393,ENSG00000154229,P17252,PRKCA :+: Ferroptosis,1
PRKCB,driver,1.0,Validated,0,"Human, mice|Mice",35027735|37524450,HGNC:9395,ENSG00000166501,P05771,"PRKCB :+: ACSL4, ACSL4 :+: Ferroptosis|PRKCB :-: GPX4, GPX4 :-: Ferroptosis",2
PRKCG,suppressor,1.0,Validated,0,Mice,35421524,HGNC:9402,ENSG00000126583,P05129,"PRKCG :+: GPX4, GPX4 :-: Ferroptosis, PRKCG :-: ACSL4, ACSL4 :+: Ferroptosis, PRKCG :-: COX2, COX2 :+: Ferroptosis",1
PRKD1,driver,1.0,Validated,0,"Mice, rat",37972803,HGNC:9407,ENSG00000184304,Q15139,"PRKD1 :+: (JNK/P53), (JNK/P53) :+: Ferroptosis",1
PRKD2,suppressor,1.0,Validated,0,"Human, mice",37951334,HGNC:17293,ENSG00000105287,Q9BZL6,"PRKD2 :+: FTH1, FTH1 :-: Ferroptosis",1
PRMT1,suppressor,1.0,Validated,0,"Human, mice",37144835,HGNC:5187,ENSG00000126457,Q99873,"PRMT1 :-: ACSL1, ACSL1 :+: Ferroptosis",1
PRMT5,suppressor,1.0,Validated,0,"Human, mice",37380368,HGNC:10894,ENSG00000100462,O14744,"PRMT5 :-: HMOX1, HMOX1 :+: Ferroptosis",1
PRMT8,suppressor,1.0,Validated,0,Rat,36914965,HGNC:5188,ENSG00000111218,Q9NR22,"PRMT8 :+: H3K4, H3K4 :+: GDNF, GDNF :-: Ferroptosis",1
PRMT9,suppressor,1.0,Validated,0,"Human, mice",37715221,HGNC:25099,ENSG00000164169,Q6P2P2,"PRMT9 :+: HSPA8, HSPA8 :+: CD44, CD44 :-: Ferroptosis",1
PRNP,unclassified,1.0,Validated,0,Human,37535656,HGNC:9449,ENSG00000171867,F7VJQ1,PRNP :?: Ferroptosis,1
PROK2,suppressor,1.0,Validated,0,Mice,34244497,HGNC:18455,ENSG00000163421,Q9HC23,"PROK2 :+: GPX4, GPX4 :-: Ferroptosis, PROK2 :+: FBXO10, FBXO10 :-: ACSL4, ACSL4 :+: Ferroptosis",1
PROM2,suppressor,1.0,Validated,0,Human,31735663|34223704,HGNC:20685,ENSG00000155066,Q8N271,"PROM2 :-: Ferroptosis|Prominin2 :+: Ferritin-containing MVB, Ferritin-containing MVB :-: Ferroptosis",2
PROX1,suppressor,1.0,Validated,0,Human,36815375,HGNC:9459,ENSG00000117707,Q92786,"PROX1 :+: SCD, SCD :-: Ferroptosis",1
PSEN1,suppressor,1.0,Validated,0,Human,35449212,HGNC:9508,ENSG00000080815,P49768,"PSEN1 :+: GPX4, GPX4 :-: Ferroptosis",1
PSEN2,suppressor,1.0,Validated,0,Human,35449212,HGNC:9509,ENSG00000143801,P49810,"PSEN2 :+: GPX4, GPX4 :-: Ferroptosis",1
PSTK,suppressor,1.0,Validated,0,"Human, mice",34983546,HGNC:28578,ENSG00000179988,Q8IV42,"PSTK :+: GPX4, GPX4 :-: Ferroptosis",1
PTBP1,driver,1.0,Validated,0,"Human, mice",36660932,HGNC:9583,ENSG00000011304,P26599,"PTBP1 :+: NCOA4, NCOA4 :+: Ferroptosis",2
PTEN,driver,1.0,Deduced|Validated,0,"Human|Human, mice|Mice",33229547|36840630|37210723|38124152,HGNC:9588,ENSG00000171862,P60484,"PTEN :+: Ferroptosis|PTEN :-: AKT, AKT :-: GSK3β, GSK3β :-: Nrf2, Nrf2 :+: xCT, xCT :-: Ferroptosis|PTEN :-: PI3K-AKT pathway, PI3K-AKT pathway :-: Ferroptosis|PTEN :-: mTOR, mTOR :+: Srebp1, Srebp1 :+: Me1, Me1 :-: Ferroptosis",4
PTGER1,suppressor,1.0,Validated,0,"Human, mice",37531930,HGNC:9593,ENSG00000160951,P34995,"PTGER1 :+: (PKC/Nrf2), (PKC/Nrf2) :-: Ferroptosis",1
PTGES2,driver,1.0,Validated,0,Mice,37907523,HGNC:17822,ENSG00000148334,Q9H7Z7,"PTGES2 :+: p53, p53 :-: SLC7A11, SLC7A11 :+: GPX4, GPX4 :-: Ferroptosis",1
PTGS2,driver|marker,1.0,Deduced|Validated,0,"Human|Human, mice|Mice|Mice, Human",24439385|35243801|35490984|35690207|35721711|35728282|35919817|36495698|36882396,HGNC:9605|HGNC:9605 ,ENSG00000073756,P35354,PTGS2 :+: Ferroptosis,11
PTPMT1,suppressor,1.0,Validated,0,Human,35000852,HGNC:26965,ENSG00000110536,Q8WUK0,"PTPMT1 :-: ACSL4, ACSL4 :+: Ferroptosis, PTPMT1 :+: SLC7A11, SLC7A11 :-: Ferroptosis",1
PTPN11,driver,1.0,Validated,0,Mice,37169572,HGNC:9644,ENSG00000179295,Q06124,"PTPN11 :+: ACSL4, ACSL4 :+: Ferroptosis",1
PTPN18,suppressor,1.0,Validated,0,Human,33642877,HGNC:9649,ENSG00000072135,Q99952,"PTPN18 :-: p-P38, p-P38 :-: GPX4, GPX4 :-: Ferroptosis",1
PTPN6,driver,1.0,Validated,0,Human,34921145,HGNC:9658,ENSG00000111679,P29350,"PTPN6 :-: NF-κB signaling, NF-κB signaling :+: LCN2, LCN2 :-: Ferroptosis",1
PTPRC,suppressor,1.0,Validated,0,Human,37851191,HGNC:9666,ENSG00000081237,P08575,"PTPRC :-: TFEB, TFEB :-: FTH1, FTH1 :-: Ferroptosis",1
PVT1,driver,1.0,Validated,0,"Human, mice",32827544,HGNC:9709,ENSG00000249859,,PVT1 :+: Ferroptosis,1
PYCR1,suppressor,1.0,Validated,0,"Human, mice",36104652,HGNC:9721,ENSG00000183010,P32322,"PYCR1 :+: SLC25A10, SLC25A10 :-: Ferroptosis",1
QSOX1,driver,1.0,Validated,0,Human,33770521,HGNC:9756,ENSG00000116260,O00391,"QSOX1 :-: EGFR, EGFR :+: NRF2, NRF2 :-: Ferroptosis",1
RAB26,suppressor,1.0,Validated,0,Mice,38169213,HGNC:14259,ENSG00000167964,Q9ULW5,"RAB26 :+: GPX4, GPX4 :-: Ferroptosis",1
RAP1GDS1,suppressor,1.0,Validated,0,"Human, mice",38007983,HGNC:9859,ENSG00000138698,P52306,RAP1GDS1 :-: Ferroptosis,1
RAPGEF3,driver,1.0,Validated,0,Mice,35204198,HGNC:16629,ENSG00000079337,O95398,RAPGEF3 :+: Ferroptosis,1
RARRES2,suppressor,1.0,Validated,0,Human,33757970,HGNC:9868,ENSG00000106538,Q99969,RARRES2 :-: Ferroptosis,1
RB1,suppressor,1.0,Validated,0,"Human, mice",25444922|36928314,HGNC:9884,ENSG00000139687,P06400,"RB1 :-: E2F, E2F :+: ACSL4, ACSL4 :+: Ferroptosis|RB1 :-: Ferroptosis",2
RB1CC1,driver,1.0,Validated,0,"Human, mice",35220675,HGNC:15574,ENSG00000023287,Q8TDY2,RB1CC1 :+: Ferroptosis,1
RBM15,suppressor,1.0,Validated,0,"Human, Mice",36715115,HGNC:14959,ENSG00000162775,Q96T37,"RBM15 :+: (TGF-beta/Smad2), (TGF-beta/Smad2) :-: Ferroptosis",1
RBM24,suppressor,1.0,Validated,0,"Human, mice",36478739,HGNC:21539,ENSG00000112183,Q9BX46,"RBM24 :+: SLC7A11, SLC7A11 :-: Ferroptosis",1
RBM3,driver,1.0,Validated,0,"Human, mice",37170022,HGNC:9900,ENSG00000102317,P98179,"RBM3 :-: SLC7A11, SLC7A11 :-: Ferroptosis",1
RBMS1,driver|suppressor,1.0,Validated,0,"Human|Human, mice",34609966|36989117,HGNC:9907,ENSG00000153250,P29558,"RBMS1 :+: Ferroptosis|RBMS1 :+: SLC7A11, SLC7A11 :-: Ferroptosis",2
RELA,suppressor|unclassified,1.0,Deduced|Validated,0,Mice,25385600|32015337,HGNC:9955,ENSG00000173039,Q04206,"RELA :-: ER stress, ER stress :+: Ferroptosis|RELA :?: Ferroptosis",2
REST,driver|suppressor,1.0,Validated,0,"Human, mice|Mice",35936219|37288660,HGNC:9966,ENSG00000084093,Q13127,"REST :-: GCLM, GCLM :-: Ferroptosis|REST :-: SP1, SP1 :+: ACSL4, ACSL4 :+: Ferroptosis",2
RHEBP1,suppressor,1.0,Validated,0,"Human, mice",32404875,HGNC:10010,ENSG00000229927,,RHEBP1 :-: Ferroptosis,1
RIPK3,suppressor,1.0,Validated,0,Mice,35101798,HGNC:10021,ENSG00000129465,Q9Y572,"RIPK3 :-: (PEBP1-15LOX), (PEBP1-15LOX) :+: Ferroptosis",1
RND1,driver,1.0,Validated,0,Human,35505371,HGNC:18314,ENSG00000172602,Q92730,"RND1 :-: SLC7A11, SLC7A11 :-: Ferroptosis, RND1 :+: P53, P53 :+: Ferroptosis",1
RNF113A,suppressor,1.0,Validated,0,Human,32152280,HGNC:12974,ENSG00000125352,O15541,"RNF113A :-: Lipid ROS, Lipid ROS :+: Ferroptosis",1
RNF25,suppressor,1.0,Validated,0,"Human, mice",37946697,HGNC:14662,ENSG00000163481,Q96BH1,"RNF25 :+: CARM1, CARM1 :-: ACSL4, ACSL4 :+: Ferroptosis",1
RPL8,driver|marker|unclassified,1.0,Deduced|Validated,0,Human,22632970|26097885|35444645,HGNC:10368,ENSG00000161016,P62917,RPL8 :+: Ferroptosis|RPL8 :?: Ferroptosis,3
RPLP2,suppressor,1.0,Validated,0,"Human, mice",37980521,HGNC:10377,ENSG00000177600,P05387,RPLP2 :-: Ferroptosis,1
RPTOR,suppressor,1.0,Deduced|Validated,0,Human|Mice,33229547|33707434|36722887,HGNC:30287,ENSG00000141564,Q8N122,"RAPTOR :+: mTORC1, mTORC1 :+: SREBP1, SREBP1 :+: SCD1, SCD1 :-: Ferroptosis|RPTOR :+: GPX4, GPX4 :-: Ferroptosis|RPTOR :-: Ferroptosis",3
RRAD,driver,1.0,Validated,0,Human,36934248,HGNC:10446,ENSG00000166592,P55042,RRAD :+: Ferroptosis,1
RRM1,driver|suppressor,1.0,Validated,0,Human,35074928|35915092,HGNC:10451,ENSG00000167325,P23921,"RRM1 :+: Ferroptosis|RRM1 :-: TP53, TP53 :-: GPX4, GPX4 :-: Ferroptosis",2
RRM2,driver|suppressor|unclassified,1.0,Deduced|Validated,0,Human,31108460|33372599|34648954|35074928,HGNC:10452,ENSG00000171848,P31350,"RRM2 :+: Ferroptosis|RRM2 :+: GSS, GSS :+: GSH, GSH :-: Ferroptosis|RRM2 :+: glutathione, glutathione :-: Ferroptosis, RRM2 :-: iron accumulation, iron accumulation :+: Ferroptosis, RRM2 :-: Lipid ROS, Lpid ROS :+: Ferroptosis, RRM2 :-: MDA, MDA :+: Ferroptosis|RRM2 :?: Ferroptosis",4
RSL1D1,suppressor,1.0,Validated,0,"Human, mice",36913375,HGNC:24534,ENSG00000171490,O76021,"RSL1D1 :+: FTH1, FTH1 :-: Ferroptosis",1
RUNX3,driver,1.0,Validated,0,"Human, mice",37156453,HGNC:10473,ENSG00000020633,Q13761,"RUNX3 :+: ING1, ING1 :+: p53, p53 :-: SLC7A11, SLC7A11 :-: Ferroptosis",1
RXRG,suppressor,1.0,Validated,0,Mice,35486208,HGNC:10479,ENSG00000143171,P48443,"RXRG :+: GPX4, GPX4 :-: Ferroptosis",1
S100A8,driver,1.0,Validated,0,Mice,35870523,HGNC:10498,ENSG00000143546,P05109,S100A8 :+: Ferroptosis,1
SAT1,driver|marker,1.0,Validated,0,"Human|Human, mice|Mice",27698118|35090880|35444645,HGNC:10540,ENSG00000130066,P21673,"SAT1 :+: ALOX15, ALOX15 :+: Ferroptosis|SAT1 :+: ALOX15, ALOX15 :+: Lipid ROS, Lipid ROS :+: Ferroptosis",3
SATB1,suppressor,1.0,Validated,0,Mice,36274077,HGNC:10541,ENSG00000182568,Q01826,"SATB1 :+: (SLC7A11/HO-1), (SLC7A11/HO-1) :-: Ferroptosis",1
SCARA5,driver,1.0,Validated,0,"Human, mice",36513999,HGNC:28701,ENSG00000168079,Q6ZMJ2,SCARA5 :+: Ferroptosis,1
SCD,suppressor,1.0,Validated,0,"Human|Human, mice|Mice",28900510|31270077|32726752|33264619|34030117|35526323|35547771|36889082|36923091,HGNC:10571,ENSG00000099194,O00767,"SCD :+: CoQ10, CoQ10 :-: Ferroptosis|SCD :+: GPX4, GPX4 :-: Ferroptosis|SCD :+: PPARG, PPARG :-: Ferroptosis|SCD :+: SLC7A11, SLC7A11 :-: Ferroptosis, SCD :+: GPX4, GPX4 :-: Ferroptosis|SCD :-: Ferroptosis|SCD1 :+: SLC7A11, SLC7A11 :+: GPX4, GPX4 :-: Ferroptosis ",9
SCD1,suppressor,1.0,Validated,0,Human,37544230,HGNC:10571,ENSG00000099194,O00767,SCD1 :-: Ferroptosis,1
SCD5,suppressor,1.0,Validated,0,Human,37544230,HGNC:21088,ENSG00000145284,Q86SK9,SCD5 :-: Ferroptosis,1
SCP2,driver,1.0,Validated,0,"Human, rat|Mice",25402683|37422468,HGNC:10606,ENSG00000116171,P22307,"SCP2 :+: Ferroptosis|SCP2 :-: GPX4, GPX4 :-: Ferroptosis",2
SDCBP2-AS1,suppressor,1.0,Validated,0,Human,37807311,HGNC:44314,ENSG00000234684,,"SDCBP2-AS1 :-: miR-656-3p, miR-656-3p :-: CRIM1, CRIM1 :-: Ferroptosis",1
SEC24B,driver,1.0,Validated,0,Human,36536241,HGNC:10704,ENSG00000138802,O95487,SEC24B :+: Ferroptosis,1
SELENOK,suppressor,1.0,Validated,0,"Human, mice",36921994,HGNC:30394,ENSG00000113811,Q9Y6D0,"SELENOK :+: GPX4, GPX4 :-: Ferroptosis",1
SENP1,suppressor,1.0,Validated,0,"Human, mice|Rat",33746578|35280420,HGNC:17927,ENSG00000079387,Q9P0U3,"SENP1 :-: A20, A20 :+: ACSL4, ACSL4 :+: Ferroptosis, SENP1 :-: A20, A20 :-: SLC7A11, SLC7A11 :-: Ferroptosis, SENP1 :+: GPX4, GPX4 :-: Ferroptosis|SENP1 :-: Lpid ROS, Lpid ROS :+: Ferroptosis, SENP1 :-: ACSL4, ACSL4 :+: Ferroptosis",2
SERPINF1,suppressor,1.0,Validated,0,"Human, mice",38153666,HGNC:8824,ENSG00000132386,P36955,"SERPINF1 :+: GPX4, GPX4 :-: Ferroptosis, PEDF :+: FTH1, FTH1 :-: Ferroptosis",1
SESN1,suppressor,1.0,Validated,0,"Human, mice",37294547,HGNC:21595,ENSG00000080546,Q9Y6P5,"SESN1 :+: p21, p21 :-: Ferroptosis",1
SESN2,suppressor|unclassified,1.0,Screened|Validated,0,"Human|Human, mice|Mice",24844246|31323261|34482365|36066109|38109473,HGNC:20746,ENSG00000130766,P58004,"SESN2 :+: (AMPK/Nrf2), (AMPK/Nrf2) :-: Ferroptosis|SESN2 :-: (ATF4/CHOP/CHAC1), (ATF4/CHOP/CHAC1) :+: Ferroptosis|SESN2 :-: Ferroptosis|SESN2 :-: Lipid ROS, Lipid ROS :+: Ferroptosis|SESN2 :?: Ferroptosis",5
SESTRIN2,suppressor,1.0,Validated,0,"Human, mice",37183711,,,,"Sestrin2 :+: LKB1, LKB1 :+: AMPK, AMPK :-: Ferroptosis",1
SETD1A,suppressor,1.0,Validated,0,"Human, mice",37548102,HGNC:29010,ENSG00000099381,O15047,"SETD1A :+: (HOXC-AS3/EP300), (HOXC-AS3/EP300) :-: Ferroptosis",1
SETD2,suppressor,1.0,Validated,0,"Human, mice",37604811,HGNC:18420,ENSG00000181555,Q9BYW2,"SETD2 :+: FECH, FECH :-: Ferroptosis",1
SETD7,driver,1.0,Validated,0,Human,36822329,HGNC:30412,ENSG00000145391,Q8WTS6,"SETD7 :-: OTUB1, OTUB1 :-: Ferroptosis",1
SGK2,suppressor,1.0,Validated,0,"Human, mice",36720852,HGNC:13900,ENSG00000101049,Q9HBY8,"SGK2 :+: GPX4, GPX4 :-: Ferroptosis",1
SHARPIN,driver|suppressor,1.0,Validated,0,Human|Mice,35968603|37444594,HGNC:25321,ENSG00000179526,Q9H0F6,"SHARPIN :+: (p53/SLC7A11/GPX4), (p53/SLC7A11/GPX4) :-: Ferroptosis|SHARPIN :+: NF-κΒ, NF-κΒ :+: Ferroptosis, SHARPIN :+: PRMT5, PRMT5 :-: PGC1α, PGC1α :+: SLC7A11, SLC7A11 :-: Ferroptosis",2
SHP-1,driver,1.0,Validated,0,"Human, mice",36232407,HGNC:9658,ENSG00000111679,P29350,"SHP-1 :-: STAT3, STAT3 :+: MCL1, MCL1 :-: BECN1, BECN1  :-: SLC7A11, SLC7A11 :-: Ferroptosis",1
SIAH2,suppressor,1.0,Validated,0,Human,32042051,HGNC:10858,ENSG00000181788,O43255,"SIAH2 :+: GPX4, GPX4 :-: Ferroptosis",1
SIRT1,driver|suppressor,1.0,Predicted|Validated,0,"Human|Human, mice|Mice|Rat",31610175|32896720|34000515|35273493|35853732|35855863|36184790|36238648|36496165|36820068|36882816|36935054|37236026|38012584|38147776,HGNC:14929,ENSG00000096717,Q96EB6,"SIRT1 :+: (NRF2/HO1), (NRF2/HO1) :-: Ferroptosis|SIRT1 :+: (Nrf2/GPx4), (Nrf2/GPx4) :-: Ferroptosis|SIRT1 :+: (Nrf2/HO-1), (Nrf2/HO-1) :-: Ferroptosis|SIRT1 :+: APE1, APE1 :-: p53, p53 :+: Ferroptosis|SIRT1 :+: EMT, EMT :+: Ferroptosis|SIRT1 :+: Fe/Fe2, Fe/Fe2 :+: Ferroptosis, SIRT1 :-: GSH, GSH :-: Ferroptosis, SIRT1 :+: Lipid ROS, Lipid ROS :+: Ferroptosis, SIRT1 :-: NADP+/NADPH, NADP+/NADPH :-: Ferroptosis|SIRT1 :+: Ferroptosis|SIRT1 :+: GPX4, GPX4 :-: Ferroptosis, SIRT1 :+: FSP1, FSP1 :-: Ferroptosis|SIRT1 :+: NRF2, NRF2 :-: Ferroptosis|SIRT1 :+: PINK1, PINK1 :-: Ferroptosis|SIRT1 :-: Ferroptosis|SIRT1 :-: Lpid ROS, Lipid ROS :+: Ferroptosis, SIRT1 :+: GPX4, GPX4 :-: Ferroptosis|SIRT1 :-: p53 acetylation, p53 acetylation :+: Ferroptosis|SIRT1 :-: p53, p53 :+: Ferroptosis",16
SIRT2,suppressor,1.0,Validated,0,Mice|Rat,34102645|35401208,HGNC:10886,ENSG00000068903,Q8IXJ6,"SIRT2 :+: FPN1, FPN1 :-: Ferroptosis, SIRT2 :+: GPX4, GPX4 :-: Ferroptosis, SIRT2 :-: ACSL4. ACSL4 :+: Ferroptosis|SIRT2 :-: p53, p53 :+: Ferroptosis",2
SIRT3,driver|suppressor,1.0,Validated,0,"Human|Human, mice|Human, porcine|Mice|Rat",32329068|33377976|33872694|37099926|37408261|38012584,HGNC:14931,ENSG00000142082,Q9NTG7,"SIRT3 :+: ACSL4, ACSL4 :+: Ferroptosis|SIRT3 :+: PINK1, PINK1 :-: Ferroptosis|SIRT3 :-: Ferroptosis|SIRT3 :-: GPX4, GPX4 :-: Ferroptosis|SIRT3 :-: p53, p53 :+: Ferroptosis",6
SIRT4,suppressor,1.0,Validated,0,"Mice, rat",37865653,HGNC:14932,ENSG00000089163,Q9Y6E7,"SIRT4 :+: (HIF-1α/HO-1), (HIF-1α/HO-1) :-: Ferroptosis",1
SIRT6,driver|suppressor,1.0,Validated,0,"Human|Human, mice|Human, rat",34530350|35837046|36275897|36463827|36895980|37329975|37860888,HGNC:14934,ENSG00000077463,Q8N6T7,"SIRT6 :+: (Nrf2/GPX4), (Nrf2/GPX4) :-: Ferroptosis|SIRT6 :+: GPX4, GPX4 :-: Ferroptosis|SIRT6 :+: GPX4, GPX4 :-: Ferroptosis, SIRT6 :-: Lipid ROS, Lipid ROS :+: Ferroptosis, SIRT6 :-: Fe2+, Fe2+ :+: Ferroptosis, SIRT6 :-: MDA, MDA :+: Ferroptosis, SIRT6 :+: GSH, GSH :-: Ferroptosis, SIRT6 :+: NRF2, NRF2 :-: Ferroptosis|SIRT6 :+: NCOA4, NCOA4 :+: Ferroptosis|SIRT6 :+: NF-κB, NF-κB :+: Ferroptosis|SIRT6 :-: Ferroptosis",7
SIRT7,suppressor,1.0,Validated,0,Mice,36334846,HGNC:14935,ENSG00000187531,Q9NRC,"SIRT7 :+: (KLF15/Nrf2), (KLF15/Nrf2) :-: Ferroptosis",1
SLAMF8,driver,1.0,Validated,0,Rat,38158136,HGNC:21391,ENSG00000158714,Q9P0V8,"SLAMF8 :+: (TLR4/NOX4), (TLR4/NOX4) :+: Ferroptosis",1
SLC11A2,driver|suppressor,1.0,Deduced|Validated,0,Human|Mice,32535745|34427071|35919817|36890422|37419216,HGNC:10908,ENSG00000110911,P49281,"SLC11A2 :+: Lipid ROS, Lipid ROS :+: Ferroptosis, SLC11A2 :+: ferrous iron, ferrous iron :+: Ferroptosis, SLC11A2 :+: iron deposition, iron deposition :+: Ferroptosis |SLC11A2 :+: MDA, MDA :+: Ferroptosis, SLC11A2 :+: iron content, iron content :+: Ferroptosis, SLC11A2 :+: Lipid ROS, Lipid ROS :+: Ferroptosis|SLC11A2 :-: Ferroptosis|SLC11A2 :-: GPX4, GPX4 :-: Ferroptosis",5
SLC12A5,suppressor,1.0,Validated,0,"Human, mice",36645171,HGNC:13818,ENSG00000124140,Q9H2X9,"SLC12A5 :+: xCT, xCT :-: Feerroptosis",1
SLC16A1,suppressor,1.0,Validated,0,"Human, mice",33296645,HGNC:10922,ENSG00000155380,P53985,"(HCAR1/MCT1) :-: (AMP/ATP), (AMP/ATP) :+: AMPK, AMPK :-: SREBP1, SREBP1 :+: SCD1, SCD1 :-: Ferroptosis, (HCAR1/MCT1) :-: ACSL4, ACSL4 :+: Ferroptosis",1
SLC16A1-AS1,suppressor,1.0,Validated,0,Human,35167383,HGNC:49445,ENSG00000226419,,"SLC16A1-AS1 :-: miR-143-3p, miR-143-3p :-: SLC7A11, SLC7A11 :-: Ferroptosis",1
SLC1A5,driver|marker|suppressor,1.0,Deduced|Validated,0,"Human|Human, mice|Mice",26166707|29348676|35041678|35444645|35505093|36262284|36566214|37773303,HGNC:10943,ENSG00000105281,Q15758,"SLC1A5 :+: Ferroptosis|SLC1A5 :+: GPX4, GPX4 :-: Ferroptosis|SLC1A5 :+: Glutamine, Glutamine :+: Glutamate, Glutamate :+: alpha-Ketoglutarate, alpha-Ketoglutarate :+: Ferroptosis|SLC1A5 :+: Glutaminolysis, Glutaminolysis :+: Lipid ROS, Lipid ROS :+: Ferroptosis|SLC1A5 :-: Ferroptosis",8
SLC25A11,suppressor,1.0,Validated,0,"Human, mice",36037337,HGNC:10981,ENSG00000108528,Q02978,"SLC25A11 :+: GPX4, GPX4 :-: Ferroptosis",1
SLC25A22,suppressor,1.0,Validated,0,"Human, mice",37051693,HGNC:19954,ENSG00000177542,Q9H936,SLC25A22 :-: Ferroptosis,1
SLC25A28,driver,1.0,Validated,0,"Human, mice",32863216,HGNC:23472,ENSG00000155287,Q96A46,"SLC25A28 :+: mitochondrial iron accumulation, mitochondrial iron accumulation :+: Ferroptosis",1
SLC25A37,driver,1.0,Validated,0,Human,35121990,HGNC:29786,ENSG00000147454,Q9NYZ2,SLC25A37 :+: Ferroptosis,1
SLC27A4,suppressor,1.0,Validated,0,"Human, mice",36924851,HGNC:10998,ENSG00000167114,Q6P1M0,SLC27A4 :-: Ferroptosis,1
SLC27A5,driver,1.0,Validated,0,"Human, mice",36635256,HGNC:10999,ENSG00000083807,Q9Y2P5,"SLC27A5 :-: NRF2, NRF2 :+: GSR, GSR :-: Ferroptosis",1
SLC2A12,suppressor|unclassified,1.0,Deduced|Validated,0,"Human|Human, mice",28900510|37940066,HGNC:18067,ENSG00000146411,Q8TD20,SLC2A12 :-: Ferroptosis|SLC2A12 :?: Ferroptosis,2
SLC35F2,suppressor,1.0,Validated,0,"Human, mice",37740007,HGNC:23615,ENSG00000110660,Q8IXU6,"SLC35F2 :+: SYVN1, SYVN1 :+: TRIM59, TRIM59 :-: p53, p53 :+: Ferroptosis",1
SLC38A1,driver,1.0,Deduced|Screened|Validated,0,"Human, rat|Mice",26166707|27514700|32453709,HGNC:13447,ENSG00000111371,Q9H2H9,"SLC38A1 :+: Ferroptosis|SLC38A1 :+: Glutamine, Glutamine :+: Glutamate, Glutamate :+: alpha-Ketoglutarate, alpha-Ketoglutarate :+: Ferroptosis|SLC38A1 :+: Lipid ROS, Lipid ROS :+: Ferroptosis",3
SLC38A2,suppressor,1.0,Validated,0,Mice,36722887,HGNC:13448,ENSG00000134294,Q96QD8,"SLC38A2 :+: mTORC1, mTORC1 :+: GPX4, GPX4 :-: Ferroptosis",1
SLC38A5,suppressor,1.0,Validated,0,"Human, mice",37887353,HGNC:18070,ENSG00000017483,Q8WUX1,"SLC38A5 :+: SREBP1, SREBP1 :+: SCD1, SCD1 :-: Ferroptosis",1
SLC39A14,driver|suppressor,1.0,Validated,0,"Human, mice|Human, rat|Mice",32374849|35641158|37978473,HGNC:20858,ENSG00000104635,Q15043,"SLC39A14 :+: (cGMP/PKG), (cGMP/PKG) :-: Ferroptosis|SLC39A14 :+: Ferroptosis",3
SLC39A7,driver,1.0,Validated,0,Human,33608508,HGNC:4927,ENSG00000112473,Q92504,SLC39A7 :+: Ferroptosis,1
SLC39A8,driver,1.0,Validated,0,"Human, mice",38103342,HGNC:20862,ENSG00000138821,Q9C0K1,SLC39A8 :+: Ferroptosis,1
SLC3A2,suppressor|unclassified,1.0,Deduced|Screened|Validated,0,"Human|Human, mice|Mice",24844246|26945935|31043744|35057861|35919817|37479744|37690733,HGNC:11026,ENSG00000168003,P08195,"SLC3A2 :+: System Xc-, System Xc- :-: Ferroptosis|SLC3A2 :-: Ferroptosis|SLC3A2 :-: mTOR, mTOR :+: Ferroptosis|SLC3A2 :?: Ferroptosis",7
SLC40A1,marker|suppressor,1.0,Deduced|Validated,0,Human|Mice,27441659|27773819|29436589|29949159|35853860|35919817|37890398,HGNC:10909,ENSG00000138449,Q9NP59,"SLC40A1 :-: Ferroptosis|SLC40A1 :-: Lipid ROS, Lipid ROS :+: Ferroptosis",7
SLC43A2,suppressor,1.0,Validated,0,"Human, mice",37268653,HGNC:23087,ENSG00000167703,Q8N370,"SLC43A2 :+: NFκB, NFκB :+: GPX4, GPX4 :-: Ferroptosis",1
SLC47A1,suppressor,1.0,Validated,0,Human,36575162,HGNC:25588,ENSG00000142494,Q96FL8,SLC47A1 :-: Ferroptosis,1
SLC6A14,driver,1.0,Validated,0,Human,36272033,HGNC:11047,ENSG00000268104,Q9UN76,"SLC6A14 :+: C/EBPβ, C/EBPβ :-: PAK6, PAK6 :-: Ferroptosis",1
SLC7A11,driver|marker|suppressor|unclassified,1.0,Deduced|Validated,0,"Human|Human, mice|Human, rat|Mice",22632970|24844246|25799988|26218928|27441659|27477897|27705786|28195347|28813679|29274359|31043744|32322334|32608563|32621966|33681224|33991158|34722314|35104016|35115492|35444645|35505093|35522946|35690207|35700835|35721711|35919817|36442849|36495698|37245288|37273451|37399587|37537342|37604805|37647899|37932746|37951442|38001343|38017014|38042059|38176266,HGNC:11059,ENSG00000151012,Q9UPY5,"SC7A11 :+: GSH, GSH :-: Ferroptosis, SC7A11 :-: Lipid ROS, Lipid ROS :+: Ferroptosis, SC7A11 :-: CHAC1, CHAC1 :+: Ferroptosis, SC7A11 :-: PTGS2, PTGS2 :+: Ferroptosis|SLC7A11 :+: (PI3K/AKT), (PI3K/AKT) :-: Ferroptosis|SLC7A11 :+: Cystine, Cystine :-: Ferroptosis|SLC7A11 :+: Cystine, Cystine :-: Ferroptosis, SLC7A11 :+: Glutathione, Glutathione :-: Ferroptosis, SLC7A11 :-: Lipid ROS, Lipid ROS :+: Ferroptosis|SLC7A11 :+: Ferroptosis|SLC7A11 :+: GSH, GSH :-: Ferroptosis|SLC7A11 :+: Gpx4, Gpx4 :-: Ferroptosis|SLC7A11 :+: NRF2, NRF2 :-: Ferroptosis|SLC7A11 :+: c-Myc, c-Myc :-: Ferroptosis|SLC7A11 :-: Ferroptosis|SLC7A11 :-: Ferroptosis |SLC7A11 :-: Lipid ROS, Lipid ROS :+: Ferroptosis|SLC7A11 :?: Ferroptosis",40
SLC7A11-AS1,driver,1.0,Validated,0,"Human|Human, mice",37923170|38001343,HGNC:44064,ENSG00000250033,,"SLC7A11-AS1 :-: SLC7A11, SLC7A11 :-: Ferroptosis",2
SMAD3,suppressor,1.0,Validated,0,Mice,37926174,HGNC:6769,ENSG00000166949,P84022,"SMAD3 :+: GPX4, GPX4 :-: Ferroptosis",1
SMARCB1,driver,1.0,Validated,0,"Human, mice",37236926,HGNC:11103,ENSG00000099956,Q12824,"SMARCB1 :+: TFCP2L1, TFCP2L1 :-: MYC, MYC :-: Ferroptosis",1
SMG9,driver,1.0,Validated,0,Human,34146907,HGNC:25763,ENSG00000105771,Q9H0W8,"SMG9 :-: GPX4, GPX4 :-: Ferroptosis",1
SMPD1,driver|suppressor,1.0,Validated,0,Human|Mice,33414455|34401974,HGNC:11120,ENSG00000166311,P17405,"SMPD1 :+: Lipid ROS, Lipid ROS :+: Ferroptosis, SMPD1 :-: System Xc-, System Xc- :-: Ferroptosis, SMPD1 :-: GSH, GSH :-: Ferroptosis, SMPD1 :-: GPX4, GPX4 :-: Ferroptosis|SMPD1 :-: Ferroptosis",2
SMURF2,driver,1.0,Validated,0,"Human, mice",38016474,HGNC:16809,ENSG00000108854,Q9HAU4,"SMURF2 :-: GSTP1, GSTP1 :-: Ferroptosis",1
SNAI2,suppressor,1.0,Validated,0,Mice,35220872,HGNC:11094,ENSG00000019549,O43623,SNAI2 :-: Ferroptosis ,1
SNAI3-AS1,driver,1.0,Validated,0,"Human, mice",37202791,HGNC:28327,ENSG00000260630,,"SNAI3-AS1 :-: SND1, SND1 :+: Nrf2, Nrf2 :-: Ferroptosis",1
SNAP25,suppressor,1.0,Validated,0,Rat,37393984,HGNC:11132,ENSG00000132639,P60880,SNAP25 :-: Ferroptosis,1
SNCA,driver,1.0,Validated,0,Human,32341450,HGNC:11138,ENSG00000145335,P37840,"SNCA :+: Lipid ROS, Lipid ROS :+: Ferroptosis",1
SND1,driver|suppressor,1.0,Validated,0,"Human|Mice, rat",35320827|36453257,HGNC:30646,ENSG00000197157,Q7KZF4,"SND1 :+: GPX4, GPX4 :-: Ferroptosis|SND1 :-: HSPA5, HSPA5 :+: GPX4, GPX4 :-: Ferroptosis",2
SNHG1,driver|suppressor,1.0,Validated,0,"Human|Human, mice",37315165|37599085,HGNC:32688,ENSG00000255717,,"SNHG1 :-: MIR16, MIR16 :-: ACSL4, ACSL4 :+: Ferroptosis|SNHG1 :-: miR-199a, miR-199a :-: FANCD2, FANCD2 :-: Ferroptosis, miR-199a :-: G6PD, G6PD :-: Ferroptosis",2
SNHG14,suppressor,1.0,Validated,0,Human,36599973,HGNC:37462,ENSG00000224078,,"SNHG14 :-: miR-206, miR-206 :-: SLC7A11, SLC7A11 :-: Ferroptosis",1
SNHG7,driver,1.0,Validated,0,Mice,37277029,HGNC:28254,ENSG00000233016,,"SNHG7 :+: Tbx5, Tbx5 :+: GLS2, GLS2 :+: Ferroptosis",1
SNORA56,suppressor,1.0,Validated,0,"Human, mice",38049865,HGNC:32650,ENSG00000206693,,"SNORA56 :+: GCLC, GCLC :-: Ferroptosis",1
SNX3,driver,1.0,Validated,0,Mice,38045054,HGNC:11174,ENSG00000112335,O60493,"SNX3 :+: TFRC, TFRC :+: Ferroptosis",1
SNX5,driver,1.0,Validated,0,Rat,34134000|35571244,HGNC:14969,ENSG00000089006,Q9Y5X3,"SNX5 :+: Ferroptosis|SNX5 :-: GPX4, GPX4 :-: Ferroptosis, SNX5 :+: Lipid peroxidation, Lipid peroxidation :+: Ferroptosis ",2
SOCS1,driver,1.0,Validated,0,"Human|Human, mice",29081404|37665951,HGNC:19383,ENSG00000185338,O15524,"SOCS1 :+: p53, p53 :-: SLC7A11, SLC7A11 :+: GSH, GSH :-: Ferroptosis|SOCS1 :-: GPX4, GPX4 :-: Ferroptosis",2
SOCS2,driver,1.0,Validated,0,"Human|Human , mice",35995846|36735705,HGNC:19382,ENSG00000120833,O14508,"SOCS2 :+: Ferroptosis|SOCS2 :-: SLC7A11, SLC7A11 :-: Ferroptosis",2
SOD1,driver,1.0,Validated,0,Mice,37352984,HGNC:11179,ENSG00000142168,P00441,"SOD1 :-: (NRF2/GPX4), (NRF2/GPX4) :-: Ferroptosis",1
SOD2,suppressor,1.0,Validated,0,Human,36737723,HGNC:11180,ENSG00000291237,P04179,SOD2 :-: Ferroptosis,1
SOX10,driver,1.0,Validated,0,Mice,36919939,HGNC:11190,ENSG00000100146,P56693,"SOX10 :-: miR-29a-3p, miR-29a-3p :-: ACSL4, ACSL4 :+: Ferroptosis",1
SOX2,suppressor,1.0,Validated,0,"Human, mice",34385181,HGNC:11195,ENSG00000181449,P48431,"SOX2 :+: SLC7A11, SLC7A11 :-: Ferroptosis",1
SOX8,driver,1.0,Validated,0,"Human, mice",38142583,HGNC:11203,ENSG00000005513,P57073,SOX8 :+: Ferroptosis,1
SP1,driver|unclassified,1.0,Deduced|Validated,0,Human|Mice,31056284|35068337,HGNC:11205,ENSG00000185591,P08047,SP1 :+: Ferroptosis|SP1 :?: Ferroptosis,2
SPATA2,driver,1.0,Validated,0,"Mice, rat",36195186,HGNC:14681,ENSG00000158480,Q9UM82,"SPATA2 :+: CYLD; CYLD :+: NCOA4, NCOA4 :+: Ferroptosis",1
SPDYA,suppressor,1.0,Validated,0,Mice,36443440,HGNC:30613,ENSG00000163806,Q5MJ70,"SPDYA :-: TFR1, TFR1 :+: Ferroptosis, SPDYA :+: GCH1, GCH1 :+: BH4, BH4 :-: Ferroptosis",1
SPHK1,driver,1.0,Validated,0,Mice,34993846,HGNC:11240,ENSG00000176170,Q9NYA1,SPHK1 :+: Ferroptosis,1
SPI1,suppressor,1.0,Validated,0,"Human|Human, mice",37517591|38032469,HGNC:11241,ENSG00000066336,P17947,"SPI1 :+: GPX4, GPX4 :-: Ferroptosis|SPI1 :+: TIMP1, TIMP1 :-: Ferroptosis",2
SPINK4,suppressor,1.0,Validated,0,"Human, mice",37013514,HGNC:16646,ENSG00000122711,O60575,SPINK4 :-: Ferroptosis,1
SQLE,marker|suppressor,1.0,Deduced|Validated,0,"Human, mice|Mice",35505093|37839786,HGNC:11279,ENSG00000104549,Q14534,"SQLE :+: CCNB1, CCNB1 :-: Ferroptosis",2
SQOR,suppressor,1.0,Validated,0,"Human|Human, mice",36109647|38052107,HGNC:20390,ENSG00000137767,Q9Y6N5,SQOR :-: Ferroptosis,2
SQSTM1,driver|suppressor,1.0,Validated,0,"Human|Human, mice",26403645|30339884|32770451|36426912,HGNC:11280,ENSG00000161011,Q13501,"(SQSTM1/Keap1) :+: Nrf2, Nrf2 :-: Ferroptosis, (SQSTM1/Keap1) :+: HO-1, HO-1 :-: Ferroptosis|SQSTM1 :+: ACSL4,  ACSL4 :+: Ferroptosis|SQSTM1 :+: NFE2L2, NFE2L2 :+: FTH1, FTH1 :-: Ferroptosis, NFE2L2 :+: FPN, FPN :-: Ferroptosis, NFE2L2 :+: HO-1, HO-1 :-: Ferroptosis|SQSTM1 :-: KEAP1, KEAP1 :-: NFE2L2, NFE2L2 :-: Ferroptosis",4
SRC,suppressor,1.0,Validated,0,Human,28972104|37879937,HGNC:11283,ENSG00000197122,P12931,"SRC :+: STAT3, STAT3 :-: ACSL4, ACSL4 :+: Ferroptosis|SRC :+: p62, p62 :-: KEAP1, KEAP1 :-: NRF2, NRF2 :-: Ferroptosis",2
SREBF1,suppressor,1.0,Validated,0,"Human|Human, mice|Mice",33229547|36840630|36889082|38064101,HGNC:11289,ENSG00000072310,P36956,"SREBF1 :+: Me1, Me1 :-: Ferroptosis|SREBF1 :-: Ferroptosis|SREBP1 :+: SCD, SCD :-: Ferroptosis|SREBP1 :+: SCD1, SCD1 :-: Ferroptosis",4
SREBF2,suppressor,1.0,Validated,0,Human,33203734,HGNC:11290,ENSG00000198911,Q12772,"SREBP2 :+: TF, TF :-: ROS, ROS :+: Lipid peroxidation, Lipid peroxidation :+: Ferroptosis",1
SRSF1,suppressor,1.0,Validated,0,Human,35420382|38040194,HGNC:10780,ENSG00000136450,Q07955,"SRSF1 :+: NFE2L2, NFE2L2 :-: Ferroptosis|SRSF1 :+: circSEPT9, circSEPT9 :+:  GCH1, GCH1 :-: Ferroptosis",2
SRSF9,suppressor,1.0,Validated,0,Human,33609745|34336668,HGNC:10791,ENSG00000111786,Q13242,"SRSF9 :+: GPX4, GPX4 :-: Ferroptosis",2
SSBP1,driver,1.0,Validated,0,Human,35390676,HGNC:11317,ENSG00000106028,Q04837,"SSBP1 :+: DNA-PK, DNA-PK :+: p53, p53 :+: Ferroptosis",1
STARD7,suppressor,1.0,Validated,0,"Human, mice",36658222,HGNC:18063,ENSG00000084090,Q9NQZ5,STARD7 :-: Ferroptosis,1
STAT3,driver|suppressor,1.0,Validated,0,"Human|Human, mice|Mice",28972104|30811078|33014271|35483272|36940731,HGNC:11364,ENSG00000168610,P40763,"STAT3 :+: GPX4, GPX4 :-: Ferroptosis, STAT3 :+: SLC7A11, SLC7A11 :-: Ferroptosis, STAT3 :+: FTH1, FTH1 :-: Ferroptosis|STAT3 :+: NCOA4, NCOA4 :-: FTH1, FTH1 :-: Ferroptosis|STAT3 :+: SLC7A11, SLC7A11 :+: Cystine, Cystine :+: GSH, GSH :+: GPX4, GPX4 :-: Lipid ROS, Lipid ROS :+: Ferroptosis|STAT3 :-: ACSL4, ACSL4 :+: Ferroptosis|STAT3 :-: Ferroptosis",5
STAT6,suppressor,1.0,Validated,0,"Human, mice",35668064,HGNC:11368,ENSG00000166888,P42226,"STAT6 :-: CBP, CBP :+: P53 acetylation, P53 acetylation :-: SLC7A11, SLC7A11 :-: Ferroptosis",1
STC1,suppressor,1.0,Validated,0,Human,36591803,HGNC:11373,ENSG00000159167,P52823,"STC1 :+: NRF2, NRF2 :-: Ferroptosis",1
STC2,suppressor,1.0,Validated,0,"Human, mice",36764215,HGNC:11374,ENSG00000113739,O76061,"STC2 :+: PRMT5, PRMT5 :-: Ferroptosis, STC2 :+: SLC7A11, SLC7A11 :-: Ferroptosis",1
STEAP1,driver,1.0,Validated,0,"Human, mice",37209327,HGNC:11378,ENSG00000164647,Q9UHE8,"STEAP1 :-: Nrf2, Nrf2 :-: Ferroptosis",1
STEAP3,marker|suppressor|unclassified,1.0,Deduced|Validated,0,Human|Mice,27773819|35275508|35505093|38040224,HGNC:24592,ENSG00000115107,Q658P3,"STEAP3 :+: EGFR, EGFR :-: Ferroptosis|STEAP3 :-: TP53, TP53 :+: Ferroptosis, STEAP3 :+: SLC7A11, SLC7A11 :-: Ferroptosis|STEAP3 :?: Ferroptosis",4
STING,driver,1.0,Validated,0,"Human, mice",35902564,HGNC:27962,ENSG00000184584,Q86WV6,"STING :+: NCOA4, NCOA4 :+: Ferroptosis",1
STING1,driver,1.0,Validated,0,"Human|Human, mice",32186434|34195205|37634745,HGNC:27962,ENSG00000184584,Q86WV6,"STING1 :+: Ferroptosis|STING1 :+: MDA, MDA :+: Ferroptosis|STING1 :+: NCOA4, NCOA4 :+: Ferroptosis",3
STK11,suppressor,1.0,Validated,0,Human,32883948,HGNC:11389,ENSG00000118046,Q15831,"LKB1 :+: AMPK, AMPK :-: ACC1, ACC1 :+: FAS, FAS :+: Ferroptosis",1
SUFU,suppressor,1.0,Validated,0,Human,35800779,HGNC:16466,ENSG00000107882,Q9UMX1,"SUFU :-: YAP, YAP :+: ACSL4, ACSL4 :+: Ferroptosis",1
SUV39H1,suppressor,1.0,Validated,0,Human,33643820,HGNC:11479,ENSG00000101945,O43463,"SUV39H1 :-: DPP4, DPP4 :+: Ferroptosis",1
SYNPR-AS1,driver,1.0,Validated,0,"Human, mice",37955780,HGNC:40774,ENSG00000241359,,"SYNPR-AS1 :-: SLC7A11, SLC7A11 :+: GPX4, GPX4 :-: Ferroptosis",1
SYVN1,suppressor,1.0,Validated,0,"Human, rat",37591122,HGNC:20738,ENSG00000162298,Q86TM6,"SYVN1 :-: HMGB1, HMGB1 :-: (NRF2/HO-1), (NRF2/HO-1) :-: Ferroptosis",1
TAFAZZIN,driver,1.0,Validated,0,"Human|Human, mice",31484063|31641008,HGNC:11577,ENSG00000102125,Q16635,"TAZ :+: ANGPTL4, ANGPTL4 :+: NOX2, NOX2 :+: Ferroptosis|TAZ :+: EMP1, EMP1 :+: NOX4, NOX4 :+: Lipid ROS, Lipid ROS :+: Ferroptosis",2
TBK1,driver,1.0,Validated,0,Mice,33312375,HGNC:11584,ENSG00000183735,,"TBK1-c.978T>A :+: KEAP1, KEAP1 :+: Ferroptosis",1
TBX1,suppressor,1.0,Validated,0,"Human, mice",35035663,HGNC:11592,ENSG00000184058,O43435,"TBX1 :+: miR-193a-3p, miR-193a-3p :-: TGF- β2, TGF- β2 :+: Ferroptosis",1
TBX2,driver,1.0,Validated,0,Rat,37494465,HGNC:11597,ENSG00000121068,Q13207,"TBX2 :-: BDNF, BDNF :+: (Nrf2/HO-1), (Nrf2/HO-1) :-: Ferroptosis",1
TCF4,suppressor,1.0,Validated,0,"Human, mice",35534546,HGNC:11634,ENSG00000196628,P15884,"TCF4 :+: GPX4, GPX4 :-:  Ferroptosis",1
TCL6,driver,1.0,Validated,0,Human,37420113,HGNC:13463,ENSG00000187621,,"TCL6 :-: miR-485-5p, miR-485-5p :-: TFRC, TFRC :+: Ferroptosis",1
TEAD1,suppressor,1.0,Validated,0,Mice,36680650,HGNC:11714,ENSG00000187079,P28347,"TEAD1 :+: SLC3A2, SLC3A2 :+: mTORC1, mTORC1 :+: GPX4, GPX4 :-: Ferroptosis",1
TERF2,suppressor,1.0,Validated,0,Human,37113742,HGNC:11729,ENSG00000132604,Q15554,"TERF2 :+:  SLC7A11, SLC7A11 :+: GPX4, GPX4 :-: Ferroptosis",1
TERT,suppressor,1.0,Validated,0,Mice,34716298,HGNC:11730,ENSG00000164362,O14746,"TERT :+: SLC7A11, SLC7A11 :-: Ferroptosis",1
TET2,suppressor,1.0,Validated,0,"Human, mice",37812881,HGNC:25941,ENSG00000168769,Q6N021,"TET2 :+: GPX4, GPX4 :-: Ferroptosis",1
TF,driver|marker|suppressor|unclassified,1.0,Deduced|Validated,0,"Human|Human, mice|Mice",26097885|26166707|27441659|27773819|32374849,HGNC:11740,ENSG00000091513,P02787,"TF :+: Ferroptosis|TF :+: Lipid ROS, Lipid ROS :+: Ferroptosis|TF :-: Ferroptosis|TF :?: Ferroptosis",5
TFAM,suppressor,1.0,Validated,0,Human,32186434,HGNC:11741,ENSG00000108064,Q00059,TFAM :-: Ferroptosis,1
TFAP2A,suppressor,1.0,Validated,0,Human,32432738,HGNC:11742,ENSG00000137203,P05549,"TFAP2A :-: Fe2+, Fe2+ :+: Ferroptosis",1
TFEB,suppressor,1.0,Validated,0,"Mice, rat",37683766,HGNC:11753,ENSG00000112561,P19484,"TFEB :+: TFR1, TFR1 :-: Ferroptosis",1
TFR1,driver,1.0,Validated,0,Mice,37341832,HGNC:11763,ENSG00000072274,P02786,TFR1 :+: Ferroptosis,1
TFR2,driver,1.0,Validated,0,Mice,26166707,HGNC:11762,ENSG00000106327,Q9UP52,TFR2 :+: Ferroptosis,1
TFRC,driver|marker|suppressor|unclassified,1.0,Deduced|Screened|Validated,0,"Human|Human, mice|Mice|Zebrafish",26097885|26166707|27514700|27773819|32283255|33955709|34369274|35218147|35444645|35505093|35690207|35821227|35978430|36580806|37548836,HGNC:11763,ENSG00000072274,P02786,"TFRC :+: ACSL4, ACSL4 :+: Ferroptosis, TFRC :-: GPX4, GPX4 :-: Ferroptosis|TFRC :+: Fe2+, Fe2+ :+: Ferroptosis, TFRC :+: Lipid ROS, Lipid ROS :+: Ferroptosis|TFRC :+: Ferroptosis|TFRC :+: GPX4, GPX4 :-: Ferroptosis, TFRC :+: GSH, GSH :-: Ferroptosis, TFRC :-: MDA, MDA :+: Ferroptosis, TFRC :-: Lpid ROS, Lipid ROS :+: Ferroptosis, TFRC :-: Labile iron, Labile iron :+: Ferroptosis|TFRC :+: Lipid ROS, Lipid ROS :+: Ferroptosis|TFRC :+: iron content, iron content :+: NOX1, NOX1 :+: Lipid ROS, Lipid ROS :+: Ferroptosis, TFRC :+: PINK1, PINK1 :+: mitophagy, mitophagy :+: ACSL4, ACSL4 :+: Ferroptosis, TFRC :+: PINK1, PINK1 :+: mitophagy, mitophagy :-: GPX4, GPX4 :-: Ferroptosis|TFRC :?: Ferroptosis",15
TGFB2,driver,1.0,Validated,0,"Human, mice",35035663,HGNC:11768,ENSG00000092969,P61812,"TGFB2 :-: NRF2, NRF2 :-: Ferroptosis, TGFB2 :-: GPX4, GPX4 :-: Ferroptosis, TGFB2 :-: HO-1, HO-1 :-: Ferroptosis, TGFB2 :+: ACSL4, ACSL4 :+: Ferroptosis, TGFB2 :+: NOX4, NOX4 :+: Ferroptosis",1
TGFBR1,driver,1.0,Validated,0,Human|Mice,30804470|35202887,HGNC:11772,ENSG00000106799,P36897,"TGFBR1 :+: GSK3β, GSK3β :-: NRF2, NRF2 :-: Ferroptosis|TGFBR1 :-: NFE2L2, NFE2L2 :-: Ferroptosis",2
TIGAR,suppressor,1.0,Validated,0,Human,35271998|37140263,HGNC:1185,ENSG00000078237,Q9NQ88,"TIGAR :+: (mTOR/S6KP70), (mTOR/S6KP70) :-: Ferroptosis|TIGAR :-: ROS, ROS :+: AMPK, AMPK :-: SCD1, SCD1 :-: Ferroptosis",2
TILRLS,driver,1.0,Validated,0,Human,36272464,HGNC:53077,ENSG00000251206,,"TILRLS :-: miR-142-5p, miR-142-5p :-: CUL4B, CUL4B :-: GPX4, GPX4 :-: Ferroptosis",1
TIMP1,driver|suppressor,1.0,Validated,0,Human|Rat,34938604|36541209|38032469,HGNC:11820,ENSG00000102265,P01033,"TIMP1 :+: (PI3K/Ak), (PI3K/Ak) :-: Ferroptosis|TIMP1 :+: TFR-1, TFR-1 :+: Ferroptosis|TIMP1 :-: Ferroptosis",3
TLR4,driver,1.0,Validated,0,"Human|Human, rat|Rat",31196626|34343528|35325354|36903542,HGNC:11850,ENSG00000136869,O00206,"TLR4 :+: Ferroptosis|TLR4 :+: NF-κB, NF-κB :+: Ferroptosis|TLR4 :-: SLC7A11, SLC7A11 :-: Ferroptosis |TLR4 :-: SLC7A11, SLC7A11 :-: Ferroptosis, TLR4 :-: GPX4, GPX4 :-: Ferroptosis, TLR4 :+: oxidative stress, oxidative stress :+: Ferroptosis, TLR4 :+: mitochondrial injury, mitochondrial injury :+: Ferroptosis",4
TMBIM4,suppressor,1.0,Validated,0,"Human, mice",31507082,HGNC:24257,ENSG00000155957,Q9HC24,S1R :-: Ferroptosis,1
TMEM147,suppressor,1.0,Validated,0,"Human, mice",37891677,HGNC:30414,ENSG00000105677,Q9BVK8,"TMEM147 :+: STAT2, STAT2 :+: DHCR7, DHCR7 :+: CYP27A1, CYP27A1 :+: GPX4, GPX4 :-: Ferroptosis",1
TMEM161B-DT,suppressor,1.0,Validated,0,Human,34689169,HGNC:43839,ENSG00000247828,,"TMEM161B-DT :-: hsa-miR-27a-3p, hsa-miR-27a-3p :-: FANCD2, FANCD2 :-: Ferroptosis, TMEM161B-DT :-: hsa-miR-27a-3p, hsa-miR-27a-3p :-: CD44, CD44 :-: Ferroptosis",1
TMEM164,driver,1.0,Validated,0,Human,35947500|36782012,HGNC:26217,ENSG00000157600,Q5U3C3,"TMEM164 :+: Ferroptosis|TMEM164 :-: GPX4, GPX4 :-: Ferroptosis",2
TMEM43,suppressor,1.0,Validated,0,Mice,36230956,HGNC:28472,ENSG00000170876,Q9BTV4,"TMEM43 :-: TP53, TP53 :+: Ferroptosis",1
TMEM44-AS1,suppressor,1.0,Validated,0,"Human, mice",38040698,HGNC:44272,ENSG00000231770,,"TMEM44-AS1 :+: GPX4, GPX4 :-: Ferroptosis",1
TMSB4X,suppressor,1.0,Deduced|Validated,0,"Human, rat|Mice",34280397|35008976,HGNC:11881,ENSG00000205542,P62328,"TMSB4X :-: Ferroptosis|TMSB4X :-: Lpid ROS, Lipid ROS :+: Ferroptosis, TMSB4X :-: MDA, MDA :+: Ferroptosis, TMSB4X :+: GSH, GSH :-: Ferroptosis, TMSB4X :+: GPX4, GPX4 :-: Ferroptosis",2
TNF,driver|suppressor,1.0,Validated,0,"Human, mice|Mice",35115492|36356714,HGNC:11892,ENSG00000232810,P01375,"TNF :+: (TNFR2/NF-κB), (TNFR2/NF-κB) :-: Ferroptosis|TNF :+: IRF1, IRF1 :-: GPX4, GPX4 :-: Ferroptosis",2
TNFAIP1,driver,1.0,Validated,0,Rat,36561622,HGNC:11894,ENSG00000109079,Q13829,"TNFAIP1 :-: NRF2, NRF2 :-: Ferroptosis",1
TNFAIP3,driver,1.0,Validated,0,Human|Mice,31160087|36891829,HGNC:11896,ENSG00000118503,P21580,"TNFAIP3 :+: (IκBα/NFκB/iNOS), (IκBα/NFκB/iNOS) :+: Ferroptosis|TNFAIP3 :+: ACSL4, ACSL4 :+: Lipid ROS, TNFAIP3 :-: GPX4, GPX4 :-: Lipid ROS, Lipid ROS :+: Ferroptosis",2
TNFAIP8L2,driver,1.0,Validated,0,"Mice, rat",36216021,HGNC:26277,ENSG00000163154,Q6P589,"TNFAIP8L2 :+: IFNG,  IFNG :-: (MEK1/2-ERK1/2), (MEK1/2-ERK1/2) :-: Ferroptosis",1
TP53,driver|suppressor,1.0,Deduced|Validated,0,"Human|Human, mice|Mice|Rat",25799988|26218928|26943586|27034505|27705786|28813679|29346757|30321484|32863216|33469287|33927351|35276555|35337799|35778693|35860469|36672246|36801644|37236026|37236507|37467745|37695738,HGNC:11998,ENSG00000141510,P04637,"TP53 :+: CDKN1A, CDKN1A :+: GSH, GSH :-: Lipid ROS, Lipid ROS :+: Ferroptosis|TP53 :+: Ferroptosis|TP53 :+: Lipid ROS, Lipid ROS :+: Ferroptosis, TP53 :-: GSH, GSH :-: Ferroptosis |TP53 :+: Nucleus DPP4, Nucleus DPP4 :+: SLC7A11, SLC7A11 :-: Ferroptosis|TP53 :-: FOXM1, FOXM1 :-: Ferroptosis|TP53 :-: Ferroptosis|TP53 :-: SLC7A11 , SLC7A11 :-:  Ferroptosis|TP53 :-: SLC7A11, SLC7A11 :+: Cystine, Cystine :-: Ferroptosis|TP53 :-: SLC7A11, SLC7A11 :+: GPX4, GPX4 :-: Ferroptosis|TP53 :-: SLC7A11, SLC7A11 :+: cysteine, cysteine :+: GPX4, GPX4 :-: Lipid ROS, Lipid ROS :+: Ferroptosis|TP53 :-: SLC7A11, SLC7A11 :-: ALOX15B, ALOX15B :+: Ferroptosis|TP53 :-: SLC7A11, SLC7A11 :-: Ferroptosis|TP53 :-: SLC7A11, SLC7A11 :-: GPX4, GPX4 :-: Ferroptosis|TP53 :-: SLC7A11, SLC7A11 :-: Lipid ROS, Lipid ROS :+: Ferroptosis|TP53 :-: VKORC1L1, VKORC1L1 :-: Ferroptosis|p53 :-: (SLC7A11/GPX4), (SLC7A11/GPX4) :-:  Ferroptosis",21
TP63,suppressor,1.0,Validated,0,Human,29212036,HGNC:15979,ENSG00000073282,Q9H3D4,TP63 :-: Ferroptosis,1
TRIB2,suppressor,1.0,Validated,0,Human,34315867,HGNC:30809,ENSG00000071575,Q92519,"TRIB2 :-: TFRC, TFRC :+: Ferroptosis",1
TRIM11,suppressor,1.0,Validated,0,Human,37604203,HGNC:16281,ENSG00000154370,Q96F44,"TRIM11 :+: AMPK, AMPK :-: Ferroptosis",1
TRIM16,driver,1.0,Validated,0,Human,37184781,HGNC:17241,ENSG00000221926,O95361,TRIM16 :+: Ferroptosis,1
TRIM21,driver|suppressor,1.0,Validated,0,"Human|Human, mice|Mice",34233258|36958437|37587773,HGNC:11312,ENSG00000132109,P19474,"TRIM21 :+: FSP1, FSP1 :-: Ferroptosis|TRIM21 :-: (p62/Keap1), (p62/Keap1) :-: Ferroptosis|TRIM21 :-: GPX4, GPX4 :-: Ferroptosis",3
TRIM26,driver|suppressor,1.0,Validated,0,Human,33869196|37872147,HGNC:12962,ENSG0000023412|ENSG00000234127,Q12899,"TRIM26 :+: GPX4, GPX4 :-: Ferroptosis|TRIM26 :-: SLC7A11, SLC7A11 :-: Ferroptosis",2
TRIM3,driver,1.0,Validated,0,"Human, mice",37978273,HGNC:10064,ENSG00000110171,O75382,"TRIM3 :-: SLC7A11, SLC7A11 :-: Ferroptosis",1
TRIM44,driver,1.0,Validated,0,Mice,37119283,HGNC:19016,ENSG00000166326,Q96DX7,"TRIM44 :+: NOX4, NOX4 :+: Ferroptosis",1
TRIM46,driver,1.0,Validated,0,Human,34487731,HGNC:19019,ENSG00000163462,Q7Z4K8,"TRIM46 :+: Lipid ROS, Lipid ROS :+: Ferroptosis, TRIM46 :-: GPX4,GPX4 :-: Ferroptosis",1
TRIM59,driver,1.0,Validated,0,Human,36417114,HGNC:30834,ENSG00000213186,Q8IWR1,"TRIM59 :-: GPX4, GPX4 :-: Ferroptosis",1
TRIM6,suppressor,1.0,Validated,0,"Human, mice",36654781,HGNC:16277,ENSG00000121236,Q9C030,"TRIM6 :+: SLC1A5, SLC1A5 :-: Ferroptosis",1
TRIM7,suppressor,1.0,Validated,0,Human,36067704,HGNC:16278,ENSG00000146054,Q9C029,TRIM7 :-: Ferroptosis,1
TRPM2,suppressor,1.0,Validated,0,Human,36238268,HGNC:12339,ENSG00000142185,O94759,"TRPM2 :+: NRF2, NRF2 :-: Ferroptosis",1
TRPM7,driver,1.0,Validated,0,"Human, rat|Mice",35917680|37264258,HGNC:17994,ENSG00000092439,Q96QT4,"TRPM7 :+: (PKCα/NOX4), (PKCα/NOX4) :+: Ferroptosis|TRPM7 :+: ACSL4, ACSL4 :+: Ferroptosis, TRPM7 :-: GPX4, GPX4 :-: Ferroptosis, TRPM7 :-: FTH1, FTH1 :-: Ferroptosis",2
TRPV1,suppressor,1.0,Validated,0,"Human, mice",36137413,HGNC:12716,ENSG00000196689,Q8NER1,TRPV1 :-: Ferroptosis,1
TSC1,driver,1.0,Validated,0,"Human, mice",32404875,HGNC:12362,ENSG00000165699,Q92574,TSC1 :+: Ferroptosis,1
TSPO,suppressor,1.0,Validated,0,Mice,36994647,HGNC:1158,ENSG00000100300,B1AH88,"TSPO :+: NRF2, NRF2 :-: Ferroptosis",1
TUG1,driver|suppressor,1.0,Validated,0,"Human, mice",35841017|36164395|37582412,HGNC:26066,ENSG00000253352,A0A6I8PU40,"TUG1 :+: PDK4, PDK4 :-: Ferroptosis|TUG1 :+: SRSF1, SRSF1 :-: ACSL4, ACSL4 :+: Ferroptosis|TUG1 :-: MAZ, MAZ :+: FTH1, FTH1 :-: Ferroptosis",3
TULP1,suppressor,1.0,Validated,0,Zebrafish,36396940,HGNC:12423,ENSG00000112041,O00294,TULP1 :-: Ferroptosis,1
TXN,suppressor,1.0,Validated,0,Mice,33634378,HGNC:12435,ENSG00000136810,P10599,"TXN :+: GPX4, GPX4 :-: Ferroptosis, TXN :+: GSH, GSH :-: Ferroptosis, TXN :-: Lpid ROS, Lipid ROS :+: Ferroptosis",1
TXNDC12,suppressor,1.0,Validated,0,"Human|Human, mice",37503932|38047088,HGNC:24626,ENSG00000117862,O95881,"TXNDC12 :+: SLC7A11, SLC7A11 :-: Ferroptosis|TXNDC12 :-: Ferroptosis",2
TXNIP,driver|unclassified,1.0,Screened|Validated,0,"Human|Human, mice",24844246|36828294,HGNC:16952,ENSG00000265972,Q9H3M7,TXNIP :+: Ferroptosis|TXNIP :?: Ferroptosis,2
TXNRD1,suppressor|unclassified,1.0,Deduced|Validated,0,Human|Mice,24439385|35008976,HGNC:12437,ENSG00000198431,Q16881,TXNRD1 :-: Ferroptosis|TXNRD1 :?: Ferroptosis,2
TXNRD3,suppressor,1.0,Validated,0,Mice,36934969,HGNC:20667,ENSG00000197763,Q86VQ6,"TXNRD3 :+: GPX4, GPX4 :+: Ferroptosis",1
TYRO3,suppressor,1.0,Validated,0,"Human, mice",33855973,HGNC:12446,ENSG00000092445,Q06418,"TYRO3 :-: Lipid ROS, Lipid ROS :+: Ferroptosis, TYRO3 :+: AKT, AKT :+: NRF2, NRF2 :-: Ferroptosis",1
UBIAD1,suppressor,1.0,Validated,0,Rat,35379328,HGNC:30791,ENSG00000120942,Q9Y5Z9,UBIAD1 :-: Ferroptosis,1
UC.339,suppressor,1.0,Validated,0,"Human, mice",35399708,,,,"Uc.339 :-: miR-339, miR-339 :-: SLC7A11, SLC7A11 :-: Ferroptosis",1
UCHL3,suppressor,1.0,Validated,0,"Human, mice",38092274,HGNC:12515,ENSG00000118939,P15374,"UCHL3 :+: β-catenin, β-catenin :-: Ferroptosis",1
UCKL1,suppressor,1.0,Validated,0,"Human, mice",37343364,HGNC:15938,ENSG00000198276,Q9NWZ5,"UCKL1 :+: Nrf2, Nrf2 :+: SLC7A11, SLC7A11 :-: Ferroptosis",1
UFL1,suppressor,1.0,Validated,0,Human,35729487,HGNC:23039,ENSG00000014123,O94874,"UFL1 :+: SLC7A11, SLC7A11 :-: Ferroptosis, UFL1 :-: P53, P53 :+: Ferroptosis",1
UHRF1,driver|suppressor,1.0,Validated,0,"Human, mice|Mice",36566325|38055118,HGNC:12556,ENSG00000276043,Q96T88,"UHRF1 :+: DNMT1, DNMT1 :-: GPX4, GPX4 :-: Ferroptosis, DNMT1 :-: FSP1, FSP1 :-: Ferroptosis|UHRF1 :-: TXNIP, TXNIP :-: PINK1, PINK1 :-: Ferroptosis",2
ULK1,driver,1.0,Validated,0,Mice,27514700,HGNC:12558,ENSG00000177169,O75385,"ULK1 :+: Lipid ROS, Lipid ROS :+: Ferroptosis",1
ULK2,driver,1.0,Validated,0,Mice,27514700,HGNC:13480,ENSG00000083290,Q8IYT8,"ULK2 :+: Lipid ROS, Lipid ROS :+: Ferroptosis",1
USF2,suppressor,1.0,Validated,0,Human,36210578,HGNC:12594,ENSG00000105698,Q15853,"USF2 :+: PKM2, PKM2 :-: Ferroptosis",1
USP11,driver|suppressor,1.0,Validated,0,"Human|Human, mice|Mice",33531626|34839355|37099926,HGNC:12609,ENSG00000102226,P51784,"USP11 :+: ACSL4, ACSL4 :+: Ferroptosis, USP11 :-: GPX4, GPX4 :-: Ferroptosis, USP11 :-: FTH1, FTH1 :-: Ferroptosis|USP11 :+: NRF2, NRF2 :-: Ferroptosis|USP11 :+: SIRT3, SIRT3 :-: Ferroptosis",3
USP14,driver|suppressor,1.0,Validated,0,"Dairy goats|Human, mice",35549778|36255562|36596780,HGNC:12612,ENSG00000101557,P54578,"USP14 :+: Ferroptosis|USP14 :+: IL-6, IL-6 :+: Ferroptosis|USP14 :+: MFG-E8, MFG-E8 :-: Ferroptosis",3
USP20,suppressor,1.0,Validated,0,"Human, mice",38124786,HGNC:12619,ENSG00000136878,Q9Y2K6,"USP20 :+: SLC7A11, SLC7A11 :-: Ferroptosis",1
USP22,suppressor,1.0,Validated,0,"Mice, rat",35761309,HGNC:12621,ENSG00000124422,Q9UPT9,"USP22 :+: SIRT1, SIRT1 :+: GPX4, GPX4 :-: Ferroptosis, SIRT1 :-: TFR1, TFR1 :+: Ferroptosis",1
USP24,driver,1.0,Validated,0,"Mice, rat",38056575,HGNC:12623,ENSG00000162402,Q9UPU5,"USP24 :+: NF-κB, NF-κB :+: Ferroptosis",1
USP35,suppressor,1.0,Validated,0,Human,33931967,HGNC:20061,ENSG00000118369,Q9P2H5,"USP35 :+: FPN, FPN :-: Fe2, Fe2 :+: Ferroptosis",1
USP5,suppressor,1.0,Validated,0,"Human, mice",37492786,HGNC:12628,ENSG00000111667,P45974,"USP5 :+: LSH, LSH :-: Ferroptosis",1
USP7,driver|suppressor,1.0,Validated,0,Rat,33157209|37257587,HGNC:12630,ENSG00000187555,Q93009,"USP7 :+: HMOX-1, HMOX-1 :-: Ferroptosis|USP7 :+: p53/TfR1, p53/TfR1 :+: Ferroptosis",2
USP8,suppressor,1.0,Validated,0,"Human, mice",37051673|37311739|37867237,HGNC:12631,ENSG00000138592,P40818,"USP8 :+: OGT, OGT :+: SLC7A11, SLC7A11 :-: Ferroptosis|USP8 :+: β-catenin, β-catenin :-: Ferroptosis|USP8 :-: Ferroptosis",3
UTP11,suppressor,1.0,Validated,0,"Human, mice",37087976,HGNC:24329,ENSG00000183520,Q9Y3A2,"UTP11 :+: NRF2, NRF2 :+: SLC7A11, SLC7A11 :-: Ferroptosis",1
VAMP2,suppressor,1.0,Validated,0,"Human, mice",36029649,HGNC:12643,ENSG00000220205,P63027,VAMP2 :-: Ferroptosis,1
VCP,suppressor,1.0,Validated,0,Human,34033175,HGNC:12666,ENSG00000165280,P55072,"VCP :+: GSH, GSH :-: Ferroptosis",1
VDAC1,driver,1.0,Validated,0,"Human, mice",36816741,HGNC:12669,ENSG00000213585,P21796,"VDAC1 :-: (AMPK/mTOR), (AMPK/mTOR) :-: Ferroptosis, VDAC1 :-: (Wnt/β-catenin), (Wnt/β-catenin) :-: Ferroptosis",1
VDAC2,driver|suppressor,1.0,Validated,0,"Human|Mice, rat",22632970|29569437|37416771,HGNC:12672,ENSG00000165637,P45880,VDAC2 :+: Ferroptosis|VDAC2 :-: Ferroptosis,3
VDR,suppressor,1.0,Predicted|Validated,0,"Human, mice|Mice|Rat",31996668|35093024|36402439|36581217|38145959,HGNC:12679,ENSG00000111424,P11473,"VDR :+: (Nrf2/GPX4), (Nrf2/GPX4) :-: Ferroptosis|VDR :+: (Nrf2/HO-1), (Nrf2/HO-1) :-: Ferroptosis|VDR :-: FOXO1,  FOXO1 :+: Ferroptosis|VDR :-: Lipid ROS, Lipid ROS :+: Ferroptosis, VDR :+: GPX4, GPX4 :-: Ferroptosis",5
VIRMA,suppressor,1.0,Validated,0,"Human|Human, mice",37517144|37830241|38058803,HGNC:24500,ENSG00000164944,Q69YN4,"VIRMA :+: SLC7A11, SLC7A11 :-: Ferroptosis|VIRMA :+: YTHDF1, YTHDF1 :+: PGK1, PGK1 :-: Ferroptosis|VIRMA :-: p53, p53 :+: Ferroptosis",3
VKORC1L1,suppressor,1.0,Validated,0,"Human, mice",37467745,HGNC:21492,ENSG00000196715,Q8N0U8,VKORC1L1 :-: Ferroptosis,1
WBP2,suppressor,1.0,Validated,0,"Human, mice",37516014,HGNC:12738,ENSG00000132471,Q969T9,"WBP2 :+: GPX4, GPX4 :-: Ferroptosis",1
WNT5A,driver,1.0,Validated,0,Mice,37075931,HGNC:12784,ENSG00000114251,P41221,"WNT5A :+: (Bip/Chop), (Bip/Chop) :-: GPX4, GPX4 :-: Ferroptosis, (Bip/Chop) :-: SLC7A11, SLC7A11 :-: Ferroptosis",1
WTAP,driver|suppressor,1.0,Validated,0,"Human|Human, mice",36719469|37477758|38056309,HGNC:16846,ENSG00000146457,Q15007,"WTAP :+: LCN2, LCN2 :-: Ferroptosis|WTAP :+: NRF2, NRF2 :-: Ferroptosis|WTAP :+: YTHDC2, YTHDC2 :+: ATG5, ATG5 :+: Ferroptosis",3
WWTR1,driver,1.0,Validated,0,Human,31641008,HGNC:24042,ENSG00000018408,Q9GZV5,"WWTR1 :+: ANGPTL4, ANGPTL4 :+: NOX2, NOX2 :+: Ferroptosis",1
XIST,suppressor,1.0,Validated,0,Human,38153663,HGNC:12810,ENSG00000229807,,"XIST :+: GPX4, GPX4 :-: Ferroptosis",1
YAP1,driver|suppressor,1.0,Validated,0,"Human|Human, mice|Human, mice, hamster|Mice|Rat",33707306|34977009|35705143|35979359|36182901|36374802|36863160|36889225|37773303|37879209|38104890,HGNC:16262,ENSG00000137693,P46937,"YAP :+: Ferroptosis|YAP :+: SKP2, SKP2 :+: TFRC, TFRC :+: Ferroptosis|YAP1 :+: ACSL4, ACSL4 :+: Ferroptosis, YAP1 :-: GPX4, GPX4 :-: Ferroptosis|YAP1 :+: FTL, FTL :-: Ferroptosis, YAP1 :+: TFRC, TFRC :-: Ferroptosis|YAP1 :+: SLC1A5, SLC1A5 :-: Ferroptosis, YAP1 :+: GLS1, GLS1 :-: Ferroptosis|YAP1 :-: Ferroptosis|YAP1 :-: GPX4, GPX4 :-: Ferroptosis, YAP1 :-: SLC7A11, SLC7A11 :-: Ferroptosis|YAP1 :-: SLC7A11, SLC7A11 :+: Ferroptosis",11
YTHDC1,driver|suppressor,1.0,Validated,0,"Human, mice|Mice",36935054|37903990,HGNC:30626,ENSG00000083896,Q96MU7,"YTHDC1 :+: SIRT1, SIRT1 :+: (NRF2/HO1), (NRF2/HO1) :-: Ferroptosis|YTHDC1 :-: FSP1, FSP1 :-: Ferroptosis",2
YTHDC2,driver,1.0,Validated,0,"Human|Human, mice",33785413|38056309,HGNC:24721,ENSG00000047188,Q9H6S0,"YTHDC2 :+: ATG5, ATG5 :+: Ferroptosis|YTHDC2 :-: system Xc-, system Xc- :-: Ferroptosis",2
YTHDF1,suppressor,1.0,Validated,0,Human,37259333|37698736,HGNC:15867,ENSG00000149658,Q9BYJ9,"YTHDF1 :+: METTL3, METTL3 :+: FTH, FTH :-: Ferroptosis|YTHDF1 :+: PD-L1, PD-L1 :-: Ferroptosis",2
YTHDF2,driver,1.0,Validated,0,Human|Mice,37548549|37792239,HGNC:31675,ENSG00000198492,Q9Y5A9,"YTHDF2 :-: SLC7A11, SLC7A11 :-: Ferroptosis",2
YY1,driver,1.0,Validated,0,Human,36882816,HGNC:12856,ENSG00000100811,P25490,"YY1 :-: SIRT1, SIRT1 :-: Ferroptosis",1
YY1AP1,driver|suppressor,1.0,Validated,0,"Human, mice|Rat",31341276|37541340|37893066|38034086,HGNC:30935,ENSG00000163374,Q9H869,"YAP :+: ACSL4, ACSL4 :+: Ferroptosis, YAP :+: TFRC,  TFRC :+: Ferroptosis|YY1AP1 :+: ACSL4, ACSL4 :+: Ferroptosis|YY1AP1 :+: NEDD4L , NEDD4L :-: ACSL4, ACSL4 :+: Ferroptosis|YY1AP1 :-: Hamp, Hamp :-: Ferroptosis",4
YY2,driver,1.0,Validated,0,"Human, mice",35246964,HGNC:31684,ENSG00000230797,O15391,"YY2 :-: SLC7A11, SLC7A11 :-: Ferroptosis",1
ZBTB48,suppressor,1.0,Validated,0,"Human, mice",37723588,HGNC:4930,ENSG00000204859,P10074,"ZBTB48 :+: IGF2BP3, IGF2BP3 :+: HSPB1, HSPB1 :+: (SLC7A11/GSH/GPX4), (SLC7A11/GSH/GPX4) :-: Ferroptosis",1
ZC3H13,suppressor,1.0,Validated,0,Human,37536262,HGNC:20368,ENSG00000123200,Q5T200,"ZC3H13 :-: DUOX1, DUOX1 :+: Ferroptosis",1
ZEB1,driver|marker,1.0,Deduced|Validated,0,"Human|Human, mice|Mice",28678785|32896720|35505093|35844792,HGNC:11642,ENSG00000148516,P37275,"ZEB1 :+: FASN-FADS2, FASN-FADS2 :+: Ferroptosis|ZEB1 :+: Ferroptosis|ZEB1 :+: Lipid ROS, Lipid ROS :+: Ferroptosis",4
ZEB1-AS1,suppressor,1.0,Validated,0,Human,37128782,HGNC:42354,ENSG00000237036,,"ZEB1-AS1 :-: miR-429, miR-429 :-: BGN, BGN :-: Ferroptosis",1
ZFAS1,driver,1.0,Validated,0,"Human|Human, rat|Mice",32453709|34609043|36092160,HGNC:33101,ENSG00000177410,,"ZFAS1 :+: SLC38A1, SLC38A1 :+: Ferroptosis, ZFAS1 :+: Lipid ROS, Lipid ROS :+: Ferroptosis|ZFAS1 :-: miR-7-5p, miR-7-5p :-: ACSL4, ACSL4 :+: Ferroptosis.|ZFAS1 :-: miR‐150‐5p, miR‐150‐5p :+: CCND2, CCND2 :-: Ferroptosis",3
ZFP36,suppressor,1.0,Validated,0,"Human, mice|Mice",31679460|36435477,HGNC:12862,ENSG00000128016,P26651,"ZFP36 :-: ACSL4, ACSL4 :+: Ferroptosis|ZFP36 :-: ATG16L1, ATG16L1 :+: Ferroptosis|ZFP36 :-: iron levels, iron levels :+: Ferroptosis, ZFP36 :-: Lipid ROS, Lipid ROS :+: Ferroptosis, ZFP36 :+: GSH, GSH :-: Ferroptosis, ZFP36 :-: MDA, MDA :+: Ferroptosis",3
ZNF488,suppressor,1.0,Validated,0,Human,37986084,HGNC:23535,ENSG00000265763,Q96MN9,"ZNF488 :+: SCD1, SCD1 :-: Ferroptosis",1
ZNF8,driver,1.0,Validated,0,"Human, mice",37126948,HGNC:13154,ENSG00000278129,P17098,"ZNF8 :-: miR-552-5p, miR-552-5p :-: ACSL4, ACSL4 :+: Ferroptosis",1
ZRANB1,driver,1.0,Validated,0,"Human, mice",37831441,HGNC:18224,ENSG00000019995,Q9UGI0,"ZRANB1 :-: SLC7A11, SLC7A11 :-: Ferroptosis",1
ZSCAN25,suppressor,1.0,Validated,0,Human,35227287,HGNC:21961,ENSG00000197037,Q6NSZ9,"ZSCAN25 :-: p53, p53 :+: Ferroptosis",1
AEBP2,driver,0.7,Screened,0,Human,32939090,HGNC:24051,ENSG00000139154,,AEBP2 :+: Ferroptosis,1
AGPAT3,driver|unclassified,0.7,Screened,0,Human,25965523|32939090,HGNC:326,ENSG00000160216,Q9NRZ7,AGPAT3 :+: Ferroptosis|AGPAT3 :?: Ferroptosis,2
AMN,driver,0.7,Screened,0,Human,32939090,HGNC:14604,ENSG00000166126,,AMN :+: Ferroptosis,1
ARRDC3,unclassified,0.7,Screened,0,Human,24844246,HGNC:29263,ENSG00000113369,Q96B67,ARRDC3 :?: Ferroptosis,1
ASNS,unclassified,0.7,Screened,0,Human,24844246,HGNC:753,ENSG00000070669,P08243,ASNS :?: Ferroptosis,1
ATG4D,driver,0.7,Screened,0,Mice,27514700,HGNC:20789,ENSG00000130734,Q86TL0,"ATG4D :+: Lipid ROS, Lipid ROS :+: Ferroptosis",1
ATP6V1G2,unclassified,0.7,Screened,0,Human,24844246,HGNC:862,ENSG00000213760,O95670,ATP6V1G2 :?: Ferroptosis,1
BLOC1S5-TXNDC5,unclassified,0.7,Screened,0,Human,24844246,HGNC:42001,ENSG00000259040,,BLOC1S5-TXNDC5 :?: Ferroptosis,1
BRPF1,driver,0.7,Screened,0,Human,32939090,HGNC:14255,ENSG00000156983,,BRPF1 :+: Ferroptosis,1
CDCA3,driver,0.7,Screened,0,Human,32939090,HGNC:14624,ENSG00000111665,,CDCA3 :+: Ferroptosis,1
CHP1,driver,0.7,Screened,0,Human,32939090,HGNC:17433,ENSG00000187446,,CHP1 :+: Ferroptosis,1
CYP4F8,driver,0.7,Screened,0,Human,32939090,HGNC:2648,ENSG00000186526,,CYP4F8 :+: Ferroptosis,1
DCAF7,driver,0.7,Screened,0,Human,32939090,HGNC:30915,ENSG00000136485,,DCAF7 :+: Ferroptosis,1
DDIT3,unclassified,0.7,Screened,0,Human,24844246,HGNC:2726,ENSG00000175197,P0DPQ6,DDIT3 :?: Ferroptosis,1
EPT1,driver,0.7,Screened,0,Human,32939090,,,,EPT1 :+: Ferroptosis,1
G6PDX,driver,0.7,Screened,0,Mice,27514700,,,,"G6PDX :+: Lipid ROS, Lipid ROS :+: Ferroptosis",1
GABARAPL2,driver,0.7,Screened,0,Mice,27514700,HGNC:13291,ENSG00000034713,P60520,"GABARAPL2 :+: Lipid ROS, Lipid ROS :+: Ferroptosis",1
GPAT4,driver,0.7,Screened,0,Human,32939090,HGNC:20880,ENSG00000158669,,AGPAT6 :+: Ferroptosis,1
GPT2,unclassified,0.7,Screened,0,Human,24844246,HGNC:18062,ENSG00000166123,Q8TD30,GPT2 :?: Ferroptosis,1
GRIA3,driver,0.7,Screened,0,Human,32939090,HGNC:4573,ENSG00000125675,,GRIA3 :+: Ferroptosis,1
HSD17B11,unclassified,0.7,Screened,0,Human,25965523,HGNC:22960,ENSG00000198189,Q8NBQ5,HSD17B11 :?: Ferroptosis,1
INTS2,driver,0.7,Screened,0,Human,32939090,HGNC:29241,ENSG00000108506,,INTS2 :+: Ferroptosis,1
JDP2,unclassified,0.7,Screened,0,Human,24844246,HGNC:17546,ENSG00000140044,Q8WYK2,JDP2 :?: Ferroptosis,1
KLHL24,unclassified,0.7,Screened,0,Human,24844246,HGNC:25947,ENSG00000114796,Q6TFL4,KLHL24 :?: Ferroptosis,1
LCE2C,driver,0.7,Screened,0,Human,32939090,HGNC:29460,ENSG00000187180,,LCE2C :+: Ferroptosis,1
LIG3,driver,0.7,Screened,0,"Human, mice",32939090,HGNC:6600,ENSG00000005156,,LIG3 :+: Ferroptosis,1
LOC284561,unclassified,0.7,Screened,0,Human,24844246,,,,LOC284561 :?: Ferroptosis,1
LOC390705,unclassified,0.7,Screened,0,Human,24844246,,,,LOC390705 :?: Ferroptosis,1
LURAP1L,unclassified,0.7,Screened,0,Human,24844246,HGNC:31452,ENSG00000153714,Q8IV03,LURAP1L :?: Ferroptosis,1
LYRM1,driver,0.7,Screened,0,Human,32939090,HGNC:25074,ENSG00000102897,,LYRM1 :+: Ferroptosis,1
MAP1LC3A,driver,0.7,Screened,0,Mice,27514700,HGNC:6838,ENSG00000101460,Q9H492,"MAP1LC3A :+: Lipid ROS, Lipid ROS :+: Ferroptosis",1
MIR378A,driver,0.7,Screened,0,Mice,35588615,HGNC:31871,ENSG00000199047,,"MIR378A :-: SLC7A11, SLC7A11 :-: Ferroptosis",1
MLLT1,driver,0.7,Screened,0,Human,32939090,HGNC:7134,ENSG00000130382,,MLLT1 :+: Ferroptosis,1
OSBPL9,driver,0.7,Screened,0,Human,32939090,HGNC:16386,ENSG00000117859,,OSBPL9 :+: Ferroptosis,1
PCK2,unclassified,0.7,Screened,0,Human,24844246,HGNC:8725,ENSG00000100889,Q16822,PCK2 :?: Ferroptosis,1
PEX6,driver,0.7,Screened,0,Human,32939090,HGNC:8859,ENSG00000124587,,PEX6 :+: Ferroptosis,1
PHF21A,driver,0.7,Screened,0,Human,32939090,HGNC:24156,ENSG00000135365,,PHF21A :+: Ferroptosis,1
PLIN2,suppressor,0.7,Screened,0,"Human, mice",31520166,HGNC:248,ENSG00000147872,Q99541,PLIN2 :-: Ferroptosis,1
POM121L12,driver,0.7,Screened,0,Human,32939090,HGNC:25369,ENSG00000221900,,POM121L12 :+: Ferroptosis,1
PSAT1,unclassified,0.7,Screened,0,Human,24844246,HGNC:19129,ENSG00000135069,Q9Y617,PSAT1 :?: Ferroptosis,1
RGS4,unclassified,0.7,Screened,0,Human,24844246,HGNC:10000,ENSG00000117152,P49798,RGS4 :?: Ferroptosis,1
SETD1B,unclassified,0.7,Screened,0,Human,25965523,HGNC:29187,ENSG00000139718,Q9UPS6,SETD1B :?: Ferroptosis,1
SLC1A4,unclassified,0.7,Screened,0,Human,24844246,HGNC:10942,ENSG00000115902,P43007,SLC1A4 :?: Ferroptosis,1
SLC7A5,unclassified,0.7,Screened,0,Human,24844246,HGNC:11063,ENSG00000103257,Q01650,SLC7A5 :?: Ferroptosis,1
SMAD7,driver,0.7,Screened,0,Human,32939090,HGNC:6773,ENSG00000101665,,SMAD7 :+: Ferroptosis,1
SNORA16A,unclassified,0.7,Screened,0,Human,24844246,HGNC:32605,ENSG00000274582,,SNORA16A :?: Ferroptosis,1
SNX4,driver,0.7,Screened,0,Mice,27514700,HGNC:11175,ENSG00000114520,O95219,"SNX4 :+: Lipid ROS, Lipid ROS :+: Ferroptosis",1
TIMM9,driver,0.7,Screened,0,Human,32939090,HGNC:11819,ENSG00000100575,,TIMM9 :+: Ferroptosis,1
TRIB3,unclassified,0.7,Screened,0,Human,24844246,HGNC:16228,ENSG00000101255,Q96RU7,TRIB3 :?: Ferroptosis,1
TSC22D3,unclassified,0.7,Screened,0,Human,24844246,HGNC:3051,ENSG00000157514,Q99576,TSC22D3 :?: Ferroptosis,1
TTPA,driver,0.7,Screened,0,Human,32939090,HGNC:12404,ENSG00000137561,,TTPA :+: Ferroptosis,1
TUBE1,unclassified,0.7,Screened,0,Human,24844246,HGNC:20775,ENSG00000074935,Q9UJT0,TUBE1 :?: Ferroptosis,1
VEGFA,unclassified,0.7,Screened,0,Human,24844246,HGNC:12680,ENSG00000112715,P15692,VEGFA :?: Ferroptosis,1
VLDLR,unclassified,0.7,Screened,0,Human,24844246,HGNC:12698,ENSG00000147852,P98155,VLDLR :?: Ferroptosis,1
WIPI1,driver,0.7,Screened,0,Mice,27514700,HGNC:25471,ENSG00000070540,Q5MNZ9,"WIPI1 :+: Lipid ROS, Lipid ROS :+: Ferroptosis",1
WIPI2,driver,0.7,Screened,0,Mice,27514700,HGNC:32225,ENSG00000157954,Q9Y4P8,"WIPI2 :+: Lipid ROS, Lipid ROS :+: Ferroptosis",1
XBP1,unclassified,0.7,Screened,0,Human,24844246,HGNC:12801,ENSG00000100219,P17861,XBP1 :?: Ferroptosis,1
ZFP69B,unclassified,0.7,Screened,0,Human,24844246,HGNC:28053,ENSG00000187801,Q9UJL9,ZFP69B :?: Ferroptosis,1
ZNF419,unclassified,0.7,Screened,0,Human,24844246,HGNC:20648,ENSG00000105136,Q96HQ0,ZNF419 :?: Ferroptosis,1
FER1HCH,suppressor,0.5,Predicted,0,Drosophila,31568497,,,H1UUD2,"Fer1HCH :-: ROS, ROS :+: Ferroptosis",1
KRT18,suppressor,0.5,Predicted,0,Rat,36395917,HGNC:6430,ENSG00000111057,P05783,KRT18 :-: Ferroptosis,1
MIR4715,unclassified,0.5,Predicted,0,Human,31740746,HGNC:41666,ENSG00000266517,,MIR4715 :?: Ferroptosis,1
TOR2A,driver,0.5,Predicted,0,Human,34296310,HGNC:11996,ENSG00000160404,Q5JU69,"TOR2A :+: Lipid ROS, Lpid ROS :+: Ferroptosis, TOR2A :+: MDA, MDA :+: Ferroptosis, TOR2A :-: GSH, GSH :-: Ferroptosis, TOR2A :-: GPX4, GPX4 :-: Ferroptosis, TOR2A :-: SLC7A11, SLC7A11 :-: Ferroptosis, TOR2A :-: FTH-1, FTH-1 :-: Ferroptosis, TOR2A :-: NRF2, NRF2 :-: Ferroptosis",1
ACACA,marker,0.4,Deduced,0,Mice,35505093,HGNC:84,ENSG00000278540,Q13085,,1
ACADSB,driver,0.4,Deduced,0,Human,32776663,HGNC:91,ENSG00000196177,,"ACADSB :-: GSR, GSR :-: Ferroptosis, ACADSB :-: GPX4, GPX4 :-: Ferroptosis, ACADSB :-: GSH, GSH :-: Ferroptosis",1
AHCY,suppressor,0.4,Deduced,0,Human,32144268,HGNC:343,ENSG00000101444,P23526,"AHCY :-: Lipid ROS, Lipid ROS :+: Ferroptosis",1
AKR1C,marker,0.4,Deduced,0,Mice,35505093,HGNC:384,ENSG00000187134,Q04828,,1
ALB,unclassified,0.4,Deduced,0,Human,24439385,HGNC:399,ENSG00000163631,P02768,ALB :?: Ferroptosis,1
ANGPTL7,unclassified,0.4,Deduced,0,Human,24439385,HGNC:24078,ENSG00000171819,O43827,ANGPTL7 :?: Ferroptosis,1
AQP3,driver,0.4,Deduced,0,_NA_,33017631,HGNC:636,ENSG00000165272,,"(AQP3/NOX2) :+: H2O2, H2O2 :+: Ferroptosis",1
AQP5,driver,0.4,Deduced,0,_NA_,33017631,HGNC:638,ENSG00000161798,,"(AQP5/NOX2) :+: H2O2, H2O2 :+: Ferroptosis",1
AQP8,driver,0.4,Deduced,0,_NA_,33017631,HGNC:642,ENSG00000103375,,"(AQP8/NOX2) :+: H2O2, H2O2 :+: Ferroptosis",1
BAX,driver,0.4,Deduced,0,Mice,35919817,HGNC:959,ENSG00000087088,Q07812,BAX :+: Ferroptosis,1
BNIP3,unclassified,0.4,Deduced,0,Human,24439385,HGNC:1084,ENSG00000176171,Q12983,BNIP3 :?: Ferroptosis,1
BRD2,suppressor,0.4,Deduced,0,Human,32937365,HGNC:1103,ENSG00000204256,P25440,BRD2 :-: Ferroptosis,1
BRD3,suppressor,0.4,Deduced,0,Human,32937365,HGNC:1104,ENSG00000169925,Q15059,BRD3 :-: Ferroptosis,1
BRDT,suppressor,0.4,Deduced,0,Human,32937365,HGNC:1105,ENSG00000137948,Q58F21,BRDT :-: Ferroptosis,1
CAD,suppressor,0.4,Deduced,0,"Human, mice",37291265,HGNC:1424,ENSG00000084774,P27708,CAD :-: Ferroptosis,1
CASP3,driver,0.4,Deduced,0,Mice,35919817,HGNC:1504,ENSG00000164305,P42574,CASP3 :+: Ferroptosis,1
CB2R,suppressor,0.4,Deduced,0,Mice,36555694,,,,CB2R :-: Ferroptosis,1
CBR1,unclassified,0.4,Deduced,0,Human,34673014,HGNC:1548,ENSG00000159228,P16152,CBR1 :?: Ferroptosis,1
CIRCRNA_101093,suppressor,0.4,Deduced,0,Human,35184419,,,,"circRNA_101093 :+: FABP3, FABP3 :-: Ferroptosis",1
COQ10A,suppressor,0.4,Deduced,0,Mice,35919817,HGNC:26515,ENSG00000135469,Q96MF6,CoQ10A :-: Ferroptosis,1
COQ10B,suppressor,0.4,Deduced,0,Mice,35919817,HGNC:25819,ENSG00000115520,Q9H8M1,CoQ10B :-: Ferroptosis,1
COQ10BP1,suppressor,0.4,Deduced,0,Mice,35919817,HGNC:44912,,,COQ10BP1 :-: Ferroptosis,1
COQ10BP2,suppressor,0.4,Deduced,0,Mice,35919817,HGNC:44913,,,COQ10BP2 :-: Ferroptosis,1
CREB3,suppressor,0.4,Deduced,0,Human,33846793,HGNC:2347,ENSG00000107175,O43889,"CREB3 :+: GPX4, GPX4 :-: Ferroptosis",1
CREB5,suppressor,0.4,Deduced,0,Human,33846793,HGNC:16844,ENSG00000146592,Q02930,"CREB5 :+: GPX4, GPX4 :-: Ferroptosis",1
CRYAB,driver,0.4,Deduced,0,Mice,35919817,HGNC:2389,ENSG00000109846,P02511,CRYAB :+: Ferroptosis,1
CTNNB1,suppressor,0.4,Deduced,0,"Human, mice",36429010,HGNC:2514,ENSG00000168036,P35222,"CTNNB1 :+: MITF, MITF :-: Ferroptosis",1
CXCL2,unclassified,0.4,Deduced,0,Mice,25385600,HGNC:4603,ENSG00000081041,P19875,CXCL2 :?: Ferroptosis,1
DRD4,unclassified,0.4,Deduced,0,Human,27793671,HGNC:3025,ENSG00000069696,P21917,DRD4 :?: Ferroptosis,1
DRD5,unclassified,0.4,Deduced,0,Human,27793671,HGNC:3026,ENSG00000169676,P21918,DRD5 :?: Ferroptosis,1
DUOX2,driver,0.4,Deduced,0,Human,22632970,HGNC:13273,ENSG00000140279,Q9NRD8,DUOX2 :+: Ferroptosis,1
DUSP1,unclassified,0.4,Deduced,0,Human,24439385,HGNC:3064,ENSG00000120129,P28562,DUSP1 :?: Ferroptosis,1
EIF2AK2,driver,0.4,Deduced,0,Rat,35894766,HGNC:9437,ENSG00000055332,P19525,EIF2AK2 :+: Ferroptosis,1
EIF2AK4,unclassified,0.4,Deduced,0,Human,29383104,HGNC:19687,ENSG00000128829,Q9P2K8,EIF2AK4 :?: Ferroptosis,1
EIF2S1,unclassified,0.4,Deduced,0,Human,24844246|29383104,HGNC:3265,ENSG00000134001,P05198,EIF2S1 :?: Ferroptosis,2
FOXO4,driver,0.4,Deduced,0,Rat,34296293,HGNC:7139,ENSG00000184481,P98177,"FOXO4 :-: ENNP2, ENNP2 :-: Ferroptosis",1
FTHL17,suppressor,0.4,Deduced,0,Mice,36395957,HGNC:3987,ENSG00000132446,Q9BXU8,FTHL17 :-: Ferroptosis,1
FURIN,suppressor,0.4,Deduced,0,"Human, mice",33640301,HGNC:8568,ENSG00000140564,P09958,"FURIN :+: NRF2, NRF2 :-: Ferroptosis, FURIN :+: GPX4, GPX4 :-: Ferroptosis",1
GABPB1,unclassified,0.4,Deduced,0,Human,31700067,HGNC:4074,ENSG00000104064,Q06547,GABPB1 :?: Ferroptosis,1
GLUT13,unclassified,0.4,Deduced,0,Human,28900510,,,,GLUT13 :?: Ferroptosis,1
GPX2,unclassified,0.4,Deduced,0,Human,24439385,HGNC:4554,ENSG00000176153,P18283,GPX2 :?: Ferroptosis,1
H3C1,driver,0.4,Deduced,0,Mice,36226351,HGNC:4766,ENSG00000275714,P68431,H3C1 :+: Ferroptosis,1
H3C10,driver,0.4,Deduced,0,Mice,36226351,HGNC:4775,ENSG00000278828,P68431,H3C10 :+: Ferroptosis,1
H3C11,driver,0.4,Deduced,0,Mice,36226351,HGNC:4771,ENSG00000275379,P68431,H3C11 :+: Ferroptosis,1
H3C12,driver,0.4,Deduced,0,Mice,36226351,HGNC:4774,ENSG00000197153,P68431,H3C12 :+: Ferroptosis,1
H3C13,driver,0.4,Deduced,0,Mice,36226351,HGNC:25311,ENSG00000183598,Q71DI3,H3C13 :+: Ferroptosis,1
H3C14,driver,0.4,Deduced,0,Mice,36226351,HGNC:20503,ENSG00000203811,Q71DI3,H3C14 :+: Ferroptosis,1
H3C15,driver,0.4,Deduced,0,Mice,36226351,HGNC:20505,ENSG00000203852,Q71DI3,H3C15 :+: Ferroptosis,1
H3C2,driver,0.4,Deduced,0,Mice,36226351,HGNC:4776,ENSG00000286522,P68431,H3C2 :+: Ferroptosis,1
H3C3,driver,0.4,Deduced,0,Mice,36226351,HGNC:4768,ENSG00000287080,P68431,H3C3 :+: Ferroptosis,1
H3C4,driver,0.4,Deduced,0,Mice,36226351,HGNC:4767,ENSG00000197409,P68431,H3C4 :+: Ferroptosis,1
H3C6,driver,0.4,Deduced,0,Mice,36226351,HGNC:4769,ENSG00000274750,P68431,H3C6 :+: Ferroptosis,1
H3C7,driver,0.4,Deduced,0,Mice,36226351,HGNC:4773,ENSG00000277775,P68431,H3C7 :+: Ferroptosis,1
H3C8,driver,0.4,Deduced,0,Mice,36226351,HGNC:4772,ENSG00000273983,P68431,H3C8 :+: Ferroptosis,1
HAMP,unclassified,0.4,Deduced,0,Mice,27773819,HGNC:15598,ENSG00000105697,P81172,HAMP :?: Ferroptosis,1
HBA1,unclassified,0.4,Deduced,0,Human,31108460,HGNC:4823,ENSG00000206172,P69905,HBA1 :?: Ferroptosis,1
HIC1,unclassified,0.4,Deduced,0,Human,31108460,HGNC:4909,ENSG00000177374,Q14526,HIC1 :?: Ferroptosis,1
HMGCS1,suppressor,0.4,Deduced,0,Human,36702290,HGNC:5007,ENSG00000112972,Q01581,HMGCS1 :-: Ferroptosis,1
HRAS,driver,0.4,Deduced,0,Human,26157704,HGNC:5173,ENSG00000174775,P01112,HRAS :+: Ferroptosis,1
HSBP1,marker,0.4,Deduced,0,Mice,35505093,HGNC:5203,ENSG00000230989,O75506,,1
HSPA12A,suppressor,0.4,Deduced,0,Mice,37948404,HGNC:19022,ENSG00000165868,O43301,"HSPA12A :+: HIF-1α, HIF-1α :-: Ferroptosis",1
HSPA12B,suppressor,0.4,Deduced,0,Mice,37948404,HGNC:16193,ENSG00000132622,Q96MM6,"HSPA12B :+: HIF-1α, HIF-1α :-: Ferroptosis",1
HSPA13,suppressor,0.4,Deduced,0,Mice,37948404,HGNC:11375,ENSG00000155304,P48723,"HSPA13 :+: HIF-1α, HIF-1α :-: Ferroptosis",1
HSPA14,suppressor,0.4,Deduced,0,Mice,37948404,HGNC:29526,ENSG00000187522,Q0VDF9,"HSPA14 :+: HIF-1α, HIF-1α :-: Ferroptosis",1
HSPA1A,suppressor,0.4,Deduced,0,Mice,37948404,HGNC:5232,ENSG00000204389,P0DMV8,"HSPA1A :+: HIF-1α, HIF-1α :-: Ferroptosis",1
HSPA1B,suppressor,0.4,Deduced,0,Mice,37948404,HGNC:5233,ENSG00000204388,P0DMV9,"HSPA1B :+: HIF-1α, HIF-1α :-: Ferroptosis",1
HSPA1L,suppressor,0.4,Deduced,0,Mice,37948404,HGNC:5234,ENSG00000204390,P34931,"HSPA1L :+: HIF-1α, HIF-1α :-: Ferroptosis",1
HSPA2,suppressor,0.4,Deduced,0,Mice,37948404,HGNC:5235,ENSG00000126803,P54652,"HSPA2 :+: HIF-1α, HIF-1α :-: Ferroptosis",1
HSPA4,suppressor,0.4,Deduced,0,Mice,37948404,HGNC:5237,ENSG00000170606,P34932,"HSPA4 :+: HIF-1α, HIF-1α :-: Ferroptosis",1
HSPA4L,suppressor,0.4,Deduced,0,Mice,37948404,HGNC:17041,ENSG00000164070,O95757,"HSPA4L :+: HIF-1α, HIF-1α :-: Ferroptosis",1
HSPA6,suppressor,0.4,Deduced,0,Mice,37948404,HGNC:5239,ENSG00000173110,P17066,"HSPA6 :+: HIF-1α, HIF-1α :-: Ferroptosis",1
HSPA7,suppressor,0.4,Deduced,0,Mice,37948404,HGNC:5240,ENSG00000225217,P48741,"HSPA7 :+: HIF-1α, HIF-1α :-: Ferroptosis",1
HSPA9,suppressor,0.4,Deduced,0,Mice,37948404,HGNC:5244,ENSG00000113013,P38646,"HSPA9 :+: HIF-1α, HIF-1α :-: Ferroptosis",1
HSPH1,suppressor,0.4,Deduced,0,Mice,37948404,HGNC:16969,ENSG00000120694,Q92598,"HSPH1 :+: HIF-1α, HIF-1α :-: Ferroptosis",1
HYOU1,suppressor,0.4,Deduced,0,Mice,37948404,HGNC:16931,ENSG00000149428,Q9Y4L1,"HYOU1 :+: HIF-1α, HIF-1α :-: Ferroptosis",1
IFNA10,driver,0.4,Deduced,0,"Human, mice",34385713,HGNC:5418,ENSG00000186803,P01566,"IFNA10 :-: GPX4, GPX4 :-: Ferroptosis",1
IFNA13,driver,0.4,Deduced,0,"Human, mice",34385713,HGNC:5419,ENSG00000233816,P01562,"IFNA13 :-: GPX4, GPX4 :-: Ferroptosis",1
IFNA14,driver,0.4,Deduced,0,"Human, mice",34385713,HGNC:5420,ENSG00000228083,P01570,"IFNA14 :-: GPX4, GPX4 :-: Ferroptosis",1
IFNA16,driver,0.4,Deduced,0,"Human, mice",34385713,HGNC:5421,ENSG00000147885,P05015,"IFNA16 :-: GPX4, GPX4 :-: Ferroptosis",1
IFNA17,driver,0.4,Deduced,0,"Human, mice",34385713,HGNC:5422,ENSG00000234829,P01571,"IFNA17 :-: GPX4, GPX4 :-: Ferroptosis",1
IFNA2,driver,0.4,Deduced,0,"Human, mice",34385713,HGNC:5423,ENSG00000188379,P01563,"IFNA2 :-: GPX4, GPX4 :-: Ferroptosis",1
IFNA21,driver,0.4,Deduced,0,"Human, mice",34385713,HGNC:5424,ENSG00000137080,P01568,"IFNA21 :-: GPX4, GPX4 :-: Ferroptosis",1
IFNA4,driver,0.4,Deduced,0,"Human, mice",34385713,HGNC:5425,ENSG00000236637,P05014,"IFNA4 :-: GPX4, GPX4 :-: Ferroptosis",1
IFNA5,driver,0.4,Deduced,0,"Human, mice",34385713,HGNC:5426,ENSG00000147873,P01569,"IFNA5 :-: GPX4, GPX4 :-: Ferroptosis",1
IFNA6,driver,0.4,Deduced,0,"Human, mice",34385713,HGNC:5427,ENSG00000120235,P05013,"IFNA6 :-: GPX4, GPX4 :-: Ferroptosis",1
IFNA7,driver,0.4,Deduced,0,"Human, mice",34385713,HGNC:5428,ENSG00000214042,P01567,"IFNA7 :-: GPX4, GPX4 :-: Ferroptosis",1
IFNA8,driver,0.4,Deduced,0,"Human, mice",34385713,HGNC:5429,ENSG00000120242,P32881,"IFNA8 :-: GPX4, GPX4 :-: Ferroptosis",1
IRF3,suppressor,0.4,Deduced,0,Rat,35227883,HGNC:6118,ENSG00000126456,Q14653,"IRF3 :+: SLC7A11, SLC7A11 :-: ALOX12, ALOX12 :+: Ferroptosis",1
ISCA2,suppressor,0.4,Deduced,0,"Human, mice",36097192,HGNC:19857,ENSG00000165898,Q86U28,ISCA2 :-: Ferroptosis,1
ITPR1,driver,0.4,Deduced,0,"Human, mice",37383224,HGNC:6180,ENSG00000150995,Q14643,ITPR1 :+: Ferroptosis,1
ITPR2,driver,0.4,Deduced,0,"Human, mice",37383224,HGNC:6181,ENSG00000123104,Q14571,ITPR2 :+: Ferroptosis,1
ITPR3,driver,0.4,Deduced,0,"Human, mice",37383224,HGNC:6182,ENSG00000096433,Q14573,ITPR3 :+: Ferroptosis,1
JUP,suppressor,0.4,Deduced,0,"Human, mice",36429010,HGNC:6207,ENSG00000173801,P14923,"JUP :+: MITF, MITF :-: Ferroptosis",1
KIM-1,unclassified,0.4,Deduced,0,Mice,25385600,,,,KIM-1 :?: Ferroptosis,1
KRAS,driver,0.4,Deduced,0,Human,26157704,HGNC:6407,ENSG00000133703,P01116,KRAS :+: Ferroptosis,1
LDHA,suppressor,0.4,Deduced,0,Human,36923931,HGNC:6535,ENSG00000134333,P00338,LDHA :-: Ferroptosis,1
LRRFIP1,unclassified,0.4,Deduced,0,Rat,33265962,HGNC:6702,ENSG00000124831,Q32MZ4,LRRFIP1 :?: Ferroptosis,1
MAFG,unclassified,0.4,Deduced,0,"Human, mice",26403645,HGNC:6781,ENSG00000197063,O15525,MAFG :?: Ferroptosis,1
MAP3K5,unclassified,0.4,Deduced,0,Human,28887319,HGNC:6857,ENSG00000197442,Q99683,MAP3K5 :?: Ferroptosis,1
MAPKAP1,suppressor|unclassified,0.4,Deduced,0,"Human, mice|Mice",34949833|36189894,HGNC:18752,ENSG00000119487,Q9BPZ7,"MAPKAP1 :-: GSK3B, GSK3B :-: GPX4, GPX4 :-: Ferroptosis|MAPKAP1 :?: Ferroptosis",2
MIR127,driver,0.4,Deduced,0,"Human, mice",35818586,HGNC:31509,ENSG00000207608,,MIR127 :+: Ferroptosis,1
MIR129-1,driver,0.4,Deduced,0,Chicken,36436380,HGNC:31512,ENSG00000207705,,"MIR129-1 :-: SLC7A11, SLC7A11 :+: GPX4, GPX4 :-: Ferroptosis",1
MIR16-1,suppressor,0.4,Deduced,0,"Human, mice",37315165,HGNC:31545,ENSG00000208006,,"MIR16-1 :-: ACSL4, ACSL4 :+: Ferroptosis",1
MIR16-2,suppressor,0.4,Deduced,0,"Human, mice",37315165,HGNC:31546,ENSG00000198987,,"MIR16-2 :-: ACSL4, ACSL4 :+: Ferroptosis",1
MIR18A,suppressor,0.4,Deduced,0,Human,33579899,HGNC:31548,ENSG00000283815,,"MIR18A :-: ALOXE3, ALOXE3 :+: Ferroptosis",1
MIR30B,unclassified,0.4,Deduced,0,"Human, rat",31926626,HGNC:31625,ENSG00000207582,,MIR30B :?: Ferroptosis,1
MIR338,driver,0.4,Deduced,0,Human,35320491,HGNC:31775,ENSG00000283604,,"MIR338 :-: SLC1A5, SLC1A5 :-: Ferroptosis",1
MMP13,unclassified,0.4,Deduced,0,Human,33376672,HGNC:7159,ENSG00000137745,P45452,MMP13 :?: Ferroptosis,1
MT3,unclassified,0.4,Deduced,0,Human,24439385,HGNC:7408,ENSG00000087250,P25713,MT3 :?: Ferroptosis,1
NCF2,unclassified,0.4,Deduced,0,Human,24439385,HGNC:7661,ENSG00000116701,P19878,NCF2 :?: Ferroptosis,1
NCOA3,suppressor,0.4,Deduced,0,Human,32536370,HGNC:7670,ENSG00000124151,Q9Y6Q9,"NCOA3 :-: Lipid ROS, Lipid ROS :+: Ferroptosis",1
NGB,unclassified,0.4,Deduced,0,Human,31405213,HGNC:14077,ENSG00000165553,Q9NPG2,NGB :?: Ferroptosis,1
NNMT,unclassified,0.4,Deduced,0,Human,31108460,HGNC:7861,ENSG00000166741,P40261,NNMT :?: Ferroptosis,1
NOX1,driver|marker,0.4,Deduced,0,Human|Mice,22632970|35505093,HGNC:7889,ENSG00000007952,Q9Y5S8,NOX1 :+: Ferroptosis,2
NOX3,driver,0.4,Deduced,0,Human,22632970,HGNC:7890,ENSG00000074771,Q9HBY0,NOX3 :+: Ferroptosis,1
NOX5,driver,0.4,Deduced,0,Human,22632970,HGNC:14874,ENSG00000255346,Q96PH1,NOX5 :+: Ferroptosis,1
NR4A1,suppressor,0.4,Deduced,0,Human,33271455,HGNC:7980,ENSG00000123358,P22736,"NR4A1 :+: SCD1, SCD1 :-: Ferroptosis",1
NR5A2,suppressor,0.4,Deduced,0,Human,32536370,HGNC:7984,ENSG00000116833,O00482,"NR5A2 :-: Lipid ROS, Lipid ROS :+: Ferroptosis",1
NRAS,driver,0.4,Deduced,0,Human,26157704,HGNC:7989,ENSG00000213281,P01111,NRAS :+: Ferroptosis,1
NT5DC2,suppressor,0.4,Deduced,0,_NA_,33124817,HGNC:25717,ENSG00000168268,Q9H857,NT5DC2 :-: Ferroptosis,1
OXSR1,unclassified,0.4,Deduced,0,Human,24439385,HGNC:8508,ENSG00000172939,O95747,OXSR1 :?: Ferroptosis,1
PARP1,suppressor,0.4,Deduced,0,Human,33722571,HGNC:270,ENSG00000143799,P09874,"PARP1 :+: SLC7A11, SLC7A11 :+: glutathione biosynthesis, glutathione biosynthesis :-: Lipid ROS, Lipid ROS :+: Ferroptosis",1
PARP10,suppressor,0.4,Deduced,0,Human,33722571,HGNC:25895,ENSG00000178685,Q53GL7,"PARP10 :+: SLC7A11, SLC7A11 :+: glutathione biosynthesis, glutathione biosynthesis :-: Lipid ROS, Lipid ROS :+: Ferroptosis",1
PARP11,suppressor,0.4,Deduced,0,Human,33722571,HGNC:1186,ENSG00000111224,Q9NR21,"PARP11 :+: SLC7A11, SLC7A11 :+: glutathione biosynthesis, glutathione biosynthesis :-: Lipid ROS, Lipid ROS :+: Ferroptosis",1
PARP12,suppressor,0.4,Deduced,0,Human,33722571,HGNC:21919,ENSG00000059378,Q9H0J9,"PARP12 :+: SLC7A11, SLC7A11 :+: glutathione biosynthesis, glutathione biosynthesis :-: Lipid ROS, Lipid ROS :+: Ferroptosis",1
PARP14,suppressor,0.4,Deduced,0,Human,33722571,HGNC:29232,ENSG00000173193,Q460N5,"PARP14 :+: SLC7A11, SLC7A11 :+: glutathione biosynthesis, glutathione biosynthesis :-: Lipid ROS, Lipid ROS :+: Ferroptosis",1
PARP15,suppressor,0.4,Deduced,0,Human,33722571,HGNC:26876,ENSG00000173200,Q460N3,"PARP15 :+: SLC7A11, SLC7A11 :+: glutathione biosynthesis, glutathione biosynthesis :-: Lipid ROS, Lipid ROS :+: Ferroptosis",1
PARP16,suppressor,0.4,Deduced,0,Human,33722571,HGNC:26040,ENSG00000138617,Q8N5Y8,"PARP16 :+: SLC7A11, SLC7A11 :+: glutathione biosynthesis, glutathione biosynthesis :-: Lipid ROS, Lipid ROS :+: Ferroptosis",1
PARP2,suppressor,0.4,Deduced,0,Human,33722571,HGNC:272,ENSG00000129484,Q9UGN5,"PARP2 :+: SLC7A11, SLC7A11 :+: glutathione biosynthesis, glutathione biosynthesis :-: Lipid ROS, Lipid ROS :+: Ferroptosis",1
PARP3,suppressor,0.4,Deduced,0,Human,33722571,HGNC:273,ENSG00000041880,Q9Y6F1,"PARP3 :+: SLC7A11, SLC7A11 :+: glutathione biosynthesis, glutathione biosynthesis :-: Lipid ROS, Lipid ROS :+: Ferroptosis",1
PARP4,suppressor,0.4,Deduced,0,Human,33722571,HGNC:271,ENSG00000102699,Q9UKK3,"PARP4 :+: SLC7A11, SLC7A11 :+: glutathione biosynthesis, glutathione biosynthesis :-: Lipid ROS, Lipid ROS :+: Ferroptosis",1
PARP6,suppressor,0.4,Deduced,0,Human,33722571,HGNC:26921,ENSG00000137817,Q2NL67,"PARP6 :+: SLC7A11, SLC7A11 :+: glutathione biosynthesis, glutathione biosynthesis :-: Lipid ROS, Lipid ROS :+: Ferroptosis",1
PARP8,suppressor,0.4,Deduced,0,Human,33722571,HGNC:26124,ENSG00000151883,Q8N3A8,"PARP8 :+: SLC7A11, SLC7A11 :+: glutathione biosynthesis, glutathione biosynthesis :-: Lipid ROS, Lipid ROS :+: Ferroptosis",1
PARP9,suppressor,0.4,Deduced,0,Human,33722571,HGNC:24118,ENSG00000138496,Q8IXQ6,"PARP9 :+: SLC7A11, SLC7A11 :+: glutathione biosynthesis, glutathione biosynthesis :-: Lipid ROS, Lipid ROS :+: Ferroptosis",1
PLIN4,unclassified,0.4,Deduced,0,Human,31108460,HGNC:29393,ENSG00000167676,Q96Q06,PLIN4 :?: Ferroptosis,1
PRR5,suppressor|unclassified,0.4,Deduced,0,"Human, mice|Mice",34949833|36189894,HGNC:31682,ENSG00000186654,P85299,"PRR5 :-: GSK3B, GSK3B :-: GPX4, GPX4 :-: Ferroptosis|PRR5 :?: Ferroptosis",2
PUM2,unclassified,0.4,Deduced,0,Mice,35997855,HGNC:14958,ENSG00000055917,Q8TB72,PUM2 :?: Ferroptosis,1
RICTOR,suppressor|unclassified,0.4,Deduced,0,"Human, mice|Mice",34949833|36189894,HGNC:28611,ENSG00000164327,Q6R327,"RICTOR :-: GSK3B, GSK3B :-: GPX4, GPX4 :-: Ferroptosis|RICTOR :?: Ferroptosis",2
RIPK1,unclassified,0.4,Deduced,0,Human,31827280,HGNC:10019,ENSG00000137275,Q13546,RIPK1 :?: Ferroptosis,1
SDHA,suppressor,0.4,Deduced,0,Human,35510387,HGNC:10680,ENSG00000073578,P31040,SDHA :-: Ferroptosis,1
SDHB,suppressor,0.4,Deduced,0,Human,35510387,HGNC:10681,ENSG00000117118,P21912,SDHB :-: Ferroptosis,1
SDHC,suppressor,0.4,Deduced,0,Human,35510387,HGNC:10682,ENSG00000143252,Q99643,SDHC :-: Ferroptosis,1
SDHD,suppressor,0.4,Deduced,0,Human,35510387,HGNC:10683,ENSG00000204370,O14521,SDHD :-: Ferroptosis,1
SELENOP,suppressor,0.4,Deduced,0,Mice,35318102,HGNC:10751,ENSG00000250722,P49908,"SELENOP :+: GPX4, GPX4 :-: Ferroptosis",1
SELENOS,unclassified,0.4,Deduced,0,Human,24439385,HGNC:30396,ENSG00000131871,Q9BQE4,SELENOS :?: Ferroptosis,1
SLC2A1,unclassified,0.4,Deduced,0,Human,28900510,HGNC:11005,ENSG00000117394,P11166,SLC2A1 :?: Ferroptosis,1
SLC2A14,unclassified,0.4,Deduced,0,Human,28900510,HGNC:18301,ENSG00000173262,Q8TDB8,SLC2A14 :?: Ferroptosis,1
SLC2A3,unclassified,0.4,Deduced,0,Human,28900510,HGNC:11007,ENSG00000059804,P11169,SLC2A3 :?: Ferroptosis,1
SLC2A6,unclassified,0.4,Deduced,0,Human,28900510,HGNC:11011,ENSG00000160326,Q9UGQ3,SLC2A6 :?: Ferroptosis,1
SLC2A8,unclassified,0.4,Deduced,0,Human,28900510,HGNC:13812,ENSG00000136856,Q9NY64,SLC2A8 :?: Ferroptosis,1
SMAD4,driver,0.4,Deduced,0,"Human, mice",38057506,HGNC:6770,ENSG00000141646,Q13485,"SMAD4 :-: GPX4, GPX4 :-: Ferroptosis",1
SOX15,driver,0.4,Deduced,0,Human,35922412,HGNC:11196,ENSG00000129194,O60248,"SOX15 :+: AOC1, AOC1 :+: Ferroptosis",1
SRXN1,unclassified,0.4,Deduced,0,Human,24439385,HGNC:16132,ENSG00000271303,Q9BYN0,SRXN1 :?: Ferroptosis,1
STMN1,unclassified,0.4,Deduced,0,Human,31108460,HGNC:6510,ENSG00000117632,P16949,STMN1 :?: Ferroptosis,1
TFAP2C,suppressor|unclassified,0.4,Deduced,0,Human|Mice,31056284|35402284,HGNC:11744,ENSG00000087510,Q92754,"TFAP2C :+: PCAT1, PCAT1 :-: Ferroptosis|TFAP2C :?: Ferroptosis",2
TGFB1,driver,0.4,Deduced,0,Human,32471991,HGNC:11766,ENSG00000105329,P01137,"TGFB1 :-: xCT, xCT :+: GSH, GSH :-: Ferroptosis",1
TMSB4Y,suppressor,0.4,Deduced,0,"Human, rat",34280397,HGNC:11882,ENSG00000154620,O14604,"TMSB4Y :-: Lpid ROS, Lipid ROS :+: Ferroptosis, TMSB4Y :-: MDA, MDA :+: Ferroptosis, TMSB4Y :+: GSH, GSH :-: Ferroptosis, TMSB4Y :+: GPX4, GPX4 :-: Ferroptosis",1
UBC,unclassified,0.4,Deduced,0,Human,24439385,HGNC:12468,ENSG00000150991,P0CG48,UBC :?: Ferroptosis,1
UMPS,suppressor,0.4,Deduced,0,"Human, mice",37291265,HGNC:12563,ENSG00000114491,P11172,UMPS :-: Ferroptosis,1
YWHAE,unclassified,0.4,Deduced,0,Human,31581313,HGNC:12851,ENSG00000108953,P62258,YWHAE :?: Ferroptosis,1
