pathway,gene,source
HIF1_signaling,CDKN1C,MSigDB (original: HALLMARK_HYPOXIA)
HIF1_signaling,COL5A1,MSigDB (original: HALLMARK_HYPOXIA)
HIF1_signaling,KLF6,MSigDB (original: HALLMARK_HYPOXIA)
HIF1_signaling,CP,MSigDB (original: HALLMARK_HYPOXIA)
HIF1_signaling,DCN,MSigDB (original: HALLMARK_HYPOXIA)
HIF1_signaling,DTNA,MSigDB (original: HALLMARK_HYPOXIA)
HIF1_signaling,EXT1,MSigDB (original: HALLMARK_HYPOXIA)
HIF1_signaling,GPC4,MSigDB (original: HALLMARK_HYPOXIA)
HIF1_signaling,ALDOB,MSigDB (original: HALLMARK_HYPOXIA)
HIF1_signaling,GAA,MSigDB (original: HALLMARK_HYPOXIA)
HIF1_signaling,GBE1,MSigDB (original: HALLMARK_HYPOXIA)
HIF1_signaling,GCK,MSigDB (original: HALLMARK_HYPOXIA)
HIF1_signaling,GCNT2,MSigDB (original: HALLMARK_HYPOXIA)
HIF1_signaling,GPC3,MSigDB (original: HALLMARK_HYPOXIA)
HIF1_signaling,HK1,MSigDB (original: HALLMARK_HYPOXIA)
HIF1_signaling,HMOX1,MSigDB (original: HALLMARK_HYPOXIA)
HIF1_signaling,IDS,MSigDB (original: HALLMARK_HYPOXIA)
HIF1_signaling,IL6,MSigDB (original: HALLMARK_HYPOXIA)
HIF1_signaling,KIF5A,MSigDB (original: HALLMARK_HYPOXIA)
HIF1_signaling,MAP3K1,MSigDB (original: HALLMARK_HYPOXIA)
HIF1_signaling,MYH9,MSigDB (original: HALLMARK_HYPOXIA)
HIF1_signaling,PDGFB,MSigDB (original: HALLMARK_HYPOXIA)
HIF1_signaling,ATP7A,MSigDB (original: HALLMARK_HYPOXIA)
HIF1_signaling,BCL2,MSigDB (original: HALLMARK_HYPOXIA)
HIF1_signaling,TGFB3,MSigDB (original: HALLMARK_HYPOXIA)
HIF1_signaling,TGFBI,MSigDB (original: HALLMARK_HYPOXIA)
HIF1_signaling,TPI1,MSigDB (original: HALLMARK_HYPOXIA)
HIF1_signaling,VHL,MSigDB (original: HALLMARK_HYPOXIA)
HIF1_signaling,CAV1,MSigDB (original: HALLMARK_HYPOXIA)
HIF1_signaling,IRS2,MSigDB (original: HALLMARK_HYPOXIA)
HIF1_signaling,LARGE1,MSigDB (original: HALLMARK_HYPOXIA)
HIF1_signaling,GRHPR,MSigDB (original: HALLMARK_HYPOXIA)
HIF1_signaling,CHST3,MSigDB (original: HALLMARK_HYPOXIA)
HIF1_signaling,CDKN1B,MSigDB (original: HALLMARK_HYPOXIA)
HIF1_signaling,CITED2,MSigDB (original: HALLMARK_HYPOXIA)
HIF1_signaling,NDRG1,MSigDB (original: HALLMARK_HYPOXIA)
HIF1_signaling,B3GALT6,MSigDB (original: HALLMARK_HYPOXIA)
HIF1_signaling,EGFR,MSigDB (original: HALLMARK_HYPOXIA)
HIF1_signaling,FBP1,MSigDB (original: HALLMARK_HYPOXIA)
HIF1_signaling,SLC37A4,MSigDB (original: HALLMARK_HYPOXIA)
HIF1_signaling,GALK1,MSigDB (original: HALLMARK_HYPOXIA)
HIF1_signaling,GPI1,MSigDB (original: HALLMARK_HYPOXIA)
HIF1_signaling,CAVIN1,MSigDB (original: HALLMARK_HYPOXIA)
HIF1_signaling,HEXA,MSigDB (original: HALLMARK_HYPOXIA)
HIF1_signaling,RBPJ,MSigDB (original: HALLMARK_HYPOXIA)
HIF1_signaling,MIF,MSigDB (original: HALLMARK_HYPOXIA)
HIF1_signaling,MXI1,MSigDB (original: HALLMARK_HYPOXIA)
HIF1_signaling,PDK3,MSigDB (original: HALLMARK_HYPOXIA)
HIF1_signaling,PGM1,MSigDB (original: HALLMARK_HYPOXIA)
HIF1_signaling,PKLR,MSigDB (original: HALLMARK_HYPOXIA)
HIF1_signaling,PYGM,MSigDB (original: HALLMARK_HYPOXIA)
HIF1_signaling,SLC2A1,MSigDB (original: HALLMARK_HYPOXIA)
HIF1_signaling,SULT2B1,MSigDB (original: HALLMARK_HYPOXIA)
HIF1_signaling,VLDLR,MSigDB (original: HALLMARK_HYPOXIA)
HIF1_signaling,CXCR4,MSigDB (original: HALLMARK_HYPOXIA)
HIF1_signaling,SDC3,MSigDB (original: HALLMARK_HYPOXIA)
HIF1_signaling,ERO1A,MSigDB (original: HALLMARK_HYPOXIA)
HIF1_signaling,PRDX5,MSigDB (original: HALLMARK_HYPOXIA)
HIF1_signaling,JMJD6,MSigDB (original: HALLMARK_HYPOXIA)
HIF1_signaling,GPC1,MSigDB (original: HALLMARK_HYPOXIA)
HIF1_signaling,PKP1,MSigDB (original: HALLMARK_HYPOXIA)
HIF1_signaling,LXN,MSigDB (original: HALLMARK_HYPOXIA)
HIF1_signaling,CHST2,MSigDB (original: HALLMARK_HYPOXIA)
HIF1_signaling,SLC2A5,MSigDB (original: HALLMARK_HYPOXIA)
HIF1_signaling,ISG20,MSigDB (original: HALLMARK_HYPOXIA)
HIF1_signaling,CDKN1A,MSigDB (original: HALLMARK_HYPOXIA)
HIF1_signaling,DPYSL4,MSigDB (original: HALLMARK_HYPOXIA)
HIF1_signaling,ILVBL,MSigDB (original: HALLMARK_HYPOXIA)
HIF1_signaling,PLIN2,MSigDB (original: HALLMARK_HYPOXIA)
HIF1_signaling,ADM,MSigDB (original: HALLMARK_HYPOXIA)
HIF1_signaling,ADORA2B,MSigDB (original: HALLMARK_HYPOXIA)
HIF1_signaling,NCAN,MSigDB (original: HALLMARK_HYPOXIA)
HIF1_signaling,CSRP2,MSigDB (original: HALLMARK_HYPOXIA)
HIF1_signaling,CCN2,MSigDB (original: HALLMARK_HYPOXIA)
HIF1_signaling,DDIT3,MSigDB (original: HALLMARK_HYPOXIA)
HIF1_signaling,DUSP1,MSigDB (original: HALLMARK_HYPOXIA)
HIF1_signaling,EDN2,MSigDB (original: HALLMARK_HYPOXIA)
HIF1_signaling,EFNA1,MSigDB (original: HALLMARK_HYPOXIA)
HIF1_signaling,EFNA3,MSigDB (original: HALLMARK_HYPOXIA)
HIF1_signaling,ENO1B,MSigDB (original: HALLMARK_HYPOXIA)
HIF1_signaling,ENO2,MSigDB (original: HALLMARK_HYPOXIA)
HIF1_signaling,ENO3,MSigDB (original: HALLMARK_HYPOXIA)
HIF1_signaling,ETS1,MSigDB (original: HALLMARK_HYPOXIA)
HIF1_signaling,F3,MSigDB (original: HALLMARK_HYPOXIA)
HIF1_signaling,ALDOA,MSigDB (original: HALLMARK_HYPOXIA)
HIF1_signaling,ALDOC,MSigDB (original: HALLMARK_HYPOXIA)
HIF1_signaling,FOS,MSigDB (original: HALLMARK_HYPOXIA)
HIF1_signaling,FOSL2,MSigDB (original: HALLMARK_HYPOXIA)
HIF1_signaling,MAFF,MSigDB (original: HALLMARK_HYPOXIA)
HIF1_signaling,GAPDH-PS15,MSigDB (original: HALLMARK_HYPOXIA)
HIF1_signaling,AMPD3,MSigDB (original: HALLMARK_HYPOXIA)
HIF1_signaling,NR3C1,MSigDB (original: HALLMARK_HYPOXIA)
HIF1_signaling,GYS1,MSigDB (original: HALLMARK_HYPOXIA)
HIF1_signaling,ANXA2,MSigDB (original: HALLMARK_HYPOXIA)
HIF1_signaling,HAS1,MSigDB (original: HALLMARK_HYPOXIA)
HIF1_signaling,HK2,MSigDB (original: HALLMARK_HYPOXIA)
HIF1_signaling,HOXB9,MSigDB (original: HALLMARK_HYPOXIA)
HIF1_signaling,HSPA5,MSigDB (original: HALLMARK_HYPOXIA)
HIF1_signaling,NDST1,MSigDB (original: HALLMARK_HYPOXIA)
HIF1_signaling,IGFBP1,MSigDB (original: HALLMARK_HYPOXIA)
HIF1_signaling,IGFBP3,MSigDB (original: HALLMARK_HYPOXIA)
HIF1_signaling,CCN1,MSigDB (original: HALLMARK_HYPOXIA)
HIF1_signaling,INHA,MSigDB (original: HALLMARK_HYPOXIA)
HIF1_signaling,JUN,MSigDB (original: HALLMARK_HYPOXIA)
HIF1_signaling,LALBA,MSigDB (original: HALLMARK_HYPOXIA)
HIF1_signaling,LDHA,MSigDB (original: HALLMARK_HYPOXIA)
HIF1_signaling,LDHC,MSigDB (original: HALLMARK_HYPOXIA)
HIF1_signaling,LOX,MSigDB (original: HALLMARK_HYPOXIA)
HIF1_signaling,ATF3,MSigDB (original: HALLMARK_HYPOXIA)
HIF1_signaling,NFIL3,MSigDB (original: HALLMARK_HYPOXIA)
HIF1_signaling,P4HA1,MSigDB (original: HALLMARK_HYPOXIA)
HIF1_signaling,SERPINE1,MSigDB (original: HALLMARK_HYPOXIA)
HIF1_signaling,PAM,MSigDB (original: HALLMARK_HYPOXIA)
HIF1_signaling,PCK1,MSigDB (original: HALLMARK_HYPOXIA)
HIF1_signaling,PFKL,MSigDB (original: HALLMARK_HYPOXIA)
HIF1_signaling,PFKP,MSigDB (original: HALLMARK_HYPOXIA)
HIF1_signaling,PGF,MSigDB (original: HALLMARK_HYPOXIA)
HIF1_signaling,PGK1,MSigDB (original: HALLMARK_HYPOXIA)
HIF1_signaling,PGM2,MSigDB (original: HALLMARK_HYPOXIA)
HIF1_signaling,PHKG1,MSigDB (original: HALLMARK_HYPOXIA)
HIF1_signaling,PIM1,MSigDB (original: HALLMARK_HYPOXIA)
HIF1_signaling,PLAUR,MSigDB (original: HALLMARK_HYPOXIA)
HIF1_signaling,PRKCA,MSigDB (original: HALLMARK_HYPOXIA)
HIF1_signaling,RORA,MSigDB (original: HALLMARK_HYPOXIA)
HIF1_signaling,S100A4,MSigDB (original: HALLMARK_HYPOXIA)
HIF1_signaling,BGN,MSigDB (original: HALLMARK_HYPOXIA)
HIF1_signaling,SDC2,MSigDB (original: HALLMARK_HYPOXIA)
HIF1_signaling,SDC4,MSigDB (original: HALLMARK_HYPOXIA)
HIF1_signaling,SIAH2,MSigDB (original: HALLMARK_HYPOXIA)
HIF1_signaling,SLC2A3,MSigDB (original: HALLMARK_HYPOXIA)
HIF1_signaling,SLC6A6,MSigDB (original: HALLMARK_HYPOXIA)
HIF1_signaling,SLC25A1,MSigDB (original: HALLMARK_HYPOXIA)
HIF1_signaling,BNIP3L,MSigDB (original: HALLMARK_HYPOXIA)
HIF1_signaling,STC1,MSigDB (original: HALLMARK_HYPOXIA)
HIF1_signaling,BRS3,MSigDB (original: HALLMARK_HYPOXIA)
HIF1_signaling,BTG1,MSigDB (original: HALLMARK_HYPOXIA)
HIF1_signaling,TGM2,MSigDB (original: HALLMARK_HYPOXIA)
HIF1_signaling,TPBG,MSigDB (original: HALLMARK_HYPOXIA)
HIF1_signaling,TPD52,MSigDB (original: HALLMARK_HYPOXIA)
HIF1_signaling,VEGFA,MSigDB (original: HALLMARK_HYPOXIA)
HIF1_signaling,ZFP36,MSigDB (original: HALLMARK_HYPOXIA)
HIF1_signaling,TPST2,MSigDB (original: HALLMARK_HYPOXIA)
HIF1_signaling,BHLHE40,MSigDB (original: HALLMARK_HYPOXIA)
HIF1_signaling,STC2,MSigDB (original: HALLMARK_HYPOXIA)
HIF1_signaling,CCN5,MSigDB (original: HALLMARK_HYPOXIA)
HIF1_signaling,P4HA2,MSigDB (original: HALLMARK_HYPOXIA)
HIF1_signaling,SELENBP1,MSigDB (original: HALLMARK_HYPOXIA)
HIF1_signaling,CCNG2,MSigDB (original: HALLMARK_HYPOXIA)
HIF1_signaling,SCARB1,MSigDB (original: HALLMARK_HYPOXIA)
HIF1_signaling,TES,MSigDB (original: HALLMARK_HYPOXIA)
HIF1_signaling,ANGPTL4,MSigDB (original: HALLMARK_HYPOXIA)
HIF1_signaling,AKAP12,MSigDB (original: HALLMARK_HYPOXIA)
HIF1_signaling,PGAM2,MSigDB (original: HALLMARK_HYPOXIA)
HIF1_signaling,TKTL1,MSigDB (original: HALLMARK_HYPOXIA)
HIF1_signaling,NOCT,MSigDB (original: HALLMARK_HYPOXIA)
HIF1_signaling,NEDD4L,MSigDB (original: HALLMARK_HYPOXIA)
HIF1_signaling,SAP30,MSigDB (original: HALLMARK_HYPOXIA)
HIF1_signaling,KLF7,MSigDB (original: HALLMARK_HYPOXIA)
HIF1_signaling,GLRX,MSigDB (original: HALLMARK_HYPOXIA)
HIF1_signaling,PPP1R15A,MSigDB (original: HALLMARK_HYPOXIA)
HIF1_signaling,NAGK,MSigDB (original: HALLMARK_HYPOXIA)
HIF1_signaling,FOXO3,MSigDB (original: HALLMARK_HYPOXIA)
HIF1_signaling,ACKR3,MSigDB (original: HALLMARK_HYPOXIA)
HIF1_signaling,PPARGC1A,MSigDB (original: HALLMARK_HYPOXIA)
HIF1_signaling,SRPX,MSigDB (original: HALLMARK_HYPOXIA)
HIF1_signaling,BCAN,MSigDB (original: HALLMARK_HYPOXIA)
HIF1_signaling,CASP6,MSigDB (original: HALLMARK_HYPOXIA)
HIF1_signaling,TNFAIP3,MSigDB (original: HALLMARK_HYPOXIA)
HIF1_signaling,NDST2,MSigDB (original: HALLMARK_HYPOXIA)
HIF1_signaling,PDK1,MSigDB (original: HALLMARK_HYPOXIA)
HIF1_signaling,HS3ST1,MSigDB (original: HALLMARK_HYPOXIA)
HIF1_signaling,HDLBP,MSigDB (original: HALLMARK_HYPOXIA)
HIF1_signaling,PPP1R3C,MSigDB (original: HALLMARK_HYPOXIA)
HIF1_signaling,PPFIA4,MSigDB (original: HALLMARK_HYPOXIA)
HIF1_signaling,DDIT4,MSigDB (original: HALLMARK_HYPOXIA)
HIF1_signaling,UGP2,MSigDB (original: HALLMARK_HYPOXIA)
HIF1_signaling,WSB1,MSigDB (original: HALLMARK_HYPOXIA)
HIF1_signaling,XPNPEP1,MSigDB (original: HALLMARK_HYPOXIA)
HIF1_signaling,PNRC1,MSigDB (original: HALLMARK_HYPOXIA)
HIF1_signaling,PFKFB3,MSigDB (original: HALLMARK_HYPOXIA)
HIF1_signaling,KDM3A,MSigDB (original: HALLMARK_HYPOXIA)
HIF1_signaling,KDELR3,MSigDB (original: HALLMARK_HYPOXIA)
HIF1_signaling,PLAC8,MSigDB (original: HALLMARK_HYPOXIA)
HIF1_signaling,RRAGD,MSigDB (original: HALLMARK_HYPOXIA)
HIF1_signaling,CAR12,MSigDB (original: HALLMARK_HYPOXIA)
HIF1_signaling,ZFP292,MSigDB (original: HALLMARK_HYPOXIA)
HIF1_signaling,B4GALNT2,MSigDB (original: HALLMARK_HYPOXIA)
HIF1_signaling,ERRFI1,MSigDB (original: HALLMARK_HYPOXIA)
HIF1_signaling,FAM162A,MSigDB (original: HALLMARK_HYPOXIA)
HIF1_signaling,STBD1,MSigDB (original: HALLMARK_HYPOXIA)
HIF1_signaling,CAVIN3,MSigDB (original: HALLMARK_HYPOXIA)
HIF1_signaling,GAPDHS,MSigDB (original: HALLMARK_HYPOXIA)
HIF1_signaling,TIPARP,MSigDB (original: HALLMARK_HYPOXIA)
HIF1_signaling,TMEM45A,MSigDB (original: HALLMARK_HYPOXIA)
HIF1_signaling,IER3,MSigDB (original: HALLMARK_HYPOXIA)
HIF1_signaling,KLHL24,MSigDB (original: HALLMARK_HYPOXIA)
HIF1_signaling,MT1,MSigDB (original: HALLMARK_HYPOXIA)
HIF1_signaling,ANKZF1,MSigDB (original: HALLMARK_HYPOXIA)
HIF1_signaling,AK4,MSigDB (original: HALLMARK_HYPOXIA)
Apoptosis,IFITM3,MSigDB (original: HALLMARK_APOPTOSIS)
Apoptosis,ADD1,MSigDB (original: HALLMARK_APOPTOSIS)
Apoptosis,CTH,MSigDB (original: HALLMARK_APOPTOSIS)
Apoptosis,CTNNB1,MSigDB (original: HALLMARK_APOPTOSIS)
Apoptosis,CYLD,MSigDB (original: HALLMARK_APOPTOSIS)
Apoptosis,DCN,MSigDB (original: HALLMARK_APOPTOSIS)
Apoptosis,DPYD,MSigDB (original: HALLMARK_APOPTOSIS)
Apoptosis,ERBB2,MSigDB (original: HALLMARK_APOPTOSIS)
Apoptosis,F2,MSigDB (original: HALLMARK_APOPTOSIS)
Apoptosis,GCH1,MSigDB (original: HALLMARK_APOPTOSIS)
Apoptosis,GUCY2E,MSigDB (original: HALLMARK_APOPTOSIS)
Apoptosis,HGF,MSigDB (original: HALLMARK_APOPTOSIS)
Apoptosis,HMOX1,MSigDB (original: HALLMARK_APOPTOSIS)
Apoptosis,XIAP,MSigDB (original: HALLMARK_APOPTOSIS)
Apoptosis,HSPB1,MSigDB (original: HALLMARK_APOPTOSIS)
Apoptosis,IGF2R,MSigDB (original: HALLMARK_APOPTOSIS)
Apoptosis,APP,MSigDB (original: HALLMARK_APOPTOSIS)
Apoptosis,FAS,MSigDB (original: HALLMARK_APOPTOSIS)
Apoptosis,IL1B,MSigDB (original: HALLMARK_APOPTOSIS)
Apoptosis,FASL,MSigDB (original: HALLMARK_APOPTOSIS)
Apoptosis,IL6,MSigDB (original: HALLMARK_APOPTOSIS)
Apoptosis,IRF1,MSigDB (original: HALLMARK_APOPTOSIS)
Apoptosis,LMNA,MSigDB (original: HALLMARK_APOPTOSIS)
Apoptosis,NEFH,MSigDB (original: HALLMARK_APOPTOSIS)
Apoptosis,PDGFRB,MSigDB (original: HALLMARK_APOPTOSIS)
Apoptosis,PRF1,MSigDB (original: HALLMARK_APOPTOSIS)
Apoptosis,ANK,MSigDB (original: HALLMARK_APOPTOSIS)
Apoptosis,PSEN1,MSigDB (original: HALLMARK_APOPTOSIS)
Apoptosis,RARA,MSigDB (original: HALLMARK_APOPTOSIS)
Apoptosis,CCND1,MSigDB (original: HALLMARK_APOPTOSIS)
Apoptosis,BMP2,MSigDB (original: HALLMARK_APOPTOSIS)
Apoptosis,SOD1,MSigDB (original: HALLMARK_APOPTOSIS)
Apoptosis,SPTAN1,MSigDB (original: HALLMARK_APOPTOSIS)
Apoptosis,BRCA1,MSigDB (original: HALLMARK_APOPTOSIS)
Apoptosis,TAP1,MSigDB (original: HALLMARK_APOPTOSIS)
Apoptosis,TNF,MSigDB (original: HALLMARK_APOPTOSIS)
Apoptosis,CASP8,MSigDB (original: HALLMARK_APOPTOSIS)
Apoptosis,CAV1,MSigDB (original: HALLMARK_APOPTOSIS)
Apoptosis,BCL10,MSigDB (original: HALLMARK_APOPTOSIS)
Apoptosis,DNM1L,MSigDB (original: HALLMARK_APOPTOSIS)
Apoptosis,CDKN1B,MSigDB (original: HALLMARK_APOPTOSIS)
Apoptosis,EBP,MSigDB (original: HALLMARK_APOPTOSIS)
Apoptosis,CREBBP,MSigDB (original: HALLMARK_APOPTOSIS)
Apoptosis,ERBB3,MSigDB (original: HALLMARK_APOPTOSIS)
Apoptosis,GSN,MSigDB (original: HALLMARK_APOPTOSIS)
Apoptosis,SMAD7,MSigDB (original: HALLMARK_APOPTOSIS)
Apoptosis,PPT1,MSigDB (original: HALLMARK_APOPTOSIS)
Apoptosis,DIABLO,MSigDB (original: HALLMARK_APOPTOSIS)
Apoptosis,PSEN2,MSigDB (original: HALLMARK_APOPTOSIS)
Apoptosis,RNASEL,MSigDB (original: HALLMARK_APOPTOSIS)
Apoptosis,TGFB2,MSigDB (original: HALLMARK_APOPTOSIS)
Apoptosis,TIMP3,MSigDB (original: HALLMARK_APOPTOSIS)
Apoptosis,SQSTM1,MSigDB (original: HALLMARK_APOPTOSIS)
Apoptosis,DFFA,MSigDB (original: HALLMARK_APOPTOSIS)
Apoptosis,ISG20,MSigDB (original: HALLMARK_APOPTOSIS)
Apoptosis,BCL2L11,MSigDB (original: HALLMARK_APOPTOSIS)
Apoptosis,BCAP31,MSigDB (original: HALLMARK_APOPTOSIS)
Apoptosis,CDKN1A,MSigDB (original: HALLMARK_APOPTOSIS)
Apoptosis,TXNIP,MSigDB (original: HALLMARK_APOPTOSIS)
Apoptosis,BTG3,MSigDB (original: HALLMARK_APOPTOSIS)
Apoptosis,CLU,MSigDB (original: HALLMARK_APOPTOSIS)
Apoptosis,GADD45A,MSigDB (original: HALLMARK_APOPTOSIS)
Apoptosis,DDIT3,MSigDB (original: HALLMARK_APOPTOSIS)
Apoptosis,EGR3,MSigDB (original: HALLMARK_APOPTOSIS)
Apoptosis,EMP1,MSigDB (original: HALLMARK_APOPTOSIS)
Apoptosis,ENO2,MSigDB (original: HALLMARK_APOPTOSIS)
Apoptosis,EREG,MSigDB (original: HALLMARK_APOPTOSIS)
Apoptosis,F2R,MSigDB (original: HALLMARK_APOPTOSIS)
Apoptosis,FDXR,MSigDB (original: HALLMARK_APOPTOSIS)
Apoptosis,GNA15,MSigDB (original: HALLMARK_APOPTOSIS)
Apoptosis,GPX1,MSigDB (original: HALLMARK_APOPTOSIS)
Apoptosis,GPX3,MSigDB (original: HALLMARK_APOPTOSIS)
Apoptosis,GPX4,MSigDB (original: HALLMARK_APOPTOSIS)
Apoptosis,GSR,MSigDB (original: HALLMARK_APOPTOSIS)
Apoptosis,GSTM2,MSigDB (original: HALLMARK_APOPTOSIS)
Apoptosis,H1F0,MSigDB (original: HALLMARK_APOPTOSIS)
Apoptosis,ANXA1,MSigDB (original: HALLMARK_APOPTOSIS)
Apoptosis,HMGB2,MSigDB (original: HALLMARK_APOPTOSIS)
Apoptosis,BIRC3,MSigDB (original: HALLMARK_APOPTOSIS)
Apoptosis,IFNB1,MSigDB (original: HALLMARK_APOPTOSIS)
Apoptosis,IFNGR1,MSigDB (original: HALLMARK_APOPTOSIS)
Apoptosis,IL1A,MSigDB (original: HALLMARK_APOPTOSIS)
Apoptosis,IL18,MSigDB (original: HALLMARK_APOPTOSIS)
Apoptosis,JUN,MSigDB (original: HALLMARK_APOPTOSIS)
Apoptosis,KRT18,MSigDB (original: HALLMARK_APOPTOSIS)
Apoptosis,RHOB,MSigDB (original: HALLMARK_APOPTOSIS)
Apoptosis,LEF1,MSigDB (original: HALLMARK_APOPTOSIS)
Apoptosis,LUM,MSigDB (original: HALLMARK_APOPTOSIS)
Apoptosis,MCL1,MSigDB (original: HALLMARK_APOPTOSIS)
Apoptosis,MGMT,MSigDB (original: HALLMARK_APOPTOSIS)
Apoptosis,MMP2,MSigDB (original: HALLMARK_APOPTOSIS)
Apoptosis,ATF3,MSigDB (original: HALLMARK_APOPTOSIS)
Apoptosis,PAK1,MSigDB (original: HALLMARK_APOPTOSIS)
Apoptosis,PLAT,MSigDB (original: HALLMARK_APOPTOSIS)
Apoptosis,PLCB2,MSigDB (original: HALLMARK_APOPTOSIS)
Apoptosis,PMAIP1,MSigDB (original: HALLMARK_APOPTOSIS)
Apoptosis,AVPR1A,MSigDB (original: HALLMARK_APOPTOSIS)
Apoptosis,PPP3R1,MSigDB (original: HALLMARK_APOPTOSIS)
Apoptosis,DNAJC3,MSigDB (original: HALLMARK_APOPTOSIS)
Apoptosis,PTK2,MSigDB (original: HALLMARK_APOPTOSIS)
Apoptosis,BAX,MSigDB (original: HALLMARK_APOPTOSIS)
Apoptosis,RELA,MSigDB (original: HALLMARK_APOPTOSIS)
Apoptosis,BCL2L1,MSigDB (original: HALLMARK_APOPTOSIS)
Apoptosis,BCL2L2,MSigDB (original: HALLMARK_APOPTOSIS)
Apoptosis,ROCK1,MSigDB (original: HALLMARK_APOPTOSIS)
Apoptosis,SAT1,MSigDB (original: HALLMARK_APOPTOSIS)
Apoptosis,SC5D,MSigDB (original: HALLMARK_APOPTOSIS)
Apoptosis,BGN,MSigDB (original: HALLMARK_APOPTOSIS)
Apoptosis,BID,MSigDB (original: HALLMARK_APOPTOSIS)
Apoptosis,SLC20A1,MSigDB (original: HALLMARK_APOPTOSIS)
Apoptosis,SOD2,MSigDB (original: HALLMARK_APOPTOSIS)
Apoptosis,BNIP3L,MSigDB (original: HALLMARK_APOPTOSIS)
Apoptosis,TGFBR3,MSigDB (original: HALLMARK_APOPTOSIS)
Apoptosis,TSPO,MSigDB (original: HALLMARK_APOPTOSIS)
Apoptosis,TIMP1,MSigDB (original: HALLMARK_APOPTOSIS)
Apoptosis,TIMP2,MSigDB (original: HALLMARK_APOPTOSIS)
Apoptosis,TOP2A,MSigDB (original: HALLMARK_APOPTOSIS)
Apoptosis,VDAC2,MSigDB (original: HALLMARK_APOPTOSIS)
Apoptosis,WEE1,MSigDB (original: HALLMARK_APOPTOSIS)
Apoptosis,BTG2,MSigDB (original: HALLMARK_APOPTOSIS)
Apoptosis,CASP1,MSigDB (original: HALLMARK_APOPTOSIS)
Apoptosis,CASP2,MSigDB (original: HALLMARK_APOPTOSIS)
Apoptosis,CASP3,MSigDB (original: HALLMARK_APOPTOSIS)
Apoptosis,CASP4,MSigDB (original: HALLMARK_APOPTOSIS)
Apoptosis,CASP7,MSigDB (original: HALLMARK_APOPTOSIS)
Apoptosis,CASP9,MSigDB (original: HALLMARK_APOPTOSIS)
Apoptosis,PEA15A,MSigDB (original: HALLMARK_APOPTOSIS)
Apoptosis,TNFSF10,MSigDB (original: HALLMARK_APOPTOSIS)
Apoptosis,CFLAR,MSigDB (original: HALLMARK_APOPTOSIS)
Apoptosis,CCND2,MSigDB (original: HALLMARK_APOPTOSIS)
Apoptosis,CD2,MSigDB (original: HALLMARK_APOPTOSIS)
Apoptosis,CD14,MSigDB (original: HALLMARK_APOPTOSIS)
Apoptosis,CD38,MSigDB (original: HALLMARK_APOPTOSIS)
Apoptosis,CD44,MSigDB (original: HALLMARK_APOPTOSIS)
Apoptosis,CD69,MSigDB (original: HALLMARK_APOPTOSIS)
Apoptosis,CDC25B,MSigDB (original: HALLMARK_APOPTOSIS)
Apoptosis,CDK2,MSigDB (original: HALLMARK_APOPTOSIS)
Apoptosis,DAP3,MSigDB (original: HALLMARK_APOPTOSIS)
Apoptosis,DNAJA1,MSigDB (original: HALLMARK_APOPTOSIS)
Apoptosis,LGALS3,MSigDB (original: HALLMARK_APOPTOSIS)
Apoptosis,CASP6,MSigDB (original: HALLMARK_APOPTOSIS)
Apoptosis,SATB1,MSigDB (original: HALLMARK_APOPTOSIS)
Apoptosis,PDCD4,MSigDB (original: HALLMARK_APOPTOSIS)
Apoptosis,CCNA1,MSigDB (original: HALLMARK_APOPTOSIS)
Apoptosis,TNFRSF12A,MSigDB (original: HALLMARK_APOPTOSIS)
Apoptosis,BMF,MSigDB (original: HALLMARK_APOPTOSIS)
Apoptosis,BCL2L10,MSigDB (original: HALLMARK_APOPTOSIS)
Apoptosis,PPP2R5B,MSigDB (original: HALLMARK_APOPTOSIS)
Apoptosis,IGFBP6,MSigDB (original: HALLMARK_APOPTOSIS)
Apoptosis,MADD,MSigDB (original: HALLMARK_APOPTOSIS)
Apoptosis,DAP,MSigDB (original: HALLMARK_APOPTOSIS)
Apoptosis,RHOT2,MSigDB (original: HALLMARK_APOPTOSIS)
Apoptosis,PLPPR4,MSigDB (original: HALLMARK_APOPTOSIS)
Apoptosis,FEZ1,MSigDB (original: HALLMARK_APOPTOSIS)
Apoptosis,ETF1,MSigDB (original: HALLMARK_APOPTOSIS)
Apoptosis,GADD45B,MSigDB (original: HALLMARK_APOPTOSIS)
Apoptosis,RETSAT,MSigDB (original: HALLMARK_APOPTOSIS)
Apoptosis,NEDD9,MSigDB (original: HALLMARK_APOPTOSIS)
Apoptosis,BIK,MSigDB (original: HALLMARK_APOPTOSIS)
Apoptosis,AIFM3,MSigDB (original: HALLMARK_APOPTOSIS)
Apoptosis,IER3,MSigDB (original: HALLMARK_APOPTOSIS)
mTOR_signaling,CDK4,MSigDB (original: HALLMARK_PI3K_AKT_MTOR_SIGNALING)
mTOR_signaling,AKT1,MSigDB (original: HALLMARK_PI3K_AKT_MTOR_SIGNALING)
mTOR_signaling,HRAS,MSigDB (original: HALLMARK_PI3K_AKT_MTOR_SIGNALING)
mTOR_signaling,FASL,MSigDB (original: HALLMARK_PI3K_AKT_MTOR_SIGNALING)
mTOR_signaling,IL2RG,MSigDB (original: HALLMARK_PI3K_AKT_MTOR_SIGNALING)
mTOR_signaling,ARHGDIA,MSigDB (original: HALLMARK_PI3K_AKT_MTOR_SIGNALING)
mTOR_signaling,NGF,MSigDB (original: HALLMARK_PI3K_AKT_MTOR_SIGNALING)
mTOR_signaling,PFN1,MSigDB (original: HALLMARK_PI3K_AKT_MTOR_SIGNALING)
mTOR_signaling,PTEN,MSigDB (original: HALLMARK_PI3K_AKT_MTOR_SIGNALING)
mTOR_signaling,PTPN11,MSigDB (original: HALLMARK_PI3K_AKT_MTOR_SIGNALING)
mTOR_signaling,RAF1,MSigDB (original: HALLMARK_PI3K_AKT_MTOR_SIGNALING)
mTOR_signaling,RPS6KA3,MSigDB (original: HALLMARK_PI3K_AKT_MTOR_SIGNALING)
mTOR_signaling,TNFRSF1A,MSigDB (original: HALLMARK_PI3K_AKT_MTOR_SIGNALING)
mTOR_signaling,TSC2,MSigDB (original: HALLMARK_PI3K_AKT_MTOR_SIGNALING)
mTOR_signaling,CALR,MSigDB (original: HALLMARK_PI3K_AKT_MTOR_SIGNALING)
mTOR_signaling,FGF17,MSigDB (original: HALLMARK_PI3K_AKT_MTOR_SIGNALING)
mTOR_signaling,CDKN1B,MSigDB (original: HALLMARK_PI3K_AKT_MTOR_SIGNALING)
mTOR_signaling,CLTC,MSigDB (original: HALLMARK_PI3K_AKT_MTOR_SIGNALING)
mTOR_signaling,EGFR,MSigDB (original: HALLMARK_PI3K_AKT_MTOR_SIGNALING)
mTOR_signaling,EIF4E,MSigDB (original: HALLMARK_PI3K_AKT_MTOR_SIGNALING)
mTOR_signaling,PIKFYVE,MSigDB (original: HALLMARK_PI3K_AKT_MTOR_SIGNALING)
mTOR_signaling,PLCB1,MSigDB (original: HALLMARK_PI3K_AKT_MTOR_SIGNALING)
mTOR_signaling,TBK1,MSigDB (original: HALLMARK_PI3K_AKT_MTOR_SIGNALING)
mTOR_signaling,ITPR2,MSigDB (original: HALLMARK_PI3K_AKT_MTOR_SIGNALING)
mTOR_signaling,MYD88,MSigDB (original: HALLMARK_PI3K_AKT_MTOR_SIGNALING)
mTOR_signaling,PITX2,MSigDB (original: HALLMARK_PI3K_AKT_MTOR_SIGNALING)
mTOR_signaling,PPP2R1B,MSigDB (original: HALLMARK_PI3K_AKT_MTOR_SIGNALING)
mTOR_signaling,RAC1,MSigDB (original: HALLMARK_PI3K_AKT_MTOR_SIGNALING)
mTOR_signaling,RIT1,MSigDB (original: HALLMARK_PI3K_AKT_MTOR_SIGNALING)
mTOR_signaling,SLC2A1,MSigDB (original: HALLMARK_PI3K_AKT_MTOR_SIGNALING)
mTOR_signaling,CXCR4,MSigDB (original: HALLMARK_PI3K_AKT_MTOR_SIGNALING)
mTOR_signaling,SQSTM1,MSigDB (original: HALLMARK_PI3K_AKT_MTOR_SIGNALING)
mTOR_signaling,DAPP1,MSigDB (original: HALLMARK_PI3K_AKT_MTOR_SIGNALING)
mTOR_signaling,MKNK1,MSigDB (original: HALLMARK_PI3K_AKT_MTOR_SIGNALING)
mTOR_signaling,YWHAB,MSigDB (original: HALLMARK_PI3K_AKT_MTOR_SIGNALING)
mTOR_signaling,ARPC3,MSigDB (original: HALLMARK_PI3K_AKT_MTOR_SIGNALING)
mTOR_signaling,CDKN1A,MSigDB (original: HALLMARK_PI3K_AKT_MTOR_SIGNALING)
mTOR_signaling,VAV3,MSigDB (original: HALLMARK_PI3K_AKT_MTOR_SIGNALING)
mTOR_signaling,CFL1,MSigDB (original: HALLMARK_PI3K_AKT_MTOR_SIGNALING)
mTOR_signaling,ADCY2,MSigDB (original: HALLMARK_PI3K_AKT_MTOR_SIGNALING)
mTOR_signaling,CSNK2B,MSigDB (original: HALLMARK_PI3K_AKT_MTOR_SIGNALING)
mTOR_signaling,GRK2,MSigDB (original: HALLMARK_PI3K_AKT_MTOR_SIGNALING)
mTOR_signaling,DDIT3,MSigDB (original: HALLMARK_PI3K_AKT_MTOR_SIGNALING)
mTOR_signaling,E2F1,MSigDB (original: HALLMARK_PI3K_AKT_MTOR_SIGNALING)
mTOR_signaling,FGF6,MSigDB (original: HALLMARK_PI3K_AKT_MTOR_SIGNALING)
mTOR_signaling,SFN,MSigDB (original: HALLMARK_PI3K_AKT_MTOR_SIGNALING)
mTOR_signaling,GRB2,MSigDB (original: HALLMARK_PI3K_AKT_MTOR_SIGNALING)
mTOR_signaling,IL4,MSigDB (original: HALLMARK_PI3K_AKT_MTOR_SIGNALING)
mTOR_signaling,ARF1,MSigDB (original: HALLMARK_PI3K_AKT_MTOR_SIGNALING)
mTOR_signaling,LCK,MSigDB (original: HALLMARK_PI3K_AKT_MTOR_SIGNALING)
mTOR_signaling,SMAD2,MSigDB (original: HALLMARK_PI3K_AKT_MTOR_SIGNALING)
mTOR_signaling,ATF1,MSigDB (original: HALLMARK_PI3K_AKT_MTOR_SIGNALING)
mTOR_signaling,NCK1,MSigDB (original: HALLMARK_PI3K_AKT_MTOR_SIGNALING)
mTOR_signaling,NFKBIB,MSigDB (original: HALLMARK_PI3K_AKT_MTOR_SIGNALING)
mTOR_signaling,PIN1,MSigDB (original: HALLMARK_PI3K_AKT_MTOR_SIGNALING)
mTOR_signaling,PLCG1,MSigDB (original: HALLMARK_PI3K_AKT_MTOR_SIGNALING)
mTOR_signaling,PPP1CA,MSigDB (original: HALLMARK_PI3K_AKT_MTOR_SIGNALING)
mTOR_signaling,PRKAG1,MSigDB (original: HALLMARK_PI3K_AKT_MTOR_SIGNALING)
mTOR_signaling,PRKAR2A,MSigDB (original: HALLMARK_PI3K_AKT_MTOR_SIGNALING)
mTOR_signaling,PRKCB,MSigDB (original: HALLMARK_PI3K_AKT_MTOR_SIGNALING)
mTOR_signaling,MAPK1,MSigDB (original: HALLMARK_PI3K_AKT_MTOR_SIGNALING)
mTOR_signaling,MAPK8,MSigDB (original: HALLMARK_PI3K_AKT_MTOR_SIGNALING)
mTOR_signaling,MAP2K3,MSigDB (original: HALLMARK_PI3K_AKT_MTOR_SIGNALING)
mTOR_signaling,MAP2K6,MSigDB (original: HALLMARK_PI3K_AKT_MTOR_SIGNALING)
mTOR_signaling,SLA,MSigDB (original: HALLMARK_PI3K_AKT_MTOR_SIGNALING)
mTOR_signaling,STAT2,MSigDB (original: HALLMARK_PI3K_AKT_MTOR_SIGNALING)
mTOR_signaling,TIAM1,MSigDB (original: HALLMARK_PI3K_AKT_MTOR_SIGNALING)
mTOR_signaling,HSP90B1,MSigDB (original: HALLMARK_PI3K_AKT_MTOR_SIGNALING)
mTOR_signaling,TRAF2,MSigDB (original: HALLMARK_PI3K_AKT_MTOR_SIGNALING)
mTOR_signaling,CAMK4,MSigDB (original: HALLMARK_PI3K_AKT_MTOR_SIGNALING)
mTOR_signaling,RIPK1,MSigDB (original: HALLMARK_PI3K_AKT_MTOR_SIGNALING)
mTOR_signaling,CDK1,MSigDB (original: HALLMARK_PI3K_AKT_MTOR_SIGNALING)
mTOR_signaling,FGF22,MSigDB (original: HALLMARK_PI3K_AKT_MTOR_SIGNALING)
mTOR_signaling,CDK2,MSigDB (original: HALLMARK_PI3K_AKT_MTOR_SIGNALING)
mTOR_signaling,ACTR3,MSigDB (original: HALLMARK_PI3K_AKT_MTOR_SIGNALING)
mTOR_signaling,AP2M1,MSigDB (original: HALLMARK_PI3K_AKT_MTOR_SIGNALING)
mTOR_signaling,NOD1,MSigDB (original: HALLMARK_PI3K_AKT_MTOR_SIGNALING)
mTOR_signaling,GSK3B,MSigDB (original: HALLMARK_PI3K_AKT_MTOR_SIGNALING)
mTOR_signaling,PDK1,MSigDB (original: HALLMARK_PI3K_AKT_MTOR_SIGNALING)
mTOR_signaling,MAP3K7,MSigDB (original: HALLMARK_PI3K_AKT_MTOR_SIGNALING)
mTOR_signaling,MAPK10,MSigDB (original: HALLMARK_PI3K_AKT_MTOR_SIGNALING)
mTOR_signaling,GNA14,MSigDB (original: HALLMARK_PI3K_AKT_MTOR_SIGNALING)
mTOR_signaling,RPS6KA1,MSigDB (original: HALLMARK_PI3K_AKT_MTOR_SIGNALING)
mTOR_signaling,MKNK2,MSigDB (original: HALLMARK_PI3K_AKT_MTOR_SIGNALING)
mTOR_signaling,ACACA,MSigDB (original: HALLMARK_PI3K_AKT_MTOR_SIGNALING)
mTOR_signaling,AKT1S1,MSigDB (original: HALLMARK_PI3K_AKT_MTOR_SIGNALING)
mTOR_signaling,IRAK4,MSigDB (original: HALLMARK_PI3K_AKT_MTOR_SIGNALING)
mTOR_signaling,DUSP3,MSigDB (original: HALLMARK_PI3K_AKT_MTOR_SIGNALING)
mTOR_signaling,MAPK9,MSigDB (original: HALLMARK_PI3K_AKT_MTOR_SIGNALING)
mTOR_signaling,PRKAA2,MSigDB (original: HALLMARK_PI3K_AKT_MTOR_SIGNALING)
mTOR_signaling,PAK4,MSigDB (original: HALLMARK_PI3K_AKT_MTOR_SIGNALING)
mTOR_signaling,ACTR2,MSigDB (original: HALLMARK_PI3K_AKT_MTOR_SIGNALING)
mTOR_signaling,RPTOR,MSigDB (original: HALLMARK_PI3K_AKT_MTOR_SIGNALING)
mTOR_signaling,PLA2G12A,MSigDB (original: HALLMARK_PI3K_AKT_MTOR_SIGNALING)
mTOR_signaling,MAPKAP1,MSigDB (original: HALLMARK_PI3K_AKT_MTOR_SIGNALING)
mTOR_signaling,UBE2D3,MSigDB (original: HALLMARK_PI3K_AKT_MTOR_SIGNALING)
mTOR_signaling,ECSIT,MSigDB (original: HALLMARK_PI3K_AKT_MTOR_SIGNALING)
mTOR_signaling,CAB39,MSigDB (original: HALLMARK_PI3K_AKT_MTOR_SIGNALING)
mTOR_signaling,PIK3R3,MSigDB (original: HALLMARK_PI3K_AKT_MTOR_SIGNALING)
mTOR_signaling,TRIB3,MSigDB (original: HALLMARK_PI3K_AKT_MTOR_SIGNALING)
mTOR_signaling,UBE2N,MSigDB (original: HALLMARK_PI3K_AKT_MTOR_SIGNALING)
mTOR_signaling,RALB,MSigDB (original: HALLMARK_PI3K_AKT_MTOR_SIGNALING)
mTOR_signaling,CAB39L,MSigDB (original: HALLMARK_PI3K_AKT_MTOR_SIGNALING)
mTOR_signaling,THEM4,MSigDB (original: HALLMARK_PI3K_AKT_MTOR_SIGNALING)
mTOR_signaling,GNGT1,MSigDB (original: HALLMARK_PI3K_AKT_MTOR_SIGNALING)
mTOR_signaling,CTSC,MSigDB (original: HALLMARK_MTORC1_SIGNALING)
mTOR_signaling,CORO1A,MSigDB (original: HALLMARK_MTORC1_SIGNALING)
mTOR_signaling,CTH,MSigDB (original: HALLMARK_MTORC1_SIGNALING)
mTOR_signaling,DHCR7,MSigDB (original: HALLMARK_MTORC1_SIGNALING)
mTOR_signaling,NUP205,MSigDB (original: HALLMARK_MTORC1_SIGNALING)
mTOR_signaling,G6PDX,MSigDB (original: HALLMARK_MTORC1_SIGNALING)
mTOR_signaling,GBE1,MSigDB (original: HALLMARK_MTORC1_SIGNALING)
mTOR_signaling,GLA,MSigDB (original: HALLMARK_MTORC1_SIGNALING)
mTOR_signaling,GCLC,MSigDB (original: HALLMARK_MTORC1_SIGNALING)
mTOR_signaling,HPRT,MSigDB (original: HALLMARK_MTORC1_SIGNALING)
mTOR_signaling,HSPD1,MSigDB (original: HALLMARK_MTORC1_SIGNALING)
mTOR_signaling,MCM2,MSigDB (original: HALLMARK_MTORC1_SIGNALING)
mTOR_signaling,PNP,MSigDB (original: HALLMARK_MTORC1_SIGNALING)
mTOR_signaling,PRDX1,MSigDB (original: HALLMARK_MTORC1_SIGNALING)
mTOR_signaling,UFM1,MSigDB (original: HALLMARK_MTORC1_SIGNALING)
mTOR_signaling,PLOD2,MSigDB (original: HALLMARK_MTORC1_SIGNALING)
mTOR_signaling,PSPH,MSigDB (original: HALLMARK_MTORC1_SIGNALING)
mTOR_signaling,TPI1,MSigDB (original: HALLMARK_MTORC1_SIGNALING)
mTOR_signaling,UNG,MSigDB (original: HALLMARK_MTORC1_SIGNALING)
mTOR_signaling,WARS1,MSigDB (original: HALLMARK_MTORC1_SIGNALING)
mTOR_signaling,CALR,MSigDB (original: HALLMARK_MTORC1_SIGNALING)
mTOR_signaling,SERPINH1,MSigDB (original: HALLMARK_MTORC1_SIGNALING)
mTOR_signaling,EBP,MSigDB (original: HALLMARK_MTORC1_SIGNALING)
mTOR_signaling,DHFR,MSigDB (original: HALLMARK_MTORC1_SIGNALING)
mTOR_signaling,SLC37A4,MSigDB (original: HALLMARK_MTORC1_SIGNALING)
mTOR_signaling,PHGDH,MSigDB (original: HALLMARK_MTORC1_SIGNALING)
mTOR_signaling,GPI1,MSigDB (original: HALLMARK_MTORC1_SIGNALING)
mTOR_signaling,TBK1,MSigDB (original: HALLMARK_MTORC1_SIGNALING)
mTOR_signaling,PSAT1,MSigDB (original: HALLMARK_MTORC1_SIGNALING)
mTOR_signaling,HMBS,MSigDB (original: HALLMARK_MTORC1_SIGNALING)
mTOR_signaling,HSPA9,MSigDB (original: HALLMARK_MTORC1_SIGNALING)
mTOR_signaling,IDH1,MSigDB (original: HALLMARK_MTORC1_SIGNALING)
mTOR_signaling,ITGB2,MSigDB (original: HALLMARK_MTORC1_SIGNALING)
mTOR_signaling,LDLR,MSigDB (original: HALLMARK_MTORC1_SIGNALING)
mTOR_signaling,ATP2A2,MSigDB (original: HALLMARK_MTORC1_SIGNALING)
mTOR_signaling,PGM1,MSigDB (original: HALLMARK_MTORC1_SIGNALING)
mTOR_signaling,RIT1,MSigDB (original: HALLMARK_MTORC1_SIGNALING)
mTOR_signaling,ELOVL5,MSigDB (original: HALLMARK_MTORC1_SIGNALING)
mTOR_signaling,SLC2A1,MSigDB (original: HALLMARK_MTORC1_SIGNALING)
mTOR_signaling,TUBA4A,MSigDB (original: HALLMARK_MTORC1_SIGNALING)
mTOR_signaling,TUBG1,MSigDB (original: HALLMARK_MTORC1_SIGNALING)
mTOR_signaling,VLDLR,MSigDB (original: HALLMARK_MTORC1_SIGNALING)
mTOR_signaling,CXCR4,MSigDB (original: HALLMARK_MTORC1_SIGNALING)
mTOR_signaling,SQSTM1,MSigDB (original: HALLMARK_MTORC1_SIGNALING)
mTOR_signaling,SLC9A3R1,MSigDB (original: HALLMARK_MTORC1_SIGNALING)
mTOR_signaling,NUFIP1,MSigDB (original: HALLMARK_MTORC1_SIGNALING)
mTOR_signaling,ERO1A,MSigDB (original: HALLMARK_MTORC1_SIGNALING)
mTOR_signaling,DAPP1,MSigDB (original: HALLMARK_MTORC1_SIGNALING)
mTOR_signaling,XBP1,MSigDB (original: HALLMARK_MTORC1_SIGNALING)
mTOR_signaling,SKAP2,MSigDB (original: HALLMARK_MTORC1_SIGNALING)
mTOR_signaling,YKT6,MSigDB (original: HALLMARK_MTORC1_SIGNALING)
mTOR_signaling,USO1,MSigDB (original: HALLMARK_MTORC1_SIGNALING)
mTOR_signaling,SEC11A,MSigDB (original: HALLMARK_MTORC1_SIGNALING)
mTOR_signaling,MLLT11,MSigDB (original: HALLMARK_MTORC1_SIGNALING)
mTOR_signaling,ABCF2,MSigDB (original: HALLMARK_MTORC1_SIGNALING)
mTOR_signaling,PSME3,MSigDB (original: HALLMARK_MTORC1_SIGNALING)
mTOR_signaling,PSMD14,MSigDB (original: HALLMARK_MTORC1_SIGNALING)
mTOR_signaling,CDKN1A,MSigDB (original: HALLMARK_MTORC1_SIGNALING)
mTOR_signaling,MTHFD2,MSigDB (original: HALLMARK_MTORC1_SIGNALING)
mTOR_signaling,STIP1,MSigDB (original: HALLMARK_MTORC1_SIGNALING)
mTOR_signaling,ADD3,MSigDB (original: HALLMARK_MTORC1_SIGNALING)
mTOR_signaling,CYP51,MSigDB (original: HALLMARK_MTORC1_SIGNALING)
mTOR_signaling,DDIT3,MSigDB (original: HALLMARK_MTORC1_SIGNALING)
mTOR_signaling,ENO1B,MSigDB (original: HALLMARK_MTORC1_SIGNALING)
mTOR_signaling,EPRS,MSigDB (original: HALLMARK_MTORC1_SIGNALING)
mTOR_signaling,FDXR,MSigDB (original: HALLMARK_MTORC1_SIGNALING)
mTOR_signaling,ALDOA,MSigDB (original: HALLMARK_MTORC1_SIGNALING)
mTOR_signaling,FKBP2,MSigDB (original: HALLMARK_MTORC1_SIGNALING)
mTOR_signaling,PITPNB,MSigDB (original: HALLMARK_MTORC1_SIGNALING)
mTOR_signaling,GAPDH-PS15,MSigDB (original: HALLMARK_MTORC1_SIGNALING)
mTOR_signaling,GOT1,MSigDB (original: HALLMARK_MTORC1_SIGNALING)
mTOR_signaling,GSR,MSigDB (original: HALLMARK_MTORC1_SIGNALING)
mTOR_signaling,GTF2H1,MSigDB (original: HALLMARK_MTORC1_SIGNALING)
mTOR_signaling,HK2,MSigDB (original: HALLMARK_MTORC1_SIGNALING)
mTOR_signaling,HMGCR,MSigDB (original: HALLMARK_MTORC1_SIGNALING)
mTOR_signaling,HMGCS1,MSigDB (original: HALLMARK_MTORC1_SIGNALING)
mTOR_signaling,HSPA4,MSigDB (original: HALLMARK_MTORC1_SIGNALING)
mTOR_signaling,HSPA5,MSigDB (original: HALLMARK_MTORC1_SIGNALING)
mTOR_signaling,HSPE1,MSigDB (original: HALLMARK_MTORC1_SIGNALING)
mTOR_signaling,IFRD1,MSigDB (original: HALLMARK_MTORC1_SIGNALING)
mTOR_signaling,IGFBP5,MSigDB (original: HALLMARK_MTORC1_SIGNALING)
mTOR_signaling,LDHA,MSigDB (original: HALLMARK_MTORC1_SIGNALING)
mTOR_signaling,LTA4H,MSigDB (original: HALLMARK_MTORC1_SIGNALING)
mTOR_signaling,M6PR,MSigDB (original: HALLMARK_MTORC1_SIGNALING)
mTOR_signaling,ME1,MSigDB (original: HALLMARK_MTORC1_SIGNALING)
mTOR_signaling,NFIL3,MSigDB (original: HALLMARK_MTORC1_SIGNALING)
mTOR_signaling,NFKBIB,MSigDB (original: HALLMARK_MTORC1_SIGNALING)
mTOR_signaling,NFYC,MSigDB (original: HALLMARK_MTORC1_SIGNALING)
mTOR_signaling,P4HA1,MSigDB (original: HALLMARK_MTORC1_SIGNALING)
mTOR_signaling,ATP5G1,MSigDB (original: HALLMARK_MTORC1_SIGNALING)
mTOR_signaling,CFP,MSigDB (original: HALLMARK_MTORC1_SIGNALING)
mTOR_signaling,PFKL,MSigDB (original: HALLMARK_MTORC1_SIGNALING)
mTOR_signaling,PGK1,MSigDB (original: HALLMARK_MTORC1_SIGNALING)
mTOR_signaling,PLK1,MSigDB (original: HALLMARK_MTORC1_SIGNALING)
mTOR_signaling,PPA1,MSigDB (original: HALLMARK_MTORC1_SIGNALING)
mTOR_signaling,PPIA,MSigDB (original: HALLMARK_MTORC1_SIGNALING)
mTOR_signaling,MAP2K3,MSigDB (original: HALLMARK_MTORC1_SIGNALING)
mTOR_signaling,LGMN,MSigDB (original: HALLMARK_MTORC1_SIGNALING)
mTOR_signaling,PSMA3,MSigDB (original: HALLMARK_MTORC1_SIGNALING)
mTOR_signaling,PSMA4,MSigDB (original: HALLMARK_MTORC1_SIGNALING)
mTOR_signaling,PSMB5,MSigDB (original: HALLMARK_MTORC1_SIGNALING)
mTOR_signaling,PSMC2,MSigDB (original: HALLMARK_MTORC1_SIGNALING)
mTOR_signaling,PSMC4,MSigDB (original: HALLMARK_MTORC1_SIGNALING)
mTOR_signaling,PSMD13,MSigDB (original: HALLMARK_MTORC1_SIGNALING)
mTOR_signaling,BCAT1,MSigDB (original: HALLMARK_MTORC1_SIGNALING)
mTOR_signaling,QDPR,MSigDB (original: HALLMARK_MTORC1_SIGNALING)
mTOR_signaling,RAB1A,MSigDB (original: HALLMARK_MTORC1_SIGNALING)
mTOR_signaling,RPN1,MSigDB (original: HALLMARK_MTORC1_SIGNALING)
mTOR_signaling,RRM2,MSigDB (original: HALLMARK_MTORC1_SIGNALING)
mTOR_signaling,SC5D,MSigDB (original: HALLMARK_MTORC1_SIGNALING)
mTOR_signaling,SHMT2,MSigDB (original: HALLMARK_MTORC1_SIGNALING)
mTOR_signaling,SLA,MSigDB (original: HALLMARK_MTORC1_SIGNALING)
mTOR_signaling,SLC2A3,MSigDB (original: HALLMARK_MTORC1_SIGNALING)
mTOR_signaling,SLC6A6,MSigDB (original: HALLMARK_MTORC1_SIGNALING)
mTOR_signaling,SORD,MSigDB (original: HALLMARK_MTORC1_SIGNALING)
mTOR_signaling,SQLE,MSigDB (original: HALLMARK_MTORC1_SIGNALING)
mTOR_signaling,SRD5A1,MSigDB (original: HALLMARK_MTORC1_SIGNALING)
mTOR_signaling,STC1,MSigDB (original: HALLMARK_MTORC1_SIGNALING)
mTOR_signaling,BUB1,MSigDB (original: HALLMARK_MTORC1_SIGNALING)
mTOR_signaling,HSP90B1,MSigDB (original: HALLMARK_MTORC1_SIGNALING)
mTOR_signaling,TXNRD1,MSigDB (original: HALLMARK_MTORC1_SIGNALING)
mTOR_signaling,BTG2,MSigDB (original: HALLMARK_MTORC1_SIGNALING)
mTOR_signaling,SLC7A5,MSigDB (original: HALLMARK_MTORC1_SIGNALING)
mTOR_signaling,CANX,MSigDB (original: HALLMARK_MTORC1_SIGNALING)
mTOR_signaling,BHLHE40,MSigDB (original: HALLMARK_MTORC1_SIGNALING)
mTOR_signaling,CCNF,MSigDB (original: HALLMARK_MTORC1_SIGNALING)
mTOR_signaling,CCNG1,MSigDB (original: HALLMARK_MTORC1_SIGNALING)
mTOR_signaling,CCT6A,MSigDB (original: HALLMARK_MTORC1_SIGNALING)
mTOR_signaling,CD9,MSigDB (original: HALLMARK_MTORC1_SIGNALING)
mTOR_signaling,FADS2,MSigDB (original: HALLMARK_MTORC1_SIGNALING)
mTOR_signaling,CDC25A,MSigDB (original: HALLMARK_MTORC1_SIGNALING)
mTOR_signaling,PSMG1,MSigDB (original: HALLMARK_MTORC1_SIGNALING)
mTOR_signaling,TES,MSigDB (original: HALLMARK_MTORC1_SIGNALING)
mTOR_signaling,FGL2,MSigDB (original: HALLMARK_MTORC1_SIGNALING)
mTOR_signaling,ACTR3,MSigDB (original: HALLMARK_MTORC1_SIGNALING)
mTOR_signaling,SLC1A4,MSigDB (original: HALLMARK_MTORC1_SIGNALING)
mTOR_signaling,SLC1A5,MSigDB (original: HALLMARK_MTORC1_SIGNALING)
mTOR_signaling,GLRX,MSigDB (original: HALLMARK_MTORC1_SIGNALING)
mTOR_signaling,PPP1R15A,MSigDB (original: HALLMARK_MTORC1_SIGNALING)
mTOR_signaling,NUPR1,MSigDB (original: HALLMARK_MTORC1_SIGNALING)
mTOR_signaling,ACSL3,MSigDB (original: HALLMARK_MTORC1_SIGNALING)
mTOR_signaling,TMEM97,MSigDB (original: HALLMARK_MTORC1_SIGNALING)
mTOR_signaling,NIBAN1,MSigDB (original: HALLMARK_MTORC1_SIGNALING)
mTOR_signaling,IFI30,MSigDB (original: HALLMARK_MTORC1_SIGNALING)
mTOR_signaling,ATP6V1D,MSigDB (original: HALLMARK_MTORC1_SIGNALING)
mTOR_signaling,UCHL5,MSigDB (original: HALLMARK_MTORC1_SIGNALING)
mTOR_signaling,SDF2L1,MSigDB (original: HALLMARK_MTORC1_SIGNALING)
mTOR_signaling,ASNS,MSigDB (original: HALLMARK_MTORC1_SIGNALING)
mTOR_signaling,TCEA1,MSigDB (original: HALLMARK_MTORC1_SIGNALING)
mTOR_signaling,NMT1,MSigDB (original: HALLMARK_MTORC1_SIGNALING)
mTOR_signaling,GSK3B,MSigDB (original: HALLMARK_MTORC1_SIGNALING)
mTOR_signaling,EGLN3,MSigDB (original: HALLMARK_MTORC1_SIGNALING)
mTOR_signaling,PDK1,MSigDB (original: HALLMARK_MTORC1_SIGNALING)
mTOR_signaling,DHCR24,MSigDB (original: HALLMARK_MTORC1_SIGNALING)
mTOR_signaling,EEF1E1,MSigDB (original: HALLMARK_MTORC1_SIGNALING)
mTOR_signaling,SLC7A11,MSigDB (original: HALLMARK_MTORC1_SIGNALING)
mTOR_signaling,SYTL2,MSigDB (original: HALLMARK_MTORC1_SIGNALING)
mTOR_signaling,PSMD12,MSigDB (original: HALLMARK_MTORC1_SIGNALING)
mTOR_signaling,EIF2S2,MSigDB (original: HALLMARK_MTORC1_SIGNALING)
mTOR_signaling,IMMT,MSigDB (original: HALLMARK_MTORC1_SIGNALING)
mTOR_signaling,ACLY,MSigDB (original: HALLMARK_MTORC1_SIGNALING)
mTOR_signaling,RPA1,MSigDB (original: HALLMARK_MTORC1_SIGNALING)
mTOR_signaling,ELOVL6,MSigDB (original: HALLMARK_MTORC1_SIGNALING)
mTOR_signaling,SERP1,MSigDB (original: HALLMARK_MTORC1_SIGNALING)
mTOR_signaling,DDIT4,MSigDB (original: HALLMARK_MTORC1_SIGNALING)
mTOR_signaling,COPS5,MSigDB (original: HALLMARK_MTORC1_SIGNALING)
mTOR_signaling,EDEM1,MSigDB (original: HALLMARK_MTORC1_SIGNALING)
mTOR_signaling,ACACA,MSigDB (original: HALLMARK_MTORC1_SIGNALING)
mTOR_signaling,GGA2,MSigDB (original: HALLMARK_MTORC1_SIGNALING)
mTOR_signaling,STARD4,MSigDB (original: HALLMARK_MTORC1_SIGNALING)
mTOR_signaling,RDH11,MSigDB (original: HALLMARK_MTORC1_SIGNALING)
mTOR_signaling,INSIG1,MSigDB (original: HALLMARK_MTORC1_SIGNALING)
mTOR_signaling,IDI1,MSigDB (original: HALLMARK_MTORC1_SIGNALING)
mTOR_signaling,CYB5B,MSigDB (original: HALLMARK_MTORC1_SIGNALING)
mTOR_signaling,DDX39A,MSigDB (original: HALLMARK_MTORC1_SIGNALING)
mTOR_signaling,ACTR2,MSigDB (original: HALLMARK_MTORC1_SIGNALING)
mTOR_signaling,PSMC6,MSigDB (original: HALLMARK_MTORC1_SIGNALING)
mTOR_signaling,SSR1,MSigDB (original: HALLMARK_MTORC1_SIGNALING)
mTOR_signaling,ARPC5L,MSigDB (original: HALLMARK_MTORC1_SIGNALING)
mTOR_signaling,PNO1,MSigDB (original: HALLMARK_MTORC1_SIGNALING)
mTOR_signaling,MCM4,MSigDB (original: HALLMARK_MTORC1_SIGNALING)
mTOR_signaling,GMPS,MSigDB (original: HALLMARK_MTORC1_SIGNALING)
mTOR_signaling,PDAP1,MSigDB (original: HALLMARK_MTORC1_SIGNALING)
mTOR_signaling,TM7SF2,MSigDB (original: HALLMARK_MTORC1_SIGNALING)
mTOR_signaling,ETF1,MSigDB (original: HALLMARK_MTORC1_SIGNALING)
mTOR_signaling,UBE2D3,MSigDB (original: HALLMARK_MTORC1_SIGNALING)
mTOR_signaling,RRP9,MSigDB (original: HALLMARK_MTORC1_SIGNALING)
mTOR_signaling,TOMM40,MSigDB (original: HALLMARK_MTORC1_SIGNALING)
mTOR_signaling,TFRC,MSigDB (original: HALLMARK_MTORC1_SIGNALING)
mTOR_signaling,POLR3G,MSigDB (original: HALLMARK_MTORC1_SIGNALING)
mTOR_signaling,PIK3R3,MSigDB (original: HALLMARK_MTORC1_SIGNALING)
mTOR_signaling,CACYBP,MSigDB (original: HALLMARK_MTORC1_SIGNALING)
mTOR_signaling,FADS1,MSigDB (original: HALLMARK_MTORC1_SIGNALING)
mTOR_signaling,TRIB3,MSigDB (original: HALLMARK_MTORC1_SIGNALING)
mTOR_signaling,ADIPOR2,MSigDB (original: HALLMARK_MTORC1_SIGNALING)
mTOR_signaling,NAMPT,MSigDB (original: HALLMARK_MTORC1_SIGNALING)
mTOR_signaling,MTHFD2L,MSigDB (original: HALLMARK_MTORC1_SIGNALING)
mTOR_signaling,AURKA,MSigDB (original: HALLMARK_MTORC1_SIGNALING)
mTOR_signaling,AK4,MSigDB (original: HALLMARK_MTORC1_SIGNALING)
p53_pathway,ADA,MSigDB (original: HALLMARK_P53_PATHWAY)
p53_pathway,CDKN2A,MSigDB (original: HALLMARK_P53_PATHWAY)
p53_pathway,CEBPA,MSigDB (original: HALLMARK_P53_PATHWAY)
p53_pathway,SLC19A2,MSigDB (original: HALLMARK_P53_PATHWAY)
p53_pathway,DDB2,MSigDB (original: HALLMARK_P53_PATHWAY)
p53_pathway,EPHA2,MSigDB (original: HALLMARK_P53_PATHWAY)
p53_pathway,SLC35D1,MSigDB (original: HALLMARK_P53_PATHWAY)
p53_pathway,GM2A,MSigDB (original: HALLMARK_P53_PATHWAY)
p53_pathway,HINT1,MSigDB (original: HALLMARK_P53_PATHWAY)
p53_pathway,HMOX1,MSigDB (original: HALLMARK_P53_PATHWAY)
p53_pathway,HRAS,MSigDB (original: HALLMARK_P53_PATHWAY)
p53_pathway,APP,MSigDB (original: HALLMARK_P53_PATHWAY)
p53_pathway,FAS,MSigDB (original: HALLMARK_P53_PATHWAY)
p53_pathway,ITGB4,MSigDB (original: HALLMARK_P53_PATHWAY)
p53_pathway,NOTCH1,MSigDB (original: HALLMARK_P53_PATHWAY)
p53_pathway,TPRKB,MSigDB (original: HALLMARK_P53_PATHWAY)
p53_pathway,STEAP3,MSigDB (original: HALLMARK_P53_PATHWAY)
p53_pathway,RAD51C,MSigDB (original: HALLMARK_P53_PATHWAY)
p53_pathway,RB1,MSigDB (original: HALLMARK_P53_PATHWAY)
p53_pathway,BMP2,MSigDB (original: HALLMARK_P53_PATHWAY)
p53_pathway,TAP1,MSigDB (original: HALLMARK_P53_PATHWAY)
p53_pathway,TRP53,MSigDB (original: HALLMARK_P53_PATHWAY)
p53_pathway,VDR,MSigDB (original: HALLMARK_P53_PATHWAY)
p53_pathway,PPM1D,MSigDB (original: HALLMARK_P53_PATHWAY)
p53_pathway,ELP1,MSigDB (original: HALLMARK_P53_PATHWAY)
p53_pathway,TRP63,MSigDB (original: HALLMARK_P53_PATHWAY)
p53_pathway,CTSF,MSigDB (original: HALLMARK_P53_PATHWAY)
p53_pathway,NDRG1,MSigDB (original: HALLMARK_P53_PATHWAY)
p53_pathway,CTSD,MSigDB (original: HALLMARK_P53_PATHWAY)
p53_pathway,ABAT,MSigDB (original: HALLMARK_P53_PATHWAY)
p53_pathway,AK1,MSigDB (original: HALLMARK_P53_PATHWAY)
p53_pathway,ERCC5,MSigDB (original: HALLMARK_P53_PATHWAY)
p53_pathway,ZFP365,MSigDB (original: HALLMARK_P53_PATHWAY)
p53_pathway,FUCA1,MSigDB (original: HALLMARK_P53_PATHWAY)
p53_pathway,CYFIP2,MSigDB (original: HALLMARK_P53_PATHWAY)
p53_pathway,DCXR,MSigDB (original: HALLMARK_P53_PATHWAY)
p53_pathway,POLH,MSigDB (original: HALLMARK_P53_PATHWAY)
p53_pathway,COQ8A,MSigDB (original: HALLMARK_P53_PATHWAY)
p53_pathway,EPS8L2,MSigDB (original: HALLMARK_P53_PATHWAY)
p53_pathway,ST14,MSigDB (original: HALLMARK_P53_PATHWAY)
p53_pathway,TCN2,MSigDB (original: HALLMARK_P53_PATHWAY)
p53_pathway,TGFB1,MSigDB (original: HALLMARK_P53_PATHWAY)
p53_pathway,XPC,MSigDB (original: HALLMARK_P53_PATHWAY)
p53_pathway,MAPKAPK3,MSigDB (original: HALLMARK_P53_PATHWAY)
p53_pathway,CD81,MSigDB (original: HALLMARK_P53_PATHWAY)
p53_pathway,PHLDA3,MSigDB (original: HALLMARK_P53_PATHWAY)
p53_pathway,RPL36,MSigDB (original: HALLMARK_P53_PATHWAY)
p53_pathway,PLK3,MSigDB (original: HALLMARK_P53_PATHWAY)
p53_pathway,PROCR,MSigDB (original: HALLMARK_P53_PATHWAY)
p53_pathway,PIDD1,MSigDB (original: HALLMARK_P53_PATHWAY)
p53_pathway,WRAP73,MSigDB (original: HALLMARK_P53_PATHWAY)
p53_pathway,CDH13,MSigDB (original: HALLMARK_P53_PATHWAY)
p53_pathway,WWP1,MSigDB (original: HALLMARK_P53_PATHWAY)
p53_pathway,TOB1,MSigDB (original: HALLMARK_P53_PATHWAY)
p53_pathway,CDKN1A,MSigDB (original: HALLMARK_P53_PATHWAY)
p53_pathway,CDKN2B,MSigDB (original: HALLMARK_P53_PATHWAY)
p53_pathway,TXNIP,MSigDB (original: HALLMARK_P53_PATHWAY)
p53_pathway,GADD45A,MSigDB (original: HALLMARK_P53_PATHWAY)
p53_pathway,DDIT3,MSigDB (original: HALLMARK_P53_PATHWAY)
p53_pathway,HBEGF,MSigDB (original: HALLMARK_P53_PATHWAY)
p53_pathway,STOM,MSigDB (original: HALLMARK_P53_PATHWAY)
p53_pathway,EPHX1,MSigDB (original: HALLMARK_P53_PATHWAY)
p53_pathway,F2R,MSigDB (original: HALLMARK_P53_PATHWAY)
p53_pathway,FDXR,MSigDB (original: HALLMARK_P53_PATHWAY)
p53_pathway,FGF13,MSigDB (original: HALLMARK_P53_PATHWAY)
p53_pathway,FOS,MSigDB (original: HALLMARK_P53_PATHWAY)
p53_pathway,ALOX8,MSigDB (original: HALLMARK_P53_PATHWAY)
p53_pathway,SFN,MSigDB (original: HALLMARK_P53_PATHWAY)
p53_pathway,GPX2,MSigDB (original: HALLMARK_P53_PATHWAY)
p53_pathway,APAF1,MSigDB (original: HALLMARK_P53_PATHWAY)
p53_pathway,PRMT2,MSigDB (original: HALLMARK_P53_PATHWAY)
p53_pathway,IL1A,MSigDB (original: HALLMARK_P53_PATHWAY)
p53_pathway,INHBB,MSigDB (original: HALLMARK_P53_PATHWAY)
p53_pathway,IRAK1,MSigDB (original: HALLMARK_P53_PATHWAY)
p53_pathway,JUN,MSigDB (original: HALLMARK_P53_PATHWAY)
p53_pathway,CD82,MSigDB (original: HALLMARK_P53_PATHWAY)
p53_pathway,KRT17,MSigDB (original: HALLMARK_P53_PATHWAY)
p53_pathway,LDHB,MSigDB (original: HALLMARK_P53_PATHWAY)
p53_pathway,LIF,MSigDB (original: HALLMARK_P53_PATHWAY)
p53_pathway,IRAG2,MSigDB (original: HALLMARK_P53_PATHWAY)
p53_pathway,TM4SF1,MSigDB (original: HALLMARK_P53_PATHWAY)
p53_pathway,MXD1,MSigDB (original: HALLMARK_P53_PATHWAY)
p53_pathway,MDM2,MSigDB (original: HALLMARK_P53_PATHWAY)
p53_pathway,ATF3,MSigDB (original: HALLMARK_P53_PATHWAY)
p53_pathway,NHLH2,MSigDB (original: HALLMARK_P53_PATHWAY)
p53_pathway,NINJ1,MSigDB (original: HALLMARK_P53_PATHWAY)
p53_pathway,PDGFA,MSigDB (original: HALLMARK_P53_PATHWAY)
p53_pathway,SERPINB5,MSigDB (original: HALLMARK_P53_PATHWAY)
p53_pathway,PRKAB1,MSigDB (original: HALLMARK_P53_PATHWAY)
p53_pathway,BAK1,MSigDB (original: HALLMARK_P53_PATHWAY)
p53_pathway,PTPN14,MSigDB (original: HALLMARK_P53_PATHWAY)
p53_pathway,PTPRE,MSigDB (original: HALLMARK_P53_PATHWAY)
p53_pathway,BAX,MSigDB (original: HALLMARK_P53_PATHWAY)
p53_pathway,PVT1,MSigDB (original: HALLMARK_P53_PATHWAY)
p53_pathway,RAD9A,MSigDB (original: HALLMARK_P53_PATHWAY)
p53_pathway,RALGDS,MSigDB (original: HALLMARK_P53_PATHWAY)
p53_pathway,RGS16,MSigDB (original: HALLMARK_P53_PATHWAY)
p53_pathway,RXRA,MSigDB (original: HALLMARK_P53_PATHWAY)
p53_pathway,S100A4,MSigDB (original: HALLMARK_P53_PATHWAY)
p53_pathway,SAT1,MSigDB (original: HALLMARK_P53_PATHWAY)
p53_pathway,SDC1,MSigDB (original: HALLMARK_P53_PATHWAY)
p53_pathway,SP1,MSigDB (original: HALLMARK_P53_PATHWAY)
p53_pathway,ZFP36L1,MSigDB (original: HALLMARK_P53_PATHWAY)
p53_pathway,BTG1,MSigDB (original: HALLMARK_P53_PATHWAY)
p53_pathway,TGFA,MSigDB (original: HALLMARK_P53_PATHWAY)
p53_pathway,TCHH,MSigDB (original: HALLMARK_P53_PATHWAY)
p53_pathway,TNNI1,MSigDB (original: HALLMARK_P53_PATHWAY)
p53_pathway,UPP1,MSigDB (original: HALLMARK_P53_PATHWAY)
p53_pathway,BTG2,MSigDB (original: HALLMARK_P53_PATHWAY)
p53_pathway,CASP1,MSigDB (original: HALLMARK_P53_PATHWAY)
p53_pathway,SOCS1,MSigDB (original: HALLMARK_P53_PATHWAY)
p53_pathway,VAMP8,MSigDB (original: HALLMARK_P53_PATHWAY)
p53_pathway,TNFSF9,MSigDB (original: HALLMARK_P53_PATHWAY)
p53_pathway,CCNK,MSigDB (original: HALLMARK_P53_PATHWAY)
p53_pathway,HDAC3,MSigDB (original: HALLMARK_P53_PATHWAY)
p53_pathway,TSC22D1,MSigDB (original: HALLMARK_P53_PATHWAY)
p53_pathway,SPHK1,MSigDB (original: HALLMARK_P53_PATHWAY)
p53_pathway,CCND2,MSigDB (original: HALLMARK_P53_PATHWAY)
p53_pathway,CCND3,MSigDB (original: HALLMARK_P53_PATHWAY)
p53_pathway,CCNG1,MSigDB (original: HALLMARK_P53_PATHWAY)
p53_pathway,ACVR1B,MSigDB (original: HALLMARK_P53_PATHWAY)
p53_pathway,EI24,MSigDB (original: HALLMARK_P53_PATHWAY)
p53_pathway,TRAF4,MSigDB (original: HALLMARK_P53_PATHWAY)
p53_pathway,SLC3A2,MSigDB (original: HALLMARK_P53_PATHWAY)
p53_pathway,RACK1,MSigDB (original: HALLMARK_P53_PATHWAY)
p53_pathway,RRAD,MSigDB (original: HALLMARK_P53_PATHWAY)
p53_pathway,ZBTB16,MSigDB (original: HALLMARK_P53_PATHWAY)
p53_pathway,PPP1R15A,MSigDB (original: HALLMARK_P53_PATHWAY)
p53_pathway,NUPR1,MSigDB (original: HALLMARK_P53_PATHWAY)
p53_pathway,FOXO3,MSigDB (original: HALLMARK_P53_PATHWAY)
p53_pathway,PERP,MSigDB (original: HALLMARK_P53_PATHWAY)
p53_pathway,PMM1,MSigDB (original: HALLMARK_P53_PATHWAY)
p53_pathway,BAIAP2,MSigDB (original: HALLMARK_P53_PATHWAY)
p53_pathway,CDK5R1,MSigDB (original: HALLMARK_P53_PATHWAY)
p53_pathway,POM121,MSigDB (original: HALLMARK_P53_PATHWAY)
p53_pathway,IFI30,MSigDB (original: HALLMARK_P53_PATHWAY)
p53_pathway,BLCAP,MSigDB (original: HALLMARK_P53_PATHWAY)
p53_pathway,FBXW7,MSigDB (original: HALLMARK_P53_PATHWAY)
p53_pathway,S100A10,MSigDB (original: HALLMARK_P53_PATHWAY)
p53_pathway,PLK2,MSigDB (original: HALLMARK_P53_PATHWAY)
p53_pathway,H1F2,MSigDB (original: HALLMARK_P53_PATHWAY)
p53_pathway,KLF4,MSigDB (original: HALLMARK_P53_PATHWAY)
p53_pathway,KIF13B,MSigDB (original: HALLMARK_P53_PATHWAY)
p53_pathway,MXD4,MSigDB (original: HALLMARK_P53_PATHWAY)
p53_pathway,ABCC5,MSigDB (original: HALLMARK_P53_PATHWAY)
p53_pathway,ZMAT3,MSigDB (original: HALLMARK_P53_PATHWAY)
p53_pathway,RPL18,MSigDB (original: HALLMARK_P53_PATHWAY)
p53_pathway,PLXNB2,MSigDB (original: HALLMARK_P53_PATHWAY)
p53_pathway,SLC7A11,MSigDB (original: HALLMARK_P53_PATHWAY)
p53_pathway,PCNA,MSigDB (original: HALLMARK_P53_PATHWAY)
p53_pathway,DGKA,MSigDB (original: HALLMARK_P53_PATHWAY)
p53_pathway,MKNK2,MSigDB (original: HALLMARK_P53_PATHWAY)
p53_pathway,SESN1,MSigDB (original: HALLMARK_P53_PATHWAY)
p53_pathway,ANKRA2,MSigDB (original: HALLMARK_P53_PATHWAY)
p53_pathway,RAP2B,MSigDB (original: HALLMARK_P53_PATHWAY)
p53_pathway,DDIT4,MSigDB (original: HALLMARK_P53_PATHWAY)
p53_pathway,RPS27L,MSigDB (original: HALLMARK_P53_PATHWAY)
p53_pathway,RAB40C,MSigDB (original: HALLMARK_P53_PATHWAY)
p53_pathway,KLK8,MSigDB (original: HALLMARK_P53_PATHWAY)
p53_pathway,HEXIM1,MSigDB (original: HALLMARK_P53_PATHWAY)
p53_pathway,GLS2,MSigDB (original: HALLMARK_P53_PATHWAY)
p53_pathway,JAG2,MSigDB (original: HALLMARK_P53_PATHWAY)
p53_pathway,TRAFD1,MSigDB (original: HALLMARK_P53_PATHWAY)
p53_pathway,H2AC25,MSigDB (original: HALLMARK_P53_PATHWAY)
p53_pathway,RCHY1,MSigDB (original: HALLMARK_P53_PATHWAY)
p53_pathway,CSRNP2,MSigDB (original: HALLMARK_P53_PATHWAY)
p53_pathway,CDKN2AIP,MSigDB (original: HALLMARK_P53_PATHWAY)
p53_pathway,RRP8,MSigDB (original: HALLMARK_P53_PATHWAY)
p53_pathway,TAX1BP3,MSigDB (original: HALLMARK_P53_PATHWAY)
p53_pathway,ISCU,MSigDB (original: HALLMARK_P53_PATHWAY)
p53_pathway,TPD52L1,MSigDB (original: HALLMARK_P53_PATHWAY)
p53_pathway,OSGIN1,MSigDB (original: HALLMARK_P53_PATHWAY)
p53_pathway,SERTAD3,MSigDB (original: HALLMARK_P53_PATHWAY)
p53_pathway,IER5,MSigDB (original: HALLMARK_P53_PATHWAY)
p53_pathway,TM7SF3,MSigDB (original: HALLMARK_P53_PATHWAY)
p53_pathway,NUDT15,MSigDB (original: HALLMARK_P53_PATHWAY)
p53_pathway,SEC61A1,MSigDB (original: HALLMARK_P53_PATHWAY)
p53_pathway,NOL8,MSigDB (original: HALLMARK_P53_PATHWAY)
p53_pathway,RPS12,MSigDB (original: HALLMARK_P53_PATHWAY)
p53_pathway,FAM162A,MSigDB (original: HALLMARK_P53_PATHWAY)
p53_pathway,RETSAT,MSigDB (original: HALLMARK_P53_PATHWAY)
p53_pathway,CLCA2,MSigDB (original: HALLMARK_P53_PATHWAY)
p53_pathway,RHBDF2,MSigDB (original: HALLMARK_P53_PATHWAY)
p53_pathway,DEF6,MSigDB (original: HALLMARK_P53_PATHWAY)
p53_pathway,AEN,MSigDB (original: HALLMARK_P53_PATHWAY)
p53_pathway,ABHD4,MSigDB (original: HALLMARK_P53_PATHWAY)
p53_pathway,HSPA4L,MSigDB (original: HALLMARK_P53_PATHWAY)
p53_pathway,TRIB3,MSigDB (original: HALLMARK_P53_PATHWAY)
p53_pathway,VWA5A,MSigDB (original: HALLMARK_P53_PATHWAY)
p53_pathway,CCP110,MSigDB (original: HALLMARK_P53_PATHWAY)
p53_pathway,DNTTIP2,MSigDB (original: HALLMARK_P53_PATHWAY)
p53_pathway,TRIAP1,MSigDB (original: HALLMARK_P53_PATHWAY)
p53_pathway,DRAM1,MSigDB (original: HALLMARK_P53_PATHWAY)
p53_pathway,PITPNC1,MSigDB (original: HALLMARK_P53_PATHWAY)
p53_pathway,IER3,MSigDB (original: HALLMARK_P53_PATHWAY)
p53_pathway,RNF19B,MSigDB (original: HALLMARK_P53_PATHWAY)
p53_pathway,CGRRF1,MSigDB (original: HALLMARK_P53_PATHWAY)
p53_pathway,IP6K2,MSigDB (original: HALLMARK_P53_PATHWAY)
p53_pathway,H2AJ,MSigDB (original: HALLMARK_P53_PATHWAY)
p53_pathway,TSPYL2,MSigDB (original: HALLMARK_P53_PATHWAY)
Apoptosis,FASL,MSigDB (original: REACTOME_APOPTOSIS)
Apoptosis,KPNB1,MSigDB (original: REACTOME_APOPTOSIS)
Apoptosis,BCAP31,MSigDB (original: REACTOME_APOPTOSIS)
Apoptosis,AVEN,MSigDB (original: REACTOME_APOPTOSIS)
Apoptosis,BAX,MSigDB (original: REACTOME_APOPTOSIS)
Apoptosis,BID,MSigDB (original: REACTOME_APOPTOSIS)
Apoptosis,APC,MSigDB (original: REACTOME_APOPTOSIS)
Apoptosis,CTNNB1,MSigDB (original: REACTOME_APOPTOSIS)
Apoptosis,BCL2L1,MSigDB (original: REACTOME_APOPTOSIS)
Apoptosis,DYNLL1,MSigDB (original: REACTOME_APOPTOSIS)
Apoptosis,APIP,MSigDB (original: REACTOME_APOPTOSIS)
Apoptosis,GZMB,MSigDB (original: REACTOME_APOPTOSIS)
Apoptosis,FNTA,MSigDB (original: REACTOME_APOPTOSIS)
Apoptosis,YWHAB,MSigDB (original: REACTOME_APOPTOSIS)
Apoptosis,MAPT,MSigDB (original: REACTOME_APOPTOSIS)
Apoptosis,YWHAH,MSigDB (original: REACTOME_APOPTOSIS)
Apoptosis,APAF1,MSigDB (original: REACTOME_APOPTOSIS)
Apoptosis,DYNLL2,MSigDB (original: REACTOME_APOPTOSIS)
Apoptosis,SEPTIN4,MSigDB (original: REACTOME_APOPTOSIS)
Apoptosis,YWHAE,MSigDB (original: REACTOME_APOPTOSIS)
Apoptosis,NMT1,MSigDB (original: REACTOME_APOPTOSIS)
Apoptosis,RIPK1,MSigDB (original: REACTOME_APOPTOSIS)
Apoptosis,OCLN,MSigDB (original: REACTOME_APOPTOSIS)
Apoptosis,MAPK8,MSigDB (original: REACTOME_APOPTOSIS)
Apoptosis,PRKCD,MSigDB (original: REACTOME_APOPTOSIS)
Apoptosis,TNFRSF10B,MSigDB (original: REACTOME_APOPTOSIS)
Apoptosis,PPP3CC,MSigDB (original: REACTOME_APOPTOSIS)
Apoptosis,ACIN1,MSigDB (original: REACTOME_APOPTOSIS)
Apoptosis,YWHAZ,MSigDB (original: REACTOME_APOPTOSIS)
Apoptosis,PLEC,MSigDB (original: REACTOME_APOPTOSIS)
Apoptosis,GSDMD,MSigDB (original: REACTOME_APOPTOSIS)
Apoptosis,PTK2,MSigDB (original: REACTOME_APOPTOSIS)
Apoptosis,DNM1L,MSigDB (original: REACTOME_APOPTOSIS)
Apoptosis,KPNA1,MSigDB (original: REACTOME_APOPTOSIS)
Apoptosis,SATB1,MSigDB (original: REACTOME_APOPTOSIS)
Apoptosis,ROCK1,MSigDB (original: REACTOME_APOPTOSIS)
Apoptosis,PMAIP1,MSigDB (original: REACTOME_APOPTOSIS)
Apoptosis,LMNB1,MSigDB (original: REACTOME_APOPTOSIS)
Apoptosis,FAS,MSigDB (original: REACTOME_APOPTOSIS)
Apoptosis,TJP2,MSigDB (original: REACTOME_APOPTOSIS)
Apoptosis,BAD,MSigDB (original: REACTOME_APOPTOSIS)
Apoptosis,CASP7,MSigDB (original: REACTOME_APOPTOSIS)
Apoptosis,LY96,MSigDB (original: REACTOME_APOPTOSIS)
Apoptosis,XIAP,MSigDB (original: REACTOME_APOPTOSIS)
Apoptosis,CASP8,MSigDB (original: REACTOME_APOPTOSIS)
Apoptosis,CFLAR,MSigDB (original: REACTOME_APOPTOSIS)
Apoptosis,PKP1,MSigDB (original: REACTOME_APOPTOSIS)
Apoptosis,VIM,MSigDB (original: REACTOME_APOPTOSIS)
Apoptosis,PRKCQ,MSigDB (original: REACTOME_APOPTOSIS)
Apoptosis,SH3GLB2,MSigDB (original: REACTOME_APOPTOSIS)
Apoptosis,GSN,MSigDB (original: REACTOME_APOPTOSIS)
Apoptosis,TRAF2,MSigDB (original: REACTOME_APOPTOSIS)
Apoptosis,BCL2L11,MSigDB (original: REACTOME_APOPTOSIS)
Apoptosis,CASP6,MSigDB (original: REACTOME_APOPTOSIS)
Apoptosis,LMNA,MSigDB (original: REACTOME_APOPTOSIS)
Apoptosis,CASP9,MSigDB (original: REACTOME_APOPTOSIS)
Apoptosis,DFFA,MSigDB (original: REACTOME_APOPTOSIS)
Apoptosis,DFFB,MSigDB (original: REACTOME_APOPTOSIS)
Apoptosis,ADD1,MSigDB (original: REACTOME_APOPTOSIS)
Apoptosis,DIABLO,MSigDB (original: REACTOME_APOPTOSIS)
Apoptosis,GSDME,MSigDB (original: REACTOME_APOPTOSIS)
Apoptosis,GAS2,MSigDB (original: REACTOME_APOPTOSIS)
Apoptosis,TJP1,MSigDB (original: REACTOME_APOPTOSIS)
Apoptosis,FADD,MSigDB (original: REACTOME_APOPTOSIS)
Apoptosis,STK26,MSigDB (original: REACTOME_APOPTOSIS)
Apoptosis,BMX,MSigDB (original: REACTOME_APOPTOSIS)
Apoptosis,CASP3,MSigDB (original: REACTOME_APOPTOSIS)
Apoptosis,TRADD,MSigDB (original: REACTOME_APOPTOSIS)
Apoptosis,PPP3R1,MSigDB (original: REACTOME_APOPTOSIS)
Apoptosis,OMA1,MSigDB (original: REACTOME_APOPTOSIS)
Apoptosis,OPA1,MSigDB (original: REACTOME_APOPTOSIS)
Apoptosis,TLR4,MSigDB (original: REACTOME_APOPTOSIS)
Apoptosis,TNFSF10,MSigDB (original: REACTOME_APOPTOSIS)
Apoptosis,BMF,MSigDB (original: REACTOME_APOPTOSIS)
Apoptosis,APPL1,MSigDB (original: REACTOME_APOPTOSIS)
Apoptosis,CLSPN,MSigDB (original: REACTOME_APOPTOSIS)
Apoptosis,DSG2,MSigDB (original: REACTOME_APOPTOSIS)
Apoptosis,TICAM1,MSigDB (original: REACTOME_APOPTOSIS)
Apoptosis,SFN,MSigDB (original: REACTOME_APOPTOSIS)
Apoptosis,H1F1,MSigDB (original: REACTOME_APOPTOSIS)
Apoptosis,YWHAG,MSigDB (original: REACTOME_APOPTOSIS)
Apoptosis,CD14,MSigDB (original: REACTOME_APOPTOSIS)
Apoptosis,H1F4,MSigDB (original: REACTOME_APOPTOSIS)
Apoptosis,H1F3,MSigDB (original: REACTOME_APOPTOSIS)
Apoptosis,HMGB2,MSigDB (original: REACTOME_APOPTOSIS)
Apoptosis,DSP,MSigDB (original: REACTOME_APOPTOSIS)
Apoptosis,TICAM2,MSigDB (original: REACTOME_APOPTOSIS)
Apoptosis,DSG3,MSigDB (original: REACTOME_APOPTOSIS)
Apoptosis,BCL2,MSigDB (original: REACTOME_APOPTOSIS)
Apoptosis,BIRC2,MSigDB (original: REACTOME_APOPTOSIS)
Apoptosis,SPTAN1,MSigDB (original: REACTOME_APOPTOSIS)
Apoptosis,BAK1,MSigDB (original: REACTOME_APOPTOSIS)
Apoptosis,H1F5,MSigDB (original: REACTOME_APOPTOSIS)
Apoptosis,GM10053,MSigDB (original: REACTOME_APOPTOSIS)
Apoptosis,DCC,MSigDB (original: REACTOME_APOPTOSIS)
Apoptosis,MAPK3,MSigDB (original: REACTOME_APOPTOSIS)
Apoptosis,MAPK1,MSigDB (original: REACTOME_APOPTOSIS)
Apoptosis,STK24,MSigDB (original: REACTOME_APOPTOSIS)
Apoptosis,CYCS,MSigDB (original: REACTOME_APOPTOSIS)
Apoptosis,HMGB1,MSigDB (original: REACTOME_APOPTOSIS)
Apoptosis,DSG1A,MSigDB (original: REACTOME_APOPTOSIS)
Apoptosis,YWHAQ,MSigDB (original: REACTOME_APOPTOSIS)
Apoptosis,H1F0,MSigDB (original: REACTOME_APOPTOSIS)
Apoptosis,AVEN,MSigDB (original: REACTOME_INTRINSIC_PATHWAY_FOR_APOPTOSIS)
Apoptosis,BAX,MSigDB (original: REACTOME_INTRINSIC_PATHWAY_FOR_APOPTOSIS)
Apoptosis,BID,MSigDB (original: REACTOME_INTRINSIC_PATHWAY_FOR_APOPTOSIS)
Apoptosis,BCL2L1,MSigDB (original: REACTOME_INTRINSIC_PATHWAY_FOR_APOPTOSIS)
Apoptosis,DYNLL1,MSigDB (original: REACTOME_INTRINSIC_PATHWAY_FOR_APOPTOSIS)
Apoptosis,APIP,MSigDB (original: REACTOME_INTRINSIC_PATHWAY_FOR_APOPTOSIS)
Apoptosis,GZMB,MSigDB (original: REACTOME_INTRINSIC_PATHWAY_FOR_APOPTOSIS)
Apoptosis,YWHAB,MSigDB (original: REACTOME_INTRINSIC_PATHWAY_FOR_APOPTOSIS)
Apoptosis,YWHAH,MSigDB (original: REACTOME_INTRINSIC_PATHWAY_FOR_APOPTOSIS)
Apoptosis,APAF1,MSigDB (original: REACTOME_INTRINSIC_PATHWAY_FOR_APOPTOSIS)
Apoptosis,DYNLL2,MSigDB (original: REACTOME_INTRINSIC_PATHWAY_FOR_APOPTOSIS)
Apoptosis,SEPTIN4,MSigDB (original: REACTOME_INTRINSIC_PATHWAY_FOR_APOPTOSIS)
Apoptosis,YWHAE,MSigDB (original: REACTOME_INTRINSIC_PATHWAY_FOR_APOPTOSIS)
Apoptosis,NMT1,MSigDB (original: REACTOME_INTRINSIC_PATHWAY_FOR_APOPTOSIS)
Apoptosis,MAPK8,MSigDB (original: REACTOME_INTRINSIC_PATHWAY_FOR_APOPTOSIS)
Apoptosis,PPP3CC,MSigDB (original: REACTOME_INTRINSIC_PATHWAY_FOR_APOPTOSIS)
Apoptosis,YWHAZ,MSigDB (original: REACTOME_INTRINSIC_PATHWAY_FOR_APOPTOSIS)
Apoptosis,GSDMD,MSigDB (original: REACTOME_INTRINSIC_PATHWAY_FOR_APOPTOSIS)
Apoptosis,PMAIP1,MSigDB (original: REACTOME_INTRINSIC_PATHWAY_FOR_APOPTOSIS)
Apoptosis,BAD,MSigDB (original: REACTOME_INTRINSIC_PATHWAY_FOR_APOPTOSIS)
Apoptosis,CASP7,MSigDB (original: REACTOME_INTRINSIC_PATHWAY_FOR_APOPTOSIS)
Apoptosis,XIAP,MSigDB (original: REACTOME_INTRINSIC_PATHWAY_FOR_APOPTOSIS)
Apoptosis,CASP8,MSigDB (original: REACTOME_INTRINSIC_PATHWAY_FOR_APOPTOSIS)
Apoptosis,BCL2L11,MSigDB (original: REACTOME_INTRINSIC_PATHWAY_FOR_APOPTOSIS)
Apoptosis,CASP9,MSigDB (original: REACTOME_INTRINSIC_PATHWAY_FOR_APOPTOSIS)
Apoptosis,DIABLO,MSigDB (original: REACTOME_INTRINSIC_PATHWAY_FOR_APOPTOSIS)
Apoptosis,GSDME,MSigDB (original: REACTOME_INTRINSIC_PATHWAY_FOR_APOPTOSIS)
Apoptosis,CASP3,MSigDB (original: REACTOME_INTRINSIC_PATHWAY_FOR_APOPTOSIS)
Apoptosis,PPP3R1,MSigDB (original: REACTOME_INTRINSIC_PATHWAY_FOR_APOPTOSIS)
Apoptosis,BMF,MSigDB (original: REACTOME_INTRINSIC_PATHWAY_FOR_APOPTOSIS)
Apoptosis,SFN,MSigDB (original: REACTOME_INTRINSIC_PATHWAY_FOR_APOPTOSIS)
Apoptosis,YWHAG,MSigDB (original: REACTOME_INTRINSIC_PATHWAY_FOR_APOPTOSIS)
Apoptosis,BCL2,MSigDB (original: REACTOME_INTRINSIC_PATHWAY_FOR_APOPTOSIS)
Apoptosis,BAK1,MSigDB (original: REACTOME_INTRINSIC_PATHWAY_FOR_APOPTOSIS)
Apoptosis,GM10053,MSigDB (original: REACTOME_INTRINSIC_PATHWAY_FOR_APOPTOSIS)
Apoptosis,MAPK3,MSigDB (original: REACTOME_INTRINSIC_PATHWAY_FOR_APOPTOSIS)
Apoptosis,MAPK1,MSigDB (original: REACTOME_INTRINSIC_PATHWAY_FOR_APOPTOSIS)
Apoptosis,CYCS,MSigDB (original: REACTOME_INTRINSIC_PATHWAY_FOR_APOPTOSIS)
Apoptosis,YWHAQ,MSigDB (original: REACTOME_INTRINSIC_PATHWAY_FOR_APOPTOSIS)
MAPK_signaling,MAP2K1,MSigDB (original: REACTOME_MAPK3_ERK1_ACTIVATION)
MAPK_signaling,CDK1,MSigDB (original: REACTOME_MAPK3_ERK1_ACTIVATION)
MAPK_signaling,IL6ST,MSigDB (original: REACTOME_MAPK3_ERK1_ACTIVATION)
MAPK_signaling,JAK2,MSigDB (original: REACTOME_MAPK3_ERK1_ACTIVATION)
MAPK_signaling,IL6,MSigDB (original: REACTOME_MAPK3_ERK1_ACTIVATION)
MAPK_signaling,IL6RA,MSigDB (original: REACTOME_MAPK3_ERK1_ACTIVATION)
MAPK_signaling,TYK2,MSigDB (original: REACTOME_MAPK3_ERK1_ACTIVATION)
MAPK_signaling,PTPN11,MSigDB (original: REACTOME_MAPK3_ERK1_ACTIVATION)
MAPK_signaling,MAPK3,MSigDB (original: REACTOME_MAPK3_ERK1_ACTIVATION)
MAPK_signaling,MAP2K1,MSigDB (original: REACTOME_RAF_INDEPENDENT_MAPK1_3_ACTIVATION)
MAPK_signaling,PEA15A,MSigDB (original: REACTOME_RAF_INDEPENDENT_MAPK1_3_ACTIVATION)
MAPK_signaling,CDK1,MSigDB (original: REACTOME_RAF_INDEPENDENT_MAPK1_3_ACTIVATION)
MAPK_signaling,DUSP6,MSigDB (original: REACTOME_RAF_INDEPENDENT_MAPK1_3_ACTIVATION)
MAPK_signaling,IL6ST,MSigDB (original: REACTOME_RAF_INDEPENDENT_MAPK1_3_ACTIVATION)
MAPK_signaling,DUSP1,MSigDB (original: REACTOME_RAF_INDEPENDENT_MAPK1_3_ACTIVATION)
MAPK_signaling,JAK2,MSigDB (original: REACTOME_RAF_INDEPENDENT_MAPK1_3_ACTIVATION)
MAPK_signaling,IL6,MSigDB (original: REACTOME_RAF_INDEPENDENT_MAPK1_3_ACTIVATION)
MAPK_signaling,DUSP2,MSigDB (original: REACTOME_RAF_INDEPENDENT_MAPK1_3_ACTIVATION)
MAPK_signaling,IL6RA,MSigDB (original: REACTOME_RAF_INDEPENDENT_MAPK1_3_ACTIVATION)
MAPK_signaling,DUSP16,MSigDB (original: REACTOME_RAF_INDEPENDENT_MAPK1_3_ACTIVATION)
MAPK_signaling,DUSP9,MSigDB (original: REACTOME_RAF_INDEPENDENT_MAPK1_3_ACTIVATION)
MAPK_signaling,DUSP4,MSigDB (original: REACTOME_RAF_INDEPENDENT_MAPK1_3_ACTIVATION)
MAPK_signaling,TYK2,MSigDB (original: REACTOME_RAF_INDEPENDENT_MAPK1_3_ACTIVATION)
MAPK_signaling,DUSP5,MSigDB (original: REACTOME_RAF_INDEPENDENT_MAPK1_3_ACTIVATION)
MAPK_signaling,MAP2K2,MSigDB (original: REACTOME_RAF_INDEPENDENT_MAPK1_3_ACTIVATION)
MAPK_signaling,DUSP8,MSigDB (original: REACTOME_RAF_INDEPENDENT_MAPK1_3_ACTIVATION)
MAPK_signaling,DUSP10,MSigDB (original: REACTOME_RAF_INDEPENDENT_MAPK1_3_ACTIVATION)
MAPK_signaling,PTPN11,MSigDB (original: REACTOME_RAF_INDEPENDENT_MAPK1_3_ACTIVATION)
MAPK_signaling,DUSP7,MSigDB (original: REACTOME_RAF_INDEPENDENT_MAPK1_3_ACTIVATION)
MAPK_signaling,MAPK3,MSigDB (original: REACTOME_RAF_INDEPENDENT_MAPK1_3_ACTIVATION)
MAPK_signaling,MAPK1,MSigDB (original: REACTOME_RAF_INDEPENDENT_MAPK1_3_ACTIVATION)
MAPK_signaling,IL6ST,MSigDB (original: REACTOME_MAPK1_ERK2_ACTIVATION)
MAPK_signaling,JAK2,MSigDB (original: REACTOME_MAPK1_ERK2_ACTIVATION)
MAPK_signaling,IL6,MSigDB (original: REACTOME_MAPK1_ERK2_ACTIVATION)
MAPK_signaling,IL6RA,MSigDB (original: REACTOME_MAPK1_ERK2_ACTIVATION)
MAPK_signaling,TYK2,MSigDB (original: REACTOME_MAPK1_ERK2_ACTIVATION)
MAPK_signaling,MAP2K2,MSigDB (original: REACTOME_MAPK1_ERK2_ACTIVATION)
MAPK_signaling,PTPN11,MSigDB (original: REACTOME_MAPK1_ERK2_ACTIVATION)
MAPK_signaling,MAPK1,MSigDB (original: REACTOME_MAPK1_ERK2_ACTIVATION)
HIF1_signaling,HIF3A,MSigDB (original: REACTOME_REGULATION_OF_GENE_EXPRESSION_BY_HYPOXIA_INDUCIBLE_FACTOR)
HIF1_signaling,ARNT,MSigDB (original: REACTOME_REGULATION_OF_GENE_EXPRESSION_BY_HYPOXIA_INDUCIBLE_FACTOR)
HIF1_signaling,HIF1A,MSigDB (original: REACTOME_REGULATION_OF_GENE_EXPRESSION_BY_HYPOXIA_INDUCIBLE_FACTOR)
HIF1_signaling,EPAS1,MSigDB (original: REACTOME_REGULATION_OF_GENE_EXPRESSION_BY_HYPOXIA_INDUCIBLE_FACTOR)
HIF1_signaling,CITED2,MSigDB (original: REACTOME_REGULATION_OF_GENE_EXPRESSION_BY_HYPOXIA_INDUCIBLE_FACTOR)
HIF1_signaling,EP300,MSigDB (original: REACTOME_REGULATION_OF_GENE_EXPRESSION_BY_HYPOXIA_INDUCIBLE_FACTOR)
HIF1_signaling,PSMC3,MSigDB (original: REACTOME_CELLULAR_RESPONSE_TO_HYPOXIA)
HIF1_signaling,HIF3A,MSigDB (original: REACTOME_CELLULAR_RESPONSE_TO_HYPOXIA)
HIF1_signaling,PSMD4,MSigDB (original: REACTOME_CELLULAR_RESPONSE_TO_HYPOXIA)
HIF1_signaling,PSMB4,MSigDB (original: REACTOME_CELLULAR_RESPONSE_TO_HYPOXIA)
HIF1_signaling,PSMD2,MSigDB (original: REACTOME_CELLULAR_RESPONSE_TO_HYPOXIA)
HIF1_signaling,UBC,MSigDB (original: REACTOME_CELLULAR_RESPONSE_TO_HYPOXIA)
HIF1_signaling,PSMB1,MSigDB (original: REACTOME_CELLULAR_RESPONSE_TO_HYPOXIA)
HIF1_signaling,ARNT,MSigDB (original: REACTOME_CELLULAR_RESPONSE_TO_HYPOXIA)
HIF1_signaling,PSMA2,MSigDB (original: REACTOME_CELLULAR_RESPONSE_TO_HYPOXIA)
HIF1_signaling,PSMD3,MSigDB (original: REACTOME_CELLULAR_RESPONSE_TO_HYPOXIA)
HIF1_signaling,PSMD11,MSigDB (original: REACTOME_CELLULAR_RESPONSE_TO_HYPOXIA)
HIF1_signaling,PSMB6,MSigDB (original: REACTOME_CELLULAR_RESPONSE_TO_HYPOXIA)
HIF1_signaling,UBB,MSigDB (original: REACTOME_CELLULAR_RESPONSE_TO_HYPOXIA)
HIF1_signaling,UBE2D1,MSigDB (original: REACTOME_CELLULAR_RESPONSE_TO_HYPOXIA)
HIF1_signaling,RPS27A,MSigDB (original: REACTOME_CELLULAR_RESPONSE_TO_HYPOXIA)
HIF1_signaling,PSMC5,MSigDB (original: REACTOME_CELLULAR_RESPONSE_TO_HYPOXIA)
HIF1_signaling,PSMD12,MSigDB (original: REACTOME_CELLULAR_RESPONSE_TO_HYPOXIA)
HIF1_signaling,PSMA6,MSigDB (original: REACTOME_CELLULAR_RESPONSE_TO_HYPOXIA)
HIF1_signaling,HIF1A,MSigDB (original: REACTOME_CELLULAR_RESPONSE_TO_HYPOXIA)
HIF1_signaling,PSMC1,MSigDB (original: REACTOME_CELLULAR_RESPONSE_TO_HYPOXIA)
HIF1_signaling,PSMD6,MSigDB (original: REACTOME_CELLULAR_RESPONSE_TO_HYPOXIA)
HIF1_signaling,PSMC6,MSigDB (original: REACTOME_CELLULAR_RESPONSE_TO_HYPOXIA)
HIF1_signaling,AJUBA,MSigDB (original: REACTOME_CELLULAR_RESPONSE_TO_HYPOXIA)
HIF1_signaling,PSMB5,MSigDB (original: REACTOME_CELLULAR_RESPONSE_TO_HYPOXIA)
HIF1_signaling,PSME1,MSigDB (original: REACTOME_CELLULAR_RESPONSE_TO_HYPOXIA)
HIF1_signaling,RBX1,MSigDB (original: REACTOME_CELLULAR_RESPONSE_TO_HYPOXIA)
HIF1_signaling,EPAS1,MSigDB (original: REACTOME_CELLULAR_RESPONSE_TO_HYPOXIA)
HIF1_signaling,CUL2,MSigDB (original: REACTOME_CELLULAR_RESPONSE_TO_HYPOXIA)
HIF1_signaling,PSMB8,MSigDB (original: REACTOME_CELLULAR_RESPONSE_TO_HYPOXIA)
HIF1_signaling,LIMD1,MSigDB (original: REACTOME_CELLULAR_RESPONSE_TO_HYPOXIA)
HIF1_signaling,PSMD13,MSigDB (original: REACTOME_CELLULAR_RESPONSE_TO_HYPOXIA)
HIF1_signaling,PSMD1,MSigDB (original: REACTOME_CELLULAR_RESPONSE_TO_HYPOXIA)
HIF1_signaling,PSMB7,MSigDB (original: REACTOME_CELLULAR_RESPONSE_TO_HYPOXIA)
HIF1_signaling,PSMD5,MSigDB (original: REACTOME_CELLULAR_RESPONSE_TO_HYPOXIA)
HIF1_signaling,PSMD14,MSigDB (original: REACTOME_CELLULAR_RESPONSE_TO_HYPOXIA)
HIF1_signaling,PSMA7,MSigDB (original: REACTOME_CELLULAR_RESPONSE_TO_HYPOXIA)
HIF1_signaling,PSMB2,MSigDB (original: REACTOME_CELLULAR_RESPONSE_TO_HYPOXIA)
HIF1_signaling,PSMC2,MSigDB (original: REACTOME_CELLULAR_RESPONSE_TO_HYPOXIA)
HIF1_signaling,PSMD9,MSigDB (original: REACTOME_CELLULAR_RESPONSE_TO_HYPOXIA)
HIF1_signaling,PSMD8,MSigDB (original: REACTOME_CELLULAR_RESPONSE_TO_HYPOXIA)
HIF1_signaling,PSMC4,MSigDB (original: REACTOME_CELLULAR_RESPONSE_TO_HYPOXIA)
HIF1_signaling,PSMA1,MSigDB (original: REACTOME_CELLULAR_RESPONSE_TO_HYPOXIA)
HIF1_signaling,PSMD10,MSigDB (original: REACTOME_CELLULAR_RESPONSE_TO_HYPOXIA)
HIF1_signaling,PSMB10,MSigDB (original: REACTOME_CELLULAR_RESPONSE_TO_HYPOXIA)
HIF1_signaling,EGLN1,MSigDB (original: REACTOME_CELLULAR_RESPONSE_TO_HYPOXIA)
HIF1_signaling,PSMA4,MSigDB (original: REACTOME_CELLULAR_RESPONSE_TO_HYPOXIA)
HIF1_signaling,PSMF1,MSigDB (original: REACTOME_CELLULAR_RESPONSE_TO_HYPOXIA)
HIF1_signaling,VHL,MSigDB (original: REACTOME_CELLULAR_RESPONSE_TO_HYPOXIA)
HIF1_signaling,EGLN3,MSigDB (original: REACTOME_CELLULAR_RESPONSE_TO_HYPOXIA)
HIF1_signaling,HIF1AN,MSigDB (original: REACTOME_CELLULAR_RESPONSE_TO_HYPOXIA)
HIF1_signaling,WTIP,MSigDB (original: REACTOME_CELLULAR_RESPONSE_TO_HYPOXIA)
HIF1_signaling,PSMA8,MSigDB (original: REACTOME_CELLULAR_RESPONSE_TO_HYPOXIA)
HIF1_signaling,PSMD7,MSigDB (original: REACTOME_CELLULAR_RESPONSE_TO_HYPOXIA)
HIF1_signaling,CITED2,MSigDB (original: REACTOME_CELLULAR_RESPONSE_TO_HYPOXIA)
HIF1_signaling,PSME4,MSigDB (original: REACTOME_CELLULAR_RESPONSE_TO_HYPOXIA)
HIF1_signaling,EP300,MSigDB (original: REACTOME_CELLULAR_RESPONSE_TO_HYPOXIA)
HIF1_signaling,ELOB,MSigDB (original: REACTOME_CELLULAR_RESPONSE_TO_HYPOXIA)
HIF1_signaling,EGLN2,MSigDB (original: REACTOME_CELLULAR_RESPONSE_TO_HYPOXIA)
HIF1_signaling,PSMA3,MSigDB (original: REACTOME_CELLULAR_RESPONSE_TO_HYPOXIA)
HIF1_signaling,GM11808,MSigDB (original: REACTOME_CELLULAR_RESPONSE_TO_HYPOXIA)
HIF1_signaling,PSMA5,MSigDB (original: REACTOME_CELLULAR_RESPONSE_TO_HYPOXIA)
HIF1_signaling,PSMB3,MSigDB (original: REACTOME_CELLULAR_RESPONSE_TO_HYPOXIA)
HIF1_signaling,PSMB11,MSigDB (original: REACTOME_CELLULAR_RESPONSE_TO_HYPOXIA)
HIF1_signaling,PSME2B,MSigDB (original: REACTOME_CELLULAR_RESPONSE_TO_HYPOXIA)
HIF1_signaling,UBE2D3,MSigDB (original: REACTOME_CELLULAR_RESPONSE_TO_HYPOXIA)
HIF1_signaling,PSME3,MSigDB (original: REACTOME_CELLULAR_RESPONSE_TO_HYPOXIA)
HIF1_signaling,PSME2,MSigDB (original: REACTOME_CELLULAR_RESPONSE_TO_HYPOXIA)
HIF1_signaling,ELOC,MSigDB (original: REACTOME_CELLULAR_RESPONSE_TO_HYPOXIA)
HIF1_signaling,UBA52,MSigDB (original: REACTOME_CELLULAR_RESPONSE_TO_HYPOXIA)
HIF1_signaling,UBE2D2A,MSigDB (original: REACTOME_CELLULAR_RESPONSE_TO_HYPOXIA)
Apoptosis,KPNB1,MSigDB (original: REACTOME_APOPTOSIS_INDUCED_DNA_FRAGMENTATION)
Apoptosis,KPNA1,MSigDB (original: REACTOME_APOPTOSIS_INDUCED_DNA_FRAGMENTATION)
Apoptosis,DFFA,MSigDB (original: REACTOME_APOPTOSIS_INDUCED_DNA_FRAGMENTATION)
Apoptosis,DFFB,MSigDB (original: REACTOME_APOPTOSIS_INDUCED_DNA_FRAGMENTATION)
Apoptosis,CASP3,MSigDB (original: REACTOME_APOPTOSIS_INDUCED_DNA_FRAGMENTATION)
Apoptosis,H1F1,MSigDB (original: REACTOME_APOPTOSIS_INDUCED_DNA_FRAGMENTATION)
Apoptosis,H1F4,MSigDB (original: REACTOME_APOPTOSIS_INDUCED_DNA_FRAGMENTATION)
Apoptosis,H1F3,MSigDB (original: REACTOME_APOPTOSIS_INDUCED_DNA_FRAGMENTATION)
Apoptosis,HMGB2,MSigDB (original: REACTOME_APOPTOSIS_INDUCED_DNA_FRAGMENTATION)
Apoptosis,H1F5,MSigDB (original: REACTOME_APOPTOSIS_INDUCED_DNA_FRAGMENTATION)
Apoptosis,HMGB1,MSigDB (original: REACTOME_APOPTOSIS_INDUCED_DNA_FRAGMENTATION)
Apoptosis,H1F0,MSigDB (original: REACTOME_APOPTOSIS_INDUCED_DNA_FRAGMENTATION)
Glutathione_metabolism,GSTT1,MSigDB (original: REACTOME_GLUTATHIONE_CONJUGATION)
Glutathione_metabolism,GGCT,MSigDB (original: REACTOME_GLUTATHIONE_CONJUGATION)
Glutathione_metabolism,GSTM5,MSigDB (original: REACTOME_GLUTATHIONE_CONJUGATION)
Glutathione_metabolism,GSTM7,MSigDB (original: REACTOME_GLUTATHIONE_CONJUGATION)
Glutathione_metabolism,GSTM3,MSigDB (original: REACTOME_GLUTATHIONE_CONJUGATION)
Glutathione_metabolism,GGT5,MSigDB (original: REACTOME_GLUTATHIONE_CONJUGATION)
Glutathione_metabolism,GGT1,MSigDB (original: REACTOME_GLUTATHIONE_CONJUGATION)
Glutathione_metabolism,MGST1,MSigDB (original: REACTOME_GLUTATHIONE_CONJUGATION)
Glutathione_metabolism,CHAC2,MSigDB (original: REACTOME_GLUTATHIONE_CONJUGATION)
Glutathione_metabolism,GSTZ1,MSigDB (original: REACTOME_GLUTATHIONE_CONJUGATION)
Glutathione_metabolism,ESD,MSigDB (original: REACTOME_GLUTATHIONE_CONJUGATION)
Glutathione_metabolism,OPLAH,MSigDB (original: REACTOME_GLUTATHIONE_CONJUGATION)
Glutathione_metabolism,CNDP2,MSigDB (original: REACTOME_GLUTATHIONE_CONJUGATION)
Glutathione_metabolism,GSTO1,MSigDB (original: REACTOME_GLUTATHIONE_CONJUGATION)
Glutathione_metabolism,GSTO2,MSigDB (original: REACTOME_GLUTATHIONE_CONJUGATION)
Glutathione_metabolism,GSTA3,MSigDB (original: REACTOME_GLUTATHIONE_CONJUGATION)
Glutathione_metabolism,MGST3,MSigDB (original: REACTOME_GLUTATHIONE_CONJUGATION)
Glutathione_metabolism,CHAC1,MSigDB (original: REACTOME_GLUTATHIONE_CONJUGATION)
Glutathione_metabolism,GGT7,MSigDB (original: REACTOME_GLUTATHIONE_CONJUGATION)
Glutathione_metabolism,GSS,MSigDB (original: REACTOME_GLUTATHIONE_CONJUGATION)
Glutathione_metabolism,GSTM4,MSigDB (original: REACTOME_GLUTATHIONE_CONJUGATION)
Glutathione_metabolism,GCLM,MSigDB (original: REACTOME_GLUTATHIONE_CONJUGATION)
Glutathione_metabolism,AKR1A1,MSigDB (original: REACTOME_GLUTATHIONE_CONJUGATION)
Glutathione_metabolism,GSTK1,MSigDB (original: REACTOME_GLUTATHIONE_CONJUGATION)
Glutathione_metabolism,HPGDS,MSigDB (original: REACTOME_GLUTATHIONE_CONJUGATION)
Glutathione_metabolism,GCLC,MSigDB (original: REACTOME_GLUTATHIONE_CONJUGATION)
Glutathione_metabolism,GSTT2,MSigDB (original: REACTOME_GLUTATHIONE_CONJUGATION)
Glutathione_metabolism,GGT6,MSigDB (original: REACTOME_GLUTATHIONE_CONJUGATION)
Glutathione_metabolism,GSTM2,MSigDB (original: REACTOME_GLUTATHIONE_CONJUGATION)
Glutathione_metabolism,GSTA2,MSigDB (original: REACTOME_GLUTATHIONE_CONJUGATION)
Glutathione_metabolism,GSTM1,MSigDB (original: REACTOME_GLUTATHIONE_CONJUGATION)
Glutathione_metabolism,GSTP1,MSigDB (original: REACTOME_GLUTATHIONE_CONJUGATION)
Glutathione_metabolism,GSTM6,MSigDB (original: REACTOME_GLUTATHIONE_CONJUGATION)
Glutathione_metabolism,GSTA5,MSigDB (original: REACTOME_GLUTATHIONE_CONJUGATION)
Glutathione_metabolism,GSTA1,MSigDB (original: REACTOME_GLUTATHIONE_CONJUGATION)
Glutathione_metabolism,MGST2,MSigDB (original: REACTOME_GLUTATHIONE_CONJUGATION)
Glutathione_metabolism,GM3776,MSigDB (original: REACTOME_GLUTATHIONE_CONJUGATION)
Autophagy,TUBB6,MSigDB (original: REACTOME_MACROAUTOPHAGY)
Autophagy,TSC2,MSigDB (original: REACTOME_MACROAUTOPHAGY)
Autophagy,ATG4D,MSigDB (original: REACTOME_MACROAUTOPHAGY)
Autophagy,TOMM40,MSigDB (original: REACTOME_MACROAUTOPHAGY)
Autophagy,CHMP2B,MSigDB (original: REACTOME_MACROAUTOPHAGY)
Autophagy,PEX5,MSigDB (original: REACTOME_MACROAUTOPHAGY)
Autophagy,PRKAG3,MSigDB (original: REACTOME_MACROAUTOPHAGY)
Autophagy,UBC,MSigDB (original: REACTOME_MACROAUTOPHAGY)
Autophagy,DYNLL1,MSigDB (original: REACTOME_MACROAUTOPHAGY)
Autophagy,SQSTM1,MSigDB (original: REACTOME_MACROAUTOPHAGY)
Autophagy,TUBB1,MSigDB (original: REACTOME_MACROAUTOPHAGY)
Autophagy,NBR1,MSigDB (original: REACTOME_MACROAUTOPHAGY)
Autophagy,GABARAP,MSigDB (original: REACTOME_MACROAUTOPHAGY)
Autophagy,DYNC1H1,MSigDB (original: REACTOME_MACROAUTOPHAGY)
Autophagy,UBB,MSigDB (original: REACTOME_MACROAUTOPHAGY)
Autophagy,VDAC1,MSigDB (original: REACTOME_MACROAUTOPHAGY)
Autophagy,RPS27A,MSigDB (original: REACTOME_MACROAUTOPHAGY)
Autophagy,DYNLL2,MSigDB (original: REACTOME_MACROAUTOPHAGY)
Autophagy,TUBAL3,MSigDB (original: REACTOME_MACROAUTOPHAGY)
Autophagy,MTERF3,MSigDB (original: REACTOME_MACROAUTOPHAGY)
Autophagy,TOMM22,MSigDB (original: REACTOME_MACROAUTOPHAGY)
Autophagy,ATG3,MSigDB (original: REACTOME_MACROAUTOPHAGY)
Autophagy,TOMM70A,MSigDB (original: REACTOME_MACROAUTOPHAGY)
Autophagy,ARL13B,MSigDB (original: REACTOME_MACROAUTOPHAGY)
Autophagy,TUBA1B,MSigDB (original: REACTOME_MACROAUTOPHAGY)
Autophagy,PRKN,MSigDB (original: REACTOME_MACROAUTOPHAGY)
Autophagy,MLST8,MSigDB (original: REACTOME_MACROAUTOPHAGY)
Autophagy,CSNK2B,MSigDB (original: REACTOME_MACROAUTOPHAGY)
Autophagy,FUNDC1,MSigDB (original: REACTOME_MACROAUTOPHAGY)
Autophagy,WDR45B,MSigDB (original: REACTOME_MACROAUTOPHAGY)
Autophagy,CHMP6,MSigDB (original: REACTOME_MACROAUTOPHAGY)
Autophagy,RPTOR,MSigDB (original: REACTOME_MACROAUTOPHAGY)
Autophagy,RB1CC1,MSigDB (original: REACTOME_MACROAUTOPHAGY)
Autophagy,TUBA4A,MSigDB (original: REACTOME_MACROAUTOPHAGY)
Autophagy,ATG4B,MSigDB (original: REACTOME_MACROAUTOPHAGY)
Autophagy,ATG16L1,MSigDB (original: REACTOME_MACROAUTOPHAGY)
Autophagy,VIM,MSigDB (original: REACTOME_MACROAUTOPHAGY)
Autophagy,TSC1,MSigDB (original: REACTOME_MACROAUTOPHAGY)
Autophagy,DYNC1I2,MSigDB (original: REACTOME_MACROAUTOPHAGY)
Autophagy,ATG13,MSigDB (original: REACTOME_MACROAUTOPHAGY)
Autophagy,CHMP4C,MSigDB (original: REACTOME_MACROAUTOPHAGY)
Autophagy,MAP1LC3A,MSigDB (original: REACTOME_MACROAUTOPHAGY)
Autophagy,SRC,MSigDB (original: REACTOME_MACROAUTOPHAGY)
Autophagy,MFN1,MSigDB (original: REACTOME_MACROAUTOPHAGY)
Autophagy,LAMTOR2,MSigDB (original: REACTOME_MACROAUTOPHAGY)
Autophagy,RRAGD,MSigDB (original: REACTOME_MACROAUTOPHAGY)
Autophagy,PRKAA2,MSigDB (original: REACTOME_MACROAUTOPHAGY)
Autophagy,ATG4C,MSigDB (original: REACTOME_MACROAUTOPHAGY)
Autophagy,RRAGC,MSigDB (original: REACTOME_MACROAUTOPHAGY)
Autophagy,PINK1,MSigDB (original: REACTOME_MACROAUTOPHAGY)
Autophagy,PRKAG2,MSigDB (original: REACTOME_MACROAUTOPHAGY)
Autophagy,RHEB,MSigDB (original: REACTOME_MACROAUTOPHAGY)
Autophagy,PARK7,MSigDB (original: REACTOME_MACROAUTOPHAGY)
Autophagy,MTOR,MSigDB (original: REACTOME_MACROAUTOPHAGY)
Autophagy,TOMM7,MSigDB (original: REACTOME_MACROAUTOPHAGY)
Autophagy,MFN2,MSigDB (original: REACTOME_MACROAUTOPHAGY)
Autophagy,PGAM5,MSigDB (original: REACTOME_MACROAUTOPHAGY)
Autophagy,ULK1,MSigDB (original: REACTOME_MACROAUTOPHAGY)
Autophagy,PRKAB1,MSigDB (original: REACTOME_MACROAUTOPHAGY)
Autophagy,WIPI2,MSigDB (original: REACTOME_MACROAUTOPHAGY)
Autophagy,USP30,MSigDB (original: REACTOME_MACROAUTOPHAGY)
Autophagy,DYNC1I1,MSigDB (original: REACTOME_MACROAUTOPHAGY)
Autophagy,TUBA8,MSigDB (original: REACTOME_MACROAUTOPHAGY)
Autophagy,GABARAPL1,MSigDB (original: REACTOME_MACROAUTOPHAGY)
Autophagy,MTMR14,MSigDB (original: REACTOME_MACROAUTOPHAGY)
Autophagy,ATG7,MSigDB (original: REACTOME_MACROAUTOPHAGY)
Autophagy,LAMTOR1,MSigDB (original: REACTOME_MACROAUTOPHAGY)
Autophagy,HDAC6,MSigDB (original: REACTOME_MACROAUTOPHAGY)
Autophagy,MAP1LC3B,MSigDB (original: REACTOME_MACROAUTOPHAGY)
Autophagy,GABARAPL2,MSigDB (original: REACTOME_MACROAUTOPHAGY)
Autophagy,DYNC1LI1,MSigDB (original: REACTOME_MACROAUTOPHAGY)
Autophagy,PIK3R4,MSigDB (original: REACTOME_MACROAUTOPHAGY)
Autophagy,ATG12,MSigDB (original: REACTOME_MACROAUTOPHAGY)
Autophagy,ATG9A,MSigDB (original: REACTOME_MACROAUTOPHAGY)
Autophagy,TOMM6,MSigDB (original: REACTOME_MACROAUTOPHAGY)
Autophagy,PIK3C3,MSigDB (original: REACTOME_MACROAUTOPHAGY)
Autophagy,CHMP2A,MSigDB (original: REACTOME_MACROAUTOPHAGY)
Autophagy,CHMP7,MSigDB (original: REACTOME_MACROAUTOPHAGY)
Autophagy,ATM,MSigDB (original: REACTOME_MACROAUTOPHAGY)
Autophagy,MTMR3,MSigDB (original: REACTOME_MACROAUTOPHAGY)
Autophagy,BECN1,MSigDB (original: REACTOME_MACROAUTOPHAGY)
Autophagy,UVRAG,MSigDB (original: REACTOME_MACROAUTOPHAGY)
Autophagy,DYNC1LI2,MSigDB (original: REACTOME_MACROAUTOPHAGY)
Autophagy,TUBB4B,MSigDB (original: REACTOME_MACROAUTOPHAGY)
Autophagy,ATG101,MSigDB (original: REACTOME_MACROAUTOPHAGY)
Autophagy,ATG14,MSigDB (original: REACTOME_MACROAUTOPHAGY)
Autophagy,ATG5,MSigDB (original: REACTOME_MACROAUTOPHAGY)
Autophagy,PRKAB2,MSigDB (original: REACTOME_MACROAUTOPHAGY)
Autophagy,ATG9B,MSigDB (original: REACTOME_MACROAUTOPHAGY)
Autophagy,CHMP4B,MSigDB (original: REACTOME_MACROAUTOPHAGY)
Autophagy,WDR45,MSigDB (original: REACTOME_MACROAUTOPHAGY)
Autophagy,AMBRA1,MSigDB (original: REACTOME_MACROAUTOPHAGY)
Autophagy,CFTR,MSigDB (original: REACTOME_MACROAUTOPHAGY)
Autophagy,RRAGB,MSigDB (original: REACTOME_MACROAUTOPHAGY)
Autophagy,WIPI1,MSigDB (original: REACTOME_MACROAUTOPHAGY)
Autophagy,TUBA1C,MSigDB (original: REACTOME_MACROAUTOPHAGY)
Autophagy,TUBB2B,MSigDB (original: REACTOME_MACROAUTOPHAGY)
Autophagy,CSNK2A2,MSigDB (original: REACTOME_MACROAUTOPHAGY)
Autophagy,SLC38A9,MSigDB (original: REACTOME_MACROAUTOPHAGY)
Autophagy,LAMTOR4,MSigDB (original: REACTOME_MACROAUTOPHAGY)
Autophagy,PRKAA1,MSigDB (original: REACTOME_MACROAUTOPHAGY)
Autophagy,CETN1,MSigDB (original: REACTOME_MACROAUTOPHAGY)
Autophagy,CHMP3,MSigDB (original: REACTOME_MACROAUTOPHAGY)
Autophagy,TUBB2A,MSigDB (original: REACTOME_MACROAUTOPHAGY)
Autophagy,TUBB3,MSigDB (original: REACTOME_MACROAUTOPHAGY)
Autophagy,TUBB4A,MSigDB (original: REACTOME_MACROAUTOPHAGY)
Autophagy,TUBA3B,MSigDB (original: REACTOME_MACROAUTOPHAGY)
Autophagy,TUBA3A,MSigDB (original: REACTOME_MACROAUTOPHAGY)
Autophagy,PRKAG1,MSigDB (original: REACTOME_MACROAUTOPHAGY)
Autophagy,GM11808,MSigDB (original: REACTOME_MACROAUTOPHAGY)
Autophagy,RRAGA,MSigDB (original: REACTOME_MACROAUTOPHAGY)
Autophagy,TUBA1A,MSigDB (original: REACTOME_MACROAUTOPHAGY)
Autophagy,CSNK2A1,MSigDB (original: REACTOME_MACROAUTOPHAGY)
Autophagy,UBE2N,MSigDB (original: REACTOME_MACROAUTOPHAGY)
Autophagy,TOMM5,MSigDB (original: REACTOME_MACROAUTOPHAGY)
Autophagy,UBE2V1,MSigDB (original: REACTOME_MACROAUTOPHAGY)
Autophagy,ATG4A,MSigDB (original: REACTOME_MACROAUTOPHAGY)
Autophagy,LAMTOR5,MSigDB (original: REACTOME_MACROAUTOPHAGY)
Autophagy,UBA52,MSigDB (original: REACTOME_MACROAUTOPHAGY)
Autophagy,LAMTOR3,MSigDB (original: REACTOME_MACROAUTOPHAGY)
Autophagy,TOMM20,MSigDB (original: REACTOME_MACROAUTOPHAGY)
mTOR_signaling,AKT1,MSigDB (original: REACTOME_MTOR_SIGNALLING)
mTOR_signaling,TSC2,MSigDB (original: REACTOME_MTOR_SIGNALLING)
mTOR_signaling,STK11,MSigDB (original: REACTOME_MTOR_SIGNALLING)
mTOR_signaling,AKT2,MSigDB (original: REACTOME_MTOR_SIGNALLING)
mTOR_signaling,PRKAG3,MSigDB (original: REACTOME_MTOR_SIGNALLING)
mTOR_signaling,AKT1S1,MSigDB (original: REACTOME_MTOR_SIGNALLING)
mTOR_signaling,YWHAB,MSigDB (original: REACTOME_MTOR_SIGNALLING)
mTOR_signaling,RPS6KB1,MSigDB (original: REACTOME_MTOR_SIGNALLING)
mTOR_signaling,PPM1A,MSigDB (original: REACTOME_MTOR_SIGNALLING)
mTOR_signaling,CAB39L,MSigDB (original: REACTOME_MTOR_SIGNALLING)
mTOR_signaling,MLST8,MSigDB (original: REACTOME_MTOR_SIGNALLING)
mTOR_signaling,RPTOR,MSigDB (original: REACTOME_MTOR_SIGNALLING)
mTOR_signaling,STRADB,MSigDB (original: REACTOME_MTOR_SIGNALLING)
mTOR_signaling,TSC1,MSigDB (original: REACTOME_MTOR_SIGNALLING)
mTOR_signaling,LAMTOR2,MSigDB (original: REACTOME_MTOR_SIGNALLING)
mTOR_signaling,EIF4E,MSigDB (original: REACTOME_MTOR_SIGNALLING)
mTOR_signaling,RRAGD,MSigDB (original: REACTOME_MTOR_SIGNALLING)
mTOR_signaling,RPS6,MSigDB (original: REACTOME_MTOR_SIGNALLING)
mTOR_signaling,PRKAA2,MSigDB (original: REACTOME_MTOR_SIGNALLING)
mTOR_signaling,RRAGC,MSigDB (original: REACTOME_MTOR_SIGNALLING)
mTOR_signaling,PRKAG2,MSigDB (original: REACTOME_MTOR_SIGNALLING)
mTOR_signaling,RHEB,MSigDB (original: REACTOME_MTOR_SIGNALLING)
mTOR_signaling,MTOR,MSigDB (original: REACTOME_MTOR_SIGNALLING)
mTOR_signaling,PRKAB1,MSigDB (original: REACTOME_MTOR_SIGNALLING)
mTOR_signaling,LAMTOR1,MSigDB (original: REACTOME_MTOR_SIGNALLING)
mTOR_signaling,EIF4EBP1,MSigDB (original: REACTOME_MTOR_SIGNALLING)
mTOR_signaling,FKBP1A,MSigDB (original: REACTOME_MTOR_SIGNALLING)
mTOR_signaling,EEF2K,MSigDB (original: REACTOME_MTOR_SIGNALLING)
mTOR_signaling,CAB39,MSigDB (original: REACTOME_MTOR_SIGNALLING)
mTOR_signaling,PRKAB2,MSigDB (original: REACTOME_MTOR_SIGNALLING)
mTOR_signaling,RRAGB,MSigDB (original: REACTOME_MTOR_SIGNALLING)
mTOR_signaling,EIF4G1,MSigDB (original: REACTOME_MTOR_SIGNALLING)
mTOR_signaling,SLC38A9,MSigDB (original: REACTOME_MTOR_SIGNALLING)
mTOR_signaling,LAMTOR4,MSigDB (original: REACTOME_MTOR_SIGNALLING)
mTOR_signaling,PRKAA1,MSigDB (original: REACTOME_MTOR_SIGNALLING)
mTOR_signaling,EIF4B,MSigDB (original: REACTOME_MTOR_SIGNALLING)
mTOR_signaling,PRKAG1,MSigDB (original: REACTOME_MTOR_SIGNALLING)
mTOR_signaling,STRADA,MSigDB (original: REACTOME_MTOR_SIGNALLING)
mTOR_signaling,RRAGA,MSigDB (original: REACTOME_MTOR_SIGNALLING)
mTOR_signaling,LAMTOR5,MSigDB (original: REACTOME_MTOR_SIGNALLING)
mTOR_signaling,LAMTOR3,MSigDB (original: REACTOME_MTOR_SIGNALLING)
mTOR_signaling,AKT1S1,MSigDB (original: REACTOME_MTORC1_MEDIATED_SIGNALLING)
mTOR_signaling,YWHAB,MSigDB (original: REACTOME_MTORC1_MEDIATED_SIGNALLING)
mTOR_signaling,RPS6KB1,MSigDB (original: REACTOME_MTORC1_MEDIATED_SIGNALLING)
mTOR_signaling,MLST8,MSigDB (original: REACTOME_MTORC1_MEDIATED_SIGNALLING)
mTOR_signaling,RPTOR,MSigDB (original: REACTOME_MTORC1_MEDIATED_SIGNALLING)
mTOR_signaling,LAMTOR2,MSigDB (original: REACTOME_MTORC1_MEDIATED_SIGNALLING)
mTOR_signaling,EIF4E,MSigDB (original: REACTOME_MTORC1_MEDIATED_SIGNALLING)
mTOR_signaling,RRAGD,MSigDB (original: REACTOME_MTORC1_MEDIATED_SIGNALLING)
mTOR_signaling,RPS6,MSigDB (original: REACTOME_MTORC1_MEDIATED_SIGNALLING)
mTOR_signaling,RRAGC,MSigDB (original: REACTOME_MTORC1_MEDIATED_SIGNALLING)
mTOR_signaling,RHEB,MSigDB (original: REACTOME_MTORC1_MEDIATED_SIGNALLING)
mTOR_signaling,MTOR,MSigDB (original: REACTOME_MTORC1_MEDIATED_SIGNALLING)
mTOR_signaling,LAMTOR1,MSigDB (original: REACTOME_MTORC1_MEDIATED_SIGNALLING)
mTOR_signaling,EIF4EBP1,MSigDB (original: REACTOME_MTORC1_MEDIATED_SIGNALLING)
mTOR_signaling,FKBP1A,MSigDB (original: REACTOME_MTORC1_MEDIATED_SIGNALLING)
mTOR_signaling,EEF2K,MSigDB (original: REACTOME_MTORC1_MEDIATED_SIGNALLING)
mTOR_signaling,RRAGB,MSigDB (original: REACTOME_MTORC1_MEDIATED_SIGNALLING)
mTOR_signaling,EIF4G1,MSigDB (original: REACTOME_MTORC1_MEDIATED_SIGNALLING)
mTOR_signaling,SLC38A9,MSigDB (original: REACTOME_MTORC1_MEDIATED_SIGNALLING)
mTOR_signaling,LAMTOR4,MSigDB (original: REACTOME_MTORC1_MEDIATED_SIGNALLING)
mTOR_signaling,EIF4B,MSigDB (original: REACTOME_MTORC1_MEDIATED_SIGNALLING)
mTOR_signaling,RRAGA,MSigDB (original: REACTOME_MTORC1_MEDIATED_SIGNALLING)
mTOR_signaling,LAMTOR5,MSigDB (original: REACTOME_MTORC1_MEDIATED_SIGNALLING)
mTOR_signaling,LAMTOR3,MSigDB (original: REACTOME_MTORC1_MEDIATED_SIGNALLING)
MAPK_signaling,MAPKAPK2,MSigDB (original: REACTOME_P38MAPK_EVENTS)
MAPK_signaling,HRAS,MSigDB (original: REACTOME_P38MAPK_EVENTS)
MAPK_signaling,RALGDS,MSigDB (original: REACTOME_P38MAPK_EVENTS)
MAPK_signaling,KRAS,MSigDB (original: REACTOME_P38MAPK_EVENTS)
MAPK_signaling,MAPKAPK3,MSigDB (original: REACTOME_P38MAPK_EVENTS)
MAPK_signaling,MAPK11,MSigDB (original: REACTOME_P38MAPK_EVENTS)
MAPK_signaling,MAPK14,MSigDB (original: REACTOME_P38MAPK_EVENTS)
Glutathione_metabolism,GGCT,MSigDB (original: REACTOME_GLUTATHIONE_SYNTHESIS_AND_RECYCLING)
Glutathione_metabolism,GGT5,MSigDB (original: REACTOME_GLUTATHIONE_SYNTHESIS_AND_RECYCLING)
Glutathione_metabolism,GGT1,MSigDB (original: REACTOME_GLUTATHIONE_SYNTHESIS_AND_RECYCLING)
Glutathione_metabolism,CHAC2,MSigDB (original: REACTOME_GLUTATHIONE_SYNTHESIS_AND_RECYCLING)
Glutathione_metabolism,OPLAH,MSigDB (original: REACTOME_GLUTATHIONE_SYNTHESIS_AND_RECYCLING)
Glutathione_metabolism,CNDP2,MSigDB (original: REACTOME_GLUTATHIONE_SYNTHESIS_AND_RECYCLING)
Glutathione_metabolism,CHAC1,MSigDB (original: REACTOME_GLUTATHIONE_SYNTHESIS_AND_RECYCLING)
Glutathione_metabolism,GGT7,MSigDB (original: REACTOME_GLUTATHIONE_SYNTHESIS_AND_RECYCLING)
Glutathione_metabolism,GSS,MSigDB (original: REACTOME_GLUTATHIONE_SYNTHESIS_AND_RECYCLING)
Glutathione_metabolism,GCLM,MSigDB (original: REACTOME_GLUTATHIONE_SYNTHESIS_AND_RECYCLING)
Glutathione_metabolism,GCLC,MSigDB (original: REACTOME_GLUTATHIONE_SYNTHESIS_AND_RECYCLING)
Glutathione_metabolism,GGT6,MSigDB (original: REACTOME_GLUTATHIONE_SYNTHESIS_AND_RECYCLING)
MAPK_signaling,MAPK7,MSigDB (original: REACTOME_ERK_MAPK_TARGETS)
MAPK_signaling,VRK3,MSigDB (original: REACTOME_ERK_MAPK_TARGETS)
MAPK_signaling,DUSP3,MSigDB (original: REACTOME_ERK_MAPK_TARGETS)
MAPK_signaling,RPS6KA1,MSigDB (original: REACTOME_ERK_MAPK_TARGETS)
MAPK_signaling,PPP2R1A,MSigDB (original: REACTOME_ERK_MAPK_TARGETS)
MAPK_signaling,PPP2CB,MSigDB (original: REACTOME_ERK_MAPK_TARGETS)
MAPK_signaling,DUSP6,MSigDB (original: REACTOME_ERK_MAPK_TARGETS)
MAPK_signaling,PPP2CA,MSigDB (original: REACTOME_ERK_MAPK_TARGETS)
MAPK_signaling,RPS6KA5,MSigDB (original: REACTOME_ERK_MAPK_TARGETS)
MAPK_signaling,RPS6KA2,MSigDB (original: REACTOME_ERK_MAPK_TARGETS)
MAPK_signaling,RPS6KA3,MSigDB (original: REACTOME_ERK_MAPK_TARGETS)
MAPK_signaling,DUSP4,MSigDB (original: REACTOME_ERK_MAPK_TARGETS)
MAPK_signaling,PPP2R1B,MSigDB (original: REACTOME_ERK_MAPK_TARGETS)
MAPK_signaling,MAPK11,MSigDB (original: REACTOME_ERK_MAPK_TARGETS)
MAPK_signaling,MAPK14,MSigDB (original: REACTOME_ERK_MAPK_TARGETS)
MAPK_signaling,DUSP7,MSigDB (original: REACTOME_ERK_MAPK_TARGETS)
MAPK_signaling,PPP2R5D,MSigDB (original: REACTOME_ERK_MAPK_TARGETS)
MAPK_signaling,MAPK3,MSigDB (original: REACTOME_ERK_MAPK_TARGETS)
MAPK_signaling,MAPK1,MSigDB (original: REACTOME_ERK_MAPK_TARGETS)
MAPK_signaling,RAC1,MSigDB (original: REACTOME_FCERI_MEDIATED_MAPK_ACTIVATION)
MAPK_signaling,LCP2,MSigDB (original: REACTOME_FCERI_MEDIATED_MAPK_ACTIVATION)
MAPK_signaling,MAP2K7,MSigDB (original: REACTOME_FCERI_MEDIATED_MAPK_ACTIVATION)
MAPK_signaling,FCER1A,MSigDB (original: REACTOME_FCERI_MEDIATED_MAPK_ACTIVATION)
MAPK_signaling,VAV2,MSigDB (original: REACTOME_FCERI_MEDIATED_MAPK_ACTIVATION)
MAPK_signaling,PLCG1,MSigDB (original: REACTOME_FCERI_MEDIATED_MAPK_ACTIVATION)
MAPK_signaling,MAPK9,MSigDB (original: REACTOME_FCERI_MEDIATED_MAPK_ACTIVATION)
MAPK_signaling,FOS,MSigDB (original: REACTOME_FCERI_MEDIATED_MAPK_ACTIVATION)
MAPK_signaling,SYK,MSigDB (original: REACTOME_FCERI_MEDIATED_MAPK_ACTIVATION)
MAPK_signaling,MAPK8,MSigDB (original: REACTOME_FCERI_MEDIATED_MAPK_ACTIVATION)
MAPK_signaling,PAK2,MSigDB (original: REACTOME_FCERI_MEDIATED_MAPK_ACTIVATION)
MAPK_signaling,SOS1,MSigDB (original: REACTOME_FCERI_MEDIATED_MAPK_ACTIVATION)
MAPK_signaling,MS4A2,MSigDB (original: REACTOME_FCERI_MEDIATED_MAPK_ACTIVATION)
MAPK_signaling,HRAS,MSigDB (original: REACTOME_FCERI_MEDIATED_MAPK_ACTIVATION)
MAPK_signaling,KRAS,MSigDB (original: REACTOME_FCERI_MEDIATED_MAPK_ACTIVATION)
MAPK_signaling,LAT,MSigDB (original: REACTOME_FCERI_MEDIATED_MAPK_ACTIVATION)
MAPK_signaling,PAK1,MSigDB (original: REACTOME_FCERI_MEDIATED_MAPK_ACTIVATION)
MAPK_signaling,MAP2K4,MSigDB (original: REACTOME_FCERI_MEDIATED_MAPK_ACTIVATION)
MAPK_signaling,VAV3,MSigDB (original: REACTOME_FCERI_MEDIATED_MAPK_ACTIVATION)
MAPK_signaling,VAV1,MSigDB (original: REACTOME_FCERI_MEDIATED_MAPK_ACTIVATION)
MAPK_signaling,PLCG2,MSigDB (original: REACTOME_FCERI_MEDIATED_MAPK_ACTIVATION)
MAPK_signaling,LYN,MSigDB (original: REACTOME_FCERI_MEDIATED_MAPK_ACTIVATION)
MAPK_signaling,GRAP2,MSigDB (original: REACTOME_FCERI_MEDIATED_MAPK_ACTIVATION)
MAPK_signaling,SHC1,MSigDB (original: REACTOME_FCERI_MEDIATED_MAPK_ACTIVATION)
MAPK_signaling,MAPK10,MSigDB (original: REACTOME_FCERI_MEDIATED_MAPK_ACTIVATION)
MAPK_signaling,JUN,MSigDB (original: REACTOME_FCERI_MEDIATED_MAPK_ACTIVATION)
MAPK_signaling,FCER1G,MSigDB (original: REACTOME_FCERI_MEDIATED_MAPK_ACTIVATION)
MAPK_signaling,GRB2,MSigDB (original: REACTOME_FCERI_MEDIATED_MAPK_ACTIVATION)
MAPK_signaling,MAPK3,MSigDB (original: REACTOME_FCERI_MEDIATED_MAPK_ACTIVATION)
MAPK_signaling,MAPK1,MSigDB (original: REACTOME_FCERI_MEDIATED_MAPK_ACTIVATION)
MAPK_signaling,IGLL1,MSigDB (original: REACTOME_FCERI_MEDIATED_MAPK_ACTIVATION)
MAPK_signaling,IGKV2-137,MSigDB (original: REACTOME_FCERI_MEDIATED_MAPK_ACTIVATION)
MAPK_signaling,IGKV1-131,MSigDB (original: REACTOME_FCERI_MEDIATED_MAPK_ACTIVATION)
MAPK_signaling,IGKV17-127,MSigDB (original: REACTOME_FCERI_MEDIATED_MAPK_ACTIVATION)
MAPK_signaling,IGKV17-121,MSigDB (original: REACTOME_FCERI_MEDIATED_MAPK_ACTIVATION)
MAPK_signaling,IGKV2-112,MSigDB (original: REACTOME_FCERI_MEDIATED_MAPK_ACTIVATION)
MAPK_signaling,IGKV15-103,MSigDB (original: REACTOME_FCERI_MEDIATED_MAPK_ACTIVATION)
MAPK_signaling,IGKV1-99,MSigDB (original: REACTOME_FCERI_MEDIATED_MAPK_ACTIVATION)
MAPK_signaling,IGKV12-98,MSigDB (original: REACTOME_FCERI_MEDIATED_MAPK_ACTIVATION)
MAPK_signaling,IGKV1-88,MSigDB (original: REACTOME_FCERI_MEDIATED_MAPK_ACTIVATION)
MAPK_signaling,IGKV13-84,MSigDB (original: REACTOME_FCERI_MEDIATED_MAPK_ACTIVATION)
MAPK_signaling,IGKV18-36,MSigDB (original: REACTOME_FCERI_MEDIATED_MAPK_ACTIVATION)
MAPK_signaling,IGKV1-35,MSigDB (original: REACTOME_FCERI_MEDIATED_MAPK_ACTIVATION)
MAPK_signaling,IGKV8-21,MSigDB (original: REACTOME_FCERI_MEDIATED_MAPK_ACTIVATION)
MAPK_signaling,IGHV5-2,MSigDB (original: REACTOME_FCERI_MEDIATED_MAPK_ACTIVATION)
MAPK_signaling,IGHV4-1,MSigDB (original: REACTOME_FCERI_MEDIATED_MAPK_ACTIVATION)
MAPK_signaling,IGHV14-4,MSigDB (original: REACTOME_FCERI_MEDIATED_MAPK_ACTIVATION)
MAPK_signaling,IGHV3-6,MSigDB (original: REACTOME_FCERI_MEDIATED_MAPK_ACTIVATION)
MAPK_signaling,IGHV3-8,MSigDB (original: REACTOME_FCERI_MEDIATED_MAPK_ACTIVATION)
MAPK_signaling,IGHV12-3,MSigDB (original: REACTOME_FCERI_MEDIATED_MAPK_ACTIVATION)
MAPK_signaling,IGHV15-2,MSigDB (original: REACTOME_FCERI_MEDIATED_MAPK_ACTIVATION)
MAPK_signaling,IGHV1-18,MSigDB (original: REACTOME_FCERI_MEDIATED_MAPK_ACTIVATION)
MAPK_signaling,IGHV1-47,MSigDB (original: REACTOME_FCERI_MEDIATED_MAPK_ACTIVATION)
MAPK_signaling,IGHV1-49,MSigDB (original: REACTOME_FCERI_MEDIATED_MAPK_ACTIVATION)
MAPK_signaling,IGHV8-12,MSigDB (original: REACTOME_FCERI_MEDIATED_MAPK_ACTIVATION)
MAPK_signaling,IGHV8-13,MSigDB (original: REACTOME_FCERI_MEDIATED_MAPK_ACTIVATION)
MAPK_signaling,IGLC2,MSigDB (original: REACTOME_FCERI_MEDIATED_MAPK_ACTIVATION)
MAPK_signaling,IGKV13-85,MSigDB (original: REACTOME_FCERI_MEDIATED_MAPK_ACTIVATION)
MAPK_signaling,IGHE,MSigDB (original: REACTOME_FCERI_MEDIATED_MAPK_ACTIVATION)
MAPK_signaling,IGHV3-1,MSigDB (original: REACTOME_FCERI_MEDIATED_MAPK_ACTIVATION)
MAPK_signaling,IGKV1-110,MSigDB (original: REACTOME_FCERI_MEDIATED_MAPK_ACTIVATION)
MAPK_signaling,IGHV1-53,MSigDB (original: REACTOME_FCERI_MEDIATED_MAPK_ACTIVATION)
MAPK_signaling,IGHV1-76,MSigDB (original: REACTOME_FCERI_MEDIATED_MAPK_ACTIVATION)
MAPK_signaling,IGHV1-34,MSigDB (original: REACTOME_FCERI_MEDIATED_MAPK_ACTIVATION)
MAPK_signaling,IGHV3-3,MSigDB (original: REACTOME_FCERI_MEDIATED_MAPK_ACTIVATION)
MAPK_signaling,IGHV1-36,MSigDB (original: REACTOME_FCERI_MEDIATED_MAPK_ACTIVATION)
MAPK_signaling,IGHV1-80,MSigDB (original: REACTOME_FCERI_MEDIATED_MAPK_ACTIVATION)
MAPK_signaling,IGHV1-61,MSigDB (original: REACTOME_FCERI_MEDIATED_MAPK_ACTIVATION)
MAPK_signaling,IGHV1-64,MSigDB (original: REACTOME_FCERI_MEDIATED_MAPK_ACTIVATION)
MAPK_signaling,IGHV1-74,MSigDB (original: REACTOME_FCERI_MEDIATED_MAPK_ACTIVATION)
MAPK_signaling,IGHV5-15,MSigDB (original: REACTOME_FCERI_MEDIATED_MAPK_ACTIVATION)
MAPK_signaling,IGHV5-16,MSigDB (original: REACTOME_FCERI_MEDIATED_MAPK_ACTIVATION)
MAPK_signaling,IGHV1-50,MSigDB (original: REACTOME_FCERI_MEDIATED_MAPK_ACTIVATION)
MAPK_signaling,IGHV1-24,MSigDB (original: REACTOME_FCERI_MEDIATED_MAPK_ACTIVATION)
MAPK_signaling,IGKV1-117,MSigDB (original: REACTOME_FCERI_MEDIATED_MAPK_ACTIVATION)
MAPK_signaling,IGKV14-126,MSigDB (original: REACTOME_FCERI_MEDIATED_MAPK_ACTIVATION)
MAPK_signaling,IGKV1-133,MSigDB (original: REACTOME_FCERI_MEDIATED_MAPK_ACTIVATION)
MAPK_signaling,IGHV1-69,MSigDB (original: REACTOME_FCERI_MEDIATED_MAPK_ACTIVATION)
MAPK_signaling,IGHV8-6,MSigDB (original: REACTOME_FCERI_MEDIATED_MAPK_ACTIVATION)
MAPK_signaling,IGHV14-1,MSigDB (original: REACTOME_FCERI_MEDIATED_MAPK_ACTIVATION)
MAPK_signaling,IGHV11-1,MSigDB (original: REACTOME_FCERI_MEDIATED_MAPK_ACTIVATION)
MAPK_signaling,IGHV1-26,MSigDB (original: REACTOME_FCERI_MEDIATED_MAPK_ACTIVATION)
MAPK_signaling,IGHV1-22,MSigDB (original: REACTOME_FCERI_MEDIATED_MAPK_ACTIVATION)
MAPK_signaling,IGHV1-42,MSigDB (original: REACTOME_FCERI_MEDIATED_MAPK_ACTIVATION)
MAPK_signaling,IGHV1-81,MSigDB (original: REACTOME_FCERI_MEDIATED_MAPK_ACTIVATION)
MAPK_signaling,IGHV1-9,MSigDB (original: REACTOME_FCERI_MEDIATED_MAPK_ACTIVATION)
MAPK_signaling,IGHV1-54,MSigDB (original: REACTOME_FCERI_MEDIATED_MAPK_ACTIVATION)
MAPK_signaling,IGHV1-56,MSigDB (original: REACTOME_FCERI_MEDIATED_MAPK_ACTIVATION)
MAPK_signaling,IGHV1-84,MSigDB (original: REACTOME_FCERI_MEDIATED_MAPK_ACTIVATION)
MAPK_signaling,IGHV5-6,MSigDB (original: REACTOME_FCERI_MEDIATED_MAPK_ACTIVATION)
MAPK_signaling,IGHV8-9,MSigDB (original: REACTOME_FCERI_MEDIATED_MAPK_ACTIVATION)
MAPK_signaling,IGHV1-82,MSigDB (original: REACTOME_FCERI_MEDIATED_MAPK_ACTIVATION)
MAPK_signaling,IGHV1-39,MSigDB (original: REACTOME_FCERI_MEDIATED_MAPK_ACTIVATION)
MAPK_signaling,IGHV8-11,MSigDB (original: REACTOME_FCERI_MEDIATED_MAPK_ACTIVATION)
MAPK_signaling,IGHV1-59,MSigDB (original: REACTOME_FCERI_MEDIATED_MAPK_ACTIVATION)
MAPK_signaling,IGHV1-7,MSigDB (original: REACTOME_FCERI_MEDIATED_MAPK_ACTIVATION)
MAPK_signaling,IGHV1-52,MSigDB (original: REACTOME_FCERI_MEDIATED_MAPK_ACTIVATION)
MAPK_signaling,IGHV5-9-1,MSigDB (original: REACTOME_FCERI_MEDIATED_MAPK_ACTIVATION)
MAPK_signaling,IGHV5-9,MSigDB (original: REACTOME_FCERI_MEDIATED_MAPK_ACTIVATION)
MAPK_signaling,IGHV1-12,MSigDB (original: REACTOME_FCERI_MEDIATED_MAPK_ACTIVATION)
MAPK_signaling,IGHV5-12,MSigDB (original: REACTOME_FCERI_MEDIATED_MAPK_ACTIVATION)
MAPK_signaling,IGHV1-4,MSigDB (original: REACTOME_FCERI_MEDIATED_MAPK_ACTIVATION)
MAPK_signaling,IGKV1-122,MSigDB (original: REACTOME_FCERI_MEDIATED_MAPK_ACTIVATION)
MAPK_signaling,IGHV1-66,MSigDB (original: REACTOME_FCERI_MEDIATED_MAPK_ACTIVATION)
MAPK_signaling,IGHV1-16,MSigDB (original: REACTOME_FCERI_MEDIATED_MAPK_ACTIVATION)
MAPK_signaling,IGHV5-17,MSigDB (original: REACTOME_FCERI_MEDIATED_MAPK_ACTIVATION)
MAPK_signaling,IGHV14-2,MSigDB (original: REACTOME_FCERI_MEDIATED_MAPK_ACTIVATION)
MAPK_signaling,IGHV1-55,MSigDB (original: REACTOME_FCERI_MEDIATED_MAPK_ACTIVATION)
MAPK_signaling,IGHV5-4,MSigDB (original: REACTOME_FCERI_MEDIATED_MAPK_ACTIVATION)
MAPK_signaling,IGHV14-3,MSigDB (original: REACTOME_FCERI_MEDIATED_MAPK_ACTIVATION)
MAPK_signaling,IGHV1-20,MSigDB (original: REACTOME_FCERI_MEDIATED_MAPK_ACTIVATION)
MAPK_signaling,IGKV14-111,MSigDB (original: REACTOME_FCERI_MEDIATED_MAPK_ACTIVATION)
MAPK_signaling,IGHV1-43,MSigDB (original: REACTOME_FCERI_MEDIATED_MAPK_ACTIVATION)
MAPK_signaling,IGHV1-67,MSigDB (original: REACTOME_FCERI_MEDIATED_MAPK_ACTIVATION)
MAPK_signaling,IGHV1-58,MSigDB (original: REACTOME_FCERI_MEDIATED_MAPK_ACTIVATION)
MAPK_signaling,IGHV1-37,MSigDB (original: REACTOME_FCERI_MEDIATED_MAPK_ACTIVATION)
MAPK_signaling,IGHV1-75,MSigDB (original: REACTOME_FCERI_MEDIATED_MAPK_ACTIVATION)
MAPK_signaling,IGHV1-72,MSigDB (original: REACTOME_FCERI_MEDIATED_MAPK_ACTIVATION)
MAPK_signaling,IGHV1-62-2,MSigDB (original: REACTOME_FCERI_MEDIATED_MAPK_ACTIVATION)
MAPK_signaling,IGHV11-2,MSigDB (original: REACTOME_FCERI_MEDIATED_MAPK_ACTIVATION)
MAPK_signaling,IGHV1-85,MSigDB (original: REACTOME_FCERI_MEDIATED_MAPK_ACTIVATION)
MAPK_signaling,IGHV1-78,MSigDB (original: REACTOME_FCERI_MEDIATED_MAPK_ACTIVATION)
MAPK_signaling,IGKV1-135,MSigDB (original: REACTOME_FCERI_MEDIATED_MAPK_ACTIVATION)
MAPK_signaling,IGHV8-4,MSigDB (original: REACTOME_FCERI_MEDIATED_MAPK_ACTIVATION)
MAPK_signaling,IGHV1-19,MSigDB (original: REACTOME_FCERI_MEDIATED_MAPK_ACTIVATION)
MAPK_signaling,IGHV1-77,MSigDB (original: REACTOME_FCERI_MEDIATED_MAPK_ACTIVATION)
MAPK_signaling,IGKV14-130,MSigDB (original: REACTOME_FCERI_MEDIATED_MAPK_ACTIVATION)
MAPK_signaling,IGHV1-5,MSigDB (original: REACTOME_FCERI_MEDIATED_MAPK_ACTIVATION)
MAPK_signaling,IGKV14-100,MSigDB (original: REACTOME_FCERI_MEDIATED_MAPK_ACTIVATION)
MAPK_signaling,IGHV1-71,MSigDB (original: REACTOME_FCERI_MEDIATED_MAPK_ACTIVATION)
MAPK_signaling,IGKV1-132,MSigDB (original: REACTOME_FCERI_MEDIATED_MAPK_ACTIVATION)
MAPK_signaling,IGHV1-31,MSigDB (original: REACTOME_FCERI_MEDIATED_MAPK_ACTIVATION)
MAPK_signaling,IGHV1-63,MSigDB (original: REACTOME_FCERI_MEDIATED_MAPK_ACTIVATION)
MAPK_signaling,IGHV1-62-3,MSigDB (original: REACTOME_FCERI_MEDIATED_MAPK_ACTIVATION)
MAPK_signaling,IGHV8-2,MSigDB (original: REACTOME_FCERI_MEDIATED_MAPK_ACTIVATION)
MAPK_signaling,IGHV8-5,MSigDB (original: REACTOME_FCERI_MEDIATED_MAPK_ACTIVATION)
MAPK_signaling,IGHV1-11,MSigDB (original: REACTOME_FCERI_MEDIATED_MAPK_ACTIVATION)
MAPK_signaling,IGHV5-12-4,MSigDB (original: REACTOME_FCERI_MEDIATED_MAPK_ACTIVATION)
MAPK_signaling,IGHV1-15,MSigDB (original: REACTOME_FCERI_MEDIATED_MAPK_ACTIVATION)
MAPK_signaling,IGHV1-23,MSigDB (original: REACTOME_FCERI_MEDIATED_MAPK_ACTIVATION)
MAPK_signaling,IGHV3-4,MSigDB (original: REACTOME_FCERI_MEDIATED_MAPK_ACTIVATION)
MAPK_signaling,IGHV8-8,MSigDB (original: REACTOME_FCERI_MEDIATED_MAPK_ACTIVATION)
MAPK_signaling,IGLC1,MSigDB (original: REACTOME_FCERI_MEDIATED_MAPK_ACTIVATION)
MAPK_signaling,IGKV20-101-2,MSigDB (original: REACTOME_FCERI_MEDIATED_MAPK_ACTIVATION)
MAPK_signaling,VWF,MSigDB (original: REACTOME_GRB2_SOS_PROVIDES_LINKAGE_TO_MAPK_SIGNALING_FOR_INTEGRINS)
MAPK_signaling,ITGB3,MSigDB (original: REACTOME_GRB2_SOS_PROVIDES_LINKAGE_TO_MAPK_SIGNALING_FOR_INTEGRINS)
MAPK_signaling,PTK2,MSigDB (original: REACTOME_GRB2_SOS_PROVIDES_LINKAGE_TO_MAPK_SIGNALING_FOR_INTEGRINS)
MAPK_signaling,SOS1,MSigDB (original: REACTOME_GRB2_SOS_PROVIDES_LINKAGE_TO_MAPK_SIGNALING_FOR_INTEGRINS)
MAPK_signaling,FN1,MSigDB (original: REACTOME_GRB2_SOS_PROVIDES_LINKAGE_TO_MAPK_SIGNALING_FOR_INTEGRINS)
MAPK_signaling,APBB1IP,MSigDB (original: REACTOME_GRB2_SOS_PROVIDES_LINKAGE_TO_MAPK_SIGNALING_FOR_INTEGRINS)
MAPK_signaling,SRC,MSigDB (original: REACTOME_GRB2_SOS_PROVIDES_LINKAGE_TO_MAPK_SIGNALING_FOR_INTEGRINS)
MAPK_signaling,FGA,MSigDB (original: REACTOME_GRB2_SOS_PROVIDES_LINKAGE_TO_MAPK_SIGNALING_FOR_INTEGRINS)
MAPK_signaling,TLN1,MSigDB (original: REACTOME_GRB2_SOS_PROVIDES_LINKAGE_TO_MAPK_SIGNALING_FOR_INTEGRINS)
MAPK_signaling,FGB,MSigDB (original: REACTOME_GRB2_SOS_PROVIDES_LINKAGE_TO_MAPK_SIGNALING_FOR_INTEGRINS)
MAPK_signaling,FGG,MSigDB (original: REACTOME_GRB2_SOS_PROVIDES_LINKAGE_TO_MAPK_SIGNALING_FOR_INTEGRINS)
MAPK_signaling,ITGA2B,MSigDB (original: REACTOME_GRB2_SOS_PROVIDES_LINKAGE_TO_MAPK_SIGNALING_FOR_INTEGRINS)
MAPK_signaling,RAP1B,MSigDB (original: REACTOME_GRB2_SOS_PROVIDES_LINKAGE_TO_MAPK_SIGNALING_FOR_INTEGRINS)
MAPK_signaling,GRB2,MSigDB (original: REACTOME_GRB2_SOS_PROVIDES_LINKAGE_TO_MAPK_SIGNALING_FOR_INTEGRINS)
MAPK_signaling,RAP1A,MSigDB (original: REACTOME_GRB2_SOS_PROVIDES_LINKAGE_TO_MAPK_SIGNALING_FOR_INTEGRINS)
p53_pathway,COX5A,MSigDB (original: REACTOME_TRANSCRIPTIONAL_REGULATION_BY_TP53)
p53_pathway,ZFP385A,MSigDB (original: REACTOME_TRANSCRIPTIONAL_REGULATION_BY_TP53)
p53_pathway,RPA1,MSigDB (original: REACTOME_TRANSCRIPTIONAL_REGULATION_BY_TP53)
p53_pathway,GTF2H4,MSigDB (original: REACTOME_TRANSCRIPTIONAL_REGULATION_BY_TP53)
p53_pathway,BRPF1,MSigDB (original: REACTOME_TRANSCRIPTIONAL_REGULATION_BY_TP53)
p53_pathway,AKT1,MSigDB (original: REACTOME_TRANSCRIPTIONAL_REGULATION_BY_TP53)
p53_pathway,TACO1,MSigDB (original: REACTOME_TRANSCRIPTIONAL_REGULATION_BY_TP53)
p53_pathway,CCNE1,MSigDB (original: REACTOME_TRANSCRIPTIONAL_REGULATION_BY_TP53)
p53_pathway,DAXX,MSigDB (original: REACTOME_TRANSCRIPTIONAL_REGULATION_BY_TP53)
p53_pathway,TSC2,MSigDB (original: REACTOME_TRANSCRIPTIONAL_REGULATION_BY_TP53)
p53_pathway,GTF2F1,MSigDB (original: REACTOME_TRANSCRIPTIONAL_REGULATION_BY_TP53)
p53_pathway,TOP3A,MSigDB (original: REACTOME_TRANSCRIPTIONAL_REGULATION_BY_TP53)
p53_pathway,CDKN1B,MSigDB (original: REACTOME_TRANSCRIPTIONAL_REGULATION_BY_TP53)
p53_pathway,STK11,MSigDB (original: REACTOME_TRANSCRIPTIONAL_REGULATION_BY_TP53)
p53_pathway,CDK12,MSigDB (original: REACTOME_TRANSCRIPTIONAL_REGULATION_BY_TP53)
p53_pathway,CNOT11,MSigDB (original: REACTOME_TRANSCRIPTIONAL_REGULATION_BY_TP53)
p53_pathway,SUPT5,MSigDB (original: REACTOME_TRANSCRIPTIONAL_REGULATION_BY_TP53)
p53_pathway,BAX,MSigDB (original: REACTOME_TRANSCRIPTIONAL_REGULATION_BY_TP53)
p53_pathway,AKT2,MSigDB (original: REACTOME_TRANSCRIPTIONAL_REGULATION_BY_TP53)
p53_pathway,POLR2E,MSigDB (original: REACTOME_TRANSCRIPTIONAL_REGULATION_BY_TP53)
p53_pathway,PRDX2,MSigDB (original: REACTOME_TRANSCRIPTIONAL_REGULATION_BY_TP53)
p53_pathway,POLR2A,MSigDB (original: REACTOME_TRANSCRIPTIONAL_REGULATION_BY_TP53)
p53_pathway,TTC5,MSigDB (original: REACTOME_TRANSCRIPTIONAL_REGULATION_BY_TP53)
p53_pathway,PRKAG3,MSigDB (original: REACTOME_TRANSCRIPTIONAL_REGULATION_BY_TP53)
p53_pathway,GTF2H1,MSigDB (original: REACTOME_TRANSCRIPTIONAL_REGULATION_BY_TP53)
p53_pathway,PPP2R1A,MSigDB (original: REACTOME_TRANSCRIPTIONAL_REGULATION_BY_TP53)
p53_pathway,UBC,MSigDB (original: REACTOME_TRANSCRIPTIONAL_REGULATION_BY_TP53)
p53_pathway,HIPK1,MSigDB (original: REACTOME_TRANSCRIPTIONAL_REGULATION_BY_TP53)
p53_pathway,CDK9,MSigDB (original: REACTOME_TRANSCRIPTIONAL_REGULATION_BY_TP53)
p53_pathway,PPP2CB,MSigDB (original: REACTOME_TRANSCRIPTIONAL_REGULATION_BY_TP53)
p53_pathway,CCNT1,MSigDB (original: REACTOME_TRANSCRIPTIONAL_REGULATION_BY_TP53)
p53_pathway,RPA3,MSigDB (original: REACTOME_TRANSCRIPTIONAL_REGULATION_BY_TP53)
p53_pathway,NELFB,MSigDB (original: REACTOME_TRANSCRIPTIONAL_REGULATION_BY_TP53)
p53_pathway,EHMT2,MSigDB (original: REACTOME_TRANSCRIPTIONAL_REGULATION_BY_TP53)
p53_pathway,TBP,MSigDB (original: REACTOME_TRANSCRIPTIONAL_REGULATION_BY_TP53)
p53_pathway,SURF1,MSigDB (original: REACTOME_TRANSCRIPTIONAL_REGULATION_BY_TP53)
p53_pathway,NELFCD,MSigDB (original: REACTOME_TRANSCRIPTIONAL_REGULATION_BY_TP53)
p53_pathway,BRCA1,MSigDB (original: REACTOME_TRANSCRIPTIONAL_REGULATION_BY_TP53)
p53_pathway,COX7C,MSigDB (original: REACTOME_TRANSCRIPTIONAL_REGULATION_BY_TP53)
p53_pathway,PPP2R5C,MSigDB (original: REACTOME_TRANSCRIPTIONAL_REGULATION_BY_TP53)
p53_pathway,YWHAB,MSigDB (original: REACTOME_TRANSCRIPTIONAL_REGULATION_BY_TP53)
p53_pathway,CHD3,MSigDB (original: REACTOME_TRANSCRIPTIONAL_REGULATION_BY_TP53)
p53_pathway,PIP4K2B,MSigDB (original: REACTOME_TRANSCRIPTIONAL_REGULATION_BY_TP53)
p53_pathway,YWHAH,MSigDB (original: REACTOME_TRANSCRIPTIONAL_REGULATION_BY_TP53)
p53_pathway,UBB,MSigDB (original: REACTOME_TRANSCRIPTIONAL_REGULATION_BY_TP53)
p53_pathway,AKT3,MSigDB (original: REACTOME_TRANSCRIPTIONAL_REGULATION_BY_TP53)
p53_pathway,POLR2I,MSigDB (original: REACTOME_TRANSCRIPTIONAL_REGULATION_BY_TP53)
p53_pathway,CDK1,MSigDB (original: REACTOME_TRANSCRIPTIONAL_REGULATION_BY_TP53)
p53_pathway,SGK1,MSigDB (original: REACTOME_TRANSCRIPTIONAL_REGULATION_BY_TP53)
p53_pathway,NUAK1,MSigDB (original: REACTOME_TRANSCRIPTIONAL_REGULATION_BY_TP53)
p53_pathway,DDIT4,MSigDB (original: REACTOME_TRANSCRIPTIONAL_REGULATION_BY_TP53)
p53_pathway,CNOT2,MSigDB (original: REACTOME_TRANSCRIPTIONAL_REGULATION_BY_TP53)
p53_pathway,MDM2,MSigDB (original: REACTOME_TRANSCRIPTIONAL_REGULATION_BY_TP53)
p53_pathway,E2F7,MSigDB (original: REACTOME_TRANSCRIPTIONAL_REGULATION_BY_TP53)
p53_pathway,TXNRD1,MSigDB (original: REACTOME_TRANSCRIPTIONAL_REGULATION_BY_TP53)
p53_pathway,CCNG1,MSigDB (original: REACTOME_TRANSCRIPTIONAL_REGULATION_BY_TP53)
p53_pathway,PPP2CA,MSigDB (original: REACTOME_TRANSCRIPTIONAL_REGULATION_BY_TP53)
p53_pathway,CNOT6,MSigDB (original: REACTOME_TRANSCRIPTIONAL_REGULATION_BY_TP53)
p53_pathway,RAD50,MSigDB (original: REACTOME_TRANSCRIPTIONAL_REGULATION_BY_TP53)
p53_pathway,HUS1,MSigDB (original: REACTOME_TRANSCRIPTIONAL_REGULATION_BY_TP53)
p53_pathway,BTG2,MSigDB (original: REACTOME_TRANSCRIPTIONAL_REGULATION_BY_TP53)
p53_pathway,IGFBP3,MSigDB (original: REACTOME_TRANSCRIPTIONAL_REGULATION_BY_TP53)
p53_pathway,RPS27A,MSigDB (original: REACTOME_TRANSCRIPTIONAL_REGULATION_BY_TP53)
p53_pathway,SUPT4A,MSigDB (original: REACTOME_TRANSCRIPTIONAL_REGULATION_BY_TP53)
p53_pathway,CNOT8,MSigDB (original: REACTOME_TRANSCRIPTIONAL_REGULATION_BY_TP53)
p53_pathway,COX11,MSigDB (original: REACTOME_TRANSCRIPTIONAL_REGULATION_BY_TP53)
p53_pathway,MAP2K6,MSigDB (original: REACTOME_TRANSCRIPTIONAL_REGULATION_BY_TP53)
p53_pathway,TAF15,MSigDB (original: REACTOME_TRANSCRIPTIONAL_REGULATION_BY_TP53)
p53_pathway,RFFL,MSigDB (original: REACTOME_TRANSCRIPTIONAL_REGULATION_BY_TP53)
p53_pathway,YWHAE,MSigDB (original: REACTOME_TRANSCRIPTIONAL_REGULATION_BY_TP53)
p53_pathway,AURKB,MSigDB (original: REACTOME_TRANSCRIPTIONAL_REGULATION_BY_TP53)
p53_pathway,POLR2H,MSigDB (original: REACTOME_TRANSCRIPTIONAL_REGULATION_BY_TP53)
p53_pathway,MNAT1,MSigDB (original: REACTOME_TRANSCRIPTIONAL_REGULATION_BY_TP53)
p53_pathway,CCNK,MSigDB (original: REACTOME_TRANSCRIPTIONAL_REGULATION_BY_TP53)
p53_pathway,PPP1R13B,MSigDB (original: REACTOME_TRANSCRIPTIONAL_REGULATION_BY_TP53)
p53_pathway,PRELID1,MSigDB (original: REACTOME_TRANSCRIPTIONAL_REGULATION_BY_TP53)
p53_pathway,CCNH,MSigDB (original: REACTOME_TRANSCRIPTIONAL_REGULATION_BY_TP53)
p53_pathway,RAD17,MSigDB (original: REACTOME_TRANSCRIPTIONAL_REGULATION_BY_TP53)
p53_pathway,GTF2H2,MSigDB (original: REACTOME_TRANSCRIPTIONAL_REGULATION_BY_TP53)
p53_pathway,JMY,MSigDB (original: REACTOME_TRANSCRIPTIONAL_REGULATION_BY_TP53)
p53_pathway,PLK2,MSigDB (original: REACTOME_TRANSCRIPTIONAL_REGULATION_BY_TP53)
p53_pathway,BNIP3L,MSigDB (original: REACTOME_TRANSCRIPTIONAL_REGULATION_BY_TP53)
p53_pathway,RAD1,MSigDB (original: REACTOME_TRANSCRIPTIONAL_REGULATION_BY_TP53)
p53_pathway,YWHAZ,MSigDB (original: REACTOME_TRANSCRIPTIONAL_REGULATION_BY_TP53)
p53_pathway,BRD1,MSigDB (original: REACTOME_TRANSCRIPTIONAL_REGULATION_BY_TP53)
p53_pathway,TRP63,MSigDB (original: REACTOME_TRANSCRIPTIONAL_REGULATION_BY_TP53)
p53_pathway,USP7,MSigDB (original: REACTOME_TRANSCRIPTIONAL_REGULATION_BY_TP53)
p53_pathway,RFC4,MSigDB (original: REACTOME_TRANSCRIPTIONAL_REGULATION_BY_TP53)
p53_pathway,COX14,MSigDB (original: REACTOME_TRANSCRIPTIONAL_REGULATION_BY_TP53)
p53_pathway,CDKN1A,MSigDB (original: REACTOME_TRANSCRIPTIONAL_REGULATION_BY_TP53)
p53_pathway,RFC2,MSigDB (original: REACTOME_TRANSCRIPTIONAL_REGULATION_BY_TP53)
p53_pathway,PRMT5,MSigDB (original: REACTOME_TRANSCRIPTIONAL_REGULATION_BY_TP53)
p53_pathway,LRPPRC,MSigDB (original: REACTOME_TRANSCRIPTIONAL_REGULATION_BY_TP53)
p53_pathway,PDPK1,MSigDB (original: REACTOME_TRANSCRIPTIONAL_REGULATION_BY_TP53)
p53_pathway,MLST8,MSigDB (original: REACTOME_TRANSCRIPTIONAL_REGULATION_BY_TP53)
p53_pathway,TAF11,MSigDB (original: REACTOME_TRANSCRIPTIONAL_REGULATION_BY_TP53)
p53_pathway,COX7A2L,MSigDB (original: REACTOME_TRANSCRIPTIONAL_REGULATION_BY_TP53)
p53_pathway,POLR2D,MSigDB (original: REACTOME_TRANSCRIPTIONAL_REGULATION_BY_TP53)
p53_pathway,NELFE,MSigDB (original: REACTOME_TRANSCRIPTIONAL_REGULATION_BY_TP53)
p53_pathway,ERCC3,MSigDB (original: REACTOME_TRANSCRIPTIONAL_REGULATION_BY_TP53)
p53_pathway,CSNK2B,MSigDB (original: REACTOME_TRANSCRIPTIONAL_REGULATION_BY_TP53)
p53_pathway,PRELID3A,MSigDB (original: REACTOME_TRANSCRIPTIONAL_REGULATION_BY_TP53)
p53_pathway,RAD9A,MSigDB (original: REACTOME_TRANSCRIPTIONAL_REGULATION_BY_TP53)
p53_pathway,KAT5,MSigDB (original: REACTOME_TRANSCRIPTIONAL_REGULATION_BY_TP53)
p53_pathway,PRDX5,MSigDB (original: REACTOME_TRANSCRIPTIONAL_REGULATION_BY_TP53)
p53_pathway,TAF5,MSigDB (original: REACTOME_TRANSCRIPTIONAL_REGULATION_BY_TP53)
p53_pathway,BANP,MSigDB (original: REACTOME_TRANSCRIPTIONAL_REGULATION_BY_TP53)
p53_pathway,CDK2,MSigDB (original: REACTOME_TRANSCRIPTIONAL_REGULATION_BY_TP53)
p53_pathway,PIP4K2C,MSigDB (original: REACTOME_TRANSCRIPTIONAL_REGULATION_BY_TP53)
p53_pathway,PIDD1,MSigDB (original: REACTOME_TRANSCRIPTIONAL_REGULATION_BY_TP53)
p53_pathway,CHM,MSigDB (original: REACTOME_TRANSCRIPTIONAL_REGULATION_BY_TP53)
p53_pathway,RPTOR,MSigDB (original: REACTOME_TRANSCRIPTIONAL_REGULATION_BY_TP53)
p53_pathway,ATRIP,MSigDB (original: REACTOME_TRANSCRIPTIONAL_REGULATION_BY_TP53)
p53_pathway,TAF3,MSigDB (original: REACTOME_TRANSCRIPTIONAL_REGULATION_BY_TP53)
p53_pathway,GLS,MSigDB (original: REACTOME_TRANSCRIPTIONAL_REGULATION_BY_TP53)
p53_pathway,CNOT9,MSigDB (original: REACTOME_TRANSCRIPTIONAL_REGULATION_BY_TP53)
p53_pathway,BARD1,MSigDB (original: REACTOME_TRANSCRIPTIONAL_REGULATION_BY_TP53)
p53_pathway,ING5,MSigDB (original: REACTOME_TRANSCRIPTIONAL_REGULATION_BY_TP53)
p53_pathway,CCNT2,MSigDB (original: REACTOME_TRANSCRIPTIONAL_REGULATION_BY_TP53)
p53_pathway,STEAP3,MSigDB (original: REACTOME_TRANSCRIPTIONAL_REGULATION_BY_TP53)
p53_pathway,COX20,MSigDB (original: REACTOME_TRANSCRIPTIONAL_REGULATION_BY_TP53)
p53_pathway,TRP53BP2,MSigDB (original: REACTOME_TRANSCRIPTIONAL_REGULATION_BY_TP53)
p53_pathway,SMYD2,MSigDB (original: REACTOME_TRANSCRIPTIONAL_REGULATION_BY_TP53)
p53_pathway,PIP4K2A,MSigDB (original: REACTOME_TRANSCRIPTIONAL_REGULATION_BY_TP53)
p53_pathway,TSC1,MSigDB (original: REACTOME_TRANSCRIPTIONAL_REGULATION_BY_TP53)
p53_pathway,SSRP1,MSigDB (original: REACTOME_TRANSCRIPTIONAL_REGULATION_BY_TP53)
p53_pathway,PCNA,MSigDB (original: REACTOME_TRANSCRIPTIONAL_REGULATION_BY_TP53)
p53_pathway,TPX2,MSigDB (original: REACTOME_TRANSCRIPTIONAL_REGULATION_BY_TP53)
p53_pathway,AURKA,MSigDB (original: REACTOME_TRANSCRIPTIONAL_REGULATION_BY_TP53)
p53_pathway,CCNA2,MSigDB (original: REACTOME_TRANSCRIPTIONAL_REGULATION_BY_TP53)
p53_pathway,CCNA1,MSigDB (original: REACTOME_TRANSCRIPTIONAL_REGULATION_BY_TP53)
p53_pathway,LAMTOR2,MSigDB (original: REACTOME_TRANSCRIPTIONAL_REGULATION_BY_TP53)
p53_pathway,TRP53INP1,MSigDB (original: REACTOME_TRANSCRIPTIONAL_REGULATION_BY_TP53)
p53_pathway,CCNE2,MSigDB (original: REACTOME_TRANSCRIPTIONAL_REGULATION_BY_TP53)
p53_pathway,NBN,MSigDB (original: REACTOME_TRANSCRIPTIONAL_REGULATION_BY_TP53)
p53_pathway,RRAGD,MSigDB (original: REACTOME_TRANSCRIPTIONAL_REGULATION_BY_TP53)
p53_pathway,TXN1,MSigDB (original: REACTOME_TRANSCRIPTIONAL_REGULATION_BY_TP53)
p53_pathway,PRKAA2,MSigDB (original: REACTOME_TRANSCRIPTIONAL_REGULATION_BY_TP53)
p53_pathway,DYRK2,MSigDB (original: REACTOME_TRANSCRIPTIONAL_REGULATION_BY_TP53)
p53_pathway,RRAGC,MSigDB (original: REACTOME_TRANSCRIPTIONAL_REGULATION_BY_TP53)
p53_pathway,ELOA,MSigDB (original: REACTOME_TRANSCRIPTIONAL_REGULATION_BY_TP53)
p53_pathway,PLK3,MSigDB (original: REACTOME_TRANSCRIPTIONAL_REGULATION_BY_TP53)
p53_pathway,PRDX1,MSigDB (original: REACTOME_TRANSCRIPTIONAL_REGULATION_BY_TP53)
p53_pathway,HDAC1,MSigDB (original: REACTOME_TRANSCRIPTIONAL_REGULATION_BY_TP53)
p53_pathway,MEAF6,MSigDB (original: REACTOME_TRANSCRIPTIONAL_REGULATION_BY_TP53)
p53_pathway,SESN2,MSigDB (original: REACTOME_TRANSCRIPTIONAL_REGULATION_BY_TP53)
p53_pathway,TAF12,MSigDB (original: REACTOME_TRANSCRIPTIONAL_REGULATION_BY_TP53)
p53_pathway,PRKAG2,MSigDB (original: REACTOME_TRANSCRIPTIONAL_REGULATION_BY_TP53)
p53_pathway,RHEB,MSigDB (original: REACTOME_TRANSCRIPTIONAL_REGULATION_BY_TP53)
p53_pathway,CDK5,MSigDB (original: REACTOME_TRANSCRIPTIONAL_REGULATION_BY_TP53)
p53_pathway,MTOR,MSigDB (original: REACTOME_TRANSCRIPTIONAL_REGULATION_BY_TP53)
p53_pathway,TRP73,MSigDB (original: REACTOME_TRANSCRIPTIONAL_REGULATION_BY_TP53)
p53_pathway,NELFA,MSigDB (original: REACTOME_TRANSCRIPTIONAL_REGULATION_BY_TP53)
p53_pathway,POLR2B,MSigDB (original: REACTOME_TRANSCRIPTIONAL_REGULATION_BY_TP53)
p53_pathway,RFC5,MSigDB (original: REACTOME_TRANSCRIPTIONAL_REGULATION_BY_TP53)
p53_pathway,GTF2H3,MSigDB (original: REACTOME_TRANSCRIPTIONAL_REGULATION_BY_TP53)
p53_pathway,MAPKAPK5,MSigDB (original: REACTOME_TRANSCRIPTIONAL_REGULATION_BY_TP53)
p53_pathway,RNF34,MSigDB (original: REACTOME_TRANSCRIPTIONAL_REGULATION_BY_TP53)
p53_pathway,PRKAB1,MSigDB (original: REACTOME_TRANSCRIPTIONAL_REGULATION_BY_TP53)
p53_pathway,CHEK2,MSigDB (original: REACTOME_TRANSCRIPTIONAL_REGULATION_BY_TP53)
p53_pathway,TRIAP1,MSigDB (original: REACTOME_TRANSCRIPTIONAL_REGULATION_BY_TP53)
p53_pathway,NDUFA4,MSigDB (original: REACTOME_TRANSCRIPTIONAL_REGULATION_BY_TP53)
p53_pathway,CASP2,MSigDB (original: REACTOME_TRANSCRIPTIONAL_REGULATION_BY_TP53)
p53_pathway,ERCC2,MSigDB (original: REACTOME_TRANSCRIPTIONAL_REGULATION_BY_TP53)
p53_pathway,BLM,MSigDB (original: REACTOME_TRANSCRIPTIONAL_REGULATION_BY_TP53)
p53_pathway,LAMTOR1,MSigDB (original: REACTOME_TRANSCRIPTIONAL_REGULATION_BY_TP53)
p53_pathway,COX7B,MSigDB (original: REACTOME_TRANSCRIPTIONAL_REGULATION_BY_TP53)
p53_pathway,TAF1,MSigDB (original: REACTOME_TRANSCRIPTIONAL_REGULATION_BY_TP53)
p53_pathway,RBBP7,MSigDB (original: REACTOME_TRANSCRIPTIONAL_REGULATION_BY_TP53)
p53_pathway,G6PDX,MSigDB (original: REACTOME_TRANSCRIPTIONAL_REGULATION_BY_TP53)
p53_pathway,KAT6A,MSigDB (original: REACTOME_TRANSCRIPTIONAL_REGULATION_BY_TP53)
p53_pathway,WRN,MSigDB (original: REACTOME_TRANSCRIPTIONAL_REGULATION_BY_TP53)
p53_pathway,GSR,MSigDB (original: REACTOME_TRANSCRIPTIONAL_REGULATION_BY_TP53)
p53_pathway,CNOT7,MSigDB (original: REACTOME_TRANSCRIPTIONAL_REGULATION_BY_TP53)
p53_pathway,BRD7,MSigDB (original: REACTOME_TRANSCRIPTIONAL_REGULATION_BY_TP53)
p53_pathway,POU4F2,MSigDB (original: REACTOME_TRANSCRIPTIONAL_REGULATION_BY_TP53)
p53_pathway,POLR2C,MSigDB (original: REACTOME_TRANSCRIPTIONAL_REGULATION_BY_TP53)
p53_pathway,COX4I1,MSigDB (original: REACTOME_TRANSCRIPTIONAL_REGULATION_BY_TP53)
p53_pathway,MRE11A,MSigDB (original: REACTOME_TRANSCRIPTIONAL_REGULATION_BY_TP53)
p53_pathway,SESN3,MSigDB (original: REACTOME_TRANSCRIPTIONAL_REGULATION_BY_TP53)
p53_pathway,USP2,MSigDB (original: REACTOME_TRANSCRIPTIONAL_REGULATION_BY_TP53)
p53_pathway,PPP2R1B,MSigDB (original: REACTOME_TRANSCRIPTIONAL_REGULATION_BY_TP53)
p53_pathway,CHEK1,MSigDB (original: REACTOME_TRANSCRIPTIONAL_REGULATION_BY_TP53)
p53_pathway,PIN1,MSigDB (original: REACTOME_TRANSCRIPTIONAL_REGULATION_BY_TP53)
p53_pathway,TOPBP1,MSigDB (original: REACTOME_TRANSCRIPTIONAL_REGULATION_BY_TP53)
p53_pathway,POLR2F,MSigDB (original: REACTOME_TRANSCRIPTIONAL_REGULATION_BY_TP53)
p53_pathway,CTDP1,MSigDB (original: REACTOME_TRANSCRIPTIONAL_REGULATION_BY_TP53)
p53_pathway,TCEA1,MSigDB (original: REACTOME_TRANSCRIPTIONAL_REGULATION_BY_TP53)
p53_pathway,TNKS1BP1,MSigDB (original: REACTOME_TRANSCRIPTIONAL_REGULATION_BY_TP53)
p53_pathway,RFC3,MSigDB (original: REACTOME_TRANSCRIPTIONAL_REGULATION_BY_TP53)
p53_pathway,ATM,MSigDB (original: REACTOME_TRANSCRIPTIONAL_REGULATION_BY_TP53)
p53_pathway,BRIP1,MSigDB (original: REACTOME_TRANSCRIPTIONAL_REGULATION_BY_TP53)
p53_pathway,GTF2H5,MSigDB (original: REACTOME_TRANSCRIPTIONAL_REGULATION_BY_TP53)
p53_pathway,CNOT6L,MSigDB (original: REACTOME_TRANSCRIPTIONAL_REGULATION_BY_TP53)
p53_pathway,RMI1,MSigDB (original: REACTOME_TRANSCRIPTIONAL_REGULATION_BY_TP53)
p53_pathway,MBD3,MSigDB (original: REACTOME_TRANSCRIPTIONAL_REGULATION_BY_TP53)
p53_pathway,COX18,MSigDB (original: REACTOME_TRANSCRIPTIONAL_REGULATION_BY_TP53)
p53_pathway,L3MBTL1,MSigDB (original: REACTOME_TRANSCRIPTIONAL_REGULATION_BY_TP53)
p53_pathway,CNOT3,MSigDB (original: REACTOME_TRANSCRIPTIONAL_REGULATION_BY_TP53)
p53_pathway,SUPT16,MSigDB (original: REACTOME_TRANSCRIPTIONAL_REGULATION_BY_TP53)
p53_pathway,COX8A,MSigDB (original: REACTOME_TRANSCRIPTIONAL_REGULATION_BY_TP53)
p53_pathway,PIP4P1,MSigDB (original: REACTOME_TRANSCRIPTIONAL_REGULATION_BY_TP53)
p53_pathway,PRR5,MSigDB (original: REACTOME_TRANSCRIPTIONAL_REGULATION_BY_TP53)
p53_pathway,GATAD2A,MSigDB (original: REACTOME_TRANSCRIPTIONAL_REGULATION_BY_TP53)
p53_pathway,GADD45A,MSigDB (original: REACTOME_TRANSCRIPTIONAL_REGULATION_BY_TP53)
p53_pathway,GPI1,MSigDB (original: REACTOME_TRANSCRIPTIONAL_REGULATION_BY_TP53)
p53_pathway,CNOT1,MSigDB (original: REACTOME_TRANSCRIPTIONAL_REGULATION_BY_TP53)
p53_pathway,COX6B1,MSigDB (original: REACTOME_TRANSCRIPTIONAL_REGULATION_BY_TP53)
p53_pathway,DNA2,MSigDB (original: REACTOME_TRANSCRIPTIONAL_REGULATION_BY_TP53)
p53_pathway,EHMT1,MSigDB (original: REACTOME_TRANSCRIPTIONAL_REGULATION_BY_TP53)
p53_pathway,TAF6,MSigDB (original: REACTOME_TRANSCRIPTIONAL_REGULATION_BY_TP53)
p53_pathway,PML,MSigDB (original: REACTOME_TRANSCRIPTIONAL_REGULATION_BY_TP53)
p53_pathway,TAF2,MSigDB (original: REACTOME_TRANSCRIPTIONAL_REGULATION_BY_TP53)
p53_pathway,CDKN1C,MSigDB (original: REACTOME_TRANSCRIPTIONAL_REGULATION_BY_TP53)
p53_pathway,RMI2,MSigDB (original: REACTOME_TRANSCRIPTIONAL_REGULATION_BY_TP53)
p53_pathway,TIGAR,MSigDB (original: REACTOME_TRANSCRIPTIONAL_REGULATION_BY_TP53)
p53_pathway,PHF20,MSigDB (original: REACTOME_TRANSCRIPTIONAL_REGULATION_BY_TP53)
p53_pathway,PRKAB2,MSigDB (original: REACTOME_TRANSCRIPTIONAL_REGULATION_BY_TP53)
p53_pathway,SESN1,MSigDB (original: REACTOME_TRANSCRIPTIONAL_REGULATION_BY_TP53)
p53_pathway,POLR2L,MSigDB (original: REACTOME_TRANSCRIPTIONAL_REGULATION_BY_TP53)
p53_pathway,RAD9B,MSigDB (original: REACTOME_TRANSCRIPTIONAL_REGULATION_BY_TP53)
p53_pathway,MAPKAP1,MSigDB (original: REACTOME_TRANSCRIPTIONAL_REGULATION_BY_TP53)
p53_pathway,CNOT4,MSigDB (original: REACTOME_TRANSCRIPTIONAL_REGULATION_BY_TP53)
p53_pathway,RABGGTB,MSigDB (original: REACTOME_TRANSCRIPTIONAL_REGULATION_BY_TP53)
p53_pathway,TAF4,MSigDB (original: REACTOME_TRANSCRIPTIONAL_REGULATION_BY_TP53)
p53_pathway,EXO1,MSigDB (original: REACTOME_TRANSCRIPTIONAL_REGULATION_BY_TP53)
p53_pathway,RABGGTA,MSigDB (original: REACTOME_TRANSCRIPTIONAL_REGULATION_BY_TP53)
p53_pathway,PPP1R13L,MSigDB (original: REACTOME_TRANSCRIPTIONAL_REGULATION_BY_TP53)
p53_pathway,RBBP8,MSigDB (original: REACTOME_TRANSCRIPTIONAL_REGULATION_BY_TP53)
p53_pathway,CDK13,MSigDB (original: REACTOME_TRANSCRIPTIONAL_REGULATION_BY_TP53)
p53_pathway,CCNB1,MSigDB (original: REACTOME_TRANSCRIPTIONAL_REGULATION_BY_TP53)
p53_pathway,RRAGB,MSigDB (original: REACTOME_TRANSCRIPTIONAL_REGULATION_BY_TP53)
p53_pathway,COX6A1,MSigDB (original: REACTOME_TRANSCRIPTIONAL_REGULATION_BY_TP53)
p53_pathway,GATAD2B,MSigDB (original: REACTOME_TRANSCRIPTIONAL_REGULATION_BY_TP53)
p53_pathway,GPX2,MSigDB (original: REACTOME_TRANSCRIPTIONAL_REGULATION_BY_TP53)
p53_pathway,TRP53RKB,MSigDB (original: REACTOME_TRANSCRIPTIONAL_REGULATION_BY_TP53)
p53_pathway,TAF10,MSigDB (original: REACTOME_TRANSCRIPTIONAL_REGULATION_BY_TP53)
p53_pathway,GLS2,MSigDB (original: REACTOME_TRANSCRIPTIONAL_REGULATION_BY_TP53)
p53_pathway,CDC25C,MSigDB (original: REACTOME_TRANSCRIPTIONAL_REGULATION_BY_TP53)
p53_pathway,COX19,MSigDB (original: REACTOME_TRANSCRIPTIONAL_REGULATION_BY_TP53)
p53_pathway,CRADD,MSigDB (original: REACTOME_TRANSCRIPTIONAL_REGULATION_BY_TP53)
p53_pathway,POLR2K,MSigDB (original: REACTOME_TRANSCRIPTIONAL_REGULATION_BY_TP53)
p53_pathway,E2F8,MSigDB (original: REACTOME_TRANSCRIPTIONAL_REGULATION_BY_TP53)
p53_pathway,CSNK2A2,MSigDB (original: REACTOME_TRANSCRIPTIONAL_REGULATION_BY_TP53)
p53_pathway,TAF9B,MSigDB (original: REACTOME_TRANSCRIPTIONAL_REGULATION_BY_TP53)
p53_pathway,SFN,MSigDB (original: REACTOME_TRANSCRIPTIONAL_REGULATION_BY_TP53)
p53_pathway,SLC38A9,MSigDB (original: REACTOME_TRANSCRIPTIONAL_REGULATION_BY_TP53)
p53_pathway,TAF13,MSigDB (original: REACTOME_TRANSCRIPTIONAL_REGULATION_BY_TP53)
p53_pathway,POU4F1,MSigDB (original: REACTOME_TRANSCRIPTIONAL_REGULATION_BY_TP53)
p53_pathway,RHNO1,MSigDB (original: REACTOME_TRANSCRIPTIONAL_REGULATION_BY_TP53)
p53_pathway,CDK5R1,MSigDB (original: REACTOME_TRANSCRIPTIONAL_REGULATION_BY_TP53)
p53_pathway,KMT5A,MSigDB (original: REACTOME_TRANSCRIPTIONAL_REGULATION_BY_TP53)
p53_pathway,RICTOR,MSigDB (original: REACTOME_TRANSCRIPTIONAL_REGULATION_BY_TP53)
p53_pathway,LAMTOR4,MSigDB (original: REACTOME_TRANSCRIPTIONAL_REGULATION_BY_TP53)
p53_pathway,PRKAA1,MSigDB (original: REACTOME_TRANSCRIPTIONAL_REGULATION_BY_TP53)
p53_pathway,TAF7,MSigDB (original: REACTOME_TRANSCRIPTIONAL_REGULATION_BY_TP53)
p53_pathway,YWHAG,MSigDB (original: REACTOME_TRANSCRIPTIONAL_REGULATION_BY_TP53)
p53_pathway,TAF9,MSigDB (original: REACTOME_TRANSCRIPTIONAL_REGULATION_BY_TP53)
p53_pathway,MAPK11,MSigDB (original: REACTOME_TRANSCRIPTIONAL_REGULATION_BY_TP53)
p53_pathway,MAPK14,MSigDB (original: REACTOME_TRANSCRIPTIONAL_REGULATION_BY_TP53)
p53_pathway,TAF4B,MSigDB (original: REACTOME_TRANSCRIPTIONAL_REGULATION_BY_TP53)
p53_pathway,MDM4,MSigDB (original: REACTOME_TRANSCRIPTIONAL_REGULATION_BY_TP53)
p53_pathway,EP300,MSigDB (original: REACTOME_TRANSCRIPTIONAL_REGULATION_BY_TP53)
p53_pathway,ELOB,MSigDB (original: REACTOME_TRANSCRIPTIONAL_REGULATION_BY_TP53)
p53_pathway,CNOT10,MSigDB (original: REACTOME_TRANSCRIPTIONAL_REGULATION_BY_TP53)
p53_pathway,NPM1,MSigDB (original: REACTOME_TRANSCRIPTIONAL_REGULATION_BY_TP53)
p53_pathway,RBBP4,MSigDB (original: REACTOME_TRANSCRIPTIONAL_REGULATION_BY_TP53)
p53_pathway,ZFP420,MSigDB (original: REACTOME_TRANSCRIPTIONAL_REGULATION_BY_TP53)
p53_pathway,GM10053,MSigDB (original: REACTOME_TRANSCRIPTIONAL_REGULATION_BY_TP53)
p53_pathway,TRP53,MSigDB (original: REACTOME_TRANSCRIPTIONAL_REGULATION_BY_TP53)
p53_pathway,TMEM219,MSigDB (original: REACTOME_TRANSCRIPTIONAL_REGULATION_BY_TP53)
p53_pathway,HIPK2,MSigDB (original: REACTOME_TRANSCRIPTIONAL_REGULATION_BY_TP53)
p53_pathway,COX5B,MSigDB (original: REACTOME_TRANSCRIPTIONAL_REGULATION_BY_TP53)
p53_pathway,ING2,MSigDB (original: REACTOME_TRANSCRIPTIONAL_REGULATION_BY_TP53)
p53_pathway,CYCS,MSigDB (original: REACTOME_TRANSCRIPTIONAL_REGULATION_BY_TP53)
p53_pathway,CHD4,MSigDB (original: REACTOME_TRANSCRIPTIONAL_REGULATION_BY_TP53)
p53_pathway,BRPF3,MSigDB (original: REACTOME_TRANSCRIPTIONAL_REGULATION_BY_TP53)
p53_pathway,CENPJ,MSigDB (original: REACTOME_TRANSCRIPTIONAL_REGULATION_BY_TP53)
p53_pathway,MT-CO1,MSigDB (original: REACTOME_TRANSCRIPTIONAL_REGULATION_BY_TP53)
p53_pathway,MT-CO2,MSigDB (original: REACTOME_TRANSCRIPTIONAL_REGULATION_BY_TP53)
p53_pathway,MT-CO3,MSigDB (original: REACTOME_TRANSCRIPTIONAL_REGULATION_BY_TP53)
p53_pathway,PRKAG1,MSigDB (original: REACTOME_TRANSCRIPTIONAL_REGULATION_BY_TP53)
p53_pathway,GTF2F2,MSigDB (original: REACTOME_TRANSCRIPTIONAL_REGULATION_BY_TP53)
p53_pathway,GM11808,MSigDB (original: REACTOME_TRANSCRIPTIONAL_REGULATION_BY_TP53)
p53_pathway,CDK7,MSigDB (original: REACTOME_TRANSCRIPTIONAL_REGULATION_BY_TP53)
p53_pathway,SCO1,MSigDB (original: REACTOME_TRANSCRIPTIONAL_REGULATION_BY_TP53)
p53_pathway,ELL,MSigDB (original: REACTOME_TRANSCRIPTIONAL_REGULATION_BY_TP53)
p53_pathway,RRAGA,MSigDB (original: REACTOME_TRANSCRIPTIONAL_REGULATION_BY_TP53)
p53_pathway,MTA2,MSigDB (original: REACTOME_TRANSCRIPTIONAL_REGULATION_BY_TP53)
p53_pathway,POLR2G,MSigDB (original: REACTOME_TRANSCRIPTIONAL_REGULATION_BY_TP53)
p53_pathway,CSNK2A1,MSigDB (original: REACTOME_TRANSCRIPTIONAL_REGULATION_BY_TP53)
p53_pathway,TAF7L2,MSigDB (original: REACTOME_TRANSCRIPTIONAL_REGULATION_BY_TP53)
p53_pathway,YWHAQ,MSigDB (original: REACTOME_TRANSCRIPTIONAL_REGULATION_BY_TP53)
p53_pathway,AK6,MSigDB (original: REACTOME_TRANSCRIPTIONAL_REGULATION_BY_TP53)
p53_pathway,ELOC,MSigDB (original: REACTOME_TRANSCRIPTIONAL_REGULATION_BY_TP53)
p53_pathway,LAMTOR5,MSigDB (original: REACTOME_TRANSCRIPTIONAL_REGULATION_BY_TP53)
p53_pathway,UBA52,MSigDB (original: REACTOME_TRANSCRIPTIONAL_REGULATION_BY_TP53)
p53_pathway,LAMTOR3,MSigDB (original: REACTOME_TRANSCRIPTIONAL_REGULATION_BY_TP53)
p53_pathway,SCO2,MSigDB (original: REACTOME_TRANSCRIPTIONAL_REGULATION_BY_TP53)
p53_pathway,COX16,MSigDB (original: REACTOME_TRANSCRIPTIONAL_REGULATION_BY_TP53)
p53_pathway,NOC2L,MSigDB (original: REACTOME_TRANSCRIPTIONAL_REGULATION_BY_TP53)
MAPK_signaling,VWF,MSigDB (original: REACTOME_P130CAS_LINKAGE_TO_MAPK_SIGNALING_FOR_INTEGRINS)
MAPK_signaling,CRK,MSigDB (original: REACTOME_P130CAS_LINKAGE_TO_MAPK_SIGNALING_FOR_INTEGRINS)
MAPK_signaling,ITGB3,MSigDB (original: REACTOME_P130CAS_LINKAGE_TO_MAPK_SIGNALING_FOR_INTEGRINS)
MAPK_signaling,PTK2,MSigDB (original: REACTOME_P130CAS_LINKAGE_TO_MAPK_SIGNALING_FOR_INTEGRINS)
MAPK_signaling,FN1,MSigDB (original: REACTOME_P130CAS_LINKAGE_TO_MAPK_SIGNALING_FOR_INTEGRINS)
MAPK_signaling,APBB1IP,MSigDB (original: REACTOME_P130CAS_LINKAGE_TO_MAPK_SIGNALING_FOR_INTEGRINS)
MAPK_signaling,SRC,MSigDB (original: REACTOME_P130CAS_LINKAGE_TO_MAPK_SIGNALING_FOR_INTEGRINS)
MAPK_signaling,FGA,MSigDB (original: REACTOME_P130CAS_LINKAGE_TO_MAPK_SIGNALING_FOR_INTEGRINS)
MAPK_signaling,TLN1,MSigDB (original: REACTOME_P130CAS_LINKAGE_TO_MAPK_SIGNALING_FOR_INTEGRINS)
MAPK_signaling,BCAR1,MSigDB (original: REACTOME_P130CAS_LINKAGE_TO_MAPK_SIGNALING_FOR_INTEGRINS)
MAPK_signaling,FGB,MSigDB (original: REACTOME_P130CAS_LINKAGE_TO_MAPK_SIGNALING_FOR_INTEGRINS)
MAPK_signaling,FGG,MSigDB (original: REACTOME_P130CAS_LINKAGE_TO_MAPK_SIGNALING_FOR_INTEGRINS)
MAPK_signaling,ITGA2B,MSigDB (original: REACTOME_P130CAS_LINKAGE_TO_MAPK_SIGNALING_FOR_INTEGRINS)
MAPK_signaling,RAP1B,MSigDB (original: REACTOME_P130CAS_LINKAGE_TO_MAPK_SIGNALING_FOR_INTEGRINS)
MAPK_signaling,RAP1A,MSigDB (original: REACTOME_P130CAS_LINKAGE_TO_MAPK_SIGNALING_FOR_INTEGRINS)
mTOR_signaling,TSC2,MSigDB (original: REACTOME_ENERGY_DEPENDENT_REGULATION_OF_MTOR_BY_LKB1_AMPK)
mTOR_signaling,STK11,MSigDB (original: REACTOME_ENERGY_DEPENDENT_REGULATION_OF_MTOR_BY_LKB1_AMPK)
mTOR_signaling,PRKAG3,MSigDB (original: REACTOME_ENERGY_DEPENDENT_REGULATION_OF_MTOR_BY_LKB1_AMPK)
mTOR_signaling,PPM1A,MSigDB (original: REACTOME_ENERGY_DEPENDENT_REGULATION_OF_MTOR_BY_LKB1_AMPK)
mTOR_signaling,CAB39L,MSigDB (original: REACTOME_ENERGY_DEPENDENT_REGULATION_OF_MTOR_BY_LKB1_AMPK)
mTOR_signaling,MLST8,MSigDB (original: REACTOME_ENERGY_DEPENDENT_REGULATION_OF_MTOR_BY_LKB1_AMPK)
mTOR_signaling,RPTOR,MSigDB (original: REACTOME_ENERGY_DEPENDENT_REGULATION_OF_MTOR_BY_LKB1_AMPK)
mTOR_signaling,STRADB,MSigDB (original: REACTOME_ENERGY_DEPENDENT_REGULATION_OF_MTOR_BY_LKB1_AMPK)
mTOR_signaling,TSC1,MSigDB (original: REACTOME_ENERGY_DEPENDENT_REGULATION_OF_MTOR_BY_LKB1_AMPK)
mTOR_signaling,LAMTOR2,MSigDB (original: REACTOME_ENERGY_DEPENDENT_REGULATION_OF_MTOR_BY_LKB1_AMPK)
mTOR_signaling,RRAGD,MSigDB (original: REACTOME_ENERGY_DEPENDENT_REGULATION_OF_MTOR_BY_LKB1_AMPK)
mTOR_signaling,PRKAA2,MSigDB (original: REACTOME_ENERGY_DEPENDENT_REGULATION_OF_MTOR_BY_LKB1_AMPK)
mTOR_signaling,RRAGC,MSigDB (original: REACTOME_ENERGY_DEPENDENT_REGULATION_OF_MTOR_BY_LKB1_AMPK)
mTOR_signaling,PRKAG2,MSigDB (original: REACTOME_ENERGY_DEPENDENT_REGULATION_OF_MTOR_BY_LKB1_AMPK)
mTOR_signaling,RHEB,MSigDB (original: REACTOME_ENERGY_DEPENDENT_REGULATION_OF_MTOR_BY_LKB1_AMPK)
mTOR_signaling,MTOR,MSigDB (original: REACTOME_ENERGY_DEPENDENT_REGULATION_OF_MTOR_BY_LKB1_AMPK)
mTOR_signaling,PRKAB1,MSigDB (original: REACTOME_ENERGY_DEPENDENT_REGULATION_OF_MTOR_BY_LKB1_AMPK)
mTOR_signaling,LAMTOR1,MSigDB (original: REACTOME_ENERGY_DEPENDENT_REGULATION_OF_MTOR_BY_LKB1_AMPK)
mTOR_signaling,CAB39,MSigDB (original: REACTOME_ENERGY_DEPENDENT_REGULATION_OF_MTOR_BY_LKB1_AMPK)
mTOR_signaling,PRKAB2,MSigDB (original: REACTOME_ENERGY_DEPENDENT_REGULATION_OF_MTOR_BY_LKB1_AMPK)
mTOR_signaling,RRAGB,MSigDB (original: REACTOME_ENERGY_DEPENDENT_REGULATION_OF_MTOR_BY_LKB1_AMPK)
mTOR_signaling,SLC38A9,MSigDB (original: REACTOME_ENERGY_DEPENDENT_REGULATION_OF_MTOR_BY_LKB1_AMPK)
mTOR_signaling,LAMTOR4,MSigDB (original: REACTOME_ENERGY_DEPENDENT_REGULATION_OF_MTOR_BY_LKB1_AMPK)
mTOR_signaling,PRKAA1,MSigDB (original: REACTOME_ENERGY_DEPENDENT_REGULATION_OF_MTOR_BY_LKB1_AMPK)
mTOR_signaling,PRKAG1,MSigDB (original: REACTOME_ENERGY_DEPENDENT_REGULATION_OF_MTOR_BY_LKB1_AMPK)
mTOR_signaling,STRADA,MSigDB (original: REACTOME_ENERGY_DEPENDENT_REGULATION_OF_MTOR_BY_LKB1_AMPK)
mTOR_signaling,RRAGA,MSigDB (original: REACTOME_ENERGY_DEPENDENT_REGULATION_OF_MTOR_BY_LKB1_AMPK)
mTOR_signaling,LAMTOR5,MSigDB (original: REACTOME_ENERGY_DEPENDENT_REGULATION_OF_MTOR_BY_LKB1_AMPK)
mTOR_signaling,LAMTOR3,MSigDB (original: REACTOME_ENERGY_DEPENDENT_REGULATION_OF_MTOR_BY_LKB1_AMPK)
MAPK_signaling,MAPK7,MSigDB (original: REACTOME_MAPK_TARGETS_NUCLEAR_EVENTS_MEDIATED_BY_MAP_KINASES)
MAPK_signaling,VRK3,MSigDB (original: REACTOME_MAPK_TARGETS_NUCLEAR_EVENTS_MEDIATED_BY_MAP_KINASES)
MAPK_signaling,DUSP3,MSigDB (original: REACTOME_MAPK_TARGETS_NUCLEAR_EVENTS_MEDIATED_BY_MAP_KINASES)
MAPK_signaling,RPS6KA1,MSigDB (original: REACTOME_MAPK_TARGETS_NUCLEAR_EVENTS_MEDIATED_BY_MAP_KINASES)
MAPK_signaling,PPP2R1A,MSigDB (original: REACTOME_MAPK_TARGETS_NUCLEAR_EVENTS_MEDIATED_BY_MAP_KINASES)
MAPK_signaling,PPP2CB,MSigDB (original: REACTOME_MAPK_TARGETS_NUCLEAR_EVENTS_MEDIATED_BY_MAP_KINASES)
MAPK_signaling,MAPKAPK2,MSigDB (original: REACTOME_MAPK_TARGETS_NUCLEAR_EVENTS_MEDIATED_BY_MAP_KINASES)
MAPK_signaling,DUSP6,MSigDB (original: REACTOME_MAPK_TARGETS_NUCLEAR_EVENTS_MEDIATED_BY_MAP_KINASES)
MAPK_signaling,PPP2CA,MSigDB (original: REACTOME_MAPK_TARGETS_NUCLEAR_EVENTS_MEDIATED_BY_MAP_KINASES)
MAPK_signaling,MAPK9,MSigDB (original: REACTOME_MAPK_TARGETS_NUCLEAR_EVENTS_MEDIATED_BY_MAP_KINASES)
MAPK_signaling,RPS6KA5,MSigDB (original: REACTOME_MAPK_TARGETS_NUCLEAR_EVENTS_MEDIATED_BY_MAP_KINASES)
MAPK_signaling,FOS,MSigDB (original: REACTOME_MAPK_TARGETS_NUCLEAR_EVENTS_MEDIATED_BY_MAP_KINASES)
MAPK_signaling,MAPK8,MSigDB (original: REACTOME_MAPK_TARGETS_NUCLEAR_EVENTS_MEDIATED_BY_MAP_KINASES)
MAPK_signaling,ATF1,MSigDB (original: REACTOME_MAPK_TARGETS_NUCLEAR_EVENTS_MEDIATED_BY_MAP_KINASES)
MAPK_signaling,RPS6KA2,MSigDB (original: REACTOME_MAPK_TARGETS_NUCLEAR_EVENTS_MEDIATED_BY_MAP_KINASES)
MAPK_signaling,CREB1,MSigDB (original: REACTOME_MAPK_TARGETS_NUCLEAR_EVENTS_MEDIATED_BY_MAP_KINASES)
MAPK_signaling,ATF2,MSigDB (original: REACTOME_MAPK_TARGETS_NUCLEAR_EVENTS_MEDIATED_BY_MAP_KINASES)
MAPK_signaling,RPS6KA3,MSigDB (original: REACTOME_MAPK_TARGETS_NUCLEAR_EVENTS_MEDIATED_BY_MAP_KINASES)
MAPK_signaling,DUSP4,MSigDB (original: REACTOME_MAPK_TARGETS_NUCLEAR_EVENTS_MEDIATED_BY_MAP_KINASES)
MAPK_signaling,PPP2R1B,MSigDB (original: REACTOME_MAPK_TARGETS_NUCLEAR_EVENTS_MEDIATED_BY_MAP_KINASES)
MAPK_signaling,MAPK10,MSigDB (original: REACTOME_MAPK_TARGETS_NUCLEAR_EVENTS_MEDIATED_BY_MAP_KINASES)
MAPK_signaling,JUN,MSigDB (original: REACTOME_MAPK_TARGETS_NUCLEAR_EVENTS_MEDIATED_BY_MAP_KINASES)
MAPK_signaling,MAPK11,MSigDB (original: REACTOME_MAPK_TARGETS_NUCLEAR_EVENTS_MEDIATED_BY_MAP_KINASES)
MAPK_signaling,MAPK14,MSigDB (original: REACTOME_MAPK_TARGETS_NUCLEAR_EVENTS_MEDIATED_BY_MAP_KINASES)
MAPK_signaling,DUSP7,MSigDB (original: REACTOME_MAPK_TARGETS_NUCLEAR_EVENTS_MEDIATED_BY_MAP_KINASES)
MAPK_signaling,PPP2R5D,MSigDB (original: REACTOME_MAPK_TARGETS_NUCLEAR_EVENTS_MEDIATED_BY_MAP_KINASES)
MAPK_signaling,MAPK3,MSigDB (original: REACTOME_MAPK_TARGETS_NUCLEAR_EVENTS_MEDIATED_BY_MAP_KINASES)
MAPK_signaling,MAPK1,MSigDB (original: REACTOME_MAPK_TARGETS_NUCLEAR_EVENTS_MEDIATED_BY_MAP_KINASES)
MAPK_signaling,IKBKG,MSigDB (original: REACTOME_ACTIVATED_TAK1_MEDIATES_P38_MAPK_ACTIVATION)
MAPK_signaling,UBC,MSigDB (original: REACTOME_ACTIVATED_TAK1_MEDIATES_P38_MAPK_ACTIVATION)
MAPK_signaling,TAB2,MSigDB (original: REACTOME_ACTIVATED_TAK1_MEDIATES_P38_MAPK_ACTIVATION)
MAPK_signaling,MAPKAPK2,MSigDB (original: REACTOME_ACTIVATED_TAK1_MEDIATES_P38_MAPK_ACTIVATION)
MAPK_signaling,MAP2K3,MSigDB (original: REACTOME_ACTIVATED_TAK1_MEDIATES_P38_MAPK_ACTIVATION)
MAPK_signaling,UBB,MSigDB (original: REACTOME_ACTIVATED_TAK1_MEDIATES_P38_MAPK_ACTIVATION)
MAPK_signaling,RPS27A,MSigDB (original: REACTOME_ACTIVATED_TAK1_MEDIATES_P38_MAPK_ACTIVATION)
MAPK_signaling,MAP2K6,MSigDB (original: REACTOME_ACTIVATED_TAK1_MEDIATES_P38_MAPK_ACTIVATION)
MAPK_signaling,TAB1,MSigDB (original: REACTOME_ACTIVATED_TAK1_MEDIATES_P38_MAPK_ACTIVATION)
MAPK_signaling,TRAF6,MSigDB (original: REACTOME_ACTIVATED_TAK1_MEDIATES_P38_MAPK_ACTIVATION)
MAPK_signaling,MAP3K7,MSigDB (original: REACTOME_ACTIVATED_TAK1_MEDIATES_P38_MAPK_ACTIVATION)
MAPK_signaling,IRAK1,MSigDB (original: REACTOME_ACTIVATED_TAK1_MEDIATES_P38_MAPK_ACTIVATION)
MAPK_signaling,MAPKAPK3,MSigDB (original: REACTOME_ACTIVATED_TAK1_MEDIATES_P38_MAPK_ACTIVATION)
MAPK_signaling,TAB3,MSigDB (original: REACTOME_ACTIVATED_TAK1_MEDIATES_P38_MAPK_ACTIVATION)
MAPK_signaling,NOD1,MSigDB (original: REACTOME_ACTIVATED_TAK1_MEDIATES_P38_MAPK_ACTIVATION)
MAPK_signaling,RIPK2,MSigDB (original: REACTOME_ACTIVATED_TAK1_MEDIATES_P38_MAPK_ACTIVATION)
MAPK_signaling,MAPK11,MSigDB (original: REACTOME_ACTIVATED_TAK1_MEDIATES_P38_MAPK_ACTIVATION)
MAPK_signaling,MAPK14,MSigDB (original: REACTOME_ACTIVATED_TAK1_MEDIATES_P38_MAPK_ACTIVATION)
MAPK_signaling,NOD2,MSigDB (original: REACTOME_ACTIVATED_TAK1_MEDIATES_P38_MAPK_ACTIVATION)
MAPK_signaling,IRAK2,MSigDB (original: REACTOME_ACTIVATED_TAK1_MEDIATES_P38_MAPK_ACTIVATION)
MAPK_signaling,GM11808,MSigDB (original: REACTOME_ACTIVATED_TAK1_MEDIATES_P38_MAPK_ACTIVATION)
MAPK_signaling,UBE2N,MSigDB (original: REACTOME_ACTIVATED_TAK1_MEDIATES_P38_MAPK_ACTIVATION)
MAPK_signaling,UBE2V1,MSigDB (original: REACTOME_ACTIVATED_TAK1_MEDIATES_P38_MAPK_ACTIVATION)
MAPK_signaling,UBA52,MSigDB (original: REACTOME_ACTIVATED_TAK1_MEDIATES_P38_MAPK_ACTIVATION)
p53_pathway,COX5A,MSigDB (original: REACTOME_TP53_REGULATES_METABOLIC_GENES)
p53_pathway,AKT1,MSigDB (original: REACTOME_TP53_REGULATES_METABOLIC_GENES)
p53_pathway,TACO1,MSigDB (original: REACTOME_TP53_REGULATES_METABOLIC_GENES)
p53_pathway,TSC2,MSigDB (original: REACTOME_TP53_REGULATES_METABOLIC_GENES)
p53_pathway,AKT2,MSigDB (original: REACTOME_TP53_REGULATES_METABOLIC_GENES)
p53_pathway,PRDX2,MSigDB (original: REACTOME_TP53_REGULATES_METABOLIC_GENES)
p53_pathway,PRKAG3,MSigDB (original: REACTOME_TP53_REGULATES_METABOLIC_GENES)
p53_pathway,SURF1,MSigDB (original: REACTOME_TP53_REGULATES_METABOLIC_GENES)
p53_pathway,COX7C,MSigDB (original: REACTOME_TP53_REGULATES_METABOLIC_GENES)
p53_pathway,YWHAB,MSigDB (original: REACTOME_TP53_REGULATES_METABOLIC_GENES)
p53_pathway,YWHAH,MSigDB (original: REACTOME_TP53_REGULATES_METABOLIC_GENES)
p53_pathway,AKT3,MSigDB (original: REACTOME_TP53_REGULATES_METABOLIC_GENES)
p53_pathway,DDIT4,MSigDB (original: REACTOME_TP53_REGULATES_METABOLIC_GENES)
p53_pathway,TXNRD1,MSigDB (original: REACTOME_TP53_REGULATES_METABOLIC_GENES)
p53_pathway,COX11,MSigDB (original: REACTOME_TP53_REGULATES_METABOLIC_GENES)
p53_pathway,YWHAE,MSigDB (original: REACTOME_TP53_REGULATES_METABOLIC_GENES)
p53_pathway,YWHAZ,MSigDB (original: REACTOME_TP53_REGULATES_METABOLIC_GENES)
p53_pathway,COX14,MSigDB (original: REACTOME_TP53_REGULATES_METABOLIC_GENES)
p53_pathway,LRPPRC,MSigDB (original: REACTOME_TP53_REGULATES_METABOLIC_GENES)
p53_pathway,MLST8,MSigDB (original: REACTOME_TP53_REGULATES_METABOLIC_GENES)
p53_pathway,COX7A2L,MSigDB (original: REACTOME_TP53_REGULATES_METABOLIC_GENES)
p53_pathway,PRDX5,MSigDB (original: REACTOME_TP53_REGULATES_METABOLIC_GENES)
p53_pathway,RPTOR,MSigDB (original: REACTOME_TP53_REGULATES_METABOLIC_GENES)
p53_pathway,GLS,MSigDB (original: REACTOME_TP53_REGULATES_METABOLIC_GENES)
p53_pathway,COX20,MSigDB (original: REACTOME_TP53_REGULATES_METABOLIC_GENES)
p53_pathway,TSC1,MSigDB (original: REACTOME_TP53_REGULATES_METABOLIC_GENES)
p53_pathway,LAMTOR2,MSigDB (original: REACTOME_TP53_REGULATES_METABOLIC_GENES)
p53_pathway,RRAGD,MSigDB (original: REACTOME_TP53_REGULATES_METABOLIC_GENES)
p53_pathway,TXN1,MSigDB (original: REACTOME_TP53_REGULATES_METABOLIC_GENES)
p53_pathway,PRKAA2,MSigDB (original: REACTOME_TP53_REGULATES_METABOLIC_GENES)
p53_pathway,RRAGC,MSigDB (original: REACTOME_TP53_REGULATES_METABOLIC_GENES)
p53_pathway,PRDX1,MSigDB (original: REACTOME_TP53_REGULATES_METABOLIC_GENES)
p53_pathway,SESN2,MSigDB (original: REACTOME_TP53_REGULATES_METABOLIC_GENES)
p53_pathway,PRKAG2,MSigDB (original: REACTOME_TP53_REGULATES_METABOLIC_GENES)
p53_pathway,RHEB,MSigDB (original: REACTOME_TP53_REGULATES_METABOLIC_GENES)
p53_pathway,MTOR,MSigDB (original: REACTOME_TP53_REGULATES_METABOLIC_GENES)
p53_pathway,PRKAB1,MSigDB (original: REACTOME_TP53_REGULATES_METABOLIC_GENES)
p53_pathway,NDUFA4,MSigDB (original: REACTOME_TP53_REGULATES_METABOLIC_GENES)
p53_pathway,LAMTOR1,MSigDB (original: REACTOME_TP53_REGULATES_METABOLIC_GENES)
p53_pathway,COX7B,MSigDB (original: REACTOME_TP53_REGULATES_METABOLIC_GENES)
p53_pathway,G6PDX,MSigDB (original: REACTOME_TP53_REGULATES_METABOLIC_GENES)
p53_pathway,GSR,MSigDB (original: REACTOME_TP53_REGULATES_METABOLIC_GENES)
p53_pathway,COX4I1,MSigDB (original: REACTOME_TP53_REGULATES_METABOLIC_GENES)
p53_pathway,SESN3,MSigDB (original: REACTOME_TP53_REGULATES_METABOLIC_GENES)
p53_pathway,COX18,MSigDB (original: REACTOME_TP53_REGULATES_METABOLIC_GENES)
p53_pathway,COX8A,MSigDB (original: REACTOME_TP53_REGULATES_METABOLIC_GENES)
p53_pathway,GPI1,MSigDB (original: REACTOME_TP53_REGULATES_METABOLIC_GENES)
p53_pathway,COX6B1,MSigDB (original: REACTOME_TP53_REGULATES_METABOLIC_GENES)
p53_pathway,TIGAR,MSigDB (original: REACTOME_TP53_REGULATES_METABOLIC_GENES)
p53_pathway,PRKAB2,MSigDB (original: REACTOME_TP53_REGULATES_METABOLIC_GENES)
p53_pathway,SESN1,MSigDB (original: REACTOME_TP53_REGULATES_METABOLIC_GENES)
p53_pathway,RRAGB,MSigDB (original: REACTOME_TP53_REGULATES_METABOLIC_GENES)
p53_pathway,COX6A1,MSigDB (original: REACTOME_TP53_REGULATES_METABOLIC_GENES)
p53_pathway,GPX2,MSigDB (original: REACTOME_TP53_REGULATES_METABOLIC_GENES)
p53_pathway,GLS2,MSigDB (original: REACTOME_TP53_REGULATES_METABOLIC_GENES)
p53_pathway,COX19,MSigDB (original: REACTOME_TP53_REGULATES_METABOLIC_GENES)
p53_pathway,SFN,MSigDB (original: REACTOME_TP53_REGULATES_METABOLIC_GENES)
p53_pathway,SLC38A9,MSigDB (original: REACTOME_TP53_REGULATES_METABOLIC_GENES)
p53_pathway,LAMTOR4,MSigDB (original: REACTOME_TP53_REGULATES_METABOLIC_GENES)
p53_pathway,PRKAA1,MSigDB (original: REACTOME_TP53_REGULATES_METABOLIC_GENES)
p53_pathway,YWHAG,MSigDB (original: REACTOME_TP53_REGULATES_METABOLIC_GENES)
p53_pathway,GM10053,MSigDB (original: REACTOME_TP53_REGULATES_METABOLIC_GENES)
p53_pathway,COX5B,MSigDB (original: REACTOME_TP53_REGULATES_METABOLIC_GENES)
p53_pathway,CYCS,MSigDB (original: REACTOME_TP53_REGULATES_METABOLIC_GENES)
p53_pathway,MT-CO1,MSigDB (original: REACTOME_TP53_REGULATES_METABOLIC_GENES)
p53_pathway,MT-CO2,MSigDB (original: REACTOME_TP53_REGULATES_METABOLIC_GENES)
p53_pathway,MT-CO3,MSigDB (original: REACTOME_TP53_REGULATES_METABOLIC_GENES)
p53_pathway,PRKAG1,MSigDB (original: REACTOME_TP53_REGULATES_METABOLIC_GENES)
p53_pathway,SCO1,MSigDB (original: REACTOME_TP53_REGULATES_METABOLIC_GENES)
p53_pathway,RRAGA,MSigDB (original: REACTOME_TP53_REGULATES_METABOLIC_GENES)
p53_pathway,YWHAQ,MSigDB (original: REACTOME_TP53_REGULATES_METABOLIC_GENES)
p53_pathway,LAMTOR5,MSigDB (original: REACTOME_TP53_REGULATES_METABOLIC_GENES)
p53_pathway,LAMTOR3,MSigDB (original: REACTOME_TP53_REGULATES_METABOLIC_GENES)
p53_pathway,SCO2,MSigDB (original: REACTOME_TP53_REGULATES_METABOLIC_GENES)
p53_pathway,COX16,MSigDB (original: REACTOME_TP53_REGULATES_METABOLIC_GENES)
p53_pathway,ZFP385A,MSigDB (original: REACTOME_REGULATION_OF_TP53_ACTIVITY)
p53_pathway,RPA1,MSigDB (original: REACTOME_REGULATION_OF_TP53_ACTIVITY)
p53_pathway,BRPF1,MSigDB (original: REACTOME_REGULATION_OF_TP53_ACTIVITY)
p53_pathway,AKT1,MSigDB (original: REACTOME_REGULATION_OF_TP53_ACTIVITY)
p53_pathway,DAXX,MSigDB (original: REACTOME_REGULATION_OF_TP53_ACTIVITY)
p53_pathway,TOP3A,MSigDB (original: REACTOME_REGULATION_OF_TP53_ACTIVITY)
p53_pathway,STK11,MSigDB (original: REACTOME_REGULATION_OF_TP53_ACTIVITY)
p53_pathway,AKT2,MSigDB (original: REACTOME_REGULATION_OF_TP53_ACTIVITY)
p53_pathway,TTC5,MSigDB (original: REACTOME_REGULATION_OF_TP53_ACTIVITY)
p53_pathway,PRKAG3,MSigDB (original: REACTOME_REGULATION_OF_TP53_ACTIVITY)
p53_pathway,PPP2R1A,MSigDB (original: REACTOME_REGULATION_OF_TP53_ACTIVITY)
p53_pathway,UBC,MSigDB (original: REACTOME_REGULATION_OF_TP53_ACTIVITY)
p53_pathway,HIPK1,MSigDB (original: REACTOME_REGULATION_OF_TP53_ACTIVITY)
p53_pathway,PPP2CB,MSigDB (original: REACTOME_REGULATION_OF_TP53_ACTIVITY)
p53_pathway,RPA3,MSigDB (original: REACTOME_REGULATION_OF_TP53_ACTIVITY)
p53_pathway,EHMT2,MSigDB (original: REACTOME_REGULATION_OF_TP53_ACTIVITY)
p53_pathway,TBP,MSigDB (original: REACTOME_REGULATION_OF_TP53_ACTIVITY)
p53_pathway,BRCA1,MSigDB (original: REACTOME_REGULATION_OF_TP53_ACTIVITY)
p53_pathway,PPP2R5C,MSigDB (original: REACTOME_REGULATION_OF_TP53_ACTIVITY)
p53_pathway,CHD3,MSigDB (original: REACTOME_REGULATION_OF_TP53_ACTIVITY)
p53_pathway,PIP4K2B,MSigDB (original: REACTOME_REGULATION_OF_TP53_ACTIVITY)
p53_pathway,UBB,MSigDB (original: REACTOME_REGULATION_OF_TP53_ACTIVITY)
p53_pathway,AKT3,MSigDB (original: REACTOME_REGULATION_OF_TP53_ACTIVITY)
p53_pathway,CDK1,MSigDB (original: REACTOME_REGULATION_OF_TP53_ACTIVITY)
p53_pathway,SGK1,MSigDB (original: REACTOME_REGULATION_OF_TP53_ACTIVITY)
p53_pathway,NUAK1,MSigDB (original: REACTOME_REGULATION_OF_TP53_ACTIVITY)
p53_pathway,MDM2,MSigDB (original: REACTOME_REGULATION_OF_TP53_ACTIVITY)
p53_pathway,CCNG1,MSigDB (original: REACTOME_REGULATION_OF_TP53_ACTIVITY)
p53_pathway,PPP2CA,MSigDB (original: REACTOME_REGULATION_OF_TP53_ACTIVITY)
p53_pathway,RAD50,MSigDB (original: REACTOME_REGULATION_OF_TP53_ACTIVITY)
p53_pathway,HUS1,MSigDB (original: REACTOME_REGULATION_OF_TP53_ACTIVITY)
p53_pathway,RPS27A,MSigDB (original: REACTOME_REGULATION_OF_TP53_ACTIVITY)
p53_pathway,MAP2K6,MSigDB (original: REACTOME_REGULATION_OF_TP53_ACTIVITY)
p53_pathway,TAF15,MSigDB (original: REACTOME_REGULATION_OF_TP53_ACTIVITY)
p53_pathway,RFFL,MSigDB (original: REACTOME_REGULATION_OF_TP53_ACTIVITY)
p53_pathway,AURKB,MSigDB (original: REACTOME_REGULATION_OF_TP53_ACTIVITY)
p53_pathway,PPP1R13B,MSigDB (original: REACTOME_REGULATION_OF_TP53_ACTIVITY)
p53_pathway,RAD17,MSigDB (original: REACTOME_REGULATION_OF_TP53_ACTIVITY)
p53_pathway,JMY,MSigDB (original: REACTOME_REGULATION_OF_TP53_ACTIVITY)
p53_pathway,RAD1,MSigDB (original: REACTOME_REGULATION_OF_TP53_ACTIVITY)
p53_pathway,BRD1,MSigDB (original: REACTOME_REGULATION_OF_TP53_ACTIVITY)
p53_pathway,TRP63,MSigDB (original: REACTOME_REGULATION_OF_TP53_ACTIVITY)
p53_pathway,USP7,MSigDB (original: REACTOME_REGULATION_OF_TP53_ACTIVITY)
p53_pathway,RFC4,MSigDB (original: REACTOME_REGULATION_OF_TP53_ACTIVITY)
p53_pathway,RFC2,MSigDB (original: REACTOME_REGULATION_OF_TP53_ACTIVITY)
p53_pathway,PRMT5,MSigDB (original: REACTOME_REGULATION_OF_TP53_ACTIVITY)
p53_pathway,PDPK1,MSigDB (original: REACTOME_REGULATION_OF_TP53_ACTIVITY)
p53_pathway,MLST8,MSigDB (original: REACTOME_REGULATION_OF_TP53_ACTIVITY)
p53_pathway,TAF11,MSigDB (original: REACTOME_REGULATION_OF_TP53_ACTIVITY)
p53_pathway,CSNK2B,MSigDB (original: REACTOME_REGULATION_OF_TP53_ACTIVITY)
p53_pathway,RAD9A,MSigDB (original: REACTOME_REGULATION_OF_TP53_ACTIVITY)
p53_pathway,KAT5,MSigDB (original: REACTOME_REGULATION_OF_TP53_ACTIVITY)
p53_pathway,TAF5,MSigDB (original: REACTOME_REGULATION_OF_TP53_ACTIVITY)
p53_pathway,BANP,MSigDB (original: REACTOME_REGULATION_OF_TP53_ACTIVITY)
p53_pathway,CDK2,MSigDB (original: REACTOME_REGULATION_OF_TP53_ACTIVITY)
p53_pathway,PIP4K2C,MSigDB (original: REACTOME_REGULATION_OF_TP53_ACTIVITY)
p53_pathway,ATRIP,MSigDB (original: REACTOME_REGULATION_OF_TP53_ACTIVITY)
p53_pathway,TAF3,MSigDB (original: REACTOME_REGULATION_OF_TP53_ACTIVITY)
p53_pathway,BARD1,MSigDB (original: REACTOME_REGULATION_OF_TP53_ACTIVITY)
p53_pathway,ING5,MSigDB (original: REACTOME_REGULATION_OF_TP53_ACTIVITY)
p53_pathway,TRP53BP2,MSigDB (original: REACTOME_REGULATION_OF_TP53_ACTIVITY)
p53_pathway,SMYD2,MSigDB (original: REACTOME_REGULATION_OF_TP53_ACTIVITY)
p53_pathway,PIP4K2A,MSigDB (original: REACTOME_REGULATION_OF_TP53_ACTIVITY)
p53_pathway,SSRP1,MSigDB (original: REACTOME_REGULATION_OF_TP53_ACTIVITY)
p53_pathway,TPX2,MSigDB (original: REACTOME_REGULATION_OF_TP53_ACTIVITY)
p53_pathway,AURKA,MSigDB (original: REACTOME_REGULATION_OF_TP53_ACTIVITY)
p53_pathway,CCNA2,MSigDB (original: REACTOME_REGULATION_OF_TP53_ACTIVITY)
p53_pathway,CCNA1,MSigDB (original: REACTOME_REGULATION_OF_TP53_ACTIVITY)
p53_pathway,TRP53INP1,MSigDB (original: REACTOME_REGULATION_OF_TP53_ACTIVITY)
p53_pathway,NBN,MSigDB (original: REACTOME_REGULATION_OF_TP53_ACTIVITY)
p53_pathway,PRKAA2,MSigDB (original: REACTOME_REGULATION_OF_TP53_ACTIVITY)
p53_pathway,DYRK2,MSigDB (original: REACTOME_REGULATION_OF_TP53_ACTIVITY)
p53_pathway,PLK3,MSigDB (original: REACTOME_REGULATION_OF_TP53_ACTIVITY)
p53_pathway,HDAC1,MSigDB (original: REACTOME_REGULATION_OF_TP53_ACTIVITY)
p53_pathway,MEAF6,MSigDB (original: REACTOME_REGULATION_OF_TP53_ACTIVITY)
p53_pathway,TAF12,MSigDB (original: REACTOME_REGULATION_OF_TP53_ACTIVITY)
p53_pathway,PRKAG2,MSigDB (original: REACTOME_REGULATION_OF_TP53_ACTIVITY)
p53_pathway,CDK5,MSigDB (original: REACTOME_REGULATION_OF_TP53_ACTIVITY)
p53_pathway,MTOR,MSigDB (original: REACTOME_REGULATION_OF_TP53_ACTIVITY)
p53_pathway,TRP73,MSigDB (original: REACTOME_REGULATION_OF_TP53_ACTIVITY)
p53_pathway,RFC5,MSigDB (original: REACTOME_REGULATION_OF_TP53_ACTIVITY)
p53_pathway,MAPKAPK5,MSigDB (original: REACTOME_REGULATION_OF_TP53_ACTIVITY)
p53_pathway,RNF34,MSigDB (original: REACTOME_REGULATION_OF_TP53_ACTIVITY)
p53_pathway,PRKAB1,MSigDB (original: REACTOME_REGULATION_OF_TP53_ACTIVITY)
p53_pathway,CHEK2,MSigDB (original: REACTOME_REGULATION_OF_TP53_ACTIVITY)
p53_pathway,BLM,MSigDB (original: REACTOME_REGULATION_OF_TP53_ACTIVITY)
p53_pathway,TAF1,MSigDB (original: REACTOME_REGULATION_OF_TP53_ACTIVITY)
p53_pathway,RBBP7,MSigDB (original: REACTOME_REGULATION_OF_TP53_ACTIVITY)
p53_pathway,KAT6A,MSigDB (original: REACTOME_REGULATION_OF_TP53_ACTIVITY)
p53_pathway,WRN,MSigDB (original: REACTOME_REGULATION_OF_TP53_ACTIVITY)
p53_pathway,BRD7,MSigDB (original: REACTOME_REGULATION_OF_TP53_ACTIVITY)
p53_pathway,POU4F2,MSigDB (original: REACTOME_REGULATION_OF_TP53_ACTIVITY)
p53_pathway,MRE11A,MSigDB (original: REACTOME_REGULATION_OF_TP53_ACTIVITY)
p53_pathway,USP2,MSigDB (original: REACTOME_REGULATION_OF_TP53_ACTIVITY)
p53_pathway,PPP2R1B,MSigDB (original: REACTOME_REGULATION_OF_TP53_ACTIVITY)
p53_pathway,CHEK1,MSigDB (original: REACTOME_REGULATION_OF_TP53_ACTIVITY)
p53_pathway,PIN1,MSigDB (original: REACTOME_REGULATION_OF_TP53_ACTIVITY)
p53_pathway,TOPBP1,MSigDB (original: REACTOME_REGULATION_OF_TP53_ACTIVITY)
p53_pathway,RFC3,MSigDB (original: REACTOME_REGULATION_OF_TP53_ACTIVITY)
p53_pathway,ATM,MSigDB (original: REACTOME_REGULATION_OF_TP53_ACTIVITY)
p53_pathway,BRIP1,MSigDB (original: REACTOME_REGULATION_OF_TP53_ACTIVITY)
p53_pathway,RMI1,MSigDB (original: REACTOME_REGULATION_OF_TP53_ACTIVITY)
p53_pathway,MBD3,MSigDB (original: REACTOME_REGULATION_OF_TP53_ACTIVITY)
p53_pathway,L3MBTL1,MSigDB (original: REACTOME_REGULATION_OF_TP53_ACTIVITY)
p53_pathway,SUPT16,MSigDB (original: REACTOME_REGULATION_OF_TP53_ACTIVITY)
p53_pathway,PIP4P1,MSigDB (original: REACTOME_REGULATION_OF_TP53_ACTIVITY)
p53_pathway,PRR5,MSigDB (original: REACTOME_REGULATION_OF_TP53_ACTIVITY)
p53_pathway,GATAD2A,MSigDB (original: REACTOME_REGULATION_OF_TP53_ACTIVITY)
p53_pathway,DNA2,MSigDB (original: REACTOME_REGULATION_OF_TP53_ACTIVITY)
p53_pathway,EHMT1,MSigDB (original: REACTOME_REGULATION_OF_TP53_ACTIVITY)
p53_pathway,TAF6,MSigDB (original: REACTOME_REGULATION_OF_TP53_ACTIVITY)
p53_pathway,PML,MSigDB (original: REACTOME_REGULATION_OF_TP53_ACTIVITY)
p53_pathway,TAF2,MSigDB (original: REACTOME_REGULATION_OF_TP53_ACTIVITY)
p53_pathway,RMI2,MSigDB (original: REACTOME_REGULATION_OF_TP53_ACTIVITY)
p53_pathway,PHF20,MSigDB (original: REACTOME_REGULATION_OF_TP53_ACTIVITY)
p53_pathway,PRKAB2,MSigDB (original: REACTOME_REGULATION_OF_TP53_ACTIVITY)
p53_pathway,RAD9B,MSigDB (original: REACTOME_REGULATION_OF_TP53_ACTIVITY)
p53_pathway,MAPKAP1,MSigDB (original: REACTOME_REGULATION_OF_TP53_ACTIVITY)
p53_pathway,TAF4,MSigDB (original: REACTOME_REGULATION_OF_TP53_ACTIVITY)
p53_pathway,EXO1,MSigDB (original: REACTOME_REGULATION_OF_TP53_ACTIVITY)
p53_pathway,PPP1R13L,MSigDB (original: REACTOME_REGULATION_OF_TP53_ACTIVITY)
p53_pathway,RBBP8,MSigDB (original: REACTOME_REGULATION_OF_TP53_ACTIVITY)
p53_pathway,GATAD2B,MSigDB (original: REACTOME_REGULATION_OF_TP53_ACTIVITY)
p53_pathway,TRP53RKB,MSigDB (original: REACTOME_REGULATION_OF_TP53_ACTIVITY)
p53_pathway,TAF10,MSigDB (original: REACTOME_REGULATION_OF_TP53_ACTIVITY)
p53_pathway,CSNK2A2,MSigDB (original: REACTOME_REGULATION_OF_TP53_ACTIVITY)
p53_pathway,TAF9B,MSigDB (original: REACTOME_REGULATION_OF_TP53_ACTIVITY)
p53_pathway,TAF13,MSigDB (original: REACTOME_REGULATION_OF_TP53_ACTIVITY)
p53_pathway,POU4F1,MSigDB (original: REACTOME_REGULATION_OF_TP53_ACTIVITY)
p53_pathway,RHNO1,MSigDB (original: REACTOME_REGULATION_OF_TP53_ACTIVITY)
p53_pathway,CDK5R1,MSigDB (original: REACTOME_REGULATION_OF_TP53_ACTIVITY)
p53_pathway,KMT5A,MSigDB (original: REACTOME_REGULATION_OF_TP53_ACTIVITY)
p53_pathway,RICTOR,MSigDB (original: REACTOME_REGULATION_OF_TP53_ACTIVITY)
p53_pathway,PRKAA1,MSigDB (original: REACTOME_REGULATION_OF_TP53_ACTIVITY)
p53_pathway,TAF7,MSigDB (original: REACTOME_REGULATION_OF_TP53_ACTIVITY)
p53_pathway,TAF9,MSigDB (original: REACTOME_REGULATION_OF_TP53_ACTIVITY)
p53_pathway,MAPK11,MSigDB (original: REACTOME_REGULATION_OF_TP53_ACTIVITY)
p53_pathway,MAPK14,MSigDB (original: REACTOME_REGULATION_OF_TP53_ACTIVITY)
p53_pathway,TAF4B,MSigDB (original: REACTOME_REGULATION_OF_TP53_ACTIVITY)
p53_pathway,MDM4,MSigDB (original: REACTOME_REGULATION_OF_TP53_ACTIVITY)
p53_pathway,EP300,MSigDB (original: REACTOME_REGULATION_OF_TP53_ACTIVITY)
p53_pathway,RBBP4,MSigDB (original: REACTOME_REGULATION_OF_TP53_ACTIVITY)
p53_pathway,TRP53,MSigDB (original: REACTOME_REGULATION_OF_TP53_ACTIVITY)
p53_pathway,HIPK2,MSigDB (original: REACTOME_REGULATION_OF_TP53_ACTIVITY)
p53_pathway,ING2,MSigDB (original: REACTOME_REGULATION_OF_TP53_ACTIVITY)
p53_pathway,CHD4,MSigDB (original: REACTOME_REGULATION_OF_TP53_ACTIVITY)
p53_pathway,BRPF3,MSigDB (original: REACTOME_REGULATION_OF_TP53_ACTIVITY)
p53_pathway,PRKAG1,MSigDB (original: REACTOME_REGULATION_OF_TP53_ACTIVITY)
p53_pathway,GM11808,MSigDB (original: REACTOME_REGULATION_OF_TP53_ACTIVITY)
p53_pathway,MTA2,MSigDB (original: REACTOME_REGULATION_OF_TP53_ACTIVITY)
p53_pathway,CSNK2A1,MSigDB (original: REACTOME_REGULATION_OF_TP53_ACTIVITY)
p53_pathway,TAF7L2,MSigDB (original: REACTOME_REGULATION_OF_TP53_ACTIVITY)
p53_pathway,AK6,MSigDB (original: REACTOME_REGULATION_OF_TP53_ACTIVITY)
p53_pathway,UBA52,MSigDB (original: REACTOME_REGULATION_OF_TP53_ACTIVITY)
p53_pathway,NOC2L,MSigDB (original: REACTOME_REGULATION_OF_TP53_ACTIVITY)
p53_pathway,IGFBP3,MSigDB (original: REACTOME_TP53_REGULATES_TRANSCRIPTION_OF_CELL_DEATH_GENES)
p53_pathway,PRELID1,MSigDB (original: REACTOME_TP53_REGULATES_TRANSCRIPTION_OF_CELL_DEATH_GENES)
p53_pathway,BNIP3L,MSigDB (original: REACTOME_TP53_REGULATES_TRANSCRIPTION_OF_CELL_DEATH_GENES)
p53_pathway,PRELID3A,MSigDB (original: REACTOME_TP53_REGULATES_TRANSCRIPTION_OF_CELL_DEATH_GENES)
p53_pathway,PIDD1,MSigDB (original: REACTOME_TP53_REGULATES_TRANSCRIPTION_OF_CELL_DEATH_GENES)
p53_pathway,CHM,MSigDB (original: REACTOME_TP53_REGULATES_TRANSCRIPTION_OF_CELL_DEATH_GENES)
p53_pathway,STEAP3,MSigDB (original: REACTOME_TP53_REGULATES_TRANSCRIPTION_OF_CELL_DEATH_GENES)
p53_pathway,TRIAP1,MSigDB (original: REACTOME_TP53_REGULATES_TRANSCRIPTION_OF_CELL_DEATH_GENES)
p53_pathway,CASP2,MSigDB (original: REACTOME_TP53_REGULATES_TRANSCRIPTION_OF_CELL_DEATH_GENES)
p53_pathway,ATM,MSigDB (original: REACTOME_TP53_REGULATES_TRANSCRIPTION_OF_CELL_DEATH_GENES)
p53_pathway,RABGGTB,MSigDB (original: REACTOME_TP53_REGULATES_TRANSCRIPTION_OF_CELL_DEATH_GENES)
p53_pathway,RABGGTA,MSigDB (original: REACTOME_TP53_REGULATES_TRANSCRIPTION_OF_CELL_DEATH_GENES)
p53_pathway,CRADD,MSigDB (original: REACTOME_TP53_REGULATES_TRANSCRIPTION_OF_CELL_DEATH_GENES)
p53_pathway,ZFP420,MSigDB (original: REACTOME_TP53_REGULATES_TRANSCRIPTION_OF_CELL_DEATH_GENES)
p53_pathway,TMEM219,MSigDB (original: REACTOME_TP53_REGULATES_TRANSCRIPTION_OF_CELL_DEATH_GENES)
MAPK_signaling,RAF1,MSigDB (original: REACTOME_MAP2K_AND_MAPK_ACTIVATION)
MAPK_signaling,ARAF,MSigDB (original: REACTOME_MAP2K_AND_MAPK_ACTIVATION)
MAPK_signaling,VWF,MSigDB (original: REACTOME_MAP2K_AND_MAPK_ACTIVATION)
MAPK_signaling,BRAF,MSigDB (original: REACTOME_MAP2K_AND_MAPK_ACTIVATION)
MAPK_signaling,MAP2K1,MSigDB (original: REACTOME_MAP2K_AND_MAPK_ACTIVATION)
MAPK_signaling,WDR83,MSigDB (original: REACTOME_MAP2K_AND_MAPK_ACTIVATION)
MAPK_signaling,MARK3,MSigDB (original: REACTOME_MAP2K_AND_MAPK_ACTIVATION)
MAPK_signaling,YWHAB,MSigDB (original: REACTOME_MAP2K_AND_MAPK_ACTIVATION)
MAPK_signaling,KSR1,MSigDB (original: REACTOME_MAP2K_AND_MAPK_ACTIVATION)
MAPK_signaling,ARRB1,MSigDB (original: REACTOME_MAP2K_AND_MAPK_ACTIVATION)
MAPK_signaling,ITGB3,MSigDB (original: REACTOME_MAP2K_AND_MAPK_ACTIVATION)
MAPK_signaling,VCL,MSigDB (original: REACTOME_MAP2K_AND_MAPK_ACTIVATION)
MAPK_signaling,HRAS,MSigDB (original: REACTOME_MAP2K_AND_MAPK_ACTIVATION)
MAPK_signaling,CNKSR2,MSigDB (original: REACTOME_MAP2K_AND_MAPK_ACTIVATION)
MAPK_signaling,FN1,MSigDB (original: REACTOME_MAP2K_AND_MAPK_ACTIVATION)
MAPK_signaling,APBB1IP,MSigDB (original: REACTOME_MAP2K_AND_MAPK_ACTIVATION)
MAPK_signaling,SRC,MSigDB (original: REACTOME_MAP2K_AND_MAPK_ACTIVATION)
MAPK_signaling,FGA,MSigDB (original: REACTOME_MAP2K_AND_MAPK_ACTIVATION)
MAPK_signaling,LAMTOR2,MSigDB (original: REACTOME_MAP2K_AND_MAPK_ACTIVATION)
MAPK_signaling,TLN1,MSigDB (original: REACTOME_MAP2K_AND_MAPK_ACTIVATION)
MAPK_signaling,CNKSR1,MSigDB (original: REACTOME_MAP2K_AND_MAPK_ACTIVATION)
MAPK_signaling,ACTB,MSigDB (original: REACTOME_MAP2K_AND_MAPK_ACTIVATION)
MAPK_signaling,KRAS,MSigDB (original: REACTOME_MAP2K_AND_MAPK_ACTIVATION)
MAPK_signaling,IQGAP1,MSigDB (original: REACTOME_MAP2K_AND_MAPK_ACTIVATION)
MAPK_signaling,CSK,MSigDB (original: REACTOME_MAP2K_AND_MAPK_ACTIVATION)
MAPK_signaling,PEBP1,MSigDB (original: REACTOME_MAP2K_AND_MAPK_ACTIVATION)
MAPK_signaling,FGB,MSigDB (original: REACTOME_MAP2K_AND_MAPK_ACTIVATION)
MAPK_signaling,FGG,MSigDB (original: REACTOME_MAP2K_AND_MAPK_ACTIVATION)
MAPK_signaling,ITGA2B,MSigDB (original: REACTOME_MAP2K_AND_MAPK_ACTIVATION)
MAPK_signaling,MAP2K2,MSigDB (original: REACTOME_MAP2K_AND_MAPK_ACTIVATION)
MAPK_signaling,IL17RD,MSigDB (original: REACTOME_MAP2K_AND_MAPK_ACTIVATION)
MAPK_signaling,RAP1B,MSigDB (original: REACTOME_MAP2K_AND_MAPK_ACTIVATION)
MAPK_signaling,ARRB2,MSigDB (original: REACTOME_MAP2K_AND_MAPK_ACTIVATION)
MAPK_signaling,KSR2,MSigDB (original: REACTOME_MAP2K_AND_MAPK_ACTIVATION)
MAPK_signaling,ACTG1,MSigDB (original: REACTOME_MAP2K_AND_MAPK_ACTIVATION)
MAPK_signaling,MAPK3,MSigDB (original: REACTOME_MAP2K_AND_MAPK_ACTIVATION)
MAPK_signaling,MAPK1,MSigDB (original: REACTOME_MAP2K_AND_MAPK_ACTIVATION)
MAPK_signaling,RAP1A,MSigDB (original: REACTOME_MAP2K_AND_MAPK_ACTIVATION)
MAPK_signaling,LAMTOR3,MSigDB (original: REACTOME_MAP2K_AND_MAPK_ACTIVATION)
MAPK_signaling,RAF1,MSigDB (original: REACTOME_NEGATIVE_FEEDBACK_REGULATION_OF_MAPK_PATHWAY)
MAPK_signaling,BRAF,MSigDB (original: REACTOME_NEGATIVE_FEEDBACK_REGULATION_OF_MAPK_PATHWAY)
MAPK_signaling,MAP2K1,MSigDB (original: REACTOME_NEGATIVE_FEEDBACK_REGULATION_OF_MAPK_PATHWAY)
MAPK_signaling,MAP2K2,MSigDB (original: REACTOME_NEGATIVE_FEEDBACK_REGULATION_OF_MAPK_PATHWAY)
MAPK_signaling,MAPK3,MSigDB (original: REACTOME_NEGATIVE_FEEDBACK_REGULATION_OF_MAPK_PATHWAY)
MAPK_signaling,MAPK1,MSigDB (original: REACTOME_NEGATIVE_FEEDBACK_REGULATION_OF_MAPK_PATHWAY)
MAPK_signaling,RAF1,MSigDB (original: REACTOME_NEGATIVE_REGULATION_OF_MAPK_PATHWAY)
MAPK_signaling,ARAF,MSigDB (original: REACTOME_NEGATIVE_REGULATION_OF_MAPK_PATHWAY)
MAPK_signaling,BRAF,MSigDB (original: REACTOME_NEGATIVE_REGULATION_OF_MAPK_PATHWAY)
MAPK_signaling,PPP5C,MSigDB (original: REACTOME_NEGATIVE_REGULATION_OF_MAPK_PATHWAY)
MAPK_signaling,MAP2K1,MSigDB (original: REACTOME_NEGATIVE_REGULATION_OF_MAPK_PATHWAY)
MAPK_signaling,MARK3,MSigDB (original: REACTOME_NEGATIVE_REGULATION_OF_MAPK_PATHWAY)
MAPK_signaling,PPP2R1A,MSigDB (original: REACTOME_NEGATIVE_REGULATION_OF_MAPK_PATHWAY)
MAPK_signaling,UBC,MSigDB (original: REACTOME_NEGATIVE_REGULATION_OF_MAPK_PATHWAY)
MAPK_signaling,PPP2CB,MSigDB (original: REACTOME_NEGATIVE_REGULATION_OF_MAPK_PATHWAY)
MAPK_signaling,PPP2R5C,MSigDB (original: REACTOME_NEGATIVE_REGULATION_OF_MAPK_PATHWAY)
MAPK_signaling,YWHAB,MSigDB (original: REACTOME_NEGATIVE_REGULATION_OF_MAPK_PATHWAY)
MAPK_signaling,KSR1,MSigDB (original: REACTOME_NEGATIVE_REGULATION_OF_MAPK_PATHWAY)
MAPK_signaling,UBB,MSigDB (original: REACTOME_NEGATIVE_REGULATION_OF_MAPK_PATHWAY)
MAPK_signaling,DUSP6,MSigDB (original: REACTOME_NEGATIVE_REGULATION_OF_MAPK_PATHWAY)
MAPK_signaling,PPP2CA,MSigDB (original: REACTOME_NEGATIVE_REGULATION_OF_MAPK_PATHWAY)
MAPK_signaling,RPS27A,MSigDB (original: REACTOME_NEGATIVE_REGULATION_OF_MAPK_PATHWAY)
MAPK_signaling,PPP2R5E,MSigDB (original: REACTOME_NEGATIVE_REGULATION_OF_MAPK_PATHWAY)
MAPK_signaling,MAPK12,MSigDB (original: REACTOME_NEGATIVE_REGULATION_OF_MAPK_PATHWAY)
MAPK_signaling,DUSP1,MSigDB (original: REACTOME_NEGATIVE_REGULATION_OF_MAPK_PATHWAY)
MAPK_signaling,PPP2R5B,MSigDB (original: REACTOME_NEGATIVE_REGULATION_OF_MAPK_PATHWAY)
MAPK_signaling,HRAS,MSigDB (original: REACTOME_NEGATIVE_REGULATION_OF_MAPK_PATHWAY)
MAPK_signaling,PPP2R5A,MSigDB (original: REACTOME_NEGATIVE_REGULATION_OF_MAPK_PATHWAY)
MAPK_signaling,DUSP2,MSigDB (original: REACTOME_NEGATIVE_REGULATION_OF_MAPK_PATHWAY)
MAPK_signaling,BRAP,MSigDB (original: REACTOME_NEGATIVE_REGULATION_OF_MAPK_PATHWAY)
MAPK_signaling,DUSP16,MSigDB (original: REACTOME_NEGATIVE_REGULATION_OF_MAPK_PATHWAY)
MAPK_signaling,KRAS,MSigDB (original: REACTOME_NEGATIVE_REGULATION_OF_MAPK_PATHWAY)
MAPK_signaling,DUSP9,MSigDB (original: REACTOME_NEGATIVE_REGULATION_OF_MAPK_PATHWAY)
MAPK_signaling,PTPN7,MSigDB (original: REACTOME_NEGATIVE_REGULATION_OF_MAPK_PATHWAY)
MAPK_signaling,DUSP4,MSigDB (original: REACTOME_NEGATIVE_REGULATION_OF_MAPK_PATHWAY)
MAPK_signaling,PPP2R1B,MSigDB (original: REACTOME_NEGATIVE_REGULATION_OF_MAPK_PATHWAY)
MAPK_signaling,PEBP1,MSigDB (original: REACTOME_NEGATIVE_REGULATION_OF_MAPK_PATHWAY)
MAPK_signaling,DUSP5,MSigDB (original: REACTOME_NEGATIVE_REGULATION_OF_MAPK_PATHWAY)
MAPK_signaling,MAP2K2,MSigDB (original: REACTOME_NEGATIVE_REGULATION_OF_MAPK_PATHWAY)
MAPK_signaling,DUSP8,MSigDB (original: REACTOME_NEGATIVE_REGULATION_OF_MAPK_PATHWAY)
MAPK_signaling,PTPN3,MSigDB (original: REACTOME_NEGATIVE_REGULATION_OF_MAPK_PATHWAY)
MAPK_signaling,DUSP10,MSigDB (original: REACTOME_NEGATIVE_REGULATION_OF_MAPK_PATHWAY)
MAPK_signaling,DUSP7,MSigDB (original: REACTOME_NEGATIVE_REGULATION_OF_MAPK_PATHWAY)
MAPK_signaling,PAQR3,MSigDB (original: REACTOME_NEGATIVE_REGULATION_OF_MAPK_PATHWAY)
MAPK_signaling,PPP2R5D,MSigDB (original: REACTOME_NEGATIVE_REGULATION_OF_MAPK_PATHWAY)
MAPK_signaling,MAPK3,MSigDB (original: REACTOME_NEGATIVE_REGULATION_OF_MAPK_PATHWAY)
MAPK_signaling,MAPK1,MSigDB (original: REACTOME_NEGATIVE_REGULATION_OF_MAPK_PATHWAY)
MAPK_signaling,GM11808,MSigDB (original: REACTOME_NEGATIVE_REGULATION_OF_MAPK_PATHWAY)
MAPK_signaling,UBA52,MSigDB (original: REACTOME_NEGATIVE_REGULATION_OF_MAPK_PATHWAY)
MAPK_signaling,FGF23,MSigDB (original: REACTOME_MAPK_FAMILY_SIGNALING_CASCADES)
MAPK_signaling,FGF6,MSigDB (original: REACTOME_MAPK_FAMILY_SIGNALING_CASCADES)
MAPK_signaling,RAF1,MSigDB (original: REACTOME_MAPK_FAMILY_SIGNALING_CASCADES)
MAPK_signaling,PDGFB,MSigDB (original: REACTOME_MAPK_FAMILY_SIGNALING_CASCADES)
MAPK_signaling,DLG3,MSigDB (original: REACTOME_MAPK_FAMILY_SIGNALING_CASCADES)
MAPK_signaling,ARAF,MSigDB (original: REACTOME_MAPK_FAMILY_SIGNALING_CASCADES)
MAPK_signaling,CALM1,MSigDB (original: REACTOME_MAPK_FAMILY_SIGNALING_CASCADES)
MAPK_signaling,SEPTIN7,MSigDB (original: REACTOME_MAPK_FAMILY_SIGNALING_CASCADES)
MAPK_signaling,RAC1,MSigDB (original: REACTOME_MAPK_FAMILY_SIGNALING_CASCADES)
MAPK_signaling,VWF,MSigDB (original: REACTOME_MAPK_FAMILY_SIGNALING_CASCADES)
MAPK_signaling,PSMC3,MSigDB (original: REACTOME_MAPK_FAMILY_SIGNALING_CASCADES)
MAPK_signaling,BRAF,MSigDB (original: REACTOME_MAPK_FAMILY_SIGNALING_CASCADES)
MAPK_signaling,PSPN,MSigDB (original: REACTOME_MAPK_FAMILY_SIGNALING_CASCADES)
MAPK_signaling,GRIN2D,MSigDB (original: REACTOME_MAPK_FAMILY_SIGNALING_CASCADES)
MAPK_signaling,PPP5C,MSigDB (original: REACTOME_MAPK_FAMILY_SIGNALING_CASCADES)
MAPK_signaling,ABHD17A,MSigDB (original: REACTOME_MAPK_FAMILY_SIGNALING_CASCADES)
MAPK_signaling,MAP3K11,MSigDB (original: REACTOME_MAPK_FAMILY_SIGNALING_CASCADES)
MAPK_signaling,CUL3,MSigDB (original: REACTOME_MAPK_FAMILY_SIGNALING_CASCADES)
MAPK_signaling,PPP1CC,MSigDB (original: REACTOME_MAPK_FAMILY_SIGNALING_CASCADES)
MAPK_signaling,MAP2K1,MSigDB (original: REACTOME_MAPK_FAMILY_SIGNALING_CASCADES)
MAPK_signaling,HSPB1,MSigDB (original: REACTOME_MAPK_FAMILY_SIGNALING_CASCADES)
MAPK_signaling,RASA4,MSigDB (original: REACTOME_MAPK_FAMILY_SIGNALING_CASCADES)
MAPK_signaling,PRKACB,MSigDB (original: REACTOME_MAPK_FAMILY_SIGNALING_CASCADES)
MAPK_signaling,WDR83,MSigDB (original: REACTOME_MAPK_FAMILY_SIGNALING_CASCADES)
MAPK_signaling,FGFR4,MSigDB (original: REACTOME_MAPK_FAMILY_SIGNALING_CASCADES)
MAPK_signaling,IL5RA,MSigDB (original: REACTOME_MAPK_FAMILY_SIGNALING_CASCADES)
MAPK_signaling,PRKACA,MSigDB (original: REACTOME_MAPK_FAMILY_SIGNALING_CASCADES)
MAPK_signaling,DNAJB1,MSigDB (original: REACTOME_MAPK_FAMILY_SIGNALING_CASCADES)
MAPK_signaling,PSMD4,MSigDB (original: REACTOME_MAPK_FAMILY_SIGNALING_CASCADES)
MAPK_signaling,KIT,MSigDB (original: REACTOME_MAPK_FAMILY_SIGNALING_CASCADES)
MAPK_signaling,PSMB4,MSigDB (original: REACTOME_MAPK_FAMILY_SIGNALING_CASCADES)
MAPK_signaling,TEK,MSigDB (original: REACTOME_MAPK_FAMILY_SIGNALING_CASCADES)
MAPK_signaling,CDC42,MSigDB (original: REACTOME_MAPK_FAMILY_SIGNALING_CASCADES)
MAPK_signaling,PSMD2,MSigDB (original: REACTOME_MAPK_FAMILY_SIGNALING_CASCADES)
MAPK_signaling,MARK3,MSigDB (original: REACTOME_MAPK_FAMILY_SIGNALING_CASCADES)
MAPK_signaling,PPP2R1A,MSigDB (original: REACTOME_MAPK_FAMILY_SIGNALING_CASCADES)
MAPK_signaling,BCL2L1,MSigDB (original: REACTOME_MAPK_FAMILY_SIGNALING_CASCADES)
MAPK_signaling,UBC,MSigDB (original: REACTOME_MAPK_FAMILY_SIGNALING_CASCADES)
MAPK_signaling,MET,MSigDB (original: REACTOME_MAPK_FAMILY_SIGNALING_CASCADES)
MAPK_signaling,PPP2CB,MSigDB (original: REACTOME_MAPK_FAMILY_SIGNALING_CASCADES)
MAPK_signaling,SPTBN4,MSigDB (original: REACTOME_MAPK_FAMILY_SIGNALING_CASCADES)
MAPK_signaling,PEA15A,MSigDB (original: REACTOME_MAPK_FAMILY_SIGNALING_CASCADES)
MAPK_signaling,PSMB1,MSigDB (original: REACTOME_MAPK_FAMILY_SIGNALING_CASCADES)
MAPK_signaling,PPP1CB,MSigDB (original: REACTOME_MAPK_FAMILY_SIGNALING_CASCADES)
MAPK_signaling,GOLGA7,MSigDB (original: REACTOME_MAPK_FAMILY_SIGNALING_CASCADES)
MAPK_signaling,PSMA2,MSigDB (original: REACTOME_MAPK_FAMILY_SIGNALING_CASCADES)
MAPK_signaling,FNTA,MSigDB (original: REACTOME_MAPK_FAMILY_SIGNALING_CASCADES)
MAPK_signaling,PSMD3,MSigDB (original: REACTOME_MAPK_FAMILY_SIGNALING_CASCADES)
MAPK_signaling,PSMD11,MSigDB (original: REACTOME_MAPK_FAMILY_SIGNALING_CASCADES)
MAPK_signaling,ETV4,MSigDB (original: REACTOME_MAPK_FAMILY_SIGNALING_CASCADES)
MAPK_signaling,PPP2R5C,MSigDB (original: REACTOME_MAPK_FAMILY_SIGNALING_CASCADES)
MAPK_signaling,ERBB3,MSigDB (original: REACTOME_MAPK_FAMILY_SIGNALING_CASCADES)
MAPK_signaling,PSMB6,MSigDB (original: REACTOME_MAPK_FAMILY_SIGNALING_CASCADES)
MAPK_signaling,YWHAB,MSigDB (original: REACTOME_MAPK_FAMILY_SIGNALING_CASCADES)
MAPK_signaling,KSR1,MSigDB (original: REACTOME_MAPK_FAMILY_SIGNALING_CASCADES)
MAPK_signaling,ARRB1,MSigDB (original: REACTOME_MAPK_FAMILY_SIGNALING_CASCADES)
MAPK_signaling,CSF2,MSigDB (original: REACTOME_MAPK_FAMILY_SIGNALING_CASCADES)
MAPK_signaling,CALM3,MSigDB (original: REACTOME_MAPK_FAMILY_SIGNALING_CASCADES)
MAPK_signaling,UBB,MSigDB (original: REACTOME_MAPK_FAMILY_SIGNALING_CASCADES)
MAPK_signaling,FYN,MSigDB (original: REACTOME_MAPK_FAMILY_SIGNALING_CASCADES)
MAPK_signaling,CDK1,MSigDB (original: REACTOME_MAPK_FAMILY_SIGNALING_CASCADES)
MAPK_signaling,DUSP6,MSigDB (original: REACTOME_MAPK_FAMILY_SIGNALING_CASCADES)
MAPK_signaling,KITL,MSigDB (original: REACTOME_MAPK_FAMILY_SIGNALING_CASCADES)
MAPK_signaling,EGFR,MSigDB (original: REACTOME_MAPK_FAMILY_SIGNALING_CASCADES)
MAPK_signaling,FRS2,MSigDB (original: REACTOME_MAPK_FAMILY_SIGNALING_CASCADES)
MAPK_signaling,XPO1,MSigDB (original: REACTOME_MAPK_FAMILY_SIGNALING_CASCADES)
MAPK_signaling,SHC2,MSigDB (original: REACTOME_MAPK_FAMILY_SIGNALING_CASCADES)
MAPK_signaling,SPTBN1,MSigDB (original: REACTOME_MAPK_FAMILY_SIGNALING_CASCADES)
MAPK_signaling,FGF22,MSigDB (original: REACTOME_MAPK_FAMILY_SIGNALING_CASCADES)
MAPK_signaling,PPP2CA,MSigDB (original: REACTOME_MAPK_FAMILY_SIGNALING_CASCADES)
MAPK_signaling,RPS27A,MSigDB (original: REACTOME_MAPK_FAMILY_SIGNALING_CASCADES)
MAPK_signaling,ITGB3,MSigDB (original: REACTOME_MAPK_FAMILY_SIGNALING_CASCADES)
MAPK_signaling,PSMC5,MSigDB (original: REACTOME_MAPK_FAMILY_SIGNALING_CASCADES)
MAPK_signaling,NF1,MSigDB (original: REACTOME_MAPK_FAMILY_SIGNALING_CASCADES)
MAPK_signaling,PSMD12,MSigDB (original: REACTOME_MAPK_FAMILY_SIGNALING_CASCADES)
MAPK_signaling,DLG4,MSigDB (original: REACTOME_MAPK_FAMILY_SIGNALING_CASCADES)
MAPK_signaling,PSMA6,MSigDB (original: REACTOME_MAPK_FAMILY_SIGNALING_CASCADES)
MAPK_signaling,PPP2R5E,MSigDB (original: REACTOME_MAPK_FAMILY_SIGNALING_CASCADES)
MAPK_signaling,SPTB,MSigDB (original: REACTOME_MAPK_FAMILY_SIGNALING_CASCADES)
MAPK_signaling,PSMC1,MSigDB (original: REACTOME_MAPK_FAMILY_SIGNALING_CASCADES)
MAPK_signaling,SHC3,MSigDB (original: REACTOME_MAPK_FAMILY_SIGNALING_CASCADES)
MAPK_signaling,RASA1,MSigDB (original: REACTOME_MAPK_FAMILY_SIGNALING_CASCADES)
MAPK_signaling,RASGRF2,MSigDB (original: REACTOME_MAPK_FAMILY_SIGNALING_CASCADES)
MAPK_signaling,FGF10,MSigDB (original: REACTOME_MAPK_FAMILY_SIGNALING_CASCADES)
MAPK_signaling,PSMD6,MSigDB (original: REACTOME_MAPK_FAMILY_SIGNALING_CASCADES)
MAPK_signaling,IL6ST,MSigDB (original: REACTOME_MAPK_FAMILY_SIGNALING_CASCADES)
MAPK_signaling,CAMK2G,MSigDB (original: REACTOME_MAPK_FAMILY_SIGNALING_CASCADES)
MAPK_signaling,VCL,MSigDB (original: REACTOME_MAPK_FAMILY_SIGNALING_CASCADES)
MAPK_signaling,PSMC6,MSigDB (original: REACTOME_MAPK_FAMILY_SIGNALING_CASCADES)
MAPK_signaling,FGF9,MSigDB (original: REACTOME_MAPK_FAMILY_SIGNALING_CASCADES)
MAPK_signaling,NEFL,MSigDB (original: REACTOME_MAPK_FAMILY_SIGNALING_CASCADES)
MAPK_signaling,FGF17,MSigDB (original: REACTOME_MAPK_FAMILY_SIGNALING_CASCADES)
MAPK_signaling,GFRA2,MSigDB (original: REACTOME_MAPK_FAMILY_SIGNALING_CASCADES)
MAPK_signaling,GDNF,MSigDB (original: REACTOME_MAPK_FAMILY_SIGNALING_CASCADES)
MAPK_signaling,PSMB5,MSigDB (original: REACTOME_MAPK_FAMILY_SIGNALING_CASCADES)
MAPK_signaling,PSME1,MSigDB (original: REACTOME_MAPK_FAMILY_SIGNALING_CASCADES)
MAPK_signaling,ANGPT1,MSigDB (original: REACTOME_MAPK_FAMILY_SIGNALING_CASCADES)
MAPK_signaling,RBX1,MSigDB (original: REACTOME_MAPK_FAMILY_SIGNALING_CASCADES)
MAPK_signaling,PTK2,MSigDB (original: REACTOME_MAPK_FAMILY_SIGNALING_CASCADES)
MAPK_signaling,MAPK12,MSigDB (original: REACTOME_MAPK_FAMILY_SIGNALING_CASCADES)
MAPK_signaling,DLG1,MSigDB (original: REACTOME_MAPK_FAMILY_SIGNALING_CASCADES)
MAPK_signaling,PAK2,MSigDB (original: REACTOME_MAPK_FAMILY_SIGNALING_CASCADES)
MAPK_signaling,FRS3,MSigDB (original: REACTOME_MAPK_FAMILY_SIGNALING_CASCADES)
MAPK_signaling,DUSP1,MSigDB (original: REACTOME_MAPK_FAMILY_SIGNALING_CASCADES)
MAPK_signaling,SOS1,MSigDB (original: REACTOME_MAPK_FAMILY_SIGNALING_CASCADES)
MAPK_signaling,PSMB8,MSigDB (original: REACTOME_MAPK_FAMILY_SIGNALING_CASCADES)
MAPK_signaling,GFRA3,MSigDB (original: REACTOME_MAPK_FAMILY_SIGNALING_CASCADES)
MAPK_signaling,HBEGF,MSigDB (original: REACTOME_MAPK_FAMILY_SIGNALING_CASCADES)
MAPK_signaling,MAPK4,MSigDB (original: REACTOME_MAPK_FAMILY_SIGNALING_CASCADES)
MAPK_signaling,CAMK2A,MSigDB (original: REACTOME_MAPK_FAMILY_SIGNALING_CASCADES)
MAPK_signaling,PDGFRB,MSigDB (original: REACTOME_MAPK_FAMILY_SIGNALING_CASCADES)
MAPK_signaling,PPP2R5B,MSigDB (original: REACTOME_MAPK_FAMILY_SIGNALING_CASCADES)
MAPK_signaling,JAK2,MSigDB (original: REACTOME_MAPK_FAMILY_SIGNALING_CASCADES)
MAPK_signaling,RCE1,MSigDB (original: REACTOME_MAPK_FAMILY_SIGNALING_CASCADES)
MAPK_signaling,ARL2,MSigDB (original: REACTOME_MAPK_FAMILY_SIGNALING_CASCADES)
MAPK_signaling,SHOC2,MSigDB (original: REACTOME_MAPK_FAMILY_SIGNALING_CASCADES)
MAPK_signaling,GFRA1,MSigDB (original: REACTOME_MAPK_FAMILY_SIGNALING_CASCADES)
MAPK_signaling,FGF8,MSigDB (original: REACTOME_MAPK_FAMILY_SIGNALING_CASCADES)
MAPK_signaling,PSMD13,MSigDB (original: REACTOME_MAPK_FAMILY_SIGNALING_CASCADES)
MAPK_signaling,HRAS,MSigDB (original: REACTOME_MAPK_FAMILY_SIGNALING_CASCADES)
MAPK_signaling,CNKSR2,MSigDB (original: REACTOME_MAPK_FAMILY_SIGNALING_CASCADES)
MAPK_signaling,IL6,MSigDB (original: REACTOME_MAPK_FAMILY_SIGNALING_CASCADES)
MAPK_signaling,PDGFA,MSigDB (original: REACTOME_MAPK_FAMILY_SIGNALING_CASCADES)
MAPK_signaling,LYPLA1,MSigDB (original: REACTOME_MAPK_FAMILY_SIGNALING_CASCADES)
MAPK_signaling,FN1,MSigDB (original: REACTOME_MAPK_FAMILY_SIGNALING_CASCADES)
MAPK_signaling,PSMD1,MSigDB (original: REACTOME_MAPK_FAMILY_SIGNALING_CASCADES)
MAPK_signaling,PDE6D,MSigDB (original: REACTOME_MAPK_FAMILY_SIGNALING_CASCADES)
MAPK_signaling,RGL1,MSigDB (original: REACTOME_MAPK_FAMILY_SIGNALING_CASCADES)
MAPK_signaling,SPTA1,MSigDB (original: REACTOME_MAPK_FAMILY_SIGNALING_CASCADES)
MAPK_signaling,PPP2R5A,MSigDB (original: REACTOME_MAPK_FAMILY_SIGNALING_CASCADES)
MAPK_signaling,PSMB7,MSigDB (original: REACTOME_MAPK_FAMILY_SIGNALING_CASCADES)
MAPK_signaling,IL2RA,MSigDB (original: REACTOME_MAPK_FAMILY_SIGNALING_CASCADES)
MAPK_signaling,PRKCQ,MSigDB (original: REACTOME_MAPK_FAMILY_SIGNALING_CASCADES)
MAPK_signaling,APBB1IP,MSigDB (original: REACTOME_MAPK_FAMILY_SIGNALING_CASCADES)
MAPK_signaling,RALGDS,MSigDB (original: REACTOME_MAPK_FAMILY_SIGNALING_CASCADES)
MAPK_signaling,PSMD5,MSigDB (original: REACTOME_MAPK_FAMILY_SIGNALING_CASCADES)
MAPK_signaling,DAB2IP,MSigDB (original: REACTOME_MAPK_FAMILY_SIGNALING_CASCADES)
MAPK_signaling,PSMD14,MSigDB (original: REACTOME_MAPK_FAMILY_SIGNALING_CASCADES)
MAPK_signaling,GRIN1,MSigDB (original: REACTOME_MAPK_FAMILY_SIGNALING_CASCADES)
MAPK_signaling,FGF7,MSigDB (original: REACTOME_MAPK_FAMILY_SIGNALING_CASCADES)
MAPK_signaling,PTPRA,MSigDB (original: REACTOME_MAPK_FAMILY_SIGNALING_CASCADES)
MAPK_signaling,GFRA4,MSigDB (original: REACTOME_MAPK_FAMILY_SIGNALING_CASCADES)
MAPK_signaling,RASGRP1,MSigDB (original: REACTOME_MAPK_FAMILY_SIGNALING_CASCADES)
MAPK_signaling,SPRED1,MSigDB (original: REACTOME_MAPK_FAMILY_SIGNALING_CASCADES)
MAPK_signaling,DUSP2,MSigDB (original: REACTOME_MAPK_FAMILY_SIGNALING_CASCADES)
MAPK_signaling,PSMA7,MSigDB (original: REACTOME_MAPK_FAMILY_SIGNALING_CASCADES)
MAPK_signaling,SRC,MSigDB (original: REACTOME_MAPK_FAMILY_SIGNALING_CASCADES)
MAPK_signaling,PIK3CA,MSigDB (original: REACTOME_MAPK_FAMILY_SIGNALING_CASCADES)
MAPK_signaling,IL6RA,MSigDB (original: REACTOME_MAPK_FAMILY_SIGNALING_CASCADES)
MAPK_signaling,FGA,MSigDB (original: REACTOME_MAPK_FAMILY_SIGNALING_CASCADES)
MAPK_signaling,EGF,MSigDB (original: REACTOME_MAPK_FAMILY_SIGNALING_CASCADES)
MAPK_signaling,LAMTOR2,MSigDB (original: REACTOME_MAPK_FAMILY_SIGNALING_CASCADES)
MAPK_signaling,LRRC7,MSigDB (original: REACTOME_MAPK_FAMILY_SIGNALING_CASCADES)
MAPK_signaling,TLN1,MSigDB (original: REACTOME_MAPK_FAMILY_SIGNALING_CASCADES)
MAPK_signaling,ARTN,MSigDB (original: REACTOME_MAPK_FAMILY_SIGNALING_CASCADES)
MAPK_signaling,PSMB2,MSigDB (original: REACTOME_MAPK_FAMILY_SIGNALING_CASCADES)
MAPK_signaling,CNKSR1,MSigDB (original: REACTOME_MAPK_FAMILY_SIGNALING_CASCADES)
MAPK_signaling,HGF,MSigDB (original: REACTOME_MAPK_FAMILY_SIGNALING_CASCADES)
MAPK_signaling,PSMC2,MSigDB (original: REACTOME_MAPK_FAMILY_SIGNALING_CASCADES)
MAPK_signaling,KLB,MSigDB (original: REACTOME_MAPK_FAMILY_SIGNALING_CASCADES)
MAPK_signaling,PDGFRA,MSigDB (original: REACTOME_MAPK_FAMILY_SIGNALING_CASCADES)
MAPK_signaling,FGF5,MSigDB (original: REACTOME_MAPK_FAMILY_SIGNALING_CASCADES)
MAPK_signaling,EREG,MSigDB (original: REACTOME_MAPK_FAMILY_SIGNALING_CASCADES)
MAPK_signaling,AREG,MSigDB (original: REACTOME_MAPK_FAMILY_SIGNALING_CASCADES)
MAPK_signaling,PSMD9,MSigDB (original: REACTOME_MAPK_FAMILY_SIGNALING_CASCADES)
MAPK_signaling,MAPKAPK5,MSigDB (original: REACTOME_MAPK_FAMILY_SIGNALING_CASCADES)
MAPK_signaling,BRAP,MSigDB (original: REACTOME_MAPK_FAMILY_SIGNALING_CASCADES)
MAPK_signaling,ACTB,MSigDB (original: REACTOME_MAPK_FAMILY_SIGNALING_CASCADES)
MAPK_signaling,RASAL1,MSigDB (original: REACTOME_MAPK_FAMILY_SIGNALING_CASCADES)
MAPK_signaling,TGFA,MSigDB (original: REACTOME_MAPK_FAMILY_SIGNALING_CASCADES)
MAPK_signaling,RET,MSigDB (original: REACTOME_MAPK_FAMILY_SIGNALING_CASCADES)
MAPK_signaling,RASGEF1A,MSigDB (original: REACTOME_MAPK_FAMILY_SIGNALING_CASCADES)
MAPK_signaling,DUSP16,MSigDB (original: REACTOME_MAPK_FAMILY_SIGNALING_CASCADES)
MAPK_signaling,KRAS,MSigDB (original: REACTOME_MAPK_FAMILY_SIGNALING_CASCADES)
MAPK_signaling,IQGAP1,MSigDB (original: REACTOME_MAPK_FAMILY_SIGNALING_CASCADES)
MAPK_signaling,RASGRP4,MSigDB (original: REACTOME_MAPK_FAMILY_SIGNALING_CASCADES)
MAPK_signaling,PSMD8,MSigDB (original: REACTOME_MAPK_FAMILY_SIGNALING_CASCADES)
MAPK_signaling,PSMC4,MSigDB (original: REACTOME_MAPK_FAMILY_SIGNALING_CASCADES)
MAPK_signaling,LAT,MSigDB (original: REACTOME_MAPK_FAMILY_SIGNALING_CASCADES)
MAPK_signaling,PSMA1,MSigDB (original: REACTOME_MAPK_FAMILY_SIGNALING_CASCADES)
MAPK_signaling,PAK1,MSigDB (original: REACTOME_MAPK_FAMILY_SIGNALING_CASCADES)
MAPK_signaling,FGF15,MSigDB (original: REACTOME_MAPK_FAMILY_SIGNALING_CASCADES)
MAPK_signaling,FGF3,MSigDB (original: REACTOME_MAPK_FAMILY_SIGNALING_CASCADES)
MAPK_signaling,FGF16,MSigDB (original: REACTOME_MAPK_FAMILY_SIGNALING_CASCADES)
MAPK_signaling,PAK3,MSigDB (original: REACTOME_MAPK_FAMILY_SIGNALING_CASCADES)
MAPK_signaling,IL2RG,MSigDB (original: REACTOME_MAPK_FAMILY_SIGNALING_CASCADES)
MAPK_signaling,DUSP9,MSigDB (original: REACTOME_MAPK_FAMILY_SIGNALING_CASCADES)
MAPK_signaling,PSMD10,MSigDB (original: REACTOME_MAPK_FAMILY_SIGNALING_CASCADES)
MAPK_signaling,RASA3,MSigDB (original: REACTOME_MAPK_FAMILY_SIGNALING_CASCADES)
MAPK_signaling,PTPN7,MSigDB (original: REACTOME_MAPK_FAMILY_SIGNALING_CASCADES)
MAPK_signaling,DUSP4,MSigDB (original: REACTOME_MAPK_FAMILY_SIGNALING_CASCADES)
MAPK_signaling,FGFR1,MSigDB (original: REACTOME_MAPK_FAMILY_SIGNALING_CASCADES)
MAPK_signaling,FGF20,MSigDB (original: REACTOME_MAPK_FAMILY_SIGNALING_CASCADES)
MAPK_signaling,PIK3R2,MSigDB (original: REACTOME_MAPK_FAMILY_SIGNALING_CASCADES)
MAPK_signaling,PSMB10,MSigDB (original: REACTOME_MAPK_FAMILY_SIGNALING_CASCADES)
MAPK_signaling,PPP2R1B,MSigDB (original: REACTOME_MAPK_FAMILY_SIGNALING_CASCADES)
MAPK_signaling,TYK2,MSigDB (original: REACTOME_MAPK_FAMILY_SIGNALING_CASCADES)
MAPK_signaling,PSMA4,MSigDB (original: REACTOME_MAPK_FAMILY_SIGNALING_CASCADES)
MAPK_signaling,CSK,MSigDB (original: REACTOME_MAPK_FAMILY_SIGNALING_CASCADES)
MAPK_signaling,RASGRF1,MSigDB (original: REACTOME_MAPK_FAMILY_SIGNALING_CASCADES)
MAPK_signaling,RASA2,MSigDB (original: REACTOME_MAPK_FAMILY_SIGNALING_CASCADES)
MAPK_signaling,PIK3CB,MSigDB (original: REACTOME_MAPK_FAMILY_SIGNALING_CASCADES)
MAPK_signaling,MRAS,MSigDB (original: REACTOME_MAPK_FAMILY_SIGNALING_CASCADES)
MAPK_signaling,PSMF1,MSigDB (original: REACTOME_MAPK_FAMILY_SIGNALING_CASCADES)
MAPK_signaling,PEBP1,MSigDB (original: REACTOME_MAPK_FAMILY_SIGNALING_CASCADES)
MAPK_signaling,CDC14B,MSigDB (original: REACTOME_MAPK_FAMILY_SIGNALING_CASCADES)
MAPK_signaling,FNTB,MSigDB (original: REACTOME_MAPK_FAMILY_SIGNALING_CASCADES)
MAPK_signaling,CDC14A,MSigDB (original: REACTOME_MAPK_FAMILY_SIGNALING_CASCADES)
MAPK_signaling,FGB,MSigDB (original: REACTOME_MAPK_FAMILY_SIGNALING_CASCADES)
MAPK_signaling,FGG,MSigDB (original: REACTOME_MAPK_FAMILY_SIGNALING_CASCADES)
MAPK_signaling,CCND3,MSigDB (original: REACTOME_MAPK_FAMILY_SIGNALING_CASCADES)
MAPK_signaling,ITGA2B,MSigDB (original: REACTOME_MAPK_FAMILY_SIGNALING_CASCADES)
MAPK_signaling,DUSP5,MSigDB (original: REACTOME_MAPK_FAMILY_SIGNALING_CASCADES)
MAPK_signaling,EPGN,MSigDB (original: REACTOME_MAPK_FAMILY_SIGNALING_CASCADES)
MAPK_signaling,MAP2K2,MSigDB (original: REACTOME_MAPK_FAMILY_SIGNALING_CASCADES)
MAPK_signaling,CALM2,MSigDB (original: REACTOME_MAPK_FAMILY_SIGNALING_CASCADES)
MAPK_signaling,CDC42EP3,MSigDB (original: REACTOME_MAPK_FAMILY_SIGNALING_CASCADES)
MAPK_signaling,FGF1,MSigDB (original: REACTOME_MAPK_FAMILY_SIGNALING_CASCADES)
MAPK_signaling,PSMA8,MSigDB (original: REACTOME_MAPK_FAMILY_SIGNALING_CASCADES)
MAPK_signaling,ZDHHC9,MSigDB (original: REACTOME_MAPK_FAMILY_SIGNALING_CASCADES)
MAPK_signaling,FGF2,MSigDB (original: REACTOME_MAPK_FAMILY_SIGNALING_CASCADES)
MAPK_signaling,SPRED3,MSigDB (original: REACTOME_MAPK_FAMILY_SIGNALING_CASCADES)
MAPK_signaling,DUSP8,MSigDB (original: REACTOME_MAPK_FAMILY_SIGNALING_CASCADES)
MAPK_signaling,ABHD17C,MSigDB (original: REACTOME_MAPK_FAMILY_SIGNALING_CASCADES)
MAPK_signaling,RANBP9,MSigDB (original: REACTOME_MAPK_FAMILY_SIGNALING_CASCADES)
MAPK_signaling,PTPN3,MSigDB (original: REACTOME_MAPK_FAMILY_SIGNALING_CASCADES)
MAPK_signaling,PHB,MSigDB (original: REACTOME_MAPK_FAMILY_SIGNALING_CASCADES)
MAPK_signaling,IRS2,MSigDB (original: REACTOME_MAPK_FAMILY_SIGNALING_CASCADES)
MAPK_signaling,PSMD7,MSigDB (original: REACTOME_MAPK_FAMILY_SIGNALING_CASCADES)
MAPK_signaling,DUSP10,MSigDB (original: REACTOME_MAPK_FAMILY_SIGNALING_CASCADES)
MAPK_signaling,NRTN,MSigDB (original: REACTOME_MAPK_FAMILY_SIGNALING_CASCADES)
MAPK_signaling,ICMT,MSigDB (original: REACTOME_MAPK_FAMILY_SIGNALING_CASCADES)
MAPK_signaling,RGL3,MSigDB (original: REACTOME_MAPK_FAMILY_SIGNALING_CASCADES)
MAPK_signaling,IL17RD,MSigDB (original: REACTOME_MAPK_FAMILY_SIGNALING_CASCADES)
MAPK_signaling,PSME4,MSigDB (original: REACTOME_MAPK_FAMILY_SIGNALING_CASCADES)
MAPK_signaling,NRG3,MSigDB (original: REACTOME_MAPK_FAMILY_SIGNALING_CASCADES)
MAPK_signaling,PIK3R1,MSigDB (original: REACTOME_MAPK_FAMILY_SIGNALING_CASCADES)
MAPK_signaling,SHC1,MSigDB (original: REACTOME_MAPK_FAMILY_SIGNALING_CASCADES)
MAPK_signaling,MAPK6,MSigDB (original: REACTOME_MAPK_FAMILY_SIGNALING_CASCADES)
MAPK_signaling,USP17LE,MSigDB (original: REACTOME_MAPK_FAMILY_SIGNALING_CASCADES)
MAPK_signaling,PTPN11,MSigDB (original: REACTOME_MAPK_FAMILY_SIGNALING_CASCADES)
MAPK_signaling,KBTBD7,MSigDB (original: REACTOME_MAPK_FAMILY_SIGNALING_CASCADES)
MAPK_signaling,FOXO1,MSigDB (original: REACTOME_MAPK_FAMILY_SIGNALING_CASCADES)
MAPK_signaling,CDC42EP2,MSigDB (original: REACTOME_MAPK_FAMILY_SIGNALING_CASCADES)
MAPK_signaling,SPRED2,MSigDB (original: REACTOME_MAPK_FAMILY_SIGNALING_CASCADES)
MAPK_signaling,ABHD17B,MSigDB (original: REACTOME_MAPK_FAMILY_SIGNALING_CASCADES)
MAPK_signaling,FOXO3,MSigDB (original: REACTOME_MAPK_FAMILY_SIGNALING_CASCADES)
MAPK_signaling,FGF4,MSigDB (original: REACTOME_MAPK_FAMILY_SIGNALING_CASCADES)
MAPK_signaling,RASAL3,MSigDB (original: REACTOME_MAPK_FAMILY_SIGNALING_CASCADES)
MAPK_signaling,ACTN2,MSigDB (original: REACTOME_MAPK_FAMILY_SIGNALING_CASCADES)
MAPK_signaling,DLG2,MSigDB (original: REACTOME_MAPK_FAMILY_SIGNALING_CASCADES)
MAPK_signaling,RAP1B,MSigDB (original: REACTOME_MAPK_FAMILY_SIGNALING_CASCADES)
MAPK_signaling,DUSP7,MSigDB (original: REACTOME_MAPK_FAMILY_SIGNALING_CASCADES)
MAPK_signaling,CAMK2D,MSigDB (original: REACTOME_MAPK_FAMILY_SIGNALING_CASCADES)
MAPK_signaling,FGFR3,MSigDB (original: REACTOME_MAPK_FAMILY_SIGNALING_CASCADES)
MAPK_signaling,USP17LA,MSigDB (original: REACTOME_MAPK_FAMILY_SIGNALING_CASCADES)
MAPK_signaling,PAQR3,MSigDB (original: REACTOME_MAPK_FAMILY_SIGNALING_CASCADES)
MAPK_signaling,USP17LD,MSigDB (original: REACTOME_MAPK_FAMILY_SIGNALING_CASCADES)
MAPK_signaling,SPTAN1,MSigDB (original: REACTOME_MAPK_FAMILY_SIGNALING_CASCADES)
MAPK_signaling,CAMK2B,MSigDB (original: REACTOME_MAPK_FAMILY_SIGNALING_CASCADES)
MAPK_signaling,FGF18,MSigDB (original: REACTOME_MAPK_FAMILY_SIGNALING_CASCADES)
MAPK_signaling,KL,MSigDB (original: REACTOME_MAPK_FAMILY_SIGNALING_CASCADES)
MAPK_signaling,USP17LC,MSigDB (original: REACTOME_MAPK_FAMILY_SIGNALING_CASCADES)
MAPK_signaling,PPP2R5D,MSigDB (original: REACTOME_MAPK_FAMILY_SIGNALING_CASCADES)
MAPK_signaling,GRB2,MSigDB (original: REACTOME_MAPK_FAMILY_SIGNALING_CASCADES)
MAPK_signaling,PSMA3,MSigDB (original: REACTOME_MAPK_FAMILY_SIGNALING_CASCADES)
MAPK_signaling,ARRB2,MSigDB (original: REACTOME_MAPK_FAMILY_SIGNALING_CASCADES)
MAPK_signaling,KSR2,MSigDB (original: REACTOME_MAPK_FAMILY_SIGNALING_CASCADES)
MAPK_signaling,KALRN,MSigDB (original: REACTOME_MAPK_FAMILY_SIGNALING_CASCADES)
MAPK_signaling,ERBB4,MSigDB (original: REACTOME_MAPK_FAMILY_SIGNALING_CASCADES)
MAPK_signaling,RAPGEF2,MSigDB (original: REACTOME_MAPK_FAMILY_SIGNALING_CASCADES)
MAPK_signaling,ERBB2,MSigDB (original: REACTOME_MAPK_FAMILY_SIGNALING_CASCADES)
MAPK_signaling,USP17LB,MSigDB (original: REACTOME_MAPK_FAMILY_SIGNALING_CASCADES)
MAPK_signaling,ACTG1,MSigDB (original: REACTOME_MAPK_FAMILY_SIGNALING_CASCADES)
MAPK_signaling,NRG1,MSigDB (original: REACTOME_MAPK_FAMILY_SIGNALING_CASCADES)
MAPK_signaling,MAPK3,MSigDB (original: REACTOME_MAPK_FAMILY_SIGNALING_CASCADES)
MAPK_signaling,MAPK1,MSigDB (original: REACTOME_MAPK_FAMILY_SIGNALING_CASCADES)
MAPK_signaling,CDC42EP5,MSigDB (original: REACTOME_MAPK_FAMILY_SIGNALING_CASCADES)
MAPK_signaling,SYNGAP1,MSigDB (original: REACTOME_MAPK_FAMILY_SIGNALING_CASCADES)
MAPK_signaling,SPTBN2,MSigDB (original: REACTOME_MAPK_FAMILY_SIGNALING_CASCADES)
MAPK_signaling,IL2RB,MSigDB (original: REACTOME_MAPK_FAMILY_SIGNALING_CASCADES)
MAPK_signaling,GM11808,MSigDB (original: REACTOME_MAPK_FAMILY_SIGNALING_CASCADES)
MAPK_signaling,PSMA5,MSigDB (original: REACTOME_MAPK_FAMILY_SIGNALING_CASCADES)
MAPK_signaling,RAP1A,MSigDB (original: REACTOME_MAPK_FAMILY_SIGNALING_CASCADES)
MAPK_signaling,PSMB3,MSigDB (original: REACTOME_MAPK_FAMILY_SIGNALING_CASCADES)
MAPK_signaling,RASAL2,MSigDB (original: REACTOME_MAPK_FAMILY_SIGNALING_CASCADES)
MAPK_signaling,RASGRP3,MSigDB (original: REACTOME_MAPK_FAMILY_SIGNALING_CASCADES)
MAPK_signaling,CSF2RB,MSigDB (original: REACTOME_MAPK_FAMILY_SIGNALING_CASCADES)
MAPK_signaling,PSMB11,MSigDB (original: REACTOME_MAPK_FAMILY_SIGNALING_CASCADES)
MAPK_signaling,SPTBN5,MSigDB (original: REACTOME_MAPK_FAMILY_SIGNALING_CASCADES)
MAPK_signaling,PSME2B,MSigDB (original: REACTOME_MAPK_FAMILY_SIGNALING_CASCADES)
MAPK_signaling,PSME3,MSigDB (original: REACTOME_MAPK_FAMILY_SIGNALING_CASCADES)
MAPK_signaling,PSME2,MSigDB (original: REACTOME_MAPK_FAMILY_SIGNALING_CASCADES)
MAPK_signaling,BTC,MSigDB (original: REACTOME_MAPK_FAMILY_SIGNALING_CASCADES)
MAPK_signaling,UBA52,MSigDB (original: REACTOME_MAPK_FAMILY_SIGNALING_CASCADES)
MAPK_signaling,LAMTOR3,MSigDB (original: REACTOME_MAPK_FAMILY_SIGNALING_CASCADES)
MAPK_signaling,FLT3L,MSigDB (original: REACTOME_MAPK_FAMILY_SIGNALING_CASCADES)
MAPK_signaling,IKBKG,MSigDB (original: REACTOME_MAP3K8_TPL2_DEPENDENT_MAPK1_3_ACTIVATION)
MAPK_signaling,UBC,MSigDB (original: REACTOME_MAP3K8_TPL2_DEPENDENT_MAPK1_3_ACTIVATION)
MAPK_signaling,UBB,MSigDB (original: REACTOME_MAP3K8_TPL2_DEPENDENT_MAPK1_3_ACTIVATION)
MAPK_signaling,FBXW11,MSigDB (original: REACTOME_MAP3K8_TPL2_DEPENDENT_MAPK1_3_ACTIVATION)
MAPK_signaling,RPS27A,MSigDB (original: REACTOME_MAP3K8_TPL2_DEPENDENT_MAPK1_3_ACTIVATION)
MAPK_signaling,MAP3K8,MSigDB (original: REACTOME_MAP3K8_TPL2_DEPENDENT_MAPK1_3_ACTIVATION)
MAPK_signaling,CHUK,MSigDB (original: REACTOME_MAP3K8_TPL2_DEPENDENT_MAPK1_3_ACTIVATION)
MAPK_signaling,NFKB1,MSigDB (original: REACTOME_MAP3K8_TPL2_DEPENDENT_MAPK1_3_ACTIVATION)
MAPK_signaling,CUL1,MSigDB (original: REACTOME_MAP3K8_TPL2_DEPENDENT_MAPK1_3_ACTIVATION)
MAPK_signaling,IKBKB,MSigDB (original: REACTOME_MAP3K8_TPL2_DEPENDENT_MAPK1_3_ACTIVATION)
MAPK_signaling,SKP1,MSigDB (original: REACTOME_MAP3K8_TPL2_DEPENDENT_MAPK1_3_ACTIVATION)
MAPK_signaling,TNIP2,MSigDB (original: REACTOME_MAP3K8_TPL2_DEPENDENT_MAPK1_3_ACTIVATION)
MAPK_signaling,GM11808,MSigDB (original: REACTOME_MAP3K8_TPL2_DEPENDENT_MAPK1_3_ACTIVATION)
MAPK_signaling,UBA52,MSigDB (original: REACTOME_MAP3K8_TPL2_DEPENDENT_MAPK1_3_ACTIVATION)
MAPK_signaling,SEPTIN7,MSigDB (original: REACTOME_MAPK6_MAPK4_SIGNALING)
MAPK_signaling,RAC1,MSigDB (original: REACTOME_MAPK6_MAPK4_SIGNALING)
MAPK_signaling,PSMC3,MSigDB (original: REACTOME_MAPK6_MAPK4_SIGNALING)
MAPK_signaling,HSPB1,MSigDB (original: REACTOME_MAPK6_MAPK4_SIGNALING)
MAPK_signaling,PRKACB,MSigDB (original: REACTOME_MAPK6_MAPK4_SIGNALING)
MAPK_signaling,PRKACA,MSigDB (original: REACTOME_MAPK6_MAPK4_SIGNALING)
MAPK_signaling,DNAJB1,MSigDB (original: REACTOME_MAPK6_MAPK4_SIGNALING)
MAPK_signaling,PSMD4,MSigDB (original: REACTOME_MAPK6_MAPK4_SIGNALING)
MAPK_signaling,PSMB4,MSigDB (original: REACTOME_MAPK6_MAPK4_SIGNALING)
MAPK_signaling,CDC42,MSigDB (original: REACTOME_MAPK6_MAPK4_SIGNALING)
MAPK_signaling,PSMD2,MSigDB (original: REACTOME_MAPK6_MAPK4_SIGNALING)
MAPK_signaling,UBC,MSigDB (original: REACTOME_MAPK6_MAPK4_SIGNALING)
MAPK_signaling,PSMB1,MSigDB (original: REACTOME_MAPK6_MAPK4_SIGNALING)
MAPK_signaling,PSMA2,MSigDB (original: REACTOME_MAPK6_MAPK4_SIGNALING)
MAPK_signaling,PSMD3,MSigDB (original: REACTOME_MAPK6_MAPK4_SIGNALING)
MAPK_signaling,PSMD11,MSigDB (original: REACTOME_MAPK6_MAPK4_SIGNALING)
MAPK_signaling,ETV4,MSigDB (original: REACTOME_MAPK6_MAPK4_SIGNALING)
MAPK_signaling,PSMB6,MSigDB (original: REACTOME_MAPK6_MAPK4_SIGNALING)
MAPK_signaling,UBB,MSigDB (original: REACTOME_MAPK6_MAPK4_SIGNALING)
MAPK_signaling,CDK1,MSigDB (original: REACTOME_MAPK6_MAPK4_SIGNALING)
MAPK_signaling,XPO1,MSigDB (original: REACTOME_MAPK6_MAPK4_SIGNALING)
MAPK_signaling,RPS27A,MSigDB (original: REACTOME_MAPK6_MAPK4_SIGNALING)
MAPK_signaling,PSMC5,MSigDB (original: REACTOME_MAPK6_MAPK4_SIGNALING)
MAPK_signaling,PSMD12,MSigDB (original: REACTOME_MAPK6_MAPK4_SIGNALING)
MAPK_signaling,PSMA6,MSigDB (original: REACTOME_MAPK6_MAPK4_SIGNALING)
MAPK_signaling,PSMC1,MSigDB (original: REACTOME_MAPK6_MAPK4_SIGNALING)
MAPK_signaling,PSMD6,MSigDB (original: REACTOME_MAPK6_MAPK4_SIGNALING)
MAPK_signaling,PSMC6,MSigDB (original: REACTOME_MAPK6_MAPK4_SIGNALING)
MAPK_signaling,PSMB5,MSigDB (original: REACTOME_MAPK6_MAPK4_SIGNALING)
MAPK_signaling,PSME1,MSigDB (original: REACTOME_MAPK6_MAPK4_SIGNALING)
MAPK_signaling,PAK2,MSigDB (original: REACTOME_MAPK6_MAPK4_SIGNALING)
MAPK_signaling,PSMB8,MSigDB (original: REACTOME_MAPK6_MAPK4_SIGNALING)
MAPK_signaling,MAPK4,MSigDB (original: REACTOME_MAPK6_MAPK4_SIGNALING)
MAPK_signaling,PSMD13,MSigDB (original: REACTOME_MAPK6_MAPK4_SIGNALING)
MAPK_signaling,PSMD1,MSigDB (original: REACTOME_MAPK6_MAPK4_SIGNALING)
MAPK_signaling,PSMB7,MSigDB (original: REACTOME_MAPK6_MAPK4_SIGNALING)
MAPK_signaling,PSMD5,MSigDB (original: REACTOME_MAPK6_MAPK4_SIGNALING)
MAPK_signaling,PSMD14,MSigDB (original: REACTOME_MAPK6_MAPK4_SIGNALING)
MAPK_signaling,PSMA7,MSigDB (original: REACTOME_MAPK6_MAPK4_SIGNALING)
MAPK_signaling,PSMB2,MSigDB (original: REACTOME_MAPK6_MAPK4_SIGNALING)
MAPK_signaling,PSMC2,MSigDB (original: REACTOME_MAPK6_MAPK4_SIGNALING)
MAPK_signaling,PSMD9,MSigDB (original: REACTOME_MAPK6_MAPK4_SIGNALING)
MAPK_signaling,MAPKAPK5,MSigDB (original: REACTOME_MAPK6_MAPK4_SIGNALING)
MAPK_signaling,PSMD8,MSigDB (original: REACTOME_MAPK6_MAPK4_SIGNALING)
MAPK_signaling,PSMC4,MSigDB (original: REACTOME_MAPK6_MAPK4_SIGNALING)
MAPK_signaling,PSMA1,MSigDB (original: REACTOME_MAPK6_MAPK4_SIGNALING)
MAPK_signaling,PAK1,MSigDB (original: REACTOME_MAPK6_MAPK4_SIGNALING)
MAPK_signaling,PAK3,MSigDB (original: REACTOME_MAPK6_MAPK4_SIGNALING)
MAPK_signaling,PSMD10,MSigDB (original: REACTOME_MAPK6_MAPK4_SIGNALING)
MAPK_signaling,PSMB10,MSigDB (original: REACTOME_MAPK6_MAPK4_SIGNALING)
MAPK_signaling,PSMA4,MSigDB (original: REACTOME_MAPK6_MAPK4_SIGNALING)
MAPK_signaling,PSMF1,MSigDB (original: REACTOME_MAPK6_MAPK4_SIGNALING)
MAPK_signaling,CDC14B,MSigDB (original: REACTOME_MAPK6_MAPK4_SIGNALING)
MAPK_signaling,CDC14A,MSigDB (original: REACTOME_MAPK6_MAPK4_SIGNALING)
MAPK_signaling,CCND3,MSigDB (original: REACTOME_MAPK6_MAPK4_SIGNALING)
MAPK_signaling,CDC42EP3,MSigDB (original: REACTOME_MAPK6_MAPK4_SIGNALING)
MAPK_signaling,PSMA8,MSigDB (original: REACTOME_MAPK6_MAPK4_SIGNALING)
MAPK_signaling,PSMD7,MSigDB (original: REACTOME_MAPK6_MAPK4_SIGNALING)
MAPK_signaling,PSME4,MSigDB (original: REACTOME_MAPK6_MAPK4_SIGNALING)
MAPK_signaling,MAPK6,MSigDB (original: REACTOME_MAPK6_MAPK4_SIGNALING)
MAPK_signaling,FOXO1,MSigDB (original: REACTOME_MAPK6_MAPK4_SIGNALING)
MAPK_signaling,CDC42EP2,MSigDB (original: REACTOME_MAPK6_MAPK4_SIGNALING)
MAPK_signaling,FOXO3,MSigDB (original: REACTOME_MAPK6_MAPK4_SIGNALING)
MAPK_signaling,PSMA3,MSigDB (original: REACTOME_MAPK6_MAPK4_SIGNALING)
MAPK_signaling,KALRN,MSigDB (original: REACTOME_MAPK6_MAPK4_SIGNALING)
MAPK_signaling,CDC42EP5,MSigDB (original: REACTOME_MAPK6_MAPK4_SIGNALING)
MAPK_signaling,GM11808,MSigDB (original: REACTOME_MAPK6_MAPK4_SIGNALING)
MAPK_signaling,PSMA5,MSigDB (original: REACTOME_MAPK6_MAPK4_SIGNALING)
MAPK_signaling,PSMB3,MSigDB (original: REACTOME_MAPK6_MAPK4_SIGNALING)
MAPK_signaling,PSMB11,MSigDB (original: REACTOME_MAPK6_MAPK4_SIGNALING)
MAPK_signaling,PSME2B,MSigDB (original: REACTOME_MAPK6_MAPK4_SIGNALING)
MAPK_signaling,PSME3,MSigDB (original: REACTOME_MAPK6_MAPK4_SIGNALING)
MAPK_signaling,PSME2,MSigDB (original: REACTOME_MAPK6_MAPK4_SIGNALING)
MAPK_signaling,UBA52,MSigDB (original: REACTOME_MAPK6_MAPK4_SIGNALING)
p53_pathway,CCNE1,MSigDB (original: REACTOME_TP53_REGULATES_TRANSCRIPTION_OF_CELL_CYCLE_GENES)
p53_pathway,CDKN1B,MSigDB (original: REACTOME_TP53_REGULATES_TRANSCRIPTION_OF_CELL_CYCLE_GENES)
p53_pathway,CNOT11,MSigDB (original: REACTOME_TP53_REGULATES_TRANSCRIPTION_OF_CELL_CYCLE_GENES)
p53_pathway,BAX,MSigDB (original: REACTOME_TP53_REGULATES_TRANSCRIPTION_OF_CELL_CYCLE_GENES)
p53_pathway,CDK1,MSigDB (original: REACTOME_TP53_REGULATES_TRANSCRIPTION_OF_CELL_CYCLE_GENES)
p53_pathway,CNOT2,MSigDB (original: REACTOME_TP53_REGULATES_TRANSCRIPTION_OF_CELL_CYCLE_GENES)
p53_pathway,E2F7,MSigDB (original: REACTOME_TP53_REGULATES_TRANSCRIPTION_OF_CELL_CYCLE_GENES)
p53_pathway,CNOT6,MSigDB (original: REACTOME_TP53_REGULATES_TRANSCRIPTION_OF_CELL_CYCLE_GENES)
p53_pathway,BTG2,MSigDB (original: REACTOME_TP53_REGULATES_TRANSCRIPTION_OF_CELL_CYCLE_GENES)
p53_pathway,CNOT8,MSigDB (original: REACTOME_TP53_REGULATES_TRANSCRIPTION_OF_CELL_CYCLE_GENES)
p53_pathway,PLK2,MSigDB (original: REACTOME_TP53_REGULATES_TRANSCRIPTION_OF_CELL_CYCLE_GENES)
p53_pathway,CDKN1A,MSigDB (original: REACTOME_TP53_REGULATES_TRANSCRIPTION_OF_CELL_CYCLE_GENES)
p53_pathway,CDK2,MSigDB (original: REACTOME_TP53_REGULATES_TRANSCRIPTION_OF_CELL_CYCLE_GENES)
p53_pathway,CNOT9,MSigDB (original: REACTOME_TP53_REGULATES_TRANSCRIPTION_OF_CELL_CYCLE_GENES)
p53_pathway,PCNA,MSigDB (original: REACTOME_TP53_REGULATES_TRANSCRIPTION_OF_CELL_CYCLE_GENES)
p53_pathway,AURKA,MSigDB (original: REACTOME_TP53_REGULATES_TRANSCRIPTION_OF_CELL_CYCLE_GENES)
p53_pathway,CCNA2,MSigDB (original: REACTOME_TP53_REGULATES_TRANSCRIPTION_OF_CELL_CYCLE_GENES)
p53_pathway,CCNA1,MSigDB (original: REACTOME_TP53_REGULATES_TRANSCRIPTION_OF_CELL_CYCLE_GENES)
p53_pathway,CCNE2,MSigDB (original: REACTOME_TP53_REGULATES_TRANSCRIPTION_OF_CELL_CYCLE_GENES)
p53_pathway,PLK3,MSigDB (original: REACTOME_TP53_REGULATES_TRANSCRIPTION_OF_CELL_CYCLE_GENES)
p53_pathway,CNOT7,MSigDB (original: REACTOME_TP53_REGULATES_TRANSCRIPTION_OF_CELL_CYCLE_GENES)
p53_pathway,TNKS1BP1,MSigDB (original: REACTOME_TP53_REGULATES_TRANSCRIPTION_OF_CELL_CYCLE_GENES)
p53_pathway,CNOT6L,MSigDB (original: REACTOME_TP53_REGULATES_TRANSCRIPTION_OF_CELL_CYCLE_GENES)
p53_pathway,CNOT3,MSigDB (original: REACTOME_TP53_REGULATES_TRANSCRIPTION_OF_CELL_CYCLE_GENES)
p53_pathway,GADD45A,MSigDB (original: REACTOME_TP53_REGULATES_TRANSCRIPTION_OF_CELL_CYCLE_GENES)
p53_pathway,CNOT1,MSigDB (original: REACTOME_TP53_REGULATES_TRANSCRIPTION_OF_CELL_CYCLE_GENES)
p53_pathway,CDKN1C,MSigDB (original: REACTOME_TP53_REGULATES_TRANSCRIPTION_OF_CELL_CYCLE_GENES)
p53_pathway,CNOT4,MSigDB (original: REACTOME_TP53_REGULATES_TRANSCRIPTION_OF_CELL_CYCLE_GENES)
p53_pathway,CCNB1,MSigDB (original: REACTOME_TP53_REGULATES_TRANSCRIPTION_OF_CELL_CYCLE_GENES)
p53_pathway,CDC25C,MSigDB (original: REACTOME_TP53_REGULATES_TRANSCRIPTION_OF_CELL_CYCLE_GENES)
p53_pathway,E2F8,MSigDB (original: REACTOME_TP53_REGULATES_TRANSCRIPTION_OF_CELL_CYCLE_GENES)
p53_pathway,SFN,MSigDB (original: REACTOME_TP53_REGULATES_TRANSCRIPTION_OF_CELL_CYCLE_GENES)
p53_pathway,CNOT10,MSigDB (original: REACTOME_TP53_REGULATES_TRANSCRIPTION_OF_CELL_CYCLE_GENES)
p53_pathway,NPM1,MSigDB (original: REACTOME_TP53_REGULATES_TRANSCRIPTION_OF_CELL_CYCLE_GENES)
p53_pathway,CENPJ,MSigDB (original: REACTOME_TP53_REGULATES_TRANSCRIPTION_OF_CELL_CYCLE_GENES)
p53_pathway,GTF2H4,MSigDB (original: REACTOME_TP53_REGULATES_TRANSCRIPTION_OF_DNA_REPAIR_GENES)
p53_pathway,GTF2F1,MSigDB (original: REACTOME_TP53_REGULATES_TRANSCRIPTION_OF_DNA_REPAIR_GENES)
p53_pathway,CDK12,MSigDB (original: REACTOME_TP53_REGULATES_TRANSCRIPTION_OF_DNA_REPAIR_GENES)
p53_pathway,SUPT5,MSigDB (original: REACTOME_TP53_REGULATES_TRANSCRIPTION_OF_DNA_REPAIR_GENES)
p53_pathway,POLR2E,MSigDB (original: REACTOME_TP53_REGULATES_TRANSCRIPTION_OF_DNA_REPAIR_GENES)
p53_pathway,POLR2A,MSigDB (original: REACTOME_TP53_REGULATES_TRANSCRIPTION_OF_DNA_REPAIR_GENES)
p53_pathway,GTF2H1,MSigDB (original: REACTOME_TP53_REGULATES_TRANSCRIPTION_OF_DNA_REPAIR_GENES)
p53_pathway,CDK9,MSigDB (original: REACTOME_TP53_REGULATES_TRANSCRIPTION_OF_DNA_REPAIR_GENES)
p53_pathway,CCNT1,MSigDB (original: REACTOME_TP53_REGULATES_TRANSCRIPTION_OF_DNA_REPAIR_GENES)
p53_pathway,NELFB,MSigDB (original: REACTOME_TP53_REGULATES_TRANSCRIPTION_OF_DNA_REPAIR_GENES)
p53_pathway,NELFCD,MSigDB (original: REACTOME_TP53_REGULATES_TRANSCRIPTION_OF_DNA_REPAIR_GENES)
p53_pathway,POLR2I,MSigDB (original: REACTOME_TP53_REGULATES_TRANSCRIPTION_OF_DNA_REPAIR_GENES)
p53_pathway,SUPT4A,MSigDB (original: REACTOME_TP53_REGULATES_TRANSCRIPTION_OF_DNA_REPAIR_GENES)
p53_pathway,POLR2H,MSigDB (original: REACTOME_TP53_REGULATES_TRANSCRIPTION_OF_DNA_REPAIR_GENES)
p53_pathway,MNAT1,MSigDB (original: REACTOME_TP53_REGULATES_TRANSCRIPTION_OF_DNA_REPAIR_GENES)
p53_pathway,CCNK,MSigDB (original: REACTOME_TP53_REGULATES_TRANSCRIPTION_OF_DNA_REPAIR_GENES)
p53_pathway,CCNH,MSigDB (original: REACTOME_TP53_REGULATES_TRANSCRIPTION_OF_DNA_REPAIR_GENES)
p53_pathway,GTF2H2,MSigDB (original: REACTOME_TP53_REGULATES_TRANSCRIPTION_OF_DNA_REPAIR_GENES)
p53_pathway,POLR2D,MSigDB (original: REACTOME_TP53_REGULATES_TRANSCRIPTION_OF_DNA_REPAIR_GENES)
p53_pathway,NELFE,MSigDB (original: REACTOME_TP53_REGULATES_TRANSCRIPTION_OF_DNA_REPAIR_GENES)
p53_pathway,ERCC3,MSigDB (original: REACTOME_TP53_REGULATES_TRANSCRIPTION_OF_DNA_REPAIR_GENES)
p53_pathway,CCNT2,MSigDB (original: REACTOME_TP53_REGULATES_TRANSCRIPTION_OF_DNA_REPAIR_GENES)
p53_pathway,SSRP1,MSigDB (original: REACTOME_TP53_REGULATES_TRANSCRIPTION_OF_DNA_REPAIR_GENES)
p53_pathway,ELOA,MSigDB (original: REACTOME_TP53_REGULATES_TRANSCRIPTION_OF_DNA_REPAIR_GENES)
p53_pathway,NELFA,MSigDB (original: REACTOME_TP53_REGULATES_TRANSCRIPTION_OF_DNA_REPAIR_GENES)
p53_pathway,POLR2B,MSigDB (original: REACTOME_TP53_REGULATES_TRANSCRIPTION_OF_DNA_REPAIR_GENES)
p53_pathway,GTF2H3,MSigDB (original: REACTOME_TP53_REGULATES_TRANSCRIPTION_OF_DNA_REPAIR_GENES)
p53_pathway,ERCC2,MSigDB (original: REACTOME_TP53_REGULATES_TRANSCRIPTION_OF_DNA_REPAIR_GENES)
p53_pathway,POLR2C,MSigDB (original: REACTOME_TP53_REGULATES_TRANSCRIPTION_OF_DNA_REPAIR_GENES)
p53_pathway,POLR2F,MSigDB (original: REACTOME_TP53_REGULATES_TRANSCRIPTION_OF_DNA_REPAIR_GENES)
p53_pathway,CTDP1,MSigDB (original: REACTOME_TP53_REGULATES_TRANSCRIPTION_OF_DNA_REPAIR_GENES)
p53_pathway,TCEA1,MSigDB (original: REACTOME_TP53_REGULATES_TRANSCRIPTION_OF_DNA_REPAIR_GENES)
p53_pathway,GTF2H5,MSigDB (original: REACTOME_TP53_REGULATES_TRANSCRIPTION_OF_DNA_REPAIR_GENES)
p53_pathway,SUPT16,MSigDB (original: REACTOME_TP53_REGULATES_TRANSCRIPTION_OF_DNA_REPAIR_GENES)
p53_pathway,POLR2L,MSigDB (original: REACTOME_TP53_REGULATES_TRANSCRIPTION_OF_DNA_REPAIR_GENES)
p53_pathway,CDK13,MSigDB (original: REACTOME_TP53_REGULATES_TRANSCRIPTION_OF_DNA_REPAIR_GENES)
p53_pathway,POLR2K,MSigDB (original: REACTOME_TP53_REGULATES_TRANSCRIPTION_OF_DNA_REPAIR_GENES)
p53_pathway,ELOB,MSigDB (original: REACTOME_TP53_REGULATES_TRANSCRIPTION_OF_DNA_REPAIR_GENES)
p53_pathway,GTF2F2,MSigDB (original: REACTOME_TP53_REGULATES_TRANSCRIPTION_OF_DNA_REPAIR_GENES)
p53_pathway,CDK7,MSigDB (original: REACTOME_TP53_REGULATES_TRANSCRIPTION_OF_DNA_REPAIR_GENES)
p53_pathway,ELL,MSigDB (original: REACTOME_TP53_REGULATES_TRANSCRIPTION_OF_DNA_REPAIR_GENES)
p53_pathway,POLR2G,MSigDB (original: REACTOME_TP53_REGULATES_TRANSCRIPTION_OF_DNA_REPAIR_GENES)
p53_pathway,ELOC,MSigDB (original: REACTOME_TP53_REGULATES_TRANSCRIPTION_OF_DNA_REPAIR_GENES)
p53_pathway,PRELID1,MSigDB (original: REACTOME_TP53_REGULATES_TRANSCRIPTION_OF_GENES_INVOLVED_IN_CYTOCHROME_C_RELEASE)
p53_pathway,BNIP3L,MSigDB (original: REACTOME_TP53_REGULATES_TRANSCRIPTION_OF_GENES_INVOLVED_IN_CYTOCHROME_C_RELEASE)
p53_pathway,PRELID3A,MSigDB (original: REACTOME_TP53_REGULATES_TRANSCRIPTION_OF_GENES_INVOLVED_IN_CYTOCHROME_C_RELEASE)
p53_pathway,STEAP3,MSigDB (original: REACTOME_TP53_REGULATES_TRANSCRIPTION_OF_GENES_INVOLVED_IN_CYTOCHROME_C_RELEASE)
p53_pathway,TRIAP1,MSigDB (original: REACTOME_TP53_REGULATES_TRANSCRIPTION_OF_GENES_INVOLVED_IN_CYTOCHROME_C_RELEASE)
p53_pathway,ATM,MSigDB (original: REACTOME_TP53_REGULATES_TRANSCRIPTION_OF_GENES_INVOLVED_IN_CYTOCHROME_C_RELEASE)
p53_pathway,ZFP420,MSigDB (original: REACTOME_TP53_REGULATES_TRANSCRIPTION_OF_GENES_INVOLVED_IN_CYTOCHROME_C_RELEASE)
p53_pathway,BAX,MSigDB (original: REACTOME_TP53_REGULATES_TRANSCRIPTION_OF_GENES_INVOLVED_IN_G2_CELL_CYCLE_ARREST)
p53_pathway,CDK1,MSigDB (original: REACTOME_TP53_REGULATES_TRANSCRIPTION_OF_GENES_INVOLVED_IN_G2_CELL_CYCLE_ARREST)
p53_pathway,PCNA,MSigDB (original: REACTOME_TP53_REGULATES_TRANSCRIPTION_OF_GENES_INVOLVED_IN_G2_CELL_CYCLE_ARREST)
p53_pathway,AURKA,MSigDB (original: REACTOME_TP53_REGULATES_TRANSCRIPTION_OF_GENES_INVOLVED_IN_G2_CELL_CYCLE_ARREST)
p53_pathway,GADD45A,MSigDB (original: REACTOME_TP53_REGULATES_TRANSCRIPTION_OF_GENES_INVOLVED_IN_G2_CELL_CYCLE_ARREST)
p53_pathway,CCNB1,MSigDB (original: REACTOME_TP53_REGULATES_TRANSCRIPTION_OF_GENES_INVOLVED_IN_G2_CELL_CYCLE_ARREST)
p53_pathway,SFN,MSigDB (original: REACTOME_TP53_REGULATES_TRANSCRIPTION_OF_GENES_INVOLVED_IN_G2_CELL_CYCLE_ARREST)
p53_pathway,CNOT11,MSigDB (original: REACTOME_TP53_REGULATES_TRANSCRIPTION_OF_ADDITIONAL_CELL_CYCLE_GENES_WHOSE_EXACT_ROLE_IN_THE_P53_PATHWAY_REMAIN_UNCERTAIN)
p53_pathway,CNOT2,MSigDB (original: REACTOME_TP53_REGULATES_TRANSCRIPTION_OF_ADDITIONAL_CELL_CYCLE_GENES_WHOSE_EXACT_ROLE_IN_THE_P53_PATHWAY_REMAIN_UNCERTAIN)
p53_pathway,CNOT6,MSigDB (original: REACTOME_TP53_REGULATES_TRANSCRIPTION_OF_ADDITIONAL_CELL_CYCLE_GENES_WHOSE_EXACT_ROLE_IN_THE_P53_PATHWAY_REMAIN_UNCERTAIN)
p53_pathway,BTG2,MSigDB (original: REACTOME_TP53_REGULATES_TRANSCRIPTION_OF_ADDITIONAL_CELL_CYCLE_GENES_WHOSE_EXACT_ROLE_IN_THE_P53_PATHWAY_REMAIN_UNCERTAIN)
p53_pathway,CNOT8,MSigDB (original: REACTOME_TP53_REGULATES_TRANSCRIPTION_OF_ADDITIONAL_CELL_CYCLE_GENES_WHOSE_EXACT_ROLE_IN_THE_P53_PATHWAY_REMAIN_UNCERTAIN)
p53_pathway,PLK2,MSigDB (original: REACTOME_TP53_REGULATES_TRANSCRIPTION_OF_ADDITIONAL_CELL_CYCLE_GENES_WHOSE_EXACT_ROLE_IN_THE_P53_PATHWAY_REMAIN_UNCERTAIN)
p53_pathway,CNOT9,MSigDB (original: REACTOME_TP53_REGULATES_TRANSCRIPTION_OF_ADDITIONAL_CELL_CYCLE_GENES_WHOSE_EXACT_ROLE_IN_THE_P53_PATHWAY_REMAIN_UNCERTAIN)
p53_pathway,PLK3,MSigDB (original: REACTOME_TP53_REGULATES_TRANSCRIPTION_OF_ADDITIONAL_CELL_CYCLE_GENES_WHOSE_EXACT_ROLE_IN_THE_P53_PATHWAY_REMAIN_UNCERTAIN)
p53_pathway,CNOT7,MSigDB (original: REACTOME_TP53_REGULATES_TRANSCRIPTION_OF_ADDITIONAL_CELL_CYCLE_GENES_WHOSE_EXACT_ROLE_IN_THE_P53_PATHWAY_REMAIN_UNCERTAIN)
p53_pathway,TNKS1BP1,MSigDB (original: REACTOME_TP53_REGULATES_TRANSCRIPTION_OF_ADDITIONAL_CELL_CYCLE_GENES_WHOSE_EXACT_ROLE_IN_THE_P53_PATHWAY_REMAIN_UNCERTAIN)
p53_pathway,CNOT6L,MSigDB (original: REACTOME_TP53_REGULATES_TRANSCRIPTION_OF_ADDITIONAL_CELL_CYCLE_GENES_WHOSE_EXACT_ROLE_IN_THE_P53_PATHWAY_REMAIN_UNCERTAIN)
p53_pathway,CNOT3,MSigDB (original: REACTOME_TP53_REGULATES_TRANSCRIPTION_OF_ADDITIONAL_CELL_CYCLE_GENES_WHOSE_EXACT_ROLE_IN_THE_P53_PATHWAY_REMAIN_UNCERTAIN)
p53_pathway,CNOT1,MSigDB (original: REACTOME_TP53_REGULATES_TRANSCRIPTION_OF_ADDITIONAL_CELL_CYCLE_GENES_WHOSE_EXACT_ROLE_IN_THE_P53_PATHWAY_REMAIN_UNCERTAIN)
p53_pathway,CNOT4,MSigDB (original: REACTOME_TP53_REGULATES_TRANSCRIPTION_OF_ADDITIONAL_CELL_CYCLE_GENES_WHOSE_EXACT_ROLE_IN_THE_P53_PATHWAY_REMAIN_UNCERTAIN)
p53_pathway,CDC25C,MSigDB (original: REACTOME_TP53_REGULATES_TRANSCRIPTION_OF_ADDITIONAL_CELL_CYCLE_GENES_WHOSE_EXACT_ROLE_IN_THE_P53_PATHWAY_REMAIN_UNCERTAIN)
p53_pathway,CNOT10,MSigDB (original: REACTOME_TP53_REGULATES_TRANSCRIPTION_OF_ADDITIONAL_CELL_CYCLE_GENES_WHOSE_EXACT_ROLE_IN_THE_P53_PATHWAY_REMAIN_UNCERTAIN)
p53_pathway,NPM1,MSigDB (original: REACTOME_TP53_REGULATES_TRANSCRIPTION_OF_ADDITIONAL_CELL_CYCLE_GENES_WHOSE_EXACT_ROLE_IN_THE_P53_PATHWAY_REMAIN_UNCERTAIN)
p53_pathway,CENPJ,MSigDB (original: REACTOME_TP53_REGULATES_TRANSCRIPTION_OF_ADDITIONAL_CELL_CYCLE_GENES_WHOSE_EXACT_ROLE_IN_THE_P53_PATHWAY_REMAIN_UNCERTAIN)
p53_pathway,CCNE1,MSigDB (original: REACTOME_TP53_REGULATES_TRANSCRIPTION_OF_GENES_INVOLVED_IN_G1_CELL_CYCLE_ARREST)
p53_pathway,CDKN1B,MSigDB (original: REACTOME_TP53_REGULATES_TRANSCRIPTION_OF_GENES_INVOLVED_IN_G1_CELL_CYCLE_ARREST)
p53_pathway,E2F7,MSigDB (original: REACTOME_TP53_REGULATES_TRANSCRIPTION_OF_GENES_INVOLVED_IN_G1_CELL_CYCLE_ARREST)
p53_pathway,CDKN1A,MSigDB (original: REACTOME_TP53_REGULATES_TRANSCRIPTION_OF_GENES_INVOLVED_IN_G1_CELL_CYCLE_ARREST)
p53_pathway,CDK2,MSigDB (original: REACTOME_TP53_REGULATES_TRANSCRIPTION_OF_GENES_INVOLVED_IN_G1_CELL_CYCLE_ARREST)
p53_pathway,CCNA2,MSigDB (original: REACTOME_TP53_REGULATES_TRANSCRIPTION_OF_GENES_INVOLVED_IN_G1_CELL_CYCLE_ARREST)
p53_pathway,CCNA1,MSigDB (original: REACTOME_TP53_REGULATES_TRANSCRIPTION_OF_GENES_INVOLVED_IN_G1_CELL_CYCLE_ARREST)
p53_pathway,CCNE2,MSigDB (original: REACTOME_TP53_REGULATES_TRANSCRIPTION_OF_GENES_INVOLVED_IN_G1_CELL_CYCLE_ARREST)
p53_pathway,CDKN1C,MSigDB (original: REACTOME_TP53_REGULATES_TRANSCRIPTION_OF_GENES_INVOLVED_IN_G1_CELL_CYCLE_ARREST)
p53_pathway,E2F8,MSigDB (original: REACTOME_TP53_REGULATES_TRANSCRIPTION_OF_GENES_INVOLVED_IN_G1_CELL_CYCLE_ARREST)
p53_pathway,RPA1,MSigDB (original: REACTOME_REGULATION_OF_TP53_ACTIVITY_THROUGH_PHOSPHORYLATION)
p53_pathway,TOP3A,MSigDB (original: REACTOME_REGULATION_OF_TP53_ACTIVITY_THROUGH_PHOSPHORYLATION)
p53_pathway,STK11,MSigDB (original: REACTOME_REGULATION_OF_TP53_ACTIVITY_THROUGH_PHOSPHORYLATION)
p53_pathway,PRKAG3,MSigDB (original: REACTOME_REGULATION_OF_TP53_ACTIVITY_THROUGH_PHOSPHORYLATION)
p53_pathway,UBC,MSigDB (original: REACTOME_REGULATION_OF_TP53_ACTIVITY_THROUGH_PHOSPHORYLATION)
p53_pathway,HIPK1,MSigDB (original: REACTOME_REGULATION_OF_TP53_ACTIVITY_THROUGH_PHOSPHORYLATION)
p53_pathway,RPA3,MSigDB (original: REACTOME_REGULATION_OF_TP53_ACTIVITY_THROUGH_PHOSPHORYLATION)
p53_pathway,TBP,MSigDB (original: REACTOME_REGULATION_OF_TP53_ACTIVITY_THROUGH_PHOSPHORYLATION)
p53_pathway,BRCA1,MSigDB (original: REACTOME_REGULATION_OF_TP53_ACTIVITY_THROUGH_PHOSPHORYLATION)
p53_pathway,UBB,MSigDB (original: REACTOME_REGULATION_OF_TP53_ACTIVITY_THROUGH_PHOSPHORYLATION)
p53_pathway,NUAK1,MSigDB (original: REACTOME_REGULATION_OF_TP53_ACTIVITY_THROUGH_PHOSPHORYLATION)
p53_pathway,MDM2,MSigDB (original: REACTOME_REGULATION_OF_TP53_ACTIVITY_THROUGH_PHOSPHORYLATION)
p53_pathway,RAD50,MSigDB (original: REACTOME_REGULATION_OF_TP53_ACTIVITY_THROUGH_PHOSPHORYLATION)
p53_pathway,HUS1,MSigDB (original: REACTOME_REGULATION_OF_TP53_ACTIVITY_THROUGH_PHOSPHORYLATION)
p53_pathway,RPS27A,MSigDB (original: REACTOME_REGULATION_OF_TP53_ACTIVITY_THROUGH_PHOSPHORYLATION)
p53_pathway,TAF15,MSigDB (original: REACTOME_REGULATION_OF_TP53_ACTIVITY_THROUGH_PHOSPHORYLATION)
p53_pathway,AURKB,MSigDB (original: REACTOME_REGULATION_OF_TP53_ACTIVITY_THROUGH_PHOSPHORYLATION)
p53_pathway,RAD17,MSigDB (original: REACTOME_REGULATION_OF_TP53_ACTIVITY_THROUGH_PHOSPHORYLATION)
p53_pathway,RAD1,MSigDB (original: REACTOME_REGULATION_OF_TP53_ACTIVITY_THROUGH_PHOSPHORYLATION)
p53_pathway,RFC4,MSigDB (original: REACTOME_REGULATION_OF_TP53_ACTIVITY_THROUGH_PHOSPHORYLATION)
p53_pathway,RFC2,MSigDB (original: REACTOME_REGULATION_OF_TP53_ACTIVITY_THROUGH_PHOSPHORYLATION)
p53_pathway,TAF11,MSigDB (original: REACTOME_REGULATION_OF_TP53_ACTIVITY_THROUGH_PHOSPHORYLATION)
p53_pathway,CSNK2B,MSigDB (original: REACTOME_REGULATION_OF_TP53_ACTIVITY_THROUGH_PHOSPHORYLATION)
p53_pathway,RAD9A,MSigDB (original: REACTOME_REGULATION_OF_TP53_ACTIVITY_THROUGH_PHOSPHORYLATION)
p53_pathway,KAT5,MSigDB (original: REACTOME_REGULATION_OF_TP53_ACTIVITY_THROUGH_PHOSPHORYLATION)
p53_pathway,TAF5,MSigDB (original: REACTOME_REGULATION_OF_TP53_ACTIVITY_THROUGH_PHOSPHORYLATION)
p53_pathway,CDK2,MSigDB (original: REACTOME_REGULATION_OF_TP53_ACTIVITY_THROUGH_PHOSPHORYLATION)
p53_pathway,ATRIP,MSigDB (original: REACTOME_REGULATION_OF_TP53_ACTIVITY_THROUGH_PHOSPHORYLATION)
p53_pathway,TAF3,MSigDB (original: REACTOME_REGULATION_OF_TP53_ACTIVITY_THROUGH_PHOSPHORYLATION)
p53_pathway,BARD1,MSigDB (original: REACTOME_REGULATION_OF_TP53_ACTIVITY_THROUGH_PHOSPHORYLATION)
p53_pathway,SSRP1,MSigDB (original: REACTOME_REGULATION_OF_TP53_ACTIVITY_THROUGH_PHOSPHORYLATION)
p53_pathway,TPX2,MSigDB (original: REACTOME_REGULATION_OF_TP53_ACTIVITY_THROUGH_PHOSPHORYLATION)
p53_pathway,AURKA,MSigDB (original: REACTOME_REGULATION_OF_TP53_ACTIVITY_THROUGH_PHOSPHORYLATION)
p53_pathway,CCNA2,MSigDB (original: REACTOME_REGULATION_OF_TP53_ACTIVITY_THROUGH_PHOSPHORYLATION)
p53_pathway,CCNA1,MSigDB (original: REACTOME_REGULATION_OF_TP53_ACTIVITY_THROUGH_PHOSPHORYLATION)
p53_pathway,TRP53INP1,MSigDB (original: REACTOME_REGULATION_OF_TP53_ACTIVITY_THROUGH_PHOSPHORYLATION)
p53_pathway,NBN,MSigDB (original: REACTOME_REGULATION_OF_TP53_ACTIVITY_THROUGH_PHOSPHORYLATION)
p53_pathway,PRKAA2,MSigDB (original: REACTOME_REGULATION_OF_TP53_ACTIVITY_THROUGH_PHOSPHORYLATION)
p53_pathway,DYRK2,MSigDB (original: REACTOME_REGULATION_OF_TP53_ACTIVITY_THROUGH_PHOSPHORYLATION)
p53_pathway,PLK3,MSigDB (original: REACTOME_REGULATION_OF_TP53_ACTIVITY_THROUGH_PHOSPHORYLATION)
p53_pathway,TAF12,MSigDB (original: REACTOME_REGULATION_OF_TP53_ACTIVITY_THROUGH_PHOSPHORYLATION)
p53_pathway,PRKAG2,MSigDB (original: REACTOME_REGULATION_OF_TP53_ACTIVITY_THROUGH_PHOSPHORYLATION)
p53_pathway,CDK5,MSigDB (original: REACTOME_REGULATION_OF_TP53_ACTIVITY_THROUGH_PHOSPHORYLATION)
p53_pathway,RFC5,MSigDB (original: REACTOME_REGULATION_OF_TP53_ACTIVITY_THROUGH_PHOSPHORYLATION)
p53_pathway,MAPKAPK5,MSigDB (original: REACTOME_REGULATION_OF_TP53_ACTIVITY_THROUGH_PHOSPHORYLATION)
p53_pathway,PRKAB1,MSigDB (original: REACTOME_REGULATION_OF_TP53_ACTIVITY_THROUGH_PHOSPHORYLATION)
p53_pathway,CHEK2,MSigDB (original: REACTOME_REGULATION_OF_TP53_ACTIVITY_THROUGH_PHOSPHORYLATION)
p53_pathway,BLM,MSigDB (original: REACTOME_REGULATION_OF_TP53_ACTIVITY_THROUGH_PHOSPHORYLATION)
p53_pathway,TAF1,MSigDB (original: REACTOME_REGULATION_OF_TP53_ACTIVITY_THROUGH_PHOSPHORYLATION)
p53_pathway,WRN,MSigDB (original: REACTOME_REGULATION_OF_TP53_ACTIVITY_THROUGH_PHOSPHORYLATION)
p53_pathway,MRE11A,MSigDB (original: REACTOME_REGULATION_OF_TP53_ACTIVITY_THROUGH_PHOSPHORYLATION)
p53_pathway,CHEK1,MSigDB (original: REACTOME_REGULATION_OF_TP53_ACTIVITY_THROUGH_PHOSPHORYLATION)
p53_pathway,PIN1,MSigDB (original: REACTOME_REGULATION_OF_TP53_ACTIVITY_THROUGH_PHOSPHORYLATION)
p53_pathway,TOPBP1,MSigDB (original: REACTOME_REGULATION_OF_TP53_ACTIVITY_THROUGH_PHOSPHORYLATION)
p53_pathway,RFC3,MSigDB (original: REACTOME_REGULATION_OF_TP53_ACTIVITY_THROUGH_PHOSPHORYLATION)
p53_pathway,ATM,MSigDB (original: REACTOME_REGULATION_OF_TP53_ACTIVITY_THROUGH_PHOSPHORYLATION)
p53_pathway,BRIP1,MSigDB (original: REACTOME_REGULATION_OF_TP53_ACTIVITY_THROUGH_PHOSPHORYLATION)
p53_pathway,RMI1,MSigDB (original: REACTOME_REGULATION_OF_TP53_ACTIVITY_THROUGH_PHOSPHORYLATION)
p53_pathway,SUPT16,MSigDB (original: REACTOME_REGULATION_OF_TP53_ACTIVITY_THROUGH_PHOSPHORYLATION)
p53_pathway,DNA2,MSigDB (original: REACTOME_REGULATION_OF_TP53_ACTIVITY_THROUGH_PHOSPHORYLATION)
p53_pathway,TAF6,MSigDB (original: REACTOME_REGULATION_OF_TP53_ACTIVITY_THROUGH_PHOSPHORYLATION)
p53_pathway,TAF2,MSigDB (original: REACTOME_REGULATION_OF_TP53_ACTIVITY_THROUGH_PHOSPHORYLATION)
p53_pathway,RMI2,MSigDB (original: REACTOME_REGULATION_OF_TP53_ACTIVITY_THROUGH_PHOSPHORYLATION)
p53_pathway,PRKAB2,MSigDB (original: REACTOME_REGULATION_OF_TP53_ACTIVITY_THROUGH_PHOSPHORYLATION)
p53_pathway,RAD9B,MSigDB (original: REACTOME_REGULATION_OF_TP53_ACTIVITY_THROUGH_PHOSPHORYLATION)
p53_pathway,TAF4,MSigDB (original: REACTOME_REGULATION_OF_TP53_ACTIVITY_THROUGH_PHOSPHORYLATION)
p53_pathway,EXO1,MSigDB (original: REACTOME_REGULATION_OF_TP53_ACTIVITY_THROUGH_PHOSPHORYLATION)
p53_pathway,RBBP8,MSigDB (original: REACTOME_REGULATION_OF_TP53_ACTIVITY_THROUGH_PHOSPHORYLATION)
p53_pathway,TRP53RKB,MSigDB (original: REACTOME_REGULATION_OF_TP53_ACTIVITY_THROUGH_PHOSPHORYLATION)
p53_pathway,TAF10,MSigDB (original: REACTOME_REGULATION_OF_TP53_ACTIVITY_THROUGH_PHOSPHORYLATION)
p53_pathway,CSNK2A2,MSigDB (original: REACTOME_REGULATION_OF_TP53_ACTIVITY_THROUGH_PHOSPHORYLATION)
p53_pathway,TAF9B,MSigDB (original: REACTOME_REGULATION_OF_TP53_ACTIVITY_THROUGH_PHOSPHORYLATION)
p53_pathway,TAF13,MSigDB (original: REACTOME_REGULATION_OF_TP53_ACTIVITY_THROUGH_PHOSPHORYLATION)
p53_pathway,RHNO1,MSigDB (original: REACTOME_REGULATION_OF_TP53_ACTIVITY_THROUGH_PHOSPHORYLATION)
p53_pathway,CDK5R1,MSigDB (original: REACTOME_REGULATION_OF_TP53_ACTIVITY_THROUGH_PHOSPHORYLATION)
p53_pathway,PRKAA1,MSigDB (original: REACTOME_REGULATION_OF_TP53_ACTIVITY_THROUGH_PHOSPHORYLATION)
p53_pathway,TAF7,MSigDB (original: REACTOME_REGULATION_OF_TP53_ACTIVITY_THROUGH_PHOSPHORYLATION)
p53_pathway,TAF9,MSigDB (original: REACTOME_REGULATION_OF_TP53_ACTIVITY_THROUGH_PHOSPHORYLATION)
p53_pathway,MAPK11,MSigDB (original: REACTOME_REGULATION_OF_TP53_ACTIVITY_THROUGH_PHOSPHORYLATION)
p53_pathway,MAPK14,MSigDB (original: REACTOME_REGULATION_OF_TP53_ACTIVITY_THROUGH_PHOSPHORYLATION)
p53_pathway,TAF4B,MSigDB (original: REACTOME_REGULATION_OF_TP53_ACTIVITY_THROUGH_PHOSPHORYLATION)
p53_pathway,MDM4,MSigDB (original: REACTOME_REGULATION_OF_TP53_ACTIVITY_THROUGH_PHOSPHORYLATION)
p53_pathway,TRP53,MSigDB (original: REACTOME_REGULATION_OF_TP53_ACTIVITY_THROUGH_PHOSPHORYLATION)
p53_pathway,HIPK2,MSigDB (original: REACTOME_REGULATION_OF_TP53_ACTIVITY_THROUGH_PHOSPHORYLATION)
p53_pathway,PRKAG1,MSigDB (original: REACTOME_REGULATION_OF_TP53_ACTIVITY_THROUGH_PHOSPHORYLATION)
p53_pathway,GM11808,MSigDB (original: REACTOME_REGULATION_OF_TP53_ACTIVITY_THROUGH_PHOSPHORYLATION)
p53_pathway,CSNK2A1,MSigDB (original: REACTOME_REGULATION_OF_TP53_ACTIVITY_THROUGH_PHOSPHORYLATION)
p53_pathway,TAF7L2,MSigDB (original: REACTOME_REGULATION_OF_TP53_ACTIVITY_THROUGH_PHOSPHORYLATION)
p53_pathway,AK6,MSigDB (original: REACTOME_REGULATION_OF_TP53_ACTIVITY_THROUGH_PHOSPHORYLATION)
p53_pathway,UBA52,MSigDB (original: REACTOME_REGULATION_OF_TP53_ACTIVITY_THROUGH_PHOSPHORYLATION)
p53_pathway,NOC2L,MSigDB (original: REACTOME_REGULATION_OF_TP53_ACTIVITY_THROUGH_PHOSPHORYLATION)
p53_pathway,AKT1,MSigDB (original: REACTOME_REGULATION_OF_TP53_DEGRADATION)
p53_pathway,DAXX,MSigDB (original: REACTOME_REGULATION_OF_TP53_DEGRADATION)
p53_pathway,AKT2,MSigDB (original: REACTOME_REGULATION_OF_TP53_DEGRADATION)
p53_pathway,PPP2R1A,MSigDB (original: REACTOME_REGULATION_OF_TP53_DEGRADATION)
p53_pathway,UBC,MSigDB (original: REACTOME_REGULATION_OF_TP53_DEGRADATION)
p53_pathway,PPP2CB,MSigDB (original: REACTOME_REGULATION_OF_TP53_DEGRADATION)
p53_pathway,PPP2R5C,MSigDB (original: REACTOME_REGULATION_OF_TP53_DEGRADATION)
p53_pathway,UBB,MSigDB (original: REACTOME_REGULATION_OF_TP53_DEGRADATION)
p53_pathway,AKT3,MSigDB (original: REACTOME_REGULATION_OF_TP53_DEGRADATION)
p53_pathway,CDK1,MSigDB (original: REACTOME_REGULATION_OF_TP53_DEGRADATION)
p53_pathway,SGK1,MSigDB (original: REACTOME_REGULATION_OF_TP53_DEGRADATION)
p53_pathway,MDM2,MSigDB (original: REACTOME_REGULATION_OF_TP53_DEGRADATION)
p53_pathway,CCNG1,MSigDB (original: REACTOME_REGULATION_OF_TP53_DEGRADATION)
p53_pathway,PPP2CA,MSigDB (original: REACTOME_REGULATION_OF_TP53_DEGRADATION)
p53_pathway,RPS27A,MSigDB (original: REACTOME_REGULATION_OF_TP53_DEGRADATION)
p53_pathway,RFFL,MSigDB (original: REACTOME_REGULATION_OF_TP53_DEGRADATION)
p53_pathway,USP7,MSigDB (original: REACTOME_REGULATION_OF_TP53_DEGRADATION)
p53_pathway,PDPK1,MSigDB (original: REACTOME_REGULATION_OF_TP53_DEGRADATION)
p53_pathway,MLST8,MSigDB (original: REACTOME_REGULATION_OF_TP53_DEGRADATION)
p53_pathway,CDK2,MSigDB (original: REACTOME_REGULATION_OF_TP53_DEGRADATION)
p53_pathway,CCNA2,MSigDB (original: REACTOME_REGULATION_OF_TP53_DEGRADATION)
p53_pathway,CCNA1,MSigDB (original: REACTOME_REGULATION_OF_TP53_DEGRADATION)
p53_pathway,MTOR,MSigDB (original: REACTOME_REGULATION_OF_TP53_DEGRADATION)
p53_pathway,RNF34,MSigDB (original: REACTOME_REGULATION_OF_TP53_DEGRADATION)
p53_pathway,CHEK2,MSigDB (original: REACTOME_REGULATION_OF_TP53_DEGRADATION)
p53_pathway,USP2,MSigDB (original: REACTOME_REGULATION_OF_TP53_DEGRADATION)
p53_pathway,PPP2R1B,MSigDB (original: REACTOME_REGULATION_OF_TP53_DEGRADATION)
p53_pathway,ATM,MSigDB (original: REACTOME_REGULATION_OF_TP53_DEGRADATION)
p53_pathway,PRR5,MSigDB (original: REACTOME_REGULATION_OF_TP53_DEGRADATION)
p53_pathway,PHF20,MSigDB (original: REACTOME_REGULATION_OF_TP53_DEGRADATION)
p53_pathway,MAPKAP1,MSigDB (original: REACTOME_REGULATION_OF_TP53_DEGRADATION)
p53_pathway,RICTOR,MSigDB (original: REACTOME_REGULATION_OF_TP53_DEGRADATION)
p53_pathway,MDM4,MSigDB (original: REACTOME_REGULATION_OF_TP53_DEGRADATION)
p53_pathway,TRP53,MSigDB (original: REACTOME_REGULATION_OF_TP53_DEGRADATION)
p53_pathway,GM11808,MSigDB (original: REACTOME_REGULATION_OF_TP53_DEGRADATION)
p53_pathway,UBA52,MSigDB (original: REACTOME_REGULATION_OF_TP53_DEGRADATION)
p53_pathway,BRPF1,MSigDB (original: REACTOME_REGULATION_OF_TP53_ACTIVITY_THROUGH_ACETYLATION)
p53_pathway,AKT1,MSigDB (original: REACTOME_REGULATION_OF_TP53_ACTIVITY_THROUGH_ACETYLATION)
p53_pathway,AKT2,MSigDB (original: REACTOME_REGULATION_OF_TP53_ACTIVITY_THROUGH_ACETYLATION)
p53_pathway,CHD3,MSigDB (original: REACTOME_REGULATION_OF_TP53_ACTIVITY_THROUGH_ACETYLATION)
p53_pathway,PIP4K2B,MSigDB (original: REACTOME_REGULATION_OF_TP53_ACTIVITY_THROUGH_ACETYLATION)
p53_pathway,AKT3,MSigDB (original: REACTOME_REGULATION_OF_TP53_ACTIVITY_THROUGH_ACETYLATION)
p53_pathway,MAP2K6,MSigDB (original: REACTOME_REGULATION_OF_TP53_ACTIVITY_THROUGH_ACETYLATION)
p53_pathway,BRD1,MSigDB (original: REACTOME_REGULATION_OF_TP53_ACTIVITY_THROUGH_ACETYLATION)
p53_pathway,PIP4K2C,MSigDB (original: REACTOME_REGULATION_OF_TP53_ACTIVITY_THROUGH_ACETYLATION)
p53_pathway,ING5,MSigDB (original: REACTOME_REGULATION_OF_TP53_ACTIVITY_THROUGH_ACETYLATION)
p53_pathway,PIP4K2A,MSigDB (original: REACTOME_REGULATION_OF_TP53_ACTIVITY_THROUGH_ACETYLATION)
p53_pathway,HDAC1,MSigDB (original: REACTOME_REGULATION_OF_TP53_ACTIVITY_THROUGH_ACETYLATION)
p53_pathway,MEAF6,MSigDB (original: REACTOME_REGULATION_OF_TP53_ACTIVITY_THROUGH_ACETYLATION)
p53_pathway,RBBP7,MSigDB (original: REACTOME_REGULATION_OF_TP53_ACTIVITY_THROUGH_ACETYLATION)
p53_pathway,KAT6A,MSigDB (original: REACTOME_REGULATION_OF_TP53_ACTIVITY_THROUGH_ACETYLATION)
p53_pathway,BRD7,MSigDB (original: REACTOME_REGULATION_OF_TP53_ACTIVITY_THROUGH_ACETYLATION)
p53_pathway,PIN1,MSigDB (original: REACTOME_REGULATION_OF_TP53_ACTIVITY_THROUGH_ACETYLATION)
p53_pathway,MBD3,MSigDB (original: REACTOME_REGULATION_OF_TP53_ACTIVITY_THROUGH_ACETYLATION)
p53_pathway,PIP4P1,MSigDB (original: REACTOME_REGULATION_OF_TP53_ACTIVITY_THROUGH_ACETYLATION)
p53_pathway,GATAD2A,MSigDB (original: REACTOME_REGULATION_OF_TP53_ACTIVITY_THROUGH_ACETYLATION)
p53_pathway,PML,MSigDB (original: REACTOME_REGULATION_OF_TP53_ACTIVITY_THROUGH_ACETYLATION)
p53_pathway,GATAD2B,MSigDB (original: REACTOME_REGULATION_OF_TP53_ACTIVITY_THROUGH_ACETYLATION)
p53_pathway,EP300,MSigDB (original: REACTOME_REGULATION_OF_TP53_ACTIVITY_THROUGH_ACETYLATION)
p53_pathway,RBBP4,MSigDB (original: REACTOME_REGULATION_OF_TP53_ACTIVITY_THROUGH_ACETYLATION)
p53_pathway,TRP53,MSigDB (original: REACTOME_REGULATION_OF_TP53_ACTIVITY_THROUGH_ACETYLATION)
p53_pathway,ING2,MSigDB (original: REACTOME_REGULATION_OF_TP53_ACTIVITY_THROUGH_ACETYLATION)
p53_pathway,CHD4,MSigDB (original: REACTOME_REGULATION_OF_TP53_ACTIVITY_THROUGH_ACETYLATION)
p53_pathway,BRPF3,MSigDB (original: REACTOME_REGULATION_OF_TP53_ACTIVITY_THROUGH_ACETYLATION)
p53_pathway,MTA2,MSigDB (original: REACTOME_REGULATION_OF_TP53_ACTIVITY_THROUGH_ACETYLATION)
p53_pathway,ZFP385A,MSigDB (original: REACTOME_REGULATION_OF_TP53_ACTIVITY_THROUGH_ASSOCIATION_WITH_CO_FACTORS)
p53_pathway,AKT1,MSigDB (original: REACTOME_REGULATION_OF_TP53_ACTIVITY_THROUGH_ASSOCIATION_WITH_CO_FACTORS)
p53_pathway,AKT2,MSigDB (original: REACTOME_REGULATION_OF_TP53_ACTIVITY_THROUGH_ASSOCIATION_WITH_CO_FACTORS)
p53_pathway,AKT3,MSigDB (original: REACTOME_REGULATION_OF_TP53_ACTIVITY_THROUGH_ASSOCIATION_WITH_CO_FACTORS)
p53_pathway,PPP1R13B,MSigDB (original: REACTOME_REGULATION_OF_TP53_ACTIVITY_THROUGH_ASSOCIATION_WITH_CO_FACTORS)
p53_pathway,TRP63,MSigDB (original: REACTOME_REGULATION_OF_TP53_ACTIVITY_THROUGH_ASSOCIATION_WITH_CO_FACTORS)
p53_pathway,BANP,MSigDB (original: REACTOME_REGULATION_OF_TP53_ACTIVITY_THROUGH_ASSOCIATION_WITH_CO_FACTORS)
p53_pathway,TRP53BP2,MSigDB (original: REACTOME_REGULATION_OF_TP53_ACTIVITY_THROUGH_ASSOCIATION_WITH_CO_FACTORS)
p53_pathway,TRP73,MSigDB (original: REACTOME_REGULATION_OF_TP53_ACTIVITY_THROUGH_ASSOCIATION_WITH_CO_FACTORS)
p53_pathway,POU4F2,MSigDB (original: REACTOME_REGULATION_OF_TP53_ACTIVITY_THROUGH_ASSOCIATION_WITH_CO_FACTORS)
p53_pathway,PHF20,MSigDB (original: REACTOME_REGULATION_OF_TP53_ACTIVITY_THROUGH_ASSOCIATION_WITH_CO_FACTORS)
p53_pathway,PPP1R13L,MSigDB (original: REACTOME_REGULATION_OF_TP53_ACTIVITY_THROUGH_ASSOCIATION_WITH_CO_FACTORS)
p53_pathway,POU4F1,MSigDB (original: REACTOME_REGULATION_OF_TP53_ACTIVITY_THROUGH_ASSOCIATION_WITH_CO_FACTORS)
p53_pathway,TRP53,MSigDB (original: REACTOME_REGULATION_OF_TP53_ACTIVITY_THROUGH_ASSOCIATION_WITH_CO_FACTORS)
p53_pathway,TTC5,MSigDB (original: REACTOME_REGULATION_OF_TP53_ACTIVITY_THROUGH_METHYLATION)
p53_pathway,UBC,MSigDB (original: REACTOME_REGULATION_OF_TP53_ACTIVITY_THROUGH_METHYLATION)
p53_pathway,EHMT2,MSigDB (original: REACTOME_REGULATION_OF_TP53_ACTIVITY_THROUGH_METHYLATION)
p53_pathway,UBB,MSigDB (original: REACTOME_REGULATION_OF_TP53_ACTIVITY_THROUGH_METHYLATION)
p53_pathway,MDM2,MSigDB (original: REACTOME_REGULATION_OF_TP53_ACTIVITY_THROUGH_METHYLATION)
p53_pathway,RPS27A,MSigDB (original: REACTOME_REGULATION_OF_TP53_ACTIVITY_THROUGH_METHYLATION)
p53_pathway,JMY,MSigDB (original: REACTOME_REGULATION_OF_TP53_ACTIVITY_THROUGH_METHYLATION)
p53_pathway,PRMT5,MSigDB (original: REACTOME_REGULATION_OF_TP53_ACTIVITY_THROUGH_METHYLATION)
p53_pathway,SMYD2,MSigDB (original: REACTOME_REGULATION_OF_TP53_ACTIVITY_THROUGH_METHYLATION)
p53_pathway,CHEK2,MSigDB (original: REACTOME_REGULATION_OF_TP53_ACTIVITY_THROUGH_METHYLATION)
p53_pathway,ATM,MSigDB (original: REACTOME_REGULATION_OF_TP53_ACTIVITY_THROUGH_METHYLATION)
p53_pathway,L3MBTL1,MSigDB (original: REACTOME_REGULATION_OF_TP53_ACTIVITY_THROUGH_METHYLATION)
p53_pathway,EHMT1,MSigDB (original: REACTOME_REGULATION_OF_TP53_ACTIVITY_THROUGH_METHYLATION)
p53_pathway,KMT5A,MSigDB (original: REACTOME_REGULATION_OF_TP53_ACTIVITY_THROUGH_METHYLATION)
p53_pathway,MDM4,MSigDB (original: REACTOME_REGULATION_OF_TP53_ACTIVITY_THROUGH_METHYLATION)
p53_pathway,EP300,MSigDB (original: REACTOME_REGULATION_OF_TP53_ACTIVITY_THROUGH_METHYLATION)
p53_pathway,TRP53,MSigDB (original: REACTOME_REGULATION_OF_TP53_ACTIVITY_THROUGH_METHYLATION)
p53_pathway,GM11808,MSigDB (original: REACTOME_REGULATION_OF_TP53_ACTIVITY_THROUGH_METHYLATION)
p53_pathway,UBA52,MSigDB (original: REACTOME_REGULATION_OF_TP53_ACTIVITY_THROUGH_METHYLATION)
p53_pathway,PIP4K2B,MSigDB (original: REACTOME_PI5P_REGULATES_TP53_ACETYLATION)
p53_pathway,MAP2K6,MSigDB (original: REACTOME_PI5P_REGULATES_TP53_ACETYLATION)
p53_pathway,PIP4K2C,MSigDB (original: REACTOME_PI5P_REGULATES_TP53_ACETYLATION)
p53_pathway,PIP4K2A,MSigDB (original: REACTOME_PI5P_REGULATES_TP53_ACETYLATION)
p53_pathway,PIN1,MSigDB (original: REACTOME_PI5P_REGULATES_TP53_ACETYLATION)
p53_pathway,PIP4P1,MSigDB (original: REACTOME_PI5P_REGULATES_TP53_ACETYLATION)
p53_pathway,EP300,MSigDB (original: REACTOME_PI5P_REGULATES_TP53_ACETYLATION)
p53_pathway,TRP53,MSigDB (original: REACTOME_PI5P_REGULATES_TP53_ACETYLATION)
p53_pathway,ING2,MSigDB (original: REACTOME_PI5P_REGULATES_TP53_ACETYLATION)
p53_pathway,PSMC3,MSigDB (original: REACTOME_STABILIZATION_OF_P53)
p53_pathway,PSMD4,MSigDB (original: REACTOME_STABILIZATION_OF_P53)
p53_pathway,PSMB4,MSigDB (original: REACTOME_STABILIZATION_OF_P53)
p53_pathway,PSMD2,MSigDB (original: REACTOME_STABILIZATION_OF_P53)
p53_pathway,UBC,MSigDB (original: REACTOME_STABILIZATION_OF_P53)
p53_pathway,PSMB1,MSigDB (original: REACTOME_STABILIZATION_OF_P53)
p53_pathway,PSMA2,MSigDB (original: REACTOME_STABILIZATION_OF_P53)
p53_pathway,PSMD3,MSigDB (original: REACTOME_STABILIZATION_OF_P53)
p53_pathway,PSMD11,MSigDB (original: REACTOME_STABILIZATION_OF_P53)
p53_pathway,PSMB6,MSigDB (original: REACTOME_STABILIZATION_OF_P53)
p53_pathway,UBB,MSigDB (original: REACTOME_STABILIZATION_OF_P53)
p53_pathway,MDM2,MSigDB (original: REACTOME_STABILIZATION_OF_P53)
p53_pathway,RPS27A,MSigDB (original: REACTOME_STABILIZATION_OF_P53)
p53_pathway,PSMC5,MSigDB (original: REACTOME_STABILIZATION_OF_P53)
p53_pathway,PSMD12,MSigDB (original: REACTOME_STABILIZATION_OF_P53)
p53_pathway,PSMA6,MSigDB (original: REACTOME_STABILIZATION_OF_P53)
p53_pathway,PSMC1,MSigDB (original: REACTOME_STABILIZATION_OF_P53)
p53_pathway,PSMD6,MSigDB (original: REACTOME_STABILIZATION_OF_P53)
p53_pathway,PSMC6,MSigDB (original: REACTOME_STABILIZATION_OF_P53)
p53_pathway,PSMB5,MSigDB (original: REACTOME_STABILIZATION_OF_P53)
p53_pathway,PSME1,MSigDB (original: REACTOME_STABILIZATION_OF_P53)
p53_pathway,PSMB8,MSigDB (original: REACTOME_STABILIZATION_OF_P53)
p53_pathway,PSMD13,MSigDB (original: REACTOME_STABILIZATION_OF_P53)
p53_pathway,PSMD1,MSigDB (original: REACTOME_STABILIZATION_OF_P53)
p53_pathway,PSMB7,MSigDB (original: REACTOME_STABILIZATION_OF_P53)
p53_pathway,PSMD5,MSigDB (original: REACTOME_STABILIZATION_OF_P53)
p53_pathway,PSMD14,MSigDB (original: REACTOME_STABILIZATION_OF_P53)
p53_pathway,PSMA7,MSigDB (original: REACTOME_STABILIZATION_OF_P53)
p53_pathway,PSMB2,MSigDB (original: REACTOME_STABILIZATION_OF_P53)
p53_pathway,PSMC2,MSigDB (original: REACTOME_STABILIZATION_OF_P53)
p53_pathway,PSMD9,MSigDB (original: REACTOME_STABILIZATION_OF_P53)
p53_pathway,CHEK2,MSigDB (original: REACTOME_STABILIZATION_OF_P53)
p53_pathway,PSMD8,MSigDB (original: REACTOME_STABILIZATION_OF_P53)
p53_pathway,PSMC4,MSigDB (original: REACTOME_STABILIZATION_OF_P53)
p53_pathway,PSMA1,MSigDB (original: REACTOME_STABILIZATION_OF_P53)
p53_pathway,PSMD10,MSigDB (original: REACTOME_STABILIZATION_OF_P53)
p53_pathway,PSMB10,MSigDB (original: REACTOME_STABILIZATION_OF_P53)
p53_pathway,PSMA4,MSigDB (original: REACTOME_STABILIZATION_OF_P53)
p53_pathway,PSMF1,MSigDB (original: REACTOME_STABILIZATION_OF_P53)
p53_pathway,ATM,MSigDB (original: REACTOME_STABILIZATION_OF_P53)
p53_pathway,PSMA8,MSigDB (original: REACTOME_STABILIZATION_OF_P53)
p53_pathway,PHF20,MSigDB (original: REACTOME_STABILIZATION_OF_P53)
p53_pathway,PSMD7,MSigDB (original: REACTOME_STABILIZATION_OF_P53)
p53_pathway,COP1,MSigDB (original: REACTOME_STABILIZATION_OF_P53)
p53_pathway,PSME4,MSigDB (original: REACTOME_STABILIZATION_OF_P53)
p53_pathway,MDM4,MSigDB (original: REACTOME_STABILIZATION_OF_P53)
p53_pathway,TRP53,MSigDB (original: REACTOME_STABILIZATION_OF_P53)
p53_pathway,PSMA3,MSigDB (original: REACTOME_STABILIZATION_OF_P53)
p53_pathway,GM11808,MSigDB (original: REACTOME_STABILIZATION_OF_P53)
p53_pathway,PSMA5,MSigDB (original: REACTOME_STABILIZATION_OF_P53)
p53_pathway,PSMB3,MSigDB (original: REACTOME_STABILIZATION_OF_P53)
p53_pathway,PSMB11,MSigDB (original: REACTOME_STABILIZATION_OF_P53)
p53_pathway,PSME2B,MSigDB (original: REACTOME_STABILIZATION_OF_P53)
p53_pathway,PSME3,MSigDB (original: REACTOME_STABILIZATION_OF_P53)
p53_pathway,PSME2,MSigDB (original: REACTOME_STABILIZATION_OF_P53)
p53_pathway,UBA52,MSigDB (original: REACTOME_STABILIZATION_OF_P53)
NLRP3_inflammasome,SUGT1,MSigDB (original: REACTOME_THE_NLRP3_INFLAMMASOME)
NLRP3_inflammasome,MEFV,MSigDB (original: REACTOME_THE_NLRP3_INFLAMMASOME)
NLRP3_inflammasome,HSP90AB1,MSigDB (original: REACTOME_THE_NLRP3_INFLAMMASOME)
NLRP3_inflammasome,TXN1,MSigDB (original: REACTOME_THE_NLRP3_INFLAMMASOME)
NLRP3_inflammasome,P2RX7,MSigDB (original: REACTOME_THE_NLRP3_INFLAMMASOME)
NLRP3_inflammasome,PYCARD,MSigDB (original: REACTOME_THE_NLRP3_INFLAMMASOME)
NLRP3_inflammasome,PANX1,MSigDB (original: REACTOME_THE_NLRP3_INFLAMMASOME)
NLRP3_inflammasome,PSTPIP1,MSigDB (original: REACTOME_THE_NLRP3_INFLAMMASOME)
NLRP3_inflammasome,NLRP3,MSigDB (original: REACTOME_THE_NLRP3_INFLAMMASOME)
NLRP3_inflammasome,TXNIP,MSigDB (original: REACTOME_THE_NLRP3_INFLAMMASOME)
MAPK_signaling,MAPK7,MSigDB (original: REACTOME_GASTRIN_CREB_SIGNALLING_PATHWAY_VIA_PKC_AND_MAPK)
MAPK_signaling,RPS6KA1,MSigDB (original: REACTOME_GASTRIN_CREB_SIGNALLING_PATHWAY_VIA_PKC_AND_MAPK)
MAPK_signaling,GAST,MSigDB (original: REACTOME_GASTRIN_CREB_SIGNALLING_PATHWAY_VIA_PKC_AND_MAPK)
MAPK_signaling,EGFR,MSigDB (original: REACTOME_GASTRIN_CREB_SIGNALLING_PATHWAY_VIA_PKC_AND_MAPK)
MAPK_signaling,RPS6KA2,MSigDB (original: REACTOME_GASTRIN_CREB_SIGNALLING_PATHWAY_VIA_PKC_AND_MAPK)
MAPK_signaling,SOS1,MSigDB (original: REACTOME_GASTRIN_CREB_SIGNALLING_PATHWAY_VIA_PKC_AND_MAPK)
MAPK_signaling,HBEGF,MSigDB (original: REACTOME_GASTRIN_CREB_SIGNALLING_PATHWAY_VIA_PKC_AND_MAPK)
MAPK_signaling,HRAS,MSigDB (original: REACTOME_GASTRIN_CREB_SIGNALLING_PATHWAY_VIA_PKC_AND_MAPK)
MAPK_signaling,CREB1,MSigDB (original: REACTOME_GASTRIN_CREB_SIGNALLING_PATHWAY_VIA_PKC_AND_MAPK)
MAPK_signaling,KRAS,MSigDB (original: REACTOME_GASTRIN_CREB_SIGNALLING_PATHWAY_VIA_PKC_AND_MAPK)
MAPK_signaling,CCKBR,MSigDB (original: REACTOME_GASTRIN_CREB_SIGNALLING_PATHWAY_VIA_PKC_AND_MAPK)
MAPK_signaling,RPS6KA3,MSigDB (original: REACTOME_GASTRIN_CREB_SIGNALLING_PATHWAY_VIA_PKC_AND_MAPK)
MAPK_signaling,GRB2,MSigDB (original: REACTOME_GASTRIN_CREB_SIGNALLING_PATHWAY_VIA_PKC_AND_MAPK)
MAPK_signaling,MAPK3,MSigDB (original: REACTOME_GASTRIN_CREB_SIGNALLING_PATHWAY_VIA_PKC_AND_MAPK)
MAPK_signaling,MAPK1,MSigDB (original: REACTOME_GASTRIN_CREB_SIGNALLING_PATHWAY_VIA_PKC_AND_MAPK)
HIF1_signaling,EGFR,MSigDB (original: REACTOME_PTK6_PROMOTES_HIF1A_STABILIZATION)
HIF1_signaling,HIF1A,MSigDB (original: REACTOME_PTK6_PROMOTES_HIF1A_STABILIZATION)
HIF1_signaling,HBEGF,MSigDB (original: REACTOME_PTK6_PROMOTES_HIF1A_STABILIZATION)
HIF1_signaling,GPNMB,MSigDB (original: REACTOME_PTK6_PROMOTES_HIF1A_STABILIZATION)
HIF1_signaling,LRRK2,MSigDB (original: REACTOME_PTK6_PROMOTES_HIF1A_STABILIZATION)
HIF1_signaling,PTK6,MSigDB (original: REACTOME_PTK6_PROMOTES_HIF1A_STABILIZATION)
mTOR_signaling,ITFG2,MSigDB (original: REACTOME_AMINO_ACIDS_REGULATE_MTORC1)
mTOR_signaling,TCIRG1,MSigDB (original: REACTOME_AMINO_ACIDS_REGULATE_MTORC1)
mTOR_signaling,ATP6V1F,MSigDB (original: REACTOME_AMINO_ACIDS_REGULATE_MTORC1)
mTOR_signaling,KPTN,MSigDB (original: REACTOME_AMINO_ACIDS_REGULATE_MTORC1)
mTOR_signaling,ATP6V1B1,MSigDB (original: REACTOME_AMINO_ACIDS_REGULATE_MTORC1)
mTOR_signaling,ATP6V1B2,MSigDB (original: REACTOME_AMINO_ACIDS_REGULATE_MTORC1)
mTOR_signaling,NPRL2,MSigDB (original: REACTOME_AMINO_ACIDS_REGULATE_MTORC1)
mTOR_signaling,ATP6V0D1,MSigDB (original: REACTOME_AMINO_ACIDS_REGULATE_MTORC1)
mTOR_signaling,ATP6V0E,MSigDB (original: REACTOME_AMINO_ACIDS_REGULATE_MTORC1)
mTOR_signaling,CASTOR2,MSigDB (original: REACTOME_AMINO_ACIDS_REGULATE_MTORC1)
mTOR_signaling,ATP6V1E1,MSigDB (original: REACTOME_AMINO_ACIDS_REGULATE_MTORC1)
mTOR_signaling,NPRL3,MSigDB (original: REACTOME_AMINO_ACIDS_REGULATE_MTORC1)
mTOR_signaling,CASTOR1,MSigDB (original: REACTOME_AMINO_ACIDS_REGULATE_MTORC1)
mTOR_signaling,ATP6V1C2,MSigDB (original: REACTOME_AMINO_ACIDS_REGULATE_MTORC1)
mTOR_signaling,ATP6V1D,MSigDB (original: REACTOME_AMINO_ACIDS_REGULATE_MTORC1)
mTOR_signaling,ATP6V1C1,MSigDB (original: REACTOME_AMINO_ACIDS_REGULATE_MTORC1)
mTOR_signaling,ATP6V0C,MSigDB (original: REACTOME_AMINO_ACIDS_REGULATE_MTORC1)
mTOR_signaling,MLST8,MSigDB (original: REACTOME_AMINO_ACIDS_REGULATE_MTORC1)
mTOR_signaling,ATP6V1G2,MSigDB (original: REACTOME_AMINO_ACIDS_REGULATE_MTORC1)
mTOR_signaling,RPTOR,MSigDB (original: REACTOME_AMINO_ACIDS_REGULATE_MTORC1)
mTOR_signaling,WDR24,MSigDB (original: REACTOME_AMINO_ACIDS_REGULATE_MTORC1)
mTOR_signaling,ATP6V1G3,MSigDB (original: REACTOME_AMINO_ACIDS_REGULATE_MTORC1)
mTOR_signaling,LAMTOR2,MSigDB (original: REACTOME_AMINO_ACIDS_REGULATE_MTORC1)
mTOR_signaling,ATP6V0D2,MSigDB (original: REACTOME_AMINO_ACIDS_REGULATE_MTORC1)
mTOR_signaling,RRAGD,MSigDB (original: REACTOME_AMINO_ACIDS_REGULATE_MTORC1)
mTOR_signaling,RRAGC,MSigDB (original: REACTOME_AMINO_ACIDS_REGULATE_MTORC1)
mTOR_signaling,SESN2,MSigDB (original: REACTOME_AMINO_ACIDS_REGULATE_MTORC1)
mTOR_signaling,RHEB,MSigDB (original: REACTOME_AMINO_ACIDS_REGULATE_MTORC1)
mTOR_signaling,MTOR,MSigDB (original: REACTOME_AMINO_ACIDS_REGULATE_MTORC1)
mTOR_signaling,SEC13,MSigDB (original: REACTOME_AMINO_ACIDS_REGULATE_MTORC1)
mTOR_signaling,LAMTOR1,MSigDB (original: REACTOME_AMINO_ACIDS_REGULATE_MTORC1)
mTOR_signaling,WDR59,MSigDB (original: REACTOME_AMINO_ACIDS_REGULATE_MTORC1)
mTOR_signaling,FLCN,MSigDB (original: REACTOME_AMINO_ACIDS_REGULATE_MTORC1)
mTOR_signaling,SZT2,MSigDB (original: REACTOME_AMINO_ACIDS_REGULATE_MTORC1)
mTOR_signaling,ATP6V0B,MSigDB (original: REACTOME_AMINO_ACIDS_REGULATE_MTORC1)
mTOR_signaling,ATP6V1H,MSigDB (original: REACTOME_AMINO_ACIDS_REGULATE_MTORC1)
mTOR_signaling,FNIP1,MSigDB (original: REACTOME_AMINO_ACIDS_REGULATE_MTORC1)
mTOR_signaling,SH3BP4,MSigDB (original: REACTOME_AMINO_ACIDS_REGULATE_MTORC1)
mTOR_signaling,DEPDC5,MSigDB (original: REACTOME_AMINO_ACIDS_REGULATE_MTORC1)
mTOR_signaling,SESN1,MSigDB (original: REACTOME_AMINO_ACIDS_REGULATE_MTORC1)
mTOR_signaling,ATP6V1G1,MSigDB (original: REACTOME_AMINO_ACIDS_REGULATE_MTORC1)
mTOR_signaling,ATP6V0E2,MSigDB (original: REACTOME_AMINO_ACIDS_REGULATE_MTORC1)
mTOR_signaling,RRAGB,MSigDB (original: REACTOME_AMINO_ACIDS_REGULATE_MTORC1)
mTOR_signaling,MIOS,MSigDB (original: REACTOME_AMINO_ACIDS_REGULATE_MTORC1)
mTOR_signaling,BMT2,MSigDB (original: REACTOME_AMINO_ACIDS_REGULATE_MTORC1)
mTOR_signaling,SLC38A9,MSigDB (original: REACTOME_AMINO_ACIDS_REGULATE_MTORC1)
mTOR_signaling,LAMTOR4,MSigDB (original: REACTOME_AMINO_ACIDS_REGULATE_MTORC1)
mTOR_signaling,ATP6V1A,MSigDB (original: REACTOME_AMINO_ACIDS_REGULATE_MTORC1)
mTOR_signaling,ATP6V1E2,MSigDB (original: REACTOME_AMINO_ACIDS_REGULATE_MTORC1)
mTOR_signaling,KICS2,MSigDB (original: REACTOME_AMINO_ACIDS_REGULATE_MTORC1)
mTOR_signaling,FNIP2,MSigDB (original: REACTOME_AMINO_ACIDS_REGULATE_MTORC1)
mTOR_signaling,RRAGA,MSigDB (original: REACTOME_AMINO_ACIDS_REGULATE_MTORC1)
mTOR_signaling,SEH1L,MSigDB (original: REACTOME_AMINO_ACIDS_REGULATE_MTORC1)
mTOR_signaling,LAMTOR5,MSigDB (original: REACTOME_AMINO_ACIDS_REGULATE_MTORC1)
mTOR_signaling,LAMTOR3,MSigDB (original: REACTOME_AMINO_ACIDS_REGULATE_MTORC1)
Autophagy,TUBB6,MSigDB (original: REACTOME_SELECTIVE_AUTOPHAGY)
Autophagy,TOMM40,MSigDB (original: REACTOME_SELECTIVE_AUTOPHAGY)
Autophagy,PEX5,MSigDB (original: REACTOME_SELECTIVE_AUTOPHAGY)
Autophagy,UBC,MSigDB (original: REACTOME_SELECTIVE_AUTOPHAGY)
Autophagy,DYNLL1,MSigDB (original: REACTOME_SELECTIVE_AUTOPHAGY)
Autophagy,SQSTM1,MSigDB (original: REACTOME_SELECTIVE_AUTOPHAGY)
Autophagy,TUBB1,MSigDB (original: REACTOME_SELECTIVE_AUTOPHAGY)
Autophagy,NBR1,MSigDB (original: REACTOME_SELECTIVE_AUTOPHAGY)
Autophagy,DYNC1H1,MSigDB (original: REACTOME_SELECTIVE_AUTOPHAGY)
Autophagy,UBB,MSigDB (original: REACTOME_SELECTIVE_AUTOPHAGY)
Autophagy,VDAC1,MSigDB (original: REACTOME_SELECTIVE_AUTOPHAGY)
Autophagy,RPS27A,MSigDB (original: REACTOME_SELECTIVE_AUTOPHAGY)
Autophagy,DYNLL2,MSigDB (original: REACTOME_SELECTIVE_AUTOPHAGY)
Autophagy,TUBAL3,MSigDB (original: REACTOME_SELECTIVE_AUTOPHAGY)
Autophagy,MTERF3,MSigDB (original: REACTOME_SELECTIVE_AUTOPHAGY)
Autophagy,TOMM22,MSigDB (original: REACTOME_SELECTIVE_AUTOPHAGY)
Autophagy,TOMM70A,MSigDB (original: REACTOME_SELECTIVE_AUTOPHAGY)
Autophagy,ARL13B,MSigDB (original: REACTOME_SELECTIVE_AUTOPHAGY)
Autophagy,TUBA1B,MSigDB (original: REACTOME_SELECTIVE_AUTOPHAGY)
Autophagy,PRKN,MSigDB (original: REACTOME_SELECTIVE_AUTOPHAGY)
Autophagy,CSNK2B,MSigDB (original: REACTOME_SELECTIVE_AUTOPHAGY)
Autophagy,FUNDC1,MSigDB (original: REACTOME_SELECTIVE_AUTOPHAGY)
Autophagy,TUBA4A,MSigDB (original: REACTOME_SELECTIVE_AUTOPHAGY)
Autophagy,VIM,MSigDB (original: REACTOME_SELECTIVE_AUTOPHAGY)
Autophagy,DYNC1I2,MSigDB (original: REACTOME_SELECTIVE_AUTOPHAGY)
Autophagy,MAP1LC3A,MSigDB (original: REACTOME_SELECTIVE_AUTOPHAGY)
Autophagy,SRC,MSigDB (original: REACTOME_SELECTIVE_AUTOPHAGY)
Autophagy,MFN1,MSigDB (original: REACTOME_SELECTIVE_AUTOPHAGY)
Autophagy,PINK1,MSigDB (original: REACTOME_SELECTIVE_AUTOPHAGY)
Autophagy,PARK7,MSigDB (original: REACTOME_SELECTIVE_AUTOPHAGY)
Autophagy,TOMM7,MSigDB (original: REACTOME_SELECTIVE_AUTOPHAGY)
Autophagy,MFN2,MSigDB (original: REACTOME_SELECTIVE_AUTOPHAGY)
Autophagy,PGAM5,MSigDB (original: REACTOME_SELECTIVE_AUTOPHAGY)
Autophagy,ULK1,MSigDB (original: REACTOME_SELECTIVE_AUTOPHAGY)
Autophagy,USP30,MSigDB (original: REACTOME_SELECTIVE_AUTOPHAGY)
Autophagy,DYNC1I1,MSigDB (original: REACTOME_SELECTIVE_AUTOPHAGY)
Autophagy,TUBA8,MSigDB (original: REACTOME_SELECTIVE_AUTOPHAGY)
Autophagy,HDAC6,MSigDB (original: REACTOME_SELECTIVE_AUTOPHAGY)
Autophagy,MAP1LC3B,MSigDB (original: REACTOME_SELECTIVE_AUTOPHAGY)
Autophagy,DYNC1LI1,MSigDB (original: REACTOME_SELECTIVE_AUTOPHAGY)
Autophagy,ATG12,MSigDB (original: REACTOME_SELECTIVE_AUTOPHAGY)
Autophagy,TOMM6,MSigDB (original: REACTOME_SELECTIVE_AUTOPHAGY)
Autophagy,ATM,MSigDB (original: REACTOME_SELECTIVE_AUTOPHAGY)
Autophagy,DYNC1LI2,MSigDB (original: REACTOME_SELECTIVE_AUTOPHAGY)
Autophagy,TUBB4B,MSigDB (original: REACTOME_SELECTIVE_AUTOPHAGY)
Autophagy,ATG5,MSigDB (original: REACTOME_SELECTIVE_AUTOPHAGY)
Autophagy,CFTR,MSigDB (original: REACTOME_SELECTIVE_AUTOPHAGY)
Autophagy,TUBA1C,MSigDB (original: REACTOME_SELECTIVE_AUTOPHAGY)
Autophagy,TUBB2B,MSigDB (original: REACTOME_SELECTIVE_AUTOPHAGY)
Autophagy,CSNK2A2,MSigDB (original: REACTOME_SELECTIVE_AUTOPHAGY)
Autophagy,CETN1,MSigDB (original: REACTOME_SELECTIVE_AUTOPHAGY)
Autophagy,TUBB2A,MSigDB (original: REACTOME_SELECTIVE_AUTOPHAGY)
Autophagy,TUBB3,MSigDB (original: REACTOME_SELECTIVE_AUTOPHAGY)
Autophagy,TUBB4A,MSigDB (original: REACTOME_SELECTIVE_AUTOPHAGY)
Autophagy,TUBA3B,MSigDB (original: REACTOME_SELECTIVE_AUTOPHAGY)
Autophagy,TUBA3A,MSigDB (original: REACTOME_SELECTIVE_AUTOPHAGY)
Autophagy,GM11808,MSigDB (original: REACTOME_SELECTIVE_AUTOPHAGY)
Autophagy,TUBA1A,MSigDB (original: REACTOME_SELECTIVE_AUTOPHAGY)
Autophagy,CSNK2A1,MSigDB (original: REACTOME_SELECTIVE_AUTOPHAGY)
Autophagy,UBE2N,MSigDB (original: REACTOME_SELECTIVE_AUTOPHAGY)
Autophagy,TOMM5,MSigDB (original: REACTOME_SELECTIVE_AUTOPHAGY)
Autophagy,UBE2V1,MSigDB (original: REACTOME_SELECTIVE_AUTOPHAGY)
Autophagy,UBA52,MSigDB (original: REACTOME_SELECTIVE_AUTOPHAGY)
Autophagy,TOMM20,MSigDB (original: REACTOME_SELECTIVE_AUTOPHAGY)
HIF1_signaling,IGF1,MSigDB (original: WP_HYPOXIADEPENDENT_PROLIFERATION_OF_MYOBLASTS)
HIF1_signaling,VEGFA,MSigDB (original: WP_HYPOXIADEPENDENT_PROLIFERATION_OF_MYOBLASTS)
HIF1_signaling,TRIM63,MSigDB (original: WP_HYPOXIADEPENDENT_PROLIFERATION_OF_MYOBLASTS)
HIF1_signaling,DDIT4,MSigDB (original: WP_HYPOXIADEPENDENT_PROLIFERATION_OF_MYOBLASTS)
HIF1_signaling,RHEB,MSigDB (original: WP_HYPOXIADEPENDENT_PROLIFERATION_OF_MYOBLASTS)
HIF1_signaling,SMAD2,MSigDB (original: WP_HYPOXIADEPENDENT_PROLIFERATION_OF_MYOBLASTS)
HIF1_signaling,HGF,MSigDB (original: WP_HYPOXIADEPENDENT_PROLIFERATION_OF_MYOBLASTS)
HIF1_signaling,FBXO32,MSigDB (original: WP_HYPOXIADEPENDENT_PROLIFERATION_OF_MYOBLASTS)
HIF1_signaling,FGF1,MSigDB (original: WP_HYPOXIADEPENDENT_PROLIFERATION_OF_MYOBLASTS)
HIF1_signaling,TSC1,MSigDB (original: WP_HYPOXIADEPENDENT_PROLIFERATION_OF_MYOBLASTS)
HIF1_signaling,MYOD1,MSigDB (original: WP_HYPOXIADEPENDENT_PROLIFERATION_OF_MYOBLASTS)
HIF1_signaling,TSC2,MSigDB (original: WP_HYPOXIADEPENDENT_PROLIFERATION_OF_MYOBLASTS)
HIF1_signaling,MYOG,MSigDB (original: WP_HYPOXIADEPENDENT_PROLIFERATION_OF_MYOBLASTS)
HIF1_signaling,CALCA,MSigDB (original: WP_HYPOXIADEPENDENT_PROLIFERATION_OF_MYOBLASTS)
HIF1_signaling,MTOR,MSigDB (original: WP_HYPOXIADEPENDENT_PROLIFERATION_OF_MYOBLASTS)
HIF1_signaling,AKT1,MSigDB (original: WP_HYPOXIADEPENDENT_PROLIFERATION_OF_MYOBLASTS)
HIF1_signaling,SMAD3,MSigDB (original: WP_HYPOXIADEPENDENT_PROLIFERATION_OF_MYOBLASTS)
HIF1_signaling,MSTN,MSigDB (original: WP_HYPOXIADEPENDENT_PROLIFERATION_OF_MYOBLASTS)
HIF1_signaling,MYF5,MSigDB (original: WP_HYPOXIADEPENDENT_PROLIFERATION_OF_MYOBLASTS)
Glutathione_metabolism,AMT,MSigDB (original: WP_GLUTATHIONE_AND_ONECARBON_METABOLISM)
Glutathione_metabolism,ANPEP,MSigDB (original: WP_GLUTATHIONE_AND_ONECARBON_METABOLISM)
Glutathione_metabolism,MAT2B,MSigDB (original: WP_GLUTATHIONE_AND_ONECARBON_METABOLISM)
Glutathione_metabolism,GGT5,MSigDB (original: WP_GLUTATHIONE_AND_ONECARBON_METABOLISM)
Glutathione_metabolism,IDH1,MSigDB (original: WP_GLUTATHIONE_AND_ONECARBON_METABOLISM)
Glutathione_metabolism,MTRR,MSigDB (original: WP_GLUTATHIONE_AND_ONECARBON_METABOLISM)
Glutathione_metabolism,GPX1,MSigDB (original: WP_GLUTATHIONE_AND_ONECARBON_METABOLISM)
Glutathione_metabolism,MTHFR,MSigDB (original: WP_GLUTATHIONE_AND_ONECARBON_METABOLISM)
Glutathione_metabolism,CTH,MSigDB (original: WP_GLUTATHIONE_AND_ONECARBON_METABOLISM)
Glutathione_metabolism,GPX2,MSigDB (original: WP_GLUTATHIONE_AND_ONECARBON_METABOLISM)
Glutathione_metabolism,CBS,MSigDB (original: WP_GLUTATHIONE_AND_ONECARBON_METABOLISM)
Glutathione_metabolism,GCLM,MSigDB (original: WP_GLUTATHIONE_AND_ONECARBON_METABOLISM)
Glutathione_metabolism,AHCY,MSigDB (original: WP_GLUTATHIONE_AND_ONECARBON_METABOLISM)
Glutathione_metabolism,GGT1,MSigDB (original: WP_GLUTATHIONE_AND_ONECARBON_METABOLISM)
Glutathione_metabolism,BHMT,MSigDB (original: WP_GLUTATHIONE_AND_ONECARBON_METABOLISM)
Glutathione_metabolism,MAT1A,MSigDB (original: WP_GLUTATHIONE_AND_ONECARBON_METABOLISM)
Glutathione_metabolism,GSS,MSigDB (original: WP_GLUTATHIONE_AND_ONECARBON_METABOLISM)
Glutathione_metabolism,GPX3,MSigDB (original: WP_GLUTATHIONE_AND_ONECARBON_METABOLISM)
Glutathione_metabolism,CHDH,MSigDB (original: WP_GLUTATHIONE_AND_ONECARBON_METABOLISM)
Glutathione_metabolism,GPX4,MSigDB (original: WP_GLUTATHIONE_AND_ONECARBON_METABOLISM)
Glutathione_metabolism,G6PDX,MSigDB (original: WP_GLUTATHIONE_AND_ONECARBON_METABOLISM)
Glutathione_metabolism,GSR,MSigDB (original: WP_GLUTATHIONE_AND_ONECARBON_METABOLISM)
Glutathione_metabolism,SHMT2,MSigDB (original: WP_GLUTATHIONE_AND_ONECARBON_METABOLISM)
Glutathione_metabolism,OPLAH,MSigDB (original: WP_GLUTATHIONE_AND_ONECARBON_METABOLISM)
Glutathione_metabolism,AHCYL2,MSigDB (original: WP_GLUTATHIONE_AND_ONECARBON_METABOLISM)
Glutathione_metabolism,SHMT1,MSigDB (original: WP_GLUTATHIONE_AND_ONECARBON_METABOLISM)
Glutathione_metabolism,GCLC,MSigDB (original: WP_GLUTATHIONE_AND_ONECARBON_METABOLISM)
Glutathione_metabolism,DNMT1,MSigDB (original: WP_GLUTATHIONE_AND_ONECARBON_METABOLISM)
Glutathione_metabolism,MTR,MSigDB (original: WP_GLUTATHIONE_AND_ONECARBON_METABOLISM)
Glutathione_metabolism,DNMT3A,MSigDB (original: WP_GLUTATHIONE_AND_ONECARBON_METABOLISM)
Glutathione_metabolism,DNMT3B,MSigDB (original: WP_GLUTATHIONE_AND_ONECARBON_METABOLISM)
HIF1_signaling,HIF1A,MSigDB (original: WP_HYPOXIADEPENDENT_SELFRENEWAL_OF_MYOBLASTS)
HIF1_signaling,HSP90B1,MSigDB (original: WP_HYPOXIADEPENDENT_SELFRENEWAL_OF_MYOBLASTS)
HIF1_signaling,FOXO1,MSigDB (original: WP_HYPOXIADEPENDENT_SELFRENEWAL_OF_MYOBLASTS)
HIF1_signaling,MYOD1,MSigDB (original: WP_HYPOXIADEPENDENT_SELFRENEWAL_OF_MYOBLASTS)
HIF1_signaling,MYOG,MSigDB (original: WP_HYPOXIADEPENDENT_SELFRENEWAL_OF_MYOBLASTS)
HIF1_signaling,HES1,MSigDB (original: WP_HYPOXIADEPENDENT_SELFRENEWAL_OF_MYOBLASTS)
HIF1_signaling,MYH1,MSigDB (original: WP_HYPOXIADEPENDENT_SELFRENEWAL_OF_MYOBLASTS)
HIF1_signaling,CDKN1A,MSigDB (original: WP_HYPOXIADEPENDENT_SELFRENEWAL_OF_MYOBLASTS)
HIF1_signaling,HEY2,MSigDB (original: WP_HYPOXIADEPENDENT_SELFRENEWAL_OF_MYOBLASTS)
HIF1_signaling,HEY1,MSigDB (original: WP_HYPOXIADEPENDENT_SELFRENEWAL_OF_MYOBLASTS)
HIF1_signaling,PAX7,MSigDB (original: WP_HYPOXIADEPENDENT_SELFRENEWAL_OF_MYOBLASTS)
HIF1_signaling,NOTCH1,MSigDB (original: WP_HYPOXIADEPENDENT_SELFRENEWAL_OF_MYOBLASTS)
HIF1_signaling,MYF5,MSigDB (original: WP_HYPOXIADEPENDENT_SELFRENEWAL_OF_MYOBLASTS)
MAPK_signaling,HRAS,MSigDB (original: WP_P38_MAPK_SIGNALING_PATHWAY)
MAPK_signaling,RIPK1,MSigDB (original: WP_P38_MAPK_SIGNALING_PATHWAY)
MAPK_signaling,MKNK1,MSigDB (original: WP_P38_MAPK_SIGNALING_PATHWAY)
MAPK_signaling,MAPKAPK2,MSigDB (original: WP_P38_MAPK_SIGNALING_PATHWAY)
MAPK_signaling,MAP3K9,MSigDB (original: WP_P38_MAPK_SIGNALING_PATHWAY)
MAPK_signaling,MAX,MSigDB (original: WP_P38_MAPK_SIGNALING_PATHWAY)
MAPK_signaling,DAXX,MSigDB (original: WP_P38_MAPK_SIGNALING_PATHWAY)
MAPK_signaling,MEF2D,MSigDB (original: WP_P38_MAPK_SIGNALING_PATHWAY)
MAPK_signaling,SHC1,MSigDB (original: WP_P38_MAPK_SIGNALING_PATHWAY)
MAPK_signaling,RPS6KA5,MSigDB (original: WP_P38_MAPK_SIGNALING_PATHWAY)
MAPK_signaling,MAPK14,MSigDB (original: WP_P38_MAPK_SIGNALING_PATHWAY)
MAPK_signaling,HSPB1,MSigDB (original: WP_P38_MAPK_SIGNALING_PATHWAY)
MAPK_signaling,CREB1,MSigDB (original: WP_P38_MAPK_SIGNALING_PATHWAY)
MAPK_signaling,TRAF2,MSigDB (original: WP_P38_MAPK_SIGNALING_PATHWAY)
MAPK_signaling,MAP2K6,MSigDB (original: WP_P38_MAPK_SIGNALING_PATHWAY)
MAPK_signaling,MAP2K4,MSigDB (original: WP_P38_MAPK_SIGNALING_PATHWAY)
MAPK_signaling,MYC,MSigDB (original: WP_P38_MAPK_SIGNALING_PATHWAY)
MAPK_signaling,MAP3K7,MSigDB (original: WP_P38_MAPK_SIGNALING_PATHWAY)
MAPK_signaling,MAP3K5,MSigDB (original: WP_P38_MAPK_SIGNALING_PATHWAY)
MAPK_signaling,RAC1,MSigDB (original: WP_P38_MAPK_SIGNALING_PATHWAY)
MAPK_signaling,DDIT3,MSigDB (original: WP_P38_MAPK_SIGNALING_PATHWAY)
MAPK_signaling,PLA2G4A,MSigDB (original: WP_P38_MAPK_SIGNALING_PATHWAY)
MAPK_signaling,MAP3K1,MSigDB (original: WP_P38_MAPK_SIGNALING_PATHWAY)
MAPK_signaling,ATF2,MSigDB (original: WP_P38_MAPK_SIGNALING_PATHWAY)
MAPK_signaling,STAT1,MSigDB (original: WP_P38_MAPK_SIGNALING_PATHWAY)
MAPK_signaling,TGFBR1,MSigDB (original: WP_P38_MAPK_SIGNALING_PATHWAY)
MAPK_signaling,TGFB2,MSigDB (original: WP_P38_MAPK_SIGNALING_PATHWAY)
MAPK_signaling,GRB2,MSigDB (original: WP_P38_MAPK_SIGNALING_PATHWAY)
MAPK_signaling,CDC42,MSigDB (original: WP_P38_MAPK_SIGNALING_PATHWAY)
MAPK_signaling,HMGN1,MSigDB (original: WP_P38_MAPK_SIGNALING_PATHWAY)
MAPK_signaling,TRADD,MSigDB (original: WP_P38_MAPK_SIGNALING_PATHWAY)
MAPK_signaling,ELK1,MSigDB (original: WP_P38_MAPK_SIGNALING_PATHWAY)
MAPK_signaling,RASGRF1,MSigDB (original: WP_P38_MAPK_SIGNALING_PATHWAY)
p53_pathway,MDM2,MSigDB (original: WP_P53_SIGNALING)
p53_pathway,RRM2,MSigDB (original: WP_P53_SIGNALING)
p53_pathway,CCNB1,MSigDB (original: WP_P53_SIGNALING)
p53_pathway,GADD45G,MSigDB (original: WP_P53_SIGNALING)
p53_pathway,THBS1,MSigDB (original: WP_P53_SIGNALING)
p53_pathway,APAF1,MSigDB (original: WP_P53_SIGNALING)
p53_pathway,MDM4,MSigDB (original: WP_P53_SIGNALING)
p53_pathway,IGF1,MSigDB (original: WP_P53_SIGNALING)
p53_pathway,SERPINE1,MSigDB (original: WP_P53_SIGNALING)
p53_pathway,DDB2,MSigDB (original: WP_P53_SIGNALING)
p53_pathway,RPRM,MSigDB (original: WP_P53_SIGNALING)
p53_pathway,SHISA5,MSigDB (original: WP_P53_SIGNALING)
p53_pathway,ZMAT3,MSigDB (original: WP_P53_SIGNALING)
p53_pathway,CHEK1,MSigDB (original: WP_P53_SIGNALING)
p53_pathway,GTSE1,MSigDB (original: WP_P53_SIGNALING)
p53_pathway,PMAIP1,MSigDB (original: WP_P53_SIGNALING)
p53_pathway,SESN2,MSigDB (original: WP_P53_SIGNALING)
p53_pathway,TSC2,MSigDB (original: WP_P53_SIGNALING)
p53_pathway,CCND1,MSigDB (original: WP_P53_SIGNALING)
p53_pathway,CHEK2,MSigDB (original: WP_P53_SIGNALING)
p53_pathway,CCND2,MSigDB (original: WP_P53_SIGNALING)
p53_pathway,CCNB1-PS,MSigDB (original: WP_P53_SIGNALING)
p53_pathway,BID,MSigDB (original: WP_P53_SIGNALING)
p53_pathway,CASP3,MSigDB (original: WP_P53_SIGNALING)
p53_pathway,CD82,MSigDB (original: WP_P53_SIGNALING)
p53_pathway,FAS,MSigDB (original: WP_P53_SIGNALING)
p53_pathway,CCNB2,MSigDB (original: WP_P53_SIGNALING)
p53_pathway,CCNE1,MSigDB (original: WP_P53_SIGNALING)
p53_pathway,CCNB3,MSigDB (original: WP_P53_SIGNALING)
p53_pathway,CCNE2,MSigDB (original: WP_P53_SIGNALING)
p53_pathway,PIDD1,MSigDB (original: WP_P53_SIGNALING)
p53_pathway,CCND3,MSigDB (original: WP_P53_SIGNALING)
p53_pathway,CDK2,MSigDB (original: WP_P53_SIGNALING)
p53_pathway,IGFBP3,MSigDB (original: WP_P53_SIGNALING)
p53_pathway,CASP8,MSigDB (original: WP_P53_SIGNALING)
p53_pathway,CYCS,MSigDB (original: WP_P53_SIGNALING)
p53_pathway,SESN3,MSigDB (original: WP_P53_SIGNALING)
p53_pathway,CDK6,MSigDB (original: WP_P53_SIGNALING)
p53_pathway,PERP,MSigDB (original: WP_P53_SIGNALING)
p53_pathway,CCNG1,MSigDB (original: WP_P53_SIGNALING)
p53_pathway,CYCT,MSigDB (original: WP_P53_SIGNALING)
p53_pathway,ADGRB1,MSigDB (original: WP_P53_SIGNALING)
p53_pathway,CASP9,MSigDB (original: WP_P53_SIGNALING)
p53_pathway,TRP53,MSigDB (original: WP_P53_SIGNALING)
p53_pathway,SIAH1B,MSigDB (original: WP_P53_SIGNALING)
p53_pathway,SIAH1A,MSigDB (original: WP_P53_SIGNALING)
p53_pathway,COP1,MSigDB (original: WP_P53_SIGNALING)
p53_pathway,CDKN1A,MSigDB (original: WP_P53_SIGNALING)
p53_pathway,ATR,MSigDB (original: WP_P53_SIGNALING)
p53_pathway,RRM2B,MSigDB (original: WP_P53_SIGNALING)
p53_pathway,CCNG2,MSigDB (original: WP_P53_SIGNALING)
p53_pathway,EI24,MSigDB (original: WP_P53_SIGNALING)
p53_pathway,ATM,MSigDB (original: WP_P53_SIGNALING)
p53_pathway,SFN,MSigDB (original: WP_P53_SIGNALING)
p53_pathway,RCHY1,MSigDB (original: WP_P53_SIGNALING)
p53_pathway,CDKN2A,MSigDB (original: WP_P53_SIGNALING)
p53_pathway,CDK1,MSigDB (original: WP_P53_SIGNALING)
p53_pathway,GADD45B,MSigDB (original: WP_P53_SIGNALING)
p53_pathway,GADD45A,MSigDB (original: WP_P53_SIGNALING)
p53_pathway,PTEN,MSigDB (original: WP_P53_SIGNALING)
p53_pathway,STEAP3,MSigDB (original: WP_P53_SIGNALING)
p53_pathway,SERPINB5,MSigDB (original: WP_P53_SIGNALING)
p53_pathway,PPM1D,MSigDB (original: WP_P53_SIGNALING)
p53_pathway,TRP73,MSigDB (original: WP_P53_SIGNALING)
p53_pathway,SESN1,MSigDB (original: WP_P53_SIGNALING)
p53_pathway,BAX,MSigDB (original: WP_P53_SIGNALING)
p53_pathway,BBC3,MSigDB (original: WP_P53_SIGNALING)
HIF1_signaling,EGLN1,MSigDB (original: WP_HYPOXIADEPENDENT_DIFFERENTIATION_OF_MYOBLASTS)
HIF1_signaling,HIF1AN,MSigDB (original: WP_HYPOXIADEPENDENT_DIFFERENTIATION_OF_MYOBLASTS)
HIF1_signaling,HIF1A,MSigDB (original: WP_HYPOXIADEPENDENT_DIFFERENTIATION_OF_MYOBLASTS)
HIF1_signaling,VEGFA,MSigDB (original: WP_HYPOXIADEPENDENT_DIFFERENTIATION_OF_MYOBLASTS)
HIF1_signaling,BHLHE40,MSigDB (original: WP_HYPOXIADEPENDENT_DIFFERENTIATION_OF_MYOBLASTS)
HIF1_signaling,MAPK14,MSigDB (original: WP_HYPOXIADEPENDENT_DIFFERENTIATION_OF_MYOBLASTS)
HIF1_signaling,MYOG,MSigDB (original: WP_HYPOXIADEPENDENT_DIFFERENTIATION_OF_MYOBLASTS)
HIF1_signaling,CDKN1A,MSigDB (original: WP_HYPOXIADEPENDENT_DIFFERENTIATION_OF_MYOBLASTS)
HIF1_signaling,MYH1,MSigDB (original: WP_HYPOXIADEPENDENT_DIFFERENTIATION_OF_MYOBLASTS)
HIF1_signaling,CDKN1B,MSigDB (original: WP_HYPOXIADEPENDENT_DIFFERENTIATION_OF_MYOBLASTS)
HIF1_signaling,NOTCH1,MSigDB (original: WP_HYPOXIADEPENDENT_DIFFERENTIATION_OF_MYOBLASTS)
HIF1_signaling,MYF5,MSigDB (original: WP_HYPOXIADEPENDENT_DIFFERENTIATION_OF_MYOBLASTS)
HIF1_signaling,MYF6,MSigDB (original: WP_HYPOXIADEPENDENT_DIFFERENTIATION_OF_MYOBLASTS)
Glutathione_metabolism,GSTM7,MSigDB (original: WP_GLUTATHIONE_METABOLISM)
Glutathione_metabolism,GPX4,MSigDB (original: WP_GLUTATHIONE_METABOLISM)
Glutathione_metabolism,ANPEP,MSigDB (original: WP_GLUTATHIONE_METABOLISM)
Glutathione_metabolism,G6PDX,MSigDB (original: WP_GLUTATHIONE_METABOLISM)
Glutathione_metabolism,GSR,MSigDB (original: WP_GLUTATHIONE_METABOLISM)
Glutathione_metabolism,GSTT1,MSigDB (original: WP_GLUTATHIONE_METABOLISM)
Glutathione_metabolism,OPLAH,MSigDB (original: WP_GLUTATHIONE_METABOLISM)
Glutathione_metabolism,GGT5,MSigDB (original: WP_GLUTATHIONE_METABOLISM)
Glutathione_metabolism,GCLC,MSigDB (original: WP_GLUTATHIONE_METABOLISM)
Glutathione_metabolism,IDH1,MSigDB (original: WP_GLUTATHIONE_METABOLISM)
Glutathione_metabolism,GPX1,MSigDB (original: WP_GLUTATHIONE_METABOLISM)
Glutathione_metabolism,GSTM2,MSigDB (original: WP_GLUTATHIONE_METABOLISM)
Glutathione_metabolism,GPX2,MSigDB (original: WP_GLUTATHIONE_METABOLISM)
Glutathione_metabolism,GCLM,MSigDB (original: WP_GLUTATHIONE_METABOLISM)
Glutathione_metabolism,GSTT2,MSigDB (original: WP_GLUTATHIONE_METABOLISM)
Glutathione_metabolism,GGT1,MSigDB (original: WP_GLUTATHIONE_METABOLISM)
Glutathione_metabolism,GSTA1,MSigDB (original: WP_GLUTATHIONE_METABOLISM)
Glutathione_metabolism,GSS,MSigDB (original: WP_GLUTATHIONE_METABOLISM)
Glutathione_metabolism,GPX3,MSigDB (original: WP_GLUTATHIONE_METABOLISM)
mTOR_signaling,IL7R,MSigDB (original: WP_FOCAL_ADHESION_PI3KAKTMTOR_SIGNALING_PATHWAY)
mTOR_signaling,GNB3,MSigDB (original: WP_FOCAL_ADHESION_PI3KAKTMTOR_SIGNALING_PATHWAY)
mTOR_signaling,IL4RA,MSigDB (original: WP_FOCAL_ADHESION_PI3KAKTMTOR_SIGNALING_PATHWAY)
mTOR_signaling,IL6RA,MSigDB (original: WP_FOCAL_ADHESION_PI3KAKTMTOR_SIGNALING_PATHWAY)
mTOR_signaling,COL6A2,MSigDB (original: WP_FOCAL_ADHESION_PI3KAKTMTOR_SIGNALING_PATHWAY)
mTOR_signaling,IFNA13,MSigDB (original: WP_FOCAL_ADHESION_PI3KAKTMTOR_SIGNALING_PATHWAY)
mTOR_signaling,GNGT1,MSigDB (original: WP_FOCAL_ADHESION_PI3KAKTMTOR_SIGNALING_PATHWAY)
mTOR_signaling,GNB4,MSigDB (original: WP_FOCAL_ADHESION_PI3KAKTMTOR_SIGNALING_PATHWAY)
mTOR_signaling,COL5A2,MSigDB (original: WP_FOCAL_ADHESION_PI3KAKTMTOR_SIGNALING_PATHWAY)
mTOR_signaling,COL5A1,MSigDB (original: WP_FOCAL_ADHESION_PI3KAKTMTOR_SIGNALING_PATHWAY)
mTOR_signaling,PRL,MSigDB (original: WP_FOCAL_ADHESION_PI3KAKTMTOR_SIGNALING_PATHWAY)
mTOR_signaling,RPS6,MSigDB (original: WP_FOCAL_ADHESION_PI3KAKTMTOR_SIGNALING_PATHWAY)
mTOR_signaling,PIK3CB,MSigDB (original: WP_FOCAL_ADHESION_PI3KAKTMTOR_SIGNALING_PATHWAY)
mTOR_signaling,PRLR,MSigDB (original: WP_FOCAL_ADHESION_PI3KAKTMTOR_SIGNALING_PATHWAY)
mTOR_signaling,TCL1,MSigDB (original: WP_FOCAL_ADHESION_PI3KAKTMTOR_SIGNALING_PATHWAY)
mTOR_signaling,ITGA3,MSigDB (original: WP_FOCAL_ADHESION_PI3KAKTMTOR_SIGNALING_PATHWAY)
mTOR_signaling,MET,MSigDB (original: WP_FOCAL_ADHESION_PI3KAKTMTOR_SIGNALING_PATHWAY)
mTOR_signaling,CAB39,MSigDB (original: WP_FOCAL_ADHESION_PI3KAKTMTOR_SIGNALING_PATHWAY)
mTOR_signaling,PRKAA2,MSigDB (original: WP_FOCAL_ADHESION_PI3KAKTMTOR_SIGNALING_PATHWAY)
mTOR_signaling,COMP,MSigDB (original: WP_FOCAL_ADHESION_PI3KAKTMTOR_SIGNALING_PATHWAY)
mTOR_signaling,ITGAM,MSigDB (original: WP_FOCAL_ADHESION_PI3KAKTMTOR_SIGNALING_PATHWAY)
mTOR_signaling,TSC2,MSigDB (original: WP_FOCAL_ADHESION_PI3KAKTMTOR_SIGNALING_PATHWAY)
mTOR_signaling,PIK3R1,MSigDB (original: WP_FOCAL_ADHESION_PI3KAKTMTOR_SIGNALING_PATHWAY)
mTOR_signaling,EPAS1,MSigDB (original: WP_FOCAL_ADHESION_PI3KAKTMTOR_SIGNALING_PATHWAY)
mTOR_signaling,PIK3R2,MSigDB (original: WP_FOCAL_ADHESION_PI3KAKTMTOR_SIGNALING_PATHWAY)
mTOR_signaling,ITGA7,MSigDB (original: WP_FOCAL_ADHESION_PI3KAKTMTOR_SIGNALING_PATHWAY)
mTOR_signaling,PIK3C2A,MSigDB (original: WP_FOCAL_ADHESION_PI3KAKTMTOR_SIGNALING_PATHWAY)
mTOR_signaling,ITGA6,MSigDB (original: WP_FOCAL_ADHESION_PI3KAKTMTOR_SIGNALING_PATHWAY)
mTOR_signaling,PIK3C2G,MSigDB (original: WP_FOCAL_ADHESION_PI3KAKTMTOR_SIGNALING_PATHWAY)
mTOR_signaling,ITGA5,MSigDB (original: WP_FOCAL_ADHESION_PI3KAKTMTOR_SIGNALING_PATHWAY)
mTOR_signaling,PIK3CA,MSigDB (original: WP_FOCAL_ADHESION_PI3KAKTMTOR_SIGNALING_PATHWAY)
mTOR_signaling,IFNA14,MSigDB (original: WP_FOCAL_ADHESION_PI3KAKTMTOR_SIGNALING_PATHWAY)
mTOR_signaling,ITGA4,MSigDB (original: WP_FOCAL_ADHESION_PI3KAKTMTOR_SIGNALING_PATHWAY)
mTOR_signaling,PIK3CD,MSigDB (original: WP_FOCAL_ADHESION_PI3KAKTMTOR_SIGNALING_PATHWAY)
mTOR_signaling,COL1A2,MSigDB (original: WP_FOCAL_ADHESION_PI3KAKTMTOR_SIGNALING_PATHWAY)
mTOR_signaling,ITGAL,MSigDB (original: WP_FOCAL_ADHESION_PI3KAKTMTOR_SIGNALING_PATHWAY)
mTOR_signaling,ITGAE,MSigDB (original: WP_FOCAL_ADHESION_PI3KAKTMTOR_SIGNALING_PATHWAY)
mTOR_signaling,COL1A1,MSigDB (original: WP_FOCAL_ADHESION_PI3KAKTMTOR_SIGNALING_PATHWAY)
mTOR_signaling,RAB11B,MSigDB (original: WP_FOCAL_ADHESION_PI3KAKTMTOR_SIGNALING_PATHWAY)
mTOR_signaling,RAB10,MSigDB (original: WP_FOCAL_ADHESION_PI3KAKTMTOR_SIGNALING_PATHWAY)
mTOR_signaling,PDGFRA,MSigDB (original: WP_FOCAL_ADHESION_PI3KAKTMTOR_SIGNALING_PATHWAY)
mTOR_signaling,CASP9,MSigDB (original: WP_FOCAL_ADHESION_PI3KAKTMTOR_SIGNALING_PATHWAY)
mTOR_signaling,PDGFRB,MSigDB (original: WP_FOCAL_ADHESION_PI3KAKTMTOR_SIGNALING_PATHWAY)
mTOR_signaling,PDGFA,MSigDB (original: WP_FOCAL_ADHESION_PI3KAKTMTOR_SIGNALING_PATHWAY)
mTOR_signaling,PDGFB,MSigDB (original: WP_FOCAL_ADHESION_PI3KAKTMTOR_SIGNALING_PATHWAY)
mTOR_signaling,MAPK1,MSigDB (original: WP_FOCAL_ADHESION_PI3KAKTMTOR_SIGNALING_PATHWAY)
mTOR_signaling,RAB2A,MSigDB (original: WP_FOCAL_ADHESION_PI3KAKTMTOR_SIGNALING_PATHWAY)
mTOR_signaling,MAPK3,MSigDB (original: WP_FOCAL_ADHESION_PI3KAKTMTOR_SIGNALING_PATHWAY)
mTOR_signaling,COL11A1,MSigDB (original: WP_FOCAL_ADHESION_PI3KAKTMTOR_SIGNALING_PATHWAY)
mTOR_signaling,COL11A2,MSigDB (original: WP_FOCAL_ADHESION_PI3KAKTMTOR_SIGNALING_PATHWAY)
mTOR_signaling,ANGPT4,MSigDB (original: WP_FOCAL_ADHESION_PI3KAKTMTOR_SIGNALING_PATHWAY)
mTOR_signaling,TNXB,MSigDB (original: WP_FOCAL_ADHESION_PI3KAKTMTOR_SIGNALING_PATHWAY)
mTOR_signaling,LPAR5,MSigDB (original: WP_FOCAL_ADHESION_PI3KAKTMTOR_SIGNALING_PATHWAY)
mTOR_signaling,BAD,MSigDB (original: WP_FOCAL_ADHESION_PI3KAKTMTOR_SIGNALING_PATHWAY)
mTOR_signaling,ANGPT2,MSigDB (original: WP_FOCAL_ADHESION_PI3KAKTMTOR_SIGNALING_PATHWAY)
mTOR_signaling,ANGPT1,MSigDB (original: WP_FOCAL_ADHESION_PI3KAKTMTOR_SIGNALING_PATHWAY)
mTOR_signaling,IL2RG,MSigDB (original: WP_FOCAL_ADHESION_PI3KAKTMTOR_SIGNALING_PATHWAY)
mTOR_signaling,NOS1,MSigDB (original: WP_FOCAL_ADHESION_PI3KAKTMTOR_SIGNALING_PATHWAY)
mTOR_signaling,IL2RB,MSigDB (original: WP_FOCAL_ADHESION_PI3KAKTMTOR_SIGNALING_PATHWAY)
mTOR_signaling,NOS2,MSigDB (original: WP_FOCAL_ADHESION_PI3KAKTMTOR_SIGNALING_PATHWAY)
mTOR_signaling,IL2RA,MSigDB (original: WP_FOCAL_ADHESION_PI3KAKTMTOR_SIGNALING_PATHWAY)
mTOR_signaling,RELN,MSigDB (original: WP_FOCAL_ADHESION_PI3KAKTMTOR_SIGNALING_PATHWAY)
mTOR_signaling,NOS3,MSigDB (original: WP_FOCAL_ADHESION_PI3KAKTMTOR_SIGNALING_PATHWAY)
mTOR_signaling,PIK3C2B,MSigDB (original: WP_FOCAL_ADHESION_PI3KAKTMTOR_SIGNALING_PATHWAY)
mTOR_signaling,GNG14,MSigDB (original: WP_FOCAL_ADHESION_PI3KAKTMTOR_SIGNALING_PATHWAY)
mTOR_signaling,PPP2R1B,MSigDB (original: WP_FOCAL_ADHESION_PI3KAKTMTOR_SIGNALING_PATHWAY)
mTOR_signaling,RAB8A,MSigDB (original: WP_FOCAL_ADHESION_PI3KAKTMTOR_SIGNALING_PATHWAY)
mTOR_signaling,PPP2R5D,MSigDB (original: WP_FOCAL_ADHESION_PI3KAKTMTOR_SIGNALING_PATHWAY)
mTOR_signaling,IL3RA,MSigDB (original: WP_FOCAL_ADHESION_PI3KAKTMTOR_SIGNALING_PATHWAY)
mTOR_signaling,IBSP,MSigDB (original: WP_FOCAL_ADHESION_PI3KAKTMTOR_SIGNALING_PATHWAY)
mTOR_signaling,PTEN,MSigDB (original: WP_FOCAL_ADHESION_PI3KAKTMTOR_SIGNALING_PATHWAY)
mTOR_signaling,IL2,MSigDB (original: WP_FOCAL_ADHESION_PI3KAKTMTOR_SIGNALING_PATHWAY)
mTOR_signaling,CREB3L1,MSigDB (original: WP_FOCAL_ADHESION_PI3KAKTMTOR_SIGNALING_PATHWAY)
mTOR_signaling,PPP2R3C,MSigDB (original: WP_FOCAL_ADHESION_PI3KAKTMTOR_SIGNALING_PATHWAY)
mTOR_signaling,COL3A1,MSigDB (original: WP_FOCAL_ADHESION_PI3KAKTMTOR_SIGNALING_PATHWAY)
mTOR_signaling,COL4A1,MSigDB (original: WP_FOCAL_ADHESION_PI3KAKTMTOR_SIGNALING_PATHWAY)
mTOR_signaling,COL2A1,MSigDB (original: WP_FOCAL_ADHESION_PI3KAKTMTOR_SIGNALING_PATHWAY)
mTOR_signaling,RPS6KB2,MSigDB (original: WP_FOCAL_ADHESION_PI3KAKTMTOR_SIGNALING_PATHWAY)
mTOR_signaling,COL4A4,MSigDB (original: WP_FOCAL_ADHESION_PI3KAKTMTOR_SIGNALING_PATHWAY)
mTOR_signaling,PPP2R1A,MSigDB (original: WP_FOCAL_ADHESION_PI3KAKTMTOR_SIGNALING_PATHWAY)
mTOR_signaling,COL4A2,MSigDB (original: WP_FOCAL_ADHESION_PI3KAKTMTOR_SIGNALING_PATHWAY)
mTOR_signaling,GNB1,MSigDB (original: WP_FOCAL_ADHESION_PI3KAKTMTOR_SIGNALING_PATHWAY)
mTOR_signaling,ITGAD,MSigDB (original: WP_FOCAL_ADHESION_PI3KAKTMTOR_SIGNALING_PATHWAY)
mTOR_signaling,VEGFD,MSigDB (original: WP_FOCAL_ADHESION_PI3KAKTMTOR_SIGNALING_PATHWAY)
mTOR_signaling,LPAR2,MSigDB (original: WP_FOCAL_ADHESION_PI3KAKTMTOR_SIGNALING_PATHWAY)
mTOR_signaling,MDM2,MSigDB (original: WP_FOCAL_ADHESION_PI3KAKTMTOR_SIGNALING_PATHWAY)
mTOR_signaling,PPP2R5B,MSigDB (original: WP_FOCAL_ADHESION_PI3KAKTMTOR_SIGNALING_PATHWAY)
mTOR_signaling,IKBKG,MSigDB (original: WP_FOCAL_ADHESION_PI3KAKTMTOR_SIGNALING_PATHWAY)
mTOR_signaling,ITGA2B,MSigDB (original: WP_FOCAL_ADHESION_PI3KAKTMTOR_SIGNALING_PATHWAY)
mTOR_signaling,PPP2R2B,MSigDB (original: WP_FOCAL_ADHESION_PI3KAKTMTOR_SIGNALING_PATHWAY)
mTOR_signaling,ITGA2,MSigDB (original: WP_FOCAL_ADHESION_PI3KAKTMTOR_SIGNALING_PATHWAY)
mTOR_signaling,LAMC3,MSigDB (original: WP_FOCAL_ADHESION_PI3KAKTMTOR_SIGNALING_PATHWAY)
mTOR_signaling,IKBKB,MSigDB (original: WP_FOCAL_ADHESION_PI3KAKTMTOR_SIGNALING_PATHWAY)
mTOR_signaling,CREB3,MSigDB (original: WP_FOCAL_ADHESION_PI3KAKTMTOR_SIGNALING_PATHWAY)
mTOR_signaling,FOXO1,MSigDB (original: WP_FOCAL_ADHESION_PI3KAKTMTOR_SIGNALING_PATHWAY)
mTOR_signaling,CREB1,MSigDB (original: WP_FOCAL_ADHESION_PI3KAKTMTOR_SIGNALING_PATHWAY)
mTOR_signaling,PFKFB3,MSigDB (original: WP_FOCAL_ADHESION_PI3KAKTMTOR_SIGNALING_PATHWAY)
mTOR_signaling,ATF6B,MSigDB (original: WP_FOCAL_ADHESION_PI3KAKTMTOR_SIGNALING_PATHWAY)
mTOR_signaling,IRS2,MSigDB (original: WP_FOCAL_ADHESION_PI3KAKTMTOR_SIGNALING_PATHWAY)
mTOR_signaling,COL5A3,MSigDB (original: WP_FOCAL_ADHESION_PI3KAKTMTOR_SIGNALING_PATHWAY)
mTOR_signaling,EIF4E,MSigDB (original: WP_FOCAL_ADHESION_PI3KAKTMTOR_SIGNALING_PATHWAY)
mTOR_signaling,EIF4EBP1,MSigDB (original: WP_FOCAL_ADHESION_PI3KAKTMTOR_SIGNALING_PATHWAY)
mTOR_signaling,SOS1,MSigDB (original: WP_FOCAL_ADHESION_PI3KAKTMTOR_SIGNALING_PATHWAY)
mTOR_signaling,FGF22,MSigDB (original: WP_FOCAL_ADHESION_PI3KAKTMTOR_SIGNALING_PATHWAY)
mTOR_signaling,STRADA,MSigDB (original: WP_FOCAL_ADHESION_PI3KAKTMTOR_SIGNALING_PATHWAY)
mTOR_signaling,GYS2,MSigDB (original: WP_FOCAL_ADHESION_PI3KAKTMTOR_SIGNALING_PATHWAY)
mTOR_signaling,SREBF1,MSigDB (original: WP_FOCAL_ADHESION_PI3KAKTMTOR_SIGNALING_PATHWAY)
mTOR_signaling,HSP90AA1,MSigDB (original: WP_FOCAL_ADHESION_PI3KAKTMTOR_SIGNALING_PATHWAY)
mTOR_signaling,GRB2,MSigDB (original: WP_FOCAL_ADHESION_PI3KAKTMTOR_SIGNALING_PATHWAY)
mTOR_signaling,HSP90AB1,MSigDB (original: WP_FOCAL_ADHESION_PI3KAKTMTOR_SIGNALING_PATHWAY)
mTOR_signaling,SPP1,MSigDB (original: WP_FOCAL_ADHESION_PI3KAKTMTOR_SIGNALING_PATHWAY)
mTOR_signaling,TNR,MSigDB (original: WP_FOCAL_ADHESION_PI3KAKTMTOR_SIGNALING_PATHWAY)
mTOR_signaling,PIK3R4,MSigDB (original: WP_FOCAL_ADHESION_PI3KAKTMTOR_SIGNALING_PATHWAY)
mTOR_signaling,PPP2R2C,MSigDB (original: WP_FOCAL_ADHESION_PI3KAKTMTOR_SIGNALING_PATHWAY)
mTOR_signaling,PFKFB4,MSigDB (original: WP_FOCAL_ADHESION_PI3KAKTMTOR_SIGNALING_PATHWAY)
mTOR_signaling,IRS4,MSigDB (original: WP_FOCAL_ADHESION_PI3KAKTMTOR_SIGNALING_PATHWAY)
mTOR_signaling,IFNA6,MSigDB (original: WP_FOCAL_ADHESION_PI3KAKTMTOR_SIGNALING_PATHWAY)
mTOR_signaling,ITGB4,MSigDB (original: WP_FOCAL_ADHESION_PI3KAKTMTOR_SIGNALING_PATHWAY)
mTOR_signaling,VTN,MSigDB (original: WP_FOCAL_ADHESION_PI3KAKTMTOR_SIGNALING_PATHWAY)
mTOR_signaling,PPP2R2D,MSigDB (original: WP_FOCAL_ADHESION_PI3KAKTMTOR_SIGNALING_PATHWAY)
mTOR_signaling,VWF,MSigDB (original: WP_FOCAL_ADHESION_PI3KAKTMTOR_SIGNALING_PATHWAY)
mTOR_signaling,IFNA11,MSigDB (original: WP_FOCAL_ADHESION_PI3KAKTMTOR_SIGNALING_PATHWAY)
mTOR_signaling,CDKN1A,MSigDB (original: WP_FOCAL_ADHESION_PI3KAKTMTOR_SIGNALING_PATHWAY)
mTOR_signaling,CDKN1B,MSigDB (original: WP_FOCAL_ADHESION_PI3KAKTMTOR_SIGNALING_PATHWAY)
mTOR_signaling,IFNA1,MSigDB (original: WP_FOCAL_ADHESION_PI3KAKTMTOR_SIGNALING_PATHWAY)
mTOR_signaling,IFNA5,MSigDB (original: WP_FOCAL_ADHESION_PI3KAKTMTOR_SIGNALING_PATHWAY)
mTOR_signaling,TCL1B4,MSigDB (original: WP_FOCAL_ADHESION_PI3KAKTMTOR_SIGNALING_PATHWAY)
mTOR_signaling,IFNA4,MSigDB (original: WP_FOCAL_ADHESION_PI3KAKTMTOR_SIGNALING_PATHWAY)
mTOR_signaling,IFNA2,MSigDB (original: WP_FOCAL_ADHESION_PI3KAKTMTOR_SIGNALING_PATHWAY)
mTOR_signaling,PTK2,MSigDB (original: WP_FOCAL_ADHESION_PI3KAKTMTOR_SIGNALING_PATHWAY)
mTOR_signaling,IFNA7,MSigDB (original: WP_FOCAL_ADHESION_PI3KAKTMTOR_SIGNALING_PATHWAY)
mTOR_signaling,RAF1,MSigDB (original: WP_FOCAL_ADHESION_PI3KAKTMTOR_SIGNALING_PATHWAY)
mTOR_signaling,PPP2R3A,MSigDB (original: WP_FOCAL_ADHESION_PI3KAKTMTOR_SIGNALING_PATHWAY)
mTOR_signaling,CRTC2,MSigDB (original: WP_FOCAL_ADHESION_PI3KAKTMTOR_SIGNALING_PATHWAY)
mTOR_signaling,SLC2A4,MSigDB (original: WP_FOCAL_ADHESION_PI3KAKTMTOR_SIGNALING_PATHWAY)
mTOR_signaling,FOXO3,MSigDB (original: WP_FOCAL_ADHESION_PI3KAKTMTOR_SIGNALING_PATHWAY)
mTOR_signaling,SLC2A3,MSigDB (original: WP_FOCAL_ADHESION_PI3KAKTMTOR_SIGNALING_PATHWAY)
mTOR_signaling,SLC2A2,MSigDB (original: WP_FOCAL_ADHESION_PI3KAKTMTOR_SIGNALING_PATHWAY)
mTOR_signaling,HSP90B1,MSigDB (original: WP_FOCAL_ADHESION_PI3KAKTMTOR_SIGNALING_PATHWAY)
mTOR_signaling,SLC2A1,MSigDB (original: WP_FOCAL_ADHESION_PI3KAKTMTOR_SIGNALING_PATHWAY)
mTOR_signaling,EIF4E2,MSigDB (original: WP_FOCAL_ADHESION_PI3KAKTMTOR_SIGNALING_PATHWAY)
mTOR_signaling,LPAR4,MSigDB (original: WP_FOCAL_ADHESION_PI3KAKTMTOR_SIGNALING_PATHWAY)
mTOR_signaling,IFNAR1,MSigDB (original: WP_FOCAL_ADHESION_PI3KAKTMTOR_SIGNALING_PATHWAY)
mTOR_signaling,IFNAB,MSigDB (original: WP_FOCAL_ADHESION_PI3KAKTMTOR_SIGNALING_PATHWAY)
mTOR_signaling,IFNA9,MSigDB (original: WP_FOCAL_ADHESION_PI3KAKTMTOR_SIGNALING_PATHWAY)
mTOR_signaling,IFNB1,MSigDB (original: WP_FOCAL_ADHESION_PI3KAKTMTOR_SIGNALING_PATHWAY)
mTOR_signaling,HIF3A,MSigDB (original: WP_FOCAL_ADHESION_PI3KAKTMTOR_SIGNALING_PATHWAY)
mTOR_signaling,IFNAR2,MSigDB (original: WP_FOCAL_ADHESION_PI3KAKTMTOR_SIGNALING_PATHWAY)
mTOR_signaling,FGF2,MSigDB (original: WP_FOCAL_ADHESION_PI3KAKTMTOR_SIGNALING_PATHWAY)
mTOR_signaling,FGF3,MSigDB (original: WP_FOCAL_ADHESION_PI3KAKTMTOR_SIGNALING_PATHWAY)
mTOR_signaling,FGF17,MSigDB (original: WP_FOCAL_ADHESION_PI3KAKTMTOR_SIGNALING_PATHWAY)
mTOR_signaling,PGF,MSigDB (original: WP_FOCAL_ADHESION_PI3KAKTMTOR_SIGNALING_PATHWAY)
mTOR_signaling,RHEB,MSigDB (original: WP_FOCAL_ADHESION_PI3KAKTMTOR_SIGNALING_PATHWAY)
mTOR_signaling,FGF18,MSigDB (original: WP_FOCAL_ADHESION_PI3KAKTMTOR_SIGNALING_PATHWAY)
mTOR_signaling,OSM,MSigDB (original: WP_FOCAL_ADHESION_PI3KAKTMTOR_SIGNALING_PATHWAY)
mTOR_signaling,FGF6,MSigDB (original: WP_FOCAL_ADHESION_PI3KAKTMTOR_SIGNALING_PATHWAY)
mTOR_signaling,FGF7,MSigDB (original: WP_FOCAL_ADHESION_PI3KAKTMTOR_SIGNALING_PATHWAY)
mTOR_signaling,FGF4,MSigDB (original: WP_FOCAL_ADHESION_PI3KAKTMTOR_SIGNALING_PATHWAY)
mTOR_signaling,THBS4,MSigDB (original: WP_FOCAL_ADHESION_PI3KAKTMTOR_SIGNALING_PATHWAY)
mTOR_signaling,THBS3,MSigDB (original: WP_FOCAL_ADHESION_PI3KAKTMTOR_SIGNALING_PATHWAY)
mTOR_signaling,THBS2,MSigDB (original: WP_FOCAL_ADHESION_PI3KAKTMTOR_SIGNALING_PATHWAY)
mTOR_signaling,THBS1,MSigDB (original: WP_FOCAL_ADHESION_PI3KAKTMTOR_SIGNALING_PATHWAY)
mTOR_signaling,KIT,MSigDB (original: WP_FOCAL_ADHESION_PI3KAKTMTOR_SIGNALING_PATHWAY)
mTOR_signaling,CREB3L4,MSigDB (original: WP_FOCAL_ADHESION_PI3KAKTMTOR_SIGNALING_PATHWAY)
mTOR_signaling,FGF15,MSigDB (original: WP_FOCAL_ADHESION_PI3KAKTMTOR_SIGNALING_PATHWAY)
mTOR_signaling,MAP2K1,MSigDB (original: WP_FOCAL_ADHESION_PI3KAKTMTOR_SIGNALING_PATHWAY)
mTOR_signaling,EGFR,MSigDB (original: WP_FOCAL_ADHESION_PI3KAKTMTOR_SIGNALING_PATHWAY)
mTOR_signaling,MAP2K2,MSigDB (original: WP_FOCAL_ADHESION_PI3KAKTMTOR_SIGNALING_PATHWAY)
mTOR_signaling,ITGB8,MSigDB (original: WP_FOCAL_ADHESION_PI3KAKTMTOR_SIGNALING_PATHWAY)
mTOR_signaling,EFNA5,MSigDB (original: WP_FOCAL_ADHESION_PI3KAKTMTOR_SIGNALING_PATHWAY)
mTOR_signaling,FGF8,MSigDB (original: WP_FOCAL_ADHESION_PI3KAKTMTOR_SIGNALING_PATHWAY)
mTOR_signaling,PDGFC,MSigDB (original: WP_FOCAL_ADHESION_PI3KAKTMTOR_SIGNALING_PATHWAY)
mTOR_signaling,OSMR,MSigDB (original: WP_FOCAL_ADHESION_PI3KAKTMTOR_SIGNALING_PATHWAY)
mTOR_signaling,LPAR3,MSigDB (original: WP_FOCAL_ADHESION_PI3KAKTMTOR_SIGNALING_PATHWAY)
mTOR_signaling,EGF,MSigDB (original: WP_FOCAL_ADHESION_PI3KAKTMTOR_SIGNALING_PATHWAY)
mTOR_signaling,IGF1,MSigDB (original: WP_FOCAL_ADHESION_PI3KAKTMTOR_SIGNALING_PATHWAY)
mTOR_signaling,FGFR3,MSigDB (original: WP_FOCAL_ADHESION_PI3KAKTMTOR_SIGNALING_PATHWAY)
mTOR_signaling,ITGA8,MSigDB (original: WP_FOCAL_ADHESION_PI3KAKTMTOR_SIGNALING_PATHWAY)
mTOR_signaling,FGFR1,MSigDB (original: WP_FOCAL_ADHESION_PI3KAKTMTOR_SIGNALING_PATHWAY)
mTOR_signaling,GNG11,MSigDB (original: WP_FOCAL_ADHESION_PI3KAKTMTOR_SIGNALING_PATHWAY)
mTOR_signaling,FGFR2,MSigDB (original: WP_FOCAL_ADHESION_PI3KAKTMTOR_SIGNALING_PATHWAY)
mTOR_signaling,F2R,MSigDB (original: WP_FOCAL_ADHESION_PI3KAKTMTOR_SIGNALING_PATHWAY)
mTOR_signaling,CHRM2,MSigDB (original: WP_FOCAL_ADHESION_PI3KAKTMTOR_SIGNALING_PATHWAY)
mTOR_signaling,RAB14,MSigDB (original: WP_FOCAL_ADHESION_PI3KAKTMTOR_SIGNALING_PATHWAY)
mTOR_signaling,IRS1,MSigDB (original: WP_FOCAL_ADHESION_PI3KAKTMTOR_SIGNALING_PATHWAY)
mTOR_signaling,FGFR4,MSigDB (original: WP_FOCAL_ADHESION_PI3KAKTMTOR_SIGNALING_PATHWAY)
mTOR_signaling,IGF1R,MSigDB (original: WP_FOCAL_ADHESION_PI3KAKTMTOR_SIGNALING_PATHWAY)
mTOR_signaling,PHLPP1,MSigDB (original: WP_FOCAL_ADHESION_PI3KAKTMTOR_SIGNALING_PATHWAY)
mTOR_signaling,STK11,MSigDB (original: WP_FOCAL_ADHESION_PI3KAKTMTOR_SIGNALING_PATHWAY)
mTOR_signaling,TCL1B1,MSigDB (original: WP_FOCAL_ADHESION_PI3KAKTMTOR_SIGNALING_PATHWAY)
mTOR_signaling,PPP2R5A,MSigDB (original: WP_FOCAL_ADHESION_PI3KAKTMTOR_SIGNALING_PATHWAY)
mTOR_signaling,ATF2,MSigDB (original: WP_FOCAL_ADHESION_PI3KAKTMTOR_SIGNALING_PATHWAY)
mTOR_signaling,FGF9,MSigDB (original: WP_FOCAL_ADHESION_PI3KAKTMTOR_SIGNALING_PATHWAY)
mTOR_signaling,PELO,MSigDB (original: WP_FOCAL_ADHESION_PI3KAKTMTOR_SIGNALING_PATHWAY)
mTOR_signaling,FGF16,MSigDB (original: WP_FOCAL_ADHESION_PI3KAKTMTOR_SIGNALING_PATHWAY)
mTOR_signaling,CREB3L2,MSigDB (original: WP_FOCAL_ADHESION_PI3KAKTMTOR_SIGNALING_PATHWAY)
mTOR_signaling,ATF4,MSigDB (original: WP_FOCAL_ADHESION_PI3KAKTMTOR_SIGNALING_PATHWAY)
mTOR_signaling,ULK1,MSigDB (original: WP_FOCAL_ADHESION_PI3KAKTMTOR_SIGNALING_PATHWAY)
mTOR_signaling,CREB5,MSigDB (original: WP_FOCAL_ADHESION_PI3KAKTMTOR_SIGNALING_PATHWAY)
mTOR_signaling,IRS3,MSigDB (original: WP_FOCAL_ADHESION_PI3KAKTMTOR_SIGNALING_PATHWAY)
mTOR_signaling,LPAR1,MSigDB (original: WP_FOCAL_ADHESION_PI3KAKTMTOR_SIGNALING_PATHWAY)
mTOR_signaling,TBC1D1,MSigDB (original: WP_FOCAL_ADHESION_PI3KAKTMTOR_SIGNALING_PATHWAY)
mTOR_signaling,JAK1,MSigDB (original: WP_FOCAL_ADHESION_PI3KAKTMTOR_SIGNALING_PATHWAY)
mTOR_signaling,LPAR6,MSigDB (original: WP_FOCAL_ADHESION_PI3KAKTMTOR_SIGNALING_PATHWAY)
mTOR_signaling,ACACA,MSigDB (original: WP_FOCAL_ADHESION_PI3KAKTMTOR_SIGNALING_PATHWAY)
mTOR_signaling,VEGFA,MSigDB (original: WP_FOCAL_ADHESION_PI3KAKTMTOR_SIGNALING_PATHWAY)
mTOR_signaling,INS2,MSigDB (original: WP_FOCAL_ADHESION_PI3KAKTMTOR_SIGNALING_PATHWAY)
mTOR_signaling,PDGFD,MSigDB (original: WP_FOCAL_ADHESION_PI3KAKTMTOR_SIGNALING_PATHWAY)
mTOR_signaling,INS1,MSigDB (original: WP_FOCAL_ADHESION_PI3KAKTMTOR_SIGNALING_PATHWAY)
mTOR_signaling,JAK3,MSigDB (original: WP_FOCAL_ADHESION_PI3KAKTMTOR_SIGNALING_PATHWAY)
mTOR_signaling,JAK2,MSigDB (original: WP_FOCAL_ADHESION_PI3KAKTMTOR_SIGNALING_PATHWAY)
mTOR_signaling,AKT1S1,MSigDB (original: WP_FOCAL_ADHESION_PI3KAKTMTOR_SIGNALING_PATHWAY)
mTOR_signaling,GNG13,MSigDB (original: WP_FOCAL_ADHESION_PI3KAKTMTOR_SIGNALING_PATHWAY)
mTOR_signaling,PPP2R5C,MSigDB (original: WP_FOCAL_ADHESION_PI3KAKTMTOR_SIGNALING_PATHWAY)
mTOR_signaling,LAMC1,MSigDB (original: WP_FOCAL_ADHESION_PI3KAKTMTOR_SIGNALING_PATHWAY)
mTOR_signaling,TNC,MSigDB (original: WP_FOCAL_ADHESION_PI3KAKTMTOR_SIGNALING_PATHWAY)
mTOR_signaling,PPP2R5E,MSigDB (original: WP_FOCAL_ADHESION_PI3KAKTMTOR_SIGNALING_PATHWAY)
mTOR_signaling,RPTOR,MSigDB (original: WP_FOCAL_ADHESION_PI3KAKTMTOR_SIGNALING_PATHWAY)
mTOR_signaling,CDC37,MSigDB (original: WP_FOCAL_ADHESION_PI3KAKTMTOR_SIGNALING_PATHWAY)
mTOR_signaling,MTOR,MSigDB (original: WP_FOCAL_ADHESION_PI3KAKTMTOR_SIGNALING_PATHWAY)
mTOR_signaling,INSR,MSigDB (original: WP_FOCAL_ADHESION_PI3KAKTMTOR_SIGNALING_PATHWAY)
mTOR_signaling,GNGT2,MSigDB (original: WP_FOCAL_ADHESION_PI3KAKTMTOR_SIGNALING_PATHWAY)
mTOR_signaling,PFKFB1,MSigDB (original: WP_FOCAL_ADHESION_PI3KAKTMTOR_SIGNALING_PATHWAY)
mTOR_signaling,RPS6KB1,MSigDB (original: WP_FOCAL_ADHESION_PI3KAKTMTOR_SIGNALING_PATHWAY)
mTOR_signaling,MLST8,MSigDB (original: WP_FOCAL_ADHESION_PI3KAKTMTOR_SIGNALING_PATHWAY)
mTOR_signaling,ITGA9,MSigDB (original: WP_FOCAL_ADHESION_PI3KAKTMTOR_SIGNALING_PATHWAY)
mTOR_signaling,KITL,MSigDB (original: WP_FOCAL_ADHESION_PI3KAKTMTOR_SIGNALING_PATHWAY)
mTOR_signaling,HIF1A,MSigDB (original: WP_FOCAL_ADHESION_PI3KAKTMTOR_SIGNALING_PATHWAY)
mTOR_signaling,ITGA11,MSigDB (original: WP_FOCAL_ADHESION_PI3KAKTMTOR_SIGNALING_PATHWAY)
mTOR_signaling,FGF12,MSigDB (original: WP_FOCAL_ADHESION_PI3KAKTMTOR_SIGNALING_PATHWAY)
mTOR_signaling,FGF1,MSigDB (original: WP_FOCAL_ADHESION_PI3KAKTMTOR_SIGNALING_PATHWAY)
mTOR_signaling,FOXA1,MSigDB (original: WP_FOCAL_ADHESION_PI3KAKTMTOR_SIGNALING_PATHWAY)
mTOR_signaling,FGF10,MSigDB (original: WP_FOCAL_ADHESION_PI3KAKTMTOR_SIGNALING_PATHWAY)
mTOR_signaling,PFKFB2,MSigDB (original: WP_FOCAL_ADHESION_PI3KAKTMTOR_SIGNALING_PATHWAY)
mTOR_signaling,VEGFC,MSigDB (original: WP_FOCAL_ADHESION_PI3KAKTMTOR_SIGNALING_PATHWAY)
mTOR_signaling,PPP2CA,MSigDB (original: WP_FOCAL_ADHESION_PI3KAKTMTOR_SIGNALING_PATHWAY)
mTOR_signaling,PPP2R3D,MSigDB (original: WP_FOCAL_ADHESION_PI3KAKTMTOR_SIGNALING_PATHWAY)
mTOR_signaling,PPP2CB,MSigDB (original: WP_FOCAL_ADHESION_PI3KAKTMTOR_SIGNALING_PATHWAY)
mTOR_signaling,AKT3,MSigDB (original: WP_FOCAL_ADHESION_PI3KAKTMTOR_SIGNALING_PATHWAY)
mTOR_signaling,EFNA4,MSigDB (original: WP_FOCAL_ADHESION_PI3KAKTMTOR_SIGNALING_PATHWAY)
mTOR_signaling,EFNA2,MSigDB (original: WP_FOCAL_ADHESION_PI3KAKTMTOR_SIGNALING_PATHWAY)
mTOR_signaling,CHRM1,MSigDB (original: WP_FOCAL_ADHESION_PI3KAKTMTOR_SIGNALING_PATHWAY)
mTOR_signaling,EFNA3,MSigDB (original: WP_FOCAL_ADHESION_PI3KAKTMTOR_SIGNALING_PATHWAY)
mTOR_signaling,VEGFB,MSigDB (original: WP_FOCAL_ADHESION_PI3KAKTMTOR_SIGNALING_PATHWAY)
mTOR_signaling,GHR,MSigDB (original: WP_FOCAL_ADHESION_PI3KAKTMTOR_SIGNALING_PATHWAY)
mTOR_signaling,FGF13,MSigDB (original: WP_FOCAL_ADHESION_PI3KAKTMTOR_SIGNALING_PATHWAY)
mTOR_signaling,TNN,MSigDB (original: WP_FOCAL_ADHESION_PI3KAKTMTOR_SIGNALING_PATHWAY)
mTOR_signaling,FGF14,MSigDB (original: WP_FOCAL_ADHESION_PI3KAKTMTOR_SIGNALING_PATHWAY)
mTOR_signaling,EFNA1,MSigDB (original: WP_FOCAL_ADHESION_PI3KAKTMTOR_SIGNALING_PATHWAY)
mTOR_signaling,HRAS,MSigDB (original: WP_FOCAL_ADHESION_PI3KAKTMTOR_SIGNALING_PATHWAY)
mTOR_signaling,MTCP1,MSigDB (original: WP_FOCAL_ADHESION_PI3KAKTMTOR_SIGNALING_PATHWAY)
mTOR_signaling,FLT1,MSigDB (original: WP_FOCAL_ADHESION_PI3KAKTMTOR_SIGNALING_PATHWAY)
mTOR_signaling,NRAS,MSigDB (original: WP_FOCAL_ADHESION_PI3KAKTMTOR_SIGNALING_PATHWAY)
mTOR_signaling,CAB39L,MSigDB (original: WP_FOCAL_ADHESION_PI3KAKTMTOR_SIGNALING_PATHWAY)
mTOR_signaling,NGFR,MSigDB (original: WP_FOCAL_ADHESION_PI3KAKTMTOR_SIGNALING_PATHWAY)
mTOR_signaling,CREB3L3,MSigDB (original: WP_FOCAL_ADHESION_PI3KAKTMTOR_SIGNALING_PATHWAY)
mTOR_signaling,GYS1,MSigDB (original: WP_FOCAL_ADHESION_PI3KAKTMTOR_SIGNALING_PATHWAY)
mTOR_signaling,PHLPP2,MSigDB (original: WP_FOCAL_ADHESION_PI3KAKTMTOR_SIGNALING_PATHWAY)
mTOR_signaling,PRKAA1,MSigDB (original: WP_FOCAL_ADHESION_PI3KAKTMTOR_SIGNALING_PATHWAY)
mTOR_signaling,FLT4,MSigDB (original: WP_FOCAL_ADHESION_PI3KAKTMTOR_SIGNALING_PATHWAY)
mTOR_signaling,HGF,MSigDB (original: WP_FOCAL_ADHESION_PI3KAKTMTOR_SIGNALING_PATHWAY)
mTOR_signaling,GNG4,MSigDB (original: WP_FOCAL_ADHESION_PI3KAKTMTOR_SIGNALING_PATHWAY)
mTOR_signaling,GNG5,MSigDB (original: WP_FOCAL_ADHESION_PI3KAKTMTOR_SIGNALING_PATHWAY)
mTOR_signaling,EPOR,MSigDB (original: WP_FOCAL_ADHESION_PI3KAKTMTOR_SIGNALING_PATHWAY)
mTOR_signaling,GNG3,MSigDB (original: WP_FOCAL_ADHESION_PI3KAKTMTOR_SIGNALING_PATHWAY)
mTOR_signaling,PIK3R5,MSigDB (original: WP_FOCAL_ADHESION_PI3KAKTMTOR_SIGNALING_PATHWAY)
mTOR_signaling,GNG7,MSigDB (original: WP_FOCAL_ADHESION_PI3KAKTMTOR_SIGNALING_PATHWAY)
mTOR_signaling,GNG8,MSigDB (original: WP_FOCAL_ADHESION_PI3KAKTMTOR_SIGNALING_PATHWAY)
mTOR_signaling,FN1,MSigDB (original: WP_FOCAL_ADHESION_PI3KAKTMTOR_SIGNALING_PATHWAY)
mTOR_signaling,GNG2,MSigDB (original: WP_FOCAL_ADHESION_PI3KAKTMTOR_SIGNALING_PATHWAY)
mTOR_signaling,EPO,MSigDB (original: WP_FOCAL_ADHESION_PI3KAKTMTOR_SIGNALING_PATHWAY)
mTOR_signaling,CHAD,MSigDB (original: WP_FOCAL_ADHESION_PI3KAKTMTOR_SIGNALING_PATHWAY)
mTOR_signaling,GNG10,MSigDB (original: WP_FOCAL_ADHESION_PI3KAKTMTOR_SIGNALING_PATHWAY)
mTOR_signaling,GNG12,MSigDB (original: WP_FOCAL_ADHESION_PI3KAKTMTOR_SIGNALING_PATHWAY)
mTOR_signaling,TEK,MSigDB (original: WP_FOCAL_ADHESION_PI3KAKTMTOR_SIGNALING_PATHWAY)
mTOR_signaling,LIPE,MSigDB (original: WP_FOCAL_ADHESION_PI3KAKTMTOR_SIGNALING_PATHWAY)
mTOR_signaling,EIF4B,MSigDB (original: WP_FOCAL_ADHESION_PI3KAKTMTOR_SIGNALING_PATHWAY)
mTOR_signaling,ITGAX,MSigDB (original: WP_FOCAL_ADHESION_PI3KAKTMTOR_SIGNALING_PATHWAY)
mTOR_signaling,LAMA3,MSigDB (original: WP_FOCAL_ADHESION_PI3KAKTMTOR_SIGNALING_PATHWAY)
mTOR_signaling,KRAS,MSigDB (original: WP_FOCAL_ADHESION_PI3KAKTMTOR_SIGNALING_PATHWAY)
mTOR_signaling,LAMA2,MSigDB (original: WP_FOCAL_ADHESION_PI3KAKTMTOR_SIGNALING_PATHWAY)
mTOR_signaling,ITGAV,MSigDB (original: WP_FOCAL_ADHESION_PI3KAKTMTOR_SIGNALING_PATHWAY)
mTOR_signaling,LAMA1,MSigDB (original: WP_FOCAL_ADHESION_PI3KAKTMTOR_SIGNALING_PATHWAY)
mTOR_signaling,TSC1,MSigDB (original: WP_FOCAL_ADHESION_PI3KAKTMTOR_SIGNALING_PATHWAY)
mTOR_signaling,FGF20,MSigDB (original: WP_FOCAL_ADHESION_PI3KAKTMTOR_SIGNALING_PATHWAY)
mTOR_signaling,CSF1,MSigDB (original: WP_FOCAL_ADHESION_PI3KAKTMTOR_SIGNALING_PATHWAY)
mTOR_signaling,CSF1R,MSigDB (original: WP_FOCAL_ADHESION_PI3KAKTMTOR_SIGNALING_PATHWAY)
mTOR_signaling,GH,MSigDB (original: WP_FOCAL_ADHESION_PI3KAKTMTOR_SIGNALING_PATHWAY)
mTOR_signaling,ELAVL1,MSigDB (original: WP_FOCAL_ADHESION_PI3KAKTMTOR_SIGNALING_PATHWAY)
mTOR_signaling,ITGA10,MSigDB (original: WP_FOCAL_ADHESION_PI3KAKTMTOR_SIGNALING_PATHWAY)
mTOR_signaling,ITGB2,MSigDB (original: WP_FOCAL_ADHESION_PI3KAKTMTOR_SIGNALING_PATHWAY)
mTOR_signaling,LAMB1,MSigDB (original: WP_FOCAL_ADHESION_PI3KAKTMTOR_SIGNALING_PATHWAY)
mTOR_signaling,LAMA5,MSigDB (original: WP_FOCAL_ADHESION_PI3KAKTMTOR_SIGNALING_PATHWAY)
mTOR_signaling,LAMA4,MSigDB (original: WP_FOCAL_ADHESION_PI3KAKTMTOR_SIGNALING_PATHWAY)
mTOR_signaling,ITGB1,MSigDB (original: WP_FOCAL_ADHESION_PI3KAKTMTOR_SIGNALING_PATHWAY)
mTOR_signaling,ITGB5,MSigDB (original: WP_FOCAL_ADHESION_PI3KAKTMTOR_SIGNALING_PATHWAY)
mTOR_signaling,FGF21,MSigDB (original: WP_FOCAL_ADHESION_PI3KAKTMTOR_SIGNALING_PATHWAY)
mTOR_signaling,GSK3B,MSigDB (original: WP_FOCAL_ADHESION_PI3KAKTMTOR_SIGNALING_PATHWAY)
mTOR_signaling,ITGB3,MSigDB (original: WP_FOCAL_ADHESION_PI3KAKTMTOR_SIGNALING_PATHWAY)
mTOR_signaling,LAMB2,MSigDB (original: WP_FOCAL_ADHESION_PI3KAKTMTOR_SIGNALING_PATHWAY)
mTOR_signaling,LAMB3,MSigDB (original: WP_FOCAL_ADHESION_PI3KAKTMTOR_SIGNALING_PATHWAY)
mTOR_signaling,DDIT4,MSigDB (original: WP_FOCAL_ADHESION_PI3KAKTMTOR_SIGNALING_PATHWAY)
mTOR_signaling,NGF,MSigDB (original: WP_FOCAL_ADHESION_PI3KAKTMTOR_SIGNALING_PATHWAY)
mTOR_signaling,PPARGC1A,MSigDB (original: WP_FOCAL_ADHESION_PI3KAKTMTOR_SIGNALING_PATHWAY)
mTOR_signaling,EIF4E1B,MSigDB (original: WP_FOCAL_ADHESION_PI3KAKTMTOR_SIGNALING_PATHWAY)
mTOR_signaling,ITGB7,MSigDB (original: WP_FOCAL_ADHESION_PI3KAKTMTOR_SIGNALING_PATHWAY)
mTOR_signaling,KDR,MSigDB (original: WP_FOCAL_ADHESION_PI3KAKTMTOR_SIGNALING_PATHWAY)
mTOR_signaling,ITGB6,MSigDB (original: WP_FOCAL_ADHESION_PI3KAKTMTOR_SIGNALING_PATHWAY)
mTOR_signaling,COL4A6,MSigDB (original: WP_FOCAL_ADHESION_PI3KAKTMTOR_SIGNALING_PATHWAY)
mTOR_signaling,LAMC2,MSigDB (original: WP_FOCAL_ADHESION_PI3KAKTMTOR_SIGNALING_PATHWAY)
mTOR_signaling,EPHA2,MSigDB (original: WP_FOCAL_ADHESION_PI3KAKTMTOR_SIGNALING_PATHWAY)
mTOR_signaling,PIK3CG,MSigDB (original: WP_FOCAL_ADHESION_PI3KAKTMTOR_SIGNALING_PATHWAY)
mTOR_signaling,AKT2,MSigDB (original: WP_FOCAL_ADHESION_PI3KAKTMTOR_SIGNALING_PATHWAY)
mTOR_signaling,PDPK1,MSigDB (original: WP_FOCAL_ADHESION_PI3KAKTMTOR_SIGNALING_PATHWAY)
mTOR_signaling,AKT1,MSigDB (original: WP_FOCAL_ADHESION_PI3KAKTMTOR_SIGNALING_PATHWAY)
mTOR_signaling,CSF3R,MSigDB (original: WP_FOCAL_ADHESION_PI3KAKTMTOR_SIGNALING_PATHWAY)
mTOR_signaling,CSF3,MSigDB (original: WP_FOCAL_ADHESION_PI3KAKTMTOR_SIGNALING_PATHWAY)
Apoptosis,AIFM1,MSigDB (original: WP_APOPTOSIS_MODULATION_BY_HSP70)
Apoptosis,CASP8,MSigDB (original: WP_APOPTOSIS_MODULATION_BY_HSP70)
Apoptosis,RIPK1,MSigDB (original: WP_APOPTOSIS_MODULATION_BY_HSP70)
Apoptosis,NFKB1,MSigDB (original: WP_APOPTOSIS_MODULATION_BY_HSP70)
Apoptosis,CASP9,MSigDB (original: WP_APOPTOSIS_MODULATION_BY_HSP70)
Apoptosis,MAP3K1,MSigDB (original: WP_APOPTOSIS_MODULATION_BY_HSP70)
Apoptosis,TNFRSF1A,MSigDB (original: WP_APOPTOSIS_MODULATION_BY_HSP70)
Apoptosis,MAPK10,MSigDB (original: WP_APOPTOSIS_MODULATION_BY_HSP70)
Apoptosis,HSPA1A,MSigDB (original: WP_APOPTOSIS_MODULATION_BY_HSP70)
Apoptosis,CASP2,MSigDB (original: WP_APOPTOSIS_MODULATION_BY_HSP70)
Apoptosis,CASP3,MSigDB (original: WP_APOPTOSIS_MODULATION_BY_HSP70)
Apoptosis,BID,MSigDB (original: WP_APOPTOSIS_MODULATION_BY_HSP70)
Apoptosis,FAS,MSigDB (original: WP_APOPTOSIS_MODULATION_BY_HSP70)
Apoptosis,APAF1,MSigDB (original: WP_APOPTOSIS_MODULATION_BY_HSP70)
Apoptosis,CASP6,MSigDB (original: WP_APOPTOSIS_MODULATION_BY_HSP70)
Apoptosis,CASP7,MSigDB (original: WP_APOPTOSIS_MODULATION_BY_HSP70)
Apoptosis,MDM2,MSigDB (original: WP_APOPTOSIS)
Apoptosis,IKBKG,MSigDB (original: WP_APOPTOSIS)
Apoptosis,JUN,MSigDB (original: WP_APOPTOSIS)
Apoptosis,LTA,MSigDB (original: WP_APOPTOSIS)
Apoptosis,TNFSF10,MSigDB (original: WP_APOPTOSIS)
Apoptosis,IKBKB,MSigDB (original: WP_APOPTOSIS)
Apoptosis,TRAF2,MSigDB (original: WP_APOPTOSIS)
Apoptosis,TRAF3,MSigDB (original: WP_APOPTOSIS)
Apoptosis,MAP2K4,MSigDB (original: WP_APOPTOSIS)
Apoptosis,CHUK,MSigDB (original: WP_APOPTOSIS)
Apoptosis,DFFB,MSigDB (original: WP_APOPTOSIS)
Apoptosis,APAF1,MSigDB (original: WP_APOPTOSIS)
Apoptosis,BOK,MSigDB (original: WP_APOPTOSIS)
Apoptosis,CFLAR,MSigDB (original: WP_APOPTOSIS)
Apoptosis,IRF2,MSigDB (original: WP_APOPTOSIS)
Apoptosis,IGF1,MSigDB (original: WP_APOPTOSIS)
Apoptosis,IRF1,MSigDB (original: WP_APOPTOSIS)
Apoptosis,CASP1,MSigDB (original: WP_APOPTOSIS)
Apoptosis,CASP4,MSigDB (original: WP_APOPTOSIS)
Apoptosis,IGF2,MSigDB (original: WP_APOPTOSIS)
Apoptosis,IGF1R,MSigDB (original: WP_APOPTOSIS)
Apoptosis,BCL2,MSigDB (original: WP_APOPTOSIS)
Apoptosis,IRF4,MSigDB (original: WP_APOPTOSIS)
Apoptosis,MCL1,MSigDB (original: WP_APOPTOSIS)
Apoptosis,MAP3K1,MSigDB (original: WP_APOPTOSIS)
Apoptosis,IRF7,MSigDB (original: WP_APOPTOSIS)
Apoptosis,PMAIP1,MSigDB (original: WP_APOPTOSIS)
Apoptosis,PIK3R1,MSigDB (original: WP_APOPTOSIS)
Apoptosis,IRF5,MSigDB (original: WP_APOPTOSIS)
Apoptosis,GZMC,MSigDB (original: WP_APOPTOSIS)
Apoptosis,CASP2,MSigDB (original: WP_APOPTOSIS)
Apoptosis,HRK,MSigDB (original: WP_APOPTOSIS)
Apoptosis,CASP3,MSigDB (original: WP_APOPTOSIS)
Apoptosis,BID,MSigDB (original: WP_APOPTOSIS)
Apoptosis,FAS,MSigDB (original: WP_APOPTOSIS)
Apoptosis,BCL2L1,MSigDB (original: WP_APOPTOSIS)
Apoptosis,BCL2L11,MSigDB (original: WP_APOPTOSIS)
Apoptosis,TRADD,MSigDB (original: WP_APOPTOSIS)
Apoptosis,FASL,MSigDB (original: WP_APOPTOSIS)
Apoptosis,BIRC2,MSigDB (original: WP_APOPTOSIS)
Apoptosis,BIRC3,MSigDB (original: WP_APOPTOSIS)
Apoptosis,BIRC5,MSigDB (original: WP_APOPTOSIS)
Apoptosis,CASP6,MSigDB (original: WP_APOPTOSIS)
Apoptosis,CASP7,MSigDB (original: WP_APOPTOSIS)
Apoptosis,XIAP,MSigDB (original: WP_APOPTOSIS)
Apoptosis,NFKBIB,MSigDB (original: WP_APOPTOSIS)
Apoptosis,NFKBIE,MSigDB (original: WP_APOPTOSIS)
Apoptosis,CASP8,MSigDB (original: WP_APOPTOSIS)
Apoptosis,RIPK1,MSigDB (original: WP_APOPTOSIS)
Apoptosis,BCL2L2,MSigDB (original: WP_APOPTOSIS)
Apoptosis,HELLS,MSigDB (original: WP_APOPTOSIS)
Apoptosis,NFKB1,MSigDB (original: WP_APOPTOSIS)
Apoptosis,CASP9,MSigDB (original: WP_APOPTOSIS)
Apoptosis,NFKBIA,MSigDB (original: WP_APOPTOSIS)
Apoptosis,TNFRSF21,MSigDB (original: WP_APOPTOSIS)
Apoptosis,TNF,MSigDB (original: WP_APOPTOSIS)
Apoptosis,MAPK10,MSigDB (original: WP_APOPTOSIS)
Apoptosis,TRP53,MSigDB (original: WP_APOPTOSIS)
Apoptosis,SCAF11,MSigDB (original: WP_APOPTOSIS)
Apoptosis,IRF3,MSigDB (original: WP_APOPTOSIS)
Apoptosis,MYC,MSigDB (original: WP_APOPTOSIS)
Apoptosis,BNIP3L,MSigDB (original: WP_APOPTOSIS)
Apoptosis,BAD,MSigDB (original: WP_APOPTOSIS)
Apoptosis,IRF6,MSigDB (original: WP_APOPTOSIS)
Apoptosis,DIABLO,MSigDB (original: WP_APOPTOSIS)
Apoptosis,TNFRSF25,MSigDB (original: WP_APOPTOSIS)
Apoptosis,DFFA,MSigDB (original: WP_APOPTOSIS)
Apoptosis,RELA,MSigDB (original: WP_APOPTOSIS)
Apoptosis,TNFRSF1B,MSigDB (original: WP_APOPTOSIS)
Apoptosis,TNFRSF1A,MSigDB (original: WP_APOPTOSIS)
Apoptosis,TNFRSF10B,MSigDB (original: WP_APOPTOSIS)
Apoptosis,TRAF1,MSigDB (original: WP_APOPTOSIS)
Apoptosis,TRP63,MSigDB (original: WP_APOPTOSIS)
Apoptosis,TRP73,MSigDB (original: WP_APOPTOSIS)
Apoptosis,CRADD,MSigDB (original: WP_APOPTOSIS)
Apoptosis,AKT1,MSigDB (original: WP_APOPTOSIS)
Apoptosis,BAX,MSigDB (original: WP_APOPTOSIS)
Apoptosis,PRF1,MSigDB (original: WP_APOPTOSIS)
MAPK_signaling,HRAS,MSigDB (original: WP_MAPK_CASCADE)
MAPK_signaling,PLCB3,MSigDB (original: WP_MAPK_CASCADE)
MAPK_signaling,KRAS,MSigDB (original: WP_MAPK_CASCADE)
MAPK_signaling,JUN,MSigDB (original: WP_MAPK_CASCADE)
MAPK_signaling,NRAS,MSigDB (original: WP_MAPK_CASCADE)
MAPK_signaling,RRAS,MSigDB (original: WP_MAPK_CASCADE)
MAPK_signaling,MAPK10,MSigDB (original: WP_MAPK_CASCADE)
MAPK_signaling,MAPK1,MSigDB (original: WP_MAPK_CASCADE)
MAPK_signaling,MAPK14,MSigDB (original: WP_MAPK_CASCADE)
MAPK_signaling,MAPK3,MSigDB (original: WP_MAPK_CASCADE)
MAPK_signaling,MAP2K1,MSigDB (original: WP_MAPK_CASCADE)
MAPK_signaling,MAP2K3,MSigDB (original: WP_MAPK_CASCADE)
MAPK_signaling,MAP2K2,MSigDB (original: WP_MAPK_CASCADE)
MAPK_signaling,MAP2K6,MSigDB (original: WP_MAPK_CASCADE)
MAPK_signaling,MAP2K4,MSigDB (original: WP_MAPK_CASCADE)
MAPK_signaling,RASA3,MSigDB (original: WP_MAPK_CASCADE)
MAPK_signaling,MBP,MSigDB (original: WP_MAPK_CASCADE)
MAPK_signaling,RAF1,MSigDB (original: WP_MAPK_CASCADE)
MAPK_signaling,MAP3K1,MSigDB (original: WP_MAPK_CASCADE)
MAPK_signaling,MAPK12,MSigDB (original: WP_MAPK_CASCADE)
MAPK_signaling,BRAF,MSigDB (original: WP_MAPK_CASCADE)
MAPK_signaling,MAP3K2,MSigDB (original: WP_MAPK_CASCADE)
MAPK_signaling,MAP3K12,MSigDB (original: WP_MAPK_CASCADE)
MAPK_signaling,SIPA1,MSigDB (original: WP_MAPK_CASCADE)
MAPK_signaling,MAP3K3,MSigDB (original: WP_MAPK_CASCADE)
MAPK_signaling,ARAF,MSigDB (original: WP_MAPK_CASCADE)
MAPK_signaling,ELK1,MSigDB (original: WP_MAPK_CASCADE)
MAPK_signaling,MAP2,MSigDB (original: WP_MAPK_CASCADE)
p53_pathway,TCF3,MSigDB (original: WP_WNT_SIGNALING_PATHWAY_WP539)
p53_pathway,CSNK2A2,MSigDB (original: WP_WNT_SIGNALING_PATHWAY_WP539)
p53_pathway,NLK,MSigDB (original: WP_WNT_SIGNALING_PATHWAY_WP539)
p53_pathway,CSNK2B,MSigDB (original: WP_WNT_SIGNALING_PATHWAY_WP539)
p53_pathway,CDH1,MSigDB (original: WP_WNT_SIGNALING_PATHWAY_WP539)
p53_pathway,JUN,MSigDB (original: WP_WNT_SIGNALING_PATHWAY_WP539)
p53_pathway,FRAT1,MSigDB (original: WP_WNT_SIGNALING_PATHWAY_WP539)
p53_pathway,RUNX2,MSigDB (original: WP_WNT_SIGNALING_PATHWAY_WP539)
p53_pathway,PIAS4,MSigDB (original: WP_WNT_SIGNALING_PATHWAY_WP539)
p53_pathway,ARRB1,MSigDB (original: WP_WNT_SIGNALING_PATHWAY_WP539)
p53_pathway,DLG2,MSigDB (original: WP_WNT_SIGNALING_PATHWAY_WP539)
p53_pathway,WNT1,MSigDB (original: WP_WNT_SIGNALING_PATHWAY_WP539)
p53_pathway,DAB2,MSigDB (original: WP_WNT_SIGNALING_PATHWAY_WP539)
p53_pathway,RAC1,MSigDB (original: WP_WNT_SIGNALING_PATHWAY_WP539)
p53_pathway,JUP,MSigDB (original: WP_WNT_SIGNALING_PATHWAY_WP539)
p53_pathway,CUL1,MSigDB (original: WP_WNT_SIGNALING_PATHWAY_WP539)
p53_pathway,CSNK1E,MSigDB (original: WP_WNT_SIGNALING_PATHWAY_WP539)
p53_pathway,ROR2,MSigDB (original: WP_WNT_SIGNALING_PATHWAY_WP539)
p53_pathway,CCND1,MSigDB (original: WP_WNT_SIGNALING_PATHWAY_WP539)
p53_pathway,CTBP1,MSigDB (original: WP_WNT_SIGNALING_PATHWAY_WP539)
p53_pathway,CRYBB2,MSigDB (original: WP_WNT_SIGNALING_PATHWAY_WP539)
p53_pathway,CAMK2B,MSigDB (original: WP_WNT_SIGNALING_PATHWAY_WP539)
p53_pathway,CAMK2A,MSigDB (original: WP_WNT_SIGNALING_PATHWAY_WP539)
p53_pathway,CAMK2G,MSigDB (original: WP_WNT_SIGNALING_PATHWAY_WP539)
p53_pathway,CTBP2,MSigDB (original: WP_WNT_SIGNALING_PATHWAY_WP539)
p53_pathway,PRKCB,MSigDB (original: WP_WNT_SIGNALING_PATHWAY_WP539)
p53_pathway,SKP1,MSigDB (original: WP_WNT_SIGNALING_PATHWAY_WP539)
p53_pathway,MAPK8,MSigDB (original: WP_WNT_SIGNALING_PATHWAY_WP539)
p53_pathway,SUMO1,MSigDB (original: WP_WNT_SIGNALING_PATHWAY_WP539)
p53_pathway,LRP1,MSigDB (original: WP_WNT_SIGNALING_PATHWAY_WP539)
p53_pathway,PRKCA,MSigDB (original: WP_WNT_SIGNALING_PATHWAY_WP539)
p53_pathway,SFRP2,MSigDB (original: WP_WNT_SIGNALING_PATHWAY_WP539)
p53_pathway,MAPK1,MSigDB (original: WP_WNT_SIGNALING_PATHWAY_WP539)
p53_pathway,TAX1BP3,MSigDB (original: WP_WNT_SIGNALING_PATHWAY_WP539)
p53_pathway,CXXC4,MSigDB (original: WP_WNT_SIGNALING_PATHWAY_WP539)
p53_pathway,MAPK3,MSigDB (original: WP_WNT_SIGNALING_PATHWAY_WP539)
p53_pathway,RHOA,MSigDB (original: WP_WNT_SIGNALING_PATHWAY_WP539)
p53_pathway,CDC25C,MSigDB (original: WP_WNT_SIGNALING_PATHWAY_WP539)
p53_pathway,LRP6,MSigDB (original: WP_WNT_SIGNALING_PATHWAY_WP539)
p53_pathway,LRP5,MSigDB (original: WP_WNT_SIGNALING_PATHWAY_WP539)
p53_pathway,CDK1,MSigDB (original: WP_WNT_SIGNALING_PATHWAY_WP539)
p53_pathway,TCF4,MSigDB (original: WP_WNT_SIGNALING_PATHWAY_WP539)
p53_pathway,CSNK1A1,MSigDB (original: WP_WNT_SIGNALING_PATHWAY_WP539)
p53_pathway,VANGL2,MSigDB (original: WP_WNT_SIGNALING_PATHWAY_WP539)
p53_pathway,NKD1,MSigDB (original: WP_WNT_SIGNALING_PATHWAY_WP539)
p53_pathway,FHL2,MSigDB (original: WP_WNT_SIGNALING_PATHWAY_WP539)
p53_pathway,SOX9,MSigDB (original: WP_WNT_SIGNALING_PATHWAY_WP539)
p53_pathway,TBP,MSigDB (original: WP_WNT_SIGNALING_PATHWAY_WP539)
p53_pathway,CAMK2D,MSigDB (original: WP_WNT_SIGNALING_PATHWAY_WP539)
p53_pathway,PPP2CA,MSigDB (original: WP_WNT_SIGNALING_PATHWAY_WP539)
p53_pathway,NR5A1,MSigDB (original: WP_WNT_SIGNALING_PATHWAY_WP539)
p53_pathway,TFAP2A,MSigDB (original: WP_WNT_SIGNALING_PATHWAY_WP539)
p53_pathway,MAPK9,MSigDB (original: WP_WNT_SIGNALING_PATHWAY_WP539)
p53_pathway,HIPK2,MSigDB (original: WP_WNT_SIGNALING_PATHWAY_WP539)
p53_pathway,CTNNB1,MSigDB (original: WP_WNT_SIGNALING_PATHWAY_WP539)
p53_pathway,FZD9,MSigDB (original: WP_WNT_SIGNALING_PATHWAY_WP539)
p53_pathway,SFRP1,MSigDB (original: WP_WNT_SIGNALING_PATHWAY_WP539)
p53_pathway,FZD8,MSigDB (original: WP_WNT_SIGNALING_PATHWAY_WP539)
p53_pathway,SALL1,MSigDB (original: WP_WNT_SIGNALING_PATHWAY_WP539)
p53_pathway,FZD2,MSigDB (original: WP_WNT_SIGNALING_PATHWAY_WP539)
p53_pathway,APC,MSigDB (original: WP_WNT_SIGNALING_PATHWAY_WP539)
p53_pathway,MARK2,MSigDB (original: WP_WNT_SIGNALING_PATHWAY_WP539)
p53_pathway,BRD7,MSigDB (original: WP_WNT_SIGNALING_PATHWAY_WP539)
p53_pathway,EP300,MSigDB (original: WP_WNT_SIGNALING_PATHWAY_WP539)
p53_pathway,BTRC,MSigDB (original: WP_WNT_SIGNALING_PATHWAY_WP539)
p53_pathway,SMAD3,MSigDB (original: WP_WNT_SIGNALING_PATHWAY_WP539)
p53_pathway,SMAD4,MSigDB (original: WP_WNT_SIGNALING_PATHWAY_WP539)
p53_pathway,CSNK2A1,MSigDB (original: WP_WNT_SIGNALING_PATHWAY_WP539)
p53_pathway,MAP3K7,MSigDB (original: WP_WNT_SIGNALING_PATHWAY_WP539)
p53_pathway,SOX1,MSigDB (original: WP_WNT_SIGNALING_PATHWAY_WP539)
p53_pathway,LEF1,MSigDB (original: WP_WNT_SIGNALING_PATHWAY_WP539)
p53_pathway,AXIN2,MSigDB (original: WP_WNT_SIGNALING_PATHWAY_WP539)
p53_pathway,AXIN1,MSigDB (original: WP_WNT_SIGNALING_PATHWAY_WP539)
p53_pathway,RUVBL1,MSigDB (original: WP_WNT_SIGNALING_PATHWAY_WP539)
p53_pathway,PAX2,MSigDB (original: WP_WNT_SIGNALING_PATHWAY_WP539)
p53_pathway,PIN1,MSigDB (original: WP_WNT_SIGNALING_PATHWAY_WP539)
p53_pathway,WNT3,MSigDB (original: WP_WNT_SIGNALING_PATHWAY_WP539)
p53_pathway,WNT3A,MSigDB (original: WP_WNT_SIGNALING_PATHWAY_WP539)
p53_pathway,SENP2,MSigDB (original: WP_WNT_SIGNALING_PATHWAY_WP539)
p53_pathway,WNT4,MSigDB (original: WP_WNT_SIGNALING_PATHWAY_WP539)
p53_pathway,DKK1,MSigDB (original: WP_WNT_SIGNALING_PATHWAY_WP539)
p53_pathway,WNT5A,MSigDB (original: WP_WNT_SIGNALING_PATHWAY_WP539)
p53_pathway,MYB,MSigDB (original: WP_WNT_SIGNALING_PATHWAY_WP539)
p53_pathway,FRAT2,MSigDB (original: WP_WNT_SIGNALING_PATHWAY_WP539)
p53_pathway,DLG4,MSigDB (original: WP_WNT_SIGNALING_PATHWAY_WP539)
p53_pathway,DLG1,MSigDB (original: WP_WNT_SIGNALING_PATHWAY_WP539)
p53_pathway,WNT2,MSigDB (original: WP_WNT_SIGNALING_PATHWAY_WP539)
p53_pathway,MAGI3,MSigDB (original: WP_WNT_SIGNALING_PATHWAY_WP539)
p53_pathway,DAAM1,MSigDB (original: WP_WNT_SIGNALING_PATHWAY_WP539)
p53_pathway,BCL9,MSigDB (original: WP_WNT_SIGNALING_PATHWAY_WP539)
p53_pathway,DVL2,MSigDB (original: WP_WNT_SIGNALING_PATHWAY_WP539)
p53_pathway,ANKRD6,MSigDB (original: WP_WNT_SIGNALING_PATHWAY_WP539)
p53_pathway,DVL3,MSigDB (original: WP_WNT_SIGNALING_PATHWAY_WP539)
p53_pathway,ARRB2,MSigDB (original: WP_WNT_SIGNALING_PATHWAY_WP539)
p53_pathway,DVL1,MSigDB (original: WP_WNT_SIGNALING_PATHWAY_WP539)
p53_pathway,CTNNBIP1,MSigDB (original: WP_WNT_SIGNALING_PATHWAY_WP539)
p53_pathway,GSK3B,MSigDB (original: WP_WNT_SIGNALING_PATHWAY_WP539)
p53_pathway,CSNK1D,MSigDB (original: WP_WNT_SIGNALING_PATHWAY_WP539)
p53_pathway,MAPK8IP1,MSigDB (original: WP_WNT_SIGNALING_PATHWAY_WP539)
p53_pathway,RAF1,MSigDB (original: WP_WNT_SIGNALING_PATHWAY_WP539)
p53_pathway,FZD1,MSigDB (original: WP_WNT_SIGNALING_PATHWAY_WP539)
p53_pathway,WNT7A,MSigDB (original: WP_WNT_SIGNALING_PATHWAY_WP539)
p53_pathway,FZD6,MSigDB (original: WP_WNT_SIGNALING_PATHWAY_WP539)
p53_pathway,FZD7,MSigDB (original: WP_WNT_SIGNALING_PATHWAY_WP539)
p53_pathway,FZD4,MSigDB (original: WP_WNT_SIGNALING_PATHWAY_WP539)
p53_pathway,FZD5,MSigDB (original: WP_WNT_SIGNALING_PATHWAY_WP539)
p53_pathway,AKT1,MSigDB (original: WP_WNT_SIGNALING_PATHWAY_WP539)
p53_pathway,MAP1B,MSigDB (original: WP_WNT_SIGNALING_PATHWAY_WP539)
MAPK_signaling,NF1,MSigDB (original: WP_MAPK_SIGNALING_PATHWAY)
MAPK_signaling,NLK,MSigDB (original: WP_MAPK_SIGNALING_PATHWAY)
MAPK_signaling,JUN,MSigDB (original: WP_MAPK_SIGNALING_PATHWAY)
MAPK_signaling,MAPKAPK2,MSigDB (original: WP_MAPK_SIGNALING_PATHWAY)
MAPK_signaling,MAPKAPK5,MSigDB (original: WP_MAPK_SIGNALING_PATHWAY)
MAPK_signaling,FGF4,MSigDB (original: WP_MAPK_SIGNALING_PATHWAY)
MAPK_signaling,RASA1,MSigDB (original: WP_MAPK_SIGNALING_PATHWAY)
MAPK_signaling,PPP5C,MSigDB (original: WP_MAPK_SIGNALING_PATHWAY)
MAPK_signaling,MAP2K1,MSigDB (original: WP_MAPK_SIGNALING_PATHWAY)
MAPK_signaling,EGFR,MSigDB (original: WP_MAPK_SIGNALING_PATHWAY)
MAPK_signaling,MAP2K2,MSigDB (original: WP_MAPK_SIGNALING_PATHWAY)
MAPK_signaling,MAP2K6,MSigDB (original: WP_MAPK_SIGNALING_PATHWAY)
MAPK_signaling,MAP2K4,MSigDB (original: WP_MAPK_SIGNALING_PATHWAY)
MAPK_signaling,JUND,MSigDB (original: WP_MAPK_SIGNALING_PATHWAY)
MAPK_signaling,EGF,MSigDB (original: WP_MAPK_SIGNALING_PATHWAY)
MAPK_signaling,PLA2G5,MSigDB (original: WP_MAPK_SIGNALING_PATHWAY)
MAPK_signaling,ARRB1,MSigDB (original: WP_MAPK_SIGNALING_PATHWAY)
MAPK_signaling,RPS6KA3,MSigDB (original: WP_MAPK_SIGNALING_PATHWAY)
MAPK_signaling,RAC1,MSigDB (original: WP_MAPK_SIGNALING_PATHWAY)
MAPK_signaling,MOS,MSigDB (original: WP_MAPK_SIGNALING_PATHWAY)
MAPK_signaling,RAC2,MSigDB (original: WP_MAPK_SIGNALING_PATHWAY)
MAPK_signaling,PLA2G10,MSigDB (original: WP_MAPK_SIGNALING_PATHWAY)
MAPK_signaling,ATF2,MSigDB (original: WP_MAPK_SIGNALING_PATHWAY)
MAPK_signaling,ATF4,MSigDB (original: WP_MAPK_SIGNALING_PATHWAY)
MAPK_signaling,STMN1,MSigDB (original: WP_MAPK_SIGNALING_PATHWAY)
MAPK_signaling,FAS,MSigDB (original: WP_MAPK_SIGNALING_PATHWAY)
MAPK_signaling,FASL,MSigDB (original: WP_MAPK_SIGNALING_PATHWAY)
MAPK_signaling,RAP1B,MSigDB (original: WP_MAPK_SIGNALING_PATHWAY)
MAPK_signaling,ACVR1B,MSigDB (original: WP_MAPK_SIGNALING_PATHWAY)
MAPK_signaling,PRKCB,MSigDB (original: WP_MAPK_SIGNALING_PATHWAY)
MAPK_signaling,IL1B,MSigDB (original: WP_MAPK_SIGNALING_PATHWAY)
MAPK_signaling,PRKCG,MSigDB (original: WP_MAPK_SIGNALING_PATHWAY)
MAPK_signaling,CASP8,MSigDB (original: WP_MAPK_SIGNALING_PATHWAY)
MAPK_signaling,IL1A,MSigDB (original: WP_MAPK_SIGNALING_PATHWAY)
MAPK_signaling,MAPK8,MSigDB (original: WP_MAPK_SIGNALING_PATHWAY)
MAPK_signaling,TAB2,MSigDB (original: WP_MAPK_SIGNALING_PATHWAY)
MAPK_signaling,PRKCD,MSigDB (original: WP_MAPK_SIGNALING_PATHWAY)
MAPK_signaling,HSPA8,MSigDB (original: WP_MAPK_SIGNALING_PATHWAY)
MAPK_signaling,PAK1,MSigDB (original: WP_MAPK_SIGNALING_PATHWAY)
MAPK_signaling,TAB1,MSigDB (original: WP_MAPK_SIGNALING_PATHWAY)
MAPK_signaling,GNA12,MSigDB (original: WP_MAPK_SIGNALING_PATHWAY)
MAPK_signaling,CASP9,MSigDB (original: WP_MAPK_SIGNALING_PATHWAY)
MAPK_signaling,IL1R2,MSigDB (original: WP_MAPK_SIGNALING_PATHWAY)
MAPK_signaling,IL1R1,MSigDB (original: WP_MAPK_SIGNALING_PATHWAY)
MAPK_signaling,PDGFRB,MSigDB (original: WP_MAPK_SIGNALING_PATHWAY)
MAPK_signaling,TNF,MSigDB (original: WP_MAPK_SIGNALING_PATHWAY)
MAPK_signaling,MAP4K1,MSigDB (original: WP_MAPK_SIGNALING_PATHWAY)
MAPK_signaling,STK3,MSigDB (original: WP_MAPK_SIGNALING_PATHWAY)
MAPK_signaling,MAPK10,MSigDB (original: WP_MAPK_SIGNALING_PATHWAY)
MAPK_signaling,MAP4K3,MSigDB (original: WP_MAPK_SIGNALING_PATHWAY)
MAPK_signaling,PPM1B,MSigDB (original: WP_MAPK_SIGNALING_PATHWAY)
MAPK_signaling,DUSP6,MSigDB (original: WP_MAPK_SIGNALING_PATHWAY)
MAPK_signaling,MEF2C,MSigDB (original: WP_MAPK_SIGNALING_PATHWAY)
MAPK_signaling,PDGFB,MSigDB (original: WP_MAPK_SIGNALING_PATHWAY)
MAPK_signaling,PPM1A,MSigDB (original: WP_MAPK_SIGNALING_PATHWAY)
MAPK_signaling,MAPK1,MSigDB (original: WP_MAPK_SIGNALING_PATHWAY)
MAPK_signaling,TGFB1,MSigDB (original: WP_MAPK_SIGNALING_PATHWAY)
MAPK_signaling,TRP53,MSigDB (original: WP_MAPK_SIGNALING_PATHWAY)
MAPK_signaling,MAPK14,MSigDB (original: WP_MAPK_SIGNALING_PATHWAY)
MAPK_signaling,MAPK13,MSigDB (original: WP_MAPK_SIGNALING_PATHWAY)
MAPK_signaling,MAPK3,MSigDB (original: WP_MAPK_SIGNALING_PATHWAY)
MAPK_signaling,MAP3K8,MSigDB (original: WP_MAPK_SIGNALING_PATHWAY)
MAPK_signaling,CDC25B,MSigDB (original: WP_MAPK_SIGNALING_PATHWAY)
MAPK_signaling,RASGRP4,MSigDB (original: WP_MAPK_SIGNALING_PATHWAY)
MAPK_signaling,PRKCH,MSigDB (original: WP_MAPK_SIGNALING_PATHWAY)
MAPK_signaling,FLNA,MSigDB (original: WP_MAPK_SIGNALING_PATHWAY)
MAPK_signaling,PRKCZ,MSigDB (original: WP_MAPK_SIGNALING_PATHWAY)
MAPK_signaling,PPP3R2,MSigDB (original: WP_MAPK_SIGNALING_PATHWAY)
MAPK_signaling,FOS,MSigDB (original: WP_MAPK_SIGNALING_PATHWAY)
MAPK_signaling,MAP3K6,MSigDB (original: WP_MAPK_SIGNALING_PATHWAY)
MAPK_signaling,NR4A1,MSigDB (original: WP_MAPK_SIGNALING_PATHWAY)
MAPK_signaling,DDIT3,MSigDB (original: WP_MAPK_SIGNALING_PATHWAY)
MAPK_signaling,PPP3CB,MSigDB (original: WP_MAPK_SIGNALING_PATHWAY)
MAPK_signaling,DUSP7,MSigDB (original: WP_MAPK_SIGNALING_PATHWAY)
MAPK_signaling,PPP3CA,MSigDB (original: WP_MAPK_SIGNALING_PATHWAY)
MAPK_signaling,PPP3R1,MSigDB (original: WP_MAPK_SIGNALING_PATHWAY)
MAPK_signaling,GADD45A,MSigDB (original: WP_MAPK_SIGNALING_PATHWAY)
MAPK_signaling,PPP3CC,MSigDB (original: WP_MAPK_SIGNALING_PATHWAY)
MAPK_signaling,ECSIT,MSigDB (original: WP_MAPK_SIGNALING_PATHWAY)
MAPK_signaling,TGFBR2,MSigDB (original: WP_MAPK_SIGNALING_PATHWAY)
MAPK_signaling,DUSP4,MSigDB (original: WP_MAPK_SIGNALING_PATHWAY)
MAPK_signaling,AKT3,MSigDB (original: WP_MAPK_SIGNALING_PATHWAY)
MAPK_signaling,TGFBR1,MSigDB (original: WP_MAPK_SIGNALING_PATHWAY)
MAPK_signaling,RASA2,MSigDB (original: WP_MAPK_SIGNALING_PATHWAY)
MAPK_signaling,TGFB3,MSigDB (original: WP_MAPK_SIGNALING_PATHWAY)
MAPK_signaling,TGFB2,MSigDB (original: WP_MAPK_SIGNALING_PATHWAY)
MAPK_signaling,MAPK9,MSigDB (original: WP_MAPK_SIGNALING_PATHWAY)
MAPK_signaling,CDC42,MSigDB (original: WP_MAPK_SIGNALING_PATHWAY)
MAPK_signaling,MAP3K14,MSigDB (original: WP_MAPK_SIGNALING_PATHWAY)
MAPK_signaling,TAOK2,MSigDB (original: WP_MAPK_SIGNALING_PATHWAY)
MAPK_signaling,MAPT,MSigDB (original: WP_MAPK_SIGNALING_PATHWAY)
MAPK_signaling,IKBKG,MSigDB (original: WP_MAPK_SIGNALING_PATHWAY)
MAPK_signaling,NRAS,MSigDB (original: WP_MAPK_SIGNALING_PATHWAY)
MAPK_signaling,DAXX,MSigDB (original: WP_MAPK_SIGNALING_PATHWAY)
MAPK_signaling,NTRK1,MSigDB (original: WP_MAPK_SIGNALING_PATHWAY)
MAPK_signaling,MAP3K20,MSigDB (original: WP_MAPK_SIGNALING_PATHWAY)
MAPK_signaling,TRAF6,MSigDB (original: WP_MAPK_SIGNALING_PATHWAY)
MAPK_signaling,IKBKB,MSigDB (original: WP_MAPK_SIGNALING_PATHWAY)
MAPK_signaling,MAPK4,MSigDB (original: WP_MAPK_SIGNALING_PATHWAY)
MAPK_signaling,HSPB1,MSigDB (original: WP_MAPK_SIGNALING_PATHWAY)
MAPK_signaling,TRAF2,MSigDB (original: WP_MAPK_SIGNALING_PATHWAY)
MAPK_signaling,SRF,MSigDB (original: WP_MAPK_SIGNALING_PATHWAY)
MAPK_signaling,RAP1A,MSigDB (original: WP_MAPK_SIGNALING_PATHWAY)
MAPK_signaling,NTF5,MSigDB (original: WP_MAPK_SIGNALING_PATHWAY)
MAPK_signaling,CD14,MSigDB (original: WP_MAPK_SIGNALING_PATHWAY)
MAPK_signaling,ACVR1C,MSigDB (original: WP_MAPK_SIGNALING_PATHWAY)
MAPK_signaling,TAOK1,MSigDB (original: WP_MAPK_SIGNALING_PATHWAY)
MAPK_signaling,MAP3K7,MSigDB (original: WP_MAPK_SIGNALING_PATHWAY)
MAPK_signaling,PTPRR,MSigDB (original: WP_MAPK_SIGNALING_PATHWAY)
MAPK_signaling,MAP3K5,MSigDB (original: WP_MAPK_SIGNALING_PATHWAY)
MAPK_signaling,MRAS,MSigDB (original: WP_MAPK_SIGNALING_PATHWAY)
MAPK_signaling,SOS2,MSigDB (original: WP_MAPK_SIGNALING_PATHWAY)
MAPK_signaling,CASP1,MSigDB (original: WP_MAPK_SIGNALING_PATHWAY)
MAPK_signaling,MAP2K5,MSigDB (original: WP_MAPK_SIGNALING_PATHWAY)
MAPK_signaling,MAPK7,MSigDB (original: WP_MAPK_SIGNALING_PATHWAY)
MAPK_signaling,MAP3K1,MSigDB (original: WP_MAPK_SIGNALING_PATHWAY)
MAPK_signaling,PAK2,MSigDB (original: WP_MAPK_SIGNALING_PATHWAY)
MAPK_signaling,MAP2K7,MSigDB (original: WP_MAPK_SIGNALING_PATHWAY)
MAPK_signaling,MAP3K11,MSigDB (original: WP_MAPK_SIGNALING_PATHWAY)
MAPK_signaling,BRAF,MSigDB (original: WP_MAPK_SIGNALING_PATHWAY)
MAPK_signaling,DUSP10,MSigDB (original: WP_MAPK_SIGNALING_PATHWAY)
MAPK_signaling,MAP3K12,MSigDB (original: WP_MAPK_SIGNALING_PATHWAY)
MAPK_signaling,MAP4K4,MSigDB (original: WP_MAPK_SIGNALING_PATHWAY)
MAPK_signaling,MAP3K4,MSigDB (original: WP_MAPK_SIGNALING_PATHWAY)
MAPK_signaling,HSPA5,MSigDB (original: WP_MAPK_SIGNALING_PATHWAY)
MAPK_signaling,CRK,MSigDB (original: WP_MAPK_SIGNALING_PATHWAY)
MAPK_signaling,CRKL,MSigDB (original: WP_MAPK_SIGNALING_PATHWAY)
MAPK_signaling,CASP2,MSigDB (original: WP_MAPK_SIGNALING_PATHWAY)
MAPK_signaling,CASP3,MSigDB (original: WP_MAPK_SIGNALING_PATHWAY)
MAPK_signaling,GRB2,MSigDB (original: WP_MAPK_SIGNALING_PATHWAY)
MAPK_signaling,CASP6,MSigDB (original: WP_MAPK_SIGNALING_PATHWAY)
MAPK_signaling,HSPB2,MSigDB (original: WP_MAPK_SIGNALING_PATHWAY)
MAPK_signaling,CASP7,MSigDB (original: WP_MAPK_SIGNALING_PATHWAY)
MAPK_signaling,PRKACA,MSigDB (original: WP_MAPK_SIGNALING_PATHWAY)
MAPK_signaling,KRAS,MSigDB (original: WP_MAPK_SIGNALING_PATHWAY)
MAPK_signaling,NFKB1,MSigDB (original: WP_MAPK_SIGNALING_PATHWAY)
MAPK_signaling,MAX,MSigDB (original: WP_MAPK_SIGNALING_PATHWAY)
MAPK_signaling,TMEM37,MSigDB (original: WP_MAPK_SIGNALING_PATHWAY)
MAPK_signaling,HSPA1A,MSigDB (original: WP_MAPK_SIGNALING_PATHWAY)
MAPK_signaling,MAPK6,MSigDB (original: WP_MAPK_SIGNALING_PATHWAY)
MAPK_signaling,PTPN7,MSigDB (original: WP_MAPK_SIGNALING_PATHWAY)
MAPK_signaling,MYC,MSigDB (original: WP_MAPK_SIGNALING_PATHWAY)
MAPK_signaling,ARRB2,MSigDB (original: WP_MAPK_SIGNALING_PATHWAY)
MAPK_signaling,MINK1,MSigDB (original: WP_MAPK_SIGNALING_PATHWAY)
MAPK_signaling,GCK,MSigDB (original: WP_MAPK_SIGNALING_PATHWAY)
MAPK_signaling,NGF,MSigDB (original: WP_MAPK_SIGNALING_PATHWAY)
MAPK_signaling,PTPN5,MSigDB (original: WP_MAPK_SIGNALING_PATHWAY)
MAPK_signaling,BDNF,MSigDB (original: WP_MAPK_SIGNALING_PATHWAY)
MAPK_signaling,RAF1,MSigDB (original: WP_MAPK_SIGNALING_PATHWAY)
MAPK_signaling,DUSP5,MSigDB (original: WP_MAPK_SIGNALING_PATHWAY)
MAPK_signaling,MAP3K13,MSigDB (original: WP_MAPK_SIGNALING_PATHWAY)
MAPK_signaling,MAPK12,MSigDB (original: WP_MAPK_SIGNALING_PATHWAY)
MAPK_signaling,DUSP1,MSigDB (original: WP_MAPK_SIGNALING_PATHWAY)
MAPK_signaling,RASGRP1,MSigDB (original: WP_MAPK_SIGNALING_PATHWAY)
MAPK_signaling,AKT2,MSigDB (original: WP_MAPK_SIGNALING_PATHWAY)
MAPK_signaling,AKT1,MSigDB (original: WP_MAPK_SIGNALING_PATHWAY)
MAPK_signaling,MAPK8IP3,MSigDB (original: WP_MAPK_SIGNALING_PATHWAY)
MAPK_signaling,ELK1,MSigDB (original: WP_MAPK_SIGNALING_PATHWAY)
MAPK_signaling,RASGRF2,MSigDB (original: WP_MAPK_SIGNALING_PATHWAY)
MAPK_signaling,CCL21B,MSigDB (original: GOBP_MAPK_CASCADE)
MAPK_signaling,PRDM11,MSigDB (original: GOBP_MAPK_CASCADE)
MAPK_signaling,MIR504,MSigDB (original: GOBP_MAPK_CASCADE)
MAPK_signaling,ALKAL2,MSigDB (original: GOBP_MAPK_CASCADE)
MAPK_signaling,RELL1,MSigDB (original: GOBP_MAPK_CASCADE)
MAPK_signaling,CCL21D,MSigDB (original: GOBP_MAPK_CASCADE)
MAPK_signaling,EMILIN1,MSigDB (original: GOBP_MAPK_CASCADE)
MAPK_signaling,PRKD2,MSigDB (original: GOBP_MAPK_CASCADE)
MAPK_signaling,VRK3,MSigDB (original: GOBP_MAPK_CASCADE)
MAPK_signaling,NLRP6,MSigDB (original: GOBP_MAPK_CASCADE)
MAPK_signaling,SPRED3,MSigDB (original: GOBP_MAPK_CASCADE)
MAPK_signaling,NPFFR2,MSigDB (original: GOBP_MAPK_CASCADE)
MAPK_signaling,PIK3R6,MSigDB (original: GOBP_MAPK_CASCADE)
MAPK_signaling,DUSP22,MSigDB (original: GOBP_MAPK_CASCADE)
MAPK_signaling,STK38,MSigDB (original: GOBP_MAPK_CASCADE)
MAPK_signaling,FFAR4,MSigDB (original: GOBP_MAPK_CASCADE)
MAPK_signaling,NOD1,MSigDB (original: GOBP_MAPK_CASCADE)
MAPK_signaling,RAPGEF1,MSigDB (original: GOBP_MAPK_CASCADE)
MAPK_signaling,BMYC,MSigDB (original: GOBP_MAPK_CASCADE)
MAPK_signaling,CAMK2D,MSigDB (original: GOBP_MAPK_CASCADE)
MAPK_signaling,GRM5,MSigDB (original: GOBP_MAPK_CASCADE)
MAPK_signaling,AIDA,MSigDB (original: GOBP_MAPK_CASCADE)
MAPK_signaling,TBC1D10C,MSigDB (original: GOBP_MAPK_CASCADE)
MAPK_signaling,CAVIN3,MSigDB (original: GOBP_MAPK_CASCADE)
MAPK_signaling,LMO3,MSigDB (original: GOBP_MAPK_CASCADE)
MAPK_signaling,NPY,MSigDB (original: GOBP_MAPK_CASCADE)
MAPK_signaling,ARRB1,MSigDB (original: GOBP_MAPK_CASCADE)
MAPK_signaling,ITGA1,MSigDB (original: GOBP_MAPK_CASCADE)
MAPK_signaling,BRAF,MSigDB (original: GOBP_MAPK_CASCADE)
MAPK_signaling,RAP1A,MSigDB (original: GOBP_MAPK_CASCADE)
MAPK_signaling,FGB,MSigDB (original: GOBP_MAPK_CASCADE)
MAPK_signaling,RAF1,MSigDB (original: GOBP_MAPK_CASCADE)
MAPK_signaling,ABL1,MSigDB (original: GOBP_MAPK_CASCADE)
MAPK_signaling,ABL2,MSigDB (original: GOBP_MAPK_CASCADE)
MAPK_signaling,KISS1R,MSigDB (original: GOBP_MAPK_CASCADE)
MAPK_signaling,NPNT,MSigDB (original: GOBP_MAPK_CASCADE)
MAPK_signaling,DOK4,MSigDB (original: GOBP_MAPK_CASCADE)
MAPK_signaling,CHRNA7,MSigDB (original: GOBP_MAPK_CASCADE)
MAPK_signaling,ADIPOQ,MSigDB (original: GOBP_MAPK_CASCADE)
MAPK_signaling,PRDM15,MSigDB (original: GOBP_MAPK_CASCADE)
MAPK_signaling,SPRED1,MSigDB (original: GOBP_MAPK_CASCADE)
MAPK_signaling,SPRED2,MSigDB (original: GOBP_MAPK_CASCADE)
MAPK_signaling,ACTA2,MSigDB (original: GOBP_MAPK_CASCADE)
MAPK_signaling,ADAM17,MSigDB (original: GOBP_MAPK_CASCADE)
MAPK_signaling,ADAM8,MSigDB (original: GOBP_MAPK_CASCADE)
MAPK_signaling,ADAM9,MSigDB (original: GOBP_MAPK_CASCADE)
MAPK_signaling,ADCYAP1,MSigDB (original: GOBP_MAPK_CASCADE)
MAPK_signaling,ADORA1,MSigDB (original: GOBP_MAPK_CASCADE)
MAPK_signaling,ADRA1B,MSigDB (original: GOBP_MAPK_CASCADE)
MAPK_signaling,ADRA1A,MSigDB (original: GOBP_MAPK_CASCADE)
MAPK_signaling,ADRA2A,MSigDB (original: GOBP_MAPK_CASCADE)
MAPK_signaling,ADRA2B,MSigDB (original: GOBP_MAPK_CASCADE)
MAPK_signaling,ADRA2C,MSigDB (original: GOBP_MAPK_CASCADE)
MAPK_signaling,ADRB2,MSigDB (original: GOBP_MAPK_CASCADE)
MAPK_signaling,ADRB3,MSigDB (original: GOBP_MAPK_CASCADE)
MAPK_signaling,AGER,MSigDB (original: GOBP_MAPK_CASCADE)
MAPK_signaling,ANGPT1,MSigDB (original: GOBP_MAPK_CASCADE)
MAPK_signaling,AGT,MSigDB (original: GOBP_MAPK_CASCADE)
MAPK_signaling,AKT1,MSigDB (original: GOBP_MAPK_CASCADE)
MAPK_signaling,ALK,MSigDB (original: GOBP_MAPK_CASCADE)
MAPK_signaling,ALOX12B,MSigDB (original: GOBP_MAPK_CASCADE)
MAPK_signaling,ALOX15,MSigDB (original: GOBP_MAPK_CASCADE)
MAPK_signaling,NECAB2,MSigDB (original: GOBP_MAPK_CASCADE)
MAPK_signaling,TIRAP,MSigDB (original: GOBP_MAPK_CASCADE)
MAPK_signaling,APC,MSigDB (original: GOBP_MAPK_CASCADE)
MAPK_signaling,APOE,MSigDB (original: GOBP_MAPK_CASCADE)
MAPK_signaling,APP,MSigDB (original: GOBP_MAPK_CASCADE)
MAPK_signaling,AR,MSigDB (original: GOBP_MAPK_CASCADE)
MAPK_signaling,ATF2,MSigDB (original: GOBP_MAPK_CASCADE)
MAPK_signaling,ATF3,MSigDB (original: GOBP_MAPK_CASCADE)
MAPK_signaling,ATP6V0C,MSigDB (original: GOBP_MAPK_CASCADE)
MAPK_signaling,AVP,MSigDB (original: GOBP_MAPK_CASCADE)
MAPK_signaling,AXIN1,MSigDB (original: GOBP_MAPK_CASCADE)
MAPK_signaling,PHB2,MSigDB (original: GOBP_MAPK_CASCADE)
MAPK_signaling,BCL10,MSigDB (original: GOBP_MAPK_CASCADE)
MAPK_signaling,CSPG4,MSigDB (original: GOBP_MAPK_CASCADE)
MAPK_signaling,BMP2,MSigDB (original: GOBP_MAPK_CASCADE)
MAPK_signaling,BMP4,MSigDB (original: GOBP_MAPK_CASCADE)
MAPK_signaling,BMP7,MSigDB (original: GOBP_MAPK_CASCADE)
MAPK_signaling,BMP8B,MSigDB (original: GOBP_MAPK_CASCADE)
MAPK_signaling,BNIP2,MSigDB (original: GOBP_MAPK_CASCADE)
MAPK_signaling,ZFP36L1,MSigDB (original: GOBP_MAPK_CASCADE)
MAPK_signaling,ZFP36L2,MSigDB (original: GOBP_MAPK_CASCADE)
MAPK_signaling,C3,MSigDB (original: GOBP_MAPK_CASCADE)
MAPK_signaling,C5AR1,MSigDB (original: GOBP_MAPK_CASCADE)
MAPK_signaling,DDR1,MSigDB (original: GOBP_MAPK_CASCADE)
MAPK_signaling,CALCR,MSigDB (original: GOBP_MAPK_CASCADE)
MAPK_signaling,CASR,MSigDB (original: GOBP_MAPK_CASCADE)
MAPK_signaling,CTNNB1,MSigDB (original: GOBP_MAPK_CASCADE)
MAPK_signaling,CAV1,MSigDB (original: GOBP_MAPK_CASCADE)
MAPK_signaling,CAV2,MSigDB (original: GOBP_MAPK_CASCADE)
MAPK_signaling,CAV3,MSigDB (original: GOBP_MAPK_CASCADE)
MAPK_signaling,RB1CC1,MSigDB (original: GOBP_MAPK_CASCADE)
MAPK_signaling,CCKBR,MSigDB (original: GOBP_MAPK_CASCADE)
MAPK_signaling,CD24A,MSigDB (original: GOBP_MAPK_CASCADE)
MAPK_signaling,CD36,MSigDB (original: GOBP_MAPK_CASCADE)
MAPK_signaling,CD4,MSigDB (original: GOBP_MAPK_CASCADE)
MAPK_signaling,CD44,MSigDB (original: GOBP_MAPK_CASCADE)
MAPK_signaling,CD81,MSigDB (original: GOBP_MAPK_CASCADE)
MAPK_signaling,CD84,MSigDB (original: GOBP_MAPK_CASCADE)
MAPK_signaling,CDC42,MSigDB (original: GOBP_MAPK_CASCADE)
MAPK_signaling,CDH2,MSigDB (original: GOBP_MAPK_CASCADE)
MAPK_signaling,CFLAR,MSigDB (original: GOBP_MAPK_CASCADE)
MAPK_signaling,CHIL1,MSigDB (original: GOBP_MAPK_CASCADE)
MAPK_signaling,CXCR4,MSigDB (original: GOBP_MAPK_CASCADE)
MAPK_signaling,CCR1,MSigDB (original: GOBP_MAPK_CASCADE)
MAPK_signaling,CCR1L1,MSigDB (original: GOBP_MAPK_CASCADE)
MAPK_signaling,CCR3,MSigDB (original: GOBP_MAPK_CASCADE)
MAPK_signaling,CCR2,MSigDB (original: GOBP_MAPK_CASCADE)
MAPK_signaling,CCR7,MSigDB (original: GOBP_MAPK_CASCADE)
MAPK_signaling,ACKR3,MSigDB (original: GOBP_MAPK_CASCADE)
MAPK_signaling,CNTF,MSigDB (original: GOBP_MAPK_CASCADE)
MAPK_signaling,CRHR2,MSigDB (original: GOBP_MAPK_CASCADE)
MAPK_signaling,CRK,MSigDB (original: GOBP_MAPK_CASCADE)
MAPK_signaling,CRKL,MSigDB (original: GOBP_MAPK_CASCADE)
MAPK_signaling,CRYAB,MSigDB (original: GOBP_MAPK_CASCADE)
MAPK_signaling,CRYBA1,MSigDB (original: GOBP_MAPK_CASCADE)
MAPK_signaling,CSF1R,MSigDB (original: GOBP_MAPK_CASCADE)
MAPK_signaling,CSK,MSigDB (original: GOBP_MAPK_CASCADE)
MAPK_signaling,CTSH,MSigDB (original: GOBP_MAPK_CASCADE)
MAPK_signaling,DAB2,MSigDB (original: GOBP_MAPK_CASCADE)
MAPK_signaling,DAG1,MSigDB (original: GOBP_MAPK_CASCADE)
MAPK_signaling,DAXX,MSigDB (original: GOBP_MAPK_CASCADE)
MAPK_signaling,DCC,MSigDB (original: GOBP_MAPK_CASCADE)
MAPK_signaling,GADD45A,MSigDB (original: GOBP_MAPK_CASCADE)
MAPK_signaling,DKK1,MSigDB (original: GOBP_MAPK_CASCADE)
MAPK_signaling,DLG1,MSigDB (original: GOBP_MAPK_CASCADE)
MAPK_signaling,DMD,MSigDB (original: GOBP_MAPK_CASCADE)
MAPK_signaling,DOK1,MSigDB (original: GOBP_MAPK_CASCADE)
MAPK_signaling,DOK2,MSigDB (original: GOBP_MAPK_CASCADE)
MAPK_signaling,DRD2,MSigDB (original: GOBP_MAPK_CASCADE)
MAPK_signaling,DRD4,MSigDB (original: GOBP_MAPK_CASCADE)
MAPK_signaling,DUSP2,MSigDB (original: GOBP_MAPK_CASCADE)
MAPK_signaling,DVL2,MSigDB (original: GOBP_MAPK_CASCADE)
MAPK_signaling,DVL3,MSigDB (original: GOBP_MAPK_CASCADE)
MAPK_signaling,EDAR,MSigDB (original: GOBP_MAPK_CASCADE)
MAPK_signaling,EDN1,MSigDB (original: GOBP_MAPK_CASCADE)
MAPK_signaling,EDN3,MSigDB (original: GOBP_MAPK_CASCADE)
MAPK_signaling,EDNRA,MSigDB (original: GOBP_MAPK_CASCADE)
MAPK_signaling,EFNA1,MSigDB (original: GOBP_MAPK_CASCADE)
MAPK_signaling,EGF,MSigDB (original: GOBP_MAPK_CASCADE)
MAPK_signaling,EGFR,MSigDB (original: GOBP_MAPK_CASCADE)
MAPK_signaling,EIF3A,MSigDB (original: GOBP_MAPK_CASCADE)
MAPK_signaling,EPHA2,MSigDB (original: GOBP_MAPK_CASCADE)
MAPK_signaling,EPHA4,MSigDB (original: GOBP_MAPK_CASCADE)
MAPK_signaling,EPHA7,MSigDB (original: GOBP_MAPK_CASCADE)
MAPK_signaling,EPHA8,MSigDB (original: GOBP_MAPK_CASCADE)
MAPK_signaling,EPHB2,MSigDB (original: GOBP_MAPK_CASCADE)
MAPK_signaling,EPO,MSigDB (original: GOBP_MAPK_CASCADE)
MAPK_signaling,EPOR,MSigDB (original: GOBP_MAPK_CASCADE)
MAPK_signaling,ERBB2,MSigDB (original: GOBP_MAPK_CASCADE)
MAPK_signaling,ERBB4,MSigDB (original: GOBP_MAPK_CASCADE)
MAPK_signaling,ESR1,MSigDB (original: GOBP_MAPK_CASCADE)
MAPK_signaling,ESR2,MSigDB (original: GOBP_MAPK_CASCADE)
MAPK_signaling,MECOM,MSigDB (original: GOBP_MAPK_CASCADE)
MAPK_signaling,EZH2,MSigDB (original: GOBP_MAPK_CASCADE)
MAPK_signaling,ANKRD6,MSigDB (original: GOBP_MAPK_CASCADE)
MAPK_signaling,F2R,MSigDB (original: GOBP_MAPK_CASCADE)
MAPK_signaling,F2RL1,MSigDB (original: GOBP_MAPK_CASCADE)
MAPK_signaling,PTK2,MSigDB (original: GOBP_MAPK_CASCADE)
MAPK_signaling,FAS,MSigDB (original: GOBP_MAPK_CASCADE)
MAPK_signaling,FBLN1,MSigDB (original: GOBP_MAPK_CASCADE)
MAPK_signaling,FCER1A,MSigDB (original: GOBP_MAPK_CASCADE)
MAPK_signaling,FCGR2B,MSigDB (original: GOBP_MAPK_CASCADE)
MAPK_signaling,FEM1A,MSigDB (original: GOBP_MAPK_CASCADE)
MAPK_signaling,FGA,MSigDB (original: GOBP_MAPK_CASCADE)
MAPK_signaling,FGF1,MSigDB (original: GOBP_MAPK_CASCADE)
MAPK_signaling,FGF10,MSigDB (original: GOBP_MAPK_CASCADE)
MAPK_signaling,FGF12,MSigDB (original: GOBP_MAPK_CASCADE)
MAPK_signaling,FGF13,MSigDB (original: GOBP_MAPK_CASCADE)
MAPK_signaling,FGF14,MSigDB (original: GOBP_MAPK_CASCADE)
MAPK_signaling,FGF15,MSigDB (original: GOBP_MAPK_CASCADE)
MAPK_signaling,FGF18,MSigDB (original: GOBP_MAPK_CASCADE)
MAPK_signaling,FGF2,MSigDB (original: GOBP_MAPK_CASCADE)
MAPK_signaling,FGF4,MSigDB (original: GOBP_MAPK_CASCADE)
MAPK_signaling,FGF8,MSigDB (original: GOBP_MAPK_CASCADE)
MAPK_signaling,FGF9,MSigDB (original: GOBP_MAPK_CASCADE)
MAPK_signaling,FGFR1,MSigDB (original: GOBP_MAPK_CASCADE)
MAPK_signaling,FGFR2,MSigDB (original: GOBP_MAPK_CASCADE)
MAPK_signaling,FGFR3,MSigDB (original: GOBP_MAPK_CASCADE)
MAPK_signaling,FGFR4,MSigDB (original: GOBP_MAPK_CASCADE)
MAPK_signaling,CCN2,MSigDB (original: GOBP_MAPK_CASCADE)
MAPK_signaling,FOXM1,MSigDB (original: GOBP_MAPK_CASCADE)
MAPK_signaling,FLT1,MSigDB (original: GOBP_MAPK_CASCADE)
MAPK_signaling,FLT4,MSigDB (original: GOBP_MAPK_CASCADE)
MAPK_signaling,FN1,MSigDB (original: GOBP_MAPK_CASCADE)
MAPK_signaling,TLR3,MSigDB (original: GOBP_MAPK_CASCADE)
MAPK_signaling,FSHR,MSigDB (original: GOBP_MAPK_CASCADE)
MAPK_signaling,FZD4,MSigDB (original: GOBP_MAPK_CASCADE)
MAPK_signaling,FZD5,MSigDB (original: GOBP_MAPK_CASCADE)
MAPK_signaling,FZD8,MSigDB (original: GOBP_MAPK_CASCADE)
MAPK_signaling,GAB1,MSigDB (original: GOBP_MAPK_CASCADE)
MAPK_signaling,GAS6,MSigDB (original: GOBP_MAPK_CASCADE)
MAPK_signaling,GATA4,MSigDB (original: GOBP_MAPK_CASCADE)
MAPK_signaling,GBA,MSigDB (original: GOBP_MAPK_CASCADE)
MAPK_signaling,GCG,MSigDB (original: GOBP_MAPK_CASCADE)
MAPK_signaling,GCNT2,MSigDB (original: GOBP_MAPK_CASCADE)
MAPK_signaling,GHR,MSigDB (original: GOBP_MAPK_CASCADE)
MAPK_signaling,GNAI2,MSigDB (original: GOBP_MAPK_CASCADE)
MAPK_signaling,LILRB4B,MSigDB (original: GOBP_MAPK_CASCADE)
MAPK_signaling,LILRB4A,MSigDB (original: GOBP_MAPK_CASCADE)
MAPK_signaling,LPAR1,MSigDB (original: GOBP_MAPK_CASCADE)
MAPK_signaling,GPR37,MSigDB (original: GOBP_MAPK_CASCADE)
MAPK_signaling,GRB10,MSigDB (original: GOBP_MAPK_CASCADE)
MAPK_signaling,GRB2,MSigDB (original: GOBP_MAPK_CASCADE)
MAPK_signaling,GRIK2,MSigDB (original: GOBP_MAPK_CASCADE)
MAPK_signaling,GRIN2B,MSigDB (original: GOBP_MAPK_CASCADE)
MAPK_signaling,GRM1,MSigDB (original: GOBP_MAPK_CASCADE)
MAPK_signaling,GSTP2,MSigDB (original: GOBP_MAPK_CASCADE)
MAPK_signaling,GSTP1,MSigDB (original: GOBP_MAPK_CASCADE)
MAPK_signaling,HAND2,MSigDB (original: GOBP_MAPK_CASCADE)
MAPK_signaling,PTPN6,MSigDB (original: GOBP_MAPK_CASCADE)
MAPK_signaling,HDAC3,MSigDB (original: GOBP_MAPK_CASCADE)
MAPK_signaling,HESX1,MSigDB (original: GOBP_MAPK_CASCADE)
MAPK_signaling,HGF,MSigDB (original: GOBP_MAPK_CASCADE)
MAPK_signaling,HIPK2,MSigDB (original: GOBP_MAPK_CASCADE)
MAPK_signaling,HIPK3,MSigDB (original: GOBP_MAPK_CASCADE)
MAPK_signaling,HMGB1,MSigDB (original: GOBP_MAPK_CASCADE)
MAPK_signaling,HMGCR,MSigDB (original: GOBP_MAPK_CASCADE)
MAPK_signaling,HRAS,MSigDB (original: GOBP_MAPK_CASCADE)
MAPK_signaling,PRMT1,MSigDB (original: GOBP_MAPK_CASCADE)
MAPK_signaling,HSF1,MSigDB (original: GOBP_MAPK_CASCADE)
MAPK_signaling,DNAJA1,MSigDB (original: GOBP_MAPK_CASCADE)
MAPK_signaling,NDST1,MSigDB (original: GOBP_MAPK_CASCADE)
MAPK_signaling,HTR2A,MSigDB (original: GOBP_MAPK_CASCADE)
MAPK_signaling,HTR2B,MSigDB (original: GOBP_MAPK_CASCADE)
MAPK_signaling,HTR2C,MSigDB (original: GOBP_MAPK_CASCADE)
MAPK_signaling,HYAL2,MSigDB (original: GOBP_MAPK_CASCADE)
MAPK_signaling,IAPP,MSigDB (original: GOBP_MAPK_CASCADE)
MAPK_signaling,ICAM1,MSigDB (original: GOBP_MAPK_CASCADE)
MAPK_signaling,ID1,MSigDB (original: GOBP_MAPK_CASCADE)
MAPK_signaling,IGF1,MSigDB (original: GOBP_MAPK_CASCADE)
MAPK_signaling,IGF1R,MSigDB (original: GOBP_MAPK_CASCADE)
MAPK_signaling,IGF2,MSigDB (original: GOBP_MAPK_CASCADE)
MAPK_signaling,CCN1,MSigDB (original: GOBP_MAPK_CASCADE)
MAPK_signaling,IGFBP3,MSigDB (original: GOBP_MAPK_CASCADE)
MAPK_signaling,IGFBP4,MSigDB (original: GOBP_MAPK_CASCADE)
MAPK_signaling,IGFBP6,MSigDB (original: GOBP_MAPK_CASCADE)
MAPK_signaling,IGHM,MSigDB (original: GOBP_MAPK_CASCADE)
MAPK_signaling,CD74,MSigDB (original: GOBP_MAPK_CASCADE)
MAPK_signaling,IL11,MSigDB (original: GOBP_MAPK_CASCADE)
MAPK_signaling,IL18,MSigDB (original: GOBP_MAPK_CASCADE)
MAPK_signaling,IL1A,MSigDB (original: GOBP_MAPK_CASCADE)
MAPK_signaling,IL1B,MSigDB (original: GOBP_MAPK_CASCADE)
MAPK_signaling,IRAK1,MSigDB (original: GOBP_MAPK_CASCADE)
MAPK_signaling,IL1RN,MSigDB (original: GOBP_MAPK_CASCADE)
MAPK_signaling,IL3,MSigDB (original: GOBP_MAPK_CASCADE)
MAPK_signaling,IL6,MSigDB (original: GOBP_MAPK_CASCADE)
MAPK_signaling,IL6RA,MSigDB (original: GOBP_MAPK_CASCADE)
MAPK_signaling,ILK,MSigDB (original: GOBP_MAPK_CASCADE)
MAPK_signaling,INHBA,MSigDB (original: GOBP_MAPK_CASCADE)
MAPK_signaling,INPPL1,MSigDB (original: GOBP_MAPK_CASCADE)
MAPK_signaling,INS1,MSigDB (original: GOBP_MAPK_CASCADE)
MAPK_signaling,INS2,MSigDB (original: GOBP_MAPK_CASCADE)
MAPK_signaling,INSR,MSigDB (original: GOBP_MAPK_CASCADE)
MAPK_signaling,ITCH,MSigDB (original: GOBP_MAPK_CASCADE)
MAPK_signaling,ITGAV,MSigDB (original: GOBP_MAPK_CASCADE)
MAPK_signaling,ITGB1BP1,MSigDB (original: GOBP_MAPK_CASCADE)
MAPK_signaling,ITGB3,MSigDB (original: GOBP_MAPK_CASCADE)
MAPK_signaling,JAK2,MSigDB (original: GOBP_MAPK_CASCADE)
MAPK_signaling,AJUBA,MSigDB (original: GOBP_MAPK_CASCADE)
MAPK_signaling,JUN,MSigDB (original: GOBP_MAPK_CASCADE)
MAPK_signaling,KDR,MSigDB (original: GOBP_MAPK_CASCADE)
MAPK_signaling,MDFIC,MSigDB (original: GOBP_MAPK_CASCADE)
MAPK_signaling,KIT,MSigDB (original: GOBP_MAPK_CASCADE)
MAPK_signaling,KL,MSigDB (original: GOBP_MAPK_CASCADE)
MAPK_signaling,KLF4,MSigDB (original: GOBP_MAPK_CASCADE)
MAPK_signaling,KRAS,MSigDB (original: GOBP_MAPK_CASCADE)
MAPK_signaling,KSR1,MSigDB (original: GOBP_MAPK_CASCADE)
MAPK_signaling,L1CAM,MSigDB (original: GOBP_MAPK_CASCADE)
MAPK_signaling,LAPTM5,MSigDB (original: GOBP_MAPK_CASCADE)
MAPK_signaling,LEP,MSigDB (original: GOBP_MAPK_CASCADE)
MAPK_signaling,LEPR,MSigDB (original: GOBP_MAPK_CASCADE)
MAPK_signaling,LIF,MSigDB (original: GOBP_MAPK_CASCADE)
MAPK_signaling,LMNB1,MSigDB (original: GOBP_MAPK_CASCADE)
MAPK_signaling,SH2B3,MSigDB (original: GOBP_MAPK_CASCADE)
MAPK_signaling,XCL1,MSigDB (original: GOBP_MAPK_CASCADE)
MAPK_signaling,LRP1,MSigDB (original: GOBP_MAPK_CASCADE)
MAPK_signaling,LTBR,MSigDB (original: GOBP_MAPK_CASCADE)
MAPK_signaling,TLR7,MSigDB (original: GOBP_MAPK_CASCADE)
MAPK_signaling,LYN,MSigDB (original: GOBP_MAPK_CASCADE)
MAPK_signaling,SMAD1,MSigDB (original: GOBP_MAPK_CASCADE)
MAPK_signaling,SMAD3,MSigDB (original: GOBP_MAPK_CASCADE)
MAPK_signaling,SMAD4,MSigDB (original: GOBP_MAPK_CASCADE)
MAPK_signaling,HAVCR2,MSigDB (original: GOBP_MAPK_CASCADE)
MAPK_signaling,GPR37L1,MSigDB (original: GOBP_MAPK_CASCADE)
MAPK_signaling,MAPKAPK2,MSigDB (original: GOBP_MAPK_CASCADE)
MAPK_signaling,MBP,MSigDB (original: GOBP_MAPK_CASCADE)
MAPK_signaling,MDFI,MSigDB (original: GOBP_MAPK_CASCADE)
MAPK_signaling,MEF2A,MSigDB (original: GOBP_MAPK_CASCADE)
MAPK_signaling,MEF2C,MSigDB (original: GOBP_MAPK_CASCADE)
MAPK_signaling,MEN1,MSigDB (original: GOBP_MAPK_CASCADE)
MAPK_signaling,MET,MSigDB (original: GOBP_MAPK_CASCADE)
MAPK_signaling,KITL,MSigDB (original: GOBP_MAPK_CASCADE)
MAPK_signaling,MID1,MSigDB (original: GOBP_MAPK_CASCADE)
MAPK_signaling,MIF,MSigDB (original: GOBP_MAPK_CASCADE)
MAPK_signaling,MMP8,MSigDB (original: GOBP_MAPK_CASCADE)
MAPK_signaling,GRAP2,MSigDB (original: GOBP_MAPK_CASCADE)
MAPK_signaling,MOS,MSigDB (original: GOBP_MAPK_CASCADE)
MAPK_signaling,MT3,MSigDB (original: GOBP_MAPK_CASCADE)
MAPK_signaling,MYC,MSigDB (original: GOBP_MAPK_CASCADE)
MAPK_signaling,GADD45B,MSigDB (original: GOBP_MAPK_CASCADE)
MAPK_signaling,MYD88,MSigDB (original: GOBP_MAPK_CASCADE)
MAPK_signaling,MYH9,MSigDB (original: GOBP_MAPK_CASCADE)
MAPK_signaling,MYOC,MSigDB (original: GOBP_MAPK_CASCADE)
MAPK_signaling,NAIP1,MSigDB (original: GOBP_MAPK_CASCADE)
MAPK_signaling,NAIP2,MSigDB (original: GOBP_MAPK_CASCADE)
MAPK_signaling,NAIP5,MSigDB (original: GOBP_MAPK_CASCADE)
MAPK_signaling,NAIP6,MSigDB (original: GOBP_MAPK_CASCADE)
MAPK_signaling,NBR1,MSigDB (original: GOBP_MAPK_CASCADE)
MAPK_signaling,NF1,MSigDB (original: GOBP_MAPK_CASCADE)
MAPK_signaling,NF2,MSigDB (original: GOBP_MAPK_CASCADE)
MAPK_signaling,NFKB1,MSigDB (original: GOBP_MAPK_CASCADE)
MAPK_signaling,NGF,MSigDB (original: GOBP_MAPK_CASCADE)
MAPK_signaling,NGFR,MSigDB (original: GOBP_MAPK_CASCADE)
MAPK_signaling,NQO2,MSigDB (original: GOBP_MAPK_CASCADE)
MAPK_signaling,NODAL,MSigDB (original: GOBP_MAPK_CASCADE)
MAPK_signaling,NOTCH1,MSigDB (original: GOBP_MAPK_CASCADE)
MAPK_signaling,NOTCH2,MSigDB (original: GOBP_MAPK_CASCADE)
MAPK_signaling,NPPB,MSigDB (original: GOBP_MAPK_CASCADE)
MAPK_signaling,NPY5R,MSigDB (original: GOBP_MAPK_CASCADE)
MAPK_signaling,SLC11A1,MSigDB (original: GOBP_MAPK_CASCADE)
MAPK_signaling,NRP1,MSigDB (original: GOBP_MAPK_CASCADE)
MAPK_signaling,NRXN1,MSigDB (original: GOBP_MAPK_CASCADE)
MAPK_signaling,MUSK,MSigDB (original: GOBP_MAPK_CASCADE)
MAPK_signaling,NTF3,MSigDB (original: GOBP_MAPK_CASCADE)
MAPK_signaling,NTRK1,MSigDB (original: GOBP_MAPK_CASCADE)
MAPK_signaling,NTRK2,MSigDB (original: GOBP_MAPK_CASCADE)
MAPK_signaling,NTRK3,MSigDB (original: GOBP_MAPK_CASCADE)
MAPK_signaling,DDR2,MSigDB (original: GOBP_MAPK_CASCADE)
MAPK_signaling,NTSR2,MSigDB (original: GOBP_MAPK_CASCADE)
MAPK_signaling,DUSP8,MSigDB (original: GOBP_MAPK_CASCADE)
MAPK_signaling,NUP62,MSigDB (original: GOBP_MAPK_CASCADE)
MAPK_signaling,OPRK1,MSigDB (original: GOBP_MAPK_CASCADE)
MAPK_signaling,OPRM1,MSigDB (original: GOBP_MAPK_CASCADE)
MAPK_signaling,OSM,MSigDB (original: GOBP_MAPK_CASCADE)
MAPK_signaling,OXTR,MSigDB (original: GOBP_MAPK_CASCADE)
MAPK_signaling,P2RX7,MSigDB (original: GOBP_MAPK_CASCADE)
MAPK_signaling,P2RY1,MSigDB (original: GOBP_MAPK_CASCADE)
MAPK_signaling,PAFAH1B1,MSigDB (original: GOBP_MAPK_CASCADE)
MAPK_signaling,PRDX1,MSigDB (original: GOBP_MAPK_CASCADE)
MAPK_signaling,PAK1,MSigDB (original: GOBP_MAPK_CASCADE)
MAPK_signaling,PAK3,MSigDB (original: GOBP_MAPK_CASCADE)
MAPK_signaling,PDE8A,MSigDB (original: GOBP_MAPK_CASCADE)
MAPK_signaling,PDE6G,MSigDB (original: GOBP_MAPK_CASCADE)
MAPK_signaling,PDGFA,MSigDB (original: GOBP_MAPK_CASCADE)
MAPK_signaling,PDGFB,MSigDB (original: GOBP_MAPK_CASCADE)
MAPK_signaling,PDGFRA,MSigDB (original: GOBP_MAPK_CASCADE)
MAPK_signaling,PDGFRB,MSigDB (original: GOBP_MAPK_CASCADE)
MAPK_signaling,PEA15A,MSigDB (original: GOBP_MAPK_CASCADE)
MAPK_signaling,PER1,MSigDB (original: GOBP_MAPK_CASCADE)
MAPK_signaling,PHB,MSigDB (original: GOBP_MAPK_CASCADE)
MAPK_signaling,PIK3R2,MSigDB (original: GOBP_MAPK_CASCADE)
MAPK_signaling,PRKCA,MSigDB (original: GOBP_MAPK_CASCADE)
MAPK_signaling,PRKCD,MSigDB (original: GOBP_MAPK_CASCADE)
MAPK_signaling,PRKCE,MSigDB (original: GOBP_MAPK_CASCADE)
MAPK_signaling,PRKCZ,MSigDB (original: GOBP_MAPK_CASCADE)
MAPK_signaling,PLA2G5,MSigDB (original: GOBP_MAPK_CASCADE)
MAPK_signaling,PLCB1,MSigDB (original: GOBP_MAPK_CASCADE)
MAPK_signaling,SERPINF2,MSigDB (original: GOBP_MAPK_CASCADE)
MAPK_signaling,CCL21A,MSigDB (original: GOBP_MAPK_CASCADE)
MAPK_signaling,POU4F2,MSigDB (original: GOBP_MAPK_CASCADE)
MAPK_signaling,PPARG,MSigDB (original: GOBP_MAPK_CASCADE)
MAPK_signaling,PPEF2,MSigDB (original: GOBP_MAPK_CASCADE)
MAPK_signaling,INPP5K,MSigDB (original: GOBP_MAPK_CASCADE)
MAPK_signaling,MAPK11,MSigDB (original: GOBP_MAPK_CASCADE)
MAPK_signaling,MAPK8IP1,MSigDB (original: GOBP_MAPK_CASCADE)
MAPK_signaling,EIF2AK2,MSigDB (original: GOBP_MAPK_CASCADE)
MAPK_signaling,PSAP,MSigDB (original: GOBP_MAPK_CASCADE)
MAPK_signaling,PSEN1,MSigDB (original: GOBP_MAPK_CASCADE)
MAPK_signaling,PTEN,MSigDB (original: GOBP_MAPK_CASCADE)
MAPK_signaling,PTGER4,MSigDB (original: GOBP_MAPK_CASCADE)
MAPK_signaling,ASH1L,MSigDB (original: GOBP_MAPK_CASCADE)
MAPK_signaling,PTK2B,MSigDB (original: GOBP_MAPK_CASCADE)
MAPK_signaling,NRBP1,MSigDB (original: GOBP_MAPK_CASCADE)
MAPK_signaling,PTPN1,MSigDB (original: GOBP_MAPK_CASCADE)
MAPK_signaling,PTPN11,MSigDB (original: GOBP_MAPK_CASCADE)
MAPK_signaling,DUSP1,MSigDB (original: GOBP_MAPK_CASCADE)
MAPK_signaling,PTPN2,MSigDB (original: GOBP_MAPK_CASCADE)
MAPK_signaling,PTPN5,MSigDB (original: GOBP_MAPK_CASCADE)
MAPK_signaling,PTPN22,MSigDB (original: GOBP_MAPK_CASCADE)
MAPK_signaling,SIRPA,MSigDB (original: GOBP_MAPK_CASCADE)
MAPK_signaling,PTPRC,MSigDB (original: GOBP_MAPK_CASCADE)
MAPK_signaling,RIPK2,MSigDB (original: GOBP_MAPK_CASCADE)
MAPK_signaling,PTPRJ,MSigDB (original: GOBP_MAPK_CASCADE)
MAPK_signaling,PTPRR,MSigDB (original: GOBP_MAPK_CASCADE)
MAPK_signaling,RAC1,MSigDB (original: GOBP_MAPK_CASCADE)
MAPK_signaling,RARA,MSigDB (original: GOBP_MAPK_CASCADE)
MAPK_signaling,RASGRP1,MSigDB (original: GOBP_MAPK_CASCADE)
MAPK_signaling,REN1,MSigDB (original: GOBP_MAPK_CASCADE)
MAPK_signaling,RET,MSigDB (original: GOBP_MAPK_CASCADE)
MAPK_signaling,RGS2,MSigDB (original: GOBP_MAPK_CASCADE)
MAPK_signaling,RIT2,MSigDB (original: GOBP_MAPK_CASCADE)
MAPK_signaling,RIPK1,MSigDB (original: GOBP_MAPK_CASCADE)
MAPK_signaling,ROBO1,MSigDB (original: GOBP_MAPK_CASCADE)
MAPK_signaling,ROCK1,MSigDB (original: GOBP_MAPK_CASCADE)
MAPK_signaling,ROCK2,MSigDB (original: GOBP_MAPK_CASCADE)
MAPK_signaling,MST1R,MSigDB (original: GOBP_MAPK_CASCADE)
MAPK_signaling,ROS1,MSigDB (original: GOBP_MAPK_CASCADE)
MAPK_signaling,TRIM30A,MSigDB (original: GOBP_MAPK_CASCADE)
MAPK_signaling,RRAS,MSigDB (original: GOBP_MAPK_CASCADE)
MAPK_signaling,NCOR1,MSigDB (original: GOBP_MAPK_CASCADE)
MAPK_signaling,RYK,MSigDB (original: GOBP_MAPK_CASCADE)
MAPK_signaling,SCG2,MSigDB (original: GOBP_MAPK_CASCADE)
MAPK_signaling,CCL1,MSigDB (original: GOBP_MAPK_CASCADE)
MAPK_signaling,CCL11,MSigDB (original: GOBP_MAPK_CASCADE)
MAPK_signaling,CCL12,MSigDB (original: GOBP_MAPK_CASCADE)
MAPK_signaling,CCL17,MSigDB (original: GOBP_MAPK_CASCADE)
MAPK_signaling,CCL2,MSigDB (original: GOBP_MAPK_CASCADE)
MAPK_signaling,CCL20,MSigDB (original: GOBP_MAPK_CASCADE)
MAPK_signaling,CCL22,MSigDB (original: GOBP_MAPK_CASCADE)
MAPK_signaling,CCL25,MSigDB (original: GOBP_MAPK_CASCADE)
MAPK_signaling,CCL3,MSigDB (original: GOBP_MAPK_CASCADE)
MAPK_signaling,CCL4,MSigDB (original: GOBP_MAPK_CASCADE)
MAPK_signaling,CCL5,MSigDB (original: GOBP_MAPK_CASCADE)
MAPK_signaling,CCL6,MSigDB (original: GOBP_MAPK_CASCADE)
MAPK_signaling,CCL7,MSigDB (original: GOBP_MAPK_CASCADE)
MAPK_signaling,CCL8,MSigDB (original: GOBP_MAPK_CASCADE)
MAPK_signaling,CCL9,MSigDB (original: GOBP_MAPK_CASCADE)
MAPK_signaling,CX3CL1,MSigDB (original: GOBP_MAPK_CASCADE)
MAPK_signaling,CXCL12,MSigDB (original: GOBP_MAPK_CASCADE)
MAPK_signaling,SFRP2,MSigDB (original: GOBP_MAPK_CASCADE)
MAPK_signaling,NPTN,MSigDB (original: GOBP_MAPK_CASCADE)
MAPK_signaling,SEMA4C,MSigDB (original: GOBP_MAPK_CASCADE)
MAPK_signaling,SEMA6A,MSigDB (original: GOBP_MAPK_CASCADE)
MAPK_signaling,SEMA7A,MSigDB (original: GOBP_MAPK_CASCADE)
MAPK_signaling,SPI1,MSigDB (original: GOBP_MAPK_CASCADE)
MAPK_signaling,SFRP1,MSigDB (original: GOBP_MAPK_CASCADE)
MAPK_signaling,SFRP4,MSigDB (original: GOBP_MAPK_CASCADE)
MAPK_signaling,SORBS3,MSigDB (original: GOBP_MAPK_CASCADE)
MAPK_signaling,SHC1,MSigDB (original: GOBP_MAPK_CASCADE)
MAPK_signaling,SLA,MSigDB (original: GOBP_MAPK_CASCADE)
MAPK_signaling,SMPD1,MSigDB (original: GOBP_MAPK_CASCADE)
MAPK_signaling,SSTR4,MSigDB (original: GOBP_MAPK_CASCADE)
MAPK_signaling,SOD1,MSigDB (original: GOBP_MAPK_CASCADE)
MAPK_signaling,SORL1,MSigDB (original: GOBP_MAPK_CASCADE)
MAPK_signaling,SOX2,MSigDB (original: GOBP_MAPK_CASCADE)
MAPK_signaling,SOX9,MSigDB (original: GOBP_MAPK_CASCADE)
MAPK_signaling,SPHK1,MSigDB (original: GOBP_MAPK_CASCADE)
MAPK_signaling,SRC,MSigDB (original: GOBP_MAPK_CASCADE)
MAPK_signaling,ULK4,MSigDB (original: GOBP_MAPK_CASCADE)
MAPK_signaling,TRIM30D,MSigDB (original: GOBP_MAPK_CASCADE)
MAPK_signaling,SYK,MSigDB (original: GOBP_MAPK_CASCADE)
MAPK_signaling,NRG1,MSigDB (original: GOBP_MAPK_CASCADE)
MAPK_signaling,WWC1,MSigDB (original: GOBP_MAPK_CASCADE)
MAPK_signaling,TRIB1,MSigDB (original: GOBP_MAPK_CASCADE)
MAPK_signaling,DSTYK,MSigDB (original: GOBP_MAPK_CASCADE)
MAPK_signaling,TBX1,MSigDB (original: GOBP_MAPK_CASCADE)
MAPK_signaling,PAK6,MSigDB (original: GOBP_MAPK_CASCADE)
MAPK_signaling,RAP1B,MSigDB (original: GOBP_MAPK_CASCADE)
MAPK_signaling,RASSF2,MSigDB (original: GOBP_MAPK_CASCADE)
MAPK_signaling,CNKSR3,MSigDB (original: GOBP_MAPK_CASCADE)
MAPK_signaling,SHC2,MSigDB (original: GOBP_MAPK_CASCADE)
MAPK_signaling,DYNLT1B,MSigDB (original: GOBP_MAPK_CASCADE)
MAPK_signaling,TDGF1,MSigDB (original: GOBP_MAPK_CASCADE)
MAPK_signaling,PRDX2,MSigDB (original: GOBP_MAPK_CASCADE)
MAPK_signaling,FLCN,MSigDB (original: GOBP_MAPK_CASCADE)
MAPK_signaling,ARRB2,MSigDB (original: GOBP_MAPK_CASCADE)
MAPK_signaling,TEK,MSigDB (original: GOBP_MAPK_CASCADE)
MAPK_signaling,DHX33,MSigDB (original: GOBP_MAPK_CASCADE)
MAPK_signaling,TAOK1,MSigDB (original: GOBP_MAPK_CASCADE)
MAPK_signaling,TMEM106A,MSigDB (original: GOBP_MAPK_CASCADE)
MAPK_signaling,CD300A,MSigDB (original: GOBP_MAPK_CASCADE)
MAPK_signaling,DNAJC27,MSigDB (original: GOBP_MAPK_CASCADE)
MAPK_signaling,MBIP,MSigDB (original: GOBP_MAPK_CASCADE)
MAPK_signaling,TFF2,MSigDB (original: GOBP_MAPK_CASCADE)
MAPK_signaling,TGFA,MSigDB (original: GOBP_MAPK_CASCADE)
MAPK_signaling,TGFB1,MSigDB (original: GOBP_MAPK_CASCADE)
MAPK_signaling,TGFB2,MSigDB (original: GOBP_MAPK_CASCADE)
MAPK_signaling,TGFB3,MSigDB (original: GOBP_MAPK_CASCADE)
MAPK_signaling,TGFBR1,MSigDB (original: GOBP_MAPK_CASCADE)
MAPK_signaling,TGFBR3,MSigDB (original: GOBP_MAPK_CASCADE)
MAPK_signaling,THBS1,MSigDB (original: GOBP_MAPK_CASCADE)
MAPK_signaling,THPO,MSigDB (original: GOBP_MAPK_CASCADE)
MAPK_signaling,TIAM1,MSigDB (original: GOBP_MAPK_CASCADE)
MAPK_signaling,TIMP2,MSigDB (original: GOBP_MAPK_CASCADE)
MAPK_signaling,TIMP3,MSigDB (original: GOBP_MAPK_CASCADE)
MAPK_signaling,FERMT2,MSigDB (original: GOBP_MAPK_CASCADE)
MAPK_signaling,TLR4,MSigDB (original: GOBP_MAPK_CASCADE)
MAPK_signaling,TLR6,MSigDB (original: GOBP_MAPK_CASCADE)
MAPK_signaling,TNF,MSigDB (original: GOBP_MAPK_CASCADE)
MAPK_signaling,TNFRSF11A,MSigDB (original: GOBP_MAPK_CASCADE)
MAPK_signaling,CD40,MSigDB (original: GOBP_MAPK_CASCADE)
MAPK_signaling,CD27,MSigDB (original: GOBP_MAPK_CASCADE)
MAPK_signaling,TNFSF11,MSigDB (original: GOBP_MAPK_CASCADE)
MAPK_signaling,TPBG,MSigDB (original: GOBP_MAPK_CASCADE)
MAPK_signaling,TPBPA,MSigDB (original: GOBP_MAPK_CASCADE)
MAPK_signaling,TPD52L1,MSigDB (original: GOBP_MAPK_CASCADE)
MAPK_signaling,NR2C2,MSigDB (original: GOBP_MAPK_CASCADE)
MAPK_signaling,TRAF1,MSigDB (original: GOBP_MAPK_CASCADE)
MAPK_signaling,TRAF2,MSigDB (original: GOBP_MAPK_CASCADE)
MAPK_signaling,TRAF3,MSigDB (original: GOBP_MAPK_CASCADE)
MAPK_signaling,TRAF4,MSigDB (original: GOBP_MAPK_CASCADE)
MAPK_signaling,TRAF5,MSigDB (original: GOBP_MAPK_CASCADE)
MAPK_signaling,TRAF6,MSigDB (original: GOBP_MAPK_CASCADE)
MAPK_signaling,TRF,MSigDB (original: GOBP_MAPK_CASCADE)
MAPK_signaling,TRP73,MSigDB (original: GOBP_MAPK_CASCADE)
MAPK_signaling,TSC2,MSigDB (original: GOBP_MAPK_CASCADE)
MAPK_signaling,UCHL1,MSigDB (original: GOBP_MAPK_CASCADE)
MAPK_signaling,VEGFA,MSigDB (original: GOBP_MAPK_CASCADE)
MAPK_signaling,VEGFB,MSigDB (original: GOBP_MAPK_CASCADE)
MAPK_signaling,EZR,MSigDB (original: GOBP_MAPK_CASCADE)
MAPK_signaling,ATF7,MSigDB (original: GOBP_MAPK_CASCADE)
MAPK_signaling,FGD4,MSigDB (original: GOBP_MAPK_CASCADE)
MAPK_signaling,PAK2,MSigDB (original: GOBP_MAPK_CASCADE)
MAPK_signaling,MUC20,MSigDB (original: GOBP_MAPK_CASCADE)
MAPK_signaling,WNT5A,MSigDB (original: GOBP_MAPK_CASCADE)
MAPK_signaling,WNT7A,MSigDB (original: GOBP_MAPK_CASCADE)
MAPK_signaling,WNT7B,MSigDB (original: GOBP_MAPK_CASCADE)
MAPK_signaling,XBP1,MSigDB (original: GOBP_MAPK_CASCADE)
MAPK_signaling,XDH,MSigDB (original: GOBP_MAPK_CASCADE)
MAPK_signaling,TRAF7,MSigDB (original: GOBP_MAPK_CASCADE)
MAPK_signaling,LEMD2,MSigDB (original: GOBP_MAPK_CASCADE)
MAPK_signaling,PJA2,MSigDB (original: GOBP_MAPK_CASCADE)
MAPK_signaling,HRH4,MSigDB (original: GOBP_MAPK_CASCADE)
MAPK_signaling,RELL2,MSigDB (original: GOBP_MAPK_CASCADE)
MAPK_signaling,GSTP3,MSigDB (original: GOBP_MAPK_CASCADE)
MAPK_signaling,YWHAE,MSigDB (original: GOBP_MAPK_CASCADE)
MAPK_signaling,YWHAZ,MSigDB (original: GOBP_MAPK_CASCADE)
MAPK_signaling,SLC30A10,MSigDB (original: GOBP_MAPK_CASCADE)
MAPK_signaling,ZFP36,MSigDB (original: GOBP_MAPK_CASCADE)
MAPK_signaling,STRADB,MSigDB (original: GOBP_MAPK_CASCADE)
MAPK_signaling,GPBAR1,MSigDB (original: GOBP_MAPK_CASCADE)
MAPK_signaling,GPR55,MSigDB (original: GOBP_MAPK_CASCADE)
MAPK_signaling,MADD,MSigDB (original: GOBP_MAPK_CASCADE)
MAPK_signaling,MYLK2,MSigDB (original: GOBP_MAPK_CASCADE)
MAPK_signaling,RAP1GDS1,MSigDB (original: GOBP_MAPK_CASCADE)
MAPK_signaling,NPR2,MSigDB (original: GOBP_MAPK_CASCADE)
MAPK_signaling,ZC3H12A,MSigDB (original: GOBP_MAPK_CASCADE)
MAPK_signaling,HCRTR1,MSigDB (original: GOBP_MAPK_CASCADE)
MAPK_signaling,ECE1,MSigDB (original: GOBP_MAPK_CASCADE)
MAPK_signaling,NPPA,MSigDB (original: GOBP_MAPK_CASCADE)
MAPK_signaling,CHRNA9,MSigDB (original: GOBP_MAPK_CASCADE)
MAPK_signaling,PEA15B-PS,MSigDB (original: GOBP_MAPK_CASCADE)
MAPK_signaling,PAQR3,MSigDB (original: GOBP_MAPK_CASCADE)
MAPK_signaling,ANKRD26,MSigDB (original: GOBP_MAPK_CASCADE)
MAPK_signaling,LILRA5,MSigDB (original: GOBP_MAPK_CASCADE)
MAPK_signaling,CXCL17,MSigDB (original: GOBP_MAPK_CASCADE)
MAPK_signaling,P2RY6,MSigDB (original: GOBP_MAPK_CASCADE)
MAPK_signaling,NDRG4,MSigDB (original: GOBP_MAPK_CASCADE)
MAPK_signaling,PLCG2,MSigDB (original: GOBP_MAPK_CASCADE)
MAPK_signaling,CDK10,MSigDB (original: GOBP_MAPK_CASCADE)
MAPK_signaling,DUSP7,MSigDB (original: GOBP_MAPK_CASCADE)
MAPK_signaling,NOX1,MSigDB (original: GOBP_MAPK_CASCADE)
MAPK_signaling,SH3RF3,MSigDB (original: GOBP_MAPK_CASCADE)
MAPK_signaling,BTN2A2,MSigDB (original: GOBP_MAPK_CASCADE)
MAPK_signaling,GADD45G,MSigDB (original: GOBP_MAPK_CASCADE)
MAPK_signaling,GDF15,MSigDB (original: GOBP_MAPK_CASCADE)
MAPK_signaling,GREM1,MSigDB (original: GOBP_MAPK_CASCADE)
MAPK_signaling,MAP2K5,MSigDB (original: GOBP_MAPK_CASCADE)
MAPK_signaling,MAPK7,MSigDB (original: GOBP_MAPK_CASCADE)
MAPK_signaling,TENM1,MSigDB (original: GOBP_MAPK_CASCADE)
MAPK_signaling,C1QL4,MSigDB (original: GOBP_MAPK_CASCADE)
MAPK_signaling,PEBP1,MSigDB (original: GOBP_MAPK_CASCADE)
MAPK_signaling,PIN1,MSigDB (original: GOBP_MAPK_CASCADE)
MAPK_signaling,CIB1,MSigDB (original: GOBP_MAPK_CASCADE)
MAPK_signaling,SYNGAP1,MSigDB (original: GOBP_MAPK_CASCADE)
MAPK_signaling,JCAD,MSigDB (original: GOBP_MAPK_CASCADE)
MAPK_signaling,CCL19,MSigDB (original: GOBP_MAPK_CASCADE)
MAPK_signaling,SPRY1,MSigDB (original: GOBP_MAPK_CASCADE)
MAPK_signaling,SPRY2,MSigDB (original: GOBP_MAPK_CASCADE)
MAPK_signaling,SPRY4,MSigDB (original: GOBP_MAPK_CASCADE)
MAPK_signaling,DUSP5,MSigDB (original: GOBP_MAPK_CASCADE)
MAPK_signaling,SYNJ2BP,MSigDB (original: GOBP_MAPK_CASCADE)
MAPK_signaling,LAX1,MSigDB (original: GOBP_MAPK_CASCADE)
MAPK_signaling,TLR2,MSigDB (original: GOBP_MAPK_CASCADE)
MAPK_signaling,DUSP27,MSigDB (original: GOBP_MAPK_CASCADE)
MAPK_signaling,PKHD1,MSigDB (original: GOBP_MAPK_CASCADE)
MAPK_signaling,ZEB2,MSigDB (original: GOBP_MAPK_CASCADE)
MAPK_signaling,PIN1RT1,MSigDB (original: GOBP_MAPK_CASCADE)
MAPK_signaling,PAK5,MSigDB (original: GOBP_MAPK_CASCADE)
MAPK_signaling,PPM1L,MSigDB (original: GOBP_MAPK_CASCADE)
MAPK_signaling,PDE5A,MSigDB (original: GOBP_MAPK_CASCADE)
MAPK_signaling,BANK1,MSigDB (original: GOBP_MAPK_CASCADE)
MAPK_signaling,GDF6,MSigDB (original: GOBP_MAPK_CASCADE)
MAPK_signaling,TRIM30B,MSigDB (original: GOBP_MAPK_CASCADE)
MAPK_signaling,TNFAIP8L3,MSigDB (original: GOBP_MAPK_CASCADE)
MAPK_signaling,KLHL31,MSigDB (original: GOBP_MAPK_CASCADE)
MAPK_signaling,EDA2R,MSigDB (original: GOBP_MAPK_CASCADE)
MAPK_signaling,FKTN,MSigDB (original: GOBP_MAPK_CASCADE)
MAPK_signaling,PROK1,MSigDB (original: GOBP_MAPK_CASCADE)
MAPK_signaling,DUSP15,MSigDB (original: GOBP_MAPK_CASCADE)
MAPK_signaling,NOD2,MSigDB (original: GOBP_MAPK_CASCADE)
MAPK_signaling,OR2AT4,MSigDB (original: GOBP_MAPK_CASCADE)
MAPK_signaling,AVPR1B,MSigDB (original: GOBP_MAPK_CASCADE)
MAPK_signaling,CEACAM1,MSigDB (original: GOBP_MAPK_CASCADE)
MAPK_signaling,CEACAM2,MSigDB (original: GOBP_MAPK_CASCADE)
MAPK_signaling,FGD2,MSigDB (original: GOBP_MAPK_CASCADE)
MAPK_signaling,MAPKBP1,MSigDB (original: GOBP_MAPK_CASCADE)
MAPK_signaling,MAP2K1,MSigDB (original: GOBP_MAPK_CASCADE)
MAPK_signaling,MAP2K2,MSigDB (original: GOBP_MAPK_CASCADE)
MAPK_signaling,MAP2K3,MSigDB (original: GOBP_MAPK_CASCADE)
MAPK_signaling,MAP2K4,MSigDB (original: GOBP_MAPK_CASCADE)
MAPK_signaling,MAP2K6,MSigDB (original: GOBP_MAPK_CASCADE)
MAPK_signaling,MAP2K7,MSigDB (original: GOBP_MAPK_CASCADE)
MAPK_signaling,MAP3K1,MSigDB (original: GOBP_MAPK_CASCADE)
MAPK_signaling,MAP3K11,MSigDB (original: GOBP_MAPK_CASCADE)
MAPK_signaling,MAP3K12,MSigDB (original: GOBP_MAPK_CASCADE)
MAPK_signaling,MAP3K3,MSigDB (original: GOBP_MAPK_CASCADE)
MAPK_signaling,MAP3K4,MSigDB (original: GOBP_MAPK_CASCADE)
MAPK_signaling,MAP3K5,MSigDB (original: GOBP_MAPK_CASCADE)
MAPK_signaling,MAP3K7,MSigDB (original: GOBP_MAPK_CASCADE)
MAPK_signaling,MAP4K1,MSigDB (original: GOBP_MAPK_CASCADE)
MAPK_signaling,MAP4K2,MSigDB (original: GOBP_MAPK_CASCADE)
MAPK_signaling,MAPK1,MSigDB (original: GOBP_MAPK_CASCADE)
MAPK_signaling,MAPK10,MSigDB (original: GOBP_MAPK_CASCADE)
MAPK_signaling,MAPK13,MSigDB (original: GOBP_MAPK_CASCADE)
MAPK_signaling,MAPK14,MSigDB (original: GOBP_MAPK_CASCADE)
MAPK_signaling,MAPK3,MSigDB (original: GOBP_MAPK_CASCADE)
MAPK_signaling,MAPK8,MSigDB (original: GOBP_MAPK_CASCADE)
MAPK_signaling,MAPK9,MSigDB (original: GOBP_MAPK_CASCADE)
MAPK_signaling,ROR1,MSigDB (original: GOBP_MAPK_CASCADE)
MAPK_signaling,ROR2,MSigDB (original: GOBP_MAPK_CASCADE)
MAPK_signaling,IRAK4,MSigDB (original: GOBP_MAPK_CASCADE)
MAPK_signaling,COPS5,MSigDB (original: GOBP_MAPK_CASCADE)
MAPK_signaling,PPIA,MSigDB (original: GOBP_MAPK_CASCADE)
MAPK_signaling,GRM4,MSigDB (original: GOBP_MAPK_CASCADE)
MAPK_signaling,SH3RF2,MSigDB (original: GOBP_MAPK_CASCADE)
MAPK_signaling,ERN2,MSigDB (original: GOBP_MAPK_CASCADE)
MAPK_signaling,MAP4K4,MSigDB (original: GOBP_MAPK_CASCADE)
MAPK_signaling,SETX,MSigDB (original: GOBP_MAPK_CASCADE)
MAPK_signaling,SLC9A3R1,MSigDB (original: GOBP_MAPK_CASCADE)
MAPK_signaling,MAP3K10,MSigDB (original: GOBP_MAPK_CASCADE)
MAPK_signaling,EPHB1,MSigDB (original: GOBP_MAPK_CASCADE)
MAPK_signaling,RPS3,MSigDB (original: GOBP_MAPK_CASCADE)
MAPK_signaling,NRK,MSigDB (original: GOBP_MAPK_CASCADE)
MAPK_signaling,SLAMF1,MSigDB (original: GOBP_MAPK_CASCADE)
MAPK_signaling,CARTPT,MSigDB (original: GOBP_MAPK_CASCADE)
MAPK_signaling,DOK3,MSigDB (original: GOBP_MAPK_CASCADE)
MAPK_signaling,PRMT5,MSigDB (original: GOBP_MAPK_CASCADE)
MAPK_signaling,DUSP13,MSigDB (original: GOBP_MAPK_CASCADE)
MAPK_signaling,ABCA7,MSigDB (original: GOBP_MAPK_CASCADE)
MAPK_signaling,NELFE,MSigDB (original: GOBP_MAPK_CASCADE)
MAPK_signaling,TLR13,MSigDB (original: GOBP_MAPK_CASCADE)
MAPK_signaling,RHBDD3,MSigDB (original: GOBP_MAPK_CASCADE)
MAPK_signaling,KISS1,MSigDB (original: GOBP_MAPK_CASCADE)
MAPK_signaling,MYDGF,MSigDB (original: GOBP_MAPK_CASCADE)
MAPK_signaling,NDRG2,MSigDB (original: GOBP_MAPK_CASCADE)
MAPK_signaling,BCAR3,MSigDB (original: GOBP_MAPK_CASCADE)
MAPK_signaling,TNFRSF19,MSigDB (original: GOBP_MAPK_CASCADE)
MAPK_signaling,MAPK12,MSigDB (original: GOBP_MAPK_CASCADE)
MAPK_signaling,IQGAP1,MSigDB (original: GOBP_MAPK_CASCADE)
MAPK_signaling,PIK3CG,MSigDB (original: GOBP_MAPK_CASCADE)
MAPK_signaling,MAPK8IP3,MSigDB (original: GOBP_MAPK_CASCADE)
MAPK_signaling,TRIM12C,MSigDB (original: GOBP_MAPK_CASCADE)
MAPK_signaling,NPSR1,MSigDB (original: GOBP_MAPK_CASCADE)
MAPK_signaling,C5AR2,MSigDB (original: GOBP_MAPK_CASCADE)
MAPK_signaling,DUSP4,MSigDB (original: GOBP_MAPK_CASCADE)
MAPK_signaling,ERCC6,MSigDB (original: GOBP_MAPK_CASCADE)
MAPK_signaling,ZDHHC17,MSigDB (original: GOBP_MAPK_CASCADE)
MAPK_signaling,PIK3R5,MSigDB (original: GOBP_MAPK_CASCADE)
MAPK_signaling,ITPKB,MSigDB (original: GOBP_MAPK_CASCADE)
MAPK_signaling,GPR183,MSigDB (original: GOBP_MAPK_CASCADE)
MAPK_signaling,FRS2,MSigDB (original: GOBP_MAPK_CASCADE)
MAPK_signaling,SCIMP,MSigDB (original: GOBP_MAPK_CASCADE)
MAPK_signaling,BIRC7,MSigDB (original: GOBP_MAPK_CASCADE)
MAPK_signaling,E130311K13RIK,MSigDB (original: GOBP_MAPK_CASCADE)
MAPK_signaling,TAOK3,MSigDB (original: GOBP_MAPK_CASCADE)
MAPK_signaling,DIXDC1,MSigDB (original: GOBP_MAPK_CASCADE)
MAPK_signaling,CARD9,MSigDB (original: GOBP_MAPK_CASCADE)
MAPK_signaling,KSR2,MSigDB (original: GOBP_MAPK_CASCADE)
MAPK_signaling,PRAMEL7,MSigDB (original: GOBP_MAPK_CASCADE)
MAPK_signaling,NLRP12,MSigDB (original: GOBP_MAPK_CASCADE)
MAPK_signaling,GAREM1,MSigDB (original: GOBP_MAPK_CASCADE)
MAPK_signaling,CRACR2A,MSigDB (original: GOBP_MAPK_CASCADE)
MAPK_signaling,SBK2,MSigDB (original: GOBP_MAPK_CASCADE)
MAPK_signaling,TAOK2,MSigDB (original: GOBP_MAPK_CASCADE)
MAPK_signaling,GLIPR2,MSigDB (original: GOBP_MAPK_CASCADE)
MAPK_signaling,GFRAL,MSigDB (original: GOBP_MAPK_CASCADE)
MAPK_signaling,IQGAP3,MSigDB (original: GOBP_MAPK_CASCADE)
MAPK_signaling,TRIM30C,MSigDB (original: GOBP_MAPK_CASCADE)
MAPK_signaling,DUSP29,MSigDB (original: GOBP_MAPK_CASCADE)
MAPK_signaling,CHRNA10,MSigDB (original: GOBP_MAPK_CASCADE)
MAPK_signaling,NOX4,MSigDB (original: GOBP_MAPK_CASCADE)
MAPK_signaling,FBXW7,MSigDB (original: GOBP_MAPK_CASCADE)
MAPK_signaling,MINK1,MSigDB (original: GOBP_MAPK_CASCADE)
MAPK_signaling,RGS14,MSigDB (original: GOBP_MAPK_CASCADE)
MAPK_signaling,PBK,MSigDB (original: GOBP_MAPK_CASCADE)
MAPK_signaling,MFHAS1,MSigDB (original: GOBP_MAPK_CASCADE)
MAPK_signaling,ZFP622,MSigDB (original: GOBP_MAPK_CASCADE)
MAPK_signaling,PSMD10,MSigDB (original: GOBP_MAPK_CASCADE)
MAPK_signaling,STK39,MSigDB (original: GOBP_MAPK_CASCADE)
MAPK_signaling,LPAR2,MSigDB (original: GOBP_MAPK_CASCADE)
MAPK_signaling,CCL26,MSigDB (original: GOBP_MAPK_CASCADE)
MAPK_signaling,PABPN1,MSigDB (original: GOBP_MAPK_CASCADE)
MAPK_signaling,ARHGEF5,MSigDB (original: GOBP_MAPK_CASCADE)
MAPK_signaling,SFRP5,MSigDB (original: GOBP_MAPK_CASCADE)
MAPK_signaling,NPHS1,MSigDB (original: GOBP_MAPK_CASCADE)
MAPK_signaling,PDGFC,MSigDB (original: GOBP_MAPK_CASCADE)
MAPK_signaling,GSDME,MSigDB (original: GOBP_MAPK_CASCADE)
MAPK_signaling,RAMP3,MSigDB (original: GOBP_MAPK_CASCADE)
MAPK_signaling,CCL24,MSigDB (original: GOBP_MAPK_CASCADE)
MAPK_signaling,STK3,MSigDB (original: GOBP_MAPK_CASCADE)
MAPK_signaling,STYX,MSigDB (original: GOBP_MAPK_CASCADE)
MAPK_signaling,GPS2,MSigDB (original: GOBP_MAPK_CASCADE)
MAPK_signaling,APIP,MSigDB (original: GOBP_MAPK_CASCADE)
MAPK_signaling,PDCD10,MSigDB (original: GOBP_MAPK_CASCADE)
MAPK_signaling,FOXO1,MSigDB (original: GOBP_MAPK_CASCADE)
MAPK_signaling,FGF21,MSigDB (original: GOBP_MAPK_CASCADE)
MAPK_signaling,GSK3B,MSigDB (original: GOBP_MAPK_CASCADE)
MAPK_signaling,LAMTOR3,MSigDB (original: GOBP_MAPK_CASCADE)
MAPK_signaling,RANBP9,MSigDB (original: GOBP_MAPK_CASCADE)
MAPK_signaling,CLCF1,MSigDB (original: GOBP_MAPK_CASCADE)
MAPK_signaling,C1QTNF1,MSigDB (original: GOBP_MAPK_CASCADE)
MAPK_signaling,TNIP1,MSigDB (original: GOBP_MAPK_CASCADE)
MAPK_signaling,CDON,MSigDB (original: GOBP_MAPK_CASCADE)
MAPK_signaling,HACD3,MSigDB (original: GOBP_MAPK_CASCADE)
MAPK_signaling,CDC42SE1,MSigDB (original: GOBP_MAPK_CASCADE)
MAPK_signaling,STK4,MSigDB (original: GOBP_MAPK_CASCADE)
MAPK_signaling,SHANK3,MSigDB (original: GOBP_MAPK_CASCADE)
MAPK_signaling,CDC42EP5,MSigDB (original: GOBP_MAPK_CASCADE)
MAPK_signaling,GHRL,MSigDB (original: GOBP_MAPK_CASCADE)
MAPK_signaling,SH3RF1,MSigDB (original: GOBP_MAPK_CASCADE)
MAPK_signaling,DACT1,MSigDB (original: GOBP_MAPK_CASCADE)
MAPK_signaling,STK25,MSigDB (original: GOBP_MAPK_CASCADE)
MAPK_signaling,MAPK8IP2,MSigDB (original: GOBP_MAPK_CASCADE)
MAPK_signaling,ALKAL1,MSigDB (original: GOBP_MAPK_CASCADE)
MAPK_signaling,DOK6,MSigDB (original: GOBP_MAPK_CASCADE)
MAPK_signaling,TRPV4,MSigDB (original: GOBP_MAPK_CASCADE)
MAPK_signaling,DUSP10,MSigDB (original: GOBP_MAPK_CASCADE)
MAPK_signaling,SIRT3,MSigDB (original: GOBP_MAPK_CASCADE)
MAPK_signaling,FGF23,MSigDB (original: GOBP_MAPK_CASCADE)
MAPK_signaling,ZFP110,MSigDB (original: GOBP_MAPK_CASCADE)
MAPK_signaling,LPAR3,MSigDB (original: GOBP_MAPK_CASCADE)
MAPK_signaling,ARL6IP5,MSigDB (original: GOBP_MAPK_CASCADE)
MAPK_signaling,MAP3K20,MSigDB (original: GOBP_MAPK_CASCADE)
MAPK_signaling,PRXL2C,MSigDB (original: GOBP_MAPK_CASCADE)
MAPK_signaling,NENF,MSigDB (original: GOBP_MAPK_CASCADE)
MAPK_signaling,NMNAT1,MSigDB (original: GOBP_MAPK_CASCADE)
MAPK_signaling,ZMYND11,MSigDB (original: GOBP_MAPK_CASCADE)
MAPK_signaling,LAMTOR1,MSigDB (original: GOBP_MAPK_CASCADE)
MAPK_signaling,TNIK,MSigDB (original: GOBP_MAPK_CASCADE)
MAPK_signaling,TAB1,MSigDB (original: GOBP_MAPK_CASCADE)
MAPK_signaling,LRRK2,MSigDB (original: GOBP_MAPK_CASCADE)
MAPK_signaling,TRIM5,MSigDB (original: GOBP_MAPK_CASCADE)
MAPK_signaling,CNTNAP2,MSigDB (original: GOBP_MAPK_CASCADE)
MAPK_signaling,PYCARD,MSigDB (original: GOBP_MAPK_CASCADE)
MAPK_signaling,DUSP26,MSigDB (original: GOBP_MAPK_CASCADE)
MAPK_signaling,RPS6KA6,MSigDB (original: GOBP_MAPK_CASCADE)
MAPK_signaling,INAVA,MSigDB (original: GOBP_MAPK_CASCADE)
MAPK_signaling,ERP29,MSigDB (original: GOBP_MAPK_CASCADE)
MAPK_signaling,NEK10,MSigDB (original: GOBP_MAPK_CASCADE)
MAPK_signaling,RNF41,MSigDB (original: GOBP_MAPK_CASCADE)
MAPK_signaling,DUSP6,MSigDB (original: GOBP_MAPK_CASCADE)
MAPK_signaling,RNF149,MSigDB (original: GOBP_MAPK_CASCADE)
MAPK_signaling,DUSP19,MSigDB (original: GOBP_MAPK_CASCADE)
MAPK_signaling,MTURN,MSigDB (original: GOBP_MAPK_CASCADE)
MAPK_signaling,CCNQ,MSigDB (original: GOBP_MAPK_CASCADE)
MAPK_signaling,C1QTNF2,MSigDB (original: GOBP_MAPK_CASCADE)
MAPK_signaling,AVPI1,MSigDB (original: GOBP_MAPK_CASCADE)
MAPK_signaling,DAB2IP,MSigDB (original: GOBP_MAPK_CASCADE)
MAPK_signaling,WNK4,MSigDB (original: GOBP_MAPK_CASCADE)
MAPK_signaling,VRK2,MSigDB (original: GOBP_MAPK_CASCADE)
MAPK_signaling,ACE2,MSigDB (original: GOBP_MAPK_CASCADE)
MAPK_signaling,CYSLTR2,MSigDB (original: GOBP_MAPK_CASCADE)
MAPK_signaling,SASH1,MSigDB (original: GOBP_MAPK_CASCADE)
MAPK_signaling,ATP6AP2,MSigDB (original: GOBP_MAPK_CASCADE)
MAPK_signaling,PAK4,MSigDB (original: GOBP_MAPK_CASCADE)
MAPK_signaling,DUSP16,MSigDB (original: GOBP_MAPK_CASCADE)
MAPK_signaling,SPAG9,MSigDB (original: GOBP_MAPK_CASCADE)
MAPK_signaling,GPR39,MSigDB (original: GOBP_MAPK_CASCADE)
MAPK_signaling,GRAP,MSigDB (original: GOBP_MAPK_CASCADE)
MAPK_signaling,MAP3K13,MSigDB (original: GOBP_MAPK_CASCADE)
MAPK_signaling,PDGFD,MSigDB (original: GOBP_MAPK_CASCADE)
MAPK_signaling,FAM83D,MSigDB (original: GOBP_MAPK_CASCADE)
MAPK_signaling,EPGN,MSigDB (original: GOBP_MAPK_CASCADE)
MAPK_signaling,DUSP3,MSigDB (original: GOBP_MAPK_CASCADE)
MAPK_signaling,PSCA,MSigDB (original: GOBP_MAPK_CASCADE)
MAPK_signaling,BRAP,MSigDB (original: GOBP_MAPK_CASCADE)
MAPK_signaling,FGFBP3,MSigDB (original: GOBP_MAPK_CASCADE)
MAPK_signaling,BMPER,MSigDB (original: GOBP_MAPK_CASCADE)
MAPK_signaling,MARVELD3,MSigDB (original: GOBP_MAPK_CASCADE)
MAPK_signaling,IRAK3,MSigDB (original: GOBP_MAPK_CASCADE)
MAPK_signaling,PLCE1,MSigDB (original: GOBP_MAPK_CASCADE)
MAPK_signaling,ERRFI1,MSigDB (original: GOBP_MAPK_CASCADE)
MAPK_signaling,STK40,MSigDB (original: GOBP_MAPK_CASCADE)
MAPK_signaling,CYLD,MSigDB (original: GOBP_MAPK_CASCADE)
MAPK_signaling,PIK3CB,MSigDB (original: GOBP_MAPK_CASCADE)
MAPK_signaling,AKAP13,MSigDB (original: GOBP_MAPK_CASCADE)
MAPK_signaling,DUSP9,MSigDB (original: GOBP_MAPK_CASCADE)
MAPK_signaling,WNK2,MSigDB (original: GOBP_MAPK_CASCADE)
MAPK_signaling,WDR54,MSigDB (original: GOBP_MAPK_CASCADE)
MAPK_signaling,RAPGEF2,MSigDB (original: GOBP_MAPK_CASCADE)
MAPK_signaling,RAP2A,MSigDB (original: GOBP_MAPK_CASCADE)
MAPK_signaling,PBP2,MSigDB (original: GOBP_MAPK_CASCADE)
MAPK_signaling,IL34,MSigDB (original: GOBP_MAPK_CASCADE)
MAPK_signaling,UNC5CL,MSigDB (original: GOBP_MAPK_CASCADE)
MAPK_signaling,TRIM12A,MSigDB (original: GOBP_MAPK_CASCADE)
MAPK_signaling,KLHDC10,MSigDB (original: GOBP_MAPK_CASCADE)
MAPK_signaling,DOK5,MSigDB (original: GOBP_MAPK_CASCADE)
MAPK_signaling,GPER1,MSigDB (original: GOBP_MAPK_CASCADE)
MAPK_signaling,DENN2B,MSigDB (original: GOBP_MAPK_CASCADE)
MAPK_signaling,LBH,MSigDB (original: GOBP_MAPK_CASCADE)
MAPK_signaling,PDE6H,MSigDB (original: GOBP_MAPK_CASCADE)
MAPK_signaling,ERN1,MSigDB (original: GOBP_MAPK_CASCADE)
MAPK_signaling,TNFRSF23,MSigDB (original: GOBP_MAPK_CASCADE)
MAPK_signaling,CDK5RAP3,MSigDB (original: GOBP_MAPK_CASCADE)
MAPK_signaling,CBLC,MSigDB (original: GOBP_MAPK_CASCADE)
MAPK_signaling,FGF20,MSigDB (original: GOBP_MAPK_CASCADE)
MAPK_signaling,C1QTNF3,MSigDB (original: GOBP_MAPK_CASCADE)
MAPK_signaling,TLR9,MSigDB (original: GOBP_MAPK_CASCADE)
MAPK_signaling,KLB,MSigDB (original: GOBP_MAPK_CASCADE)
MAPK_signaling,AKAP12,MSigDB (original: GOBP_MAPK_CASCADE)
MAPK_signaling,LAMTOR2,MSigDB (original: GOBP_MAPK_CASCADE)
MAPK_signaling,TREM2,MSigDB (original: GOBP_MAPK_CASCADE)
MAPK_signaling,PIK3AP1,MSigDB (original: GOBP_MAPK_CASCADE)
MAPK_signaling,PLVAP,MSigDB (original: GOBP_MAPK_CASCADE)
MAPK_signaling,KARS,MSigDB (original: GOBP_MAPK_CASCADE)
MAPK_signaling,GPNMB,MSigDB (original: GOBP_MAPK_CASCADE)
MAPK_signaling,WNT16,MSigDB (original: GOBP_MAPK_CASCADE)
MAPK_signaling,PELI2,MSigDB (original: GOBP_MAPK_CASCADE)
MAPK_signaling,VANGL2,MSigDB (original: GOBP_MAPK_CASCADE)
MAPK_signaling,FZD10,MSigDB (original: GOBP_MAPK_CASCADE)
MAPK_signaling,MAGED1,MSigDB (original: GOBP_MAPK_CASCADE)
MAPK_signaling,QARS,MSigDB (original: GOBP_MAPK_CASCADE)
MAPK_signaling,PHLPP1,MSigDB (original: GOBP_MAPK_CASCADE)
MAPK_signaling,MAGI3,MSigDB (original: GOBP_MAPK_CASCADE)
MAPK_signaling,FGG,MSigDB (original: GOBP_MAPK_CASCADE)
Autophagy,ATG14,MSigDB (original: GOBP_AUTOPHAGY_OF_MITOCHONDRION)
Autophagy,USP30,MSigDB (original: GOBP_AUTOPHAGY_OF_MITOCHONDRION)
Autophagy,RIMOC1,MSigDB (original: GOBP_AUTOPHAGY_OF_MITOCHONDRION)
Autophagy,OGT,MSigDB (original: GOBP_AUTOPHAGY_OF_MITOCHONDRION)
Autophagy,SLC25A4,MSigDB (original: GOBP_AUTOPHAGY_OF_MITOCHONDRION)
Autophagy,SLC25A5,MSigDB (original: GOBP_AUTOPHAGY_OF_MITOCHONDRION)
Autophagy,ATG5,MSigDB (original: GOBP_AUTOPHAGY_OF_MITOCHONDRION)
Autophagy,ATPIF1,MSigDB (original: GOBP_AUTOPHAGY_OF_MITOCHONDRION)
Autophagy,PHB2,MSigDB (original: GOBP_AUTOPHAGY_OF_MITOCHONDRION)
Autophagy,BNIP3,MSigDB (original: GOBP_AUTOPHAGY_OF_MITOCHONDRION)
Autophagy,BNIP3L,MSigDB (original: GOBP_AUTOPHAGY_OF_MITOCHONDRION)
Autophagy,TSPO,MSigDB (original: GOBP_AUTOPHAGY_OF_MITOCHONDRION)
Autophagy,RB1CC1,MSigDB (original: GOBP_AUTOPHAGY_OF_MITOCHONDRION)
Autophagy,CDC37,MSigDB (original: GOBP_AUTOPHAGY_OF_MITOCHONDRION)
Autophagy,CDKN2A,MSigDB (original: GOBP_AUTOPHAGY_OF_MITOCHONDRION)
Autophagy,CTTN,MSigDB (original: GOBP_AUTOPHAGY_OF_MITOCHONDRION)
Autophagy,FKBP8,MSigDB (original: GOBP_AUTOPHAGY_OF_MITOCHONDRION)
Autophagy,GBA,MSigDB (original: GOBP_AUTOPHAGY_OF_MITOCHONDRION)
Autophagy,HDAC6,MSigDB (original: GOBP_AUTOPHAGY_OF_MITOCHONDRION)
Autophagy,HTT,MSigDB (original: GOBP_AUTOPHAGY_OF_MITOCHONDRION)
Autophagy,HIF1A,MSigDB (original: GOBP_AUTOPHAGY_OF_MITOCHONDRION)
Autophagy,HK2,MSigDB (original: GOBP_AUTOPHAGY_OF_MITOCHONDRION)
Autophagy,MFN2,MSigDB (original: GOBP_AUTOPHAGY_OF_MITOCHONDRION)
Autophagy,SQSTM1,MSigDB (original: GOBP_AUTOPHAGY_OF_MITOCHONDRION)
Autophagy,SREBF1,MSigDB (original: GOBP_AUTOPHAGY_OF_MITOCHONDRION)
Autophagy,SNX30,MSigDB (original: GOBP_AUTOPHAGY_OF_MITOCHONDRION)
Autophagy,ATG9B,MSigDB (original: GOBP_AUTOPHAGY_OF_MITOCHONDRION)
Autophagy,TRP53,MSigDB (original: GOBP_AUTOPHAGY_OF_MITOCHONDRION)
Autophagy,ULK1,MSigDB (original: GOBP_AUTOPHAGY_OF_MITOCHONDRION)
Autophagy,VDAC1,MSigDB (original: GOBP_AUTOPHAGY_OF_MITOCHONDRION)
Autophagy,AMBRA1,MSigDB (original: GOBP_AUTOPHAGY_OF_MITOCHONDRION)
Autophagy,VPS13D,MSigDB (original: GOBP_AUTOPHAGY_OF_MITOCHONDRION)
Autophagy,ATG4D,MSigDB (original: GOBP_AUTOPHAGY_OF_MITOCHONDRION)
Autophagy,CAPN10,MSigDB (original: GOBP_AUTOPHAGY_OF_MITOCHONDRION)
Autophagy,ATG9A,MSigDB (original: GOBP_AUTOPHAGY_OF_MITOCHONDRION)
Autophagy,FBXL4,MSigDB (original: GOBP_AUTOPHAGY_OF_MITOCHONDRION)
Autophagy,TIGAR,MSigDB (original: GOBP_AUTOPHAGY_OF_MITOCHONDRION)
Autophagy,VPS13C,MSigDB (original: GOBP_AUTOPHAGY_OF_MITOCHONDRION)
Autophagy,SPATA33,MSigDB (original: GOBP_AUTOPHAGY_OF_MITOCHONDRION)
Autophagy,ATG2A,MSigDB (original: GOBP_AUTOPHAGY_OF_MITOCHONDRION)
Autophagy,PARL,MSigDB (original: GOBP_AUTOPHAGY_OF_MITOCHONDRION)
Autophagy,FBXW7,MSigDB (original: GOBP_AUTOPHAGY_OF_MITOCHONDRION)
Autophagy,PRKN,MSigDB (original: GOBP_AUTOPHAGY_OF_MITOCHONDRION)
Autophagy,ATG13,MSigDB (original: GOBP_AUTOPHAGY_OF_MITOCHONDRION)
Autophagy,WIPI1,MSigDB (original: GOBP_AUTOPHAGY_OF_MITOCHONDRION)
Autophagy,WDR45,MSigDB (original: GOBP_AUTOPHAGY_OF_MITOCHONDRION)
Autophagy,BECN1,MSigDB (original: GOBP_AUTOPHAGY_OF_MITOCHONDRION)
Autophagy,GABARAP,MSigDB (original: GOBP_AUTOPHAGY_OF_MITOCHONDRION)
Autophagy,GABARAPL1,MSigDB (original: GOBP_AUTOPHAGY_OF_MITOCHONDRION)
Autophagy,HUWE1,MSigDB (original: GOBP_AUTOPHAGY_OF_MITOCHONDRION)
Autophagy,GSK3A,MSigDB (original: GOBP_AUTOPHAGY_OF_MITOCHONDRION)
Autophagy,HTRA2,MSigDB (original: GOBP_AUTOPHAGY_OF_MITOCHONDRION)
Autophagy,TOMM7,MSigDB (original: GOBP_AUTOPHAGY_OF_MITOCHONDRION)
Autophagy,RETREG1,MSigDB (original: GOBP_AUTOPHAGY_OF_MITOCHONDRION)
Autophagy,FIS1,MSigDB (original: GOBP_AUTOPHAGY_OF_MITOCHONDRION)
Autophagy,ATG4B,MSigDB (original: GOBP_AUTOPHAGY_OF_MITOCHONDRION)
Autophagy,MAP1LC3A,MSigDB (original: GOBP_AUTOPHAGY_OF_MITOCHONDRION)
Autophagy,TAFAZZIN,MSigDB (original: GOBP_AUTOPHAGY_OF_MITOCHONDRION)
Autophagy,WDR45B,MSigDB (original: GOBP_AUTOPHAGY_OF_MITOCHONDRION)
Autophagy,CISD2,MSigDB (original: GOBP_AUTOPHAGY_OF_MITOCHONDRION)
Autophagy,FUNDC2,MSigDB (original: GOBP_AUTOPHAGY_OF_MITOCHONDRION)
Autophagy,MAP1LC3B,MSigDB (original: GOBP_AUTOPHAGY_OF_MITOCHONDRION)
Autophagy,SLC25A46,MSigDB (original: GOBP_AUTOPHAGY_OF_MITOCHONDRION)
Autophagy,ATG12,MSigDB (original: GOBP_AUTOPHAGY_OF_MITOCHONDRION)
Autophagy,RNF41,MSigDB (original: GOBP_AUTOPHAGY_OF_MITOCHONDRION)
Autophagy,ATG3,MSigDB (original: GOBP_AUTOPHAGY_OF_MITOCHONDRION)
Autophagy,MUL1,MSigDB (original: GOBP_AUTOPHAGY_OF_MITOCHONDRION)
Autophagy,PINK1,MSigDB (original: GOBP_AUTOPHAGY_OF_MITOCHONDRION)
Autophagy,FBXO7,MSigDB (original: GOBP_AUTOPHAGY_OF_MITOCHONDRION)
Autophagy,OPTN,MSigDB (original: GOBP_AUTOPHAGY_OF_MITOCHONDRION)
Autophagy,FUNDC1,MSigDB (original: GOBP_AUTOPHAGY_OF_MITOCHONDRION)
Autophagy,FUNDC2B,MSigDB (original: GOBP_AUTOPHAGY_OF_MITOCHONDRION)
Autophagy,SPATA18,MSigDB (original: GOBP_AUTOPHAGY_OF_MITOCHONDRION)
Autophagy,DNM1L,MSigDB (original: GOBP_AUTOPHAGY_OF_MITOCHONDRION)
Autophagy,ATG7,MSigDB (original: GOBP_AUTOPHAGY_OF_MITOCHONDRION)
Autophagy,CLEC16A,MSigDB (original: GOBP_AUTOPHAGY_OF_MITOCHONDRION)
Autophagy,WIPI2,MSigDB (original: GOBP_AUTOPHAGY_OF_MITOCHONDRION)
Autophagy,SMURF1,MSigDB (original: GOBP_AUTOPHAGY_OF_MITOCHONDRION)
Autophagy,ATG2B,MSigDB (original: GOBP_AUTOPHAGY_OF_MITOCHONDRION)
Autophagy,SNX7,MSigDB (original: GOBP_AUTOPHAGY_OF_MITOCHONDRION)
Autophagy,ARFIP2,MSigDB (original: GOBP_AUTOPHAGY_OF_MITOCHONDRION)
Autophagy,LRBA,MSigDB (original: GOBP_AUTOPHAGY_OF_MITOCHONDRION)
Autophagy,GABARAPL2,MSigDB (original: GOBP_AUTOPHAGY_OF_MITOCHONDRION)
Autophagy,CERS1,MSigDB (original: GOBP_AUTOPHAGY_OF_MITOCHONDRION)
Glutathione_metabolism,GSTA5,MSigDB (original: GOBP_GLUTATHIONE_METABOLIC_PROCESS)
Glutathione_metabolism,GSTT3,MSigDB (original: GOBP_GLUTATHIONE_METABOLIC_PROCESS)
Glutathione_metabolism,CTH,MSigDB (original: GOBP_GLUTATHIONE_METABOLIC_PROCESS)
Glutathione_metabolism,GLO1,MSigDB (original: GOBP_GLUTATHIONE_METABOLIC_PROCESS)
Glutathione_metabolism,CLIC1,MSigDB (original: GOBP_GLUTATHIONE_METABOLIC_PROCESS)
Glutathione_metabolism,DPEP1,MSigDB (original: GOBP_GLUTATHIONE_METABOLIC_PROCESS)
Glutathione_metabolism,EIF2AK3,MSigDB (original: GOBP_GLUTATHIONE_METABOLIC_PROCESS)
Glutathione_metabolism,G6PD2,MSigDB (original: GOBP_GLUTATHIONE_METABOLIC_PROCESS)
Glutathione_metabolism,G6PDX,MSigDB (original: GOBP_GLUTATHIONE_METABOLIC_PROCESS)
Glutathione_metabolism,GDAP1,MSigDB (original: GOBP_GLUTATHIONE_METABOLIC_PROCESS)
Glutathione_metabolism,GGT1,MSigDB (original: GOBP_GLUTATHIONE_METABOLIC_PROCESS)
Glutathione_metabolism,GCLC,MSigDB (original: GOBP_GLUTATHIONE_METABOLIC_PROCESS)
Glutathione_metabolism,GCLM,MSigDB (original: GOBP_GLUTATHIONE_METABOLIC_PROCESS)
Glutathione_metabolism,HAGH,MSigDB (original: GOBP_GLUTATHIONE_METABOLIC_PROCESS)
Glutathione_metabolism,GPX1,MSigDB (original: GOBP_GLUTATHIONE_METABOLIC_PROCESS)
Glutathione_metabolism,GPX3,MSigDB (original: GOBP_GLUTATHIONE_METABOLIC_PROCESS)
Glutathione_metabolism,GSR,MSigDB (original: GOBP_GLUTATHIONE_METABOLIC_PROCESS)
Glutathione_metabolism,GSS,MSigDB (original: GOBP_GLUTATHIONE_METABOLIC_PROCESS)
Glutathione_metabolism,GSTA1,MSigDB (original: GOBP_GLUTATHIONE_METABOLIC_PROCESS)
Glutathione_metabolism,GSTA2,MSigDB (original: GOBP_GLUTATHIONE_METABOLIC_PROCESS)
Glutathione_metabolism,GSTA3,MSigDB (original: GOBP_GLUTATHIONE_METABOLIC_PROCESS)
Glutathione_metabolism,GSTA4,MSigDB (original: GOBP_GLUTATHIONE_METABOLIC_PROCESS)
Glutathione_metabolism,GSTM1,MSigDB (original: GOBP_GLUTATHIONE_METABOLIC_PROCESS)
Glutathione_metabolism,GSTM2,MSigDB (original: GOBP_GLUTATHIONE_METABOLIC_PROCESS)
Glutathione_metabolism,GSTM3,MSigDB (original: GOBP_GLUTATHIONE_METABOLIC_PROCESS)
Glutathione_metabolism,GSTM4,MSigDB (original: GOBP_GLUTATHIONE_METABOLIC_PROCESS)
Glutathione_metabolism,GSTM5,MSigDB (original: GOBP_GLUTATHIONE_METABOLIC_PROCESS)
Glutathione_metabolism,GSTM6,MSigDB (original: GOBP_GLUTATHIONE_METABOLIC_PROCESS)
Glutathione_metabolism,GSTP2,MSigDB (original: GOBP_GLUTATHIONE_METABOLIC_PROCESS)
Glutathione_metabolism,GSTP1,MSigDB (original: GOBP_GLUTATHIONE_METABOLIC_PROCESS)
Glutathione_metabolism,GSTT1,MSigDB (original: GOBP_GLUTATHIONE_METABOLIC_PROCESS)
Glutathione_metabolism,GSTT2,MSigDB (original: GOBP_GLUTATHIONE_METABOLIC_PROCESS)
Glutathione_metabolism,GSTO1,MSigDB (original: GOBP_GLUTATHIONE_METABOLIC_PROCESS)
Glutathione_metabolism,GSTZ1,MSigDB (original: GOBP_GLUTATHIONE_METABOLIC_PROCESS)
Glutathione_metabolism,IDH1,MSigDB (original: GOBP_GLUTATHIONE_METABOLIC_PROCESS)
Glutathione_metabolism,NDP,MSigDB (original: GOBP_GLUTATHIONE_METABOLIC_PROCESS)
Glutathione_metabolism,NFE2L1,MSigDB (original: GOBP_GLUTATHIONE_METABOLIC_PROCESS)
Glutathione_metabolism,NFE2L2,MSigDB (original: GOBP_GLUTATHIONE_METABOLIC_PROCESS)
Glutathione_metabolism,SLC1A1,MSigDB (original: GOBP_GLUTATHIONE_METABOLIC_PROCESS)
Glutathione_metabolism,SLC1A2,MSigDB (original: GOBP_GLUTATHIONE_METABOLIC_PROCESS)
Glutathione_metabolism,SOD1,MSigDB (original: GOBP_GLUTATHIONE_METABOLIC_PROCESS)
Glutathione_metabolism,SOD2,MSigDB (original: GOBP_GLUTATHIONE_METABOLIC_PROCESS)
Glutathione_metabolism,GGT7,MSigDB (original: GOBP_GLUTATHIONE_METABOLIC_PROCESS)
Glutathione_metabolism,MGST2,MSigDB (original: GOBP_GLUTATHIONE_METABOLIC_PROCESS)
Glutathione_metabolism,CLIC5,MSigDB (original: GOBP_GLUTATHIONE_METABOLIC_PROCESS)
Glutathione_metabolism,GSTP3,MSigDB (original: GOBP_GLUTATHIONE_METABOLIC_PROCESS)
Glutathione_metabolism,GDAP1L1,MSigDB (original: GOBP_GLUTATHIONE_METABOLIC_PROCESS)
Glutathione_metabolism,TXNRD3,MSigDB (original: GOBP_GLUTATHIONE_METABOLIC_PROCESS)
Glutathione_metabolism,GGT5,MSigDB (original: GOBP_GLUTATHIONE_METABOLIC_PROCESS)
Glutathione_metabolism,SLC7A11,MSigDB (original: GOBP_GLUTATHIONE_METABOLIC_PROCESS)
Glutathione_metabolism,HMGN5,MSigDB (original: GOBP_GLUTATHIONE_METABOLIC_PROCESS)
Glutathione_metabolism,HPGDS,MSigDB (original: GOBP_GLUTATHIONE_METABOLIC_PROCESS)
Glutathione_metabolism,MGST1,MSigDB (original: GOBP_GLUTATHIONE_METABOLIC_PROCESS)
Glutathione_metabolism,PARK7,MSigDB (original: GOBP_GLUTATHIONE_METABOLIC_PROCESS)
Glutathione_metabolism,GPX4,MSigDB (original: GOBP_GLUTATHIONE_METABOLIC_PROCESS)
Glutathione_metabolism,ARL6IP5,MSigDB (original: GOBP_GLUTATHIONE_METABOLIC_PROCESS)
Glutathione_metabolism,ETHE1,MSigDB (original: GOBP_GLUTATHIONE_METABOLIC_PROCESS)
Glutathione_metabolism,MMACHC,MSigDB (original: GOBP_GLUTATHIONE_METABOLIC_PROCESS)
Glutathione_metabolism,EEF1G,MSigDB (original: GOBP_GLUTATHIONE_METABOLIC_PROCESS)
Glutathione_metabolism,CHAC2,MSigDB (original: GOBP_GLUTATHIONE_METABOLIC_PROCESS)
Glutathione_metabolism,GSTO2,MSigDB (original: GOBP_GLUTATHIONE_METABOLIC_PROCESS)
Glutathione_metabolism,GSTM7,MSigDB (original: GOBP_GLUTATHIONE_METABOLIC_PROCESS)
Glutathione_metabolism,CHAC1,MSigDB (original: GOBP_GLUTATHIONE_METABOLIC_PROCESS)
Glutathione_metabolism,CLIC3,MSigDB (original: GOBP_GLUTATHIONE_METABOLIC_PROCESS)
Glutathione_metabolism,GGT6,MSigDB (original: GOBP_GLUTATHIONE_METABOLIC_PROCESS)
Glutathione_metabolism,OPLAH,MSigDB (original: GOBP_GLUTATHIONE_METABOLIC_PROCESS)
Glutathione_metabolism,GSTT4,MSigDB (original: GOBP_GLUTATHIONE_METABOLIC_PROCESS)
Glutathione_metabolism,GSTK1,MSigDB (original: GOBP_GLUTATHIONE_METABOLIC_PROCESS)
Glutathione_metabolism,CTNS,MSigDB (original: GOBP_GLUTATHIONE_METABOLIC_PROCESS)
Glutathione_metabolism,PTGES2,MSigDB (original: GOBP_GLUTATHIONE_METABOLIC_PROCESS)
Glutathione_metabolism,DPEP1,MSigDB (original: GOBP_GLUTATHIONE_CATABOLIC_PROCESS)
Glutathione_metabolism,GGT1,MSigDB (original: GOBP_GLUTATHIONE_CATABOLIC_PROCESS)
Glutathione_metabolism,GGT7,MSigDB (original: GOBP_GLUTATHIONE_CATABOLIC_PROCESS)
Glutathione_metabolism,GGT5,MSigDB (original: GOBP_GLUTATHIONE_CATABOLIC_PROCESS)
Glutathione_metabolism,CHAC2,MSigDB (original: GOBP_GLUTATHIONE_CATABOLIC_PROCESS)
Glutathione_metabolism,CHAC1,MSigDB (original: GOBP_GLUTATHIONE_CATABOLIC_PROCESS)
Apoptosis,SHARPIN,MSigDB (original: GOBP_CELLULAR_COMPONENT_DISASSEMBLY_INVOLVED_IN_EXECUTION_PHASE_OF_APOPTOSIS)
Apoptosis,APAF1,MSigDB (original: GOBP_CELLULAR_COMPONENT_DISASSEMBLY_INVOLVED_IN_EXECUTION_PHASE_OF_APOPTOSIS)
Apoptosis,BAX,MSigDB (original: GOBP_CELLULAR_COMPONENT_DISASSEMBLY_INVOLVED_IN_EXECUTION_PHASE_OF_APOPTOSIS)
Apoptosis,CASP3,MSigDB (original: GOBP_CELLULAR_COMPONENT_DISASSEMBLY_INVOLVED_IN_EXECUTION_PHASE_OF_APOPTOSIS)
Apoptosis,CD24A,MSigDB (original: GOBP_CELLULAR_COMPONENT_DISASSEMBLY_INVOLVED_IN_EXECUTION_PHASE_OF_APOPTOSIS)
Apoptosis,CDKN2A,MSigDB (original: GOBP_CELLULAR_COMPONENT_DISASSEMBLY_INVOLVED_IN_EXECUTION_PHASE_OF_APOPTOSIS)
Apoptosis,CIDEA,MSigDB (original: GOBP_CELLULAR_COMPONENT_DISASSEMBLY_INVOLVED_IN_EXECUTION_PHASE_OF_APOPTOSIS)
Apoptosis,DFFA,MSigDB (original: GOBP_CELLULAR_COMPONENT_DISASSEMBLY_INVOLVED_IN_EXECUTION_PHASE_OF_APOPTOSIS)
Apoptosis,DFFB,MSigDB (original: GOBP_CELLULAR_COMPONENT_DISASSEMBLY_INVOLVED_IN_EXECUTION_PHASE_OF_APOPTOSIS)
Apoptosis,DNASE1L3,MSigDB (original: GOBP_CELLULAR_COMPONENT_DISASSEMBLY_INVOLVED_IN_EXECUTION_PHASE_OF_APOPTOSIS)
Apoptosis,DNASE2A,MSigDB (original: GOBP_CELLULAR_COMPONENT_DISASSEMBLY_INVOLVED_IN_EXECUTION_PHASE_OF_APOPTOSIS)
Apoptosis,ENDOG,MSigDB (original: GOBP_CELLULAR_COMPONENT_DISASSEMBLY_INVOLVED_IN_EXECUTION_PHASE_OF_APOPTOSIS)
Apoptosis,GATA5,MSigDB (original: GOBP_CELLULAR_COMPONENT_DISASSEMBLY_INVOLVED_IN_EXECUTION_PHASE_OF_APOPTOSIS)
Apoptosis,HSF1,MSigDB (original: GOBP_CELLULAR_COMPONENT_DISASSEMBLY_INVOLVED_IN_EXECUTION_PHASE_OF_APOPTOSIS)
Apoptosis,IGFBP3,MSigDB (original: GOBP_CELLULAR_COMPONENT_DISASSEMBLY_INVOLVED_IN_EXECUTION_PHASE_OF_APOPTOSIS)
Apoptosis,IL6,MSigDB (original: GOBP_CELLULAR_COMPONENT_DISASSEMBLY_INVOLVED_IN_EXECUTION_PHASE_OF_APOPTOSIS)
Apoptosis,DICER1,MSigDB (original: GOBP_CELLULAR_COMPONENT_DISASSEMBLY_INVOLVED_IN_EXECUTION_PHASE_OF_APOPTOSIS)
Apoptosis,EXOG,MSigDB (original: GOBP_CELLULAR_COMPONENT_DISASSEMBLY_INVOLVED_IN_EXECUTION_PHASE_OF_APOPTOSIS)
Apoptosis,HNF1A,MSigDB (original: GOBP_CELLULAR_COMPONENT_DISASSEMBLY_INVOLVED_IN_EXECUTION_PHASE_OF_APOPTOSIS)
Apoptosis,TOP2A,MSigDB (original: GOBP_CELLULAR_COMPONENT_DISASSEMBLY_INVOLVED_IN_EXECUTION_PHASE_OF_APOPTOSIS)
Apoptosis,VPS54,MSigDB (original: GOBP_CELLULAR_COMPONENT_DISASSEMBLY_INVOLVED_IN_EXECUTION_PHASE_OF_APOPTOSIS)
Apoptosis,ERN2,MSigDB (original: GOBP_CELLULAR_COMPONENT_DISASSEMBLY_INVOLVED_IN_EXECUTION_PHASE_OF_APOPTOSIS)
Apoptosis,AIFM1,MSigDB (original: GOBP_CELLULAR_COMPONENT_DISASSEMBLY_INVOLVED_IN_EXECUTION_PHASE_OF_APOPTOSIS)
Apoptosis,FOXL2,MSigDB (original: GOBP_CELLULAR_COMPONENT_DISASSEMBLY_INVOLVED_IN_EXECUTION_PHASE_OF_APOPTOSIS)
Apoptosis,ACVR1C,MSigDB (original: GOBP_CELLULAR_COMPONENT_DISASSEMBLY_INVOLVED_IN_EXECUTION_PHASE_OF_APOPTOSIS)
Apoptosis,BOK,MSigDB (original: GOBP_CELLULAR_COMPONENT_DISASSEMBLY_INVOLVED_IN_EXECUTION_PHASE_OF_APOPTOSIS)
Apoptosis,BLCAP,MSigDB (original: GOBP_CELLULAR_COMPONENT_DISASSEMBLY_INVOLVED_IN_EXECUTION_PHASE_OF_APOPTOSIS)
Apoptosis,ACIN1,MSigDB (original: GOBP_CELLULAR_COMPONENT_DISASSEMBLY_INVOLVED_IN_EXECUTION_PHASE_OF_APOPTOSIS)
Apoptosis,DNASE2B,MSigDB (original: GOBP_CELLULAR_COMPONENT_DISASSEMBLY_INVOLVED_IN_EXECUTION_PHASE_OF_APOPTOSIS)
Apoptosis,NMNAT1,MSigDB (original: GOBP_CELLULAR_COMPONENT_DISASSEMBLY_INVOLVED_IN_EXECUTION_PHASE_OF_APOPTOSIS)
Apoptosis,DEDD2,MSigDB (original: GOBP_CELLULAR_COMPONENT_DISASSEMBLY_INVOLVED_IN_EXECUTION_PHASE_OF_APOPTOSIS)
Apoptosis,GPER1,MSigDB (original: GOBP_CELLULAR_COMPONENT_DISASSEMBLY_INVOLVED_IN_EXECUTION_PHASE_OF_APOPTOSIS)
Apoptosis,CDK5RAP3,MSigDB (original: GOBP_CELLULAR_COMPONENT_DISASSEMBLY_INVOLVED_IN_EXECUTION_PHASE_OF_APOPTOSIS)
p53_pathway,CASP2,MSigDB (original: GOBP_DNA_DAMAGE_RESPONSE_SIGNAL_TRANSDUCTION_BY_P53_CLASS_MEDIATOR_RESULTING_IN_CELL_CYCLE_ARREST)
p53_pathway,CDKN1A,MSigDB (original: GOBP_DNA_DAMAGE_RESPONSE_SIGNAL_TRANSDUCTION_BY_P53_CLASS_MEDIATOR_RESULTING_IN_CELL_CYCLE_ARREST)
p53_pathway,CRADD,MSigDB (original: GOBP_DNA_DAMAGE_RESPONSE_SIGNAL_TRANSDUCTION_BY_P53_CLASS_MEDIATOR_RESULTING_IN_CELL_CYCLE_ARREST)
p53_pathway,PTPRV,MSigDB (original: GOBP_DNA_DAMAGE_RESPONSE_SIGNAL_TRANSDUCTION_BY_P53_CLASS_MEDIATOR_RESULTING_IN_CELL_CYCLE_ARREST)
p53_pathway,MDM2,MSigDB (original: GOBP_DNA_DAMAGE_RESPONSE_SIGNAL_TRANSDUCTION_BY_P53_CLASS_MEDIATOR_RESULTING_IN_CELL_CYCLE_ARREST)
p53_pathway,MUC1,MSigDB (original: GOBP_DNA_DAMAGE_RESPONSE_SIGNAL_TRANSDUCTION_BY_P53_CLASS_MEDIATOR_RESULTING_IN_CELL_CYCLE_ARREST)
p53_pathway,PML,MSigDB (original: GOBP_DNA_DAMAGE_RESPONSE_SIGNAL_TRANSDUCTION_BY_P53_CLASS_MEDIATOR_RESULTING_IN_CELL_CYCLE_ARREST)
p53_pathway,RPL26,MSigDB (original: GOBP_DNA_DAMAGE_RESPONSE_SIGNAL_TRANSDUCTION_BY_P53_CLASS_MEDIATOR_RESULTING_IN_CELL_CYCLE_ARREST)
p53_pathway,TRP53,MSigDB (original: GOBP_DNA_DAMAGE_RESPONSE_SIGNAL_TRANSDUCTION_BY_P53_CLASS_MEDIATOR_RESULTING_IN_CELL_CYCLE_ARREST)
p53_pathway,PRAP1,MSigDB (original: GOBP_DNA_DAMAGE_RESPONSE_SIGNAL_TRANSDUCTION_BY_P53_CLASS_MEDIATOR_RESULTING_IN_CELL_CYCLE_ARREST)
p53_pathway,PPP2R5C,MSigDB (original: GOBP_DNA_DAMAGE_RESPONSE_SIGNAL_TRANSDUCTION_BY_P53_CLASS_MEDIATOR_RESULTING_IN_CELL_CYCLE_ARREST)
p53_pathway,RBM38,MSigDB (original: GOBP_DNA_DAMAGE_RESPONSE_SIGNAL_TRANSDUCTION_BY_P53_CLASS_MEDIATOR_RESULTING_IN_CELL_CYCLE_ARREST)
p53_pathway,PIDD1,MSigDB (original: GOBP_DNA_DAMAGE_RESPONSE_SIGNAL_TRANSDUCTION_BY_P53_CLASS_MEDIATOR_RESULTING_IN_CELL_CYCLE_ARREST)
Autophagy,RUBCN,MSigDB (original: GOBP_REGULATION_OF_AUTOPHAGY)
Autophagy,ATG14,MSigDB (original: GOBP_REGULATION_OF_AUTOPHAGY)
Autophagy,USP30,MSigDB (original: GOBP_REGULATION_OF_AUTOPHAGY)
Autophagy,TBC1D14,MSigDB (original: GOBP_REGULATION_OF_AUTOPHAGY)
Autophagy,NLRP6,MSigDB (original: GOBP_REGULATION_OF_AUTOPHAGY)
Autophagy,TRIM68,MSigDB (original: GOBP_REGULATION_OF_AUTOPHAGY)
Autophagy,QSOX1,MSigDB (original: GOBP_REGULATION_OF_AUTOPHAGY)
Autophagy,PRKAA1,MSigDB (original: GOBP_REGULATION_OF_AUTOPHAGY)
Autophagy,TICAM1,MSigDB (original: GOBP_REGULATION_OF_AUTOPHAGY)
Autophagy,GPR137,MSigDB (original: GOBP_REGULATION_OF_AUTOPHAGY)
Autophagy,NOD1,MSigDB (original: GOBP_REGULATION_OF_AUTOPHAGY)
Autophagy,PRKAA2,MSigDB (original: GOBP_REGULATION_OF_AUTOPHAGY)
Autophagy,PIP4K2B,MSigDB (original: GOBP_REGULATION_OF_AUTOPHAGY)
Autophagy,EHMT2,MSigDB (original: GOBP_REGULATION_OF_AUTOPHAGY)
Autophagy,ADRA1A,MSigDB (original: GOBP_REGULATION_OF_AUTOPHAGY)
Autophagy,ADRB2,MSigDB (original: GOBP_REGULATION_OF_AUTOPHAGY)
Autophagy,AGER,MSigDB (original: GOBP_REGULATION_OF_AUTOPHAGY)
Autophagy,AKT1,MSigDB (original: GOBP_REGULATION_OF_AUTOPHAGY)
Autophagy,PIP4K2C,MSigDB (original: GOBP_REGULATION_OF_AUTOPHAGY)
Autophagy,SLC25A4,MSigDB (original: GOBP_REGULATION_OF_AUTOPHAGY)
Autophagy,SLC25A5,MSigDB (original: GOBP_REGULATION_OF_AUTOPHAGY)
Autophagy,ATG5,MSigDB (original: GOBP_REGULATION_OF_AUTOPHAGY)
Autophagy,ATM,MSigDB (original: GOBP_REGULATION_OF_AUTOPHAGY)
Autophagy,ATP6V0A1,MSigDB (original: GOBP_REGULATION_OF_AUTOPHAGY)
Autophagy,BCL2,MSigDB (original: GOBP_REGULATION_OF_AUTOPHAGY)
Autophagy,BID,MSigDB (original: GOBP_REGULATION_OF_AUTOPHAGY)
Autophagy,BCL2L11,MSigDB (original: GOBP_REGULATION_OF_AUTOPHAGY)
Autophagy,BNIP3,MSigDB (original: GOBP_REGULATION_OF_AUTOPHAGY)
Autophagy,BNIP3L,MSigDB (original: GOBP_REGULATION_OF_AUTOPHAGY)
Autophagy,TSPO,MSigDB (original: GOBP_REGULATION_OF_AUTOPHAGY)
Autophagy,CASP1,MSigDB (original: GOBP_REGULATION_OF_AUTOPHAGY)
Autophagy,RB1CC1,MSigDB (original: GOBP_REGULATION_OF_AUTOPHAGY)
Autophagy,CLN3,MSigDB (original: GOBP_REGULATION_OF_AUTOPHAGY)
Autophagy,PLK3,MSigDB (original: GOBP_REGULATION_OF_AUTOPHAGY)
Autophagy,CRYBA1,MSigDB (original: GOBP_REGULATION_OF_AUTOPHAGY)
Autophagy,CTTN,MSigDB (original: GOBP_REGULATION_OF_AUTOPHAGY)
Autophagy,DCN,MSigDB (original: GOBP_REGULATION_OF_AUTOPHAGY)
Autophagy,DDIT3,MSigDB (original: GOBP_REGULATION_OF_AUTOPHAGY)
Autophagy,EIF4G2,MSigDB (original: GOBP_REGULATION_OF_AUTOPHAGY)
Autophagy,ENDOG,MSigDB (original: GOBP_REGULATION_OF_AUTOPHAGY)
Autophagy,EPM2A,MSigDB (original: GOBP_REGULATION_OF_AUTOPHAGY)
Autophagy,SESN1,MSigDB (original: GOBP_REGULATION_OF_AUTOPHAGY)
Autophagy,PTK2,MSigDB (original: GOBP_REGULATION_OF_AUTOPHAGY)
Autophagy,FKBP8,MSigDB (original: GOBP_REGULATION_OF_AUTOPHAGY)
Autophagy,GATA4,MSigDB (original: GOBP_REGULATION_OF_AUTOPHAGY)
Autophagy,GFAP,MSigDB (original: GOBP_REGULATION_OF_AUTOPHAGY)
Autophagy,GNAI3,MSigDB (original: GOBP_REGULATION_OF_AUTOPHAGY)
Autophagy,HDAC6,MSigDB (original: GOBP_REGULATION_OF_AUTOPHAGY)
Autophagy,HTT,MSigDB (original: GOBP_REGULATION_OF_AUTOPHAGY)
Autophagy,HIF1A,MSigDB (original: GOBP_REGULATION_OF_AUTOPHAGY)
Autophagy,HMGB1,MSigDB (original: GOBP_REGULATION_OF_AUTOPHAGY)
Autophagy,HMOX1,MSigDB (original: GOBP_REGULATION_OF_AUTOPHAGY)
Autophagy,HPSE,MSigDB (original: GOBP_REGULATION_OF_AUTOPHAGY)
Autophagy,HTR2B,MSigDB (original: GOBP_REGULATION_OF_AUTOPHAGY)
Autophagy,IRGM1,MSigDB (original: GOBP_REGULATION_OF_AUTOPHAGY)
Autophagy,IFNB1,MSigDB (original: GOBP_REGULATION_OF_AUTOPHAGY)
Autophagy,IFNG,MSigDB (original: GOBP_REGULATION_OF_AUTOPHAGY)
Autophagy,IGTP,MSigDB (original: GOBP_REGULATION_OF_AUTOPHAGY)
Autophagy,IKBKG,MSigDB (original: GOBP_REGULATION_OF_AUTOPHAGY)
Autophagy,IL10,MSigDB (original: GOBP_REGULATION_OF_AUTOPHAGY)
Autophagy,IL10RA,MSigDB (original: GOBP_REGULATION_OF_AUTOPHAGY)
Autophagy,IL3,MSigDB (original: GOBP_REGULATION_OF_AUTOPHAGY)
Autophagy,IL4,MSigDB (original: GOBP_REGULATION_OF_AUTOPHAGY)
Autophagy,KDR,MSigDB (original: GOBP_REGULATION_OF_AUTOPHAGY)
Autophagy,LEP,MSigDB (original: GOBP_REGULATION_OF_AUTOPHAGY)
Autophagy,LEPR,MSigDB (original: GOBP_REGULATION_OF_AUTOPHAGY)
Autophagy,LMX1B,MSigDB (original: GOBP_REGULATION_OF_AUTOPHAGY)
Autophagy,SNX18,MSigDB (original: GOBP_REGULATION_OF_AUTOPHAGY)
Autophagy,MTMR4,MSigDB (original: GOBP_REGULATION_OF_AUTOPHAGY)
Autophagy,USP33,MSigDB (original: GOBP_REGULATION_OF_AUTOPHAGY)
Autophagy,BMF,MSigDB (original: GOBP_REGULATION_OF_AUTOPHAGY)
Autophagy,NPRL3,MSigDB (original: GOBP_REGULATION_OF_AUTOPHAGY)
Autophagy,MCL1,MSigDB (original: GOBP_REGULATION_OF_AUTOPHAGY)
Autophagy,RAB8A,MSigDB (original: GOBP_REGULATION_OF_AUTOPHAGY)
Autophagy,FYCO1,MSigDB (original: GOBP_REGULATION_OF_AUTOPHAGY)
Autophagy,FOXK1,MSigDB (original: GOBP_REGULATION_OF_AUTOPHAGY)
Autophagy,MT3,MSigDB (original: GOBP_REGULATION_OF_AUTOPHAGY)
Autophagy,MAPT,MSigDB (original: GOBP_REGULATION_OF_AUTOPHAGY)
Autophagy,MTM1,MSigDB (original: GOBP_REGULATION_OF_AUTOPHAGY)
Autophagy,NPC1,MSigDB (original: GOBP_REGULATION_OF_AUTOPHAGY)
Autophagy,PAFAH1B2,MSigDB (original: GOBP_REGULATION_OF_AUTOPHAGY)
Autophagy,CDK16,MSigDB (original: GOBP_REGULATION_OF_AUTOPHAGY)
Autophagy,PIK3C2A,MSigDB (original: GOBP_REGULATION_OF_AUTOPHAGY)
Autophagy,PIK3R2,MSigDB (original: GOBP_REGULATION_OF_AUTOPHAGY)
Autophagy,PIM2,MSigDB (original: GOBP_REGULATION_OF_AUTOPHAGY)
Autophagy,PIP4K2A,MSigDB (original: GOBP_REGULATION_OF_AUTOPHAGY)
Autophagy,PRKD1,MSigDB (original: GOBP_REGULATION_OF_AUTOPHAGY)
Autophagy,CTSA,MSigDB (original: GOBP_REGULATION_OF_AUTOPHAGY)
Autophagy,PTPN22,MSigDB (original: GOBP_REGULATION_OF_AUTOPHAGY)
Autophagy,RIPK2,MSigDB (original: GOBP_REGULATION_OF_AUTOPHAGY)
Autophagy,RFPL4,MSigDB (original: GOBP_REGULATION_OF_AUTOPHAGY)
Autophagy,RAB12,MSigDB (original: GOBP_REGULATION_OF_AUTOPHAGY)
Autophagy,ROCK1,MSigDB (original: GOBP_REGULATION_OF_AUTOPHAGY)
Autophagy,TRIM30A,MSigDB (original: GOBP_REGULATION_OF_AUTOPHAGY)
Autophagy,SEC22B,MSigDB (original: GOBP_REGULATION_OF_AUTOPHAGY)
Autophagy,SLC7A5,MSigDB (original: GOBP_REGULATION_OF_AUTOPHAGY)
Autophagy,SNCA,MSigDB (original: GOBP_REGULATION_OF_AUTOPHAGY)
Autophagy,PLK2,MSigDB (original: GOBP_REGULATION_OF_AUTOPHAGY)
Autophagy,SPTLC2,MSigDB (original: GOBP_REGULATION_OF_AUTOPHAGY)
Autophagy,SREBF1,MSigDB (original: GOBP_REGULATION_OF_AUTOPHAGY)
Autophagy,TRIM21,MSigDB (original: GOBP_REGULATION_OF_AUTOPHAGY)
Autophagy,STAT3,MSigDB (original: GOBP_REGULATION_OF_AUTOPHAGY)
Autophagy,EIF4G1,MSigDB (original: GOBP_REGULATION_OF_AUTOPHAGY)
Autophagy,STK11,MSigDB (original: GOBP_REGULATION_OF_AUTOPHAGY)
Autophagy,SNX30,MSigDB (original: GOBP_REGULATION_OF_AUTOPHAGY)
Autophagy,SUPT5,MSigDB (original: GOBP_REGULATION_OF_AUTOPHAGY)
Autophagy,TRIM30D,MSigDB (original: GOBP_REGULATION_OF_AUTOPHAGY)
Autophagy,TBC1D25,MSigDB (original: GOBP_REGULATION_OF_AUTOPHAGY)
Autophagy,MTMR9,MSigDB (original: GOBP_REGULATION_OF_AUTOPHAGY)
Autophagy,LZTS1,MSigDB (original: GOBP_REGULATION_OF_AUTOPHAGY)
Autophagy,DEPP1,MSigDB (original: GOBP_REGULATION_OF_AUTOPHAGY)
Autophagy,TRIM38,MSigDB (original: GOBP_REGULATION_OF_AUTOPHAGY)
Autophagy,TFEB,MSigDB (original: GOBP_REGULATION_OF_AUTOPHAGY)
Autophagy,TRIM58,MSigDB (original: GOBP_REGULATION_OF_AUTOPHAGY)
Autophagy,FLCN,MSigDB (original: GOBP_REGULATION_OF_AUTOPHAGY)
Autophagy,WDR41,MSigDB (original: GOBP_REGULATION_OF_AUTOPHAGY)
Autophagy,TNFAIP3,MSigDB (original: GOBP_REGULATION_OF_AUTOPHAGY)
Autophagy,TOM1,MSigDB (original: GOBP_REGULATION_OF_AUTOPHAGY)
Autophagy,TRP53,MSigDB (original: GOBP_REGULATION_OF_AUTOPHAGY)
Autophagy,TSC2,MSigDB (original: GOBP_REGULATION_OF_AUTOPHAGY)
Autophagy,USP10,MSigDB (original: GOBP_REGULATION_OF_AUTOPHAGY)
Autophagy,ULK1,MSigDB (original: GOBP_REGULATION_OF_AUTOPHAGY)
Autophagy,VDAC1,MSigDB (original: GOBP_REGULATION_OF_AUTOPHAGY)
Autophagy,DAP,MSigDB (original: GOBP_REGULATION_OF_AUTOPHAGY)
Autophagy,NRBP2,MSigDB (original: GOBP_REGULATION_OF_AUTOPHAGY)
Autophagy,KLHL22,MSigDB (original: GOBP_REGULATION_OF_AUTOPHAGY)
Autophagy,XBP1,MSigDB (original: GOBP_REGULATION_OF_AUTOPHAGY)
Autophagy,FEZ2,MSigDB (original: GOBP_REGULATION_OF_AUTOPHAGY)
Autophagy,WAC,MSigDB (original: GOBP_REGULATION_OF_AUTOPHAGY)
Autophagy,PIK3C3,MSigDB (original: GOBP_REGULATION_OF_AUTOPHAGY)
Autophagy,XPA,MSigDB (original: GOBP_REGULATION_OF_AUTOPHAGY)
Autophagy,RAB3GAP1,MSigDB (original: GOBP_REGULATION_OF_AUTOPHAGY)
Autophagy,ATF6,MSigDB (original: GOBP_REGULATION_OF_AUTOPHAGY)
Autophagy,LRSAM1,MSigDB (original: GOBP_REGULATION_OF_AUTOPHAGY)
Autophagy,AMBRA1,MSigDB (original: GOBP_REGULATION_OF_AUTOPHAGY)
Autophagy,TRIB3,MSigDB (original: GOBP_REGULATION_OF_AUTOPHAGY)
Autophagy,ELAPOR1,MSigDB (original: GOBP_REGULATION_OF_AUTOPHAGY)
Autophagy,ACER2,MSigDB (original: GOBP_REGULATION_OF_AUTOPHAGY)
Autophagy,KDM4A,MSigDB (original: GOBP_REGULATION_OF_AUTOPHAGY)
Autophagy,ZMPSTE24,MSigDB (original: GOBP_REGULATION_OF_AUTOPHAGY)
Autophagy,ZC3H12A,MSigDB (original: GOBP_REGULATION_OF_AUTOPHAGY)
Autophagy,SESN2,MSigDB (original: GOBP_REGULATION_OF_AUTOPHAGY)
Autophagy,VPS13D,MSigDB (original: GOBP_REGULATION_OF_AUTOPHAGY)
Autophagy,TPCN2,MSigDB (original: GOBP_REGULATION_OF_AUTOPHAGY)
Autophagy,FEZ1,MSigDB (original: GOBP_REGULATION_OF_AUTOPHAGY)
Autophagy,HERC1,MSigDB (original: GOBP_REGULATION_OF_AUTOPHAGY)
Autophagy,SMCR8,MSigDB (original: GOBP_REGULATION_OF_AUTOPHAGY)
Autophagy,MID2,MSigDB (original: GOBP_REGULATION_OF_AUTOPHAGY)
Autophagy,LAMP3,MSigDB (original: GOBP_REGULATION_OF_AUTOPHAGY)
Autophagy,TLR2,MSigDB (original: GOBP_REGULATION_OF_AUTOPHAGY)
Autophagy,TRIM30B,MSigDB (original: GOBP_REGULATION_OF_AUTOPHAGY)
Autophagy,RRAGB,MSigDB (original: GOBP_REGULATION_OF_AUTOPHAGY)
Autophagy,TPCN1,MSigDB (original: GOBP_REGULATION_OF_AUTOPHAGY)
Autophagy,NOD2,MSigDB (original: GOBP_REGULATION_OF_AUTOPHAGY)
Autophagy,MAP2K1,MSigDB (original: GOBP_REGULATION_OF_AUTOPHAGY)
Autophagy,MAP3K7,MSigDB (original: GOBP_REGULATION_OF_AUTOPHAGY)
Autophagy,MAPK3,MSigDB (original: GOBP_REGULATION_OF_AUTOPHAGY)
Autophagy,SPTLC1,MSigDB (original: GOBP_REGULATION_OF_AUTOPHAGY)
Autophagy,RNF31,MSigDB (original: GOBP_REGULATION_OF_AUTOPHAGY)
Autophagy,WDR24,MSigDB (original: GOBP_REGULATION_OF_AUTOPHAGY)
Autophagy,DEPDC5,MSigDB (original: GOBP_REGULATION_OF_AUTOPHAGY)
Autophagy,BAG3,MSigDB (original: GOBP_REGULATION_OF_AUTOPHAGY)
Autophagy,ULK2,MSigDB (original: GOBP_REGULATION_OF_AUTOPHAGY)
Autophagy,TRIM12C,MSigDB (original: GOBP_REGULATION_OF_AUTOPHAGY)
Autophagy,SMO,MSigDB (original: GOBP_REGULATION_OF_AUTOPHAGY)
Autophagy,TIGAR,MSigDB (original: GOBP_REGULATION_OF_AUTOPHAGY)
Autophagy,RNF152,MSigDB (original: GOBP_REGULATION_OF_AUTOPHAGY)
Autophagy,VPS13C,MSigDB (original: GOBP_REGULATION_OF_AUTOPHAGY)
Autophagy,SOGA1,MSigDB (original: GOBP_REGULATION_OF_AUTOPHAGY)
Autophagy,ATG2A,MSigDB (original: GOBP_REGULATION_OF_AUTOPHAGY)
Autophagy,MAPK15,MSigDB (original: GOBP_REGULATION_OF_AUTOPHAGY)
Autophagy,TRIM65,MSigDB (original: GOBP_REGULATION_OF_AUTOPHAGY)
Autophagy,PARL,MSigDB (original: GOBP_REGULATION_OF_AUTOPHAGY)
Autophagy,TRIM34B,MSigDB (original: GOBP_REGULATION_OF_AUTOPHAGY)
Autophagy,TRIM30C,MSigDB (original: GOBP_REGULATION_OF_AUTOPHAGY)
Autophagy,RUFY4,MSigDB (original: GOBP_REGULATION_OF_AUTOPHAGY)
Autophagy,ERCC4,MSigDB (original: GOBP_REGULATION_OF_AUTOPHAGY)
Autophagy,FBXW7,MSigDB (original: GOBP_REGULATION_OF_AUTOPHAGY)
Autophagy,KEAP1,MSigDB (original: GOBP_REGULATION_OF_AUTOPHAGY)
Autophagy,PRKN,MSigDB (original: GOBP_REGULATION_OF_AUTOPHAGY)
Autophagy,BOK,MSigDB (original: GOBP_REGULATION_OF_AUTOPHAGY)
Autophagy,ATG13,MSigDB (original: GOBP_REGULATION_OF_AUTOPHAGY)
Autophagy,RRAGD,MSigDB (original: GOBP_REGULATION_OF_AUTOPHAGY)
Autophagy,CISD1,MSigDB (original: GOBP_REGULATION_OF_AUTOPHAGY)
Autophagy,WIPI1,MSigDB (original: GOBP_REGULATION_OF_AUTOPHAGY)
Autophagy,RRAGC,MSigDB (original: GOBP_REGULATION_OF_AUTOPHAGY)
Autophagy,RNF5,MSigDB (original: GOBP_REGULATION_OF_AUTOPHAGY)
Autophagy,IRGM2,MSigDB (original: GOBP_REGULATION_OF_AUTOPHAGY)
Autophagy,MEFV,MSigDB (original: GOBP_REGULATION_OF_AUTOPHAGY)
Autophagy,UBQLN2,MSigDB (original: GOBP_REGULATION_OF_AUTOPHAGY)
Autophagy,WDR45,MSigDB (original: GOBP_REGULATION_OF_AUTOPHAGY)
Autophagy,SH3GLB1,MSigDB (original: GOBP_REGULATION_OF_AUTOPHAGY)
Autophagy,NPRL2,MSigDB (original: GOBP_REGULATION_OF_AUTOPHAGY)
Autophagy,UBQLN1,MSigDB (original: GOBP_REGULATION_OF_AUTOPHAGY)
Autophagy,BECN1,MSigDB (original: GOBP_REGULATION_OF_AUTOPHAGY)
Autophagy,NUPR1,MSigDB (original: GOBP_REGULATION_OF_AUTOPHAGY)
Autophagy,SCOC,MSigDB (original: GOBP_REGULATION_OF_AUTOPHAGY)
Autophagy,TMEM59,MSigDB (original: GOBP_REGULATION_OF_AUTOPHAGY)
Autophagy,FOXO1,MSigDB (original: GOBP_REGULATION_OF_AUTOPHAGY)
Autophagy,TBK1,MSigDB (original: GOBP_REGULATION_OF_AUTOPHAGY)
Autophagy,FOXO3,MSigDB (original: GOBP_REGULATION_OF_AUTOPHAGY)
Autophagy,GSK3B,MSigDB (original: GOBP_REGULATION_OF_AUTOPHAGY)
Autophagy,MLST8,MSigDB (original: GOBP_REGULATION_OF_AUTOPHAGY)
Autophagy,MTOR,MSigDB (original: GOBP_REGULATION_OF_AUTOPHAGY)
Autophagy,NAMPT,MSigDB (original: GOBP_REGULATION_OF_AUTOPHAGY)
Autophagy,IIGP1,MSigDB (original: GOBP_REGULATION_OF_AUTOPHAGY)
Autophagy,TRP53INP1,MSigDB (original: GOBP_REGULATION_OF_AUTOPHAGY)
Autophagy,GSK3A,MSigDB (original: GOBP_REGULATION_OF_AUTOPHAGY)
Autophagy,MOAP1,MSigDB (original: GOBP_REGULATION_OF_AUTOPHAGY)
Autophagy,RALB,MSigDB (original: GOBP_REGULATION_OF_AUTOPHAGY)
Autophagy,SIRT2,MSigDB (original: GOBP_REGULATION_OF_AUTOPHAGY)
Autophagy,TSC1,MSigDB (original: GOBP_REGULATION_OF_AUTOPHAGY)
Autophagy,TRIM13,MSigDB (original: GOBP_REGULATION_OF_AUTOPHAGY)
Autophagy,ORMDL3,MSigDB (original: GOBP_REGULATION_OF_AUTOPHAGY)
Autophagy,LRRK2,MSigDB (original: GOBP_REGULATION_OF_AUTOPHAGY)
Autophagy,TRIM5,MSigDB (original: GOBP_REGULATION_OF_AUTOPHAGY)
Autophagy,PYCARD,MSigDB (original: GOBP_REGULATION_OF_AUTOPHAGY)
Autophagy,CISD2,MSigDB (original: GOBP_REGULATION_OF_AUTOPHAGY)
Autophagy,MTDH,MSigDB (original: GOBP_REGULATION_OF_AUTOPHAGY)
Autophagy,DRAM2,MSigDB (original: GOBP_REGULATION_OF_AUTOPHAGY)
Autophagy,SOGA3,MSigDB (original: GOBP_REGULATION_OF_AUTOPHAGY)
Autophagy,UFL1,MSigDB (original: GOBP_REGULATION_OF_AUTOPHAGY)
Autophagy,ATG12,MSigDB (original: GOBP_REGULATION_OF_AUTOPHAGY)
Autophagy,RNF41,MSigDB (original: GOBP_REGULATION_OF_AUTOPHAGY)
Autophagy,KAT8,MSigDB (original: GOBP_REGULATION_OF_AUTOPHAGY)
Autophagy,RAB39B,MSigDB (original: GOBP_REGULATION_OF_AUTOPHAGY)
Autophagy,POLDIP2,MSigDB (original: GOBP_REGULATION_OF_AUTOPHAGY)
Autophagy,GPSM1,MSigDB (original: GOBP_REGULATION_OF_AUTOPHAGY)
Autophagy,TMEM39A,MSigDB (original: GOBP_REGULATION_OF_AUTOPHAGY)
Autophagy,CCNY,MSigDB (original: GOBP_REGULATION_OF_AUTOPHAGY)
Autophagy,ATG101,MSigDB (original: GOBP_REGULATION_OF_AUTOPHAGY)
Autophagy,RRAGA,MSigDB (original: GOBP_REGULATION_OF_AUTOPHAGY)
Autophagy,MTCL1,MSigDB (original: GOBP_REGULATION_OF_AUTOPHAGY)
Autophagy,TRP53INP2,MSigDB (original: GOBP_REGULATION_OF_AUTOPHAGY)
Autophagy,WASHC1,MSigDB (original: GOBP_REGULATION_OF_AUTOPHAGY)
Autophagy,FOXK2,MSigDB (original: GOBP_REGULATION_OF_AUTOPHAGY)
Autophagy,PINK1,MSigDB (original: GOBP_REGULATION_OF_AUTOPHAGY)
Autophagy,DCAF12,MSigDB (original: GOBP_REGULATION_OF_AUTOPHAGY)
Autophagy,SNX4,MSigDB (original: GOBP_REGULATION_OF_AUTOPHAGY)
Autophagy,DAPK1,MSigDB (original: GOBP_REGULATION_OF_AUTOPHAGY)
Autophagy,FBXO7,MSigDB (original: GOBP_REGULATION_OF_AUTOPHAGY)
Autophagy,TRIM32,MSigDB (original: GOBP_REGULATION_OF_AUTOPHAGY)
Autophagy,RASIP1,MSigDB (original: GOBP_REGULATION_OF_AUTOPHAGY)
Autophagy,TECPR1,MSigDB (original: GOBP_REGULATION_OF_AUTOPHAGY)
Autophagy,OPTN,MSigDB (original: GOBP_REGULATION_OF_AUTOPHAGY)
Autophagy,DRAM1,MSigDB (original: GOBP_REGULATION_OF_AUTOPHAGY)
Autophagy,ULK3,MSigDB (original: GOBP_REGULATION_OF_AUTOPHAGY)
Autophagy,MFSD8,MSigDB (original: GOBP_REGULATION_OF_AUTOPHAGY)
Autophagy,FBXL2,MSigDB (original: GOBP_REGULATION_OF_AUTOPHAGY)
Autophagy,PLEKHF1,MSigDB (original: GOBP_REGULATION_OF_AUTOPHAGY)
Autophagy,USP36,MSigDB (original: GOBP_REGULATION_OF_AUTOPHAGY)
Autophagy,STING1,MSigDB (original: GOBP_REGULATION_OF_AUTOPHAGY)
Autophagy,USP13,MSigDB (original: GOBP_REGULATION_OF_AUTOPHAGY)
Autophagy,LARP1,MSigDB (original: GOBP_REGULATION_OF_AUTOPHAGY)
Autophagy,C9ORF72,MSigDB (original: GOBP_REGULATION_OF_AUTOPHAGY)
Autophagy,DNM1L,MSigDB (original: GOBP_REGULATION_OF_AUTOPHAGY)
Autophagy,ATG7,MSigDB (original: GOBP_REGULATION_OF_AUTOPHAGY)
Autophagy,MTMR3,MSigDB (original: GOBP_REGULATION_OF_AUTOPHAGY)
Autophagy,RPTOR,MSigDB (original: GOBP_REGULATION_OF_AUTOPHAGY)
Autophagy,CLEC16A,MSigDB (original: GOBP_REGULATION_OF_AUTOPHAGY)
Autophagy,ATP13A2,MSigDB (original: GOBP_REGULATION_OF_AUTOPHAGY)
Autophagy,CHMP4B,MSigDB (original: GOBP_REGULATION_OF_AUTOPHAGY)
Autophagy,PIK3R4,MSigDB (original: GOBP_REGULATION_OF_AUTOPHAGY)
Autophagy,SVIP,MSigDB (original: GOBP_REGULATION_OF_AUTOPHAGY)
Autophagy,SESN3,MSigDB (original: GOBP_REGULATION_OF_AUTOPHAGY)
Autophagy,RMC1,MSigDB (original: GOBP_REGULATION_OF_AUTOPHAGY)
Autophagy,SNX7,MSigDB (original: GOBP_REGULATION_OF_AUTOPHAGY)
Autophagy,TRIM12A,MSigDB (original: GOBP_REGULATION_OF_AUTOPHAGY)
Autophagy,DAPL1,MSigDB (original: GOBP_REGULATION_OF_AUTOPHAGY)
Autophagy,CALCOCO2,MSigDB (original: GOBP_REGULATION_OF_AUTOPHAGY)
Autophagy,SCFD1,MSigDB (original: GOBP_REGULATION_OF_AUTOPHAGY)
Autophagy,ATG16L1,MSigDB (original: GOBP_REGULATION_OF_AUTOPHAGY)
Autophagy,PHF23,MSigDB (original: GOBP_REGULATION_OF_AUTOPHAGY)
Autophagy,UVRAG,MSigDB (original: GOBP_REGULATION_OF_AUTOPHAGY)
Autophagy,CPTP,MSigDB (original: GOBP_REGULATION_OF_AUTOPHAGY)
Autophagy,HSPB8,MSigDB (original: GOBP_REGULATION_OF_AUTOPHAGY)
Autophagy,KAT5,MSigDB (original: GOBP_REGULATION_OF_AUTOPHAGY)
Autophagy,TLR9,MSigDB (original: GOBP_REGULATION_OF_AUTOPHAGY)
Autophagy,TREM2,MSigDB (original: GOBP_REGULATION_OF_AUTOPHAGY)
Autophagy,WDR6,MSigDB (original: GOBP_REGULATION_OF_AUTOPHAGY)
Autophagy,GPR137B,MSigDB (original: GOBP_REGULATION_OF_AUTOPHAGY)
Autophagy,TRIM8,MSigDB (original: GOBP_REGULATION_OF_AUTOPHAGY)
Autophagy,SIRT1,MSigDB (original: GOBP_REGULATION_OF_AUTOPHAGY)
Autophagy,CERS1,MSigDB (original: GOBP_REGULATION_OF_AUTOPHAGY)
Autophagy,TRIM6,MSigDB (original: GOBP_REGULATION_OF_AUTOPHAGY)
Autophagy,TRIM34A,MSigDB (original: GOBP_REGULATION_OF_AUTOPHAGY)
Autophagy,UBQLN4,MSigDB (original: GOBP_REGULATION_OF_AUTOPHAGY)
Autophagy,SH3BP4,MSigDB (original: GOBP_REGULATION_OF_AUTOPHAGY)
Autophagy,RAB3GAP2,MSigDB (original: GOBP_REGULATION_OF_AUTOPHAGY)
Autophagy,GOLGA2,MSigDB (original: GOBP_REGULATION_OF_AUTOPHAGY)
Autophagy,RUBCN,MSigDB (original: GOBP_NEGATIVE_REGULATION_OF_AUTOPHAGY)
Autophagy,USP30,MSigDB (original: GOBP_NEGATIVE_REGULATION_OF_AUTOPHAGY)
Autophagy,TBC1D14,MSigDB (original: GOBP_NEGATIVE_REGULATION_OF_AUTOPHAGY)
Autophagy,QSOX1,MSigDB (original: GOBP_NEGATIVE_REGULATION_OF_AUTOPHAGY)
Autophagy,EHMT2,MSigDB (original: GOBP_NEGATIVE_REGULATION_OF_AUTOPHAGY)
Autophagy,ADRA1A,MSigDB (original: GOBP_NEGATIVE_REGULATION_OF_AUTOPHAGY)
Autophagy,AKT1,MSigDB (original: GOBP_NEGATIVE_REGULATION_OF_AUTOPHAGY)
Autophagy,BCL2,MSigDB (original: GOBP_NEGATIVE_REGULATION_OF_AUTOPHAGY)
Autophagy,TSPO,MSigDB (original: GOBP_NEGATIVE_REGULATION_OF_AUTOPHAGY)
Autophagy,EIF4G2,MSigDB (original: GOBP_NEGATIVE_REGULATION_OF_AUTOPHAGY)
Autophagy,PTK2,MSigDB (original: GOBP_NEGATIVE_REGULATION_OF_AUTOPHAGY)
Autophagy,GATA4,MSigDB (original: GOBP_NEGATIVE_REGULATION_OF_AUTOPHAGY)
Autophagy,HMOX1,MSigDB (original: GOBP_NEGATIVE_REGULATION_OF_AUTOPHAGY)
Autophagy,HTR2B,MSigDB (original: GOBP_NEGATIVE_REGULATION_OF_AUTOPHAGY)
Autophagy,IL10,MSigDB (original: GOBP_NEGATIVE_REGULATION_OF_AUTOPHAGY)
Autophagy,IL10RA,MSigDB (original: GOBP_NEGATIVE_REGULATION_OF_AUTOPHAGY)
Autophagy,IL3,MSigDB (original: GOBP_NEGATIVE_REGULATION_OF_AUTOPHAGY)
Autophagy,LEP,MSigDB (original: GOBP_NEGATIVE_REGULATION_OF_AUTOPHAGY)
Autophagy,LEPR,MSigDB (original: GOBP_NEGATIVE_REGULATION_OF_AUTOPHAGY)
Autophagy,BMF,MSigDB (original: GOBP_NEGATIVE_REGULATION_OF_AUTOPHAGY)
Autophagy,MCL1,MSigDB (original: GOBP_NEGATIVE_REGULATION_OF_AUTOPHAGY)
Autophagy,FOXK1,MSigDB (original: GOBP_NEGATIVE_REGULATION_OF_AUTOPHAGY)
Autophagy,MT3,MSigDB (original: GOBP_NEGATIVE_REGULATION_OF_AUTOPHAGY)
Autophagy,MTM1,MSigDB (original: GOBP_NEGATIVE_REGULATION_OF_AUTOPHAGY)
Autophagy,NPC1,MSigDB (original: GOBP_NEGATIVE_REGULATION_OF_AUTOPHAGY)
Autophagy,CTSA,MSigDB (original: GOBP_NEGATIVE_REGULATION_OF_AUTOPHAGY)
Autophagy,PTPN22,MSigDB (original: GOBP_NEGATIVE_REGULATION_OF_AUTOPHAGY)
Autophagy,SEC22B,MSigDB (original: GOBP_NEGATIVE_REGULATION_OF_AUTOPHAGY)
Autophagy,SLC7A5,MSigDB (original: GOBP_NEGATIVE_REGULATION_OF_AUTOPHAGY)
Autophagy,SNCA,MSigDB (original: GOBP_NEGATIVE_REGULATION_OF_AUTOPHAGY)
Autophagy,STAT3,MSigDB (original: GOBP_NEGATIVE_REGULATION_OF_AUTOPHAGY)
Autophagy,EIF4G1,MSigDB (original: GOBP_NEGATIVE_REGULATION_OF_AUTOPHAGY)
Autophagy,MTMR9,MSigDB (original: GOBP_NEGATIVE_REGULATION_OF_AUTOPHAGY)
Autophagy,LZTS1,MSigDB (original: GOBP_NEGATIVE_REGULATION_OF_AUTOPHAGY)
Autophagy,TNFAIP3,MSigDB (original: GOBP_NEGATIVE_REGULATION_OF_AUTOPHAGY)
Autophagy,TRP53,MSigDB (original: GOBP_NEGATIVE_REGULATION_OF_AUTOPHAGY)
Autophagy,TSC2,MSigDB (original: GOBP_NEGATIVE_REGULATION_OF_AUTOPHAGY)
Autophagy,DAP,MSigDB (original: GOBP_NEGATIVE_REGULATION_OF_AUTOPHAGY)
Autophagy,NRBP2,MSigDB (original: GOBP_NEGATIVE_REGULATION_OF_AUTOPHAGY)
Autophagy,KLHL22,MSigDB (original: GOBP_NEGATIVE_REGULATION_OF_AUTOPHAGY)
Autophagy,FEZ2,MSigDB (original: GOBP_NEGATIVE_REGULATION_OF_AUTOPHAGY)
Autophagy,KDM4A,MSigDB (original: GOBP_NEGATIVE_REGULATION_OF_AUTOPHAGY)
Autophagy,FEZ1,MSigDB (original: GOBP_NEGATIVE_REGULATION_OF_AUTOPHAGY)
Autophagy,HERC1,MSigDB (original: GOBP_NEGATIVE_REGULATION_OF_AUTOPHAGY)
Autophagy,SMCR8,MSigDB (original: GOBP_NEGATIVE_REGULATION_OF_AUTOPHAGY)
Autophagy,TIGAR,MSigDB (original: GOBP_NEGATIVE_REGULATION_OF_AUTOPHAGY)
Autophagy,RNF5,MSigDB (original: GOBP_NEGATIVE_REGULATION_OF_AUTOPHAGY)
Autophagy,BECN1,MSigDB (original: GOBP_NEGATIVE_REGULATION_OF_AUTOPHAGY)
Autophagy,NUPR1,MSigDB (original: GOBP_NEGATIVE_REGULATION_OF_AUTOPHAGY)
Autophagy,MLST8,MSigDB (original: GOBP_NEGATIVE_REGULATION_OF_AUTOPHAGY)
Autophagy,MTOR,MSigDB (original: GOBP_NEGATIVE_REGULATION_OF_AUTOPHAGY)
Autophagy,NAMPT,MSigDB (original: GOBP_NEGATIVE_REGULATION_OF_AUTOPHAGY)
Autophagy,SIRT2,MSigDB (original: GOBP_NEGATIVE_REGULATION_OF_AUTOPHAGY)
Autophagy,TSC1,MSigDB (original: GOBP_NEGATIVE_REGULATION_OF_AUTOPHAGY)
Autophagy,LRRK2,MSigDB (original: GOBP_NEGATIVE_REGULATION_OF_AUTOPHAGY)
Autophagy,RNF41,MSigDB (original: GOBP_NEGATIVE_REGULATION_OF_AUTOPHAGY)
Autophagy,POLDIP2,MSigDB (original: GOBP_NEGATIVE_REGULATION_OF_AUTOPHAGY)
Autophagy,TMEM39A,MSigDB (original: GOBP_NEGATIVE_REGULATION_OF_AUTOPHAGY)
Autophagy,RRAGA,MSigDB (original: GOBP_NEGATIVE_REGULATION_OF_AUTOPHAGY)
Autophagy,WASHC1,MSigDB (original: GOBP_NEGATIVE_REGULATION_OF_AUTOPHAGY)
Autophagy,FOXK2,MSigDB (original: GOBP_NEGATIVE_REGULATION_OF_AUTOPHAGY)
Autophagy,PINK1,MSigDB (original: GOBP_NEGATIVE_REGULATION_OF_AUTOPHAGY)
Autophagy,RASIP1,MSigDB (original: GOBP_NEGATIVE_REGULATION_OF_AUTOPHAGY)
Autophagy,USP36,MSigDB (original: GOBP_NEGATIVE_REGULATION_OF_AUTOPHAGY)
Autophagy,RPTOR,MSigDB (original: GOBP_NEGATIVE_REGULATION_OF_AUTOPHAGY)
Autophagy,CLEC16A,MSigDB (original: GOBP_NEGATIVE_REGULATION_OF_AUTOPHAGY)
Autophagy,CHMP4B,MSigDB (original: GOBP_NEGATIVE_REGULATION_OF_AUTOPHAGY)
Autophagy,DAPL1,MSigDB (original: GOBP_NEGATIVE_REGULATION_OF_AUTOPHAGY)
Autophagy,SCFD1,MSigDB (original: GOBP_NEGATIVE_REGULATION_OF_AUTOPHAGY)
Autophagy,PHF23,MSigDB (original: GOBP_NEGATIVE_REGULATION_OF_AUTOPHAGY)
Autophagy,CPTP,MSigDB (original: GOBP_NEGATIVE_REGULATION_OF_AUTOPHAGY)
Autophagy,TREM2,MSigDB (original: GOBP_NEGATIVE_REGULATION_OF_AUTOPHAGY)
Autophagy,WDR6,MSigDB (original: GOBP_NEGATIVE_REGULATION_OF_AUTOPHAGY)
Autophagy,UBQLN4,MSigDB (original: GOBP_NEGATIVE_REGULATION_OF_AUTOPHAGY)
Autophagy,GOLGA2,MSigDB (original: GOBP_NEGATIVE_REGULATION_OF_AUTOPHAGY)
Autophagy,TRIM68,MSigDB (original: GOBP_POSITIVE_REGULATION_OF_AUTOPHAGY)
Autophagy,PRKAA1,MSigDB (original: GOBP_POSITIVE_REGULATION_OF_AUTOPHAGY)
Autophagy,TICAM1,MSigDB (original: GOBP_POSITIVE_REGULATION_OF_AUTOPHAGY)
Autophagy,NOD1,MSigDB (original: GOBP_POSITIVE_REGULATION_OF_AUTOPHAGY)
Autophagy,PRKAA2,MSigDB (original: GOBP_POSITIVE_REGULATION_OF_AUTOPHAGY)
Autophagy,PIP4K2B,MSigDB (original: GOBP_POSITIVE_REGULATION_OF_AUTOPHAGY)
Autophagy,ADRB2,MSigDB (original: GOBP_POSITIVE_REGULATION_OF_AUTOPHAGY)
Autophagy,AGER,MSigDB (original: GOBP_POSITIVE_REGULATION_OF_AUTOPHAGY)
Autophagy,PIP4K2C,MSigDB (original: GOBP_POSITIVE_REGULATION_OF_AUTOPHAGY)
Autophagy,SLC25A4,MSigDB (original: GOBP_POSITIVE_REGULATION_OF_AUTOPHAGY)
Autophagy,SLC25A5,MSigDB (original: GOBP_POSITIVE_REGULATION_OF_AUTOPHAGY)
Autophagy,BID,MSigDB (original: GOBP_POSITIVE_REGULATION_OF_AUTOPHAGY)
Autophagy,BCL2L11,MSigDB (original: GOBP_POSITIVE_REGULATION_OF_AUTOPHAGY)
Autophagy,BNIP3,MSigDB (original: GOBP_POSITIVE_REGULATION_OF_AUTOPHAGY)
Autophagy,BNIP3L,MSigDB (original: GOBP_POSITIVE_REGULATION_OF_AUTOPHAGY)
Autophagy,RB1CC1,MSigDB (original: GOBP_POSITIVE_REGULATION_OF_AUTOPHAGY)
Autophagy,PLK3,MSigDB (original: GOBP_POSITIVE_REGULATION_OF_AUTOPHAGY)
Autophagy,DCN,MSigDB (original: GOBP_POSITIVE_REGULATION_OF_AUTOPHAGY)
Autophagy,DDIT3,MSigDB (original: GOBP_POSITIVE_REGULATION_OF_AUTOPHAGY)
Autophagy,ENDOG,MSigDB (original: GOBP_POSITIVE_REGULATION_OF_AUTOPHAGY)
Autophagy,EPM2A,MSigDB (original: GOBP_POSITIVE_REGULATION_OF_AUTOPHAGY)
Autophagy,SESN1,MSigDB (original: GOBP_POSITIVE_REGULATION_OF_AUTOPHAGY)
Autophagy,GNAI3,MSigDB (original: GOBP_POSITIVE_REGULATION_OF_AUTOPHAGY)
Autophagy,HTT,MSigDB (original: GOBP_POSITIVE_REGULATION_OF_AUTOPHAGY)
Autophagy,HIF1A,MSigDB (original: GOBP_POSITIVE_REGULATION_OF_AUTOPHAGY)
Autophagy,HMGB1,MSigDB (original: GOBP_POSITIVE_REGULATION_OF_AUTOPHAGY)
Autophagy,HMOX1,MSigDB (original: GOBP_POSITIVE_REGULATION_OF_AUTOPHAGY)
Autophagy,HPSE,MSigDB (original: GOBP_POSITIVE_REGULATION_OF_AUTOPHAGY)
Autophagy,IRGM1,MSigDB (original: GOBP_POSITIVE_REGULATION_OF_AUTOPHAGY)
Autophagy,IFNB1,MSigDB (original: GOBP_POSITIVE_REGULATION_OF_AUTOPHAGY)
Autophagy,IFNG,MSigDB (original: GOBP_POSITIVE_REGULATION_OF_AUTOPHAGY)
Autophagy,IGTP,MSigDB (original: GOBP_POSITIVE_REGULATION_OF_AUTOPHAGY)
Autophagy,IKBKG,MSigDB (original: GOBP_POSITIVE_REGULATION_OF_AUTOPHAGY)
Autophagy,IL4,MSigDB (original: GOBP_POSITIVE_REGULATION_OF_AUTOPHAGY)
Autophagy,KDR,MSigDB (original: GOBP_POSITIVE_REGULATION_OF_AUTOPHAGY)
Autophagy,SNX18,MSigDB (original: GOBP_POSITIVE_REGULATION_OF_AUTOPHAGY)
Autophagy,NPRL3,MSigDB (original: GOBP_POSITIVE_REGULATION_OF_AUTOPHAGY)
Autophagy,FYCO1,MSigDB (original: GOBP_POSITIVE_REGULATION_OF_AUTOPHAGY)
Autophagy,PAFAH1B2,MSigDB (original: GOBP_POSITIVE_REGULATION_OF_AUTOPHAGY)
Autophagy,CDK16,MSigDB (original: GOBP_POSITIVE_REGULATION_OF_AUTOPHAGY)
Autophagy,PIK3C2A,MSigDB (original: GOBP_POSITIVE_REGULATION_OF_AUTOPHAGY)
Autophagy,PIM2,MSigDB (original: GOBP_POSITIVE_REGULATION_OF_AUTOPHAGY)
Autophagy,PIP4K2A,MSigDB (original: GOBP_POSITIVE_REGULATION_OF_AUTOPHAGY)
Autophagy,PRKD1,MSigDB (original: GOBP_POSITIVE_REGULATION_OF_AUTOPHAGY)
Autophagy,RIPK2,MSigDB (original: GOBP_POSITIVE_REGULATION_OF_AUTOPHAGY)
Autophagy,RFPL4,MSigDB (original: GOBP_POSITIVE_REGULATION_OF_AUTOPHAGY)
Autophagy,RAB12,MSigDB (original: GOBP_POSITIVE_REGULATION_OF_AUTOPHAGY)
Autophagy,ROCK1,MSigDB (original: GOBP_POSITIVE_REGULATION_OF_AUTOPHAGY)
Autophagy,TRIM30A,MSigDB (original: GOBP_POSITIVE_REGULATION_OF_AUTOPHAGY)
Autophagy,PLK2,MSigDB (original: GOBP_POSITIVE_REGULATION_OF_AUTOPHAGY)
Autophagy,SPTLC2,MSigDB (original: GOBP_POSITIVE_REGULATION_OF_AUTOPHAGY)
Autophagy,TRIM21,MSigDB (original: GOBP_POSITIVE_REGULATION_OF_AUTOPHAGY)
Autophagy,STK11,MSigDB (original: GOBP_POSITIVE_REGULATION_OF_AUTOPHAGY)
Autophagy,SNX30,MSigDB (original: GOBP_POSITIVE_REGULATION_OF_AUTOPHAGY)
Autophagy,SUPT5,MSigDB (original: GOBP_POSITIVE_REGULATION_OF_AUTOPHAGY)
Autophagy,TRIM30D,MSigDB (original: GOBP_POSITIVE_REGULATION_OF_AUTOPHAGY)
Autophagy,TRIM38,MSigDB (original: GOBP_POSITIVE_REGULATION_OF_AUTOPHAGY)
Autophagy,TFEB,MSigDB (original: GOBP_POSITIVE_REGULATION_OF_AUTOPHAGY)
Autophagy,TRIM58,MSigDB (original: GOBP_POSITIVE_REGULATION_OF_AUTOPHAGY)
Autophagy,FLCN,MSigDB (original: GOBP_POSITIVE_REGULATION_OF_AUTOPHAGY)
Autophagy,TOM1,MSigDB (original: GOBP_POSITIVE_REGULATION_OF_AUTOPHAGY)
Autophagy,TSC2,MSigDB (original: GOBP_POSITIVE_REGULATION_OF_AUTOPHAGY)
Autophagy,ULK1,MSigDB (original: GOBP_POSITIVE_REGULATION_OF_AUTOPHAGY)
Autophagy,VDAC1,MSigDB (original: GOBP_POSITIVE_REGULATION_OF_AUTOPHAGY)
Autophagy,XBP1,MSigDB (original: GOBP_POSITIVE_REGULATION_OF_AUTOPHAGY)
Autophagy,WAC,MSigDB (original: GOBP_POSITIVE_REGULATION_OF_AUTOPHAGY)
Autophagy,RAB3GAP1,MSigDB (original: GOBP_POSITIVE_REGULATION_OF_AUTOPHAGY)
Autophagy,ATF6,MSigDB (original: GOBP_POSITIVE_REGULATION_OF_AUTOPHAGY)
Autophagy,LRSAM1,MSigDB (original: GOBP_POSITIVE_REGULATION_OF_AUTOPHAGY)
Autophagy,AMBRA1,MSigDB (original: GOBP_POSITIVE_REGULATION_OF_AUTOPHAGY)
Autophagy,ELAPOR1,MSigDB (original: GOBP_POSITIVE_REGULATION_OF_AUTOPHAGY)
Autophagy,ZC3H12A,MSigDB (original: GOBP_POSITIVE_REGULATION_OF_AUTOPHAGY)
Autophagy,SESN2,MSigDB (original: GOBP_POSITIVE_REGULATION_OF_AUTOPHAGY)
Autophagy,VPS13D,MSigDB (original: GOBP_POSITIVE_REGULATION_OF_AUTOPHAGY)
Autophagy,SMCR8,MSigDB (original: GOBP_POSITIVE_REGULATION_OF_AUTOPHAGY)
Autophagy,MID2,MSigDB (original: GOBP_POSITIVE_REGULATION_OF_AUTOPHAGY)
Autophagy,TLR2,MSigDB (original: GOBP_POSITIVE_REGULATION_OF_AUTOPHAGY)
Autophagy,TRIM30B,MSigDB (original: GOBP_POSITIVE_REGULATION_OF_AUTOPHAGY)
Autophagy,TPCN1,MSigDB (original: GOBP_POSITIVE_REGULATION_OF_AUTOPHAGY)
Autophagy,NOD2,MSigDB (original: GOBP_POSITIVE_REGULATION_OF_AUTOPHAGY)
Autophagy,MAP2K1,MSigDB (original: GOBP_POSITIVE_REGULATION_OF_AUTOPHAGY)
Autophagy,MAP3K7,MSigDB (original: GOBP_POSITIVE_REGULATION_OF_AUTOPHAGY)
Autophagy,MAPK3,MSigDB (original: GOBP_POSITIVE_REGULATION_OF_AUTOPHAGY)
Autophagy,SPTLC1,MSigDB (original: GOBP_POSITIVE_REGULATION_OF_AUTOPHAGY)
Autophagy,RNF31,MSigDB (original: GOBP_POSITIVE_REGULATION_OF_AUTOPHAGY)
Autophagy,WDR24,MSigDB (original: GOBP_POSITIVE_REGULATION_OF_AUTOPHAGY)
Autophagy,DEPDC5,MSigDB (original: GOBP_POSITIVE_REGULATION_OF_AUTOPHAGY)
Autophagy,BAG3,MSigDB (original: GOBP_POSITIVE_REGULATION_OF_AUTOPHAGY)
Autophagy,ULK2,MSigDB (original: GOBP_POSITIVE_REGULATION_OF_AUTOPHAGY)
Autophagy,TRIM12C,MSigDB (original: GOBP_POSITIVE_REGULATION_OF_AUTOPHAGY)
Autophagy,SMO,MSigDB (original: GOBP_POSITIVE_REGULATION_OF_AUTOPHAGY)
Autophagy,RNF152,MSigDB (original: GOBP_POSITIVE_REGULATION_OF_AUTOPHAGY)
Autophagy,ATG2A,MSigDB (original: GOBP_POSITIVE_REGULATION_OF_AUTOPHAGY)
Autophagy,TRIM65,MSigDB (original: GOBP_POSITIVE_REGULATION_OF_AUTOPHAGY)
Autophagy,TRIM34B,MSigDB (original: GOBP_POSITIVE_REGULATION_OF_AUTOPHAGY)
Autophagy,TRIM30C,MSigDB (original: GOBP_POSITIVE_REGULATION_OF_AUTOPHAGY)
Autophagy,RUFY4,MSigDB (original: GOBP_POSITIVE_REGULATION_OF_AUTOPHAGY)
Autophagy,PRKN,MSigDB (original: GOBP_POSITIVE_REGULATION_OF_AUTOPHAGY)
Autophagy,ATG13,MSigDB (original: GOBP_POSITIVE_REGULATION_OF_AUTOPHAGY)
Autophagy,WIPI1,MSigDB (original: GOBP_POSITIVE_REGULATION_OF_AUTOPHAGY)
Autophagy,IRGM2,MSigDB (original: GOBP_POSITIVE_REGULATION_OF_AUTOPHAGY)
Autophagy,MEFV,MSigDB (original: GOBP_POSITIVE_REGULATION_OF_AUTOPHAGY)
Autophagy,WDR45,MSigDB (original: GOBP_POSITIVE_REGULATION_OF_AUTOPHAGY)
Autophagy,SH3GLB1,MSigDB (original: GOBP_POSITIVE_REGULATION_OF_AUTOPHAGY)
Autophagy,NPRL2,MSigDB (original: GOBP_POSITIVE_REGULATION_OF_AUTOPHAGY)
Autophagy,BECN1,MSigDB (original: GOBP_POSITIVE_REGULATION_OF_AUTOPHAGY)
Autophagy,SCOC,MSigDB (original: GOBP_POSITIVE_REGULATION_OF_AUTOPHAGY)
Autophagy,TMEM59,MSigDB (original: GOBP_POSITIVE_REGULATION_OF_AUTOPHAGY)
Autophagy,FOXO1,MSigDB (original: GOBP_POSITIVE_REGULATION_OF_AUTOPHAGY)
Autophagy,TBK1,MSigDB (original: GOBP_POSITIVE_REGULATION_OF_AUTOPHAGY)
Autophagy,FOXO3,MSigDB (original: GOBP_POSITIVE_REGULATION_OF_AUTOPHAGY)
Autophagy,GSK3B,MSigDB (original: GOBP_POSITIVE_REGULATION_OF_AUTOPHAGY)
Autophagy,TRP53INP1,MSigDB (original: GOBP_POSITIVE_REGULATION_OF_AUTOPHAGY)
Autophagy,GSK3A,MSigDB (original: GOBP_POSITIVE_REGULATION_OF_AUTOPHAGY)
Autophagy,MOAP1,MSigDB (original: GOBP_POSITIVE_REGULATION_OF_AUTOPHAGY)
Autophagy,RALB,MSigDB (original: GOBP_POSITIVE_REGULATION_OF_AUTOPHAGY)
Autophagy,TSC1,MSigDB (original: GOBP_POSITIVE_REGULATION_OF_AUTOPHAGY)
Autophagy,TRIM13,MSigDB (original: GOBP_POSITIVE_REGULATION_OF_AUTOPHAGY)
Autophagy,ORMDL3,MSigDB (original: GOBP_POSITIVE_REGULATION_OF_AUTOPHAGY)
Autophagy,LRRK2,MSigDB (original: GOBP_POSITIVE_REGULATION_OF_AUTOPHAGY)
Autophagy,TRIM5,MSigDB (original: GOBP_POSITIVE_REGULATION_OF_AUTOPHAGY)
Autophagy,MTDH,MSigDB (original: GOBP_POSITIVE_REGULATION_OF_AUTOPHAGY)
Autophagy,UFL1,MSigDB (original: GOBP_POSITIVE_REGULATION_OF_AUTOPHAGY)
Autophagy,GPSM1,MSigDB (original: GOBP_POSITIVE_REGULATION_OF_AUTOPHAGY)
Autophagy,CCNY,MSigDB (original: GOBP_POSITIVE_REGULATION_OF_AUTOPHAGY)
Autophagy,ATG101,MSigDB (original: GOBP_POSITIVE_REGULATION_OF_AUTOPHAGY)
Autophagy,TRP53INP2,MSigDB (original: GOBP_POSITIVE_REGULATION_OF_AUTOPHAGY)
Autophagy,PINK1,MSigDB (original: GOBP_POSITIVE_REGULATION_OF_AUTOPHAGY)
Autophagy,SNX4,MSigDB (original: GOBP_POSITIVE_REGULATION_OF_AUTOPHAGY)
Autophagy,DAPK1,MSigDB (original: GOBP_POSITIVE_REGULATION_OF_AUTOPHAGY)
Autophagy,FBXO7,MSigDB (original: GOBP_POSITIVE_REGULATION_OF_AUTOPHAGY)
Autophagy,TRIM32,MSigDB (original: GOBP_POSITIVE_REGULATION_OF_AUTOPHAGY)
Autophagy,OPTN,MSigDB (original: GOBP_POSITIVE_REGULATION_OF_AUTOPHAGY)
Autophagy,PLEKHF1,MSigDB (original: GOBP_POSITIVE_REGULATION_OF_AUTOPHAGY)
Autophagy,STING1,MSigDB (original: GOBP_POSITIVE_REGULATION_OF_AUTOPHAGY)
Autophagy,LARP1,MSigDB (original: GOBP_POSITIVE_REGULATION_OF_AUTOPHAGY)
Autophagy,C9ORF72,MSigDB (original: GOBP_POSITIVE_REGULATION_OF_AUTOPHAGY)
Autophagy,ATG7,MSigDB (original: GOBP_POSITIVE_REGULATION_OF_AUTOPHAGY)
Autophagy,CLEC16A,MSigDB (original: GOBP_POSITIVE_REGULATION_OF_AUTOPHAGY)
Autophagy,SVIP,MSigDB (original: GOBP_POSITIVE_REGULATION_OF_AUTOPHAGY)
Autophagy,SESN3,MSigDB (original: GOBP_POSITIVE_REGULATION_OF_AUTOPHAGY)
Autophagy,SNX7,MSigDB (original: GOBP_POSITIVE_REGULATION_OF_AUTOPHAGY)
Autophagy,TRIM12A,MSigDB (original: GOBP_POSITIVE_REGULATION_OF_AUTOPHAGY)
Autophagy,CALCOCO2,MSigDB (original: GOBP_POSITIVE_REGULATION_OF_AUTOPHAGY)
Autophagy,ATG16L1,MSigDB (original: GOBP_POSITIVE_REGULATION_OF_AUTOPHAGY)
Autophagy,HSPB8,MSigDB (original: GOBP_POSITIVE_REGULATION_OF_AUTOPHAGY)
Autophagy,KAT5,MSigDB (original: GOBP_POSITIVE_REGULATION_OF_AUTOPHAGY)
Autophagy,TLR9,MSigDB (original: GOBP_POSITIVE_REGULATION_OF_AUTOPHAGY)
Autophagy,TRIM8,MSigDB (original: GOBP_POSITIVE_REGULATION_OF_AUTOPHAGY)
Autophagy,SIRT1,MSigDB (original: GOBP_POSITIVE_REGULATION_OF_AUTOPHAGY)
Autophagy,CERS1,MSigDB (original: GOBP_POSITIVE_REGULATION_OF_AUTOPHAGY)
Autophagy,TRIM6,MSigDB (original: GOBP_POSITIVE_REGULATION_OF_AUTOPHAGY)
Autophagy,TRIM34A,MSigDB (original: GOBP_POSITIVE_REGULATION_OF_AUTOPHAGY)
Autophagy,SH3BP4,MSigDB (original: GOBP_POSITIVE_REGULATION_OF_AUTOPHAGY)
Autophagy,RAB3GAP2,MSigDB (original: GOBP_POSITIVE_REGULATION_OF_AUTOPHAGY)
Autophagy,STX12,MSigDB (original: GOBP_MACROAUTOPHAGY)
Autophagy,RUBCN,MSigDB (original: GOBP_MACROAUTOPHAGY)
Autophagy,EPG5,MSigDB (original: GOBP_MACROAUTOPHAGY)
Autophagy,ATG14,MSigDB (original: GOBP_MACROAUTOPHAGY)
Autophagy,USP30,MSigDB (original: GOBP_MACROAUTOPHAGY)
Autophagy,TBC1D14,MSigDB (original: GOBP_MACROAUTOPHAGY)
Autophagy,QSOX1,MSigDB (original: GOBP_MACROAUTOPHAGY)
Autophagy,CHMP7,MSigDB (original: GOBP_MACROAUTOPHAGY)
Autophagy,RIMOC1,MSigDB (original: GOBP_MACROAUTOPHAGY)
Autophagy,NOD1,MSigDB (original: GOBP_MACROAUTOPHAGY)
Autophagy,PRKAA2,MSigDB (original: GOBP_MACROAUTOPHAGY)
Autophagy,PIP4K2B,MSigDB (original: GOBP_MACROAUTOPHAGY)
Autophagy,OGT,MSigDB (original: GOBP_MACROAUTOPHAGY)
Autophagy,EHMT2,MSigDB (original: GOBP_MACROAUTOPHAGY)
Autophagy,ADRB2,MSigDB (original: GOBP_MACROAUTOPHAGY)
Autophagy,VPS4A,MSigDB (original: GOBP_MACROAUTOPHAGY)
Autophagy,PIP4K2C,MSigDB (original: GOBP_MACROAUTOPHAGY)
Autophagy,SLC25A4,MSigDB (original: GOBP_MACROAUTOPHAGY)
Autophagy,SLC25A5,MSigDB (original: GOBP_MACROAUTOPHAGY)
Autophagy,AP4M1,MSigDB (original: GOBP_MACROAUTOPHAGY)
Autophagy,ATG5,MSigDB (original: GOBP_MACROAUTOPHAGY)
Autophagy,SYNPO2,MSigDB (original: GOBP_MACROAUTOPHAGY)
Autophagy,ATM,MSigDB (original: GOBP_MACROAUTOPHAGY)
Autophagy,ATP2A2,MSigDB (original: GOBP_MACROAUTOPHAGY)
Autophagy,ATP6V0A1,MSigDB (original: GOBP_MACROAUTOPHAGY)
Autophagy,AUP1,MSigDB (original: GOBP_MACROAUTOPHAGY)
Autophagy,PHB2,MSigDB (original: GOBP_MACROAUTOPHAGY)
Autophagy,BNIP3,MSigDB (original: GOBP_MACROAUTOPHAGY)
Autophagy,BNIP3L,MSigDB (original: GOBP_MACROAUTOPHAGY)
Autophagy,CALM1,MSigDB (original: GOBP_MACROAUTOPHAGY)
Autophagy,CALR,MSigDB (original: GOBP_MACROAUTOPHAGY)
Autophagy,RB1CC1,MSigDB (original: GOBP_MACROAUTOPHAGY)
Autophagy,CDC37,MSigDB (original: GOBP_MACROAUTOPHAGY)
Autophagy,CLN3,MSigDB (original: GOBP_MACROAUTOPHAGY)
Autophagy,CRY1,MSigDB (original: GOBP_MACROAUTOPHAGY)
Autophagy,CTSD,MSigDB (original: GOBP_MACROAUTOPHAGY)
Autophagy,DCN,MSigDB (original: GOBP_MACROAUTOPHAGY)
Autophagy,EI24,MSigDB (original: GOBP_MACROAUTOPHAGY)
Autophagy,EPM2A,MSigDB (original: GOBP_MACROAUTOPHAGY)
Autophagy,SESN1,MSigDB (original: GOBP_MACROAUTOPHAGY)
Autophagy,GAA,MSigDB (original: GOBP_MACROAUTOPHAGY)
Autophagy,GBA,MSigDB (original: GOBP_MACROAUTOPHAGY)
Autophagy,GNAI3,MSigDB (original: GOBP_MACROAUTOPHAGY)
Autophagy,HDAC6,MSigDB (original: GOBP_MACROAUTOPHAGY)
Autophagy,HTT,MSigDB (original: GOBP_MACROAUTOPHAGY)
Autophagy,HIF1A,MSigDB (original: GOBP_MACROAUTOPHAGY)
Autophagy,HMOX1,MSigDB (original: GOBP_MACROAUTOPHAGY)
Autophagy,IRGM1,MSigDB (original: GOBP_MACROAUTOPHAGY)
Autophagy,IGTP,MSigDB (original: GOBP_MACROAUTOPHAGY)
Autophagy,IKBKG,MSigDB (original: GOBP_MACROAUTOPHAGY)
Autophagy,IL4,MSigDB (original: GOBP_MACROAUTOPHAGY)
Autophagy,KDR,MSigDB (original: GOBP_MACROAUTOPHAGY)
Autophagy,LAMP2,MSigDB (original: GOBP_MACROAUTOPHAGY)
Autophagy,SNX18,MSigDB (original: GOBP_MACROAUTOPHAGY)
Autophagy,MFN2,MSigDB (original: GOBP_MACROAUTOPHAGY)
Autophagy,HDAC10,MSigDB (original: GOBP_MACROAUTOPHAGY)
Autophagy,FYCO1,MSigDB (original: GOBP_MACROAUTOPHAGY)
Autophagy,MTM1,MSigDB (original: GOBP_MACROAUTOPHAGY)
Autophagy,MYO5A,MSigDB (original: GOBP_MACROAUTOPHAGY)
Autophagy,NBR1,MSigDB (original: GOBP_MACROAUTOPHAGY)
Autophagy,NPC1,MSigDB (original: GOBP_MACROAUTOPHAGY)
Autophagy,SQSTM1,MSigDB (original: GOBP_MACROAUTOPHAGY)
Autophagy,PAFAH1B2,MSigDB (original: GOBP_MACROAUTOPHAGY)
Autophagy,PIK3C2A,MSigDB (original: GOBP_MACROAUTOPHAGY)
Autophagy,PIKFYVE,MSigDB (original: GOBP_MACROAUTOPHAGY)
Autophagy,PIM2,MSigDB (original: GOBP_MACROAUTOPHAGY)
Autophagy,PIP4K2A,MSigDB (original: GOBP_MACROAUTOPHAGY)
Autophagy,PLAA,MSigDB (original: GOBP_MACROAUTOPHAGY)
Autophagy,PSEN1,MSigDB (original: GOBP_MACROAUTOPHAGY)
Autophagy,WDR81,MSigDB (original: GOBP_MACROAUTOPHAGY)
Autophagy,RIPK2,MSigDB (original: GOBP_MACROAUTOPHAGY)
Autophagy,PEX2,MSigDB (original: GOBP_MACROAUTOPHAGY)
Autophagy,PEX5,MSigDB (original: GOBP_MACROAUTOPHAGY)
Autophagy,RAB1A,MSigDB (original: GOBP_MACROAUTOPHAGY)
Autophagy,RAB12,MSigDB (original: GOBP_MACROAUTOPHAGY)
Autophagy,RAB19,MSigDB (original: GOBP_MACROAUTOPHAGY)
Autophagy,RAB23,MSigDB (original: GOBP_MACROAUTOPHAGY)
Autophagy,RAB33B,MSigDB (original: GOBP_MACROAUTOPHAGY)
Autophagy,RAB7,MSigDB (original: GOBP_MACROAUTOPHAGY)
Autophagy,SEC22B,MSigDB (original: GOBP_MACROAUTOPHAGY)
Autophagy,VPS4B,MSigDB (original: GOBP_MACROAUTOPHAGY)
Autophagy,SNAPIN,MSigDB (original: GOBP_MACROAUTOPHAGY)
Autophagy,SPTLC2,MSigDB (original: GOBP_MACROAUTOPHAGY)
Autophagy,CHMP6,MSigDB (original: GOBP_MACROAUTOPHAGY)
Autophagy,SNX30,MSigDB (original: GOBP_MACROAUTOPHAGY)
Autophagy,SUPT5,MSigDB (original: GOBP_MACROAUTOPHAGY)
Autophagy,TBC1D12,MSigDB (original: GOBP_MACROAUTOPHAGY)
Autophagy,TBC1D25,MSigDB (original: GOBP_MACROAUTOPHAGY)
Autophagy,LZTS1,MSigDB (original: GOBP_MACROAUTOPHAGY)
Autophagy,ZFYVE26,MSigDB (original: GOBP_MACROAUTOPHAGY)
Autophagy,ATG9B,MSigDB (original: GOBP_MACROAUTOPHAGY)
Autophagy,SPG11,MSigDB (original: GOBP_MACROAUTOPHAGY)
Autophagy,UBXN2A,MSigDB (original: GOBP_MACROAUTOPHAGY)
Autophagy,TEX264,MSigDB (original: GOBP_MACROAUTOPHAGY)
Autophagy,ZFYVE1,MSigDB (original: GOBP_MACROAUTOPHAGY)
Autophagy,PACS2,MSigDB (original: GOBP_MACROAUTOPHAGY)
Autophagy,TGFB1,MSigDB (original: GOBP_MACROAUTOPHAGY)
Autophagy,VPS41,MSigDB (original: GOBP_MACROAUTOPHAGY)
Autophagy,IFT88,MSigDB (original: GOBP_MACROAUTOPHAGY)
Autophagy,TOM1,MSigDB (original: GOBP_MACROAUTOPHAGY)
Autophagy,TRP53,MSigDB (original: GOBP_MACROAUTOPHAGY)
Autophagy,TSC2,MSigDB (original: GOBP_MACROAUTOPHAGY)
Autophagy,ULK1,MSigDB (original: GOBP_MACROAUTOPHAGY)
Autophagy,VAMP8,MSigDB (original: GOBP_MACROAUTOPHAGY)
Autophagy,VDAC1,MSigDB (original: GOBP_MACROAUTOPHAGY)
Autophagy,NRBP2,MSigDB (original: GOBP_MACROAUTOPHAGY)
Autophagy,ILRUN,MSigDB (original: GOBP_MACROAUTOPHAGY)
Autophagy,FEZ2,MSigDB (original: GOBP_MACROAUTOPHAGY)
Autophagy,WAC,MSigDB (original: GOBP_MACROAUTOPHAGY)
Autophagy,PIK3C3,MSigDB (original: GOBP_MACROAUTOPHAGY)
Autophagy,RAB3GAP1,MSigDB (original: GOBP_MACROAUTOPHAGY)
Autophagy,YOD1,MSigDB (original: GOBP_MACROAUTOPHAGY)
Autophagy,BECN2,MSigDB (original: GOBP_MACROAUTOPHAGY)
Autophagy,RETREG2,MSigDB (original: GOBP_MACROAUTOPHAGY)
Autophagy,LRSAM1,MSigDB (original: GOBP_MACROAUTOPHAGY)
Autophagy,AMBRA1,MSigDB (original: GOBP_MACROAUTOPHAGY)
Autophagy,ELAPOR1,MSigDB (original: GOBP_MACROAUTOPHAGY)
Autophagy,SESN2,MSigDB (original: GOBP_MACROAUTOPHAGY)
Autophagy,VPS13D,MSigDB (original: GOBP_MACROAUTOPHAGY)
Autophagy,TMEM41B,MSigDB (original: GOBP_MACROAUTOPHAGY)
Autophagy,CHMP1A,MSigDB (original: GOBP_MACROAUTOPHAGY)
Autophagy,ATG4D,MSigDB (original: GOBP_MACROAUTOPHAGY)
Autophagy,FEZ1,MSigDB (original: GOBP_MACROAUTOPHAGY)
Autophagy,SMCR8,MSigDB (original: GOBP_MACROAUTOPHAGY)
Autophagy,TMEM74,MSigDB (original: GOBP_MACROAUTOPHAGY)
Autophagy,PIK3C2B,MSigDB (original: GOBP_MACROAUTOPHAGY)
Autophagy,TLR2,MSigDB (original: GOBP_MACROAUTOPHAGY)
Autophagy,SNX14,MSigDB (original: GOBP_MACROAUTOPHAGY)
Autophagy,ATG9A,MSigDB (original: GOBP_MACROAUTOPHAGY)
Autophagy,NOD2,MSigDB (original: GOBP_MACROAUTOPHAGY)
Autophagy,MAP3K7,MSigDB (original: GOBP_MACROAUTOPHAGY)
Autophagy,MAPK3,MSigDB (original: GOBP_MACROAUTOPHAGY)
Autophagy,SPTLC1,MSigDB (original: GOBP_MACROAUTOPHAGY)
Autophagy,RNF31,MSigDB (original: GOBP_MACROAUTOPHAGY)
Autophagy,WDR24,MSigDB (original: GOBP_MACROAUTOPHAGY)
Autophagy,VPS39,MSigDB (original: GOBP_MACROAUTOPHAGY)
Autophagy,VCP,MSigDB (original: GOBP_MACROAUTOPHAGY)
Autophagy,TCIRG1,MSigDB (original: GOBP_MACROAUTOPHAGY)
Autophagy,RUBCNL,MSigDB (original: GOBP_MACROAUTOPHAGY)
Autophagy,LIX1L,MSigDB (original: GOBP_MACROAUTOPHAGY)
Autophagy,BAG3,MSigDB (original: GOBP_MACROAUTOPHAGY)
Autophagy,ULK2,MSigDB (original: GOBP_MACROAUTOPHAGY)
Autophagy,TIGAR,MSigDB (original: GOBP_MACROAUTOPHAGY)
Autophagy,VPS13C,MSigDB (original: GOBP_MACROAUTOPHAGY)
Autophagy,SPATA33,MSigDB (original: GOBP_MACROAUTOPHAGY)
Autophagy,ATG2A,MSigDB (original: GOBP_MACROAUTOPHAGY)
Autophagy,PLEKHM1,MSigDB (original: GOBP_MACROAUTOPHAGY)
Autophagy,PJVK,MSigDB (original: GOBP_MACROAUTOPHAGY)
Autophagy,NSFL1C,MSigDB (original: GOBP_MACROAUTOPHAGY)
Autophagy,RUFY4,MSigDB (original: GOBP_MACROAUTOPHAGY)
Autophagy,PRKN,MSigDB (original: GOBP_MACROAUTOPHAGY)
Autophagy,ATG13,MSigDB (original: GOBP_MACROAUTOPHAGY)
Autophagy,STBD1,MSigDB (original: GOBP_MACROAUTOPHAGY)
Autophagy,WIPI1,MSigDB (original: GOBP_MACROAUTOPHAGY)
Autophagy,VTI1A,MSigDB (original: GOBP_MACROAUTOPHAGY)
Autophagy,VTI1B,MSigDB (original: GOBP_MACROAUTOPHAGY)
Autophagy,RNF5,MSigDB (original: GOBP_MACROAUTOPHAGY)
Autophagy,IRGM2,MSigDB (original: GOBP_MACROAUTOPHAGY)
Autophagy,UBQLN2,MSigDB (original: GOBP_MACROAUTOPHAGY)
Autophagy,WDR45,MSigDB (original: GOBP_MACROAUTOPHAGY)
Autophagy,SH3GLB1,MSigDB (original: GOBP_MACROAUTOPHAGY)
Autophagy,IFT20,MSigDB (original: GOBP_MACROAUTOPHAGY)
Autophagy,LGALS8,MSigDB (original: GOBP_MACROAUTOPHAGY)
Autophagy,UBQLN1,MSigDB (original: GOBP_MACROAUTOPHAGY)
Autophagy,BECN1,MSigDB (original: GOBP_MACROAUTOPHAGY)
Autophagy,STK3,MSigDB (original: GOBP_MACROAUTOPHAGY)
Autophagy,NUPR1,MSigDB (original: GOBP_MACROAUTOPHAGY)
Autophagy,SCOC,MSigDB (original: GOBP_MACROAUTOPHAGY)
Autophagy,TBK1,MSigDB (original: GOBP_MACROAUTOPHAGY)
Autophagy,GABARAP,MSigDB (original: GOBP_MACROAUTOPHAGY)
Autophagy,MTOR,MSigDB (original: GOBP_MACROAUTOPHAGY)
Autophagy,GABARAPL1,MSigDB (original: GOBP_MACROAUTOPHAGY)
Autophagy,HUWE1,MSigDB (original: GOBP_MACROAUTOPHAGY)
Autophagy,TRP53INP1,MSigDB (original: GOBP_MACROAUTOPHAGY)
Autophagy,MOAP1,MSigDB (original: GOBP_MACROAUTOPHAGY)
Autophagy,RALB,MSigDB (original: GOBP_MACROAUTOPHAGY)
Autophagy,HTRA2,MSigDB (original: GOBP_MACROAUTOPHAGY)
Autophagy,TSC1,MSigDB (original: GOBP_MACROAUTOPHAGY)
Autophagy,EMC6,MSigDB (original: GOBP_MACROAUTOPHAGY)
Autophagy,UFC1,MSigDB (original: GOBP_MACROAUTOPHAGY)
Autophagy,TOMM7,MSigDB (original: GOBP_MACROAUTOPHAGY)
Autophagy,RETREG1,MSigDB (original: GOBP_MACROAUTOPHAGY)
Autophagy,CHMP4C,MSigDB (original: GOBP_MACROAUTOPHAGY)
Autophagy,UBXN6,MSigDB (original: GOBP_MACROAUTOPHAGY)
Autophagy,TRIM13,MSigDB (original: GOBP_MACROAUTOPHAGY)
Autophagy,ATG4B,MSigDB (original: GOBP_MACROAUTOPHAGY)
Autophagy,LIX1,MSigDB (original: GOBP_MACROAUTOPHAGY)
Autophagy,UBA5,MSigDB (original: GOBP_MACROAUTOPHAGY)
Autophagy,LRRK2,MSigDB (original: GOBP_MACROAUTOPHAGY)
Autophagy,MAP1LC3A,MSigDB (original: GOBP_MACROAUTOPHAGY)
Autophagy,ATG10,MSigDB (original: GOBP_MACROAUTOPHAGY)
Autophagy,TAFAZZIN,MSigDB (original: GOBP_MACROAUTOPHAGY)
Autophagy,WDR45B,MSigDB (original: GOBP_MACROAUTOPHAGY)
Autophagy,CHMP1B,MSigDB (original: GOBP_MACROAUTOPHAGY)
Autophagy,ARL8B,MSigDB (original: GOBP_MACROAUTOPHAGY)
Autophagy,RNF213,MSigDB (original: GOBP_MACROAUTOPHAGY)
Autophagy,MAP1LC3B,MSigDB (original: GOBP_MACROAUTOPHAGY)
Autophagy,SNAP29,MSigDB (original: GOBP_MACROAUTOPHAGY)
Autophagy,UFL1,MSigDB (original: GOBP_MACROAUTOPHAGY)
Autophagy,ATG12,MSigDB (original: GOBP_MACROAUTOPHAGY)
Autophagy,RNF41,MSigDB (original: GOBP_MACROAUTOPHAGY)
Autophagy,STX17,MSigDB (original: GOBP_MACROAUTOPHAGY)
Autophagy,POLDIP2,MSigDB (original: GOBP_MACROAUTOPHAGY)
Autophagy,GPSM1,MSigDB (original: GOBP_MACROAUTOPHAGY)
Autophagy,ATG3,MSigDB (original: GOBP_MACROAUTOPHAGY)
Autophagy,TMEM39A,MSigDB (original: GOBP_MACROAUTOPHAGY)
Autophagy,UFM1,MSigDB (original: GOBP_MACROAUTOPHAGY)
Autophagy,RETREG3,MSigDB (original: GOBP_MACROAUTOPHAGY)
Autophagy,UBXN2B,MSigDB (original: GOBP_MACROAUTOPHAGY)
Autophagy,ATG101,MSigDB (original: GOBP_MACROAUTOPHAGY)
Autophagy,TRP53INP2,MSigDB (original: GOBP_MACROAUTOPHAGY)
Autophagy,CHMP2B,MSigDB (original: GOBP_MACROAUTOPHAGY)
Autophagy,PINK1,MSigDB (original: GOBP_MACROAUTOPHAGY)
Autophagy,CHMP2A,MSigDB (original: GOBP_MACROAUTOPHAGY)
Autophagy,SNX4,MSigDB (original: GOBP_MACROAUTOPHAGY)
Autophagy,RAB43,MSigDB (original: GOBP_MACROAUTOPHAGY)
Autophagy,TECPR1,MSigDB (original: GOBP_MACROAUTOPHAGY)
Autophagy,OPTN,MSigDB (original: GOBP_MACROAUTOPHAGY)
Autophagy,ULK3,MSigDB (original: GOBP_MACROAUTOPHAGY)
Autophagy,WDFY3,MSigDB (original: GOBP_MACROAUTOPHAGY)
Autophagy,MFSD8,MSigDB (original: GOBP_MACROAUTOPHAGY)
Autophagy,TBC1D5,MSigDB (original: GOBP_MACROAUTOPHAGY)
Autophagy,USP36,MSigDB (original: GOBP_MACROAUTOPHAGY)
Autophagy,STING1,MSigDB (original: GOBP_MACROAUTOPHAGY)
Autophagy,LARP1,MSigDB (original: GOBP_MACROAUTOPHAGY)
Autophagy,C9ORF72,MSigDB (original: GOBP_MACROAUTOPHAGY)
Autophagy,ATG16L2,MSigDB (original: GOBP_MACROAUTOPHAGY)
Autophagy,ATG7,MSigDB (original: GOBP_MACROAUTOPHAGY)
Autophagy,MTMR3,MSigDB (original: GOBP_MACROAUTOPHAGY)
Autophagy,CLEC16A,MSigDB (original: GOBP_MACROAUTOPHAGY)
Autophagy,ATP13A2,MSigDB (original: GOBP_MACROAUTOPHAGY)
Autophagy,WIPI2,MSigDB (original: GOBP_MACROAUTOPHAGY)
Autophagy,CHMP4B,MSigDB (original: GOBP_MACROAUTOPHAGY)
Autophagy,PIK3R4,MSigDB (original: GOBP_MACROAUTOPHAGY)
Autophagy,SESN3,MSigDB (original: GOBP_MACROAUTOPHAGY)
Autophagy,SMURF1,MSigDB (original: GOBP_MACROAUTOPHAGY)
Autophagy,VMP1,MSigDB (original: GOBP_MACROAUTOPHAGY)
Autophagy,RAB1B,MSigDB (original: GOBP_MACROAUTOPHAGY)
Autophagy,ATG2B,MSigDB (original: GOBP_MACROAUTOPHAGY)
Autophagy,SNX7,MSigDB (original: GOBP_MACROAUTOPHAGY)
Autophagy,CALCOCO2,MSigDB (original: GOBP_MACROAUTOPHAGY)
Autophagy,ARFIP2,MSigDB (original: GOBP_MACROAUTOPHAGY)
Autophagy,CHMP5,MSigDB (original: GOBP_MACROAUTOPHAGY)
Autophagy,SCFD1,MSigDB (original: GOBP_MACROAUTOPHAGY)
Autophagy,DDRGK1,MSigDB (original: GOBP_MACROAUTOPHAGY)
Autophagy,ATG16L1,MSigDB (original: GOBP_MACROAUTOPHAGY)
Autophagy,VPS33A,MSigDB (original: GOBP_MACROAUTOPHAGY)
Autophagy,PHF23,MSigDB (original: GOBP_MACROAUTOPHAGY)
Autophagy,UVRAG,MSigDB (original: GOBP_MACROAUTOPHAGY)
Autophagy,VPS16,MSigDB (original: GOBP_MACROAUTOPHAGY)
Autophagy,LRBA,MSigDB (original: GOBP_MACROAUTOPHAGY)
Autophagy,HSPB8,MSigDB (original: GOBP_MACROAUTOPHAGY)
Autophagy,GABARAPL2,MSigDB (original: GOBP_MACROAUTOPHAGY)
Autophagy,SIRT1,MSigDB (original: GOBP_MACROAUTOPHAGY)
Autophagy,CERS1,MSigDB (original: GOBP_MACROAUTOPHAGY)
Autophagy,MCOLN1,MSigDB (original: GOBP_MACROAUTOPHAGY)
Autophagy,UBQLN4,MSigDB (original: GOBP_MACROAUTOPHAGY)
Autophagy,RAB3GAP2,MSigDB (original: GOBP_MACROAUTOPHAGY)
Autophagy,RB1CC1,MSigDB (original: GOBP_LYSOSOMAL_MICROAUTOPHAGY)
Autophagy,SNX30,MSigDB (original: GOBP_LYSOSOMAL_MICROAUTOPHAGY)
Autophagy,ULK1,MSigDB (original: GOBP_LYSOSOMAL_MICROAUTOPHAGY)
Autophagy,ULK2,MSigDB (original: GOBP_LYSOSOMAL_MICROAUTOPHAGY)
Autophagy,ATG2A,MSigDB (original: GOBP_LYSOSOMAL_MICROAUTOPHAGY)
Autophagy,ATG13,MSigDB (original: GOBP_LYSOSOMAL_MICROAUTOPHAGY)
Autophagy,ATG4B,MSigDB (original: GOBP_LYSOSOMAL_MICROAUTOPHAGY)
Autophagy,ULK3,MSigDB (original: GOBP_LYSOSOMAL_MICROAUTOPHAGY)
Autophagy,ATG7,MSigDB (original: GOBP_LYSOSOMAL_MICROAUTOPHAGY)
Autophagy,ATG2B,MSigDB (original: GOBP_LYSOSOMAL_MICROAUTOPHAGY)
Autophagy,SNX7,MSigDB (original: GOBP_LYSOSOMAL_MICROAUTOPHAGY)
Autophagy,ATG16L1,MSigDB (original: GOBP_LYSOSOMAL_MICROAUTOPHAGY)
Autophagy,NOD1,MSigDB (original: GOBP_POSITIVE_REGULATION_OF_MACROAUTOPHAGY)
Autophagy,PIP4K2B,MSigDB (original: GOBP_POSITIVE_REGULATION_OF_MACROAUTOPHAGY)
Autophagy,ADRB2,MSigDB (original: GOBP_POSITIVE_REGULATION_OF_MACROAUTOPHAGY)
Autophagy,PIP4K2C,MSigDB (original: GOBP_POSITIVE_REGULATION_OF_MACROAUTOPHAGY)
Autophagy,SLC25A4,MSigDB (original: GOBP_POSITIVE_REGULATION_OF_MACROAUTOPHAGY)
Autophagy,SLC25A5,MSigDB (original: GOBP_POSITIVE_REGULATION_OF_MACROAUTOPHAGY)
Autophagy,BNIP3,MSigDB (original: GOBP_POSITIVE_REGULATION_OF_MACROAUTOPHAGY)
Autophagy,BNIP3L,MSigDB (original: GOBP_POSITIVE_REGULATION_OF_MACROAUTOPHAGY)
Autophagy,DCN,MSigDB (original: GOBP_POSITIVE_REGULATION_OF_MACROAUTOPHAGY)
Autophagy,EPM2A,MSigDB (original: GOBP_POSITIVE_REGULATION_OF_MACROAUTOPHAGY)
Autophagy,SESN1,MSigDB (original: GOBP_POSITIVE_REGULATION_OF_MACROAUTOPHAGY)
Autophagy,GNAI3,MSigDB (original: GOBP_POSITIVE_REGULATION_OF_MACROAUTOPHAGY)
Autophagy,HTT,MSigDB (original: GOBP_POSITIVE_REGULATION_OF_MACROAUTOPHAGY)
Autophagy,HIF1A,MSigDB (original: GOBP_POSITIVE_REGULATION_OF_MACROAUTOPHAGY)
Autophagy,HMOX1,MSigDB (original: GOBP_POSITIVE_REGULATION_OF_MACROAUTOPHAGY)
Autophagy,IRGM1,MSigDB (original: GOBP_POSITIVE_REGULATION_OF_MACROAUTOPHAGY)
Autophagy,IGTP,MSigDB (original: GOBP_POSITIVE_REGULATION_OF_MACROAUTOPHAGY)
Autophagy,IKBKG,MSigDB (original: GOBP_POSITIVE_REGULATION_OF_MACROAUTOPHAGY)
Autophagy,IL4,MSigDB (original: GOBP_POSITIVE_REGULATION_OF_MACROAUTOPHAGY)
Autophagy,KDR,MSigDB (original: GOBP_POSITIVE_REGULATION_OF_MACROAUTOPHAGY)
Autophagy,SNX18,MSigDB (original: GOBP_POSITIVE_REGULATION_OF_MACROAUTOPHAGY)
Autophagy,FYCO1,MSigDB (original: GOBP_POSITIVE_REGULATION_OF_MACROAUTOPHAGY)
Autophagy,PAFAH1B2,MSigDB (original: GOBP_POSITIVE_REGULATION_OF_MACROAUTOPHAGY)
Autophagy,PIM2,MSigDB (original: GOBP_POSITIVE_REGULATION_OF_MACROAUTOPHAGY)
Autophagy,PIP4K2A,MSigDB (original: GOBP_POSITIVE_REGULATION_OF_MACROAUTOPHAGY)
Autophagy,RIPK2,MSigDB (original: GOBP_POSITIVE_REGULATION_OF_MACROAUTOPHAGY)
Autophagy,RAB12,MSigDB (original: GOBP_POSITIVE_REGULATION_OF_MACROAUTOPHAGY)
Autophagy,SPTLC2,MSigDB (original: GOBP_POSITIVE_REGULATION_OF_MACROAUTOPHAGY)
Autophagy,SNX30,MSigDB (original: GOBP_POSITIVE_REGULATION_OF_MACROAUTOPHAGY)
Autophagy,SUPT5,MSigDB (original: GOBP_POSITIVE_REGULATION_OF_MACROAUTOPHAGY)
Autophagy,TOM1,MSigDB (original: GOBP_POSITIVE_REGULATION_OF_MACROAUTOPHAGY)
Autophagy,TSC2,MSigDB (original: GOBP_POSITIVE_REGULATION_OF_MACROAUTOPHAGY)
Autophagy,ULK1,MSigDB (original: GOBP_POSITIVE_REGULATION_OF_MACROAUTOPHAGY)
Autophagy,VDAC1,MSigDB (original: GOBP_POSITIVE_REGULATION_OF_MACROAUTOPHAGY)
Autophagy,WAC,MSigDB (original: GOBP_POSITIVE_REGULATION_OF_MACROAUTOPHAGY)
Autophagy,RAB3GAP1,MSigDB (original: GOBP_POSITIVE_REGULATION_OF_MACROAUTOPHAGY)
Autophagy,LRSAM1,MSigDB (original: GOBP_POSITIVE_REGULATION_OF_MACROAUTOPHAGY)
Autophagy,AMBRA1,MSigDB (original: GOBP_POSITIVE_REGULATION_OF_MACROAUTOPHAGY)
Autophagy,ELAPOR1,MSigDB (original: GOBP_POSITIVE_REGULATION_OF_MACROAUTOPHAGY)
Autophagy,SESN2,MSigDB (original: GOBP_POSITIVE_REGULATION_OF_MACROAUTOPHAGY)
Autophagy,VPS13D,MSigDB (original: GOBP_POSITIVE_REGULATION_OF_MACROAUTOPHAGY)
Autophagy,SMCR8,MSigDB (original: GOBP_POSITIVE_REGULATION_OF_MACROAUTOPHAGY)
Autophagy,TLR2,MSigDB (original: GOBP_POSITIVE_REGULATION_OF_MACROAUTOPHAGY)
Autophagy,NOD2,MSigDB (original: GOBP_POSITIVE_REGULATION_OF_MACROAUTOPHAGY)
Autophagy,MAP3K7,MSigDB (original: GOBP_POSITIVE_REGULATION_OF_MACROAUTOPHAGY)
Autophagy,MAPK3,MSigDB (original: GOBP_POSITIVE_REGULATION_OF_MACROAUTOPHAGY)
Autophagy,SPTLC1,MSigDB (original: GOBP_POSITIVE_REGULATION_OF_MACROAUTOPHAGY)
Autophagy,RNF31,MSigDB (original: GOBP_POSITIVE_REGULATION_OF_MACROAUTOPHAGY)
Autophagy,WDR24,MSigDB (original: GOBP_POSITIVE_REGULATION_OF_MACROAUTOPHAGY)
Autophagy,BAG3,MSigDB (original: GOBP_POSITIVE_REGULATION_OF_MACROAUTOPHAGY)
Autophagy,ATG2A,MSigDB (original: GOBP_POSITIVE_REGULATION_OF_MACROAUTOPHAGY)
Autophagy,RUFY4,MSigDB (original: GOBP_POSITIVE_REGULATION_OF_MACROAUTOPHAGY)
Autophagy,PRKN,MSigDB (original: GOBP_POSITIVE_REGULATION_OF_MACROAUTOPHAGY)
Autophagy,WIPI1,MSigDB (original: GOBP_POSITIVE_REGULATION_OF_MACROAUTOPHAGY)
Autophagy,IRGM2,MSigDB (original: GOBP_POSITIVE_REGULATION_OF_MACROAUTOPHAGY)
Autophagy,WDR45,MSigDB (original: GOBP_POSITIVE_REGULATION_OF_MACROAUTOPHAGY)
Autophagy,SH3GLB1,MSigDB (original: GOBP_POSITIVE_REGULATION_OF_MACROAUTOPHAGY)
Autophagy,BECN1,MSigDB (original: GOBP_POSITIVE_REGULATION_OF_MACROAUTOPHAGY)
Autophagy,SCOC,MSigDB (original: GOBP_POSITIVE_REGULATION_OF_MACROAUTOPHAGY)
Autophagy,TBK1,MSigDB (original: GOBP_POSITIVE_REGULATION_OF_MACROAUTOPHAGY)
Autophagy,MOAP1,MSigDB (original: GOBP_POSITIVE_REGULATION_OF_MACROAUTOPHAGY)
Autophagy,RALB,MSigDB (original: GOBP_POSITIVE_REGULATION_OF_MACROAUTOPHAGY)
Autophagy,TSC1,MSigDB (original: GOBP_POSITIVE_REGULATION_OF_MACROAUTOPHAGY)
Autophagy,TRIM13,MSigDB (original: GOBP_POSITIVE_REGULATION_OF_MACROAUTOPHAGY)
Autophagy,GPSM1,MSigDB (original: GOBP_POSITIVE_REGULATION_OF_MACROAUTOPHAGY)
Autophagy,PINK1,MSigDB (original: GOBP_POSITIVE_REGULATION_OF_MACROAUTOPHAGY)
Autophagy,SNX4,MSigDB (original: GOBP_POSITIVE_REGULATION_OF_MACROAUTOPHAGY)
Autophagy,OPTN,MSigDB (original: GOBP_POSITIVE_REGULATION_OF_MACROAUTOPHAGY)
Autophagy,STING1,MSigDB (original: GOBP_POSITIVE_REGULATION_OF_MACROAUTOPHAGY)
Autophagy,LARP1,MSigDB (original: GOBP_POSITIVE_REGULATION_OF_MACROAUTOPHAGY)
Autophagy,C9ORF72,MSigDB (original: GOBP_POSITIVE_REGULATION_OF_MACROAUTOPHAGY)
Autophagy,CLEC16A,MSigDB (original: GOBP_POSITIVE_REGULATION_OF_MACROAUTOPHAGY)
Autophagy,SESN3,MSigDB (original: GOBP_POSITIVE_REGULATION_OF_MACROAUTOPHAGY)
Autophagy,SNX7,MSigDB (original: GOBP_POSITIVE_REGULATION_OF_MACROAUTOPHAGY)
Autophagy,CALCOCO2,MSigDB (original: GOBP_POSITIVE_REGULATION_OF_MACROAUTOPHAGY)
Autophagy,HSPB8,MSigDB (original: GOBP_POSITIVE_REGULATION_OF_MACROAUTOPHAGY)
Autophagy,SIRT1,MSigDB (original: GOBP_POSITIVE_REGULATION_OF_MACROAUTOPHAGY)
Autophagy,CERS1,MSigDB (original: GOBP_POSITIVE_REGULATION_OF_MACROAUTOPHAGY)
Autophagy,RAB3GAP2,MSigDB (original: GOBP_POSITIVE_REGULATION_OF_MACROAUTOPHAGY)
Autophagy,RUBCN,MSigDB (original: GOBP_REGULATION_OF_MACROAUTOPHAGY)
Autophagy,ATG14,MSigDB (original: GOBP_REGULATION_OF_MACROAUTOPHAGY)
Autophagy,USP30,MSigDB (original: GOBP_REGULATION_OF_MACROAUTOPHAGY)
Autophagy,QSOX1,MSigDB (original: GOBP_REGULATION_OF_MACROAUTOPHAGY)
Autophagy,NOD1,MSigDB (original: GOBP_REGULATION_OF_MACROAUTOPHAGY)
Autophagy,PRKAA2,MSigDB (original: GOBP_REGULATION_OF_MACROAUTOPHAGY)
Autophagy,PIP4K2B,MSigDB (original: GOBP_REGULATION_OF_MACROAUTOPHAGY)
Autophagy,EHMT2,MSigDB (original: GOBP_REGULATION_OF_MACROAUTOPHAGY)
Autophagy,ADRB2,MSigDB (original: GOBP_REGULATION_OF_MACROAUTOPHAGY)
Autophagy,PIP4K2C,MSigDB (original: GOBP_REGULATION_OF_MACROAUTOPHAGY)
Autophagy,SLC25A4,MSigDB (original: GOBP_REGULATION_OF_MACROAUTOPHAGY)
Autophagy,SLC25A5,MSigDB (original: GOBP_REGULATION_OF_MACROAUTOPHAGY)
Autophagy,ATG5,MSigDB (original: GOBP_REGULATION_OF_MACROAUTOPHAGY)
Autophagy,ATP6V0A1,MSigDB (original: GOBP_REGULATION_OF_MACROAUTOPHAGY)
Autophagy,BNIP3,MSigDB (original: GOBP_REGULATION_OF_MACROAUTOPHAGY)
Autophagy,BNIP3L,MSigDB (original: GOBP_REGULATION_OF_MACROAUTOPHAGY)
Autophagy,CLN3,MSigDB (original: GOBP_REGULATION_OF_MACROAUTOPHAGY)
Autophagy,DCN,MSigDB (original: GOBP_REGULATION_OF_MACROAUTOPHAGY)
Autophagy,EPM2A,MSigDB (original: GOBP_REGULATION_OF_MACROAUTOPHAGY)
Autophagy,SESN1,MSigDB (original: GOBP_REGULATION_OF_MACROAUTOPHAGY)
Autophagy,GNAI3,MSigDB (original: GOBP_REGULATION_OF_MACROAUTOPHAGY)
Autophagy,HDAC6,MSigDB (original: GOBP_REGULATION_OF_MACROAUTOPHAGY)
Autophagy,HTT,MSigDB (original: GOBP_REGULATION_OF_MACROAUTOPHAGY)
Autophagy,HIF1A,MSigDB (original: GOBP_REGULATION_OF_MACROAUTOPHAGY)
Autophagy,HMOX1,MSigDB (original: GOBP_REGULATION_OF_MACROAUTOPHAGY)
Autophagy,IRGM1,MSigDB (original: GOBP_REGULATION_OF_MACROAUTOPHAGY)
Autophagy,IGTP,MSigDB (original: GOBP_REGULATION_OF_MACROAUTOPHAGY)
Autophagy,IKBKG,MSigDB (original: GOBP_REGULATION_OF_MACROAUTOPHAGY)
Autophagy,IL4,MSigDB (original: GOBP_REGULATION_OF_MACROAUTOPHAGY)
Autophagy,KDR,MSigDB (original: GOBP_REGULATION_OF_MACROAUTOPHAGY)
Autophagy,SNX18,MSigDB (original: GOBP_REGULATION_OF_MACROAUTOPHAGY)
Autophagy,FYCO1,MSigDB (original: GOBP_REGULATION_OF_MACROAUTOPHAGY)
Autophagy,MTM1,MSigDB (original: GOBP_REGULATION_OF_MACROAUTOPHAGY)
Autophagy,NPC1,MSigDB (original: GOBP_REGULATION_OF_MACROAUTOPHAGY)
Autophagy,PAFAH1B2,MSigDB (original: GOBP_REGULATION_OF_MACROAUTOPHAGY)
Autophagy,PIM2,MSigDB (original: GOBP_REGULATION_OF_MACROAUTOPHAGY)
Autophagy,PIP4K2A,MSigDB (original: GOBP_REGULATION_OF_MACROAUTOPHAGY)
Autophagy,RIPK2,MSigDB (original: GOBP_REGULATION_OF_MACROAUTOPHAGY)
Autophagy,RAB12,MSigDB (original: GOBP_REGULATION_OF_MACROAUTOPHAGY)
Autophagy,SEC22B,MSigDB (original: GOBP_REGULATION_OF_MACROAUTOPHAGY)
Autophagy,SPTLC2,MSigDB (original: GOBP_REGULATION_OF_MACROAUTOPHAGY)
Autophagy,SNX30,MSigDB (original: GOBP_REGULATION_OF_MACROAUTOPHAGY)
Autophagy,SUPT5,MSigDB (original: GOBP_REGULATION_OF_MACROAUTOPHAGY)
Autophagy,TBC1D25,MSigDB (original: GOBP_REGULATION_OF_MACROAUTOPHAGY)
Autophagy,LZTS1,MSigDB (original: GOBP_REGULATION_OF_MACROAUTOPHAGY)
Autophagy,TOM1,MSigDB (original: GOBP_REGULATION_OF_MACROAUTOPHAGY)
Autophagy,TRP53,MSigDB (original: GOBP_REGULATION_OF_MACROAUTOPHAGY)
Autophagy,TSC2,MSigDB (original: GOBP_REGULATION_OF_MACROAUTOPHAGY)
Autophagy,ULK1,MSigDB (original: GOBP_REGULATION_OF_MACROAUTOPHAGY)
Autophagy,VDAC1,MSigDB (original: GOBP_REGULATION_OF_MACROAUTOPHAGY)
Autophagy,NRBP2,MSigDB (original: GOBP_REGULATION_OF_MACROAUTOPHAGY)
Autophagy,FEZ2,MSigDB (original: GOBP_REGULATION_OF_MACROAUTOPHAGY)
Autophagy,WAC,MSigDB (original: GOBP_REGULATION_OF_MACROAUTOPHAGY)
Autophagy,PIK3C3,MSigDB (original: GOBP_REGULATION_OF_MACROAUTOPHAGY)
Autophagy,RAB3GAP1,MSigDB (original: GOBP_REGULATION_OF_MACROAUTOPHAGY)
Autophagy,LRSAM1,MSigDB (original: GOBP_REGULATION_OF_MACROAUTOPHAGY)
Autophagy,AMBRA1,MSigDB (original: GOBP_REGULATION_OF_MACROAUTOPHAGY)
Autophagy,ELAPOR1,MSigDB (original: GOBP_REGULATION_OF_MACROAUTOPHAGY)
Autophagy,SESN2,MSigDB (original: GOBP_REGULATION_OF_MACROAUTOPHAGY)
Autophagy,VPS13D,MSigDB (original: GOBP_REGULATION_OF_MACROAUTOPHAGY)
Autophagy,FEZ1,MSigDB (original: GOBP_REGULATION_OF_MACROAUTOPHAGY)
Autophagy,SMCR8,MSigDB (original: GOBP_REGULATION_OF_MACROAUTOPHAGY)
Autophagy,TLR2,MSigDB (original: GOBP_REGULATION_OF_MACROAUTOPHAGY)
Autophagy,NOD2,MSigDB (original: GOBP_REGULATION_OF_MACROAUTOPHAGY)
Autophagy,MAP3K7,MSigDB (original: GOBP_REGULATION_OF_MACROAUTOPHAGY)
Autophagy,MAPK3,MSigDB (original: GOBP_REGULATION_OF_MACROAUTOPHAGY)
Autophagy,SPTLC1,MSigDB (original: GOBP_REGULATION_OF_MACROAUTOPHAGY)
Autophagy,RNF31,MSigDB (original: GOBP_REGULATION_OF_MACROAUTOPHAGY)
Autophagy,WDR24,MSigDB (original: GOBP_REGULATION_OF_MACROAUTOPHAGY)
Autophagy,BAG3,MSigDB (original: GOBP_REGULATION_OF_MACROAUTOPHAGY)
Autophagy,TIGAR,MSigDB (original: GOBP_REGULATION_OF_MACROAUTOPHAGY)
Autophagy,VPS13C,MSigDB (original: GOBP_REGULATION_OF_MACROAUTOPHAGY)
Autophagy,ATG2A,MSigDB (original: GOBP_REGULATION_OF_MACROAUTOPHAGY)
Autophagy,RUFY4,MSigDB (original: GOBP_REGULATION_OF_MACROAUTOPHAGY)
Autophagy,PRKN,MSigDB (original: GOBP_REGULATION_OF_MACROAUTOPHAGY)
Autophagy,WIPI1,MSigDB (original: GOBP_REGULATION_OF_MACROAUTOPHAGY)
Autophagy,IRGM2,MSigDB (original: GOBP_REGULATION_OF_MACROAUTOPHAGY)
Autophagy,UBQLN2,MSigDB (original: GOBP_REGULATION_OF_MACROAUTOPHAGY)
Autophagy,WDR45,MSigDB (original: GOBP_REGULATION_OF_MACROAUTOPHAGY)
Autophagy,SH3GLB1,MSigDB (original: GOBP_REGULATION_OF_MACROAUTOPHAGY)
Autophagy,UBQLN1,MSigDB (original: GOBP_REGULATION_OF_MACROAUTOPHAGY)
Autophagy,BECN1,MSigDB (original: GOBP_REGULATION_OF_MACROAUTOPHAGY)
Autophagy,NUPR1,MSigDB (original: GOBP_REGULATION_OF_MACROAUTOPHAGY)
Autophagy,SCOC,MSigDB (original: GOBP_REGULATION_OF_MACROAUTOPHAGY)
Autophagy,TBK1,MSigDB (original: GOBP_REGULATION_OF_MACROAUTOPHAGY)
Autophagy,MTOR,MSigDB (original: GOBP_REGULATION_OF_MACROAUTOPHAGY)
Autophagy,MOAP1,MSigDB (original: GOBP_REGULATION_OF_MACROAUTOPHAGY)
Autophagy,RALB,MSigDB (original: GOBP_REGULATION_OF_MACROAUTOPHAGY)
Autophagy,TSC1,MSigDB (original: GOBP_REGULATION_OF_MACROAUTOPHAGY)
Autophagy,TRIM13,MSigDB (original: GOBP_REGULATION_OF_MACROAUTOPHAGY)
Autophagy,LRRK2,MSigDB (original: GOBP_REGULATION_OF_MACROAUTOPHAGY)
Autophagy,ATG12,MSigDB (original: GOBP_REGULATION_OF_MACROAUTOPHAGY)
Autophagy,RNF41,MSigDB (original: GOBP_REGULATION_OF_MACROAUTOPHAGY)
Autophagy,POLDIP2,MSigDB (original: GOBP_REGULATION_OF_MACROAUTOPHAGY)
Autophagy,GPSM1,MSigDB (original: GOBP_REGULATION_OF_MACROAUTOPHAGY)
Autophagy,TMEM39A,MSigDB (original: GOBP_REGULATION_OF_MACROAUTOPHAGY)
Autophagy,PINK1,MSigDB (original: GOBP_REGULATION_OF_MACROAUTOPHAGY)
Autophagy,SNX4,MSigDB (original: GOBP_REGULATION_OF_MACROAUTOPHAGY)
Autophagy,TECPR1,MSigDB (original: GOBP_REGULATION_OF_MACROAUTOPHAGY)
Autophagy,OPTN,MSigDB (original: GOBP_REGULATION_OF_MACROAUTOPHAGY)
Autophagy,USP36,MSigDB (original: GOBP_REGULATION_OF_MACROAUTOPHAGY)
Autophagy,STING1,MSigDB (original: GOBP_REGULATION_OF_MACROAUTOPHAGY)
Autophagy,LARP1,MSigDB (original: GOBP_REGULATION_OF_MACROAUTOPHAGY)
Autophagy,C9ORF72,MSigDB (original: GOBP_REGULATION_OF_MACROAUTOPHAGY)
Autophagy,CLEC16A,MSigDB (original: GOBP_REGULATION_OF_MACROAUTOPHAGY)
Autophagy,ATP13A2,MSigDB (original: GOBP_REGULATION_OF_MACROAUTOPHAGY)
Autophagy,CHMP4B,MSigDB (original: GOBP_REGULATION_OF_MACROAUTOPHAGY)
Autophagy,PIK3R4,MSigDB (original: GOBP_REGULATION_OF_MACROAUTOPHAGY)
Autophagy,SESN3,MSigDB (original: GOBP_REGULATION_OF_MACROAUTOPHAGY)
Autophagy,SNX7,MSigDB (original: GOBP_REGULATION_OF_MACROAUTOPHAGY)
Autophagy,CALCOCO2,MSigDB (original: GOBP_REGULATION_OF_MACROAUTOPHAGY)
Autophagy,SCFD1,MSigDB (original: GOBP_REGULATION_OF_MACROAUTOPHAGY)
Autophagy,PHF23,MSigDB (original: GOBP_REGULATION_OF_MACROAUTOPHAGY)
Autophagy,HSPB8,MSigDB (original: GOBP_REGULATION_OF_MACROAUTOPHAGY)
Autophagy,SIRT1,MSigDB (original: GOBP_REGULATION_OF_MACROAUTOPHAGY)
Autophagy,CERS1,MSigDB (original: GOBP_REGULATION_OF_MACROAUTOPHAGY)
Autophagy,UBQLN4,MSigDB (original: GOBP_REGULATION_OF_MACROAUTOPHAGY)
Autophagy,RAB3GAP2,MSigDB (original: GOBP_REGULATION_OF_MACROAUTOPHAGY)
Autophagy,RUBCN,MSigDB (original: GOBP_NEGATIVE_REGULATION_OF_MACROAUTOPHAGY)
Autophagy,USP30,MSigDB (original: GOBP_NEGATIVE_REGULATION_OF_MACROAUTOPHAGY)
Autophagy,QSOX1,MSigDB (original: GOBP_NEGATIVE_REGULATION_OF_MACROAUTOPHAGY)
Autophagy,EHMT2,MSigDB (original: GOBP_NEGATIVE_REGULATION_OF_MACROAUTOPHAGY)
Autophagy,HMOX1,MSigDB (original: GOBP_NEGATIVE_REGULATION_OF_MACROAUTOPHAGY)
Autophagy,MTM1,MSigDB (original: GOBP_NEGATIVE_REGULATION_OF_MACROAUTOPHAGY)
Autophagy,NPC1,MSigDB (original: GOBP_NEGATIVE_REGULATION_OF_MACROAUTOPHAGY)
Autophagy,SEC22B,MSigDB (original: GOBP_NEGATIVE_REGULATION_OF_MACROAUTOPHAGY)
Autophagy,LZTS1,MSigDB (original: GOBP_NEGATIVE_REGULATION_OF_MACROAUTOPHAGY)
Autophagy,TRP53,MSigDB (original: GOBP_NEGATIVE_REGULATION_OF_MACROAUTOPHAGY)
Autophagy,TSC2,MSigDB (original: GOBP_NEGATIVE_REGULATION_OF_MACROAUTOPHAGY)
Autophagy,NRBP2,MSigDB (original: GOBP_NEGATIVE_REGULATION_OF_MACROAUTOPHAGY)
Autophagy,FEZ2,MSigDB (original: GOBP_NEGATIVE_REGULATION_OF_MACROAUTOPHAGY)
Autophagy,FEZ1,MSigDB (original: GOBP_NEGATIVE_REGULATION_OF_MACROAUTOPHAGY)
Autophagy,SMCR8,MSigDB (original: GOBP_NEGATIVE_REGULATION_OF_MACROAUTOPHAGY)
Autophagy,TIGAR,MSigDB (original: GOBP_NEGATIVE_REGULATION_OF_MACROAUTOPHAGY)
Autophagy,BECN1,MSigDB (original: GOBP_NEGATIVE_REGULATION_OF_MACROAUTOPHAGY)
Autophagy,NUPR1,MSigDB (original: GOBP_NEGATIVE_REGULATION_OF_MACROAUTOPHAGY)
Autophagy,MTOR,MSigDB (original: GOBP_NEGATIVE_REGULATION_OF_MACROAUTOPHAGY)
Autophagy,TSC1,MSigDB (original: GOBP_NEGATIVE_REGULATION_OF_MACROAUTOPHAGY)
Autophagy,LRRK2,MSigDB (original: GOBP_NEGATIVE_REGULATION_OF_MACROAUTOPHAGY)
Autophagy,RNF41,MSigDB (original: GOBP_NEGATIVE_REGULATION_OF_MACROAUTOPHAGY)
Autophagy,POLDIP2,MSigDB (original: GOBP_NEGATIVE_REGULATION_OF_MACROAUTOPHAGY)
Autophagy,TMEM39A,MSigDB (original: GOBP_NEGATIVE_REGULATION_OF_MACROAUTOPHAGY)
Autophagy,PINK1,MSigDB (original: GOBP_NEGATIVE_REGULATION_OF_MACROAUTOPHAGY)
Autophagy,USP36,MSigDB (original: GOBP_NEGATIVE_REGULATION_OF_MACROAUTOPHAGY)
Autophagy,CLEC16A,MSigDB (original: GOBP_NEGATIVE_REGULATION_OF_MACROAUTOPHAGY)
Autophagy,CHMP4B,MSigDB (original: GOBP_NEGATIVE_REGULATION_OF_MACROAUTOPHAGY)
Autophagy,SCFD1,MSigDB (original: GOBP_NEGATIVE_REGULATION_OF_MACROAUTOPHAGY)
Autophagy,PHF23,MSigDB (original: GOBP_NEGATIVE_REGULATION_OF_MACROAUTOPHAGY)
Autophagy,UBQLN4,MSigDB (original: GOBP_NEGATIVE_REGULATION_OF_MACROAUTOPHAGY)
Glutathione_metabolism,GLO1,MSigDB (original: GOBP_METHYLGLYOXAL_CATABOLIC_PROCESS_TO_D_LACTATE_VIA_S_LACTOYL_GLUTATHIONE)
Glutathione_metabolism,HAGH,MSigDB (original: GOBP_METHYLGLYOXAL_CATABOLIC_PROCESS_TO_D_LACTATE_VIA_S_LACTOYL_GLUTATHIONE)
Glutathione_metabolism,GATD1,MSigDB (original: GOBP_METHYLGLYOXAL_CATABOLIC_PROCESS_TO_D_LACTATE_VIA_S_LACTOYL_GLUTATHIONE)
Glutathione_metabolism,PNKD,MSigDB (original: GOBP_METHYLGLYOXAL_CATABOLIC_PROCESS_TO_D_LACTATE_VIA_S_LACTOYL_GLUTATHIONE)
Glutathione_metabolism,HAGHL,MSigDB (original: GOBP_METHYLGLYOXAL_CATABOLIC_PROCESS_TO_D_LACTATE_VIA_S_LACTOYL_GLUTATHIONE)
Autophagy,ATM,MSigDB (original: GOBP_AUTOPHAGY_OF_PEROXISOME)
Autophagy,RB1CC1,MSigDB (original: GOBP_AUTOPHAGY_OF_PEROXISOME)
Autophagy,SQSTM1,MSigDB (original: GOBP_AUTOPHAGY_OF_PEROXISOME)
Autophagy,PEX2,MSigDB (original: GOBP_AUTOPHAGY_OF_PEROXISOME)
Autophagy,PEX5,MSigDB (original: GOBP_AUTOPHAGY_OF_PEROXISOME)
Autophagy,PIK3C3,MSigDB (original: GOBP_AUTOPHAGY_OF_PEROXISOME)
Autophagy,PJVK,MSigDB (original: GOBP_AUTOPHAGY_OF_PEROXISOME)
Autophagy,ACBD5,MSigDB (original: GOBP_AUTOPHAGY_OF_PEROXISOME)
Autophagy,PIK3R4,MSigDB (original: GOBP_AUTOPHAGY_OF_PEROXISOME)
p53_pathway,ANKRD1,MSigDB (original: GOBP_DNA_DAMAGE_RESPONSE_SIGNAL_TRANSDUCTION_BY_P53_CLASS_MEDIATOR)
p53_pathway,PTTG1IP,MSigDB (original: GOBP_DNA_DAMAGE_RESPONSE_SIGNAL_TRANSDUCTION_BY_P53_CLASS_MEDIATOR)
p53_pathway,SPRED1,MSigDB (original: GOBP_DNA_DAMAGE_RESPONSE_SIGNAL_TRANSDUCTION_BY_P53_CLASS_MEDIATOR)
p53_pathway,SPRED2,MSigDB (original: GOBP_DNA_DAMAGE_RESPONSE_SIGNAL_TRANSDUCTION_BY_P53_CLASS_MEDIATOR)
p53_pathway,ATM,MSigDB (original: GOBP_DNA_DAMAGE_RESPONSE_SIGNAL_TRANSDUCTION_BY_P53_CLASS_MEDIATOR)
p53_pathway,BCL3,MSigDB (original: GOBP_DNA_DAMAGE_RESPONSE_SIGNAL_TRANSDUCTION_BY_P53_CLASS_MEDIATOR)
p53_pathway,BRCA2,MSigDB (original: GOBP_DNA_DAMAGE_RESPONSE_SIGNAL_TRANSDUCTION_BY_P53_CLASS_MEDIATOR)
p53_pathway,CASP2,MSigDB (original: GOBP_DNA_DAMAGE_RESPONSE_SIGNAL_TRANSDUCTION_BY_P53_CLASS_MEDIATOR)
p53_pathway,CD44,MSigDB (original: GOBP_DNA_DAMAGE_RESPONSE_SIGNAL_TRANSDUCTION_BY_P53_CLASS_MEDIATOR)
p53_pathway,CDKN1A,MSigDB (original: GOBP_DNA_DAMAGE_RESPONSE_SIGNAL_TRANSDUCTION_BY_P53_CLASS_MEDIATOR)
p53_pathway,CDKN2A,MSigDB (original: GOBP_DNA_DAMAGE_RESPONSE_SIGNAL_TRANSDUCTION_BY_P53_CLASS_MEDIATOR)
p53_pathway,CRADD,MSigDB (original: GOBP_DNA_DAMAGE_RESPONSE_SIGNAL_TRANSDUCTION_BY_P53_CLASS_MEDIATOR)
p53_pathway,DDX5,MSigDB (original: GOBP_DNA_DAMAGE_RESPONSE_SIGNAL_TRANSDUCTION_BY_P53_CLASS_MEDIATOR)
p53_pathway,DYRK1A,MSigDB (original: GOBP_DNA_DAMAGE_RESPONSE_SIGNAL_TRANSDUCTION_BY_P53_CLASS_MEDIATOR)
p53_pathway,PTPRV,MSigDB (original: GOBP_DNA_DAMAGE_RESPONSE_SIGNAL_TRANSDUCTION_BY_P53_CLASS_MEDIATOR)
p53_pathway,FOXM1,MSigDB (original: GOBP_DNA_DAMAGE_RESPONSE_SIGNAL_TRANSDUCTION_BY_P53_CLASS_MEDIATOR)
p53_pathway,HIC1,MSigDB (original: GOBP_DNA_DAMAGE_RESPONSE_SIGNAL_TRANSDUCTION_BY_P53_CLASS_MEDIATOR)
p53_pathway,HIPK2,MSigDB (original: GOBP_DNA_DAMAGE_RESPONSE_SIGNAL_TRANSDUCTION_BY_P53_CLASS_MEDIATOR)
p53_pathway,CD74,MSigDB (original: GOBP_DNA_DAMAGE_RESPONSE_SIGNAL_TRANSDUCTION_BY_P53_CLASS_MEDIATOR)
p53_pathway,MDM2,MSigDB (original: GOBP_DNA_DAMAGE_RESPONSE_SIGNAL_TRANSDUCTION_BY_P53_CLASS_MEDIATOR)
p53_pathway,MIF,MSigDB (original: GOBP_DNA_DAMAGE_RESPONSE_SIGNAL_TRANSDUCTION_BY_P53_CLASS_MEDIATOR)
p53_pathway,MUC1,MSigDB (original: GOBP_DNA_DAMAGE_RESPONSE_SIGNAL_TRANSDUCTION_BY_P53_CLASS_MEDIATOR)
p53_pathway,MYO6,MSigDB (original: GOBP_DNA_DAMAGE_RESPONSE_SIGNAL_TRANSDUCTION_BY_P53_CLASS_MEDIATOR)
p53_pathway,NPM1,MSigDB (original: GOBP_DNA_DAMAGE_RESPONSE_SIGNAL_TRANSDUCTION_BY_P53_CLASS_MEDIATOR)
p53_pathway,PLA2R1,MSigDB (original: GOBP_DNA_DAMAGE_RESPONSE_SIGNAL_TRANSDUCTION_BY_P53_CLASS_MEDIATOR)
p53_pathway,PML,MSigDB (original: GOBP_DNA_DAMAGE_RESPONSE_SIGNAL_TRANSDUCTION_BY_P53_CLASS_MEDIATOR)
p53_pathway,RPL26,MSigDB (original: GOBP_DNA_DAMAGE_RESPONSE_SIGNAL_TRANSDUCTION_BY_P53_CLASS_MEDIATOR)
p53_pathway,SNAI2,MSigDB (original: GOBP_DNA_DAMAGE_RESPONSE_SIGNAL_TRANSDUCTION_BY_P53_CLASS_MEDIATOR)
p53_pathway,SNAI1,MSigDB (original: GOBP_DNA_DAMAGE_RESPONSE_SIGNAL_TRANSDUCTION_BY_P53_CLASS_MEDIATOR)
p53_pathway,SOX4,MSigDB (original: GOBP_DNA_DAMAGE_RESPONSE_SIGNAL_TRANSDUCTION_BY_P53_CLASS_MEDIATOR)
p53_pathway,SP100,MSigDB (original: GOBP_DNA_DAMAGE_RESPONSE_SIGNAL_TRANSDUCTION_BY_P53_CLASS_MEDIATOR)
p53_pathway,TRP53,MSigDB (original: GOBP_DNA_DAMAGE_RESPONSE_SIGNAL_TRANSDUCTION_BY_P53_CLASS_MEDIATOR)
p53_pathway,TWIST1,MSigDB (original: GOBP_DNA_DAMAGE_RESPONSE_SIGNAL_TRANSDUCTION_BY_P53_CLASS_MEDIATOR)
p53_pathway,USP10,MSigDB (original: GOBP_DNA_DAMAGE_RESPONSE_SIGNAL_TRANSDUCTION_BY_P53_CLASS_MEDIATOR)
p53_pathway,PRAP1,MSigDB (original: GOBP_DNA_DAMAGE_RESPONSE_SIGNAL_TRANSDUCTION_BY_P53_CLASS_MEDIATOR)
p53_pathway,ATRX,MSigDB (original: GOBP_DNA_DAMAGE_RESPONSE_SIGNAL_TRANSDUCTION_BY_P53_CLASS_MEDIATOR)
p53_pathway,DYRK3,MSigDB (original: GOBP_DNA_DAMAGE_RESPONSE_SIGNAL_TRANSDUCTION_BY_P53_CLASS_MEDIATOR)
p53_pathway,SMYD2,MSigDB (original: GOBP_DNA_DAMAGE_RESPONSE_SIGNAL_TRANSDUCTION_BY_P53_CLASS_MEDIATOR)
p53_pathway,ACER2,MSigDB (original: GOBP_DNA_DAMAGE_RESPONSE_SIGNAL_TRANSDUCTION_BY_P53_CLASS_MEDIATOR)
p53_pathway,ZMPSTE24,MSigDB (original: GOBP_DNA_DAMAGE_RESPONSE_SIGNAL_TRANSDUCTION_BY_P53_CLASS_MEDIATOR)
p53_pathway,SESN2,MSigDB (original: GOBP_DNA_DAMAGE_RESPONSE_SIGNAL_TRANSDUCTION_BY_P53_CLASS_MEDIATOR)
p53_pathway,ATR,MSigDB (original: GOBP_DNA_DAMAGE_RESPONSE_SIGNAL_TRANSDUCTION_BY_P53_CLASS_MEDIATOR)
p53_pathway,COPS3,MSigDB (original: GOBP_DNA_DAMAGE_RESPONSE_SIGNAL_TRANSDUCTION_BY_P53_CLASS_MEDIATOR)
p53_pathway,PPP2R5C,MSigDB (original: GOBP_DNA_DAMAGE_RESPONSE_SIGNAL_TRANSDUCTION_BY_P53_CLASS_MEDIATOR)
p53_pathway,ING4,MSigDB (original: GOBP_DNA_DAMAGE_RESPONSE_SIGNAL_TRANSDUCTION_BY_P53_CLASS_MEDIATOR)
p53_pathway,ZFP385A,MSigDB (original: GOBP_DNA_DAMAGE_RESPONSE_SIGNAL_TRANSDUCTION_BY_P53_CLASS_MEDIATOR)
p53_pathway,CHEK2,MSigDB (original: GOBP_DNA_DAMAGE_RESPONSE_SIGNAL_TRANSDUCTION_BY_P53_CLASS_MEDIATOR)
p53_pathway,E2F7,MSigDB (original: GOBP_DNA_DAMAGE_RESPONSE_SIGNAL_TRANSDUCTION_BY_P53_CLASS_MEDIATOR)
p53_pathway,BATF,MSigDB (original: GOBP_DNA_DAMAGE_RESPONSE_SIGNAL_TRANSDUCTION_BY_P53_CLASS_MEDIATOR)
p53_pathway,PSMD10,MSigDB (original: GOBP_DNA_DAMAGE_RESPONSE_SIGNAL_TRANSDUCTION_BY_P53_CLASS_MEDIATOR)
p53_pathway,PPM1D,MSigDB (original: GOBP_DNA_DAMAGE_RESPONSE_SIGNAL_TRANSDUCTION_BY_P53_CLASS_MEDIATOR)
p53_pathway,PAXIP1,MSigDB (original: GOBP_DNA_DAMAGE_RESPONSE_SIGNAL_TRANSDUCTION_BY_P53_CLASS_MEDIATOR)
p53_pathway,RBM38,MSigDB (original: GOBP_DNA_DAMAGE_RESPONSE_SIGNAL_TRANSDUCTION_BY_P53_CLASS_MEDIATOR)
p53_pathway,FOXO3,MSigDB (original: GOBP_DNA_DAMAGE_RESPONSE_SIGNAL_TRANSDUCTION_BY_P53_CLASS_MEDIATOR)
p53_pathway,MARCHF7,MSigDB (original: GOBP_DNA_DAMAGE_RESPONSE_SIGNAL_TRANSDUCTION_BY_P53_CLASS_MEDIATOR)
p53_pathway,PIDD1,MSigDB (original: GOBP_DNA_DAMAGE_RESPONSE_SIGNAL_TRANSDUCTION_BY_P53_CLASS_MEDIATOR)
p53_pathway,PMAIP1,MSigDB (original: GOBP_DNA_DAMAGE_RESPONSE_SIGNAL_TRANSDUCTION_BY_P53_CLASS_MEDIATOR)
p53_pathway,PCBP4,MSigDB (original: GOBP_DNA_DAMAGE_RESPONSE_SIGNAL_TRANSDUCTION_BY_P53_CLASS_MEDIATOR)
p53_pathway,EEF1E1,MSigDB (original: GOBP_DNA_DAMAGE_RESPONSE_SIGNAL_TRANSDUCTION_BY_P53_CLASS_MEDIATOR)
p53_pathway,RPS6KA6,MSigDB (original: GOBP_DNA_DAMAGE_RESPONSE_SIGNAL_TRANSDUCTION_BY_P53_CLASS_MEDIATOR)
p53_pathway,RPS27L,MSigDB (original: GOBP_DNA_DAMAGE_RESPONSE_SIGNAL_TRANSDUCTION_BY_P53_CLASS_MEDIATOR)
p53_pathway,KMT5A,MSigDB (original: GOBP_DNA_DAMAGE_RESPONSE_SIGNAL_TRANSDUCTION_BY_P53_CLASS_MEDIATOR)
p53_pathway,TRIAP1,MSigDB (original: GOBP_DNA_DAMAGE_RESPONSE_SIGNAL_TRANSDUCTION_BY_P53_CLASS_MEDIATOR)
p53_pathway,ZNHIT1,MSigDB (original: GOBP_DNA_DAMAGE_RESPONSE_SIGNAL_TRANSDUCTION_BY_P53_CLASS_MEDIATOR)
p53_pathway,KAT5,MSigDB (original: GOBP_DNA_DAMAGE_RESPONSE_SIGNAL_TRANSDUCTION_BY_P53_CLASS_MEDIATOR)
p53_pathway,TFAP4,MSigDB (original: GOBP_DNA_DAMAGE_RESPONSE_SIGNAL_TRANSDUCTION_BY_P53_CLASS_MEDIATOR)
p53_pathway,SIRT1,MSigDB (original: GOBP_DNA_DAMAGE_RESPONSE_SIGNAL_TRANSDUCTION_BY_P53_CLASS_MEDIATOR)
p53_pathway,KDM1A,MSigDB (original: GOBP_DNA_DAMAGE_RESPONSE_SIGNAL_TRANSDUCTION_BY_P53_CLASS_MEDIATOR)
Glutathione_metabolism,SLC13A3,MSigDB (original: GOBP_GLUTATHIONE_TRANSPORT)
Glutathione_metabolism,ABCC1,MSigDB (original: GOBP_GLUTATHIONE_TRANSPORT)
Glutathione_metabolism,SLC22A8,MSigDB (original: GOBP_GLUTATHIONE_TRANSPORT)
Glutathione_metabolism,SLC7A11,MSigDB (original: GOBP_GLUTATHIONE_TRANSPORT)
Glutathione_metabolism,SLC9A3R1,MSigDB (original: GOBP_GLUTATHIONE_TRANSPORT)
Glutathione_metabolism,ABCC5,MSigDB (original: GOBP_GLUTATHIONE_TRANSPORT)
Glutathione_metabolism,MGST1,MSigDB (original: GOBP_GLUTATHIONE_TRANSPORT)
Glutathione_metabolism,SLC25A39,MSigDB (original: GOBP_GLUTATHIONE_TRANSPORT)
Autophagy,RB1CC1,MSigDB (original: GOBP_PIECEMEAL_MICROAUTOPHAGY_OF_THE_NUCLEUS)
Autophagy,SNX30,MSigDB (original: GOBP_PIECEMEAL_MICROAUTOPHAGY_OF_THE_NUCLEUS)
Autophagy,ULK1,MSigDB (original: GOBP_PIECEMEAL_MICROAUTOPHAGY_OF_THE_NUCLEUS)
Autophagy,ULK2,MSigDB (original: GOBP_PIECEMEAL_MICROAUTOPHAGY_OF_THE_NUCLEUS)
Autophagy,ATG2A,MSigDB (original: GOBP_PIECEMEAL_MICROAUTOPHAGY_OF_THE_NUCLEUS)
Autophagy,ATG13,MSigDB (original: GOBP_PIECEMEAL_MICROAUTOPHAGY_OF_THE_NUCLEUS)
Autophagy,ULK3,MSigDB (original: GOBP_PIECEMEAL_MICROAUTOPHAGY_OF_THE_NUCLEUS)
Autophagy,ATG7,MSigDB (original: GOBP_PIECEMEAL_MICROAUTOPHAGY_OF_THE_NUCLEUS)
Autophagy,ATG2B,MSigDB (original: GOBP_PIECEMEAL_MICROAUTOPHAGY_OF_THE_NUCLEUS)
Autophagy,SNX7,MSigDB (original: GOBP_PIECEMEAL_MICROAUTOPHAGY_OF_THE_NUCLEUS)
Glutathione_metabolism,SLC13A3,MSigDB (original: GOBP_GLUTATHIONE_TRANSMEMBRANE_TRANSPORT)
Glutathione_metabolism,ABCC1,MSigDB (original: GOBP_GLUTATHIONE_TRANSMEMBRANE_TRANSPORT)
Glutathione_metabolism,SLC7A11,MSigDB (original: GOBP_GLUTATHIONE_TRANSMEMBRANE_TRANSPORT)
Glutathione_metabolism,ABCC5,MSigDB (original: GOBP_GLUTATHIONE_TRANSMEMBRANE_TRANSPORT)
Glutathione_metabolism,SLC25A39,MSigDB (original: GOBP_GLUTATHIONE_TRANSMEMBRANE_TRANSPORT)
MAPK_signaling,DVL3,MSigDB (original: GOBP_NON_CANONICAL_WNT_SIGNALING_PATHWAY_VIA_MAPK_CASCADE)
MAPK_signaling,FZD7,MSigDB (original: GOBP_NON_CANONICAL_WNT_SIGNALING_PATHWAY_VIA_MAPK_CASCADE)
MAPK_signaling,MYOC,MSigDB (original: GOBP_NON_CANONICAL_WNT_SIGNALING_PATHWAY_VIA_MAPK_CASCADE)
MAPK_signaling,WNT4,MSigDB (original: GOBP_NON_CANONICAL_WNT_SIGNALING_PATHWAY_VIA_MAPK_CASCADE)
MAPK_signaling,WNT5A,MSigDB (original: GOBP_NON_CANONICAL_WNT_SIGNALING_PATHWAY_VIA_MAPK_CASCADE)
MAPK_signaling,FZD10,MSigDB (original: GOBP_NON_CANONICAL_WNT_SIGNALING_PATHWAY_VIA_MAPK_CASCADE)
MAPK_signaling,NKD1,MSigDB (original: GOBP_NON_CANONICAL_WNT_SIGNALING_PATHWAY_VIA_MAPK_CASCADE)
MAPK_signaling,RELL1,MSigDB (original: GOBP_P38MAPK_CASCADE)
MAPK_signaling,AGER,MSigDB (original: GOBP_P38MAPK_CASCADE)
MAPK_signaling,ATF2,MSigDB (original: GOBP_P38MAPK_CASCADE)
MAPK_signaling,BMP2,MSigDB (original: GOBP_P38MAPK_CASCADE)
MAPK_signaling,BMP4,MSigDB (original: GOBP_P38MAPK_CASCADE)
MAPK_signaling,ZFP36L1,MSigDB (original: GOBP_P38MAPK_CASCADE)
MAPK_signaling,CAV3,MSigDB (original: GOBP_P38MAPK_CASCADE)
MAPK_signaling,CCR2,MSigDB (original: GOBP_P38MAPK_CASCADE)
MAPK_signaling,GADD45A,MSigDB (original: GOBP_P38MAPK_CASCADE)
MAPK_signaling,DLG1,MSigDB (original: GOBP_P38MAPK_CASCADE)
MAPK_signaling,FGFR3,MSigDB (original: GOBP_P38MAPK_CASCADE)
MAPK_signaling,HAND2,MSigDB (original: GOBP_P38MAPK_CASCADE)
MAPK_signaling,HGF,MSigDB (original: GOBP_P38MAPK_CASCADE)
MAPK_signaling,IL1B,MSigDB (original: GOBP_P38MAPK_CASCADE)
MAPK_signaling,LEP,MSigDB (original: GOBP_P38MAPK_CASCADE)
MAPK_signaling,MAPKAPK2,MSigDB (original: GOBP_P38MAPK_CASCADE)
MAPK_signaling,MET,MSigDB (original: GOBP_P38MAPK_CASCADE)
MAPK_signaling,GADD45B,MSigDB (original: GOBP_P38MAPK_CASCADE)
MAPK_signaling,OPRK1,MSigDB (original: GOBP_P38MAPK_CASCADE)
MAPK_signaling,PER1,MSigDB (original: GOBP_P38MAPK_CASCADE)
MAPK_signaling,DUSP1,MSigDB (original: GOBP_P38MAPK_CASCADE)
MAPK_signaling,PTPN22,MSigDB (original: GOBP_P38MAPK_CASCADE)
MAPK_signaling,SPI1,MSigDB (original: GOBP_P38MAPK_CASCADE)
MAPK_signaling,SPHK1,MSigDB (original: GOBP_P38MAPK_CASCADE)
MAPK_signaling,ULK4,MSigDB (original: GOBP_P38MAPK_CASCADE)
MAPK_signaling,NR2C2,MSigDB (original: GOBP_P38MAPK_CASCADE)
MAPK_signaling,VEGFA,MSigDB (original: GOBP_P38MAPK_CASCADE)
MAPK_signaling,EZR,MSigDB (original: GOBP_P38MAPK_CASCADE)
MAPK_signaling,ATF7,MSigDB (original: GOBP_P38MAPK_CASCADE)
MAPK_signaling,XDH,MSigDB (original: GOBP_P38MAPK_CASCADE)
MAPK_signaling,PJA2,MSigDB (original: GOBP_P38MAPK_CASCADE)
MAPK_signaling,RELL2,MSigDB (original: GOBP_P38MAPK_CASCADE)
MAPK_signaling,ZFP36,MSigDB (original: GOBP_P38MAPK_CASCADE)
MAPK_signaling,ZC3H12A,MSigDB (original: GOBP_P38MAPK_CASCADE)
MAPK_signaling,GADD45G,MSigDB (original: GOBP_P38MAPK_CASCADE)
MAPK_signaling,GDF6,MSigDB (original: GOBP_P38MAPK_CASCADE)
MAPK_signaling,MAP2K3,MSigDB (original: GOBP_P38MAPK_CASCADE)
MAPK_signaling,MAP3K3,MSigDB (original: GOBP_P38MAPK_CASCADE)
MAPK_signaling,MAP3K4,MSigDB (original: GOBP_P38MAPK_CASCADE)
MAPK_signaling,MAP3K5,MSigDB (original: GOBP_P38MAPK_CASCADE)
MAPK_signaling,MAPK14,MSigDB (original: GOBP_P38MAPK_CASCADE)
MAPK_signaling,MINK1,MSigDB (original: GOBP_P38MAPK_CASCADE)
MAPK_signaling,MFHAS1,MSigDB (original: GOBP_P38MAPK_CASCADE)
MAPK_signaling,STK39,MSigDB (original: GOBP_P38MAPK_CASCADE)
MAPK_signaling,TRPV4,MSigDB (original: GOBP_P38MAPK_CASCADE)
MAPK_signaling,DUSP10,MSigDB (original: GOBP_P38MAPK_CASCADE)
MAPK_signaling,MAP3K20,MSigDB (original: GOBP_P38MAPK_CASCADE)
MAPK_signaling,DAB2IP,MSigDB (original: GOBP_P38MAPK_CASCADE)
MAPK_signaling,SASH1,MSigDB (original: GOBP_P38MAPK_CASCADE)
MAPK_signaling,CYLD,MSigDB (original: GOBP_P38MAPK_CASCADE)
MAPK_signaling,TREM2,MSigDB (original: GOBP_P38MAPK_CASCADE)
MAPK_signaling,PHLPP1,MSigDB (original: GOBP_P38MAPK_CASCADE)
p53_pathway,TOPORS,MSigDB (original: GOBP_INTRINSIC_APOPTOTIC_SIGNALING_PATHWAY_IN_RESPONSE_TO_DNA_DAMAGE_BY_P53_CLASS_MEDIATOR)
p53_pathway,BCL3,MSigDB (original: GOBP_INTRINSIC_APOPTOTIC_SIGNALING_PATHWAY_IN_RESPONSE_TO_DNA_DAMAGE_BY_P53_CLASS_MEDIATOR)
p53_pathway,BRCA2,MSigDB (original: GOBP_INTRINSIC_APOPTOTIC_SIGNALING_PATHWAY_IN_RESPONSE_TO_DNA_DAMAGE_BY_P53_CLASS_MEDIATOR)
p53_pathway,CD44,MSigDB (original: GOBP_INTRINSIC_APOPTOTIC_SIGNALING_PATHWAY_IN_RESPONSE_TO_DNA_DAMAGE_BY_P53_CLASS_MEDIATOR)
p53_pathway,CDKN1A,MSigDB (original: GOBP_INTRINSIC_APOPTOTIC_SIGNALING_PATHWAY_IN_RESPONSE_TO_DNA_DAMAGE_BY_P53_CLASS_MEDIATOR)
p53_pathway,HIPK1,MSigDB (original: GOBP_INTRINSIC_APOPTOTIC_SIGNALING_PATHWAY_IN_RESPONSE_TO_DNA_DAMAGE_BY_P53_CLASS_MEDIATOR)
p53_pathway,HIPK2,MSigDB (original: GOBP_INTRINSIC_APOPTOTIC_SIGNALING_PATHWAY_IN_RESPONSE_TO_DNA_DAMAGE_BY_P53_CLASS_MEDIATOR)
p53_pathway,HNRNPK,MSigDB (original: GOBP_INTRINSIC_APOPTOTIC_SIGNALING_PATHWAY_IN_RESPONSE_TO_DNA_DAMAGE_BY_P53_CLASS_MEDIATOR)
p53_pathway,IFI204,MSigDB (original: GOBP_INTRINSIC_APOPTOTIC_SIGNALING_PATHWAY_IN_RESPONSE_TO_DNA_DAMAGE_BY_P53_CLASS_MEDIATOR)
p53_pathway,CD74,MSigDB (original: GOBP_INTRINSIC_APOPTOTIC_SIGNALING_PATHWAY_IN_RESPONSE_TO_DNA_DAMAGE_BY_P53_CLASS_MEDIATOR)
p53_pathway,BBC3,MSigDB (original: GOBP_INTRINSIC_APOPTOTIC_SIGNALING_PATHWAY_IN_RESPONSE_TO_DNA_DAMAGE_BY_P53_CLASS_MEDIATOR)
p53_pathway,MIF,MSigDB (original: GOBP_INTRINSIC_APOPTOTIC_SIGNALING_PATHWAY_IN_RESPONSE_TO_DNA_DAMAGE_BY_P53_CLASS_MEDIATOR)
p53_pathway,MSH2,MSigDB (original: GOBP_INTRINSIC_APOPTOTIC_SIGNALING_PATHWAY_IN_RESPONSE_TO_DNA_DAMAGE_BY_P53_CLASS_MEDIATOR)
p53_pathway,MUC1,MSigDB (original: GOBP_INTRINSIC_APOPTOTIC_SIGNALING_PATHWAY_IN_RESPONSE_TO_DNA_DAMAGE_BY_P53_CLASS_MEDIATOR)
p53_pathway,PML,MSigDB (original: GOBP_INTRINSIC_APOPTOTIC_SIGNALING_PATHWAY_IN_RESPONSE_TO_DNA_DAMAGE_BY_P53_CLASS_MEDIATOR)
p53_pathway,RPL26,MSigDB (original: GOBP_INTRINSIC_APOPTOTIC_SIGNALING_PATHWAY_IN_RESPONSE_TO_DNA_DAMAGE_BY_P53_CLASS_MEDIATOR)
p53_pathway,TRP53,MSigDB (original: GOBP_INTRINSIC_APOPTOTIC_SIGNALING_PATHWAY_IN_RESPONSE_TO_DNA_DAMAGE_BY_P53_CLASS_MEDIATOR)
p53_pathway,TRP63,MSigDB (original: GOBP_INTRINSIC_APOPTOTIC_SIGNALING_PATHWAY_IN_RESPONSE_TO_DNA_DAMAGE_BY_P53_CLASS_MEDIATOR)
p53_pathway,TRP73,MSigDB (original: GOBP_INTRINSIC_APOPTOTIC_SIGNALING_PATHWAY_IN_RESPONSE_TO_DNA_DAMAGE_BY_P53_CLASS_MEDIATOR)
p53_pathway,BAG6,MSigDB (original: GOBP_INTRINSIC_APOPTOTIC_SIGNALING_PATHWAY_IN_RESPONSE_TO_DNA_DAMAGE_BY_P53_CLASS_MEDIATOR)
p53_pathway,USP28,MSigDB (original: GOBP_INTRINSIC_APOPTOTIC_SIGNALING_PATHWAY_IN_RESPONSE_TO_DNA_DAMAGE_BY_P53_CLASS_MEDIATOR)
p53_pathway,ATAD5,MSigDB (original: GOBP_INTRINSIC_APOPTOTIC_SIGNALING_PATHWAY_IN_RESPONSE_TO_DNA_DAMAGE_BY_P53_CLASS_MEDIATOR)
p53_pathway,PPP2R5C,MSigDB (original: GOBP_INTRINSIC_APOPTOTIC_SIGNALING_PATHWAY_IN_RESPONSE_TO_DNA_DAMAGE_BY_P53_CLASS_MEDIATOR)
p53_pathway,ELL3,MSigDB (original: GOBP_INTRINSIC_APOPTOTIC_SIGNALING_PATHWAY_IN_RESPONSE_TO_DNA_DAMAGE_BY_P53_CLASS_MEDIATOR)
p53_pathway,PHLDA3,MSigDB (original: GOBP_INTRINSIC_APOPTOTIC_SIGNALING_PATHWAY_IN_RESPONSE_TO_DNA_DAMAGE_BY_P53_CLASS_MEDIATOR)
p53_pathway,ZFP385A,MSigDB (original: GOBP_INTRINSIC_APOPTOTIC_SIGNALING_PATHWAY_IN_RESPONSE_TO_DNA_DAMAGE_BY_P53_CLASS_MEDIATOR)
p53_pathway,EP300,MSigDB (original: GOBP_INTRINSIC_APOPTOTIC_SIGNALING_PATHWAY_IN_RESPONSE_TO_DNA_DAMAGE_BY_P53_CLASS_MEDIATOR)
p53_pathway,CHEK2,MSigDB (original: GOBP_INTRINSIC_APOPTOTIC_SIGNALING_PATHWAY_IN_RESPONSE_TO_DNA_DAMAGE_BY_P53_CLASS_MEDIATOR)
p53_pathway,NUPR1,MSigDB (original: GOBP_INTRINSIC_APOPTOTIC_SIGNALING_PATHWAY_IN_RESPONSE_TO_DNA_DAMAGE_BY_P53_CLASS_MEDIATOR)
p53_pathway,MARCHF7,MSigDB (original: GOBP_INTRINSIC_APOPTOTIC_SIGNALING_PATHWAY_IN_RESPONSE_TO_DNA_DAMAGE_BY_P53_CLASS_MEDIATOR)
p53_pathway,PMAIP1,MSigDB (original: GOBP_INTRINSIC_APOPTOTIC_SIGNALING_PATHWAY_IN_RESPONSE_TO_DNA_DAMAGE_BY_P53_CLASS_MEDIATOR)
p53_pathway,SNW1,MSigDB (original: GOBP_INTRINSIC_APOPTOTIC_SIGNALING_PATHWAY_IN_RESPONSE_TO_DNA_DAMAGE_BY_P53_CLASS_MEDIATOR)
p53_pathway,CDIP1,MSigDB (original: GOBP_INTRINSIC_APOPTOTIC_SIGNALING_PATHWAY_IN_RESPONSE_TO_DNA_DAMAGE_BY_P53_CLASS_MEDIATOR)
p53_pathway,PYCARD,MSigDB (original: GOBP_INTRINSIC_APOPTOTIC_SIGNALING_PATHWAY_IN_RESPONSE_TO_DNA_DAMAGE_BY_P53_CLASS_MEDIATOR)
p53_pathway,SHISA5,MSigDB (original: GOBP_INTRINSIC_APOPTOTIC_SIGNALING_PATHWAY_IN_RESPONSE_TO_DNA_DAMAGE_BY_P53_CLASS_MEDIATOR)
p53_pathway,RPS27L,MSigDB (original: GOBP_INTRINSIC_APOPTOTIC_SIGNALING_PATHWAY_IN_RESPONSE_TO_DNA_DAMAGE_BY_P53_CLASS_MEDIATOR)
p53_pathway,AEN,MSigDB (original: GOBP_INTRINSIC_APOPTOTIC_SIGNALING_PATHWAY_IN_RESPONSE_TO_DNA_DAMAGE_BY_P53_CLASS_MEDIATOR)
p53_pathway,STEAP3,MSigDB (original: GOBP_INTRINSIC_APOPTOTIC_SIGNALING_PATHWAY_IN_RESPONSE_TO_DNA_DAMAGE_BY_P53_CLASS_MEDIATOR)
p53_pathway,TMEM109,MSigDB (original: GOBP_INTRINSIC_APOPTOTIC_SIGNALING_PATHWAY_IN_RESPONSE_TO_DNA_DAMAGE_BY_P53_CLASS_MEDIATOR)
p53_pathway,TRIAP1,MSigDB (original: GOBP_INTRINSIC_APOPTOTIC_SIGNALING_PATHWAY_IN_RESPONSE_TO_DNA_DAMAGE_BY_P53_CLASS_MEDIATOR)
p53_pathway,DYRK2,MSigDB (original: GOBP_INTRINSIC_APOPTOTIC_SIGNALING_PATHWAY_IN_RESPONSE_TO_DNA_DAMAGE_BY_P53_CLASS_MEDIATOR)
p53_pathway,DDIT4,MSigDB (original: GOBP_INTRINSIC_APOPTOTIC_SIGNALING_PATHWAY_IN_RESPONSE_TO_DNA_DAMAGE_BY_P53_CLASS_MEDIATOR)
p53_pathway,BCL2L12,MSigDB (original: GOBP_INTRINSIC_APOPTOTIC_SIGNALING_PATHWAY_IN_RESPONSE_TO_DNA_DAMAGE_BY_P53_CLASS_MEDIATOR)
p53_pathway,SIRT1,MSigDB (original: GOBP_INTRINSIC_APOPTOTIC_SIGNALING_PATHWAY_IN_RESPONSE_TO_DNA_DAMAGE_BY_P53_CLASS_MEDIATOR)
p53_pathway,KDM1A,MSigDB (original: GOBP_INTRINSIC_APOPTOTIC_SIGNALING_PATHWAY_IN_RESPONSE_TO_DNA_DAMAGE_BY_P53_CLASS_MEDIATOR)
MAPK_signaling,EMILIN1,MSigDB (original: GOBP_NEGATIVE_REGULATION_OF_MAPK_CASCADE)
MAPK_signaling,VRK3,MSigDB (original: GOBP_NEGATIVE_REGULATION_OF_MAPK_CASCADE)
MAPK_signaling,NLRP6,MSigDB (original: GOBP_NEGATIVE_REGULATION_OF_MAPK_CASCADE)
MAPK_signaling,SPRED3,MSigDB (original: GOBP_NEGATIVE_REGULATION_OF_MAPK_CASCADE)
MAPK_signaling,STK38,MSigDB (original: GOBP_NEGATIVE_REGULATION_OF_MAPK_CASCADE)
MAPK_signaling,RAPGEF1,MSigDB (original: GOBP_NEGATIVE_REGULATION_OF_MAPK_CASCADE)
MAPK_signaling,AIDA,MSigDB (original: GOBP_NEGATIVE_REGULATION_OF_MAPK_CASCADE)
MAPK_signaling,TBC1D10C,MSigDB (original: GOBP_NEGATIVE_REGULATION_OF_MAPK_CASCADE)
MAPK_signaling,LMO3,MSigDB (original: GOBP_NEGATIVE_REGULATION_OF_MAPK_CASCADE)
MAPK_signaling,ARRB1,MSigDB (original: GOBP_NEGATIVE_REGULATION_OF_MAPK_CASCADE)
MAPK_signaling,ABL1,MSigDB (original: GOBP_NEGATIVE_REGULATION_OF_MAPK_CASCADE)
MAPK_signaling,CHRNA7,MSigDB (original: GOBP_NEGATIVE_REGULATION_OF_MAPK_CASCADE)
MAPK_signaling,ADIPOQ,MSigDB (original: GOBP_NEGATIVE_REGULATION_OF_MAPK_CASCADE)
MAPK_signaling,PRDM15,MSigDB (original: GOBP_NEGATIVE_REGULATION_OF_MAPK_CASCADE)
MAPK_signaling,SPRED1,MSigDB (original: GOBP_NEGATIVE_REGULATION_OF_MAPK_CASCADE)
MAPK_signaling,SPRED2,MSigDB (original: GOBP_NEGATIVE_REGULATION_OF_MAPK_CASCADE)
MAPK_signaling,AGT,MSigDB (original: GOBP_NEGATIVE_REGULATION_OF_MAPK_CASCADE)
MAPK_signaling,AKT1,MSigDB (original: GOBP_NEGATIVE_REGULATION_OF_MAPK_CASCADE)
MAPK_signaling,APC,MSigDB (original: GOBP_NEGATIVE_REGULATION_OF_MAPK_CASCADE)
MAPK_signaling,APOE,MSigDB (original: GOBP_NEGATIVE_REGULATION_OF_MAPK_CASCADE)
MAPK_signaling,ATF3,MSigDB (original: GOBP_NEGATIVE_REGULATION_OF_MAPK_CASCADE)
MAPK_signaling,BMP2,MSigDB (original: GOBP_NEGATIVE_REGULATION_OF_MAPK_CASCADE)
MAPK_signaling,BMP4,MSigDB (original: GOBP_NEGATIVE_REGULATION_OF_MAPK_CASCADE)
MAPK_signaling,BMP7,MSigDB (original: GOBP_NEGATIVE_REGULATION_OF_MAPK_CASCADE)
MAPK_signaling,CAV1,MSigDB (original: GOBP_NEGATIVE_REGULATION_OF_MAPK_CASCADE)
MAPK_signaling,CAV3,MSigDB (original: GOBP_NEGATIVE_REGULATION_OF_MAPK_CASCADE)
MAPK_signaling,CRYBA1,MSigDB (original: GOBP_NEGATIVE_REGULATION_OF_MAPK_CASCADE)
MAPK_signaling,CSK,MSigDB (original: GOBP_NEGATIVE_REGULATION_OF_MAPK_CASCADE)
MAPK_signaling,DAB2,MSigDB (original: GOBP_NEGATIVE_REGULATION_OF_MAPK_CASCADE)
MAPK_signaling,DAG1,MSigDB (original: GOBP_NEGATIVE_REGULATION_OF_MAPK_CASCADE)
MAPK_signaling,DLG1,MSigDB (original: GOBP_NEGATIVE_REGULATION_OF_MAPK_CASCADE)
MAPK_signaling,DMD,MSigDB (original: GOBP_NEGATIVE_REGULATION_OF_MAPK_CASCADE)
MAPK_signaling,DOK1,MSigDB (original: GOBP_NEGATIVE_REGULATION_OF_MAPK_CASCADE)
MAPK_signaling,DOK2,MSigDB (original: GOBP_NEGATIVE_REGULATION_OF_MAPK_CASCADE)
MAPK_signaling,DUSP2,MSigDB (original: GOBP_NEGATIVE_REGULATION_OF_MAPK_CASCADE)
MAPK_signaling,EFNA1,MSigDB (original: GOBP_NEGATIVE_REGULATION_OF_MAPK_CASCADE)
MAPK_signaling,EIF3A,MSigDB (original: GOBP_NEGATIVE_REGULATION_OF_MAPK_CASCADE)
MAPK_signaling,EPHA4,MSigDB (original: GOBP_NEGATIVE_REGULATION_OF_MAPK_CASCADE)
MAPK_signaling,EPHB2,MSigDB (original: GOBP_NEGATIVE_REGULATION_OF_MAPK_CASCADE)
MAPK_signaling,MECOM,MSigDB (original: GOBP_NEGATIVE_REGULATION_OF_MAPK_CASCADE)
MAPK_signaling,F2RL1,MSigDB (original: GOBP_NEGATIVE_REGULATION_OF_MAPK_CASCADE)
MAPK_signaling,FBLN1,MSigDB (original: GOBP_NEGATIVE_REGULATION_OF_MAPK_CASCADE)
MAPK_signaling,FEM1A,MSigDB (original: GOBP_NEGATIVE_REGULATION_OF_MAPK_CASCADE)
MAPK_signaling,FOXM1,MSigDB (original: GOBP_NEGATIVE_REGULATION_OF_MAPK_CASCADE)
MAPK_signaling,GBA,MSigDB (original: GOBP_NEGATIVE_REGULATION_OF_MAPK_CASCADE)
MAPK_signaling,LILRB4B,MSigDB (original: GOBP_NEGATIVE_REGULATION_OF_MAPK_CASCADE)
MAPK_signaling,LILRB4A,MSigDB (original: GOBP_NEGATIVE_REGULATION_OF_MAPK_CASCADE)
MAPK_signaling,GSTP2,MSigDB (original: GOBP_NEGATIVE_REGULATION_OF_MAPK_CASCADE)
MAPK_signaling,GSTP1,MSigDB (original: GOBP_NEGATIVE_REGULATION_OF_MAPK_CASCADE)
MAPK_signaling,PTPN6,MSigDB (original: GOBP_NEGATIVE_REGULATION_OF_MAPK_CASCADE)
MAPK_signaling,HDAC3,MSigDB (original: GOBP_NEGATIVE_REGULATION_OF_MAPK_CASCADE)
MAPK_signaling,HIPK3,MSigDB (original: GOBP_NEGATIVE_REGULATION_OF_MAPK_CASCADE)
MAPK_signaling,HMGCR,MSigDB (original: GOBP_NEGATIVE_REGULATION_OF_MAPK_CASCADE)
MAPK_signaling,PRMT1,MSigDB (original: GOBP_NEGATIVE_REGULATION_OF_MAPK_CASCADE)
MAPK_signaling,DNAJA1,MSigDB (original: GOBP_NEGATIVE_REGULATION_OF_MAPK_CASCADE)
MAPK_signaling,HYAL2,MSigDB (original: GOBP_NEGATIVE_REGULATION_OF_MAPK_CASCADE)
MAPK_signaling,IGF1,MSigDB (original: GOBP_NEGATIVE_REGULATION_OF_MAPK_CASCADE)
MAPK_signaling,IGF1R,MSigDB (original: GOBP_NEGATIVE_REGULATION_OF_MAPK_CASCADE)
MAPK_signaling,IL1B,MSigDB (original: GOBP_NEGATIVE_REGULATION_OF_MAPK_CASCADE)
MAPK_signaling,INPPL1,MSigDB (original: GOBP_NEGATIVE_REGULATION_OF_MAPK_CASCADE)
MAPK_signaling,ITCH,MSigDB (original: GOBP_NEGATIVE_REGULATION_OF_MAPK_CASCADE)
MAPK_signaling,ITGB1BP1,MSigDB (original: GOBP_NEGATIVE_REGULATION_OF_MAPK_CASCADE)
MAPK_signaling,KLF4,MSigDB (original: GOBP_NEGATIVE_REGULATION_OF_MAPK_CASCADE)
MAPK_signaling,LIF,MSigDB (original: GOBP_NEGATIVE_REGULATION_OF_MAPK_CASCADE)
MAPK_signaling,SH2B3,MSigDB (original: GOBP_NEGATIVE_REGULATION_OF_MAPK_CASCADE)
MAPK_signaling,LYN,MSigDB (original: GOBP_NEGATIVE_REGULATION_OF_MAPK_CASCADE)
MAPK_signaling,SMAD4,MSigDB (original: GOBP_NEGATIVE_REGULATION_OF_MAPK_CASCADE)
MAPK_signaling,MEN1,MSigDB (original: GOBP_NEGATIVE_REGULATION_OF_MAPK_CASCADE)
MAPK_signaling,NF1,MSigDB (original: GOBP_NEGATIVE_REGULATION_OF_MAPK_CASCADE)
MAPK_signaling,NF2,MSigDB (original: GOBP_NEGATIVE_REGULATION_OF_MAPK_CASCADE)
MAPK_signaling,DUSP8,MSigDB (original: GOBP_NEGATIVE_REGULATION_OF_MAPK_CASCADE)
MAPK_signaling,NUP62,MSigDB (original: GOBP_NEGATIVE_REGULATION_OF_MAPK_CASCADE)
MAPK_signaling,P2RX7,MSigDB (original: GOBP_NEGATIVE_REGULATION_OF_MAPK_CASCADE)
MAPK_signaling,PAFAH1B1,MSigDB (original: GOBP_NEGATIVE_REGULATION_OF_MAPK_CASCADE)
MAPK_signaling,PER1,MSigDB (original: GOBP_NEGATIVE_REGULATION_OF_MAPK_CASCADE)
MAPK_signaling,PHB,MSigDB (original: GOBP_NEGATIVE_REGULATION_OF_MAPK_CASCADE)
MAPK_signaling,PIK3R2,MSigDB (original: GOBP_NEGATIVE_REGULATION_OF_MAPK_CASCADE)
MAPK_signaling,PRKCA,MSigDB (original: GOBP_NEGATIVE_REGULATION_OF_MAPK_CASCADE)
MAPK_signaling,PRKCD,MSigDB (original: GOBP_NEGATIVE_REGULATION_OF_MAPK_CASCADE)
MAPK_signaling,PPARG,MSigDB (original: GOBP_NEGATIVE_REGULATION_OF_MAPK_CASCADE)
MAPK_signaling,PPEF2,MSigDB (original: GOBP_NEGATIVE_REGULATION_OF_MAPK_CASCADE)
MAPK_signaling,INPP5K,MSigDB (original: GOBP_NEGATIVE_REGULATION_OF_MAPK_CASCADE)
MAPK_signaling,MAPK8IP1,MSigDB (original: GOBP_NEGATIVE_REGULATION_OF_MAPK_CASCADE)
MAPK_signaling,PTEN,MSigDB (original: GOBP_NEGATIVE_REGULATION_OF_MAPK_CASCADE)
MAPK_signaling,ASH1L,MSigDB (original: GOBP_NEGATIVE_REGULATION_OF_MAPK_CASCADE)
MAPK_signaling,PTPN1,MSigDB (original: GOBP_NEGATIVE_REGULATION_OF_MAPK_CASCADE)
MAPK_signaling,DUSP1,MSigDB (original: GOBP_NEGATIVE_REGULATION_OF_MAPK_CASCADE)
MAPK_signaling,PTPN2,MSigDB (original: GOBP_NEGATIVE_REGULATION_OF_MAPK_CASCADE)
MAPK_signaling,PTPN5,MSigDB (original: GOBP_NEGATIVE_REGULATION_OF_MAPK_CASCADE)
MAPK_signaling,PTPN22,MSigDB (original: GOBP_NEGATIVE_REGULATION_OF_MAPK_CASCADE)
MAPK_signaling,SIRPA,MSigDB (original: GOBP_NEGATIVE_REGULATION_OF_MAPK_CASCADE)
MAPK_signaling,PTPRC,MSigDB (original: GOBP_NEGATIVE_REGULATION_OF_MAPK_CASCADE)
MAPK_signaling,PTPRJ,MSigDB (original: GOBP_NEGATIVE_REGULATION_OF_MAPK_CASCADE)
MAPK_signaling,PTPRR,MSigDB (original: GOBP_NEGATIVE_REGULATION_OF_MAPK_CASCADE)
MAPK_signaling,RGS2,MSigDB (original: GOBP_NEGATIVE_REGULATION_OF_MAPK_CASCADE)
MAPK_signaling,NCOR1,MSigDB (original: GOBP_NEGATIVE_REGULATION_OF_MAPK_CASCADE)
MAPK_signaling,SFRP2,MSigDB (original: GOBP_NEGATIVE_REGULATION_OF_MAPK_CASCADE)
MAPK_signaling,SEMA6A,MSigDB (original: GOBP_NEGATIVE_REGULATION_OF_MAPK_CASCADE)
MAPK_signaling,SFRP1,MSigDB (original: GOBP_NEGATIVE_REGULATION_OF_MAPK_CASCADE)
MAPK_signaling,SFRP4,MSigDB (original: GOBP_NEGATIVE_REGULATION_OF_MAPK_CASCADE)
MAPK_signaling,SMPD1,MSigDB (original: GOBP_NEGATIVE_REGULATION_OF_MAPK_CASCADE)
MAPK_signaling,SORL1,MSigDB (original: GOBP_NEGATIVE_REGULATION_OF_MAPK_CASCADE)
MAPK_signaling,CNKSR3,MSigDB (original: GOBP_NEGATIVE_REGULATION_OF_MAPK_CASCADE)
MAPK_signaling,DYNLT1B,MSigDB (original: GOBP_NEGATIVE_REGULATION_OF_MAPK_CASCADE)
MAPK_signaling,FLCN,MSigDB (original: GOBP_NEGATIVE_REGULATION_OF_MAPK_CASCADE)
MAPK_signaling,CD300A,MSigDB (original: GOBP_NEGATIVE_REGULATION_OF_MAPK_CASCADE)
MAPK_signaling,TIMP3,MSigDB (original: GOBP_NEGATIVE_REGULATION_OF_MAPK_CASCADE)
MAPK_signaling,TLR4,MSigDB (original: GOBP_NEGATIVE_REGULATION_OF_MAPK_CASCADE)
MAPK_signaling,TSC2,MSigDB (original: GOBP_NEGATIVE_REGULATION_OF_MAPK_CASCADE)
MAPK_signaling,UCHL1,MSigDB (original: GOBP_NEGATIVE_REGULATION_OF_MAPK_CASCADE)
MAPK_signaling,EZR,MSigDB (original: GOBP_NEGATIVE_REGULATION_OF_MAPK_CASCADE)
MAPK_signaling,XBP1,MSigDB (original: GOBP_NEGATIVE_REGULATION_OF_MAPK_CASCADE)
MAPK_signaling,LEMD2,MSigDB (original: GOBP_NEGATIVE_REGULATION_OF_MAPK_CASCADE)
MAPK_signaling,GSTP3,MSigDB (original: GOBP_NEGATIVE_REGULATION_OF_MAPK_CASCADE)
MAPK_signaling,NPPA,MSigDB (original: GOBP_NEGATIVE_REGULATION_OF_MAPK_CASCADE)
MAPK_signaling,CHRNA9,MSigDB (original: GOBP_NEGATIVE_REGULATION_OF_MAPK_CASCADE)
MAPK_signaling,PEA15B-PS,MSigDB (original: GOBP_NEGATIVE_REGULATION_OF_MAPK_CASCADE)
MAPK_signaling,PAQR3,MSigDB (original: GOBP_NEGATIVE_REGULATION_OF_MAPK_CASCADE)
MAPK_signaling,ANKRD26,MSigDB (original: GOBP_NEGATIVE_REGULATION_OF_MAPK_CASCADE)
MAPK_signaling,DUSP7,MSigDB (original: GOBP_NEGATIVE_REGULATION_OF_MAPK_CASCADE)
MAPK_signaling,BTN2A2,MSigDB (original: GOBP_NEGATIVE_REGULATION_OF_MAPK_CASCADE)
MAPK_signaling,C1QL4,MSigDB (original: GOBP_NEGATIVE_REGULATION_OF_MAPK_CASCADE)
MAPK_signaling,PEBP1,MSigDB (original: GOBP_NEGATIVE_REGULATION_OF_MAPK_CASCADE)
MAPK_signaling,PIN1,MSigDB (original: GOBP_NEGATIVE_REGULATION_OF_MAPK_CASCADE)
MAPK_signaling,SPRY1,MSigDB (original: GOBP_NEGATIVE_REGULATION_OF_MAPK_CASCADE)
MAPK_signaling,SPRY2,MSigDB (original: GOBP_NEGATIVE_REGULATION_OF_MAPK_CASCADE)
MAPK_signaling,SPRY4,MSigDB (original: GOBP_NEGATIVE_REGULATION_OF_MAPK_CASCADE)
MAPK_signaling,DUSP5,MSigDB (original: GOBP_NEGATIVE_REGULATION_OF_MAPK_CASCADE)
MAPK_signaling,SYNJ2BP,MSigDB (original: GOBP_NEGATIVE_REGULATION_OF_MAPK_CASCADE)
MAPK_signaling,LAX1,MSigDB (original: GOBP_NEGATIVE_REGULATION_OF_MAPK_CASCADE)
MAPK_signaling,DUSP27,MSigDB (original: GOBP_NEGATIVE_REGULATION_OF_MAPK_CASCADE)
MAPK_signaling,PIN1RT1,MSigDB (original: GOBP_NEGATIVE_REGULATION_OF_MAPK_CASCADE)
MAPK_signaling,KLHL31,MSigDB (original: GOBP_NEGATIVE_REGULATION_OF_MAPK_CASCADE)
MAPK_signaling,FKTN,MSigDB (original: GOBP_NEGATIVE_REGULATION_OF_MAPK_CASCADE)
MAPK_signaling,PPIA,MSigDB (original: GOBP_NEGATIVE_REGULATION_OF_MAPK_CASCADE)
MAPK_signaling,SH3RF2,MSigDB (original: GOBP_NEGATIVE_REGULATION_OF_MAPK_CASCADE)
MAPK_signaling,SLC9A3R1,MSigDB (original: GOBP_NEGATIVE_REGULATION_OF_MAPK_CASCADE)
MAPK_signaling,DUSP13,MSigDB (original: GOBP_NEGATIVE_REGULATION_OF_MAPK_CASCADE)
MAPK_signaling,ABCA7,MSigDB (original: GOBP_NEGATIVE_REGULATION_OF_MAPK_CASCADE)
MAPK_signaling,NDRG2,MSigDB (original: GOBP_NEGATIVE_REGULATION_OF_MAPK_CASCADE)
MAPK_signaling,DUSP4,MSigDB (original: GOBP_NEGATIVE_REGULATION_OF_MAPK_CASCADE)
MAPK_signaling,E130311K13RIK,MSigDB (original: GOBP_NEGATIVE_REGULATION_OF_MAPK_CASCADE)
MAPK_signaling,TAOK3,MSigDB (original: GOBP_NEGATIVE_REGULATION_OF_MAPK_CASCADE)
MAPK_signaling,NLRP12,MSigDB (original: GOBP_NEGATIVE_REGULATION_OF_MAPK_CASCADE)
MAPK_signaling,DUSP29,MSigDB (original: GOBP_NEGATIVE_REGULATION_OF_MAPK_CASCADE)
MAPK_signaling,CHRNA10,MSigDB (original: GOBP_NEGATIVE_REGULATION_OF_MAPK_CASCADE)
MAPK_signaling,RGS14,MSigDB (original: GOBP_NEGATIVE_REGULATION_OF_MAPK_CASCADE)
MAPK_signaling,PBK,MSigDB (original: GOBP_NEGATIVE_REGULATION_OF_MAPK_CASCADE)
MAPK_signaling,PSMD10,MSigDB (original: GOBP_NEGATIVE_REGULATION_OF_MAPK_CASCADE)
MAPK_signaling,SFRP5,MSigDB (original: GOBP_NEGATIVE_REGULATION_OF_MAPK_CASCADE)
MAPK_signaling,GPS2,MSigDB (original: GOBP_NEGATIVE_REGULATION_OF_MAPK_CASCADE)
MAPK_signaling,FOXO1,MSigDB (original: GOBP_NEGATIVE_REGULATION_OF_MAPK_CASCADE)
MAPK_signaling,GSK3B,MSigDB (original: GOBP_NEGATIVE_REGULATION_OF_MAPK_CASCADE)
MAPK_signaling,RANBP9,MSigDB (original: GOBP_NEGATIVE_REGULATION_OF_MAPK_CASCADE)
MAPK_signaling,TNIP1,MSigDB (original: GOBP_NEGATIVE_REGULATION_OF_MAPK_CASCADE)
MAPK_signaling,CDC42SE1,MSigDB (original: GOBP_NEGATIVE_REGULATION_OF_MAPK_CASCADE)
MAPK_signaling,DACT1,MSigDB (original: GOBP_NEGATIVE_REGULATION_OF_MAPK_CASCADE)
MAPK_signaling,DUSP10,MSigDB (original: GOBP_NEGATIVE_REGULATION_OF_MAPK_CASCADE)
MAPK_signaling,SIRT3,MSigDB (original: GOBP_NEGATIVE_REGULATION_OF_MAPK_CASCADE)
MAPK_signaling,ZMYND11,MSigDB (original: GOBP_NEGATIVE_REGULATION_OF_MAPK_CASCADE)
MAPK_signaling,DUSP26,MSigDB (original: GOBP_NEGATIVE_REGULATION_OF_MAPK_CASCADE)
MAPK_signaling,RPS6KA6,MSigDB (original: GOBP_NEGATIVE_REGULATION_OF_MAPK_CASCADE)
MAPK_signaling,DUSP6,MSigDB (original: GOBP_NEGATIVE_REGULATION_OF_MAPK_CASCADE)
MAPK_signaling,RNF149,MSigDB (original: GOBP_NEGATIVE_REGULATION_OF_MAPK_CASCADE)
MAPK_signaling,DUSP19,MSigDB (original: GOBP_NEGATIVE_REGULATION_OF_MAPK_CASCADE)
MAPK_signaling,DAB2IP,MSigDB (original: GOBP_NEGATIVE_REGULATION_OF_MAPK_CASCADE)
MAPK_signaling,ACE2,MSigDB (original: GOBP_NEGATIVE_REGULATION_OF_MAPK_CASCADE)
MAPK_signaling,DUSP16,MSigDB (original: GOBP_NEGATIVE_REGULATION_OF_MAPK_CASCADE)
MAPK_signaling,DUSP3,MSigDB (original: GOBP_NEGATIVE_REGULATION_OF_MAPK_CASCADE)
MAPK_signaling,PSCA,MSigDB (original: GOBP_NEGATIVE_REGULATION_OF_MAPK_CASCADE)
MAPK_signaling,MARVELD3,MSigDB (original: GOBP_NEGATIVE_REGULATION_OF_MAPK_CASCADE)
MAPK_signaling,IRAK3,MSigDB (original: GOBP_NEGATIVE_REGULATION_OF_MAPK_CASCADE)
MAPK_signaling,ERRFI1,MSigDB (original: GOBP_NEGATIVE_REGULATION_OF_MAPK_CASCADE)
MAPK_signaling,CYLD,MSigDB (original: GOBP_NEGATIVE_REGULATION_OF_MAPK_CASCADE)
MAPK_signaling,PIK3CB,MSigDB (original: GOBP_NEGATIVE_REGULATION_OF_MAPK_CASCADE)
MAPK_signaling,DUSP9,MSigDB (original: GOBP_NEGATIVE_REGULATION_OF_MAPK_CASCADE)
MAPK_signaling,WNK2,MSigDB (original: GOBP_NEGATIVE_REGULATION_OF_MAPK_CASCADE)
MAPK_signaling,PBP2,MSigDB (original: GOBP_NEGATIVE_REGULATION_OF_MAPK_CASCADE)
MAPK_signaling,GPER1,MSigDB (original: GOBP_NEGATIVE_REGULATION_OF_MAPK_CASCADE)
MAPK_signaling,CDK5RAP3,MSigDB (original: GOBP_NEGATIVE_REGULATION_OF_MAPK_CASCADE)
MAPK_signaling,CBLC,MSigDB (original: GOBP_NEGATIVE_REGULATION_OF_MAPK_CASCADE)
MAPK_signaling,TLR9,MSigDB (original: GOBP_NEGATIVE_REGULATION_OF_MAPK_CASCADE)
MAPK_signaling,TREM2,MSigDB (original: GOBP_NEGATIVE_REGULATION_OF_MAPK_CASCADE)
MAPK_signaling,QARS,MSigDB (original: GOBP_NEGATIVE_REGULATION_OF_MAPK_CASCADE)
MAPK_signaling,PHLPP1,MSigDB (original: GOBP_NEGATIVE_REGULATION_OF_MAPK_CASCADE)
MAPK_signaling,CCL21B,MSigDB (original: GOBP_POSITIVE_REGULATION_OF_MAPK_CASCADE)
MAPK_signaling,ALKAL2,MSigDB (original: GOBP_POSITIVE_REGULATION_OF_MAPK_CASCADE)
MAPK_signaling,RELL1,MSigDB (original: GOBP_POSITIVE_REGULATION_OF_MAPK_CASCADE)
MAPK_signaling,CCL21D,MSigDB (original: GOBP_POSITIVE_REGULATION_OF_MAPK_CASCADE)
MAPK_signaling,PRKD2,MSigDB (original: GOBP_POSITIVE_REGULATION_OF_MAPK_CASCADE)
MAPK_signaling,PIK3R6,MSigDB (original: GOBP_POSITIVE_REGULATION_OF_MAPK_CASCADE)
MAPK_signaling,DUSP22,MSigDB (original: GOBP_POSITIVE_REGULATION_OF_MAPK_CASCADE)
MAPK_signaling,FFAR4,MSigDB (original: GOBP_POSITIVE_REGULATION_OF_MAPK_CASCADE)
MAPK_signaling,NOD1,MSigDB (original: GOBP_POSITIVE_REGULATION_OF_MAPK_CASCADE)
MAPK_signaling,RAPGEF1,MSigDB (original: GOBP_POSITIVE_REGULATION_OF_MAPK_CASCADE)
MAPK_signaling,CAMK2D,MSigDB (original: GOBP_POSITIVE_REGULATION_OF_MAPK_CASCADE)
MAPK_signaling,GRM5,MSigDB (original: GOBP_POSITIVE_REGULATION_OF_MAPK_CASCADE)
MAPK_signaling,CAVIN3,MSigDB (original: GOBP_POSITIVE_REGULATION_OF_MAPK_CASCADE)
MAPK_signaling,NPY,MSigDB (original: GOBP_POSITIVE_REGULATION_OF_MAPK_CASCADE)
MAPK_signaling,ARRB1,MSigDB (original: GOBP_POSITIVE_REGULATION_OF_MAPK_CASCADE)
MAPK_signaling,ITGA1,MSigDB (original: GOBP_POSITIVE_REGULATION_OF_MAPK_CASCADE)
MAPK_signaling,BRAF,MSigDB (original: GOBP_POSITIVE_REGULATION_OF_MAPK_CASCADE)
MAPK_signaling,RAP1A,MSigDB (original: GOBP_POSITIVE_REGULATION_OF_MAPK_CASCADE)
MAPK_signaling,FGB,MSigDB (original: GOBP_POSITIVE_REGULATION_OF_MAPK_CASCADE)
MAPK_signaling,RAF1,MSigDB (original: GOBP_POSITIVE_REGULATION_OF_MAPK_CASCADE)
MAPK_signaling,ABL1,MSigDB (original: GOBP_POSITIVE_REGULATION_OF_MAPK_CASCADE)
MAPK_signaling,ABL2,MSigDB (original: GOBP_POSITIVE_REGULATION_OF_MAPK_CASCADE)
MAPK_signaling,KISS1R,MSigDB (original: GOBP_POSITIVE_REGULATION_OF_MAPK_CASCADE)
MAPK_signaling,NPNT,MSigDB (original: GOBP_POSITIVE_REGULATION_OF_MAPK_CASCADE)
MAPK_signaling,DOK4,MSigDB (original: GOBP_POSITIVE_REGULATION_OF_MAPK_CASCADE)
MAPK_signaling,CHRNA7,MSigDB (original: GOBP_POSITIVE_REGULATION_OF_MAPK_CASCADE)
MAPK_signaling,ACTA2,MSigDB (original: GOBP_POSITIVE_REGULATION_OF_MAPK_CASCADE)
MAPK_signaling,ADAM17,MSigDB (original: GOBP_POSITIVE_REGULATION_OF_MAPK_CASCADE)
MAPK_signaling,ADAM8,MSigDB (original: GOBP_POSITIVE_REGULATION_OF_MAPK_CASCADE)
MAPK_signaling,ADAM9,MSigDB (original: GOBP_POSITIVE_REGULATION_OF_MAPK_CASCADE)
MAPK_signaling,ADCYAP1,MSigDB (original: GOBP_POSITIVE_REGULATION_OF_MAPK_CASCADE)
MAPK_signaling,ADORA1,MSigDB (original: GOBP_POSITIVE_REGULATION_OF_MAPK_CASCADE)
MAPK_signaling,ADRA1B,MSigDB (original: GOBP_POSITIVE_REGULATION_OF_MAPK_CASCADE)
MAPK_signaling,ADRA1A,MSigDB (original: GOBP_POSITIVE_REGULATION_OF_MAPK_CASCADE)
MAPK_signaling,ADRA2A,MSigDB (original: GOBP_POSITIVE_REGULATION_OF_MAPK_CASCADE)
MAPK_signaling,ADRA2B,MSigDB (original: GOBP_POSITIVE_REGULATION_OF_MAPK_CASCADE)
MAPK_signaling,ADRA2C,MSigDB (original: GOBP_POSITIVE_REGULATION_OF_MAPK_CASCADE)
MAPK_signaling,ADRB2,MSigDB (original: GOBP_POSITIVE_REGULATION_OF_MAPK_CASCADE)
MAPK_signaling,ADRB3,MSigDB (original: GOBP_POSITIVE_REGULATION_OF_MAPK_CASCADE)
MAPK_signaling,AGER,MSigDB (original: GOBP_POSITIVE_REGULATION_OF_MAPK_CASCADE)
MAPK_signaling,ANGPT1,MSigDB (original: GOBP_POSITIVE_REGULATION_OF_MAPK_CASCADE)
MAPK_signaling,AGT,MSigDB (original: GOBP_POSITIVE_REGULATION_OF_MAPK_CASCADE)
MAPK_signaling,ALK,MSigDB (original: GOBP_POSITIVE_REGULATION_OF_MAPK_CASCADE)
MAPK_signaling,ALOX12B,MSigDB (original: GOBP_POSITIVE_REGULATION_OF_MAPK_CASCADE)
MAPK_signaling,ALOX15,MSigDB (original: GOBP_POSITIVE_REGULATION_OF_MAPK_CASCADE)
MAPK_signaling,NECAB2,MSigDB (original: GOBP_POSITIVE_REGULATION_OF_MAPK_CASCADE)
MAPK_signaling,TIRAP,MSigDB (original: GOBP_POSITIVE_REGULATION_OF_MAPK_CASCADE)
MAPK_signaling,APOE,MSigDB (original: GOBP_POSITIVE_REGULATION_OF_MAPK_CASCADE)
MAPK_signaling,APP,MSigDB (original: GOBP_POSITIVE_REGULATION_OF_MAPK_CASCADE)
MAPK_signaling,AR,MSigDB (original: GOBP_POSITIVE_REGULATION_OF_MAPK_CASCADE)
MAPK_signaling,ATP6V0C,MSigDB (original: GOBP_POSITIVE_REGULATION_OF_MAPK_CASCADE)
MAPK_signaling,AXIN1,MSigDB (original: GOBP_POSITIVE_REGULATION_OF_MAPK_CASCADE)
MAPK_signaling,PHB2,MSigDB (original: GOBP_POSITIVE_REGULATION_OF_MAPK_CASCADE)
MAPK_signaling,BCL10,MSigDB (original: GOBP_POSITIVE_REGULATION_OF_MAPK_CASCADE)
MAPK_signaling,CSPG4,MSigDB (original: GOBP_POSITIVE_REGULATION_OF_MAPK_CASCADE)
MAPK_signaling,BMP2,MSigDB (original: GOBP_POSITIVE_REGULATION_OF_MAPK_CASCADE)
MAPK_signaling,BMP4,MSigDB (original: GOBP_POSITIVE_REGULATION_OF_MAPK_CASCADE)
MAPK_signaling,BNIP2,MSigDB (original: GOBP_POSITIVE_REGULATION_OF_MAPK_CASCADE)
MAPK_signaling,C3,MSigDB (original: GOBP_POSITIVE_REGULATION_OF_MAPK_CASCADE)
MAPK_signaling,C5AR1,MSigDB (original: GOBP_POSITIVE_REGULATION_OF_MAPK_CASCADE)
MAPK_signaling,DDR1,MSigDB (original: GOBP_POSITIVE_REGULATION_OF_MAPK_CASCADE)
MAPK_signaling,CALCR,MSigDB (original: GOBP_POSITIVE_REGULATION_OF_MAPK_CASCADE)
MAPK_signaling,CASR,MSigDB (original: GOBP_POSITIVE_REGULATION_OF_MAPK_CASCADE)
MAPK_signaling,CTNNB1,MSigDB (original: GOBP_POSITIVE_REGULATION_OF_MAPK_CASCADE)
MAPK_signaling,CAV2,MSigDB (original: GOBP_POSITIVE_REGULATION_OF_MAPK_CASCADE)
MAPK_signaling,RB1CC1,MSigDB (original: GOBP_POSITIVE_REGULATION_OF_MAPK_CASCADE)
MAPK_signaling,CD24A,MSigDB (original: GOBP_POSITIVE_REGULATION_OF_MAPK_CASCADE)
MAPK_signaling,CD36,MSigDB (original: GOBP_POSITIVE_REGULATION_OF_MAPK_CASCADE)
MAPK_signaling,CD4,MSigDB (original: GOBP_POSITIVE_REGULATION_OF_MAPK_CASCADE)
MAPK_signaling,CD44,MSigDB (original: GOBP_POSITIVE_REGULATION_OF_MAPK_CASCADE)
MAPK_signaling,CD81,MSigDB (original: GOBP_POSITIVE_REGULATION_OF_MAPK_CASCADE)
MAPK_signaling,CD84,MSigDB (original: GOBP_POSITIVE_REGULATION_OF_MAPK_CASCADE)
MAPK_signaling,CDC42,MSigDB (original: GOBP_POSITIVE_REGULATION_OF_MAPK_CASCADE)
MAPK_signaling,CDH2,MSigDB (original: GOBP_POSITIVE_REGULATION_OF_MAPK_CASCADE)
MAPK_signaling,CFLAR,MSigDB (original: GOBP_POSITIVE_REGULATION_OF_MAPK_CASCADE)
MAPK_signaling,CHIL1,MSigDB (original: GOBP_POSITIVE_REGULATION_OF_MAPK_CASCADE)
MAPK_signaling,CXCR4,MSigDB (original: GOBP_POSITIVE_REGULATION_OF_MAPK_CASCADE)
MAPK_signaling,CCR1,MSigDB (original: GOBP_POSITIVE_REGULATION_OF_MAPK_CASCADE)
MAPK_signaling,CCR1L1,MSigDB (original: GOBP_POSITIVE_REGULATION_OF_MAPK_CASCADE)
MAPK_signaling,CCR2,MSigDB (original: GOBP_POSITIVE_REGULATION_OF_MAPK_CASCADE)
MAPK_signaling,CCR7,MSigDB (original: GOBP_POSITIVE_REGULATION_OF_MAPK_CASCADE)
MAPK_signaling,ACKR3,MSigDB (original: GOBP_POSITIVE_REGULATION_OF_MAPK_CASCADE)
MAPK_signaling,CNTF,MSigDB (original: GOBP_POSITIVE_REGULATION_OF_MAPK_CASCADE)
MAPK_signaling,CRHR2,MSigDB (original: GOBP_POSITIVE_REGULATION_OF_MAPK_CASCADE)
MAPK_signaling,CRK,MSigDB (original: GOBP_POSITIVE_REGULATION_OF_MAPK_CASCADE)
MAPK_signaling,CRKL,MSigDB (original: GOBP_POSITIVE_REGULATION_OF_MAPK_CASCADE)
MAPK_signaling,CSF1R,MSigDB (original: GOBP_POSITIVE_REGULATION_OF_MAPK_CASCADE)
MAPK_signaling,CSK,MSigDB (original: GOBP_POSITIVE_REGULATION_OF_MAPK_CASCADE)
MAPK_signaling,DAB2,MSigDB (original: GOBP_POSITIVE_REGULATION_OF_MAPK_CASCADE)
MAPK_signaling,DCC,MSigDB (original: GOBP_POSITIVE_REGULATION_OF_MAPK_CASCADE)
MAPK_signaling,GADD45A,MSigDB (original: GOBP_POSITIVE_REGULATION_OF_MAPK_CASCADE)
MAPK_signaling,DKK1,MSigDB (original: GOBP_POSITIVE_REGULATION_OF_MAPK_CASCADE)
MAPK_signaling,DOK1,MSigDB (original: GOBP_POSITIVE_REGULATION_OF_MAPK_CASCADE)
MAPK_signaling,DOK2,MSigDB (original: GOBP_POSITIVE_REGULATION_OF_MAPK_CASCADE)
MAPK_signaling,DRD2,MSigDB (original: GOBP_POSITIVE_REGULATION_OF_MAPK_CASCADE)
MAPK_signaling,DRD4,MSigDB (original: GOBP_POSITIVE_REGULATION_OF_MAPK_CASCADE)
MAPK_signaling,DVL2,MSigDB (original: GOBP_POSITIVE_REGULATION_OF_MAPK_CASCADE)
MAPK_signaling,DVL3,MSigDB (original: GOBP_POSITIVE_REGULATION_OF_MAPK_CASCADE)
MAPK_signaling,EDAR,MSigDB (original: GOBP_POSITIVE_REGULATION_OF_MAPK_CASCADE)
MAPK_signaling,EDN1,MSigDB (original: GOBP_POSITIVE_REGULATION_OF_MAPK_CASCADE)
MAPK_signaling,EDN3,MSigDB (original: GOBP_POSITIVE_REGULATION_OF_MAPK_CASCADE)
MAPK_signaling,EDNRA,MSigDB (original: GOBP_POSITIVE_REGULATION_OF_MAPK_CASCADE)
MAPK_signaling,EFNA1,MSigDB (original: GOBP_POSITIVE_REGULATION_OF_MAPK_CASCADE)
MAPK_signaling,EGF,MSigDB (original: GOBP_POSITIVE_REGULATION_OF_MAPK_CASCADE)
MAPK_signaling,EGFR,MSigDB (original: GOBP_POSITIVE_REGULATION_OF_MAPK_CASCADE)
MAPK_signaling,EPHA4,MSigDB (original: GOBP_POSITIVE_REGULATION_OF_MAPK_CASCADE)
MAPK_signaling,EPHA8,MSigDB (original: GOBP_POSITIVE_REGULATION_OF_MAPK_CASCADE)
MAPK_signaling,EPO,MSigDB (original: GOBP_POSITIVE_REGULATION_OF_MAPK_CASCADE)
MAPK_signaling,EPOR,MSigDB (original: GOBP_POSITIVE_REGULATION_OF_MAPK_CASCADE)
MAPK_signaling,ERBB2,MSigDB (original: GOBP_POSITIVE_REGULATION_OF_MAPK_CASCADE)
MAPK_signaling,ERBB4,MSigDB (original: GOBP_POSITIVE_REGULATION_OF_MAPK_CASCADE)
MAPK_signaling,ESR1,MSigDB (original: GOBP_POSITIVE_REGULATION_OF_MAPK_CASCADE)
MAPK_signaling,ESR2,MSigDB (original: GOBP_POSITIVE_REGULATION_OF_MAPK_CASCADE)
MAPK_signaling,EZH2,MSigDB (original: GOBP_POSITIVE_REGULATION_OF_MAPK_CASCADE)
MAPK_signaling,ANKRD6,MSigDB (original: GOBP_POSITIVE_REGULATION_OF_MAPK_CASCADE)
MAPK_signaling,F2R,MSigDB (original: GOBP_POSITIVE_REGULATION_OF_MAPK_CASCADE)
MAPK_signaling,F2RL1,MSigDB (original: GOBP_POSITIVE_REGULATION_OF_MAPK_CASCADE)
MAPK_signaling,FCER1A,MSigDB (original: GOBP_POSITIVE_REGULATION_OF_MAPK_CASCADE)
MAPK_signaling,FCGR2B,MSigDB (original: GOBP_POSITIVE_REGULATION_OF_MAPK_CASCADE)
MAPK_signaling,FGA,MSigDB (original: GOBP_POSITIVE_REGULATION_OF_MAPK_CASCADE)
MAPK_signaling,FGF1,MSigDB (original: GOBP_POSITIVE_REGULATION_OF_MAPK_CASCADE)
MAPK_signaling,FGF10,MSigDB (original: GOBP_POSITIVE_REGULATION_OF_MAPK_CASCADE)
MAPK_signaling,FGF15,MSigDB (original: GOBP_POSITIVE_REGULATION_OF_MAPK_CASCADE)
MAPK_signaling,FGF18,MSigDB (original: GOBP_POSITIVE_REGULATION_OF_MAPK_CASCADE)
MAPK_signaling,FGF2,MSigDB (original: GOBP_POSITIVE_REGULATION_OF_MAPK_CASCADE)
MAPK_signaling,FGF4,MSigDB (original: GOBP_POSITIVE_REGULATION_OF_MAPK_CASCADE)
MAPK_signaling,FGF8,MSigDB (original: GOBP_POSITIVE_REGULATION_OF_MAPK_CASCADE)
MAPK_signaling,FGF9,MSigDB (original: GOBP_POSITIVE_REGULATION_OF_MAPK_CASCADE)
MAPK_signaling,FGFR1,MSigDB (original: GOBP_POSITIVE_REGULATION_OF_MAPK_CASCADE)
MAPK_signaling,FGFR2,MSigDB (original: GOBP_POSITIVE_REGULATION_OF_MAPK_CASCADE)
MAPK_signaling,FGFR3,MSigDB (original: GOBP_POSITIVE_REGULATION_OF_MAPK_CASCADE)
MAPK_signaling,FGFR4,MSigDB (original: GOBP_POSITIVE_REGULATION_OF_MAPK_CASCADE)
MAPK_signaling,CCN2,MSigDB (original: GOBP_POSITIVE_REGULATION_OF_MAPK_CASCADE)
MAPK_signaling,FLT1,MSigDB (original: GOBP_POSITIVE_REGULATION_OF_MAPK_CASCADE)
MAPK_signaling,FLT4,MSigDB (original: GOBP_POSITIVE_REGULATION_OF_MAPK_CASCADE)
MAPK_signaling,TLR3,MSigDB (original: GOBP_POSITIVE_REGULATION_OF_MAPK_CASCADE)
MAPK_signaling,FSHR,MSigDB (original: GOBP_POSITIVE_REGULATION_OF_MAPK_CASCADE)
MAPK_signaling,FZD4,MSigDB (original: GOBP_POSITIVE_REGULATION_OF_MAPK_CASCADE)
MAPK_signaling,FZD5,MSigDB (original: GOBP_POSITIVE_REGULATION_OF_MAPK_CASCADE)
MAPK_signaling,FZD8,MSigDB (original: GOBP_POSITIVE_REGULATION_OF_MAPK_CASCADE)
MAPK_signaling,GAB1,MSigDB (original: GOBP_POSITIVE_REGULATION_OF_MAPK_CASCADE)
MAPK_signaling,GAS6,MSigDB (original: GOBP_POSITIVE_REGULATION_OF_MAPK_CASCADE)
MAPK_signaling,GATA4,MSigDB (original: GOBP_POSITIVE_REGULATION_OF_MAPK_CASCADE)
MAPK_signaling,GCG,MSigDB (original: GOBP_POSITIVE_REGULATION_OF_MAPK_CASCADE)
MAPK_signaling,GCNT2,MSigDB (original: GOBP_POSITIVE_REGULATION_OF_MAPK_CASCADE)
MAPK_signaling,GHR,MSigDB (original: GOBP_POSITIVE_REGULATION_OF_MAPK_CASCADE)
MAPK_signaling,GNAI2,MSigDB (original: GOBP_POSITIVE_REGULATION_OF_MAPK_CASCADE)
MAPK_signaling,LPAR1,MSigDB (original: GOBP_POSITIVE_REGULATION_OF_MAPK_CASCADE)
MAPK_signaling,GPR37,MSigDB (original: GOBP_POSITIVE_REGULATION_OF_MAPK_CASCADE)
MAPK_signaling,GRM1,MSigDB (original: GOBP_POSITIVE_REGULATION_OF_MAPK_CASCADE)
MAPK_signaling,HAND2,MSigDB (original: GOBP_POSITIVE_REGULATION_OF_MAPK_CASCADE)
MAPK_signaling,HGF,MSigDB (original: GOBP_POSITIVE_REGULATION_OF_MAPK_CASCADE)
MAPK_signaling,HIPK2,MSigDB (original: GOBP_POSITIVE_REGULATION_OF_MAPK_CASCADE)
MAPK_signaling,HMGB1,MSigDB (original: GOBP_POSITIVE_REGULATION_OF_MAPK_CASCADE)
MAPK_signaling,HMGCR,MSigDB (original: GOBP_POSITIVE_REGULATION_OF_MAPK_CASCADE)
MAPK_signaling,HRAS,MSigDB (original: GOBP_POSITIVE_REGULATION_OF_MAPK_CASCADE)
MAPK_signaling,NDST1,MSigDB (original: GOBP_POSITIVE_REGULATION_OF_MAPK_CASCADE)
MAPK_signaling,HTR2A,MSigDB (original: GOBP_POSITIVE_REGULATION_OF_MAPK_CASCADE)
MAPK_signaling,HTR2B,MSigDB (original: GOBP_POSITIVE_REGULATION_OF_MAPK_CASCADE)
MAPK_signaling,HTR2C,MSigDB (original: GOBP_POSITIVE_REGULATION_OF_MAPK_CASCADE)
MAPK_signaling,IAPP,MSigDB (original: GOBP_POSITIVE_REGULATION_OF_MAPK_CASCADE)
MAPK_signaling,ICAM1,MSigDB (original: GOBP_POSITIVE_REGULATION_OF_MAPK_CASCADE)
MAPK_signaling,IGF1,MSigDB (original: GOBP_POSITIVE_REGULATION_OF_MAPK_CASCADE)
MAPK_signaling,IGF1R,MSigDB (original: GOBP_POSITIVE_REGULATION_OF_MAPK_CASCADE)
MAPK_signaling,IGF2,MSigDB (original: GOBP_POSITIVE_REGULATION_OF_MAPK_CASCADE)
MAPK_signaling,IGFBP3,MSigDB (original: GOBP_POSITIVE_REGULATION_OF_MAPK_CASCADE)
MAPK_signaling,IGFBP4,MSigDB (original: GOBP_POSITIVE_REGULATION_OF_MAPK_CASCADE)
MAPK_signaling,IGFBP6,MSigDB (original: GOBP_POSITIVE_REGULATION_OF_MAPK_CASCADE)
MAPK_signaling,IGHM,MSigDB (original: GOBP_POSITIVE_REGULATION_OF_MAPK_CASCADE)
MAPK_signaling,CD74,MSigDB (original: GOBP_POSITIVE_REGULATION_OF_MAPK_CASCADE)
MAPK_signaling,IL11,MSigDB (original: GOBP_POSITIVE_REGULATION_OF_MAPK_CASCADE)
MAPK_signaling,IL1A,MSigDB (original: GOBP_POSITIVE_REGULATION_OF_MAPK_CASCADE)
MAPK_signaling,IL1B,MSigDB (original: GOBP_POSITIVE_REGULATION_OF_MAPK_CASCADE)
MAPK_signaling,IRAK1,MSigDB (original: GOBP_POSITIVE_REGULATION_OF_MAPK_CASCADE)
MAPK_signaling,IL1RN,MSigDB (original: GOBP_POSITIVE_REGULATION_OF_MAPK_CASCADE)
MAPK_signaling,IL3,MSigDB (original: GOBP_POSITIVE_REGULATION_OF_MAPK_CASCADE)
MAPK_signaling,IL6,MSigDB (original: GOBP_POSITIVE_REGULATION_OF_MAPK_CASCADE)
MAPK_signaling,IL6RA,MSigDB (original: GOBP_POSITIVE_REGULATION_OF_MAPK_CASCADE)
MAPK_signaling,ILK,MSigDB (original: GOBP_POSITIVE_REGULATION_OF_MAPK_CASCADE)
MAPK_signaling,INHBA,MSigDB (original: GOBP_POSITIVE_REGULATION_OF_MAPK_CASCADE)
MAPK_signaling,INS1,MSigDB (original: GOBP_POSITIVE_REGULATION_OF_MAPK_CASCADE)
MAPK_signaling,INS2,MSigDB (original: GOBP_POSITIVE_REGULATION_OF_MAPK_CASCADE)
MAPK_signaling,INSR,MSigDB (original: GOBP_POSITIVE_REGULATION_OF_MAPK_CASCADE)
MAPK_signaling,ITGB3,MSigDB (original: GOBP_POSITIVE_REGULATION_OF_MAPK_CASCADE)
MAPK_signaling,JAK2,MSigDB (original: GOBP_POSITIVE_REGULATION_OF_MAPK_CASCADE)
MAPK_signaling,AJUBA,MSigDB (original: GOBP_POSITIVE_REGULATION_OF_MAPK_CASCADE)
MAPK_signaling,JUN,MSigDB (original: GOBP_POSITIVE_REGULATION_OF_MAPK_CASCADE)
MAPK_signaling,KDR,MSigDB (original: GOBP_POSITIVE_REGULATION_OF_MAPK_CASCADE)
MAPK_signaling,KIT,MSigDB (original: GOBP_POSITIVE_REGULATION_OF_MAPK_CASCADE)
MAPK_signaling,KL,MSigDB (original: GOBP_POSITIVE_REGULATION_OF_MAPK_CASCADE)
MAPK_signaling,KRAS,MSigDB (original: GOBP_POSITIVE_REGULATION_OF_MAPK_CASCADE)
MAPK_signaling,KSR1,MSigDB (original: GOBP_POSITIVE_REGULATION_OF_MAPK_CASCADE)
MAPK_signaling,LAPTM5,MSigDB (original: GOBP_POSITIVE_REGULATION_OF_MAPK_CASCADE)
MAPK_signaling,LEP,MSigDB (original: GOBP_POSITIVE_REGULATION_OF_MAPK_CASCADE)
MAPK_signaling,LEPR,MSigDB (original: GOBP_POSITIVE_REGULATION_OF_MAPK_CASCADE)
MAPK_signaling,LIF,MSigDB (original: GOBP_POSITIVE_REGULATION_OF_MAPK_CASCADE)
MAPK_signaling,LMNB1,MSigDB (original: GOBP_POSITIVE_REGULATION_OF_MAPK_CASCADE)
MAPK_signaling,XCL1,MSigDB (original: GOBP_POSITIVE_REGULATION_OF_MAPK_CASCADE)
MAPK_signaling,LRP1,MSigDB (original: GOBP_POSITIVE_REGULATION_OF_MAPK_CASCADE)
MAPK_signaling,LTBR,MSigDB (original: GOBP_POSITIVE_REGULATION_OF_MAPK_CASCADE)
MAPK_signaling,HAVCR2,MSigDB (original: GOBP_POSITIVE_REGULATION_OF_MAPK_CASCADE)
MAPK_signaling,GPR37L1,MSigDB (original: GOBP_POSITIVE_REGULATION_OF_MAPK_CASCADE)
MAPK_signaling,MEF2C,MSigDB (original: GOBP_POSITIVE_REGULATION_OF_MAPK_CASCADE)
MAPK_signaling,MET,MSigDB (original: GOBP_POSITIVE_REGULATION_OF_MAPK_CASCADE)
MAPK_signaling,KITL,MSigDB (original: GOBP_POSITIVE_REGULATION_OF_MAPK_CASCADE)
MAPK_signaling,MID1,MSigDB (original: GOBP_POSITIVE_REGULATION_OF_MAPK_CASCADE)
MAPK_signaling,MIF,MSigDB (original: GOBP_POSITIVE_REGULATION_OF_MAPK_CASCADE)
MAPK_signaling,MMP8,MSigDB (original: GOBP_POSITIVE_REGULATION_OF_MAPK_CASCADE)
MAPK_signaling,MOS,MSigDB (original: GOBP_POSITIVE_REGULATION_OF_MAPK_CASCADE)
MAPK_signaling,MT3,MSigDB (original: GOBP_POSITIVE_REGULATION_OF_MAPK_CASCADE)
MAPK_signaling,GADD45B,MSigDB (original: GOBP_POSITIVE_REGULATION_OF_MAPK_CASCADE)
MAPK_signaling,MYD88,MSigDB (original: GOBP_POSITIVE_REGULATION_OF_MAPK_CASCADE)
MAPK_signaling,MYH9,MSigDB (original: GOBP_POSITIVE_REGULATION_OF_MAPK_CASCADE)
MAPK_signaling,NAIP1,MSigDB (original: GOBP_POSITIVE_REGULATION_OF_MAPK_CASCADE)
MAPK_signaling,NAIP2,MSigDB (original: GOBP_POSITIVE_REGULATION_OF_MAPK_CASCADE)
MAPK_signaling,NAIP5,MSigDB (original: GOBP_POSITIVE_REGULATION_OF_MAPK_CASCADE)
MAPK_signaling,NAIP6,MSigDB (original: GOBP_POSITIVE_REGULATION_OF_MAPK_CASCADE)
MAPK_signaling,NGF,MSigDB (original: GOBP_POSITIVE_REGULATION_OF_MAPK_CASCADE)
MAPK_signaling,NGFR,MSigDB (original: GOBP_POSITIVE_REGULATION_OF_MAPK_CASCADE)
MAPK_signaling,NQO2,MSigDB (original: GOBP_POSITIVE_REGULATION_OF_MAPK_CASCADE)
MAPK_signaling,NODAL,MSigDB (original: GOBP_POSITIVE_REGULATION_OF_MAPK_CASCADE)
MAPK_signaling,NOTCH1,MSigDB (original: GOBP_POSITIVE_REGULATION_OF_MAPK_CASCADE)
MAPK_signaling,NOTCH2,MSigDB (original: GOBP_POSITIVE_REGULATION_OF_MAPK_CASCADE)
MAPK_signaling,NPY5R,MSigDB (original: GOBP_POSITIVE_REGULATION_OF_MAPK_CASCADE)
MAPK_signaling,NRP1,MSigDB (original: GOBP_POSITIVE_REGULATION_OF_MAPK_CASCADE)
MAPK_signaling,NRXN1,MSigDB (original: GOBP_POSITIVE_REGULATION_OF_MAPK_CASCADE)
MAPK_signaling,MUSK,MSigDB (original: GOBP_POSITIVE_REGULATION_OF_MAPK_CASCADE)
MAPK_signaling,NTF3,MSigDB (original: GOBP_POSITIVE_REGULATION_OF_MAPK_CASCADE)
MAPK_signaling,NTRK1,MSigDB (original: GOBP_POSITIVE_REGULATION_OF_MAPK_CASCADE)
MAPK_signaling,NTRK2,MSigDB (original: GOBP_POSITIVE_REGULATION_OF_MAPK_CASCADE)
MAPK_signaling,NTRK3,MSigDB (original: GOBP_POSITIVE_REGULATION_OF_MAPK_CASCADE)
MAPK_signaling,DDR2,MSigDB (original: GOBP_POSITIVE_REGULATION_OF_MAPK_CASCADE)
MAPK_signaling,NTSR2,MSigDB (original: GOBP_POSITIVE_REGULATION_OF_MAPK_CASCADE)
MAPK_signaling,OPRK1,MSigDB (original: GOBP_POSITIVE_REGULATION_OF_MAPK_CASCADE)
MAPK_signaling,OPRM1,MSigDB (original: GOBP_POSITIVE_REGULATION_OF_MAPK_CASCADE)
MAPK_signaling,OSM,MSigDB (original: GOBP_POSITIVE_REGULATION_OF_MAPK_CASCADE)
MAPK_signaling,P2RX7,MSigDB (original: GOBP_POSITIVE_REGULATION_OF_MAPK_CASCADE)
MAPK_signaling,P2RY1,MSigDB (original: GOBP_POSITIVE_REGULATION_OF_MAPK_CASCADE)
MAPK_signaling,PAK1,MSigDB (original: GOBP_POSITIVE_REGULATION_OF_MAPK_CASCADE)
MAPK_signaling,PDE8A,MSigDB (original: GOBP_POSITIVE_REGULATION_OF_MAPK_CASCADE)
MAPK_signaling,PDE6G,MSigDB (original: GOBP_POSITIVE_REGULATION_OF_MAPK_CASCADE)
MAPK_signaling,PDGFA,MSigDB (original: GOBP_POSITIVE_REGULATION_OF_MAPK_CASCADE)
MAPK_signaling,PDGFB,MSigDB (original: GOBP_POSITIVE_REGULATION_OF_MAPK_CASCADE)
MAPK_signaling,PDGFRA,MSigDB (original: GOBP_POSITIVE_REGULATION_OF_MAPK_CASCADE)
MAPK_signaling,PDGFRB,MSigDB (original: GOBP_POSITIVE_REGULATION_OF_MAPK_CASCADE)
MAPK_signaling,PHB,MSigDB (original: GOBP_POSITIVE_REGULATION_OF_MAPK_CASCADE)
MAPK_signaling,PRKCA,MSigDB (original: GOBP_POSITIVE_REGULATION_OF_MAPK_CASCADE)
MAPK_signaling,PRKCD,MSigDB (original: GOBP_POSITIVE_REGULATION_OF_MAPK_CASCADE)
MAPK_signaling,PRKCE,MSigDB (original: GOBP_POSITIVE_REGULATION_OF_MAPK_CASCADE)
MAPK_signaling,PRKCZ,MSigDB (original: GOBP_POSITIVE_REGULATION_OF_MAPK_CASCADE)
MAPK_signaling,PLA2G5,MSigDB (original: GOBP_POSITIVE_REGULATION_OF_MAPK_CASCADE)
MAPK_signaling,PLCB1,MSigDB (original: GOBP_POSITIVE_REGULATION_OF_MAPK_CASCADE)
MAPK_signaling,SERPINF2,MSigDB (original: GOBP_POSITIVE_REGULATION_OF_MAPK_CASCADE)
MAPK_signaling,CCL21A,MSigDB (original: GOBP_POSITIVE_REGULATION_OF_MAPK_CASCADE)
MAPK_signaling,MAPK8IP1,MSigDB (original: GOBP_POSITIVE_REGULATION_OF_MAPK_CASCADE)
MAPK_signaling,EIF2AK2,MSigDB (original: GOBP_POSITIVE_REGULATION_OF_MAPK_CASCADE)
MAPK_signaling,PSAP,MSigDB (original: GOBP_POSITIVE_REGULATION_OF_MAPK_CASCADE)
MAPK_signaling,PSEN1,MSigDB (original: GOBP_POSITIVE_REGULATION_OF_MAPK_CASCADE)
MAPK_signaling,PTEN,MSigDB (original: GOBP_POSITIVE_REGULATION_OF_MAPK_CASCADE)
MAPK_signaling,PTK2B,MSigDB (original: GOBP_POSITIVE_REGULATION_OF_MAPK_CASCADE)
MAPK_signaling,PTPN1,MSigDB (original: GOBP_POSITIVE_REGULATION_OF_MAPK_CASCADE)
MAPK_signaling,PTPN11,MSigDB (original: GOBP_POSITIVE_REGULATION_OF_MAPK_CASCADE)
MAPK_signaling,PTPN22,MSigDB (original: GOBP_POSITIVE_REGULATION_OF_MAPK_CASCADE)
MAPK_signaling,PTPRC,MSigDB (original: GOBP_POSITIVE_REGULATION_OF_MAPK_CASCADE)
MAPK_signaling,RIPK2,MSigDB (original: GOBP_POSITIVE_REGULATION_OF_MAPK_CASCADE)
MAPK_signaling,PTPRJ,MSigDB (original: GOBP_POSITIVE_REGULATION_OF_MAPK_CASCADE)
MAPK_signaling,RARA,MSigDB (original: GOBP_POSITIVE_REGULATION_OF_MAPK_CASCADE)
MAPK_signaling,RASGRP1,MSigDB (original: GOBP_POSITIVE_REGULATION_OF_MAPK_CASCADE)
MAPK_signaling,RET,MSigDB (original: GOBP_POSITIVE_REGULATION_OF_MAPK_CASCADE)
MAPK_signaling,RIT2,MSigDB (original: GOBP_POSITIVE_REGULATION_OF_MAPK_CASCADE)
MAPK_signaling,RIPK1,MSigDB (original: GOBP_POSITIVE_REGULATION_OF_MAPK_CASCADE)
MAPK_signaling,ROBO1,MSigDB (original: GOBP_POSITIVE_REGULATION_OF_MAPK_CASCADE)
MAPK_signaling,ROCK1,MSigDB (original: GOBP_POSITIVE_REGULATION_OF_MAPK_CASCADE)
MAPK_signaling,ROCK2,MSigDB (original: GOBP_POSITIVE_REGULATION_OF_MAPK_CASCADE)
MAPK_signaling,MST1R,MSigDB (original: GOBP_POSITIVE_REGULATION_OF_MAPK_CASCADE)
MAPK_signaling,TRIM30A,MSigDB (original: GOBP_POSITIVE_REGULATION_OF_MAPK_CASCADE)
MAPK_signaling,RYK,MSigDB (original: GOBP_POSITIVE_REGULATION_OF_MAPK_CASCADE)
MAPK_signaling,CCL1,MSigDB (original: GOBP_POSITIVE_REGULATION_OF_MAPK_CASCADE)
MAPK_signaling,CCL11,MSigDB (original: GOBP_POSITIVE_REGULATION_OF_MAPK_CASCADE)
MAPK_signaling,CCL12,MSigDB (original: GOBP_POSITIVE_REGULATION_OF_MAPK_CASCADE)
MAPK_signaling,CCL17,MSigDB (original: GOBP_POSITIVE_REGULATION_OF_MAPK_CASCADE)
MAPK_signaling,CCL2,MSigDB (original: GOBP_POSITIVE_REGULATION_OF_MAPK_CASCADE)
MAPK_signaling,CCL20,MSigDB (original: GOBP_POSITIVE_REGULATION_OF_MAPK_CASCADE)
MAPK_signaling,CCL22,MSigDB (original: GOBP_POSITIVE_REGULATION_OF_MAPK_CASCADE)
MAPK_signaling,CCL25,MSigDB (original: GOBP_POSITIVE_REGULATION_OF_MAPK_CASCADE)
MAPK_signaling,CCL3,MSigDB (original: GOBP_POSITIVE_REGULATION_OF_MAPK_CASCADE)
MAPK_signaling,CCL4,MSigDB (original: GOBP_POSITIVE_REGULATION_OF_MAPK_CASCADE)
MAPK_signaling,CCL5,MSigDB (original: GOBP_POSITIVE_REGULATION_OF_MAPK_CASCADE)
MAPK_signaling,CCL6,MSigDB (original: GOBP_POSITIVE_REGULATION_OF_MAPK_CASCADE)
MAPK_signaling,CCL7,MSigDB (original: GOBP_POSITIVE_REGULATION_OF_MAPK_CASCADE)
MAPK_signaling,CCL8,MSigDB (original: GOBP_POSITIVE_REGULATION_OF_MAPK_CASCADE)
MAPK_signaling,CCL9,MSigDB (original: GOBP_POSITIVE_REGULATION_OF_MAPK_CASCADE)
MAPK_signaling,CX3CL1,MSigDB (original: GOBP_POSITIVE_REGULATION_OF_MAPK_CASCADE)
MAPK_signaling,CXCL12,MSigDB (original: GOBP_POSITIVE_REGULATION_OF_MAPK_CASCADE)
MAPK_signaling,NPTN,MSigDB (original: GOBP_POSITIVE_REGULATION_OF_MAPK_CASCADE)
MAPK_signaling,SEMA4C,MSigDB (original: GOBP_POSITIVE_REGULATION_OF_MAPK_CASCADE)
MAPK_signaling,SEMA7A,MSigDB (original: GOBP_POSITIVE_REGULATION_OF_MAPK_CASCADE)
MAPK_signaling,SPI1,MSigDB (original: GOBP_POSITIVE_REGULATION_OF_MAPK_CASCADE)
MAPK_signaling,SORBS3,MSigDB (original: GOBP_POSITIVE_REGULATION_OF_MAPK_CASCADE)
MAPK_signaling,SHC1,MSigDB (original: GOBP_POSITIVE_REGULATION_OF_MAPK_CASCADE)
MAPK_signaling,SSTR4,MSigDB (original: GOBP_POSITIVE_REGULATION_OF_MAPK_CASCADE)
MAPK_signaling,SOD1,MSigDB (original: GOBP_POSITIVE_REGULATION_OF_MAPK_CASCADE)
MAPK_signaling,SOX2,MSigDB (original: GOBP_POSITIVE_REGULATION_OF_MAPK_CASCADE)
MAPK_signaling,SPHK1,MSigDB (original: GOBP_POSITIVE_REGULATION_OF_MAPK_CASCADE)
MAPK_signaling,SRC,MSigDB (original: GOBP_POSITIVE_REGULATION_OF_MAPK_CASCADE)
MAPK_signaling,TRIM30D,MSigDB (original: GOBP_POSITIVE_REGULATION_OF_MAPK_CASCADE)
MAPK_signaling,SYK,MSigDB (original: GOBP_POSITIVE_REGULATION_OF_MAPK_CASCADE)
MAPK_signaling,NRG1,MSigDB (original: GOBP_POSITIVE_REGULATION_OF_MAPK_CASCADE)
MAPK_signaling,WWC1,MSigDB (original: GOBP_POSITIVE_REGULATION_OF_MAPK_CASCADE)
MAPK_signaling,DSTYK,MSigDB (original: GOBP_POSITIVE_REGULATION_OF_MAPK_CASCADE)
MAPK_signaling,TBX1,MSigDB (original: GOBP_POSITIVE_REGULATION_OF_MAPK_CASCADE)
MAPK_signaling,RAP1B,MSigDB (original: GOBP_POSITIVE_REGULATION_OF_MAPK_CASCADE)
MAPK_signaling,RASSF2,MSigDB (original: GOBP_POSITIVE_REGULATION_OF_MAPK_CASCADE)
MAPK_signaling,SHC2,MSigDB (original: GOBP_POSITIVE_REGULATION_OF_MAPK_CASCADE)
MAPK_signaling,TDGF1,MSigDB (original: GOBP_POSITIVE_REGULATION_OF_MAPK_CASCADE)
MAPK_signaling,PRDX2,MSigDB (original: GOBP_POSITIVE_REGULATION_OF_MAPK_CASCADE)
MAPK_signaling,ARRB2,MSigDB (original: GOBP_POSITIVE_REGULATION_OF_MAPK_CASCADE)
MAPK_signaling,TEK,MSigDB (original: GOBP_POSITIVE_REGULATION_OF_MAPK_CASCADE)
MAPK_signaling,DHX33,MSigDB (original: GOBP_POSITIVE_REGULATION_OF_MAPK_CASCADE)
MAPK_signaling,TAOK1,MSigDB (original: GOBP_POSITIVE_REGULATION_OF_MAPK_CASCADE)
MAPK_signaling,TMEM106A,MSigDB (original: GOBP_POSITIVE_REGULATION_OF_MAPK_CASCADE)
MAPK_signaling,DNAJC27,MSigDB (original: GOBP_POSITIVE_REGULATION_OF_MAPK_CASCADE)
MAPK_signaling,MBIP,MSigDB (original: GOBP_POSITIVE_REGULATION_OF_MAPK_CASCADE)
MAPK_signaling,TFF2,MSigDB (original: GOBP_POSITIVE_REGULATION_OF_MAPK_CASCADE)
MAPK_signaling,TGFA,MSigDB (original: GOBP_POSITIVE_REGULATION_OF_MAPK_CASCADE)
MAPK_signaling,TGFB1,MSigDB (original: GOBP_POSITIVE_REGULATION_OF_MAPK_CASCADE)
MAPK_signaling,TGFB2,MSigDB (original: GOBP_POSITIVE_REGULATION_OF_MAPK_CASCADE)
MAPK_signaling,TGFB3,MSigDB (original: GOBP_POSITIVE_REGULATION_OF_MAPK_CASCADE)
MAPK_signaling,TGFBR1,MSigDB (original: GOBP_POSITIVE_REGULATION_OF_MAPK_CASCADE)
MAPK_signaling,THBS1,MSigDB (original: GOBP_POSITIVE_REGULATION_OF_MAPK_CASCADE)
MAPK_signaling,THPO,MSigDB (original: GOBP_POSITIVE_REGULATION_OF_MAPK_CASCADE)
MAPK_signaling,TIAM1,MSigDB (original: GOBP_POSITIVE_REGULATION_OF_MAPK_CASCADE)
MAPK_signaling,TIMP2,MSigDB (original: GOBP_POSITIVE_REGULATION_OF_MAPK_CASCADE)
MAPK_signaling,FERMT2,MSigDB (original: GOBP_POSITIVE_REGULATION_OF_MAPK_CASCADE)
MAPK_signaling,TLR4,MSigDB (original: GOBP_POSITIVE_REGULATION_OF_MAPK_CASCADE)
MAPK_signaling,TLR6,MSigDB (original: GOBP_POSITIVE_REGULATION_OF_MAPK_CASCADE)
MAPK_signaling,TNF,MSigDB (original: GOBP_POSITIVE_REGULATION_OF_MAPK_CASCADE)
MAPK_signaling,TNFRSF11A,MSigDB (original: GOBP_POSITIVE_REGULATION_OF_MAPK_CASCADE)
MAPK_signaling,CD40,MSigDB (original: GOBP_POSITIVE_REGULATION_OF_MAPK_CASCADE)
MAPK_signaling,CD27,MSigDB (original: GOBP_POSITIVE_REGULATION_OF_MAPK_CASCADE)
MAPK_signaling,TNFSF11,MSigDB (original: GOBP_POSITIVE_REGULATION_OF_MAPK_CASCADE)
MAPK_signaling,TPBG,MSigDB (original: GOBP_POSITIVE_REGULATION_OF_MAPK_CASCADE)
MAPK_signaling,TPD52L1,MSigDB (original: GOBP_POSITIVE_REGULATION_OF_MAPK_CASCADE)
MAPK_signaling,TRAF1,MSigDB (original: GOBP_POSITIVE_REGULATION_OF_MAPK_CASCADE)
MAPK_signaling,TRAF2,MSigDB (original: GOBP_POSITIVE_REGULATION_OF_MAPK_CASCADE)
MAPK_signaling,TRAF3,MSigDB (original: GOBP_POSITIVE_REGULATION_OF_MAPK_CASCADE)
MAPK_signaling,TRAF4,MSigDB (original: GOBP_POSITIVE_REGULATION_OF_MAPK_CASCADE)
MAPK_signaling,TRAF5,MSigDB (original: GOBP_POSITIVE_REGULATION_OF_MAPK_CASCADE)
MAPK_signaling,TRAF6,MSigDB (original: GOBP_POSITIVE_REGULATION_OF_MAPK_CASCADE)
MAPK_signaling,TRP73,MSigDB (original: GOBP_POSITIVE_REGULATION_OF_MAPK_CASCADE)
MAPK_signaling,VEGFA,MSigDB (original: GOBP_POSITIVE_REGULATION_OF_MAPK_CASCADE)
MAPK_signaling,VEGFB,MSigDB (original: GOBP_POSITIVE_REGULATION_OF_MAPK_CASCADE)
MAPK_signaling,FGD4,MSigDB (original: GOBP_POSITIVE_REGULATION_OF_MAPK_CASCADE)
MAPK_signaling,MUC20,MSigDB (original: GOBP_POSITIVE_REGULATION_OF_MAPK_CASCADE)
MAPK_signaling,WNT5A,MSigDB (original: GOBP_POSITIVE_REGULATION_OF_MAPK_CASCADE)
MAPK_signaling,WNT7A,MSigDB (original: GOBP_POSITIVE_REGULATION_OF_MAPK_CASCADE)
MAPK_signaling,WNT7B,MSigDB (original: GOBP_POSITIVE_REGULATION_OF_MAPK_CASCADE)
MAPK_signaling,XDH,MSigDB (original: GOBP_POSITIVE_REGULATION_OF_MAPK_CASCADE)
MAPK_signaling,TRAF7,MSigDB (original: GOBP_POSITIVE_REGULATION_OF_MAPK_CASCADE)
MAPK_signaling,PJA2,MSigDB (original: GOBP_POSITIVE_REGULATION_OF_MAPK_CASCADE)
MAPK_signaling,RELL2,MSigDB (original: GOBP_POSITIVE_REGULATION_OF_MAPK_CASCADE)
MAPK_signaling,SLC30A10,MSigDB (original: GOBP_POSITIVE_REGULATION_OF_MAPK_CASCADE)
MAPK_signaling,GPBAR1,MSigDB (original: GOBP_POSITIVE_REGULATION_OF_MAPK_CASCADE)
MAPK_signaling,GPR55,MSigDB (original: GOBP_POSITIVE_REGULATION_OF_MAPK_CASCADE)
MAPK_signaling,MADD,MSigDB (original: GOBP_POSITIVE_REGULATION_OF_MAPK_CASCADE)
MAPK_signaling,ZC3H12A,MSigDB (original: GOBP_POSITIVE_REGULATION_OF_MAPK_CASCADE)
MAPK_signaling,HCRTR1,MSigDB (original: GOBP_POSITIVE_REGULATION_OF_MAPK_CASCADE)
MAPK_signaling,LILRA5,MSigDB (original: GOBP_POSITIVE_REGULATION_OF_MAPK_CASCADE)
MAPK_signaling,CXCL17,MSigDB (original: GOBP_POSITIVE_REGULATION_OF_MAPK_CASCADE)
MAPK_signaling,P2RY6,MSigDB (original: GOBP_POSITIVE_REGULATION_OF_MAPK_CASCADE)
MAPK_signaling,NDRG4,MSigDB (original: GOBP_POSITIVE_REGULATION_OF_MAPK_CASCADE)
MAPK_signaling,PLCG2,MSigDB (original: GOBP_POSITIVE_REGULATION_OF_MAPK_CASCADE)
MAPK_signaling,CDK10,MSigDB (original: GOBP_POSITIVE_REGULATION_OF_MAPK_CASCADE)
MAPK_signaling,NOX1,MSigDB (original: GOBP_POSITIVE_REGULATION_OF_MAPK_CASCADE)
MAPK_signaling,SH3RF3,MSigDB (original: GOBP_POSITIVE_REGULATION_OF_MAPK_CASCADE)
MAPK_signaling,GADD45G,MSigDB (original: GOBP_POSITIVE_REGULATION_OF_MAPK_CASCADE)
MAPK_signaling,GDF15,MSigDB (original: GOBP_POSITIVE_REGULATION_OF_MAPK_CASCADE)
MAPK_signaling,MAP2K5,MSigDB (original: GOBP_POSITIVE_REGULATION_OF_MAPK_CASCADE)
MAPK_signaling,TENM1,MSigDB (original: GOBP_POSITIVE_REGULATION_OF_MAPK_CASCADE)
MAPK_signaling,CIB1,MSigDB (original: GOBP_POSITIVE_REGULATION_OF_MAPK_CASCADE)
MAPK_signaling,JCAD,MSigDB (original: GOBP_POSITIVE_REGULATION_OF_MAPK_CASCADE)
MAPK_signaling,CCL19,MSigDB (original: GOBP_POSITIVE_REGULATION_OF_MAPK_CASCADE)
MAPK_signaling,SPRY2,MSigDB (original: GOBP_POSITIVE_REGULATION_OF_MAPK_CASCADE)
MAPK_signaling,TLR2,MSigDB (original: GOBP_POSITIVE_REGULATION_OF_MAPK_CASCADE)
MAPK_signaling,ZEB2,MSigDB (original: GOBP_POSITIVE_REGULATION_OF_MAPK_CASCADE)
MAPK_signaling,PDE5A,MSigDB (original: GOBP_POSITIVE_REGULATION_OF_MAPK_CASCADE)
MAPK_signaling,BANK1,MSigDB (original: GOBP_POSITIVE_REGULATION_OF_MAPK_CASCADE)
MAPK_signaling,GDF6,MSigDB (original: GOBP_POSITIVE_REGULATION_OF_MAPK_CASCADE)
MAPK_signaling,TRIM30B,MSigDB (original: GOBP_POSITIVE_REGULATION_OF_MAPK_CASCADE)
MAPK_signaling,TNFAIP8L3,MSigDB (original: GOBP_POSITIVE_REGULATION_OF_MAPK_CASCADE)
MAPK_signaling,EDA2R,MSigDB (original: GOBP_POSITIVE_REGULATION_OF_MAPK_CASCADE)
MAPK_signaling,PROK1,MSigDB (original: GOBP_POSITIVE_REGULATION_OF_MAPK_CASCADE)
MAPK_signaling,DUSP15,MSigDB (original: GOBP_POSITIVE_REGULATION_OF_MAPK_CASCADE)
MAPK_signaling,NOD2,MSigDB (original: GOBP_POSITIVE_REGULATION_OF_MAPK_CASCADE)
MAPK_signaling,OR2AT4,MSigDB (original: GOBP_POSITIVE_REGULATION_OF_MAPK_CASCADE)
MAPK_signaling,AVPR1B,MSigDB (original: GOBP_POSITIVE_REGULATION_OF_MAPK_CASCADE)
MAPK_signaling,CEACAM1,MSigDB (original: GOBP_POSITIVE_REGULATION_OF_MAPK_CASCADE)
MAPK_signaling,FGD2,MSigDB (original: GOBP_POSITIVE_REGULATION_OF_MAPK_CASCADE)
MAPK_signaling,MAPKBP1,MSigDB (original: GOBP_POSITIVE_REGULATION_OF_MAPK_CASCADE)
MAPK_signaling,MAP2K1,MSigDB (original: GOBP_POSITIVE_REGULATION_OF_MAPK_CASCADE)
MAPK_signaling,MAP2K3,MSigDB (original: GOBP_POSITIVE_REGULATION_OF_MAPK_CASCADE)
MAPK_signaling,MAP2K4,MSigDB (original: GOBP_POSITIVE_REGULATION_OF_MAPK_CASCADE)
MAPK_signaling,MAP2K6,MSigDB (original: GOBP_POSITIVE_REGULATION_OF_MAPK_CASCADE)
MAPK_signaling,MAP2K7,MSigDB (original: GOBP_POSITIVE_REGULATION_OF_MAPK_CASCADE)
MAPK_signaling,MAP3K1,MSigDB (original: GOBP_POSITIVE_REGULATION_OF_MAPK_CASCADE)
MAPK_signaling,MAP3K11,MSigDB (original: GOBP_POSITIVE_REGULATION_OF_MAPK_CASCADE)
MAPK_signaling,MAP3K12,MSigDB (original: GOBP_POSITIVE_REGULATION_OF_MAPK_CASCADE)
MAPK_signaling,MAP3K3,MSigDB (original: GOBP_POSITIVE_REGULATION_OF_MAPK_CASCADE)
MAPK_signaling,MAP3K4,MSigDB (original: GOBP_POSITIVE_REGULATION_OF_MAPK_CASCADE)
MAPK_signaling,MAP3K5,MSigDB (original: GOBP_POSITIVE_REGULATION_OF_MAPK_CASCADE)
MAPK_signaling,MAP3K7,MSigDB (original: GOBP_POSITIVE_REGULATION_OF_MAPK_CASCADE)
MAPK_signaling,MAP4K1,MSigDB (original: GOBP_POSITIVE_REGULATION_OF_MAPK_CASCADE)
MAPK_signaling,MAP4K2,MSigDB (original: GOBP_POSITIVE_REGULATION_OF_MAPK_CASCADE)
MAPK_signaling,MAPK3,MSigDB (original: GOBP_POSITIVE_REGULATION_OF_MAPK_CASCADE)
MAPK_signaling,ROR1,MSigDB (original: GOBP_POSITIVE_REGULATION_OF_MAPK_CASCADE)
MAPK_signaling,ROR2,MSigDB (original: GOBP_POSITIVE_REGULATION_OF_MAPK_CASCADE)
MAPK_signaling,PPIA,MSigDB (original: GOBP_POSITIVE_REGULATION_OF_MAPK_CASCADE)
MAPK_signaling,GRM4,MSigDB (original: GOBP_POSITIVE_REGULATION_OF_MAPK_CASCADE)
MAPK_signaling,SH3RF2,MSigDB (original: GOBP_POSITIVE_REGULATION_OF_MAPK_CASCADE)
MAPK_signaling,ERN2,MSigDB (original: GOBP_POSITIVE_REGULATION_OF_MAPK_CASCADE)
MAPK_signaling,MAP4K4,MSigDB (original: GOBP_POSITIVE_REGULATION_OF_MAPK_CASCADE)
MAPK_signaling,MAP3K10,MSigDB (original: GOBP_POSITIVE_REGULATION_OF_MAPK_CASCADE)
MAPK_signaling,RPS3,MSigDB (original: GOBP_POSITIVE_REGULATION_OF_MAPK_CASCADE)
MAPK_signaling,NRK,MSigDB (original: GOBP_POSITIVE_REGULATION_OF_MAPK_CASCADE)
MAPK_signaling,SLAMF1,MSigDB (original: GOBP_POSITIVE_REGULATION_OF_MAPK_CASCADE)
MAPK_signaling,CARTPT,MSigDB (original: GOBP_POSITIVE_REGULATION_OF_MAPK_CASCADE)
MAPK_signaling,DOK3,MSigDB (original: GOBP_POSITIVE_REGULATION_OF_MAPK_CASCADE)
MAPK_signaling,ABCA7,MSigDB (original: GOBP_POSITIVE_REGULATION_OF_MAPK_CASCADE)
MAPK_signaling,NELFE,MSigDB (original: GOBP_POSITIVE_REGULATION_OF_MAPK_CASCADE)
MAPK_signaling,KISS1,MSigDB (original: GOBP_POSITIVE_REGULATION_OF_MAPK_CASCADE)
MAPK_signaling,MYDGF,MSigDB (original: GOBP_POSITIVE_REGULATION_OF_MAPK_CASCADE)
MAPK_signaling,BCAR3,MSigDB (original: GOBP_POSITIVE_REGULATION_OF_MAPK_CASCADE)
MAPK_signaling,TNFRSF19,MSigDB (original: GOBP_POSITIVE_REGULATION_OF_MAPK_CASCADE)
MAPK_signaling,IQGAP1,MSigDB (original: GOBP_POSITIVE_REGULATION_OF_MAPK_CASCADE)
MAPK_signaling,PIK3CG,MSigDB (original: GOBP_POSITIVE_REGULATION_OF_MAPK_CASCADE)
MAPK_signaling,MAPK8IP3,MSigDB (original: GOBP_POSITIVE_REGULATION_OF_MAPK_CASCADE)
MAPK_signaling,TRIM12C,MSigDB (original: GOBP_POSITIVE_REGULATION_OF_MAPK_CASCADE)
MAPK_signaling,NPSR1,MSigDB (original: GOBP_POSITIVE_REGULATION_OF_MAPK_CASCADE)
MAPK_signaling,C5AR2,MSigDB (original: GOBP_POSITIVE_REGULATION_OF_MAPK_CASCADE)
MAPK_signaling,PIK3R5,MSigDB (original: GOBP_POSITIVE_REGULATION_OF_MAPK_CASCADE)
MAPK_signaling,GPR183,MSigDB (original: GOBP_POSITIVE_REGULATION_OF_MAPK_CASCADE)
MAPK_signaling,FRS2,MSigDB (original: GOBP_POSITIVE_REGULATION_OF_MAPK_CASCADE)
MAPK_signaling,SCIMP,MSigDB (original: GOBP_POSITIVE_REGULATION_OF_MAPK_CASCADE)
MAPK_signaling,BIRC7,MSigDB (original: GOBP_POSITIVE_REGULATION_OF_MAPK_CASCADE)
MAPK_signaling,TAOK3,MSigDB (original: GOBP_POSITIVE_REGULATION_OF_MAPK_CASCADE)
MAPK_signaling,DIXDC1,MSigDB (original: GOBP_POSITIVE_REGULATION_OF_MAPK_CASCADE)
MAPK_signaling,CARD9,MSigDB (original: GOBP_POSITIVE_REGULATION_OF_MAPK_CASCADE)
MAPK_signaling,KSR2,MSigDB (original: GOBP_POSITIVE_REGULATION_OF_MAPK_CASCADE)
MAPK_signaling,GAREM1,MSigDB (original: GOBP_POSITIVE_REGULATION_OF_MAPK_CASCADE)
MAPK_signaling,CRACR2A,MSigDB (original: GOBP_POSITIVE_REGULATION_OF_MAPK_CASCADE)
MAPK_signaling,TAOK2,MSigDB (original: GOBP_POSITIVE_REGULATION_OF_MAPK_CASCADE)
MAPK_signaling,GLIPR2,MSigDB (original: GOBP_POSITIVE_REGULATION_OF_MAPK_CASCADE)
MAPK_signaling,GFRAL,MSigDB (original: GOBP_POSITIVE_REGULATION_OF_MAPK_CASCADE)
MAPK_signaling,IQGAP3,MSigDB (original: GOBP_POSITIVE_REGULATION_OF_MAPK_CASCADE)
MAPK_signaling,TRIM30C,MSigDB (original: GOBP_POSITIVE_REGULATION_OF_MAPK_CASCADE)
MAPK_signaling,NOX4,MSigDB (original: GOBP_POSITIVE_REGULATION_OF_MAPK_CASCADE)
MAPK_signaling,FBXW7,MSigDB (original: GOBP_POSITIVE_REGULATION_OF_MAPK_CASCADE)
MAPK_signaling,MINK1,MSigDB (original: GOBP_POSITIVE_REGULATION_OF_MAPK_CASCADE)
MAPK_signaling,MFHAS1,MSigDB (original: GOBP_POSITIVE_REGULATION_OF_MAPK_CASCADE)
MAPK_signaling,ZFP622,MSigDB (original: GOBP_POSITIVE_REGULATION_OF_MAPK_CASCADE)
MAPK_signaling,STK39,MSigDB (original: GOBP_POSITIVE_REGULATION_OF_MAPK_CASCADE)
MAPK_signaling,LPAR2,MSigDB (original: GOBP_POSITIVE_REGULATION_OF_MAPK_CASCADE)
MAPK_signaling,CCL26,MSigDB (original: GOBP_POSITIVE_REGULATION_OF_MAPK_CASCADE)
MAPK_signaling,ARHGEF5,MSigDB (original: GOBP_POSITIVE_REGULATION_OF_MAPK_CASCADE)
MAPK_signaling,PDGFC,MSigDB (original: GOBP_POSITIVE_REGULATION_OF_MAPK_CASCADE)
MAPK_signaling,GSDME,MSigDB (original: GOBP_POSITIVE_REGULATION_OF_MAPK_CASCADE)
MAPK_signaling,RAMP3,MSigDB (original: GOBP_POSITIVE_REGULATION_OF_MAPK_CASCADE)
MAPK_signaling,CCL24,MSigDB (original: GOBP_POSITIVE_REGULATION_OF_MAPK_CASCADE)
MAPK_signaling,STK3,MSigDB (original: GOBP_POSITIVE_REGULATION_OF_MAPK_CASCADE)
MAPK_signaling,PDCD10,MSigDB (original: GOBP_POSITIVE_REGULATION_OF_MAPK_CASCADE)
MAPK_signaling,FGF21,MSigDB (original: GOBP_POSITIVE_REGULATION_OF_MAPK_CASCADE)
MAPK_signaling,LAMTOR3,MSigDB (original: GOBP_POSITIVE_REGULATION_OF_MAPK_CASCADE)
MAPK_signaling,C1QTNF1,MSigDB (original: GOBP_POSITIVE_REGULATION_OF_MAPK_CASCADE)
MAPK_signaling,CDON,MSigDB (original: GOBP_POSITIVE_REGULATION_OF_MAPK_CASCADE)
MAPK_signaling,GHRL,MSigDB (original: GOBP_POSITIVE_REGULATION_OF_MAPK_CASCADE)
MAPK_signaling,SH3RF1,MSigDB (original: GOBP_POSITIVE_REGULATION_OF_MAPK_CASCADE)
MAPK_signaling,STK25,MSigDB (original: GOBP_POSITIVE_REGULATION_OF_MAPK_CASCADE)
MAPK_signaling,MAPK8IP2,MSigDB (original: GOBP_POSITIVE_REGULATION_OF_MAPK_CASCADE)
MAPK_signaling,ALKAL1,MSigDB (original: GOBP_POSITIVE_REGULATION_OF_MAPK_CASCADE)
MAPK_signaling,DOK6,MSigDB (original: GOBP_POSITIVE_REGULATION_OF_MAPK_CASCADE)
MAPK_signaling,TRPV4,MSigDB (original: GOBP_POSITIVE_REGULATION_OF_MAPK_CASCADE)
MAPK_signaling,FGF23,MSigDB (original: GOBP_POSITIVE_REGULATION_OF_MAPK_CASCADE)
MAPK_signaling,LPAR3,MSigDB (original: GOBP_POSITIVE_REGULATION_OF_MAPK_CASCADE)
MAPK_signaling,ARL6IP5,MSigDB (original: GOBP_POSITIVE_REGULATION_OF_MAPK_CASCADE)
MAPK_signaling,PRXL2C,MSigDB (original: GOBP_POSITIVE_REGULATION_OF_MAPK_CASCADE)
MAPK_signaling,NENF,MSigDB (original: GOBP_POSITIVE_REGULATION_OF_MAPK_CASCADE)
MAPK_signaling,NMNAT1,MSigDB (original: GOBP_POSITIVE_REGULATION_OF_MAPK_CASCADE)
MAPK_signaling,LAMTOR1,MSigDB (original: GOBP_POSITIVE_REGULATION_OF_MAPK_CASCADE)
MAPK_signaling,TNIK,MSigDB (original: GOBP_POSITIVE_REGULATION_OF_MAPK_CASCADE)
MAPK_signaling,TAB1,MSigDB (original: GOBP_POSITIVE_REGULATION_OF_MAPK_CASCADE)
MAPK_signaling,LRRK2,MSigDB (original: GOBP_POSITIVE_REGULATION_OF_MAPK_CASCADE)
MAPK_signaling,TRIM5,MSigDB (original: GOBP_POSITIVE_REGULATION_OF_MAPK_CASCADE)
MAPK_signaling,PYCARD,MSigDB (original: GOBP_POSITIVE_REGULATION_OF_MAPK_CASCADE)
MAPK_signaling,INAVA,MSigDB (original: GOBP_POSITIVE_REGULATION_OF_MAPK_CASCADE)
MAPK_signaling,ERP29,MSigDB (original: GOBP_POSITIVE_REGULATION_OF_MAPK_CASCADE)
MAPK_signaling,NEK10,MSigDB (original: GOBP_POSITIVE_REGULATION_OF_MAPK_CASCADE)
MAPK_signaling,DUSP19,MSigDB (original: GOBP_POSITIVE_REGULATION_OF_MAPK_CASCADE)
MAPK_signaling,MTURN,MSigDB (original: GOBP_POSITIVE_REGULATION_OF_MAPK_CASCADE)
MAPK_signaling,CCNQ,MSigDB (original: GOBP_POSITIVE_REGULATION_OF_MAPK_CASCADE)
MAPK_signaling,C1QTNF2,MSigDB (original: GOBP_POSITIVE_REGULATION_OF_MAPK_CASCADE)
MAPK_signaling,AVPI1,MSigDB (original: GOBP_POSITIVE_REGULATION_OF_MAPK_CASCADE)
MAPK_signaling,DAB2IP,MSigDB (original: GOBP_POSITIVE_REGULATION_OF_MAPK_CASCADE)
MAPK_signaling,CYSLTR2,MSigDB (original: GOBP_POSITIVE_REGULATION_OF_MAPK_CASCADE)
MAPK_signaling,SASH1,MSigDB (original: GOBP_POSITIVE_REGULATION_OF_MAPK_CASCADE)
MAPK_signaling,SPAG9,MSigDB (original: GOBP_POSITIVE_REGULATION_OF_MAPK_CASCADE)
MAPK_signaling,GPR39,MSigDB (original: GOBP_POSITIVE_REGULATION_OF_MAPK_CASCADE)
MAPK_signaling,MAP3K13,MSigDB (original: GOBP_POSITIVE_REGULATION_OF_MAPK_CASCADE)
MAPK_signaling,PDGFD,MSigDB (original: GOBP_POSITIVE_REGULATION_OF_MAPK_CASCADE)
MAPK_signaling,EPGN,MSigDB (original: GOBP_POSITIVE_REGULATION_OF_MAPK_CASCADE)
MAPK_signaling,FGFBP3,MSigDB (original: GOBP_POSITIVE_REGULATION_OF_MAPK_CASCADE)
MAPK_signaling,BMPER,MSigDB (original: GOBP_POSITIVE_REGULATION_OF_MAPK_CASCADE)
MAPK_signaling,PLCE1,MSigDB (original: GOBP_POSITIVE_REGULATION_OF_MAPK_CASCADE)
MAPK_signaling,AKAP13,MSigDB (original: GOBP_POSITIVE_REGULATION_OF_MAPK_CASCADE)
MAPK_signaling,RAPGEF2,MSigDB (original: GOBP_POSITIVE_REGULATION_OF_MAPK_CASCADE)
MAPK_signaling,IL34,MSigDB (original: GOBP_POSITIVE_REGULATION_OF_MAPK_CASCADE)
MAPK_signaling,UNC5CL,MSigDB (original: GOBP_POSITIVE_REGULATION_OF_MAPK_CASCADE)
MAPK_signaling,TRIM12A,MSigDB (original: GOBP_POSITIVE_REGULATION_OF_MAPK_CASCADE)
MAPK_signaling,KLHDC10,MSigDB (original: GOBP_POSITIVE_REGULATION_OF_MAPK_CASCADE)
MAPK_signaling,DOK5,MSigDB (original: GOBP_POSITIVE_REGULATION_OF_MAPK_CASCADE)
MAPK_signaling,GPER1,MSigDB (original: GOBP_POSITIVE_REGULATION_OF_MAPK_CASCADE)
MAPK_signaling,DENN2B,MSigDB (original: GOBP_POSITIVE_REGULATION_OF_MAPK_CASCADE)
MAPK_signaling,PDE6H,MSigDB (original: GOBP_POSITIVE_REGULATION_OF_MAPK_CASCADE)
MAPK_signaling,ERN1,MSigDB (original: GOBP_POSITIVE_REGULATION_OF_MAPK_CASCADE)
MAPK_signaling,FGF20,MSigDB (original: GOBP_POSITIVE_REGULATION_OF_MAPK_CASCADE)
MAPK_signaling,C1QTNF3,MSigDB (original: GOBP_POSITIVE_REGULATION_OF_MAPK_CASCADE)
MAPK_signaling,TLR9,MSigDB (original: GOBP_POSITIVE_REGULATION_OF_MAPK_CASCADE)
MAPK_signaling,KLB,MSigDB (original: GOBP_POSITIVE_REGULATION_OF_MAPK_CASCADE)
MAPK_signaling,AKAP12,MSigDB (original: GOBP_POSITIVE_REGULATION_OF_MAPK_CASCADE)
MAPK_signaling,LAMTOR2,MSigDB (original: GOBP_POSITIVE_REGULATION_OF_MAPK_CASCADE)
MAPK_signaling,TREM2,MSigDB (original: GOBP_POSITIVE_REGULATION_OF_MAPK_CASCADE)
MAPK_signaling,GPNMB,MSigDB (original: GOBP_POSITIVE_REGULATION_OF_MAPK_CASCADE)
MAPK_signaling,WNT16,MSigDB (original: GOBP_POSITIVE_REGULATION_OF_MAPK_CASCADE)
MAPK_signaling,PELI2,MSigDB (original: GOBP_POSITIVE_REGULATION_OF_MAPK_CASCADE)
MAPK_signaling,VANGL2,MSigDB (original: GOBP_POSITIVE_REGULATION_OF_MAPK_CASCADE)
MAPK_signaling,FZD10,MSigDB (original: GOBP_POSITIVE_REGULATION_OF_MAPK_CASCADE)
MAPK_signaling,MAGED1,MSigDB (original: GOBP_POSITIVE_REGULATION_OF_MAPK_CASCADE)
MAPK_signaling,MAGI3,MSigDB (original: GOBP_POSITIVE_REGULATION_OF_MAPK_CASCADE)
MAPK_signaling,FGG,MSigDB (original: GOBP_POSITIVE_REGULATION_OF_MAPK_CASCADE)
p53_pathway,ANKRD1,MSigDB (original: GOBP_REGULATION_OF_DNA_DAMAGE_RESPONSE_SIGNAL_TRANSDUCTION_BY_P53_CLASS_MEDIATOR)
p53_pathway,PTTG1IP,MSigDB (original: GOBP_REGULATION_OF_DNA_DAMAGE_RESPONSE_SIGNAL_TRANSDUCTION_BY_P53_CLASS_MEDIATOR)
p53_pathway,SPRED1,MSigDB (original: GOBP_REGULATION_OF_DNA_DAMAGE_RESPONSE_SIGNAL_TRANSDUCTION_BY_P53_CLASS_MEDIATOR)
p53_pathway,SPRED2,MSigDB (original: GOBP_REGULATION_OF_DNA_DAMAGE_RESPONSE_SIGNAL_TRANSDUCTION_BY_P53_CLASS_MEDIATOR)
p53_pathway,ATM,MSigDB (original: GOBP_REGULATION_OF_DNA_DAMAGE_RESPONSE_SIGNAL_TRANSDUCTION_BY_P53_CLASS_MEDIATOR)
p53_pathway,CD44,MSigDB (original: GOBP_REGULATION_OF_DNA_DAMAGE_RESPONSE_SIGNAL_TRANSDUCTION_BY_P53_CLASS_MEDIATOR)
p53_pathway,CDKN2A,MSigDB (original: GOBP_REGULATION_OF_DNA_DAMAGE_RESPONSE_SIGNAL_TRANSDUCTION_BY_P53_CLASS_MEDIATOR)
p53_pathway,DDX5,MSigDB (original: GOBP_REGULATION_OF_DNA_DAMAGE_RESPONSE_SIGNAL_TRANSDUCTION_BY_P53_CLASS_MEDIATOR)
p53_pathway,DYRK1A,MSigDB (original: GOBP_REGULATION_OF_DNA_DAMAGE_RESPONSE_SIGNAL_TRANSDUCTION_BY_P53_CLASS_MEDIATOR)
p53_pathway,HIC1,MSigDB (original: GOBP_REGULATION_OF_DNA_DAMAGE_RESPONSE_SIGNAL_TRANSDUCTION_BY_P53_CLASS_MEDIATOR)
p53_pathway,CD74,MSigDB (original: GOBP_REGULATION_OF_DNA_DAMAGE_RESPONSE_SIGNAL_TRANSDUCTION_BY_P53_CLASS_MEDIATOR)
p53_pathway,MDM2,MSigDB (original: GOBP_REGULATION_OF_DNA_DAMAGE_RESPONSE_SIGNAL_TRANSDUCTION_BY_P53_CLASS_MEDIATOR)
p53_pathway,MIF,MSigDB (original: GOBP_REGULATION_OF_DNA_DAMAGE_RESPONSE_SIGNAL_TRANSDUCTION_BY_P53_CLASS_MEDIATOR)
p53_pathway,NPM1,MSigDB (original: GOBP_REGULATION_OF_DNA_DAMAGE_RESPONSE_SIGNAL_TRANSDUCTION_BY_P53_CLASS_MEDIATOR)
p53_pathway,PLA2R1,MSigDB (original: GOBP_REGULATION_OF_DNA_DAMAGE_RESPONSE_SIGNAL_TRANSDUCTION_BY_P53_CLASS_MEDIATOR)
p53_pathway,RPL26,MSigDB (original: GOBP_REGULATION_OF_DNA_DAMAGE_RESPONSE_SIGNAL_TRANSDUCTION_BY_P53_CLASS_MEDIATOR)
p53_pathway,SNAI2,MSigDB (original: GOBP_REGULATION_OF_DNA_DAMAGE_RESPONSE_SIGNAL_TRANSDUCTION_BY_P53_CLASS_MEDIATOR)
p53_pathway,SNAI1,MSigDB (original: GOBP_REGULATION_OF_DNA_DAMAGE_RESPONSE_SIGNAL_TRANSDUCTION_BY_P53_CLASS_MEDIATOR)
p53_pathway,SOX4,MSigDB (original: GOBP_REGULATION_OF_DNA_DAMAGE_RESPONSE_SIGNAL_TRANSDUCTION_BY_P53_CLASS_MEDIATOR)
p53_pathway,TRP53,MSigDB (original: GOBP_REGULATION_OF_DNA_DAMAGE_RESPONSE_SIGNAL_TRANSDUCTION_BY_P53_CLASS_MEDIATOR)
p53_pathway,TWIST1,MSigDB (original: GOBP_REGULATION_OF_DNA_DAMAGE_RESPONSE_SIGNAL_TRANSDUCTION_BY_P53_CLASS_MEDIATOR)
p53_pathway,DYRK3,MSigDB (original: GOBP_REGULATION_OF_DNA_DAMAGE_RESPONSE_SIGNAL_TRANSDUCTION_BY_P53_CLASS_MEDIATOR)
p53_pathway,SMYD2,MSigDB (original: GOBP_REGULATION_OF_DNA_DAMAGE_RESPONSE_SIGNAL_TRANSDUCTION_BY_P53_CLASS_MEDIATOR)
p53_pathway,ZMPSTE24,MSigDB (original: GOBP_REGULATION_OF_DNA_DAMAGE_RESPONSE_SIGNAL_TRANSDUCTION_BY_P53_CLASS_MEDIATOR)
p53_pathway,ATR,MSigDB (original: GOBP_REGULATION_OF_DNA_DAMAGE_RESPONSE_SIGNAL_TRANSDUCTION_BY_P53_CLASS_MEDIATOR)
p53_pathway,COPS3,MSigDB (original: GOBP_REGULATION_OF_DNA_DAMAGE_RESPONSE_SIGNAL_TRANSDUCTION_BY_P53_CLASS_MEDIATOR)
p53_pathway,ING4,MSigDB (original: GOBP_REGULATION_OF_DNA_DAMAGE_RESPONSE_SIGNAL_TRANSDUCTION_BY_P53_CLASS_MEDIATOR)
p53_pathway,ZFP385A,MSigDB (original: GOBP_REGULATION_OF_DNA_DAMAGE_RESPONSE_SIGNAL_TRANSDUCTION_BY_P53_CLASS_MEDIATOR)
p53_pathway,PSMD10,MSigDB (original: GOBP_REGULATION_OF_DNA_DAMAGE_RESPONSE_SIGNAL_TRANSDUCTION_BY_P53_CLASS_MEDIATOR)
p53_pathway,MARCHF7,MSigDB (original: GOBP_REGULATION_OF_DNA_DAMAGE_RESPONSE_SIGNAL_TRANSDUCTION_BY_P53_CLASS_MEDIATOR)
p53_pathway,PMAIP1,MSigDB (original: GOBP_REGULATION_OF_DNA_DAMAGE_RESPONSE_SIGNAL_TRANSDUCTION_BY_P53_CLASS_MEDIATOR)
p53_pathway,PCBP4,MSigDB (original: GOBP_REGULATION_OF_DNA_DAMAGE_RESPONSE_SIGNAL_TRANSDUCTION_BY_P53_CLASS_MEDIATOR)
p53_pathway,EEF1E1,MSigDB (original: GOBP_REGULATION_OF_DNA_DAMAGE_RESPONSE_SIGNAL_TRANSDUCTION_BY_P53_CLASS_MEDIATOR)
p53_pathway,KMT5A,MSigDB (original: GOBP_REGULATION_OF_DNA_DAMAGE_RESPONSE_SIGNAL_TRANSDUCTION_BY_P53_CLASS_MEDIATOR)
p53_pathway,ZNHIT1,MSigDB (original: GOBP_REGULATION_OF_DNA_DAMAGE_RESPONSE_SIGNAL_TRANSDUCTION_BY_P53_CLASS_MEDIATOR)
p53_pathway,SIRT1,MSigDB (original: GOBP_REGULATION_OF_DNA_DAMAGE_RESPONSE_SIGNAL_TRANSDUCTION_BY_P53_CLASS_MEDIATOR)
p53_pathway,KDM1A,MSigDB (original: GOBP_REGULATION_OF_DNA_DAMAGE_RESPONSE_SIGNAL_TRANSDUCTION_BY_P53_CLASS_MEDIATOR)
p53_pathway,ANKRD1,MSigDB (original: GOBP_POSITIVE_REGULATION_OF_DNA_DAMAGE_RESPONSE_SIGNAL_TRANSDUCTION_BY_P53_CLASS_MEDIATOR)
p53_pathway,SPRED1,MSigDB (original: GOBP_POSITIVE_REGULATION_OF_DNA_DAMAGE_RESPONSE_SIGNAL_TRANSDUCTION_BY_P53_CLASS_MEDIATOR)
p53_pathway,SPRED2,MSigDB (original: GOBP_POSITIVE_REGULATION_OF_DNA_DAMAGE_RESPONSE_SIGNAL_TRANSDUCTION_BY_P53_CLASS_MEDIATOR)
p53_pathway,ATM,MSigDB (original: GOBP_POSITIVE_REGULATION_OF_DNA_DAMAGE_RESPONSE_SIGNAL_TRANSDUCTION_BY_P53_CLASS_MEDIATOR)
p53_pathway,CDKN2A,MSigDB (original: GOBP_POSITIVE_REGULATION_OF_DNA_DAMAGE_RESPONSE_SIGNAL_TRANSDUCTION_BY_P53_CLASS_MEDIATOR)
p53_pathway,DDX5,MSigDB (original: GOBP_POSITIVE_REGULATION_OF_DNA_DAMAGE_RESPONSE_SIGNAL_TRANSDUCTION_BY_P53_CLASS_MEDIATOR)
p53_pathway,HIC1,MSigDB (original: GOBP_POSITIVE_REGULATION_OF_DNA_DAMAGE_RESPONSE_SIGNAL_TRANSDUCTION_BY_P53_CLASS_MEDIATOR)
p53_pathway,PLA2R1,MSigDB (original: GOBP_POSITIVE_REGULATION_OF_DNA_DAMAGE_RESPONSE_SIGNAL_TRANSDUCTION_BY_P53_CLASS_MEDIATOR)
p53_pathway,RPL26,MSigDB (original: GOBP_POSITIVE_REGULATION_OF_DNA_DAMAGE_RESPONSE_SIGNAL_TRANSDUCTION_BY_P53_CLASS_MEDIATOR)
p53_pathway,ATR,MSigDB (original: GOBP_POSITIVE_REGULATION_OF_DNA_DAMAGE_RESPONSE_SIGNAL_TRANSDUCTION_BY_P53_CLASS_MEDIATOR)
p53_pathway,ING4,MSigDB (original: GOBP_POSITIVE_REGULATION_OF_DNA_DAMAGE_RESPONSE_SIGNAL_TRANSDUCTION_BY_P53_CLASS_MEDIATOR)
p53_pathway,ZFP385A,MSigDB (original: GOBP_POSITIVE_REGULATION_OF_DNA_DAMAGE_RESPONSE_SIGNAL_TRANSDUCTION_BY_P53_CLASS_MEDIATOR)
p53_pathway,PMAIP1,MSigDB (original: GOBP_POSITIVE_REGULATION_OF_DNA_DAMAGE_RESPONSE_SIGNAL_TRANSDUCTION_BY_P53_CLASS_MEDIATOR)
p53_pathway,EEF1E1,MSigDB (original: GOBP_POSITIVE_REGULATION_OF_DNA_DAMAGE_RESPONSE_SIGNAL_TRANSDUCTION_BY_P53_CLASS_MEDIATOR)
p53_pathway,ZNHIT1,MSigDB (original: GOBP_POSITIVE_REGULATION_OF_DNA_DAMAGE_RESPONSE_SIGNAL_TRANSDUCTION_BY_P53_CLASS_MEDIATOR)
p53_pathway,PTTG1IP,MSigDB (original: GOBP_NEGATIVE_REGULATION_OF_DNA_DAMAGE_RESPONSE_SIGNAL_TRANSDUCTION_BY_P53_CLASS_MEDIATOR)
p53_pathway,CD44,MSigDB (original: GOBP_NEGATIVE_REGULATION_OF_DNA_DAMAGE_RESPONSE_SIGNAL_TRANSDUCTION_BY_P53_CLASS_MEDIATOR)
p53_pathway,DYRK1A,MSigDB (original: GOBP_NEGATIVE_REGULATION_OF_DNA_DAMAGE_RESPONSE_SIGNAL_TRANSDUCTION_BY_P53_CLASS_MEDIATOR)
p53_pathway,CD74,MSigDB (original: GOBP_NEGATIVE_REGULATION_OF_DNA_DAMAGE_RESPONSE_SIGNAL_TRANSDUCTION_BY_P53_CLASS_MEDIATOR)
p53_pathway,MDM2,MSigDB (original: GOBP_NEGATIVE_REGULATION_OF_DNA_DAMAGE_RESPONSE_SIGNAL_TRANSDUCTION_BY_P53_CLASS_MEDIATOR)
p53_pathway,MIF,MSigDB (original: GOBP_NEGATIVE_REGULATION_OF_DNA_DAMAGE_RESPONSE_SIGNAL_TRANSDUCTION_BY_P53_CLASS_MEDIATOR)
p53_pathway,SNAI2,MSigDB (original: GOBP_NEGATIVE_REGULATION_OF_DNA_DAMAGE_RESPONSE_SIGNAL_TRANSDUCTION_BY_P53_CLASS_MEDIATOR)
p53_pathway,SNAI1,MSigDB (original: GOBP_NEGATIVE_REGULATION_OF_DNA_DAMAGE_RESPONSE_SIGNAL_TRANSDUCTION_BY_P53_CLASS_MEDIATOR)
p53_pathway,TWIST1,MSigDB (original: GOBP_NEGATIVE_REGULATION_OF_DNA_DAMAGE_RESPONSE_SIGNAL_TRANSDUCTION_BY_P53_CLASS_MEDIATOR)
p53_pathway,DYRK3,MSigDB (original: GOBP_NEGATIVE_REGULATION_OF_DNA_DAMAGE_RESPONSE_SIGNAL_TRANSDUCTION_BY_P53_CLASS_MEDIATOR)
p53_pathway,PSMD10,MSigDB (original: GOBP_NEGATIVE_REGULATION_OF_DNA_DAMAGE_RESPONSE_SIGNAL_TRANSDUCTION_BY_P53_CLASS_MEDIATOR)
p53_pathway,MARCHF7,MSigDB (original: GOBP_NEGATIVE_REGULATION_OF_DNA_DAMAGE_RESPONSE_SIGNAL_TRANSDUCTION_BY_P53_CLASS_MEDIATOR)
p53_pathway,PCBP4,MSigDB (original: GOBP_NEGATIVE_REGULATION_OF_DNA_DAMAGE_RESPONSE_SIGNAL_TRANSDUCTION_BY_P53_CLASS_MEDIATOR)
p53_pathway,SIRT1,MSigDB (original: GOBP_NEGATIVE_REGULATION_OF_DNA_DAMAGE_RESPONSE_SIGNAL_TRANSDUCTION_BY_P53_CLASS_MEDIATOR)
p53_pathway,KDM1A,MSigDB (original: GOBP_NEGATIVE_REGULATION_OF_DNA_DAMAGE_RESPONSE_SIGNAL_TRANSDUCTION_BY_P53_CLASS_MEDIATOR)
Autophagy,ATG5,MSigDB (original: GOBP_AUTOPHAGY_OF_NUCLEUS)
Autophagy,RB1CC1,MSigDB (original: GOBP_AUTOPHAGY_OF_NUCLEUS)
Autophagy,SNX30,MSigDB (original: GOBP_AUTOPHAGY_OF_NUCLEUS)
Autophagy,ATG9B,MSigDB (original: GOBP_AUTOPHAGY_OF_NUCLEUS)
Autophagy,ULK1,MSigDB (original: GOBP_AUTOPHAGY_OF_NUCLEUS)
Autophagy,ATG9A,MSigDB (original: GOBP_AUTOPHAGY_OF_NUCLEUS)
Autophagy,ULK2,MSigDB (original: GOBP_AUTOPHAGY_OF_NUCLEUS)
Autophagy,ATG2A,MSigDB (original: GOBP_AUTOPHAGY_OF_NUCLEUS)
Autophagy,ATG13,MSigDB (original: GOBP_AUTOPHAGY_OF_NUCLEUS)
Autophagy,WIPI1,MSigDB (original: GOBP_AUTOPHAGY_OF_NUCLEUS)
Autophagy,WDR45,MSigDB (original: GOBP_AUTOPHAGY_OF_NUCLEUS)
Autophagy,WDR45B,MSigDB (original: GOBP_AUTOPHAGY_OF_NUCLEUS)
Autophagy,ATG12,MSigDB (original: GOBP_AUTOPHAGY_OF_NUCLEUS)
Autophagy,ATG3,MSigDB (original: GOBP_AUTOPHAGY_OF_NUCLEUS)
Autophagy,ULK3,MSigDB (original: GOBP_AUTOPHAGY_OF_NUCLEUS)
Autophagy,ATG7,MSigDB (original: GOBP_AUTOPHAGY_OF_NUCLEUS)
Autophagy,WIPI2,MSigDB (original: GOBP_AUTOPHAGY_OF_NUCLEUS)
Autophagy,ATG2B,MSigDB (original: GOBP_AUTOPHAGY_OF_NUCLEUS)
Autophagy,SNX7,MSigDB (original: GOBP_AUTOPHAGY_OF_NUCLEUS)
HIF1_signaling,EGR1,MSigDB (original: GOBP_REGULATION_OF_TRANSCRIPTION_FROM_RNA_POLYMERASE_II_PROMOTER_IN_RESPONSE_TO_HYPOXIA)
HIF1_signaling,HIF1A,MSigDB (original: GOBP_REGULATION_OF_TRANSCRIPTION_FROM_RNA_POLYMERASE_II_PROMOTER_IN_RESPONSE_TO_HYPOXIA)
HIF1_signaling,CITED2,MSigDB (original: GOBP_REGULATION_OF_TRANSCRIPTION_FROM_RNA_POLYMERASE_II_PROMOTER_IN_RESPONSE_TO_HYPOXIA)
HIF1_signaling,NFE2L2,MSigDB (original: GOBP_REGULATION_OF_TRANSCRIPTION_FROM_RNA_POLYMERASE_II_PROMOTER_IN_RESPONSE_TO_HYPOXIA)
HIF1_signaling,RBPJ,MSigDB (original: GOBP_REGULATION_OF_TRANSCRIPTION_FROM_RNA_POLYMERASE_II_PROMOTER_IN_RESPONSE_TO_HYPOXIA)
HIF1_signaling,STOX1,MSigDB (original: GOBP_REGULATION_OF_TRANSCRIPTION_FROM_RNA_POLYMERASE_II_PROMOTER_IN_RESPONSE_TO_HYPOXIA)
HIF1_signaling,TRP53,MSigDB (original: GOBP_REGULATION_OF_TRANSCRIPTION_FROM_RNA_POLYMERASE_II_PROMOTER_IN_RESPONSE_TO_HYPOXIA)
HIF1_signaling,VEGFA,MSigDB (original: GOBP_REGULATION_OF_TRANSCRIPTION_FROM_RNA_POLYMERASE_II_PROMOTER_IN_RESPONSE_TO_HYPOXIA)
HIF1_signaling,HIF1AN,MSigDB (original: GOBP_REGULATION_OF_TRANSCRIPTION_FROM_RNA_POLYMERASE_II_PROMOTER_IN_RESPONSE_TO_HYPOXIA)
HIF1_signaling,SIRT2,MSigDB (original: GOBP_REGULATION_OF_TRANSCRIPTION_FROM_RNA_POLYMERASE_II_PROMOTER_IN_RESPONSE_TO_HYPOXIA)
HIF1_signaling,HIF1A,MSigDB (original: GOBP_POSITIVE_REGULATION_OF_TRANSCRIPTION_FROM_RNA_POLYMERASE_II_PROMOTER_IN_RESPONSE_TO_HYPOXIA)
HIF1_signaling,NFE2L2,MSigDB (original: GOBP_POSITIVE_REGULATION_OF_TRANSCRIPTION_FROM_RNA_POLYMERASE_II_PROMOTER_IN_RESPONSE_TO_HYPOXIA)
HIF1_signaling,RBPJ,MSigDB (original: GOBP_POSITIVE_REGULATION_OF_TRANSCRIPTION_FROM_RNA_POLYMERASE_II_PROMOTER_IN_RESPONSE_TO_HYPOXIA)
HIF1_signaling,TRP53,MSigDB (original: GOBP_POSITIVE_REGULATION_OF_TRANSCRIPTION_FROM_RNA_POLYMERASE_II_PROMOTER_IN_RESPONSE_TO_HYPOXIA)
HIF1_signaling,VEGFA,MSigDB (original: GOBP_POSITIVE_REGULATION_OF_TRANSCRIPTION_FROM_RNA_POLYMERASE_II_PROMOTER_IN_RESPONSE_TO_HYPOXIA)
Autophagy,ATG5,MSigDB (original: GOBP_CHAPERONE_MEDIATED_AUTOPHAGY)
Autophagy,SYNPO2,MSigDB (original: GOBP_CHAPERONE_MEDIATED_AUTOPHAGY)
Autophagy,CLU,MSigDB (original: GOBP_CHAPERONE_MEDIATED_AUTOPHAGY)
Autophagy,PLK3,MSigDB (original: GOBP_CHAPERONE_MEDIATED_AUTOPHAGY)
Autophagy,GFAP,MSigDB (original: GOBP_CHAPERONE_MEDIATED_AUTOPHAGY)
Autophagy,HSPA8,MSigDB (original: GOBP_CHAPERONE_MEDIATED_AUTOPHAGY)
Autophagy,LAMP2,MSigDB (original: GOBP_CHAPERONE_MEDIATED_AUTOPHAGY)
Autophagy,CTSA,MSigDB (original: GOBP_CHAPERONE_MEDIATED_AUTOPHAGY)
Autophagy,SNCA,MSigDB (original: GOBP_CHAPERONE_MEDIATED_AUTOPHAGY)
Autophagy,BAG3,MSigDB (original: GOBP_CHAPERONE_MEDIATED_AUTOPHAGY)
Autophagy,STUB1,MSigDB (original: GOBP_CHAPERONE_MEDIATED_AUTOPHAGY)
Autophagy,ATG7,MSigDB (original: GOBP_CHAPERONE_MEDIATED_AUTOPHAGY)
Autophagy,ATG14,MSigDB (original: GOBP_SELECTIVE_AUTOPHAGY)
Autophagy,USP30,MSigDB (original: GOBP_SELECTIVE_AUTOPHAGY)
Autophagy,RIMOC1,MSigDB (original: GOBP_SELECTIVE_AUTOPHAGY)
Autophagy,NOD1,MSigDB (original: GOBP_SELECTIVE_AUTOPHAGY)
Autophagy,OGT,MSigDB (original: GOBP_SELECTIVE_AUTOPHAGY)
Autophagy,ADRB2,MSigDB (original: GOBP_SELECTIVE_AUTOPHAGY)
Autophagy,SLC25A4,MSigDB (original: GOBP_SELECTIVE_AUTOPHAGY)
Autophagy,SLC25A5,MSigDB (original: GOBP_SELECTIVE_AUTOPHAGY)
Autophagy,ATG5,MSigDB (original: GOBP_SELECTIVE_AUTOPHAGY)
Autophagy,ATM,MSigDB (original: GOBP_SELECTIVE_AUTOPHAGY)
Autophagy,AUP1,MSigDB (original: GOBP_SELECTIVE_AUTOPHAGY)
Autophagy,PHB2,MSigDB (original: GOBP_SELECTIVE_AUTOPHAGY)
Autophagy,CALR,MSigDB (original: GOBP_SELECTIVE_AUTOPHAGY)
Autophagy,RB1CC1,MSigDB (original: GOBP_SELECTIVE_AUTOPHAGY)
Autophagy,CDC37,MSigDB (original: GOBP_SELECTIVE_AUTOPHAGY)
Autophagy,CRY1,MSigDB (original: GOBP_SELECTIVE_AUTOPHAGY)
Autophagy,GAA,MSigDB (original: GOBP_SELECTIVE_AUTOPHAGY)
Autophagy,GBA,MSigDB (original: GOBP_SELECTIVE_AUTOPHAGY)
Autophagy,HDAC6,MSigDB (original: GOBP_SELECTIVE_AUTOPHAGY)
Autophagy,HTT,MSigDB (original: GOBP_SELECTIVE_AUTOPHAGY)
Autophagy,SNX18,MSigDB (original: GOBP_SELECTIVE_AUTOPHAGY)
Autophagy,MFN2,MSigDB (original: GOBP_SELECTIVE_AUTOPHAGY)
Autophagy,SQSTM1,MSigDB (original: GOBP_SELECTIVE_AUTOPHAGY)
Autophagy,WDR81,MSigDB (original: GOBP_SELECTIVE_AUTOPHAGY)
Autophagy,RIPK2,MSigDB (original: GOBP_SELECTIVE_AUTOPHAGY)
Autophagy,PEX2,MSigDB (original: GOBP_SELECTIVE_AUTOPHAGY)
Autophagy,PEX5,MSigDB (original: GOBP_SELECTIVE_AUTOPHAGY)
Autophagy,RAB7,MSigDB (original: GOBP_SELECTIVE_AUTOPHAGY)
Autophagy,SPTLC2,MSigDB (original: GOBP_SELECTIVE_AUTOPHAGY)
Autophagy,SNX30,MSigDB (original: GOBP_SELECTIVE_AUTOPHAGY)
Autophagy,TEX264,MSigDB (original: GOBP_SELECTIVE_AUTOPHAGY)
Autophagy,TGFB1,MSigDB (original: GOBP_SELECTIVE_AUTOPHAGY)
Autophagy,TRP53,MSigDB (original: GOBP_SELECTIVE_AUTOPHAGY)
Autophagy,ULK1,MSigDB (original: GOBP_SELECTIVE_AUTOPHAGY)
Autophagy,VDAC1,MSigDB (original: GOBP_SELECTIVE_AUTOPHAGY)
Autophagy,RETREG2,MSigDB (original: GOBP_SELECTIVE_AUTOPHAGY)
Autophagy,LRSAM1,MSigDB (original: GOBP_SELECTIVE_AUTOPHAGY)
Autophagy,AMBRA1,MSigDB (original: GOBP_SELECTIVE_AUTOPHAGY)
Autophagy,SESN2,MSigDB (original: GOBP_SELECTIVE_AUTOPHAGY)
Autophagy,VPS13D,MSigDB (original: GOBP_SELECTIVE_AUTOPHAGY)
Autophagy,ATG4D,MSigDB (original: GOBP_SELECTIVE_AUTOPHAGY)
Autophagy,TLR2,MSigDB (original: GOBP_SELECTIVE_AUTOPHAGY)
Autophagy,NOD2,MSigDB (original: GOBP_SELECTIVE_AUTOPHAGY)
Autophagy,MAPK3,MSigDB (original: GOBP_SELECTIVE_AUTOPHAGY)
Autophagy,SPTLC1,MSigDB (original: GOBP_SELECTIVE_AUTOPHAGY)
Autophagy,RNF31,MSigDB (original: GOBP_SELECTIVE_AUTOPHAGY)
Autophagy,BAG3,MSigDB (original: GOBP_SELECTIVE_AUTOPHAGY)
Autophagy,ULK2,MSigDB (original: GOBP_SELECTIVE_AUTOPHAGY)
Autophagy,TIGAR,MSigDB (original: GOBP_SELECTIVE_AUTOPHAGY)
Autophagy,VPS13C,MSigDB (original: GOBP_SELECTIVE_AUTOPHAGY)
Autophagy,SPATA33,MSigDB (original: GOBP_SELECTIVE_AUTOPHAGY)
Autophagy,ATG2A,MSigDB (original: GOBP_SELECTIVE_AUTOPHAGY)
Autophagy,PJVK,MSigDB (original: GOBP_SELECTIVE_AUTOPHAGY)
Autophagy,PRKN,MSigDB (original: GOBP_SELECTIVE_AUTOPHAGY)
Autophagy,ATG13,MSigDB (original: GOBP_SELECTIVE_AUTOPHAGY)
Autophagy,STBD1,MSigDB (original: GOBP_SELECTIVE_AUTOPHAGY)
Autophagy,LGALS8,MSigDB (original: GOBP_SELECTIVE_AUTOPHAGY)
Autophagy,UBQLN1,MSigDB (original: GOBP_SELECTIVE_AUTOPHAGY)
Autophagy,BECN1,MSigDB (original: GOBP_SELECTIVE_AUTOPHAGY)
Autophagy,STK3,MSigDB (original: GOBP_SELECTIVE_AUTOPHAGY)
Autophagy,TBK1,MSigDB (original: GOBP_SELECTIVE_AUTOPHAGY)
Autophagy,GABARAPL1,MSigDB (original: GOBP_SELECTIVE_AUTOPHAGY)
Autophagy,HUWE1,MSigDB (original: GOBP_SELECTIVE_AUTOPHAGY)
Autophagy,HTRA2,MSigDB (original: GOBP_SELECTIVE_AUTOPHAGY)
Autophagy,UFC1,MSigDB (original: GOBP_SELECTIVE_AUTOPHAGY)
Autophagy,TOMM7,MSigDB (original: GOBP_SELECTIVE_AUTOPHAGY)
Autophagy,RETREG1,MSigDB (original: GOBP_SELECTIVE_AUTOPHAGY)
Autophagy,ATG4B,MSigDB (original: GOBP_SELECTIVE_AUTOPHAGY)
Autophagy,UBA5,MSigDB (original: GOBP_SELECTIVE_AUTOPHAGY)
Autophagy,TAFAZZIN,MSigDB (original: GOBP_SELECTIVE_AUTOPHAGY)
Autophagy,RNF213,MSigDB (original: GOBP_SELECTIVE_AUTOPHAGY)
Autophagy,UFL1,MSigDB (original: GOBP_SELECTIVE_AUTOPHAGY)
Autophagy,RNF41,MSigDB (original: GOBP_SELECTIVE_AUTOPHAGY)
Autophagy,UFM1,MSigDB (original: GOBP_SELECTIVE_AUTOPHAGY)
Autophagy,RETREG3,MSigDB (original: GOBP_SELECTIVE_AUTOPHAGY)
Autophagy,PINK1,MSigDB (original: GOBP_SELECTIVE_AUTOPHAGY)
Autophagy,OPTN,MSigDB (original: GOBP_SELECTIVE_AUTOPHAGY)
Autophagy,ULK3,MSigDB (original: GOBP_SELECTIVE_AUTOPHAGY)
Autophagy,WDFY3,MSigDB (original: GOBP_SELECTIVE_AUTOPHAGY)
Autophagy,STING1,MSigDB (original: GOBP_SELECTIVE_AUTOPHAGY)
Autophagy,CLEC16A,MSigDB (original: GOBP_SELECTIVE_AUTOPHAGY)
Autophagy,WIPI2,MSigDB (original: GOBP_SELECTIVE_AUTOPHAGY)
Autophagy,SMURF1,MSigDB (original: GOBP_SELECTIVE_AUTOPHAGY)
Autophagy,ATG2B,MSigDB (original: GOBP_SELECTIVE_AUTOPHAGY)
Autophagy,SNX7,MSigDB (original: GOBP_SELECTIVE_AUTOPHAGY)
Autophagy,CALCOCO2,MSigDB (original: GOBP_SELECTIVE_AUTOPHAGY)
Autophagy,ARFIP2,MSigDB (original: GOBP_SELECTIVE_AUTOPHAGY)
Autophagy,DDRGK1,MSigDB (original: GOBP_SELECTIVE_AUTOPHAGY)
Autophagy,ATG16L1,MSigDB (original: GOBP_SELECTIVE_AUTOPHAGY)
Autophagy,LRBA,MSigDB (original: GOBP_SELECTIVE_AUTOPHAGY)
Autophagy,HSPB8,MSigDB (original: GOBP_SELECTIVE_AUTOPHAGY)
Autophagy,CERS1,MSigDB (original: GOBP_SELECTIVE_AUTOPHAGY)
HIF1_signaling,MIR874,MSigDB (original: GOBP_CELLULAR_RESPONSE_TO_HYPOXIA)
HIF1_signaling,BMYC,MSigDB (original: GOBP_CELLULAR_RESPONSE_TO_HYPOXIA)
HIF1_signaling,OGT,MSigDB (original: GOBP_CELLULAR_RESPONSE_TO_HYPOXIA)
HIF1_signaling,TMBIM6,MSigDB (original: GOBP_CELLULAR_RESPONSE_TO_HYPOXIA)
HIF1_signaling,SCN2A,MSigDB (original: GOBP_CELLULAR_RESPONSE_TO_HYPOXIA)
HIF1_signaling,SLC8A3,MSigDB (original: GOBP_CELLULAR_RESPONSE_TO_HYPOXIA)
HIF1_signaling,EGLN1,MSigDB (original: GOBP_CELLULAR_RESPONSE_TO_HYPOXIA)
HIF1_signaling,EGLN2,MSigDB (original: GOBP_CELLULAR_RESPONSE_TO_HYPOXIA)
HIF1_signaling,EGLN3,MSigDB (original: GOBP_CELLULAR_RESPONSE_TO_HYPOXIA)
HIF1_signaling,ADAM8,MSigDB (original: GOBP_CELLULAR_RESPONSE_TO_HYPOXIA)
HIF1_signaling,ADRB2,MSigDB (original: GOBP_CELLULAR_RESPONSE_TO_HYPOXIA)
HIF1_signaling,AK4,MSigDB (original: GOBP_CELLULAR_RESPONSE_TO_HYPOXIA)
HIF1_signaling,AKT1,MSigDB (original: GOBP_CELLULAR_RESPONSE_TO_HYPOXIA)
HIF1_signaling,AQP1,MSigDB (original: GOBP_CELLULAR_RESPONSE_TO_HYPOXIA)
HIF1_signaling,AQP3,MSigDB (original: GOBP_CELLULAR_RESPONSE_TO_HYPOXIA)
HIF1_signaling,ATF2,MSigDB (original: GOBP_CELLULAR_RESPONSE_TO_HYPOXIA)
HIF1_signaling,BAD,MSigDB (original: GOBP_CELLULAR_RESPONSE_TO_HYPOXIA)
HIF1_signaling,BCL2,MSigDB (original: GOBP_CELLULAR_RESPONSE_TO_HYPOXIA)
HIF1_signaling,BNIP3,MSigDB (original: GOBP_CELLULAR_RESPONSE_TO_HYPOXIA)
HIF1_signaling,BNIP3L,MSigDB (original: GOBP_CELLULAR_RESPONSE_TO_HYPOXIA)
HIF1_signaling,ZFP36L1,MSigDB (original: GOBP_CELLULAR_RESPONSE_TO_HYPOXIA)
HIF1_signaling,HYOU1,MSigDB (original: GOBP_CELLULAR_RESPONSE_TO_HYPOXIA)
HIF1_signaling,CBS,MSigDB (original: GOBP_CELLULAR_RESPONSE_TO_HYPOXIA)
HIF1_signaling,CD34,MSigDB (original: GOBP_CELLULAR_RESPONSE_TO_HYPOXIA)
HIF1_signaling,PLK3,MSigDB (original: GOBP_CELLULAR_RESPONSE_TO_HYPOXIA)
HIF1_signaling,CPEB1,MSigDB (original: GOBP_CELLULAR_RESPONSE_TO_HYPOXIA)
HIF1_signaling,CR1L,MSigDB (original: GOBP_CELLULAR_RESPONSE_TO_HYPOXIA)
HIF1_signaling,CYBB,MSigDB (original: GOBP_CELLULAR_RESPONSE_TO_HYPOXIA)
HIF1_signaling,EGR1,MSigDB (original: GOBP_CELLULAR_RESPONSE_TO_HYPOXIA)
HIF1_signaling,EIF4EBP1,MSigDB (original: GOBP_CELLULAR_RESPONSE_TO_HYPOXIA)
HIF1_signaling,ENO1,MSigDB (original: GOBP_CELLULAR_RESPONSE_TO_HYPOXIA)
HIF1_signaling,EPAS1,MSigDB (original: GOBP_CELLULAR_RESPONSE_TO_HYPOXIA)
HIF1_signaling,EPHA4,MSigDB (original: GOBP_CELLULAR_RESPONSE_TO_HYPOXIA)
HIF1_signaling,FABP1,MSigDB (original: GOBP_CELLULAR_RESPONSE_TO_HYPOXIA)
HIF1_signaling,GATA6,MSigDB (original: GOBP_CELLULAR_RESPONSE_TO_HYPOXIA)
HIF1_signaling,GNB1,MSigDB (original: GOBP_CELLULAR_RESPONSE_TO_HYPOXIA)
HIF1_signaling,GNGT1,MSigDB (original: GOBP_CELLULAR_RESPONSE_TO_HYPOXIA)
HIF1_signaling,HIF1A,MSigDB (original: GOBP_CELLULAR_RESPONSE_TO_HYPOXIA)
HIF1_signaling,HP1BP3,MSigDB (original: GOBP_CELLULAR_RESPONSE_TO_HYPOXIA)
HIF1_signaling,AJUBA,MSigDB (original: GOBP_CELLULAR_RESPONSE_TO_HYPOXIA)
HIF1_signaling,KCND2,MSigDB (original: GOBP_CELLULAR_RESPONSE_TO_HYPOXIA)
HIF1_signaling,KCNK2,MSigDB (original: GOBP_CELLULAR_RESPONSE_TO_HYPOXIA)
HIF1_signaling,KCNK3,MSigDB (original: GOBP_CELLULAR_RESPONSE_TO_HYPOXIA)
HIF1_signaling,CITED2,MSigDB (original: GOBP_CELLULAR_RESPONSE_TO_HYPOXIA)
HIF1_signaling,COMMD1,MSigDB (original: GOBP_CELLULAR_RESPONSE_TO_HYPOXIA)
HIF1_signaling,MYC,MSigDB (original: GOBP_CELLULAR_RESPONSE_TO_HYPOXIA)
HIF1_signaling,NDP,MSigDB (original: GOBP_CELLULAR_RESPONSE_TO_HYPOXIA)
HIF1_signaling,NFE2L2,MSigDB (original: GOBP_CELLULAR_RESPONSE_TO_HYPOXIA)
HIF1_signaling,NKX3-1,MSigDB (original: GOBP_CELLULAR_RESPONSE_TO_HYPOXIA)
HIF1_signaling,NOTCH1,MSigDB (original: GOBP_CELLULAR_RESPONSE_TO_HYPOXIA)
HIF1_signaling,OPRD1,MSigDB (original: GOBP_CELLULAR_RESPONSE_TO_HYPOXIA)
HIF1_signaling,P4HB,MSigDB (original: GOBP_CELLULAR_RESPONSE_TO_HYPOXIA)
HIF1_signaling,PGK1,MSigDB (original: GOBP_CELLULAR_RESPONSE_TO_HYPOXIA)
HIF1_signaling,PRKCE,MSigDB (original: GOBP_CELLULAR_RESPONSE_TO_HYPOXIA)
HIF1_signaling,PPARD,MSigDB (original: GOBP_CELLULAR_RESPONSE_TO_HYPOXIA)
HIF1_signaling,PPARG,MSigDB (original: GOBP_CELLULAR_RESPONSE_TO_HYPOXIA)
HIF1_signaling,NPEPPS,MSigDB (original: GOBP_CELLULAR_RESPONSE_TO_HYPOXIA)
HIF1_signaling,PTEN,MSigDB (original: GOBP_CELLULAR_RESPONSE_TO_HYPOXIA)
HIF1_signaling,PTGIS,MSigDB (original: GOBP_CELLULAR_RESPONSE_TO_HYPOXIA)
HIF1_signaling,RBPJ,MSigDB (original: GOBP_CELLULAR_RESPONSE_TO_HYPOXIA)
HIF1_signaling,ROCK2,MSigDB (original: GOBP_CELLULAR_RESPONSE_TO_HYPOXIA)
HIF1_signaling,RORA,MSigDB (original: GOBP_CELLULAR_RESPONSE_TO_HYPOXIA)
HIF1_signaling,SLC2A4,MSigDB (original: GOBP_CELLULAR_RESPONSE_TO_HYPOXIA)
HIF1_signaling,SLC9A1,MSigDB (original: GOBP_CELLULAR_RESPONSE_TO_HYPOXIA)
HIF1_signaling,SUV39H1,MSigDB (original: GOBP_CELLULAR_RESPONSE_TO_HYPOXIA)
HIF1_signaling,ADO,MSigDB (original: GOBP_CELLULAR_RESPONSE_TO_HYPOXIA)
HIF1_signaling,STOX1,MSigDB (original: GOBP_CELLULAR_RESPONSE_TO_HYPOXIA)
HIF1_signaling,TERT,MSigDB (original: GOBP_CELLULAR_RESPONSE_TO_HYPOXIA)
HIF1_signaling,TRP53,MSigDB (original: GOBP_CELLULAR_RESPONSE_TO_HYPOXIA)
HIF1_signaling,TWIST1,MSigDB (original: GOBP_CELLULAR_RESPONSE_TO_HYPOXIA)
HIF1_signaling,KDM6A,MSigDB (original: GOBP_CELLULAR_RESPONSE_TO_HYPOXIA)
HIF1_signaling,VEGFA,MSigDB (original: GOBP_CELLULAR_RESPONSE_TO_HYPOXIA)
HIF1_signaling,VHL,MSigDB (original: GOBP_CELLULAR_RESPONSE_TO_HYPOXIA)
HIF1_signaling,VLDLR,MSigDB (original: GOBP_CELLULAR_RESPONSE_TO_HYPOXIA)
HIF1_signaling,PDK1,MSigDB (original: GOBP_CELLULAR_RESPONSE_TO_HYPOXIA)
HIF1_signaling,CPEB2,MSigDB (original: GOBP_CELLULAR_RESPONSE_TO_HYPOXIA)
HIF1_signaling,PDK3,MSigDB (original: GOBP_CELLULAR_RESPONSE_TO_HYPOXIA)
HIF1_signaling,VASN,MSigDB (original: GOBP_CELLULAR_RESPONSE_TO_HYPOXIA)
HIF1_signaling,MAP2K1,MSigDB (original: GOBP_CELLULAR_RESPONSE_TO_HYPOXIA)
HIF1_signaling,TBL2,MSigDB (original: GOBP_CELLULAR_RESPONSE_TO_HYPOXIA)
HIF1_signaling,HIF1AN,MSigDB (original: GOBP_CELLULAR_RESPONSE_TO_HYPOXIA)
HIF1_signaling,TIGAR,MSigDB (original: GOBP_CELLULAR_RESPONSE_TO_HYPOXIA)
HIF1_signaling,EP300,MSigDB (original: GOBP_CELLULAR_RESPONSE_TO_HYPOXIA)
HIF1_signaling,MIR214,MSigDB (original: GOBP_CELLULAR_RESPONSE_TO_HYPOXIA)
HIF1_signaling,ENO1B,MSigDB (original: GOBP_CELLULAR_RESPONSE_TO_HYPOXIA)
HIF1_signaling,ACAA2,MSigDB (original: GOBP_CELLULAR_RESPONSE_TO_HYPOXIA)
HIF1_signaling,HIF3A,MSigDB (original: GOBP_CELLULAR_RESPONSE_TO_HYPOXIA)
HIF1_signaling,FMN2,MSigDB (original: GOBP_CELLULAR_RESPONSE_TO_HYPOXIA)
HIF1_signaling,UBQLN1,MSigDB (original: GOBP_CELLULAR_RESPONSE_TO_HYPOXIA)
HIF1_signaling,HIGD1A,MSigDB (original: GOBP_CELLULAR_RESPONSE_TO_HYPOXIA)
HIF1_signaling,STUB1,MSigDB (original: GOBP_CELLULAR_RESPONSE_TO_HYPOXIA)
HIF1_signaling,MLST8,MSigDB (original: GOBP_CELLULAR_RESPONSE_TO_HYPOXIA)
HIF1_signaling,MTOR,MSigDB (original: GOBP_CELLULAR_RESPONSE_TO_HYPOXIA)
HIF1_signaling,SIRT2,MSigDB (original: GOBP_CELLULAR_RESPONSE_TO_HYPOXIA)
HIF1_signaling,SUV39H2,MSigDB (original: GOBP_CELLULAR_RESPONSE_TO_HYPOXIA)
HIF1_signaling,RGCC,MSigDB (original: GOBP_CELLULAR_RESPONSE_TO_HYPOXIA)
HIF1_signaling,RWDD3,MSigDB (original: GOBP_CELLULAR_RESPONSE_TO_HYPOXIA)
HIF1_signaling,SDHD,MSigDB (original: GOBP_CELLULAR_RESPONSE_TO_HYPOXIA)
HIF1_signaling,MGARP,MSigDB (original: GOBP_CELLULAR_RESPONSE_TO_HYPOXIA)
HIF1_signaling,NOP53,MSigDB (original: GOBP_CELLULAR_RESPONSE_TO_HYPOXIA)
HIF1_signaling,NDNF,MSigDB (original: GOBP_CELLULAR_RESPONSE_TO_HYPOXIA)
HIF1_signaling,RTN4,MSigDB (original: GOBP_CELLULAR_RESPONSE_TO_HYPOXIA)
HIF1_signaling,FNDC1,MSigDB (original: GOBP_CELLULAR_RESPONSE_TO_HYPOXIA)
HIF1_signaling,PINK1,MSigDB (original: GOBP_CELLULAR_RESPONSE_TO_HYPOXIA)
HIF1_signaling,ZFAS1,MSigDB (original: GOBP_CELLULAR_RESPONSE_TO_HYPOXIA)
HIF1_signaling,DDAH1,MSigDB (original: GOBP_CELLULAR_RESPONSE_TO_HYPOXIA)
HIF1_signaling,FAM162A,MSigDB (original: GOBP_CELLULAR_RESPONSE_TO_HYPOXIA)
HIF1_signaling,USP19,MSigDB (original: GOBP_CELLULAR_RESPONSE_TO_HYPOXIA)
HIF1_signaling,MIR199A-2,MSigDB (original: GOBP_CELLULAR_RESPONSE_TO_HYPOXIA)
HIF1_signaling,RPTOR,MSigDB (original: GOBP_CELLULAR_RESPONSE_TO_HYPOXIA)
HIF1_signaling,PIK3CB,MSigDB (original: GOBP_CELLULAR_RESPONSE_TO_HYPOXIA)
HIF1_signaling,MIR668,MSigDB (original: GOBP_CELLULAR_RESPONSE_TO_HYPOXIA)
HIF1_signaling,NOL3,MSigDB (original: GOBP_CELLULAR_RESPONSE_TO_HYPOXIA)
HIF1_signaling,TREM2,MSigDB (original: GOBP_CELLULAR_RESPONSE_TO_HYPOXIA)
HIF1_signaling,SIRT1,MSigDB (original: GOBP_CELLULAR_RESPONSE_TO_HYPOXIA)
p53_pathway,IFI208,MSigDB (original: GOBP_SIGNAL_TRANSDUCTION_BY_P53_CLASS_MEDIATOR)
p53_pathway,MNDAL,MSigDB (original: GOBP_SIGNAL_TRANSDUCTION_BY_P53_CLASS_MEDIATOR)
p53_pathway,RPL37,MSigDB (original: GOBP_SIGNAL_TRANSDUCTION_BY_P53_CLASS_MEDIATOR)
p53_pathway,RPL5,MSigDB (original: GOBP_SIGNAL_TRANSDUCTION_BY_P53_CLASS_MEDIATOR)
p53_pathway,RRP8,MSigDB (original: GOBP_SIGNAL_TRANSDUCTION_BY_P53_CLASS_MEDIATOR)
p53_pathway,IFI206,MSigDB (original: GOBP_SIGNAL_TRANSDUCTION_BY_P53_CLASS_MEDIATOR)
p53_pathway,TOPORS,MSigDB (original: GOBP_SIGNAL_TRANSDUCTION_BY_P53_CLASS_MEDIATOR)
p53_pathway,RRN3,MSigDB (original: GOBP_SIGNAL_TRANSDUCTION_BY_P53_CLASS_MEDIATOR)
p53_pathway,ANKRD1,MSigDB (original: GOBP_SIGNAL_TRANSDUCTION_BY_P53_CLASS_MEDIATOR)
p53_pathway,BMYC,MSigDB (original: GOBP_SIGNAL_TRANSDUCTION_BY_P53_CLASS_MEDIATOR)
p53_pathway,PTTG1IP,MSigDB (original: GOBP_SIGNAL_TRANSDUCTION_BY_P53_CLASS_MEDIATOR)
p53_pathway,NOP2,MSigDB (original: GOBP_SIGNAL_TRANSDUCTION_BY_P53_CLASS_MEDIATOR)
p53_pathway,SPRED1,MSigDB (original: GOBP_SIGNAL_TRANSDUCTION_BY_P53_CLASS_MEDIATOR)
p53_pathway,SPRED2,MSigDB (original: GOBP_SIGNAL_TRANSDUCTION_BY_P53_CLASS_MEDIATOR)
p53_pathway,ATM,MSigDB (original: GOBP_SIGNAL_TRANSDUCTION_BY_P53_CLASS_MEDIATOR)
p53_pathway,BAX,MSigDB (original: GOBP_SIGNAL_TRANSDUCTION_BY_P53_CLASS_MEDIATOR)
p53_pathway,BCL3,MSigDB (original: GOBP_SIGNAL_TRANSDUCTION_BY_P53_CLASS_MEDIATOR)
p53_pathway,BDKRB2,MSigDB (original: GOBP_SIGNAL_TRANSDUCTION_BY_P53_CLASS_MEDIATOR)
p53_pathway,BOP1,MSigDB (original: GOBP_SIGNAL_TRANSDUCTION_BY_P53_CLASS_MEDIATOR)
p53_pathway,BRCA2,MSigDB (original: GOBP_SIGNAL_TRANSDUCTION_BY_P53_CLASS_MEDIATOR)
p53_pathway,CASP2,MSigDB (original: GOBP_SIGNAL_TRANSDUCTION_BY_P53_CLASS_MEDIATOR)
p53_pathway,CASP6,MSigDB (original: GOBP_SIGNAL_TRANSDUCTION_BY_P53_CLASS_MEDIATOR)
p53_pathway,CD44,MSigDB (original: GOBP_SIGNAL_TRANSDUCTION_BY_P53_CLASS_MEDIATOR)
p53_pathway,CDKN1A,MSigDB (original: GOBP_SIGNAL_TRANSDUCTION_BY_P53_CLASS_MEDIATOR)
p53_pathway,CDKN2A,MSigDB (original: GOBP_SIGNAL_TRANSDUCTION_BY_P53_CLASS_MEDIATOR)
p53_pathway,CRADD,MSigDB (original: GOBP_SIGNAL_TRANSDUCTION_BY_P53_CLASS_MEDIATOR)
p53_pathway,DDX5,MSigDB (original: GOBP_SIGNAL_TRANSDUCTION_BY_P53_CLASS_MEDIATOR)
p53_pathway,DYRK1A,MSigDB (original: GOBP_SIGNAL_TRANSDUCTION_BY_P53_CLASS_MEDIATOR)
p53_pathway,E2F1,MSigDB (original: GOBP_SIGNAL_TRANSDUCTION_BY_P53_CLASS_MEDIATOR)
p53_pathway,PTPRV,MSigDB (original: GOBP_SIGNAL_TRANSDUCTION_BY_P53_CLASS_MEDIATOR)
p53_pathway,FHIT,MSigDB (original: GOBP_SIGNAL_TRANSDUCTION_BY_P53_CLASS_MEDIATOR)
p53_pathway,FOXM1,MSigDB (original: GOBP_SIGNAL_TRANSDUCTION_BY_P53_CLASS_MEDIATOR)
p53_pathway,USP15,MSigDB (original: GOBP_SIGNAL_TRANSDUCTION_BY_P53_CLASS_MEDIATOR)
p53_pathway,HIC1,MSigDB (original: GOBP_SIGNAL_TRANSDUCTION_BY_P53_CLASS_MEDIATOR)
p53_pathway,HINT1,MSigDB (original: GOBP_SIGNAL_TRANSDUCTION_BY_P53_CLASS_MEDIATOR)
p53_pathway,HIPK1,MSigDB (original: GOBP_SIGNAL_TRANSDUCTION_BY_P53_CLASS_MEDIATOR)
p53_pathway,HIPK2,MSigDB (original: GOBP_SIGNAL_TRANSDUCTION_BY_P53_CLASS_MEDIATOR)
p53_pathway,HNRNPK,MSigDB (original: GOBP_SIGNAL_TRANSDUCTION_BY_P53_CLASS_MEDIATOR)
p53_pathway,IFI203,MSigDB (original: GOBP_SIGNAL_TRANSDUCTION_BY_P53_CLASS_MEDIATOR)
p53_pathway,IFI204,MSigDB (original: GOBP_SIGNAL_TRANSDUCTION_BY_P53_CLASS_MEDIATOR)
p53_pathway,CD74,MSigDB (original: GOBP_SIGNAL_TRANSDUCTION_BY_P53_CLASS_MEDIATOR)
p53_pathway,BBC3,MSigDB (original: GOBP_SIGNAL_TRANSDUCTION_BY_P53_CLASS_MEDIATOR)
p53_pathway,MDM2,MSigDB (original: GOBP_SIGNAL_TRANSDUCTION_BY_P53_CLASS_MEDIATOR)
p53_pathway,MDM4,MSigDB (original: GOBP_SIGNAL_TRANSDUCTION_BY_P53_CLASS_MEDIATOR)
p53_pathway,MIF,MSigDB (original: GOBP_SIGNAL_TRANSDUCTION_BY_P53_CLASS_MEDIATOR)
p53_pathway,MLF1,MSigDB (original: GOBP_SIGNAL_TRANSDUCTION_BY_P53_CLASS_MEDIATOR)
p53_pathway,MSH2,MSigDB (original: GOBP_SIGNAL_TRANSDUCTION_BY_P53_CLASS_MEDIATOR)
p53_pathway,MSX1,MSigDB (original: GOBP_SIGNAL_TRANSDUCTION_BY_P53_CLASS_MEDIATOR)
p53_pathway,MUC1,MSigDB (original: GOBP_SIGNAL_TRANSDUCTION_BY_P53_CLASS_MEDIATOR)
p53_pathway,MYC,MSigDB (original: GOBP_SIGNAL_TRANSDUCTION_BY_P53_CLASS_MEDIATOR)
p53_pathway,MYO6,MSigDB (original: GOBP_SIGNAL_TRANSDUCTION_BY_P53_CLASS_MEDIATOR)
p53_pathway,NPM1,MSigDB (original: GOBP_SIGNAL_TRANSDUCTION_BY_P53_CLASS_MEDIATOR)
p53_pathway,MYBBP1A,MSigDB (original: GOBP_SIGNAL_TRANSDUCTION_BY_P53_CLASS_MEDIATOR)
p53_pathway,PDK2,MSigDB (original: GOBP_SIGNAL_TRANSDUCTION_BY_P53_CLASS_MEDIATOR)
p53_pathway,PLA2R1,MSigDB (original: GOBP_SIGNAL_TRANSDUCTION_BY_P53_CLASS_MEDIATOR)
p53_pathway,PML,MSigDB (original: GOBP_SIGNAL_TRANSDUCTION_BY_P53_CLASS_MEDIATOR)
p53_pathway,POU4F1,MSigDB (original: GOBP_SIGNAL_TRANSDUCTION_BY_P53_CLASS_MEDIATOR)
p53_pathway,POU4F2,MSigDB (original: GOBP_SIGNAL_TRANSDUCTION_BY_P53_CLASS_MEDIATOR)
p53_pathway,HEXIM1,MSigDB (original: GOBP_SIGNAL_TRANSDUCTION_BY_P53_CLASS_MEDIATOR)
p53_pathway,RPL26,MSigDB (original: GOBP_SIGNAL_TRANSDUCTION_BY_P53_CLASS_MEDIATOR)
p53_pathway,RPS15,MSigDB (original: GOBP_SIGNAL_TRANSDUCTION_BY_P53_CLASS_MEDIATOR)
p53_pathway,RPS7,MSigDB (original: GOBP_SIGNAL_TRANSDUCTION_BY_P53_CLASS_MEDIATOR)
p53_pathway,SNAI2,MSigDB (original: GOBP_SIGNAL_TRANSDUCTION_BY_P53_CLASS_MEDIATOR)
p53_pathway,SNAI1,MSigDB (original: GOBP_SIGNAL_TRANSDUCTION_BY_P53_CLASS_MEDIATOR)
p53_pathway,SOX4,MSigDB (original: GOBP_SIGNAL_TRANSDUCTION_BY_P53_CLASS_MEDIATOR)
p53_pathway,SP100,MSigDB (original: GOBP_SIGNAL_TRANSDUCTION_BY_P53_CLASS_MEDIATOR)
p53_pathway,STK11,MSigDB (original: GOBP_SIGNAL_TRANSDUCTION_BY_P53_CLASS_MEDIATOR)
p53_pathway,TRP53BP2,MSigDB (original: GOBP_SIGNAL_TRANSDUCTION_BY_P53_CLASS_MEDIATOR)
p53_pathway,TIFAB,MSigDB (original: GOBP_SIGNAL_TRANSDUCTION_BY_P53_CLASS_MEDIATOR)
p53_pathway,TRIM24,MSigDB (original: GOBP_SIGNAL_TRANSDUCTION_BY_P53_CLASS_MEDIATOR)
p53_pathway,PPP1R13B,MSigDB (original: GOBP_SIGNAL_TRANSDUCTION_BY_P53_CLASS_MEDIATOR)
p53_pathway,TRP53,MSigDB (original: GOBP_SIGNAL_TRANSDUCTION_BY_P53_CLASS_MEDIATOR)
p53_pathway,TRP63,MSigDB (original: GOBP_SIGNAL_TRANSDUCTION_BY_P53_CLASS_MEDIATOR)
p53_pathway,TRP73,MSigDB (original: GOBP_SIGNAL_TRANSDUCTION_BY_P53_CLASS_MEDIATOR)
p53_pathway,TWIST1,MSigDB (original: GOBP_SIGNAL_TRANSDUCTION_BY_P53_CLASS_MEDIATOR)
p53_pathway,UBB,MSigDB (original: GOBP_SIGNAL_TRANSDUCTION_BY_P53_CLASS_MEDIATOR)
p53_pathway,USP10,MSigDB (original: GOBP_SIGNAL_TRANSDUCTION_BY_P53_CLASS_MEDIATOR)
p53_pathway,PRAP1,MSigDB (original: GOBP_SIGNAL_TRANSDUCTION_BY_P53_CLASS_MEDIATOR)
p53_pathway,BAG6,MSigDB (original: GOBP_SIGNAL_TRANSDUCTION_BY_P53_CLASS_MEDIATOR)
p53_pathway,ATRX,MSigDB (original: GOBP_SIGNAL_TRANSDUCTION_BY_P53_CLASS_MEDIATOR)
p53_pathway,DYRK3,MSigDB (original: GOBP_SIGNAL_TRANSDUCTION_BY_P53_CLASS_MEDIATOR)
p53_pathway,IFI207,MSigDB (original: GOBP_SIGNAL_TRANSDUCTION_BY_P53_CLASS_MEDIATOR)
p53_pathway,IFI205,MSigDB (original: GOBP_SIGNAL_TRANSDUCTION_BY_P53_CLASS_MEDIATOR)
p53_pathway,SMYD2,MSigDB (original: GOBP_SIGNAL_TRANSDUCTION_BY_P53_CLASS_MEDIATOR)
p53_pathway,ACER2,MSigDB (original: GOBP_SIGNAL_TRANSDUCTION_BY_P53_CLASS_MEDIATOR)
p53_pathway,ZMPSTE24,MSigDB (original: GOBP_SIGNAL_TRANSDUCTION_BY_P53_CLASS_MEDIATOR)
p53_pathway,SESN2,MSigDB (original: GOBP_SIGNAL_TRANSDUCTION_BY_P53_CLASS_MEDIATOR)
p53_pathway,HIPK4,MSigDB (original: GOBP_SIGNAL_TRANSDUCTION_BY_P53_CLASS_MEDIATOR)
p53_pathway,USP28,MSigDB (original: GOBP_SIGNAL_TRANSDUCTION_BY_P53_CLASS_MEDIATOR)
p53_pathway,IFI209,MSigDB (original: GOBP_SIGNAL_TRANSDUCTION_BY_P53_CLASS_MEDIATOR)
p53_pathway,ATAD5,MSigDB (original: GOBP_SIGNAL_TRANSDUCTION_BY_P53_CLASS_MEDIATOR)
p53_pathway,GREM1,MSigDB (original: GOBP_SIGNAL_TRANSDUCTION_BY_P53_CLASS_MEDIATOR)
p53_pathway,ZFP385B,MSigDB (original: GOBP_SIGNAL_TRANSDUCTION_BY_P53_CLASS_MEDIATOR)
p53_pathway,E2F2,MSigDB (original: GOBP_SIGNAL_TRANSDUCTION_BY_P53_CLASS_MEDIATOR)
p53_pathway,ATR,MSigDB (original: GOBP_SIGNAL_TRANSDUCTION_BY_P53_CLASS_MEDIATOR)
p53_pathway,EDA2R,MSigDB (original: GOBP_SIGNAL_TRANSDUCTION_BY_P53_CLASS_MEDIATOR)
p53_pathway,COPS3,MSigDB (original: GOBP_SIGNAL_TRANSDUCTION_BY_P53_CLASS_MEDIATOR)
p53_pathway,PPP2R5C,MSigDB (original: GOBP_SIGNAL_TRANSDUCTION_BY_P53_CLASS_MEDIATOR)
p53_pathway,ELL3,MSigDB (original: GOBP_SIGNAL_TRANSDUCTION_BY_P53_CLASS_MEDIATOR)
p53_pathway,CHD5,MSigDB (original: GOBP_SIGNAL_TRANSDUCTION_BY_P53_CLASS_MEDIATOR)
p53_pathway,PHLDA3,MSigDB (original: GOBP_SIGNAL_TRANSDUCTION_BY_P53_CLASS_MEDIATOR)
p53_pathway,ING4,MSigDB (original: GOBP_SIGNAL_TRANSDUCTION_BY_P53_CLASS_MEDIATOR)
p53_pathway,CEP63,MSigDB (original: GOBP_SIGNAL_TRANSDUCTION_BY_P53_CLASS_MEDIATOR)
p53_pathway,ZFP385A,MSigDB (original: GOBP_SIGNAL_TRANSDUCTION_BY_P53_CLASS_MEDIATOR)
p53_pathway,EP300,MSigDB (original: GOBP_SIGNAL_TRANSDUCTION_BY_P53_CLASS_MEDIATOR)
p53_pathway,IFI211,MSigDB (original: GOBP_SIGNAL_TRANSDUCTION_BY_P53_CLASS_MEDIATOR)
p53_pathway,RRM2B,MSigDB (original: GOBP_SIGNAL_TRANSDUCTION_BY_P53_CLASS_MEDIATOR)
p53_pathway,PRKN,MSigDB (original: GOBP_SIGNAL_TRANSDUCTION_BY_P53_CLASS_MEDIATOR)
p53_pathway,CHEK2,MSigDB (original: GOBP_SIGNAL_TRANSDUCTION_BY_P53_CLASS_MEDIATOR)
p53_pathway,BOK,MSigDB (original: GOBP_SIGNAL_TRANSDUCTION_BY_P53_CLASS_MEDIATOR)
p53_pathway,E2F7,MSigDB (original: GOBP_SIGNAL_TRANSDUCTION_BY_P53_CLASS_MEDIATOR)
p53_pathway,BATF,MSigDB (original: GOBP_SIGNAL_TRANSDUCTION_BY_P53_CLASS_MEDIATOR)
p53_pathway,PSMD10,MSigDB (original: GOBP_SIGNAL_TRANSDUCTION_BY_P53_CLASS_MEDIATOR)
p53_pathway,PPM1D,MSigDB (original: GOBP_SIGNAL_TRANSDUCTION_BY_P53_CLASS_MEDIATOR)
p53_pathway,IFI214,MSigDB (original: GOBP_SIGNAL_TRANSDUCTION_BY_P53_CLASS_MEDIATOR)
p53_pathway,SH3GLB1,MSigDB (original: GOBP_SIGNAL_TRANSDUCTION_BY_P53_CLASS_MEDIATOR)
p53_pathway,PAXIP1,MSigDB (original: GOBP_SIGNAL_TRANSDUCTION_BY_P53_CLASS_MEDIATOR)
p53_pathway,RBM38,MSigDB (original: GOBP_SIGNAL_TRANSDUCTION_BY_P53_CLASS_MEDIATOR)
p53_pathway,NUPR1,MSigDB (original: GOBP_SIGNAL_TRANSDUCTION_BY_P53_CLASS_MEDIATOR)
p53_pathway,FOXO3,MSigDB (original: GOBP_SIGNAL_TRANSDUCTION_BY_P53_CLASS_MEDIATOR)
p53_pathway,ANKRD2,MSigDB (original: GOBP_SIGNAL_TRANSDUCTION_BY_P53_CLASS_MEDIATOR)
p53_pathway,MARCHF7,MSigDB (original: GOBP_SIGNAL_TRANSDUCTION_BY_P53_CLASS_MEDIATOR)
p53_pathway,JMY,MSigDB (original: GOBP_SIGNAL_TRANSDUCTION_BY_P53_CLASS_MEDIATOR)
p53_pathway,PIDD1,MSigDB (original: GOBP_SIGNAL_TRANSDUCTION_BY_P53_CLASS_MEDIATOR)
p53_pathway,PMAIP1,MSigDB (original: GOBP_SIGNAL_TRANSDUCTION_BY_P53_CLASS_MEDIATOR)
p53_pathway,RRS1,MSigDB (original: GOBP_SIGNAL_TRANSDUCTION_BY_P53_CLASS_MEDIATOR)
p53_pathway,PCBP4,MSigDB (original: GOBP_SIGNAL_TRANSDUCTION_BY_P53_CLASS_MEDIATOR)
p53_pathway,IFI213,MSigDB (original: GOBP_SIGNAL_TRANSDUCTION_BY_P53_CLASS_MEDIATOR)
p53_pathway,PERP,MSigDB (original: GOBP_SIGNAL_TRANSDUCTION_BY_P53_CLASS_MEDIATOR)
p53_pathway,RPL23,MSigDB (original: GOBP_SIGNAL_TRANSDUCTION_BY_P53_CLASS_MEDIATOR)
p53_pathway,EEF1E1,MSigDB (original: GOBP_SIGNAL_TRANSDUCTION_BY_P53_CLASS_MEDIATOR)
p53_pathway,SNW1,MSigDB (original: GOBP_SIGNAL_TRANSDUCTION_BY_P53_CLASS_MEDIATOR)
p53_pathway,CDIP1,MSigDB (original: GOBP_SIGNAL_TRANSDUCTION_BY_P53_CLASS_MEDIATOR)
p53_pathway,PYCARD,MSigDB (original: GOBP_SIGNAL_TRANSDUCTION_BY_P53_CLASS_MEDIATOR)
p53_pathway,SHISA5,MSigDB (original: GOBP_SIGNAL_TRANSDUCTION_BY_P53_CLASS_MEDIATOR)
p53_pathway,RPL11,MSigDB (original: GOBP_SIGNAL_TRANSDUCTION_BY_P53_CLASS_MEDIATOR)
p53_pathway,RPS6KA6,MSigDB (original: GOBP_SIGNAL_TRANSDUCTION_BY_P53_CLASS_MEDIATOR)
p53_pathway,ARMC10,MSigDB (original: GOBP_SIGNAL_TRANSDUCTION_BY_P53_CLASS_MEDIATOR)
p53_pathway,RPF2,MSigDB (original: GOBP_SIGNAL_TRANSDUCTION_BY_P53_CLASS_MEDIATOR)
p53_pathway,RFFL,MSigDB (original: GOBP_SIGNAL_TRANSDUCTION_BY_P53_CLASS_MEDIATOR)
p53_pathway,RPS20,MSigDB (original: GOBP_SIGNAL_TRANSDUCTION_BY_P53_CLASS_MEDIATOR)
p53_pathway,RPS27L,MSigDB (original: GOBP_SIGNAL_TRANSDUCTION_BY_P53_CLASS_MEDIATOR)
p53_pathway,KMT5A,MSigDB (original: GOBP_SIGNAL_TRANSDUCTION_BY_P53_CLASS_MEDIATOR)
p53_pathway,AEN,MSigDB (original: GOBP_SIGNAL_TRANSDUCTION_BY_P53_CLASS_MEDIATOR)
p53_pathway,NOP53,MSigDB (original: GOBP_SIGNAL_TRANSDUCTION_BY_P53_CLASS_MEDIATOR)
p53_pathway,PAK1IP1,MSigDB (original: GOBP_SIGNAL_TRANSDUCTION_BY_P53_CLASS_MEDIATOR)
p53_pathway,STEAP3,MSigDB (original: GOBP_SIGNAL_TRANSDUCTION_BY_P53_CLASS_MEDIATOR)
p53_pathway,TMEM109,MSigDB (original: GOBP_SIGNAL_TRANSDUCTION_BY_P53_CLASS_MEDIATOR)
p53_pathway,1810013L24RIK,MSigDB (original: GOBP_SIGNAL_TRANSDUCTION_BY_P53_CLASS_MEDIATOR)
p53_pathway,TRIAP1,MSigDB (original: GOBP_SIGNAL_TRANSDUCTION_BY_P53_CLASS_MEDIATOR)
p53_pathway,DYRK2,MSigDB (original: GOBP_SIGNAL_TRANSDUCTION_BY_P53_CLASS_MEDIATOR)
p53_pathway,ZNHIT1,MSigDB (original: GOBP_SIGNAL_TRANSDUCTION_BY_P53_CLASS_MEDIATOR)
p53_pathway,DDIT4,MSigDB (original: GOBP_SIGNAL_TRANSDUCTION_BY_P53_CLASS_MEDIATOR)
p53_pathway,BCL2L12,MSigDB (original: GOBP_SIGNAL_TRANSDUCTION_BY_P53_CLASS_MEDIATOR)
p53_pathway,CDK5RAP3,MSigDB (original: GOBP_SIGNAL_TRANSDUCTION_BY_P53_CLASS_MEDIATOR)
p53_pathway,WWOX,MSigDB (original: GOBP_SIGNAL_TRANSDUCTION_BY_P53_CLASS_MEDIATOR)
p53_pathway,RNF34,MSigDB (original: GOBP_SIGNAL_TRANSDUCTION_BY_P53_CLASS_MEDIATOR)
p53_pathway,KAT5,MSigDB (original: GOBP_SIGNAL_TRANSDUCTION_BY_P53_CLASS_MEDIATOR)
p53_pathway,TFAP4,MSigDB (original: GOBP_SIGNAL_TRANSDUCTION_BY_P53_CLASS_MEDIATOR)
p53_pathway,SIRT1,MSigDB (original: GOBP_SIGNAL_TRANSDUCTION_BY_P53_CLASS_MEDIATOR)
p53_pathway,PRMT6,MSigDB (original: GOBP_SIGNAL_TRANSDUCTION_BY_P53_CLASS_MEDIATOR)
p53_pathway,KDM1A,MSigDB (original: GOBP_SIGNAL_TRANSDUCTION_BY_P53_CLASS_MEDIATOR)
p53_pathway,IFI208,MSigDB (original: GOBP_INTRINSIC_APOPTOTIC_SIGNALING_PATHWAY_BY_P53_CLASS_MEDIATOR)
p53_pathway,MNDAL,MSigDB (original: GOBP_INTRINSIC_APOPTOTIC_SIGNALING_PATHWAY_BY_P53_CLASS_MEDIATOR)
p53_pathway,RRP8,MSigDB (original: GOBP_INTRINSIC_APOPTOTIC_SIGNALING_PATHWAY_BY_P53_CLASS_MEDIATOR)
p53_pathway,IFI206,MSigDB (original: GOBP_INTRINSIC_APOPTOTIC_SIGNALING_PATHWAY_BY_P53_CLASS_MEDIATOR)
p53_pathway,TOPORS,MSigDB (original: GOBP_INTRINSIC_APOPTOTIC_SIGNALING_PATHWAY_BY_P53_CLASS_MEDIATOR)
p53_pathway,RRN3,MSigDB (original: GOBP_INTRINSIC_APOPTOTIC_SIGNALING_PATHWAY_BY_P53_CLASS_MEDIATOR)
p53_pathway,BMYC,MSigDB (original: GOBP_INTRINSIC_APOPTOTIC_SIGNALING_PATHWAY_BY_P53_CLASS_MEDIATOR)
p53_pathway,PTTG1IP,MSigDB (original: GOBP_INTRINSIC_APOPTOTIC_SIGNALING_PATHWAY_BY_P53_CLASS_MEDIATOR)
p53_pathway,BAX,MSigDB (original: GOBP_INTRINSIC_APOPTOTIC_SIGNALING_PATHWAY_BY_P53_CLASS_MEDIATOR)
p53_pathway,BCL3,MSigDB (original: GOBP_INTRINSIC_APOPTOTIC_SIGNALING_PATHWAY_BY_P53_CLASS_MEDIATOR)
p53_pathway,BDKRB2,MSigDB (original: GOBP_INTRINSIC_APOPTOTIC_SIGNALING_PATHWAY_BY_P53_CLASS_MEDIATOR)
p53_pathway,BRCA2,MSigDB (original: GOBP_INTRINSIC_APOPTOTIC_SIGNALING_PATHWAY_BY_P53_CLASS_MEDIATOR)
p53_pathway,CASP6,MSigDB (original: GOBP_INTRINSIC_APOPTOTIC_SIGNALING_PATHWAY_BY_P53_CLASS_MEDIATOR)
p53_pathway,CD44,MSigDB (original: GOBP_INTRINSIC_APOPTOTIC_SIGNALING_PATHWAY_BY_P53_CLASS_MEDIATOR)
p53_pathway,CDKN1A,MSigDB (original: GOBP_INTRINSIC_APOPTOTIC_SIGNALING_PATHWAY_BY_P53_CLASS_MEDIATOR)
p53_pathway,DDX5,MSigDB (original: GOBP_INTRINSIC_APOPTOTIC_SIGNALING_PATHWAY_BY_P53_CLASS_MEDIATOR)
p53_pathway,E2F1,MSigDB (original: GOBP_INTRINSIC_APOPTOTIC_SIGNALING_PATHWAY_BY_P53_CLASS_MEDIATOR)
p53_pathway,PTPRV,MSigDB (original: GOBP_INTRINSIC_APOPTOTIC_SIGNALING_PATHWAY_BY_P53_CLASS_MEDIATOR)
p53_pathway,FHIT,MSigDB (original: GOBP_INTRINSIC_APOPTOTIC_SIGNALING_PATHWAY_BY_P53_CLASS_MEDIATOR)
p53_pathway,USP15,MSigDB (original: GOBP_INTRINSIC_APOPTOTIC_SIGNALING_PATHWAY_BY_P53_CLASS_MEDIATOR)
p53_pathway,HINT1,MSigDB (original: GOBP_INTRINSIC_APOPTOTIC_SIGNALING_PATHWAY_BY_P53_CLASS_MEDIATOR)
p53_pathway,HIPK1,MSigDB (original: GOBP_INTRINSIC_APOPTOTIC_SIGNALING_PATHWAY_BY_P53_CLASS_MEDIATOR)
p53_pathway,HIPK2,MSigDB (original: GOBP_INTRINSIC_APOPTOTIC_SIGNALING_PATHWAY_BY_P53_CLASS_MEDIATOR)
p53_pathway,HNRNPK,MSigDB (original: GOBP_INTRINSIC_APOPTOTIC_SIGNALING_PATHWAY_BY_P53_CLASS_MEDIATOR)
p53_pathway,IFI203,MSigDB (original: GOBP_INTRINSIC_APOPTOTIC_SIGNALING_PATHWAY_BY_P53_CLASS_MEDIATOR)
p53_pathway,IFI204,MSigDB (original: GOBP_INTRINSIC_APOPTOTIC_SIGNALING_PATHWAY_BY_P53_CLASS_MEDIATOR)
p53_pathway,CD74,MSigDB (original: GOBP_INTRINSIC_APOPTOTIC_SIGNALING_PATHWAY_BY_P53_CLASS_MEDIATOR)
p53_pathway,BBC3,MSigDB (original: GOBP_INTRINSIC_APOPTOTIC_SIGNALING_PATHWAY_BY_P53_CLASS_MEDIATOR)
p53_pathway,MDM2,MSigDB (original: GOBP_INTRINSIC_APOPTOTIC_SIGNALING_PATHWAY_BY_P53_CLASS_MEDIATOR)
p53_pathway,MDM4,MSigDB (original: GOBP_INTRINSIC_APOPTOTIC_SIGNALING_PATHWAY_BY_P53_CLASS_MEDIATOR)
p53_pathway,MIF,MSigDB (original: GOBP_INTRINSIC_APOPTOTIC_SIGNALING_PATHWAY_BY_P53_CLASS_MEDIATOR)
p53_pathway,MSH2,MSigDB (original: GOBP_INTRINSIC_APOPTOTIC_SIGNALING_PATHWAY_BY_P53_CLASS_MEDIATOR)
p53_pathway,MSX1,MSigDB (original: GOBP_INTRINSIC_APOPTOTIC_SIGNALING_PATHWAY_BY_P53_CLASS_MEDIATOR)
p53_pathway,MUC1,MSigDB (original: GOBP_INTRINSIC_APOPTOTIC_SIGNALING_PATHWAY_BY_P53_CLASS_MEDIATOR)
p53_pathway,MYC,MSigDB (original: GOBP_INTRINSIC_APOPTOTIC_SIGNALING_PATHWAY_BY_P53_CLASS_MEDIATOR)
p53_pathway,MYBBP1A,MSigDB (original: GOBP_INTRINSIC_APOPTOTIC_SIGNALING_PATHWAY_BY_P53_CLASS_MEDIATOR)
p53_pathway,PDK2,MSigDB (original: GOBP_INTRINSIC_APOPTOTIC_SIGNALING_PATHWAY_BY_P53_CLASS_MEDIATOR)
p53_pathway,PML,MSigDB (original: GOBP_INTRINSIC_APOPTOTIC_SIGNALING_PATHWAY_BY_P53_CLASS_MEDIATOR)
p53_pathway,POU4F1,MSigDB (original: GOBP_INTRINSIC_APOPTOTIC_SIGNALING_PATHWAY_BY_P53_CLASS_MEDIATOR)
p53_pathway,POU4F2,MSigDB (original: GOBP_INTRINSIC_APOPTOTIC_SIGNALING_PATHWAY_BY_P53_CLASS_MEDIATOR)
p53_pathway,RPL26,MSigDB (original: GOBP_INTRINSIC_APOPTOTIC_SIGNALING_PATHWAY_BY_P53_CLASS_MEDIATOR)
p53_pathway,RPS7,MSigDB (original: GOBP_INTRINSIC_APOPTOTIC_SIGNALING_PATHWAY_BY_P53_CLASS_MEDIATOR)
p53_pathway,STK11,MSigDB (original: GOBP_INTRINSIC_APOPTOTIC_SIGNALING_PATHWAY_BY_P53_CLASS_MEDIATOR)
p53_pathway,TRP53BP2,MSigDB (original: GOBP_INTRINSIC_APOPTOTIC_SIGNALING_PATHWAY_BY_P53_CLASS_MEDIATOR)
p53_pathway,TIFAB,MSigDB (original: GOBP_INTRINSIC_APOPTOTIC_SIGNALING_PATHWAY_BY_P53_CLASS_MEDIATOR)
p53_pathway,PPP1R13B,MSigDB (original: GOBP_INTRINSIC_APOPTOTIC_SIGNALING_PATHWAY_BY_P53_CLASS_MEDIATOR)
p53_pathway,TRP53,MSigDB (original: GOBP_INTRINSIC_APOPTOTIC_SIGNALING_PATHWAY_BY_P53_CLASS_MEDIATOR)
p53_pathway,TRP63,MSigDB (original: GOBP_INTRINSIC_APOPTOTIC_SIGNALING_PATHWAY_BY_P53_CLASS_MEDIATOR)
p53_pathway,TRP73,MSigDB (original: GOBP_INTRINSIC_APOPTOTIC_SIGNALING_PATHWAY_BY_P53_CLASS_MEDIATOR)
p53_pathway,UBB,MSigDB (original: GOBP_INTRINSIC_APOPTOTIC_SIGNALING_PATHWAY_BY_P53_CLASS_MEDIATOR)
p53_pathway,BAG6,MSigDB (original: GOBP_INTRINSIC_APOPTOTIC_SIGNALING_PATHWAY_BY_P53_CLASS_MEDIATOR)
p53_pathway,IFI207,MSigDB (original: GOBP_INTRINSIC_APOPTOTIC_SIGNALING_PATHWAY_BY_P53_CLASS_MEDIATOR)
p53_pathway,IFI205,MSigDB (original: GOBP_INTRINSIC_APOPTOTIC_SIGNALING_PATHWAY_BY_P53_CLASS_MEDIATOR)
p53_pathway,USP28,MSigDB (original: GOBP_INTRINSIC_APOPTOTIC_SIGNALING_PATHWAY_BY_P53_CLASS_MEDIATOR)
p53_pathway,IFI209,MSigDB (original: GOBP_INTRINSIC_APOPTOTIC_SIGNALING_PATHWAY_BY_P53_CLASS_MEDIATOR)
p53_pathway,ATAD5,MSigDB (original: GOBP_INTRINSIC_APOPTOTIC_SIGNALING_PATHWAY_BY_P53_CLASS_MEDIATOR)
p53_pathway,ZFP385B,MSigDB (original: GOBP_INTRINSIC_APOPTOTIC_SIGNALING_PATHWAY_BY_P53_CLASS_MEDIATOR)
p53_pathway,E2F2,MSigDB (original: GOBP_INTRINSIC_APOPTOTIC_SIGNALING_PATHWAY_BY_P53_CLASS_MEDIATOR)
p53_pathway,EDA2R,MSigDB (original: GOBP_INTRINSIC_APOPTOTIC_SIGNALING_PATHWAY_BY_P53_CLASS_MEDIATOR)
p53_pathway,PPP2R5C,MSigDB (original: GOBP_INTRINSIC_APOPTOTIC_SIGNALING_PATHWAY_BY_P53_CLASS_MEDIATOR)
p53_pathway,ELL3,MSigDB (original: GOBP_INTRINSIC_APOPTOTIC_SIGNALING_PATHWAY_BY_P53_CLASS_MEDIATOR)
p53_pathway,PHLDA3,MSigDB (original: GOBP_INTRINSIC_APOPTOTIC_SIGNALING_PATHWAY_BY_P53_CLASS_MEDIATOR)
p53_pathway,CEP63,MSigDB (original: GOBP_INTRINSIC_APOPTOTIC_SIGNALING_PATHWAY_BY_P53_CLASS_MEDIATOR)
p53_pathway,ZFP385A,MSigDB (original: GOBP_INTRINSIC_APOPTOTIC_SIGNALING_PATHWAY_BY_P53_CLASS_MEDIATOR)
p53_pathway,EP300,MSigDB (original: GOBP_INTRINSIC_APOPTOTIC_SIGNALING_PATHWAY_BY_P53_CLASS_MEDIATOR)
p53_pathway,IFI211,MSigDB (original: GOBP_INTRINSIC_APOPTOTIC_SIGNALING_PATHWAY_BY_P53_CLASS_MEDIATOR)
p53_pathway,RRM2B,MSigDB (original: GOBP_INTRINSIC_APOPTOTIC_SIGNALING_PATHWAY_BY_P53_CLASS_MEDIATOR)
p53_pathway,PRKN,MSigDB (original: GOBP_INTRINSIC_APOPTOTIC_SIGNALING_PATHWAY_BY_P53_CLASS_MEDIATOR)
p53_pathway,CHEK2,MSigDB (original: GOBP_INTRINSIC_APOPTOTIC_SIGNALING_PATHWAY_BY_P53_CLASS_MEDIATOR)
p53_pathway,BOK,MSigDB (original: GOBP_INTRINSIC_APOPTOTIC_SIGNALING_PATHWAY_BY_P53_CLASS_MEDIATOR)
p53_pathway,IFI214,MSigDB (original: GOBP_INTRINSIC_APOPTOTIC_SIGNALING_PATHWAY_BY_P53_CLASS_MEDIATOR)
p53_pathway,SH3GLB1,MSigDB (original: GOBP_INTRINSIC_APOPTOTIC_SIGNALING_PATHWAY_BY_P53_CLASS_MEDIATOR)
p53_pathway,NUPR1,MSigDB (original: GOBP_INTRINSIC_APOPTOTIC_SIGNALING_PATHWAY_BY_P53_CLASS_MEDIATOR)
p53_pathway,ANKRD2,MSigDB (original: GOBP_INTRINSIC_APOPTOTIC_SIGNALING_PATHWAY_BY_P53_CLASS_MEDIATOR)
p53_pathway,MARCHF7,MSigDB (original: GOBP_INTRINSIC_APOPTOTIC_SIGNALING_PATHWAY_BY_P53_CLASS_MEDIATOR)
p53_pathway,JMY,MSigDB (original: GOBP_INTRINSIC_APOPTOTIC_SIGNALING_PATHWAY_BY_P53_CLASS_MEDIATOR)
p53_pathway,PMAIP1,MSigDB (original: GOBP_INTRINSIC_APOPTOTIC_SIGNALING_PATHWAY_BY_P53_CLASS_MEDIATOR)
p53_pathway,IFI213,MSigDB (original: GOBP_INTRINSIC_APOPTOTIC_SIGNALING_PATHWAY_BY_P53_CLASS_MEDIATOR)
p53_pathway,PERP,MSigDB (original: GOBP_INTRINSIC_APOPTOTIC_SIGNALING_PATHWAY_BY_P53_CLASS_MEDIATOR)
p53_pathway,SNW1,MSigDB (original: GOBP_INTRINSIC_APOPTOTIC_SIGNALING_PATHWAY_BY_P53_CLASS_MEDIATOR)
p53_pathway,CDIP1,MSigDB (original: GOBP_INTRINSIC_APOPTOTIC_SIGNALING_PATHWAY_BY_P53_CLASS_MEDIATOR)
p53_pathway,PYCARD,MSigDB (original: GOBP_INTRINSIC_APOPTOTIC_SIGNALING_PATHWAY_BY_P53_CLASS_MEDIATOR)
p53_pathway,SHISA5,MSigDB (original: GOBP_INTRINSIC_APOPTOTIC_SIGNALING_PATHWAY_BY_P53_CLASS_MEDIATOR)
p53_pathway,RPL11,MSigDB (original: GOBP_INTRINSIC_APOPTOTIC_SIGNALING_PATHWAY_BY_P53_CLASS_MEDIATOR)
p53_pathway,ARMC10,MSigDB (original: GOBP_INTRINSIC_APOPTOTIC_SIGNALING_PATHWAY_BY_P53_CLASS_MEDIATOR)
p53_pathway,RPS27L,MSigDB (original: GOBP_INTRINSIC_APOPTOTIC_SIGNALING_PATHWAY_BY_P53_CLASS_MEDIATOR)
p53_pathway,AEN,MSigDB (original: GOBP_INTRINSIC_APOPTOTIC_SIGNALING_PATHWAY_BY_P53_CLASS_MEDIATOR)
p53_pathway,STEAP3,MSigDB (original: GOBP_INTRINSIC_APOPTOTIC_SIGNALING_PATHWAY_BY_P53_CLASS_MEDIATOR)
p53_pathway,TMEM109,MSigDB (original: GOBP_INTRINSIC_APOPTOTIC_SIGNALING_PATHWAY_BY_P53_CLASS_MEDIATOR)
p53_pathway,TRIAP1,MSigDB (original: GOBP_INTRINSIC_APOPTOTIC_SIGNALING_PATHWAY_BY_P53_CLASS_MEDIATOR)
p53_pathway,DYRK2,MSigDB (original: GOBP_INTRINSIC_APOPTOTIC_SIGNALING_PATHWAY_BY_P53_CLASS_MEDIATOR)
p53_pathway,DDIT4,MSigDB (original: GOBP_INTRINSIC_APOPTOTIC_SIGNALING_PATHWAY_BY_P53_CLASS_MEDIATOR)
p53_pathway,BCL2L12,MSigDB (original: GOBP_INTRINSIC_APOPTOTIC_SIGNALING_PATHWAY_BY_P53_CLASS_MEDIATOR)
p53_pathway,WWOX,MSigDB (original: GOBP_INTRINSIC_APOPTOTIC_SIGNALING_PATHWAY_BY_P53_CLASS_MEDIATOR)
p53_pathway,SIRT1,MSigDB (original: GOBP_INTRINSIC_APOPTOTIC_SIGNALING_PATHWAY_BY_P53_CLASS_MEDIATOR)
p53_pathway,KDM1A,MSigDB (original: GOBP_INTRINSIC_APOPTOTIC_SIGNALING_PATHWAY_BY_P53_CLASS_MEDIATOR)
MAPK_signaling,FGFR1,MSigDB (original: GOBP_POSITIVE_REGULATION_OF_MAPKKK_CASCADE_BY_FIBROBLAST_GROWTH_FACTOR_RECEPTOR_SIGNALING_PATHWAY)
MAPK_signaling,FGFR3,MSigDB (original: GOBP_POSITIVE_REGULATION_OF_MAPKKK_CASCADE_BY_FIBROBLAST_GROWTH_FACTOR_RECEPTOR_SIGNALING_PATHWAY)
MAPK_signaling,KL,MSigDB (original: GOBP_POSITIVE_REGULATION_OF_MAPKKK_CASCADE_BY_FIBROBLAST_GROWTH_FACTOR_RECEPTOR_SIGNALING_PATHWAY)
MAPK_signaling,FGF21,MSigDB (original: GOBP_POSITIVE_REGULATION_OF_MAPKKK_CASCADE_BY_FIBROBLAST_GROWTH_FACTOR_RECEPTOR_SIGNALING_PATHWAY)
MAPK_signaling,FGF23,MSigDB (original: GOBP_POSITIVE_REGULATION_OF_MAPKKK_CASCADE_BY_FIBROBLAST_GROWTH_FACTOR_RECEPTOR_SIGNALING_PATHWAY)
MAPK_signaling,KLB,MSigDB (original: GOBP_POSITIVE_REGULATION_OF_MAPKKK_CASCADE_BY_FIBROBLAST_GROWTH_FACTOR_RECEPTOR_SIGNALING_PATHWAY)
Apoptosis,GM20594,MSigDB (original: GOBP_EXECUTION_PHASE_OF_APOPTOSIS)
Apoptosis,ANO6,MSigDB (original: GOBP_EXECUTION_PHASE_OF_APOPTOSIS)
Apoptosis,SHARPIN,MSigDB (original: GOBP_EXECUTION_PHASE_OF_APOPTOSIS)
Apoptosis,XRCC4,MSigDB (original: GOBP_EXECUTION_PHASE_OF_APOPTOSIS)
Apoptosis,AKT1,MSigDB (original: GOBP_EXECUTION_PHASE_OF_APOPTOSIS)
Apoptosis,APAF1,MSigDB (original: GOBP_EXECUTION_PHASE_OF_APOPTOSIS)
Apoptosis,BAX,MSigDB (original: GOBP_EXECUTION_PHASE_OF_APOPTOSIS)
Apoptosis,BCL10,MSigDB (original: GOBP_EXECUTION_PHASE_OF_APOPTOSIS)
Apoptosis,BCL2L1,MSigDB (original: GOBP_EXECUTION_PHASE_OF_APOPTOSIS)
Apoptosis,CASP3,MSigDB (original: GOBP_EXECUTION_PHASE_OF_APOPTOSIS)
Apoptosis,CASP7,MSigDB (original: GOBP_EXECUTION_PHASE_OF_APOPTOSIS)
Apoptosis,CASP8,MSigDB (original: GOBP_EXECUTION_PHASE_OF_APOPTOSIS)
Apoptosis,CD24A,MSigDB (original: GOBP_EXECUTION_PHASE_OF_APOPTOSIS)
Apoptosis,CDKN2A,MSigDB (original: GOBP_EXECUTION_PHASE_OF_APOPTOSIS)
Apoptosis,CIDEA,MSigDB (original: GOBP_EXECUTION_PHASE_OF_APOPTOSIS)
Apoptosis,CIDEB,MSigDB (original: GOBP_EXECUTION_PHASE_OF_APOPTOSIS)
Apoptosis,CXCR3,MSigDB (original: GOBP_EXECUTION_PHASE_OF_APOPTOSIS)
Apoptosis,DFFA,MSigDB (original: GOBP_EXECUTION_PHASE_OF_APOPTOSIS)
Apoptosis,DFFB,MSigDB (original: GOBP_EXECUTION_PHASE_OF_APOPTOSIS)
Apoptosis,DNASE1L3,MSigDB (original: GOBP_EXECUTION_PHASE_OF_APOPTOSIS)
Apoptosis,DNASE2A,MSigDB (original: GOBP_EXECUTION_PHASE_OF_APOPTOSIS)
Apoptosis,ENDOG,MSigDB (original: GOBP_EXECUTION_PHASE_OF_APOPTOSIS)
Apoptosis,FAP,MSigDB (original: GOBP_EXECUTION_PHASE_OF_APOPTOSIS)
Apoptosis,FASL,MSigDB (original: GOBP_EXECUTION_PHASE_OF_APOPTOSIS)
Apoptosis,CIDEC,MSigDB (original: GOBP_EXECUTION_PHASE_OF_APOPTOSIS)
Apoptosis,FZD3,MSigDB (original: GOBP_EXECUTION_PHASE_OF_APOPTOSIS)
Apoptosis,GATA5,MSigDB (original: GOBP_EXECUTION_PHASE_OF_APOPTOSIS)
Apoptosis,GCG,MSigDB (original: GOBP_EXECUTION_PHASE_OF_APOPTOSIS)
Apoptosis,HSF1,MSigDB (original: GOBP_EXECUTION_PHASE_OF_APOPTOSIS)
Apoptosis,IGFBP3,MSigDB (original: GOBP_EXECUTION_PHASE_OF_APOPTOSIS)
Apoptosis,IL6,MSigDB (original: GOBP_EXECUTION_PHASE_OF_APOPTOSIS)
Apoptosis,BBC3,MSigDB (original: GOBP_EXECUTION_PHASE_OF_APOPTOSIS)
Apoptosis,PLSCR2,MSigDB (original: GOBP_EXECUTION_PHASE_OF_APOPTOSIS)
Apoptosis,DICER1,MSigDB (original: GOBP_EXECUTION_PHASE_OF_APOPTOSIS)
Apoptosis,PTGIS,MSigDB (original: GOBP_EXECUTION_PHASE_OF_APOPTOSIS)
Apoptosis,EXOG,MSigDB (original: GOBP_EXECUTION_PHASE_OF_APOPTOSIS)
Apoptosis,TRP53BP2,MSigDB (original: GOBP_EXECUTION_PHASE_OF_APOPTOSIS)
Apoptosis,HNF1A,MSigDB (original: GOBP_EXECUTION_PHASE_OF_APOPTOSIS)
Apoptosis,TAOK1,MSigDB (original: GOBP_EXECUTION_PHASE_OF_APOPTOSIS)
Apoptosis,XKR6,MSigDB (original: GOBP_EXECUTION_PHASE_OF_APOPTOSIS)
Apoptosis,TOP2A,MSigDB (original: GOBP_EXECUTION_PHASE_OF_APOPTOSIS)
Apoptosis,PLSCR1,MSigDB (original: GOBP_EXECUTION_PHASE_OF_APOPTOSIS)
Apoptosis,TRP53,MSigDB (original: GOBP_EXECUTION_PHASE_OF_APOPTOSIS)
Apoptosis,TRPC5,MSigDB (original: GOBP_EXECUTION_PHASE_OF_APOPTOSIS)
Apoptosis,STK24,MSigDB (original: GOBP_EXECUTION_PHASE_OF_APOPTOSIS)
Apoptosis,PAK2,MSigDB (original: GOBP_EXECUTION_PHASE_OF_APOPTOSIS)
Apoptosis,MADD,MSigDB (original: GOBP_EXECUTION_PHASE_OF_APOPTOSIS)
Apoptosis,XKR7,MSigDB (original: GOBP_EXECUTION_PHASE_OF_APOPTOSIS)
Apoptosis,NPR2,MSigDB (original: GOBP_EXECUTION_PHASE_OF_APOPTOSIS)
Apoptosis,ZC3H12A,MSigDB (original: GOBP_EXECUTION_PHASE_OF_APOPTOSIS)
Apoptosis,RBM10,MSigDB (original: GOBP_EXECUTION_PHASE_OF_APOPTOSIS)
Apoptosis,VPS54,MSigDB (original: GOBP_EXECUTION_PHASE_OF_APOPTOSIS)
Apoptosis,ERN2,MSigDB (original: GOBP_EXECUTION_PHASE_OF_APOPTOSIS)
Apoptosis,AIFM1,MSigDB (original: GOBP_EXECUTION_PHASE_OF_APOPTOSIS)
Apoptosis,FOXL2,MSigDB (original: GOBP_EXECUTION_PHASE_OF_APOPTOSIS)
Apoptosis,ACVR1C,MSigDB (original: GOBP_EXECUTION_PHASE_OF_APOPTOSIS)
Apoptosis,XKR5,MSigDB (original: GOBP_EXECUTION_PHASE_OF_APOPTOSIS)
Apoptosis,CECR2,MSigDB (original: GOBP_EXECUTION_PHASE_OF_APOPTOSIS)
Apoptosis,XKR9,MSigDB (original: GOBP_EXECUTION_PHASE_OF_APOPTOSIS)
Apoptosis,XKR8,MSigDB (original: GOBP_EXECUTION_PHASE_OF_APOPTOSIS)
Apoptosis,XKR4,MSigDB (original: GOBP_EXECUTION_PHASE_OF_APOPTOSIS)
Apoptosis,DLC1,MSigDB (original: GOBP_EXECUTION_PHASE_OF_APOPTOSIS)
Apoptosis,BOK,MSigDB (original: GOBP_EXECUTION_PHASE_OF_APOPTOSIS)
Apoptosis,BLCAP,MSigDB (original: GOBP_EXECUTION_PHASE_OF_APOPTOSIS)
Apoptosis,ACIN1,MSigDB (original: GOBP_EXECUTION_PHASE_OF_APOPTOSIS)
Apoptosis,DNASE2B,MSigDB (original: GOBP_EXECUTION_PHASE_OF_APOPTOSIS)
Apoptosis,SIRT2,MSigDB (original: GOBP_EXECUTION_PHASE_OF_APOPTOSIS)
Apoptosis,NMNAT1,MSigDB (original: GOBP_EXECUTION_PHASE_OF_APOPTOSIS)
Apoptosis,RFFL,MSigDB (original: GOBP_EXECUTION_PHASE_OF_APOPTOSIS)
Apoptosis,DEDD2,MSigDB (original: GOBP_EXECUTION_PHASE_OF_APOPTOSIS)
Apoptosis,AIFM3,MSigDB (original: GOBP_EXECUTION_PHASE_OF_APOPTOSIS)
Apoptosis,GPER1,MSigDB (original: GOBP_EXECUTION_PHASE_OF_APOPTOSIS)
Apoptosis,CDK5RAP3,MSigDB (original: GOBP_EXECUTION_PHASE_OF_APOPTOSIS)
Apoptosis,RNF34,MSigDB (original: GOBP_EXECUTION_PHASE_OF_APOPTOSIS)
Apoptosis,NFKBIZ,MSigDB (original: GOBP_EXECUTION_PHASE_OF_APOPTOSIS)
HIF1_signaling,CYBB,MSigDB (original: GOBP_HYPOXIA_INDUCIBLE_FACTOR_1ALPHA_SIGNALING_PATHWAY)
HIF1_signaling,HIF1A,MSigDB (original: GOBP_HYPOXIA_INDUCIBLE_FACTOR_1ALPHA_SIGNALING_PATHWAY)
HIF1_signaling,COMMD1,MSigDB (original: GOBP_HYPOXIA_INDUCIBLE_FACTOR_1ALPHA_SIGNALING_PATHWAY)
HIF1_signaling,VHL,MSigDB (original: GOBP_HYPOXIA_INDUCIBLE_FACTOR_1ALPHA_SIGNALING_PATHWAY)
HIF1_signaling,PDK1,MSigDB (original: GOBP_HYPOXIA_INDUCIBLE_FACTOR_1ALPHA_SIGNALING_PATHWAY)
HIF1_signaling,PDK3,MSigDB (original: GOBP_HYPOXIA_INDUCIBLE_FACTOR_1ALPHA_SIGNALING_PATHWAY)
HIF1_signaling,RWDD3,MSigDB (original: GOBP_HYPOXIA_INDUCIBLE_FACTOR_1ALPHA_SIGNALING_PATHWAY)
HIF1_signaling,OGT,MSigDB (original: GOBP_REGULATION_OF_CELLULAR_RESPONSE_TO_HYPOXIA)
HIF1_signaling,TMBIM6,MSigDB (original: GOBP_REGULATION_OF_CELLULAR_RESPONSE_TO_HYPOXIA)
HIF1_signaling,HYOU1,MSigDB (original: GOBP_REGULATION_OF_CELLULAR_RESPONSE_TO_HYPOXIA)
HIF1_signaling,CD34,MSigDB (original: GOBP_REGULATION_OF_CELLULAR_RESPONSE_TO_HYPOXIA)
HIF1_signaling,ENO1,MSigDB (original: GOBP_REGULATION_OF_CELLULAR_RESPONSE_TO_HYPOXIA)
HIF1_signaling,EPHA4,MSigDB (original: GOBP_REGULATION_OF_CELLULAR_RESPONSE_TO_HYPOXIA)
HIF1_signaling,AJUBA,MSigDB (original: GOBP_REGULATION_OF_CELLULAR_RESPONSE_TO_HYPOXIA)
HIF1_signaling,KCNK2,MSigDB (original: GOBP_REGULATION_OF_CELLULAR_RESPONSE_TO_HYPOXIA)
HIF1_signaling,COMMD1,MSigDB (original: GOBP_REGULATION_OF_CELLULAR_RESPONSE_TO_HYPOXIA)
HIF1_signaling,ROCK2,MSigDB (original: GOBP_REGULATION_OF_CELLULAR_RESPONSE_TO_HYPOXIA)
HIF1_signaling,KDM6A,MSigDB (original: GOBP_REGULATION_OF_CELLULAR_RESPONSE_TO_HYPOXIA)
HIF1_signaling,VHL,MSigDB (original: GOBP_REGULATION_OF_CELLULAR_RESPONSE_TO_HYPOXIA)
HIF1_signaling,MAP2K1,MSigDB (original: GOBP_REGULATION_OF_CELLULAR_RESPONSE_TO_HYPOXIA)
HIF1_signaling,EP300,MSigDB (original: GOBP_REGULATION_OF_CELLULAR_RESPONSE_TO_HYPOXIA)
HIF1_signaling,ENO1B,MSigDB (original: GOBP_REGULATION_OF_CELLULAR_RESPONSE_TO_HYPOXIA)
HIF1_signaling,PINK1,MSigDB (original: GOBP_REGULATION_OF_CELLULAR_RESPONSE_TO_HYPOXIA)
HIF1_signaling,DDAH1,MSigDB (original: GOBP_REGULATION_OF_CELLULAR_RESPONSE_TO_HYPOXIA)
HIF1_signaling,USP19,MSigDB (original: GOBP_REGULATION_OF_CELLULAR_RESPONSE_TO_HYPOXIA)
HIF1_signaling,PIK3CB,MSigDB (original: GOBP_REGULATION_OF_CELLULAR_RESPONSE_TO_HYPOXIA)
HIF1_signaling,NOL3,MSigDB (original: GOBP_REGULATION_OF_CELLULAR_RESPONSE_TO_HYPOXIA)
HIF1_signaling,OGT,MSigDB (original: GOBP_NEGATIVE_REGULATION_OF_CELLULAR_RESPONSE_TO_HYPOXIA)
HIF1_signaling,TMBIM6,MSigDB (original: GOBP_NEGATIVE_REGULATION_OF_CELLULAR_RESPONSE_TO_HYPOXIA)
HIF1_signaling,HYOU1,MSigDB (original: GOBP_NEGATIVE_REGULATION_OF_CELLULAR_RESPONSE_TO_HYPOXIA)
HIF1_signaling,CD34,MSigDB (original: GOBP_NEGATIVE_REGULATION_OF_CELLULAR_RESPONSE_TO_HYPOXIA)
HIF1_signaling,ENO1,MSigDB (original: GOBP_NEGATIVE_REGULATION_OF_CELLULAR_RESPONSE_TO_HYPOXIA)
HIF1_signaling,EPHA4,MSigDB (original: GOBP_NEGATIVE_REGULATION_OF_CELLULAR_RESPONSE_TO_HYPOXIA)
HIF1_signaling,COMMD1,MSigDB (original: GOBP_NEGATIVE_REGULATION_OF_CELLULAR_RESPONSE_TO_HYPOXIA)
HIF1_signaling,KDM6A,MSigDB (original: GOBP_NEGATIVE_REGULATION_OF_CELLULAR_RESPONSE_TO_HYPOXIA)
HIF1_signaling,VHL,MSigDB (original: GOBP_NEGATIVE_REGULATION_OF_CELLULAR_RESPONSE_TO_HYPOXIA)
HIF1_signaling,MAP2K1,MSigDB (original: GOBP_NEGATIVE_REGULATION_OF_CELLULAR_RESPONSE_TO_HYPOXIA)
HIF1_signaling,ENO1B,MSigDB (original: GOBP_NEGATIVE_REGULATION_OF_CELLULAR_RESPONSE_TO_HYPOXIA)
HIF1_signaling,PINK1,MSigDB (original: GOBP_NEGATIVE_REGULATION_OF_CELLULAR_RESPONSE_TO_HYPOXIA)
HIF1_signaling,DDAH1,MSigDB (original: GOBP_NEGATIVE_REGULATION_OF_CELLULAR_RESPONSE_TO_HYPOXIA)
HIF1_signaling,PIK3CB,MSigDB (original: GOBP_NEGATIVE_REGULATION_OF_CELLULAR_RESPONSE_TO_HYPOXIA)
HIF1_signaling,NOL3,MSigDB (original: GOBP_NEGATIVE_REGULATION_OF_CELLULAR_RESPONSE_TO_HYPOXIA)
Apoptosis,GM20594,MSigDB (original: GOBP_REGULATION_OF_EXECUTION_PHASE_OF_APOPTOSIS)
Apoptosis,BCL10,MSigDB (original: GOBP_REGULATION_OF_EXECUTION_PHASE_OF_APOPTOSIS)
Apoptosis,BCL2L1,MSigDB (original: GOBP_REGULATION_OF_EXECUTION_PHASE_OF_APOPTOSIS)
Apoptosis,CIDEA,MSigDB (original: GOBP_REGULATION_OF_EXECUTION_PHASE_OF_APOPTOSIS)
Apoptosis,CXCR3,MSigDB (original: GOBP_REGULATION_OF_EXECUTION_PHASE_OF_APOPTOSIS)
Apoptosis,DFFA,MSigDB (original: GOBP_REGULATION_OF_EXECUTION_PHASE_OF_APOPTOSIS)
Apoptosis,FAP,MSigDB (original: GOBP_REGULATION_OF_EXECUTION_PHASE_OF_APOPTOSIS)
Apoptosis,FZD3,MSigDB (original: GOBP_REGULATION_OF_EXECUTION_PHASE_OF_APOPTOSIS)
Apoptosis,GCG,MSigDB (original: GOBP_REGULATION_OF_EXECUTION_PHASE_OF_APOPTOSIS)
Apoptosis,PTGIS,MSigDB (original: GOBP_REGULATION_OF_EXECUTION_PHASE_OF_APOPTOSIS)
Apoptosis,TRP53BP2,MSigDB (original: GOBP_REGULATION_OF_EXECUTION_PHASE_OF_APOPTOSIS)
Apoptosis,TRP53,MSigDB (original: GOBP_REGULATION_OF_EXECUTION_PHASE_OF_APOPTOSIS)
Apoptosis,PAK2,MSigDB (original: GOBP_REGULATION_OF_EXECUTION_PHASE_OF_APOPTOSIS)
Apoptosis,ZC3H12A,MSigDB (original: GOBP_REGULATION_OF_EXECUTION_PHASE_OF_APOPTOSIS)
Apoptosis,RBM10,MSigDB (original: GOBP_REGULATION_OF_EXECUTION_PHASE_OF_APOPTOSIS)
Apoptosis,DLC1,MSigDB (original: GOBP_REGULATION_OF_EXECUTION_PHASE_OF_APOPTOSIS)
Apoptosis,BOK,MSigDB (original: GOBP_REGULATION_OF_EXECUTION_PHASE_OF_APOPTOSIS)
Apoptosis,SIRT2,MSigDB (original: GOBP_REGULATION_OF_EXECUTION_PHASE_OF_APOPTOSIS)
Apoptosis,RFFL,MSigDB (original: GOBP_REGULATION_OF_EXECUTION_PHASE_OF_APOPTOSIS)
Apoptosis,RNF34,MSigDB (original: GOBP_REGULATION_OF_EXECUTION_PHASE_OF_APOPTOSIS)
Apoptosis,GM20594,MSigDB (original: GOBP_NEGATIVE_REGULATION_OF_EXECUTION_PHASE_OF_APOPTOSIS)
Apoptosis,BCL2L1,MSigDB (original: GOBP_NEGATIVE_REGULATION_OF_EXECUTION_PHASE_OF_APOPTOSIS)
Apoptosis,CIDEA,MSigDB (original: GOBP_NEGATIVE_REGULATION_OF_EXECUTION_PHASE_OF_APOPTOSIS)
Apoptosis,CXCR3,MSigDB (original: GOBP_NEGATIVE_REGULATION_OF_EXECUTION_PHASE_OF_APOPTOSIS)
Apoptosis,DFFA,MSigDB (original: GOBP_NEGATIVE_REGULATION_OF_EXECUTION_PHASE_OF_APOPTOSIS)
Apoptosis,FZD3,MSigDB (original: GOBP_NEGATIVE_REGULATION_OF_EXECUTION_PHASE_OF_APOPTOSIS)
Apoptosis,GCG,MSigDB (original: GOBP_NEGATIVE_REGULATION_OF_EXECUTION_PHASE_OF_APOPTOSIS)
Apoptosis,PAK2,MSigDB (original: GOBP_NEGATIVE_REGULATION_OF_EXECUTION_PHASE_OF_APOPTOSIS)
Apoptosis,RFFL,MSigDB (original: GOBP_NEGATIVE_REGULATION_OF_EXECUTION_PHASE_OF_APOPTOSIS)
Apoptosis,RNF34,MSigDB (original: GOBP_NEGATIVE_REGULATION_OF_EXECUTION_PHASE_OF_APOPTOSIS)
Apoptosis,BCL10,MSigDB (original: GOBP_POSITIVE_REGULATION_OF_EXECUTION_PHASE_OF_APOPTOSIS)
Apoptosis,CXCR3,MSigDB (original: GOBP_POSITIVE_REGULATION_OF_EXECUTION_PHASE_OF_APOPTOSIS)
Apoptosis,FAP,MSigDB (original: GOBP_POSITIVE_REGULATION_OF_EXECUTION_PHASE_OF_APOPTOSIS)
Apoptosis,PTGIS,MSigDB (original: GOBP_POSITIVE_REGULATION_OF_EXECUTION_PHASE_OF_APOPTOSIS)
Apoptosis,TRP53BP2,MSigDB (original: GOBP_POSITIVE_REGULATION_OF_EXECUTION_PHASE_OF_APOPTOSIS)
Apoptosis,TRP53,MSigDB (original: GOBP_POSITIVE_REGULATION_OF_EXECUTION_PHASE_OF_APOPTOSIS)
Apoptosis,ZC3H12A,MSigDB (original: GOBP_POSITIVE_REGULATION_OF_EXECUTION_PHASE_OF_APOPTOSIS)
Apoptosis,RBM10,MSigDB (original: GOBP_POSITIVE_REGULATION_OF_EXECUTION_PHASE_OF_APOPTOSIS)
Apoptosis,DLC1,MSigDB (original: GOBP_POSITIVE_REGULATION_OF_EXECUTION_PHASE_OF_APOPTOSIS)
Apoptosis,BOK,MSigDB (original: GOBP_POSITIVE_REGULATION_OF_EXECUTION_PHASE_OF_APOPTOSIS)
Apoptosis,SIRT2,MSigDB (original: GOBP_POSITIVE_REGULATION_OF_EXECUTION_PHASE_OF_APOPTOSIS)
NLRP3_inflammasome,BTK,MSigDB (original: GOBP_REGULATION_OF_NLRP3_INFLAMMASOME_COMPLEX_ASSEMBLY)
NLRP3_inflammasome,CD36,MSigDB (original: GOBP_REGULATION_OF_NLRP3_INFLAMMASOME_COMPLEX_ASSEMBLY)
NLRP3_inflammasome,DDX3X,MSigDB (original: GOBP_REGULATION_OF_NLRP3_INFLAMMASOME_COMPLEX_ASSEMBLY)
NLRP3_inflammasome,MYD88,MSigDB (original: GOBP_REGULATION_OF_NLRP3_INFLAMMASOME_COMPLEX_ASSEMBLY)
NLRP3_inflammasome,PRKD1,MSigDB (original: GOBP_REGULATION_OF_NLRP3_INFLAMMASOME_COMPLEX_ASSEMBLY)
NLRP3_inflammasome,PPP2CA,MSigDB (original: GOBP_REGULATION_OF_NLRP3_INFLAMMASOME_COMPLEX_ASSEMBLY)
NLRP3_inflammasome,EIF2AK2,MSigDB (original: GOBP_REGULATION_OF_NLRP3_INFLAMMASOME_COMPLEX_ASSEMBLY)
NLRP3_inflammasome,PTPN22,MSigDB (original: GOBP_REGULATION_OF_NLRP3_INFLAMMASOME_COMPLEX_ASSEMBLY)
NLRP3_inflammasome,TRIM30A,MSigDB (original: GOBP_REGULATION_OF_NLRP3_INFLAMMASOME_COMPLEX_ASSEMBLY)
NLRP3_inflammasome,BRCC3,MSigDB (original: GOBP_REGULATION_OF_NLRP3_INFLAMMASOME_COMPLEX_ASSEMBLY)
NLRP3_inflammasome,DHX33,MSigDB (original: GOBP_REGULATION_OF_NLRP3_INFLAMMASOME_COMPLEX_ASSEMBLY)
NLRP3_inflammasome,TLR4,MSigDB (original: GOBP_REGULATION_OF_NLRP3_INFLAMMASOME_COMPLEX_ASSEMBLY)
NLRP3_inflammasome,TLR6,MSigDB (original: GOBP_REGULATION_OF_NLRP3_INFLAMMASOME_COMPLEX_ASSEMBLY)
NLRP3_inflammasome,TRIM31,MSigDB (original: GOBP_REGULATION_OF_NLRP3_INFLAMMASOME_COMPLEX_ASSEMBLY)
NLRP3_inflammasome,MAVS,MSigDB (original: GOBP_REGULATION_OF_NLRP3_INFLAMMASOME_COMPLEX_ASSEMBLY)
NLRP3_inflammasome,GBP5,MSigDB (original: GOBP_REGULATION_OF_NLRP3_INFLAMMASOME_COMPLEX_ASSEMBLY)
NLRP3_inflammasome,MARK4,MSigDB (original: GOBP_REGULATION_OF_NLRP3_INFLAMMASOME_COMPLEX_ASSEMBLY)
NLRP3_inflammasome,PLCG2,MSigDB (original: GOBP_REGULATION_OF_NLRP3_INFLAMMASOME_COMPLEX_ASSEMBLY)
NLRP3_inflammasome,MAPK8,MSigDB (original: GOBP_REGULATION_OF_NLRP3_INFLAMMASOME_COMPLEX_ASSEMBLY)
NLRP3_inflammasome,NLRC3,MSigDB (original: GOBP_REGULATION_OF_NLRP3_INFLAMMASOME_COMPLEX_ASSEMBLY)
NLRP3_inflammasome,MEFV,MSigDB (original: GOBP_REGULATION_OF_NLRP3_INFLAMMASOME_COMPLEX_ASSEMBLY)
NLRP3_inflammasome,NEK7,MSigDB (original: GOBP_REGULATION_OF_NLRP3_INFLAMMASOME_COMPLEX_ASSEMBLY)
NLRP3_inflammasome,SIRT2,MSigDB (original: GOBP_REGULATION_OF_NLRP3_INFLAMMASOME_COMPLEX_ASSEMBLY)
NLRP3_inflammasome,1810058I24RIK,MSigDB (original: GOBP_REGULATION_OF_NLRP3_INFLAMMASOME_COMPLEX_ASSEMBLY)
NLRP3_inflammasome,FBXL2,MSigDB (original: GOBP_REGULATION_OF_NLRP3_INFLAMMASOME_COMPLEX_ASSEMBLY)
NLRP3_inflammasome,ATAT1,MSigDB (original: GOBP_REGULATION_OF_NLRP3_INFLAMMASOME_COMPLEX_ASSEMBLY)
NLRP3_inflammasome,USP50,MSigDB (original: GOBP_REGULATION_OF_NLRP3_INFLAMMASOME_COMPLEX_ASSEMBLY)
NLRP3_inflammasome,CPTP,MSigDB (original: GOBP_REGULATION_OF_NLRP3_INFLAMMASOME_COMPLEX_ASSEMBLY)
NLRP3_inflammasome,TREM2,MSigDB (original: GOBP_REGULATION_OF_NLRP3_INFLAMMASOME_COMPLEX_ASSEMBLY)
NLRP3_inflammasome,CSNK1A1,MSigDB (original: GOBP_REGULATION_OF_NLRP3_INFLAMMASOME_COMPLEX_ASSEMBLY)
NLRP3_inflammasome,TRIM30A,MSigDB (original: GOBP_NEGATIVE_REGULATION_OF_NLRP3_INFLAMMASOME_COMPLEX_ASSEMBLY)
NLRP3_inflammasome,TRIM31,MSigDB (original: GOBP_NEGATIVE_REGULATION_OF_NLRP3_INFLAMMASOME_COMPLEX_ASSEMBLY)
NLRP3_inflammasome,NLRC3,MSigDB (original: GOBP_NEGATIVE_REGULATION_OF_NLRP3_INFLAMMASOME_COMPLEX_ASSEMBLY)
NLRP3_inflammasome,MEFV,MSigDB (original: GOBP_NEGATIVE_REGULATION_OF_NLRP3_INFLAMMASOME_COMPLEX_ASSEMBLY)
NLRP3_inflammasome,SIRT2,MSigDB (original: GOBP_NEGATIVE_REGULATION_OF_NLRP3_INFLAMMASOME_COMPLEX_ASSEMBLY)
NLRP3_inflammasome,FBXL2,MSigDB (original: GOBP_NEGATIVE_REGULATION_OF_NLRP3_INFLAMMASOME_COMPLEX_ASSEMBLY)
NLRP3_inflammasome,CPTP,MSigDB (original: GOBP_NEGATIVE_REGULATION_OF_NLRP3_INFLAMMASOME_COMPLEX_ASSEMBLY)
NLRP3_inflammasome,TREM2,MSigDB (original: GOBP_NEGATIVE_REGULATION_OF_NLRP3_INFLAMMASOME_COMPLEX_ASSEMBLY)
NLRP3_inflammasome,CSNK1A1,MSigDB (original: GOBP_NEGATIVE_REGULATION_OF_NLRP3_INFLAMMASOME_COMPLEX_ASSEMBLY)
NLRP3_inflammasome,BTK,MSigDB (original: GOBP_POSITIVE_REGULATION_OF_NLRP3_INFLAMMASOME_COMPLEX_ASSEMBLY)
NLRP3_inflammasome,CD36,MSigDB (original: GOBP_POSITIVE_REGULATION_OF_NLRP3_INFLAMMASOME_COMPLEX_ASSEMBLY)
NLRP3_inflammasome,DDX3X,MSigDB (original: GOBP_POSITIVE_REGULATION_OF_NLRP3_INFLAMMASOME_COMPLEX_ASSEMBLY)
NLRP3_inflammasome,MYD88,MSigDB (original: GOBP_POSITIVE_REGULATION_OF_NLRP3_INFLAMMASOME_COMPLEX_ASSEMBLY)
NLRP3_inflammasome,PRKD1,MSigDB (original: GOBP_POSITIVE_REGULATION_OF_NLRP3_INFLAMMASOME_COMPLEX_ASSEMBLY)
NLRP3_inflammasome,PPP2CA,MSigDB (original: GOBP_POSITIVE_REGULATION_OF_NLRP3_INFLAMMASOME_COMPLEX_ASSEMBLY)
NLRP3_inflammasome,PTPN22,MSigDB (original: GOBP_POSITIVE_REGULATION_OF_NLRP3_INFLAMMASOME_COMPLEX_ASSEMBLY)
NLRP3_inflammasome,BRCC3,MSigDB (original: GOBP_POSITIVE_REGULATION_OF_NLRP3_INFLAMMASOME_COMPLEX_ASSEMBLY)
NLRP3_inflammasome,DHX33,MSigDB (original: GOBP_POSITIVE_REGULATION_OF_NLRP3_INFLAMMASOME_COMPLEX_ASSEMBLY)
NLRP3_inflammasome,TLR4,MSigDB (original: GOBP_POSITIVE_REGULATION_OF_NLRP3_INFLAMMASOME_COMPLEX_ASSEMBLY)
NLRP3_inflammasome,TLR6,MSigDB (original: GOBP_POSITIVE_REGULATION_OF_NLRP3_INFLAMMASOME_COMPLEX_ASSEMBLY)
NLRP3_inflammasome,MAVS,MSigDB (original: GOBP_POSITIVE_REGULATION_OF_NLRP3_INFLAMMASOME_COMPLEX_ASSEMBLY)
NLRP3_inflammasome,GBP5,MSigDB (original: GOBP_POSITIVE_REGULATION_OF_NLRP3_INFLAMMASOME_COMPLEX_ASSEMBLY)
NLRP3_inflammasome,MARK4,MSigDB (original: GOBP_POSITIVE_REGULATION_OF_NLRP3_INFLAMMASOME_COMPLEX_ASSEMBLY)
NLRP3_inflammasome,PLCG2,MSigDB (original: GOBP_POSITIVE_REGULATION_OF_NLRP3_INFLAMMASOME_COMPLEX_ASSEMBLY)
NLRP3_inflammasome,MAPK8,MSigDB (original: GOBP_POSITIVE_REGULATION_OF_NLRP3_INFLAMMASOME_COMPLEX_ASSEMBLY)
NLRP3_inflammasome,NEK7,MSigDB (original: GOBP_POSITIVE_REGULATION_OF_NLRP3_INFLAMMASOME_COMPLEX_ASSEMBLY)
NLRP3_inflammasome,1810058I24RIK,MSigDB (original: GOBP_POSITIVE_REGULATION_OF_NLRP3_INFLAMMASOME_COMPLEX_ASSEMBLY)
NLRP3_inflammasome,ATAT1,MSigDB (original: GOBP_POSITIVE_REGULATION_OF_NLRP3_INFLAMMASOME_COMPLEX_ASSEMBLY)
NLRP3_inflammasome,USP50,MSigDB (original: GOBP_POSITIVE_REGULATION_OF_NLRP3_INFLAMMASOME_COMPLEX_ASSEMBLY)
MAPK_signaling,RELL1,MSigDB (original: GOBP_REGULATION_OF_P38MAPK_CASCADE)
MAPK_signaling,AGER,MSigDB (original: GOBP_REGULATION_OF_P38MAPK_CASCADE)
MAPK_signaling,BMP2,MSigDB (original: GOBP_REGULATION_OF_P38MAPK_CASCADE)
MAPK_signaling,BMP4,MSigDB (original: GOBP_REGULATION_OF_P38MAPK_CASCADE)
MAPK_signaling,CAV3,MSigDB (original: GOBP_REGULATION_OF_P38MAPK_CASCADE)
MAPK_signaling,CCR2,MSigDB (original: GOBP_REGULATION_OF_P38MAPK_CASCADE)
MAPK_signaling,GADD45A,MSigDB (original: GOBP_REGULATION_OF_P38MAPK_CASCADE)
MAPK_signaling,DLG1,MSigDB (original: GOBP_REGULATION_OF_P38MAPK_CASCADE)
MAPK_signaling,HAND2,MSigDB (original: GOBP_REGULATION_OF_P38MAPK_CASCADE)
MAPK_signaling,HGF,MSigDB (original: GOBP_REGULATION_OF_P38MAPK_CASCADE)
MAPK_signaling,IL1B,MSigDB (original: GOBP_REGULATION_OF_P38MAPK_CASCADE)
MAPK_signaling,LEP,MSigDB (original: GOBP_REGULATION_OF_P38MAPK_CASCADE)
MAPK_signaling,MET,MSigDB (original: GOBP_REGULATION_OF_P38MAPK_CASCADE)
MAPK_signaling,GADD45B,MSigDB (original: GOBP_REGULATION_OF_P38MAPK_CASCADE)
MAPK_signaling,OPRK1,MSigDB (original: GOBP_REGULATION_OF_P38MAPK_CASCADE)
MAPK_signaling,PER1,MSigDB (original: GOBP_REGULATION_OF_P38MAPK_CASCADE)
MAPK_signaling,DUSP1,MSigDB (original: GOBP_REGULATION_OF_P38MAPK_CASCADE)
MAPK_signaling,PTPN22,MSigDB (original: GOBP_REGULATION_OF_P38MAPK_CASCADE)
MAPK_signaling,SPI1,MSigDB (original: GOBP_REGULATION_OF_P38MAPK_CASCADE)
MAPK_signaling,SPHK1,MSigDB (original: GOBP_REGULATION_OF_P38MAPK_CASCADE)
MAPK_signaling,ULK4,MSigDB (original: GOBP_REGULATION_OF_P38MAPK_CASCADE)
MAPK_signaling,VEGFA,MSigDB (original: GOBP_REGULATION_OF_P38MAPK_CASCADE)
MAPK_signaling,EZR,MSigDB (original: GOBP_REGULATION_OF_P38MAPK_CASCADE)
MAPK_signaling,XDH,MSigDB (original: GOBP_REGULATION_OF_P38MAPK_CASCADE)
MAPK_signaling,PJA2,MSigDB (original: GOBP_REGULATION_OF_P38MAPK_CASCADE)
MAPK_signaling,RELL2,MSigDB (original: GOBP_REGULATION_OF_P38MAPK_CASCADE)
MAPK_signaling,ZC3H12A,MSigDB (original: GOBP_REGULATION_OF_P38MAPK_CASCADE)
MAPK_signaling,GADD45G,MSigDB (original: GOBP_REGULATION_OF_P38MAPK_CASCADE)
MAPK_signaling,GDF6,MSigDB (original: GOBP_REGULATION_OF_P38MAPK_CASCADE)
MAPK_signaling,MAP3K3,MSigDB (original: GOBP_REGULATION_OF_P38MAPK_CASCADE)
MAPK_signaling,MAP3K4,MSigDB (original: GOBP_REGULATION_OF_P38MAPK_CASCADE)
MAPK_signaling,MAP3K5,MSigDB (original: GOBP_REGULATION_OF_P38MAPK_CASCADE)
MAPK_signaling,MINK1,MSigDB (original: GOBP_REGULATION_OF_P38MAPK_CASCADE)
MAPK_signaling,MFHAS1,MSigDB (original: GOBP_REGULATION_OF_P38MAPK_CASCADE)
MAPK_signaling,STK39,MSigDB (original: GOBP_REGULATION_OF_P38MAPK_CASCADE)
MAPK_signaling,TRPV4,MSigDB (original: GOBP_REGULATION_OF_P38MAPK_CASCADE)
MAPK_signaling,DUSP10,MSigDB (original: GOBP_REGULATION_OF_P38MAPK_CASCADE)
MAPK_signaling,DAB2IP,MSigDB (original: GOBP_REGULATION_OF_P38MAPK_CASCADE)
MAPK_signaling,SASH1,MSigDB (original: GOBP_REGULATION_OF_P38MAPK_CASCADE)
MAPK_signaling,CYLD,MSigDB (original: GOBP_REGULATION_OF_P38MAPK_CASCADE)
MAPK_signaling,TREM2,MSigDB (original: GOBP_REGULATION_OF_P38MAPK_CASCADE)
MAPK_signaling,PHLPP1,MSigDB (original: GOBP_REGULATION_OF_P38MAPK_CASCADE)
MAPK_signaling,RELL1,MSigDB (original: GOBP_POSITIVE_REGULATION_OF_P38MAPK_CASCADE)
MAPK_signaling,AGER,MSigDB (original: GOBP_POSITIVE_REGULATION_OF_P38MAPK_CASCADE)
MAPK_signaling,BMP2,MSigDB (original: GOBP_POSITIVE_REGULATION_OF_P38MAPK_CASCADE)
MAPK_signaling,BMP4,MSigDB (original: GOBP_POSITIVE_REGULATION_OF_P38MAPK_CASCADE)
MAPK_signaling,CCR2,MSigDB (original: GOBP_POSITIVE_REGULATION_OF_P38MAPK_CASCADE)
MAPK_signaling,GADD45A,MSigDB (original: GOBP_POSITIVE_REGULATION_OF_P38MAPK_CASCADE)
MAPK_signaling,HAND2,MSigDB (original: GOBP_POSITIVE_REGULATION_OF_P38MAPK_CASCADE)
MAPK_signaling,IL1B,MSigDB (original: GOBP_POSITIVE_REGULATION_OF_P38MAPK_CASCADE)
MAPK_signaling,LEP,MSigDB (original: GOBP_POSITIVE_REGULATION_OF_P38MAPK_CASCADE)
MAPK_signaling,MET,MSigDB (original: GOBP_POSITIVE_REGULATION_OF_P38MAPK_CASCADE)
MAPK_signaling,GADD45B,MSigDB (original: GOBP_POSITIVE_REGULATION_OF_P38MAPK_CASCADE)
MAPK_signaling,OPRK1,MSigDB (original: GOBP_POSITIVE_REGULATION_OF_P38MAPK_CASCADE)
MAPK_signaling,SPI1,MSigDB (original: GOBP_POSITIVE_REGULATION_OF_P38MAPK_CASCADE)
MAPK_signaling,SPHK1,MSigDB (original: GOBP_POSITIVE_REGULATION_OF_P38MAPK_CASCADE)
MAPK_signaling,VEGFA,MSigDB (original: GOBP_POSITIVE_REGULATION_OF_P38MAPK_CASCADE)
MAPK_signaling,XDH,MSigDB (original: GOBP_POSITIVE_REGULATION_OF_P38MAPK_CASCADE)
MAPK_signaling,PJA2,MSigDB (original: GOBP_POSITIVE_REGULATION_OF_P38MAPK_CASCADE)
MAPK_signaling,RELL2,MSigDB (original: GOBP_POSITIVE_REGULATION_OF_P38MAPK_CASCADE)
MAPK_signaling,ZC3H12A,MSigDB (original: GOBP_POSITIVE_REGULATION_OF_P38MAPK_CASCADE)
MAPK_signaling,GADD45G,MSigDB (original: GOBP_POSITIVE_REGULATION_OF_P38MAPK_CASCADE)
MAPK_signaling,GDF6,MSigDB (original: GOBP_POSITIVE_REGULATION_OF_P38MAPK_CASCADE)
MAPK_signaling,MAP3K3,MSigDB (original: GOBP_POSITIVE_REGULATION_OF_P38MAPK_CASCADE)
MAPK_signaling,MAP3K4,MSigDB (original: GOBP_POSITIVE_REGULATION_OF_P38MAPK_CASCADE)
MAPK_signaling,MAP3K5,MSigDB (original: GOBP_POSITIVE_REGULATION_OF_P38MAPK_CASCADE)
MAPK_signaling,MINK1,MSigDB (original: GOBP_POSITIVE_REGULATION_OF_P38MAPK_CASCADE)
MAPK_signaling,MFHAS1,MSigDB (original: GOBP_POSITIVE_REGULATION_OF_P38MAPK_CASCADE)
MAPK_signaling,STK39,MSigDB (original: GOBP_POSITIVE_REGULATION_OF_P38MAPK_CASCADE)
MAPK_signaling,SASH1,MSigDB (original: GOBP_POSITIVE_REGULATION_OF_P38MAPK_CASCADE)
Glutathione_metabolism,GSTM1,MSigDB (original: GOBP_GLUTATHIONE_DERIVATIVE_METABOLIC_PROCESS)
Glutathione_metabolism,GSTM2,MSigDB (original: GOBP_GLUTATHIONE_DERIVATIVE_METABOLIC_PROCESS)
Glutathione_metabolism,GSTM3,MSigDB (original: GOBP_GLUTATHIONE_DERIVATIVE_METABOLIC_PROCESS)
Glutathione_metabolism,GSTM6,MSigDB (original: GOBP_GLUTATHIONE_DERIVATIVE_METABOLIC_PROCESS)
Glutathione_metabolism,GSTP2,MSigDB (original: GOBP_GLUTATHIONE_DERIVATIVE_METABOLIC_PROCESS)
Glutathione_metabolism,GSTP1,MSigDB (original: GOBP_GLUTATHIONE_DERIVATIVE_METABOLIC_PROCESS)
Glutathione_metabolism,GSTP3,MSigDB (original: GOBP_GLUTATHIONE_DERIVATIVE_METABOLIC_PROCESS)
p53_pathway,RPL37,MSigDB (original: GOBP_REGULATION_OF_SIGNAL_TRANSDUCTION_BY_P53_CLASS_MEDIATOR)
p53_pathway,RPL5,MSigDB (original: GOBP_REGULATION_OF_SIGNAL_TRANSDUCTION_BY_P53_CLASS_MEDIATOR)
p53_pathway,RRN3,MSigDB (original: GOBP_REGULATION_OF_SIGNAL_TRANSDUCTION_BY_P53_CLASS_MEDIATOR)
p53_pathway,ANKRD1,MSigDB (original: GOBP_REGULATION_OF_SIGNAL_TRANSDUCTION_BY_P53_CLASS_MEDIATOR)
p53_pathway,BMYC,MSigDB (original: GOBP_REGULATION_OF_SIGNAL_TRANSDUCTION_BY_P53_CLASS_MEDIATOR)
p53_pathway,PTTG1IP,MSigDB (original: GOBP_REGULATION_OF_SIGNAL_TRANSDUCTION_BY_P53_CLASS_MEDIATOR)
p53_pathway,NOP2,MSigDB (original: GOBP_REGULATION_OF_SIGNAL_TRANSDUCTION_BY_P53_CLASS_MEDIATOR)
p53_pathway,SPRED1,MSigDB (original: GOBP_REGULATION_OF_SIGNAL_TRANSDUCTION_BY_P53_CLASS_MEDIATOR)
p53_pathway,SPRED2,MSigDB (original: GOBP_REGULATION_OF_SIGNAL_TRANSDUCTION_BY_P53_CLASS_MEDIATOR)
p53_pathway,ATM,MSigDB (original: GOBP_REGULATION_OF_SIGNAL_TRANSDUCTION_BY_P53_CLASS_MEDIATOR)
p53_pathway,BDKRB2,MSigDB (original: GOBP_REGULATION_OF_SIGNAL_TRANSDUCTION_BY_P53_CLASS_MEDIATOR)
p53_pathway,BOP1,MSigDB (original: GOBP_REGULATION_OF_SIGNAL_TRANSDUCTION_BY_P53_CLASS_MEDIATOR)
p53_pathway,CD44,MSigDB (original: GOBP_REGULATION_OF_SIGNAL_TRANSDUCTION_BY_P53_CLASS_MEDIATOR)
p53_pathway,CDKN2A,MSigDB (original: GOBP_REGULATION_OF_SIGNAL_TRANSDUCTION_BY_P53_CLASS_MEDIATOR)
p53_pathway,DDX5,MSigDB (original: GOBP_REGULATION_OF_SIGNAL_TRANSDUCTION_BY_P53_CLASS_MEDIATOR)
p53_pathway,DYRK1A,MSigDB (original: GOBP_REGULATION_OF_SIGNAL_TRANSDUCTION_BY_P53_CLASS_MEDIATOR)
p53_pathway,USP15,MSigDB (original: GOBP_REGULATION_OF_SIGNAL_TRANSDUCTION_BY_P53_CLASS_MEDIATOR)
p53_pathway,HIC1,MSigDB (original: GOBP_REGULATION_OF_SIGNAL_TRANSDUCTION_BY_P53_CLASS_MEDIATOR)
p53_pathway,HNRNPK,MSigDB (original: GOBP_REGULATION_OF_SIGNAL_TRANSDUCTION_BY_P53_CLASS_MEDIATOR)
p53_pathway,CD74,MSigDB (original: GOBP_REGULATION_OF_SIGNAL_TRANSDUCTION_BY_P53_CLASS_MEDIATOR)
p53_pathway,MDM2,MSigDB (original: GOBP_REGULATION_OF_SIGNAL_TRANSDUCTION_BY_P53_CLASS_MEDIATOR)
p53_pathway,MDM4,MSigDB (original: GOBP_REGULATION_OF_SIGNAL_TRANSDUCTION_BY_P53_CLASS_MEDIATOR)
p53_pathway,MIF,MSigDB (original: GOBP_REGULATION_OF_SIGNAL_TRANSDUCTION_BY_P53_CLASS_MEDIATOR)
p53_pathway,MLF1,MSigDB (original: GOBP_REGULATION_OF_SIGNAL_TRANSDUCTION_BY_P53_CLASS_MEDIATOR)
p53_pathway,MSX1,MSigDB (original: GOBP_REGULATION_OF_SIGNAL_TRANSDUCTION_BY_P53_CLASS_MEDIATOR)
p53_pathway,MUC1,MSigDB (original: GOBP_REGULATION_OF_SIGNAL_TRANSDUCTION_BY_P53_CLASS_MEDIATOR)
p53_pathway,MYC,MSigDB (original: GOBP_REGULATION_OF_SIGNAL_TRANSDUCTION_BY_P53_CLASS_MEDIATOR)
p53_pathway,NPM1,MSigDB (original: GOBP_REGULATION_OF_SIGNAL_TRANSDUCTION_BY_P53_CLASS_MEDIATOR)
p53_pathway,PLA2R1,MSigDB (original: GOBP_REGULATION_OF_SIGNAL_TRANSDUCTION_BY_P53_CLASS_MEDIATOR)
p53_pathway,PML,MSigDB (original: GOBP_REGULATION_OF_SIGNAL_TRANSDUCTION_BY_P53_CLASS_MEDIATOR)
p53_pathway,HEXIM1,MSigDB (original: GOBP_REGULATION_OF_SIGNAL_TRANSDUCTION_BY_P53_CLASS_MEDIATOR)
p53_pathway,RPL26,MSigDB (original: GOBP_REGULATION_OF_SIGNAL_TRANSDUCTION_BY_P53_CLASS_MEDIATOR)
p53_pathway,RPS15,MSigDB (original: GOBP_REGULATION_OF_SIGNAL_TRANSDUCTION_BY_P53_CLASS_MEDIATOR)
p53_pathway,RPS7,MSigDB (original: GOBP_REGULATION_OF_SIGNAL_TRANSDUCTION_BY_P53_CLASS_MEDIATOR)
p53_pathway,SNAI2,MSigDB (original: GOBP_REGULATION_OF_SIGNAL_TRANSDUCTION_BY_P53_CLASS_MEDIATOR)
p53_pathway,SNAI1,MSigDB (original: GOBP_REGULATION_OF_SIGNAL_TRANSDUCTION_BY_P53_CLASS_MEDIATOR)
p53_pathway,SOX4,MSigDB (original: GOBP_REGULATION_OF_SIGNAL_TRANSDUCTION_BY_P53_CLASS_MEDIATOR)
p53_pathway,TIFAB,MSigDB (original: GOBP_REGULATION_OF_SIGNAL_TRANSDUCTION_BY_P53_CLASS_MEDIATOR)
p53_pathway,TRIM24,MSigDB (original: GOBP_REGULATION_OF_SIGNAL_TRANSDUCTION_BY_P53_CLASS_MEDIATOR)
p53_pathway,TRP53,MSigDB (original: GOBP_REGULATION_OF_SIGNAL_TRANSDUCTION_BY_P53_CLASS_MEDIATOR)
p53_pathway,TRP73,MSigDB (original: GOBP_REGULATION_OF_SIGNAL_TRANSDUCTION_BY_P53_CLASS_MEDIATOR)
p53_pathway,TWIST1,MSigDB (original: GOBP_REGULATION_OF_SIGNAL_TRANSDUCTION_BY_P53_CLASS_MEDIATOR)
p53_pathway,UBB,MSigDB (original: GOBP_REGULATION_OF_SIGNAL_TRANSDUCTION_BY_P53_CLASS_MEDIATOR)
p53_pathway,DYRK3,MSigDB (original: GOBP_REGULATION_OF_SIGNAL_TRANSDUCTION_BY_P53_CLASS_MEDIATOR)
p53_pathway,SMYD2,MSigDB (original: GOBP_REGULATION_OF_SIGNAL_TRANSDUCTION_BY_P53_CLASS_MEDIATOR)
p53_pathway,ZMPSTE24,MSigDB (original: GOBP_REGULATION_OF_SIGNAL_TRANSDUCTION_BY_P53_CLASS_MEDIATOR)
p53_pathway,HIPK4,MSigDB (original: GOBP_REGULATION_OF_SIGNAL_TRANSDUCTION_BY_P53_CLASS_MEDIATOR)
p53_pathway,ATAD5,MSigDB (original: GOBP_REGULATION_OF_SIGNAL_TRANSDUCTION_BY_P53_CLASS_MEDIATOR)
p53_pathway,ATR,MSigDB (original: GOBP_REGULATION_OF_SIGNAL_TRANSDUCTION_BY_P53_CLASS_MEDIATOR)
p53_pathway,COPS3,MSigDB (original: GOBP_REGULATION_OF_SIGNAL_TRANSDUCTION_BY_P53_CLASS_MEDIATOR)
p53_pathway,ELL3,MSigDB (original: GOBP_REGULATION_OF_SIGNAL_TRANSDUCTION_BY_P53_CLASS_MEDIATOR)
p53_pathway,CHD5,MSigDB (original: GOBP_REGULATION_OF_SIGNAL_TRANSDUCTION_BY_P53_CLASS_MEDIATOR)
p53_pathway,ING4,MSigDB (original: GOBP_REGULATION_OF_SIGNAL_TRANSDUCTION_BY_P53_CLASS_MEDIATOR)
p53_pathway,CEP63,MSigDB (original: GOBP_REGULATION_OF_SIGNAL_TRANSDUCTION_BY_P53_CLASS_MEDIATOR)
p53_pathway,ZFP385A,MSigDB (original: GOBP_REGULATION_OF_SIGNAL_TRANSDUCTION_BY_P53_CLASS_MEDIATOR)
p53_pathway,RRM2B,MSigDB (original: GOBP_REGULATION_OF_SIGNAL_TRANSDUCTION_BY_P53_CLASS_MEDIATOR)
p53_pathway,PRKN,MSigDB (original: GOBP_REGULATION_OF_SIGNAL_TRANSDUCTION_BY_P53_CLASS_MEDIATOR)
p53_pathway,PSMD10,MSigDB (original: GOBP_REGULATION_OF_SIGNAL_TRANSDUCTION_BY_P53_CLASS_MEDIATOR)
p53_pathway,SH3GLB1,MSigDB (original: GOBP_REGULATION_OF_SIGNAL_TRANSDUCTION_BY_P53_CLASS_MEDIATOR)
p53_pathway,ANKRD2,MSigDB (original: GOBP_REGULATION_OF_SIGNAL_TRANSDUCTION_BY_P53_CLASS_MEDIATOR)
p53_pathway,MARCHF7,MSigDB (original: GOBP_REGULATION_OF_SIGNAL_TRANSDUCTION_BY_P53_CLASS_MEDIATOR)
p53_pathway,PMAIP1,MSigDB (original: GOBP_REGULATION_OF_SIGNAL_TRANSDUCTION_BY_P53_CLASS_MEDIATOR)
p53_pathway,RRS1,MSigDB (original: GOBP_REGULATION_OF_SIGNAL_TRANSDUCTION_BY_P53_CLASS_MEDIATOR)
p53_pathway,PCBP4,MSigDB (original: GOBP_REGULATION_OF_SIGNAL_TRANSDUCTION_BY_P53_CLASS_MEDIATOR)
p53_pathway,RPL23,MSigDB (original: GOBP_REGULATION_OF_SIGNAL_TRANSDUCTION_BY_P53_CLASS_MEDIATOR)
p53_pathway,EEF1E1,MSigDB (original: GOBP_REGULATION_OF_SIGNAL_TRANSDUCTION_BY_P53_CLASS_MEDIATOR)
p53_pathway,RPL11,MSigDB (original: GOBP_REGULATION_OF_SIGNAL_TRANSDUCTION_BY_P53_CLASS_MEDIATOR)
p53_pathway,ARMC10,MSigDB (original: GOBP_REGULATION_OF_SIGNAL_TRANSDUCTION_BY_P53_CLASS_MEDIATOR)
p53_pathway,RPF2,MSigDB (original: GOBP_REGULATION_OF_SIGNAL_TRANSDUCTION_BY_P53_CLASS_MEDIATOR)
p53_pathway,RFFL,MSigDB (original: GOBP_REGULATION_OF_SIGNAL_TRANSDUCTION_BY_P53_CLASS_MEDIATOR)
p53_pathway,RPS20,MSigDB (original: GOBP_REGULATION_OF_SIGNAL_TRANSDUCTION_BY_P53_CLASS_MEDIATOR)
p53_pathway,KMT5A,MSigDB (original: GOBP_REGULATION_OF_SIGNAL_TRANSDUCTION_BY_P53_CLASS_MEDIATOR)
p53_pathway,NOP53,MSigDB (original: GOBP_REGULATION_OF_SIGNAL_TRANSDUCTION_BY_P53_CLASS_MEDIATOR)
p53_pathway,PAK1IP1,MSigDB (original: GOBP_REGULATION_OF_SIGNAL_TRANSDUCTION_BY_P53_CLASS_MEDIATOR)
p53_pathway,STEAP3,MSigDB (original: GOBP_REGULATION_OF_SIGNAL_TRANSDUCTION_BY_P53_CLASS_MEDIATOR)
p53_pathway,1810013L24RIK,MSigDB (original: GOBP_REGULATION_OF_SIGNAL_TRANSDUCTION_BY_P53_CLASS_MEDIATOR)
p53_pathway,TRIAP1,MSigDB (original: GOBP_REGULATION_OF_SIGNAL_TRANSDUCTION_BY_P53_CLASS_MEDIATOR)
p53_pathway,ZNHIT1,MSigDB (original: GOBP_REGULATION_OF_SIGNAL_TRANSDUCTION_BY_P53_CLASS_MEDIATOR)
p53_pathway,BCL2L12,MSigDB (original: GOBP_REGULATION_OF_SIGNAL_TRANSDUCTION_BY_P53_CLASS_MEDIATOR)
p53_pathway,CDK5RAP3,MSigDB (original: GOBP_REGULATION_OF_SIGNAL_TRANSDUCTION_BY_P53_CLASS_MEDIATOR)
p53_pathway,RNF34,MSigDB (original: GOBP_REGULATION_OF_SIGNAL_TRANSDUCTION_BY_P53_CLASS_MEDIATOR)
p53_pathway,SIRT1,MSigDB (original: GOBP_REGULATION_OF_SIGNAL_TRANSDUCTION_BY_P53_CLASS_MEDIATOR)
p53_pathway,PRMT6,MSigDB (original: GOBP_REGULATION_OF_SIGNAL_TRANSDUCTION_BY_P53_CLASS_MEDIATOR)
p53_pathway,KDM1A,MSigDB (original: GOBP_REGULATION_OF_SIGNAL_TRANSDUCTION_BY_P53_CLASS_MEDIATOR)
p53_pathway,RRN3,MSigDB (original: GOBP_NEGATIVE_REGULATION_OF_SIGNAL_TRANSDUCTION_BY_P53_CLASS_MEDIATOR)
p53_pathway,PTTG1IP,MSigDB (original: GOBP_NEGATIVE_REGULATION_OF_SIGNAL_TRANSDUCTION_BY_P53_CLASS_MEDIATOR)
p53_pathway,BDKRB2,MSigDB (original: GOBP_NEGATIVE_REGULATION_OF_SIGNAL_TRANSDUCTION_BY_P53_CLASS_MEDIATOR)
p53_pathway,CD44,MSigDB (original: GOBP_NEGATIVE_REGULATION_OF_SIGNAL_TRANSDUCTION_BY_P53_CLASS_MEDIATOR)
p53_pathway,DYRK1A,MSigDB (original: GOBP_NEGATIVE_REGULATION_OF_SIGNAL_TRANSDUCTION_BY_P53_CLASS_MEDIATOR)
p53_pathway,CD74,MSigDB (original: GOBP_NEGATIVE_REGULATION_OF_SIGNAL_TRANSDUCTION_BY_P53_CLASS_MEDIATOR)
p53_pathway,MDM2,MSigDB (original: GOBP_NEGATIVE_REGULATION_OF_SIGNAL_TRANSDUCTION_BY_P53_CLASS_MEDIATOR)
p53_pathway,MDM4,MSigDB (original: GOBP_NEGATIVE_REGULATION_OF_SIGNAL_TRANSDUCTION_BY_P53_CLASS_MEDIATOR)
p53_pathway,MIF,MSigDB (original: GOBP_NEGATIVE_REGULATION_OF_SIGNAL_TRANSDUCTION_BY_P53_CLASS_MEDIATOR)
p53_pathway,MUC1,MSigDB (original: GOBP_NEGATIVE_REGULATION_OF_SIGNAL_TRANSDUCTION_BY_P53_CLASS_MEDIATOR)
p53_pathway,SNAI2,MSigDB (original: GOBP_NEGATIVE_REGULATION_OF_SIGNAL_TRANSDUCTION_BY_P53_CLASS_MEDIATOR)
p53_pathway,SNAI1,MSigDB (original: GOBP_NEGATIVE_REGULATION_OF_SIGNAL_TRANSDUCTION_BY_P53_CLASS_MEDIATOR)
p53_pathway,TWIST1,MSigDB (original: GOBP_NEGATIVE_REGULATION_OF_SIGNAL_TRANSDUCTION_BY_P53_CLASS_MEDIATOR)
p53_pathway,DYRK3,MSigDB (original: GOBP_NEGATIVE_REGULATION_OF_SIGNAL_TRANSDUCTION_BY_P53_CLASS_MEDIATOR)
p53_pathway,ATAD5,MSigDB (original: GOBP_NEGATIVE_REGULATION_OF_SIGNAL_TRANSDUCTION_BY_P53_CLASS_MEDIATOR)
p53_pathway,ELL3,MSigDB (original: GOBP_NEGATIVE_REGULATION_OF_SIGNAL_TRANSDUCTION_BY_P53_CLASS_MEDIATOR)
p53_pathway,CEP63,MSigDB (original: GOBP_NEGATIVE_REGULATION_OF_SIGNAL_TRANSDUCTION_BY_P53_CLASS_MEDIATOR)
p53_pathway,ZFP385A,MSigDB (original: GOBP_NEGATIVE_REGULATION_OF_SIGNAL_TRANSDUCTION_BY_P53_CLASS_MEDIATOR)
p53_pathway,RRM2B,MSigDB (original: GOBP_NEGATIVE_REGULATION_OF_SIGNAL_TRANSDUCTION_BY_P53_CLASS_MEDIATOR)
p53_pathway,PRKN,MSigDB (original: GOBP_NEGATIVE_REGULATION_OF_SIGNAL_TRANSDUCTION_BY_P53_CLASS_MEDIATOR)
p53_pathway,PSMD10,MSigDB (original: GOBP_NEGATIVE_REGULATION_OF_SIGNAL_TRANSDUCTION_BY_P53_CLASS_MEDIATOR)
p53_pathway,SH3GLB1,MSigDB (original: GOBP_NEGATIVE_REGULATION_OF_SIGNAL_TRANSDUCTION_BY_P53_CLASS_MEDIATOR)
p53_pathway,MARCHF7,MSigDB (original: GOBP_NEGATIVE_REGULATION_OF_SIGNAL_TRANSDUCTION_BY_P53_CLASS_MEDIATOR)
p53_pathway,PCBP4,MSigDB (original: GOBP_NEGATIVE_REGULATION_OF_SIGNAL_TRANSDUCTION_BY_P53_CLASS_MEDIATOR)
p53_pathway,ARMC10,MSigDB (original: GOBP_NEGATIVE_REGULATION_OF_SIGNAL_TRANSDUCTION_BY_P53_CLASS_MEDIATOR)
p53_pathway,RFFL,MSigDB (original: GOBP_NEGATIVE_REGULATION_OF_SIGNAL_TRANSDUCTION_BY_P53_CLASS_MEDIATOR)
p53_pathway,NOP53,MSigDB (original: GOBP_NEGATIVE_REGULATION_OF_SIGNAL_TRANSDUCTION_BY_P53_CLASS_MEDIATOR)
p53_pathway,1810013L24RIK,MSigDB (original: GOBP_NEGATIVE_REGULATION_OF_SIGNAL_TRANSDUCTION_BY_P53_CLASS_MEDIATOR)
p53_pathway,TRIAP1,MSigDB (original: GOBP_NEGATIVE_REGULATION_OF_SIGNAL_TRANSDUCTION_BY_P53_CLASS_MEDIATOR)
p53_pathway,BCL2L12,MSigDB (original: GOBP_NEGATIVE_REGULATION_OF_SIGNAL_TRANSDUCTION_BY_P53_CLASS_MEDIATOR)
p53_pathway,RNF34,MSigDB (original: GOBP_NEGATIVE_REGULATION_OF_SIGNAL_TRANSDUCTION_BY_P53_CLASS_MEDIATOR)
p53_pathway,SIRT1,MSigDB (original: GOBP_NEGATIVE_REGULATION_OF_SIGNAL_TRANSDUCTION_BY_P53_CLASS_MEDIATOR)
p53_pathway,KDM1A,MSigDB (original: GOBP_NEGATIVE_REGULATION_OF_SIGNAL_TRANSDUCTION_BY_P53_CLASS_MEDIATOR)
p53_pathway,RPL37,MSigDB (original: GOBP_POSITIVE_REGULATION_OF_SIGNAL_TRANSDUCTION_BY_P53_CLASS_MEDIATOR)
p53_pathway,ANKRD1,MSigDB (original: GOBP_POSITIVE_REGULATION_OF_SIGNAL_TRANSDUCTION_BY_P53_CLASS_MEDIATOR)
p53_pathway,BMYC,MSigDB (original: GOBP_POSITIVE_REGULATION_OF_SIGNAL_TRANSDUCTION_BY_P53_CLASS_MEDIATOR)
p53_pathway,SPRED1,MSigDB (original: GOBP_POSITIVE_REGULATION_OF_SIGNAL_TRANSDUCTION_BY_P53_CLASS_MEDIATOR)
p53_pathway,SPRED2,MSigDB (original: GOBP_POSITIVE_REGULATION_OF_SIGNAL_TRANSDUCTION_BY_P53_CLASS_MEDIATOR)
p53_pathway,ATM,MSigDB (original: GOBP_POSITIVE_REGULATION_OF_SIGNAL_TRANSDUCTION_BY_P53_CLASS_MEDIATOR)
p53_pathway,CDKN2A,MSigDB (original: GOBP_POSITIVE_REGULATION_OF_SIGNAL_TRANSDUCTION_BY_P53_CLASS_MEDIATOR)
p53_pathway,DDX5,MSigDB (original: GOBP_POSITIVE_REGULATION_OF_SIGNAL_TRANSDUCTION_BY_P53_CLASS_MEDIATOR)
p53_pathway,HIC1,MSigDB (original: GOBP_POSITIVE_REGULATION_OF_SIGNAL_TRANSDUCTION_BY_P53_CLASS_MEDIATOR)
p53_pathway,MSX1,MSigDB (original: GOBP_POSITIVE_REGULATION_OF_SIGNAL_TRANSDUCTION_BY_P53_CLASS_MEDIATOR)
p53_pathway,MYC,MSigDB (original: GOBP_POSITIVE_REGULATION_OF_SIGNAL_TRANSDUCTION_BY_P53_CLASS_MEDIATOR)
p53_pathway,PLA2R1,MSigDB (original: GOBP_POSITIVE_REGULATION_OF_SIGNAL_TRANSDUCTION_BY_P53_CLASS_MEDIATOR)
p53_pathway,PML,MSigDB (original: GOBP_POSITIVE_REGULATION_OF_SIGNAL_TRANSDUCTION_BY_P53_CLASS_MEDIATOR)
p53_pathway,HEXIM1,MSigDB (original: GOBP_POSITIVE_REGULATION_OF_SIGNAL_TRANSDUCTION_BY_P53_CLASS_MEDIATOR)
p53_pathway,RPL26,MSigDB (original: GOBP_POSITIVE_REGULATION_OF_SIGNAL_TRANSDUCTION_BY_P53_CLASS_MEDIATOR)
p53_pathway,RPS15,MSigDB (original: GOBP_POSITIVE_REGULATION_OF_SIGNAL_TRANSDUCTION_BY_P53_CLASS_MEDIATOR)
p53_pathway,RPS7,MSigDB (original: GOBP_POSITIVE_REGULATION_OF_SIGNAL_TRANSDUCTION_BY_P53_CLASS_MEDIATOR)
p53_pathway,TRP73,MSigDB (original: GOBP_POSITIVE_REGULATION_OF_SIGNAL_TRANSDUCTION_BY_P53_CLASS_MEDIATOR)
p53_pathway,UBB,MSigDB (original: GOBP_POSITIVE_REGULATION_OF_SIGNAL_TRANSDUCTION_BY_P53_CLASS_MEDIATOR)
p53_pathway,ATR,MSigDB (original: GOBP_POSITIVE_REGULATION_OF_SIGNAL_TRANSDUCTION_BY_P53_CLASS_MEDIATOR)
p53_pathway,CHD5,MSigDB (original: GOBP_POSITIVE_REGULATION_OF_SIGNAL_TRANSDUCTION_BY_P53_CLASS_MEDIATOR)
p53_pathway,ING4,MSigDB (original: GOBP_POSITIVE_REGULATION_OF_SIGNAL_TRANSDUCTION_BY_P53_CLASS_MEDIATOR)
p53_pathway,ZFP385A,MSigDB (original: GOBP_POSITIVE_REGULATION_OF_SIGNAL_TRANSDUCTION_BY_P53_CLASS_MEDIATOR)
p53_pathway,SH3GLB1,MSigDB (original: GOBP_POSITIVE_REGULATION_OF_SIGNAL_TRANSDUCTION_BY_P53_CLASS_MEDIATOR)
p53_pathway,PMAIP1,MSigDB (original: GOBP_POSITIVE_REGULATION_OF_SIGNAL_TRANSDUCTION_BY_P53_CLASS_MEDIATOR)
p53_pathway,RPL23,MSigDB (original: GOBP_POSITIVE_REGULATION_OF_SIGNAL_TRANSDUCTION_BY_P53_CLASS_MEDIATOR)
p53_pathway,EEF1E1,MSigDB (original: GOBP_POSITIVE_REGULATION_OF_SIGNAL_TRANSDUCTION_BY_P53_CLASS_MEDIATOR)
p53_pathway,RPL11,MSigDB (original: GOBP_POSITIVE_REGULATION_OF_SIGNAL_TRANSDUCTION_BY_P53_CLASS_MEDIATOR)
p53_pathway,RPS20,MSigDB (original: GOBP_POSITIVE_REGULATION_OF_SIGNAL_TRANSDUCTION_BY_P53_CLASS_MEDIATOR)
p53_pathway,STEAP3,MSigDB (original: GOBP_POSITIVE_REGULATION_OF_SIGNAL_TRANSDUCTION_BY_P53_CLASS_MEDIATOR)
p53_pathway,ZNHIT1,MSigDB (original: GOBP_POSITIVE_REGULATION_OF_SIGNAL_TRANSDUCTION_BY_P53_CLASS_MEDIATOR)
p53_pathway,CDK5RAP3,MSigDB (original: GOBP_POSITIVE_REGULATION_OF_SIGNAL_TRANSDUCTION_BY_P53_CLASS_MEDIATOR)
p53_pathway,RPL26,MSigDB (original: GOBP_REGULATION_OF_DNA_DAMAGE_RESPONSE_SIGNAL_TRANSDUCTION_BY_P53_CLASS_MEDIATOR_RESULTING_IN_TRANSCRIPTION_OF_P21_CLASS_MEDIATOR)
p53_pathway,COPS3,MSigDB (original: GOBP_REGULATION_OF_DNA_DAMAGE_RESPONSE_SIGNAL_TRANSDUCTION_BY_P53_CLASS_MEDIATOR_RESULTING_IN_TRANSCRIPTION_OF_P21_CLASS_MEDIATOR)
p53_pathway,ING4,MSigDB (original: GOBP_REGULATION_OF_DNA_DAMAGE_RESPONSE_SIGNAL_TRANSDUCTION_BY_P53_CLASS_MEDIATOR_RESULTING_IN_TRANSCRIPTION_OF_P21_CLASS_MEDIATOR)
p53_pathway,ZFP385A,MSigDB (original: GOBP_REGULATION_OF_DNA_DAMAGE_RESPONSE_SIGNAL_TRANSDUCTION_BY_P53_CLASS_MEDIATOR_RESULTING_IN_TRANSCRIPTION_OF_P21_CLASS_MEDIATOR)
p53_pathway,PCBP4,MSigDB (original: GOBP_REGULATION_OF_DNA_DAMAGE_RESPONSE_SIGNAL_TRANSDUCTION_BY_P53_CLASS_MEDIATOR_RESULTING_IN_TRANSCRIPTION_OF_P21_CLASS_MEDIATOR)
p53_pathway,ZNHIT1,MSigDB (original: GOBP_REGULATION_OF_DNA_DAMAGE_RESPONSE_SIGNAL_TRANSDUCTION_BY_P53_CLASS_MEDIATOR_RESULTING_IN_TRANSCRIPTION_OF_P21_CLASS_MEDIATOR)
p53_pathway,CD44,MSigDB (original: GOBP_REGULATION_OF_INTRINSIC_APOPTOTIC_SIGNALING_PATHWAY_IN_RESPONSE_TO_DNA_DAMAGE_BY_P53_CLASS_MEDIATOR)
p53_pathway,HNRNPK,MSigDB (original: GOBP_REGULATION_OF_INTRINSIC_APOPTOTIC_SIGNALING_PATHWAY_IN_RESPONSE_TO_DNA_DAMAGE_BY_P53_CLASS_MEDIATOR)
p53_pathway,CD74,MSigDB (original: GOBP_REGULATION_OF_INTRINSIC_APOPTOTIC_SIGNALING_PATHWAY_IN_RESPONSE_TO_DNA_DAMAGE_BY_P53_CLASS_MEDIATOR)
p53_pathway,MIF,MSigDB (original: GOBP_REGULATION_OF_INTRINSIC_APOPTOTIC_SIGNALING_PATHWAY_IN_RESPONSE_TO_DNA_DAMAGE_BY_P53_CLASS_MEDIATOR)
p53_pathway,MUC1,MSigDB (original: GOBP_REGULATION_OF_INTRINSIC_APOPTOTIC_SIGNALING_PATHWAY_IN_RESPONSE_TO_DNA_DAMAGE_BY_P53_CLASS_MEDIATOR)
p53_pathway,RPL26,MSigDB (original: GOBP_REGULATION_OF_INTRINSIC_APOPTOTIC_SIGNALING_PATHWAY_IN_RESPONSE_TO_DNA_DAMAGE_BY_P53_CLASS_MEDIATOR)
p53_pathway,TRP73,MSigDB (original: GOBP_REGULATION_OF_INTRINSIC_APOPTOTIC_SIGNALING_PATHWAY_IN_RESPONSE_TO_DNA_DAMAGE_BY_P53_CLASS_MEDIATOR)
p53_pathway,ATAD5,MSigDB (original: GOBP_REGULATION_OF_INTRINSIC_APOPTOTIC_SIGNALING_PATHWAY_IN_RESPONSE_TO_DNA_DAMAGE_BY_P53_CLASS_MEDIATOR)
p53_pathway,ELL3,MSigDB (original: GOBP_REGULATION_OF_INTRINSIC_APOPTOTIC_SIGNALING_PATHWAY_IN_RESPONSE_TO_DNA_DAMAGE_BY_P53_CLASS_MEDIATOR)
p53_pathway,ZFP385A,MSigDB (original: GOBP_REGULATION_OF_INTRINSIC_APOPTOTIC_SIGNALING_PATHWAY_IN_RESPONSE_TO_DNA_DAMAGE_BY_P53_CLASS_MEDIATOR)
p53_pathway,MARCHF7,MSigDB (original: GOBP_REGULATION_OF_INTRINSIC_APOPTOTIC_SIGNALING_PATHWAY_IN_RESPONSE_TO_DNA_DAMAGE_BY_P53_CLASS_MEDIATOR)
p53_pathway,STEAP3,MSigDB (original: GOBP_REGULATION_OF_INTRINSIC_APOPTOTIC_SIGNALING_PATHWAY_IN_RESPONSE_TO_DNA_DAMAGE_BY_P53_CLASS_MEDIATOR)
p53_pathway,TRIAP1,MSigDB (original: GOBP_REGULATION_OF_INTRINSIC_APOPTOTIC_SIGNALING_PATHWAY_IN_RESPONSE_TO_DNA_DAMAGE_BY_P53_CLASS_MEDIATOR)
p53_pathway,BCL2L12,MSigDB (original: GOBP_REGULATION_OF_INTRINSIC_APOPTOTIC_SIGNALING_PATHWAY_IN_RESPONSE_TO_DNA_DAMAGE_BY_P53_CLASS_MEDIATOR)
p53_pathway,SIRT1,MSigDB (original: GOBP_REGULATION_OF_INTRINSIC_APOPTOTIC_SIGNALING_PATHWAY_IN_RESPONSE_TO_DNA_DAMAGE_BY_P53_CLASS_MEDIATOR)
p53_pathway,KDM1A,MSigDB (original: GOBP_REGULATION_OF_INTRINSIC_APOPTOTIC_SIGNALING_PATHWAY_IN_RESPONSE_TO_DNA_DAMAGE_BY_P53_CLASS_MEDIATOR)
p53_pathway,CD44,MSigDB (original: GOBP_NEGATIVE_REGULATION_OF_INTRINSIC_APOPTOTIC_SIGNALING_PATHWAY_IN_RESPONSE_TO_DNA_DAMAGE_BY_P53_CLASS_MEDIATOR)
p53_pathway,CD74,MSigDB (original: GOBP_NEGATIVE_REGULATION_OF_INTRINSIC_APOPTOTIC_SIGNALING_PATHWAY_IN_RESPONSE_TO_DNA_DAMAGE_BY_P53_CLASS_MEDIATOR)
p53_pathway,MIF,MSigDB (original: GOBP_NEGATIVE_REGULATION_OF_INTRINSIC_APOPTOTIC_SIGNALING_PATHWAY_IN_RESPONSE_TO_DNA_DAMAGE_BY_P53_CLASS_MEDIATOR)
p53_pathway,MUC1,MSigDB (original: GOBP_NEGATIVE_REGULATION_OF_INTRINSIC_APOPTOTIC_SIGNALING_PATHWAY_IN_RESPONSE_TO_DNA_DAMAGE_BY_P53_CLASS_MEDIATOR)
p53_pathway,ATAD5,MSigDB (original: GOBP_NEGATIVE_REGULATION_OF_INTRINSIC_APOPTOTIC_SIGNALING_PATHWAY_IN_RESPONSE_TO_DNA_DAMAGE_BY_P53_CLASS_MEDIATOR)
p53_pathway,ELL3,MSigDB (original: GOBP_NEGATIVE_REGULATION_OF_INTRINSIC_APOPTOTIC_SIGNALING_PATHWAY_IN_RESPONSE_TO_DNA_DAMAGE_BY_P53_CLASS_MEDIATOR)
p53_pathway,ZFP385A,MSigDB (original: GOBP_NEGATIVE_REGULATION_OF_INTRINSIC_APOPTOTIC_SIGNALING_PATHWAY_IN_RESPONSE_TO_DNA_DAMAGE_BY_P53_CLASS_MEDIATOR)
p53_pathway,MARCHF7,MSigDB (original: GOBP_NEGATIVE_REGULATION_OF_INTRINSIC_APOPTOTIC_SIGNALING_PATHWAY_IN_RESPONSE_TO_DNA_DAMAGE_BY_P53_CLASS_MEDIATOR)
p53_pathway,TRIAP1,MSigDB (original: GOBP_NEGATIVE_REGULATION_OF_INTRINSIC_APOPTOTIC_SIGNALING_PATHWAY_IN_RESPONSE_TO_DNA_DAMAGE_BY_P53_CLASS_MEDIATOR)
p53_pathway,BCL2L12,MSigDB (original: GOBP_NEGATIVE_REGULATION_OF_INTRINSIC_APOPTOTIC_SIGNALING_PATHWAY_IN_RESPONSE_TO_DNA_DAMAGE_BY_P53_CLASS_MEDIATOR)
p53_pathway,SIRT1,MSigDB (original: GOBP_NEGATIVE_REGULATION_OF_INTRINSIC_APOPTOTIC_SIGNALING_PATHWAY_IN_RESPONSE_TO_DNA_DAMAGE_BY_P53_CLASS_MEDIATOR)
p53_pathway,KDM1A,MSigDB (original: GOBP_NEGATIVE_REGULATION_OF_INTRINSIC_APOPTOTIC_SIGNALING_PATHWAY_IN_RESPONSE_TO_DNA_DAMAGE_BY_P53_CLASS_MEDIATOR)
p53_pathway,RRN3,MSigDB (original: GOBP_REGULATION_OF_INTRINSIC_APOPTOTIC_SIGNALING_PATHWAY_BY_P53_CLASS_MEDIATOR)
p53_pathway,BMYC,MSigDB (original: GOBP_REGULATION_OF_INTRINSIC_APOPTOTIC_SIGNALING_PATHWAY_BY_P53_CLASS_MEDIATOR)
p53_pathway,PTTG1IP,MSigDB (original: GOBP_REGULATION_OF_INTRINSIC_APOPTOTIC_SIGNALING_PATHWAY_BY_P53_CLASS_MEDIATOR)
p53_pathway,BDKRB2,MSigDB (original: GOBP_REGULATION_OF_INTRINSIC_APOPTOTIC_SIGNALING_PATHWAY_BY_P53_CLASS_MEDIATOR)
p53_pathway,CD44,MSigDB (original: GOBP_REGULATION_OF_INTRINSIC_APOPTOTIC_SIGNALING_PATHWAY_BY_P53_CLASS_MEDIATOR)
p53_pathway,USP15,MSigDB (original: GOBP_REGULATION_OF_INTRINSIC_APOPTOTIC_SIGNALING_PATHWAY_BY_P53_CLASS_MEDIATOR)
p53_pathway,HNRNPK,MSigDB (original: GOBP_REGULATION_OF_INTRINSIC_APOPTOTIC_SIGNALING_PATHWAY_BY_P53_CLASS_MEDIATOR)
p53_pathway,CD74,MSigDB (original: GOBP_REGULATION_OF_INTRINSIC_APOPTOTIC_SIGNALING_PATHWAY_BY_P53_CLASS_MEDIATOR)
p53_pathway,MDM2,MSigDB (original: GOBP_REGULATION_OF_INTRINSIC_APOPTOTIC_SIGNALING_PATHWAY_BY_P53_CLASS_MEDIATOR)
p53_pathway,MDM4,MSigDB (original: GOBP_REGULATION_OF_INTRINSIC_APOPTOTIC_SIGNALING_PATHWAY_BY_P53_CLASS_MEDIATOR)
p53_pathway,MIF,MSigDB (original: GOBP_REGULATION_OF_INTRINSIC_APOPTOTIC_SIGNALING_PATHWAY_BY_P53_CLASS_MEDIATOR)
p53_pathway,MSX1,MSigDB (original: GOBP_REGULATION_OF_INTRINSIC_APOPTOTIC_SIGNALING_PATHWAY_BY_P53_CLASS_MEDIATOR)
p53_pathway,MUC1,MSigDB (original: GOBP_REGULATION_OF_INTRINSIC_APOPTOTIC_SIGNALING_PATHWAY_BY_P53_CLASS_MEDIATOR)
p53_pathway,MYC,MSigDB (original: GOBP_REGULATION_OF_INTRINSIC_APOPTOTIC_SIGNALING_PATHWAY_BY_P53_CLASS_MEDIATOR)
p53_pathway,RPL26,MSigDB (original: GOBP_REGULATION_OF_INTRINSIC_APOPTOTIC_SIGNALING_PATHWAY_BY_P53_CLASS_MEDIATOR)
p53_pathway,RPS7,MSigDB (original: GOBP_REGULATION_OF_INTRINSIC_APOPTOTIC_SIGNALING_PATHWAY_BY_P53_CLASS_MEDIATOR)
p53_pathway,TIFAB,MSigDB (original: GOBP_REGULATION_OF_INTRINSIC_APOPTOTIC_SIGNALING_PATHWAY_BY_P53_CLASS_MEDIATOR)
p53_pathway,TRP53,MSigDB (original: GOBP_REGULATION_OF_INTRINSIC_APOPTOTIC_SIGNALING_PATHWAY_BY_P53_CLASS_MEDIATOR)
p53_pathway,TRP73,MSigDB (original: GOBP_REGULATION_OF_INTRINSIC_APOPTOTIC_SIGNALING_PATHWAY_BY_P53_CLASS_MEDIATOR)
p53_pathway,UBB,MSigDB (original: GOBP_REGULATION_OF_INTRINSIC_APOPTOTIC_SIGNALING_PATHWAY_BY_P53_CLASS_MEDIATOR)
p53_pathway,ATAD5,MSigDB (original: GOBP_REGULATION_OF_INTRINSIC_APOPTOTIC_SIGNALING_PATHWAY_BY_P53_CLASS_MEDIATOR)
p53_pathway,ELL3,MSigDB (original: GOBP_REGULATION_OF_INTRINSIC_APOPTOTIC_SIGNALING_PATHWAY_BY_P53_CLASS_MEDIATOR)
p53_pathway,CEP63,MSigDB (original: GOBP_REGULATION_OF_INTRINSIC_APOPTOTIC_SIGNALING_PATHWAY_BY_P53_CLASS_MEDIATOR)
p53_pathway,ZFP385A,MSigDB (original: GOBP_REGULATION_OF_INTRINSIC_APOPTOTIC_SIGNALING_PATHWAY_BY_P53_CLASS_MEDIATOR)
p53_pathway,RRM2B,MSigDB (original: GOBP_REGULATION_OF_INTRINSIC_APOPTOTIC_SIGNALING_PATHWAY_BY_P53_CLASS_MEDIATOR)
p53_pathway,PRKN,MSigDB (original: GOBP_REGULATION_OF_INTRINSIC_APOPTOTIC_SIGNALING_PATHWAY_BY_P53_CLASS_MEDIATOR)
p53_pathway,SH3GLB1,MSigDB (original: GOBP_REGULATION_OF_INTRINSIC_APOPTOTIC_SIGNALING_PATHWAY_BY_P53_CLASS_MEDIATOR)
p53_pathway,ANKRD2,MSigDB (original: GOBP_REGULATION_OF_INTRINSIC_APOPTOTIC_SIGNALING_PATHWAY_BY_P53_CLASS_MEDIATOR)
p53_pathway,MARCHF7,MSigDB (original: GOBP_REGULATION_OF_INTRINSIC_APOPTOTIC_SIGNALING_PATHWAY_BY_P53_CLASS_MEDIATOR)
p53_pathway,RPL11,MSigDB (original: GOBP_REGULATION_OF_INTRINSIC_APOPTOTIC_SIGNALING_PATHWAY_BY_P53_CLASS_MEDIATOR)
p53_pathway,ARMC10,MSigDB (original: GOBP_REGULATION_OF_INTRINSIC_APOPTOTIC_SIGNALING_PATHWAY_BY_P53_CLASS_MEDIATOR)
p53_pathway,STEAP3,MSigDB (original: GOBP_REGULATION_OF_INTRINSIC_APOPTOTIC_SIGNALING_PATHWAY_BY_P53_CLASS_MEDIATOR)
p53_pathway,TRIAP1,MSigDB (original: GOBP_REGULATION_OF_INTRINSIC_APOPTOTIC_SIGNALING_PATHWAY_BY_P53_CLASS_MEDIATOR)
p53_pathway,BCL2L12,MSigDB (original: GOBP_REGULATION_OF_INTRINSIC_APOPTOTIC_SIGNALING_PATHWAY_BY_P53_CLASS_MEDIATOR)
p53_pathway,SIRT1,MSigDB (original: GOBP_REGULATION_OF_INTRINSIC_APOPTOTIC_SIGNALING_PATHWAY_BY_P53_CLASS_MEDIATOR)
p53_pathway,KDM1A,MSigDB (original: GOBP_REGULATION_OF_INTRINSIC_APOPTOTIC_SIGNALING_PATHWAY_BY_P53_CLASS_MEDIATOR)
p53_pathway,RRN3,MSigDB (original: GOBP_NEGATIVE_REGULATION_OF_INTRINSIC_APOPTOTIC_SIGNALING_PATHWAY_BY_P53_CLASS_MEDIATOR)
p53_pathway,PTTG1IP,MSigDB (original: GOBP_NEGATIVE_REGULATION_OF_INTRINSIC_APOPTOTIC_SIGNALING_PATHWAY_BY_P53_CLASS_MEDIATOR)
p53_pathway,BDKRB2,MSigDB (original: GOBP_NEGATIVE_REGULATION_OF_INTRINSIC_APOPTOTIC_SIGNALING_PATHWAY_BY_P53_CLASS_MEDIATOR)
p53_pathway,CD44,MSigDB (original: GOBP_NEGATIVE_REGULATION_OF_INTRINSIC_APOPTOTIC_SIGNALING_PATHWAY_BY_P53_CLASS_MEDIATOR)
p53_pathway,CD74,MSigDB (original: GOBP_NEGATIVE_REGULATION_OF_INTRINSIC_APOPTOTIC_SIGNALING_PATHWAY_BY_P53_CLASS_MEDIATOR)
p53_pathway,MDM2,MSigDB (original: GOBP_NEGATIVE_REGULATION_OF_INTRINSIC_APOPTOTIC_SIGNALING_PATHWAY_BY_P53_CLASS_MEDIATOR)
p53_pathway,MDM4,MSigDB (original: GOBP_NEGATIVE_REGULATION_OF_INTRINSIC_APOPTOTIC_SIGNALING_PATHWAY_BY_P53_CLASS_MEDIATOR)
p53_pathway,MIF,MSigDB (original: GOBP_NEGATIVE_REGULATION_OF_INTRINSIC_APOPTOTIC_SIGNALING_PATHWAY_BY_P53_CLASS_MEDIATOR)
p53_pathway,MUC1,MSigDB (original: GOBP_NEGATIVE_REGULATION_OF_INTRINSIC_APOPTOTIC_SIGNALING_PATHWAY_BY_P53_CLASS_MEDIATOR)
p53_pathway,ATAD5,MSigDB (original: GOBP_NEGATIVE_REGULATION_OF_INTRINSIC_APOPTOTIC_SIGNALING_PATHWAY_BY_P53_CLASS_MEDIATOR)
p53_pathway,ELL3,MSigDB (original: GOBP_NEGATIVE_REGULATION_OF_INTRINSIC_APOPTOTIC_SIGNALING_PATHWAY_BY_P53_CLASS_MEDIATOR)
p53_pathway,CEP63,MSigDB (original: GOBP_NEGATIVE_REGULATION_OF_INTRINSIC_APOPTOTIC_SIGNALING_PATHWAY_BY_P53_CLASS_MEDIATOR)
p53_pathway,ZFP385A,MSigDB (original: GOBP_NEGATIVE_REGULATION_OF_INTRINSIC_APOPTOTIC_SIGNALING_PATHWAY_BY_P53_CLASS_MEDIATOR)
p53_pathway,RRM2B,MSigDB (original: GOBP_NEGATIVE_REGULATION_OF_INTRINSIC_APOPTOTIC_SIGNALING_PATHWAY_BY_P53_CLASS_MEDIATOR)
p53_pathway,PRKN,MSigDB (original: GOBP_NEGATIVE_REGULATION_OF_INTRINSIC_APOPTOTIC_SIGNALING_PATHWAY_BY_P53_CLASS_MEDIATOR)
p53_pathway,SH3GLB1,MSigDB (original: GOBP_NEGATIVE_REGULATION_OF_INTRINSIC_APOPTOTIC_SIGNALING_PATHWAY_BY_P53_CLASS_MEDIATOR)
p53_pathway,MARCHF7,MSigDB (original: GOBP_NEGATIVE_REGULATION_OF_INTRINSIC_APOPTOTIC_SIGNALING_PATHWAY_BY_P53_CLASS_MEDIATOR)
p53_pathway,ARMC10,MSigDB (original: GOBP_NEGATIVE_REGULATION_OF_INTRINSIC_APOPTOTIC_SIGNALING_PATHWAY_BY_P53_CLASS_MEDIATOR)
p53_pathway,TRIAP1,MSigDB (original: GOBP_NEGATIVE_REGULATION_OF_INTRINSIC_APOPTOTIC_SIGNALING_PATHWAY_BY_P53_CLASS_MEDIATOR)
p53_pathway,BCL2L12,MSigDB (original: GOBP_NEGATIVE_REGULATION_OF_INTRINSIC_APOPTOTIC_SIGNALING_PATHWAY_BY_P53_CLASS_MEDIATOR)
p53_pathway,SIRT1,MSigDB (original: GOBP_NEGATIVE_REGULATION_OF_INTRINSIC_APOPTOTIC_SIGNALING_PATHWAY_BY_P53_CLASS_MEDIATOR)
p53_pathway,KDM1A,MSigDB (original: GOBP_NEGATIVE_REGULATION_OF_INTRINSIC_APOPTOTIC_SIGNALING_PATHWAY_BY_P53_CLASS_MEDIATOR)
p53_pathway,BMYC,MSigDB (original: GOBP_POSITIVE_REGULATION_OF_INTRINSIC_APOPTOTIC_SIGNALING_PATHWAY_BY_P53_CLASS_MEDIATOR)
p53_pathway,MSX1,MSigDB (original: GOBP_POSITIVE_REGULATION_OF_INTRINSIC_APOPTOTIC_SIGNALING_PATHWAY_BY_P53_CLASS_MEDIATOR)
p53_pathway,MYC,MSigDB (original: GOBP_POSITIVE_REGULATION_OF_INTRINSIC_APOPTOTIC_SIGNALING_PATHWAY_BY_P53_CLASS_MEDIATOR)
p53_pathway,RPL26,MSigDB (original: GOBP_POSITIVE_REGULATION_OF_INTRINSIC_APOPTOTIC_SIGNALING_PATHWAY_BY_P53_CLASS_MEDIATOR)
p53_pathway,RPS7,MSigDB (original: GOBP_POSITIVE_REGULATION_OF_INTRINSIC_APOPTOTIC_SIGNALING_PATHWAY_BY_P53_CLASS_MEDIATOR)
p53_pathway,TRP73,MSigDB (original: GOBP_POSITIVE_REGULATION_OF_INTRINSIC_APOPTOTIC_SIGNALING_PATHWAY_BY_P53_CLASS_MEDIATOR)
p53_pathway,UBB,MSigDB (original: GOBP_POSITIVE_REGULATION_OF_INTRINSIC_APOPTOTIC_SIGNALING_PATHWAY_BY_P53_CLASS_MEDIATOR)
p53_pathway,SH3GLB1,MSigDB (original: GOBP_POSITIVE_REGULATION_OF_INTRINSIC_APOPTOTIC_SIGNALING_PATHWAY_BY_P53_CLASS_MEDIATOR)
p53_pathway,RPL11,MSigDB (original: GOBP_POSITIVE_REGULATION_OF_INTRINSIC_APOPTOTIC_SIGNALING_PATHWAY_BY_P53_CLASS_MEDIATOR)
p53_pathway,STEAP3,MSigDB (original: GOBP_POSITIVE_REGULATION_OF_INTRINSIC_APOPTOTIC_SIGNALING_PATHWAY_BY_P53_CLASS_MEDIATOR)
Autophagy,USP30,MSigDB (original: GOBP_REGULATION_OF_AUTOPHAGY_OF_MITOCHONDRION)
Autophagy,SLC25A4,MSigDB (original: GOBP_REGULATION_OF_AUTOPHAGY_OF_MITOCHONDRION)
Autophagy,SLC25A5,MSigDB (original: GOBP_REGULATION_OF_AUTOPHAGY_OF_MITOCHONDRION)
Autophagy,BNIP3,MSigDB (original: GOBP_REGULATION_OF_AUTOPHAGY_OF_MITOCHONDRION)
Autophagy,BNIP3L,MSigDB (original: GOBP_REGULATION_OF_AUTOPHAGY_OF_MITOCHONDRION)
Autophagy,TSPO,MSigDB (original: GOBP_REGULATION_OF_AUTOPHAGY_OF_MITOCHONDRION)
Autophagy,CTTN,MSigDB (original: GOBP_REGULATION_OF_AUTOPHAGY_OF_MITOCHONDRION)
Autophagy,FKBP8,MSigDB (original: GOBP_REGULATION_OF_AUTOPHAGY_OF_MITOCHONDRION)
Autophagy,HTT,MSigDB (original: GOBP_REGULATION_OF_AUTOPHAGY_OF_MITOCHONDRION)
Autophagy,HIF1A,MSigDB (original: GOBP_REGULATION_OF_AUTOPHAGY_OF_MITOCHONDRION)
Autophagy,SREBF1,MSigDB (original: GOBP_REGULATION_OF_AUTOPHAGY_OF_MITOCHONDRION)
Autophagy,TRP53,MSigDB (original: GOBP_REGULATION_OF_AUTOPHAGY_OF_MITOCHONDRION)
Autophagy,VDAC1,MSigDB (original: GOBP_REGULATION_OF_AUTOPHAGY_OF_MITOCHONDRION)
Autophagy,AMBRA1,MSigDB (original: GOBP_REGULATION_OF_AUTOPHAGY_OF_MITOCHONDRION)
Autophagy,VPS13D,MSigDB (original: GOBP_REGULATION_OF_AUTOPHAGY_OF_MITOCHONDRION)
Autophagy,TIGAR,MSigDB (original: GOBP_REGULATION_OF_AUTOPHAGY_OF_MITOCHONDRION)
Autophagy,VPS13C,MSigDB (original: GOBP_REGULATION_OF_AUTOPHAGY_OF_MITOCHONDRION)
Autophagy,PARL,MSigDB (original: GOBP_REGULATION_OF_AUTOPHAGY_OF_MITOCHONDRION)
Autophagy,FBXW7,MSigDB (original: GOBP_REGULATION_OF_AUTOPHAGY_OF_MITOCHONDRION)
Autophagy,PRKN,MSigDB (original: GOBP_REGULATION_OF_AUTOPHAGY_OF_MITOCHONDRION)
Autophagy,GSK3A,MSigDB (original: GOBP_REGULATION_OF_AUTOPHAGY_OF_MITOCHONDRION)
Autophagy,RNF41,MSigDB (original: GOBP_REGULATION_OF_AUTOPHAGY_OF_MITOCHONDRION)
Autophagy,PINK1,MSigDB (original: GOBP_REGULATION_OF_AUTOPHAGY_OF_MITOCHONDRION)
Autophagy,FBXO7,MSigDB (original: GOBP_REGULATION_OF_AUTOPHAGY_OF_MITOCHONDRION)
Autophagy,DNM1L,MSigDB (original: GOBP_REGULATION_OF_AUTOPHAGY_OF_MITOCHONDRION)
Autophagy,CLEC16A,MSigDB (original: GOBP_REGULATION_OF_AUTOPHAGY_OF_MITOCHONDRION)
Autophagy,CERS1,MSigDB (original: GOBP_REGULATION_OF_AUTOPHAGY_OF_MITOCHONDRION)
Autophagy,USP30,MSigDB (original: GOBP_NEGATIVE_REGULATION_OF_AUTOPHAGY_OF_MITOCHONDRION)
Autophagy,TSPO,MSigDB (original: GOBP_NEGATIVE_REGULATION_OF_AUTOPHAGY_OF_MITOCHONDRION)
Autophagy,TRP53,MSigDB (original: GOBP_NEGATIVE_REGULATION_OF_AUTOPHAGY_OF_MITOCHONDRION)
Autophagy,TIGAR,MSigDB (original: GOBP_NEGATIVE_REGULATION_OF_AUTOPHAGY_OF_MITOCHONDRION)
Autophagy,RNF41,MSigDB (original: GOBP_NEGATIVE_REGULATION_OF_AUTOPHAGY_OF_MITOCHONDRION)
Autophagy,PINK1,MSigDB (original: GOBP_NEGATIVE_REGULATION_OF_AUTOPHAGY_OF_MITOCHONDRION)
Autophagy,CLEC16A,MSigDB (original: GOBP_NEGATIVE_REGULATION_OF_AUTOPHAGY_OF_MITOCHONDRION)
HIF1_signaling,TMBIM6,MSigDB (original: GOBP_REGULATION_OF_HYPOXIA_INDUCED_INTRINSIC_APOPTOTIC_SIGNALING_PATHWAY)
HIF1_signaling,HYOU1,MSigDB (original: GOBP_REGULATION_OF_HYPOXIA_INDUCED_INTRINSIC_APOPTOTIC_SIGNALING_PATHWAY)
HIF1_signaling,ENO1,MSigDB (original: GOBP_REGULATION_OF_HYPOXIA_INDUCED_INTRINSIC_APOPTOTIC_SIGNALING_PATHWAY)
HIF1_signaling,KDM6A,MSigDB (original: GOBP_REGULATION_OF_HYPOXIA_INDUCED_INTRINSIC_APOPTOTIC_SIGNALING_PATHWAY)
HIF1_signaling,MAP2K1,MSigDB (original: GOBP_REGULATION_OF_HYPOXIA_INDUCED_INTRINSIC_APOPTOTIC_SIGNALING_PATHWAY)
HIF1_signaling,ENO1B,MSigDB (original: GOBP_REGULATION_OF_HYPOXIA_INDUCED_INTRINSIC_APOPTOTIC_SIGNALING_PATHWAY)
HIF1_signaling,PINK1,MSigDB (original: GOBP_REGULATION_OF_HYPOXIA_INDUCED_INTRINSIC_APOPTOTIC_SIGNALING_PATHWAY)
HIF1_signaling,ZFAS1,MSigDB (original: GOBP_REGULATION_OF_HYPOXIA_INDUCED_INTRINSIC_APOPTOTIC_SIGNALING_PATHWAY)
HIF1_signaling,PIK3CB,MSigDB (original: GOBP_REGULATION_OF_HYPOXIA_INDUCED_INTRINSIC_APOPTOTIC_SIGNALING_PATHWAY)
HIF1_signaling,NOL3,MSigDB (original: GOBP_REGULATION_OF_HYPOXIA_INDUCED_INTRINSIC_APOPTOTIC_SIGNALING_PATHWAY)
Autophagy,SLC25A4,MSigDB (original: GOBP_POSITIVE_REGULATION_OF_AUTOPHAGY_OF_MITOCHONDRION)
Autophagy,SLC25A5,MSigDB (original: GOBP_POSITIVE_REGULATION_OF_AUTOPHAGY_OF_MITOCHONDRION)
Autophagy,BNIP3,MSigDB (original: GOBP_POSITIVE_REGULATION_OF_AUTOPHAGY_OF_MITOCHONDRION)
Autophagy,HTT,MSigDB (original: GOBP_POSITIVE_REGULATION_OF_AUTOPHAGY_OF_MITOCHONDRION)
Autophagy,HIF1A,MSigDB (original: GOBP_POSITIVE_REGULATION_OF_AUTOPHAGY_OF_MITOCHONDRION)
Autophagy,VDAC1,MSigDB (original: GOBP_POSITIVE_REGULATION_OF_AUTOPHAGY_OF_MITOCHONDRION)
Autophagy,AMBRA1,MSigDB (original: GOBP_POSITIVE_REGULATION_OF_AUTOPHAGY_OF_MITOCHONDRION)
Autophagy,VPS13D,MSigDB (original: GOBP_POSITIVE_REGULATION_OF_AUTOPHAGY_OF_MITOCHONDRION)
Autophagy,PRKN,MSigDB (original: GOBP_POSITIVE_REGULATION_OF_AUTOPHAGY_OF_MITOCHONDRION)
Autophagy,FBXO7,MSigDB (original: GOBP_POSITIVE_REGULATION_OF_AUTOPHAGY_OF_MITOCHONDRION)
Autophagy,CERS1,MSigDB (original: GOBP_POSITIVE_REGULATION_OF_AUTOPHAGY_OF_MITOCHONDRION)
MAPK_signaling,DLG1,MSigDB (original: GOBP_NEGATIVE_REGULATION_OF_P38MAPK_CASCADE)
MAPK_signaling,DUSP1,MSigDB (original: GOBP_NEGATIVE_REGULATION_OF_P38MAPK_CASCADE)
MAPK_signaling,PTPN22,MSigDB (original: GOBP_NEGATIVE_REGULATION_OF_P38MAPK_CASCADE)
MAPK_signaling,EZR,MSigDB (original: GOBP_NEGATIVE_REGULATION_OF_P38MAPK_CASCADE)
MAPK_signaling,DUSP10,MSigDB (original: GOBP_NEGATIVE_REGULATION_OF_P38MAPK_CASCADE)
MAPK_signaling,CYLD,MSigDB (original: GOBP_NEGATIVE_REGULATION_OF_P38MAPK_CASCADE)
MAPK_signaling,TREM2,MSigDB (original: GOBP_NEGATIVE_REGULATION_OF_P38MAPK_CASCADE)
Autophagy,ATPIF1,MSigDB (original: GOBP_REGULATION_OF_AUTOPHAGY_OF_MITOCHONDRION_IN_RESPONSE_TO_MITOCHONDRIAL_DEPOLARIZATION)
Autophagy,CDC37,MSigDB (original: GOBP_REGULATION_OF_AUTOPHAGY_OF_MITOCHONDRION_IN_RESPONSE_TO_MITOCHONDRIAL_DEPOLARIZATION)
Autophagy,GBA,MSigDB (original: GOBP_REGULATION_OF_AUTOPHAGY_OF_MITOCHONDRION_IN_RESPONSE_TO_MITOCHONDRIAL_DEPOLARIZATION)
Autophagy,HDAC6,MSigDB (original: GOBP_REGULATION_OF_AUTOPHAGY_OF_MITOCHONDRION_IN_RESPONSE_TO_MITOCHONDRIAL_DEPOLARIZATION)
Autophagy,HK2,MSigDB (original: GOBP_REGULATION_OF_AUTOPHAGY_OF_MITOCHONDRION_IN_RESPONSE_TO_MITOCHONDRIAL_DEPOLARIZATION)
Autophagy,MFN2,MSigDB (original: GOBP_REGULATION_OF_AUTOPHAGY_OF_MITOCHONDRION_IN_RESPONSE_TO_MITOCHONDRIAL_DEPOLARIZATION)
Autophagy,VDAC1,MSigDB (original: GOBP_REGULATION_OF_AUTOPHAGY_OF_MITOCHONDRION_IN_RESPONSE_TO_MITOCHONDRIAL_DEPOLARIZATION)
Autophagy,VPS13C,MSigDB (original: GOBP_REGULATION_OF_AUTOPHAGY_OF_MITOCHONDRION_IN_RESPONSE_TO_MITOCHONDRIAL_DEPOLARIZATION)
Autophagy,PRKN,MSigDB (original: GOBP_REGULATION_OF_AUTOPHAGY_OF_MITOCHONDRION_IN_RESPONSE_TO_MITOCHONDRIAL_DEPOLARIZATION)
Autophagy,HUWE1,MSigDB (original: GOBP_REGULATION_OF_AUTOPHAGY_OF_MITOCHONDRION_IN_RESPONSE_TO_MITOCHONDRIAL_DEPOLARIZATION)
Autophagy,HTRA2,MSigDB (original: GOBP_REGULATION_OF_AUTOPHAGY_OF_MITOCHONDRION_IN_RESPONSE_TO_MITOCHONDRIAL_DEPOLARIZATION)
Autophagy,TOMM7,MSigDB (original: GOBP_REGULATION_OF_AUTOPHAGY_OF_MITOCHONDRION_IN_RESPONSE_TO_MITOCHONDRIAL_DEPOLARIZATION)
Autophagy,MUL1,MSigDB (original: GOBP_REGULATION_OF_AUTOPHAGY_OF_MITOCHONDRION_IN_RESPONSE_TO_MITOCHONDRIAL_DEPOLARIZATION)
Autophagy,PINK1,MSigDB (original: GOBP_REGULATION_OF_AUTOPHAGY_OF_MITOCHONDRION_IN_RESPONSE_TO_MITOCHONDRIAL_DEPOLARIZATION)
Autophagy,OPTN,MSigDB (original: GOBP_REGULATION_OF_AUTOPHAGY_OF_MITOCHONDRION_IN_RESPONSE_TO_MITOCHONDRIAL_DEPOLARIZATION)
Autophagy,SMURF1,MSigDB (original: GOBP_REGULATION_OF_AUTOPHAGY_OF_MITOCHONDRION_IN_RESPONSE_TO_MITOCHONDRIAL_DEPOLARIZATION)
HIF1_signaling,TMBIM6,MSigDB (original: GOBP_INTRINSIC_APOPTOTIC_SIGNALING_PATHWAY_IN_RESPONSE_TO_HYPOXIA)
HIF1_signaling,ATF2,MSigDB (original: GOBP_INTRINSIC_APOPTOTIC_SIGNALING_PATHWAY_IN_RESPONSE_TO_HYPOXIA)
HIF1_signaling,BNIP3,MSigDB (original: GOBP_INTRINSIC_APOPTOTIC_SIGNALING_PATHWAY_IN_RESPONSE_TO_HYPOXIA)
HIF1_signaling,HYOU1,MSigDB (original: GOBP_INTRINSIC_APOPTOTIC_SIGNALING_PATHWAY_IN_RESPONSE_TO_HYPOXIA)
HIF1_signaling,ENO1,MSigDB (original: GOBP_INTRINSIC_APOPTOTIC_SIGNALING_PATHWAY_IN_RESPONSE_TO_HYPOXIA)
HIF1_signaling,TRP53,MSigDB (original: GOBP_INTRINSIC_APOPTOTIC_SIGNALING_PATHWAY_IN_RESPONSE_TO_HYPOXIA)
HIF1_signaling,KDM6A,MSigDB (original: GOBP_INTRINSIC_APOPTOTIC_SIGNALING_PATHWAY_IN_RESPONSE_TO_HYPOXIA)
HIF1_signaling,MAP2K1,MSigDB (original: GOBP_INTRINSIC_APOPTOTIC_SIGNALING_PATHWAY_IN_RESPONSE_TO_HYPOXIA)
HIF1_signaling,ENO1B,MSigDB (original: GOBP_INTRINSIC_APOPTOTIC_SIGNALING_PATHWAY_IN_RESPONSE_TO_HYPOXIA)
HIF1_signaling,PINK1,MSigDB (original: GOBP_INTRINSIC_APOPTOTIC_SIGNALING_PATHWAY_IN_RESPONSE_TO_HYPOXIA)
HIF1_signaling,ZFAS1,MSigDB (original: GOBP_INTRINSIC_APOPTOTIC_SIGNALING_PATHWAY_IN_RESPONSE_TO_HYPOXIA)
HIF1_signaling,PIK3CB,MSigDB (original: GOBP_INTRINSIC_APOPTOTIC_SIGNALING_PATHWAY_IN_RESPONSE_TO_HYPOXIA)
HIF1_signaling,NOL3,MSigDB (original: GOBP_INTRINSIC_APOPTOTIC_SIGNALING_PATHWAY_IN_RESPONSE_TO_HYPOXIA)
Apoptosis,TNF,MSigDB (original: GOBP_REGULATION_OF_CYSTEINE_TYPE_ENDOPEPTIDASE_ACTIVITY_INVOLVED_IN_EXECUTION_PHASE_OF_APOPTOSIS)
Apoptosis,PAK2,MSigDB (original: GOBP_REGULATION_OF_CYSTEINE_TYPE_ENDOPEPTIDASE_ACTIVITY_INVOLVED_IN_EXECUTION_PHASE_OF_APOPTOSIS)
Apoptosis,RPS3,MSigDB (original: GOBP_REGULATION_OF_CYSTEINE_TYPE_ENDOPEPTIDASE_ACTIVITY_INVOLVED_IN_EXECUTION_PHASE_OF_APOPTOSIS)
Apoptosis,RFFL,MSigDB (original: GOBP_REGULATION_OF_CYSTEINE_TYPE_ENDOPEPTIDASE_ACTIVITY_INVOLVED_IN_EXECUTION_PHASE_OF_APOPTOSIS)
Apoptosis,RNF34,MSigDB (original: GOBP_REGULATION_OF_CYSTEINE_TYPE_ENDOPEPTIDASE_ACTIVITY_INVOLVED_IN_EXECUTION_PHASE_OF_APOPTOSIS)
