protein_A,protein_B,score
ABCC1,ACSL3,504
ABCC1,ACSL4,474
ABCC1,AKT1,533
ABCC1,DPP4,481
ABCC1,GCLC,433
ABCC1,HDAC2,471
ABCC1,HIF1A,412
ABCC1,MYC,616
ABCC1,STAT3,402
ABCC1,TP53,492
ABCC1,VDAC3,443
ABCC2,DPP4,708
ABCC2,SOD1,545
ACSL3,ACSL4,772
ACSL3,GPX4,421
ACSL3,LPCAT3,611
ACSL3,LPIN1,493
ACSL3,PLIN2,563
ACSL3,PNPLA2,772
ACSL3,SLC1A5,538
ACSL4,ALOX12,499
ACSL4,ALOX15,599
ACSL4,ALOX5,465
ACSL4,CHAC1,446
ACSL4,FTH1,620
ACSL4,FTL,500
ACSL4,GPX4,834
ACSL4,HMOX1,418
ACSL4,HSPA5,401
ACSL4,KEAP1,411
ACSL4,LOX,501
ACSL4,LPCAT3,823
ACSL4,LPIN1,405
ACSL4,NCOA4,623
ACSL4,NFE2L2,645
ACSL4,PNPLA2,746
ACSL4,PTGS2,540
ACSL4,SAT1,411
ACSL4,SLC1A5,491
ACSL4,SLC3A2,628
ACSL4,SLC40A1,472
ACSL4,SLC7A11,684
ACSL4,STEAP3,533
ACSL4,TFRC,657
ACSL4,TP53,550
ACSL4,VDAC2,448
ACVR1B,BRCA2,438
ACVR1B,HSPA5,498
ACVR1B,TGFB1,623
ADIPOQ,AKT1,712
ADIPOQ,ATG5,505
ADIPOQ,BNIP3L,467
ADIPOQ,CCL2,776
ADIPOQ,CCL3,585
ADIPOQ,CD4,479
ADIPOQ,CD8A,431
ADIPOQ,CDKN1A,491
ADIPOQ,COL1A2,477
ADIPOQ,CREB1,446
ADIPOQ,CREBBP,559
ADIPOQ,CXCL1,590
ADIPOQ,CXCL10,604
ADIPOQ,CXCL8,621
ADIPOQ,DPP4,608
ADIPOQ,EDN1,567
ADIPOQ,EP300,578
ADIPOQ,FABP5,520
ADIPOQ,FN1,627
ADIPOQ,FOXO1,692
ADIPOQ,HDAC3,565
ADIPOQ,HIF1A,480
ADIPOQ,HMOX1,527
ADIPOQ,ICAM1,597
ADIPOQ,IFNG,588
ADIPOQ,IGFBP3,545
ADIPOQ,IL10,822
ADIPOQ,IL18,581
ADIPOQ,IL1A,596
ADIPOQ,IL1B,833
ADIPOQ,IL6,890
ADIPOQ,JAK2,427
ADIPOQ,JUN,517
ADIPOQ,LCN2,578
ADIPOQ,LPIN1,421
ADIPOQ,MAPK3,507
ADIPOQ,MAPK8,418
ADIPOQ,MMP3,418
ADIPOQ,MMP9,545
ADIPOQ,MPO,589
ADIPOQ,MTOR,552
ADIPOQ,NFE2L2,411
ADIPOQ,NFKB1,507
ADIPOQ,NOX4,564
ADIPOQ,PLIN2,567
ADIPOQ,PNPLA2,705
ADIPOQ,PPARGC1A,944
ADIPOQ,PRKAA1,421
ADIPOQ,PRKAA2,630
ADIPOQ,PTGS2,519
ADIPOQ,RPS6KB1,441
ADIPOQ,SELE,586
ADIPOQ,SERPINE1,789
ADIPOQ,SIRT1,862
ADIPOQ,STAT1,518
ADIPOQ,STAT3,581
ADIPOQ,TFAM,420
ADIPOQ,TGFB1,531
ADIPOQ,TIMP1,631
ADIPOQ,TIMP2,537
ADIPOQ,TLR4,631
ADIPOQ,TNF,871
ADIPOQ,TP53,444
ADIPOQ,VCAM1,632
AKT1,ALOX5,417
AKT1,ATF2,799
AKT1,ATF3,708
AKT1,ATF4,826
AKT1,ATG3,556
AKT1,ATG5,772
AKT1,ATG7,735
AKT1,ATM,742
AKT1,ATR,423
AKT1,AURKA,624
AKT1,BAP1,508
AKT1,BCL6,522
AKT1,BECN1,918
AKT1,BNIP3,622
AKT1,BNIP3L,438
AKT1,BRCA1,993
AKT1,BRCA2,605
AKT1,BRD4,490
AKT1,CBS,469
AKT1,CCL2,720
AKT1,CCL3,677
AKT1,CCL4,451
AKT1,CCNA2,771
AKT1,CCNB1,702
AKT1,CCND1,923
AKT1,CCNE1,667
AKT1,CD38,656
AKT1,CD4,839
AKT1,CD74,442
AKT1,CD8A,811
AKT1,CDC20,401
AKT1,CDK2,577
AKT1,CDK4,691
AKT1,CDK6,443
AKT1,CDKN1A,995
AKT1,CDKN1B,996
AKT1,CDKN2A,866
AKT1,CDKN2B,580
AKT1,CHEK1,404
AKT1,CHEK2,554
AKT1,COL1A1,697
AKT1,COL1A2,452
AKT1,COL3A1,413
AKT1,CREB1,965
AKT1,CREBBP,854
AKT1,CSF2,608
AKT1,CSF3,543
AKT1,CTSB,500
AKT1,CXCL1,577
AKT1,CXCL10,540
AKT1,CXCL2,410
AKT1,CXCL8,720
AKT1,DDIT3,580
AKT1,DPP4,527
AKT1,DUOX1,725
AKT1,E2F1,797
AKT1,E2F2,471
AKT1,E2F3,526
AKT1,EDN1,669
AKT1,EGR1,833
AKT1,EIF2AK3,546
AKT1,EP300,954
AKT1,FABP5,515
AKT1,FANCD2,490
AKT1,FN1,846
AKT1,FOS,746
AKT1,FOSL1,498
AKT1,FOXO1,999
AKT1,FOXO3,998
AKT1,FOXO4,992
AKT1,GABARAP,414
AKT1,GABARAPL1,550
AKT1,GADD45A,479
AKT1,GCLC,496
AKT1,GCLM,417
AKT1,GPX4,445
AKT1,H2AX,545
AKT1,HDAC1,758
AKT1,HDAC2,558
AKT1,HDAC3,811
AKT1,HIF1A,932
AKT1,HMGA2,485
AKT1,HMGB1,598
AKT1,HMOX1,796
AKT1,HSP90AA1,999
AKT1,HSPA5,971
AKT1,HSPB1,991
AKT1,ICAM1,704
AKT1,IFNG,817
AKT1,IGFBP3,615
AKT1,IGFBP5,445
AKT1,IL10,731
AKT1,IL18,581
AKT1,IL1A,666
AKT1,IL1B,864
AKT1,IL6,872
AKT1,IRF1,499
AKT1,IRF7,423
AKT1,JAK2,732
AKT1,JUN,991
AKT1,KDM6B,420
AKT1,KEAP1,724
AKT1,LCN2,418
AKT1,LIFR,429
AKT1,LMNB1,763
AKT1,LOX,620
AKT1,LPIN1,400
AKT1,MAP1LC3A,615
AKT1,MAP1LC3B,738
AKT1,MAP3K14,668
AKT1,MAPK1,988
AKT1,MAPK14,990
AKT1,MAPK3,957
AKT1,MAPK8,706
AKT1,MDM2,999
AKT1,MDM4,465
AKT1,MKI67,478
AKT1,MMP1,578
AKT1,MMP13,578
AKT1,MMP2,846
AKT1,MMP3,588
AKT1,MMP9,827
AKT1,MPO,546
AKT1,MTOR,999
AKT1,MYC,928
AKT1,NCOA4,420
AKT1,NFE2L2,923
AKT1,NFKB1,896
AKT1,NLRP3,569
AKT1,NOX4,686
AKT1,NR2F2,641
AKT1,PARP1,825
AKT1,PLIN2,421
AKT1,PNPLA2,528
AKT1,PPARGC1A,756
AKT1,PPP2R2B,739
AKT1,PRKDC,889
AKT1,PRNP,424
AKT1,PTEN,988
AKT1,PTGS2,775
AKT1,RAD51,448
AKT1,RB1,586
AKT1,RELA,780
AKT1,RGS4,427
AKT1,RPS6KB1,982
AKT1,RUNX3,427
AKT1,S100A8,412
AKT1,SELE,538
AKT1,SERPINE1,608
AKT1,SESN2,511
AKT1,SIRT1,873
AKT1,SIRT6,695
AKT1,SLC1A5,457
AKT1,SLC7A11,437
AKT1,SMARCB1,611
AKT1,SMURF2,445
AKT1,SNAI1,850
AKT1,SNCA,661
AKT1,SOCS1,565
AKT1,SOCS2,406
AKT1,SOD1,568
AKT1,SP1,682
AKT1,SQSTM1,672
AKT1,STAT1,961
AKT1,STAT3,966
AKT1,TERT,903
AKT1,TFAM,570
AKT1,TFRC,516
AKT1,TGFB1,868
AKT1,TIMP1,607
AKT1,TIMP2,521
AKT1,TLR4,769
AKT1,TNF,907
AKT1,TNFAIP1,450
AKT1,TNFRSF1A,817
AKT1,TOP2A,595
AKT1,TP53,994
AKT1,TRIB3,998
AKT1,TSC1,985
AKT1,TSC2,990
AKT1,TXNIP,492
AKT1,VCAM1,678
AKT1,WNT5A,750
AKT1,XRCC6,434
AKT1,YAP1,615
AKT1,ZEB1,701
ALOX12,ALOX15,906
ALOX12,ALOX5,914
ALOX12,GPX4,592
ALOX12,LOX,615
ALOX12,LPCAT3,404
ALOX12,MAPK8,404
ALOX12,PTGS2,947
ALOX12,SLC7A11,411
ALOX15,ALOX5,914
ALOX15,GPX4,666
ALOX15,IFNG,412
ALOX15,IL10,412
ALOX15,IL1B,482
ALOX15,IL6,456
ALOX15,LOX,859
ALOX15,LPCAT3,594
ALOX15,NCOA4,447
ALOX15,PTEN,548
ALOX15,PTGS2,963
ALOX15,SAT1,499
ALOX15,SLC7A11,447
ALOX15,TLR4,480
ALOX15,TNF,467
ALOX5,BCL6,453
ALOX5,CCL2,426
ALOX5,CCL3,640
ALOX5,CXCL2,616
ALOX5,CXCL8,480
ALOX5,EGR1,473
ALOX5,GPX4,510
ALOX5,IFNG,414
ALOX5,IL10,440
ALOX5,IL18,819
ALOX5,IL1A,427
ALOX5,IL1B,621
ALOX5,IL6,529
ALOX5,LOX,788
ALOX5,MMP2,653
ALOX5,MMP9,478
ALOX5,MPO,442
ALOX5,NFKB1,449
ALOX5,PTGS2,973
ALOX5,RELA,472
ALOX5,STAT3,615
ALOX5,TLR4,451
ALOX5,TNF,625
ATF2,ATF3,758
ATF2,ATF4,932
ATF2,ATM,651
ATF2,CCND1,744
ATF2,CREB1,986
ATF2,CREBBP,992
ATF2,DDIT3,776
ATF2,EGR1,744
ATF2,EP300,976
ATF2,FOS,990
ATF2,FOSL1,664
ATF2,H2AX,672
ATF2,HDAC1,637
ATF2,HDAC2,612
ATF2,HDAC3,627
ATF2,HMGA1,440
ATF2,IRF7,606
ATF2,JUN,999
ATF2,MAPK1,973
ATF2,MAPK14,998
ATF2,MAPK3,903
ATF2,MAPK8,998
ATF2,PPARGC1A,854
ATF2,PRKD1,687
ATF2,RB1,558
ATF2,SIRT6,493
ATF2,SNAI1,579
ATF2,STAT3,429
ATF2,TNF,402
ATF2,TP53,805
ATF3,ATF4,989
ATF3,AURKA,425
ATF3,CCL2,704
ATF3,CCL4,403
ATF3,CCNB1,506
ATF3,CCND1,453
ATF3,CDKN1A,737
ATF3,CHAC1,879
ATF3,CREB1,841
ATF3,CREBBP,681
ATF3,CXCL10,404
ATF3,CXCL2,541
ATF3,CXCL8,453
ATF3,DDIT3,988
ATF3,EGR1,873
ATF3,EIF2AK3,567
ATF3,EP300,624
ATF3,ERN1,602
ATF3,FOS,994
ATF3,FOSL1,880
ATF3,GADD45A,776
ATF3,GADD45B,824
ATF3,HDAC1,918
ATF3,HDAC3,437
ATF3,HERPUD1,501
ATF3,HIF1A,485
ATF3,HMOX1,465
ATF3,HSP90AA1,438
ATF3,HSPA5,643
ATF3,HSPB1,425
ATF3,IFNG,457
ATF3,IL1B,709
ATF3,IL6,779
ATF3,IRF1,518
ATF3,IRF7,423
ATF3,JUN,999
ATF3,KLF6,721
ATF3,MAP3K14,413
ATF3,MAPK1,460
ATF3,MAPK14,458
ATF3,MAPK3,544
ATF3,MAPK8,757
ATF3,MDM2,942
ATF3,MMP9,598
ATF3,MYC,737
ATF3,NFE2L2,633
ATF3,NFKB1,634
ATF3,PARP1,458
ATF3,PTEN,420
ATF3,PTGS2,567
ATF3,RELA,716
ATF3,SESN2,489
ATF3,SQSTM1,522
ATF3,STAT1,597
ATF3,STAT3,729
ATF3,TLR4,451
ATF3,TNF,570
ATF3,TNFAIP3,543
ATF3,TP53,982
ATF3,TRIB3,862
ATF3,ZEB1,543
ATF4,ATG5,463
ATF4,ATG7,428
ATF4,BECN1,472
ATF4,CCL2,814
ATF4,CHAC1,840
ATF4,CREB1,959
ATF4,CREBBP,987
ATF4,CXCL8,797
ATF4,DDIT3,996
ATF4,EIF2A,683
ATF4,EIF2AK3,992
ATF4,EP300,988
ATF4,ERN1,835
ATF4,FOS,831
ATF4,FOSL1,796
ATF4,FOXO1,663
ATF4,GCLC,518
ATF4,GCLM,660
ATF4,GPX4,429
ATF4,HERPUD1,895
ATF4,HIF1A,499
ATF4,HMOX1,760
ATF4,HSPA5,975
ATF4,IL1B,428
ATF4,IL6,414
ATF4,JUN,928
ATF4,KEAP1,694
ATF4,MAP1LC3B,502
ATF4,MAPK1,702
ATF4,MAPK3,750
ATF4,MDM2,501
ATF4,MTOR,572
ATF4,NFE2L2,953
ATF4,PPARGC1A,406
ATF4,PRKD1,663
ATF4,RPS6KB1,432
ATF4,SAT1,562
ATF4,SESN2,496
ATF4,SLC3A2,453
ATF4,SLC7A11,728
ATF4,SQSTM1,453
ATF4,STAT3,565
ATF4,TNF,405
ATF4,TP53,450
ATF4,TRIB3,983
ATG3,ATG5,999
ATG3,ATG7,999
ATG3,BECN1,991
ATG3,BNIP3,598
ATG3,BNIP3L,587
ATG3,CTSB,428
ATG3,FOXO3,476
ATG3,GABARAP,999
ATG3,GABARAPL1,999
ATG3,HDAC1,516
ATG3,HDAC2,449
ATG3,HDAC3,467
ATG3,IL1B,502
ATG3,MAP1LC3A,997
ATG3,MAP1LC3B,998
ATG3,MAPK8,401
ATG3,MTOR,685
ATG3,RPS6KB1,451
ATG3,SIRT1,463
ATG3,SQSTM1,804
ATG3,TP53,436
ATG3,TSC2,484
ATG5,ATG7,999
ATG5,ATM,416
ATG5,BECN1,986
ATG5,BNIP3,797
ATG5,BNIP3L,728
ATG5,CD4,448
ATG5,CD8A,420
ATG5,CDKN2A,400
ATG5,CREB1,560
ATG5,CTSB,601
ATG5,DDIT3,476
ATG5,EIF2AK3,562
ATG5,ERN1,601
ATG5,FOXO1,593
ATG5,FOXO3,664
ATG5,GABARAP,994
ATG5,GABARAPL1,999
ATG5,HIF1A,595
ATG5,HMGB1,498
ATG5,HMOX1,475
ATG5,HSP90AA1,511
ATG5,HSPA5,627
ATG5,IFNG,481
ATG5,IL18,476
ATG5,IL1B,598
ATG5,IL6,531
ATG5,JUN,482
ATG5,KEAP1,621
ATG5,MAP1LC3A,977
ATG5,MAP1LC3B,987
ATG5,MAPK1,592
ATG5,MAPK3,508
ATG5,MAPK8,549
ATG5,MTOR,830
ATG5,MYC,641
ATG5,NCOA4,457
ATG5,NFE2L2,519
ATG5,NFKB1,453
ATG5,NLRP3,683
ATG5,NR1D1,481
ATG5,PARP1,648
ATG5,PPARGC1A,520
ATG5,PRKAA1,414
ATG5,PRKAA2,401
ATG5,PTEN,582
ATG5,RPS6KB1,705
ATG5,SIRT1,993
ATG5,SIRT6,404
ATG5,SNCA,639
ATG5,SOD1,437
ATG5,SQSTM1,991
ATG5,STAT1,549
ATG5,STAT3,604
ATG5,TFAM,456
ATG5,TLR4,456
ATG5,TNF,548
ATG5,TP53,764
ATG5,TSC1,416
ATG5,TSC2,668
ATG7,ATM,430
ATG7,BECN1,983
ATG7,BNIP3,759
ATG7,BNIP3L,691
ATG7,BRD4,451
ATG7,CBS,477
ATG7,CCND1,506
ATG7,CTSB,573
ATG7,DDIT3,428
ATG7,EIF2AK3,474
ATG7,EP300,509
ATG7,ERN1,571
ATG7,FOXO1,998
ATG7,FOXO3,790
ATG7,FOXO4,439
ATG7,GABARAP,999
ATG7,GABARAPL1,999
ATG7,HDAC1,556
ATG7,HIF1A,535
ATG7,HMGB1,403
ATG7,HMOX1,465
ATG7,HSP90AA1,480
ATG7,HSPA5,576
ATG7,IFNG,400
ATG7,IL1B,663
ATG7,IL6,472
ATG7,JAK2,587
ATG7,JUN,614
ATG7,KEAP1,708
ATG7,LGMN,454
ATG7,MAP1LC3A,998
ATG7,MAP1LC3B,998
ATG7,MAPK1,691
ATG7,MAPK3,485
ATG7,MAPK8,467
ATG7,MTOR,772
ATG7,MYC,450
ATG7,NCOA4,443
ATG7,NFE2L2,582
ATG7,NFKB1,410
ATG7,NLRP3,656
ATG7,PARP1,531
ATG7,PPARGC1A,547
ATG7,PRKAA1,401
ATG7,PRKAA2,410
ATG7,PTEN,575
ATG7,RPS6KB1,639
ATG7,SIRT1,993
ATG7,SNCA,551
ATG7,SOD1,448
ATG7,SQSTM1,938
ATG7,STAT3,480
ATG7,TFAM,410
ATG7,TLR4,478
ATG7,TNF,512
ATG7,TP53,907
ATG7,TSC1,438
ATG7,TSC2,668
ATM,ATR,999
ATM,AURKA,522
ATM,AURKB,547
ATM,BAP1,618
ATM,BECN1,438
ATM,BLM,991
ATM,BRCA1,999
ATM,BRCA2,995
ATM,BRD4,540
ATM,BUB1,489
ATM,BUB1B,527
ATM,BUB3,455
ATM,CCNA2,815
ATM,CCNB1,775
ATM,CCND1,692
ATM,CCNE1,537
ATM,CD38,434
ATM,CD4,533
ATM,CD8A,539
ATM,CDC20,464
ATM,CDK2,966
ATM,CDK4,937
ATM,CDK6,619
ATM,CDKN1A,807
ATM,CDKN1B,713
ATM,CDKN2A,847
ATM,CDKN2B,518
ATM,CHEK1,998
ATM,CHEK2,999
ATM,CREB1,735
ATM,CREBBP,497
ATM,CXCL8,409
ATM,E2F1,756
ATM,E2F2,464
ATM,E2F3,493
ATM,EP300,904
ATM,FANCD2,989
ATM,FBXO31,571
ATM,FOS,470
ATM,FOXO1,751
ATM,FOXO3,826
ATM,GADD45A,746
ATM,H2AX,998
ATM,HDAC1,948
ATM,HDAC2,525
ATM,HERC2,557
ATM,HIF1A,688
ATM,HMGA2,472
ATM,HSP90AA1,785
ATM,HSPA5,479
ATM,HSPB1,623
ATM,IFNG,447
ATM,IL1B,446
ATM,IL6,548
ATM,IRF1,658
ATM,JAK2,546
ATM,JUN,565
ATM,KEAP1,438
ATM,LIG1,603
ATM,LIG3,652
ATM,LIG4,987
ATM,LMNB1,438
ATM,MAP1LC3B,649
ATM,MAPK1,622
ATM,MAPK14,722
ATM,MAPK3,532
ATM,MAPK8,792
ATM,MCM2,420
ATM,MCM3,451
ATM,MCM4,439
ATM,MDM2,995
ATM,MDM4,954
ATM,MMP9,404
ATM,MRE11,999
ATM,MTOR,408
ATM,MYC,871
ATM,NBN,999
ATM,NFE2L2,421
ATM,NFKB1,746
ATM,PARP1,875
ATM,PCNA,692
ATM,PLK1,768
ATM,PRKAA1,510
ATM,PRKAA2,538
ATM,PRKDC,971
ATM,PTEN,897
ATM,RAD50,990
ATM,RAD51,995
ATM,RB1,449
ATM,RELA,545
ATM,RFC1,799
ATM,RFC2,894
ATM,RFC3,702
ATM,RFC4,865
ATM,RFC5,706
ATM,RPA1,928
ATM,RPA2,950
ATM,RPA3,720
ATM,RPS6KB1,725
ATM,SIRT1,856
ATM,SIRT6,525
ATM,SMARCB1,643
ATM,SNAI1,569
ATM,SOCS1,733
ATM,SQSTM1,933
ATM,STAT1,433
ATM,STAT3,592
ATM,TERF1,955
ATM,TERF2,814
ATM,TERT,825
ATM,TGFB1,619
ATM,TNF,545
ATM,TOP2A,560
ATM,TP53,999
ATM,TSC2,735
ATM,WRN,955
ATM,XRCC1,835
ATM,XRCC5,998
ATM,XRCC6,997
ATM,ZEB1,585
ATR,AURKB,402
ATR,BLM,962
ATR,BRCA1,996
ATR,BRCA2,831
ATR,BRD4,449
ATR,BUB1,416
ATR,CCNB1,678
ATR,CDC20,475
ATR,CDK2,872
ATR,CDK4,669
ATR,CDK6,613
ATR,CDKN1A,410
ATR,CDKN2A,537
ATR,CHEK1,999
ATR,CHEK2,998
ATR,E2F1,511
ATR,EP300,522
ATR,FANCD2,930
ATR,H2AX,914
ATR,HDAC1,522
ATR,HDAC2,694
ATR,HSP90AA1,585
ATR,LIG1,532
ATR,LIG3,512
ATR,LIG4,629
ATR,MAD2L1,402
ATR,MCM2,758
ATR,MCM3,773
ATR,MCM4,768
ATR,MCM5,595
ATR,MCM6,763
ATR,MCM7,720
ATR,MDM2,461
ATR,MRE11,968
ATR,MTOR,436
ATR,MYC,448
ATR,NBN,964
ATR,PARP1,628
ATR,PCNA,624
ATR,PLK1,467
ATR,PPP2R2B,845
ATR,PRKDC,643
ATR,RAD50,905
ATR,RAD51,942
ATR,RFC2,850
ATR,RFC3,691
ATR,RFC4,806
ATR,RFC5,775
ATR,RPA1,983
ATR,RPA2,958
ATR,RPA3,664
ATR,SIRT1,491
ATR,SOCS1,438
ATR,SQSTM1,915
ATR,TERF1,453
ATR,TERT,632
ATR,TOP2A,500
ATR,TP53,996
ATR,WRN,966
ATR,XRCC1,487
ATR,XRCC5,898
ATR,XRCC6,828
AURKA,AURKB,922
AURKA,BLM,410
AURKA,BRCA1,942
AURKA,BRCA2,581
AURKA,BRD4,554
AURKA,BUB1,971
AURKA,BUB1B,924
AURKA,BUB3,680
AURKA,CCNA2,949
AURKA,CCNB1,979
AURKA,CCND1,626
AURKA,CCNE1,675
AURKA,CDC20,995
AURKA,CDK2,886
AURKA,CDK4,704
AURKA,CDK6,565
AURKA,CDKN1A,476
AURKA,CDKN1B,740
AURKA,CDKN2A,723
AURKA,CHEK1,754
AURKA,CSE1L,423
AURKA,E2F1,600
AURKA,EP300,652
AURKA,FANCD2,440
AURKA,FN1,945
AURKA,FOS,561
AURKA,GADD45A,961
AURKA,H2AX,603
AURKA,HDAC2,477
AURKA,HIF1A,453
AURKA,HSP90AA1,578
AURKA,JUN,400
AURKA,LIG1,418
AURKA,MAD2L1,929
AURKA,MAP1LC3A,425
AURKA,MAPK8,475
AURKA,MCM2,668
AURKA,MCM3,654
AURKA,MCM4,696
AURKA,MCM5,603
AURKA,MCM6,743
AURKA,MCM7,617
AURKA,MDM2,643
AURKA,MKI67,850
AURKA,MYC,914
AURKA,NFKB1,794
AURKA,PARP1,592
AURKA,PCNA,450
AURKA,PLK1,997
AURKA,PTEN,711
AURKA,RAD51,671
AURKA,RFC3,547
AURKA,RFC4,672
AURKA,RPA3,521
AURKA,SOCS2,424
AURKA,STAT3,616
AURKA,TNF,509
AURKA,TOP2A,963
AURKA,TP53,998
AURKB,BRCA1,615
AURKB,BRCA2,790
AURKB,BRD4,536
AURKB,BUB1,997
AURKB,BUB1B,999
AURKB,BUB3,943
AURKB,CCNA2,991
AURKB,CCNB1,962
AURKB,CCND1,519
AURKB,CCNE1,514
AURKB,CDC20,998
AURKB,CDK2,642
AURKB,CDK4,608
AURKB,CDK6,694
AURKB,CDKN1A,501
AURKB,CDKN1B,404
AURKB,CDKN2A,733
AURKB,CDKN2B,439
AURKB,CHEK1,754
AURKB,E2F1,577
AURKB,E2F2,459
AURKB,EP300,439
AURKB,FANCD2,436
AURKB,FOS,461
AURKB,FTH1,425
AURKB,H2AX,507
AURKB,HDAC1,603
AURKB,HDAC3,416
AURKB,HMGA1,400
AURKB,HSP90AA1,880
AURKB,HSPD1,437
AURKB,LMNB1,511
AURKB,MAD2L1,930
AURKB,MCM2,702
AURKB,MCM3,669
AURKB,MCM4,722
AURKB,MCM5,702
AURKB,MCM6,612
AURKB,MCM7,785
AURKB,MDM2,599
AURKB,MKI67,865
AURKB,MYC,761
AURKB,PARP1,585
AURKB,PCNA,467
AURKB,PLK1,939
AURKB,PRKDC,552
AURKB,PTEN,440
AURKB,RAD51,785
AURKB,RB1,505
AURKB,RFC3,545
AURKB,RFC4,715
AURKB,RPA1,429
AURKB,RPA2,438
AURKB,TOP2A,970
AURKB,TP53,908
AURKB,XRCC5,643
AURKB,XRCC6,462
BAP1,BRCA1,995
BAP1,BRCA2,501
BAP1,CDKN2A,671
BAP1,CHEK2,405
BAP1,E2F1,405
BAP1,H2AX,571
BAP1,HDAC1,413
BAP1,HDAC2,913
BAP1,HERC2,509
BAP1,KEAP1,416
BAP1,MRE11,513
BAP1,NBN,569
BAP1,PTEN,741
BAP1,RAD50,499
BAP1,RAD51,515
BAP1,TP53,609
BCL6,BRD7,539
BCL6,CCL3,697
BCL6,CCL4,446
BCL6,CCND1,870
BCL6,CD38,695
BCL6,CD4,799
BCL6,CD74,406
BCL6,CD8A,702
BCL6,CDK2,438
BCL6,CDKN1A,636
BCL6,CDKN1B,708
BCL6,CDKN2A,507
BCL6,CHEK1,489
BCL6,CREBBP,671
BCL6,E2F3,439
BCL6,EP300,643
BCL6,FN1,471
BCL6,FOS,649
BCL6,FOXO1,801
BCL6,FOXO3,721
BCL6,FOXO4,665
BCL6,GADD45A,532
BCL6,HDAC1,935
BCL6,HDAC2,651
BCL6,HDAC3,486
BCL6,HIF1A,626
BCL6,HSP90AA1,783
BCL6,IFNG,647
BCL6,IL10,597
BCL6,IL1B,439
BCL6,IL6,609
BCL6,IRF1,449
BCL6,IRF7,589
BCL6,JAK2,484
BCL6,JUN,814
BCL6,MYC,922
BCL6,NFKB1,690
BCL6,PTEN,473
BCL6,PTGS2,536
BCL6,RELA,433
BCL6,RUNX3,484
BCL6,SIRT1,830
BCL6,SOCS1,511
BCL6,STAT1,732
BCL6,STAT3,903
BCL6,TFRC,511
BCL6,TLR4,480
BCL6,TNF,549
BCL6,TNFAIP3,490
BCL6,TP53,957
BCL6,TRIB3,406
BCL6,ZEB1,497
BECN1,BNIP3,953
BECN1,BNIP3L,873
BECN1,BRCA1,603
BECN1,CCNB1,406
BECN1,CCND1,679
BECN1,CD4,431
BECN1,CDK2,403
BECN1,CDK4,495
BECN1,CDKN2A,671
BECN1,CREB1,413
BECN1,CTSB,613
BECN1,DDIT3,543
BECN1,EIF2AK3,596
BECN1,EP300,602
BECN1,ERN1,619
BECN1,FOXO1,600
BECN1,FOXO3,691
BECN1,FOXO4,402
BECN1,GABARAP,991
BECN1,GABARAPL1,987
BECN1,GADD45A,516
BECN1,GCLC,433
BECN1,GPX4,465
BECN1,HDAC3,448
BECN1,HIF1A,632
BECN1,HMGB1,999
BECN1,HMOX1,580
BECN1,HSP90AA1,793
BECN1,HSPA5,765
BECN1,HSPB1,520
BECN1,IFNG,476
BECN1,IL10,485
BECN1,IL18,532
BECN1,IL1B,650
BECN1,IL6,609
BECN1,JUN,725
BECN1,KEAP1,535
BECN1,LMNB1,410
BECN1,MAP1LC3A,964
BECN1,MAP1LC3B,972
BECN1,MAPK1,431
BECN1,MAPK3,600
BECN1,MAPK8,769
BECN1,MDM2,751
BECN1,MMP9,473
BECN1,MTOR,891
BECN1,MYC,537
BECN1,NCOA4,420
BECN1,NFE2L2,568
BECN1,NFKB1,504
BECN1,NLRP3,718
BECN1,PARP1,669
BECN1,PPARGC1A,577
BECN1,PRKAA1,873
BECN1,PRKAA2,695
BECN1,PRNP,519
BECN1,PTEN,639
BECN1,PTGS2,435
BECN1,RELA,523
BECN1,RPS6KB1,728
BECN1,S100A8,614
BECN1,SESN2,418
BECN1,SIRT1,700
BECN1,SLC7A11,835
BECN1,SNAI1,609
BECN1,SNCA,585
BECN1,SOCS1,592
BECN1,SOCS2,564
BECN1,SOD1,655
BECN1,SQSTM1,958
BECN1,STAT3,803
BECN1,TERT,483
BECN1,TFAM,453
BECN1,TGFB1,448
BECN1,TIMP1,518
BECN1,TLR4,574
BECN1,TNF,602
BECN1,TP53,939
BECN1,TSC1,532
BECN1,TSC2,689
BECN1,VDAC2,616
BLM,BRCA1,974
BLM,BRCA2,935
BLM,BUB1,480
BLM,BUB1B,496
BLM,CCNA2,444
BLM,CDK2,658
BLM,CDK4,846
BLM,CHEK1,932
BLM,CHEK2,744
BLM,FANCD2,933
BLM,H2AX,894
BLM,JUN,516
BLM,LIG1,690
BLM,LIG3,413
BLM,LIG4,582
BLM,MCM2,567
BLM,MCM4,622
BLM,MCM5,533
BLM,MCM6,497
BLM,MRE11,969
BLM,MYC,708
BLM,NBN,925
BLM,PARP1,581
BLM,PCNA,686
BLM,PLK1,624
BLM,PRKDC,473
BLM,RAD50,920
BLM,RAD51,998
BLM,RFC1,843
BLM,RFC2,833
BLM,RFC3,748
BLM,RFC4,871
BLM,RFC5,703
BLM,RPA1,999
BLM,RPA2,998
BLM,RPA3,998
BLM,RUNX3,406
BLM,SIRT6,532
BLM,TERF1,886
BLM,TERF2,899
BLM,TERT,545
BLM,TOP2A,771
BLM,TP53,932
BLM,WRN,802
BLM,XRCC5,634
BLM,XRCC6,910
BNIP3,BNIP3L,967
BNIP3,CCND1,702
BNIP3,CTSB,413
BNIP3,FOXO1,572
BNIP3,FOXO3,708
BNIP3,FOXO4,439
BNIP3,GABARAP,999
BNIP3,GABARAPL1,996
BNIP3,HDAC1,449
BNIP3,HIF1A,895
BNIP3,HMOX1,401
BNIP3,IL1B,530
BNIP3,JUN,400
BNIP3,MAP1LC3A,877
BNIP3,MAP1LC3B,943
BNIP3,MAPK1,478
BNIP3,MAPK3,566
BNIP3,MTOR,584
BNIP3,MYC,428
BNIP3,PPARGC1A,616
BNIP3,PTEN,540
BNIP3,RPS6KB1,477
BNIP3,SESN2,418
BNIP3,SIRT1,596
BNIP3,SQSTM1,862
BNIP3,STEAP3,637
BNIP3,TFAM,572
BNIP3,TNFRSF1A,432
BNIP3,TP53,582
BNIP3,TSC2,488
BNIP3L,CREBBP,771
BNIP3L,FOXO3,629
BNIP3L,GABARAP,999
BNIP3L,GABARAPL1,999
BNIP3L,HIF1A,659
BNIP3L,MAP1LC3A,851
BNIP3L,MAP1LC3B,937
BNIP3L,MTOR,447
BNIP3L,PPARGC1A,519
BNIP3L,PTEN,460
BNIP3L,SIRT1,493
BNIP3L,SNCA,434
BNIP3L,SQSTM1,854
BNIP3L,STEAP3,983
BNIP3L,TFAM,437
BNIP3L,TP53,855
BRCA1,BRCA2,999
BRCA1,BRD4,492
BRCA1,BRD7,816
BRCA1,BUB1,733
BRCA1,BUB1B,905
BRCA1,CCNA2,956
BRCA1,CCNB1,916
BRCA1,CCND1,922
BRCA1,CCNE1,718
BRCA1,CD8A,447
BRCA1,CDC20,766
BRCA1,CDK2,984
BRCA1,CDK4,972
BRCA1,CDK6,578
BRCA1,CDKN1A,809
BRCA1,CDKN1B,506
BRCA1,CDKN2A,832
BRCA1,CDKN2B,493
BRCA1,CHEK1,996
BRCA1,CHEK2,999
BRCA1,CREB1,641
BRCA1,CREBBP,968
BRCA1,E2F1,879
BRCA1,E2F2,447
BRCA1,E2F3,439
BRCA1,EGR1,415
BRCA1,EP300,986
BRCA1,FANCD2,999
BRCA1,FOSL1,473
BRCA1,FOXO1,633
BRCA1,FOXO3,749
BRCA1,GABARAPL1,552
BRCA1,GADD45A,710
BRCA1,H2AX,999
BRCA1,HDAC1,958
BRCA1,HDAC2,953
BRCA1,HERC2,849
BRCA1,HIF1A,637
BRCA1,HSP90AA1,752
BRCA1,IL6,416
BRCA1,IRF1,560
BRCA1,JAK2,571
BRCA1,JUN,794
BRCA1,KEAP1,757
BRCA1,LIG1,547
BRCA1,LIG3,603
BRCA1,LIG4,878
BRCA1,LMNB1,809
BRCA1,MAD2L1,522
BRCA1,MAPK1,516
BRCA1,MAPK3,566
BRCA1,MAPK8,546
BRCA1,MCM3,480
BRCA1,MCM4,576
BRCA1,MCM5,458
BRCA1,MCM6,504
BRCA1,MCM7,532
BRCA1,MDM2,794
BRCA1,MDM4,770
BRCA1,MKI67,757
BRCA1,MRE11,999
BRCA1,MTOR,497
BRCA1,MYC,999
BRCA1,NBN,993
BRCA1,NFE2L2,813
BRCA1,NFKB1,726
BRCA1,NR2F2,529
BRCA1,PARP1,974
BRCA1,PCNA,654
BRCA1,PLK1,960
BRCA1,PPARGC1A,412
BRCA1,PRKDC,955
BRCA1,PTEN,821
BRCA1,RAD50,999
BRCA1,RAD51,999
BRCA1,RB1,858
BRCA1,RELA,878
BRCA1,RFC1,802
BRCA1,RFC2,940
BRCA1,RFC3,750
BRCA1,RFC4,940
BRCA1,RFC5,756
BRCA1,RPA1,960
BRCA1,RPA2,881
BRCA1,RPA3,836
BRCA1,SIRT1,777
BRCA1,SIRT6,582
BRCA1,SMARCB1,709
BRCA1,SNAI1,444
BRCA1,SNCA,477
BRCA1,SP1,665
BRCA1,SQSTM1,416
BRCA1,STAT1,958
BRCA1,STAT3,812
BRCA1,TERF1,911
BRCA1,TERF2,935
BRCA1,TERT,646
BRCA1,TNF,418
BRCA1,TOP2A,836
BRCA1,TP53,999
BRCA1,TSC2,451
BRCA1,VCAM1,543
BRCA1,WRN,983
BRCA1,XRCC1,817
BRCA1,XRCC5,972
BRCA1,XRCC6,953
BRCA1,ZEB1,445
BRCA2,BUB1,671
BRCA2,BUB1B,953
BRCA2,CCNA2,877
BRCA2,CCNB1,630
BRCA2,CCND1,861
BRCA2,CCNE1,588
BRCA2,CDC20,712
BRCA2,CDK2,946
BRCA2,CDK4,943
BRCA2,CDK6,490
BRCA2,CDKN1A,635
BRCA2,CDKN1B,422
BRCA2,CDKN2A,806
BRCA2,CDKN2B,449
BRCA2,CHEK1,963
BRCA2,CHEK2,985
BRCA2,E2F1,518
BRCA2,FANCD2,999
BRCA2,FOXO1,552
BRCA2,H2AX,973
BRCA2,HDAC1,549
BRCA2,HSP90AA1,629
BRCA2,JAK2,400
BRCA2,KEAP1,773
BRCA2,LIG1,553
BRCA2,LIG3,583
BRCA2,LIG4,887
BRCA2,MAD2L1,406
BRCA2,MDM2,702
BRCA2,MDM4,429
BRCA2,MKI67,558
BRCA2,MRE11,967
BRCA2,MTOR,407
BRCA2,MYC,759
BRCA2,NBN,901
BRCA2,PARP1,985
BRCA2,PCNA,624
BRCA2,PLK1,996
BRCA2,PRKDC,887
BRCA2,PTEN,877
BRCA2,RAD50,759
BRCA2,RAD51,999
BRCA2,RFC1,488
BRCA2,RFC2,648
BRCA2,RFC3,723
BRCA2,RFC4,680
BRCA2,RFC5,646
BRCA2,RPA1,807
BRCA2,RPA2,861
BRCA2,RPA3,762
BRCA2,SMARCB1,479
BRCA2,SNAI1,566
BRCA2,SP1,401
BRCA2,TERT,550
BRCA2,TOP2A,661
BRCA2,TP53,995
BRCA2,TSC2,445
BRCA2,WRN,888
BRCA2,XRCC1,827
BRCA2,XRCC5,890
BRCA2,XRCC6,883
BRCA2,ZEB1,412
BRD4,CCNA2,457
BRD4,CCND1,563
BRD4,CDK2,549
BRD4,CDK4,439
BRD4,CDK6,448
BRD4,CDKN2A,430
BRD4,CHEK1,469
BRD4,CHEK2,412
BRD4,CREB1,601
BRD4,CREBBP,710
BRD4,E2F1,918
BRD4,E2F2,458
BRD4,E2F3,482
BRD4,EP300,988
BRD4,FANCD2,420
BRD4,FOSL1,587
BRD4,FOXO1,580
BRD4,FOXO3,960
BRD4,HDAC1,954
BRD4,HDAC2,754
BRD4,HDAC3,484
BRD4,HIF1A,409
BRD4,HMGA1,579
BRD4,HSP90AA1,676
BRD4,IL10,492
BRD4,IRF1,627
BRD4,JUN,584
BRD4,KDM6B,561
BRD4,LIG3,656
BRD4,LMNB1,434
BRD4,MAPK1,465
BRD4,MAX,554
BRD4,MCM2,548
BRD4,MCM3,585
BRD4,MCM5,587
BRD4,MCM6,532
BRD4,MCM7,580
BRD4,MDM2,443
BRD4,MDM4,421
BRD4,MKI67,563
BRD4,MYC,941
BRD4,NFKB1,624
BRD4,PARP1,766
BRD4,PLK1,679
BRD4,PRKDC,632
BRD4,PTEN,536
BRD4,RAD50,516
BRD4,RB1,614
BRD4,RELA,999
BRD4,RFC1,768
BRD4,RFC2,748
BRD4,RFC3,783
BRD4,RFC4,792
BRD4,RFC5,718
BRD4,RPA1,438
BRD4,RPA2,401
BRD4,RPA3,400
BRD4,RUNX3,424
BRD4,SIRT1,833
BRD4,SIRT6,495
BRD4,SMARCB1,711
BRD4,SNAI1,715
BRD4,STAT1,491
BRD4,STAT3,826
BRD4,TFAM,542
BRD4,TNF,730
BRD4,TOP2A,870
BRD4,TP53,990
BRD4,WNT5A,464
BRD4,XRCC1,662
BRD4,XRCC5,603
BRD4,XRCC6,598
BRD4,YAP1,691
BRD4,ZEB1,569
BRD7,CDKN1A,410
BRD7,CREBBP,422
BRD7,EP300,925
BRD7,HDAC1,561
BRD7,HDAC2,665
BRD7,MDM2,404
BRD7,MYC,561
BRD7,PARP1,408
BRD7,RFC1,430
BRD7,SMARCB1,998
BRD7,TP53,990
BRD7,XRCC5,410
BUB1,BUB1B,999
BUB1,BUB3,999
BUB1,CCNA2,981
BUB1,CCNB1,992
BUB1,CCND1,593
BUB1,CCNE1,552
BUB1,CDC20,999
BUB1,CDK2,735
BUB1,CDK4,685
BUB1,CDK6,576
BUB1,CDKN2B,406
BUB1,CHEK1,946
BUB1,CHEK2,581
BUB1,CSE1L,477
BUB1,E2F1,550
BUB1,E2F2,474
BUB1,FANCD2,591
BUB1,H2AX,476
BUB1,HDAC1,422
BUB1,LMNB1,448
BUB1,MAD2L1,999
BUB1,MCM2,542
BUB1,MCM3,700
BUB1,MCM4,751
BUB1,MCM5,716
BUB1,MCM6,691
BUB1,MCM7,796
BUB1,MKI67,963
BUB1,MYC,608
BUB1,PLK1,996
BUB1,RAD51,832
BUB1,RB1,518
BUB1,RFC2,444
BUB1,RFC3,600
BUB1,RFC4,842
BUB1,RFC5,472
BUB1,TOP2A,982
BUB1,TP53,651
BUB1B,BUB3,999
BUB1B,CCNA2,994
BUB1B,CCNB1,998
BUB1B,CCNE1,467
BUB1B,CDC20,999
BUB1B,CDK2,653
BUB1B,CDK4,562
BUB1B,CDK6,527
BUB1B,CDKN2A,523
BUB1B,CHEK1,876
BUB1B,CHEK2,604
BUB1B,CSE1L,467
BUB1B,E2F1,559
BUB1B,EP300,435
BUB1B,FANCD2,584
BUB1B,H2AX,450
BUB1B,HDAC1,607
BUB1B,HDAC2,588
BUB1B,HDAC3,543
BUB1B,IL6,467
BUB1B,JUN,914
BUB1B,LMNB1,451
BUB1B,MAD2L1,999
BUB1B,MCM2,570
BUB1B,MCM3,654
BUB1B,MCM4,695
BUB1B,MCM5,601
BUB1B,MCM6,604
BUB1B,MCM7,792
BUB1B,MDM2,504
BUB1B,MKI67,932
BUB1B,MYC,434
BUB1B,PARP1,558
BUB1B,PCNA,403
BUB1B,PLK1,999
BUB1B,RAD51,942
BUB1B,RFC3,566
BUB1B,RFC4,748
BUB1B,RFC5,413
BUB1B,TOP2A,980
BUB1B,TP53,745
BUB3,CCNA2,787
BUB3,CCNB1,880
BUB3,CDC20,999
BUB3,CDK2,562
BUB3,CDK4,549
BUB3,CDK6,459
BUB3,CHEK1,593
BUB3,CHEK2,621
BUB3,HDAC1,717
BUB3,HDAC2,681
BUB3,LIG3,458
BUB3,MAD2L1,999
BUB3,MCM3,473
BUB3,MCM5,402
BUB3,MCM6,519
BUB3,MCM7,516
BUB3,MYC,481
BUB3,PARP1,689
BUB3,PCNA,510
BUB3,PLK1,852
BUB3,RFC2,420
BUB3,RFC3,435
BUB3,RFC4,410
BUB3,RFC5,417
BUB3,TOP2A,437
BUB3,TP53,718
BUB3,XRCC1,596
BUB3,XRCC6,431
CAVIN1,CRYAB,573
CAVIN1,DYRK1A,510
CAVIN1,MMP2,503
CAVIN1,MMP9,477
CAVIN1,MYC,541
CAVIN1,STAT3,673
CAVIN1,TFRC,477
CBS,CDO1,668
CBS,DYRK1A,528
CBS,EIF2AK3,421
CBS,GCLC,603
CBS,GCLM,478
CBS,GOT1,450
CBS,GPX4,460
CBS,GSS,474
CBS,HMOX1,648
CBS,HSPD1,431
CBS,KEAP1,422
CBS,NFE2L2,402
CBS,SLC7A11,516
CBS,SNCA,408
CBS,SOD1,531
CBS,TGFB1,426
CBS,TIMP1,499
CBS,TNF,411
CCL2,CCL3,576
CCL2,CCL4,787
CCL2,CCND1,648
CCL2,CD38,486
CCL2,CD4,839
CCL2,CD74,497
CCL2,CD8A,800
CCL2,CDKN1A,490
CCL2,CDKN2A,449
CCL2,COL1A1,604
CCL2,COL1A2,473
CCL2,COL3A1,511
CCL2,CREB1,480
CCL2,CSF2,931
CCL2,CSF3,930
CCL2,CTSB,497
CCL2,CXCL1,980
CCL2,CXCL10,965
CCL2,CXCL2,929
CCL2,CXCL8,999
CCL2,DPP4,714
CCL2,DUOX1,418
CCL2,EDN1,791
CCL2,EGR1,493
CCL2,EIF2AK3,431
CCL2,FN1,723
CCL2,FOS,756
CCL2,FOXO1,416
CCL2,GADD45B,522
CCL2,HIF1A,692
CCL2,HMGB1,641
CCL2,HMOX1,697
CCL2,HSP90AA1,400
CCL2,HSPA5,419
CCL2,ICAM1,928
CCL2,IFNG,938
CCL2,IGFBP3,465
CCL2,IL10,963
CCL2,IL18,881
CCL2,IL1A,934
CCL2,IL1B,970
CCL2,IL6,985
CCL2,IRF1,786
CCL2,IRF7,620
CCL2,JAK2,602
CCL2,JUN,980
CCL2,KEAP1,412
CCL2,KLF6,657
CCL2,LCN2,781
CCL2,LOX,710
CCL2,MAPK14,635
CCL2,MAPK3,747
CCL2,MAPK8,527
CCL2,MCM3,561
CCL2,MMP1,774
CCL2,MMP10,478
CCL2,MMP12,750
CCL2,MMP13,723
CCL2,MMP2,704
CCL2,MMP3,806
CCL2,MMP9,809
CCL2,MPO,692
CCL2,MTOR,511
CCL2,MYC,659
CCL2,NFE2L2,581
CCL2,NFKB1,982
CCL2,NLRP3,664
CCL2,NOX4,590
CCL2,PPARGC1A,511
CCL2,PTEN,505
CCL2,PTGS2,867
CCL2,RELA,987
CCL2,SELE,810
CCL2,SERPINE1,918
CCL2,SIRT1,575
CCL2,SNAI1,494
CCL2,SOCS1,545
CCL2,SOD1,433
CCL2,STAT1,831
CCL2,STAT3,867
CCL2,TGFB1,851
CCL2,TIMP1,867
CCL2,TIMP2,716
CCL2,TLR4,847
CCL2,TNF,978
CCL2,TNFAIP3,558
CCL2,TNFRSF1A,768
CCL2,TP53,600
CCL2,VCAM1,907
CCL3,CCL4,997
CCL3,CD38,660
CCL3,CD4,880
CCL3,CD74,442
CCL3,CD8A,873
CCL3,COL1A1,574
CCL3,COL1A2,520
CCL3,CSF2,935
CCL3,CSF3,929
CCL3,CXCL1,948
CCL3,CXCL10,951
CCL3,CXCL2,939
CCL3,CXCL8,977
CCL3,DPP4,608
CCL3,EGR1,459
CCL3,FN1,621
CCL3,FOS,657
CCL3,HIF1A,440
CCL3,HMGB1,456
CCL3,HMOX1,407
CCL3,ICAM1,740
CCL3,IFNG,947
CCL3,IL10,972
CCL3,IL18,860
CCL3,IL1A,923
CCL3,IL1B,972
CCL3,IL6,962
CCL3,IRF1,682
CCL3,IRF7,525
CCL3,JAK2,420
CCL3,JUN,585
CCL3,LCN2,417
CCL3,MAPK3,453
CCL3,MMP1,450
CCL3,MMP12,487
CCL3,MMP2,616
CCL3,MMP3,506
CCL3,MMP9,664
CCL3,MPO,587
CCL3,NFKB1,749
CCL3,NLRP3,596
CCL3,PTGS2,781
CCL3,RELA,616
CCL3,SELE,591
CCL3,SERPINE1,484
CCL3,SOCS1,419
CCL3,STAT1,593
CCL3,STAT3,858
CCL3,TGFB1,633
CCL3,TIMP1,555
CCL3,TLR4,815
CCL3,TNF,988
CCL3,TNFAIP3,595
CCL3,TNFRSF1A,691
CCL3,VCAM1,673
CCL4,CD38,511
CCL4,CD4,939
CCL4,CD74,482
CCL4,CD8A,889
CCL4,CSF2,924
CCL4,CSF3,909
CCL4,CTSB,454
CCL4,CXCL1,941
CCL4,CXCL10,959
CCL4,CXCL2,874
CCL4,CXCL8,988
CCL4,FN1,433
CCL4,FOS,402
CCL4,ICAM1,763
CCL4,IFNG,942
CCL4,IL10,936
CCL4,IL18,829
CCL4,IL1A,921
CCL4,IL1B,940
CCL4,IL6,933
CCL4,IRF1,704
CCL4,IRF7,512
CCL4,JUN,640
CCL4,MMP1,402
CCL4,MMP3,420
CCL4,MMP9,618
CCL4,MPO,466
CCL4,NFKB1,677
CCL4,NLRP3,524
CCL4,PTGS2,673
CCL4,SELE,540
CCL4,SERPINE1,422
CCL4,STAT1,561
CCL4,STAT3,746
CCL4,TGFB1,587
CCL4,TIMP1,656
CCL4,TIMP2,600
CCL4,TLR4,749
CCL4,TNF,967
CCL4,TNFAIP3,502
CCL4,TNFRSF1A,492
CCL4,VCAM1,625
CCNA2,CCNB1,995
CCNA2,CCND1,650
CCNA2,CCNE1,903
CCNA2,CDC20,999
CCNA2,CDK2,999
CCNA2,CDK4,999
CCNA2,CDK6,999
CCNA2,CDKN1A,999
CCNA2,CDKN1B,999
CCNA2,CDKN2A,696
CCNA2,CDKN2B,519
CCNA2,CHEK1,939
CCNA2,CHEK2,746
CCNA2,CREB1,617
CCNA2,CREBBP,764
CCNA2,DYRK1A,453
CCNA2,E2F1,999
CCNA2,E2F2,973
CCNA2,E2F3,965
CCNA2,EP300,812
CCNA2,FANCD2,608
CCNA2,FOS,533
CCNA2,FOXO3,564
CCNA2,GADD45A,448
CCNA2,H2AX,777
CCNA2,HDAC1,806
CCNA2,HDAC2,467
CCNA2,HERC2,503
CCNA2,HIF1A,462
CCNA2,HMGA2,425
CCNA2,HSP90AA1,418
CCNA2,IL6,400
CCNA2,JUN,553
CCNA2,LIG1,493
CCNA2,LMNB1,623
CCNA2,MAD2L1,988
CCNA2,MAPK1,408
CCNA2,MAPK3,543
CCNA2,MAPK8,614
CCNA2,MCM2,827
CCNA2,MCM3,869
CCNA2,MCM4,895
CCNA2,MCM5,948
CCNA2,MCM6,896
CCNA2,MCM7,947
CCNA2,MDM2,837
CCNA2,MKI67,930
CCNA2,MMP2,429
CCNA2,MMP9,497
CCNA2,MRE11,702
CCNA2,MTOR,442
CCNA2,MYC,734
CCNA2,NBN,596
CCNA2,PARP1,665
CCNA2,PCNA,925
CCNA2,PLK1,958
CCNA2,PRKDC,619
CCNA2,PTEN,511
CCNA2,PTGS2,424
CCNA2,RAD50,527
CCNA2,RAD51,791
CCNA2,RB1,998
CCNA2,RFC3,807
CCNA2,RFC4,760
CCNA2,RFC5,445
CCNA2,RPA1,717
CCNA2,RPA2,691
CCNA2,RPS6KB1,450
CCNA2,SETD7,489
CCNA2,SIRT1,400
CCNA2,SNAI1,415
CCNA2,SP1,718
CCNA2,STAT3,519
CCNA2,TERF1,510
CCNA2,TERF2,460
CCNA2,TERT,680
CCNA2,TNF,417
CCNA2,TOP2A,982
CCNA2,TP53,997
CCNA2,TSC1,409
CCNA2,XRCC6,577
CCNB1,CCND1,797
CCNB1,CCNE1,746
CCNB1,CD8A,483
CCNB1,CDC20,999
CCNB1,CDK2,999
CCNB1,CDK4,940
CCNB1,CDK6,927
CCNB1,CDKN1A,977
CCNB1,CDKN1B,972
CCNB1,CDKN2A,772
CCNB1,CDKN2B,433
CCNB1,CHEK1,935
CCNB1,CHEK2,817
CCNB1,COL1A2,449
CCNB1,CXCL1,477
CCNB1,E2F1,834
CCNB1,E2F2,515
CCNB1,E2F3,610
CCNB1,EIF2AK3,442
CCNB1,EP300,816
CCNB1,FANCD2,429
CCNB1,FOS,432
CCNB1,FOXO1,799
CCNB1,FOXO3,442
CCNB1,GADD45A,983
CCNB1,GADD45B,970
CCNB1,H2AX,974
CCNB1,HDAC1,586
CCNB1,HIF1A,634
CCNB1,HSP90AA1,459
CCNB1,IL6,609
CCNB1,JUN,561
CCNB1,LMNB1,725
CCNB1,LPIN1,444
CCNB1,LPIN2,435
CCNB1,MAD2L1,988
CCNB1,MAPK1,439
CCNB1,MAPK14,406
CCNB1,MAPK3,593
CCNB1,MCM2,608
CCNB1,MCM3,776
CCNB1,MCM4,869
CCNB1,MCM5,656
CCNB1,MCM6,806
CCNB1,MCM7,667
CCNB1,MDM2,748
CCNB1,MKI67,868
CCNB1,MMP2,488
CCNB1,MMP9,555
CCNB1,MPO,427
CCNB1,MRE11,520
CCNB1,MTOR,507
CCNB1,MYC,872
CCNB1,NBN,510
CCNB1,NFE2L2,407
CCNB1,NFKB1,415
CCNB1,PARP1,729
CCNB1,PCNA,867
CCNB1,PLK1,999
CCNB1,PRKDC,603
CCNB1,PTEN,585
CCNB1,PTGS2,412
CCNB1,RAD51,759
CCNB1,RB1,768
CCNB1,RELA,735
CCNB1,RFC3,653
CCNB1,RFC4,651
CCNB1,RFC5,409
CCNB1,RPA1,471
CCNB1,RPS6KB1,484
CCNB1,SIRT1,592
CCNB1,SNAI1,448
CCNB1,SP1,627
CCNB1,SQSTM1,458
CCNB1,STAT1,578
CCNB1,STAT3,613
CCNB1,TERT,437
CCNB1,TNF,412
CCNB1,TOP2A,989
CCNB1,TP53,914
CCNB1,XRCC6,523
CCNB1,YAP1,541
CCND1,CCNE1,841
CCND1,CD38,446
CCND1,CD4,781
CCND1,CD8A,480
CCND1,CDC20,536
CCND1,CDK2,999
CCND1,CDK4,999
CCND1,CDK6,999
CCND1,CDKN1A,999
CCND1,CDKN1B,999
CCND1,CDKN2A,998
CCND1,CDKN2B,974
CCND1,CHEK1,593
CCND1,CHEK2,601
CCND1,COL1A1,451
CCND1,CREB1,949
CCND1,CREBBP,986
CCND1,CRYAB,572
CCND1,CXCL8,521
CCND1,E2F1,938
CCND1,E2F2,871
CCND1,E2F3,880
CCND1,EGR1,518
CCND1,EIF2AK3,610
CCND1,EP300,974
CCND1,EPHA2,412
CCND1,FBXO31,985
CCND1,FN1,743
CCND1,FOS,942
CCND1,FOSL1,548
CCND1,FOXO1,836
CCND1,FOXO3,756
CCND1,GADD45A,521
CCND1,H2AX,735
CCND1,HDAC1,833
CCND1,HDAC2,661
CCND1,HDAC3,900
CCND1,HIF1A,876
CCND1,HMGA2,532
CCND1,HMOX1,464
CCND1,HSP90AA1,819
CCND1,HSPA5,460
CCND1,HSPB1,400
CCND1,ICAM1,499
CCND1,IFNG,488
CCND1,IGFBP3,551
CCND1,IGFBP5,592
CCND1,IL10,563
CCND1,IL1A,463
CCND1,IL1B,605
CCND1,IL6,763
CCND1,JAK2,852
CCND1,JUN,919
CCND1,KEAP1,494
CCND1,KLF6,728
CCND1,LMNB1,599
CCND1,LOX,632
CCND1,MAP1LC3B,590
CCND1,MAPK1,683
CCND1,MAPK14,576
CCND1,MAPK3,744
CCND1,MAPK8,724
CCND1,MCM2,492
CCND1,MCM3,732
CCND1,MCM5,406
CCND1,MCM6,544
CCND1,MCM7,622
CCND1,MDM2,926
CCND1,MDM4,651
CCND1,MKI67,722
CCND1,MMP1,477
CCND1,MMP13,411
CCND1,MMP2,738
CCND1,MMP3,474
CCND1,MMP9,799
CCND1,MNT,499
CCND1,MTOR,802
CCND1,MYC,969
CCND1,NBN,485
CCND1,NFE2L2,658
CCND1,NFKB1,668
CCND1,PARP1,724
CCND1,PCNA,989
CCND1,PLIN2,486
CCND1,PLK1,727
CCND1,PPARGC1A,423
CCND1,PTEN,855
CCND1,PTGS2,664
CCND1,RAD51,721
CCND1,RB1,998
CCND1,RELA,791
CCND1,RPS6KB1,720
CCND1,RUNX3,855
CCND1,SERPINE1,652
CCND1,SIRT1,721
CCND1,SMARCB1,716
CCND1,SNAI1,705
CCND1,SOCS1,595
CCND1,SP1,611
CCND1,SQSTM1,570
CCND1,STAT1,783
CCND1,STAT3,980
CCND1,TERT,637
CCND1,TGFB1,645
CCND1,TIMP1,465
CCND1,TIMP2,439
CCND1,TLR4,434
CCND1,TNF,656
CCND1,TOP2A,656
CCND1,TP53,946
CCND1,TSC2,779
CCND1,WNT5A,638
CCND1,YAP1,616
CCND1,ZEB1,758
CCNE1,CDC20,760
CCNE1,CDK2,999
CCNE1,CDK4,999
CCNE1,CDK6,999
CCNE1,CDKN1A,999
CCNE1,CDKN1B,999
CCNE1,CDKN2A,814
CCNE1,CDKN2B,596
CCNE1,CHEK1,704
CCNE1,CHEK2,602
CCNE1,CREBBP,487
CCNE1,E2F1,942
CCNE1,E2F2,908
CCNE1,E2F3,831
CCNE1,FBXL5,401
CCNE1,HDAC1,405
CCNE1,HDAC3,475
CCNE1,JAK2,585
CCNE1,JUN,433
CCNE1,MAD2L1,425
CCNE1,MAPK14,465
CCNE1,MAX,541
CCNE1,MCM2,504
CCNE1,MCM3,659
CCNE1,MCM4,622
CCNE1,MCM5,730
CCNE1,MCM6,693
CCNE1,MCM7,758
CCNE1,MDM2,585
CCNE1,MKI67,513
CCNE1,MMP9,431
CCNE1,MRE11,500
CCNE1,MYC,908
CCNE1,PARP1,531
CCNE1,PCNA,896
CCNE1,PLK1,538
CCNE1,PTEN,615
CCNE1,RAD51,489
CCNE1,RB1,994
CCNE1,SERPINE1,419
CCNE1,SMARCB1,538
CCNE1,SNAI1,412
CCNE1,STAT3,647
CCNE1,TERT,766
CCNE1,TNF,511
CCNE1,TOP2A,533
CCNE1,TP53,926
CCNE1,YAP1,471
CD38,CD4,932
CD38,CD74,631
CD38,CD8A,884
CD38,CSF2,582
CD38,CSF3,792
CD38,CXCL10,596
CD38,CXCL8,484
CD38,DPP4,474
CD38,EIF2AK3,483
CD38,FN1,412
CD38,ICAM1,541
CD38,IFNG,779
CD38,IL10,692
CD38,IL18,455
CD38,IL1A,416
CD38,IL1B,580
CD38,IL6,788
CD38,JAK2,487
CD38,MKI67,408
CD38,MPO,582
CD38,MYC,700
CD38,NFKB1,447
CD38,PARP1,429
CD38,SELE,636
CD38,SIRT1,943
CD38,SIRT6,926
CD38,SLC7A11,411
CD38,STAT1,624
CD38,STAT3,484
CD38,TFRC,788
CD38,TGFB1,402
CD38,TLR4,432
CD38,TNF,681
CD38,TP53,727
CD38,VCAM1,460
CD4,CD74,653
CD4,CD8A,999
CD4,CDK4,415
CD4,CDKN1A,409
CD4,CDKN2A,565
CD4,CREB1,505
CD4,CSF2,880
CD4,CSF3,734
CD4,CTSB,486
CD4,CXCL1,735
CD4,CXCL10,839
CD4,CXCL2,639
CD4,CXCL8,861
CD4,DPP4,774
CD4,EIF2AK3,430
CD4,EP300,457
CD4,FN1,916
CD4,FOS,663
CD4,FOXO1,544
CD4,FOXO3,452
CD4,HDAC1,438
CD4,HIF1A,622
CD4,HMGB1,611
CD4,HMOX1,519
CD4,HSP90AA1,540
CD4,HSPD1,588
CD4,ICAM1,969
CD4,IFNG,991
CD4,IL10,976
CD4,IL18,849
CD4,IL1A,876
CD4,IL1B,958
CD4,IL6,966
CD4,IRF1,630
CD4,IRF7,631
CD4,IRF9,437
CD4,JAK2,635
CD4,JUN,626
CD4,LCN2,568
CD4,LOX,509
CD4,MAPK1,594
CD4,MAPK14,690
CD4,MAPK3,710
CD4,MAPK8,415
CD4,MCM2,412
CD4,MKI67,510
CD4,MMP1,445
CD4,MMP12,432
CD4,MMP2,517
CD4,MMP3,659
CD4,MMP9,701
CD4,MPO,700
CD4,MTOR,635
CD4,MYC,663
CD4,NFKB1,858
CD4,NLRP3,650
CD4,PARP1,416
CD4,PTEN,602
CD4,PTGS2,615
CD4,RELA,546
CD4,RPS6KB1,403
CD4,RUNX3,618
CD4,S100A8,435
CD4,SELE,756
CD4,SERPINE1,415
CD4,SIRT1,448
CD4,SNCA,585
CD4,SOCS1,619
CD4,STAT1,891
CD4,STAT3,892
CD4,TERT,447
CD4,TFRC,880
CD4,TGFB1,870
CD4,TIMP1,463
CD4,TLR4,902
CD4,TNF,968
CD4,TNFAIP3,464
CD4,TNFRSF1A,797
CD4,TP53,703
CD4,VCAM1,724
CD74,CD8A,596
CD74,CTSB,954
CD74,CXCL10,551
CD74,CXCL8,480
CD74,ICAM1,488
CD74,IFNG,555
CD74,IL10,653
CD74,IL1B,513
CD74,IL6,509
CD74,IRF1,501
CD74,IRF7,596
CD74,KDM6B,557
CD74,LGMN,932
CD74,MAPK3,422
CD74,MAPK8,552
CD74,NFKB1,433
CD74,STAT1,505
CD74,STAT3,403
CD74,TFRC,522
CD74,TLR4,697
CD74,TNF,547
CD74,TOP2A,427
CD74,TP53,503
CD74,VCAM1,417
CD8A,CDK4,446
CD8A,CDKN2A,579
CD8A,CREB1,458
CD8A,CSF2,873
CD8A,CSF3,720
CD8A,CTSB,437
CD8A,CXCL1,671
CD8A,CXCL10,887
CD8A,CXCL2,588
CD8A,CXCL8,844
CD8A,DPP4,625
CD8A,EIF2AK3,431
CD8A,FN1,753
CD8A,FOS,486
CD8A,FOXO1,524
CD8A,FOXO3,423
CD8A,HIF1A,644
CD8A,HMGB1,638
CD8A,HMOX1,658
CD8A,HSP90AA1,506
CD8A,HSPA5,445
CD8A,HSPD1,448
CD8A,ICAM1,842
CD8A,IFNG,990
CD8A,IL10,958
CD8A,IL18,791
CD8A,IL1A,777
CD8A,IL1B,922
CD8A,IL6,930
CD8A,IRF1,666
CD8A,IRF7,723
CD8A,IRF9,461
CD8A,JAK2,621
CD8A,JUN,583
CD8A,LCN2,400
CD8A,LOX,447
CD8A,MAPK1,542
CD8A,MAPK14,527
CD8A,MAPK3,580
CD8A,MKI67,404
CD8A,MMP2,505
CD8A,MMP9,640
CD8A,MPO,621
CD8A,MTOR,620
CD8A,MYC,756
CD8A,NFKB1,818
CD8A,NLRP3,619
CD8A,PARP1,471
CD8A,PTEN,623
CD8A,PTGS2,581
CD8A,RELA,448
CD8A,RPA2,537
CD8A,RPS6KB1,400
CD8A,RUNX3,749
CD8A,SELE,600
CD8A,SIRT1,401
CD8A,SNAI1,430
CD8A,SOCS1,742
CD8A,STAT1,836
CD8A,STAT3,839
CD8A,TERT,480
CD8A,TFRC,662
CD8A,TGFB1,796
CD8A,TIMP1,418
CD8A,TLR4,847
CD8A,TNF,958
CD8A,TNFAIP3,424
CD8A,TNFRSF1A,766
CD8A,TP53,770
CD8A,VCAM1,790
CD8A,ZEB1,400
CDC20,CDK2,992
CDC20,CDK4,785
CDC20,CDK6,736
CDC20,CDKN1A,853
CDC20,CDKN1B,426
CDC20,CDKN2A,463
CDC20,CHEK1,771
CDC20,CHEK2,519
CDC20,CREBBP,571
CDC20,DPP4,413
CDC20,E2F1,828
CDC20,E2F2,489
CDC20,EP300,750
CDC20,FANCD2,417
CDC20,FOXO1,466
CDC20,H2AX,446
CDC20,HDAC1,536
CDC20,HDAC2,486
CDC20,LMNB1,450
CDC20,MAD2L1,999
CDC20,MCM2,733
CDC20,MCM3,845
CDC20,MCM4,882
CDC20,MCM5,862
CDC20,MCM6,839
CDC20,MCM7,821
CDC20,MDM2,406
CDC20,MKI67,934
CDC20,MYC,581
CDC20,PCNA,798
CDC20,PLK1,999
CDC20,PPP2R2B,494
CDC20,PTEN,406
CDC20,RAD51,844
CDC20,RFC3,585
CDC20,RFC4,756
CDC20,S100A8,435
CDC20,TNF,571
CDC20,TOP2A,980
CDC20,TP53,608
CDC20,YAP1,488
CDK2,CDK4,998
CDK2,CDK6,998
CDK2,CDKN1A,999
CDK2,CDKN1B,999
CDK2,CDKN2A,993
CDK2,CDKN2B,799
CDK2,CHEK1,869
CDK2,CHEK2,589
CDK2,CREB1,412
CDK2,CREBBP,918
CDK2,DPP4,450
CDK2,E2F1,997
CDK2,E2F2,962
CDK2,E2F3,973
CDK2,EP300,925
CDK2,FANCD2,416
CDK2,FOS,643
CDK2,FOXO1,967
CDK2,FOXO3,999
CDK2,FOXO4,937
CDK2,GADD45A,622
CDK2,H2AX,862
CDK2,HDAC1,575
CDK2,HDAC2,446
CDK2,HERC2,528
CDK2,HIF1A,773
CDK2,HSP90AA1,799
CDK2,HSPA5,428
CDK2,HSPB1,510
CDK2,IL1B,411
CDK2,IL6,473
CDK2,IRF1,420
CDK2,JUN,825
CDK2,LIG1,622
CDK2,LMNB1,626
CDK2,MAD2L1,802
CDK2,MAPK14,543
CDK2,MAPK8,467
CDK2,MAX,608
CDK2,MCM2,857
CDK2,MCM3,973
CDK2,MCM4,953
CDK2,MCM5,860
CDK2,MCM6,907
CDK2,MCM7,914
CDK2,MDM2,849
CDK2,MKI67,535
CDK2,MMP2,479
CDK2,MMP9,566
CDK2,MRE11,753
CDK2,MTOR,585
CDK2,MYC,960
CDK2,NBN,823
CDK2,NFKB1,523
CDK2,PARP1,705
CDK2,PCNA,951
CDK2,PLK1,742
CDK2,PPP2R2B,417
CDK2,PRKDC,511
CDK2,PTEN,784
CDK2,PTGS2,598
CDK2,RAD50,664
CDK2,RAD51,822
CDK2,RB1,999
CDK2,RELA,435
CDK2,RFC2,595
CDK2,RFC3,475
CDK2,RFC4,654
CDK2,RPA1,825
CDK2,RPA2,757
CDK2,RPA3,641
CDK2,SIRT1,621
CDK2,SIRT6,544
CDK2,SNAI1,448
CDK2,SOD1,492
CDK2,SP1,566
CDK2,STAT1,417
CDK2,STAT3,627
CDK2,TERF1,554
CDK2,TERF2,505
CDK2,TERT,689
CDK2,TFRC,531
CDK2,TGFB1,469
CDK2,TNF,489
CDK2,TNFRSF1A,499
CDK2,TOP2A,801
CDK2,TP53,987
CDK2,TSC2,435
CDK2,WRN,424
CDK2,XRCC5,455
CDK2,XRCC6,805
CDK4,CDK6,999
CDK4,CDKN1A,999
CDK4,CDKN1B,999
CDK4,CDKN2A,999
CDK4,CDKN2B,999
CDK4,CHEK1,688
CDK4,CHEK2,644
CDK4,COL1A1,553
CDK4,E2F1,958
CDK4,E2F2,805
CDK4,E2F3,811
CDK4,EP300,434
CDK4,FN1,404
CDK4,FOS,478
CDK4,FOXO1,518
CDK4,FOXO3,703
CDK4,GADD45A,447
CDK4,H2AX,742
CDK4,HDAC1,636
CDK4,HDAC2,459
CDK4,HIF1A,620
CDK4,HMGA2,521
CDK4,HSP90AA1,998
CDK4,IL1B,412
CDK4,IL6,506
CDK4,IRF1,477
CDK4,JAK2,571
CDK4,JUN,759
CDK4,KDM6B,400
CDK4,KEAP1,413
CDK4,LMNB1,447
CDK4,MAD2L1,637
CDK4,MAP1LC3B,424
CDK4,MAPK14,501
CDK4,MCM2,855
CDK4,MCM3,709
CDK4,MCM4,620
CDK4,MCM5,645
CDK4,MCM6,739
CDK4,MCM7,878
CDK4,MDM2,884
CDK4,MDM4,645
CDK4,MKI67,666
CDK4,MMP2,506
CDK4,MMP9,563
CDK4,MRE11,431
CDK4,MTOR,644
CDK4,MYC,966
CDK4,NFKB1,710
CDK4,PARP1,756
CDK4,PCNA,996
CDK4,PLK1,789
CDK4,PPP2R2B,432
CDK4,PRKAA1,435
CDK4,PRKDC,509
CDK4,PTEN,865
CDK4,PTGS2,418
CDK4,RAD51,913
CDK4,RB1,999
CDK4,RELA,594
CDK4,RFC4,442
CDK4,RPA1,726
CDK4,RPA2,700
CDK4,RPA3,628
CDK4,SIRT1,493
CDK4,SMARCB1,753
CDK4,SNAI1,521
CDK4,SOD1,448
CDK4,SP1,543
CDK4,STAT1,635
CDK4,STAT3,640
CDK4,TERT,756
CDK4,TGFB1,472
CDK4,TNF,477
CDK4,TOP2A,773
CDK4,TP53,966
CDK4,TSC1,440
CDK4,TSC2,650
CDK4,XRCC6,437
CDK4,YAP1,413
CDK4,ZEB1,447
CDK6,CDKN1A,999
CDK6,CDKN1B,999
CDK6,CDKN2A,999
CDK6,CDKN2B,999
CDK6,CHEK1,656
CDK6,CHEK2,526
CDK6,E2F1,931
CDK6,E2F2,776
CDK6,E2F3,832
CDK6,FOS,405
CDK6,FOXO1,461
CDK6,FOXO3,802
CDK6,GADD45A,612
CDK6,H2AX,426
CDK6,HDAC1,647
CDK6,HIF1A,552
CDK6,HMGA2,704
CDK6,HSP90AA1,587
CDK6,IL6,425
CDK6,IRF1,486
CDK6,JAK2,561
CDK6,JUN,787
CDK6,KEAP1,462
CDK6,MAD2L1,640
CDK6,MCM2,796
CDK6,MCM3,534
CDK6,MCM4,572
CDK6,MCM5,581
CDK6,MCM6,499
CDK6,MCM7,604
CDK6,MDM2,656
CDK6,MDM4,479
CDK6,MKI67,433
CDK6,MMP2,435
CDK6,MMP9,484
CDK6,MTOR,497
CDK6,MYC,788
CDK6,NFKB1,672
CDK6,PARP1,625
CDK6,PCNA,981
CDK6,PLK1,525
CDK6,PPP2R2B,409
CDK6,PTEN,801
CDK6,RAD51,694
CDK6,RB1,997
CDK6,SIRT1,582
CDK6,SNAI1,450
CDK6,STAT3,881
CDK6,TERT,596
CDK6,TNF,400
CDK6,TNFRSF1A,412
CDK6,TOP2A,623
CDK6,TP53,808
CDK6,YAP1,410
CDK6,ZEB1,717
CDKN1A,CDKN1B,982
CDKN1A,CDKN2A,966
CDKN1A,CDKN2B,890
CDKN1A,CHEK1,740
CDKN1A,CHEK2,761
CDKN1A,COL1A1,585
CDKN1A,CREB1,578
CDKN1A,CREBBP,904
CDKN1A,CXCL8,480
CDKN1A,E2F1,977
CDKN1A,E2F2,778
CDKN1A,E2F3,765
CDKN1A,EGR1,701
CDKN1A,EIF2AK3,521
CDKN1A,EP300,920
CDKN1A,FN1,462
CDKN1A,FOS,753
CDKN1A,FOSL1,619
CDKN1A,FOXO1,818
CDKN1A,FOXO3,995
CDKN1A,FOXO4,439
CDKN1A,GADD45A,974
CDKN1A,GADD45B,758
CDKN1A,H2AX,580
CDKN1A,HDAC1,903
CDKN1A,HDAC2,620
CDKN1A,HIF1A,609
CDKN1A,HMOX1,476
CDKN1A,HSP90AA1,909
CDKN1A,HSPA5,467
CDKN1A,HSPB1,453
CDKN1A,ICAM1,423
CDKN1A,IFNG,442
CDKN1A,IGFBP3,489
CDKN1A,IL1A,432
CDKN1A,IL1B,536
CDKN1A,IL6,633
CDKN1A,IRF1,403
CDKN1A,JAK2,640
CDKN1A,JUN,831
CDKN1A,KEAP1,605
CDKN1A,KLF6,411
CDKN1A,LMNB1,454
CDKN1A,LOX,576
CDKN1A,MAP1LC3B,467
CDKN1A,MAPK1,732
CDKN1A,MAPK14,591
CDKN1A,MAPK3,608
CDKN1A,MAPK8,808
CDKN1A,MCM6,589
CDKN1A,MCM7,824
CDKN1A,MDM2,980
CDKN1A,MDM4,754
CDKN1A,MKI67,418
CDKN1A,MMP2,476
CDKN1A,MMP9,514
CDKN1A,MTOR,521
CDKN1A,MYC,981
CDKN1A,NFE2L2,750
CDKN1A,NFKB1,751
CDKN1A,PARP1,856
CDKN1A,PCNA,999
CDKN1A,PLK1,682
CDKN1A,PTEN,792
CDKN1A,PTGS2,678
CDKN1A,RB1,876
CDKN1A,RELA,745
CDKN1A,RPS6KB1,475
CDKN1A,RUNX3,846
CDKN1A,SERPINE1,701
CDKN1A,SESN2,472
CDKN1A,SIRT1,719
CDKN1A,SIRT6,418
CDKN1A,SNAI1,492
CDKN1A,SP1,615
CDKN1A,SQSTM1,560
CDKN1A,STAT1,765
CDKN1A,STAT3,984
CDKN1A,TERT,507
CDKN1A,TGFB1,605
CDKN1A,TIMP1,426
CDKN1A,TNF,567
CDKN1A,TNFAIP3,422
CDKN1A,TP53,999
CDKN1A,TSC2,411
CDKN1A,XRCC6,408
CDKN1A,ZEB1,447
CDKN1B,CDKN2A,930
CDKN1B,CDKN2B,859
CDKN1B,CHEK1,453
CDKN1B,CHEK2,552
CDKN1B,CREB1,415
CDKN1B,E2F1,812
CDKN1B,E2F2,711
CDKN1B,E2F3,722
CDKN1B,EIF2AK3,537
CDKN1B,EP300,642
CDKN1B,FOS,514
CDKN1B,FOXO1,839
CDKN1B,FOXO3,980
CDKN1B,FOXO4,792
CDKN1B,GADD45A,478
CDKN1B,HDAC1,408
CDKN1B,HIF1A,511
CDKN1B,HSP90AA1,466
CDKN1B,IL6,434
CDKN1B,JAK2,725
CDKN1B,JUN,554
CDKN1B,MAPK1,858
CDKN1B,MAPK14,432
CDKN1B,MAPK3,634
CDKN1B,MAPK8,559
CDKN1B,MCM7,500
CDKN1B,MDM2,587
CDKN1B,MMP9,429
CDKN1B,MTOR,533
CDKN1B,MYC,855
CDKN1B,NFKB1,443
CDKN1B,PARP1,518
CDKN1B,PCNA,407
CDKN1B,PTEN,834
CDKN1B,RB1,818
CDKN1B,RPS6KB1,494
CDKN1B,RUNX3,512
CDKN1B,SIRT1,554
CDKN1B,SIRT6,487
CDKN1B,STAT1,587
CDKN1B,STAT3,541
CDKN1B,TGFB1,656
CDKN1B,TIMP2,413
CDKN1B,TNF,425
CDKN1B,TP53,991
CDKN1B,TSC1,508
CDKN1B,TSC2,840
CDKN1B,TXNIP,486
CDKN2A,CDKN2B,951
CDKN2A,CHEK1,724
CDKN2A,CHEK2,758
CDKN2A,CREB1,617
CDKN2A,CREBBP,751
CDKN2A,CXCL8,514
CDKN2A,DPP4,528
CDKN2A,E2F1,969
CDKN2A,E2F2,648
CDKN2A,E2F3,666
CDKN2A,EGR1,576
CDKN2A,EP300,859
CDKN2A,EPHA2,442
CDKN2A,FN1,557
CDKN2A,FOS,489
CDKN2A,FOXO1,483
CDKN2A,FOXO3,760
CDKN2A,GADD45A,505
CDKN2A,GADD45B,526
CDKN2A,H2AX,768
CDKN2A,HDAC1,794
CDKN2A,HDAC2,485
CDKN2A,HIF1A,956
CDKN2A,HMGA2,508
CDKN2A,HMGB1,543
CDKN2A,HSP90AA1,541
CDKN2A,IFNG,504
CDKN2A,IGFBP3,471
CDKN2A,IL10,428
CDKN2A,IL1A,488
CDKN2A,IL1B,526
CDKN2A,IL6,621
CDKN2A,JAK2,599
CDKN2A,JUN,779
CDKN2A,KDM6B,771
CDKN2A,KEAP1,510
CDKN2A,LMNB1,485
CDKN2A,LOX,531
CDKN2A,MAPK1,846
CDKN2A,MAPK14,944
CDKN2A,MAPK3,651
CDKN2A,MAPK8,838
CDKN2A,MCM2,788
CDKN2A,MCM5,774
CDKN2A,MCM6,670
CDKN2A,MCM7,608
CDKN2A,MDM2,999
CDKN2A,MDM4,963
CDKN2A,MMP1,412
CDKN2A,MMP2,474
CDKN2A,MMP3,433
CDKN2A,MMP9,513
CDKN2A,MRE11,448
CDKN2A,MTOR,615
CDKN2A,MYC,998
CDKN2A,NFE2L2,745
CDKN2A,NFKB1,571
CDKN2A,PARP1,597
CDKN2A,PCNA,448
CDKN2A,PLK1,480
CDKN2A,PRKDC,640
CDKN2A,PTEN,923
CDKN2A,PTGS2,482
CDKN2A,RAD51,444
CDKN2A,RB1,843
CDKN2A,RELA,851
CDKN2A,RPS6KB1,467
CDKN2A,RUNX3,789
CDKN2A,S100A8,531
CDKN2A,SERPINE1,471
CDKN2A,SIRT1,616
CDKN2A,SIRT6,414
CDKN2A,SMARCB1,643
CDKN2A,SNAI1,522
CDKN2A,SOCS1,600
CDKN2A,SP1,564
CDKN2A,STAT1,441
CDKN2A,STAT3,617
CDKN2A,TBX2,437
CDKN2A,TERT,817
CDKN2A,TGFB1,572
CDKN2A,TNF,572
CDKN2A,TOP2A,661
CDKN2A,TP53,999
CDKN2A,TSC1,426
CDKN2A,TSC2,513
CDKN2A,WRN,747
CDKN2A,YAP1,476
CDKN2A,ZEB1,505
CDKN2B,CHEK1,569
CDKN2B,E2F1,507
CDKN2B,E2F3,534
CDKN2B,EP300,431
CDKN2B,GADD45A,405
CDKN2B,HIF1A,627
CDKN2B,ICAM1,451
CDKN2B,MAPK1,464
CDKN2B,MDM2,720
CDKN2B,MDM4,524
CDKN2B,MYC,966
CDKN2B,PTEN,626
CDKN2B,RB1,510
CDKN2B,SIRT1,424
CDKN2B,SNAI1,577
CDKN2B,SP1,727
CDKN2B,TERT,652
CDKN2B,TGFB1,434
CDKN2B,TNFRSF1A,400
CDKN2B,TP53,860
CDO1,GCLC,848
CDO1,GCLM,857
CDO1,GOT1,940
CHAC1,DDIT3,466
CHAC1,FOS,479
CHAC1,GPX4,955
CHAC1,GSS,914
CHAC1,HERPUD1,453
CHAC1,HSPA5,463
CHAC1,SESN2,608
CHAC1,SLC1A5,400
CHAC1,SLC3A2,465
CHAC1,SLC7A11,591
CHAC1,TRIB3,966
CHEK1,CHEK2,971
CHEK1,E2F1,764
CHEK1,FANCD2,958
CHEK1,FBXL5,404
CHEK1,GADD45A,532
CHEK1,H2AX,898
CHEK1,HDAC1,566
CHEK1,HDAC2,413
CHEK1,HIF1A,429
CHEK1,HSP90AA1,891
CHEK1,IRF1,518
CHEK1,JAK2,644
CHEK1,JUN,496
CHEK1,LIG1,794
CHEK1,LIG3,535
CHEK1,LIG4,666
CHEK1,LMNB1,505
CHEK1,MAD2L1,927
CHEK1,MAPK14,492
CHEK1,MCM2,870
CHEK1,MCM3,950
CHEK1,MCM4,978
CHEK1,MCM5,866
CHEK1,MCM6,901
CHEK1,MCM7,906
CHEK1,MDM2,699
CHEK1,MDM4,742
CHEK1,MKI67,562
CHEK1,MRE11,868
CHEK1,MTOR,763
CHEK1,MYC,760
CHEK1,NBN,869
CHEK1,NFKB1,547
CHEK1,PARP1,858
CHEK1,PCNA,757
CHEK1,PLK1,535
CHEK1,PPARGC1A,442
CHEK1,PPP2R2B,858
CHEK1,PRKDC,928
CHEK1,PTEN,791
CHEK1,RAD50,628
CHEK1,RAD51,998
CHEK1,RB1,550
CHEK1,RELA,490
CHEK1,RFC1,420
CHEK1,RFC2,860
CHEK1,RFC3,858
CHEK1,RFC4,942
CHEK1,RFC5,762
CHEK1,RPA1,857
CHEK1,RPA2,925
CHEK1,RPA3,817
CHEK1,SIRT1,443
CHEK1,STAT3,434
CHEK1,TERF1,464
CHEK1,TERT,610
CHEK1,TOP2A,889
CHEK1,TP53,997
CHEK1,WRN,870
CHEK1,XRCC1,582
CHEK1,XRCC5,879
CHEK1,XRCC6,913
CHEK1,ZEB1,520
CHEK2,E2F1,594
CHEK2,EP300,400
CHEK2,FANCD2,865
CHEK2,FOXO3,625
CHEK2,GADD45A,507
CHEK2,H2AX,957
CHEK2,HDAC1,451
CHEK2,HDAC2,446
CHEK2,HERC2,574
CHEK2,HIF1A,403
CHEK2,HSP90AA1,425
CHEK2,IRF1,498
CHEK2,JUN,416
CHEK2,LIG1,551
CHEK2,LIG3,527
CHEK2,LIG4,610
CHEK2,LMNB1,508
CHEK2,MAD2L1,712
CHEK2,MAPK1,663
CHEK2,MAPK3,682
CHEK2,MCM2,608
CHEK2,MCM3,708
CHEK2,MCM4,927
CHEK2,MCM5,811
CHEK2,MCM6,550
CHEK2,MCM7,663
CHEK2,MDM2,983
CHEK2,MDM4,920
CHEK2,MRE11,900
CHEK2,MTOR,464
CHEK2,MYC,616
CHEK2,NBN,935
CHEK2,NFKB1,521
CHEK2,PARP1,775
CHEK2,PCNA,590
CHEK2,PLK1,900
CHEK2,PPP2R2B,809
CHEK2,PRKDC,937
CHEK2,PTEN,810
CHEK2,RAD50,785
CHEK2,RAD51,930
CHEK2,RB1,631
CHEK2,RFC1,476
CHEK2,RFC2,756
CHEK2,RFC3,556
CHEK2,RFC4,717
CHEK2,RFC5,533
CHEK2,RPA1,612
CHEK2,RPA2,690
CHEK2,SIRT1,784
CHEK2,SIRT6,549
CHEK2,STAT3,642
CHEK2,TERF1,478
CHEK2,TERF2,527
CHEK2,TERT,576
CHEK2,TOP2A,546
CHEK2,TP53,999
CHEK2,TSC2,496
CHEK2,WRN,824
CHEK2,XRCC1,696
CHEK2,XRCC5,855
CHEK2,XRCC6,812
COL1A1,COL1A2,999
COL1A1,COL3A1,999
COL1A1,CXCL10,575
COL1A1,CXCL8,408
COL1A1,EDN1,421
COL1A1,EGR1,623
COL1A1,FN1,974
COL1A1,FOS,669
COL1A1,FOXO1,519
COL1A1,HIF1A,459
COL1A1,IFNG,407
COL1A1,IGFBP3,750
COL1A1,IGFBP5,526
COL1A1,IGFBP7,417
COL1A1,IL10,424
COL1A1,IL1A,416
COL1A1,IL1B,596
COL1A1,IL6,630
COL1A1,JUN,667
COL1A1,LOX,808
COL1A1,MAPK3,453
COL1A1,MMP1,767
COL1A1,MMP10,453
COL1A1,MMP12,523
COL1A1,MMP13,702
COL1A1,MMP2,828
COL1A1,MMP3,678
COL1A1,MMP9,840
COL1A1,MPO,472
COL1A1,MYC,402
COL1A1,NFKB1,423
COL1A1,NOX4,410
COL1A1,PTEN,631
COL1A1,PTGS2,626
COL1A1,RB1,766
COL1A1,SERPINE1,643
COL1A1,SNAI1,493
COL1A1,SP1,634
COL1A1,STAT3,432
COL1A1,TGFB1,802
COL1A1,TIMP1,842
COL1A1,TIMP2,620
COL1A1,TNF,598
COL1A1,TNFRSF1A,481
COL1A1,TP53,472
COL1A1,TSC2,433
COL1A1,VCAM1,441
COL1A1,WNT5A,483
COL1A2,COL3A1,999
COL1A2,CXCL2,425
COL1A2,EP300,607
COL1A2,FN1,982
COL1A2,FOXO1,434
COL1A2,HDAC1,409
COL1A2,HSPA5,521
COL1A2,IGFBP3,468
COL1A2,IGFBP5,494
COL1A2,IGFBP7,487
COL1A2,IL1B,447
COL1A2,IL6,490
COL1A2,JUN,621
COL1A2,LOX,788
COL1A2,MMP1,659
COL1A2,MMP10,438
COL1A2,MMP12,516
COL1A2,MMP13,553
COL1A2,MMP2,853
COL1A2,MMP3,680
COL1A2,MMP9,904
COL1A2,PTGS2,580
COL1A2,SERPINE1,694
COL1A2,SP1,703
COL1A2,TGFB1,804
COL1A2,TIMP1,671
COL1A2,TIMP2,555
COL1A2,TNF,467
COL1A2,TOP2A,476
COL1A2,ZEB1,599
COL3A1,FN1,928
COL3A1,FOSL1,450
COL3A1,IGFBP5,548
COL3A1,IGFBP7,435
COL3A1,IL1B,467
COL3A1,IL6,501
COL3A1,JUN,593
COL3A1,LOX,843
COL3A1,MMP1,550
COL3A1,MMP12,479
COL3A1,MMP13,546
COL3A1,MMP2,799
COL3A1,MMP3,631
COL3A1,MMP9,745
COL3A1,PTGS2,542
COL3A1,SERPINE1,507
COL3A1,TGFB1,748
COL3A1,TIMP1,678
COL3A1,TIMP2,552
COL3A1,TNF,454
COL3A1,TNFRSF1A,509
COL3A1,TSC2,422
COL3A1,VCAM1,458
CREB1,CREBBP,999
CREB1,CXCL8,483
CREB1,DDIT3,436
CREB1,DYRK1A,587
CREB1,E2F1,659
CREB1,EDN1,413
CREB1,EGR1,953
CREB1,EIF2AK3,715
CREB1,EP300,999
CREB1,ERN1,413
CREB1,FN1,624
CREB1,FOS,998
CREB1,FOSL1,848
CREB1,FOXO1,920
CREB1,FOXO3,634
CREB1,FOXO4,550
CREB1,FTH1,563
CREB1,HDAC1,877
CREB1,HDAC2,769
CREB1,HIF1A,833
CREB1,HMGA1,513
CREB1,HMGA2,494
CREB1,HMOX1,557
CREB1,HSP90AA1,423
CREB1,HSPA5,638
CREB1,HSPB1,511
CREB1,ICAM1,408
CREB1,IFNG,563
CREB1,IL10,893
CREB1,IL18,420
CREB1,IL1A,475
CREB1,IL1B,672
CREB1,IL6,918
CREB1,IRF1,684
CREB1,JAK2,680
CREB1,JUN,998
CREB1,KEAP1,422
CREB1,MAPK1,962
CREB1,MAPK14,706
CREB1,MAPK3,987
CREB1,MAPK8,762
CREB1,MDM2,643
CREB1,MMP2,420
CREB1,MMP9,529
CREB1,MTOR,624
CREB1,MYC,789
CREB1,NFE2L2,551
CREB1,NFKB1,773
CREB1,NR1D1,569
CREB1,PARP1,433
CREB1,PDE4B,473
CREB1,PPARGC1A,996
CREB1,PRKD1,769
CREB1,PTEN,704
CREB1,PTGS2,629
CREB1,RBM3,402
CREB1,RELA,986
CREB1,RPS6KB1,597
CREB1,SERPINE1,407
CREB1,SIRT1,781
CREB1,SNAI1,402
CREB1,SNCA,504
CREB1,SP1,784
CREB1,STAT1,743
CREB1,STAT3,924
CREB1,TFAM,539
CREB1,TGFB1,511
CREB1,TLR4,749
CREB1,TNF,681
CREB1,TP53,998
CREB1,TRIB3,561
CREB1,TSC2,403
CREB1,YAP1,730
CREB1,ZEB1,409
CREBBP,CSF2,582
CREBBP,CXCL8,533
CREBBP,DDIT3,400
CREBBP,DYRK1A,694
CREBBP,E2F1,882
CREBBP,E2F3,802
CREBBP,EBF3,406
CREBBP,EGR1,834
CREBBP,EP300,999
CREBBP,FOS,943
CREBBP,FOSL1,473
CREBBP,FOXO1,993
CREBBP,FOXO3,995
CREBBP,FOXO4,984
CREBBP,GCLC,577
CREBBP,GCLM,567
CREBBP,H2AX,601
CREBBP,HDAC1,960
CREBBP,HDAC2,934
CREBBP,HDAC3,873
CREBBP,HIF1A,999
CREBBP,HMGA1,578
CREBBP,HMGB1,635
CREBBP,HSP90AA1,415
CREBBP,IL1B,589
CREBBP,IL6,416
CREBBP,IRF1,587
CREBBP,IRF7,976
CREBBP,IRF9,455
CREBBP,JAK2,451
CREBBP,JUN,994
CREBBP,KDM6B,449
CREBBP,KEAP1,447
CREBBP,MAPK1,803
CREBBP,MAPK14,493
CREBBP,MAPK3,701
CREBBP,MAPK8,694
CREBBP,MDM2,909
CREBBP,MTOR,412
CREBBP,MYC,945
CREBBP,NFE2L2,942
CREBBP,NFKB1,913
CREBBP,NR2F2,461
CREBBP,PARP1,738
CREBBP,PLIN2,414
CREBBP,PPARGC1A,860
CREBBP,PTEN,552
CREBBP,RB1,545
CREBBP,RELA,999
CREBBP,RUNX3,587
CREBBP,SERPINE1,501
CREBBP,SIRT1,754
CREBBP,SLC7A11,531
CREBBP,SMARCB1,517
CREBBP,SNAI1,759
CREBBP,SP1,992
CREBBP,STAT1,999
CREBBP,STAT3,935
CREBBP,STEAP3,499
CREBBP,TGFB1,499
CREBBP,TNF,431
CREBBP,TNFAIP3,446
CREBBP,TNFRSF1A,494
CREBBP,TP53,999
CREBBP,TRIB3,436
CREBBP,XRCC6,618
CREBBP,ZEB1,468
CRYAB,EPHA2,415
CRYAB,HDAC1,460
CRYAB,HSP90AA1,726
CRYAB,HSPA5,512
CRYAB,HSPB1,940
CRYAB,PRNP,428
CRYAB,SNCA,863
CRYAB,SOD1,639
CRYAB,TP53,798
CSE1L,PARP1,413
CSE1L,TP53,544
CSF2,CSF3,999
CSF2,CXCL1,931
CSF2,CXCL10,911
CSF2,CXCL2,823
CSF2,CXCL8,972
CSF2,EDN1,641
CSF2,FN1,586
CSF2,FOS,678
CSF2,HIF1A,527
CSF2,HMGA2,461
CSF2,HMGB1,523
CSF2,ICAM1,742
CSF2,IFNG,984
CSF2,IL10,959
CSF2,IL18,897
CSF2,IL1A,997
CSF2,IL1B,998
CSF2,IL6,974
CSF2,IRF1,731
CSF2,IRF7,646
CSF2,IRF9,536
CSF2,JAK2,956
CSF2,JUN,565
CSF2,LCN2,451
CSF2,LIFR,714
CSF2,MAPK1,465
CSF2,MAPK14,415
CSF2,MAPK3,521
CSF2,MMP1,508
CSF2,MMP10,435
CSF2,MMP12,481
CSF2,MMP2,495
CSF2,MMP3,575
CSF2,MMP9,658
CSF2,MPO,601
CSF2,MTOR,420
CSF2,MYC,507
CSF2,NFKB1,730
CSF2,NLRP3,517
CSF2,PTEN,418
CSF2,PTGS2,648
CSF2,RELA,447
CSF2,SELE,543
CSF2,SERPINE1,490
CSF2,SOCS1,491
CSF2,STAT1,673
CSF2,STAT3,851
CSF2,TFRC,447
CSF2,TGFB1,701
CSF2,TIMP1,544
CSF2,TLR4,781
CSF2,TNF,970
CSF2,TNFAIP3,430
CSF2,TNFRSF1A,542
CSF2,TP53,718
CSF2,VCAM1,626
CSF3,CXCL1,966
CSF3,CXCL10,908
CSF3,CXCL2,897
CSF3,CXCL8,971
CSF3,DPP4,495
CSF3,EDN1,573
CSF3,FN1,514
CSF3,FOS,416
CSF3,HIF1A,477
CSF3,HMGB1,418
CSF3,ICAM1,776
CSF3,IFNG,989
CSF3,IL10,927
CSF3,IL18,792
CSF3,IL1A,991
CSF3,IL1B,996
CSF3,IL6,988
CSF3,IRF7,506
CSF3,JAK2,988
CSF3,JUN,418
CSF3,LCN2,492
CSF3,LIFR,817
CSF3,MAPK3,430
CSF3,MMP1,421
CSF3,MMP12,550
CSF3,MMP2,616
CSF3,MMP3,648
CSF3,MMP9,648
CSF3,MPO,744
CSF3,MYC,419
CSF3,NFKB1,551
CSF3,NLRP3,416
CSF3,PTGS2,559
CSF3,SELE,716
CSF3,SERPINE1,492
CSF3,SOCS1,697
CSF3,STAT1,760
CSF3,STAT3,916
CSF3,TFRC,457
CSF3,TGFB1,592
CSF3,TIMP1,507
CSF3,TLR4,757
CSF3,TNF,949
CSF3,TNFRSF1A,464
CSF3,TP53,505
CSF3,VCAM1,612
CTSB,CXCL8,488
CTSB,DPP4,508
CTSB,FN1,528
CTSB,GABARAPL1,414
CTSB,HIF1A,442
CTSB,HSP90AA1,422
CTSB,HSPA5,609
CTSB,IFNG,519
CTSB,IL10,493
CTSB,IL18,597
CTSB,IL1A,520
CTSB,IL1B,695
CTSB,IL6,631
CTSB,JUN,623
CTSB,LGMN,944
CTSB,MAP1LC3A,453
CTSB,MAP1LC3B,574
CTSB,MAPK3,431
CTSB,MMP1,439
CTSB,MMP12,638
CTSB,MMP13,613
CTSB,MMP2,553
CTSB,MMP3,670
CTSB,MMP9,897
CTSB,MPO,607
CTSB,MTOR,427
CTSB,MYC,442
CTSB,NFKB1,427
CTSB,NLRP3,993
CTSB,PARP1,535
CTSB,PRNP,452
CTSB,S100A8,483
CTSB,SERPINE1,725
CTSB,SNCA,470
CTSB,SQSTM1,719
CTSB,STAT3,449
CTSB,TGFB1,434
CTSB,TIMP1,447
CTSB,TIMP2,477
CTSB,TLR4,553
CTSB,TNF,605
CTSB,TOP2A,444
CTSB,TP53,468
CXCL1,CXCL10,992
CXCL1,CXCL2,996
CXCL1,CXCL8,957
CXCL1,EDN1,446
CXCL1,EGR1,436
CXCL1,FN1,528
CXCL1,FOS,457
CXCL1,GADD45A,509
CXCL1,HIF1A,539
CXCL1,HMGB1,456
CXCL1,HMOX1,407
CXCL1,ICAM1,845
CXCL1,IFNG,887
CXCL1,IL10,919
CXCL1,IL18,918
CXCL1,IL1A,962
CXCL1,IL1B,978
CXCL1,IL6,982
CXCL1,IRF1,474
CXCL1,IRF7,440
CXCL1,JAK2,416
CXCL1,JUN,952
CXCL1,LCN2,673
CXCL1,LOX,563
CXCL1,MAPK3,479
CXCL1,MMP1,752
CXCL1,MMP10,486
CXCL1,MMP12,557
CXCL1,MMP13,466
CXCL1,MMP2,503
CXCL1,MMP3,821
CXCL1,MMP9,714
CXCL1,MPO,670
CXCL1,MYC,442
CXCL1,NFKB1,963
CXCL1,NLRP3,506
CXCL1,PTGS2,848
CXCL1,RELA,943
CXCL1,S100A8,601
CXCL1,SELE,632
CXCL1,SERPINE1,590
CXCL1,STAT1,708
CXCL1,STAT3,821
CXCL1,TGFB1,624
CXCL1,TIMP1,663
CXCL1,TIMP2,648
CXCL1,TLR4,717
CXCL1,TNF,955
CXCL1,TNFAIP3,622
CXCL1,TNFRSF1A,490
CXCL1,TP53,517
CXCL1,VCAM1,683
CXCL10,CXCL2,965
CXCL10,CXCL8,975
CXCL10,DPP4,777
CXCL10,FN1,686
CXCL10,FOS,406
CXCL10,HIF1A,457
CXCL10,HMGB1,517
CXCL10,HMOX1,429
CXCL10,ICAM1,858
CXCL10,IFNG,959
CXCL10,IGFBP3,521
CXCL10,IGFBP7,512
CXCL10,IL10,962
CXCL10,IL18,862
CXCL10,IL1A,958
CXCL10,IL1B,962
CXCL10,IL6,960
CXCL10,IRF1,875
CXCL10,IRF7,801
CXCL10,IRF9,655
CXCL10,JAK2,577
CXCL10,JUN,508
CXCL10,LCN2,540
CXCL10,MAPK3,446
CXCL10,MMP1,732
CXCL10,MMP12,493
CXCL10,MMP2,446
CXCL10,MMP3,702
CXCL10,MMP9,868
CXCL10,MPO,661
CXCL10,MYC,435
CXCL10,NFKB1,845
CXCL10,NLRP3,555
CXCL10,PTGS2,605
CXCL10,RELA,666
CXCL10,SELE,590
CXCL10,SERPINE1,666
CXCL10,SOCS1,757
CXCL10,SQSTM1,469
CXCL10,STAT1,949
CXCL10,STAT3,820
CXCL10,TGFB1,620
CXCL10,TIMP1,744
CXCL10,TLR4,969
CXCL10,TNF,966
CXCL10,TNFAIP3,548
CXCL10,TNFRSF1A,540
CXCL10,TP53,472
CXCL10,VCAM1,732
CXCL2,CXCL8,982
CXCL2,DPP4,754
CXCL2,EGR1,476
CXCL2,FOS,480
CXCL2,HIF1A,425
CXCL2,ICAM1,704
CXCL2,IFNG,823
CXCL2,IL10,883
CXCL2,IL18,841
CXCL2,IL1A,943
CXCL2,IL1B,968
CXCL2,IL6,966
CXCL2,IRF1,459
CXCL2,IRF7,536
CXCL2,JUN,953
CXCL2,KLF6,414
CXCL2,LCN2,525
CXCL2,MMP1,451
CXCL2,MMP12,403
CXCL2,MMP2,400
CXCL2,MMP3,424
CXCL2,MMP9,566
CXCL2,MPO,546
CXCL2,NFKB1,969
CXCL2,NLRP3,574
CXCL2,PLK1,412
CXCL2,PTGS2,819
CXCL2,RELA,953
CXCL2,S100A8,582
CXCL2,SELE,515
CXCL2,STAT1,455
CXCL2,STAT3,766
CXCL2,TGFB1,484
CXCL2,TIMP1,479
CXCL2,TLR4,849
CXCL2,TNF,928
CXCL2,TNFAIP3,718
CXCL2,VCAM1,572
CXCL8,DPP4,456
CXCL8,EDN1,803
CXCL8,EGR1,676
CXCL8,EIF2AK3,495
CXCL8,EP300,553
CXCL8,FABP5,471
CXCL8,FN1,846
CXCL8,FOS,765
CXCL8,FOSL1,453
CXCL8,FOXO1,405
CXCL8,FOXO3,406
CXCL8,GADD45B,528
CXCL8,HIF1A,716
CXCL8,HMGA2,449
CXCL8,HMGB1,610
CXCL8,HMOX1,622
CXCL8,HSP90AA1,450
CXCL8,ICAM1,943
CXCL8,IFNG,961
CXCL8,IGFBP3,430
CXCL8,IL10,970
CXCL8,IL18,926
CXCL8,IL1A,974
CXCL8,IL1B,994
CXCL8,IL6,991
CXCL8,IRF1,575
CXCL8,IRF7,580
CXCL8,IRF9,590
CXCL8,JAK2,758
CXCL8,JUN,987
CXCL8,KEAP1,410
CXCL8,KLF6,459
CXCL8,LCN2,604
CXCL8,LOX,632
CXCL8,MAPK1,735
CXCL8,MAPK14,645
CXCL8,MAPK3,661
CXCL8,MAPK8,669
CXCL8,MMP1,762
CXCL8,MMP10,669
CXCL8,MMP12,550
CXCL8,MMP13,732
CXCL8,MMP2,814
CXCL8,MMP3,821
CXCL8,MMP9,880
CXCL8,MPO,733
CXCL8,MTOR,507
CXCL8,MYC,615
CXCL8,NFE2L2,665
CXCL8,NFKB1,988
CXCL8,NLRP3,692
CXCL8,PADI4,483
CXCL8,PTEN,518
CXCL8,PTGS2,975
CXCL8,RELA,995
CXCL8,S100A8,763
CXCL8,SELE,851
CXCL8,SERPINE1,736
CXCL8,SIRT1,482
CXCL8,SNAI1,551
CXCL8,SOCS1,460
CXCL8,STAT1,765
CXCL8,STAT3,857
CXCL8,TGFB1,775
CXCL8,TIMP1,780
CXCL8,TIMP2,648
CXCL8,TLR4,933
CXCL8,TNF,983
CXCL8,TNFAIP3,738
CXCL8,TNFRSF1A,782
CXCL8,TP53,804
CXCL8,VCAM1,857
CXCL8,ZEB1,418
DDIT3,EIF2A,586
DDIT3,EIF2AK3,884
DDIT3,EP300,784
DDIT3,ERN1,887
DDIT3,FOS,905
DDIT3,GADD45A,783
DDIT3,GADD45B,644
DDIT3,HDAC1,742
DDIT3,HERPUD1,602
DDIT3,HIF1A,444
DDIT3,HMOX1,545
DDIT3,HSPA5,921
DDIT3,IFNG,459
DDIT3,IL10,402
DDIT3,IL1B,498
DDIT3,IL6,520
DDIT3,JUN,889
DDIT3,KEAP1,550
DDIT3,MAP1LC3B,554
DDIT3,MAPK14,950
DDIT3,MAPK3,440
DDIT3,MAPK8,485
DDIT3,MTOR,545
DDIT3,NFE2L2,968
DDIT3,PARP1,506
DDIT3,PPARGC1A,400
DDIT3,PTGS2,435
DDIT3,RPS6KB1,402
DDIT3,SESN2,451
DDIT3,SIRT1,435
DDIT3,SMARCB1,581
DDIT3,SQSTM1,440
DDIT3,STAT3,474
DDIT3,TFAM,407
DDIT3,TLR4,415
DDIT3,TNF,518
DDIT3,TP53,690
DDIT3,TRIB3,931
DPP4,FANCD2,479
DPP4,FN1,983
DPP4,HSPA5,597
DPP4,ICAM1,631
DPP4,IFNG,575
DPP4,IL10,539
DPP4,IL18,419
DPP4,IL1A,430
DPP4,IL1B,581
DPP4,IL6,694
DPP4,MMP1,536
DPP4,MMP10,465
DPP4,MMP13,516
DPP4,MMP9,468
DPP4,NFKB1,402
DPP4,SERPINE1,451
DPP4,SIRT1,413
DPP4,SLC40A1,437
DPP4,STAT3,419
DPP4,TFRC,699
DPP4,TGFB1,475
DPP4,TIMP1,605
DPP4,TLR4,445
DPP4,TNF,589
DPP4,TP53,656
DPP4,VCAM1,669
DUOX1,EDN1,419
DUOX1,HIF1A,430
DUOX1,HMOX1,561
DUOX1,HSP90AA1,497
DUOX1,IL1B,527
DUOX1,IL6,531
DUOX1,JUN,456
DUOX1,KEAP1,443
DUOX1,MAPK3,401
DUOX1,MMP9,412
DUOX1,NFE2L2,509
DUOX1,NOX4,992
DUOX1,SIRT1,434
DUOX1,SOD1,460
DUOX1,TGFB1,433
DUOX1,TLR4,480
DUOX1,TNF,497
DYRK1A,EP300,690
DYRK1A,FOXO1,417
DYRK1A,HSP90AA1,529
DYRK1A,KDM6B,433
DYRK1A,LPIN2,457
DYRK1A,MAP3K14,497
DYRK1A,MDM2,473
DYRK1A,PLK1,496
DYRK1A,RB1,652
DYRK1A,RPS6KB1,421
DYRK1A,SIRT1,596
DYRK1A,SNCA,525
DYRK1A,TP53,613
DYRK1A,TSC1,702
DYRK1A,TSC2,625
E2F1,E2F2,993
E2F1,E2F3,979
E2F1,EGR1,690
E2F1,EP300,973
E2F1,FOS,699
E2F1,FOXO1,709
E2F1,FOXO3,994
E2F1,GADD45A,447
E2F1,H2AX,545
E2F1,HDAC1,999
E2F1,HDAC2,469
E2F1,HIF1A,600
E2F1,HMGA2,486
E2F1,HSP90AA1,617
E2F1,IL6,418
E2F1,JUN,743
E2F1,KLF6,516
E2F1,LMNB1,416
E2F1,MAD2L1,438
E2F1,MAPK3,452
E2F1,MAX,619
E2F1,MCM2,503
E2F1,MCM3,771
E2F1,MCM4,627
E2F1,MCM5,728
E2F1,MCM6,483
E2F1,MCM7,817
E2F1,MDM2,992
E2F1,MDM4,750
E2F1,MKI67,514
E2F1,MMP9,451
E2F1,MTOR,483
E2F1,MYC,995
E2F1,NBN,587
E2F1,NFKB1,932
E2F1,NR2F2,453
E2F1,PARP1,787
E2F1,PCNA,697
E2F1,PLK1,615
E2F1,PPARGC1A,589
E2F1,PRKDC,425
E2F1,PTEN,839
E2F1,RAD51,820
E2F1,RB1,999
E2F1,RELA,746
E2F1,RFC4,406
E2F1,SETD7,753
E2F1,SIRT1,924
E2F1,SNAI1,468
E2F1,SP1,983
E2F1,STAT1,528
E2F1,STAT3,797
E2F1,TERT,538
E2F1,TGFB1,419
E2F1,TNF,420
E2F1,TOP2A,646
E2F1,TP53,986
E2F1,XRCC6,426
E2F1,ZEB1,647
E2F2,E2F3,962
E2F2,EP300,482
E2F2,FOS,462
E2F2,FOXO3,589
E2F2,HDAC1,603
E2F2,HDAC2,560
E2F2,HDAC3,524
E2F2,MCM3,549
E2F2,MCM4,508
E2F2,MCM5,468
E2F2,MCM6,482
E2F2,MCM7,469
E2F2,MYC,814
E2F2,PLK1,474
E2F2,PTEN,456
E2F2,RB1,999
E2F2,SESN2,416
E2F2,SIRT1,507
E2F2,SP1,601
E2F2,TP53,791
E2F3,EP300,645
E2F3,H2AX,405
E2F3,HDAC1,541
E2F3,HIF1A,407
E2F3,JUN,417
E2F3,MCM3,452
E2F3,MCM4,531
E2F3,MCM5,401
E2F3,MCM7,411
E2F3,MDM2,594
E2F3,MYC,754
E2F3,NFKB1,456
E2F3,PCNA,455
E2F3,PLK1,456
E2F3,PTEN,559
E2F3,RB1,998
E2F3,SIRT1,671
E2F3,SP1,648
E2F3,TP53,707
E2F3,ZEB1,416
EBF3,EP300,425
EDN1,FN1,605
EDN1,FOS,680
EDN1,HIF1A,630
EDN1,HMOX1,735
EDN1,ICAM1,799
EDN1,IFNG,697
EDN1,IL10,555
EDN1,IL18,451
EDN1,IL1A,637
EDN1,IL1B,803
EDN1,IL6,765
EDN1,JUN,630
EDN1,LCN2,404
EDN1,LOX,425
EDN1,MAPK3,581
EDN1,MMP1,629
EDN1,MMP2,958
EDN1,MMP3,610
EDN1,MMP9,963
EDN1,MPO,458
EDN1,NFKB1,486
EDN1,NOX4,596
EDN1,PTGS2,663
EDN1,SELE,672
EDN1,SERPINE1,755
EDN1,SIRT1,432
EDN1,SNAI1,532
EDN1,STAT3,656
EDN1,TGFB1,691
EDN1,TIMP1,696
EDN1,TIMP2,546
EDN1,TLR4,530
EDN1,TNF,732
EDN1,TP53,451
EDN1,VCAM1,722
EGR1,EP300,952
EGR1,FN1,672
EGR1,FOS,995
EGR1,FOSL1,862
EGR1,FOXO1,648
EGR1,FOXO3,421
EGR1,GADD45A,515
EGR1,GADD45B,578
EGR1,HDAC1,859
EGR1,HDAC2,700
EGR1,HDAC3,588
EGR1,HIF1A,552
EGR1,HMOX1,425
EGR1,ICAM1,425
EGR1,IFNG,431
EGR1,IGFBP3,566
EGR1,IL1A,425
EGR1,IL1B,665
EGR1,IL6,778
EGR1,IRF1,520
EGR1,IRF7,566
EGR1,IRF9,593
EGR1,JUN,990
EGR1,MAPK1,946
EGR1,MAPK14,610
EGR1,MAPK3,963
EGR1,MAPK8,414
EGR1,MDM2,684
EGR1,MMP9,642
EGR1,MTOR,450
EGR1,MYC,873
EGR1,NFKB1,553
EGR1,NR2F2,540
EGR1,PLK1,446
EGR1,PTEN,789
EGR1,PTGS2,643
EGR1,RELA,733
EGR1,SERPINE1,464
EGR1,SIRT1,406
EGR1,SNAI1,715
EGR1,SOD1,526
EGR1,SP1,806
EGR1,STAT1,837
EGR1,STAT3,761
EGR1,TBX2,467
EGR1,TGFB1,692
EGR1,TLR4,436
EGR1,TNF,621
EGR1,TNFAIP3,411
EGR1,TP53,969
EGR1,YAP1,544
EIF2A,EIF2AK3,748
EIF2A,ERN1,553
EIF2A,HSPA5,580
EIF2AK3,ERN1,541
EIF2AK3,FN1,640
EIF2AK3,FOS,621
EIF2AK3,FOXO1,444
EIF2AK3,FOXO3,453
EIF2AK3,HERPUD1,543
EIF2AK3,HIF1A,541
EIF2AK3,HMOX1,578
EIF2AK3,HSP90AA1,866
EIF2AK3,HSPA5,999
EIF2AK3,IFNG,447
EIF2AK3,IL10,400
EIF2AK3,IL1B,602
EIF2AK3,IL6,624
EIF2AK3,JUN,721
EIF2AK3,KEAP1,530
EIF2AK3,LMNB1,463
EIF2AK3,MAP1LC3B,569
EIF2AK3,MMP2,573
EIF2AK3,MMP9,580
EIF2AK3,MTOR,581
EIF2AK3,MYC,599
EIF2AK3,NFE2L2,977
EIF2AK3,NFKB1,544
EIF2AK3,NLRP3,443
EIF2AK3,PARP1,655
EIF2AK3,PTEN,547
EIF2AK3,PTGS2,490
EIF2AK3,SIRT1,472
EIF2AK3,SNAI1,434
EIF2AK3,SQSTM1,726
EIF2AK3,STAT1,638
EIF2AK3,STAT3,807
EIF2AK3,TFAM,418
EIF2AK3,TGFB1,447
EIF2AK3,TLR4,492
EIF2AK3,TNF,625
EIF2AK3,TP53,627
EIF2AK3,TRIB3,462
EP300,FN1,447
EP300,FOS,964
EP300,FOSL1,803
EP300,FOXO1,984
EP300,FOXO3,991
EP300,FOXO4,983
EP300,GADD45A,765
EP300,GCLC,552
EP300,GCLM,565
EP300,H2AX,713
EP300,HDAC1,999
EP300,HDAC2,944
EP300,HDAC3,958
EP300,HIF1A,999
EP300,HMGB1,456
EP300,HSP90AA1,809
EP300,HSPA5,622
EP300,IFNG,451
EP300,IL1A,489
EP300,IL1B,710
EP300,IL6,480
EP300,IRF1,984
EP300,IRF7,979
EP300,IRF9,589
EP300,JAK2,456
EP300,JUN,999
EP300,KDM6B,754
EP300,KEAP1,547
EP300,LIG1,494
EP300,LIG3,499
EP300,MAPK1,818
EP300,MAPK14,741
EP300,MAPK3,655
EP300,MAPK8,700
EP300,MAX,712
EP300,MCM2,407
EP300,MCM3,478
EP300,MCM4,416
EP300,MCM5,458
EP300,MDM2,999
EP300,MDM4,562
EP300,MTOR,638
EP300,MYC,999
EP300,NFE2L2,933
EP300,NFKB1,998
EP300,NR1D1,766
EP300,NR2F2,847
EP300,PARP1,881
EP300,PCNA,900
EP300,PDE4B,429
EP300,PLK1,654
EP300,PPARGC1A,990
EP300,PRKAA1,406
EP300,PRKDC,598
EP300,PTEN,596
EP300,PTGS2,692
EP300,RAD51,533
EP300,RB1,808
EP300,RELA,999
EP300,RPA1,466
EP300,RPS6KB1,483
EP300,RUNX3,948
EP300,SELE,447
EP300,SETD7,553
EP300,SIRT1,972
EP300,SIRT6,553
EP300,SLC7A11,543
EP300,SMARCB1,672
EP300,SNAI1,847
EP300,SOCS1,576
EP300,SP1,999
EP300,STAT1,998
EP300,STAT3,999
EP300,TERF1,401
EP300,TERF2,418
EP300,TERT,401
EP300,TGFB1,793
EP300,TNF,638
EP300,TNFRSF1A,530
EP300,TP53,999
EP300,TXNIP,536
EP300,WWTR1,489
EP300,XRCC1,555
EP300,XRCC5,716
EP300,XRCC6,610
EP300,YAP1,692
EP300,ZEB1,932
EPHA2,EPHA4,808
EPHA2,FN1,481
EPHA2,FOSL1,505
EPHA2,HDAC1,491
EPHA2,HIF1A,495
EPHA2,HSP90AA1,633
EPHA2,HSPB1,491
EPHA2,JUN,555
EPHA2,MMP10,702
EPHA2,MMP2,408
EPHA2,MYC,488
EPHA2,PTEN,648
EPHA2,SERPINE1,570
EPHA2,SLC7A11,643
EPHA2,STAT3,499
EPHA2,TFRC,724
EPHA2,TGFB1,409
EPHA2,TP53,539
EPHA2,YAP1,418
EPHA4,JAK2,441
ERN1,FOXO1,440
ERN1,HERPUD1,547
ERN1,HIF1A,631
ERN1,HMOX1,433
ERN1,HSP90AA1,864
ERN1,HSPA5,999
ERN1,IL1B,536
ERN1,IL6,550
ERN1,JUN,693
ERN1,MAP1LC3B,593
ERN1,MTOR,582
ERN1,MYC,492
ERN1,NFE2L2,483
ERN1,NFKB1,458
ERN1,NLRP3,448
ERN1,NOX4,447
ERN1,PARP1,553
ERN1,PPARGC1A,434
ERN1,SIRT1,419
ERN1,SQSTM1,712
ERN1,STAT3,459
ERN1,TFAM,537
ERN1,TGFB1,407
ERN1,TLR4,476
ERN1,TNF,901
ERN1,TNFRSF1A,627
ERN1,TP53,625
ERN1,TRIB3,544
ERN1,TXNIP,590
ERN1,VDAC2,496
FABP5,FN1,532
FABP5,PLIN2,503
FANCD2,FOXO3,900
FANCD2,H2AX,887
FANCD2,LIG1,554
FANCD2,LIG3,505
FANCD2,LIG4,838
FANCD2,MCM2,618
FANCD2,MCM3,717
FANCD2,MCM4,740
FANCD2,MCM5,564
FANCD2,MCM6,551
FANCD2,MCM7,748
FANCD2,MDM2,414
FANCD2,MRE11,734
FANCD2,MYC,551
FANCD2,NBN,858
FANCD2,PARP1,688
FANCD2,PCNA,606
FANCD2,PLK1,538
FANCD2,PRKDC,913
FANCD2,RAD50,420
FANCD2,RAD51,998
FANCD2,RFC2,608
FANCD2,RFC3,526
FANCD2,RFC4,623
FANCD2,RFC5,436
FANCD2,RPA1,842
FANCD2,RPA2,750
FANCD2,RPA3,662
FANCD2,TERF1,663
FANCD2,TOP2A,551
FANCD2,TP53,632
FANCD2,WRN,871
FANCD2,XRCC1,663
FANCD2,XRCC5,918
FANCD2,XRCC6,913
FBXL5,FTH1,593
FBXL5,FTL,604
FBXL5,HDAC3,400
FBXL5,HERC2,724
FBXL5,LPCAT3,447
FBXL5,NCOA4,608
FBXL5,SLC40A1,486
FBXL5,SNAI1,678
FBXL5,STAT3,471
FBXL5,STEAP3,594
FBXL5,TFRC,516
FBXL5,TP53,513
FN1,FOS,782
FN1,FOXO3,580
FN1,HDAC2,576
FN1,HIF1A,698
FN1,HMGA2,403
FN1,HMGB1,502
FN1,HMOX1,479
FN1,HSP90AA1,460
FN1,HSPA5,441
FN1,HSPD1,583
FN1,ICAM1,904
FN1,IFNG,641
FN1,IGFBP3,967
FN1,IGFBP5,812
FN1,IGFBP7,432
FN1,IL10,752
FN1,IL18,461
FN1,IL1A,773
FN1,IL1B,869
FN1,IL6,900
FN1,JAK2,824
FN1,JUN,625
FN1,KLF6,507
FN1,LCN2,964
FN1,LOX,931
FN1,MAPK1,716
FN1,MAPK14,452
FN1,MAPK3,829
FN1,MAPK8,450
FN1,MMP1,792
FN1,MMP10,846
FN1,MMP12,707
FN1,MMP13,744
FN1,MMP2,756
FN1,MMP3,936
FN1,MMP9,850
FN1,MPO,642
FN1,MTOR,509
FN1,MYC,775
FN1,NFKB1,729
FN1,NOX4,540
FN1,PARP1,423
FN1,PTEN,582
FN1,PTGS2,544
FN1,RELA,437
FN1,RPS6KB1,432
FN1,S100A8,544
FN1,SELE,726
FN1,SERPINE1,790
FN1,SIRT1,434
FN1,SLC1A5,454
FN1,SNAI1,815
FN1,SOD1,773
FN1,SQSTM1,683
FN1,STAT1,603
FN1,STAT3,988
FN1,TERT,430
FN1,TFRC,647
FN1,TGFB1,969
FN1,TIMP1,954
FN1,TIMP2,713
FN1,TLR4,995
FN1,TNF,970
FN1,TOP2A,453
FN1,TP53,665
FN1,VCAM1,983
FN1,WNT5A,547
FN1,XRCC6,468
FN1,YAP1,504
FN1,ZEB1,728
FOS,FOSL1,998
FOS,FOXO1,809
FOS,FOXO3,682
FOS,GADD45A,661
FOS,GADD45B,627
FOS,H2AX,618
FOS,HDAC1,823
FOS,HDAC2,784
FOS,HIF1A,805
FOS,HMGB1,447
FOS,HMOX1,531
FOS,HSP90AA1,604
FOS,HSPA5,497
FOS,ICAM1,505
FOS,IFNG,751
FOS,IGFBP7,793
FOS,IL10,736
FOS,IL18,428
FOS,IL1A,899
FOS,IL1B,894
FOS,IL6,891
FOS,IRF1,726
FOS,IRF7,640
FOS,JAK2,715
FOS,JUN,999
FOS,KDM6B,824
FOS,KLF6,568
FOS,LIFR,485
FOS,LMNB1,550
FOS,LOX,633
FOS,MAPK1,992
FOS,MAPK14,985
FOS,MAPK3,994
FOS,MAPK8,986
FOS,MDM2,722
FOS,MDM4,478
FOS,MMP1,687
FOS,MMP13,455
FOS,MMP2,681
FOS,MMP3,488
FOS,MMP9,694
FOS,MPO,572
FOS,MTOR,501
FOS,MYC,965
FOS,NFE2L2,728
FOS,NFKB1,808
FOS,PTEN,715
FOS,PTGS2,819
FOS,RB1,514
FOS,RELA,917
FOS,RPS6KB1,946
FOS,SERPINE1,480
FOS,SIRT1,713
FOS,SMARCB1,457
FOS,SNAI1,585
FOS,SOCS1,629
FOS,SP1,944
FOS,STAT1,898
FOS,STAT3,995
FOS,TGFB1,719
FOS,TIMP1,462
FOS,TLR4,599
FOS,TNF,728
FOS,TNFAIP3,450
FOS,TNFRSF1A,468
FOS,TP53,952
FOS,VCAM1,407
FOS,YAP1,756
FOS,ZEB1,670
FOSL1,FOXO4,446
FOSL1,FTH1,784
FOSL1,HDAC1,510
FOSL1,HIF1A,414
FOSL1,IL1B,438
FOSL1,IL6,533
FOSL1,JUN,999
FOSL1,MAPK1,569
FOSL1,MAPK14,816
FOSL1,MAPK3,622
FOSL1,MAPK8,948
FOSL1,MMP1,459
FOSL1,MMP9,439
FOSL1,MYC,656
FOSL1,NFE2L2,571
FOSL1,NFKB1,438
FOSL1,PTGS2,455
FOSL1,RELA,876
FOSL1,SERPINE1,482
FOSL1,SMARCB1,428
FOSL1,SNAI1,613
FOSL1,SOCS2,405
FOSL1,STAT3,476
FOSL1,TNF,428
FOSL1,TP53,499
FOSL1,ZEB1,652
FOXO1,FOXO3,955
FOXO1,FOXO4,932
FOXO1,GABARAPL1,520
FOXO1,GADD45A,705
FOXO1,HDAC1,728
FOXO1,HDAC2,687
FOXO1,HIF1A,859
FOXO1,HMOX1,465
FOXO1,HSP90AA1,648
FOXO1,HSPA5,405
FOXO1,IFNG,514
FOXO1,IL10,501
FOXO1,IL1B,723
FOXO1,IL6,736
FOXO1,JAK2,478
FOXO1,JUN,792
FOXO1,MAP1LC3B,466
FOXO1,MAPK1,941
FOXO1,MAPK14,935
FOXO1,MAPK3,959
FOXO1,MAPK8,951
FOXO1,MDM2,774
FOXO1,MMP2,590
FOXO1,MMP9,442
FOXO1,MTOR,758
FOXO1,MYC,774
FOXO1,NFE2L2,518
FOXO1,NFKB1,710
FOXO1,NOX4,412
FOXO1,PARP1,766
FOXO1,PLK1,532
FOXO1,PNPLA2,545
FOXO1,PPARGC1A,999
FOXO1,PRKAA1,954
FOXO1,PRKAA2,931
FOXO1,PTEN,903
FOXO1,RBM3,439
FOXO1,RELA,584
FOXO1,RPS6KB1,734
FOXO1,SETD7,933
FOXO1,SIRT1,999
FOXO1,SIRT6,646
FOXO1,SOD1,413
FOXO1,SP1,630
FOXO1,SQSTM1,410
FOXO1,STAT1,459
FOXO1,STAT3,964
FOXO1,TERT,499
FOXO1,TFAM,503
FOXO1,TGFB1,491
FOXO1,TLR4,467
FOXO1,TNF,721
FOXO1,TNFAIP3,521
FOXO1,TP53,886
FOXO1,TSC1,469
FOXO1,TSC2,840
FOXO1,TXNIP,460
FOXO1,YAP1,626
FOXO1,ZEB1,623
FOXO3,FOXO4,920
FOXO3,GABARAP,445
FOXO3,GABARAPL1,607
FOXO3,GADD45A,752
FOXO3,H2AX,491
FOXO3,HDAC1,479
FOXO3,HDAC2,666
FOXO3,HDAC3,833
FOXO3,HIF1A,997
FOXO3,HMOX1,504
FOXO3,HSP90AA1,492
FOXO3,IFNG,441
FOXO3,IL10,455
FOXO3,IL1B,526
FOXO3,IL6,581
FOXO3,JAK2,452
FOXO3,JUN,773
FOXO3,KEAP1,466
FOXO3,LCN2,478
FOXO3,LMNB1,405
FOXO3,MAP1LC3A,443
FOXO3,MAP1LC3B,633
FOXO3,MAPK1,963
FOXO3,MAPK14,949
FOXO3,MAPK3,961
FOXO3,MAPK8,954
FOXO3,MAX,627
FOXO3,MDM2,995
FOXO3,MMP9,454
FOXO3,MTOR,747
FOXO3,MYC,874
FOXO3,NFE2L2,574
FOXO3,NFKB1,711
FOXO3,NOX4,411
FOXO3,PARP1,544
FOXO3,PLK1,727
FOXO3,PPARGC1A,987
FOXO3,PRKAA1,942
FOXO3,PRKAA2,937
FOXO3,PTBP1,443
FOXO3,PTEN,853
FOXO3,RB1,497
FOXO3,RELA,677
FOXO3,RPS6KB1,731
FOXO3,RUNX3,779
FOXO3,SESN2,411
FOXO3,SETD7,931
FOXO3,SIRT1,999
FOXO3,SIRT6,851
FOXO3,SNAI1,422
FOXO3,SNCA,403
FOXO3,SOD1,433
FOXO3,SP1,400
FOXO3,SQSTM1,516
FOXO3,STAT1,433
FOXO3,STAT3,978
FOXO3,TERT,616
FOXO3,TFAM,497
FOXO3,TGFB1,623
FOXO3,TLR4,403
FOXO3,TNF,590
FOXO3,TP53,998
FOXO3,TSC1,487
FOXO3,TSC2,656
FOXO3,TXNIP,545
FOXO3,XRCC6,414
FOXO3,ZEB1,624
FOXO4,GABARAPL1,404
FOXO4,GADD45A,697
FOXO4,HIF1A,463
FOXO4,HSP90AA1,416
FOXO4,JUN,500
FOXO4,MAPK1,922
FOXO4,MAPK14,923
FOXO4,MAPK3,934
FOXO4,MAPK8,938
FOXO4,MDM2,868
FOXO4,MDM4,492
FOXO4,MTOR,514
FOXO4,MYC,409
FOXO4,PLK1,480
FOXO4,PPARGC1A,657
FOXO4,PRKAA1,727
FOXO4,PRKAA2,716
FOXO4,PTEN,819
FOXO4,RPS6KB1,478
FOXO4,SETD7,914
FOXO4,SIRT1,932
FOXO4,SIRT6,455
FOXO4,STAT3,936
FOXO4,TP53,995
FOXO4,TSC2,430
FOXO4,TXNIP,523
FOXO4,XRCC6,429
FTH1,FTL,999
FTH1,GCLC,508
FTH1,GCLM,555
FTH1,GPX4,774
FTH1,HIF1A,415
FTH1,HMOX1,697
FTH1,HSPB1,542
FTH1,ICAM1,460
FTH1,KEAP1,489
FTH1,LPCAT3,444
FTH1,MAP1LC3B,408
FTH1,NCOA4,999
FTH1,NFE2L2,543
FTH1,PTGS2,401
FTH1,RELA,698
FTH1,SAT1,473
FTH1,SLC3A2,616
FTH1,SLC40A1,892
FTH1,SLC7A11,614
FTH1,SOD1,430
FTH1,SQSTM1,538
FTH1,STEAP3,593
FTH1,TFRC,995
FTH1,TP53,464
FTH1,TSC1,475
FTH1,TXNIP,404
FTH1,VDAC2,431
FTL,GCLC,468
FTL,GCLM,501
FTL,GPX4,744
FTL,HERC2,442
FTL,HMOX1,777
FTL,NCOA4,991
FTL,NFE2L2,451
FTL,SAT1,547
FTL,SLC3A2,429
FTL,SLC40A1,929
FTL,SLC7A11,533
FTL,SQSTM1,530
FTL,STEAP3,583
FTL,TFRC,921
GABARAP,GABARAPL1,983
GABARAP,HMGB1,480
GABARAP,HSP90AA1,412
GABARAP,HSPA5,409
GABARAP,KEAP1,558
GABARAP,MAP1LC3A,865
GABARAP,MAP1LC3B,789
GABARAP,MTOR,610
GABARAP,RPS6KB1,422
GABARAP,SQSTM1,999
GABARAP,TFRC,413
GABARAPL1,HSP90AA1,709
GABARAPL1,HSPA5,454
GABARAPL1,KEAP1,436
GABARAPL1,LMNB1,533
GABARAPL1,MAP1LC3A,892
GABARAPL1,MAP1LC3B,785
GABARAPL1,MTOR,715
GABARAPL1,NCOA4,838
GABARAPL1,RPS6KB1,523
GABARAPL1,SIRT1,989
GABARAPL1,SNCA,585
GABARAPL1,SQSTM1,999
GABARAPL1,TP53,418
GABARAPL1,TSC2,442
GADD45A,GADD45B,965
GADD45A,H2AX,576
GADD45A,HMOX1,574
GADD45A,IGFBP3,431
GADD45A,IL1A,566
GADD45A,IL1B,576
GADD45A,IL6,636
GADD45A,JAK2,426
GADD45A,JUN,626
GADD45A,MAPK1,407
GADD45A,MAPK14,669
GADD45A,MDM2,850
GADD45A,MTOR,448
GADD45A,MYC,560
GADD45A,NFKB1,408
GADD45A,PARP1,400
GADD45A,PCNA,987
GADD45A,PLK1,405
GADD45A,PTEN,422
GADD45A,SERPINE1,431
GADD45A,SESN2,480
GADD45A,SIRT1,575
GADD45A,SNCA,489
GADD45A,SQSTM1,485
GADD45A,STAT3,530
GADD45A,TP53,991
GADD45A,TRIB3,433
GADD45B,IL6,687
GADD45B,JUN,702
GADD45B,KLF6,414
GADD45B,MAPK14,497
GADD45B,MAPK8,598
GADD45B,MCM4,419
GADD45B,MYC,409
GADD45B,NFKB1,411
GADD45B,PCNA,912
GADD45B,RELA,546
GADD45B,SQSTM1,455
GADD45B,STAT3,571
GADD45B,TNF,465
GADD45B,TNFAIP3,575
GADD45B,TNFRSF1A,480
GADD45B,TP53,964
GCLC,GCLM,999
GCLC,GOT1,830
GCLC,GPX4,809
GCLC,GSS,995
GCLC,HMOX1,903
GCLC,IL1B,461
GCLC,IL6,456
GCLC,JUN,419
GCLC,KEAP1,905
GCLC,LMNB1,480
GCLC,NFE2L2,966
GCLC,NOX4,448
GCLC,PTGS2,405
GCLC,SAT1,519
GCLC,SIRT1,464
GCLC,SLC1A5,426
GCLC,SLC3A2,434
GCLC,SLC7A11,674
GCLC,SOD1,733
GCLC,SQSTM1,438
GCLC,TNF,425
GCLC,TP53,637
GCLM,GOT1,843
GCLM,GPX4,771
GCLM,GSS,989
GCLM,HMOX1,910
GCLM,IL1B,406
GCLM,IL6,400
GCLM,KEAP1,932
GCLM,LMNB1,404
GCLM,NFE2L2,951
GCLM,SAT1,692
GCLM,SLC3A2,437
GCLM,SLC7A11,689
GCLM,SOD1,661
GCLM,SQSTM1,503
GCLM,TP53,608
GOT1,GPX4,450
GOT1,SLC1A5,450
GPX4,GSS,944
GPX4,HIF1A,434
GPX4,HMOX1,716
GPX4,HSPA5,952
GPX4,HSPB1,432
GPX4,IL18,420
GPX4,IL1B,504
GPX4,IL6,463
GPX4,JUN,605
GPX4,KEAP1,658
GPX4,LOX,513
GPX4,LPCAT3,725
GPX4,MAP1LC3B,450
GPX4,NCOA4,706
GPX4,NFE2L2,690
GPX4,NOX4,506
GPX4,PTGS2,572
GPX4,SAT1,432
GPX4,SIRT1,436
GPX4,SLC1A5,480
GPX4,SLC3A2,741
GPX4,SLC40A1,608
GPX4,SLC7A11,824
GPX4,SOD1,827
GPX4,SQSTM1,415
GPX4,STEAP3,574
GPX4,TFRC,666
GPX4,TNF,436
GPX4,TP53,730
GPX4,TXNIP,414
GPX4,VDAC2,674
GPX4,VDAC3,441
GSS,KEAP1,416
GSS,NFE2L2,472
GSS,SLC7A11,449
H2AX,HDAC1,816
H2AX,HDAC2,885
H2AX,HDAC3,735
H2AX,HERC2,590
H2AX,HIF1A,540
H2AX,HMGA2,411
H2AX,HSP90AA1,553
H2AX,HSPA5,494
H2AX,IL1B,543
H2AX,JUN,687
H2AX,KDM6B,723
H2AX,LIG1,435
H2AX,LIG3,689
H2AX,LIG4,655
H2AX,LMNB1,470
H2AX,MAP1LC3A,420
H2AX,MAPK14,595
H2AX,MAPK8,950
H2AX,MCM2,489
H2AX,MCM3,432
H2AX,MCM4,530
H2AX,MCM6,583
H2AX,MCM7,443
H2AX,MDM2,676
H2AX,MKI67,468
H2AX,MRE11,954
H2AX,MYC,785
H2AX,NBN,980
H2AX,PARP1,964
H2AX,PLK1,745
H2AX,PRKDC,983
H2AX,PTBP1,439
H2AX,PTEN,569
H2AX,RAD50,934
H2AX,RAD51,993
H2AX,RB1,637
H2AX,RFC2,598
H2AX,RFC4,597
H2AX,RPA1,714
H2AX,RPA2,799
H2AX,RPA3,647
H2AX,SIRT1,831
H2AX,SIRT6,675
H2AX,SMARCB1,577
H2AX,STAT3,596
H2AX,TERF1,691
H2AX,TERF2,899
H2AX,TERT,404
H2AX,TOP2A,665
H2AX,TP53,892
H2AX,WRN,817
H2AX,XRCC1,788
H2AX,XRCC5,973
H2AX,XRCC6,988
HBP1,HDAC1,540
HBP1,MYC,439
HBP1,RB1,541
HDAC1,HDAC2,999
HDAC1,HDAC3,925
HDAC1,HIF1A,983
HDAC1,HMGA2,530
HDAC1,HMGB1,553
HDAC1,HSP90AA1,764
HDAC1,HSPB1,533
HDAC1,HSPD1,407
HDAC1,IFNG,420
HDAC1,IL10,420
HDAC1,IL1B,435
HDAC1,IL6,481
HDAC1,IRF1,985
HDAC1,JAK2,611
HDAC1,JUN,967
HDAC1,KDM6B,635
HDAC1,LMNB1,435
HDAC1,MAP1LC3B,417
HDAC1,MAPK1,534
HDAC1,MAPK14,437
HDAC1,MAPK3,480
HDAC1,MAPK8,488
HDAC1,MCM2,480
HDAC1,MCM3,583
HDAC1,MCM4,481
HDAC1,MCM5,588
HDAC1,MCM6,537
HDAC1,MCM7,594
HDAC1,MDM2,963
HDAC1,MNT,642
HDAC1,MTOR,467
HDAC1,MYC,991
HDAC1,NFE2L2,614
HDAC1,NFKB1,996
HDAC1,NR1D1,459
HDAC1,NR2F2,457
HDAC1,PADI4,654
HDAC1,PARP1,900
HDAC1,PCNA,642
HDAC1,PDE4B,400
HDAC1,PPARGC1A,414
HDAC1,PRKDC,417
HDAC1,PTBP1,475
HDAC1,PTEN,516
HDAC1,PTGS2,504
HDAC1,RAD51,441
HDAC1,RB1,999
HDAC1,RELA,998
HDAC1,RUNX3,569
HDAC1,SERPINE1,508
HDAC1,SETD7,680
HDAC1,SIRT1,993
HDAC1,SIRT6,667
HDAC1,SMARCB1,932
HDAC1,SNAI1,999
HDAC1,SP1,991
HDAC1,STAT1,969
HDAC1,STAT3,984
HDAC1,TBX2,554
HDAC1,TERT,688
HDAC1,TGFB1,407
HDAC1,TNF,510
HDAC1,TOP2A,809
HDAC1,TP53,999
HDAC1,TXNIP,814
HDAC1,WRN,470
HDAC1,WWTR1,539
HDAC1,XRCC1,423
HDAC1,XRCC5,650
HDAC1,XRCC6,582
HDAC1,ZEB1,975
HDAC2,HDAC3,906
HDAC2,HIF1A,781
HDAC2,HSP90AA1,614
HDAC2,IL1B,419
HDAC2,IL6,448
HDAC2,IRF1,927
HDAC2,JUN,846
HDAC2,KDM6B,577
HDAC2,MAPK3,432
HDAC2,MAPK8,421
HDAC2,MDM2,563
HDAC2,MKI67,480
HDAC2,MTOR,405
HDAC2,MYC,838
HDAC2,NFE2L2,686
HDAC2,NFKB1,803
HDAC2,PADI4,639
HDAC2,PARP1,882
HDAC2,PRKAA1,539
HDAC2,PRKDC,406
HDAC2,PTEN,467
HDAC2,RAD51,431
HDAC2,RB1,986
HDAC2,RELA,986
HDAC2,SETD7,495
HDAC2,SIRT1,898
HDAC2,SIRT6,626
HDAC2,SMARCB1,854
HDAC2,SNAI1,998
HDAC2,SP1,916
HDAC2,STAT1,410
HDAC2,STAT3,906
HDAC2,TNF,477
HDAC2,TOP2A,512
HDAC2,TP53,990
HDAC2,TXNIP,414
HDAC2,WRN,432
HDAC2,XRCC5,487
HDAC2,XRCC6,446
HDAC2,ZEB1,894
HDAC3,HIF1A,804
HDAC3,JUN,754
HDAC3,KDM6B,437
HDAC3,KLF6,637
HDAC3,MAPK14,402
HDAC3,MDM2,426
HDAC3,MPO,404
HDAC3,MTOR,593
HDAC3,MYC,949
HDAC3,NFE2L2,477
HDAC3,NFKB1,767
HDAC3,NR1D1,959
HDAC3,PARP1,471
HDAC3,PPARGC1A,679
HDAC3,PRKDC,427
HDAC3,PTEN,523
HDAC3,RB1,848
HDAC3,RELA,764
HDAC3,SIRT1,834
HDAC3,SIRT6,536
HDAC3,SNAI1,815
HDAC3,SP1,474
HDAC3,STAT1,446
HDAC3,STAT3,889
HDAC3,TP53,741
HDAC3,WWTR1,516
HDAC3,YAP1,554
HERC2,MRE11,533
HERC2,NBN,511
HERC2,NCOA4,755
HERC2,PRKDC,546
HERC2,RAD50,510
HERC2,RPA1,757
HERC2,RPA2,532
HERC2,RPA3,545
HERC2,TP53,816
HERC2,WRN,436
HERC2,XRCC5,523
HERC2,XRCC6,515
HERPUD1,HSPA5,792
HERPUD1,TRIB3,497
HIF1A,HMGA1,420
HIF1A,HMGB1,517
HIF1A,HMOX1,701
HIF1A,HSP90AA1,999
HIF1A,HSPA5,540
HIF1A,HSPB1,466
HIF1A,ICAM1,684
HIF1A,IFNG,665
HIF1A,IGFBP3,564
HIF1A,IL10,751
HIF1A,IL18,480
HIF1A,IL1A,625
HIF1A,IL1B,771
HIF1A,IL6,800
HIF1A,IRF1,692
HIF1A,JAK2,784
HIF1A,JUN,961
HIF1A,KDM6B,649
HIF1A,KEAP1,699
HIF1A,KLF6,457
HIF1A,LCN2,418
HIF1A,LIFR,496
HIF1A,LMNB1,431
HIF1A,LOX,631
HIF1A,MAP1LC3A,429
HIF1A,MAP1LC3B,545
HIF1A,MAPK1,985
HIF1A,MAPK14,693
HIF1A,MAPK3,969
HIF1A,MAPK8,485
HIF1A,MAX,491
HIF1A,MCM7,632
HIF1A,MDM2,988
HIF1A,MMP1,672
HIF1A,MMP13,517
HIF1A,MMP2,731
HIF1A,MMP3,558
HIF1A,MMP9,824
HIF1A,MPO,434
HIF1A,MTOR,789
HIF1A,MYC,993
HIF1A,NBN,406
HIF1A,NFE2L2,750
HIF1A,NFKB1,816
HIF1A,NLRP3,662
HIF1A,NOX4,600
HIF1A,PARP1,707
HIF1A,PPARGC1A,758
HIF1A,PRKAA1,404
HIF1A,PRKDC,796
HIF1A,PTBP1,500
HIF1A,PTEN,830
HIF1A,PTGS2,831
HIF1A,RB1,549
HIF1A,RELA,989
HIF1A,RPS6KB1,730
HIF1A,RUNX3,502
HIF1A,SAT1,470
HIF1A,SELE,451
HIF1A,SERPINE1,624
HIF1A,SESN2,602
HIF1A,SETD7,484
HIF1A,SIRT1,927
HIF1A,SIRT6,980
HIF1A,SLC1A5,477
HIF1A,SLC7A11,440
HIF1A,SMURF2,430
HIF1A,SNAI1,823
HIF1A,SOCS1,605
HIF1A,SOD1,511
HIF1A,SP1,923
HIF1A,SQSTM1,591
HIF1A,STAT1,748
HIF1A,STAT3,994
HIF1A,TERT,702
HIF1A,TFAM,718
HIF1A,TFRC,576
HIF1A,TGFB1,838
HIF1A,TIMP1,571
HIF1A,TIMP2,482
HIF1A,TLR4,657
HIF1A,TNF,818
HIF1A,TNFRSF1A,402
HIF1A,TP53,999
HIF1A,TSC1,447
HIF1A,TSC2,592
HIF1A,TXNIP,720
HIF1A,VCAM1,604
HIF1A,WNT5A,431
HIF1A,WWTR1,612
HIF1A,XRCC5,630
HIF1A,XRCC6,694
HIF1A,YAP1,602
HIF1A,ZEB1,851
HMGA1,HMGA2,902
HMGA1,IRF1,826
HMGA1,IRF7,547
HMGA1,JUN,964
HMGA1,LMNB1,539
HMGA1,MYC,452
HMGA1,NFKB1,643
HMGA1,PARP1,671
HMGA1,RB1,433
HMGA1,SP1,626
HMGA1,STAT1,429
HMGA1,TP53,720
HMGA2,JUN,586
HMGA2,LMNB1,607
HMGA2,MDM2,636
HMGA2,MYC,756
HMGA2,NFKB1,471
HMGA2,PARP1,569
HMGA2,PTBP1,416
HMGA2,PTEN,511
HMGA2,RB1,670
HMGA2,SNAI1,728
HMGA2,STAT3,472
HMGA2,TGFB1,408
HMGA2,TP53,867
HMGA2,XRCC6,643
HMGA2,YAP1,471
HMGA2,ZEB1,593
HMGB1,HMOX1,570
HMGB1,HSP90AA1,703
HMGB1,HSPA5,492
HMGB1,HSPD1,466
HMGB1,ICAM1,582
HMGB1,IFNG,792
HMGB1,IL10,705
HMGB1,IL18,670
HMGB1,IL1A,898
HMGB1,IL1B,970
HMGB1,IL6,792
HMGB1,JAK2,404
HMGB1,JUN,555
HMGB1,MAP1LC3B,484
HMGB1,MAPK1,792
HMGB1,MAPK3,739
HMGB1,MMP2,429
HMGB1,MMP9,593
HMGB1,MPO,774
HMGB1,MTOR,476
HMGB1,MYC,433
HMGB1,NFE2L2,503
HMGB1,NFKB1,923
HMGB1,NLRP3,609
HMGB1,PADI4,418
HMGB1,PARP1,638
HMGB1,PTGS2,652
HMGB1,RELA,720
HMGB1,S100A8,646
HMGB1,SELE,472
HMGB1,SIRT1,660
HMGB1,STAT1,658
HMGB1,STAT3,580
HMGB1,TFAM,415
HMGB1,TGFB1,506
HMGB1,TLR4,999
HMGB1,TNF,753
HMGB1,TNFRSF1A,639
HMGB1,TP53,997
HMGB1,VCAM1,710
HMGB1,XRCC6,404
HMOX1,HSP90AA1,462
HMOX1,HSPA5,564
HMOX1,HSPB1,518
HMOX1,ICAM1,675
HMOX1,IFNG,633
HMOX1,IL10,726
HMOX1,IL18,514
HMOX1,IL1A,591
HMOX1,IL1B,817
HMOX1,IL6,810
HMOX1,JAK2,430
HMOX1,JUN,798
HMOX1,KEAP1,934
HMOX1,LCN2,512
HMOX1,LMNB1,654
HMOX1,LOX,402
HMOX1,MAP1LC3B,512
HMOX1,MAPK14,453
HMOX1,MAPK3,629
HMOX1,MAPK8,506
HMOX1,MCM5,415
HMOX1,MMP1,461
HMOX1,MMP13,402
HMOX1,MMP2,506
HMOX1,MMP3,447
HMOX1,MMP9,656
HMOX1,MPO,640
HMOX1,MTOR,527
HMOX1,MYC,438
HMOX1,NCOA4,401
HMOX1,NFE2L2,989
HMOX1,NFKB1,652
HMOX1,NLRP3,892
HMOX1,NOX4,699
HMOX1,PARP1,528
HMOX1,PPARGC1A,654
HMOX1,PTEN,450
HMOX1,PTGS2,789
HMOX1,RELA,400
HMOX1,SAT1,514
HMOX1,SELE,518
HMOX1,SERPINE1,638
HMOX1,SIRT1,733
HMOX1,SIRT6,406
HMOX1,SLC40A1,586
HMOX1,SLC7A11,610
HMOX1,SNCA,482
HMOX1,SOD1,741
HMOX1,SQSTM1,684
HMOX1,STAT1,537
HMOX1,STAT3,849
HMOX1,STEAP3,519
HMOX1,TFAM,510
HMOX1,TFRC,598
HMOX1,TGFB1,646
HMOX1,TIMP1,454
HMOX1,TLR4,719
HMOX1,TNF,792
HMOX1,TNFRSF1A,435
HMOX1,TP53,630
HMOX1,TXNIP,859
HMOX1,VCAM1,620
HSP90AA1,HSPA5,968
HSP90AA1,HSPB1,957
HSP90AA1,HSPD1,963
HSP90AA1,IFNG,508
HSP90AA1,IL10,458
HSP90AA1,IL1A,601
HSP90AA1,IL1B,800
HSP90AA1,IL6,738
HSP90AA1,IRF1,662
HSP90AA1,JAK2,791
HSP90AA1,JUN,798
HSP90AA1,KDM6B,652
HSP90AA1,KEAP1,949
HSP90AA1,LMNB1,453
HSP90AA1,MAP1LC3A,405
HSP90AA1,MAP1LC3B,555
HSP90AA1,MAP3K14,754
HSP90AA1,MAPK1,941
HSP90AA1,MAPK14,558
HSP90AA1,MAPK3,823
HSP90AA1,MAPK8,732
HSP90AA1,MDM2,909
HSP90AA1,MDM4,419
HSP90AA1,MMP2,831
HSP90AA1,MMP9,489
HSP90AA1,MTOR,998
HSP90AA1,MYC,975
HSP90AA1,NFE2L2,687
HSP90AA1,NFKB1,634
HSP90AA1,NLRP3,990
HSP90AA1,NR1D1,679
HSP90AA1,NUAK2,410
HSP90AA1,PARP1,672
HSP90AA1,PLIN2,618
HSP90AA1,PLK1,957
HSP90AA1,PPARGC1A,430
HSP90AA1,PRKAA1,565
HSP90AA1,PRKAA2,532
HSP90AA1,PRKDC,733
HSP90AA1,PRNP,760
HSP90AA1,PTEN,803
HSP90AA1,PTGS2,470
HSP90AA1,RAD51,499
HSP90AA1,RB1,400
HSP90AA1,RELA,525
HSP90AA1,RPS6KB1,837
HSP90AA1,SETD7,520
HSP90AA1,SIRT1,803
HSP90AA1,SLC3A2,518
HSP90AA1,SNCA,743
HSP90AA1,SOD1,779
HSP90AA1,SP1,667
HSP90AA1,SQSTM1,666
HSP90AA1,STAT1,868
HSP90AA1,STAT3,971
HSP90AA1,TERF1,748
HSP90AA1,TERT,998
HSP90AA1,TGFB1,434
HSP90AA1,TLR4,987
HSP90AA1,TNF,599
HSP90AA1,TOP2A,444
HSP90AA1,TP53,999
HSP90AA1,TSC2,745
HSP90AA1,TXNIP,692
HSP90AA1,VDAC2,532
HSP90AA1,VDAC3,411
HSP90AA1,XRCC1,456
HSP90AA1,XRCC5,493
HSP90AA1,XRCC6,533
HSPA5,HSPB1,801
HSPA5,HSPD1,908
HSPA5,ICAM1,448
HSPA5,IFNG,419
HSPA5,IGFBP3,588
HSPA5,IL1B,731
HSPA5,IL6,736
HSPA5,JUN,671
HSPA5,KEAP1,424
HSPA5,KLF6,441
HSPA5,MAP1LC3A,527
HSPA5,MAP1LC3B,667
HSPA5,MAPK14,402
HSPA5,MAPK3,641
HSPA5,MAPK8,541
HSPA5,MMP1,646
HSPA5,MMP9,413
HSPA5,MTOR,520
HSPA5,MYC,541
HSPA5,NFE2L2,583
HSPA5,NFKB1,704
HSPA5,NOX4,412
HSPA5,PARP1,582
HSPA5,PPARGC1A,418
HSPA5,PRKAA1,461
HSPA5,PRNP,954
HSPA5,PTEN,607
HSPA5,PTGS2,411
HSPA5,RELA,715
HSPA5,RPS6KB1,479
HSPA5,SIRT1,513
HSPA5,SNCA,947
HSPA5,SOD1,975
HSPA5,SQSTM1,946
HSPA5,STAT3,681
HSPA5,TFAM,942
HSPA5,TFRC,572
HSPA5,TGFB1,453
HSPA5,TIMP1,525
HSPA5,TLR4,470
HSPA5,TNF,663
HSPA5,TNFRSF1A,425
HSPA5,TP53,824
HSPA5,TRIB3,706
HSPA5,TSC1,648
HSPA5,VDAC2,730
HSPB1,HSPD1,667
HSPB1,IL10,419
HSPB1,IL1B,506
HSPB1,IL6,542
HSPB1,JUN,594
HSPB1,MAP1LC3B,449
HSPB1,MAPK14,910
HSPB1,MAPK3,607
HSPB1,MAPK8,452
HSPB1,MMP2,407
HSPB1,MYC,557
HSPB1,NFKB1,436
HSPB1,PARP1,464
HSPB1,PRKD1,731
HSPB1,PTEN,402
HSPB1,SNCA,853
HSPB1,SOD1,666
HSPB1,SP1,415
HSPB1,STAT3,797
HSPB1,TGFB1,444
HSPB1,TLR4,415
HSPB1,TNF,650
HSPB1,TP53,955
HSPD1,IFNG,576
HSPD1,IL10,507
HSPD1,IL1B,432
HSPD1,IL6,465
HSPD1,JUN,415
HSPD1,MAP1LC3B,416
HSPD1,MYC,438
HSPD1,PRNP,814
HSPD1,RAD51,769
HSPD1,SIRT1,577
HSPD1,SNCA,513
HSPD1,SOD1,625
HSPD1,TFAM,534
HSPD1,TLR4,999
HSPD1,TNF,549
HSPD1,TP53,661
HSPD1,TSC1,573
HSPD1,VDAC2,433
HSPD1,VDAC3,573
ICAM1,IFNG,902
ICAM1,IL10,873
ICAM1,IL18,673
ICAM1,IL1A,807
ICAM1,IL1B,912
ICAM1,IL6,947
ICAM1,IRF1,662
ICAM1,IRF7,574
ICAM1,JAK2,513
ICAM1,JUN,655
ICAM1,KEAP1,454
ICAM1,LCN2,661
ICAM1,LOX,416
ICAM1,MAPK1,579
ICAM1,MAPK14,436
ICAM1,MAPK3,589
ICAM1,MAPK8,437
ICAM1,MMP1,720
ICAM1,MMP13,564
ICAM1,MMP2,751
ICAM1,MMP3,579
ICAM1,MMP9,791
ICAM1,MPO,769
ICAM1,MTOR,413
ICAM1,MYC,606
ICAM1,NFE2L2,504
ICAM1,NFKB1,903
ICAM1,NLRP3,549
ICAM1,NOX4,553
ICAM1,PARP1,481
ICAM1,PTEN,406
ICAM1,PTGS2,835
ICAM1,RELA,855
ICAM1,SELE,949
ICAM1,SERPINE1,742
ICAM1,SIRT1,494
ICAM1,SLC3A2,622
ICAM1,SOCS1,657
ICAM1,SP1,406
ICAM1,STAT1,805
ICAM1,STAT3,832
ICAM1,TFRC,679
ICAM1,TGFB1,730
ICAM1,TIMP1,825
ICAM1,TIMP2,644
ICAM1,TLR4,768
ICAM1,TNF,944
ICAM1,TNFAIP3,691
ICAM1,TNFRSF1A,742
ICAM1,TP53,722
ICAM1,VCAM1,999
ICAM1,WNT5A,518
IFNG,IL10,995
IFNG,IL18,949
IFNG,IL1A,971
IFNG,IL1B,998
IFNG,IL6,983
IFNG,IRF1,917
IFNG,IRF7,778
IFNG,IRF9,750
IFNG,JAK2,998
IFNG,JUN,711
IFNG,KEAP1,459
IFNG,LCN2,725
IFNG,LIFR,734
IFNG,LOX,488
IFNG,MAPK1,627
IFNG,MAPK14,769
IFNG,MAPK3,846
IFNG,MAPK8,658
IFNG,MKI67,412
IFNG,MMP1,706
IFNG,MMP12,519
IFNG,MMP13,454
IFNG,MMP2,587
IFNG,MMP3,725
IFNG,MMP9,751
IFNG,MPO,789
IFNG,MTOR,610
IFNG,MYC,659
IFNG,NFE2L2,515
IFNG,NFKB1,932
IFNG,NLRP3,669
IFNG,NOX4,406
IFNG,PARP1,481
IFNG,PTEN,596
IFNG,PTGS2,816
IFNG,RELA,585
IFNG,RPS6KB1,432
IFNG,RUNX3,526
IFNG,S100A8,459
IFNG,SELE,693
IFNG,SERPINE1,720
IFNG,SIRT1,596
IFNG,SNCA,431
IFNG,SOCS1,917
IFNG,SOCS2,438
IFNG,SOD1,424
IFNG,STAT1,986
IFNG,STAT3,907
IFNG,TFRC,604
IFNG,TGFB1,888
IFNG,TIMP1,760
IFNG,TIMP2,474
IFNG,TLR4,946
IFNG,TNF,991
IFNG,TNFAIP3,497
IFNG,TNFRSF1A,919
IFNG,TP53,834
IFNG,VCAM1,748
IFNG,WNT5A,556
IGFBP3,IGFBP5,978
IGFBP3,IGFBP7,764
IGFBP3,IL18,483
IGFBP3,IL1A,668
IGFBP3,IL1B,651
IGFBP3,IL6,733
IGFBP3,JAK2,548
IGFBP3,KLF6,461
IGFBP3,LOX,450
IGFBP3,MDM2,418
IGFBP3,MMP1,760
IGFBP3,MMP2,801
IGFBP3,MMP3,714
IGFBP3,MMP9,652
IGFBP3,MYC,481
IGFBP3,NFKB1,541
IGFBP3,NLRP3,406
IGFBP3,PARP1,426
IGFBP3,PRKDC,822
IGFBP3,PTEN,466
IGFBP3,PTGS2,602
IGFBP3,SERPINE1,596
IGFBP3,STAT3,463
IGFBP3,TGFB1,521
IGFBP3,TIMP1,616
IGFBP3,TIMP2,431
IGFBP3,TNF,478
IGFBP3,TP53,901
IGFBP3,WNT5A,610
IGFBP5,IGFBP7,703
IGFBP5,IL10,584
IGFBP5,IL1A,504
IGFBP5,IL1B,550
IGFBP5,IL6,695
IGFBP5,MMP2,403
IGFBP5,MMP3,405
IGFBP5,MMP9,401
IGFBP5,SERPINE1,737
IGFBP5,TGFB1,598
IGFBP7,IL18,447
IGFBP7,IL6,420
IGFBP7,JUN,850
IGFBP7,LCN2,720
IGFBP7,SERPINE1,441
IGFBP7,TGFB1,647
IGFBP7,TIMP1,443
IGFBP7,TIMP2,874
IL10,IL18,955
IL10,IL1A,971
IL10,IL1B,991
IL10,IL6,997
IL10,IRF1,653
IL10,IRF7,619
IL10,IRF9,401
IL10,JAK2,838
IL10,JUN,677
IL10,KEAP1,461
IL10,LCN2,833
IL10,LIFR,734
IL10,LOX,484
IL10,MAPK14,602
IL10,MAPK3,624
IL10,MAPK8,626
IL10,MMP1,737
IL10,MMP12,536
IL10,MMP13,532
IL10,MMP2,761
IL10,MMP3,837
IL10,MMP9,881
IL10,MPO,771
IL10,MTOR,740
IL10,MYC,591
IL10,NFE2L2,567
IL10,NFKB1,877
IL10,NLRP3,690
IL10,PARP1,534
IL10,PPARGC1A,445
IL10,PTEN,717
IL10,PTGS2,789
IL10,RELA,701
IL10,RPS6KB1,413
IL10,S100A8,470
IL10,SELE,675
IL10,SERPINE1,600
IL10,SIRT1,575
IL10,SNCA,454
IL10,SOCS1,707
IL10,SOCS2,405
IL10,SOD1,467
IL10,STAT1,865
IL10,STAT3,968
IL10,TFRC,511
IL10,TGFB1,932
IL10,TIMP1,954
IL10,TIMP2,596
IL10,TLR4,943
IL10,TNF,992
IL10,TNFAIP3,480
IL10,TNFRSF1A,968
IL10,TP53,756
IL10,VCAM1,726
IL18,IL1A,997
IL18,IL1B,990
IL18,IL6,970
IL18,IRF1,521
IL18,IRF7,533
IL18,JAK2,501
IL18,JUN,952
IL18,LCN2,730
IL18,MAPK14,521
IL18,MAPK3,645
IL18,MAPK8,414
IL18,MMP1,435
IL18,MMP2,457
IL18,MMP3,489
IL18,MMP9,615
IL18,MPO,583
IL18,MTOR,489
IL18,MYC,405
IL18,NFE2L2,474
IL18,NFKB1,979
IL18,NLRP3,946
IL18,NOX4,451
IL18,PTGS2,714
IL18,RELA,939
IL18,SELE,533
IL18,SERPINE1,480
IL18,SIRT1,475
IL18,SOCS1,418
IL18,STAT1,607
IL18,STAT3,806
IL18,TGFB1,628
IL18,TIMP1,485
IL18,TIMP2,449
IL18,TLR4,908
IL18,TNF,961
IL18,TNFRSF1A,603
IL18,TP53,507
IL18,TXNIP,599
IL18,VCAM1,609
IL1A,IL1B,999
IL1A,IL6,989
IL1A,IRF1,544
IL1A,IRF7,535
IL1A,JAK2,567
IL1A,JUN,944
IL1A,LCN2,547
IL1A,LOX,632
IL1A,MAPK14,656
IL1A,MAPK3,716
IL1A,MAPK8,643
IL1A,MMP1,798
IL1A,MMP10,483
IL1A,MMP12,504
IL1A,MMP13,643
IL1A,MMP2,607
IL1A,MMP3,807
IL1A,MMP9,734
IL1A,MPO,715
IL1A,MTOR,507
IL1A,MYC,514
IL1A,NFE2L2,491
IL1A,NFKB1,946
IL1A,NLRP3,845
IL1A,PTEN,445
IL1A,PTGS2,823
IL1A,RELA,893
IL1A,S100A8,402
IL1A,SELE,722
IL1A,SERPINE1,758
IL1A,SIRT1,447
IL1A,SOCS1,495
IL1A,SOD1,420
IL1A,STAT1,741
IL1A,STAT3,861
IL1A,TFRC,651
IL1A,TGFB1,764
IL1A,TIMP1,672
IL1A,TIMP2,541
IL1A,TLR4,974
IL1A,TNF,994
IL1A,TNFAIP3,606
IL1A,TNFRSF1A,934
IL1A,TP53,657
IL1A,VCAM1,720
IL1A,WNT5A,422
IL1B,IL6,996
IL1B,IRF1,711
IL1B,IRF7,671
IL1B,IRF9,461
IL1B,JAK2,806
IL1B,JUN,987
IL1B,KEAP1,622
IL1B,LCN2,761
IL1B,LIFR,704
IL1B,LMNB1,534
IL1B,LOX,727
IL1B,MAP1LC3A,404
IL1B,MAP1LC3B,542
IL1B,MAPK1,653
IL1B,MAPK14,782
IL1B,MAPK3,860
IL1B,MAPK8,845
IL1B,MMP1,873
IL1B,MMP10,575
IL1B,MMP12,759
IL1B,MMP13,823
IL1B,MMP2,745
IL1B,MMP3,832
IL1B,MMP9,949
IL1B,MPO,860
IL1B,MTOR,667
IL1B,MYC,778
IL1B,NFE2L2,749
IL1B,NFKB1,996
IL1B,NLRP3,997
IL1B,NOX4,637
IL1B,PADI4,487
IL1B,PARP1,678
IL1B,PDE4B,402
IL1B,PLIN2,596
IL1B,PPARGC1A,613
IL1B,PTEN,738
IL1B,PTGS2,974
IL1B,RELA,990
IL1B,RPS6KB1,512
IL1B,S100A8,656
IL1B,SELE,804
IL1B,SERPINE1,746
IL1B,SIRT1,719
IL1B,SNAI1,489
IL1B,SNCA,626
IL1B,SOCS1,643
IL1B,SOD1,645
IL1B,SP1,518
IL1B,SQSTM1,691
IL1B,STAT1,846
IL1B,STAT3,938
IL1B,TFAM,414
IL1B,TFRC,684
IL1B,TGFB1,932
IL1B,TIMP1,791
IL1B,TIMP2,624
IL1B,TLR4,986
IL1B,TNF,998
IL1B,TNFAIP3,782
IL1B,TNFRSF1A,997
IL1B,TP53,718
IL1B,TXNIP,734
IL1B,VCAM1,830
IL1B,WNT5A,509
IL6,IRF1,691
IL6,IRF7,801
IL6,IRF9,657
IL6,JAK2,995
IL6,JUN,989
IL6,KDM6B,449
IL6,KEAP1,617
IL6,KLF6,560
IL6,LCN2,885
IL6,LIFR,956
IL6,LMNB1,566
IL6,LOX,627
IL6,MAP1LC3B,508
IL6,MAPK1,936
IL6,MAPK14,848
IL6,MAPK3,905
IL6,MAPK8,938
IL6,MDM2,448
IL6,MMP1,854
IL6,MMP10,565
IL6,MMP12,743
IL6,MMP13,757
IL6,MMP2,847
IL6,MMP3,887
IL6,MMP9,959
IL6,MPO,872
IL6,MTOR,772
IL6,MYC,730
IL6,NFE2L2,812
IL6,NFKB1,994
IL6,NLRP3,860
IL6,NOX4,635
IL6,PADI4,445
IL6,PARP1,571
IL6,PLIN2,403
IL6,PNPLA2,627
IL6,PPARGC1A,670
IL6,PTEN,681
IL6,PTGS2,960
IL6,RELA,986
IL6,RPS6KB1,597
IL6,S100A8,555
IL6,SELE,884
IL6,SERPINE1,849
IL6,SIRT1,726
IL6,SIRT6,414
IL6,SLC40A1,446
IL6,SNAI1,718
IL6,SNCA,569
IL6,SOCS1,748
IL6,SOCS2,434
IL6,SOD1,584
IL6,SP1,430
IL6,SQSTM1,449
IL6,STAT1,972
IL6,STAT3,984
IL6,TERT,479
IL6,TFAM,428
IL6,TFRC,616
IL6,TGFB1,960
IL6,TIMP1,938
IL6,TIMP2,799
IL6,TLR4,973
IL6,TNF,994
IL6,TNFAIP1,423
IL6,TNFAIP3,831
IL6,TNFRSF1A,997
IL6,TP53,777
IL6,TXNIP,483
IL6,VCAM1,921
IL6,WNT5A,531
IL6,ZEB1,510
IRF1,IRF7,606
IRF1,IRF9,894
IRF1,JAK2,668
IRF1,JUN,919
IRF1,KLF6,550
IRF1,MDM2,970
IRF1,MMP9,407
IRF1,MYC,489
IRF1,NFE2L2,401
IRF1,NFKB1,709
IRF1,NLRP3,443
IRF1,PTGS2,485
IRF1,RELA,651
IRF1,SERPINE1,486
IRF1,SOCS1,821
IRF1,STAT1,999
IRF1,STAT3,900
IRF1,TGFB1,438
IRF1,TLR4,818
IRF1,TNF,751
IRF1,TNFAIP3,634
IRF1,TNFRSF1A,455
IRF1,TP53,519
IRF1,VCAM1,407
IRF7,IRF9,900
IRF7,JAK2,462
IRF7,JUN,989
IRF7,NFKB1,853
IRF7,NLRP3,503
IRF7,RELA,710
IRF7,SOCS1,731
IRF7,STAT1,969
IRF7,STAT3,700
IRF7,TLR4,898
IRF7,TNF,702
IRF7,TNFAIP3,624
IRF7,TP53,671
IRF9,JAK2,530
IRF9,JUN,543
IRF9,NFKB1,606
IRF9,RELA,530
IRF9,SOCS1,524
IRF9,STAT1,999
IRF9,STAT3,987
IRF9,TLR4,496
IRF9,TNF,693
JAK2,JUN,621
JAK2,LIFR,980
JAK2,MAPK1,794
JAK2,MAPK3,783
JAK2,MAPK8,518
JAK2,MDM2,483
JAK2,MMP2,523
JAK2,MMP9,621
JAK2,MPO,408
JAK2,MTOR,742
JAK2,MYC,634
JAK2,NCOA4,415
JAK2,NFE2L2,447
JAK2,NFKB1,657
JAK2,NLRP3,424
JAK2,PARP1,493
JAK2,PTEN,794
JAK2,PTGS2,528
JAK2,RELA,652
JAK2,SIRT1,436
JAK2,SLC40A1,540
JAK2,SMARCB1,422
JAK2,SNAI1,470
JAK2,SOCS1,999
JAK2,SOCS2,974
JAK2,STAT1,999
JAK2,STAT3,999
JAK2,TERT,596
JAK2,TFRC,413
JAK2,TGFB1,594
JAK2,TLR4,793
JAK2,TNF,801
JAK2,TNFAIP3,416
JAK2,TNFRSF1A,702
JAK2,TP53,728
JAK2,VCAM1,480
JAK2,ZEB1,417
JUN,KDM6B,821
JUN,KEAP1,594
JUN,KLF6,822
JUN,LIFR,465
JUN,LMNB1,535
JUN,LOX,513
JUN,MAP1LC3B,475
JUN,MAPK1,998
JUN,MAPK14,992
JUN,MAPK3,987
JUN,MAPK8,999
JUN,MDM2,803
JUN,MDM4,524
JUN,MKI67,611
JUN,MMP1,842
JUN,MMP13,575
JUN,MMP2,633
JUN,MMP3,587
JUN,MMP9,866
JUN,MPO,467
JUN,MTOR,715
JUN,MYC,970
JUN,NFE2L2,920
JUN,NFKB1,994
JUN,NLRP3,488
JUN,NOX4,556
JUN,PARP1,805
JUN,PLK1,430
JUN,PNPLA2,518
JUN,PPARGC1A,700
JUN,PRKD1,702
JUN,PRKDC,594
JUN,PTEN,775
JUN,PTGS2,866
JUN,RB1,690
JUN,RELA,986
JUN,RPS6KB1,959
JUN,RUNX3,593
JUN,SELE,483
JUN,SERPINE1,586
JUN,SIRT1,927
JUN,SIRT6,768
JUN,SMARCB1,573
JUN,SNAI1,823
JUN,SNCA,402
JUN,SOCS1,431
JUN,SOD1,476
JUN,SP1,996
JUN,SQSTM1,589
JUN,STAT1,910
JUN,STAT3,995
JUN,TERF1,422
JUN,TFAM,447
JUN,TGFB1,722
JUN,TIMP1,701
JUN,TIMP2,416
JUN,TLR4,741
JUN,TNF,989
JUN,TNFAIP3,553
JUN,TNFRSF1A,729
JUN,TOP2A,525
JUN,TP53,997
JUN,TSC2,400
JUN,TXNIP,453
JUN,VCAM1,581
JUN,WNT5A,677
JUN,YAP1,909
JUN,ZEB1,555
KDM6B,MYC,457
KDM6B,NFKB1,401
KDM6B,SETD7,657
KDM6B,SIRT1,774
KDM6B,SIRT6,415
KDM6B,STAT3,441
KDM6B,TP53,786
KDM6B,TSC1,603
KEAP1,LMNB1,563
KEAP1,MAD2L1,636
KEAP1,MAP1LC3A,722
KEAP1,MAP1LC3B,930
KEAP1,MAPK3,504
KEAP1,MAPK8,434
KEAP1,MCM3,863
KEAP1,MCM4,468
KEAP1,MDM2,629
KEAP1,MMP9,405
KEAP1,MTOR,531
KEAP1,MYC,527
KEAP1,NFE2L2,999
KEAP1,NFKB1,733
KEAP1,NLRP3,476
KEAP1,NOX4,593
KEAP1,PARP1,481
KEAP1,PPARGC1A,530
KEAP1,PTEN,590
KEAP1,PTGS2,539
KEAP1,RAD51,442
KEAP1,RELA,956
KEAP1,SAT1,643
KEAP1,SESN2,921
KEAP1,SIRT1,611
KEAP1,SLC7A11,630
KEAP1,SMURF2,489
KEAP1,SNCA,550
KEAP1,SOD1,630
KEAP1,SP1,491
KEAP1,SQSTM1,999
KEAP1,STAT3,659
KEAP1,TFAM,429
KEAP1,TGFB1,446
KEAP1,TLR4,514
KEAP1,TNF,591
KEAP1,TNFAIP1,903
KEAP1,TP53,810
KEAP1,TSC2,460
KEAP1,TXNIP,478
KLF6,MDM2,528
KLF6,MYC,400
KLF6,NR1D1,409
KLF6,RELA,533
KLF6,SP1,837
KLF6,TP53,857
KLF6,TXNIP,506
LACTB,TP53,591
LCN2,MMP1,611
LCN2,MMP2,907
LCN2,MMP3,619
LCN2,MMP9,998
LCN2,MPO,683
LCN2,NFKB1,448
LCN2,PADI4,596
LCN2,PTGS2,418
LCN2,S100A8,535
LCN2,SELE,440
LCN2,SERPINE1,480
LCN2,SLC3A2,910
LCN2,SLC40A1,464
LCN2,STAT3,744
LCN2,TFRC,442
LCN2,TGFB1,674
LCN2,TIMP1,850
LCN2,TIMP2,647
LCN2,TLR4,556
LCN2,TNF,670
LCN2,TP53,418
LCN2,VCAM1,473
LIFR,SOCS1,441
LIFR,STAT1,434
LIFR,STAT3,940
LIG1,LIG3,785
LIG1,LIG4,597
LIG1,MCM2,819
LIG1,MCM3,822
LIG1,MCM4,843
LIG1,MCM5,947
LIG1,MCM6,861
LIG1,MCM7,855
LIG1,MRE11,600
LIG1,NBN,431
LIG1,PARP1,703
LIG1,PCNA,999
LIG1,PRKDC,718
LIG1,RAD51,824
LIG1,RFC1,856
LIG1,RFC2,808
LIG1,RFC3,825
LIG1,RFC4,959
LIG1,RFC5,830
LIG1,RPA1,804
LIG1,RPA2,734
LIG1,RPA3,693
LIG1,TERF1,491
LIG1,TERF2,422
LIG1,TOP2A,570
LIG1,TP53,475
LIG1,WRN,895
LIG1,XRCC1,997
LIG1,XRCC5,769
LIG1,XRCC6,744
LIG3,LIG4,446
LIG3,MCM5,644
LIG3,MCM7,426
LIG3,MRE11,831
LIG3,MTOR,408
LIG3,NBN,793
LIG3,PARP1,990
LIG3,PCNA,916
LIG3,PRKDC,814
LIG3,RAD50,809
LIG3,RAD51,620
LIG3,RFC1,648
LIG3,RFC2,617
LIG3,RFC3,566
LIG3,RFC4,605
LIG3,RFC5,567
LIG3,RPA1,781
LIG3,RPA2,773
LIG3,RPA3,589
LIG3,TP53,621
LIG3,WRN,777
LIG3,XRCC1,999
LIG3,XRCC5,964
LIG3,XRCC6,994
LIG4,MCM4,413
LIG4,MCM5,633
LIG4,MCM7,436
LIG4,MDM2,520
LIG4,MRE11,704
LIG4,NBN,821
LIG4,PARP1,655
LIG4,PCNA,866
LIG4,PRKDC,999
LIG4,RAD50,536
LIG4,RAD51,794
LIG4,RPA1,454
LIG4,RPA3,410
LIG4,TERF2,496
LIG4,TERT,481
LIG4,TOP2A,479
LIG4,TP53,532
LIG4,WRN,751
LIG4,XRCC1,928
LIG4,XRCC5,999
LIG4,XRCC6,999
LMNB1,MAP1LC3A,476
LMNB1,MAP1LC3B,612
LMNB1,MAPK3,505
LMNB1,MCM4,427
LMNB1,MKI67,508
LMNB1,MYC,666
LMNB1,NFE2L2,556
LMNB1,NFKB1,522
LMNB1,PARP1,569
LMNB1,PLK1,476
LMNB1,PTGS2,425
LMNB1,RAD51,571
LMNB1,RELA,445
LMNB1,RPA1,671
LMNB1,RPA3,546
LMNB1,SIRT1,643
LMNB1,SNAI1,403
LMNB1,STAT3,484
LMNB1,STEAP3,411
LMNB1,TLR4,411
LMNB1,TNF,519
LMNB1,TOP2A,533
LMNB1,TP53,660
LOX,LPCAT3,477
LOX,MAPK3,584
LOX,MMP1,517
LOX,MMP13,485
LOX,MMP2,730
LOX,MMP3,669
LOX,MMP9,614
LOX,MPO,410
LOX,MTOR,621
LOX,MYC,708
LOX,NFKB1,491
LOX,NOX4,404
LOX,PTEN,546
LOX,PTGS2,766
LOX,SERPINE1,573
LOX,SNAI1,725
LOX,STAT3,664
LOX,TGFB1,623
LOX,TIMP1,649
LOX,TIMP2,540
LOX,TLR4,480
LOX,TNF,594
LOX,TP53,606
LOX,VCAM1,510
LOX,WNT5A,410
LOX,YAP1,431
LOX,ZEB1,450
LPCAT3,NCOA4,606
LPCAT3,SAT1,593
LPCAT3,SLC3A2,553
LPCAT3,SLC40A1,434
LPCAT3,SLC7A11,574
LPCAT3,STEAP3,563
LPCAT3,TFRC,491
LPIN1,LPIN2,963
LPIN1,MAPK3,472
LPIN1,MTOR,944
LPIN1,PLIN2,529
LPIN1,PNPLA2,842
LPIN1,PPARGC1A,947
LPIN1,RPS6KB1,481
LPIN1,SIRT1,628
LPIN2,MTOR,915
LPIN2,NLRP3,419
LPIN2,PNPLA2,760
LPIN2,PPARGC1A,511
MAD2L1,MCM2,757
MAD2L1,MCM3,793
MAD2L1,MCM4,855
MAD2L1,MCM5,845
MAD2L1,MCM6,825
MAD2L1,MCM7,797
MAD2L1,MKI67,523
MAD2L1,MYC,460
MAD2L1,PCNA,792
MAD2L1,PLK1,933
MAD2L1,PRKDC,548
MAD2L1,RAD51,796
MAD2L1,RFC2,487
MAD2L1,RFC3,859
MAD2L1,RFC4,947
MAD2L1,RFC5,527
MAD2L1,RPA3,585
MAD2L1,SMARCB1,442
MAD2L1,TOP2A,890
MAD2L1,TP53,444
MAP1LC3A,MAP1LC3B,860
MAP1LC3A,MTOR,654
MAP1LC3A,MYC,423
MAP1LC3A,NFKB1,407
MAP1LC3A,PARP1,622
MAP1LC3A,PPARGC1A,414
MAP1LC3A,PRKAA1,488
MAP1LC3A,PTBP1,491
MAP1LC3A,RPS6KB1,561
MAP1LC3A,SIRT1,615
MAP1LC3A,SNCA,653
MAP1LC3A,SQSTM1,999
MAP1LC3A,TP53,501
MAP1LC3B,MAPK3,518
MAP1LC3B,MAPK8,416
MAP1LC3B,MMP2,512
MAP1LC3B,MTOR,760
MAP1LC3B,MYC,490
MAP1LC3B,NCOA4,528
MAP1LC3B,NFE2L2,480
MAP1LC3B,NFKB1,516
MAP1LC3B,NLRP3,418
MAP1LC3B,PARP1,672
MAP1LC3B,PPARGC1A,533
MAP1LC3B,PRKAA1,402
MAP1LC3B,PTEN,462
MAP1LC3B,RPS6KB1,708
MAP1LC3B,SESN2,692
MAP1LC3B,SIRT1,768
MAP1LC3B,SNCA,725
MAP1LC3B,SOD1,442
MAP1LC3B,SQSTM1,999
MAP1LC3B,STAT1,561
MAP1LC3B,STAT3,474
MAP1LC3B,TFAM,464
MAP1LC3B,TFRC,566
MAP1LC3B,TNF,502
MAP1LC3B,TP53,657
MAP1LC3B,TSC2,506
MAP3K14,MYC,569
MAP3K14,NFKB1,676
MAP3K14,RELA,790
MAP3K14,TNF,671
MAP3K14,TNFAIP3,478
MAP3K14,TNFRSF1A,404
MAPK1,MAPK14,995
MAPK1,MAPK3,994
MAPK1,MAPK8,747
MAPK1,MDM2,635
MAPK1,MMP2,408
MAPK1,MMP3,500
MAPK1,MMP9,684
MAPK1,MTOR,678
MAPK1,MYC,983
MAPK1,NFE2L2,430
MAPK1,NFKB1,790
MAPK1,PARP1,609
MAPK1,PTEN,677
MAPK1,PTGS2,780
MAPK1,RELA,717
MAPK1,RPS6KB1,927
MAPK1,SNAI1,540
MAPK1,SNCA,627
MAPK1,SP1,969
MAPK1,SQSTM1,564
MAPK1,STAT1,950
MAPK1,STAT3,996
MAPK1,TGFB1,482
MAPK1,TLR4,606
MAPK1,TNF,757
MAPK1,TNFRSF1A,679
MAPK1,TOP2A,421
MAPK1,TP53,998
MAPK1,TSC1,926
MAPK1,TSC2,952
MAPK1,VCAM1,671
MAPK14,MAPK3,989
MAPK14,MAPK8,955
MAPK14,MAX,976
MAPK14,MMP9,532
MAPK14,MTOR,554
MAPK14,MYC,710
MAPK14,NFE2L2,459
MAPK14,NFKB1,864
MAPK14,PARP1,422
MAPK14,PLIN2,403
MAPK14,PPARGC1A,950
MAPK14,PTEN,531
MAPK14,PTGS2,774
MAPK14,RB1,811
MAPK14,RELA,798
MAPK14,SELE,553
MAPK14,SERPINE1,527
MAPK14,SIRT1,437
MAPK14,SOD1,584
MAPK14,SP1,948
MAPK14,SQSTM1,672
MAPK14,STAT1,783
MAPK14,STAT3,718
MAPK14,TGFB1,632
MAPK14,TLR4,762
MAPK14,TNF,839
MAPK14,TNFRSF1A,432
MAPK14,TP53,994
MAPK14,TSC1,604
MAPK3,MAPK8,505
MAPK3,MDM2,484
MAPK3,MMP1,487
MAPK3,MMP13,488
MAPK3,MMP2,673
MAPK3,MMP3,645
MAPK3,MMP9,741
MAPK3,MPO,435
MAPK3,MTOR,762
MAPK3,MYC,986
MAPK3,NFE2L2,563
MAPK3,NFKB1,881
MAPK3,NLRP3,421
MAPK3,NOX4,577
MAPK3,PARP1,758
MAPK3,PPARGC1A,519
MAPK3,PRKDC,404
MAPK3,PTEN,756
MAPK3,PTGS2,855
MAPK3,RB1,521
MAPK3,RELA,684
MAPK3,RPS6KB1,935
MAPK3,SELE,423
MAPK3,SERPINE1,506
MAPK3,SIRT1,580
MAPK3,SNAI1,606
MAPK3,SNCA,526
MAPK3,SOD1,465
MAPK3,SP1,972
MAPK3,SQSTM1,632
MAPK3,STAT1,964
MAPK3,STAT3,870
MAPK3,TERT,437
MAPK3,TGFB1,721
MAPK3,TIMP1,524
MAPK3,TIMP2,468
MAPK3,TLR4,824
MAPK3,TNF,922
MAPK3,TNFRSF1A,479
MAPK3,TP53,994
MAPK3,TSC1,940
MAPK3,TSC2,960
MAPK3,VCAM1,713
MAPK3,WNT5A,424
MAPK3,YAP1,402
MAPK3,ZEB1,520
MAPK8,MDM2,410
MAPK8,MMP2,512
MAPK8,MMP9,735
MAPK8,MRE11,684
MAPK8,MTOR,702
MAPK8,MYC,666
MAPK8,NBN,533
MAPK8,NFE2L2,727
MAPK8,NFKB1,987
MAPK8,NLRP3,403
MAPK8,PARP1,528
MAPK8,PLIN2,424
MAPK8,PRKDC,425
MAPK8,PTEN,699
MAPK8,PTGS2,602
MAPK8,RAD50,506
MAPK8,RB1,425
MAPK8,RELA,975
MAPK8,RPS6KB1,517
MAPK8,SIRT1,727
MAPK8,SNCA,488
MAPK8,SP1,962
MAPK8,SQSTM1,425
MAPK8,STAT1,496
MAPK8,STAT3,900
MAPK8,TGFB1,534
MAPK8,TLR4,615
MAPK8,TNF,890
MAPK8,TNFRSF1A,715
MAPK8,TP53,997
MAPK8,WNT5A,710
MAX,MNT,943
MAX,MYC,999
MCM2,MCM3,999
MCM2,MCM4,999
MCM2,MCM5,999
MCM2,MCM6,999
MCM2,MCM7,999
MCM2,MKI67,547
MCM2,PARP1,461
MCM2,PCNA,939
MCM2,PLK1,689
MCM2,RAD51,734
MCM2,RB1,504
MCM2,RFC1,537
MCM2,RFC2,689
MCM2,RFC3,916
MCM2,RFC4,877
MCM2,RFC5,869
MCM2,RPA1,958
MCM2,RPA2,902
MCM2,RPA3,840
MCM2,TOP2A,689
MCM2,WRN,444
MCM3,MCM4,999
MCM3,MCM5,999
MCM3,MCM6,999
MCM3,MCM7,999
MCM3,MKI67,645
MCM3,MYC,672
MCM3,PARP1,749
MCM3,PCNA,975
MCM3,PLK1,827
MCM3,PRKDC,456
MCM3,RAD51,753
MCM3,RFC2,846
MCM3,RFC3,942
MCM3,RFC4,971
MCM3,RFC5,913
MCM3,RPA1,938
MCM3,RPA2,958
MCM3,RPA3,831
MCM3,TOP2A,753
MCM3,TP53,485
MCM4,MCM5,999
MCM4,MCM6,999
MCM4,MCM7,999
MCM4,MKI67,586
MCM4,MYC,651
MCM4,PARP1,526
MCM4,PCNA,965
MCM4,PLK1,851
MCM4,PRKDC,887
MCM4,RAD51,809
MCM4,RFC1,401
MCM4,RFC2,828
MCM4,RFC3,922
MCM4,RFC4,898
MCM4,RFC5,923
MCM4,RPA1,912
MCM4,RPA2,913
MCM4,RPA3,667
MCM4,TOP2A,814
MCM4,TP53,722
MCM4,WRN,566
MCM5,MCM6,999
MCM5,MCM7,999
MCM5,MKI67,657
MCM5,MYC,430
MCM5,PARP1,446
MCM5,PCNA,918
MCM5,PLK1,747
MCM5,RAD51,676
MCM5,RB1,669
MCM5,RFC1,486
MCM5,RFC2,874
MCM5,RFC3,937
MCM5,RFC4,949
MCM5,RFC5,949
MCM5,RPA1,902
MCM5,RPA2,925
MCM5,RPA3,653
MCM5,STAT1,596
MCM5,TOP2A,755
MCM5,TP53,676
MCM5,WRN,609
MCM6,MCM7,999
MCM6,MKI67,656
MCM6,MYC,424
MCM6,PARP1,490
MCM6,PCNA,912
MCM6,PLK1,862
MCM6,RAD51,774
MCM6,RFC2,827
MCM6,RFC3,961
MCM6,RFC4,945
MCM6,RFC5,901
MCM6,RPA1,946
MCM6,RPA2,777
MCM6,RPA3,706
MCM6,TOP2A,789
MCM6,TP53,479
MCM6,WRN,444
MCM6,XRCC6,409
MCM7,MKI67,459
MCM7,MYC,684
MCM7,PARP1,664
MCM7,PCNA,985
MCM7,PLK1,750
MCM7,PTEN,440
MCM7,RAD51,664
MCM7,RB1,846
MCM7,RFC1,412
MCM7,RFC2,894
MCM7,RFC3,937
MCM7,RFC4,906
MCM7,RFC5,939
MCM7,RPA1,905
MCM7,RPA2,822
MCM7,RPA3,670
MCM7,TERF2,485
MCM7,TGFB1,476
MCM7,TOP2A,706
MCM7,TP53,538
MCM7,WRN,458
MCM7,XRCC5,432
MCM7,XRCC6,588
MCU,PPARGC1A,414
MCU,TFAM,405
MCU,VDAC2,609
MCU,VDAC3,421
MDM2,MDM4,999
MDM2,MMP2,400
MDM2,MMP9,628
MDM2,MRE11,475
MDM2,MTOR,598
MDM2,MYC,813
MDM2,NBN,774
MDM2,NFE2L2,401
MDM2,NFKB1,719
MDM2,PARP1,667
MDM2,PCNA,553
MDM2,PLK1,772
MDM2,PRKAA1,429
MDM2,PRKDC,537
MDM2,PTEN,902
MDM2,PTGS2,439
MDM2,RAD51,431
MDM2,RB1,999
MDM2,RELA,746
MDM2,RPS6KB1,660
MDM2,RUNX3,836
MDM2,SESN2,510
MDM2,SETD7,690
MDM2,SIRT1,699
MDM2,SIRT6,705
MDM2,SNAI1,851
MDM2,SP1,799
MDM2,STAT1,622
MDM2,STAT3,715
MDM2,TERT,797
MDM2,TNF,625
MDM2,TOP2A,427
MDM2,TP53,999
MDM2,TSC2,518
MDM2,WRN,539
MDM2,XRCC1,401
MDM2,XRCC6,715
MDM2,YAP1,402
MDM2,ZEB1,432
MDM4,MRE11,435
MDM4,MTOR,476
MDM4,MYC,507
MDM4,PARP1,402
MDM4,PRKAA1,467
MDM4,PTEN,732
MDM4,RAD51,529
MDM4,RB1,682
MDM4,TERT,450
MDM4,TOP2A,458
MDM4,TP53,999
MKI67,MYC,530
MKI67,PLK1,831
MKI67,PTEN,470
MKI67,RAD51,491
MKI67,TNF,402
MKI67,TOP2A,993
MKI67,TP53,626
MMP1,MMP10,789
MMP1,MMP12,625
MMP1,MMP13,674
MMP1,MMP2,930
MMP1,MMP3,985
MMP1,MMP9,974
MMP1,MPO,593
MMP1,MYC,434
MMP1,NFKB1,659
MMP1,NOX4,540
MMP1,PTGS2,757
MMP1,SELE,469
MMP1,SERPINE1,773
MMP1,SNAI1,640
MMP1,STAT3,869
MMP1,TGFB1,812
MMP1,TIMP1,999
MMP1,TIMP2,936
MMP1,TLR4,446
MMP1,TNF,724
MMP1,TP53,515
MMP1,VCAM1,567
MMP10,MMP13,660
MMP10,MMP2,721
MMP10,MMP3,973
MMP10,MMP9,624
MMP10,PTBP1,467
MMP10,PTGS2,442
MMP10,SERPINE1,674
MMP10,TGFB1,418
MMP10,TIMP1,988
MMP10,TIMP2,981
MMP10,TNF,472
MMP10,TP53,553
MMP12,MMP13,539
MMP12,MMP2,492
MMP12,MMP3,764
MMP12,MMP9,697
MMP12,MPO,556
MMP12,PTGS2,573
MMP12,SERPINE1,437
MMP12,TGFB1,724
MMP12,TIMP1,923
MMP12,TIMP2,735
MMP12,TNF,725
MMP12,VCAM1,422
MMP13,MMP2,490
MMP13,MMP3,557
MMP13,MMP9,589
MMP13,NFKB1,492
MMP13,NLRP3,495
MMP13,PTGS2,660
MMP13,RUNX3,531
MMP13,SERPINE1,467
MMP13,SIRT1,438
MMP13,STAT1,554
MMP13,STAT3,655
MMP13,TGFB1,664
MMP13,TIMP1,886
MMP13,TIMP2,963
MMP13,TLR4,465
MMP13,TNF,712
MMP13,TP53,435
MMP13,VCAM1,418
MMP13,WNT5A,405
MMP2,MMP3,527
MMP2,MMP9,918
MMP2,MPO,474
MMP2,MTOR,512
MMP2,MYC,634
MMP2,NFKB1,597
MMP2,NOX4,466
MMP2,PARP1,479
MMP2,PTEN,745
MMP2,PTGS2,764
MMP2,RELA,400
MMP2,RPS6KB1,628
MMP2,SELE,492
MMP2,SERPINE1,755
MMP2,SIRT1,449
MMP2,SNAI1,731
MMP2,SP1,570
MMP2,SQSTM1,459
MMP2,STAT1,412
MMP2,STAT3,916
MMP2,TFRC,522
MMP2,TGFB1,962
MMP2,TIMP1,997
MMP2,TIMP2,999
MMP2,TLR4,679
MMP2,TNF,729
MMP2,TP53,669
MMP2,VCAM1,640
MMP2,WNT5A,498
MMP2,ZEB1,637
MMP3,MMP9,956
MMP3,MPO,616
MMP3,MYC,623
MMP3,NFKB1,695
MMP3,PTGS2,673
MMP3,SELE,490
MMP3,SERPINE1,877
MMP3,SIRT1,400
MMP3,SNAI1,652
MMP3,STAT1,409
MMP3,STAT3,892
MMP3,TGFB1,787
MMP3,TIMP1,999
MMP3,TIMP2,967
MMP3,TLR4,510
MMP3,TNF,853
MMP3,TNFRSF1A,428
MMP3,TP53,507
MMP3,VCAM1,565
MMP3,WNT5A,446
MMP9,MPO,969
MMP9,MTOR,588
MMP9,MYC,704
MMP9,NFE2L2,536
MMP9,NFKB1,802
MMP9,NLRP3,479
MMP9,NOX4,538
MMP9,PARP1,553
MMP9,PTEN,766
MMP9,PTGS2,815
MMP9,RELA,658
MMP9,RPS6KB1,490
MMP9,S100A8,493
MMP9,SELE,650
MMP9,SERPINE1,801
MMP9,SIRT1,597
MMP9,SNAI1,787
MMP9,SOD1,430
MMP9,SP1,441
MMP9,STAT1,727
MMP9,STAT3,890
MMP9,TERT,410
MMP9,TGFB1,968
MMP9,TIMP1,999
MMP9,TIMP2,998
MMP9,TLR4,934
MMP9,TNF,930
MMP9,TNFRSF1A,554
MMP9,TP53,838
MMP9,VCAM1,748
MMP9,WNT5A,541
MMP9,ZEB1,703
MNT,MYC,834
MPO,NFE2L2,525
MPO,NFKB1,518
MPO,NLRP3,544
MPO,NOX4,435
MPO,PADI4,840
MPO,PTGS2,641
MPO,RUNX3,448
MPO,S100A8,552
MPO,SELE,743
MPO,SERPINE1,685
MPO,STAT3,530
MPO,TFRC,406
MPO,TGFB1,519
MPO,TIMP1,515
MPO,TLR4,728
MPO,TNF,832
MPO,TNFRSF1A,415
MPO,TP53,460
MPO,VCAM1,621
MRE11,NBN,999
MRE11,PARP1,808
MRE11,PCNA,582
MRE11,PRKDC,854
MRE11,PTEN,574
MRE11,RAD50,999
MRE11,RAD51,984
MRE11,RFC1,738
MRE11,RFC2,688
MRE11,RFC3,703
MRE11,RFC4,744
MRE11,RFC5,696
MRE11,RPA1,953
MRE11,RPA2,708
MRE11,RPA3,687
MRE11,SIRT1,480
MRE11,TERF1,625
MRE11,TERF2,949
MRE11,TERT,530
MRE11,TOP2A,634
MRE11,TP53,905
MRE11,WRN,945
MRE11,XRCC1,902
MRE11,XRCC5,979
MRE11,XRCC6,987
MTOR,MYC,730
MTOR,NBN,431
MTOR,NFE2L2,637
MTOR,NFKB1,760
MTOR,NLRP3,472
MTOR,NOX4,451
MTOR,PARP1,658
MTOR,PPARGC1A,703
MTOR,PRKAA1,972
MTOR,PRKAA2,973
MTOR,PRKD1,609
MTOR,PRKDC,582
MTOR,PTEN,942
MTOR,PTGS2,575
MTOR,RELA,408
MTOR,RPS6KB1,999
MTOR,SESN2,768
MTOR,SIRT1,937
MTOR,SIRT6,463
MTOR,SLC1A5,634
MTOR,SLC3A2,483
MTOR,SNAI1,479
MTOR,SNCA,483
MTOR,SOCS2,417
MTOR,SOD1,440
MTOR,SP1,447
MTOR,SQSTM1,953
MTOR,STAT1,827
MTOR,STAT3,926
MTOR,TERT,738
MTOR,TFAM,503
MTOR,TGFB1,582
MTOR,TLR4,590
MTOR,TNF,671
MTOR,TNFAIP3,583
MTOR,TP53,874
MTOR,TRIB3,453
MTOR,TSC1,974
MTOR,TSC2,990
MTOR,WRN,478
MTOR,XRCC6,433
MTOR,YAP1,400
MTOR,ZEB1,418
MYC,NFE2L2,961
MYC,NFKB1,917
MYC,NR2F2,542
MYC,PARP1,762
MYC,PCNA,464
MYC,PLK1,844
MYC,PPARGC1A,529
MYC,PRKDC,731
MYC,PTBP1,802
MYC,PTEN,908
MYC,PTGS2,715
MYC,RAD51,581
MYC,RB1,888
MYC,RELA,852
MYC,RFC2,618
MYC,RFC3,596
MYC,RFC4,451
MYC,RPS6KB1,670
MYC,RUNX3,837
MYC,S100A8,425
MYC,SERPINE1,565
MYC,SIRT1,860
MYC,SIRT6,957
MYC,SLC1A5,652
MYC,SLC3A2,446
MYC,SMARCB1,906
MYC,SMURF2,422
MYC,SNAI1,727
MYC,SOCS1,456
MYC,SP1,974
MYC,SQSTM1,551
MYC,STAT1,781
MYC,STAT3,985
MYC,TERF1,470
MYC,TERT,920
MYC,TFAM,541
MYC,TFRC,596
MYC,TGFB1,796
MYC,TIMP1,446
MYC,TIMP2,450
MYC,TLR4,473
MYC,TNF,702
MYC,TNFAIP3,437
MYC,TNFRSF1A,629
MYC,TOP2A,577
MYC,TP53,997
MYC,TRIB3,487
MYC,TSC1,662
MYC,TSC2,580
MYC,TXNIP,578
MYC,VCAM1,425
MYC,WNT5A,572
MYC,WRN,433
MYC,XRCC5,706
MYC,XRCC6,836
MYC,YAP1,677
MYC,ZEB1,800
NBN,PARP1,790
NBN,PCNA,458
NBN,PRKDC,918
NBN,RAD50,999
NBN,RAD51,925
NBN,RFC1,613
NBN,RFC2,849
NBN,RFC3,563
NBN,RFC4,906
NBN,RFC5,560
NBN,RPA1,750
NBN,RPA2,674
NBN,RPA3,578
NBN,SIRT1,626
NBN,TERF1,683
NBN,TERF2,993
NBN,TP53,763
NBN,WRN,927
NBN,XRCC1,749
NBN,XRCC5,889
NBN,XRCC6,899
NCOA4,NFE2L2,429
NCOA4,SAT1,572
NCOA4,SLC3A2,507
NCOA4,SLC40A1,599
NCOA4,SLC7A11,586
NCOA4,SQSTM1,503
NCOA4,STAT3,576
NCOA4,STEAP3,605
NCOA4,TFRC,618
NCOA4,TP53,444
NCOA4,VDAC2,475
NFE2L2,NFKB1,659
NFE2L2,NLRP3,544
NFE2L2,NOX4,644
NFE2L2,PARP1,475
NFE2L2,PPARGC1A,942
NFE2L2,PTEN,707
NFE2L2,PTGS2,698
NFE2L2,RELA,611
NFE2L2,RPS6KB1,479
NFE2L2,SAT1,820
NFE2L2,SESN2,447
NFE2L2,SIRT1,737
NFE2L2,SLC3A2,405
NFE2L2,SLC40A1,441
NFE2L2,SLC7A11,826
NFE2L2,SNCA,531
NFE2L2,SOD1,708
NFE2L2,SQSTM1,950
NFE2L2,STAT1,453
NFE2L2,STAT3,742
NFE2L2,TERT,447
NFE2L2,TFAM,625
NFE2L2,TGFB1,556
NFE2L2,TLR4,626
NFE2L2,TNF,701
NFE2L2,TNFRSF1A,543
NFE2L2,TP53,780
NFE2L2,TXNIP,476
NFE2L2,VCAM1,454
NFKB1,NLRP3,981
NFKB1,NOX4,494
NFKB1,PARP1,828
NFKB1,PPARGC1A,770
NFKB1,PPP2R2B,905
NFKB1,PRKDC,631
NFKB1,PTEN,652
NFKB1,PTGS2,842
NFKB1,RELA,999
NFKB1,RPS6KB1,513
NFKB1,SELE,589
NFKB1,SERPINE1,525
NFKB1,SIRT1,983
NFKB1,SIRT6,412
NFKB1,SNAI1,573
NFKB1,SOCS1,702
NFKB1,SOD1,503
NFKB1,SP1,910
NFKB1,SQSTM1,747
NFKB1,STAT1,926
NFKB1,STAT3,962
NFKB1,TERT,423
NFKB1,TFAM,419
NFKB1,TGFB1,711
NFKB1,TIMP1,704
NFKB1,TIMP2,463
NFKB1,TLR4,993
NFKB1,TNF,999
NFKB1,TNFAIP3,908
NFKB1,TNFRSF1A,848
NFKB1,TP53,989
NFKB1,VCAM1,769
NFKB1,ZEB1,668
NLRP3,NOX4,457
NLRP3,PPARGC1A,476
NLRP3,PTGS2,707
NLRP3,RELA,937
NLRP3,SIRT1,532
NLRP3,SQSTM1,593
NLRP3,STAT1,530
NLRP3,STAT3,558
NLRP3,TGFB1,472
NLRP3,TLR4,874
NLRP3,TNF,869
NLRP3,TNFAIP3,450
NLRP3,TNFRSF1A,580
NLRP3,TP53,633
NLRP3,TXNIP,999
NLRP3,VCAM1,483
NOX4,PPARGC1A,524
NOX4,PTEN,482
NOX4,PTGS2,508
NOX4,SERPINE1,481
NOX4,SIRT1,667
NOX4,SOD1,602
NOX4,STAT3,465
NOX4,TGFB1,675
NOX4,TLR4,996
NOX4,TNF,609
NOX4,TP53,519
NOX4,TXNIP,497
NOX4,VCAM1,569
NR1D1,PPARGC1A,839
NR1D1,SIRT1,570
NR2F2,PPARGC1A,598
NR2F2,TBX2,410
NUAK2,PRKAA1,475
PADI4,TLR4,461
PADI4,TNF,488
PADI4,TNFAIP3,585
PADI4,TP53,861
PARP1,PCNA,872
PARP1,PLK1,561
PARP1,PPARGC1A,453
PARP1,PRKDC,993
PARP1,PTEN,726
PARP1,PTGS2,502
PARP1,RAD50,619
PARP1,RAD51,860
PARP1,RB1,533
PARP1,RELA,891
PARP1,RFC1,438
PARP1,RFC2,462
PARP1,RFC4,489
PARP1,RFC5,441
PARP1,RPA1,825
PARP1,RPA2,922
PARP1,RPA3,639
PARP1,RPS6KB1,644
PARP1,SIRT1,844
PARP1,SIRT6,683
PARP1,SMARCB1,443
PARP1,SMURF2,571
PARP1,SNAI1,842
PARP1,SOD1,624
PARP1,SP1,545
PARP1,SQSTM1,691
PARP1,STAT1,452
PARP1,STAT3,657
PARP1,TERF1,685
PARP1,TERT,545
PARP1,TFAM,685
PARP1,TGFB1,400
PARP1,TNF,735
PARP1,TNFRSF1A,467
PARP1,TOP2A,742
PARP1,TP53,972
PARP1,TRIB3,444
PARP1,TSC2,414
PARP1,WRN,915
PARP1,XRCC1,999
PARP1,XRCC5,996
PARP1,XRCC6,998
PARP1,YAP1,432
PARP1,ZEB1,468
PCNA,PLK1,431
PCNA,PRKDC,562
PCNA,RAD50,461
PCNA,RAD51,937
PCNA,RFC1,999
PCNA,RFC2,999
PCNA,RFC3,999
PCNA,RFC4,999
PCNA,RFC5,999
PCNA,RPA1,982
PCNA,RPA2,944
PCNA,RPA3,869
PCNA,TERF1,511
PCNA,TERF2,501
PCNA,TOP2A,789
PCNA,TP53,913
PCNA,WRN,912
PCNA,XRCC1,856
PCNA,XRCC5,824
PCNA,XRCC6,819
PDE4B,PTGS2,446
PDE4B,TNF,401
PLIN2,PNPLA2,854
PLIN2,PPARGC1A,469
PLIN2,PRKAA2,557
PLIN2,SQSTM1,587
PLK1,PPP2R2B,596
PLK1,PRKDC,602
PLK1,PTEN,870
PLK1,RAD51,848
PLK1,RB1,412
PLK1,RELA,667
PLK1,RFC3,461
PLK1,RFC4,656
PLK1,STAT3,627
PLK1,TOP2A,931
PLK1,TP53,981
PLK1,TSC1,511
PLK1,TSC2,434
PLK1,WRN,407
PNPLA2,PPARGC1A,708
PNPLA2,RELA,501
PNPLA2,SIRT1,523
PNPLA2,TFAM,402
PNPLA2,TNF,430
PPARGC1A,PRKAA1,962
PPARGC1A,PRKAA2,964
PPARGC1A,PTEN,491
PPARGC1A,PTGS2,521
PPARGC1A,RELA,629
PPARGC1A,RPS6KB1,601
PPARGC1A,SERPINE1,405
PPARGC1A,SIRT1,999
PPARGC1A,SIRT6,652
PPARGC1A,SNCA,562
PPARGC1A,SOD1,958
PPARGC1A,SQSTM1,508
PPARGC1A,STAT1,623
PPARGC1A,STAT3,538
PPARGC1A,TFAM,988
PPARGC1A,TGFB1,484
PPARGC1A,TLR4,531
PPARGC1A,TNF,646
PPARGC1A,TP53,887
PPARGC1A,TSC2,503
PPARGC1A,TXNIP,406
PPARGC1A,WRN,485
PPP2R2B,RELA,902
PPP2R2B,RPS6KB1,420
PPP2R2B,WWTR1,901
PPP2R2B,YAP1,903
PRKAA1,PRKAA2,984
PRKAA1,PTEN,457
PRKAA1,SESN2,724
PRKAA1,SIRT1,553
PRKAA1,SQSTM1,417
PRKAA1,TP53,764
PRKAA1,TSC1,921
PRKAA1,TSC2,978
PRKAA1,TXNIP,415
PRKAA1,YAP1,560
PRKAA2,PRKDC,468
PRKAA2,PTEN,592
PRKAA2,RPS6KB1,518
PRKAA2,SESN2,737
PRKAA2,SIRT1,528
PRKAA2,SQSTM1,427
PRKAA2,TP53,645
PRKAA2,TSC1,942
PRKAA2,TSC2,938
PRKAA2,TXNIP,650
PRKD1,SNAI1,498
PRKD1,TP53,535
PRKD1,TSC2,525
PRKDC,PTEN,468
PRKDC,RAD50,669
PRKDC,RAD51,823
PRKDC,RELA,554
PRKDC,RFC2,406
PRKDC,RFC4,441
PRKDC,RPA1,840
PRKDC,RPA2,970
PRKDC,RPA3,622
PRKDC,RPS6KB1,548
PRKDC,SIRT6,728
PRKDC,SP1,413
PRKDC,TERF1,717
PRKDC,TERF2,677
PRKDC,TERT,618
PRKDC,TOP2A,793
PRKDC,TP53,997
PRKDC,TSC2,534
PRKDC,WRN,978
PRKDC,XRCC1,963
PRKDC,XRCC5,999
PRKDC,XRCC6,999
PRNP,SNCA,984
PRNP,SOD1,740
PRNP,TNF,644
PRNP,TRIB3,405
PTBP1,RBM3,432
PTBP1,TP53,639
PTBP1,XRCC5,458
PTEN,PTGS2,682
PTEN,RAD51,759
PTEN,RB1,734
PTEN,RELA,642
PTEN,RPS6KB1,914
PTEN,RUNX3,432
PTEN,SERPINE1,407
PTEN,SIRT1,757
PTEN,SIRT6,429
PTEN,SMARCB1,558
PTEN,SNAI1,755
PTEN,SNCA,427
PTEN,SOCS1,568
PTEN,SP1,430
PTEN,SQSTM1,466
PTEN,STAT1,541
PTEN,STAT3,794
PTEN,TERF1,469
PTEN,TERT,822
PTEN,TGFB1,664
PTEN,TIMP1,405
PTEN,TLR4,535
PTEN,TNF,638
PTEN,TOP2A,636
PTEN,TP53,999
PTEN,TSC1,801
PTEN,TSC2,889
PTEN,VCAM1,406
PTEN,WNT5A,477
PTEN,WRN,411
PTEN,YAP1,682
PTEN,ZEB1,763
PTGS2,RELA,737
PTGS2,S100A8,449
PTGS2,SELE,581
PTGS2,SERPINE1,815
PTGS2,SIRT1,592
PTGS2,SLC7A11,417
PTGS2,SNAI1,472
PTGS2,SNCA,428
PTGS2,SOCS1,404
PTGS2,SOD1,523
PTGS2,SQSTM1,509
PTGS2,STAT1,604
PTGS2,STAT3,930
PTGS2,TGFB1,688
PTGS2,TIMP1,566
PTGS2,TIMP2,484
PTGS2,TLR4,787
PTGS2,TNF,916
PTGS2,TNFAIP3,666
PTGS2,TNFRSF1A,486
PTGS2,TP53,974
PTGS2,VCAM1,758
PTGS2,WNT5A,418
RAD50,RAD51,858
RAD50,RFC1,815
RAD50,RFC2,596
RAD50,RFC3,583
RAD50,RFC4,568
RAD50,RFC5,596
RAD50,RPA1,779
RAD50,RPA2,571
RAD50,RPA3,535
RAD50,TERF1,692
RAD50,TERF2,926
RAD50,TERT,469
RAD50,TP53,709
RAD50,WRN,756
RAD50,XRCC1,757
RAD50,XRCC5,806
RAD50,XRCC6,909
RAD51,RB1,548
RAD51,RELA,430
RAD51,RFC1,620
RAD51,RFC2,786
RAD51,RFC3,833
RAD51,RFC4,888
RAD51,RFC5,869
RAD51,RPA1,996
RAD51,RPA2,955
RAD51,RPA3,851
RAD51,SIRT1,634
RAD51,SIRT6,530
RAD51,SQSTM1,839
RAD51,TERF1,506
RAD51,TERT,642
RAD51,TOP2A,799
RAD51,TP53,999
RAD51,WRN,993
RAD51,XRCC1,837
RAD51,XRCC5,855
RAD51,XRCC6,930
RB1,SETD7,498
RB1,SIRT1,821
RB1,SMARCB1,802
RB1,SP1,730
RB1,STAT3,537
RB1,TERT,458
RB1,TOP2A,444
RB1,TP53,936
RB1,WRN,517
RB1,WWTR1,560
RB1,YAP1,620
RBM3,RPA1,470
RELA,RUNX3,524
RELA,SELE,623
RELA,SETD7,837
RELA,SIRT1,995
RELA,SIRT6,969
RELA,SNAI1,675
RELA,SOCS1,812
RELA,SP1,953
RELA,SQSTM1,912
RELA,STAT1,864
RELA,STAT3,992
RELA,TERT,674
RELA,TGFB1,484
RELA,TLR4,966
RELA,TNF,997
RELA,TNFAIP3,699
RELA,TNFRSF1A,826
RELA,TP53,955
RELA,TRIB3,439
RELA,TXNIP,417
RELA,VCAM1,528
RELA,YAP1,709
RELA,ZEB1,480
RFC1,RFC2,999
RFC1,RFC3,999
RFC1,RFC4,999
RFC1,RFC5,999
RFC1,RPA1,874
RFC1,RPA2,680
RFC1,RPA3,625
RFC1,TERF1,509
RFC1,TERF2,509
RFC1,WRN,726
RFC1,XRCC1,565
RFC1,XRCC5,727
RFC1,XRCC6,425
RFC2,RFC3,999
RFC2,RFC4,999
RFC2,RFC5,999
RFC2,RPA1,896
RFC2,RPA2,888
RFC2,RPA3,859
RFC2,TERF1,532
RFC2,TERF2,696
RFC2,TOP2A,505
RFC2,TP53,534
RFC2,WRN,828
RFC2,XRCC1,602
RFC2,XRCC5,689
RFC2,XRCC6,677
RFC3,RFC4,999
RFC3,RFC5,999
RFC3,RPA1,749
RFC3,RPA2,772
RFC3,RPA3,805
RFC3,TERF1,525
RFC3,TERF2,536
RFC3,TOP2A,757
RFC3,TP53,608
RFC3,WRN,710
RFC3,XRCC1,586
RFC3,XRCC5,410
RFC3,XRCC6,673
RFC4,RFC5,999
RFC4,RPA1,852
RFC4,RPA2,788
RFC4,RPA3,912
RFC4,TERF1,525
RFC4,TERF2,693
RFC4,TOP2A,829
RFC4,TP53,646
RFC4,WRN,814
RFC4,XRCC1,603
RFC4,XRCC5,471
RFC4,XRCC6,455
RFC5,RPA1,899
RFC5,RPA2,801
RFC5,RPA3,866
RFC5,TERF1,546
RFC5,TERF2,520
RFC5,TOP2A,500
RFC5,TP53,497
RFC5,WRN,691
RFC5,XRCC1,565
RFC5,XRCC5,432
RFC5,XRCC6,410
RGS4,TLR4,437
RPA1,RPA2,999
RPA1,RPA3,999
RPA1,SIRT1,412
RPA1,SIRT6,588
RPA1,TERF1,681
RPA1,TERF2,551
RPA1,TERT,833
RPA1,TFAM,411
RPA1,TOP2A,451
RPA1,TP53,999
RPA1,WRN,999
RPA1,XRCC1,759
RPA1,XRCC5,722
RPA1,XRCC6,934
RPA2,RPA3,999
RPA2,STAT3,658
RPA2,TERF1,663
RPA2,TERF2,573
RPA2,TP53,774
RPA2,WRN,998
RPA2,XRCC1,641
RPA2,XRCC5,758
RPA2,XRCC6,924
RPA3,TERF1,621
RPA3,TERF2,564
RPA3,TP53,592
RPA3,WRN,998
RPA3,XRCC1,606
RPA3,XRCC5,750
RPA3,XRCC6,790
RPS6KB1,SESN2,576
RPS6KB1,SIRT1,712
RPS6KB1,SLC1A5,430
RPS6KB1,SNAI1,418
RPS6KB1,SP1,925
RPS6KB1,SQSTM1,834
RPS6KB1,STAT1,529
RPS6KB1,STAT3,631
RPS6KB1,STEAP3,431
RPS6KB1,TERT,666
RPS6KB1,TFAM,433
RPS6KB1,TGFB1,451
RPS6KB1,TLR4,405
RPS6KB1,TNF,555
RPS6KB1,TP53,700
RPS6KB1,TSC1,906
RPS6KB1,TSC2,952
RUNX3,SMURF2,611
RUNX3,SOCS1,679
RUNX3,STAT3,485
RUNX3,TGFB1,859
RUNX3,TNF,436
RUNX3,TP53,936
RUNX3,YAP1,708
S100A8,SERPINE1,447
S100A8,STAT3,418
S100A8,TGFB1,516
S100A8,TLR4,907
S100A8,TNF,569
S100A8,TP53,479
SAT1,SLC3A2,466
SAT1,SLC40A1,463
SAT1,SLC7A11,443
SAT1,STEAP3,491
SAT1,TFRC,425
SELE,SERPINE1,692
SELE,STAT3,449
SELE,TGFB1,526
SELE,TIMP1,434
SELE,TLR4,646
SELE,TNF,872
SELE,TNFRSF1A,655
SELE,VCAM1,979
SERPINE1,SIRT1,457
SERPINE1,SNAI1,536
SERPINE1,SP1,489
SERPINE1,STAT3,517
SERPINE1,TGFB1,798
SERPINE1,TIMP1,840
SERPINE1,TIMP2,608
SERPINE1,TLR4,721
SERPINE1,TNF,764
SERPINE1,TNFRSF1A,464
SERPINE1,TP53,593
SERPINE1,VCAM1,719
SERPINE1,WWTR1,649
SERPINE1,ZEB1,406
SESN2,SLC3A2,454
SESN2,SQSTM1,953
SESN2,TP53,854
SESN2,TRIB3,564
SESN2,TSC1,639
SESN2,TSC2,762
SETD7,SIRT1,865
SETD7,SMURF2,455
SETD7,STAT3,487
SETD7,TP53,947
SIRT1,SIRT6,782
SIRT1,SMURF2,449
SIRT1,SNAI1,437
SIRT1,SNCA,518
SIRT1,SOD1,638
SIRT1,SP1,404
SIRT1,SQSTM1,707
SIRT1,STAT1,635
SIRT1,STAT3,817
SIRT1,TERF1,400
SIRT1,TERT,595
SIRT1,TFAM,903
SIRT1,TGFB1,594
SIRT1,TIMP2,433
SIRT1,TLR4,609
SIRT1,TNF,706
SIRT1,TOP2A,522
SIRT1,TP53,999
SIRT1,TRIB3,451
SIRT1,TSC1,427
SIRT1,TSC2,843
SIRT1,TXNIP,475
SIRT1,VCAM1,485
SIRT1,WRN,854
SIRT1,XRCC1,475
SIRT1,XRCC5,579
SIRT1,XRCC6,916
SIRT1,YAP1,464
SIRT1,ZEB1,870
SIRT6,SMARCB1,497
SIRT6,TERT,406
SIRT6,TNF,406
SIRT6,TP53,748
SIRT6,WRN,912
SIRT6,XRCC5,700
SIRT6,XRCC6,799
SLC1A5,SLC3A2,894
SLC1A5,SLC7A11,704
SLC1A5,STEAP3,554
SLC1A5,TFRC,632
SLC1A5,TP53,501
SLC39A8,SLC40A1,529
SLC39A8,STEAP3,513
SLC39A8,TFRC,585
SLC39A8,TNF,498
SLC3A2,SLC40A1,414
SLC3A2,SLC7A11,999
SLC3A2,SP1,401
SLC3A2,STEAP3,414
SLC3A2,TFRC,631
SLC3A2,TP53,462
SLC3A2,TRIB3,693
SLC40A1,SLC7A11,519
SLC40A1,STEAP3,690
SLC40A1,TFRC,936
SLC7A11,SQSTM1,500
SLC7A11,STEAP3,433
SLC7A11,TFRC,528
SLC7A11,TP53,710
SLC7A11,VDAC2,472
SMARCB1,STAT1,426
SMARCB1,TERT,435
SMARCB1,TFAM,408
SMARCB1,TP53,976
SMURF2,TGFB1,828
SMURF2,TP53,503
SMURF2,TXNIP,414
SMURF2,WNT5A,585
SMURF2,WWTR1,580
SNAI1,STAT3,806
SNAI1,TGFB1,793
SNAI1,TIMP1,463
SNAI1,TNF,593
SNAI1,TP53,992
SNAI1,WNT5A,531
SNAI1,YAP1,776
SNAI1,ZEB1,579
SNCA,SOD1,897
SNCA,SQSTM1,889
SNCA,TFAM,411
SNCA,TIMP2,451
SNCA,TLR4,752
SNCA,TNF,594
SNCA,TP53,681
SNCA,VDAC2,427
SOCS1,SOCS2,967
SOCS1,STAT1,966
SOCS1,STAT3,944
SOCS1,TGFB1,450
SOCS1,TLR4,634
SOCS1,TNF,675
SOCS1,TNFAIP3,588
SOCS1,TP53,839
SOCS2,STAT1,842
SOCS2,STAT3,903
SOCS2,TOP2A,427
SOD1,SQSTM1,910
SOD1,TFAM,448
SOD1,TLR4,631
SOD1,TNF,574
SOD1,TP53,514
SP1,STAT3,923
SP1,TGFB1,460
SP1,TNF,627
SP1,TP53,994
SQSTM1,STAT1,526
SQSTM1,STAT3,680
SQSTM1,TFAM,431
SQSTM1,TGFB1,618
SQSTM1,TLR4,577
SQSTM1,TNF,675
SQSTM1,TNFAIP3,435
SQSTM1,TP53,901
SQSTM1,TRIB3,664
SQSTM1,TSC2,521
STAT1,STAT3,999
STAT1,TGFB1,647
STAT1,TIMP1,574
STAT1,TLR4,867
STAT1,TNF,875
STAT1,TNFAIP3,549
STAT1,TNFRSF1A,628
STAT1,TP53,781
STAT1,VCAM1,758
STAT3,TERT,669
STAT3,TFAM,577
STAT3,TFRC,504
STAT3,TGFB1,870
STAT3,TIMP1,772
STAT3,TIMP2,411
STAT3,TLR4,846
STAT3,TNF,939
STAT3,TNFAIP3,628
STAT3,TNFRSF1A,829
STAT3,TP53,994
STAT3,TSC2,464
STAT3,TXNIP,589
STAT3,VCAM1,818
STAT3,WNT5A,503
STAT3,YAP1,818
STAT3,ZEB1,833
STEAP3,TFRC,832
STEAP3,TP53,856
STEAP3,TSC1,493
TERF1,TERF2,998
TERF1,TERT,973
TERF1,TP53,573
TERF1,WRN,965
TERF1,XRCC5,947
TERF1,XRCC6,922
TERF2,TERT,869
TERF2,TP53,459
TERF2,WRN,918
TERF2,XRCC5,930
TERF2,XRCC6,973
TERT,TFAM,436
TERT,TGFB1,427
TERT,TNF,446
TERT,TP53,902
TERT,TSC2,409
TERT,WRN,732
TERT,XRCC1,409
TERT,XRCC5,948
TERT,XRCC6,964
TFAM,TNF,411
TFAM,TP53,959
TFAM,VDAC2,404
TFRC,TLR4,438
TFRC,TNF,725
TFRC,TNFRSF1A,505
TFRC,TP53,607
TFRC,VCAM1,468
TFRC,VDAC2,427
TGFB1,TIMP1,882
TGFB1,TIMP2,790
TGFB1,TLR4,721
TGFB1,TNF,941
TGFB1,TNFRSF1A,677
TGFB1,TP53,809
TGFB1,TSC2,534
TGFB1,VCAM1,648
TGFB1,WNT5A,541
TGFB1,YAP1,414
TGFB1,ZEB1,709
TIMP1,TIMP2,582
TIMP1,TLR4,664
TIMP1,TNF,727
TIMP1,TNFRSF1A,873
TIMP1,TP53,681
TIMP1,VCAM1,577
TIMP2,TNF,580
TIMP2,TP53,436
TIMP2,VCAM1,423
TLR4,TNF,969
TLR4,TNFAIP3,540
TLR4,TNFRSF1A,949
TLR4,TP53,592
TLR4,TSC2,408
TLR4,TXNIP,482
TLR4,VCAM1,772
TNF,TNFAIP1,434
TNF,TNFAIP3,999
TNF,TNFRSF1A,999
TNF,TP53,865
TNF,TSC2,589
TNF,TXNIP,453
TNF,VCAM1,923
TNF,VDAC2,417
TNF,WNT5A,459
TNF,ZEB1,451
TNFAIP3,TNFRSF1A,998
TNFAIP3,TP53,708
TNFRSF1A,TP53,741
TNFRSF1A,TSC2,463
TNFRSF1A,VCAM1,761
TOP2A,TP53,843
TOP2A,WRN,585
TOP2A,XRCC5,831
TOP2A,XRCC6,686
TP53,TSC1,437
TP53,TSC2,713
TP53,TXNIP,855
TP53,VCAM1,503
TP53,WNT5A,477
TP53,WRN,963
TP53,XRCC1,750
TP53,XRCC5,689
TP53,XRCC6,955
TP53,YAP1,721
TP53,ZEB1,824
TSC1,TSC2,999
TXNIP,VCAM1,593
VDAC2,VDAC3,997
WNT5A,ZEB1,473
WRN,XRCC1,792
WRN,XRCC5,993
WRN,XRCC6,998
WWTR1,YAP1,956
XRCC1,XRCC5,920
XRCC1,XRCC6,985
XRCC5,XRCC6,999
YAP1,ZEB1,821
