source,target,ligand_complex,receptor_complex,lr_means_mcao,cellphone_pvals_mcao,expr_prod_mcao,scaled_weight_mcao,lr_logfc_mcao,spec_weight_mcao,lrscore_mcao,specificity_rank_mcao,magnitude_rank_mcao,lr_means_sham,cellphone_pvals_sham,expr_prod_sham,scaled_weight_sham,lr_logfc_sham,spec_weight_sham,lrscore_sham,specificity_rank_sham,magnitude_rank_sham,magnitude_rank_diff,iron_aging_related
Pericyte,Oligodendrocyte,TIMP1,CD63,6.2015357,0.0,9.124305,0.38217059913997886,69.80413745638477,0.10716315,0.8337083,3.0387656249999996e-05,0.004638917603554624,0.15259877,1.0,0.023253895,-0.7159116752962789,-inf,0.00015730881,0.24537085,1.0,1.0,-0.9953610823964454,True
Microglia,Endothelial,CCL2,ACKR1,5.761603,0.0,12.25081,0.33941401916392155,73.47911987221586,0.36776832,0.8531426,3.0387656249999996e-05,0.005414862785489524,0.15259877,1.0,0.023253895,-0.7159116752962789,-inf,0.00015730881,0.24537085,1.0,1.0,-0.9945851372145105,True
Pericyte,Microglia,TIMP1,CD63,5.568257,0.0,8.129575,0.31751044796888905,-0.03154849893054035,0.095480256,0.8255517,4.3868811673204716e-05,0.006249682581611303,0.15259877,1.0,0.023253895,-0.7159116752962789,-inf,0.00015730881,0.24537085,1.0,1.0,-0.9937503174183887,True
Astrocyte,Oligodendrocyte,TIMP1,CD63,6.1032705,0.0,6.841077,0.35103614231258595,-10.89795797309786,0.0803471,0.8127748,0.00015774429974547809,0.008095026848548684,0.15259877,1.0,0.023253895,-0.7159116752962789,-inf,0.00015730881,0.24537085,1.0,1.0,-0.9919049731514513,True
Pericyte,GABAergic,TIMP1,CD63,5.196261,0.0,7.5452585,0.27952086488514455,-1.644268243061454,0.08861757,0.8201153,6.454265310533288e-05,0.008259335897424594,0.15259877,1.0,0.023253895,-0.7159116752962789,-inf,0.00015730881,0.24537085,1.0,1.0,-0.9917406641025754,True
Astrocyte,Microglia,TIMP1,CD63,5.4699917,0.0,6.0952644,0.28637599114149614,-80.73364392841316,0.071587674,0.803833,0.0028380558834119234,0.009279076997346852,0.15259877,1.0,0.023253895,-0.7159116752962789,-inf,0.00015730881,0.24537085,1.0,1.0,-0.9907209230026531,True
Pericyte,Astrocyte,TIMP1,CD63,4.758547,0.0,6.8577147,0.23482423957890725,18.70961167686886,0.080542505,0.81295955,0.00016444869284330376,0.010541957743724961,0.15259877,1.0,0.023253895,-0.7159116752962789,-inf,0.00015730881,0.24537085,1.0,1.0,-0.9894580422562751,True
Microglia,Oligodendrocyte,FN1,MAG,7.914545,0.0,5.747778,1.9229487111307744,98.23072045429431,0.083405,0.79916376,3.0387656249999996e-05,0.011492078858395767,0.15259877,1.0,0.023253895,-0.7159116752962789,-inf,0.00015730881,0.24537085,1.0,1.0,-0.9885079211416042,True
Astrocyte,GABAergic,TIMP1,CD63,5.0979958,0.0,5.657165,0.24838640805775164,-82.34636367254407,0.06644229,0.7978855,0.0028820559299064523,0.011883305172232086,0.15259877,1.0,0.023253895,-0.7159116752962789,-inf,0.00015730881,0.24537085,1.0,1.0,-0.9881166948277679,True
Astrocyte,Astrocyte,TIMP1,CD63,4.6602817,0.0,5.1416693,0.2036897827515143,-61.992483752613765,0.060387887,0.7900718,0.0015897794373692915,0.014364263450191605,0.15259877,1.0,0.023253895,-0.7159116752962789,-inf,0.00015730881,0.24537085,1.0,1.0,-0.9856357365498084,True
Microglia,GABAergic,CCL2,CCR5,5.4148602,0.0,5.0814176,0.38032394722434004,-29.538779589411405,0.14090928,0.7890926,0.0007096035318371374,0.014799943117496567,0.15259877,1.0,0.023253895,-0.7159116752962789,-inf,0.00015730881,0.24537085,1.0,1.0,-0.9852000568825034,True
GABAergic,Endothelial,CCL2,ACKR1,3.7885046,0.0,7.574552,0.17691340675179454,132.458333719128,0.22738744,0.82040095,0.00039777864015302044,0.020262075019882864,0.15259877,1.0,0.023253895,-0.7159116752962789,-inf,0.00015730881,0.24537085,1.0,1.0,-0.9797379249801171,True
GABAergic,GABAergic,CCL2,CCR5,3.441762,0.0,3.1417892,0.21782333481221308,29.440434257500726,0.08712279,0.7463171,0.00020598406320209686,0.027722510939011406,0.15259877,1.0,0.023253895,-0.7159116752962789,-inf,0.00015730881,0.24537085,1.0,1.0,-0.9722774890609885,True
Pericyte,Pericyte,TIMP1,CD63,3.1084957,0.272,4.2658796,0.06633203583382741,-27.31995646182031,0.050101914,0.7741673,0.0007150193225012543,0.035622570635755774,0.15259877,1.0,0.023253895,-0.7159116752962789,-inf,0.00015730881,0.24537085,1.0,1.0,-0.9643774293642442,True
Astrocyte,Pericyte,TIMP1,CD63,3.0102305,0.655,3.198404,0.035197579006434485,-108.02205189130294,0.03756462,0.74800396,0.005345223000151296,0.041171407723477,0.15259877,1.0,0.023253895,-0.7159116752962789,-inf,0.00015730881,0.24537085,1.0,1.0,-0.958828592276523,True
Microglia,Microglia,FN1,C5AR1,2.9413955,0.0,2.0492446,0.27408846360782335,-7.156822542440086,0.044635132,0.70378864,0.00011336510152654693,0.04671813654991217,0.15259877,1.0,0.023253895,-0.7159116752962789,-inf,0.00015730881,0.24537085,1.0,1.0,-0.9532818634500878,True
Microglia,GABAergic,FN1,C5AR1,1.9448272,0.0,1.3080963,0.02235756881004833,-0.12382898247676977,0.028491987,0.65496945,0.0009929685735464964,0.07884147022917473,0.15259877,1.0,0.023253895,-0.7159116752962789,-inf,0.00015730881,0.24537085,1.0,1.0,-0.9211585297708252,True
Microglia,Microglia,TNF,VSIR,1.8467507,0.0,3.409553,0.9418265692748042,8.004627436611877,0.3388099,0.75398123,3.0387656249999996e-05,0.08528164324338151,0.15259877,1.0,0.023253895,-0.7159116752962789,-inf,0.00015730881,0.24537085,1.0,1.0,-0.9147183567566185,True
Microglia,Astrocyte,CXCL10,SDC4,1.5478768,0.0,1.6811713,0.472446908964405,-7.262378611932977,0.15553,0.6827448,0.00010570387280572628,0.09993821763946446,0.15259877,1.0,0.023253895,-0.7159116752962789,-inf,0.00015730881,0.24537085,1.0,1.0,-0.9000617823605356,True
Microglia,Endothelial,TNF,FAS,1.395349,0.0,1.7699056,0.6634215684085001,6.832029633859778,0.32714874,0.688289,3.0387656249999996e-05,0.10710263377015854,0.15259877,1.0,0.023253895,-0.7159116752962789,-inf,0.00015730881,0.24537085,1.0,1.0,-0.8928973662298415,True
Pericyte,Endothelial,CCL2,ACKR1,1.3028489,1.0,1.683528,-0.027792649527283858,29.378422196419805,0.05053937,0.6828965,0.044277718636910976,0.11449183378777225,0.15259877,1.0,0.023253895,-0.7159116752962789,-inf,0.00015730881,0.24537085,1.0,1.0,-0.8855081662122277,True
Microglia,GABAergic,TNF,VSIR,1.2422924,0.0,1.2139506,0.4335393194365079,4.781691869339209,0.1206312,0.64648163,3.0387656249999996e-05,0.12269812849379427,0.15259877,1.0,0.023253895,-0.7159116752962789,-inf,0.00015730881,0.24537085,1.0,1.0,-0.8773018715062058,True
GABAergic,Microglia,TNF,VSIR,1.2162577,0.0,1.0422693,0.5445610746092843,-1.2786233477595945,0.1035711,0.62886935,4.783193360095601e-05,0.12569091088684042,0.15259877,1.0,0.023253895,-0.7159116752962789,-inf,0.00015730881,0.24537085,1.0,1.0,-0.8743090891131595,True
Pericyte,GABAergic,CCL2,CCR1,1.1946473,1.0,1.376085,0.22676719101241666,-77.18799785327057,0.043339442,0.66067207,0.05773662082561299,0.12871610876642714,0.15259877,1.0,0.023253895,-0.7159116752962789,-inf,0.00015730881,0.24537085,1.0,1.0,-0.8712838912335729,True
Pericyte,Microglia,CCL2,CCR5,1.1847945,1.0,1.3480896,0.28821806504872105,-69.79706223928176,0.03738294,0.6583643,0.04908856322961242,0.13115950357011452,0.15259877,1.0,0.023253895,-0.7159116752962789,-inf,0.00015730881,0.24537085,1.0,1.0,-0.8688404964298855,True
Astrocyte,Endothelial,CCL2,ACKR1,1.1669787,1.0,1.3615144,-0.038981889330518577,18.647036029390065,0.04087255,0.65947783,0.04647050433969627,0.1330055427131921,0.15259877,1.0,0.023253895,-0.7159116752962789,-inf,0.00015730881,0.24537085,1.0,1.0,-0.8669944572868079,True
Pericyte,GABAergic,CCL2,CCR2,1.1486971,1.0,1.245523,0.22764024178517694,-64.81655598641667,0.0584045,0.64941007,0.042369926206371665,0.13548489877847011,0.15259877,1.0,0.023253895,-0.7159116752962789,-inf,0.00015730881,0.24537085,1.0,1.0,-0.8645151012215299,True
Endothelial,Astrocyte,FN1,C5AR1,1.1302253,1.0,0.9463836,-0.027566313974084877,-22.892243510922007,0.020613428,0.61753905,0.04400834381414285,0.13924229694521545,0.15259877,1.0,0.023253895,-0.7159116752962789,-inf,0.00015730881,0.24537085,1.0,1.0,-0.8607577030547846,True
Endothelial,Oligodendrocyte,FN1,C5AR1,1.0751694,1.0,0.7585799,-0.04147336619015177,-24.78266234850482,0.016522827,0.5911003,0.04702925526044539,0.14496424054190535,0.15259877,1.0,0.023253895,-0.7159116752962789,-inf,0.00015730881,0.24537085,1.0,1.0,-0.8550357594580946,True
Astrocyte,GABAergic,CCL2,CCR1,1.0587771,1.0,1.1128771,0.21557795120918194,-87.91938402030031,0.035049774,0.63648576,0.06481481481481481,0.1462497114776725,0.15259877,1.0,0.023253895,-0.7159116752962789,-inf,0.00015730881,0.24537085,1.0,1.0,-0.8537502885223275,True
Astrocyte,Microglia,CCL2,CCR5,1.0489243,1.0,1.0902364,0.27702882524548633,-80.5284484063115,0.030232593,0.6341046,0.06037225970726273,0.14883574496139987,0.15259877,1.0,0.023253895,-0.7159116752962789,-inf,0.00015730881,0.24537085,1.0,1.0,-0.8511642550386002,True
Pericyte,Endothelial,TIMP1,CD63,1.0263059,1.0,0.99525857,-0.14627954518810898,-19.16481665969524,0.011689115,0.6234676,0.07790345619913788,0.15406809551169923,0.15259877,1.0,0.023253895,-0.7159116752962789,-inf,0.00015730881,0.24537085,1.0,1.0,-0.8459319044883008,True
Astrocyte,GABAergic,CCL2,CCR2,1.0128269,1.0,1.007288,0.21645100198194223,-75.54794215344641,0.047233295,0.6248768,0.05580843179773385,0.15605083104619036,0.15259877,1.0,0.023253895,-0.7159116752962789,-inf,0.00015730881,0.24537085,1.0,1.0,-0.8439491689538097,True
Oligodendrocyte,Endothelial,CCL2,ACKR1,1.0017233,1.0,0.9698578,-0.052591617057279105,-42.78751934252831,0.029115051,0.62042826,0.04988696482870896,0.15871191352271846,0.15259877,1.0,0.023253895,-0.7159116752962789,-inf,0.00015730881,0.24537085,1.0,1.0,-0.8412880864772816,True
Endothelial,Endothelial,FN1,C5AR1,1.0338153,1.0,0.61751497,-0.05191829492463618,-19.558858828727786,0.013450254,0.56602305,0.049306854035925066,0.16004991941057306,0.15259877,1.0,0.023253895,-0.7159116752962789,-inf,0.00015730881,0.24537085,1.0,1.0,-0.8399500805894269,True
Pericyte,GABAergic,CCL2,CCR5,0.9561062,1.0,0.6982974,0.013117278533134685,-73.63947726520746,0.019364001,0.5810571,0.05268624135454408,0.1681816339906808,0.15259877,1.0,0.023253895,-0.7159116752962789,-inf,0.00015730881,0.24537085,1.0,1.0,-0.8318183660093192,True
Microglia,Microglia,CXCL10,SDC4,0.95071495,0.0,0.842222,0.17653239470887194,-32.32885258159109,0.077916384,0.60367787,0.0007818130062799642,0.16886727559005343,0.15259877,1.0,0.023253895,-0.7159116752962789,-inf,0.00015730881,0.24537085,1.0,1.0,-0.8311327244099466,True
Microglia,Endothelial,CXCL10,ACKR1,0.9437256,0.0,0.83240265,0.13360142617190635,80.7250055516262,0.2850632,0.6022741,0.0004999606150393731,0.17231380062247237,0.15259877,1.0,0.023253895,-0.7159116752962789,-inf,0.00015730881,0.24537085,1.0,1.0,-0.8276861993775276,True
Astrocyte,Endothelial,TIMP1,CD63,0.92804074,1.0,0.74620926,-0.1774140020155019,-99.86691208917787,0.008764081,0.58911175,0.08301795186009359,0.1743963775129587,0.15259877,1.0,0.023253895,-0.7159116752962789,-inf,0.00015730881,0.24537085,1.0,1.0,-0.8256036224870413,True
Microglia,Astrocyte,TNF,VSIR,1.0557351,0.0,0.53630996,0.2766594828451864,4.4001898490601405,0.053293534,0.5486327,6.97294940252197e-05,0.17789161633170225,0.15259877,1.0,0.023253895,-0.7159116752962789,-inf,0.00015730881,0.24537085,1.0,1.0,-0.8221083836682977,True
Pericyte,Microglia,CCL2,CCR1,0.9064039,1.0,0.5570738,-0.04806728824331901,-65.89625893060219,0.017544894,0.5533315,0.048159510636221065,0.18000328563113144,0.15259877,1.0,0.023253895,-0.7159116752962789,-inf,0.00015730881,0.24537085,1.0,1.0,-0.8199967143688686,True
Endothelial,Endothelial,CCL2,ACKR1,0.9012002,1.0,0.7316171,-0.060869265606316336,-4.085136088629909,0.021963084,0.5867195,0.05406908545933846,0.18070960360969754,0.15259877,1.0,0.023253895,-0.7159116752962789,-inf,0.00015730881,0.24537085,1.0,1.0,-0.8192903963903024,True
Oligodendrocyte,GABAergic,CCL2,CCR1,0.89352167,1.0,0.7927441,0.2019682234824214,-149.3539393922187,0.02496727,0.5964132,0.12337118839013933,0.1828357934486388,0.15259877,1.0,0.023253895,-0.7159116752962789,-inf,0.00015730881,0.24537085,1.0,1.0,-0.8171642065513612,True
Oligodendrocyte,Microglia,CCL2,CCR5,0.8836689,1.0,0.77661633,0.26341909751872583,-141.96300377822988,0.02153581,0.593937,0.12129386723241448,0.18568752281239126,0.15259877,1.0,0.023253895,-0.7159116752962789,-inf,0.00015730881,0.24537085,1.0,1.0,-0.8143124771876087,True
Microglia,GABAergic,CXCL10,SDC4,0.8662312,0.0,0.7235313,0.13467346824967136,-36.67076804110084,0.06693597,0.58537143,0.0008593981796187139,0.18927916761533398,0.15259877,1.0,0.023253895,-0.7159116752962789,-inf,0.00015730881,0.24537085,1.0,1.0,-0.810720832384666,True
Endothelial,Pericyte,FN1,C5AR1,0.99897623,1.0,0.49867377,-0.060719240360760623,-25.990732261892155,0.010861743,0.5396088,0.053458552908365674,0.19144851081510494,0.15259877,1.0,0.023253895,-0.7159116752962789,-inf,0.00015730881,0.24537085,1.0,1.0,-0.8085514891848951,True
Oligodendrocyte,GABAergic,CCL2,CCR2,0.84757155,1.0,0.71752906,0.2028412742551817,-136.9824975253648,0.033646047,0.5843602,0.11975013962604646,0.1936285355201397,0.15259877,1.0,0.023253895,-0.7159116752962789,-inf,0.00015730881,0.24537085,1.0,1.0,-0.8063714644798603,True
Microglia,Pericyte,TNF,FAS,1.0373633,0.0,0.46957713,0.2732941538099094,5.497055755125376,0.086796485,0.5321326,7.808816349973167e-05,0.1965518670165744,0.15259877,1.0,0.023253895,-0.7159116752962789,-inf,0.00015730881,0.24537085,1.0,1.0,-0.8034481329834255,True
GABAergic,Astrocyte,FN1,C5AR1,0.8371262,1.0,0.6211157,-0.17010787898646032,-9.488988358506656,0.013528682,0.566737,0.0822178320628256,0.1972856695480354,0.15259877,1.0,0.023253895,-0.7159116752962789,-inf,0.00015730881,0.24537085,1.0,1.0,-0.8027143304519646,True
Astrocyte,GABAergic,CCL2,CCR5,0.82023597,1.0,0.5647319,0.0019280387298999668,-84.3708634322372,0.015660191,0.55501807,0.06273968478295884,0.20618313698858282,0.15259877,1.0,0.023253895,-0.7159116752962789,-inf,0.00015730881,0.24537085,1.0,1.0,-0.7938168630114172,True
Endothelial,GABAergic,CCL2,CCR1,0.7929985,1.0,0.5980105,0.19369057493338418,-110.65155613832029,0.018834185,0.562077,0.10031979530778924,0.20994021568278487,0.15259877,1.0,0.023253895,-0.7159116752962789,-inf,0.00015730881,0.24537085,1.0,1.0,-0.7900597843172151,True
Microglia,Pericyte,CXCL10,SDC4,0.7886251,0.0,0.61450297,0.0962125107637352,-43.13226849505959,0.056849446,0.56542236,0.0010114140955427616,0.2114512180067226,0.15259877,1.0,0.023253895,-0.7159116752962789,-inf,0.00015730881,0.24537085,1.0,1.0,-0.7885487819932774,True
Endothelial,Microglia,CCL2,CCR5,0.7831458,1.0,0.5858444,0.2551414489696886,-103.26062052433147,0.016245646,0.55954576,0.08839120858728383,0.2122084627165844,0.15259877,1.0,0.023253895,-0.7159116752962789,-inf,0.00015730881,0.24537085,1.0,1.0,-0.7877915372834157,True
GABAergic,Oligodendrocyte,FN1,C5AR1,0.78207034,1.0,0.4978593,-0.1840149312025272,-11.37940719608947,0.010844003,0.5394057,0.08667869496139052,0.21296686837320516,0.15259877,1.0,0.023253895,-0.7159116752962789,-inf,0.00015730881,0.24537085,1.0,1.0,-0.7870331316267949,True
Microglia,Endothelial,TNF,VSIR,1.0180848,0.0,0.39955062,0.24499853865707366,3.8909995705917586,0.039703652,0.51198816,0.00016192361583304365,0.21372643391270751,0.15259877,1.0,0.023253895,-0.7159116752962789,-inf,0.00015730881,0.24537085,1.0,1.0,-0.7862735660872925,True
Astrocyte,Microglia,CCL2,CCR1,0.7705337,1.0,0.45052058,-0.05925652804655373,-76.62764509763193,0.014189028,0.5269722,0.0570892889704696,0.21524900363621574,0.15259877,1.0,0.023253895,-0.7159116752962789,-inf,0.00015730881,0.24537085,1.0,1.0,-0.7847509963637842,True
GABAergic,Endothelial,TNF,FAS,0.7648561,0.0,0.541044,0.2661560737429802,-2.451221150511693,0.10000639,0.54972064,8.717670783227892e-05,0.21754158570208604,0.15259877,1.0,0.023253895,-0.7159116752962789,-inf,0.00015730881,0.24537085,1.0,1.0,-0.782458414297914,True
Astrocyte,Microglia,TNF,VSIR,1.0392737,0.0,0.37775573,0.43304538154916905,-21.943389924060558,0.037537873,0.5049787,0.0003851179193004838,0.22138557442723072,0.15259877,1.0,0.023253895,-0.7159116752962789,-inf,0.00015730881,0.24537085,1.0,1.0,-0.7786144255727693,True
Endothelial,GABAergic,CCL2,CCR2,0.7470484,1.0,0.5412716,0.19456362570614447,-98.28011427146639,0.025381064,0.5497727,0.0793585912592138,0.22603624592043792,0.15259877,1.0,0.023253895,-0.7159116752962789,-inf,0.00015730881,0.24537085,1.0,1.0,-0.7739637540795621,True
Microglia,Oligodendrocyte,TNF,VSIR,1.0046288,0.0,0.35067376,0.23368406754622428,3.9592088916048054,0.03484672,0.49568,0.00023774135280158978,0.22994320786668004,0.15259877,1.0,0.023253895,-0.7159116752962789,-inf,0.00015730881,0.24537085,1.0,1.0,-0.7700567921333199,True
GABAergic,Endothelial,FN1,C5AR1,0.7407162,1.0,0.40527776,-0.19445985993701162,-6.155603676312435,0.00882746,0.513766,0.08917424648120138,0.23072802144961208,0.15259877,1.0,0.023253895,-0.7159116752962789,-inf,0.00015730881,0.24537085,1.0,1.0,-0.7692719785503879,True
Microglia,Astrocyte,TNF,FAS,1.0034703,0.0,0.34646568,0.23636064952237415,5.0832047570188,0.0640406,0.49417114,0.0001594277301011801,0.23546067122278658,0.15259877,1.0,0.023253895,-0.7159116752962789,-inf,0.00015730881,0.24537085,1.0,1.0,-0.7645393287772134,True
Microglia,GABAergic,TNF,FAS,1.0011194,0.0,0.33792627,0.23379847124297926,4.757433672148272,0.06246218,0.4910523,0.00016700318785891724,0.23863835270804556,0.15259877,1.0,0.023253895,-0.7159116752962789,-inf,0.00015730881,0.24537085,1.0,1.0,-0.7613616472919544,True
GABAergic,Pericyte,FN1,C5AR1,0.7058771,1.0,0.32728177,-0.20326080537313607,-12.587477109476804,0.0071286093,0.4870535,0.09473382046436997,0.24424258623470724,0.15259877,1.0,0.023253895,-0.7159116752962789,-inf,0.00015730881,0.24537085,1.0,1.0,-0.7557574137652927,True
Oligodendrocyte,GABAergic,CCL2,CCR5,0.6549806,1.0,0.40227973,-0.011681688996860562,-145.80541880415558,0.011155341,0.51283854,0.12232980726079945,0.26138227726096264,0.15259877,1.0,0.023253895,-0.7159116752962789,-inf,0.00015730881,0.24537085,1.0,1.0,-0.7386177227390374,True
Microglia,Pericyte,TNF,VSIR,0.984292,0.0,0.27680358,0.2165830536814006,3.7223683306855246,0.027506184,0.46616322,0.0004386754644075076,0.2663684607555385,0.15259877,1.0,0.023253895,-0.7159116752962789,-inf,0.00015730881,0.24537085,1.0,1.0,-0.7336315392444615,True
Endothelial,Microglia,FN1,MAG,0.93137383,0.001,0.26807192,0.08382158370226957,-106.87545922733833,0.0038899446,0.4621772,0.007541729571195506,0.2705535932685921,0.15259877,1.0,0.023253895,-0.7159116752962789,-inf,0.00015730881,0.24537085,1.0,1.0,-0.7294464067314079,True
GABAergic,GABAergic,TNF,VSIR,0.6117994,0.0,0.37109366,0.036273824770988006,-4.501558915032263,0.03687586,0.5027547,0.0008717692999472929,0.27645816526514894,0.15259877,1.0,0.023253895,-0.7159116752962789,-inf,0.00015730881,0.24537085,1.0,1.0,-0.723541834734851,True
Oligodendrocyte,Microglia,CCL2,CCR1,0.60527825,1.0,0.3209227,-0.07286625577331426,-138.0622004695503,0.010107378,0.4846028,0.12026335933778005,0.27900488964907294,0.15259877,1.0,0.023253895,-0.7159116752962789,-inf,0.00015730881,0.24537085,1.0,1.0,-0.7209951103509271,True
Oligodendrocyte,Microglia,TNF,VSIR,1.0039858,0.0,0.24526116,0.4108108880082111,-23.99358412335601,0.02437179,0.4511447,0.0005674533849254086,0.2815612266962501,0.15259877,1.0,0.023253895,-0.7159116752962789,-inf,0.00015730881,0.24537085,1.0,1.0,-0.7184387733037498,True
Endothelial,Astrocyte,FN1,MAG,0.9237798,0.035,0.24216759,0.08167400651427381,-109.15561844101107,0.0035140514,0.4495737,0.008188137412989465,0.28327082776641793,0.15259877,1.0,0.023253895,-0.7159116752962789,-inf,0.00015730881,0.24537085,1.0,1.0,-0.716729172233582,True
Microglia,Oligodendrocyte,TNF,FAS,0.9724481,0.0,0.23378247,0.20255615855764286,4.682931869862125,0.043212272,0.4452176,0.0002514208674520634,0.28756344852740434,0.15259877,1.0,0.023253895,-0.7159116752962789,-inf,0.00015730881,0.24537085,1.0,1.0,-0.7124365514725957,True
Endothelial,GABAergic,FN1,MAG,0.9175866,0.002,0.22104172,0.07992249644716631,-106.72928920387209,0.0032074978,0.43830782,0.008925913411092121,0.2936177079843252,0.15259877,1.0,0.023253895,-0.7159116752962789,-inf,0.00015730881,0.24537085,1.0,1.0,-0.7063822920156748,True
Endothelial,GABAergic,CCL2,CCR5,0.5544574,1.0,0.30346173,-0.019959337545897793,-107.10303555025718,0.008415087,0.47761983,0.09490204295530275,0.2988482083088182,0.15259877,1.0,0.023253895,-0.7159116752962789,-inf,0.00015730881,0.24537085,1.0,1.0,-0.7011517916911818,True
Astrocyte,Endothelial,TNF,FAS,0.58787215,0.0,0.19609371,0.15464038068286498,-23.115987726812655,0.036245894,0.42362446,0.00044937437473757425,0.3067646590855247,0.15259877,1.0,0.023253895,-0.7159116752962789,-inf,0.00015730881,0.24537085,1.0,1.0,-0.6932353409144754,True
Endothelial,Microglia,CCL2,CCR1,0.5047551,1.0,0.24208964,-0.0811439043223515,-99.3598172156519,0.0076245507,0.44953382,0.08095572043390002,0.3165544545327962,0.15259877,1.0,0.023253895,-0.7159116752962789,-inf,0.00015730881,0.24537085,1.0,1.0,-0.6834455454672038,True
GABAergic,Microglia,FN1,MAG,0.6382747,1.0,0.17593677,-0.05871998131010586,-93.47220407492297,0.0025529875,0.41044015,0.15693221826527448,0.3183477807545904,0.15259877,1.0,0.023253895,-0.7159116752962789,-inf,0.00015730881,0.24537085,1.0,1.0,-0.6816522192454095,True
Pericyte,Astrocyte,FN1,C5AR1,0.48972416,1.0,0.23558487,-0.33903384226950894,-27.315782280628564,0.005131336,0.4461663,0.18054050011774622,0.3210455179671396,0.15259877,1.0,0.023253895,-0.7159116752962789,-inf,0.00015730881,0.24537085,1.0,1.0,-0.6789544820328604,True
Microglia,Oligodendrocyte,CXCL10,SDC4,0.48907197,0.921,0.1936624,-0.05222831168160354,-32.4975213195906,0.017916268,0.42210206,0.002124013818713034,0.32284911911508124,0.15259877,1.0,0.023253895,-0.7159116752962789,-inf,0.00015730881,0.24537085,1.0,1.0,-0.6771508808849187,True
Microglia,Astrocyte,FN1,C5AR1,0.46336365,1.0,0.20633115,-0.3518516322404762,-20.755809817642703,0.004494153,0.42984903,0.19175781716038368,0.3301041288745874,0.15259877,1.0,0.023253895,-0.7159116752962789,-inf,0.00015730881,0.24537085,1.0,1.0,-0.6698958711254126,True
Oligodendrocyte,Astrocyte,FN1,C5AR1,0.46139657,1.0,0.20414819,-0.35280846356388296,-31.351459197506575,0.0044466048,0.42854616,0.1931044394385729,0.3319280337616751,0.15259877,1.0,0.023253895,-0.7159116752962789,-inf,0.00015730881,0.24537085,1.0,1.0,-0.6680719662383249,True
GABAergic,Astrocyte,FN1,MAG,0.6306807,1.0,0.15893564,-0.06086755849810162,-95.75236328859572,0.0023062872,0.39820287,0.16786445072795306,0.3346714103860493,0.15259877,1.0,0.023253895,-0.7159116752962789,-inf,0.00015730881,0.24537085,1.0,1.0,-0.6653285896139507,True
Pericyte,Oligodendrocyte,FN1,C5AR1,0.4346683,1.0,0.18883458,-0.35294089448557586,-29.20620111821138,0.0041130553,0.41902608,0.19377988486430917,0.342955816370751,0.15259877,1.0,0.023253895,-0.7159116752962789,-inf,0.00015730881,0.24537085,1.0,1.0,-0.657044183629249,True
Astrocyte,Astrocyte,FN1,C5AR1,0.43161982,1.0,0.17110333,-0.36728723060204116,-29.84834544839595,0.0037268465,0.407074,0.20408284043320554,0.34480778911347876,0.15259877,1.0,0.023253895,-0.7159116752962789,-inf,0.00015730881,0.24537085,1.0,1.0,-0.6551922108865212,True
GABAergic,GABAergic,FN1,MAG,0.6244875,1.0,0.14507064,-0.06261906856520912,-93.32603405145673,0.0021050947,0.38731846,0.1747669496792995,0.34945505102410745,0.15259877,1.0,0.023253895,-0.7159116752962789,-inf,0.00015730881,0.24537085,1.0,1.0,-0.6505449489758925,True
GABAergic,Astrocyte,TNF,VSIR,0.4252422,1.0,0.16394508,-0.12060601182033354,-4.883060935311331,0.016291348,0.40192693,0.07225313487881592,0.35038748239740514,0.15259877,1.0,0.023253895,-0.7159116752962789,-inf,0.00015730881,0.24537085,1.0,1.0,-0.6496125176025949,True
Microglia,Oligodendrocyte,FN1,C5AR1,0.40830776,1.0,0.16538608,-0.36575868445654314,-22.646228655225517,0.0036023173,0.40297917,0.2019965014093942,0.3588235854362355,0.15259877,1.0,0.023253895,-0.7159116752962789,-inf,0.00015730881,0.24537085,1.0,1.0,-0.6411764145637645,True
Astrocyte,GABAergic,TNF,VSIR,0.4348155,1.0,0.13449763,-0.07524186828912724,-25.166325491333225,0.013365131,0.3783788,0.059763067688706026,0.35976584420221047,0.15259877,1.0,0.023253895,-0.7159116752962789,-inf,0.00015730881,0.24537085,1.0,1.0,-0.6402341557977895,True
GABAergic,Pericyte,TNF,FAS,0.40687037,1.0,0.14354546,-0.12397134085561048,-3.7861950292460955,0.026532894,0.38606519,0.07410694727867277,0.36070907986565237,0.15259877,1.0,0.023253895,-0.7159116752962789,-inf,0.00015730881,0.24537085,1.0,1.0,-0.6392909201343476,True
Oligodendrocyte,Oligodendrocyte,FN1,C5AR1,0.4063407,1.0,0.1636363,-0.3667155157799499,-33.241878035089385,0.0035642048,0.4017004,0.20338596030128606,0.36165329136268365,0.15259877,1.0,0.023253895,-0.7159116752962789,-inf,0.00015730881,0.24537085,1.0,1.0,-0.6383467086373164,True
Pericyte,Endothelial,FN1,C5AR1,0.39331418,1.0,0.15371904,-0.3633858232200603,-23.982397598434343,0.0033481945,0.39421105,0.20061277293652013,0.36924189387035233,0.15259877,1.0,0.023253895,-0.7159116752962789,-inf,0.00015730881,0.24537085,1.0,1.0,-0.6307581061296477,True
Oligodendrocyte,Endothelial,TNF,FAS,0.55258405,0.057,0.12731554,0.13240588714190699,-25.166181926108106,0.023532962,0.37194678,0.0006486386561583384,0.3701948399021181,0.15259877,1.0,0.023253895,-0.7159116752962789,-inf,0.00015730881,0.24537085,1.0,1.0,-0.6298051600978819,True
Microglia,Endothelial,CXCL10,SDC4,0.43818074,1.0,0.12216565,-0.07744710839739805,-36.854638637687934,0.0113018975,0.3671369,0.061409068426872,0.3759327017192982,0.15259877,1.0,0.023253895,-0.7159116752962789,-inf,0.00015730881,0.24537085,1.0,1.0,-0.6240672982807018,True
GABAergic,Endothelial,TNF,VSIR,0.38759178,1.0,0.12213899,-0.15226695600844625,-5.392251213779713,0.012137044,0.36711153,0.07906567534351723,0.3768923817278842,0.15259877,1.0,0.023253895,-0.7159116752962789,-inf,0.00015730881,0.24537085,1.0,1.0,-0.6231076182721158,True
Astrocyte,Oligodendrocyte,FN1,C5AR1,0.37656397,1.0,0.13714899,-0.3811942828181081,-31.738764285978764,0.002987278,0.38067728,0.20900121316815423,0.37785301948429895,0.15259877,1.0,0.023253895,-0.7159116752962789,-inf,0.00015730881,0.24537085,1.0,1.0,-0.622146980515701,True
Microglia,Endothelial,FN1,C5AR1,0.36695364,1.0,0.134631,-0.3762036131910275,-17.42242513544848,0.002932433,0.37849537,0.20618209204814797,0.3884828482377852,0.15259877,1.0,0.023253895,-0.7159116752962789,-inf,0.00015730881,0.24537085,1.0,1.0,-0.6115171517622148,True
Oligodendrocyte,Endothelial,FN1,C5AR1,0.36498657,1.0,0.1332066,-0.37716044451443426,-28.018074515312353,0.002901408,0.37724516,0.2075887761508802,0.3904278874690834,0.15259877,1.0,0.023253895,-0.7159116752962789,-inf,0.00015730881,0.24537085,1.0,1.0,-0.6095721125309166,True
GABAergic,Oligodendrocyte,TNF,VSIR,0.3741358,1.0,0.10719778,-0.16358142711929563,-5.324041892766666,0.010652324,0.3520887,0.08102672909174308,0.39432922456467123,0.15259877,1.0,0.023253895,-0.7159116752962789,-inf,0.00015730881,0.24537085,1.0,1.0,-0.6056707754353288,True
Pericyte,Pericyte,FN1,C5AR1,0.35847512,1.0,0.1241357,-0.3721867686561847,-30.414271031598712,0.0027038322,0.36899734,0.20548090560365134,0.3953069197233399,0.15259877,1.0,0.023253895,-0.7159116752962789,-inf,0.00015730881,0.24537085,1.0,1.0,-0.6046930802766601,True
GABAergic,Astrocyte,TNF,FAS,0.3729773,1.0,0.105911404,-0.16090484514314576,-4.200046027352672,0.019576628,0.35071293,0.08023869643963505,0.39628555241632174,0.15259877,1.0,0.023253895,-0.7159116752962789,-inf,0.00015730881,0.24537085,1.0,1.0,-0.6037144475836782,True
GABAergic,GABAergic,TNF,FAS,0.37062636,1.0,0.10330099,-0.16346702342254066,-4.5258171122232,0.019094119,0.34787685,0.08063211003476942,0.39922701773705377,0.15259877,1.0,0.023253895,-0.7159116752962789,-inf,0.00015730881,0.24537085,1.0,1.0,-0.6007729822629462,True
Astrocyte,Endothelial,FN1,C5AR1,0.33520985,1.0,0.11164486,-0.3916392115525925,-26.514960766201728,0.002431766,0.3567388,0.2125575108248674,0.4090924656656819,0.15259877,1.0,0.023253895,-0.7159116752962789,-inf,0.00015730881,0.24537085,1.0,1.0,-0.5909075343343181,True
Microglia,Pericyte,FN1,C5AR1,0.33211458,1.0,0.108721174,-0.385004558627152,-23.85429856861285,0.0023680842,0.3536999,0.20970959074596102,0.41008411199859707,0.15259877,1.0,0.023253895,-0.7159116752962789,-inf,0.00015730881,0.24537085,1.0,1.0,-0.5899158880014029,True
Oligodendrocyte,Pericyte,FN1,C5AR1,0.3301475,1.0,0.10757091,-0.38596138995055873,-34.44994794847672,0.00234303,0.35248518,0.21041940861860073,0.41306457619967424,0.15259877,1.0,0.023253895,-0.7159116752962789,-inf,0.00015730881,0.24537085,1.0,1.0,-0.5869354238003257,True
Oligodendrocyte,GABAergic,TNF,VSIR,0.39952743,1.0,0.08732374,-0.09747636183008523,-27.216519690628676,0.008677428,0.32906938,0.07042872492515675,0.4210527150389075,0.15259877,1.0,0.023253895,-0.7159116752962789,-inf,0.00015730881,0.24537085,1.0,1.0,-0.5789472849610925,True
GABAergic,Pericyte,TNF,VSIR,0.35379905,1.0,0.08461633,-0.1806824409841193,-5.560882453685947,0.00840839,0.32560197,0.08463276071660965,0.4250687034228374,0.15259877,1.0,0.023253895,-0.7159116752962789,-inf,0.00015730881,0.24537085,1.0,1.0,-0.5749312965771626,True
Astrocyte,Pericyte,FN1,C5AR1,0.30037075,1.0,0.09015873,-0.40044015698871693,-32.946834199366094,0.001963771,0.33260587,0.21687269460788222,0.43010900863918106,0.15259877,1.0,0.023253895,-0.7159116752962789,-inf,0.00015730881,0.24537085,1.0,1.0,-0.569890991360819,True
GABAergic,Oligodendrocyte,TNF,FAS,0.34195516,1.0,0.07146517,-0.19470933610787705,-4.600318914509346,0.013209597,0.30733603,0.0895944774613692,0.4412767274890402,0.15259877,1.0,0.023253895,-0.7159116752962789,-inf,0.00015730881,0.24537085,1.0,1.0,-0.5587232725109599,True
Pericyte,Microglia,FN1,MAG,0.2908727,1.0,0.0667316,-0.22764594459315451,-111.29899799704488,0.00096833054,0.30009004,0.2068847153317554,0.4443411663577651,0.15259877,1.0,0.023253895,-0.7159116752962789,-inf,0.00015730881,0.24537085,1.0,1.0,-0.5556588336422349,True
Pericyte,Astrocyte,FN1,MAG,0.28327864,1.0,0.060283188,-0.22979352178115028,-113.57915721071763,0.0008747588,0.28952715,0.20900121316815423,0.45255196461474284,0.15259877,1.0,0.023253895,-0.7159116752962789,-inf,0.00015730881,0.24537085,1.0,1.0,-0.5474480353852571,True
Microglia,Microglia,FN1,MAG,0.26451215,1.0,0.05844521,-0.2404637345641218,-104.73902553405902,0.00084808824,0.2863529,0.2125575108248674,0.45874690971958476,0.15259877,1.0,0.023253895,-0.7159116752962789,-inf,0.00015730881,0.24537085,1.0,1.0,-0.5412530902804152,True
Oligodendrocyte,Microglia,FN1,MAG,0.26254508,1.0,0.057826865,-0.24142056588752853,-115.3346749139229,0.00083911547,0.28526735,0.21327309668303265,0.45978246183634497,0.15259877,1.0,0.023253895,-0.7159116752962789,-inf,0.00015730881,0.24537085,1.0,1.0,-0.540217538163655,True
Astrocyte,Astrocyte,TNF,VSIR,0.24825828,1.0,0.059419565,-0.23212170488044878,-25.547827511612294,0.0059045674,0.2880453,0.10837312796738638,0.46497319270273196,0.15259877,1.0,0.023253895,-0.7159116752962789,-inf,0.00015730881,0.24537085,1.0,1.0,-0.535026807297268,True
Pericyte,GABAergic,FN1,MAG,0.27708548,1.0,0.055024292,-0.23154503184825778,-111.15282797357864,0.0007984479,0.28023002,0.2139901262259717,0.46497319270273196,0.15259877,1.0,0.023253895,-0.7159116752962789,-inf,0.00015730881,0.24537085,1.0,1.0,-0.535026807297268,True
Microglia,Astrocyte,FN1,MAG,0.25691813,1.0,0.05279753,-0.24261131175211753,-107.01918474773177,0.00076613575,0.2760828,0.21759695257347966,0.466013945500075,0.15259877,1.0,0.023253895,-0.7159116752962789,-inf,0.00015730881,0.24537085,1.0,1.0,-0.533986054499925,True
Oligodendrocyte,Astrocyte,FN1,MAG,0.25495106,1.0,0.052238937,-0.24356814307552427,-117.61483412759564,0.00075803004,0.27502117,0.218322658204948,0.46705556136093274,0.15259877,1.0,0.023253895,-0.7159116752962789,-inf,0.00015730881,0.24537085,1.0,1.0,-0.5329444386390673,True
Pericyte,Microglia,COL3A1,MAG,0.23644057,1.0,0.049620967,0.28709434491643365,-92.90828953575644,0.008395757,0.2699253,0.07410694727867277,0.47227649895117474,0.15259877,1.0,0.023253895,-0.7159116752962789,-inf,0.00015730881,0.24537085,1.0,1.0,-0.5277235010488253,True
Astrocyte,Microglia,FN1,MAG,0.23276833,1.0,0.048466604,-0.25589933292568673,-113.83156116481227,0.0007032904,0.26761225,0.2205084676244907,0.47541938031434927,0.15259877,1.0,0.023253895,-0.7159116752962789,-inf,0.00015730881,0.24537085,1.0,1.0,-0.5245806196856507,True
Astrocyte,Pericyte,TNF,FAS,0.22988646,1.0,0.05202601,-0.23548703391572573,-24.450961605547057,0.009616471,0.27461419,0.11027830698279942,0.47541938031434927,0.15259877,1.0,0.023253895,-0.7159116752962789,-inf,0.00015730881,0.24537085,1.0,1.0,-0.5245806196856507,True
Microglia,GABAergic,FN1,MAG,0.25072494,1.0,0.048191655,-0.24436282181922503,-104.59285551059278,0.00069930067,0.26705512,0.22123997043619836,0.4764687158312508,0.15259877,1.0,0.023253895,-0.7159116752962789,-inf,0.00015730881,0.24537085,1.0,1.0,-0.5235312841687492,True
Oligodendrocyte,GABAergic,FN1,MAG,0.24875787,1.0,0.047681794,-0.24531965314263177,-115.18850489045666,0.0006919021,0.26601547,0.22197292415899847,0.47751890377294526,0.15259877,1.0,0.023253895,-0.7159116752962789,-inf,0.00015730881,0.24537085,1.0,1.0,-0.5224810962270547,True
Pericyte,Astrocyte,COL3A1,MAG,0.22884655,0.998,0.04482599,0.2849467677284379,-95.18844874942918,0.0075844573,0.26002967,0.004221877116854608,0.48172805690891973,0.15259877,1.0,0.023253895,-0.7159116752962789,-inf,0.00015730881,0.24537085,1.0,1.0,-0.5182719430910803,True
Astrocyte,Astrocyte,FN1,MAG,0.22517431,1.0,0.043783177,-0.2580469101136825,-116.11172037848502,0.00063533004,0.2577715,0.22565947878755788,0.4859508650067718,0.15259877,1.0,0.023253895,-0.7159116752962789,-inf,0.00015730881,0.24537085,1.0,1.0,-0.5140491349932281,True
Pericyte,GABAergic,COL3A1,MAG,0.22265336,1.0,0.040915526,0.2831952576613304,-92.7621195122902,0.0069228155,0.25134465,0.08503950569036853,0.49124822894305964,0.15259877,1.0,0.023253895,-0.7159116752962789,-inf,0.00015730881,0.24537085,1.0,1.0,-0.5087517710569404,True
Astrocyte,Endothelial,TNF,VSIR,0.21060787,1.0,0.044267543,-0.2637826490685615,-26.057017790080675,0.004398899,0.2588254,0.13368689189639768,0.49124822894305964,0.15259877,1.0,0.023253895,-0.7159116752962789,-inf,0.00015730881,0.24537085,1.0,1.0,-0.5087517710569404,True
Astrocyte,GABAergic,FN1,MAG,0.21898112,1.0,0.039963685,-0.25979842018079,-113.68539114134603,0.00057990605,0.24913651,0.22938240124771675,0.4923102389633688,0.15259877,1.0,0.023253895,-0.7159116752962789,-inf,0.00015730881,0.24537085,1.0,1.0,-0.5076897610366312,True
Oligodendrocyte,Astrocyte,TNF,VSIR,0.2129702,1.0,0.038578667,-0.2543561984214068,-27.598021710907744,0.0038335917,0.24585202,0.12836085815516332,0.4955012835698146,0.15259877,1.0,0.023253895,-0.7159116752962789,-inf,0.00015730881,0.24537085,1.0,1.0,-0.5044987164301854,True
Astrocyte,Oligodendrocyte,TNF,VSIR,0.19715187,1.0,0.03885231,-0.2750971201794109,-25.988808469067628,0.0038607835,0.24650788,0.13859462216681917,0.4965666330742114,0.15259877,1.0,0.023253895,-0.7159116752962789,-inf,0.00015730881,0.24537085,1.0,1.0,-0.5034333669257887,True
Astrocyte,Astrocyte,TNF,FAS,0.19599336,1.0,0.038386084,-0.272420538203261,-24.864812603653633,0.007095271,0.2453884,0.13749461782178746,0.4976328147899368,0.15259877,1.0,0.023253895,-0.7159116752962789,-inf,0.00015730881,0.24537085,1.0,1.0,-0.5023671852100632,True
Astrocyte,GABAergic,TNF,FAS,0.19364244,1.0,0.037439976,-0.27498271648265593,-25.190583688524164,0.006920392,0.24308516,0.13804394741613196,0.4997676705998638,0.15259877,1.0,0.023253895,-0.7159116752962789,-inf,0.00015730881,0.24537085,1.0,1.0,-0.5002323294001362,True
Oligodendrocyte,Pericyte,TNF,FAS,0.19459838,1.0,0.03377834,-0.25772152745668375,-26.501155804842508,0.006243577,0.23374246,0.13047529017105275,0.4997676705998638,0.15259877,1.0,0.023253895,-0.7159116752962789,-inf,0.00015730881,0.24537085,1.0,1.0,-0.5002323294001362,True
Astrocyte,Pericyte,TNF,VSIR,0.17681511,1.0,0.030667987,-0.29219813404423456,-26.22564902998691,0.0030475014,0.22520302,0.14644585590358125,0.5019058424885773,0.15259877,1.0,0.023253895,-0.7159116752962789,-inf,0.00015730881,0.24537085,1.0,1.0,-0.4980941575114227,True
Oligodendrocyte,Endothelial,TNF,VSIR,0.17531979,1.0,0.028741084,-0.2860171426095195,-28.107211989376125,0.0028560236,0.21959217,0.1504712410192694,0.5029761693027853,0.15259877,1.0,0.023253895,-0.7159116752962789,-inf,0.00015730881,0.24537085,1.0,1.0,-0.4970238306972147,True
Astrocyte,Oligodendrocyte,TNF,FAS,0.16497123,1.0,0.025901537,-0.3062250291679923,-25.265085490810307,0.004787631,0.21080877,0.15752781901307608,0.5072656206700975,0.15259877,1.0,0.023253895,-0.7159116752962789,-inf,0.00015730881,0.24537085,1.0,1.0,-0.4927343793299025,True
Oligodendrocyte,Oligodendrocyte,TNF,VSIR,0.1618638,1.0,0.025225198,-0.29733161372036887,-28.03900266836308,0.0025066473,0.20861623,0.15752781901307608,0.508340065906711,0.15259877,1.0,0.023253895,-0.7159116752962789,-inf,0.00015730881,0.24537085,1.0,1.0,-0.491659934093289,True
Oligodendrocyte,Astrocyte,TNF,FAS,0.1607053,1.0,0.024922498,-0.29465503174421903,-26.915006802949087,0.004606666,0.20762143,0.14758915369169767,0.5094153316521048,0.15259877,1.0,0.023253895,-0.7159116752962789,-inf,0.00015730881,0.24537085,1.0,1.0,-0.49058466834789516,True
Oligodendrocyte,GABAergic,TNF,FAS,0.15835437,1.0,0.024308227,-0.2972172100236139,-27.24077788781961,0.004493125,0.20557609,0.1516336326908394,0.5104914168424018,0.15259877,1.0,0.023253895,-0.7159116752962789,-inf,0.00015730881,0.24537085,1.0,1.0,-0.48950858315759815,True
Oligodendrocyte,Pericyte,TNF,VSIR,0.14152703,1.0,0.019911457,-0.3144326275851925,-28.27584322928236,0.0019786167,0.18976147,0.17731892539297162,0.5148039307750739,0.15259877,1.0,0.023253895,-0.7159116752962789,-inf,0.00015730881,0.24537085,1.0,1.0,-0.4851960692249261,True
GABAergic,GABAergic,CCL2,CCR1,3.680303,0.0,6.191301,0.43147324729149505,25.891913669437606,0.19499342,0.80506265,3.0387656249999996e-05,0.02103543141451509,0.25808352,0.264,0.06286895,0.14066203612182396,-30.223718828620168,0.06907941,0.34838042,0.00013469825174360474,0.1560568047816311,-0.135021373367116,True
GABAergic,Microglia,CCL2,CCR1,3.3920596,0.0,2.506394,0.15663876803575938,37.18365259210599,0.07893823,0.72433984,0.0004440007505301241,0.03429516646906636,0.2536478,0.306,0.060036987,0.12959713848448523,-29.893764396904146,0.06596769,0.34316722,0.00012986652213675497,0.1597153081428689,-0.12542014167380255,True
GABAergic,GABAergic,CCL2,CCR2,3.634353,0.0,5.603874,0.43234629806425534,38.26335553629151,0.26277435,0.7971213,3.0387656249999996e-05,0.022355372863582565,0.46002334,0.0,0.191797,0.5217637358897995,-23.922973231104116,0.13864595,0.48288837,0.00012059417453691189,0.10824147424218558,-0.08588610137860302,True
Microglia,GABAergic,CCL2,CCR1,5.653401,0.0,10.013589,0.593973859703622,-33.087300177474525,0.3153754,0.84005547,0.0008242356866457191,0.005824927718774971,0.7517288,0.0,0.25730902,0.3544349004916787,3.2325505640894803,0.28272703,0.51960164,1.4725757217996854e-05,0.08986714465188159,-0.08404221693310662,True
GABAergic,Microglia,CCL2,CCR5,3.6704502,0.0,6.0653434,0.49292412132779945,33.28284928342643,0.16819386,0.80344474,3.0387656249999996e-05,0.02155876198293461,0.48666263,0.0,0.2088048,0.37674638469368266,-29.58367381211825,0.11414335,0.49350232,0.00012749999599607356,0.10154318599878162,-0.07998442401584702,True
Oligodendrocyte,GABAergic,FN1,C5AR1,1.9428601,0.0,1.2942567,0.02140073748664159,-10.719478362340642,0.028190542,0.65376663,0.0010326824496853261,0.07932857637687198,0.252658,1.0,0.06380663,-0.15522725616987473,-16.00206151900671,0.024068845,0.35006276,0.01211516290568592,0.15824740636641985,-0.07891882998954787,True
GABAergic,GABAergic,FN1,C5AR1,2.3185897,0.0,3.9377432,0.20410132206406423,11.142992476659277,0.08576901,0.7670938,0.00024110754969105578,0.06267463458546822,0.30981773,1.0,0.09331062,-0.114082907445377,-11.104643958742532,0.035198208,0.39443082,0.009601138016634952,0.13971398504907248,-0.07703935046360426,True
Microglia,Microglia,CCL2,CCR1,5.3651576,0.0,4.053752,0.31913938044788637,-21.795561254806138,0.12767188,0.7696774,0.0003802507713306393,0.02103543141451509,0.7472931,0.0,0.2457184,0.34337000285433994,3.562504995805501,0.26999146,0.5138467,1.714501969327572e-05,0.09215005449418458,-0.07111462307966948,True
GABAergic,Microglia,FN1,C5AR1,3.3151581,0.0,6.1688113,0.4558322168618393,4.109998916695961,0.13436449,0.80477697,3.0387656249999996e-05,0.028922870236655306,0.4953072,0.526,0.22743875,0.1455512509840377,6.854137902548737,0.08579341,0.50418705,8.115493190461104e-05,0.09975025440225872,-0.07082738416560341,True
Pericyte,GABAergic,FN1,C5AR1,1.9711877,0.0,1.4935586,0.035175358781015575,-6.683801445462631,0.032531593,0.66979325,0.0008896511652640188,0.07690694337322643,0.2935431,1.0,0.084910184,-0.1257979555171052,-15.169484517164564,0.032029435,0.38322192,0.011112591860246695,0.14530726336518776,-0.06840031999196133,True
Oligodendrocyte,Microglia,FN1,C5AR1,2.9394286,0.0,2.0275638,0.2731316322844166,-17.752471922303958,0.04416289,0.7026788,0.00030435280498109044,0.047099691287971895,0.4381475,0.985,0.15552463,0.10440690225953997,1.9567203422845605,0.058666296,0.4567856,0.00013555499286319178,0.11260506721186492,-0.06550537592389302,True
Astrocyte,GABAergic,FN1,C5AR1,1.9130833,0.0,1.0847592,0.006921970448483361,-9.216364613230017,0.023627426,0.6335201,0.001170018796834328,0.09724302732150016,0.249663,1.0,0.062260706,-0.15738325221123747,-14.241087391257118,0.0234857,0.34727776,0.012374639555406486,0.16045148565430908,-0.06320845833280893,True
Microglia,GABAergic,CCL2,CCR2,5.607451,0.0,9.063506,0.5948469104763823,-20.71585831062062,0.42500186,0.8332443,0.0003659258307729855,0.0061064669000494495,0.9536686,0.0,0.78498363,0.7355366002596543,9.53329616160553,0.56744784,0.65388024,3.734489154035896e-06,0.06750339222536252,-0.061396925325313066,True
Pericyte,Microglia,FN1,C5AR1,2.9677563,0.0,2.3397875,0.2869062535787906,-13.716795005425947,0.05096352,0.7174199,0.00021727116825957752,0.04298343641722227,0.47903258,0.86,0.20696323,0.1338362029123095,2.7892973441267053,0.07806973,0.49239525,0.00011214228354121259,0.10395638444722202,-0.06097294802999975,True
Microglia,Microglia,CCL2,CCR5,5.6435485,0.0,9.80987,0.6554247337399264,-25.696364563485698,0.27203074,0.8386698,0.0005414121423688702,0.005964881311728103,0.98030794,0.0,0.85459286,0.5905192490635374,3.872595580591396,0.467164,0.6634307,8.418640733975296e-06,0.06552870417887983,-0.05956382286715173,True
Astrocyte,Microglia,FN1,C5AR1,2.9096518,0.0,1.6993681,0.2586528652462584,-16.249358173193333,0.03701438,0.6839096,0.0002653866658766539,0.05544909702954608,0.43515247,0.999,0.15175654,0.10225090621817723,3.717694470034151,0.057244916,0.45374435,0.0001581852172222228,0.11323480492429812,-0.05778570789475204,True
Endothelial,Microglia,FN1,C5AR1,3.6082573,0.0,9.399315,0.5983737818742147,-9.293256235719388,0.20472893,0.8357566,0.00014324911244320844,0.02316589812595147,0.95901275,0.0,0.8108384,0.4793352872355348,15.284545308560624,0.30586076,0.6575381,5.985048769869091e-06,0.06651263854952824,-0.04334674042357677,True
Oligodendrocyte,GABAergic,S100A8,CD68,2.1884415,0.766,2.7538779,0.20198705036012773,-inf,0.015852353,0.7336409,0.038838015719642925,0.06711762365501858,0.4612388,1.0,0.21061519,-0.1214302742071378,-inf,0.00078812044,0.49458128,0.35678635754638255,0.10762449794696322,-0.04050687429194463,True
Endothelial,GABAergic,FN1,C5AR1,2.6116889,0.0,5.9998736,0.34664288707643964,-2.2602626757560724,0.13068482,0.8025864,5.5406208388043927e-05,0.0542171380714472,0.77352333,0.0,0.33266026,0.2197011288061201,-2.674236552730645,0.12548459,0.5515336,4.441344695544731e-05,0.08045959021446708,-0.02624245214301988,True
Astrocyte,GABAergic,S100A8,CD68,1.9643523,0.963,1.1336598,0.19652360016219686,-inf,0.006525771,0.63862354,0.08750563301200798,0.09195395899795239,0.41529807,1.0,0.16399932,-0.12203155062680626,-inf,0.0006136841,0.4633755,0.3666545649817585,0.11449907824589738,-0.022545119247944986,True
Microglia,GABAergic,S100A8,CD68,1.9484856,1.0,1.0189407,0.19613674999984076,-inf,0.005865405,0.6262239,0.6782298430048996,0.10211857451052775,0.40116328,1.0,0.14965677,-0.12221655360537874,-inf,0.0005600145,0.45201814,0.3732901277597196,0.11768750842178621,-0.015568933911258465,True
Endothelial,Microglia,APP,CD74,3.5573046,0.404,10.102231,0.09228390373504194,-inf,0.032009624,0.8406466,0.021129783668000002,0.024268192303943628,2.6076782,0.0,6.604017,0.14280694295369603,-249.58315693807808,0.017187545,0.84566855,0.0005448658787122877,0.035115601412680955,-0.010847409108737327,True
GABAergic,Oligodendrocyte,FN1,MAG,8.288308,0.0,17.302454,2.10469246438479,109.49754191343037,0.25107285,0.873481,3.0387656249999996e-05,0.001650353625517837,8.416936,0.0,5.955598,2.987473333581891,33.40099107381266,0.13778402,0.8388034,3.734489154035896e-06,0.008054021773305584,-0.006403668147787747,True
GABAergic,Microglia,APP,CD74,3.2717404,0.879,7.1581445,-0.05875223711570455,-inf,0.022681082,0.8161975,0.052550967483538755,0.03014757108735637,2.2679806,0.019,4.5316157,-0.02289380590533502,-252.86431569622064,0.011793936,0.81946474,0.0005589717094526726,0.03584975119239876,-0.005702180105042393,True
Microglia,GABAergic,APP,CD74,10.214008,0.0,17.873705,0.03636817179819324,inf,0.05663409,0.87526494,0.0008629301388582406,0.0011687106134979728,11.650473,0.0,8.917825,0.12304204904687305,209.11662460396528,0.023209438,0.8642693,0.00011152542533647252,0.0045875849867628524,-0.0034188743732648796,True
Endothelial,Oligodendrocyte,FN1,MAG,8.581407,0.0,26.36346,2.2472340293971658,96.09428676101501,0.38255554,0.8949808,3.0387656249999996e-05,0.0014338716600150792,8.880642,0.0,21.23221,3.321257369833388,41.83139847982455,0.49121165,0.9076225,3.734489154035896e-06,0.003563989488040784,-0.002130117828025705,True
Pericyte,Microglia,APP,CD74,3.091815,0.98,5.3031626,-0.15390304329662377,-inf,0.016803443,0.7926249,0.0794554804048153,0.03629528044169436,2.039657,0.389,3.1386771,-0.13425661192215685,-251.79887761716918,0.008168689,0.7906894,0.0005518849944560679,0.03771674614575581,-0.0014214657040614517,True
Pericyte,Oligodendrocyte,FN1,MAG,7.9409056,0.0,6.5627007,1.9357665011017415,91.67074799130846,0.0952302,0.8095934,3.0387656249999996e-05,0.008259335897424594,8.400661,0.0,5.419436,2.9757582855101625,29.33615051539063,0.1253798,0.832323,3.734489154035896e-06,0.009355615273688297,-0.0010962793762637028,True
Pericyte,GABAergic,APP,CD74,10.270373,0.0,20.073326,0.06617749793376088,inf,0.063603744,0.88146377,0.0007226973135417056,0.0010462126494832288,11.970336,0.0,23.575071,0.27904805477666295,212.32656668472515,0.061356235,0.91191787,3.14932287919716e-05,0.0018130993895312231,-0.0007668867400479943,True
GABAergic,GABAergic,APP,CD74,10.450299,0.0,27.09473,0.16132830411468008,inf,0.08585156,0.89625967,0.00043339822561542623,0.0009874881441802271,12.19866,0.0,34.03764,0.39041086079348475,211.2611286056737,0.08858601,0.92559534,1.21713637155494e-05,0.0017281840903804588,-0.0007406959462002316,True
Endothelial,GABAergic,APP,CD74,10.735864,0.0,38.23857,0.3123644449654266,inf,0.121161595,0.91121745,3.836377982361807e-05,0.0009304479786213194,12.538358,0.0,49.603752,0.5561116096525158,214.54228736381626,0.1290982,0.9375684,3.734489154035896e-06,0.0015644075146359416,-0.0006339595360146221,True
Microglia,Microglia,APP,CD74,3.035449,0.988,4.722046,-0.1837123694321914,-inf,0.014962134,0.78292435,0.08544747032775735,0.039396434193455704,1.7197936,0.995,1.1872784,-0.2902626176519467,-255.00881969792906,0.0030899984,0.6991003,0.0010183347273271385,0.040016544811409836,-0.0006201106179541324,True
Oligodendrocyte,GABAergic,APP,CD74,12.625347,0.0,111.973694,1.3114821824359792,inf,0.3547965,0.94612974,8.260234599483368e-06,0.0008750930524458114,15.6929455,0.0,194.15785,2.0946926556312406,220.99692609938472,0.5053132,0.9674385,3.734489154035896e-06,0.0014855492815196761,-0.0006104562290738647,True
Oligodendrocyte,Microglia,APP,CD74,5.446788,0.0,29.58228,1.0914016412055947,-inf,0.09373352,0.9002726,0.0022240870312499996,0.006838823149205385,5.7622666,0.0,25.849289,1.6813879889324208,-243.1285182025096,0.06727509,0.915547,0.0005379139309679654,0.007014400216867899,-0.00017557706766251416,True
Oligodendrocyte,Oligodendrocyte,FN1,MAG,7.912578,0.0,5.6869674,1.9219918798073676,87.63507107443044,0.08252258,0.79830885,3.0387656249999996e-05,0.011686894531926492,8.3597765,0.0,4.0724907,2.9463289848573933,28.50357351354849,0.09421793,0.81142753,3.734489154035896e-06,0.011807821753806309,-0.00012092722187981644,True
Oligodendrocyte,Endothelial,CCL2,CCR1,0.12968315,1.0,0.016816797,-0.5352334556951709,-inf,0.00042505452,0.17711471,1.0,1.0,0.15259877,1.0,0.023253895,-0.7159116752962789,-inf,0.00015730881,0.24537085,1.0,1.0,0.0,True
Microglia,GABAergic,IL6,MUSK,0.12968315,1.0,0.016816797,-0.5352334556951709,-inf,0.00042505452,0.17711471,1.0,1.0,0.15259877,1.0,0.023253895,-0.7159116752962789,-inf,0.00015730881,0.24537085,1.0,1.0,0.0,True
Microglia,GABAergic,IL6,F3,0.12968315,1.0,0.016816797,-0.5352334556951709,-inf,0.00042505452,0.17711471,1.0,1.0,0.15259877,1.0,0.023253895,-0.7159116752962789,-inf,0.00015730881,0.24537085,1.0,1.0,0.0,True
Oligodendrocyte,Endothelial,TIMP1,CD63,0.12968315,1.0,0.016816797,-0.5352334556951709,-inf,0.00042505452,0.17711471,1.0,1.0,0.15259877,1.0,0.023253895,-0.7159116752962789,-inf,0.00015730881,0.24537085,1.0,1.0,0.0,True
Oligodendrocyte,Astrocyte,TIMP1,CD63,0.12968315,1.0,0.016816797,-0.5352334556951709,-inf,0.00042505452,0.17711471,1.0,1.0,0.15259877,1.0,0.023253895,-0.7159116752962789,-inf,0.00015730881,0.24537085,1.0,1.0,0.0,True
Microglia,Endothelial,FN1,CD79A,0.12968315,1.0,0.016816797,-0.5352334556951709,-inf,0.00042505452,0.17711471,1.0,1.0,0.15259877,1.0,0.023253895,-0.7159116752962789,-inf,0.00015730881,0.24537085,1.0,1.0,0.0,True
Microglia,Endothelial,FN1,MAG,0.12968315,1.0,0.016816797,-0.5352334556951709,-inf,0.00042505452,0.17711471,1.0,1.0,0.15259877,1.0,0.023253895,-0.7159116752962789,-inf,0.00015730881,0.24537085,1.0,1.0,0.0,True
Oligodendrocyte,Endothelial,CXCL10,SDC4,0.12968315,1.0,0.016816797,-0.5352334556951709,-inf,0.00042505452,0.17711471,1.0,1.0,0.15259877,1.0,0.023253895,-0.7159116752962789,-inf,0.00015730881,0.24537085,1.0,1.0,0.0,True
Microglia,Endothelial,IL6,F3,0.12968315,1.0,0.016816797,-0.5352334556951709,-inf,0.00042505452,0.17711471,1.0,1.0,0.15259877,1.0,0.023253895,-0.7159116752962789,-inf,0.00015730881,0.24537085,1.0,1.0,0.0,True
Microglia,Endothelial,IL6,MUSK,0.12968315,1.0,0.016816797,-0.5352334556951709,-inf,0.00042505452,0.17711471,1.0,1.0,0.15259877,1.0,0.023253895,-0.7159116752962789,-inf,0.00015730881,0.24537085,1.0,1.0,0.0,True
Pericyte,Microglia,CXCL10,ACKR1,0.12968315,1.0,0.016816797,-0.5352334556951709,-inf,0.00042505452,0.17711471,1.0,1.0,0.15259877,1.0,0.023253895,-0.7159116752962789,-inf,0.00015730881,0.24537085,1.0,1.0,0.0,True
Pericyte,Microglia,CXCL10,CCR3,0.12968315,1.0,0.016816797,-0.5352334556951709,-inf,0.00042505452,0.17711471,1.0,1.0,0.15259877,1.0,0.023253895,-0.7159116752962789,-inf,0.00015730881,0.24537085,1.0,1.0,0.0,True
Pericyte,Microglia,CXCL10,SDC4,0.12968315,1.0,0.016816797,-0.5352334556951709,-inf,0.00042505452,0.17711471,1.0,1.0,0.15259877,1.0,0.023253895,-0.7159116752962789,-inf,0.00015730881,0.24537085,1.0,1.0,0.0,True
Pericyte,GABAergic,CXCL10,SDC4,0.12968315,1.0,0.016816797,-0.5352334556951709,-inf,0.00042505452,0.17711471,1.0,1.0,0.15259877,1.0,0.023253895,-0.7159116752962789,-inf,0.00015730881,0.24537085,1.0,1.0,0.0,True
Pericyte,GABAergic,CXCL10,CCR3,0.12968315,1.0,0.016816797,-0.5352334556951709,-inf,0.00042505452,0.17711471,1.0,1.0,0.15259877,1.0,0.023253895,-0.7159116752962789,-inf,0.00015730881,0.24537085,1.0,1.0,0.0,True
Pericyte,GABAergic,IL6,MUSK,0.12968315,1.0,0.016816797,-0.5352334556951709,-inf,0.00042505452,0.17711471,1.0,1.0,0.15259877,1.0,0.023253895,-0.7159116752962789,-inf,0.00015730881,0.24537085,1.0,1.0,0.0,True
Microglia,Microglia,IL6,MUSK,0.12968315,1.0,0.016816797,-0.5352334556951709,-inf,0.00042505452,0.17711471,1.0,1.0,0.15259877,1.0,0.023253895,-0.7159116752962789,-inf,0.00015730881,0.24537085,1.0,1.0,0.0,True
Microglia,Microglia,FN1,CD79A,0.12968315,1.0,0.016816797,-0.5352334556951709,-inf,0.00042505452,0.17711471,1.0,1.0,0.15259877,1.0,0.023253895,-0.7159116752962789,-inf,0.00015730881,0.24537085,1.0,1.0,0.0,True
Pericyte,GABAergic,CXCL10,ACKR1,0.12968315,1.0,0.016816797,-0.5352334556951709,-inf,0.00042505452,0.17711471,1.0,1.0,0.15259877,1.0,0.023253895,-0.7159116752962789,-inf,0.00015730881,0.24537085,1.0,1.0,0.0,True
Pericyte,GABAergic,FN1,CD79A,0.12968315,1.0,0.016816797,-0.5352334556951709,-inf,0.00042505452,0.17711471,1.0,1.0,0.15259877,1.0,0.023253895,-0.7159116752962789,-inf,0.00015730881,0.24537085,1.0,1.0,0.0,True
Microglia,GABAergic,CXCL10,ACKR1,0.12968315,1.0,0.016816797,-0.5352334556951709,-inf,0.00042505452,0.17711471,1.0,1.0,0.15259877,1.0,0.023253895,-0.7159116752962789,-inf,0.00015730881,0.24537085,1.0,1.0,0.0,True
Microglia,Microglia,TNF,FAS,0.12968315,1.0,0.016816797,-0.5352334556951709,-inf,0.00042505452,0.17711471,1.0,1.0,0.15259877,1.0,0.023253895,-0.7159116752962789,-inf,0.00015730881,0.24537085,1.0,1.0,0.0,True
Microglia,Pericyte,CCL2,CCR3,0.12968315,1.0,0.016816797,-0.5352334556951709,-inf,0.00042505452,0.17711471,1.0,1.0,0.15259877,1.0,0.023253895,-0.7159116752962789,-inf,0.00015730881,0.24537085,1.0,1.0,0.0,True
Oligodendrocyte,Astrocyte,FN1,CD79A,0.12968315,1.0,0.016816797,-0.5352334556951709,-inf,0.00042505452,0.17711471,1.0,1.0,0.15259877,1.0,0.023253895,-0.7159116752962789,-inf,0.00015730881,0.24537085,1.0,1.0,0.0,True
Microglia,Pericyte,CCL2,CCR2,0.12968315,1.0,0.016816797,-0.5352334556951709,-inf,0.00042505452,0.17711471,1.0,1.0,0.15259877,1.0,0.023253895,-0.7159116752962789,-inf,0.00015730881,0.24537085,1.0,1.0,0.0,True
Microglia,Pericyte,CCL2,CCR5,0.12968315,1.0,0.016816797,-0.5352334556951709,-inf,0.00042505452,0.17711471,1.0,1.0,0.15259877,1.0,0.023253895,-0.7159116752962789,-inf,0.00015730881,0.24537085,1.0,1.0,0.0,True
Microglia,Microglia,TIMP1,CD63,0.12968315,1.0,0.016816797,-0.5352334556951709,-inf,0.00042505452,0.17711471,1.0,1.0,0.15259877,1.0,0.023253895,-0.7159116752962789,-inf,0.00015730881,0.24537085,1.0,1.0,0.0,True
Microglia,Oligodendrocyte,FN1,CD79A,0.12968315,1.0,0.016816797,-0.5352334556951709,-inf,0.00042505452,0.17711471,1.0,1.0,0.15259877,1.0,0.023253895,-0.7159116752962789,-inf,0.00015730881,0.24537085,1.0,1.0,0.0,True
Microglia,GABAergic,COL3A1,MAG,0.12968315,1.0,0.016816797,-0.5352334556951709,-inf,0.00042505452,0.17711471,1.0,1.0,0.15259877,1.0,0.023253895,-0.7159116752962789,-inf,0.00015730881,0.24537085,1.0,1.0,0.0,True
Oligodendrocyte,Astrocyte,IL6,MUSK,0.12968315,1.0,0.016816797,-0.5352334556951709,-inf,0.00042505452,0.17711471,1.0,1.0,0.15259877,1.0,0.023253895,-0.7159116752962789,-inf,0.00015730881,0.24537085,1.0,1.0,0.0,True
Oligodendrocyte,Endothelial,CCL2,CCR2,0.12968315,1.0,0.016816797,-0.5352334556951709,-inf,0.00042505452,0.17711471,1.0,1.0,0.15259877,1.0,0.023253895,-0.7159116752962789,-inf,0.00015730881,0.24537085,1.0,1.0,0.0,True
Microglia,GABAergic,TIMP1,CD63,0.12968315,1.0,0.016816797,-0.5352334556951709,-inf,0.00042505452,0.17711471,1.0,1.0,0.15259877,1.0,0.023253895,-0.7159116752962789,-inf,0.00015730881,0.24537085,1.0,1.0,0.0,True
Oligodendrocyte,Astrocyte,IL6,F3,0.12968315,1.0,0.016816797,-0.5352334556951709,-inf,0.00042505452,0.17711471,1.0,1.0,0.15259877,1.0,0.023253895,-0.7159116752962789,-inf,0.00015730881,0.24537085,1.0,1.0,0.0,True
Microglia,Oligodendrocyte,CCL2,CCR5,0.12968315,1.0,0.016816797,-0.5352334556951709,-inf,0.00042505452,0.17711471,1.0,1.0,0.15259877,1.0,0.023253895,-0.7159116752962789,-inf,0.00015730881,0.24537085,1.0,1.0,0.0,True
Microglia,Oligodendrocyte,CCL2,CCR1,0.12968315,1.0,0.016816797,-0.5352334556951709,-inf,0.00042505452,0.17711471,1.0,1.0,0.15259877,1.0,0.023253895,-0.7159116752962789,-inf,0.00015730881,0.24537085,1.0,1.0,0.0,True
Microglia,Pericyte,CCL2,ACKR1,0.12968315,1.0,0.016816797,-0.5352334556951709,-inf,0.00042505452,0.17711471,1.0,1.0,0.15259877,1.0,0.023253895,-0.7159116752962789,-inf,0.00015730881,0.24537085,1.0,1.0,0.0,True
Microglia,Pericyte,CCL2,CCR1,0.12968315,1.0,0.016816797,-0.5352334556951709,-inf,0.00042505452,0.17711471,1.0,1.0,0.15259877,1.0,0.023253895,-0.7159116752962789,-inf,0.00015730881,0.24537085,1.0,1.0,0.0,True
Microglia,Oligodendrocyte,CCL2,CCR3,0.12968315,1.0,0.016816797,-0.5352334556951709,-inf,0.00042505452,0.17711471,1.0,1.0,0.15259877,1.0,0.023253895,-0.7159116752962789,-inf,0.00015730881,0.24537085,1.0,1.0,0.0,True
Oligodendrocyte,GABAergic,CCL2,CCR3,0.12968315,1.0,0.016816797,-0.5352334556951709,-inf,0.00042505452,0.17711471,1.0,1.0,0.15259877,1.0,0.023253895,-0.7159116752962789,-inf,0.00015730881,0.24537085,1.0,1.0,0.0,True
Microglia,Oligodendrocyte,CCL2,ACKR1,0.12968315,1.0,0.016816797,-0.5352334556951709,-inf,0.00042505452,0.17711471,1.0,1.0,0.15259877,1.0,0.023253895,-0.7159116752962789,-inf,0.00015730881,0.24537085,1.0,1.0,0.0,True
Microglia,Oligodendrocyte,CCL2,CCR2,0.12968315,1.0,0.016816797,-0.5352334556951709,-inf,0.00042505452,0.17711471,1.0,1.0,0.15259877,1.0,0.023253895,-0.7159116752962789,-inf,0.00015730881,0.24537085,1.0,1.0,0.0,True
Oligodendrocyte,Endothelial,CCL2,CCR5,0.12968315,1.0,0.016816797,-0.5352334556951709,-inf,0.00042505452,0.17711471,1.0,1.0,0.15259877,1.0,0.023253895,-0.7159116752962789,-inf,0.00015730881,0.24537085,1.0,1.0,0.0,True
Oligodendrocyte,Endothelial,CCL2,CCR3,0.12968315,1.0,0.016816797,-0.5352334556951709,-inf,0.00042505452,0.17711471,1.0,1.0,0.15259877,1.0,0.023253895,-0.7159116752962789,-inf,0.00015730881,0.24537085,1.0,1.0,0.0,True
Microglia,GABAergic,CXCL10,CCR3,0.12968315,1.0,0.016816797,-0.5352334556951709,-inf,0.00042505452,0.17711471,1.0,1.0,0.15259877,1.0,0.023253895,-0.7159116752962789,-inf,0.00015730881,0.24537085,1.0,1.0,0.0,True
Microglia,Pericyte,CXCL10,ACKR1,0.12968315,1.0,0.016816797,-0.5352334556951709,-inf,0.00042505452,0.17711471,1.0,1.0,0.15259877,1.0,0.023253895,-0.7159116752962789,-inf,0.00015730881,0.24537085,1.0,1.0,0.0,True
Microglia,Pericyte,CXCL10,CCR3,0.12968315,1.0,0.016816797,-0.5352334556951709,-inf,0.00042505452,0.17711471,1.0,1.0,0.15259877,1.0,0.023253895,-0.7159116752962789,-inf,0.00015730881,0.24537085,1.0,1.0,0.0,True
Microglia,Pericyte,COL3A1,MAG,0.12968315,1.0,0.016816797,-0.5352334556951709,-inf,0.00042505452,0.17711471,1.0,1.0,0.15259877,1.0,0.023253895,-0.7159116752962789,-inf,0.00015730881,0.24537085,1.0,1.0,0.0,True
Microglia,GABAergic,FN1,CD79A,0.12968315,1.0,0.016816797,-0.5352334556951709,-inf,0.00042505452,0.17711471,1.0,1.0,0.15259877,1.0,0.023253895,-0.7159116752962789,-inf,0.00015730881,0.24537085,1.0,1.0,0.0,True
Pericyte,GABAergic,IL6,F3,0.12968315,1.0,0.016816797,-0.5352334556951709,-inf,0.00042505452,0.17711471,1.0,1.0,0.15259877,1.0,0.023253895,-0.7159116752962789,-inf,0.00015730881,0.24537085,1.0,1.0,0.0,True
Oligodendrocyte,Astrocyte,CXCL10,ACKR1,0.12968315,1.0,0.016816797,-0.5352334556951709,-inf,0.00042505452,0.17711471,1.0,1.0,0.15259877,1.0,0.023253895,-0.7159116752962789,-inf,0.00015730881,0.24537085,1.0,1.0,0.0,True
Oligodendrocyte,Astrocyte,CXCL10,SDC4,0.12968315,1.0,0.016816797,-0.5352334556951709,-inf,0.00042505452,0.17711471,1.0,1.0,0.15259877,1.0,0.023253895,-0.7159116752962789,-inf,0.00015730881,0.24537085,1.0,1.0,0.0,True
Oligodendrocyte,Astrocyte,CXCL10,CCR3,0.12968315,1.0,0.016816797,-0.5352334556951709,-inf,0.00042505452,0.17711471,1.0,1.0,0.15259877,1.0,0.023253895,-0.7159116752962789,-inf,0.00015730881,0.24537085,1.0,1.0,0.0,True
Oligodendrocyte,Astrocyte,COL3A1,MAG,0.12968315,1.0,0.016816797,-0.5352334556951709,-inf,0.00042505452,0.17711471,1.0,1.0,0.15259877,1.0,0.023253895,-0.7159116752962789,-inf,0.00015730881,0.24537085,1.0,1.0,0.0,True
GABAergic,Pericyte,COL3A1,MAG,0.12968315,1.0,0.016816797,-0.5352334556951709,-inf,0.00042505452,0.17711471,1.0,1.0,0.15259877,1.0,0.023253895,-0.7159116752962789,-inf,0.00015730881,0.24537085,1.0,1.0,0.0,True
GABAergic,Pericyte,CXCL10,ACKR1,0.12968315,1.0,0.016816797,-0.5352334556951709,-inf,0.00042505452,0.17711471,1.0,1.0,0.15259877,1.0,0.023253895,-0.7159116752962789,-inf,0.00015730881,0.24537085,1.0,1.0,0.0,True
GABAergic,Pericyte,CXCL10,CCR3,0.12968315,1.0,0.016816797,-0.5352334556951709,-inf,0.00042505452,0.17711471,1.0,1.0,0.15259877,1.0,0.023253895,-0.7159116752962789,-inf,0.00015730881,0.24537085,1.0,1.0,0.0,True
Pericyte,Astrocyte,TNF,VSIR,0.12968315,1.0,0.016816797,-0.5352334556951709,-inf,0.00042505452,0.17711471,1.0,1.0,0.15259877,1.0,0.023253895,-0.7159116752962789,-inf,0.00015730881,0.24537085,1.0,1.0,0.0,True
Microglia,Microglia,CCL2,ACKR1,0.12968315,1.0,0.016816797,-0.5352334556951709,-inf,0.00042505452,0.17711471,1.0,1.0,0.15259877,1.0,0.023253895,-0.7159116752962789,-inf,0.00015730881,0.24537085,1.0,1.0,0.0,True
Microglia,Microglia,CCL2,CCR2,0.12968315,1.0,0.016816797,-0.5352334556951709,-inf,0.00042505452,0.17711471,1.0,1.0,0.15259877,1.0,0.023253895,-0.7159116752962789,-inf,0.00015730881,0.24537085,1.0,1.0,0.0,True
Microglia,Microglia,CCL2,CCR3,0.12968315,1.0,0.016816797,-0.5352334556951709,-inf,0.00042505452,0.17711471,1.0,1.0,0.15259877,1.0,0.023253895,-0.7159116752962789,-inf,0.00015730881,0.24537085,1.0,1.0,0.0,True
GABAergic,Pericyte,CXCL10,SDC4,0.12968315,1.0,0.016816797,-0.5352334556951709,-inf,0.00042505452,0.17711471,1.0,1.0,0.15259877,1.0,0.023253895,-0.7159116752962789,-inf,0.00015730881,0.24537085,1.0,1.0,0.0,True
Microglia,Pericyte,FN1,CD79A,0.12968315,1.0,0.016816797,-0.5352334556951709,-inf,0.00042505452,0.17711471,1.0,1.0,0.15259877,1.0,0.023253895,-0.7159116752962789,-inf,0.00015730881,0.24537085,1.0,1.0,0.0,True
Microglia,Pericyte,TIMP1,CD63,0.12968315,1.0,0.016816797,-0.5352334556951709,-inf,0.00042505452,0.17711471,1.0,1.0,0.15259877,1.0,0.023253895,-0.7159116752962789,-inf,0.00015730881,0.24537085,1.0,1.0,0.0,True
Microglia,Microglia,CXCL10,CCR3,0.12968315,1.0,0.016816797,-0.5352334556951709,-inf,0.00042505452,0.17711471,1.0,1.0,0.15259877,1.0,0.023253895,-0.7159116752962789,-inf,0.00015730881,0.24537085,1.0,1.0,0.0,True
Microglia,Microglia,CXCL10,ACKR1,0.12968315,1.0,0.016816797,-0.5352334556951709,-inf,0.00042505452,0.17711471,1.0,1.0,0.15259877,1.0,0.023253895,-0.7159116752962789,-inf,0.00015730881,0.24537085,1.0,1.0,0.0,True
Microglia,Pericyte,IL6,F3,0.12968315,1.0,0.016816797,-0.5352334556951709,-inf,0.00042505452,0.17711471,1.0,1.0,0.15259877,1.0,0.023253895,-0.7159116752962789,-inf,0.00015730881,0.24537085,1.0,1.0,0.0,True
Microglia,Pericyte,IL6,MUSK,0.12968315,1.0,0.016816797,-0.5352334556951709,-inf,0.00042505452,0.17711471,1.0,1.0,0.15259877,1.0,0.023253895,-0.7159116752962789,-inf,0.00015730881,0.24537085,1.0,1.0,0.0,True
Microglia,Pericyte,FN1,MAG,0.12968315,1.0,0.016816797,-0.5352334556951709,-inf,0.00042505452,0.17711471,1.0,1.0,0.15259877,1.0,0.023253895,-0.7159116752962789,-inf,0.00015730881,0.24537085,1.0,1.0,0.0,True
Microglia,Astrocyte,TIMP1,CD63,0.12968315,1.0,0.016816797,-0.5352334556951709,-inf,0.00042505452,0.17711471,1.0,1.0,0.15259877,1.0,0.023253895,-0.7159116752962789,-inf,0.00015730881,0.24537085,1.0,1.0,0.0,True
Microglia,Endothelial,CCL2,CCR2,0.12968315,1.0,0.016816797,-0.5352334556951709,-inf,0.00042505452,0.17711471,1.0,1.0,0.15259877,1.0,0.023253895,-0.7159116752962789,-inf,0.00015730881,0.24537085,1.0,1.0,0.0,True
Microglia,Endothelial,CCL2,CCR1,0.12968315,1.0,0.016816797,-0.5352334556951709,-inf,0.00042505452,0.17711471,1.0,1.0,0.15259877,1.0,0.023253895,-0.7159116752962789,-inf,0.00015730881,0.24537085,1.0,1.0,0.0,True
GABAergic,Pericyte,TIMP1,CD63,0.12968315,1.0,0.016816797,-0.5352334556951709,-inf,0.00042505452,0.17711471,1.0,1.0,0.15259877,1.0,0.023253895,-0.7159116752962789,-inf,0.00015730881,0.24537085,1.0,1.0,0.0,True
GABAergic,GABAergic,FN1,CD79A,0.12968315,1.0,0.016816797,-0.5352334556951709,-inf,0.00042505452,0.17711471,1.0,1.0,0.15259877,1.0,0.023253895,-0.7159116752962789,-inf,0.00015730881,0.24537085,1.0,1.0,0.0,True
Microglia,Astrocyte,CXCL10,ACKR1,0.12968315,1.0,0.016816797,-0.5352334556951709,-inf,0.00042505452,0.17711471,1.0,1.0,0.15259877,1.0,0.023253895,-0.7159116752962789,-inf,0.00015730881,0.24537085,1.0,1.0,0.0,True
Microglia,Astrocyte,COL3A1,MAG,0.12968315,1.0,0.016816797,-0.5352334556951709,-inf,0.00042505452,0.17711471,1.0,1.0,0.15259877,1.0,0.023253895,-0.7159116752962789,-inf,0.00015730881,0.24537085,1.0,1.0,0.0,True
GABAergic,Pericyte,CCL2,CCR2,0.12968315,1.0,0.016816797,-0.5352334556951709,-inf,0.00042505452,0.17711471,1.0,1.0,0.15259877,1.0,0.023253895,-0.7159116752962789,-inf,0.00015730881,0.24537085,1.0,1.0,0.0,True
GABAergic,Pericyte,CCL2,CCR1,0.12968315,1.0,0.016816797,-0.5352334556951709,-inf,0.00042505452,0.17711471,1.0,1.0,0.15259877,1.0,0.023253895,-0.7159116752962789,-inf,0.00015730881,0.24537085,1.0,1.0,0.0,True
GABAergic,Pericyte,CCL2,ACKR1,0.12968315,1.0,0.016816797,-0.5352334556951709,-inf,0.00042505452,0.17711471,1.0,1.0,0.15259877,1.0,0.023253895,-0.7159116752962789,-inf,0.00015730881,0.24537085,1.0,1.0,0.0,True
GABAergic,Pericyte,CCL2,CCR5,0.12968315,1.0,0.016816797,-0.5352334556951709,-inf,0.00042505452,0.17711471,1.0,1.0,0.15259877,1.0,0.023253895,-0.7159116752962789,-inf,0.00015730881,0.24537085,1.0,1.0,0.0,True
GABAergic,Pericyte,CCL2,CCR3,0.12968315,1.0,0.016816797,-0.5352334556951709,-inf,0.00042505452,0.17711471,1.0,1.0,0.15259877,1.0,0.023253895,-0.7159116752962789,-inf,0.00015730881,0.24537085,1.0,1.0,0.0,True
GABAergic,Pericyte,FN1,CD79A,0.12968315,1.0,0.016816797,-0.5352334556951709,-inf,0.00042505452,0.17711471,1.0,1.0,0.15259877,1.0,0.023253895,-0.7159116752962789,-inf,0.00015730881,0.24537085,1.0,1.0,0.0,True
GABAergic,Pericyte,FN1,MAG,0.12968315,1.0,0.016816797,-0.5352334556951709,-inf,0.00042505452,0.17711471,1.0,1.0,0.15259877,1.0,0.023253895,-0.7159116752962789,-inf,0.00015730881,0.24537085,1.0,1.0,0.0,True
Microglia,Endothelial,CCL2,CCR3,0.12968315,1.0,0.016816797,-0.5352334556951709,-inf,0.00042505452,0.17711471,1.0,1.0,0.15259877,1.0,0.023253895,-0.7159116752962789,-inf,0.00015730881,0.24537085,1.0,1.0,0.0,True
Microglia,Endothelial,COL3A1,MAG,0.12968315,1.0,0.016816797,-0.5352334556951709,-inf,0.00042505452,0.17711471,1.0,1.0,0.15259877,1.0,0.023253895,-0.7159116752962789,-inf,0.00015730881,0.24537085,1.0,1.0,0.0,True
Microglia,Endothelial,CCL2,CCR5,0.12968315,1.0,0.016816797,-0.5352334556951709,-inf,0.00042505452,0.17711471,1.0,1.0,0.15259877,1.0,0.023253895,-0.7159116752962789,-inf,0.00015730881,0.24537085,1.0,1.0,0.0,True
Pericyte,GABAergic,TNF,VSIR,0.12968315,1.0,0.016816797,-0.5352334556951709,-inf,0.00042505452,0.17711471,1.0,1.0,0.15259877,1.0,0.023253895,-0.7159116752962789,-inf,0.00015730881,0.24537085,1.0,1.0,0.0,True
Pericyte,Microglia,CCL2,CCR2,0.12968315,1.0,0.016816797,-0.5352334556951709,-inf,0.00042505452,0.17711471,1.0,1.0,0.15259877,1.0,0.023253895,-0.7159116752962789,-inf,0.00015730881,0.24537085,1.0,1.0,0.0,True
Pericyte,Endothelial,COL3A1,MAG,0.12968315,1.0,0.016816797,-0.5352334556951709,-inf,0.00042505452,0.17711471,1.0,1.0,0.15259877,1.0,0.023253895,-0.7159116752962789,-inf,0.00015730881,0.24537085,1.0,1.0,0.0,True
Pericyte,Microglia,CCL2,CCR3,0.12968315,1.0,0.016816797,-0.5352334556951709,-inf,0.00042505452,0.17711471,1.0,1.0,0.15259877,1.0,0.023253895,-0.7159116752962789,-inf,0.00015730881,0.24537085,1.0,1.0,0.0,True
Pericyte,Microglia,CCL2,ACKR1,0.12968315,1.0,0.016816797,-0.5352334556951709,-inf,0.00042505452,0.17711471,1.0,1.0,0.15259877,1.0,0.023253895,-0.7159116752962789,-inf,0.00015730881,0.24537085,1.0,1.0,0.0,True
Pericyte,Endothelial,IL6,F3,0.12968315,1.0,0.016816797,-0.5352334556951709,-inf,0.00042505452,0.17711471,1.0,1.0,0.15259877,1.0,0.023253895,-0.7159116752962789,-inf,0.00015730881,0.24537085,1.0,1.0,0.0,True
Pericyte,Endothelial,IL6,MUSK,0.12968315,1.0,0.016816797,-0.5352334556951709,-inf,0.00042505452,0.17711471,1.0,1.0,0.15259877,1.0,0.023253895,-0.7159116752962789,-inf,0.00015730881,0.24537085,1.0,1.0,0.0,True
Pericyte,Endothelial,CXCL10,SDC4,0.12968315,1.0,0.016816797,-0.5352334556951709,-inf,0.00042505452,0.17711471,1.0,1.0,0.15259877,1.0,0.023253895,-0.7159116752962789,-inf,0.00015730881,0.24537085,1.0,1.0,0.0,True
Pericyte,Endothelial,CXCL10,CCR3,0.12968315,1.0,0.016816797,-0.5352334556951709,-inf,0.00042505452,0.17711471,1.0,1.0,0.15259877,1.0,0.023253895,-0.7159116752962789,-inf,0.00015730881,0.24537085,1.0,1.0,0.0,True
Pericyte,Endothelial,CXCL10,ACKR1,0.12968315,1.0,0.016816797,-0.5352334556951709,-inf,0.00042505452,0.17711471,1.0,1.0,0.15259877,1.0,0.023253895,-0.7159116752962789,-inf,0.00015730881,0.24537085,1.0,1.0,0.0,True
Pericyte,Endothelial,FN1,MAG,0.12968315,1.0,0.016816797,-0.5352334556951709,-inf,0.00042505452,0.17711471,1.0,1.0,0.15259877,1.0,0.023253895,-0.7159116752962789,-inf,0.00015730881,0.24537085,1.0,1.0,0.0,True
Pericyte,Endothelial,FN1,CD79A,0.12968315,1.0,0.016816797,-0.5352334556951709,-inf,0.00042505452,0.17711471,1.0,1.0,0.15259877,1.0,0.023253895,-0.7159116752962789,-inf,0.00015730881,0.24537085,1.0,1.0,0.0,True
Pericyte,GABAergic,TNF,FAS,0.12968315,1.0,0.016816797,-0.5352334556951709,-inf,0.00042505452,0.17711471,1.0,1.0,0.15259877,1.0,0.023253895,-0.7159116752962789,-inf,0.00015730881,0.24537085,1.0,1.0,0.0,True
Pericyte,Endothelial,CCL2,CCR5,0.12968315,1.0,0.016816797,-0.5352334556951709,-inf,0.00042505452,0.17711471,1.0,1.0,0.15259877,1.0,0.023253895,-0.7159116752962789,-inf,0.00015730881,0.24537085,1.0,1.0,0.0,True
Pericyte,Endothelial,CCL2,CCR3,0.12968315,1.0,0.016816797,-0.5352334556951709,-inf,0.00042505452,0.17711471,1.0,1.0,0.15259877,1.0,0.023253895,-0.7159116752962789,-inf,0.00015730881,0.24537085,1.0,1.0,0.0,True
Pericyte,GABAergic,CCL2,ACKR1,0.12968315,1.0,0.016816797,-0.5352334556951709,-inf,0.00042505452,0.17711471,1.0,1.0,0.15259877,1.0,0.023253895,-0.7159116752962789,-inf,0.00015730881,0.24537085,1.0,1.0,0.0,True
Pericyte,Endothelial,CCL2,CCR2,0.12968315,1.0,0.016816797,-0.5352334556951709,-inf,0.00042505452,0.17711471,1.0,1.0,0.15259877,1.0,0.023253895,-0.7159116752962789,-inf,0.00015730881,0.24537085,1.0,1.0,0.0,True
Pericyte,Endothelial,CCL2,CCR1,0.12968315,1.0,0.016816797,-0.5352334556951709,-inf,0.00042505452,0.17711471,1.0,1.0,0.15259877,1.0,0.023253895,-0.7159116752962789,-inf,0.00015730881,0.24537085,1.0,1.0,0.0,True
Pericyte,GABAergic,CCL2,CCR3,0.12968315,1.0,0.016816797,-0.5352334556951709,-inf,0.00042505452,0.17711471,1.0,1.0,0.15259877,1.0,0.023253895,-0.7159116752962789,-inf,0.00015730881,0.24537085,1.0,1.0,0.0,True
Microglia,Oligodendrocyte,IL6,MUSK,0.12968315,1.0,0.016816797,-0.5352334556951709,-inf,0.00042505452,0.17711471,1.0,1.0,0.15259877,1.0,0.023253895,-0.7159116752962789,-inf,0.00015730881,0.24537085,1.0,1.0,0.0,True
Microglia,Oligodendrocyte,IL6,F3,0.12968315,1.0,0.016816797,-0.5352334556951709,-inf,0.00042505452,0.17711471,1.0,1.0,0.15259877,1.0,0.023253895,-0.7159116752962789,-inf,0.00015730881,0.24537085,1.0,1.0,0.0,True
Microglia,Oligodendrocyte,TIMP1,CD63,0.12968315,1.0,0.016816797,-0.5352334556951709,-inf,0.00042505452,0.17711471,1.0,1.0,0.15259877,1.0,0.023253895,-0.7159116752962789,-inf,0.00015730881,0.24537085,1.0,1.0,0.0,True
Microglia,Oligodendrocyte,CXCL10,CCR3,0.12968315,1.0,0.016816797,-0.5352334556951709,-inf,0.00042505452,0.17711471,1.0,1.0,0.15259877,1.0,0.023253895,-0.7159116752962789,-inf,0.00015730881,0.24537085,1.0,1.0,0.0,True
Microglia,Oligodendrocyte,CXCL10,ACKR1,0.12968315,1.0,0.016816797,-0.5352334556951709,-inf,0.00042505452,0.17711471,1.0,1.0,0.15259877,1.0,0.023253895,-0.7159116752962789,-inf,0.00015730881,0.24537085,1.0,1.0,0.0,True
Microglia,Microglia,IL6,F3,0.12968315,1.0,0.016816797,-0.5352334556951709,-inf,0.00042505452,0.17711471,1.0,1.0,0.15259877,1.0,0.023253895,-0.7159116752962789,-inf,0.00015730881,0.24537085,1.0,1.0,0.0,True
Microglia,Oligodendrocyte,COL3A1,MAG,0.12968315,1.0,0.016816797,-0.5352334556951709,-inf,0.00042505452,0.17711471,1.0,1.0,0.15259877,1.0,0.023253895,-0.7159116752962789,-inf,0.00015730881,0.24537085,1.0,1.0,0.0,True
Oligodendrocyte,Astrocyte,CCL2,ACKR1,0.12968315,1.0,0.016816797,-0.5352334556951709,-inf,0.00042505452,0.17711471,1.0,1.0,0.15259877,1.0,0.023253895,-0.7159116752962789,-inf,0.00015730881,0.24537085,1.0,1.0,0.0,True
Oligodendrocyte,Astrocyte,CCL2,CCR1,0.12968315,1.0,0.016816797,-0.5352334556951709,-inf,0.00042505452,0.17711471,1.0,1.0,0.15259877,1.0,0.023253895,-0.7159116752962789,-inf,0.00015730881,0.24537085,1.0,1.0,0.0,True
Oligodendrocyte,Astrocyte,CCL2,CCR2,0.12968315,1.0,0.016816797,-0.5352334556951709,-inf,0.00042505452,0.17711471,1.0,1.0,0.15259877,1.0,0.023253895,-0.7159116752962789,-inf,0.00015730881,0.24537085,1.0,1.0,0.0,True
Oligodendrocyte,Astrocyte,CCL2,CCR3,0.12968315,1.0,0.016816797,-0.5352334556951709,-inf,0.00042505452,0.17711471,1.0,1.0,0.15259877,1.0,0.023253895,-0.7159116752962789,-inf,0.00015730881,0.24537085,1.0,1.0,0.0,True
Oligodendrocyte,Astrocyte,CCL2,CCR5,0.12968315,1.0,0.016816797,-0.5352334556951709,-inf,0.00042505452,0.17711471,1.0,1.0,0.15259877,1.0,0.023253895,-0.7159116752962789,-inf,0.00015730881,0.24537085,1.0,1.0,0.0,True
Microglia,Microglia,COL3A1,MAG,0.12968315,1.0,0.016816797,-0.5352334556951709,-inf,0.00042505452,0.17711471,1.0,1.0,0.15259877,1.0,0.023253895,-0.7159116752962789,-inf,0.00015730881,0.24537085,1.0,1.0,0.0,True
Oligodendrocyte,GABAergic,CCL2,ACKR1,0.12968315,1.0,0.016816797,-0.5352334556951709,-inf,0.00042505452,0.17711471,1.0,1.0,0.15259877,1.0,0.023253895,-0.7159116752962789,-inf,0.00015730881,0.24537085,1.0,1.0,0.0,True
Pericyte,Pericyte,CCL2,CCR2,0.12968315,1.0,0.016816797,-0.5352334556951709,-inf,0.00042505452,0.17711471,1.0,1.0,0.15259877,1.0,0.023253895,-0.7159116752962789,-inf,0.00015730881,0.24537085,1.0,1.0,0.0,True
Pericyte,Pericyte,CCL2,CCR3,0.12968315,1.0,0.016816797,-0.5352334556951709,-inf,0.00042505452,0.17711471,1.0,1.0,0.15259877,1.0,0.023253895,-0.7159116752962789,-inf,0.00015730881,0.24537085,1.0,1.0,0.0,True
Pericyte,Microglia,FN1,CD79A,0.12968315,1.0,0.016816797,-0.5352334556951709,-inf,0.00042505452,0.17711471,1.0,1.0,0.15259877,1.0,0.023253895,-0.7159116752962789,-inf,0.00015730881,0.24537085,1.0,1.0,0.0,True
Pericyte,Pericyte,CCL2,CCR5,0.12968315,1.0,0.016816797,-0.5352334556951709,-inf,0.00042505452,0.17711471,1.0,1.0,0.15259877,1.0,0.023253895,-0.7159116752962789,-inf,0.00015730881,0.24537085,1.0,1.0,0.0,True
Pericyte,Pericyte,CCL2,CCR1,0.12968315,1.0,0.016816797,-0.5352334556951709,-inf,0.00042505452,0.17711471,1.0,1.0,0.15259877,1.0,0.023253895,-0.7159116752962789,-inf,0.00015730881,0.24537085,1.0,1.0,0.0,True
Pericyte,Pericyte,CCL2,ACKR1,0.12968315,1.0,0.016816797,-0.5352334556951709,-inf,0.00042505452,0.17711471,1.0,1.0,0.15259877,1.0,0.023253895,-0.7159116752962789,-inf,0.00015730881,0.24537085,1.0,1.0,0.0,True
Pericyte,Oligodendrocyte,CCL2,ACKR1,0.12968315,1.0,0.016816797,-0.5352334556951709,-inf,0.00042505452,0.17711471,1.0,1.0,0.15259877,1.0,0.023253895,-0.7159116752962789,-inf,0.00015730881,0.24537085,1.0,1.0,0.0,True
Pericyte,Microglia,IL6,MUSK,0.12968315,1.0,0.016816797,-0.5352334556951709,-inf,0.00042505452,0.17711471,1.0,1.0,0.15259877,1.0,0.023253895,-0.7159116752962789,-inf,0.00015730881,0.24537085,1.0,1.0,0.0,True
Pericyte,Oligodendrocyte,CCL2,CCR1,0.12968315,1.0,0.016816797,-0.5352334556951709,-inf,0.00042505452,0.17711471,1.0,1.0,0.15259877,1.0,0.023253895,-0.7159116752962789,-inf,0.00015730881,0.24537085,1.0,1.0,0.0,True
Pericyte,Oligodendrocyte,CCL2,CCR2,0.12968315,1.0,0.016816797,-0.5352334556951709,-inf,0.00042505452,0.17711471,1.0,1.0,0.15259877,1.0,0.023253895,-0.7159116752962789,-inf,0.00015730881,0.24537085,1.0,1.0,0.0,True
Pericyte,Oligodendrocyte,CCL2,CCR3,0.12968315,1.0,0.016816797,-0.5352334556951709,-inf,0.00042505452,0.17711471,1.0,1.0,0.15259877,1.0,0.023253895,-0.7159116752962789,-inf,0.00015730881,0.24537085,1.0,1.0,0.0,True
Pericyte,Oligodendrocyte,CCL2,CCR5,0.12968315,1.0,0.016816797,-0.5352334556951709,-inf,0.00042505452,0.17711471,1.0,1.0,0.15259877,1.0,0.023253895,-0.7159116752962789,-inf,0.00015730881,0.24537085,1.0,1.0,0.0,True
Pericyte,Microglia,IL6,F3,0.12968315,1.0,0.016816797,-0.5352334556951709,-inf,0.00042505452,0.17711471,1.0,1.0,0.15259877,1.0,0.023253895,-0.7159116752962789,-inf,0.00015730881,0.24537085,1.0,1.0,0.0,True
Pericyte,Pericyte,TNF,VSIR,0.12968315,1.0,0.016816797,-0.5352334556951709,-inf,0.00042505452,0.17711471,1.0,1.0,0.15259877,1.0,0.023253895,-0.7159116752962789,-inf,0.00015730881,0.24537085,1.0,1.0,0.0,True
Pericyte,Pericyte,TNF,FAS,0.12968315,1.0,0.016816797,-0.5352334556951709,-inf,0.00042505452,0.17711471,1.0,1.0,0.15259877,1.0,0.023253895,-0.7159116752962789,-inf,0.00015730881,0.24537085,1.0,1.0,0.0,True
Pericyte,Endothelial,TNF,FAS,0.12968315,1.0,0.016816797,-0.5352334556951709,-inf,0.00042505452,0.17711471,1.0,1.0,0.15259877,1.0,0.023253895,-0.7159116752962789,-inf,0.00015730881,0.24537085,1.0,1.0,0.0,True
Pericyte,Endothelial,TNF,VSIR,0.12968315,1.0,0.016816797,-0.5352334556951709,-inf,0.00042505452,0.17711471,1.0,1.0,0.15259877,1.0,0.023253895,-0.7159116752962789,-inf,0.00015730881,0.24537085,1.0,1.0,0.0,True
Oligodendrocyte,Pericyte,CXCL10,SDC4,0.12968315,1.0,0.016816797,-0.5352334556951709,-inf,0.00042505452,0.17711471,1.0,1.0,0.15259877,1.0,0.023253895,-0.7159116752962789,-inf,0.00015730881,0.24537085,1.0,1.0,0.0,True
Oligodendrocyte,Pericyte,CXCL10,CCR3,0.12968315,1.0,0.016816797,-0.5352334556951709,-inf,0.00042505452,0.17711471,1.0,1.0,0.15259877,1.0,0.023253895,-0.7159116752962789,-inf,0.00015730881,0.24537085,1.0,1.0,0.0,True
Pericyte,Microglia,TNF,FAS,0.12968315,1.0,0.016816797,-0.5352334556951709,-inf,0.00042505452,0.17711471,1.0,1.0,0.15259877,1.0,0.023253895,-0.7159116752962789,-inf,0.00015730881,0.24537085,1.0,1.0,0.0,True
Pericyte,Pericyte,FN1,MAG,0.12968315,1.0,0.016816797,-0.5352334556951709,-inf,0.00042505452,0.17711471,1.0,1.0,0.15259877,1.0,0.023253895,-0.7159116752962789,-inf,0.00015730881,0.24537085,1.0,1.0,0.0,True
Pericyte,Pericyte,FN1,CD79A,0.12968315,1.0,0.016816797,-0.5352334556951709,-inf,0.00042505452,0.17711471,1.0,1.0,0.15259877,1.0,0.023253895,-0.7159116752962789,-inf,0.00015730881,0.24537085,1.0,1.0,0.0,True
Endothelial,Astrocyte,CXCL10,ACKR1,0.12968315,1.0,0.016816797,-0.5352334556951709,-inf,0.00042505452,0.17711471,1.0,1.0,0.15259877,1.0,0.023253895,-0.7159116752962789,-inf,0.00015730881,0.24537085,1.0,1.0,0.0,True
Endothelial,Astrocyte,COL3A1,MAG,0.12968315,1.0,0.016816797,-0.5352334556951709,-inf,0.00042505452,0.17711471,1.0,1.0,0.15259877,1.0,0.023253895,-0.7159116752962789,-inf,0.00015730881,0.24537085,1.0,1.0,0.0,True
Pericyte,Microglia,TNF,VSIR,0.12968315,1.0,0.016816797,-0.5352334556951709,-inf,0.00042505452,0.17711471,1.0,1.0,0.15259877,1.0,0.023253895,-0.7159116752962789,-inf,0.00015730881,0.24537085,1.0,1.0,0.0,True
Oligodendrocyte,Pericyte,CXCL10,ACKR1,0.12968315,1.0,0.016816797,-0.5352334556951709,-inf,0.00042505452,0.17711471,1.0,1.0,0.15259877,1.0,0.023253895,-0.7159116752962789,-inf,0.00015730881,0.24537085,1.0,1.0,0.0,True
Pericyte,Pericyte,CXCL10,SDC4,0.12968315,1.0,0.016816797,-0.5352334556951709,-inf,0.00042505452,0.17711471,1.0,1.0,0.15259877,1.0,0.023253895,-0.7159116752962789,-inf,0.00015730881,0.24537085,1.0,1.0,0.0,True
Pericyte,Pericyte,CXCL10,CCR3,0.12968315,1.0,0.016816797,-0.5352334556951709,-inf,0.00042505452,0.17711471,1.0,1.0,0.15259877,1.0,0.023253895,-0.7159116752962789,-inf,0.00015730881,0.24537085,1.0,1.0,0.0,True
Pericyte,Oligodendrocyte,FN1,CD79A,0.12968315,1.0,0.016816797,-0.5352334556951709,-inf,0.00042505452,0.17711471,1.0,1.0,0.15259877,1.0,0.023253895,-0.7159116752962789,-inf,0.00015730881,0.24537085,1.0,1.0,0.0,True
Pericyte,Pericyte,IL6,F3,0.12968315,1.0,0.016816797,-0.5352334556951709,-inf,0.00042505452,0.17711471,1.0,1.0,0.15259877,1.0,0.023253895,-0.7159116752962789,-inf,0.00015730881,0.24537085,1.0,1.0,0.0,True
Pericyte,Pericyte,COL3A1,MAG,0.12968315,1.0,0.016816797,-0.5352334556951709,-inf,0.00042505452,0.17711471,1.0,1.0,0.15259877,1.0,0.023253895,-0.7159116752962789,-inf,0.00015730881,0.24537085,1.0,1.0,0.0,True
Pericyte,Pericyte,CXCL10,ACKR1,0.12968315,1.0,0.016816797,-0.5352334556951709,-inf,0.00042505452,0.17711471,1.0,1.0,0.15259877,1.0,0.023253895,-0.7159116752962789,-inf,0.00015730881,0.24537085,1.0,1.0,0.0,True
Pericyte,Pericyte,IL6,MUSK,0.12968315,1.0,0.016816797,-0.5352334556951709,-inf,0.00042505452,0.17711471,1.0,1.0,0.15259877,1.0,0.023253895,-0.7159116752962789,-inf,0.00015730881,0.24537085,1.0,1.0,0.0,True
Pericyte,Oligodendrocyte,IL6,F3,0.12968315,1.0,0.016816797,-0.5352334556951709,-inf,0.00042505452,0.17711471,1.0,1.0,0.15259877,1.0,0.023253895,-0.7159116752962789,-inf,0.00015730881,0.24537085,1.0,1.0,0.0,True
Pericyte,Oligodendrocyte,IL6,MUSK,0.12968315,1.0,0.016816797,-0.5352334556951709,-inf,0.00042505452,0.17711471,1.0,1.0,0.15259877,1.0,0.023253895,-0.7159116752962789,-inf,0.00015730881,0.24537085,1.0,1.0,0.0,True
Oligodendrocyte,GABAergic,TIMP1,CD63,0.12968315,1.0,0.016816797,-0.5352334556951709,-inf,0.00042505452,0.17711471,1.0,1.0,0.15259877,1.0,0.023253895,-0.7159116752962789,-inf,0.00015730881,0.24537085,1.0,1.0,0.0,True
Pericyte,Oligodendrocyte,CXCL10,ACKR1,0.12968315,1.0,0.016816797,-0.5352334556951709,-inf,0.00042505452,0.17711471,1.0,1.0,0.15259877,1.0,0.023253895,-0.7159116752962789,-inf,0.00015730881,0.24537085,1.0,1.0,0.0,True
Pericyte,Oligodendrocyte,CXCL10,CCR3,0.12968315,1.0,0.016816797,-0.5352334556951709,-inf,0.00042505452,0.17711471,1.0,1.0,0.15259877,1.0,0.023253895,-0.7159116752962789,-inf,0.00015730881,0.24537085,1.0,1.0,0.0,True
Pericyte,Oligodendrocyte,CXCL10,SDC4,0.12968315,1.0,0.016816797,-0.5352334556951709,-inf,0.00042505452,0.17711471,1.0,1.0,0.15259877,1.0,0.023253895,-0.7159116752962789,-inf,0.00015730881,0.24537085,1.0,1.0,0.0,True
Oligodendrocyte,Oligodendrocyte,CCL2,ACKR1,0.12968315,1.0,0.016816797,-0.5352334556951709,-inf,0.00042505452,0.17711471,1.0,1.0,0.15259877,1.0,0.023253895,-0.7159116752962789,-inf,0.00015730881,0.24537085,1.0,1.0,0.0,True
Oligodendrocyte,Microglia,IL6,F3,0.12968315,1.0,0.016816797,-0.5352334556951709,-inf,0.00042505452,0.17711471,1.0,1.0,0.15259877,1.0,0.023253895,-0.7159116752962789,-inf,0.00015730881,0.24537085,1.0,1.0,0.0,True
Oligodendrocyte,Microglia,IL6,MUSK,0.12968315,1.0,0.016816797,-0.5352334556951709,-inf,0.00042505452,0.17711471,1.0,1.0,0.15259877,1.0,0.023253895,-0.7159116752962789,-inf,0.00015730881,0.24537085,1.0,1.0,0.0,True
Oligodendrocyte,Oligodendrocyte,CCL2,CCR1,0.12968315,1.0,0.016816797,-0.5352334556951709,-inf,0.00042505452,0.17711471,1.0,1.0,0.15259877,1.0,0.023253895,-0.7159116752962789,-inf,0.00015730881,0.24537085,1.0,1.0,0.0,True
Oligodendrocyte,Microglia,TIMP1,CD63,0.12968315,1.0,0.016816797,-0.5352334556951709,-inf,0.00042505452,0.17711471,1.0,1.0,0.15259877,1.0,0.023253895,-0.7159116752962789,-inf,0.00015730881,0.24537085,1.0,1.0,0.0,True
Oligodendrocyte,Microglia,TNF,FAS,0.12968315,1.0,0.016816797,-0.5352334556951709,-inf,0.00042505452,0.17711471,1.0,1.0,0.15259877,1.0,0.023253895,-0.7159116752962789,-inf,0.00015730881,0.24537085,1.0,1.0,0.0,True
Oligodendrocyte,Microglia,FN1,CD79A,0.12968315,1.0,0.016816797,-0.5352334556951709,-inf,0.00042505452,0.17711471,1.0,1.0,0.15259877,1.0,0.023253895,-0.7159116752962789,-inf,0.00015730881,0.24537085,1.0,1.0,0.0,True
Microglia,Endothelial,CXCL10,CCR3,0.12968315,1.0,0.016816797,-0.5352334556951709,-inf,0.00042505452,0.17711471,1.0,1.0,0.15259877,1.0,0.023253895,-0.7159116752962789,-inf,0.00015730881,0.24537085,1.0,1.0,0.0,True
Oligodendrocyte,Oligodendrocyte,CCL2,CCR2,0.12968315,1.0,0.016816797,-0.5352334556951709,-inf,0.00042505452,0.17711471,1.0,1.0,0.15259877,1.0,0.023253895,-0.7159116752962789,-inf,0.00015730881,0.24537085,1.0,1.0,0.0,True
Oligodendrocyte,Oligodendrocyte,CCL2,CCR5,0.12968315,1.0,0.016816797,-0.5352334556951709,-inf,0.00042505452,0.17711471,1.0,1.0,0.15259877,1.0,0.023253895,-0.7159116752962789,-inf,0.00015730881,0.24537085,1.0,1.0,0.0,True
Oligodendrocyte,Oligodendrocyte,COL3A1,MAG,0.12968315,1.0,0.016816797,-0.5352334556951709,-inf,0.00042505452,0.17711471,1.0,1.0,0.15259877,1.0,0.023253895,-0.7159116752962789,-inf,0.00015730881,0.24537085,1.0,1.0,0.0,True
Oligodendrocyte,Oligodendrocyte,CXCL10,SDC4,0.12968315,1.0,0.016816797,-0.5352334556951709,-inf,0.00042505452,0.17711471,1.0,1.0,0.15259877,1.0,0.023253895,-0.7159116752962789,-inf,0.00015730881,0.24537085,1.0,1.0,0.0,True
Pericyte,Oligodendrocyte,TNF,VSIR,0.12968315,1.0,0.016816797,-0.5352334556951709,-inf,0.00042505452,0.17711471,1.0,1.0,0.15259877,1.0,0.023253895,-0.7159116752962789,-inf,0.00015730881,0.24537085,1.0,1.0,0.0,True
Pericyte,Oligodendrocyte,TNF,FAS,0.12968315,1.0,0.016816797,-0.5352334556951709,-inf,0.00042505452,0.17711471,1.0,1.0,0.15259877,1.0,0.023253895,-0.7159116752962789,-inf,0.00015730881,0.24537085,1.0,1.0,0.0,True
Oligodendrocyte,Oligodendrocyte,CCL2,CCR3,0.12968315,1.0,0.016816797,-0.5352334556951709,-inf,0.00042505452,0.17711471,1.0,1.0,0.15259877,1.0,0.023253895,-0.7159116752962789,-inf,0.00015730881,0.24537085,1.0,1.0,0.0,True
Oligodendrocyte,GABAergic,FN1,CD79A,0.12968315,1.0,0.016816797,-0.5352334556951709,-inf,0.00042505452,0.17711471,1.0,1.0,0.15259877,1.0,0.023253895,-0.7159116752962789,-inf,0.00015730881,0.24537085,1.0,1.0,0.0,True
Oligodendrocyte,GABAergic,IL6,MUSK,0.12968315,1.0,0.016816797,-0.5352334556951709,-inf,0.00042505452,0.17711471,1.0,1.0,0.15259877,1.0,0.023253895,-0.7159116752962789,-inf,0.00015730881,0.24537085,1.0,1.0,0.0,True
Oligodendrocyte,GABAergic,IL6,F3,0.12968315,1.0,0.016816797,-0.5352334556951709,-inf,0.00042505452,0.17711471,1.0,1.0,0.15259877,1.0,0.023253895,-0.7159116752962789,-inf,0.00015730881,0.24537085,1.0,1.0,0.0,True
Oligodendrocyte,Oligodendrocyte,CXCL10,CCR3,0.12968315,1.0,0.016816797,-0.5352334556951709,-inf,0.00042505452,0.17711471,1.0,1.0,0.15259877,1.0,0.023253895,-0.7159116752962789,-inf,0.00015730881,0.24537085,1.0,1.0,0.0,True
Oligodendrocyte,Oligodendrocyte,FN1,CD79A,0.12968315,1.0,0.016816797,-0.5352334556951709,-inf,0.00042505452,0.17711471,1.0,1.0,0.15259877,1.0,0.023253895,-0.7159116752962789,-inf,0.00015730881,0.24537085,1.0,1.0,0.0,True
Oligodendrocyte,Oligodendrocyte,CXCL10,ACKR1,0.12968315,1.0,0.016816797,-0.5352334556951709,-inf,0.00042505452,0.17711471,1.0,1.0,0.15259877,1.0,0.023253895,-0.7159116752962789,-inf,0.00015730881,0.24537085,1.0,1.0,0.0,True
Oligodendrocyte,Oligodendrocyte,IL6,MUSK,0.12968315,1.0,0.016816797,-0.5352334556951709,-inf,0.00042505452,0.17711471,1.0,1.0,0.15259877,1.0,0.023253895,-0.7159116752962789,-inf,0.00015730881,0.24537085,1.0,1.0,0.0,True
Oligodendrocyte,Oligodendrocyte,IL6,F3,0.12968315,1.0,0.016816797,-0.5352334556951709,-inf,0.00042505452,0.17711471,1.0,1.0,0.15259877,1.0,0.023253895,-0.7159116752962789,-inf,0.00015730881,0.24537085,1.0,1.0,0.0,True
Oligodendrocyte,GABAergic,CXCL10,SDC4,0.12968315,1.0,0.016816797,-0.5352334556951709,-inf,0.00042505452,0.17711471,1.0,1.0,0.15259877,1.0,0.023253895,-0.7159116752962789,-inf,0.00015730881,0.24537085,1.0,1.0,0.0,True
Oligodendrocyte,GABAergic,CXCL10,CCR3,0.12968315,1.0,0.016816797,-0.5352334556951709,-inf,0.00042505452,0.17711471,1.0,1.0,0.15259877,1.0,0.023253895,-0.7159116752962789,-inf,0.00015730881,0.24537085,1.0,1.0,0.0,True
Oligodendrocyte,GABAergic,CXCL10,ACKR1,0.12968315,1.0,0.016816797,-0.5352334556951709,-inf,0.00042505452,0.17711471,1.0,1.0,0.15259877,1.0,0.023253895,-0.7159116752962789,-inf,0.00015730881,0.24537085,1.0,1.0,0.0,True
Oligodendrocyte,GABAergic,COL3A1,MAG,0.12968315,1.0,0.016816797,-0.5352334556951709,-inf,0.00042505452,0.17711471,1.0,1.0,0.15259877,1.0,0.023253895,-0.7159116752962789,-inf,0.00015730881,0.24537085,1.0,1.0,0.0,True
Endothelial,Astrocyte,CCL2,CCR2,0.12968315,1.0,0.016816797,-0.5352334556951709,-inf,0.00042505452,0.17711471,1.0,1.0,0.15259877,1.0,0.023253895,-0.7159116752962789,-inf,0.00015730881,0.24537085,1.0,1.0,0.0,True
Pericyte,Astrocyte,IL6,MUSK,0.12968315,1.0,0.016816797,-0.5352334556951709,-inf,0.00042505452,0.17711471,1.0,1.0,0.15259877,1.0,0.023253895,-0.7159116752962789,-inf,0.00015730881,0.24537085,1.0,1.0,0.0,True
Pericyte,Astrocyte,IL6,F3,0.12968315,1.0,0.016816797,-0.5352334556951709,-inf,0.00042505452,0.17711471,1.0,1.0,0.15259877,1.0,0.023253895,-0.7159116752962789,-inf,0.00015730881,0.24537085,1.0,1.0,0.0,True
Oligodendrocyte,Pericyte,CCL2,CCR1,0.12968315,1.0,0.016816797,-0.5352334556951709,-inf,0.00042505452,0.17711471,1.0,1.0,0.15259877,1.0,0.023253895,-0.7159116752962789,-inf,0.00015730881,0.24537085,1.0,1.0,0.0,True
Oligodendrocyte,Pericyte,CCL2,CCR2,0.12968315,1.0,0.016816797,-0.5352334556951709,-inf,0.00042505452,0.17711471,1.0,1.0,0.15259877,1.0,0.023253895,-0.7159116752962789,-inf,0.00015730881,0.24537085,1.0,1.0,0.0,True
Oligodendrocyte,Pericyte,CCL2,CCR3,0.12968315,1.0,0.016816797,-0.5352334556951709,-inf,0.00042505452,0.17711471,1.0,1.0,0.15259877,1.0,0.023253895,-0.7159116752962789,-inf,0.00015730881,0.24537085,1.0,1.0,0.0,True
Oligodendrocyte,Pericyte,CCL2,ACKR1,0.12968315,1.0,0.016816797,-0.5352334556951709,-inf,0.00042505452,0.17711471,1.0,1.0,0.15259877,1.0,0.023253895,-0.7159116752962789,-inf,0.00015730881,0.24537085,1.0,1.0,0.0,True
Oligodendrocyte,Pericyte,CCL2,CCR5,0.12968315,1.0,0.016816797,-0.5352334556951709,-inf,0.00042505452,0.17711471,1.0,1.0,0.15259877,1.0,0.023253895,-0.7159116752962789,-inf,0.00015730881,0.24537085,1.0,1.0,0.0,True
Oligodendrocyte,Microglia,COL3A1,MAG,0.12968315,1.0,0.016816797,-0.5352334556951709,-inf,0.00042505452,0.17711471,1.0,1.0,0.15259877,1.0,0.023253895,-0.7159116752962789,-inf,0.00015730881,0.24537085,1.0,1.0,0.0,True
Oligodendrocyte,Microglia,CXCL10,ACKR1,0.12968315,1.0,0.016816797,-0.5352334556951709,-inf,0.00042505452,0.17711471,1.0,1.0,0.15259877,1.0,0.023253895,-0.7159116752962789,-inf,0.00015730881,0.24537085,1.0,1.0,0.0,True
Oligodendrocyte,Microglia,CXCL10,SDC4,0.12968315,1.0,0.016816797,-0.5352334556951709,-inf,0.00042505452,0.17711471,1.0,1.0,0.15259877,1.0,0.023253895,-0.7159116752962789,-inf,0.00015730881,0.24537085,1.0,1.0,0.0,True
Pericyte,Astrocyte,CCL2,ACKR1,0.12968315,1.0,0.016816797,-0.5352334556951709,-inf,0.00042505452,0.17711471,1.0,1.0,0.15259877,1.0,0.023253895,-0.7159116752962789,-inf,0.00015730881,0.24537085,1.0,1.0,0.0,True
Oligodendrocyte,Microglia,CXCL10,CCR3,0.12968315,1.0,0.016816797,-0.5352334556951709,-inf,0.00042505452,0.17711471,1.0,1.0,0.15259877,1.0,0.023253895,-0.7159116752962789,-inf,0.00015730881,0.24537085,1.0,1.0,0.0,True
Oligodendrocyte,Microglia,CCL2,CCR3,0.12968315,1.0,0.016816797,-0.5352334556951709,-inf,0.00042505452,0.17711471,1.0,1.0,0.15259877,1.0,0.023253895,-0.7159116752962789,-inf,0.00015730881,0.24537085,1.0,1.0,0.0,True
Microglia,Endothelial,TIMP1,CD63,0.12968315,1.0,0.016816797,-0.5352334556951709,-inf,0.00042505452,0.17711471,1.0,1.0,0.15259877,1.0,0.023253895,-0.7159116752962789,-inf,0.00015730881,0.24537085,1.0,1.0,0.0,True
Oligodendrocyte,Endothelial,FN1,MAG,0.12968315,1.0,0.016816797,-0.5352334556951709,-inf,0.00042505452,0.17711471,1.0,1.0,0.15259877,1.0,0.023253895,-0.7159116752962789,-inf,0.00015730881,0.24537085,1.0,1.0,0.0,True
Oligodendrocyte,Endothelial,FN1,CD79A,0.12968315,1.0,0.016816797,-0.5352334556951709,-inf,0.00042505452,0.17711471,1.0,1.0,0.15259877,1.0,0.023253895,-0.7159116752962789,-inf,0.00015730881,0.24537085,1.0,1.0,0.0,True
Oligodendrocyte,Endothelial,COL3A1,MAG,0.12968315,1.0,0.016816797,-0.5352334556951709,-inf,0.00042505452,0.17711471,1.0,1.0,0.15259877,1.0,0.023253895,-0.7159116752962789,-inf,0.00015730881,0.24537085,1.0,1.0,0.0,True
Microglia,GABAergic,CCL2,CCR3,0.12968315,1.0,0.016816797,-0.5352334556951709,-inf,0.00042505452,0.17711471,1.0,1.0,0.15259877,1.0,0.023253895,-0.7159116752962789,-inf,0.00015730881,0.24537085,1.0,1.0,0.0,True
Oligodendrocyte,Endothelial,CXCL10,ACKR1,0.12968315,1.0,0.016816797,-0.5352334556951709,-inf,0.00042505452,0.17711471,1.0,1.0,0.15259877,1.0,0.023253895,-0.7159116752962789,-inf,0.00015730881,0.24537085,1.0,1.0,0.0,True
Microglia,GABAergic,CCL2,ACKR1,0.12968315,1.0,0.016816797,-0.5352334556951709,-inf,0.00042505452,0.17711471,1.0,1.0,0.15259877,1.0,0.023253895,-0.7159116752962789,-inf,0.00015730881,0.24537085,1.0,1.0,0.0,True
Oligodendrocyte,Endothelial,CXCL10,CCR3,0.12968315,1.0,0.016816797,-0.5352334556951709,-inf,0.00042505452,0.17711471,1.0,1.0,0.15259877,1.0,0.023253895,-0.7159116752962789,-inf,0.00015730881,0.24537085,1.0,1.0,0.0,True
Oligodendrocyte,Endothelial,IL6,MUSK,0.12968315,1.0,0.016816797,-0.5352334556951709,-inf,0.00042505452,0.17711471,1.0,1.0,0.15259877,1.0,0.023253895,-0.7159116752962789,-inf,0.00015730881,0.24537085,1.0,1.0,0.0,True
Oligodendrocyte,Endothelial,IL6,F3,0.12968315,1.0,0.016816797,-0.5352334556951709,-inf,0.00042505452,0.17711471,1.0,1.0,0.15259877,1.0,0.023253895,-0.7159116752962789,-inf,0.00015730881,0.24537085,1.0,1.0,0.0,True
Pericyte,Astrocyte,TNF,FAS,0.12968315,1.0,0.016816797,-0.5352334556951709,-inf,0.00042505452,0.17711471,1.0,1.0,0.15259877,1.0,0.023253895,-0.7159116752962789,-inf,0.00015730881,0.24537085,1.0,1.0,0.0,True
Pericyte,Astrocyte,FN1,CD79A,0.12968315,1.0,0.016816797,-0.5352334556951709,-inf,0.00042505452,0.17711471,1.0,1.0,0.15259877,1.0,0.023253895,-0.7159116752962789,-inf,0.00015730881,0.24537085,1.0,1.0,0.0,True
Oligodendrocyte,Microglia,CCL2,CCR2,0.12968315,1.0,0.016816797,-0.5352334556951709,-inf,0.00042505452,0.17711471,1.0,1.0,0.15259877,1.0,0.023253895,-0.7159116752962789,-inf,0.00015730881,0.24537085,1.0,1.0,0.0,True
Astrocyte,Pericyte,CCL2,ACKR1,0.12968315,1.0,0.016816797,-0.5352334556951709,-inf,0.00042505452,0.17711471,1.0,1.0,0.15259877,1.0,0.023253895,-0.7159116752962789,-inf,0.00015730881,0.24537085,1.0,1.0,0.0,True
Astrocyte,Pericyte,CCL2,CCR1,0.12968315,1.0,0.016816797,-0.5352334556951709,-inf,0.00042505452,0.17711471,1.0,1.0,0.15259877,1.0,0.023253895,-0.7159116752962789,-inf,0.00015730881,0.24537085,1.0,1.0,0.0,True
Astrocyte,Pericyte,CCL2,CCR2,0.12968315,1.0,0.016816797,-0.5352334556951709,-inf,0.00042505452,0.17711471,1.0,1.0,0.15259877,1.0,0.023253895,-0.7159116752962789,-inf,0.00015730881,0.24537085,1.0,1.0,0.0,True
Endothelial,Astrocyte,IL6,MUSK,0.12968315,1.0,0.016816797,-0.5352334556951709,-inf,0.00042505452,0.17711471,1.0,1.0,0.15259877,1.0,0.023253895,-0.7159116752962789,-inf,0.00015730881,0.24537085,1.0,1.0,0.0,True
Endothelial,Astrocyte,IL6,F3,0.12968315,1.0,0.016816797,-0.5352334556951709,-inf,0.00042505452,0.17711471,1.0,1.0,0.15259877,1.0,0.023253895,-0.7159116752962789,-inf,0.00015730881,0.24537085,1.0,1.0,0.0,True
Oligodendrocyte,Pericyte,FN1,CD79A,0.12968315,1.0,0.016816797,-0.5352334556951709,-inf,0.00042505452,0.17711471,1.0,1.0,0.15259877,1.0,0.023253895,-0.7159116752962789,-inf,0.00015730881,0.24537085,1.0,1.0,0.0,True
Oligodendrocyte,Pericyte,IL6,MUSK,0.12968315,1.0,0.016816797,-0.5352334556951709,-inf,0.00042505452,0.17711471,1.0,1.0,0.15259877,1.0,0.023253895,-0.7159116752962789,-inf,0.00015730881,0.24537085,1.0,1.0,0.0,True
Oligodendrocyte,Pericyte,IL6,F3,0.12968315,1.0,0.016816797,-0.5352334556951709,-inf,0.00042505452,0.17711471,1.0,1.0,0.15259877,1.0,0.023253895,-0.7159116752962789,-inf,0.00015730881,0.24537085,1.0,1.0,0.0,True
Endothelial,Astrocyte,CCL2,CCR1,0.12968315,1.0,0.016816797,-0.5352334556951709,-inf,0.00042505452,0.17711471,1.0,1.0,0.15259877,1.0,0.023253895,-0.7159116752962789,-inf,0.00015730881,0.24537085,1.0,1.0,0.0,True
Endothelial,Astrocyte,CCL2,ACKR1,0.12968315,1.0,0.016816797,-0.5352334556951709,-inf,0.00042505452,0.17711471,1.0,1.0,0.15259877,1.0,0.023253895,-0.7159116752962789,-inf,0.00015730881,0.24537085,1.0,1.0,0.0,True
Endothelial,Astrocyte,CXCL10,SDC4,0.12968315,1.0,0.016816797,-0.5352334556951709,-inf,0.00042505452,0.17711471,1.0,1.0,0.15259877,1.0,0.023253895,-0.7159116752962789,-inf,0.00015730881,0.24537085,1.0,1.0,0.0,True
Endothelial,Astrocyte,CXCL10,CCR3,0.12968315,1.0,0.016816797,-0.5352334556951709,-inf,0.00042505452,0.17711471,1.0,1.0,0.15259877,1.0,0.023253895,-0.7159116752962789,-inf,0.00015730881,0.24537085,1.0,1.0,0.0,True
Endothelial,Astrocyte,FN1,CD79A,0.12968315,1.0,0.016816797,-0.5352334556951709,-inf,0.00042505452,0.17711471,1.0,1.0,0.15259877,1.0,0.023253895,-0.7159116752962789,-inf,0.00015730881,0.24537085,1.0,1.0,0.0,True
Oligodendrocyte,Pericyte,COL3A1,MAG,0.12968315,1.0,0.016816797,-0.5352334556951709,-inf,0.00042505452,0.17711471,1.0,1.0,0.15259877,1.0,0.023253895,-0.7159116752962789,-inf,0.00015730881,0.24537085,1.0,1.0,0.0,True
Oligodendrocyte,Pericyte,FN1,MAG,0.12968315,1.0,0.016816797,-0.5352334556951709,-inf,0.00042505452,0.17711471,1.0,1.0,0.15259877,1.0,0.023253895,-0.7159116752962789,-inf,0.00015730881,0.24537085,1.0,1.0,0.0,True
Oligodendrocyte,Oligodendrocyte,TNF,FAS,0.12968315,1.0,0.016816797,-0.3284595227089503,-27.315279690105758,0.003108411,0.17711471,0.17098100370096467,1.0,0.15259877,1.0,0.023253895,-0.7159116752962789,-inf,0.00015730881,0.24537085,1.0,1.0,0.0,True
Oligodendrocyte,Oligodendrocyte,TIMP1,CD63,0.12968315,1.0,0.016816797,-0.5352334556951709,-inf,0.00042505452,0.17711471,1.0,1.0,0.15259877,1.0,0.023253895,-0.7159116752962789,-inf,0.00015730881,0.24537085,1.0,1.0,0.0,True
Oligodendrocyte,Microglia,CCL2,ACKR1,0.12968315,1.0,0.016816797,-0.5352334556951709,-inf,0.00042505452,0.17711471,1.0,1.0,0.15259877,1.0,0.023253895,-0.7159116752962789,-inf,0.00015730881,0.24537085,1.0,1.0,0.0,True
Pericyte,Astrocyte,CXCL10,ACKR1,0.12968315,1.0,0.016816797,-0.5352334556951709,-inf,0.00042505452,0.17711471,1.0,1.0,0.15259877,1.0,0.023253895,-0.7159116752962789,-inf,0.00015730881,0.24537085,1.0,1.0,0.0,True
Pericyte,Astrocyte,CXCL10,CCR3,0.12968315,1.0,0.016816797,-0.5352334556951709,-inf,0.00042505452,0.17711471,1.0,1.0,0.15259877,1.0,0.023253895,-0.7159116752962789,-inf,0.00015730881,0.24537085,1.0,1.0,0.0,True
Pericyte,Astrocyte,CCL2,CCR1,0.12968315,1.0,0.016816797,-0.5352334556951709,-inf,0.00042505452,0.17711471,1.0,1.0,0.15259877,1.0,0.023253895,-0.7159116752962789,-inf,0.00015730881,0.24537085,1.0,1.0,0.0,True
Pericyte,Astrocyte,CCL2,CCR2,0.12968315,1.0,0.016816797,-0.5352334556951709,-inf,0.00042505452,0.17711471,1.0,1.0,0.15259877,1.0,0.023253895,-0.7159116752962789,-inf,0.00015730881,0.24537085,1.0,1.0,0.0,True
Oligodendrocyte,Pericyte,TIMP1,CD63,0.12968315,1.0,0.016816797,-0.5352334556951709,-inf,0.00042505452,0.17711471,1.0,1.0,0.15259877,1.0,0.023253895,-0.7159116752962789,-inf,0.00015730881,0.24537085,1.0,1.0,0.0,True
Pericyte,Astrocyte,CXCL10,SDC4,0.12968315,1.0,0.016816797,-0.5352334556951709,-inf,0.00042505452,0.17711471,1.0,1.0,0.15259877,1.0,0.023253895,-0.7159116752962789,-inf,0.00015730881,0.24537085,1.0,1.0,0.0,True
Pericyte,Astrocyte,CCL2,CCR5,0.12968315,1.0,0.016816797,-0.5352334556951709,-inf,0.00042505452,0.17711471,1.0,1.0,0.15259877,1.0,0.023253895,-0.7159116752962789,-inf,0.00015730881,0.24537085,1.0,1.0,0.0,True
Pericyte,Astrocyte,CCL2,CCR3,0.12968315,1.0,0.016816797,-0.5352334556951709,-inf,0.00042505452,0.17711471,1.0,1.0,0.15259877,1.0,0.023253895,-0.7159116752962789,-inf,0.00015730881,0.24537085,1.0,1.0,0.0,True
Astrocyte,Pericyte,CCL2,CCR3,0.12968315,1.0,0.016816797,-0.5352334556951709,-inf,0.00042505452,0.17711471,1.0,1.0,0.15259877,1.0,0.023253895,-0.7159116752962789,-inf,0.00015730881,0.24537085,1.0,1.0,0.0,True
Endothelial,Astrocyte,CCL2,CCR3,0.12968315,1.0,0.016816797,-0.5352334556951709,-inf,0.00042505452,0.17711471,1.0,1.0,0.15259877,1.0,0.023253895,-0.7159116752962789,-inf,0.00015730881,0.24537085,1.0,1.0,0.0,True
Astrocyte,Pericyte,CCL2,CCR5,0.12968315,1.0,0.016816797,-0.5352334556951709,-inf,0.00042505452,0.17711471,1.0,1.0,0.15259877,1.0,0.023253895,-0.7159116752962789,-inf,0.00015730881,0.24537085,1.0,1.0,0.0,True
Endothelial,Astrocyte,TIMP1,CD63,0.12968315,1.0,0.016816797,-0.5352334556951709,-inf,0.00042505452,0.17711471,1.0,1.0,0.15259877,1.0,0.023253895,-0.7159116752962789,-inf,0.00015730881,0.24537085,1.0,1.0,0.0,True
Endothelial,Astrocyte,TNF,FAS,0.12968315,1.0,0.016816797,-0.5352334556951709,-inf,0.00042505452,0.17711471,1.0,1.0,0.15259877,1.0,0.023253895,-0.7159116752962789,-inf,0.00015730881,0.24537085,1.0,1.0,0.0,True
Endothelial,Endothelial,CCL2,CCR5,0.12968315,1.0,0.016816797,-0.5352334556951709,-inf,0.00042505452,0.17711471,1.0,1.0,0.15259877,1.0,0.023253895,-0.7159116752962789,-inf,0.00015730881,0.24537085,1.0,1.0,0.0,True
Endothelial,Endothelial,CCL2,CCR1,0.12968315,1.0,0.016816797,-0.5352334556951709,-inf,0.00042505452,0.17711471,1.0,1.0,0.15259877,1.0,0.023253895,-0.7159116752962789,-inf,0.00015730881,0.24537085,1.0,1.0,0.0,True
Endothelial,Endothelial,CCL2,CCR2,0.12968315,1.0,0.016816797,-0.5352334556951709,-inf,0.00042505452,0.17711471,1.0,1.0,0.15259877,1.0,0.023253895,-0.7159116752962789,-inf,0.00015730881,0.24537085,1.0,1.0,0.0,True
Endothelial,Astrocyte,CCL2,CCR5,0.12968315,1.0,0.016816797,-0.5352334556951709,-inf,0.00042505452,0.17711471,1.0,1.0,0.15259877,1.0,0.023253895,-0.7159116752962789,-inf,0.00015730881,0.24537085,1.0,1.0,0.0,True
Endothelial,Astrocyte,TNF,VSIR,0.12968315,1.0,0.016816797,-0.5352334556951709,-inf,0.00042505452,0.17711471,1.0,1.0,0.15259877,1.0,0.023253895,-0.7159116752962789,-inf,0.00015730881,0.24537085,1.0,1.0,0.0,True
Endothelial,Endothelial,CCL2,CCR3,0.12968315,1.0,0.016816797,-0.5352334556951709,-inf,0.00042505452,0.17711471,1.0,1.0,0.15259877,1.0,0.023253895,-0.7159116752962789,-inf,0.00015730881,0.24537085,1.0,1.0,0.0,True
Endothelial,Microglia,CCL2,CCR3,0.12968315,1.0,0.016816797,-0.5352334556951709,-inf,0.00042505452,0.17711471,1.0,1.0,0.15259877,1.0,0.023253895,-0.7159116752962789,-inf,0.00015730881,0.24537085,1.0,1.0,0.0,True
Endothelial,Microglia,CXCL10,ACKR1,0.12968315,1.0,0.016816797,-0.5352334556951709,-inf,0.00042505452,0.17711471,1.0,1.0,0.15259877,1.0,0.023253895,-0.7159116752962789,-inf,0.00015730881,0.24537085,1.0,1.0,0.0,True
Endothelial,Microglia,CXCL10,CCR3,0.12968315,1.0,0.016816797,-0.5352334556951709,-inf,0.00042505452,0.17711471,1.0,1.0,0.15259877,1.0,0.023253895,-0.7159116752962789,-inf,0.00015730881,0.24537085,1.0,1.0,0.0,True
Endothelial,Microglia,IL6,MUSK,0.12968315,1.0,0.016816797,-0.5352334556951709,-inf,0.00042505452,0.17711471,1.0,1.0,0.15259877,1.0,0.023253895,-0.7159116752962789,-inf,0.00015730881,0.24537085,1.0,1.0,0.0,True
Astrocyte,Pericyte,COL3A1,MAG,0.12968315,1.0,0.016816797,-0.5352334556951709,-inf,0.00042505452,0.17711471,1.0,1.0,0.15259877,1.0,0.023253895,-0.7159116752962789,-inf,0.00015730881,0.24537085,1.0,1.0,0.0,True
Endothelial,Microglia,CXCL10,SDC4,0.12968315,1.0,0.016816797,-0.5352334556951709,-inf,0.00042505452,0.17711471,1.0,1.0,0.15259877,1.0,0.023253895,-0.7159116752962789,-inf,0.00015730881,0.24537085,1.0,1.0,0.0,True
Endothelial,Endothelial,IL6,F3,0.12968315,1.0,0.016816797,-0.5352334556951709,-inf,0.00042505452,0.17711471,1.0,1.0,0.15259877,1.0,0.023253895,-0.7159116752962789,-inf,0.00015730881,0.24537085,1.0,1.0,0.0,True
Endothelial,Endothelial,IL6,MUSK,0.12968315,1.0,0.016816797,-0.5352334556951709,-inf,0.00042505452,0.17711471,1.0,1.0,0.15259877,1.0,0.023253895,-0.7159116752962789,-inf,0.00015730881,0.24537085,1.0,1.0,0.0,True
Endothelial,Microglia,CCL2,ACKR1,0.12968315,1.0,0.016816797,-0.5352334556951709,-inf,0.00042505452,0.17711471,1.0,1.0,0.15259877,1.0,0.023253895,-0.7159116752962789,-inf,0.00015730881,0.24537085,1.0,1.0,0.0,True
Endothelial,Microglia,CCL2,CCR2,0.12968315,1.0,0.016816797,-0.5352334556951709,-inf,0.00042505452,0.17711471,1.0,1.0,0.15259877,1.0,0.023253895,-0.7159116752962789,-inf,0.00015730881,0.24537085,1.0,1.0,0.0,True
Endothelial,Microglia,IL6,F3,0.12968315,1.0,0.016816797,-0.5352334556951709,-inf,0.00042505452,0.17711471,1.0,1.0,0.15259877,1.0,0.023253895,-0.7159116752962789,-inf,0.00015730881,0.24537085,1.0,1.0,0.0,True
Endothelial,Microglia,FN1,CD79A,0.12968315,1.0,0.016816797,-0.5352334556951709,-inf,0.00042505452,0.17711471,1.0,1.0,0.15259877,1.0,0.023253895,-0.7159116752962789,-inf,0.00015730881,0.24537085,1.0,1.0,0.0,True
Endothelial,GABAergic,TIMP1,CD63,0.12968315,1.0,0.016816797,-0.5352334556951709,-inf,0.00042505452,0.17711471,1.0,1.0,0.15259877,1.0,0.023253895,-0.7159116752962789,-inf,0.00015730881,0.24537085,1.0,1.0,0.0,True
Endothelial,GABAergic,IL6,MUSK,0.12968315,1.0,0.016816797,-0.5352334556951709,-inf,0.00042505452,0.17711471,1.0,1.0,0.15259877,1.0,0.023253895,-0.7159116752962789,-inf,0.00015730881,0.24537085,1.0,1.0,0.0,True
Endothelial,GABAergic,IL6,F3,0.12968315,1.0,0.016816797,-0.5352334556951709,-inf,0.00042505452,0.17711471,1.0,1.0,0.15259877,1.0,0.023253895,-0.7159116752962789,-inf,0.00015730881,0.24537085,1.0,1.0,0.0,True
Astrocyte,GABAergic,FN1,CD79A,0.12968315,1.0,0.016816797,-0.5352334556951709,-inf,0.00042505452,0.17711471,1.0,1.0,0.15259877,1.0,0.023253895,-0.7159116752962789,-inf,0.00015730881,0.24537085,1.0,1.0,0.0,True
Astrocyte,GABAergic,CXCL10,SDC4,0.12968315,1.0,0.016816797,-0.5352334556951709,-inf,0.00042505452,0.17711471,1.0,1.0,0.15259877,1.0,0.023253895,-0.7159116752962789,-inf,0.00015730881,0.24537085,1.0,1.0,0.0,True
Astrocyte,GABAergic,CXCL10,CCR3,0.12968315,1.0,0.016816797,-0.5352334556951709,-inf,0.00042505452,0.17711471,1.0,1.0,0.15259877,1.0,0.023253895,-0.7159116752962789,-inf,0.00015730881,0.24537085,1.0,1.0,0.0,True
Astrocyte,GABAergic,CXCL10,ACKR1,0.12968315,1.0,0.016816797,-0.5352334556951709,-inf,0.00042505452,0.17711471,1.0,1.0,0.15259877,1.0,0.023253895,-0.7159116752962789,-inf,0.00015730881,0.24537085,1.0,1.0,0.0,True
Astrocyte,GABAergic,IL6,F3,0.12968315,1.0,0.016816797,-0.5352334556951709,-inf,0.00042505452,0.17711471,1.0,1.0,0.15259877,1.0,0.023253895,-0.7159116752962789,-inf,0.00015730881,0.24537085,1.0,1.0,0.0,True
Astrocyte,GABAergic,IL6,MUSK,0.12968315,1.0,0.016816797,-0.5352334556951709,-inf,0.00042505452,0.17711471,1.0,1.0,0.15259877,1.0,0.023253895,-0.7159116752962789,-inf,0.00015730881,0.24537085,1.0,1.0,0.0,True
Endothelial,GABAergic,FN1,CD79A,0.12968315,1.0,0.016816797,-0.5352334556951709,-inf,0.00042505452,0.17711471,1.0,1.0,0.15259877,1.0,0.023253895,-0.7159116752962789,-inf,0.00015730881,0.24537085,1.0,1.0,0.0,True
Endothelial,Microglia,COL3A1,MAG,0.12968315,1.0,0.016816797,-0.5352334556951709,-inf,0.00042505452,0.17711471,1.0,1.0,0.15259877,1.0,0.023253895,-0.7159116752962789,-inf,0.00015730881,0.24537085,1.0,1.0,0.0,True
Astrocyte,Pericyte,FN1,CD79A,0.12968315,1.0,0.016816797,-0.5352334556951709,-inf,0.00042505452,0.17711471,1.0,1.0,0.15259877,1.0,0.023253895,-0.7159116752962789,-inf,0.00015730881,0.24537085,1.0,1.0,0.0,True
Astrocyte,Pericyte,FN1,MAG,0.12968315,1.0,0.016816797,-0.5352334556951709,-inf,0.00042505452,0.17711471,1.0,1.0,0.15259877,1.0,0.023253895,-0.7159116752962789,-inf,0.00015730881,0.24537085,1.0,1.0,0.0,True
Astrocyte,GABAergic,CCL2,ACKR1,0.12968315,1.0,0.016816797,-0.5352334556951709,-inf,0.00042505452,0.17711471,1.0,1.0,0.15259877,1.0,0.023253895,-0.7159116752962789,-inf,0.00015730881,0.24537085,1.0,1.0,0.0,True
Astrocyte,GABAergic,CCL2,CCR3,0.12968315,1.0,0.016816797,-0.5352334556951709,-inf,0.00042505452,0.17711471,1.0,1.0,0.15259877,1.0,0.023253895,-0.7159116752962789,-inf,0.00015730881,0.24537085,1.0,1.0,0.0,True
Endothelial,Endothelial,CXCL10,CCR3,0.12968315,1.0,0.016816797,-0.5352334556951709,-inf,0.00042505452,0.17711471,1.0,1.0,0.15259877,1.0,0.023253895,-0.7159116752962789,-inf,0.00015730881,0.24537085,1.0,1.0,0.0,True
Endothelial,Endothelial,FN1,CD79A,0.12968315,1.0,0.016816797,-0.5352334556951709,-inf,0.00042505452,0.17711471,1.0,1.0,0.15259877,1.0,0.023253895,-0.7159116752962789,-inf,0.00015730881,0.24537085,1.0,1.0,0.0,True
Endothelial,Endothelial,CXCL10,ACKR1,0.12968315,1.0,0.016816797,-0.5352334556951709,-inf,0.00042505452,0.17711471,1.0,1.0,0.15259877,1.0,0.023253895,-0.7159116752962789,-inf,0.00015730881,0.24537085,1.0,1.0,0.0,True
Endothelial,Endothelial,COL3A1,MAG,0.12968315,1.0,0.016816797,-0.5352334556951709,-inf,0.00042505452,0.17711471,1.0,1.0,0.15259877,1.0,0.023253895,-0.7159116752962789,-inf,0.00015730881,0.24537085,1.0,1.0,0.0,True
Endothelial,Endothelial,CXCL10,SDC4,0.12968315,1.0,0.016816797,-0.5352334556951709,-inf,0.00042505452,0.17711471,1.0,1.0,0.15259877,1.0,0.023253895,-0.7159116752962789,-inf,0.00015730881,0.24537085,1.0,1.0,0.0,True
Astrocyte,Pericyte,IL6,F3,0.12968315,1.0,0.016816797,-0.5352334556951709,-inf,0.00042505452,0.17711471,1.0,1.0,0.15259877,1.0,0.023253895,-0.7159116752962789,-inf,0.00015730881,0.24537085,1.0,1.0,0.0,True
Astrocyte,Pericyte,IL6,MUSK,0.12968315,1.0,0.016816797,-0.5352334556951709,-inf,0.00042505452,0.17711471,1.0,1.0,0.15259877,1.0,0.023253895,-0.7159116752962789,-inf,0.00015730881,0.24537085,1.0,1.0,0.0,True
Astrocyte,Pericyte,CXCL10,ACKR1,0.12968315,1.0,0.016816797,-0.5352334556951709,-inf,0.00042505452,0.17711471,1.0,1.0,0.15259877,1.0,0.023253895,-0.7159116752962789,-inf,0.00015730881,0.24537085,1.0,1.0,0.0,True
Astrocyte,Pericyte,CXCL10,CCR3,0.12968315,1.0,0.016816797,-0.5352334556951709,-inf,0.00042505452,0.17711471,1.0,1.0,0.15259877,1.0,0.023253895,-0.7159116752962789,-inf,0.00015730881,0.24537085,1.0,1.0,0.0,True
Astrocyte,Pericyte,CXCL10,SDC4,0.12968315,1.0,0.016816797,-0.5352334556951709,-inf,0.00042505452,0.17711471,1.0,1.0,0.15259877,1.0,0.023253895,-0.7159116752962789,-inf,0.00015730881,0.24537085,1.0,1.0,0.0,True
Endothelial,Endothelial,FN1,MAG,0.12968315,1.0,0.016816797,-0.5352334556951709,-inf,0.00042505452,0.17711471,1.0,1.0,0.15259877,1.0,0.023253895,-0.7159116752962789,-inf,0.00015730881,0.24537085,1.0,1.0,0.0,True
Endothelial,GABAergic,TNF,VSIR,0.12968315,1.0,0.016816797,-0.5352334556951709,-inf,0.00042505452,0.17711471,1.0,1.0,0.15259877,1.0,0.023253895,-0.7159116752962789,-inf,0.00015730881,0.24537085,1.0,1.0,0.0,True
Endothelial,GABAergic,TNF,FAS,0.12968315,1.0,0.016816797,-0.5352334556951709,-inf,0.00042505452,0.17711471,1.0,1.0,0.15259877,1.0,0.023253895,-0.7159116752962789,-inf,0.00015730881,0.24537085,1.0,1.0,0.0,True
Astrocyte,Endothelial,IL6,MUSK,0.12968315,1.0,0.016816797,-0.5352334556951709,-inf,0.00042505452,0.17711471,1.0,1.0,0.15259877,1.0,0.023253895,-0.7159116752962789,-inf,0.00015730881,0.24537085,1.0,1.0,0.0,True
Astrocyte,Endothelial,FN1,MAG,0.12968315,1.0,0.016816797,-0.5352334556951709,-inf,0.00042505452,0.17711471,1.0,1.0,0.15259877,1.0,0.023253895,-0.7159116752962789,-inf,0.00015730881,0.24537085,1.0,1.0,0.0,True
Astrocyte,Endothelial,FN1,CD79A,0.12968315,1.0,0.016816797,-0.5352334556951709,-inf,0.00042505452,0.17711471,1.0,1.0,0.15259877,1.0,0.023253895,-0.7159116752962789,-inf,0.00015730881,0.24537085,1.0,1.0,0.0,True
Astrocyte,Endothelial,CXCL10,SDC4,0.12968315,1.0,0.016816797,-0.5352334556951709,-inf,0.00042505452,0.17711471,1.0,1.0,0.15259877,1.0,0.023253895,-0.7159116752962789,-inf,0.00015730881,0.24537085,1.0,1.0,0.0,True
Astrocyte,Endothelial,CXCL10,CCR3,0.12968315,1.0,0.016816797,-0.5352334556951709,-inf,0.00042505452,0.17711471,1.0,1.0,0.15259877,1.0,0.023253895,-0.7159116752962789,-inf,0.00015730881,0.24537085,1.0,1.0,0.0,True
Astrocyte,Endothelial,IL6,F3,0.12968315,1.0,0.016816797,-0.5352334556951709,-inf,0.00042505452,0.17711471,1.0,1.0,0.15259877,1.0,0.023253895,-0.7159116752962789,-inf,0.00015730881,0.24537085,1.0,1.0,0.0,True
Astrocyte,Endothelial,COL3A1,MAG,0.12968315,1.0,0.016816797,-0.5352334556951709,-inf,0.00042505452,0.17711471,1.0,1.0,0.15259877,1.0,0.023253895,-0.7159116752962789,-inf,0.00015730881,0.24537085,1.0,1.0,0.0,True
Astrocyte,Endothelial,CXCL10,ACKR1,0.12968315,1.0,0.016816797,-0.5352334556951709,-inf,0.00042505452,0.17711471,1.0,1.0,0.15259877,1.0,0.023253895,-0.7159116752962789,-inf,0.00015730881,0.24537085,1.0,1.0,0.0,True
Astrocyte,Microglia,COL3A1,MAG,0.12968315,1.0,0.016816797,-0.5352334556951709,-inf,0.00042505452,0.17711471,1.0,1.0,0.15259877,1.0,0.023253895,-0.7159116752962789,-inf,0.00015730881,0.24537085,1.0,1.0,0.0,True
Astrocyte,Endothelial,CCL2,CCR1,0.12968315,1.0,0.016816797,-0.5352334556951709,-inf,0.00042505452,0.17711471,1.0,1.0,0.15259877,1.0,0.023253895,-0.7159116752962789,-inf,0.00015730881,0.24537085,1.0,1.0,0.0,True
Astrocyte,Endothelial,CCL2,CCR3,0.12968315,1.0,0.016816797,-0.5352334556951709,-inf,0.00042505452,0.17711471,1.0,1.0,0.15259877,1.0,0.023253895,-0.7159116752962789,-inf,0.00015730881,0.24537085,1.0,1.0,0.0,True
Astrocyte,Endothelial,CCL2,CCR5,0.12968315,1.0,0.016816797,-0.5352334556951709,-inf,0.00042505452,0.17711471,1.0,1.0,0.15259877,1.0,0.023253895,-0.7159116752962789,-inf,0.00015730881,0.24537085,1.0,1.0,0.0,True
Astrocyte,Astrocyte,CCL2,CCR1,0.12968315,1.0,0.016816797,-0.5352334556951709,-inf,0.00042505452,0.17711471,1.0,1.0,0.15259877,1.0,0.023253895,-0.7159116752962789,-inf,0.00015730881,0.24537085,1.0,1.0,0.0,True
Astrocyte,Astrocyte,CXCL10,ACKR1,0.12968315,1.0,0.016816797,-0.5352334556951709,-inf,0.00042505452,0.17711471,1.0,1.0,0.15259877,1.0,0.023253895,-0.7159116752962789,-inf,0.00015730881,0.24537085,1.0,1.0,0.0,True
Astrocyte,Astrocyte,COL3A1,MAG,0.12968315,1.0,0.016816797,-0.5352334556951709,-inf,0.00042505452,0.17711471,1.0,1.0,0.15259877,1.0,0.023253895,-0.7159116752962789,-inf,0.00015730881,0.24537085,1.0,1.0,0.0,True
Astrocyte,Astrocyte,CXCL10,CCR3,0.12968315,1.0,0.016816797,-0.5352334556951709,-inf,0.00042505452,0.17711471,1.0,1.0,0.15259877,1.0,0.023253895,-0.7159116752962789,-inf,0.00015730881,0.24537085,1.0,1.0,0.0,True
Astrocyte,Astrocyte,CXCL10,SDC4,0.12968315,1.0,0.016816797,-0.5352334556951709,-inf,0.00042505452,0.17711471,1.0,1.0,0.15259877,1.0,0.023253895,-0.7159116752962789,-inf,0.00015730881,0.24537085,1.0,1.0,0.0,True
Astrocyte,Astrocyte,FN1,CD79A,0.12968315,1.0,0.016816797,-0.5352334556951709,-inf,0.00042505452,0.17711471,1.0,1.0,0.15259877,1.0,0.023253895,-0.7159116752962789,-inf,0.00015730881,0.24537085,1.0,1.0,0.0,True
Astrocyte,Astrocyte,CCL2,ACKR1,0.12968315,1.0,0.016816797,-0.5352334556951709,-inf,0.00042505452,0.17711471,1.0,1.0,0.15259877,1.0,0.023253895,-0.7159116752962789,-inf,0.00015730881,0.24537085,1.0,1.0,0.0,True
Astrocyte,Astrocyte,CCL2,CCR2,0.12968315,1.0,0.016816797,-0.5352334556951709,-inf,0.00042505452,0.17711471,1.0,1.0,0.15259877,1.0,0.023253895,-0.7159116752962789,-inf,0.00015730881,0.24537085,1.0,1.0,0.0,True
Astrocyte,Astrocyte,CCL2,CCR5,0.12968315,1.0,0.016816797,-0.5352334556951709,-inf,0.00042505452,0.17711471,1.0,1.0,0.15259877,1.0,0.023253895,-0.7159116752962789,-inf,0.00015730881,0.24537085,1.0,1.0,0.0,True
Astrocyte,Oligodendrocyte,CCL2,CCR5,0.12968315,1.0,0.016816797,-0.5352334556951709,-inf,0.00042505452,0.17711471,1.0,1.0,0.15259877,1.0,0.023253895,-0.7159116752962789,-inf,0.00015730881,0.24537085,1.0,1.0,0.0,True
Astrocyte,Endothelial,CCL2,CCR2,0.12968315,1.0,0.016816797,-0.5352334556951709,-inf,0.00042505452,0.17711471,1.0,1.0,0.15259877,1.0,0.023253895,-0.7159116752962789,-inf,0.00015730881,0.24537085,1.0,1.0,0.0,True
Astrocyte,Astrocyte,IL6,MUSK,0.12968315,1.0,0.016816797,-0.5352334556951709,-inf,0.00042505452,0.17711471,1.0,1.0,0.15259877,1.0,0.023253895,-0.7159116752962789,-inf,0.00015730881,0.24537085,1.0,1.0,0.0,True
Astrocyte,Astrocyte,IL6,F3,0.12968315,1.0,0.016816797,-0.5352334556951709,-inf,0.00042505452,0.17711471,1.0,1.0,0.15259877,1.0,0.023253895,-0.7159116752962789,-inf,0.00015730881,0.24537085,1.0,1.0,0.0,True
Astrocyte,Oligodendrocyte,CCL2,CCR1,0.12968315,1.0,0.016816797,-0.5352334556951709,-inf,0.00042505452,0.17711471,1.0,1.0,0.15259877,1.0,0.023253895,-0.7159116752962789,-inf,0.00015730881,0.24537085,1.0,1.0,0.0,True
Astrocyte,Oligodendrocyte,CCL2,ACKR1,0.12968315,1.0,0.016816797,-0.5352334556951709,-inf,0.00042505452,0.17711471,1.0,1.0,0.15259877,1.0,0.023253895,-0.7159116752962789,-inf,0.00015730881,0.24537085,1.0,1.0,0.0,True
Astrocyte,Oligodendrocyte,CCL2,CCR2,0.12968315,1.0,0.016816797,-0.5352334556951709,-inf,0.00042505452,0.17711471,1.0,1.0,0.15259877,1.0,0.023253895,-0.7159116752962789,-inf,0.00015730881,0.24537085,1.0,1.0,0.0,True
Astrocyte,Microglia,TNF,FAS,0.12968315,1.0,0.016816797,-0.5352334556951709,-inf,0.00042505452,0.17711471,1.0,1.0,0.15259877,1.0,0.023253895,-0.7159116752962789,-inf,0.00015730881,0.24537085,1.0,1.0,0.0,True
Astrocyte,Oligodendrocyte,CCL2,CCR3,0.12968315,1.0,0.016816797,-0.5352334556951709,-inf,0.00042505452,0.17711471,1.0,1.0,0.15259877,1.0,0.023253895,-0.7159116752962789,-inf,0.00015730881,0.24537085,1.0,1.0,0.0,True
Astrocyte,GABAergic,COL3A1,MAG,0.12968315,1.0,0.016816797,-0.5352334556951709,-inf,0.00042505452,0.17711471,1.0,1.0,0.15259877,1.0,0.023253895,-0.7159116752962789,-inf,0.00015730881,0.24537085,1.0,1.0,0.0,True
Astrocyte,Microglia,IL6,MUSK,0.12968315,1.0,0.016816797,-0.5352334556951709,-inf,0.00042505452,0.17711471,1.0,1.0,0.15259877,1.0,0.023253895,-0.7159116752962789,-inf,0.00015730881,0.24537085,1.0,1.0,0.0,True
Astrocyte,Oligodendrocyte,IL6,MUSK,0.12968315,1.0,0.016816797,-0.5352334556951709,-inf,0.00042505452,0.17711471,1.0,1.0,0.15259877,1.0,0.023253895,-0.7159116752962789,-inf,0.00015730881,0.24537085,1.0,1.0,0.0,True
Astrocyte,Oligodendrocyte,FN1,CD79A,0.12968315,1.0,0.016816797,-0.5352334556951709,-inf,0.00042505452,0.17711471,1.0,1.0,0.15259877,1.0,0.023253895,-0.7159116752962789,-inf,0.00015730881,0.24537085,1.0,1.0,0.0,True
Astrocyte,Oligodendrocyte,IL6,F3,0.12968315,1.0,0.016816797,-0.5352334556951709,-inf,0.00042505452,0.17711471,1.0,1.0,0.15259877,1.0,0.023253895,-0.7159116752962789,-inf,0.00015730881,0.24537085,1.0,1.0,0.0,True
Astrocyte,Astrocyte,CCL2,CCR3,0.12968315,1.0,0.016816797,-0.5352334556951709,-inf,0.00042505452,0.17711471,1.0,1.0,0.15259877,1.0,0.023253895,-0.7159116752962789,-inf,0.00015730881,0.24537085,1.0,1.0,0.0,True
GABAergic,Oligodendrocyte,COL3A1,MAG,0.12968315,1.0,0.016816797,-0.5352334556951709,-inf,0.00042505452,0.17711471,1.0,1.0,0.15259877,1.0,0.023253895,-0.7159116752962789,-inf,0.00015730881,0.24537085,1.0,1.0,0.0,True
GABAergic,Oligodendrocyte,CCL2,CCR3,0.12968315,1.0,0.016816797,-0.5352334556951709,-inf,0.00042505452,0.17711471,1.0,1.0,0.15259877,1.0,0.023253895,-0.7159116752962789,-inf,0.00015730881,0.24537085,1.0,1.0,0.0,True
GABAergic,Microglia,TIMP1,CD63,0.12968315,1.0,0.016816797,-0.5352334556951709,-inf,0.00042505452,0.17711471,1.0,1.0,0.15259877,1.0,0.023253895,-0.7159116752962789,-inf,0.00015730881,0.24537085,1.0,1.0,0.0,True
GABAergic,Microglia,TNF,FAS,0.12968315,1.0,0.016816797,-0.5352334556951709,-inf,0.00042505452,0.17711471,1.0,1.0,0.15259877,1.0,0.023253895,-0.7159116752962789,-inf,0.00015730881,0.24537085,1.0,1.0,0.0,True
Astrocyte,Microglia,CXCL10,CCR3,0.12968315,1.0,0.016816797,-0.5352334556951709,-inf,0.00042505452,0.17711471,1.0,1.0,0.15259877,1.0,0.023253895,-0.7159116752962789,-inf,0.00015730881,0.24537085,1.0,1.0,0.0,True
Astrocyte,Microglia,CXCL10,SDC4,0.12968315,1.0,0.016816797,-0.5352334556951709,-inf,0.00042505452,0.17711471,1.0,1.0,0.15259877,1.0,0.023253895,-0.7159116752962789,-inf,0.00015730881,0.24537085,1.0,1.0,0.0,True
Astrocyte,Microglia,FN1,CD79A,0.12968315,1.0,0.016816797,-0.5352334556951709,-inf,0.00042505452,0.17711471,1.0,1.0,0.15259877,1.0,0.023253895,-0.7159116752962789,-inf,0.00015730881,0.24537085,1.0,1.0,0.0,True
Astrocyte,Microglia,CXCL10,ACKR1,0.12968315,1.0,0.016816797,-0.5352334556951709,-inf,0.00042505452,0.17711471,1.0,1.0,0.15259877,1.0,0.023253895,-0.7159116752962789,-inf,0.00015730881,0.24537085,1.0,1.0,0.0,True
Astrocyte,Oligodendrocyte,COL3A1,MAG,0.12968315,1.0,0.016816797,-0.5352334556951709,-inf,0.00042505452,0.17711471,1.0,1.0,0.15259877,1.0,0.023253895,-0.7159116752962789,-inf,0.00015730881,0.24537085,1.0,1.0,0.0,True
Astrocyte,Oligodendrocyte,CXCL10,ACKR1,0.12968315,1.0,0.016816797,-0.5352334556951709,-inf,0.00042505452,0.17711471,1.0,1.0,0.15259877,1.0,0.023253895,-0.7159116752962789,-inf,0.00015730881,0.24537085,1.0,1.0,0.0,True
Astrocyte,Oligodendrocyte,CXCL10,CCR3,0.12968315,1.0,0.016816797,-0.5352334556951709,-inf,0.00042505452,0.17711471,1.0,1.0,0.15259877,1.0,0.023253895,-0.7159116752962789,-inf,0.00015730881,0.24537085,1.0,1.0,0.0,True
Astrocyte,Oligodendrocyte,CXCL10,SDC4,0.12968315,1.0,0.016816797,-0.5352334556951709,-inf,0.00042505452,0.17711471,1.0,1.0,0.15259877,1.0,0.023253895,-0.7159116752962789,-inf,0.00015730881,0.24537085,1.0,1.0,0.0,True
Astrocyte,Microglia,IL6,F3,0.12968315,1.0,0.016816797,-0.5352334556951709,-inf,0.00042505452,0.17711471,1.0,1.0,0.15259877,1.0,0.023253895,-0.7159116752962789,-inf,0.00015730881,0.24537085,1.0,1.0,0.0,True
Astrocyte,Microglia,CCL2,ACKR1,0.12968315,1.0,0.016816797,-0.5352334556951709,-inf,0.00042505452,0.17711471,1.0,1.0,0.15259877,1.0,0.023253895,-0.7159116752962789,-inf,0.00015730881,0.24537085,1.0,1.0,0.0,True
GABAergic,Oligodendrocyte,CCL2,ACKR1,0.12968315,1.0,0.016816797,-0.5352334556951709,-inf,0.00042505452,0.17711471,1.0,1.0,0.15259877,1.0,0.023253895,-0.7159116752962789,-inf,0.00015730881,0.24537085,1.0,1.0,0.0,True
GABAergic,Oligodendrocyte,CCL2,CCR1,0.12968315,1.0,0.016816797,-0.5352334556951709,-inf,0.00042505452,0.17711471,1.0,1.0,0.15259877,1.0,0.023253895,-0.7159116752962789,-inf,0.00015730881,0.24537085,1.0,1.0,0.0,True
GABAergic,Oligodendrocyte,CXCL10,SDC4,0.12968315,1.0,0.016816797,-0.5352334556951709,-inf,0.00042505452,0.17711471,1.0,1.0,0.15259877,1.0,0.023253895,-0.7159116752962789,-inf,0.00015730881,0.24537085,1.0,1.0,0.0,True
GABAergic,Oligodendrocyte,CCL2,CCR2,0.12968315,1.0,0.016816797,-0.5352334556951709,-inf,0.00042505452,0.17711471,1.0,1.0,0.15259877,1.0,0.023253895,-0.7159116752962789,-inf,0.00015730881,0.24537085,1.0,1.0,0.0,True
GABAergic,Oligodendrocyte,CCL2,CCR5,0.12968315,1.0,0.016816797,-0.5352334556951709,-inf,0.00042505452,0.17711471,1.0,1.0,0.15259877,1.0,0.023253895,-0.7159116752962789,-inf,0.00015730881,0.24537085,1.0,1.0,0.0,True
GABAergic,Oligodendrocyte,CXCL10,CCR3,0.12968315,1.0,0.016816797,-0.5352334556951709,-inf,0.00042505452,0.17711471,1.0,1.0,0.15259877,1.0,0.023253895,-0.7159116752962789,-inf,0.00015730881,0.24537085,1.0,1.0,0.0,True
Astrocyte,Microglia,CCL2,CCR2,0.12968315,1.0,0.016816797,-0.5352334556951709,-inf,0.00042505452,0.17711471,1.0,1.0,0.15259877,1.0,0.023253895,-0.7159116752962789,-inf,0.00015730881,0.24537085,1.0,1.0,0.0,True
Astrocyte,Microglia,CCL2,CCR3,0.12968315,1.0,0.016816797,-0.5352334556951709,-inf,0.00042505452,0.17711471,1.0,1.0,0.15259877,1.0,0.023253895,-0.7159116752962789,-inf,0.00015730881,0.24537085,1.0,1.0,0.0,True
GABAergic,Oligodendrocyte,CXCL10,ACKR1,0.12968315,1.0,0.016816797,-0.5352334556951709,-inf,0.00042505452,0.17711471,1.0,1.0,0.15259877,1.0,0.023253895,-0.7159116752962789,-inf,0.00015730881,0.24537085,1.0,1.0,0.0,True
GABAergic,Microglia,COL3A1,MAG,0.12968315,1.0,0.016816797,-0.5352334556951709,-inf,0.00042505452,0.17711471,1.0,1.0,0.15259877,1.0,0.023253895,-0.7159116752962789,-inf,0.00015730881,0.24537085,1.0,1.0,0.0,True
GABAergic,Microglia,FN1,CD79A,0.12968315,1.0,0.016816797,-0.5352334556951709,-inf,0.00042505452,0.17711471,1.0,1.0,0.15259877,1.0,0.023253895,-0.7159116752962789,-inf,0.00015730881,0.24537085,1.0,1.0,0.0,True
GABAergic,Microglia,IL6,F3,0.12968315,1.0,0.016816797,-0.5352334556951709,-inf,0.00042505452,0.17711471,1.0,1.0,0.15259877,1.0,0.023253895,-0.7159116752962789,-inf,0.00015730881,0.24537085,1.0,1.0,0.0,True
GABAergic,Microglia,IL6,MUSK,0.12968315,1.0,0.016816797,-0.5352334556951709,-inf,0.00042505452,0.17711471,1.0,1.0,0.15259877,1.0,0.023253895,-0.7159116752962789,-inf,0.00015730881,0.24537085,1.0,1.0,0.0,True
GABAergic,Microglia,CXCL10,ACKR1,0.12968315,1.0,0.016816797,-0.5352334556951709,-inf,0.00042505452,0.17711471,1.0,1.0,0.15259877,1.0,0.023253895,-0.7159116752962789,-inf,0.00015730881,0.24537085,1.0,1.0,0.0,True
GABAergic,Microglia,CXCL10,CCR3,0.12968315,1.0,0.016816797,-0.5352334556951709,-inf,0.00042505452,0.17711471,1.0,1.0,0.15259877,1.0,0.023253895,-0.7159116752962789,-inf,0.00015730881,0.24537085,1.0,1.0,0.0,True
GABAergic,Microglia,CXCL10,SDC4,0.12968315,1.0,0.016816797,-0.5352334556951709,-inf,0.00042505452,0.17711471,1.0,1.0,0.15259877,1.0,0.023253895,-0.7159116752962789,-inf,0.00015730881,0.24537085,1.0,1.0,0.0,True
Microglia,Astrocyte,IL6,F3,0.12968315,1.0,0.016816797,-0.5352334556951709,-inf,0.00042505452,0.17711471,1.0,1.0,0.15259877,1.0,0.023253895,-0.7159116752962789,-inf,0.00015730881,0.24537085,1.0,1.0,0.0,True
Microglia,Astrocyte,CXCL10,CCR3,0.12968315,1.0,0.016816797,-0.5352334556951709,-inf,0.00042505452,0.17711471,1.0,1.0,0.15259877,1.0,0.023253895,-0.7159116752962789,-inf,0.00015730881,0.24537085,1.0,1.0,0.0,True
GABAergic,Endothelial,CXCL10,SDC4,0.12968315,1.0,0.016816797,-0.5352334556951709,-inf,0.00042505452,0.17711471,1.0,1.0,0.15259877,1.0,0.023253895,-0.7159116752962789,-inf,0.00015730881,0.24537085,1.0,1.0,0.0,True
GABAergic,Endothelial,CXCL10,CCR3,0.12968315,1.0,0.016816797,-0.5352334556951709,-inf,0.00042505452,0.17711471,1.0,1.0,0.15259877,1.0,0.023253895,-0.7159116752962789,-inf,0.00015730881,0.24537085,1.0,1.0,0.0,True
GABAergic,Endothelial,COL3A1,MAG,0.12968315,1.0,0.016816797,-0.5352334556951709,-inf,0.00042505452,0.17711471,1.0,1.0,0.15259877,1.0,0.023253895,-0.7159116752962789,-inf,0.00015730881,0.24537085,1.0,1.0,0.0,True
GABAergic,Endothelial,CXCL10,ACKR1,0.12968315,1.0,0.016816797,-0.5352334556951709,-inf,0.00042505452,0.17711471,1.0,1.0,0.15259877,1.0,0.023253895,-0.7159116752962789,-inf,0.00015730881,0.24537085,1.0,1.0,0.0,True
GABAergic,GABAergic,CXCL10,SDC4,0.12968315,1.0,0.016816797,-0.5352334556951709,-inf,0.00042505452,0.17711471,1.0,1.0,0.15259877,1.0,0.023253895,-0.7159116752962789,-inf,0.00015730881,0.24537085,1.0,1.0,0.0,True
GABAergic,GABAergic,CCL2,ACKR1,0.12968315,1.0,0.016816797,-0.5352334556951709,-inf,0.00042505452,0.17711471,1.0,1.0,0.15259877,1.0,0.023253895,-0.7159116752962789,-inf,0.00015730881,0.24537085,1.0,1.0,0.0,True
GABAergic,GABAergic,CCL2,CCR3,0.12968315,1.0,0.016816797,-0.5352334556951709,-inf,0.00042505452,0.17711471,1.0,1.0,0.15259877,1.0,0.023253895,-0.7159116752962789,-inf,0.00015730881,0.24537085,1.0,1.0,0.0,True
GABAergic,GABAergic,CXCL10,CCR3,0.12968315,1.0,0.016816797,-0.5352334556951709,-inf,0.00042505452,0.17711471,1.0,1.0,0.15259877,1.0,0.023253895,-0.7159116752962789,-inf,0.00015730881,0.24537085,1.0,1.0,0.0,True
GABAergic,GABAergic,COL3A1,MAG,0.12968315,1.0,0.016816797,-0.5352334556951709,-inf,0.00042505452,0.17711471,1.0,1.0,0.15259877,1.0,0.023253895,-0.7159116752962789,-inf,0.00015730881,0.24537085,1.0,1.0,0.0,True
GABAergic,GABAergic,CXCL10,ACKR1,0.12968315,1.0,0.016816797,-0.5352334556951709,-inf,0.00042505452,0.17711471,1.0,1.0,0.15259877,1.0,0.023253895,-0.7159116752962789,-inf,0.00015730881,0.24537085,1.0,1.0,0.0,True
GABAergic,Astrocyte,CXCL10,CCR3,0.12968315,1.0,0.016816797,-0.5352334556951709,-inf,0.00042505452,0.17711471,1.0,1.0,0.15259877,1.0,0.023253895,-0.7159116752962789,-inf,0.00015730881,0.24537085,1.0,1.0,0.0,True
Microglia,Astrocyte,CCL2,CCR3,0.12968315,1.0,0.016816797,-0.5352334556951709,-inf,0.00042505452,0.17711471,1.0,1.0,0.15259877,1.0,0.023253895,-0.7159116752962789,-inf,0.00015730881,0.24537085,1.0,1.0,0.0,True
GABAergic,GABAergic,TIMP1,CD63,0.12968315,1.0,0.016816797,-0.5352334556951709,-inf,0.00042505452,0.17711471,1.0,1.0,0.15259877,1.0,0.023253895,-0.7159116752962789,-inf,0.00015730881,0.24537085,1.0,1.0,0.0,True
GABAergic,Microglia,CCL2,ACKR1,0.12968315,1.0,0.016816797,-0.5352334556951709,-inf,0.00042505452,0.17711471,1.0,1.0,0.15259877,1.0,0.023253895,-0.7159116752962789,-inf,0.00015730881,0.24537085,1.0,1.0,0.0,True
Microglia,Astrocyte,CCL2,ACKR1,0.12968315,1.0,0.016816797,-0.5352334556951709,-inf,0.00042505452,0.17711471,1.0,1.0,0.15259877,1.0,0.023253895,-0.7159116752962789,-inf,0.00015730881,0.24537085,1.0,1.0,0.0,True
Microglia,Astrocyte,CCL2,CCR1,0.12968315,1.0,0.016816797,-0.5352334556951709,-inf,0.00042505452,0.17711471,1.0,1.0,0.15259877,1.0,0.023253895,-0.7159116752962789,-inf,0.00015730881,0.24537085,1.0,1.0,0.0,True
Microglia,Astrocyte,CCL2,CCR2,0.12968315,1.0,0.016816797,-0.5352334556951709,-inf,0.00042505452,0.17711471,1.0,1.0,0.15259877,1.0,0.023253895,-0.7159116752962789,-inf,0.00015730881,0.24537085,1.0,1.0,0.0,True
Microglia,Astrocyte,CCL2,CCR5,0.12968315,1.0,0.016816797,-0.5352334556951709,-inf,0.00042505452,0.17711471,1.0,1.0,0.15259877,1.0,0.023253895,-0.7159116752962789,-inf,0.00015730881,0.24537085,1.0,1.0,0.0,True
Endothelial,Pericyte,CXCL10,ACKR1,0.12968315,1.0,0.016816797,-0.5352334556951709,-inf,0.00042505452,0.17711471,1.0,1.0,0.15259877,1.0,0.023253895,-0.7159116752962789,-inf,0.00015730881,0.24537085,1.0,1.0,0.0,True
Endothelial,Pericyte,COL3A1,MAG,0.12968315,1.0,0.016816797,-0.5352334556951709,-inf,0.00042505452,0.17711471,1.0,1.0,0.15259877,1.0,0.023253895,-0.7159116752962789,-inf,0.00015730881,0.24537085,1.0,1.0,0.0,True
GABAergic,Pericyte,IL6,MUSK,0.12968315,1.0,0.016816797,-0.5352334556951709,-inf,0.00042505452,0.17711471,1.0,1.0,0.15259877,1.0,0.023253895,-0.7159116752962789,-inf,0.00015730881,0.24537085,1.0,1.0,0.0,True
GABAergic,Pericyte,IL6,F3,0.12968315,1.0,0.016816797,-0.5352334556951709,-inf,0.00042505452,0.17711471,1.0,1.0,0.15259877,1.0,0.023253895,-0.7159116752962789,-inf,0.00015730881,0.24537085,1.0,1.0,0.0,True
Endothelial,Pericyte,CXCL10,SDC4,0.12968315,1.0,0.016816797,-0.5352334556951709,-inf,0.00042505452,0.17711471,1.0,1.0,0.15259877,1.0,0.023253895,-0.7159116752962789,-inf,0.00015730881,0.24537085,1.0,1.0,0.0,True
Endothelial,Pericyte,CXCL10,CCR3,0.12968315,1.0,0.016816797,-0.5352334556951709,-inf,0.00042505452,0.17711471,1.0,1.0,0.15259877,1.0,0.023253895,-0.7159116752962789,-inf,0.00015730881,0.24537085,1.0,1.0,0.0,True
GABAergic,Microglia,CCL2,CCR2,0.12968315,1.0,0.016816797,-0.5352334556951709,-inf,0.00042505452,0.17711471,1.0,1.0,0.15259877,1.0,0.023253895,-0.7159116752962789,-inf,0.00015730881,0.24537085,1.0,1.0,0.0,True
GABAergic,Oligodendrocyte,TIMP1,CD63,0.12968315,1.0,0.016816797,-0.5352334556951709,-inf,0.00042505452,0.17711471,1.0,1.0,0.15259877,1.0,0.023253895,-0.7159116752962789,-inf,0.00015730881,0.24537085,1.0,1.0,0.0,True
Microglia,Astrocyte,IL6,MUSK,0.12968315,1.0,0.016816797,-0.5352334556951709,-inf,0.00042505452,0.17711471,1.0,1.0,0.15259877,1.0,0.023253895,-0.7159116752962789,-inf,0.00015730881,0.24537085,1.0,1.0,0.0,True
Microglia,Astrocyte,FN1,CD79A,0.12968315,1.0,0.016816797,-0.5352334556951709,-inf,0.00042505452,0.17711471,1.0,1.0,0.15259877,1.0,0.023253895,-0.7159116752962789,-inf,0.00015730881,0.24537085,1.0,1.0,0.0,True
GABAergic,Oligodendrocyte,IL6,MUSK,0.12968315,1.0,0.016816797,-0.5352334556951709,-inf,0.00042505452,0.17711471,1.0,1.0,0.15259877,1.0,0.023253895,-0.7159116752962789,-inf,0.00015730881,0.24537085,1.0,1.0,0.0,True
GABAergic,Oligodendrocyte,IL6,F3,0.12968315,1.0,0.016816797,-0.5352334556951709,-inf,0.00042505452,0.17711471,1.0,1.0,0.15259877,1.0,0.023253895,-0.7159116752962789,-inf,0.00015730881,0.24537085,1.0,1.0,0.0,True
GABAergic,Microglia,CCL2,CCR3,0.12968315,1.0,0.016816797,-0.5352334556951709,-inf,0.00042505452,0.17711471,1.0,1.0,0.15259877,1.0,0.023253895,-0.7159116752962789,-inf,0.00015730881,0.24537085,1.0,1.0,0.0,True
GABAergic,GABAergic,IL6,MUSK,0.12968315,1.0,0.016816797,-0.5352334556951709,-inf,0.00042505452,0.17711471,1.0,1.0,0.15259877,1.0,0.023253895,-0.7159116752962789,-inf,0.00015730881,0.24537085,1.0,1.0,0.0,True
GABAergic,Oligodendrocyte,FN1,CD79A,0.12968315,1.0,0.016816797,-0.5352334556951709,-inf,0.00042505452,0.17711471,1.0,1.0,0.15259877,1.0,0.023253895,-0.7159116752962789,-inf,0.00015730881,0.24537085,1.0,1.0,0.0,True
GABAergic,GABAergic,IL6,F3,0.12968315,1.0,0.016816797,-0.5352334556951709,-inf,0.00042505452,0.17711471,1.0,1.0,0.15259877,1.0,0.023253895,-0.7159116752962789,-inf,0.00015730881,0.24537085,1.0,1.0,0.0,True
GABAergic,Endothelial,TIMP1,CD63,0.12968315,1.0,0.016816797,-0.5352334556951709,-inf,0.00042505452,0.17711471,1.0,1.0,0.15259877,1.0,0.023253895,-0.7159116752962789,-inf,0.00015730881,0.24537085,1.0,1.0,0.0,True
GABAergic,Endothelial,FN1,MAG,0.12968315,1.0,0.016816797,-0.5352334556951709,-inf,0.00042505452,0.17711471,1.0,1.0,0.15259877,1.0,0.023253895,-0.7159116752962789,-inf,0.00015730881,0.24537085,1.0,1.0,0.0,True
GABAergic,Endothelial,IL6,F3,0.12968315,1.0,0.016816797,-0.5352334556951709,-inf,0.00042505452,0.17711471,1.0,1.0,0.15259877,1.0,0.023253895,-0.7159116752962789,-inf,0.00015730881,0.24537085,1.0,1.0,0.0,True
GABAergic,Endothelial,IL6,MUSK,0.12968315,1.0,0.016816797,-0.5352334556951709,-inf,0.00042505452,0.17711471,1.0,1.0,0.15259877,1.0,0.023253895,-0.7159116752962789,-inf,0.00015730881,0.24537085,1.0,1.0,0.0,True
Endothelial,Oligodendrocyte,CXCL10,ACKR1,0.12968315,1.0,0.016816797,-0.5352334556951709,-inf,0.00042505452,0.17711471,1.0,1.0,0.15259877,1.0,0.023253895,-0.7159116752962789,-inf,0.00015730881,0.24537085,1.0,1.0,0.0,True
Endothelial,Oligodendrocyte,CXCL10,CCR3,0.12968315,1.0,0.016816797,-0.5352334556951709,-inf,0.00042505452,0.17711471,1.0,1.0,0.15259877,1.0,0.023253895,-0.7159116752962789,-inf,0.00015730881,0.24537085,1.0,1.0,0.0,True
Endothelial,Oligodendrocyte,CXCL10,SDC4,0.12968315,1.0,0.016816797,-0.5352334556951709,-inf,0.00042505452,0.17711471,1.0,1.0,0.15259877,1.0,0.023253895,-0.7159116752962789,-inf,0.00015730881,0.24537085,1.0,1.0,0.0,True
Endothelial,Microglia,TNF,FAS,0.12968315,1.0,0.016816797,-0.5352334556951709,-inf,0.00042505452,0.17711471,1.0,1.0,0.15259877,1.0,0.023253895,-0.7159116752962789,-inf,0.00015730881,0.24537085,1.0,1.0,0.0,True
Endothelial,Oligodendrocyte,TIMP1,CD63,0.12968315,1.0,0.016816797,-0.5352334556951709,-inf,0.00042505452,0.17711471,1.0,1.0,0.15259877,1.0,0.023253895,-0.7159116752962789,-inf,0.00015730881,0.24537085,1.0,1.0,0.0,True
Endothelial,Pericyte,TNF,FAS,0.12968315,1.0,0.016816797,-0.5352334556951709,-inf,0.00042505452,0.17711471,1.0,1.0,0.15259877,1.0,0.023253895,-0.7159116752962789,-inf,0.00015730881,0.24537085,1.0,1.0,0.0,True
Endothelial,Oligodendrocyte,FN1,CD79A,0.12968315,1.0,0.016816797,-0.5352334556951709,-inf,0.00042505452,0.17711471,1.0,1.0,0.15259877,1.0,0.023253895,-0.7159116752962789,-inf,0.00015730881,0.24537085,1.0,1.0,0.0,True
Endothelial,Oligodendrocyte,COL3A1,MAG,0.12968315,1.0,0.016816797,-0.5352334556951709,-inf,0.00042505452,0.17711471,1.0,1.0,0.15259877,1.0,0.023253895,-0.7159116752962789,-inf,0.00015730881,0.24537085,1.0,1.0,0.0,True
Endothelial,Endothelial,TNF,VSIR,0.12968315,1.0,0.016816797,-0.5352334556951709,-inf,0.00042505452,0.17711471,1.0,1.0,0.15259877,1.0,0.023253895,-0.7159116752962789,-inf,0.00015730881,0.24537085,1.0,1.0,0.0,True
Endothelial,GABAergic,CCL2,ACKR1,0.12968315,1.0,0.016816797,-0.5352334556951709,-inf,0.00042505452,0.17711471,1.0,1.0,0.15259877,1.0,0.023253895,-0.7159116752962789,-inf,0.00015730881,0.24537085,1.0,1.0,0.0,True
Endothelial,GABAergic,CCL2,CCR3,0.12968315,1.0,0.016816797,-0.5352334556951709,-inf,0.00042505452,0.17711471,1.0,1.0,0.15259877,1.0,0.023253895,-0.7159116752962789,-inf,0.00015730881,0.24537085,1.0,1.0,0.0,True
Endothelial,GABAergic,CXCL10,CCR3,0.12968315,1.0,0.016816797,-0.5352334556951709,-inf,0.00042505452,0.17711471,1.0,1.0,0.15259877,1.0,0.023253895,-0.7159116752962789,-inf,0.00015730881,0.24537085,1.0,1.0,0.0,True
Endothelial,Endothelial,TIMP1,CD63,0.12968315,1.0,0.016816797,-0.5352334556951709,-inf,0.00042505452,0.17711471,1.0,1.0,0.15259877,1.0,0.023253895,-0.7159116752962789,-inf,0.00015730881,0.24537085,1.0,1.0,0.0,True
Endothelial,Endothelial,TNF,FAS,0.12968315,1.0,0.016816797,-0.5352334556951709,-inf,0.00042505452,0.17711471,1.0,1.0,0.15259877,1.0,0.023253895,-0.7159116752962789,-inf,0.00015730881,0.24537085,1.0,1.0,0.0,True
Endothelial,Oligodendrocyte,IL6,F3,0.12968315,1.0,0.016816797,-0.5352334556951709,-inf,0.00042505452,0.17711471,1.0,1.0,0.15259877,1.0,0.023253895,-0.7159116752962789,-inf,0.00015730881,0.24537085,1.0,1.0,0.0,True
Endothelial,Oligodendrocyte,IL6,MUSK,0.12968315,1.0,0.016816797,-0.5352334556951709,-inf,0.00042505452,0.17711471,1.0,1.0,0.15259877,1.0,0.023253895,-0.7159116752962789,-inf,0.00015730881,0.24537085,1.0,1.0,0.0,True
Endothelial,Microglia,TIMP1,CD63,0.12968315,1.0,0.016816797,-0.5352334556951709,-inf,0.00042505452,0.17711471,1.0,1.0,0.15259877,1.0,0.023253895,-0.7159116752962789,-inf,0.00015730881,0.24537085,1.0,1.0,0.0,True
Endothelial,Microglia,TNF,VSIR,0.12968315,1.0,0.016816797,-0.5352334556951709,-inf,0.00042505452,0.17711471,1.0,1.0,0.15259877,1.0,0.023253895,-0.7159116752962789,-inf,0.00015730881,0.24537085,1.0,1.0,0.0,True
Endothelial,GABAergic,COL3A1,MAG,0.12968315,1.0,0.016816797,-0.5352334556951709,-inf,0.00042505452,0.17711471,1.0,1.0,0.15259877,1.0,0.023253895,-0.7159116752962789,-inf,0.00015730881,0.24537085,1.0,1.0,0.0,True
Endothelial,GABAergic,CXCL10,ACKR1,0.12968315,1.0,0.016816797,-0.5352334556951709,-inf,0.00042505452,0.17711471,1.0,1.0,0.15259877,1.0,0.023253895,-0.7159116752962789,-inf,0.00015730881,0.24537085,1.0,1.0,0.0,True
Endothelial,GABAergic,CXCL10,SDC4,0.12968315,1.0,0.016816797,-0.5352334556951709,-inf,0.00042505452,0.17711471,1.0,1.0,0.15259877,1.0,0.023253895,-0.7159116752962789,-inf,0.00015730881,0.24537085,1.0,1.0,0.0,True
GABAergic,Astrocyte,FN1,CD79A,0.12968315,1.0,0.016816797,-0.5352334556951709,-inf,0.00042505452,0.17711471,1.0,1.0,0.15259877,1.0,0.023253895,-0.7159116752962789,-inf,0.00015730881,0.24537085,1.0,1.0,0.0,True
GABAergic,Astrocyte,COL3A1,MAG,0.12968315,1.0,0.016816797,-0.5352334556951709,-inf,0.00042505452,0.17711471,1.0,1.0,0.15259877,1.0,0.023253895,-0.7159116752962789,-inf,0.00015730881,0.24537085,1.0,1.0,0.0,True
GABAergic,Astrocyte,CCL2,CCR3,0.12968315,1.0,0.016816797,-0.5352334556951709,-inf,0.00042505452,0.17711471,1.0,1.0,0.15259877,1.0,0.023253895,-0.7159116752962789,-inf,0.00015730881,0.24537085,1.0,1.0,0.0,True
GABAergic,Endothelial,CCL2,CCR1,0.12968315,1.0,0.016816797,-0.5352334556951709,-inf,0.00042505452,0.17711471,1.0,1.0,0.15259877,1.0,0.023253895,-0.7159116752962789,-inf,0.00015730881,0.24537085,1.0,1.0,0.0,True
GABAergic,Astrocyte,IL6,F3,0.12968315,1.0,0.016816797,-0.5352334556951709,-inf,0.00042505452,0.17711471,1.0,1.0,0.15259877,1.0,0.023253895,-0.7159116752962789,-inf,0.00015730881,0.24537085,1.0,1.0,0.0,True
GABAergic,Astrocyte,IL6,MUSK,0.12968315,1.0,0.016816797,-0.5352334556951709,-inf,0.00042505452,0.17711471,1.0,1.0,0.15259877,1.0,0.023253895,-0.7159116752962789,-inf,0.00015730881,0.24537085,1.0,1.0,0.0,True
GABAergic,Astrocyte,TIMP1,CD63,0.12968315,1.0,0.016816797,-0.5352334556951709,-inf,0.00042505452,0.17711471,1.0,1.0,0.15259877,1.0,0.023253895,-0.7159116752962789,-inf,0.00015730881,0.24537085,1.0,1.0,0.0,True
GABAergic,Astrocyte,CXCL10,ACKR1,0.12968315,1.0,0.016816797,-0.5352334556951709,-inf,0.00042505452,0.17711471,1.0,1.0,0.15259877,1.0,0.023253895,-0.7159116752962789,-inf,0.00015730881,0.24537085,1.0,1.0,0.0,True
GABAergic,Astrocyte,CXCL10,SDC4,0.12968315,1.0,0.016816797,-0.5352334556951709,-inf,0.00042505452,0.17711471,1.0,1.0,0.15259877,1.0,0.023253895,-0.7159116752962789,-inf,0.00015730881,0.24537085,1.0,1.0,0.0,True
GABAergic,Endothelial,FN1,CD79A,0.12968315,1.0,0.016816797,-0.5352334556951709,-inf,0.00042505452,0.17711471,1.0,1.0,0.15259877,1.0,0.023253895,-0.7159116752962789,-inf,0.00015730881,0.24537085,1.0,1.0,0.0,True
GABAergic,Endothelial,CCL2,CCR5,0.12968315,1.0,0.016816797,-0.5352334556951709,-inf,0.00042505452,0.17711471,1.0,1.0,0.15259877,1.0,0.023253895,-0.7159116752962789,-inf,0.00015730881,0.24537085,1.0,1.0,0.0,True
Endothelial,Oligodendrocyte,CCL2,CCR1,0.12968315,1.0,0.016816797,-0.5352334556951709,-inf,0.00042505452,0.17711471,1.0,1.0,0.15259877,1.0,0.023253895,-0.7159116752962789,-inf,0.00015730881,0.24537085,1.0,1.0,0.0,True
Endothelial,Oligodendrocyte,CCL2,CCR2,0.12968315,1.0,0.016816797,-0.5352334556951709,-inf,0.00042505452,0.17711471,1.0,1.0,0.15259877,1.0,0.023253895,-0.7159116752962789,-inf,0.00015730881,0.24537085,1.0,1.0,0.0,True
Endothelial,Oligodendrocyte,CCL2,CCR3,0.12968315,1.0,0.016816797,-0.5352334556951709,-inf,0.00042505452,0.17711471,1.0,1.0,0.15259877,1.0,0.023253895,-0.7159116752962789,-inf,0.00015730881,0.24537085,1.0,1.0,0.0,True
Endothelial,Oligodendrocyte,CCL2,CCR5,0.12968315,1.0,0.016816797,-0.5352334556951709,-inf,0.00042505452,0.17711471,1.0,1.0,0.15259877,1.0,0.023253895,-0.7159116752962789,-inf,0.00015730881,0.24537085,1.0,1.0,0.0,True
Endothelial,Oligodendrocyte,TNF,FAS,0.12968315,1.0,0.016816797,-0.5352334556951709,-inf,0.00042505452,0.17711471,1.0,1.0,0.15259877,1.0,0.023253895,-0.7159116752962789,-inf,0.00015730881,0.24537085,1.0,1.0,0.0,True
Endothelial,Oligodendrocyte,TNF,VSIR,0.12968315,1.0,0.016816797,-0.5352334556951709,-inf,0.00042505452,0.17711471,1.0,1.0,0.15259877,1.0,0.023253895,-0.7159116752962789,-inf,0.00015730881,0.24537085,1.0,1.0,0.0,True
Endothelial,Pericyte,IL6,F3,0.12968315,1.0,0.016816797,-0.5352334556951709,-inf,0.00042505452,0.17711471,1.0,1.0,0.15259877,1.0,0.023253895,-0.7159116752962789,-inf,0.00015730881,0.24537085,1.0,1.0,0.0,True
Endothelial,Pericyte,FN1,CD79A,0.12968315,1.0,0.016816797,-0.5352334556951709,-inf,0.00042505452,0.17711471,1.0,1.0,0.15259877,1.0,0.023253895,-0.7159116752962789,-inf,0.00015730881,0.24537085,1.0,1.0,0.0,True
Endothelial,Oligodendrocyte,CCL2,ACKR1,0.12968315,1.0,0.016816797,-0.5352334556951709,-inf,0.00042505452,0.17711471,1.0,1.0,0.15259877,1.0,0.023253895,-0.7159116752962789,-inf,0.00015730881,0.24537085,1.0,1.0,0.0,True
Endothelial,Pericyte,CCL2,CCR5,0.12968315,1.0,0.016816797,-0.5352334556951709,-inf,0.00042505452,0.17711471,1.0,1.0,0.15259877,1.0,0.023253895,-0.7159116752962789,-inf,0.00015730881,0.24537085,1.0,1.0,0.0,True
Endothelial,Pericyte,TNF,VSIR,0.12968315,1.0,0.016816797,-0.5352334556951709,-inf,0.00042505452,0.17711471,1.0,1.0,0.15259877,1.0,0.023253895,-0.7159116752962789,-inf,0.00015730881,0.24537085,1.0,1.0,0.0,True
Endothelial,Pericyte,CCL2,CCR2,0.12968315,1.0,0.016816797,-0.5352334556951709,-inf,0.00042505452,0.17711471,1.0,1.0,0.15259877,1.0,0.023253895,-0.7159116752962789,-inf,0.00015730881,0.24537085,1.0,1.0,0.0,True
Endothelial,Pericyte,CCL2,ACKR1,0.12968315,1.0,0.016816797,-0.5352334556951709,-inf,0.00042505452,0.17711471,1.0,1.0,0.15259877,1.0,0.023253895,-0.7159116752962789,-inf,0.00015730881,0.24537085,1.0,1.0,0.0,True
Endothelial,Pericyte,CCL2,CCR1,0.12968315,1.0,0.016816797,-0.5352334556951709,-inf,0.00042505452,0.17711471,1.0,1.0,0.15259877,1.0,0.023253895,-0.7159116752962789,-inf,0.00015730881,0.24537085,1.0,1.0,0.0,True
Endothelial,Pericyte,CCL2,CCR3,0.12968315,1.0,0.016816797,-0.5352334556951709,-inf,0.00042505452,0.17711471,1.0,1.0,0.15259877,1.0,0.023253895,-0.7159116752962789,-inf,0.00015730881,0.24537085,1.0,1.0,0.0,True
Endothelial,Pericyte,TIMP1,CD63,0.12968315,1.0,0.016816797,-0.5352334556951709,-inf,0.00042505452,0.17711471,1.0,1.0,0.15259877,1.0,0.023253895,-0.7159116752962789,-inf,0.00015730881,0.24537085,1.0,1.0,0.0,True
GABAergic,Astrocyte,CCL2,ACKR1,0.12968315,1.0,0.016816797,-0.5352334556951709,-inf,0.00042505452,0.17711471,1.0,1.0,0.15259877,1.0,0.023253895,-0.7159116752962789,-inf,0.00015730881,0.24537085,1.0,1.0,0.0,True
GABAergic,Astrocyte,CCL2,CCR1,0.12968315,1.0,0.016816797,-0.5352334556951709,-inf,0.00042505452,0.17711471,1.0,1.0,0.15259877,1.0,0.023253895,-0.7159116752962789,-inf,0.00015730881,0.24537085,1.0,1.0,0.0,True
GABAergic,Astrocyte,CCL2,CCR2,0.12968315,1.0,0.016816797,-0.5352334556951709,-inf,0.00042505452,0.17711471,1.0,1.0,0.15259877,1.0,0.023253895,-0.7159116752962789,-inf,0.00015730881,0.24537085,1.0,1.0,0.0,True
GABAergic,Astrocyte,CCL2,CCR5,0.12968315,1.0,0.016816797,-0.5352334556951709,-inf,0.00042505452,0.17711471,1.0,1.0,0.15259877,1.0,0.023253895,-0.7159116752962789,-inf,0.00015730881,0.24537085,1.0,1.0,0.0,True
GABAergic,Endothelial,CCL2,CCR2,0.12968315,1.0,0.016816797,-0.5352334556951709,-inf,0.00042505452,0.17711471,1.0,1.0,0.15259877,1.0,0.023253895,-0.7159116752962789,-inf,0.00015730881,0.24537085,1.0,1.0,0.0,True
GABAergic,Endothelial,CCL2,CCR3,0.12968315,1.0,0.016816797,-0.5352334556951709,-inf,0.00042505452,0.17711471,1.0,1.0,0.15259877,1.0,0.023253895,-0.7159116752962789,-inf,0.00015730881,0.24537085,1.0,1.0,0.0,True
Endothelial,Pericyte,FN1,MAG,0.12968315,1.0,0.016816797,-0.5352334556951709,-inf,0.00042505452,0.17711471,1.0,1.0,0.15259877,1.0,0.023253895,-0.7159116752962789,-inf,0.00015730881,0.24537085,1.0,1.0,0.0,True
Endothelial,Pericyte,IL6,MUSK,0.12968315,1.0,0.016816797,-0.5352334556951709,-inf,0.00042505452,0.17711471,1.0,1.0,0.15259877,1.0,0.023253895,-0.7159116752962789,-inf,0.00015730881,0.24537085,1.0,1.0,0.0,True
GABAergic,GABAergic,S100A8,CD68,9.305835,0.0,54.214275,0.3755174916921892,inf,0.31207767,0.92436177,3.0387656249999996e-05,0.00136506344695983,34.082752,0.0,34.326225,0.31861639185161195,inf,0.12844847,0.92588556,2.4161851898928592e-05,0.000455450317998825,0.0009096131289610049,True
GABAergic,Microglia,S100A8,CD68,9.864922,0.0,70.98303,0.5261367943307376,inf,0.40860492,0.9332606,3.0387656249999996e-05,0.001297932990858807,35.119907,0.0,174.6704,0.9508910267288676,inf,0.65361524,0.9657307,3.734489154035896e-06,0.00014902291993839067,0.0011489100709204164,True
GABAergic,Astrocyte,S100A8,CD68,7.851063,0.0,10.581154,-0.016394406732402278,inf,0.060909085,0.8437246,0.001538948821777265,0.003264570250112263,33.935368,0.0,14.382758,0.2287671876489493,inf,0.053820167,0.8899471,4.3377609352213566e-05,0.0019000308899712205,0.0013645393601410425,True
Astrocyte,GABAergic,APP,CD74,10.003811,0.0,9.670991,-0.07478079163415263,inf,0.030643214,0.8377029,0.0027133972557428416,0.004393391687828948,11.702675,0.0,11.309914,0.1485031328426304,250.8215508590937,0.029435063,0.8776138,7.68877656053994e-05,0.002564887195988027,0.0018285044918409212,True
Oligodendrocyte,Microglia,S100A8,CD68,2.7475286,0.402,3.6056666,0.3526063529986761,-inf,0.020755567,0.75913125,0.02725556219330473,0.04981151246977327,1.4983951,0.703,1.0717239,0.5108443606701178,-inf,0.0040103826,0.68822193,0.02061968655372548,0.046463913035750835,0.0033475994340224358,True
Astrocyte,Oligodendrocyte,FN1,MAG,7.8828015,0.0,4.7664347,1.9075131127692093,89.13818482354107,0.0691649,0.7837184,3.0387656249999996e-05,0.015916755291509786,8.356781,0.0,3.9738216,2.9441729888160304,30.264547641298076,0.0919352,0.80954397,3.734489154035896e-06,0.012464238279307448,0.0034525170122023385,True
GABAergic,Oligodendrocyte,S100A8,CD68,7.7677293,0.0,8.081723,-0.038844735912991174,inf,0.04652143,0.82512623,0.0019238598139363606,0.005824927718774971,33.948082,0.0,16.103134,0.23651788123280587,inf,0.060257804,0.8953593,3.94143684124734e-05,0.0016452864019561517,0.004179641316818819,True
Oligodendrocyte,Pericyte,APP,CD74,3.144435,0.885,3.157178,1.0208185141617976,-inf,0.01000374,0.7467794,0.05878898263791471,0.03396706751412748,4.3339553,0.0,1.6417761,1.6219434964216335,-502.5723036996573,0.0042728693,0.7320552,0.0006985919398278047,0.029168809868838755,0.0047982576452887254,True
Pericyte,Oligodendrocyte,COL3A1,MAG,7.8864737,0.0,4.87996,2.4505067906113296,110.0614564525969,0.82567835,0.7857067,2.2930730421540706e-06,0.015465301319512383,8.3853035,0.0,4.913483,3.6310386937088754,39.49582589680495,0.8093013,0.8253721,3.734489154035896e-06,0.009942571290755481,0.005522730028756901,True
Pericyte,GABAergic,S100A8,CD68,1.9230318,0.987,0.834904,0.19551618842280327,-inf,0.0048060203,0.6026334,0.10790004511936646,0.12210346609088618,0.40990603,1.0,0.15852803,-0.1221021308262927,-inf,0.0005932106,0.45915958,0.3699667025114808,0.11640737881645871,0.005696087274427469,True
GABAergic,Endothelial,S100A8,CD68,7.699894,0.0,6.0471296,-0.057117949817614894,inf,0.034809545,0.80320716,0.002247753799558753,0.009810680342255407,33.9091,0.0,10.827968,0.21275253767001936,inf,0.040518172,0.8752559,4.8743396487374525e-05,0.002879927481614188,0.006930752860641218,True
Oligodendrocyte,Endothelial,APP,CD74,3.1195004,1.0,2.8709931,1.020054389753276,-inf,0.009096943,0.7376903,0.15595977940545944,0.034624760975396164,4.339431,0.0,1.7345759,1.622171449402758,-484.3159837352653,0.004514389,0.7374133,0.0006415118449555947,0.026553334598521557,0.008071426376874608,True
Astrocyte,Microglia,APP,CD74,2.825252,1.0,2.5549746,-0.29486133286453725,-inf,0.0080956165,0.72625226,0.8717167254592058,0.047482701991315254,1.7719958,0.969,1.5057502,-0.2648015338561894,-213.30389344280064,0.00391885,0.7234883,0.000923305228683237,0.03924275897683822,0.008239943014477037,True
Endothelial,GABAergic,S100A8,CD68,1.914494,1.0,0.7731733,0.19530799570682508,-inf,0.0044506746,0.5934011,0.7424593632320574,0.12993522161693782,0.38645697,1.0,0.13473438,-0.12240899338261463,-inf,0.00050417497,0.43904483,0.37997065030348154,0.12026671056618107,0.00966851105075675,True
GABAergic,Pericyte,S100A8,CD68,7.6709046,0.0,5.177647,-0.06492901914060456,inf,0.029804474,0.7906495,0.0024918102614978734,0.014148796111786904,33.90823,0.0,10.710205,0.21222175277826,inf,0.040077504,0.87465775,5.102340836108358e-05,0.002988944787845251,0.011159851323941653,True
Oligodendrocyte,Astrocyte,APP,CD74,3.2328143,0.804,4.171548,1.0235280243517453,-inf,0.013217842,0.77220654,0.045640313578021306,0.03139654898398479,4.3903503,0.0,2.5975764,1.6242905811685557,-494.94265340888467,0.0067604254,0.77460086,0.000673681819863453,0.01833412904023389,0.013062419943750903,True
Astrocyte,Microglia,S100A8,CD68,2.5234392,0.599,1.4843068,0.3471429028007453,-inf,0.008544226,0.6691057,0.07225313487881592,0.06355186625163287,1.4524543,0.895,0.8345171,0.5102430842504494,-inf,0.0031227565,0.6607716,0.02426141938087899,0.048998781164071484,0.014553085087561382,True
Oligodendrocyte,Oligodendrocyte,APP,CD74,3.336215,0.615,5.35832,1.0266980133500667,-inf,0.016978214,0.793474,0.034993780904170754,0.0286204935655657,4.5904064,0.0,5.988203,1.6326166938887705,-376.77290267093474,0.015584835,0.8391721,0.0005806417831932706,0.010752273412691995,0.017868220152873704,True
Microglia,Microglia,S100A8,CD68,2.5075727,0.702,1.3341044,0.34675605263838916,-inf,0.007679605,0.65719056,0.07984648699948053,0.07310477496423506,1.4383196,0.999,0.7615346,0.5100580812718769,-inf,0.0028496564,0.6504404,0.026333444260352567,0.05381048092190142,0.019294294042333647,True
Pericyte,Microglia,S100A8,CD68,2.4821188,0.654,1.0931442,0.34613549106135166,-inf,0.006292547,0.63441354,0.0895944774613692,0.09564209276393892,1.4470623,0.936,0.80667627,0.5101725040509629,-inf,0.0030185764,0.65695846,0.02507715169199114,0.05115961282853734,0.04448247993540158,True
Endothelial,Microglia,S100A8,CD68,2.473581,0.875,1.0123198,0.3459272983453735,-inf,0.0058272914,0.6254606,0.09870617752730729,0.10266701884760558,1.4236133,1.0,0.6856013,0.5098656414946411,-inf,0.002565515,0.6384069,0.3105699745297807,0.056067542796290254,0.04659947605131533,True
Endothelial,Pericyte,APP,CD74,1.2549514,1.0,1.0781637,0.02170077669124497,-inf,0.0034162374,0.6328119,0.8201260039700713,0.1215101204128014,1.1793668,1.0,0.41944355,0.08336245044290852,-509.0269424352258,0.0010916394,0.57999974,0.032729194025143654,0.07307416054958954,0.048435959863211864,True
Endothelial,Astrocyte,APP,CD74,1.3433309,1.0,1.4245671,0.024410286881192733,-inf,0.0045138407,0.66454244,0.7348142420672197,0.11048524144030303,1.2357616,0.996,0.6636329,0.08570953518983093,-501.39729214445316,0.0017271641,0.6346395,0.0010856403945152609,0.05744266570046644,0.05304257573983659,True
Endothelial,Endothelial,APP,CD74,1.2300168,1.0,0.9804328,0.020936652282723248,-inf,0.0031065699,0.62170434,0.8458180353923916,0.12389134195909832,1.1848422,1.0,0.4431522,0.08359040342403297,-490.7706224708338,0.0011533432,0.5866818,0.032485309284778,0.07051654313565016,0.05337479882344816,True
Endothelial,Oligodendrocyte,APP,CD74,1.4467314,1.0,1.8298452,0.027580275879514074,-inf,0.0057979925,0.6918505,0.6838267356371857,0.10266701884760558,1.4358182,0.88,1.5298755,0.09403564791004566,-383.22754140650324,0.0039816382,0.7250754,0.0006383087090167336,0.048998781164071484,0.0536682376835341,True
GABAergic,Oligodendrocyte,APP,CD74,1.1611673,1.0,1.2965746,-0.12345586497123243,-inf,0.0041082874,0.65396917,0.76360051450252,0.1342426734171982,1.0961206,0.992,1.0497866,-0.0716651009489854,-386.5087001646458,0.0027321635,0.6859988,0.000923305228683237,0.060711900918472506,0.0735307724987257,True
GABAergic,Astrocyte,APP,CD74,1.0577668,1.0,1.0094064,-0.12662585396955378,-inf,0.003198375,0.625123,0.8339339885790327,0.14689430780336146,0.8960641,1.0,0.45537883,-0.07999121366920012,-504.6784509025957,0.0011851642,0.58997756,0.03224259009724081,0.07051654313565016,0.0763777646677113,True
Microglia,Astrocyte,APP,CD74,0.8214754,1.0,0.6658797,-0.2515859862860406,-inf,0.0021098868,0.5752603,0.9567031021408721,0.20468850568811076,0.34787706,1.0,0.119308755,-0.34736002541581185,-506.8229549043041,0.00031051174,0.42413178,0.04004032785857775,0.128155160709315,0.07653334497879574,True
GABAergic,Pericyte,APP,CD74,0.96938723,1.0,0.7639552,-0.12933536415950153,-inf,0.0024206457,0.5919533,0.9159927671196109,0.16409359698939213,0.83966917,1.0,0.2878183,-0.08233829841612253,-512.3081011933683,0.00074907293,0.5335676,0.034722504491592025,0.08593546222400571,0.07815813476538643,True
Microglia,Oligodendrocyte,APP,CD74,0.92487586,1.0,0.8553173,-0.2484159972877193,-inf,0.002710133,0.6055221,0.8837373622104893,0.17509297015925063,0.5479336,1.0,0.27504292,-0.33903391269559713,-388.65320416635416,0.00071582384,0.5279138,0.03523264625632223,0.09504058174922146,0.08005238841002917,True
GABAergic,Endothelial,APP,CD74,0.94445264,1.0,0.6947059,-0.13009948856802325,-inf,0.0022012242,0.5804293,0.9464862151730583,0.17162204582624221,0.8451446,1.0,0.30408695,-0.0821103454349981,-494.0517812289764,0.00079141353,0.5404029,0.03421710641673166,0.08427524765690757,0.08734679816933465,True
Pericyte,Oligodendrocyte,APP,CD74,0.9812418,1.0,0.9605766,-0.21860667115215165,-inf,0.0030436544,0.61929536,0.8557550696760591,0.16206621515157965,0.8677971,1.0,0.72710073,-0.18302790696580723,-385.4432620855943,0.0018923448,0.64516205,0.029420038289210814,0.07359075958688452,0.08847545556469513,True
Microglia,Pericyte,APP,CD74,0.7330958,1.0,0.5039618,-0.25429549647598837,-inf,0.0015968385,0.5409187,1.0,0.2346690611690089,0.29148215,1.0,0.075408086,-0.34970711016273426,-514.4526051950768,0.0001962563,0.3692968,0.04738146763644658,0.14601327936321895,0.08865578180578995,True
Oligodendrocyte,Astrocyte,S100A8,CD68,0.73367,1.0,0.53748214,-0.18992484806446375,-inf,0.0030939486,0.54890305,0.8478030118679323,0.23308923240904866,0.31385475,1.0,0.088248186,-0.21127947840980044,-inf,0.00033022405,0.38778904,0.3883839468974212,0.13833097144594492,0.09475826096310375,True
Pericyte,Astrocyte,APP,CD74,0.87784123,1.0,0.747826,-0.22177666015047298,-inf,0.002369539,0.58937365,0.9261305867532758,0.18640346448962009,0.6677406,1.0,0.31540343,-0.19135401968602195,-503.61301282354424,0.0008208657,0.54493695,0.033716434031748115,0.08761056311441248,0.0987929013752076,True
Microglia,Endothelial,APP,CD74,0.70816123,1.0,0.45827982,-0.2550596208845101,-inf,0.0014520918,0.5291,1.0,0.24343861546429174,0.29695758,1.0,0.07967045,-0.3494791571816098,-496.19628523068474,0.0002073495,0.37572283,0.047072642722972256,0.14319832734629412,0.10024028811799762,True
Pericyte,Pericyte,APP,CD74,0.78946173,1.0,0.5659817,-0.22448617034042073,-inf,0.0017933528,0.55529106,0.9833849124645831,0.21069513530749695,0.61134565,1.0,0.19934805,-0.19370110443294436,-511.2426631143169,0.0005188212,0.48771104,0.03758746690484885,0.10094392290597293,0.10975121240152402,True
Pericyte,Endothelial,APP,CD74,0.7645272,1.0,0.5146779,-0.22525029474894248,-inf,0.0016307929,0.54353005,0.9998864859314163,0.21830808814188357,0.6168211,1.0,0.210616,-0.19347315145181992,-492.9863431499249,0.000548147,0.49458176,0.03732100806972917,0.09679449827736307,0.1215135898645205,True
Oligodendrocyte,Oligodendrocyte,S100A8,CD68,0.6503365,1.0,0.41052064,-0.21237517724505264,-inf,0.0023631107,0.5153713,0.9301932492497009,0.2630399832299871,0.32656848,1.0,0.098803885,-0.20352878482594383,-inf,0.0003697234,0.40128267,0.38501031746214137,0.13286053989431584,0.13017944333567127,True
Oligodendrocyte,Endothelial,S100A8,CD68,0.5825011,1.0,0.30717108,-0.23064839114967636,-inf,0.0017681917,0.4791356,0.9916280543184868,0.2918826189512108,0.2875845,1.0,0.06643709,-0.22729412838873037,-inf,0.00024860707,0.3546722,0.41403433767672154,0.15171615539089253,0.14016646356031828,True
Oligodendrocyte,Pericyte,S100A8,CD68,0.5535117,1.0,0.26300466,-0.23845946047266603,-inf,0.0015139533,0.4598063,1.0,0.29972364016462394,0.28671426,1.0,0.06571453,-0.2278249132804897,-inf,0.00024590327,0.35342178,0.4175001764573731,0.15315701263704157,0.14656662752758237,True
Astrocyte,Oligodendrocyte,APP,CD74,0.714679,1.0,0.46278965,-0.35956496072006516,-inf,0.0014663816,0.53031975,1.0,0.24103345632113166,0.60013586,1.0,0.34881955,-0.3135728288998398,-346.9482779112258,0.00090783415,0.55739224,0.03297424659705218,0.09215005449418458,0.1488834018269471,True
Astrocyte,Astrocyte,APP,CD74,0.6112785,1.0,0.36029,-0.3627349497183865,-inf,0.0011416042,0.49906152,1.0,0.27730599897433683,0.40007937,1.0,0.15131176,-0.3218989416200545,-465.1180286491757,0.0003938024,0.45338055,0.03839411461291845,0.11832994498253295,0.15897605399180387,True
Astrocyte,Astrocyte,S100A8,CD68,0.5095806,1.0,0.22125961,-0.19538829826239462,-inf,0.0012736532,0.43842906,1.0,0.3138721047035149,0.267914,1.0,0.06871604,-0.2118807548294689,-inf,0.00025713487,0.35854137,0.4088556027008434,0.15171615539089253,0.16215594931262237,True
Microglia,Astrocyte,S100A8,CD68,0.493714,1.0,0.19886956,-0.19577514842475072,-inf,0.0011447677,0.42534146,1.0,0.32014524923116405,0.2537792,1.0,0.06270649,-0.21206575780804138,-inf,0.0002346472,0.3480868,0.4244636796832436,0.15678549476786105,0.163359754463303,True
Pericyte,Astrocyte,S100A8,CD68,0.46826023,1.0,0.16295058,-0.19639571000178818,-inf,0.0009380046,0.40119585,1.0,0.3310155763794273,0.26252195,1.0,0.06642356,-0.21195133502895533,-inf,0.00024855646,0.35464892,0.4157659261062609,0.1546038995258488,0.1764116768535785,True
Astrocyte,Pericyte,APP,CD74,0.5228989,1.0,0.27268046,-0.36544445990833424,-inf,0.0008640072,0.4642963,1.0,0.3085352889454805,0.34368443,1.0,0.09563531,-0.3242460263669769,-472.74767893994834,0.00024889945,0.39737347,0.04346606805375167,0.13150837909558333,0.17702690984989716,True
Endothelial,Astrocyte,S100A8,CD68,0.45972234,1.0,0.15090242,-0.1966039027177664,-inf,0.00086865085,0.3920051,1.0,0.3457352221698398,0.23907292,1.0,0.056453973,-0.21225819758527725,-inf,0.00021125033,0.33626595,0.42971396990431177,0.16341117931493046,0.18232404285490936,True
Astrocyte,Endothelial,APP,CD74,0.49796438,1.0,0.24796315,-0.366208584316856,-inf,0.0007856886,0.4525016,1.0,0.3192460031390219,0.3491599,1.0,0.101041,-0.3240180733858525,-454.49135897555635,0.00026296824,0.4039752,0.041730823621578185,0.128155160709315,0.1910908424297069,True
Astrocyte,Oligodendrocyte,S100A8,CD68,0.42624712,1.0,0.16899471,-0.21783862744298352,-inf,0.0009727969,0.4055784,1.0,0.3475931551414343,0.28062773,1.0,0.076935425,-0.2041300612456123,-inf,0.00028789177,0.37163505,0.3934650492528146,0.14885260621255775,0.19874054892887655,True
Microglia,Oligodendrocyte,S100A8,CD68,0.4103805,1.0,0.15189353,-0.2182254776053396,-inf,0.0008743561,0.39278546,1.0,0.35600272641112907,0.26649293,1.0,0.07020705,-0.20431506422418477,-inf,0.00026271425,0.36101356,0.4037010367998124,0.15315701263704157,0.2028457137740875,True
Endothelial,Oligodendrocyte,S100A8,CD68,0.37638885,1.0,0.11525696,-0.2190542318983553,-inf,0.0006634622,0.36040047,1.0,0.38267049069486747,0.25178665,1.0,0.06320664,-0.20450750400142068,-inf,0.0002365188,0.34898874,0.4227188403334222,0.1589805930828902,0.22368989761197727,True
Pericyte,Oligodendrocyte,S100A8,CD68,0.38492674,1.0,0.12445916,-0.2188460391823771,-inf,0.00071643357,0.36930034,1.0,0.3759327017192982,0.2752357,1.0,0.07436874,-0.20420064144509875,-inf,0.00027828725,0.36768195,0.3985707991537281,0.1502813704792602,0.225651331240038,True
Astrocyte,Endothelial,S100A8,CD68,0.35841173,1.0,0.12644987,-0.23611184134760724,-inf,0.00072789285,0.37115026,1.0,0.39628555241632174,0.24164379,1.0,0.051732432,-0.22789540480839882,-inf,0.00019358237,0.32658982,0.43675094032106077,0.16415480911615277,0.23213074330016897,True
Microglia,Endothelial,S100A8,CD68,0.34254515,1.0,0.11365396,-0.23649869150996333,-inf,0.0006542348,0.35878783,1.0,0.4031620478525971,0.22750896,1.0,0.047208183,-0.2280804077869713,-inf,0.00017665265,0.3166071,0.449165195167217,0.16864781498540274,0.2345142328671944,True
Astrocyte,Pericyte,S100A8,CD68,0.3294223,1.0,0.10826836,-0.2439229106705969,-inf,0.0006232332,0.35322303,1.0,0.4140598544602849,0.2407735,1.0,0.051169805,-0.22842618970015818,-inf,0.00019147701,0.32538846,0.4385166767642694,0.1648999251210039,0.24915992933928102,True
Microglia,Pericyte,S100A8,CD68,0.31355572,1.0,0.097312294,-0.244309760832953,-inf,0.000560166,0.3411338,1.0,0.4250687034228374,0.2266387,1.0,0.04669476,-0.22861119267873065,-inf,0.00017473142,0.31542525,0.452735171232863,0.1694018518665584,0.255666851556279,True
Endothelial,Endothelial,S100A8,CD68,0.3085535,1.0,0.08624074,-0.23732744580297901,-inf,0.000496434,0.3276932,1.0,0.4280901588177607,0.21280268,1.0,0.042501014,-0.22827284756420718,-inf,0.00015903848,0.3053545,0.45631530490742583,0.17091432037059373,0.25717583844716696,True
Pericyte,Endothelial,S100A8,CD68,0.31709135,1.0,0.09312626,-0.23711925308700083,-inf,0.0005360697,0.3362099,1.0,0.4240633452397875,0.23625174,1.0,0.050006554,-0.22796598500788526,-inf,0.00018712415,0.32286966,0.4438293780659477,0.16639464296608014,0.25766870227370736,True
Endothelial,Pericyte,S100A8,CD68,0.27956408,1.0,0.07384066,-0.24513851512596868,-inf,0.00042505452,0.31082752,1.0,0.4433188327766586,0.21193242,1.0,0.042038783,-0.22880363245596655,-inf,0.00015730881,0.304196,1.0,0.17243264982930379,0.27088618294735484,True
Pericyte,Pericyte,S100A8,CD68,0.28810194,1.0,0.07973616,-0.24493032240999046,-inf,0.0004589912,0.31911394,1.0,0.43923817658688535,0.23538145,1.0,0.0494627,-0.22849676989964463,-inf,0.00018508903,0.32167545,0.4456054230939075,0.167144242117583,0.27209393446930236,True
