compound,gene,binding_probability
Apigenin,SLC1A5,0.45683833956718445
Genistein,SLC1A5,0.45677584409713745
Chrysin,SLC1A5,0.456575870513916
Apigenin,CD74,0.45648741722106934
Genistein,CD74,0.45642492175102234
Apigenin,LGMN,0.4563087224960327
Apigenin,CTSB,0.4562697112560272
Genistein,LGMN,0.4562462866306305
Genistein,CTSB,0.456207275390625
Chrysin,CD74,0.4562050998210907
Apigenin,LCN2,0.4561462104320526
Apigenin,NR1D1,0.45614054799079895
Daidzein,SLC1A5,0.4561176896095276
Apigenin,IRF1,0.4561072587966919
Apigenin,HIF1A,0.45610418915748596
Genistein,LCN2,0.456083744764328
Genistein,NR1D1,0.45607805252075195
Genistein,IRF1,0.4560448229312897
Genistein,HIF1A,0.45604169368743896
Chrysin,LGMN,0.456023246049881
Luteolin,SLC1A5,0.4559972882270813
Chrysin,CTSB,0.45598429441452026
Apigenin,ZEB1,0.4559514820575714
Apigenin,RUNX3,0.4559505879878998
Apigenin,ATG3,0.4559120237827301
Genistein,ZEB1,0.4558889865875244
Genistein,RUNX3,0.45588815212249756
Chrysin,NR1D1,0.45586276054382324
Chrysin,LCN2,0.4558607339859009
Genistein,ATG3,0.4558548033237457
Apigenin,SOCS1,0.4558424949645996
Apigenin,IRF9,0.45582759380340576
Chrysin,IRF1,0.45582184195518494
Chrysin,HIF1A,0.45581868290901184
Apigenin,BCL6,0.45580214262008667
Apigenin,SP1,0.45578885078430176
Genistein,SOCS1,0.455780029296875
Apigenin,CXCL10,0.4557691514492035
Daidzein,CD74,0.45576685667037964
Genistein,IRF9,0.45576509833335876
Genistein,BCL6,0.45574483275413513
Genistein,SP1,0.45572641491889954
Apigenin,PTGS2,0.4557134509086609
Kaempferol,SLC1A5,0.45570942759513855
Genistein,CXCL10,0.4557066559791565
Apigenin,MAP3K14,0.4556892216205597
Apigenin,HMOX1,0.45568159222602844
Apigenin,IL1B,0.4556795358657837
Chrysin,ZEB1,0.4556660056114197
Chrysin,RUNX3,0.4556651711463928
Apigenin,IFNG,0.4556596279144287
Genistein,PTGS2,0.4556509256362915
Luteolin,CD74,0.45564839243888855
Genistein,MAP3K14,0.4556267559528351
Chrysin,ATG3,0.45562419295310974
Genistein,HMOX1,0.45561909675598145
Genistein,IL1B,0.4556170701980591
Apigenin,MAPK1,0.4556148648262024
Apigenin,YAP1,0.4556071162223816
Apigenin,S100A8,0.4556023180484772
Apigenin,TXNIP,0.4555976986885071
Genistein,IFNG,0.4555971622467041
Daidzein,LGMN,0.4555932879447937
Apigenin,ALOX15,0.45558789372444153
Apigenin,TLR4,0.45557281374931335
Apigenin,HMGB1,0.4555701017379761
Apigenin,IL6,0.45556578040122986
Apigenin,TNFAIP1,0.45556241273880005
Chrysin,SOCS1,0.45555707812309265
Apigenin,KEAP1,0.4555552005767822
Apigenin,TFRC,0.45555415749549866
Genistein,MAPK1,0.4555523693561554
Daidzein,CTSB,0.4555523693561554
Apigenin,FBXO31,0.45555222034454346
Genistein,S100A8,0.45554500818252563
Genistein,YAP1,0.455544650554657
Chrysin,IRF9,0.4555421471595764
Apigenin,IGFBP7,0.4555405080318451
Apigenin,SOCS2,0.45553937554359436
Genistein,TXNIP,0.4555352032184601
Genistein,ALOX15,0.455525666475296
Apigenin,LIFR,0.45552244782447815
Apigenin,EPHA2,0.4555216431617737
Chrysin,BCL6,0.45551639795303345
Genistein,TLR4,0.45551037788391113
Apigenin,SOD1,0.4555085003376007
Genistein,HMGB1,0.4555076062679291
Genistein,FBXO31,0.45550665259361267
Genistein,TNFAIP1,0.4555051326751709
Chrysin,SP1,0.4555034637451172
Genistein,IL6,0.45550331473350525
Genistein,KEAP1,0.4554979205131531
Genistein,TFRC,0.4554968774318695
Luteolin,LGMN,0.4554954469203949
Chrysin,CXCL10,0.4554837644100189
Genistein,IGFBP7,0.4554780125617981
Genistein,SOCS2,0.45547688007354736
Apigenin,EDN1,0.45547184348106384
Apigenin,MPO,0.4554707109928131
Genistein,EPHA2,0.455463171005249
Apigenin,SMURF2,0.4554606080055237
Genistein,LIFR,0.45545992255210876
Luteolin,CTSB,0.4554545283317566
Genistein,SOD1,0.45544925332069397
Apigenin,EGR1,0.45543691515922546
Chrysin,PTGS2,0.45542797446250916
Daidzein,LCN2,0.4554257094860077
Daidzein,NR1D1,0.45542004704475403
Genistein,MPO,0.45541343092918396
Genistein,EDN1,0.45540937781333923
Scutellarein,SLC1A5,0.4554087817668915
Chrysin,MAP3K14,0.45540380477905273
Genistein,SMURF2,0.4554033577442169
Apigenin,PRKD1,0.4553978145122528
Chrysin,HMOX1,0.4553961157798767
Chrysin,IL1B,0.45539405941963196
Daidzein,IRF1,0.45538684725761414
Apigenin,TNFAIP3,0.4553855359554291
Daidzein,HIF1A,0.45538365840911865
Apigenin,E2F1,0.4553799033164978
Genistein,EGR1,0.45537447929382324
Chrysin,IFNG,0.45537418127059937
Apigenin,MAPK14,0.4553709030151367
Galangin,SLC1A5,0.4553673565387726
Kaempferol,CD74,0.455353707075119
Genistein,PRKD1,0.4553353190422058
Chrysin,MAPK1,0.45532944798469543
Genistein,TNFAIP3,0.45532330870628357
Chrysin,YAP1,0.45532166957855225
Luteolin,LCN2,0.45532047748565674
Genistein,E2F1,0.4553174376487732
Chrysin,S100A8,0.45531243085861206
Chrysin,TXNIP,0.4553122818470001
Genistein,MAPK14,0.4553084373474121
Chrysin,ALOX15,0.45530250668525696
Chrysin,TLR4,0.455287367105484
Chrysin,HMGB1,0.45528465509414673
Luteolin,NR1D1,0.4552817940711975
Luteolin,HIF1A,0.45528125762939453
Chrysin,IL6,0.4552803635597229
Apigenin,NLRP3,0.4552750289440155
Chrysin,TNFAIP1,0.4552723467350006
Chrysin,KEAP1,0.45526841282844543
Luteolin,IRF1,0.4552672207355499
Apigenin,KDM6B,0.4552650451660156
Chrysin,TFRC,0.4552640914916992
Chrysin,FBXO31,0.45526212453842163
Chrysin,IGFBP7,0.45525506138801575
Chrysin,SOCS2,0.4552539587020874
Apigenin,NOX4,0.45524829626083374
Apigenin,FOSL1,0.45523712038993835
Chrysin,LIFR,0.4552370309829712
Chrysin,EPHA2,0.4552362859249115
Daidzein,ZEB1,0.45523104071617126
Daidzein,RUNX3,0.45523014664649963
Chrysin,SOD1,0.45522305369377136
Genistein,NLRP3,0.4552125632762909
Daidzein,ATG3,0.4552047550678253
Genistein,KDM6B,0.4552035629749298
Kaempferol,LGMN,0.4552007019519806
Apigenin,IRF7,0.45519497990608215
Chrysin,EDN1,0.4551863968372345
Genistein,NOX4,0.45518580079078674
Chrysin,MPO,0.45518064498901367
Genistein,FOSL1,0.45517462491989136
Chrysin,SMURF2,0.45517057180404663
Kaempferol,CTSB,0.4551598131656647
Apigenin,MEN1,0.45515570044517517
Chrysin,EGR1,0.4551514983177185
Apigenin,PDE4B,0.4551348090171814
Apigenin,PPP2R2B,0.45513463020324707
Genistein,IRF7,0.45513248443603516
Luteolin,ZEB1,0.4551323354244232
Daidzein,SOCS1,0.45512208342552185
Genistein,PDE4B,0.45512035489082336
Chrysin,PRKD1,0.45511239767074585
Daidzein,IRF9,0.45510825514793396
Luteolin,ATG3,0.45510685443878174
Luteolin,RUNX3,0.45510178804397583
Chrysin,TNFAIP3,0.4551001489162445
Genistein,MEN1,0.45509660243988037
Daidzein,BCL6,0.4550948143005371
Chrysin,E2F1,0.45509445667266846
Chrysin,MAPK14,0.45508554577827454
Genistein,PPP2R2B,0.4550773501396179
Apigenin,SMARCB1,0.455070823431015
Daidzein,SP1,0.4550684988498688
Scutellarein,CD74,0.4550599455833435
Daidzein,CXCL10,0.45504873991012573
Baicalein,SLC1A5,0.45504751801490784
Apigenin,ATF3,0.4550388753414154
Apigenin,LPCAT3,0.45503535866737366
Kaempferol,LCN2,0.4550257921218872
Apigenin,WWTR1,0.45502084493637085
Luteolin,SOCS1,0.4550163745880127
Quercetin,SLC1A5,0.45501434803009033
Genistein,SMARCB1,0.45501354336738586
Luteolin,IRF9,0.45501038432121277
Galangin,CD74,0.454998642206192
Luteolin,BCL6,0.4549969732761383
Daidzein,PTGS2,0.45499300956726074
Chrysin,NLRP3,0.4549896717071533
Kaempferol,NR1D1,0.454987108707428
Kaempferol,HIF1A,0.4549866020679474
Genistein,ATF3,0.45498162508010864
Chrysin,KDM6B,0.45497962832450867
Apigenin,WNT5A,0.4549795091152191
Daidzein,MAP3K14,0.4549753963947296
Genistein,LPCAT3,0.45497289299964905
Kaempferol,IRF1,0.45497259497642517
Apigenin,BRD7,0.45496997237205505
Genistein,WWTR1,0.4549699127674103
Luteolin,SP1,0.4549676477909088
Genistein,WNT5A,0.4549674093723297
Chrysin,NOX4,0.45496290922164917
Daidzein,HMOX1,0.4549611806869507
Daidzein,IL1B,0.4549591541290283
Apigenin,EPHA4,0.4549560546875
Chrysin,FOSL1,0.4549517035484314
Luteolin,CXCL10,0.45494407415390015
Daidzein,IFNG,0.45493921637535095
Genistein,BRD7,0.45491158962249756
Chrysin,IRF7,0.45490962266921997
Scutellarein,LGMN,0.45490705966949463
Daidzein,S100A8,0.45489510893821716
Daidzein,MAPK1,0.4548945128917694
Genistein,EPHA4,0.4548935294151306
Luteolin,PTGS2,0.45489105582237244
Daidzein,YAP1,0.4548867642879486
Luteolin,MAP3K14,0.4548775553703308
Daidzein,TXNIP,0.4548773467540741
Apigenin,E2F3,0.454877108335495
Daidzein,ALOX15,0.4548756778240204
Chrysin,MEN1,0.454870343208313
Genistein,PTBP1,0.4548693001270294
Scutellarein,CTSB,0.4548661708831787
Luteolin,HMOX1,0.45485761761665344
Daidzein,TNFAIP1,0.45485514402389526
Daidzein,TLR4,0.45485249161720276
Daidzein,HMGB1,0.4548514485359192
Daidzein,KEAP1,0.45484796166419983
Daidzein,TFRC,0.45484697818756104
Daidzein,IL6,0.4548454284667969
Daidzein,FBXO31,0.45484498143196106
Chrysin,PDE4B,0.45484480261802673
Chrysin,PPP2R2B,0.45484456419944763
Luteolin,IL1B,0.45484113693237305
Kaempferol,ZEB1,0.45483770966529846
Galangin,LGMN,0.45483601093292236
Luteolin,IFNG,0.45482969284057617
Daidzein,IGFBP7,0.4548201262950897
Daidzein,SOCS2,0.454818993806839
Genistein,E2F3,0.4548146724700928
Daidzein,EPHA2,0.45481324195861816
Kaempferol,ATG3,0.45481225848197937
Kaempferol,RUNX3,0.4548071026802063
Daidzein,LIFR,0.4548058807849884
Daidzein,SOD1,0.45479923486709595
Luteolin,S100A8,0.45479726791381836
Galangin,CTSB,0.45479509234428406
Luteolin,MAPK1,0.45478856563568115
Chrysin,SMARCB1,0.4547822177410126
Luteolin,YAP1,0.4547799825668335
Apigenin,PTBP1,0.4547787010669708
Luteolin,ALOX15,0.4547778367996216
Daidzein,MPO,0.4547634720802307
Luteolin,TXNIP,0.4547581076622009
Luteolin,TNFAIP1,0.45475736260414124
Daidzein,EDN1,0.45475631952285767
Luteolin,HMGB1,0.45475366711616516
Daidzein,SMURF2,0.45475342869758606
Luteolin,KEAP1,0.454750120639801
Chrysin,LPCAT3,0.4547500014305115
Luteolin,TFRC,0.45474913716316223
Chrysin,ATF3,0.45474886894226074
Luteolin,FBXO31,0.45474717020988464
Luteolin,TLR4,0.45474064350128174
Chrysin,WWTR1,0.45473402738571167
Scutellarein,LCN2,0.45473212003707886
Luteolin,IL6,0.45473188161849976
Kaempferol,SOCS1,0.45472171902656555
Daidzein,EGR1,0.45472151041030884
Luteolin,SOCS2,0.45471757650375366
Kaempferol,IRF9,0.454715758562088
Luteolin,EPHA2,0.45471540093421936
Luteolin,LIFR,0.4547080099582672
Luteolin,IGFBP7,0.45470574498176575
Kaempferol,BCL6,0.45470234751701355
Luteolin,SOD1,0.45470139384269714
Apigenin,DPEP1,0.4546961784362793
Scutellarein,NR1D1,0.45469340682029724
Scutellarein,HIF1A,0.45469292998313904
Chrysin,WNT5A,0.4546928405761719
Chrysin,BRD7,0.45468464493751526
Baicalein,CD74,0.4546795189380646
Scutellarein,IRF1,0.4546789228916168
Daidzein,PRKD1,0.4546774923801422
Daidzein,TNFAIP3,0.4546734094619751
Apigenin,ICA1,0.4546732008457184
Kaempferol,SP1,0.45467302203178406
Chrysin,EPHA4,0.45467063784599304
Luteolin,MPO,0.4546656310558319
Daidzein,E2F1,0.45466551184654236
Quercetin,CD74,0.45466551184654236
Galangin,LCN2,0.454661101102829
Luteolin,EDN1,0.45465853810310364
Luteolin,SMURF2,0.45465555787086487
Daidzein,MAPK14,0.4546506404876709
Kaempferol,CXCL10,0.454649418592453
Galangin,NR1D1,0.4546366333961487
Genistein,DPEP1,0.4546337425708771
Apigenin,SNCA,0.4546256959438324
Luteolin,EGR1,0.45462366938591003
Galangin,HIF1A,0.45462197065353394
Apigenin,MCU,0.454619824886322
Genistein,ICA1,0.45461174845695496
Galangin,IRF1,0.45460787415504456
Apigenin,ERN1,0.45460718870162964
Apigenin,HERPUD1,0.454598993062973
Kaempferol,PTGS2,0.4545964300632477
Genistein,ERN1,0.454595148563385
Chrysin,E2F3,0.4545918107032776
Kaempferol,MAP3K14,0.45458292961120605
Luteolin,TNFAIP3,0.4545755386352539
Luteolin,E2F1,0.45456767082214355
Genistein,SNCA,0.4545665383338928
Fisetin,SLC1A5,0.4545658826828003
Genistein,HERPUD1,0.4545646011829376
Kaempferol,HMOX1,0.4545629918575287
Genistein,MCU,0.4545574188232422
Daidzein,NLRP3,0.4545547664165497
Daidzein,KDM6B,0.45455366373062134
Luteolin,MAPK14,0.45455121994018555
Kaempferol,IL1B,0.45454657077789307
Scutellarein,ZEB1,0.4545441269874573
Apigenin,PADI4,0.4545387327671051
Kaempferol,IFNG,0.4545350968837738
Daidzein,NOX4,0.45452800393104553
Baicalein,LGMN,0.4545265734195709
Luteolin,PRKD1,0.45452582836151123
Daidzein,FOSL1,0.4545218050479889
Scutellarein,ATG3,0.454518586397171
Scutellarein,RUNX3,0.4545134902000427
Quercetin,LGMN,0.4545126259326935
Apigenin,ACVR1B,0.4545079171657562
Kaempferol,S100A8,0.4545026421546936
Genistein,ACVR1B,0.45449692010879517
Kaempferol,MAPK1,0.454493910074234
Chrysin,PTBP1,0.45449337363243103
Baicalein,CTSB,0.4544857144355774
Kaempferol,YAP1,0.4544854164123535
Kaempferol,ALOX15,0.4544832408428192
Genistein,PADI4,0.4544762372970581
Daidzein,IRF7,0.45447471737861633
Galangin,ZEB1,0.4544731080532074
Quercetin,CTSB,0.4544717073440552
Kaempferol,TXNIP,0.45446348190307617
Kaempferol,TNFAIP1,0.45446276664733887
Kaempferol,HMGB1,0.454459011554718
Luteolin,KDM6B,0.4544558525085449
Kaempferol,KEAP1,0.45445552468299866
Kaempferol,TFRC,0.4544544816017151
Kaempferol,FBXO31,0.4544525146484375
Luteolin,NLRP3,0.4544503390789032
Galangin,ATG3,0.45444759726524353
Daidzein,MEN1,0.4544467031955719
Kaempferol,TLR4,0.454446017742157
Galangin,RUNX3,0.45444247126579285
Daidzein,PDE4B,0.45444196462631226
Kaempferol,IL6,0.454437255859375
Scutellarein,SOCS1,0.4544280767440796
Daidzein,PPP2R2B,0.4544275104999542
Luteolin,FOSL1,0.4544239640235901
Kaempferol,SOCS2,0.4544229805469513
Scutellarein,IRF9,0.45442211627960205
Kaempferol,EPHA2,0.454420804977417
Kaempferol,LIFR,0.45441341400146484
Kaempferol,IGFBP7,0.4544111490249634
Chrysin,DPEP1,0.4544108510017395
Scutellarein,BCL6,0.4544087052345276
Kaempferol,SOD1,0.45440682768821716
Luteolin,NOX4,0.4544025957584381
Chrysin,ICA1,0.454387903213501
Scutellarein,SP1,0.4543793499469757
Apigenin,SPATA2,0.454374223947525
Luteolin,IRF7,0.45437222719192505
Kaempferol,MPO,0.45437103509902954
Kaempferol,EDN1,0.4543638825416565
Daidzein,SMARCB1,0.45436370372772217
Kaempferol,SMURF2,0.4543609917163849
Galangin,SOCS1,0.4543571174144745
Scutellarein,CXCL10,0.4543558359146118
Baicalein,LCN2,0.4543516933917999
Galangin,IRF9,0.4543510973453522
Luteolin,MEN1,0.4543488919734955
Chrysin,SNCA,0.4543403685092926
Quercetin,LCN2,0.4543377459049225
Galangin,BCL6,0.4543377161026001
Chrysin,MCU,0.454334557056427
Daidzein,ATF3,0.45433181524276733
Luteolin,PDE4B,0.4543299376964569
Luteolin,PPP2R2B,0.45432963967323303
Kaempferol,EGR1,0.4543290436267853
Chrysin,ERN1,0.45432186126708984
Genistein,SPATA2,0.4543169438838959
Baicalein,NR1D1,0.4543168544769287
Apigenin,ABCC1,0.4543161988258362
Daidzein,LPCAT3,0.454315185546875
Daidzein,WWTR1,0.4543137848377228
Chrysin,HERPUD1,0.4543136954307556
Baicalein,HIF1A,0.4543125629425049
Galangin,SP1,0.4543083906173706
Scutellarein,PTGS2,0.4543028175830841
Quercetin,NR1D1,0.45429909229278564
Quercetin,HIF1A,0.45429858565330505
Baicalein,IRF1,0.4542984962463379
Scutellarein,MAP3K14,0.4542892873287201
Daidzein,WNT5A,0.454289048910141
Galangin,CXCL10,0.45428475737571716
Quercetin,IRF1,0.45428457856178284
Kaempferol,TNFAIP3,0.4542809724807739
Kaempferol,E2F1,0.4542730450630188
Scutellarein,HMOX1,0.4542693495750427
Luteolin,SMARCB1,0.45426586270332336
Genistein,ABCC1,0.45426511764526367
Daidzein,BRD7,0.45426174998283386
Kaempferol,MAPK14,0.4542566239833832
Chrysin,PADI4,0.4542534351348877
Scutellarein,IL1B,0.4542529881000519
Scutellarein,IFNG,0.45424145460128784
Daidzein,EPHA4,0.45423585176467896
Luteolin,ATF3,0.4542340040206909
Galangin,PTGS2,0.4542318284511566
Kaempferol,PRKD1,0.45423123240470886
Apigenin,SAT1,0.4542306363582611
Chrysin,ACVR1B,0.45422258973121643
Galangin,MAP3K14,0.4542182981967926
Luteolin,WWTR1,0.45421597361564636
Scutellarein,S100A8,0.45420899987220764
Fisetin,CD74,0.45420345664024353
Scutellarein,MAPK1,0.4542003571987152
Galangin,HMOX1,0.4541983902454376
Luteolin,LPCAT3,0.45419302582740784
Scutellarein,YAP1,0.45419177412986755
Daidzein,PTBP1,0.4541909992694855
Scutellarein,ALOX15,0.45418962836265564
Galangin,IL1B,0.4541819393634796
Luteolin,WNT5A,0.45417457818984985
Genistein,SAT1,0.45417338609695435
Galangin,IFNG,0.45417049527168274
Scutellarein,TXNIP,0.454169899225235
Scutellarein,TNFAIP1,0.4541691541671753
Scutellarein,HMGB1,0.45416542887687683
Luteolin,BRD7,0.45416393876075745
Baicalein,ZEB1,0.45416370034217834
Scutellarein,KEAP1,0.45416194200515747
Kaempferol,KDM6B,0.45416128635406494
Apigenin,COX7A1,0.454161137342453
Scutellarein,TFRC,0.4541608989238739
Scutellarein,FBXO31,0.4541589319705963
Daidzein,E2F3,0.4541587233543396
Kaempferol,NLRP3,0.45415574312210083
Scutellarein,TLR4,0.4541524350643158
Quercetin,ZEB1,0.45414969325065613
Scutellarein,IL6,0.4541436433792114
Baicalein,ATG3,0.45413821935653687
Galangin,S100A8,0.45413804054260254
Baicalein,RUNX3,0.4541330635547638
Kaempferol,FOSL1,0.4541293680667877
Galangin,MAPK1,0.45412933826446533
Scutellarein,SOCS2,0.45412933826446533
Genistein,COX7A1,0.45412933826446533
Scutellarein,EPHA2,0.45412716269493103
Quercetin,ATG3,0.4541242718696594
Galangin,YAP1,0.45412078499794006
Scutellarein,LIFR,0.45411983132362366
Quercetin,RUNX3,0.45411911606788635
Galangin,ALOX15,0.45411860942840576
Scutellarein,IGFBP7,0.4541175365447998
Scutellarein,SOD1,0.454113245010376
Kaempferol,NOX4,0.45410799980163574
Luteolin,EPHA4,0.45410504937171936
Galangin,TXNIP,0.4540989100933075
Galangin,TNFAIP1,0.4540981650352478
Galangin,HMGB1,0.45409440994262695
Galangin,KEAP1,0.4540908932685852
Galangin,TFRC,0.4540899097919464
Galangin,FBXO31,0.4540879428386688
Chrysin,SPATA2,0.4540843069553375
Galangin,TLR4,0.45408138632774353
Kaempferol,IRF7,0.45407766103744507
Scutellarein,MPO,0.45407742261886597
Galangin,IL6,0.45407265424728394
Scutellarein,EDN1,0.4540703296661377
Scutellarein,SMURF2,0.4540673792362213
Luteolin,E2F3,0.4540609121322632
Galangin,SOCS2,0.45405834913253784
Galangin,EPHA2,0.45405617356300354
Kaempferol,MEN1,0.4540543258190155
Fisetin,LGMN,0.45405057072639465
Galangin,LIFR,0.4540488123893738
Baicalein,SOCS1,0.4540477395057678
Galangin,IGFBP7,0.4540465474128723
Galangin,SOD1,0.4540422260761261
Baicalein,IRF9,0.4540417194366455
Scutellarein,EGR1,0.4540354907512665
Kaempferol,PDE4B,0.45403534173965454
Kaempferol,PPP2R2B,0.45403504371643066
Quercetin,SOCS1,0.454033762216568
Chrysin,ABCC1,0.4540309011936188
Baicalein,BCL6,0.4540283679962158
Quercetin,IRF9,0.45402777194976807
Quercetin,BCL6,0.454014390707016
Fisetin,CTSB,0.45400968194007874
Galangin,MPO,0.4540064334869385
Galangin,EDN1,0.4539993703365326
Baicalein,SP1,0.45399898290634155
Galangin,SMURF2,0.4539964199066162
Scutellarein,TNFAIP3,0.45398736000061035
Quercetin,SP1,0.4539850056171417
Scutellarein,E2F1,0.4539795219898224
Daidzein,DPEP1,0.4539760649204254
Baicalein,CXCL10,0.4539754390716553
Kaempferol,SMARCB1,0.4539712965488434
Luteolin,PTBP1,0.4539695978164673
Galangin,EGR1,0.4539644718170166
Scutellarein,MAPK14,0.4539630115032196
Daidzein,ICA1,0.4539620280265808
Quercetin,CXCL10,0.45396149158477783
Apigenin,DYRK1A,0.45394304394721985
Chrysin,SAT1,0.453940749168396
Kaempferol,ATF3,0.45393940806388855
Scutellarein,PRKD1,0.4539376497268677
Baicalein,PTGS2,0.45392248034477234
Kaempferol,WWTR1,0.45392143726348877
Daidzein,SNCA,0.4539168179035187
Galangin,TNFAIP3,0.45391637086868286
Daidzein,ERN1,0.4539095163345337
Baicalein,MAP3K14,0.4539089500904083
Quercetin,PTGS2,0.4539085328578949
Galangin,E2F1,0.4539084732532501
Daidzein,MCU,0.45390042662620544
Kaempferol,LPCAT3,0.45389845967292786
Quercetin,MAP3K14,0.4538950026035309
Galangin,MAPK14,0.4538920521736145
Baicalein,HMOX1,0.45388901233673096
Daidzein,HERPUD1,0.45388686656951904
Genistein,DYRK1A,0.45388057827949524
Kaempferol,WNT5A,0.45388007164001465
Chrysin,COX7A1,0.453875869512558
Fisetin,LCN2,0.45387572050094604
Quercetin,HMOX1,0.4538750648498535
Luteolin,DPEP1,0.45387428998947144
Baicalein,IL1B,0.4538726210594177
Kaempferol,BRD7,0.45386937260627747
Scutellarein,KDM6B,0.45386770367622375
Galangin,PRKD1,0.4538666605949402
Luteolin,ICA1,0.4538642168045044
Scutellarein,NLRP3,0.45386219024658203
Baicalein,IFNG,0.45386117696762085
Quercetin,IL1B,0.4538586735725403
Quercetin,IFNG,0.45384716987609863
Fisetin,NR1D1,0.4538370668888092
Fisetin,HIF1A,0.4538365602493286
Scutellarein,FOSL1,0.4538358449935913
Baicalein,S100A8,0.45382872223854065
Fisetin,IRF1,0.453822523355484
Baicalein,MAPK1,0.45382001996040344
Luteolin,SNCA,0.4538189768791199
Daidzein,ACVR1B,0.453818678855896
Daidzein,PADI4,0.4538186490535736
Quercetin,S100A8,0.45381471514701843
Scutellarein,NOX4,0.45381441712379456
Baicalein,YAP1,0.4538114368915558
Kaempferol,EPHA4,0.45381054282188416
Baicalein,ALOX15,0.45380932092666626
Quercetin,MAPK1,0.4538060128688812
Luteolin,MCU,0.4538026750087738
Quercetin,YAP1,0.45379748940467834
Galangin,KDM6B,0.4537966847419739
Quercetin,ALOX15,0.45379531383514404
Galangin,NLRP3,0.45379120111465454
Luteolin,ERN1,0.4537898302078247
Baicalein,TXNIP,0.45378953218460083
Luteolin,HERPUD1,0.45378902554512024
Baicalein,TNFAIP1,0.4537888467311859
Baicalein,HMGB1,0.45378512144088745
Scutellarein,IRF7,0.45378413796424866
Baicalein,KEAP1,0.4537815749645233
Baicalein,TFRC,0.4537805914878845
Baicalein,FBXO31,0.45377862453460693
Quercetin,TXNIP,0.4537755846977234
Quercetin,TNFAIP1,0.4537748396396637
Baicalein,TLR4,0.45377209782600403
Quercetin,HMGB1,0.45377117395401
Quercetin,KEAP1,0.4537676274776459
Quercetin,TFRC,0.4537666141986847
Kaempferol,E2F3,0.4537663459777832
Galangin,FOSL1,0.45376482605934143
Quercetin,FBXO31,0.4537646472454071
Baicalein,IL6,0.45376330614089966
Scutellarein,MEN1,0.4537607729434967
Quercetin,TLR4,0.4537581205368042
Quercetin,IL6,0.4537493586540222
Baicalein,SOCS2,0.45374903082847595
Baicalein,EPHA2,0.45374685525894165
Galangin,NOX4,0.45374342799186707
Scutellarein,PDE4B,0.45374181866645813
Scutellarein,PPP2R2B,0.45374152064323425
Baicalein,LIFR,0.4537394940853119
Baicalein,IGFBP7,0.45373719930648804
Quercetin,SOCS2,0.45373502373695374
Quercetin,EPHA2,0.4537328779697418
Baicalein,SOD1,0.4537328779697418
Quercetin,LIFR,0.45372551679611206
Quercetin,IGFBP7,0.4537232518196106
Quercetin,SOD1,0.4537189304828644
Galangin,IRF7,0.4537130892276764
Formononetin,SLC1A5,0.45370951294898987
Luteolin,PADI4,0.4537064731121063
Luteolin,ACVR1B,0.45369866490364075
Baicalein,MPO,0.453697144985199
Baicalein,EDN1,0.4536900222301483
Galangin,MEN1,0.4536897838115692
Fisetin,ZEB1,0.45368772745132446
Baicalein,SMURF2,0.4536871016025543
Quercetin,MPO,0.45368316769599915
Scutellarein,SMARCB1,0.453677773475647
Quercetin,EDN1,0.4536760449409485
Kaempferol,PTBP1,0.4536750614643097
Quercetin,SMURF2,0.4536730945110321
Galangin,PDE4B,0.45367079973220825
Galangin,PPP2R2B,0.45367056131362915
Daidzein,SPATA2,0.4536673128604889
Fisetin,ATG3,0.4536622166633606
Chrysin,DYRK1A,0.4536578059196472
Fisetin,RUNX3,0.4536570906639099
Baicalein,EGR1,0.4536551535129547
Scutellarein,ATF3,0.45364585518836975
Quercetin,EGR1,0.45364120602607727
Scutellarein,WWTR1,0.4536278545856476
Baicalein,TNFAIP3,0.45360705256462097
Galangin,SMARCB1,0.4536067545413971
Scutellarein,LPCAT3,0.45360490679740906
Baicalein,E2F1,0.453599214553833
Daidzein,ABCC1,0.45359617471694946
Quercetin,TNFAIP3,0.4535931348800659
Scutellarein,WNT5A,0.45358651876449585
Quercetin,E2F1,0.4535852372646332
Baicalein,MAPK14,0.4535827338695526
Kaempferol,DPEP1,0.45357978343963623
Scutellarein,BRD7,0.45357584953308105
Galangin,ATF3,0.45357489585876465
Fisetin,SOCS1,0.45357179641723633
Kaempferol,ICA1,0.4535696804523468
Luteolin,SPATA2,0.4535694718360901
Quercetin,MAPK14,0.45356878638267517
Fisetin,IRF9,0.4535658061504364
Baicalein,PRKD1,0.4535573720932007
Galangin,WWTR1,0.45355692505836487
Fisetin,BCL6,0.4535524249076843
Quercetin,PRKD1,0.45354339480400085
Galangin,LPCAT3,0.45353397727012634
Kaempferol,SNCA,0.45352447032928467
Daidzein,SAT1,0.45352378487586975
Fisetin,SP1,0.45352309942245483
Scutellarein,EPHA4,0.45351701974868774
Galangin,WNT5A,0.45351552963256836
Kaempferol,MCU,0.4535081386566162
Galangin,BRD7,0.45350486040115356
Fisetin,CXCL10,0.4534994661808014
Luteolin,ABCC1,0.453496515750885
Kaempferol,ERN1,0.4534952938556671
Kaempferol,HERPUD1,0.45349448919296265
Baicalein,KDM6B,0.45348745584487915
Baicalein,NLRP3,0.45348191261291504
Quercetin,KDM6B,0.4534734785556793
Scutellarein,E2F3,0.4534728229045868
Quercetin,NLRP3,0.45346787571907043
Baicalein,FOSL1,0.45345553755760193
Fisetin,PTGS2,0.45344656705856323
Galangin,EPHA4,0.45344600081443787
Daidzein,COX7A1,0.4534432590007782
Quercetin,FOSL1,0.4534415900707245
Baicalein,NOX4,0.45343413949012756
Fisetin,MAP3K14,0.4534330666065216
Luteolin,SAT1,0.4534260034561157
Quercetin,NOX4,0.4534201920032501
Fisetin,HMOX1,0.45341306924819946
Kaempferol,PADI4,0.4534119963645935
Kaempferol,ACVR1B,0.45340415835380554
Baicalein,IRF7,0.4534038007259369
Galangin,E2F3,0.4534018635749817
Fisetin,IL1B,0.4533967077732086
Quercetin,IRF7,0.45338985323905945
Fisetin,IFNG,0.45338523387908936
Scutellarein,PTBP1,0.4533815085887909
Baicalein,MEN1,0.4533804953098297
Quercetin,MEN1,0.4533665180206299
Baicalein,PDE4B,0.45336151123046875
Baicalein,PPP2R2B,0.45336127281188965
Formononetin,CD74,0.453360915184021
Fisetin,S100A8,0.45335280895233154
Quercetin,PDE4B,0.4533475637435913
Quercetin,PPP2R2B,0.4533472955226898
Fisetin,MAPK1,0.45334407687187195
Fisetin,YAP1,0.45333555340766907
Fisetin,ALOX15,0.45333337783813477
Luteolin,COX7A1,0.45333075523376465
Fisetin,TXNIP,0.4533136487007141
Fisetin,TNFAIP1,0.4533129036426544
Galangin,PTBP1,0.4533105492591858
Fisetin,HMGB1,0.45330917835235596
Fisetin,KEAP1,0.4533056616783142
Fisetin,TFRC,0.4533046782016754
Fisetin,FBXO31,0.45330268144607544
Baicalein,SMARCB1,0.45329752564430237
Fisetin,TLR4,0.45329615473747253
Fisetin,IL6,0.45328742265701294
Scutellarein,DPEP1,0.4532863199710846
Quercetin,SMARCB1,0.45328351855278015
Scutellarein,ICA1,0.4532761573791504
Kaempferol,SPATA2,0.45327505469322205
Fisetin,SOCS2,0.45327311754226685
Fisetin,EPHA2,0.45327097177505493
Baicalein,ATF3,0.45326557755470276
Fisetin,LIFR,0.45326364040374756
Fisetin,IGFBP7,0.45326128602027893
Fisetin,SOD1,0.4532570242881775
Quercetin,ATF3,0.4532516896724701
Baicalein,WWTR1,0.45324766635894775
Quercetin,WWTR1,0.45323365926742554
Genistein,CAVIN1,0.4532310962677002
Scutellarein,SNCA,0.45323100686073303
Baicalein,LPCAT3,0.45322468876838684
Daidzein,DYRK1A,0.4532231092453003
Fisetin,MPO,0.4532212018966675
Galangin,DPEP1,0.4532153308391571
Scutellarein,MCU,0.4532146453857422
Fisetin,EDN1,0.453214168548584
Fisetin,SMURF2,0.4532111883163452
Quercetin,LPCAT3,0.4532107412815094
Formononetin,LGMN,0.4532080888748169
Baicalein,WNT5A,0.45320627093315125
Galangin,ICA1,0.45320525765419006
Kaempferol,ABCC1,0.4532020688056946
Scutellarein,ERN1,0.4532018303871155
Scutellarein,HERPUD1,0.453201025724411
Baicalein,BRD7,0.4531956613063812
Quercetin,WNT5A,0.4531923234462738
Quercetin,BRD7,0.453181654214859
Fisetin,EGR1,0.4531792998313904
Formononetin,CTSB,0.4531671404838562
Galangin,SNCA,0.45316001772880554
Galangin,MCU,0.4531436562538147
Baicalein,EPHA4,0.45313671231269836
Kaempferol,SAT1,0.4531315565109253
Fisetin,TNFAIP3,0.45313122868537903
Galangin,ERN1,0.453130841255188
Galangin,HERPUD1,0.4531300365924835
Fisetin,E2F1,0.4531233012676239
Quercetin,EPHA4,0.4531227946281433
Scutellarein,PADI4,0.4531185030937195
Scutellarein,ACVR1B,0.4531106650829315
Luteolin,DYRK1A,0.45310840010643005
Fisetin,MAPK14,0.4531068801879883
Apigenin,CAVIN1,0.45309382677078247
Baicalein,E2F3,0.45309263467788696
Fisetin,PRKD1,0.45308148860931396
Quercetin,E2F3,0.45307865738868713
Galangin,PADI4,0.453047513961792
Galangin,ACVR1B,0.4530397057533264
Kaempferol,COX7A1,0.45303627848625183
Formononetin,LCN2,0.4530332386493683
Apigenin,SETD7,0.45302385091781616
Fisetin,KDM6B,0.4530116021633148
Fisetin,NLRP3,0.4530060291290283
Baicalein,PTBP1,0.45300132036209106
Formononetin,NR1D1,0.45299458503723145
Formononetin,HIF1A,0.45299407839775085
Quercetin,PTBP1,0.45298734307289124
Scutellarein,SPATA2,0.452981561422348
Formononetin,IRF1,0.45298004150390625
Fisetin,FOSL1,0.45297971367836
Genistein,SETD7,0.45296141505241394
Fisetin,NOX4,0.45295828580856323
Fisetin,IRF7,0.45292794704437256
Galangin,SPATA2,0.4529106020927429
Scutellarein,ABCC1,0.45290857553482056
Baicalein,DPEP1,0.4529061019420624
Fisetin,MEN1,0.45290467143058777
Baicalein,ICA1,0.45289602875709534
Quercetin,DPEP1,0.45289215445518494
Fisetin,PDE4B,0.4528856873512268
Fisetin,PPP2R2B,0.4528854191303253
Quercetin,ICA1,0.4528820812702179
Baicalein,SNCA,0.4528507888317108
Formononetin,ZEB1,0.4528453052043915
Scutellarein,SAT1,0.45283806324005127
Galangin,ABCC1,0.45283764600753784
Quercetin,SNCA,0.452836811542511
Baicalein,MCU,0.45283445715904236
Fisetin,SMARCB1,0.4528217017650604
Baicalein,ERN1,0.45282161235809326
Baicalein,HERPUD1,0.45282086730003357
Quercetin,MCU,0.45282047986984253
Formononetin,ATG3,0.4528198540210724
Formononetin,RUNX3,0.4528146982192993
Kaempferol,DYRK1A,0.4528140127658844
Quercetin,ERN1,0.4528076648712158
Quercetin,HERPUD1,0.45280689001083374
Fisetin,ATF3,0.4527897834777832
Chrysin,CAVIN1,0.4527759552001953
Fisetin,WWTR1,0.45277178287506104
Galangin,SAT1,0.45276710391044617
Fisetin,LPCAT3,0.4527488648891449
Scutellarein,COX7A1,0.4527428150177002
Chrysin,SETD7,0.4527387022972107
Baicalein,PADI4,0.45273831486701965
Baicalein,ACVR1B,0.4527305066585541
Fisetin,WNT5A,0.4527304470539093
Formononetin,SOCS1,0.45272940397262573
Quercetin,PADI4,0.4527243375778198
Formononetin,IRF9,0.4527234137058258
Fisetin,BRD7,0.4527197778224945
Quercetin,ACVR1B,0.45271655917167664
Formononetin,BCL6,0.45271003246307373
Formononetin,SP1,0.45268070697784424
Galangin,COX7A1,0.4526718556880951
Fisetin,EPHA4,0.4526609778404236
Formononetin,CXCL10,0.45265716314315796
Fisetin,E2F3,0.452616810798645
Formononetin,PTGS2,0.452604204416275
Baicalein,SPATA2,0.4526013731956482
Formononetin,MAP3K14,0.4525907337665558
Quercetin,SPATA2,0.45258745551109314
Formononetin,HMOX1,0.4525707960128784
Formononetin,IL1B,0.4525544047355652
Daidzein,CAVIN1,0.45254531502723694
Formononetin,IFNG,0.4525429606437683
Baicalein,ABCC1,0.4525284767150879
Fisetin,PTBP1,0.4525255858898163
Scutellarein,DYRK1A,0.45252060890197754
Quercetin,ABCC1,0.45251449942588806
Formononetin,S100A8,0.45251044631004333
Formononetin,MAPK1,0.4525018036365509
Formononetin,YAP1,0.452493280172348
Formononetin,ALOX15,0.4524911344051361
Formononetin,TXNIP,0.45247140526771545
Formononetin,TNFAIP1,0.4524706304073334
Formononetin,HMGB1,0.4524669051170349
Formononetin,KEAP1,0.45246338844299316
Formononetin,TFRC,0.45246240496635437
Formononetin,FBXO31,0.452460378408432
Baicalein,SAT1,0.4524579346179962
Formononetin,TLR4,0.4524539113044739
Galangin,DYRK1A,0.45244961977005005
Formononetin,IL6,0.4524451494216919
Quercetin,SAT1,0.4524439573287964
Formononetin,SOCS2,0.4524309039115906
Fisetin,DPEP1,0.4524303674697876
Formononetin,EPHA2,0.4524286985397339
Formononetin,LIFR,0.4524213373661041
Fisetin,ICA1,0.45242026448249817
Formononetin,IGFBP7,0.4524190425872803
Formononetin,SOD1,0.45241475105285645
Formononetin,MPO,0.4523789584636688
Fisetin,SNCA,0.45237505435943604
Formononetin,EDN1,0.45237183570861816
Formononetin,SMURF2,0.45236891508102417
Baicalein,COX7A1,0.45236268639564514
Fisetin,MCU,0.4523586630821228
Quercetin,COX7A1,0.4523487091064453
Fisetin,ERN1,0.4523458778858185
Fisetin,HERPUD1,0.4523451030254364
Formononetin,EGR1,0.45233702659606934
Daidzein,SETD7,0.4523041248321533
Formononetin,TNFAIP3,0.45228901505470276
Formononetin,E2F1,0.45228111743927
Formononetin,MAPK14,0.4522646367549896
Fisetin,PADI4,0.4522625803947449
Fisetin,ACVR1B,0.4522547721862793
Formononetin,PRKD1,0.4522392749786377
Luteolin,CAVIN1,0.45220640301704407
Luteolin,SETD7,0.4521915912628174
Formononetin,KDM6B,0.45216941833496094
Formononetin,NLRP3,0.45216381549835205
Baicalein,DYRK1A,0.4521405100822449
Formononetin,FOSL1,0.45213747024536133
Quercetin,DYRK1A,0.45212656259536743
Fisetin,SPATA2,0.4521256983280182
Formononetin,NOX4,0.45211613178253174
Formononetin,IRF7,0.45208582282066345
Formononetin,MEN1,0.4520624876022339
Fisetin,ABCC1,0.4520528018474579
Formononetin,PDE4B,0.4520435333251953
Formononetin,PPP2R2B,0.4520432949066162
Fisetin,SAT1,0.4519822597503662
Formononetin,SMARCB1,0.4519795775413513
Formononetin,ATF3,0.4519476592540741
Formononetin,WWTR1,0.4519297182559967
Formononetin,LPCAT3,0.4519067704677582
Kaempferol,SETD7,0.4518972635269165
Formononetin,WNT5A,0.4518883526325226
Kaempferol,CAVIN1,0.4518873393535614
Fisetin,COX7A1,0.45188701152801514
Formononetin,BRD7,0.45187774300575256
Genistein,RGS4,0.4518607258796692
Formononetin,EPHA4,0.4518188536167145
Formononetin,E2F3,0.4517747759819031
Oroxylin A,SLC1A5,0.4517606496810913
Genistein,NR2F2,0.4517415761947632
Genistein,DPP4,0.451729953289032
Formononetin,PTBP1,0.4517102539539337
Apigenin,DPP4,0.4516678750514984
Fisetin,DYRK1A,0.45166486501693726
Apigenin,NR2F2,0.4516235589981079
Scutellarein,SETD7,0.4516039192676544
Scutellarein,CAVIN1,0.4515939950942993
Formononetin,DPEP1,0.45158836245536804
Formononetin,ICA1,0.4515782594680786
Galangin,SETD7,0.4515330493450165
Formononetin,SNCA,0.4515330493450165
Galangin,CAVIN1,0.4515230655670166
Apigenin,RGS4,0.4515179693698883
Formononetin,MCU,0.451516717672348
Formononetin,ERN1,0.4515038728713989
Genistein,FOXO4,0.45150354504585266
Formononetin,HERPUD1,0.45150309801101685
Genistein,E2F2,0.45145031809806824
Genistein,MYC,0.45143836736679077
Genistein,CBS,0.4514301121234894
Formononetin,PADI4,0.4514206051826477
Chrysin,DPP4,0.4514191448688507
Formononetin,ACVR1B,0.4514128267765045
Oroxylin A,CD74,0.451395720243454
Genistein,KLF6,0.4513772428035736
Chrysin,NR2F2,0.4513748288154602
Formononetin,SPATA2,0.4512838125228882
Oroxylin A,LGMN,0.45124292373657227
Genistein,ABCC2,0.45123469829559326
Baicalein,SETD7,0.4512239992618561
Genistein,MMP13,0.451223760843277
Apigenin,FOXO4,0.45121920108795166
Genistein,TIMP1,0.4512186646461487
Baicalein,CAVIN1,0.45121410489082336
Formononetin,ABCC1,0.4512108862400055
Quercetin,SETD7,0.451210081577301
Genistein,FABP5,0.45120930671691895
Oroxylin A,CTSB,0.4512021541595459
Quercetin,CAVIN1,0.45120012760162354
Genistein,HSPB1,0.45119088888168335
Daidzein,RGS4,0.45118701457977295
Genistein,LACTB,0.45117080211639404
Genistein,PCNA,0.4511706233024597
Apigenin,E2F2,0.4511660635471344
Chrysin,RGS4,0.4511634409427643
Apigenin,MYC,0.45115402340888977
Apigenin,CBS,0.45114582777023315
Apigenin,KLF6,0.45114466547966003
Formononetin,SAT1,0.451140433549881
Apigenin,LACTB,0.451104998588562
Genistein,COL1A2,0.4510739743709564
Genistein,CDKN2A,0.4510689973831177
Oroxylin A,LCN2,0.45106834173202515
Daidzein,NR2F2,0.4510517418384552
Formononetin,COX7A1,0.4510452449321747
Genistein,PPARGC1A,0.45104455947875977
Daidzein,DPP4,0.4510400891304016
Oroxylin A,NR1D1,0.4510308802127838
Oroxylin A,HIF1A,0.4510291814804077
Genistein,COL1A1,0.45102885365486145
Genistein,BRCA2,0.45102640986442566
Oroxylin A,IRF1,0.4510151743888855
Genistein,TNFRSF1A,0.45099732279777527
Genistein,LOX,0.45099151134490967
Genistein,HMGA1,0.45098841190338135
Apigenin,ABCC2,0.45095035433769226
Apigenin,MMP13,0.45093944668769836
Genistein,FOXO3,0.45093902945518494
Genistein,MDM2,0.4509374797344208
Apigenin,TIMP1,0.45093435049057007
Genistein,LMNB1,0.45093128085136414
Apigenin,LOX,0.45092663168907166
Apigenin,FABP5,0.45092499256134033
Genistein,HDAC2,0.45091092586517334
Apigenin,HSPB1,0.45090657472610474
Genistein,SQSTM1,0.450906366109848
Genistein,RELA,0.45090171694755554
Chrysin,KLF6,0.4508959949016571
Apigenin,PCNA,0.4508863091468811
Genistein,FN1,0.45088115334510803
Chrysin,FOXO4,0.450880765914917
Oroxylin A,ZEB1,0.4508804976940155
Genistein,CDKN1B,0.4508799910545349
Genistein,HDAC1,0.4508681893348694
Chrysin,LACTB,0.45085635781288147
Oroxylin A,ATG3,0.4508550763130188
Oroxylin A,RUNX3,0.4508499503135681
Genistein,DUOX1,0.45083630084991455
Genistein,NFKB1,0.45082592964172363
Formononetin,DYRK1A,0.4508230984210968
Chrysin,MYC,0.4508211612701416
Daidzein,FOXO4,0.4508137106895447
Genistein,GCLM,0.45081350207328796
Chrysin,E2F2,0.4508119523525238
Chrysin,CBS,0.4508107006549835
Genistein,NCOA4,0.4508105218410492
Genistein,BRD4,0.4508063495159149
Apigenin,MDM2,0.4508049786090851
Genistein,CDK4,0.45079606771469116
Genistein,MAP1LC3A,0.450786292552948
Apigenin,CDKN2A,0.45078474283218384
Genistein,CDKN1A,0.4507846236228943
Apigenin,COL1A2,0.4507783353328705
Oroxylin A,SOCS1,0.4507646858692169
Apigenin,DUOX1,0.4507644772529602
Genistein,SIRT6,0.4507635533809662
Daidzein,E2F2,0.45076054334640503
Oroxylin A,IRF9,0.4507587254047394
Genistein,ATR,0.4507586658000946
Fisetin,SETD7,0.45074859261512756
Daidzein,MYC,0.45074859261512756
Oroxylin A,BCL6,0.4507453441619873
Apigenin,PPARGC1A,0.45074519515037537
Daidzein,CBS,0.45074036717414856
Fisetin,CAVIN1,0.4507386088371277
Apigenin,COL1A1,0.45073843002319336
Genistein,MAPK8,0.4507373571395874
Apigenin,BRCA2,0.4507361352443695
Genistein,LIG3,0.45073550939559937
Genistein,ATF2,0.45073023438453674
Oroxylin A,SP1,0.4507160484790802
Apigenin,TNFRSF1A,0.45071303844451904
Genistein,VDAC2,0.4507118761539459
Genistein,GPX4,0.45070862770080566
Apigenin,HMGA1,0.4507041275501251
Genistein,MMP9,0.45070016384124756
Oroxylin A,CXCL10,0.4506925046443939
Genistein,BNIP3L,0.450690895318985
Daidzein,KLF6,0.4506874680519104
Chrysin,LOX,0.4506779909133911
Genistein,TP53,0.4506702423095703
Apigenin,FOXO3,0.4506547451019287
Genistein,RAD50,0.45065173506736755
Genistein,CCNB1,0.4506482481956482
Apigenin,LMNB1,0.4506469964981079
Genistein,HSPD1,0.4506426155567169
Oroxylin A,PTGS2,0.45063963532447815
Genistein,VEGFA,0.45063361525535583
Genistein,GADD45A,0.45062974095344543
Apigenin,HDAC2,0.4506266415119171
Oroxylin A,MAP3K14,0.45062607526779175
Luteolin,DPP4,0.4506250023841858
Genistein,TRIB3,0.4506223797798157
Apigenin,SQSTM1,0.4506221115589142
Genistein,PRKAA2,0.4506208300590515
Chrysin,TIMP1,0.45061981678009033
Apigenin,RELA,0.4506174623966217
Chrysin,HSPB1,0.4506146311759949
Genistein,IGFBP5,0.4506103992462158
Oroxylin A,HMOX1,0.45060622692108154
Apigenin,FN1,0.4505968689918518
Apigenin,CDKN1B,0.4505956768989563
Chrysin,ABCC2,0.4505935311317444
Genistein,PRKDC,0.45059141516685486
Oroxylin A,IL1B,0.45058977603912354
Apigenin,MAP1LC3A,0.4505883455276489
Genistein,MDM4,0.4505871832370758
Genistein,CSE1L,0.45058420300483704
Apigenin,HDAC1,0.45058396458625793
Chrysin,MMP13,0.4505826532840729
Genistein,VCAM1,0.45058220624923706
Luteolin,NR2F2,0.45058074593544006
Oroxylin A,IFNG,0.45057833194732666
Genistein,ATG7,0.4505727291107178
Luteolin,RGS4,0.45057234168052673
Genistein,CD38,0.4505710303783417
Chrysin,FABP5,0.45056816935539246
Genistein,MTOR,0.45056504011154175
Chrysin,PCNA,0.45056015253067017
Chrysin,MDM2,0.45055636763572693
Genistein,MAPK3,0.4505539536476135
Oroxylin A,S100A8,0.45054590702056885
Daidzein,ABCC2,0.45054495334625244
Genistein,SLAMF8,0.45054441690444946
Apigenin,NFKB1,0.4505416452884674
Oroxylin A,MAPK1,0.45053723454475403
Daidzein,MMP13,0.45053401589393616
Genistein,TSC1,0.4505310654640198
Apigenin,GCLM,0.45053038001060486
Daidzein,TIMP1,0.45052891969680786
Oroxylin A,YAP1,0.45052868127822876
Genistein,ALOX5,0.4505274295806885
Genistein,MMP10,0.4505273401737213
Oroxylin A,ALOX15,0.45052656531333923
Apigenin,NCOA4,0.4505261778831482
Apigenin,BRD4,0.4505220651626587
Daidzein,FABP5,0.45051953196525574
Chrysin,DUOX1,0.4505158066749573
Genistein,NFE2L2,0.45051270723342896
Apigenin,CDK4,0.45051175355911255
Oroxylin A,TXNIP,0.4505068063735962
Oroxylin A,TNFAIP1,0.4505061209201813
Genistein,TERT,0.4505060911178589
Oroxylin A,HMGB1,0.4505023658275604
Daidzein,HSPB1,0.45050114393234253
Apigenin,CDKN1A,0.45050033926963806
Oroxylin A,KEAP1,0.45049887895584106
Oroxylin A,TFRC,0.4504978656768799
Oroxylin A,FBXO31,0.4504958689212799
Genistein,ACSL3,0.4504910707473755
Oroxylin A,TLR4,0.4504894018173218
Genistein,XRCC1,0.45048609375953674
Genistein,JUN,0.45048272609710693
Genistein,SNAI1,0.450482040643692
Daidzein,LACTB,0.4504810571670532
Daidzein,PCNA,0.4504808783531189
Oroxylin A,IL6,0.4504806399345398
Apigenin,SIRT6,0.45047932863235474
Apigenin,ATR,0.4504743814468384
Genistein,GSS,0.45047327876091003
Genistein,GADD45B,0.45047178864479065
Genistein,CD82,0.45047158002853394
Oroxylin A,SOCS2,0.4504663646221161
Genistein,ATF4,0.4504646062850952
Oroxylin A,EPHA2,0.4504642188549042
Genistein,PLIN2,0.4504597783088684
Oroxylin A,LIFR,0.4504568874835968
Genistein,BAP1,0.45045652985572815
Oroxylin A,IGFBP7,0.45045456290245056
Genistein,HMGA2,0.4504545032978058
Genistein,HSPA5,0.45045387744903564
Apigenin,MAPK8,0.45045310258865356
Genistein,CCND1,0.45045146346092224
Apigenin,LIG3,0.4504512548446655
Oroxylin A,SOD1,0.4504503011703491
Apigenin,ATF2,0.4504459500312805
Genistein,HDAC3,0.450439989566803
Genistein,CHEK2,0.450439453125
Genistein,SLC3A2,0.45043811202049255
Chrysin,HMGA1,0.45043331384658813
Genistein,STAT3,0.4504328966140747
Apigenin,BNIP3L,0.4504320025444031
Genistein,BLM,0.45043081045150757
Chrysin,CDKN2A,0.45042794942855835
Apigenin,VDAC2,0.4504276216030121
Apigenin,GPX4,0.4504243731498718
Chrysin,COL1A2,0.4504238963127136
Genistein,STAT1,0.45042312145233154
Chrysin,TNFRSF1A,0.4504222869873047
Genistein,RB1,0.4504167139530182
Apigenin,MMP9,0.4504159092903137
Oroxylin A,MPO,0.4504145085811615
Oroxylin A,EDN1,0.4504074454307556
Oroxylin A,SMURF2,0.450404554605484
Apigenin,CD82,0.45039844512939453
Genistein,XRCC6,0.45039254426956177
Chrysin,PPARGC1A,0.45039069652557373
Apigenin,TP53,0.4503859579563141
Daidzein,COL1A2,0.4503842294216156
Chrysin,COL1A1,0.4503839313983917
Chrysin,BRCA2,0.45038166642189026
Daidzein,CDKN2A,0.45037928223609924
Genistein,STEAP3,0.45037633180618286
Genistein,MNT,0.4503753185272217
Oroxylin A,EGR1,0.4503726065158844
Apigenin,RAD50,0.4503674805164337
Genistein,EP300,0.45036619901657104
Apigenin,CCNB1,0.4503639042377472
Apigenin,VEGFA,0.450361967086792
Apigenin,HSPD1,0.45035839080810547
Daidzein,PPARGC1A,0.45035481452941895
Genistein,GABARAP,0.4503517150878906
Chrysin,FOXO3,0.45034950971603394
Apigenin,PRKAA2,0.45034727454185486
Apigenin,GADD45A,0.4503454566001892
Chrysin,MAP1LC3A,0.45033973455429077
Daidzein,COL1A1,0.4503391683101654
Apigenin,TRIB3,0.45033809542655945
Chrysin,RELA,0.4503380060195923
Chrysin,LMNB1,0.45033740997314453
Daidzein,BRCA2,0.450336754322052
Kaempferol,DPP4,0.45033353567123413
Apigenin,IGFBP5,0.4503261148929596
Oroxylin A,TNFAIP3,0.4503245949745178
Genistein,DDIT3,0.4503227770328522
Chrysin,HDAC2,0.4503200948238373
Chrysin,SQSTM1,0.45031845569610596
Oroxylin A,E2F1,0.45031672716140747
Apigenin,MMP10,0.45031383633613586
Genistein,IL18,0.4503108263015747
Genistein,LPIN1,0.4503098726272583
Genistein,MMP12,0.4503093659877777
Genistein,CHAC1,0.4503091871738434
Apigenin,VCAM1,0.4503081142902374
Daidzein,TNFRSF1A,0.4503076374530792
Apigenin,PRKDC,0.450307160615921
Apigenin,MDM4,0.45030638575553894
Daidzein,LOX,0.45030179619789124
Chrysin,CDKN1B,0.4503009021282196
Oroxylin A,MAPK14,0.45030027627944946
Apigenin,CSE1L,0.4502999484539032
Genistein,CREB1,0.45029932260513306
Daidzein,HMGA1,0.4502987265586853
Chrysin,HDAC1,0.45029738545417786
Genistein,IGFBP3,0.4502931833267212
Kaempferol,NR2F2,0.450289249420166
Apigenin,ATG7,0.45028844475746155
Genistein,IL10,0.45028722286224365
Genistein,MMP2,0.4502871334552765
Apigenin,CD38,0.4502868056297302
Chrysin,GCLM,0.4502818286418915
Apigenin,MTOR,0.4502808153629303
Oroxylin A,PRKD1,0.4502749443054199
Apigenin,MAPK3,0.4502697288990021
Apigenin,SLAMF8,0.4502697288990021
Genistein,HERC2,0.45026904344558716
Chrysin,NFKB1,0.45026895403862
Genistein,SERPINE1,0.4502596855163574
Daidzein,FOXO3,0.4502493739128113
Daidzein,MDM2,0.4502478241920471
Genistein,XRCC5,0.450247198343277
Apigenin,TSC1,0.45024681091308594
Genistein,BECN1,0.4502464234828949
Genistein,CREBBP,0.45024386048316956
Apigenin,ALOX5,0.4502432346343994
Genistein,VDAC3,0.450242817401886
Apigenin,BAP1,0.45024245977401733
Daidzein,LMNB1,0.4502415955066681
Chrysin,FN1,0.4502401649951935
Chrysin,CDK4,0.4502398669719696
Genistein,GABARAPL1,0.45023801922798157
Genistein,TIMP2,0.45023396611213684
Genistein,TERF2,0.45023199915885925
Chrysin,CDKN1A,0.4502289295196533
Apigenin,NFE2L2,0.4502284526824951
Genistein,FANCD2,0.4502236843109131
Apigenin,TERT,0.45022183656692505
Daidzein,HDAC2,0.45022130012512207
Genistein,LIG4,0.45021793246269226
Daidzein,SQSTM1,0.45021677017211914
Genistein,PARP1,0.4502147436141968
Daidzein,RELA,0.45021212100982666
Apigenin,STAT1,0.4502106308937073
Apigenin,HMGA2,0.4502089321613312
Apigenin,XRCC1,0.45020797848701477
Apigenin,ACSL3,0.4502069056034088
Oroxylin A,KDM6B,0.45020511746406555
Chrysin,NCOA4,0.4502032399177551
Oroxylin A,NLRP3,0.45019954442977905
Genistein,CCNE1,0.4501991868019104
Apigenin,JUN,0.4501984417438507
Apigenin,SNAI1,0.45019781589508057
Luteolin,FOXO4,0.4501974880695343
Genistein,FBXL5,0.45019322633743286
Daidzein,FN1,0.45019152760505676
Daidzein,CDKN1B,0.45019036531448364
Apigenin,GSS,0.4501890242099762
Apigenin,GADD45B,0.4501889646053314
Genistein,AKT1,0.45018768310546875
Chrysin,BRD4,0.4501870572566986
Genistein,HSP90AA1,0.4501839876174927
Chrysin,BNIP3L,0.4501834213733673
Genistein,ACSL4,0.450182169675827
Apigenin,ATF4,0.45018038153648376
Daidzein,HDAC1,0.4501785933971405
Chrysin,ATR,0.4501759707927704
Apigenin,PLIN2,0.45017555356025696
Oroxylin A,FOSL1,0.4501732587814331
Apigenin,HSPA5,0.4501695930957794
Apigenin,CCND1,0.4501672387123108
Genistein,BNIP3,0.4501630365848541
Chrysin,MMP9,0.4501602351665497
Kaempferol,RGS4,0.4501589834690094
Genistein,GOT1,0.4501579999923706
Apigenin,HDAC3,0.4501557946205139
Apigenin,CHEK2,0.45015519857406616
Apigenin,SLC3A2,0.4501538872718811
Oroxylin A,NOX4,0.45015186071395874
Genistein,HBP1,0.4501515328884125
Chrysin,CD82,0.45014989376068115
Apigenin,STAT3,0.45014864206314087
Chrysin,SIRT6,0.45014700293540955
Daidzein,DUOX1,0.45014670491218567
Apigenin,BLM,0.4501466155052185
Chrysin,GPX4,0.4501464068889618
Luteolin,E2F2,0.45014432072639465
Daidzein,NFKB1,0.45013627409935
Apigenin,RB1,0.45013248920440674
Luteolin,MYC,0.4501323401927948
Chrysin,LIG3,0.45013222098350525
Chrysin,ATF2,0.45013168454170227
Genistein,IL1A,0.45013007521629333
Luteolin,CBS,0.4501241445541382
Genistein,CHEK1,0.45012393593788147
Daidzein,GCLM,0.4501239061355591
Chrysin,VDAC2,0.4501221477985382
Oroxylin A,IRF7,0.45012158155441284
Daidzein,NCOA4,0.45012086629867554
Daidzein,BRD4,0.45011675357818604
Apigenin,MMP12,0.4501141309738159
Chrysin,VEGFA,0.45011335611343384
Chrysin,TP53,0.4501119554042816
Chrysin,MAPK8,0.45011162757873535
Apigenin,XRCC6,0.4501112401485443
Genistein,ATG5,0.4501093029975891
Genistein,BRCA1,0.450108140707016
Daidzein,CDK4,0.4501064121723175
Genistein,MRE11,0.45010265707969666
Luteolin,KLF6,0.4501020610332489
Genistein,CDO1,0.45010074973106384
Genistein,H2AX,0.45009908080101013
Chrysin,PRKAA2,0.4500986933708191
Genistein,MMP1,0.4500986933708191
Oroxylin A,MEN1,0.45009830594062805
Genistein,FTL,0.4500974416732788
Genistein,CRYAB,0.45009714365005493
Apigenin,MNT,0.45009708404541016
Daidzein,MAP1LC3A,0.45009666681289673
Daidzein,CDKN1A,0.45009496808052063
Genistein,CXCL8,0.4500924050807953
Apigenin,STEAP3,0.4500921070575714
Apigenin,CHAC1,0.45009008049964905
Apigenin,MRE11,0.4500856399536133
Apigenin,EP300,0.4500819742679596
Apigenin,H2AX,0.4500819742679596
Apigenin,MMP1,0.45008063316345215
Apigenin,FTL,0.45007961988449097
Oroxylin A,PDE4B,0.4500793516635895
Oroxylin A,PPP2R2B,0.450079083442688
Genistein,LPIN2,0.45007896423339844
Genistein,ADIPOQ,0.45007675886154175
Apigenin,CXCL8,0.45007559657096863
Apigenin,CRYAB,0.4500752091407776
Daidzein,SIRT6,0.4500739574432373
Apigenin,GABARAP,0.4500732719898224
Daidzein,ATR,0.45006904006004333
Chrysin,MMP10,0.4500652551651001
Genistein,MMP3,0.45006439089775085
Chrysin,HSPD1,0.450064092874527
Luteolin,LACTB,0.4500623643398285
Genistein,PTEN,0.45006129145622253
Chrysin,VCAM1,0.4500595033168793
Apigenin,ADIPOQ,0.45005887746810913
Chrysin,MDM4,0.4500577747821808
Apigenin,LPIN1,0.4500496983528137
Genistein,TNF,0.4500492215156555
Daidzein,MAPK8,0.4500477910041809
Chrysin,RAD50,0.450047105550766
Daidzein,LIG3,0.45004594326019287
Genistein,EIF2A,0.4500443637371063
Genistein,GCLC,0.45004400610923767
Chrysin,GADD45A,0.4500424265861511
Daidzein,ATF2,0.45004063844680786
Chrysin,CCNB1,0.4500389099121094
Apigenin,DDIT3,0.4500385522842407
Genistein,CCNA2,0.45003604888916016
Genistein,TBX2,0.4500328004360199
Genistein,SLC40A1,0.45003169775009155
Genistein,SESN2,0.45003020763397217
Apigenin,IL10,0.4500291049480438
Chrysin,TRIB3,0.4500269293785095
Apigenin,IL18,0.45002657175064087
Genistein,ATM,0.4500253200531006
Genistein,SLC7A11,0.45002421736717224
Genistein,TERF1,0.4500223398208618
Daidzein,VDAC2,0.45002228021621704
Chrysin,SLAMF8,0.4500211179256439
Chrysin,PRKDC,0.45001938939094543
Daidzein,GPX4,0.45001906156539917
Chrysin,ATG7,0.4500180780887604
Oroxylin A,SMARCB1,0.45001542568206787
Apigenin,CREB1,0.45001503825187683
Daidzein,MMP9,0.45001059770584106
Genistein,CDKN2B,0.4500099718570709
Apigenin,IGFBP3,0.4500097334384918
Galangin,DPP4,0.45000943541526794
Chrysin,CD38,0.45000866055488586
Chrysin,IGFBP5,0.4500064551830292
Formononetin,CAVIN1,0.4500041902065277
Apigenin,MMP2,0.4500029683113098
Genistein,FOXO1,0.4500018060207367
Daidzein,BNIP3L,0.4500013291835785
Chrysin,MAPK3,0.44999822974205017
Chrysin,BAP1,0.44999390840530396
Apigenin,CDO1,0.44999051094055176
Chrysin,MTOR,0.44998878240585327
Genistein,PRNP,0.4499877095222473
Chrysin,CSE1L,0.44998666644096375
Apigenin,HERC2,0.4499848186969757
Apigenin,VDAC3,0.4499846398830414
Oroxylin A,ATF3,0.4499835669994354
Daidzein,TP53,0.44998061656951904
Chrysin,ALOX5,0.44998037815093994
Chrysin,NFE2L2,0.4499787390232086
Genistein,MAP1LC3B,0.44997790455818176
Apigenin,BECN1,0.4499763250350952
Chrysin,TSC1,0.44997572898864746
Apigenin,SERPINE1,0.44997549057006836
Apigenin,TIMP2,0.44997525215148926
Genistein,PRKAA1,0.44997283816337585
Apigenin,PARP1,0.4499703347682953
Apigenin,XRCC5,0.4499695301055908
Genistein,GMFB,0.44996774196624756
Genistein,RPS6KB1,0.44996723532676697
Apigenin,TERF2,0.4499666690826416
Oroxylin A,WWTR1,0.44996559619903564
Galangin,NR2F2,0.44996511936187744
Daidzein,RAD50,0.44996213912963867
Chrysin,STAT1,0.4499620199203491
Apigenin,CREBBP,0.44996145367622375
Genistein,CDK6,0.44996100664138794
Apigenin,GABARAPL1,0.4499606788158417
Chrysin,HMGA2,0.4499603807926178
Chrysin,XRCC1,0.4499594271183014
Daidzein,CCNB1,0.4499586522579193
Genistein,EIF2AK3,0.44995757937431335
Daidzein,HSPD1,0.4499530494213104
Genistein,MAX,0.4499512314796448
Chrysin,JUN,0.4499485194683075
Chrysin,ACSL3,0.4499483108520508
Genistein,CDK2,0.44994765520095825
Genistein,JAK2,0.44994744658470154
Apigenin,HSP90AA1,0.44994595646858215
Apigenin,LIG4,0.44994452595710754
Daidzein,VEGFA,0.44994407892227173
Genistein,SLC39A8,0.44994300603866577
Oroxylin A,LPCAT3,0.4499427378177643
Apigenin,FANCD2,0.4499409794807434
Chrysin,GADD45B,0.44994041323661804
Daidzein,GADD45A,0.44994011521339417
Chrysin,TERT,0.44993942975997925
Chrysin,SNAI1,0.44993868470191956
Genistein,SELE,0.4499329626560211
Daidzein,TRIB3,0.4499327838420868
Apigenin,GOT1,0.44993162155151367
Daidzein,PRKAA2,0.4499312937259674
Genistein,CCL2,0.44993019104003906
Apigenin,IL1A,0.44992974400520325
Apigenin,ACSL4,0.44992968440055847
Luteolin,ABCC2,0.44992873072624207
Scutellarein,DPP4,0.44992437958717346
Oroxylin A,WNT5A,0.4499242901802063
Wogonin,SLC1A5,0.4499235153198242
Daidzein,IGFBP5,0.44992080330848694
Luteolin,MMP13,0.44991782307624817
Apigenin,CCNE1,0.44991493225097656
Apigenin,FBXL5,0.4499139189720154
Oroxylin A,BRD7,0.4499136805534363
Luteolin,TIMP1,0.4499126970767975
Genistein,ALOX12,0.4499126076698303
Apigenin,AKT1,0.44991135597229004
Formononetin,SETD7,0.4499070942401886
Chrysin,ATF4,0.44990643858909607
Genistein,NUAK2,0.44990551471710205
Genistein,NBN,0.4499037265777588
Luteolin,FABP5,0.44990333914756775
Daidzein,PRKDC,0.44990184903144836
Daidzein,MDM4,0.4498976469039917
Chrysin,PLIN2,0.4498959183692932
Daidzein,CSE1L,0.44989466667175293
Genistein,TFAM,0.44989389181137085
Chrysin,SLC3A2,0.4498928189277649
Daidzein,VCAM1,0.44989264011383057
Genistein,WRN,0.4498908817768097
Apigenin,BNIP3,0.44989046454429626
Genistein,EMP1,0.4498864412307739
Luteolin,HSPB1,0.4498850107192993
Luteolin,LOX,0.4498840272426605
Apigenin,HBP1,0.44988375902175903
Daidzein,ATG7,0.4498831331729889
Chrysin,RB1,0.44988182187080383
Daidzein,CD38,0.44988149404525757
Chrysin,STAT3,0.4498808979988098
Chrysin,BLM,0.4498805105686188
Scutellarein,NR2F2,0.44988012313842773
Genistein,ICAM1,0.4498782157897949
Apigenin,TNF,0.44987794756889343
Chrysin,GSS,0.4498773217201233
Daidzein,MTOR,0.44987550377845764
Chrysin,CCND1,0.4498729407787323
Chrysin,HSPA5,0.4498724639415741
Chrysin,MMP12,0.4498656094074249
Luteolin,PCNA,0.4498647451400757
Daidzein,MAPK3,0.44986438751220703
Chrysin,XRCC6,0.44986265897750854
Apigenin,ATG5,0.44986140727996826
Chrysin,HDAC3,0.4498559534549713
Chrysin,CHEK2,0.4498558044433594
Oroxylin A,EPHA4,0.44985491037368774
Daidzein,SLAMF8,0.44985491037368774
Apigenin,CHEK1,0.4498518109321594
Chrysin,MNT,0.4498485326766968
Chrysin,CHAC1,0.44984158873558044
Daidzein,TSC1,0.4498414695262909
Daidzein,ALOX5,0.44983792304992676
Daidzein,MMP10,0.4498378038406372
Genistein,PNPLA2,0.4498375654220581
Chrysin,MRE11,0.4498370885848999
Chrysin,H2AX,0.4498334228992462
Chrysin,MMP1,0.449832022190094
Chrysin,FTL,0.4498310685157776
Chrysin,CXCL8,0.44982701539993286
Chrysin,CRYAB,0.4498266279697418
Apigenin,BRCA1,0.4498256742954254
Chrysin,GABARAP,0.4498246908187866
Apigenin,MMP3,0.4498244524002075
Daidzein,NFE2L2,0.44982314109802246
Apigenin,LPIN2,0.4498176574707031
Chrysin,STEAP3,0.44981688261032104
Daidzein,TERT,0.44981658458709717
Oroxylin A,E2F3,0.44981080293655396
Kaempferol,KLF6,0.44981056451797485
Chrysin,ADIPOQ,0.44981032609939575
Apigenin,SESN2,0.44980862736701965
Genistein,EBF3,0.44980645179748535
Apigenin,PTEN,0.44980400800704956
Chrysin,EP300,0.4498038589954376
Daidzein,ACSL3,0.4498015344142914
Chrysin,LPIN1,0.44980114698410034
Daidzein,XRCC1,0.44979655742645264
Kaempferol,FOXO4,0.44979536533355713
Daidzein,JUN,0.44979315996170044
Daidzein,SNAI1,0.4497924745082855
Apigenin,GCLC,0.44979146122932434
Apigenin,EIF2A,0.44978973269462585
Chrysin,DDIT3,0.4497861862182617
Genistein,FTH1,0.4497847557067871
Daidzein,GSS,0.4497838020324707
Apigenin,SLC40A1,0.44978249073028564
Daidzein,GADD45B,0.44978225231170654
Daidzein,CD82,0.44978204369544983
Chrysin,IL10,0.44978055357933044
Apigenin,ALOX12,0.44977694749832153
Chrysin,IL18,0.4497765898704529
Daidzein,ATF4,0.4497750997543335
Genistein,RBM3,0.44977495074272156
Apigenin,TERF1,0.4497734606266022
Apigenin,FOXO1,0.4497717320919037
Kaempferol,LACTB,0.44977089762687683
Daidzein,PLIN2,0.4497702419757843
Luteolin,COL1A2,0.44976806640625
Daidzein,BAP1,0.44976699352264404
Apigenin,CDKN2B,0.44976621866226196
Daidzein,HMGA2,0.4497649669647217
Apigenin,PRNP,0.4497644007205963
Daidzein,HSPA5,0.44976431131362915
Scutellarein,RGS4,0.44976377487182617
Luteolin,CDKN2A,0.44976314902305603
Luteolin,MDM2,0.4497624635696411
Daidzein,CCND1,0.44976192712783813
Chrysin,IGFBP3,0.44976121187210083
Apigenin,SLC39A8,0.44975996017456055
Galangin,RGS4,0.44975972175598145
Apigenin,SLC7A11,0.4497549533843994
Chrysin,CREB1,0.44975370168685913
Apigenin,CCNA2,0.4497518539428711
Apigenin,TBX2,0.449751079082489
Daidzein,HDAC3,0.44975051283836365
Daidzein,CHEK2,0.4497499465942383
Daidzein,SLC3A2,0.44974857568740845
Apigenin,ATM,0.44974395632743835
Daidzein,STAT3,0.4497433602809906
Chrysin,CDO1,0.44974198937416077
Apigenin,CDK2,0.4497416913509369
Chrysin,MMP2,0.44974133372306824
Daidzein,BLM,0.44974130392074585
Luteolin,PPARGC1A,0.4497387409210205
Apigenin,PRKAA1,0.4497374892234802
Chrysin,VDAC3,0.449736088514328
Kaempferol,MYC,0.4497357904911041
Daidzein,STAT1,0.4497336447238922
Chrysin,HERC2,0.449731707572937
Kaempferol,E2F2,0.44973108172416687
Chrysin,BECN1,0.4497278332710266
Daidzein,RB1,0.44972720742225647
Chrysin,TIMP2,0.4497267007827759
Apigenin,RPS6KB1,0.4497257173061371
Kaempferol,CBS,0.44972532987594604
Luteolin,COL1A1,0.4497230350971222
Luteolin,DUOX1,0.44972196221351624
Chrysin,PARP1,0.4497217833995819
Chrysin,SERPINE1,0.4497215747833252
Chrysin,XRCC5,0.44972100853919983
Luteolin,BRCA2,0.4497206211090088
Oroxylin A,PTBP1,0.4497196078300476
Apigenin,JAK2,0.4497193694114685
Apigenin,MAX,0.4497181177139282
Chrysin,TERF2,0.4497181177139282
Apigenin,GMFB,0.44971781969070435
Apigenin,WRN,0.44971510767936707
Chrysin,CREBBP,0.4497129023075104
Genistein,TSC2,0.44971221685409546
Chrysin,GABARAPL1,0.4497121274471283
Genistein,COL3A1,0.44970861077308655
Apigenin,CDK6,0.44970589876174927
Daidzein,XRCC6,0.44970306754112244
Apigenin,MAP1LC3B,0.4497000575065613
Genistein,FOS,0.44969987869262695
Chrysin,HSP90AA1,0.4496974050998688
Chrysin,LIG4,0.44969597458839417
Chrysin,FANCD2,0.4496924579143524
Apigenin,CCL2,0.44969186186790466
Luteolin,TNFRSF1A,0.4496915340423584
Apigenin,SELE,0.44969120621681213
Apigenin,TFAM,0.44968685507774353
Daidzein,STEAP3,0.44968685507774353
Daidzein,MNT,0.44968581199645996
Apigenin,EIF2AK3,0.4496834874153137
Chrysin,GOT1,0.4496830999851227
Luteolin,HMGA1,0.4496826231479645
Chrysin,IL1A,0.44968122243881226
Chrysin,ACSL4,0.4496811628341675
Daidzein,EP300,0.4496766924858093
Genistein,RAD51,0.44967567920684814
Apigenin,NBN,0.449675053358078
Apigenin,EMP1,0.44966593384742737
Chrysin,FBXL5,0.449665367603302
Chrysin,AKT1,0.44966286420822144
Daidzein,GABARAP,0.4496621787548065
Chrysin,CCNE1,0.44966208934783936
Genistein,SIRT1,0.4496501386165619
Chrysin,BNIP3,0.4496419429779053
Apigenin,NUAK2,0.44963932037353516
Apigenin,ICAM1,0.44963595271110535
Chrysin,HBP1,0.44963523745536804
Daidzein,DDIT3,0.44963330030441284
Luteolin,FOXO3,0.44963324069976807
Chrysin,TNF,0.44962939620018005
Luteolin,LMNB1,0.44962555170059204
Oroxylin A,DPEP1,0.4496244788169861
Apigenin,RBM3,0.44962313771247864
Daidzein,IL18,0.4496212899684906
Daidzein,LPIN1,0.4496203362941742
Daidzein,MMP12,0.44961994886398315
Daidzein,CHAC1,0.4496196508407593
Genistein,TGFB1,0.44961676001548767
DFO,SLC1A5,0.4496157169342041
Oroxylin A,ICA1,0.4496144652366638
Chrysin,ATG5,0.4496128559112549
Daidzein,CREB1,0.44960981607437134
Baicalein,DPP4,0.44960808753967285
Luteolin,HDAC2,0.44960519671440125
Daidzein,IGFBP3,0.4496036469936371
Chrysin,CHEK1,0.44960328936576843
Luteolin,SQSTM1,0.4496006667613983
Daidzein,IL10,0.4495977759361267
Daidzein,MMP2,0.44959768652915955
Luteolin,RELA,0.44959598779678345
Apigenin,EBF3,0.4495932161808014
Kaempferol,LOX,0.4495926797389984
Daidzein,HERC2,0.4495795667171478
Apigenin,PNPLA2,0.4495784640312195
Chrysin,BRCA1,0.44957709312438965
Chrysin,MMP3,0.4495759606361389
Luteolin,FN1,0.44957542419433594
Luteolin,CDKN1B,0.4495742619037628
Daidzein,SERPINE1,0.4495702087879181
Oroxylin A,SNCA,0.4495692551136017
Chrysin,LPIN2,0.4495691657066345
Baicalein,NR2F2,0.4495638608932495
Luteolin,HDAC1,0.44956251978874207
Chrysin,SESN2,0.44956010580062866
Daidzein,XRCC5,0.44955772161483765
Daidzein,BECN1,0.44955697655677795
Wogonin,CD74,0.44955548644065857
Chrysin,PTEN,0.44955548644065857
Daidzein,CREBBP,0.4495544135570526
Daidzein,VDAC3,0.44955334067344666
Oroxylin A,MCU,0.4495529532432556
Daidzein,GABARAPL1,0.4495485723018646
Luteolin,MAP1LC3A,0.4495459198951721
Daidzein,TIMP2,0.4495444893836975
Chrysin,GCLC,0.44954293966293335
Daidzein,TERF2,0.4495425224304199
Chrysin,EIF2A,0.44954121112823486
Oroxylin A,ERN1,0.4495401382446289
Oroxylin A,HERPUD1,0.4495393931865692
Apigenin,FTH1,0.4495384097099304
Kaempferol,TIMP1,0.44953450560569763
Daidzein,FANCD2,0.44953423738479614
Chrysin,SLC40A1,0.44953396916389465
Kaempferol,HSPB1,0.44952934980392456
Daidzein,LIG4,0.44952839612960815
Chrysin,ALOX12,0.44952839612960815
Daidzein,PARP1,0.44952520728111267
Chrysin,TERF1,0.44952496886253357
Chrysin,FOXO1,0.4495231807231903
Luteolin,NFKB1,0.44952020049095154
Chrysin,CDKN2B,0.44951769709587097
Chrysin,PRNP,0.4495159089565277
Kaempferol,ABCC2,0.44951552152633667
Chrysin,SLC39A8,0.44951143860816956
Daidzein,CCNE1,0.44950971007347107
Luteolin,GCLM,0.44950783252716064
Chrysin,SLC7A11,0.4495064318180084
Luteolin,NCOA4,0.4495047926902771
Kaempferol,MMP13,0.4495045840740204
Daidzein,FBXL5,0.4495037794113159
Apigenin,TSC2,0.4495026767253876
Chrysin,TBX2,0.449502557516098
Luteolin,BRD4,0.4495006501674652
Apigenin,COL3A1,0.4494989216327667
Daidzein,AKT1,0.4494982361793518
Chrysin,ATM,0.44949543476104736
Daidzein,HSP90AA1,0.4494945704936981
Chrysin,CDK2,0.4494931399822235
Daidzein,ACSL4,0.44949275255203247
Luteolin,CDK4,0.44949033856391907
Kaempferol,FABP5,0.44949012994766235
Chrysin,CCNA2,0.4494889974594116
Chrysin,PRKAA1,0.44948893785476685
Galangin,KLF6,0.4494865834712982
Luteolin,CDKN1A,0.4494788646697998
Chrysin,RPS6KB1,0.4494772255420685
Apigenin,FOS,0.44947683811187744
Kaempferol,PCNA,0.4494748115539551
Daidzein,BNIP3,0.44947361946105957
Apigenin,TGFB1,0.4494720697402954
Galangin,FOXO4,0.44947129487991333
Kaempferol,MDM2,0.44947105646133423
Chrysin,JAK2,0.4494708776473999
Chrysin,MAX,0.44946956634521484
Chrysin,GMFB,0.44946929812431335
Daidzein,GOT1,0.44946855306625366
Chrysin,WRN,0.4494665861129761
Quercetin,DPP4,0.449462354183197
Daidzein,HBP1,0.4494621157646179
Luteolin,SIRT6,0.44945788383483887
Chrysin,CDK6,0.4494573771953583
Oroxylin A,PADI4,0.4494569003582001
Luteolin,ATR,0.4494529664516449
Chrysin,MAP1LC3B,0.4494515061378479
Oroxylin A,ACVR1B,0.4494491517543793
Galangin,LACTB,0.4494468867778778
Chrysin,CCL2,0.44944342970848083
Chrysin,SELE,0.44944271445274353
Daidzein,IL1A,0.4494406282901764
Chrysin,TFAM,0.44943830370903015
Chrysin,EIF2AK3,0.44943493604660034
Daidzein,CHEK1,0.4494345188140869
Luteolin,MAPK8,0.44943171739578247
Kaempferol,DUOX1,0.44943055510520935
Luteolin,LIG3,0.44942983984947205
Chrysin,NBN,0.4494265615940094
Luteolin,ATF2,0.44942453503608704
Daidzein,ATG5,0.4494198262691498
Daidzein,BRCA1,0.44941872358322144
Quercetin,NR2F2,0.4494180977344513
Chrysin,EMP1,0.4494174122810364
Daidzein,MRE11,0.4494131803512573
Apigenin,SIRT1,0.44941264390945435
Galangin,MYC,0.4494118392467499
Daidzein,CDO1,0.4494113624095917
Daidzein,H2AX,0.4494096636772156
Daidzein,MMP1,0.44940921664237976
Daidzein,FTL,0.4494079649448395
Daidzein,CRYAB,0.44940778613090515
Luteolin,VDAC2,0.449406236410141
Luteolin,GPX4,0.44940295815467834
Daidzein,CXCL8,0.44940295815467834
Galangin,E2F2,0.4494025409221649
Scutellarein,KLF6,0.4494015872478485
Galangin,CBS,0.4494013488292694
Wogonin,LGMN,0.4493998885154724
Luteolin,MMP9,0.44939449429512024
Apigenin,RAD51,0.44939151406288147
Chrysin,NUAK2,0.44939082860946655
Luteolin,BNIP3L,0.4493896961212158
Daidzein,LPIN2,0.44938957691192627
Scutellarein,FOXO4,0.4493890702724457
Chrysin,ICAM1,0.44938743114471436
Daidzein,ADIPOQ,0.4493873119354248
Daidzein,MMP3,0.4493750333786011
Chrysin,RBM3,0.44937464594841003
Daidzein,PTEN,0.449371874332428
Luteolin,TP53,0.4493645429611206
Scutellarein,LACTB,0.4493618905544281
Daidzein,TNF,0.44935983419418335
Wogonin,CTSB,0.44935911893844604
Luteolin,CD82,0.4493561387062073
Kaempferol,COL1A2,0.4493549168109894
Daidzein,EIF2A,0.4493549168109894
Daidzein,GCLC,0.4493545889854431
Baicalein,RGS4,0.4493524730205536
Kaempferol,CDKN2A,0.4493499994277954
DFO,CD74,0.44934889674186707
Kaempferol,HMGA1,0.4493480920791626
Daidzein,CCNA2,0.4493466317653656
Luteolin,RAD50,0.44934606552124023
Chrysin,EBF3,0.4493447244167328
Daidzein,TBX2,0.4493434727191925
Luteolin,CCNB1,0.44934260845184326
Daidzein,SLC40A1,0.4493423104286194
Daidzein,SESN2,0.4493408203125
Kaempferol,TNFRSF1A,0.44933706521987915
Luteolin,HSPD1,0.4493370056152344
Daidzein,ATM,0.4493359625339508
Scutellarein,E2F2,0.4493359625339508
Daidzein,SLC7A11,0.44933485984802246
Daidzein,TERF1,0.44933292269706726
Chrysin,PNPLA2,0.4493299722671509
Luteolin,VEGFA,0.4493280053138733
Scutellarein,MYC,0.4493268132209778
Kaempferol,PPARGC1A,0.4493255615234375
Luteolin,GADD45A,0.4493241012096405
Daidzein,CDKN2B,0.44932058453559875
Oroxylin A,SPATA2,0.4493202269077301
Luteolin,TRIB3,0.44931674003601074
Scutellarein,CBS,0.4493163228034973
Luteolin,PRKAA2,0.44931524991989136
Daidzein,FOXO1,0.4493124783039093
Kaempferol,COL1A1,0.4493098556995392
Kaempferol,BRCA2,0.44930747151374817
Luteolin,IGFBP5,0.4493047595024109
DFO,LGMN,0.4492984712123871
Daidzein,PRNP,0.44929832220077515
Chrysin,FTH1,0.44928988814353943
Daidzein,MAP1LC3B,0.449288547039032
Luteolin,PRKDC,0.4492858052253723
Daidzein,PRKAA1,0.4492834508419037
Quercetin,RGS4,0.4492824375629425
Luteolin,MDM4,0.44928160309791565
Luteolin,CSE1L,0.4492786228656769
Daidzein,GMFB,0.4492783844470978
Daidzein,RPS6KB1,0.4492778480052948
Luteolin,VCAM1,0.4492765963077545
Daidzein,CDK6,0.44927164912223816
Luteolin,MMP10,0.449271559715271
Galangin,LOX,0.4492686688899994
Daidzein,EIF2AK3,0.4492681920528412
Luteolin,ATG7,0.44926711916923523
Luteolin,CD38,0.4492654800415039
Kaempferol,FOXO3,0.4492643475532532
Daidzein,MAX,0.4492618441581726
Luteolin,MTOR,0.449259489774704
Daidzein,CDK2,0.4492582678794861
Daidzein,JAK2,0.44925808906555176
Kaempferol,MAP1LC3A,0.44925451278686523
Chrysin,TSC2,0.4492541253566742
Daidzein,SLC39A8,0.4492536187171936
Kaempferol,RELA,0.4492528438568115
Kaempferol,LMNB1,0.44925224781036377
DFO,CTSB,0.4492514431476593
Chrysin,COL3A1,0.44925037026405334
Luteolin,MAPK3,0.44924837350845337
Oroxylin A,ABCC1,0.4492473602294922
Daidzein,SELE,0.44924354553222656
Daidzein,CCL2,0.4492408037185669
Luteolin,SLAMF8,0.4492388367652893
Kaempferol,HDAC2,0.4492349922657013
Kaempferol,SQSTM1,0.4492332637310028
Chrysin,FOS,0.44922834634780884
Luteolin,TSC1,0.449225515127182
Wogonin,LCN2,0.44922536611557007
Chrysin,TGFB1,0.4492236375808716
Daidzein,ALOX12,0.44922325015068054
Luteolin,ALOX5,0.4492219090461731
Daidzein,NUAK2,0.44921618700027466
Kaempferol,CDKN1B,0.44921573996543884
Daidzein,NBN,0.4492143392562866
Kaempferol,HDAC1,0.4492122232913971
Galangin,TIMP1,0.4492105543613434
Luteolin,NFE2L2,0.4492071866989136
Galangin,HSPB1,0.44920533895492554
Daidzein,TFAM,0.4492044746875763
Daidzein,WRN,0.4492015838623047
Luteolin,TERT,0.4492005407810211
Luteolin,BAP1,0.44920024275779724
Daidzein,EMP1,0.44919708371162415
Kaempferol,GCLM,0.44919657707214355
Wogonin,NR1D1,0.4491942822933197
Daidzein,ICAM1,0.44918879866600037
Wogonin,HIF1A,0.4491862952709198
Luteolin,ACSL3,0.4491855204105377
Kaempferol,NFKB1,0.44918379187583923
Scutellarein,LOX,0.44918370246887207
Luteolin,XRCC1,0.44918063282966614
Luteolin,JUN,0.4491771459579468
Oroxylin A,SAT1,0.44917696714401245
Luteolin,SNAI1,0.44917649030685425
Galangin,ABCC2,0.4491739273071289
Wogonin,IRF1,0.4491722583770752
Galangin,MMP13,0.4491688013076782
Luteolin,STAT1,0.4491684138774872
Luteolin,GSS,0.44916772842407227
Luteolin,HMGA2,0.4491667151451111
Luteolin,GADD45B,0.4491662383079529
Chrysin,SIRT1,0.44916418194770813
Kaempferol,FN1,0.4491623044013977
Luteolin,ATF4,0.44915908575057983
Galangin,FABP5,0.4491574466228485
Kaempferol,CDK4,0.44915473461151123
Luteolin,PLIN2,0.449154257774353
Galangin,PCNA,0.4491508901119232
Luteolin,HSPA5,0.4491482973098755
Daidzein,PNPLA2,0.4491482079029083
Galangin,MDM2,0.4491470456123352
Luteolin,CCND1,0.44914600253105164
Kaempferol,CDKN1A,0.44914376735687256
Luteolin,HDAC3,0.4491345286369324
Luteolin,CHEK2,0.449133962392807
Luteolin,SLC3A2,0.44913262128829956
Chrysin,RAD51,0.4491315186023712
Luteolin,STAT3,0.4491273760795593
Scutellarein,TIMP1,0.44912558794021606
Luteolin,BLM,0.4491253197193146
Scutellarein,ABCC2,0.4491204023361206
Scutellarein,HSPB1,0.4491204023361206
Kaempferol,NCOA4,0.44911810755729675
Daidzein,EBF3,0.44911712408065796
Luteolin,RB1,0.4491112530231476
Scutellarein,MMP13,0.4491095244884491
Galangin,DUOX1,0.4491066038608551
Kaempferol,BRD4,0.44910192489624023
Kaempferol,BNIP3L,0.4490983784198761
DFO,LCN2,0.44909781217575073
Daidzein,FTH1,0.44909539818763733
Scutellarein,FABP5,0.44909507036209106
Kaempferol,ATR,0.4490908682346344
Luteolin,XRCC6,0.4490870237350464
Daidzein,RBM3,0.44908568263053894
Baicalein,KLF6,0.4490852952003479
Oroxylin A,COX7A1,0.4490818381309509
Kaempferol,MMP9,0.4490751028060913
Luteolin,MMP12,0.4490719437599182
Luteolin,STEAP3,0.44907087087631226
Baicalein,FOXO4,0.4490700960159302
Luteolin,MNT,0.4490698277950287
DFO,HIF1A,0.44906821846961975
Scutellarein,PCNA,0.4490658640861511
Kaempferol,CD82,0.4490647614002228
Scutellarein,MDM2,0.4490621089935303
Kaempferol,SIRT6,0.44906193017959595
Kaempferol,GPX4,0.4490613639354706
Luteolin,EP300,0.44906073808670044
Luteolin,CHAC1,0.44904789328575134
Kaempferol,LIG3,0.44904711842536926
Kaempferol,ATF2,0.4490465521812439
Luteolin,GABARAP,0.44904625415802
Baicalein,LACTB,0.44904568791389465
Luteolin,MRE11,0.44904348254203796
Luteolin,H2AX,0.4490398168563843
Luteolin,MMP1,0.44903838634490967
Wogonin,ZEB1,0.44903770089149475
Luteolin,FTL,0.4490374028682709
Kaempferol,VDAC2,0.4490370750427246
Luteolin,CXCL8,0.44903337955474854
Luteolin,CRYAB,0.4490329921245575
DFO,IRF1,0.44903290271759033
Kaempferol,VEGFA,0.44902828335762024
Kaempferol,TP53,0.4490269422531128
Kaempferol,MAPK8,0.449026495218277
Galangin,HMGA1,0.44902414083480835
Daidzein,TSC2,0.44902294874191284
Scutellarein,DUOX1,0.4490216374397278
Daidzein,COL3A1,0.44901928305625916
Luteolin,DDIT3,0.44901731610298157
Luteolin,ADIPOQ,0.4490166902542114
Kaempferol,PRKAA2,0.4490136206150055
Galangin,TNFRSF1A,0.4490130841732025
Wogonin,ATG3,0.44901230931282043
Galangin,CDKN2A,0.4490106403827667
Baicalein,MYC,0.44901058077812195
Daidzein,FOS,0.44901058077812195
DFO,ATG3,0.4490080773830414
Luteolin,LPIN1,0.449007511138916
Wogonin,RUNX3,0.44900721311569214
Luteolin,IL18,0.4490053951740265
Baicalein,E2F2,0.44900137186050415
Baicalein,CBS,0.44900012016296387
Galangin,COL1A2,0.4489961266517639
Luteolin,CREB1,0.44899386167526245
Luteolin,IGFBP3,0.448987752199173
Luteolin,IL10,0.4489869475364685
Daidzein,RAD51,0.44898635149002075
Luteolin,MMP2,0.44898176193237305
Kaempferol,MMP10,0.4489802122116089
Fisetin,DPP4,0.4489801228046417
Kaempferol,HSPD1,0.4489790201187134
Kaempferol,VCAM1,0.4489744305610657
Kaempferol,MDM4,0.4489727020263672
Galangin,COL1A1,0.4489654004573822
Luteolin,HERC2,0.44896358251571655
Galangin,BRCA2,0.4489632844924927
DFO,ZEB1,0.4489632546901703
Kaempferol,RAD50,0.4489620327949524
Daidzein,SIRT1,0.44896090030670166
Scutellarein,COL1A2,0.4489598274230957
Kaempferol,GADD45A,0.4489573836326599
Scutellarein,CDKN2A,0.4489549398422241
Luteolin,SERPINE1,0.4489542543888092
Kaempferol,CCNB1,0.4489538371562958
Galangin,PPARGC1A,0.44895273447036743
Luteolin,CDO1,0.44894835352897644
DFO,NR1D1,0.4489482045173645
Luteolin,VDAC3,0.44894248247146606
Kaempferol,TRIB3,0.4489418566226959
Luteolin,XRCC5,0.44894176721572876
Luteolin,BECN1,0.4489409923553467
Galangin,FOXO3,0.4489404261112213
Quercetin,KLF6,0.44893959164619446
Scutellarein,HMGA1,0.44893917441368103
Luteolin,CREBBP,0.4489384889602661
Kaempferol,SLAMF8,0.4489361047744751
Fisetin,NR2F2,0.4489358961582184
Kaempferol,PRKDC,0.4489343762397766
Luteolin,TIMP2,0.44893312454223633
Kaempferol,ATG7,0.44893303513526917
Luteolin,GABARAPL1,0.4489326477050781
Galangin,MAP1LC3A,0.44893062114715576
Scutellarein,PPARGC1A,0.44893041253089905
Galangin,RELA,0.4489288926124573
Galangin,LMNB1,0.4489283263683319
Luteolin,PARP1,0.44892817735671997
Scutellarein,TNFRSF1A,0.4489281177520752
Daidzein,TGFB1,0.44892749190330505
Luteolin,TERF2,0.44892656803131104
Quercetin,FOXO4,0.44892436265945435
Kaempferol,CD38,0.44892361760139465
Wogonin,SOCS1,0.44892197847366333
Kaempferol,IGFBP5,0.4489213824272156
Luteolin,FANCD2,0.44891831278800964
Wogonin,IRF9,0.4489160180091858
Scutellarein,COL1A1,0.4489147663116455
Kaempferol,MAPK3,0.44891321659088135
Luteolin,LIG4,0.44891250133514404
Scutellarein,BRCA2,0.4489124119281769
Galangin,HDAC2,0.44891101121902466
Galangin,SQSTM1,0.44890934228897095
Kaempferol,BAP1,0.44890889525413513
Kaempferol,MTOR,0.44890379905700684
Luteolin,HSP90AA1,0.44890379905700684
Wogonin,BCL6,0.4489026665687561
DFO,BCL6,0.44890227913856506
Kaempferol,CSE1L,0.44890159368515015
Quercetin,LACTB,0.4488999545574188
Kaempferol,ALOX5,0.4488953948020935
Luteolin,CCNE1,0.44889381527900696
Kaempferol,NFE2L2,0.4488937556743622
Galangin,CDKN1B,0.4488917887210846
Kaempferol,TSC1,0.448890745639801
Luteolin,GOT1,0.44888949394226074
Galangin,HDAC1,0.44888830184936523
Luteolin,FBXL5,0.4488878548145294
Luteolin,IL1A,0.4488876760005951
Luteolin,ACSL4,0.44888755679130554
Luteolin,AKT1,0.4488823413848877
Kaempferol,STAT1,0.4488770365715027
Kaempferol,HMGA2,0.448875367641449
Kaempferol,XRCC1,0.44887441396713257
Wogonin,SP1,0.4488733410835266
Galangin,GCLM,0.4488726854324341
Baicalein,LOX,0.4488674998283386
Quercetin,MYC,0.4488648474216461
DFO,IRF9,0.44886431097984314
Kaempferol,JUN,0.4488634467124939
Kaempferol,ACSL3,0.44886335730552673
Oroxylin A,DYRK1A,0.44885990023612976
Galangin,NFKB1,0.448859840631485
DFO,RUNX3,0.44885778427124023
Luteolin,BNIP3,0.44885769486427307
DFO,SOCS1,0.44885575771331787
Quercetin,E2F2,0.4488556385040283
Kaempferol,GADD45B,0.44885537028312683
Scutellarein,FOXO3,0.44885537028312683
Kaempferol,TERT,0.4488544762134552
Quercetin,CBS,0.44885438680648804
Kaempferol,SNAI1,0.44885364174842834
Wogonin,CXCL10,0.4488498568534851
Luteolin,HBP1,0.4488462507724762
Scutellarein,MAP1LC3A,0.44884568452835083
Scutellarein,RELA,0.44884395599365234
Scutellarein,LMNB1,0.448843389749527
Luteolin,TNF,0.4488358199596405
Galangin,CDK4,0.448830783367157
Galangin,FN1,0.4488305151462555
Scutellarein,HDAC2,0.44882604479789734
Fisetin,RGS4,0.44882598519325256
Scutellarein,SQSTM1,0.44882434606552124
Kaempferol,ATF4,0.448821485042572
Galangin,CDKN1A,0.4488198459148407
Luteolin,ATG5,0.4488193094730377
Luteolin,CHEK1,0.4488185942173004
DFO,SP1,0.4488131105899811
DFO,MAP3K14,0.4488118290901184
Kaempferol,PLIN2,0.4488109052181244
Baicalein,TIMP1,0.4488093852996826
Kaempferol,SLC3A2,0.44880783557891846
Scutellarein,CDKN1B,0.44880688190460205
Baicalein,HSPB1,0.44880419969558716
Scutellarein,HDAC1,0.4488033354282379
Luteolin,BRCA1,0.4488028287887573
Wogonin,PTGS2,0.44879698753356934
Kaempferol,RB1,0.4487968981266022
DFO,FBXO31,0.4487967789173126
Kaempferol,STAT3,0.4487959146499634
Kaempferol,BLM,0.44879552721977234
Galangin,NCOA4,0.4487941563129425
Kaempferol,GSS,0.44879236817359924
DFO,CXCL10,0.44879111647605896
Kaempferol,CCND1,0.44878795742988586
Scutellarein,GCLM,0.44878774881362915
Kaempferol,HSPA5,0.44878748059272766
Wogonin,MAP3K14,0.4487835466861725
Luteolin,MMP3,0.44878238439559937
Kaempferol,MMP12,0.4487806558609009
Galangin,BRD4,0.4487780034542084
Kaempferol,XRCC6,0.4487776756286621
Luteolin,LPIN2,0.44877561926841736
Scutellarein,NFKB1,0.44877490401268005
Galangin,BNIP3L,0.44877442717552185
Baicalein,ABCC2,0.4487727880477905
DFO,S100A8,0.4487719237804413
Kaempferol,HDAC3,0.4487709701061249
Kaempferol,CHEK2,0.4487708508968353
Baicalein,MMP13,0.44876760244369507
Scutellarein,FN1,0.44876721501350403
Galangin,ATR,0.44876691699028015
Luteolin,SESN2,0.4487665295600891
Wogonin,HMOX1,0.4487636089324951
Kaempferol,MNT,0.44876354932785034
Luteolin,PTEN,0.4487619400024414
Kaempferol,CHAC1,0.448756605386734
Baicalein,FABP5,0.44875627756118774
Kaempferol,MRE11,0.44875213503837585
Galangin,MMP9,0.44875118136405945
Baicalein,PCNA,0.44874972105026245
DFO,TFRC,0.44874969124794006
Luteolin,GCLC,0.4487493932247162
Kaempferol,H2AX,0.44874849915504456
Luteolin,EIF2A,0.4487476646900177
Wogonin,IL1B,0.4487472474575043
Kaempferol,MMP1,0.44874709844589233
Kaempferol,FTL,0.44874608516693115
Baicalein,MDM2,0.4487459063529968
Scutellarein,CDK4,0.4487457871437073
Kaempferol,CXCL8,0.4487420618534088
Kaempferol,CRYAB,0.4487416744232178
Galangin,CD82,0.4487408995628357
Luteolin,SLC40A1,0.4487404227256775
Kaempferol,GABARAP,0.4487397372722626
DFO,PTGS2,0.4487383961677551
Galangin,SIRT6,0.4487380087375641
Galangin,GPX4,0.4487374424934387
Wogonin,IFNG,0.4487358033657074
Scutellarein,CDKN1A,0.44873490929603577
Luteolin,ALOX12,0.44873490929603577
Kaempferol,STEAP3,0.4487318694591522
Luteolin,TERF1,0.4487314820289612
Luteolin,CCNA2,0.4487307667732239
Luteolin,FOXO1,0.44872966408729553
Luteolin,TBX2,0.448727548122406
Kaempferol,ADIPOQ,0.4487253427505493
Luteolin,CDKN2B,0.4487241804599762
DFO,TNFAIP1,0.448723703622818
Galangin,LIG3,0.4487232267856598
Galangin,ATF2,0.4487226605415344
Luteolin,PRNP,0.44872236251831055
Quercetin,LOX,0.4487217366695404
Luteolin,ATM,0.4487200677394867
Luteolin,SLC7A11,0.44871896505355835
Kaempferol,EP300,0.4487189054489136
Luteolin,SLC39A8,0.44871786236763
Kaempferol,LPIN1,0.4487162232398987
Galangin,VDAC2,0.44871315360069275
DFO,KEAP1,0.44871196150779724
Scutellarein,NCOA4,0.4487092196941376
Baicalein,DUOX1,0.4487054646015167
DFO,HMOX1,0.44870492815971375
Galangin,VEGFA,0.4487043619155884
Wogonin,S100A8,0.4487033486366272
Galangin,TP53,0.44870296120643616
Galangin,MAPK8,0.4487026035785675
Kaempferol,DDIT3,0.4487013518810272
Luteolin,CDK2,0.4486996531486511
DFO,ALOX15,0.4486985504627228
Kaempferol,IL10,0.4486956298351288
Luteolin,PRKAA1,0.4486953914165497
Wogonin,MAPK1,0.44869470596313477
Scutellarein,BRD4,0.44869303703308105
Kaempferol,IL18,0.44869163632392883
DFO,EPHA2,0.44869011640548706
Galangin,PRKAA2,0.44868966937065125
Scutellarein,BNIP3L,0.44868943095207214
Wogonin,YAP1,0.4486861824989319
Wogonin,ALOX15,0.44868406653404236
Luteolin,RPS6KB1,0.4486836791038513
Scutellarein,ATR,0.4486820101737976
DFO,HMGB1,0.4486803710460663
Luteolin,JAK2,0.44867733120918274
DFO,MPO,0.4486764371395111
Kaempferol,IGFBP3,0.44867628812789917
Luteolin,MAX,0.44867610931396484
Luteolin,GMFB,0.44867581129074097
Luteolin,WRN,0.4486730694770813
Luteolin,MAP1LC3B,0.44867265224456787
DFO,SMURF2,0.4486716687679291
Kaempferol,CREB1,0.44866880774497986
DFO,IFNG,0.4486663043498993
Scutellarein,MMP9,0.44866621494293213
Wogonin,TXNIP,0.4486643373966217
Luteolin,CDK6,0.4486638903617859
Quercetin,TIMP1,0.4486636519432068
Wogonin,TNFAIP1,0.4486636221408844
Wogonin,HMGB1,0.44865986704826355
DFO,SOD1,0.448659211397171
DFO,YAP1,0.44865891337394714
Quercetin,HSPB1,0.44865843653678894
Kaempferol,CDO1,0.4486570954322815
DFO,IL1B,0.4486567974090576
Wogonin,KEAP1,0.4486564099788666
Kaempferol,MMP2,0.4486564099788666
Galangin,MMP10,0.44865626096725464
Scutellarein,CD82,0.448655903339386
Wogonin,TFRC,0.448655366897583
Galangin,HSPD1,0.4486551284790039
Wogonin,FBXO31,0.4486533999443054
Scutellarein,SIRT6,0.44865307211875916
Scutellarein,GPX4,0.4486524760723114
Luteolin,EIF2AK3,0.44865232706069946
Kaempferol,VDAC3,0.44865119457244873
Galangin,VCAM1,0.4486505687236786
Luteolin,CCL2,0.44864988327026367
Luteolin,SELE,0.44864922761917114
Galangin,MDM4,0.4486488401889801
Wogonin,TLR4,0.4486469030380249
Kaempferol,HERC2,0.44864681363105774
DFO,LIFR,0.448645681142807
Luteolin,TFAM,0.44864481687545776
Kaempferol,BECN1,0.44864287972450256
Kaempferol,TIMP2,0.448641836643219
Quercetin,ABCC2,0.4486391842365265
Scutellarein,LIG3,0.44863829016685486
Wogonin,IL6,0.4486381709575653
Galangin,RAD50,0.4486381709575653
Scutellarein,ATF2,0.4486376941204071
DFO,MAPK1,0.4486374258995056
Kaempferol,PARP1,0.44863682985305786
Kaempferol,SERPINE1,0.44863665103912354
Kaempferol,XRCC5,0.4486360549926758
Galangin,GADD45A,0.44863349199295044
Kaempferol,TERF2,0.44863319396972656
Luteolin,NBN,0.4486331045627594
Galangin,CCNB1,0.4486299157142639
Quercetin,MMP13,0.448628306388855
Scutellarein,VDAC2,0.44862818717956543
Kaempferol,CREBBP,0.4486280083656311
Kaempferol,GABARAPL1,0.448627233505249
Luteolin,EMP1,0.44862398505210876
Wogonin,SOCS2,0.4486238956451416
Scutellarein,MAPK8,0.44862353801727295
Baicalein,HMGA1,0.44862303137779236
Wogonin,EPHA2,0.4486217200756073
Scutellarein,VEGFA,0.44861942529678345
DFO,SOCS2,0.44861823320388794
Scutellarein,TP53,0.4486180245876312
Galangin,TRIB3,0.44861793518066406
Wogonin,LIFR,0.4486143887042999
Quercetin,FABP5,0.44861385226249695
Kaempferol,HSP90AA1,0.4486125111579895
Galangin,SLAMF8,0.4486122131347656
Wogonin,IGFBP7,0.4486120641231537
Baicalein,TNFRSF1A,0.4486119747161865
Kaempferol,LIG4,0.4486110806465149
Galangin,PRKDC,0.44861045479774475
Baicalein,CDKN2A,0.44860950112342834
Galangin,ATG7,0.4486091136932373
Wogonin,SOD1,0.44860780239105225
Kaempferol,FANCD2,0.44860756397247314
Scutellarein,PRKAA2,0.4486047327518463
Quercetin,PCNA,0.448604017496109
DFO,EDN1,0.44860246777534485
Luteolin,NUAK2,0.44860032200813293
Quercetin,MDM2,0.44860023260116577
Galangin,CD38,0.4485996961593628
Kaempferol,GOT1,0.4485982060432434
Galangin,IGFBP5,0.4485974907875061
Kaempferol,IL1A,0.448596328496933
Kaempferol,ACSL4,0.4485962390899658
DFO,TLR4,0.44859567284584045
Baicalein,COL1A2,0.44859498739242554
Luteolin,ICAM1,0.44859394431114197
Galangin,MAPK3,0.4485892951488495
Galangin,BAP1,0.44858500361442566
DFO,TXNIP,0.4485844373703003
Luteolin,RBM3,0.44858118891716003
Kaempferol,FBXL5,0.4485805034637451
Galangin,MTOR,0.448579877614975
Kaempferol,AKT1,0.4485779106616974
Galangin,CSE1L,0.44857773184776306
Kaempferol,CCNE1,0.44857725501060486
DFO,EGR1,0.4485749304294586
DFO,IL6,0.4485723376274109
Wogonin,MPO,0.4485720694065094
Galangin,ALOX5,0.44857147336006165
Scutellarein,MMP10,0.4485713541507721
Scutellarein,HSPD1,0.4485701322555542
Galangin,NFE2L2,0.4485698640346527
Galangin,TSC1,0.4485667943954468
Scutellarein,VCAM1,0.4485655725002289
Wogonin,EDN1,0.44856497645378113
Baicalein,COL1A1,0.4485642910003662
Scutellarein,MDM4,0.4485638737678528
DFO,TNFAIP3,0.44856372475624084
Baicalein,BRCA2,0.4485621452331543
Wogonin,SMURF2,0.4485620856285095
Quercetin,DUOX1,0.4485597312450409
Kaempferol,BNIP3,0.4485571086406708
Scutellarein,RAD50,0.44855326414108276
Galangin,STAT1,0.4485531747341156
Baicalein,PPARGC1A,0.44855162501335144
Galangin,HMGA2,0.4485514760017395
Luteolin,EBF3,0.4485512375831604
Galangin,XRCC1,0.4485504627227783
Kaempferol,HBP1,0.44855037331581116
Scutellarein,GADD45A,0.44854849576950073
Scutellarein,CCNB1,0.4485449492931366
Kaempferol,TNF,0.44854453206062317
DFO,IGFBP7,0.4485415518283844
Galangin,JUN,0.4485395848751068
Galangin,ACSL3,0.4485394358634949
Baicalein,FOXO3,0.44853925704956055
Luteolin,PNPLA2,0.4485364556312561
Scutellarein,TRIB3,0.4485330283641815
Galangin,GADD45B,0.44853153824806213
Galangin,TERT,0.4485305845737457
Wogonin,EGR1,0.4485302269458771
Galangin,SNAI1,0.44852975010871887
Baicalein,MAP1LC3A,0.448529452085495
Kaempferol,ATG5,0.4485280215740204
Baicalein,RELA,0.4485277533531189
Scutellarein,SLAMF8,0.4485272467136383
Baicalein,LMNB1,0.44852715730667114
Scutellarein,PRKDC,0.44852542877197266
Scutellarein,ATG7,0.4485241770744324
DFO,E2F1,0.44852307438850403
Kaempferol,CHEK1,0.44851842522621155
Scutellarein,CD38,0.44851478934288025
Scutellarein,IGFBP5,0.4485125243663788
Baicalein,HDAC2,0.44850990176200867
Baicalein,SQSTM1,0.4485081732273102
Scutellarein,MAPK3,0.44850432872772217
Scutellarein,BAP1,0.44850000739097595
Galangin,ATF4,0.4484975337982178
Luteolin,FTH1,0.44849643111228943
Scutellarein,MTOR,0.44849494099617004
Scutellarein,CSE1L,0.44849276542663574
Kaempferol,BRCA1,0.44849225878715515
Kaempferol,MMP3,0.44849109649658203
Baicalein,CDKN1B,0.4484906792640686
DFO,MAPK14,0.4484899044036865
Baicalein,HDAC1,0.44848716259002686
Galangin,PLIN2,0.4484870731830597
Scutellarein,ALOX5,0.4484865367412567
Scutellarein,NFE2L2,0.4484848976135254
Kaempferol,LPIN2,0.44848430156707764
Galangin,SLC3A2,0.448483943939209
Wogonin,TNFAIP3,0.4484822154045105
Scutellarein,TSC1,0.44848188757896423
Quercetin,COL1A2,0.448478639125824
Quercetin,HMGA1,0.44847729802131653
Kaempferol,SESN2,0.44847527146339417
Wogonin,E2F1,0.44847434759140015
DFO,PDE4B,0.44847384095191956
Quercetin,CDKN2A,0.4484736919403076
Galangin,RB1,0.4484729766845703
Galangin,STAT3,0.4484720528125763
Galangin,BLM,0.44847166538238525
Baicalein,GCLM,0.4484715759754181
Kaempferol,PTEN,0.44847068190574646
Galangin,GSS,0.44846847653388977
Scutellarein,STAT1,0.4484681785106659
Scutellarein,HMGA2,0.44846653938293457
Quercetin,TNFRSF1A,0.4484662711620331
Scutellarein,XRCC1,0.44846558570861816
Galangin,CCND1,0.4484640657901764
Galangin,HSPA5,0.4484636187553406
Luteolin,TSC2,0.4484606981277466
Baicalein,NFKB1,0.448458731174469
Kaempferol,GCLC,0.44845810532569885
Wogonin,MAPK14,0.4484579265117645
Fisetin,KLF6,0.4484574794769287
Luteolin,COL3A1,0.44845694303512573
Galangin,MMP12,0.4484567642211914
Kaempferol,EIF2A,0.44845637679100037
Scutellarein,JUN,0.4484546482563019
Scutellarein,ACSL3,0.44845449924468994
Galangin,XRCC6,0.44845378398895264
DFO,KDM6B,0.4484516680240631
Fisetin,FOXO4,0.448451429605484
Quercetin,PPARGC1A,0.4484492838382721
Kaempferol,SLC40A1,0.44844919443130493
Galangin,HDAC3,0.4484470784664154
Galangin,CHEK2,0.44844698905944824
Scutellarein,GADD45B,0.4484466016292572
Scutellarein,TERT,0.4484456479549408
Scutellarein,SNAI1,0.44844481348991394
Kaempferol,ALOX12,0.44844362139701843
Kaempferol,TERF1,0.44844016432762146
Galangin,MNT,0.44843968749046326
Kaempferol,FOXO1,0.4484383463859558
Luteolin,FOS,0.44843488931655884
Quercetin,COL1A1,0.44843366742134094
Kaempferol,CDKN2B,0.44843289256095886
Galangin,CHAC1,0.44843268394470215
Wogonin,PRKD1,0.44843265414237976
Quercetin,BRCA2,0.44843119382858276
Kaempferol,PRNP,0.4484311044216156
Luteolin,TGFB1,0.44843021035194397
Baicalein,CDK4,0.4484296143054962
Baicalein,FN1,0.4484293460845947
Galangin,MRE11,0.44842827320098877
Kaempferol,SLC39A8,0.44842660427093506
Galangin,H2AX,0.44842463731765747
Galangin,MMP1,0.44842320680618286
Galangin,FTL,0.4484221935272217
Kaempferol,SLC7A11,0.4484216272830963
Baicalein,CDKN1A,0.4484187066555023
Galangin,CXCL8,0.4484182298183441
Fisetin,LACTB,0.4484178423881531
Galangin,CRYAB,0.4484178423881531
Kaempferol,TBX2,0.4484177827835083
Galangin,GABARAP,0.4484159052371979
DFO,FOSL1,0.44841480255126953
Scutellarein,ATF4,0.44841259717941284
Kaempferol,ATM,0.44841063022613525
Kaempferol,CDK2,0.4484083354473114
Galangin,STEAP3,0.4484080672264099
DFO,NLRP3,0.44840508699417114
Kaempferol,CCNA2,0.4484042227268219
Kaempferol,PRKAA1,0.44840413331985474
Scutellarein,PLIN2,0.4484021067619324
Galangin,ADIPOQ,0.448401540517807
Scutellarein,SLC3A2,0.44839900732040405
Fisetin,E2F2,0.44839832186698914
Galangin,EP300,0.44839510321617126
Quercetin,FOXO3,0.4483935832977295
Baicalein,NCOA4,0.4483930468559265
Kaempferol,RPS6KB1,0.44839242100715637
Galangin,LPIN1,0.4483923316001892
DFO,MEN1,0.44839194416999817
Scutellarein,RB1,0.448388010263443
Scutellarein,STAT3,0.44838711619377136
Scutellarein,BLM,0.4483867287635803
Fisetin,MYC,0.44838637113571167
Kaempferol,JAK2,0.4483861029148102
Kaempferol,MAX,0.44838476181030273
Kaempferol,GMFB,0.44838452339172363
Quercetin,MAP1LC3A,0.44838380813598633
Scutellarein,GSS,0.44838351011276245
Quercetin,RELA,0.44838207960128784
Kaempferol,WRN,0.44838178157806396
Quercetin,LMNB1,0.4483814835548401
Scutellarein,CCND1,0.44837915897369385
Scutellarein,HSPA5,0.44837871193885803
Fisetin,CBS,0.44837814569473267
Galangin,DDIT3,0.44837746024131775
Baicalein,BRD4,0.4483768939971924
DFO,PPP2R2B,0.448376327753067
Baicalein,BNIP3L,0.44837328791618347
Kaempferol,CDK6,0.44837263226509094
Scutellarein,MMP12,0.4483718276023865
Galangin,IL10,0.4483717679977417
Luteolin,SIRT1,0.4483707547187805
Luteolin,RAD51,0.4483705759048462
Scutellarein,XRCC6,0.4483688473701477
Galangin,IL18,0.44836777448654175
Kaempferol,MAP1LC3B,0.4483667314052582
Baicalein,ATR,0.44836586713790894
Quercetin,HDAC2,0.4483641982078552
Wogonin,KDM6B,0.448362797498703
Quercetin,SQSTM1,0.4483625292778015
Scutellarein,HDAC3,0.4483621418476105
Scutellarein,CHEK2,0.4483620226383209
Kaempferol,CCL2,0.44835859537124634
Kaempferol,SELE,0.4483579099178314
Wogonin,NLRP3,0.4483572840690613
Scutellarein,MNT,0.4483547508716583
Kaempferol,TFAM,0.4483535885810852
Galangin,IGFBP3,0.4483523964881897
Kaempferol,EIF2AK3,0.4483501613140106
Baicalein,MMP9,0.44835010170936584
DFO,IRF7,0.44834980368614197
Scutellarein,CHAC1,0.4483477473258972
Quercetin,CDKN1B,0.44834497570991516
Galangin,CREB1,0.448344886302948
Scutellarein,MRE11,0.44834333658218384
Kaempferol,NBN,0.44834181666374207
Quercetin,HDAC1,0.448341429233551
Baicalein,CD82,0.4483397603034973
Scutellarein,H2AX,0.44833964109420776
Scutellarein,MMP1,0.44833827018737793
Scutellarein,FTL,0.44833725690841675
Baicalein,SIRT6,0.4483369290828705
Baicalein,GPX4,0.44833630323410034
Scutellarein,CXCL8,0.4483332335948944
Galangin,CDO1,0.44833317399024963
Scutellarein,CRYAB,0.44833290576934814
Kaempferol,EMP1,0.44833266735076904
Galangin,MMP2,0.4483325481414795
Wogonin,FOSL1,0.44833096861839294
Scutellarein,GABARAP,0.44833093881607056
DFO,SMARCB1,0.44833025336265564
Galangin,VDAC3,0.44832733273506165
Quercetin,GCLM,0.44832590222358704
Scutellarein,STEAP3,0.4483230710029602
Galangin,HERC2,0.44832292199134827
Baicalein,LIG3,0.448322057723999
Baicalein,ATF2,0.44832155108451843
Galangin,BECN1,0.44831904768943787
Galangin,TIMP2,0.4483179450035095
Scutellarein,ADIPOQ,0.4483165442943573
Quercetin,NFKB1,0.44831305742263794
Galangin,PARP1,0.44831299781799316
Galangin,SERPINE1,0.44831275939941406
Galangin,XRCC5,0.4483121931552887
Baicalein,VDAC2,0.44831210374832153
Scutellarein,EP300,0.44831007719039917
Wogonin,NOX4,0.44830965995788574
Galangin,TERF2,0.4483093321323395
Scutellarein,LPIN1,0.4483073949813843
DFO,NOX4,0.44830673933029175
Kaempferol,NUAK2,0.44830605387687683
Galangin,CREBBP,0.448304146528244
Galangin,GABARAPL1,0.44830337166786194
Baicalein,VEGFA,0.4483032822608948
Kaempferol,ICAM1,0.4483027160167694
Baicalein,TP53,0.44830188155174255
Baicalein,MAPK8,0.4483015239238739
DFO,WNT5A,0.4483007788658142
DFO,WWTR1,0.4482985734939575
DFO,ATF3,0.44829273223876953
Scutellarein,DDIT3,0.44829246401786804
Kaempferol,RBM3,0.4482899010181427
Galangin,HSP90AA1,0.4482886791229248
Baicalein,PRKAA2,0.44828855991363525
Galangin,LIG4,0.4482871890068054
Scutellarein,IL10,0.4482868015766144
Quercetin,FN1,0.4482860267162323
Quercetin,CDK4,0.44828397035598755
Galangin,FANCD2,0.44828373193740845
Scutellarein,IL18,0.4482828676700592
Wogonin,IRF7,0.44827941060066223
Galangin,GOT1,0.4482743442058563
Quercetin,CDKN1A,0.44827306270599365
Galangin,IL1A,0.4482724666595459
Galangin,ACSL4,0.4482724368572235
Scutellarein,IGFBP3,0.4482674300670624
Scutellarein,CREB1,0.44825997948646545
Kaempferol,EBF3,0.44825997948646545
Galangin,FBXL5,0.44825661182403564
Wogonin,MEN1,0.44825610518455505
Baicalein,MMP10,0.44825518131256104
Galangin,AKT1,0.4482540786266327
Baicalein,HSPD1,0.4482540190219879
Galangin,CCNE1,0.4482533633708954
DFO,PRKD1,0.4482502043247223
Baicalein,VCAM1,0.448249489068985
Scutellarein,CDO1,0.4482482373714447
Baicalein,MDM4,0.4482477009296417
Scutellarein,MMP2,0.44824761152267456
Quercetin,NCOA4,0.44824737310409546
Kaempferol,PNPLA2,0.44824522733688354
DFO,BRD7,0.44824281334877014
Scutellarein,VDAC3,0.44824233651161194
Fisetin,LOX,0.44823965430259705
Scutellarein,HERC2,0.4482380449771881
Wogonin,PDE4B,0.44823718070983887
Baicalein,RAD50,0.4482370615005493
Wogonin,PPP2R2B,0.448236882686615
Scutellarein,BECN1,0.44823411107063293
Galangin,BNIP3,0.4482332468032837
Scutellarein,TIMP2,0.4482330083847046
Baicalein,GADD45A,0.44823238253593445
DFO,PTBP1,0.4482319951057434
Quercetin,BRD4,0.44823122024536133
Baicalein,CCNB1,0.4482288360595703
Scutellarein,PARP1,0.44822806119918823
Scutellarein,SERPINE1,0.4482278823852539
Quercetin,BNIP3L,0.44822758436203003
Scutellarein,XRCC5,0.44822728633880615
Galangin,HBP1,0.44822654128074646
Scutellarein,TERF2,0.44822442531585693
Galangin,TNF,0.44822070002555847
Quercetin,ATR,0.4482201635837555
Scutellarein,CREBBP,0.4482192397117615
Scutellarein,GABARAPL1,0.4482184052467346
Baicalein,TRIB3,0.44821685552597046
Baicalein,SLAMF8,0.44821110367774963
Baicalein,PRKDC,0.44820937514305115
Baicalein,ATG7,0.4482080340385437
Kaempferol,FTH1,0.4482051730155945
Quercetin,MMP9,0.4482043981552124
Galangin,ATG5,0.4482041597366333
Scutellarein,HSP90AA1,0.4482037425041199
Scutellarein,LIG4,0.44820231199264526
Scutellarein,FANCD2,0.44819876551628113
Baicalein,CD38,0.4481986463069916
Baicalein,IGFBP5,0.4481964111328125
Galangin,CHEK1,0.44819459319114685
Quercetin,CD82,0.44819405674934387
Quercetin,SIRT6,0.44819119572639465
Quercetin,GPX4,0.4481905996799469
Scutellarein,GOT1,0.4481894075870514
Baicalein,MAPK3,0.4481882154941559
Scutellarein,IL1A,0.44818755984306335
Scutellarein,ACSL4,0.4481874406337738
Baicalein,BAP1,0.44818389415740967
Fisetin,ABCC2,0.4481829106807709
Fisetin,TIMP1,0.4481815993785858
Baicalein,MTOR,0.44817882776260376
Baicalein,CSE1L,0.44817662239074707
Quercetin,LIG3,0.44817644357681274
Fisetin,HSPB1,0.44817638397216797
Quercetin,ATF2,0.448175847530365
Wogonin,SMARCB1,0.44817328453063965
Fisetin,MMP13,0.44817203283309937
Scutellarein,FBXL5,0.4481717050075531
Baicalein,ALOX5,0.44817039370536804
Kaempferol,TSC2,0.44816944003105164
Scutellarein,AKT1,0.44816917181015015
Baicalein,NFE2L2,0.4481687843799591
Scutellarein,CCNE1,0.44816842675209045
Galangin,BRCA1,0.44816839694976807
Formononetin,RGS4,0.44816792011260986
Galangin,MMP3,0.44816723465919495
Quercetin,VDAC2,0.4481663703918457
Baicalein,TSC1,0.44816574454307556
Kaempferol,COL3A1,0.4481657147407532
Galangin,LPIN2,0.44816043972969055
Quercetin,VEGFA,0.4481576085090637
Fisetin,FABP5,0.44815757870674133
Quercetin,TP53,0.4481562376022339
Quercetin,MAPK8,0.44815585017204285
Baicalein,STAT1,0.4481521248817444
Galangin,SESN2,0.44815143942832947
Baicalein,HMGA2,0.4481503963470459
Baicalein,XRCC1,0.4481494426727295
Scutellarein,BNIP3,0.44814828038215637
Galangin,PTEN,0.44814684987068176
Kaempferol,FOS,0.44814369082450867
Quercetin,PRKAA2,0.4481429159641266
Scutellarein,HBP1,0.44814157485961914
Wogonin,ATF3,0.448141485452652
Kaempferol,TGFB1,0.44813889265060425
Baicalein,JUN,0.4481385052204132
Baicalein,ACSL3,0.44813841581344604
Scutellarein,TNF,0.44813573360443115
DFO,E2F3,0.4481354355812073
Galangin,GCLC,0.44813430309295654
Galangin,EIF2A,0.44813257455825806
Baicalein,GADD45B,0.44813045859336853
Baicalein,TERT,0.4481295049190521
Baicalein,SNAI1,0.44812870025634766
Galangin,SLC40A1,0.44812530279159546
Wogonin,WWTR1,0.4481234848499298
Fisetin,PCNA,0.44812193512916565
Galangin,ALOX12,0.44811978936195374
Scutellarein,ATG5,0.44811925292015076
Fisetin,MDM2,0.4481181204319
Galangin,TERF1,0.44811633229255676
Galangin,FOXO1,0.4481145143508911
Scutellarein,CHEK1,0.4481096863746643
Quercetin,MMP10,0.44810950756073
Galangin,CDKN2B,0.44810906052589417
Quercetin,HSPD1,0.44810834527015686
Galangin,PRNP,0.4481073021888733
Quercetin,VCAM1,0.44810375571250916
Galangin,SLC39A8,0.44810280203819275
Quercetin,MDM4,0.44810202717781067
Wogonin,LPCAT3,0.44810059666633606
Galangin,SLC7A11,0.448097825050354
Baicalein,ATF4,0.44809648394584656
Galangin,TBX2,0.448093980550766
Quercetin,RAD50,0.44809138774871826
Galangin,ATM,0.44808679819107056
Quercetin,GADD45A,0.4480867087841034
Baicalein,PLIN2,0.4480859935283661
Galangin,CDK2,0.4480845034122467
DFO,LPCAT3,0.44808441400527954
Scutellarein,BRCA1,0.4480834901332855
Quercetin,CCNB1,0.44808316230773926
Baicalein,SLC3A2,0.44808289408683777
Scutellarein,MMP3,0.44808229804039
Wogonin,WNT5A,0.44808220863342285
Galangin,CCNA2,0.4480803906917572
Galangin,PRKAA1,0.44808030128479004
Kaempferol,SIRT1,0.44807952642440796
Fisetin,DUOX1,0.4480777084827423
Scutellarein,LPIN2,0.4480755031108856
Baicalein,RB1,0.4480719566345215
Wogonin,BRD7,0.44807156920433044
Quercetin,TRIB3,0.4480712115764618
Baicalein,STAT3,0.4480710029602051
Baicalein,BLM,0.44807061553001404
Galangin,RPS6KB1,0.4480685591697693
Baicalein,GSS,0.44806742668151855
Scutellarein,SESN2,0.44806650280952454
Quercetin,SLAMF8,0.44806545972824097
Quercetin,PRKDC,0.4480636417865753
Baicalein,CCND1,0.4480630159378052
Baicalein,HSPA5,0.44806259870529175
Quercetin,ATG7,0.44806239008903503
Galangin,JAK2,0.4480622410774231
Scutellarein,PTEN,0.44806191325187683
Galangin,MAX,0.4480609595775604
Galangin,GMFB,0.44806066155433655
Galangin,WRN,0.44805797934532166
Baicalein,MMP12,0.4480556845664978
Quercetin,CD38,0.4480529725551605
Baicalein,XRCC6,0.4480527341365814
Quercetin,IGFBP5,0.44805070757865906
Scutellarein,GCLC,0.4480493366718292
Galangin,CDK6,0.44804880023002625
Scutellarein,EIF2A,0.44804760813713074
Kaempferol,RAD51,0.44804689288139343
Baicalein,HDAC3,0.4480460286140442
Baicalein,CHEK2,0.448045939207077
Galangin,MAP1LC3B,0.44804295897483826
Quercetin,MAPK3,0.44804254174232483
Scutellarein,SLC40A1,0.4480403661727905
Baicalein,MNT,0.44803866744041443
Quercetin,BAP1,0.4480382800102234
Galangin,CCL2,0.4480348229408264
Scutellarein,ALOX12,0.4480348229408264
Galangin,SELE,0.44803404808044434
Quercetin,MTOR,0.4480331540107727
Baicalein,CHAC1,0.4480316638946533
Scutellarein,TERF1,0.44803136587142944
Formononetin,NR2F2,0.4480311870574951
Quercetin,CSE1L,0.4480310082435608
Galangin,TFAM,0.4480297565460205
Scutellarein,FOXO1,0.44802960753440857
Baicalein,MRE11,0.44802722334861755
Galangin,EIF2AK3,0.4480263590812683
Quercetin,ALOX5,0.44802477955818176
Scutellarein,CDKN2B,0.44802409410476685
Baicalein,H2AX,0.4480235278606415
Quercetin,NFE2L2,0.44802311062812805
Fisetin,COL1A2,0.44802239537239075
Scutellarein,PRNP,0.44802233576774597
Baicalein,MMP1,0.44802218675613403
Baicalein,FTL,0.44802114367485046
Quercetin,TSC1,0.4480200707912445
Formononetin,DPP4,0.44801950454711914
Galangin,NBN,0.44801798462867737
Scutellarein,SLC39A8,0.44801783561706543
Fisetin,CDKN2A,0.4480174481868744
Baicalein,CXCL8,0.4480171203613281
Baicalein,CRYAB,0.44801679253578186
Baicalein,GABARAP,0.4480148255825043
Scutellarein,SLC7A11,0.44801291823387146
Wogonin,EPHA4,0.4480128586292267
Scutellarein,TBX2,0.44800904393196106
Galangin,EMP1,0.44800883531570435
Baicalein,STEAP3,0.4480069875717163
Quercetin,STAT1,0.44800639152526855
Quercetin,HMGA2,0.4480047821998596
Quercetin,XRCC1,0.44800376892089844
Scutellarein,ATM,0.448001891374588
Baicalein,ADIPOQ,0.4480004608631134
Scutellarein,CDK2,0.44799959659576416
Scutellarein,CCNA2,0.44799545407295227
Scutellarein,PRKAA1,0.4479953944683075
Fisetin,HMGA1,0.44799524545669556
Baicalein,EP300,0.44799405336380005
Fisetin,PPARGC1A,0.4479930102825165
Quercetin,JUN,0.44799286127090454
Quercetin,ACSL3,0.4479927122592926
Baicalein,LPIN1,0.4479913115501404
Quercetin,GADD45B,0.4479847848415375
Fisetin,TNFRSF1A,0.4479842483997345
Quercetin,TERT,0.4479838013648987
Scutellarein,RPS6KB1,0.44798362255096436
Quercetin,SNAI1,0.447983056306839
Galangin,NUAK2,0.44798222184181213
Galangin,ICAM1,0.44797882437705994
Fisetin,COL1A1,0.44797736406326294
Scutellarein,JAK2,0.44797730445861816
Baicalein,DDIT3,0.44797641038894653
Scutellarein,MAX,0.4479760527610779
Scutellarein,GMFB,0.4479757845401764
Fisetin,BRCA2,0.44797495007514954
Scutellarein,WRN,0.4479730427265167
Baicalein,IL10,0.4479706883430481
Wogonin,E2F3,0.4479687809944153
Baicalein,IL18,0.4479667842388153
Galangin,RBM3,0.4479660987854004
Scutellarein,CDK6,0.4479638636112213
DFO,EPHA4,0.4479636251926422
DFO,ICA1,0.4479612410068512
Scutellarein,MAP1LC3B,0.44795796275138855
Baicalein,IGFBP3,0.44795137643814087
Quercetin,ATF4,0.4479508101940155
Scutellarein,CCL2,0.4479498565196991
Scutellarein,SELE,0.4479491710662842
DFO,ERN1,0.44794657826423645
Scutellarein,TFAM,0.4479447603225708
Oroxylin A,SETD7,0.44794467091560364
Baicalein,CREB1,0.44794386625289917
Scutellarein,EIF2AK3,0.4479414224624634
Quercetin,PLIN2,0.44794028997421265
Quercetin,SLC3A2,0.4479372203350067
Galangin,EBF3,0.44793614745140076
DFO,HERPUD1,0.44793587923049927
Oroxylin A,CAVIN1,0.44793471693992615
Scutellarein,NBN,0.44793301820755005
Baicalein,CDO1,0.4479321539402008
Baicalein,MMP2,0.44793152809143066
Quercetin,RB1,0.4479263126850128
Baicalein,VDAC3,0.4479263126850128
Quercetin,STAT3,0.4479253590106964
Quercetin,BLM,0.44792497158050537
Scutellarein,EMP1,0.4479239284992218
Baicalein,HERC2,0.44792190194129944
Quercetin,GSS,0.4479217529296875
Galangin,PNPLA2,0.44792142510414124
Baicalein,BECN1,0.44791799783706665
Quercetin,CCND1,0.4479173719882965
Baicalein,TIMP2,0.4479169249534607
Quercetin,HSPA5,0.4479169249534607
Baicalein,PARP1,0.44791194796562195
Baicalein,SERPINE1,0.4479117691516876
Fisetin,FOXO3,0.4479115605354309
Baicalein,XRCC5,0.44791120290756226
DFO,DPEP1,0.44791099429130554
Quercetin,MMP12,0.44791004061698914
Baicalein,TERF2,0.44790831208229065
Quercetin,XRCC6,0.44790709018707275
Baicalein,CREBBP,0.4479031562805176
Baicalein,GABARAPL1,0.44790229201316833
Fisetin,MAP1LC3A,0.44790175557136536
Quercetin,HDAC3,0.4479003846645355
Quercetin,CHEK2,0.4479002356529236
Fisetin,RELA,0.44790008664131165
DFO,MCU,0.4478995203971863
Fisetin,LMNB1,0.4478994607925415
Scutellarein,NUAK2,0.4478973150253296
Scutellarein,ICAM1,0.4478939175605774
Quercetin,MNT,0.447892963886261
Baicalein,HSP90AA1,0.447887659072876
Baicalein,LIG4,0.4478861689567566
Quercetin,CHAC1,0.44788601994514465
Baicalein,FANCD2,0.44788268208503723
Fisetin,HDAC2,0.44788220524787903
Quercetin,MRE11,0.4478815495967865
Galangin,FTH1,0.44788140058517456
Scutellarein,RBM3,0.44788116216659546
Fisetin,SQSTM1,0.44788047671318054
DFO,ACVR1B,0.4478783905506134
Quercetin,H2AX,0.4478779137134552
Wogonin,PTBP1,0.4478777050971985
Quercetin,MMP1,0.4478764533996582
Quercetin,FTL,0.4478754997253418
DFO,SNCA,0.4478742778301239
Baicalein,GOT1,0.4478733241558075
Quercetin,CXCL8,0.44787150621414185
Baicalein,IL1A,0.44787144660949707
Baicalein,ACSL4,0.4478713870048523
Quercetin,CRYAB,0.4478711187839508
Quercetin,GABARAP,0.447869211435318
Fisetin,CDKN1B,0.44786298274993896
Quercetin,STEAP3,0.44786131381988525
Fisetin,HDAC1,0.44785943627357483
Baicalein,FBXL5,0.4478556215763092
Quercetin,ADIPOQ,0.44785481691360474
Baicalein,AKT1,0.4478530287742615
Baicalein,CCNE1,0.44785237312316895
Scutellarein,EBF3,0.4478512108325958
Quercetin,EP300,0.4478483498096466
Quercetin,LPIN1,0.4478456676006317
Galangin,TSC2,0.4478456676006317
Fisetin,GCLM,0.44784384965896606
Galangin,COL3A1,0.44784194231033325
Scutellarein,PNPLA2,0.4478364884853363
Baicalein,BNIP3,0.4478321969509125
Fisetin,NFKB1,0.44783103466033936
Quercetin,DDIT3,0.4478307366371155
Fisetin,FN1,0.44782984256744385
Baicalein,HBP1,0.44782549142837524
Quercetin,IL10,0.44782501459121704
Quercetin,IL18,0.44782108068466187
Galangin,FOS,0.44781985878944397
Baicalein,TNF,0.44781965017318726
Galangin,TGFB1,0.4478151202201843
Quercetin,IGFBP3,0.4478057026863098
Baicalein,ATG5,0.44780316948890686
Fisetin,CDK4,0.44780197739601135
Quercetin,CREB1,0.4477981925010681
Scutellarein,FTH1,0.44779643416404724
Baicalein,CHEK1,0.4477936029434204
Formononetin,FOXO4,0.44779345393180847
Fisetin,CDKN1A,0.44779106974601746
Quercetin,CDO1,0.44778648018836975
Quercetin,MMP2,0.4477859139442444
Wogonin,DPEP1,0.4477826654911041
Quercetin,VDAC3,0.44778063893318176
Quercetin,HERC2,0.44777625799179077
Wogonin,ICA1,0.4477726221084595
Quercetin,BECN1,0.4477723240852356
Quercetin,TIMP2,0.447771281003952
Baicalein,BRCA1,0.4477674067020416
Quercetin,PARP1,0.4477663040161133
Baicalein,MMP3,0.4477662146091461
Quercetin,SERPINE1,0.44776612520217896
Quercetin,XRCC5,0.4477655291557312
Fisetin,NCOA4,0.4477653503417969
Quercetin,TERF2,0.447762668132782
Scutellarein,TSC2,0.44776076078414917
Baicalein,LPIN2,0.4477595090866089
Quercetin,CREBBP,0.4477575123310089
Scutellarein,COL3A1,0.4477570354938507
Quercetin,GABARAPL1,0.44775664806365967
Galangin,SIRT1,0.44775569438934326
Fisetin,BRD4,0.4477551281452179
Baicalein,SESN2,0.447750449180603
Baicalein,PTEN,0.4477458596229553
Fisetin,BNIP3L,0.4477456510066986
Quercetin,HSP90AA1,0.4477420151233673
Quercetin,LIG4,0.4477405548095703
Formononetin,E2F2,0.4477403163909912
Fisetin,ATR,0.4477382004261017
Quercetin,FANCD2,0.44773703813552856
Scutellarein,FOS,0.4477349519729614
Baicalein,GCLC,0.4477332830429077
Baicalein,EIF2A,0.44773155450820923
Scutellarein,TGFB1,0.4477301836013794
Formononetin,MYC,0.44772836565971375
Quercetin,GOT1,0.44772768020629883
Wogonin,SNCA,0.4477275013923645
Quercetin,IL1A,0.4477258324623108
Quercetin,ACSL4,0.447725772857666
Baicalein,SLC40A1,0.4477243423461914
Galangin,RAD51,0.4477230906486511
Fisetin,MMP9,0.4477224349975586
Formononetin,CBS,0.44772014021873474
Baicalein,ALOX12,0.4477187991142273
Baicalein,TERF1,0.4477153420448303
Baicalein,FOXO1,0.4477135241031647
Fisetin,SIRT6,0.44771239161491394
Fisetin,CD82,0.44771209359169006
Wogonin,MCU,0.44771113991737366
Quercetin,FBXL5,0.44770994782447815
DFO,SPATA2,0.44770970940589905
Fisetin,GPX4,0.4477086663246155
Baicalein,CDKN2B,0.4477081000804901
Quercetin,AKT1,0.4477074146270752
Quercetin,CCNE1,0.4477066993713379
Baicalein,PRNP,0.44770628213882446
Baicalein,SLC39A8,0.4477017819881439
Wogonin,ERN1,0.44769835472106934
Wogonin,HERPUD1,0.44769757986068726
Baicalein,SLC7A11,0.4476968050003052
Fisetin,LIG3,0.44769442081451416
Fisetin,ATF2,0.4476938843727112
Baicalein,TBX2,0.44769299030303955
DFO,PADI4,0.44768959283828735
Quercetin,BNIP3,0.4476865530014038
Fisetin,MAPK8,0.44768619537353516
Baicalein,ATM,0.4476858079433441
Fisetin,VDAC2,0.4476843774318695
Baicalein,CDK2,0.44768354296684265
Quercetin,HBP1,0.4476798474788666
Baicalein,CCNA2,0.4476793706417084
Baicalein,PRKAA1,0.4476793110370636
Fisetin,VEGFA,0.44767558574676514
Fisetin,TP53,0.4476742446422577
Quercetin,TNF,0.4476740062236786
Scutellarein,SIRT1,0.4476708173751831
Baicalein,RPS6KB1,0.44766756892204285
Formononetin,KLF6,0.44766733050346375
Baicalein,JAK2,0.44766125082969666
Fisetin,PRKAA2,0.44766098260879517
Baicalein,MAX,0.447659969329834
Baicalein,GMFB,0.4476596713066101
Quercetin,ATG5,0.4476575255393982
Baicalein,WRN,0.4476570188999176
DFO,ABCC1,0.4476505517959595
Quercetin,CHEK1,0.44764798879623413
Baicalein,CDK6,0.4476477801799774
Baicalein,MAP1LC3B,0.4476419687271118
Scutellarein,RAD51,0.4476381242275238
Baicalein,CCL2,0.4476338326931
Baicalein,SELE,0.4476330876350403
Baicalein,TFAM,0.44762876629829407
Fisetin,MMP10,0.44762754440307617
Fisetin,HSPD1,0.44762638211250305
Baicalein,EIF2AK3,0.4476253390312195
Fisetin,VCAM1,0.44762179255485535
Quercetin,BRCA1,0.44762179255485535
Quercetin,MMP3,0.44762060046195984
Fisetin,MDM4,0.44762009382247925
Baicalein,NBN,0.4476170241832733
Wogonin,PADI4,0.44761520624160767
Quercetin,LPIN2,0.44761383533477783
Fisetin,RAD50,0.44760948419570923
Baicalein,EMP1,0.4476078450679779
Wogonin,ACVR1B,0.44760745763778687
Quercetin,SESN2,0.44760480523109436
Fisetin,GADD45A,0.4476047456264496
Fisetin,CCNB1,0.44760119915008545
Quercetin,PTEN,0.44760021567344666
Fisetin,TRIB3,0.4475892186164856
Quercetin,GCLC,0.44758760929107666
Quercetin,EIF2A,0.4475858807563782
Fisetin,SLAMF8,0.44758349657058716
Fisetin,PRKDC,0.4475816786289215
Baicalein,NUAK2,0.44758129119873047
Fisetin,ATG7,0.4475804269313812
Quercetin,SLC40A1,0.44757866859436035
Baicalein,ICAM1,0.4475778639316559
Quercetin,ALOX12,0.44757312536239624
Fisetin,CD38,0.4475710391998291
Quercetin,TERF1,0.44756969809532166
DFO,SAT1,0.4475695490837097
Fisetin,IGFBP5,0.44756877422332764
Quercetin,FOXO1,0.447567880153656
Baicalein,RBM3,0.44756513833999634
Quercetin,CDKN2B,0.44756242632865906
Quercetin,PRNP,0.4475606083869934
Fisetin,MAPK3,0.447560578584671
Fisetin,BAP1,0.4475563168525696
Quercetin,SLC39A8,0.44755613803863525
Fisetin,MTOR,0.4475512206554413
Quercetin,SLC7A11,0.4475511610507965
Fisetin,CSE1L,0.4475490152835846
Quercetin,TBX2,0.4475473463535309
Fisetin,ALOX5,0.44754278659820557
Fisetin,NFE2L2,0.44754117727279663
Quercetin,ATM,0.4475402235984802
Fisetin,TSC1,0.4475381076335907
Quercetin,CDK2,0.44753792881965637
Baicalein,EBF3,0.4475351572036743
Quercetin,CCNA2,0.4475337266921997
Quercetin,PRKAA1,0.44753366708755493
Formononetin,ABCC2,0.44752493500709534
Fisetin,STAT1,0.44752445816993713
Fisetin,HMGA2,0.4475228488445282
Quercetin,RPS6KB1,0.44752198457717896
Fisetin,XRCC1,0.447521835565567
Baicalein,PNPLA2,0.4475204646587372
Quercetin,JAK2,0.4475155770778656
Quercetin,MAX,0.4475143551826477
Quercetin,GMFB,0.44751405715942383
Formononetin,MMP13,0.44751405715942383
Quercetin,WRN,0.44751137495040894
Fisetin,JUN,0.44751089811325073
Fisetin,ACSL3,0.44751080870628357
Formononetin,TIMP1,0.4475089907646179
DFO,COX7A1,0.44750669598579407
Fisetin,GADD45B,0.44750288128852844
Quercetin,CDK6,0.44750216603279114
Fisetin,TERT,0.44750192761421204
Fisetin,SNAI1,0.4475010633468628
Formononetin,FABP5,0.4474996328353882
Quercetin,MAP1LC3B,0.44749629497528076
Quercetin,CCL2,0.4474881887435913
Quercetin,SELE,0.447487473487854
Quercetin,TFAM,0.4474831223487854
Formononetin,HSPB1,0.447481244802475
Baicalein,FTH1,0.4474804401397705
Quercetin,EIF2AK3,0.4474797248840332
Wogonin,SPATA2,0.44747862219810486
Quercetin,NBN,0.44747138023376465
Fisetin,ATF4,0.4474688768386841
Quercetin,EMP1,0.44746220111846924
Formononetin,LACTB,0.44746115803718567
Formononetin,PCNA,0.4474610686302185
Fisetin,PLIN2,0.4474583864212036
Fisetin,SLC3A2,0.4474552869796753
Baicalein,TSC2,0.4474446773529053
Fisetin,RB1,0.447444349527359
Fisetin,STAT3,0.4474433958530426
Fisetin,BLM,0.44744300842285156
Baicalein,COL3A1,0.4474410116672516
Fisetin,GSS,0.4474398195743561
Quercetin,NUAK2,0.4474356174468994
Fisetin,CCND1,0.4474354386329651
Fisetin,HSPA5,0.4474349915981293
Quercetin,ICAM1,0.4474322199821472
Fisetin,MMP12,0.4474281370639801
Fisetin,XRCC6,0.44742515683174133
Quercetin,RBM3,0.44741952419281006
Baicalein,FOS,0.4474189579486847
Fisetin,HDAC3,0.4474184811115265
Fisetin,CHEK2,0.44741830229759216
Baicalein,TGFB1,0.44741418957710266
Fisetin,MNT,0.44741103053092957
Wogonin,ABCC1,0.44740578532218933
Fisetin,CHAC1,0.44740405678749084
Fisetin,MRE11,0.4473995864391327
Fisetin,H2AX,0.4473959505558014
Fisetin,MMP1,0.44739457964897156
Fisetin,FTL,0.4473935663700104
Fisetin,CXCL8,0.4473895728588104
Quercetin,EBF3,0.4473895728588104
Fisetin,CRYAB,0.4473891854286194
Fisetin,GABARAP,0.4473872780799866
Fisetin,STEAP3,0.4473794400691986
Quercetin,PNPLA2,0.4473748207092285
Fisetin,ADIPOQ,0.4473728537559509
Fisetin,EP300,0.44736647605895996
Formononetin,COL1A2,0.4473644495010376
Fisetin,LPIN1,0.4473637342453003
Formononetin,CDKN2A,0.447359561920166
Baicalein,SIRT1,0.4473547637462616
Fisetin,DDIT3,0.44734880328178406
Fisetin,IL10,0.4473431706428528
Fisetin,IL18,0.4473392367362976
Wogonin,SAT1,0.44733545184135437
Formononetin,PPARGC1A,0.4473351240158081
Quercetin,FTH1,0.44733479619026184
Fisetin,IGFBP3,0.4473237991333008
Baicalein,RAD51,0.44732213020324707
Formononetin,COL1A1,0.44731947779655457
Formononetin,BRCA2,0.4473170340061188
Fisetin,CREB1,0.44731631875038147
Fisetin,CDO1,0.4473046362400055
Fisetin,MMP2,0.44730398058891296
Quercetin,TSC2,0.4472990930080414
Fisetin,VDAC3,0.44729873538017273
Quercetin,COL3A1,0.4472953677177429
Fisetin,HERC2,0.4472943842411041
Fisetin,BECN1,0.44729048013687134
Fisetin,TIMP2,0.447289377450943
Formononetin,TNFRSF1A,0.44728797674179077
Fisetin,PARP1,0.44728440046310425
Fisetin,SERPINE1,0.4472842216491699
Fisetin,XRCC5,0.44728365540504456
Formononetin,LOX,0.4472821354866028
Fisetin,TERF2,0.44728079438209534
Formononetin,HMGA1,0.44727906584739685
Fisetin,CREBBP,0.44727563858032227
Fisetin,GABARAPL1,0.447274774312973
Quercetin,FOS,0.44727328419685364
Quercetin,TGFB1,0.4472685754299164
Fisetin,HSP90AA1,0.4472600817680359
Fisetin,LIG4,0.4472586512565613
Fisetin,FANCD2,0.44725513458251953
Fisetin,GOT1,0.4472457766532898
Fisetin,IL1A,0.44724392890930176
Fisetin,ACSL4,0.447243869304657
Wogonin,COX7A1,0.4472403824329376
Formononetin,FOXO3,0.44722980260849
Formononetin,MDM2,0.44722822308540344
Fisetin,FBXL5,0.4472280740737915
Fisetin,AKT1,0.44722557067871094
Fisetin,CCNE1,0.44722485542297363
Formononetin,LMNB1,0.4472220242023468
Quercetin,SIRT1,0.4472091495990753
Fisetin,BNIP3,0.44720467925071716
DFO,DYRK1A,0.4472031593322754
Formononetin,HDAC2,0.44720175862312317
Fisetin,HBP1,0.4471980035305023
Formononetin,SQSTM1,0.44719722867012024
Formononetin,RELA,0.44719254970550537
Fisetin,TNF,0.4471921920776367
Quercetin,RAD51,0.4471765458583832
Fisetin,ATG5,0.44717568159103394
Formononetin,FN1,0.4471719563007355
Formononetin,CDKN1B,0.44717082381248474
Fisetin,CHEK1,0.4471660554409027
Formononetin,HDAC1,0.447159081697464
Fisetin,BRCA1,0.4471399188041687
Fisetin,MMP3,0.4471387267112732
Fisetin,LPIN2,0.4471319317817688
Formononetin,DUOX1,0.44712719321250916
Fisetin,SESN2,0.4471229612827301
Fisetin,PTEN,0.44711828231811523
Formononetin,NFKB1,0.44711682200431824
Fisetin,GCLC,0.4471057951450348
Formononetin,GCLM,0.44710445404052734
Fisetin,EIF2A,0.4471040964126587
Formononetin,NCOA4,0.4471014142036438
Formononetin,BRD4,0.4470973312854767
Fisetin,SLC40A1,0.4470968544483185
Fisetin,ALOX12,0.44709131121635437
Fisetin,TERF1,0.447087824344635
Formononetin,CDK4,0.44708701968193054
Fisetin,FOXO1,0.44708606600761414
Fisetin,CDKN2B,0.4470805525779724
Fisetin,PRNP,0.44707879424095154
Formononetin,MAP1LC3A,0.44707730412483215
Formononetin,CDKN1A,0.44707557559013367
Fisetin,SLC39A8,0.447074294090271
Fisetin,SLC7A11,0.44706928730010986
Fisetin,TBX2,0.44706547260284424
Fisetin,ATM,0.4470583498477936
Fisetin,CDK2,0.4470560550689697
Formononetin,SIRT6,0.44705453515052795
Fisetin,PRKAA1,0.44705185294151306
Fisetin,CCNA2,0.44705185294151306
Formononetin,ATR,0.44704967737197876
Fisetin,RPS6KB1,0.4470401406288147
Fisetin,JAK2,0.4470337927341461
Fisetin,MAX,0.44703251123428345
Fisetin,GMFB,0.44703221321105957
Fisetin,WRN,0.4470295011997223
Formononetin,MAPK8,0.44702842831611633
Formononetin,LIG3,0.4470266103744507
Formononetin,ATF2,0.4470212757587433
Fisetin,CDK6,0.4470203220844269
Wogonin,DYRK1A,0.44701865315437317
Fisetin,MAP1LC3B,0.4470144510269165
Fisetin,CCL2,0.44700631499290466
Fisetin,SELE,0.44700562953948975
Formononetin,VDAC2,0.44700297713279724
Fisetin,TFAM,0.44700124859809875
Formononetin,GPX4,0.446999728679657
Fisetin,EIF2AK3,0.44699791073799133
Formononetin,MMP9,0.4469912648200989
Fisetin,NBN,0.4469895362854004
Formononetin,BNIP3L,0.4469820261001587
Fisetin,EMP1,0.44698038697242737
Formononetin,TP53,0.44696134328842163
Fisetin,NUAK2,0.44695380330085754
Fisetin,ICAM1,0.44695043563842773
Formononetin,RAD50,0.44694286584854126
Formononetin,CCNB1,0.4469394385814667
Fisetin,RBM3,0.4469376802444458
Formononetin,HSPD1,0.4469338059425354
Formononetin,VEGFA,0.4469248652458191
Formononetin,GADD45A,0.4469209611415863
Formononetin,TRIB3,0.44691357016563416
Formononetin,PRKAA2,0.44691210985183716
Fisetin,EBF3,0.44690772891044617
Formononetin,IGFBP5,0.4469016194343567
Fisetin,PNPLA2,0.44689300656318665
Formononetin,PRKDC,0.4468826651573181
Formononetin,MDM4,0.44687849283218384
Formononetin,CSE1L,0.44687554240226746
Formononetin,VCAM1,0.4468734860420227
Formononetin,ATG7,0.4468640089035034
Formononetin,CD38,0.4468623995780945
Formononetin,MTOR,0.44685637950897217
Fisetin,FTH1,0.4468529522418976
Formononetin,MAPK3,0.44684526324272156
Formononetin,SLAMF8,0.4468357264995575
Formononetin,TSC1,0.4468224048614502
Formononetin,ALOX5,0.44681882858276367
Formononetin,MMP10,0.44681867957115173
Fisetin,TSC2,0.4468172490596771
Fisetin,COL3A1,0.44681355357170105
Formononetin,NFE2L2,0.44680413603782654
Formononetin,TERT,0.4467974603176117
Fisetin,FOS,0.44679149985313416
Fisetin,TGFB1,0.4467867612838745
Formononetin,ACSL3,0.44678252935409546
Formononetin,XRCC1,0.4467775523662567
Formononetin,JUN,0.44677412509918213
Formononetin,SNAI1,0.4467734694480896
Formononetin,GSS,0.4467647671699524
Formononetin,GADD45B,0.44676318764686584
Formononetin,CD82,0.4467630386352539
Formononetin,ATF4,0.4467560946941376
Formononetin,PLIN2,0.446751207113266
Formononetin,BAP1,0.4467480480670929
Formononetin,HMGA2,0.44674596190452576
Formononetin,HSPA5,0.4467453062534332
Formononetin,CCND1,0.4467429220676422
Formononetin,HDAC3,0.4467315077781677
Formononetin,CHEK2,0.44673097133636475
Formononetin,SLC3A2,0.4467296600341797
Fisetin,SIRT1,0.44672736525535583
Formononetin,STAT3,0.4467243552207947
Formononetin,BLM,0.4467223286628723
Formononetin,STAT1,0.4467146694660187
Formononetin,RB1,0.4467082917690277
Fisetin,RAD51,0.4466947615146637
Formononetin,XRCC6,0.4466841220855713
Formononetin,STEAP3,0.44666793942451477
Formononetin,MNT,0.4466668963432312
Formononetin,EP300,0.44665780663490295
Formononetin,GABARAP,0.44664329290390015
DFO,CAVIN1,0.446638822555542
Formononetin,DDIT3,0.44661447405815125
Formononetin,IL18,0.4466024935245514
Formononetin,LPIN1,0.446601539850235
Formononetin,MMP12,0.4466010630130768
Formononetin,CHAC1,0.44660088419914246
Formononetin,CREB1,0.44659098982810974
Formononetin,IGFBP3,0.44658491015434265
Formononetin,IL10,0.4465789496898651
Formononetin,MMP2,0.4465789198875427
Formononetin,HERC2,0.446560800075531
Formononetin,SERPINE1,0.44655147194862366
Formononetin,XRCC5,0.4465389847755432
Formononetin,BECN1,0.44653820991516113
Formononetin,CREBBP,0.4465356469154358
Formononetin,VDAC3,0.4465346038341522
Formononetin,GABARAPL1,0.4465298354625702
Formononetin,TIMP2,0.4465257525444031
N-acetylcysteine,SLC1A5,0.4465254843235016
Formononetin,TERF2,0.4465238153934479
Formononetin,FANCD2,0.4465155005455017
Formononetin,LIG4,0.4465097486972809
Formononetin,PARP1,0.4465065598487854
Formononetin,CCNE1,0.4464910626411438
Formononetin,FBXL5,0.44648513197898865
Formononetin,AKT1,0.4464796185493469
Formononetin,HSP90AA1,0.44647589325904846
Formononetin,ACSL4,0.4464741051197052
Formononetin,BNIP3,0.4464549422264099
Formononetin,GOT1,0.4464499056339264
Sulforaphane,SLC1A5,0.4464472532272339
Formononetin,HBP1,0.4464435279369354
Formononetin,IL1A,0.4464220702648163
Formononetin,CHEK1,0.4464159905910492
DFO,SETD7,0.446402907371521
Formononetin,CRYAB,0.44640225172042847
Formononetin,MRE11,0.4464021921157837
Formononetin,ATG5,0.44640129804611206
Formononetin,BRCA1,0.44640016555786133
Formononetin,H2AX,0.44639867544174194
Formononetin,MMP1,0.4463976323604584
Formononetin,FTL,0.44639459252357483
Formononetin,CDO1,0.44639280438423157
Formononetin,CXCL8,0.4463924169540405
Formononetin,ADIPOQ,0.44638586044311523
Formononetin,LPIN2,0.44637104868888855
Formononetin,MMP3,0.44635650515556335
Formononetin,PTEN,0.44635337591171265
Formononetin,TNF,0.446341335773468
Formononetin,EIF2A,0.44633644819259644
Formononetin,GCLC,0.44633612036705017
Formononetin,CCNA2,0.44632819294929504
Formononetin,TBX2,0.44632500410079956
Formononetin,SLC40A1,0.44632381200790405
Formononetin,SESN2,0.44632238149642944
Formononetin,ATM,0.4463174641132355
Formononetin,SLC7A11,0.4463164210319519
Formononetin,TERF1,0.4463145136833191
Formononetin,CDKN2B,0.4463021755218506
Formononetin,FOXO1,0.44629400968551636
Formononetin,PRNP,0.44627994298934937
Formononetin,MAP1LC3B,0.4462701678276062
Formononetin,PRKAA1,0.4462650716304779
Formononetin,GMFB,0.446260005235672
Formononetin,RPS6KB1,0.4462595283985138
Formononetin,CDK6,0.4462532699108124
Formononetin,EIF2AK3,0.4462498426437378
Formononetin,MAX,0.4462434649467468
Formononetin,CDK2,0.4462399482727051
Formononetin,JAK2,0.44623976945877075
Formononetin,SLC39A8,0.4462352991104126
Formononetin,SELE,0.44622525572776794
Formononetin,CCL2,0.4462224841117859
Formononetin,ALOX12,0.44620493054389954
Formononetin,NUAK2,0.44619789719581604
Formononetin,NBN,0.446196049451828
Formononetin,TFAM,0.44618621468544006
Formononetin,WRN,0.44618329405784607
Formononetin,EMP1,0.4461788237094879
Formononetin,ICAM1,0.4461705684661865
N-acetylcysteine,CD74,0.4461612105369568
Formononetin,PNPLA2,0.44613003730773926
Wogonin,SETD7,0.44610413908958435
Formononetin,EBF3,0.4460989534854889
Wogonin,CAVIN1,0.4460941553115845
Sulforaphane,CD74,0.4460830092430115
Formononetin,FTH1,0.44607725739479065
Formononetin,RBM3,0.4460675120353699
Formononetin,TSC2,0.4460048973560333
Formononetin,COL3A1,0.4460012912750244
Oroxylin A,DPP4,0.4459947347640991
Formononetin,FOS,0.4459925591945648
N-acetylcysteine,LGMN,0.4459698796272278
Formononetin,RAD51,0.445968359708786
Alpha-lipoic acid,SLC1A5,0.4459574222564697
Formononetin,SIRT1,0.4459429085254669
N-acetylcysteine,CTSB,0.4459342956542969
Formononetin,TGFB1,0.4459095895290375
Oroxylin A,NR2F2,0.44589340686798096
Sulforaphane,LGMN,0.4458916485309601
Sulforaphane,CTSB,0.44585612416267395
N-acetylcysteine,NR1D1,0.445830762386322
N-acetylcysteine,LCN2,0.44582387804985046
N-acetylcysteine,HIF1A,0.44578152894973755
N-acetylcysteine,IRF1,0.4457743167877197
Sulforaphane,NR1D1,0.4457525312900543
Sulforaphane,LCN2,0.44574570655822754
Tetramethylpyrazine,SLC1A5,0.4457262456417084
Sulforaphane,HIF1A,0.44570332765579224
Sulforaphane,IRF1,0.4456961750984192
N-acetylcysteine,RUNX3,0.4456252455711365
N-acetylcysteine,ZEB1,0.44562259316444397
Alpha-lipoic acid,CD74,0.44559332728385925
N-acetylcysteine,ATG3,0.4455670416355133
Sulforaphane,RUNX3,0.44554704427719116
Sulforaphane,ZEB1,0.44554439187049866
N-acetylcysteine,SOCS1,0.4455086588859558
N-acetylcysteine,IRF9,0.44549959897994995
Sulforaphane,ATG3,0.4454975426197052
N-acetylcysteine,SP1,0.44546422362327576
N-acetylcysteine,BCL6,0.4454636573791504
N-acetylcysteine,CXCL10,0.44543781876564026
Oroxylin A,LACTB,0.4454334080219269
Sulforaphane,SOCS1,0.4454304277896881
Sulforaphane,IRF9,0.4454214572906494
Dimethyl fumarate,SLC1A5,0.44541314244270325
Oroxylin A,RGS4,0.4454054534435272
Sulforaphane,BCL6,0.44540348649024963
Alpha-lipoic acid,LGMN,0.44540196657180786
N-acetylcysteine,PTGS2,0.44539132714271545
Sulforaphane,SP1,0.44538602232933044
Alpha-lipoic acid,CTSB,0.44536641240119934
Tetramethylpyrazine,CD74,0.4453621506690979
N-acetylcysteine,HMOX1,0.4453601539134979
Sulforaphane,CXCL10,0.44535964727401733
N-acetylcysteine,IL1B,0.4453551471233368
N-acetylcysteine,IFNG,0.4453379213809967
N-acetylcysteine,MAP3K14,0.44533732533454895
Sulforaphane,MAP3K14,0.4453354775905609
Sulforaphane,PTGS2,0.44531315565109253
Sulforaphane,FBXO31,0.44529619812965393
N-acetylcysteine,MAPK1,0.44529566168785095
Oroxylin A,KLF6,0.44529277086257935
Sulforaphane,S100A8,0.4452916085720062
Sulforaphane,HMOX1,0.4452820122241974
Sulforaphane,IL1B,0.44527700543403625
N-acetylcysteine,TXNIP,0.4452757239341736
N-acetylcysteine,YAP1,0.4452742040157318
Alpha-lipoic acid,NR1D1,0.4452628493309021
Sulforaphane,IFNG,0.44525977969169617
Sulforaphane,TFRC,0.44525888562202454
N-acetylcysteine,ALOX15,0.44525599479675293
Alpha-lipoic acid,LCN2,0.44525599479675293
N-acetylcysteine,S100A8,0.4452475309371948
N-acetylcysteine,TLR4,0.44524574279785156
N-acetylcysteine,IL6,0.4452449083328247
Sulforaphane,TNFAIP1,0.4452380836009979
Sulforaphane,KEAP1,0.4452366232872009
Oroxylin A,LOX,0.4452313780784607
Sulforaphane,EPHA2,0.44522789120674133
N-acetylcysteine,HMGB1,0.44522780179977417
Sulforaphane,ALOX15,0.4452274441719055
Sulforaphane,HMGB1,0.4452260732650757
N-acetylcysteine,IGFBP7,0.4452221095561981
Sulforaphane,MAPK1,0.445217490196228
N-acetylcysteine,TNFAIP1,0.4452163577079773
Alpha-lipoic acid,HIF1A,0.4452136158943176
Sulforaphane,YAP1,0.44521239399909973
N-acetylcysteine,KEAP1,0.4452100098133087
N-acetylcysteine,SOCS2,0.4452070891857147
Alpha-lipoic acid,IRF1,0.4452064633369446
Sulforaphane,SMURF2,0.44520142674446106
Sulforaphane,MPO,0.4452002942562103
Sulforaphane,TXNIP,0.44519755244255066
Sulforaphane,SOD1,0.4451937973499298
N-acetylcysteine,TFRC,0.44519346952438354
Sulforaphane,LIFR,0.4451916813850403
N-acetylcysteine,LIFR,0.4451828896999359
N-acetylcysteine,EPHA2,0.44517675042152405
N-acetylcysteine,FBXO31,0.4451763331890106
Sulforaphane,SOCS2,0.4451723098754883
Tetramethylpyrazine,LGMN,0.4451708495616913
N-acetylcysteine,SOD1,0.44516757130622864
Sulforaphane,TLR4,0.44516757130622864
Sulforaphane,IL6,0.4451667368412018
Sulforaphane,EDN1,0.4451500475406647
Sulforaphane,IGFBP7,0.4451439082622528
Tetramethylpyrazine,CTSB,0.4451352655887604
N-acetylcysteine,EDN1,0.4451342225074768
Oroxylin A,FOXO4,0.44512903690338135
Sulforaphane,EGR1,0.4451241195201874
N-acetylcysteine,MPO,0.44511741399765015
Sulforaphane,TNFAIP3,0.44511666893959045
N-acetylcysteine,PRKD1,0.4451005160808563
N-acetylcysteine,SMURF2,0.4450986981391907
N-acetylcysteine,EGR1,0.44509822130203247
Oroxylin A,DUOX1,0.44509294629096985
Sulforaphane,E2F1,0.44507235288619995
Oroxylin A,MYC,0.4450696110725403
Oroxylin A,MDM2,0.4450652301311493
Oroxylin A,E2F2,0.4450604021549225
Oroxylin A,CBS,0.4450591206550598
Alpha-lipoic acid,RUNX3,0.4450574219226837
Alpha-lipoic acid,ATG3,0.4450550079345703
Alpha-lipoic acid,ZEB1,0.4450547993183136
Sulforaphane,MAPK14,0.4450540244579315
Cinnamaldehyde,SLC1A5,0.4450492262840271
N-acetylcysteine,E2F1,0.44504183530807495
N-acetylcysteine,TNFAIP3,0.44503626227378845
N-acetylcysteine,MAPK14,0.4450334906578064
Tetramethylpyrazine,NR1D1,0.4450317323207855
Tetramethylpyrazine,LCN2,0.44502490758895874
Sulforaphane,PRKD1,0.4450224041938782
Dimethyl fumarate,CD74,0.4450205862522125
Sulforaphane,KDM6B,0.44500747323036194
Sulforaphane,PDE4B,0.44500255584716797
Sulforaphane,NLRP3,0.4449918568134308
Sulforaphane,FOSL1,0.4449831247329712
Tetramethylpyrazine,HIF1A,0.4449825584888458
Tetramethylpyrazine,IRF1,0.4449753761291504
Alpha-lipoic acid,BCL6,0.44496098160743713
Sulforaphane,MEN1,0.44495880603790283
Alpha-lipoic acid,SOCS1,0.4449441134929657
Sulforaphane,IRF7,0.4449400007724762
Alpha-lipoic acid,IRF9,0.44493845105171204
N-acetylcysteine,NLRP3,0.44493481516838074
Sulforaphane,NOX4,0.44493240118026733
Sulforaphane,PPP2R2B,0.4449286460876465
N-acetylcysteine,KDM6B,0.44491976499557495
N-acetylcysteine,NOX4,0.44491109251976013
Alpha-lipoic acid,SP1,0.44489946961402893
N-acetylcysteine,FOSL1,0.4448956549167633
Sulforaphane,SMARCB1,0.44489532709121704
Alpha-lipoic acid,MAP3K14,0.4448929727077484
Sulforaphane,WNT5A,0.44489026069641113
Alpha-lipoic acid,CXCL10,0.44488224387168884
Oroxylin A,HSPB1,0.4448791742324829
Sulforaphane,WWTR1,0.4448734223842621
Oroxylin A,TIMP1,0.4448687434196472
Sulforaphane,PTBP1,0.44486096501350403
N-acetylcysteine,PDE4B,0.44485902786254883
Alpha-lipoic acid,FBXO31,0.44485369324684143
N-acetylcysteine,IRF7,0.4448511004447937
Alpha-lipoic acid,S100A8,0.44484907388687134
Oroxylin A,ABCC2,0.4448321759700775
Alpha-lipoic acid,PTGS2,0.4448302984237671
Oroxylin A,MMP13,0.44482704997062683
Sulforaphane,ATF3,0.4448269009590149
Tetramethylpyrazine,RUNX3,0.4448263347148895
Tetramethylpyrazine,ZEB1,0.444823682308197
Sulforaphane,BRD7,0.44482335448265076
Alpha-lipoic acid,TFRC,0.4448164403438568
Oroxylin A,FABP5,0.4448157548904419
N-acetylcysteine,MEN1,0.4448153078556061
Oroxylin A,PCNA,0.4448091685771942
Dimethyl fumarate,LGMN,0.4448029398918152
Alpha-lipoic acid,HMOX1,0.4448022246360779
DFO,DPP4,0.4447963237762451
Alpha-lipoic acid,TNFAIP1,0.4447956681251526
Alpha-lipoic acid,KEAP1,0.4447941780090332
DFO,NR2F2,0.4447888731956482
Alpha-lipoic acid,IL1B,0.4447874128818512
N-acetylcysteine,PPP2R2B,0.4447857737541199
Alpha-lipoic acid,EPHA2,0.44478538632392883
Alpha-lipoic acid,ALOX15,0.4447849690914154
Alpha-lipoic acid,HMGB1,0.44478359818458557
Alpha-lipoic acid,IFNG,0.4447762370109558
Oroxylin A,MAP1LC3A,0.4447748363018036
Alpha-lipoic acid,YAP1,0.4447699189186096
Tetramethylpyrazine,ATG3,0.44476819038391113
Dimethyl fumarate,CTSB,0.4447666108608246
Alpha-lipoic acid,SMURF2,0.44475889205932617
Alpha-lipoic acid,MPO,0.4447578489780426
N-acetylcysteine,SMARCB1,0.4447517991065979
Alpha-lipoic acid,SOD1,0.4447513520717621
Alpha-lipoic acid,LIFR,0.4447491765022278
N-acetylcysteine,WNT5A,0.4447467625141144
Alpha-lipoic acid,MAPK1,0.444744348526001
Sulforaphane,E2F3,0.44474220275878906
N-acetylcysteine,WWTR1,0.44472992420196533
Alpha-lipoic acid,SOCS2,0.44472983479499817
Oroxylin A,HMGA1,0.44472795724868774
N-acetylcysteine,LPCAT3,0.4447226822376251
N-acetylcysteine,PTBP1,0.4447174668312073
Alpha-lipoic acid,TLR4,0.44471558928489685
Alpha-lipoic acid,TXNIP,0.4447150230407715
Tetramethylpyrazine,SOCS1,0.44470980763435364
Alpha-lipoic acid,EDN1,0.44470763206481934
Sulforaphane,LPCAT3,0.44470351934432983
Tetramethylpyrazine,IRF9,0.44470077753067017
Alpha-lipoic acid,IL6,0.4446975886821747
N-acetylcysteine,ATF3,0.44469380378723145
Oroxylin A,TNFRSF1A,0.44468164443969727
Alpha-lipoic acid,EGR1,0.44468164443969727
N-acetylcysteine,BRD7,0.444679856300354
Oroxylin A,CD82,0.4446770250797272
Alpha-lipoic acid,TNFAIP3,0.44467419385910034
Dimethyl fumarate,NR1D1,0.4446719288825989
Oroxylin A,CDKN2A,0.4446691870689392
Alpha-lipoic acid,IGFBP7,0.4446670413017273
Tetramethylpyrazine,SP1,0.4446653425693512
Tetramethylpyrazine,BCL6,0.44466477632522583
Dimethyl fumarate,LCN2,0.4446621239185333
Cinnamic_acid,SLC1A5,0.44466066360473633
N-acetylcysteine,EPHA4,0.44465571641921997
Oroxylin A,COL1A2,0.4446546733379364
Cinnamaldehyde,CD74,0.44465354084968567
DFO,RGS4,0.44464802742004395
Tetramethylpyrazine,CXCL10,0.4446389973163605
Alpha-lipoic acid,E2F1,0.44462987780570984
Oroxylin A,COL1A1,0.4446240961551666
Oroxylin A,BRCA2,0.4446219801902771
Oroxylin A,GCLM,0.4446142315864563
Dimethyl fumarate,HIF1A,0.4446128308773041
Oroxylin A,RELA,0.44461268186569214
Alpha-lipoic acid,MAPK14,0.4446115493774414
Oroxylin A,PPARGC1A,0.44461145997047424
Dimethyl fumarate,IRF1,0.4446099102497101
Sulforaphane,EPHA4,0.44460949301719666
N-acetylcysteine,E2F3,0.4445986747741699
Oroxylin A,FOXO3,0.4445945918560028
Tetramethylpyrazine,PTGS2,0.4445924758911133
Sulforaphane,ERN1,0.4445904493331909
Oroxylin A,LMNB1,0.4445832371711731
DFO,KLF6,0.44457677006721497
Oroxylin A,HDAC2,0.44456976652145386
Sulforaphane,ICA1,0.4445682466030121
Oroxylin A,HDAC1,0.4445682466030121
Oroxylin A,SQSTM1,0.44456809759140015
Alpha-lipoic acid,KDM6B,0.4445650279521942
Tetramethylpyrazine,HMOX1,0.4445613622665405
Sulforaphane,HERPUD1,0.44456061720848083
Alpha-lipoic acid,PDE4B,0.44456005096435547
Oroxylin A,NFKB1,0.4445573091506958
Tetramethylpyrazine,IL1B,0.4445563852787018
Alpha-lipoic acid,NLRP3,0.44454941153526306
Oroxylin A,CDKN1B,0.444548636674881
Alpha-lipoic acid,FOSL1,0.4445406198501587
Tetramethylpyrazine,IFNG,0.4445391297340393
Tetramethylpyrazine,MAP3K14,0.44453850388526917
Sulforaphane,DPEP1,0.4445362389087677
Alpha-lipoic acid,PRKD1,0.4445328712463379
Oroxylin A,CDK4,0.4445294141769409
Sulforaphane,MCU,0.44452670216560364
Oroxylin A,BNIP3L,0.4445229172706604
Sulforaphane,ACVR1B,0.44451650977134705
Alpha-lipoic acid,MEN1,0.4445163607597351
Oroxylin A,CDKN1A,0.44450879096984863
Alpha-lipoic acid,IRF7,0.44449758529663086
Tetramethylpyrazine,MAPK1,0.4444968104362488
Oroxylin A,MMP10,0.4444923400878906
Alpha-lipoic acid,NOX4,0.4444900453090668
Oroxylin A,FN1,0.44448938965797424
Alpha-lipoic acid,PPP2R2B,0.44448623061180115
Tetramethylpyrazine,TXNIP,0.4444769322872162
Tetramethylpyrazine,YAP1,0.4444754421710968
Sulforaphane,SNCA,0.4444747865200043
Oroxylin A,MMP9,0.4444633424282074
Oroxylin A,VEGFA,0.44446176290512085
Tetramethylpyrazine,ALOX15,0.4444572627544403
Dimethyl fumarate,RUNX3,0.44445347785949707
Oroxylin A,NCOA4,0.4444531202316284
Alpha-lipoic acid,SMARCB1,0.4444529116153717
Cinnamaldehyde,LGMN,0.44445207715034485
Tetramethylpyrazine,S100A8,0.4444487690925598
Alpha-lipoic acid,WNT5A,0.4444478452205658
N-acetylcysteine,ERN1,0.44444698095321655
Tetramethylpyrazine,TLR4,0.44444698095321655
Dimethyl fumarate,ZEB1,0.44444695115089417
Oroxylin A,PRKAA2,0.44444629549980164
Tetramethylpyrazine,IL6,0.4444461464881897
Oroxylin A,MRE11,0.44444379210472107
Oroxylin A,H2AX,0.44444021582603455
Oroxylin A,CRYAB,0.4444388747215271
Oroxylin A,MMP1,0.4444381892681122
Oroxylin A,BRD4,0.4444369971752167
DFO,FOXO4,0.4444364011287689
Oroxylin A,ATR,0.4444359540939331
Oroxylin A,FTL,0.44443538784980774
Oroxylin A,CXCL8,0.44443416595458984
Alpha-lipoic acid,WWTR1,0.44443103671073914
Oroxylin A,GPX4,0.4444296658039093
Tetramethylpyrazine,HMGB1,0.4444290101528168
Oroxylin A,ADIPOQ,0.44442659616470337
N-acetylcysteine,ICA1,0.44442474842071533
Oroxylin A,BAP1,0.44442465901374817
Tetramethylpyrazine,IGFBP7,0.4444233477115631
Alpha-lipoic acid,PTBP1,0.4444185495376587
Tetramethylpyrazine,TNFAIP1,0.4444175958633423
N-acetylcysteine,HERPUD1,0.44441717863082886
DFO,E2F2,0.44441521167755127
Cinnamaldehyde,CTSB,0.44441184401512146
Tetramethylpyrazine,KEAP1,0.4444112479686737
Tetramethylpyrazine,SOCS2,0.4444083869457245
Oroxylin A,TP53,0.44440534710884094
DFO,LACTB,0.4444052577018738
Oroxylin A,VCAM1,0.4444037079811096
Oroxylin A,SIRT6,0.44439706206321716
Tetramethylpyrazine,TFRC,0.44439470767974854
Tetramethylpyrazine,FBXO31,0.44439390301704407
N-acetylcysteine,DPEP1,0.44439274072647095
Oroxylin A,STAT1,0.4443899095058441
Alpha-lipoic acid,ATF3,0.44438454508781433
Tetramethylpyrazine,LIFR,0.4443841576576233
N-acetylcysteine,MCU,0.4443832337856293
Oroxylin A,LIG3,0.44438228011131287
Oroxylin A,ATF2,0.4443817138671875
Alpha-lipoic acid,BRD7,0.4443809688091278
Oroxylin A,MDM4,0.44437992572784424
Tetramethylpyrazine,EPHA2,0.44437798857688904
DFO,MYC,0.4443769156932831
Dimethyl fumarate,ATG3,0.4443747401237488
Oroxylin A,VDAC2,0.44437375664711
N-acetylcysteine,ACVR1B,0.44437307119369507
Tetramethylpyrazine,SOD1,0.4443688690662384
Oroxylin A,SLAMF8,0.4443638324737549
Oroxylin A,MAPK8,0.44436174631118774
DFO,CBS,0.44435855746269226
Oroxylin A,HMGA2,0.44435155391693115
Oroxylin A,HSPD1,0.4443398118019104
Sulforaphane,PADI4,0.4443362355232239
Tetramethylpyrazine,EDN1,0.4443354904651642
N-acetylcysteine,SNCA,0.44433125853538513
Dimethyl fumarate,SOCS1,0.4443286061286926
Sulforaphane,SPATA2,0.44432345032691956
Dimethyl fumarate,IRF9,0.4443190097808838
Tetramethylpyrazine,MPO,0.4443187415599823
Oroxylin A,MMP12,0.4443173110485077
Oroxylin A,ATG7,0.44431665539741516
Sulforaphane,ABCC1,0.44430992007255554
Oroxylin A,NFE2L2,0.44430220127105713
Tetramethylpyrazine,PRKD1,0.4443017840385437
Tetramethylpyrazine,SMURF2,0.44429999589920044
Oroxylin A,CD38,0.44429975748062134
Alpha-lipoic acid,E2F3,0.44429975748062134
Tetramethylpyrazine,EGR1,0.44429951906204224
Oroxylin A,GADD45A,0.44429951906204224
Oroxylin A,RAD50,0.4442974627017975
Oroxylin A,PRKDC,0.4442950189113617
Oroxylin A,MAPK3,0.44429436326026917
Cinnamaldehyde,LCN2,0.4442930817604065
Cinnamaldehyde,NR1D1,0.4442918002605438
Oroxylin A,XRCC1,0.44429171085357666
Oroxylin A,CCNB1,0.4442891776561737
Oroxylin A,ALOX5,0.444286584854126
Dimethyl fumarate,SP1,0.44428372383117676
Oroxylin A,TSC1,0.44427943229675293
Oroxylin A,TRIB3,0.44427919387817383
Oroxylin A,CDO1,0.4442788362503052
Oroxylin A,JUN,0.4442785084247589
Oroxylin A,ACSL3,0.4442766606807709
Oroxylin A,GADD45B,0.4442734718322754
DFO,TIMP1,0.44427281618118286
Dimethyl fumarate,BCL6,0.4442691206932068
DFO,HSPB1,0.44426771998405457
Oroxylin A,SNAI1,0.44426649808883667
Oroxylin A,MTOR,0.44426631927490234
Oroxylin A,CHAC1,0.44426602125167847
Cinnamic_acid,CD74,0.44426509737968445
Alpha-lipoic acid,LPCAT3,0.4442611336708069
Oroxylin A,IGFBP5,0.44425681233406067
Dimethyl fumarate,CXCL10,0.4442518651485443
Cinnamaldehyde,HIF1A,0.44424498081207275
Tetramethylpyrazine,E2F1,0.4442431628704071
Oroxylin A,CSE1L,0.444238543510437
Tetramethylpyrazine,TNFAIP3,0.444237619638443
Tetramethylpyrazine,MAPK14,0.44423478841781616
Cinnamaldehyde,IRF1,0.44423404335975647
Oroxylin A,TERT,0.44423356652259827
DFO,MDM2,0.4442306458950043
N-acetylcysteine,PADI4,0.4442303478717804
DFO,LOX,0.4442123472690582
Oroxylin A,RB1,0.4442078173160553
Oroxylin A,SLC3A2,0.4442075788974762
Oroxylin A,ATF4,0.4442060887813568
DFO,PCNA,0.44420528411865234
Sulforaphane,COX7A1,0.44420406222343445
Dimethyl fumarate,PTGS2,0.44420382380485535
Oroxylin A,XRCC6,0.4441983699798584
Oroxylin A,BLM,0.4441971480846405
Sulforaphane,SAT1,0.44418981671333313
Oroxylin A,PLIN2,0.4441891610622406
Oroxylin A,MNT,0.44418904185295105
Oroxylin A,STAT3,0.44418811798095703
N-acetylcysteine,SPATA2,0.4441800117492676
DFO,ABCC2,0.4441770017147064
DFO,MMP13,0.44417616724967957
DFO,FABP5,0.44417324662208557
Dimethyl fumarate,HMOX1,0.4441709518432617
Alpha-lipoic acid,EPHA4,0.4441670775413513
N-acetylcysteine,ABCC1,0.44416648149490356
Oroxylin A,LPIN1,0.4441660940647125
Oroxylin A,GABARAP,0.44416552782058716
DFO,DUOX1,0.44416356086730957
Dimethyl fumarate,IL1B,0.44416260719299316
Oroxylin A,CCND1,0.444150447845459
Oroxylin A,IL10,0.4441501200199127
Alpha-lipoic acid,ERN1,0.44414809346199036
Dimethyl fumarate,IFNG,0.44414690136909485
Oroxylin A,HSPA5,0.4441468119621277
Oroxylin A,GSS,0.4441378712654114
Dimethyl fumarate,MAP3K14,0.4441366493701935
Tetramethylpyrazine,NLRP3,0.4441361725330353
DFO,HMGA1,0.4441341161727905
Oroxylin A,CHEK2,0.4441322684288025
Oroxylin A,HDAC3,0.4441320598125458
DFO,MAP1LC3A,0.44413092732429504
Alpha-lipoic acid,ICA1,0.44412583112716675
Oroxylin A,IL1A,0.44412314891815186
Tetramethylpyrazine,KDM6B,0.44412103295326233
Oroxylin A,STEAP3,0.44412094354629517
Alpha-lipoic acid,HERPUD1,0.44411832094192505
Oroxylin A,DDIT3,0.44411343336105347
Tetramethylpyrazine,NOX4,0.4441123902797699
DFO,COL1A2,0.44411149621009827
Oroxylin A,IL18,0.44411107897758484
Oroxylin A,PARP1,0.44410619139671326
Oroxylin A,VDAC3,0.4441051483154297
Oroxylin A,TNF,0.4441029727458954
Oroxylin A,EP300,0.44410157203674316
Dimethyl fumarate,MAPK1,0.44410109519958496
Tetramethylpyrazine,PDE4B,0.44410035014152527
Wogonin,DPP4,0.4440973103046417
Tetramethylpyrazine,FOSL1,0.44409695267677307
Oroxylin A,TIMP2,0.44409504532814026
Oroxylin A,IGFBP3,0.4440944194793701
Alpha-lipoic acid,DPEP1,0.4440939128398895
DFO,COL1A1,0.44409358501434326
DFO,BRCA2,0.44409188628196716
Oroxylin A,GOT1,0.4440891146659851
Oroxylin A,HSP90AA1,0.44408848881721497
Alpha-lipoic acid,MCU,0.44408437609672546
Dimethyl fumarate,YAP1,0.44408318400382996
Oroxylin A,BECN1,0.4440802335739136
Dimethyl fumarate,TXNIP,0.4440801441669464
Oroxylin A,TERF2,0.4440774917602539
Cinnamaldehyde,ZEB1,0.4440765678882599
Alpha-lipoic acid,ACVR1B,0.4440741539001465
Cinnamaldehyde,RUNX3,0.4440734088420868
Oroxylin A,CREB1,0.44407275319099426
DFO,GCLM,0.4440704584121704
Oroxylin A,XRCC5,0.4440654218196869
DFO,PPARGC1A,0.4440644383430481
Cinnamic_acid,LGMN,0.44406363368034363
DFO,TNFRSF1A,0.444062739610672
Oroxylin A,MMP2,0.44406118988990784
N-acetylcysteine,COX7A1,0.44406062364578247
Dimethyl fumarate,ALOX15,0.4440602958202362
Oroxylin A,HERC2,0.4440601170063019
Tetramethylpyrazine,MEN1,0.4440566301345825
Oroxylin A,GABARAPL1,0.44405630230903625
Oroxylin A,ACSL4,0.4440556466579437
Oroxylin A,SERPINE1,0.4440542757511139
Tetramethylpyrazine,IRF7,0.44405248761177063
Oroxylin A,CREBBP,0.44405144453048706
DFO,CDKN2A,0.44405078887939453
Dimethyl fumarate,IL6,0.4440477788448334
Oroxylin A,ALOX12,0.4440470337867737
N-acetylcysteine,SAT1,0.44404637813568115
Dimethyl fumarate,TLR4,0.4440450966358185
Oroxylin A,LIG4,0.44404473900794983
Dimethyl fumarate,S100A8,0.4440384805202484
Alpha-lipoic acid,SNCA,0.4440324008464813
Oroxylin A,FANCD2,0.4440303146839142
Tetramethylpyrazine,PPP2R2B,0.44402652978897095
Dimethyl fumarate,HMGB1,0.44402608275413513
Cinnamic_acid,CTSB,0.4440234303474426
Dimethyl fumarate,IGFBP7,0.44401952624320984
Cinnamaldehyde,ATG3,0.44401901960372925
Dimethyl fumarate,TNFAIP1,0.4440116286277771
Oroxylin A,AKT1,0.4440106451511383
Oroxylin A,FBXL5,0.4440097212791443
Dimethyl fumarate,SOCS2,0.444007933139801
DFO,FOXO3,0.444004625082016
Oroxylin A,CCNE1,0.44400086998939514
Dimethyl fumarate,KEAP1,0.4440000355243683
DFO,LMNB1,0.443998247385025
Wogonin,NR2F2,0.44399604201316833
Oroxylin A,BNIP3,0.44399523735046387
Oroxylin A,ATG5,0.443994402885437
Tetramethylpyrazine,SMARCB1,0.4439932107925415
Oroxylin A,HBP1,0.4439931809902191
DFO,RELA,0.4439931809902191
Oroxylin A,SESN2,0.44398829340934753
Tetramethylpyrazine,WNT5A,0.443988174200058
Dimethyl fumarate,LIFR,0.44398340582847595
DFO,HDAC2,0.4439826011657715
Dimethyl fumarate,TFRC,0.4439816176891327
Oroxylin A,MMP3,0.4439800977706909
Oroxylin A,SLC39A8,0.44397905468940735
DFO,SQSTM1,0.4439776539802551
Dimethyl fumarate,EPHA2,0.4439725875854492
Tetramethylpyrazine,WWTR1,0.44397130608558655
DFO,HDAC1,0.4439707100391388
DFO,CDKN1B,0.44396957755088806
Dimethyl fumarate,FBXO31,0.4439612030982971
Oroxylin A,CHEK1,0.4439605474472046
Dimethyl fumarate,SOD1,0.44396036863327026
Tetramethylpyrazine,PTBP1,0.4439588487148285
DFO,NFKB1,0.4439550042152405
Cinnamaldehyde,SOCS1,0.44395264983177185
Oroxylin A,WRN,0.4439457952976227
Cinnamaldehyde,IRF9,0.4439433515071869
Oroxylin A,LPIN2,0.44393977522850037
Oroxylin A,PRNP,0.4439333379268646
Dimethyl fumarate,EDN1,0.4439329206943512
Oroxylin A,FOXO1,0.44393253326416016
Oroxylin A,PTEN,0.44393226504325867
DFO,CDK4,0.44393208622932434
Oroxylin A,CDK2,0.44393038749694824
DFO,CDKN1A,0.44392943382263184
Oroxylin A,GCLC,0.44392502307891846
Tetramethylpyrazine,ATF3,0.44392484426498413
Oroxylin A,BRCA1,0.4439241886138916
Tetramethylpyrazine,LPCAT3,0.44392409920692444
DFO,BNIP3L,0.4439235329627991
Sulforaphane,DYRK1A,0.44392135739326477
Tetramethylpyrazine,BRD7,0.4439212679862976
Oroxylin A,SLC40A1,0.4439206123352051
Oroxylin A,EIF2A,0.4439203441143036
DFO,VEGFA,0.4439191222190857
DFO,MMP10,0.443915456533432
Dimethyl fumarate,MPO,0.44391533732414246
Oroxylin A,TERF1,0.4439127743244171
Oroxylin A,CDKN2B,0.4439115822315216
DFO,FN1,0.4439076781272888
DFO,PRKAA2,0.44390764832496643
DFO,MMP9,0.4439074695110321
DFO,NCOA4,0.44390735030174255
Cinnamaldehyde,BCL6,0.44390690326690674
Cinnamaldehyde,SP1,0.44390496611595154
Cinnamic_acid,LCN2,0.44390469789505005
Cinnamic_acid,NR1D1,0.4439034163951874
Oroxylin A,PRKAA1,0.44389426708221436
Alpha-lipoic acid,PADI4,0.4438939392566681
Dimethyl fumarate,EGR1,0.4438925087451935
Oroxylin A,JAK2,0.4438849687576294
DFO,BRD4,0.4438845217227936
DFO,ATR,0.4438841640949249
Dimethyl fumarate,SMURF2,0.4438832998275757
DFO,ATF2,0.44388115406036377
Alpha-lipoic acid,SPATA2,0.44388115406036377
Dimethyl fumarate,PRKD1,0.44388076663017273
Oroxylin A,RBM3,0.4438801109790802
Oroxylin A,MAX,0.4438782036304474
Oroxylin A,TFAM,0.44387757778167725
Oroxylin A,RPS6KB1,0.44387537240982056
Cinnamaldehyde,CXCL10,0.4438735842704773
Oroxylin A,SLC7A11,0.44387131929397583
DFO,BAP1,0.4438687860965729
Alpha-lipoic acid,ABCC1,0.44386765360832214
DFO,GPX4,0.44386523962020874
DFO,LIG3,0.4438595473766327
Oroxylin A,GMFB,0.4438575804233551
Tetramethylpyrazine,EPHA4,0.44385719299316406
Cinnamic_acid,HIF1A,0.4438565969467163
DFO,VDAC2,0.44385623931884766
DFO,SIRT6,0.44385597109794617
Oroxylin A,TBX2,0.44385239481925964
DFO,STAT1,0.4438474178314209
Oroxylin A,ATM,0.44384628534317017
Cinnamic_acid,IRF1,0.44384562969207764
Oroxylin A,CCL2,0.44384536147117615
Oroxylin A,NBN,0.4438413083553314
Oroxylin A,EMP1,0.44384104013442993
DFO,TP53,0.4438406527042389
Oroxylin A,CDK6,0.44384023547172546
Tetramethylpyrazine,E2F3,0.4438400864601135
Oroxylin A,SELE,0.443839430809021
DFO,HMGA2,0.4438322186470032
Dimethyl fumarate,E2F1,0.44382891058921814
DFO,MAPK8,0.44382840394973755
DFO,VCAM1,0.4438253343105316
Cinnamaldehyde,PTGS2,0.44382378458976746
Dimethyl fumarate,TNFAIP3,0.44382113218307495
Borneol,SLC1A5,0.44382065534591675
Dimethyl fumarate,MAPK14,0.4438188672065735
Oroxylin A,CCNA2,0.4438149333000183
DFO,HSPD1,0.4438112676143646
Oroxylin A,MAP1LC3B,0.4438086450099945
DFO,GADD45A,0.44380566477775574
DFO,MDM4,0.4438032805919647
DFO,PRKDC,0.4437994360923767
DFO,CD38,0.44379863142967224
Oroxylin A,EIF2AK3,0.44379764795303345
Oroxylin A,EBF3,0.4437975585460663
Cinnamaldehyde,HMOX1,0.44379088282585144
DFO,SLAMF8,0.44379058480262756
DFO,ACSL3,0.443790078163147
DFO,MAPK3,0.4437868297100067
Oroxylin A,ICAM1,0.44378650188446045
Cinnamaldehyde,IL1B,0.4437825679779053
DFO,CCNB1,0.44378232955932617
DFO,SNAI1,0.443779855966568
DFO,CD82,0.44377976655960083
DFO,RAD50,0.44377896189689636
N-acetylcysteine,DYRK1A,0.4437779188156128
DFO,ATG7,0.44377708435058594
Cinnamaldehyde,MAP3K14,0.4437718987464905
DFO,TRIB3,0.4437699019908905
DFO,TSC1,0.44376876950263977
DFO,IGFBP5,0.44376862049102783
Cinnamaldehyde,IFNG,0.44376683235168457
DFO,NFE2L2,0.44376447796821594
Oroxylin A,NUAK2,0.4437624216079712
Alpha-lipoic acid,COX7A1,0.44376176595687866
DFO,MTOR,0.4437589645385742
DFO,MMP12,0.4437527060508728
DFO,ALOX5,0.44374901056289673
Alpha-lipoic acid,SAT1,0.44374749064445496
DFO,CSE1L,0.44374656677246094
Oroxylin A,TGFB1,0.44374144077301025
DFO,MRE11,0.443737268447876
DFO,TERT,0.44373515248298645
DFO,JUN,0.44373491406440735
DFO,H2AX,0.44373464584350586
DFO,FTL,0.44373443722724915
DFO,MMP1,0.44373399019241333
DFO,CHAC1,0.44373199343681335
DFO,CXCL8,0.44373002648353577
DFO,GADD45B,0.4437279999256134
DFO,XRCC1,0.4437274932861328
DFO,CRYAB,0.44372138381004333
Cinnamaldehyde,MAPK1,0.4437210261821747
Dimethyl fumarate,NLRP3,0.4437182545661926
DFO,ATF4,0.44371360540390015
Oroxylin A,PNPLA2,0.44371360540390015
BCP,SLC1A5,0.44370976090431213
DFO,ADIPOQ,0.4437078833580017
DFO,PLIN2,0.443704217672348
DFO,BLM,0.44370365142822266
Cinnamaldehyde,YAP1,0.44370317459106445
Oroxylin A,TSC2,0.44370272755622864
Dimethyl fumarate,KDM6B,0.44370096921920776
Cinnamaldehyde,TXNIP,0.4437001347541809
Oroxylin A,COL3A1,0.4436987638473511
DFO,STAT3,0.4436969459056854
Oroxylin A,FTH1,0.44368985295295715
DFO,SLC3A2,0.4436888098716736
Tetramethylpyrazine,ERN1,0.44368845224380493
Cinnamic_acid,ZEB1,0.44368815422058105
DFO,GSS,0.44368627667427063
Dimethyl fumarate,NOX4,0.443685919046402
Cinnamic_acid,RUNX3,0.44368505477905273
Cinnamaldehyde,ALOX15,0.4436831772327423
DFO,RB1,0.44368308782577515
DFO,CHEK2,0.4436819553375244
DFO,HDAC3,0.44368112087249756
DFO,XRCC6,0.4436797499656677
Cinnamaldehyde,S100A8,0.44367745518684387
Dimethyl fumarate,FOSL1,0.4436739385128021
DFO,MNT,0.4436715543270111
DFO,CCND1,0.44366881251335144
Cinnamaldehyde,IL6,0.44366779923439026
Tetramethylpyrazine,ICA1,0.4436662495136261
DFO,HSPA5,0.443666011095047
Cinnamaldehyde,TLR4,0.4436650574207306
Tetramethylpyrazine,HERPUD1,0.4436586797237396
Oroxylin A,FOS,0.44365450739860535
DFO,GABARAP,0.44365400075912476
DFO,IL10,0.4436534345149994
Cinnamaldehyde,HMGB1,0.44365155696868896
DFO,LPIN1,0.443645179271698
Cinnamaldehyde,TNFAIP1,0.4436434805393219
Cinnamaldehyde,IGFBP7,0.4436395466327667
DFO,EP300,0.4436344802379608
Tetramethylpyrazine,DPEP1,0.4436343014240265
DFO,STEAP3,0.44363367557525635
Cinnamaldehyde,KEAP1,0.4436327815055847
Cinnamic_acid,ATG3,0.4436306655406952
Cinnamaldehyde,SOCS2,0.44362789392471313
Dimethyl fumarate,IRF7,0.44362688064575195
Tetramethylpyrazine,MCU,0.44362470507621765
Cinnamaldehyde,TFRC,0.4436209201812744
DFO,IL18,0.4436200261116028
Tetramethylpyrazine,ACVR1B,0.44361457228660583
DFO,DDIT3,0.443610817193985
Cinnamaldehyde,FBXO31,0.44360628724098206
Cinnamaldehyde,LIFR,0.44360509514808655
Cinnamaldehyde,EPHA2,0.4436019957065582
DFO,CREB1,0.4435974061489105
DFO,VDAC3,0.44359704852104187
DFO,IGFBP3,0.4435948431491852
DFO,MMP2,0.44359394907951355
DFO,TIMP2,0.44359004497528076
DFO,IL1A,0.4435884952545166
Cinnamaldehyde,SOD1,0.44358736276626587
DFO,PARP1,0.44358712434768677
DFO,CDO1,0.4435792863368988
DFO,HSP90AA1,0.44357892870903015
DFO,TERF2,0.4435780346393585
Oroxylin A,SIRT1,0.4435777962207794
DFO,XRCC5,0.44357454776763916
DFO,SERPINE1,0.4435739517211914
Dimethyl fumarate,MEN1,0.4435737729072571
DFO,BECN1,0.4435734748840332
Tetramethylpyrazine,SNCA,0.4435728192329407
DFO,HERC2,0.4435725510120392
DFO,CREBBP,0.4435703754425049
DFO,GABARAPL1,0.44356951117515564
Cinnamic_acid,SOCS1,0.4435642957687378
DFO,TNF,0.4435611069202423
DFO,GOT1,0.4435601234436035
Resveratrol,SLC1A5,0.44355979561805725
DFO,LIG4,0.44355782866477966
DFO,ACSL4,0.4435575306415558
Dimethyl fumarate,PPP2R2B,0.4435570240020752
Cinnamic_acid,IRF9,0.44355499744415283
Cinnamaldehyde,EDN1,0.4435529410839081
Sulforaphane,CAVIN1,0.44355180859565735
DFO,FANCD2,0.44354504346847534
Cinnamaldehyde,MPO,0.4435444474220276
DFO,CCNE1,0.44353970885276794
DFO,AKT1,0.44353848695755005
Wogonin,LACTB,0.4435364603996277
DFO,FBXL5,0.443533331155777
DFO,BNIP3,0.44352105259895325
DFO,SESN2,0.4435200095176697
Cinnamaldehyde,SMURF2,0.44351986050605774
Cinnamic_acid,BCL6,0.44351860880851746
DFO,MMP3,0.44351786375045776
Cinnamic_acid,SP1,0.44351664185523987
DFO,HBP1,0.443516343832016
Cinnamaldehyde,EGR1,0.44351255893707275
Dimethyl fumarate,PDE4B,0.4435097873210907
Cinnamaldehyde,PRKD1,0.4435007870197296
DFO,CHEK1,0.4434969425201416
DFO,ATG5,0.44349581003189087
Cinnamic_acid,CXCL10,0.44348523020744324
Dimethyl fumarate,SMARCB1,0.44348469376564026
Alpha-lipoic acid,DYRK1A,0.44347912073135376
DFO,BRCA1,0.44347840547561646
Dimethyl fumarate,LPCAT3,0.443477064371109
DFO,ALOX12,0.4434756934642792
DFO,LPIN2,0.44347500801086426
DFO,SLC39A8,0.44347378611564636
DFO,PTEN,0.44347256422042847
Oroxylin A,RAD51,0.44346773624420166
DFO,GCLC,0.4434575140476227
DFO,SLC40A1,0.4434565603733063
Dimethyl fumarate,ATF3,0.44345641136169434
DFO,EIF2A,0.44345623254776
DFO,PRNP,0.44345390796661377
DFO,FOXO1,0.443453848361969
DFO,TERF1,0.4434508979320526
Cinnamaldehyde,E2F1,0.443448930978775
DFO,CDKN2B,0.4434470534324646
Cinnamaldehyde,TNFAIP3,0.4434467554092407
Cinnamaldehyde,MAPK14,0.44343888759613037
DFO,CDK2,0.44343796372413635
DFO,WRN,0.4434369206428528
Cinnamic_acid,PTGS2,0.4434354603290558
Tetramethylpyrazine,PADI4,0.44343435764312744
DFO,PRKAA1,0.4434300363063812
Borneol,CD74,0.44342848658561707
Dimethyl fumarate,WWTR1,0.44342800974845886
Tetramethylpyrazine,SPATA2,0.4434216022491455
DFO,JAK2,0.44342154264450073
DFO,SLC7A11,0.44342097640037537
DFO,RPS6KB1,0.44341981410980225
DFO,MAX,0.44341930747032166
Magnolol,SLC1A5,0.4434175193309784
DFO,TBX2,0.44341540336608887
DFO,ATM,0.4434109628200531
DFO,GMFB,0.4434090852737427
N-acetylcysteine,CAVIN1,0.44340842962265015
Tetramethylpyrazine,ABCC1,0.4434081017971039
Dimethyl fumarate,EPHA4,0.4434077739715576
DFO,TFAM,0.44340288639068604
Cinnamic_acid,HMOX1,0.44340261816978455
Cinnamic_acid,IL1B,0.443394273519516
DFO,CDK6,0.44339174032211304
DFO,CCNA2,0.4433896243572235
DFO,CCL2,0.4433892071247101
DFO,NBN,0.4433855414390564
DFO,MAP1LC3B,0.4433843195438385
Cinnamic_acid,MAP3K14,0.4433835744857788
DFO,SELE,0.4433833956718445
Honokiol,SLC1A5,0.44337978959083557
Tangeretin,SLC1A5,0.4433797299861908
Cinnamic_acid,IFNG,0.4433785080909729
DFO,EBF3,0.4433782398700714
Dimethyl fumarate,WNT5A,0.4433756172657013
DFO,EIF2AK3,0.44337326288223267
Dimethyl fumarate,BRD7,0.443372905254364
DFO,EMP1,0.4433724582195282
Wogonin,KLF6,0.4433545172214508
Dimethyl fumarate,PTBP1,0.4433508515357971
DFO,ICAM1,0.4433495104312897
DFO,NUAK2,0.44334205985069275
Cinnamaldehyde,NLRP3,0.4433383047580719
Cinnamic_acid,MAPK1,0.4433327615261078
DFO,RBM3,0.4433276653289795
Cinnamaldehyde,KDM6B,0.44332125782966614
BCP,CD74,0.44331759214401245
Cinnamic_acid,YAP1,0.44331488013267517
Cinnamic_acid,TXNIP,0.4433118402957916
Cinnamaldehyde,NOX4,0.44330596923828125
Tetramethylpyrazine,COX7A1,0.4433022141456604
DFO,PNPLA2,0.44329631328582764
Cinnamic_acid,ALOX15,0.4432949125766754
Cinnamaldehyde,FOSL1,0.4432939887046814
Cinnamic_acid,S100A8,0.4432891011238098
Tetramethylpyrazine,SAT1,0.4432879686355591
Cinnamic_acid,IL6,0.443279504776001
DFO,TSC2,0.44327837228775024
Cinnamic_acid,TLR4,0.4432768225669861
DFO,COL3A1,0.44327542185783386
DFO,FTH1,0.4432741701602936
Borneol,LGMN,0.4432738423347473
Dimethyl fumarate,E2F3,0.4432714879512787
Cinnamic_acid,HMGB1,0.4432632327079773
Cinnamic_acid,TNFAIP1,0.4432551860809326
Cinnamic_acid,IGFBP7,0.44325125217437744
Cinnamaldehyde,IRF7,0.4432469308376312
DFO,TGFB1,0.4432446360588074
Cinnamic_acid,KEAP1,0.4432445168495178
Cinnamic_acid,SOCS2,0.44323962926864624
DFO,FOS,0.4432333707809448
Cinnamic_acid,TFRC,0.44323262572288513
Borneol,CTSB,0.44323110580444336
Cinnamic_acid,FBXO31,0.4432179927825928
Cinnamic_acid,LIFR,0.44321686029434204
Cinnamic_acid,EPHA2,0.44321373105049133
Sulforaphane,SETD7,0.4432065784931183
Cinnamic_acid,SOD1,0.44319912791252136
Cinnamaldehyde,MEN1,0.44319555163383484
Tyrosol,SLC1A5,0.4431857764720917
Wogonin,DUOX1,0.443185031414032
DFO,SIRT1,0.44317755103111267
Cinnamaldehyde,PPP2R2B,0.44317710399627686
Cinnamic_acid,EDN1,0.4431647062301636
Resveratrol,CD74,0.44316431879997253
Cinnamic_acid,MPO,0.4431561827659607
Wogonin,LOX,0.44315385818481445
Cinnamaldehyde,PDE4B,0.44315028190612793
Cinnamic_acid,SMURF2,0.4431316554546356
Cinnamic_acid,EGR1,0.44312429428100586
Borneol,LCN2,0.44311946630477905
DFO,RAD51,0.44311854243278503
Wogonin,RGS4,0.4431151747703552
Cinnamic_acid,PRKD1,0.4431125521659851
Alpha-lipoic acid,CAVIN1,0.4431096911430359
Wogonin,MDM2,0.443106085062027
Cinnamaldehyde,SMARCB1,0.4431047737598419
BCP,LGMN,0.4431000053882599
Cinnamaldehyde,LPCAT3,0.44309714436531067
Borneol,NR1D1,0.4430971145629883
Dimethyl fumarate,DPEP1,0.4430970549583435
Borneol,IRF1,0.4430801570415497
Borneol,HIF1A,0.4430786669254303
Cinnamaldehyde,ATF3,0.4430765211582184
Dimethyl fumarate,ICA1,0.4430641531944275
BCP,CTSB,0.44306376576423645
N-acetylcysteine,SETD7,0.44306322932243347
Cinnamic_acid,E2F1,0.4430606961250305
Dimethyl fumarate,ERN1,0.4430590867996216
Cinnamic_acid,TNFAIP3,0.4430585205554962
Cinnamic_acid,MAPK14,0.44305068254470825
Cinnamaldehyde,WWTR1,0.4430481493473053
Edaravone,SLC1A5,0.4430457651615143
Dimethyl fumarate,SNCA,0.44304001331329346
Cinnamaldehyde,EPHA4,0.44302791357040405
Cinnamaldehyde,WNT5A,0.44302722811698914
Dimethyl fumarate,HERPUD1,0.4430241882801056
Magnolol,CD74,0.4430221617221832
Tetramethylpyrazine,DYRK1A,0.44301965832710266
Tangeretin,CD74,0.44301173090934753
Cinnamaldehyde,PTBP1,0.44300368428230286
Dimethyl fumarate,MCU,0.4429963529109955
Cinnamaldehyde,BRD7,0.44299301505088806
Honokiol,CD74,0.442984402179718
Borneol,ATG3,0.44297805428504944
BCP,NR1D1,0.44297805428504944
Dimethyl fumarate,ACVR1B,0.4429774880409241
Borneol,ZEB1,0.4429718852043152
Resveratrol,LGMN,0.44296303391456604
Fer-1,SLC1A5,0.44296157360076904
BCP,LCN2,0.44295933842658997
Wogonin,FOXO4,0.44295793771743774
Cinnamic_acid,NLRP3,0.4429500699043274
Dimethyl fumarate,PADI4,0.4429473578929901
Borneol,RUNX3,0.4429331421852112
Cinnamic_acid,KDM6B,0.442933052778244
Resveratrol,CTSB,0.4429228603839874
Cinnamic_acid,NOX4,0.4429177939891815
BCP,HIF1A,0.4429101347923279
BCP,IRF1,0.4429072439670563
Cinnamic_acid,FOSL1,0.44290581345558167
Wogonin,MYC,0.44290104508399963
Cinnamaldehyde,E2F3,0.44289159774780273
Wogonin,CBS,0.4428867995738983
Wogonin,E2F2,0.4428858160972595
Borneol,BCL6,0.44288188219070435
Borneol,SOCS1,0.44287949800491333
Borneol,IRF9,0.4428732693195343
Cinnamic_acid,IRF7,0.4428587257862091
Borneol,SP1,0.4428344666957855
Magnolol,LGMN,0.44282081723213196
Borneol,CXCL10,0.4428116977214813
Borneol,MAP3K14,0.4428076446056366
Cinnamic_acid,MEN1,0.4428073465824127
Resveratrol,LCN2,0.44280415773391724
Resveratrol,NR1D1,0.44280287623405457
Tangeretin,LGMN,0.44279155135154724
Tyrosol,CD74,0.4427904188632965
Cinnamic_acid,PPP2R2B,0.4427889287471771
Honokiol,LGMN,0.44278308749198914
Magnolol,CTSB,0.4427807033061981
Wogonin,HSPB1,0.4427722096443176
Alpha-lipoic acid,SETD7,0.4427645206451416
Eucalyptol,SLC1A5,0.44276201725006104
Borneol,PTGS2,0.4427609443664551
BCP,RUNX3,0.44275975227355957
Cinnamic_acid,PDE4B,0.4427586793899536
Dimethyl fumarate,SPATA2,0.4427575170993805
Wogonin,TIMP1,0.4427570700645447
Tangeretin,CTSB,0.4427569508552551
Resveratrol,HIF1A,0.44275611639022827
Borneol,S100A8,0.4427553713321686
Borneol,FBXO31,0.4427538812160492
Wogonin,MAP1LC3A,0.44275379180908203
Dimethyl fumarate,ABCC1,0.442745566368103
Resveratrol,IRF1,0.4427451491355896
BCP,ZEB1,0.44274434447288513
Honokiol,CTSB,0.4427429437637329
Borneol,HMOX1,0.44273388385772705
Borneol,TFRC,0.4427199363708496
Cinnamaldehyde,DPEP1,0.44271722435951233
Cinnamic_acid,SMARCB1,0.4427166283130646
Borneol,IL1B,0.4427105486392975
Borneol,IFNG,0.44270989298820496
Cinnamic_acid,LPCAT3,0.44270896911621094
Borneol,TNFAIP1,0.44270631670951843
Borneol,ALOX15,0.44270461797714233
Cinnamaldehyde,ERN1,0.4427029490470886
Borneol,YAP1,0.44270116090774536
Borneol,KEAP1,0.44269952178001404
Borneol,HMGB1,0.44269734621047974
Borneol,EPHA2,0.44269663095474243
Tangeretin,NR1D1,0.44269391894340515
Cinnamic_acid,ATF3,0.44268837571144104
Cinnamaldehyde,ICA1,0.4426843523979187
Borneol,MAPK1,0.4426756501197815
Wogonin,PCNA,0.44267508387565613
BCP,ATG3,0.4426721930503845
Borneol,MPO,0.44267112016677856
Cinnamaldehyde,HERPUD1,0.44266805052757263
Borneol,LIFR,0.44266510009765625
Tangeretin,LCN2,0.4426645338535309
Magnolol,LCN2,0.44266200065612793
Magnolol,NR1D1,0.44266068935394287
Cinnamaldehyde,SNCA,0.4426601529121399
Cinnamic_acid,WWTR1,0.4426599442958832
Borneol,SOD1,0.44265952706336975
Borneol,SMURF2,0.4426588714122772
Edaravone,CD74,0.44265368580818176
Borneol,TXNIP,0.44265303015708923
Tetramethylpyrazine,CAVIN1,0.44265031814575195
Borneol,SOCS2,0.4426499605178833
Borneol,TLR4,0.4426419138908386
Cinnamic_acid,EPHA4,0.4426397383213043
Wogonin,HMGA1,0.4426327347755432
Borneol,IL6,0.44263145327568054
Dimethyl fumarate,COX7A1,0.442629873752594
Wogonin,ABCC2,0.4426288306713104
Wogonin,MMP13,0.4426279067993164
Wogonin,FABP5,0.4426276385784149
BCP,SOCS1,0.44262614846229553
Cinnamaldehyde,MCU,0.4426242709159851
Honokiol,LCN2,0.4426242709159851
Honokiol,NR1D1,0.44262295961380005
Tangeretin,IRF1,0.4426221251487732
Borneol,EDN1,0.44262197613716125
Cinnamaldehyde,ACVR1B,0.4426213800907135
BCP,IRF9,0.4426165223121643
Tangeretin,HIF1A,0.44261643290519714
Magnolol,HIF1A,0.4426139295101166
Dimethyl fumarate,SAT1,0.4426126480102539
Cinnamic_acid,BRD7,0.4426048696041107
Magnolol,IRF1,0.4426029622554779
Cinnamic_acid,WNT5A,0.4426019787788391
Borneol,IGFBP7,0.4425975978374481
Borneol,EGR1,0.44259166717529297
Tyrosol,LGMN,0.44258913397789
Resveratrol,ZEB1,0.44258779287338257
Resveratrol,RUNX3,0.44258466362953186
BCP,SP1,0.4425812363624573
Honokiol,HIF1A,0.44257616996765137
Borneol,TNFAIP3,0.44257447123527527
Fer-1,CD74,0.4425695240497589
Wogonin,TNFRSF1A,0.44256842136383057
Cinnamaldehyde,PADI4,0.4425675570964813
BCP,BCL6,0.4425666928291321
Honokiol,IRF1,0.4425652325153351
BCP,CXCL10,0.4425494372844696
Tyrosol,CTSB,0.4425489902496338
Wogonin,MRE11,0.44254767894744873
Wogonin,CD82,0.44254711270332336
Wogonin,H2AX,0.4425441324710846
Wogonin,CRYAB,0.44254276156425476
Wogonin,GCLM,0.4425426423549652
Wogonin,MMP1,0.44254207611083984
Wogonin,FTL,0.4425393044948578
Wogonin,CXCL8,0.4425381124019623
Idebenone,SLC1A5,0.4425373077392578
Borneol,E2F1,0.4425332844257355
Wogonin,ADIPOQ,0.44253048300743103
Resveratrol,ATG3,0.4425303041934967
Borneol,MAPK14,0.44251787662506104
BCP,PTGS2,0.4425041079521179
Cinnamic_acid,E2F3,0.4425034523010254
Wogonin,RELA,0.44250160455703735
Tangeretin,RUNX3,0.4424819350242615
Wogonin,CDKN2A,0.4424748420715332
BCP,HMOX1,0.4424739480018616
BCP,IL1B,0.44246914982795715
Wogonin,HDAC1,0.44246822595596313
Wogonin,MMP10,0.44246694445610046
Wogonin,COL1A2,0.4424666166305542
Resveratrol,SOCS1,0.4424639344215393
Borneol,KDM6B,0.4424617886543274
Borneol,NLRP3,0.44246065616607666
BCP,MAP3K14,0.4424598217010498
Wogonin,HDAC2,0.4424581229686737
Wogonin,SQSTM1,0.4424576759338379
Cinnamic_acid,PTBP1,0.4424571096897125
Wogonin,NFKB1,0.4424559772014618
Resveratrol,IRF9,0.44245466589927673
Tangeretin,ZEB1,0.44245392084121704
BCP,IFNG,0.44245341420173645
Wogonin,FOXO3,0.4424523413181305
Wogonin,COL1A1,0.4424491226673126
Wogonin,BRCA2,0.442447304725647
Magnolol,ZEB1,0.44244563579559326
Magnolol,RUNX3,0.4424424469470978
Borneol,FOSL1,0.44244006276130676
Borneol,PDE4B,0.4424373209476471
Wogonin,LMNB1,0.442437082529068
Edaravone,LGMN,0.44243618845939636
Wogonin,BAP1,0.4424360990524292
Wogonin,CDK4,0.4424317181110382
Tyrosol,LCN2,0.442430317401886
Fer-1,LGMN,0.4424302279949188
Tyrosol,NR1D1,0.4424290060997009
Wogonin,BNIP3L,0.44242262840270996
Wogonin,CDKN1B,0.4424188435077667
Resveratrol,BCL6,0.44241827726364136
Resveratrol,SP1,0.44241631031036377
Eucalyptol,CD74,0.4424154758453369
Honokiol,ZEB1,0.44240787625312805
BCP,MAPK1,0.44240763783454895
BCP,S100A8,0.4424075484275818
BCP,FBXO31,0.4424060583114624
Borneol,MEN1,0.44240522384643555
Honokiol,RUNX3,0.44240474700927734
Wogonin,PPARGC1A,0.44240278005599976
Borneol,NOX4,0.4424016773700714
Cinnamaldehyde,SPATA2,0.4424014389514923
Edaravone,CTSB,0.4423999786376953
Borneol,IRF7,0.44239988923072815
Wogonin,VEGFA,0.4423973262310028
Cinnamaldehyde,ABCC1,0.44238942861557007
Magnolol,ATG3,0.442388117313385
BCP,YAP1,0.4423877000808716
Fer-1,CTSB,0.44238758087158203
Wogonin,CDKN1A,0.44238728284835815
BCP,TXNIP,0.4423867464065552
Resveratrol,CXCL10,0.4423849582672119
Wogonin,PRKAA2,0.4423828721046448
Tyrosol,HIF1A,0.44238224625587463
Tangeretin,ATG3,0.44238215684890747
Borneol,PPP2R2B,0.44237515330314636
BCP,TFRC,0.4423721134662628
Tyrosol,IRF1,0.4423712491989136
Wogonin,STAT1,0.4423671364784241
Borneol,PRKD1,0.4423653483390808
BCP,TNFAIP1,0.44235846400260925
BCP,ALOX15,0.44235798716545105
BCP,IL6,0.4423544406890869
BCP,TLR4,0.44235172867774963
BCP,KEAP1,0.44235169887542725
Honokiol,ATG3,0.44235044717788696
BCP,HMGB1,0.44234949350357056
BCP,EPHA2,0.44234880805015564
Wogonin,MMP9,0.44234851002693176
Tangeretin,SOCS1,0.44234344363212585
Borneol,SMARCB1,0.4423375725746155
Resveratrol,PTGS2,0.44233521819114685
Wogonin,VCAM1,0.44233378767967224
Cinnamic_acid,DPEP1,0.4423291087150574
Tangeretin,IRF9,0.4423287808895111
BCP,IGFBP7,0.4423261880874634
Wogonin,FN1,0.4423259496688843
Wogonin,ATR,0.4423251450061798
Borneol,WNT5A,0.4423235058784485
BCP,MPO,0.4423232972621918
Edaravone,NR1D1,0.44232243299484253
Magnolol,SOCS1,0.44232177734375
Wogonin,GPX4,0.4423201084136963
Wogonin,NCOA4,0.4423200190067291
Eucalyptol,LGMN,0.44231781363487244
BCP,LIFR,0.4423172175884247
Dimethyl fumarate,DYRK1A,0.44231656193733215
Borneol,WWTR1,0.4423135221004486
Magnolol,IRF9,0.4423125088214874
BCP,SOD1,0.44231170415878296
BCP,SMURF2,0.44231104850769043
BCP,SOCS2,0.44230952858924866
Wogonin,TP53,0.44230878353118896
Wogonin,HMGA2,0.4423035979270935
Resveratrol,HMOX1,0.4423023462295532
Wogonin,BRD4,0.44229939579963684
Borneol,PTBP1,0.4422987401485443
Tangeretin,SP1,0.4422987401485443
Cinnamic_acid,ICA1,0.44229623675346375
Edaravone,LCN2,0.4422955811023712
Resveratrol,IL1B,0.44229400157928467
Wogonin,MMP12,0.4422914683818817
Wogonin,SLAMF8,0.4422903060913086
Wogonin,MDM4,0.4422871768474579
Honokiol,SOCS1,0.4422840476036072
Resveratrol,MAP3K14,0.44228336215019226
Tangeretin,BCL6,0.4422813951969147
Resveratrol,IFNG,0.44227832555770874
Magnolol,BCL6,0.44227609038352966
Fer-1,LCN2,0.4422759413719177
Honokiol,IRF9,0.4422747790813446
Magnolol,SP1,0.44227418303489685
BCP,EDN1,0.4422741234302521
Cinnamaldehyde,COX7A1,0.44227373600006104
Cinnamic_acid,SNCA,0.44227203726768494
Eucalyptol,CTSB,0.44227123260498047
Tangeretin,CXCL10,0.44227010011672974
Borneol,ATF3,0.4422691762447357
Tetramethylpyrazine,SETD7,0.44226229190826416
Borneol,BRD7,0.4422602355480194
Wogonin,ATF2,0.4422602355480194
Wogonin,LIG3,0.4422580897808075
Cinnamaldehyde,SAT1,0.44225651025772095
Wogonin,SIRT6,0.4422542452812195
Wogonin,VDAC2,0.44224920868873596
Edaravone,HIF1A,0.44224631786346436
BCP,EGR1,0.44224390387535095
Edaravone,IRF1,0.44224342703819275
Magnolol,CXCL10,0.4422428011894226
Wogonin,HSPD1,0.4422398507595062
Honokiol,BCL6,0.44223839044570923
Fer-1,NR1D1,0.44223830103874207
Fer-1,IRF1,0.4422367215156555
Honokiol,SP1,0.44223645329475403
Fer-1,HIF1A,0.44223523139953613
Resveratrol,MAPK1,0.44223251938819885
Cinnamic_acid,MCU,0.44222843647003174
BCP,TNFAIP3,0.4422266185283661
Wogonin,CDO1,0.44222572445869446
Tangeretin,PTGS2,0.44222480058670044
Wogonin,CHAC1,0.44222432374954224
Wogonin,MAPK8,0.44221994280815125
Resveratrol,YAP1,0.4422146677970886
Cinnamic_acid,ERN1,0.4422141909599304
Tyrosol,ZEB1,0.44221392273902893
Wogonin,ATG7,0.4422137439250946
Resveratrol,TXNIP,0.4422116279602051
Cinnamic_acid,HERPUD1,0.4422107934951782
Tyrosol,RUNX3,0.4422107934951782
Wogonin,XRCC1,0.44220659136772156
Honokiol,CXCL10,0.4422050714492798
Tangeretin,IL1B,0.44219937920570374
Wogonin,NFE2L2,0.44219911098480225
Tangeretin,HMOX1,0.4421958923339844
Wogonin,JUN,0.4421950578689575
Resveratrol,ALOX15,0.44219473004341125
Magnolol,PTGS2,0.44219309091567993
Wogonin,GADD45B,0.4421910345554352
Wogonin,CD38,0.4421897232532501
Resveratrol,S100A8,0.44218888878822327
BCP,PRKD1,0.44218748807907104
Wogonin,ALOX5,0.4421863853931427
BCP,E2F1,0.4421854317188263
Wogonin,ACSL3,0.44218456745147705
Wogonin,MAPK3,0.4421824514865875
Borneol,E2F3,0.442180871963501
Cinnamic_acid,PADI4,0.44217947125434875
Resveratrol,IL6,0.4421793222427368
Tangeretin,IFNG,0.44217929244041443
Wogonin,RAD50,0.44217732548713684
Resveratrol,TLR4,0.4421766400337219
Wogonin,SNAI1,0.44217649102211
Wogonin,GADD45A,0.4421756863594055
Wogonin,PRKDC,0.4421754777431488
Wogonin,TSC1,0.4421752691268921
BCP,MAPK14,0.442170113325119
Wogonin,TRIB3,0.4421692192554474
Resveratrol,HMGB1,0.44216305017471313
Magnolol,HMOX1,0.4421601891517639
Wogonin,CCNB1,0.44215887784957886
Tangeretin,MAP3K14,0.4421587288379669
Tyrosol,ATG3,0.44215643405914307
Honokiol,PTGS2,0.4421553313732147
Wogonin,MTOR,0.44215527176856995
Resveratrol,TNFAIP1,0.44215500354766846
Borneol,LPCAT3,0.4421524405479431
Magnolol,IL1B,0.44215187430381775
Resveratrol,IGFBP7,0.4421510398387909
Eucalyptol,LCN2,0.44214534759521484
Resveratrol,KEAP1,0.44214433431625366
Idebenone,CD74,0.4421420991420746
Magnolol,MAP3K14,0.4421411454677582
Wogonin,TERT,0.4421406090259552
Resveratrol,SOCS2,0.4421394467353821
Magnolol,IFNG,0.44213616847991943
Fer-1,ATG3,0.4421346187591553
Tangeretin,MAPK1,0.4421342611312866
Wogonin,IGFBP5,0.4421338737010956
Resveratrol,TFRC,0.44213244318962097
Fer-1,ZEB1,0.44212839007377625
Wogonin,CSE1L,0.4421258568763733
Tangeretin,TXNIP,0.4421255886554718
Honokiol,HMOX1,0.4421224594116211
Resveratrol,FBXO31,0.442117840051651
Resveratrol,LIFR,0.4421166479587555
Wogonin,RB1,0.4421153962612152
Cinnamic_acid,ACVR1B,0.4421142637729645
Honokiol,IL1B,0.44211411476135254
BCP,KDM6B,0.442113995552063
Tangeretin,YAP1,0.44211357831954956
Resveratrol,EPHA2,0.44211357831954956
Wogonin,SLC3A2,0.4421102702617645
Wogonin,XRCC6,0.4421098828315735
BCP,NLRP3,0.44210946559906006
Eucalyptol,HIF1A,0.4421057403087616
Honokiol,MAP3K14,0.44210344552993774
Wogonin,BLM,0.4421004354953766
Wogonin,ATF4,0.4421002268791199
Wogonin,MNT,0.4420998692512512
Eucalyptol,IRF1,0.4420992136001587
Resveratrol,SOD1,0.4420989751815796
Honokiol,IFNG,0.4420984089374542
Edaravone,RUNX3,0.44209790229797363
BCP,FOSL1,0.44209226965904236
Tangeretin,IL6,0.4420914351940155
Magnolol,MAPK1,0.44209036231040955
Tyrosol,SOCS1,0.4420901834964752
Fer-1,RUNX3,0.442089706659317
BCP,PDE4B,0.4420894682407379
Wogonin,LPIN1,0.44208815693855286
Wogonin,STAT3,0.4420860707759857
Tangeretin,TLR4,0.44208574295043945
Wogonin,GABARAP,0.44208285212516785
Wogonin,IL10,0.4420819878578186
Tangeretin,ALOX15,0.4420817792415619
Tyrosol,IRF9,0.44208085536956787
Edaravone,ZEB1,0.44208061695098877
Wogonin,IL1A,0.4420786201953888
Wogonin,PLIN2,0.4420769512653351
Magnolol,YAP1,0.4420725107192993
Magnolol,TXNIP,0.44206947088241577
Tangeretin,IGFBP7,0.4420662224292755
Wogonin,TNF,0.44206520915031433
Tangeretin,S100A8,0.4420650601387024
Resveratrol,EDN1,0.4420645534992218
Wogonin,ALOX12,0.44206082820892334
Tangeretin,HMGB1,0.4420575499534607
BCP,MEN1,0.44205743074417114
Borneol,EPHA4,0.4420561194419861
Resveratrol,MPO,0.4420560598373413
Honokiol,MAPK1,0.4420526623725891
Magnolol,ALOX15,0.4420525133609772
BCP,IRF7,0.4420500099658966
Magnolol,S100A8,0.44204679131507874
Tyrosol,BCL6,0.4420444071292877
Tyrosol,SP1,0.4420424699783325
Tangeretin,SOCS2,0.4420423209667206
BCP,NOX4,0.4420415461063385
Wogonin,CCND1,0.4420389235019684
Fer-1,BCL6,0.44203850626945496
Wogonin,HSPA5,0.4420372545719147
Magnolol,IL6,0.4420371949672699
Fer-1,SOCS1,0.44203612208366394
Wogonin,PARP1,0.44203609228134155
Honokiol,YAP1,0.4420347809791565
Magnolol,TLR4,0.44203445315361023
Eucalyptol,NR1D1,0.4420325756072998
Tangeretin,TNFAIP1,0.44203221797943115
Wogonin,VDAC3,0.4420318901538849
Honokiol,TXNIP,0.44203174114227295
Resveratrol,SMURF2,0.44203150272369385
Fer-1,IRF9,0.4420298933982849
Borneol,ERN1,0.44202834367752075
Tangeretin,KEAP1,0.442027747631073
Wogonin,GSS,0.4420275092124939
BCP,PPP2R2B,0.44202736020088196
Wogonin,GOT1,0.44202563166618347
Wogonin,CHEK2,0.442024290561676
Wogonin,HDAC3,0.44202420115470886
Resveratrol,EGR1,0.44202420115470886
Magnolol,HMGB1,0.4420209527015686
Wogonin,IL18,0.44202083349227905
Wogonin,TIMP2,0.4420190453529358
Wogonin,STEAP3,0.4420183300971985
Wogonin,DDIT3,0.44201740622520447
Eucalyptol,ATG3,0.4420173168182373
Wogonin,HSP90AA1,0.44201651215553284
Honokiol,ALOX15,0.4420148432254791
Tangeretin,LIFR,0.44201311469078064
Magnolol,TNFAIP1,0.44201284646987915
Resveratrol,PRKD1,0.4420124292373657
Tyrosol,CXCL10,0.44201114773750305
Honokiol,S100A8,0.44200900197029114
Magnolol,IGFBP7,0.442008912563324
Edaravone,ATG3,0.4420085549354553
Tangeretin,TFRC,0.4420044422149658
Tangeretin,EPHA2,0.44200295209884644
Magnolol,KEAP1,0.44200217723846436
Wogonin,IGFBP3,0.4420011043548584
Honokiol,IL6,0.4419994354248047
Wogonin,BECN1,0.4419991075992584
Wogonin,EP300,0.4419982433319092
Wogonin,TERF2,0.4419972896575928
Magnolol,SOCS2,0.4419972896575928
Honokiol,TLR4,0.4419967532157898
Eucalyptol,ZEB1,0.44199642539024353
Borneol,ICA1,0.4419960677623749
Dimethyl fumarate,CAVIN1,0.4419953227043152
Borneol,HERPUD1,0.44199344515800476
Fer-1,SP1,0.44199103116989136
Magnolol,TFRC,0.44199028611183167
Tangeretin,SOD1,0.4419900178909302
BCP,SMARCB1,0.4419897198677063
Tangeretin,FBXO31,0.4419844150543213
Cinnamic_acid,SPATA2,0.4419838786125183
Honokiol,HMGB1,0.4419832229614258
Wogonin,XRCC5,0.4419792592525482
Tangeretin,PRKD1,0.4419759511947632
Wogonin,ACSL4,0.441975861787796
BCP,WNT5A,0.44197577238082886
Magnolol,FBXO31,0.4419757127761841
Honokiol,TNFAIP1,0.44197511672973633
Magnolol,LIFR,0.44197455048561096
Wogonin,CREB1,0.44197380542755127
Magnolol,EPHA2,0.44197142124176025
Honokiol,IGFBP7,0.44197118282318115
Wogonin,GABARAPL1,0.4419688284397125
Fer-1,CXCL10,0.44196832180023193
Wogonin,MMP2,0.4419674277305603
BCP,WWTR1,0.441965788602829
Borneol,DPEP1,0.441965788602829
Wogonin,CREBBP,0.4419655203819275
Honokiol,KEAP1,0.4419644773006439
Fer-1,MAP3K14,0.4419642984867096
Tangeretin,EDN1,0.44196394085884094
Wogonin,HERC2,0.4419631361961365
Edaravone,SOCS1,0.44196245074272156
Tyrosol,PTGS2,0.441961407661438
Wogonin,SERPINE1,0.4419611394405365
Resveratrol,E2F1,0.4419606328010559
Cinnamaldehyde,DYRK1A,0.44196048378944397
Nobiletin,SLC1A5,0.44196030497550964
Honokiol,SOCS2,0.44195955991744995
Resveratrol,TNFAIP3,0.4419584274291992
Wogonin,LIG4,0.44195714592933655
Magnolol,SOD1,0.44195684790611267
Edaravone,IRF9,0.4419528543949127
Honokiol,TFRC,0.44195255637168884
BCP,PTBP1,0.4419509470462799
Resveratrol,MAPK14,0.44195061922073364
Wogonin,SLC39A8,0.4419500529766083
Borneol,MCU,0.441949725151062
Borneol,ACVR1B,0.441946804523468
Wogonin,FANCD2,0.4419440031051636
Wogonin,SESN2,0.44194096326828003
Idebenone,LGMN,0.4419408440589905
Tangeretin,MPO,0.4419383108615875
Honokiol,FBXO31,0.44193795323371887
Eucalyptol,RUNX3,0.44193729758262634
Honokiol,LIFR,0.44193682074546814
Honokiol,EPHA2,0.44193366169929504
Wogonin,WRN,0.4419303238391876
Tyrosol,HMOX1,0.44192853569984436
Tangeretin,EGR1,0.44192594289779663
Wogonin,ATG5,0.44192564487457275
Wogonin,FBXL5,0.44192346930503845
Wogonin,AKT1,0.441923052072525
Wogonin,MMP3,0.44192296266555786
Magnolol,EDN1,0.4419223964214325
BCP,ATF3,0.4419214129447937
Tyrosol,IL1B,0.4419201612472534
Honokiol,SOD1,0.44191914796829224
Fer-1,PTGS2,0.4419175386428833
Edaravone,SP1,0.4419175386428833
Tangeretin,SMURF2,0.44191551208496094
Eucalyptol,BCL6,0.4419146180152893
Wogonin,CCNE1,0.4419142007827759
Magnolol,MPO,0.4419139325618744
Wogonin,HBP1,0.44191262125968933
BCP,BRD7,0.44191253185272217
Fer-1,S100A8,0.44191205501556396
Fer-1,FBXO31,0.4419105648994446
Tyrosol,MAP3K14,0.4419095516204834
Wogonin,BNIP3,0.44190916419029236
Tyrosol,IFNG,0.4419045150279999
Cinnamic_acid,ABCC1,0.44190359115600586
Edaravone,BCL6,0.4419030249118805
Idebenone,CTSB,0.44190070033073425
Borneol,SNCA,0.44189855456352234
Eucalyptol,SOCS1,0.44189849495887756
Eucalyptol,IRF9,0.4418925940990448
Fer-1,HMOX1,0.44189053773880005
Magnolol,SMURF2,0.44188934564590454
Edaravone,CXCL10,0.44188573956489563
Honokiol,EDN1,0.44188469648361206
Magnolol,EGR1,0.44188207387924194
Wogonin,CDK2,0.44188058376312256
Fer-1,TFRC,0.441876620054245
Honokiol,MPO,0.44187620282173157
Wogonin,PRNP,0.44187086820602417
Magnolol,PRKD1,0.4418703019618988
Wogonin,CHEK1,0.44186931848526
Wogonin,FOXO1,0.441867470741272
Fer-1,IL1B,0.44186723232269287
Fer-1,IFNG,0.44186651706695557
Tangeretin,E2F1,0.44186559319496155
Fer-1,TNFAIP1,0.4418630003929138
Tangeretin,MAPK14,0.44186243414878845
Fer-1,ALOX15,0.4418613016605377
Wogonin,LPIN2,0.44186028838157654
Tangeretin,TNFAIP3,0.4418592154979706
Tyrosol,MAPK1,0.4418587386608124
Fer-1,YAP1,0.44185787439346313
Fer-1,KEAP1,0.4418562054634094
Fer-1,HMGB1,0.44185397028923035
Wogonin,PTEN,0.441853404045105
Fer-1,EPHA2,0.4418533146381378
Honokiol,SMURF2,0.4418516159057617
Eucalyptol,SP1,0.4418506622314453
Resveratrol,NLRP3,0.44185003638267517
Wogonin,GCLC,0.441849946975708
Wogonin,SLC40A1,0.44184744358062744
Honokiol,EGR1,0.44184428453445435
Wogonin,EIF2A,0.4418421685695648
Wogonin,CDKN2B,0.44184157252311707
Tyrosol,YAP1,0.44184088706970215
Edaravone,PTGS2,0.4418404698371887
Cinnamic_acid,SAT1,0.44184017181396484
Wogonin,TERF1,0.4418400824069977
Eucalyptol,MAP3K14,0.4418379068374634
Tyrosol,TXNIP,0.4418378472328186
Wogonin,BRCA1,0.44183698296546936
Wogonin,RBM3,0.4418356120586395
Wogonin,EBF3,0.44183459877967834
Resveratrol,KDM6B,0.4418330192565918
Honokiol,PRKD1,0.4418325424194336
Fer-1,MAPK1,0.4418322741985321
BCP,E2F3,0.44183021783828735
Eucalyptol,CXCL10,0.4418284595012665
Fer-1,MPO,0.44182780385017395
Wogonin,PRKAA1,0.4418276250362396
Wogonin,TFAM,0.4418260455131531
Fer-1,LIFR,0.44182175397872925
Tyrosol,ALOX15,0.4418209195137024
Wogonin,JAK2,0.4418204426765442
Magnolol,E2F1,0.441818505525589
Resveratrol,NOX4,0.4418177604675293
Magnolol,TNFAIP3,0.4418163001537323
Fer-1,SOD1,0.4418162703514099
Fer-1,SMURF2,0.4418155550956726
Tyrosol,S100A8,0.4418151378631592
Wogonin,MAX,0.4418148100376129
Edaravone,HMOX1,0.4418103098869324
Fer-1,TXNIP,0.441809743642807
Edaravone,IL1B,0.4418086111545563
Magnolol,MAPK14,0.44180843234062195
Fer-1,SOCS2,0.4418066143989563
Resveratrol,FOSL1,0.44180577993392944
Wogonin,RPS6KB1,0.44180575013160706
Tyrosol,IL6,0.44180554151535034
Tyrosol,TLR4,0.44180285930633545
Fer-1,TLR4,0.4417986571788788
Eucalyptol,FBXO31,0.44179391860961914
BCP,LPCAT3,0.44179242849349976
Edaravone,IFNG,0.4417901039123535
Eucalyptol,S100A8,0.44178929924964905
Tyrosol,HMGB1,0.44178926944732666
Wogonin,GMFB,0.44178876280784607
Fer-1,IL6,0.4417881369590759
Wogonin,SLC7A11,0.4417881369590759
Wogonin,EMP1,0.4417853057384491
Idebenone,LCN2,0.44178205728530884
Tyrosol,TNFAIP1,0.44178125262260437
Honokiol,E2F1,0.44178080558776855
Idebenone,NR1D1,0.44178080558776855
Fer-1,EDN1,0.44177865982055664
Honokiol,TNFAIP3,0.4417785704135895
Wogonin,NBN,0.4417780935764313
Tyrosol,IGFBP7,0.4417773187160492
Wogonin,CCL2,0.4417763650417328
Eucalyptol,PTGS2,0.44177326560020447
Wogonin,TBX2,0.4417712986469269
Honokiol,MAPK14,0.4417707324028015
Edaravone,MAP3K14,0.44177064299583435
Tyrosol,KEAP1,0.4417705535888672
Wogonin,SELE,0.44176945090293884
Tangeretin,NLRP3,0.4417687952518463
Wogonin,CDK6,0.4417683184146881
Wogonin,ATM,0.4417678713798523
Tyrosol,SOCS2,0.4417656660079956
Resveratrol,IRF7,0.44175875186920166
Tyrosol,TFRC,0.4417586624622345
Fer-1,IGFBP7,0.4417543113231659
Eucalyptol,TFRC,0.4417542815208435
Tangeretin,NOX4,0.4417524039745331
Wogonin,TGFB1,0.44174888730049133
Fer-1,EGR1,0.44174841046333313
Borneol,PADI4,0.4417479336261749
Edaravone,MAPK1,0.44174548983573914
Tyrosol,FBXO31,0.44174402952194214
Eucalyptol,HMOX1,0.44174349308013916
Tyrosol,LIFR,0.4417429268360138
Tyrosol,EPHA2,0.4417397677898407
Tangeretin,KDM6B,0.44173920154571533
Idebenone,HIF1A,0.4417339861392975
Cinnamic_acid,COX7A1,0.44173330068588257
Eucalyptol,TNFAIP1,0.44173315167427063
Wogonin,MAP1LC3B,0.4417324960231781
Edaravone,TXNIP,0.4417323172092438
Fer-1,TNFAIP3,0.44173118472099304
Eucalyptol,KEAP1,0.44172734022140503
Borneol,SPATA2,0.4417269229888916
Tyrosol,SOD1,0.4417252540588379
Wogonin,EIF2AK3,0.44172483682632446
Edaravone,YAP1,0.44172412157058716
Idebenone,IRF1,0.4417230188846588
Eucalyptol,ALOX15,0.4417226314544678
Eucalyptol,EPHA2,0.4417210519313812
Tangeretin,FOSL1,0.44171780347824097
Eucalyptol,HMGB1,0.44171780347824097
Eucalyptol,IFNG,0.44171565771102905
Wogonin,CCNA2,0.4417150914669037
BCP,EPHA4,0.44171491265296936
Borneol,ABCC1,0.44171491265296936
Wogonin,ICAM1,0.441713809967041
Eucalyptol,IL1B,0.4417135715484619
Eucalyptol,YAP1,0.44170933961868286
Magnolol,NLRP3,0.44170793890953064
Resveratrol,MEN1,0.4417073726654053
Edaravone,IL6,0.4416974186897278
Eucalyptol,MPO,0.4416951835155487
Edaravone,ALOX15,0.44169434905052185
Wogonin,NUAK2,0.4416923224925995
Magnolol,KDM6B,0.44169092178344727
Tyrosol,EDN1,0.4416908323764801
Edaravone,TLR4,0.44169074296951294
Eucalyptol,SMURF2,0.44169044494628906
Fer-1,E2F1,0.44168999791145325
Resveratrol,PPP2R2B,0.4416889548301697
Tyrosol,MPO,0.4416823089122772
Eucalyptol,LIFR,0.441681832075119
Eucalyptol,SOD1,0.4416816234588623
Eucalyptol,MAPK1,0.44168031215667725
Tangeretin,IRF7,0.44167622923851013
Magnolol,NOX4,0.44167566299438477
Fer-1,MAPK14,0.4416746497154236
Edaravone,S100A8,0.44167259335517883
Edaravone,IGFBP7,0.4416712820529938
Honokiol,NLRP3,0.44167017936706543
BCP,ERN1,0.441668301820755
Magnolol,FOSL1,0.4416636526584625
Eucalyptol,SOCS2,0.4416610896587372
Edaravone,HMGB1,0.44166022539138794
Resveratrol,PDE4B,0.44165876507759094
Tyrosol,SMURF2,0.44165775179862976
Honokiol,KDM6B,0.44165319204330444
Wogonin,TSC2,0.44165220856666565
Wogonin,PNPLA2,0.44165128469467163
Tyrosol,EGR1,0.4416504502296448
Eucalyptol,TXNIP,0.4416499733924866
Wogonin,COL3A1,0.44164755940437317
Edaravone,SOCS2,0.44164595007896423
Edaravone,TNFAIP1,0.4416458010673523
Eucalyptol,TLR4,0.44164547324180603
Cinnamaldehyde,CAVIN1,0.4416393041610718
Tyrosol,PRKD1,0.44163864850997925
Honokiol,NOX4,0.44163790345191956
Eucalyptol,EDN1,0.4416368305683136
BCP,ICA1,0.44163602590560913
Edaravone,KEAP1,0.4416341781616211
BCP,HERPUD1,0.4416334331035614
Eucalyptol,IL6,0.441631019115448
Honokiol,FOSL1,0.4416259527206421
Wogonin,FTH1,0.4416234791278839
Fer-1,KDM6B,0.44161856174468994
Edaravone,LIFR,0.44161757826805115
Fer-1,NLRP3,0.4416174292564392
Resveratrol,SMARCB1,0.4416166841983795
Magnolol,IRF7,0.44161659479141235
Tangeretin,MEN1,0.441616028547287
Edaravone,TFRC,0.4416157603263855
Resveratrol,LPCAT3,0.44160905480384827
Edaravone,EPHA2,0.4416068494319916
Eucalyptol,EGR1,0.4416065216064453
BCP,DPEP1,0.4416057765483856
Wogonin,FOS,0.44160470366477966
Tangeretin,PPP2R2B,0.44160088896751404
Borneol,COX7A1,0.4415993094444275
Fer-1,FOSL1,0.4415968358516693
Edaravone,FBXO31,0.4415954053401947
Eucalyptol,TNFAIP3,0.4415951669216156
Eucalyptol,IGFBP7,0.4415951073169708
Sulforaphane,DPP4,0.4415947496891022
Edaravone,SOD1,0.44159457087516785
Fer-1,PDE4B,0.44159409403800964
Nobiletin,CD74,0.4415925145149231
BCP,MCU,0.44158971309661865
Resveratrol,ATF3,0.441588431596756
Tyrosol,E2F1,0.4415868818759918
BCP,ACVR1B,0.44158676266670227
Tyrosol,TNFAIP3,0.4415847063064575
Borneol,SAT1,0.4415821135044098
Honokiol,IRF7,0.4415789544582367
Tyrosol,MAPK14,0.44157683849334717
Edaravone,PRKD1,0.4415721595287323
Tangeretin,PDE4B,0.4415702521800995
Edaravone,EDN1,0.44156742095947266
Idebenone,ZEB1,0.44156575202941895
Fer-1,NOX4,0.44156545400619507
Magnolol,MEN1,0.44156527519226074
Idebenone,RUNX3,0.44156262278556824
Fer-1,MEN1,0.4415620267391205
Resveratrol,WWTR1,0.4415600597858429
Tangeretin,LPCAT3,0.4415600299835205
Fer-1,PRKD1,0.4415580630302429
Fer-1,IRF7,0.4415567219257355
Sulforaphane,NR2F2,0.4415498375892639
Edaravone,MPO,0.4415495991706848
Eucalyptol,E2F1,0.44154757261276245
Magnolol,PPP2R2B,0.44154685735702515
Resveratrol,EPHA4,0.44153985381126404
BCP,SNCA,0.441538542509079
Dimethyl fumarate,SETD7,0.44153785705566406
Tangeretin,SMARCB1,0.44153258204460144
Fer-1,PPP2R2B,0.4415318965911865
Honokiol,MEN1,0.44152751564979553
Eucalyptol,MAPK14,0.44152751564979553
Edaravone,EGR1,0.4415270686149597
Wogonin,SIRT1,0.4415266811847687
Cinnamic_acid,DYRK1A,0.4415226876735687
Edaravone,SMURF2,0.4415176212787628
Magnolol,PDE4B,0.441516637802124
Lip-1,SLC1A5,0.44151028990745544
Honokiol,PPP2R2B,0.4415091276168823
Idebenone,ATG3,0.44150829315185547
Resveratrol,BRD7,0.4415050446987152
Tangeretin,ATF3,0.4415043294429779
Tangeretin,EPHA4,0.44150346517562866
Resveratrol,WNT5A,0.4415021538734436
Fer-1,SMARCB1,0.441494345664978
Fer-1,WNT5A,0.4414803087711334
Tangeretin,WWTR1,0.44147932529449463
Honokiol,PDE4B,0.4414789080619812
Eucalyptol,KDM6B,0.4414771497249603
Tyrosol,NLRP3,0.44147631525993347
Magnolol,SMARCB1,0.441474586725235
Fer-1,WWTR1,0.44147035479545593
Eucalyptol,PDE4B,0.4414694905281067
Sulforaphane,RGS4,0.4414687752723694
Magnolol,LPCAT3,0.4414669871330261
Edaravone,E2F1,0.4414640963077545
Eucalyptol,NLRP3,0.44146350026130676
Tyrosol,KDM6B,0.4414592981338501
Edaravone,MAPK14,0.4414587616920471
Fer-1,PTBP1,0.441455602645874
Edaravone,TNFAIP3,0.4414554834365845
N-acetylcysteine,DPP4,0.4414542317390442
Eucalyptol,FOSL1,0.4414495527744293
Magnolol,ATF3,0.44144633412361145
Tyrosol,NOX4,0.44144406914711
Idebenone,SOCS1,0.44144201278686523
Honokiol,SMARCB1,0.44143685698509216
Idebenone,IRF9,0.44143274426460266
Tyrosol,FOSL1,0.44143208861351013
Honokiol,LPCAT3,0.4414292573928833
Tangeretin,BRD7,0.44142818450927734
Fer-1,ATF3,0.44142603874206543
Tangeretin,WNT5A,0.44142329692840576
Eucalyptol,MEN1,0.4414220452308655
Magnolol,WWTR1,0.44141796231269836
Fer-1,BRD7,0.4414171278476715
Honokiol,ATF3,0.441408634185791
N-acetylcysteine,NR2F2,0.4414060711860657
Eucalyptol,IRF7,0.4414040148258209
Resveratrol,E2F3,0.44140365719795227
Magnolol,EPHA4,0.4413977861404419
Idebenone,BCL6,0.4413962960243225
Eucalyptol,NOX4,0.4413955807685852
Wogonin,RAD51,0.4413955807685852
Idebenone,SP1,0.4413943588733673
Eucalyptol,PPP2R2B,0.4413881301879883
BCP,PADI4,0.44138795137405396
Phloretin,SLC1A5,0.44138702750205994
Tyrosol,IRF7,0.44138506054878235
Honokiol,WWTR1,0.44138023257255554
Nobiletin,LGMN,0.4413725435733795
BCP,SPATA2,0.44136694073677063
Edaravone,NLRP3,0.44136500358581543
Idebenone,CXCL10,0.44136306643486023
Magnolol,BRD7,0.4413629174232483
Honokiol,EPHA4,0.4413600265979767
Magnolol,WNT5A,0.4413600265979767
Eucalyptol,PRKD1,0.44135934114456177
BCP,ABCC1,0.4413549602031708
Eucalyptol,SMARCB1,0.4413510859012604
Edaravone,NOX4,0.4413486421108246
Eucalyptol,WNT5A,0.44134652614593506
Nobiletin,CTSB,0.4413379430770874
Fer-1,E2F3,0.44133779406547546
Edaravone,KDM6B,0.4413354694843292
Tangeretin,E2F3,0.44133520126342773
Tyrosol,MEN1,0.44133371114730835
Fer-1,LPCAT3,0.4413326680660248
N-acetylcysteine,RGS4,0.44133248925209045
Eucalyptol,WWTR1,0.4413285553455353
Honokiol,BRD7,0.44132521748542786
Eucalyptol,PTBP1,0.441322922706604
Honokiol,WNT5A,0.4413222670555115
Tyrosol,PPP2R2B,0.44131526350975037
Edaravone,FOSL1,0.44131410121917725
Idebenone,PTGS2,0.4413132667541504
Sulforaphane,KLF6,0.4413071572780609
Borneol,DYRK1A,0.4412861466407776
Tyrosol,PDE4B,0.44128507375717163
Idebenone,HMOX1,0.44128045439720154
Eucalyptol,ATF3,0.4412778913974762
Nobiletin,NR1D1,0.4412749111652374
Lip-1,CD74,0.44127342104911804
Resveratrol,PTBP1,0.4412725865840912
Edaravone,IRF7,0.441272497177124
Idebenone,IL1B,0.44127213954925537
Eucalyptol,BRD7,0.44127148389816284
Magnolol,E2F3,0.44126155972480774
Idebenone,MAP3K14,0.4412614703178406
Sulforaphane,FOXO4,0.4412574768066406
Idebenone,IFNG,0.44125643372535706
Fer-1,EPHA4,0.4412490129470825
Nobiletin,LCN2,0.44124558568000793
Tyrosol,SMARCB1,0.4412429928779602
BCP,COX7A1,0.4412393569946289
Sulforaphane,E2F2,0.441236287355423
Tyrosol,LPCAT3,0.44123536348342896
Resveratrol,DPEP1,0.44122937321662903
Honokiol,E2F3,0.4412238597869873
Tangeretin,PTBP1,0.4412226378917694
BCP,SAT1,0.4412221312522888
Hydroxytyrosol,SLC1A5,0.44121912121772766
Tyrosol,ATF3,0.44121477007865906
Idebenone,MAPK1,0.44121068716049194
Edaravone,MEN1,0.44120845198631287
Nobiletin,IRF1,0.44120314717292786
Sulforaphane,MYC,0.44119805097579956
Nobiletin,HIF1A,0.4411974847316742
Resveratrol,ICA1,0.4411965608596802
Sulforaphane,LACTB,0.441194623708725
Edaravone,PPP2R2B,0.4411938786506653
Idebenone,YAP1,0.4411928057670593
Idebenone,TXNIP,0.44118979573249817
Fer-1,ERN1,0.4411875605583191
Tyrosol,WWTR1,0.44118639826774597
Eucalyptol,E2F3,0.44118431210517883
Cinnamaldehyde,SETD7,0.44118189811706543
Sulforaphane,CBS,0.4411797821521759
Idebenone,ALOX15,0.44117289781570435
Tangeretin,DPEP1,0.4411728084087372
Resveratrol,SNCA,0.441172331571579
Idebenone,S100A8,0.44116708636283875
Tyrosol,EPHA4,0.4411662220954895
N-acetylcysteine,KLF6,0.44116339087486267
Idebenone,IL6,0.4411574900150299
Edaravone,LPCAT3,0.44115638732910156
Fer-1,ICA1,0.44115614891052246
Idebenone,TLR4,0.441154807806015
Lip-1,LGMN,0.44115322828292847
Fer-1,HERPUD1,0.44115129113197327
Eucalyptol,LPCAT3,0.4411465525627136
Edaravone,PDE4B,0.44114449620246887
Tangeretin,ICA1,0.44114407896995544
Idebenone,HMGB1,0.4411412477493286
Fer-1,DPEP1,0.44113439321517944
Idebenone,TNFAIP1,0.44113317131996155
Tyrosol,BRD7,0.4411313831806183
Magnolol,PTBP1,0.44113048911094666
Idebenone,IGFBP7,0.44112929701805115
Resveratrol,MCU,0.4411287307739258
Tyrosol,WNT5A,0.4411284625530243
Idebenone,KEAP1,0.44112250208854675
Tangeretin,SNCA,0.44112229347229004
Edaravone,SMARCB1,0.4411211311817169
Idebenone,SOCS2,0.4411175847053528
N-acetylcysteine,FOXO4,0.4411155879497528
Resveratrol,ERN1,0.44111454486846924
Alpha-lipoic acid,DPP4,0.4411138892173767
Lip-1,CTSB,0.44111230969429016
Resveratrol,HERPUD1,0.44111108779907227
Idebenone,TFRC,0.44111064076423645
Fer-1,MCU,0.44110921025276184
Fer-1,ACVR1B,0.44110700488090515
Edaravone,EPHA4,0.4410998225212097
Edaravone,ATF3,0.4410977065563202
Idebenone,FBXO31,0.4410960078239441
Idebenone,LIFR,0.44109487533569336
Sulforaphane,TIMP1,0.44109416007995605
Cinnamic_acid,CAVIN1,0.4410930871963501
Honokiol,PTBP1,0.4410928189754486
Idebenone,EPHA2,0.4410918056964874
Sulforaphane,HSPB1,0.441089004278183
Magnolol,DPEP1,0.4410873353481293
Resveratrol,PADI4,0.4410798251628876
Tangeretin,ERN1,0.4410784840583801
N-acetylcysteine,E2F2,0.4410783350467682
Idebenone,SOD1,0.44107720255851746
Tangeretin,MCU,0.44107678532600403
Fer-1,SNCA,0.4410723149776459
Tangeretin,HERPUD1,0.44106972217559814
Nobiletin,RUNX3,0.44106313586235046
Edaravone,WWTR1,0.4410630464553833
N-acetylcysteine,MYC,0.44105952978134155
Magnolol,ICA1,0.44105446338653564
N-acetylcysteine,LACTB,0.4410541355609894
Alpha-lipoic acid,NR2F2,0.44105395674705505
Sulforaphane,LOX,0.4410519003868103
Eucalyptol,EPHA4,0.4410502314567566
Honokiol,DPEP1,0.44104960560798645
N-acetylcysteine,CBS,0.4410448670387268
Tangeretin,PADI4,0.4410429000854492
Idebenone,EDN1,0.44104278087615967
Nobiletin,ZEB1,0.44103506207466125
Idebenone,MPO,0.4410342872142792
Magnolol,SNCA,0.4410302937030792
Tyrosol,E2F3,0.44103002548217773
Sulforaphane,PCNA,0.4410266876220703
Eucalyptol,ERN1,0.44102245569229126
Tyrosol,PTBP1,0.4410175085067749
Honokiol,ICA1,0.4410167634487152
Resveratrol,ACVR1B,0.44101467728614807
Edaravone,WNT5A,0.4410140812397003
Edaravone,BRD7,0.44101184606552124
Idebenone,SMURF2,0.4410097002983093
Lip-1,LCN2,0.4410061836242676
Idebenone,EGR1,0.44100242853164673
Sulforaphane,ABCC2,0.44099849462509155
Sulforaphane,MMP13,0.4409976601600647
Sulforaphane,FABP5,0.4409947693347931
Honokiol,SNCA,0.4409925639629364
Phloretin,CD74,0.44099199771881104
Idebenone,PRKD1,0.4409906566143036
Eucalyptol,ICA1,0.44099023938179016
Edaravone,PTBP1,0.44098931550979614
Eucalyptol,HERPUD1,0.44098758697509766
Magnolol,MCU,0.44098666310310364
Tangeretin,ACVR1B,0.44098207354545593
Sulforaphane,MDM2,0.4409770369529724
Magnolol,ERN1,0.4409724473953247
Lip-1,IRF1,0.4409714937210083
Magnolol,HERPUD1,0.4409690797328949
Lip-1,HIF1A,0.440965473651886
Borneol,CAVIN1,0.44096505641937256
Nobiletin,ATG3,0.44096338748931885
Eucalyptol,DPEP1,0.4409599006175995
Honokiol,MCU,0.4409489631652832
Eucalyptol,MCU,0.4409438669681549
Sulforaphane,HMGA1,0.44094303250312805
Eucalyptol,ACVR1B,0.4409409165382385
Sulforaphane,DUOX1,0.4409409165382385
Fer-1,PADI4,0.44094035029411316
Idebenone,E2F1,0.4409388601779938
Magnolol,PADI4,0.44093775749206543
Idebenone,TNFAIP3,0.44093674421310425
Honokiol,ERN1,0.44093477725982666
Lip-1,NR1D1,0.4409346878528595
N-acetylcysteine,TIMP1,0.4409335255622864
Honokiol,HERPUD1,0.4409313499927521
Idebenone,MAPK14,0.4409288465976715
BCP,DYRK1A,0.4409262537956238
Nobiletin,SOCS1,0.44092467427253723
N-acetylcysteine,HSPB1,0.44092392921447754
Sulforaphane,COL1A2,0.44092223048210144
Edaravone,E2F3,0.44091829657554626
Alpha-lipoic acid,RGS4,0.4409159719944
N-acetylcysteine,LOX,0.4409158229827881
Nobiletin,IRF9,0.4409100413322449
Fer-1,SPATA2,0.44090068340301514
Sulforaphane,COL1A1,0.44090017676353455
Honokiol,PADI4,0.4409000277519226
Sulforaphane,BRCA2,0.4408983588218689
Eucalyptol,SNCA,0.44089275598526
Fer-1,ABCC1,0.44088873267173767
Sulforaphane,TNFRSF1A,0.4408843517303467
Resveratrol,SPATA2,0.4408843517303467
Sulforaphane,PPARGC1A,0.44088247418403625
Nobiletin,SP1,0.4408800005912781
Sulforaphane,MAP1LC3A,0.4408778250217438
Magnolol,ACVR1B,0.44087257981300354
Sulforaphane,CDKN2A,0.440872460603714
N-acetylcysteine,PCNA,0.440868616104126
Nobiletin,BCL6,0.4408626854419708
Lip-1,ATG3,0.44085967540740967
Lip-1,ZEB1,0.44085946679115295
Tyrosol,DPEP1,0.4408557713031769
Tangeretin,SPATA2,0.4408535063266754
Nobiletin,CXCL10,0.44085144996643066
N-acetylcysteine,ABCC2,0.44084468483924866
Sulforaphane,GCLM,0.44084301590919495
N-acetylcysteine,MMP13,0.4408414959907532
N-acetylcysteine,FABP5,0.4408387541770935
Honokiol,ACVR1B,0.4408348798751831
N-acetylcysteine,MDM2,0.44083330035209656
Lip-1,RUNX3,0.44083061814308167
Idebenone,NLRP3,0.4408283829689026
Sulforaphane,FOXO3,0.4408263564109802
Hydroxytyrosol,CD74,0.4408242106437683
Tyrosol,ICA1,0.44082292914390564
Sulforaphane,LMNB1,0.44081994891166687
Sulforaphane,RELA,0.4408148527145386
Idebenone,KDM6B,0.4408113360404968
Nobiletin,PTGS2,0.44080615043640137
Sulforaphane,HDAC2,0.44080430269241333
Resveratrol,ABCC1,0.440804123878479
N-acetylcysteine,DUOX1,0.4408004879951477
Sulforaphane,SQSTM1,0.44079938530921936
Tyrosol,SNCA,0.44079872965812683
Idebenone,NOX4,0.4407961368560791
Sulforaphane,HDAC1,0.4407925307750702
Sulforaphane,CDKN1B,0.4407913386821747
Phloretin,LGMN,0.4407908618450165
N-acetylcysteine,HMGA1,0.44078707695007324
Idebenone,FOSL1,0.44078415632247925
Fer-1,COX7A1,0.4407840073108673
Tangeretin,ABCC1,0.44078242778778076
Nobiletin,IL1B,0.44078072905540466
Nobiletin,HMOX1,0.4407772421836853
Sulforaphane,NFKB1,0.4407768249511719
Lip-1,SOCS1,0.44077056646347046
Lip-1,BCL6,0.440766304731369
Fer-1,SAT1,0.44076621532440186
Edaravone,DPEP1,0.44076505303382874
Lip-1,IRF9,0.4407627582550049
Nobiletin,IFNG,0.44076067209243774
Alpha-lipoic acid,KLF6,0.4407568573951721
Tyrosol,MCU,0.440755158662796
Sulforaphane,CDK4,0.4407539367675781
N-acetylcysteine,COL1A2,0.4407530128955841
Sulforaphane,CDKN1A,0.44075125455856323
Phloretin,CTSB,0.44075074791908264
Sulforaphane,BNIP3L,0.440745085477829
Magnolol,SPATA2,0.44074228405952454
Eucalyptol,PADI4,0.440742164850235
Tyrosol,ERN1,0.4407409429550171
Resveratrol,SAT1,0.4407407343387604
Nobiletin,MAP3K14,0.44074010848999023
Tyrosol,HERPUD1,0.4407375454902649
Idebenone,IRF7,0.44073712825775146
N-acetylcysteine,MAP1LC3A,0.4407340884208679
N-acetylcysteine,TNFRSF1A,0.4407331943511963
Sulforaphane,FN1,0.4407295286655426
Sulforaphane,MMP9,0.4407292902469635
Sulforaphane,NCOA4,0.4407292604446411
N-acetylcysteine,COL1A1,0.4407259225845337
Lip-1,SP1,0.4407256543636322
N-acetylcysteine,BRCA2,0.44072410464286804
Edaravone,ICA1,0.4407236874103546
Edaravone,ERN1,0.44072139263153076
Eucalyptol,SPATA2,0.44072121381759644
Tangeretin,SAT1,0.44071999192237854
Nobiletin,MAPK1,0.44071564078330994
Alpha-lipoic acid,LACTB,0.44071388244628906
N-acetylcysteine,PPARGC1A,0.4407137334346771
Edaravone,SNCA,0.44071313738822937
N-acetylcysteine,CDKN2A,0.4407130479812622
Alpha-lipoic acid,FOXO4,0.44071102142333984
Eucalyptol,ABCC1,0.4407092034816742
Nobiletin,TXNIP,0.4407070279121399
Sulforaphane,BRD4,0.4407064616680145
Tyrosol,PADI4,0.44070619344711304
Sulforaphane,ATR,0.4407061040401459
Honokiol,SPATA2,0.4407045841217041
Lip-1,CXCL10,0.4407041072845459
N-acetylcysteine,GCLM,0.4406993091106415
Nobiletin,YAP1,0.44069498777389526
Lip-1,MAP3K14,0.44069433212280273
Sulforaphane,ATF2,0.4406919479370117
Sulforaphane,VEGFA,0.44069012999534607
Sulforaphane,GPX4,0.4406872093677521
Idebenone,MEN1,0.44068580865859985
Edaravone,HERPUD1,0.44068509340286255
Sulforaphane,LIG3,0.4406786859035492
Sulforaphane,VDAC2,0.4406781792640686
Sulforaphane,SIRT6,0.4406779110431671
Alpha-lipoic acid,E2F2,0.44067734479904175
Sulforaphane,PRKAA2,0.44067683815956116
Nobiletin,IL6,0.4406728446483612
Idebenone,PPP2R2B,0.44066739082336426
Nobiletin,TLR4,0.44066715240478516
N-acetylcysteine,FOXO3,0.44066664576530457
Nobiletin,ALOX15,0.44066321849823
N-acetylcysteine,RELA,0.4406622052192688
Magnolol,ABCC1,0.44066208600997925
N-acetylcysteine,LMNB1,0.44065916538238525
Edaravone,MCU,0.44065535068511963
Lip-1,PTGS2,0.44065430760383606
Sulforaphane,TP53,0.44065359234809875
Sulforaphane,MAPK8,0.44065040349960327
Alpha-lipoic acid,MYC,0.4406496584415436
Sulforaphane,MMP10,0.44064879417419434
N-acetylcysteine,HDAC2,0.4406487047672272
Nobiletin,IGFBP7,0.4406476616859436
Nobiletin,S100A8,0.4406464695930481
N-acetylcysteine,SQSTM1,0.4406444728374481
Tyrosol,ACVR1B,0.4406411051750183
Edaravone,ACVR1B,0.4406408369541168
N-acetylcysteine,HDAC1,0.44064003229141235
Lip-1,S100A8,0.4406396150588989
Edaravone,PADI4,0.44063928723335266
Nobiletin,HMGB1,0.4406389594078064
Idebenone,PDE4B,0.4406372010707855
Cinnamic_acid,SETD7,0.4406358301639557
Resveratrol,COX7A1,0.4406338930130005
Lip-1,FBXO31,0.4406333267688751
Phloretin,LCN2,0.4406322240829468
N-acetylcysteine,CDKN1B,0.44063109159469604
Alpha-lipoic acid,CBS,0.44063109159469604
Phloretin,NR1D1,0.4406309127807617
Tangeretin,COX7A1,0.44062939286231995
Lip-1,HMOX1,0.4406282305717468
Honokiol,ABCC1,0.4406243562698364
Sulforaphane,GADD45A,0.4406242370605469
Nobiletin,SOCS2,0.44062379002571106
Hydroxytyrosol,LGMN,0.44062310457229614
N-acetylcysteine,NFKB1,0.4406183362007141
Sulforaphane,MDM4,0.4406181275844574
Sulforaphane,HSPD1,0.4406156539916992
Nobiletin,TNFAIP1,0.44061368703842163
Sulforaphane,CD82,0.44061359763145447
Sulforaphane,PRKDC,0.4406116008758545
Sulforaphane,VCAM1,0.4406108260154724
Nobiletin,KEAP1,0.44060924649238586
Lip-1,IL1B,0.44060924649238586
Lip-1,IFNG,0.4406062960624695
BCP,CAVIN1,0.4406052231788635
Lip-1,TFRC,0.4406033158302307
Sulforaphane,CD38,0.4406013786792755
Sulforaphane,RAD50,0.4406000077724457
Sulforaphane,CCNB1,0.4405999481678009
Magnolol,SAT1,0.4405986964702606
N-acetylcysteine,CDK4,0.4405982494354248
Lip-1,YAP1,0.44059619307518005
Idebenone,SMARCB1,0.44059517979621887
Lip-1,ALOX15,0.44059476256370544
Nobiletin,LIFR,0.4405945837497711
Eucalyptol,COX7A1,0.4405936598777771
Sulforaphane,MAPK3,0.44059309363365173
Lip-1,TNFAIP1,0.4405926465988159
N-acetylcysteine,CDKN1A,0.4405890703201294
Lip-1,HMGB1,0.44058799743652344
Idebenone,LPCAT3,0.44058749079704285
Lip-1,KEAP1,0.440586656332016
Sulforaphane,ATG7,0.44058656692504883
Nobiletin,TFRC,0.4405859410762787
Sulforaphane,BAP1,0.4405856430530548
Sulforaphane,TRIB3,0.4405854642391205
Nobiletin,EPHA2,0.4405844509601593
Lip-1,EPHA2,0.4405841529369354
Phloretin,HIF1A,0.4405841529369354
N-acetylcysteine,BNIP3L,0.4405837953090668
Hydroxytyrosol,CTSB,0.4405829608440399
Sulforaphane,IGFBP5,0.4405791759490967
Sulforaphane,SLAMF8,0.4405791759490967
N-acetylcysteine,FN1,0.4405786693096161
Sulforaphane,STAT1,0.4405770003795624
Eucalyptol,SAT1,0.440576434135437
Alpha-lipoic acid,LOX,0.44057556986808777
Phloretin,IRF1,0.44057324528694153
Lip-1,MAPK1,0.440572053194046
Nobiletin,SOD1,0.44057148694992065
Sulforaphane,HMGA2,0.44057124853134155
Idebenone,ATF3,0.4405669569969177
Sulforaphane,NFE2L2,0.4405665695667267
Sulforaphane,TSC1,0.4405646324157715
Nobiletin,FBXO31,0.4405646026134491
Sulforaphane,MTOR,0.4405645430088043
Honokiol,SAT1,0.4405609965324402
Nobiletin,PRKD1,0.4405589997768402
Sulforaphane,ACSL3,0.44055861234664917
Sulforaphane,CSE1L,0.4405582547187805
Sulforaphane,ALOX5,0.4405578672885895
Lip-1,MPO,0.44055667519569397
Lip-1,LIFR,0.4405563175678253
N-acetylcysteine,MMP9,0.44055575132369995
N-acetylcysteine,NCOA4,0.44055432081222534
Lip-1,TXNIP,0.44055333733558655
Lip-1,SOD1,0.44054871797561646
Sulforaphane,SNAI1,0.44054853916168213
N-acetylcysteine,VEGFA,0.4405463933944702
Nobiletin,EDN1,0.4405454397201538
Lip-1,SOCS2,0.4405441880226135
Lip-1,SMURF2,0.44054409861564636
Lip-1,TLR4,0.4405401051044464
N-acetylcysteine,BRD4,0.440540075302124
N-acetylcysteine,ATR,0.44053915143013
Idebenone,WWTR1,0.44053852558135986
N-acetylcysteine,PRKAA2,0.4405330717563629
Alpha-lipoic acid,TIMP1,0.4405325651168823
Lip-1,IL6,0.4405304789543152
Sulforaphane,XRCC1,0.44052985310554504
Sulforaphane,TERT,0.4405266046524048
Sulforaphane,JUN,0.44052502512931824
Alpha-lipoic acid,HSPB1,0.4405229985713959
Nobiletin,MPO,0.4405198395252228
N-acetylcysteine,GPX4,0.44051873683929443
Idebenone,EPHA4,0.4405183792114258
Sulforaphane,GADD45B,0.4405180513858795
Lip-1,EDN1,0.44051393866539
Tyrosol,SPATA2,0.4405107796192169
Sulforaphane,ATF4,0.44050994515419006
N-acetylcysteine,ATF2,0.44050928950309753
Borneol,SETD7,0.44050782918930054
Nobiletin,EGR1,0.4405074417591095
N-acetylcysteine,SIRT6,0.44050678610801697
Tetramethylpyrazine,DPP4,0.4405067563056946
N-acetylcysteine,MMP10,0.4405050277709961
Sulforaphane,PLIN2,0.44050246477127075
N-acetylcysteine,LIG3,0.44050198793411255
Lip-1,IGFBP7,0.440498024225235
N-acetylcysteine,VDAC2,0.44049736857414246
Nobiletin,SMURF2,0.4404970705509186
N-acetylcysteine,TP53,0.44049593806266785
Fer-1,DYRK1A,0.4404926896095276
Magnolol,COX7A1,0.4404919147491455
Sulforaphane,STAT3,0.4404906630516052
Sulforaphane,SLC3A2,0.4404861629009247
Sulforaphane,BLM,0.44048523902893066
Lip-1,EGR1,0.4404841661453247
N-acetylcysteine,MAPK8,0.4404837489128113
Idebenone,BRD7,0.44048357009887695
Sulforaphane,GSS,0.44048163294792175
Idebenone,WNT5A,0.44048064947128296
Sulforaphane,MMP12,0.44048044085502625
Sulforaphane,RB1,0.44047868251800537
Sulforaphane,CCND1,0.4404705762863159
Sulforaphane,CHEK2,0.4404703378677368
Alpha-lipoic acid,MDM2,0.44046980142593384
Sulforaphane,HDAC3,0.4404695928096771
Sulforaphane,HSPA5,0.44046831130981445
Alpha-lipoic acid,PCNA,0.4404676556587219
N-acetylcysteine,VCAM1,0.44046711921691895
Sulforaphane,XRCC6,0.4404662847518921
Sulforaphane,MRE11,0.44046568870544434
Lip-1,TNFAIP3,0.4404650628566742
Sulforaphane,CHAC1,0.4404646158218384
Hydroxytyrosol,LCN2,0.44046443700790405
N-acetylcysteine,MDM4,0.4404643476009369
Hydroxytyrosol,NR1D1,0.440463125705719
Sulforaphane,H2AX,0.4404628574848175
Sulforaphane,MMP1,0.44046109914779663
Sulforaphane,FTL,0.44046053290367126
Alpha-lipoic acid,DUOX1,0.440460205078125
Sulforaphane,CXCL8,0.44045814871788025
Sulforaphane,MNT,0.44045573472976685
N-acetylcysteine,HSPD1,0.44045454263687134
Honokiol,COX7A1,0.4404541552066803
Sulforaphane,CRYAB,0.44045236706733704
Nobiletin,E2F1,0.4404471218585968
Nobiletin,MAPK14,0.44044584035873413
Alpha-lipoic acid,ABCC2,0.4404436945915222
Sulforaphane,ADIPOQ,0.44044309854507446
Nobiletin,TNFAIP3,0.44044265151023865
N-acetylcysteine,BAP1,0.44044190645217896
Alpha-lipoic acid,MMP13,0.44044050574302673
N-acetylcysteine,GADD45A,0.44043922424316406
Alpha-lipoic acid,FABP5,0.44043779373168945
Sulforaphane,GABARAP,0.4404355585575104
N-acetylcysteine,SLAMF8,0.4404354691505432
Edaravone,SPATA2,0.44043460488319397
N-acetylcysteine,STAT1,0.4404332637786865
N-acetylcysteine,PRKDC,0.4404308497905731
Tyrosol,ABCC1,0.44043058156967163
N-acetylcysteine,CD38,0.4404301941394806
N-acetylcysteine,RAD50,0.44042909145355225
N-acetylcysteine,HMGA2,0.4404275119304657
Lip-1,E2F1,0.44042667746543884
Sulforaphane,EP300,0.44042593240737915
Sulforaphane,STEAP3,0.44042372703552246
Resveratrol,DYRK1A,0.4404233992099762
N-acetylcysteine,CCNB1,0.4404228925704956
Edaravone,ABCC1,0.4404226243495941
N-acetylcysteine,ATG7,0.4404224753379822
Tangeretin,DYRK1A,0.4404209852218628
N-acetylcysteine,CD82,0.4404202103614807
N-acetylcysteine,MAPK3,0.4404199421405792
Sulforaphane,LPIN1,0.4404181241989136
Hydroxytyrosol,HIF1A,0.4404163658618927
Phloretin,ZEB1,0.44041603803634644
N-acetylcysteine,TRIB3,0.44041427969932556
Sulforaphane,IL10,0.4404140114784241
Lip-1,MAPK14,0.4404137432575226
Phloretin,RUNX3,0.4404129087924957
Hydroxytyrosol,IRF1,0.4404054582118988
N-acetylcysteine,ACSL3,0.4404052793979645
N-acetylcysteine,NFE2L2,0.4404022693634033
Sulforaphane,DDIT3,0.44040170311927795
N-acetylcysteine,IGFBP5,0.44039982557296753
N-acetylcysteine,TSC1,0.4403992295265198
Sulforaphane,IL18,0.44039908051490784
Tetramethylpyrazine,NR2F2,0.44039735198020935
N-acetylcysteine,SNAI1,0.44039732217788696
N-acetylcysteine,ALOX5,0.4403965473175049
N-acetylcysteine,MTOR,0.44039228558540344
Alpha-lipoic acid,HMGA1,0.4403860867023468
N-acetylcysteine,CSE1L,0.44038423895835876
N-acetylcysteine,XRCC1,0.44038355350494385
Sulforaphane,IGFBP3,0.44038304686546326
Sulforaphane,CREB1,0.4403828978538513
Idebenone,E2F3,0.4403822124004364
N-acetylcysteine,JUN,0.44038036465644836
Sulforaphane,MMP2,0.4403759241104126
N-acetylcysteine,GADD45B,0.44037434458732605
N-acetylcysteine,TERT,0.44037243723869324
Tyrosol,SAT1,0.4403672218322754
Sulforaphane,VDAC3,0.4403647780418396
Sulforaphane,HERC2,0.4403592646121979
Phloretin,ATG3,0.44035860896110535
Lip-1,NLRP3,0.4403584897518158
Sulforaphane,TIMP2,0.4403582513332367
Nobiletin,NLRP3,0.44035810232162476
Lip-1,KDM6B,0.4403548240661621
Sulforaphane,PARP1,0.4403534531593323
Alpha-lipoic acid,COL1A2,0.44035205245018005
Sulforaphane,BECN1,0.4403516948223114
Sulforaphane,XRCC5,0.4403514862060547
Nobiletin,NOX4,0.4403512179851532
Sulforaphane,SERPINE1,0.44035112857818604
Sulforaphane,TERF2,0.44035103917121887
Sulforaphane,CREBBP,0.4403475224971771
Sulforaphane,GABARAPL1,0.44034716486930847
Sulforaphane,HSP90AA1,0.4403432607650757
N-acetylcysteine,ATF4,0.44034284353256226
N-acetylcysteine,MMP12,0.4403367042541504
Lip-1,FOSL1,0.4403351843357086
Sulforaphane,LIG4,0.4403350353240967
Sulforaphane,CDO1,0.44033315777778625
Alpha-lipoic acid,TNFRSF1A,0.4403322637081146
Sulforaphane,IL1A,0.44032973051071167
N-acetylcysteine,PLIN2,0.4403289258480072
Alpha-lipoic acid,MAP1LC3A,0.4403277039527893
N-acetylcysteine,SLC3A2,0.44032755494117737
N-acetylcysteine,STAT3,0.44032731652259827
N-acetylcysteine,BLM,0.4403272867202759
Sulforaphane,ACSL4,0.4403268098831177
N-acetylcysteine,MRE11,0.44032523036003113
Sulforaphane,FANCD2,0.44032496213912964
N-acetylcysteine,RB1,0.44032496213912964
Alpha-lipoic acid,COL1A1,0.44032496213912964
Nobiletin,KDM6B,0.4403238594532013
Alpha-lipoic acid,BRCA2,0.44032320380210876
N-acetylcysteine,H2AX,0.4403224587440491
Sulforaphane,GOT1,0.44032227993011475
N-acetylcysteine,CHAC1,0.4403209090232849
N-acetylcysteine,MMP1,0.4403207004070282
Lip-1,PDE4B,0.44032052159309387
N-acetylcysteine,FTL,0.4403201639652252
Lip-1,PRKD1,0.4403187334537506
Edaravone,COX7A1,0.44031792879104614
N-acetylcysteine,CXCL8,0.4403177499771118
N-acetylcysteine,XRCC6,0.4403165578842163
Lip-1,NOX4,0.4403142035007477
Alpha-lipoic acid,PPARGC1A,0.44031280279159546
Alpha-lipoic acid,CDKN2A,0.44031211733818054
N-acetylcysteine,CRYAB,0.4403119385242462
N-acetylcysteine,GSS,0.440310001373291
Sulforaphane,AKT1,0.44030994176864624
Sulforaphane,FBXL5,0.44030699133872986
Nobiletin,FOSL1,0.44030582904815674
Sulforaphane,CCNE1,0.4403057396411896
N-acetylcysteine,MNT,0.440305233001709
N-acetylcysteine,ADIPOQ,0.44030267000198364
N-acetylcysteine,CHEK2,0.4403010308742523
N-acetylcysteine,HDAC3,0.44030046463012695
Edaravone,SAT1,0.4403001070022583
Lip-1,IRF7,0.4402979612350464
N-acetylcysteine,CCND1,0.4402977526187897
Lip-1,MEN1,0.4402976930141449
N-acetylcysteine,HSPA5,0.4402974247932434
Sulforaphane,TNF,0.4402972161769867
Alpha-lipoic acid,GCLM,0.4402928948402405
Phloretin,SOCS1,0.4402923285961151
N-acetylcysteine,GABARAP,0.4402915835380554
Sulforaphane,BNIP3,0.4402914047241211
Tyrosol,COX7A1,0.44028836488723755
Sulforaphane,HBP1,0.4402857720851898
Phloretin,IRF9,0.44028303027153015
Magnolol,DYRK1A,0.4402814209461212
Eucalyptol,DYRK1A,0.44028064608573914
N-acetylcysteine,LPIN1,0.4402743875980377
Nobiletin,IRF7,0.4402709901332855
N-acetylcysteine,IL10,0.440270334482193
Lip-1,PPP2R2B,0.4402677118778229
Alpha-lipoic acid,FOXO3,0.4402655363082886
Sulforaphane,CHEK1,0.44026196002960205
Sulforaphane,ATG5,0.4402615427970886
N-acetylcysteine,EP300,0.44026127457618713
Alpha-lipoic acid,RELA,0.44026127457618713
N-acetylcysteine,STEAP3,0.4402596950531006
Alpha-lipoic acid,LMNB1,0.4402582347393036
Idebenone,PTBP1,0.4402512013912201
Sulforaphane,MMP3,0.44024935364723206
Hydroxytyrosol,ZEB1,0.4402482509613037
Alpha-lipoic acid,HDAC2,0.4402477741241455
N-acetylcysteine,IL18,0.44024744629859924
Phloretin,BCL6,0.44024667143821716
Hydroxytyrosol,RUNX3,0.4402450919151306
Phloretin,SP1,0.44024473428726196
N-acetylcysteine,DDIT3,0.44024425745010376
Honokiol,DYRK1A,0.4402437210083008
Alpha-lipoic acid,SQSTM1,0.44024354219436646
Sulforaphane,SESN2,0.4402404725551605
Sulforaphane,BRCA1,0.4402402341365814
Alpha-lipoic acid,HDAC1,0.4402391016483307
Sulforaphane,LPIN2,0.4402341842651367
Lip-1,SMARCB1,0.44023069739341736
Alpha-lipoic acid,CDKN1B,0.440230131149292
N-acetylcysteine,IGFBP3,0.44022831320762634
Sulforaphane,PTEN,0.44022685289382935
N-acetylcysteine,CREB1,0.4402225911617279
N-acetylcysteine,VDAC3,0.44022107124328613
N-acetylcysteine,MMP2,0.4402207136154175
Alpha-lipoic acid,NFKB1,0.44021743535995483
N-acetylcysteine,TIMP2,0.440214604139328
Lip-1,WNT5A,0.4402138590812683
Phloretin,CXCL10,0.4402134120464325
Sulforaphane,GCLC,0.44021257758140564
Sulforaphane,EIF2A,0.44021251797676086
N-acetylcysteine,PARP1,0.4402097165584564
Sulforaphane,SLC40A1,0.4402081370353699
Idebenone,DPEP1,0.4402080476284027
N-acetylcysteine,BECN1,0.44020798802375793
N-acetylcysteine,TERF2,0.440207302570343
Lip-1,WWTR1,0.44020652770996094
Nobiletin,MEN1,0.4402047097682953
N-acetylcysteine,XRCC5,0.4402039349079132
Sulforaphane,TERF1,0.44020119309425354
N-acetylcysteine,HERC2,0.44020089507102966
N-acetylcysteine,CREBBP,0.44020017981529236
Sulforaphane,FOXO1,0.44020015001296997
N-acetylcysteine,HSP90AA1,0.4401995539665222
N-acetylcysteine,GABARAPL1,0.44019821286201477
Alpha-lipoic acid,CDK4,0.44019731879234314
Sulforaphane,PRNP,0.4401971399784088
Sulforaphane,SLC39A8,0.44019678235054016
N-acetylcysteine,SERPINE1,0.44019654393196106
Sulforaphane,CDKN2B,0.4401957094669342
Sulforaphane,ALOX12,0.44019418954849243
N-acetylcysteine,CDO1,0.44019225239753723
Hydroxytyrosol,ATG3,0.440190851688385
Alpha-lipoic acid,CDKN1A,0.4401881694793701
Lip-1,PTBP1,0.4401867091655731
N-acetylcysteine,IL1A,0.4401860535144806
N-acetylcysteine,LIG4,0.4401859939098358
Nobiletin,PPP2R2B,0.44018393754959106
N-acetylcysteine,ACSL4,0.4401831030845642
Alpha-lipoic acid,BNIP3L,0.4401829242706299
N-acetylcysteine,GOT1,0.4401785731315613
Sulforaphane,SLC7A11,0.4401777386665344
Alpha-lipoic acid,FN1,0.4401777386665344
N-acetylcysteine,FANCD2,0.44017723202705383
Sulforaphane,CDK2,0.44017690420150757
Idebenone,ICA1,0.44017520546913147
Sulforaphane,TBX2,0.4401741027832031
Sulforaphane,PRKAA1,0.44017329812049866
Fer-1,CAVIN1,0.4401697814464569
Sulforaphane,ATM,0.4401675760746002
Sulforaphane,RPS6KB1,0.4401644468307495
Phloretin,PTGS2,0.4401637017726898
Lip-1,ATF3,0.4401622712612152
Sulforaphane,JAK2,0.4401617646217346
Sulforaphane,CCNA2,0.4401613771915436
N-acetylcysteine,AKT1,0.440160870552063
Sulforaphane,MAX,0.44015970826148987
N-acetylcysteine,FBXL5,0.44015926122665405
N-acetylcysteine,CCNE1,0.44015759229660034
Sulforaphane,GMFB,0.44015538692474365
Lip-1,BRD7,0.44015538692474365
Alpha-lipoic acid,MMP9,0.4401548206806183
Nobiletin,LPCAT3,0.4401543140411377
VC,SLC1A5,0.44015422463417053
N-acetylcysteine,TNF,0.4401535391807556
Alpha-lipoic acid,NCOA4,0.4401533901691437
Sulforaphane,WRN,0.4401516020298004
Idebenone,SNCA,0.44015103578567505
BCP,SETD7,0.4401480257511139
N-acetylcysteine,BNIP3,0.4401438236236572
N-acetylcysteine,HBP1,0.44014212489128113
Alpha-lipoic acid,VEGFA,0.440140038728714
Sulforaphane,CDK6,0.440140038728714
Alpha-lipoic acid,BRD4,0.44013917446136475
Alpha-lipoic acid,ATR,0.44013819098472595
Sulforaphane,TFAM,0.4401359260082245
Sulforaphane,MAP1LC3B,0.44013532996177673
Sulforaphane,CCL2,0.4401339888572693
Nobiletin,PDE4B,0.4401337504386902
Sulforaphane,SELE,0.44013145565986633
Phloretin,HMOX1,0.44013088941574097
Alpha-lipoic acid,PRKAA2,0.4401267468929291
Hydroxytyrosol,SOCS1,0.4401245713233948
Sulforaphane,NBN,0.44012370705604553
Phloretin,IL1B,0.44012248516082764
Sulforaphane,EIF2AK3,0.4401211142539978
Nobiletin,SMARCB1,0.4401179552078247
Alpha-lipoic acid,GPX4,0.44011786580085754
N-acetylcysteine,ATG5,0.44011783599853516
Hydroxytyrosol,IRF9,0.4401153028011322
Phloretin,MAP3K14,0.4401118755340576
Sulforaphane,EMP1,0.4401108920574188
N-acetylcysteine,CHEK1,0.4401091933250427
Alpha-lipoic acid,ATF2,0.44010841846466064
Idebenone,MCU,0.44010743498802185
Phloretin,IFNG,0.4401068389415741
Alpha-lipoic acid,SIRT6,0.4401059150695801
N-acetylcysteine,MMP3,0.4401056468486786
Nobiletin,EPHA4,0.44010230898857117
Alpha-lipoic acid,LIG3,0.4401010572910309
Alpha-lipoic acid,MMP10,0.44009867310523987
N-acetylcysteine,SESN2,0.44009682536125183
Alpha-lipoic acid,VDAC2,0.4400964379310608
Alpha-lipoic acid,TP53,0.44009506702423096
Idebenone,ERN1,0.4400932192802429
N-acetylcysteine,BRCA1,0.4400915205478668
Sulforaphane,ICAM1,0.4400913119316101
N-acetylcysteine,LPIN2,0.44009044766426086
Idebenone,HERPUD1,0.44008979201316833
Sulforaphane,NUAK2,0.44008803367614746
Lip-1,LPCAT3,0.44008785486221313
Alpha-lipoic acid,CD82,0.4400854706764221
N-acetylcysteine,PTEN,0.4400831460952759
Alpha-lipoic acid,MAPK8,0.4400828778743744
Nobiletin,ATF3,0.4400818645954132
Lip-1,E2F3,0.44008001685142517
Hydroxytyrosol,BCL6,0.4400789141654968
Hydroxytyrosol,SP1,0.4400769770145416
N-acetylcysteine,GCLC,0.4400688707828522
N-acetylcysteine,EIF2A,0.4400688409805298
Nobiletin,WWTR1,0.44006478786468506
N-acetylcysteine,SLC40A1,0.440064400434494
Alpha-lipoic acid,MDM4,0.44006338715553284
Phloretin,MAPK1,0.44006118178367615
Alpha-lipoic acid,VCAM1,0.4400607645511627
Idebenone,PADI4,0.44005852937698364
Tetramethylpyrazine,LACTB,0.44005799293518066
N-acetylcysteine,TERF1,0.44005757570266724
N-acetylcysteine,FOXO1,0.4400564730167389
Alpha-lipoic acid,HSPD1,0.4400536119937897
N-acetylcysteine,PRNP,0.4400534927845001
Sulforaphane,EBF3,0.44005340337753296
N-acetylcysteine,SLC39A8,0.4400530457496643
Sulforaphane,RBM3,0.4400523900985718
N-acetylcysteine,CDKN2B,0.4400520324707031
N-acetylcysteine,ALOX12,0.44005051255226135
Tyrosol,DYRK1A,0.440049946308136
Hydroxytyrosol,CXCL10,0.44004565477371216
Phloretin,YAP1,0.44004327058792114
Phloretin,TXNIP,0.44004026055336
Alpha-lipoic acid,GADD45A,0.44003826379776
Alpha-lipoic acid,BAP1,0.44003555178642273
Sulforaphane,PNPLA2,0.44003361463546753
Tetramethylpyrazine,RGS4,0.44003328680992126
N-acetylcysteine,CDK2,0.4400331974029541
N-acetylcysteine,SLC7A11,0.440032958984375
N-acetylcysteine,TBX2,0.44003042578697205
Alpha-lipoic acid,PRKDC,0.44002994894981384
N-acetylcysteine,PRKAA1,0.4400295913219452
Alpha-lipoic acid,CD38,0.4400293231010437
Alpha-lipoic acid,SLAMF8,0.4400291442871094
Alpha-lipoic acid,RAD50,0.44002822041511536
Alpha-lipoic acid,STAT1,0.4400269091129303
Edaravone,DYRK1A,0.4400266408920288
N-acetylcysteine,ATM,0.44002386927604675
Phloretin,ALOX15,0.44002336263656616
Alpha-lipoic acid,CCNB1,0.4400220215320587
Alpha-lipoic acid,ATG7,0.4400215744972229
Alpha-lipoic acid,HMGA2,0.44002118706703186
N-acetylcysteine,RPS6KB1,0.44002074003219604
Alpha-lipoic acid,MAPK3,0.44001907110214233
N-acetylcysteine,JAK2,0.44001805782318115
Phloretin,S100A8,0.44001758098602295
Nobiletin,BRD7,0.4400162994861603
N-acetylcysteine,MAX,0.4400160312652588
Alpha-lipoic acid,TRIB3,0.4400133788585663
N-acetylcysteine,GMFB,0.4400116801261902
Nobiletin,WNT5A,0.44000956416130066
Tetramethylpyrazine,KLF6,0.4400091767311096
Lip-1,EPHA4,0.4400087296962738
Phloretin,IL6,0.4400079846382141
N-acetylcysteine,WRN,0.44000789523124695
Sulforaphane,FTH1,0.4400065243244171
Phloretin,TLR4,0.44000527262687683
Alpha-lipoic acid,ACSL3,0.4400043785572052
Alpha-lipoic acid,NFE2L2,0.44000133872032166
N-acetylcysteine,CCNA2,0.4399999678134918
Alpha-lipoic acid,IGFBP5,0.43999895453453064
Alpha-lipoic acid,TSC1,0.4399983286857605
Alpha-lipoic acid,SNAI1,0.4399964511394501
N-acetylcysteine,CDK6,0.43999630212783813
Hydroxytyrosol,PTGS2,0.43999597430229187
Alpha-lipoic acid,ALOX5,0.4399956166744232
Idebenone,ACVR1B,0.43999341130256653
N-acetylcysteine,TFAM,0.4399922490119934
Phloretin,HMGB1,0.4399917423725128
N-acetylcysteine,MAP1LC3B,0.43999165296554565
Alpha-lipoic acid,MTOR,0.43999141454696655
N-acetylcysteine,CCL2,0.4399903118610382
Sulforaphane,TSC2,0.43998852372169495
N-acetylcysteine,SELE,0.43998777866363525
Sulforaphane,COL3A1,0.4399857521057129
Alpha-lipoic acid,MRE11,0.43998509645462036
Phloretin,TNFAIP1,0.4399837255477905
Alpha-lipoic acid,CSE1L,0.43998339772224426
Alpha-lipoic acid,H2AX,0.43998223543167114
Alpha-lipoic acid,MMP1,0.43998053669929504
N-acetylcysteine,NBN,0.43998003005981445
Alpha-lipoic acid,FTL,0.4399799406528473
Alpha-lipoic acid,XRCC1,0.43997979164123535
Phloretin,IGFBP7,0.4399797320365906
Alpha-lipoic acid,CXCL8,0.4399775266647339
N-acetylcysteine,EIF2AK3,0.43997737765312195
Alpha-lipoic acid,JUN,0.43997493386268616
Phloretin,KEAP1,0.43997299671173096
Alpha-lipoic acid,CRYAB,0.4399717450141907
Alpha-lipoic acid,TERT,0.43997153639793396
Phloretin,SOCS2,0.4399681091308594
Alpha-lipoic acid,GADD45B,0.4399680197238922
N-acetylcysteine,EMP1,0.43996718525886536
Hydroxytyrosol,HMOX1,0.43996313214302063
Alpha-lipoic acid,ADIPOQ,0.4399624764919281
Phloretin,TFRC,0.43996119499206543
Eucalyptol,CAVIN1,0.43995970487594604
Sulforaphane,FOS,0.43995943665504456
Hydroxytyrosol,IL1B,0.43995481729507446
Sulforaphane,TGFB1,0.439948171377182
N-acetylcysteine,ICAM1,0.43994763493537903
Phloretin,FBXO31,0.43994656205177307
Phloretin,LIFR,0.43994539976119995
N-acetylcysteine,NUAK2,0.43994438648223877
Hydroxytyrosol,MAP3K14,0.43994414806365967
Phloretin,EPHA2,0.43994227051734924
Alpha-lipoic acid,ATF4,0.43994200229644775
Hydroxytyrosol,IFNG,0.43993914127349854
Lip-1,ERN1,0.4399321973323822
Nobiletin,E2F3,0.43993082642555237
Alpha-lipoic acid,MMP12,0.43993034958839417
Alpha-lipoic acid,PLIN2,0.4399280548095703
Phloretin,SOD1,0.43992769718170166
Alpha-lipoic acid,SLC3A2,0.4399266839027405
Alpha-lipoic acid,STAT3,0.43992647528648376
Alpha-lipoic acid,BLM,0.4399263858795166
Alpha-lipoic acid,RB1,0.43992409110069275
Alpha-lipoic acid,XRCC6,0.4399156868457794
Alpha-lipoic acid,CHAC1,0.4399145841598511
N-acetylcysteine,EBF3,0.43990978598594666
Alpha-lipoic acid,GSS,0.43990910053253174
N-acetylcysteine,RBM3,0.4399086833000183
Alpha-lipoic acid,MNT,0.4399043321609497
Lip-1,ICA1,0.4399021565914154
Alpha-lipoic acid,CHEK2,0.43990013003349304
Sulforaphane,SIRT1,0.4398997128009796
Alpha-lipoic acid,HDAC3,0.43989959359169006
Alpha-lipoic acid,CCND1,0.4398968517780304
Alpha-lipoic acid,HSPA5,0.4398965537548065
Lip-1,HERPUD1,0.4398955702781677
Hydroxytyrosol,MAPK1,0.4398933947086334
Phloretin,EDN1,0.43989336490631104
N-acetylcysteine,PNPLA2,0.43988993763923645
Alpha-lipoic acid,GABARAP,0.43988555669784546
Phloretin,MPO,0.43988487124443054
Lip-1,DPEP1,0.4398846924304962
Hydroxytyrosol,YAP1,0.4398755431175232
Hydroxytyrosol,TXNIP,0.43987250328063965
Alpha-lipoic acid,LPIN1,0.43986809253692627
Sulforaphane,RAD51,0.43986785411834717
Alpha-lipoic acid,IL10,0.43986400961875916
Idebenone,SPATA2,0.4398631453514099
N-acetylcysteine,FTH1,0.43986281752586365
Alpha-lipoic acid,EP300,0.43986043334007263
Phloretin,SMURF2,0.4398603141307831
Alpha-lipoic acid,STEAP3,0.4398588538169861
Lip-1,MCU,0.43985697627067566
Hydroxytyrosol,ALOX15,0.4398556351661682
Phloretin,EGR1,0.4398529827594757
Danshensu,SLC1A5,0.43985235691070557
Alpha-lipoic acid,CDO1,0.4398520588874817
Lip-1,ACVR1B,0.43985143303871155
Hydroxytyrosol,S100A8,0.439849853515625
Alpha-lipoic acid,IL18,0.43984657526016235
N-acetylcysteine,TSC2,0.4398448169231415
Alpha-lipoic acid,DDIT3,0.43984344601631165
N-acetylcysteine,COL3A1,0.4398420751094818
Phloretin,PRKD1,0.43984124064445496
Hydroxytyrosol,IL6,0.43984025716781616
Hydroxytyrosol,TLR4,0.4398375451564789
Alpha-lipoic acid,IGFBP3,0.43982750177383423
Nobiletin,PTBP1,0.43982523679733276
Hydroxytyrosol,HMGB1,0.4398239850997925
Lip-1,SNCA,0.4398220479488373
Alpha-lipoic acid,CREB1,0.439821720123291
Alpha-lipoic acid,MMP2,0.4398198425769806
Tetramethylpyrazine,FOXO4,0.43981650471687317
Hydroxytyrosol,TNFAIP1,0.4398159682750702
N-acetylcysteine,FOS,0.4398157596588135
Alpha-lipoic acid,VDAC3,0.4398147463798523
Hydroxytyrosol,IGFBP7,0.4398120045661926
Alpha-lipoic acid,TIMP2,0.43980830907821655
Hydroxytyrosol,KEAP1,0.4398052990436554
N-acetylcysteine,TGFB1,0.4398045241832733
Alpha-lipoic acid,PARP1,0.43980342149734497
Alpha-lipoic acid,BECN1,0.4398016929626465
Alpha-lipoic acid,XRCC5,0.43980148434638977
Alpha-lipoic acid,TERF2,0.43980100750923157
Hydroxytyrosol,SOCS2,0.4398004114627838
Alpha-lipoic acid,HERC2,0.4397999942302704
Alpha-lipoic acid,CREBBP,0.4397975206375122
Alpha-lipoic acid,GABARAPL1,0.4397971034049988
Alpha-lipoic acid,SERPINE1,0.43979567289352417
Hydroxytyrosol,TFRC,0.4397934377193451
Alpha-lipoic acid,HSP90AA1,0.43979325890541077
Tetramethylpyrazine,DUOX1,0.4397900402545929
Phloretin,E2F1,0.43978947401046753
Phloretin,TNFAIP3,0.4397873282432556
Alpha-lipoic acid,LIG4,0.43978506326675415
Idebenone,ABCC1,0.4397829473018646
Nobiletin,DPEP1,0.4397815465927124
Alpha-lipoic acid,IL1A,0.43977969884872437
Phloretin,MAPK14,0.43977949023246765
Tetramethylpyrazine,E2F2,0.43977928161621094
Hydroxytyrosol,FBXO31,0.4397788345813751
Hydroxytyrosol,LIFR,0.439777672290802
Alpha-lipoic acid,ACSL4,0.439776748418808
Alpha-lipoic acid,FANCD2,0.4397749602794647
Hydroxytyrosol,EPHA2,0.4397745430469513
Fer-1,SETD7,0.4397735297679901
Alpha-lipoic acid,GOT1,0.43977224826812744
Dimethyl fumarate,DPP4,0.4397639036178589
Tetramethylpyrazine,MYC,0.4397604465484619
Hydroxytyrosol,SOD1,0.4397599697113037
Alpha-lipoic acid,AKT1,0.4397599697113037
VC,CD74,0.4397594630718231
Alpha-lipoic acid,FBXL5,0.43975701928138733
N-acetylcysteine,SIRT1,0.43975600600242615
Alpha-lipoic acid,CCNE1,0.43975573778152466
Alpha-lipoic acid,TNF,0.4397527873516083
Tetramethylpyrazine,MDM2,0.4397484064102173
Tetramethylpyrazine,CBS,0.43974581360816956
Alpha-lipoic acid,BNIP3,0.43974143266677856
Nobiletin,ICA1,0.43973788619041443
Tetramethylpyrazine,LOX,0.43973609805107117
Alpha-lipoic acid,HBP1,0.4397358298301697
Hydroxytyrosol,EDN1,0.4397255778312683
N-acetylcysteine,RAD51,0.4397242069244385
Idebenone,SAT1,0.4397195875644684
Nobiletin,SNCA,0.4397195875644684
Hydroxytyrosol,MPO,0.4397171139717102
Alpha-lipoic acid,ATG5,0.4397115707397461
Alpha-lipoic acid,CHEK1,0.4397083520889282
Edaravone,CAVIN1,0.4397038221359253
Lip-1,PADI4,0.4397003650665283
Alpha-lipoic acid,MMP3,0.43969935178756714
Alpha-lipoic acid,ALOX12,0.43969443440437317
Hydroxytyrosol,SMURF2,0.43969258666038513
Alpha-lipoic acid,SESN2,0.439690500497818
Alpha-lipoic acid,BRCA1,0.4396902620792389
Hydroxytyrosol,EGR1,0.43968528509140015
Alpha-lipoic acid,LPIN2,0.4396841824054718
Nobiletin,MCU,0.4396800398826599
Phloretin,NLRP3,0.43967902660369873
Alpha-lipoic acid,PTEN,0.43967685103416443
Nobiletin,ERN1,0.4396737813949585
Hydroxytyrosol,PRKD1,0.4396734833717346
Alpha-lipoic acid,GCLC,0.4396626055240631
Alpha-lipoic acid,EIF2A,0.43966251611709595
Phloretin,KDM6B,0.43966206908226013
Nobiletin,HERPUD1,0.43966081738471985
Alpha-lipoic acid,SLC40A1,0.43965813517570496
Nobiletin,PADI4,0.439656525850296
Dimethyl fumarate,NR2F2,0.43965455889701843
Tyrosol,CAVIN1,0.43965449929237366
Alpha-lipoic acid,TERF1,0.4396512806415558
Lip-1,SPATA2,0.4396509528160095
Alpha-lipoic acid,FOXO1,0.43965017795562744
Alpha-lipoic acid,PRNP,0.43964722752571106
Phloretin,NOX4,0.43964681029319763
Alpha-lipoic acid,SLC39A8,0.43964681029319763
Alpha-lipoic acid,CDKN2B,0.4396457374095917
Lip-1,ABCC1,0.4396413266658783
Phloretin,FOSL1,0.4396348297595978
Tetramethylpyrazine,TIMP1,0.4396345913410187
Alpha-lipoic acid,SLC7A11,0.4396277666091919
Alpha-lipoic acid,CDK2,0.43962687253952026
Tetramethylpyrazine,HSPB1,0.4396250247955322
Alpha-lipoic acid,TBX2,0.4396241009235382
Alpha-lipoic acid,PRKAA1,0.4396233558654785
Hydroxytyrosol,E2F1,0.43962177634239197
Hydroxytyrosol,TNFAIP3,0.4396195709705353
Alpha-lipoic acid,ATM,0.4396176040172577
Alpha-lipoic acid,RPS6KB1,0.439614474773407
Idebenone,COX7A1,0.43961283564567566
Alpha-lipoic acid,WRN,0.4396122992038727
Hydroxytyrosol,MAPK14,0.4396117925643921
Alpha-lipoic acid,JAK2,0.4396117329597473
Alpha-lipoic acid,MAX,0.4396097660064697
Alpha-lipoic acid,GMFB,0.4396054446697235
Alpha-lipoic acid,CCNA2,0.4395991265773773
Alpha-lipoic acid,CDK6,0.43959009647369385
Phloretin,IRF7,0.43958789110183716
Alpha-lipoic acid,TFAM,0.43958595395088196
Alpha-lipoic acid,MAP1LC3B,0.4395853877067566
Alpha-lipoic acid,CCL2,0.43958401679992676
Alpha-lipoic acid,SELE,0.4395814836025238
Nobiletin,ACVR1B,0.43957871198654175
Alpha-lipoic acid,NBN,0.439573734998703
Alpha-lipoic acid,EIF2AK3,0.4395711421966553
Resveratrol,CAVIN1,0.43957093358039856
Tetramethylpyrazine,PCNA,0.43956974148750305
Tangeretin,SETD7,0.4395626187324524
Alpha-lipoic acid,EMP1,0.43956097960472107
VC,LGMN,0.4395584762096405
Tetramethylpyrazine,ABCC2,0.43954578042030334
Tangeretin,CAVIN1,0.43954336643218994
Tetramethylpyrazine,MMP13,0.4395425617694855
Alpha-lipoic acid,ICAM1,0.4395413398742676
Lip-1,COX7A1,0.4395410716533661
Tetramethylpyrazine,FABP5,0.4395398795604706
Alpha-lipoic acid,RBM3,0.43953919410705566
Alpha-lipoic acid,NUAK2,0.4395381212234497
Phloretin,MEN1,0.43953657150268555
Lip-1,SAT1,0.4395195245742798
VC,CTSB,0.43951836228370667
Phloretin,PPP2R2B,0.43951812386512756
Tetramethylpyrazine,MAP1LC3A,0.43951305747032166
Hydroxytyrosol,NLRP3,0.43951132893562317
Alpha-lipoic acid,EBF3,0.4395034909248352
Eucalyptol,SETD7,0.43950265645980835
Hydroxytyrosol,KDM6B,0.43949437141418457
Tetramethylpyrazine,HMGA1,0.4394882023334503
Phloretin,PDE4B,0.4394879639148712
Alpha-lipoic acid,PNPLA2,0.4394837021827698
Hydroxytyrosol,NOX4,0.4394790828227997
Tetramethylpyrazine,MRE11,0.4394758939743042
Tetramethylpyrazine,H2AX,0.43947309255599976
Resveratrol,SETD7,0.4394727349281311
Tetramethylpyrazine,MMP1,0.4394713342189789
Tetramethylpyrazine,FTL,0.4394707977771759
Tetramethylpyrazine,CXCL8,0.4394684135913849
Hydroxytyrosol,FOSL1,0.43946710228919983
Tetramethylpyrazine,CRYAB,0.4394626021385193
Danshensu,CD74,0.4394576847553253
Alpha-lipoic acid,FTH1,0.43945661187171936
Cinnamaldehyde,DPP4,0.4394543170928955
Tetramethylpyrazine,COL1A2,0.43945416808128357
Tetramethylpyrazine,ADIPOQ,0.4394533932209015
Alpha-lipoic acid,TGFB1,0.43944698572158813
Phloretin,SMARCB1,0.43944594264030457
Nobiletin,SPATA2,0.43944495916366577
Alpha-lipoic acid,TSC2,0.4394385516643524
Phloretin,LPCAT3,0.4394382834434509
Alpha-lipoic acid,COL3A1,0.43943580985069275
Tetramethylpyrazine,TNFRSF1A,0.43943437933921814
Tetramethylpyrazine,COL1A1,0.43942704796791077
Tetramethylpyrazine,BRCA2,0.4394253194332123
Hydroxytyrosol,IRF7,0.4394201636314392
Phloretin,ATF3,0.4394177496433258
Tetramethylpyrazine,PPARGC1A,0.4394148886203766
Tetramethylpyrazine,CDKN2A,0.43941426277160645
Tetramethylpyrazine,GCLM,0.4394116699695587
Alpha-lipoic acid,FOS,0.4394095242023468
Idebenone,DYRK1A,0.43940243124961853
VC,LCN2,0.4393998384475708
VC,NR1D1,0.43939855694770813
Phloretin,WWTR1,0.4393894076347351
Nobiletin,ABCC1,0.43938931822776794
Phloretin,EPHA4,0.4393691420555115
Hydroxytyrosol,MEN1,0.43936887383461
Tetramethylpyrazine,FOXO3,0.4393678605556488
Tetramethylpyrazine,RELA,0.4393634498119354
Tetramethylpyrazine,LMNB1,0.4393604099750519
VC,HIF1A,0.4393518567085266
Hydroxytyrosol,PPP2R2B,0.4393504559993744
Tetramethylpyrazine,HDAC2,0.4393499195575714
Alpha-lipoic acid,SIRT1,0.43934983015060425
Magnolol,CAVIN1,0.43934714794158936
Tetramethylpyrazine,SQSTM1,0.43934568762779236
Cinnamaldehyde,NR2F2,0.43934494256973267
Tetramethylpyrazine,HDAC1,0.4393412470817566
VC,IRF1,0.4393409490585327
Phloretin,BRD7,0.4393343925476074
Tetramethylpyrazine,CDKN1B,0.43933233618736267
Phloretin,WNT5A,0.4393315017223358
Magnolol,SETD7,0.4393307566642761
Hydroxytyrosol,PDE4B,0.43932026624679565
Tetramethylpyrazine,NFKB1,0.43931958079338074
Alpha-lipoic acid,RAD51,0.4393179714679718
Dimethyl fumarate,LACTB,0.4393153190612793
Nobiletin,SAT1,0.4393138885498047
Honokiol,CAVIN1,0.4393094480037689
Edaravone,SETD7,0.43930765986442566
Tetramethylpyrazine,CDK4,0.43929946422576904
Honokiol,SETD7,0.4392930865287781
Tetramethylpyrazine,CDKN1A,0.4392903745174408
Tetramethylpyrazine,BNIP3L,0.4392850399017334
Tetramethylpyrazine,FN1,0.4392798840999603
Hydroxytyrosol,SMARCB1,0.4392782747745514
Tetramethylpyrazine,MMP10,0.43927085399627686
Hydroxytyrosol,LPCAT3,0.43927061557769775
Tetramethylpyrazine,VEGFA,0.4392658472061157
Lip-1,DYRK1A,0.43926000595092773
Tetramethylpyrazine,MMP9,0.43925702571868896
Danshensu,LGMN,0.4392566978931427
Tetramethylpyrazine,NCOA4,0.43925559520721436
Tetramethylpyrazine,PRKAA2,0.4392535984516144
Hydroxytyrosol,ATF3,0.43925002217292786
Tetramethylpyrazine,BAP1,0.4392479956150055
Nobiletin,COX7A1,0.4392460286617279
Dimethyl fumarate,KLF6,0.43924564123153687
Tetramethylpyrazine,BRD4,0.43924131989479065
VC,ATG3,0.4392409026622772
Tetramethylpyrazine,ATR,0.43924039602279663
Dimethyl fumarate,RGS4,0.43923646211624146
Tetramethylpyrazine,CD82,0.4392348825931549
Phloretin,E2F3,0.43923312425613403
Ferulic acid,SLC1A5,0.4392308294773102
Hydroxytyrosol,WWTR1,0.43922168016433716
VC,ZEB1,0.4392200708389282
Tetramethylpyrazine,GPX4,0.43922004103660583
Danshensu,CTSB,0.43921658396720886
Tetramethylpyrazine,ATF2,0.43921059370040894
Tetramethylpyrazine,SIRT6,0.43920812010765076
Tetramethylpyrazine,LIG3,0.43920329213142395
Tetramethylpyrazine,STAT1,0.439202219247818
Hydroxytyrosol,EPHA4,0.4392015039920807
Tetramethylpyrazine,VDAC2,0.43919870257377625
Tyrosol,SETD7,0.43919748067855835
Tetramethylpyrazine,TP53,0.43919727206230164
Tetramethylpyrazine,MAPK8,0.43918511271476746
Tetramethylpyrazine,VCAM1,0.4391811192035675
VC,RUNX3,0.4391806721687317
Hydroxytyrosol,BRD7,0.43916672468185425
Tetramethylpyrazine,MDM4,0.4391656219959259
Hydroxytyrosol,WNT5A,0.43916377425193787
Tetramethylpyrazine,HMGA2,0.4391634166240692
Tetramethylpyrazine,HSPD1,0.4391558766365051
Tetramethylpyrazine,SLAMF8,0.43914586305618286
Tetramethylpyrazine,GADD45A,0.43914055824279785
VC,BCL6,0.43913841247558594
Tetramethylpyrazine,PRKDC,0.4391322433948517
Tetramethylpyrazine,CD38,0.439131498336792
Tetramethylpyrazine,RAD50,0.4391304552555084
Hydroxytyrosol,PTBP1,0.4391281008720398
Tetramethylpyrazine,MMP12,0.4391261637210846
Tetramethylpyrazine,CCNB1,0.4391242563724518
Tetramethylpyrazine,ATG7,0.4391237795352936
VC,SOCS1,0.4391223192214966
Tetramethylpyrazine,MAPK3,0.4391213059425354
VC,IRF9,0.43911638855934143
Tetramethylpyrazine,TRIB3,0.43911564350128174
Tetramethylpyrazine,ACSL3,0.43910667300224304
Tetramethylpyrazine,NFE2L2,0.4391036629676819
Phloretin,PTBP1,0.4391021728515625
Tetramethylpyrazine,IGFBP5,0.4391011595726013
Tetramethylpyrazine,TSC1,0.43910062313079834
Tetramethylpyrazine,SNAI1,0.43909868597984314
Danshensu,LCN2,0.4390980899333954
Tetramethylpyrazine,ALOX5,0.4390978515148163
Danshensu,NR1D1,0.4390968382358551
Tetramethylpyrazine,MTOR,0.4390937089920044
Tetramethylpyrazine,CSE1L,0.43908563256263733
Tetramethylpyrazine,XRCC1,0.43908488750457764
Tetramethylpyrazine,JUN,0.43908172845840454
Tetramethylpyrazine,GADD45B,0.4390757381916046
VC,SP1,0.4390745162963867
Tetramethylpyrazine,TERT,0.4390738308429718
Tetramethylpyrazine,CHAC1,0.4390673041343689
Hydroxytyrosol,E2F3,0.43906545639038086
VC,MAP3K14,0.4390617609024048
Phloretin,DPEP1,0.4390590488910675
VC,CXCL10,0.4390523433685303
Danshensu,HIF1A,0.4390501379966736
Dimethyl fumarate,DUOX1,0.4390474259853363
Tetramethylpyrazine,ATF4,0.4390442669391632
Nobiletin,DYRK1A,0.4390425980091095
Danshensu,IRF1,0.4390392005443573
Tetramethylpyrazine,CDO1,0.43903639912605286
Tetramethylpyrazine,PLIN2,0.43903037905693054
Tetramethylpyrazine,SLC3A2,0.43902894854545593
Tetramethylpyrazine,STAT3,0.4390287697315216
Tetramethylpyrazine,BLM,0.4390287399291992
Tetramethylpyrazine,RB1,0.4390263855457306
Phloretin,ICA1,0.43902623653411865
Dimethyl fumarate,FOXO4,0.4390197694301605
Tetramethylpyrazine,XRCC6,0.43901798129081726
VC,FBXO31,0.4390178918838501
VC,S100A8,0.4390133023262024
Tetramethylpyrazine,GSS,0.4390113651752472
Tetramethylpyrazine,MNT,0.4390066862106323
Dimethyl fumarate,MDM2,0.43900585174560547
Cinnamaldehyde,LACTB,0.4390057623386383
Tetramethylpyrazine,CHEK2,0.43900245428085327
Phloretin,SNCA,0.43900206685066223
Tetramethylpyrazine,HDAC3,0.4390018880367279
Tetramethylpyrazine,CCND1,0.4389991760253906
Tetramethylpyrazine,HSPA5,0.43899884819984436
VC,PTGS2,0.43899720907211304
Dimethyl fumarate,LOX,0.4389934837818146
Tetramethylpyrazine,GABARAP,0.438992977142334
Tetramethylpyrazine,IL10,0.43898600339889526
Dimethyl fumarate,E2F2,0.43898260593414307
Tetramethylpyrazine,LPIN1,0.4389804005622864
VC,TFRC,0.4389782249927521
Lip-1,CAVIN1,0.4389675259590149
VC,HMOX1,0.4389674961566925
Dimethyl fumarate,MYC,0.43896377086639404
Tetramethylpyrazine,EP300,0.43896275758743286
Tetramethylpyrazine,STEAP3,0.4389611780643463
Phloretin,MCU,0.4389585256576538
VC,TNFAIP1,0.438957154750824
Tetramethylpyrazine,TNF,0.43895217776298523
VC,KEAP1,0.4389513432979584
Dimethyl fumarate,CBS,0.4389491379261017
Tetramethylpyrazine,IL18,0.43894892930984497
VC,ALOX15,0.4389466643333435
Tetramethylpyrazine,IL1A,0.43894657492637634
Tetramethylpyrazine,DDIT3,0.4389457404613495
Tetramethylpyrazine,ALOX12,0.43894538283348083
VC,EPHA2,0.43894505500793457
Phloretin,ERN1,0.4389442801475525
VC,HMGB1,0.4389418065547943
Phloretin,HERPUD1,0.4389408826828003
VC,IFNG,0.4389396905899048
VC,IL1B,0.43893763422966003
Cinnamaldehyde,KLF6,0.43893611431121826
VC,YAP1,0.43893343210220337
Cinnamaldehyde,RGS4,0.4389325678348541
Tetramethylpyrazine,VDAC3,0.4389316141605377
Cinnamic_acid,DPP4,0.43893131613731384
Tetramethylpyrazine,IGFBP3,0.43892982602119446
Tetramethylpyrazine,CREB1,0.43892407417297363
Tetramethylpyrazine,PARP1,0.4389234185218811
Tetramethylpyrazine,TIMP2,0.43892231583595276
Tetramethylpyrazine,MMP2,0.4389221966266632
VC,MPO,0.4389193058013916
VC,SMURF2,0.4389145076274872
Tetramethylpyrazine,HSP90AA1,0.4389112889766693
Tetramethylpyrazine,TERF2,0.43891090154647827
Tetramethylpyrazine,BECN1,0.43891066312789917
Phloretin,PADI4,0.438909649848938
VC,LIFR,0.4389059245586395
VC,SOD1,0.4389056861400604
Tetramethylpyrazine,XRCC5,0.43890541791915894
VC,MAPK1,0.43890440464019775
Tetramethylpyrazine,HERC2,0.4389023780822754
Tetramethylpyrazine,CREBBP,0.4389016628265381
Tetramethylpyrazine,GABARAPL1,0.4388997256755829
Tetramethylpyrazine,GOT1,0.43889889121055603
Tetramethylpyrazine,SERPINE1,0.43889808654785156
Hydroxytyrosol,DPEP1,0.43889138102531433
Tetramethylpyrazine,LIG4,0.43888750672340393
Tetramethylpyrazine,ACSL4,0.4388871490955353
VC,SOCS2,0.4388852119445801
Danshensu,ZEB1,0.43888208270072937
Danshensu,RUNX3,0.43887898325920105
Tetramethylpyrazine,FANCD2,0.43887874484062195
VC,TXNIP,0.43887409567832947
VC,TLR4,0.4388695955276489
Tetramethylpyrazine,AKT1,0.4388624429702759
VC,EDN1,0.4388609826564789
Tetramethylpyrazine,FBXL5,0.43886077404022217
Tetramethylpyrazine,CCNE1,0.43885907530784607
Hydroxytyrosol,ICA1,0.4388585686683655
VC,IL6,0.4388551712036133
Tetramethylpyrazine,SLC39A8,0.43885427713394165
Tetramethylpyrazine,BNIP3,0.43884536623954773
Tetramethylpyrazine,HBP1,0.43884530663490295
Phloretin,ACVR1B,0.4388445317745209
Tetramethylpyrazine,SESN2,0.43884044885635376
Ferulic acid,CD74,0.43883949518203735
Dimethyl fumarate,TIMP1,0.4388379156589508
Hydroxytyrosol,SNCA,0.43883442878723145
Tetramethylpyrazine,WRN,0.43883398175239563
Tetramethylpyrazine,ATG5,0.4388328790664673
Tetramethylpyrazine,MMP3,0.43883222341537476
VC,EGR1,0.4388306736946106
Dimethyl fumarate,HSPB1,0.43882837891578674
Hydroxytyrosol,ERN1,0.4388279616832733
Danshensu,ATG3,0.43882468342781067
Cinnamic_acid,NR2F2,0.43882203102111816
VC,TNFAIP3,0.43881937861442566
VC,IGFBP7,0.4388193190097809
Tetramethylpyrazine,CHEK1,0.4388107359409332
Idebenone,CAVIN1,0.4388059675693512
Tetramethylpyrazine,LPIN2,0.43879467248916626
Tetramethylpyrazine,BRCA1,0.4387931227684021
Hydroxytyrosol,HERPUD1,0.4387931227684021
Hydroxytyrosol,MCU,0.43879082798957825
Tetramethylpyrazine,PTEN,0.43878796696662903
Tetramethylpyrazine,CDK2,0.438783198595047
Dimethyl fumarate,MRE11,0.43878045678138733
Dimethyl fumarate,H2AX,0.4387778639793396
Tetramethylpyrazine,GCLC,0.4387775957584381
Dimethyl fumarate,MMP1,0.43877649307250977
Dimethyl fumarate,FTL,0.43877556920051575
Tetramethylpyrazine,FOXO1,0.43877512216567993
Tetramethylpyrazine,SLC40A1,0.4387749433517456
Tetramethylpyrazine,PRNP,0.4387747049331665
Tetramethylpyrazine,EIF2A,0.43877437710762024
Dimethyl fumarate,CXCL8,0.43877342343330383
Dimethyl fumarate,PCNA,0.4387730658054352
VC,E2F1,0.4387718141078949
Dimethyl fumarate,MAP1LC3A,0.4387705326080322
Tetramethylpyrazine,TERF1,0.438768595457077
Tetramethylpyrazine,CDKN2B,0.4387657046318054
Dimethyl fumarate,CRYAB,0.43876519799232483
Tetramethylpyrazine,EBF3,0.4387616217136383
Danshensu,SOCS1,0.4387584924697876
Dimethyl fumarate,ADIPOQ,0.4387549161911011
VC,MAPK14,0.43875184655189514
Danshensu,IRF9,0.438749223947525
Dimethyl fumarate,ABCC2,0.43874913454055786
Tetramethylpyrazine,PRKAA1,0.4387466609477997
Hydroxytyrosol,ACVR1B,0.43874648213386536
Dimethyl fumarate,MMP13,0.43874591588974
Dimethyl fumarate,FABP5,0.4387432634830475
Tetramethylpyrazine,TFAM,0.43874233961105347
Hydroxytyrosol,PADI4,0.4387419819831848
Cinnamaldehyde,DUOX1,0.4387378990650177
Tetramethylpyrazine,JAK2,0.43873724341392517
Tetramethylpyrazine,MAX,0.43873631954193115
Tetramethylpyrazine,RPS6KB1,0.4387347400188446
Tetramethylpyrazine,SLC7A11,0.4387345314025879
Tetramethylpyrazine,TBX2,0.43873298168182373
Tetramethylpyrazine,RBM3,0.4387317895889282
Tetramethylpyrazine,ATM,0.4387291371822357
Tetramethylpyrazine,GMFB,0.438726544380188
Cinnamaldehyde,FOXO4,0.43871596455574036
Phloretin,SPATA2,0.4387143552303314
Danshensu,BCL6,0.4387128949165344
Danshensu,SP1,0.43871089816093445
Tetramethylpyrazine,CDK6,0.4387081265449524
Tetramethylpyrazine,CCL2,0.4387049973011017
Tetramethylpyrazine,CCNA2,0.4387015998363495
VC,KDM6B,0.4387015104293823
Tetramethylpyrazine,SELE,0.4387013614177704
Tetramethylpyrazine,NBN,0.43870049715042114
Tetramethylpyrazine,MAP1LC3B,0.4386991262435913
Tetramethylpyrazine,EMP1,0.4386974573135376
Cinnamaldehyde,MDM2,0.43869632482528687
Borneol,DPP4,0.438694030046463
VC,PDE4B,0.4386938512325287
Dimethyl fumarate,HMGA1,0.4386915862560272
Tetramethylpyrazine,TGFB1,0.43869131803512573
Tetramethylpyrazine,EIF2AK3,0.4386882483959198
VC,NLRP3,0.43868789076805115
Cinnamaldehyde,LOX,0.43868398666381836
Danshensu,CXCL10,0.43867960572242737
Cinnamaldehyde,E2F2,0.4386787414550781
VC,FOSL1,0.4386739730834961
Cinnamaldehyde,MYC,0.4386599361896515
Tetramethylpyrazine,ICAM1,0.43865856528282166
Tetramethylpyrazine,NUAK2,0.4386579096317291
Dimethyl fumarate,COL1A2,0.43865758180618286
VC,MEN1,0.43864649534225464
Cinnamaldehyde,CBS,0.43864524364471436
Dimethyl fumarate,TNFRSF1A,0.43863776326179504
Phloretin,ABCC1,0.4386341869831085
Dimethyl fumarate,COL1A1,0.43863049149513245
Danshensu,PTGS2,0.4386299252510071
Dimethyl fumarate,BRCA2,0.4386287033557892
VC,IRF7,0.4386284649372101
Ferulic acid,LGMN,0.4386224150657654
VC,NOX4,0.43862006068229675
Dimethyl fumarate,PPARGC1A,0.43861836194992065
Dimethyl fumarate,CDKN2A,0.43861764669418335
Dimethyl fumarate,GCLM,0.43861517310142517
VC,PPP2R2B,0.43861261010169983
Tetramethylpyrazine,PNPLA2,0.4386112093925476
VC,PRKD1,0.43860939145088196
Tetramethylpyrazine,TSC2,0.4386047422885895
Tetramethylpyrazine,COL3A1,0.4386010468006134
Danshensu,HMOX1,0.438597172498703
Danshensu,IL1B,0.43858882784843445
Ferulic acid,CTSB,0.4385862648487091
Borneol,NR2F2,0.43858471512794495
Tetramethylpyrazine,FTH1,0.43858012557029724
Danshensu,MAP3K14,0.43857818841934204
VC,SMARCB1,0.4385755956172943
Danshensu,IFNG,0.4385731518268585
Dimethyl fumarate,FOXO3,0.4385712742805481
VC,WNT5A,0.438571035861969
Phloretin,SAT1,0.43857085704803467
Lip-1,SETD7,0.438567191362381
Dimethyl fumarate,RELA,0.43856683373451233
Dimethyl fumarate,LMNB1,0.4385637938976288
Tetramethylpyrazine,FOS,0.43855398893356323
Dimethyl fumarate,HDAC2,0.4385533332824707
VC,WWTR1,0.438553124666214
Dimethyl fumarate,SQSTM1,0.43854913115501404
VC,PTBP1,0.4385475218296051
Hydroxytyrosol,SPATA2,0.438546746969223
Dimethyl fumarate,HDAC1,0.43854472041130066
Dimethyl fumarate,CDKN1B,0.43853577971458435
Cinnamaldehyde,TIMP1,0.43853408098220825
Dimethyl fumarate,MMP10,0.43852847814559937
Danshensu,MAPK1,0.43852749466896057
Cinnamaldehyde,HSPB1,0.4385245442390442
Dimethyl fumarate,NFKB1,0.4385230243206024
Hydroxytyrosol,ABCC1,0.4385150074958801
Danshensu,YAP1,0.43850964307785034
Ferulic acid,NR1D1,0.4385088086128235
Danshensu,TXNIP,0.4385065734386444
Dimethyl fumarate,BAP1,0.438505619764328
Dimethyl fumarate,CDK4,0.4385029673576355
VC,ATF3,0.43850255012512207
VC,BRD7,0.43849608302116394
Dimethyl fumarate,CDKN1A,0.4384938180446625
Dimethyl fumarate,CD82,0.43849244713783264
Danshensu,ALOX15,0.438489705324173
Tetramethylpyrazine,SIRT1,0.43848851323127747
Dimethyl fumarate,BNIP3L,0.43848851323127747
Danshensu,S100A8,0.43848398327827454
Dimethyl fumarate,FN1,0.4384833872318268
Cinnamic_acid,LACTB,0.4384829103946686
Ferulic acid,LCN2,0.43848201632499695
Danshensu,IL6,0.4384743869304657
Danshensu,TLR4,0.43847164511680603
Cinnamaldehyde,MRE11,0.4384709894657135
Dimethyl fumarate,VEGFA,0.4384693205356598
Cinnamaldehyde,PCNA,0.438469260931015
Cinnamaldehyde,H2AX,0.43846839666366577
Cinnamaldehyde,MMP1,0.4384670555591583
Cinnamaldehyde,FTL,0.43846604228019714
Phloretin,COX7A1,0.4384641647338867
Cinnamaldehyde,CXCL8,0.43846395611763
Cinnamaldehyde,MAP1LC3A,0.4384610950946808
Dimethyl fumarate,MMP9,0.43846046924591064
Dimethyl fumarate,STAT1,0.4384598731994629
Dimethyl fumarate,NCOA4,0.4384590983390808
Danshensu,HMGB1,0.438458114862442
Dimethyl fumarate,PRKAA2,0.43845707178115845
Cinnamaldehyde,CRYAB,0.4384557008743286
Idebenone,SETD7,0.43845224380493164
Danshensu,TNFAIP1,0.4384500980377197
Danshensu,IGFBP7,0.43844616413116455
Cinnamaldehyde,ADIPOQ,0.43844541907310486
Cinnamaldehyde,ABCC2,0.4384453296661377
Dimethyl fumarate,BRD4,0.4384448230266571
Dimethyl fumarate,ATR,0.4384439289569855
Cinnamaldehyde,MMP13,0.4384421408176422
Cinnamaldehyde,FABP5,0.43843942880630493
Danshensu,KEAP1,0.43843942880630493
Fer-1,DPP4,0.438438355922699
Tetramethylpyrazine,RAD51,0.43843552470207214
Danshensu,SOCS2,0.43843451142311096
Ferulic acid,HIF1A,0.43843287229537964
Ferulic acid,IRF1,0.43842992186546326
Danshensu,TFRC,0.438427597284317
Dimethyl fumarate,GPX4,0.4384235143661499
Dimethyl fumarate,ATF2,0.4384141266345978
Cinnamic_acid,KLF6,0.43841326236724854
Danshensu,FBXO31,0.43841299414634705
Danshensu,LIFR,0.43841180205345154
Dimethyl fumarate,SIRT6,0.4384115934371948
VC,E2F3,0.43840911984443665
Danshensu,EPHA2,0.438408762216568
Dimethyl fumarate,LIG3,0.4384067952632904
Hydroxytyrosol,SAT1,0.43840327858924866
Dimethyl fumarate,VDAC2,0.4384021759033203
Dimethyl fumarate,TP53,0.4384008049964905
Hydroxytyrosol,COX7A1,0.43839961290359497
Danshensu,SOD1,0.4383941888809204
Dimethyl fumarate,HMGA2,0.43839237093925476
Dimethyl fumarate,MAPK8,0.4383886158466339
Cinnamaldehyde,HMGA1,0.43838778138160706
Dimethyl fumarate,VCAM1,0.43838462233543396
Dimethyl fumarate,MMP12,0.4383838474750519
Cinnamic_acid,RGS4,0.438380628824234
VC,LPCAT3,0.43837133049964905
Dimethyl fumarate,MDM4,0.43836918473243713
Danshensu,EDN1,0.4383598268032074
Dimethyl fumarate,HSPD1,0.4383593797683716
BCP,DPP4,0.4383542537689209
Cinnamaldehyde,COL1A2,0.4383537769317627
Danshensu,MPO,0.4383513033390045
Dimethyl fumarate,SLAMF8,0.4383493959903717
Dimethyl fumarate,GADD45A,0.4383440613746643
Dimethyl fumarate,PRKDC,0.43833574652671814
Dimethyl fumarate,CD38,0.4383350908756256
Dimethyl fumarate,RAD50,0.43833398818969727
Cinnamaldehyde,TNFRSF1A,0.43833398818969727
Dimethyl fumarate,CCNB1,0.43832775950431824
Dimethyl fumarate,ATG7,0.4383273422718048
Danshensu,SMURF2,0.43832680583000183
Cinnamaldehyde,COL1A1,0.43832674622535706
Dimethyl fumarate,CHAC1,0.4383249580860138
Cinnamaldehyde,BRCA2,0.4383249282836914
Dimethyl fumarate,MAPK3,0.43832483887672424
Fer-1,NR2F2,0.43832454085350037
Danshensu,EGR1,0.43831950426101685
Dimethyl fumarate,TRIB3,0.4383191466331482
Cinnamaldehyde,PPARGC1A,0.4383145570755005
Cinnamaldehyde,CDKN2A,0.43831387162208557
Cinnamaldehyde,GCLM,0.438311368227005
Dimethyl fumarate,ACSL3,0.4383101761341095
Danshensu,PRKD1,0.4383077323436737
Dimethyl fumarate,NFE2L2,0.43830713629722595
Dimethyl fumarate,IGFBP5,0.43830472230911255
Dimethyl fumarate,TSC1,0.4383041262626648
Dimethyl fumarate,SNAI1,0.4383021891117096
Dimethyl fumarate,ALOX5,0.4383014142513275
Dimethyl fumarate,MTOR,0.43829724192619324
Dimethyl fumarate,CDO1,0.43829408288002014
Dimethyl fumarate,CSE1L,0.43828919529914856
Dimethyl fumarate,XRCC1,0.43828845024108887
Dimethyl fumarate,JUN,0.4382852613925934
Ferulic acid,RUNX3,0.438284695148468
Dimethyl fumarate,GADD45B,0.43827930092811584
Dimethyl fumarate,TERT,0.43827739357948303
VC,EPHA4,0.43827518820762634
Cinnamaldehyde,FOXO3,0.4382674992084503
Ferulic acid,ZEB1,0.43826743960380554
Cinnamaldehyde,RELA,0.43826308846473694
Cinnamaldehyde,LMNB1,0.4382600784301758
Danshensu,E2F1,0.43825602531433105
Phloretin,DYRK1A,0.4382539391517639
Danshensu,TNFAIP3,0.43825387954711914
Cinnamaldehyde,HDAC2,0.4382495880126953
Dimethyl fumarate,ATF4,0.43824779987335205
VC,ERN1,0.4382474422454834
Danshensu,MAPK14,0.4382460415363312
Borneol,LACTB,0.43824565410614014
Cinnamaldehyde,SQSTM1,0.43824535608291626
BCP,NR2F2,0.4382449686527252
Cinnamaldehyde,HDAC1,0.4382409155368805
Dimethyl fumarate,PLIN2,0.43823397159576416
Dimethyl fumarate,SLC3A2,0.43823251128196716
Dimethyl fumarate,STAT3,0.43823233246803284
Dimethyl fumarate,BLM,0.43823227286338806
Cinnamaldehyde,CDKN1B,0.43823203444480896
Dimethyl fumarate,RB1,0.4382299780845642
Dimethyl fumarate,XRCC6,0.4382215142250061
Cinnamaldehyde,NFKB1,0.43821921944618225
Cinnamaldehyde,MMP10,0.4382190406322479
VC,ICA1,0.4382152557373047
Cinnamic_acid,DUOX1,0.43821513652801514
Dimethyl fumarate,GSS,0.4382150173187256
VC,HERPUD1,0.43821263313293457
Dimethyl fumarate,MNT,0.43821024894714355
Dimethyl fumarate,TNF,0.4382099211215973
Dimethyl fumarate,CHEK2,0.4382060468196869
Dimethyl fumarate,HDAC3,0.4382054805755615
Dimethyl fumarate,IL1A,0.438204288482666
Dimethyl fumarate,ALOX12,0.4382030963897705
Dimethyl fumarate,CCND1,0.43820273876190186
Dimethyl fumarate,HSPA5,0.43820247054100037
Cinnamaldehyde,CDK4,0.43819916248321533
Dimethyl fumarate,GABARAP,0.43819659948349
Cinnamaldehyde,BAP1,0.43819618225097656
Ferulic acid,ATG3,0.43819549679756165
Dimethyl fumarate,IL10,0.43819302320480347
Cinnamaldehyde,CDKN1A,0.4381900727748871
VC,DPEP1,0.43818503618240356
Cinnamaldehyde,BNIP3L,0.4381847381591797
Dimethyl fumarate,LPIN1,0.4381839632987976
Cinnamaldehyde,CD82,0.438183069229126
Nobiletin,SETD7,0.43818002939224243
Cinnamaldehyde,FN1,0.4381795823574066
Borneol,KLF6,0.4381760060787201
Cinnamic_acid,MDM2,0.4381735920906067
VC,MCU,0.4381689727306366
Dimethyl fumarate,EP300,0.4381663501262665
VC,ACVR1B,0.4381660223007202
Cinnamaldehyde,VEGFA,0.4381655752658844
Dimethyl fumarate,STEAP3,0.4381648004055023
Cinnamic_acid,FOXO4,0.43816402554512024
Cinnamic_acid,LOX,0.4381612241268158
Nobiletin,CAVIN1,0.43816080689430237
Cinnamaldehyde,MMP9,0.43815672397613525
Cinnamaldehyde,NCOA4,0.43815532326698303
Cinnamaldehyde,PRKAA2,0.43815335631370544
Dimethyl fumarate,IL18,0.43815258145332336
Cinnamaldehyde,STAT1,0.43815046548843384
Ferulic acid,SOCS1,0.43814945220947266
Dimethyl fumarate,DDIT3,0.4381493628025055
Danshensu,NLRP3,0.4381456971168518
Dimethyl fumarate,PARP1,0.43814510107040405
Dimethyl fumarate,GOT1,0.4381420314311981
Cinnamaldehyde,BRD4,0.4381410777568817
Cinnamaldehyde,ATR,0.4381401538848877
Ferulic acid,IRF9,0.438139945268631
Dimethyl fumarate,HSP90AA1,0.4381396770477295
Dimethyl fumarate,VDAC3,0.4381380081176758
Dimethyl fumarate,IGFBP3,0.43813344836235046
Danshensu,KDM6B,0.43812867999076843
Dimethyl fumarate,TIMP2,0.4381280541419983
Dimethyl fumarate,CREB1,0.43812766671180725
Cinnamic_acid,E2F2,0.4381268620491028
Dimethyl fumarate,MMP2,0.4381258487701416
Cinnamaldehyde,GPX4,0.4381197988986969
VC,SNCA,0.4381179213523865
Dimethyl fumarate,TERF2,0.4381144940853119
Dimethyl fumarate,BECN1,0.43811431527137756
Danshensu,NOX4,0.4381134808063507
Dimethyl fumarate,SLC39A8,0.4381120204925537
Cinnamaldehyde,ATF2,0.4381103813648224
Dimethyl fumarate,XRCC5,0.43810904026031494
Cinnamic_acid,MYC,0.43810802698135376
Cinnamaldehyde,SIRT6,0.4381079077720642
Dimethyl fumarate,HERC2,0.438105970621109
Dimethyl fumarate,CREBBP,0.43810534477233887
Ferulic acid,SP1,0.43810468912124634
Dimethyl fumarate,GABARAPL1,0.4381033182144165
Cinnamaldehyde,LIG3,0.438103049993515
Dimethyl fumarate,SERPINE1,0.4381016790866852
Danshensu,FOSL1,0.43810150027275085
Dimethyl fumarate,ACSL4,0.43809884786605835
Cinnamaldehyde,VDAC2,0.4380984306335449
Dimethyl fumarate,SESN2,0.4380981922149658
Cinnamaldehyde,TP53,0.4380970001220703
Cinnamic_acid,CBS,0.4380933940410614
Dimethyl fumarate,WRN,0.4380917549133301
Dimethyl fumarate,LIG4,0.4380911588668823
Ferulic acid,BCL6,0.43809014558792114
Hydroxytyrosol,DYRK1A,0.43808695673942566
Cinnamaldehyde,MAPK8,0.4380849003791809
Cinnamaldehyde,HMGA2,0.4380829334259033
Dimethyl fumarate,FANCD2,0.43808236718177795
Cinnamaldehyde,VCAM1,0.43808090686798096
Cinnamaldehyde,MMP12,0.43807440996170044
Dimethyl fumarate,MMP3,0.4380733072757721
Ferulic acid,CXCL10,0.43807294964790344
Dimethyl fumarate,AKT1,0.4380660951137543
Cinnamaldehyde,MDM4,0.43806543946266174
Dimethyl fumarate,FBXL5,0.43806442618370056
Dimethyl fumarate,CCNE1,0.43806272745132446
Cinnamaldehyde,HSPD1,0.4380556643009186
Danshensu,IRF7,0.43805456161499023
Dimethyl fumarate,ATG5,0.4380514323711395
Dimethyl fumarate,BNIP3,0.4380490183830261
Dimethyl fumarate,HBP1,0.43804895877838135
Cinnamaldehyde,SLAMF8,0.4380456805229187
Dimethyl fumarate,CDK2,0.43804097175598145
Cinnamaldehyde,GADD45A,0.4380403757095337
Cinnamaldehyde,PRKDC,0.43803203105926514
Cinnamaldehyde,CD38,0.4380313456058502
Cinnamaldehyde,RAD50,0.4380302131175995
Dimethyl fumarate,PRNP,0.4380289316177368
Ferulic acid,PTGS2,0.4380277395248413
Cinnamaldehyde,CCNB1,0.4380240738391876
Cinnamaldehyde,ATG7,0.4380236268043518
Dimethyl fumarate,FOXO1,0.4380212426185608
Cinnamaldehyde,MAPK3,0.43802115321159363
Dimethyl fumarate,EBF3,0.43801942467689514
Cinnamaldehyde,CHAC1,0.43801558017730713
Cinnamaldehyde,TRIB3,0.4380154311656952
Dimethyl fumarate,CHEK1,0.4380143880844116
Borneol,RGS4,0.43800899386405945
Cinnamaldehyde,ACSL3,0.4380064606666565
Cinnamaldehyde,NFE2L2,0.43800345063209534
Danshensu,MEN1,0.4380033314228058
Dimethyl fumarate,LPIN2,0.43800240755081177
Dimethyl fumarate,PTEN,0.43800175189971924
Cinnamaldehyde,IGFBP5,0.43800097703933716
Cinnamaldehyde,TSC1,0.4380004405975342
Dimethyl fumarate,TFAM,0.4380001723766327
Fer-1,LACTB,0.4379999339580536
Cinnamaldehyde,SNAI1,0.437998503446579
Dimethyl fumarate,SLC40A1,0.437998503446579
Cinnamaldehyde,ALOX5,0.4379977285861969
Ferulic acid,HMOX1,0.43799763917922974
Dimethyl fumarate,BRCA1,0.4379967451095581
Dimethyl fumarate,GCLC,0.43799659609794617
Dimethyl fumarate,CDKN2B,0.43799644708633423
Ferulic acid,IL1B,0.43799594044685364
Cinnamaldehyde,MTOR,0.43799352645874023
Dimethyl fumarate,TERF1,0.43799325823783875
Dimethyl fumarate,EIF2A,0.4379904568195343
Dimethyl fumarate,RBM3,0.43798959255218506
Dimethyl fumarate,PRKAA1,0.4379887282848358
Dimethyl fumarate,JAK2,0.4379880428314209
Cinnamaldehyde,CSE1L,0.43798547983169556
Danshensu,PPP2R2B,0.4379849433898926
Cinnamaldehyde,XRCC1,0.43798473477363586
Cinnamaldehyde,CDO1,0.4379847049713135
Cinnamic_acid,TIMP1,0.4379822909832001
Dimethyl fumarate,MAX,0.43798163533210754
Cinnamaldehyde,JUN,0.4379815459251404
Borneol,DUOX1,0.4379778802394867
Ferulic acid,IFNG,0.43797752261161804
Cinnamaldehyde,GADD45B,0.43797561526298523
Cinnamaldehyde,TERT,0.43797367811203003
Cinnamic_acid,HSPB1,0.43797266483306885
Dimethyl fumarate,RPS6KB1,0.4379696547985077
VC,PADI4,0.43796753883361816
Ferulic acid,MAP3K14,0.43795809149742126
Dimethyl fumarate,EMP1,0.4379552900791168
Danshensu,PDE4B,0.43795475363731384
Dimethyl fumarate,NBN,0.43795183300971985
Dimethyl fumarate,GMFB,0.43795162439346313
Dimethyl fumarate,TGFB1,0.43794918060302734
Cinnamic_acid,MRE11,0.4379482567310333
Fer-1,KLF6,0.43794673681259155
VC,SPATA2,0.437946617603302
Cinnamic_acid,H2AX,0.437945693731308
Cinnamic_acid,MMP1,0.43794432282447815
Cinnamaldehyde,ATF4,0.43794408440589905
Dimethyl fumarate,CCL2,0.4379436671733856
Cinnamic_acid,FTL,0.43794336915016174
Cinnamic_acid,CXCL8,0.43794122338294983
Cinnamic_acid,MAP1LC3A,0.4379383623600006
Dimethyl fumarate,SLC7A11,0.43793827295303345
Dimethyl fumarate,TBX2,0.4379367232322693
Borneol,MDM2,0.43793636560440063
Dimethyl fumarate,SELE,0.4379348158836365
VC,ABCC1,0.43793463706970215
Cinnamic_acid,CRYAB,0.4379330277442932
Ferulic acid,MAPK1,0.43793293833732605
Dimethyl fumarate,ATM,0.4379328787326813
Cinnamaldehyde,PLIN2,0.43793022632598877
Cinnamaldehyde,SLC3A2,0.4379287660121918
Cinnamaldehyde,BLM,0.43792858719825745
Cinnamaldehyde,STAT3,0.43792858719825745
Dimethyl fumarate,CDK6,0.4379276633262634
Cinnamaldehyde,RB1,0.4379262626171112
Borneol,LOX,0.43792402744293213
Cinnamic_acid,ADIPOQ,0.43792274594306946
Ferulic acid,TXNIP,0.43791982531547546
Cinnamaldehyde,XRCC6,0.4379178583621979
Cinnamic_acid,PCNA,0.43791744112968445
Danshensu,SMARCB1,0.4379127621650696
Ferulic acid,YAP1,0.4379115700721741
Cinnamaldehyde,GSS,0.4379112720489502
Cinnamaldehyde,MNT,0.43790656328201294
BCP,LACTB,0.4379059970378876
Dimethyl fumarate,CCNA2,0.43790528178215027
Danshensu,LPCAT3,0.4379051923751831
Dimethyl fumarate,MAP1LC3B,0.4379028379917145
Cinnamaldehyde,CHEK2,0.4379023611545563
Cinnamaldehyde,HDAC3,0.4379017949104309
Cinnamaldehyde,TNF,0.43790051341056824
Cinnamaldehyde,CCND1,0.43789905309677124
Cinnamaldehyde,HSPA5,0.4378986954689026
Cinnamaldehyde,IL1A,0.43789494037628174
Dimethyl fumarate,ICAM1,0.43789419531822205
Cinnamaldehyde,ALOX12,0.43789374828338623
Cinnamic_acid,ABCC2,0.4378935694694519
Cinnamaldehyde,GABARAP,0.437892884016037
Dimethyl fumarate,EIF2AK3,0.43789201974868774
Cinnamic_acid,MMP13,0.4378903806209564
Cinnamic_acid,FABP5,0.43788763880729675
Cinnamaldehyde,IL10,0.4378858506679535
Ferulic acid,IL6,0.43788498640060425
Danshensu,ATF3,0.4378845691680908
Ferulic acid,ALOX15,0.4378819167613983
Cinnamaldehyde,LPIN1,0.4378802180290222
Ferulic acid,TLR4,0.4378783106803894
Dimethyl fumarate,NUAK2,0.4378661811351776
Cinnamaldehyde,EP300,0.43786266446113586
Dimethyl fumarate,TSC2,0.4378626346588135
Cinnamaldehyde,STEAP3,0.43786105513572693
Ferulic acid,S100A8,0.4378601908683777
Dimethyl fumarate,COL3A1,0.437858909368515
Ferulic acid,IGFBP7,0.43785881996154785
Danshensu,WWTR1,0.4378562271595001
Cinnamaldehyde,IL18,0.43784886598587036
Ferulic acid,HMGB1,0.4378478527069092
Cinnamaldehyde,DDIT3,0.4378456771373749
BCP,KLF6,0.43783634901046753
Danshensu,EPHA4,0.43783605098724365
Cinnamic_acid,HMGA1,0.4378359615802765
Cinnamaldehyde,PARP1,0.4378357529640198
Ferulic acid,SOCS2,0.43783360719680786
Ferulic acid,TNFAIP1,0.4378334581851959
Cinnamaldehyde,GOT1,0.43783268332481384
Cinnamaldehyde,VDAC3,0.4378315508365631
Dimethyl fumarate,PNPLA2,0.4378313720226288
Cinnamaldehyde,HSP90AA1,0.4378302991390228
Cinnamaldehyde,IGFBP3,0.4378297030925751
Cinnamaldehyde,CREB1,0.437824010848999
Cinnamaldehyde,TIMP2,0.43782225251197815
Cinnamaldehyde,MMP2,0.4378220736980438
Ferulic acid,KEAP1,0.4378218650817871
Edaravone,DPP4,0.43781957030296326
VC,COX7A1,0.437819242477417
Dimethyl fumarate,FTH1,0.43781641125679016
Dimethyl fumarate,FOS,0.43781185150146484
Cinnamaldehyde,TERF2,0.43781083822250366
Cinnamaldehyde,BECN1,0.43781059980392456
Cinnamaldehyde,XRCC5,0.4378053545951843
Ferulic acid,LIFR,0.43780526518821716
Ferulic acid,TFRC,0.4378035366535187
Cinnamaldehyde,SLC39A8,0.4378027021884918
Cinnamaldehyde,HERC2,0.4378022849559784
VC,SAT1,0.4378020763397217
Cinnamic_acid,COL1A2,0.4378020167350769
Cinnamaldehyde,CREBBP,0.4378015995025635
Danshensu,BRD7,0.437801331281662
Cinnamaldehyde,GABARAPL1,0.4377996325492859
Danshensu,WNT5A,0.437798410654068
Cinnamaldehyde,SERPINE1,0.4377979636192322
Ferulic acid,EPHA2,0.4377945363521576
Borneol,FOXO4,0.43779242038726807
Cinnamaldehyde,ACSL4,0.4377894401550293
Cinnamaldehyde,SESN2,0.43778881430625916
Cinnamaldehyde,LIG4,0.4377874433994293
Ferulic acid,FBXO31,0.4377831518650055
Cinnamaldehyde,WRN,0.4377823770046234
Ferulic acid,SOD1,0.43778231739997864
Cinnamic_acid,TNFRSF1A,0.4377822279930115
Cinnamaldehyde,FANCD2,0.43777868151664734
Cinnamic_acid,COL1A1,0.4377749264240265
Cinnamic_acid,BRCA2,0.4377731382846832
Hydroxytyrosol,CAVIN1,0.43776634335517883
Cinnamaldehyde,MMP3,0.4377639591693878
Cinnamic_acid,PPARGC1A,0.4377627670764923
Cinnamaldehyde,AKT1,0.4377623498439789
Cinnamic_acid,CDKN2A,0.43776214122772217
Cinnamaldehyde,FBXL5,0.43776077032089233
Cinnamic_acid,GCLM,0.4377595782279968
Cinnamaldehyde,CCNE1,0.43775907158851624
Borneol,E2F2,0.437755286693573
Ferulic acid,EDN1,0.43775516748428345
Ferulic acid,PRKD1,0.43775418400764465
Eucalyptol,DPP4,0.4377501606941223
Cinnamaldehyde,BNIP3,0.4377453029155731
Cinnamaldehyde,HBP1,0.4377453029155731
Fer-1,DUOX1,0.43774381279945374
Cinnamaldehyde,ATG5,0.43774211406707764
Dimethyl fumarate,SIRT1,0.43773818016052246
Ferulic acid,MPO,0.43773746490478516
Borneol,MYC,0.437736451625824
Cinnamaldehyde,CDK2,0.4377315938472748
Borneol,CBS,0.4377218186855316
Cinnamaldehyde,PRNP,0.43771955370903015
Cinnamic_acid,FOXO3,0.43771570920944214
Ferulic acid,EGR1,0.43771499395370483
Lip-1,DPP4,0.437712699174881
Cinnamaldehyde,FOXO1,0.4377118647098541
Cinnamic_acid,RELA,0.43771132826805115
Borneol,MRE11,0.43771108984947205
Cinnamaldehyde,CHEK1,0.4377107322216034
Edaravone,NR2F2,0.43771031498908997
Cinnamaldehyde,EBF3,0.4377100467681885
Borneol,H2AX,0.4377084970474243
Cinnamic_acid,LMNB1,0.43770831823349
Borneol,MMP1,0.4377071261405945
Borneol,FTL,0.43770620226860046
Ferulic acid,SMURF2,0.43770551681518555
Borneol,CXCL8,0.43770402669906616
Borneol,MAP1LC3A,0.43770119547843933
Danshensu,E2F3,0.437700092792511
Cinnamic_acid,HDAC2,0.43769779801368713
Cinnamic_acid,MMP10,0.4376964271068573
Borneol,CRYAB,0.43769583106040955
Cinnamaldehyde,LPIN2,0.4376946985721588
Cinnamic_acid,SQSTM1,0.43769359588623047
Cinnamaldehyde,BRCA1,0.4376930594444275
Cinnamaldehyde,PTEN,0.43769240379333496
Fer-1,MDM2,0.4376916289329529
Cinnamaldehyde,TFAM,0.4376908242702484
Cinnamic_acid,HDAC1,0.4376891851425171
Cinnamaldehyde,SLC40A1,0.4376891255378723
Cinnamaldehyde,GCLC,0.4376872479915619
Cinnamaldehyde,CDKN2B,0.43768712878227234
Borneol,ADIPOQ,0.4376855790615082
Cinnamaldehyde,TERF1,0.43768391013145447
Cinnamaldehyde,EIF2A,0.4376811385154724
Cinnamic_acid,CDKN1B,0.43768027424812317
Cinnamaldehyde,RBM3,0.43768027424812317
Cinnamaldehyde,PRKAA1,0.43767935037612915
Cinnamaldehyde,JAK2,0.43767866492271423
Cinnamic_acid,BAP1,0.43767353892326355
Cinnamaldehyde,MAX,0.43767231702804565
Cinnamic_acid,NFKB1,0.43766751885414124
Cinnamic_acid,CD82,0.43766045570373535
Cinnamaldehyde,RPS6KB1,0.4376603662967682
Borneol,HSPB1,0.43765971064567566
Ferulic acid,E2F1,0.4376520812511444
Cinnamic_acid,CDK4,0.4376474618911743
Ferulic acid,MAPK14,0.437646746635437
Cinnamaldehyde,EMP1,0.4376460015773773
Borneol,TIMP1,0.4376439154148102
Ferulic acid,TNFAIP3,0.43764346837997437
Cinnamaldehyde,NBN,0.4376424551010132
Cinnamaldehyde,GMFB,0.43764227628707886
Eucalyptol,NR2F2,0.437640905380249
Cinnamaldehyde,TGFB1,0.43763986229896545
Dimethyl fumarate,RAD51,0.43763935565948486
BCP,DUOX1,0.4376383423805237
Cinnamic_acid,CDKN1A,0.4376383423805237
BCP,RGS4,0.43763458728790283
Cinnamaldehyde,SLC7A11,0.43763458728790283
Cinnamaldehyde,CCL2,0.43763431906700134
Cinnamaldehyde,TBX2,0.43763303756713867
Cinnamic_acid,BNIP3L,0.4376330077648163
Cinnamaldehyde,ATM,0.43762922286987305
Cinnamic_acid,FN1,0.4376278519630432
Cinnamic_acid,STAT1,0.4376278519630432
Cinnamaldehyde,SELE,0.4376254677772522
Cinnamic_acid,VEGFA,0.4376204311847687
Cinnamaldehyde,CDK6,0.43761834502220154
Cinnamic_acid,PRKAA2,0.4376073479652405
Cinnamic_acid,MMP9,0.43760502338409424
Cinnamic_acid,NCOA4,0.43760356307029724
Cinnamaldehyde,CCNA2,0.43760162591934204
Fer-1,LOX,0.4376000761985779
Cinnamaldehyde,MAP1LC3B,0.43759918212890625
Lip-1,NR2F2,0.43759894371032715
BCP,MDM2,0.43759670853614807
Resveratrol,DPP4,0.4375931918621063
Cinnamic_acid,BRD4,0.4375893473625183
Cinnamic_acid,ATR,0.4375884532928467
Cinnamaldehyde,EIF2AK3,0.43758830428123474
Cinnamaldehyde,ICAM1,0.43758487701416016
BCP,LOX,0.43758437037467957
Danshensu,PTBP1,0.4375693202018738
Cinnamic_acid,GPX4,0.4375680387020111
Borneol,PCNA,0.43756359815597534
Cinnamic_acid,HMGA2,0.4375603497028351
Cinnamic_acid,ATF2,0.4375586211681366
Cinnamaldehyde,NUAK2,0.43755799531936646
Cinnamic_acid,SIRT6,0.4375561773777008
Cinnamaldehyde,TSC2,0.4375532567501068
Ferulic acid,NLRP3,0.43755319714546204
Borneol,HMGA1,0.4375525712966919
Cinnamic_acid,MMP12,0.4375517964363098
Cinnamic_acid,LIG3,0.4375513195991516
Cinnamaldehyde,COL3A1,0.4375495910644531
Cinnamic_acid,VDAC2,0.4375467300415039
Cinnamic_acid,TP53,0.4375452995300293
Ferulic acid,NOX4,0.4375368654727936
Cinnamic_acid,MAPK8,0.4375331699848175
Cinnamic_acid,VCAM1,0.43753141164779663
Danshensu,DPEP1,0.437526136636734
Ferulic acid,KDM6B,0.437523752450943
Cinnamaldehyde,PNPLA2,0.4375220239162445
Borneol,ABCC2,0.43752196431159973
Fer-1,RGS4,0.437518835067749
Borneol,MMP13,0.43751874566078186
Borneol,FABP5,0.43751609325408936
Cinnamic_acid,MDM4,0.43751370906829834
Borneol,GCLM,0.4375135004520416
Cinnamaldehyde,FTH1,0.43750709295272827
VC,DYRK1A,0.4375065863132477
Cinnamic_acid,HSPD1,0.43750396370887756
Cinnamaldehyde,FOS,0.43750250339508057
Ferulic acid,FOSL1,0.4375024139881134
Cinnamic_acid,SLAMF8,0.4374946355819702
Danshensu,ICA1,0.43749335408210754
Cinnamic_acid,CHAC1,0.4374929964542389
Fer-1,MRE11,0.43749290704727173
Fer-1,H2AX,0.4374902546405792
Fer-1,MMP1,0.43748894333839417
Cinnamic_acid,GADD45A,0.4374886155128479
Fer-1,FTL,0.43748798966407776
Fer-1,CXCL8,0.43748584389686584
Cinnamic_acid,PRKDC,0.43748030066490173
Cinnamic_acid,CD38,0.4374796748161316
Cinnamic_acid,RAD50,0.43747854232788086
Fer-1,CRYAB,0.43747761845588684
Cinnamic_acid,CCNB1,0.4374723732471466
Cinnamic_acid,ATG7,0.4374719262123108
Tangeretin,DPP4,0.4374709129333496
Cinnamic_acid,MAPK3,0.43746939301490784
Danshensu,SNCA,0.4374691843986511
Fer-1,ADIPOQ,0.4374673664569855
Cinnamic_acid,TRIB3,0.43746376037597656
Borneol,TNFRSF1A,0.4374636113643646
Cinnamic_acid,CDO1,0.4374621510505676
Ferulic acid,IRF7,0.43746086955070496
Borneol,MMP10,0.43745923042297363
Fer-1,MAP1LC3A,0.4374561309814453
Cinnamic_acid,ACSL3,0.4374547600746155
Cinnamic_acid,NFE2L2,0.4374517500400543
Cinnamic_acid,IGFBP5,0.43744927644729614
Cinnamic_acid,TSC1,0.43744874000549316
Cinnamic_acid,SNAI1,0.43744683265686035
Cinnamic_acid,ALOX5,0.4374459981918335
BCP,FOXO4,0.4374452829360962
Resveratrol,NR2F2,0.4374445378780365
Cinnamic_acid,MTOR,0.43744179606437683
Borneol,BAP1,0.43743643164634705
Cinnamic_acid,CSE1L,0.43743377923965454
Cinnamic_acid,XRCC1,0.43743303418159485
Borneol,COL1A2,0.4374304413795471
Cinnamic_acid,JUN,0.43742984533309937
Cinnamaldehyde,SIRT1,0.43742886185646057
Fer-1,FOXO4,0.43742647767066956
Danshensu,MCU,0.4374257028102875
Cinnamic_acid,GADD45B,0.4374239146709442
Borneol,CD82,0.4374232888221741
Cinnamic_acid,TERT,0.4374219477176666
Plumbagin,SLC1A5,0.43741461634635925
Danshensu,ERN1,0.43741151690483093
Danshensu,HERPUD1,0.4374081492424011
Borneol,RELA,0.4374077618122101
Borneol,COL1A1,0.4374033808708191
Fer-1,E2F2,0.43740183115005493
Borneol,BRCA2,0.43740156292915344
BCP,E2F2,0.43739911913871765
Ferulic acid,MEN1,0.43739691376686096
Borneol,BNIP3L,0.4373937249183655
BCP,MYC,0.4373936355113983
Cinnamic_acid,ATF4,0.4373924434185028
Borneol,PPARGC1A,0.4373912513256073
Borneol,STAT1,0.4373907148838043
Borneol,CDKN2A,0.43739053606987
Tyrosol,DPP4,0.4373892545700073
Borneol,VEGFA,0.4373832643032074
Ferulic acid,PPP2R2B,0.43738240003585815
Borneol,HDAC1,0.437381774187088
Cinnamic_acid,PLIN2,0.43737852573394775
Cinnamic_acid,TNF,0.4373779892921448
Borneol,NFKB1,0.43737754225730896
Cinnamic_acid,SLC3A2,0.43737712502479553
Cinnamic_acid,STAT3,0.4373769462108612
Danshensu,PADI4,0.43737685680389404
Cinnamic_acid,BLM,0.43737685680389404
BCP,CBS,0.43737557530403137
Borneol,FOXO3,0.4373748302459717
Cinnamic_acid,RB1,0.4373745620250702
Cinnamic_acid,IL1A,0.4373723864555359
BCP,MRE11,0.43737155199050903
Edaravone,LACTB,0.4373713731765747
Cinnamic_acid,ALOX12,0.4373711943626404
Borneol,PRKAA2,0.4373701810836792
Fer-1,MYC,0.4373696446418762
BCP,H2AX,0.43736889958381653
BCP,MMP1,0.43736758828163147
Borneol,HDAC2,0.43736666440963745
BCP,FTL,0.43736663460731506
Cinnamic_acid,XRCC6,0.43736618757247925
Borneol,SQSTM1,0.43736493587493896
BCP,CXCL8,0.4373644292354584
Borneol,LMNB1,0.43736353516578674
BCP,MAP1LC3A,0.43736162781715393
Cinnamic_acid,IL10,0.43736106157302856
Cinnamic_acid,GSS,0.43735960125923157
Borneol,CDK4,0.437358558177948
BCP,CRYAB,0.43735626339912415
Cinnamic_acid,MNT,0.4373548626899719
Borneol,CDKN1B,0.43735185265541077
Cinnamic_acid,LPIN1,0.43735089898109436
Cinnamic_acid,CHEK2,0.43735066056251526
Cinnamic_acid,HDAC3,0.4373501241207123
Fer-1,CBS,0.43734756112098694
Cinnamic_acid,CCND1,0.4373473823070526
Cinnamic_acid,HSPA5,0.43734702467918396
BCP,ADIPOQ,0.4373459815979004
Magnolol,DPP4,0.43734538555145264
Ferulic acid,LPCAT3,0.43734490871429443
Cinnamic_acid,GABARAP,0.43734124302864075
Borneol,CDKN1A,0.437339723110199
Fer-1,HSPB1,0.43733763694763184
Cinnamaldehyde,RAD51,0.43733569979667664
Ferulic acid,PDE4B,0.4373330771923065
Borneol,MMP9,0.43732941150665283
Borneol,HMGA2,0.4373232126235962
Fer-1,TIMP1,0.4373224079608917
Tangeretin,NR2F2,0.43732231855392456
Phloretin,CAVIN1,0.43732061982154846
BCP,HSPB1,0.43732011318206787
Borneol,MMP12,0.4373146593570709
Cinnamic_acid,PARP1,0.4373131990432739
Danshensu,ACVR1B,0.4373118281364441
Cinnamic_acid,EP300,0.43731099367141724
Cinnamic_acid,GOT1,0.437310129404068
Hydroxytyrosol,SETD7,0.43730980157852173
Ferulic acid,SMARCB1,0.43730971217155457
Cinnamic_acid,STEAP3,0.4373094439506531
Cinnamic_acid,HSP90AA1,0.437307745218277
Cinnamic_acid,VDAC3,0.43730616569519043
BCP,TIMP1,0.4373043477535248
Phloretin,SETD7,0.4373042583465576
Eucalyptol,LACTB,0.43730202317237854
Edaravone,KLF6,0.43730178475379944
Cinnamic_acid,IL18,0.43729713559150696
Cinnamic_acid,TIMP2,0.43729618191719055
Borneol,VCAM1,0.4372943043708801
Cinnamic_acid,DDIT3,0.43729403614997864
Ferulic acid,ATF3,0.437286376953125
Ferulic acid,EPHA4,0.43728265166282654
Cinnamic_acid,SLC39A8,0.43728017807006836
Tyrosol,NR2F2,0.4372800886631012
Cinnamic_acid,IGFBP3,0.4372780919075012
Cinnamic_acid,TERF2,0.43727579712867737
Lip-1,LACTB,0.43727442622184753
Borneol,GPX4,0.4372726082801819
Cinnamic_acid,CREB1,0.4372723400592804
Cinnamic_acid,MMP2,0.43727046251296997
Borneol,ATR,0.437269926071167
Cinnamic_acid,BECN1,0.43726858496665955
Cinnamic_acid,ACSL4,0.4372669458389282
Cinnamic_acid,SESN2,0.4372663199901581
Cinnamic_acid,WRN,0.43725985288619995
Borneol,TP53,0.43725985288619995
Borneol,NCOA4,0.4372592568397522
Borneol,SLAMF8,0.43725746870040894
Borneol,MDM4,0.4372568428516388
Borneol,FN1,0.4372563660144806
Borneol,CHAC1,0.4372558295726776
Cinnamic_acid,XRCC5,0.4372553825378418
Ferulic acid,WWTR1,0.4372517168521881
Cinnamic_acid,HERC2,0.43725064396858215
Cinnamic_acid,CREBBP,0.4372499883174896
Cinnamic_acid,GABARAPL1,0.43724945187568665
Cinnamic_acid,SERPINE1,0.43724629282951355
Fer-1,HMGA1,0.43724557757377625
Honokiol,DPP4,0.43724343180656433
Fer-1,GCLM,0.43724292516708374
Cinnamic_acid,LIG4,0.4372417628765106
Cinnamic_acid,MMP3,0.43724143505096436
Fer-1,PCNA,0.43723273277282715
Eucalyptol,KLF6,0.4372324049472809
Borneol,BRD4,0.4372323453426361
Borneol,ATF2,0.4372301399707794
Fer-1,MMP10,0.4372282028198242
Cinnamic_acid,FANCD2,0.4372270405292511
Borneol,CDO1,0.43722501397132874
BCP,PCNA,0.43722406029701233
Lip-1,KLF6,0.4372212886810303
Borneol,VDAC2,0.43721967935562134
Cinnamic_acid,ATG5,0.4372195601463318
Fer-1,BAP1,0.43721818923950195
Cinnamic_acid,AKT1,0.4372156858444214
Borneol,LIG3,0.4372142553329468
BCP,HMGA1,0.4372130036354065
Cinnamic_acid,FBXL5,0.4372105598449707
Cinnamic_acid,CDK2,0.4372091293334961
Cinnamic_acid,HBP1,0.4372086226940155
Cinnamic_acid,CCNE1,0.43720743060112
Cinnamic_acid,BNIP3,0.4372040629386902
Borneol,ACSL3,0.4372037947177887
Borneol,SIRT6,0.4372009038925171
Borneol,HSPD1,0.4372008740901947
Ferulic acid,BRD7,0.4372006952762604
Cinnamic_acid,PRNP,0.4371970295906067
Magnolol,NR2F2,0.43719667196273804
Borneol,NFE2L2,0.4371959865093231
Borneol,SNAI1,0.437195360660553
Borneol,CD38,0.43719175457954407
Borneol,ATG7,0.4371914863586426
Cinnamic_acid,FOXO1,0.43718937039375305
Cinnamic_acid,EBF3,0.4371875524520874
Borneol,MAPK3,0.43718650937080383
VC,CAVIN1,0.4371860921382904
Borneol,XRCC1,0.437186062335968
Ferulic acid,WNT5A,0.4371859133243561
Danshensu,SPATA2,0.4371817409992218
Borneol,JUN,0.4371805787086487
Borneol,GADD45B,0.4371776282787323
Borneol,PRKDC,0.4371770918369293
BCP,GCLM,0.437173992395401
Borneol,TSC1,0.4371733069419861
Cinnamic_acid,CHEK1,0.4371733069419861
Borneol,ALOX5,0.437173068523407
Cinnamic_acid,LPIN2,0.43717050552368164
Cinnamic_acid,PTEN,0.4371698796749115
Borneol,MAPK8,0.43716961145401
Cinnamic_acid,TFAM,0.43716832995414734
Borneol,GADD45A,0.4371669590473175
Cinnamic_acid,SLC40A1,0.437166690826416
Cinnamic_acid,GCLC,0.4371647834777832
Cinnamic_acid,CDKN2B,0.4371646046638489
Fer-1,STAT1,0.43716341257095337
Cinnamic_acid,TERF1,0.4371614158153534
Cinnamic_acid,EIF2A,0.43715861439704895
Cinnamic_acid,RBM3,0.4371577501296997
Cinnamic_acid,PRKAA1,0.4371568560600281
Cinnamic_acid,JAK2,0.43715617060661316
BCP,FABP5,0.4371547996997833
BCP,MMP13,0.4371519386768341
Cinnamic_acid,MAX,0.4371498227119446
BCP,ABCC2,0.43714892864227295
Fer-1,FABP5,0.4371469020843506
Cinnamic_acid,BRCA1,0.4371453523635864
Borneol,TNF,0.43714091181755066
Borneol,MTOR,0.43714025616645813
Borneol,RAD50,0.43713971972465515
Fer-1,MMP13,0.4371388852596283
Cinnamic_acid,RPS6KB1,0.43713781237602234
Borneol,TRIB3,0.437137246131897
Borneol,TERT,0.4371368885040283
Fer-1,ABCC2,0.4371354281902313
Borneol,IL1A,0.437135249376297
Borneol,ALOX12,0.4371340572834015
Borneol,CCNB1,0.437129408121109
BCP,TNFRSF1A,0.437124103307724
Borneol,IL10,0.43712395429611206
Cinnamic_acid,EMP1,0.43712350726127625
Borneol,XRCC6,0.43712231516838074
Fer-1,TNFRSF1A,0.4371212124824524
Borneol,RB1,0.43712112307548523
Cinnamic_acid,NBN,0.4371199309825897
BCP,MMP10,0.4371197521686554
Cinnamic_acid,GMFB,0.4371197521686554
Cinnamic_acid,TGFB1,0.437117338180542
Borneol,IGFBP5,0.43711602687835693
Borneol,MNT,0.43711578845977783
Fer-1,VEGFA,0.43711456656455994
Borneol,BLM,0.4371141195297241
Borneol,LPIN1,0.43711376190185547
Borneol,ATF4,0.4371127486228943
Borneol,SLC3A2,0.43711256980895996
Cinnamic_acid,CCL2,0.43711182475090027
Ferulic acid,E2F3,0.43710729479789734
Borneol,CSE1L,0.43710678815841675
Borneol,STAT3,0.4371047616004944
Cinnamic_acid,SLC7A11,0.43710455298423767
Edaravone,DUOX1,0.4371037781238556
Fer-1,PRKAA2,0.437103271484375
Cinnamic_acid,SELE,0.4371030032634735
Borneol,GABARAP,0.43710246682167053
Danshensu,ABCC1,0.4371016323566437
BCP,BAP1,0.43709689378738403
Cinnamic_acid,CDK6,0.43709588050842285
Honokiol,NR2F2,0.4370948076248169
Borneol,PLIN2,0.43709251284599304
Melatonin,SLC1A5,0.43709078431129456
Fer-1,MMP12,0.4370894134044647
Fer-1,CD82,0.4370887279510498
Cinnamic_acid,TBX2,0.4370879530906677
Fer-1,HMGA2,0.4370865225791931
Fer-1,COL1A2,0.43708524107933044
Cinnamic_acid,ATM,0.4370850920677185
BCP,CD82,0.43708378076553345
Fer-1,COL1A1,0.4370805025100708
Fer-1,BRCA2,0.4370790421962738
Borneol,PARP1,0.4370760917663574
Fer-1,BNIP3L,0.4370744824409485
Borneol,GOT1,0.4370730221271515
Borneol,HSP90AA1,0.43707066774368286
Fer-1,RELA,0.43706902861595154
Borneol,VDAC3,0.43706902861595154
BCP,RELA,0.43706825375556946
Cinnamic_acid,ICAM1,0.4370623826980591
Edaravone,MDM2,0.43706217408180237
Cinnamic_acid,MAP1LC3B,0.43706128001213074
Borneol,TIMP2,0.43705904483795166
BCP,COL1A2,0.43705618381500244
Cinnamic_acid,EIF2AK3,0.43705591559410095
BCP,BNIP3L,0.43705421686172485
Fer-1,NFKB1,0.43705418705940247
Fer-1,HDAC1,0.4370537996292114
Borneol,IL18,0.4370519518852234
BCP,STAT1,0.4370511770248413
Cinnamic_acid,CCNA2,0.4370500147342682
Edaravone,LOX,0.43704989552497864
Borneol,CHEK2,0.4370478093624115
Borneol,HDAC3,0.4370468854904175
Borneol,CCND1,0.4370456039905548
BCP,COL1A1,0.4370454251766205
BCP,BRCA2,0.4370439648628235
BCP,VEGFA,0.43704378604888916
Borneol,SLC39A8,0.43704307079315186
BCP,HDAC1,0.437042236328125
Borneol,HSPA5,0.43704214692115784
Borneol,DDIT3,0.4370415508747101
Borneol,GSS,0.43704092502593994
Borneol,TERF2,0.4370386302471161
Danshensu,SAT1,0.4370383620262146
BCP,NFKB1,0.43703800439834595
Fer-1,CDK4,0.43703603744506836
BCP,FOXO3,0.43703532218933105
Eucalyptol,DUOX1,0.43703439831733704
Cinnamic_acid,NUAK2,0.43703439831733704
Borneol,STEAP3,0.4370340406894684
Fer-1,HDAC2,0.43703290820121765
Borneol,IGFBP3,0.4370315968990326
Borneol,BECN1,0.43703150749206543
Cinnamic_acid,TSC2,0.4370308518409729
BCP,PRKAA2,0.4370306730270386
Borneol,ACSL4,0.4370298683643341
Fer-1,SQSTM1,0.4370292127132416
Borneol,SESN2,0.4370292127132416
Borneol,EP300,0.4370291233062744
BCP,HDAC2,0.4370271563529968
Cinnamic_acid,COL3A1,0.43702712655067444
Fer-1,CHAC1,0.4370257556438446
BCP,SQSTM1,0.43702539801597595
BCP,LMNB1,0.4370240271091461
BCP,CDKN2A,0.4370238482952118
Plumbagin,CD74,0.4370236098766327
Borneol,WRN,0.43702274560928345
Fer-1,FOXO3,0.4370199143886566
BCP,CDK4,0.437019020318985
Fer-1,CDKN2A,0.43701857328414917
Lip-1,DUOX1,0.43701836466789246
Borneol,XRCC5,0.4370182752609253
Fer-1,PPARGC1A,0.4370177388191223
BCP,PPARGC1A,0.43701696395874023
Edaravone,RGS4,0.43701499700546265
BCP,CDKN1B,0.43701231479644775
Borneol,GABARAPL1,0.43701231479644775
Borneol,CREB1,0.43701171875
Fer-1,VCAM1,0.437011182308197
Borneol,MMP2,0.4370105564594269
Fer-1,LMNB1,0.43701037764549255
Borneol,CREBBP,0.43700864911079407
Fer-1,MMP9,0.4370076656341553
Borneol,LIG4,0.43700462579727173
Borneol,MMP3,0.43700435757637024
BCP,CDKN1A,0.43700024485588074
Fer-1,CDKN1A,0.43699994683265686
Fer-1,CDKN1B,0.4369998872280121
Cinnamic_acid,PNPLA2,0.4369995892047882
Borneol,HERC2,0.43699926137924194
Borneol,SERPINE1,0.43699926137924194
Eucalyptol,MDM2,0.4369928240776062
BCP,MMP9,0.4369898736476898
Curcumin,SLC1A5,0.43698588013648987
Borneol,FANCD2,0.43698495626449585
Cinnamic_acid,FTH1,0.4369846284389496
BCP,HMGA2,0.4369836747646332
Borneol,ATG5,0.43698251247406006
Eucalyptol,LOX,0.4369804859161377
Cinnamic_acid,FOS,0.4369800388813019
Borneol,AKT1,0.4369785785675049
Eucalyptol,RGS4,0.4369785785675049
BCP,MMP12,0.4369751811027527
Fer-1,CDO1,0.43697383999824524
Borneol,FBXL5,0.4369734823703766
Borneol,CDK2,0.4369720220565796
Borneol,HBP1,0.4369714856147766
Fer-1,SLAMF8,0.43697139620780945
Borneol,BNIP3,0.4369669258594513
Borneol,CCNE1,0.4369662404060364
Lip-1,MDM2,0.4369662404060364
Borneol,PRNP,0.4369599521160126
Resveratrol,LACTB,0.43695709109306335
Ferulic acid,PTBP1,0.43695569038391113
BCP,VCAM1,0.4369548261165619
Ferulic acid,DPEP1,0.4369543790817261
Borneol,FOXO1,0.43695226311683655
Fer-1,GPX4,0.43695101141929626
Borneol,EBF3,0.4369504451751709
Fer-1,TP53,0.43694937229156494
Fer-1,ATR,0.43694543838500977
Fer-1,MDM4,0.43694454431533813
Tyrosol,LACTB,0.4369412064552307
Fer-1,ACSL3,0.43693771958351135
Fer-1,NCOA4,0.4369364380836487
Borneol,CHEK1,0.4369361996650696
Borneol,LPIN2,0.4369334280490875
BCP,GPX4,0.43693310022354126
Borneol,PTEN,0.4369328022003174
Danshensu,COX7A1,0.4369317591190338
Borneol,TFAM,0.4369312524795532
BCP,ATR,0.43693041801452637
Borneol,SLC40A1,0.4369295537471771
Fer-1,SNAI1,0.4369291365146637
Borneol,GCLC,0.4369276463985443
Borneol,CDKN2B,0.4369274973869324
Borneol,TERF1,0.4369242787361145
Fer-1,ATF2,0.43692177534103394
Borneol,EIF2A,0.43692153692245483
Borneol,RBM3,0.4369206726551056
BCP,TP53,0.4369204044342041
Borneol,PRKAA1,0.43691977858543396
BCP,NCOA4,0.43691977858543396
Borneol,JAK2,0.43691903352737427
BCP,SLAMF8,0.4369179606437683
BCP,MDM4,0.4369173049926758
BCP,CHAC1,0.4369163513183594
Fer-1,ALOX12,0.43691590428352356
Ferulic acid,ICA1,0.43691307306289673
Borneol,MAX,0.43691277503967285
Edaravone,FOXO4,0.4369107484817505
Fer-1,BRD4,0.43690916895866394
Borneol,BRCA1,0.4369083046913147
Fer-1,TNF,0.43690750002861023
Fer-1,FN1,0.43690651655197144
Cinnamic_acid,SIRT1,0.4369064271450043
Ferulic acid,SNCA,0.43690258264541626
BCP,FN1,0.43690165877342224
Borneol,RPS6KB1,0.4369007647037506
Fer-1,HSPD1,0.43689900636672974
Fer-1,LIG3,0.4368975758552551
Fer-1,IL1A,0.43689674139022827
Fer-1,NFE2L2,0.4368964731693268
Fer-1,VDAC2,0.4368954300880432
Fer-1,JUN,0.436893105506897
BCP,BRD4,0.4368928372859955
Fer-1,CD38,0.4368915259838104
BCP,ATF2,0.4368906617164612
Fer-1,GADD45B,0.43689024448394775
Borneol,EMP1,0.43688637018203735
Fer-1,XRCC1,0.43688637018203735
BCP,CDO1,0.4368855059146881
Fer-1,ATG7,0.4368845820426941
Borneol,NBN,0.4368829131126404
Fer-1,MAPK3,0.4368828237056732
Borneol,GMFB,0.4368826746940613
Borneol,TGFB1,0.4368802607059479
BCP,VDAC2,0.4368801712989807
Fer-1,TSC1,0.4368799924850464
Fer-1,SIRT6,0.43687546253204346
BCP,LIG3,0.43687471747398376
Borneol,CCL2,0.43687471747398376
Lip-1,LOX,0.43687471747398376
Tyrosol,KLF6,0.43687161803245544
Borneol,SLC7A11,0.43686744570732117
Fer-1,PRKDC,0.4368673861026764
Fer-1,ALOX5,0.43686676025390625
Fer-1,IL10,0.43686607480049133
Borneol,SELE,0.436865895986557
Edaravone,E2F2,0.4368647038936615
BCP,ACSL3,0.43686434626579285
BCP,SIRT6,0.43686142563819885
BCP,HSPD1,0.4368613362312317
Edaravone,MYC,0.4368591606616974
Borneol,CDK6,0.43685880303382874
BCP,NFE2L2,0.4368565082550049
BCP,SNAI1,0.43685588240623474
BCP,CD38,0.43685224652290344
BCP,ATG7,0.4368520677089691
Fer-1,GADD45A,0.43685096502304077
Borneol,TBX2,0.4368508756160736
Fer-1,MAPK8,0.4368489682674408
Fer-1,TERT,0.4368480443954468
Borneol,ATM,0.4368480145931244
BCP,MAPK3,0.436847060918808
BCP,XRCC1,0.43684661388397217
Ferulic acid,MCU,0.4368448257446289
Fer-1,LPIN1,0.43684354424476624
Tangeretin,LACTB,0.4368426501750946
Eucalyptol,FOXO4,0.4368414282798767
BCP,JUN,0.43684110045433044
Edaravone,CBS,0.43684110045433044
Fer-1,XRCC6,0.4368385076522827
BCP,GADD45B,0.43683817982673645
BCP,PRKDC,0.4368375837802887
Fer-1,MTOR,0.4368373155593872
Edaravone,MRE11,0.4368370473384857
Fer-1,BLM,0.4368351399898529
Edaravone,H2AX,0.4368344843387604
Fer-1,MNT,0.43683430552482605
BCP,TSC1,0.43683382868766785
BCP,ALOX5,0.43683359026908875
Edaravone,MMP1,0.43683314323425293
Edaravone,FTL,0.43683212995529175
Ferulic acid,ERN1,0.43683040142059326
BCP,MAPK8,0.4368301331996918
Edaravone,CXCL8,0.4368300437927246
Lip-1,MRE11,0.4368290305137634
Fer-1,RB1,0.43682822585105896
BCP,GADD45A,0.43682748079299927
Edaravone,MAP1LC3A,0.4368271827697754
Lip-1,H2AX,0.43682676553726196
Lip-1,MMP1,0.43682584166526794
Ferulic acid,HERPUD1,0.43682557344436646
Borneol,ICAM1,0.43682530522346497
Fer-1,TRIB3,0.4368242621421814
Borneol,MAP1LC3B,0.4368242025375366
Lip-1,FTL,0.43682411313056946
Fer-1,GABARAP,0.43682363629341125
Ferulic acid,PADI4,0.4368235766887665
Fer-1,SLC39A8,0.43682295083999634
Lip-1,CXCL8,0.4368228018283844
Edaravone,CRYAB,0.436821848154068
Fer-1,RAD50,0.436821311712265
Fer-1,ATF4,0.4368191063404083
Borneol,EIF2AK3,0.43681883811950684
Fer-1,SLC3A2,0.4368179440498352
Lip-1,CRYAB,0.4368168115615845
Fer-1,CCNB1,0.43681442737579346
Fer-1,STAT3,0.43681374192237854
Fer-1,GOT1,0.43681371212005615
Fer-1,PARP1,0.4368126094341278
Edaravone,ADIPOQ,0.43681153655052185
Fer-1,SESN2,0.43681102991104126
Fer-1,HSP90AA1,0.43680912256240845
Fer-1,IGFBP5,0.43680810928344727
Plumbagin,LGMN,0.43680673837661743
Lip-1,ADIPOQ,0.4368062913417816
Fer-1,WRN,0.43680456280708313
Fer-1,VDAC3,0.43680405616760254
BCP,TNF,0.43680137395858765
BCP,MTOR,0.43680083751678467
BCP,RAD50,0.43680018186569214
BCP,TRIB3,0.4367977976799011
Fer-1,CSE1L,0.43679773807525635
BCP,TERT,0.4367973804473877
Borneol,NUAK2,0.43679729104042053
Fer-1,PLIN2,0.43679702281951904
BCP,IL1A,0.43679574131965637
Borneol,CCNA2,0.43679556250572205
Eucalyptol,E2F2,0.43679529428482056
BCP,ALOX12,0.43679454922676086
Borneol,TSC2,0.4367937445640564
Fer-1,TIMP2,0.43679365515708923
Borneol,COL3A1,0.4367900490760803
BCP,CCNB1,0.43679001927375793
Eucalyptol,MYC,0.4367898106575012
Edaravone,HSPB1,0.4367857277393341
BCP,IL10,0.43678444623947144
Cinnamic_acid,RAD51,0.43678417801856995
Resveratrol,KLF6,0.4367840886116028
BCP,XRCC6,0.43678292632102966
BCP,RB1,0.436781644821167
Lip-1,RGS4,0.43678009510040283
BCP,IGFBP5,0.4367765486240387
BCP,MNT,0.43677636981010437
Fer-1,MMP3,0.43677571415901184
Fer-1,IL18,0.43677571415901184
BCP,BLM,0.4367746412754059
BCP,LPIN1,0.43677428364753723
BCP,ATF4,0.43677330017089844
BCP,SLC3A2,0.4367731213569641
Eucalyptol,CBS,0.4367717206478119
Plumbagin,CTSB,0.43677061796188354
Edaravone,TIMP1,0.43676990270614624
Fer-1,TERF2,0.43676844239234924
Eucalyptol,MRE11,0.43676772713661194
BCP,CSE1L,0.4367673695087433
BCP,STAT3,0.43676525354385376
Eucalyptol,H2AX,0.43676507472991943
Eucalyptol,MMP1,0.4367637634277344
Fer-1,ACSL4,0.4367634356021881
BCP,GABARAP,0.4367629885673523
Eucalyptol,FTL,0.43676280975341797
Borneol,PNPLA2,0.4367624819278717
Fer-1,CHEK2,0.43676209449768066
Fer-1,HDAC3,0.4367610812187195
Eucalyptol,CXCL8,0.43676063418388367
Eucalyptol,MAP1LC3A,0.43675780296325684
Fer-1,BECN1,0.43675607442855835
Fer-1,DDIT3,0.43675345182418823
BCP,PLIN2,0.4367530345916748
Eucalyptol,CRYAB,0.43675243854522705
Fer-1,GSS,0.4367482662200928
Borneol,FTH1,0.43674758076667786
Fer-1,STEAP3,0.436746746301651
Fer-1,CCND1,0.43674662709236145
Fer-1,IGFBP3,0.43674615025520325
Fer-1,XRCC5,0.43674421310424805
Borneol,FOS,0.43674299120903015
Fer-1,HSPA5,0.4367426037788391
Eucalyptol,ADIPOQ,0.4367421567440033
Fer-1,EP300,0.4367404282093048
Fer-1,GABARAPL1,0.4367375671863556
BCP,PARP1,0.4367366135120392
Fer-1,CDK2,0.4367361068725586
Fer-1,CREBBP,0.43673428893089294
BCP,GOT1,0.43673357367515564
Fer-1,EBF3,0.43673235177993774
Ferulic acid,ACVR1B,0.43673175573349
Fer-1,MMP2,0.4367314279079437
BCP,HSP90AA1,0.43673115968704224
Lip-1,MAP1LC3A,0.4367308020591736
Fer-1,LIG4,0.4367303252220154
VC,SETD7,0.43672969937324524
BCP,VDAC3,0.4367295205593109
Fer-1,CREB1,0.4367290735244751
Fer-1,SERPINE1,0.4367249608039856
Danshensu,DYRK1A,0.4367215931415558
Fer-1,ATG5,0.43671974539756775
Fer-1,PRNP,0.436719685792923
BCP,TIMP2,0.4367195963859558
Eucalyptol,HSPB1,0.43671631813049316
Fer-1,HERC2,0.43671536445617676
BCP,IL18,0.43671250343322754
Fer-1,AKT1,0.4367099702358246
Magnolol,LACTB,0.43670931458473206
Fer-1,FOXO1,0.4367089569568634
BCP,CHEK2,0.43670833110809326
Fer-1,FANCD2,0.4367079734802246
BCP,HDAC3,0.43670740723609924
BCP,CCND1,0.43670615553855896
Fer-1,HBP1,0.43670496344566345
BCP,SLC39A8,0.4367035925388336
Fer-1,CCNE1,0.436703085899353
Fer-1,FBXL5,0.43670278787612915
BCP,HSPA5,0.436702698469162
BCP,DDIT3,0.43670210242271423
BCP,GSS,0.4367014169692993
Fer-1,TFAM,0.436701238155365
Lip-1,FOXO4,0.4367011487483978
Eucalyptol,TIMP1,0.4367005527019501
Melatonin,CD74,0.43669986724853516
Fer-1,BNIP3,0.4366995096206665
BCP,TERF2,0.43669918179512024
Fer-1,RBM3,0.43669915199279785
BCP,STEAP3,0.43669459223747253
Plumbagin,NR1D1,0.4366932809352875
BCP,IGFBP3,0.43669208884239197
BCP,BECN1,0.4366920590400696
BCP,ACSL4,0.4366903305053711
BCP,SESN2,0.4366897642612457
BCP,EP300,0.43668967485427856
Edaravone,PCNA,0.4366896450519562
BCP,WRN,0.4366832673549652
Fer-1,JAK2,0.43668195605278015
Fer-1,CDKN2B,0.4366818070411682
Fer-1,PTEN,0.43668150901794434
Fer-1,SLC40A1,0.4366810619831085
Fer-1,PRKAA1,0.43667954206466675
BCP,XRCC5,0.43667885661125183
Edaravone,HMGA1,0.43667858839035034
Fer-1,LPIN2,0.4366772174835205
Fer-1,TERF1,0.436676949262619
Lip-1,E2F2,0.4366765022277832
Fer-1,GCLC,0.4366755485534668
Fer-1,MAX,0.4366753101348877
Fer-1,CHEK1,0.4366741478443146
Tyrosol,DUOX1,0.43667367100715637
BCP,GABARAPL1,0.4366728663444519
BCP,CREB1,0.43667224049568176
BCP,MMP2,0.4366711378097534
Borneol,SIRT1,0.43666934967041016
BCP,CREBBP,0.43666917085647583
Fer-1,EIF2A,0.4366682767868042
Plumbagin,LCN2,0.43666648864746094
BCP,LIG4,0.4366651773452759
BCP,MMP3,0.4366649091243744
Tyrosol,RGS4,0.4366636276245117
Fer-1,TGFB1,0.43666213750839233
Tangeretin,KLF6,0.43666189908981323
BCP,SERPINE1,0.4366597831249237
BCP,HERC2,0.4366597831249237
Fer-1,RPS6KB1,0.43665918707847595
Fer-1,EMP1,0.4366510510444641
Fer-1,BRCA1,0.4366494417190552
Resveratrol,RGS4,0.43664854764938354
Fer-1,NBN,0.43664786219596863
BCP,FANCD2,0.4366455078125
Lip-1,MYC,0.4366443157196045
BCP,ATG5,0.4366430342197418
Edaravone,GCLM,0.43663957715034485
Fer-1,GMFB,0.4366393983364105
BCP,AKT1,0.43663913011550903
BCP,FBXL5,0.43663403391838074
Fer-1,CCL2,0.43663305044174194
BCP,CDK2,0.43663260340690613
Tyrosol,MDM2,0.4366321265697479
BCP,HBP1,0.43663203716278076
BCP,BNIP3,0.43662750720977783
BCP,CCNE1,0.43662676215171814
Lip-1,CBS,0.4366223216056824
Fer-1,SELE,0.4366210103034973
BCP,PRNP,0.4366205036640167
Edaravone,FABP5,0.43662041425704956
Eucalyptol,PCNA,0.4366202652454376
Tyrosol,LOX,0.43661975860595703
Idebenone,DPP4,0.4366186857223511
Edaravone,MMP13,0.43661749362945557
Plumbagin,HIF1A,0.4366174042224884
Ferulic acid,SPATA2,0.43661507964134216
Edaravone,ABCC2,0.4366145431995392
Plumbagin,IRF1,0.4366145133972168
Fer-1,SLC7A11,0.4366137683391571
Fer-1,CDK6,0.4366135895252228
BCP,FOXO1,0.4366128742694855
Lip-1,HSPB1,0.43661239743232727
BCP,EBF3,0.4366110563278198
Eucalyptol,HMGA1,0.4366092383861542
Honokiol,LACTB,0.4366074502468109
Lip-1,TIMP1,0.43659713864326477
BCP,CHEK1,0.4365967810153961
Fer-1,TBX2,0.43659523129463196
Curcumin,CD74,0.43659496307373047
Fer-1,ATM,0.4365943968296051
BCP,LPIN2,0.43659400939941406
BCP,PTEN,0.43659335374832153
BCP,TFAM,0.436591774225235
BCP,SLC40A1,0.43659013509750366
Edaravone,TNFRSF1A,0.43658968806266785
BCP,GCLC,0.43658822774887085
BCP,CDKN2B,0.4365880489349365
Fer-1,ICAM1,0.4365866780281067
Edaravone,MMP10,0.43658530712127686
BCP,TERF1,0.43658486008644104
BCP,EIF2A,0.436582088470459
BCP,RBM3,0.43658122420310974
BCP,PRKAA1,0.4365803301334381
BCP,JAK2,0.4365796446800232
Resveratrol,DUOX1,0.4365786910057068
Fer-1,MAP1LC3B,0.43657633662223816
Fer-1,TSC2,0.43657559156417847
Fer-1,EIF2AK3,0.4365741014480591
BCP,MAX,0.436573326587677
Fer-1,COL3A1,0.43657195568084717
Eucalyptol,GCLM,0.4365701973438263
BCP,BRCA1,0.43656888604164124
Edaravone,BAP1,0.43656250834465027
BCP,RPS6KB1,0.43656131625175476
Fer-1,NUAK2,0.4365544617176056
Eucalyptol,FABP5,0.4365510642528534
Edaravone,CD82,0.43654942512512207
Eucalyptol,MMP13,0.4365481436252594
BCP,EMP1,0.4365469813346863
Tanshinone IIA,SLC1A5,0.43654629588127136
Eucalyptol,ABCC2,0.43654516339302063
BCP,NBN,0.43654343485832214
BCP,GMFB,0.4365432560443878
Resveratrol,LOX,0.4365423321723938
BCP,TGFB1,0.4365408420562744
Borneol,RAD51,0.4365392029285431
Magnolol,KLF6,0.43653634190559387
BCP,CCL2,0.4365353286266327
Ferulic acid,ABCC1,0.4365350604057312
Edaravone,RELA,0.4365338981151581
Resveratrol,MDM2,0.43652966618537903
Fer-1,PNPLA2,0.43652844429016113
BCP,SLC7A11,0.4365280270576477
Fer-1,CCNA2,0.43652698397636414
BCP,SELE,0.43652647733688354
Eucalyptol,TNFRSF1A,0.4365203380584717
Lip-1,HMGA1,0.4365203380584717
Fer-1,FOS,0.4365202486515045
Edaravone,COL1A2,0.436519980430603
Edaravone,BNIP3L,0.43651989102363586
BCP,CDK6,0.4365193545818329
Fer-1,FTH1,0.43651849031448364
Lip-1,GCLM,0.43651771545410156
Edaravone,STAT1,0.43651679158210754
Eucalyptol,MMP10,0.4365159869194031
BCP,TBX2,0.43651142716407776
Edaravone,COL1A1,0.4365110695362091
Edaravone,BRCA2,0.4365096390247345
Edaravone,VEGFA,0.4365094006061554
BCP,ATM,0.43650856614112854
Edaravone,HDAC1,0.436507910490036
Lip-1,PCNA,0.43650752305984497
Edaravone,NFKB1,0.4365036189556122
Lip-1,MMP10,0.43650293350219727
Edaravone,FOXO3,0.43650099635124207
Lip-1,BAP1,0.43649664521217346
Edaravone,PRKAA2,0.4364963471889496
Eucalyptol,BAP1,0.4364931285381317
Edaravone,HDAC2,0.43649283051490784
Edaravone,SQSTM1,0.43649110198020935
Edaravone,LMNB1,0.43648964166641235
Edaravone,CDKN2A,0.4364894926548004
Tangeretin,DUOX1,0.43648919463157654
BCP,ICAM1,0.4364859163761139
BCP,MAP1LC3B,0.43648478388786316
Edaravone,CDK4,0.436484694480896
Melatonin,LGMN,0.4364829957485199
Ferulic acid,SAT1,0.4364820122718811
Tyrosol,FOXO4,0.43648070096969604
Eucalyptol,CD82,0.43648001551628113
BCP,EIF2AK3,0.4364794194698334
Edaravone,CDKN1B,0.4364779591560364
Idebenone,NR2F2,0.436470091342926
Plumbagin,RUNX3,0.4364693760871887
Edaravone,CDKN1A,0.43646588921546936
Eucalyptol,RELA,0.4364645183086395
Edaravone,PPARGC1A,0.43645980954170227
Tangeretin,LOX,0.436458021402359
BCP,NUAK2,0.43645790219306946
BCP,CCNA2,0.43645620346069336
Edaravone,MMP9,0.43645551800727844
BCP,TSC2,0.4364543557167053
Plumbagin,ZEB1,0.43645212054252625
Eucalyptol,COL1A2,0.43645066022872925
BCP,COL3A1,0.43645066022872925
Fer-1,SIRT1,0.4364505708217621
Eucalyptol,BNIP3L,0.4364504814147949
Edaravone,HMGA2,0.4364493489265442
Eucalyptol,STAT1,0.4364473819732666
Melatonin,CTSB,0.4364469349384308
Tangeretin,RGS4,0.436442494392395
Eucalyptol,COL1A1,0.4364417791366577
Edaravone,MMP12,0.4364408552646637
Eucalyptol,BRCA2,0.43644022941589355
Eucalyptol,VEGFA,0.43644005060195923
Eucalyptol,HDAC1,0.43643859028816223
Lip-1,STAT1,0.4364382326602936
Tyrosol,E2F2,0.4364345967769623
Honokiol,KLF6,0.4364345073699951
Eucalyptol,NFKB1,0.436434268951416
Eucalyptol,FOXO3,0.4364315867424011
Tyrosol,MYC,0.43642914295196533
Eucalyptol,PRKAA2,0.43642696738243103
Eucalyptol,HDAC2,0.4364234209060669
BCP,PNPLA2,0.43642309308052063
Lip-1,FABP5,0.4364216923713684
Eucalyptol,SQSTM1,0.4364216923713684
Edaravone,VCAM1,0.4364204704761505
Eucalyptol,LMNB1,0.4364202916622162
Eucalyptol,CDKN2A,0.43642014265060425
Eucalyptol,CDK4,0.43641534447669983
Lip-1,MMP13,0.4364137053489685
Tyrosol,CBS,0.436411052942276
Tangeretin,MDM2,0.43641042709350586
Lip-1,ABCC2,0.43641024827957153
Eucalyptol,CDKN1B,0.4364086091518402
BCP,FTH1,0.4364081621170044
Tyrosol,MRE11,0.43640702962875366
Tyrosol,H2AX,0.43640443682670593
BCP,FOS,0.43640363216400146
Tyrosol,MMP1,0.4364030659198761
Tyrosol,FTL,0.4364020824432373
Tyrosol,CXCL8,0.4363999366760254
Edaravone,GPX4,0.43639877438545227
Tyrosol,MAP1LC3A,0.43639713525772095
Eucalyptol,CDKN1A,0.4363965392112732
Edaravone,ATR,0.4363960921764374
Lip-1,TNFRSF1A,0.4363960325717926
Resveratrol,FOXO4,0.43639445304870605
Tyrosol,CRYAB,0.43639177083969116
Eucalyptol,PPARGC1A,0.4363904595375061
Lip-1,VEGFA,0.43638935685157776
Eucalyptol,MMP9,0.43638619780540466
Edaravone,TP53,0.4363860487937927
Edaravone,NCOA4,0.4363854229450226
Edaravone,SLAMF8,0.4363836348056793
Edaravone,MDM4,0.4363830089569092
Edaravone,CHAC1,0.436381995677948
Tyrosol,ADIPOQ,0.436381459236145
Plumbagin,ATG3,0.4363802373409271
Eucalyptol,HMGA2,0.436379998922348
Curcumin,LGMN,0.4363781809806824
Lip-1,PRKAA2,0.4363780915737152
Ferulic acid,COX7A1,0.43637600541114807
Eucalyptol,MMP12,0.43637147545814514
Melatonin,NR1D1,0.43636956810951233
Edaravone,FN1,0.43636733293533325
Lip-1,MMP12,0.43636420369148254
Lip-1,CD82,0.4363635778427124
Lip-1,HMGA2,0.43636131286621094
Edaravone,BRD4,0.4363585412502289
Edaravone,ATF2,0.4363563060760498
Tyrosol,HSPB1,0.43635568022727966
Edaravone,CDO1,0.4363511800765991
Eucalyptol,VCAM1,0.43635109066963196
Lip-1,BNIP3L,0.4363493323326111
Edaravone,VDAC2,0.4363458752632141
Lip-1,RELA,0.43634387850761414
Melatonin,LCN2,0.4363427758216858
Curcumin,CTSB,0.4363420605659485
Edaravone,LIG3,0.43634042143821716
Tyrosol,TIMP1,0.4363398849964142
Lip-1,COL1A1,0.4363349676132202
Plumbagin,SOCS1,0.4363342523574829
Resveratrol,MYC,0.43633389472961426
Lip-1,BRCA2,0.43633362650871277
Resveratrol,E2F2,0.43633216619491577
Magnolol,RGS4,0.43633103370666504
Magnolol,DUOX1,0.43633097410202026
BCP,SIRT1,0.43632999062538147
Edaravone,ACSL3,0.43632999062538147
Lip-1,COL1A2,0.4363294243812561
Eucalyptol,GPX4,0.4363294243812561
Lip-1,NFKB1,0.43632906675338745
Lip-1,HDAC1,0.4363287091255188
Edaravone,SIRT6,0.43632712960243225
Edaravone,HSPD1,0.4363270401954651
Eucalyptol,ATR,0.4363267123699188
Plumbagin,IRF9,0.43632471561431885
Edaravone,NFE2L2,0.4363222122192383
Edaravone,SNAI1,0.43632152676582336
Resveratrol,CBS,0.43631887435913086
Edaravone,CD38,0.43631795048713684
Edaravone,ATG7,0.4363177418708801
Eucalyptol,TP53,0.43631669878959656
Eucalyptol,NCOA4,0.43631604313850403
Eucalyptol,SLAMF8,0.43631428480148315
Eucalyptol,MDM4,0.4363136291503906
Edaravone,MAPK3,0.436312735080719
Eucalyptol,CHAC1,0.43631264567375183
Edaravone,XRCC1,0.4363122880458832
Lip-1,CDK4,0.43631091713905334
Lip-1,HDAC2,0.43630775809288025
Edaravone,JUN,0.43630680441856384
Resveratrol,MRE11,0.43630456924438477
Lip-1,SQSTM1,0.4363040328025818
Edaravone,GADD45B,0.43630385398864746
Edaravone,PRKDC,0.4363032579421997
Resveratrol,H2AX,0.43630194664001465
Resveratrol,MMP1,0.4363006055355072
Lip-1,CHAC1,0.4363005757331848
Resveratrol,FTL,0.4362996518611908
Edaravone,TSC1,0.43629953265190125
Edaravone,ALOX5,0.43629926443099976
Eucalyptol,FN1,0.43629804253578186
Resveratrol,CXCL8,0.4362974762916565
Edaravone,MAPK8,0.43629586696624756
Lip-1,FOXO3,0.4362947642803192
Resveratrol,MAP1LC3A,0.43629467487335205
Magnolol,LOX,0.4362946152687073
Melatonin,HIF1A,0.43629372119903564
Fer-1,RAD51,0.43629348278045654
Lip-1,CDKN2A,0.4362933933734894
Edaravone,GADD45A,0.43629318475723267
Melatonin,IRF1,0.43629080057144165
Plumbagin,SP1,0.43628957867622375
Resveratrol,CRYAB,0.43628931045532227
Eucalyptol,BRD4,0.4362891912460327
Eucalyptol,ATF2,0.43628695607185364
Lip-1,VCAM1,0.4362860918045044
Lip-1,LMNB1,0.43628522753715515
Lip-1,MMP9,0.43628251552581787
Eucalyptol,CDO1,0.43628183007240295
Resveratrol,ADIPOQ,0.4362790286540985
Eucalyptol,VDAC2,0.43627652525901794
Plumbagin,BCL6,0.43627503514289856
Lip-1,CDKN1A,0.43627479672431946
Lip-1,CDKN1B,0.43627479672431946
Eucalyptol,LIG3,0.436271071434021
Tangeretin,FOXO4,0.4362701177597046
Edaravone,TNF,0.43626707792282104
Edaravone,MTOR,0.43626654148101807
Edaravone,RAD50,0.4362659156322479
Curcumin,NR1D1,0.4362647235393524
Edaravone,TRIB3,0.4362635016441345
Edaravone,TERT,0.4362630844116211
Edaravone,IL1A,0.43626144528388977
Eucalyptol,ACSL3,0.4362606406211853
Edaravone,ALOX12,0.43626028299331665
Tyrosol,PCNA,0.4362596273422241
Magnolol,MDM2,0.4362581968307495
Plumbagin,CXCL10,0.43625780940055847
Eucalyptol,SIRT6,0.4362577199935913
Eucalyptol,HSPD1,0.4362576901912689
Edaravone,CCNB1,0.43625569343566895
Resveratrol,HSPB1,0.4362531900405884
Eucalyptol,NFE2L2,0.4362528324127197
Eucalyptol,SNAI1,0.4362522065639496
Edaravone,IL10,0.4362502098083496
Lip-1,CDO1,0.4362487494945526
Lip-1,PPARGC1A,0.4362487494945526
Tyrosol,HMGA1,0.4362485706806183
Edaravone,XRCC6,0.4362485706806183
Eucalyptol,CD38,0.4362485706806183
Eucalyptol,ATG7,0.43624839186668396
Edaravone,RB1,0.4362473785877228
Lip-1,SLAMF8,0.43624624609947205
Eucalyptol,MAPK3,0.4362433850765228
Eucalyptol,XRCC1,0.4362429082393646
Edaravone,IGFBP5,0.4362422525882721
Edaravone,MNT,0.4362420439720154
Edaravone,BLM,0.4362403452396393
Edaravone,LPIN1,0.4362400472164154
Edaravone,ATF4,0.4362390339374542
Edaravone,SLC3A2,0.4362388551235199
Curcumin,LCN2,0.43623796105384827
Eucalyptol,JUN,0.4362374544143677
Resveratrol,TIMP1,0.4362373948097229
Nobiletin,DPP4,0.4362364113330841
Eucalyptol,GADD45B,0.4362345039844513
Eucalyptol,PRKDC,0.43623387813568115
Edaravone,CSE1L,0.4362330436706543
Edaravone,STAT3,0.43623101711273193
Eucalyptol,TSC1,0.4362301528453827
Eucalyptol,ALOX5,0.4362298846244812
Honokiol,RGS4,0.43622922897338867
Honokiol,DUOX1,0.4362291395664215
Edaravone,GABARAP,0.4362286925315857
Eucalyptol,MAPK8,0.4362264573574066
Lip-1,GPX4,0.43622589111328125
Lip-1,TP53,0.4362242817878723
Eucalyptol,GADD45A,0.4362238049507141
Lip-1,ATR,0.43622034788131714
Lip-1,MDM4,0.43621939420700073
Edaravone,PLIN2,0.4362187683582306
Lip-1,ACSL3,0.4362126290798187
Plumbagin,PTGS2,0.4362126290798187
Lip-1,NCOA4,0.43621131777763367
Tyrosol,GCLM,0.4362095594406128
Tangeretin,MYC,0.43620428442955017
Lip-1,SNAI1,0.4362040162086487
Tangeretin,E2F2,0.4362034797668457
Edaravone,PARP1,0.43620237708091736
BCP,RAD51,0.4361998438835144
Edaravone,GOT1,0.4361993074417114
Eucalyptol,TNF,0.43619775772094727
Eucalyptol,MTOR,0.4361971616744995
Edaravone,HSP90AA1,0.436196893453598
Lip-1,ATF2,0.4361967146396637
Eucalyptol,RAD50,0.43619656562805176
Edaravone,VDAC3,0.4361953139305115
Eucalyptol,TRIB3,0.43619412183761597
Eucalyptol,TERT,0.4361937642097473
Lip-1,ALOX12,0.4361933171749115
Honokiol,LOX,0.43619275093078613
Eucalyptol,IL1A,0.436192125082016
Eucalyptol,ALOX12,0.43619096279144287
Tyrosol,FABP5,0.4361903965473175
Curcumin,HIF1A,0.43618887662887573
Tyrosol,MMP13,0.4361875057220459
Eucalyptol,CCNB1,0.4361863136291504
Curcumin,IRF1,0.43618595600128174
Tangeretin,CBS,0.4361853301525116
Edaravone,TIMP2,0.4361853301525116
Tyrosol,ABCC2,0.43618449568748474
Lip-1,BRD4,0.4361840486526489
Plumbagin,HMOX1,0.4361826181411743
Lip-1,TNF,0.4361824095249176
Lip-1,FN1,0.4361814260482788
Plumbagin,IL1B,0.43618088960647583
Eucalyptol,IL10,0.43618083000183105
Eucalyptol,XRCC6,0.4361792504787445
Edaravone,IL18,0.4361782371997833
Eucalyptol,RB1,0.4361780285835266
Edaravone,CHEK2,0.43617406487464905
Lip-1,HSPD1,0.4361738860607147
Edaravone,HDAC3,0.4361731708049774
Eucalyptol,IGFBP5,0.4361729025840759
Eucalyptol,MNT,0.4361727237701416
Lip-1,LIG3,0.4361724853515625
Edaravone,CCND1,0.43617188930511475
Lip-1,IL1A,0.43617168068885803
Lip-1,NFE2L2,0.43617141246795654
Eucalyptol,BLM,0.4361710250377655
Eucalyptol,LPIN1,0.43617063760757446
Lip-1,VDAC2,0.436170369386673
Eucalyptol,ATF4,0.4361696243286133
Eucalyptol,SLC3A2,0.43616944551467896
Edaravone,SLC39A8,0.4361693263053894
Ferulic acid,DYRK1A,0.4361685514450073
Edaravone,HSPA5,0.4361684024333954
Lip-1,JUN,0.43616804480552673
Edaravone,DDIT3,0.43616780638694763
Edaravone,GSS,0.4361671805381775
Lip-1,CD38,0.4361664056777954
Lip-1,GADD45B,0.4361651837825775
Edaravone,TERF2,0.436164915561676
Eucalyptol,CSE1L,0.43616369366645813
Plumbagin,IFNG,0.43616247177124023
Eucalyptol,STAT3,0.4361616373062134
Lip-1,XRCC1,0.4361612796783447
Edaravone,STEAP3,0.43616029620170593
Tanshinone IIA,CD74,0.43616005778312683
Tyrosol,TNFRSF1A,0.4361597001552582
Lip-1,ATG7,0.4361594617366791
Eucalyptol,GABARAP,0.4361593723297119
Edaravone,IGFBP3,0.43615785241127014
Edaravone,BECN1,0.4361577332019806
Lip-1,MAPK3,0.4361577332019806
Resveratrol,PCNA,0.4361571967601776
Honokiol,MDM2,0.43615639209747314
Edaravone,ACSL4,0.43615612387657166
Edaravone,SESN2,0.4361554682254791
Edaravone,EP300,0.43615537881851196
Tyrosol,MMP10,0.43615537881851196
Lip-1,TSC1,0.43615490198135376
Lip-1,SIRT6,0.4361504018306732
Eucalyptol,PLIN2,0.43614938855171204
Edaravone,WRN,0.4361490309238434
Magnolol,FOXO4,0.4361467659473419
Resveratrol,HMGA1,0.4361461400985718
Melatonin,RUNX3,0.43614569306373596
Edaravone,XRCC5,0.4361445903778076
Plumbagin,MAP3K14,0.43614304065704346
Lip-1,PRKDC,0.43614232540130615
Lip-1,ALOX5,0.436141699552536
Lip-1,IL10,0.4361410140991211
Edaravone,GABARAPL1,0.4361386001110077
Edaravone,CREB1,0.43613797426223755
Edaravone,MMP2,0.4361368715763092
Edaravone,CREBBP,0.43613487482070923
Eucalyptol,PARP1,0.4361329972743988
Tyrosol,BAP1,0.4361325204372406
Edaravone,LIG4,0.43613094091415405
Edaravone,MMP3,0.4361306130886078
Eucalyptol,GOT1,0.43612995743751526
Melatonin,ZEB1,0.4361284375190735
Eucalyptol,HSP90AA1,0.43612754344940186
Eucalyptol,VDAC3,0.43612590432167053
Lip-1,GADD45A,0.43612590432167053
Edaravone,SERPINE1,0.4361255466938019
Edaravone,HERC2,0.4361255466938019
Lip-1,MAPK8,0.43612390756607056
Lip-1,TERT,0.43612295389175415
Idebenone,LACTB,0.43611982464790344
Tyrosol,CD82,0.4361193776130676
Lip-1,LPIN1,0.436118483543396
Plumbagin,MAPK1,0.43611791729927063
Eucalyptol,TIMP2,0.43611592054367065
Lip-1,XRCC6,0.4361133873462677
Lip-1,MTOR,0.43611225485801697
Edaravone,FANCD2,0.4361112713813782
Lip-1,BLM,0.43611007928848267
Lip-1,MNT,0.4361092746257782
Eucalyptol,IL18,0.43610885739326477
Edaravone,ATG5,0.4361087679862976
Resveratrol,GCLM,0.4361070990562439
Edaravone,AKT1,0.4361048638820648
Plumbagin,TXNIP,0.43610477447509766
Eucalyptol,CHEK2,0.43610474467277527
Tyrosol,RELA,0.436103880405426
Eucalyptol,HDAC3,0.43610379099845886
Lip-1,RB1,0.43610313534736633
Eucalyptol,CCND1,0.4361025094985962
Eucalyptol,SLC39A8,0.43609997630119324
Edaravone,FBXL5,0.4360997974872589
Lip-1,TRIB3,0.43609926104545593
Eucalyptol,HSPA5,0.4360990524291992
Lip-1,GABARAP,0.43609851598739624
Eucalyptol,DDIT3,0.43609848618507385
Edaravone,CDK2,0.4360983371734619
Lip-1,SLC39A8,0.4360978901386261
Eucalyptol,GSS,0.4360978305339813
Edaravone,HBP1,0.43609780073165894
Plumbagin,YAP1,0.4360966086387634
Lip-1,RAD50,0.4360962510108948
Eucalyptol,TERF2,0.43609562516212463
Lip-1,ATF4,0.4360940754413605
Edaravone,BNIP3,0.436093270778656
Lip-1,SLC3A2,0.43609291315078735
Edaravone,CCNE1,0.4360925257205963
Eucalyptol,STEAP3,0.43609100580215454
Tyrosol,COL1A2,0.43608999252319336
Tyrosol,BNIP3L,0.4360898733139038
Lip-1,CCNB1,0.4360893666744232
Lip-1,STAT3,0.4360886812210083
Lip-1,GOT1,0.4360886514186859
Eucalyptol,IGFBP3,0.4360884428024292
Eucalyptol,BECN1,0.4360884130001068
Resveratrol,FABP5,0.436087965965271
Lip-1,PARP1,0.43608754873275757
Tyrosol,STAT1,0.43608683347702026
Eucalyptol,ACSL4,0.4360867440700531
Lip-1,SESN2,0.436086505651474
Edaravone,PRNP,0.4360862672328949
Magnolol,MYC,0.4360862374305725
Eucalyptol,SESN2,0.43608614802360535
Eucalyptol,EP300,0.43608608841896057
Lip-1,WRN,0.43608590960502625
Resveratrol,MMP13,0.436085045337677
Lip-1,HSP90AA1,0.4360840916633606
Nobiletin,NR2F2,0.43608328700065613
Lip-1,IGFBP5,0.436083048582077
Resveratrol,ABCC2,0.4360820949077606
Tyrosol,COL1A1,0.4360811114311218
Eucalyptol,WRN,0.43607965111732483
Tyrosol,BRCA2,0.43607962131500244
Tyrosol,VEGFA,0.4360794425010681
Lip-1,VDAC3,0.4360790252685547
Edaravone,FOXO1,0.43607860803604126
Tyrosol,HDAC1,0.43607792258262634
Magnolol,E2F2,0.43607792258262634
Tangeretin,HSPB1,0.43607765436172485
Edaravone,EBF3,0.4360767602920532
Eucalyptol,XRCC5,0.43607521057128906
Tyrosol,NFKB1,0.4360736608505249
Lip-1,CSE1L,0.4360727369785309
Lip-1,PLIN2,0.4360719621181488
Magnolol,CBS,0.4360711872577667
Tyrosol,FOXO3,0.4360709488391876
Plumbagin,IL6,0.4360699951648712
Eucalyptol,GABARAPL1,0.43606922030448914
Eucalyptol,CREB1,0.43606865406036377
Lip-1,TIMP2,0.4360685646533966
Eucalyptol,MMP2,0.43606752157211304
Plumbagin,ALOX15,0.43606695532798767
Tyrosol,PRKAA2,0.43606632947921753
Eucalyptol,CREBBP,0.43606552481651306
Plumbagin,TLR4,0.43606334924697876
Tyrosol,HDAC2,0.43606284260749817
Tangeretin,TIMP1,0.4360625743865967
Edaravone,CHEK1,0.4360625147819519
Eucalyptol,LIG4,0.4360616207122803
Danshensu,CAVIN1,0.43606138229370117
Eucalyptol,MMP3,0.436061292886734
Tyrosol,SQSTM1,0.4360610842704773
Edaravone,LPIN2,0.4360598027706146
Tyrosol,LMNB1,0.4360596239566803
Tyrosol,CDKN2A,0.43605953454971313
Tangeretin,MAP1LC3A,0.43605929613113403
Edaravone,PTEN,0.4360591173171997
Edaravone,TFAM,0.43605753779411316
Resveratrol,TNFRSF1A,0.43605726957321167
Melatonin,ATG3,0.43605658411979675
Eucalyptol,HERC2,0.4360562264919281
Eucalyptol,SERPINE1,0.4360561668872833
Edaravone,SLC40A1,0.43605589866638184
Tyrosol,CDK4,0.4360547363758087
Edaravone,GCLC,0.436053991317749
Edaravone,CDKN2B,0.4360538125038147
Lip-1,EBF3,0.43605318665504456
Resveratrol,MMP10,0.43605291843414307
Lip-1,IL18,0.4360506534576416
Lip-1,MMP3,0.4360506534576416
Edaravone,TERF1,0.4360505938529968
Idebenone,KLF6,0.43605029582977295
Tangeretin,MRE11,0.43605029582977295
Tyrosol,CDKN1B,0.4360480010509491
Edaravone,EIF2A,0.43604782223701477
Edaravone,RBM3,0.4360470175743103
Tangeretin,H2AX,0.43604692816734314
Tyrosol,PPARGC1A,0.4360463321208954
Edaravone,PRKAA1,0.43604612350463867
Edaravone,JAK2,0.436045378446579
Tangeretin,MMP1,0.4360452890396118
Plumbagin,S100A8,0.43604525923728943
Honokiol,FOXO4,0.43604493141174316
Plumbagin,IGFBP7,0.43604394793510437
Lip-1,TERF2,0.4360434412956238
Tangeretin,CRYAB,0.436043381690979
Tangeretin,FTL,0.4360421299934387
Eucalyptol,FANCD2,0.4360419511795044
Tangeretin,CXCL8,0.4360411763191223
Curcumin,RUNX3,0.43604084849357605
Eucalyptol,ATG5,0.43603938817977905
Edaravone,MAX,0.4360390305519104
Lip-1,ACSL4,0.43603840470314026
Lip-1,CHEK2,0.4360370337963104
Lip-1,HDAC3,0.43603605031967163
Tyrosol,CDKN1A,0.4360358715057373
Eucalyptol,AKT1,0.43603551387786865
Edaravone,BRCA1,0.4360346496105194
Plumbagin,HMGB1,0.4360329210758209
Lip-1,BECN1,0.4360310733318329
Eucalyptol,FBXL5,0.43603041768074036
Tangeretin,ADIPOQ,0.43603014945983887
Resveratrol,BAP1,0.4360300600528717
Eucalyptol,CDK2,0.43602898716926575
Lip-1,DDIT3,0.4360284209251404
Eucalyptol,HBP1,0.4360284209251404
Edaravone,RPS6KB1,0.43602707982063293
Tyrosol,MMP9,0.4360255300998688
Eucalyptol,BNIP3,0.43602389097213745
Curcumin,ZEB1,0.43602362275123596
Lip-1,GSS,0.4360232651233673
Eucalyptol,CCNE1,0.43602317571640015
Lip-1,STEAP3,0.43602171540260315
Lip-1,CCND1,0.4360215961933136
Lip-1,IGFBP3,0.43602117896080017
Tyrosol,HMGA2,0.4360193610191345
Lip-1,XRCC5,0.4360191822052002
Plumbagin,SOCS2,0.4360186457633972
Plumbagin,TNFAIP1,0.43601855635643005
Lip-1,HSPA5,0.43601754307746887
Resveratrol,CD82,0.4360169768333435
Eucalyptol,PRNP,0.43601691722869873
Lip-1,EP300,0.43601542711257935
Edaravone,EMP1,0.43601274490356445
Lip-1,GABARAPL1,0.4360125660896301
Lip-1,CDK2,0.43601107597351074
Tyrosol,MMP12,0.43601083755493164
Melatonin,SOCS1,0.4360106587409973
Lip-1,CREBBP,0.43600931763648987
Eucalyptol,FOXO1,0.4360092580318451
Edaravone,NBN,0.4360092282295227
Edaravone,GMFB,0.436009019613266
Eucalyptol,EBF3,0.43600744009017944
Plumbagin,KEAP1,0.43600693345069885
Edaravone,TGFB1,0.4360065758228302
Lip-1,MMP2,0.4360063970088959
Lip-1,LIG4,0.43600526452064514
Lip-1,CREB1,0.43600404262542725
Resveratrol,RELA,0.4360014498233795
Edaravone,CCL2,0.43600109219551086
Melatonin,IRF9,0.4360010623931885
Lip-1,SERPINE1,0.43599995970726013
Lip-1,ATG5,0.4359947144985199
Lip-1,PRNP,0.43599462509155273
Edaravone,SLC7A11,0.4359937906265259
Eucalyptol,CHEK1,0.43599316477775574
Edaravone,SELE,0.4359922707080841
Plumbagin,FBXO31,0.43599191308021545
Tyrosol,VCAM1,0.43599048256874084
Eucalyptol,LPIN2,0.4359903931617737
Lip-1,HERC2,0.4359903633594513
Plumbagin,LIFR,0.4359903633594513
Eucalyptol,PTEN,0.43598976731300354
Plumbagin,TFRC,0.4359886348247528
Eucalyptol,TFAM,0.435988187789917
Resveratrol,COL1A2,0.43598756194114685
Resveratrol,BNIP3L,0.4359874725341797
Eucalyptol,SLC40A1,0.43598654866218567
Edaravone,CDK6,0.43598514795303345
Lip-1,AKT1,0.4359849989414215
Eucalyptol,GCLC,0.43598464131355286
Eucalyptol,CDKN2B,0.43598446249961853
Resveratrol,STAT1,0.43598437309265137
Honokiol,MYC,0.43598437309265137
Lip-1,FOXO1,0.43598395586013794
Tanshinone IIA,LGMN,0.4359833896160126
Lip-1,FANCD2,0.43598294258117676
Eucalyptol,TERF1,0.43598124384880066
Tangeretin,PCNA,0.435980886220932
Lip-1,HBP1,0.4359799325466156
Plumbagin,EPHA2,0.4359796643257141
Resveratrol,COL1A1,0.4359786808490753
Eucalyptol,EIF2A,0.4359784722328186
Lip-1,CCNE1,0.43597811460494995
Lip-1,FBXL5,0.4359777569770813
Eucalyptol,RBM3,0.43597766757011414
Edaravone,TBX2,0.4359772205352783
Resveratrol,BRCA2,0.43597716093063354
Resveratrol,VEGFA,0.4359769821166992
Eucalyptol,PRKAA1,0.4359767735004425
Lip-1,TFAM,0.43597620725631714
Honokiol,E2F2,0.43597611784935
Eucalyptol,JAK2,0.4359760284423828
Resveratrol,HDAC1,0.43597549200057983
Lip-1,BNIP3,0.43597450852394104
Edaravone,ATM,0.4359743595123291
Lip-1,RBM3,0.4359741508960724
Resveratrol,NFKB1,0.4359712302684784
Eucalyptol,MAX,0.43596968054771423
Honokiol,CBS,0.4359693229198456
Tyrosol,GPX4,0.4359688460826874
Resveratrol,FOXO3,0.4359685182571411
Plumbagin,SOD1,0.43596747517585754
Tyrosol,ATR,0.4359661638736725
Melatonin,SP1,0.435965895652771
Eucalyptol,BRCA1,0.43596529960632324
Resveratrol,PRKAA2,0.4359639286994934
Resveratrol,HDAC2,0.43596041202545166
Resveratrol,SQSTM1,0.4359586238861084
Eucalyptol,RPS6KB1,0.43595772981643677
Resveratrol,LMNB1,0.4359572231769562
Resveratrol,CDKN2A,0.4359571039676666
Lip-1,JAK2,0.4359569251537323
Lip-1,CDKN2B,0.43595683574676514
Lip-1,PTEN,0.4359564781188965
Tyrosol,TP53,0.43595609068870544
Lip-1,SLC40A1,0.4359560012817383
Tyrosol,NCOA4,0.4359554648399353
Lip-1,TGFB1,0.4359549582004547
Lip-1,PRKAA1,0.4359545111656189
Tyrosol,SLAMF8,0.43595370650291443
Tyrosol,MDM4,0.4359531104564667
Resveratrol,CDK4,0.4359523057937622
Lip-1,LPIN2,0.43595221638679504
Tyrosol,CHAC1,0.4359520673751831
Lip-1,TERF1,0.43595191836357117
Curcumin,ATG3,0.43595173954963684
Edaravone,ICAM1,0.43595170974731445
Melatonin,BCL6,0.4359513819217682
Lip-1,GCLC,0.4359505772590637
Edaravone,MAP1LC3B,0.4359505772590637
Lip-1,MAX,0.4359503388404846
Lip-1,CHEK1,0.4359491169452667
Magnolol,HSPB1,0.4359475374221802
Resveratrol,CDKN1B,0.435945600271225
Edaravone,EIF2AK3,0.43594521284103394
Plumbagin,PRKD1,0.4359450936317444
Eucalyptol,EMP1,0.4359434247016907
Lip-1,EIF2A,0.43594327569007874
Tanshinone IIA,CTSB,0.4359405040740967
Tangeretin,ABCC2,0.4359404146671295
Plumbagin,EDN1,0.43594032526016235
Eucalyptol,NBN,0.43593987822532654
Eucalyptol,GMFB,0.4359396994113922
Tangeretin,MMP13,0.4359389841556549
Tangeretin,HMGA1,0.43593865633010864
Tyrosol,FN1,0.43593743443489075
Tangeretin,FABP5,0.4359372854232788
Eucalyptol,TGFB1,0.4359372556209564
Magnolol,TIMP1,0.4359366297721863
Resveratrol,PPARGC1A,0.43593499064445496
Lip-1,RPS6KB1,0.4359341561794281
Melatonin,CXCL10,0.4359341561794281
Resveratrol,CDKN1A,0.4359334409236908
Eucalyptol,CCL2,0.4359317123889923
Tyrosol,BRD4,0.4359285533428192
Tyrosol,ATF2,0.4359263777732849
Lip-1,EMP1,0.4359261095523834
Lip-1,BRCA1,0.4359244704246521
Eucalyptol,SLC7A11,0.4359244704246521
Edaravone,NUAK2,0.43592369556427
Resveratrol,MMP9,0.43592312932014465
Eucalyptol,SELE,0.43592292070388794
Lip-1,NBN,0.4359228312969208
Plumbagin,MPO,0.43592262268066406
Edaravone,CCNA2,0.4359219968318939
Tyrosol,CDO1,0.43592122197151184
Edaravone,TSC2,0.4359201192855835
Resveratrol,HMGA2,0.4359169602394104
Edaravone,COL3A1,0.4359164535999298
Tyrosol,VDAC2,0.4359159469604492
Eucalyptol,CDK6,0.4359157681465149
Lip-1,GMFB,0.43591442704200745
Tyrosol,LIG3,0.4359104633331299
Resveratrol,MMP12,0.4359084367752075
Lip-1,CCL2,0.43590807914733887
Eucalyptol,TBX2,0.43590790033340454
Curcumin,SOCS1,0.4359058141708374
Eucalyptol,ATM,0.4359050393104553
Magnolol,MAP1LC3A,0.4359012246131897
Plumbagin,EGR1,0.43590009212493896
Tyrosol,ACSL3,0.4359000623226166
Tyrosol,SIRT6,0.4358971416950226
Tyrosol,HSPD1,0.4358971118927002
Curcumin,IRF9,0.43589621782302856
Lip-1,SELE,0.43589600920677185
Tyrosol,NFE2L2,0.435892254114151
Tyrosol,SNAI1,0.43589159846305847
Plumbagin,SMURF2,0.43589073419570923
Melatonin,PTGS2,0.43588903546333313
Edaravone,PNPLA2,0.4358889162540436
Lip-1,SLC7A11,0.4358888268470764
Lip-1,CDK6,0.4358886480331421
Resveratrol,VCAM1,0.43588805198669434
Tyrosol,CD38,0.43588799238204956
Tyrosol,ATG7,0.43588778376579285
Tyrosol,MAPK3,0.4358828067779541
Tyrosol,XRCC1,0.4358823299407959
Eucalyptol,ICAM1,0.4358823299407959
Eucalyptol,MAP1LC3B,0.43588119745254517
Tyrosol,JUN,0.43587687611579895
Eucalyptol,EIF2AK3,0.43587586283683777
Magnolol,MRE11,0.4358757436275482
Tangeretin,TNFRSF1A,0.43587449193000793
Edaravone,FTH1,0.43587401509284973
Tyrosol,GADD45B,0.43587392568588257
Tyrosol,PRKDC,0.43587327003479004
Naringenin,SLC1A5,0.43587246537208557
Magnolol,H2AX,0.43587228655815125
Magnolol,MMP1,0.4358707368373871
Lip-1,TBX2,0.43587028980255127
Tyrosol,TSC1,0.43586957454681396
Lip-1,ATM,0.4358694851398468
Magnolol,CRYAB,0.43586939573287964
Edaravone,FOS,0.43586939573287964
Tyrosol,ALOX5,0.4358693063259125
Magnolol,FTL,0.4358677566051483
Resveratrol,GPX4,0.4358663856983185
Magnolol,CXCL8,0.43586620688438416
Tyrosol,MAPK8,0.4358658492565155
Resveratrol,ATR,0.435863733291626
Tyrosol,GADD45A,0.4358632266521454
Lip-1,TSC2,0.43586185574531555
Lip-1,ICAM1,0.4358616769313812
Curcumin,SP1,0.43586111068725586
Melatonin,HMOX1,0.43585896492004395
Lip-1,COL3A1,0.43585801124572754
Melatonin,IL1B,0.43585723638534546
Magnolol,ADIPOQ,0.43585488200187683
Eucalyptol,NUAK2,0.43585434556007385
Magnolol,PCNA,0.43585407733917236
Resveratrol,TP53,0.4358537197113037
Tangeretin,CD82,0.4358533024787903
Resveratrol,NCOA4,0.43585309386253357
Eucalyptol,CCNA2,0.43585261702537537
Idebenone,DUOX1,0.43585243821144104
Lip-1,MAP1LC3B,0.4358513653278351
Resveratrol,SLAMF8,0.4358512759208679
Eucalyptol,TSC2,0.4358508288860321
Resveratrol,MDM4,0.4358506500720978
Resveratrol,CHAC1,0.4358496367931366
Lip-1,EIF2AK3,0.4358491003513336
Tangeretin,GCLM,0.4358489215373993
Eucalyptol,COL3A1,0.43584710359573364
Curcumin,BCL6,0.43584656715393066
Honokiol,HSPB1,0.4358457326889038
Melatonin,IFNG,0.43583884835243225
Plumbagin,E2F1,0.4358373284339905
Tyrosol,TNF,0.43583714962005615
Tyrosol,MTOR,0.4358365833759308
Tyrosol,RAD50,0.4358360171318054
Resveratrol,FN1,0.43583497405052185
Honokiol,TIMP1,0.4358347952365875
Tyrosol,TRIB3,0.43583351373672485
Tyrosol,TERT,0.4358331561088562
Plumbagin,MAPK14,0.4358319640159607
Tyrosol,IL1A,0.4358315169811249
Tyrosol,ALOX12,0.43583035469055176
Lip-1,NUAK2,0.4358295202255249
Curcumin,CXCL10,0.4358293414115906
Plumbagin,TNFAIP3,0.43582871556282043
Resveratrol,BRD4,0.4358261823654175
Tyrosol,CCNB1,0.43582576513290405
Resveratrol,ATF2,0.435823917388916
Tyrosol,IL10,0.4358202815055847
Eucalyptol,PNPLA2,0.4358195662498474
Melatonin,MAP3K14,0.43581944704055786
Resveratrol,CDO1,0.4358188509941101
Tyrosol,XRCC6,0.4358186721801758
Tyrosol,RB1,0.4358174502849579
Magnolol,ABCC2,0.4358149468898773
Resveratrol,VDAC2,0.4358134865760803
Magnolol,MMP13,0.4358134865760803
Tyrosol,IGFBP5,0.435812383890152
Tyrosol,MNT,0.4358121454715729
Magnolol,FABP5,0.4358117878437042
Tanshinone IIA,LCN2,0.43581143021583557
Idebenone,MDM2,0.4358108639717102
Tyrosol,BLM,0.4358104169368744
Tyrosol,LPIN1,0.43581005930900574
Tyrosol,ATF4,0.43580907583236694
Tyrosol,SLC3A2,0.4358088970184326
Resveratrol,LIG3,0.43580806255340576
Tangeretin,RELA,0.4358079731464386
Eucalyptol,FTH1,0.4358046352863312
Lip-1,PNPLA2,0.43580350279808044
Tyrosol,CSE1L,0.435803085565567
Lip-1,CCNA2,0.43580204248428345
Tyrosol,STAT3,0.43580108880996704
Eucalyptol,FOS,0.43580010533332825
Honokiol,MAP1LC3A,0.43579941987991333
Magnolol,HMGA1,0.43579918146133423
Tyrosol,GABARAP,0.4357987940311432
Idebenone,LOX,0.4357985556125641
Resveratrol,ACSL3,0.43579766154289246
Edaravone,SIRT1,0.4357958436012268
Lip-1,FOS,0.43579530715942383
Resveratrol,SIRT6,0.43579474091529846
Resveratrol,HSPD1,0.4357946515083313
Melatonin,MAPK1,0.43579429388046265
Lip-1,FTH1,0.43579357862472534
Resveratrol,NFE2L2,0.4357898533344269
Resveratrol,SNAI1,0.43578922748565674
Tyrosol,PLIN2,0.4357888102531433
Resveratrol,CD38,0.4357856214046478
Resveratrol,ATG7,0.43578532338142395
Curcumin,PTGS2,0.4357841908931732
Tangeretin,CDKN2A,0.4357816278934479
Melatonin,TXNIP,0.43578118085861206
Resveratrol,MAPK3,0.4357803463935852
Resveratrol,XRCC1,0.4357798993587494
Shikonin,SLC1A5,0.4357796907424927
Tangeretin,COL1A2,0.4357789158821106
Tangeretin,HDAC1,0.4357747435569763
Resveratrol,JUN,0.43577447533607483
Honokiol,MRE11,0.43577393889427185
Tanshinone IIA,NR1D1,0.4357735514640808
Tangeretin,MMP10,0.4357733726501465
Melatonin,YAP1,0.43577301502227783
Danshensu,SETD7,0.43577274680137634
Tyrosol,PARP1,0.4357724189758301
Resveratrol,GADD45B,0.43577149510383606
Resveratrol,PRKDC,0.4357709288597107
Honokiol,H2AX,0.4357703924179077
Tyrosol,GOT1,0.4357694089412689
Honokiol,MMP1,0.4357689321041107
Honokiol,CRYAB,0.43576759099960327
Resveratrol,TSC1,0.43576714396476746
Tyrosol,HSP90AA1,0.4357669949531555
Resveratrol,ALOX5,0.43576687574386597
Honokiol,FTL,0.43576595187187195
Tyrosol,VDAC3,0.4357653558254242
Tanshinone IIA,HIF1A,0.4357646405696869
Tangeretin,HDAC2,0.4357646107673645
Honokiol,CXCL8,0.4357644319534302
Tangeretin,SQSTM1,0.4357641339302063
Idebenone,RGS4,0.4357636868953705
Resveratrol,MAPK8,0.43576347827911377
Tangeretin,NFKB1,0.4357624650001526
Resveratrol,GADD45A,0.4357607960700989
Tangeretin,FOXO3,0.43575888872146606
Tangeretin,COL1A1,0.43575888872146606
Tangeretin,BRCA2,0.4357568919658661
Tyrosol,TIMP2,0.4357553720474243
Curcumin,HMOX1,0.4357541501522064
Honokiol,ADIPOQ,0.43575313687324524
Curcumin,IL1B,0.43575242161750793
Honokiol,PCNA,0.435752272605896
Tyrosol,IL18,0.43574830889701843
Melatonin,IL6,0.4357464015483856
Tanshinone IIA,IRF1,0.43574458360671997
Tyrosol,CHEK2,0.43574419617652893
Tangeretin,LMNB1,0.43574362993240356
Melatonin,ALOX15,0.4357433617115021
Tyrosol,HDAC3,0.4357432425022125
Tangeretin,BAP1,0.43574267625808716
Tyrosol,CCND1,0.43574196100234985
Melatonin,TLR4,0.43573975563049316
Tyrosol,SLC39A8,0.4357394278049469
Pinocembrin,SLC1A5,0.4357388913631439
Plumbagin,NLRP3,0.43573853373527527
Tyrosol,HSPA5,0.43573853373527527
Tangeretin,CDK4,0.43573829531669617
Tyrosol,DDIT3,0.43573787808418274
Tyrosol,GSS,0.4357372522354126
Magnolol,TNFRSF1A,0.43573522567749023
Tyrosol,TERF2,0.43573498725891113
Resveratrol,TNF,0.43573471903800964
Resveratrol,MTOR,0.43573418259620667
Curcumin,IFNG,0.43573400378227234
Resveratrol,RAD50,0.4357335865497589
Resveratrol,TRIB3,0.4357311427593231
Resveratrol,TERT,0.4357307255268097
Tyrosol,STEAP3,0.43573036789894104
Tangeretin,BNIP3L,0.4357292354106903
Resveratrol,IL1A,0.43572911620140076
Resveratrol,ALOX12,0.43572792410850525
Tyrosol,IGFBP3,0.43572792410850525
Tyrosol,BECN1,0.4357278347015381
Eucalyptol,SIRT1,0.43572649359703064
Tyrosol,ACSL4,0.43572622537612915
Lip-1,SIRT1,0.4357256591320038
Tyrosol,SESN2,0.4357255697250366
Tyrosol,EP300,0.43572548031806946
Tangeretin,CDKN1B,0.43572548031806946
Resveratrol,CCNB1,0.43572330474853516
Plumbagin,NOX4,0.4357222318649292
Melatonin,S100A8,0.4357216954231262
Melatonin,IGFBP7,0.4357203245162964
Tyrosol,WRN,0.4357191026210785
Resveratrol,IL10,0.4357178807258606
Resveratrol,XRCC6,0.4357162415981293
Resveratrol,RB1,0.4357150197029114
Tyrosol,XRCC5,0.4357147216796875
Curcumin,MAP3K14,0.43571463227272034
Tangeretin,PPARGC1A,0.4357142746448517
Honokiol,ABCC2,0.43571314215660095
Honokiol,MMP13,0.43571168184280396
Honokiol,FABP5,0.43571001291275024
Resveratrol,IGFBP5,0.4357099235057831
Resveratrol,MNT,0.435709685087204
Melatonin,HMGB1,0.43570929765701294
Plumbagin,KDM6B,0.4357090890407562
Tyrosol,GABARAPL1,0.4357087314128876
Tyrosol,CREB1,0.43570810556411743
Resveratrol,BLM,0.43570801615715027
Resveratrol,LPIN1,0.4357076585292816
Tyrosol,MMP2,0.4357069730758667
Resveratrol,ATF4,0.4357067048549652
Resveratrol,SLC3A2,0.4357064664363861
Tyrosol,CREBBP,0.4357050359249115
Tangeretin,VEGFA,0.4357040226459503
Magnolol,GCLM,0.43570372462272644
Tyrosol,LIG4,0.43570104241371155
Tyrosol,MMP3,0.43570077419281006
Resveratrol,CSE1L,0.4357006847858429
Resveratrol,STAT3,0.4356986880302429
Honokiol,HMGA1,0.43569743633270264
Resveratrol,GABARAP,0.43569639325141907
Tyrosol,HERC2,0.4356956481933594
Tyrosol,SERPINE1,0.435695618391037
Melatonin,SOCS2,0.435695081949234
Melatonin,TNFAIP1,0.43569493293762207
Tangeretin,CDKN1A,0.43569397926330566
Tangeretin,PRKAA2,0.43568962812423706
Curcumin,MAPK1,0.43568944931030273
Plumbagin,FOSL1,0.43568775057792664
Resveratrol,PLIN2,0.4356864392757416
Melatonin,KEAP1,0.43568333983421326
Tyrosol,FANCD2,0.43568137288093567
Tyrosol,ATG5,0.4356788694858551
Curcumin,TXNIP,0.43567633628845215
Tyrosol,AKT1,0.4356749653816223
Tangeretin,STAT1,0.43567392230033875
Resveratrol,PARP1,0.43566998839378357
Tyrosol,FBXL5,0.4356698989868164
Magnolol,CD82,0.43566954135894775
Tyrosol,CDK2,0.435668408870697
Curcumin,YAP1,0.4356682002544403
Tyrosol,HBP1,0.43566787242889404
Resveratrol,GOT1,0.4356669783592224
Melatonin,LIFR,0.4356667995452881
Edaravone,RAD51,0.43566569685935974
Melatonin,TFRC,0.4356650114059448
Resveratrol,HSP90AA1,0.435664564371109
Magnolol,RELA,0.4356634318828583
Tyrosol,BNIP3,0.4356634020805359
Resveratrol,VDAC3,0.4356629252433777
Tyrosol,CCNE1,0.4356626570224762
Idebenone,FOXO4,0.4356595575809479
Tyrosol,PRNP,0.4356563687324524
Magnolol,CDKN2A,0.4356561601161957
Melatonin,EPHA2,0.4356560707092285
Tangeretin,MMP9,0.4356553852558136
Magnolol,COL1A2,0.4356533885002136
Resveratrol,TIMP2,0.4356529712677002
Tyrosol,FOXO1,0.43564873933792114
Tyrosol,EBF3,0.4356469213962555
Plumbagin,IRF7,0.43564629554748535
Resveratrol,IL18,0.4356459379196167
Melatonin,FBXO31,0.4356447160243988
Melatonin,SOD1,0.43564388155937195
Resveratrol,CHEK2,0.4356417655944824
Curcumin,IL6,0.4356415867805481
Resveratrol,HDAC3,0.4356408715248108
Tangeretin,VCAM1,0.43564072251319885
Resveratrol,CCND1,0.4356395900249481
Curcumin,ALOX15,0.43563851714134216
Resveratrol,SLC39A8,0.4356369972229004
Resveratrol,HSPA5,0.43563607335090637
Resveratrol,DDIT3,0.435635507106781
Curcumin,TLR4,0.43563494086265564
Resveratrol,GSS,0.43563488125801086
Honokiol,TNFRSF1A,0.43563345074653625
Magnolol,COL1A1,0.4356333613395691
Tangeretin,FN1,0.4356328845024109
Resveratrol,TERF2,0.4356326162815094
Tyrosol,CHEK1,0.4356326162815094
Tangeretin,ATR,0.4356320798397064
Magnolol,BRCA2,0.4356313943862915
Magnolol,HDAC1,0.43563079833984375
Tyrosol,LPIN2,0.4356299042701721
Tyrosol,PTEN,0.4356292188167572
Resveratrol,STEAP3,0.4356279969215393
Tyrosol,TFAM,0.43562763929367065
Tangeretin,GPX4,0.4356271028518677
Tangeretin,NCOA4,0.43562695384025574
Tyrosol,SLC40A1,0.4356260299682617
Resveratrol,IGFBP3,0.43562552332878113
Resveratrol,BECN1,0.43562543392181396
Magnolol,HDAC2,0.43562519550323486
Tyrosol,GCLC,0.4356241226196289
Tyrosol,CDKN2B,0.4356239438056946
Magnolol,SQSTM1,0.4356239438056946
Resveratrol,ACSL4,0.43562379479408264
Resveratrol,SESN2,0.4356231987476349
Resveratrol,EP300,0.4356231093406677
Melatonin,PRKD1,0.4356215298175812
Tyrosol,TERF1,0.4356207549571991
Magnolol,FOXO3,0.4356203079223633
Tyrosol,EIF2A,0.43561795353889465
Tyrosol,RBM3,0.4356171488761902
Curcumin,S100A8,0.4356168210506439
Melatonin,EDN1,0.43561679124832153
Resveratrol,WRN,0.43561670184135437
Tyrosol,PRKAA1,0.43561625480651855
Tangeretin,TP53,0.43561577796936035
Magnolol,NFKB1,0.43561556935310364
Tyrosol,JAK2,0.43561550974845886
Curcumin,IGFBP7,0.43561550974845886
Idebenone,E2F2,0.4356134831905365
Resveratrol,XRCC5,0.4356122612953186
Tangeretin,HMGA2,0.4356106221675873
Nobiletin,LACTB,0.4356105923652649
Magnolol,MMP10,0.4356097877025604
Tyrosol,MAX,0.43560919165611267
Idebenone,MYC,0.43560799956321716
Tangeretin,BRD4,0.4356064200401306
Resveratrol,GABARAPL1,0.43560630083084106
Resveratrol,CREB1,0.43560564517974854
Magnolol,LMNB1,0.4356054663658142
Tyrosol,BRCA1,0.4356047511100769
Resveratrol,MMP2,0.4356045722961426
Curcumin,HMGB1,0.4356044828891754
Tanshinone IIA,ZEB1,0.4356028437614441
Resveratrol,CREBBP,0.4356025755405426
Honokiol,GCLM,0.4356018900871277
Melatonin,MPO,0.43559905886650085
Resveratrol,LIG4,0.43559861183166504
Tangeretin,MMP12,0.4355985224246979
Resveratrol,MMP3,0.43559834361076355
Tangeretin,SLAMF8,0.43559738993644714
Tyrosol,RPS6KB1,0.4355972111225128
Eucalyptol,RAD51,0.43559637665748596
Tangeretin,MDM4,0.43559426069259644
Resveratrol,SERPINE1,0.43559324741363525
Resveratrol,HERC2,0.43559324741363525
Curcumin,SOCS2,0.4355902671813965
Curcumin,TNFAIP1,0.43559008836746216
Idebenone,CBS,0.43558990955352783
Magnolol,CDK4,0.43558990955352783
Magnolol,PPARGC1A,0.4355888366699219
Idebenone,MRE11,0.43558594584465027
Magnolol,CDKN1B,0.4355835020542145
Idebenone,H2AX,0.43558332324028015
Tyrosol,EMP1,0.43558284640312195
Plumbagin,MEN1,0.43558239936828613
Idebenone,MMP1,0.4355819523334503
Idebenone,FTL,0.4355809688568115
Aloe emodin,SLC1A5,0.43558013439178467
Magnolol,BAP1,0.4355795085430145
Tyrosol,NBN,0.435579389333725
Tyrosol,GMFB,0.4355791509151459
Resveratrol,FANCD2,0.43557897210121155
Idebenone,CXCL8,0.4355788826942444
Curcumin,KEAP1,0.43557852506637573
Tyrosol,TGFB1,0.43557673692703247
Melatonin,EGR1,0.43557655811309814
Resveratrol,ATG5,0.435576468706131
Idebenone,MAP1LC3A,0.4355759918689728
Tanshinone IIA,RUNX3,0.43557533621788025
Resveratrol,AKT1,0.4355725347995758
Magnolol,BNIP3L,0.4355723261833191
Tyrosol,CCL2,0.43557119369506836
Idebenone,CRYAB,0.4355706572532654
Lip-1,RAD51,0.43556857109069824
Plumbagin,PPP2R2B,0.4355678856372833
Honokiol,CD82,0.4355677366256714
Resveratrol,FBXL5,0.4355674684047699
Tangeretin,ATF2,0.43556737899780273
Melatonin,SMURF2,0.435567170381546
Resveratrol,CDK2,0.4355660378932953
Tanshinone IIA,ATG3,0.4355657696723938
Resveratrol,HBP1,0.4355655014514923
Tangeretin,LIG3,0.4355652630329132
Tyrosol,SLC7A11,0.43556395173072815
Tyrosol,SELE,0.435562402009964
Curcumin,LIFR,0.4355619549751282
Honokiol,RELA,0.4355616569519043
Tangeretin,SIRT6,0.4355614185333252
Resveratrol,BNIP3,0.4355609714984894
Idebenone,ADIPOQ,0.4355603754520416
Curcumin,TFRC,0.4355602264404297
Resveratrol,CCNE1,0.4355602264404297
Tangeretin,VDAC2,0.43555644154548645
Tyrosol,CDK6,0.43555527925491333
Honokiol,CDKN2A,0.4355543255805969
Resveratrol,PRNP,0.43555399775505066
Honokiol,COL1A2,0.43555161356925964
Curcumin,EPHA2,0.4355512261390686
Magnolol,VEGFA,0.4355492889881134
Tyrosol,TBX2,0.4355473816394806
Tangeretin,HSPD1,0.4355471134185791
Resveratrol,FOXO1,0.43554630875587463
Magnolol,CDKN1A,0.4355458617210388
Plumbagin,PDE4B,0.43554577231407166
Resveratrol,EBF3,0.435544490814209
Tyrosol,ATM,0.435544490814209
Curcumin,FBXO31,0.4355399012565613
Curcumin,SOD1,0.4355390667915344
Idebenone,HSPB1,0.4355345368385315
Magnolol,PRKAA2,0.43553444743156433
Tangeretin,CDO1,0.4355330169200897
Tangeretin,CHAC1,0.4355316460132599
Honokiol,COL1A1,0.4355315566062927
Plumbagin,LPCAT3,0.435530424118042
Resveratrol,CHEK1,0.43553024530410767
Honokiol,BRCA2,0.4355296194553375
Honokiol,HDAC1,0.43552902340888977
Resveratrol,LPIN2,0.435527503490448
Tangeretin,MAPK8,0.4355272352695465
Resveratrol,PTEN,0.43552687764167786
Resveratrol,TFAM,0.43552523851394653
Resveratrol,SLC40A1,0.4355235993862152
Honokiol,HDAC2,0.4355234205722809
Honokiol,SQSTM1,0.4355221688747406
Tyrosol,ICAM1,0.43552184104919434
Resveratrol,GCLC,0.4355217218399048
Resveratrol,CDKN2B,0.43552151322364807
Tangeretin,ATG7,0.43552106618881226
Tyrosol,MAP1LC3B,0.4355207085609436
Idebenone,TIMP1,0.4355188012123108
Honokiol,FOXO3,0.4355185031890869
Resveratrol,TERF1,0.435518354177475
Curcumin,PRKD1,0.43551674485206604
Resveratrol,EIF2A,0.43551555275917053
Tyrosol,EIF2AK3,0.4355153739452362
Resveratrol,RBM3,0.43551474809646606
Tangeretin,XRCC1,0.4355139434337616
Resveratrol,PRKAA1,0.43551382422447205
Melatonin,E2F1,0.43551379442214966
Honokiol,NFKB1,0.4355137348175049
Resveratrol,JAK2,0.43551310896873474
Curcumin,EDN1,0.4355119466781616
Melatonin,MAPK14,0.4355084002017975
Magnolol,STAT1,0.4355083107948303
Honokiol,MMP10,0.43550795316696167
Resveratrol,MAX,0.43550679087638855
Tangeretin,NFE2L2,0.4355064630508423
Melatonin,TNFAIP3,0.4355051517486572
Magnolol,MMP9,0.43550461530685425
Honokiol,LMNB1,0.4355037212371826
Tangeretin,JUN,0.43550243973731995
Resveratrol,BRCA1,0.4355023503303528
Magnolol,FN1,0.43549972772598267
Tangeretin,GADD45B,0.4354984760284424
Tangeretin,CD38,0.4354971647262573
Plumbagin,SMARCB1,0.4354952871799469
Resveratrol,RPS6KB1,0.4354948103427887
Curcumin,MPO,0.43549424409866333
Tyrosol,NUAK2,0.4354938566684723
Tangeretin,ALOX5,0.4354937970638275
Tyrosol,CCNA2,0.4354921281337738
Tangeretin,ACSL3,0.43549200892448425
Tyrosol,TSC2,0.43549028038978577
Tangeretin,MAPK3,0.43548986315727234
Magnolol,NCOA4,0.4354889690876007
Honokiol,CDK4,0.43548816442489624
Magnolol,ATR,0.4354870617389679
Honokiol,PPARGC1A,0.4354870319366455
Tyrosol,COL3A1,0.4354866147041321
Tangeretin,RAD50,0.43548476696014404
Tangeretin,SNAI1,0.4354839622974396
Naringenin,CD74,0.4354831874370575
Tangeretin,GADD45A,0.4354831278324127
Tangeretin,PRKDC,0.435482919216156
Tangeretin,TSC1,0.4354826807975769
Magnolol,VCAM1,0.43548259139060974
Honokiol,CDKN1B,0.4354816973209381
Resveratrol,EMP1,0.4354804754257202
Magnolol,GPX4,0.43547821044921875
Honokiol,BAP1,0.43547776341438293
Tanshinone IIA,SOCS1,0.43547770380973816
Resveratrol,NBN,0.4354769289493561
Resveratrol,GMFB,0.43547675013542175
Tangeretin,TRIB3,0.4354766607284546
Tanshinone IIA,IRF9,0.4354746341705322
Resveratrol,TGFB1,0.43547430634498596
Plumbagin,EPHA4,0.4354740381240845
Plumbagin,ATF3,0.4354719817638397
Curcumin,EGR1,0.435471773147583
Honokiol,BNIP3L,0.4354705214500427
Magnolol,BRD4,0.43546903133392334
Resveratrol,CCL2,0.43546879291534424
Tangeretin,CCNB1,0.43546634912490845
Magnolol,TP53,0.43546465039253235
Tangeretin,MTOR,0.4354628324508667
Curcumin,SMURF2,0.4354623258113861
Resveratrol,SLC7A11,0.4354615807533264
Resveratrol,SELE,0.43546003103256226
Tyrosol,PNPLA2,0.43545904755592346
Hydroxytyrosol,DPP4,0.43545740842819214
Nobiletin,KLF6,0.43545418977737427
Resveratrol,CDK6,0.4354528784751892
Tanshinone IIA,BCL6,0.43545153737068176
Magnolol,HMGA2,0.43544891476631165
Tangeretin,TERT,0.43544819951057434
Honokiol,VEGFA,0.43544745445251465
Resveratrol,TBX2,0.43544498085975647
Tyrosol,FTH1,0.4354441165924072
Honokiol,CDKN1A,0.4354441165924072
Resveratrol,ATM,0.43544211983680725
Tangeretin,IGFBP5,0.4354414939880371
Tyrosol,FOS,0.4354395866394043
Idebenone,PCNA,0.4354386031627655
Magnolol,SLAMF8,0.43543797731399536
Plumbagin,WWTR1,0.4354373514652252
Magnolol,MDM4,0.4354358911514282
Tangeretin,CSE1L,0.43543344736099243
Honokiol,PRKAA2,0.43543264269828796
Tanshinone IIA,SP1,0.4354310929775238
Idebenone,HMGA1,0.4354275166988373
Magnolol,ATF2,0.43542686104774475
Magnolol,MMP12,0.4354254901409149
Magnolol,LIG3,0.4354243278503418
Tangeretin,RB1,0.4354230463504791
Magnolol,SIRT6,0.43542250990867615
Resveratrol,ICAM1,0.4354194402694702
Resveratrol,MAP1LC3B,0.43541833758354187
Tangeretin,SLC3A2,0.43541789054870605
Shikonin,CD74,0.43541762232780457
Tangeretin,XRCC6,0.4354175329208374
Melatonin,NLRP3,0.43541499972343445
Resveratrol,EIF2AK3,0.4354129135608673
Magnolol,VDAC2,0.435412734746933
Curcumin,E2F1,0.43540894985198975
Tangeretin,BLM,0.4354081451892853
Tangeretin,ATF4,0.43540796637535095
Tangeretin,MNT,0.4354075491428375
Honokiol,STAT1,0.4354065954685211
Curcumin,MAPK14,0.43540361523628235
Ferulic acid,CAVIN1,0.43540292978286743
Honokiol,MMP9,0.43540284037590027
Curcumin,TNFAIP3,0.4354003667831421
Magnolol,HSPD1,0.43539923429489136
Tanshinone IIA,CXCL10,0.43539899587631226
Melatonin,NOX4,0.4353986978530884
Honokiol,FN1,0.43539801239967346
Tangeretin,LPIN1,0.4353959262371063
Tangeretin,STAT3,0.4353938400745392
Resveratrol,NUAK2,0.4353914260864258
Tangeretin,GABARAP,0.4353905916213989
Tangeretin,IL10,0.43538978695869446
Resveratrol,CCNA2,0.4353897273540497
Idebenone,GCLM,0.4353885352611542
Magnolol,MAPK8,0.4353882372379303
Resveratrol,TSC2,0.43538787961006165
Honokiol,NCOA4,0.43538716435432434
Tangeretin,IL1A,0.43538644909858704
Plumbagin,BRD7,0.4353863596916199
Melatonin,KDM6B,0.435385525226593
Honokiol,ATR,0.43538525700569153
Tangeretin,PLIN2,0.43538472056388855
Resveratrol,COL3A1,0.43538418412208557
Honokiol,VCAM1,0.4353807866573334
Honokiol,GPX4,0.4353764057159424
Tangeretin,TNF,0.4353729784488678
Plumbagin,WNT5A,0.43537160754203796
Idebenone,FABP5,0.4353693723678589
Tangeretin,ALOX12,0.43536868691444397
Magnolol,ATG7,0.43536731600761414
Honokiol,BRD4,0.435367226600647
Idebenone,MMP13,0.4353664815425873
Tyrosol,SIRT1,0.4353660047054291
Melatonin,FOSL1,0.4353642463684082
Idebenone,ABCC2,0.4353634715080261
Honokiol,TP53,0.435362845659256
Magnolol,CHAC1,0.43536117672920227
Resveratrol,PNPLA2,0.43535664677619934
Magnolol,XRCC1,0.4353524446487427
Pinocembrin,CD74,0.43534961342811584
Magnolol,NFE2L2,0.43534862995147705
Hydroxytyrosol,NR2F2,0.4353483021259308
Tanshinone IIA,PTGS2,0.4353480339050293
Honokiol,HMGA2,0.43534716963768005
Tangeretin,CCND1,0.4353468120098114
Magnolol,CD38,0.4353462755680084
Tangeretin,HSPA5,0.4353451430797577
Magnolol,CDO1,0.4353443384170532
Tangeretin,PARP1,0.4353439509868622
Magnolol,JUN,0.43534278869628906
Resveratrol,FTH1,0.43534180521965027
Magnolol,RAD50,0.43534043431282043
Tangeretin,VDAC3,0.4353398084640503
Idebenone,TNFRSF1A,0.43533873558044434
Magnolol,GADD45B,0.4353379011154175
Magnolol,GADD45A,0.4353378117084503
Magnolol,MAPK3,0.43533778190612793
Magnolol,ALOX5,0.43533772230148315
Resveratrol,FOS,0.4353371858596802
Magnolol,ACSL3,0.435337096452713
Honokiol,SLAMF8,0.4353362023830414
Tangeretin,GSS,0.4353354573249817
Magnolol,PRKDC,0.4353348910808563
Idebenone,MMP10,0.43533432483673096
Honokiol,MDM4,0.43533411622047424
Tangeretin,GOT1,0.43533357977867126
Tangeretin,CHEK2,0.43533220887184143
Tangeretin,HDAC3,0.43533211946487427
Magnolol,TRIB3,0.4353306293487549
Magnolol,TSC1,0.4353291392326355
Tangeretin,IL18,0.43532878160476685
Magnolol,SNAI1,0.43532851338386536
Tangeretin,TIMP2,0.43532702326774597
Tangeretin,STEAP3,0.4353262484073639
Tangeretin,DDIT3,0.43532535433769226
Honokiol,ATF2,0.43532508611679077
Tangeretin,HSP90AA1,0.43532443046569824
Magnolol,CCNB1,0.4353238046169281
Honokiol,MMP12,0.43532368540763855
Melatonin,IRF7,0.43532276153564453
Naringenin,LGMN,0.435322642326355
Honokiol,LIG3,0.4353225529193878
Honokiol,SIRT6,0.43532073497772217
Tanshinone IIA,MAP3K14,0.43532001972198486
Magnolol,MTOR,0.4353134334087372
Tanshinone IIA,HMOX1,0.43531334400177
Idebenone,BAP1,0.43531152606010437
Honokiol,VDAC2,0.4353109896183014
Curcumin,NLRP3,0.4353102147579193
Tangeretin,IGFBP3,0.4353090822696686
Tangeretin,BECN1,0.4353071451187134
Tangeretin,EP300,0.43530628085136414
Tangeretin,TERF2,0.43530532717704773
Idebenone,CD82,0.4352984130382538
Honokiol,HSPD1,0.435297429561615
Magnolol,IGFBP5,0.4352973401546478
Tanshinone IIA,IL1B,0.4352949559688568
Magnolol,TERT,0.43529462814331055
Curcumin,NOX4,0.43529391288757324
Plumbagin,E2F3,0.435293048620224
Tangeretin,XRCC5,0.43528738617897034
Magnolol,CSE1L,0.4352867603302002
Honokiol,MAPK8,0.43528640270233154
Tanshinone IIA,IFNG,0.435284286737442
Tangeretin,ACSL4,0.43528395891189575
Idebenone,RELA,0.4352828860282898
Tangeretin,CREB1,0.4352819621562958
Curcumin,KDM6B,0.43528077006340027
Tangeretin,GABARAPL1,0.43527695536613464
Naringenin,CTSB,0.4352759122848511
Tangeretin,MMP2,0.4352755546569824
Chrysophanol,SLC1A5,0.43527448177337646
Tangeretin,CREBBP,0.435273677110672
Tangeretin,HERC2,0.4352712631225586
Tangeretin,SERPINE1,0.4352693259716034
Idebenone,COL1A2,0.4352690577507019
Idebenone,BNIP3L,0.4352688789367676
Idebenone,STAT1,0.43526580929756165
Honokiol,ATG7,0.43526554107666016
Tangeretin,LIG4,0.43526530265808105
Resveratrol,SIRT1,0.43526363372802734
Magnolol,RB1,0.4352618157863617
Idebenone,COL1A1,0.4352601170539856
Curcumin,FOSL1,0.43525949120521545
Honokiol,CHAC1,0.4352594017982483
Magnolol,SLC3A2,0.43525898456573486
Melatonin,MEN1,0.4352588355541229
Idebenone,BRCA2,0.4352586567401886
Idebenone,VEGFA,0.4352584481239319
Tangeretin,SLC39A8,0.43525826930999756
Idebenone,HDAC1,0.4352569580078125
Magnolol,XRCC6,0.4352554976940155
Magnolol,ATF4,0.4352531135082245
Idebenone,NFKB1,0.43525269627571106
Tangeretin,FANCD2,0.43525224924087524
Magnolol,BLM,0.4352513551712036
Nobiletin,DUOX1,0.4352513551712036
Honokiol,XRCC1,0.4352506399154663
Idebenone,FOXO3,0.4352499842643738
Tangeretin,SESN2,0.4352491796016693
Honokiol,NFE2L2,0.4352468252182007
Idebenone,PRKAA2,0.4352453947067261
Magnolol,MNT,0.4352445900440216
Honokiol,CD38,0.43524450063705444
Melatonin,PPP2R2B,0.4352443814277649
Honokiol,CDO1,0.43524259328842163
Idebenone,HDAC2,0.4352418780326843
Tanshinone IIA,MAPK1,0.43524181842803955
Honokiol,JUN,0.4352409541606903
Idebenone,SQSTM1,0.43524014949798584
Shikonin,LGMN,0.43523937463760376
Idebenone,LMNB1,0.43523871898651123
Honokiol,RAD50,0.43523871898651123
Idebenone,CDKN2A,0.4352385699748993
Tangeretin,WRN,0.4352385699748993
Magnolol,STAT3,0.43523716926574707
Honokiol,GADD45B,0.4352361857891083
Honokiol,GADD45A,0.43523603677749634
Honokiol,MAPK3,0.43523600697517395
Honokiol,ALOX5,0.43523600697517395
Tyrosol,RAD51,0.4352359175682068
Honokiol,ACSL3,0.4352353513240814
Tanshinone IIA,S100A8,0.43523404002189636
Tangeretin,ATG5,0.4352339208126068
Idebenone,CDK4,0.4352337419986725
Honokiol,PRKDC,0.43523311614990234
Tanshinone IIA,YAP1,0.435232937335968
Tangeretin,FBXL5,0.4352317452430725
Tangeretin,AKT1,0.43523135781288147
Tangeretin,MMP3,0.4352312982082367
Magnolol,PLIN2,0.43523070216178894
Honokiol,TRIB3,0.4352288544178009
Magnolol,LPIN1,0.4352285861968994
Honokiol,TSC1,0.4352273643016815
Idebenone,CDKN1B,0.43522706627845764
Magnolol,GABARAP,0.4352269768714905
Honokiol,SNAI1,0.4352266788482666
Tanshinone IIA,ALOX15,0.43522587418556213
Magnolol,IL10,0.4352233409881592
Tangeretin,CCNE1,0.4352225363254547
Honokiol,CCNB1,0.43522199988365173
Tangeretin,HBP1,0.43522095680236816
Ferulic acid,SETD7,0.4352199137210846
Curcumin,IRF7,0.4352179765701294
Tangeretin,BNIP3,0.4352174699306488
Idebenone,CDKN1A,0.43521493673324585
Tanshinone IIA,TXNIP,0.4352131485939026
Honokiol,MTOR,0.4352116584777832
Idebenone,PPARGC1A,0.43520888686180115
Melatonin,LPCAT3,0.43520694971084595
Magnolol,IL1A,0.4352058172225952
Idebenone,MMP9,0.4352045953273773
Idebenone,HMGA2,0.43519842624664307
Tanshinone IIA,TNFAIP1,0.4351983368396759
Shikonin,CTSB,0.43519824743270874
Honokiol,IGFBP5,0.4351956248283386
Melatonin,PDE4B,0.43519511818885803
Magnolol,CCND1,0.4351937770843506
Tanshinone IIA,HMGB1,0.43519285321235657
Honokiol,TERT,0.4351928234100342
Magnolol,HSPA5,0.4351921081542969
Idebenone,MMP12,0.4351899027824402
Aloe emodin,CD74,0.43518948554992676
Pinocembrin,LGMN,0.4351891279220581
Tangeretin,CDK2,0.43518903851509094
Tanshinone IIA,FBXO31,0.43518897891044617
Magnolol,TNF,0.4351865351200104
Tanshinone IIA,TLR4,0.435186505317688
Magnolol,GSS,0.4351864159107208
Tanshinone IIA,TFRC,0.4351857006549835
Tanshinone IIA,KEAP1,0.4351852238178253
Honokiol,CSE1L,0.43518495559692383
Tanshinone IIA,IL6,0.4351816773414612
Magnolol,CHEK2,0.43518099188804626
Magnolol,HDAC3,0.4351809024810791
Tangeretin,PRNP,0.43517935276031494
Tangeretin,CHEK1,0.435177743434906
Tangeretin,FOXO1,0.43517592549324036
Magnolol,ALOX12,0.43517380952835083
Melatonin,SMARCB1,0.43517187237739563
Magnolol,PARP1,0.43517178297042847
Magnolol,VDAC3,0.43517032265663147
Plumbagin,PTBP1,0.43516984581947327
Idebenone,VCAM1,0.435169517993927
Tangeretin,LPIN2,0.4351688027381897
Magnolol,STEAP3,0.43516820669174194
Magnolol,IL18,0.4351658225059509
Nobiletin,MDM2,0.43516212701797485
Magnolol,DDIT3,0.4351619482040405
Tangeretin,PTEN,0.4351619482040405
Tanshinone IIA,SOCS2,0.435161292552948
Honokiol,RB1,0.4351600408554077
Tanshinone IIA,EPHA2,0.43515869975090027
Tangeretin,GCLC,0.43515852093696594
Magnolol,TIMP2,0.43515750765800476
Honokiol,SLC3A2,0.43515723943710327
Magnolol,GOT1,0.43515634536743164
Tangeretin,SLC40A1,0.435155987739563
Curcumin,MEN1,0.4351540803909302
Honokiol,XRCC6,0.4351537227630615
Tanshinone IIA,IGFBP7,0.43515199422836304
Honokiol,ATF4,0.4351513385772705
Magnolol,HSP90AA1,0.4351508319377899
Tangeretin,EIF2A,0.43515074253082275
Melatonin,EPHA4,0.4351505935192108
Tangeretin,CDKN2B,0.4351501166820526
Honokiol,BLM,0.43514958024024963
Magnolol,EP300,0.43514934182167053
Tanshinone IIA,LIFR,0.43514931201934814
Tangeretin,TERF1,0.4351486563682556
Melatonin,ATF3,0.4351484775543213
Idebenone,GPX4,0.4351479113101959
Tangeretin,BRCA1,0.4351454973220825
Idebenone,ATR,0.43514522910118103
Tangeretin,RBM3,0.4351441562175751
Magnolol,IGFBP3,0.4351440668106079
Tangeretin,EBF3,0.4351431727409363
Honokiol,MNT,0.43514278531074524
Pinocembrin,CTSB,0.4351423978805542
VC,DPP4,0.43514224886894226
Plumbagin,DPEP1,0.4351402819156647
Curcumin,PPP2R2B,0.43513959646224976
Magnolol,BECN1,0.4351387917995453
Tanshinone IIA,SOD1,0.4351378381252289
Magnolol,TERF2,0.4351362884044647
Tangeretin,PRKAA1,0.43513619899749756
Honokiol,STAT3,0.4351353943347931
Idebenone,TP53,0.43513521552085876
Tangeretin,TFAM,0.4351346790790558
Idebenone,NCOA4,0.4351345896720886
Resveratrol,RAD51,0.43513354659080505
Idebenone,SLAMF8,0.435132771730423
Naringenin,LCN2,0.43513259291648865
Idebenone,MDM4,0.43513214588165283
Idebenone,CHAC1,0.43513116240501404
Nobiletin,LOX,0.4351305067539215
Tangeretin,JAK2,0.4351291060447693
Honokiol,PLIN2,0.43512892723083496
Honokiol,LPIN1,0.43512681126594543
Honokiol,GABARAP,0.4351252019405365
Tangeretin,MAX,0.435123473405838
Honokiol,IL10,0.4351215660572052
Magnolol,XRCC5,0.43512094020843506
Magnolol,CREB1,0.43512049317359924
Idebenone,FN1,0.4351165294647217
Tangeretin,RPS6KB1,0.4351143538951874
Melatonin,WWTR1,0.43511390686035156
Magnolol,MMP2,0.43511345982551575
Magnolol,ACSL4,0.4351120889186859
Tanshinone IIA,MPO,0.4351118206977844
Magnolol,GABARAPL1,0.43511003255844116
Nobiletin,RGS4,0.43510809540748596
Magnolol,CREBBP,0.43510785698890686
Idebenone,BRD4,0.43510767817497253
Magnolol,HERC2,0.43510696291923523
Idebenone,ATF2,0.43510541319847107
Magnolol,SERPINE1,0.43510520458221436
Honokiol,IL1A,0.4351040720939636
Curcumin,LPCAT3,0.4351021647453308
Idebenone,CDO1,0.4351003170013428
Plumbagin,ICA1,0.4350990056991577
Tangeretin,GMFB,0.43509748578071594
Magnolol,LIG4,0.435097336769104
Tanshinone IIA,EDN1,0.43509721755981445
Tangeretin,SLC7A11,0.43509694933891296
Idebenone,VDAC2,0.43509504199028015
Tangeretin,EMP1,0.43509405851364136
Honokiol,CCND1,0.4350919723510742
Curcumin,PDE4B,0.4350903332233429
Honokiol,HSPA5,0.4350903332233429
Idebenone,LIG3,0.4350895881652832
Plumbagin,SNCA,0.43508854508399963
Naringenin,HIF1A,0.4350869953632355
Tangeretin,NBN,0.4350868761539459
Magnolol,FANCD2,0.4350852072238922
Tangeretin,CCL2,0.43508514761924744
Honokiol,TNF,0.4350847601890564
Honokiol,GSS,0.43508467078208923
Tanshinone IIA,SMURF2,0.43508467078208923
Shikonin,LCN2,0.43508103489875793
Tangeretin,TBX2,0.4350801408290863
Honokiol,CHEK2,0.4350792467594147
Idebenone,ACSL3,0.4350791573524475
Honokiol,HDAC3,0.43507909774780273
Tangeretin,SELE,0.4350782036781311
Tangeretin,CDK6,0.43507716059684753
Tangeretin,ATM,0.4350767135620117
Idebenone,SIRT6,0.4350762665271759
Idebenone,HSPD1,0.43507617712020874
Honokiol,ALOX12,0.43507203459739685
Magnolol,SESN2,0.4350719451904297
Idebenone,NFE2L2,0.4350713789463043
Magnolol,SLC39A8,0.43507084250450134
Idebenone,SNAI1,0.4350707232952118
Honokiol,PARP1,0.4350700378417969
Honokiol,VDAC3,0.4350685477256775
Idebenone,CD38,0.43506714701652527
Curcumin,SMARCB1,0.4350670576095581
Idebenone,ATG7,0.4350668787956238
Naringenin,NR1D1,0.4350667893886566
Honokiol,STEAP3,0.43506643176078796
Honokiol,IL18,0.43506407737731934
Magnolol,FBXL5,0.435063898563385
Magnolol,AKT1,0.43506374955177307
Melatonin,BRD7,0.4350629150867462
Idebenone,MAPK3,0.43506190180778503
Idebenone,XRCC1,0.4350614547729492
Honokiol,DDIT3,0.43506020307540894
Naringenin,IRF1,0.43505892157554626
Tanshinone IIA,EGR1,0.4350586533546448
Magnolol,ATG5,0.4350582957267761
Tangeretin,TGFB1,0.43505772948265076
Magnolol,CCNE1,0.43505677580833435
Magnolol,MMP3,0.43505650758743286
Idebenone,JUN,0.4350559711456299
Honokiol,TIMP2,0.43505576252937317
Honokiol,GOT1,0.43505460023880005
Phloretin,DPP4,0.43505388498306274
Idebenone,GADD45B,0.4350530803203583
Idebenone,PRKDC,0.43505242466926575
Magnolol,HBP1,0.4350505769252777
Honokiol,HSP90AA1,0.43504905700683594
Idebenone,TSC1,0.4350486993789673
Magnolol,WRN,0.43504855036735535
Idebenone,ALOX5,0.4350484609603882
Melatonin,WNT5A,0.4350481629371643
Magnolol,BNIP3,0.43504783511161804
Honokiol,EP300,0.43504756689071655
Curcumin,EPHA4,0.4350458085536957
Shikonin,NR1D1,0.4350452721118927
Idebenone,MAPK8,0.4350450336933136
Curcumin,ATF3,0.43504369258880615
Idebenone,GADD45A,0.4350423216819763
Honokiol,IGFBP3,0.4350423216819763
Tangeretin,MAP1LC3B,0.4350414276123047
Honokiol,BECN1,0.4350370168685913
Shikonin,HIF1A,0.4350356161594391
Honokiol,TERF2,0.43503451347351074
Tangeretin,EIF2AK3,0.43503379821777344
VC,NR2F2,0.4350331723690033
Plumbagin,MCU,0.43503081798553467
Tangeretin,CCNA2,0.43502411246299744
Shikonin,IRF1,0.4350232481956482
Tangeretin,ICAM1,0.4350228011608124
Honokiol,XRCC5,0.4350191354751587
Honokiol,CREB1,0.43501871824264526
Plumbagin,ERN1,0.4350164234638214
Idebenone,TNF,0.43501633405685425
Idebenone,MTOR,0.4350157082080841
Idebenone,RAD50,0.43501517176628113
Plumbagin,PADI4,0.43501490354537964
Idebenone,TRIB3,0.43501272797584534
Idebenone,TERT,0.4350122809410095
Salidroside,SLC1A5,0.4350118637084961
Plumbagin,HERPUD1,0.4350116550922394
Honokiol,MMP2,0.4350116550922394
Idebenone,IL1A,0.4350106418132782
Honokiol,ACSL4,0.43501028418540955
Hydroxytyrosol,LACTB,0.43500980734825134
Idebenone,ALOX12,0.4350094795227051
Curcumin,WWTR1,0.4350091218948364
Honokiol,GABARAPL1,0.43500831723213196
Magnolol,CHEK1,0.4350074529647827
Honokiol,CREBBP,0.4350060522556305
Honokiol,HERC2,0.43500515818595886
Idebenone,CCNB1,0.4350048899650574
Magnolol,CDK2,0.435004323720932
Honokiol,SERPINE1,0.4350034296512604
Tangeretin,NUAK2,0.4350013732910156
Tanshinone IIA,TNFAIP3,0.4350008964538574
Idebenone,IL10,0.43499940633773804
Pinocembrin,LCN2,0.43499910831451416
Magnolol,PRNP,0.434998482465744
Idebenone,XRCC6,0.4349977970123291
Idebenone,RB1,0.4349965751171112
Magnolol,FOXO1,0.43499594926834106
Honokiol,LIG4,0.4349955916404724
Magnolol,LPIN2,0.4349953234195709
Tanshinone IIA,E2F1,0.4349929690361023
Idebenone,IGFBP5,0.4349915385246277
Idebenone,MNT,0.4349912405014038
Idebenone,BLM,0.4349895715713501
Idebenone,LPIN1,0.43498921394348145
Idebenone,ATF4,0.4349882900714874
Magnolol,PTEN,0.4349881410598755
Idebenone,SLC3A2,0.4349880516529083
Honokiol,FANCD2,0.4349834620952606
Magnolol,GCLC,0.4349827766418457
Idebenone,CSE1L,0.4349822402000427
Idebenone,STAT3,0.43498024344444275
Magnolol,SLC40A1,0.4349798858165741
Idebenone,GABARAP,0.4349778890609741
Tanshinone IIA,MAPK14,0.4349769055843353
Magnolol,BRCA1,0.4349763095378876
Magnolol,EIF2A,0.4349755644798279
Tanshinone IIA,PRKD1,0.43497464060783386
Aloe emodin,LGMN,0.4349728524684906
Magnolol,CDKN2B,0.43497249484062195
Magnolol,TERF1,0.4349721670150757
Honokiol,SESN2,0.4349701404571533
Melatonin,E2F3,0.43496960401535034
Honokiol,SLC39A8,0.43496906757354736
Idebenone,PLIN2,0.434967964887619
Honokiol,FBXL5,0.4349621534347534
Honokiol,AKT1,0.43496203422546387
Tangeretin,TSC2,0.43496137857437134
Tangeretin,PNPLA2,0.4349604845046997
Magnolol,EBF3,0.43495962023735046
Curcumin,BRD7,0.4349581003189087
Tangeretin,COL3A1,0.43495678901672363
Honokiol,ATG5,0.43495652079582214
Magnolol,PRKAA1,0.434956431388855
Honokiol,CCNE1,0.43495500087738037
Honokiol,MMP3,0.4349547028541565
Pinocembrin,HIF1A,0.4349535405635834
Idebenone,PARP1,0.4349515736103058
Magnolol,RBM3,0.4349495768547058
Honokiol,HBP1,0.4349488615989685
Magnolol,TFAM,0.4349486231803894
Idebenone,GOT1,0.43494850397109985
Magnolol,JAK2,0.43494799733161926
Honokiol,WRN,0.43494683504104614
Idebenone,HSP90AA1,0.4349461495876312
Honokiol,BNIP3,0.43494606018066406
Idebenone,VDAC3,0.4349445104598999
Curcumin,WNT5A,0.43494340777397156
Magnolol,MAX,0.4349428117275238
Hydroxytyrosol,KLF6,0.43494027853012085
Aloe emodin,CTSB,0.4349367618560791
Nobiletin,FOXO4,0.4349358081817627
Magnolol,RPS6KB1,0.4349353611469269
Idebenone,TIMP2,0.4349345862865448
Pinocembrin,NR1D1,0.43493324518203735
Tangeretin,FTH1,0.43493279814720154
Idebenone,IL18,0.43492746353149414
Pinocembrin,IRF1,0.4349254369735718
Huperzine A,SLC1A5,0.43492430448532104
Idebenone,CHEK2,0.43492332100868225
Naringenin,ZEB1,0.4349227845668793
Magnolol,SLC7A11,0.4349226951599121
Idebenone,HDAC3,0.4349224269390106
Idebenone,CCND1,0.43492117524147034
Magnolol,GMFB,0.4349195063114166
Idebenone,SLC39A8,0.4349185824394226
Plumbagin,ACVR1B,0.4349178671836853
Idebenone,HSPA5,0.4349176287651062
Idebenone,DDIT3,0.4349170923233032
Idebenone,GSS,0.4349164664745331
Idebenone,TERF2,0.4349142014980316
Tangeretin,FOS,0.4349140226840973
Idebenone,STEAP3,0.4349096119403839
Magnolol,EMP1,0.43490907549858093
Magnolol,TBX2,0.4349082112312317
Idebenone,IGFBP3,0.43490707874298096
Idebenone,BECN1,0.43490704894065857
Honokiol,CHEK1,0.43490567803382874
Idebenone,ACSL4,0.43490538001060486
Phloretin,NR2F2,0.43490538001060486
Idebenone,SESN2,0.4349047541618347
Idebenone,EP300,0.43490466475486755
Magnolol,CCL2,0.4349044859409332
Magnolol,NBN,0.43490442633628845
Magnolol,ATM,0.4349040687084198
Honokiol,CDK2,0.4349025785923004
Naringenin,ATG3,0.4349002242088318
Magnolol,CDK6,0.434899240732193
Idebenone,WRN,0.4348982870578766
Magnolol,SELE,0.4348977506160736
Honokiol,PRNP,0.43489670753479004
Honokiol,FOXO1,0.4348942041397095
Idebenone,XRCC5,0.4348938465118408
Honokiol,LPIN2,0.43489354848861694
Nobiletin,E2F2,0.4348885118961334
Idebenone,GABARAPL1,0.4348878860473633
Idebenone,CREB1,0.43488726019859314
Honokiol,PTEN,0.4348863959312439
Idebenone,MMP2,0.4348861575126648
Idebenone,CREBBP,0.4348841905593872
Chrysophanol,CD74,0.4348839223384857
Honokiol,GCLC,0.4348810315132141
Idebenone,LIG4,0.43488022685050964
Idebenone,MMP3,0.43487995862960815
Honokiol,SLC40A1,0.4348781406879425
Shikonin,ZEB1,0.4348772466182709
Tanshinone IIA,NLRP3,0.4348770081996918
Naringenin,RUNX3,0.434874951839447
Idebenone,HERC2,0.43487486243247986
Idebenone,SERPINE1,0.4348748028278351
Honokiol,BRCA1,0.4348745346069336
Honokiol,EIF2A,0.4348738193511963
Tanshinone IIA,KDM6B,0.43487292528152466
Honokiol,CDKN2B,0.43487074971199036
Honokiol,TERF1,0.4348703920841217
Nobiletin,MYC,0.43487006425857544
Epicatechin,SLC1A5,0.4348672330379486
Magnolol,MAP1LC3B,0.43486663699150085
Catechin,SLC1A5,0.43486487865448
Curcumin,E2F3,0.4348647892475128
Idebenone,FANCD2,0.43486055731773376
Shikonin,RUNX3,0.43485960364341736
Aloe emodin,NR1D1,0.4348594844341278
Idebenone,ATG5,0.4348580837249756
Honokiol,EBF3,0.4348578453063965
Magnolol,EIF2AK3,0.43485766649246216
Magnolol,TGFB1,0.43485766649246216
Honokiol,PRKAA1,0.4348546862602234
Magnolol,CCNA2,0.4348543882369995
Idebenone,AKT1,0.4348542094230652
Nobiletin,CBS,0.4348510801792145
Idebenone,FBXL5,0.4348491132259369
Honokiol,RBM3,0.4348478317260742
Idebenone,CDK2,0.4348476231098175
Idebenone,HBP1,0.4348471164703369
Honokiol,TFAM,0.4348468482494354
Honokiol,JAK2,0.4348462224006653
Tanshinone IIA,FOSL1,0.4348446726799011
Idebenone,BNIP3,0.4348425567150116
Idebenone,CCNE1,0.43484190106391907
Magnolol,ICAM1,0.4348418116569519
Honokiol,MAX,0.43484097719192505
Shikonin,ATG3,0.43484067916870117
Tangeretin,SIRT1,0.4348362982273102
Idebenone,PRNP,0.4348355829715729
Honokiol,RPS6KB1,0.4348335862159729
Aloe emodin,LCN2,0.43483269214630127
Nobiletin,MRE11,0.4348311722278595
Idebenone,FOXO1,0.43482792377471924
Nobiletin,H2AX,0.4348278343677521
Tanshinone IIA,NOX4,0.4348265528678894
Nobiletin,MMP1,0.43482619524002075
Idebenone,EBF3,0.4348261058330536
Nobiletin,CRYAB,0.4348243176937103
Nobiletin,FTL,0.43482303619384766
Magnolol,NUAK2,0.43482300639152527
Nobiletin,CXCL8,0.43482211232185364
Honokiol,SLC7A11,0.43482092022895813
Melatonin,PTBP1,0.43481817841529846
Honokiol,GMFB,0.43481773138046265
Melatonin,DPEP1,0.434816837310791
Idebenone,CHEK1,0.43481186032295227
Nobiletin,ADIPOQ,0.4348110556602478
Nobiletin,MAP1LC3A,0.4348107874393463
Idebenone,LPIN2,0.4348090887069702
Idebenone,PTEN,0.4348084330558777
Honokiol,EMP1,0.43480733036994934
Idebenone,TFAM,0.4348069131374359
Honokiol,TBX2,0.4348064661026001
Idebenone,SLC40A1,0.4348052442073822
Idebenone,GCLC,0.434803307056427
Idebenone,CDKN2B,0.4348031282424927
Honokiol,CCL2,0.43480271100997925
Honokiol,NBN,0.43480268120765686
Honokiol,ATM,0.4348023235797882
Plumbagin,SPATA2,0.434801310300827
Idebenone,TERF1,0.4347999691963196
Honokiol,CDK6,0.4347974956035614
Idebenone,EIF2A,0.4347972273826599
Idebenone,RBM3,0.43479636311531067
Honokiol,SELE,0.434796005487442
Idebenone,PRKAA1,0.43479546904563904
Idebenone,JAK2,0.43479475378990173
Naringenin,SOCS1,0.43479207158088684
Pinocembrin,ZEB1,0.4347892999649048
Naringenin,IRF9,0.4347892999649048
Tanshinone IIA,IRF7,0.43478924036026
Idebenone,MAX,0.43478843569755554
Idebenone,BRCA1,0.43478402495384216
Aloe emodin,HIF1A,0.4347836673259735
Aloe emodin,IRF1,0.4347807765007019
Naringenin,BCL6,0.4347795844078064
Magnolol,PNPLA2,0.4347790479660034
Idebenone,RPS6KB1,0.4347764551639557
Melatonin,ICA1,0.43477559089660645
Nobiletin,HSPB1,0.43477293848991394
Magnolol,TSC2,0.4347721040248871
Magnolol,COL3A1,0.4347674250602722
Pinocembrin,ATG3,0.4347667098045349
Melatonin,SNCA,0.434765100479126
Honokiol,MAP1LC3B,0.43476489186286926
Nobiletin,TIMP1,0.434762567281723
Idebenone,EMP1,0.4347621202468872
Shikonin,SOCS1,0.4347597360610962
Idebenone,NBN,0.43475860357284546
Idebenone,GMFB,0.43475842475891113
Tanshinone IIA,MEN1,0.434756875038147
Idebenone,TGFB1,0.43475598096847534
Honokiol,TGFB1,0.4347558915615082
Honokiol,EIF2AK3,0.4347558915615082
Honokiol,CCNA2,0.43475261330604553
Shikonin,IRF9,0.4347519278526306
Idebenone,CCL2,0.434750497341156
Emodin,SLC1A5,0.43474990129470825
Magnolol,FTH1,0.43474867939949036
Tanshinone IIA,PPP2R2B,0.4347439110279083
Idebenone,SLC7A11,0.434743195772171
Tanshinone IIA,PDE4B,0.4347430467605591
Naringenin,SP1,0.43474268913269043
Hydroxytyrosol,DUOX1,0.4347425103187561
Idebenone,SELE,0.43474164605140686
Pinocembrin,RUNX3,0.43474143743515015
Honokiol,ICAM1,0.4347400367259979
Erastin,SLC1A5,0.43473580479621887
Idebenone,CDK6,0.4347345232963562
Shikonin,BCL6,0.4347313940525055
Idebenone,TBX2,0.4347265958786011
Magnolol,FOS,0.43472400307655334
Idebenone,ATM,0.43472370505332947
Plumbagin,ABCC1,0.4347213804721832
Honokiol,NUAK2,0.43472129106521606
Shikonin,SP1,0.43471357226371765
Curcumin,PTBP1,0.4347133934497833
Curcumin,DPEP1,0.43471208214759827
Naringenin,CXCL10,0.4347110986709595
Melatonin,MCU,0.4347074031829834
Tangeretin,RAD51,0.43470561504364014
Idebenone,ICAM1,0.4347011148929596
Hydroxytyrosol,MDM2,0.43470102548599243
Idebenone,MAP1LC3B,0.43469998240470886
VC,LACTB,0.43469470739364624
Idebenone,EIF2AK3,0.4346946179866791
Melatonin,ERN1,0.43469303846359253
Melatonin,PADI4,0.434691458940506
Hydroxytyrosol,LOX,0.4346887171268463
Melatonin,HERPUD1,0.4346882104873657
Shikonin,CXCL10,0.4346846044063568
Honokiol,PNPLA2,0.4346773028373718
Idebenone,NUAK2,0.4346730709075928
Tanshinone IIA,SMARCB1,0.43467289209365845
Idebenone,CCNA2,0.43467140197753906
Curcumin,ICA1,0.4346708357334137
Nobiletin,PCNA,0.43467074632644653
Honokiol,TSC2,0.4346703886985779
Idebenone,TSC2,0.434669554233551
Plumbagin,SAT1,0.4346683919429779
Chrysophanol,LGMN,0.4346672594547272
Idebenone,COL3A1,0.43466585874557495
Honokiol,COL3A1,0.4346656799316406
Curcumin,SNCA,0.43466028571128845
Pinocembrin,SOCS1,0.43465858697891235
Pinocembrin,IRF9,0.4346557855606079
Naringenin,PTGS2,0.43465572595596313
Hydroxytyrosol,RGS4,0.4346538484096527
Magnolol,SIRT1,0.4346473217010498
Honokiol,FTH1,0.43464696407318115
Pinocembrin,BCL6,0.43464604020118713
Naringenin,MAP3K14,0.4346455931663513
Tanshinone IIA,ATF3,0.4346446096897125
Nobiletin,HMGA1,0.4346397817134857
Idebenone,PNPLA2,0.4346383512020111
Aloe emodin,RUNX3,0.43463578820228577
Shikonin,PTGS2,0.43463388085365295
Chrysophanol,CTSB,0.43463119864463806
Salidroside,CD74,0.4346259534358978
VC,KLF6,0.43462520837783813
Idebenone,FTH1,0.43462345004081726
Honokiol,FOS,0.43462222814559937
Idebenone,FOS,0.43461886048316956
Aloe emodin,ZEB1,0.43461859226226807
Naringenin,HMOX1,0.4346183240413666
Tanshinone IIA,WWTR1,0.43461695313453674
Tanshinone IIA,LPCAT3,0.4346129894256592
Nobiletin,FABP5,0.4346119165420532
Nobiletin,ABCC2,0.43460947275161743
Shikonin,MAP3K14,0.4346092641353607
Pinocembrin,SP1,0.43460920453071594
Nobiletin,MMP13,0.4346085786819458
Curcumin,MCU,0.43460264801979065
Shikonin,HMOX1,0.4346003830432892
Melatonin,ACVR1B,0.43459445238113403
Naringenin,IL1B,0.4345933496952057
Curcumin,ERN1,0.4345882833003998
Shikonin,IL1B,0.4345869719982147
Curcumin,PADI4,0.43458670377731323
Naringenin,IFNG,0.43458545207977295
Curcumin,HERPUD1,0.434583455324173
Nobiletin,GCLM,0.4345807135105133
Pinocembrin,CXCL10,0.434577614068985
Shikonin,IFNG,0.43457484245300293
Tanshinone IIA,WNT5A,0.43456679582595825
Naringenin,S100A8,0.4345633387565613
Plumbagin,COX7A1,0.43456247448921204
Tanshinone IIA,BRD7,0.4345604479312897
Chrysophanol,NR1D1,0.43455392122268677
Hydroxytyrosol,FOXO4,0.4345497786998749
Aloe emodin,ATG3,0.43454670906066895
Honokiol,SIRT1,0.4345455765724182
Idebenone,SIRT1,0.4345453679561615
Naringenin,MAPK1,0.4345419108867645
Nobiletin,TNFRSF1A,0.43454042077064514
Naringenin,ALOX15,0.43453919887542725
Nobiletin,MMP10,0.43453896045684814
Huperzine A,CD74,0.43453842401504517
Naringenin,YAP1,0.43453648686408997
Shikonin,MAPK1,0.4345322251319885
Tanshinone IIA,EPHA4,0.4345287084579468
Shikonin,S100A8,0.4345279932022095
Chrysophanol,LCN2,0.434527188539505
Naringenin,FBXO31,0.43452438712120056
Nobiletin,BAP1,0.4345237910747528
Shikonin,YAP1,0.43452367186546326
Pinocembrin,PTGS2,0.43452221155166626
Magnolol,RAD51,0.43452194333076477
Naringenin,TNFAIP1,0.43452051281929016
Nobiletin,CD82,0.4345155656337738
Naringenin,TFRC,0.4345153272151947
Shikonin,ALOX15,0.43451496958732605
Pinocembrin,MAP3K14,0.4345121383666992
Naringenin,HMGB1,0.43450871109962463
Naringenin,KEAP1,0.434508353471756
Shikonin,TXNIP,0.4345076382160187
Naringenin,TXNIP,0.43450549244880676
Hydroxytyrosol,E2F2,0.4345037341117859
Aloe emodin,SOCS1,0.4345008134841919
Hydroxytyrosol,MYC,0.43449822068214417
Shikonin,FBXO31,0.4344935119152069
Nobiletin,COL1A2,0.4344923496246338
Shikonin,HMGB1,0.43449142575263977
Aloe emodin,IRF9,0.43449124693870544
Curcumin,ACVR1B,0.43448972702026367
Shikonin,TNFAIP1,0.4344865679740906
Naringenin,TLR4,0.43448546528816223
Pinocembrin,HMOX1,0.4344848096370697
Shikonin,TLR4,0.4344828724861145
Shikonin,TFRC,0.4344819486141205
Shikonin,KEAP1,0.4344803988933563
Hydroxytyrosol,CBS,0.4344801902770996
Naringenin,EPHA2,0.4344784617424011
Chrysophanol,HIF1A,0.43447810411453247
Epicatechin,CD74,0.43447810411453247
Melatonin,SPATA2,0.43447792530059814
Shikonin,IL6,0.4344771206378937
Naringenin,IL6,0.43447667360305786
Nobiletin,COL1A1,0.43447649478912354
Hydroxytyrosol,MRE11,0.4344761371612549
Catechin,CD74,0.43447577953338623
Chrysophanol,IRF1,0.43447524309158325
Nobiletin,BRCA2,0.43447455763816833
Hydroxytyrosol,H2AX,0.43447351455688477
Nobiletin,RELA,0.43447235226631165
Hydroxytyrosol,MMP1,0.4344721734523773
Hydroxytyrosol,FTL,0.4344712197780609
Hydroxytyrosol,CXCL8,0.4344691038131714
Naringenin,SOCS2,0.4344678521156311
Hydroxytyrosol,MAP1LC3A,0.43446624279022217
Naringenin,LIFR,0.43446147441864014
Hydroxytyrosol,CRYAB,0.43446093797683716
Pinocembrin,IL1B,0.4344598352909088
Shikonin,SOCS2,0.4344591200351715
Nobiletin,CDKN2A,0.4344589412212372
Shikonin,EPHA2,0.43445613980293274
Aloe emodin,SP1,0.43445613980293274
Naringenin,SOD1,0.4344552457332611
Pinocembrin,IFNG,0.43445202708244324
Tanshinone IIA,E2F3,0.4344518184661865
Hydroxytyrosol,ADIPOQ,0.434450626373291
Nobiletin,HDAC1,0.43445053696632385
Salidroside,LGMN,0.4344494044780731
Shikonin,IGFBP7,0.4344485104084015
Shikonin,LIFR,0.43444621562957764
Naringenin,IGFBP7,0.4344449043273926
Nobiletin,STAT1,0.43444347381591797
Aloe emodin,BCL6,0.43444162607192993
Nobiletin,NFKB1,0.43443986773490906
Nobiletin,HDAC2,0.4344390630722046
Nobiletin,SQSTM1,0.43443581461906433
Shikonin,SOD1,0.43443483114242554
Nobiletin,VEGFA,0.4344320297241211
Naringenin,MPO,0.4344313144683838
Pinocembrin,S100A8,0.4344298243522644
VC,DUOX1,0.43442749977111816
Hydroxytyrosol,HSPB1,0.43442484736442566
Aloe emodin,CXCL10,0.43442437052726746
Nobiletin,PPARGC1A,0.43442055583000183
Honokiol,RAD51,0.4344201982021332
Nobiletin,PRKAA2,0.4344194233417511
Phloretin,LACTB,0.43441858887672424
Idebenone,RAD51,0.4344152808189392
Nobiletin,CDK4,0.4344151020050049
Nobiletin,FOXO3,0.4344130754470825
Naringenin,SMURF2,0.43441155552864075
Shikonin,MPO,0.43441110849380493
Hydroxytyrosol,TIMP1,0.43440908193588257
Pinocembrin,MAPK1,0.4344084560871124
Naringenin,EDN1,0.43440747261047363
Nobiletin,BNIP3L,0.4344067871570587
Salidroside,CTSB,0.4344066083431244
Pinocembrin,ALOX15,0.43440571427345276
Pinocembrin,YAP1,0.4344029724597931
Nobiletin,LMNB1,0.4343999922275543
Melatonin,ABCC1,0.43439802527427673
Shikonin,EDN1,0.43439531326293945
Shikonin,SMURF2,0.43439415097236633
Pinocembrin,FBXO31,0.4343908727169037
Pinocembrin,TNFAIP1,0.4343870282173157
VC,MDM2,0.4343859553337097
Pinocembrin,TFRC,0.4343818724155426
Tanshinone IIA,PTBP1,0.43437984585762024
Aloe emodin,PTGS2,0.43437930941581726
Nobiletin,CDKN1B,0.4343792200088501
Pinocembrin,HMGB1,0.43437525629997253
Pinocembrin,KEAP1,0.4343748986721039
Plumbagin,DYRK1A,0.43437430262565613
VC,LOX,0.4343736469745636
Curcumin,SPATA2,0.4343731999397278
Pinocembrin,TXNIP,0.4343720078468323
Nobiletin,HMGA2,0.43437066674232483
Nobiletin,MMP12,0.4343700408935547
Naringenin,EGR1,0.43436896800994873
Emodin,CD74,0.4343640208244324
Huperzine A,LGMN,0.43436288833618164
Shikonin,EGR1,0.4343591630458832
Nobiletin,VCAM1,0.4343544840812683
Nobiletin,CDKN1A,0.4343537986278534
Pinocembrin,TLR4,0.43435195088386536
Erastin,CD74,0.4343498945236206
Aloe emodin,HMOX1,0.43434926867485046
Aloe emodin,IL1B,0.434347540140152
Pinocembrin,EPHA2,0.4343450367450714
Melatonin,SAT1,0.4343450367450714
Pinocembrin,IL6,0.4343431890010834
VC,RGS4,0.4343388080596924
Pinocembrin,SOCS2,0.434334397315979
Nobiletin,MMP9,0.4343305826187134
Chrysophanol,RUNX3,0.4343302845954895
Aloe emodin,IFNG,0.43432915210723877
Hydroxytyrosol,PCNA,0.43432891368865967
Pinocembrin,LIFR,0.43432798981666565
Pinocembrin,SOD1,0.43432173132896423
Huperzine A,CTSB,0.4343201518058777
Hydroxytyrosol,HMGA1,0.43431785702705383
Epicatechin,LGMN,0.4343176782131195
Naringenin,TNFAIP3,0.43431705236434937
Catechin,LGMN,0.43431535363197327
Nobiletin,NCOA4,0.4343138635158539
Chrysophanol,ZEB1,0.4343130588531494
Nobiletin,FN1,0.4343128204345703
Shikonin,TNFAIP3,0.43431174755096436
Pinocembrin,IGFBP7,0.43431147933006287
Nobiletin,ATR,0.43431031703948975
Aloe emodin,MAP3K14,0.43430978059768677
Nobiletin,SLAMF8,0.43430814146995544
Nobiletin,GPX4,0.4343043267726898
Naringenin,E2F1,0.4343026578426361
Nobiletin,TP53,0.4343022108078003
Nobiletin,CHAC1,0.4342983365058899
Pinocembrin,MPO,0.4342978596687317
Shikonin,E2F1,0.43429630994796753
Nobiletin,BRD4,0.43429356813430786
Curcumin,ABCC1,0.4342932105064392
Aloe emodin,MAPK1,0.43428468704223633
Shikonin,MAPK14,0.4342840313911438
Naringenin,MAPK14,0.43428197503089905
Shikonin,PRKD1,0.43428125977516174
Hydroxytyrosol,GCLM,0.4342788755893707
Nobiletin,MDM4,0.43427881598472595
Nobiletin,CDO1,0.4342787265777588
Pinocembrin,SMURF2,0.43427810072898865
Salidroside,LCN2,0.43427756428718567
Pinocembrin,EDN1,0.43427395820617676
Aloe emodin,TXNIP,0.43427154421806335
Epicatechin,CTSB,0.4342710077762604
Catechin,CTSB,0.43426865339279175
Nobiletin,ATF2,0.43426623940467834
Aloe emodin,YAP1,0.43426334857940674
Tanshinone IIA,DPEP1,0.43425995111465454
Hydroxytyrosol,FABP5,0.4342597723007202
Hydroxytyrosol,MMP13,0.4342568516731262
Nobiletin,LIG3,0.4342553913593292
Hydroxytyrosol,ABCC2,0.43425387144088745
Tanshinone IIA,ICA1,0.43425166606903076
Phloretin,KLF6,0.43424588441848755
Nobiletin,HSPD1,0.43424510955810547
Nobiletin,SIRT6,0.434244841337204
Chrysophanol,ATG3,0.43424341082572937
Curcumin,SAT1,0.43424028158187866
Salidroside,NR1D1,0.43423980474472046
Melatonin,COX7A1,0.4342391788959503
Aloe emodin,IL6,0.4342367947101593
Nobiletin,VDAC2,0.43423619866371155
Pinocembrin,EGR1,0.43423545360565186
VC,FOXO4,0.43423476815223694
Aloe emodin,ALOX15,0.43423378467559814
Salidroside,HIF1A,0.4342308044433594
Aloe emodin,TLR4,0.43423014879226685
Hydroxytyrosol,TNFRSF1A,0.4342291057109833
Naringenin,PRKD1,0.4342283010482788
Hydroxytyrosol,MMP10,0.4342247545719147
Nobiletin,ACSL3,0.4342228174209595
Nobiletin,MAPK8,0.43421533703804016
Nobiletin,SNAI1,0.43421462178230286
Tanshinone IIA,SNCA,0.4342140853404999
Aloe emodin,S100A8,0.4342121183872223
Nobiletin,JUN,0.43421193957328796
Nobiletin,ATG7,0.4342111349105835
Nobiletin,XRCC1,0.4342111349105835
Salidroside,IRF1,0.43421074748039246
Aloe emodin,IGFBP7,0.43421071767807007
Nobiletin,GADD45B,0.4342079758644104
Nobiletin,NFE2L2,0.4342038929462433
Hydroxytyrosol,BAP1,0.4342018961906433
Aloe emodin,HMGB1,0.4341997504234314
Chrysophanol,SOCS1,0.43419530987739563
Nobiletin,CD38,0.43419384956359863
Huperzine A,LCN2,0.4341910779476166
Shikonin,NLRP3,0.43418991565704346
Hydroxytyrosol,CD82,0.4341888129711151
VC,E2F2,0.43418869376182556
Shikonin,KDM6B,0.43418797850608826
Emodin,LGMN,0.43418747186660767
Nobiletin,TSC1,0.43418630957603455
Chrysophanol,IRF9,0.43418577313423157
Aloe emodin,SOCS2,0.4341855049133301
Aloe emodin,TNFAIP1,0.43418535590171814
Nobiletin,ALOX5,0.4341844618320465
Naringenin,KDM6B,0.43418359756469727
Pinocembrin,TNFAIP3,0.4341835677623749
VC,MYC,0.4341832399368286
Nobiletin,MAPK3,0.43418312072753906
Tanshinone IIA,ERN1,0.4341830313205719
Tanshinone IIA,MCU,0.4341760575771332
Naringenin,NLRP3,0.4341752827167511
Tanshinone IIA,HERPUD1,0.4341750144958496
Aloe emodin,KEAP1,0.4341737627983093
Hydroxytyrosol,RELA,0.4341733753681183
Erastin,LGMN,0.4341733753681183
Nobiletin,PRKDC,0.43417301774024963
Nobiletin,RAD50,0.4341697692871094
Nobiletin,GADD45A,0.43416959047317505
Pinocembrin,E2F1,0.4341692328453064
Nobiletin,TRIB3,0.434165358543396
VC,CBS,0.43416517972946167
Shikonin,FOSL1,0.4341611862182617
VC,MRE11,0.43416112661361694
Hydroxytyrosol,COL1A2,0.4341594874858856
Hydroxytyrosol,BNIP3L,0.4341593384742737
VC,H2AX,0.4341585338115692
Nobiletin,MTOR,0.43415820598602295
Aloe emodin,LIFR,0.43415722250938416
VC,MMP1,0.43415719270706177
Nobiletin,CCNB1,0.4341565668582916
Nobiletin,TERT,0.43415629863739014
Hydroxytyrosol,STAT1,0.43415623903274536
VC,FTL,0.434156209230423
Aloe emodin,TFRC,0.4341554641723633
VC,CXCL8,0.43415409326553345
Huperzine A,NR1D1,0.4341527819633484
VC,MAP1LC3A,0.4341512620449066
Chrysophanol,SP1,0.4341506361961365
Hydroxytyrosol,COL1A1,0.4341505765914917
Nobiletin,ALOX12,0.4341498911380768
Naringenin,FOSL1,0.4341496229171753
Hydroxytyrosol,BRCA2,0.4341490864753723
Hydroxytyrosol,VEGFA,0.4341488778591156
Pinocembrin,MAPK14,0.43414852023124695
Shikonin,NOX4,0.4341481924057007
Hydroxytyrosol,HDAC1,0.4341473877429962
Aloe emodin,EPHA2,0.4341464936733246
VC,CRYAB,0.43414589762687683
Nobiletin,IL1A,0.43414488434791565
Emodin,CTSB,0.4341447055339813
Huperzine A,HIF1A,0.434144526720047
Hydroxytyrosol,NFKB1,0.4341431260108948
Aloe emodin,FBXO31,0.43414226174354553
Hydroxytyrosol,FOXO3,0.4341404139995575
Nobiletin,IGFBP5,0.434137225151062
Nobiletin,TNF,0.4341365098953247
Chrysophanol,BCL6,0.43413615226745605
Hydroxytyrosol,PRKAA2,0.4341357946395874
VC,ADIPOQ,0.4341356158256531
Curcumin,COX7A1,0.43413445353507996
Aloe emodin,SOD1,0.4341343641281128
Hydroxytyrosol,HDAC2,0.43413227796554565
Nobiletin,XRCC6,0.4341306686401367
Erastin,CTSB,0.43413057923316956
Hydroxytyrosol,SQSTM1,0.43413057923316956
Hydroxytyrosol,LMNB1,0.43412914872169495
Hydroxytyrosol,CDKN2A,0.4341289699077606
Nobiletin,IL10,0.4341287910938263
Epicatechin,LCN2,0.4341278076171875
Nobiletin,RB1,0.4341270923614502
Nobiletin,BLM,0.4341261386871338
Nobiletin,CSE1L,0.43412551283836365
Catechin,LCN2,0.4341254234313965
Hydroxytyrosol,CDK4,0.4341242015361786
Huperzine A,IRF1,0.43412357568740845
Nobiletin,MNT,0.43412303924560547
Nobiletin,LPIN1,0.4341226816177368
Nobiletin,SLC3A2,0.434120237827301
Chrysophanol,CXCL10,0.4341188967227936
Hydroxytyrosol,CDKN1B,0.43411746621131897
Aloe emodin,PRKD1,0.43411198258399963
Nobiletin,ATF4,0.43411126732826233
Shikonin,IRF7,0.4341106414794922
VC,HSPB1,0.4341098368167877
Naringenin,NOX4,0.43410900235176086
Nobiletin,GABARAP,0.4341087341308594
Aloe emodin,EDN1,0.4341072142124176
Hydroxytyrosol,CDKN1A,0.43410542607307434
Nobiletin,STAT3,0.4340997636318207
Hydroxytyrosol,PPARGC1A,0.43409931659698486
Hydroxytyrosol,MMP9,0.4340950846672058
Pinocembrin,PRKD1,0.4340948164463043
VC,TIMP1,0.434094101190567
Tanshinone IIA,PADI4,0.434094101190567
Shikonin,MEN1,0.43409085273742676
Aloe emodin,MPO,0.4340895712375641
Hydroxytyrosol,HMGA2,0.43408888578414917
Naringenin,IRF7,0.434088796377182
Shikonin,PDE4B,0.4340886175632477
Tanshinone IIA,ACVR1B,0.43408674001693726
Nobiletin,PLIN2,0.4340862035751343
Epicatechin,HIF1A,0.4340822398662567
Hydroxytyrosol,MMP12,0.4340803623199463
Catechin,HIF1A,0.4340799152851105
Nobiletin,PARP1,0.4340774714946747
Chrysophanol,PTGS2,0.4340738356113434
Nobiletin,VDAC3,0.434071809053421
Shikonin,PPP2R2B,0.43407154083251953
Nobiletin,GOT1,0.43407124280929565
Naringenin,PDE4B,0.4340706169605255
Salidroside,ZEB1,0.4340692162513733
Naringenin,MEN1,0.43406912684440613
Aloe emodin,EGR1,0.43406710028648376
Epicatechin,NR1D1,0.4340619444847107
Hydroxytyrosol,VCAM1,0.4340600371360779
Nobiletin,HSP90AA1,0.4340599477291107
Catechin,NR1D1,0.43405959010124207
Nobiletin,TIMP2,0.4340585172176361
Aloe emodin,SMURF2,0.43405771255493164
Epicatechin,IRF1,0.43405410647392273
Naringenin,PPP2R2B,0.43405231833457947
Catechin,IRF1,0.4340517818927765
Melatonin,DYRK1A,0.4340510070323944
Pinocembrin,KDM6B,0.43405017256736755
Nobiletin,IL18,0.4340495467185974
Nobiletin,CCND1,0.43404486775398254
Chrysophanol,HMOX1,0.4340437948703766
Nobiletin,CHEK2,0.4340435266494751
Nobiletin,HDAC3,0.43404334783554077
Nobiletin,HSPA5,0.43404263257980347
Chrysophanol,IL1B,0.4340420663356781
Pinocembrin,NLRP3,0.4340418577194214
Salidroside,RUNX3,0.43404170870780945
Nobiletin,GSS,0.4340416193008423
Phloretin,RGS4,0.43404078483581543
Phloretin,DUOX1,0.43404072523117065
Hydroxytyrosol,GPX4,0.4340384006500244
Nobiletin,STEAP3,0.4340359568595886
Hydroxytyrosol,ATR,0.43403568863868713
Nobiletin,SLC39A8,0.43403512239456177
Nobiletin,DDIT3,0.4340342581272125
Nobiletin,TERF2,0.4340321123600006
Salidroside,ATG3,0.43403205275535583
Nobiletin,BECN1,0.4340287744998932
Nobiletin,SESN2,0.4340285062789917
Hydroxytyrosol,TP53,0.43402573466300964
Hydroxytyrosol,NCOA4,0.4340250492095947
Chrysophanol,IFNG,0.4340236783027649
Hydroxytyrosol,SLAMF8,0.43402329087257385
Hydroxytyrosol,MDM4,0.4340226650238037
Hydroxytyrosol,CHAC1,0.4340216815471649
Nobiletin,IGFBP3,0.4340206980705261
Nobiletin,WRN,0.4340199828147888
Pinocembrin,FOSL1,0.4340161681175232
Emodin,LCN2,0.4340156614780426
Nobiletin,EP300,0.4340146780014038
Nobiletin,ACSL4,0.43401458859443665
VC,PCNA,0.43401387333869934
Shikonin,SMARCB1,0.43401163816452026
Nobiletin,XRCC5,0.43401026725769043
Hydroxytyrosol,FN1,0.4340069890022278
Phloretin,LOX,0.43400439620018005
Aloe emodin,E2F1,0.43400436639785767
Chrysophanol,MAP3K14,0.4340043067932129
VC,HMGA1,0.43400290608406067
Erastin,LCN2,0.4340015649795532
Nobiletin,MMP3,0.43399959802627563
Nobiletin,GABARAPL1,0.433999240398407
Aloe emodin,MAPK14,0.4339990019798279
Hydroxytyrosol,BRD4,0.4339981973171234
Nobiletin,CREB1,0.4339963495731354
Nobiletin,CREBBP,0.4339963495731354
Hydroxytyrosol,ATF2,0.4339959919452667
Aloe emodin,TNFAIP3,0.43399572372436523
Nobiletin,MMP2,0.43399348855018616
Nobiletin,SERPINE1,0.4339921474456787
Hydroxytyrosol,CDO1,0.4339908957481384
Nobiletin,LIG4,0.4339880049228668
Hydroxytyrosol,VDAC2,0.4339855909347534
Nobiletin,HERC2,0.4339844286441803
Huperzine A,ZEB1,0.43398305773735046
Naringenin,SMARCB1,0.4339818060398102
Hydroxytyrosol,LIG3,0.4339801073074341
Chrysophanol,MAPK1,0.43397921323776245
Emodin,NR1D1,0.4339779019355774
Pinocembrin,NOX4,0.43397557735443115
Nobiletin,FANCD2,0.43397223949432373
Hydroxytyrosol,ACSL3,0.4339696764945984
Emodin,HIF1A,0.4339689612388611
Shikonin,ATF3,0.4339682459831238
Nobiletin,ATG5,0.4339682459831238
Phloretin,MDM2,0.43396803736686707
Hydroxytyrosol,SIRT6,0.43396681547164917
Hydroxytyrosol,HSPD1,0.433966726064682
Chrysophanol,TXNIP,0.43396610021591187
Shikonin,WWTR1,0.43396520614624023
VC,GCLM,0.4339638948440552
Erastin,NR1D1,0.43396374583244324
Hydroxytyrosol,NFE2L2,0.4339619278907776
Hydroxytyrosol,SNAI1,0.43396124243736267
Nobiletin,AKT1,0.43395981192588806
Nobiletin,FBXL5,0.4339580535888672
Chrysophanol,YAP1,0.43395793437957764
Hydroxytyrosol,CD38,0.43395766615867615
Hydroxytyrosol,ATG7,0.43395742774009705
Nobiletin,CCNE1,0.4339563846588135
Pinocembrin,IRF7,0.4339553713798523
Erastin,HIF1A,0.4339548647403717
Huperzine A,RUNX3,0.4339546859264374
Hydroxytyrosol,MAPK3,0.4339524507522583
Hydroxytyrosol,XRCC1,0.4339520037174225
Nobiletin,HBP1,0.4339514970779419
Nobiletin,CDK2,0.4339500963687897
Emodin,IRF1,0.43394893407821655
Naringenin,ATF3,0.43394866585731506
Nobiletin,BNIP3,0.43394705653190613
Hydroxytyrosol,JUN,0.43394652009010315
Curcumin,DYRK1A,0.43394625186920166
Huperzine A,ATG3,0.43394607305526733
Tanshinone IIA,SPATA2,0.43394535779953003
VC,FABP5,0.4339447617530823
Salidroside,SOCS1,0.43394413590431213
Hydroxytyrosol,GADD45B,0.43394359946250916
Hydroxytyrosol,PRKDC,0.4339430034160614
VC,MMP13,0.4339418411254883
Hesperetin,SLC1A5,0.433941125869751
Salidroside,IRF9,0.4339410364627838
Hydroxytyrosol,TSC1,0.43393924832344055
Hydroxytyrosol,ALOX5,0.43393898010253906
VC,ABCC2,0.4339388906955719
Pinocembrin,PDE4B,0.433937132358551
Nobiletin,PRNP,0.43393605947494507
Pinocembrin,MEN1,0.43393564224243164
Hydroxytyrosol,MAPK8,0.4339355528354645
Shikonin,WNT5A,0.4339350163936615
Erastin,IRF1,0.43393474817276
Hydroxytyrosol,GADD45A,0.4339328706264496
Shikonin,LPCAT3,0.4339313805103302
Chrysophanol,IL6,0.4339313507080078
Nobiletin,FOXO1,0.4339296519756317
Chrysophanol,ALOX15,0.4339282810688019
Naringenin,WWTR1,0.43392738699913025
Chrysophanol,TLR4,0.43392470479011536
Nobiletin,EBF3,0.4339246153831482
Nobiletin,RBM3,0.43391966819763184
Pinocembrin,PPP2R2B,0.43391886353492737
Epicatechin,ZEB1,0.4339180588722229
Salidroside,BCL6,0.43391796946525574
Catechin,ZEB1,0.43391573429107666
VC,TNFRSF1A,0.43391409516334534
Nobiletin,CHEK1,0.4339127540588379
Chrysophanol,S100A8,0.4339119493961334
Shikonin,BRD7,0.43391144275665283
VC,MMP10,0.4339098036289215
Nobiletin,LPIN2,0.4339096248149872
Nobiletin,PTEN,0.4339076280593872
Hydroxytyrosol,TNF,0.4339068830013275
Hydroxytyrosol,MTOR,0.43390628695487976
Hydroxytyrosol,RAD50,0.4339057207107544
Aloe emodin,NLRP3,0.4339056611061096
Chrysophanol,IGFBP7,0.43390530347824097
Nobiletin,SLC40A1,0.4339044988155365
Nobiletin,GCLC,0.4339035153388977
Hydroxytyrosol,TRIB3,0.4339032471179962
Hydroxytyrosol,TERT,0.43390288949012756
Nobiletin,TFAM,0.43390172719955444
Nobiletin,CDKN2B,0.43390148878097534
Hydroxytyrosol,IL1A,0.43390128016471863
Hydroxytyrosol,ALOX12,0.4339000880718231
Nobiletin,TERF1,0.433898389339447
Salidroside,SP1,0.43389755487442017
Epicatechin,ATG3,0.4338955283164978
Hydroxytyrosol,CCNB1,0.433895468711853
Nobiletin,EIF2A,0.433894544839859
Chrysophanol,HMGB1,0.4338942766189575
Catechin,ATG3,0.4338931739330292
Nobiletin,PRKAA1,0.43389299511909485
Hydroxytyrosol,IL10,0.4338900148868561
Aloe emodin,NOX4,0.43388935923576355
Nobiletin,JAK2,0.4338890016078949
Hydroxytyrosol,XRCC6,0.43388837575912476
Hydroxytyrosol,RB1,0.43388718366622925
VC,BAP1,0.43388694524765015
Naringenin,WNT5A,0.4338851869106293
Nobiletin,BRCA1,0.43388375639915466
Nobiletin,MAX,0.4338831305503845
Hydroxytyrosol,IGFBP5,0.43388208746910095
Hydroxytyrosol,MNT,0.43388187885284424
Hydroxytyrosol,BLM,0.43388018012046814
Chrysophanol,SOCS2,0.433880090713501
Chrysophanol,TNFAIP1,0.43387991189956665
Hydroxytyrosol,LPIN1,0.4338798224925995
Naringenin,LPCAT3,0.4338792860507965
Hydroxytyrosol,ATF4,0.4338788390159607
Hydroxytyrosol,SLC3A2,0.43387866020202637
Aloe emodin,KDM6B,0.4338762164115906
VC,CD82,0.43387383222579956
Hydroxytyrosol,CSE1L,0.4338728189468384
Hydroxytyrosol,STAT3,0.4338708221912384
Epicatechin,RUNX3,0.43387019634246826
Nobiletin,RPS6KB1,0.4338698983192444
Hydroxytyrosol,GABARAP,0.43386855721473694
Chrysophanol,KEAP1,0.43386831879615784
Catechin,RUNX3,0.433867871761322
Naringenin,BRD7,0.43386706709861755
Chrysophanol,FBXO31,0.4338669180870056
Salidroside,CXCL10,0.433865487575531
Chrysophanol,TFRC,0.43386366963386536
Hydroxytyrosol,PLIN2,0.43385863304138184
Tanshinone IIA,ABCC1,0.43385839462280273
VC,RELA,0.43385836482048035
Huperzine A,SOCS1,0.43385782837867737
Phloretin,FOXO4,0.43385669589042664
Nobiletin,EMP1,0.433855801820755
Huperzine A,IRF9,0.4338550865650177
Aloe emodin,FOSL1,0.43385493755340576
Chrysophanol,LIFR,0.43385180830955505
Shikonin,EPHA4,0.4338516294956207
Nobiletin,GMFB,0.43385130167007446
Nobiletin,NBN,0.43384885787963867
Pinocembrin,SMARCB1,0.43384841084480286
VC,COL1A2,0.43384453654289246
VC,BNIP3L,0.43384435772895813
Hydroxytyrosol,PARP1,0.4338422119617462
VC,STAT1,0.4338413178920746
Chrysophanol,EPHA2,0.4338410794734955
Nobiletin,CCL2,0.4338406026363373
Nobiletin,SLC7A11,0.4338403046131134
Nobiletin,TGFB1,0.43383923172950745
Hydroxytyrosol,GOT1,0.4338391423225403
Hydroxytyrosol,HSP90AA1,0.43383678793907166
VC,COL1A1,0.4338356554508209
Hydroxytyrosol,VDAC3,0.43383514881134033
VC,BRCA2,0.43383413553237915
VC,VEGFA,0.4338339567184448
VC,HDAC1,0.43383240699768066
Huperzine A,BCL6,0.4338321387767792
Nobiletin,SELE,0.4338303506374359
Nobiletin,CDK6,0.43382906913757324
Chrysophanol,SOD1,0.4338289201259613
VC,NFKB1,0.433828204870224
VC,FOXO3,0.43382546305656433
Hydroxytyrosol,TIMP2,0.43382519483566284
Nobiletin,TBX2,0.4338216185569763
VC,PRKAA2,0.43382084369659424
Nobiletin,ATM,0.4338202178478241
Hydroxytyrosol,IL18,0.43381810188293457
VC,HDAC2,0.4338173568248749
VC,SQSTM1,0.4338156282901764
Pinocembrin,ATF3,0.43381527066230774
Salidroside,PTGS2,0.43381455540657043
VC,LMNB1,0.4338141977787018
VC,CDKN2A,0.43381401896476746
Hydroxytyrosol,CHEK2,0.43381398916244507
Aloe emodin,IRF7,0.4338134825229645
Hydroxytyrosol,HDAC3,0.43381303548812866
Hydroxytyrosol,CCND1,0.4338117837905884
Huperzine A,SP1,0.43381160497665405
Shikonin,E2F3,0.4338112473487854
VC,CDK4,0.4338092803955078
Hydroxytyrosol,SLC39A8,0.43380922079086304
Hydroxytyrosol,HSPA5,0.43380826711654663
Hydroxytyrosol,DDIT3,0.43380773067474365
Emodin,ZEB1,0.433807373046875
Hydroxytyrosol,GSS,0.4338071048259735
Chrysophanol,PRKD1,0.43380656838417053
Hydroxytyrosol,TERF2,0.43380483984947205
VC,CDKN1B,0.4338025450706482
Chrysophanol,EDN1,0.4338018298149109
Hydroxytyrosol,STEAP3,0.43380019068717957
Tanshinone IIA,SAT1,0.4337984025478363
Hydroxytyrosol,IGFBP3,0.43379777669906616
Hydroxytyrosol,BECN1,0.433797687292099
Phloretin,MYC,0.4337962567806244
Hydroxytyrosol,ACSL4,0.4337959885597229
Hydroxytyrosol,SESN2,0.43379539251327515
Hydroxytyrosol,EP300,0.43379536271095276
Pinocembrin,WWTR1,0.43379393219947815
Erastin,ZEB1,0.43379324674606323
Shikonin,PTBP1,0.4337928593158722
Nobiletin,MAP1LC3B,0.4337906837463379
VC,CDKN1A,0.4337904751300812
Chrysophanol,MPO,0.4337898790836334
Hydroxytyrosol,WRN,0.4337889552116394
Phloretin,E2F2,0.433788001537323
Epicatechin,SOCS1,0.43378737568855286
Salidroside,MAP3K14,0.4337866008281708
Nobiletin,EIF2AK3,0.43378615379333496
Catechin,SOCS1,0.4337850511074066
Epicatechin,IRF9,0.4337846338748932
Hydroxytyrosol,XRCC5,0.43378451466560364
VC,PPARGC1A,0.4337844252586365
Naringenin,EPHA4,0.43378233909606934
Catechin,IRF9,0.4337822496891022
Nobiletin,ICAM1,0.4337812662124634
Phloretin,CBS,0.4337811768054962
VC,MMP9,0.43378010392189026
Emodin,RUNX3,0.43377983570098877
Salidroside,HMOX1,0.43377983570098877
Huperzine A,CXCL10,0.43377938866615295
Hydroxytyrosol,GABARAPL1,0.4337785840034485
Hydroxytyrosol,CREB1,0.43377795815467834
Hydroxytyrosol,MMP2,0.4337768256664276
Epicatechin,BCL6,0.4337748885154724
Hydroxytyrosol,CREBBP,0.43377485871315
VC,HMGA2,0.4337739646434784
Catechin,BCL6,0.43377256393432617
Hydroxytyrosol,LIG4,0.4337708652019501
Hydroxytyrosol,MMP3,0.4337705969810486
Emodin,ATG3,0.43377023935317993
Erastin,RUNX3,0.4337657392024994
Hydroxytyrosol,HERC2,0.4337655305862427
Hydroxytyrosol,SERPINE1,0.4337654709815979
VC,MMP12,0.4337654411792755
Chrysophanol,SMURF2,0.43376269936561584
Chrysophanol,EGR1,0.4337616562843323
Salidroside,IL1B,0.4337615370750427
Erastin,ATG3,0.43375614285469055
Nobiletin,NUAK2,0.43375569581985474
Danshensu,DPP4,0.4337529242038727
Nobiletin,CCNA2,0.4337525963783264
Pinocembrin,WNT5A,0.43375176191329956
Hydroxytyrosol,FANCD2,0.4337512254714966
Salidroside,IFNG,0.43375086784362793
Naringenin,E2F3,0.43375077843666077
Aloe emodin,MEN1,0.43374964594841003
Hydroxytyrosol,ATG5,0.4337487518787384
Pinocembrin,LPCAT3,0.4337458312511444
VC,VCAM1,0.4337451159954071
Hydroxytyrosol,AKT1,0.4337448477745056
Nobiletin,TSC2,0.4337430000305176
Hydroxytyrosol,FBXL5,0.43373972177505493
Nobiletin,COL3A1,0.4337383806705475
Hydroxytyrosol,CDK2,0.4337382912635803
Epicatechin,SP1,0.43373802304267883
Hydroxytyrosol,HBP1,0.43373775482177734
Catechin,SP1,0.4337356984615326
Aloe emodin,PPP2R2B,0.4337351620197296
Pinocembrin,BRD7,0.43373364210128784
Hydroxytyrosol,BNIP3,0.4337332844734192
Hydroxytyrosol,CCNE1,0.4337325692176819
Huperzine A,PTGS2,0.43372878432273865
Hydroxytyrosol,PRNP,0.4337262809276581
Nobiletin,PNPLA2,0.4337235987186432
VC,GPX4,0.43372344970703125
VC,ATR,0.43372079730033875
Hydroxytyrosol,FOXO1,0.43371865153312683
Hydroxytyrosol,EBF3,0.4337167739868164
VC,TP53,0.4337107539176941
VC,NCOA4,0.43371012806892395
Salidroside,MAPK1,0.43370842933654785
VC,SLAMF8,0.4337083399295807
VC,MDM4,0.43370771408081055
VC,CHAC1,0.43370673060417175
Epicatechin,CXCL10,0.43370646238327026
Catechin,CXCL10,0.433704137802124
Hydroxytyrosol,CHEK1,0.43370258808135986
Nobiletin,FTH1,0.4337008595466614
Salidroside,S100A8,0.43370068073272705
Huperzine A,MAP3K14,0.4337003529071808
Hydroxytyrosol,LPIN2,0.4336998164653778
Salidroside,YAP1,0.4336995482444763
Hydroxytyrosol,PTEN,0.43369919061660767
Chrysophanol,E2F1,0.4336989223957062
Aloe emodin,LPCAT3,0.43369776010513306
Hydroxytyrosol,TFAM,0.43369758129119873
Aloe emodin,PDE4B,0.43369659781455994
Hydroxytyrosol,SLC40A1,0.4336959719657898
Huperzine A,HMOX1,0.4336940348148346
Hydroxytyrosol,GCLC,0.4336940348148346
Hydroxytyrosol,CDKN2B,0.43369385600090027
Chrysophanol,MAPK14,0.4336935877799988
Salidroside,ALOX15,0.43369245529174805
Tanshinone IIA,COX7A1,0.4336920976638794
VC,FN1,0.4336920976638794
Hydroxytyrosol,TERF1,0.4336906671524048
Chrysophanol,TNFAIP3,0.4336903691291809
Nobiletin,FOS,0.4336884617805481
Hydroxytyrosol,EIF2A,0.43368789553642273
Hydroxytyrosol,RBM3,0.4336870312690735
Naringenin,PTBP1,0.4336870014667511
Hydroxytyrosol,PRKAA1,0.43368619680404663
Hydroxytyrosol,JAK2,0.4336854815483093
VC,BRD4,0.43368327617645264
Emodin,SOCS1,0.43368232250213623
VC,ATF2,0.43368107080459595
Salidroside,TXNIP,0.4336797297000885
Emodin,IRF9,0.4336792230606079
Hydroxytyrosol,MAX,0.43367910385131836
VC,CDO1,0.4336759150028229
Huperzine A,IL1B,0.4336753785610199
Hydroxytyrosol,BRCA1,0.433674693107605
VC,VDAC2,0.43367063999176025
Erastin,SOCS1,0.4336681663990021
Hydroxytyrosol,RPS6KB1,0.4336671829223633
VC,LIG3,0.4336651861667633
Erastin,IRF9,0.43366509675979614
Salidroside,TNFAIP1,0.4336649775505066
Huperzine A,IFNG,0.4336649179458618
Aloe emodin,SMARCB1,0.43366268277168274
Salidroside,HMGB1,0.43365955352783203
Phloretin,HSPB1,0.43365776538848877
Emodin,BCL6,0.43365615606307983
Salidroside,FBXO31,0.43365564942359924
VC,ACSL3,0.43365478515625
Salidroside,TLR4,0.43365317583084106
Hydroxytyrosol,EMP1,0.4336528182029724
Salidroside,TFRC,0.4336523711681366
VC,SIRT6,0.4336518943309784
Salidroside,KEAP1,0.4336518943309784
VC,HSPD1,0.4336518347263336
Epicatechin,PTGS2,0.4336511194705963
Hydroxytyrosol,NBN,0.43364933133125305
Hydroxytyrosol,GMFB,0.4336491525173187
Pinocembrin,EPHA4,0.4336489140987396
Catechin,PTGS2,0.4336487948894501
Salidroside,IL6,0.43364834785461426
VC,NFE2L2,0.4336470067501068
Phloretin,TIMP1,0.4336468279361725
Hydroxytyrosol,TGFB1,0.4336467385292053
VC,SNAI1,0.4336463212966919
VC,CD38,0.43364274501800537
VC,ATG7,0.43364250659942627
Erastin,BCL6,0.43364202976226807
Aloe emodin,EPHA4,0.4336414337158203
Hydroxytyrosol,CCL2,0.4336411654949188
Epicatechin,MAP3K14,0.4336409866809845
Aloe emodin,ATF3,0.43363937735557556
Catechin,MAP3K14,0.43363866209983826
VC,MAPK3,0.4336375296115875
VC,XRCC1,0.4336370527744293
Emodin,SP1,0.43363574147224426
Hydroxytyrosol,SLC7A11,0.4336338937282562
Hydroxytyrosol,SELE,0.43363237380981445
VC,JUN,0.43363162875175476
VC,GADD45B,0.43362870812416077
VC,PRKDC,0.4336280822753906
Salidroside,SOCS2,0.43362799286842346
Salidroside,EPHA2,0.43362540006637573
Hydroxytyrosol,CDK6,0.43362531065940857
VC,TSC1,0.4336242973804474
VC,ALOX5,0.4336240291595459
Huperzine A,MAPK1,0.43362268805503845
Erastin,SP1,0.4336216151714325
VC,MAPK8,0.4336206316947937
Salidroside,IGFBP7,0.4336186647415161
VC,GADD45A,0.4336179792881012
Hydroxytyrosol,TBX2,0.43361735343933105
Pinocembrin,E2F3,0.43361732363700867
Shikonin,ICA1,0.4336170554161072
Salidroside,LIFR,0.4336159825325012
Shikonin,DPEP1,0.43361493945121765
Nobiletin,SIRT1,0.43361473083496094
Huperzine A,S100A8,0.43361473083496094
Hydroxytyrosol,ATM,0.4336145520210266
Epicatechin,HMOX1,0.43361371755599976
Huperzine A,YAP1,0.4336133599281311
Phloretin,MAP1LC3A,0.4336114823818207
Catechin,HMOX1,0.43361136317253113
Huperzine A,ALOX15,0.4336067736148834
Aloe emodin,WWTR1,0.43360477685928345
Danshensu,NR2F2,0.43360450863838196
Salidroside,SOD1,0.43360450863838196
Emodin,CXCL10,0.4336037039756775
Chrysophanol,NLRP3,0.4336002767086029
Huperzine A,TXNIP,0.4335935711860657
VC,TNF,0.43359193205833435
Hydroxytyrosol,ICAM1,0.4335918426513672
VC,MTOR,0.43359139561653137
VC,RAD50,0.43359076976776123
Hydroxytyrosol,MAP1LC3B,0.43359073996543884
Erastin,CXCL10,0.4335895776748657
Epicatechin,IL1B,0.43358880281448364
VC,TRIB3,0.4335883557796478
VC,TERT,0.4335879683494568
Catechin,IL1B,0.4335864782333374
VC,IL1A,0.43358632922172546
Phloretin,MRE11,0.4335860311985016
Hydroxytyrosol,EIF2AK3,0.43358540534973145
VC,ALOX12,0.43358516693115234
Chrysophanol,NOX4,0.43358397483825684
Phloretin,H2AX,0.4335825443267822
Phloretin,MMP1,0.43358105421066284
Epicatechin,IFNG,0.4335809350013733
VC,CCNB1,0.43358054757118225
Phloretin,CRYAB,0.4335797131061554
Huperzine A,TNFAIP1,0.43357938528060913
Salidroside,MPO,0.43357858061790466
Catechin,IFNG,0.4335785508155823
Phloretin,FTL,0.4335780441761017
Phloretin,CXCL8,0.4335765242576599
VC,IL10,0.4335750937461853
Shikonin,ERN1,0.43357446789741516
VC,XRCC6,0.43357348442077637
Huperzine A,HMGB1,0.4335733950138092
VC,RB1,0.43357226252555847
Chrysophanol,KDM6B,0.43357083201408386
Huperzine A,FBXO31,0.4335694909095764
VC,IGFBP5,0.43356719613075256
Huperzine A,TLR4,0.4335671067237854
VC,MNT,0.4335669279098511
Huperzine A,TFRC,0.43356674909591675
Huperzine A,KEAP1,0.43356603384017944
VC,BLM,0.43356528878211975
Phloretin,ADIPOQ,0.433565229177475
VC,LPIN1,0.4335648715496063
Phloretin,PCNA,0.4335643947124481
Salidroside,EDN1,0.43356388807296753
VC,ATF4,0.43356388807296753
Hydroxytyrosol,NUAK2,0.43356388807296753
VC,SLC3A2,0.4335637092590332
Huperzine A,IL6,0.43356236815452576
Hydroxytyrosol,CCNA2,0.43356218934059143
Shikonin,SNCA,0.43356120586395264
Hydroxytyrosol,TSC2,0.4335603415966034
Shikonin,HERPUD1,0.43355897068977356
Epicatechin,S100A8,0.43355879187583923
VC,CSE1L,0.43355792760849
Hydroxytyrosol,COL3A1,0.43355661630630493
Catechin,S100A8,0.4335564076900482
VC,STAT3,0.4335559010505676
Aloe emodin,BRD7,0.4335538148880005
VC,GABARAP,0.43355363607406616
Pinocembrin,PTBP1,0.4335535764694214
Emodin,PTGS2,0.4335527718067169
Shikonin,MCU,0.4335525929927826
Hesperetin,CD74,0.43355220556259155
Salidroside,SMURF2,0.4335514307022095
Chrysophanol,FOSL1,0.43354955315589905
VC,PLIN2,0.43354371190071106
Huperzine A,SOCS2,0.43354201316833496
Huperzine A,EPHA2,0.43353933095932007
Aloe emodin,WNT5A,0.43353909254074097
Erastin,PTGS2,0.43353864550590515
Naringenin,ICA1,0.43353819847106934
Naringenin,DPEP1,0.4335379898548126
Epicatechin,MAPK1,0.4335373640060425
Catechin,MAPK1,0.43353503942489624
Epicatechin,ALOX15,0.4335346817970276
Huperzine A,IGFBP7,0.43353283405303955
Catechin,ALOX15,0.43353232741355896
Epicatechin,YAP1,0.4335319399833679
Huperzine A,LIFR,0.43352991342544556
Catechin,YAP1,0.4335296154022217
Hydroxytyrosol,PNPLA2,0.43352916836738586
VC,PARP1,0.4335273206233978
Salidroside,EGR1,0.4335254430770874
Phloretin,ABCC2,0.43352529406547546
Emodin,MAP3K14,0.43352481722831726
VC,GOT1,0.4335242807865143
Phloretin,MMP13,0.43352383375167847
Phloretin,FABP5,0.43352213501930237
VC,HSP90AA1,0.4335218667984009
VC,VDAC3,0.43352022767066956
Epicatechin,FBXO31,0.43351978063583374
Huperzine A,SOD1,0.4335187077522278
Emodin,HMOX1,0.43351808190345764
Catechin,FBXO31,0.4335174560546875
Epicatechin,TNFAIP1,0.4335159957408905
Hydroxytyrosol,FTH1,0.43351423740386963
Catechin,TNFAIP1,0.4335136413574219
Epicatechin,TFRC,0.43351083993911743
Erastin,MAP3K14,0.4335106611251831
VC,TIMP2,0.43351030349731445
Hydroxytyrosol,FOS,0.4335096776485443
Phloretin,HMGA1,0.43350958824157715
Catechin,TFRC,0.4335085153579712
Chrysophanol,IRF7,0.43350809812545776
Epicatechin,HMGB1,0.433504194021225
Erastin,HMOX1,0.4335039258003235
Epicatechin,KEAP1,0.4335038363933563
VC,IL18,0.4335032105445862
Catechin,HMGB1,0.43350186944007874
Catechin,KEAP1,0.4335015118122101
Epicatechin,TXNIP,0.4335009753704071
Emodin,IL1B,0.4334997236728668
VC,CHEK2,0.4334990978240967
Catechin,TXNIP,0.43349865078926086
VC,HDAC3,0.4334981143474579
VC,CCND1,0.43349689245224
VC,SLC39A8,0.43349432945251465
VC,HSPA5,0.43349340558052063
Huperzine A,MPO,0.43349289894104004
VC,DDIT3,0.4334928095340729
VC,GSS,0.43349218368530273
VC,TERF2,0.43348994851112366
Emodin,IFNG,0.433489054441452
Naringenin,SNCA,0.43348708748817444
Erastin,IL1B,0.43348559737205505
VC,STEAP3,0.43348532915115356
VC,IGFBP3,0.4334828853607178
VC,BECN1,0.4334827959537506
Shikonin,ACVR1B,0.4334823489189148
VC,ACSL4,0.4334810972213745
Epicatechin,TLR4,0.4334809482097626
VC,SESN2,0.43348053097724915
VC,EP300,0.433480441570282
Catechin,TLR4,0.43347862362861633
Huperzine A,EDN1,0.4334780275821686
Erastin,IFNG,0.43347498774528503
VC,WRN,0.43347403407096863
Epicatechin,EPHA2,0.43347394466400146
Epicatechin,IL6,0.4334721565246582
Catechin,EPHA2,0.4334716200828552
Naringenin,ERN1,0.4334704279899597
Catechin,IL6,0.43346983194351196
VC,XRCC5,0.43346962332725525
Salidroside,TNFAIP3,0.4334677457809448
Huperzine A,SMURF2,0.43346548080444336
Plumbagin,SETD7,0.43346482515335083
Naringenin,HERPUD1,0.43346384167671204
VC,GABARAPL1,0.4334636628627777
Epicatechin,SOCS2,0.4334633946418762
Naringenin,MCU,0.4334632158279419
VC,CREB1,0.43346303701400757
VC,MMP2,0.43346190452575684
Catechin,SOCS2,0.4334610104560852
Aloe emodin,E2F3,0.4334605634212494
VC,CREBBP,0.43345993757247925
Salidroside,E2F1,0.4334598481655121
Nobiletin,RAD51,0.4334571659564972
Epicatechin,LIFR,0.43345698714256287
VC,LIG4,0.4334560036659241
VC,MMP3,0.4334557354450226
Catechin,LIFR,0.43345460295677185
Epicatechin,SOD1,0.43345069885253906
VC,SERPINE1,0.4334506094455719
VC,HERC2,0.4334506094455719
Tanshinone IIA,DYRK1A,0.4334484338760376
Catechin,SOD1,0.4334483742713928
Emodin,MAPK1,0.43344664573669434
Phloretin,TNFRSF1A,0.43344569206237793
Chrysophanol,MEN1,0.4334442615509033
Salidroside,MAPK14,0.43344372510910034
Salidroside,PRKD1,0.43344151973724365
Plumbagin,CAVIN1,0.4334409534931183
Epicatechin,IGFBP7,0.4334404468536377
Huperzine A,EGR1,0.433439701795578
Emodin,S100A8,0.43343889713287354
Shikonin,PADI4,0.43343880772590637
Catechin,IGFBP7,0.43343809247016907
Emodin,YAP1,0.4334377348423004
VC,FANCD2,0.4334363639354706
Hydroxytyrosol,SIRT1,0.43343618512153625
VC,ATG5,0.43343386054039
Erastin,MAPK1,0.43343251943588257
Emodin,ALOX15,0.4334307312965393
VC,AKT1,0.4334299862384796
Chrysophanol,PPP2R2B,0.4334297776222229
Epicatechin,MPO,0.4334268867969513
VC,FBXL5,0.4334249198436737
Erastin,S100A8,0.4334247410297394
Catechin,MPO,0.4334245026111603
Erastin,YAP1,0.4334236681461334
VC,CDK2,0.43342339992523193
VC,HBP1,0.43342289328575134
Chrysophanol,PDE4B,0.4334213137626648
VC,BNIP3,0.4334183633327484
Emodin,TXNIP,0.4334179759025574
VC,CCNE1,0.4334176480770111
Erastin,ALOX15,0.43341657519340515
Phloretin,GCLM,0.43341416120529175
VC,PRNP,0.4334113895893097
Epicatechin,SMURF2,0.43340709805488586
Pinocembrin,ICA1,0.4334048330783844
Catechin,SMURF2,0.43340474367141724
Pinocembrin,DPEP1,0.4334045648574829
Erastin,TXNIP,0.4334038197994232
VC,FOXO1,0.43340376019477844
Emodin,TNFAIP1,0.43340322375297546
Epicatechin,EDN1,0.433402955532074
VC,EBF3,0.433401882648468
Catechin,EDN1,0.43340063095092773
Emodin,HMGB1,0.4333977699279785
Emodin,FBXO31,0.4333938658237457
Chrysophanol,LPCAT3,0.43339240550994873
Hesperetin,LGMN,0.43339186906814575
Emodin,TLR4,0.43339142203330994
Emodin,TFRC,0.43339061737060547
Emodin,KEAP1,0.4333900809288025
Erastin,TNFAIP1,0.4333890676498413
VC,CHEK1,0.4333876967430115
Emodin,IL6,0.43338656425476074
VC,LPIN2,0.4333849251270294
Ferulic acid,DPP4,0.43338441848754883
VC,PTEN,0.4333842396736145
Erastin,HMGB1,0.43338361382484436
VC,TFAM,0.43338271975517273
Huperzine A,TNFAIP3,0.43338173627853394
VC,SLC40A1,0.43338102102279663
Phloretin,CD82,0.433380126953125
Erastin,FBXO31,0.4333797097206116
VC,GCLC,0.4333791434764862
VC,CDKN2B,0.4333789646625519
Erastin,TLR4,0.4333772659301758
Erastin,TFRC,0.4333764612674713
Erastin,KEAP1,0.4333759546279907
VC,TERF1,0.43337583541870117
Huperzine A,E2F1,0.43337422609329224
Phloretin,RELA,0.43337395787239075
Naringenin,ACVR1B,0.43337324261665344
VC,EIF2A,0.4333730638027191
Erastin,IL6,0.433372437953949
VC,RBM3,0.4333721697330475
VC,PRKAA1,0.43337124586105347
VC,JAK2,0.43337059020996094
Phloretin,CDKN2A,0.43336668610572815
Emodin,SOCS2,0.43336623907089233
Epicatechin,EGR1,0.4333644509315491
VC,MAX,0.43336427211761475
Phloretin,COL1A2,0.4333639144897461
Emodin,EPHA2,0.4333636462688446
Catechin,EGR1,0.43336212635040283
VC,BRCA1,0.4333598017692566
Huperzine A,MAPK14,0.43335792422294617
Chrysophanol,SMARCB1,0.433357298374176
Emodin,IGFBP7,0.4333569407463074
Huperzine A,PRKD1,0.43335533142089844
Emodin,LIFR,0.4333541989326477
Pinocembrin,SNCA,0.4333536624908447
VC,RPS6KB1,0.4333522617816925
Erastin,SOCS2,0.4333520829677582
Erastin,EPHA2,0.43334949016571045
Naringenin,PADI4,0.43334850668907166
Hesperetin,CTSB,0.4333451986312866
Salidroside,NLRP3,0.43334394693374634
Phloretin,COL1A1,0.43334394693374634
Erastin,IGFBP7,0.4333427846431732
Emodin,SOD1,0.43334269523620605
Phloretin,BRCA2,0.43334197998046875
Phloretin,HDAC1,0.433341383934021
Erastin,LIFR,0.4333401024341583
Salidroside,KDM6B,0.43333977460861206
VC,EMP1,0.4333379566669464
Pinocembrin,ERN1,0.43333700299263
Chrysophanol,EPHA4,0.433336079120636
Phloretin,HDAC2,0.4333358108997345
Phloretin,SQSTM1,0.43333449959754944
VC,NBN,0.43333446979522705
VC,GMFB,0.4333342909812927
Chrysophanol,ATF3,0.43333402276039124
VC,TGFB1,0.43333184719085693
Phloretin,FOXO3,0.43333086371421814
Pinocembrin,HERPUD1,0.4333304166793823
Pinocembrin,MCU,0.4333297908306122
Erastin,SOD1,0.43332862854003906
VC,CCL2,0.4333263039588928
Phloretin,NFKB1,0.43332618474960327
Shikonin,SPATA2,0.43332505226135254
Aloe emodin,PTBP1,0.4333210289478302
Phloretin,MMP10,0.43332040309906006
VC,SLC7A11,0.4333190619945526
VC,SELE,0.43331754207611084
Emodin,MPO,0.43331682682037354
Phloretin,LMNB1,0.43331611156463623
Epicatechin,TNFAIP3,0.4333125948905945
Salidroside,FOSL1,0.4333116114139557
VC,CDK6,0.4333103597164154
Catechin,TNFAIP3,0.43331027030944824
Aloe emodin,DPEP1,0.433307945728302
Hydroxytyrosol,RAD51,0.4333062469959259
Erastin,MPO,0.4333026707172394
VC,TBX2,0.43330249190330505
Emodin,EDN1,0.4333021342754364
Phloretin,CDK4,0.43330061435699463
VC,ATM,0.43329963088035583
Chrysophanol,WWTR1,0.4332994520664215
Phloretin,PPARGC1A,0.4332994520664215
Epicatechin,E2F1,0.4332982897758484
Catechin,E2F1,0.43329596519470215
Phloretin,CDKN1B,0.4332940876483917
Salidroside,NOX4,0.43329355120658875
Phloretin,BAP1,0.43329012393951416
Emodin,SMURF2,0.4332895874977112
Erastin,EDN1,0.43328797817230225
Phloretin,BNIP3L,0.4332829713821411
Epicatechin,MAPK14,0.43327760696411133
VC,ICAM1,0.4332769811153412
VC,MAP1LC3B,0.43327584862709045
Erastin,SMURF2,0.4332754909992218
Catechin,MAPK14,0.4332751929759979
VC,EIF2AK3,0.43327054381370544
Aloe emodin,ICA1,0.4332667887210846
Emodin,EGR1,0.43326371908187866
Shikonin,ABCC1,0.4332621097564697
Phloretin,VEGFA,0.4332599639892578
Huperzine A,NLRP3,0.4332578182220459
Phloretin,CDKN1A,0.4332565665245056
Aloe emodin,SNCA,0.43325626850128174
Salidroside,IRF7,0.43325620889663696
Huperzine A,KDM6B,0.4332542419433594
Erastin,EGR1,0.4332495927810669
VC,NUAK2,0.4332490563392639
Chrysophanol,BRD7,0.4332484304904938
VC,CCNA2,0.4332473576068878
VC,TSC2,0.4332454800605774
Chrysophanol,WNT5A,0.4332452118396759
Phloretin,PRKAA2,0.43324515223503113
VC,COL3A1,0.4332418143749237
Pinocembrin,ACVR1B,0.43323978781700134
Ferulic acid,NR2F2,0.4332360625267029
Huperzine A,FOSL1,0.4332258701324463
Epicatechin,PRKD1,0.4332239031791687
Salidroside,MEN1,0.4332238435745239
Catechin,PRKD1,0.43322157859802246
Phloretin,STAT1,0.4332190752029419
Naringenin,SPATA2,0.43321844935417175
Phloretin,MMP9,0.43321534991264343
Pinocembrin,PADI4,0.4332151412963867
VC,PNPLA2,0.43321433663368225
Salidroside,PPP2R2B,0.43321093916893005
Phloretin,FN1,0.43321049213409424
Salidroside,PDE4B,0.4332100749015808
Huperzine A,NOX4,0.43320679664611816
Emodin,TNFAIP3,0.4332059919834137
Hesperetin,LCN2,0.43320202827453613
Phloretin,NCOA4,0.4331997036933899
VC,FTH1,0.43319937586784363
Aloe emodin,MCU,0.43319863080978394
Emodin,E2F1,0.43319809436798096
Emodin,PRKD1,0.433197945356369
Phloretin,ATR,0.4331977665424347
VC,FOS,0.4331948161125183
Phloretin,VCAM1,0.4331933856010437
Erastin,TNFAIP3,0.43319186568260193
Danshensu,LACTB,0.43319034576416016
Phloretin,GPX4,0.4331890046596527
Aloe emodin,ERN1,0.43318426609039307
Erastin,E2F1,0.4331839382648468
Aloe emodin,PADI4,0.43318265676498413
Emodin,MAPK14,0.433182030916214
Shikonin,SAT1,0.43318071961402893
Phloretin,BRD4,0.4331797957420349
Aloe emodin,HERPUD1,0.43317943811416626
Epicatechin,KDM6B,0.4331792891025543
Catechin,KDM6B,0.4331769347190857
Phloretin,TP53,0.4331754148006439
Epicatechin,NLRP3,0.4331709146499634
Huperzine A,IRF7,0.4331701993942261
Catechin,NLRP3,0.43316859006881714
Erastin,MAPK14,0.43316787481307983
Erastin,PRKD1,0.43316563963890076
Melatonin,SETD7,0.4331621527671814
Melatonin,CAVIN1,0.4331609010696411
Phloretin,HMGA2,0.433159738779068
Hesperetin,HIF1A,0.43315649032592773
Chrysophanol,E2F3,0.43315526843070984
Phloretin,SLAMF8,0.4331488311290741
Phloretin,MDM4,0.4331466853618622
Epicatechin,FOSL1,0.43314528465270996
Catechin,FOSL1,0.43314293026924133
Salidroside,SMARCB1,0.43313997983932495
Huperzine A,MEN1,0.4331381022930145
Phloretin,ATF2,0.4331376552581787
Phloretin,MMP12,0.43313631415367126
Hesperetin,NR1D1,0.4331362247467041
Phloretin,LIG3,0.43313515186309814
Phloretin,SIRT6,0.4331333637237549
Naringenin,ABCC1,0.4331315755844116
Hesperetin,IRF1,0.4331284463405609
Huperzine A,PPP2R2B,0.43312567472457886
Huperzine A,PDE4B,0.43312394618988037
Phloretin,VDAC2,0.43312355875968933
VC,SIRT1,0.43312135338783264
Danshensu,KLF6,0.43312087655067444
Shikonin,COX7A1,0.4331142008304596
Salidroside,ATF3,0.43311169743537903
Phloretin,HSPD1,0.4331100881099701
Epicatechin,NOX4,0.4331047236919403
Catechin,NOX4,0.4331023693084717
Phloretin,MAPK8,0.43309909105300903
Aloe emodin,ACVR1B,0.43308576941490173
Pinocembrin,SPATA2,0.43308505415916443
Epicatechin,IRF7,0.43308451771736145
Salidroside,WWTR1,0.43308407068252563
Emodin,NLRP3,0.4330821931362152
Catechin,IRF7,0.4330821931362152
Salidroside,LPCAT3,0.43308013677597046
Phloretin,ATG7,0.43307819962501526
Emodin,KDM6B,0.4330780804157257
Phloretin,CHAC1,0.4330720901489258
Erastin,NLRP3,0.43306806683540344
Epicatechin,PDE4B,0.43306630849838257
Epicatechin,MEN1,0.43306484818458557
Erastin,KDM6B,0.43306395411491394
Catechin,PDE4B,0.43306395411491394
Phloretin,XRCC1,0.4330633282661438
Catechin,MEN1,0.43306252360343933
Naringenin,SAT1,0.4330613613128662
Phloretin,NFE2L2,0.43305957317352295
Curcumin,SETD7,0.4330575168132782
Phloretin,CD38,0.43305718898773193
Phloretin,CDO1,0.4330552816390991
Huperzine A,SMARCB1,0.43305447697639465
Phloretin,JUN,0.4330536723136902
Phloretin,RAD50,0.4330514371395111
Emodin,FOSL1,0.43304991722106934
Phloretin,GADD45B,0.4330488443374634
Phloretin,GADD45A,0.4330487549304962
Phloretin,MAPK3,0.4330487549304962
Phloretin,ALOX5,0.43304866552352905
Phloretin,ACSL3,0.4330480396747589
Epicatechin,PPP2R2B,0.4330480396747589
Phloretin,PRKDC,0.43304580450057983
Chrysophanol,PTBP1,0.43304580450057983
Catechin,PPP2R2B,0.43304571509361267
Curcumin,CAVIN1,0.4330436587333679
Phloretin,TRIB3,0.43304160237312317
Phloretin,TSC1,0.4330400824546814
Phloretin,SNAI1,0.43303945660591125
Erastin,FOSL1,0.43303579092025757
Phloretin,CCNB1,0.4330347180366516
Salidroside,WNT5A,0.4330340027809143
Emodin,NOX4,0.4330317974090576
Salidroside,BRD7,0.4330276548862457
Huperzine A,ATF3,0.4330272972583771
Phloretin,MTOR,0.4330243766307831
Erastin,NOX4,0.4330177307128906
Phloretin,IGFBP5,0.4330083429813385
Phloretin,TERT,0.4330056607723236
Chrysophanol,DPEP1,0.4330027103424072
Huperzine A,WWTR1,0.43299826979637146
Pinocembrin,ABCC1,0.4329981505870819
Phloretin,CSE1L,0.4329977333545685
Salidroside,EPHA4,0.43299591541290283
Huperzine A,LPCAT3,0.4329947531223297
Emodin,IRF7,0.4329945147037506
Hesperetin,ZEB1,0.43299242854118347
VC,RAD51,0.4329914450645447
Erastin,IRF7,0.43298038840293884
Epicatechin,SMARCB1,0.4329775869846344
Catechin,SMARCB1,0.43297526240348816
Phloretin,RB1,0.43297284841537476
Phloretin,SLC3A2,0.4329700171947479
Hesperetin,ATG3,0.4329698979854584
Aloe emodin,SPATA2,0.4329693615436554
Phloretin,XRCC6,0.43296658992767334
Phloretin,ATF4,0.43296417593955994
Phloretin,BLM,0.43296241760253906
Emodin,MEN1,0.4329621493816376
Chrysophanol,ICA1,0.43296149373054504
Phloretin,MNT,0.4329555928707123
Naringenin,COX7A1,0.4329545199871063
ML162,SLC1A5,0.4329536259174347
Chrysophanol,SNCA,0.4329509437084198
Emodin,PPP2R2B,0.4329491853713989
Emodin,PDE4B,0.43294835090637207
Phloretin,STAT3,0.4329482614994049
Erastin,MEN1,0.4329480230808258
Huperzine A,WNT5A,0.43294718861579895
Hesperetin,RUNX3,0.4329445958137512
Epicatechin,ATF3,0.43294450640678406
Catechin,ATF3,0.43294212222099304
Huperzine A,BRD7,0.4329419434070587
Phloretin,PLIN2,0.43294182419776917
Phloretin,LPIN1,0.43293967843055725
Phloretin,GABARAP,0.43293800950050354
Erastin,PPP2R2B,0.43293505907058716
Phloretin,IL10,0.43293440341949463
Erastin,PDE4B,0.4329342246055603
Pinocembrin,SAT1,0.4329279661178589
Danshensu,DUOX1,0.4329233169555664
Epicatechin,WWTR1,0.43292319774627686
Catechin,WWTR1,0.43292081356048584
Salidroside,E2F3,0.43291911482810974
Phloretin,IL1A,0.4329169690608978
Huperzine A,EPHA4,0.4329105317592621
Phloretin,CCND1,0.4329048991203308
Phloretin,HSPA5,0.4329032003879547
Phloretin,TNF,0.432897686958313
Phloretin,GSS,0.4328975975513458
Chrysophanol,MCU,0.43289339542388916
Phloretin,CHEK2,0.4328921437263489
Phloretin,HDAC3,0.4328920543193817
Aloe emodin,ABCC1,0.432889461517334
Phloretin,ALOX12,0.43288499116897583
Phloretin,PARP1,0.4328829348087311
Danshensu,MDM2,0.4328818619251251
Phloretin,VDAC3,0.4328814446926117
Epicatechin,WNT5A,0.43288105726242065
Phloretin,STEAP3,0.43287935853004456
Chrysophanol,ERN1,0.4328790009021759
Catechin,WNT5A,0.4328787326812744
Emodin,SMARCB1,0.4328782856464386
Chrysophanol,PADI4,0.43287739157676697
Phloretin,IL18,0.43287697434425354
Epicatechin,LPCAT3,0.4328750669956207
Chrysophanol,HERPUD1,0.4328741729259491
Phloretin,DDIT3,0.43287310004234314
Catechin,LPCAT3,0.4328727424144745
Danshensu,LOX,0.4328695237636566
Phloretin,TIMP2,0.43286868929862976
Phloretin,GOT1,0.43286752700805664
Erastin,SMARCB1,0.43286415934562683
Epicatechin,BRD7,0.43286290764808655
Phloretin,HSP90AA1,0.4328620135784149
Hesperetin,SOCS1,0.4328618347644806
Catechin,BRD7,0.4328605532646179
Phloretin,EP300,0.43286049365997314
Shikonin,DYRK1A,0.4328591525554657
Hesperetin,IRF9,0.43285906314849854
Phloretin,IGFBP3,0.4328552186489105
Phloretin,BECN1,0.4328499734401703
Emodin,ATF3,0.4328499734401703
Hesperetin,BCL6,0.43284934759140015
Phloretin,TERF2,0.4328474700450897
Aloe emodin,SAT1,0.4328365623950958
Erastin,ATF3,0.4328358471393585
Danshensu,RGS4,0.4328347146511078
Salidroside,PTBP1,0.43283459544181824
Huperzine A,E2F3,0.4328332543373108
Phloretin,XRCC5,0.43283215165138245
Phloretin,CREB1,0.43283170461654663
Phloretin,MMP2,0.43282467126846313
Phloretin,ACSL4,0.4328233003616333
Emodin,WWTR1,0.4328223466873169
Phloretin,GABARAPL1,0.43282127380371094
Pinocembrin,COX7A1,0.4328210949897766
Phloretin,CREBBP,0.43281903862953186
Emodin,LPCAT3,0.4328184723854065
Phloretin,HERC2,0.43281814455986023
Phloretin,SERPINE1,0.43281641602516174
Hesperetin,SP1,0.43281254172325134
Phloretin,LIG4,0.43280860781669617
Erastin,WWTR1,0.4328082501888275
Erastin,LPCAT3,0.43280431628227234
Phloretin,FANCD2,0.432796448469162
Phloretin,SESN2,0.43278318643569946
Phloretin,SLC39A8,0.4327820837497711
Hesperetin,CXCL10,0.4327809512615204
Chrysophanol,ACVR1B,0.43278050422668457
Epicatechin,EPHA4,0.4327782392501831
Catechin,EPHA4,0.43277591466903687
Phloretin,FBXL5,0.43277519941329956
Phloretin,AKT1,0.4327750504016876
Emodin,WNT5A,0.4327722489833832
Phloretin,ATG5,0.4327695667743683
Huperzine A,PTBP1,0.43276846408843994
Phloretin,CCNE1,0.4327680468559265
Phloretin,MMP3,0.432767778635025
Emodin,BRD7,0.4327659010887146
Phloretin,HBP1,0.43276187777519226
Phloretin,WRN,0.4327598810195923
Phloretin,BNIP3,0.4327591359615326
Erastin,WNT5A,0.4327581524848938
Erastin,BRD7,0.4327518045902252
Ferulic acid,LACTB,0.4327496886253357
Epicatechin,E2F3,0.43274661898612976
Catechin,E2F3,0.4327442944049835
Emodin,EPHA4,0.4327342212200165
Danshensu,FOXO4,0.4327307343482971
Aloe emodin,COX7A1,0.4327307343482971
Salidroside,DPEP1,0.4327273666858673
Hesperetin,PTGS2,0.4327256381511688
Erastin,EPHA4,0.4327200949192047
Salidroside,ICA1,0.4327191114425659
Phloretin,CHEK1,0.43271875381469727
Phloretin,CDK2,0.43271562457084656
Hesperetin,MAP3K14,0.4327155351638794
Phloretin,PRNP,0.43270984292030334
Phloretin,FOXO1,0.4327073395252228
Phloretin,LPIN2,0.43270665407180786
Phloretin,PTEN,0.4326994717121124
Phloretin,GCLC,0.43269410729408264
Phloretin,SLC40A1,0.4326913058757782
Naringenin,DYRK1A,0.4326893091201782
Hesperetin,HMOX1,0.43268823623657227
Phloretin,BRCA1,0.4326876997947693
Phloretin,EIF2A,0.4326869249343872
Danshensu,E2F2,0.4326847493648529
Phloretin,CDKN2B,0.4326838552951813
Phloretin,TERF1,0.4326835870742798
Epicatechin,PTBP1,0.43268290162086487
Salidroside,SNCA,0.4326816201210022
Catechin,PTBP1,0.43268054723739624
Danshensu,MYC,0.43267929553985596
Phloretin,EBF3,0.43267104029655457
Phloretin,PRKAA1,0.4326677918434143
Chrysophanol,SPATA2,0.4326641261577606
Hesperetin,IL1B,0.43266332149505615
Danshensu,CBS,0.432661235332489
Phloretin,RBM3,0.4326609969139099
Phloretin,TFAM,0.4326600134372711
Phloretin,JAK2,0.432659387588501
Emodin,E2F3,0.4326574206352234
Danshensu,MRE11,0.4326572120189667
Hesperetin,IFNG,0.4326554536819458
Danshensu,H2AX,0.43265461921691895
Phloretin,MAX,0.4326542019844055
Danshensu,MMP1,0.4326532483100891
Danshensu,FTL,0.4326522946357727
Salidroside,ERN1,0.4326505661010742
Danshensu,CXCL8,0.43265020847320557
Danshensu,MAP1LC3A,0.43264734745025635
Ferulic acid,KLF6,0.432647168636322
Phloretin,RPS6KB1,0.43264681100845337
Salidroside,MCU,0.43264350295066833
Erastin,E2F3,0.432643324136734
Salidroside,HERPUD1,0.43264251947402954
Huperzine A,DPEP1,0.43264222145080566
Danshensu,CRYAB,0.43264198303222656
Phloretin,SLC7A11,0.4326341450214386
Huperzine A,ICA1,0.43263405561447144
Hesperetin,S100A8,0.43263334035873413
Danshensu,ADIPOQ,0.4326317310333252
Phloretin,GMFB,0.4326309263706207
Phloretin,EMP1,0.4326205551624298
Phloretin,TBX2,0.43261969089508057
Phloretin,NBN,0.4326159358024597
Phloretin,CCL2,0.4326159358024597
Phloretin,ATM,0.43261557817459106
Hesperetin,MAPK1,0.4326119124889374
Phloretin,CDK6,0.43261075019836426
Hesperetin,ALOX15,0.4326092302799225
Phloretin,SELE,0.4326092302799225
Tanshinone IIA,CAVIN1,0.4326091408729553
Hesperetin,YAP1,0.4326065182685852
Danshensu,HSPB1,0.43260592222213745
Huperzine A,SNCA,0.432597279548645
Hesperetin,FBXO31,0.4325944185256958
Hesperetin,TNFAIP1,0.4325905740261078
Danshensu,TIMP1,0.43259021639823914
Hesperetin,TFRC,0.4325854182243347
Chrysophanol,ABCC1,0.4325842559337616
Hesperetin,HMGB1,0.43257880210876465
Hesperetin,KEAP1,0.4325784146785736
Phloretin,MAP1LC3B,0.4325781762599945
Hesperetin,TXNIP,0.4325755536556244
Emodin,PTBP1,0.43257296085357666
Phloretin,TGFB1,0.4325691759586334
Phloretin,EIF2AK3,0.4325691759586334
ML162,CD74,0.4325677454471588
Phloretin,CCNA2,0.4325658679008484
Huperzine A,ERN1,0.4325637221336365
Salidroside,PADI4,0.4325616657733917
Erastin,PTBP1,0.4325588345527649
Huperzine A,MCU,0.43255820870399475
Huperzine A,HERPUD1,0.4325565993785858
Pinocembrin,DYRK1A,0.4325559139251709
Hesperetin,TLR4,0.43255552649497986
Salidroside,ACVR1B,0.43255430459976196
Phloretin,ICAM1,0.43255332112312317
Hesperetin,EPHA2,0.43254855275154114
Hesperetin,IL6,0.4325467646121979
Aloe emodin,DYRK1A,0.4325427711009979
Physcion,SLC1A5,0.4325389564037323
Hesperetin,SOCS2,0.4325379431247711
Phloretin,NUAK2,0.4325345456600189
Epicatechin,ICA1,0.43253424763679504
Epicatechin,DPEP1,0.43253400921821594
Catechin,ICA1,0.43253186345100403
Catechin,DPEP1,0.4325316548347473
Hesperetin,LIFR,0.43253156542778015
Chrysophanol,SAT1,0.43253132700920105
Tanshinone IIA,SETD7,0.43252742290496826
Hesperetin,SOD1,0.4325253665447235
Hesperetin,IGFBP7,0.43251505494117737
Danshensu,PCNA,0.432510107755661
Hesperetin,MPO,0.4325014650821686
Danshensu,HMGA1,0.4324990510940552
Phloretin,PNPLA2,0.43249067664146423
Phloretin,TSC2,0.4324837625026703
Epicatechin,SNCA,0.43248307704925537
Hesperetin,SMURF2,0.43248170614242554
Catechin,SNCA,0.43248075246810913
Phloretin,COL3A1,0.4324790835380554
Hesperetin,EDN1,0.43247759342193604
Huperzine A,PADI4,0.432477205991745
Huperzine A,ACVR1B,0.4324680268764496
Epicatechin,ERN1,0.43246644735336304
Emodin,DPEP1,0.43246573209762573
Catechin,ERN1,0.4324641227722168
Phloretin,FTH1,0.43246033787727356
Danshensu,GCLM,0.43246012926101685
Epicatechin,HERPUD1,0.43245989084243774
Epicatechin,MCU,0.4324592649936676
Catechin,HERPUD1,0.4324575662612915
Emodin,ICA1,0.43245747685432434
Catechin,MCU,0.432456910610199
Erastin,DPEP1,0.43245160579681396
Ferulic acid,DUOX1,0.4324496388435364
Erastin,ICA1,0.4324433505535126
Danshensu,FABP5,0.43244102597236633
Hesperetin,EGR1,0.4324391186237335
Danshensu,MMP13,0.4324381351470947
Phloretin,FOS,0.43243563175201416
Danshensu,ABCC2,0.43243515491485596
Chrysophanol,COX7A1,0.4324255585670471
Emodin,SNCA,0.43241995573043823
Salidroside,SPATA2,0.4324130415916443
Danshensu,TNFRSF1A,0.43241041898727417
Ferulic acid,MDM2,0.4324081838130951
Danshensu,MMP10,0.4324060380458832
Erastin,SNCA,0.43240582942962646
Ferulic acid,LOX,0.432395875453949
ML162,LGMN,0.4323907196521759
Emodin,ERN1,0.43238887190818787
Hesperetin,TNFAIP3,0.43238726258277893
Danshensu,BAP1,0.4323832094669342
Emodin,MCU,0.43238186836242676
Emodin,HERPUD1,0.43238088488578796
Erastin,ERN1,0.4323747456073761
Hesperetin,E2F1,0.43237295746803284
Ferulic acid,RGS4,0.43237224221229553
Danshensu,CD82,0.4323701560497284
Epicatechin,ACVR1B,0.43236932158470154
Erastin,MCU,0.43236780166625977
Catechin,ACVR1B,0.4323669373989105
Erastin,HERPUD1,0.4323667585849762
Phloretin,SIRT1,0.43235915899276733
Danshensu,RELA,0.4323546886444092
Hesperetin,MAPK14,0.4323522448539734
ML162,CTSB,0.4323481023311615
Epicatechin,PADI4,0.43234461545944214
Catechin,PADI4,0.4323422908782959
Danshensu,COL1A2,0.4323408305644989
Danshensu,BNIP3L,0.43234071135520935
Danshensu,STAT1,0.43233761191368103
Danshensu,COL1A1,0.43233194947242737
Danshensu,BRCA2,0.432330459356308
Danshensu,VEGFA,0.43233028054237366
Huperzine A,SPATA2,0.43232885003089905
Danshensu,HDAC1,0.4323287606239319
Salidroside,ABCC1,0.43232616782188416
Danshensu,NFKB1,0.43232446908950806
Danshensu,FOXO3,0.43232181668281555
Danshensu,PRKAA2,0.43231722712516785
Danshensu,HDAC2,0.4323136806488037
Danshensu,SQSTM1,0.43231201171875
Danshensu,LMNB1,0.4323105216026306
Danshensu,CDKN2A,0.43231040239334106
Danshensu,CDK4,0.43230557441711426
Emodin,PADI4,0.43230000138282776
Danshensu,CDKN1B,0.4322988986968994
Hesperetin,PRKD1,0.4322986304759979
Emodin,ACVR1B,0.4322926700115204
Danshensu,CDKN1A,0.4322868585586548
Erastin,PADI4,0.4322859048843384
Danshensu,PPARGC1A,0.4322808086872101
Erastin,ACVR1B,0.432278573513031
Danshensu,MMP9,0.43227648735046387
Danshensu,HMGA2,0.432270348072052
Salidroside,SAT1,0.4322662353515625
Danshensu,MMP12,0.4322618246078491
Ferulic acid,FOXO4,0.43225711584091187
Hesperetin,KDM6B,0.43225404620170593
Hesperetin,NLRP3,0.4322457015514374
Danshensu,VCAM1,0.4322415292263031
Huperzine A,ABCC1,0.4322408139705658
Chrysophanol,DYRK1A,0.4322375953197479
Phloretin,RAD51,0.43223389983177185
Hesperetin,FOSL1,0.4322200417518616
Danshensu,GPX4,0.43221986293792725
ML162,LCN2,0.4322196841239929
Danshensu,ATR,0.43221721053123474
Epicatechin,SPATA2,0.4322146475315094
Catechin,SPATA2,0.43221229314804077
Ferulic acid,E2F2,0.43221113085746765
Danshensu,TP53,0.4322071671485901
Danshensu,NCOA4,0.43220654129981995
Ferulic acid,MYC,0.4322056174278259
Danshensu,SLAMF8,0.4322047829627991
Danshensu,MDM4,0.4322041869163513
Danshensu,CHAC1,0.43220317363739014
Danshensu,FN1,0.4321885108947754
Ferulic acid,CBS,0.43218761682510376
Ferulic acid,MRE11,0.4321836233139038
Huperzine A,SAT1,0.43218255043029785
ML162,NR1D1,0.4321823716163635
Ferulic acid,H2AX,0.4321810007095337
Danshensu,BRD4,0.43217968940734863
Ferulic acid,MMP1,0.43217965960502625
Hesperetin,NOX4,0.4321795105934143
Ferulic acid,FTL,0.4321787357330322
Danshensu,ATF2,0.43217748403549194
Ferulic acid,CXCL8,0.43217653036117554
Ferulic acid,MAP1LC3A,0.4321737289428711
ML162,HIF1A,0.4321730136871338
Danshensu,CDO1,0.43217238783836365
Ferulic acid,CRYAB,0.4321683943271637
Danshensu,VDAC2,0.432167112827301
Danshensu,LIG3,0.4321616590023041
Salidroside,COX7A1,0.43216001987457275
Hesperetin,IRF7,0.43215930461883545
Ferulic acid,ADIPOQ,0.43215811252593994
ML162,IRF1,0.4321528971195221
Emodin,SPATA2,0.4321514666080475
Danshensu,ACSL3,0.43215125799179077
Danshensu,SIRT6,0.43214836716651917
Danshensu,HSPD1,0.4321483075618744
Danshensu,NFE2L2,0.4321434497833252
Danshensu,SNAI1,0.43214282393455505
Hesperetin,PDE4B,0.43214109539985657
Hesperetin,MEN1,0.43213963508605957
Danshensu,CD38,0.43213921785354614
Danshensu,ATG7,0.43213900923728943
Erastin,SPATA2,0.43213731050491333
Danshensu,MAPK3,0.4321340024471283
Danshensu,XRCC1,0.43213358521461487
Ferulic acid,HSPB1,0.432132363319397
Danshensu,JUN,0.4321281313896179
Epicatechin,ABCC1,0.43212777376174927
Catechin,ABCC1,0.4321254789829254
Danshensu,GADD45B,0.4321252107620239
Danshensu,PRKDC,0.4321245849132538
Physcion,CD74,0.4321238100528717
Hesperetin,PPP2R2B,0.4321227967739105
Danshensu,TSC1,0.43212082982063293
Danshensu,ALOX5,0.43212056159973145
Danshensu,MAPK8,0.43211719393730164
Ferulic acid,TIMP1,0.4321165978908539
Danshensu,GADD45A,0.43211451172828674
Danshensu,TNF,0.4320885241031647
Danshensu,MTOR,0.43208789825439453
Shikonin,CAVIN1,0.4320877194404602
Danshensu,RAD50,0.43208736181259155
Danshensu,TRIB3,0.432084858417511
Danshensu,TERT,0.43208450078964233
Danshensu,IL1A,0.432082861661911
Danshensu,ALOX12,0.4320816993713379
Danshensu,CCNB1,0.4320771098136902
Huperzine A,COX7A1,0.43207401037216187
Danshensu,IL10,0.43207159638404846
Danshensu,XRCC6,0.4320700168609619
Danshensu,RB1,0.4320688545703888
Emodin,ABCC1,0.43206456303596497
Danshensu,IGFBP5,0.4320637285709381
Danshensu,MNT,0.432063490152359
Danshensu,BLM,0.4320618212223053
Danshensu,LPIN1,0.43206146359443665
Danshensu,ATF4,0.43206048011779785
Danshensu,SLC3A2,0.4320603013038635
Epicatechin,SAT1,0.43205761909484863
Catechin,SAT1,0.4320553243160248
Danshensu,CSE1L,0.4320545196533203
Danshensu,STAT3,0.43205246329307556
Hesperetin,SMARCB1,0.4320524334907532
Erastin,ABCC1,0.4320504665374756
Danshensu,GABARAP,0.4320501387119293
Danshensu,PLIN2,0.432040274143219
Ferulic acid,PCNA,0.43203654885292053
Ferulic acid,HMGA1,0.4320254921913147
Danshensu,PARP1,0.43202388286590576
Danshensu,GOT1,0.43202081322669983
Hesperetin,ATF3,0.43201935291290283
Danshensu,HSP90AA1,0.4320184588432312
Danshensu,VDAC3,0.4320168197154999
ML162,ZEB1,0.4320112466812134
Danshensu,TIMP2,0.4320068955421448
Emodin,SAT1,0.4320046603679657
Danshensu,IL18,0.4319998323917389
Hesperetin,WWTR1,0.431998074054718
Danshensu,CHEK2,0.431995689868927
Danshensu,HDAC3,0.431994765996933
Danshensu,CCND1,0.4319934546947479
Danshensu,SLC39A8,0.43199098110198975
Erastin,SAT1,0.43199053406715393
Danshensu,HSPA5,0.43198999762535095
Danshensu,DDIT3,0.431989461183548
Danshensu,GSS,0.43198883533477783
Shikonin,SETD7,0.4319884777069092
Danshensu,TERF2,0.43198657035827637
Ferulic acid,GCLM,0.43198657035827637
Danshensu,STEAP3,0.43198198080062866
ML162,RUNX3,0.4319801926612854
Danshensu,IGFBP3,0.4319794774055481
Danshensu,BECN1,0.43197938799858093
Danshensu,ACSL4,0.4319777190685272
Danshensu,SESN2,0.43197712302207947
Danshensu,EP300,0.4319770336151123
ML162,ATG3,0.4319734275341034
Danshensu,WRN,0.4319706857204437
Ferulic acid,FABP5,0.43196746706962585
Danshensu,XRCC5,0.43196624517440796
Ferulic acid,MMP13,0.43196454644203186
Ferulic acid,ABCC2,0.4319615960121155
Danshensu,GABARAPL1,0.4319602847099304
Danshensu,CREB1,0.4319596588611603
Danshensu,MMP2,0.4319585859775543
Danshensu,CREBBP,0.43195661902427673
Hesperetin,WNT5A,0.43195590376853943
Danshensu,LIG4,0.4319526255130768
Danshensu,MMP3,0.4319523572921753
Epicatechin,COX7A1,0.4319508373737335
Hesperetin,LPCAT3,0.4319499433040619
Catechin,COX7A1,0.4319484829902649
Danshensu,HERC2,0.4319472908973694
Danshensu,SERPINE1,0.4319472312927246
Hesperetin,BRD7,0.4319377541542053
Physcion,LGMN,0.4319371283054352
Ferulic acid,TNFRSF1A,0.4319368302822113
Danshensu,FANCD2,0.43193304538726807
Ferulic acid,MMP10,0.4319325089454651
Danshensu,ATG5,0.4319305419921875
Danshensu,AKT1,0.4319266378879547
Danshensu,FBXL5,0.4319215416908264
Danshensu,CDK2,0.43192005157470703
Danshensu,HBP1,0.43191951513290405
Salidroside,DYRK1A,0.4319165050983429
Danshensu,BNIP3,0.4319150447845459
Danshensu,CCNE1,0.4319143295288086
Ferulic acid,BAP1,0.4319097101688385
Danshensu,PRNP,0.4319080412387848
Danshensu,FOXO1,0.43190041184425354
Danshensu,EBF3,0.4318986237049103
Emodin,COX7A1,0.43189844489097595
Ferulic acid,CD82,0.4318966269493103
Physcion,CTSB,0.431894987821579
Danshensu,CHEK1,0.43188437819480896
ML162,SOCS1,0.43188437819480896
Erastin,COX7A1,0.4318842887878418
ML162,IRF9,0.4318830668926239
Danshensu,LPIN2,0.4318816363811493
Ferulic acid,RELA,0.4318811595439911
Danshensu,PTEN,0.43188098073005676
Danshensu,TFAM,0.4318794012069702
Danshensu,SLC40A1,0.4318777620792389
Danshensu,GCLC,0.4318758547306061
Danshensu,CDKN2B,0.43187567591667175
Danshensu,TERF1,0.43187248706817627
Danshensu,EIF2A,0.4318697154521942
Danshensu,RBM3,0.43186891078948975
Danshensu,PRKAA1,0.4318680167198181
Ferulic acid,COL1A2,0.4318673014640808
Danshensu,JAK2,0.4318673014640808
Ferulic acid,BNIP3L,0.4318671226501465
Ferulic acid,STAT1,0.4318641126155853
Danshensu,MAX,0.43186095356941223
ML162,BCL6,0.4318595826625824
Ferulic acid,COL1A1,0.4318584203720093
Ferulic acid,BRCA2,0.4318569004535675
Ferulic acid,VEGFA,0.4318567216396332
Danshensu,BRCA1,0.43185654282569885
Ferulic acid,HDAC1,0.4318552315235138
Hesperetin,EPHA4,0.43185317516326904
Ferulic acid,NFKB1,0.43185093998908997
Danshensu,RPS6KB1,0.43184900283813477
Ferulic acid,FOXO3,0.43184828758239746
Naringenin,CAVIN1,0.4318442940711975
Ferulic acid,PRKAA2,0.43184369802474976
Ferulic acid,HDAC2,0.431840181350708
ML162,SP1,0.43183988332748413
Ferulic acid,SQSTM1,0.4318384528160095
Ferulic acid,LMNB1,0.4318369925022125
Ferulic acid,CDKN2A,0.43183690309524536
Danshensu,EMP1,0.4318346679210663
Huperzine A,DYRK1A,0.43183210492134094
Ferulic acid,CDK4,0.43183210492134094
Danshensu,NBN,0.4318312108516693
Danshensu,GMFB,0.431831032037735
Danshensu,TGFB1,0.4318285882472992
Ferulic acid,CDKN1B,0.4318253993988037
Danshensu,CCL2,0.43182307481765747
Hesperetin,E2F3,0.4318215548992157
Danshensu,SLC7A11,0.43181583285331726
Danshensu,SELE,0.4318143129348755
Ferulic acid,CDKN1A,0.4318133294582367
Ferulic acid,PPARGC1A,0.4318072497844696
Danshensu,CDK6,0.43180719017982483
ML162,CXCL10,0.43180564045906067
Ferulic acid,MMP9,0.43180301785469055
Danshensu,TBX2,0.4317992925643921
Ferulic acid,HMGA2,0.4317967891693115
Danshensu,ATM,0.4317964017391205
Ferulic acid,MMP12,0.4317883253097534
Physcion,NR1D1,0.43177634477615356
Danshensu,ICAM1,0.4317737817764282
Danshensu,MAP1LC3B,0.4317726790904999
Physcion,LCN2,0.4317680299282074
Ferulic acid,VCAM1,0.431768000125885
Danshensu,EIF2AK3,0.4317672848701477
Hesperetin,PTBP1,0.4317634701728821
ML162,PTGS2,0.4317571222782135
Ferulic acid,GPX4,0.43174639344215393
Danshensu,NUAK2,0.43174585700035095
Danshensu,CCNA2,0.43174418807029724
Ferulic acid,ATR,0.4317437410354614
Danshensu,TSC2,0.4317423105239868
Danshensu,COL3A1,0.43173861503601074
Ferulic acid,TP53,0.4317336976528168
Ferulic acid,NCOA4,0.43173307180404663
Ferulic acid,SLAMF8,0.43173128366470337
Ferulic acid,MDM4,0.4317306578159332
Ferulic acid,CHAC1,0.43172967433929443
ML162,HMOX1,0.4317224323749542
Physcion,HIF1A,0.4317220449447632
Ferulic acid,FN1,0.4317150115966797
Danshensu,PNPLA2,0.4317111074924469
Pinocembrin,CAVIN1,0.4317109286785126
Naringenin,SETD7,0.4317099452018738
Ferulic acid,BRD4,0.4317062199115753
Ferulic acid,ATF2,0.43170401453971863
ML162,MAP3K14,0.4317001700401306
Melatonin,DPP4,0.4316990375518799
Ferulic acid,CDO1,0.43169888854026794
ML162,IL1B,0.43169814348220825
Danshensu,FTH1,0.4316962659358978
Ferulic acid,VDAC2,0.4316936135292053
ML162,IFNG,0.4316936135292053
Danshensu,FOS,0.4316917061805725
Ferulic acid,LIG3,0.43168818950653076
Epicatechin,DYRK1A,0.43168574571609497
Catechin,DYRK1A,0.43168339133262634
Ferulic acid,ACSL3,0.43167778849601746
Ferulic acid,SIRT6,0.43167489767074585
Ferulic acid,HSPD1,0.4316748082637787
Ferulic acid,NFE2L2,0.43167001008987427
Physcion,IRF1,0.4316698908805847
Ferulic acid,SNAI1,0.43166935443878174
Ferulic acid,CD38,0.4316657483577728
Ferulic acid,ATG7,0.4316655397415161
Ferulic acid,MAPK3,0.43166056275367737
Ferulic acid,XRCC1,0.43166011571884155
Emodin,DYRK1A,0.4316549599170685
Aloe emodin,SETD7,0.4316546320915222
Ferulic acid,JUN,0.4316546320915222
Ferulic acid,GADD45B,0.4316517114639282
ML162,MAPK1,0.43165117502212524
Ferulic acid,PRKDC,0.4316510856151581
Ferulic acid,TSC1,0.4316473603248596
Ferulic acid,ALOX5,0.43164709210395813
Ferulic acid,MAPK8,0.43164366483688354
Ferulic acid,GADD45A,0.4316410422325134
Erastin,DYRK1A,0.4316409230232239
ML162,ALOX15,0.4316238462924957
ML162,YAP1,0.43162065744400024
Danshensu,SIRT1,0.43161827325820923
ML162,S100A8,0.4316171109676361
Ferulic acid,TNF,0.43161505460739136
Ferulic acid,MTOR,0.4316144585609436
Ferulic acid,RAD50,0.43161386251449585
Ferulic acid,TRIB3,0.43161141872406006
Ferulic acid,TERT,0.4316110610961914
ML162,TXNIP,0.4316099286079407
Ferulic acid,IL1A,0.4316094219684601
Hesperetin,ICA1,0.43160930275917053
Hesperetin,DPEP1,0.43160903453826904
Ferulic acid,ALOX12,0.4316082298755646
Ferulic acid,CCNB1,0.43160364031791687
Ferulic acid,IL10,0.4315981864929199
Ferulic acid,XRCC6,0.431596577167511
Ferulic acid,RB1,0.4315953552722931
Ferulic acid,IGFBP5,0.4315902888774872
Ferulic acid,MNT,0.4315900206565857
ML162,TNFAIP1,0.43158993124961853
Ferulic acid,BLM,0.4315883219242096
Ferulic acid,LPIN1,0.43158796429634094
Ferulic acid,ATF4,0.43158701062202454
Ferulic acid,SLC3A2,0.4315868318080902
ML162,IL6,0.4315839409828186
Ferulic acid,CSE1L,0.431581050157547
ML162,TLR4,0.43157958984375
Ferulic acid,STAT3,0.43157899379730225
Ferulic acid,GABARAP,0.4315767288208008
Pinocembrin,SETD7,0.4315766394138336
ML162,HMGB1,0.4315749704837799
ML162,KEAP1,0.43157118558883667
ML162,TFRC,0.43156835436820984
Ferulic acid,PLIN2,0.43156683444976807
ML162,FBXO31,0.43156203627586365
Hesperetin,SNCA,0.431558221578598
ML162,IGFBP7,0.43155550956726074
ML162,SOCS2,0.4315507113933563
Ferulic acid,PARP1,0.43155044317245483
Ferulic acid,GOT1,0.4315473735332489
Melatonin,NR2F2,0.43154633045196533
Aloe emodin,CAVIN1,0.4315454363822937
Ferulic acid,HSP90AA1,0.4315449893474579
Ferulic acid,VDAC3,0.43154338002204895
Physcion,ZEB1,0.4315420985221863
Hesperetin,ERN1,0.4315415322780609
Hesperetin,HERPUD1,0.43153494596481323
ML162,EPHA2,0.4315345883369446
Hesperetin,MCU,0.4315343201160431
Ferulic acid,TIMP2,0.43153345584869385
ML162,LIFR,0.4315290153026581
Ferulic acid,IL18,0.4315263330936432
Ferulic acid,CHEK2,0.4315222501754761
Ferulic acid,HDAC3,0.4315212666988373
ML162,SOD1,0.43152040243148804
Ferulic acid,CCND1,0.4315200448036194
Ferulic acid,SLC39A8,0.43151745200157166
Ferulic acid,HSPA5,0.4315165877342224
Ferulic acid,DDIT3,0.43151605129241943
Ferulic acid,GSS,0.43151533603668213
Ferulic acid,TERF2,0.43151310086250305
Physcion,RUNX3,0.4315095543861389
Ferulic acid,STEAP3,0.43150854110717773
Ferulic acid,IGFBP3,0.4315060079097748
Ferulic acid,BECN1,0.4315059781074524
Ferulic acid,ACSL4,0.4315043091773987
Ferulic acid,SESN2,0.4315037131309509
Ferulic acid,EP300,0.43150362372398376
Ferulic acid,WRN,0.4314972162246704
Ferulic acid,XRCC5,0.4314928352832794
Physcion,ATG3,0.43149229884147644
Danshensu,RAD51,0.43148842453956604
Ferulic acid,GABARAPL1,0.4314868450164795
Ferulic acid,CREB1,0.43148624897003174
ML162,MPO,0.4314856231212616
Ferulic acid,MMP2,0.4314851462841034
Ferulic acid,CREBBP,0.4314831793308258
Ferulic acid,LIG4,0.43147918581962585
Ferulic acid,MMP3,0.43147891759872437
ML162,EDN1,0.43147745728492737
Ferulic acid,HERC2,0.43147388100624084
Ferulic acid,SERPINE1,0.4314737915992737
Ferulic acid,FANCD2,0.43145957589149475
Ferulic acid,ATG5,0.4314571022987366
Ferulic acid,AKT1,0.4314531981945038
ML162,SMURF2,0.43144965171813965
Ferulic acid,FBXL5,0.4314481317996979
Ferulic acid,CDK2,0.4314466714859009
Ferulic acid,HBP1,0.4314461648464203
Hesperetin,ACVR1B,0.4314444363117218
Ferulic acid,BNIP3,0.43144163489341736
Ferulic acid,CCNE1,0.43144094944000244
ML162,EGR1,0.43143588304519653
Ferulic acid,PRNP,0.43143463134765625
Ferulic acid,FOXO1,0.431427001953125
Ferulic acid,EBF3,0.4314252436161041
Hesperetin,PADI4,0.4314197599887848
Ferulic acid,CHEK1,0.4314109981060028
Ferulic acid,LPIN2,0.43140819668769836
Ferulic acid,PTEN,0.4314075708389282
Ferulic acid,TFAM,0.4314059615135193
Ferulic acid,SLC40A1,0.43140438199043274
Physcion,IRF9,0.4314042925834656
Ferulic acid,GCLC,0.43140241503715515
Ferulic acid,CDKN2B,0.4314022958278656
Ferulic acid,TERF1,0.4313991069793701
Physcion,SOCS1,0.4313986003398895
Ferulic acid,EIF2A,0.43139633536338806
Ferulic acid,RBM3,0.4313955008983612
Ferulic acid,PRKAA1,0.4313946068286896
Ferulic acid,JAK2,0.43139389157295227
Curcumin,DPP4,0.4313895106315613
Ferulic acid,MAX,0.4313875436782837
Ferulic acid,BRCA1,0.4313831627368927
Physcion,BCL6,0.43137580156326294
Ferulic acid,RPS6KB1,0.4313756227493286
ML162,E2F1,0.4313713610172272
ML162,PRKD1,0.43136700987815857
Physcion,SP1,0.43136346340179443
ML162,TNFAIP3,0.4313631057739258
Ferulic acid,EMP1,0.4313613474369049
Ferulic acid,NBN,0.43135780096054077
Ferulic acid,GMFB,0.43135762214660645
Ferulic acid,TGFB1,0.43135520815849304
ML162,MAPK14,0.4313507378101349
Ferulic acid,CCL2,0.4313497245311737
Chrysophanol,SETD7,0.43134963512420654
Ferulic acid,SLC7A11,0.4313424527645111
Ferulic acid,SELE,0.43134087324142456
Ferulic acid,CDK6,0.4313337802886963
Ferulic acid,TBX2,0.43132585287094116
Ferulic acid,ATM,0.43132302165031433
Physcion,CXCL10,0.4313202500343323
Ferulic acid,ICAM1,0.43130040168762207
Ferulic acid,MAP1LC3B,0.4312993288040161
Ferulic acid,EIF2AK3,0.43129390478134155
Hesperetin,SPATA2,0.4312898814678192
Salidroside,CAVIN1,0.4312868118286133
Physcion,PTGS2,0.43127915263175964
Ferulic acid,NUAK2,0.4312725067138672
Ferulic acid,CCNA2,0.4312707781791687
Ferulic acid,TSC2,0.4312689006328583
Ferulic acid,COL3A1,0.431265264749527
Dihydroartemisinin,SLC1A5,0.4312596917152405
Plumbagin,DPP4,0.43124380707740784
Physcion,HMOX1,0.43124210834503174
Curcumin,NR2F2,0.43124133348464966
Ferulic acid,PNPLA2,0.4312377870082855
ML162,KDM6B,0.4312368333339691
ML162,NLRP3,0.43123361468315125
Ferulic acid,FTH1,0.4312228858470917
Ferulic acid,FOS,0.43121835589408875
Physcion,IL1B,0.4312126934528351
Physcion,IFNG,0.43120837211608887
ML162,FOSL1,0.43120381236076355
Hesperetin,ABCC1,0.4312030076980591
Physcion,MAP3K14,0.4312012493610382
Chrysophanol,CAVIN1,0.4311677813529968
Physcion,MAPK1,0.43116679787635803
ML162,NOX4,0.43116649985313416
Ferulic acid,SIRT1,0.43114495277404785
ML162,IRF7,0.4311389625072479
Hesperetin,SAT1,0.4311329126358032
Physcion,ALOX15,0.43113255500793457
Physcion,YAP1,0.43112775683403015
Physcion,TXNIP,0.43112456798553467
Physcion,S100A8,0.4311164915561676
ML162,PPP2R2B,0.43109869956970215
ML162,MEN1,0.4310982823371887
Physcion,IL6,0.43109753727912903
Plumbagin,NR2F2,0.4310956299304962
Physcion,TNFAIP1,0.4310941696166992
Physcion,TLR4,0.43109044432640076
ML162,PDE4B,0.43108469247817993
Physcion,HMGB1,0.43107688426971436
Melatonin,LACTB,0.43107476830482483
Physcion,KEAP1,0.4310734272003174
Physcion,IGFBP7,0.4310700595378876
Physcion,TFRC,0.4310673177242279
Physcion,SOCS2,0.43105700612068176
Physcion,FBXO31,0.4310554563999176
Physcion,EPHA2,0.4310317039489746
Physcion,LIFR,0.43103042244911194
Hesperetin,COX7A1,0.4310261607170105
Physcion,SOD1,0.431022047996521
ML162,ATF3,0.43102121353149414
Ferulic acid,RAD51,0.43101513385772705
ML162,SMARCB1,0.4310134947299957
Huperzine A,CAVIN1,0.43100062012672424
Physcion,MPO,0.4309815764427185
Physcion,EDN1,0.43097901344299316
Salidroside,SETD7,0.4309784770011902
ML162,LPCAT3,0.4309782385826111
Physcion,PRKD1,0.43095287680625916
ML162,WWTR1,0.4309457838535309
Physcion,SMURF2,0.43094155192375183
Physcion,EGR1,0.43093636631965637
Melatonin,KLF6,0.43091872334480286
Huperzine A,SETD7,0.43091312050819397
ML162,EPHA4,0.4309029281139374
ML162,BRD7,0.43088603019714355
Physcion,E2F1,0.43087270855903625
ML162,WNT5A,0.4308580458164215
Physcion,TNFAIP3,0.43085619807243347
Physcion,MAPK14,0.43085113167762756
Epicatechin,CAVIN1,0.4308411777019501
Catechin,CAVIN1,0.43083885312080383
Dihydroartemisinin,CD74,0.4308086931705475
Erastin,CAVIN1,0.43078237771987915
Hesperetin,DYRK1A,0.4307612180709839
ML162,E2F3,0.43075910210609436
Curcumin,LACTB,0.43075552582740784
Emodin,SETD7,0.4307417571544647
Physcion,KDM6B,0.4307311475276947
Physcion,NLRP3,0.43072694540023804
Erastin,SETD7,0.43072080612182617
Melatonin,DUOX1,0.4307091236114502
Epicatechin,SETD7,0.43070700764656067
Catechin,SETD7,0.43070462346076965
Physcion,FOSL1,0.43069708347320557
Physcion,NOX4,0.43065816164016724
Emodin,CAVIN1,0.4306482672691345
Dihydroartemisinin,LGMN,0.4306381046772003
Physcion,IRF7,0.43062907457351685
Melatonin,MDM2,0.4306259751319885
Plumbagin,LACTB,0.4306098520755768
Dihydroartemisinin,CTSB,0.4305907189846039
ML162,DPEP1,0.4305899143218994
Physcion,PPP2R2B,0.4305894672870636
Melatonin,LOX,0.4305833578109741
Curcumin,KLF6,0.430583119392395
Physcion,MEN1,0.43058276176452637
ML162,ICA1,0.4305679500102997
ML162,SNCA,0.43056514859199524
Physcion,PDE4B,0.43056419491767883
ML162,PTBP1,0.4305405020713806
Tanshinone IIA,DPP4,0.430538147687912
Physcion,ATF3,0.430520623922348
Physcion,SMARCB1,0.4304979741573334
Physcion,LPCAT3,0.43048474192619324
ML162,MCU,0.4304739534854889
ML162,HERPUD1,0.4304468333721161
Dihydroartemisinin,LCN2,0.43044134974479675
ML162,PADI4,0.4304408133029938
Physcion,EPHA4,0.43043968081474304
Plumbagin,KLF6,0.43043747544288635
Physcion,WWTR1,0.4304243326187134
ML162,ERN1,0.43042221665382385
Melatonin,MRE11,0.43041324615478516
Melatonin,H2AX,0.4304106831550598
Melatonin,MMP1,0.43040937185287476
Melatonin,FTL,0.43040838837623596
Melatonin,CXCL8,0.43040624260902405
Melatonin,CRYAB,0.43039804697036743
Dihydroartemisinin,HIF1A,0.4303954541683197
Melatonin,ADIPOQ,0.43038782477378845
Tanshinone IIA,NR2F2,0.43038463592529297
Melatonin,RGS4,0.4303806722164154
RSL3,SLC1A5,0.43037888407707214
Curcumin,DUOX1,0.43037837743759155
Melatonin,MAP1LC3A,0.43037667870521545
Physcion,BRD7,0.43036484718322754
Dihydroartemisinin,NR1D1,0.4303639233112335
Curcumin,LOX,0.4303421676158905
ML162,ACVR1B,0.43033677339553833
Physcion,WNT5A,0.43033668398857117
Dihydroartemisinin,IRF1,0.43032926321029663
Melatonin,FOXO4,0.4303215742111206
Curcumin,RGS4,0.4303206205368042
Curcumin,MDM2,0.4303058683872223
Aloe emodin,DPP4,0.43029093742370605
ML162,SPATA2,0.4302635192871094
Melatonin,MYC,0.4302595555782318
Melatonin,CBS,0.43024054169654846
Melatonin,E2F2,0.43023937940597534
Physcion,E2F3,0.43023717403411865
Plumbagin,DUOX1,0.4302327632904053
Plumbagin,RGS4,0.43022722005844116
Dihydroartemisinin,ZEB1,0.43020209670066833
Plumbagin,LOX,0.4301965534687042
Melatonin,HSPB1,0.4301949441432953
Curcumin,FOXO4,0.4301701486110687
Dihydroartemisinin,ATG3,0.43016791343688965
Artemisinin,SLC1A5,0.4301646053791046
Plumbagin,MDM2,0.4301602244377136
Melatonin,TIMP1,0.4301517605781555
Melatonin,MMP10,0.4301495850086212
Melatonin,BAP1,0.4301374554634094
Dihydroartemisinin,RUNX3,0.43012821674346924
ML162,SAT1,0.4301259219646454
Curcumin,E2F2,0.4301230013370514
Melatonin,GCLM,0.4301165044307709
ML162,ABCC1,0.43011030554771423
Melatonin,HMGA1,0.43010932207107544
Curcumin,MYC,0.4301046133041382
Curcumin,CBS,0.430085688829422
Melatonin,STAT1,0.43008506298065186
Physcion,DPEP1,0.43007439374923706
Aloe emodin,NR2F2,0.4300725758075714
Physcion,SNCA,0.4300585091114044
Curcumin,MRE11,0.430054247379303
Dihydroartemisinin,IRF9,0.43005284667015076
Curcumin,H2AX,0.43005165457725525
Curcumin,MMP1,0.4300503134727478
Curcumin,FTL,0.4300493597984314
Curcumin,CXCL8,0.43004724383354187
Plumbagin,FOXO4,0.4300471544265747
Physcion,ICA1,0.43004608154296875
Curcumin,MAP1LC3A,0.43004441261291504
Dihydroartemisinin,SOCS1,0.4300442039966583
Melatonin,PCNA,0.43004360795021057
Curcumin,CRYAB,0.43003901839256287
Dihydroartemisinin,BCL6,0.4300389885902405
Curcumin,ADIPOQ,0.4300287961959839
Physcion,PTBP1,0.4300200641155243
Melatonin,MMP12,0.4300113320350647
Melatonin,CD82,0.43001073598861694
Dihydroartemisinin,SP1,0.43000558018684387
Curcumin,HSPB1,0.4300030469894409
RSL3,CD74,0.43000155687332153
Melatonin,BNIP3L,0.42999643087387085
Curcumin,TIMP1,0.429987370967865
Plumbagin,MYC,0.42998719215393066
Melatonin,VEGFA,0.42998233437538147
Melatonin,TNFRSF1A,0.4299791753292084
Plumbagin,E2F2,0.42997774481773376
Plumbagin,CBS,0.42997223138809204
Melatonin,HMGA2,0.4299675226211548
Melatonin,PRKAA2,0.42996564507484436
Dihydroartemisinin,CXCL10,0.42996031045913696
Physcion,MCU,0.429951936006546
Chrysophanol,DPP4,0.42994341254234314
Physcion,PADI4,0.42993640899658203
Melatonin,FABP5,0.4299350082874298
Melatonin,RELA,0.429932564496994
Melatonin,CHAC1,0.42992910742759705
Melatonin,MMP13,0.42992839217185974
Physcion,HERPUD1,0.4299253821372986
Melatonin,ABCC2,0.42992454767227173
Hesperetin,CAVIN1,0.4299190044403076
Melatonin,NFKB1,0.42991718649864197
Tanshinone IIA,LACTB,0.42991524934768677
Dihydroartemisinin,PTGS2,0.4299136698246002
Curcumin,PCNA,0.4299073815345764
Melatonin,HDAC1,0.4299039840698242
Physcion,ERN1,0.4299010634422302
ML162,COX7A1,0.4299003779888153
Melatonin,CDK4,0.42989781498908997
Curcumin,HMGA1,0.4298963248729706
Melatonin,CDO1,0.4298962652683258
Melatonin,VCAM1,0.4298916757106781
Melatonin,MMP9,0.4298867881298065
Melatonin,CDKN1A,0.4298747181892395
Dihydroartemisinin,HMOX1,0.4298713207244873
Melatonin,FOXO3,0.42986246943473816
Dihydroartemisinin,MAP3K14,0.42986106872558594
Melatonin,HDAC2,0.4298579692840576
Curcumin,GCLM,0.429857462644577
Melatonin,SQSTM1,0.4298570156097412
Melatonin,CDKN1B,0.429852157831192
Plumbagin,HSPB1,0.42984968423843384
Melatonin,SLAMF8,0.4298495352268219
Melatonin,LMNB1,0.4298478960990906
Curcumin,FABP5,0.4298471510410309
Curcumin,ABCC2,0.4298447072505951
Curcumin,MMP13,0.4298437833786011
Melatonin,ALOX12,0.42983850836753845
Plumbagin,TIMP1,0.42983806133270264
Dihydroartemisinin,IL1B,0.4298316240310669
Dihydroartemisinin,IFNG,0.429830938577652
RSL3,LGMN,0.4298305809497833
Melatonin,TNF,0.4298301339149475
Melatonin,MDM4,0.42982596158981323
Melatonin,IL1A,0.42981889843940735
Physcion,ACVR1B,0.4298155903816223
Plumbagin,MAP1LC3A,0.4298044741153717
Curcumin,MMP10,0.4298034608364105
Melatonin,COL1A1,0.4298027455806732
Melatonin,BRCA2,0.42980143427848816
Curcumin,TNFRSF1A,0.42979905009269714
Melatonin,COL1A2,0.4297972321510315
Melatonin,GPX4,0.4297950863838196
Melatonin,TP53,0.4297931492328644
Dihydroartemisinin,MAPK1,0.4297870695590973
RSL3,CTSB,0.42978423833847046
Hesperetin,SETD7,0.42978301644325256
Curcumin,BAP1,0.4297806918621063
Dihydroartemisinin,S100A8,0.42977944016456604
Plumbagin,MRE11,0.429779052734375
Plumbagin,H2AX,0.42977556586265564
Plumbagin,MMP1,0.42977410554885864
Melatonin,CDKN2A,0.4297735393047333
Plumbagin,CRYAB,0.4297727644443512
Melatonin,ATR,0.4297725260257721
Melatonin,ACSL3,0.42977234721183777
Dihydroartemisinin,ALOX15,0.4297713041305542
Plumbagin,FTL,0.4297711253166199
Plumbagin,CXCL8,0.4297695457935333
Curcumin,CD82,0.4297667145729065
Melatonin,SNAI1,0.4297631084918976
Plumbagin,ADIPOQ,0.42975831031799316
Plumbagin,PCNA,0.42975571751594543
Melatonin,XRCC1,0.4297552704811096
Dihydroartemisinin,YAP1,0.42975372076034546
Tanshinone IIA,KLF6,0.42975354194641113
Melatonin,NFE2L2,0.42975324392318726
Melatonin,GADD45B,0.429749459028244
Melatonin,JUN,0.4297492504119873
Curcumin,RELA,0.429747074842453
Dihydroartemisinin,TNFAIP1,0.4297443628311157
Artemisinin,CD74,0.42974328994750977
Physcion,SPATA2,0.4297432005405426
Melatonin,SLC39A8,0.4297385513782501
Curcumin,BNIP3L,0.42973819375038147
Curcumin,STAT1,0.42973509430885315
Dihydroartemisinin,TXNIP,0.429731547832489
ML162,DYRK1A,0.42972880601882935
Dihydroartemisinin,TFRC,0.4297286868095398
Dihydroartemisinin,FBXO31,0.42972859740257263
Curcumin,VEGFA,0.42972779273986816
Melatonin,WRN,0.42972761392593384
Curcumin,HDAC1,0.4297263026237488
Dihydroartemisinin,KEAP1,0.42972591519355774
Chrysophanol,NR2F2,0.42972511053085327
Melatonin,NCOA4,0.4297228753566742
Melatonin,ATG7,0.4297223389148712
Curcumin,NFKB1,0.4297220706939697
Dihydroartemisinin,HMGB1,0.42972004413604736
Melatonin,IL10,0.4297178387641907
Melatonin,PPARGC1A,0.4297168254852295
Melatonin,CD38,0.42971616983413696
Plumbagin,ABCC2,0.42971596121788025
Curcumin,PRKAA2,0.42971476912498474
Plumbagin,MMP13,0.4297146201133728
Melatonin,MAPK3,0.4297136068344116
Plumbagin,FABP5,0.42971301078796387
Curcumin,HDAC2,0.42971107363700867
Melatonin,ATF2,0.42970964312553406
Melatonin,ALOX5,0.4297095537185669
Dihydroartemisinin,TLR4,0.4297083914279938
Melatonin,TSC1,0.4297081530094147
Dihydroartemisinin,IL6,0.4297075569629669
Curcumin,SQSTM1,0.4297073781490326
Melatonin,LPIN1,0.4297073781490326
Melatonin,HSPD1,0.42970702052116394
Melatonin,GOT1,0.429706871509552
Curcumin,CDK4,0.42970314621925354
Melatonin,VDAC2,0.4297028183937073
Plumbagin,HMGA1,0.42970260977745056
Curcumin,COL1A1,0.4297011196613312
Curcumin,BRCA2,0.42969971895217896
Curcumin,COL1A2,0.42969971895217896
Curcumin,FOXO3,0.4296981692314148
Curcumin,CDKN2A,0.4296967089176178
Curcumin,LMNB1,0.42968860268592834
Melatonin,HSP90AA1,0.42968836426734924
Melatonin,PARP1,0.42968642711639404
Melatonin,XRCC6,0.4296855330467224
Dihydroartemisinin,SOCS2,0.4296852648258209
Melatonin,MNT,0.42968422174453735
Melatonin,LIG3,0.42968249320983887
Dihydroartemisinin,EPHA2,0.42968103289604187
Melatonin,PRKDC,0.4296809136867523
Melatonin,BRD4,0.4296789765357971
Curcumin,CDKN1A,0.4296782314777374
Curcumin,CDKN1B,0.42967817187309265
Dihydroartemisinin,IGFBP7,0.42967674136161804
Melatonin,SESN2,0.42967623472213745
Melatonin,RB1,0.42967498302459717
Curcumin,MMP9,0.42967408895492554
Dihydroartemisinin,LIFR,0.4296680688858032
Curcumin,HMGA2,0.4296679198741913
Dihydroartemisinin,SOD1,0.42966634035110474
Melatonin,GABARAP,0.4296658933162689
Melatonin,VDAC3,0.4296618402004242
Curcumin,MMP12,0.4296594262123108
Melatonin,TERT,0.4296593964099884
Melatonin,FN1,0.42965665459632874
Melatonin,BLM,0.4296523332595825
Melatonin,TIMP2,0.42965102195739746
Melatonin,GADD45A,0.4296489953994751
Melatonin,SIRT6,0.4296480715274811
Melatonin,SLC3A2,0.42964738607406616
RSL3,LCN2,0.42964494228363037
Curcumin,VCAM1,0.42963913083076477
Plumbagin,TNFRSF1A,0.4296390116214752
Melatonin,MTOR,0.4296371042728424
Melatonin,STAT3,0.42963701486587524
Melatonin,ATF4,0.4296364188194275
Dihydroartemisinin,MPO,0.4296298027038574
Curcumin,PPARGC1A,0.42962655425071716
Melatonin,ACSL4,0.42962646484375
Melatonin,MMP3,0.42962583899497986
Melatonin,CDK2,0.42962566018104553
Melatonin,RBM3,0.4296225905418396
Aloe emodin,LACTB,0.42962175607681274
Melatonin,TERF2,0.42961785197257996
Curcumin,GPX4,0.42961758375167847
Curcumin,ATR,0.4296149015426636
Dihydroartemisinin,EDN1,0.42961204051971436
Physcion,SAT1,0.42960992455482483
Melatonin,MAPK8,0.42960789799690247
Plumbagin,GCLM,0.4296075999736786
Melatonin,TRIB3,0.42960596084594727
Curcumin,TP53,0.4296049177646637
Melatonin,IL18,0.4296043813228607
Curcumin,NCOA4,0.42960429191589355
Melatonin,PLIN2,0.42960402369499207
Curcumin,SLAMF8,0.4296024739742279
Curcumin,MDM4,0.42960187792778015
Melatonin,BECN1,0.4296010434627533
Curcumin,CHAC1,0.42960086464881897
Melatonin,EBF3,0.4296000301837921
RSL3,HIF1A,0.42959949374198914
Melatonin,RAD50,0.42959874868392944
Dihydroartemisinin,SMURF2,0.42959851026535034
Melatonin,PRNP,0.4295946955680847
Physcion,ABCC1,0.4295887053012848
Melatonin,DDIT3,0.42958635091781616
Melatonin,TGFB1,0.429585725069046
Melatonin,TFAM,0.429585725069046
Curcumin,FN1,0.4295840561389923
Melatonin,IGFBP3,0.42958149313926697
Melatonin,ATG5,0.4295809268951416
Melatonin,FOXO1,0.4295777976512909
Curcumin,BRD4,0.42957744002342224
RSL3,NR1D1,0.42957741022109985
Melatonin,CCNB1,0.42957592010498047
Melatonin,XRCC5,0.4295755922794342
Curcumin,ATF2,0.42957523465156555
Melatonin,CSE1L,0.429575115442276
Melatonin,GABARAPL1,0.429574579000473
Plumbagin,CD82,0.42957356572151184
Melatonin,IGFBP5,0.42957180738449097
Melatonin,LIG4,0.4295707941055298
Curcumin,CDO1,0.42957013845443726
Dihydroartemisinin,EGR1,0.4295683801174164
Plumbagin,RELA,0.42956745624542236
Curcumin,VDAC2,0.42956486344337463
Melatonin,CREBBP,0.42956358194351196
RSL3,IRF1,0.4295603930950165
Curcumin,LIG3,0.4295594096183777
Plumbagin,CDKN2A,0.4295578598976135
Plumbagin,COL1A2,0.4295535087585449
Tanshinone IIA,DUOX1,0.4295502305030823
Curcumin,ACSL3,0.42954903841018677
Melatonin,STEAP3,0.42954811453819275
Curcumin,SIRT6,0.42954617738723755
Curcumin,HSPD1,0.4295461177825928
Artemisinin,LGMN,0.42954567074775696
Melatonin,MMP2,0.42954474687576294
Melatonin,JAK2,0.4295446276664734
Melatonin,SERPINE1,0.429543673992157
Melatonin,HBP1,0.42954322695732117
Melatonin,CREB1,0.42954206466674805
Curcumin,NFE2L2,0.42954128980636597
Curcumin,SNAI1,0.42954063415527344
Melatonin,HDAC3,0.4295373857021332
Melatonin,CHEK2,0.42953723669052124
Melatonin,AKT1,0.4295371174812317
Curcumin,CD38,0.4295370578765869
Melatonin,HERC2,0.42953693866729736
Curcumin,ATG7,0.4295367896556854
Melatonin,PRKAA1,0.42953652143478394
Melatonin,EP300,0.42953646183013916
Plumbagin,HDAC1,0.4295349419116974
Plumbagin,COL1A1,0.429533988237381
Melatonin,CDKN2B,0.4295338988304138
Melatonin,MAX,0.4295338988304138
Melatonin,CCND1,0.4295337200164795
Melatonin,BNIP3,0.42953282594680786
Melatonin,FANCD2,0.4295324981212616
Plumbagin,BRCA2,0.4295320510864258
Curcumin,MAPK3,0.42953187227249146
Curcumin,XRCC1,0.4295313358306885
Melatonin,HSPA5,0.4295300245285034
Melatonin,FBXL5,0.42952972650527954
Plumbagin,HDAC2,0.42952898144721985
Melatonin,SLC40A1,0.42952781915664673
Plumbagin,SQSTM1,0.42952781915664673
Curcumin,JUN,0.4295259416103363
Plumbagin,FOXO3,0.4295244514942169
Melatonin,TERF1,0.4295231103897095
Curcumin,GADD45B,0.4295229911804199
Curcumin,PRKDC,0.4295223653316498
Melatonin,EMP1,0.42952078580856323
Melatonin,PTEN,0.4295204281806946
Melatonin,GCLC,0.4295201301574707
Plumbagin,NFKB1,0.42951974272727966
Curcumin,TSC1,0.4295186698436737
Curcumin,ALOX5,0.4295184016227722
Artemisinin,CTSB,0.42951542139053345
Curcumin,MAPK8,0.42951497435569763
Melatonin,LPIN2,0.42951488494873047
Plumbagin,MMP10,0.42951396107673645
Melatonin,CCNE1,0.42951375246047974
Curcumin,GADD45A,0.4295123517513275
Melatonin,GSS,0.42951059341430664
Melatonin,EIF2A,0.42951005697250366
Plumbagin,LMNB1,0.42950958013534546
Melatonin,RPS6KB1,0.4295080304145813
Melatonin,NBN,0.42950496077537537
Melatonin,CHEK1,0.429501473903656
Dihydroartemisinin,E2F1,0.42950090765953064
Dihydroartemisinin,TNFAIP3,0.4294968247413635
Plumbagin,CDK4,0.4294942319393158
Plumbagin,PPARGC1A,0.42948850989341736
Plumbagin,CDKN1B,0.42948776483535767
Curcumin,TNF,0.42948639392852783
Curcumin,MTOR,0.4294857680797577
Curcumin,RAD50,0.4294852018356323
Plumbagin,BAP1,0.4294838309288025
Curcumin,TRIB3,0.4294827878475189
Curcumin,TERT,0.4294824004173279
Melatonin,CCL2,0.4294816851615906
Curcumin,IL1A,0.42948076128959656
Melatonin,GMFB,0.42948049306869507
Curcumin,ALOX12,0.4294796288013458
Plumbagin,BNIP3L,0.42947661876678467
Schisandrin B,SLC1A5,0.42947545647621155
Curcumin,CCNB1,0.42947500944137573
Dihydroartemisinin,MAPK14,0.4294733703136444
Curcumin,IL10,0.429469496011734
Curcumin,XRCC6,0.42946791648864746
Curcumin,RB1,0.42946672439575195
Tanshinone IIA,MDM2,0.4294653832912445
Melatonin,SELE,0.4294644892215729
Curcumin,IGFBP5,0.42946162819862366
Curcumin,MNT,0.42946141958236694
Melatonin,BRCA1,0.4294604957103729
Curcumin,BLM,0.42945975065231323
Curcumin,LPIN1,0.4294593930244446
Curcumin,ATF4,0.4294584393501282
Curcumin,SLC3A2,0.4294582009315491
Plumbagin,VEGFA,0.42945367097854614
Curcumin,CSE1L,0.42945244908332825
Curcumin,STAT3,0.4294504225254059
Plumbagin,CDKN1A,0.4294503331184387
Curcumin,GABARAP,0.42944812774658203
Artemisinin,NR1D1,0.42944419384002686
Melatonin,CDK6,0.4294431209564209
Plumbagin,PRKAA2,0.42943888902664185
Curcumin,PLIN2,0.42943820357322693
Dihydroartemisinin,PRKD1,0.42943739891052246
Melatonin,SLC7A11,0.42943403124809265
Melatonin,TSC2,0.4294321835041046
RSL3,ZEB1,0.42942801117897034
Melatonin,COL3A1,0.429427832365036
Tanshinone IIA,LOX,0.4294247329235077
Artemisinin,LCN2,0.42942431569099426
Curcumin,PARP1,0.4294218420982361
Melatonin,ICAM1,0.4294211268424988
Curcumin,GOT1,0.42941880226135254
Curcumin,HSP90AA1,0.4294164478778839
Curcumin,VDAC3,0.4294148087501526
Plumbagin,STAT1,0.4294128715991974
Plumbagin,MMP9,0.4294091761112213
Curcumin,TIMP2,0.4294048845767975
Tanshinone IIA,RGS4,0.4294029474258423
Plumbagin,FN1,0.42940250039100647
Melatonin,TBX2,0.42940187454223633
Curcumin,IL18,0.429397851228714
Melatonin,ATM,0.4293961226940155
RSL3,ATG3,0.4293944239616394
Curcumin,CHEK2,0.4293937087059021
Curcumin,HDAC3,0.4293927550315857
Plumbagin,NCOA4,0.42939266562461853
Plumbagin,ATR,0.42939168214797974
Curcumin,CCND1,0.4293915033340454
Curcumin,SLC39A8,0.42938897013664246
Curcumin,HSPA5,0.42938804626464844
Curcumin,DDIT3,0.42938748002052307
Plumbagin,VCAM1,0.4293872117996216
Curcumin,GSS,0.42938685417175293
Curcumin,TERF2,0.4293845593929291
Artemisinin,HIF1A,0.4293842911720276
Plumbagin,GPX4,0.42938289046287537
Melatonin,EIF2AK3,0.42938223481178284
Melatonin,MAP1LC3B,0.4293801784515381
Curcumin,STEAP3,0.42937999963760376
Physcion,COX7A1,0.4293789863586426
Curcumin,IGFBP3,0.4293775260448456
Curcumin,BECN1,0.4293774366378784
Curcumin,ACSL4,0.4293757677078247
Curcumin,SESN2,0.42937517166137695
Curcumin,EP300,0.4293751120567322
Plumbagin,BRD4,0.4293724298477173
Plumbagin,TP53,0.4293693006038666
Curcumin,WRN,0.4293687343597412
Melatonin,NUAK2,0.4293685555458069
RSL3,RUNX3,0.42936477065086365
Curcumin,XRCC5,0.4293643534183502
Melatonin,FOS,0.4293634593486786
Dihydroartemisinin,KDM6B,0.42935845255851746
Curcumin,GABARAPL1,0.4293583631515503
Curcumin,CREB1,0.42935776710510254
Curcumin,MMP2,0.4293566048145294
Curcumin,CREBBP,0.4293546676635742
Plumbagin,HMGA2,0.42935365438461304
Curcumin,LIG4,0.42935073375701904
Curcumin,MMP3,0.42935046553611755
Curcumin,HERC2,0.42934536933898926
Curcumin,SERPINE1,0.42934536933898926
Plumbagin,SLAMF8,0.42934271693229675
Melatonin,PNPLA2,0.42934152483940125
Melatonin,FTH1,0.4293414354324341
Plumbagin,MDM4,0.429340660572052
Dihydroartemisinin,NLRP3,0.4293400049209595
Curcumin,FANCD2,0.42933112382888794
Plumbagin,ATF2,0.42933085560798645
Plumbagin,MMP12,0.4293302893638611
Curcumin,ATG5,0.42932865023612976
Plumbagin,LIG3,0.42932838201522827
Plumbagin,SIRT6,0.42932629585266113
Curcumin,AKT1,0.429324746131897
Curcumin,FBXL5,0.42931967973709106
Artemisinin,IRF1,0.4293193519115448
Curcumin,CDK2,0.4293181896209717
Dihydroartemisinin,FOSL1,0.4293179214000702
Curcumin,HBP1,0.4293176829814911
Plumbagin,VDAC2,0.4293173551559448
Curcumin,BNIP3,0.42931318283081055
Curcumin,CCNE1,0.42931249737739563
Melatonin,CCNA2,0.42930862307548523
Emodin,DPP4,0.42930787801742554
Curcumin,PRNP,0.4293062388896942
Plumbagin,HSPD1,0.4293040931224823
Curcumin,FOXO1,0.4292985498905182
Curcumin,EBF3,0.4292967617511749
Plumbagin,MAPK8,0.42929184436798096
Curcumin,CHEK1,0.42928260564804077
RSL3,IRF9,0.42928165197372437
Curcumin,LPIN2,0.42927980422973633
Curcumin,PTEN,0.4292791783809662
Naringenin,DPP4,0.4292778968811035
RSL3,SOCS1,0.42927777767181396
Curcumin,TFAM,0.42927759885787964
Curcumin,SLC40A1,0.4292759299278259
Chrysophanol,LACTB,0.42927438020706177
Curcumin,GCLC,0.4292740523815155
Curcumin,CDKN2B,0.4292738735675812
Plumbagin,ATG7,0.429272323846817
Curcumin,TERF1,0.4292707145214081
RSL3,BCL6,0.4292703866958618
Erastin,DPP4,0.4292684495449066
Curcumin,EIF2A,0.429267942905426
Curcumin,RBM3,0.4292670488357544
Curcumin,PRKAA1,0.42926618456840515
Plumbagin,CHAC1,0.42926618456840515
Curcumin,JAK2,0.4292655289173126
Melatonin,SIRT1,0.4292638897895813
Curcumin,MAX,0.42925918102264404
Plumbagin,XRCC1,0.42925748229026794
Curcumin,BRCA1,0.4292547404766083
Plumbagin,NFE2L2,0.4292536973953247
Dihydroartemisinin,NOX4,0.42925167083740234
Plumbagin,CD38,0.4292513132095337
Plumbagin,CDO1,0.42924943566322327
Plumbagin,JUN,0.4292478561401367
Curcumin,RPS6KB1,0.4292472004890442
Plumbagin,RAD50,0.4292449653148651
Plumbagin,GADD45B,0.4292430579662323
Plumbagin,MAPK3,0.429242879152298
Plumbagin,ALOX5,0.4292428195476532
Plumbagin,GADD45A,0.42924273014068604
Plumbagin,ACSL3,0.42924219369888306
Dihydroartemisinin,IRF7,0.4292415678501129
Plumbagin,PRKDC,0.42923998832702637
RSL3,SP1,0.42923954129219055
Aloe emodin,KLF6,0.42923858761787415
Plumbagin,TRIB3,0.4292353391647339
Tanshinone IIA,FOXO4,0.4292348027229309
Plumbagin,TSC1,0.4292342960834503
Plumbagin,SNAI1,0.429233580827713
Curcumin,EMP1,0.42923295497894287
Curcumin,NBN,0.4292294383049011
Curcumin,GMFB,0.4292292892932892
Plumbagin,CCNB1,0.42922794818878174
Curcumin,TGFB1,0.429226815700531
Curcumin,CCL2,0.42922136187553406
Plumbagin,MTOR,0.429218590259552
Dihydroartemisinin,PDE4B,0.4292163550853729
Aloe emodin,DUOX1,0.42921438813209534
Curcumin,SLC7A11,0.42921409010887146
Dihydroartemisinin,PPP2R2B,0.4292135536670685
Curcumin,SELE,0.4292125701904297
Dihydroartemisinin,MEN1,0.4292123317718506
Physcion,DYRK1A,0.4292060434818268
Curcumin,CDK6,0.4292054772377014
Plumbagin,IGFBP5,0.42920178174972534
Plumbagin,TERT,0.42919984459877014
Curcumin,TBX2,0.4291975498199463
RSL3,CXCL10,0.4291974604129791
Curcumin,ATM,0.42919471859931946
Plumbagin,CSE1L,0.42919158935546875
Tanshinone IIA,E2F2,0.42918694019317627
Artemisinin,ZEB1,0.429183691740036
Curcumin,ICAM1,0.4291721284389496
Curcumin,MAP1LC3B,0.42917102575302124
Tanshinone IIA,MYC,0.4291696846485138
Plumbagin,RB1,0.4291671812534332
Curcumin,EIF2AK3,0.42916569113731384
Artemisinin,RUNX3,0.4291645288467407
Plumbagin,SLC3A2,0.4291643500328064
Plumbagin,XRCC6,0.4291608929634094
Plumbagin,ATF4,0.429158478975296
Plumbagin,BLM,0.4291568100452423
RSL3,PTGS2,0.4291510283946991
Tanshinone IIA,CBS,0.42915084958076477
Plumbagin,MNT,0.42914995551109314
Curcumin,NUAK2,0.4291442632675171
Plumbagin,STAT3,0.4291425943374634
Curcumin,CCNA2,0.4291425347328186
Curcumin,TSC2,0.42914068698883057
Curcumin,COL3A1,0.42913705110549927
Plumbagin,PLIN2,0.42913618683815
Plumbagin,LPIN1,0.4291340708732605
Plumbagin,GABARAP,0.4291324317455292
Dihydroartemisinin,ATF3,0.4291318655014038
Plumbagin,IL10,0.42912882566452026
Dihydroartemisinin,SMARCB1,0.4291217625141144
Shikonin,DPP4,0.4291199743747711
Pinocembrin,DPP4,0.4291156232357025
Schisandrin B,CD74,0.4291155934333801
Tanshinone IIA,MRE11,0.42911431193351746
Plumbagin,IL1A,0.42911142110824585
Tanshinone IIA,H2AX,0.4291108548641205
RSL3,HMOX1,0.42910996079444885
Curcumin,PNPLA2,0.4291095733642578
Tanshinone IIA,MMP1,0.4291093051433563
Tanshinone IIA,CRYAB,0.42910799384117126
Tanshinone IIA,MAP1LC3A,0.4291074573993683
Tanshinone IIA,FTL,0.4291062355041504
Tanshinone IIA,CXCL8,0.42910483479499817
RSL3,MAP3K14,0.42910176515579224
Plumbagin,CCND1,0.4290993809700012
Artemisinin,ATG3,0.42909806966781616
Plumbagin,HSPA5,0.4290977120399475
Curcumin,FTH1,0.42909473180770874
Tanshinone IIA,ADIPOQ,0.42909368872642517
Plumbagin,TNF,0.4290921688079834
Plumbagin,GSS,0.4290914833545685
Curcumin,FOS,0.4290901720523834
Plumbagin,CHEK2,0.4290863871574402
Plumbagin,HDAC3,0.429086297750473
Emodin,NR2F2,0.4290826916694641
Plumbagin,ALOX12,0.42907944321632385
Plumbagin,PARP1,0.4290774464607239
Plumbagin,VDAC3,0.4290759861469269
RSL3,IL1B,0.42907512187957764
Plumbagin,STEAP3,0.42907392978668213
Tanshinone IIA,HSPB1,0.42907360196113586
RSL3,IFNG,0.4290730059146881
Plumbagin,IL18,0.4290715157985687
Plumbagin,DDIT3,0.42906761169433594
Plumbagin,TIMP2,0.42906320095062256
Tanshinone IIA,TIMP1,0.4290626049041748
Plumbagin,GOT1,0.4290620684623718
Plumbagin,HSP90AA1,0.4290565550327301
Aloe emodin,LOX,0.42905592918395996
Plumbagin,EP300,0.42905503511428833
Melatonin,RAD51,0.4290532171726227
Aloe emodin,MDM2,0.4290522336959839
Erastin,NR2F2,0.4290502667427063
Plumbagin,IGFBP3,0.42904987931251526
Dihydroartemisinin,WWTR1,0.4290487766265869
Plumbagin,BECN1,0.4290445148944855
Dihydroartemisinin,LPCAT3,0.4290420711040497
Plumbagin,TERF2,0.4290420711040497
Salidroside,DPP4,0.4290379285812378
Artemisinin,SOCS1,0.4290359616279602
Artemisinin,IRF9,0.4290294945240021
RSL3,MAPK1,0.4290289878845215
Plumbagin,XRCC5,0.4290267825126648
Plumbagin,CREB1,0.429026335477829
RSL3,S100A8,0.4290248453617096
Plumbagin,MMP2,0.42901933193206787
Plumbagin,ACSL4,0.42901793122291565
Curcumin,SIRT1,0.4290168285369873
Plumbagin,GABARAPL1,0.4290159046649933
Plumbagin,CREBBP,0.4290136992931366
Plumbagin,HERC2,0.42901283502578735
RSL3,ALOX15,0.4290119409561157
Plumbagin,SERPINE1,0.4290110766887665
Artemisinin,SP1,0.4290068745613098
Plumbagin,LIG4,0.4290032684803009
RSL3,YAP1,0.4289960265159607
Plumbagin,FANCD2,0.4289911687374115
Artemisinin,BCL6,0.42898738384246826
RSL3,TNFAIP1,0.428984135389328
Dihydroartemisinin,BRD7,0.4289831817150116
Plumbagin,SESN2,0.428977906703949
RSL3,TXNIP,0.4289775490760803
Plumbagin,SLC39A8,0.4289768636226654
Dihydroartemisinin,WNT5A,0.42897385358810425
RSL3,KEAP1,0.42897263169288635
Tanshinone IIA,PCNA,0.42897093296051025
RSL3,TFRC,0.4289706349372864
RSL3,HMGB1,0.4289700984954834
Plumbagin,FBXL5,0.4289699196815491
Plumbagin,AKT1,0.4289698302745819
RSL3,FBXO31,0.4289696514606476
Naringenin,NR2F2,0.42896753549575806
Plumbagin,ATG5,0.4289643168449402
Dihydroartemisinin,EPHA4,0.42896389961242676
Plumbagin,CCNE1,0.4289627969264984
Plumbagin,MMP3,0.4289625585079193
Artemisinin,CXCL10,0.42896202206611633
Plumbagin,HBP1,0.42895665764808655
RSL3,TLR4,0.4289562702178955
Plumbagin,WRN,0.4289546608924866
RSL3,IL6,0.42895451188087463
Plumbagin,BNIP3,0.42895394563674927
Shikonin,NR2F2,0.42894482612609863
Tanshinone IIA,HMGA1,0.42894163727760315
Huperzine A,DPP4,0.42893534898757935
RSL3,SOCS2,0.42893457412719727
RSL3,EPHA2,0.4289300739765167
Schisandrin B,LGMN,0.4289284944534302
Artemisinin,PTGS2,0.4289279878139496
RSL3,IGFBP7,0.4289247393608093
RSL3,LIFR,0.42891648411750793
RSL3,SOD1,0.428914874792099
Plumbagin,CHEK1,0.4289136826992035
Tanshinone IIA,FABP5,0.4289117455482483
Plumbagin,CDK2,0.4289105236530304
Tanshinone IIA,ABCC2,0.4289091229438782
Tanshinone IIA,MMP13,0.4289083182811737
Plumbagin,PRNP,0.4289047420024872
Plumbagin,FOXO1,0.42890217900276184
Plumbagin,LPIN2,0.4289015829563141
Schisandrin B,CTSB,0.42889463901519775
Plumbagin,PTEN,0.42889437079429626
Artemisinin,HMOX1,0.4288907051086426
Plumbagin,GCLC,0.42888903617858887
Curcumin,RAD51,0.42888718843460083
Plumbagin,SLC40A1,0.4288862347602844
Chrysophanol,KLF6,0.4288835823535919
Tanshinone IIA,GCLM,0.42888307571411133
Plumbagin,BRCA1,0.4288826286792755
Plumbagin,EIF2A,0.4288818836212158
Plumbagin,CDKN2B,0.4288788139820099
Plumbagin,TERF1,0.428878515958786
Artemisinin,IL1B,0.42887622117996216
RSL3,MPO,0.428871750831604
Chrysophanol,DUOX1,0.4288671016693115
Plumbagin,EBF3,0.4288659989833832
Artemisinin,IFNG,0.4288649260997772
Plumbagin,PRKAA1,0.4288628101348877
RSL3,EDN1,0.42886167764663696
Plumbagin,RBM3,0.4288559556007385
Plumbagin,TFAM,0.4288550615310669
Plumbagin,JAK2,0.428854376077652
RSL3,SMURF2,0.4288494884967804
Plumbagin,MAX,0.4288492202758789
Salidroside,NR2F2,0.4288477301597595
Tanshinone IIA,TNFRSF1A,0.42884281277656555
Dihydroartemisinin,E2F3,0.4288424551486969
Plumbagin,RPS6KB1,0.42884185910224915
Pinocembrin,NR2F2,0.4288386106491089
Tanshinone IIA,MMP10,0.42883071303367615
Plumbagin,SLC7A11,0.428829163312912
Plumbagin,GMFB,0.4288259744644165
RSL3,EGR1,0.4288203716278076
ML162,SETD7,0.4288172125816345
Artemisinin,MAPK1,0.42881685495376587
Tanshinone IIA,BAP1,0.42881667613983154
Plumbagin,EMP1,0.428815633058548
Plumbagin,TBX2,0.42881473898887634
Plumbagin,CCL2,0.42881107330322266
Plumbagin,NBN,0.4288109838962555
Plumbagin,ATM,0.42881062626838684
Plumbagin,CDK6,0.42880579829216003
Plumbagin,SELE,0.42880430817604065
Artemisinin,MAP3K14,0.42880114912986755
Schisandrin B,LCN2,0.4288002848625183
Schisandrin B,NR1D1,0.42879369854927063
Tanshinone IIA,CD82,0.42879220843315125
Tanshinone IIA,COL1A2,0.4287908673286438
Huperzine A,NR2F2,0.4287819564342499
Artemisinin,TXNIP,0.4287787973880768
Tanshinone IIA,COL1A1,0.42877548933029175
Tanshinone IIA,RELA,0.4287753999233246
Tanshinone IIA,BRCA2,0.42877358198165894
Plumbagin,MAP1LC3B,0.42877331376075745
Plumbagin,TGFB1,0.4287644326686859
Plumbagin,EIF2AK3,0.42876437306404114
Plumbagin,CCNA2,0.4287610948085785
Schisandrin B,HIF1A,0.4287591576576233
Tanshinone IIA,CDKN2A,0.4287591576576233
RSL3,E2F1,0.4287557601928711
Artemisinin,IL6,0.4287554919719696
RSL3,TNFAIP3,0.42875534296035767
Tanshinone IIA,HDAC1,0.4287533760070801
Artemisinin,YAP1,0.4287489950656891
Plumbagin,ICAM1,0.42874857783317566
Tanshinone IIA,NFKB1,0.4287431240081787
Artemisinin,ALOX15,0.4287426173686981
Tanshinone IIA,HDAC2,0.42874133586883545
Artemisinin,TLR4,0.428739458322525
Tanshinone IIA,SQSTM1,0.42873820662498474
Schisandrin B,IRF1,0.4287346303462982
Aloe emodin,CRYAB,0.42873409390449524
Tanshinone IIA,STAT1,0.4287334978580475
Artemisinin,IGFBP7,0.4287331700325012
Aloe emodin,MRE11,0.42873212695121765
RSL3,MAPK14,0.42873209714889526
Tanshinone IIA,VEGFA,0.4287315607070923
Plumbagin,NUAK2,0.4287298619747162
Aloe emodin,H2AX,0.42872875928878784
Aloe emodin,MMP1,0.4287269115447998
Artemisinin,PRKD1,0.428724467754364
Aloe emodin,CXCL8,0.42872297763824463
Aloe emodin,ADIPOQ,0.4287223517894745
Aloe emodin,FTL,0.4287187159061432
Tanshinone IIA,PPARGC1A,0.4287186861038208
Tanshinone IIA,PRKAA2,0.42871853709220886
Tanshinone IIA,CDK4,0.4287185072898865
Tanshinone IIA,FOXO3,0.4287157952785492
Artemisinin,S100A8,0.42871394753456116
Chrysophanol,LOX,0.42870858311653137
Tanshinone IIA,BNIP3L,0.4287056028842926
Tanshinone IIA,LMNB1,0.4287026524543762
Chrysophanol,MDM2,0.4287010729312897
Artemisinin,HMGB1,0.4287008047103882
RSL3,PRKD1,0.4286954402923584
Artemisinin,SOCS2,0.42869001626968384
Plumbagin,PNPLA2,0.4286860227584839
Tanshinone IIA,CDKN1B,0.4286823868751526
Artemisinin,TNFAIP1,0.4286811649799347
Plumbagin,TSC2,0.42867910861968994
Artemisinin,KEAP1,0.4286785423755646
Plumbagin,COL3A1,0.42867451906204224
Dihydroartemisinin,PTBP1,0.42866548895835876
Tanshinone IIA,HMGA2,0.4286641776561737
Tanshinone IIA,CDKN1A,0.42865774035453796
Plumbagin,FTH1,0.428655743598938
Tanshinone IIA,MMP12,0.4286538362503052
Tanshinone IIA,VCAM1,0.4286516308784485
Dihydroartemisinin,DPEP1,0.42864295840263367
Artemisinin,TFRC,0.42864200472831726
Artemisinin,LIFR,0.4286404550075531
Tanshinone IIA,MMP9,0.42863476276397705
Plumbagin,FOS,0.42863112688064575
Emodin,LACTB,0.4286310374736786
Dihydroartemisinin,ICA1,0.42863035202026367
Artemisinin,SOD1,0.4286278188228607
Artemisinin,EPHA2,0.4286265969276428
RSL3,KDM6B,0.4286186099052429
Dihydroartemisinin,SNCA,0.42861807346343994
Tanshinone IIA,NCOA4,0.428615927696228
Tanshinone IIA,FN1,0.4286140203475952
Tanshinone IIA,ATR,0.42861345410346985
Artemisinin,FBXO31,0.4286099374294281
Tanshinone IIA,GPX4,0.4286080002784729
Tanshinone IIA,TP53,0.4286055564880371
RSL3,NLRP3,0.4286043345928192
Tanshinone IIA,SLAMF8,0.42860427498817444
Erastin,LACTB,0.42859968543052673
Tanshinone IIA,BRD4,0.4285953938961029
Schisandrin B,ZEB1,0.4285924732685089
Artemisinin,EDN1,0.42858827114105225
Aloe emodin,RGS4,0.42858755588531494
Schisandrin B,RUNX3,0.4285866320133209
Tanshinone IIA,CHAC1,0.4285842776298523
Aloe emodin,MAP1LC3A,0.42858272790908813
RSL3,FOSL1,0.4285812973976135
Tanshinone IIA,MDM4,0.42857614159584045
Tanshinone IIA,ATF2,0.42856863141059875
Schisandrin,SLC1A5,0.4285622835159302
Tanshinone IIA,LIG3,0.4285578727722168
Plumbagin,SIRT1,0.4285547733306885
Tanshinone IIA,CDO1,0.4285504221916199
Tanshinone IIA,HSPD1,0.42854827642440796
Aloe emodin,FOXO4,0.4285481870174408
Tanshinone IIA,SIRT6,0.4285469949245453
Artemisinin,EGR1,0.428545743227005
Tanshinone IIA,VDAC2,0.4285392463207245
Artemisinin,MPO,0.42853790521621704
Schisandrin B,ATG3,0.42853492498397827
Dihydroartemisinin,MCU,0.4285341501235962
RSL3,NOX4,0.42852532863616943
Tanshinone IIA,ACSL3,0.4285227060317993
Artemisinin,SMURF2,0.4285193681716919
Tanshinone IIA,MAPK8,0.4285173714160919
Naringenin,LACTB,0.42851516604423523
Tanshinone IIA,SNAI1,0.4285140335559845
Dihydroartemisinin,HERPUD1,0.4285138249397278
Tanshinone IIA,ATG7,0.4285123348236084
RSL3,IRF7,0.4285113215446472
Tanshinone IIA,JUN,0.42850783467292786
Tanshinone IIA,XRCC1,0.42850562930107117
Tanshinone IIA,GADD45B,0.4285031259059906
Tanshinone IIA,NFE2L2,0.42850160598754883
Dihydroartemisinin,PADI4,0.4285002052783966
Tanshinone IIA,CD38,0.4284975826740265
Dihydroartemisinin,ERN1,0.42849254608154297
ML162,CAVIN1,0.4284905791282654
Aloe emodin,MYC,0.4284890294075012
Artemisinin,E2F1,0.4284888803958893
Tanshinone IIA,TSC1,0.428487628698349
Tanshinone IIA,MAPK3,0.4284859299659729
Tanshinone IIA,ALOX5,0.4284837543964386
Shikonin,LACTB,0.42848294973373413
RSL3,MEN1,0.4284800589084625
RSL3,PDE4B,0.4284776747226715
Artemisinin,MAPK14,0.42847761511802673
Tanshinone IIA,PRKDC,0.42847660183906555
Schisandrin B,SOCS1,0.42847612500190735
RSL3,PPP2R2B,0.42847561836242676
Tanshinone IIA,GADD45A,0.4284729063510895
Tanshinone IIA,RAD50,0.42847272753715515
Aloe emodin,CBS,0.42847123742103577
Tanshinone IIA,TRIB3,0.4284684658050537
Schisandrin B,IRF9,0.42846646904945374
Tanshinone IIA,MTOR,0.4284617602825165
Tanshinone IIA,CCNB1,0.4284590482711792
Aloe emodin,E2F2,0.42845800518989563
Tanshinone IIA,TERT,0.4284574091434479
Artemisinin,TNFAIP3,0.4284570813179016
Tanshinone IIA,IGFBP5,0.4284399747848511
Schisandrin B,SP1,0.42843952775001526
Schisandrin B,BCL6,0.4284362494945526
Plumbagin,RAD51,0.42842981219291687
Tanshinone IIA,CSE1L,0.42842867970466614
Tanshinone IIA,BLM,0.4284244775772095
Tanshinone IIA,XRCC6,0.4284244775772095
Tanshinone IIA,IL1A,0.42842230200767517
Tanshinone IIA,RB1,0.4284217655658722
Tanshinone IIA,IL10,0.4284185469150543
Tanshinone IIA,SLC3A2,0.4284168779850006
Tanshinone IIA,MNT,0.42841607332229614
Tanshinone IIA,ALOX12,0.4284147620201111
Tanshinone IIA,LPIN1,0.4284117817878723
Tanshinone IIA,ATF4,0.4284115433692932
Tanshinone IIA,TNF,0.4284088611602783
Schisandrin B,CXCL10,0.42840856313705444
Aloe emodin,HSPB1,0.42840576171875
Naringenin,RGS4,0.42840418219566345
Dihydroartemisinin,ACVR1B,0.42840126156806946
Tanshinone IIA,GABARAP,0.42840102314949036
Salidroside,LACTB,0.42840033769607544
Tanshinone IIA,STAT3,0.4283984899520874
Chrysophanol,CRYAB,0.42839550971984863
RSL3,SMARCB1,0.4283905327320099
Chrysophanol,MRE11,0.42838966846466064
RSL3,ATF3,0.42838895320892334
Tanshinone IIA,PLIN2,0.42838719487190247
Chrysophanol,H2AX,0.4283861517906189
Chrysophanol,MMP1,0.428384929895401
Chrysophanol,ADIPOQ,0.4283800423145294
Chrysophanol,CXCL8,0.42837995290756226
Chrysophanol,FTL,0.4283762574195862
Naringenin,KLF6,0.4283753037452698
Schisandrin B,PTGS2,0.4283685088157654
Aloe emodin,TIMP1,0.4283626079559326
Tanshinone IIA,PARP1,0.4283623993396759
Tanshinone IIA,VDAC3,0.4283590316772461
Pinocembrin,LACTB,0.4283534288406372
Chrysophanol,RGS4,0.4283522963523865
Tanshinone IIA,GOT1,0.42835167050361633
Aloe emodin,CD82,0.42834746837615967
Tanshinone IIA,CHEK2,0.42834678292274475
Tanshinone IIA,CCND1,0.4283466041088104
Tanshinone IIA,HDAC3,0.42834657430648804
Tanshinone IIA,TIMP2,0.42834582924842834
Tanshinone IIA,GSS,0.4283449351787567
Tanshinone IIA,HSPA5,0.4283444285392761
Tanshinone IIA,HSP90AA1,0.42834362387657166
Tanshinone IIA,IL18,0.4283425807952881
Artemisinin,NLRP3,0.42833900451660156
Schisandrin B,HMOX1,0.4283371567726135
Tanshinone IIA,STEAP3,0.4283333122730255
Schisandrin B,IL1B,0.42832979559898376
Artemisinin,KDM6B,0.4283292293548584
Tanshinone IIA,DDIT3,0.4283270835876465
RSL3,WWTR1,0.42832210659980774
Tanshinone IIA,TERF2,0.4283198416233063
Tanshinone IIA,BECN1,0.42831704020500183
Schisandrin B,IFNG,0.42831650376319885
Huperzine A,LACTB,0.4283130168914795
Tanshinone IIA,EP300,0.42831292748451233
Tanshinone IIA,IGFBP3,0.4283120632171631
RSL3,LPCAT3,0.4283119738101959
Tanshinone IIA,SESN2,0.42830854654312134
Tanshinone IIA,SLC39A8,0.42830631136894226
Schisandrin B,MAP3K14,0.4283005893230438
Tanshinone IIA,XRCC5,0.42830023169517517
Dihydroartemisinin,SPATA2,0.42830005288124084
Tanshinone IIA,ACSL4,0.4282999038696289
Artemisinin,FOSL1,0.4282955527305603
Shikonin,KLF6,0.42829349637031555
Tanshinone IIA,CREB1,0.42829078435897827
Tanshinone IIA,WRN,0.4282902777194977
Artemisinin,NOX4,0.4282894730567932
Tanshinone IIA,GABARAPL1,0.42828887701034546
Tanshinone IIA,MMP2,0.42828720808029175
Tanshinone IIA,CREBBP,0.42828693985939026
Tanshinone IIA,SERPINE1,0.4282841384410858
Aloe emodin,HMGA1,0.42828232049942017
Tanshinone IIA,MMP3,0.42828187346458435
Tanshinone IIA,LIG4,0.42827680706977844
Tanshinone IIA,HERC2,0.4282763600349426
Schisandrin B,MAPK1,0.4282740354537964
Tanshinone IIA,FANCD2,0.42826172709465027
RSL3,BRD7,0.4282592535018921
RSL3,WNT5A,0.4282572865486145
Aloe emodin,PCNA,0.4282523989677429
Schisandrin B,TXNIP,0.4282503128051758
Tanshinone IIA,ATG5,0.42825013399124146
Tanshinone IIA,AKT1,0.4282488226890564
Aloe emodin,MMP10,0.42824772000312805
Tanshinone IIA,CCNE1,0.4282468855381012
Tanshinone IIA,FBXL5,0.4282468557357788
Emodin,KLF6,0.4282432198524475
Schisandrin B,YAP1,0.4282405972480774
Tanshinone IIA,HBP1,0.4282381534576416
Artemisinin,IRF7,0.4282354414463043
Tanshinone IIA,BNIP3,0.4282343089580536
Aloe emodin,GCLM,0.4282306134700775
Schisandrin B,ALOX15,0.42822879552841187
Schisandrin B,IL6,0.4282248914241791
Tanshinone IIA,CDK2,0.42822393774986267
Aloe emodin,BAP1,0.4282231032848358
RSL3,EPHA4,0.42822274565696716
Emodin,DUOX1,0.42822226881980896
Schisandrin B,S100A8,0.4282222390174866
Schisandrin B,TLR4,0.42821961641311646
Erastin,KLF6,0.428216814994812
Tanshinone IIA,PRNP,0.4282133877277374
Physcion,SETD7,0.428212970495224
Tanshinone IIA,FOXO1,0.42820772528648376
Shikonin,RGS4,0.4282071888446808
Schisandrin,CD74,0.42820265889167786
Schisandrin B,HMGB1,0.4282025694847107
Schisandrin B,IGFBP7,0.42820149660110474
Tanshinone IIA,EBF3,0.4282000958919525
Tanshinone IIA,CHEK1,0.4281994104385376
Chrysophanol,MAP1LC3A,0.4281952977180481
Tanshinone IIA,LPIN2,0.4281933903694153
Pinocembrin,RGS4,0.42819294333457947
Erastin,DUOX1,0.4281925857067108
Tanshinone IIA,PTEN,0.42819127440452576
Schisandrin B,TNFAIP1,0.4281863272190094
Tanshinone IIA,SLC40A1,0.4281860291957855
Tanshinone IIA,RBM3,0.4281855523586273
Tanshinone IIA,GCLC,0.42818528413772583
Schisandrin B,KEAP1,0.4281838536262512
Schisandrin B,SOCS2,0.4281832277774811
Aloe emodin,TNFRSF1A,0.4281817376613617
Tanshinone IIA,CDKN2B,0.42818164825439453
Pinocembrin,KLF6,0.42818132042884827
Chrysophanol,FOXO4,0.4281807839870453
Tanshinone IIA,TERF1,0.4281795620918274
Artemisinin,EPHA4,0.42817947268486023
Tanshinone IIA,EIF2A,0.4281768500804901
Tanshinone IIA,TFAM,0.4281744062900543
Tanshinone IIA,BRCA1,0.4281712472438812
Tanshinone IIA,PRKAA1,0.42817121744155884
Artemisinin,LPCAT3,0.42816969752311707
Tanshinone IIA,JAK2,0.42816609144210815
Schisandrin B,TFRC,0.4281633794307709
Tanshinone IIA,MAX,0.42816054821014404
Aloe emodin,FABP5,0.428159236907959
Artemisinin,PPP2R2B,0.42815783619880676
Artemisinin,MEN1,0.4281565845012665
Schisandrin B,LIFR,0.4281536042690277
Aloe emodin,MMP13,0.4281523823738098
Huperzine A,KLF6,0.42815151810646057
Tanshinone IIA,RPS6KB1,0.4281488060951233
Aloe emodin,STAT1,0.42814871668815613
Schisandrin B,EPHA2,0.4281485378742218
Aloe emodin,ABCC2,0.42814818024635315
Dihydroartemisinin,SAT1,0.42814773321151733
Dihydroartemisinin,ABCC1,0.4281470477581024
Schisandrin B,SOD1,0.42814117670059204
Schisandrin B,FBXO31,0.4281402826309204
Shikonin,DUOX1,0.4281315803527832
Tanshinone IIA,GMFB,0.4281311333179474
Tanshinone IIA,EMP1,0.4281294643878937
Naringenin,FOXO4,0.42812737822532654
RSL3,E2F3,0.42812636494636536
Tanshinone IIA,NBN,0.4281248152256012
Tanshinone IIA,SLC7A11,0.42812344431877136
Aloe emodin,RELA,0.4281221330165863
Tanshinone IIA,CCL2,0.4281180202960968
Artemisinin,PDE4B,0.42811667919158936
Aloe emodin,BNIP3L,0.4281165301799774
Chrysophanol,MYC,0.428116112947464
Tanshinone IIA,CDK6,0.42810893058776855
Tanshinone IIA,SELE,0.4281080663204193
Schisandrin B,EDN1,0.4281071126461029
Tanshinone IIA,TBX2,0.42810675501823425
Tanshinone IIA,ATM,0.42810457944869995
Salidroside,KLF6,0.4281039535999298
Chrysophanol,E2F2,0.42810213565826416
Tanshinone IIA,TGFB1,0.428101122379303
Shikonin,LOX,0.42810073494911194
Aloe emodin,MMP12,0.4280999004840851
Naringenin,DUOX1,0.4280971884727478
Chrysophanol,CBS,0.42809703946113586
Salidroside,DUOX1,0.42809203267097473
Aloe emodin,NFKB1,0.4280887544155121
Artemisinin,ATF3,0.4280868172645569
Aloe emodin,HDAC1,0.4280845522880554
Schisandrin B,MPO,0.42808184027671814
Aloe emodin,CDO1,0.42807871103286743
Aloe emodin,VEGFA,0.42807748913764954
Schisandrin B,PRKD1,0.4280748665332794
Naringenin,E2F2,0.42807382345199585
Tanshinone IIA,MAP1LC3B,0.42807310819625854
Schisandrin B,EGR1,0.4280714988708496
Schisandrin B,SMURF2,0.42806926369667053
Tanshinone IIA,EIF2AK3,0.4280674457550049
Aloe emodin,CDK4,0.42806288599967957
Naringenin,MYC,0.4280615746974945
Naringenin,LOX,0.42806097865104675
Artemisinin,SMARCB1,0.42805975675582886
Aloe emodin,PRKAA2,0.4280586838722229
Tanshinone IIA,ICAM1,0.4280584454536438
Emodin,LOX,0.42805713415145874
Shikonin,MDM2,0.4280514121055603
Naringenin,CBS,0.4280488193035126
Aloe emodin,SQSTM1,0.42804470658302307
Aloe emodin,HDAC2,0.4280441403388977
Tanshinone IIA,CCNA2,0.42803964018821716
Emodin,MDM2,0.4280383884906769
Tanshinone IIA,NUAK2,0.42803511023521423
Aloe emodin,FOXO3,0.4280349314212799
Erastin,LOX,0.4280341565608978
Erastin,MDM2,0.42803052067756653
Epicatechin,DPP4,0.42802736163139343
Naringenin,MDM2,0.4280247390270233
Chrysophanol,HSPB1,0.4280240833759308
Aloe emodin,HMGA2,0.4280240833759308
Catechin,DPP4,0.4280238747596741
Schisandrin B,E2F1,0.4280182421207428
Aloe emodin,VCAM1,0.42801693081855774
Schisandrin,LGMN,0.4280156195163727
Aloe emodin,LMNB1,0.4280155897140503
Tanshinone IIA,TSC2,0.4280140995979309
Aloe emodin,CDKN1B,0.42801257967948914
Aloe emodin,CDKN1A,0.42801257967948914
Schisandrin B,MAPK14,0.42801064252853394
Schisandrin B,TNFAIP3,0.4280098080635071
Tanshinone IIA,COL3A1,0.42800942063331604
Salidroside,LOX,0.428005576133728
Chrysophanol,CD82,0.4280003309249878
Tanshinone IIA,PNPLA2,0.42800021171569824
Chrysophanol,TIMP1,0.42799320816993713
Aloe emodin,CHAC1,0.42799243330955505
Aloe emodin,MMP9,0.4279921352863312
Aloe emodin,CDKN2A,0.42798227071762085
Schisandrin,CTSB,0.42798176407814026
Artemisinin,WWTR1,0.4279784858226776
Pinocembrin,DUOX1,0.4279768466949463
Tanshinone IIA,FTH1,0.42797523736953735
Aloe emodin,ALOX12,0.4279751777648926
Salidroside,MDM2,0.42797160148620605
Physcion,CAVIN1,0.4279696047306061
RSL3,PTBP1,0.42796793580055237
Aloe emodin,SLAMF8,0.42796722054481506
Aloe emodin,COL1A2,0.42796045541763306
Tanshinone IIA,FOS,0.42795753479003906
Aloe emodin,COL1A1,0.4279561936855316
Aloe emodin,BRCA2,0.4279544949531555
Huperzine A,DUOX1,0.42794832587242126
Aloe emodin,MDM4,0.427942156791687
Pinocembrin,LOX,0.42794069647789
Shikonin,FOXO4,0.4279349744319916
RSL3,DPEP1,0.4279315173625946
Aloe emodin,GPX4,0.4279312491416931
Aloe emodin,TP53,0.4279298484325409
Aloe emodin,TNF,0.42792657017707825
Dihydroartemisinin,COX7A1,0.42792391777038574
Artemisinin,BRD7,0.42792052030563354
Aloe emodin,ATR,0.42791712284088135
RSL3,ICA1,0.42791667580604553
Pinocembrin,FOXO4,0.4279145896434784
Schisandrin B,NLRP3,0.42791038751602173
Pinocembrin,MDM2,0.4279043972492218
RSL3,SNCA,0.4278974235057831
Schisandrin B,KDM6B,0.42789703607559204
Chrysophanol,HMGA1,0.4278949201107025
Naringenin,TIMP1,0.4278945028781891
Aloe emodin,IL1A,0.4278884828090668
Schisandrin,LCN2,0.427887499332428
Tanshinone IIA,SIRT1,0.4278847277164459
Chrysophanol,PCNA,0.4278840124607086
Naringenin,HSPB1,0.4278830587863922
Schisandrin,NR1D1,0.4278809130191803
Epicatechin,NR2F2,0.4278794825077057
Aloe emodin,PPARGC1A,0.42787909507751465
Shikonin,E2F2,0.42787808179855347
Schisandrin B,NOX4,0.42787790298461914
Catechin,NR2F2,0.42787599563598633
Artemisinin,WNT5A,0.4278753399848938
Aloe emodin,NCOA4,0.42787373065948486
Shikonin,MYC,0.4278733730316162
Schisandrin B,FOSL1,0.42787083983421326
Huperzine A,MDM2,0.42786359786987305
Pinocembrin,E2F2,0.4278615713119507
Shikonin,CBS,0.4278615415096283
Chrysophanol,MMP10,0.4278603494167328
Aloe emodin,XRCC1,0.427859365940094
Pinocembrin,MYC,0.42784884572029114
Schisandrin,HIF1A,0.42784640192985535
Aloe emodin,JUN,0.4278457760810852
Aloe emodin,GADD45B,0.4278448224067688
Chrysophanol,GCLM,0.427843302488327
Aloe emodin,NFE2L2,0.4278380274772644
Pinocembrin,CBS,0.4278360903263092
Aloe emodin,BRD4,0.42783600091934204
Chrysophanol,BAP1,0.42783573269844055
Aloe emodin,FN1,0.42783355712890625
Aloe emodin,HSPD1,0.42783182859420776
RSL3,MCU,0.42783060669898987
Aloe emodin,ACSL3,0.4278299808502197
Schisandrin B,IRF7,0.4278290271759033
Aloe emodin,ATG7,0.42782866954803467
Naringenin,ABCC2,0.4278251826763153
Aloe emodin,ATF2,0.427825003862381
Dihydroartemisinin,DYRK1A,0.42782431840896606
Naringenin,PCNA,0.427823930978775
Huperzine A,LOX,0.42782291769981384
Schisandrin,IRF1,0.4278218746185303
Aloe emodin,SNAI1,0.42782092094421387
Aloe emodin,VDAC2,0.4278184771537781
Naringenin,MMP13,0.4278182089328766
Aloe emodin,LIG3,0.42781350016593933
Naringenin,FABP5,0.42781350016593933
Aloe emodin,SLC39A8,0.427808552980423
Aloe emodin,ALOX5,0.42780593037605286
Aloe emodin,WRN,0.42780590057373047
RSL3,HERPUD1,0.42780551314353943
Huperzine A,RGS4,0.4277995228767395
Chrysophanol,FABP5,0.4277978241443634
Aloe emodin,CD38,0.4277949929237366
Chrysophanol,TNFRSF1A,0.42779436707496643
Artemisinin,E2F3,0.4277938902378082
Chrysophanol,MMP13,0.42779141664505005
Aloe emodin,TSC1,0.42779088020324707
Aloe emodin,MAPK3,0.4277906119823456
Aloe emodin,SIRT6,0.4277898371219635
Chrysophanol,ABCC2,0.4277893900871277
RSL3,ERN1,0.4277878403663635
Aloe emodin,IL10,0.42777571082115173
Aloe emodin,GOT1,0.427774578332901
Schisandrin B,MEN1,0.42777368426322937
Aloe emodin,LPIN1,0.4277689754962921
Aloe emodin,PRKDC,0.42776113748550415
Schisandrin B,PPP2R2B,0.42775797843933105
Emodin,CRYAB,0.42775774002075195
RSL3,PADI4,0.4277547597885132
Chrysophanol,STAT1,0.42775312066078186
Aloe emodin,HSP90AA1,0.42775195837020874
Aloe emodin,XRCC6,0.42775118350982666
Aloe emodin,PARP1,0.4277505874633789
Emodin,MRE11,0.4277494549751282
Aloe emodin,RB1,0.4277487099170685
Emodin,H2AX,0.4277459383010864
Aloe emodin,MNT,0.4277457892894745
Aloe emodin,MAPK8,0.42774534225463867
Emodin,MMP1,0.42774471640586853
Emodin,ADIPOQ,0.42774319648742676
Aloe emodin,TERT,0.4277428984642029
Aloe emodin,GADD45A,0.42774081230163574
Emodin,CXCL8,0.4277397692203522
Aloe emodin,SESN2,0.42773714661598206
Emodin,FTL,0.4277361035346985
Aloe emodin,MTOR,0.4277348816394806
Chrysophanol,RELA,0.4277347922325134
Tanshinone IIA,RAD51,0.4277312159538269
Chrysophanol,BNIP3L,0.42772918939590454
Aloe emodin,GABARAP,0.4277246594429016
Aloe emodin,SLC3A2,0.4277246296405792
Aloe emodin,VDAC3,0.42772340774536133
Aloe emodin,TRIB3,0.4277227520942688
Aloe emodin,RAD50,0.4277220368385315
Salidroside,MRE11,0.42772090435028076
Schisandrin B,PDE4B,0.4277188181877136
Emodin,RGS4,0.42771854996681213
Salidroside,H2AX,0.42771804332733154
Aloe emodin,BLM,0.42771610617637634
Salidroside,MMP1,0.427715927362442
Aloe emodin,RBM3,0.4277152419090271
Shikonin,HSPB1,0.4277149736881256
Naringenin,HMGA1,0.4277145564556122
Salidroside,CXCL8,0.42771342396736145
Erastin,CRYAB,0.4277125298976898
Shikonin,TIMP1,0.42771241068840027
Aloe emodin,TIMP2,0.4277123212814331
Chrysophanol,CDO1,0.4277120530605316
Salidroside,CRYAB,0.42771098017692566
Erastin,MRE11,0.427710622549057
Salidroside,FTL,0.42771053314208984
Aloe emodin,EBF3,0.4277096688747406
Naringenin,MAP1LC3A,0.42770883440971375
Erastin,H2AX,0.4277072250843048
Erastin,MMP1,0.42770543694496155
Salidroside,ADIPOQ,0.4277036488056183
Aloe emodin,ATF4,0.4277026951313019
Erastin,CXCL8,0.427701473236084
Chrysophanol,NFKB1,0.4277014136314392
Erastin,ADIPOQ,0.42770084738731384
Schisandrin B,LPCAT3,0.4277001619338989
Shikonin,MAP1LC3A,0.4276999831199646
RSL3,ACVR1B,0.4276982247829437
Chrysophanol,MMP12,0.4276972711086273
Chrysophanol,HDAC1,0.42769724130630493
Erastin,FTL,0.42769718170166016
Aloe emodin,TGFB1,0.427697092294693
Aloe emodin,STAT3,0.42769622802734375
Aloe emodin,CDK2,0.4276931881904602
Shikonin,MRE11,0.4276926517486572
Chrysophanol,VEGFA,0.4276901185512543
Aloe emodin,CCNB1,0.42768993973731995
Schisandrin B,SMARCB1,0.4276897609233856
Shikonin,H2AX,0.4276893436908722
Aloe emodin,ACSL4,0.4276881515979767
Shikonin,MMP1,0.4276876747608185
Artemisinin,DPEP1,0.42768725752830505
Shikonin,CRYAB,0.42768576741218567
Aloe emodin,MMP3,0.4276845455169678
Shikonin,FTL,0.42768439650535583
Shikonin,CXCL8,0.42768362164497375
Pinocembrin,TIMP1,0.42768174409866333
Naringenin,COL1A2,0.42768001556396484
Schisandrin,ZEB1,0.42767977714538574
Aloe emodin,TERF2,0.42767825722694397
Aloe emodin,CSE1L,0.4276770353317261
Chrysophanol,CDK4,0.4276755452156067
Schisandrin,RUNX3,0.42767393589019775
Shikonin,ADIPOQ,0.42767268419265747
Aloe emodin,IGFBP5,0.42767220735549927
Schisandrin B,ATF3,0.4276721477508545
Chrysophanol,PRKAA2,0.4276713728904724
Naringenin,TNFRSF1A,0.42767059803009033
Pinocembrin,HSPB1,0.42767032980918884
Artemisinin,PADI4,0.42767006158828735
Aloe emodin,PLIN2,0.4276668429374695
Naringenin,CDKN2A,0.4276650846004486
Aloe emodin,BECN1,0.4276622533798218
Aloe emodin,IL18,0.42766085267066956
Aloe emodin,PRNP,0.42765897512435913
Artemisinin,SNCA,0.4276578426361084
Chrysophanol,SQSTM1,0.42765742540359497
Chrysophanol,HDAC2,0.42765679955482483
Aloe emodin,TFAM,0.4276520907878876
Chrysophanol,FOXO3,0.4276476502418518
Naringenin,COL1A1,0.4276462495326996
Schisandrin B,EPHA4,0.42764583230018616
Aloe emodin,ATG5,0.42764511704444885
Aloe emodin,DDIT3,0.42764467000961304
Naringenin,BRCA2,0.4276440739631653
Naringenin,MRE11,0.4276440441608429
Shikonin,PCNA,0.4276425838470459
Aloe emodin,FOXO1,0.42764168977737427
Naringenin,H2AX,0.4276405870914459
Aloe emodin,IGFBP3,0.4276401996612549
Naringenin,MMP1,0.42763906717300415
Naringenin,CRYAB,0.4276376962661743
Chrysophanol,HMGA2,0.42763641476631165
Shikonin,ABCC2,0.42763635516166687
Naringenin,FTL,0.4276360869407654
Naringenin,CXCL8,0.4276345670223236
Schisandrin B,WWTR1,0.4276343584060669
Aloe emodin,XRCC5,0.42763379216194153
Huperzine A,FOXO4,0.42763325572013855
Aloe emodin,GABARAPL1,0.4276328384876251
Shikonin,MMP13,0.4276299774646759
Aloe emodin,LIG4,0.42762959003448486
Chrysophanol,VCAM1,0.42762959003448486
Naringenin,PPARGC1A,0.42762890458106995
Chrysophanol,LMNB1,0.4276282787322998
Shikonin,FABP5,0.4276265501976013
Chrysophanol,CDKN1A,0.4276253283023834
Chrysophanol,CDKN1B,0.42762526869773865
Salidroside,MAP1LC3A,0.4276251494884491
Naringenin,ADIPOQ,0.42762333154678345
Schisandrin,ATG3,0.4276222884654999
Chrysophanol,COL1A2,0.4276219308376312
Chrysophanol,CDKN2A,0.4276212155818939
Aloe emodin,CREBBP,0.42762070894241333
Pinocembrin,ABCC2,0.42761269211769104
Pinocembrin,PCNA,0.42761120200157166
Chrysophanol,COL1A1,0.42761075496673584
Aloe emodin,STEAP3,0.4276094138622284
Chrysophanol,BRCA2,0.427608847618103
Aloe emodin,JAK2,0.4276072680950165
Aloe emodin,CCND1,0.4276059567928314
Pinocembrin,MMP13,0.42760562896728516
Chrysophanol,MMP9,0.4276048243045807
Aloe emodin,HSPA5,0.42760422825813293
Aloe emodin,HBP1,0.4276023209095001
Pinocembrin,FABP5,0.42760077118873596
Aloe emodin,SERPINE1,0.42759960889816284
Aloe emodin,PRKAA1,0.427598774433136
Salidroside,RGS4,0.4275985062122345
Aloe emodin,MMP2,0.4275982677936554
Naringenin,GCLM,0.42759642004966736
Aloe emodin,CREB1,0.42759615182876587
Aloe emodin,MAX,0.42759597301483154
Aloe emodin,CDKN2B,0.4275950789451599
Aloe emodin,AKT1,0.42759403586387634
Aloe emodin,HERC2,0.4275939464569092
RSL3,SPATA2,0.42759281396865845
Aloe emodin,BNIP3,0.4275910556316376
Aloe emodin,HDAC3,0.42759087681770325
Aloe emodin,FANCD2,0.4275906980037689
Artemisinin,ICA1,0.42759037017822266
Aloe emodin,CHEK2,0.4275897145271301
Aloe emodin,SLC40A1,0.4275882840156555
Naringenin,RELA,0.42758792638778687
Aloe emodin,FBXL5,0.42758747935295105
Aloe emodin,EP300,0.42758709192276
Schisandrin B,BRD7,0.4275864362716675
Aloe emodin,EMP1,0.4275864362716675
Huperzine A,E2F2,0.4275853931903839
Chrysophanol,CHAC1,0.42758435010910034
Aloe emodin,TERF1,0.4275834262371063
Aloe emodin,GCLC,0.4275807738304138
Chrysophanol,SLAMF8,0.4275799095630646
Aloe emodin,PTEN,0.4275791645050049
Schisandrin B,WNT5A,0.42757731676101685
Shikonin,HMGA1,0.42757728695869446
Naringenin,HDAC2,0.4275766909122467
Aloe emodin,GSS,0.42757448554039
Aloe emodin,LPIN2,0.4275740683078766
Erastin,RGS4,0.42757266759872437
Naringenin,SQSTM1,0.4275725483894348
Naringenin,FOXO3,0.42757049202919006
Huperzine A,MRE11,0.4275701344013214
Aloe emodin,EIF2A,0.42757004499435425
Aloe emodin,RPS6KB1,0.4275689125061035
Aloe emodin,CCNE1,0.42756834626197815
Huperzine A,MYC,0.42756813764572144
Aloe emodin,NBN,0.4275676906108856
Huperzine A,H2AX,0.4275670051574707
Huperzine A,CRYAB,0.4275668263435364
Huperzine A,MMP1,0.42756596207618713
Artemisinin,PTBP1,0.42756521701812744
Salidroside,FOXO4,0.4275647699832916
Schisandrin,SOCS1,0.42756351828575134
Naringenin,HDAC1,0.42756250500679016
Erastin,MAP1LC3A,0.4275622069835663
Huperzine A,FTL,0.4275621175765991
Huperzine A,CXCL8,0.42756152153015137
Naringenin,LMNB1,0.427560031414032
Aloe emodin,CHEK1,0.4275588095188141
Chrysophanol,MDM4,0.4275548756122589
Schisandrin,IRF9,0.42755383253097534
Huperzine A,ADIPOQ,0.42755231261253357
Huperzine A,CBS,0.4275493025779724
Pinocembrin,MAP1LC3A,0.4275491237640381
Chrysophanol,PPARGC1A,0.42754513025283813
Chrysophanol,GPX4,0.4275439977645874
Aloe emodin,CCL2,0.42754366993904114
Chrysophanol,TP53,0.4275425374507904
Emodin,FOXO4,0.42754068970680237
Aloe emodin,GMFB,0.42754051089286804
Erastin,FOXO4,0.4275341331958771
Naringenin,NFKB1,0.4275336265563965
Emodin,MAP1LC3A,0.427532821893692
Chrysophanol,ATR,0.42752981185913086
Schisandrin,SP1,0.42752698063850403
Aloe emodin,SELE,0.4275263845920563
Schisandrin,BCL6,0.427523672580719
Pinocembrin,MRE11,0.427523672580719
Naringenin,CDKN1B,0.42752349376678467
Pinocembrin,H2AX,0.4275202751159668
Pinocembrin,MMP1,0.4275187849998474
Pinocembrin,CRYAB,0.42751744389533997
Salidroside,MYC,0.4275170564651489
Chrysophanol,ALOX12,0.42751601338386536
Pinocembrin,FTL,0.42751580476760864
Aloe emodin,BRCA1,0.4275154769420624
Pinocembrin,CXCL8,0.4275142550468445
Shikonin,TNFRSF1A,0.4275137484073639
Naringenin,CDK4,0.42750734090805054
Aloe emodin,TSC2,0.42750632762908936
Artemisinin,MCU,0.4275062382221222
Huperzine A,MAP1LC3A,0.4275059998035431
Aloe emodin,CDK6,0.4275031089782715
Pinocembrin,ADIPOQ,0.4275030195713043
Naringenin,FN1,0.4275020360946655
Pinocembrin,HMGA1,0.4275017976760864
Aloe emodin,COL3A1,0.42750170826911926
Shikonin,CD82,0.4274996221065521
Salidroside,CBS,0.4274989366531372
Schisandrin,CXCL10,0.4274960160255432
Aloe emodin,SLC7A11,0.42749232053756714
Schisandrin B,E2F3,0.42749133706092834
Chrysophanol,NCOA4,0.42749109864234924
Shikonin,COL1A2,0.4274910092353821
Shikonin,GCLM,0.42748838663101196
Salidroside,E2F2,0.4274839758872986
Shikonin,CDKN2A,0.42748162150382996
Aloe emodin,ICAM1,0.4274812340736389
Emodin,MYC,0.4274759590625763
Erastin,MYC,0.4274749755859375
Huperzine A,HSPB1,0.42747217416763306
Chrysophanol,XRCC1,0.4274720847606659
Chrysophanol,FN1,0.42747044563293457
Pinocembrin,COL1A2,0.42746883630752563
Naringenin,CDKN1A,0.42746299505233765
Chrysophanol,TNF,0.4274621605873108
Emodin,E2F2,0.42746198177337646
Chrysophanol,BRD4,0.42746153473854065
Huperzine A,TIMP1,0.4274611473083496
Shikonin,COL1A1,0.4274599850177765
Chrysophanol,JUN,0.4274584949016571
Pinocembrin,TNFRSF1A,0.42745789885520935
Shikonin,BRCA2,0.42745789885520935
Aloe emodin,TBX2,0.427457720041275
Chrysophanol,GADD45B,0.4274575412273407
Naringenin,NCOA4,0.42745736241340637
Erastin,CBS,0.42745718359947205
Emodin,CBS,0.42745691537857056
Salidroside,HSPB1,0.42745670676231384
Schisandrin,PTGS2,0.42745596170425415
RSL3,ABCC1,0.4274545907974243
Pinocembrin,CDKN2A,0.4274523854255676
Aloe emodin,ATM,0.4274521470069885
Chrysophanol,NFE2L2,0.4274507462978363
Naringenin,BRD4,0.4274493455886841
Shikonin,RELA,0.42744794487953186
Chrysophanol,IL1A,0.42744576930999756
Chrysophanol,HSPD1,0.42744454741477966
Erastin,E2F2,0.4274440407752991
RSL3,SAT1,0.4274432957172394
Chrysophanol,ACSL3,0.427442729473114
Naringenin,BNIP3L,0.42744162678718567
Chrysophanol,ATG7,0.42744141817092896
Shikonin,PPARGC1A,0.42744091153144836
Aloe emodin,EIF2AK3,0.42743903398513794
Naringenin,CD82,0.42743879556655884
Chrysophanol,ATF2,0.4274377226829529
Aloe emodin,MAP1LC3B,0.4274362027645111
Artemisinin,HERPUD1,0.42743584513664246
Pinocembrin,COL1A1,0.4274348020553589
Naringenin,MMP10,0.42743411660194397
Chrysophanol,SNAI1,0.42743366956710815
Pinocembrin,BRCA2,0.4274326264858246
Salidroside,CD82,0.4274323582649231
Naringenin,VEGFA,0.4274314045906067
Chrysophanol,VDAC2,0.42743122577667236
Naringenin,ATR,0.4274311363697052
Chrysophanol,LIG3,0.42742764949798584
Aloe emodin,FOS,0.4274270534515381
Aloe emodin,NUAK2,0.4274260103702545
Schisandrin,HMOX1,0.4274246096611023
Chrysophanol,ALOX5,0.42741867899894714
Naringenin,PRKAA2,0.4274185001850128
Pinocembrin,PPARGC1A,0.42741772532463074
Schisandrin,IL1B,0.4274172782897949
Shikonin,MMP10,0.4274151921272278
Shikonin,HDAC1,0.42741459608078003
Salidroside,TIMP1,0.4274130165576935
Shikonin,HDAC2,0.427409291267395
Chrysophanol,SIRT6,0.4274091124534607
Chrysophanol,CD38,0.42740771174430847
Naringenin,MMP9,0.4274064004421234
Shikonin,SQSTM1,0.42740604281425476
Naringenin,BAP1,0.427404522895813
Schisandrin,IFNG,0.4274039566516876
Chrysophanol,TSC1,0.42740362882614136
Chrysophanol,MAPK3,0.42740336060523987
Shikonin,NFKB1,0.4274027347564697
Shikonin,FOXO3,0.4274025559425354
Naringenin,GPX4,0.427402138710022
Aloe emodin,FTH1,0.42740148305892944
Aloe emodin,PNPLA2,0.42740046977996826
Naringenin,SIRT6,0.4274003505706787
Artemisinin,ERN1,0.4273945689201355
Epicatechin,LACTB,0.4273945689201355
Erastin,HSPB1,0.42739176750183105
Shikonin,LMNB1,0.4273916482925415
Catechin,LACTB,0.4273911118507385
Naringenin,LIG3,0.4273890554904938
Schisandrin,MAP3K14,0.427388072013855
Naringenin,ATF2,0.4273868799209595
Naringenin,TP53,0.427384614944458
Shikonin,BAP1,0.4273841977119446
Emodin,HSPB1,0.42738401889801025
Pinocembrin,GCLM,0.4273837208747864
Shikonin,CDK4,0.4273788034915924
Naringenin,MAPK8,0.42737534642219543
Pinocembrin,RELA,0.4273752272129059
Chrysophanol,PRKDC,0.42737382650375366
Shikonin,BNIP3L,0.42737120389938354
Chrysophanol,MAPK8,0.42737042903900146
Chrysophanol,LPIN1,0.42737025022506714
Huperzine A,PCNA,0.4273695647716522
Naringenin,VCAM1,0.4273673892021179
Shikonin,CDKN1B,0.42736563086509705
Naringenin,VDAC2,0.4273640811443329
Pinocembrin,HDAC2,0.42736393213272095
Chrysophanol,XRCC6,0.42736390233039856
Aloe emodin,CCNA2,0.4273635149002075
Chrysophanol,IL10,0.4273616373538971
Schisandrin,MAPK1,0.42736154794692993
Chrysophanol,RB1,0.42736145853996277
Pinocembrin,SQSTM1,0.42735984921455383
Chrysophanol,MNT,0.4273585081100464
Pinocembrin,FOXO3,0.4273577928543091
Salidroside,HMGA1,0.42735615372657776
Chrysophanol,TERT,0.4273556172847748
Chrysophanol,GADD45A,0.42735353112220764
Emodin,TIMP1,0.4273531138896942
Pinocembrin,HDAC1,0.4273497760295868
Erastin,TIMP1,0.42734864354133606
Schisandrin B,DPEP1,0.42734795808792114
Chrysophanol,MTOR,0.4273476004600525
Pinocembrin,LMNB1,0.4273473620414734
Shikonin,VEGFA,0.42734473943710327
Chrysophanol,GOT1,0.4273444712162018
Emodin,CD82,0.42734265327453613
Huperzine A,HMGA1,0.4273402988910675
Naringenin,HSPD1,0.4273396134376526
Schisandrin,TXNIP,0.42733776569366455
Chrysophanol,SLC3A2,0.4273373484611511
Chrysophanol,RAD50,0.42733630537986755
Chrysophanol,GABARAP,0.42733556032180786
Chrysophanol,TRIB3,0.4273355007171631
Shikonin,CDKN1A,0.4273349940776825
Chrysophanol,PARP1,0.4273328185081482
Naringenin,STAT1,0.4273321032524109
Shikonin,PRKAA2,0.42733028531074524
Salidroside,MMP10,0.4273301959037781
Schisandrin B,PTBP1,0.4273301959037781
Chrysophanol,BLM,0.427328884601593
Schisandrin,YAP1,0.42732810974121094
Naringenin,MDM4,0.4273274838924408
Salidroside,GCLM,0.42732715606689453
Shikonin,FN1,0.42732688784599304
Erastin,CD82,0.4273262023925781
Aloe emodin,SIRT1,0.42732492089271545
Naringenin,SLAMF8,0.4273235499858856
Chrysophanol,SLC39A8,0.42732322216033936
Chrysophanol,WRN,0.4273218512535095
Pinocembrin,NFKB1,0.4273209273815155
Chrysophanol,HSP90AA1,0.4273186922073364
Pinocembrin,CD82,0.4273185431957245
Schisandrin,ALOX15,0.427316278219223
Shikonin,STAT1,0.42731618881225586
Chrysophanol,ATF4,0.42731547355651855
Salidroside,PCNA,0.4273143410682678
Schisandrin,IL6,0.427312433719635
Chrysophanol,VDAC3,0.4273112118244171
Pinocembrin,CDKN1B,0.4273108243942261
Huperzine A,FABP5,0.42731043696403503
Schisandrin,S100A8,0.42730972170829773
Chrysophanol,STAT3,0.4273090064525604
Chrysophanol,CCNB1,0.4273088574409485
Huperzine A,ABCC2,0.4273078739643097
Schisandrin,TLR4,0.42730712890625
Huperzine A,MMP13,0.42730703949928284
Naringenin,RAD50,0.4273068606853485
Artemisinin,ACVR1B,0.4273066818714142
Schisandrin B,ICA1,0.42730626463890076
Naringenin,HMGA2,0.4273056387901306
Artemisinin,SPATA2,0.4273040294647217
Chrysophanol,TIMP2,0.42729729413986206
Shikonin,MMP9,0.4272967576980591
Schisandrin B,SNCA,0.4272962510585785
Salidroside,BAP1,0.42729607224464417
Naringenin,CCNB1,0.4272949695587158
Pinocembrin,CDK4,0.42729467153549194
Schisandrin,HMGB1,0.42729005217552185
Chrysophanol,CSE1L,0.427289754152298
Pinocembrin,FN1,0.42728936672210693
Schisandrin,IGFBP7,0.4272890090942383
Naringenin,TRIB3,0.4272880554199219
Shikonin,NCOA4,0.4272879660129547
Chrysophanol,IGFBP5,0.4272872805595398
Naringenin,GADD45A,0.42728713154792786
Naringenin,ATG7,0.42728424072265625
Shikonin,VCAM1,0.4272824823856354
Huperzine A,GCLM,0.4272818863391876
Chrysophanol,PLIN2,0.4272795617580414
Shikonin,BRD4,0.4272790849208832
Schisandrin,TNFAIP1,0.42727386951446533
Shikonin,ATR,0.4272724390029907
Schisandrin,KEAP1,0.4272713363170624
Naringenin,CD38,0.42727094888687134
Schisandrin,SOCS2,0.427270770072937
Naringenin,PRKDC,0.4272691309452057
Erastin,HMGA1,0.427268385887146
Shikonin,GPX4,0.42726799845695496
Chrysophanol,SESN2,0.42726659774780273
Naringenin,IGFBP5,0.42726337909698486
Chrysophanol,TERF2,0.42726242542266846
Salidroside,TNFRSF1A,0.42726150155067444
Chrysophanol,IL18,0.4272611439228058
Salidroside,BNIP3L,0.42725929617881775
Pinocembrin,MMP10,0.4272589683532715
Chrysophanol,ACSL4,0.4272569715976715
Shikonin,TP53,0.4272567927837372
Chrysophanol,BECN1,0.4272560179233551
Naringenin,MAPK3,0.42725592851638794
Salidroside,STAT1,0.4272538423538208
Emodin,HMGA1,0.4272525906562805
Shikonin,HMGA2,0.4272523522377014
Naringenin,MTOR,0.4272519648075104
Chrysophanol,DDIT3,0.4272514581680298
Schisandrin,TFRC,0.4272509813308716
Pinocembrin,CDKN1A,0.4272502660751343
Schisandrin B,MCU,0.42724889516830444
Naringenin,ALOX5,0.4272473156452179
Naringenin,TSC1,0.4272468686103821
Naringenin,CSE1L,0.42724645137786865
Naringenin,NFE2L2,0.427245169878006
Pinocembrin,NCOA4,0.427244633436203
Emodin,PCNA,0.42724400758743286
RSL3,COX7A1,0.4272436499595642
Chrysophanol,RBM3,0.42724356055259705
Naringenin,ACSL3,0.4272424280643463
Shikonin,MMP12,0.4272420108318329
Naringenin,XRCC1,0.42724183201789856
Huperzine A,TNFRSF1A,0.42724156379699707
Schisandrin,LIFR,0.42724114656448364
Naringenin,JUN,0.4272395670413971
Shikonin,SLAMF8,0.42723938822746277
Chrysophanol,IGFBP3,0.42723914980888367
Erastin,PCNA,0.4272385239601135
Pinocembrin,BRD4,0.4272366464138031
Shikonin,MDM4,0.427236407995224
Schisandrin,EPHA2,0.42723608016967773
Naringenin,SNAI1,0.4272344410419464
Naringenin,MMP12,0.4272325932979584
Naringenin,GADD45B,0.4272319972515106
Shikonin,SIRT6,0.4272318184375763
Erastin,MMP10,0.42723163962364197
Epicatechin,RGS4,0.42723122239112854
Huperzine A,MMP10,0.42722952365875244
Catechin,RGS4,0.42722946405410767
Pinocembrin,BNIP3L,0.4272289574146271
Pinocembrin,BAP1,0.4272288680076599
Schisandrin,SOD1,0.42722877860069275
Schisandrin,FBXO31,0.42722782492637634
Naringenin,TERT,0.42722374200820923
Chrysophanol,MMP3,0.4272232949733734
Chrysophanol,XRCC5,0.42722293734550476
Shikonin,LIG3,0.4272228479385376
Epicatechin,KLF6,0.4272225499153137
Chrysophanol,STEAP3,0.4272221624851227
Schisandrin B,PADI4,0.4272221326828003
Shikonin,ATF2,0.42722025513648987
Catechin,KLF6,0.42721906304359436
Chrysophanol,CCND1,0.4272187650203705
Pinocembrin,VEGFA,0.4272186756134033
Pinocembrin,ATR,0.42721840739250183
Artemisinin,SAT1,0.4272177815437317
Chrysophanol,GABARAPL1,0.4272170662879944
Chrysophanol,HSPA5,0.427217036485672
Erastin,GCLM,0.4272167682647705
Huperzine A,BAP1,0.42721545696258545
Salidroside,FABP5,0.42721250653266907
Chrysophanol,CDK2,0.4272122383117676
Salidroside,RELA,0.42721137404441833
Schisandrin B,HERPUD1,0.4272090196609497
Chrysophanol,LIG4,0.4272087514400482
Chrysophanol,ATG5,0.42720746994018555
Shikonin,MAPK8,0.4272066652774811
Erastin,BAP1,0.4272065758705139
Chrysophanol,CREBBP,0.4272063970565796
Salidroside,MMP13,0.4272063374519348
Pinocembrin,PRKAA2,0.42720580101013184
Chrysophanol,EBF3,0.4272056221961975
Chrysophanol,HDAC3,0.4272036552429199
Chrysophanol,CHEK2,0.4272024929523468
Shikonin,VDAC2,0.42720118165016174
Salidroside,CDO1,0.4272004961967468
Schisandrin B,ERN1,0.42719995975494385
Emodin,MMP10,0.4271993637084961
Salidroside,ABCC2,0.427198588848114
Emodin,GCLM,0.4271971881389618
Salidroside,MMP12,0.4271961450576782
Schisandrin,EDN1,0.42719465494155884
Pinocembrin,MMP9,0.42719370126724243
Chrysophanol,EP300,0.42719370126724243
Naringenin,CHAC1,0.42719215154647827
Chrysophanol,SERPINE1,0.42719197273254395
Salidroside,VEGFA,0.4271914064884186
Chrysophanol,CREB1,0.4271913468837738
Huperzine A,CD82,0.4271911084651947
Pinocembrin,GPX4,0.427189439535141
Emodin,BAP1,0.4271889328956604
Chrysophanol,HERC2,0.42718809843063354
Shikonin,HSPD1,0.4271877110004425
Pinocembrin,SIRT6,0.42718765139579773
Chrysophanol,MMP2,0.42718756198883057
Chrysophanol,GSS,0.4271872639656067
Chrysophanol,PRNP,0.42718422412872314
Salidroside,NFKB1,0.4271806478500366
Shikonin,CDO1,0.4271799921989441
Chrysophanol,FANCD2,0.42717742919921875
Pinocembrin,LIG3,0.4271763861179352
Shikonin,CHAC1,0.42717477679252625
Pinocembrin,ATF2,0.4271742105484009
Huperzine A,RELA,0.4271742105484009
Naringenin,ATF4,0.42717409133911133
Salidroside,PRKAA2,0.4271729588508606
Chrysophanol,TGFB1,0.4271726608276367
Salidroside,HDAC1,0.42717212438583374
Pinocembrin,TP53,0.4271719455718994
Chrysophanol,FOXO1,0.4271719455718994
Huperzine A,COL1A2,0.4271708130836487
Schisandrin,MPO,0.42716944217681885
Chrysophanol,HBP1,0.42716795206069946
Erastin,TNFRSF1A,0.4271678626537323
Naringenin,SLC3A2,0.42716726660728455
Chrysophanol,AKT1,0.42716577649116516
Huperzine A,COL1A1,0.427165687084198
Naringenin,BLM,0.42716455459594727
Chrysophanol,FBXL5,0.42716437578201294
Huperzine A,BRCA2,0.42716389894485474
Pinocembrin,MAPK8,0.42716267704963684
Shikonin,ATG7,0.42716264724731445
Schisandrin,PRKD1,0.42716243863105774
Salidroside,CDK4,0.42716050148010254
Naringenin,RB1,0.42715969681739807
Schisandrin,EGR1,0.42715907096862793
Chrysophanol,BNIP3,0.42715850472450256
Huperzine A,CDKN2A,0.42715808749198914
Pinocembrin,STAT1,0.42715802788734436
Emodin,FABP5,0.42715781927108765
Salidroside,FOXO3,0.427157461643219
Naringenin,PLIN2,0.4271574318408966
Schisandrin,SMURF2,0.42715680599212646
Shikonin,XRCC1,0.4271564781665802
Chrysophanol,TFAM,0.4271562397480011
Pinocembrin,VCAM1,0.4271547198295593
Salidroside,CDKN1A,0.42715463042259216
Huperzine A,HDAC1,0.42715218663215637
Naringenin,STAT3,0.4271520674228668
Pinocembrin,VDAC2,0.4271514117717743
Emodin,MMP13,0.4271513819694519
Emodin,ABCC2,0.4271494150161743
Salidroside,MMP9,0.4271487295627594
Shikonin,NFE2L2,0.42714864015579224
Naringenin,XRCC6,0.4271484613418579
Artemisinin,ABCC1,0.427147775888443
Erastin,FABP5,0.42714542150497437
Chrysophanol,CCNE1,0.4271453320980072
Emodin,TNFRSF1A,0.4271452724933624
Naringenin,GSS,0.4271450638771057
Salidroside,HMGA2,0.42714476585388184
Shikonin,JUN,0.4271446764469147
Salidroside,CDKN1B,0.42714428901672363
Shikonin,RAD50,0.4271441102027893
Huperzine A,NFKB1,0.42714202404022217
Salidroside,LMNB1,0.4271411597728729
Shikonin,GADD45B,0.4271408021450043
Huperzine A,HDAC2,0.4271402060985565
Erastin,MMP13,0.4271385371685028
Shikonin,CD38,0.42713841795921326
Huperzine A,SQSTM1,0.4271370768547058
Naringenin,HSPA5,0.42713627219200134
Shikonin,ALOX5,0.42713576555252075
Naringenin,CCND1,0.4271351397037506
Naringenin,MNT,0.42713454365730286
Erastin,ABCC2,0.42713433504104614
Shikonin,ACSL3,0.4271335005760193
Salidroside,SQSTM1,0.42713287472724915
Huperzine A,STAT1,0.42713236808776855
Salidroside,HDAC2,0.42713192105293274
Shikonin,MAPK3,0.42713141441345215
Huperzine A,VEGFA,0.42713049054145813
Shikonin,CCNB1,0.42713019251823425
Naringenin,HDAC3,0.42712774872779846
Naringenin,CHEK2,0.427127480506897
Shikonin,TRIB3,0.42712724208831787
Pinocembrin,HSPD1,0.4271269738674164
Chrysophanol,CDKN2B,0.42712676525115967
Erastin,STAT1,0.42712631821632385
Shikonin,GADD45A,0.42712584137916565
Shikonin,SNAI1,0.42712557315826416
Chrysophanol,SLC40A1,0.4271252453327179
Shikonin,TSC1,0.4271242618560791
Shikonin,PRKDC,0.4271240234375
Chrysophanol,JAK2,0.42712289094924927
Chrysophanol,LPIN2,0.4271225333213806
Chrysophanol,GCLC,0.42712244391441345
Chrysophanol,PRKAA1,0.4271220862865448
Chrysophanol,PTEN,0.427121102809906
Chrysophanol,TERF1,0.4271179139614105
Huperzine A,CDK4,0.42711740732192993
Huperzine A,PRKAA2,0.42711740732192993
Naringenin,GABARAP,0.4271172285079956
Chrysophanol,CHEK1,0.42711663246154785
Salidroside,VCAM1,0.42711517214775085
Naringenin,CDO1,0.4271150529384613
Pinocembrin,MDM4,0.427114874124527
Schisandrin B,ACVR1B,0.42711469531059265
Huperzine A,FOXO3,0.42711469531059265
Aloe emodin,RAD51,0.42711278796195984
Chrysophanol,MAX,0.4271126985549927
Pinocembrin,SLAMF8,0.427110880613327
Chrysophanol,EIF2A,0.4271107017993927
Erastin,RELA,0.4271083474159241
Schisandrin,E2F1,0.4271058440208435
Huperzine A,BNIP3L,0.42710453271865845
Shikonin,MTOR,0.4271038770675659
Huperzine A,LMNB1,0.42710158228874207
Erastin,BNIP3L,0.42710086703300476
Naringenin,LPIN1,0.42710068821907043
Shikonin,IGFBP5,0.42710021138191223
Salidroside,CHAC1,0.42709988355636597
Pinocembrin,HMGA2,0.4270988702774048
Schisandrin,MAPK14,0.42709827423095703
Schisandrin,TNFAIP3,0.4270974397659302
Chrysophanol,EMP1,0.42709583044052124
Pinocembrin,RAD50,0.4270941913127899
Naringenin,IL10,0.4270935654640198
Naringenin,STEAP3,0.4270908832550049
Emodin,STAT1,0.4270907938480377
Chrysophanol,RPS6KB1,0.42709025740623474
Shikonin,TERT,0.427089661359787
Shikonin,CSE1L,0.4270862936973572
Huperzine A,PPARGC1A,0.4270855188369751
Pinocembrin,CCNB1,0.4270823001861572
Huperzine A,CDKN1B,0.42708131670951843
Emodin,RELA,0.42707982659339905
Salidroside,MDM4,0.4270786941051483
Salidroside,SLAMF8,0.4270761013031006
Chrysophanol,NBN,0.42707592248916626
Pinocembrin,MMP12,0.4270755648612976
Pinocembrin,TRIB3,0.4270753860473633
Erastin,NFKB1,0.42707496881484985
Naringenin,EP300,0.4270748794078827
Pinocembrin,GADD45A,0.42707449197769165
Pinocembrin,ATG7,0.42707157135009766
Erastin,HDAC1,0.4270707368850708
Chrysophanol,BRCA1,0.4270699918270111
Emodin,BNIP3L,0.4270668625831604
Shikonin,RB1,0.4270657002925873
Chrysophanol,GMFB,0.427063912153244
Erastin,MMP12,0.4270637333393097
Erastin,VEGFA,0.42706364393234253
Naringenin,IL18,0.4270634651184082
Huperzine A,HMGA2,0.42706313729286194
Naringenin,DDIT3,0.42706194519996643
Salidroside,ALOX12,0.4270617365837097
Shikonin,XRCC6,0.42706024646759033
Shikonin,SLC3A2,0.42706015706062317
Chrysophanol,CCL2,0.4270600974559784
Salidroside,CDKN2A,0.4270586371421814
Pinocembrin,CD38,0.42705824971199036
Salidroside,GPX4,0.42705702781677246
Huperzine A,CDKN1A,0.4270566999912262
Pinocembrin,PRKDC,0.4270564615726471
Huperzine A,MMP12,0.427052766084671
Erastin,CDO1,0.42705076932907104
Pinocembrin,IGFBP5,0.4270506799221039
Huperzine A,VCAM1,0.4270506203174591
Shikonin,MNT,0.42705038189888
Shikonin,BLM,0.42705008387565613
Shikonin,ATF4,0.4270498752593994
Emodin,CDO1,0.4270497262477875
Erastin,CDK4,0.4270491302013397
Emodin,HDAC1,0.4270486831665039
Salidroside,COL1A1,0.42704764008522034
Salidroside,COL1A2,0.42704635858535767
Salidroside,BRCA2,0.4270462989807129
Emodin,NFKB1,0.4270462691783905
Erastin,PRKAA2,0.42704489827156067
Chrysophanol,SELE,0.4270448684692383
Salidroside,TP53,0.4270440936088562
Pinocembrin,MAPK3,0.42704325914382935
Naringenin,VDAC3,0.42704081535339355
Emodin,VEGFA,0.4270399510860443
Naringenin,IGFBP3,0.42703965306282043
Pinocembrin,MTOR,0.4270392954349518
Shikonin,LPIN1,0.4270392060279846
Salidroside,ATR,0.42703738808631897
Shikonin,STAT3,0.42703598737716675
Emodin,MMP12,0.42703500390052795
Pinocembrin,ALOX5,0.4270346164703369
Pinocembrin,TSC1,0.42703425884246826
Chrysophanol,SLC7A11,0.42703408002853394
Pinocembrin,CSE1L,0.42703381180763245
Huperzine A,MMP9,0.4270337224006653
Shikonin,GABARAP,0.427033394575119
Shikonin,IL10,0.4270327389240265
RSL3,DYRK1A,0.4270326495170593
Pinocembrin,NFE2L2,0.4270325303077698
Shikonin,IL1A,0.4270313084125519
Erastin,SQSTM1,0.4270309507846832
Salidroside,TNF,0.4270307719707489
Erastin,HDAC2,0.4270303547382355
Chrysophanol,CDK6,0.42703017592430115
Pinocembrin,ACSL3,0.42702972888946533
Naringenin,CREB1,0.42702963948249817
Pinocembrin,XRCC1,0.4270291328430176
Naringenin,PARP1,0.4270286560058594
Naringenin,TIMP2,0.4270285964012146
Pinocembrin,JUN,0.4270269572734833
Shikonin,PLIN2,0.42702656984329224
Schisandrin B,SPATA2,0.4270246922969818
Naringenin,MMP2,0.42702287435531616
Emodin,PRKAA2,0.427022784948349
Pinocembrin,SNAI1,0.4270218312740326
Erastin,FOXO3,0.42702117562294006
Naringenin,BECN1,0.42702117562294006
Emodin,CDK4,0.42702043056488037
Pinocembrin,GADD45B,0.42701929807662964
Naringenin,IL1A,0.427018940448761
Shikonin,TNF,0.4270187020301819
Epicatechin,DUOX1,0.4270181655883789
Emodin,HDAC2,0.4270160496234894
Shikonin,ALOX12,0.4270153343677521
Emodin,SQSTM1,0.4270152151584625
Huperzine A,NCOA4,0.42701494693756104
Catechin,DUOX1,0.42701467871665955
Naringenin,TERF2,0.4270140528678894
Huperzine A,FN1,0.4270130395889282
Huperzine A,ATR,0.42701244354248047
Pinocembrin,CHAC1,0.42701154947280884
Pinocembrin,TERT,0.42701107263565063
Naringenin,XRCC5,0.4270109236240387
Erastin,HMGA2,0.4270099401473999
Naringenin,HERC2,0.4270080029964447
Naringenin,SERPINE1,0.4270070493221283
Huperzine A,GPX4,0.4270069897174835
Huperzine A,TP53,0.4270046055316925
Huperzine A,SLAMF8,0.42700329422950745
Naringenin,CREBBP,0.42700260877609253
Erastin,VCAM1,0.4270024001598358
Erastin,LMNB1,0.42700183391571045
Chrysophanol,TBX2,0.4270016551017761
Naringenin,HSP90AA1,0.4270014762878418
Naringenin,GABARAPL1,0.4269998371601105
Erastin,CDKN1A,0.42699888348579407
Erastin,CDKN1B,0.4269988238811493
Salidroside,IL1A,0.42699816823005676
Schisandrin,NLRP3,0.4269980788230896
Salidroside,XRCC1,0.42699557542800903
Naringenin,GOT1,0.42699548602104187
Pinocembrin,CDO1,0.42699477076530457
Chrysophanol,ATM,0.4269947409629822
Huperzine A,BRD4,0.4269944429397583
Salidroside,NFE2L2,0.42699331045150757
Emodin,FOXO3,0.42699113488197327
Shikonin,CCND1,0.42698851227760315
Shikonin,PARP1,0.42698800563812256
Shikonin,GSS,0.42698708176612854
Shikonin,HSPA5,0.4269868731498718
Salidroside,NCOA4,0.4269861876964569
Schisandrin,KDM6B,0.4269846975803375
Chrysophanol,ICAM1,0.42698439955711365
Shikonin,VDAC3,0.42698347568511963
Huperzine A,CHAC1,0.4269832670688629
Naringenin,LIG4,0.42698320746421814
Artemisinin,DYRK1A,0.42698225378990173
Epicatechin,LOX,0.42698201537132263
Emodin,COL1A2,0.42698195576667786
Emodin,CDKN2A,0.4269813001155853
Naringenin,FANCD2,0.4269803464412689
Emodin,HMGA2,0.4269792139530182
Salidroside,ACSL3,0.426979124546051
Catechin,LOX,0.42697852849960327
Salidroside,PPARGC1A,0.4269784390926361
Erastin,MMP9,0.4269784092903137
Shikonin,GOT1,0.4269782304763794
Salidroside,GADD45B,0.42697757482528687
Salidroside,JUN,0.42697736620903015
Naringenin,ACSL4,0.4269772171974182
Huperzine A,MDM4,0.4269751310348511
Shikonin,CHEK2,0.4269736707210541
Shikonin,HDAC3,0.4269735813140869
Emodin,LMNB1,0.42697277665138245
Shikonin,IL18,0.4269717335700989
Chrysophanol,TSC2,0.42697152495384216
Naringenin,TNF,0.4269711375236511
Emodin,COL1A1,0.42697083950042725
Shikonin,TIMP2,0.4269706904888153
Salidroside,SNAI1,0.42697006464004517
Salidroside,ATG7,0.4269697964191437
Emodin,BRCA2,0.42696893215179443
Shikonin,HSP90AA1,0.4269687831401825
Shikonin,STEAP3,0.4269685745239258
Erastin,CDKN2A,0.426968514919281
Shikonin,DDIT3,0.4269684851169586
Emodin,VCAM1,0.42696788907051086
Huperzine A,ATF2,0.42696771025657654
Salidroside,VDAC2,0.4269675612449646
Chrysophanol,COL3A1,0.42696595191955566
Schisandrin,NOX4,0.4269655644893646
Chrysophanol,MAP1LC3B,0.4269651770591736
Chrysophanol,EIF2AK3,0.4269644320011139
Emodin,CDKN1B,0.4269631505012512
Emodin,CDKN1A,0.4269630014896393
Pinocembrin,ATF4,0.42696139216423035
Salidroside,ATF2,0.42695853114128113
Schisandrin,FOSL1,0.42695850133895874
Salidroside,MAPK3,0.4269579350948334
Naringenin,CCNE1,0.42695775628089905
Salidroside,CD38,0.42695704102516174
Erastin,CHAC1,0.42695704102516174
Huperzine A,LIG3,0.4269568920135498
Salidroside,ALOX5,0.426956444978714
Naringenin,FBXL5,0.42695584893226624
Pinocembrin,SLC3A2,0.42695456743240356
Epicatechin,FOXO4,0.4269541800022125
Naringenin,AKT1,0.4269527196884155
Catechin,FOXO4,0.4269525408744812
Erastin,SLAMF8,0.4269524812698364
Shikonin,IGFBP3,0.42695239186286926
Pinocembrin,BLM,0.42695188522338867
Shikonin,BECN1,0.42695075273513794
Huperzine A,CDO1,0.42694950103759766
Salidroside,HSPD1,0.4269494414329529
Shikonin,TERF2,0.42694902420043945
Shikonin,EP300,0.42694854736328125
Huperzine A,HSPD1,0.4269474148750305
Pinocembrin,RB1,0.42694705724716187
Erastin,COL1A2,0.4269466996192932
Artemisinin,COX7A1,0.4269461929798126
Huperzine A,SIRT6,0.42694610357284546
Epicatechin,MDM2,0.4269458055496216
Naringenin,ALOX12,0.4269453287124634
Pinocembrin,PLIN2,0.426944762468338
Salidroside,BRD4,0.42694270610809326
Emodin,MMP9,0.42694252729415894
Erastin,COL1A1,0.4269424378871918
Catechin,MDM2,0.4269423186779022
Salidroside,TSC1,0.4269421398639679
Erastin,BRCA2,0.4269407093524933
Salidroside,LIG3,0.4269397556781769
Pinocembrin,STAT3,0.4269393980503082
Chrysophanol,NUAK2,0.42693835496902466
Huperzine A,VDAC2,0.42693835496902466
Pinocembrin,XRCC6,0.4269358515739441
Schisandrin B,ABCC1,0.4269346296787262
Naringenin,BNIP3,0.4269331395626068
Pinocembrin,GSS,0.4269324243068695
Salidroside,FN1,0.42693185806274414
Naringenin,HBP1,0.42693114280700684
Salidroside,PRKDC,0.42693114280700684
Shikonin,XRCC5,0.4269307553768158
Shikonin,ACSL4,0.42692819237709045
Erastin,MDM4,0.42692750692367554
Shikonin,CREB1,0.42692485451698303
Pinocembrin,HSPA5,0.42692360281944275
Pinocembrin,CCND1,0.426922470331192
Emodin,CHAC1,0.42692211270332336
Pinocembrin,MNT,0.42692190408706665
Huperzine A,ACSL3,0.4269218444824219
Shikonin,GABARAPL1,0.4269205629825592
Naringenin,ATG5,0.4269191026687622
Shikonin,MMP2,0.42691850662231445
Salidroside,LPIN1,0.4269183874130249
Emodin,SLAMF8,0.4269176423549652
Erastin,GPX4,0.42691755294799805
Shikonin,CREBBP,0.42691707611083984
Schisandrin,IRF7,0.4269167184829712
Salidroside,IL10,0.42691659927368164
Huperzine A,MAPK8,0.4269164800643921
Erastin,TP53,0.42691612243652344
Pinocembrin,HDAC3,0.42691516876220703
Pinocembrin,CHEK2,0.4269148111343384
Shikonin,HERC2,0.4269145429134369
Salidroside,SIRT6,0.42691412568092346
Huperzine A,SNAI1,0.4269130825996399
Shikonin,SERPINE1,0.4269125461578369
Huperzine A,ATG7,0.4269114136695862
Salidroside,XRCC6,0.4269101321697235
Naringenin,MMP3,0.42690950632095337
Shikonin,LIG4,0.42690908908843994
Chrysophanol,CCNA2,0.4269087612628937
Salidroside,RB1,0.42690861225128174
Salidroside,GOT1,0.42690709233283997
Huperzine A,JUN,0.42690691351890564
Naringenin,SESN2,0.4269067347049713
Dihydroartemisinin,SETD7,0.42690661549568176
Salidroside,MNT,0.4269064664840698
Salidroside,GADD45A,0.4269056022167206
Emodin,PPARGC1A,0.42690524458885193
Huperzine A,XRCC1,0.42690467834472656
Pinocembrin,GABARAP,0.426904559135437
Shikonin,SLC39A8,0.4269040524959564
Chrysophanol,PNPLA2,0.42690369486808777
Erastin,ATR,0.4269034266471863
Huperzine A,GADD45B,0.42690226435661316
Schisandrin B,SAT1,0.426901251077652
Epicatechin,E2F2,0.42690104246139526
Huperzine A,NFE2L2,0.4269007444381714
Salidroside,SLC39A8,0.42689964175224304
Catechin,E2F2,0.4268993139266968
Hesperetin,DPP4,0.42689743638038635
Huperzine A,CD38,0.42689675092697144
Shikonin,FANCD2,0.42689579725265503
Chrysophanol,FOS,0.42689478397369385
Shikonin,SESN2,0.4268937110900879
Emodin,MDM4,0.42689257860183716
Naringenin,CHEK1,0.42689248919487
Salidroside,PARP1,0.4268907308578491
Salidroside,HSP90AA1,0.4268907308578491
ML162,DPP4,0.42688995599746704
Chrysophanol,FTH1,0.4268892705440521
Salidroside,TERT,0.42688900232315063
Salidroside,WRN,0.426888644695282
Epicatechin,MYC,0.42688849568367004
Pinocembrin,LPIN1,0.4268880784511566
Emodin,TP53,0.42688754200935364
Catechin,MYC,0.42688682675361633
Huperzine A,TSC1,0.42688673734664917
Emodin,GPX4,0.4268861711025238
Salidroside,GABARAP,0.42688560485839844
Huperzine A,MAPK3,0.42688503861427307
Shikonin,WRN,0.4268847405910492
Huperzine A,ALOX5,0.4268828332424164
Salidroside,SLC3A2,0.4268827438354492
Pinocembrin,IL10,0.42688092589378357
Salidroside,MTOR,0.4268808364868164
Shikonin,ATG5,0.42687857151031494
Pinocembrin,STEAP3,0.4268782436847687
Emodin,ATR,0.4268781542778015
Huperzine A,PRKDC,0.4268757402896881
Epicatechin,CBS,0.4268757104873657
Shikonin,MMP3,0.4268755316734314
Shikonin,FBXL5,0.426875501871109
Shikonin,AKT1,0.42687511444091797
Catechin,CBS,0.4268740713596344
Salidroside,BLM,0.426872193813324
Huperzine A,GADD45A,0.42687201499938965
Huperzine A,RAD50,0.42687180638313293
Naringenin,BRCA1,0.42687174677848816
Salidroside,ATF4,0.42687085270881653
Naringenin,LPIN2,0.4268697202205658
Salidroside,MAPK8,0.4268691837787628
Salidroside,STAT3,0.42686885595321655
Erastin,ALOX12,0.4268679916858673
Salidroside,VDAC3,0.4268677234649658
Huperzine A,TRIB3,0.42686763405799866
Naringenin,SLC39A8,0.4268675446510315
Shikonin,CCNE1,0.42686590552330017
Erastin,PPARGC1A,0.4268653690814972
Shikonin,HBP1,0.42686501145362854
Pinocembrin,EP300,0.4268622398376465
Shikonin,BNIP3,0.4268614649772644
Schisandrin,MEN1,0.4268614649772644
Huperzine A,MTOR,0.4268609285354614
Erastin,NCOA4,0.4268600344657898
Salidroside,TRIB3,0.42685967683792114
Naringenin,PTEN,0.4268586039543152
Huperzine A,CCNB1,0.42685824632644653
Salidroside,RAD50,0.4268578886985779
Salidroside,TIMP2,0.42685747146606445
Pinocembrin,IL1A,0.4268569350242615
Huperzine A,TERT,0.4268566071987152
Emodin,ALOX12,0.4268537163734436
Emodin,NCOA4,0.42685115337371826
Pinocembrin,IL18,0.4268508553504944
Pinocembrin,DDIT3,0.4268493056297302
Naringenin,GCLC,0.4268485903739929
Schisandrin,PPP2R2B,0.4268457889556885
Erastin,XRCC1,0.4268442988395691
Naringenin,EIF2A,0.42684346437454224
Naringenin,SLC40A1,0.42684242129325867
Salidroside,PLIN2,0.4268403947353363
Naringenin,FOXO1,0.42683953046798706
Huperzine A,IGFBP5,0.426839143037796
Naringenin,WRN,0.4268382489681244
Pinocembrin,TNF,0.4268377423286438
Salidroside,SESN2,0.4268355667591095
Naringenin,PRNP,0.426835298538208
Shikonin,CDK2,0.42683473229408264
Naringenin,TERF1,0.4268343448638916
Salidroside,ACSL4,0.42683377861976624
Erastin,JUN,0.4268321096897125
Salidroside,CCNB1,0.42683175206184387
Erastin,GADD45B,0.42683112621307373
Emodin,FN1,0.426830530166626
Naringenin,CDKN2B,0.42682966589927673
Salidroside,TERF2,0.4268290400505066
Pinocembrin,VDAC3,0.42682817578315735
Huperzine A,CSE1L,0.4268278479576111
Pinocembrin,IGFBP3,0.4268270432949066
Erastin,TNF,0.42682531476020813
Pinocembrin,ALOX12,0.42682504653930664
Salidroside,CSE1L,0.4268249571323395
Shikonin,PRNP,0.4268247187137604
Erastin,NFE2L2,0.42682433128356934
Naringenin,CDK2,0.42682400345802307
Huperzine A,XRCC6,0.4268236756324768
Huperzine A,BLM,0.4268236756324768
Pinocembrin,PARP1,0.42682304978370667
Erastin,BRD4,0.42682236433029175
Shikonin,CHEK1,0.42682191729545593
Emodin,BRD4,0.42682167887687683
Salidroside,IL18,0.42682161927223206
Huperzine A,IL1A,0.42682141065597534
Shikonin,FOXO1,0.426821231842041
Huperzine A,RB1,0.4268209636211395
Salidroside,IGFBP5,0.4268205761909485
Erastin,FN1,0.4268198609352112
Erastin,HSPD1,0.4268181622028351
Huperzine A,IL10,0.4268176853656769
Salidroside,BECN1,0.4268174171447754
Pinocembrin,CREB1,0.42681702971458435
Erastin,ACSL3,0.42681631445884705
Huperzine A,SLC3A2,0.42681601643562317
Pinocembrin,TIMP2,0.4268159866333008
Salidroside,DDIT3,0.4268154203891754
Huperzine A,MNT,0.4268152415752411
Erastin,ATG7,0.4268150329589844
Huperzine A,ALOX12,0.42681393027305603
Shikonin,LPIN2,0.4268133342266083
Erastin,IL1A,0.42681246995925903
Erastin,ATF2,0.4268113374710083
Huperzine A,LPIN1,0.42681097984313965
Huperzine A,ATF4,0.42681071162223816
Pinocembrin,MMP2,0.42681020498275757
Emodin,XRCC1,0.4268098473548889
Pinocembrin,BECN1,0.42680856585502625
Huperzine A,TNF,0.42680802941322327
Salidroside,RBM3,0.42680785059928894
Salidroside,IGFBP3,0.42680782079696655
Pinocembrin,GOT1,0.4268076717853546
Erastin,SNAI1,0.4268072545528412
Schisandrin,PDE4B,0.42680659890174866
Shikonin,PTEN,0.4268064796924591
Naringenin,PRKAA1,0.42680537700653076
Naringenin,SLC7A11,0.4268053472042084
Erastin,VDAC2,0.4268048107624054
Shikonin,GCLC,0.4268033504486084
Naringenin,TBX2,0.42680320143699646
Salidroside,CDK2,0.42680272459983826
Pinocembrin,HSP90AA1,0.4268021583557129
Pinocembrin,TERF2,0.4268013834953308
Shikonin,SLC40A1,0.42680081725120544
Huperzine A,GABARAP,0.4268002212047577
Emodin,TNF,0.4267999529838562
Erastin,LIG3,0.42679986357688904
Emodin,HSPD1,0.42679935693740845
Naringenin,ATM,0.4267987310886383
Pinocembrin,XRCC5,0.4267983138561249
Huperzine A,STAT3,0.42679768800735474
Emodin,JUN,0.4267963171005249
Emodin,ATF2,0.4267958700656891
Salidroside,MMP3,0.42679569125175476
Shikonin,EIF2A,0.42679551243782043
Pinocembrin,HERC2,0.4267953634262085
Emodin,GADD45B,0.4267953634262085
Shikonin,CDKN2B,0.42679518461227417
Pinocembrin,SERPINE1,0.4267944097518921
Shikonin,TERF1,0.42679351568222046
Erastin,ALOX5,0.42679232358932495
Shikonin,RBM3,0.4267919659614563
Salidroside,XRCC5,0.426790714263916
Naringenin,RPS6KB1,0.4267904758453369
Salidroside,GABARAPL1,0.42679035663604736
Pinocembrin,CREBBP,0.4267899692058563
Naringenin,JAK2,0.426789790391922
Chrysophanol,SIRT1,0.42678961157798767
Naringenin,MAX,0.4267895817756653
Shikonin,BRCA1,0.4267895221710205
Emodin,NFE2L2,0.42678847908973694
Shikonin,EBF3,0.42678824067115784
Schisandrin,LPCAT3,0.4267879128456116
Emodin,LIG3,0.42678776383399963
Pinocembrin,GABARAPL1,0.42678719758987427
Naringenin,EBF3,0.42678675055503845
Huperzine A,PLIN2,0.4267863929271698
Salidroside,LIG4,0.4267861545085907
Salidroside,ATG5,0.4267847537994385
Emodin,IL1A,0.4267835319042206
Emodin,ACSL3,0.4267834424972534
Naringenin,GMFB,0.42678302526474
Shikonin,PRKAA1,0.4267815053462982
Erastin,CD38,0.4267813563346863
Emodin,ATG7,0.4267812669277191
Shikonin,TFAM,0.42678067088127136
Emodin,VDAC2,0.42677971720695496
Salidroside,CREBBP,0.4267789423465729
Schisandrin,SMARCB1,0.42677760124206543
Erastin,TSC1,0.4267772436141968
Erastin,MAPK3,0.4267769753932953
Salidroside,STEAP3,0.4267764091491699
Erastin,SIRT6,0.4267762303352356
Salidroside,PRNP,0.4267761707305908
Emodin,SNAI1,0.42677465081214905
Shikonin,JAK2,0.4267745912075043
Salidroside,CCND1,0.42677366733551025
Pinocembrin,LIG4,0.4267705976963043
Salidroside,HSPA5,0.42677056789398193
Schisandrin B,COX7A1,0.42676982283592224
Naringenin,TFAM,0.42676955461502075
Emodin,SIRT6,0.4267691969871521
Shikonin,MAX,0.42676886916160583
Salidroside,TGFB1,0.42676860094070435
Naringenin,CDK6,0.4267680048942566
Pinocembrin,FANCD2,0.4267677366733551
Naringenin,CCNA2,0.4267662465572357
Salidroside,EP300,0.4267660677433014
Salidroside,CREB1,0.4267657399177551
Salidroside,MMP2,0.42676496505737305
Pinocembrin,ACSL4,0.4267646074295044
Salidroside,HDAC3,0.42676421999931335
Salidroside,CHEK2,0.42676395177841187
Salidroside,FOXO1,0.42676234245300293
Salidroside,HERC2,0.42676183581352234
Huperzine A,PARP1,0.426761656999588
Schisandrin,ATF3,0.4267599284648895
Shikonin,RPS6KB1,0.42675966024398804
Salidroside,EBF3,0.4267594814300537
Salidroside,SERPINE1,0.4267589747905731
Huperzine A,VDAC3,0.4267582595348358
Naringenin,MAP1LC3B,0.4267580509185791
Salidroside,TFAM,0.42675697803497314
Naringenin,CCL2,0.4267565608024597
Emodin,ALOX5,0.42675647139549255
Naringenin,SELE,0.42675331234931946
Huperzine A,GOT1,0.42675095796585083
Salidroside,HBP1,0.4267508387565613
Salidroside,FANCD2,0.4267505705356598
Emodin,CD38,0.42674896121025085
Erastin,PRKDC,0.42674750089645386
Naringenin,NBN,0.4267469644546509
Salidroside,AKT1,0.42674681544303894
Huperzine A,CHEK2,0.4267460107803345
Huperzine A,CCND1,0.42674586176872253
Huperzine A,HDAC3,0.42674580216407776
Naringenin,EIF2AK3,0.42674538493156433
Pinocembrin,CCNE1,0.42674514651298523
Huperzine A,TIMP2,0.42674505710601807
Salidroside,GSS,0.4267441928386688
Huperzine A,GSS,0.4267441928386688
Emodin,TSC1,0.4267441928386688
Erastin,LPIN1,0.42674392461776733
Huperzine A,HSPA5,0.42674368619918823
Naringenin,EMP1,0.4267435371875763
Pinocembrin,FBXL5,0.42674314975738525
Huperzine A,HSP90AA1,0.4267428517341614
Shikonin,GMFB,0.42674267292022705
Huperzine A,IL18,0.4267418086528778
Emodin,MAPK3,0.42674171924591064
Salidroside,FBXL5,0.4267416000366211
Shikonin,SLC7A11,0.4267416000366211
Salidroside,BNIP3,0.42674142122268677
Pinocembrin,AKT1,0.4267401099205017
Shikonin,EMP1,0.4267400801181793
Erastin,XRCC6,0.42673754692077637
Erastin,IL10,0.4267353415489197
Erastin,RB1,0.42673513293266296
Schisandrin,EPHA4,0.42673370242118835
Shikonin,NBN,0.4267325699329376
Huperzine A,STEAP3,0.4267325699329376
Erastin,MNT,0.4267321228981018
Erastin,MAPK8,0.4267317056655884
Shikonin,CCL2,0.426730751991272
Emodin,MAPK8,0.42673057317733765
Erastin,TERT,0.4267292618751526
Erastin,GADD45A,0.42672717571258545
Huperzine A,DDIT3,0.4267263114452362
Shikonin,TBX2,0.4267245829105377
Shikonin,SELE,0.4267237186431885
Pinocembrin,SESN2,0.4267236590385437
Salidroside,JAK2,0.42672306299209595
Pinocembrin,SLC39A8,0.42672258615493774
Shikonin,CDK6,0.4267222285270691
Schisandrin,WWTR1,0.4267221987247467
Naringenin,RBM3,0.42672213912010193
Epicatechin,TIMP1,0.4267214834690094
Erastin,MTOR,0.4267212748527527
Shikonin,ATM,0.42672109603881836
Salidroside,CDKN2B,0.42672082781791687
Pinocembrin,BNIP3,0.426720529794693
Catechin,TIMP1,0.42671987414360046
Huperzine A,TERF2,0.4267190992832184
Pinocembrin,HBP1,0.426718533039093
Salidroside,PRKAA1,0.4267181158065796
Salidroside,CCNE1,0.4267180562019348
Salidroside,SLC40A1,0.4267176389694214
Emodin,PRKDC,0.4267171025276184
Huperzine A,BECN1,0.42671632766723633
Salidroside,GCLC,0.4267134666442871
Erastin,GOT1,0.4267131984233856
Salidroside,PTEN,0.42671293020248413
Salidroside,MAX,0.42671260237693787
Salidroside,LPIN2,0.4267123341560364
Huperzine A,EP300,0.4267122447490692
Salidroside,TERF1,0.4267117381095886
Huperzine A,IGFBP3,0.42671138048171997
Erastin,SLC3A2,0.4267110228538513
Epicatechin,HSPB1,0.4267100691795349
Pinocembrin,ATG5,0.4267100691795349
Erastin,GABARAP,0.42670920491218567
Erastin,TRIB3,0.4267091751098633
Catechin,HSPB1,0.4267084300518036
Erastin,RAD50,0.4267084300518036
Pinocembrin,MMP3,0.42670828104019165
Emodin,LPIN1,0.42670807242393494
Huperzine A,SESN2,0.42670780420303345
Shikonin,TGFB1,0.42670580744743347
Huperzine A,SLC39A8,0.42670565843582153
Erastin,PARP1,0.42670509219169617
Salidroside,CHEK1,0.4267047643661499
Salidroside,EIF2A,0.42670461535453796
Emodin,TERT,0.426704078912735
Naringenin,NUAK2,0.4267030954360962
Erastin,BLM,0.4267025291919708
Emodin,GADD45A,0.42670199275016785
Emodin,XRCC6,0.42670172452926636
Pinocembrin,WRN,0.4267004430294037
Huperzine A,XRCC5,0.42669957876205444
Emodin,IL10,0.4266994893550873
Emodin,RB1,0.42669931054115295
Huperzine A,ACSL4,0.4266992211341858
Emodin,MTOR,0.4266981780529022
Naringenin,ICAM1,0.42669808864593506
Salidroside,EMP1,0.4266974925994873
Emodin,RAD50,0.42669644951820374
Emodin,MNT,0.4266963601112366
Emodin,TRIB3,0.4266950488090515
Huperzine A,WRN,0.42669209837913513
Erastin,HSP90AA1,0.42669153213500977
Salidroside,RPS6KB1,0.42669087648391724
Huperzine A,CREB1,0.42669010162353516
Erastin,SLC39A8,0.4266895055770874
Erastin,ATF4,0.42668914794921875
Huperzine A,GABARAPL1,0.42668819427490234
Huperzine A,MMP2,0.426686555147171
Huperzine A,CREBBP,0.42668628692626953
Shikonin,MAP1LC3B,0.4266861081123352
Erastin,VDAC3,0.4266848862171173
Erastin,WRN,0.4266848564147949
Huperzine A,SERPINE1,0.4266834259033203
Erastin,STAT3,0.42668265104293823
Emodin,GOT1,0.4266822934150696
Salidroside,NBN,0.42668142914772034
Huperzine A,MMP3,0.42668116092681885
Pinocembrin,CHEK1,0.4266798496246338
Shikonin,EIF2AK3,0.4266786575317383
Erastin,CCNB1,0.42667633295059204
Emodin,SLC3A2,0.42667630314826965
Huperzine A,LIG4,0.42667609453201294
Huperzine A,HERC2,0.4266757071018219
Schisandrin,BRD7,0.4266743063926697
Emodin,GABARAP,0.42667338252067566
Emodin,BLM,0.42667195200920105
Erastin,TIMP2,0.42667099833488464
Emodin,PARP1,0.4266706109046936
Emodin,CCNB1,0.42666900157928467
Shikonin,ICAM1,0.4266684949398041
Shikonin,CCNA2,0.4266682267189026
Schisandrin,WNT5A,0.42666515707969666
Salidroside,GMFB,0.4266650974750519
Salidroside,CCL2,0.4266647696495056
Erastin,CSE1L,0.42666345834732056
Emodin,SLC39A8,0.42666110396385193
Huperzine A,FANCD2,0.42666101455688477
Salidroside,BRCA1,0.4266606867313385
Emodin,WRN,0.42665964365005493
Pinocembrin,BRCA1,0.4266591966152191
Erastin,IGFBP5,0.42665863037109375
Pinocembrin,LPIN2,0.426657110452652
Emodin,HSP90AA1,0.4266566038131714
Pinocembrin,CDK2,0.4266563355922699
Emodin,ATF4,0.4266558289527893
Erastin,PLIN2,0.42665326595306396
Epicatechin,ABCC2,0.4266524314880371
Naringenin,PNPLA2,0.42665231227874756
Epicatechin,PCNA,0.4266509413719177
Catechin,ABCC2,0.4266507923603058
Salidroside,SELE,0.4266507923603058
Pinocembrin,PRNP,0.4266505241394043
Hesperetin,NR2F2,0.4266499876976013
Huperzine A,ATG5,0.4266494810581207
Catechin,PCNA,0.4266493022441864
Emodin,VDAC3,0.4266490340232849
Huperzine A,AKT1,0.42664816975593567
Pinocembrin,FOXO1,0.42664799094200134
Emodin,IGFBP5,0.42664745450019836
Emodin,STAT3,0.42664700746536255
Emodin,CSE1L,0.4266469478607178
Shikonin,NUAK2,0.4266466498374939
Dihydroartemisinin,CAVIN1,0.42664653062820435
Huperzine A,FBXL5,0.4266461730003357
Huperzine A,CCNE1,0.4266461730003357
Pinocembrin,PTEN,0.42664599418640137
Epicatechin,MMP13,0.4266453981399536
Catechin,MMP13,0.4266436994075775
Huperzine A,EBF3,0.4266413152217865
Epicatechin,FABP5,0.4266405403614044
Erastin,SESN2,0.42664027214050293
Catechin,FABP5,0.4266389012336731
Huperzine A,HBP1,0.4266374707221985
Erastin,TERF2,0.42663609981536865
Pinocembrin,GCLC,0.4266359508037567
Emodin,TIMP2,0.42663514614105225
Erastin,IL18,0.42663490772247314
Huperzine A,BNIP3,0.42663368582725525
Pinocembrin,SLC40A1,0.4266320765018463
Pinocembrin,EIF2A,0.42663082480430603
Naringenin,TGFB1,0.4266306459903717
Erastin,ACSL4,0.4266306459903717
Salidroside,CDK6,0.4266297221183777
Erastin,BECN1,0.4266296923160553
Salidroside,SLC7A11,0.42662909626960754
ML162,NR2F2,0.426627516746521
Erastin,DDIT3,0.42662519216537476
Pinocembrin,CDKN2B,0.42662468552589417
Pinocembrin,TERF1,0.4266243875026703
Huperzine A,CDK2,0.42662331461906433
Schisandrin B,DYRK1A,0.42662206292152405
Emodin,PLIN2,0.4266211986541748
Erastin,IGFBP3,0.42661285400390625
Huperzine A,PRNP,0.4266127645969391
Pinocembrin,EBF3,0.42661190032958984
Naringenin,FTH1,0.42660945653915405
Pinocembrin,PRKAA1,0.426608681678772
Shikonin,TSC2,0.4266081750392914
Huperzine A,FOXO1,0.42660707235336304
Shikonin,PNPLA2,0.42660611867904663
Emodin,SESN2,0.4266044795513153
Shikonin,COL3A1,0.4266035258769989
Pinocembrin,RBM3,0.4266018867492676
Salidroside,ICAM1,0.4266013205051422
Pinocembrin,TFAM,0.42660096287727356
Emodin,TERF2,0.42660027742385864
Pinocembrin,JAK2,0.42660027742385864
Emodin,IL18,0.42659905552864075
Salidroside,TBX2,0.4265988767147064
Huperzine A,CHEK1,0.42659878730773926
Erastin,RBM3,0.4265972375869751
Erastin,MMP3,0.4265970289707184
Erastin,XRCC5,0.42659661173820496
Naringenin,TSC2,0.4265964925289154
Erastin,STEAP3,0.42659589648246765
Pinocembrin,MAX,0.42659515142440796
Emodin,ACSL4,0.4265948534011841
Emodin,BECN1,0.4265938401222229
Huperzine A,LPIN2,0.42659279704093933
Pinocembrin,SLC7A11,0.42659270763397217
Erastin,CCND1,0.42659246921539307
Naringenin,COL3A1,0.4265919327735901
Salidroside,TSC2,0.4265919029712677
Salidroside,ATM,0.426591157913208
Erastin,GABARAPL1,0.42659077048301697
Epicatechin,MAP1LC3A,0.4265906810760498
Erastin,HSPA5,0.4265906810760498
Huperzine A,PTEN,0.4265906512737274
Pinocembrin,TBX2,0.4265906512737274
Emodin,DDIT3,0.42658933997154236
Pinocembrin,RPS6KB1,0.4265877306461334
Salidroside,COL3A1,0.4265875518321991
Catechin,MAP1LC3A,0.42658722400665283
Pinocembrin,ATM,0.4265861213207245
Huperzine A,SLC40A1,0.42658543586730957
Huperzine A,RBM3,0.42658495903015137
Huperzine A,GCLC,0.4265846610069275
Erastin,LIG4,0.4265824854373932
Chrysophanol,RAD51,0.4265821874141693
Emodin,RBM3,0.4265814423561096
Erastin,CDK2,0.4265812337398529
Huperzine A,CDKN2B,0.4265810549259186
Erastin,CREBBP,0.42658013105392456
Erastin,ATG5,0.42657989263534546
Schisandrin,E2F3,0.42657923698425293
Huperzine A,TERF1,0.42657893896102905
Shikonin,FTH1,0.42657893896102905
Erastin,EBF3,0.42657822370529175
Erastin,HDAC3,0.4265773594379425
Emodin,IGFBP3,0.42657700181007385
Huperzine A,EIF2A,0.42657631635665894
Erastin,CHEK2,0.4265761971473694
Huperzine A,TFAM,0.42657381296157837
Pinocembrin,GMFB,0.42657193541526794
Huperzine A,BRCA1,0.42657068371772766
Huperzine A,PRKAA1,0.4265706241130829
Salidroside,MAP1LC3B,0.4265696108341217
Salidroside,EIF2AK3,0.42656850814819336
Erastin,EP300,0.4265673756599426
Emodin,CCND1,0.4265667796134949
Erastin,SERPINE1,0.4265657067298889
Huperzine A,JAK2,0.4265655279159546
Emodin,STEAP3,0.4265654683113098
Epicatechin,MRE11,0.4265652894973755
Erastin,CREB1,0.42656514048576355
Emodin,HSPA5,0.42656487226486206
Naringenin,FOS,0.4265618622303009
Erastin,HERC2,0.4265618324279785
Catechin,MRE11,0.4265618324279785
Epicatechin,H2AX,0.4265618324279785
Pinocembrin,EMP1,0.426561564207077
Erastin,MMP2,0.42656129598617554
Emodin,MMP3,0.42656123638153076
Erastin,GSS,0.42656099796295166
Shikonin,FOS,0.4265608787536621
Emodin,XRCC5,0.42656078934669495
Epicatechin,MMP1,0.42656034231185913
Huperzine A,MAX,0.4265599548816681
Epicatechin,CRYAB,0.4265590012073517
Catechin,H2AX,0.42655837535858154
Epicatechin,FTL,0.42655739188194275
Pinocembrin,CCL2,0.4265569746494293
Pinocembrin,NBN,0.4265569746494293
Catechin,MMP1,0.42655688524246216
Erastin,PRNP,0.4265564978122711
Epicatechin,CXCL8,0.4265558421611786
Emodin,HDAC3,0.4265556335449219
Catechin,CRYAB,0.4265555739402771
Pinocembrin,CDK6,0.42655542492866516
Emodin,CHEK2,0.42655515670776367
Emodin,GABARAPL1,0.42655497789382935
Catechin,FTL,0.4265539348125458
Pinocembrin,CCNA2,0.4265536367893219
Salidroside,NUAK2,0.426552951335907
Catechin,CXCL8,0.4265523850917816
Erastin,FANCD2,0.4265511631965637
Pinocembrin,SELE,0.4265502989292145
Emodin,CDK2,0.42655012011528015
Huperzine A,RPS6KB1,0.4265482425689697
Emodin,EBF3,0.4265478551387787
Emodin,LIG4,0.4265466630458832
Pinocembrin,MAP1LC3B,0.4265454411506653
Emodin,ATG5,0.4265453517436981
Emodin,GSS,0.4265451431274414
Erastin,FOXO1,0.426544725894928
Epicatechin,ADIPOQ,0.4265446662902832
Emodin,CREBBP,0.42654430866241455
Erastin,HBP1,0.42654165625572205
Epicatechin,HMGA1,0.42654162645339966
Catechin,ADIPOQ,0.42654117941856384
Catechin,HMGA1,0.42653995752334595
Erastin,AKT1,0.42653948068618774
Emodin,EP300,0.42653822898864746
Erastin,FBXL5,0.4265381097793579
Pinocembrin,EIF2AK3,0.4265327751636505
Erastin,BNIP3,0.42653223872184753
Huperzine A,GMFB,0.4265305995941162
Emodin,SERPINE1,0.4265299141407013
Emodin,CREB1,0.42652928829193115
Huperzine A,EMP1,0.4265289604663849
Salidroside,FOS,0.42652785778045654
Erastin,TGFB1,0.42652782797813416
Erastin,TFAM,0.4265264868736267
Emodin,HERC2,0.4265260100364685
Emodin,MMP2,0.4265254735946655
Huperzine A,NBN,0.42652425169944763
Huperzine A,SLC7A11,0.42652297019958496
Emodin,PRNP,0.4265221059322357
Erastin,CCNE1,0.4265190660953522
Salidroside,CCNA2,0.4265187680721283
Huperzine A,CCL2,0.4265174865722656
Salidroside,PNPLA2,0.4265172481536865
Emodin,FANCD2,0.4265153408050537
Huperzine A,TGFB1,0.42651450634002686
Salidroside,FTH1,0.426512211561203
Emodin,TGFB1,0.4265105724334717
Pinocembrin,TGFB1,0.42651039361953735
Emodin,FOXO1,0.4265098571777344
Huperzine A,CDK6,0.4265083968639374
Epicatechin,COL1A2,0.42650753259658813
Huperzine A,SELE,0.42650753259658813
Huperzine A,TBX2,0.42650628089904785
Emodin,HBP1,0.42650583386421204
Catechin,COL1A2,0.42650580406188965
Huperzine A,ATM,0.4265040457248688
Emodin,AKT1,0.4265037178993225
Emodin,FBXL5,0.4265022873878479
Erastin,CDKN2B,0.42650049924850464
Naringenin,SIRT1,0.4264999032020569
Erastin,SLC40A1,0.42649897933006287
Epicatechin,TNFRSF1A,0.4264977276325226
Erastin,JAK2,0.42649662494659424
Emodin,BNIP3,0.4264964163303375
Erastin,LPIN2,0.4264962375164032
Erastin,GCLC,0.42649614810943604
Catechin,TNFRSF1A,0.42649608850479126
Erastin,PRKAA1,0.42649582028388977
Erastin,PTEN,0.42649486660957336
Pinocembrin,ICAM1,0.4264945983886719
Emodin,TFAM,0.42649418115615845
Epicatechin,CDKN2A,0.42649224400520325
Erastin,TERF1,0.4264916479587555
Catechin,CDKN2A,0.4264906048774719
Pinocembrin,NUAK2,0.4264904856681824
Erastin,CHEK1,0.42649033665657043
Erastin,MAX,0.4264864921569824
Erastin,EIF2A,0.42648446559906006
Emodin,CCNE1,0.42648324370384216
Shikonin,SIRT1,0.42648306488990784
Epicatechin,COL1A1,0.42647382616996765
Huperzine A,MAP1LC3B,0.42647266387939453
Catechin,COL1A1,0.42647209763526917
Epicatechin,BRCA2,0.42647162079811096
Catechin,BRCA2,0.4264698922634125
Huperzine A,EIF2AK3,0.4264669418334961
Erastin,EMP1,0.4264668822288513
Emodin,CDKN2B,0.42646467685699463
Erastin,RPS6KB1,0.4264639914035797
Emodin,SLC40A1,0.42646315693855286
Emodin,JAK2,0.426460862159729
Emodin,LPIN2,0.4264604151248932
Emodin,GCLC,0.4264603555202484
Emodin,PRKAA1,0.42645999789237976
Physcion,DPP4,0.42645955085754395
Emodin,PTEN,0.42645904421806335
Huperzine A,ICAM1,0.4264579713344574
Epicatechin,PPARGC1A,0.4264564514160156
Emodin,TERF1,0.4264558255672455
Catechin,PPARGC1A,0.42645469307899475
Emodin,CHEK1,0.4264545440673828
Emodin,MAX,0.4264506697654724
Erastin,NBN,0.4264496862888336
Emodin,EIF2A,0.42644864320755005
Erastin,BRCA1,0.42644378542900085
Pinocembrin,PNPLA2,0.42643970251083374
Huperzine A,CCNA2,0.42643919587135315
Erastin,GMFB,0.42643770575523376
Schisandrin,DPEP1,0.4264359772205353
Huperzine A,NUAK2,0.42643463611602783
Erastin,CCL2,0.42643386125564575
Emodin,EMP1,0.4264337122440338
Naringenin,RAD51,0.4264325201511383
Emodin,RPS6KB1,0.4264281690120697
Pinocembrin,TSC2,0.4264252781867981
Salidroside,SIRT1,0.4264245331287384
Epicatechin,GCLM,0.426423579454422
Catechin,GCLM,0.4264219403266907
Huperzine A,TSC2,0.42642098665237427
Pinocembrin,COL3A1,0.4264206290245056
Erastin,SELE,0.42641863226890564
Huperzine A,COL3A1,0.4264161288738251
Epicatechin,RELA,0.42641517519950867
Emodin,NBN,0.4264138638973236
Catechin,RELA,0.42641350626945496
Schisandrin,PTBP1,0.42641207575798035
Emodin,BRCA1,0.42640796303749084
Erastin,SLC7A11,0.4264078736305237
Erastin,CDK6,0.4264039695262909
Epicatechin,HDAC2,0.42640385031700134
Catechin,HDAC2,0.42640221118927
Pinocembrin,FTH1,0.42640191316604614
Emodin,GMFB,0.42640185356140137
Huperzine A,PNPLA2,0.42639976739883423
Epicatechin,SQSTM1,0.42639973759651184
Catechin,SQSTM1,0.4263980984687805
Emodin,CCL2,0.42639800906181335
Epicatechin,FOXO3,0.42639774084091187
Catechin,FOXO3,0.42639610171318054
Schisandrin,ICA1,0.4263942837715149
Epicatechin,HDAC1,0.42638975381851196
Catechin,HDAC1,0.42638808488845825
Epicatechin,LMNB1,0.4263872504234314
Catechin,LMNB1,0.4263856112957001
Schisandrin,SNCA,0.4263842701911926
Emodin,SELE,0.426382839679718
Pinocembrin,FOS,0.4263773560523987
Erastin,TBX2,0.4263754189014435
Huperzine A,FTH1,0.4263748526573181
Emodin,SLC7A11,0.42637208104133606
Erastin,ATM,0.4263685345649719
Emodin,CDK6,0.4263681471347809
Epicatechin,NFKB1,0.4263608157634735
Epicatechin,CD82,0.42636018991470337
Catechin,NFKB1,0.4263592064380646
Erastin,ICAM1,0.4263582229614258
Huperzine A,FOS,0.4263571798801422
Catechin,CD82,0.4263567328453064
Shikonin,RAD51,0.42635127902030945
Epicatechin,CDKN1B,0.42635074257850647
Catechin,CDKN1B,0.42634910345077515
Erastin,TSC2,0.4263453483581543
Erastin,COL3A1,0.4263397455215454
Emodin,TBX2,0.4263395667076111
Erastin,MAP1LC3B,0.42633897066116333
Erastin,EIF2AK3,0.42633822560310364
Schisandrin,MCU,0.4263368844985962
Epicatechin,CDK4,0.4263346195220947
Catechin,CDK4,0.426332950592041
Emodin,ATM,0.4263327121734619
Epicatechin,FN1,0.42632925510406494
Catechin,FN1,0.426327645778656
Emodin,ICAM1,0.426322340965271
Erastin,NUAK2,0.4263121783733368
Schisandrin,PADI4,0.42631015181541443
Emodin,TSC2,0.4263094961643219
Emodin,COL3A1,0.4263039529323578
Emodin,MAP1LC3B,0.4263031780719757
Emodin,EIF2AK3,0.426302433013916
Pinocembrin,SIRT1,0.4263010621070862
Epicatechin,MMP10,0.4263007342815399
Catechin,MMP10,0.42629727721214294
Schisandrin,HERPUD1,0.42629700899124146
Epicatechin,CDKN1A,0.42629027366638184
Catechin,CDKN1A,0.4262886047363281
Schisandrin,ERN1,0.42628800868988037
Epicatechin,NCOA4,0.42628464102745056
Huperzine A,SIRT1,0.42628440260887146
Catechin,NCOA4,0.42628297209739685
Erastin,CCNA2,0.4262826442718506
Erastin,PNPLA2,0.4262775182723999
Epicatechin,BRD4,0.42627665400505066
Emodin,NUAK2,0.4262763559818268
Catechin,BRD4,0.42627501487731934
Epicatechin,BAP1,0.42627063393592834
Epicatechin,BNIP3L,0.42626893520355225
Erastin,FOS,0.42626816034317017
Catechin,BNIP3L,0.4262672960758209
Catechin,BAP1,0.42626717686653137
Erastin,FTH1,0.42626309394836426
Epicatechin,VEGFA,0.4262586236000061
Epicatechin,ATR,0.4262584149837494
Catechin,VEGFA,0.4262569844722748
Catechin,ATR,0.4262567162513733
Emodin,CCNA2,0.4262467622756958
Epicatechin,PRKAA2,0.4262458086013794
Catechin,PRKAA2,0.42624416947364807
Emodin,PNPLA2,0.42624175548553467
Salidroside,RAD51,0.42624104022979736
Epicatechin,MMP9,0.4262336790561676
Emodin,FOS,0.42623281478881836
Catechin,MMP9,0.4262320399284363
Epicatechin,GPX4,0.42622944712638855
Catechin,GPX4,0.4262278079986572
Epicatechin,SIRT6,0.42622771859169006
Emodin,FTH1,0.426227331161499
Catechin,SIRT6,0.42622601985931396
Pinocembrin,RAD51,0.42621996998786926
Physcion,NR2F2,0.42621922492980957
Epicatechin,LIG3,0.42621639370918274
Catechin,LIG3,0.42621472477912903
Epicatechin,ATF2,0.42621418833732605
Catechin,ATF2,0.4262125790119171
Epicatechin,TP53,0.426211953163147
Catechin,TP53,0.42621028423309326
Schisandrin,ACVR1B,0.42620280385017395
Epicatechin,MAPK8,0.4262026846408844
Catechin,MAPK8,0.4262010157108307
Epicatechin,STAT1,0.42619985342025757
Catechin,STAT1,0.4261963665485382
Epicatechin,VCAM1,0.4261947572231293
Catechin,VCAM1,0.42619311809539795
Epicatechin,VDAC2,0.42619144916534424
Hesperetin,LACTB,0.42619019746780396
Catechin,VDAC2,0.4261897802352905
ML162,LACTB,0.426179975271225
Epicatechin,HSPD1,0.42616698145866394
Catechin,HSPD1,0.4261653423309326
Erastin,SIRT1,0.42616352438926697
Epicatechin,MDM4,0.4261549115180969
Catechin,MDM4,0.426153302192688
Epicatechin,SLAMF8,0.426150918006897
Catechin,SLAMF8,0.4261493384838104
Epicatechin,HMGA2,0.42614075541496277
Catechin,HMGA2,0.4261372983455658
Epicatechin,RAD50,0.42613425850868225
Catechin,RAD50,0.4261326193809509
Huperzine A,RAD51,0.42613106966018677
Emodin,SIRT1,0.42612767219543457
Epicatechin,CCNB1,0.42612239718437195
Catechin,CCNB1,0.4261207580566406
Epicatechin,MMP12,0.4261174201965332
Epicatechin,TRIB3,0.426115483045578
Epicatechin,GADD45A,0.426114559173584
Catechin,MMP12,0.42611390352249146
Catechin,TRIB3,0.4261138141155243
Catechin,GADD45A,0.4261128604412079
Schisandrin,SPATA2,0.4261128604412079
Epicatechin,ATG7,0.4261116087436676
Catechin,ATG7,0.4261099696159363
Epicatechin,CD38,0.42609837651252747
Catechin,CD38,0.42609676718711853
Epicatechin,PRKDC,0.4260965585708618
Catechin,PRKDC,0.4260949194431305
Epicatechin,IGFBP5,0.426090806722641
Catechin,IGFBP5,0.4260891377925873
Epicatechin,MAPK3,0.42608335614204407
Catechin,MAPK3,0.42608171701431274
Epicatechin,MTOR,0.4260793626308441
Catechin,MTOR,0.4260777235031128
Epicatechin,ALOX5,0.42607468366622925
Epicatechin,TSC1,0.426074355840683
Epicatechin,CSE1L,0.42607390880584717
Catechin,ALOX5,0.4260730445384979
Catechin,TSC1,0.42607271671295166
Epicatechin,NFE2L2,0.4260726273059845
Catechin,CSE1L,0.42607226967811584
Catechin,NFE2L2,0.4260709583759308
Epicatechin,ACSL3,0.42606985569000244
Epicatechin,XRCC1,0.4260692298412323
Catechin,ACSL3,0.4260682165622711
Catechin,XRCC1,0.426067590713501
Epicatechin,JUN,0.4260670244693756
Catechin,JUN,0.4260653853416443
Epicatechin,SNAI1,0.42606186866760254
Catechin,SNAI1,0.4260602295398712
Epicatechin,GADD45B,0.42605942487716675
Catechin,GADD45B,0.4260577857494354
Epicatechin,CHAC1,0.4260534346103668
Epicatechin,TERT,0.42605119943618774
Catechin,CHAC1,0.42604994773864746
Catechin,TERT,0.4260495603084564
Artemisinin,SETD7,0.4260416328907013
Epicatechin,CDO1,0.42603668570518494
Catechin,CDO1,0.42603322863578796
Schisandrin,ABCC1,0.42602285742759705
Epicatechin,ATF4,0.42600154876708984
Catechin,ATF4,0.4259999096393585
Hesperetin,RGS4,0.4259984493255615
Epicatechin,SLC3A2,0.42599472403526306
Catechin,SLC3A2,0.42599308490753174
Epicatechin,BLM,0.42599204182624817
Catechin,BLM,0.42599040269851685
Schisandrin,SAT1,0.4259894788265228
Epicatechin,RB1,0.425987184047699
Catechin,RB1,0.42598554491996765
Epicatechin,PLIN2,0.42598485946655273
Hesperetin,KLF6,0.42598411440849304
Catechin,PLIN2,0.4259832203388214
Epicatechin,STAT3,0.4259795844554901
Catechin,STAT3,0.4259779453277588
Epicatechin,XRCC6,0.4259759783744812
Catechin,XRCC6,0.4259743392467499
Epicatechin,GSS,0.425972580909729
Catechin,GSS,0.4259709417819977
Epicatechin,HSPA5,0.42596375942230225
RSL3,SETD7,0.42596352100372314
Epicatechin,CCND1,0.4259626269340515
Catechin,HSPA5,0.42596209049224854
Epicatechin,MNT,0.42596206068992615
Catechin,CCND1,0.4259609878063202
Catechin,MNT,0.4259604215621948
Erastin,RAD51,0.425956130027771
Epicatechin,HDAC3,0.42595526576042175
Epicatechin,CHEK2,0.42595499753952026
Catechin,HDAC3,0.42595362663269043
Catechin,CHEK2,0.42595335841178894
Epicatechin,GABARAP,0.4259447455406189
Catechin,GABARAP,0.4259431064128876
Epicatechin,LPIN1,0.4259282648563385
Catechin,LPIN1,0.4259266257286072
Epicatechin,IL10,0.42592108249664307
Emodin,RAD51,0.425920307636261
Catechin,IL10,0.42591944336891174
Epicatechin,STEAP3,0.42591843008995056
Catechin,STEAP3,0.42591676115989685
Epicatechin,EP300,0.42590242624282837
Catechin,EP300,0.42590075731277466
Epicatechin,IL1A,0.425898939371109
Catechin,IL1A,0.42589545249938965
Epicatechin,IL18,0.42589107155799866
RSL3,CAVIN1,0.42589038610458374
Epicatechin,DDIT3,0.4258895218372345
Catechin,IL18,0.42588943243026733
Catechin,DDIT3,0.4258878827095032
Epicatechin,TNF,0.42587974667549133
Catechin,TNF,0.42587628960609436
Epicatechin,VDAC3,0.425868421792984
Epicatechin,IGFBP3,0.4258671998977661
Epicatechin,ALOX12,0.42586708068847656
Catechin,VDAC3,0.4258667826652527
Catechin,IGFBP3,0.4258655607700348
Epicatechin,PARP1,0.4258650541305542
Catechin,ALOX12,0.4258635938167572
Catechin,PARP1,0.4258615970611572
Schisandrin,COX7A1,0.42585813999176025
Epicatechin,CREB1,0.425857275724411
Epicatechin,TIMP2,0.42585623264312744
Catechin,CREB1,0.4258556365966797
Catechin,TIMP2,0.42585453391075134
Epicatechin,MMP2,0.42585042119026184
Epicatechin,GOT1,0.42584970593452454
Catechin,MMP2,0.4258487820625305
Epicatechin,BECN1,0.42584875226020813
Catechin,BECN1,0.4258471131324768
Catechin,GOT1,0.4258461892604828
Epicatechin,HSP90AA1,0.4258442223072052
Epicatechin,TERF2,0.42584162950515747
Catechin,HSP90AA1,0.4258407652378082
Catechin,TERF2,0.42583996057510376
Epicatechin,XRCC5,0.42583850026130676
Catechin,XRCC5,0.42583686113357544
Epicatechin,HERC2,0.4258355498313904
Epicatechin,SERPINE1,0.42583468556404114
Catechin,HERC2,0.42583391070365906
Catechin,SERPINE1,0.4258330166339874
Epicatechin,CREBBP,0.425830215215683
Catechin,CREBBP,0.4258285462856293
Epicatechin,GABARAPL1,0.4258274435997009
Catechin,GABARAPL1,0.4258258044719696
Epicatechin,LIG4,0.425810843706131
Catechin,LIG4,0.42580920457839966
Epicatechin,FANCD2,0.42580798268318176
Catechin,FANCD2,0.42580634355545044
Epicatechin,ACSL4,0.4258056581020355
Hesperetin,DUOX1,0.42580488324165344
Catechin,ACSL4,0.42580321431159973
Hesperetin,LOX,0.4257987439632416
Epicatechin,CCNE1,0.4257854223251343
Catechin,CCNE1,0.4257837235927582
Epicatechin,FBXL5,0.4257834255695343
Catechin,FBXL5,0.425781786441803
Epicatechin,AKT1,0.42578041553497314
Catechin,AKT1,0.42577871680259705
Epicatechin,SESN2,0.425765722990036
Epicatechin,SLC39A8,0.42576462030410767
Catechin,SESN2,0.42576226592063904
Catechin,SLC39A8,0.4257611334323883
Epicatechin,BNIP3,0.42576083540916443
Catechin,BNIP3,0.4257591962814331
Epicatechin,HBP1,0.42575883865356445
Catechin,HBP1,0.42575713992118835
Epicatechin,ATG5,0.4257521331310272
Epicatechin,MMP3,0.4257503151893616
Catechin,ATG5,0.42574867606163025
Catechin,MMP3,0.4257468581199646
ML162,DUOX1,0.4257461428642273
Epicatechin,WRN,0.425742506980896
Physcion,LACTB,0.4257422983646393
Catechin,WRN,0.42573899030685425
Hesperetin,FOXO4,0.42572224140167236
Epicatechin,CHEK1,0.4257201552391052
Catechin,CHEK1,0.4257185161113739
Hesperetin,MDM2,0.4257119596004486
Schisandrin,DYRK1A,0.42571043968200684
ML162,KLF6,0.4257097840309143
Epicatechin,BRCA1,0.42569950222969055
Schisandrin B,SETD7,0.42569947242736816
Epicatechin,CDK2,0.425698459148407
Catechin,BRCA1,0.42569786310195923
Epicatechin,LPIN2,0.4256974458694458
Catechin,LPIN2,0.4256957769393921
Catechin,CDK2,0.4256949722766876
Epicatechin,PRNP,0.4256926476955414
Epicatechin,FOXO1,0.4256901443004608
Catechin,PRNP,0.4256891906261444
Catechin,FOXO1,0.42568668723106384
Epicatechin,PTEN,0.4256863296031952
Catechin,PTEN,0.4256846308708191
Schisandrin B,CAVIN1,0.4256841540336609
Epicatechin,GCLC,0.42567703127861023
Catechin,GCLC,0.4256746172904968
Epicatechin,SLC40A1,0.4256742000579834
Epicatechin,EIF2A,0.42567116022109985
Catechin,SLC40A1,0.4256707429885864
Catechin,EIF2A,0.42566952109336853
Hesperetin,E2F2,0.42566853761672974
Epicatechin,CDKN2B,0.42566680908203125
Epicatechin,TERF1,0.4256665110588074
Catechin,CDKN2B,0.4256632924079895
Catechin,TERF1,0.4256630539894104
Hesperetin,MYC,0.42565691471099854
Epicatechin,EBF3,0.42565402388572693
Epicatechin,PRKAA1,0.42565080523490906
Catechin,EBF3,0.4256505072116852
Catechin,PRKAA1,0.4256473183631897
Hesperetin,CBS,0.42564430832862854
Epicatechin,RBM3,0.42564404010772705
Epicatechin,TFAM,0.42564308643341064
Epicatechin,JAK2,0.4256424307823181
Catechin,RBM3,0.4256405234336853
Artemisinin,CAVIN1,0.4256400763988495
Catechin,TFAM,0.42563962936401367
Catechin,JAK2,0.42563894391059875
Epicatechin,MAX,0.42563724517822266
Catechin,MAX,0.4256337583065033
Epicatechin,SLC7A11,0.4256330728530884
Catechin,SLC7A11,0.42563143372535706
Epicatechin,TBX2,0.42563095688819885
Epicatechin,RPS6KB1,0.4256298840045929
Catechin,TBX2,0.42562931776046753
Epicatechin,ATM,0.4256264865398407
Catechin,RPS6KB1,0.4256264269351959
Catechin,ATM,0.4256248474121094
Epicatechin,GMFB,0.42561405897140503
ML162,LOX,0.42561113834381104
Catechin,GMFB,0.42561060190200806
Epicatechin,EMP1,0.4256036877632141
Catechin,EMP1,0.42560023069381714
Epicatechin,CCL2,0.4255991578102112
Epicatechin,NBN,0.4255991280078888
Epicatechin,CDK6,0.425595760345459
Catechin,CCL2,0.4255956709384918
Catechin,NBN,0.4255956709384918
Catechin,CDK6,0.42559412121772766
Epicatechin,CCNA2,0.4255940318107605
Epicatechin,SELE,0.42559248208999634
Catechin,CCNA2,0.4255923926830292
Catechin,SELE,0.42558902502059937
Epicatechin,MAP1LC3B,0.4255858063697815
Catechin,MAP1LC3B,0.42558416724205017
Epicatechin,EIF2AK3,0.4255731701850891
Catechin,EIF2AK3,0.425571471452713
Epicatechin,TGFB1,0.4255525767803192
Catechin,TGFB1,0.42554911971092224
Epicatechin,ICAM1,0.4255368113517761
Catechin,ICAM1,0.42553332448005676
Epicatechin,NUAK2,0.42553091049194336
Catechin,NUAK2,0.42552924156188965
ML162,MDM2,0.4255281686782837
Hesperetin,TIMP1,0.425490140914917
Epicatechin,PNPLA2,0.4254801869392395
Hesperetin,HSPB1,0.4254794418811798
Catechin,PNPLA2,0.4254784882068634
Epicatechin,TSC2,0.42546752095222473
Catechin,TSC2,0.42546403408050537
Epicatechin,COL3A1,0.42546287178993225
Catechin,COL3A1,0.4254593849182129
Epicatechin,FTH1,0.42544418573379517
Catechin,FTH1,0.4254406988620758
Hesperetin,ABCC2,0.42542028427124023
Epicatechin,FOS,0.4254196286201477
Hesperetin,PCNA,0.42541953921318054
Catechin,FOS,0.42541614174842834
Hesperetin,MMP13,0.4254133403301239
Hesperetin,FABP5,0.42540857195854187
Physcion,KLF6,0.4254072308540344
Hesperetin,MAP1LC3A,0.4253551661968231
Epicatechin,SIRT1,0.4253433644771576
Catechin,SIRT1,0.4253399074077606
Hesperetin,MRE11,0.42533180117607117
Hesperetin,H2AX,0.42532825469970703
Hesperetin,MMP1,0.42532652616500854
Hesperetin,CRYAB,0.4253251552581787
Hesperetin,FTL,0.4253234267234802
Hesperetin,CXCL8,0.42532244324684143
Physcion,DUOX1,0.4253166913986206
Hesperetin,HMGA1,0.4253118634223938
Hesperetin,ADIPOQ,0.4253109097480774
Hesperetin,COL1A2,0.4252752959728241
ML162,MRE11,0.42527106404304504
ML162,CRYAB,0.4252707362174988
Hesperetin,TNFRSF1A,0.4252682328224182
ML162,H2AX,0.42526745796203613
ML162,MMP1,0.4252653419971466
ML162,CXCL8,0.42526140809059143
Epicatechin,RAD51,0.4252605438232422
Hesperetin,CDKN2A,0.42526042461395264
ML162,ADIPOQ,0.42525917291641235
Catechin,RAD51,0.42525890469551086
ML162,FTL,0.4252566695213318
Hesperetin,COL1A1,0.4252416789531708
Hesperetin,BRCA2,0.4252394139766693
Dihydroartemisinin,DPP4,0.42523300647735596
ML162,RGS4,0.42523300647735596
Hesperetin,PPARGC1A,0.425224244594574
Hesperetin,GCLM,0.42519432306289673
Hesperetin,CD82,0.4251894950866699
Hesperetin,RELA,0.4251861572265625
Physcion,RGS4,0.425178200006485
Hesperetin,HDAC2,0.4251739978790283
Hesperetin,SQSTM1,0.425169974565506
Hesperetin,FOXO3,0.4251682162284851
Hesperetin,HDAC1,0.4251604974269867
Hesperetin,LMNB1,0.42515766620635986
Physcion,MDM2,0.4251425862312317
Physcion,LOX,0.42514124512672424
Hesperetin,NFKB1,0.42513200640678406
Hesperetin,CDKN1B,0.4251216650009155
Hesperetin,CDK4,0.42510586977005005
Hesperetin,FN1,0.4250980317592621
Hesperetin,MMP10,0.4250652492046356
Hesperetin,CDKN1A,0.4250618815422058
Hesperetin,NCOA4,0.42505428194999695
Hesperetin,BRD4,0.42504602670669556
Hesperetin,BNIP3L,0.42504170536994934
Hesperetin,BAP1,0.4250347912311554
Hesperetin,VEGFA,0.42503008246421814
Hesperetin,ATR,0.42502912878990173
Hesperetin,PRKAA2,0.42501717805862427
ML162,FOXO4,0.42500635981559753
Hesperetin,MMP9,0.4250055253505707
Hesperetin,GPX4,0.4250006675720215
ML162,MAP1LC3A,0.42500054836273193
Hesperetin,SIRT6,0.4249972701072693
Hesperetin,LIG3,0.4249863028526306
Hesperetin,ATF2,0.4249840974807739
Dihydroartemisinin,NR2F2,0.42498382925987244
Hesperetin,TP53,0.42498332262039185
Hesperetin,MAPK8,0.4249720871448517
Hesperetin,VCAM1,0.424966961145401
Hesperetin,STAT1,0.42496436834335327
Hesperetin,VDAC2,0.4249618649482727
ML162,MYC,0.42494216561317444
Hesperetin,HSPD1,0.4249376654624939
Physcion,FOXO4,0.42493319511413574
Hesperetin,MDM4,0.424927294254303
ML162,E2F2,0.42492708563804626
Hesperetin,SLAMF8,0.424923300743103
ML162,CBS,0.42492321133613586
ML162,CD82,0.42490890622138977
Hesperetin,HMGA2,0.4249052107334137
Hesperetin,RAD50,0.42490434646606445
Hesperetin,CCNB1,0.4248921275138855
Hesperetin,TRIB3,0.42488574981689453
Hesperetin,GADD45A,0.4248850643634796
Hesperetin,ATG7,0.4248831868171692
Hesperetin,MMP12,0.4248829185962677
Physcion,CRYAB,0.42487671971321106
Physcion,E2F2,0.42486974596977234
Hesperetin,CD38,0.42486950755119324
Physcion,MRE11,0.42486855387687683
Hesperetin,PRKDC,0.4248674213886261
Physcion,H2AX,0.4248650074005127
Physcion,MMP1,0.4248638153076172
Physcion,ADIPOQ,0.4248623549938202
Hesperetin,IGFBP5,0.42486071586608887
Physcion,CXCL8,0.42485886812210083
Physcion,FTL,0.4248550832271576
Physcion,MYC,0.42485493421554565
Hesperetin,MAPK3,0.42485469579696655
ML162,HSPB1,0.42485111951828003
Hesperetin,MTOR,0.4248501658439636
Hesperetin,ALOX5,0.42484650015830994
Hesperetin,TSC1,0.42484572529792786
Hesperetin,NFE2L2,0.4248447120189667
Hesperetin,CSE1L,0.4248441755771637
Hesperetin,XRCC1,0.4248417317867279
Hesperetin,ACSL3,0.4248412549495697
Hesperetin,JUN,0.42483919858932495
Physcion,CBS,0.42483630776405334
Hesperetin,SNAI1,0.42483335733413696
Hesperetin,GADD45B,0.42483171820640564
Hesperetin,TERT,0.4248223304748535
ML162,TIMP1,0.42481958866119385
Hesperetin,CDO1,0.4248184859752655
Hesperetin,CHAC1,0.42481836676597595
Artemisinin,DPP4,0.4248078763484955
Schisandrin,SETD7,0.4248009920120239
Hesperetin,ATF4,0.42477303743362427
Hesperetin,SLC3A2,0.42476657032966614
Hesperetin,BLM,0.4247635304927826
Hesperetin,RB1,0.4247594177722931
Hesperetin,PLIN2,0.42475616931915283
Hesperetin,STAT3,0.4247512221336365
Hesperetin,XRCC6,0.4247482419013977
Hesperetin,GSS,0.42474281787872314
Hesperetin,HSPA5,0.4247347414493561
Hesperetin,MNT,0.4247344732284546
Hesperetin,CCND1,0.42473363876342773
Hesperetin,HDAC3,0.4247259199619293
Hesperetin,CHEK2,0.42472562193870544
ML162,HMGA1,0.4247206449508667
Hesperetin,GABARAP,0.4247170090675354
ML162,PCNA,0.4247104823589325
Hesperetin,LPIN1,0.42470112442970276
Physcion,HSPB1,0.4246941804885864
Hesperetin,IL10,0.42469358444213867
Hesperetin,STEAP3,0.424689918756485
Physcion,TIMP1,0.4246894121170044
Hesperetin,EP300,0.42467376589775085
ML162,MMP10,0.4246698021888733
ML162,GCLM,0.4246656894683838
Hesperetin,IL1A,0.42466506361961365
Hesperetin,IL18,0.4246632754802704
Hesperetin,DDIT3,0.4246618449687958
ML162,BAP1,0.42465898394584656
Physcion,MAP1LC3A,0.4246482253074646
Hesperetin,TNF,0.4246465861797333
Hesperetin,VDAC3,0.42464134097099304
Hesperetin,IGFBP3,0.4246397018432617
Hesperetin,ALOX12,0.4246349036693573
Hesperetin,PARP1,0.42463016510009766
Hesperetin,CREB1,0.42462921142578125
Hesperetin,TIMP2,0.42462918162345886
ML162,FABP5,0.42462387681007385
Hesperetin,MMP2,0.42462241649627686
Hesperetin,BECN1,0.42462158203125
ML162,MMP13,0.42461735010147095
Hesperetin,GOT1,0.42461538314819336
ML162,ABCC2,0.4246152937412262
Hesperetin,TERF2,0.4246145188808441
ML162,TNFRSF1A,0.42461371421813965
Hesperetin,XRCC5,0.42461100220680237
Hesperetin,HSP90AA1,0.4246094524860382
Hesperetin,HERC2,0.42460790276527405
Hesperetin,SERPINE1,0.4246068596839905
Hesperetin,CREBBP,0.4246026575565338
Hesperetin,GABARAPL1,0.4246000647544861
Physcion,PCNA,0.42458897829055786
Hesperetin,LIG4,0.4245836138725281
Hesperetin,FANCD2,0.4245804250240326
Hesperetin,ACSL4,0.42457816004753113
ML162,CDO1,0.4245695471763611
ML162,STAT1,0.424560546875
Hesperetin,CCNE1,0.42455756664276123
Hesperetin,FBXL5,0.42455601692199707
Schisandrin,CAVIN1,0.4245557188987732
Hesperetin,AKT1,0.4245529770851135
ML162,RELA,0.4245487451553345
Physcion,ABCC2,0.4245486855506897
Physcion,MMP13,0.42454445362091064
Physcion,FABP5,0.4245443642139435
Artemisinin,NR2F2,0.4245423972606659
Hesperetin,BNIP3,0.4245336353778839
Hesperetin,HBP1,0.4245317578315735
Hesperetin,SLC39A8,0.42453113198280334
Hesperetin,SESN2,0.42453092336654663
ML162,BNIP3L,0.4245220422744751
Hesperetin,ATG5,0.4245203137397766
ML162,HDAC1,0.4245174825191498
Physcion,HMGA1,0.42451566457748413
ML162,NFKB1,0.42451542615890503
Hesperetin,MMP3,0.4245152473449707
Hesperetin,WRN,0.42450931668281555
ML162,VEGFA,0.4245092272758484
Hesperetin,CHEK1,0.4244929850101471
ML162,PRKAA2,0.4244920313358307
ML162,MMP12,0.42449143528938293
ML162,CDK4,0.4244896471500397
ML162,HDAC2,0.4244842231273651
ML162,SQSTM1,0.4244835376739502
Hesperetin,BRCA1,0.42447203397750854
Hesperetin,LPIN2,0.42447057366371155
Hesperetin,CDK2,0.4244646430015564
ML162,FOXO3,0.42445969581604004
Hesperetin,PTEN,0.4244595170021057
Hesperetin,PRNP,0.42445844411849976
Hesperetin,FOXO1,0.42445579171180725
Dihydroartemisinin,LACTB,0.4244554340839386
Hesperetin,GCLC,0.4244496822357178
ML162,HMGA2,0.42444926500320435
ML162,CDKN2A,0.424447625875473
ML162,COL1A2,0.4244466722011566
Hesperetin,EIF2A,0.4244445264339447
Hesperetin,SLC40A1,0.4244436025619507
ML162,LMNB1,0.42444127798080444
ML162,VCAM1,0.4244380593299866
ML162,COL1A1,0.42443594336509705
Hesperetin,TERF1,0.4244355261325836
ML162,BRCA2,0.424434095621109
ML162,CDKN1B,0.4244321584701538
Hesperetin,CDKN2B,0.4244321584701538
Physcion,TNFRSF1A,0.424430787563324
ML162,CDKN1A,0.4244239032268524
Hesperetin,EBF3,0.4244193732738495
Hesperetin,PRKAA1,0.42441636323928833
Physcion,GCLM,0.4244147837162018
Physcion,CD82,0.4244121015071869
Hesperetin,RBM3,0.4244120717048645
Hesperetin,TFAM,0.42440932989120483
Hesperetin,JAK2,0.4244081676006317
Hesperetin,SLC7A11,0.42440614104270935
Hesperetin,TBX2,0.42440369725227356
Hesperetin,MAX,0.4244028627872467
ML162,MMP9,0.4244016706943512
Hesperetin,ATM,0.42439910769462585
Physcion,COL1A2,0.4243957996368408
Hesperetin,RPS6KB1,0.4243953227996826
ML162,CHAC1,0.4243859648704529
ML162,SLAMF8,0.42438578605651855
ML162,PPARGC1A,0.42438510060310364
Hesperetin,GMFB,0.42438432574272156
Hesperetin,EMP1,0.42436981201171875
Hesperetin,CDK6,0.4243691563606262
Hesperetin,CCNA2,0.42436620593070984
Physcion,COL1A1,0.42436516284942627
Hesperetin,NBN,0.4243648648262024
Hesperetin,CCL2,0.42436474561691284
Physcion,BRCA2,0.4243628680706024
Physcion,CDKN2A,0.4243614673614502
Hesperetin,MAP1LC3B,0.42435863614082336
Hesperetin,SELE,0.42435795068740845
ML162,TP53,0.42435693740844727
ML162,GPX4,0.42435556650161743
ML162,MDM4,0.42435383796691895
Physcion,PPARGC1A,0.4243476092815399
ML162,ATR,0.4243469834327698
Hesperetin,EIF2AK3,0.42434611916542053
Physcion,RELA,0.42434197664260864
ML162,ALOX12,0.42433494329452515
Hesperetin,TGFB1,0.42432060837745667
ML162,NCOA4,0.4243190586566925
Physcion,MMP10,0.42431750893592834
Physcion,HDAC1,0.42431244254112244
Physcion,HDAC2,0.4243096709251404
Physcion,BAP1,0.4243066906929016
Physcion,SQSTM1,0.42430517077445984
Hesperetin,NUAK2,0.42430412769317627
Hesperetin,ICAM1,0.42430227994918823
ML162,FN1,0.4242975115776062
Physcion,FOXO3,0.42429643869400024
Physcion,NFKB1,0.4242917597293854
ML162,BRD4,0.4242892861366272
Physcion,LMNB1,0.4242824912071228
ML162,XRCC1,0.42427411675453186
ML162,TNF,0.4242682158946991
ML162,HSPD1,0.4242681562900543
ML162,JUN,0.4242646396160126
ML162,ATF2,0.4242640435695648
ML162,GADD45B,0.42426249384880066
Physcion,CDK4,0.42426055669784546
ML162,LIG3,0.42425593733787537
Hesperetin,PNPLA2,0.4242536425590515
ML162,ACSL3,0.4242529571056366
ML162,NFE2L2,0.4242517650127411
ML162,ATG7,0.4242510497570038
Physcion,CDKN1B,0.4242503046989441
ML162,VDAC2,0.42424842715263367
ML162,SNAI1,0.424244225025177
ML162,IL1A,0.42423945665359497
ML162,SIRT6,0.42423713207244873
Hesperetin,TSC2,0.4242337942123413
Hesperetin,COL3A1,0.42422914505004883
ML162,ALOX5,0.42422592639923096
Physcion,BNIP3L,0.4242258369922638
Physcion,VEGFA,0.4242214262485504
ML162,CD38,0.42421838641166687
ML162,TSC1,0.4242137372493744
ML162,MAPK3,0.4242112934589386
Hesperetin,FTH1,0.42421120405197144
Physcion,STAT1,0.42420831322669983
Physcion,PRKAA2,0.4242047369480133
Physcion,CDKN1A,0.4242035448551178
ML162,MAPK8,0.4241982698440552
ML162,PRKDC,0.4241862893104553
Hesperetin,FOS,0.4241858124732971
Physcion,FN1,0.42417582869529724
ML162,TERT,0.424173504114151
ML162,GADD45A,0.4241708517074585
ML162,LPIN1,0.4241693615913391
ML162,IL10,0.42416897416114807
ML162,XRCC6,0.4241679310798645
ML162,MTOR,0.424167275428772
ML162,RAD50,0.42416489124298096
ML162,RB1,0.4241648018360138
ML162,TRIB3,0.4241636395454407
ML162,MNT,0.4241603910923004
Physcion,NCOA4,0.4241601824760437
Physcion,MMP9,0.42415687441825867
Physcion,ATR,0.4241509437561035
ML162,SLC3A2,0.4241464138031006
Physcion,VCAM1,0.4241431951522827
RSL3,DPP4,0.42414313554763794
ML162,GABARAP,0.4241419732570648
ML162,BLM,0.42414167523384094
Dihydroartemisinin,KLF6,0.4241415858268738
Physcion,MMP12,0.42413973808288574
Physcion,BRD4,0.4241389334201813
ML162,GOT1,0.4241383373737335
ML162,CCNB1,0.424137145280838
Physcion,GPX4,0.42413100600242615
ML162,PARP1,0.4241276979446411
ML162,ATF4,0.4241255521774292
ML162,WRN,0.4241199493408203
Physcion,TP53,0.4241190254688263
ML162,SLC39A8,0.4241185188293457
ML162,STAT3,0.42411696910858154
ML162,IGFBP5,0.42411577701568604
ML162,CSE1L,0.4241155982017517
ML162,HSP90AA1,0.4241126775741577
Physcion,HMGA2,0.42411214113235474
ML162,VDAC3,0.4241110682487488
Physcion,CDO1,0.4241107106208801
Hesperetin,SIRT1,0.42410922050476074
ML162,TIMP2,0.42409563064575195
Physcion,ATF2,0.4240935146808624
ML162,PLIN2,0.42409077286720276
Physcion,SLAMF8,0.4240887463092804
Physcion,LIG3,0.4240855872631073
Physcion,SIRT6,0.4240826666355133
Physcion,MDM4,0.4240729510784149
ML162,RBM3,0.4240693747997284
ML162,IL18,0.42406710982322693
ML162,SESN2,0.42406630516052246
Physcion,VDAC2,0.4240640699863434
ML162,TERF2,0.42406147718429565
Schisandrin B,DPP4,0.4240584969520569
ML162,BECN1,0.4240570664405823
Physcion,HSPD1,0.42405420541763306
ML162,DDIT3,0.424053817987442
ML162,ACSL4,0.42405086755752563
Physcion,MAPK8,0.4240478575229645
ML162,IGFBP3,0.42404040694236755
ML162,CCND1,0.4240361452102661
ML162,STEAP3,0.42403537034988403
ML162,HSPA5,0.4240342378616333
Physcion,CHAC1,0.4240337014198303
Hesperetin,RAD51,0.424032986164093
Artemisinin,LACTB,0.42403268814086914
Dihydroartemisinin,LOX,0.4240284264087677
ML162,XRCC5,0.4240269660949707
ML162,HDAC3,0.42402467131614685
ML162,MMP3,0.4240245819091797
ML162,CHEK2,0.42402416467666626
ML162,EBF3,0.42401963472366333
ML162,GABARAPL1,0.424017071723938
ML162,GSS,0.4240138530731201
ML162,CREBBP,0.4240100383758545
ML162,EP300,0.42400798201560974
ML162,LIG4,0.4240068793296814
ML162,CDK2,0.4240063726902008
Physcion,ATG7,0.4240036606788635
ML162,ATG5,0.42400163412094116
ML162,CREB1,0.4239986538887024
ML162,SERPINE1,0.42399752140045166
Dihydroartemisinin,DUOX1,0.42399653792381287
ML162,MMP2,0.4239952266216278
ML162,HERC2,0.4239921271800995
Physcion,ACSL3,0.42398959398269653
Physcion,CD38,0.42398712038993835
ML162,TGFB1,0.4239870607852936
Physcion,RAD50,0.42398330569267273
ML162,FANCD2,0.4239821135997772
Physcion,SNAI1,0.42397937178611755
ML162,PRNP,0.42397841811180115
Physcion,JUN,0.42397841811180115
Physcion,XRCC1,0.42397764325141907
Physcion,GADD45A,0.4239773154258728
Physcion,NFE2L2,0.42397722601890564
Physcion,GADD45B,0.42397138476371765
Physcion,PRKDC,0.4239712059497833
Physcion,MAPK3,0.42397087812423706
Physcion,TRIB3,0.4239698052406311
ML162,AKT1,0.4239676892757416
Physcion,TSC1,0.4239676296710968
ML162,HBP1,0.4239666759967804
ML162,FBXL5,0.4239664077758789
ML162,FOXO1,0.4239661991596222
Physcion,CCNB1,0.42396578192710876
Physcion,ALOX5,0.423964262008667
ML162,BNIP3,0.4239569902420044
ML162,CCNE1,0.42395299673080444
ML162,TFAM,0.4239504635334015
Physcion,MTOR,0.4239489436149597
Physcion,ALOX12,0.4239400327205658
Physcion,IGFBP5,0.4239364266395569
Physcion,TERT,0.4239324927330017
Physcion,CSE1L,0.4239228069782257
ML162,CDKN2B,0.4239210784435272
Dihydroartemisinin,RGS4,0.4239194393157959
ML162,SLC40A1,0.4239194095134735
ML162,LPIN2,0.4239182472229004
ML162,JAK2,0.4239172339439392
ML162,GCLC,0.4239165782928467
ML162,PRKAA1,0.42391639947891235
ML162,PTEN,0.4239162504673004
ML162,CHEK1,0.4239135682582855
ML162,TERF1,0.4239121675491333
ML162,MAX,0.4239071011543274
ML162,EIF2A,0.42390480637550354
ML162,EMP1,0.42389020323753357
Physcion,TNF,0.4238860309123993
ML162,RPS6KB1,0.42388466000556946
Physcion,BLM,0.42387855052948
Physcion,IL1A,0.4238783121109009
Physcion,ATF4,0.42387670278549194
Physcion,RB1,0.42387664318084717
Physcion,SLC3A2,0.4238743782043457
ML162,BRCA1,0.4238726794719696
Physcion,XRCC6,0.4238719344139099
ML162,NBN,0.42387035489082336
Dihydroartemisinin,MDM2,0.42386606335639954
Physcion,MNT,0.4238598942756653
ML162,GMFB,0.42385828495025635
Physcion,STAT3,0.423856645822525
ML162,CCL2,0.4238545596599579
Physcion,PLIN2,0.4238506555557251
ML162,SELE,0.42383936047554016
RSL3,NR2F2,0.42383891344070435
Physcion,LPIN1,0.4238383173942566
Physcion,GABARAP,0.4238368272781372
Physcion,IL10,0.4238329231739044
ML162,SLC7A11,0.4238315224647522
ML162,CDK6,0.4238264262676239
Physcion,GSS,0.42381125688552856
Physcion,HSPA5,0.42380988597869873
Physcion,CCND1,0.42380958795547485
Physcion,HDAC3,0.42380568385124207
Physcion,CHEK2,0.42380490899086
ML162,TBX2,0.4238041937351227
ML162,ATM,0.42379996180534363
Physcion,GOT1,0.4237805902957916
ML162,ICAM1,0.4237789511680603
Physcion,STEAP3,0.4237770736217499
Physcion,PARP1,0.4237755537033081
Physcion,IL18,0.4237702786922455
Physcion,VDAC3,0.42376962304115295
ML162,MAP1LC3B,0.4237673580646515
ML162,TSC2,0.423766165971756
ML162,EIF2AK3,0.4237651228904724
ML162,COL3A1,0.42376065254211426
Physcion,DDIT3,0.42376065254211426
Physcion,HSP90AA1,0.4237573742866516
Physcion,SLC39A8,0.4237566292285919
Physcion,TIMP2,0.4237552583217621
Physcion,WRN,0.42375364899635315
Physcion,EP300,0.4237535297870636
Schisandrin B,NR2F2,0.42374804615974426
Physcion,IGFBP3,0.42373839020729065
ML162,NUAK2,0.423736035823822
Physcion,BECN1,0.42373064160346985
Physcion,TERF2,0.4237295985221863
Physcion,CREB1,0.4237169027328491
ML162,CCNA2,0.42371439933776855
Physcion,SESN2,0.42371416091918945
Physcion,XRCC5,0.4237126410007477
Physcion,MMP2,0.42371106147766113
Dihydroartemisinin,FOXO4,0.42370760440826416
Physcion,GABARAPL1,0.4237022399902344
ML162,PNPLA2,0.4237019121646881
Physcion,SERPINE1,0.4237014055252075
Physcion,CREBBP,0.4237009286880493
Physcion,ACSL4,0.423698753118515
Artemisinin,KLF6,0.423695832490921
Physcion,HERC2,0.42369580268859863
ML162,FOS,0.4236895740032196
Physcion,LIG4,0.42368564009666443
ML162,FTH1,0.4236840605735779
Physcion,MMP3,0.42367246747016907
Physcion,FANCD2,0.4236701428890228
Physcion,EBF3,0.4236675798892975
Physcion,RBM3,0.4236556887626648
Physcion,ATG5,0.4236491918563843
Physcion,FBXL5,0.4236491322517395
Physcion,CCNE1,0.42364874482154846
Physcion,AKT1,0.4236481487751007
Physcion,CDK2,0.4236462712287903
Dihydroartemisinin,MYC,0.4236378073692322
Physcion,HBP1,0.4236305356025696
Physcion,BNIP3,0.4236297905445099
Dihydroartemisinin,E2F2,0.4236202538013458
Dihydroartemisinin,CBS,0.4236200451850891
Physcion,PRNP,0.423618882894516
Physcion,FOXO1,0.4236079454421997
Artemisinin,LOX,0.4236010015010834
Physcion,TGFB1,0.4235922694206238
Physcion,TFAM,0.4235879182815552
Physcion,CHEK1,0.423585444688797
ML162,SIRT1,0.4235851764678955
Artemisinin,DUOX1,0.42357906699180603
Physcion,LPIN2,0.4235686659812927
Physcion,SLC40A1,0.4235665202140808
Physcion,CDKN2B,0.4235663414001465
Physcion,GCLC,0.4235641658306122
Physcion,PTEN,0.4235641360282898
Physcion,PRKAA1,0.4235600233078003
Physcion,JAK2,0.4235590696334839
Physcion,TERF1,0.4235590696334839
Physcion,BRCA1,0.42355361580848694
Physcion,EIF2A,0.4235522449016571
Physcion,MAX,0.4235500991344452
Physcion,EMP1,0.4235297441482544
Physcion,RPS6KB1,0.4235292375087738
Artemisinin,RGS4,0.4235277771949768
Physcion,NBN,0.42351236939430237
Physcion,GMFB,0.423505038022995
Physcion,CCL2,0.42349809408187866
Physcion,SLC7A11,0.4234868884086609
Physcion,SELE,0.4234845042228699
Physcion,CDK6,0.4234743118286133
Physcion,TBX2,0.42347365617752075
Dihydroartemisinin,HSPB1,0.4234726130962372
Physcion,ATM,0.4234670102596283
Dihydroartemisinin,TIMP1,0.4234539866447449
Artemisinin,MDM2,0.4234350025653839
Physcion,MAP1LC3B,0.4234258532524109
Physcion,ICAM1,0.42342379689216614
Physcion,EIF2AK3,0.42341601848602295
Physcion,CCNA2,0.42341503500938416
Dihydroartemisinin,MAP1LC3A,0.423412024974823
Physcion,TSC2,0.4234044849872589
Physcion,COL3A1,0.4233987331390381
Schisandrin B,LACTB,0.4233939051628113
ML162,RAD51,0.42338764667510986
Physcion,NUAK2,0.4233839511871338
RSL3,LACTB,0.4233624339103699
Dihydroartemisinin,CRYAB,0.42336058616638184
Dihydroartemisinin,PCNA,0.4233587384223938
Physcion,PNPLA2,0.42334985733032227
Dihydroartemisinin,MRE11,0.4233434796333313
Dihydroartemisinin,ADIPOQ,0.4233407974243164
Dihydroartemisinin,H2AX,0.42333918809890747
Dihydroartemisinin,MMP1,0.4233384132385254
Dihydroartemisinin,CXCL8,0.4233311414718628
Physcion,FOS,0.42333075404167175
Dihydroartemisinin,FTL,0.42332926392555237
Physcion,FTH1,0.42332884669303894
Dihydroartemisinin,MMP13,0.42332619428634644
Dihydroartemisinin,ABCC2,0.42332568764686584
Dihydroartemisinin,FABP5,0.42331963777542114
Dihydroartemisinin,HMGA1,0.42329585552215576
Dihydroartemisinin,CD82,0.42328524589538574
Physcion,SIRT1,0.42323341965675354
Dihydroartemisinin,TNFRSF1A,0.4232318699359894
Artemisinin,FOXO4,0.42319801449775696
Dihydroartemisinin,GCLM,0.4231731593608856
Dihydroartemisinin,RELA,0.4231478273868561
Schisandrin,DPP4,0.42314407229423523
Dihydroartemisinin,CDKN2A,0.42313694953918457
Artemisinin,E2F2,0.42312687635421753
Artemisinin,MYC,0.42312586307525635
Dihydroartemisinin,COL1A2,0.42311668395996094
Dihydroartemisinin,HDAC1,0.42310601472854614
Artemisinin,CBS,0.42310506105422974
Dihydroartemisinin,HDAC2,0.42310047149658203
Dihydroartemisinin,SQSTM1,0.4230998456478119
Dihydroartemisinin,FOXO3,0.4230973720550537
Dihydroartemisinin,COL1A1,0.42309555411338806
Dihydroartemisinin,BRCA2,0.4230932891368866
Dihydroartemisinin,NFKB1,0.42308953404426575
Dihydroartemisinin,LMNB1,0.42308124899864197
Dihydroartemisinin,MMP10,0.42306849360466003
Physcion,RAD51,0.4230576157569885
Dihydroartemisinin,CDK4,0.4230565130710602
Dihydroartemisinin,CDKN1B,0.4230552315711975
Dihydroartemisinin,PPARGC1A,0.42305418848991394
RSL3,RGS4,0.4230350852012634
Dihydroartemisinin,BNIP3L,0.4230350852012634
Dihydroartemisinin,BAP1,0.42303135991096497
Dihydroartemisinin,CDKN1A,0.42301008105278015
Dihydroartemisinin,VEGFA,0.4229893982410431
Artemisinin,HSPB1,0.4229889214038849
Schisandrin B,LOX,0.4229785203933716
Artemisinin,MAP1LC3A,0.4229722023010254
Artemisinin,CRYAB,0.4229710102081299
Dihydroartemisinin,PRKAA2,0.4229702353477478
Artemisinin,TIMP1,0.4229649603366852
Schisandrin B,DUOX1,0.4229568541049957
Artemisinin,MRE11,0.42295512557029724
Dihydroartemisinin,MMP9,0.4229546785354614
Artemisinin,ADIPOQ,0.42295199632644653
Artemisinin,H2AX,0.42295077443122864
Artemisinin,MMP1,0.4229498505592346
Dihydroartemisinin,FN1,0.4229487478733063
Dihydroartemisinin,STAT1,0.42294490337371826
Artemisinin,CXCL8,0.4229428470134735
Artemisinin,FTL,0.4229406416416168
Dihydroartemisinin,NCOA4,0.42294004559516907
Dihydroartemisinin,ATR,0.42293909192085266
RSL3,LOX,0.4229366183280945
Dihydroartemisinin,VCAM1,0.42292946577072144
Dihydroartemisinin,GPX4,0.422926664352417
RSL3,KLF6,0.42291608452796936
Dihydroartemisinin,BRD4,0.42291343212127686
Dihydroartemisinin,TP53,0.42290839552879333
RSL3,DUOX1,0.4228978753089905
Dihydroartemisinin,SLAMF8,0.4228796064853668
Dihydroartemisinin,MDM4,0.42287659645080566
Dihydroartemisinin,HMGA2,0.42287296056747437
Dihydroartemisinin,ATF2,0.42286115884780884
Artemisinin,PCNA,0.4228610396385193
Dihydroartemisinin,LIG3,0.4228602945804596
Dihydroartemisinin,SIRT6,0.422859251499176
Dihydroartemisinin,MMP12,0.4228566288948059
Schisandrin,NR2F2,0.4228518307209015
Artemisinin,CD82,0.42284801602363586
Dihydroartemisinin,VDAC2,0.4228467345237732
Dihydroartemisinin,HSPD1,0.42283084988594055
Dihydroartemisinin,CDO1,0.42282986640930176
Artemisinin,HMGA1,0.42282184958457947
Dihydroartemisinin,MAPK8,0.4228195548057556
Artemisinin,MMP13,0.4228091239929199
Artemisinin,ABCC2,0.42280665040016174
Artemisinin,FABP5,0.42280539870262146
Dihydroartemisinin,ATG7,0.42279329895973206
Dihydroartemisinin,XRCC1,0.42277804017066956
Dihydroartemisinin,CHAC1,0.42277565598487854
Dihydroartemisinin,NFE2L2,0.4227694272994995
Dihydroartemisinin,JUN,0.4227655231952667
Schisandrin B,KLF6,0.42276525497436523
Dihydroartemisinin,RAD50,0.4227643311023712
Dihydroartemisinin,CD38,0.42276307940483093
Dihydroartemisinin,GADD45B,0.4227601885795593
Dihydroartemisinin,ALOX5,0.42275819182395935
Dihydroartemisinin,GADD45A,0.4227571487426758
Dihydroartemisinin,MAPK3,0.4227546155452728
Dihydroartemisinin,PRKDC,0.4227529764175415
Dihydroartemisinin,TRIB3,0.4227510392665863
Dihydroartemisinin,ACSL3,0.422745019197464
Dihydroartemisinin,TSC1,0.42274415493011475
Dihydroartemisinin,CCNB1,0.42274293303489685
Dihydroartemisinin,SNAI1,0.422735333442688
Artemisinin,TNFRSF1A,0.4227350950241089
Schisandrin B,MDM2,0.4227346181869507
Dihydroartemisinin,MTOR,0.4227321147918701
Artemisinin,GCLM,0.4227144718170166
Dihydroartemisinin,IGFBP5,0.42270952463150024
RSL3,MDM2,0.4227076470851898
Dihydroartemisinin,TERT,0.42270427942276
Dihydroartemisinin,CSE1L,0.42269811034202576
RSL3,FOXO4,0.42267075181007385
Dihydroartemisinin,RB1,0.42266762256622314
Dihydroartemisinin,SLC3A2,0.422663152217865
Dihydroartemisinin,XRCC6,0.42265743017196655
Dihydroartemisinin,ATF4,0.4226553440093994
Artemisinin,RELA,0.4226538836956024
Dihydroartemisinin,BLM,0.4226522743701935
Dihydroartemisinin,MNT,0.4226445257663727
Dihydroartemisinin,STAT3,0.42263728380203247
Artemisinin,COL1A2,0.4226294159889221
Dihydroartemisinin,PLIN2,0.4226287603378296
Dihydroartemisinin,LPIN1,0.42262446880340576
Artemisinin,MMP10,0.42262426018714905
Dihydroartemisinin,GABARAP,0.4226215183734894
Artemisinin,CDKN2A,0.4226205050945282
Artemisinin,HDAC1,0.4226146340370178
Dihydroartemisinin,IL10,0.422613263130188
Artemisinin,NFKB1,0.4226038157939911
Artemisinin,HDAC2,0.4226020574569702
Artemisinin,SQSTM1,0.4226009249687195
RSL3,E2F2,0.42259925603866577
Artemisinin,COL1A1,0.42259877920150757
Artemisinin,BRCA2,0.42259663343429565
Dihydroartemisinin,IL1A,0.4225925803184509
Artemisinin,FOXO3,0.4225921034812927
Artemisinin,BAP1,0.42258912324905396
Dihydroartemisinin,HSPA5,0.42258840799331665
Dihydroartemisinin,CCND1,0.42258721590042114
RSL3,MYC,0.42258691787719727
Artemisinin,PPARGC1A,0.42258575558662415
Dihydroartemisinin,GSS,0.4225744307041168
Artemisinin,LMNB1,0.4225727915763855
Artemisinin,CDK4,0.4225708544254303
Dihydroartemisinin,TNF,0.4225696623325348
RSL3,CBS,0.42256951332092285
Dihydroartemisinin,HDAC3,0.42256906628608704
Dihydroartemisinin,CHEK2,0.4225674867630005
Artemisinin,BNIP3L,0.42256438732147217
Dihydroartemisinin,ALOX12,0.42256081104278564
Dihydroartemisinin,PARP1,0.42255833745002747
Dihydroartemisinin,STEAP3,0.42255699634552
Dihydroartemisinin,VDAC3,0.42255446314811707
Dihydroartemisinin,IL18,0.42255184054374695
Artemisinin,CDKN1B,0.42255163192749023
Dihydroartemisinin,DDIT3,0.42255064845085144
Dihydroartemisinin,TIMP2,0.42254045605659485
Dihydroartemisinin,GOT1,0.4225378632545471
Artemisinin,VEGFA,0.4225307106971741
Dihydroartemisinin,EP300,0.42253050208091736
Dihydroartemisinin,HSP90AA1,0.42253047227859497
Dihydroartemisinin,IGFBP3,0.4225280284881592
Dihydroartemisinin,BECN1,0.42251986265182495
Dihydroartemisinin,TERF2,0.4225149154663086
Artemisinin,CDKN1A,0.4225147068500519
Artemisinin,PRKAA2,0.42251157760620117
Artemisinin,STAT1,0.42250099778175354
Dihydroartemisinin,CREB1,0.422498881816864
Dihydroartemisinin,XRCC5,0.42249855399131775
Schisandrin,LACTB,0.4224911034107208
Dihydroartemisinin,MMP2,0.4224894046783447
Dihydroartemisinin,GABARAPL1,0.42248833179473877
Dihydroartemisinin,ACSL4,0.4224878251552582
Dihydroartemisinin,CREBBP,0.4224848449230194
Dihydroartemisinin,HERC2,0.42248445749282837
Dihydroartemisinin,SERPINE1,0.422481507062912
Artemisinin,MMP9,0.4224764406681061
Dihydroartemisinin,LIG4,0.42247384786605835
Artemisinin,VCAM1,0.42246729135513306
Dihydroartemisinin,FANCD2,0.42245614528656006
Artemisinin,NCOA4,0.422443687915802
Artemisinin,ATR,0.4224419891834259
Artemisinin,GPX4,0.4224412143230438
Dihydroartemisinin,SESN2,0.42243492603302
Dihydroartemisinin,FBXL5,0.4224330186843872
Artemisinin,FN1,0.4224328100681305
Dihydroartemisinin,AKT1,0.4224308431148529
Dihydroartemisinin,SLC39A8,0.4224304258823395
Artemisinin,TP53,0.4224269390106201
Dihydroartemisinin,ATG5,0.4224250912666321
Dihydroartemisinin,CCNE1,0.42242106795310974
Artemisinin,HMGA2,0.4224199652671814
Dihydroartemisinin,HBP1,0.4224177300930023
Artemisinin,MMP12,0.42241552472114563
Dihydroartemisinin,MMP3,0.42241525650024414
Artemisinin,SLAMF8,0.42241403460502625
Dihydroartemisinin,BNIP3,0.42241370677948
Artemisinin,BRD4,0.4224119484424591
Dihydroartemisinin,WRN,0.42240628600120544
Artemisinin,CDO1,0.42239952087402344
Artemisinin,MDM4,0.42239707708358765
Artemisinin,ATF2,0.42237588763237
Artemisinin,LIG3,0.42236772179603577
Dihydroartemisinin,CHEK1,0.4223652482032776
RSL3,TIMP1,0.4223603904247284
Artemisinin,SIRT6,0.4223576784133911
Dihydroartemisinin,CDK2,0.4223562180995941
Artemisinin,VDAC2,0.422354519367218
RSL3,HSPB1,0.42235222458839417
Dihydroartemisinin,LPIN2,0.42235028743743896
Dihydroartemisinin,PRNP,0.4223501980304718
Artemisinin,HSPD1,0.4223485291004181
Dihydroartemisinin,FOXO1,0.42234763503074646
Schisandrin B,CRYAB,0.422341912984848
Dihydroartemisinin,PTEN,0.4223410487174988
Dihydroartemisinin,GCLC,0.42233461141586304
Schisandrin B,MRE11,0.42233291268348694
Dihydroartemisinin,SLC40A1,0.4223310947418213
Schisandrin B,ADIPOQ,0.42233070731163025
Dihydroartemisinin,RBM3,0.4223288297653198
Schisandrin B,H2AX,0.4223285913467407
Dihydroartemisinin,BRCA1,0.42232847213745117
Artemisinin,CHAC1,0.4223279356956482
Dihydroartemisinin,EIF2A,0.4223266839981079
Schisandrin B,MMP1,0.4223259389400482
Dihydroartemisinin,CDKN2B,0.4223218262195587
Dihydroartemisinin,TERF1,0.4223213493824005
Schisandrin B,CXCL8,0.4223213493824005
Schisandrin B,FTL,0.42231684923171997
Artemisinin,ATG7,0.4223153293132782
Dihydroartemisinin,EBF3,0.4223126471042633
RSL3,CRYAB,0.4223114848136902
Artemisinin,MAPK8,0.4223099946975708
Schisandrin B,RGS4,0.42230767011642456
Artemisinin,XRCC1,0.42230528593063354
Artemisinin,NFE2L2,0.42230087518692017
Dihydroartemisinin,PRKAA1,0.4223004877567291
RSL3,MRE11,0.422299325466156
RSL3,ADIPOQ,0.4222957491874695
Artemisinin,JUN,0.4222956895828247
RSL3,ABCC2,0.42229554057121277
RSL3,H2AX,0.42229482531547546
RSL3,MMP1,0.42229312658309937
Artemisinin,GADD45B,0.4222906231880188
Dihydroartemisinin,JAK2,0.42228996753692627
RSL3,MMP13,0.42228981852531433
Dihydroartemisinin,TFAM,0.4222884476184845
Artemisinin,CD38,0.422288179397583
RSL3,CXCL8,0.42228707671165466
Artemisinin,ACSL3,0.42228642106056213
Dihydroartemisinin,MAX,0.42228469252586365
RSL3,FTL,0.4222842752933502
Artemisinin,ALOX5,0.4222818911075592
Artemisinin,MAPK3,0.4222811758518219
Dihydroartemisinin,RPS6KB1,0.42227667570114136
RSL3,FABP5,0.42227667570114136
Artemisinin,SNAI1,0.42227521538734436
Artemisinin,PRKDC,0.4222739040851593
Artemisinin,TSC1,0.42227381467819214
RSL3,PCNA,0.42227381467819214
Schisandrin B,CD82,0.42227137088775635
Artemisinin,GADD45A,0.42227068543434143
Dihydroartemisinin,SLC7A11,0.4222661852836609
Artemisinin,RAD50,0.42226549983024597
Dihydroartemisinin,GMFB,0.4222623407840729
Artemisinin,TRIB3,0.4222593605518341
Dihydroartemisinin,TBX2,0.42225295305252075
Artemisinin,MTOR,0.42225098609924316
Artemisinin,CCNB1,0.42224764823913574
Schisandrin B,FOXO4,0.4222472906112671
Dihydroartemisinin,EMP1,0.4222472012042999
Dihydroartemisinin,ATM,0.4222412705421448
Dihydroartemisinin,CCL2,0.4222409129142761
Dihydroartemisinin,NBN,0.42223918437957764
Dihydroartemisinin,CDK6,0.4222352206707001
Dihydroartemisinin,SELE,0.4222317337989807
Artemisinin,TERT,0.4222259521484375
Artemisinin,IGFBP5,0.42221975326538086
Artemisinin,CSE1L,0.4222070872783661
Dihydroartemisinin,TGFB1,0.42220252752304077
Dihydroartemisinin,MAP1LC3B,0.4221978187561035
Artemisinin,RB1,0.4221974015235901
Schisandrin B,MYC,0.42219698429107666
Artemisinin,XRCC6,0.42219454050064087
Artemisinin,SLC3A2,0.422191321849823
Dihydroartemisinin,CCNA2,0.42219051718711853
RSL3,MAP1LC3A,0.42218953371047974
Dihydroartemisinin,EIF2AK3,0.4221882224082947
Artemisinin,BLM,0.4221879541873932
RSL3,CD82,0.4221857488155365
Artemisinin,MNT,0.42218372225761414
Schisandrin B,CBS,0.4221835434436798
Schisandrin B,MAP1LC3A,0.42218291759490967
Artemisinin,ATF4,0.42218267917633057
Dihydroartemisinin,ICAM1,0.4221665561199188
Artemisinin,LPIN1,0.42216596007347107
Artemisinin,STAT3,0.42216551303863525
Artemisinin,GABARAP,0.4221605062484741
Artemisinin,PLIN2,0.4221552908420563
Artemisinin,IL10,0.4221547245979309
Dihydroartemisinin,NUAK2,0.4221494793891907
Artemisinin,IL1A,0.42214635014533997
Schisandrin B,E2F2,0.4221440553665161
Schisandrin,LOX,0.4221320152282715
Artemisinin,TNF,0.4221302270889282
Artemisinin,ALOX12,0.4221300184726715
RSL3,HMGA1,0.4221276342868805
Artemisinin,CCND1,0.4221065640449524
Schisandrin,DUOX1,0.4221058785915375
RSL3,COL1A2,0.4221023917198181
Artemisinin,HSPA5,0.4221019148826599
Artemisinin,PARP1,0.42209985852241516
Dihydroartemisinin,PNPLA2,0.4220964312553406
Artemisinin,VDAC3,0.42209592461586
Artemisinin,GSS,0.42209160327911377
Artemisinin,CHEK2,0.42209142446517944
Artemisinin,HDAC3,0.42209112644195557
Artemisinin,IL18,0.4220910966396332
RSL3,CDKN2A,0.42208749055862427
RSL3,TNFRSF1A,0.4220857322216034
Artemisinin,STEAP3,0.42208507657051086
Schisandrin B,HSPB1,0.4220825433731079
Artemisinin,GOT1,0.42208239436149597
Dihydroartemisinin,TSC2,0.4220820963382721
Artemisinin,DDIT3,0.42208200693130493
Artemisinin,TIMP2,0.42208194732666016
Dihydroartemisinin,COL3A1,0.4220768213272095
Artemisinin,HSP90AA1,0.4220723509788513
RSL3,PPARGC1A,0.4220690429210663
RSL3,COL1A1,0.4220614433288574
Artemisinin,IGFBP3,0.42206135392189026
Artemisinin,BECN1,0.4220612049102783
Dihydroartemisinin,FTH1,0.42205992341041565
RSL3,BRCA2,0.42205873131752014
Artemisinin,EP300,0.42205867171287537
Artemisinin,TERF2,0.4220559298992157
Schisandrin B,TIMP1,0.42204174399375916
Artemisinin,XRCC5,0.4220394492149353
Schisandrin,KLF6,0.42203792929649353
Artemisinin,CREB1,0.4220331609249115
Artemisinin,ACSL4,0.42202767729759216
Dihydroartemisinin,FOS,0.4220268726348877
Artemisinin,GABARAPL1,0.4220256507396698
Artemisinin,CREBBP,0.42202135920524597
Artemisinin,MMP2,0.4220210611820221
Artemisinin,SERPINE1,0.42202028632164
Artemisinin,HERC2,0.4220188856124878
Artemisinin,LIG4,0.42201146483421326
Artemisinin,FANCD2,0.4219931662082672
Artemisinin,SLC39A8,0.42198896408081055
Artemisinin,SESN2,0.42198559641838074
RSL3,RELA,0.4219778776168823
Artemisinin,AKT1,0.4219723641872406
Artemisinin,FBXL5,0.4219715893268585
RSL3,FOXO3,0.42196837067604065
Artemisinin,WRN,0.4219668507575989
Artemisinin,ATG5,0.42196327447891235
RSL3,HDAC2,0.4219627380371094
Artemisinin,CCNE1,0.42196184396743774
Artemisinin,MMP3,0.4219604730606079
RSL3,GCLM,0.42195916175842285
RSL3,SQSTM1,0.4219582676887512
Artemisinin,HBP1,0.4219556450843811
RSL3,LMNB1,0.4219534397125244
Schisandrin B,HMGA1,0.42195335030555725
Artemisinin,BNIP3,0.4219518005847931
Schisandrin B,PCNA,0.4219501316547394
RSL3,HDAC1,0.42193785309791565
Dihydroartemisinin,SIRT1,0.4219372868537903
Schisandrin,MDM2,0.4219234585762024
Artemisinin,CDK2,0.4219069480895996
Artemisinin,CHEK1,0.4219058156013489
RSL3,CDKN1B,0.4219057559967041
RSL3,NFKB1,0.42190274596214294
Artemisinin,PRNP,0.4218968152999878
Schisandrin B,TNFRSF1A,0.4218963086605072
Artemisinin,FOXO1,0.4218912422657013
Artemisinin,RBM3,0.4218912422657013
Schisandrin B,MMP13,0.42188993096351624
Schisandrin B,FABP5,0.42188841104507446
Artemisinin,LPIN2,0.4218881130218506
Schisandrin B,ABCC2,0.4218854308128357
Artemisinin,PTEN,0.42188072204589844
Artemisinin,GCLC,0.4218735992908478
Artemisinin,SLC40A1,0.42187029123306274
Artemisinin,EIF2A,0.42186591029167175
Artemisinin,BRCA1,0.42186588048934937
Schisandrin B,GCLM,0.42186567187309265
RSL3,CDK4,0.4218643605709076
RSL3,FN1,0.4218611717224121
Artemisinin,TERF1,0.42186030745506287
Artemisinin,CDKN2B,0.42186030745506287
Artemisinin,EBF3,0.4218447506427765
RSL3,MMP10,0.4218437969684601
Artemisinin,PRKAA1,0.4218430519104004
Schisandrin B,MMP10,0.4218417704105377
Artemisinin,TFAM,0.4218394458293915
Schisandrin B,RELA,0.4218376576900482
Artemisinin,JAK2,0.4218355715274811
Artemisinin,MAX,0.421826034784317
RSL3,CDKN1A,0.42181938886642456
RSL3,NCOA4,0.4218180477619171
Dihydroartemisinin,RAD51,0.4218164384365082
Artemisinin,RPS6KB1,0.42181631922721863
RSL3,BNIP3L,0.42180728912353516
RSL3,BAP1,0.4218067228794098
Artemisinin,SLC7A11,0.42180389165878296
RSL3,BRD4,0.4217999577522278
Schisandrin B,BNIP3L,0.4217974841594696
Artemisinin,GMFB,0.421796590089798
Schisandrin B,HDAC1,0.42179378867149353
Schisandrin B,NFKB1,0.4217926859855652
Schisandrin B,BAP1,0.421792596578598
Artemisinin,EMP1,0.42179057002067566
Artemisinin,TBX2,0.4217858910560608
Artemisinin,NBN,0.4217839539051056
Artemisinin,CCL2,0.4217820167541504
Artemisinin,ATM,0.421777606010437
Schisandrin B,CDO1,0.4217754006385803
RSL3,ATR,0.4217739999294281
Artemisinin,CDK6,0.4217739403247833
Artemisinin,SELE,0.4217730164527893
Schisandrin B,SQSTM1,0.42176690697669983
Schisandrin B,CDK4,0.4217663109302521
RSL3,VEGFA,0.4217647910118103
Schisandrin B,HDAC2,0.42176419496536255
Schisandrin B,FOXO3,0.42176368832588196
Artemisinin,TGFB1,0.4217601716518402
RSL3,PRKAA2,0.4217456579208374
RSL3,MMP9,0.4217436611652374
Schisandrin B,LMNB1,0.42174264788627625
RSL3,SIRT6,0.4217407703399658
RSL3,GPX4,0.4217391312122345
Schisandrin B,CDKN1B,0.42173823714256287
Artemisinin,MAP1LC3B,0.42172950506210327
RSL3,ATF2,0.42172762751579285
Artemisinin,CCNA2,0.42172709107398987
RSL3,LIG3,0.42172688245773315
Schisandrin B,CDKN2A,0.4217241704463959
Schisandrin B,VEGFA,0.42172306776046753
Schisandrin B,CDKN1A,0.4217226207256317
Schisandrin B,STAT1,0.4217207729816437
RSL3,STAT1,0.42172035574913025
Artemisinin,EIF2AK3,0.4217177927494049
Artemisinin,ICAM1,0.4217081367969513
RSL3,TP53,0.42170748114585876
RSL3,VCAM1,0.4217044711112976
Schisandrin B,PRKAA2,0.4217037260532379
RSL3,MAPK8,0.4216984510421753
RSL3,VDAC2,0.42169761657714844
RSL3,CDO1,0.4216941297054291
Schisandrin B,MMP9,0.4216858744621277
Schisandrin B,VCAM1,0.4216814935207367
Artemisinin,NUAK2,0.4216781258583069
Schisandrin B,MMP12,0.4216614067554474
Schisandrin B,COL1A2,0.4216596186161041
RSL3,HSPD1,0.4216538667678833
Schisandrin B,COL1A1,0.42165353894233704
RSL3,SLAMF8,0.42165279388427734
Schisandrin B,BRCA2,0.42165184020996094
RSL3,HMGA2,0.42164844274520874
RSL3,MDM4,0.42164722084999084
Schisandrin B,GPX4,0.4216429591178894
RSL3,MMP12,0.4216371774673462
Artemisinin,TSC2,0.42163410782814026
Schisandrin B,HMGA2,0.42163389921188354
Schisandrin B,TP53,0.4216330945491791
Schisandrin,CRYAB,0.42163190245628357
Schisandrin B,SLAMF8,0.42163169384002686
Schisandrin B,ATR,0.42162999510765076
Artemisinin,COL3A1,0.4216288626194
Schisandrin B,MDM4,0.42162826657295227
Artemisinin,PNPLA2,0.4216267466545105
Schisandrin,MRE11,0.42162609100341797
Schisandrin,H2AX,0.42162224650382996
Schisandrin,ADIPOQ,0.4216219186782837
Schisandrin,MMP1,0.42162004113197327
RSL3,RAD50,0.4216170012950897
Schisandrin,CXCL8,0.4216158986091614
Schisandrin,FTL,0.4216110110282898
RSL3,CCNB1,0.421608567237854
RSL3,GADD45A,0.42160025238990784
Schisandrin B,NCOA4,0.42159825563430786
RSL3,TRIB3,0.42159420251846313
Artemisinin,FTH1,0.4215935170650482
Schisandrin B,PPARGC1A,0.42158791422843933
RSL3,ATG7,0.42158299684524536
Schisandrin,RGS4,0.42158058285713196
RSL3,PRKDC,0.42157498002052307
Schisandrin B,FN1,0.4215744435787201
RSL3,CD38,0.42156732082366943
RSL3,IGFBP5,0.42156729102134705
Artemisinin,FOS,0.4215657711029053
Schisandrin B,BRD4,0.4215654134750366
Schisandrin B,CHAC1,0.4215542674064636
RSL3,XRCC1,0.4215516149997711
RSL3,MAPK3,0.42155131697654724
RSL3,CHAC1,0.4215511679649353
RSL3,MTOR,0.42155084013938904
RSL3,NFE2L2,0.4215449392795563
RSL3,CSE1L,0.4215407073497772
Schisandrin B,HSPD1,0.4215376675128937
RSL3,JUN,0.4215373992919922
Schisandrin B,VDAC2,0.4215366542339325
RSL3,TSC1,0.4215351343154907
RSL3,ALOX5,0.4215337634086609
Schisandrin B,LIG3,0.4215332567691803
Schisandrin B,ATG7,0.42153307795524597
Schisandrin B,ATF2,0.42153242230415344
RSL3,GADD45B,0.4215318262577057
Schisandrin B,XRCC1,0.42153090238571167
Schisandrin B,NFE2L2,0.421523779630661
Schisandrin B,SIRT6,0.42152097821235657
RSL3,ACSL3,0.4215205907821655
Schisandrin,FOXO4,0.4215202033519745
Schisandrin B,JUN,0.42151257395744324
RSL3,SNAI1,0.42150935530662537
Schisandrin B,GADD45B,0.4215087890625
Schisandrin B,ALOX5,0.42150211334228516
RSL3,TERT,0.42149513959884644
Schisandrin B,MAPK3,0.4214898347854614
Schisandrin B,CD38,0.42148908972740173
Schisandrin B,ACSL3,0.421488881111145
Schisandrin B,TSC1,0.42148298025131226
Schisandrin B,SNAI1,0.4214801490306854
Artemisinin,SIRT1,0.42147547006607056
Schisandrin B,MAPK8,0.4214736223220825
Schisandrin,MYC,0.42146989703178406
Schisandrin B,PRKDC,0.42146962881088257
Schisandrin,CD82,0.42146459221839905
Schisandrin B,GADD45A,0.42145800590515137
Schisandrin,CBS,0.4214564263820648
Schisandrin B,ALOX12,0.4214555025100708
Schisandrin B,RAD50,0.4214518964290619
Schisandrin B,MTOR,0.421448677778244
Schisandrin B,TRIB3,0.4214484691619873
Schisandrin,MAP1LC3A,0.4214462339878082
RSL3,ATF4,0.42144253849983215
RSL3,RB1,0.42144134640693665
RSL3,SLC3A2,0.4214388132095337
RSL3,XRCC6,0.42143309116363525
Schisandrin B,TERT,0.42142999172210693
RSL3,BLM,0.4214279353618622
RSL3,PLIN2,0.42142584919929504
Schisandrin B,CCNB1,0.4214209020137787
RSL3,MNT,0.4214201867580414
Schisandrin B,TNF,0.42142000794410706
Schisandrin B,RB1,0.42141780257225037
Schisandrin,E2F2,0.4214170575141907
RSL3,STAT3,0.4214114248752594
Schisandrin B,XRCC6,0.4214111864566803
RSL3,GSS,0.42140713334083557
Schisandrin B,SLC3A2,0.42140650749206543
Schisandrin B,MNT,0.4214015603065491
RSL3,LPIN1,0.42140015959739685
RSL3,ALOX12,0.42139917612075806
Schisandrin B,CSE1L,0.42139866948127747
Schisandrin B,IL1A,0.4213981628417969
RSL3,CCND1,0.42139777541160583
RSL3,GABARAP,0.4213971793651581
RSL3,HSPA5,0.4213963449001312
Schisandrin B,IGFBP5,0.4213954210281372
Schisandrin B,ATF4,0.4213940501213074
Schisandrin B,BLM,0.42139291763305664
Schisandrin B,LPIN1,0.4213898479938507
RSL3,IL10,0.42138901352882385
RSL3,HDAC3,0.42138350009918213
RSL3,CHEK2,0.4213833808898926
Schisandrin B,STAT3,0.42137834429740906
RSL3,TNF,0.42137402296066284
Schisandrin B,GABARAP,0.4213738739490509
Schisandrin B,IL10,0.4213722050189972
RSL3,IL1A,0.4213683605194092
Schisandrin B,PLIN2,0.4213656485080719
Schisandrin,HSPB1,0.42135557532310486
Artemisinin,RAD51,0.42134034633636475
RSL3,STEAP3,0.42133602499961853
RSL3,PARP1,0.42133405804634094
Schisandrin B,PARP1,0.4213321805000305
RSL3,VDAC3,0.42133021354675293
RSL3,IL18,0.4213275611400604
RSL3,DDIT3,0.42132458090782166
Schisandrin B,GOT1,0.42132312059402466
Schisandrin B,VDAC3,0.421319842338562
RSL3,TIMP2,0.4213162064552307
Schisandrin,TIMP1,0.4213147759437561
RSL3,GOT1,0.42131364345550537
Schisandrin B,CCND1,0.42131340503692627
RSL3,EP300,0.4213133454322815
Schisandrin B,HSP90AA1,0.4213102161884308
Schisandrin B,HSPA5,0.4213094115257263
Schisandrin B,TIMP2,0.42130714654922485
RSL3,HSP90AA1,0.42130622267723083
Schisandrin B,IL18,0.4213030934333801
RSL3,IGFBP3,0.42130187153816223
Schisandrin B,DDIT3,0.42130160331726074
RSL3,BECN1,0.4212956726551056
Schisandrin B,STEAP3,0.4212932884693146
RSL3,TERF2,0.4212902784347534
Schisandrin B,HDAC3,0.42128869891166687
Schisandrin B,CHEK2,0.42128828167915344
Schisandrin B,GSS,0.42128539085388184
Schisandrin B,IGFBP3,0.4212813377380371
Schisandrin B,BECN1,0.42127957940101624
Schisandrin B,TERF2,0.421278178691864
RSL3,CREB1,0.42127466201782227
RSL3,XRCC5,0.4212743043899536
Schisandrin B,EP300,0.42126500606536865
RSL3,ACSL4,0.4212619662284851
RSL3,MMP2,0.4212609529495239
RSL3,HERC2,0.421260267496109
Schisandrin B,ACSL4,0.42126017808914185
RSL3,GABARAPL1,0.42125993967056274
Schisandrin B,SLC39A8,0.42125752568244934
RSL3,SERPINE1,0.4212573170661926
RSL3,CREBBP,0.4212567210197449
Schisandrin B,XRCC5,0.42125341296195984
RSL3,LIG4,0.4212457537651062
Schisandrin B,CREB1,0.4212450683116913
Schisandrin B,WRN,0.42124441266059875
Schisandrin B,GABARAPL1,0.42124342918395996
Schisandrin B,CREBBP,0.42123544216156006
Schisandrin B,HERC2,0.4212353825569153
Schisandrin B,LIG4,0.4212321639060974
Schisandrin B,SERPINE1,0.4212321639060974
Schisandrin B,MMP2,0.42123159766197205
RSL3,FANCD2,0.42123132944107056
Schisandrin,HMGA1,0.4212263822555542
RSL3,SLC39A8,0.4212232232093811
Schisandrin,PCNA,0.42122313380241394
Schisandrin B,SESN2,0.42121466994285583
Schisandrin B,RBM3,0.4212134778499603
RSL3,SESN2,0.42121073603630066
Schisandrin B,FANCD2,0.421207994222641
RSL3,AKT1,0.4212067127227783
RSL3,WRN,0.42120587825775146
RSL3,FBXL5,0.42120587825775146
RSL3,ATG5,0.42119765281677246
RSL3,CCNE1,0.4211961328983307
Schisandrin B,ATG5,0.421195387840271
RSL3,MMP3,0.42119115591049194
RSL3,HBP1,0.42118996381759644
Schisandrin B,AKT1,0.4211887717247009
Schisandrin B,MMP3,0.4211876690387726
Schisandrin B,FBXL5,0.4211869239807129
RSL3,BNIP3,0.4211861491203308
Schisandrin B,HBP1,0.4211776852607727
Schisandrin B,BNIP3,0.4211728274822235
Schisandrin B,CCNE1,0.42117032408714294
Schisandrin,TNFRSF1A,0.42116937041282654
Schisandrin,MMP13,0.42116299271583557
Schisandrin,FABP5,0.4211614429950714
Schisandrin,ABCC2,0.42115849256515503
RSL3,RBM3,0.4211525022983551
Schisandrin B,CDK2,0.4211522042751312
RSL3,CHEK1,0.42114022374153137
Schisandrin B,PRNP,0.4211394190788269
Schisandrin,GCLM,0.4211387634277344
Schisandrin B,FOXO1,0.42113253474235535
RSL3,CDK2,0.4211321473121643
Schisandrin B,CHEK1,0.42112889885902405
Schisandrin,MMP10,0.4211271107196808
RSL3,PRNP,0.4211260676383972
RSL3,FOXO1,0.4211224615573883
RSL3,LPIN2,0.4211224615573883
Schisandrin B,LPIN2,0.42111578583717346
RSL3,PTEN,0.42111510038375854
Schisandrin,RELA,0.42111071944236755
Schisandrin B,PTEN,0.4211105406284332
RSL3,GCLC,0.4211079776287079
Schisandrin B,GCLC,0.42110565304756165
RSL3,SLC40A1,0.42110463976860046
Schisandrin B,SLC40A1,0.4211040735244751
RSL3,EIF2A,0.42110031843185425
RSL3,BRCA1,0.4211002290248871
Schisandrin B,CDKN2B,0.4210975170135498
Schisandrin B,EIF2A,0.4210975170135498
RSL3,TERF1,0.42109474539756775
RSL3,CDKN2B,0.421094685792923
Schisandrin B,TERF1,0.42109447717666626
Schisandrin,BAP1,0.4210931360721588
Schisandrin B,TFAM,0.4210861921310425
Schisandrin B,PRKAA1,0.4210823178291321
Schisandrin B,TGFB1,0.4210820496082306
Schisandrin B,BRCA1,0.4210810363292694
Schisandrin B,JAK2,0.4210767149925232
RSL3,PRKAA1,0.42107537388801575
Schisandrin,BNIP3L,0.4210706353187561
Schisandrin,HDAC1,0.42106691002845764
Schisandrin B,MAX,0.4210659861564636
RSL3,JAK2,0.42106589674949646
Schisandrin,NFKB1,0.4210658073425293
RSL3,TFAM,0.4210643768310547
RSL3,EBF3,0.42106175422668457
Schisandrin B,EBF3,0.42105963826179504
RSL3,MAX,0.42105749249458313
Schisandrin B,RPS6KB1,0.4210544526576996
RSL3,RPS6KB1,0.4210502505302429
Schisandrin,CDO1,0.42104586958885193
Schisandrin,SQSTM1,0.42104002833366394
Schisandrin,CDK4,0.4210394322872162
RSL3,SLC7A11,0.42103835940361023
Schisandrin,HDAC2,0.42103731632232666
Schisandrin,FOXO3,0.4210367798805237
Schisandrin B,EMP1,0.4210345447063446
RSL3,GMFB,0.42103099822998047
Schisandrin B,GMFB,0.4210309088230133
Schisandrin B,SLC7A11,0.42102769017219543
Schisandrin B,NBN,0.4210250675678253
RSL3,TGFB1,0.4210231304168701
Schisandrin B,CCL2,0.4210212826728821
RSL3,TBX2,0.4210203289985657
RSL3,EMP1,0.421019583940506
Schisandrin,STAT1,0.42101866006851196
Schisandrin,LMNB1,0.42101582884788513
RSL3,CCL2,0.42101573944091797
RSL3,NBN,0.421014666557312
RSL3,ATM,0.4210119843482971
Schisandrin,CDKN1B,0.42101138830184937
Schisandrin B,SELE,0.42100998759269714
RSL3,CDK6,0.421008437871933
RSL3,SELE,0.4210074841976166
Schisandrin B,CDK6,0.42100319266319275
Schisandrin B,TBX2,0.42100149393081665
Schisandrin,CDKN2A,0.42099735140800476
Schisandrin,VEGFA,0.42099621891975403
Schisandrin,CDKN1A,0.4209958016872406
Schisandrin B,ATM,0.42099037766456604
Schisandrin,PRKAA2,0.420976847410202
Schisandrin,MMP12,0.4209696352481842
RSL3,CCNA2,0.4209665358066559
RSL3,MAP1LC3B,0.42096394300460815
Schisandrin,VCAM1,0.4209633767604828
Schisandrin,MMP9,0.42095908522605896
RSL3,EIF2AK3,0.4209522306919098
Schisandrin B,MAP1LC3B,0.42094698548316956
Schisandrin B,ICAM1,0.42094576358795166
RSL3,ICAM1,0.42094260454177856
Schisandrin B,EIF2AK3,0.42093807458877563
Schisandrin B,CCNA2,0.42093753814697266
Schisandrin,COL1A2,0.420932799577713
Schisandrin,COL1A1,0.4209267199039459
Schisandrin,BRCA2,0.4209250211715698
Schisandrin,HMGA2,0.4209197759628296
Schisandrin,SLAMF8,0.4209195375442505
Schisandrin,GPX4,0.4209161400794983
RSL3,NUAK2,0.42091256380081177
Schisandrin,MDM4,0.42091116309165955
Schisandrin,TP53,0.42090627551078796
Schisandrin B,NUAK2,0.4209035634994507
Schisandrin,ATR,0.42090317606925964
Schisandrin B,TSC2,0.42087939381599426
Schisandrin B,COL3A1,0.42087432742118835
Schisandrin,NCOA4,0.42087146639823914
Schisandrin,CHAC1,0.420868843793869
RSL3,PNPLA2,0.42086121439933777
Schisandrin,PPARGC1A,0.420861154794693
RSL3,TSC2,0.42085808515548706
Schisandrin B,PNPLA2,0.4208538830280304
RSL3,COL3A1,0.4208529591560364
Schisandrin,FN1,0.42084765434265137
Schisandrin,BRD4,0.4208386242389679
Schisandrin B,FTH1,0.42083075642585754
Schisandrin,XRCC1,0.4208291471004486
RSL3,FTH1,0.4208279550075531
Schisandrin,HSPD1,0.42081090807914734
Schisandrin,VDAC2,0.42080989480018616
Schisandrin B,FOS,0.4208081364631653
Schisandrin,ATG7,0.4208068549633026
Schisandrin,LIG3,0.42080652713775635
Schisandrin,ATF2,0.4208056330680847
Schisandrin,JUN,0.4208047389984131
Schisandrin,NFE2L2,0.4208042323589325
Schisandrin,GADD45B,0.42080363631248474
RSL3,FOS,0.4207955300807953
Schisandrin,SIRT6,0.420794278383255
Schisandrin,ALOX12,0.4207909405231476
Schisandrin,ALOX5,0.42078474164009094
Schisandrin,MAPK3,0.42076313495635986
Schisandrin,CD38,0.4207623600959778
Schisandrin,ACSL3,0.4207621216773987
Schisandrin,TSC1,0.4207562506198883
Schisandrin,SNAI1,0.4207534193992615
Schisandrin,TNF,0.4207504689693451
Schisandrin,MAPK8,0.42074692249298096
Schisandrin,PRKDC,0.4207428991794586
Schisandrin,IL1A,0.4207417964935303
Schisandrin,GADD45A,0.4207313060760498
Schisandrin,RAD50,0.4207251965999603
Schisandrin,MTOR,0.4207219183444977
Schisandrin,TRIB3,0.42072176933288574
Schisandrin,RB1,0.4207174479961395
Schisandrin,XRCC6,0.42071205377578735
Schisandrin B,SIRT1,0.42070984840393066
RSL3,SIRT1,0.42070892453193665
Schisandrin,TERT,0.4207085967063904
Schisandrin,LPIN1,0.4207049608230591
Schisandrin,MNT,0.4207041263580322
Schisandrin,SLC3A2,0.4206995666027069
Schisandrin,CCNB1,0.42069417238235474
Schisandrin,IL10,0.42068666219711304
Schisandrin,GABARAP,0.42068183422088623
Schisandrin,BLM,0.42067745327949524
Schisandrin,ATF4,0.42067474126815796
Schisandrin,CSE1L,0.4206719696521759
Schisandrin,GOT1,0.42066898941993713
Schisandrin,IGFBP5,0.42066869139671326
Schisandrin,STAT3,0.42066529393196106
Schisandrin,PARP1,0.42066505551338196
Schisandrin,VDAC3,0.42064589262008667
Schisandrin,HSP90AA1,0.42064565420150757
Schisandrin,PLIN2,0.4206439256668091
Schisandrin,TIMP2,0.42063331604003906
Schisandrin,SLC39A8,0.42061275243759155
Schisandrin,DDIT3,0.420612096786499
Schisandrin,IL18,0.4206114709377289
Schisandrin,BECN1,0.4206058979034424
Schisandrin,WRN,0.4206050634384155
Schisandrin,TERF2,0.42060422897338867
Schisandrin,IGFBP3,0.4205969572067261
Schisandrin,CCND1,0.4205953776836395
Schisandrin,ACSL4,0.4205934703350067
Schisandrin,HSPA5,0.42059263586997986
Schisandrin,STEAP3,0.4205886125564575
RSL3,RAD51,0.4205761253833771
Schisandrin,XRCC5,0.42057445645332336
Schisandrin,GABARAPL1,0.42056581377983093
Schisandrin,HDAC3,0.4205651581287384
Schisandrin,RBM3,0.42056500911712646
Schisandrin,CHEK2,0.4205644130706787
Schisandrin,SESN2,0.42056411504745483
Schisandrin,EP300,0.4205596148967743
Schisandrin,GSS,0.42055875062942505
Schisandrin,LIG4,0.42055779695510864
Schisandrin,CREBBP,0.42055660486221313
Schisandrin,CREB1,0.4205523431301117
Schisandrin,HERC2,0.4205513298511505
Schisandrin B,RAD51,0.42054787278175354
Schisandrin,SERPINE1,0.42054662108421326
Schisandrin,ATG5,0.42054635286331177
Schisandrin,MMP2,0.42054155468940735
Schisandrin,FANCD2,0.4205344617366791
Schisandrin,MMP3,0.4205318093299866
Schisandrin,CDK2,0.4205261766910553
Schisandrin,AKT1,0.4205153286457062
Schisandrin,FBXL5,0.4205152094364166
Schisandrin,HBP1,0.4205140769481659
Schisandrin,BNIP3,0.4205048680305481
Schisandrin,PRNP,0.42050260305404663
Schisandrin,FOXO1,0.42049357295036316
Schisandrin,CCNE1,0.4204920530319214
Schisandrin,TFAM,0.42046600580215454
Schisandrin,CHEK1,0.4204619228839874
Schisandrin,LPIN2,0.42046043276786804
Schisandrin,EBF3,0.420459508895874
Schisandrin,TGFB1,0.42045897245407104
Schisandrin,GCLC,0.42045706510543823
Schisandrin,SLC40A1,0.42045655846595764
Schisandrin,PTEN,0.4204555153846741
Schisandrin,CDKN2B,0.420454204082489
Schisandrin,TERF1,0.4204481244087219
Schisandrin,EIF2A,0.4204474687576294
Schisandrin,PRKAA1,0.42044493556022644
Schisandrin,JAK2,0.4204431176185608
Schisandrin,MAX,0.42043229937553406
Schisandrin,EMP1,0.42041662335395813
Schisandrin,RPS6KB1,0.42041635513305664
Schisandrin,BRCA1,0.42041581869125366
Schisandrin,NBN,0.42039841413497925
Schisandrin,GMFB,0.42039352655410767
Schisandrin,CCL2,0.4203903079032898
Schisandrin,SELE,0.42037951946258545
Schisandrin,SLC7A11,0.42037835717201233
Schisandrin,CDK6,0.42036664485931396
Schisandrin,TBX2,0.42035096883773804
Schisandrin,ATM,0.4203417897224426
Schisandrin,ICAM1,0.42031875252723694
Schisandrin,MAP1LC3B,0.42030489444732666
Schisandrin,EIF2AK3,0.4203002452850342
Schisandrin,CCNA2,0.42027953267097473
Schisandrin,TSC2,0.42027735710144043
Schisandrin,NUAK2,0.4202747046947479
Schisandrin,COL3A1,0.42027246952056885
Schisandrin,PNPLA2,0.4202372431755066
Schisandrin,FTH1,0.42021897435188293
Schisandrin,FOS,0.42021694779396057
Schisandrin,SIRT1,0.42012307047843933
Schisandrin,RAD51,0.4199458360671997
